{
"type": "FeatureCollection",
"name": "drainage",
"crs": { "type": "name", "properties": { "name": "urn:ogc:def:crs:EPSG::32643" } },
"features": [
{ "type": "Feature", "properties": { "drain_id": "RN_DRAIN_00001", "source_type": "dem_inferred_surface_flow", "is_inferred": true, "acc_cells": 14034, "upstream_area_m2": 12630771.59809088, "length_m": 22.2 }, "geometry": { "type": "LineString", "coordinates": [ [ 377417.790579124644864, 2046921.902720903046429 ], [ 377433.486670567304827, 2046937.598812345648184 ] ] } },
{ "type": "Feature", "properties": { "drain_id": "RN_DRAIN_00002", "source_type": "dem_inferred_surface_flow", "is_inferred": true, "acc_cells": 2823, "upstream_area_m2": 2540856.0126552139, "length_m": 15.6 }, "geometry": { "type": "LineString", "coordinates": [ [ 377447.790579124644864, 2046921.902720903046429 ], [ 377447.790579124644864, 2046937.506965259555727 ] ] } },
{ "type": "Feature", "properties": { "drain_id": "RN_DRAIN_00003", "source_type": "dem_inferred_surface_flow", "is_inferred": true, "acc_cells": 862, "upstream_area_m2": 775356.00933217956, "length_m": 21.94 }, "geometry": { "type": "LineString", "coordinates": [ [ 377477.790579124644864, 2046921.902720903046429 ], [ 377462.279368999239523, 2046937.413931028451771 ] ] } },
{ "type": "Feature", "properties": { "drain_id": "RN_DRAIN_00004", "source_type": "dem_inferred_surface_flow", "is_inferred": true, "acc_cells": 58, "upstream_area_m2": 52524.76873699508, "length_m": 20.02 }, "geometry": { "type": "LineString", "coordinates": [ [ 377687.790579124644864, 2046921.902720903046429 ], [ 377673.636518216924742, 2046936.056781810708344 ] ] } },
{ "type": "Feature", "properties": { "drain_id": "RN_DRAIN_00005", "source_type": "dem_inferred_surface_flow", "is_inferred": true, "acc_cells": 141, "upstream_area_m2": 126602.46189229836, "length_m": 12.71 }, "geometry": { "type": "LineString", "coordinates": [ [ 377897.790579124644864, 2046921.902720903046429 ], [ 377897.790579124644864, 2046934.617462111636996 ] ] } },
{ "type": "Feature", "properties": { "drain_id": "RN_DRAIN_00006", "source_type": "dem_inferred_surface_flow", "is_inferred": true, "acc_cells": 276, "upstream_area_m2": 248343.05168967068, "length_m": 17.82 }, "geometry": { "type": "LineString", "coordinates": [ [ 377927.790579124644864, 2046921.902720903046429 ], [ 377915.187545894295909, 2046934.505754133453593 ] ] } },
{ "type": "Feature", "properties": { "drain_id": "RN_DRAIN_00007", "source_type": "dem_inferred_surface_flow", "is_inferred": true, "acc_cells": 12140, "upstream_area_m2": 10926295.539164286, "length_m": 42.43 }, "geometry": { "type": "LineString", "coordinates": [ [ 377387.790579124644864, 2046891.902720903046429 ], [ 377417.790579124644864, 2046921.902720903046429 ] ] } },
{ "type": "Feature", "properties": { "drain_id": "RN_DRAIN_00008", "source_type": "dem_inferred_surface_flow", "is_inferred": true, "acc_cells": 3878, "upstream_area_m2": 3490154.4307673187, "length_m": 30.0 }, "geometry": { "type": "LineString", "coordinates": [ [ 377417.790579124644864, 2046891.902720903046429 ], [ 377417.790579124644864, 2046921.902720903046429 ] ] } },
{ "type": "Feature", "properties": { "drain_id": "RN_DRAIN_00009", "source_type": "dem_inferred_surface_flow", "is_inferred": true, "acc_cells": 1660, "upstream_area_m2": 1494005.4745660245, "length_m": 42.43 }, "geometry": { "type": "LineString", "coordinates": [ [ 377447.790579124644864, 2046891.902720903046429 ], [ 377417.790579124644864, 2046921.902720903046429 ] ] } },
{ "type": "Feature", "properties": { "drain_id": "RN_DRAIN_00010", "source_type": "dem_inferred_surface_flow", "is_inferred": true, "acc_cells": 57, "upstream_area_m2": 51246.741649074596, "length_m": 42.43 }, "geometry": { "type": "LineString", "coordinates": [ [ 377717.790579124644864, 2046891.902720903046429 ], [ 377687.790579124644864, 2046921.902720903046429 ] ] } },
{ "type": "Feature", "properties": { "drain_id": "RN_DRAIN_00011", "source_type": "dem_inferred_surface_flow", "is_inferred": true, "acc_cells": 408, "upstream_area_m2": 367365.21148393559, "length_m": 30.0 }, "geometry": { "type": "LineString", "coordinates": [ [ 377927.790579124644864, 2046891.902720903046429 ], [ 377927.790579124644864, 2046921.902720903046429 ] ] } },
{ "type": "Feature", "properties": { "drain_id": "RN_DRAIN_00012", "source_type": "dem_inferred_surface_flow", "is_inferred": true, "acc_cells": 9902, "upstream_area_m2": 8911575.1558690649, "length_m": 42.43 }, "geometry": { "type": "LineString", "coordinates": [ [ 377357.790579124644864, 2046861.902720903046429 ], [ 377387.790579124644864, 2046891.902720903046429 ] ] } },
{ "type": "Feature", "properties": { "drain_id": "RN_DRAIN_00013", "source_type": "dem_inferred_surface_flow", "is_inferred": true, "acc_cells": 4509, "upstream_area_m2": 4057724.2481993246, "length_m": 30.0 }, "geometry": { "type": "LineString", "coordinates": [ [ 377387.790579124644864, 2046861.902720903046429 ], [ 377387.790579124644864, 2046891.902720903046429 ] ] } },
{ "type": "Feature", "properties": { "drain_id": "RN_DRAIN_00014", "source_type": "dem_inferred_surface_flow", "is_inferred": true, "acc_cells": 3237, "upstream_area_m2": 2912925.6385122505, "length_m": 42.43 }, "geometry": { "type": "LineString", "coordinates": [ [ 377417.790579124644864, 2046861.902720903046429 ], [ 377387.790579124644864, 2046891.902720903046429 ] ] } },
{ "type": "Feature", "properties": { "drain_id": "RN_DRAIN_00015", "source_type": "dem_inferred_surface_flow", "is_inferred": true, "acc_cells": 54, "upstream_area_m2": 49035.978272532113, "length_m": 30.0 }, "geometry": { "type": "LineString", "coordinates": [ [ 377717.790579124644864, 2046861.902720903046429 ], [ 377717.790579124644864, 2046891.902720903046429 ] ] } },
{ "type": "Feature", "properties": { "drain_id": "RN_DRAIN_00016", "source_type": "dem_inferred_surface_flow", "is_inferred": true, "acc_cells": 406, "upstream_area_m2": 365214.17530005716, "length_m": 42.43 }, "geometry": { "type": "LineString", "coordinates": [ [ 377957.790579124644864, 2046861.902720903046429 ], [ 377927.790579124644864, 2046891.902720903046429 ] ] } },
{ "type": "Feature", "properties": { "drain_id": "RN_DRAIN_00017", "source_type": "dem_inferred_surface_flow", "is_inferred": true, "acc_cells": 257, "upstream_area_m2": 230977.12814013162, "length_m": 30.0 }, "geometry": { "type": "LineString", "coordinates": [ [ 377987.790579124644864, 2046861.902720903046429 ], [ 377957.790579124644864, 2046861.902720903046429 ] ] } },
{ "type": "Feature", "properties": { "drain_id": "RN_DRAIN_00018", "source_type": "dem_inferred_surface_flow", "is_inferred": true, "acc_cells": 278, "upstream_area_m2": 250298.00508290611, "length_m": 30.0 }, "geometry": { "type": "LineString", "coordinates": [ [ 378017.790579124644864, 2046861.902720903046429 ], [ 377987.790579124644864, 2046861.902720903046429 ] ] } },
{ "type": "Feature", "properties": { "drain_id": "RN_DRAIN_00019", "source_type": "dem_inferred_surface_flow", "is_inferred": true, "acc_cells": 273, "upstream_area_m2": 245776.2178143753, "length_m": 30.0 }, "geometry": { "type": "LineString", "coordinates": [ [ 378047.790579124644864, 2046861.902720903046429 ], [ 378017.790579124644864, 2046861.902720903046429 ] ] } },
{ "type": "Feature", "properties": { "drain_id": "RN_DRAIN_00020", "source_type": "dem_inferred_surface_flow", "is_inferred": true, "acc_cells": 271, "upstream_area_m2": 243867.24431333534, "length_m": 30.0 }, "geometry": { "type": "LineString", "coordinates": [ [ 378077.790579124644864, 2046861.902720903046429 ], [ 378047.790579124644864, 2046861.902720903046429 ] ] } },
{ "type": "Feature", "properties": { "drain_id": "RN_DRAIN_00021", "source_type": "dem_inferred_surface_flow", "is_inferred": true, "acc_cells": 264, "upstream_area_m2": 237652.63691506328, "length_m": 30.0 }, "geometry": { "type": "LineString", "coordinates": [ [ 378107.790579124644864, 2046861.902720903046429 ], [ 378077.790579124644864, 2046861.902720903046429 ] ] } },
{ "type": "Feature", "properties": { "drain_id": "RN_DRAIN_00022", "source_type": "dem_inferred_surface_flow", "is_inferred": true, "acc_cells": 262, "upstream_area_m2": 235622.13251119491, "length_m": 30.0 }, "geometry": { "type": "LineString", "coordinates": [ [ 378137.790579124644864, 2046861.902720903046429 ], [ 378107.790579124644864, 2046861.902720903046429 ] ] } },
{ "type": "Feature", "properties": { "drain_id": "RN_DRAIN_00023", "source_type": "dem_inferred_surface_flow", "is_inferred": true, "acc_cells": 257, "upstream_area_m2": 231326.17564929408, "length_m": 13.26 }, "geometry": { "type": "LineString", "coordinates": [ [ 378151.047914551571012, 2046861.902720903046429 ], [ 378137.790579124644864, 2046861.902720903046429 ] ] } },
{ "type": "Feature", "properties": { "drain_id": "RN_DRAIN_00024", "source_type": "dem_inferred_surface_flow", "is_inferred": true, "acc_cells": 8410, "upstream_area_m2": 7568821.8419728009, "length_m": 42.43 }, "geometry": { "type": "LineString", "coordinates": [ [ 377327.790579124644864, 2046831.902720903046429 ], [ 377357.790579124644864, 2046861.902720903046429 ] ] } },
{ "type": "Feature", "properties": { "drain_id": "RN_DRAIN_00025", "source_type": "dem_inferred_surface_flow", "is_inferred": true, "acc_cells": 2989, "upstream_area_m2": 2690256.1975723347, "length_m": 30.0 }, "geometry": { "type": "LineString", "coordinates": [ [ 377357.790579124644864, 2046831.902720903046429 ], [ 377357.790579124644864, 2046861.902720903046429 ] ] } },
{ "type": "Feature", "properties": { "drain_id": "RN_DRAIN_00026", "source_type": "dem_inferred_surface_flow", "is_inferred": true, "acc_cells": 6022, "upstream_area_m2": 5420166.0069851521, "length_m": 42.43 }, "geometry": { "type": "LineString", "coordinates": [ [ 377387.790579124644864, 2046831.902720903046429 ], [ 377357.790579124644864, 2046861.902720903046429 ] ] } },
{ "type": "Feature", "properties": { "drain_id": "RN_DRAIN_00027", "source_type": "dem_inferred_surface_flow", "is_inferred": true, "acc_cells": 257, "upstream_area_m2": 230970.61243915703, "length_m": 30.0 }, "geometry": { "type": "LineString", "coordinates": [ [ 377417.790579124644864, 2046831.902720903046429 ], [ 377387.790579124644864, 2046831.902720903046429 ] ] } },
{ "type": "Feature", "properties": { "drain_id": "RN_DRAIN_00028", "source_type": "dem_inferred_surface_flow", "is_inferred": true, "acc_cells": 52, "upstream_area_m2": 47062.471586786676, "length_m": 30.0 }, "geometry": { "type": "LineString", "coordinates": [ [ 377717.790579124644864, 2046831.902720903046429 ], [ 377717.790579124644864, 2046861.902720903046429 ] ] } },
{ "type": "Feature", "properties": { "drain_id": "RN_DRAIN_00029", "source_type": "dem_inferred_surface_flow", "is_inferred": true, "acc_cells": 136, "upstream_area_m2": 122071.55963048931, "length_m": 42.43 }, "geometry": { "type": "LineString", "coordinates": [ [ 377987.790579124644864, 2046831.902720903046429 ], [ 377957.790579124644864, 2046861.902720903046429 ] ] } },
{ "type": "Feature", "properties": { "drain_id": "RN_DRAIN_00030", "source_type": "dem_inferred_surface_flow", "is_inferred": true, "acc_cells": 6576, "upstream_area_m2": 5918000.4270120906, "length_m": 42.43 }, "geometry": { "type": "LineString", "coordinates": [ [ 377297.790579124644864, 2046801.902720903046429 ], [ 377327.790579124644864, 2046831.902720903046429 ] ] } },
{ "type": "Feature", "properties": { "drain_id": "RN_DRAIN_00031", "source_type": "dem_inferred_surface_flow", "is_inferred": true, "acc_cells": 3684, "upstream_area_m2": 3315582.9366752091, "length_m": 30.0 }, "geometry": { "type": "LineString", "coordinates": [ [ 377327.790579124644864, 2046801.902720903046429 ], [ 377327.790579124644864, 2046831.902720903046429 ] ] } },
{ "type": "Feature", "properties": { "drain_id": "RN_DRAIN_00032", "source_type": "dem_inferred_surface_flow", "is_inferred": true, "acc_cells": 1613, "upstream_area_m2": 1451360.2234775345, "length_m": 42.43 }, "geometry": { "type": "LineString", "coordinates": [ [ 377357.790579124644864, 2046801.902720903046429 ], [ 377327.790579124644864, 2046831.902720903046429 ] ] } },
{ "type": "Feature", "properties": { "drain_id": "RN_DRAIN_00033", "source_type": "dem_inferred_surface_flow", "is_inferred": true, "acc_cells": 5320, "upstream_area_m2": 4787913.0998876691, "length_m": 30.0 }, "geometry": { "type": "LineString", "coordinates": [ [ 377387.790579124644864, 2046801.902720903046429 ], [ 377387.790579124644864, 2046831.902720903046429 ] ] } },
{ "type": "Feature", "properties": { "drain_id": "RN_DRAIN_00034", "source_type": "dem_inferred_surface_flow", "is_inferred": true, "acc_cells": 1193, "upstream_area_m2": 1073723.4343396684, "length_m": 42.43 }, "geometry": { "type": "LineString", "coordinates": [ [ 377417.790579124644864, 2046801.902720903046429 ], [ 377387.790579124644864, 2046831.902720903046429 ] ] } },
{ "type": "Feature", "properties": { "drain_id": "RN_DRAIN_00035", "source_type": "dem_inferred_surface_flow", "is_inferred": true, "acc_cells": 40, "upstream_area_m2": 36161.506010378347, "length_m": 42.43 }, "geometry": { "type": "LineString", "coordinates": [ [ 377747.790579124644864, 2046801.902720903046429 ], [ 377717.790579124644864, 2046831.902720903046429 ] ] } },
{ "type": "Feature", "properties": { "drain_id": "RN_DRAIN_00036", "source_type": "dem_inferred_surface_flow", "is_inferred": true, "acc_cells": 104, "upstream_area_m2": 94039.358746274083, "length_m": 30.0 }, "geometry": { "type": "LineString", "coordinates": [ [ 377987.790579124644864, 2046801.902720903046429 ], [ 377987.790579124644864, 2046831.902720903046429 ] ] } },
{ "type": "Feature", "properties": { "drain_id": "RN_DRAIN_00037", "source_type": "dem_inferred_surface_flow", "is_inferred": true, "acc_cells": 4272, "upstream_area_m2": 3845176.5616943762, "length_m": 42.43 }, "geometry": { "type": "LineString", "coordinates": [ [ 377267.790579124644864, 2046771.902720903046429 ], [ 377297.790579124644864, 2046801.902720903046429 ] ] } },
{ "type": "Feature", "properties": { "drain_id": "RN_DRAIN_00038", "source_type": "dem_inferred_surface_flow", "is_inferred": true, "acc_cells": 4755, "upstream_area_m2": 4279394.5430535236, "length_m": 30.0 }, "geometry": { "type": "LineString", "coordinates": [ [ 377297.790579124644864, 2046771.902720903046429 ], [ 377297.790579124644864, 2046801.902720903046429 ] ] } },
{ "type": "Feature", "properties": { "drain_id": "RN_DRAIN_00039", "source_type": "dem_inferred_surface_flow", "is_inferred": true, "acc_cells": 2436, "upstream_area_m2": 2192022.2014060426, "length_m": 42.43 }, "geometry": { "type": "LineString", "coordinates": [ [ 377327.790579124644864, 2046771.902720903046429 ], [ 377297.790579124644864, 2046801.902720903046429 ] ] } },
{ "type": "Feature", "properties": { "drain_id": "RN_DRAIN_00040", "source_type": "dem_inferred_surface_flow", "is_inferred": true, "acc_cells": 137, "upstream_area_m2": 123085.12970833953, "length_m": 42.43 }, "geometry": { "type": "LineString", "coordinates": [ [ 377357.790579124644864, 2046771.902720903046429 ], [ 377387.790579124644864, 2046801.902720903046429 ] ] } },
{ "type": "Feature", "properties": { "drain_id": "RN_DRAIN_00041", "source_type": "dem_inferred_surface_flow", "is_inferred": true, "acc_cells": 1458, "upstream_area_m2": 1312026.8833028977, "length_m": 30.0 }, "geometry": { "type": "LineString", "coordinates": [ [ 377387.790579124644864, 2046771.902720903046429 ], [ 377387.790579124644864, 2046801.902720903046429 ] ] } },
{ "type": "Feature", "properties": { "drain_id": "RN_DRAIN_00042", "source_type": "dem_inferred_surface_flow", "is_inferred": true, "acc_cells": 4670, "upstream_area_m2": 4203044.7297166046, "length_m": 42.43 }, "geometry": { "type": "LineString", "coordinates": [ [ 377417.790579124644864, 2046771.902720903046429 ], [ 377387.790579124644864, 2046801.902720903046429 ] ] } },
{ "type": "Feature", "properties": { "drain_id": "RN_DRAIN_00043", "source_type": "dem_inferred_surface_flow", "is_inferred": true, "acc_cells": 32, "upstream_area_m2": 28356.056713281967, "length_m": 42.43 }, "geometry": { "type": "LineString", "coordinates": [ [ 377777.790579124644864, 2046771.902720903046429 ], [ 377747.790579124644864, 2046801.902720903046429 ] ] } },
{ "type": "Feature", "properties": { "drain_id": "RN_DRAIN_00044", "source_type": "dem_inferred_surface_flow", "is_inferred": true, "acc_cells": 102, "upstream_area_m2": 92104.995219816119, "length_m": 30.0 }, "geometry": { "type": "LineString", "coordinates": [ [ 377987.790579124644864, 2046771.902720903046429 ], [ 377987.790579124644864, 2046801.902720903046429 ] ] } },
{ "type": "Feature", "properties": { "drain_id": "RN_DRAIN_00045", "source_type": "dem_inferred_surface_flow", "is_inferred": true, "acc_cells": 215, "upstream_area_m2": 193663.75096012029, "length_m": 37.85 }, "geometry": { "type": "LineString", "coordinates": [ [ 376731.025395361240953, 2046738.667904666392133 ], [ 376757.790579124644864, 2046711.902720903046429 ] ] } },
{ "type": "Feature", "properties": { "drain_id": "RN_DRAIN_00046", "source_type": "dem_inferred_surface_flow", "is_inferred": true, "acc_cells": 148, "upstream_area_m2": 132883.42399155031, "length_m": 30.0 }, "geometry": { "type": "LineString", "coordinates": [ [ 376757.790579124644864, 2046741.902720903046429 ], [ 376757.790579124644864, 2046711.902720903046429 ] ] } },
{ "type": "Feature", "properties": { "drain_id": "RN_DRAIN_00047", "source_type": "dem_inferred_surface_flow", "is_inferred": true, "acc_cells": 1916, "upstream_area_m2": 1724711.4983518266, "length_m": 30.0 }, "geometry": { "type": "LineString", "coordinates": [ [ 377237.790579124644864, 2046741.902720903046429 ], [ 377267.790579124644864, 2046741.902720903046429 ] ] } },
{ "type": "Feature", "properties": { "drain_id": "RN_DRAIN_00048", "source_type": "dem_inferred_surface_flow", "is_inferred": true, "acc_cells": 4787, "upstream_area_m2": 4308356.2977625774, "length_m": 42.43 }, "geometry": { "type": "LineString", "coordinates": [ [ 377267.790579124644864, 2046741.902720903046429 ], [ 377297.790579124644864, 2046771.902720903046429 ] ] } },
{ "type": "Feature", "properties": { "drain_id": "RN_DRAIN_00049", "source_type": "dem_inferred_surface_flow", "is_inferred": true, "acc_cells": 4664, "upstream_area_m2": 4197734.7384610279, "length_m": 30.0 }, "geometry": { "type": "LineString", "coordinates": [ [ 377297.790579124644864, 2046741.902720903046429 ], [ 377297.790579124644864, 2046771.902720903046429 ] ] } },
{ "type": "Feature", "properties": { "drain_id": "RN_DRAIN_00050", "source_type": "dem_inferred_surface_flow", "is_inferred": true, "acc_cells": 6119, "upstream_area_m2": 5507145.3982569203, "length_m": 30.0 }, "geometry": { "type": "LineString", "coordinates": [ [ 377417.790579124644864, 2046741.902720903046429 ], [ 377417.790579124644864, 2046771.902720903046429 ] ] } },
{ "type": "Feature", "properties": { "drain_id": "RN_DRAIN_00051", "source_type": "dem_inferred_surface_flow", "is_inferred": true, "acc_cells": 28, "upstream_area_m2": 24980.870887237135, "length_m": 30.0 }, "geometry": { "type": "LineString", "coordinates": [ [ 377777.790579124644864, 2046741.902720903046429 ], [ 377777.790579124644864, 2046771.902720903046429 ] ] } },
{ "type": "Feature", "properties": { "drain_id": "RN_DRAIN_00052", "source_type": "dem_inferred_surface_flow", "is_inferred": true, "acc_cells": 100, "upstream_area_m2": 90415.428895242236, "length_m": 30.0 }, "geometry": { "type": "LineString", "coordinates": [ [ 377987.790579124644864, 2046741.902720903046429 ], [ 377987.790579124644864, 2046771.902720903046429 ] ] } },
{ "type": "Feature", "properties": { "drain_id": "RN_DRAIN_00053", "source_type": "dem_inferred_surface_flow", "is_inferred": true, "acc_cells": 84, "upstream_area_m2": 75700.610996002448, "length_m": 19.7 }, "geometry": { "type": "LineString", "coordinates": [ [ 378257.790579124644864, 2046741.902720903046429 ], [ 378257.790579124644864, 2046761.60044667753391 ] ] } },
{ "type": "Feature", "properties": { "drain_id": "RN_DRAIN_00054", "source_type": "dem_inferred_surface_flow", "is_inferred": true, "acc_cells": 53, "upstream_area_m2": 47989.632132836574, "length_m": 30.0 }, "geometry": { "type": "LineString", "coordinates": [ [ 376727.790579124644864, 2046711.902720903046429 ], [ 376727.790579124644864, 2046681.902720903046429 ] ] } },
{ "type": "Feature", "properties": { "drain_id": "RN_DRAIN_00055", "source_type": "dem_inferred_surface_flow", "is_inferred": true, "acc_cells": 206, "upstream_area_m2": 185471.37117771903, "length_m": 42.43 }, "geometry": { "type": "LineString", "coordinates": [ [ 376757.790579124644864, 2046711.902720903046429 ], [ 376727.790579124644864, 2046681.902720903046429 ] ] } },
{ "type": "Feature", "properties": { "drain_id": "RN_DRAIN_00056", "source_type": "dem_inferred_surface_flow", "is_inferred": true, "acc_cells": 28, "upstream_area_m2": 25339.322120862831, "length_m": 30.0 }, "geometry": { "type": "LineString", "coordinates": [ [ 376907.790579124644864, 2046711.902720903046429 ], [ 376907.790579124644864, 2046681.902720903046429 ] ] } },
{ "type": "Feature", "properties": { "drain_id": "RN_DRAIN_00057", "source_type": "dem_inferred_surface_flow", "is_inferred": true, "acc_cells": 3823, "upstream_area_m2": 3440597.4976968272, "length_m": 30.0 }, "geometry": { "type": "LineString", "coordinates": [ [ 377237.790579124644864, 2046711.902720903046429 ], [ 377267.790579124644864, 2046711.902720903046429 ] ] } },
{ "type": "Feature", "properties": { "drain_id": "RN_DRAIN_00058", "source_type": "dem_inferred_surface_flow", "is_inferred": true, "acc_cells": 5772, "upstream_area_m2": 5194859.2823775513, "length_m": 30.0 }, "geometry": { "type": "LineString", "coordinates": [ [ 377267.790579124644864, 2046711.902720903046429 ], [ 377267.790579124644864, 2046741.902720903046429 ] ] } },
{ "type": "Feature", "properties": { "drain_id": "RN_DRAIN_00059", "source_type": "dem_inferred_surface_flow", "is_inferred": true, "acc_cells": 1751, "upstream_area_m2": 1576291.1125235965, "length_m": 42.43 }, "geometry": { "type": "LineString", "coordinates": [ [ 377297.790579124644864, 2046711.902720903046429 ], [ 377267.790579124644864, 2046741.902720903046429 ] ] } },
{ "type": "Feature", "properties": { "drain_id": "RN_DRAIN_00060", "source_type": "dem_inferred_surface_flow", "is_inferred": true, "acc_cells": 6117, "upstream_area_m2": 5505248.7525831247, "length_m": 42.43 }, "geometry": { "type": "LineString", "coordinates": [ [ 377447.790579124644864, 2046711.902720903046429 ], [ 377417.790579124644864, 2046741.902720903046429 ] ] } },
{ "type": "Feature", "properties": { "drain_id": "RN_DRAIN_00061", "source_type": "dem_inferred_surface_flow", "is_inferred": true, "acc_cells": 91, "upstream_area_m2": 81675.827468909076, "length_m": 30.0 }, "geometry": { "type": "LineString", "coordinates": [ [ 377987.790579124644864, 2046711.902720903046429 ], [ 377987.790579124644864, 2046741.902720903046429 ] ] } },
{ "type": "Feature", "properties": { "drain_id": "RN_DRAIN_00062", "source_type": "dem_inferred_surface_flow", "is_inferred": true, "acc_cells": 33, "upstream_area_m2": 29391.793737044009, "length_m": 30.0 }, "geometry": { "type": "LineString", "coordinates": [ [ 378257.790579124644864, 2046711.902720903046429 ], [ 378257.790579124644864, 2046741.902720903046429 ] ] } },
{ "type": "Feature", "properties": { "drain_id": "RN_DRAIN_00063", "source_type": "dem_inferred_surface_flow", "is_inferred": true, "acc_cells": 94, "upstream_area_m2": 84809.527835590052, "length_m": 42.43 }, "geometry": { "type": "LineString", "coordinates": [ [ 378287.790579124644864, 2046711.902720903046429 ], [ 378257.790579124644864, 2046741.902720903046429 ] ] } },
{ "type": "Feature", "properties": { "drain_id": "RN_DRAIN_00064", "source_type": "dem_inferred_surface_flow", "is_inferred": true, "acc_cells": 251, "upstream_area_m2": 226277.00347455914, "length_m": 30.0 }, "geometry": { "type": "LineString", "coordinates": [ [ 376727.790579124644864, 2046681.902720903046429 ], [ 376727.790579124644864, 2046651.902720903046429 ] ] } },
{ "type": "Feature", "properties": { "drain_id": "RN_DRAIN_00065", "source_type": "dem_inferred_surface_flow", "is_inferred": true, "acc_cells": 32, "upstream_area_m2": 28394.668070211243, "length_m": 30.0 }, "geometry": { "type": "LineString", "coordinates": [ [ 376907.790579124644864, 2046681.902720903046429 ], [ 376907.790579124644864, 2046651.902720903046429 ] ] } },
{ "type": "Feature", "properties": { "drain_id": "RN_DRAIN_00066", "source_type": "dem_inferred_surface_flow", "is_inferred": true, "acc_cells": 7752, "upstream_area_m2": 6976837.7263013795, "length_m": 42.43 }, "geometry": { "type": "LineString", "coordinates": [ [ 377237.790579124644864, 2046681.902720903046429 ], [ 377267.790579124644864, 2046711.902720903046429 ] ] } },
{ "type": "Feature", "properties": { "drain_id": "RN_DRAIN_00067", "source_type": "dem_inferred_surface_flow", "is_inferred": true, "acc_cells": 3568, "upstream_area_m2": 3211148.4884176152, "length_m": 30.0 }, "geometry": { "type": "LineString", "coordinates": [ [ 377267.790579124644864, 2046681.902720903046429 ], [ 377267.790579124644864, 2046711.902720903046429 ] ] } },
{ "type": "Feature", "properties": { "drain_id": "RN_DRAIN_00068", "source_type": "dem_inferred_surface_flow", "is_inferred": true, "acc_cells": 6109, "upstream_area_m2": 5498201.143628112, "length_m": 42.43 }, "geometry": { "type": "LineString", "coordinates": [ [ 377477.790579124644864, 2046681.902720903046429 ], [ 377447.790579124644864, 2046711.902720903046429 ] ] } },
{ "type": "Feature", "properties": { "drain_id": "RN_DRAIN_00069", "source_type": "dem_inferred_surface_flow", "is_inferred": true, "acc_cells": 25, "upstream_area_m2": 22662.5982053025, "length_m": 30.0 }, "geometry": { "type": "LineString", "coordinates": [ [ 377777.790579124644864, 2046681.902720903046429 ], [ 377777.790579124644864, 2046711.902720903046429 ] ] } },
{ "type": "Feature", "properties": { "drain_id": "RN_DRAIN_00070", "source_type": "dem_inferred_surface_flow", "is_inferred": true, "acc_cells": 77, "upstream_area_m2": 69619.537621543757, "length_m": 30.0 }, "geometry": { "type": "LineString", "coordinates": [ [ 377987.790579124644864, 2046681.902720903046429 ], [ 377987.790579124644864, 2046711.902720903046429 ] ] } },
{ "type": "Feature", "properties": { "drain_id": "RN_DRAIN_00071", "source_type": "dem_inferred_surface_flow", "is_inferred": true, "acc_cells": 109, "upstream_area_m2": 98336.358982088976, "length_m": 30.0 }, "geometry": { "type": "LineString", "coordinates": [ [ 378287.790579124644864, 2046681.902720903046429 ], [ 378287.790579124644864, 2046711.902720903046429 ] ] } },
{ "type": "Feature", "properties": { "drain_id": "RN_DRAIN_00072", "source_type": "dem_inferred_surface_flow", "is_inferred": true, "acc_cells": 256, "upstream_area_m2": 230266.64717364291, "length_m": 42.43 }, "geometry": { "type": "LineString", "coordinates": [ [ 376727.790579124644864, 2046651.902720903046429 ], [ 376757.790579124644864, 2046621.902720903046429 ] ] } },
{ "type": "Feature", "properties": { "drain_id": "RN_DRAIN_00073", "source_type": "dem_inferred_surface_flow", "is_inferred": true, "acc_cells": 27, "upstream_area_m2": 24028.143078405697, "length_m": 42.43 }, "geometry": { "type": "LineString", "coordinates": [ [ 376907.790579124644864, 2046651.902720903046429 ], [ 376937.790579124644864, 2046621.902720903046429 ] ] } },
{ "type": "Feature", "properties": { "drain_id": "RN_DRAIN_00074", "source_type": "dem_inferred_surface_flow", "is_inferred": true, "acc_cells": 4035, "upstream_area_m2": 3631388.2354264138, "length_m": 42.43 }, "geometry": { "type": "LineString", "coordinates": [ [ 377207.790579124644864, 2046651.902720903046429 ], [ 377237.790579124644864, 2046681.902720903046429 ] ] } },
{ "type": "Feature", "properties": { "drain_id": "RN_DRAIN_00075", "source_type": "dem_inferred_surface_flow", "is_inferred": true, "acc_cells": 7275, "upstream_area_m2": 6547522.380706815, "length_m": 30.0 }, "geometry": { "type": "LineString", "coordinates": [ [ 377237.790579124644864, 2046651.902720903046429 ], [ 377237.790579124644864, 2046681.902720903046429 ] ] } },
{ "type": "Feature", "properties": { "drain_id": "RN_DRAIN_00076", "source_type": "dem_inferred_surface_flow", "is_inferred": true, "acc_cells": 6102, "upstream_area_m2": 5491793.7636032831, "length_m": 30.0 }, "geometry": { "type": "LineString", "coordinates": [ [ 377477.790579124644864, 2046651.902720903046429 ], [ 377477.790579124644864, 2046681.902720903046429 ] ] } },
{ "type": "Feature", "properties": { "drain_id": "RN_DRAIN_00077", "source_type": "dem_inferred_surface_flow", "is_inferred": true, "acc_cells": 75, "upstream_area_m2": 67385.048317244597, "length_m": 30.0 }, "geometry": { "type": "LineString", "coordinates": [ [ 377987.790579124644864, 2046651.902720903046429 ], [ 377987.790579124644864, 2046681.902720903046429 ] ] } },
{ "type": "Feature", "properties": { "drain_id": "RN_DRAIN_00078", "source_type": "dem_inferred_surface_flow", "is_inferred": true, "acc_cells": 108, "upstream_area_m2": 96834.261866050947, "length_m": 42.43 }, "geometry": { "type": "LineString", "coordinates": [ [ 378317.790579124644864, 2046651.902720903046429 ], [ 378287.790579124644864, 2046681.902720903046429 ] ] } },
{ "type": "Feature", "properties": { "drain_id": "RN_DRAIN_00079", "source_type": "dem_inferred_surface_flow", "is_inferred": true, "acc_cells": 34, "upstream_area_m2": 30661.068973425819, "length_m": 30.0 }, "geometry": { "type": "LineString", "coordinates": [ [ 378347.790579124644864, 2046651.902720903046429 ], [ 378317.790579124644864, 2046651.902720903046429 ] ] } },
{ "type": "Feature", "properties": { "drain_id": "RN_DRAIN_00080", "source_type": "dem_inferred_surface_flow", "is_inferred": true, "acc_cells": 27, "upstream_area_m2": 23922.637884531447, "length_m": 40.19 }, "geometry": { "type": "LineString", "coordinates": [ [ 378376.211958743224386, 2046650.324100521625951 ], [ 378347.790579124644864, 2046621.902720903046429 ] ] } },
{ "type": "Feature", "properties": { "drain_id": "RN_DRAIN_00081", "source_type": "dem_inferred_surface_flow", "is_inferred": true, "acc_cells": 258, "upstream_area_m2": 232369.34584204532, "length_m": 30.0 }, "geometry": { "type": "LineString", "coordinates": [ [ 376757.790579124644864, 2046621.902720903046429 ], [ 376787.790579124644864, 2046621.902720903046429 ] ] } },
{ "type": "Feature", "properties": { "drain_id": "RN_DRAIN_00082", "source_type": "dem_inferred_surface_flow", "is_inferred": true, "acc_cells": 227, "upstream_area_m2": 203997.75689618781, "length_m": 30.0 }, "geometry": { "type": "LineString", "coordinates": [ [ 376787.790579124644864, 2046621.902720903046429 ], [ 376817.790579124644864, 2046621.902720903046429 ] ] } },
{ "type": "Feature", "properties": { "drain_id": "RN_DRAIN_00083", "source_type": "dem_inferred_surface_flow", "is_inferred": true, "acc_cells": 259, "upstream_area_m2": 233131.24001079728, "length_m": 30.0 }, "geometry": { "type": "LineString", "coordinates": [ [ 376817.790579124644864, 2046621.902720903046429 ], [ 376847.790579124644864, 2046621.902720903046429 ] ] } },
{ "type": "Feature", "properties": { "drain_id": "RN_DRAIN_00084", "source_type": "dem_inferred_surface_flow", "is_inferred": true, "acc_cells": 301, "upstream_area_m2": 270515.16440607485, "length_m": 30.0 }, "geometry": { "type": "LineString", "coordinates": [ [ 376847.790579124644864, 2046621.902720903046429 ], [ 376877.790579124644864, 2046621.902720903046429 ] ] } },
{ "type": "Feature", "properties": { "drain_id": "RN_DRAIN_00085", "source_type": "dem_inferred_surface_flow", "is_inferred": true, "acc_cells": 416, "upstream_area_m2": 374385.57364268042, "length_m": 30.0 }, "geometry": { "type": "LineString", "coordinates": [ [ 376877.790579124644864, 2046621.902720903046429 ], [ 376907.790579124644864, 2046621.902720903046429 ] ] } },
{ "type": "Feature", "properties": { "drain_id": "RN_DRAIN_00086", "source_type": "dem_inferred_surface_flow", "is_inferred": true, "acc_cells": 433, "upstream_area_m2": 389602.13136041665, "length_m": 30.0 }, "geometry": { "type": "LineString", "coordinates": [ [ 376907.790579124644864, 2046621.902720903046429 ], [ 376937.790579124644864, 2046621.902720903046429 ] ] } },
{ "type": "Feature", "properties": { "drain_id": "RN_DRAIN_00087", "source_type": "dem_inferred_surface_flow", "is_inferred": true, "acc_cells": 445, "upstream_area_m2": 400122.14380717149, "length_m": 30.0 }, "geometry": { "type": "LineString", "coordinates": [ [ 376937.790579124644864, 2046621.902720903046429 ], [ 376967.790579124644864, 2046621.902720903046429 ] ] } },
{ "type": "Feature", "properties": { "drain_id": "RN_DRAIN_00088", "source_type": "dem_inferred_surface_flow", "is_inferred": true, "acc_cells": 429, "upstream_area_m2": 386279.38812344428, "length_m": 30.0 }, "geometry": { "type": "LineString", "coordinates": [ [ 376967.790579124644864, 2046621.902720903046429 ], [ 376997.790579124644864, 2046621.902720903046429 ] ] } },
{ "type": "Feature", "properties": { "drain_id": "RN_DRAIN_00089", "source_type": "dem_inferred_surface_flow", "is_inferred": true, "acc_cells": 434, "upstream_area_m2": 390451.98033094988, "length_m": 30.0 }, "geometry": { "type": "LineString", "coordinates": [ [ 376997.790579124644864, 2046621.902720903046429 ], [ 377027.790579124644864, 2046621.902720903046429 ] ] } },
{ "type": "Feature", "properties": { "drain_id": "RN_DRAIN_00090", "source_type": "dem_inferred_surface_flow", "is_inferred": true, "acc_cells": 387, "upstream_area_m2": 348210.10099122551, "length_m": 30.0 }, "geometry": { "type": "LineString", "coordinates": [ [ 377027.790579124644864, 2046621.902720903046429 ], [ 377057.790579124644864, 2046621.902720903046429 ] ] } },
{ "type": "Feature", "properties": { "drain_id": "RN_DRAIN_00091", "source_type": "dem_inferred_surface_flow", "is_inferred": true, "acc_cells": 237, "upstream_area_m2": 213445.87366328959, "length_m": 42.43 }, "geometry": { "type": "LineString", "coordinates": [ [ 377057.790579124644864, 2046621.902720903046429 ], [ 377087.790579124644864, 2046591.902720903046429 ] ] } },
{ "type": "Feature", "properties": { "drain_id": "RN_DRAIN_00092", "source_type": "dem_inferred_surface_flow", "is_inferred": true, "acc_cells": 55, "upstream_area_m2": 49485.526578149242, "length_m": 30.0 }, "geometry": { "type": "LineString", "coordinates": [ [ 377087.790579124644864, 2046621.902720903046429 ], [ 377087.790579124644864, 2046591.902720903046429 ] ] } },
{ "type": "Feature", "properties": { "drain_id": "RN_DRAIN_00093", "source_type": "dem_inferred_surface_flow", "is_inferred": true, "acc_cells": 1930, "upstream_area_m2": 1736564.4705182055, "length_m": 42.43 }, "geometry": { "type": "LineString", "coordinates": [ [ 377177.790579124644864, 2046621.902720903046429 ], [ 377207.790579124644864, 2046651.902720903046429 ] ] } },
{ "type": "Feature", "properties": { "drain_id": "RN_DRAIN_00094", "source_type": "dem_inferred_surface_flow", "is_inferred": true, "acc_cells": 3983, "upstream_area_m2": 3584541.0737263542, "length_m": 42.43 }, "geometry": { "type": "LineString", "coordinates": [ [ 377207.790579124644864, 2046621.902720903046429 ], [ 377237.790579124644864, 2046651.902720903046429 ] ] } },
{ "type": "Feature", "properties": { "drain_id": "RN_DRAIN_00095", "source_type": "dem_inferred_surface_flow", "is_inferred": true, "acc_cells": 5386, "upstream_area_m2": 4847530.7500457037, "length_m": 30.0 }, "geometry": { "type": "LineString", "coordinates": [ [ 377237.790579124644864, 2046621.902720903046429 ], [ 377237.790579124644864, 2046651.902720903046429 ] ] } },
{ "type": "Feature", "properties": { "drain_id": "RN_DRAIN_00096", "source_type": "dem_inferred_surface_flow", "is_inferred": true, "acc_cells": 81, "upstream_area_m2": 72486.687414677333, "length_m": 42.43 }, "geometry": { "type": "LineString", "coordinates": [ [ 377447.790579124644864, 2046621.902720903046429 ], [ 377477.790579124644864, 2046651.902720903046429 ] ] } },
{ "type": "Feature", "properties": { "drain_id": "RN_DRAIN_00097", "source_type": "dem_inferred_surface_flow", "is_inferred": true, "acc_cells": 6070, "upstream_area_m2": 5463355.41270262, "length_m": 30.0 }, "geometry": { "type": "LineString", "coordinates": [ [ 377477.790579124644864, 2046621.902720903046429 ], [ 377477.790579124644864, 2046651.902720903046429 ] ] } },
{ "type": "Feature", "properties": { "drain_id": "RN_DRAIN_00098", "source_type": "dem_inferred_surface_flow", "is_inferred": true, "acc_cells": 82, "upstream_area_m2": 74123.129188837294, "length_m": 42.43 }, "geometry": { "type": "LineString", "coordinates": [ [ 377507.790579124644864, 2046621.902720903046429 ], [ 377477.790579124644864, 2046651.902720903046429 ] ] } },
{ "type": "Feature", "properties": { "drain_id": "RN_DRAIN_00099", "source_type": "dem_inferred_surface_flow", "is_inferred": true, "acc_cells": 79, "upstream_area_m2": 71254.891896502246, "length_m": 30.0 }, "geometry": { "type": "LineString", "coordinates": [ [ 377537.790579124644864, 2046621.902720903046429 ], [ 377507.790579124644864, 2046621.902720903046429 ] ] } },
{ "type": "Feature", "properties": { "drain_id": "RN_DRAIN_00100", "source_type": "dem_inferred_surface_flow", "is_inferred": true, "acc_cells": 76, "upstream_area_m2": 68787.69164889786, "length_m": 30.0 }, "geometry": { "type": "LineString", "coordinates": [ [ 377567.790579124644864, 2046621.902720903046429 ], [ 377537.790579124644864, 2046621.902720903046429 ] ] } },
{ "type": "Feature", "properties": { "drain_id": "RN_DRAIN_00101", "source_type": "dem_inferred_surface_flow", "is_inferred": true, "acc_cells": 50, "upstream_area_m2": 44836.170679289775, "length_m": 30.0 }, "geometry": { "type": "LineString", "coordinates": [ [ 377597.790579124644864, 2046621.902720903046429 ], [ 377567.790579124644864, 2046621.902720903046429 ] ] } },
{ "type": "Feature", "properties": { "drain_id": "RN_DRAIN_00102", "source_type": "dem_inferred_surface_flow", "is_inferred": true, "acc_cells": 71, "upstream_area_m2": 64142.665371950352, "length_m": 42.43 }, "geometry": { "type": "LineString", "coordinates": [ [ 378017.790579124644864, 2046621.902720903046429 ], [ 377987.790579124644864, 2046651.902720903046429 ] ] } },
{ "type": "Feature", "properties": { "drain_id": "RN_DRAIN_00103", "source_type": "dem_inferred_surface_flow", "is_inferred": true, "acc_cells": 28, "upstream_area_m2": 25385.949441282275, "length_m": 30.0 }, "geometry": { "type": "LineString", "coordinates": [ [ 378317.790579124644864, 2046621.902720903046429 ], [ 378317.790579124644864, 2046651.902720903046429 ] ] } },
{ "type": "Feature", "properties": { "drain_id": "RN_DRAIN_00104", "source_type": "dem_inferred_surface_flow", "is_inferred": true, "acc_cells": 43, "upstream_area_m2": 38454.509892939452, "length_m": 42.43 }, "geometry": { "type": "LineString", "coordinates": [ [ 378347.790579124644864, 2046621.902720903046429 ], [ 378317.790579124644864, 2046651.902720903046429 ] ] } },
{ "type": "Feature", "properties": { "drain_id": "RN_DRAIN_00105", "source_type": "dem_inferred_surface_flow", "is_inferred": true, "acc_cells": 71, "upstream_area_m2": 64187.420216986815, "length_m": 42.43 }, "geometry": { "type": "LineString", "coordinates": [ [ 376787.790579124644864, 2046591.902720903046429 ], [ 376817.790579124644864, 2046621.902720903046429 ] ] } },
{ "type": "Feature", "properties": { "drain_id": "RN_DRAIN_00106", "source_type": "dem_inferred_surface_flow", "is_inferred": true, "acc_cells": 71, "upstream_area_m2": 64308.038625580593, "length_m": 42.43 }, "geometry": { "type": "LineString", "coordinates": [ [ 376817.790579124644864, 2046591.902720903046429 ], [ 376847.790579124644864, 2046621.902720903046429 ] ] } },
{ "type": "Feature", "properties": { "drain_id": "RN_DRAIN_00107", "source_type": "dem_inferred_surface_flow", "is_inferred": true, "acc_cells": 107, "upstream_area_m2": 96142.610587500152, "length_m": 42.43 }, "geometry": { "type": "LineString", "coordinates": [ [ 376847.790579124644864, 2046591.902720903046429 ], [ 376877.790579124644864, 2046621.902720903046429 ] ] } },
{ "type": "Feature", "properties": { "drain_id": "RN_DRAIN_00108", "source_type": "dem_inferred_surface_flow", "is_inferred": true, "acc_cells": 60, "upstream_area_m2": 54017.18363060883, "length_m": 30.0 }, "geometry": { "type": "LineString", "coordinates": [ [ 377027.790579124644864, 2046591.902720903046429 ], [ 377027.790579124644864, 2046621.902720903046429 ] ] } },
{ "type": "Feature", "properties": { "drain_id": "RN_DRAIN_00109", "source_type": "dem_inferred_surface_flow", "is_inferred": true, "acc_cells": 208, "upstream_area_m2": 187283.25781747696, "length_m": 30.0 }, "geometry": { "type": "LineString", "coordinates": [ [ 377057.790579124644864, 2046591.902720903046429 ], [ 377087.790579124644864, 2046591.902720903046429 ] ] } },
{ "type": "Feature", "properties": { "drain_id": "RN_DRAIN_00110", "source_type": "dem_inferred_surface_flow", "is_inferred": true, "acc_cells": 278, "upstream_area_m2": 249991.99066743083, "length_m": 42.43 }, "geometry": { "type": "LineString", "coordinates": [ [ 377087.790579124644864, 2046591.902720903046429 ], [ 377117.790579124644864, 2046561.902720903046429 ] ] } },
{ "type": "Feature", "properties": { "drain_id": "RN_DRAIN_00111", "source_type": "dem_inferred_surface_flow", "is_inferred": true, "acc_cells": 133, "upstream_area_m2": 119778.50503118183, "length_m": 42.43 }, "geometry": { "type": "LineString", "coordinates": [ [ 377117.790579124644864, 2046591.902720903046429 ], [ 377147.790579124644864, 2046561.902720903046429 ] ] } },
{ "type": "Feature", "properties": { "drain_id": "RN_DRAIN_00112", "source_type": "dem_inferred_surface_flow", "is_inferred": true, "acc_cells": 441, "upstream_area_m2": 396800.78050188837, "length_m": 30.0 }, "geometry": { "type": "LineString", "coordinates": [ [ 377147.790579124644864, 2046591.902720903046429 ], [ 377177.790579124644864, 2046591.902720903046429 ] ] } },
{ "type": "Feature", "properties": { "drain_id": "RN_DRAIN_00113", "source_type": "dem_inferred_surface_flow", "is_inferred": true, "acc_cells": 2831, "upstream_area_m2": 2548335.4643311347, "length_m": 30.0 }, "geometry": { "type": "LineString", "coordinates": [ [ 377177.790579124644864, 2046591.902720903046429 ], [ 377207.790579124644864, 2046591.902720903046429 ] ] } },
{ "type": "Feature", "properties": { "drain_id": "RN_DRAIN_00114", "source_type": "dem_inferred_surface_flow", "is_inferred": true, "acc_cells": 5289, "upstream_area_m2": 4760272.1598242838, "length_m": 42.43 }, "geometry": { "type": "LineString", "coordinates": [ [ 377207.790579124644864, 2046591.902720903046429 ], [ 377237.790579124644864, 2046621.902720903046429 ] ] } },
{ "type": "Feature", "properties": { "drain_id": "RN_DRAIN_00115", "source_type": "dem_inferred_surface_flow", "is_inferred": true, "acc_cells": 2737, "upstream_area_m2": 2463612.1639499161, "length_m": 30.0 }, "geometry": { "type": "LineString", "coordinates": [ [ 377237.790579124644864, 2046591.902720903046429 ], [ 377237.790579124644864, 2046621.902720903046429 ] ] } },
{ "type": "Feature", "properties": { "drain_id": "RN_DRAIN_00116", "source_type": "dem_inferred_surface_flow", "is_inferred": true, "acc_cells": 5955, "upstream_area_m2": 5359237.0715004457, "length_m": 42.43 }, "geometry": { "type": "LineString", "coordinates": [ [ 377447.790579124644864, 2046591.902720903046429 ], [ 377477.790579124644864, 2046621.902720903046429 ] ] } },
{ "type": "Feature", "properties": { "drain_id": "RN_DRAIN_00117", "source_type": "dem_inferred_surface_flow", "is_inferred": true, "acc_cells": 55, "upstream_area_m2": 49354.144008564996, "length_m": 30.0 }, "geometry": { "type": "LineString", "coordinates": [ [ 377477.790579124644864, 2046591.902720903046429 ], [ 377477.790579124644864, 2046621.902720903046429 ] ] } },
{ "type": "Feature", "properties": { "drain_id": "RN_DRAIN_00118", "source_type": "dem_inferred_surface_flow", "is_inferred": true, "acc_cells": 28, "upstream_area_m2": 24895.260298490139, "length_m": 42.43 }, "geometry": { "type": "LineString", "coordinates": [ [ 377597.790579124644864, 2046591.902720903046429 ], [ 377567.790579124644864, 2046621.902720903046429 ] ] } },
{ "type": "Feature", "properties": { "drain_id": "RN_DRAIN_00119", "source_type": "dem_inferred_surface_flow", "is_inferred": true, "acc_cells": 65, "upstream_area_m2": 58800.433350908614, "length_m": 30.0 }, "geometry": { "type": "LineString", "coordinates": [ [ 378017.790579124644864, 2046591.902720903046429 ], [ 378017.790579124644864, 2046621.902720903046429 ] ] } },
{ "type": "Feature", "properties": { "drain_id": "RN_DRAIN_00120", "source_type": "dem_inferred_surface_flow", "is_inferred": true, "acc_cells": 30, "upstream_area_m2": 27404.390255745391, "length_m": 42.43 }, "geometry": { "type": "LineString", "coordinates": [ [ 378377.790579124644864, 2046591.902720903046429 ], [ 378347.790579124644864, 2046621.902720903046429 ] ] } },
{ "type": "Feature", "properties": { "drain_id": "RN_DRAIN_00121", "source_type": "dem_inferred_surface_flow", "is_inferred": true, "acc_cells": 68, "upstream_area_m2": 61325.263167777026, "length_m": 42.43 }, "geometry": { "type": "LineString", "coordinates": [ [ 376757.790579124644864, 2046561.902720903046429 ], [ 376787.790579124644864, 2046591.902720903046429 ] ] } },
{ "type": "Feature", "properties": { "drain_id": "RN_DRAIN_00122", "source_type": "dem_inferred_surface_flow", "is_inferred": true, "acc_cells": 68, "upstream_area_m2": 61105.157560307816, "length_m": 42.43 }, "geometry": { "type": "LineString", "coordinates": [ [ 376787.790579124644864, 2046561.902720903046429 ], [ 376817.790579124644864, 2046591.902720903046429 ] ] } },
{ "type": "Feature", "properties": { "drain_id": "RN_DRAIN_00123", "source_type": "dem_inferred_surface_flow", "is_inferred": true, "acc_cells": 64, "upstream_area_m2": 57421.680149288026, "length_m": 42.43 }, "geometry": { "type": "LineString", "coordinates": [ [ 376817.790579124644864, 2046561.902720903046429 ], [ 376847.790579124644864, 2046591.902720903046429 ] ] } },
{ "type": "Feature", "properties": { "drain_id": "RN_DRAIN_00124", "source_type": "dem_inferred_surface_flow", "is_inferred": true, "acc_cells": 144, "upstream_area_m2": 129223.83044194466, "length_m": 30.0 }, "geometry": { "type": "LineString", "coordinates": [ [ 377087.790579124644864, 2046561.902720903046429 ], [ 377117.790579124644864, 2046561.902720903046429 ] ] } },
{ "type": "Feature", "properties": { "drain_id": "RN_DRAIN_00125", "source_type": "dem_inferred_surface_flow", "is_inferred": true, "acc_cells": 287, "upstream_area_m2": 258302.53847832058, "length_m": 30.0 }, "geometry": { "type": "LineString", "coordinates": [ [ 377117.790579124644864, 2046561.902720903046429 ], [ 377147.790579124644864, 2046561.902720903046429 ] ] } },
{ "type": "Feature", "properties": { "drain_id": "RN_DRAIN_00126", "source_type": "dem_inferred_surface_flow", "is_inferred": true, "acc_cells": 457, "upstream_area_m2": 411292.90848021721, "length_m": 30.0 }, "geometry": { "type": "LineString", "coordinates": [ [ 377147.790579124644864, 2046561.902720903046429 ], [ 377177.790579124644864, 2046561.902720903046429 ] ] } },
{ "type": "Feature", "properties": { "drain_id": "RN_DRAIN_00127", "source_type": "dem_inferred_surface_flow", "is_inferred": true, "acc_cells": 5303, "upstream_area_m2": 4772330.2472117087, "length_m": 30.0 }, "geometry": { "type": "LineString", "coordinates": [ [ 377177.790579124644864, 2046561.902720903046429 ], [ 377207.790579124644864, 2046561.902720903046429 ] ] } },
{ "type": "Feature", "properties": { "drain_id": "RN_DRAIN_00128", "source_type": "dem_inferred_surface_flow", "is_inferred": true, "acc_cells": 5337, "upstream_area_m2": 4803488.9536895985, "length_m": 30.0 }, "geometry": { "type": "LineString", "coordinates": [ [ 377207.790579124644864, 2046561.902720903046429 ], [ 377207.790579124644864, 2046591.902720903046429 ] ] } },
{ "type": "Feature", "properties": { "drain_id": "RN_DRAIN_00129", "source_type": "dem_inferred_surface_flow", "is_inferred": true, "acc_cells": 630, "upstream_area_m2": 567300.89767849888, "length_m": 30.0 }, "geometry": { "type": "LineString", "coordinates": [ [ 377387.790579124644864, 2046561.902720903046429 ], [ 377417.790579124644864, 2046561.902720903046429 ] ] } },
{ "type": "Feature", "properties": { "drain_id": "RN_DRAIN_00130", "source_type": "dem_inferred_surface_flow", "is_inferred": true, "acc_cells": 5947, "upstream_area_m2": 5352698.8618884301, "length_m": 42.43 }, "geometry": { "type": "LineString", "coordinates": [ [ 377417.790579124644864, 2046561.902720903046429 ], [ 377447.790579124644864, 2046591.902720903046429 ] ] } },
{ "type": "Feature", "properties": { "drain_id": "RN_DRAIN_00131", "source_type": "dem_inferred_surface_flow", "is_inferred": true, "acc_cells": 56, "upstream_area_m2": 50212.126529900976, "length_m": 42.43 }, "geometry": { "type": "LineString", "coordinates": [ [ 377477.790579124644864, 2046561.902720903046429 ], [ 377447.790579124644864, 2046591.902720903046429 ] ] } },
{ "type": "Feature", "properties": { "drain_id": "RN_DRAIN_00132", "source_type": "dem_inferred_surface_flow", "is_inferred": true, "acc_cells": 74, "upstream_area_m2": 66294.311185444589, "length_m": 42.43 }, "geometry": { "type": "LineString", "coordinates": [ [ 377627.790579124644864, 2046561.902720903046429 ], [ 377597.790579124644864, 2046531.902720903046429 ] ] } },
{ "type": "Feature", "properties": { "drain_id": "RN_DRAIN_00133", "source_type": "dem_inferred_surface_flow", "is_inferred": true, "acc_cells": 29, "upstream_area_m2": 26463.173831851094, "length_m": 30.0 }, "geometry": { "type": "LineString", "coordinates": [ [ 378017.790579124644864, 2046561.902720903046429 ], [ 378017.790579124644864, 2046591.902720903046429 ] ] } },
{ "type": "Feature", "properties": { "drain_id": "RN_DRAIN_00134", "source_type": "dem_inferred_surface_flow", "is_inferred": true, "acc_cells": 33, "upstream_area_m2": 30065.475022848463, "length_m": 42.43 }, "geometry": { "type": "LineString", "coordinates": [ [ 378047.790579124644864, 2046561.902720903046429 ], [ 378017.790579124644864, 2046591.902720903046429 ] ] } },
{ "type": "Feature", "properties": { "drain_id": "RN_DRAIN_00135", "source_type": "dem_inferred_surface_flow", "is_inferred": true, "acc_cells": 129, "upstream_area_m2": 115910.04264813762, "length_m": 42.43 }, "geometry": { "type": "LineString", "coordinates": [ [ 376727.790579124644864, 2046531.902720903046429 ], [ 376757.790579124644864, 2046561.902720903046429 ] ] } },
{ "type": "Feature", "properties": { "drain_id": "RN_DRAIN_00136", "source_type": "dem_inferred_surface_flow", "is_inferred": true, "acc_cells": 65, "upstream_area_m2": 58900.318602648746, "length_m": 30.0 }, "geometry": { "type": "LineString", "coordinates": [ [ 376757.790579124644864, 2046531.902720903046429 ], [ 376757.790579124644864, 2046561.902720903046429 ] ] } },
{ "type": "Feature", "properties": { "drain_id": "RN_DRAIN_00137", "source_type": "dem_inferred_surface_flow", "is_inferred": true, "acc_cells": 34, "upstream_area_m2": 30770.230703266257, "length_m": 30.0 }, "geometry": { "type": "LineString", "coordinates": [ [ 376787.790579124644864, 2046531.902720903046429 ], [ 376787.790579124644864, 2046561.902720903046429 ] ] } },
{ "type": "Feature", "properties": { "drain_id": "RN_DRAIN_00138", "source_type": "dem_inferred_surface_flow", "is_inferred": true, "acc_cells": 48, "upstream_area_m2": 43629.735637341757, "length_m": 42.43 }, "geometry": { "type": "LineString", "coordinates": [ [ 377117.790579124644864, 2046531.902720903046429 ], [ 377147.790579124644864, 2046561.902720903046429 ] ] } },
{ "type": "Feature", "properties": { "drain_id": "RN_DRAIN_00139", "source_type": "dem_inferred_surface_flow", "is_inferred": true, "acc_cells": 328, "upstream_area_m2": 295374.66237065312, "length_m": 30.0 }, "geometry": { "type": "LineString", "coordinates": [ [ 377147.790579124644864, 2046531.902720903046429 ], [ 377177.790579124644864, 2046531.902720903046429 ] ] } },
{ "type": "Feature", "properties": { "drain_id": "RN_DRAIN_00140", "source_type": "dem_inferred_surface_flow", "is_inferred": true, "acc_cells": 10486, "upstream_area_m2": 9437827.8815852813, "length_m": 42.43 }, "geometry": { "type": "LineString", "coordinates": [ [ 377177.790579124644864, 2046531.902720903046429 ], [ 377207.790579124644864, 2046561.902720903046429 ] ] } },
{ "type": "Feature", "properties": { "drain_id": "RN_DRAIN_00141", "source_type": "dem_inferred_surface_flow", "is_inferred": true, "acc_cells": 5942, "upstream_area_m2": 5347722.5919607654, "length_m": 42.43 }, "geometry": { "type": "LineString", "coordinates": [ [ 377387.790579124644864, 2046531.902720903046429 ], [ 377417.790579124644864, 2046561.902720903046429 ] ] } },
{ "type": "Feature", "properties": { "drain_id": "RN_DRAIN_00142", "source_type": "dem_inferred_surface_flow", "is_inferred": true, "acc_cells": 54, "upstream_area_m2": 49004.180210995291, "length_m": 42.43 }, "geometry": { "type": "LineString", "coordinates": [ [ 377507.790579124644864, 2046531.902720903046429 ], [ 377477.790579124644864, 2046561.902720903046429 ] ] } },
{ "type": "Feature", "properties": { "drain_id": "RN_DRAIN_00143", "source_type": "dem_inferred_surface_flow", "is_inferred": true, "acc_cells": 52, "upstream_area_m2": 46515.806128229313, "length_m": 30.0 }, "geometry": { "type": "LineString", "coordinates": [ [ 377537.790579124644864, 2046531.902720903046429 ], [ 377507.790579124644864, 2046531.902720903046429 ] ] } },
{ "type": "Feature", "properties": { "drain_id": "RN_DRAIN_00144", "source_type": "dem_inferred_surface_flow", "is_inferred": true, "acc_cells": 44, "upstream_area_m2": 39350.335577062368, "length_m": 30.0 }, "geometry": { "type": "LineString", "coordinates": [ [ 377567.790579124644864, 2046531.902720903046429 ], [ 377537.790579124644864, 2046531.902720903046429 ] ] } },
{ "type": "Feature", "properties": { "drain_id": "RN_DRAIN_00145", "source_type": "dem_inferred_surface_flow", "is_inferred": true, "acc_cells": 38, "upstream_area_m2": 33895.751103617731, "length_m": 30.0 }, "geometry": { "type": "LineString", "coordinates": [ [ 377597.790579124644864, 2046531.902720903046429 ], [ 377567.790579124644864, 2046531.902720903046429 ] ] } },
{ "type": "Feature", "properties": { "drain_id": "RN_DRAIN_00146", "source_type": "dem_inferred_surface_flow", "is_inferred": true, "acc_cells": 72, "upstream_area_m2": 64823.433291940979, "length_m": 42.43 }, "geometry": { "type": "LineString", "coordinates": [ [ 377657.790579124644864, 2046531.902720903046429 ], [ 377627.790579124644864, 2046561.902720903046429 ] ] } },
{ "type": "Feature", "properties": { "drain_id": "RN_DRAIN_00147", "source_type": "dem_inferred_surface_flow", "is_inferred": true, "acc_cells": 52, "upstream_area_m2": 46624.384979413444, "length_m": 30.0 }, "geometry": { "type": "LineString", "coordinates": [ [ 378047.790579124644864, 2046531.902720903046429 ], [ 378047.790579124644864, 2046561.902720903046429 ] ] } },
{ "type": "Feature", "properties": { "drain_id": "RN_DRAIN_00148", "source_type": "dem_inferred_surface_flow", "is_inferred": true, "acc_cells": 80, "upstream_area_m2": 72146.736858350603, "length_m": 29.2 }, "geometry": { "type": "LineString", "coordinates": [ [ 376488.592247950611636, 2046501.902720903046429 ], [ 376517.790579124644864, 2046501.902720903046429 ] ] } },
{ "type": "Feature", "properties": { "drain_id": "RN_DRAIN_00149", "source_type": "dem_inferred_surface_flow", "is_inferred": true, "acc_cells": 83, "upstream_area_m2": 74737.835011131116, "length_m": 30.0 }, "geometry": { "type": "LineString", "coordinates": [ [ 376517.790579124644864, 2046501.902720903046429 ], [ 376547.790579124644864, 2046501.902720903046429 ] ] } },
{ "type": "Feature", "properties": { "drain_id": "RN_DRAIN_00150", "source_type": "dem_inferred_surface_flow", "is_inferred": true, "acc_cells": 82, "upstream_area_m2": 73696.583197661661, "length_m": 30.0 }, "geometry": { "type": "LineString", "coordinates": [ [ 376547.790579124644864, 2046501.902720903046429 ], [ 376577.790579124644864, 2046501.902720903046429 ] ] } },
{ "type": "Feature", "properties": { "drain_id": "RN_DRAIN_00151", "source_type": "dem_inferred_surface_flow", "is_inferred": true, "acc_cells": 92, "upstream_area_m2": 82621.420257701728, "length_m": 30.0 }, "geometry": { "type": "LineString", "coordinates": [ [ 376577.790579124644864, 2046501.902720903046429 ], [ 376607.790579124644864, 2046501.902720903046429 ] ] } },
{ "type": "Feature", "properties": { "drain_id": "RN_DRAIN_00152", "source_type": "dem_inferred_surface_flow", "is_inferred": true, "acc_cells": 84, "upstream_area_m2": 75819.426590485411, "length_m": 30.0 }, "geometry": { "type": "LineString", "coordinates": [ [ 376607.790579124644864, 2046501.902720903046429 ], [ 376637.790579124644864, 2046501.902720903046429 ] ] } },
{ "type": "Feature", "properties": { "drain_id": "RN_DRAIN_00153", "source_type": "dem_inferred_surface_flow", "is_inferred": true, "acc_cells": 104, "upstream_area_m2": 93308.770888246305, "length_m": 30.0 }, "geometry": { "type": "LineString", "coordinates": [ [ 376637.790579124644864, 2046501.902720903046429 ], [ 376667.790579124644864, 2046501.902720903046429 ] ] } },
{ "type": "Feature", "properties": { "drain_id": "RN_DRAIN_00154", "source_type": "dem_inferred_surface_flow", "is_inferred": true, "acc_cells": 112, "upstream_area_m2": 100987.89047259557, "length_m": 30.0 }, "geometry": { "type": "LineString", "coordinates": [ [ 376667.790579124644864, 2046501.902720903046429 ], [ 376697.790579124644864, 2046501.902720903046429 ] ] } },
{ "type": "Feature", "properties": { "drain_id": "RN_DRAIN_00155", "source_type": "dem_inferred_surface_flow", "is_inferred": true, "acc_cells": 124, "upstream_area_m2": 112006.27410125126, "length_m": 42.43 }, "geometry": { "type": "LineString", "coordinates": [ [ 376697.790579124644864, 2046501.902720903046429 ], [ 376727.790579124644864, 2046531.902720903046429 ] ] } },
{ "type": "Feature", "properties": { "drain_id": "RN_DRAIN_00156", "source_type": "dem_inferred_surface_flow", "is_inferred": true, "acc_cells": 261, "upstream_area_m2": 235265.93138655584, "length_m": 42.43 }, "geometry": { "type": "LineString", "coordinates": [ [ 377147.790579124644864, 2046501.902720903046429 ], [ 377177.790579124644864, 2046531.902720903046429 ] ] } },
{ "type": "Feature", "properties": { "drain_id": "RN_DRAIN_00157", "source_type": "dem_inferred_surface_flow", "is_inferred": true, "acc_cells": 10477, "upstream_area_m2": 9429242.7180019822, "length_m": 30.0 }, "geometry": { "type": "LineString", "coordinates": [ [ 377177.790579124644864, 2046501.902720903046429 ], [ 377177.790579124644864, 2046531.902720903046429 ] ] } },
{ "type": "Feature", "properties": { "drain_id": "RN_DRAIN_00158", "source_type": "dem_inferred_surface_flow", "is_inferred": true, "acc_cells": 5939, "upstream_area_m2": 5344863.6247539083, "length_m": 42.43 }, "geometry": { "type": "LineString", "coordinates": [ [ 377417.790579124644864, 2046501.902720903046429 ], [ 377387.790579124644864, 2046531.902720903046429 ] ] } },
{ "type": "Feature", "properties": { "drain_id": "RN_DRAIN_00159", "source_type": "dem_inferred_surface_flow", "is_inferred": true, "acc_cells": 67, "upstream_area_m2": 60633.088574373724, "length_m": 42.43 }, "geometry": { "type": "LineString", "coordinates": [ [ 377687.790579124644864, 2046501.902720903046429 ], [ 377657.790579124644864, 2046531.902720903046429 ] ] } },
{ "type": "Feature", "properties": { "drain_id": "RN_DRAIN_00160", "source_type": "dem_inferred_surface_flow", "is_inferred": true, "acc_cells": 47, "upstream_area_m2": 42163.640391369343, "length_m": 30.0 }, "geometry": { "type": "LineString", "coordinates": [ [ 378047.790579124644864, 2046501.902720903046429 ], [ 378047.790579124644864, 2046531.902720903046429 ] ] } },
{ "type": "Feature", "properties": { "drain_id": "RN_DRAIN_00161", "source_type": "dem_inferred_surface_flow", "is_inferred": true, "acc_cells": 53, "upstream_area_m2": 47792.003364954922, "length_m": 30.0 }, "geometry": { "type": "LineString", "coordinates": [ [ 377087.790579124644864, 2046471.902720903046429 ], [ 377117.790579124644864, 2046471.902720903046429 ] ] } },
{ "type": "Feature", "properties": { "drain_id": "RN_DRAIN_00162", "source_type": "dem_inferred_surface_flow", "is_inferred": true, "acc_cells": 40, "upstream_area_m2": 35625.925207390203, "length_m": 42.43 }, "geometry": { "type": "LineString", "coordinates": [ [ 377117.790579124644864, 2046471.902720903046429 ], [ 377147.790579124644864, 2046501.902720903046429 ] ] } },
{ "type": "Feature", "properties": { "drain_id": "RN_DRAIN_00163", "source_type": "dem_inferred_surface_flow", "is_inferred": true, "acc_cells": 247, "upstream_area_m2": 222085.47413732237, "length_m": 42.43 }, "geometry": { "type": "LineString", "coordinates": [ [ 377147.790579124644864, 2046471.902720903046429 ], [ 377177.790579124644864, 2046501.902720903046429 ] ] } },
{ "type": "Feature", "properties": { "drain_id": "RN_DRAIN_00164", "source_type": "dem_inferred_surface_flow", "is_inferred": true, "acc_cells": 10147, "upstream_area_m2": 9132377.5405755024, "length_m": 30.0 }, "geometry": { "type": "LineString", "coordinates": [ [ 377177.790579124644864, 2046471.902720903046429 ], [ 377177.790579124644864, 2046501.902720903046429 ] ] } },
{ "type": "Feature", "properties": { "drain_id": "RN_DRAIN_00165", "source_type": "dem_inferred_surface_flow", "is_inferred": true, "acc_cells": 318, "upstream_area_m2": 286186.53087071114, "length_m": 42.43 }, "geometry": { "type": "LineString", "coordinates": [ [ 377207.790579124644864, 2046471.902720903046429 ], [ 377177.790579124644864, 2046501.902720903046429 ] ] } },
{ "type": "Feature", "properties": { "drain_id": "RN_DRAIN_00166", "source_type": "dem_inferred_surface_flow", "is_inferred": true, "acc_cells": 61, "upstream_area_m2": 54724.13148665084, "length_m": 42.43 }, "geometry": { "type": "LineString", "coordinates": [ [ 377387.790579124644864, 2046471.902720903046429 ], [ 377417.790579124644864, 2046501.902720903046429 ] ] } },
{ "type": "Feature", "properties": { "drain_id": "RN_DRAIN_00167", "source_type": "dem_inferred_surface_flow", "is_inferred": true, "acc_cells": 5053, "upstream_area_m2": 4547935.4686523778, "length_m": 30.0 }, "geometry": { "type": "LineString", "coordinates": [ [ 377417.790579124644864, 2046471.902720903046429 ], [ 377417.790579124644864, 2046501.902720903046429 ] ] } },
{ "type": "Feature", "properties": { "drain_id": "RN_DRAIN_00168", "source_type": "dem_inferred_surface_flow", "is_inferred": true, "acc_cells": 832, "upstream_area_m2": 749101.49919966771, "length_m": 42.43 }, "geometry": { "type": "LineString", "coordinates": [ [ 377447.790579124644864, 2046471.902720903046429 ], [ 377417.790579124644864, 2046501.902720903046429 ] ] } },
{ "type": "Feature", "properties": { "drain_id": "RN_DRAIN_00169", "source_type": "dem_inferred_surface_flow", "is_inferred": true, "acc_cells": 65, "upstream_area_m2": 58256.100416890877, "length_m": 42.43 }, "geometry": { "type": "LineString", "coordinates": [ [ 377717.790579124644864, 2046471.902720903046429 ], [ 377687.790579124644864, 2046501.902720903046429 ] ] } },
{ "type": "Feature", "properties": { "drain_id": "RN_DRAIN_00170", "source_type": "dem_inferred_surface_flow", "is_inferred": true, "acc_cells": 56, "upstream_area_m2": 49990.896127246873, "length_m": 30.0 }, "geometry": { "type": "LineString", "coordinates": [ [ 377747.790579124644864, 2046471.902720903046429 ], [ 377717.790579124644864, 2046471.902720903046429 ] ] } },
{ "type": "Feature", "properties": { "drain_id": "RN_DRAIN_00171", "source_type": "dem_inferred_surface_flow", "is_inferred": true, "acc_cells": 28, "upstream_area_m2": 24918.257549870603, "length_m": 30.0 }, "geometry": { "type": "LineString", "coordinates": [ [ 377777.790579124644864, 2046471.902720903046429 ], [ 377747.790579124644864, 2046471.902720903046429 ] ] } },
{ "type": "Feature", "properties": { "drain_id": "RN_DRAIN_00172", "source_type": "dem_inferred_surface_flow", "is_inferred": true, "acc_cells": 29, "upstream_area_m2": 26191.516017009319, "length_m": 42.43 }, "geometry": { "type": "LineString", "coordinates": [ [ 377867.790579124644864, 2046471.902720903046429 ], [ 377837.790579124644864, 2046441.902720903046429 ] ] } },
{ "type": "Feature", "properties": { "drain_id": "RN_DRAIN_00173", "source_type": "dem_inferred_surface_flow", "is_inferred": true, "acc_cells": 44, "upstream_area_m2": 39506.312776737323, "length_m": 30.0 }, "geometry": { "type": "LineString", "coordinates": [ [ 378047.790579124644864, 2046471.902720903046429 ], [ 378047.790579124644864, 2046501.902720903046429 ] ] } },
{ "type": "Feature", "properties": { "drain_id": "RN_DRAIN_00174", "source_type": "dem_inferred_surface_flow", "is_inferred": true, "acc_cells": 29, "upstream_area_m2": 25963.104190348462, "length_m": 30.0 }, "geometry": { "type": "LineString", "coordinates": [ [ 376877.790579124644864, 2046441.902720903046429 ], [ 376907.790579124644864, 2046441.902720903046429 ] ] } },
{ "type": "Feature", "properties": { "drain_id": "RN_DRAIN_00175", "source_type": "dem_inferred_surface_flow", "is_inferred": true, "acc_cells": 31, "upstream_area_m2": 27623.30626808128, "length_m": 30.0 }, "geometry": { "type": "LineString", "coordinates": [ [ 376907.790579124644864, 2046441.902720903046429 ], [ 376937.790579124644864, 2046441.902720903046429 ] ] } },
{ "type": "Feature", "properties": { "drain_id": "RN_DRAIN_00176", "source_type": "dem_inferred_surface_flow", "is_inferred": true, "acc_cells": 33, "upstream_area_m2": 29886.405734462933, "length_m": 42.43 }, "geometry": { "type": "LineString", "coordinates": [ [ 376937.790579124644864, 2046441.902720903046429 ], [ 376967.790579124644864, 2046411.902720903046429 ] ] } },
{ "type": "Feature", "properties": { "drain_id": "RN_DRAIN_00177", "source_type": "dem_inferred_surface_flow", "is_inferred": true, "acc_cells": 53, "upstream_area_m2": 48125.691796014486, "length_m": 42.43 }, "geometry": { "type": "LineString", "coordinates": [ [ 377057.790579124644864, 2046441.902720903046429 ], [ 377087.790579124644864, 2046471.902720903046429 ] ] } },
{ "type": "Feature", "properties": { "drain_id": "RN_DRAIN_00178", "source_type": "dem_inferred_surface_flow", "is_inferred": true, "acc_cells": 192, "upstream_area_m2": 172512.86247563461, "length_m": 42.43 }, "geometry": { "type": "LineString", "coordinates": [ [ 377147.790579124644864, 2046441.902720903046429 ], [ 377177.790579124644864, 2046471.902720903046429 ] ] } },
{ "type": "Feature", "properties": { "drain_id": "RN_DRAIN_00179", "source_type": "dem_inferred_surface_flow", "is_inferred": true, "acc_cells": 10082, "upstream_area_m2": 9073458.5318259019, "length_m": 30.0 }, "geometry": { "type": "LineString", "coordinates": [ [ 377177.790579124644864, 2046441.902720903046429 ], [ 377177.790579124644864, 2046471.902720903046429 ] ] } },
{ "type": "Feature", "properties": { "drain_id": "RN_DRAIN_00180", "source_type": "dem_inferred_surface_flow", "is_inferred": true, "acc_cells": 396, "upstream_area_m2": 356390.34843899001, "length_m": 42.43 }, "geometry": { "type": "LineString", "coordinates": [ [ 377207.790579124644864, 2046441.902720903046429 ], [ 377177.790579124644864, 2046471.902720903046429 ] ] } },
{ "type": "Feature", "properties": { "drain_id": "RN_DRAIN_00181", "source_type": "dem_inferred_surface_flow", "is_inferred": true, "acc_cells": 4436, "upstream_area_m2": 3992198.3641213812, "length_m": 30.0 }, "geometry": { "type": "LineString", "coordinates": [ [ 377417.790579124644864, 2046441.902720903046429 ], [ 377417.790579124644864, 2046471.902720903046429 ] ] } },
{ "type": "Feature", "properties": { "drain_id": "RN_DRAIN_00182", "source_type": "dem_inferred_surface_flow", "is_inferred": true, "acc_cells": 1501, "upstream_area_m2": 1350949.086263109, "length_m": 42.43 }, "geometry": { "type": "LineString", "coordinates": [ [ 377447.790579124644864, 2046441.902720903046429 ], [ 377417.790579124644864, 2046471.902720903046429 ] ] } },
{ "type": "Feature", "properties": { "drain_id": "RN_DRAIN_00183", "source_type": "dem_inferred_surface_flow", "is_inferred": true, "acc_cells": 38, "upstream_area_m2": 34234.860088765839, "length_m": 42.43 }, "geometry": { "type": "LineString", "coordinates": [ [ 377807.790579124644864, 2046441.902720903046429 ], [ 377777.790579124644864, 2046471.902720903046429 ] ] } },
{ "type": "Feature", "properties": { "drain_id": "RN_DRAIN_00184", "source_type": "dem_inferred_surface_flow", "is_inferred": true, "acc_cells": 34, "upstream_area_m2": 30544.881973427666, "length_m": 30.0 }, "geometry": { "type": "LineString", "coordinates": [ [ 377837.790579124644864, 2046441.902720903046429 ], [ 377807.790579124644864, 2046441.902720903046429 ] ] } },
{ "type": "Feature", "properties": { "drain_id": "RN_DRAIN_00185", "source_type": "dem_inferred_surface_flow", "is_inferred": true, "acc_cells": 42, "upstream_area_m2": 37870.191030999064, "length_m": 30.0 }, "geometry": { "type": "LineString", "coordinates": [ [ 378047.790579124644864, 2046441.902720903046429 ], [ 378047.790579124644864, 2046471.902720903046429 ] ] } },
{ "type": "Feature", "properties": { "drain_id": "RN_DRAIN_00186", "source_type": "dem_inferred_surface_flow", "is_inferred": true, "acc_cells": 39, "upstream_area_m2": 35509.186195964503, "length_m": 30.0 }, "geometry": { "type": "LineString", "coordinates": [ [ 376967.790579124644864, 2046411.902720903046429 ], [ 376997.790579124644864, 2046411.902720903046429 ] ] } },
{ "type": "Feature", "properties": { "drain_id": "RN_DRAIN_00187", "source_type": "dem_inferred_surface_flow", "is_inferred": true, "acc_cells": 50, "upstream_area_m2": 45001.561505901656, "length_m": 30.0 }, "geometry": { "type": "LineString", "coordinates": [ [ 376997.790579124644864, 2046411.902720903046429 ], [ 377027.790579124644864, 2046411.902720903046429 ] ] } },
{ "type": "Feature", "properties": { "drain_id": "RN_DRAIN_00188", "source_type": "dem_inferred_surface_flow", "is_inferred": true, "acc_cells": 52, "upstream_area_m2": 46848.363487628136, "length_m": 42.43 }, "geometry": { "type": "LineString", "coordinates": [ [ 377027.790579124644864, 2046411.902720903046429 ], [ 377057.790579124644864, 2046441.902720903046429 ] ] } },
{ "type": "Feature", "properties": { "drain_id": "RN_DRAIN_00189", "source_type": "dem_inferred_surface_flow", "is_inferred": true, "acc_cells": 50, "upstream_area_m2": 44845.644654578609, "length_m": 42.43 }, "geometry": { "type": "LineString", "coordinates": [ [ 377117.790579124644864, 2046411.902720903046429 ], [ 377147.790579124644864, 2046441.902720903046429 ] ] } },
{ "type": "Feature", "properties": { "drain_id": "RN_DRAIN_00190", "source_type": "dem_inferred_surface_flow", "is_inferred": true, "acc_cells": 29, "upstream_area_m2": 25764.474328937555, "length_m": 30.0 }, "geometry": { "type": "LineString", "coordinates": [ [ 377147.790579124644864, 2046411.902720903046429 ], [ 377177.790579124644864, 2046411.902720903046429 ] ] } },
{ "type": "Feature", "properties": { "drain_id": "RN_DRAIN_00191", "source_type": "dem_inferred_surface_flow", "is_inferred": true, "acc_cells": 10092, "upstream_area_m2": 9082420.0524120089, "length_m": 30.0 }, "geometry": { "type": "LineString", "coordinates": [ [ 377177.790579124644864, 2046411.902720903046429 ], [ 377177.790579124644864, 2046441.902720903046429 ] ] } },
{ "type": "Feature", "properties": { "drain_id": "RN_DRAIN_00192", "source_type": "dem_inferred_surface_flow", "is_inferred": true, "acc_cells": 510, "upstream_area_m2": 459003.00918012892, "length_m": 30.0 }, "geometry": { "type": "LineString", "coordinates": [ [ 377207.790579124644864, 2046411.902720903046429 ], [ 377177.790579124644864, 2046411.902720903046429 ] ] } },
{ "type": "Feature", "properties": { "drain_id": "RN_DRAIN_00193", "source_type": "dem_inferred_surface_flow", "is_inferred": true, "acc_cells": 2951, "upstream_area_m2": 2655568.0067038406, "length_m": 30.0 }, "geometry": { "type": "LineString", "coordinates": [ [ 377417.790579124644864, 2046411.902720903046429 ], [ 377417.790579124644864, 2046441.902720903046429 ] ] } },
{ "type": "Feature", "properties": { "drain_id": "RN_DRAIN_00194", "source_type": "dem_inferred_surface_flow", "is_inferred": true, "acc_cells": 2987, "upstream_area_m2": 2688310.6464517103, "length_m": 42.43 }, "geometry": { "type": "LineString", "coordinates": [ [ 377447.790579124644864, 2046411.902720903046429 ], [ 377417.790579124644864, 2046441.902720903046429 ] ] } },
{ "type": "Feature", "properties": { "drain_id": "RN_DRAIN_00195", "source_type": "dem_inferred_surface_flow", "is_inferred": true, "acc_cells": 40, "upstream_area_m2": 36123.969725011812, "length_m": 30.0 }, "geometry": { "type": "LineString", "coordinates": [ [ 378047.790579124644864, 2046411.902720903046429 ], [ 378047.790579124644864, 2046441.902720903046429 ] ] } },
{ "type": "Feature", "properties": { "drain_id": "RN_DRAIN_00196", "source_type": "dem_inferred_surface_flow", "is_inferred": true, "acc_cells": 25, "upstream_area_m2": 22513.517379165951, "length_m": 42.43 }, "geometry": { "type": "LineString", "coordinates": [ [ 378107.790579124644864, 2046411.902720903046429 ], [ 378077.790579124644864, 2046381.902720903046429 ] ] } },
{ "type": "Feature", "properties": { "drain_id": "RN_DRAIN_00197", "source_type": "dem_inferred_surface_flow", "is_inferred": true, "acc_cells": 236, "upstream_area_m2": 211977.52545742918, "length_m": 13.89 }, "geometry": { "type": "LineString", "coordinates": [ [ 376503.898341461026575, 2046381.902720903046429 ], [ 376517.790579124644864, 2046381.902720903046429 ] ] } },
{ "type": "Feature", "properties": { "drain_id": "RN_DRAIN_00198", "source_type": "dem_inferred_surface_flow", "is_inferred": true, "acc_cells": 240, "upstream_area_m2": 215646.88821966358, "length_m": 30.0 }, "geometry": { "type": "LineString", "coordinates": [ [ 376517.790579124644864, 2046381.902720903046429 ], [ 376547.790579124644864, 2046381.902720903046429 ] ] } },
{ "type": "Feature", "properties": { "drain_id": "RN_DRAIN_00199", "source_type": "dem_inferred_surface_flow", "is_inferred": true, "acc_cells": 260, "upstream_area_m2": 233581.73240945963, "length_m": 30.0 }, "geometry": { "type": "LineString", "coordinates": [ [ 376547.790579124644864, 2046381.902720903046429 ], [ 376577.790579124644864, 2046381.902720903046429 ] ] } },
{ "type": "Feature", "properties": { "drain_id": "RN_DRAIN_00200", "source_type": "dem_inferred_surface_flow", "is_inferred": true, "acc_cells": 264, "upstream_area_m2": 237700.21250788026, "length_m": 42.43 }, "geometry": { "type": "LineString", "coordinates": [ [ 376577.790579124644864, 2046381.902720903046429 ], [ 376607.790579124644864, 2046351.902720903046429 ] ] } },
{ "type": "Feature", "properties": { "drain_id": "RN_DRAIN_00201", "source_type": "dem_inferred_surface_flow", "is_inferred": true, "acc_cells": 68, "upstream_area_m2": 60849.090879882191, "length_m": 42.43 }, "geometry": { "type": "LineString", "coordinates": [ [ 377087.790579124644864, 2046381.902720903046429 ], [ 377117.790579124644864, 2046351.902720903046429 ] ] } },
{ "type": "Feature", "properties": { "drain_id": "RN_DRAIN_00202", "source_type": "dem_inferred_surface_flow", "is_inferred": true, "acc_cells": 38, "upstream_area_m2": 33854.091977619195, "length_m": 42.43 }, "geometry": { "type": "LineString", "coordinates": [ [ 377117.790579124644864, 2046381.902720903046429 ], [ 377147.790579124644864, 2046351.902720903046429 ] ] } },
{ "type": "Feature", "properties": { "drain_id": "RN_DRAIN_00203", "source_type": "dem_inferred_surface_flow", "is_inferred": true, "acc_cells": 59, "upstream_area_m2": 53128.519431805122, "length_m": 42.43 }, "geometry": { "type": "LineString", "coordinates": [ [ 377147.790579124644864, 2046381.902720903046429 ], [ 377177.790579124644864, 2046411.902720903046429 ] ] } },
{ "type": "Feature", "properties": { "drain_id": "RN_DRAIN_00204", "source_type": "dem_inferred_surface_flow", "is_inferred": true, "acc_cells": 9766, "upstream_area_m2": 8789692.7538954224, "length_m": 30.0 }, "geometry": { "type": "LineString", "coordinates": [ [ 377177.790579124644864, 2046381.902720903046429 ], [ 377177.790579124644864, 2046411.902720903046429 ] ] } },
{ "type": "Feature", "properties": { "drain_id": "RN_DRAIN_00205", "source_type": "dem_inferred_surface_flow", "is_inferred": true, "acc_cells": 813, "upstream_area_m2": 731586.57782509818, "length_m": 42.43 }, "geometry": { "type": "LineString", "coordinates": [ [ 377207.790579124644864, 2046381.902720903046429 ], [ 377177.790579124644864, 2046411.902720903046429 ] ] } },
{ "type": "Feature", "properties": { "drain_id": "RN_DRAIN_00206", "source_type": "dem_inferred_surface_flow", "is_inferred": true, "acc_cells": 136, "upstream_area_m2": 121981.96305294849, "length_m": 42.43 }, "geometry": { "type": "LineString", "coordinates": [ [ 377417.790579124644864, 2046381.902720903046429 ], [ 377447.790579124644864, 2046411.902720903046429 ] ] } },
{ "type": "Feature", "properties": { "drain_id": "RN_DRAIN_00207", "source_type": "dem_inferred_surface_flow", "is_inferred": true, "acc_cells": 5818, "upstream_area_m2": 5236406.6464371495, "length_m": 30.0 }, "geometry": { "type": "LineString", "coordinates": [ [ 377447.790579124644864, 2046381.902720903046429 ], [ 377447.790579124644864, 2046411.902720903046429 ] ] } },
{ "type": "Feature", "properties": { "drain_id": "RN_DRAIN_00208", "source_type": "dem_inferred_surface_flow", "is_inferred": true, "acc_cells": 29, "upstream_area_m2": 25703.430108781733, "length_m": 42.43 }, "geometry": { "type": "LineString", "coordinates": [ [ 377567.790579124644864, 2046381.902720903046429 ], [ 377537.790579124644864, 2046351.902720903046429 ] ] } },
{ "type": "Feature", "properties": { "drain_id": "RN_DRAIN_00209", "source_type": "dem_inferred_surface_flow", "is_inferred": true, "acc_cells": 37, "upstream_area_m2": 33551.264953379039, "length_m": 42.43 }, "geometry": { "type": "LineString", "coordinates": [ [ 378077.790579124644864, 2046381.902720903046429 ], [ 378047.790579124644864, 2046411.902720903046429 ] ] } },
{ "type": "Feature", "properties": { "drain_id": "RN_DRAIN_00210", "source_type": "dem_inferred_surface_flow", "is_inferred": true, "acc_cells": 267, "upstream_area_m2": 240161.97372226327, "length_m": 42.43 }, "geometry": { "type": "LineString", "coordinates": [ [ 376607.790579124644864, 2046351.902720903046429 ], [ 376637.790579124644864, 2046321.902720903046429 ] ] } },
{ "type": "Feature", "properties": { "drain_id": "RN_DRAIN_00211", "source_type": "dem_inferred_surface_flow", "is_inferred": true, "acc_cells": 69, "upstream_area_m2": 61712.019580799388, "length_m": 30.0 }, "geometry": { "type": "LineString", "coordinates": [ [ 377057.790579124644864, 2046351.902720903046429 ], [ 377057.790579124644864, 2046321.902720903046429 ] ] } },
{ "type": "Feature", "properties": { "drain_id": "RN_DRAIN_00212", "source_type": "dem_inferred_surface_flow", "is_inferred": true, "acc_cells": 224, "upstream_area_m2": 201683.18420459889, "length_m": 30.0 }, "geometry": { "type": "LineString", "coordinates": [ [ 377117.790579124644864, 2046351.902720903046429 ], [ 377147.790579124644864, 2046351.902720903046429 ] ] } },
{ "type": "Feature", "properties": { "drain_id": "RN_DRAIN_00213", "source_type": "dem_inferred_surface_flow", "is_inferred": true, "acc_cells": 223, "upstream_area_m2": 201009.66358246695, "length_m": 42.43 }, "geometry": { "type": "LineString", "coordinates": [ [ 377147.790579124644864, 2046351.902720903046429 ], [ 377177.790579124644864, 2046381.902720903046429 ] ] } },
{ "type": "Feature", "properties": { "drain_id": "RN_DRAIN_00214", "source_type": "dem_inferred_surface_flow", "is_inferred": true, "acc_cells": 9070, "upstream_area_m2": 8162632.539775636, "length_m": 30.0 }, "geometry": { "type": "LineString", "coordinates": [ [ 377177.790579124644864, 2046351.902720903046429 ], [ 377177.790579124644864, 2046381.902720903046429 ] ] } },
{ "type": "Feature", "properties": { "drain_id": "RN_DRAIN_00215", "source_type": "dem_inferred_surface_flow", "is_inferred": true, "acc_cells": 1429, "upstream_area_m2": 1286303.0624022519, "length_m": 42.43 }, "geometry": { "type": "LineString", "coordinates": [ [ 377207.790579124644864, 2046351.902720903046429 ], [ 377177.790579124644864, 2046381.902720903046429 ] ] } },
{ "type": "Feature", "properties": { "drain_id": "RN_DRAIN_00216", "source_type": "dem_inferred_surface_flow", "is_inferred": true, "acc_cells": 166, "upstream_area_m2": 148959.02987316035, "length_m": 30.0 }, "geometry": { "type": "LineString", "coordinates": [ [ 377447.790579124644864, 2046351.902720903046429 ], [ 377447.790579124644864, 2046381.902720903046429 ] ] } },
{ "type": "Feature", "properties": { "drain_id": "RN_DRAIN_00217", "source_type": "dem_inferred_surface_flow", "is_inferred": true, "acc_cells": 5811, "upstream_area_m2": 5229863.6537030274, "length_m": 42.43 }, "geometry": { "type": "LineString", "coordinates": [ [ 377477.790579124644864, 2046351.902720903046429 ], [ 377447.790579124644864, 2046381.902720903046429 ] ] } },
{ "type": "Feature", "properties": { "drain_id": "RN_DRAIN_00218", "source_type": "dem_inferred_surface_flow", "is_inferred": true, "acc_cells": 30, "upstream_area_m2": 27338.349402655302, "length_m": 42.43 }, "geometry": { "type": "LineString", "coordinates": [ [ 377537.790579124644864, 2046351.902720903046429 ], [ 377507.790579124644864, 2046321.902720903046429 ] ] } },
{ "type": "Feature", "properties": { "drain_id": "RN_DRAIN_00219", "source_type": "dem_inferred_surface_flow", "is_inferred": true, "acc_cells": 29, "upstream_area_m2": 25888.853200812013, "length_m": 42.43 }, "geometry": { "type": "LineString", "coordinates": [ [ 378437.790579124644864, 2046351.902720903046429 ], [ 378407.790579124644864, 2046321.902720903046429 ] ] } },
{ "type": "Feature", "properties": { "drain_id": "RN_DRAIN_00220", "source_type": "dem_inferred_surface_flow", "is_inferred": true, "acc_cells": 270, "upstream_area_m2": 242983.40785984794, "length_m": 42.43 }, "geometry": { "type": "LineString", "coordinates": [ [ 376637.790579124644864, 2046321.902720903046429 ], [ 376667.790579124644864, 2046291.902720903046429 ] ] } },
{ "type": "Feature", "properties": { "drain_id": "RN_DRAIN_00221", "source_type": "dem_inferred_surface_flow", "is_inferred": true, "acc_cells": 30, "upstream_area_m2": 27141.572443917226, "length_m": 30.0 }, "geometry": { "type": "LineString", "coordinates": [ [ 376667.790579124644864, 2046321.902720903046429 ], [ 376667.790579124644864, 2046291.902720903046429 ] ] } },
{ "type": "Feature", "properties": { "drain_id": "RN_DRAIN_00222", "source_type": "dem_inferred_surface_flow", "is_inferred": true, "acc_cells": 208, "upstream_area_m2": 187077.3574192916, "length_m": 30.0 }, "geometry": { "type": "LineString", "coordinates": [ [ 376907.790579124644864, 2046321.902720903046429 ], [ 376937.790579124644864, 2046321.902720903046429 ] ] } },
{ "type": "Feature", "properties": { "drain_id": "RN_DRAIN_00223", "source_type": "dem_inferred_surface_flow", "is_inferred": true, "acc_cells": 308, "upstream_area_m2": 277472.08559248794, "length_m": 30.0 }, "geometry": { "type": "LineString", "coordinates": [ [ 376937.790579124644864, 2046321.902720903046429 ], [ 376967.790579124644864, 2046321.902720903046429 ] ] } },
{ "type": "Feature", "properties": { "drain_id": "RN_DRAIN_00224", "source_type": "dem_inferred_surface_flow", "is_inferred": true, "acc_cells": 408, "upstream_area_m2": 367524.69495167828, "length_m": 30.0 }, "geometry": { "type": "LineString", "coordinates": [ [ 376967.790579124644864, 2046321.902720903046429 ], [ 376997.790579124644864, 2046321.902720903046429 ] ] } },
{ "type": "Feature", "properties": { "drain_id": "RN_DRAIN_00225", "source_type": "dem_inferred_surface_flow", "is_inferred": true, "acc_cells": 390, "upstream_area_m2": 350989.38968068745, "length_m": 30.0 }, "geometry": { "type": "LineString", "coordinates": [ [ 376997.790579124644864, 2046321.902720903046429 ], [ 377027.790579124644864, 2046321.902720903046429 ] ] } },
{ "type": "Feature", "properties": { "drain_id": "RN_DRAIN_00226", "source_type": "dem_inferred_surface_flow", "is_inferred": true, "acc_cells": 407, "upstream_area_m2": 366111.84626397403, "length_m": 30.0 }, "geometry": { "type": "LineString", "coordinates": [ [ 377027.790579124644864, 2046321.902720903046429 ], [ 377057.790579124644864, 2046321.902720903046429 ] ] } },
{ "type": "Feature", "properties": { "drain_id": "RN_DRAIN_00227", "source_type": "dem_inferred_surface_flow", "is_inferred": true, "acc_cells": 354, "upstream_area_m2": 318818.65102095285, "length_m": 30.0 }, "geometry": { "type": "LineString", "coordinates": [ [ 377057.790579124644864, 2046321.902720903046429 ], [ 377087.790579124644864, 2046321.902720903046429 ] ] } },
{ "type": "Feature", "properties": { "drain_id": "RN_DRAIN_00228", "source_type": "dem_inferred_surface_flow", "is_inferred": true, "acc_cells": 338, "upstream_area_m2": 304514.01021939202, "length_m": 42.43 }, "geometry": { "type": "LineString", "coordinates": [ [ 377087.790579124644864, 2046321.902720903046429 ], [ 377117.790579124644864, 2046351.902720903046429 ] ] } },
{ "type": "Feature", "properties": { "drain_id": "RN_DRAIN_00229", "source_type": "dem_inferred_surface_flow", "is_inferred": true, "acc_cells": 121, "upstream_area_m2": 109180.99853481347, "length_m": 30.0 }, "geometry": { "type": "LineString", "coordinates": [ [ 377117.790579124644864, 2046321.902720903046429 ], [ 377117.790579124644864, 2046351.902720903046429 ] ] } },
{ "type": "Feature", "properties": { "drain_id": "RN_DRAIN_00230", "source_type": "dem_inferred_surface_flow", "is_inferred": true, "acc_cells": 84, "upstream_area_m2": 75700.65777951463, "length_m": 42.43 }, "geometry": { "type": "LineString", "coordinates": [ [ 377147.790579124644864, 2046321.902720903046429 ], [ 377177.790579124644864, 2046351.902720903046429 ] ] } },
{ "type": "Feature", "properties": { "drain_id": "RN_DRAIN_00231", "source_type": "dem_inferred_surface_flow", "is_inferred": true, "acc_cells": 7740, "upstream_area_m2": 6965762.6126566231, "length_m": 30.0 }, "geometry": { "type": "LineString", "coordinates": [ [ 377177.790579124644864, 2046321.902720903046429 ], [ 377177.790579124644864, 2046351.902720903046429 ] ] } },
{ "type": "Feature", "properties": { "drain_id": "RN_DRAIN_00232", "source_type": "dem_inferred_surface_flow", "is_inferred": true, "acc_cells": 2577, "upstream_area_m2": 2319392.3983485349, "length_m": 42.43 }, "geometry": { "type": "LineString", "coordinates": [ [ 377207.790579124644864, 2046321.902720903046429 ], [ 377177.790579124644864, 2046351.902720903046429 ] ] } },
{ "type": "Feature", "properties": { "drain_id": "RN_DRAIN_00233", "source_type": "dem_inferred_surface_flow", "is_inferred": true, "acc_cells": 164, "upstream_area_m2": 147833.61443527031, "length_m": 30.0 }, "geometry": { "type": "LineString", "coordinates": [ [ 377477.790579124644864, 2046321.902720903046429 ], [ 377477.790579124644864, 2046351.902720903046429 ] ] } },
{ "type": "Feature", "properties": { "drain_id": "RN_DRAIN_00234", "source_type": "dem_inferred_surface_flow", "is_inferred": true, "acc_cells": 5799, "upstream_area_m2": 5219242.6958836578, "length_m": 42.43 }, "geometry": { "type": "LineString", "coordinates": [ [ 377507.790579124644864, 2046321.902720903046429 ], [ 377477.790579124644864, 2046351.902720903046429 ] ] } },
{ "type": "Feature", "properties": { "drain_id": "RN_DRAIN_00235", "source_type": "dem_inferred_surface_flow", "is_inferred": true, "acc_cells": 98, "upstream_area_m2": 88311.082393260338, "length_m": 30.0 }, "geometry": { "type": "LineString", "coordinates": [ [ 377537.790579124644864, 2046321.902720903046429 ], [ 377507.790579124644864, 2046321.902720903046429 ] ] } },
{ "type": "Feature", "properties": { "drain_id": "RN_DRAIN_00236", "source_type": "dem_inferred_surface_flow", "is_inferred": true, "acc_cells": 53, "upstream_area_m2": 47582.532046402805, "length_m": 42.43 }, "geometry": { "type": "LineString", "coordinates": [ [ 378377.790579124644864, 2046321.902720903046429 ], [ 378347.790579124644864, 2046291.902720903046429 ] ] } },
{ "type": "Feature", "properties": { "drain_id": "RN_DRAIN_00237", "source_type": "dem_inferred_surface_flow", "is_inferred": true, "acc_cells": 50, "upstream_area_m2": 44577.667295426625, "length_m": 30.0 }, "geometry": { "type": "LineString", "coordinates": [ [ 378407.790579124644864, 2046321.902720903046429 ], [ 378377.790579124644864, 2046321.902720903046429 ] ] } },
{ "type": "Feature", "properties": { "drain_id": "RN_DRAIN_00238", "source_type": "dem_inferred_surface_flow", "is_inferred": true, "acc_cells": 27, "upstream_area_m2": 24072.658489409318, "length_m": 42.43 }, "geometry": { "type": "LineString", "coordinates": [ [ 378587.790579124644864, 2046321.902720903046429 ], [ 378557.790579124644864, 2046291.902720903046429 ] ] } },
{ "type": "Feature", "properties": { "drain_id": "RN_DRAIN_00239", "source_type": "dem_inferred_surface_flow", "is_inferred": true, "acc_cells": 33, "upstream_area_m2": 29631.385708466387, "length_m": 42.43 }, "geometry": { "type": "LineString", "coordinates": [ [ 376607.790579124644864, 2046291.902720903046429 ], [ 376637.790579124644864, 2046321.902720903046429 ] ] } },
{ "type": "Feature", "properties": { "drain_id": "RN_DRAIN_00240", "source_type": "dem_inferred_surface_flow", "is_inferred": true, "acc_cells": 58, "upstream_area_m2": 52098.621404666592, "length_m": 30.0 }, "geometry": { "type": "LineString", "coordinates": [ [ 376637.790579124644864, 2046291.902720903046429 ], [ 376667.790579124644864, 2046291.902720903046429 ] ] } },
{ "type": "Feature", "properties": { "drain_id": "RN_DRAIN_00241", "source_type": "dem_inferred_surface_flow", "is_inferred": true, "acc_cells": 353, "upstream_area_m2": 317425.1005788038, "length_m": 42.43 }, "geometry": { "type": "LineString", "coordinates": [ [ 376667.790579124644864, 2046291.902720903046429 ], [ 376697.790579124644864, 2046261.902720903046429 ] ] } },
{ "type": "Feature", "properties": { "drain_id": "RN_DRAIN_00242", "source_type": "dem_inferred_surface_flow", "is_inferred": true, "acc_cells": 62, "upstream_area_m2": 55753.562812644028, "length_m": 30.0 }, "geometry": { "type": "LineString", "coordinates": [ [ 376847.790579124644864, 2046291.902720903046429 ], [ 376877.790579124644864, 2046291.902720903046429 ] ] } },
{ "type": "Feature", "properties": { "drain_id": "RN_DRAIN_00243", "source_type": "dem_inferred_surface_flow", "is_inferred": true, "acc_cells": 395, "upstream_area_m2": 355828.19058858597, "length_m": 42.43 }, "geometry": { "type": "LineString", "coordinates": [ [ 376877.790579124644864, 2046291.902720903046429 ], [ 376907.790579124644864, 2046321.902720903046429 ] ] } },
{ "type": "Feature", "properties": { "drain_id": "RN_DRAIN_00244", "source_type": "dem_inferred_surface_flow", "is_inferred": true, "acc_cells": 197, "upstream_area_m2": 177312.85331150694, "length_m": 42.43 }, "geometry": { "type": "LineString", "coordinates": [ [ 376907.790579124644864, 2046291.902720903046429 ], [ 376937.790579124644864, 2046321.902720903046429 ] ] } },
{ "type": "Feature", "properties": { "drain_id": "RN_DRAIN_00245", "source_type": "dem_inferred_surface_flow", "is_inferred": true, "acc_cells": 101, "upstream_area_m2": 90569.325527220935, "length_m": 42.43 }, "geometry": { "type": "LineString", "coordinates": [ [ 376937.790579124644864, 2046291.902720903046429 ], [ 376967.790579124644864, 2046321.902720903046429 ] ] } },
{ "type": "Feature", "properties": { "drain_id": "RN_DRAIN_00246", "source_type": "dem_inferred_surface_flow", "is_inferred": true, "acc_cells": 5096, "upstream_area_m2": 4586161.9855221892, "length_m": 30.0 }, "geometry": { "type": "LineString", "coordinates": [ [ 377177.790579124644864, 2046291.902720903046429 ], [ 377177.790579124644864, 2046321.902720903046429 ] ] } },
{ "type": "Feature", "properties": { "drain_id": "RN_DRAIN_00247", "source_type": "dem_inferred_surface_flow", "is_inferred": true, "acc_cells": 5141, "upstream_area_m2": 4627235.2504037991, "length_m": 42.43 }, "geometry": { "type": "LineString", "coordinates": [ [ 377207.790579124644864, 2046291.902720903046429 ], [ 377177.790579124644864, 2046321.902720903046429 ] ] } },
{ "type": "Feature", "properties": { "drain_id": "RN_DRAIN_00248", "source_type": "dem_inferred_surface_flow", "is_inferred": true, "acc_cells": 161, "upstream_area_m2": 144789.341335798, "length_m": 30.0 }, "geometry": { "type": "LineString", "coordinates": [ [ 377507.790579124644864, 2046291.902720903046429 ], [ 377507.790579124644864, 2046321.902720903046429 ] ] } },
{ "type": "Feature", "properties": { "drain_id": "RN_DRAIN_00249", "source_type": "dem_inferred_surface_flow", "is_inferred": true, "acc_cells": 5762, "upstream_area_m2": 5186199.8326920839, "length_m": 42.43 }, "geometry": { "type": "LineString", "coordinates": [ [ 377537.790579124644864, 2046291.902720903046429 ], [ 377507.790579124644864, 2046321.902720903046429 ] ] } },
{ "type": "Feature", "properties": { "drain_id": "RN_DRAIN_00250", "source_type": "dem_inferred_surface_flow", "is_inferred": true, "acc_cells": 166, "upstream_area_m2": 149018.99975421245, "length_m": 42.43 }, "geometry": { "type": "LineString", "coordinates": [ [ 378317.790579124644864, 2046291.902720903046429 ], [ 378287.790579124644864, 2046261.902720903046429 ] ] } },
{ "type": "Feature", "properties": { "drain_id": "RN_DRAIN_00251", "source_type": "dem_inferred_surface_flow", "is_inferred": true, "acc_cells": 57, "upstream_area_m2": 51344.215370903112, "length_m": 30.0 }, "geometry": { "type": "LineString", "coordinates": [ [ 378347.790579124644864, 2046291.902720903046429 ], [ 378317.790579124644864, 2046291.902720903046429 ] ] } },
{ "type": "Feature", "properties": { "drain_id": "RN_DRAIN_00252", "source_type": "dem_inferred_surface_flow", "is_inferred": true, "acc_cells": 63, "upstream_area_m2": 56780.829553771313, "length_m": 42.43 }, "geometry": { "type": "LineString", "coordinates": [ [ 378467.790579124644864, 2046291.902720903046429 ], [ 378437.790579124644864, 2046261.902720903046429 ] ] } },
{ "type": "Feature", "properties": { "drain_id": "RN_DRAIN_00253", "source_type": "dem_inferred_surface_flow", "is_inferred": true, "acc_cells": 74, "upstream_area_m2": 66985.593689706875, "length_m": 30.0 }, "geometry": { "type": "LineString", "coordinates": [ [ 378497.790579124644864, 2046291.902720903046429 ], [ 378467.790579124644864, 2046291.902720903046429 ] ] } },
{ "type": "Feature", "properties": { "drain_id": "RN_DRAIN_00254", "source_type": "dem_inferred_surface_flow", "is_inferred": true, "acc_cells": 71, "upstream_area_m2": 63965.184442654863, "length_m": 30.0 }, "geometry": { "type": "LineString", "coordinates": [ [ 378527.790579124644864, 2046291.902720903046429 ], [ 378497.790579124644864, 2046291.902720903046429 ] ] } },
{ "type": "Feature", "properties": { "drain_id": "RN_DRAIN_00255", "source_type": "dem_inferred_surface_flow", "is_inferred": true, "acc_cells": 59, "upstream_area_m2": 52978.156008221471, "length_m": 30.0 }, "geometry": { "type": "LineString", "coordinates": [ [ 378557.790579124644864, 2046291.902720903046429 ], [ 378527.790579124644864, 2046291.902720903046429 ] ] } },
{ "type": "Feature", "properties": { "drain_id": "RN_DRAIN_00256", "source_type": "dem_inferred_surface_flow", "is_inferred": true, "acc_cells": 46, "upstream_area_m2": 41674.220745784063, "length_m": 42.43 }, "geometry": { "type": "LineString", "coordinates": [ [ 376607.790579124644864, 2046261.902720903046429 ], [ 376637.790579124644864, 2046291.902720903046429 ] ] } },
{ "type": "Feature", "properties": { "drain_id": "RN_DRAIN_00257", "source_type": "dem_inferred_surface_flow", "is_inferred": true, "acc_cells": 354, "upstream_area_m2": 318732.76796592074, "length_m": 30.0 }, "geometry": { "type": "LineString", "coordinates": [ [ 376697.790579124644864, 2046261.902720903046429 ], [ 376697.790579124644864, 2046231.902720903046429 ] ] } },
{ "type": "Feature", "properties": { "drain_id": "RN_DRAIN_00258", "source_type": "dem_inferred_surface_flow", "is_inferred": true, "acc_cells": 327, "upstream_area_m2": 294040.93097513291, "length_m": 30.0 }, "geometry": { "type": "LineString", "coordinates": [ [ 376817.790579124644864, 2046261.902720903046429 ], [ 376847.790579124644864, 2046261.902720903046429 ] ] } },
{ "type": "Feature", "properties": { "drain_id": "RN_DRAIN_00259", "source_type": "dem_inferred_surface_flow", "is_inferred": true, "acc_cells": 334, "upstream_area_m2": 300768.35242995864, "length_m": 42.43 }, "geometry": { "type": "LineString", "coordinates": [ [ 376847.790579124644864, 2046261.902720903046429 ], [ 376877.790579124644864, 2046291.902720903046429 ] ] } },
{ "type": "Feature", "properties": { "drain_id": "RN_DRAIN_00260", "source_type": "dem_inferred_surface_flow", "is_inferred": true, "acc_cells": 9927, "upstream_area_m2": 8934617.6841944493, "length_m": 30.0 }, "geometry": { "type": "LineString", "coordinates": [ [ 377207.790579124644864, 2046261.902720903046429 ], [ 377207.790579124644864, 2046291.902720903046429 ] ] } },
{ "type": "Feature", "properties": { "drain_id": "RN_DRAIN_00261", "source_type": "dem_inferred_surface_flow", "is_inferred": true, "acc_cells": 254, "upstream_area_m2": 228204.02969543889, "length_m": 30.0 }, "geometry": { "type": "LineString", "coordinates": [ [ 377237.790579124644864, 2046261.902720903046429 ], [ 377207.790579124644864, 2046261.902720903046429 ] ] } },
{ "type": "Feature", "properties": { "drain_id": "RN_DRAIN_00262", "source_type": "dem_inferred_surface_flow", "is_inferred": true, "acc_cells": 159, "upstream_area_m2": 143302.85500079626, "length_m": 30.0 }, "geometry": { "type": "LineString", "coordinates": [ [ 377537.790579124644864, 2046261.902720903046429 ], [ 377537.790579124644864, 2046291.902720903046429 ] ] } },
{ "type": "Feature", "properties": { "drain_id": "RN_DRAIN_00263", "source_type": "dem_inferred_surface_flow", "is_inferred": true, "acc_cells": 5757, "upstream_area_m2": 5181235.3235577838, "length_m": 42.43 }, "geometry": { "type": "LineString", "coordinates": [ [ 377567.790579124644864, 2046261.902720903046429 ], [ 377537.790579124644864, 2046291.902720903046429 ] ] } },
{ "type": "Feature", "properties": { "drain_id": "RN_DRAIN_00264", "source_type": "dem_inferred_surface_flow", "is_inferred": true, "acc_cells": 170, "upstream_area_m2": 152898.05795636924, "length_m": 30.0 }, "geometry": { "type": "LineString", "coordinates": [ [ 378287.790579124644864, 2046261.902720903046429 ], [ 378287.790579124644864, 2046231.902720903046429 ] ] } },
{ "type": "Feature", "properties": { "drain_id": "RN_DRAIN_00265", "source_type": "dem_inferred_surface_flow", "is_inferred": true, "acc_cells": 118, "upstream_area_m2": 105981.54399014608, "length_m": 42.43 }, "geometry": { "type": "LineString", "coordinates": [ [ 378347.790579124644864, 2046261.902720903046429 ], [ 378317.790579124644864, 2046291.902720903046429 ] ] } },
{ "type": "Feature", "properties": { "drain_id": "RN_DRAIN_00266", "source_type": "dem_inferred_surface_flow", "is_inferred": true, "acc_cells": 83, "upstream_area_m2": 74401.308232557014, "length_m": 30.0 }, "geometry": { "type": "LineString", "coordinates": [ [ 378377.790579124644864, 2046261.902720903046429 ], [ 378347.790579124644864, 2046261.902720903046429 ] ] } },
{ "type": "Feature", "properties": { "drain_id": "RN_DRAIN_00267", "source_type": "dem_inferred_surface_flow", "is_inferred": true, "acc_cells": 64, "upstream_area_m2": 57279.141639757574, "length_m": 30.0 }, "geometry": { "type": "LineString", "coordinates": [ [ 378407.790579124644864, 2046261.902720903046429 ], [ 378377.790579124644864, 2046261.902720903046429 ] ] } },
{ "type": "Feature", "properties": { "drain_id": "RN_DRAIN_00268", "source_type": "dem_inferred_surface_flow", "is_inferred": true, "acc_cells": 56, "upstream_area_m2": 50294.955008159406, "length_m": 30.0 }, "geometry": { "type": "LineString", "coordinates": [ [ 378437.790579124644864, 2046261.902720903046429 ], [ 378407.790579124644864, 2046261.902720903046429 ] ] } },
{ "type": "Feature", "properties": { "drain_id": "RN_DRAIN_00269", "source_type": "dem_inferred_surface_flow", "is_inferred": true, "acc_cells": 44, "upstream_area_m2": 40017.111648534417, "length_m": 30.0 }, "geometry": { "type": "LineString", "coordinates": [ [ 376607.790579124644864, 2046231.902720903046429 ], [ 376607.790579124644864, 2046261.902720903046429 ] ] } },
{ "type": "Feature", "properties": { "drain_id": "RN_DRAIN_00270", "source_type": "dem_inferred_surface_flow", "is_inferred": true, "acc_cells": 357, "upstream_area_m2": 321153.79098951333, "length_m": 42.43 }, "geometry": { "type": "LineString", "coordinates": [ [ 376697.790579124644864, 2046231.902720903046429 ], [ 376727.790579124644864, 2046201.902720903046429 ] ] } },
{ "type": "Feature", "properties": { "drain_id": "RN_DRAIN_00271", "source_type": "dem_inferred_surface_flow", "is_inferred": true, "acc_cells": 376, "upstream_area_m2": 338845.43050327984, "length_m": 42.43 }, "geometry": { "type": "LineString", "coordinates": [ [ 376787.790579124644864, 2046231.902720903046429 ], [ 376817.790579124644864, 2046261.902720903046429 ] ] } },
{ "type": "Feature", "properties": { "drain_id": "RN_DRAIN_00272", "source_type": "dem_inferred_surface_flow", "is_inferred": true, "acc_cells": 60, "upstream_area_m2": 54303.134456565327, "length_m": 42.43 }, "geometry": { "type": "LineString", "coordinates": [ [ 376817.790579124644864, 2046231.902720903046429 ], [ 376847.790579124644864, 2046261.902720903046429 ] ] } },
{ "type": "Feature", "properties": { "drain_id": "RN_DRAIN_00273", "source_type": "dem_inferred_surface_flow", "is_inferred": true, "acc_cells": 25, "upstream_area_m2": 22612.129248454417, "length_m": 30.0 }, "geometry": { "type": "LineString", "coordinates": [ [ 376847.790579124644864, 2046231.902720903046429 ], [ 376847.790579124644864, 2046261.902720903046429 ] ] } },
{ "type": "Feature", "properties": { "drain_id": "RN_DRAIN_00274", "source_type": "dem_inferred_surface_flow", "is_inferred": true, "acc_cells": 9907, "upstream_area_m2": 8915965.038568005, "length_m": 30.0 }, "geometry": { "type": "LineString", "coordinates": [ [ 377207.790579124644864, 2046231.902720903046429 ], [ 377207.790579124644864, 2046261.902720903046429 ] ] } },
{ "type": "Feature", "properties": { "drain_id": "RN_DRAIN_00275", "source_type": "dem_inferred_surface_flow", "is_inferred": true, "acc_cells": 264, "upstream_area_m2": 237566.53926659911, "length_m": 42.43 }, "geometry": { "type": "LineString", "coordinates": [ [ 377237.790579124644864, 2046231.902720903046429 ], [ 377207.790579124644864, 2046261.902720903046429 ] ] } },
{ "type": "Feature", "properties": { "drain_id": "RN_DRAIN_00276", "source_type": "dem_inferred_surface_flow", "is_inferred": true, "acc_cells": 151, "upstream_area_m2": 136256.31126794306, "length_m": 30.0 }, "geometry": { "type": "LineString", "coordinates": [ [ 377567.790579124644864, 2046231.902720903046429 ], [ 377567.790579124644864, 2046261.902720903046429 ] ] } },
{ "type": "Feature", "properties": { "drain_id": "RN_DRAIN_00277", "source_type": "dem_inferred_surface_flow", "is_inferred": true, "acc_cells": 5752, "upstream_area_m2": 5176985.7590449788, "length_m": 42.43 }, "geometry": { "type": "LineString", "coordinates": [ [ 377597.790579124644864, 2046231.902720903046429 ], [ 377567.790579124644864, 2046261.902720903046429 ] ] } },
{ "type": "Feature", "properties": { "drain_id": "RN_DRAIN_00278", "source_type": "dem_inferred_surface_flow", "is_inferred": true, "acc_cells": 516, "upstream_area_m2": 464732.46222923207, "length_m": 30.0 }, "geometry": { "type": "LineString", "coordinates": [ [ 377627.790579124644864, 2046231.902720903046429 ], [ 377597.790579124644864, 2046231.902720903046429 ] ] } },
{ "type": "Feature", "properties": { "drain_id": "RN_DRAIN_00279", "source_type": "dem_inferred_surface_flow", "is_inferred": true, "acc_cells": 183, "upstream_area_m2": 164360.53520985661, "length_m": 30.0 }, "geometry": { "type": "LineString", "coordinates": [ [ 378287.790579124644864, 2046231.902720903046429 ], [ 378287.790579124644864, 2046201.902720903046429 ] ] } },
{ "type": "Feature", "properties": { "drain_id": "RN_DRAIN_00280", "source_type": "dem_inferred_surface_flow", "is_inferred": true, "acc_cells": 31, "upstream_area_m2": 27844.400075580834, "length_m": 42.43 }, "geometry": { "type": "LineString", "coordinates": [ [ 378407.790579124644864, 2046231.902720903046429 ], [ 378377.790579124644864, 2046261.902720903046429 ] ] } },
{ "type": "Feature", "properties": { "drain_id": "RN_DRAIN_00281", "source_type": "dem_inferred_surface_flow", "is_inferred": true, "acc_cells": 40, "upstream_area_m2": 35930.127036271369, "length_m": 42.43 }, "geometry": { "type": "LineString", "coordinates": [ [ 376577.790579124644864, 2046201.902720903046429 ], [ 376607.790579124644864, 2046231.902720903046429 ] ] } },
{ "type": "Feature", "properties": { "drain_id": "RN_DRAIN_00282", "source_type": "dem_inferred_surface_flow", "is_inferred": true, "acc_cells": 368, "upstream_area_m2": 331163.77017412719, "length_m": 30.0 }, "geometry": { "type": "LineString", "coordinates": [ [ 376727.790579124644864, 2046201.902720903046429 ], [ 376757.790579124644864, 2046201.902720903046429 ] ] } },
{ "type": "Feature", "properties": { "drain_id": "RN_DRAIN_00283", "source_type": "dem_inferred_surface_flow", "is_inferred": true, "acc_cells": 367, "upstream_area_m2": 330527.02645863168, "length_m": 42.43 }, "geometry": { "type": "LineString", "coordinates": [ [ 376757.790579124644864, 2046201.902720903046429 ], [ 376787.790579124644864, 2046231.902720903046429 ] ] } },
{ "type": "Feature", "properties": { "drain_id": "RN_DRAIN_00284", "source_type": "dem_inferred_surface_flow", "is_inferred": true, "acc_cells": 73, "upstream_area_m2": 65716.404465082349, "length_m": 30.0 }, "geometry": { "type": "LineString", "coordinates": [ [ 376997.790579124644864, 2046201.902720903046429 ], [ 377027.790579124644864, 2046201.902720903046429 ] ] } },
{ "type": "Feature", "properties": { "drain_id": "RN_DRAIN_00285", "source_type": "dem_inferred_surface_flow", "is_inferred": true, "acc_cells": 78, "upstream_area_m2": 70009.211436012585, "length_m": 42.43 }, "geometry": { "type": "LineString", "coordinates": [ [ 377027.790579124644864, 2046201.902720903046429 ], [ 377057.790579124644864, 2046171.902720903046429 ] ] } },
{ "type": "Feature", "properties": { "drain_id": "RN_DRAIN_00286", "source_type": "dem_inferred_surface_flow", "is_inferred": true, "acc_cells": 9907, "upstream_area_m2": 8916567.5282384865, "length_m": 30.0 }, "geometry": { "type": "LineString", "coordinates": [ [ 377207.790579124644864, 2046201.902720903046429 ], [ 377207.790579124644864, 2046231.902720903046429 ] ] } },
{ "type": "Feature", "properties": { "drain_id": "RN_DRAIN_00287", "source_type": "dem_inferred_surface_flow", "is_inferred": true, "acc_cells": 253, "upstream_area_m2": 227906.84331274877, "length_m": 30.0 }, "geometry": { "type": "LineString", "coordinates": [ [ 377237.790579124644864, 2046201.902720903046429 ], [ 377207.790579124644864, 2046201.902720903046429 ] ] } },
{ "type": "Feature", "properties": { "drain_id": "RN_DRAIN_00288", "source_type": "dem_inferred_surface_flow", "is_inferred": true, "acc_cells": 132, "upstream_area_m2": 118682.7727792681, "length_m": 30.0 }, "geometry": { "type": "LineString", "coordinates": [ [ 377597.790579124644864, 2046201.902720903046429 ], [ 377597.790579124644864, 2046231.902720903046429 ] ] } },
{ "type": "Feature", "properties": { "drain_id": "RN_DRAIN_00289", "source_type": "dem_inferred_surface_flow", "is_inferred": true, "acc_cells": 5303, "upstream_area_m2": 4772886.4690047344, "length_m": 42.43 }, "geometry": { "type": "LineString", "coordinates": [ [ 377627.790579124644864, 2046201.902720903046429 ], [ 377597.790579124644864, 2046231.902720903046429 ] ] } },
{ "type": "Feature", "properties": { "drain_id": "RN_DRAIN_00290", "source_type": "dem_inferred_surface_flow", "is_inferred": true, "acc_cells": 875, "upstream_area_m2": 787847.42053533997, "length_m": 30.0 }, "geometry": { "type": "LineString", "coordinates": [ [ 377657.790579124644864, 2046201.902720903046429 ], [ 377627.790579124644864, 2046201.902720903046429 ] ] } },
{ "type": "Feature", "properties": { "drain_id": "RN_DRAIN_00291", "source_type": "dem_inferred_surface_flow", "is_inferred": true, "acc_cells": 36, "upstream_area_m2": 32417.729892438481, "length_m": 42.43 }, "geometry": { "type": "LineString", "coordinates": [ [ 377717.790579124644864, 2046201.902720903046429 ], [ 377687.790579124644864, 2046171.902720903046429 ] ] } },
{ "type": "Feature", "properties": { "drain_id": "RN_DRAIN_00292", "source_type": "dem_inferred_surface_flow", "is_inferred": true, "acc_cells": 70, "upstream_area_m2": 63087.345297124994, "length_m": 30.0 }, "geometry": { "type": "LineString", "coordinates": [ [ 377927.790579124644864, 2046201.902720903046429 ], [ 377927.790579124644864, 2046171.902720903046429 ] ] } },
{ "type": "Feature", "properties": { "drain_id": "RN_DRAIN_00293", "source_type": "dem_inferred_surface_flow", "is_inferred": true, "acc_cells": 186, "upstream_area_m2": 167264.17252692723, "length_m": 30.0 }, "geometry": { "type": "LineString", "coordinates": [ [ 378287.790579124644864, 2046201.902720903046429 ], [ 378287.790579124644864, 2046171.902720903046429 ] ] } },
{ "type": "Feature", "properties": { "drain_id": "RN_DRAIN_00294", "source_type": "dem_inferred_surface_flow", "is_inferred": true, "acc_cells": 33, "upstream_area_m2": 29713.685602680976, "length_m": 17.11 }, "geometry": { "type": "LineString", "coordinates": [ [ 376530.684005104238167, 2046171.902720903046429 ], [ 376547.790579124644864, 2046171.902720903046429 ] ] } },
{ "type": "Feature", "properties": { "drain_id": "RN_DRAIN_00295", "source_type": "dem_inferred_surface_flow", "is_inferred": true, "acc_cells": 36, "upstream_area_m2": 32099.809018248092, "length_m": 42.43 }, "geometry": { "type": "LineString", "coordinates": [ [ 376547.790579124644864, 2046171.902720903046429 ], [ 376577.790579124644864, 2046201.902720903046429 ] ] } },
{ "type": "Feature", "properties": { "drain_id": "RN_DRAIN_00296", "source_type": "dem_inferred_surface_flow", "is_inferred": true, "acc_cells": 63, "upstream_area_m2": 57054.54449569901, "length_m": 30.0 }, "geometry": { "type": "LineString", "coordinates": [ [ 376937.790579124644864, 2046171.902720903046429 ], [ 376967.790579124644864, 2046171.902720903046429 ] ] } },
{ "type": "Feature", "properties": { "drain_id": "RN_DRAIN_00297", "source_type": "dem_inferred_surface_flow", "is_inferred": true, "acc_cells": 67, "upstream_area_m2": 60319.895128113159, "length_m": 42.43 }, "geometry": { "type": "LineString", "coordinates": [ [ 376967.790579124644864, 2046171.902720903046429 ], [ 376997.790579124644864, 2046201.902720903046429 ] ] } },
{ "type": "Feature", "properties": { "drain_id": "RN_DRAIN_00298", "source_type": "dem_inferred_surface_flow", "is_inferred": true, "acc_cells": 87, "upstream_area_m2": 78192.144041604464, "length_m": 42.43 }, "geometry": { "type": "LineString", "coordinates": [ [ 377057.790579124644864, 2046171.902720903046429 ], [ 377087.790579124644864, 2046141.902720903046429 ] ] } },
{ "type": "Feature", "properties": { "drain_id": "RN_DRAIN_00299", "source_type": "dem_inferred_surface_flow", "is_inferred": true, "acc_cells": 86, "upstream_area_m2": 77435.678198827271, "length_m": 30.0 }, "geometry": { "type": "LineString", "coordinates": [ [ 377147.790579124644864, 2046171.902720903046429 ], [ 377177.790579124644864, 2046171.902720903046429 ] ] } },
{ "type": "Feature", "properties": { "drain_id": "RN_DRAIN_00300", "source_type": "dem_inferred_surface_flow", "is_inferred": true, "acc_cells": 73, "upstream_area_m2": 65918.805598000705, "length_m": 42.43 }, "geometry": { "type": "LineString", "coordinates": [ [ 377177.790579124644864, 2046171.902720903046429 ], [ 377207.790579124644864, 2046201.902720903046429 ] ] } },
{ "type": "Feature", "properties": { "drain_id": "RN_DRAIN_00301", "source_type": "dem_inferred_surface_flow", "is_inferred": true, "acc_cells": 9863, "upstream_area_m2": 8876429.1893620156, "length_m": 30.0 }, "geometry": { "type": "LineString", "coordinates": [ [ 377207.790579124644864, 2046171.902720903046429 ], [ 377207.790579124644864, 2046201.902720903046429 ] ] } },
{ "type": "Feature", "properties": { "drain_id": "RN_DRAIN_00302", "source_type": "dem_inferred_surface_flow", "is_inferred": true, "acc_cells": 262, "upstream_area_m2": 235968.03016448428, "length_m": 42.43 }, "geometry": { "type": "LineString", "coordinates": [ [ 377237.790579124644864, 2046171.902720903046429 ], [ 377207.790579124644864, 2046201.902720903046429 ] ] } },
{ "type": "Feature", "properties": { "drain_id": "RN_DRAIN_00303", "source_type": "dem_inferred_surface_flow", "is_inferred": true, "acc_cells": 110, "upstream_area_m2": 99418.76140759456, "length_m": 30.0 }, "geometry": { "type": "LineString", "coordinates": [ [ 377627.790579124644864, 2046171.902720903046429 ], [ 377627.790579124644864, 2046201.902720903046429 ] ] } },
{ "type": "Feature", "properties": { "drain_id": "RN_DRAIN_00304", "source_type": "dem_inferred_surface_flow", "is_inferred": true, "acc_cells": 4944, "upstream_area_m2": 4449181.2589658918, "length_m": 42.43 }, "geometry": { "type": "LineString", "coordinates": [ [ 377657.790579124644864, 2046171.902720903046429 ], [ 377627.790579124644864, 2046201.902720903046429 ] ] } },
{ "type": "Feature", "properties": { "drain_id": "RN_DRAIN_00305", "source_type": "dem_inferred_surface_flow", "is_inferred": true, "acc_cells": 1594, "upstream_area_m2": 1434316.2455180951, "length_m": 30.0 }, "geometry": { "type": "LineString", "coordinates": [ [ 377687.790579124644864, 2046171.902720903046429 ], [ 377657.790579124644864, 2046171.902720903046429 ] ] } },
{ "type": "Feature", "properties": { "drain_id": "RN_DRAIN_00306", "source_type": "dem_inferred_surface_flow", "is_inferred": true, "acc_cells": 47, "upstream_area_m2": 42684.736700485031, "length_m": 42.43 }, "geometry": { "type": "LineString", "coordinates": [ [ 377717.790579124644864, 2046171.902720903046429 ], [ 377687.790579124644864, 2046141.902720903046429 ] ] } },
{ "type": "Feature", "properties": { "drain_id": "RN_DRAIN_00307", "source_type": "dem_inferred_surface_flow", "is_inferred": true, "acc_cells": 1414, "upstream_area_m2": 1272522.0152932797, "length_m": 30.0 }, "geometry": { "type": "LineString", "coordinates": [ [ 377867.790579124644864, 2046171.902720903046429 ], [ 377867.790579124644864, 2046141.902720903046429 ] ] } },
{ "type": "Feature", "properties": { "drain_id": "RN_DRAIN_00308", "source_type": "dem_inferred_surface_flow", "is_inferred": true, "acc_cells": 2770, "upstream_area_m2": 2493325.5732902326, "length_m": 42.43 }, "geometry": { "type": "LineString", "coordinates": [ [ 377897.790579124644864, 2046171.902720903046429 ], [ 377867.790579124644864, 2046141.902720903046429 ] ] } },
{ "type": "Feature", "properties": { "drain_id": "RN_DRAIN_00309", "source_type": "dem_inferred_surface_flow", "is_inferred": true, "acc_cells": 5481, "upstream_area_m2": 4932809.8382243989, "length_m": 42.43 }, "geometry": { "type": "LineString", "coordinates": [ [ 377927.790579124644864, 2046171.902720903046429 ], [ 377897.790579124644864, 2046141.902720903046429 ] ] } },
{ "type": "Feature", "properties": { "drain_id": "RN_DRAIN_00310", "source_type": "dem_inferred_surface_flow", "is_inferred": true, "acc_cells": 5539, "upstream_area_m2": 4985435.165144043, "length_m": 30.0 }, "geometry": { "type": "LineString", "coordinates": [ [ 377957.790579124644864, 2046171.902720903046429 ], [ 377927.790579124644864, 2046171.902720903046429 ] ] } },
{ "type": "Feature", "properties": { "drain_id": "RN_DRAIN_00311", "source_type": "dem_inferred_surface_flow", "is_inferred": true, "acc_cells": 5533, "upstream_area_m2": 4979876.0337939281, "length_m": 30.0 }, "geometry": { "type": "LineString", "coordinates": [ [ 377987.790579124644864, 2046171.902720903046429 ], [ 377957.790579124644864, 2046171.902720903046429 ] ] } },
{ "type": "Feature", "properties": { "drain_id": "RN_DRAIN_00312", "source_type": "dem_inferred_surface_flow", "is_inferred": true, "acc_cells": 206, "upstream_area_m2": 185251.06273290614, "length_m": 42.43 }, "geometry": { "type": "LineString", "coordinates": [ [ 378287.790579124644864, 2046171.902720903046429 ], [ 378257.790579124644864, 2046141.902720903046429 ] ] } },
{ "type": "Feature", "properties": { "drain_id": "RN_DRAIN_00313", "source_type": "dem_inferred_surface_flow", "is_inferred": true, "acc_cells": 44, "upstream_area_m2": 39635.412810510141, "length_m": 42.43 }, "geometry": { "type": "LineString", "coordinates": [ [ 376907.790579124644864, 2046141.902720903046429 ], [ 376937.790579124644864, 2046171.902720903046429 ] ] } },
{ "type": "Feature", "properties": { "drain_id": "RN_DRAIN_00314", "source_type": "dem_inferred_surface_flow", "is_inferred": true, "acc_cells": 90, "upstream_area_m2": 80745.126832480339, "length_m": 30.0 }, "geometry": { "type": "LineString", "coordinates": [ [ 377087.790579124644864, 2046141.902720903046429 ], [ 377117.790579124644864, 2046141.902720903046429 ] ] } },
{ "type": "Feature", "properties": { "drain_id": "RN_DRAIN_00315", "source_type": "dem_inferred_surface_flow", "is_inferred": true, "acc_cells": 93, "upstream_area_m2": 83382.261681655989, "length_m": 42.43 }, "geometry": { "type": "LineString", "coordinates": [ [ 377117.790579124644864, 2046141.902720903046429 ], [ 377147.790579124644864, 2046171.902720903046429 ] ] } },
{ "type": "Feature", "properties": { "drain_id": "RN_DRAIN_00316", "source_type": "dem_inferred_surface_flow", "is_inferred": true, "acc_cells": 9823, "upstream_area_m2": 8840337.4480907265, "length_m": 30.0 }, "geometry": { "type": "LineString", "coordinates": [ [ 377207.790579124644864, 2046141.902720903046429 ], [ 377207.790579124644864, 2046171.902720903046429 ] ] } },
{ "type": "Feature", "properties": { "drain_id": "RN_DRAIN_00317", "source_type": "dem_inferred_surface_flow", "is_inferred": true, "acc_cells": 229, "upstream_area_m2": 206512.45875562332, "length_m": 42.43 }, "geometry": { "type": "LineString", "coordinates": [ [ 377237.790579124644864, 2046141.902720903046429 ], [ 377207.790579124644864, 2046171.902720903046429 ] ] } },
{ "type": "Feature", "properties": { "drain_id": "RN_DRAIN_00318", "source_type": "dem_inferred_surface_flow", "is_inferred": true, "acc_cells": 86, "upstream_area_m2": 76970.489566632867, "length_m": 30.0 }, "geometry": { "type": "LineString", "coordinates": [ [ 377657.790579124644864, 2046141.902720903046429 ], [ 377657.790579124644864, 2046171.902720903046429 ] ] } },
{ "type": "Feature", "properties": { "drain_id": "RN_DRAIN_00319", "source_type": "dem_inferred_surface_flow", "is_inferred": true, "acc_cells": 4224, "upstream_area_m2": 3801484.608212274, "length_m": 42.43 }, "geometry": { "type": "LineString", "coordinates": [ [ 377687.790579124644864, 2046141.902720903046429 ], [ 377657.790579124644864, 2046171.902720903046429 ] ] } },
{ "type": "Feature", "properties": { "drain_id": "RN_DRAIN_00320", "source_type": "dem_inferred_surface_flow", "is_inferred": true, "acc_cells": 2938, "upstream_area_m2": 2644246.6689785854, "length_m": 30.0 }, "geometry": { "type": "LineString", "coordinates": [ [ 377717.790579124644864, 2046141.902720903046429 ], [ 377687.790579124644864, 2046141.902720903046429 ] ] } },
{ "type": "Feature", "properties": { "drain_id": "RN_DRAIN_00321", "source_type": "dem_inferred_surface_flow", "is_inferred": true, "acc_cells": 3509, "upstream_area_m2": 3158393.7580708861, "length_m": 42.43 }, "geometry": { "type": "LineString", "coordinates": [ [ 377837.790579124644864, 2046141.902720903046429 ], [ 377807.790579124644864, 2046111.902720903046429 ] ] } },
{ "type": "Feature", "properties": { "drain_id": "RN_DRAIN_00322", "source_type": "dem_inferred_surface_flow", "is_inferred": true, "acc_cells": 4287, "upstream_area_m2": 3858442.4931878559, "length_m": 30.0 }, "geometry": { "type": "LineString", "coordinates": [ [ 377867.790579124644864, 2046141.902720903046429 ], [ 377837.790579124644864, 2046141.902720903046429 ] ] } },
{ "type": "Feature", "properties": { "drain_id": "RN_DRAIN_00323", "source_type": "dem_inferred_surface_flow", "is_inferred": true, "acc_cells": 2922, "upstream_area_m2": 2629710.4026509058, "length_m": 30.0 }, "geometry": { "type": "LineString", "coordinates": [ [ 377897.790579124644864, 2046141.902720903046429 ], [ 377867.790579124644864, 2046141.902720903046429 ] ] } },
{ "type": "Feature", "properties": { "drain_id": "RN_DRAIN_00324", "source_type": "dem_inferred_surface_flow", "is_inferred": true, "acc_cells": 5522, "upstream_area_m2": 4969888.2992551411, "length_m": 42.43 }, "geometry": { "type": "LineString", "coordinates": [ [ 378017.790579124644864, 2046141.902720903046429 ], [ 377987.790579124644864, 2046171.902720903046429 ] ] } },
{ "type": "Feature", "properties": { "drain_id": "RN_DRAIN_00325", "source_type": "dem_inferred_surface_flow", "is_inferred": true, "acc_cells": 5518, "upstream_area_m2": 4965849.2208611751, "length_m": 30.0 }, "geometry": { "type": "LineString", "coordinates": [ [ 378047.790579124644864, 2046141.902720903046429 ], [ 378017.790579124644864, 2046141.902720903046429 ] ] } },
{ "type": "Feature", "properties": { "drain_id": "RN_DRAIN_00326", "source_type": "dem_inferred_surface_flow", "is_inferred": true, "acc_cells": 5509, "upstream_area_m2": 4957718.5330555178, "length_m": 30.0 }, "geometry": { "type": "LineString", "coordinates": [ [ 378077.790579124644864, 2046141.902720903046429 ], [ 378047.790579124644864, 2046141.902720903046429 ] ] } },
{ "type": "Feature", "properties": { "drain_id": "RN_DRAIN_00327", "source_type": "dem_inferred_surface_flow", "is_inferred": true, "acc_cells": 5500, "upstream_area_m2": 4949694.618121108, "length_m": 30.0 }, "geometry": { "type": "LineString", "coordinates": [ [ 378107.790579124644864, 2046141.902720903046429 ], [ 378077.790579124644864, 2046141.902720903046429 ] ] } },
{ "type": "Feature", "properties": { "drain_id": "RN_DRAIN_00328", "source_type": "dem_inferred_surface_flow", "is_inferred": true, "acc_cells": 5487, "upstream_area_m2": 4938621.7215821575, "length_m": 30.0 }, "geometry": { "type": "LineString", "coordinates": [ [ 378137.790579124644864, 2046141.902720903046429 ], [ 378107.790579124644864, 2046141.902720903046429 ] ] } },
{ "type": "Feature", "properties": { "drain_id": "RN_DRAIN_00329", "source_type": "dem_inferred_surface_flow", "is_inferred": true, "acc_cells": 5485, "upstream_area_m2": 4936515.004423378, "length_m": 30.0 }, "geometry": { "type": "LineString", "coordinates": [ [ 378167.790579124644864, 2046141.902720903046429 ], [ 378137.790579124644864, 2046141.902720903046429 ] ] } },
{ "type": "Feature", "properties": { "drain_id": "RN_DRAIN_00330", "source_type": "dem_inferred_surface_flow", "is_inferred": true, "acc_cells": 5478, "upstream_area_m2": 4930264.5191228017, "length_m": 30.0 }, "geometry": { "type": "LineString", "coordinates": [ [ 378197.790579124644864, 2046141.902720903046429 ], [ 378167.790579124644864, 2046141.902720903046429 ] ] } },
{ "type": "Feature", "properties": { "drain_id": "RN_DRAIN_00331", "source_type": "dem_inferred_surface_flow", "is_inferred": true, "acc_cells": 5467, "upstream_area_m2": 4920526.5047222823, "length_m": 30.0 }, "geometry": { "type": "LineString", "coordinates": [ [ 378227.790579124644864, 2046141.902720903046429 ], [ 378197.790579124644864, 2046141.902720903046429 ] ] } },
{ "type": "Feature", "properties": { "drain_id": "RN_DRAIN_00332", "source_type": "dem_inferred_surface_flow", "is_inferred": true, "acc_cells": 2766, "upstream_area_m2": 2489425.9448882989, "length_m": 30.0 }, "geometry": { "type": "LineString", "coordinates": [ [ 378257.790579124644864, 2046141.902720903046429 ], [ 378227.790579124644864, 2046141.902720903046429 ] ] } },
{ "type": "Feature", "properties": { "drain_id": "RN_DRAIN_00333", "source_type": "dem_inferred_surface_flow", "is_inferred": true, "acc_cells": 274, "upstream_area_m2": 246935.63351130876, "length_m": 30.0 }, "geometry": { "type": "LineString", "coordinates": [ [ 378287.790579124644864, 2046141.902720903046429 ], [ 378257.790579124644864, 2046141.902720903046429 ] ] } },
{ "type": "Feature", "properties": { "drain_id": "RN_DRAIN_00334", "source_type": "dem_inferred_surface_flow", "is_inferred": true, "acc_cells": 214, "upstream_area_m2": 192846.85146316065, "length_m": 42.43 }, "geometry": { "type": "LineString", "coordinates": [ [ 378317.790579124644864, 2046141.902720903046429 ], [ 378287.790579124644864, 2046111.902720903046429 ] ] } },
{ "type": "Feature", "properties": { "drain_id": "RN_DRAIN_00335", "source_type": "dem_inferred_surface_flow", "is_inferred": true, "acc_cells": 33, "upstream_area_m2": 29593.265910344046, "length_m": 30.0 }, "geometry": { "type": "LineString", "coordinates": [ [ 378347.790579124644864, 2046141.902720903046429 ], [ 378317.790579124644864, 2046141.902720903046429 ] ] } },
{ "type": "Feature", "properties": { "drain_id": "RN_DRAIN_00336", "source_type": "dem_inferred_surface_flow", "is_inferred": true, "acc_cells": 26, "upstream_area_m2": 23743.299063878047, "length_m": 30.0 }, "geometry": { "type": "LineString", "coordinates": [ [ 376907.790579124644864, 2046111.902720903046429 ], [ 376907.790579124644864, 2046141.902720903046429 ] ] } },
{ "type": "Feature", "properties": { "drain_id": "RN_DRAIN_00337", "source_type": "dem_inferred_surface_flow", "is_inferred": true, "acc_cells": 9799, "upstream_area_m2": 8819206.9413254596, "length_m": 30.0 }, "geometry": { "type": "LineString", "coordinates": [ [ 377207.790579124644864, 2046111.902720903046429 ], [ 377207.790579124644864, 2046141.902720903046429 ] ] } },
{ "type": "Feature", "properties": { "drain_id": "RN_DRAIN_00338", "source_type": "dem_inferred_surface_flow", "is_inferred": true, "acc_cells": 233, "upstream_area_m2": 209725.98827608456, "length_m": 42.43 }, "geometry": { "type": "LineString", "coordinates": [ [ 377237.790579124644864, 2046111.902720903046429 ], [ 377207.790579124644864, 2046141.902720903046429 ] ] } },
{ "type": "Feature", "properties": { "drain_id": "RN_DRAIN_00339", "source_type": "dem_inferred_surface_flow", "is_inferred": true, "acc_cells": 57, "upstream_area_m2": 51700.898576488908, "length_m": 30.0 }, "geometry": { "type": "LineString", "coordinates": [ [ 377687.790579124644864, 2046111.902720903046429 ], [ 377687.790579124644864, 2046141.902720903046429 ] ] } },
{ "type": "Feature", "properties": { "drain_id": "RN_DRAIN_00340", "source_type": "dem_inferred_surface_flow", "is_inferred": true, "acc_cells": 2828, "upstream_area_m2": 2545068.5082139806, "length_m": 42.43 }, "geometry": { "type": "LineString", "coordinates": [ [ 377717.790579124644864, 2046111.902720903046429 ], [ 377687.790579124644864, 2046141.902720903046429 ] ] } },
{ "type": "Feature", "properties": { "drain_id": "RN_DRAIN_00341", "source_type": "dem_inferred_surface_flow", "is_inferred": true, "acc_cells": 5711, "upstream_area_m2": 5140037.1413244754, "length_m": 42.43 }, "geometry": { "type": "LineString", "coordinates": [ [ 377747.790579124644864, 2046111.902720903046429 ], [ 377717.790579124644864, 2046141.902720903046429 ] ] } },
{ "type": "Feature", "properties": { "drain_id": "RN_DRAIN_00342", "source_type": "dem_inferred_surface_flow", "is_inferred": true, "acc_cells": 5705, "upstream_area_m2": 5134206.6234918628, "length_m": 30.0 }, "geometry": { "type": "LineString", "coordinates": [ [ 377777.790579124644864, 2046111.902720903046429 ], [ 377747.790579124644864, 2046111.902720903046429 ] ] } },
{ "type": "Feature", "properties": { "drain_id": "RN_DRAIN_00343", "source_type": "dem_inferred_surface_flow", "is_inferred": true, "acc_cells": 5698, "upstream_area_m2": 5128531.449273821, "length_m": 30.0 }, "geometry": { "type": "LineString", "coordinates": [ [ 377807.790579124644864, 2046111.902720903046429 ], [ 377777.790579124644864, 2046111.902720903046429 ] ] } },
{ "type": "Feature", "properties": { "drain_id": "RN_DRAIN_00344", "source_type": "dem_inferred_surface_flow", "is_inferred": true, "acc_cells": 2229, "upstream_area_m2": 2006305.2359758767, "length_m": 30.0 }, "geometry": { "type": "LineString", "coordinates": [ [ 377837.790579124644864, 2046111.902720903046429 ], [ 377807.790579124644864, 2046111.902720903046429 ] ] } },
{ "type": "Feature", "properties": { "drain_id": "RN_DRAIN_00345", "source_type": "dem_inferred_surface_flow", "is_inferred": true, "acc_cells": 118, "upstream_area_m2": 106032.99475329054, "length_m": 42.43 }, "geometry": { "type": "LineString", "coordinates": [ [ 377927.790579124644864, 2046111.902720903046429 ], [ 377897.790579124644864, 2046141.902720903046429 ] ] } },
{ "type": "Feature", "properties": { "drain_id": "RN_DRAIN_00346", "source_type": "dem_inferred_surface_flow", "is_inferred": true, "acc_cells": 2727, "upstream_area_m2": 2454367.2937622638, "length_m": 42.43 }, "geometry": { "type": "LineString", "coordinates": [ [ 378257.790579124644864, 2046111.902720903046429 ], [ 378227.790579124644864, 2046141.902720903046429 ] ] } },
{ "type": "Feature", "properties": { "drain_id": "RN_DRAIN_00347", "source_type": "dem_inferred_surface_flow", "is_inferred": true, "acc_cells": 4466, "upstream_area_m2": 4019817.5659590685, "length_m": 42.43 }, "geometry": { "type": "LineString", "coordinates": [ [ 378287.790579124644864, 2046111.902720903046429 ], [ 378257.790579124644864, 2046141.902720903046429 ] ] } },
{ "type": "Feature", "properties": { "drain_id": "RN_DRAIN_00348", "source_type": "dem_inferred_surface_flow", "is_inferred": true, "acc_cells": 301, "upstream_area_m2": 271260.51984836871, "length_m": 30.0 }, "geometry": { "type": "LineString", "coordinates": [ [ 378317.790579124644864, 2046111.902720903046429 ], [ 378287.790579124644864, 2046111.902720903046429 ] ] } },
{ "type": "Feature", "properties": { "drain_id": "RN_DRAIN_00349", "source_type": "dem_inferred_surface_flow", "is_inferred": true, "acc_cells": 77, "upstream_area_m2": 69266.62880030059, "length_m": 42.43 }, "geometry": { "type": "LineString", "coordinates": [ [ 378347.790579124644864, 2046111.902720903046429 ], [ 378317.790579124644864, 2046081.902720903046429 ] ] } },
{ "type": "Feature", "properties": { "drain_id": "RN_DRAIN_00350", "source_type": "dem_inferred_surface_flow", "is_inferred": true, "acc_cells": 9797, "upstream_area_m2": 8817133.9413286354, "length_m": 30.0 }, "geometry": { "type": "LineString", "coordinates": [ [ 377207.790579124644864, 2046081.902720903046429 ], [ 377207.790579124644864, 2046111.902720903046429 ] ] } },
{ "type": "Feature", "properties": { "drain_id": "RN_DRAIN_00351", "source_type": "dem_inferred_surface_flow", "is_inferred": true, "acc_cells": 225, "upstream_area_m2": 202200.10287394215, "length_m": 42.43 }, "geometry": { "type": "LineString", "coordinates": [ [ 377237.790579124644864, 2046081.902720903046429 ], [ 377207.790579124644864, 2046111.902720903046429 ] ] } },
{ "type": "Feature", "properties": { "drain_id": "RN_DRAIN_00352", "source_type": "dem_inferred_surface_flow", "is_inferred": true, "acc_cells": 115, "upstream_area_m2": 103851.493669142, "length_m": 30.0 }, "geometry": { "type": "LineString", "coordinates": [ [ 377927.790579124644864, 2046081.902720903046429 ], [ 377927.790579124644864, 2046111.902720903046429 ] ] } },
{ "type": "Feature", "properties": { "drain_id": "RN_DRAIN_00353", "source_type": "dem_inferred_surface_flow", "is_inferred": true, "acc_cells": 2933, "upstream_area_m2": 2639803.2710380838, "length_m": 30.0 }, "geometry": { "type": "LineString", "coordinates": [ [ 378287.790579124644864, 2046081.902720903046429 ], [ 378287.790579124644864, 2046111.902720903046429 ] ] } },
{ "type": "Feature", "properties": { "drain_id": "RN_DRAIN_00354", "source_type": "dem_inferred_surface_flow", "is_inferred": true, "acc_cells": 3220, "upstream_area_m2": 2897624.357266529, "length_m": 42.43 }, "geometry": { "type": "LineString", "coordinates": [ [ 378317.790579124644864, 2046081.902720903046429 ], [ 378287.790579124644864, 2046111.902720903046429 ] ] } },
{ "type": "Feature", "properties": { "drain_id": "RN_DRAIN_00355", "source_type": "dem_inferred_surface_flow", "is_inferred": true, "acc_cells": 997, "upstream_area_m2": 897265.34755138156, "length_m": 30.0 }, "geometry": { "type": "LineString", "coordinates": [ [ 378347.790579124644864, 2046081.902720903046429 ], [ 378317.790579124644864, 2046081.902720903046429 ] ] } },
{ "type": "Feature", "properties": { "drain_id": "RN_DRAIN_00356", "source_type": "dem_inferred_surface_flow", "is_inferred": true, "acc_cells": 664, "upstream_area_m2": 597712.83613622049, "length_m": 42.43 }, "geometry": { "type": "LineString", "coordinates": [ [ 377177.790579124644864, 2046051.902720903046429 ], [ 377207.790579124644864, 2046081.902720903046429 ] ] } },
{ "type": "Feature", "properties": { "drain_id": "RN_DRAIN_00357", "source_type": "dem_inferred_surface_flow", "is_inferred": true, "acc_cells": 9176, "upstream_area_m2": 8258571.7157401647, "length_m": 30.0 }, "geometry": { "type": "LineString", "coordinates": [ [ 377207.790579124644864, 2046051.902720903046429 ], [ 377207.790579124644864, 2046081.902720903046429 ] ] } },
{ "type": "Feature", "properties": { "drain_id": "RN_DRAIN_00358", "source_type": "dem_inferred_surface_flow", "is_inferred": true, "acc_cells": 167, "upstream_area_m2": 150316.50756599614, "length_m": 42.43 }, "geometry": { "type": "LineString", "coordinates": [ [ 377237.790579124644864, 2046051.902720903046429 ], [ 377207.790579124644864, 2046081.902720903046429 ] ] } },
{ "type": "Feature", "properties": { "drain_id": "RN_DRAIN_00359", "source_type": "dem_inferred_surface_flow", "is_inferred": true, "acc_cells": 113, "upstream_area_m2": 102091.2644677013, "length_m": 42.43 }, "geometry": { "type": "LineString", "coordinates": [ [ 377957.790579124644864, 2046051.902720903046429 ], [ 377927.790579124644864, 2046081.902720903046429 ] ] } },
{ "type": "Feature", "properties": { "drain_id": "RN_DRAIN_00360", "source_type": "dem_inferred_surface_flow", "is_inferred": true, "acc_cells": 26, "upstream_area_m2": 23318.734189701656, "length_m": 42.43 }, "geometry": { "type": "LineString", "coordinates": [ [ 378257.790579124644864, 2046051.902720903046429 ], [ 378287.790579124644864, 2046081.902720903046429 ] ] } },
{ "type": "Feature", "properties": { "drain_id": "RN_DRAIN_00361", "source_type": "dem_inferred_surface_flow", "is_inferred": true, "acc_cells": 82, "upstream_area_m2": 73941.821704937218, "length_m": 30.0 }, "geometry": { "type": "LineString", "coordinates": [ [ 378287.790579124644864, 2046051.902720903046429 ], [ 378287.790579124644864, 2046081.902720903046429 ] ] } },
{ "type": "Feature", "properties": { "drain_id": "RN_DRAIN_00362", "source_type": "dem_inferred_surface_flow", "is_inferred": true, "acc_cells": 1629, "upstream_area_m2": 1465980.1899718486, "length_m": 30.0 }, "geometry": { "type": "LineString", "coordinates": [ [ 378317.790579124644864, 2046051.902720903046429 ], [ 378317.790579124644864, 2046081.902720903046429 ] ] } },
{ "type": "Feature", "properties": { "drain_id": "RN_DRAIN_00363", "source_type": "dem_inferred_surface_flow", "is_inferred": true, "acc_cells": 5170, "upstream_area_m2": 4652637.3582254341, "length_m": 42.43 }, "geometry": { "type": "LineString", "coordinates": [ [ 378347.790579124644864, 2046051.902720903046429 ], [ 378317.790579124644864, 2046081.902720903046429 ] ] } },
{ "type": "Feature", "properties": { "drain_id": "RN_DRAIN_00364", "source_type": "dem_inferred_surface_flow", "is_inferred": true, "acc_cells": 1139, "upstream_area_m2": 1025378.0717668718, "length_m": 42.43 }, "geometry": { "type": "LineString", "coordinates": [ [ 377177.790579124644864, 2046021.902720903046429 ], [ 377207.790579124644864, 2046051.902720903046429 ] ] } },
{ "type": "Feature", "properties": { "drain_id": "RN_DRAIN_00365", "source_type": "dem_inferred_surface_flow", "is_inferred": true, "acc_cells": 8720, "upstream_area_m2": 7848123.335462708, "length_m": 30.0 }, "geometry": { "type": "LineString", "coordinates": [ [ 377207.790579124644864, 2046021.902720903046429 ], [ 377207.790579124644864, 2046051.902720903046429 ] ] } },
{ "type": "Feature", "properties": { "drain_id": "RN_DRAIN_00366", "source_type": "dem_inferred_surface_flow", "is_inferred": true, "acc_cells": 125, "upstream_area_m2": 112828.80815454833, "length_m": 42.43 }, "geometry": { "type": "LineString", "coordinates": [ [ 377237.790579124644864, 2046021.902720903046429 ], [ 377207.790579124644864, 2046051.902720903046429 ] ] } },
{ "type": "Feature", "properties": { "drain_id": "RN_DRAIN_00367", "source_type": "dem_inferred_surface_flow", "is_inferred": true, "acc_cells": 49, "upstream_area_m2": 43885.152377387894, "length_m": 30.0 }, "geometry": { "type": "LineString", "coordinates": [ [ 377957.790579124644864, 2046021.902720903046429 ], [ 377957.790579124644864, 2046051.902720903046429 ] ] } },
{ "type": "Feature", "properties": { "drain_id": "RN_DRAIN_00368", "source_type": "dem_inferred_surface_flow", "is_inferred": true, "acc_cells": 58, "upstream_area_m2": 51821.24369314767, "length_m": 42.43 }, "geometry": { "type": "LineString", "coordinates": [ [ 377987.790579124644864, 2046021.902720903046429 ], [ 377957.790579124644864, 2046051.902720903046429 ] ] } },
{ "type": "Feature", "properties": { "drain_id": "RN_DRAIN_00369", "source_type": "dem_inferred_surface_flow", "is_inferred": true, "acc_cells": 5169, "upstream_area_m2": 4651676.9922013637, "length_m": 42.43 }, "geometry": { "type": "LineString", "coordinates": [ [ 378377.790579124644864, 2046021.902720903046429 ], [ 378347.790579124644864, 2046051.902720903046429 ] ] } },
{ "type": "Feature", "properties": { "drain_id": "RN_DRAIN_00370", "source_type": "dem_inferred_surface_flow", "is_inferred": true, "acc_cells": 30, "upstream_area_m2": 26801.372797001975, "length_m": 42.43 }, "geometry": { "type": "LineString", "coordinates": [ [ 376667.790579124644864, 2045991.902720903046429 ], [ 376697.790579124644864, 2045961.902720903046429 ] ] } },
{ "type": "Feature", "properties": { "drain_id": "RN_DRAIN_00371", "source_type": "dem_inferred_surface_flow", "is_inferred": true, "acc_cells": 2127, "upstream_area_m2": 1914351.4481987325, "length_m": 42.43 }, "geometry": { "type": "LineString", "coordinates": [ [ 377177.790579124644864, 2045991.902720903046429 ], [ 377207.790579124644864, 2046021.902720903046429 ] ] } },
{ "type": "Feature", "properties": { "drain_id": "RN_DRAIN_00372", "source_type": "dem_inferred_surface_flow", "is_inferred": true, "acc_cells": 7813, "upstream_area_m2": 7031667.1192928534, "length_m": 30.0 }, "geometry": { "type": "LineString", "coordinates": [ [ 377207.790579124644864, 2045991.902720903046429 ], [ 377207.790579124644864, 2046021.902720903046429 ] ] } },
{ "type": "Feature", "properties": { "drain_id": "RN_DRAIN_00373", "source_type": "dem_inferred_surface_flow", "is_inferred": true, "acc_cells": 46, "upstream_area_m2": 41209.673732853022, "length_m": 42.43 }, "geometry": { "type": "LineString", "coordinates": [ [ 377237.790579124644864, 2045991.902720903046429 ], [ 377207.790579124644864, 2046021.902720903046429 ] ] } },
{ "type": "Feature", "properties": { "drain_id": "RN_DRAIN_00374", "source_type": "dem_inferred_surface_flow", "is_inferred": true, "acc_cells": 34, "upstream_area_m2": 31027.564590763868, "length_m": 42.43 }, "geometry": { "type": "LineString", "coordinates": [ [ 377957.790579124644864, 2045991.902720903046429 ], [ 377987.790579124644864, 2046021.902720903046429 ] ] } },
{ "type": "Feature", "properties": { "drain_id": "RN_DRAIN_00375", "source_type": "dem_inferred_surface_flow", "is_inferred": true, "acc_cells": 31, "upstream_area_m2": 27932.748265522772, "length_m": 30.0 }, "geometry": { "type": "LineString", "coordinates": [ [ 377987.790579124644864, 2045991.902720903046429 ], [ 377987.790579124644864, 2046021.902720903046429 ] ] } },
{ "type": "Feature", "properties": { "drain_id": "RN_DRAIN_00376", "source_type": "dem_inferred_surface_flow", "is_inferred": true, "acc_cells": 37, "upstream_area_m2": 33095.690836818605, "length_m": 42.43 }, "geometry": { "type": "LineString", "coordinates": [ [ 378287.790579124644864, 2045991.902720903046429 ], [ 378257.790579124644864, 2046021.902720903046429 ] ] } },
{ "type": "Feature", "properties": { "drain_id": "RN_DRAIN_00377", "source_type": "dem_inferred_surface_flow", "is_inferred": true, "acc_cells": 4219, "upstream_area_m2": 3797506.7047595549, "length_m": 30.0 }, "geometry": { "type": "LineString", "coordinates": [ [ 378377.790579124644864, 2045991.902720903046429 ], [ 378377.790579124644864, 2046021.902720903046429 ] ] } },
{ "type": "Feature", "properties": { "drain_id": "RN_DRAIN_00378", "source_type": "dem_inferred_surface_flow", "is_inferred": true, "acc_cells": 5140, "upstream_area_m2": 4625904.9911866328, "length_m": 42.43 }, "geometry": { "type": "LineString", "coordinates": [ [ 378407.790579124644864, 2045991.902720903046429 ], [ 378377.790579124644864, 2046021.902720903046429 ] ] } },
{ "type": "Feature", "properties": { "drain_id": "RN_DRAIN_00379", "source_type": "dem_inferred_surface_flow", "is_inferred": true, "acc_cells": 45, "upstream_area_m2": 40326.39323667928, "length_m": 42.43 }, "geometry": { "type": "LineString", "coordinates": [ [ 376697.790579124644864, 2045961.902720903046429 ], [ 376727.790579124644864, 2045931.902720903046429 ] ] } },
{ "type": "Feature", "properties": { "drain_id": "RN_DRAIN_00380", "source_type": "dem_inferred_surface_flow", "is_inferred": true, "acc_cells": 3989, "upstream_area_m2": 3589915.2518315446, "length_m": 42.43 }, "geometry": { "type": "LineString", "coordinates": [ [ 377177.790579124644864, 2045961.902720903046429 ], [ 377207.790579124644864, 2045991.902720903046429 ] ] } },
{ "type": "Feature", "properties": { "drain_id": "RN_DRAIN_00381", "source_type": "dem_inferred_surface_flow", "is_inferred": true, "acc_cells": 5941, "upstream_area_m2": 5346820.1711114775, "length_m": 30.0 }, "geometry": { "type": "LineString", "coordinates": [ [ 377207.790579124644864, 2045961.902720903046429 ], [ 377207.790579124644864, 2045991.902720903046429 ] ] } },
{ "type": "Feature", "properties": { "drain_id": "RN_DRAIN_00382", "source_type": "dem_inferred_surface_flow", "is_inferred": true, "acc_cells": 98, "upstream_area_m2": 88559.331482059832, "length_m": 42.43 }, "geometry": { "type": "LineString", "coordinates": [ [ 377237.790579124644864, 2045961.902720903046429 ], [ 377207.790579124644864, 2045991.902720903046429 ] ] } },
{ "type": "Feature", "properties": { "drain_id": "RN_DRAIN_00383", "source_type": "dem_inferred_surface_flow", "is_inferred": true, "acc_cells": 29, "upstream_area_m2": 26026.917168165259, "length_m": 42.43 }, "geometry": { "type": "LineString", "coordinates": [ [ 378017.790579124644864, 2045961.902720903046429 ], [ 377987.790579124644864, 2045991.902720903046429 ] ] } },
{ "type": "Feature", "properties": { "drain_id": "RN_DRAIN_00384", "source_type": "dem_inferred_surface_flow", "is_inferred": true, "acc_cells": 5133, "upstream_area_m2": 4619545.8789968174, "length_m": 42.43 }, "geometry": { "type": "LineString", "coordinates": [ [ 378437.790579124644864, 2045961.902720903046429 ], [ 378407.790579124644864, 2045991.902720903046429 ] ] } },
{ "type": "Feature", "properties": { "drain_id": "RN_DRAIN_00385", "source_type": "dem_inferred_surface_flow", "is_inferred": true, "acc_cells": 5120, "upstream_area_m2": 4608265.7488734983, "length_m": 30.0 }, "geometry": { "type": "LineString", "coordinates": [ [ 378467.790579124644864, 2045961.902720903046429 ], [ 378437.790579124644864, 2045961.902720903046429 ] ] } },
{ "type": "Feature", "properties": { "drain_id": "RN_DRAIN_00386", "source_type": "dem_inferred_surface_flow", "is_inferred": true, "acc_cells": 5111, "upstream_area_m2": 4599793.081173975, "length_m": 30.0 }, "geometry": { "type": "LineString", "coordinates": [ [ 378497.790579124644864, 2045961.902720903046429 ], [ 378467.790579124644864, 2045961.902720903046429 ] ] } },
{ "type": "Feature", "properties": { "drain_id": "RN_DRAIN_00387", "source_type": "dem_inferred_surface_flow", "is_inferred": true, "acc_cells": 46, "upstream_area_m2": 41558.613452875121, "length_m": 42.43 }, "geometry": { "type": "LineString", "coordinates": [ [ 376727.790579124644864, 2045931.902720903046429 ], [ 376757.790579124644864, 2045901.902720903046429 ] ] } },
{ "type": "Feature", "properties": { "drain_id": "RN_DRAIN_00388", "source_type": "dem_inferred_surface_flow", "is_inferred": true, "acc_cells": 2014, "upstream_area_m2": 1812224.6348664388, "length_m": 30.0 }, "geometry": { "type": "LineString", "coordinates": [ [ 377147.790579124644864, 2045931.902720903046429 ], [ 377177.790579124644864, 2045931.902720903046429 ] ] } },
{ "type": "Feature", "properties": { "drain_id": "RN_DRAIN_00389", "source_type": "dem_inferred_surface_flow", "is_inferred": true, "acc_cells": 3999, "upstream_area_m2": 3599548.5398241575, "length_m": 42.43 }, "geometry": { "type": "LineString", "coordinates": [ [ 377177.790579124644864, 2045931.902720903046429 ], [ 377207.790579124644864, 2045961.902720903046429 ] ] } },
{ "type": "Feature", "properties": { "drain_id": "RN_DRAIN_00390", "source_type": "dem_inferred_surface_flow", "is_inferred": true, "acc_cells": 3870, "upstream_area_m2": 3483046.3068979667, "length_m": 30.0 }, "geometry": { "type": "LineString", "coordinates": [ [ 377207.790579124644864, 2045931.902720903046429 ], [ 377207.790579124644864, 2045961.902720903046429 ] ] } },
{ "type": "Feature", "properties": { "drain_id": "RN_DRAIN_00391", "source_type": "dem_inferred_surface_flow", "is_inferred": true, "acc_cells": 189, "upstream_area_m2": 169957.16108536447, "length_m": 42.43 }, "geometry": { "type": "LineString", "coordinates": [ [ 377237.790579124644864, 2045931.902720903046429 ], [ 377207.790579124644864, 2045961.902720903046429 ] ] } },
{ "type": "Feature", "properties": { "drain_id": "RN_DRAIN_00392", "source_type": "dem_inferred_surface_flow", "is_inferred": true, "acc_cells": 249, "upstream_area_m2": 224493.6364089186, "length_m": 30.0 }, "geometry": { "type": "LineString", "coordinates": [ [ 377267.790579124644864, 2045931.902720903046429 ], [ 377237.790579124644864, 2045931.902720903046429 ] ] } },
{ "type": "Feature", "properties": { "drain_id": "RN_DRAIN_00393", "source_type": "dem_inferred_surface_flow", "is_inferred": true, "acc_cells": 31, "upstream_area_m2": 27801.672638848628, "length_m": 30.0 }, "geometry": { "type": "LineString", "coordinates": [ [ 377417.790579124644864, 2045931.902720903046429 ], [ 377387.790579124644864, 2045931.902720903046429 ] ] } },
{ "type": "Feature", "properties": { "drain_id": "RN_DRAIN_00394", "source_type": "dem_inferred_surface_flow", "is_inferred": true, "acc_cells": 35, "upstream_area_m2": 31343.075426490464, "length_m": 30.0 }, "geometry": { "type": "LineString", "coordinates": [ [ 378017.790579124644864, 2045931.902720903046429 ], [ 378017.790579124644864, 2045961.902720903046429 ] ] } },
{ "type": "Feature", "properties": { "drain_id": "RN_DRAIN_00395", "source_type": "dem_inferred_surface_flow", "is_inferred": true, "acc_cells": 26, "upstream_area_m2": 23578.938393491753, "length_m": 42.43 }, "geometry": { "type": "LineString", "coordinates": [ [ 378317.790579124644864, 2045931.902720903046429 ], [ 378287.790579124644864, 2045961.902720903046429 ] ] } },
{ "type": "Feature", "properties": { "drain_id": "RN_DRAIN_00396", "source_type": "dem_inferred_surface_flow", "is_inferred": true, "acc_cells": 5101, "upstream_area_m2": 4590824.1988730719, "length_m": 42.43 }, "geometry": { "type": "LineString", "coordinates": [ [ 378527.790579124644864, 2045931.902720903046429 ], [ 378497.790579124644864, 2045961.902720903046429 ] ] } },
{ "type": "Feature", "properties": { "drain_id": "RN_DRAIN_00397", "source_type": "dem_inferred_surface_flow", "is_inferred": true, "acc_cells": 5089, "upstream_area_m2": 4580092.3256612718, "length_m": 30.0 }, "geometry": { "type": "LineString", "coordinates": [ [ 378557.790579124644864, 2045931.902720903046429 ], [ 378527.790579124644864, 2045931.902720903046429 ] ] } },
{ "type": "Feature", "properties": { "drain_id": "RN_DRAIN_00398", "source_type": "dem_inferred_surface_flow", "is_inferred": true, "acc_cells": 43, "upstream_area_m2": 38592.596443185044, "length_m": 30.0 }, "geometry": { "type": "LineString", "coordinates": [ [ 376727.790579124644864, 2045901.902720903046429 ], [ 376757.790579124644864, 2045901.902720903046429 ] ] } },
{ "type": "Feature", "properties": { "drain_id": "RN_DRAIN_00399", "source_type": "dem_inferred_surface_flow", "is_inferred": true, "acc_cells": 61, "upstream_area_m2": 54997.989102291554, "length_m": 30.0 }, "geometry": { "type": "LineString", "coordinates": [ [ 376757.790579124644864, 2045901.902720903046429 ], [ 376787.790579124644864, 2045901.902720903046429 ] ] } },
{ "type": "Feature", "properties": { "drain_id": "RN_DRAIN_00400", "source_type": "dem_inferred_surface_flow", "is_inferred": true, "acc_cells": 65, "upstream_area_m2": 58842.002975426643, "length_m": 30.0 }, "geometry": { "type": "LineString", "coordinates": [ [ 376787.790579124644864, 2045901.902720903046429 ], [ 376817.790579124644864, 2045901.902720903046429 ] ] } },
{ "type": "Feature", "properties": { "drain_id": "RN_DRAIN_00401", "source_type": "dem_inferred_surface_flow", "is_inferred": true, "acc_cells": 72, "upstream_area_m2": 65056.780756345928, "length_m": 42.43 }, "geometry": { "type": "LineString", "coordinates": [ [ 376817.790579124644864, 2045901.902720903046429 ], [ 376847.790579124644864, 2045871.902720903046429 ] ] } },
{ "type": "Feature", "properties": { "drain_id": "RN_DRAIN_00402", "source_type": "dem_inferred_surface_flow", "is_inferred": true, "acc_cells": 4064, "upstream_area_m2": 3657431.4860231145, "length_m": 42.43 }, "geometry": { "type": "LineString", "coordinates": [ [ 377147.790579124644864, 2045901.902720903046429 ], [ 377177.790579124644864, 2045931.902720903046429 ] ] } },
{ "type": "Feature", "properties": { "drain_id": "RN_DRAIN_00403", "source_type": "dem_inferred_surface_flow", "is_inferred": true, "acc_cells": 3905, "upstream_area_m2": 3514697.3121747505, "length_m": 30.0 }, "geometry": { "type": "LineString", "coordinates": [ [ 377177.790579124644864, 2045901.902720903046429 ], [ 377177.790579124644864, 2045931.902720903046429 ] ] } },
{ "type": "Feature", "properties": { "drain_id": "RN_DRAIN_00404", "source_type": "dem_inferred_surface_flow", "is_inferred": true, "acc_cells": 1735, "upstream_area_m2": 1561332.4685336426, "length_m": 42.43 }, "geometry": { "type": "LineString", "coordinates": [ [ 377207.790579124644864, 2045901.902720903046429 ], [ 377177.790579124644864, 2045931.902720903046429 ] ] } },
{ "type": "Feature", "properties": { "drain_id": "RN_DRAIN_00405", "source_type": "dem_inferred_surface_flow", "is_inferred": true, "acc_cells": 132, "upstream_area_m2": 119065.41764851141, "length_m": 42.43 }, "geometry": { "type": "LineString", "coordinates": [ [ 377237.790579124644864, 2045901.902720903046429 ], [ 377207.790579124644864, 2045931.902720903046429 ] ] } },
{ "type": "Feature", "properties": { "drain_id": "RN_DRAIN_00406", "source_type": "dem_inferred_surface_flow", "is_inferred": true, "acc_cells": 165, "upstream_area_m2": 148345.75031872178, "length_m": 30.0 }, "geometry": { "type": "LineString", "coordinates": [ [ 377267.790579124644864, 2045901.902720903046429 ], [ 377267.790579124644864, 2045931.902720903046429 ] ] } },
{ "type": "Feature", "properties": { "drain_id": "RN_DRAIN_00407", "source_type": "dem_inferred_surface_flow", "is_inferred": true, "acc_cells": 411, "upstream_area_m2": 369760.90440848609, "length_m": 42.43 }, "geometry": { "type": "LineString", "coordinates": [ [ 377297.790579124644864, 2045901.902720903046429 ], [ 377267.790579124644864, 2045931.902720903046429 ] ] } },
{ "type": "Feature", "properties": { "drain_id": "RN_DRAIN_00408", "source_type": "dem_inferred_surface_flow", "is_inferred": true, "acc_cells": 410, "upstream_area_m2": 368612.89234219294, "length_m": 30.0 }, "geometry": { "type": "LineString", "coordinates": [ [ 377327.790579124644864, 2045901.902720903046429 ], [ 377297.790579124644864, 2045901.902720903046429 ] ] } },
{ "type": "Feature", "properties": { "drain_id": "RN_DRAIN_00409", "source_type": "dem_inferred_surface_flow", "is_inferred": true, "acc_cells": 407, "upstream_area_m2": 366740.24661344948, "length_m": 30.0 }, "geometry": { "type": "LineString", "coordinates": [ [ 377357.790579124644864, 2045901.902720903046429 ], [ 377327.790579124644864, 2045901.902720903046429 ] ] } },
{ "type": "Feature", "properties": { "drain_id": "RN_DRAIN_00410", "source_type": "dem_inferred_surface_flow", "is_inferred": true, "acc_cells": 27, "upstream_area_m2": 24255.087827358922, "length_m": 42.43 }, "geometry": { "type": "LineString", "coordinates": [ [ 378047.790579124644864, 2045901.902720903046429 ], [ 378017.790579124644864, 2045931.902720903046429 ] ] } },
{ "type": "Feature", "properties": { "drain_id": "RN_DRAIN_00411", "source_type": "dem_inferred_surface_flow", "is_inferred": true, "acc_cells": 5087, "upstream_area_m2": 4578462.7196809202, "length_m": 38.29 }, "geometry": { "type": "LineString", "coordinates": [ [ 378584.866785897524096, 2045904.826514130225405 ], [ 378557.790579124644864, 2045931.902720903046429 ] ] } },
{ "type": "Feature", "properties": { "drain_id": "RN_DRAIN_00412", "source_type": "dem_inferred_surface_flow", "is_inferred": true, "acc_cells": 87, "upstream_area_m2": 77931.69994949887, "length_m": 42.43 }, "geometry": { "type": "LineString", "coordinates": [ [ 376847.790579124644864, 2045871.902720903046429 ], [ 376877.790579124644864, 2045841.902720903046429 ] ] } },
{ "type": "Feature", "properties": { "drain_id": "RN_DRAIN_00413", "source_type": "dem_inferred_surface_flow", "is_inferred": true, "acc_cells": 104, "upstream_area_m2": 93237.073949524885, "length_m": 42.43 }, "geometry": { "type": "LineString", "coordinates": [ [ 376967.790579124644864, 2045871.902720903046429 ], [ 376997.790579124644864, 2045841.902720903046429 ] ] } },
{ "type": "Feature", "properties": { "drain_id": "RN_DRAIN_00414", "source_type": "dem_inferred_surface_flow", "is_inferred": true, "acc_cells": 1936, "upstream_area_m2": 1742267.3856462857, "length_m": 30.0 }, "geometry": { "type": "LineString", "coordinates": [ [ 377117.790579124644864, 2045871.902720903046429 ], [ 377147.790579124644864, 2045871.902720903046429 ] ] } },
{ "type": "Feature", "properties": { "drain_id": "RN_DRAIN_00415", "source_type": "dem_inferred_surface_flow", "is_inferred": true, "acc_cells": 4347, "upstream_area_m2": 3911957.0409821295, "length_m": 30.0 }, "geometry": { "type": "LineString", "coordinates": [ [ 377147.790579124644864, 2045871.902720903046429 ], [ 377147.790579124644864, 2045901.902720903046429 ] ] } },
{ "type": "Feature", "properties": { "drain_id": "RN_DRAIN_00416", "source_type": "dem_inferred_surface_flow", "is_inferred": true, "acc_cells": 3279, "upstream_area_m2": 2951009.999208414, "length_m": 42.43 }, "geometry": { "type": "LineString", "coordinates": [ [ 377177.790579124644864, 2045871.902720903046429 ], [ 377147.790579124644864, 2045901.902720903046429 ] ] } },
{ "type": "Feature", "properties": { "drain_id": "RN_DRAIN_00417", "source_type": "dem_inferred_surface_flow", "is_inferred": true, "acc_cells": 372, "upstream_area_m2": 335202.07861386228, "length_m": 42.43 }, "geometry": { "type": "LineString", "coordinates": [ [ 377387.790579124644864, 2045871.902720903046429 ], [ 377357.790579124644864, 2045901.902720903046429 ] ] } },
{ "type": "Feature", "properties": { "drain_id": "RN_DRAIN_00418", "source_type": "dem_inferred_surface_flow", "is_inferred": true, "acc_cells": 80, "upstream_area_m2": 72171.160132306104, "length_m": 30.0 }, "geometry": { "type": "LineString", "coordinates": [ [ 377417.790579124644864, 2045871.902720903046429 ], [ 377387.790579124644864, 2045871.902720903046429 ] ] } },
{ "type": "Feature", "properties": { "drain_id": "RN_DRAIN_00419", "source_type": "dem_inferred_surface_flow", "is_inferred": true, "acc_cells": 26, "upstream_area_m2": 23657.651867769695, "length_m": 42.43 }, "geometry": { "type": "LineString", "coordinates": [ [ 378107.790579124644864, 2045871.902720903046429 ], [ 378077.790579124644864, 2045901.902720903046429 ] ] } },
{ "type": "Feature", "properties": { "drain_id": "RN_DRAIN_00420", "source_type": "dem_inferred_surface_flow", "is_inferred": true, "acc_cells": 49, "upstream_area_m2": 43673.588752883486, "length_m": 42.43 }, "geometry": { "type": "LineString", "coordinates": [ [ 376847.790579124644864, 2045841.902720903046429 ], [ 376877.790579124644864, 2045811.902720903046429 ] ] } },
{ "type": "Feature", "properties": { "drain_id": "RN_DRAIN_00421", "source_type": "dem_inferred_surface_flow", "is_inferred": true, "acc_cells": 170, "upstream_area_m2": 152735.26192032368, "length_m": 42.43 }, "geometry": { "type": "LineString", "coordinates": [ [ 376877.790579124644864, 2045841.902720903046429 ], [ 376907.790579124644864, 2045811.902720903046429 ] ] } },
{ "type": "Feature", "properties": { "drain_id": "RN_DRAIN_00422", "source_type": "dem_inferred_surface_flow", "is_inferred": true, "acc_cells": 5105, "upstream_area_m2": 4594904.7663739733, "length_m": 30.0 }, "geometry": { "type": "LineString", "coordinates": [ [ 376937.790579124644864, 2045841.902720903046429 ], [ 376967.790579124644864, 2045841.902720903046429 ] ] } },
{ "type": "Feature", "properties": { "drain_id": "RN_DRAIN_00423", "source_type": "dem_inferred_surface_flow", "is_inferred": true, "acc_cells": 5073, "upstream_area_m2": 4565540.1072202642, "length_m": 30.0 }, "geometry": { "type": "LineString", "coordinates": [ [ 376967.790579124644864, 2045841.902720903046429 ], [ 376997.790579124644864, 2045841.902720903046429 ] ] } },
{ "type": "Feature", "properties": { "drain_id": "RN_DRAIN_00424", "source_type": "dem_inferred_surface_flow", "is_inferred": true, "acc_cells": 5117, "upstream_area_m2": 4605269.2198733296, "length_m": 42.43 }, "geometry": { "type": "LineString", "coordinates": [ [ 376997.790579124644864, 2045841.902720903046429 ], [ 377027.790579124644864, 2045811.902720903046429 ] ] } },
{ "type": "Feature", "properties": { "drain_id": "RN_DRAIN_00425", "source_type": "dem_inferred_surface_flow", "is_inferred": true, "acc_cells": 3830, "upstream_area_m2": 3446904.517882226, "length_m": 30.0 }, "geometry": { "type": "LineString", "coordinates": [ [ 377117.790579124644864, 2045841.902720903046429 ], [ 377147.790579124644864, 2045841.902720903046429 ] ] } },
{ "type": "Feature", "properties": { "drain_id": "RN_DRAIN_00426", "source_type": "dem_inferred_surface_flow", "is_inferred": true, "acc_cells": 4711, "upstream_area_m2": 4239640.8869981468, "length_m": 30.0 }, "geometry": { "type": "LineString", "coordinates": [ [ 377147.790579124644864, 2045841.902720903046429 ], [ 377147.790579124644864, 2045871.902720903046429 ] ] } },
{ "type": "Feature", "properties": { "drain_id": "RN_DRAIN_00427", "source_type": "dem_inferred_surface_flow", "is_inferred": true, "acc_cells": 1015, "upstream_area_m2": 913222.64507433353, "length_m": 42.43 }, "geometry": { "type": "LineString", "coordinates": [ [ 377177.790579124644864, 2045841.902720903046429 ], [ 377147.790579124644864, 2045871.902720903046429 ] ] } },
{ "type": "Feature", "properties": { "drain_id": "RN_DRAIN_00428", "source_type": "dem_inferred_surface_flow", "is_inferred": true, "acc_cells": 270, "upstream_area_m2": 242803.99636092619, "length_m": 42.43 }, "geometry": { "type": "LineString", "coordinates": [ [ 377417.790579124644864, 2045841.902720903046429 ], [ 377387.790579124644864, 2045871.902720903046429 ] ] } },
{ "type": "Feature", "properties": { "drain_id": "RN_DRAIN_00429", "source_type": "dem_inferred_surface_flow", "is_inferred": true, "acc_cells": 146, "upstream_area_m2": 131668.86747583965, "length_m": 30.0 }, "geometry": { "type": "LineString", "coordinates": [ [ 377447.790579124644864, 2045841.902720903046429 ], [ 377417.790579124644864, 2045841.902720903046429 ] ] } },
{ "type": "Feature", "properties": { "drain_id": "RN_DRAIN_00430", "source_type": "dem_inferred_surface_flow", "is_inferred": true, "acc_cells": 25, "upstream_area_m2": 22810.608955270589, "length_m": 42.43 }, "geometry": { "type": "LineString", "coordinates": [ [ 378137.790579124644864, 2045841.902720903046429 ], [ 378107.790579124644864, 2045871.902720903046429 ] ] } },
{ "type": "Feature", "properties": { "drain_id": "RN_DRAIN_00431", "source_type": "dem_inferred_surface_flow", "is_inferred": true, "acc_cells": 3463, "upstream_area_m2": 3116386.3478928693, "length_m": 30.0 }, "geometry": { "type": "LineString", "coordinates": [ [ 376817.790579124644864, 2045811.902720903046429 ], [ 376847.790579124644864, 2045811.902720903046429 ] ] } },
{ "type": "Feature", "properties": { "drain_id": "RN_DRAIN_00432", "source_type": "dem_inferred_surface_flow", "is_inferred": true, "acc_cells": 4917, "upstream_area_m2": 4425390.9938247195, "length_m": 30.0 }, "geometry": { "type": "LineString", "coordinates": [ [ 376847.790579124644864, 2045811.902720903046429 ], [ 376877.790579124644864, 2045811.902720903046429 ] ] } },
{ "type": "Feature", "properties": { "drain_id": "RN_DRAIN_00433", "source_type": "dem_inferred_surface_flow", "is_inferred": true, "acc_cells": 4934, "upstream_area_m2": 4440325.2776955999, "length_m": 30.0 }, "geometry": { "type": "LineString", "coordinates": [ [ 376877.790579124644864, 2045811.902720903046429 ], [ 376907.790579124644864, 2045811.902720903046429 ] ] } },
{ "type": "Feature", "properties": { "drain_id": "RN_DRAIN_00434", "source_type": "dem_inferred_surface_flow", "is_inferred": true, "acc_cells": 5103, "upstream_area_m2": 4592890.0526896613, "length_m": 42.43 }, "geometry": { "type": "LineString", "coordinates": [ [ 376907.790579124644864, 2045811.902720903046429 ], [ 376937.790579124644864, 2045841.902720903046429 ] ] } },
{ "type": "Feature", "properties": { "drain_id": "RN_DRAIN_00435", "source_type": "dem_inferred_surface_flow", "is_inferred": true, "acc_cells": 5118, "upstream_area_m2": 4606171.1354887234, "length_m": 42.43 }, "geometry": { "type": "LineString", "coordinates": [ [ 377027.790579124644864, 2045811.902720903046429 ], [ 377057.790579124644864, 2045781.902720903046429 ] ] } },
{ "type": "Feature", "properties": { "drain_id": "RN_DRAIN_00436", "source_type": "dem_inferred_surface_flow", "is_inferred": true, "acc_cells": 830, "upstream_area_m2": 746948.99314323522, "length_m": 42.43 }, "geometry": { "type": "LineString", "coordinates": [ [ 377057.790579124644864, 2045811.902720903046429 ], [ 377087.790579124644864, 2045781.902720903046429 ] ] } },
{ "type": "Feature", "properties": { "drain_id": "RN_DRAIN_00437", "source_type": "dem_inferred_surface_flow", "is_inferred": true, "acc_cells": 655, "upstream_area_m2": 589331.37558713881, "length_m": 30.0 }, "geometry": { "type": "LineString", "coordinates": [ [ 377087.790579124644864, 2045811.902720903046429 ], [ 377117.790579124644864, 2045811.902720903046429 ] ] } },
{ "type": "Feature", "properties": { "drain_id": "RN_DRAIN_00438", "source_type": "dem_inferred_surface_flow", "is_inferred": true, "acc_cells": 7666, "upstream_area_m2": 6899051.3245039405, "length_m": 42.43 }, "geometry": { "type": "LineString", "coordinates": [ [ 377117.790579124644864, 2045811.902720903046429 ], [ 377147.790579124644864, 2045841.902720903046429 ] ] } },
{ "type": "Feature", "properties": { "drain_id": "RN_DRAIN_00439", "source_type": "dem_inferred_surface_flow", "is_inferred": true, "acc_cells": 1682, "upstream_area_m2": 1513859.7114906798, "length_m": 30.0 }, "geometry": { "type": "LineString", "coordinates": [ [ 377147.790579124644864, 2045811.902720903046429 ], [ 377147.790579124644864, 2045841.902720903046429 ] ] } },
{ "type": "Feature", "properties": { "drain_id": "RN_DRAIN_00440", "source_type": "dem_inferred_surface_flow", "is_inferred": true, "acc_cells": 137, "upstream_area_m2": 123385.2304057545, "length_m": 42.43 }, "geometry": { "type": "LineString", "coordinates": [ [ 377177.790579124644864, 2045811.902720903046429 ], [ 377147.790579124644864, 2045841.902720903046429 ] ] } },
{ "type": "Feature", "properties": { "drain_id": "RN_DRAIN_00441", "source_type": "dem_inferred_surface_flow", "is_inferred": true, "acc_cells": 196, "upstream_area_m2": 176062.57103683826, "length_m": 42.43 }, "geometry": { "type": "LineString", "coordinates": [ [ 377447.790579124644864, 2045811.902720903046429 ], [ 377417.790579124644864, 2045841.902720903046429 ] ] } },
{ "type": "Feature", "properties": { "drain_id": "RN_DRAIN_00442", "source_type": "dem_inferred_surface_flow", "is_inferred": true, "acc_cells": 275, "upstream_area_m2": 247901.85249242783, "length_m": 30.0 }, "geometry": { "type": "LineString", "coordinates": [ [ 377477.790579124644864, 2045811.902720903046429 ], [ 377447.790579124644864, 2045811.902720903046429 ] ] } },
{ "type": "Feature", "properties": { "drain_id": "RN_DRAIN_00443", "source_type": "dem_inferred_surface_flow", "is_inferred": true, "acc_cells": 297, "upstream_area_m2": 267227.15406395862, "length_m": 30.0 }, "geometry": { "type": "LineString", "coordinates": [ [ 377507.790579124644864, 2045811.902720903046429 ], [ 377477.790579124644864, 2045811.902720903046429 ] ] } },
{ "type": "Feature", "properties": { "drain_id": "RN_DRAIN_00444", "source_type": "dem_inferred_surface_flow", "is_inferred": true, "acc_cells": 286, "upstream_area_m2": 257420.42137176407, "length_m": 30.0 }, "geometry": { "type": "LineString", "coordinates": [ [ 377537.790579124644864, 2045811.902720903046429 ], [ 377507.790579124644864, 2045811.902720903046429 ] ] } },
{ "type": "Feature", "properties": { "drain_id": "RN_DRAIN_00445", "source_type": "dem_inferred_surface_flow", "is_inferred": true, "acc_cells": 4999, "upstream_area_m2": 4498682.6721660281, "length_m": 30.0 }, "geometry": { "type": "LineString", "coordinates": [ [ 376787.790579124644864, 2045781.902720903046429 ], [ 376817.790579124644864, 2045781.902720903046429 ] ] } },
{ "type": "Feature", "properties": { "drain_id": "RN_DRAIN_00446", "source_type": "dem_inferred_surface_flow", "is_inferred": true, "acc_cells": 3615, "upstream_area_m2": 3253551.2238967079, "length_m": 42.43 }, "geometry": { "type": "LineString", "coordinates": [ [ 376817.790579124644864, 2045781.902720903046429 ], [ 376847.790579124644864, 2045811.902720903046429 ] ] } },
{ "type": "Feature", "properties": { "drain_id": "RN_DRAIN_00447", "source_type": "dem_inferred_surface_flow", "is_inferred": true, "acc_cells": 95, "upstream_area_m2": 85340.008275813598, "length_m": 42.43 }, "geometry": { "type": "LineString", "coordinates": [ [ 376847.790579124644864, 2045781.902720903046429 ], [ 376877.790579124644864, 2045811.902720903046429 ] ] } },
{ "type": "Feature", "properties": { "drain_id": "RN_DRAIN_00448", "source_type": "dem_inferred_surface_flow", "is_inferred": true, "acc_cells": 35, "upstream_area_m2": 31602.20738506029, "length_m": 30.0 }, "geometry": { "type": "LineString", "coordinates": [ [ 377027.790579124644864, 2045781.902720903046429 ], [ 377057.790579124644864, 2045781.902720903046429 ] ] } },
{ "type": "Feature", "properties": { "drain_id": "RN_DRAIN_00449", "source_type": "dem_inferred_surface_flow", "is_inferred": true, "acc_cells": 4293, "upstream_area_m2": 3864064.3655126966, "length_m": 30.0 }, "geometry": { "type": "LineString", "coordinates": [ [ 377057.790579124644864, 2045781.902720903046429 ], [ 377087.790579124644864, 2045781.902720903046429 ] ] } },
{ "type": "Feature", "properties": { "drain_id": "RN_DRAIN_00450", "source_type": "dem_inferred_surface_flow", "is_inferred": true, "acc_cells": 5960, "upstream_area_m2": 5364287.1956359195, "length_m": 42.43 }, "geometry": { "type": "LineString", "coordinates": [ [ 377087.790579124644864, 2045781.902720903046429 ], [ 377117.790579124644864, 2045811.902720903046429 ] ] } },
{ "type": "Feature", "properties": { "drain_id": "RN_DRAIN_00451", "source_type": "dem_inferred_surface_flow", "is_inferred": true, "acc_cells": 2992, "upstream_area_m2": 2692372.215263647, "length_m": 30.0 }, "geometry": { "type": "LineString", "coordinates": [ [ 377117.790579124644864, 2045781.902720903046429 ], [ 377117.790579124644864, 2045811.902720903046429 ] ] } },
{ "type": "Feature", "properties": { "drain_id": "RN_DRAIN_00452", "source_type": "dem_inferred_surface_flow", "is_inferred": true, "acc_cells": 239, "upstream_area_m2": 215488.70619779019, "length_m": 42.43 }, "geometry": { "type": "LineString", "coordinates": [ [ 377147.790579124644864, 2045781.902720903046429 ], [ 377117.790579124644864, 2045811.902720903046429 ] ] } },
{ "type": "Feature", "properties": { "drain_id": "RN_DRAIN_00453", "source_type": "dem_inferred_surface_flow", "is_inferred": true, "acc_cells": 54, "upstream_area_m2": 48433.237097118952, "length_m": 30.0 }, "geometry": { "type": "LineString", "coordinates": [ [ 377477.790579124644864, 2045781.902720903046429 ], [ 377477.790579124644864, 2045811.902720903046429 ] ] } },
{ "type": "Feature", "properties": { "drain_id": "RN_DRAIN_00454", "source_type": "dem_inferred_surface_flow", "is_inferred": true, "acc_cells": 288, "upstream_area_m2": 259021.97402614125, "length_m": 42.43 }, "geometry": { "type": "LineString", "coordinates": [ [ 377567.790579124644864, 2045781.902720903046429 ], [ 377537.790579124644864, 2045811.902720903046429 ] ] } },
{ "type": "Feature", "properties": { "drain_id": "RN_DRAIN_00455", "source_type": "dem_inferred_surface_flow", "is_inferred": true, "acc_cells": 286, "upstream_area_m2": 257635.08561028005, "length_m": 30.0 }, "geometry": { "type": "LineString", "coordinates": [ [ 377597.790579124644864, 2045781.902720903046429 ], [ 377567.790579124644864, 2045781.902720903046429 ] ] } },
{ "type": "Feature", "properties": { "drain_id": "RN_DRAIN_00456", "source_type": "dem_inferred_surface_flow", "is_inferred": true, "acc_cells": 131, "upstream_area_m2": 117751.97090754211, "length_m": 30.0 }, "geometry": { "type": "LineString", "coordinates": [ [ 377627.790579124644864, 2045781.902720903046429 ], [ 377597.790579124644864, 2045781.902720903046429 ] ] } },
{ "type": "Feature", "properties": { "drain_id": "RN_DRAIN_00457", "source_type": "dem_inferred_surface_flow", "is_inferred": true, "acc_cells": 40, "upstream_area_m2": 35767.998209488804, "length_m": 42.43 }, "geometry": { "type": "LineString", "coordinates": [ [ 377837.790579124644864, 2045781.902720903046429 ], [ 377807.790579124644864, 2045751.902720903046429 ] ] } },
{ "type": "Feature", "properties": { "drain_id": "RN_DRAIN_00458", "source_type": "dem_inferred_surface_flow", "is_inferred": true, "acc_cells": 30, "upstream_area_m2": 26971.054336274636, "length_m": 30.0 }, "geometry": { "type": "LineString", "coordinates": [ [ 377867.790579124644864, 2045781.902720903046429 ], [ 377837.790579124644864, 2045781.902720903046429 ] ] } },
{ "type": "Feature", "properties": { "drain_id": "RN_DRAIN_00459", "source_type": "dem_inferred_surface_flow", "is_inferred": true, "acc_cells": 29, "upstream_area_m2": 25985.906961483448, "length_m": 42.43 }, "geometry": { "type": "LineString", "coordinates": [ [ 377957.790579124644864, 2045781.902720903046429 ], [ 377927.790579124644864, 2045751.902720903046429 ] ] } },
{ "type": "Feature", "properties": { "drain_id": "RN_DRAIN_00460", "source_type": "dem_inferred_surface_flow", "is_inferred": true, "acc_cells": 4995, "upstream_area_m2": 4495763.3580512209, "length_m": 8.98 }, "geometry": { "type": "LineString", "coordinates": [ [ 376781.440750405890867, 2045775.55289218435064 ], [ 376787.790579124644864, 2045781.902720903046429 ] ] } },
{ "type": "Feature", "properties": { "drain_id": "RN_DRAIN_00461", "source_type": "dem_inferred_surface_flow", "is_inferred": true, "acc_cells": 1165, "upstream_area_m2": 1048154.026009026, "length_m": 42.43 }, "geometry": { "type": "LineString", "coordinates": [ [ 377057.790579124644864, 2045751.902720903046429 ], [ 377087.790579124644864, 2045781.902720903046429 ] ] } },
{ "type": "Feature", "properties": { "drain_id": "RN_DRAIN_00462", "source_type": "dem_inferred_surface_flow", "is_inferred": true, "acc_cells": 5473, "upstream_area_m2": 4926148.1357798399, "length_m": 30.0 }, "geometry": { "type": "LineString", "coordinates": [ [ 377087.790579124644864, 2045751.902720903046429 ], [ 377087.790579124644864, 2045781.902720903046429 ] ] } },
{ "type": "Feature", "properties": { "drain_id": "RN_DRAIN_00463", "source_type": "dem_inferred_surface_flow", "is_inferred": true, "acc_cells": 201, "upstream_area_m2": 181037.9607898473, "length_m": 42.43 }, "geometry": { "type": "LineString", "coordinates": [ [ 377117.790579124644864, 2045751.902720903046429 ], [ 377087.790579124644864, 2045781.902720903046429 ] ] } },
{ "type": "Feature", "properties": { "drain_id": "RN_DRAIN_00464", "source_type": "dem_inferred_surface_flow", "is_inferred": true, "acc_cells": 126, "upstream_area_m2": 113707.40150847306, "length_m": 42.43 }, "geometry": { "type": "LineString", "coordinates": [ [ 377147.790579124644864, 2045751.902720903046429 ], [ 377117.790579124644864, 2045781.902720903046429 ] ] } },
{ "type": "Feature", "properties": { "drain_id": "RN_DRAIN_00465", "source_type": "dem_inferred_surface_flow", "is_inferred": true, "acc_cells": 274, "upstream_area_m2": 246205.63140808741, "length_m": 42.43 }, "geometry": { "type": "LineString", "coordinates": [ [ 377627.790579124644864, 2045751.902720903046429 ], [ 377597.790579124644864, 2045781.902720903046429 ] ] } },
{ "type": "Feature", "properties": { "drain_id": "RN_DRAIN_00466", "source_type": "dem_inferred_surface_flow", "is_inferred": true, "acc_cells": 31, "upstream_area_m2": 27755.834399644853, "length_m": 42.43 }, "geometry": { "type": "LineString", "coordinates": [ [ 377717.790579124644864, 2045751.902720903046429 ], [ 377687.790579124644864, 2045721.902720903046429 ] ] } },
{ "type": "Feature", "properties": { "drain_id": "RN_DRAIN_00467", "source_type": "dem_inferred_surface_flow", "is_inferred": true, "acc_cells": 35, "upstream_area_m2": 31886.205236584894, "length_m": 42.43 }, "geometry": { "type": "LineString", "coordinates": [ [ 377747.790579124644864, 2045751.902720903046429 ], [ 377717.790579124644864, 2045721.902720903046429 ] ] } },
{ "type": "Feature", "properties": { "drain_id": "RN_DRAIN_00468", "source_type": "dem_inferred_surface_flow", "is_inferred": true, "acc_cells": 67, "upstream_area_m2": 60225.138834804304, "length_m": 42.43 }, "geometry": { "type": "LineString", "coordinates": [ [ 377777.790579124644864, 2045751.902720903046429 ], [ 377747.790579124644864, 2045721.902720903046429 ] ] } },
{ "type": "Feature", "properties": { "drain_id": "RN_DRAIN_00469", "source_type": "dem_inferred_surface_flow", "is_inferred": true, "acc_cells": 76, "upstream_area_m2": 68442.164119710171, "length_m": 42.43 }, "geometry": { "type": "LineString", "coordinates": [ [ 377807.790579124644864, 2045751.902720903046429 ], [ 377777.790579124644864, 2045721.902720903046429 ] ] } },
{ "type": "Feature", "properties": { "drain_id": "RN_DRAIN_00470", "source_type": "dem_inferred_surface_flow", "is_inferred": true, "acc_cells": 4349, "upstream_area_m2": 3914002.7056012037, "length_m": 42.43 }, "geometry": { "type": "LineString", "coordinates": [ [ 377057.790579124644864, 2045721.902720903046429 ], [ 377087.790579124644864, 2045751.902720903046429 ] ] } },
{ "type": "Feature", "properties": { "drain_id": "RN_DRAIN_00471", "source_type": "dem_inferred_surface_flow", "is_inferred": true, "acc_cells": 206, "upstream_area_m2": 185200.61011850188, "length_m": 30.0 }, "geometry": { "type": "LineString", "coordinates": [ [ 377087.790579124644864, 2045721.902720903046429 ], [ 377087.790579124644864, 2045751.902720903046429 ] ] } },
{ "type": "Feature", "properties": { "drain_id": "RN_DRAIN_00472", "source_type": "dem_inferred_surface_flow", "is_inferred": true, "acc_cells": 135, "upstream_area_m2": 121839.92956113782, "length_m": 42.43 }, "geometry": { "type": "LineString", "coordinates": [ [ 377117.790579124644864, 2045721.902720903046429 ], [ 377087.790579124644864, 2045751.902720903046429 ] ] } },
{ "type": "Feature", "properties": { "drain_id": "RN_DRAIN_00473", "source_type": "dem_inferred_surface_flow", "is_inferred": true, "acc_cells": 77, "upstream_area_m2": 69383.929943561583, "length_m": 42.43 }, "geometry": { "type": "LineString", "coordinates": [ [ 377147.790579124644864, 2045721.902720903046429 ], [ 377117.790579124644864, 2045751.902720903046429 ] ] } },
{ "type": "Feature", "properties": { "drain_id": "RN_DRAIN_00474", "source_type": "dem_inferred_surface_flow", "is_inferred": true, "acc_cells": 48, "upstream_area_m2": 43568.039945964447, "length_m": 42.43 }, "geometry": { "type": "LineString", "coordinates": [ [ 377177.790579124644864, 2045721.902720903046429 ], [ 377147.790579124644864, 2045751.902720903046429 ] ] } },
{ "type": "Feature", "properties": { "drain_id": "RN_DRAIN_00475", "source_type": "dem_inferred_surface_flow", "is_inferred": true, "acc_cells": 272, "upstream_area_m2": 244559.87432144812, "length_m": 42.43 }, "geometry": { "type": "LineString", "coordinates": [ [ 377657.790579124644864, 2045721.902720903046429 ], [ 377627.790579124644864, 2045751.902720903046429 ] ] } },
{ "type": "Feature", "properties": { "drain_id": "RN_DRAIN_00476", "source_type": "dem_inferred_surface_flow", "is_inferred": true, "acc_cells": 269, "upstream_area_m2": 242093.74272784407, "length_m": 30.0 }, "geometry": { "type": "LineString", "coordinates": [ [ 377687.790579124644864, 2045721.902720903046429 ], [ 377657.790579124644864, 2045721.902720903046429 ] ] } },
{ "type": "Feature", "properties": { "drain_id": "RN_DRAIN_00477", "source_type": "dem_inferred_surface_flow", "is_inferred": true, "acc_cells": 237, "upstream_area_m2": 213095.86908243518, "length_m": 30.0 }, "geometry": { "type": "LineString", "coordinates": [ [ 377717.790579124644864, 2045721.902720903046429 ], [ 377687.790579124644864, 2045721.902720903046429 ] ] } },
{ "type": "Feature", "properties": { "drain_id": "RN_DRAIN_00478", "source_type": "dem_inferred_surface_flow", "is_inferred": true, "acc_cells": 204, "upstream_area_m2": 183808.54622807764, "length_m": 30.0 }, "geometry": { "type": "LineString", "coordinates": [ [ 377747.790579124644864, 2045721.902720903046429 ], [ 377717.790579124644864, 2045721.902720903046429 ] ] } },
{ "type": "Feature", "properties": { "drain_id": "RN_DRAIN_00479", "source_type": "dem_inferred_surface_flow", "is_inferred": true, "acc_cells": 96, "upstream_area_m2": 86615.407047761153, "length_m": 30.0 }, "geometry": { "type": "LineString", "coordinates": [ [ 377777.790579124644864, 2045721.902720903046429 ], [ 377747.790579124644864, 2045721.902720903046429 ] ] } },
{ "type": "Feature", "properties": { "drain_id": "RN_DRAIN_00480", "source_type": "dem_inferred_surface_flow", "is_inferred": true, "acc_cells": 55, "upstream_area_m2": 49813.13207283325, "length_m": 30.0 }, "geometry": { "type": "LineString", "coordinates": [ [ 377807.790579124644864, 2045721.902720903046429 ], [ 377777.790579124644864, 2045721.902720903046429 ] ] } },
{ "type": "Feature", "properties": { "drain_id": "RN_DRAIN_00481", "source_type": "dem_inferred_surface_flow", "is_inferred": true, "acc_cells": 36, "upstream_area_m2": 32685.355337797941, "length_m": 42.43 }, "geometry": { "type": "LineString", "coordinates": [ [ 377837.790579124644864, 2045721.902720903046429 ], [ 377807.790579124644864, 2045751.902720903046429 ] ] } },
{ "type": "Feature", "properties": { "drain_id": "RN_DRAIN_00482", "source_type": "dem_inferred_surface_flow", "is_inferred": true, "acc_cells": 4015, "upstream_area_m2": 3613246.3242182061, "length_m": 42.43 }, "geometry": { "type": "LineString", "coordinates": [ [ 377027.790579124644864, 2045691.902720903046429 ], [ 377057.790579124644864, 2045721.902720903046429 ] ] } },
{ "type": "Feature", "properties": { "drain_id": "RN_DRAIN_00483", "source_type": "dem_inferred_surface_flow", "is_inferred": true, "acc_cells": 152, "upstream_area_m2": 136355.05441861777, "length_m": 30.0 }, "geometry": { "type": "LineString", "coordinates": [ [ 377057.790579124644864, 2045691.902720903046429 ], [ 377057.790579124644864, 2045721.902720903046429 ] ] } },
{ "type": "Feature", "properties": { "drain_id": "RN_DRAIN_00484", "source_type": "dem_inferred_surface_flow", "is_inferred": true, "acc_cells": 43, "upstream_area_m2": 38850.287210425158, "length_m": 42.43 }, "geometry": { "type": "LineString", "coordinates": [ [ 377087.790579124644864, 2045691.902720903046429 ], [ 377057.790579124644864, 2045721.902720903046429 ] ] } },
{ "type": "Feature", "properties": { "drain_id": "RN_DRAIN_00485", "source_type": "dem_inferred_surface_flow", "is_inferred": true, "acc_cells": 76, "upstream_area_m2": 68441.908445256777, "length_m": 42.43 }, "geometry": { "type": "LineString", "coordinates": [ [ 377117.790579124644864, 2045691.902720903046429 ], [ 377087.790579124644864, 2045721.902720903046429 ] ] } },
{ "type": "Feature", "properties": { "drain_id": "RN_DRAIN_00486", "source_type": "dem_inferred_surface_flow", "is_inferred": true, "acc_cells": 50, "upstream_area_m2": 45173.554785691296, "length_m": 42.43 }, "geometry": { "type": "LineString", "coordinates": [ [ 377147.790579124644864, 2045691.902720903046429 ], [ 377117.790579124644864, 2045721.902720903046429 ] ] } },
{ "type": "Feature", "properties": { "drain_id": "RN_DRAIN_00487", "source_type": "dem_inferred_surface_flow", "is_inferred": true, "acc_cells": 87, "upstream_area_m2": 78196.542325108312, "length_m": 42.43 }, "geometry": { "type": "LineString", "coordinates": [ [ 377177.790579124644864, 2045691.902720903046429 ], [ 377147.790579124644864, 2045721.902720903046429 ] ] } },
{ "type": "Feature", "properties": { "drain_id": "RN_DRAIN_00488", "source_type": "dem_inferred_surface_flow", "is_inferred": true, "acc_cells": 132, "upstream_area_m2": 118578.76501064238, "length_m": 30.0 }, "geometry": { "type": "LineString", "coordinates": [ [ 377207.790579124644864, 2045691.902720903046429 ], [ 377177.790579124644864, 2045691.902720903046429 ] ] } },
{ "type": "Feature", "properties": { "drain_id": "RN_DRAIN_00489", "source_type": "dem_inferred_surface_flow", "is_inferred": true, "acc_cells": 130, "upstream_area_m2": 116561.5871496984, "length_m": 30.0 }, "geometry": { "type": "LineString", "coordinates": [ [ 377237.790579124644864, 2045691.902720903046429 ], [ 377207.790579124644864, 2045691.902720903046429 ] ] } },
{ "type": "Feature", "properties": { "drain_id": "RN_DRAIN_00490", "source_type": "dem_inferred_surface_flow", "is_inferred": true, "acc_cells": 124, "upstream_area_m2": 111679.96233274964, "length_m": 30.0 }, "geometry": { "type": "LineString", "coordinates": [ [ 377267.790579124644864, 2045691.902720903046429 ], [ 377237.790579124644864, 2045691.902720903046429 ] ] } },
{ "type": "Feature", "properties": { "drain_id": "RN_DRAIN_00491", "source_type": "dem_inferred_surface_flow", "is_inferred": true, "acc_cells": 80, "upstream_area_m2": 72043.299321851693, "length_m": 30.0 }, "geometry": { "type": "LineString", "coordinates": [ [ 377297.790579124644864, 2045691.902720903046429 ], [ 377267.790579124644864, 2045691.902720903046429 ] ] } },
{ "type": "Feature", "properties": { "drain_id": "RN_DRAIN_00492", "source_type": "dem_inferred_surface_flow", "is_inferred": true, "acc_cells": 97, "upstream_area_m2": 87148.54483276853, "length_m": 42.43 }, "geometry": { "type": "LineString", "coordinates": [ [ 377747.790579124644864, 2045691.902720903046429 ], [ 377717.790579124644864, 2045721.902720903046429 ] ] } },
{ "type": "Feature", "properties": { "drain_id": "RN_DRAIN_00493", "source_type": "dem_inferred_surface_flow", "is_inferred": true, "acc_cells": 63, "upstream_area_m2": 56469.368110915333, "length_m": 42.43 }, "geometry": { "type": "LineString", "coordinates": [ [ 377837.790579124644864, 2045691.902720903046429 ], [ 377807.790579124644864, 2045721.902720903046429 ] ] } },
{ "type": "Feature", "properties": { "drain_id": "RN_DRAIN_00494", "source_type": "dem_inferred_surface_flow", "is_inferred": true, "acc_cells": 32, "upstream_area_m2": 28589.676483955871, "length_m": 30.0 }, "geometry": { "type": "LineString", "coordinates": [ [ 377867.790579124644864, 2045691.902720903046429 ], [ 377837.790579124644864, 2045691.902720903046429 ] ] } },
{ "type": "Feature", "properties": { "drain_id": "RN_DRAIN_00495", "source_type": "dem_inferred_surface_flow", "is_inferred": true, "acc_cells": 3953, "upstream_area_m2": 3557392.5772716366, "length_m": 42.43 }, "geometry": { "type": "LineString", "coordinates": [ [ 376997.790579124644864, 2045661.902720903046429 ], [ 377027.790579124644864, 2045691.902720903046429 ] ] } },
{ "type": "Feature", "properties": { "drain_id": "RN_DRAIN_00496", "source_type": "dem_inferred_surface_flow", "is_inferred": true, "acc_cells": 180, "upstream_area_m2": 162267.13154280075, "length_m": 30.0 }, "geometry": { "type": "LineString", "coordinates": [ [ 377027.790579124644864, 2045661.902720903046429 ], [ 377027.790579124644864, 2045691.902720903046429 ] ] } },
{ "type": "Feature", "properties": { "drain_id": "RN_DRAIN_00497", "source_type": "dem_inferred_surface_flow", "is_inferred": true, "acc_cells": 42, "upstream_area_m2": 37858.307612155761, "length_m": 42.43 }, "geometry": { "type": "LineString", "coordinates": [ [ 377057.790579124644864, 2045661.902720903046429 ], [ 377027.790579124644864, 2045691.902720903046429 ] ] } },
{ "type": "Feature", "properties": { "drain_id": "RN_DRAIN_00498", "source_type": "dem_inferred_surface_flow", "is_inferred": true, "acc_cells": 48, "upstream_area_m2": 42949.980086257179, "length_m": 30.0 }, "geometry": { "type": "LineString", "coordinates": [ [ 377117.790579124644864, 2045661.902720903046429 ], [ 377117.790579124644864, 2045691.902720903046429 ] ] } },
{ "type": "Feature", "properties": { "drain_id": "RN_DRAIN_00499", "source_type": "dem_inferred_surface_flow", "is_inferred": true, "acc_cells": 26, "upstream_area_m2": 23368.866952527223, "length_m": 42.43 }, "geometry": { "type": "LineString", "coordinates": [ [ 377297.790579124644864, 2045661.902720903046429 ], [ 377267.790579124644864, 2045691.902720903046429 ] ] } },
{ "type": "Feature", "properties": { "drain_id": "RN_DRAIN_00500", "source_type": "dem_inferred_surface_flow", "is_inferred": true, "acc_cells": 76, "upstream_area_m2": 68295.545877475481, "length_m": 42.43 }, "geometry": { "type": "LineString", "coordinates": [ [ 377327.790579124644864, 2045661.902720903046429 ], [ 377297.790579124644864, 2045691.902720903046429 ] ] } },
{ "type": "Feature", "properties": { "drain_id": "RN_DRAIN_00501", "source_type": "dem_inferred_surface_flow", "is_inferred": true, "acc_cells": 61, "upstream_area_m2": 54625.026150804093, "length_m": 30.0 }, "geometry": { "type": "LineString", "coordinates": [ [ 377747.790579124644864, 2045661.902720903046429 ], [ 377747.790579124644864, 2045691.902720903046429 ] ] } },
{ "type": "Feature", "properties": { "drain_id": "RN_DRAIN_00502", "source_type": "dem_inferred_surface_flow", "is_inferred": true, "acc_cells": 50, "upstream_area_m2": 44584.313019874673, "length_m": 42.43 }, "geometry": { "type": "LineString", "coordinates": [ [ 377777.790579124644864, 2045661.902720903046429 ], [ 377747.790579124644864, 2045691.902720903046429 ] ] } },
{ "type": "Feature", "properties": { "drain_id": "RN_DRAIN_00503", "source_type": "dem_inferred_surface_flow", "is_inferred": true, "acc_cells": 52, "upstream_area_m2": 46388.997711047145, "length_m": 42.43 }, "geometry": { "type": "LineString", "coordinates": [ [ 377867.790579124644864, 2045661.902720903046429 ], [ 377837.790579124644864, 2045691.902720903046429 ] ] } },
{ "type": "Feature", "properties": { "drain_id": "RN_DRAIN_00504", "source_type": "dem_inferred_surface_flow", "is_inferred": true, "acc_cells": 3875, "upstream_area_m2": 3487662.5426510111, "length_m": 42.43 }, "geometry": { "type": "LineString", "coordinates": [ [ 376967.790579124644864, 2045631.902720903046429 ], [ 376997.790579124644864, 2045661.902720903046429 ] ] } },
{ "type": "Feature", "properties": { "drain_id": "RN_DRAIN_00505", "source_type": "dem_inferred_surface_flow", "is_inferred": true, "acc_cells": 213, "upstream_area_m2": 191538.69984209008, "length_m": 30.0 }, "geometry": { "type": "LineString", "coordinates": [ [ 376997.790579124644864, 2045631.902720903046429 ], [ 376997.790579124644864, 2045661.902720903046429 ] ] } },
{ "type": "Feature", "properties": { "drain_id": "RN_DRAIN_00506", "source_type": "dem_inferred_surface_flow", "is_inferred": true, "acc_cells": 72, "upstream_area_m2": 64515.959607479897, "length_m": 42.43 }, "geometry": { "type": "LineString", "coordinates": [ [ 377027.790579124644864, 2045631.902720903046429 ], [ 376997.790579124644864, 2045661.902720903046429 ] ] } },
{ "type": "Feature", "properties": { "drain_id": "RN_DRAIN_00507", "source_type": "dem_inferred_surface_flow", "is_inferred": true, "acc_cells": 48, "upstream_area_m2": 42909.701973271971, "length_m": 42.43 }, "geometry": { "type": "LineString", "coordinates": [ [ 377147.790579124644864, 2045631.902720903046429 ], [ 377117.790579124644864, 2045661.902720903046429 ] ] } },
{ "type": "Feature", "properties": { "drain_id": "RN_DRAIN_00508", "source_type": "dem_inferred_surface_flow", "is_inferred": true, "acc_cells": 27, "upstream_area_m2": 23867.589651507707, "length_m": 42.43 }, "geometry": { "type": "LineString", "coordinates": [ [ 377297.790579124644864, 2045631.902720903046429 ], [ 377327.790579124644864, 2045661.902720903046429 ] ] } },
{ "type": "Feature", "properties": { "drain_id": "RN_DRAIN_00509", "source_type": "dem_inferred_surface_flow", "is_inferred": true, "acc_cells": 81, "upstream_area_m2": 73227.969347998529, "length_m": 30.0 }, "geometry": { "type": "LineString", "coordinates": [ [ 377327.790579124644864, 2045631.902720903046429 ], [ 377327.790579124644864, 2045661.902720903046429 ] ] } },
{ "type": "Feature", "properties": { "drain_id": "RN_DRAIN_00510", "source_type": "dem_inferred_surface_flow", "is_inferred": true, "acc_cells": 59, "upstream_area_m2": 52871.042016354731, "length_m": 42.43 }, "geometry": { "type": "LineString", "coordinates": [ [ 377717.790579124644864, 2045631.902720903046429 ], [ 377747.790579124644864, 2045661.902720903046429 ] ] } },
{ "type": "Feature", "properties": { "drain_id": "RN_DRAIN_00511", "source_type": "dem_inferred_surface_flow", "is_inferred": true, "acc_cells": 39, "upstream_area_m2": 35374.148931189324, "length_m": 42.43 }, "geometry": { "type": "LineString", "coordinates": [ [ 377777.790579124644864, 2045631.902720903046429 ], [ 377747.790579124644864, 2045661.902720903046429 ] ] } },
{ "type": "Feature", "properties": { "drain_id": "RN_DRAIN_00512", "source_type": "dem_inferred_surface_flow", "is_inferred": true, "acc_cells": 36, "upstream_area_m2": 32765.191451319766, "length_m": 30.0 }, "geometry": { "type": "LineString", "coordinates": [ [ 377867.790579124644864, 2045631.902720903046429 ], [ 377867.790579124644864, 2045661.902720903046429 ] ] } },
{ "type": "Feature", "properties": { "drain_id": "RN_DRAIN_00513", "source_type": "dem_inferred_surface_flow", "is_inferred": true, "acc_cells": 3802, "upstream_area_m2": 3421458.2872252301, "length_m": 1.0 }, "geometry": { "type": "LineString", "coordinates": [ [ 376967.084966085618362, 2045631.197107864078134 ], [ 376967.790579124644864, 2045631.902720903046429 ] ] } },
{ "type": "Feature", "properties": { "drain_id": "RN_DRAIN_00514", "source_type": "dem_inferred_surface_flow", "is_inferred": true, "acc_cells": 225, "upstream_area_m2": 202074.59415661931, "length_m": 1.25 }, "geometry": { "type": "LineString", "coordinates": [ [ 376967.790579124644864, 2045630.648427565582097 ], [ 376967.790579124644864, 2045631.902720903046429 ] ] } },
{ "type": "Feature", "properties": { "drain_id": "RN_DRAIN_00515", "source_type": "dem_inferred_surface_flow", "is_inferred": true, "acc_cells": 130, "upstream_area_m2": 116577.33847072054, "length_m": 7.98 }, "geometry": { "type": "LineString", "coordinates": [ [ 376973.430229147779755, 2045626.263070879969746 ], [ 376967.790579124644864, 2045631.902720903046429 ] ] } },
{ "type": "Feature", "properties": { "drain_id": "RN_DRAIN_00516", "source_type": "dem_inferred_surface_flow", "is_inferred": true, "acc_cells": 47, "upstream_area_m2": 41965.09832358329, "length_m": 42.43 }, "geometry": { "type": "LineString", "coordinates": [ [ 377177.790579124644864, 2045601.902720903046429 ], [ 377147.790579124644864, 2045631.902720903046429 ] ] } },
{ "type": "Feature", "properties": { "drain_id": "RN_DRAIN_00517", "source_type": "dem_inferred_surface_flow", "is_inferred": true, "acc_cells": 36, "upstream_area_m2": 32818.062108530212, "length_m": 30.0 }, "geometry": { "type": "LineString", "coordinates": [ [ 377207.790579124644864, 2045601.902720903046429 ], [ 377177.790579124644864, 2045601.902720903046429 ] ] } },
{ "type": "Feature", "properties": { "drain_id": "RN_DRAIN_00518", "source_type": "dem_inferred_surface_flow", "is_inferred": true, "acc_cells": 33, "upstream_area_m2": 30144.193076794596, "length_m": 30.0 }, "geometry": { "type": "LineString", "coordinates": [ [ 377237.790579124644864, 2045601.902720903046429 ], [ 377207.790579124644864, 2045601.902720903046429 ] ] } },
{ "type": "Feature", "properties": { "drain_id": "RN_DRAIN_00519", "source_type": "dem_inferred_surface_flow", "is_inferred": true, "acc_cells": 27, "upstream_area_m2": 24684.570690772754, "length_m": 30.0 }, "geometry": { "type": "LineString", "coordinates": [ [ 377267.790579124644864, 2045601.902720903046429 ], [ 377237.790579124644864, 2045601.902720903046429 ] ] } },
{ "type": "Feature", "properties": { "drain_id": "RN_DRAIN_00520", "source_type": "dem_inferred_surface_flow", "is_inferred": true, "acc_cells": 27, "upstream_area_m2": 24104.053158140909, "length_m": 30.0 }, "geometry": { "type": "LineString", "coordinates": [ [ 377297.790579124644864, 2045601.902720903046429 ], [ 377267.790579124644864, 2045601.902720903046429 ] ] } },
{ "type": "Feature", "properties": { "drain_id": "RN_DRAIN_00521", "source_type": "dem_inferred_surface_flow", "is_inferred": true, "acc_cells": 47, "upstream_area_m2": 42223.767645078362, "length_m": 30.0 }, "geometry": { "type": "LineString", "coordinates": [ [ 377327.790579124644864, 2045601.902720903046429 ], [ 377327.790579124644864, 2045631.902720903046429 ] ] } },
{ "type": "Feature", "properties": { "drain_id": "RN_DRAIN_00522", "source_type": "dem_inferred_surface_flow", "is_inferred": true, "acc_cells": 124, "upstream_area_m2": 111945.7513224057, "length_m": 42.43 }, "geometry": { "type": "LineString", "coordinates": [ [ 377357.790579124644864, 2045601.902720903046429 ], [ 377327.790579124644864, 2045631.902720903046429 ] ] } },
{ "type": "Feature", "properties": { "drain_id": "RN_DRAIN_00523", "source_type": "dem_inferred_surface_flow", "is_inferred": true, "acc_cells": 124, "upstream_area_m2": 111616.06771751784, "length_m": 30.0 }, "geometry": { "type": "LineString", "coordinates": [ [ 377387.790579124644864, 2045601.902720903046429 ], [ 377357.790579124644864, 2045601.902720903046429 ] ] } },
{ "type": "Feature", "properties": { "drain_id": "RN_DRAIN_00524", "source_type": "dem_inferred_surface_flow", "is_inferred": true, "acc_cells": 120, "upstream_area_m2": 108107.52769740211, "length_m": 30.0 }, "geometry": { "type": "LineString", "coordinates": [ [ 377417.790579124644864, 2045601.902720903046429 ], [ 377387.790579124644864, 2045601.902720903046429 ] ] } },
{ "type": "Feature", "properties": { "drain_id": "RN_DRAIN_00525", "source_type": "dem_inferred_surface_flow", "is_inferred": true, "acc_cells": 31, "upstream_area_m2": 27458.909139924268, "length_m": 42.43 }, "geometry": { "type": "LineString", "coordinates": [ [ 377687.790579124644864, 2045601.902720903046429 ], [ 377717.790579124644864, 2045631.902720903046429 ] ] } },
{ "type": "Feature", "properties": { "drain_id": "RN_DRAIN_00526", "source_type": "dem_inferred_surface_flow", "is_inferred": true, "acc_cells": 27, "upstream_area_m2": 23902.214429585347, "length_m": 30.0 }, "geometry": { "type": "LineString", "coordinates": [ [ 377717.790579124644864, 2045601.902720903046429 ], [ 377717.790579124644864, 2045631.902720903046429 ] ] } },
{ "type": "Feature", "properties": { "drain_id": "RN_DRAIN_00527", "source_type": "dem_inferred_surface_flow", "is_inferred": true, "acc_cells": 31, "upstream_area_m2": 28314.869089975004, "length_m": 42.43 }, "geometry": { "type": "LineString", "coordinates": [ [ 377807.790579124644864, 2045601.902720903046429 ], [ 377777.790579124644864, 2045631.902720903046429 ] ] } },
{ "type": "Feature", "properties": { "drain_id": "RN_DRAIN_00528", "source_type": "dem_inferred_surface_flow", "is_inferred": true, "acc_cells": 31, "upstream_area_m2": 27852.756842953011, "length_m": 42.43 }, "geometry": { "type": "LineString", "coordinates": [ [ 377897.790579124644864, 2045601.902720903046429 ], [ 377867.790579124644864, 2045631.902720903046429 ] ] } },
{ "type": "Feature", "properties": { "drain_id": "RN_DRAIN_00529", "source_type": "dem_inferred_surface_flow", "is_inferred": true, "acc_cells": 118, "upstream_area_m2": 106386.59921897486, "length_m": 42.43 }, "geometry": { "type": "LineString", "coordinates": [ [ 377447.790579124644864, 2045571.902720903046429 ], [ 377417.790579124644864, 2045601.902720903046429 ] ] } },
{ "type": "Feature", "properties": { "drain_id": "RN_DRAIN_00530", "source_type": "dem_inferred_surface_flow", "is_inferred": true, "acc_cells": 113, "upstream_area_m2": 101760.79190845251, "length_m": 30.0 }, "geometry": { "type": "LineString", "coordinates": [ [ 377477.790579124644864, 2045571.902720903046429 ], [ 377447.790579124644864, 2045571.902720903046429 ] ] } },
{ "type": "Feature", "properties": { "drain_id": "RN_DRAIN_00531", "source_type": "dem_inferred_surface_flow", "is_inferred": true, "acc_cells": 89, "upstream_area_m2": 79724.813093254648, "length_m": 30.0 }, "geometry": { "type": "LineString", "coordinates": [ [ 377507.790579124644864, 2045571.902720903046429 ], [ 377477.790579124644864, 2045571.902720903046429 ] ] } },
{ "type": "Feature", "properties": { "drain_id": "RN_DRAIN_00532", "source_type": "dem_inferred_surface_flow", "is_inferred": true, "acc_cells": 32, "upstream_area_m2": 28504.946555606428, "length_m": 30.0 }, "geometry": { "type": "LineString", "coordinates": [ [ 377687.790579124644864, 2045571.902720903046429 ], [ 377687.790579124644864, 2045601.902720903046429 ] ] } },
{ "type": "Feature", "properties": { "drain_id": "RN_DRAIN_00533", "source_type": "dem_inferred_surface_flow", "is_inferred": true, "acc_cells": 31, "upstream_area_m2": 28243.979626336233, "length_m": 42.43 }, "geometry": { "type": "LineString", "coordinates": [ [ 377837.790579124644864, 2045571.902720903046429 ], [ 377807.790579124644864, 2045601.902720903046429 ] ] } },
{ "type": "Feature", "properties": { "drain_id": "RN_DRAIN_00534", "source_type": "dem_inferred_surface_flow", "is_inferred": true, "acc_cells": 104, "upstream_area_m2": 93382.288563141527, "length_m": 42.43 }, "geometry": { "type": "LineString", "coordinates": [ [ 377507.790579124644864, 2045541.902720903046429 ], [ 377477.790579124644864, 2045571.902720903046429 ] ] } },
{ "type": "Feature", "properties": { "drain_id": "RN_DRAIN_00535", "source_type": "dem_inferred_surface_flow", "is_inferred": true, "acc_cells": 37, "upstream_area_m2": 33237.312673471431, "length_m": 42.43 }, "geometry": { "type": "LineString", "coordinates": [ [ 377717.790579124644864, 2045541.902720903046429 ], [ 377687.790579124644864, 2045571.902720903046429 ] ] } },
{ "type": "Feature", "properties": { "drain_id": "RN_DRAIN_00536", "source_type": "dem_inferred_surface_flow", "is_inferred": true, "acc_cells": 103, "upstream_area_m2": 92472.122116460072, "length_m": 42.43 }, "geometry": { "type": "LineString", "coordinates": [ [ 377537.790579124644864, 2045511.902720903046429 ], [ 377507.790579124644864, 2045541.902720903046429 ] ] } },
{ "type": "Feature", "properties": { "drain_id": "RN_DRAIN_00537", "source_type": "dem_inferred_surface_flow", "is_inferred": true, "acc_cells": 35, "upstream_area_m2": 31675.499060857386, "length_m": 36.5 }, "geometry": { "type": "LineString", "coordinates": [ [ 377743.599612385616638, 2045516.093687642132863 ], [ 377717.790579124644864, 2045541.902720903046429 ] ] } },
{ "type": "Feature", "properties": { "drain_id": "RN_DRAIN_00538", "source_type": "dem_inferred_surface_flow", "is_inferred": true, "acc_cells": 195, "upstream_area_m2": 175095.2316547042, "length_m": 18.71 }, "geometry": { "type": "LineString", "coordinates": [ [ 377177.790579124644864, 2045481.902720903046429 ], [ 377159.080316346604377, 2045481.902720903046429 ] ] } },
{ "type": "Feature", "properties": { "drain_id": "RN_DRAIN_00539", "source_type": "dem_inferred_surface_flow", "is_inferred": true, "acc_cells": 190, "upstream_area_m2": 170787.59482997478, "length_m": 30.0 }, "geometry": { "type": "LineString", "coordinates": [ [ 377207.790579124644864, 2045481.902720903046429 ], [ 377177.790579124644864, 2045481.902720903046429 ] ] } },
{ "type": "Feature", "properties": { "drain_id": "RN_DRAIN_00540", "source_type": "dem_inferred_surface_flow", "is_inferred": true, "acc_cells": 184, "upstream_area_m2": 166034.44992682416, "length_m": 4.11 }, "geometry": { "type": "LineString", "coordinates": [ [ 377211.902458779106382, 2045481.902720903046429 ], [ 377207.790579124644864, 2045481.902720903046429 ] ] } },
{ "type": "Feature", "properties": { "drain_id": "RN_DRAIN_00541", "source_type": "dem_inferred_surface_flow", "is_inferred": true, "acc_cells": 48, "upstream_area_m2": 43278.438662541441, "length_m": 9.04 }, "geometry": { "type": "LineString", "coordinates": [ [ 377537.790579124644864, 2045502.859067589975893 ], [ 377537.790579124644864, 2045511.902720903046429 ] ] } },
{ "type": "Feature", "properties": { "drain_id": "RN_DRAIN_00542", "source_type": "dem_inferred_surface_flow", "is_inferred": true, "acc_cells": 43, "upstream_area_m2": 39143.739655481178, "length_m": 12.02 }, "geometry": { "type": "LineString", "coordinates": [ [ 377546.28781480062753, 2045503.405485227005556 ], [ 377537.790579124644864, 2045511.902720903046429 ] ] } }
]
}
