{
"type": "FeatureCollection",
"name": "drainage_capacity",
"crs": { "type": "name", "properties": { "name": "urn:ogc:def:crs:EPSG::32643" } },
"features": [
{ "type": "Feature", "properties": { "drain_id": "RN_DRAIN_00001", "source_type": "dem_inferred_surface_flow", "is_inferred": true, "acc_cells": 14034, "upstream_area_m2": 12630771.59809088, "length_m": 22.2, "start_elevation_m": 543.008, "end_elevation_m": 542.934, "elevation_drop_m": 0.074, "slope_m_per_m": 0.003335, "slope_percent": 0.333, "terrain_slope_deg": 8.785, "strahler_order": 4, "capacity_class": "very_high", "scenario_width_m": 1.4, "scenario_depth_m": 0.8, "scenario_manning_n": 0.035, "capacity_effective_slope": 0.003335, "capacity_slope_floor": 0.001, "capacity_m3s": 0.95814023121807235, "capacity_scenario": "prototype_open_channel_base", "capacity_source": "synthetic_manning_scenario", "capacity_is_observed": 0 }, "geometry": { "type": "LineString", "coordinates": [ [ 377417.790579124644864, 2046921.902720903046429 ], [ 377433.486670567304827, 2046937.598812345648184 ] ] } },
{ "type": "Feature", "properties": { "drain_id": "RN_DRAIN_00002", "source_type": "dem_inferred_surface_flow", "is_inferred": true, "acc_cells": 2823, "upstream_area_m2": 2540856.0126552139, "length_m": 15.6, "start_elevation_m": 542.987, "end_elevation_m": 542.934, "elevation_drop_m": 0.052, "slope_m_per_m": 0.003357, "slope_percent": 0.336, "terrain_slope_deg": 2.759, "strahler_order": 1, "capacity_class": "low", "scenario_width_m": 0.4, "scenario_depth_m": 0.3, "scenario_manning_n": 0.035, "capacity_effective_slope": 0.003357, "capacity_slope_floor": 0.001, "capacity_m3s": 0.048329210767504252, "capacity_scenario": "prototype_open_channel_base", "capacity_source": "synthetic_manning_scenario", "capacity_is_observed": 0 }, "geometry": { "type": "LineString", "coordinates": [ [ 377447.790579124644864, 2046921.902720903046429 ], [ 377447.790579124644864, 2046937.506965259555727 ] ] } },
{ "type": "Feature", "properties": { "drain_id": "RN_DRAIN_00003", "source_type": "dem_inferred_surface_flow", "is_inferred": true, "acc_cells": 862, "upstream_area_m2": 775356.00933217956, "length_m": 21.94, "start_elevation_m": 542.965, "end_elevation_m": 542.934, "elevation_drop_m": 0.031, "slope_m_per_m": 0.001397, "slope_percent": 0.14, "terrain_slope_deg": 3.375, "strahler_order": 1, "capacity_class": "low", "scenario_width_m": 0.4, "scenario_depth_m": 0.3, "scenario_manning_n": 0.035, "capacity_effective_slope": 0.001397, "capacity_slope_floor": 0.001, "capacity_m3s": 0.03117685014218198, "capacity_scenario": "prototype_open_channel_base", "capacity_source": "synthetic_manning_scenario", "capacity_is_observed": 0 }, "geometry": { "type": "LineString", "coordinates": [ [ 377477.790579124644864, 2046921.902720903046429 ], [ 377462.279368999239523, 2046937.413931028451771 ] ] } },
{ "type": "Feature", "properties": { "drain_id": "RN_DRAIN_00004", "source_type": "dem_inferred_surface_flow", "is_inferred": true, "acc_cells": 58, "upstream_area_m2": 52524.76873699508, "length_m": 20.02, "start_elevation_m": 559.543, "end_elevation_m": 559.543, "elevation_drop_m": 0.0, "slope_m_per_m": 0.0, "slope_percent": 0.0, "terrain_slope_deg": 2.766, "strahler_order": 1, "capacity_class": "low", "scenario_width_m": 0.4, "scenario_depth_m": 0.3, "scenario_manning_n": 0.035, "capacity_effective_slope": 0.001, "capacity_slope_floor": 0.001, "capacity_m3s": 0.02637752433631995, "capacity_scenario": "prototype_open_channel_base", "capacity_source": "synthetic_manning_scenario", "capacity_is_observed": 0 }, "geometry": { "type": "LineString", "coordinates": [ [ 377687.790579124644864, 2046921.902720903046429 ], [ 377673.636518216924742, 2046936.056781810708344 ] ] } },
{ "type": "Feature", "properties": { "drain_id": "RN_DRAIN_00005", "source_type": "dem_inferred_surface_flow", "is_inferred": true, "acc_cells": 141, "upstream_area_m2": 126602.46189229836, "length_m": 12.71, "start_elevation_m": 561.823, "end_elevation_m": 561.823, "elevation_drop_m": 0.0, "slope_m_per_m": 0.0, "slope_percent": 0.0, "terrain_slope_deg": 2.3, "strahler_order": 1, "capacity_class": "low", "scenario_width_m": 0.4, "scenario_depth_m": 0.3, "scenario_manning_n": 0.035, "capacity_effective_slope": 0.001, "capacity_slope_floor": 0.001, "capacity_m3s": 0.02637752433631995, "capacity_scenario": "prototype_open_channel_base", "capacity_source": "synthetic_manning_scenario", "capacity_is_observed": 0 }, "geometry": { "type": "LineString", "coordinates": [ [ 377897.790579124644864, 2046921.902720903046429 ], [ 377897.790579124644864, 2046934.617462111636996 ] ] } },
{ "type": "Feature", "properties": { "drain_id": "RN_DRAIN_00006", "source_type": "dem_inferred_surface_flow", "is_inferred": true, "acc_cells": 276, "upstream_area_m2": 248343.05168967068, "length_m": 17.82, "start_elevation_m": 561.948, "end_elevation_m": 561.948, "elevation_drop_m": 0.0, "slope_m_per_m": 0.0, "slope_percent": 0.0, "terrain_slope_deg": 2.228, "strahler_order": 2, "capacity_class": "medium", "scenario_width_m": 0.7, "scenario_depth_m": 0.45, "scenario_manning_n": 0.035, "capacity_effective_slope": 0.001, "capacity_slope_floor": 0.001, "capacity_m3s": 0.096316987382127545, "capacity_scenario": "prototype_open_channel_base", "capacity_source": "synthetic_manning_scenario", "capacity_is_observed": 0 }, "geometry": { "type": "LineString", "coordinates": [ [ 377927.790579124644864, 2046921.902720903046429 ], [ 377915.187545894295909, 2046934.505754133453593 ] ] } },
{ "type": "Feature", "properties": { "drain_id": "RN_DRAIN_00007", "source_type": "dem_inferred_surface_flow", "is_inferred": true, "acc_cells": 12140, "upstream_area_m2": 10926295.539164286, "length_m": 42.43, "start_elevation_m": 543.082, "end_elevation_m": 543.008, "elevation_drop_m": 0.074, "slope_m_per_m": 0.001745, "slope_percent": 0.174, "terrain_slope_deg": 1.617, "strahler_order": 4, "capacity_class": "very_high", "scenario_width_m": 1.4, "scenario_depth_m": 0.8, "scenario_manning_n": 0.035, "capacity_effective_slope": 0.001745, "capacity_slope_floor": 0.001, "capacity_m3s": 0.69307282797684278, "capacity_scenario": "prototype_open_channel_base", "capacity_source": "synthetic_manning_scenario", "capacity_is_observed": 0 }, "geometry": { "type": "LineString", "coordinates": [ [ 377387.790579124644864, 2046891.902720903046429 ], [ 377417.790579124644864, 2046921.902720903046429 ] ] } },
{ "type": "Feature", "properties": { "drain_id": "RN_DRAIN_00008", "source_type": "dem_inferred_surface_flow", "is_inferred": true, "acc_cells": 3878, "upstream_area_m2": 3490154.4307673187, "length_m": 30.0, "start_elevation_m": 543.061, "end_elevation_m": 543.008, "elevation_drop_m": 0.052, "slope_m_per_m": 0.001746, "slope_percent": 0.175, "terrain_slope_deg": 1.617, "strahler_order": 1, "capacity_class": "low", "scenario_width_m": 0.4, "scenario_depth_m": 0.3, "scenario_manning_n": 0.035, "capacity_effective_slope": 0.001746, "capacity_slope_floor": 0.001, "capacity_m3s": 0.034854282915268278, "capacity_scenario": "prototype_open_channel_base", "capacity_source": "synthetic_manning_scenario", "capacity_is_observed": 0 }, "geometry": { "type": "LineString", "coordinates": [ [ 377417.790579124644864, 2046891.902720903046429 ], [ 377417.790579124644864, 2046921.902720903046429 ] ] } },
{ "type": "Feature", "properties": { "drain_id": "RN_DRAIN_00009", "source_type": "dem_inferred_surface_flow", "is_inferred": true, "acc_cells": 1660, "upstream_area_m2": 1494005.4745660245, "length_m": 42.43, "start_elevation_m": 543.039, "end_elevation_m": 543.008, "elevation_drop_m": 0.031, "slope_m_per_m": 0.000722, "slope_percent": 0.072, "terrain_slope_deg": 3.73, "strahler_order": 1, "capacity_class": "low", "scenario_width_m": 0.4, "scenario_depth_m": 0.3, "scenario_manning_n": 0.035, "capacity_effective_slope": 0.001, "capacity_slope_floor": 0.001, "capacity_m3s": 0.02637752433631995, "capacity_scenario": "prototype_open_channel_base", "capacity_source": "synthetic_manning_scenario", "capacity_is_observed": 0 }, "geometry": { "type": "LineString", "coordinates": [ [ 377447.790579124644864, 2046891.902720903046429 ], [ 377417.790579124644864, 2046921.902720903046429 ] ] } },
{ "type": "Feature", "properties": { "drain_id": "RN_DRAIN_00010", "source_type": "dem_inferred_surface_flow", "is_inferred": true, "acc_cells": 57, "upstream_area_m2": 51246.741649074596, "length_m": 42.43, "start_elevation_m": 560.496, "end_elevation_m": 559.543, "elevation_drop_m": 0.952, "slope_m_per_m": 0.022448, "slope_percent": 2.245, "terrain_slope_deg": 2.06, "strahler_order": 1, "capacity_class": "low", "scenario_width_m": 0.4, "scenario_depth_m": 0.3, "scenario_manning_n": 0.035, "capacity_effective_slope": 0.022448, "capacity_slope_floor": 0.001, "capacity_m3s": 0.12497491764534203, "capacity_scenario": "prototype_open_channel_base", "capacity_source": "synthetic_manning_scenario", "capacity_is_observed": 0 }, "geometry": { "type": "LineString", "coordinates": [ [ 377717.790579124644864, 2046891.902720903046429 ], [ 377687.790579124644864, 2046921.902720903046429 ] ] } },
{ "type": "Feature", "properties": { "drain_id": "RN_DRAIN_00011", "source_type": "dem_inferred_surface_flow", "is_inferred": true, "acc_cells": 408, "upstream_area_m2": 367365.21148393559, "length_m": 30.0, "start_elevation_m": 562.498, "end_elevation_m": 561.948, "elevation_drop_m": 0.551, "slope_m_per_m": 0.018361, "slope_percent": 1.836, "terrain_slope_deg": 0.907, "strahler_order": 2, "capacity_class": "medium", "scenario_width_m": 0.7, "scenario_depth_m": 0.45, "scenario_manning_n": 0.035, "capacity_effective_slope": 0.018361, "capacity_slope_floor": 0.001, "capacity_m3s": 0.41271576218229383, "capacity_scenario": "prototype_open_channel_base", "capacity_source": "synthetic_manning_scenario", "capacity_is_observed": 0 }, "geometry": { "type": "LineString", "coordinates": [ [ 377927.790579124644864, 2046891.902720903046429 ], [ 377927.790579124644864, 2046921.902720903046429 ] ] } },
{ "type": "Feature", "properties": { "drain_id": "RN_DRAIN_00012", "source_type": "dem_inferred_surface_flow", "is_inferred": true, "acc_cells": 9902, "upstream_area_m2": 8911575.1558690649, "length_m": 42.43, "start_elevation_m": 543.156, "end_elevation_m": 543.082, "elevation_drop_m": 0.074, "slope_m_per_m": 0.001745, "slope_percent": 0.174, "terrain_slope_deg": 1.932, "strahler_order": 4, "capacity_class": "very_high", "scenario_width_m": 1.4, "scenario_depth_m": 0.8, "scenario_manning_n": 0.035, "capacity_effective_slope": 0.001745, "capacity_slope_floor": 0.001, "capacity_m3s": 0.69307282797684278, "capacity_scenario": "prototype_open_channel_base", "capacity_source": "synthetic_manning_scenario", "capacity_is_observed": 0 }, "geometry": { "type": "LineString", "coordinates": [ [ 377357.790579124644864, 2046861.902720903046429 ], [ 377387.790579124644864, 2046891.902720903046429 ] ] } },
{ "type": "Feature", "properties": { "drain_id": "RN_DRAIN_00013", "source_type": "dem_inferred_surface_flow", "is_inferred": true, "acc_cells": 4509, "upstream_area_m2": 4057724.2481993246, "length_m": 30.0, "start_elevation_m": 543.135, "end_elevation_m": 543.082, "elevation_drop_m": 0.052, "slope_m_per_m": 0.001746, "slope_percent": 0.175, "terrain_slope_deg": 1.932, "strahler_order": 1, "capacity_class": "low", "scenario_width_m": 0.4, "scenario_depth_m": 0.3, "scenario_manning_n": 0.035, "capacity_effective_slope": 0.001746, "capacity_slope_floor": 0.001, "capacity_m3s": 0.034854282915268278, "capacity_scenario": "prototype_open_channel_base", "capacity_source": "synthetic_manning_scenario", "capacity_is_observed": 0 }, "geometry": { "type": "LineString", "coordinates": [ [ 377387.790579124644864, 2046861.902720903046429 ], [ 377387.790579124644864, 2046891.902720903046429 ] ] } },
{ "type": "Feature", "properties": { "drain_id": "RN_DRAIN_00014", "source_type": "dem_inferred_surface_flow", "is_inferred": true, "acc_cells": 3237, "upstream_area_m2": 2912925.6385122505, "length_m": 42.43, "start_elevation_m": 543.113, "end_elevation_m": 543.082, "elevation_drop_m": 0.031, "slope_m_per_m": 0.000724, "slope_percent": 0.072, "terrain_slope_deg": 3.622, "strahler_order": 1, "capacity_class": "low", "scenario_width_m": 0.4, "scenario_depth_m": 0.3, "scenario_manning_n": 0.035, "capacity_effective_slope": 0.001, "capacity_slope_floor": 0.001, "capacity_m3s": 0.02637752433631995, "capacity_scenario": "prototype_open_channel_base", "capacity_source": "synthetic_manning_scenario", "capacity_is_observed": 0 }, "geometry": { "type": "LineString", "coordinates": [ [ 377417.790579124644864, 2046861.902720903046429 ], [ 377387.790579124644864, 2046891.902720903046429 ] ] } },
{ "type": "Feature", "properties": { "drain_id": "RN_DRAIN_00015", "source_type": "dem_inferred_surface_flow", "is_inferred": true, "acc_cells": 54, "upstream_area_m2": 49035.978272532113, "length_m": 30.0, "start_elevation_m": 561.314, "end_elevation_m": 560.496, "elevation_drop_m": 0.818, "slope_m_per_m": 0.027281, "slope_percent": 2.728, "terrain_slope_deg": 0.877, "strahler_order": 1, "capacity_class": "low", "scenario_width_m": 0.4, "scenario_depth_m": 0.3, "scenario_manning_n": 0.035, "capacity_effective_slope": 0.027281, "capacity_slope_floor": 0.001, "capacity_m3s": 0.13777301901343705, "capacity_scenario": "prototype_open_channel_base", "capacity_source": "synthetic_manning_scenario", "capacity_is_observed": 0 }, "geometry": { "type": "LineString", "coordinates": [ [ 377717.790579124644864, 2046861.902720903046429 ], [ 377717.790579124644864, 2046891.902720903046429 ] ] } },
{ "type": "Feature", "properties": { "drain_id": "RN_DRAIN_00016", "source_type": "dem_inferred_surface_flow", "is_inferred": true, "acc_cells": 406, "upstream_area_m2": 365214.17530005716, "length_m": 42.43, "start_elevation_m": 562.572, "end_elevation_m": 562.498, "elevation_drop_m": 0.074, "slope_m_per_m": 0.001745, "slope_percent": 0.174, "terrain_slope_deg": 1.431, "strahler_order": 2, "capacity_class": "medium", "scenario_width_m": 0.7, "scenario_depth_m": 0.45, "scenario_manning_n": 0.035, "capacity_effective_slope": 0.001745, "capacity_slope_floor": 0.001, "capacity_m3s": 0.12723324562335805, "capacity_scenario": "prototype_open_channel_base", "capacity_source": "synthetic_manning_scenario", "capacity_is_observed": 0 }, "geometry": { "type": "LineString", "coordinates": [ [ 377957.790579124644864, 2046861.902720903046429 ], [ 377927.790579124644864, 2046891.902720903046429 ] ] } },
{ "type": "Feature", "properties": { "drain_id": "RN_DRAIN_00017", "source_type": "dem_inferred_surface_flow", "is_inferred": true, "acc_cells": 257, "upstream_area_m2": 230977.12814013162, "length_m": 30.0, "start_elevation_m": 562.625, "end_elevation_m": 562.572, "elevation_drop_m": 0.052, "slope_m_per_m": 0.001746, "slope_percent": 0.175, "terrain_slope_deg": 1.233, "strahler_order": 1, "capacity_class": "low", "scenario_width_m": 0.4, "scenario_depth_m": 0.3, "scenario_manning_n": 0.035, "capacity_effective_slope": 0.001746, "capacity_slope_floor": 0.001, "capacity_m3s": 0.034854282915268278, "capacity_scenario": "prototype_open_channel_base", "capacity_source": "synthetic_manning_scenario", "capacity_is_observed": 0 }, "geometry": { "type": "LineString", "coordinates": [ [ 377987.790579124644864, 2046861.902720903046429 ], [ 377957.790579124644864, 2046861.902720903046429 ] ] } },
{ "type": "Feature", "properties": { "drain_id": "RN_DRAIN_00018", "source_type": "dem_inferred_surface_flow", "is_inferred": true, "acc_cells": 278, "upstream_area_m2": 250298.00508290611, "length_m": 30.0, "start_elevation_m": 562.847, "end_elevation_m": 562.625, "elevation_drop_m": 0.223, "slope_m_per_m": 0.007418, "slope_percent": 0.742, "terrain_slope_deg": 3.204, "strahler_order": 1, "capacity_class": "low", "scenario_width_m": 0.4, "scenario_depth_m": 0.3, "scenario_manning_n": 0.035, "capacity_effective_slope": 0.007418, "capacity_slope_floor": 0.001, "capacity_m3s": 0.071841840003297228, "capacity_scenario": "prototype_open_channel_base", "capacity_source": "synthetic_manning_scenario", "capacity_is_observed": 0 }, "geometry": { "type": "LineString", "coordinates": [ [ 378017.790579124644864, 2046861.902720903046429 ], [ 377987.790579124644864, 2046861.902720903046429 ] ] } },
{ "type": "Feature", "properties": { "drain_id": "RN_DRAIN_00019", "source_type": "dem_inferred_surface_flow", "is_inferred": true, "acc_cells": 273, "upstream_area_m2": 245776.2178143753, "length_m": 30.0, "start_elevation_m": 564.294, "end_elevation_m": 562.847, "elevation_drop_m": 1.446, "slope_m_per_m": 0.048208, "slope_percent": 4.821, "terrain_slope_deg": 1.167, "strahler_order": 1, "capacity_class": "low", "scenario_width_m": 0.4, "scenario_depth_m": 0.3, "scenario_manning_n": 0.035, "capacity_effective_slope": 0.048208, "capacity_slope_floor": 0.001, "capacity_m3s": 0.18314437712846879, "capacity_scenario": "prototype_open_channel_base", "capacity_source": "synthetic_manning_scenario", "capacity_is_observed": 0 }, "geometry": { "type": "LineString", "coordinates": [ [ 378047.790579124644864, 2046861.902720903046429 ], [ 378017.790579124644864, 2046861.902720903046429 ] ] } },
{ "type": "Feature", "properties": { "drain_id": "RN_DRAIN_00020", "source_type": "dem_inferred_surface_flow", "is_inferred": true, "acc_cells": 271, "upstream_area_m2": 243867.24431333534, "length_m": 30.0, "start_elevation_m": 564.346, "end_elevation_m": 564.294, "elevation_drop_m": 0.052, "slope_m_per_m": 0.001746, "slope_percent": 0.175, "terrain_slope_deg": 0.264, "strahler_order": 1, "capacity_class": "low", "scenario_width_m": 0.4, "scenario_depth_m": 0.3, "scenario_manning_n": 0.035, "capacity_effective_slope": 0.001746, "capacity_slope_floor": 0.001, "capacity_m3s": 0.034854282915268278, "capacity_scenario": "prototype_open_channel_base", "capacity_source": "synthetic_manning_scenario", "capacity_is_observed": 0 }, "geometry": { "type": "LineString", "coordinates": [ [ 378077.790579124644864, 2046861.902720903046429 ], [ 378047.790579124644864, 2046861.902720903046429 ] ] } },
{ "type": "Feature", "properties": { "drain_id": "RN_DRAIN_00021", "source_type": "dem_inferred_surface_flow", "is_inferred": true, "acc_cells": 264, "upstream_area_m2": 237652.63691506328, "length_m": 30.0, "start_elevation_m": 565.021, "end_elevation_m": 564.346, "elevation_drop_m": 0.675, "slope_m_per_m": 0.02251, "slope_percent": 2.251, "terrain_slope_deg": 0.647, "strahler_order": 1, "capacity_class": "low", "scenario_width_m": 0.4, "scenario_depth_m": 0.3, "scenario_manning_n": 0.035, "capacity_effective_slope": 0.02251, "capacity_slope_floor": 0.001, "capacity_m3s": 0.12514738517223217, "capacity_scenario": "prototype_open_channel_base", "capacity_source": "synthetic_manning_scenario", "capacity_is_observed": 0 }, "geometry": { "type": "LineString", "coordinates": [ [ 378107.790579124644864, 2046861.902720903046429 ], [ 378077.790579124644864, 2046861.902720903046429 ] ] } },
{ "type": "Feature", "properties": { "drain_id": "RN_DRAIN_00022", "source_type": "dem_inferred_surface_flow", "is_inferred": true, "acc_cells": 262, "upstream_area_m2": 235622.13251119491, "length_m": 30.0, "start_elevation_m": 565.074, "end_elevation_m": 565.021, "elevation_drop_m": 0.052, "slope_m_per_m": 0.001746, "slope_percent": 0.175, "terrain_slope_deg": 0.904, "strahler_order": 1, "capacity_class": "low", "scenario_width_m": 0.4, "scenario_depth_m": 0.3, "scenario_manning_n": 0.035, "capacity_effective_slope": 0.001746, "capacity_slope_floor": 0.001, "capacity_m3s": 0.034854282915268278, "capacity_scenario": "prototype_open_channel_base", "capacity_source": "synthetic_manning_scenario", "capacity_is_observed": 0 }, "geometry": { "type": "LineString", "coordinates": [ [ 378137.790579124644864, 2046861.902720903046429 ], [ 378107.790579124644864, 2046861.902720903046429 ] ] } },
{ "type": "Feature", "properties": { "drain_id": "RN_DRAIN_00023", "source_type": "dem_inferred_surface_flow", "is_inferred": true, "acc_cells": 257, "upstream_area_m2": 231326.17564929408, "length_m": 13.26, "start_elevation_m": 565.074, "end_elevation_m": 565.074, "elevation_drop_m": 0.0, "slope_m_per_m": 0.0, "slope_percent": 0.0, "terrain_slope_deg": 0.904, "strahler_order": 1, "capacity_class": "low", "scenario_width_m": 0.4, "scenario_depth_m": 0.3, "scenario_manning_n": 0.035, "capacity_effective_slope": 0.001, "capacity_slope_floor": 0.001, "capacity_m3s": 0.02637752433631995, "capacity_scenario": "prototype_open_channel_base", "capacity_source": "synthetic_manning_scenario", "capacity_is_observed": 0 }, "geometry": { "type": "LineString", "coordinates": [ [ 378151.047914551571012, 2046861.902720903046429 ], [ 378137.790579124644864, 2046861.902720903046429 ] ] } },
{ "type": "Feature", "properties": { "drain_id": "RN_DRAIN_00024", "source_type": "dem_inferred_surface_flow", "is_inferred": true, "acc_cells": 8410, "upstream_area_m2": 7568821.8419728009, "length_m": 42.43, "start_elevation_m": 543.23, "end_elevation_m": 543.156, "elevation_drop_m": 0.074, "slope_m_per_m": 0.001746, "slope_percent": 0.175, "terrain_slope_deg": 1.324, "strahler_order": 4, "capacity_class": "very_high", "scenario_width_m": 1.4, "scenario_depth_m": 0.8, "scenario_manning_n": 0.035, "capacity_effective_slope": 0.001746, "capacity_slope_floor": 0.001, "capacity_m3s": 0.69327138773681873, "capacity_scenario": "prototype_open_channel_base", "capacity_source": "synthetic_manning_scenario", "capacity_is_observed": 0 }, "geometry": { "type": "LineString", "coordinates": [ [ 377327.790579124644864, 2046831.902720903046429 ], [ 377357.790579124644864, 2046861.902720903046429 ] ] } },
{ "type": "Feature", "properties": { "drain_id": "RN_DRAIN_00025", "source_type": "dem_inferred_surface_flow", "is_inferred": true, "acc_cells": 2989, "upstream_area_m2": 2690256.1975723347, "length_m": 30.0, "start_elevation_m": 543.209, "end_elevation_m": 543.156, "elevation_drop_m": 0.052, "slope_m_per_m": 0.001746, "slope_percent": 0.175, "terrain_slope_deg": 1.324, "strahler_order": 1, "capacity_class": "low", "scenario_width_m": 0.4, "scenario_depth_m": 0.3, "scenario_manning_n": 0.035, "capacity_effective_slope": 0.001746, "capacity_slope_floor": 0.001, "capacity_m3s": 0.034854282915268278, "capacity_scenario": "prototype_open_channel_base", "capacity_source": "synthetic_manning_scenario", "capacity_is_observed": 0 }, "geometry": { "type": "LineString", "coordinates": [ [ 377357.790579124644864, 2046831.902720903046429 ], [ 377357.790579124644864, 2046861.902720903046429 ] ] } },
{ "type": "Feature", "properties": { "drain_id": "RN_DRAIN_00026", "source_type": "dem_inferred_surface_flow", "is_inferred": true, "acc_cells": 6022, "upstream_area_m2": 5420166.0069851521, "length_m": 42.43, "start_elevation_m": 543.187, "end_elevation_m": 543.156, "elevation_drop_m": 0.031, "slope_m_per_m": 0.000724, "slope_percent": 0.072, "terrain_slope_deg": 3.175, "strahler_order": 3, "capacity_class": "high", "scenario_width_m": 1.0, "scenario_depth_m": 0.6, "scenario_manning_n": 0.035, "capacity_effective_slope": 0.001, "capacity_slope_floor": 0.001, "capacity_m3s": 0.22798288882636691, "capacity_scenario": "prototype_open_channel_base", "capacity_source": "synthetic_manning_scenario", "capacity_is_observed": 0 }, "geometry": { "type": "LineString", "coordinates": [ [ 377387.790579124644864, 2046831.902720903046429 ], [ 377357.790579124644864, 2046861.902720903046429 ] ] } },
{ "type": "Feature", "properties": { "drain_id": "RN_DRAIN_00027", "source_type": "dem_inferred_surface_flow", "is_inferred": true, "acc_cells": 257, "upstream_area_m2": 230970.61243915703, "length_m": 30.0, "start_elevation_m": 543.542, "end_elevation_m": 543.187, "elevation_drop_m": 0.355, "slope_m_per_m": 0.011847, "slope_percent": 1.185, "terrain_slope_deg": 6.6, "strahler_order": 1, "capacity_class": "low", "scenario_width_m": 0.4, "scenario_depth_m": 0.3, "scenario_manning_n": 0.035, "capacity_effective_slope": 0.011847, "capacity_slope_floor": 0.001, "capacity_m3s": 0.09079004401073118, "capacity_scenario": "prototype_open_channel_base", "capacity_source": "synthetic_manning_scenario", "capacity_is_observed": 0 }, "geometry": { "type": "LineString", "coordinates": [ [ 377417.790579124644864, 2046831.902720903046429 ], [ 377387.790579124644864, 2046831.902720903046429 ] ] } },
{ "type": "Feature", "properties": { "drain_id": "RN_DRAIN_00028", "source_type": "dem_inferred_surface_flow", "is_inferred": true, "acc_cells": 52, "upstream_area_m2": 47062.471586786676, "length_m": 30.0, "start_elevation_m": 561.366, "end_elevation_m": 561.314, "elevation_drop_m": 0.052, "slope_m_per_m": 0.001746, "slope_percent": 0.175, "terrain_slope_deg": 2.121, "strahler_order": 1, "capacity_class": "low", "scenario_width_m": 0.4, "scenario_depth_m": 0.3, "scenario_manning_n": 0.035, "capacity_effective_slope": 0.001746, "capacity_slope_floor": 0.001, "capacity_m3s": 0.034854282915268278, "capacity_scenario": "prototype_open_channel_base", "capacity_source": "synthetic_manning_scenario", "capacity_is_observed": 0 }, "geometry": { "type": "LineString", "coordinates": [ [ 377717.790579124644864, 2046831.902720903046429 ], [ 377717.790579124644864, 2046861.902720903046429 ] ] } },
{ "type": "Feature", "properties": { "drain_id": "RN_DRAIN_00029", "source_type": "dem_inferred_surface_flow", "is_inferred": true, "acc_cells": 136, "upstream_area_m2": 122071.55963048931, "length_m": 42.43, "start_elevation_m": 562.646, "end_elevation_m": 562.572, "elevation_drop_m": 0.074, "slope_m_per_m": 0.001745, "slope_percent": 0.174, "terrain_slope_deg": 3.309, "strahler_order": 2, "capacity_class": "medium", "scenario_width_m": 0.7, "scenario_depth_m": 0.45, "scenario_manning_n": 0.035, "capacity_effective_slope": 0.001745, "capacity_slope_floor": 0.001, "capacity_m3s": 0.12723324562335805, "capacity_scenario": "prototype_open_channel_base", "capacity_source": "synthetic_manning_scenario", "capacity_is_observed": 0 }, "geometry": { "type": "LineString", "coordinates": [ [ 377987.790579124644864, 2046831.902720903046429 ], [ 377957.790579124644864, 2046861.902720903046429 ] ] } },
{ "type": "Feature", "properties": { "drain_id": "RN_DRAIN_00030", "source_type": "dem_inferred_surface_flow", "is_inferred": true, "acc_cells": 6576, "upstream_area_m2": 5918000.4270120906, "length_m": 42.43, "start_elevation_m": 543.305, "end_elevation_m": 543.23, "elevation_drop_m": 0.074, "slope_m_per_m": 0.001745, "slope_percent": 0.174, "terrain_slope_deg": 1.011, "strahler_order": 4, "capacity_class": "very_high", "scenario_width_m": 1.4, "scenario_depth_m": 0.8, "scenario_manning_n": 0.035, "capacity_effective_slope": 0.001745, "capacity_slope_floor": 0.001, "capacity_m3s": 0.69307282797684278, "capacity_scenario": "prototype_open_channel_base", "capacity_source": "synthetic_manning_scenario", "capacity_is_observed": 0 }, "geometry": { "type": "LineString", "coordinates": [ [ 377297.790579124644864, 2046801.902720903046429 ], [ 377327.790579124644864, 2046831.902720903046429 ] ] } },
{ "type": "Feature", "properties": { "drain_id": "RN_DRAIN_00031", "source_type": "dem_inferred_surface_flow", "is_inferred": true, "acc_cells": 3684, "upstream_area_m2": 3315582.9366752091, "length_m": 30.0, "start_elevation_m": 543.283, "end_elevation_m": 543.23, "elevation_drop_m": 0.052, "slope_m_per_m": 0.001744, "slope_percent": 0.174, "terrain_slope_deg": 1.011, "strahler_order": 1, "capacity_class": "low", "scenario_width_m": 0.4, "scenario_depth_m": 0.3, "scenario_manning_n": 0.035, "capacity_effective_slope": 0.001744, "capacity_slope_floor": 0.001, "capacity_m3s": 0.034834314834044547, "capacity_scenario": "prototype_open_channel_base", "capacity_source": "synthetic_manning_scenario", "capacity_is_observed": 0 }, "geometry": { "type": "LineString", "coordinates": [ [ 377327.790579124644864, 2046801.902720903046429 ], [ 377327.790579124644864, 2046831.902720903046429 ] ] } },
{ "type": "Feature", "properties": { "drain_id": "RN_DRAIN_00032", "source_type": "dem_inferred_surface_flow", "is_inferred": true, "acc_cells": 1613, "upstream_area_m2": 1451360.2234775345, "length_m": 42.43, "start_elevation_m": 543.261, "end_elevation_m": 543.23, "elevation_drop_m": 0.031, "slope_m_per_m": 0.000722, "slope_percent": 0.072, "terrain_slope_deg": 3.803, "strahler_order": 1, "capacity_class": "low", "scenario_width_m": 0.4, "scenario_depth_m": 0.3, "scenario_manning_n": 0.035, "capacity_effective_slope": 0.001, "capacity_slope_floor": 0.001, "capacity_m3s": 0.02637752433631995, "capacity_scenario": "prototype_open_channel_base", "capacity_source": "synthetic_manning_scenario", "capacity_is_observed": 0 }, "geometry": { "type": "LineString", "coordinates": [ [ 377357.790579124644864, 2046801.902720903046429 ], [ 377327.790579124644864, 2046831.902720903046429 ] ] } },
{ "type": "Feature", "properties": { "drain_id": "RN_DRAIN_00033", "source_type": "dem_inferred_surface_flow", "is_inferred": true, "acc_cells": 5320, "upstream_area_m2": 4787913.0998876691, "length_m": 30.0, "start_elevation_m": 543.316, "end_elevation_m": 543.187, "elevation_drop_m": 0.129, "slope_m_per_m": 0.004311, "slope_percent": 0.431, "terrain_slope_deg": 4.846, "strahler_order": 3, "capacity_class": "high", "scenario_width_m": 1.0, "scenario_depth_m": 0.6, "scenario_manning_n": 0.035, "capacity_effective_slope": 0.004311, "capacity_slope_floor": 0.001, "capacity_m3s": 0.47335968126079431, "capacity_scenario": "prototype_open_channel_base", "capacity_source": "synthetic_manning_scenario", "capacity_is_observed": 0 }, "geometry": { "type": "LineString", "coordinates": [ [ 377387.790579124644864, 2046801.902720903046429 ], [ 377387.790579124644864, 2046831.902720903046429 ] ] } },
{ "type": "Feature", "properties": { "drain_id": "RN_DRAIN_00034", "source_type": "dem_inferred_surface_flow", "is_inferred": true, "acc_cells": 1193, "upstream_area_m2": 1073723.4343396684, "length_m": 42.43, "start_elevation_m": 544.511, "end_elevation_m": 543.187, "elevation_drop_m": 1.324, "slope_m_per_m": 0.031201, "slope_percent": 3.12, "terrain_slope_deg": 7.212, "strahler_order": 1, "capacity_class": "low", "scenario_width_m": 0.4, "scenario_depth_m": 0.3, "scenario_manning_n": 0.035, "capacity_effective_slope": 0.031201, "capacity_slope_floor": 0.001, "capacity_m3s": 0.14733919378536192, "capacity_scenario": "prototype_open_channel_base", "capacity_source": "synthetic_manning_scenario", "capacity_is_observed": 0 }, "geometry": { "type": "LineString", "coordinates": [ [ 377417.790579124644864, 2046801.902720903046429 ], [ 377387.790579124644864, 2046831.902720903046429 ] ] } },
{ "type": "Feature", "properties": { "drain_id": "RN_DRAIN_00035", "source_type": "dem_inferred_surface_flow", "is_inferred": true, "acc_cells": 40, "upstream_area_m2": 36161.506010378347, "length_m": 42.43, "start_elevation_m": 561.44, "end_elevation_m": 561.366, "elevation_drop_m": 0.074, "slope_m_per_m": 0.001745, "slope_percent": 0.174, "terrain_slope_deg": 1.482, "strahler_order": 1, "capacity_class": "low", "scenario_width_m": 0.4, "scenario_depth_m": 0.3, "scenario_manning_n": 0.035, "capacity_effective_slope": 0.001745, "capacity_slope_floor": 0.001, "capacity_m3s": 0.034844300305034812, "capacity_scenario": "prototype_open_channel_base", "capacity_source": "synthetic_manning_scenario", "capacity_is_observed": 0 }, "geometry": { "type": "LineString", "coordinates": [ [ 377747.790579124644864, 2046801.902720903046429 ], [ 377717.790579124644864, 2046831.902720903046429 ] ] } },
{ "type": "Feature", "properties": { "drain_id": "RN_DRAIN_00036", "source_type": "dem_inferred_surface_flow", "is_inferred": true, "acc_cells": 104, "upstream_area_m2": 94039.358746274083, "length_m": 30.0, "start_elevation_m": 563.706, "end_elevation_m": 562.646, "elevation_drop_m": 1.06, "slope_m_per_m": 0.035333, "slope_percent": 3.533, "terrain_slope_deg": 4.161, "strahler_order": 2, "capacity_class": "medium", "scenario_width_m": 0.7, "scenario_depth_m": 0.45, "scenario_manning_n": 0.035, "capacity_effective_slope": 0.035333, "capacity_slope_floor": 0.001, "capacity_m3s": 0.57252327499268452, "capacity_scenario": "prototype_open_channel_base", "capacity_source": "synthetic_manning_scenario", "capacity_is_observed": 0 }, "geometry": { "type": "LineString", "coordinates": [ [ 377987.790579124644864, 2046801.902720903046429 ], [ 377987.790579124644864, 2046831.902720903046429 ] ] } },
{ "type": "Feature", "properties": { "drain_id": "RN_DRAIN_00037", "source_type": "dem_inferred_surface_flow", "is_inferred": true, "acc_cells": 4272, "upstream_area_m2": 3845176.5616943762, "length_m": 42.43, "start_elevation_m": 543.379, "end_elevation_m": 543.305, "elevation_drop_m": 0.074, "slope_m_per_m": 0.001745, "slope_percent": 0.174, "terrain_slope_deg": 1.874, "strahler_order": 1, "capacity_class": "low", "scenario_width_m": 0.4, "scenario_depth_m": 0.3, "scenario_manning_n": 0.035, "capacity_effective_slope": 0.001745, "capacity_slope_floor": 0.001, "capacity_m3s": 0.034844300305034812, "capacity_scenario": "prototype_open_channel_base", "capacity_source": "synthetic_manning_scenario", "capacity_is_observed": 0 }, "geometry": { "type": "LineString", "coordinates": [ [ 377267.790579124644864, 2046771.902720903046429 ], [ 377297.790579124644864, 2046801.902720903046429 ] ] } },
{ "type": "Feature", "properties": { "drain_id": "RN_DRAIN_00038", "source_type": "dem_inferred_surface_flow", "is_inferred": true, "acc_cells": 4755, "upstream_area_m2": 4279394.5430535236, "length_m": 30.0, "start_elevation_m": 543.357, "end_elevation_m": 543.305, "elevation_drop_m": 0.052, "slope_m_per_m": 0.001746, "slope_percent": 0.175, "terrain_slope_deg": 1.874, "strahler_order": 4, "capacity_class": "very_high", "scenario_width_m": 1.4, "scenario_depth_m": 0.8, "scenario_manning_n": 0.035, "capacity_effective_slope": 0.001746, "capacity_slope_floor": 0.001, "capacity_m3s": 0.69327138773681873, "capacity_scenario": "prototype_open_channel_base", "capacity_source": "synthetic_manning_scenario", "capacity_is_observed": 0 }, "geometry": { "type": "LineString", "coordinates": [ [ 377297.790579124644864, 2046771.902720903046429 ], [ 377297.790579124644864, 2046801.902720903046429 ] ] } },
{ "type": "Feature", "properties": { "drain_id": "RN_DRAIN_00039", "source_type": "dem_inferred_surface_flow", "is_inferred": true, "acc_cells": 2436, "upstream_area_m2": 2192022.2014060426, "length_m": 42.43, "start_elevation_m": 543.335, "end_elevation_m": 543.305, "elevation_drop_m": 0.031, "slope_m_per_m": 0.000722, "slope_percent": 0.072, "terrain_slope_deg": 4.089, "strahler_order": 1, "capacity_class": "low", "scenario_width_m": 0.4, "scenario_depth_m": 0.3, "scenario_manning_n": 0.035, "capacity_effective_slope": 0.001, "capacity_slope_floor": 0.001, "capacity_m3s": 0.02637752433631995, "capacity_scenario": "prototype_open_channel_base", "capacity_source": "synthetic_manning_scenario", "capacity_is_observed": 0 }, "geometry": { "type": "LineString", "coordinates": [ [ 377327.790579124644864, 2046771.902720903046429 ], [ 377297.790579124644864, 2046801.902720903046429 ] ] } },
{ "type": "Feature", "properties": { "drain_id": "RN_DRAIN_00040", "source_type": "dem_inferred_surface_flow", "is_inferred": true, "acc_cells": 137, "upstream_area_m2": 123085.12970833953, "length_m": 42.43, "start_elevation_m": 544.126, "end_elevation_m": 543.316, "elevation_drop_m": 0.809, "slope_m_per_m": 0.019074, "slope_percent": 1.907, "terrain_slope_deg": 6.622, "strahler_order": 1, "capacity_class": "low", "scenario_width_m": 0.4, "scenario_depth_m": 0.3, "scenario_manning_n": 0.035, "capacity_effective_slope": 0.019074, "capacity_slope_floor": 0.001, "capacity_m3s": 0.11520064788280598, "capacity_scenario": "prototype_open_channel_base", "capacity_source": "synthetic_manning_scenario", "capacity_is_observed": 0 }, "geometry": { "type": "LineString", "coordinates": [ [ 377357.790579124644864, 2046771.902720903046429 ], [ 377387.790579124644864, 2046801.902720903046429 ] ] } },
{ "type": "Feature", "properties": { "drain_id": "RN_DRAIN_00041", "source_type": "dem_inferred_surface_flow", "is_inferred": true, "acc_cells": 1458, "upstream_area_m2": 1312026.8833028977, "length_m": 30.0, "start_elevation_m": 545.678, "end_elevation_m": 543.316, "elevation_drop_m": 2.362, "slope_m_per_m": 0.078723, "slope_percent": 7.872, "terrain_slope_deg": 6.622, "strahler_order": 1, "capacity_class": "low", "scenario_width_m": 0.4, "scenario_depth_m": 0.3, "scenario_manning_n": 0.035, "capacity_effective_slope": 0.078723, "capacity_slope_floor": 0.001, "capacity_m3s": 0.23403717670292817, "capacity_scenario": "prototype_open_channel_base", "capacity_source": "synthetic_manning_scenario", "capacity_is_observed": 0 }, "geometry": { "type": "LineString", "coordinates": [ [ 377387.790579124644864, 2046771.902720903046429 ], [ 377387.790579124644864, 2046801.902720903046429 ] ] } },
{ "type": "Feature", "properties": { "drain_id": "RN_DRAIN_00042", "source_type": "dem_inferred_surface_flow", "is_inferred": true, "acc_cells": 4670, "upstream_area_m2": 4203044.7297166046, "length_m": 42.43, "start_elevation_m": 546.094, "end_elevation_m": 543.316, "elevation_drop_m": 2.778, "slope_m_per_m": 0.065463, "slope_percent": 6.546, "terrain_slope_deg": 5.815, "strahler_order": 3, "capacity_class": "high", "scenario_width_m": 1.0, "scenario_depth_m": 0.6, "scenario_manning_n": 0.035, "capacity_effective_slope": 0.065463, "capacity_slope_floor": 0.001, "capacity_m3s": 1.8445915058171303, "capacity_scenario": "prototype_open_channel_base", "capacity_source": "synthetic_manning_scenario", "capacity_is_observed": 0 }, "geometry": { "type": "LineString", "coordinates": [ [ 377417.790579124644864, 2046771.902720903046429 ], [ 377387.790579124644864, 2046801.902720903046429 ] ] } },
{ "type": "Feature", "properties": { "drain_id": "RN_DRAIN_00043", "source_type": "dem_inferred_surface_flow", "is_inferred": true, "acc_cells": 32, "upstream_area_m2": 28356.056713281967, "length_m": 42.43, "start_elevation_m": 561.514, "end_elevation_m": 561.44, "elevation_drop_m": 0.074, "slope_m_per_m": 0.001745, "slope_percent": 0.174, "terrain_slope_deg": 1.829, "strahler_order": 1, "capacity_class": "low", "scenario_width_m": 0.4, "scenario_depth_m": 0.3, "scenario_manning_n": 0.035, "capacity_effective_slope": 0.001745, "capacity_slope_floor": 0.001, "capacity_m3s": 0.034844300305034812, "capacity_scenario": "prototype_open_channel_base", "capacity_source": "synthetic_manning_scenario", "capacity_is_observed": 0 }, "geometry": { "type": "LineString", "coordinates": [ [ 377777.790579124644864, 2046771.902720903046429 ], [ 377747.790579124644864, 2046801.902720903046429 ] ] } },
{ "type": "Feature", "properties": { "drain_id": "RN_DRAIN_00044", "source_type": "dem_inferred_surface_flow", "is_inferred": true, "acc_cells": 102, "upstream_area_m2": 92104.995219816119, "length_m": 30.0, "start_elevation_m": 565.041, "end_elevation_m": 563.706, "elevation_drop_m": 1.335, "slope_m_per_m": 0.044484, "slope_percent": 4.448, "terrain_slope_deg": 2.687, "strahler_order": 2, "capacity_class": "medium", "scenario_width_m": 0.7, "scenario_depth_m": 0.45, "scenario_manning_n": 0.035, "capacity_effective_slope": 0.044484, "capacity_slope_floor": 0.001, "capacity_m3s": 0.64239892606112203, "capacity_scenario": "prototype_open_channel_base", "capacity_source": "synthetic_manning_scenario", "capacity_is_observed": 0 }, "geometry": { "type": "LineString", "coordinates": [ [ 377987.790579124644864, 2046771.902720903046429 ], [ 377987.790579124644864, 2046801.902720903046429 ] ] } },
{ "type": "Feature", "properties": { "drain_id": "RN_DRAIN_00045", "source_type": "dem_inferred_surface_flow", "is_inferred": true, "acc_cells": 215, "upstream_area_m2": 193663.75096012029, "length_m": 37.85, "start_elevation_m": 563.831, "end_elevation_m": 562.525, "elevation_drop_m": 1.306, "slope_m_per_m": 0.034496, "slope_percent": 3.45, "terrain_slope_deg": 0.535, "strahler_order": 1, "capacity_class": "low", "scenario_width_m": 0.4, "scenario_depth_m": 0.3, "scenario_manning_n": 0.035, "capacity_effective_slope": 0.034496, "capacity_slope_floor": 0.001, "capacity_m3s": 0.15492389313383287, "capacity_scenario": "prototype_open_channel_base", "capacity_source": "synthetic_manning_scenario", "capacity_is_observed": 0 }, "geometry": { "type": "LineString", "coordinates": [ [ 376731.025395361240953, 2046738.667904666392133 ], [ 376757.790579124644864, 2046711.902720903046429 ] ] } },
{ "type": "Feature", "properties": { "drain_id": "RN_DRAIN_00046", "source_type": "dem_inferred_surface_flow", "is_inferred": true, "acc_cells": 148, "upstream_area_m2": 132883.42399155031, "length_m": 30.0, "start_elevation_m": 562.577, "end_elevation_m": 562.525, "elevation_drop_m": 0.052, "slope_m_per_m": 0.001746, "slope_percent": 0.175, "terrain_slope_deg": 0.535, "strahler_order": 1, "capacity_class": "low", "scenario_width_m": 0.4, "scenario_depth_m": 0.3, "scenario_manning_n": 0.035, "capacity_effective_slope": 0.001746, "capacity_slope_floor": 0.001, "capacity_m3s": 0.034854282915268278, "capacity_scenario": "prototype_open_channel_base", "capacity_source": "synthetic_manning_scenario", "capacity_is_observed": 0 }, "geometry": { "type": "LineString", "coordinates": [ [ 376757.790579124644864, 2046741.902720903046429 ], [ 376757.790579124644864, 2046711.902720903046429 ] ] } },
{ "type": "Feature", "properties": { "drain_id": "RN_DRAIN_00047", "source_type": "dem_inferred_surface_flow", "is_inferred": true, "acc_cells": 1916, "upstream_area_m2": 1724711.4983518266, "length_m": 30.0, "start_elevation_m": 543.453, "end_elevation_m": 543.431, "elevation_drop_m": 0.022, "slope_m_per_m": 0.000722, "slope_percent": 0.072, "terrain_slope_deg": 2.728, "strahler_order": 1, "capacity_class": "low", "scenario_width_m": 0.4, "scenario_depth_m": 0.3, "scenario_manning_n": 0.035, "capacity_effective_slope": 0.001, "capacity_slope_floor": 0.001, "capacity_m3s": 0.02637752433631995, "capacity_scenario": "prototype_open_channel_base", "capacity_source": "synthetic_manning_scenario", "capacity_is_observed": 0 }, "geometry": { "type": "LineString", "coordinates": [ [ 377237.790579124644864, 2046741.902720903046429 ], [ 377267.790579124644864, 2046741.902720903046429 ] ] } },
{ "type": "Feature", "properties": { "drain_id": "RN_DRAIN_00048", "source_type": "dem_inferred_surface_flow", "is_inferred": true, "acc_cells": 4787, "upstream_area_m2": 4308356.2977625774, "length_m": 42.43, "start_elevation_m": 543.431, "end_elevation_m": 543.357, "elevation_drop_m": 0.074, "slope_m_per_m": 0.001745, "slope_percent": 0.174, "terrain_slope_deg": 3.727, "strahler_order": 4, "capacity_class": "very_high", "scenario_width_m": 1.4, "scenario_depth_m": 0.8, "scenario_manning_n": 0.035, "capacity_effective_slope": 0.001745, "capacity_slope_floor": 0.001, "capacity_m3s": 0.69307282797684278, "capacity_scenario": "prototype_open_channel_base", "capacity_source": "synthetic_manning_scenario", "capacity_is_observed": 0 }, "geometry": { "type": "LineString", "coordinates": [ [ 377267.790579124644864, 2046741.902720903046429 ], [ 377297.790579124644864, 2046771.902720903046429 ] ] } },
{ "type": "Feature", "properties": { "drain_id": "RN_DRAIN_00049", "source_type": "dem_inferred_surface_flow", "is_inferred": true, "acc_cells": 4664, "upstream_area_m2": 4197734.7384610279, "length_m": 30.0, "start_elevation_m": 543.409, "end_elevation_m": 543.357, "elevation_drop_m": 0.052, "slope_m_per_m": 0.001746, "slope_percent": 0.175, "terrain_slope_deg": 3.727, "strahler_order": 1, "capacity_class": "low", "scenario_width_m": 0.4, "scenario_depth_m": 0.3, "scenario_manning_n": 0.035, "capacity_effective_slope": 0.001746, "capacity_slope_floor": 0.001, "capacity_m3s": 0.034854282915268278, "capacity_scenario": "prototype_open_channel_base", "capacity_source": "synthetic_manning_scenario", "capacity_is_observed": 0 }, "geometry": { "type": "LineString", "coordinates": [ [ 377297.790579124644864, 2046741.902720903046429 ], [ 377297.790579124644864, 2046771.902720903046429 ] ] } },
{ "type": "Feature", "properties": { "drain_id": "RN_DRAIN_00050", "source_type": "dem_inferred_surface_flow", "is_inferred": true, "acc_cells": 6119, "upstream_area_m2": 5507145.3982569203, "length_m": 30.0, "start_elevation_m": 549.554, "end_elevation_m": 546.094, "elevation_drop_m": 3.46, "slope_m_per_m": 0.115332, "slope_percent": 11.533, "terrain_slope_deg": 4.723, "strahler_order": 3, "capacity_class": "high", "scenario_width_m": 1.0, "scenario_depth_m": 0.6, "scenario_manning_n": 0.035, "capacity_effective_slope": 0.115332, "capacity_slope_floor": 0.001, "capacity_m3s": 2.4483706462315302, "capacity_scenario": "prototype_open_channel_base", "capacity_source": "synthetic_manning_scenario", "capacity_is_observed": 0 }, "geometry": { "type": "LineString", "coordinates": [ [ 377417.790579124644864, 2046741.902720903046429 ], [ 377417.790579124644864, 2046771.902720903046429 ] ] } },
{ "type": "Feature", "properties": { "drain_id": "RN_DRAIN_00051", "source_type": "dem_inferred_surface_flow", "is_inferred": true, "acc_cells": 28, "upstream_area_m2": 24980.870887237135, "length_m": 30.0, "start_elevation_m": 562.06, "end_elevation_m": 561.514, "elevation_drop_m": 0.546, "slope_m_per_m": 0.018184, "slope_percent": 1.818, "terrain_slope_deg": 2.557, "strahler_order": 1, "capacity_class": "low", "scenario_width_m": 0.4, "scenario_depth_m": 0.3, "scenario_manning_n": 0.035, "capacity_effective_slope": 0.018184, "capacity_slope_floor": 0.001, "capacity_m3s": 0.11248088992987894, "capacity_scenario": "prototype_open_channel_base", "capacity_source": "synthetic_manning_scenario", "capacity_is_observed": 0 }, "geometry": { "type": "LineString", "coordinates": [ [ 377777.790579124644864, 2046741.902720903046429 ], [ 377777.790579124644864, 2046771.902720903046429 ] ] } },
{ "type": "Feature", "properties": { "drain_id": "RN_DRAIN_00052", "source_type": "dem_inferred_surface_flow", "is_inferred": true, "acc_cells": 100, "upstream_area_m2": 90415.428895242236, "length_m": 30.0, "start_elevation_m": 565.093, "end_elevation_m": 565.041, "elevation_drop_m": 0.052, "slope_m_per_m": 0.001746, "slope_percent": 0.175, "terrain_slope_deg": 0.28, "strahler_order": 2, "capacity_class": "medium", "scenario_width_m": 0.7, "scenario_depth_m": 0.45, "scenario_manning_n": 0.035, "capacity_effective_slope": 0.001746, "capacity_slope_floor": 0.001, "capacity_m3s": 0.1272696969192279, "capacity_scenario": "prototype_open_channel_base", "capacity_source": "synthetic_manning_scenario", "capacity_is_observed": 0 }, "geometry": { "type": "LineString", "coordinates": [ [ 377987.790579124644864, 2046741.902720903046429 ], [ 377987.790579124644864, 2046771.902720903046429 ] ] } },
{ "type": "Feature", "properties": { "drain_id": "RN_DRAIN_00053", "source_type": "dem_inferred_surface_flow", "is_inferred": true, "acc_cells": 84, "upstream_area_m2": 75700.610996002448, "length_m": 19.7, "start_elevation_m": 565.99, "end_elevation_m": 565.938, "elevation_drop_m": 0.052, "slope_m_per_m": 0.002655, "slope_percent": 0.266, "terrain_slope_deg": 1.955, "strahler_order": 2, "capacity_class": "medium", "scenario_width_m": 0.7, "scenario_depth_m": 0.45, "scenario_manning_n": 0.035, "capacity_effective_slope": 0.002655, "capacity_slope_floor": 0.001, "capacity_m3s": 0.15694054372586286, "capacity_scenario": "prototype_open_channel_base", "capacity_source": "synthetic_manning_scenario", "capacity_is_observed": 0 }, "geometry": { "type": "LineString", "coordinates": [ [ 378257.790579124644864, 2046741.902720903046429 ], [ 378257.790579124644864, 2046761.60044667753391 ] ] } },
{ "type": "Feature", "properties": { "drain_id": "RN_DRAIN_00054", "source_type": "dem_inferred_surface_flow", "is_inferred": true, "acc_cells": 53, "upstream_area_m2": 47989.632132836574, "length_m": 30.0, "start_elevation_m": 562.796, "end_elevation_m": 562.451, "elevation_drop_m": 0.345, "slope_m_per_m": 0.011489, "slope_percent": 1.149, "terrain_slope_deg": 2.002, "strahler_order": 1, "capacity_class": "low", "scenario_width_m": 0.4, "scenario_depth_m": 0.3, "scenario_manning_n": 0.035, "capacity_effective_slope": 0.011489, "capacity_slope_floor": 0.001, "capacity_m3s": 0.089407746166705243, "capacity_scenario": "prototype_open_channel_base", "capacity_source": "synthetic_manning_scenario", "capacity_is_observed": 0 }, "geometry": { "type": "LineString", "coordinates": [ [ 376727.790579124644864, 2046711.902720903046429 ], [ 376727.790579124644864, 2046681.902720903046429 ] ] } },
{ "type": "Feature", "properties": { "drain_id": "RN_DRAIN_00055", "source_type": "dem_inferred_surface_flow", "is_inferred": true, "acc_cells": 206, "upstream_area_m2": 185471.37117771903, "length_m": 42.43, "start_elevation_m": 562.525, "end_elevation_m": 562.451, "elevation_drop_m": 0.074, "slope_m_per_m": 0.001745, "slope_percent": 0.174, "terrain_slope_deg": 1.133, "strahler_order": 2, "capacity_class": "medium", "scenario_width_m": 0.7, "scenario_depth_m": 0.45, "scenario_manning_n": 0.035, "capacity_effective_slope": 0.001745, "capacity_slope_floor": 0.001, "capacity_m3s": 0.12723324562335805, "capacity_scenario": "prototype_open_channel_base", "capacity_source": "synthetic_manning_scenario", "capacity_is_observed": 0 }, "geometry": { "type": "LineString", "coordinates": [ [ 376757.790579124644864, 2046711.902720903046429 ], [ 376727.790579124644864, 2046681.902720903046429 ] ] } },
{ "type": "Feature", "properties": { "drain_id": "RN_DRAIN_00056", "source_type": "dem_inferred_surface_flow", "is_inferred": true, "acc_cells": 28, "upstream_area_m2": 25339.322120862831, "length_m": 30.0, "start_elevation_m": 563.597, "end_elevation_m": 563.544, "elevation_drop_m": 0.052, "slope_m_per_m": 0.001746, "slope_percent": 0.175, "terrain_slope_deg": 1.246, "strahler_order": 1, "capacity_class": "low", "scenario_width_m": 0.4, "scenario_depth_m": 0.3, "scenario_manning_n": 0.035, "capacity_effective_slope": 0.001746, "capacity_slope_floor": 0.001, "capacity_m3s": 0.034854282915268278, "capacity_scenario": "prototype_open_channel_base", "capacity_source": "synthetic_manning_scenario", "capacity_is_observed": 0 }, "geometry": { "type": "LineString", "coordinates": [ [ 376907.790579124644864, 2046711.902720903046429 ], [ 376907.790579124644864, 2046681.902720903046429 ] ] } },
{ "type": "Feature", "properties": { "drain_id": "RN_DRAIN_00057", "source_type": "dem_inferred_surface_flow", "is_inferred": true, "acc_cells": 3823, "upstream_area_m2": 3440597.4976968272, "length_m": 30.0, "start_elevation_m": 543.505, "end_elevation_m": 543.483, "elevation_drop_m": 0.022, "slope_m_per_m": 0.000722, "slope_percent": 0.072, "terrain_slope_deg": 2.253, "strahler_order": 1, "capacity_class": "low", "scenario_width_m": 0.4, "scenario_depth_m": 0.3, "scenario_manning_n": 0.035, "capacity_effective_slope": 0.001, "capacity_slope_floor": 0.001, "capacity_m3s": 0.02637752433631995, "capacity_scenario": "prototype_open_channel_base", "capacity_source": "synthetic_manning_scenario", "capacity_is_observed": 0 }, "geometry": { "type": "LineString", "coordinates": [ [ 377237.790579124644864, 2046711.902720903046429 ], [ 377267.790579124644864, 2046711.902720903046429 ] ] } },
{ "type": "Feature", "properties": { "drain_id": "RN_DRAIN_00058", "source_type": "dem_inferred_surface_flow", "is_inferred": true, "acc_cells": 5772, "upstream_area_m2": 5194859.2823775513, "length_m": 30.0, "start_elevation_m": 543.483, "end_elevation_m": 543.431, "elevation_drop_m": 0.052, "slope_m_per_m": 0.001746, "slope_percent": 0.175, "terrain_slope_deg": 2.253, "strahler_order": 4, "capacity_class": "very_high", "scenario_width_m": 1.4, "scenario_depth_m": 0.8, "scenario_manning_n": 0.035, "capacity_effective_slope": 0.001746, "capacity_slope_floor": 0.001, "capacity_m3s": 0.69327138773681873, "capacity_scenario": "prototype_open_channel_base", "capacity_source": "synthetic_manning_scenario", "capacity_is_observed": 0 }, "geometry": { "type": "LineString", "coordinates": [ [ 377267.790579124644864, 2046711.902720903046429 ], [ 377267.790579124644864, 2046741.902720903046429 ] ] } },
{ "type": "Feature", "properties": { "drain_id": "RN_DRAIN_00059", "source_type": "dem_inferred_surface_flow", "is_inferred": true, "acc_cells": 1751, "upstream_area_m2": 1576291.1125235965, "length_m": 42.43, "start_elevation_m": 543.462, "end_elevation_m": 543.431, "elevation_drop_m": 0.031, "slope_m_per_m": 0.000722, "slope_percent": 0.072, "terrain_slope_deg": 7.925, "strahler_order": 1, "capacity_class": "low", "scenario_width_m": 0.4, "scenario_depth_m": 0.3, "scenario_manning_n": 0.035, "capacity_effective_slope": 0.001, "capacity_slope_floor": 0.001, "capacity_m3s": 0.02637752433631995, "capacity_scenario": "prototype_open_channel_base", "capacity_source": "synthetic_manning_scenario", "capacity_is_observed": 0 }, "geometry": { "type": "LineString", "coordinates": [ [ 377297.790579124644864, 2046711.902720903046429 ], [ 377267.790579124644864, 2046741.902720903046429 ] ] } },
{ "type": "Feature", "properties": { "drain_id": "RN_DRAIN_00060", "source_type": "dem_inferred_surface_flow", "is_inferred": true, "acc_cells": 6117, "upstream_area_m2": 5505248.7525831247, "length_m": 42.43, "start_elevation_m": 549.746, "end_elevation_m": 549.554, "elevation_drop_m": 0.192, "slope_m_per_m": 0.004534, "slope_percent": 0.453, "terrain_slope_deg": 2.177, "strahler_order": 3, "capacity_class": "high", "scenario_width_m": 1.0, "scenario_depth_m": 0.6, "scenario_manning_n": 0.035, "capacity_effective_slope": 0.004534, "capacity_slope_floor": 0.001, "capacity_m3s": 0.48544832877206306, "capacity_scenario": "prototype_open_channel_base", "capacity_source": "synthetic_manning_scenario", "capacity_is_observed": 0 }, "geometry": { "type": "LineString", "coordinates": [ [ 377447.790579124644864, 2046711.902720903046429 ], [ 377417.790579124644864, 2046741.902720903046429 ] ] } },
{ "type": "Feature", "properties": { "drain_id": "RN_DRAIN_00061", "source_type": "dem_inferred_surface_flow", "is_inferred": true, "acc_cells": 91, "upstream_area_m2": 81675.827468909076, "length_m": 30.0, "start_elevation_m": 565.342, "end_elevation_m": 565.093, "elevation_drop_m": 0.248, "slope_m_per_m": 0.008274, "slope_percent": 0.827, "terrain_slope_deg": 1.661, "strahler_order": 2, "capacity_class": "medium", "scenario_width_m": 0.7, "scenario_depth_m": 0.45, "scenario_manning_n": 0.035, "capacity_effective_slope": 0.008274, "capacity_slope_floor": 0.001, "capacity_m3s": 0.27705159099154153, "capacity_scenario": "prototype_open_channel_base", "capacity_source": "synthetic_manning_scenario", "capacity_is_observed": 0 }, "geometry": { "type": "LineString", "coordinates": [ [ 377987.790579124644864, 2046711.902720903046429 ], [ 377987.790579124644864, 2046741.902720903046429 ] ] } },
{ "type": "Feature", "properties": { "drain_id": "RN_DRAIN_00062", "source_type": "dem_inferred_surface_flow", "is_inferred": true, "acc_cells": 33, "upstream_area_m2": 29391.793737044009, "length_m": 30.0, "start_elevation_m": 566.043, "end_elevation_m": 565.99, "elevation_drop_m": 0.052, "slope_m_per_m": 0.001746, "slope_percent": 0.175, "terrain_slope_deg": 2.331, "strahler_order": 1, "capacity_class": "low", "scenario_width_m": 0.4, "scenario_depth_m": 0.3, "scenario_manning_n": 0.035, "capacity_effective_slope": 0.001746, "capacity_slope_floor": 0.001, "capacity_m3s": 0.034854282915268278, "capacity_scenario": "prototype_open_channel_base", "capacity_source": "synthetic_manning_scenario", "capacity_is_observed": 0 }, "geometry": { "type": "LineString", "coordinates": [ [ 378257.790579124644864, 2046711.902720903046429 ], [ 378257.790579124644864, 2046741.902720903046429 ] ] } },
{ "type": "Feature", "properties": { "drain_id": "RN_DRAIN_00063", "source_type": "dem_inferred_surface_flow", "is_inferred": true, "acc_cells": 94, "upstream_area_m2": 84809.527835590052, "length_m": 42.43, "start_elevation_m": 566.065, "end_elevation_m": 565.99, "elevation_drop_m": 0.074, "slope_m_per_m": 0.001746, "slope_percent": 0.175, "terrain_slope_deg": 2.449, "strahler_order": 2, "capacity_class": "medium", "scenario_width_m": 0.7, "scenario_depth_m": 0.45, "scenario_manning_n": 0.035, "capacity_effective_slope": 0.001746, "capacity_slope_floor": 0.001, "capacity_m3s": 0.1272696969192279, "capacity_scenario": "prototype_open_channel_base", "capacity_source": "synthetic_manning_scenario", "capacity_is_observed": 0 }, "geometry": { "type": "LineString", "coordinates": [ [ 378287.790579124644864, 2046711.902720903046429 ], [ 378257.790579124644864, 2046741.902720903046429 ] ] } },
{ "type": "Feature", "properties": { "drain_id": "RN_DRAIN_00064", "source_type": "dem_inferred_surface_flow", "is_inferred": true, "acc_cells": 251, "upstream_area_m2": 226277.00347455914, "length_m": 30.0, "start_elevation_m": 562.451, "end_elevation_m": 562.399, "elevation_drop_m": 0.052, "slope_m_per_m": 0.001746, "slope_percent": 0.175, "terrain_slope_deg": 2.886, "strahler_order": 2, "capacity_class": "medium", "scenario_width_m": 0.7, "scenario_depth_m": 0.45, "scenario_manning_n": 0.035, "capacity_effective_slope": 0.001746, "capacity_slope_floor": 0.001, "capacity_m3s": 0.1272696969192279, "capacity_scenario": "prototype_open_channel_base", "capacity_source": "synthetic_manning_scenario", "capacity_is_observed": 0 }, "geometry": { "type": "LineString", "coordinates": [ [ 376727.790579124644864, 2046681.902720903046429 ], [ 376727.790579124644864, 2046651.902720903046429 ] ] } },
{ "type": "Feature", "properties": { "drain_id": "RN_DRAIN_00065", "source_type": "dem_inferred_surface_flow", "is_inferred": true, "acc_cells": 32, "upstream_area_m2": 28394.668070211243, "length_m": 30.0, "start_elevation_m": 563.544, "end_elevation_m": 562.381, "elevation_drop_m": 1.164, "slope_m_per_m": 0.03879, "slope_percent": 3.879, "terrain_slope_deg": 3.207, "strahler_order": 1, "capacity_class": "low", "scenario_width_m": 0.4, "scenario_depth_m": 0.3, "scenario_manning_n": 0.035, "capacity_effective_slope": 0.03879, "capacity_slope_floor": 0.001, "capacity_m3s": 0.16428349070581968, "capacity_scenario": "prototype_open_channel_base", "capacity_source": "synthetic_manning_scenario", "capacity_is_observed": 0 }, "geometry": { "type": "LineString", "coordinates": [ [ 376907.790579124644864, 2046681.902720903046429 ], [ 376907.790579124644864, 2046651.902720903046429 ] ] } },
{ "type": "Feature", "properties": { "drain_id": "RN_DRAIN_00066", "source_type": "dem_inferred_surface_flow", "is_inferred": true, "acc_cells": 7752, "upstream_area_m2": 6976837.7263013795, "length_m": 42.43, "start_elevation_m": 543.557, "end_elevation_m": 543.483, "elevation_drop_m": 0.074, "slope_m_per_m": 0.001745, "slope_percent": 0.174, "terrain_slope_deg": 4.892, "strahler_order": 4, "capacity_class": "very_high", "scenario_width_m": 1.4, "scenario_depth_m": 0.8, "scenario_manning_n": 0.035, "capacity_effective_slope": 0.001745, "capacity_slope_floor": 0.001, "capacity_m3s": 0.69307282797684278, "capacity_scenario": "prototype_open_channel_base", "capacity_source": "synthetic_manning_scenario", "capacity_is_observed": 0 }, "geometry": { "type": "LineString", "coordinates": [ [ 377237.790579124644864, 2046681.902720903046429 ], [ 377267.790579124644864, 2046711.902720903046429 ] ] } },
{ "type": "Feature", "properties": { "drain_id": "RN_DRAIN_00067", "source_type": "dem_inferred_surface_flow", "is_inferred": true, "acc_cells": 3568, "upstream_area_m2": 3211148.4884176152, "length_m": 30.0, "start_elevation_m": 543.536, "end_elevation_m": 543.483, "elevation_drop_m": 0.052, "slope_m_per_m": 0.001746, "slope_percent": 0.175, "terrain_slope_deg": 4.892, "strahler_order": 1, "capacity_class": "low", "scenario_width_m": 0.4, "scenario_depth_m": 0.3, "scenario_manning_n": 0.035, "capacity_effective_slope": 0.001746, "capacity_slope_floor": 0.001, "capacity_m3s": 0.034854282915268278, "capacity_scenario": "prototype_open_channel_base", "capacity_source": "synthetic_manning_scenario", "capacity_is_observed": 0 }, "geometry": { "type": "LineString", "coordinates": [ [ 377267.790579124644864, 2046681.902720903046429 ], [ 377267.790579124644864, 2046711.902720903046429 ] ] } },
{ "type": "Feature", "properties": { "drain_id": "RN_DRAIN_00068", "source_type": "dem_inferred_surface_flow", "is_inferred": true, "acc_cells": 6109, "upstream_area_m2": 5498201.143628112, "length_m": 42.43, "start_elevation_m": 549.82, "end_elevation_m": 549.746, "elevation_drop_m": 0.074, "slope_m_per_m": 0.001745, "slope_percent": 0.174, "terrain_slope_deg": 7.828, "strahler_order": 3, "capacity_class": "high", "scenario_width_m": 1.0, "scenario_depth_m": 0.6, "scenario_manning_n": 0.035, "capacity_effective_slope": 0.001745, "capacity_slope_floor": 0.001, "capacity_m3s": 0.30116185815577506, "capacity_scenario": "prototype_open_channel_base", "capacity_source": "synthetic_manning_scenario", "capacity_is_observed": 0 }, "geometry": { "type": "LineString", "coordinates": [ [ 377477.790579124644864, 2046681.902720903046429 ], [ 377447.790579124644864, 2046711.902720903046429 ] ] } },
{ "type": "Feature", "properties": { "drain_id": "RN_DRAIN_00069", "source_type": "dem_inferred_surface_flow", "is_inferred": true, "acc_cells": 25, "upstream_area_m2": 22662.5982053025, "length_m": 30.0, "start_elevation_m": 564.279, "end_elevation_m": 563.485, "elevation_drop_m": 0.794, "slope_m_per_m": 0.026477, "slope_percent": 2.648, "terrain_slope_deg": 1.598, "strahler_order": 1, "capacity_class": "low", "scenario_width_m": 0.4, "scenario_depth_m": 0.3, "scenario_manning_n": 0.035, "capacity_effective_slope": 0.026477, "capacity_slope_floor": 0.001, "capacity_m3s": 0.13572767824149176, "capacity_scenario": "prototype_open_channel_base", "capacity_source": "synthetic_manning_scenario", "capacity_is_observed": 0 }, "geometry": { "type": "LineString", "coordinates": [ [ 377777.790579124644864, 2046681.902720903046429 ], [ 377777.790579124644864, 2046711.902720903046429 ] ] } },
{ "type": "Feature", "properties": { "drain_id": "RN_DRAIN_00070", "source_type": "dem_inferred_surface_flow", "is_inferred": true, "acc_cells": 77, "upstream_area_m2": 69619.537621543757, "length_m": 30.0, "start_elevation_m": 565.83, "end_elevation_m": 565.342, "elevation_drop_m": 0.489, "slope_m_per_m": 0.016294, "slope_percent": 1.629, "terrain_slope_deg": 0.993, "strahler_order": 2, "capacity_class": "medium", "scenario_width_m": 0.7, "scenario_depth_m": 0.45, "scenario_manning_n": 0.035, "capacity_effective_slope": 0.016294, "capacity_slope_floor": 0.001, "capacity_m3s": 0.38879148624817278, "capacity_scenario": "prototype_open_channel_base", "capacity_source": "synthetic_manning_scenario", "capacity_is_observed": 0 }, "geometry": { "type": "LineString", "coordinates": [ [ 377987.790579124644864, 2046681.902720903046429 ], [ 377987.790579124644864, 2046711.902720903046429 ] ] } },
{ "type": "Feature", "properties": { "drain_id": "RN_DRAIN_00071", "source_type": "dem_inferred_surface_flow", "is_inferred": true, "acc_cells": 109, "upstream_area_m2": 98336.358982088976, "length_m": 30.0, "start_elevation_m": 567.094, "end_elevation_m": 566.065, "elevation_drop_m": 1.029, "slope_m_per_m": 0.034298, "slope_percent": 3.43, "terrain_slope_deg": 2.706, "strahler_order": 2, "capacity_class": "medium", "scenario_width_m": 0.7, "scenario_depth_m": 0.45, "scenario_manning_n": 0.035, "capacity_effective_slope": 0.034298, "capacity_slope_floor": 0.001, "capacity_m3s": 0.56407556646068013, "capacity_scenario": "prototype_open_channel_base", "capacity_source": "synthetic_manning_scenario", "capacity_is_observed": 0 }, "geometry": { "type": "LineString", "coordinates": [ [ 378287.790579124644864, 2046681.902720903046429 ], [ 378287.790579124644864, 2046711.902720903046429 ] ] } },
{ "type": "Feature", "properties": { "drain_id": "RN_DRAIN_00072", "source_type": "dem_inferred_surface_flow", "is_inferred": true, "acc_cells": 256, "upstream_area_m2": 230266.64717364291, "length_m": 42.43, "start_elevation_m": 562.399, "end_elevation_m": 562.325, "elevation_drop_m": 0.074, "slope_m_per_m": 0.001745, "slope_percent": 0.174, "terrain_slope_deg": 2.653, "strahler_order": 2, "capacity_class": "medium", "scenario_width_m": 0.7, "scenario_depth_m": 0.45, "scenario_manning_n": 0.035, "capacity_effective_slope": 0.001745, "capacity_slope_floor": 0.001, "capacity_m3s": 0.12723324562335805, "capacity_scenario": "prototype_open_channel_base", "capacity_source": "synthetic_manning_scenario", "capacity_is_observed": 0 }, "geometry": { "type": "LineString", "coordinates": [ [ 376727.790579124644864, 2046651.902720903046429 ], [ 376757.790579124644864, 2046621.902720903046429 ] ] } },
{ "type": "Feature", "properties": { "drain_id": "RN_DRAIN_00073", "source_type": "dem_inferred_surface_flow", "is_inferred": true, "acc_cells": 27, "upstream_area_m2": 24028.143078405697, "length_m": 42.43, "start_elevation_m": 562.381, "end_elevation_m": 561.249, "elevation_drop_m": 1.132, "slope_m_per_m": 0.026681, "slope_percent": 2.668, "terrain_slope_deg": 1.658, "strahler_order": 1, "capacity_class": "low", "scenario_width_m": 0.4, "scenario_depth_m": 0.3, "scenario_manning_n": 0.035, "capacity_effective_slope": 0.026681, "capacity_slope_floor": 0.001, "capacity_m3s": 0.136249552270857, "capacity_scenario": "prototype_open_channel_base", "capacity_source": "synthetic_manning_scenario", "capacity_is_observed": 0 }, "geometry": { "type": "LineString", "coordinates": [ [ 376907.790579124644864, 2046651.902720903046429 ], [ 376937.790579124644864, 2046621.902720903046429 ] ] } },
{ "type": "Feature", "properties": { "drain_id": "RN_DRAIN_00074", "source_type": "dem_inferred_surface_flow", "is_inferred": true, "acc_cells": 4035, "upstream_area_m2": 3631388.2354264138, "length_m": 42.43, "start_elevation_m": 543.631, "end_elevation_m": 543.557, "elevation_drop_m": 0.074, "slope_m_per_m": 0.001745, "slope_percent": 0.174, "terrain_slope_deg": 2.282, "strahler_order": 1, "capacity_class": "low", "scenario_width_m": 0.4, "scenario_depth_m": 0.3, "scenario_manning_n": 0.035, "capacity_effective_slope": 0.001745, "capacity_slope_floor": 0.001, "capacity_m3s": 0.034844300305034812, "capacity_scenario": "prototype_open_channel_base", "capacity_source": "synthetic_manning_scenario", "capacity_is_observed": 0 }, "geometry": { "type": "LineString", "coordinates": [ [ 377207.790579124644864, 2046651.902720903046429 ], [ 377237.790579124644864, 2046681.902720903046429 ] ] } },
{ "type": "Feature", "properties": { "drain_id": "RN_DRAIN_00075", "source_type": "dem_inferred_surface_flow", "is_inferred": true, "acc_cells": 7275, "upstream_area_m2": 6547522.380706815, "length_m": 30.0, "start_elevation_m": 543.61, "end_elevation_m": 543.557, "elevation_drop_m": 0.052, "slope_m_per_m": 0.001746, "slope_percent": 0.175, "terrain_slope_deg": 2.282, "strahler_order": 4, "capacity_class": "very_high", "scenario_width_m": 1.4, "scenario_depth_m": 0.8, "scenario_manning_n": 0.035, "capacity_effective_slope": 0.001746, "capacity_slope_floor": 0.001, "capacity_m3s": 0.69327138773681873, "capacity_scenario": "prototype_open_channel_base", "capacity_source": "synthetic_manning_scenario", "capacity_is_observed": 0 }, "geometry": { "type": "LineString", "coordinates": [ [ 377237.790579124644864, 2046651.902720903046429 ], [ 377237.790579124644864, 2046681.902720903046429 ] ] } },
{ "type": "Feature", "properties": { "drain_id": "RN_DRAIN_00076", "source_type": "dem_inferred_surface_flow", "is_inferred": true, "acc_cells": 6102, "upstream_area_m2": 5491793.7636032831, "length_m": 30.0, "start_elevation_m": 549.873, "end_elevation_m": 549.82, "elevation_drop_m": 0.052, "slope_m_per_m": 0.001746, "slope_percent": 0.175, "terrain_slope_deg": 3.967, "strahler_order": 3, "capacity_class": "high", "scenario_width_m": 1.0, "scenario_depth_m": 0.6, "scenario_manning_n": 0.035, "capacity_effective_slope": 0.001746, "capacity_slope_floor": 0.001, "capacity_m3s": 0.30124813859248456, "capacity_scenario": "prototype_open_channel_base", "capacity_source": "synthetic_manning_scenario", "capacity_is_observed": 0 }, "geometry": { "type": "LineString", "coordinates": [ [ 377477.790579124644864, 2046651.902720903046429 ], [ 377477.790579124644864, 2046681.902720903046429 ] ] } },
{ "type": "Feature", "properties": { "drain_id": "RN_DRAIN_00077", "source_type": "dem_inferred_surface_flow", "is_inferred": true, "acc_cells": 75, "upstream_area_m2": 67385.048317244597, "length_m": 30.0, "start_elevation_m": 565.883, "end_elevation_m": 565.83, "elevation_drop_m": 0.052, "slope_m_per_m": 0.001746, "slope_percent": 0.175, "terrain_slope_deg": 1.164, "strahler_order": 2, "capacity_class": "medium", "scenario_width_m": 0.7, "scenario_depth_m": 0.45, "scenario_manning_n": 0.035, "capacity_effective_slope": 0.001746, "capacity_slope_floor": 0.001, "capacity_m3s": 0.1272696969192279, "capacity_scenario": "prototype_open_channel_base", "capacity_source": "synthetic_manning_scenario", "capacity_is_observed": 0 }, "geometry": { "type": "LineString", "coordinates": [ [ 377987.790579124644864, 2046651.902720903046429 ], [ 377987.790579124644864, 2046681.902720903046429 ] ] } },
{ "type": "Feature", "properties": { "drain_id": "RN_DRAIN_00078", "source_type": "dem_inferred_surface_flow", "is_inferred": true, "acc_cells": 108, "upstream_area_m2": 96834.261866050947, "length_m": 42.43, "start_elevation_m": 567.168, "end_elevation_m": 567.094, "elevation_drop_m": 0.074, "slope_m_per_m": 0.001745, "slope_percent": 0.174, "terrain_slope_deg": 4.678, "strahler_order": 2, "capacity_class": "medium", "scenario_width_m": 0.7, "scenario_depth_m": 0.45, "scenario_manning_n": 0.035, "capacity_effective_slope": 0.001745, "capacity_slope_floor": 0.001, "capacity_m3s": 0.12723324562335805, "capacity_scenario": "prototype_open_channel_base", "capacity_source": "synthetic_manning_scenario", "capacity_is_observed": 0 }, "geometry": { "type": "LineString", "coordinates": [ [ 378317.790579124644864, 2046651.902720903046429 ], [ 378287.790579124644864, 2046681.902720903046429 ] ] } },
{ "type": "Feature", "properties": { "drain_id": "RN_DRAIN_00079", "source_type": "dem_inferred_surface_flow", "is_inferred": true, "acc_cells": 34, "upstream_area_m2": 30661.068973425819, "length_m": 30.0, "start_elevation_m": 567.22, "end_elevation_m": 567.168, "elevation_drop_m": 0.052, "slope_m_per_m": 0.001746, "slope_percent": 0.175, "terrain_slope_deg": 3.529, "strahler_order": 1, "capacity_class": "low", "scenario_width_m": 0.4, "scenario_depth_m": 0.3, "scenario_manning_n": 0.035, "capacity_effective_slope": 0.001746, "capacity_slope_floor": 0.001, "capacity_m3s": 0.034854282915268278, "capacity_scenario": "prototype_open_channel_base", "capacity_source": "synthetic_manning_scenario", "capacity_is_observed": 0 }, "geometry": { "type": "LineString", "coordinates": [ [ 378347.790579124644864, 2046651.902720903046429 ], [ 378317.790579124644864, 2046651.902720903046429 ] ] } },
{ "type": "Feature", "properties": { "drain_id": "RN_DRAIN_00080", "source_type": "dem_inferred_surface_flow", "is_inferred": true, "acc_cells": 27, "upstream_area_m2": 23922.637884531447, "length_m": 40.19, "start_elevation_m": 567.272, "end_elevation_m": 567.242, "elevation_drop_m": 0.031, "slope_m_per_m": 0.000764, "slope_percent": 0.076, "terrain_slope_deg": 2.955, "strahler_order": 1, "capacity_class": "low", "scenario_width_m": 0.4, "scenario_depth_m": 0.3, "scenario_manning_n": 0.035, "capacity_effective_slope": 0.001, "capacity_slope_floor": 0.001, "capacity_m3s": 0.02637752433631995, "capacity_scenario": "prototype_open_channel_base", "capacity_source": "synthetic_manning_scenario", "capacity_is_observed": 0 }, "geometry": { "type": "LineString", "coordinates": [ [ 378376.211958743224386, 2046650.324100521625951 ], [ 378347.790579124644864, 2046621.902720903046429 ] ] } },
{ "type": "Feature", "properties": { "drain_id": "RN_DRAIN_00081", "source_type": "dem_inferred_surface_flow", "is_inferred": true, "acc_cells": 258, "upstream_area_m2": 232369.34584204532, "length_m": 30.0, "start_elevation_m": 562.325, "end_elevation_m": 561.51, "elevation_drop_m": 0.814, "slope_m_per_m": 0.027136, "slope_percent": 2.714, "terrain_slope_deg": 2.837, "strahler_order": 2, "capacity_class": "medium", "scenario_width_m": 0.7, "scenario_depth_m": 0.45, "scenario_manning_n": 0.035, "capacity_effective_slope": 0.027136, "capacity_slope_floor": 0.001, "capacity_m3s": 0.50173662654414508, "capacity_scenario": "prototype_open_channel_base", "capacity_source": "synthetic_manning_scenario", "capacity_is_observed": 0 }, "geometry": { "type": "LineString", "coordinates": [ [ 376757.790579124644864, 2046621.902720903046429 ], [ 376787.790579124644864, 2046621.902720903046429 ] ] } },
{ "type": "Feature", "properties": { "drain_id": "RN_DRAIN_00082", "source_type": "dem_inferred_surface_flow", "is_inferred": true, "acc_cells": 227, "upstream_area_m2": 203997.75689618781, "length_m": 30.0, "start_elevation_m": 561.51, "end_elevation_m": 561.458, "elevation_drop_m": 0.052, "slope_m_per_m": 0.001746, "slope_percent": 0.175, "terrain_slope_deg": 1.615, "strahler_order": 2, "capacity_class": "medium", "scenario_width_m": 0.7, "scenario_depth_m": 0.45, "scenario_manning_n": 0.035, "capacity_effective_slope": 0.001746, "capacity_slope_floor": 0.001, "capacity_m3s": 0.1272696969192279, "capacity_scenario": "prototype_open_channel_base", "capacity_source": "synthetic_manning_scenario", "capacity_is_observed": 0 }, "geometry": { "type": "LineString", "coordinates": [ [ 376787.790579124644864, 2046621.902720903046429 ], [ 376817.790579124644864, 2046621.902720903046429 ] ] } },
{ "type": "Feature", "properties": { "drain_id": "RN_DRAIN_00083", "source_type": "dem_inferred_surface_flow", "is_inferred": true, "acc_cells": 259, "upstream_area_m2": 233131.24001079728, "length_m": 30.0, "start_elevation_m": 561.458, "end_elevation_m": 561.406, "elevation_drop_m": 0.052, "slope_m_per_m": 0.001744, "slope_percent": 0.174, "terrain_slope_deg": 0.917, "strahler_order": 3, "capacity_class": "high", "scenario_width_m": 1.0, "scenario_depth_m": 0.6, "scenario_manning_n": 0.035, "capacity_effective_slope": 0.001744, "capacity_slope_floor": 0.001, "capacity_m3s": 0.30107555299333355, "capacity_scenario": "prototype_open_channel_base", "capacity_source": "synthetic_manning_scenario", "capacity_is_observed": 0 }, "geometry": { "type": "LineString", "coordinates": [ [ 376817.790579124644864, 2046621.902720903046429 ], [ 376847.790579124644864, 2046621.902720903046429 ] ] } },
{ "type": "Feature", "properties": { "drain_id": "RN_DRAIN_00084", "source_type": "dem_inferred_surface_flow", "is_inferred": true, "acc_cells": 301, "upstream_area_m2": 270515.16440607485, "length_m": 30.0, "start_elevation_m": 561.406, "end_elevation_m": 561.353, "elevation_drop_m": 0.052, "slope_m_per_m": 0.001746, "slope_percent": 0.175, "terrain_slope_deg": 0.766, "strahler_order": 3, "capacity_class": "high", "scenario_width_m": 1.0, "scenario_depth_m": 0.6, "scenario_manning_n": 0.035, "capacity_effective_slope": 0.001746, "capacity_slope_floor": 0.001, "capacity_m3s": 0.30124813859248456, "capacity_scenario": "prototype_open_channel_base", "capacity_source": "synthetic_manning_scenario", "capacity_is_observed": 0 }, "geometry": { "type": "LineString", "coordinates": [ [ 376847.790579124644864, 2046621.902720903046429 ], [ 376877.790579124644864, 2046621.902720903046429 ] ] } },
{ "type": "Feature", "properties": { "drain_id": "RN_DRAIN_00085", "source_type": "dem_inferred_surface_flow", "is_inferred": true, "acc_cells": 416, "upstream_area_m2": 374385.57364268042, "length_m": 30.0, "start_elevation_m": 561.353, "end_elevation_m": 561.301, "elevation_drop_m": 0.052, "slope_m_per_m": 0.001746, "slope_percent": 0.175, "terrain_slope_deg": 1.06, "strahler_order": 3, "capacity_class": "high", "scenario_width_m": 1.0, "scenario_depth_m": 0.6, "scenario_manning_n": 0.035, "capacity_effective_slope": 0.001746, "capacity_slope_floor": 0.001, "capacity_m3s": 0.30124813859248456, "capacity_scenario": "prototype_open_channel_base", "capacity_source": "synthetic_manning_scenario", "capacity_is_observed": 0 }, "geometry": { "type": "LineString", "coordinates": [ [ 376877.790579124644864, 2046621.902720903046429 ], [ 376907.790579124644864, 2046621.902720903046429 ] ] } },
{ "type": "Feature", "properties": { "drain_id": "RN_DRAIN_00086", "source_type": "dem_inferred_surface_flow", "is_inferred": true, "acc_cells": 433, "upstream_area_m2": 389602.13136041665, "length_m": 30.0, "start_elevation_m": 561.301, "end_elevation_m": 561.249, "elevation_drop_m": 0.052, "slope_m_per_m": 0.001746, "slope_percent": 0.175, "terrain_slope_deg": 1.658, "strahler_order": 3, "capacity_class": "high", "scenario_width_m": 1.0, "scenario_depth_m": 0.6, "scenario_manning_n": 0.035, "capacity_effective_slope": 0.001746, "capacity_slope_floor": 0.001, "capacity_m3s": 0.30124813859248456, "capacity_scenario": "prototype_open_channel_base", "capacity_source": "synthetic_manning_scenario", "capacity_is_observed": 0 }, "geometry": { "type": "LineString", "coordinates": [ [ 376907.790579124644864, 2046621.902720903046429 ], [ 376937.790579124644864, 2046621.902720903046429 ] ] } },
{ "type": "Feature", "properties": { "drain_id": "RN_DRAIN_00087", "source_type": "dem_inferred_surface_flow", "is_inferred": true, "acc_cells": 445, "upstream_area_m2": 400122.14380717149, "length_m": 30.0, "start_elevation_m": 561.249, "end_elevation_m": 558.935, "elevation_drop_m": 2.314, "slope_m_per_m": 0.077134, "slope_percent": 7.713, "terrain_slope_deg": 4.191, "strahler_order": 3, "capacity_class": "high", "scenario_width_m": 1.0, "scenario_depth_m": 0.6, "scenario_manning_n": 0.035, "capacity_effective_slope": 0.077134, "capacity_slope_floor": 0.001, "capacity_m3s": 2.0022817048293882, "capacity_scenario": "prototype_open_channel_base", "capacity_source": "synthetic_manning_scenario", "capacity_is_observed": 0 }, "geometry": { "type": "LineString", "coordinates": [ [ 376937.790579124644864, 2046621.902720903046429 ], [ 376967.790579124644864, 2046621.902720903046429 ] ] } },
{ "type": "Feature", "properties": { "drain_id": "RN_DRAIN_00088", "source_type": "dem_inferred_surface_flow", "is_inferred": true, "acc_cells": 429, "upstream_area_m2": 386279.38812344428, "length_m": 30.0, "start_elevation_m": 558.935, "end_elevation_m": 556.897, "elevation_drop_m": 2.038, "slope_m_per_m": 0.067928, "slope_percent": 6.793, "terrain_slope_deg": 4.006, "strahler_order": 3, "capacity_class": "high", "scenario_width_m": 1.0, "scenario_depth_m": 0.6, "scenario_manning_n": 0.035, "capacity_effective_slope": 0.067928, "capacity_slope_floor": 0.001, "capacity_m3s": 1.8789995078261279, "capacity_scenario": "prototype_open_channel_base", "capacity_source": "synthetic_manning_scenario", "capacity_is_observed": 0 }, "geometry": { "type": "LineString", "coordinates": [ [ 376967.790579124644864, 2046621.902720903046429 ], [ 376997.790579124644864, 2046621.902720903046429 ] ] } },
{ "type": "Feature", "properties": { "drain_id": "RN_DRAIN_00089", "source_type": "dem_inferred_surface_flow", "is_inferred": true, "acc_cells": 434, "upstream_area_m2": 390451.98033094988, "length_m": 30.0, "start_elevation_m": 556.897, "end_elevation_m": 554.951, "elevation_drop_m": 1.946, "slope_m_per_m": 0.06487, "slope_percent": 6.487, "terrain_slope_deg": 4.492, "strahler_order": 3, "capacity_class": "high", "scenario_width_m": 1.0, "scenario_depth_m": 0.6, "scenario_manning_n": 0.035, "capacity_effective_slope": 0.06487, "capacity_slope_floor": 0.001, "capacity_m3s": 1.8362178351593588, "capacity_scenario": "prototype_open_channel_base", "capacity_source": "synthetic_manning_scenario", "capacity_is_observed": 0 }, "geometry": { "type": "LineString", "coordinates": [ [ 376997.790579124644864, 2046621.902720903046429 ], [ 377027.790579124644864, 2046621.902720903046429 ] ] } },
{ "type": "Feature", "properties": { "drain_id": "RN_DRAIN_00090", "source_type": "dem_inferred_surface_flow", "is_inferred": true, "acc_cells": 387, "upstream_area_m2": 348210.10099122551, "length_m": 30.0, "start_elevation_m": 554.951, "end_elevation_m": 552.609, "elevation_drop_m": 2.342, "slope_m_per_m": 0.078066, "slope_percent": 7.807, "terrain_slope_deg": 4.073, "strahler_order": 3, "capacity_class": "high", "scenario_width_m": 1.0, "scenario_depth_m": 0.6, "scenario_manning_n": 0.035, "capacity_effective_slope": 0.078066, "capacity_slope_floor": 0.001, "capacity_m3s": 2.0143420369081957, "capacity_scenario": "prototype_open_channel_base", "capacity_source": "synthetic_manning_scenario", "capacity_is_observed": 0 }, "geometry": { "type": "LineString", "coordinates": [ [ 377027.790579124644864, 2046621.902720903046429 ], [ 377057.790579124644864, 2046621.902720903046429 ] ] } },
{ "type": "Feature", "properties": { "drain_id": "RN_DRAIN_00091", "source_type": "dem_inferred_surface_flow", "is_inferred": true, "acc_cells": 237, "upstream_area_m2": 213445.87366328959, "length_m": 42.43, "start_elevation_m": 552.609, "end_elevation_m": 549.833, "elevation_drop_m": 2.776, "slope_m_per_m": 0.065423, "slope_percent": 6.542, "terrain_slope_deg": 4.653, "strahler_order": 3, "capacity_class": "high", "scenario_width_m": 1.0, "scenario_depth_m": 0.6, "scenario_manning_n": 0.035, "capacity_effective_slope": 0.065423, "capacity_slope_floor": 0.001, "capacity_m3s": 1.8440278673135078, "capacity_scenario": "prototype_open_channel_base", "capacity_source": "synthetic_manning_scenario", "capacity_is_observed": 0 }, "geometry": { "type": "LineString", "coordinates": [ [ 377057.790579124644864, 2046621.902720903046429 ], [ 377087.790579124644864, 2046591.902720903046429 ] ] } },
{ "type": "Feature", "properties": { "drain_id": "RN_DRAIN_00092", "source_type": "dem_inferred_surface_flow", "is_inferred": true, "acc_cells": 55, "upstream_area_m2": 49485.526578149242, "length_m": 30.0, "start_elevation_m": 551.154, "end_elevation_m": 549.833, "elevation_drop_m": 1.321, "slope_m_per_m": 0.044033, "slope_percent": 4.403, "terrain_slope_deg": 4.653, "strahler_order": 1, "capacity_class": "low", "scenario_width_m": 0.4, "scenario_depth_m": 0.3, "scenario_manning_n": 0.035, "capacity_effective_slope": 0.044033, "capacity_slope_floor": 0.001, "capacity_m3s": 0.17503430320954919, "capacity_scenario": "prototype_open_channel_base", "capacity_source": "synthetic_manning_scenario", "capacity_is_observed": 0 }, "geometry": { "type": "LineString", "coordinates": [ [ 377087.790579124644864, 2046621.902720903046429 ], [ 377087.790579124644864, 2046591.902720903046429 ] ] } },
{ "type": "Feature", "properties": { "drain_id": "RN_DRAIN_00093", "source_type": "dem_inferred_surface_flow", "is_inferred": true, "acc_cells": 1930, "upstream_area_m2": 1736564.4705182055, "length_m": 42.43, "start_elevation_m": 543.705, "end_elevation_m": 543.631, "elevation_drop_m": 0.074, "slope_m_per_m": 0.001745, "slope_percent": 0.174, "terrain_slope_deg": 1.181, "strahler_order": 1, "capacity_class": "low", "scenario_width_m": 0.4, "scenario_depth_m": 0.3, "scenario_manning_n": 0.035, "capacity_effective_slope": 0.001745, "capacity_slope_floor": 0.001, "capacity_m3s": 0.034844300305034812, "capacity_scenario": "prototype_open_channel_base", "capacity_source": "synthetic_manning_scenario", "capacity_is_observed": 0 }, "geometry": { "type": "LineString", "coordinates": [ [ 377177.790579124644864, 2046621.902720903046429 ], [ 377207.790579124644864, 2046651.902720903046429 ] ] } },
{ "type": "Feature", "properties": { "drain_id": "RN_DRAIN_00094", "source_type": "dem_inferred_surface_flow", "is_inferred": true, "acc_cells": 3983, "upstream_area_m2": 3584541.0737263542, "length_m": 42.43, "start_elevation_m": 543.684, "end_elevation_m": 543.61, "elevation_drop_m": 0.074, "slope_m_per_m": 0.001745, "slope_percent": 0.174, "terrain_slope_deg": 4.873, "strahler_order": 1, "capacity_class": "low", "scenario_width_m": 0.4, "scenario_depth_m": 0.3, "scenario_manning_n": 0.035, "capacity_effective_slope": 0.001745, "capacity_slope_floor": 0.001, "capacity_m3s": 0.034844300305034812, "capacity_scenario": "prototype_open_channel_base", "capacity_source": "synthetic_manning_scenario", "capacity_is_observed": 0 }, "geometry": { "type": "LineString", "coordinates": [ [ 377207.790579124644864, 2046621.902720903046429 ], [ 377237.790579124644864, 2046651.902720903046429 ] ] } },
{ "type": "Feature", "properties": { "drain_id": "RN_DRAIN_00095", "source_type": "dem_inferred_surface_flow", "is_inferred": true, "acc_cells": 5386, "upstream_area_m2": 4847530.7500457037, "length_m": 30.0, "start_elevation_m": 543.662, "end_elevation_m": 543.61, "elevation_drop_m": 0.052, "slope_m_per_m": 0.001746, "slope_percent": 0.175, "terrain_slope_deg": 4.873, "strahler_order": 4, "capacity_class": "very_high", "scenario_width_m": 1.4, "scenario_depth_m": 0.8, "scenario_manning_n": 0.035, "capacity_effective_slope": 0.001746, "capacity_slope_floor": 0.001, "capacity_m3s": 0.69327138773681873, "capacity_scenario": "prototype_open_channel_base", "capacity_source": "synthetic_manning_scenario", "capacity_is_observed": 0 }, "geometry": { "type": "LineString", "coordinates": [ [ 377237.790579124644864, 2046621.902720903046429 ], [ 377237.790579124644864, 2046651.902720903046429 ] ] } },
{ "type": "Feature", "properties": { "drain_id": "RN_DRAIN_00096", "source_type": "dem_inferred_surface_flow", "is_inferred": true, "acc_cells": 81, "upstream_area_m2": 72486.687414677333, "length_m": 42.43, "start_elevation_m": 552.839, "end_elevation_m": 549.873, "elevation_drop_m": 2.966, "slope_m_per_m": 0.069903, "slope_percent": 6.99, "terrain_slope_deg": 3.361, "strahler_order": 1, "capacity_class": "low", "scenario_width_m": 0.4, "scenario_depth_m": 0.3, "scenario_manning_n": 0.035, "capacity_effective_slope": 0.069903, "capacity_slope_floor": 0.001, "capacity_m3s": 0.22053724232038369, "capacity_scenario": "prototype_open_channel_base", "capacity_source": "synthetic_manning_scenario", "capacity_is_observed": 0 }, "geometry": { "type": "LineString", "coordinates": [ [ 377447.790579124644864, 2046621.902720903046429 ], [ 377477.790579124644864, 2046651.902720903046429 ] ] } },
{ "type": "Feature", "properties": { "drain_id": "RN_DRAIN_00097", "source_type": "dem_inferred_surface_flow", "is_inferred": true, "acc_cells": 6070, "upstream_area_m2": 5463355.41270262, "length_m": 30.0, "start_elevation_m": 549.925, "end_elevation_m": 549.873, "elevation_drop_m": 0.052, "slope_m_per_m": 0.001746, "slope_percent": 0.175, "terrain_slope_deg": 3.361, "strahler_order": 3, "capacity_class": "high", "scenario_width_m": 1.0, "scenario_depth_m": 0.6, "scenario_manning_n": 0.035, "capacity_effective_slope": 0.001746, "capacity_slope_floor": 0.001, "capacity_m3s": 0.30124813859248456, "capacity_scenario": "prototype_open_channel_base", "capacity_source": "synthetic_manning_scenario", "capacity_is_observed": 0 }, "geometry": { "type": "LineString", "coordinates": [ [ 377477.790579124644864, 2046621.902720903046429 ], [ 377477.790579124644864, 2046651.902720903046429 ] ] } },
{ "type": "Feature", "properties": { "drain_id": "RN_DRAIN_00098", "source_type": "dem_inferred_surface_flow", "is_inferred": true, "acc_cells": 82, "upstream_area_m2": 74123.129188837294, "length_m": 42.43, "start_elevation_m": 553.192, "end_elevation_m": 549.873, "elevation_drop_m": 3.319, "slope_m_per_m": 0.078228, "slope_percent": 7.823, "terrain_slope_deg": 7.163, "strahler_order": 2, "capacity_class": "medium", "scenario_width_m": 0.7, "scenario_depth_m": 0.45, "scenario_manning_n": 0.035, "capacity_effective_slope": 0.078228, "capacity_slope_floor": 0.001, "capacity_m3s": 0.85189094836257284, "capacity_scenario": "prototype_open_channel_base", "capacity_source": "synthetic_manning_scenario", "capacity_is_observed": 0 }, "geometry": { "type": "LineString", "coordinates": [ [ 377507.790579124644864, 2046621.902720903046429 ], [ 377477.790579124644864, 2046651.902720903046429 ] ] } },
{ "type": "Feature", "properties": { "drain_id": "RN_DRAIN_00099", "source_type": "dem_inferred_surface_flow", "is_inferred": true, "acc_cells": 79, "upstream_area_m2": 71254.891896502246, "length_m": 30.0, "start_elevation_m": 556.832, "end_elevation_m": 553.192, "elevation_drop_m": 3.64, "slope_m_per_m": 0.121336, "slope_percent": 12.134, "terrain_slope_deg": 4.54, "strahler_order": 2, "capacity_class": "medium", "scenario_width_m": 0.7, "scenario_depth_m": 0.45, "scenario_manning_n": 0.035, "capacity_effective_slope": 0.121336, "capacity_slope_floor": 0.001, "capacity_m3s": 1.0609568644927327, "capacity_scenario": "prototype_open_channel_base", "capacity_source": "synthetic_manning_scenario", "capacity_is_observed": 0 }, "geometry": { "type": "LineString", "coordinates": [ [ 377537.790579124644864, 2046621.902720903046429 ], [ 377507.790579124644864, 2046621.902720903046429 ] ] } },
{ "type": "Feature", "properties": { "drain_id": "RN_DRAIN_00100", "source_type": "dem_inferred_surface_flow", "is_inferred": true, "acc_cells": 76, "upstream_area_m2": 68787.69164889786, "length_m": 30.0, "start_elevation_m": 557.964, "end_elevation_m": 556.832, "elevation_drop_m": 1.132, "slope_m_per_m": 0.037722, "slope_percent": 3.772, "terrain_slope_deg": 1.394, "strahler_order": 2, "capacity_class": "medium", "scenario_width_m": 0.7, "scenario_depth_m": 0.45, "scenario_manning_n": 0.035, "capacity_effective_slope": 0.037722, "capacity_slope_floor": 0.001, "capacity_m3s": 0.59156196866075861, "capacity_scenario": "prototype_open_channel_base", "capacity_source": "synthetic_manning_scenario", "capacity_is_observed": 0 }, "geometry": { "type": "LineString", "coordinates": [ [ 377567.790579124644864, 2046621.902720903046429 ], [ 377537.790579124644864, 2046621.902720903046429 ] ] } },
{ "type": "Feature", "properties": { "drain_id": "RN_DRAIN_00101", "source_type": "dem_inferred_surface_flow", "is_inferred": true, "acc_cells": 50, "upstream_area_m2": 44836.170679289775, "length_m": 30.0, "start_elevation_m": 558.527, "end_elevation_m": 557.964, "elevation_drop_m": 0.563, "slope_m_per_m": 0.018774, "slope_percent": 1.877, "terrain_slope_deg": 1.427, "strahler_order": 1, "capacity_class": "low", "scenario_width_m": 0.4, "scenario_depth_m": 0.3, "scenario_manning_n": 0.035, "capacity_effective_slope": 0.018774, "capacity_slope_floor": 0.001, "capacity_m3s": 0.11429110698380826, "capacity_scenario": "prototype_open_channel_base", "capacity_source": "synthetic_manning_scenario", "capacity_is_observed": 0 }, "geometry": { "type": "LineString", "coordinates": [ [ 377597.790579124644864, 2046621.902720903046429 ], [ 377567.790579124644864, 2046621.902720903046429 ] ] } },
{ "type": "Feature", "properties": { "drain_id": "RN_DRAIN_00102", "source_type": "dem_inferred_surface_flow", "is_inferred": true, "acc_cells": 71, "upstream_area_m2": 64142.665371950352, "length_m": 42.43, "start_elevation_m": 565.957, "end_elevation_m": 565.883, "elevation_drop_m": 0.074, "slope_m_per_m": 0.001745, "slope_percent": 0.174, "terrain_slope_deg": 0.369, "strahler_order": 2, "capacity_class": "medium", "scenario_width_m": 0.7, "scenario_depth_m": 0.45, "scenario_manning_n": 0.035, "capacity_effective_slope": 0.001745, "capacity_slope_floor": 0.001, "capacity_m3s": 0.12723324562335805, "capacity_scenario": "prototype_open_channel_base", "capacity_source": "synthetic_manning_scenario", "capacity_is_observed": 0 }, "geometry": { "type": "LineString", "coordinates": [ [ 378017.790579124644864, 2046621.902720903046429 ], [ 377987.790579124644864, 2046651.902720903046429 ] ] } },
{ "type": "Feature", "properties": { "drain_id": "RN_DRAIN_00103", "source_type": "dem_inferred_surface_flow", "is_inferred": true, "acc_cells": 28, "upstream_area_m2": 25385.949441282275, "length_m": 30.0, "start_elevation_m": 567.22, "end_elevation_m": 567.168, "elevation_drop_m": 0.052, "slope_m_per_m": 0.001746, "slope_percent": 0.175, "terrain_slope_deg": 6.366, "strahler_order": 1, "capacity_class": "low", "scenario_width_m": 0.4, "scenario_depth_m": 0.3, "scenario_manning_n": 0.035, "capacity_effective_slope": 0.001746, "capacity_slope_floor": 0.001, "capacity_m3s": 0.034854282915268278, "capacity_scenario": "prototype_open_channel_base", "capacity_source": "synthetic_manning_scenario", "capacity_is_observed": 0 }, "geometry": { "type": "LineString", "coordinates": [ [ 378317.790579124644864, 2046621.902720903046429 ], [ 378317.790579124644864, 2046651.902720903046429 ] ] } },
{ "type": "Feature", "properties": { "drain_id": "RN_DRAIN_00104", "source_type": "dem_inferred_surface_flow", "is_inferred": true, "acc_cells": 43, "upstream_area_m2": 38454.509892939452, "length_m": 42.43, "start_elevation_m": 567.242, "end_elevation_m": 567.168, "elevation_drop_m": 0.074, "slope_m_per_m": 0.001745, "slope_percent": 0.174, "terrain_slope_deg": 2.955, "strahler_order": 2, "capacity_class": "medium", "scenario_width_m": 0.7, "scenario_depth_m": 0.45, "scenario_manning_n": 0.035, "capacity_effective_slope": 0.001745, "capacity_slope_floor": 0.001, "capacity_m3s": 0.12723324562335805, "capacity_scenario": "prototype_open_channel_base", "capacity_source": "synthetic_manning_scenario", "capacity_is_observed": 0 }, "geometry": { "type": "LineString", "coordinates": [ [ 378347.790579124644864, 2046621.902720903046429 ], [ 378317.790579124644864, 2046651.902720903046429 ] ] } },
{ "type": "Feature", "properties": { "drain_id": "RN_DRAIN_00105", "source_type": "dem_inferred_surface_flow", "is_inferred": true, "acc_cells": 71, "upstream_area_m2": 64187.420216986815, "length_m": 42.43, "start_elevation_m": 561.532, "end_elevation_m": 561.458, "elevation_drop_m": 0.074, "slope_m_per_m": 0.001746, "slope_percent": 0.175, "terrain_slope_deg": 1.105, "strahler_order": 2, "capacity_class": "medium", "scenario_width_m": 0.7, "scenario_depth_m": 0.45, "scenario_manning_n": 0.035, "capacity_effective_slope": 0.001746, "capacity_slope_floor": 0.001, "capacity_m3s": 0.1272696969192279, "capacity_scenario": "prototype_open_channel_base", "capacity_source": "synthetic_manning_scenario", "capacity_is_observed": 0 }, "geometry": { "type": "LineString", "coordinates": [ [ 376787.790579124644864, 2046591.902720903046429 ], [ 376817.790579124644864, 2046621.902720903046429 ] ] } },
{ "type": "Feature", "properties": { "drain_id": "RN_DRAIN_00106", "source_type": "dem_inferred_surface_flow", "is_inferred": true, "acc_cells": 71, "upstream_area_m2": 64308.038625580593, "length_m": 42.43, "start_elevation_m": 561.48, "end_elevation_m": 561.406, "elevation_drop_m": 0.074, "slope_m_per_m": 0.001745, "slope_percent": 0.174, "terrain_slope_deg": 1.588, "strahler_order": 1, "capacity_class": "low", "scenario_width_m": 0.4, "scenario_depth_m": 0.3, "scenario_manning_n": 0.035, "capacity_effective_slope": 0.001745, "capacity_slope_floor": 0.001, "capacity_m3s": 0.034844300305034812, "capacity_scenario": "prototype_open_channel_base", "capacity_source": "synthetic_manning_scenario", "capacity_is_observed": 0 }, "geometry": { "type": "LineString", "coordinates": [ [ 376817.790579124644864, 2046591.902720903046429 ], [ 376847.790579124644864, 2046621.902720903046429 ] ] } },
{ "type": "Feature", "properties": { "drain_id": "RN_DRAIN_00107", "source_type": "dem_inferred_surface_flow", "is_inferred": true, "acc_cells": 107, "upstream_area_m2": 96142.610587500152, "length_m": 42.43, "start_elevation_m": 561.427, "end_elevation_m": 561.353, "elevation_drop_m": 0.074, "slope_m_per_m": 0.001745, "slope_percent": 0.174, "terrain_slope_deg": 1.634, "strahler_order": 1, "capacity_class": "low", "scenario_width_m": 0.4, "scenario_depth_m": 0.3, "scenario_manning_n": 0.035, "capacity_effective_slope": 0.001745, "capacity_slope_floor": 0.001, "capacity_m3s": 0.034844300305034812, "capacity_scenario": "prototype_open_channel_base", "capacity_source": "synthetic_manning_scenario", "capacity_is_observed": 0 }, "geometry": { "type": "LineString", "coordinates": [ [ 376847.790579124644864, 2046591.902720903046429 ], [ 376877.790579124644864, 2046621.902720903046429 ] ] } },
{ "type": "Feature", "properties": { "drain_id": "RN_DRAIN_00108", "source_type": "dem_inferred_surface_flow", "is_inferred": true, "acc_cells": 60, "upstream_area_m2": 54017.18363060883, "length_m": 30.0, "start_elevation_m": 555.071, "end_elevation_m": 554.951, "elevation_drop_m": 0.12, "slope_m_per_m": 0.004006, "slope_percent": 0.401, "terrain_slope_deg": 5.409, "strahler_order": 1, "capacity_class": "low", "scenario_width_m": 0.4, "scenario_depth_m": 0.3, "scenario_manning_n": 0.035, "capacity_effective_slope": 0.004006, "capacity_slope_floor": 0.001, "capacity_m3s": 0.052794600132904539, "capacity_scenario": "prototype_open_channel_base", "capacity_source": "synthetic_manning_scenario", "capacity_is_observed": 0 }, "geometry": { "type": "LineString", "coordinates": [ [ 377027.790579124644864, 2046591.902720903046429 ], [ 377027.790579124644864, 2046621.902720903046429 ] ] } },
{ "type": "Feature", "properties": { "drain_id": "RN_DRAIN_00109", "source_type": "dem_inferred_surface_flow", "is_inferred": true, "acc_cells": 208, "upstream_area_m2": 187283.25781747696, "length_m": 30.0, "start_elevation_m": 551.847, "end_elevation_m": 549.833, "elevation_drop_m": 2.014, "slope_m_per_m": 0.067149, "slope_percent": 6.715, "terrain_slope_deg": 4.653, "strahler_order": 1, "capacity_class": "low", "scenario_width_m": 0.4, "scenario_depth_m": 0.3, "scenario_manning_n": 0.035, "capacity_effective_slope": 0.067149, "capacity_slope_floor": 0.001, "capacity_m3s": 0.216149286911403, "capacity_scenario": "prototype_open_channel_base", "capacity_source": "synthetic_manning_scenario", "capacity_is_observed": 0 }, "geometry": { "type": "LineString", "coordinates": [ [ 377057.790579124644864, 2046591.902720903046429 ], [ 377087.790579124644864, 2046591.902720903046429 ] ] } },
{ "type": "Feature", "properties": { "drain_id": "RN_DRAIN_00110", "source_type": "dem_inferred_surface_flow", "is_inferred": true, "acc_cells": 278, "upstream_area_m2": 249991.99066743083, "length_m": 42.43, "start_elevation_m": 549.833, "end_elevation_m": 546.172, "elevation_drop_m": 3.661, "slope_m_per_m": 0.086289, "slope_percent": 8.629, "terrain_slope_deg": 6.013, "strahler_order": 3, "capacity_class": "high", "scenario_width_m": 1.0, "scenario_depth_m": 0.6, "scenario_manning_n": 0.035, "capacity_effective_slope": 0.086289, "capacity_slope_floor": 0.001, "capacity_m3s": 2.117775746980934, "capacity_scenario": "prototype_open_channel_base", "capacity_source": "synthetic_manning_scenario", "capacity_is_observed": 0 }, "geometry": { "type": "LineString", "coordinates": [ [ 377087.790579124644864, 2046591.902720903046429 ], [ 377117.790579124644864, 2046561.902720903046429 ] ] } },
{ "type": "Feature", "properties": { "drain_id": "RN_DRAIN_00111", "source_type": "dem_inferred_surface_flow", "is_inferred": true, "acc_cells": 133, "upstream_area_m2": 119778.50503118183, "length_m": 42.43, "start_elevation_m": 547.558, "end_elevation_m": 543.832, "elevation_drop_m": 3.726, "slope_m_per_m": 0.087826, "slope_percent": 8.783, "terrain_slope_deg": 5.989, "strahler_order": 1, "capacity_class": "low", "scenario_width_m": 0.4, "scenario_depth_m": 0.3, "scenario_manning_n": 0.035, "capacity_effective_slope": 0.087826, "capacity_slope_floor": 0.001, "capacity_m3s": 0.24719835940086179, "capacity_scenario": "prototype_open_channel_base", "capacity_source": "synthetic_manning_scenario", "capacity_is_observed": 0 }, "geometry": { "type": "LineString", "coordinates": [ [ 377117.790579124644864, 2046591.902720903046429 ], [ 377147.790579124644864, 2046561.902720903046429 ] ] } },
{ "type": "Feature", "properties": { "drain_id": "RN_DRAIN_00112", "source_type": "dem_inferred_surface_flow", "is_inferred": true, "acc_cells": 441, "upstream_area_m2": 396800.78050188837, "length_m": 30.0, "start_elevation_m": 543.779, "end_elevation_m": 543.758, "elevation_drop_m": 0.022, "slope_m_per_m": 0.000724, "slope_percent": 0.072, "terrain_slope_deg": 2.187, "strahler_order": 1, "capacity_class": "low", "scenario_width_m": 0.4, "scenario_depth_m": 0.3, "scenario_manning_n": 0.035, "capacity_effective_slope": 0.001, "capacity_slope_floor": 0.001, "capacity_m3s": 0.02637752433631995, "capacity_scenario": "prototype_open_channel_base", "capacity_source": "synthetic_manning_scenario", "capacity_is_observed": 0 }, "geometry": { "type": "LineString", "coordinates": [ [ 377147.790579124644864, 2046591.902720903046429 ], [ 377177.790579124644864, 2046591.902720903046429 ] ] } },
{ "type": "Feature", "properties": { "drain_id": "RN_DRAIN_00113", "source_type": "dem_inferred_surface_flow", "is_inferred": true, "acc_cells": 2831, "upstream_area_m2": 2548335.4643311347, "length_m": 30.0, "start_elevation_m": 543.758, "end_elevation_m": 543.736, "elevation_drop_m": 0.022, "slope_m_per_m": 0.000722, "slope_percent": 0.072, "terrain_slope_deg": 3.967, "strahler_order": 1, "capacity_class": "low", "scenario_width_m": 0.4, "scenario_depth_m": 0.3, "scenario_manning_n": 0.035, "capacity_effective_slope": 0.001, "capacity_slope_floor": 0.001, "capacity_m3s": 0.02637752433631995, "capacity_scenario": "prototype_open_channel_base", "capacity_source": "synthetic_manning_scenario", "capacity_is_observed": 0 }, "geometry": { "type": "LineString", "coordinates": [ [ 377177.790579124644864, 2046591.902720903046429 ], [ 377207.790579124644864, 2046591.902720903046429 ] ] } },
{ "type": "Feature", "properties": { "drain_id": "RN_DRAIN_00114", "source_type": "dem_inferred_surface_flow", "is_inferred": true, "acc_cells": 5289, "upstream_area_m2": 4760272.1598242838, "length_m": 42.43, "start_elevation_m": 543.736, "end_elevation_m": 543.662, "elevation_drop_m": 0.074, "slope_m_per_m": 0.001745, "slope_percent": 0.174, "terrain_slope_deg": 6.016, "strahler_order": 4, "capacity_class": "very_high", "scenario_width_m": 1.4, "scenario_depth_m": 0.8, "scenario_manning_n": 0.035, "capacity_effective_slope": 0.001745, "capacity_slope_floor": 0.001, "capacity_m3s": 0.69307282797684278, "capacity_scenario": "prototype_open_channel_base", "capacity_source": "synthetic_manning_scenario", "capacity_is_observed": 0 }, "geometry": { "type": "LineString", "coordinates": [ [ 377207.790579124644864, 2046591.902720903046429 ], [ 377237.790579124644864, 2046621.902720903046429 ] ] } },
{ "type": "Feature", "properties": { "drain_id": "RN_DRAIN_00115", "source_type": "dem_inferred_surface_flow", "is_inferred": true, "acc_cells": 2737, "upstream_area_m2": 2463612.1639499161, "length_m": 30.0, "start_elevation_m": 543.714, "end_elevation_m": 543.662, "elevation_drop_m": 0.052, "slope_m_per_m": 0.001746, "slope_percent": 0.175, "terrain_slope_deg": 6.016, "strahler_order": 1, "capacity_class": "low", "scenario_width_m": 0.4, "scenario_depth_m": 0.3, "scenario_manning_n": 0.035, "capacity_effective_slope": 0.001746, "capacity_slope_floor": 0.001, "capacity_m3s": 0.034854282915268278, "capacity_scenario": "prototype_open_channel_base", "capacity_source": "synthetic_manning_scenario", "capacity_is_observed": 0 }, "geometry": { "type": "LineString", "coordinates": [ [ 377237.790579124644864, 2046591.902720903046429 ], [ 377237.790579124644864, 2046621.902720903046429 ] ] } },
{ "type": "Feature", "properties": { "drain_id": "RN_DRAIN_00116", "source_type": "dem_inferred_surface_flow", "is_inferred": true, "acc_cells": 5955, "upstream_area_m2": 5359237.0715004457, "length_m": 42.43, "start_elevation_m": 554.066, "end_elevation_m": 549.925, "elevation_drop_m": 4.141, "slope_m_per_m": 0.097599, "slope_percent": 9.76, "terrain_slope_deg": 5.594, "strahler_order": 3, "capacity_class": "high", "scenario_width_m": 1.0, "scenario_depth_m": 0.6, "scenario_manning_n": 0.035, "capacity_effective_slope": 0.097599, "capacity_slope_floor": 0.001, "capacity_m3s": 2.2522932556240725, "capacity_scenario": "prototype_open_channel_base", "capacity_source": "synthetic_manning_scenario", "capacity_is_observed": 0 }, "geometry": { "type": "LineString", "coordinates": [ [ 377447.790579124644864, 2046591.902720903046429 ], [ 377477.790579124644864, 2046621.902720903046429 ] ] } },
{ "type": "Feature", "properties": { "drain_id": "RN_DRAIN_00117", "source_type": "dem_inferred_surface_flow", "is_inferred": true, "acc_cells": 55, "upstream_area_m2": 49354.144008564996, "length_m": 30.0, "start_elevation_m": 553.547, "end_elevation_m": 549.925, "elevation_drop_m": 3.621, "slope_m_per_m": 0.120715, "slope_percent": 12.072, "terrain_slope_deg": 5.594, "strahler_order": 1, "capacity_class": "low", "scenario_width_m": 0.4, "scenario_depth_m": 0.3, "scenario_manning_n": 0.035, "capacity_effective_slope": 0.120715, "capacity_slope_floor": 0.001, "capacity_m3s": 0.28981085741136248, "capacity_scenario": "prototype_open_channel_base", "capacity_source": "synthetic_manning_scenario", "capacity_is_observed": 0 }, "geometry": { "type": "LineString", "coordinates": [ [ 377477.790579124644864, 2046591.902720903046429 ], [ 377477.790579124644864, 2046621.902720903046429 ] ] } },
{ "type": "Feature", "properties": { "drain_id": "RN_DRAIN_00118", "source_type": "dem_inferred_surface_flow", "is_inferred": true, "acc_cells": 28, "upstream_area_m2": 24895.260298490139, "length_m": 42.43, "start_elevation_m": 560.547, "end_elevation_m": 557.964, "elevation_drop_m": 2.583, "slope_m_per_m": 0.060877, "slope_percent": 6.088, "terrain_slope_deg": 2.57, "strahler_order": 1, "capacity_class": "low", "scenario_width_m": 0.4, "scenario_depth_m": 0.3, "scenario_manning_n": 0.035, "capacity_effective_slope": 0.060877, "capacity_slope_floor": 0.001, "capacity_m3s": 0.20580724239131704, "capacity_scenario": "prototype_open_channel_base", "capacity_source": "synthetic_manning_scenario", "capacity_is_observed": 0 }, "geometry": { "type": "LineString", "coordinates": [ [ 377597.790579124644864, 2046591.902720903046429 ], [ 377567.790579124644864, 2046621.902720903046429 ] ] } },
{ "type": "Feature", "properties": { "drain_id": "RN_DRAIN_00119", "source_type": "dem_inferred_surface_flow", "is_inferred": true, "acc_cells": 65, "upstream_area_m2": 58800.433350908614, "length_m": 30.0, "start_elevation_m": 566.009, "end_elevation_m": 565.957, "elevation_drop_m": 0.052, "slope_m_per_m": 0.001746, "slope_percent": 0.175, "terrain_slope_deg": 1.673, "strahler_order": 2, "capacity_class": "medium", "scenario_width_m": 0.7, "scenario_depth_m": 0.45, "scenario_manning_n": 0.035, "capacity_effective_slope": 0.001746, "capacity_slope_floor": 0.001, "capacity_m3s": 0.1272696969192279, "capacity_scenario": "prototype_open_channel_base", "capacity_source": "synthetic_manning_scenario", "capacity_is_observed": 0 }, "geometry": { "type": "LineString", "coordinates": [ [ 378017.790579124644864, 2046591.902720903046429 ], [ 378017.790579124644864, 2046621.902720903046429 ] ] } },
{ "type": "Feature", "properties": { "drain_id": "RN_DRAIN_00120", "source_type": "dem_inferred_surface_flow", "is_inferred": true, "acc_cells": 30, "upstream_area_m2": 27404.390255745391, "length_m": 42.43, "start_elevation_m": 567.316, "end_elevation_m": 567.242, "elevation_drop_m": 0.074, "slope_m_per_m": 0.001746, "slope_percent": 0.175, "terrain_slope_deg": 0.971, "strahler_order": 1, "capacity_class": "low", "scenario_width_m": 0.4, "scenario_depth_m": 0.3, "scenario_manning_n": 0.035, "capacity_effective_slope": 0.001746, "capacity_slope_floor": 0.001, "capacity_m3s": 0.034854282915268278, "capacity_scenario": "prototype_open_channel_base", "capacity_source": "synthetic_manning_scenario", "capacity_is_observed": 0 }, "geometry": { "type": "LineString", "coordinates": [ [ 378377.790579124644864, 2046591.902720903046429 ], [ 378347.790579124644864, 2046621.902720903046429 ] ] } },
{ "type": "Feature", "properties": { "drain_id": "RN_DRAIN_00121", "source_type": "dem_inferred_surface_flow", "is_inferred": true, "acc_cells": 68, "upstream_area_m2": 61325.263167777026, "length_m": 42.43, "start_elevation_m": 561.606, "end_elevation_m": 561.532, "elevation_drop_m": 0.074, "slope_m_per_m": 0.001745, "slope_percent": 0.174, "terrain_slope_deg": 0.989, "strahler_order": 2, "capacity_class": "medium", "scenario_width_m": 0.7, "scenario_depth_m": 0.45, "scenario_manning_n": 0.035, "capacity_effective_slope": 0.001745, "capacity_slope_floor": 0.001, "capacity_m3s": 0.12723324562335805, "capacity_scenario": "prototype_open_channel_base", "capacity_source": "synthetic_manning_scenario", "capacity_is_observed": 0 }, "geometry": { "type": "LineString", "coordinates": [ [ 376757.790579124644864, 2046561.902720903046429 ], [ 376787.790579124644864, 2046591.902720903046429 ] ] } },
{ "type": "Feature", "properties": { "drain_id": "RN_DRAIN_00122", "source_type": "dem_inferred_surface_flow", "is_inferred": true, "acc_cells": 68, "upstream_area_m2": 61105.157560307816, "length_m": 42.43, "start_elevation_m": 561.554, "end_elevation_m": 561.48, "elevation_drop_m": 0.074, "slope_m_per_m": 0.001745, "slope_percent": 0.174, "terrain_slope_deg": 2.85, "strahler_order": 1, "capacity_class": "low", "scenario_width_m": 0.4, "scenario_depth_m": 0.3, "scenario_manning_n": 0.035, "capacity_effective_slope": 0.001745, "capacity_slope_floor": 0.001, "capacity_m3s": 0.034844300305034812, "capacity_scenario": "prototype_open_channel_base", "capacity_source": "synthetic_manning_scenario", "capacity_is_observed": 0 }, "geometry": { "type": "LineString", "coordinates": [ [ 376787.790579124644864, 2046561.902720903046429 ], [ 376817.790579124644864, 2046591.902720903046429 ] ] } },
{ "type": "Feature", "properties": { "drain_id": "RN_DRAIN_00123", "source_type": "dem_inferred_surface_flow", "is_inferred": true, "acc_cells": 64, "upstream_area_m2": 57421.680149288026, "length_m": 42.43, "start_elevation_m": 561.501, "end_elevation_m": 561.427, "elevation_drop_m": 0.074, "slope_m_per_m": 0.001745, "slope_percent": 0.174, "terrain_slope_deg": 2.436, "strahler_order": 1, "capacity_class": "low", "scenario_width_m": 0.4, "scenario_depth_m": 0.3, "scenario_manning_n": 0.035, "capacity_effective_slope": 0.001745, "capacity_slope_floor": 0.001, "capacity_m3s": 0.034844300305034812, "capacity_scenario": "prototype_open_channel_base", "capacity_source": "synthetic_manning_scenario", "capacity_is_observed": 0 }, "geometry": { "type": "LineString", "coordinates": [ [ 376817.790579124644864, 2046561.902720903046429 ], [ 376847.790579124644864, 2046591.902720903046429 ] ] } },
{ "type": "Feature", "properties": { "drain_id": "RN_DRAIN_00124", "source_type": "dem_inferred_surface_flow", "is_inferred": true, "acc_cells": 144, "upstream_area_m2": 129223.83044194466, "length_m": 30.0, "start_elevation_m": 548.753, "end_elevation_m": 546.172, "elevation_drop_m": 2.581, "slope_m_per_m": 0.086031, "slope_percent": 8.603, "terrain_slope_deg": 6.013, "strahler_order": 1, "capacity_class": "low", "scenario_width_m": 0.4, "scenario_depth_m": 0.3, "scenario_manning_n": 0.035, "capacity_effective_slope": 0.086031, "capacity_slope_floor": 0.001, "capacity_m3s": 0.24465918118318086, "capacity_scenario": "prototype_open_channel_base", "capacity_source": "synthetic_manning_scenario", "capacity_is_observed": 0 }, "geometry": { "type": "LineString", "coordinates": [ [ 377087.790579124644864, 2046561.902720903046429 ], [ 377117.790579124644864, 2046561.902720903046429 ] ] } },
{ "type": "Feature", "properties": { "drain_id": "RN_DRAIN_00125", "source_type": "dem_inferred_surface_flow", "is_inferred": true, "acc_cells": 287, "upstream_area_m2": 258302.53847832058, "length_m": 30.0, "start_elevation_m": 546.172, "end_elevation_m": 543.832, "elevation_drop_m": 2.34, "slope_m_per_m": 0.077993, "slope_percent": 7.799, "terrain_slope_deg": 5.989, "strahler_order": 3, "capacity_class": "high", "scenario_width_m": 1.0, "scenario_depth_m": 0.6, "scenario_manning_n": 0.035, "capacity_effective_slope": 0.077993, "capacity_slope_floor": 0.001, "capacity_m3s": 2.0134000047757108, "capacity_scenario": "prototype_open_channel_base", "capacity_source": "synthetic_manning_scenario", "capacity_is_observed": 0 }, "geometry": { "type": "LineString", "coordinates": [ [ 377117.790579124644864, 2046561.902720903046429 ], [ 377147.790579124644864, 2046561.902720903046429 ] ] } },
{ "type": "Feature", "properties": { "drain_id": "RN_DRAIN_00126", "source_type": "dem_inferred_surface_flow", "is_inferred": true, "acc_cells": 457, "upstream_area_m2": 411292.90848021721, "length_m": 30.0, "start_elevation_m": 543.832, "end_elevation_m": 543.81, "elevation_drop_m": 0.022, "slope_m_per_m": 0.000722, "slope_percent": 0.072, "terrain_slope_deg": 0.855, "strahler_order": 3, "capacity_class": "high", "scenario_width_m": 1.0, "scenario_depth_m": 0.6, "scenario_manning_n": 0.035, "capacity_effective_slope": 0.001, "capacity_slope_floor": 0.001, "capacity_m3s": 0.22798288882636691, "capacity_scenario": "prototype_open_channel_base", "capacity_source": "synthetic_manning_scenario", "capacity_is_observed": 0 }, "geometry": { "type": "LineString", "coordinates": [ [ 377147.790579124644864, 2046561.902720903046429 ], [ 377177.790579124644864, 2046561.902720903046429 ] ] } },
{ "type": "Feature", "properties": { "drain_id": "RN_DRAIN_00127", "source_type": "dem_inferred_surface_flow", "is_inferred": true, "acc_cells": 5303, "upstream_area_m2": 4772330.2472117087, "length_m": 30.0, "start_elevation_m": 543.81, "end_elevation_m": 543.788, "elevation_drop_m": 0.022, "slope_m_per_m": 0.000722, "slope_percent": 0.072, "terrain_slope_deg": 4.917, "strahler_order": 3, "capacity_class": "high", "scenario_width_m": 1.0, "scenario_depth_m": 0.6, "scenario_manning_n": 0.035, "capacity_effective_slope": 0.001, "capacity_slope_floor": 0.001, "capacity_m3s": 0.22798288882636691, "capacity_scenario": "prototype_open_channel_base", "capacity_source": "synthetic_manning_scenario", "capacity_is_observed": 0 }, "geometry": { "type": "LineString", "coordinates": [ [ 377177.790579124644864, 2046561.902720903046429 ], [ 377207.790579124644864, 2046561.902720903046429 ] ] } },
{ "type": "Feature", "properties": { "drain_id": "RN_DRAIN_00128", "source_type": "dem_inferred_surface_flow", "is_inferred": true, "acc_cells": 5337, "upstream_area_m2": 4803488.9536895985, "length_m": 30.0, "start_elevation_m": 543.788, "end_elevation_m": 543.736, "elevation_drop_m": 0.052, "slope_m_per_m": 0.001746, "slope_percent": 0.175, "terrain_slope_deg": 4.917, "strahler_order": 4, "capacity_class": "very_high", "scenario_width_m": 1.4, "scenario_depth_m": 0.8, "scenario_manning_n": 0.035, "capacity_effective_slope": 0.001746, "capacity_slope_floor": 0.001, "capacity_m3s": 0.69327138773681873, "capacity_scenario": "prototype_open_channel_base", "capacity_source": "synthetic_manning_scenario", "capacity_is_observed": 0 }, "geometry": { "type": "LineString", "coordinates": [ [ 377207.790579124644864, 2046561.902720903046429 ], [ 377207.790579124644864, 2046591.902720903046429 ] ] } },
{ "type": "Feature", "properties": { "drain_id": "RN_DRAIN_00129", "source_type": "dem_inferred_surface_flow", "is_inferred": true, "acc_cells": 630, "upstream_area_m2": 567300.89767849888, "length_m": 30.0, "start_elevation_m": 555.686, "end_elevation_m": 554.987, "elevation_drop_m": 0.699, "slope_m_per_m": 0.023305, "slope_percent": 2.331, "terrain_slope_deg": 1.732, "strahler_order": 1, "capacity_class": "low", "scenario_width_m": 0.4, "scenario_depth_m": 0.3, "scenario_manning_n": 0.035, "capacity_effective_slope": 0.023305, "capacity_slope_floor": 0.001, "capacity_m3s": 0.12733816465846753, "capacity_scenario": "prototype_open_channel_base", "capacity_source": "synthetic_manning_scenario", "capacity_is_observed": 0 }, "geometry": { "type": "LineString", "coordinates": [ [ 377387.790579124644864, 2046561.902720903046429 ], [ 377417.790579124644864, 2046561.902720903046429 ] ] } },
{ "type": "Feature", "properties": { "drain_id": "RN_DRAIN_00130", "source_type": "dem_inferred_surface_flow", "is_inferred": true, "acc_cells": 5947, "upstream_area_m2": 5352698.8618884301, "length_m": 42.43, "start_elevation_m": 554.987, "end_elevation_m": 554.066, "elevation_drop_m": 0.921, "slope_m_per_m": 0.0217, "slope_percent": 2.17, "terrain_slope_deg": 4.121, "strahler_order": 3, "capacity_class": "high", "scenario_width_m": 1.0, "scenario_depth_m": 0.6, "scenario_manning_n": 0.035, "capacity_effective_slope": 0.0217, "capacity_slope_floor": 0.001, "capacity_m3s": 1.0620185911123488, "capacity_scenario": "prototype_open_channel_base", "capacity_source": "synthetic_manning_scenario", "capacity_is_observed": 0 }, "geometry": { "type": "LineString", "coordinates": [ [ 377417.790579124644864, 2046561.902720903046429 ], [ 377447.790579124644864, 2046591.902720903046429 ] ] } },
{ "type": "Feature", "properties": { "drain_id": "RN_DRAIN_00131", "source_type": "dem_inferred_surface_flow", "is_inferred": true, "acc_cells": 56, "upstream_area_m2": 50212.126529900976, "length_m": 42.43, "start_elevation_m": 557.231, "end_elevation_m": 554.066, "elevation_drop_m": 3.165, "slope_m_per_m": 0.07459, "slope_percent": 7.459, "terrain_slope_deg": 4.443, "strahler_order": 1, "capacity_class": "low", "scenario_width_m": 0.4, "scenario_depth_m": 0.3, "scenario_manning_n": 0.035, "capacity_effective_slope": 0.07459, "capacity_slope_floor": 0.001, "capacity_m3s": 0.22781081406408252, "capacity_scenario": "prototype_open_channel_base", "capacity_source": "synthetic_manning_scenario", "capacity_is_observed": 0 }, "geometry": { "type": "LineString", "coordinates": [ [ 377477.790579124644864, 2046561.902720903046429 ], [ 377447.790579124644864, 2046591.902720903046429 ] ] } },
{ "type": "Feature", "properties": { "drain_id": "RN_DRAIN_00132", "source_type": "dem_inferred_surface_flow", "is_inferred": true, "acc_cells": 74, "upstream_area_m2": 66294.311185444589, "length_m": 42.43, "start_elevation_m": 561.478, "end_elevation_m": 560.498, "elevation_drop_m": 0.98, "slope_m_per_m": 0.023094, "slope_percent": 2.309, "terrain_slope_deg": 2.02, "strahler_order": 1, "capacity_class": "low", "scenario_width_m": 0.4, "scenario_depth_m": 0.3, "scenario_manning_n": 0.035, "capacity_effective_slope": 0.023094, "capacity_slope_floor": 0.001, "capacity_m3s": 0.1267604035528174, "capacity_scenario": "prototype_open_channel_base", "capacity_source": "synthetic_manning_scenario", "capacity_is_observed": 0 }, "geometry": { "type": "LineString", "coordinates": [ [ 377627.790579124644864, 2046561.902720903046429 ], [ 377597.790579124644864, 2046531.902720903046429 ] ] } },
{ "type": "Feature", "properties": { "drain_id": "RN_DRAIN_00133", "source_type": "dem_inferred_surface_flow", "is_inferred": true, "acc_cells": 29, "upstream_area_m2": 26463.173831851094, "length_m": 30.0, "start_elevation_m": 566.062, "end_elevation_m": 566.009, "elevation_drop_m": 0.052, "slope_m_per_m": 0.001746, "slope_percent": 0.175, "terrain_slope_deg": 1.948, "strahler_order": 1, "capacity_class": "low", "scenario_width_m": 0.4, "scenario_depth_m": 0.3, "scenario_manning_n": 0.035, "capacity_effective_slope": 0.001746, "capacity_slope_floor": 0.001, "capacity_m3s": 0.034854282915268278, "capacity_scenario": "prototype_open_channel_base", "capacity_source": "synthetic_manning_scenario", "capacity_is_observed": 0 }, "geometry": { "type": "LineString", "coordinates": [ [ 378017.790579124644864, 2046561.902720903046429 ], [ 378017.790579124644864, 2046591.902720903046429 ] ] } },
{ "type": "Feature", "properties": { "drain_id": "RN_DRAIN_00134", "source_type": "dem_inferred_surface_flow", "is_inferred": true, "acc_cells": 33, "upstream_area_m2": 30065.475022848463, "length_m": 42.43, "start_elevation_m": 566.083, "end_elevation_m": 566.009, "elevation_drop_m": 0.074, "slope_m_per_m": 0.001745, "slope_percent": 0.174, "terrain_slope_deg": 2.511, "strahler_order": 1, "capacity_class": "low", "scenario_width_m": 0.4, "scenario_depth_m": 0.3, "scenario_manning_n": 0.035, "capacity_effective_slope": 0.001745, "capacity_slope_floor": 0.001, "capacity_m3s": 0.034844300305034812, "capacity_scenario": "prototype_open_channel_base", "capacity_source": "synthetic_manning_scenario", "capacity_is_observed": 0 }, "geometry": { "type": "LineString", "coordinates": [ [ 378047.790579124644864, 2046561.902720903046429 ], [ 378017.790579124644864, 2046591.902720903046429 ] ] } },
{ "type": "Feature", "properties": { "drain_id": "RN_DRAIN_00135", "source_type": "dem_inferred_surface_flow", "is_inferred": true, "acc_cells": 129, "upstream_area_m2": 115910.04264813762, "length_m": 42.43, "start_elevation_m": 561.68, "end_elevation_m": 561.606, "elevation_drop_m": 0.074, "slope_m_per_m": 0.001745, "slope_percent": 0.174, "terrain_slope_deg": 1.976, "strahler_order": 1, "capacity_class": "low", "scenario_width_m": 0.4, "scenario_depth_m": 0.3, "scenario_manning_n": 0.035, "capacity_effective_slope": 0.001745, "capacity_slope_floor": 0.001, "capacity_m3s": 0.034844300305034812, "capacity_scenario": "prototype_open_channel_base", "capacity_source": "synthetic_manning_scenario", "capacity_is_observed": 0 }, "geometry": { "type": "LineString", "coordinates": [ [ 376727.790579124644864, 2046531.902720903046429 ], [ 376757.790579124644864, 2046561.902720903046429 ] ] } },
{ "type": "Feature", "properties": { "drain_id": "RN_DRAIN_00136", "source_type": "dem_inferred_surface_flow", "is_inferred": true, "acc_cells": 65, "upstream_area_m2": 58900.318602648746, "length_m": 30.0, "start_elevation_m": 561.628, "end_elevation_m": 561.606, "elevation_drop_m": 0.022, "slope_m_per_m": 0.000722, "slope_percent": 0.072, "terrain_slope_deg": 1.976, "strahler_order": 1, "capacity_class": "low", "scenario_width_m": 0.4, "scenario_depth_m": 0.3, "scenario_manning_n": 0.035, "capacity_effective_slope": 0.001, "capacity_slope_floor": 0.001, "capacity_m3s": 0.02637752433631995, "capacity_scenario": "prototype_open_channel_base", "capacity_source": "synthetic_manning_scenario", "capacity_is_observed": 0 }, "geometry": { "type": "LineString", "coordinates": [ [ 376757.790579124644864, 2046531.902720903046429 ], [ 376757.790579124644864, 2046561.902720903046429 ] ] } },
{ "type": "Feature", "properties": { "drain_id": "RN_DRAIN_00137", "source_type": "dem_inferred_surface_flow", "is_inferred": true, "acc_cells": 34, "upstream_area_m2": 30770.230703266257, "length_m": 30.0, "start_elevation_m": 561.576, "end_elevation_m": 561.554, "elevation_drop_m": 0.022, "slope_m_per_m": 0.000722, "slope_percent": 0.072, "terrain_slope_deg": 1.941, "strahler_order": 1, "capacity_class": "low", "scenario_width_m": 0.4, "scenario_depth_m": 0.3, "scenario_manning_n": 0.035, "capacity_effective_slope": 0.001, "capacity_slope_floor": 0.001, "capacity_m3s": 0.02637752433631995, "capacity_scenario": "prototype_open_channel_base", "capacity_source": "synthetic_manning_scenario", "capacity_is_observed": 0 }, "geometry": { "type": "LineString", "coordinates": [ [ 376787.790579124644864, 2046531.902720903046429 ], [ 376787.790579124644864, 2046561.902720903046429 ] ] } },
{ "type": "Feature", "properties": { "drain_id": "RN_DRAIN_00138", "source_type": "dem_inferred_surface_flow", "is_inferred": true, "acc_cells": 48, "upstream_area_m2": 43629.735637341757, "length_m": 42.43, "start_elevation_m": 545.752, "end_elevation_m": 543.832, "elevation_drop_m": 1.92, "slope_m_per_m": 0.045262, "slope_percent": 4.526, "terrain_slope_deg": 5.202, "strahler_order": 1, "capacity_class": "low", "scenario_width_m": 0.4, "scenario_depth_m": 0.3, "scenario_manning_n": 0.035, "capacity_effective_slope": 0.045262, "capacity_slope_floor": 0.001, "capacity_m3s": 0.17746017380838289, "capacity_scenario": "prototype_open_channel_base", "capacity_source": "synthetic_manning_scenario", "capacity_is_observed": 0 }, "geometry": { "type": "LineString", "coordinates": [ [ 377117.790579124644864, 2046531.902720903046429 ], [ 377147.790579124644864, 2046561.902720903046429 ] ] } },
{ "type": "Feature", "properties": { "drain_id": "RN_DRAIN_00139", "source_type": "dem_inferred_surface_flow", "is_inferred": true, "acc_cells": 328, "upstream_area_m2": 295374.66237065312, "length_m": 30.0, "start_elevation_m": 543.884, "end_elevation_m": 543.862, "elevation_drop_m": 0.022, "slope_m_per_m": 0.000722, "slope_percent": 0.072, "terrain_slope_deg": 1.194, "strahler_order": 1, "capacity_class": "low", "scenario_width_m": 0.4, "scenario_depth_m": 0.3, "scenario_manning_n": 0.035, "capacity_effective_slope": 0.001, "capacity_slope_floor": 0.001, "capacity_m3s": 0.02637752433631995, "capacity_scenario": "prototype_open_channel_base", "capacity_source": "synthetic_manning_scenario", "capacity_is_observed": 0 }, "geometry": { "type": "LineString", "coordinates": [ [ 377147.790579124644864, 2046531.902720903046429 ], [ 377177.790579124644864, 2046531.902720903046429 ] ] } },
{ "type": "Feature", "properties": { "drain_id": "RN_DRAIN_00140", "source_type": "dem_inferred_surface_flow", "is_inferred": true, "acc_cells": 10486, "upstream_area_m2": 9437827.8815852813, "length_m": 42.43, "start_elevation_m": 543.862, "end_elevation_m": 543.788, "elevation_drop_m": 0.074, "slope_m_per_m": 0.001745, "slope_percent": 0.174, "terrain_slope_deg": 5.36, "strahler_order": 4, "capacity_class": "very_high", "scenario_width_m": 1.4, "scenario_depth_m": 0.8, "scenario_manning_n": 0.035, "capacity_effective_slope": 0.001745, "capacity_slope_floor": 0.001, "capacity_m3s": 0.69307282797684278, "capacity_scenario": "prototype_open_channel_base", "capacity_source": "synthetic_manning_scenario", "capacity_is_observed": 0 }, "geometry": { "type": "LineString", "coordinates": [ [ 377177.790579124644864, 2046531.902720903046429 ], [ 377207.790579124644864, 2046561.902720903046429 ] ] } },
{ "type": "Feature", "properties": { "drain_id": "RN_DRAIN_00141", "source_type": "dem_inferred_surface_flow", "is_inferred": true, "acc_cells": 5942, "upstream_area_m2": 5347722.5919607654, "length_m": 42.43, "start_elevation_m": 556.284, "end_elevation_m": 554.987, "elevation_drop_m": 1.297, "slope_m_per_m": 0.030561, "slope_percent": 3.056, "terrain_slope_deg": 2.348, "strahler_order": 3, "capacity_class": "high", "scenario_width_m": 1.0, "scenario_depth_m": 0.6, "scenario_manning_n": 0.035, "capacity_effective_slope": 0.030561, "capacity_slope_floor": 0.001, "capacity_m3s": 1.2603351041610837, "capacity_scenario": "prototype_open_channel_base", "capacity_source": "synthetic_manning_scenario", "capacity_is_observed": 0 }, "geometry": { "type": "LineString", "coordinates": [ [ 377387.790579124644864, 2046531.902720903046429 ], [ 377417.790579124644864, 2046561.902720903046429 ] ] } },
{ "type": "Feature", "properties": { "drain_id": "RN_DRAIN_00142", "source_type": "dem_inferred_surface_flow", "is_inferred": true, "acc_cells": 54, "upstream_area_m2": 49004.180210995291, "length_m": 42.43, "start_elevation_m": 557.909, "end_elevation_m": 557.231, "elevation_drop_m": 0.678, "slope_m_per_m": 0.015973, "slope_percent": 1.597, "terrain_slope_deg": 0.862, "strahler_order": 1, "capacity_class": "low", "scenario_width_m": 0.4, "scenario_depth_m": 0.3, "scenario_manning_n": 0.035, "capacity_effective_slope": 0.015973, "capacity_slope_floor": 0.001, "capacity_m3s": 0.10542103561186149, "capacity_scenario": "prototype_open_channel_base", "capacity_source": "synthetic_manning_scenario", "capacity_is_observed": 0 }, "geometry": { "type": "LineString", "coordinates": [ [ 377507.790579124644864, 2046531.902720903046429 ], [ 377477.790579124644864, 2046561.902720903046429 ] ] } },
{ "type": "Feature", "properties": { "drain_id": "RN_DRAIN_00143", "source_type": "dem_inferred_surface_flow", "is_inferred": true, "acc_cells": 52, "upstream_area_m2": 46515.806128229313, "length_m": 30.0, "start_elevation_m": 557.961, "end_elevation_m": 557.909, "elevation_drop_m": 0.052, "slope_m_per_m": 0.001746, "slope_percent": 0.175, "terrain_slope_deg": 0.821, "strahler_order": 1, "capacity_class": "low", "scenario_width_m": 0.4, "scenario_depth_m": 0.3, "scenario_manning_n": 0.035, "capacity_effective_slope": 0.001746, "capacity_slope_floor": 0.001, "capacity_m3s": 0.034854282915268278, "capacity_scenario": "prototype_open_channel_base", "capacity_source": "synthetic_manning_scenario", "capacity_is_observed": 0 }, "geometry": { "type": "LineString", "coordinates": [ [ 377537.790579124644864, 2046531.902720903046429 ], [ 377507.790579124644864, 2046531.902720903046429 ] ] } },
{ "type": "Feature", "properties": { "drain_id": "RN_DRAIN_00144", "source_type": "dem_inferred_surface_flow", "is_inferred": true, "acc_cells": 44, "upstream_area_m2": 39350.335577062368, "length_m": 30.0, "start_elevation_m": 558.472, "end_elevation_m": 557.961, "elevation_drop_m": 0.511, "slope_m_per_m": 0.017037, "slope_percent": 1.704, "terrain_slope_deg": 2.445, "strahler_order": 1, "capacity_class": "low", "scenario_width_m": 0.4, "scenario_depth_m": 0.3, "scenario_manning_n": 0.035, "capacity_effective_slope": 0.017037, "capacity_slope_floor": 0.001, "capacity_m3s": 0.10887560820568472, "capacity_scenario": "prototype_open_channel_base", "capacity_source": "synthetic_manning_scenario", "capacity_is_observed": 0 }, "geometry": { "type": "LineString", "coordinates": [ [ 377567.790579124644864, 2046531.902720903046429 ], [ 377537.790579124644864, 2046531.902720903046429 ] ] } },
{ "type": "Feature", "properties": { "drain_id": "RN_DRAIN_00145", "source_type": "dem_inferred_surface_flow", "is_inferred": true, "acc_cells": 38, "upstream_area_m2": 33895.751103617731, "length_m": 30.0, "start_elevation_m": 560.498, "end_elevation_m": 558.472, "elevation_drop_m": 2.026, "slope_m_per_m": 0.067529, "slope_percent": 6.753, "terrain_slope_deg": 3.222, "strahler_order": 1, "capacity_class": "low", "scenario_width_m": 0.4, "scenario_depth_m": 0.3, "scenario_manning_n": 0.035, "capacity_effective_slope": 0.067529, "capacity_slope_floor": 0.001, "capacity_m3s": 0.21676002461835764, "capacity_scenario": "prototype_open_channel_base", "capacity_source": "synthetic_manning_scenario", "capacity_is_observed": 0 }, "geometry": { "type": "LineString", "coordinates": [ [ 377597.790579124644864, 2046531.902720903046429 ], [ 377567.790579124644864, 2046531.902720903046429 ] ] } },
{ "type": "Feature", "properties": { "drain_id": "RN_DRAIN_00146", "source_type": "dem_inferred_surface_flow", "is_inferred": true, "acc_cells": 72, "upstream_area_m2": 64823.433291940979, "length_m": 42.43, "start_elevation_m": 562.435, "end_elevation_m": 561.478, "elevation_drop_m": 0.957, "slope_m_per_m": 0.022544, "slope_percent": 2.254, "terrain_slope_deg": 1.046, "strahler_order": 1, "capacity_class": "low", "scenario_width_m": 0.4, "scenario_depth_m": 0.3, "scenario_manning_n": 0.035, "capacity_effective_slope": 0.022544, "capacity_slope_floor": 0.001, "capacity_m3s": 0.12524186330580878, "capacity_scenario": "prototype_open_channel_base", "capacity_source": "synthetic_manning_scenario", "capacity_is_observed": 0 }, "geometry": { "type": "LineString", "coordinates": [ [ 377657.790579124644864, 2046531.902720903046429 ], [ 377627.790579124644864, 2046561.902720903046429 ] ] } },
{ "type": "Feature", "properties": { "drain_id": "RN_DRAIN_00147", "source_type": "dem_inferred_surface_flow", "is_inferred": true, "acc_cells": 52, "upstream_area_m2": 46624.384979413444, "length_m": 30.0, "start_elevation_m": 566.136, "end_elevation_m": 566.083, "elevation_drop_m": 0.052, "slope_m_per_m": 0.001746, "slope_percent": 0.175, "terrain_slope_deg": 2.031, "strahler_order": 1, "capacity_class": "low", "scenario_width_m": 0.4, "scenario_depth_m": 0.3, "scenario_manning_n": 0.035, "capacity_effective_slope": 0.001746, "capacity_slope_floor": 0.001, "capacity_m3s": 0.034854282915268278, "capacity_scenario": "prototype_open_channel_base", "capacity_source": "synthetic_manning_scenario", "capacity_is_observed": 0 }, "geometry": { "type": "LineString", "coordinates": [ [ 378047.790579124644864, 2046531.902720903046429 ], [ 378047.790579124644864, 2046561.902720903046429 ] ] } },
{ "type": "Feature", "properties": { "drain_id": "RN_DRAIN_00148", "source_type": "dem_inferred_surface_flow", "is_inferred": true, "acc_cells": 80, "upstream_area_m2": 72146.736858350603, "length_m": 29.2, "start_elevation_m": 565.071, "end_elevation_m": 562.846, "elevation_drop_m": 2.225, "slope_m_per_m": 0.076204, "slope_percent": 7.62, "terrain_slope_deg": 3.968, "strahler_order": 1, "capacity_class": "low", "scenario_width_m": 0.4, "scenario_depth_m": 0.3, "scenario_manning_n": 0.035, "capacity_effective_slope": 0.076204, "capacity_slope_floor": 0.001, "capacity_m3s": 0.23026234147550612, "capacity_scenario": "prototype_open_channel_base", "capacity_source": "synthetic_manning_scenario", "capacity_is_observed": 0 }, "geometry": { "type": "LineString", "coordinates": [ [ 376488.592247950611636, 2046501.902720903046429 ], [ 376517.790579124644864, 2046501.902720903046429 ] ] } },
{ "type": "Feature", "properties": { "drain_id": "RN_DRAIN_00149", "source_type": "dem_inferred_surface_flow", "is_inferred": true, "acc_cells": 83, "upstream_area_m2": 74737.835011131116, "length_m": 30.0, "start_elevation_m": 562.846, "end_elevation_m": 562.036, "elevation_drop_m": 0.81, "slope_m_per_m": 0.026998, "slope_percent": 2.7, "terrain_slope_deg": 2.5, "strahler_order": 1, "capacity_class": "low", "scenario_width_m": 0.4, "scenario_depth_m": 0.3, "scenario_manning_n": 0.035, "capacity_effective_slope": 0.026998, "capacity_slope_floor": 0.001, "capacity_m3s": 0.13705656053423662, "capacity_scenario": "prototype_open_channel_base", "capacity_source": "synthetic_manning_scenario", "capacity_is_observed": 0 }, "geometry": { "type": "LineString", "coordinates": [ [ 376517.790579124644864, 2046501.902720903046429 ], [ 376547.790579124644864, 2046501.902720903046429 ] ] } },
{ "type": "Feature", "properties": { "drain_id": "RN_DRAIN_00150", "source_type": "dem_inferred_surface_flow", "is_inferred": true, "acc_cells": 82, "upstream_area_m2": 73696.583197661661, "length_m": 30.0, "start_elevation_m": 562.036, "end_elevation_m": 561.984, "elevation_drop_m": 0.052, "slope_m_per_m": 0.001746, "slope_percent": 0.175, "terrain_slope_deg": 1.654, "strahler_order": 1, "capacity_class": "low", "scenario_width_m": 0.4, "scenario_depth_m": 0.3, "scenario_manning_n": 0.035, "capacity_effective_slope": 0.001746, "capacity_slope_floor": 0.001, "capacity_m3s": 0.034854282915268278, "capacity_scenario": "prototype_open_channel_base", "capacity_source": "synthetic_manning_scenario", "capacity_is_observed": 0 }, "geometry": { "type": "LineString", "coordinates": [ [ 376547.790579124644864, 2046501.902720903046429 ], [ 376577.790579124644864, 2046501.902720903046429 ] ] } },
{ "type": "Feature", "properties": { "drain_id": "RN_DRAIN_00151", "source_type": "dem_inferred_surface_flow", "is_inferred": true, "acc_cells": 92, "upstream_area_m2": 82621.420257701728, "length_m": 30.0, "start_elevation_m": 561.984, "end_elevation_m": 561.932, "elevation_drop_m": 0.052, "slope_m_per_m": 0.001746, "slope_percent": 0.175, "terrain_slope_deg": 1.964, "strahler_order": 1, "capacity_class": "low", "scenario_width_m": 0.4, "scenario_depth_m": 0.3, "scenario_manning_n": 0.035, "capacity_effective_slope": 0.001746, "capacity_slope_floor": 0.001, "capacity_m3s": 0.034854282915268278, "capacity_scenario": "prototype_open_channel_base", "capacity_source": "synthetic_manning_scenario", "capacity_is_observed": 0 }, "geometry": { "type": "LineString", "coordinates": [ [ 376577.790579124644864, 2046501.902720903046429 ], [ 376607.790579124644864, 2046501.902720903046429 ] ] } },
{ "type": "Feature", "properties": { "drain_id": "RN_DRAIN_00152", "source_type": "dem_inferred_surface_flow", "is_inferred": true, "acc_cells": 84, "upstream_area_m2": 75819.426590485411, "length_m": 30.0, "start_elevation_m": 561.932, "end_elevation_m": 561.859, "elevation_drop_m": 0.073, "slope_m_per_m": 0.002417, "slope_percent": 0.242, "terrain_slope_deg": 2.184, "strahler_order": 1, "capacity_class": "low", "scenario_width_m": 0.4, "scenario_depth_m": 0.3, "scenario_manning_n": 0.035, "capacity_effective_slope": 0.002417, "capacity_slope_floor": 0.001, "capacity_m3s": 0.041008355864427033, "capacity_scenario": "prototype_open_channel_base", "capacity_source": "synthetic_manning_scenario", "capacity_is_observed": 0 }, "geometry": { "type": "LineString", "coordinates": [ [ 376607.790579124644864, 2046501.902720903046429 ], [ 376637.790579124644864, 2046501.902720903046429 ] ] } },
{ "type": "Feature", "properties": { "drain_id": "RN_DRAIN_00153", "source_type": "dem_inferred_surface_flow", "is_inferred": true, "acc_cells": 104, "upstream_area_m2": 93308.770888246305, "length_m": 30.0, "start_elevation_m": 561.859, "end_elevation_m": 561.807, "elevation_drop_m": 0.052, "slope_m_per_m": 0.001746, "slope_percent": 0.175, "terrain_slope_deg": 1.852, "strahler_order": 1, "capacity_class": "low", "scenario_width_m": 0.4, "scenario_depth_m": 0.3, "scenario_manning_n": 0.035, "capacity_effective_slope": 0.001746, "capacity_slope_floor": 0.001, "capacity_m3s": 0.034854282915268278, "capacity_scenario": "prototype_open_channel_base", "capacity_source": "synthetic_manning_scenario", "capacity_is_observed": 0 }, "geometry": { "type": "LineString", "coordinates": [ [ 376637.790579124644864, 2046501.902720903046429 ], [ 376667.790579124644864, 2046501.902720903046429 ] ] } },
{ "type": "Feature", "properties": { "drain_id": "RN_DRAIN_00154", "source_type": "dem_inferred_surface_flow", "is_inferred": true, "acc_cells": 112, "upstream_area_m2": 100987.89047259557, "length_m": 30.0, "start_elevation_m": 561.807, "end_elevation_m": 561.754, "elevation_drop_m": 0.052, "slope_m_per_m": 0.001746, "slope_percent": 0.175, "terrain_slope_deg": 1.443, "strahler_order": 1, "capacity_class": "low", "scenario_width_m": 0.4, "scenario_depth_m": 0.3, "scenario_manning_n": 0.035, "capacity_effective_slope": 0.001746, "capacity_slope_floor": 0.001, "capacity_m3s": 0.034854282915268278, "capacity_scenario": "prototype_open_channel_base", "capacity_source": "synthetic_manning_scenario", "capacity_is_observed": 0 }, "geometry": { "type": "LineString", "coordinates": [ [ 376667.790579124644864, 2046501.902720903046429 ], [ 376697.790579124644864, 2046501.902720903046429 ] ] } },
{ "type": "Feature", "properties": { "drain_id": "RN_DRAIN_00155", "source_type": "dem_inferred_surface_flow", "is_inferred": true, "acc_cells": 124, "upstream_area_m2": 112006.27410125126, "length_m": 42.43, "start_elevation_m": 561.754, "end_elevation_m": 561.68, "elevation_drop_m": 0.074, "slope_m_per_m": 0.001745, "slope_percent": 0.174, "terrain_slope_deg": 2.512, "strahler_order": 1, "capacity_class": "low", "scenario_width_m": 0.4, "scenario_depth_m": 0.3, "scenario_manning_n": 0.035, "capacity_effective_slope": 0.001745, "capacity_slope_floor": 0.001, "capacity_m3s": 0.034844300305034812, "capacity_scenario": "prototype_open_channel_base", "capacity_source": "synthetic_manning_scenario", "capacity_is_observed": 0 }, "geometry": { "type": "LineString", "coordinates": [ [ 376697.790579124644864, 2046501.902720903046429 ], [ 376727.790579124644864, 2046531.902720903046429 ] ] } },
{ "type": "Feature", "properties": { "drain_id": "RN_DRAIN_00156", "source_type": "dem_inferred_surface_flow", "is_inferred": true, "acc_cells": 261, "upstream_area_m2": 235265.93138655584, "length_m": 42.43, "start_elevation_m": 543.937, "end_elevation_m": 543.862, "elevation_drop_m": 0.074, "slope_m_per_m": 0.001745, "slope_percent": 0.174, "terrain_slope_deg": 0.988, "strahler_order": 1, "capacity_class": "low", "scenario_width_m": 0.4, "scenario_depth_m": 0.3, "scenario_manning_n": 0.035, "capacity_effective_slope": 0.001745, "capacity_slope_floor": 0.001, "capacity_m3s": 0.034844300305034812, "capacity_scenario": "prototype_open_channel_base", "capacity_source": "synthetic_manning_scenario", "capacity_is_observed": 0 }, "geometry": { "type": "LineString", "coordinates": [ [ 377147.790579124644864, 2046501.902720903046429 ], [ 377177.790579124644864, 2046531.902720903046429 ] ] } },
{ "type": "Feature", "properties": { "drain_id": "RN_DRAIN_00157", "source_type": "dem_inferred_surface_flow", "is_inferred": true, "acc_cells": 10477, "upstream_area_m2": 9429242.7180019822, "length_m": 30.0, "start_elevation_m": 543.915, "end_elevation_m": 543.862, "elevation_drop_m": 0.052, "slope_m_per_m": 0.001746, "slope_percent": 0.175, "terrain_slope_deg": 0.988, "strahler_order": 4, "capacity_class": "very_high", "scenario_width_m": 1.4, "scenario_depth_m": 0.8, "scenario_manning_n": 0.035, "capacity_effective_slope": 0.001746, "capacity_slope_floor": 0.001, "capacity_m3s": 0.69327138773681873, "capacity_scenario": "prototype_open_channel_base", "capacity_source": "synthetic_manning_scenario", "capacity_is_observed": 0 }, "geometry": { "type": "LineString", "coordinates": [ [ 377177.790579124644864, 2046501.902720903046429 ], [ 377177.790579124644864, 2046531.902720903046429 ] ] } },
{ "type": "Feature", "properties": { "drain_id": "RN_DRAIN_00158", "source_type": "dem_inferred_surface_flow", "is_inferred": true, "acc_cells": 5939, "upstream_area_m2": 5344863.6247539083, "length_m": 42.43, "start_elevation_m": 556.79, "end_elevation_m": 556.284, "elevation_drop_m": 0.507, "slope_m_per_m": 0.011944, "slope_percent": 1.194, "terrain_slope_deg": 2.596, "strahler_order": 3, "capacity_class": "high", "scenario_width_m": 1.0, "scenario_depth_m": 0.6, "scenario_manning_n": 0.035, "capacity_effective_slope": 0.011944, "capacity_slope_floor": 0.001, "capacity_m3s": 0.78791097473377059, "capacity_scenario": "prototype_open_channel_base", "capacity_source": "synthetic_manning_scenario", "capacity_is_observed": 0 }, "geometry": { "type": "LineString", "coordinates": [ [ 377417.790579124644864, 2046501.902720903046429 ], [ 377387.790579124644864, 2046531.902720903046429 ] ] } },
{ "type": "Feature", "properties": { "drain_id": "RN_DRAIN_00159", "source_type": "dem_inferred_surface_flow", "is_inferred": true, "acc_cells": 67, "upstream_area_m2": 60633.088574373724, "length_m": 42.43, "start_elevation_m": 562.719, "end_elevation_m": 562.435, "elevation_drop_m": 0.284, "slope_m_per_m": 0.006702, "slope_percent": 0.67, "terrain_slope_deg": 0.306, "strahler_order": 1, "capacity_class": "low", "scenario_width_m": 0.4, "scenario_depth_m": 0.3, "scenario_manning_n": 0.035, "capacity_effective_slope": 0.006702, "capacity_slope_floor": 0.001, "capacity_m3s": 0.068286718630626422, "capacity_scenario": "prototype_open_channel_base", "capacity_source": "synthetic_manning_scenario", "capacity_is_observed": 0 }, "geometry": { "type": "LineString", "coordinates": [ [ 377687.790579124644864, 2046501.902720903046429 ], [ 377657.790579124644864, 2046531.902720903046429 ] ] } },
{ "type": "Feature", "properties": { "drain_id": "RN_DRAIN_00160", "source_type": "dem_inferred_surface_flow", "is_inferred": true, "acc_cells": 47, "upstream_area_m2": 42163.640391369343, "length_m": 30.0, "start_elevation_m": 566.303, "end_elevation_m": 566.136, "elevation_drop_m": 0.168, "slope_m_per_m": 0.005585, "slope_percent": 0.558, "terrain_slope_deg": 1.514, "strahler_order": 1, "capacity_class": "low", "scenario_width_m": 0.4, "scenario_depth_m": 0.3, "scenario_manning_n": 0.035, "capacity_effective_slope": 0.005585, "capacity_slope_floor": 0.001, "capacity_m3s": 0.062336960286670622, "capacity_scenario": "prototype_open_channel_base", "capacity_source": "synthetic_manning_scenario", "capacity_is_observed": 0 }, "geometry": { "type": "LineString", "coordinates": [ [ 378047.790579124644864, 2046501.902720903046429 ], [ 378047.790579124644864, 2046531.902720903046429 ] ] } },
{ "type": "Feature", "properties": { "drain_id": "RN_DRAIN_00161", "source_type": "dem_inferred_surface_flow", "is_inferred": true, "acc_cells": 53, "upstream_area_m2": 47792.003364954922, "length_m": 30.0, "start_elevation_m": 547.593, "end_elevation_m": 546.391, "elevation_drop_m": 1.202, "slope_m_per_m": 0.040074, "slope_percent": 4.007, "terrain_slope_deg": 4.992, "strahler_order": 1, "capacity_class": "low", "scenario_width_m": 0.4, "scenario_depth_m": 0.3, "scenario_manning_n": 0.035, "capacity_effective_slope": 0.040074, "capacity_slope_floor": 0.001, "capacity_m3s": 0.16698035472771766, "capacity_scenario": "prototype_open_channel_base", "capacity_source": "synthetic_manning_scenario", "capacity_is_observed": 0 }, "geometry": { "type": "LineString", "coordinates": [ [ 377087.790579124644864, 2046471.902720903046429 ], [ 377117.790579124644864, 2046471.902720903046429 ] ] } },
{ "type": "Feature", "properties": { "drain_id": "RN_DRAIN_00162", "source_type": "dem_inferred_surface_flow", "is_inferred": true, "acc_cells": 40, "upstream_area_m2": 35625.925207390203, "length_m": 42.43, "start_elevation_m": 546.391, "end_elevation_m": 543.937, "elevation_drop_m": 2.454, "slope_m_per_m": 0.057843, "slope_percent": 5.784, "terrain_slope_deg": 5.405, "strahler_order": 1, "capacity_class": "low", "scenario_width_m": 0.4, "scenario_depth_m": 0.3, "scenario_manning_n": 0.035, "capacity_effective_slope": 0.057843, "capacity_slope_floor": 0.001, "capacity_m3s": 0.20061316841502458, "capacity_scenario": "prototype_open_channel_base", "capacity_source": "synthetic_manning_scenario", "capacity_is_observed": 0 }, "geometry": { "type": "LineString", "coordinates": [ [ 377117.790579124644864, 2046471.902720903046429 ], [ 377147.790579124644864, 2046501.902720903046429 ] ] } },
{ "type": "Feature", "properties": { "drain_id": "RN_DRAIN_00163", "source_type": "dem_inferred_surface_flow", "is_inferred": true, "acc_cells": 247, "upstream_area_m2": 222085.47413732237, "length_m": 42.43, "start_elevation_m": 543.989, "end_elevation_m": 543.915, "elevation_drop_m": 0.074, "slope_m_per_m": 0.001745, "slope_percent": 0.174, "terrain_slope_deg": 0.414, "strahler_order": 1, "capacity_class": "low", "scenario_width_m": 0.4, "scenario_depth_m": 0.3, "scenario_manning_n": 0.035, "capacity_effective_slope": 0.001745, "capacity_slope_floor": 0.001, "capacity_m3s": 0.034844300305034812, "capacity_scenario": "prototype_open_channel_base", "capacity_source": "synthetic_manning_scenario", "capacity_is_observed": 0 }, "geometry": { "type": "LineString", "coordinates": [ [ 377147.790579124644864, 2046471.902720903046429 ], [ 377177.790579124644864, 2046501.902720903046429 ] ] } },
{ "type": "Feature", "properties": { "drain_id": "RN_DRAIN_00164", "source_type": "dem_inferred_surface_flow", "is_inferred": true, "acc_cells": 10147, "upstream_area_m2": 9132377.5405755024, "length_m": 30.0, "start_elevation_m": 543.967, "end_elevation_m": 543.915, "elevation_drop_m": 0.052, "slope_m_per_m": 0.001746, "slope_percent": 0.175, "terrain_slope_deg": 0.414, "strahler_order": 4, "capacity_class": "very_high", "scenario_width_m": 1.4, "scenario_depth_m": 0.8, "scenario_manning_n": 0.035, "capacity_effective_slope": 0.001746, "capacity_slope_floor": 0.001, "capacity_m3s": 0.69327138773681873, "capacity_scenario": "prototype_open_channel_base", "capacity_source": "synthetic_manning_scenario", "capacity_is_observed": 0 }, "geometry": { "type": "LineString", "coordinates": [ [ 377177.790579124644864, 2046471.902720903046429 ], [ 377177.790579124644864, 2046501.902720903046429 ] ] } },
{ "type": "Feature", "properties": { "drain_id": "RN_DRAIN_00165", "source_type": "dem_inferred_surface_flow", "is_inferred": true, "acc_cells": 318, "upstream_area_m2": 286186.53087071114, "length_m": 42.43, "start_elevation_m": 543.989, "end_elevation_m": 543.915, "elevation_drop_m": 0.074, "slope_m_per_m": 0.001745, "slope_percent": 0.174, "terrain_slope_deg": 5.733, "strahler_order": 1, "capacity_class": "low", "scenario_width_m": 0.4, "scenario_depth_m": 0.3, "scenario_manning_n": 0.035, "capacity_effective_slope": 0.001745, "capacity_slope_floor": 0.001, "capacity_m3s": 0.034844300305034812, "capacity_scenario": "prototype_open_channel_base", "capacity_source": "synthetic_manning_scenario", "capacity_is_observed": 0 }, "geometry": { "type": "LineString", "coordinates": [ [ 377207.790579124644864, 2046471.902720903046429 ], [ 377177.790579124644864, 2046501.902720903046429 ] ] } },
{ "type": "Feature", "properties": { "drain_id": "RN_DRAIN_00166", "source_type": "dem_inferred_surface_flow", "is_inferred": true, "acc_cells": 61, "upstream_area_m2": 54724.13148665084, "length_m": 42.43, "start_elevation_m": 556.864, "end_elevation_m": 556.79, "elevation_drop_m": 0.074, "slope_m_per_m": 0.001745, "slope_percent": 0.174, "terrain_slope_deg": 4.063, "strahler_order": 1, "capacity_class": "low", "scenario_width_m": 0.4, "scenario_depth_m": 0.3, "scenario_manning_n": 0.035, "capacity_effective_slope": 0.001745, "capacity_slope_floor": 0.001, "capacity_m3s": 0.034844300305034812, "capacity_scenario": "prototype_open_channel_base", "capacity_source": "synthetic_manning_scenario", "capacity_is_observed": 0 }, "geometry": { "type": "LineString", "coordinates": [ [ 377387.790579124644864, 2046471.902720903046429 ], [ 377417.790579124644864, 2046501.902720903046429 ] ] } },
{ "type": "Feature", "properties": { "drain_id": "RN_DRAIN_00167", "source_type": "dem_inferred_surface_flow", "is_inferred": true, "acc_cells": 5053, "upstream_area_m2": 4547935.4686523778, "length_m": 30.0, "start_elevation_m": 556.843, "end_elevation_m": 556.79, "elevation_drop_m": 0.052, "slope_m_per_m": 0.001746, "slope_percent": 0.175, "terrain_slope_deg": 4.063, "strahler_order": 3, "capacity_class": "high", "scenario_width_m": 1.0, "scenario_depth_m": 0.6, "scenario_manning_n": 0.035, "capacity_effective_slope": 0.001746, "capacity_slope_floor": 0.001, "capacity_m3s": 0.30124813859248456, "capacity_scenario": "prototype_open_channel_base", "capacity_source": "synthetic_manning_scenario", "capacity_is_observed": 0 }, "geometry": { "type": "LineString", "coordinates": [ [ 377417.790579124644864, 2046471.902720903046429 ], [ 377417.790579124644864, 2046501.902720903046429 ] ] } },
{ "type": "Feature", "properties": { "drain_id": "RN_DRAIN_00168", "source_type": "dem_inferred_surface_flow", "is_inferred": true, "acc_cells": 832, "upstream_area_m2": 749101.49919966771, "length_m": 42.43, "start_elevation_m": 556.864, "end_elevation_m": 556.79, "elevation_drop_m": 0.074, "slope_m_per_m": 0.001745, "slope_percent": 0.174, "terrain_slope_deg": 5.592, "strahler_order": 1, "capacity_class": "low", "scenario_width_m": 0.4, "scenario_depth_m": 0.3, "scenario_manning_n": 0.035, "capacity_effective_slope": 0.001745, "capacity_slope_floor": 0.001, "capacity_m3s": 0.034844300305034812, "capacity_scenario": "prototype_open_channel_base", "capacity_source": "synthetic_manning_scenario", "capacity_is_observed": 0 }, "geometry": { "type": "LineString", "coordinates": [ [ 377447.790579124644864, 2046471.902720903046429 ], [ 377417.790579124644864, 2046501.902720903046429 ] ] } },
{ "type": "Feature", "properties": { "drain_id": "RN_DRAIN_00169", "source_type": "dem_inferred_surface_flow", "is_inferred": true, "acc_cells": 65, "upstream_area_m2": 58256.100416890877, "length_m": 42.43, "start_elevation_m": 562.793, "end_elevation_m": 562.719, "elevation_drop_m": 0.074, "slope_m_per_m": 0.001745, "slope_percent": 0.174, "terrain_slope_deg": 0.209, "strahler_order": 1, "capacity_class": "low", "scenario_width_m": 0.4, "scenario_depth_m": 0.3, "scenario_manning_n": 0.035, "capacity_effective_slope": 0.001745, "capacity_slope_floor": 0.001, "capacity_m3s": 0.034844300305034812, "capacity_scenario": "prototype_open_channel_base", "capacity_source": "synthetic_manning_scenario", "capacity_is_observed": 0 }, "geometry": { "type": "LineString", "coordinates": [ [ 377717.790579124644864, 2046471.902720903046429 ], [ 377687.790579124644864, 2046501.902720903046429 ] ] } },
{ "type": "Feature", "properties": { "drain_id": "RN_DRAIN_00170", "source_type": "dem_inferred_surface_flow", "is_inferred": true, "acc_cells": 56, "upstream_area_m2": 49990.896127246873, "length_m": 30.0, "start_elevation_m": 562.845, "end_elevation_m": 562.793, "elevation_drop_m": 0.052, "slope_m_per_m": 0.001746, "slope_percent": 0.175, "terrain_slope_deg": 0.164, "strahler_order": 1, "capacity_class": "low", "scenario_width_m": 0.4, "scenario_depth_m": 0.3, "scenario_manning_n": 0.035, "capacity_effective_slope": 0.001746, "capacity_slope_floor": 0.001, "capacity_m3s": 0.034854282915268278, "capacity_scenario": "prototype_open_channel_base", "capacity_source": "synthetic_manning_scenario", "capacity_is_observed": 0 }, "geometry": { "type": "LineString", "coordinates": [ [ 377747.790579124644864, 2046471.902720903046429 ], [ 377717.790579124644864, 2046471.902720903046429 ] ] } },
{ "type": "Feature", "properties": { "drain_id": "RN_DRAIN_00171", "source_type": "dem_inferred_surface_flow", "is_inferred": true, "acc_cells": 28, "upstream_area_m2": 24918.257549870603, "length_m": 30.0, "start_elevation_m": 563.258, "end_elevation_m": 562.845, "elevation_drop_m": 0.413, "slope_m_per_m": 0.013751, "slope_percent": 1.375, "terrain_slope_deg": 1.096, "strahler_order": 1, "capacity_class": "low", "scenario_width_m": 0.4, "scenario_depth_m": 0.3, "scenario_manning_n": 0.035, "capacity_effective_slope": 0.013751, "capacity_slope_floor": 0.001, "capacity_m3s": 0.097814034718162732, "capacity_scenario": "prototype_open_channel_base", "capacity_source": "synthetic_manning_scenario", "capacity_is_observed": 0 }, "geometry": { "type": "LineString", "coordinates": [ [ 377777.790579124644864, 2046471.902720903046429 ], [ 377747.790579124644864, 2046471.902720903046429 ] ] } },
{ "type": "Feature", "properties": { "drain_id": "RN_DRAIN_00172", "source_type": "dem_inferred_surface_flow", "is_inferred": true, "acc_cells": 29, "upstream_area_m2": 26191.516017009319, "length_m": 42.43, "start_elevation_m": 564.553, "end_elevation_m": 564.39, "elevation_drop_m": 0.162, "slope_m_per_m": 0.003825, "slope_percent": 0.382, "terrain_slope_deg": 2.399, "strahler_order": 1, "capacity_class": "low", "scenario_width_m": 0.4, "scenario_depth_m": 0.3, "scenario_manning_n": 0.035, "capacity_effective_slope": 0.003825, "capacity_slope_floor": 0.001, "capacity_m3s": 0.051588126028988532, "capacity_scenario": "prototype_open_channel_base", "capacity_source": "synthetic_manning_scenario", "capacity_is_observed": 0 }, "geometry": { "type": "LineString", "coordinates": [ [ 377867.790579124644864, 2046471.902720903046429 ], [ 377837.790579124644864, 2046441.902720903046429 ] ] } },
{ "type": "Feature", "properties": { "drain_id": "RN_DRAIN_00173", "source_type": "dem_inferred_surface_flow", "is_inferred": true, "acc_cells": 44, "upstream_area_m2": 39506.312776737323, "length_m": 30.0, "start_elevation_m": 566.734, "end_elevation_m": 566.303, "elevation_drop_m": 0.431, "slope_m_per_m": 0.01436, "slope_percent": 1.436, "terrain_slope_deg": 0.205, "strahler_order": 1, "capacity_class": "low", "scenario_width_m": 0.4, "scenario_depth_m": 0.3, "scenario_manning_n": 0.035, "capacity_effective_slope": 0.01436, "capacity_slope_floor": 0.001, "capacity_m3s": 0.099956548690042585, "capacity_scenario": "prototype_open_channel_base", "capacity_source": "synthetic_manning_scenario", "capacity_is_observed": 0 }, "geometry": { "type": "LineString", "coordinates": [ [ 378047.790579124644864, 2046471.902720903046429 ], [ 378047.790579124644864, 2046501.902720903046429 ] ] } },
{ "type": "Feature", "properties": { "drain_id": "RN_DRAIN_00174", "source_type": "dem_inferred_surface_flow", "is_inferred": true, "acc_cells": 29, "upstream_area_m2": 25963.104190348462, "length_m": 30.0, "start_elevation_m": 561.371, "end_elevation_m": 560.507, "elevation_drop_m": 0.864, "slope_m_per_m": 0.028796, "slope_percent": 2.88, "terrain_slope_deg": 5.611, "strahler_order": 1, "capacity_class": "low", "scenario_width_m": 0.4, "scenario_depth_m": 0.3, "scenario_manning_n": 0.035, "capacity_effective_slope": 0.028796, "capacity_slope_floor": 0.001, "capacity_m3s": 0.14154681932172938, "capacity_scenario": "prototype_open_channel_base", "capacity_source": "synthetic_manning_scenario", "capacity_is_observed": 0 }, "geometry": { "type": "LineString", "coordinates": [ [ 376877.790579124644864, 2046441.902720903046429 ], [ 376907.790579124644864, 2046441.902720903046429 ] ] } },
{ "type": "Feature", "properties": { "drain_id": "RN_DRAIN_00175", "source_type": "dem_inferred_surface_flow", "is_inferred": true, "acc_cells": 31, "upstream_area_m2": 27623.30626808128, "length_m": 30.0, "start_elevation_m": 560.507, "end_elevation_m": 557.746, "elevation_drop_m": 2.761, "slope_m_per_m": 0.092023, "slope_percent": 9.202, "terrain_slope_deg": 5.405, "strahler_order": 1, "capacity_class": "low", "scenario_width_m": 0.4, "scenario_depth_m": 0.3, "scenario_manning_n": 0.035, "capacity_effective_slope": 0.092023, "capacity_slope_floor": 0.001, "capacity_m3s": 0.25303594900247378, "capacity_scenario": "prototype_open_channel_base", "capacity_source": "synthetic_manning_scenario", "capacity_is_observed": 0 }, "geometry": { "type": "LineString", "coordinates": [ [ 376907.790579124644864, 2046441.902720903046429 ], [ 376937.790579124644864, 2046441.902720903046429 ] ] } },
{ "type": "Feature", "properties": { "drain_id": "RN_DRAIN_00176", "source_type": "dem_inferred_surface_flow", "is_inferred": true, "acc_cells": 33, "upstream_area_m2": 29886.405734462933, "length_m": 42.43, "start_elevation_m": 557.746, "end_elevation_m": 555.219, "elevation_drop_m": 2.527, "slope_m_per_m": 0.059549, "slope_percent": 5.955, "terrain_slope_deg": 4.403, "strahler_order": 1, "capacity_class": "low", "scenario_width_m": 0.4, "scenario_depth_m": 0.3, "scenario_manning_n": 0.035, "capacity_effective_slope": 0.059549, "capacity_slope_floor": 0.001, "capacity_m3s": 0.2035500759701358, "capacity_scenario": "prototype_open_channel_base", "capacity_source": "synthetic_manning_scenario", "capacity_is_observed": 0 }, "geometry": { "type": "LineString", "coordinates": [ [ 376937.790579124644864, 2046441.902720903046429 ], [ 376967.790579124644864, 2046411.902720903046429 ] ] } },
{ "type": "Feature", "properties": { "drain_id": "RN_DRAIN_00177", "source_type": "dem_inferred_surface_flow", "is_inferred": true, "acc_cells": 53, "upstream_area_m2": 48125.691796014486, "length_m": 42.43, "start_elevation_m": 553.008, "end_elevation_m": 547.593, "elevation_drop_m": 5.414, "slope_m_per_m": 0.12761, "slope_percent": 12.761, "terrain_slope_deg": 6.665, "strahler_order": 1, "capacity_class": "low", "scenario_width_m": 0.4, "scenario_depth_m": 0.3, "scenario_manning_n": 0.035, "capacity_effective_slope": 0.12761, "capacity_slope_floor": 0.001, "capacity_m3s": 0.29797263860351214, "capacity_scenario": "prototype_open_channel_base", "capacity_source": "synthetic_manning_scenario", "capacity_is_observed": 0 }, "geometry": { "type": "LineString", "coordinates": [ [ 377057.790579124644864, 2046441.902720903046429 ], [ 377087.790579124644864, 2046471.902720903046429 ] ] } },
{ "type": "Feature", "properties": { "drain_id": "RN_DRAIN_00178", "source_type": "dem_inferred_surface_flow", "is_inferred": true, "acc_cells": 192, "upstream_area_m2": 172512.86247563461, "length_m": 42.43, "start_elevation_m": 544.041, "end_elevation_m": 543.967, "elevation_drop_m": 0.074, "slope_m_per_m": 0.001745, "slope_percent": 0.174, "terrain_slope_deg": 1.617, "strahler_order": 1, "capacity_class": "low", "scenario_width_m": 0.4, "scenario_depth_m": 0.3, "scenario_manning_n": 0.035, "capacity_effective_slope": 0.001745, "capacity_slope_floor": 0.001, "capacity_m3s": 0.034844300305034812, "capacity_scenario": "prototype_open_channel_base", "capacity_source": "synthetic_manning_scenario", "capacity_is_observed": 0 }, "geometry": { "type": "LineString", "coordinates": [ [ 377147.790579124644864, 2046441.902720903046429 ], [ 377177.790579124644864, 2046471.902720903046429 ] ] } },
{ "type": "Feature", "properties": { "drain_id": "RN_DRAIN_00179", "source_type": "dem_inferred_surface_flow", "is_inferred": true, "acc_cells": 10082, "upstream_area_m2": 9073458.5318259019, "length_m": 30.0, "start_elevation_m": 544.02, "end_elevation_m": 543.967, "elevation_drop_m": 0.052, "slope_m_per_m": 0.001746, "slope_percent": 0.175, "terrain_slope_deg": 1.617, "strahler_order": 4, "capacity_class": "very_high", "scenario_width_m": 1.4, "scenario_depth_m": 0.8, "scenario_manning_n": 0.035, "capacity_effective_slope": 0.001746, "capacity_slope_floor": 0.001, "capacity_m3s": 0.69327138773681873, "capacity_scenario": "prototype_open_channel_base", "capacity_source": "synthetic_manning_scenario", "capacity_is_observed": 0 }, "geometry": { "type": "LineString", "coordinates": [ [ 377177.790579124644864, 2046441.902720903046429 ], [ 377177.790579124644864, 2046471.902720903046429 ] ] } },
{ "type": "Feature", "properties": { "drain_id": "RN_DRAIN_00180", "source_type": "dem_inferred_surface_flow", "is_inferred": true, "acc_cells": 396, "upstream_area_m2": 356390.34843899001, "length_m": 42.43, "start_elevation_m": 544.041, "end_elevation_m": 543.967, "elevation_drop_m": 0.074, "slope_m_per_m": 0.001745, "slope_percent": 0.174, "terrain_slope_deg": 5.982, "strahler_order": 1, "capacity_class": "low", "scenario_width_m": 0.4, "scenario_depth_m": 0.3, "scenario_manning_n": 0.035, "capacity_effective_slope": 0.001745, "capacity_slope_floor": 0.001, "capacity_m3s": 0.034844300305034812, "capacity_scenario": "prototype_open_channel_base", "capacity_source": "synthetic_manning_scenario", "capacity_is_observed": 0 }, "geometry": { "type": "LineString", "coordinates": [ [ 377207.790579124644864, 2046441.902720903046429 ], [ 377177.790579124644864, 2046471.902720903046429 ] ] } },
{ "type": "Feature", "properties": { "drain_id": "RN_DRAIN_00181", "source_type": "dem_inferred_surface_flow", "is_inferred": true, "acc_cells": 4436, "upstream_area_m2": 3992198.3641213812, "length_m": 30.0, "start_elevation_m": 556.895, "end_elevation_m": 556.843, "elevation_drop_m": 0.052, "slope_m_per_m": 0.001746, "slope_percent": 0.175, "terrain_slope_deg": 3.602, "strahler_order": 3, "capacity_class": "high", "scenario_width_m": 1.0, "scenario_depth_m": 0.6, "scenario_manning_n": 0.035, "capacity_effective_slope": 0.001746, "capacity_slope_floor": 0.001, "capacity_m3s": 0.30124813859248456, "capacity_scenario": "prototype_open_channel_base", "capacity_source": "synthetic_manning_scenario", "capacity_is_observed": 0 }, "geometry": { "type": "LineString", "coordinates": [ [ 377417.790579124644864, 2046441.902720903046429 ], [ 377417.790579124644864, 2046471.902720903046429 ] ] } },
{ "type": "Feature", "properties": { "drain_id": "RN_DRAIN_00182", "source_type": "dem_inferred_surface_flow", "is_inferred": true, "acc_cells": 1501, "upstream_area_m2": 1350949.086263109, "length_m": 42.43, "start_elevation_m": 556.917, "end_elevation_m": 556.843, "elevation_drop_m": 0.074, "slope_m_per_m": 0.001745, "slope_percent": 0.174, "terrain_slope_deg": 6.084, "strahler_order": 1, "capacity_class": "low", "scenario_width_m": 0.4, "scenario_depth_m": 0.3, "scenario_manning_n": 0.035, "capacity_effective_slope": 0.001745, "capacity_slope_floor": 0.001, "capacity_m3s": 0.034844300305034812, "capacity_scenario": "prototype_open_channel_base", "capacity_source": "synthetic_manning_scenario", "capacity_is_observed": 0 }, "geometry": { "type": "LineString", "coordinates": [ [ 377447.790579124644864, 2046441.902720903046429 ], [ 377417.790579124644864, 2046471.902720903046429 ] ] } },
{ "type": "Feature", "properties": { "drain_id": "RN_DRAIN_00183", "source_type": "dem_inferred_surface_flow", "is_inferred": true, "acc_cells": 38, "upstream_area_m2": 34234.860088765839, "length_m": 42.43, "start_elevation_m": 563.4, "end_elevation_m": 563.258, "elevation_drop_m": 0.142, "slope_m_per_m": 0.003356, "slope_percent": 0.336, "terrain_slope_deg": 1.598, "strahler_order": 1, "capacity_class": "low", "scenario_width_m": 0.4, "scenario_depth_m": 0.3, "scenario_manning_n": 0.035, "capacity_effective_slope": 0.003356, "capacity_slope_floor": 0.001, "capacity_m3s": 0.048322011957489273, "capacity_scenario": "prototype_open_channel_base", "capacity_source": "synthetic_manning_scenario", "capacity_is_observed": 0 }, "geometry": { "type": "LineString", "coordinates": [ [ 377807.790579124644864, 2046441.902720903046429 ], [ 377777.790579124644864, 2046471.902720903046429 ] ] } },
{ "type": "Feature", "properties": { "drain_id": "RN_DRAIN_00184", "source_type": "dem_inferred_surface_flow", "is_inferred": true, "acc_cells": 34, "upstream_area_m2": 30544.881973427666, "length_m": 30.0, "start_elevation_m": 564.39, "end_elevation_m": 563.4, "elevation_drop_m": 0.99, "slope_m_per_m": 0.033004, "slope_percent": 3.3, "terrain_slope_deg": 1.765, "strahler_order": 1, "capacity_class": "low", "scenario_width_m": 0.4, "scenario_depth_m": 0.3, "scenario_manning_n": 0.035, "capacity_effective_slope": 0.033004, "capacity_slope_floor": 0.001, "capacity_m3s": 0.1515365242075139, "capacity_scenario": "prototype_open_channel_base", "capacity_source": "synthetic_manning_scenario", "capacity_is_observed": 0 }, "geometry": { "type": "LineString", "coordinates": [ [ 377837.790579124644864, 2046441.902720903046429 ], [ 377807.790579124644864, 2046441.902720903046429 ] ] } },
{ "type": "Feature", "properties": { "drain_id": "RN_DRAIN_00185", "source_type": "dem_inferred_surface_flow", "is_inferred": true, "acc_cells": 42, "upstream_area_m2": 37870.191030999064, "length_m": 30.0, "start_elevation_m": 566.786, "end_elevation_m": 566.734, "elevation_drop_m": 0.052, "slope_m_per_m": 0.001746, "slope_percent": 0.175, "terrain_slope_deg": 0.633, "strahler_order": 1, "capacity_class": "low", "scenario_width_m": 0.4, "scenario_depth_m": 0.3, "scenario_manning_n": 0.035, "capacity_effective_slope": 0.001746, "capacity_slope_floor": 0.001, "capacity_m3s": 0.034854282915268278, "capacity_scenario": "prototype_open_channel_base", "capacity_source": "synthetic_manning_scenario", "capacity_is_observed": 0 }, "geometry": { "type": "LineString", "coordinates": [ [ 378047.790579124644864, 2046441.902720903046429 ], [ 378047.790579124644864, 2046471.902720903046429 ] ] } },
{ "type": "Feature", "properties": { "drain_id": "RN_DRAIN_00186", "source_type": "dem_inferred_surface_flow", "is_inferred": true, "acc_cells": 39, "upstream_area_m2": 35509.186195964503, "length_m": 30.0, "start_elevation_m": 555.219, "end_elevation_m": 554.235, "elevation_drop_m": 0.984, "slope_m_per_m": 0.03281, "slope_percent": 3.281, "terrain_slope_deg": 1.704, "strahler_order": 1, "capacity_class": "low", "scenario_width_m": 0.4, "scenario_depth_m": 0.3, "scenario_manning_n": 0.035, "capacity_effective_slope": 0.03281, "capacity_slope_floor": 0.001, "capacity_m3s": 0.151090496238554, "capacity_scenario": "prototype_open_channel_base", "capacity_source": "synthetic_manning_scenario", "capacity_is_observed": 0 }, "geometry": { "type": "LineString", "coordinates": [ [ 376967.790579124644864, 2046411.902720903046429 ], [ 376997.790579124644864, 2046411.902720903046429 ] ] } },
{ "type": "Feature", "properties": { "drain_id": "RN_DRAIN_00187", "source_type": "dem_inferred_surface_flow", "is_inferred": true, "acc_cells": 50, "upstream_area_m2": 45001.561505901656, "length_m": 30.0, "start_elevation_m": 554.235, "end_elevation_m": 554.15, "elevation_drop_m": 0.085, "slope_m_per_m": 0.002842, "slope_percent": 0.284, "terrain_slope_deg": 1.149, "strahler_order": 1, "capacity_class": "low", "scenario_width_m": 0.4, "scenario_depth_m": 0.3, "scenario_manning_n": 0.035, "capacity_effective_slope": 0.002842, "capacity_slope_floor": 0.001, "capacity_m3s": 0.044467843567026905, "capacity_scenario": "prototype_open_channel_base", "capacity_source": "synthetic_manning_scenario", "capacity_is_observed": 0 }, "geometry": { "type": "LineString", "coordinates": [ [ 376997.790579124644864, 2046411.902720903046429 ], [ 377027.790579124644864, 2046411.902720903046429 ] ] } },
{ "type": "Feature", "properties": { "drain_id": "RN_DRAIN_00188", "source_type": "dem_inferred_surface_flow", "is_inferred": true, "acc_cells": 52, "upstream_area_m2": 46848.363487628136, "length_m": 42.43, "start_elevation_m": 554.15, "end_elevation_m": 553.008, "elevation_drop_m": 1.142, "slope_m_per_m": 0.026924, "slope_percent": 2.692, "terrain_slope_deg": 2.194, "strahler_order": 1, "capacity_class": "low", "scenario_width_m": 0.4, "scenario_depth_m": 0.3, "scenario_manning_n": 0.035, "capacity_effective_slope": 0.026924, "capacity_slope_floor": 0.001, "capacity_m3s": 0.13686859948507724, "capacity_scenario": "prototype_open_channel_base", "capacity_source": "synthetic_manning_scenario", "capacity_is_observed": 0 }, "geometry": { "type": "LineString", "coordinates": [ [ 377027.790579124644864, 2046411.902720903046429 ], [ 377057.790579124644864, 2046441.902720903046429 ] ] } },
{ "type": "Feature", "properties": { "drain_id": "RN_DRAIN_00189", "source_type": "dem_inferred_surface_flow", "is_inferred": true, "acc_cells": 50, "upstream_area_m2": 44845.644654578609, "length_m": 42.43, "start_elevation_m": 548.758, "end_elevation_m": 544.041, "elevation_drop_m": 4.717, "slope_m_per_m": 0.111171, "slope_percent": 11.117, "terrain_slope_deg": 6.866, "strahler_order": 1, "capacity_class": "low", "scenario_width_m": 0.4, "scenario_depth_m": 0.3, "scenario_manning_n": 0.035, "capacity_effective_slope": 0.111171, "capacity_slope_floor": 0.001, "capacity_m3s": 0.2781184424317617, "capacity_scenario": "prototype_open_channel_base", "capacity_source": "synthetic_manning_scenario", "capacity_is_observed": 0 }, "geometry": { "type": "LineString", "coordinates": [ [ 377117.790579124644864, 2046411.902720903046429 ], [ 377147.790579124644864, 2046441.902720903046429 ] ] } },
{ "type": "Feature", "properties": { "drain_id": "RN_DRAIN_00190", "source_type": "dem_inferred_surface_flow", "is_inferred": true, "acc_cells": 29, "upstream_area_m2": 25764.474328937555, "length_m": 30.0, "start_elevation_m": 546.068, "end_elevation_m": 544.072, "elevation_drop_m": 1.996, "slope_m_per_m": 0.066522, "slope_percent": 6.652, "terrain_slope_deg": 3.126, "strahler_order": 1, "capacity_class": "low", "scenario_width_m": 0.4, "scenario_depth_m": 0.3, "scenario_manning_n": 0.035, "capacity_effective_slope": 0.066522, "capacity_slope_floor": 0.001, "capacity_m3s": 0.21513777926228358, "capacity_scenario": "prototype_open_channel_base", "capacity_source": "synthetic_manning_scenario", "capacity_is_observed": 0 }, "geometry": { "type": "LineString", "coordinates": [ [ 377147.790579124644864, 2046411.902720903046429 ], [ 377177.790579124644864, 2046411.902720903046429 ] ] } },
{ "type": "Feature", "properties": { "drain_id": "RN_DRAIN_00191", "source_type": "dem_inferred_surface_flow", "is_inferred": true, "acc_cells": 10092, "upstream_area_m2": 9082420.0524120089, "length_m": 30.0, "start_elevation_m": 544.072, "end_elevation_m": 544.02, "elevation_drop_m": 0.052, "slope_m_per_m": 0.001744, "slope_percent": 0.174, "terrain_slope_deg": 3.126, "strahler_order": 4, "capacity_class": "very_high", "scenario_width_m": 1.4, "scenario_depth_m": 0.8, "scenario_manning_n": 0.035, "capacity_effective_slope": 0.001744, "capacity_slope_floor": 0.001, "capacity_m3s": 0.69287421131479709, "capacity_scenario": "prototype_open_channel_base", "capacity_source": "synthetic_manning_scenario", "capacity_is_observed": 0 }, "geometry": { "type": "LineString", "coordinates": [ [ 377177.790579124644864, 2046411.902720903046429 ], [ 377177.790579124644864, 2046441.902720903046429 ] ] } },
{ "type": "Feature", "properties": { "drain_id": "RN_DRAIN_00192", "source_type": "dem_inferred_surface_flow", "is_inferred": true, "acc_cells": 510, "upstream_area_m2": 459003.00918012892, "length_m": 30.0, "start_elevation_m": 544.094, "end_elevation_m": 544.072, "elevation_drop_m": 0.022, "slope_m_per_m": 0.000724, "slope_percent": 0.072, "terrain_slope_deg": 5.595, "strahler_order": 1, "capacity_class": "low", "scenario_width_m": 0.4, "scenario_depth_m": 0.3, "scenario_manning_n": 0.035, "capacity_effective_slope": 0.001, "capacity_slope_floor": 0.001, "capacity_m3s": 0.02637752433631995, "capacity_scenario": "prototype_open_channel_base", "capacity_source": "synthetic_manning_scenario", "capacity_is_observed": 0 }, "geometry": { "type": "LineString", "coordinates": [ [ 377207.790579124644864, 2046411.902720903046429 ], [ 377177.790579124644864, 2046411.902720903046429 ] ] } },
{ "type": "Feature", "properties": { "drain_id": "RN_DRAIN_00193", "source_type": "dem_inferred_surface_flow", "is_inferred": true, "acc_cells": 2951, "upstream_area_m2": 2655568.0067038406, "length_m": 30.0, "start_elevation_m": 556.948, "end_elevation_m": 556.895, "elevation_drop_m": 0.052, "slope_m_per_m": 0.001746, "slope_percent": 0.175, "terrain_slope_deg": 3.361, "strahler_order": 1, "capacity_class": "low", "scenario_width_m": 0.4, "scenario_depth_m": 0.3, "scenario_manning_n": 0.035, "capacity_effective_slope": 0.001746, "capacity_slope_floor": 0.001, "capacity_m3s": 0.034854282915268278, "capacity_scenario": "prototype_open_channel_base", "capacity_source": "synthetic_manning_scenario", "capacity_is_observed": 0 }, "geometry": { "type": "LineString", "coordinates": [ [ 377417.790579124644864, 2046411.902720903046429 ], [ 377417.790579124644864, 2046441.902720903046429 ] ] } },
{ "type": "Feature", "properties": { "drain_id": "RN_DRAIN_00194", "source_type": "dem_inferred_surface_flow", "is_inferred": true, "acc_cells": 2987, "upstream_area_m2": 2688310.6464517103, "length_m": 42.43, "start_elevation_m": 556.969, "end_elevation_m": 556.895, "elevation_drop_m": 0.074, "slope_m_per_m": 0.001745, "slope_percent": 0.174, "terrain_slope_deg": 7.746, "strahler_order": 3, "capacity_class": "high", "scenario_width_m": 1.0, "scenario_depth_m": 0.6, "scenario_manning_n": 0.035, "capacity_effective_slope": 0.001745, "capacity_slope_floor": 0.001, "capacity_m3s": 0.30116185815577506, "capacity_scenario": "prototype_open_channel_base", "capacity_source": "synthetic_manning_scenario", "capacity_is_observed": 0 }, "geometry": { "type": "LineString", "coordinates": [ [ 377447.790579124644864, 2046411.902720903046429 ], [ 377417.790579124644864, 2046441.902720903046429 ] ] } },
{ "type": "Feature", "properties": { "drain_id": "RN_DRAIN_00195", "source_type": "dem_inferred_surface_flow", "is_inferred": true, "acc_cells": 40, "upstream_area_m2": 36123.969725011812, "length_m": 30.0, "start_elevation_m": 566.839, "end_elevation_m": 566.786, "elevation_drop_m": 0.052, "slope_m_per_m": 0.001746, "slope_percent": 0.175, "terrain_slope_deg": 2.579, "strahler_order": 1, "capacity_class": "low", "scenario_width_m": 0.4, "scenario_depth_m": 0.3, "scenario_manning_n": 0.035, "capacity_effective_slope": 0.001746, "capacity_slope_floor": 0.001, "capacity_m3s": 0.034854282915268278, "capacity_scenario": "prototype_open_channel_base", "capacity_source": "synthetic_manning_scenario", "capacity_is_observed": 0 }, "geometry": { "type": "LineString", "coordinates": [ [ 378047.790579124644864, 2046411.902720903046429 ], [ 378047.790579124644864, 2046441.902720903046429 ] ] } },
{ "type": "Feature", "properties": { "drain_id": "RN_DRAIN_00196", "source_type": "dem_inferred_surface_flow", "is_inferred": true, "acc_cells": 25, "upstream_area_m2": 22513.517379165951, "length_m": 42.43, "start_elevation_m": 567.004, "end_elevation_m": 566.913, "elevation_drop_m": 0.091, "slope_m_per_m": 0.002145, "slope_percent": 0.214, "terrain_slope_deg": 0.788, "strahler_order": 1, "capacity_class": "low", "scenario_width_m": 0.4, "scenario_depth_m": 0.3, "scenario_manning_n": 0.035, "capacity_effective_slope": 0.002145, "capacity_slope_floor": 0.001, "capacity_m3s": 0.038632043432786596, "capacity_scenario": "prototype_open_channel_base", "capacity_source": "synthetic_manning_scenario", "capacity_is_observed": 0 }, "geometry": { "type": "LineString", "coordinates": [ [ 378107.790579124644864, 2046411.902720903046429 ], [ 378077.790579124644864, 2046381.902720903046429 ] ] } },
{ "type": "Feature", "properties": { "drain_id": "RN_DRAIN_00197", "source_type": "dem_inferred_surface_flow", "is_inferred": true, "acc_cells": 236, "upstream_area_m2": 211977.52545742918, "length_m": 13.89, "start_elevation_m": 561.883, "end_elevation_m": 561.883, "elevation_drop_m": 0.0, "slope_m_per_m": 0.0, "slope_percent": 0.0, "terrain_slope_deg": 1.526, "strahler_order": 1, "capacity_class": "low", "scenario_width_m": 0.4, "scenario_depth_m": 0.3, "scenario_manning_n": 0.035, "capacity_effective_slope": 0.001, "capacity_slope_floor": 0.001, "capacity_m3s": 0.02637752433631995, "capacity_scenario": "prototype_open_channel_base", "capacity_source": "synthetic_manning_scenario", "capacity_is_observed": 0 }, "geometry": { "type": "LineString", "coordinates": [ [ 376503.898341461026575, 2046381.902720903046429 ], [ 376517.790579124644864, 2046381.902720903046429 ] ] } },
{ "type": "Feature", "properties": { "drain_id": "RN_DRAIN_00198", "source_type": "dem_inferred_surface_flow", "is_inferred": true, "acc_cells": 240, "upstream_area_m2": 215646.88821966358, "length_m": 30.0, "start_elevation_m": 561.883, "end_elevation_m": 561.831, "elevation_drop_m": 0.052, "slope_m_per_m": 0.001746, "slope_percent": 0.175, "terrain_slope_deg": 0.876, "strahler_order": 1, "capacity_class": "low", "scenario_width_m": 0.4, "scenario_depth_m": 0.3, "scenario_manning_n": 0.035, "capacity_effective_slope": 0.001746, "capacity_slope_floor": 0.001, "capacity_m3s": 0.034854282915268278, "capacity_scenario": "prototype_open_channel_base", "capacity_source": "synthetic_manning_scenario", "capacity_is_observed": 0 }, "geometry": { "type": "LineString", "coordinates": [ [ 376517.790579124644864, 2046381.902720903046429 ], [ 376547.790579124644864, 2046381.902720903046429 ] ] } },
{ "type": "Feature", "properties": { "drain_id": "RN_DRAIN_00199", "source_type": "dem_inferred_surface_flow", "is_inferred": true, "acc_cells": 260, "upstream_area_m2": 233581.73240945963, "length_m": 30.0, "start_elevation_m": 561.831, "end_elevation_m": 561.779, "elevation_drop_m": 0.052, "slope_m_per_m": 0.001746, "slope_percent": 0.175, "terrain_slope_deg": 2.098, "strahler_order": 1, "capacity_class": "low", "scenario_width_m": 0.4, "scenario_depth_m": 0.3, "scenario_manning_n": 0.035, "capacity_effective_slope": 0.001746, "capacity_slope_floor": 0.001, "capacity_m3s": 0.034854282915268278, "capacity_scenario": "prototype_open_channel_base", "capacity_source": "synthetic_manning_scenario", "capacity_is_observed": 0 }, "geometry": { "type": "LineString", "coordinates": [ [ 376547.790579124644864, 2046381.902720903046429 ], [ 376577.790579124644864, 2046381.902720903046429 ] ] } },
{ "type": "Feature", "properties": { "drain_id": "RN_DRAIN_00200", "source_type": "dem_inferred_surface_flow", "is_inferred": true, "acc_cells": 264, "upstream_area_m2": 237700.21250788026, "length_m": 42.43, "start_elevation_m": 561.779, "end_elevation_m": 561.705, "elevation_drop_m": 0.074, "slope_m_per_m": 0.001745, "slope_percent": 0.174, "terrain_slope_deg": 3.411, "strahler_order": 1, "capacity_class": "low", "scenario_width_m": 0.4, "scenario_depth_m": 0.3, "scenario_manning_n": 0.035, "capacity_effective_slope": 0.001745, "capacity_slope_floor": 0.001, "capacity_m3s": 0.034844300305034812, "capacity_scenario": "prototype_open_channel_base", "capacity_source": "synthetic_manning_scenario", "capacity_is_observed": 0 }, "geometry": { "type": "LineString", "coordinates": [ [ 376577.790579124644864, 2046381.902720903046429 ], [ 376607.790579124644864, 2046351.902720903046429 ] ] } },
{ "type": "Feature", "properties": { "drain_id": "RN_DRAIN_00201", "source_type": "dem_inferred_surface_flow", "is_inferred": true, "acc_cells": 68, "upstream_area_m2": 60849.090879882191, "length_m": 42.43, "start_elevation_m": 552.976, "end_elevation_m": 551.639, "elevation_drop_m": 1.337, "slope_m_per_m": 0.031519, "slope_percent": 3.152, "terrain_slope_deg": 5.379, "strahler_order": 1, "capacity_class": "low", "scenario_width_m": 0.4, "scenario_depth_m": 0.3, "scenario_manning_n": 0.035, "capacity_effective_slope": 0.031519, "capacity_slope_floor": 0.001, "capacity_m3s": 0.14808812947220454, "capacity_scenario": "prototype_open_channel_base", "capacity_source": "synthetic_manning_scenario", "capacity_is_observed": 0 }, "geometry": { "type": "LineString", "coordinates": [ [ 377087.790579124644864, 2046381.902720903046429 ], [ 377117.790579124644864, 2046351.902720903046429 ] ] } },
{ "type": "Feature", "properties": { "drain_id": "RN_DRAIN_00202", "source_type": "dem_inferred_surface_flow", "is_inferred": true, "acc_cells": 38, "upstream_area_m2": 33854.091977619195, "length_m": 42.43, "start_elevation_m": 550.467, "end_elevation_m": 547.374, "elevation_drop_m": 3.094, "slope_m_per_m": 0.07291, "slope_percent": 7.291, "terrain_slope_deg": 8.815, "strahler_order": 1, "capacity_class": "low", "scenario_width_m": 0.4, "scenario_depth_m": 0.3, "scenario_manning_n": 0.035, "capacity_effective_slope": 0.07291, "capacity_slope_floor": 0.001, "capacity_m3s": 0.22523069736860887, "capacity_scenario": "prototype_open_channel_base", "capacity_source": "synthetic_manning_scenario", "capacity_is_observed": 0 }, "geometry": { "type": "LineString", "coordinates": [ [ 377117.790579124644864, 2046381.902720903046429 ], [ 377147.790579124644864, 2046351.902720903046429 ] ] } },
{ "type": "Feature", "properties": { "drain_id": "RN_DRAIN_00203", "source_type": "dem_inferred_surface_flow", "is_inferred": true, "acc_cells": 59, "upstream_area_m2": 53128.519431805122, "length_m": 42.43, "start_elevation_m": 547.193, "end_elevation_m": 544.072, "elevation_drop_m": 3.121, "slope_m_per_m": 0.073556, "slope_percent": 7.356, "terrain_slope_deg": 4.267, "strahler_order": 1, "capacity_class": "low", "scenario_width_m": 0.4, "scenario_depth_m": 0.3, "scenario_manning_n": 0.035, "capacity_effective_slope": 0.073556, "capacity_slope_floor": 0.001, "capacity_m3s": 0.22622629578712322, "capacity_scenario": "prototype_open_channel_base", "capacity_source": "synthetic_manning_scenario", "capacity_is_observed": 0 }, "geometry": { "type": "LineString", "coordinates": [ [ 377147.790579124644864, 2046381.902720903046429 ], [ 377177.790579124644864, 2046411.902720903046429 ] ] } },
{ "type": "Feature", "properties": { "drain_id": "RN_DRAIN_00204", "source_type": "dem_inferred_surface_flow", "is_inferred": true, "acc_cells": 9766, "upstream_area_m2": 8789692.7538954224, "length_m": 30.0, "start_elevation_m": 544.124, "end_elevation_m": 544.072, "elevation_drop_m": 0.052, "slope_m_per_m": 0.001746, "slope_percent": 0.175, "terrain_slope_deg": 4.267, "strahler_order": 4, "capacity_class": "very_high", "scenario_width_m": 1.4, "scenario_depth_m": 0.8, "scenario_manning_n": 0.035, "capacity_effective_slope": 0.001746, "capacity_slope_floor": 0.001, "capacity_m3s": 0.69327138773681873, "capacity_scenario": "prototype_open_channel_base", "capacity_source": "synthetic_manning_scenario", "capacity_is_observed": 0 }, "geometry": { "type": "LineString", "coordinates": [ [ 377177.790579124644864, 2046381.902720903046429 ], [ 377177.790579124644864, 2046411.902720903046429 ] ] } },
{ "type": "Feature", "properties": { "drain_id": "RN_DRAIN_00205", "source_type": "dem_inferred_surface_flow", "is_inferred": true, "acc_cells": 813, "upstream_area_m2": 731586.57782509818, "length_m": 42.43, "start_elevation_m": 544.146, "end_elevation_m": 544.072, "elevation_drop_m": 0.074, "slope_m_per_m": 0.001746, "slope_percent": 0.175, "terrain_slope_deg": 4.688, "strahler_order": 1, "capacity_class": "low", "scenario_width_m": 0.4, "scenario_depth_m": 0.3, "scenario_manning_n": 0.035, "capacity_effective_slope": 0.001746, "capacity_slope_floor": 0.001, "capacity_m3s": 0.034854282915268278, "capacity_scenario": "prototype_open_channel_base", "capacity_source": "synthetic_manning_scenario", "capacity_is_observed": 0 }, "geometry": { "type": "LineString", "coordinates": [ [ 377207.790579124644864, 2046381.902720903046429 ], [ 377177.790579124644864, 2046411.902720903046429 ] ] } },
{ "type": "Feature", "properties": { "drain_id": "RN_DRAIN_00206", "source_type": "dem_inferred_surface_flow", "is_inferred": true, "acc_cells": 136, "upstream_area_m2": 121981.96305294849, "length_m": 42.43, "start_elevation_m": 557.0, "end_elevation_m": 556.969, "elevation_drop_m": 0.031, "slope_m_per_m": 0.000722, "slope_percent": 0.072, "terrain_slope_deg": 5.106, "strahler_order": 1, "capacity_class": "low", "scenario_width_m": 0.4, "scenario_depth_m": 0.3, "scenario_manning_n": 0.035, "capacity_effective_slope": 0.001, "capacity_slope_floor": 0.001, "capacity_m3s": 0.02637752433631995, "capacity_scenario": "prototype_open_channel_base", "capacity_source": "synthetic_manning_scenario", "capacity_is_observed": 0 }, "geometry": { "type": "LineString", "coordinates": [ [ 377417.790579124644864, 2046381.902720903046429 ], [ 377447.790579124644864, 2046411.902720903046429 ] ] } },
{ "type": "Feature", "properties": { "drain_id": "RN_DRAIN_00207", "source_type": "dem_inferred_surface_flow", "is_inferred": true, "acc_cells": 5818, "upstream_area_m2": 5236406.6464371495, "length_m": 30.0, "start_elevation_m": 557.022, "end_elevation_m": 556.969, "elevation_drop_m": 0.052, "slope_m_per_m": 0.001746, "slope_percent": 0.175, "terrain_slope_deg": 5.106, "strahler_order": 3, "capacity_class": "high", "scenario_width_m": 1.0, "scenario_depth_m": 0.6, "scenario_manning_n": 0.035, "capacity_effective_slope": 0.001746, "capacity_slope_floor": 0.001, "capacity_m3s": 0.30124813859248456, "capacity_scenario": "prototype_open_channel_base", "capacity_source": "synthetic_manning_scenario", "capacity_is_observed": 0 }, "geometry": { "type": "LineString", "coordinates": [ [ 377447.790579124644864, 2046381.902720903046429 ], [ 377447.790579124644864, 2046411.902720903046429 ] ] } },
{ "type": "Feature", "properties": { "drain_id": "RN_DRAIN_00208", "source_type": "dem_inferred_surface_flow", "is_inferred": true, "acc_cells": 29, "upstream_area_m2": 25703.430108781733, "length_m": 42.43, "start_elevation_m": 559.075, "end_elevation_m": 558.58, "elevation_drop_m": 0.495, "slope_m_per_m": 0.011659, "slope_percent": 1.166, "terrain_slope_deg": 4.158, "strahler_order": 1, "capacity_class": "low", "scenario_width_m": 0.4, "scenario_depth_m": 0.3, "scenario_manning_n": 0.035, "capacity_effective_slope": 0.011659, "capacity_slope_floor": 0.001, "capacity_m3s": 0.090066789766979211, "capacity_scenario": "prototype_open_channel_base", "capacity_source": "synthetic_manning_scenario", "capacity_is_observed": 0 }, "geometry": { "type": "LineString", "coordinates": [ [ 377567.790579124644864, 2046381.902720903046429 ], [ 377537.790579124644864, 2046351.902720903046429 ] ] } },
{ "type": "Feature", "properties": { "drain_id": "RN_DRAIN_00209", "source_type": "dem_inferred_surface_flow", "is_inferred": true, "acc_cells": 37, "upstream_area_m2": 33551.264953379039, "length_m": 42.43, "start_elevation_m": 566.913, "end_elevation_m": 566.839, "elevation_drop_m": 0.074, "slope_m_per_m": 0.001745, "slope_percent": 0.174, "terrain_slope_deg": 0.667, "strahler_order": 1, "capacity_class": "low", "scenario_width_m": 0.4, "scenario_depth_m": 0.3, "scenario_manning_n": 0.035, "capacity_effective_slope": 0.001745, "capacity_slope_floor": 0.001, "capacity_m3s": 0.034844300305034812, "capacity_scenario": "prototype_open_channel_base", "capacity_source": "synthetic_manning_scenario", "capacity_is_observed": 0 }, "geometry": { "type": "LineString", "coordinates": [ [ 378077.790579124644864, 2046381.902720903046429 ], [ 378047.790579124644864, 2046411.902720903046429 ] ] } },
{ "type": "Feature", "properties": { "drain_id": "RN_DRAIN_00210", "source_type": "dem_inferred_surface_flow", "is_inferred": true, "acc_cells": 267, "upstream_area_m2": 240161.97372226327, "length_m": 42.43, "start_elevation_m": 561.705, "end_elevation_m": 561.631, "elevation_drop_m": 0.074, "slope_m_per_m": 0.001746, "slope_percent": 0.175, "terrain_slope_deg": 1.091, "strahler_order": 1, "capacity_class": "low", "scenario_width_m": 0.4, "scenario_depth_m": 0.3, "scenario_manning_n": 0.035, "capacity_effective_slope": 0.001746, "capacity_slope_floor": 0.001, "capacity_m3s": 0.034854282915268278, "capacity_scenario": "prototype_open_channel_base", "capacity_source": "synthetic_manning_scenario", "capacity_is_observed": 0 }, "geometry": { "type": "LineString", "coordinates": [ [ 376607.790579124644864, 2046351.902720903046429 ], [ 376637.790579124644864, 2046321.902720903046429 ] ] } },
{ "type": "Feature", "properties": { "drain_id": "RN_DRAIN_00211", "source_type": "dem_inferred_surface_flow", "is_inferred": true, "acc_cells": 69, "upstream_area_m2": 61712.019580799388, "length_m": 30.0, "start_elevation_m": 553.25, "end_elevation_m": 553.247, "elevation_drop_m": 0.003, "slope_m_per_m": 9.6e-05, "slope_percent": 0.01, "terrain_slope_deg": 0.567, "strahler_order": 1, "capacity_class": "low", "scenario_width_m": 0.4, "scenario_depth_m": 0.3, "scenario_manning_n": 0.035, "capacity_effective_slope": 0.001, "capacity_slope_floor": 0.001, "capacity_m3s": 0.02637752433631995, "capacity_scenario": "prototype_open_channel_base", "capacity_source": "synthetic_manning_scenario", "capacity_is_observed": 0 }, "geometry": { "type": "LineString", "coordinates": [ [ 377057.790579124644864, 2046351.902720903046429 ], [ 377057.790579124644864, 2046321.902720903046429 ] ] } },
{ "type": "Feature", "properties": { "drain_id": "RN_DRAIN_00212", "source_type": "dem_inferred_surface_flow", "is_inferred": true, "acc_cells": 224, "upstream_area_m2": 201683.18420459889, "length_m": 30.0, "start_elevation_m": 551.639, "end_elevation_m": 547.374, "elevation_drop_m": 4.265, "slope_m_per_m": 0.142169, "slope_percent": 14.217, "terrain_slope_deg": 8.815, "strahler_order": 2, "capacity_class": "medium", "scenario_width_m": 0.7, "scenario_depth_m": 0.45, "scenario_manning_n": 0.035, "capacity_effective_slope": 0.142169, "capacity_slope_floor": 0.001, "capacity_m3s": 1.1484321568452578, "capacity_scenario": "prototype_open_channel_base", "capacity_source": "synthetic_manning_scenario", "capacity_is_observed": 0 }, "geometry": { "type": "LineString", "coordinates": [ [ 377117.790579124644864, 2046351.902720903046429 ], [ 377147.790579124644864, 2046351.902720903046429 ] ] } },
{ "type": "Feature", "properties": { "drain_id": "RN_DRAIN_00213", "source_type": "dem_inferred_surface_flow", "is_inferred": true, "acc_cells": 223, "upstream_area_m2": 201009.66358246695, "length_m": 42.43, "start_elevation_m": 547.374, "end_elevation_m": 544.124, "elevation_drop_m": 3.249, "slope_m_per_m": 0.076582, "slope_percent": 7.658, "terrain_slope_deg": 5.172, "strahler_order": 2, "capacity_class": "medium", "scenario_width_m": 0.7, "scenario_depth_m": 0.45, "scenario_manning_n": 0.035, "capacity_effective_slope": 0.076582, "capacity_slope_floor": 0.001, "capacity_m3s": 0.84288095740383684, "capacity_scenario": "prototype_open_channel_base", "capacity_source": "synthetic_manning_scenario", "capacity_is_observed": 0 }, "geometry": { "type": "LineString", "coordinates": [ [ 377147.790579124644864, 2046351.902720903046429 ], [ 377177.790579124644864, 2046381.902720903046429 ] ] } },
{ "type": "Feature", "properties": { "drain_id": "RN_DRAIN_00214", "source_type": "dem_inferred_surface_flow", "is_inferred": true, "acc_cells": 9070, "upstream_area_m2": 8162632.539775636, "length_m": 30.0, "start_elevation_m": 544.177, "end_elevation_m": 544.124, "elevation_drop_m": 0.052, "slope_m_per_m": 0.001746, "slope_percent": 0.175, "terrain_slope_deg": 5.172, "strahler_order": 4, "capacity_class": "very_high", "scenario_width_m": 1.4, "scenario_depth_m": 0.8, "scenario_manning_n": 0.035, "capacity_effective_slope": 0.001746, "capacity_slope_floor": 0.001, "capacity_m3s": 0.69327138773681873, "capacity_scenario": "prototype_open_channel_base", "capacity_source": "synthetic_manning_scenario", "capacity_is_observed": 0 }, "geometry": { "type": "LineString", "coordinates": [ [ 377177.790579124644864, 2046351.902720903046429 ], [ 377177.790579124644864, 2046381.902720903046429 ] ] } },
{ "type": "Feature", "properties": { "drain_id": "RN_DRAIN_00215", "source_type": "dem_inferred_surface_flow", "is_inferred": true, "acc_cells": 1429, "upstream_area_m2": 1286303.0624022519, "length_m": 42.43, "start_elevation_m": 544.198, "end_elevation_m": 544.124, "elevation_drop_m": 0.074, "slope_m_per_m": 0.001745, "slope_percent": 0.174, "terrain_slope_deg": 3.995, "strahler_order": 1, "capacity_class": "low", "scenario_width_m": 0.4, "scenario_depth_m": 0.3, "scenario_manning_n": 0.035, "capacity_effective_slope": 0.001745, "capacity_slope_floor": 0.001, "capacity_m3s": 0.034844300305034812, "capacity_scenario": "prototype_open_channel_base", "capacity_source": "synthetic_manning_scenario", "capacity_is_observed": 0 }, "geometry": { "type": "LineString", "coordinates": [ [ 377207.790579124644864, 2046351.902720903046429 ], [ 377177.790579124644864, 2046381.902720903046429 ] ] } },
{ "type": "Feature", "properties": { "drain_id": "RN_DRAIN_00216", "source_type": "dem_inferred_surface_flow", "is_inferred": true, "acc_cells": 166, "upstream_area_m2": 148959.02987316035, "length_m": 30.0, "start_elevation_m": 557.074, "end_elevation_m": 557.022, "elevation_drop_m": 0.052, "slope_m_per_m": 0.001746, "slope_percent": 0.175, "terrain_slope_deg": 0.87, "strahler_order": 1, "capacity_class": "low", "scenario_width_m": 0.4, "scenario_depth_m": 0.3, "scenario_manning_n": 0.035, "capacity_effective_slope": 0.001746, "capacity_slope_floor": 0.001, "capacity_m3s": 0.034854282915268278, "capacity_scenario": "prototype_open_channel_base", "capacity_source": "synthetic_manning_scenario", "capacity_is_observed": 0 }, "geometry": { "type": "LineString", "coordinates": [ [ 377447.790579124644864, 2046351.902720903046429 ], [ 377447.790579124644864, 2046381.902720903046429 ] ] } },
{ "type": "Feature", "properties": { "drain_id": "RN_DRAIN_00217", "source_type": "dem_inferred_surface_flow", "is_inferred": true, "acc_cells": 5811, "upstream_area_m2": 5229863.6537030274, "length_m": 42.43, "start_elevation_m": 557.096, "end_elevation_m": 557.022, "elevation_drop_m": 0.074, "slope_m_per_m": 0.001745, "slope_percent": 0.174, "terrain_slope_deg": 5.847, "strahler_order": 3, "capacity_class": "high", "scenario_width_m": 1.0, "scenario_depth_m": 0.6, "scenario_manning_n": 0.035, "capacity_effective_slope": 0.001745, "capacity_slope_floor": 0.001, "capacity_m3s": 0.30116185815577506, "capacity_scenario": "prototype_open_channel_base", "capacity_source": "synthetic_manning_scenario", "capacity_is_observed": 0 }, "geometry": { "type": "LineString", "coordinates": [ [ 377477.790579124644864, 2046351.902720903046429 ], [ 377447.790579124644864, 2046381.902720903046429 ] ] } },
{ "type": "Feature", "properties": { "drain_id": "RN_DRAIN_00218", "source_type": "dem_inferred_surface_flow", "is_inferred": true, "acc_cells": 30, "upstream_area_m2": 27338.349402655302, "length_m": 42.43, "start_elevation_m": 558.58, "end_elevation_m": 557.17, "elevation_drop_m": 1.411, "slope_m_per_m": 0.033251, "slope_percent": 3.325, "terrain_slope_deg": 5.868, "strahler_order": 1, "capacity_class": "low", "scenario_width_m": 0.4, "scenario_depth_m": 0.3, "scenario_manning_n": 0.035, "capacity_effective_slope": 0.033251, "capacity_slope_floor": 0.001, "capacity_m3s": 0.1521025124547665, "capacity_scenario": "prototype_open_channel_base", "capacity_source": "synthetic_manning_scenario", "capacity_is_observed": 0 }, "geometry": { "type": "LineString", "coordinates": [ [ 377537.790579124644864, 2046351.902720903046429 ], [ 377507.790579124644864, 2046321.902720903046429 ] ] } },
{ "type": "Feature", "properties": { "drain_id": "RN_DRAIN_00219", "source_type": "dem_inferred_surface_flow", "is_inferred": true, "acc_cells": 29, "upstream_area_m2": 25888.853200812013, "length_m": 42.43, "start_elevation_m": 564.85, "end_elevation_m": 564.516, "elevation_drop_m": 0.334, "slope_m_per_m": 0.007863, "slope_percent": 0.786, "terrain_slope_deg": 1.155, "strahler_order": 1, "capacity_class": "low", "scenario_width_m": 0.4, "scenario_depth_m": 0.3, "scenario_manning_n": 0.035, "capacity_effective_slope": 0.007863, "capacity_slope_floor": 0.001, "capacity_m3s": 0.07396532506289491, "capacity_scenario": "prototype_open_channel_base", "capacity_source": "synthetic_manning_scenario", "capacity_is_observed": 0 }, "geometry": { "type": "LineString", "coordinates": [ [ 378437.790579124644864, 2046351.902720903046429 ], [ 378407.790579124644864, 2046321.902720903046429 ] ] } },
{ "type": "Feature", "properties": { "drain_id": "RN_DRAIN_00220", "source_type": "dem_inferred_surface_flow", "is_inferred": true, "acc_cells": 270, "upstream_area_m2": 242983.40785984794, "length_m": 42.43, "start_elevation_m": 561.631, "end_elevation_m": 561.557, "elevation_drop_m": 0.074, "slope_m_per_m": 0.001745, "slope_percent": 0.174, "terrain_slope_deg": 1.666, "strahler_order": 2, "capacity_class": "medium", "scenario_width_m": 0.7, "scenario_depth_m": 0.45, "scenario_manning_n": 0.035, "capacity_effective_slope": 0.001745, "capacity_slope_floor": 0.001, "capacity_m3s": 0.12723324562335805, "capacity_scenario": "prototype_open_channel_base", "capacity_source": "synthetic_manning_scenario", "capacity_is_observed": 0 }, "geometry": { "type": "LineString", "coordinates": [ [ 376637.790579124644864, 2046321.902720903046429 ], [ 376667.790579124644864, 2046291.902720903046429 ] ] } },
{ "type": "Feature", "properties": { "drain_id": "RN_DRAIN_00221", "source_type": "dem_inferred_surface_flow", "is_inferred": true, "acc_cells": 30, "upstream_area_m2": 27141.572443917226, "length_m": 30.0, "start_elevation_m": 561.609, "end_elevation_m": 561.557, "elevation_drop_m": 0.052, "slope_m_per_m": 0.001746, "slope_percent": 0.175, "terrain_slope_deg": 1.666, "strahler_order": 1, "capacity_class": "low", "scenario_width_m": 0.4, "scenario_depth_m": 0.3, "scenario_manning_n": 0.035, "capacity_effective_slope": 0.001746, "capacity_slope_floor": 0.001, "capacity_m3s": 0.034854282915268278, "capacity_scenario": "prototype_open_channel_base", "capacity_source": "synthetic_manning_scenario", "capacity_is_observed": 0 }, "geometry": { "type": "LineString", "coordinates": [ [ 376667.790579124644864, 2046321.902720903046429 ], [ 376667.790579124644864, 2046291.902720903046429 ] ] } },
{ "type": "Feature", "properties": { "drain_id": "RN_DRAIN_00222", "source_type": "dem_inferred_surface_flow", "is_inferred": true, "acc_cells": 208, "upstream_area_m2": 187077.3574192916, "length_m": 30.0, "start_elevation_m": 555.234, "end_elevation_m": 555.182, "elevation_drop_m": 0.052, "slope_m_per_m": 0.001746, "slope_percent": 0.175, "terrain_slope_deg": 4.484, "strahler_order": 2, "capacity_class": "medium", "scenario_width_m": 0.7, "scenario_depth_m": 0.45, "scenario_manning_n": 0.035, "capacity_effective_slope": 0.001746, "capacity_slope_floor": 0.001, "capacity_m3s": 0.1272696969192279, "capacity_scenario": "prototype_open_channel_base", "capacity_source": "synthetic_manning_scenario", "capacity_is_observed": 0 }, "geometry": { "type": "LineString", "coordinates": [ [ 376907.790579124644864, 2046321.902720903046429 ], [ 376937.790579124644864, 2046321.902720903046429 ] ] } },
{ "type": "Feature", "properties": { "drain_id": "RN_DRAIN_00223", "source_type": "dem_inferred_surface_flow", "is_inferred": true, "acc_cells": 308, "upstream_area_m2": 277472.08559248794, "length_m": 30.0, "start_elevation_m": 555.182, "end_elevation_m": 555.13, "elevation_drop_m": 0.052, "slope_m_per_m": 0.001746, "slope_percent": 0.175, "terrain_slope_deg": 1.619, "strahler_order": 2, "capacity_class": "medium", "scenario_width_m": 0.7, "scenario_depth_m": 0.45, "scenario_manning_n": 0.035, "capacity_effective_slope": 0.001746, "capacity_slope_floor": 0.001, "capacity_m3s": 0.1272696969192279, "capacity_scenario": "prototype_open_channel_base", "capacity_source": "synthetic_manning_scenario", "capacity_is_observed": 0 }, "geometry": { "type": "LineString", "coordinates": [ [ 376937.790579124644864, 2046321.902720903046429 ], [ 376967.790579124644864, 2046321.902720903046429 ] ] } },
{ "type": "Feature", "properties": { "drain_id": "RN_DRAIN_00224", "source_type": "dem_inferred_surface_flow", "is_inferred": true, "acc_cells": 408, "upstream_area_m2": 367524.69495167828, "length_m": 30.0, "start_elevation_m": 555.13, "end_elevation_m": 554.146, "elevation_drop_m": 0.983, "slope_m_per_m": 0.032774, "slope_percent": 3.277, "terrain_slope_deg": 1.581, "strahler_order": 2, "capacity_class": "medium", "scenario_width_m": 0.7, "scenario_depth_m": 0.45, "scenario_manning_n": 0.035, "capacity_effective_slope": 0.032774, "capacity_slope_floor": 0.001, "capacity_m3s": 0.55140108315180425, "capacity_scenario": "prototype_open_channel_base", "capacity_source": "synthetic_manning_scenario", "capacity_is_observed": 0 }, "geometry": { "type": "LineString", "coordinates": [ [ 376967.790579124644864, 2046321.902720903046429 ], [ 376997.790579124644864, 2046321.902720903046429 ] ] } },
{ "type": "Feature", "properties": { "drain_id": "RN_DRAIN_00225", "source_type": "dem_inferred_surface_flow", "is_inferred": true, "acc_cells": 390, "upstream_area_m2": 350989.38968068745, "length_m": 30.0, "start_elevation_m": 554.146, "end_elevation_m": 553.412, "elevation_drop_m": 0.734, "slope_m_per_m": 0.024461, "slope_percent": 2.446, "terrain_slope_deg": 1.008, "strahler_order": 2, "capacity_class": "medium", "scenario_width_m": 0.7, "scenario_depth_m": 0.45, "scenario_manning_n": 0.035, "capacity_effective_slope": 0.024461, "capacity_slope_floor": 0.001, "capacity_m3s": 0.47636516340908275, "capacity_scenario": "prototype_open_channel_base", "capacity_source": "synthetic_manning_scenario", "capacity_is_observed": 0 }, "geometry": { "type": "LineString", "coordinates": [ [ 376997.790579124644864, 2046321.902720903046429 ], [ 377027.790579124644864, 2046321.902720903046429 ] ] } },
{ "type": "Feature", "properties": { "drain_id": "RN_DRAIN_00226", "source_type": "dem_inferred_surface_flow", "is_inferred": true, "acc_cells": 407, "upstream_area_m2": 366111.84626397403, "length_m": 30.0, "start_elevation_m": 553.412, "end_elevation_m": 553.247, "elevation_drop_m": 0.166, "slope_m_per_m": 0.00552, "slope_percent": 0.552, "terrain_slope_deg": 0.567, "strahler_order": 2, "capacity_class": "medium", "scenario_width_m": 0.7, "scenario_depth_m": 0.45, "scenario_manning_n": 0.035, "capacity_effective_slope": 0.00552, "capacity_slope_floor": 0.001, "capacity_m3s": 0.22629368210844161, "capacity_scenario": "prototype_open_channel_base", "capacity_source": "synthetic_manning_scenario", "capacity_is_observed": 0 }, "geometry": { "type": "LineString", "coordinates": [ [ 377027.790579124644864, 2046321.902720903046429 ], [ 377057.790579124644864, 2046321.902720903046429 ] ] } },
{ "type": "Feature", "properties": { "drain_id": "RN_DRAIN_00227", "source_type": "dem_inferred_surface_flow", "is_inferred": true, "acc_cells": 354, "upstream_area_m2": 318818.65102095285, "length_m": 30.0, "start_elevation_m": 553.247, "end_elevation_m": 553.127, "elevation_drop_m": 0.12, "slope_m_per_m": 0.003994, "slope_percent": 0.399, "terrain_slope_deg": 1.227, "strahler_order": 2, "capacity_class": "medium", "scenario_width_m": 0.7, "scenario_depth_m": 0.45, "scenario_manning_n": 0.035, "capacity_effective_slope": 0.003994, "capacity_slope_floor": 0.001, "capacity_m3s": 0.19248944506420465, "capacity_scenario": "prototype_open_channel_base", "capacity_source": "synthetic_manning_scenario", "capacity_is_observed": 0 }, "geometry": { "type": "LineString", "coordinates": [ [ 377057.790579124644864, 2046321.902720903046429 ], [ 377087.790579124644864, 2046321.902720903046429 ] ] } },
{ "type": "Feature", "properties": { "drain_id": "RN_DRAIN_00228", "source_type": "dem_inferred_surface_flow", "is_inferred": true, "acc_cells": 338, "upstream_area_m2": 304514.01021939202, "length_m": 42.43, "start_elevation_m": 553.127, "end_elevation_m": 551.639, "elevation_drop_m": 1.488, "slope_m_per_m": 0.035078, "slope_percent": 3.508, "terrain_slope_deg": 4.74, "strahler_order": 2, "capacity_class": "medium", "scenario_width_m": 0.7, "scenario_depth_m": 0.45, "scenario_manning_n": 0.035, "capacity_effective_slope": 0.035078, "capacity_slope_floor": 0.001, "capacity_m3s": 0.5704535696123435, "capacity_scenario": "prototype_open_channel_base", "capacity_source": "synthetic_manning_scenario", "capacity_is_observed": 0 }, "geometry": { "type": "LineString", "coordinates": [ [ 377087.790579124644864, 2046321.902720903046429 ], [ 377117.790579124644864, 2046351.902720903046429 ] ] } },
{ "type": "Feature", "properties": { "drain_id": "RN_DRAIN_00229", "source_type": "dem_inferred_surface_flow", "is_inferred": true, "acc_cells": 121, "upstream_area_m2": 109180.99853481347, "length_m": 30.0, "start_elevation_m": 552.194, "end_elevation_m": 551.639, "elevation_drop_m": 0.555, "slope_m_per_m": 0.0185, "slope_percent": 1.85, "terrain_slope_deg": 4.74, "strahler_order": 1, "capacity_class": "low", "scenario_width_m": 0.4, "scenario_depth_m": 0.3, "scenario_manning_n": 0.035, "capacity_effective_slope": 0.0185, "capacity_slope_floor": 0.001, "capacity_m3s": 0.11345402204017847, "capacity_scenario": "prototype_open_channel_base", "capacity_source": "synthetic_manning_scenario", "capacity_is_observed": 0 }, "geometry": { "type": "LineString", "coordinates": [ [ 377117.790579124644864, 2046321.902720903046429 ], [ 377117.790579124644864, 2046351.902720903046429 ] ] } },
{ "type": "Feature", "properties": { "drain_id": "RN_DRAIN_00230", "source_type": "dem_inferred_surface_flow", "is_inferred": true, "acc_cells": 84, "upstream_area_m2": 75700.65777951463, "length_m": 42.43, "start_elevation_m": 548.386, "end_elevation_m": 544.177, "elevation_drop_m": 4.209, "slope_m_per_m": 0.0992, "slope_percent": 9.92, "terrain_slope_deg": 6.269, "strahler_order": 1, "capacity_class": "low", "scenario_width_m": 0.4, "scenario_depth_m": 0.3, "scenario_manning_n": 0.035, "capacity_effective_slope": 0.0992, "capacity_slope_floor": 0.001, "capacity_m3s": 0.26271802370455022, "capacity_scenario": "prototype_open_channel_base", "capacity_source": "synthetic_manning_scenario", "capacity_is_observed": 0 }, "geometry": { "type": "LineString", "coordinates": [ [ 377147.790579124644864, 2046321.902720903046429 ], [ 377177.790579124644864, 2046351.902720903046429 ] ] } },
{ "type": "Feature", "properties": { "drain_id": "RN_DRAIN_00231", "source_type": "dem_inferred_surface_flow", "is_inferred": true, "acc_cells": 7740, "upstream_area_m2": 6965762.6126566231, "length_m": 30.0, "start_elevation_m": 544.229, "end_elevation_m": 544.177, "elevation_drop_m": 0.052, "slope_m_per_m": 0.001746, "slope_percent": 0.175, "terrain_slope_deg": 6.269, "strahler_order": 4, "capacity_class": "very_high", "scenario_width_m": 1.4, "scenario_depth_m": 0.8, "scenario_manning_n": 0.035, "capacity_effective_slope": 0.001746, "capacity_slope_floor": 0.001, "capacity_m3s": 0.69327138773681873, "capacity_scenario": "prototype_open_channel_base", "capacity_source": "synthetic_manning_scenario", "capacity_is_observed": 0 }, "geometry": { "type": "LineString", "coordinates": [ [ 377177.790579124644864, 2046321.902720903046429 ], [ 377177.790579124644864, 2046351.902720903046429 ] ] } },
{ "type": "Feature", "properties": { "drain_id": "RN_DRAIN_00232", "source_type": "dem_inferred_surface_flow", "is_inferred": true, "acc_cells": 2577, "upstream_area_m2": 2319392.3983485349, "length_m": 42.43, "start_elevation_m": 544.251, "end_elevation_m": 544.177, "elevation_drop_m": 0.074, "slope_m_per_m": 0.001745, "slope_percent": 0.174, "terrain_slope_deg": 3.137, "strahler_order": 1, "capacity_class": "low", "scenario_width_m": 0.4, "scenario_depth_m": 0.3, "scenario_manning_n": 0.035, "capacity_effective_slope": 0.001745, "capacity_slope_floor": 0.001, "capacity_m3s": 0.034844300305034812, "capacity_scenario": "prototype_open_channel_base", "capacity_source": "synthetic_manning_scenario", "capacity_is_observed": 0 }, "geometry": { "type": "LineString", "coordinates": [ [ 377207.790579124644864, 2046321.902720903046429 ], [ 377177.790579124644864, 2046351.902720903046429 ] ] } },
{ "type": "Feature", "properties": { "drain_id": "RN_DRAIN_00233", "source_type": "dem_inferred_surface_flow", "is_inferred": true, "acc_cells": 164, "upstream_area_m2": 147833.61443527031, "length_m": 30.0, "start_elevation_m": 557.148, "end_elevation_m": 557.096, "elevation_drop_m": 0.052, "slope_m_per_m": 0.001746, "slope_percent": 0.175, "terrain_slope_deg": 2.293, "strahler_order": 1, "capacity_class": "low", "scenario_width_m": 0.4, "scenario_depth_m": 0.3, "scenario_manning_n": 0.035, "capacity_effective_slope": 0.001746, "capacity_slope_floor": 0.001, "capacity_m3s": 0.034854282915268278, "capacity_scenario": "prototype_open_channel_base", "capacity_source": "synthetic_manning_scenario", "capacity_is_observed": 0 }, "geometry": { "type": "LineString", "coordinates": [ [ 377477.790579124644864, 2046321.902720903046429 ], [ 377477.790579124644864, 2046351.902720903046429 ] ] } },
{ "type": "Feature", "properties": { "drain_id": "RN_DRAIN_00234", "source_type": "dem_inferred_surface_flow", "is_inferred": true, "acc_cells": 5799, "upstream_area_m2": 5219242.6958836578, "length_m": 42.43, "start_elevation_m": 557.17, "end_elevation_m": 557.096, "elevation_drop_m": 0.074, "slope_m_per_m": 0.001745, "slope_percent": 0.174, "terrain_slope_deg": 2.199, "strahler_order": 3, "capacity_class": "high", "scenario_width_m": 1.0, "scenario_depth_m": 0.6, "scenario_manning_n": 0.035, "capacity_effective_slope": 0.001745, "capacity_slope_floor": 0.001, "capacity_m3s": 0.30116185815577506, "capacity_scenario": "prototype_open_channel_base", "capacity_source": "synthetic_manning_scenario", "capacity_is_observed": 0 }, "geometry": { "type": "LineString", "coordinates": [ [ 377507.790579124644864, 2046321.902720903046429 ], [ 377477.790579124644864, 2046351.902720903046429 ] ] } },
{ "type": "Feature", "properties": { "drain_id": "RN_DRAIN_00235", "source_type": "dem_inferred_surface_flow", "is_inferred": true, "acc_cells": 98, "upstream_area_m2": 88311.082393260338, "length_m": 30.0, "start_elevation_m": 557.222, "end_elevation_m": 557.17, "elevation_drop_m": 0.052, "slope_m_per_m": 0.001746, "slope_percent": 0.175, "terrain_slope_deg": 5.868, "strahler_order": 1, "capacity_class": "low", "scenario_width_m": 0.4, "scenario_depth_m": 0.3, "scenario_manning_n": 0.035, "capacity_effective_slope": 0.001746, "capacity_slope_floor": 0.001, "capacity_m3s": 0.034854282915268278, "capacity_scenario": "prototype_open_channel_base", "capacity_source": "synthetic_manning_scenario", "capacity_is_observed": 0 }, "geometry": { "type": "LineString", "coordinates": [ [ 377537.790579124644864, 2046321.902720903046429 ], [ 377507.790579124644864, 2046321.902720903046429 ] ] } },
{ "type": "Feature", "properties": { "drain_id": "RN_DRAIN_00236", "source_type": "dem_inferred_surface_flow", "is_inferred": true, "acc_cells": 53, "upstream_area_m2": 47582.532046402805, "length_m": 42.43, "start_elevation_m": 564.464, "end_elevation_m": 562.689, "elevation_drop_m": 1.775, "slope_m_per_m": 0.041834, "slope_percent": 4.183, "terrain_slope_deg": 2.767, "strahler_order": 1, "capacity_class": "low", "scenario_width_m": 0.4, "scenario_depth_m": 0.3, "scenario_manning_n": 0.035, "capacity_effective_slope": 0.041834, "capacity_slope_floor": 0.001, "capacity_m3s": 0.17060773937777143, "capacity_scenario": "prototype_open_channel_base", "capacity_source": "synthetic_manning_scenario", "capacity_is_observed": 0 }, "geometry": { "type": "LineString", "coordinates": [ [ 378377.790579124644864, 2046321.902720903046429 ], [ 378347.790579124644864, 2046291.902720903046429 ] ] } },
{ "type": "Feature", "properties": { "drain_id": "RN_DRAIN_00237", "source_type": "dem_inferred_surface_flow", "is_inferred": true, "acc_cells": 50, "upstream_area_m2": 44577.667295426625, "length_m": 30.0, "start_elevation_m": 564.516, "end_elevation_m": 564.464, "elevation_drop_m": 0.052, "slope_m_per_m": 0.001746, "slope_percent": 0.175, "terrain_slope_deg": 0.073, "strahler_order": 1, "capacity_class": "low", "scenario_width_m": 0.4, "scenario_depth_m": 0.3, "scenario_manning_n": 0.035, "capacity_effective_slope": 0.001746, "capacity_slope_floor": 0.001, "capacity_m3s": 0.034854282915268278, "capacity_scenario": "prototype_open_channel_base", "capacity_source": "synthetic_manning_scenario", "capacity_is_observed": 0 }, "geometry": { "type": "LineString", "coordinates": [ [ 378407.790579124644864, 2046321.902720903046429 ], [ 378377.790579124644864, 2046321.902720903046429 ] ] } },
{ "type": "Feature", "properties": { "drain_id": "RN_DRAIN_00238", "source_type": "dem_inferred_surface_flow", "is_inferred": true, "acc_cells": 27, "upstream_area_m2": 24072.658489409318, "length_m": 42.43, "start_elevation_m": 567.597, "end_elevation_m": 567.523, "elevation_drop_m": 0.074, "slope_m_per_m": 0.001745, "slope_percent": 0.174, "terrain_slope_deg": 2.322, "strahler_order": 1, "capacity_class": "low", "scenario_width_m": 0.4, "scenario_depth_m": 0.3, "scenario_manning_n": 0.035, "capacity_effective_slope": 0.001745, "capacity_slope_floor": 0.001, "capacity_m3s": 0.034844300305034812, "capacity_scenario": "prototype_open_channel_base", "capacity_source": "synthetic_manning_scenario", "capacity_is_observed": 0 }, "geometry": { "type": "LineString", "coordinates": [ [ 378587.790579124644864, 2046321.902720903046429 ], [ 378557.790579124644864, 2046291.902720903046429 ] ] } },
{ "type": "Feature", "properties": { "drain_id": "RN_DRAIN_00239", "source_type": "dem_inferred_surface_flow", "is_inferred": true, "acc_cells": 33, "upstream_area_m2": 29631.385708466387, "length_m": 42.43, "start_elevation_m": 561.661, "end_elevation_m": 561.631, "elevation_drop_m": 0.031, "slope_m_per_m": 0.000724, "slope_percent": 0.072, "terrain_slope_deg": 1.777, "strahler_order": 1, "capacity_class": "low", "scenario_width_m": 0.4, "scenario_depth_m": 0.3, "scenario_manning_n": 0.035, "capacity_effective_slope": 0.001, "capacity_slope_floor": 0.001, "capacity_m3s": 0.02637752433631995, "capacity_scenario": "prototype_open_channel_base", "capacity_source": "synthetic_manning_scenario", "capacity_is_observed": 0 }, "geometry": { "type": "LineString", "coordinates": [ [ 376607.790579124644864, 2046291.902720903046429 ], [ 376637.790579124644864, 2046321.902720903046429 ] ] } },
{ "type": "Feature", "properties": { "drain_id": "RN_DRAIN_00240", "source_type": "dem_inferred_surface_flow", "is_inferred": true, "acc_cells": 58, "upstream_area_m2": 52098.621404666592, "length_m": 30.0, "start_elevation_m": 561.609, "end_elevation_m": 561.557, "elevation_drop_m": 0.052, "slope_m_per_m": 0.001746, "slope_percent": 0.175, "terrain_slope_deg": 1.666, "strahler_order": 1, "capacity_class": "low", "scenario_width_m": 0.4, "scenario_depth_m": 0.3, "scenario_manning_n": 0.035, "capacity_effective_slope": 0.001746, "capacity_slope_floor": 0.001, "capacity_m3s": 0.034854282915268278, "capacity_scenario": "prototype_open_channel_base", "capacity_source": "synthetic_manning_scenario", "capacity_is_observed": 0 }, "geometry": { "type": "LineString", "coordinates": [ [ 376637.790579124644864, 2046291.902720903046429 ], [ 376667.790579124644864, 2046291.902720903046429 ] ] } },
{ "type": "Feature", "properties": { "drain_id": "RN_DRAIN_00241", "source_type": "dem_inferred_surface_flow", "is_inferred": true, "acc_cells": 353, "upstream_area_m2": 317425.1005788038, "length_m": 42.43, "start_elevation_m": 561.557, "end_elevation_m": 561.483, "elevation_drop_m": 0.074, "slope_m_per_m": 0.001745, "slope_percent": 0.174, "terrain_slope_deg": 1.858, "strahler_order": 2, "capacity_class": "medium", "scenario_width_m": 0.7, "scenario_depth_m": 0.45, "scenario_manning_n": 0.035, "capacity_effective_slope": 0.001745, "capacity_slope_floor": 0.001, "capacity_m3s": 0.12723324562335805, "capacity_scenario": "prototype_open_channel_base", "capacity_source": "synthetic_manning_scenario", "capacity_is_observed": 0 }, "geometry": { "type": "LineString", "coordinates": [ [ 376667.790579124644864, 2046291.902720903046429 ], [ 376697.790579124644864, 2046261.902720903046429 ] ] } },
{ "type": "Feature", "properties": { "drain_id": "RN_DRAIN_00242", "source_type": "dem_inferred_surface_flow", "is_inferred": true, "acc_cells": 62, "upstream_area_m2": 55753.562812644028, "length_m": 30.0, "start_elevation_m": 555.361, "end_elevation_m": 555.308, "elevation_drop_m": 0.052, "slope_m_per_m": 0.001746, "slope_percent": 0.175, "terrain_slope_deg": 0.931, "strahler_order": 1, "capacity_class": "low", "scenario_width_m": 0.4, "scenario_depth_m": 0.3, "scenario_manning_n": 0.035, "capacity_effective_slope": 0.001746, "capacity_slope_floor": 0.001, "capacity_m3s": 0.034854282915268278, "capacity_scenario": "prototype_open_channel_base", "capacity_source": "synthetic_manning_scenario", "capacity_is_observed": 0 }, "geometry": { "type": "LineString", "coordinates": [ [ 376847.790579124644864, 2046291.902720903046429 ], [ 376877.790579124644864, 2046291.902720903046429 ] ] } },
{ "type": "Feature", "properties": { "drain_id": "RN_DRAIN_00243", "source_type": "dem_inferred_surface_flow", "is_inferred": true, "acc_cells": 395, "upstream_area_m2": 355828.19058858597, "length_m": 42.43, "start_elevation_m": 555.308, "end_elevation_m": 555.234, "elevation_drop_m": 0.074, "slope_m_per_m": 0.001745, "slope_percent": 0.174, "terrain_slope_deg": 1.389, "strahler_order": 2, "capacity_class": "medium", "scenario_width_m": 0.7, "scenario_depth_m": 0.45, "scenario_manning_n": 0.035, "capacity_effective_slope": 0.001745, "capacity_slope_floor": 0.001, "capacity_m3s": 0.12723324562335805, "capacity_scenario": "prototype_open_channel_base", "capacity_source": "synthetic_manning_scenario", "capacity_is_observed": 0 }, "geometry": { "type": "LineString", "coordinates": [ [ 376877.790579124644864, 2046291.902720903046429 ], [ 376907.790579124644864, 2046321.902720903046429 ] ] } },
{ "type": "Feature", "properties": { "drain_id": "RN_DRAIN_00244", "source_type": "dem_inferred_surface_flow", "is_inferred": true, "acc_cells": 197, "upstream_area_m2": 177312.85331150694, "length_m": 42.43, "start_elevation_m": 555.256, "end_elevation_m": 555.182, "elevation_drop_m": 0.074, "slope_m_per_m": 0.001745, "slope_percent": 0.174, "terrain_slope_deg": 2.041, "strahler_order": 1, "capacity_class": "low", "scenario_width_m": 0.4, "scenario_depth_m": 0.3, "scenario_manning_n": 0.035, "capacity_effective_slope": 0.001745, "capacity_slope_floor": 0.001, "capacity_m3s": 0.034844300305034812, "capacity_scenario": "prototype_open_channel_base", "capacity_source": "synthetic_manning_scenario", "capacity_is_observed": 0 }, "geometry": { "type": "LineString", "coordinates": [ [ 376907.790579124644864, 2046291.902720903046429 ], [ 376937.790579124644864, 2046321.902720903046429 ] ] } },
{ "type": "Feature", "properties": { "drain_id": "RN_DRAIN_00245", "source_type": "dem_inferred_surface_flow", "is_inferred": true, "acc_cells": 101, "upstream_area_m2": 90569.325527220935, "length_m": 42.43, "start_elevation_m": 555.204, "end_elevation_m": 555.13, "elevation_drop_m": 0.074, "slope_m_per_m": 0.001745, "slope_percent": 0.174, "terrain_slope_deg": 1.942, "strahler_order": 1, "capacity_class": "low", "scenario_width_m": 0.4, "scenario_depth_m": 0.3, "scenario_manning_n": 0.035, "capacity_effective_slope": 0.001745, "capacity_slope_floor": 0.001, "capacity_m3s": 0.034844300305034812, "capacity_scenario": "prototype_open_channel_base", "capacity_source": "synthetic_manning_scenario", "capacity_is_observed": 0 }, "geometry": { "type": "LineString", "coordinates": [ [ 376937.790579124644864, 2046291.902720903046429 ], [ 376967.790579124644864, 2046321.902720903046429 ] ] } },
{ "type": "Feature", "properties": { "drain_id": "RN_DRAIN_00246", "source_type": "dem_inferred_surface_flow", "is_inferred": true, "acc_cells": 5096, "upstream_area_m2": 4586161.9855221892, "length_m": 30.0, "start_elevation_m": 544.281, "end_elevation_m": 544.229, "elevation_drop_m": 0.052, "slope_m_per_m": 0.001746, "slope_percent": 0.175, "terrain_slope_deg": 7.65, "strahler_order": 1, "capacity_class": "low", "scenario_width_m": 0.4, "scenario_depth_m": 0.3, "scenario_manning_n": 0.035, "capacity_effective_slope": 0.001746, "capacity_slope_floor": 0.001, "capacity_m3s": 0.034854282915268278, "capacity_scenario": "prototype_open_channel_base", "capacity_source": "synthetic_manning_scenario", "capacity_is_observed": 0 }, "geometry": { "type": "LineString", "coordinates": [ [ 377177.790579124644864, 2046291.902720903046429 ], [ 377177.790579124644864, 2046321.902720903046429 ] ] } },
{ "type": "Feature", "properties": { "drain_id": "RN_DRAIN_00247", "source_type": "dem_inferred_surface_flow", "is_inferred": true, "acc_cells": 5141, "upstream_area_m2": 4627235.2504037991, "length_m": 42.43, "start_elevation_m": 544.303, "end_elevation_m": 544.229, "elevation_drop_m": 0.074, "slope_m_per_m": 0.001745, "slope_percent": 0.174, "terrain_slope_deg": 1.379, "strahler_order": 4, "capacity_class": "very_high", "scenario_width_m": 1.4, "scenario_depth_m": 0.8, "scenario_manning_n": 0.035, "capacity_effective_slope": 0.001745, "capacity_slope_floor": 0.001, "capacity_m3s": 0.69307282797684278, "capacity_scenario": "prototype_open_channel_base", "capacity_source": "synthetic_manning_scenario", "capacity_is_observed": 0 }, "geometry": { "type": "LineString", "coordinates": [ [ 377207.790579124644864, 2046291.902720903046429 ], [ 377177.790579124644864, 2046321.902720903046429 ] ] } },
{ "type": "Feature", "properties": { "drain_id": "RN_DRAIN_00248", "source_type": "dem_inferred_surface_flow", "is_inferred": true, "acc_cells": 161, "upstream_area_m2": 144789.341335798, "length_m": 30.0, "start_elevation_m": 557.222, "end_elevation_m": 557.17, "elevation_drop_m": 0.052, "slope_m_per_m": 0.001746, "slope_percent": 0.175, "terrain_slope_deg": 3.324, "strahler_order": 1, "capacity_class": "low", "scenario_width_m": 0.4, "scenario_depth_m": 0.3, "scenario_manning_n": 0.035, "capacity_effective_slope": 0.001746, "capacity_slope_floor": 0.001, "capacity_m3s": 0.034854282915268278, "capacity_scenario": "prototype_open_channel_base", "capacity_source": "synthetic_manning_scenario", "capacity_is_observed": 0 }, "geometry": { "type": "LineString", "coordinates": [ [ 377507.790579124644864, 2046291.902720903046429 ], [ 377507.790579124644864, 2046321.902720903046429 ] ] } },
{ "type": "Feature", "properties": { "drain_id": "RN_DRAIN_00249", "source_type": "dem_inferred_surface_flow", "is_inferred": true, "acc_cells": 5762, "upstream_area_m2": 5186199.8326920839, "length_m": 42.43, "start_elevation_m": 557.244, "end_elevation_m": 557.17, "elevation_drop_m": 0.074, "slope_m_per_m": 0.001745, "slope_percent": 0.174, "terrain_slope_deg": 3.276, "strahler_order": 3, "capacity_class": "high", "scenario_width_m": 1.0, "scenario_depth_m": 0.6, "scenario_manning_n": 0.035, "capacity_effective_slope": 0.001745, "capacity_slope_floor": 0.001, "capacity_m3s": 0.30116185815577506, "capacity_scenario": "prototype_open_channel_base", "capacity_source": "synthetic_manning_scenario", "capacity_is_observed": 0 }, "geometry": { "type": "LineString", "coordinates": [ [ 377537.790579124644864, 2046291.902720903046429 ], [ 377507.790579124644864, 2046321.902720903046429 ] ] } },
{ "type": "Feature", "properties": { "drain_id": "RN_DRAIN_00250", "source_type": "dem_inferred_surface_flow", "is_inferred": true, "acc_cells": 166, "upstream_area_m2": 149018.99975421245, "length_m": 42.43, "start_elevation_m": 562.022, "end_elevation_m": 561.494, "elevation_drop_m": 0.528, "slope_m_per_m": 0.012444, "slope_percent": 1.244, "terrain_slope_deg": 0.614, "strahler_order": 2, "capacity_class": "medium", "scenario_width_m": 0.7, "scenario_depth_m": 0.45, "scenario_manning_n": 0.035, "capacity_effective_slope": 0.012444, "capacity_slope_floor": 0.001, "capacity_m3s": 0.33976832673800367, "capacity_scenario": "prototype_open_channel_base", "capacity_source": "synthetic_manning_scenario", "capacity_is_observed": 0 }, "geometry": { "type": "LineString", "coordinates": [ [ 378317.790579124644864, 2046291.902720903046429 ], [ 378287.790579124644864, 2046261.902720903046429 ] ] } },
{ "type": "Feature", "properties": { "drain_id": "RN_DRAIN_00251", "source_type": "dem_inferred_surface_flow", "is_inferred": true, "acc_cells": 57, "upstream_area_m2": 51344.215370903112, "length_m": 30.0, "start_elevation_m": 562.689, "end_elevation_m": 562.022, "elevation_drop_m": 0.667, "slope_m_per_m": 0.022243, "slope_percent": 2.224, "terrain_slope_deg": 2.276, "strahler_order": 1, "capacity_class": "low", "scenario_width_m": 0.4, "scenario_depth_m": 0.3, "scenario_manning_n": 0.035, "capacity_effective_slope": 0.022243, "capacity_slope_floor": 0.001, "capacity_m3s": 0.12440295982607016, "capacity_scenario": "prototype_open_channel_base", "capacity_source": "synthetic_manning_scenario", "capacity_is_observed": 0 }, "geometry": { "type": "LineString", "coordinates": [ [ 378347.790579124644864, 2046291.902720903046429 ], [ 378317.790579124644864, 2046291.902720903046429 ] ] } },
{ "type": "Feature", "properties": { "drain_id": "RN_DRAIN_00252", "source_type": "dem_inferred_surface_flow", "is_inferred": true, "acc_cells": 63, "upstream_area_m2": 56780.829553771313, "length_m": 42.43, "start_elevation_m": 565.861, "end_elevation_m": 563.727, "elevation_drop_m": 2.134, "slope_m_per_m": 0.050285, "slope_percent": 5.029, "terrain_slope_deg": 4.146, "strahler_order": 1, "capacity_class": "low", "scenario_width_m": 0.4, "scenario_depth_m": 0.3, "scenario_manning_n": 0.035, "capacity_effective_slope": 0.050285, "capacity_slope_floor": 0.001, "capacity_m3s": 0.18704808214959012, "capacity_scenario": "prototype_open_channel_base", "capacity_source": "synthetic_manning_scenario", "capacity_is_observed": 0 }, "geometry": { "type": "LineString", "coordinates": [ [ 378467.790579124644864, 2046291.902720903046429 ], [ 378437.790579124644864, 2046261.902720903046429 ] ] } },
{ "type": "Feature", "properties": { "drain_id": "RN_DRAIN_00253", "source_type": "dem_inferred_surface_flow", "is_inferred": true, "acc_cells": 74, "upstream_area_m2": 66985.593689706875, "length_m": 30.0, "start_elevation_m": 566.161, "end_elevation_m": 565.861, "elevation_drop_m": 0.3, "slope_m_per_m": 0.010012, "slope_percent": 1.001, "terrain_slope_deg": 1.991, "strahler_order": 1, "capacity_class": "low", "scenario_width_m": 0.4, "scenario_depth_m": 0.3, "scenario_manning_n": 0.035, "capacity_effective_slope": 0.010012, "capacity_slope_floor": 0.001, "capacity_m3s": 0.083463088767507701, "capacity_scenario": "prototype_open_channel_base", "capacity_source": "synthetic_manning_scenario", "capacity_is_observed": 0 }, "geometry": { "type": "LineString", "coordinates": [ [ 378497.790579124644864, 2046291.902720903046429 ], [ 378467.790579124644864, 2046291.902720903046429 ] ] } },
{ "type": "Feature", "properties": { "drain_id": "RN_DRAIN_00254", "source_type": "dem_inferred_surface_flow", "is_inferred": true, "acc_cells": 71, "upstream_area_m2": 63965.184442654863, "length_m": 30.0, "start_elevation_m": 567.471, "end_elevation_m": 566.161, "elevation_drop_m": 1.31, "slope_m_per_m": 0.043667, "slope_percent": 4.367, "terrain_slope_deg": 0.855, "strahler_order": 1, "capacity_class": "low", "scenario_width_m": 0.4, "scenario_depth_m": 0.3, "scenario_manning_n": 0.035, "capacity_effective_slope": 0.043667, "capacity_slope_floor": 0.001, "capacity_m3s": 0.17430534728708405, "capacity_scenario": "prototype_open_channel_base", "capacity_source": "synthetic_manning_scenario", "capacity_is_observed": 0 }, "geometry": { "type": "LineString", "coordinates": [ [ 378527.790579124644864, 2046291.902720903046429 ], [ 378497.790579124644864, 2046291.902720903046429 ] ] } },
{ "type": "Feature", "properties": { "drain_id": "RN_DRAIN_00255", "source_type": "dem_inferred_surface_flow", "is_inferred": true, "acc_cells": 59, "upstream_area_m2": 52978.156008221471, "length_m": 30.0, "start_elevation_m": 567.523, "end_elevation_m": 567.471, "elevation_drop_m": 0.052, "slope_m_per_m": 0.001746, "slope_percent": 0.175, "terrain_slope_deg": 0.627, "strahler_order": 1, "capacity_class": "low", "scenario_width_m": 0.4, "scenario_depth_m": 0.3, "scenario_manning_n": 0.035, "capacity_effective_slope": 0.001746, "capacity_slope_floor": 0.001, "capacity_m3s": 0.034854282915268278, "capacity_scenario": "prototype_open_channel_base", "capacity_source": "synthetic_manning_scenario", "capacity_is_observed": 0 }, "geometry": { "type": "LineString", "coordinates": [ [ 378557.790579124644864, 2046291.902720903046429 ], [ 378527.790579124644864, 2046291.902720903046429 ] ] } },
{ "type": "Feature", "properties": { "drain_id": "RN_DRAIN_00256", "source_type": "dem_inferred_surface_flow", "is_inferred": true, "acc_cells": 46, "upstream_area_m2": 41674.220745784063, "length_m": 42.43, "start_elevation_m": 561.845, "end_elevation_m": 561.609, "elevation_drop_m": 0.236, "slope_m_per_m": 0.005564, "slope_percent": 0.556, "terrain_slope_deg": 0.928, "strahler_order": 1, "capacity_class": "low", "scenario_width_m": 0.4, "scenario_depth_m": 0.3, "scenario_manning_n": 0.035, "capacity_effective_slope": 0.005564, "capacity_slope_floor": 0.001, "capacity_m3s": 0.062219654195355141, "capacity_scenario": "prototype_open_channel_base", "capacity_source": "synthetic_manning_scenario", "capacity_is_observed": 0 }, "geometry": { "type": "LineString", "coordinates": [ [ 376607.790579124644864, 2046261.902720903046429 ], [ 376637.790579124644864, 2046291.902720903046429 ] ] } },
{ "type": "Feature", "properties": { "drain_id": "RN_DRAIN_00257", "source_type": "dem_inferred_surface_flow", "is_inferred": true, "acc_cells": 354, "upstream_area_m2": 318732.76796592074, "length_m": 30.0, "start_elevation_m": 561.483, "end_elevation_m": 559.884, "elevation_drop_m": 1.598, "slope_m_per_m": 0.053271, "slope_percent": 5.327, "terrain_slope_deg": 2.976, "strahler_order": 2, "capacity_class": "medium", "scenario_width_m": 0.7, "scenario_depth_m": 0.45, "scenario_manning_n": 0.035, "capacity_effective_slope": 0.053271, "capacity_slope_floor": 0.001, "capacity_m3s": 0.70298865269033373, "capacity_scenario": "prototype_open_channel_base", "capacity_source": "synthetic_manning_scenario", "capacity_is_observed": 0 }, "geometry": { "type": "LineString", "coordinates": [ [ 376697.790579124644864, 2046261.902720903046429 ], [ 376697.790579124644864, 2046231.902720903046429 ] ] } },
{ "type": "Feature", "properties": { "drain_id": "RN_DRAIN_00258", "source_type": "dem_inferred_surface_flow", "is_inferred": true, "acc_cells": 327, "upstream_area_m2": 294040.93097513291, "length_m": 30.0, "start_elevation_m": 556.715, "end_elevation_m": 555.382, "elevation_drop_m": 1.333, "slope_m_per_m": 0.044423, "slope_percent": 4.442, "terrain_slope_deg": 1.746, "strahler_order": 2, "capacity_class": "medium", "scenario_width_m": 0.7, "scenario_depth_m": 0.45, "scenario_manning_n": 0.035, "capacity_effective_slope": 0.044423, "capacity_slope_floor": 0.001, "capacity_m3s": 0.64195832070230419, "capacity_scenario": "prototype_open_channel_base", "capacity_source": "synthetic_manning_scenario", "capacity_is_observed": 0 }, "geometry": { "type": "LineString", "coordinates": [ [ 376817.790579124644864, 2046261.902720903046429 ], [ 376847.790579124644864, 2046261.902720903046429 ] ] } },
{ "type": "Feature", "properties": { "drain_id": "RN_DRAIN_00259", "source_type": "dem_inferred_surface_flow", "is_inferred": true, "acc_cells": 334, "upstream_area_m2": 300768.35242995864, "length_m": 42.43, "start_elevation_m": 555.382, "end_elevation_m": 555.308, "elevation_drop_m": 0.074, "slope_m_per_m": 0.001745, "slope_percent": 0.174, "terrain_slope_deg": 2.166, "strahler_order": 2, "capacity_class": "medium", "scenario_width_m": 0.7, "scenario_depth_m": 0.45, "scenario_manning_n": 0.035, "capacity_effective_slope": 0.001745, "capacity_slope_floor": 0.001, "capacity_m3s": 0.12723324562335805, "capacity_scenario": "prototype_open_channel_base", "capacity_source": "synthetic_manning_scenario", "capacity_is_observed": 0 }, "geometry": { "type": "LineString", "coordinates": [ [ 376847.790579124644864, 2046261.902720903046429 ], [ 376877.790579124644864, 2046291.902720903046429 ] ] } },
{ "type": "Feature", "properties": { "drain_id": "RN_DRAIN_00260", "source_type": "dem_inferred_surface_flow", "is_inferred": true, "acc_cells": 9927, "upstream_area_m2": 8934617.6841944493, "length_m": 30.0, "start_elevation_m": 544.355, "end_elevation_m": 544.303, "elevation_drop_m": 0.052, "slope_m_per_m": 0.001746, "slope_percent": 0.175, "terrain_slope_deg": 0.942, "strahler_order": 4, "capacity_class": "very_high", "scenario_width_m": 1.4, "scenario_depth_m": 0.8, "scenario_manning_n": 0.035, "capacity_effective_slope": 0.001746, "capacity_slope_floor": 0.001, "capacity_m3s": 0.69327138773681873, "capacity_scenario": "prototype_open_channel_base", "capacity_source": "synthetic_manning_scenario", "capacity_is_observed": 0 }, "geometry": { "type": "LineString", "coordinates": [ [ 377207.790579124644864, 2046261.902720903046429 ], [ 377207.790579124644864, 2046291.902720903046429 ] ] } },
{ "type": "Feature", "properties": { "drain_id": "RN_DRAIN_00261", "source_type": "dem_inferred_surface_flow", "is_inferred": true, "acc_cells": 254, "upstream_area_m2": 228204.02969543889, "length_m": 30.0, "start_elevation_m": 544.377, "end_elevation_m": 544.355, "elevation_drop_m": 0.022, "slope_m_per_m": 0.000722, "slope_percent": 0.072, "terrain_slope_deg": 9.035, "strahler_order": 1, "capacity_class": "low", "scenario_width_m": 0.4, "scenario_depth_m": 0.3, "scenario_manning_n": 0.035, "capacity_effective_slope": 0.001, "capacity_slope_floor": 0.001, "capacity_m3s": 0.02637752433631995, "capacity_scenario": "prototype_open_channel_base", "capacity_source": "synthetic_manning_scenario", "capacity_is_observed": 0 }, "geometry": { "type": "LineString", "coordinates": [ [ 377237.790579124644864, 2046261.902720903046429 ], [ 377207.790579124644864, 2046261.902720903046429 ] ] } },
{ "type": "Feature", "properties": { "drain_id": "RN_DRAIN_00262", "source_type": "dem_inferred_surface_flow", "is_inferred": true, "acc_cells": 159, "upstream_area_m2": 143302.85500079626, "length_m": 30.0, "start_elevation_m": 557.296, "end_elevation_m": 557.244, "elevation_drop_m": 0.052, "slope_m_per_m": 0.001746, "slope_percent": 0.175, "terrain_slope_deg": 1.069, "strahler_order": 1, "capacity_class": "low", "scenario_width_m": 0.4, "scenario_depth_m": 0.3, "scenario_manning_n": 0.035, "capacity_effective_slope": 0.001746, "capacity_slope_floor": 0.001, "capacity_m3s": 0.034854282915268278, "capacity_scenario": "prototype_open_channel_base", "capacity_source": "synthetic_manning_scenario", "capacity_is_observed": 0 }, "geometry": { "type": "LineString", "coordinates": [ [ 377537.790579124644864, 2046261.902720903046429 ], [ 377537.790579124644864, 2046291.902720903046429 ] ] } },
{ "type": "Feature", "properties": { "drain_id": "RN_DRAIN_00263", "source_type": "dem_inferred_surface_flow", "is_inferred": true, "acc_cells": 5757, "upstream_area_m2": 5181235.3235577838, "length_m": 42.43, "start_elevation_m": 557.318, "end_elevation_m": 557.244, "elevation_drop_m": 0.074, "slope_m_per_m": 0.001746, "slope_percent": 0.175, "terrain_slope_deg": 5.967, "strahler_order": 3, "capacity_class": "high", "scenario_width_m": 1.0, "scenario_depth_m": 0.6, "scenario_manning_n": 0.035, "capacity_effective_slope": 0.001746, "capacity_slope_floor": 0.001, "capacity_m3s": 0.30124813859248456, "capacity_scenario": "prototype_open_channel_base", "capacity_source": "synthetic_manning_scenario", "capacity_is_observed": 0 }, "geometry": { "type": "LineString", "coordinates": [ [ 377567.790579124644864, 2046261.902720903046429 ], [ 377537.790579124644864, 2046291.902720903046429 ] ] } },
{ "type": "Feature", "properties": { "drain_id": "RN_DRAIN_00264", "source_type": "dem_inferred_surface_flow", "is_inferred": true, "acc_cells": 170, "upstream_area_m2": 152898.05795636924, "length_m": 30.0, "start_elevation_m": 561.494, "end_elevation_m": 561.276, "elevation_drop_m": 0.218, "slope_m_per_m": 0.007267, "slope_percent": 0.727, "terrain_slope_deg": 1.197, "strahler_order": 2, "capacity_class": "medium", "scenario_width_m": 0.7, "scenario_depth_m": 0.45, "scenario_manning_n": 0.035, "capacity_effective_slope": 0.007267, "capacity_slope_floor": 0.001, "capacity_m3s": 0.25964530282323023, "capacity_scenario": "prototype_open_channel_base", "capacity_source": "synthetic_manning_scenario", "capacity_is_observed": 0 }, "geometry": { "type": "LineString", "coordinates": [ [ 378287.790579124644864, 2046261.902720903046429 ], [ 378287.790579124644864, 2046231.902720903046429 ] ] } },
{ "type": "Feature", "properties": { "drain_id": "RN_DRAIN_00265", "source_type": "dem_inferred_surface_flow", "is_inferred": true, "acc_cells": 118, "upstream_area_m2": 105981.54399014608, "length_m": 42.43, "start_elevation_m": 562.096, "end_elevation_m": 562.022, "elevation_drop_m": 0.074, "slope_m_per_m": 0.001745, "slope_percent": 0.174, "terrain_slope_deg": 0.724, "strahler_order": 2, "capacity_class": "medium", "scenario_width_m": 0.7, "scenario_depth_m": 0.45, "scenario_manning_n": 0.035, "capacity_effective_slope": 0.001745, "capacity_slope_floor": 0.001, "capacity_m3s": 0.12723324562335805, "capacity_scenario": "prototype_open_channel_base", "capacity_source": "synthetic_manning_scenario", "capacity_is_observed": 0 }, "geometry": { "type": "LineString", "coordinates": [ [ 378347.790579124644864, 2046261.902720903046429 ], [ 378317.790579124644864, 2046291.902720903046429 ] ] } },
{ "type": "Feature", "properties": { "drain_id": "RN_DRAIN_00266", "source_type": "dem_inferred_surface_flow", "is_inferred": true, "acc_cells": 83, "upstream_area_m2": 74401.308232557014, "length_m": 30.0, "start_elevation_m": 562.148, "end_elevation_m": 562.096, "elevation_drop_m": 0.052, "slope_m_per_m": 0.001746, "slope_percent": 0.175, "terrain_slope_deg": 2.406, "strahler_order": 2, "capacity_class": "medium", "scenario_width_m": 0.7, "scenario_depth_m": 0.45, "scenario_manning_n": 0.035, "capacity_effective_slope": 0.001746, "capacity_slope_floor": 0.001, "capacity_m3s": 0.1272696969192279, "capacity_scenario": "prototype_open_channel_base", "capacity_source": "synthetic_manning_scenario", "capacity_is_observed": 0 }, "geometry": { "type": "LineString", "coordinates": [ [ 378377.790579124644864, 2046261.902720903046429 ], [ 378347.790579124644864, 2046261.902720903046429 ] ] } },
{ "type": "Feature", "properties": { "drain_id": "RN_DRAIN_00267", "source_type": "dem_inferred_surface_flow", "is_inferred": true, "acc_cells": 64, "upstream_area_m2": 57279.141639757574, "length_m": 30.0, "start_elevation_m": 562.2, "end_elevation_m": 562.148, "elevation_drop_m": 0.052, "slope_m_per_m": 0.001746, "slope_percent": 0.175, "terrain_slope_deg": 3.16, "strahler_order": 1, "capacity_class": "low", "scenario_width_m": 0.4, "scenario_depth_m": 0.3, "scenario_manning_n": 0.035, "capacity_effective_slope": 0.001746, "capacity_slope_floor": 0.001, "capacity_m3s": 0.034854282915268278, "capacity_scenario": "prototype_open_channel_base", "capacity_source": "synthetic_manning_scenario", "capacity_is_observed": 0 }, "geometry": { "type": "LineString", "coordinates": [ [ 378407.790579124644864, 2046261.902720903046429 ], [ 378377.790579124644864, 2046261.902720903046429 ] ] } },
{ "type": "Feature", "properties": { "drain_id": "RN_DRAIN_00268", "source_type": "dem_inferred_surface_flow", "is_inferred": true, "acc_cells": 56, "upstream_area_m2": 50294.955008159406, "length_m": 30.0, "start_elevation_m": 563.727, "end_elevation_m": 562.2, "elevation_drop_m": 1.526, "slope_m_per_m": 0.050883, "slope_percent": 5.088, "terrain_slope_deg": 4.08, "strahler_order": 1, "capacity_class": "low", "scenario_width_m": 0.4, "scenario_depth_m": 0.3, "scenario_manning_n": 0.035, "capacity_effective_slope": 0.050883, "capacity_slope_floor": 0.001, "capacity_m3s": 0.18815700295850665, "capacity_scenario": "prototype_open_channel_base", "capacity_source": "synthetic_manning_scenario", "capacity_is_observed": 0 }, "geometry": { "type": "LineString", "coordinates": [ [ 378437.790579124644864, 2046261.902720903046429 ], [ 378407.790579124644864, 2046261.902720903046429 ] ] } },
{ "type": "Feature", "properties": { "drain_id": "RN_DRAIN_00269", "source_type": "dem_inferred_surface_flow", "is_inferred": true, "acc_cells": 44, "upstream_area_m2": 40017.111648534417, "length_m": 30.0, "start_elevation_m": 561.897, "end_elevation_m": 561.845, "elevation_drop_m": 0.052, "slope_m_per_m": 0.001746, "slope_percent": 0.175, "terrain_slope_deg": 0.695, "strahler_order": 1, "capacity_class": "low", "scenario_width_m": 0.4, "scenario_depth_m": 0.3, "scenario_manning_n": 0.035, "capacity_effective_slope": 0.001746, "capacity_slope_floor": 0.001, "capacity_m3s": 0.034854282915268278, "capacity_scenario": "prototype_open_channel_base", "capacity_source": "synthetic_manning_scenario", "capacity_is_observed": 0 }, "geometry": { "type": "LineString", "coordinates": [ [ 376607.790579124644864, 2046231.902720903046429 ], [ 376607.790579124644864, 2046261.902720903046429 ] ] } },
{ "type": "Feature", "properties": { "drain_id": "RN_DRAIN_00270", "source_type": "dem_inferred_surface_flow", "is_inferred": true, "acc_cells": 357, "upstream_area_m2": 321153.79098951333, "length_m": 42.43, "start_elevation_m": 559.884, "end_elevation_m": 559.81, "elevation_drop_m": 0.074, "slope_m_per_m": 0.001745, "slope_percent": 0.174, "terrain_slope_deg": 1.214, "strahler_order": 2, "capacity_class": "medium", "scenario_width_m": 0.7, "scenario_depth_m": 0.45, "scenario_manning_n": 0.035, "capacity_effective_slope": 0.001745, "capacity_slope_floor": 0.001, "capacity_m3s": 0.12723324562335805, "capacity_scenario": "prototype_open_channel_base", "capacity_source": "synthetic_manning_scenario", "capacity_is_observed": 0 }, "geometry": { "type": "LineString", "coordinates": [ [ 376697.790579124644864, 2046231.902720903046429 ], [ 376727.790579124644864, 2046201.902720903046429 ] ] } },
{ "type": "Feature", "properties": { "drain_id": "RN_DRAIN_00271", "source_type": "dem_inferred_surface_flow", "is_inferred": true, "acc_cells": 376, "upstream_area_m2": 338845.43050327984, "length_m": 42.43, "start_elevation_m": 557.443, "end_elevation_m": 556.715, "elevation_drop_m": 0.728, "slope_m_per_m": 0.017155, "slope_percent": 1.716, "terrain_slope_deg": 2.06, "strahler_order": 2, "capacity_class": "medium", "scenario_width_m": 0.7, "scenario_depth_m": 0.45, "scenario_manning_n": 0.035, "capacity_effective_slope": 0.017155, "capacity_slope_floor": 0.001, "capacity_m3s": 0.39893142783104818, "capacity_scenario": "prototype_open_channel_base", "capacity_source": "synthetic_manning_scenario", "capacity_is_observed": 0 }, "geometry": { "type": "LineString", "coordinates": [ [ 376787.790579124644864, 2046231.902720903046429 ], [ 376817.790579124644864, 2046261.902720903046429 ] ] } },
{ "type": "Feature", "properties": { "drain_id": "RN_DRAIN_00272", "source_type": "dem_inferred_surface_flow", "is_inferred": true, "acc_cells": 60, "upstream_area_m2": 54303.134456565327, "length_m": 42.43, "start_elevation_m": 557.076, "end_elevation_m": 555.382, "elevation_drop_m": 1.693, "slope_m_per_m": 0.039909, "slope_percent": 3.991, "terrain_slope_deg": 1.131, "strahler_order": 1, "capacity_class": "low", "scenario_width_m": 0.4, "scenario_depth_m": 0.3, "scenario_manning_n": 0.035, "capacity_effective_slope": 0.039909, "capacity_slope_floor": 0.001, "capacity_m3s": 0.16663623912470468, "capacity_scenario": "prototype_open_channel_base", "capacity_source": "synthetic_manning_scenario", "capacity_is_observed": 0 }, "geometry": { "type": "LineString", "coordinates": [ [ 376817.790579124644864, 2046231.902720903046429 ], [ 376847.790579124644864, 2046261.902720903046429 ] ] } },
{ "type": "Feature", "properties": { "drain_id": "RN_DRAIN_00273", "source_type": "dem_inferred_surface_flow", "is_inferred": true, "acc_cells": 25, "upstream_area_m2": 22612.129248454417, "length_m": 30.0, "start_elevation_m": 555.988, "end_elevation_m": 555.382, "elevation_drop_m": 0.606, "slope_m_per_m": 0.02019, "slope_percent": 2.019, "terrain_slope_deg": 1.131, "strahler_order": 1, "capacity_class": "low", "scenario_width_m": 0.4, "scenario_depth_m": 0.3, "scenario_manning_n": 0.035, "capacity_effective_slope": 0.02019, "capacity_slope_floor": 0.001, "capacity_m3s": 0.11852287889848324, "capacity_scenario": "prototype_open_channel_base", "capacity_source": "synthetic_manning_scenario", "capacity_is_observed": 0 }, "geometry": { "type": "LineString", "coordinates": [ [ 376847.790579124644864, 2046231.902720903046429 ], [ 376847.790579124644864, 2046261.902720903046429 ] ] } },
{ "type": "Feature", "properties": { "drain_id": "RN_DRAIN_00274", "source_type": "dem_inferred_surface_flow", "is_inferred": true, "acc_cells": 9907, "upstream_area_m2": 8915965.038568005, "length_m": 30.0, "start_elevation_m": 544.408, "end_elevation_m": 544.355, "elevation_drop_m": 0.052, "slope_m_per_m": 0.001746, "slope_percent": 0.175, "terrain_slope_deg": 2.296, "strahler_order": 4, "capacity_class": "very_high", "scenario_width_m": 1.4, "scenario_depth_m": 0.8, "scenario_manning_n": 0.035, "capacity_effective_slope": 0.001746, "capacity_slope_floor": 0.001, "capacity_m3s": 0.69327138773681873, "capacity_scenario": "prototype_open_channel_base", "capacity_source": "synthetic_manning_scenario", "capacity_is_observed": 0 }, "geometry": { "type": "LineString", "coordinates": [ [ 377207.790579124644864, 2046231.902720903046429 ], [ 377207.790579124644864, 2046261.902720903046429 ] ] } },
{ "type": "Feature", "properties": { "drain_id": "RN_DRAIN_00275", "source_type": "dem_inferred_surface_flow", "is_inferred": true, "acc_cells": 264, "upstream_area_m2": 237566.53926659911, "length_m": 42.43, "start_elevation_m": 544.429, "end_elevation_m": 544.355, "elevation_drop_m": 0.074, "slope_m_per_m": 0.001745, "slope_percent": 0.174, "terrain_slope_deg": 8.224, "strahler_order": 1, "capacity_class": "low", "scenario_width_m": 0.4, "scenario_depth_m": 0.3, "scenario_manning_n": 0.035, "capacity_effective_slope": 0.001745, "capacity_slope_floor": 0.001, "capacity_m3s": 0.034844300305034812, "capacity_scenario": "prototype_open_channel_base", "capacity_source": "synthetic_manning_scenario", "capacity_is_observed": 0 }, "geometry": { "type": "LineString", "coordinates": [ [ 377237.790579124644864, 2046231.902720903046429 ], [ 377207.790579124644864, 2046261.902720903046429 ] ] } },
{ "type": "Feature", "properties": { "drain_id": "RN_DRAIN_00276", "source_type": "dem_inferred_surface_flow", "is_inferred": true, "acc_cells": 151, "upstream_area_m2": 136256.31126794306, "length_m": 30.0, "start_elevation_m": 557.37, "end_elevation_m": 557.318, "elevation_drop_m": 0.052, "slope_m_per_m": 0.001744, "slope_percent": 0.174, "terrain_slope_deg": 2.292, "strahler_order": 1, "capacity_class": "low", "scenario_width_m": 0.4, "scenario_depth_m": 0.3, "scenario_manning_n": 0.035, "capacity_effective_slope": 0.001744, "capacity_slope_floor": 0.001, "capacity_m3s": 0.034834314834044547, "capacity_scenario": "prototype_open_channel_base", "capacity_source": "synthetic_manning_scenario", "capacity_is_observed": 0 }, "geometry": { "type": "LineString", "coordinates": [ [ 377567.790579124644864, 2046231.902720903046429 ], [ 377567.790579124644864, 2046261.902720903046429 ] ] } },
{ "type": "Feature", "properties": { "drain_id": "RN_DRAIN_00277", "source_type": "dem_inferred_surface_flow", "is_inferred": true, "acc_cells": 5752, "upstream_area_m2": 5176985.7590449788, "length_m": 42.43, "start_elevation_m": 557.392, "end_elevation_m": 557.318, "elevation_drop_m": 0.074, "slope_m_per_m": 0.001745, "slope_percent": 0.174, "terrain_slope_deg": 7.988, "strahler_order": 3, "capacity_class": "high", "scenario_width_m": 1.0, "scenario_depth_m": 0.6, "scenario_manning_n": 0.035, "capacity_effective_slope": 0.001745, "capacity_slope_floor": 0.001, "capacity_m3s": 0.30116185815577506, "capacity_scenario": "prototype_open_channel_base", "capacity_source": "synthetic_manning_scenario", "capacity_is_observed": 0 }, "geometry": { "type": "LineString", "coordinates": [ [ 377597.790579124644864, 2046231.902720903046429 ], [ 377567.790579124644864, 2046261.902720903046429 ] ] } },
{ "type": "Feature", "properties": { "drain_id": "RN_DRAIN_00278", "source_type": "dem_inferred_surface_flow", "is_inferred": true, "acc_cells": 516, "upstream_area_m2": 464732.46222923207, "length_m": 30.0, "start_elevation_m": 557.444, "end_elevation_m": 557.392, "elevation_drop_m": 0.052, "slope_m_per_m": 0.001746, "slope_percent": 0.175, "terrain_slope_deg": 10.557, "strahler_order": 1, "capacity_class": "low", "scenario_width_m": 0.4, "scenario_depth_m": 0.3, "scenario_manning_n": 0.035, "capacity_effective_slope": 0.001746, "capacity_slope_floor": 0.001, "capacity_m3s": 0.034854282915268278, "capacity_scenario": "prototype_open_channel_base", "capacity_source": "synthetic_manning_scenario", "capacity_is_observed": 0 }, "geometry": { "type": "LineString", "coordinates": [ [ 377627.790579124644864, 2046231.902720903046429 ], [ 377597.790579124644864, 2046231.902720903046429 ] ] } },
{ "type": "Feature", "properties": { "drain_id": "RN_DRAIN_00279", "source_type": "dem_inferred_surface_flow", "is_inferred": true, "acc_cells": 183, "upstream_area_m2": 164360.53520985661, "length_m": 30.0, "start_elevation_m": 561.276, "end_elevation_m": 561.223, "elevation_drop_m": 0.052, "slope_m_per_m": 0.001744, "slope_percent": 0.174, "terrain_slope_deg": 1.734, "strahler_order": 2, "capacity_class": "medium", "scenario_width_m": 0.7, "scenario_depth_m": 0.45, "scenario_manning_n": 0.035, "capacity_effective_slope": 0.001744, "capacity_slope_floor": 0.001, "capacity_m3s": 0.12719678388149364, "capacity_scenario": "prototype_open_channel_base", "capacity_source": "synthetic_manning_scenario", "capacity_is_observed": 0 }, "geometry": { "type": "LineString", "coordinates": [ [ 378287.790579124644864, 2046231.902720903046429 ], [ 378287.790579124644864, 2046201.902720903046429 ] ] } },
{ "type": "Feature", "properties": { "drain_id": "RN_DRAIN_00280", "source_type": "dem_inferred_surface_flow", "is_inferred": true, "acc_cells": 31, "upstream_area_m2": 27844.400075580834, "length_m": 42.43, "start_elevation_m": 562.222, "end_elevation_m": 562.148, "elevation_drop_m": 0.074, "slope_m_per_m": 0.001745, "slope_percent": 0.174, "terrain_slope_deg": 1.939, "strahler_order": 1, "capacity_class": "low", "scenario_width_m": 0.4, "scenario_depth_m": 0.3, "scenario_manning_n": 0.035, "capacity_effective_slope": 0.001745, "capacity_slope_floor": 0.001, "capacity_m3s": 0.034844300305034812, "capacity_scenario": "prototype_open_channel_base", "capacity_source": "synthetic_manning_scenario", "capacity_is_observed": 0 }, "geometry": { "type": "LineString", "coordinates": [ [ 378407.790579124644864, 2046231.902720903046429 ], [ 378377.790579124644864, 2046261.902720903046429 ] ] } },
{ "type": "Feature", "properties": { "drain_id": "RN_DRAIN_00281", "source_type": "dem_inferred_surface_flow", "is_inferred": true, "acc_cells": 40, "upstream_area_m2": 35930.127036271369, "length_m": 42.43, "start_elevation_m": 562.285, "end_elevation_m": 561.897, "elevation_drop_m": 0.388, "slope_m_per_m": 0.009144, "slope_percent": 0.914, "terrain_slope_deg": 1.507, "strahler_order": 1, "capacity_class": "low", "scenario_width_m": 0.4, "scenario_depth_m": 0.3, "scenario_manning_n": 0.035, "capacity_effective_slope": 0.009144, "capacity_slope_floor": 0.001, "capacity_m3s": 0.079763121408296556, "capacity_scenario": "prototype_open_channel_base", "capacity_source": "synthetic_manning_scenario", "capacity_is_observed": 0 }, "geometry": { "type": "LineString", "coordinates": [ [ 376577.790579124644864, 2046201.902720903046429 ], [ 376607.790579124644864, 2046231.902720903046429 ] ] } },
{ "type": "Feature", "properties": { "drain_id": "RN_DRAIN_00282", "source_type": "dem_inferred_surface_flow", "is_inferred": true, "acc_cells": 368, "upstream_area_m2": 331163.77017412719, "length_m": 30.0, "start_elevation_m": 559.81, "end_elevation_m": 558.492, "elevation_drop_m": 1.318, "slope_m_per_m": 0.043947, "slope_percent": 4.395, "terrain_slope_deg": 2.367, "strahler_order": 2, "capacity_class": "medium", "scenario_width_m": 0.7, "scenario_depth_m": 0.45, "scenario_manning_n": 0.035, "capacity_effective_slope": 0.043947, "capacity_slope_floor": 0.001, "capacity_m3s": 0.63850971142116453, "capacity_scenario": "prototype_open_channel_base", "capacity_source": "synthetic_manning_scenario", "capacity_is_observed": 0 }, "geometry": { "type": "LineString", "coordinates": [ [ 376727.790579124644864, 2046201.902720903046429 ], [ 376757.790579124644864, 2046201.902720903046429 ] ] } },
{ "type": "Feature", "properties": { "drain_id": "RN_DRAIN_00283", "source_type": "dem_inferred_surface_flow", "is_inferred": true, "acc_cells": 367, "upstream_area_m2": 330527.02645863168, "length_m": 42.43, "start_elevation_m": 558.492, "end_elevation_m": 557.443, "elevation_drop_m": 1.049, "slope_m_per_m": 0.024723, "slope_percent": 2.472, "terrain_slope_deg": 3.032, "strahler_order": 2, "capacity_class": "medium", "scenario_width_m": 0.7, "scenario_depth_m": 0.45, "scenario_manning_n": 0.035, "capacity_effective_slope": 0.024723, "capacity_slope_floor": 0.001, "capacity_m3s": 0.4789095248259892, "capacity_scenario": "prototype_open_channel_base", "capacity_source": "synthetic_manning_scenario", "capacity_is_observed": 0 }, "geometry": { "type": "LineString", "coordinates": [ [ 376757.790579124644864, 2046201.902720903046429 ], [ 376787.790579124644864, 2046231.902720903046429 ] ] } },
{ "type": "Feature", "properties": { "drain_id": "RN_DRAIN_00284", "source_type": "dem_inferred_surface_flow", "is_inferred": true, "acc_cells": 73, "upstream_area_m2": 65716.404465082349, "length_m": 30.0, "start_elevation_m": 552.453, "end_elevation_m": 552.4, "elevation_drop_m": 0.052, "slope_m_per_m": 0.001746, "slope_percent": 0.175, "terrain_slope_deg": 1.249, "strahler_order": 1, "capacity_class": "low", "scenario_width_m": 0.4, "scenario_depth_m": 0.3, "scenario_manning_n": 0.035, "capacity_effective_slope": 0.001746, "capacity_slope_floor": 0.001, "capacity_m3s": 0.034854282915268278, "capacity_scenario": "prototype_open_channel_base", "capacity_source": "synthetic_manning_scenario", "capacity_is_observed": 0 }, "geometry": { "type": "LineString", "coordinates": [ [ 376997.790579124644864, 2046201.902720903046429 ], [ 377027.790579124644864, 2046201.902720903046429 ] ] } },
{ "type": "Feature", "properties": { "drain_id": "RN_DRAIN_00285", "source_type": "dem_inferred_surface_flow", "is_inferred": true, "acc_cells": 78, "upstream_area_m2": 70009.211436012585, "length_m": 42.43, "start_elevation_m": 552.4, "end_elevation_m": 552.326, "elevation_drop_m": 0.074, "slope_m_per_m": 0.001745, "slope_percent": 0.174, "terrain_slope_deg": 1.909, "strahler_order": 1, "capacity_class": "low", "scenario_width_m": 0.4, "scenario_depth_m": 0.3, "scenario_manning_n": 0.035, "capacity_effective_slope": 0.001745, "capacity_slope_floor": 0.001, "capacity_m3s": 0.034844300305034812, "capacity_scenario": "prototype_open_channel_base", "capacity_source": "synthetic_manning_scenario", "capacity_is_observed": 0 }, "geometry": { "type": "LineString", "coordinates": [ [ 377027.790579124644864, 2046201.902720903046429 ], [ 377057.790579124644864, 2046171.902720903046429 ] ] } },
{ "type": "Feature", "properties": { "drain_id": "RN_DRAIN_00286", "source_type": "dem_inferred_surface_flow", "is_inferred": true, "acc_cells": 9907, "upstream_area_m2": 8916567.5282384865, "length_m": 30.0, "start_elevation_m": 544.46, "end_elevation_m": 544.408, "elevation_drop_m": 0.052, "slope_m_per_m": 0.001746, "slope_percent": 0.175, "terrain_slope_deg": 2.667, "strahler_order": 4, "capacity_class": "very_high", "scenario_width_m": 1.4, "scenario_depth_m": 0.8, "scenario_manning_n": 0.035, "capacity_effective_slope": 0.001746, "capacity_slope_floor": 0.001, "capacity_m3s": 0.69327138773681873, "capacity_scenario": "prototype_open_channel_base", "capacity_source": "synthetic_manning_scenario", "capacity_is_observed": 0 }, "geometry": { "type": "LineString", "coordinates": [ [ 377207.790579124644864, 2046201.902720903046429 ], [ 377207.790579124644864, 2046231.902720903046429 ] ] } },
{ "type": "Feature", "properties": { "drain_id": "RN_DRAIN_00287", "source_type": "dem_inferred_surface_flow", "is_inferred": true, "acc_cells": 253, "upstream_area_m2": 227906.84331274877, "length_m": 30.0, "start_elevation_m": 544.482, "end_elevation_m": 544.46, "elevation_drop_m": 0.022, "slope_m_per_m": 0.000722, "slope_percent": 0.072, "terrain_slope_deg": 7.105, "strahler_order": 1, "capacity_class": "low", "scenario_width_m": 0.4, "scenario_depth_m": 0.3, "scenario_manning_n": 0.035, "capacity_effective_slope": 0.001, "capacity_slope_floor": 0.001, "capacity_m3s": 0.02637752433631995, "capacity_scenario": "prototype_open_channel_base", "capacity_source": "synthetic_manning_scenario", "capacity_is_observed": 0 }, "geometry": { "type": "LineString", "coordinates": [ [ 377237.790579124644864, 2046201.902720903046429 ], [ 377207.790579124644864, 2046201.902720903046429 ] ] } },
{ "type": "Feature", "properties": { "drain_id": "RN_DRAIN_00288", "source_type": "dem_inferred_surface_flow", "is_inferred": true, "acc_cells": 132, "upstream_area_m2": 118682.7727792681, "length_m": 30.0, "start_elevation_m": 557.444, "end_elevation_m": 557.392, "elevation_drop_m": 0.052, "slope_m_per_m": 0.001746, "slope_percent": 0.175, "terrain_slope_deg": 1.911, "strahler_order": 1, "capacity_class": "low", "scenario_width_m": 0.4, "scenario_depth_m": 0.3, "scenario_manning_n": 0.035, "capacity_effective_slope": 0.001746, "capacity_slope_floor": 0.001, "capacity_m3s": 0.034854282915268278, "capacity_scenario": "prototype_open_channel_base", "capacity_source": "synthetic_manning_scenario", "capacity_is_observed": 0 }, "geometry": { "type": "LineString", "coordinates": [ [ 377597.790579124644864, 2046201.902720903046429 ], [ 377597.790579124644864, 2046231.902720903046429 ] ] } },
{ "type": "Feature", "properties": { "drain_id": "RN_DRAIN_00289", "source_type": "dem_inferred_surface_flow", "is_inferred": true, "acc_cells": 5303, "upstream_area_m2": 4772886.4690047344, "length_m": 42.43, "start_elevation_m": 557.466, "end_elevation_m": 557.392, "elevation_drop_m": 0.074, "slope_m_per_m": 0.001745, "slope_percent": 0.174, "terrain_slope_deg": 5.035, "strahler_order": 3, "capacity_class": "high", "scenario_width_m": 1.0, "scenario_depth_m": 0.6, "scenario_manning_n": 0.035, "capacity_effective_slope": 0.001745, "capacity_slope_floor": 0.001, "capacity_m3s": 0.30116185815577506, "capacity_scenario": "prototype_open_channel_base", "capacity_source": "synthetic_manning_scenario", "capacity_is_observed": 0 }, "geometry": { "type": "LineString", "coordinates": [ [ 377627.790579124644864, 2046201.902720903046429 ], [ 377597.790579124644864, 2046231.902720903046429 ] ] } },
{ "type": "Feature", "properties": { "drain_id": "RN_DRAIN_00290", "source_type": "dem_inferred_surface_flow", "is_inferred": true, "acc_cells": 875, "upstream_area_m2": 787847.42053533997, "length_m": 30.0, "start_elevation_m": 557.518, "end_elevation_m": 557.466, "elevation_drop_m": 0.052, "slope_m_per_m": 0.001746, "slope_percent": 0.175, "terrain_slope_deg": 9.188, "strahler_order": 1, "capacity_class": "low", "scenario_width_m": 0.4, "scenario_depth_m": 0.3, "scenario_manning_n": 0.035, "capacity_effective_slope": 0.001746, "capacity_slope_floor": 0.001, "capacity_m3s": 0.034854282915268278, "capacity_scenario": "prototype_open_channel_base", "capacity_source": "synthetic_manning_scenario", "capacity_is_observed": 0 }, "geometry": { "type": "LineString", "coordinates": [ [ 377657.790579124644864, 2046201.902720903046429 ], [ 377627.790579124644864, 2046201.902720903046429 ] ] } },
{ "type": "Feature", "properties": { "drain_id": "RN_DRAIN_00291", "source_type": "dem_inferred_surface_flow", "is_inferred": true, "acc_cells": 36, "upstream_area_m2": 32417.729892438481, "length_m": 42.43, "start_elevation_m": 558.357, "end_elevation_m": 557.592, "elevation_drop_m": 0.765, "slope_m_per_m": 0.018033, "slope_percent": 1.803, "terrain_slope_deg": 7.89, "strahler_order": 1, "capacity_class": "low", "scenario_width_m": 0.4, "scenario_depth_m": 0.3, "scenario_manning_n": 0.035, "capacity_effective_slope": 0.018033, "capacity_slope_floor": 0.001, "capacity_m3s": 0.1120128954947173, "capacity_scenario": "prototype_open_channel_base", "capacity_source": "synthetic_manning_scenario", "capacity_is_observed": 0 }, "geometry": { "type": "LineString", "coordinates": [ [ 377717.790579124644864, 2046201.902720903046429 ], [ 377687.790579124644864, 2046171.902720903046429 ] ] } },
{ "type": "Feature", "properties": { "drain_id": "RN_DRAIN_00292", "source_type": "dem_inferred_surface_flow", "is_inferred": true, "acc_cells": 70, "upstream_area_m2": 63087.345297124994, "length_m": 30.0, "start_elevation_m": 558.12, "end_elevation_m": 558.098, "elevation_drop_m": 0.022, "slope_m_per_m": 0.000724, "slope_percent": 0.072, "terrain_slope_deg": 1.379, "strahler_order": 1, "capacity_class": "low", "scenario_width_m": 0.4, "scenario_depth_m": 0.3, "scenario_manning_n": 0.035, "capacity_effective_slope": 0.001, "capacity_slope_floor": 0.001, "capacity_m3s": 0.02637752433631995, "capacity_scenario": "prototype_open_channel_base", "capacity_source": "synthetic_manning_scenario", "capacity_is_observed": 0 }, "geometry": { "type": "LineString", "coordinates": [ [ 377927.790579124644864, 2046201.902720903046429 ], [ 377927.790579124644864, 2046171.902720903046429 ] ] } },
{ "type": "Feature", "properties": { "drain_id": "RN_DRAIN_00293", "source_type": "dem_inferred_surface_flow", "is_inferred": true, "acc_cells": 186, "upstream_area_m2": 167264.17252692723, "length_m": 30.0, "start_elevation_m": 561.223, "end_elevation_m": 561.171, "elevation_drop_m": 0.052, "slope_m_per_m": 0.001746, "slope_percent": 0.175, "terrain_slope_deg": 2.432, "strahler_order": 2, "capacity_class": "medium", "scenario_width_m": 0.7, "scenario_depth_m": 0.45, "scenario_manning_n": 0.035, "capacity_effective_slope": 0.001746, "capacity_slope_floor": 0.001, "capacity_m3s": 0.1272696969192279, "capacity_scenario": "prototype_open_channel_base", "capacity_source": "synthetic_manning_scenario", "capacity_is_observed": 0 }, "geometry": { "type": "LineString", "coordinates": [ [ 378287.790579124644864, 2046201.902720903046429 ], [ 378287.790579124644864, 2046171.902720903046429 ] ] } },
{ "type": "Feature", "properties": { "drain_id": "RN_DRAIN_00294", "source_type": "dem_inferred_surface_flow", "is_inferred": true, "acc_cells": 33, "upstream_area_m2": 29713.685602680976, "length_m": 17.11, "start_elevation_m": 563.43, "end_elevation_m": 563.378, "elevation_drop_m": 0.052, "slope_m_per_m": 0.003061, "slope_percent": 0.306, "terrain_slope_deg": 2.094, "strahler_order": 1, "capacity_class": "low", "scenario_width_m": 0.4, "scenario_depth_m": 0.3, "scenario_manning_n": 0.035, "capacity_effective_slope": 0.003061, "capacity_slope_floor": 0.001, "capacity_m3s": 0.046149361550690562, "capacity_scenario": "prototype_open_channel_base", "capacity_source": "synthetic_manning_scenario", "capacity_is_observed": 0 }, "geometry": { "type": "LineString", "coordinates": [ [ 376530.684005104238167, 2046171.902720903046429 ], [ 376547.790579124644864, 2046171.902720903046429 ] ] } },
{ "type": "Feature", "properties": { "drain_id": "RN_DRAIN_00295", "source_type": "dem_inferred_surface_flow", "is_inferred": true, "acc_cells": 36, "upstream_area_m2": 32099.809018248092, "length_m": 42.43, "start_elevation_m": 563.378, "end_elevation_m": 562.285, "elevation_drop_m": 1.092, "slope_m_per_m": 0.025743, "slope_percent": 2.574, "terrain_slope_deg": 2.842, "strahler_order": 1, "capacity_class": "low", "scenario_width_m": 0.4, "scenario_depth_m": 0.3, "scenario_manning_n": 0.035, "capacity_effective_slope": 0.025743, "capacity_slope_floor": 0.001, "capacity_m3s": 0.13383312250292473, "capacity_scenario": "prototype_open_channel_base", "capacity_source": "synthetic_manning_scenario", "capacity_is_observed": 0 }, "geometry": { "type": "LineString", "coordinates": [ [ 376547.790579124644864, 2046171.902720903046429 ], [ 376577.790579124644864, 2046201.902720903046429 ] ] } },
{ "type": "Feature", "properties": { "drain_id": "RN_DRAIN_00296", "source_type": "dem_inferred_surface_flow", "is_inferred": true, "acc_cells": 63, "upstream_area_m2": 57054.54449569901, "length_m": 30.0, "start_elevation_m": 553.681, "end_elevation_m": 553.389, "elevation_drop_m": 0.292, "slope_m_per_m": 0.009729, "slope_percent": 0.973, "terrain_slope_deg": 0.924, "strahler_order": 1, "capacity_class": "low", "scenario_width_m": 0.4, "scenario_depth_m": 0.3, "scenario_manning_n": 0.035, "capacity_effective_slope": 0.009729, "capacity_slope_floor": 0.001, "capacity_m3s": 0.082275046059001683, "capacity_scenario": "prototype_open_channel_base", "capacity_source": "synthetic_manning_scenario", "capacity_is_observed": 0 }, "geometry": { "type": "LineString", "coordinates": [ [ 376937.790579124644864, 2046171.902720903046429 ], [ 376967.790579124644864, 2046171.902720903046429 ] ] } },
{ "type": "Feature", "properties": { "drain_id": "RN_DRAIN_00297", "source_type": "dem_inferred_surface_flow", "is_inferred": true, "acc_cells": 67, "upstream_area_m2": 60319.895128113159, "length_m": 42.43, "start_elevation_m": 553.389, "end_elevation_m": 552.453, "elevation_drop_m": 0.937, "slope_m_per_m": 0.022075, "slope_percent": 2.208, "terrain_slope_deg": 2.2, "strahler_order": 1, "capacity_class": "low", "scenario_width_m": 0.4, "scenario_depth_m": 0.3, "scenario_manning_n": 0.035, "capacity_effective_slope": 0.022075, "capacity_slope_floor": 0.001, "capacity_m3s": 0.12393226543861699, "capacity_scenario": "prototype_open_channel_base", "capacity_source": "synthetic_manning_scenario", "capacity_is_observed": 0 }, "geometry": { "type": "LineString", "coordinates": [ [ 376967.790579124644864, 2046171.902720903046429 ], [ 376997.790579124644864, 2046201.902720903046429 ] ] } },
{ "type": "Feature", "properties": { "drain_id": "RN_DRAIN_00298", "source_type": "dem_inferred_surface_flow", "is_inferred": true, "acc_cells": 87, "upstream_area_m2": 78192.144041604464, "length_m": 42.43, "start_elevation_m": 552.326, "end_elevation_m": 552.252, "elevation_drop_m": 0.074, "slope_m_per_m": 0.001745, "slope_percent": 0.174, "terrain_slope_deg": 2.305, "strahler_order": 1, "capacity_class": "low", "scenario_width_m": 0.4, "scenario_depth_m": 0.3, "scenario_manning_n": 0.035, "capacity_effective_slope": 0.001745, "capacity_slope_floor": 0.001, "capacity_m3s": 0.034844300305034812, "capacity_scenario": "prototype_open_channel_base", "capacity_source": "synthetic_manning_scenario", "capacity_is_observed": 0 }, "geometry": { "type": "LineString", "coordinates": [ [ 377057.790579124644864, 2046171.902720903046429 ], [ 377087.790579124644864, 2046141.902720903046429 ] ] } },
{ "type": "Feature", "properties": { "drain_id": "RN_DRAIN_00299", "source_type": "dem_inferred_surface_flow", "is_inferred": true, "acc_cells": 86, "upstream_area_m2": 77435.678198827271, "length_m": 30.0, "start_elevation_m": 549.38, "end_elevation_m": 545.431, "elevation_drop_m": 3.949, "slope_m_per_m": 0.131628, "slope_percent": 13.163, "terrain_slope_deg": 7.739, "strahler_order": 1, "capacity_class": "low", "scenario_width_m": 0.4, "scenario_depth_m": 0.3, "scenario_manning_n": 0.035, "capacity_effective_slope": 0.131628, "capacity_slope_floor": 0.001, "capacity_m3s": 0.30262734913588674, "capacity_scenario": "prototype_open_channel_base", "capacity_source": "synthetic_manning_scenario", "capacity_is_observed": 0 }, "geometry": { "type": "LineString", "coordinates": [ [ 377147.790579124644864, 2046171.902720903046429 ], [ 377177.790579124644864, 2046171.902720903046429 ] ] } },
{ "type": "Feature", "properties": { "drain_id": "RN_DRAIN_00300", "source_type": "dem_inferred_surface_flow", "is_inferred": true, "acc_cells": 73, "upstream_area_m2": 65918.805598000705, "length_m": 42.43, "start_elevation_m": 545.431, "end_elevation_m": 544.46, "elevation_drop_m": 0.971, "slope_m_per_m": 0.022888, "slope_percent": 2.289, "terrain_slope_deg": 3.206, "strahler_order": 1, "capacity_class": "low", "scenario_width_m": 0.4, "scenario_depth_m": 0.3, "scenario_manning_n": 0.035, "capacity_effective_slope": 0.022888, "capacity_slope_floor": 0.001, "capacity_m3s": 0.12619378157464736, "capacity_scenario": "prototype_open_channel_base", "capacity_source": "synthetic_manning_scenario", "capacity_is_observed": 0 }, "geometry": { "type": "LineString", "coordinates": [ [ 377177.790579124644864, 2046171.902720903046429 ], [ 377207.790579124644864, 2046201.902720903046429 ] ] } },
{ "type": "Feature", "properties": { "drain_id": "RN_DRAIN_00301", "source_type": "dem_inferred_surface_flow", "is_inferred": true, "acc_cells": 9863, "upstream_area_m2": 8876429.1893620156, "length_m": 30.0, "start_elevation_m": 544.513, "end_elevation_m": 544.46, "elevation_drop_m": 0.052, "slope_m_per_m": 0.001746, "slope_percent": 0.175, "terrain_slope_deg": 3.206, "strahler_order": 4, "capacity_class": "very_high", "scenario_width_m": 1.4, "scenario_depth_m": 0.8, "scenario_manning_n": 0.035, "capacity_effective_slope": 0.001746, "capacity_slope_floor": 0.001, "capacity_m3s": 0.69327138773681873, "capacity_scenario": "prototype_open_channel_base", "capacity_source": "synthetic_manning_scenario", "capacity_is_observed": 0 }, "geometry": { "type": "LineString", "coordinates": [ [ 377207.790579124644864, 2046171.902720903046429 ], [ 377207.790579124644864, 2046201.902720903046429 ] ] } },
{ "type": "Feature", "properties": { "drain_id": "RN_DRAIN_00302", "source_type": "dem_inferred_surface_flow", "is_inferred": true, "acc_cells": 262, "upstream_area_m2": 235968.03016448428, "length_m": 42.43, "start_elevation_m": 544.534, "end_elevation_m": 544.46, "elevation_drop_m": 0.074, "slope_m_per_m": 0.001745, "slope_percent": 0.174, "terrain_slope_deg": 6.487, "strahler_order": 1, "capacity_class": "low", "scenario_width_m": 0.4, "scenario_depth_m": 0.3, "scenario_manning_n": 0.035, "capacity_effective_slope": 0.001745, "capacity_slope_floor": 0.001, "capacity_m3s": 0.034844300305034812, "capacity_scenario": "prototype_open_channel_base", "capacity_source": "synthetic_manning_scenario", "capacity_is_observed": 0 }, "geometry": { "type": "LineString", "coordinates": [ [ 377237.790579124644864, 2046171.902720903046429 ], [ 377207.790579124644864, 2046201.902720903046429 ] ] } },
{ "type": "Feature", "properties": { "drain_id": "RN_DRAIN_00303", "source_type": "dem_inferred_surface_flow", "is_inferred": true, "acc_cells": 110, "upstream_area_m2": 99418.76140759456, "length_m": 30.0, "start_elevation_m": 557.518, "end_elevation_m": 557.466, "elevation_drop_m": 0.052, "slope_m_per_m": 0.001746, "slope_percent": 0.175, "terrain_slope_deg": 5.429, "strahler_order": 1, "capacity_class": "low", "scenario_width_m": 0.4, "scenario_depth_m": 0.3, "scenario_manning_n": 0.035, "capacity_effective_slope": 0.001746, "capacity_slope_floor": 0.001, "capacity_m3s": 0.034854282915268278, "capacity_scenario": "prototype_open_channel_base", "capacity_source": "synthetic_manning_scenario", "capacity_is_observed": 0 }, "geometry": { "type": "LineString", "coordinates": [ [ 377627.790579124644864, 2046171.902720903046429 ], [ 377627.790579124644864, 2046201.902720903046429 ] ] } },
{ "type": "Feature", "properties": { "drain_id": "RN_DRAIN_00304", "source_type": "dem_inferred_surface_flow", "is_inferred": true, "acc_cells": 4944, "upstream_area_m2": 4449181.2589658918, "length_m": 42.43, "start_elevation_m": 557.54, "end_elevation_m": 557.466, "elevation_drop_m": 0.074, "slope_m_per_m": 0.001745, "slope_percent": 0.174, "terrain_slope_deg": 2.2, "strahler_order": 3, "capacity_class": "high", "scenario_width_m": 1.0, "scenario_depth_m": 0.6, "scenario_manning_n": 0.035, "capacity_effective_slope": 0.001745, "capacity_slope_floor": 0.001, "capacity_m3s": 0.30116185815577506, "capacity_scenario": "prototype_open_channel_base", "capacity_source": "synthetic_manning_scenario", "capacity_is_observed": 0 }, "geometry": { "type": "LineString", "coordinates": [ [ 377657.790579124644864, 2046171.902720903046429 ], [ 377627.790579124644864, 2046201.902720903046429 ] ] } },
{ "type": "Feature", "properties": { "drain_id": "RN_DRAIN_00305", "source_type": "dem_inferred_surface_flow", "is_inferred": true, "acc_cells": 1594, "upstream_area_m2": 1434316.2455180951, "length_m": 30.0, "start_elevation_m": 557.592, "end_elevation_m": 557.54, "elevation_drop_m": 0.052, "slope_m_per_m": 0.001746, "slope_percent": 0.175, "terrain_slope_deg": 5.568, "strahler_order": 1, "capacity_class": "low", "scenario_width_m": 0.4, "scenario_depth_m": 0.3, "scenario_manning_n": 0.035, "capacity_effective_slope": 0.001746, "capacity_slope_floor": 0.001, "capacity_m3s": 0.034854282915268278, "capacity_scenario": "prototype_open_channel_base", "capacity_source": "synthetic_manning_scenario", "capacity_is_observed": 0 }, "geometry": { "type": "LineString", "coordinates": [ [ 377687.790579124644864, 2046171.902720903046429 ], [ 377657.790579124644864, 2046171.902720903046429 ] ] } },
{ "type": "Feature", "properties": { "drain_id": "RN_DRAIN_00306", "source_type": "dem_inferred_surface_flow", "is_inferred": true, "acc_cells": 47, "upstream_area_m2": 42684.736700485031, "length_m": 42.43, "start_elevation_m": 557.645, "end_elevation_m": 557.614, "elevation_drop_m": 0.031, "slope_m_per_m": 0.000724, "slope_percent": 0.072, "terrain_slope_deg": 5.35, "strahler_order": 1, "capacity_class": "low", "scenario_width_m": 0.4, "scenario_depth_m": 0.3, "scenario_manning_n": 0.035, "capacity_effective_slope": 0.001, "capacity_slope_floor": 0.001, "capacity_m3s": 0.02637752433631995, "capacity_scenario": "prototype_open_channel_base", "capacity_source": "synthetic_manning_scenario", "capacity_is_observed": 0 }, "geometry": { "type": "LineString", "coordinates": [ [ 377717.790579124644864, 2046171.902720903046429 ], [ 377687.790579124644864, 2046141.902720903046429 ] ] } },
{ "type": "Feature", "properties": { "drain_id": "RN_DRAIN_00307", "source_type": "dem_inferred_surface_flow", "is_inferred": true, "acc_cells": 1414, "upstream_area_m2": 1272522.0152932797, "length_m": 30.0, "start_elevation_m": 557.993, "end_elevation_m": 557.971, "elevation_drop_m": 0.022, "slope_m_per_m": 0.000724, "slope_percent": 0.072, "terrain_slope_deg": 3.022, "strahler_order": 1, "capacity_class": "low", "scenario_width_m": 0.4, "scenario_depth_m": 0.3, "scenario_manning_n": 0.035, "capacity_effective_slope": 0.001, "capacity_slope_floor": 0.001, "capacity_m3s": 0.02637752433631995, "capacity_scenario": "prototype_open_channel_base", "capacity_source": "synthetic_manning_scenario", "capacity_is_observed": 0 }, "geometry": { "type": "LineString", "coordinates": [ [ 377867.790579124644864, 2046171.902720903046429 ], [ 377867.790579124644864, 2046141.902720903046429 ] ] } },
{ "type": "Feature", "properties": { "drain_id": "RN_DRAIN_00308", "source_type": "dem_inferred_surface_flow", "is_inferred": true, "acc_cells": 2770, "upstream_area_m2": 2493325.5732902326, "length_m": 42.43, "start_elevation_m": 558.046, "end_elevation_m": 557.971, "elevation_drop_m": 0.074, "slope_m_per_m": 0.001746, "slope_percent": 0.175, "terrain_slope_deg": 4.789, "strahler_order": 1, "capacity_class": "low", "scenario_width_m": 0.4, "scenario_depth_m": 0.3, "scenario_manning_n": 0.035, "capacity_effective_slope": 0.001746, "capacity_slope_floor": 0.001, "capacity_m3s": 0.034854282915268278, "capacity_scenario": "prototype_open_channel_base", "capacity_source": "synthetic_manning_scenario", "capacity_is_observed": 0 }, "geometry": { "type": "LineString", "coordinates": [ [ 377897.790579124644864, 2046171.902720903046429 ], [ 377867.790579124644864, 2046141.902720903046429 ] ] } },
{ "type": "Feature", "properties": { "drain_id": "RN_DRAIN_00309", "source_type": "dem_inferred_surface_flow", "is_inferred": true, "acc_cells": 5481, "upstream_area_m2": 4932809.8382243989, "length_m": 42.43, "start_elevation_m": 558.098, "end_elevation_m": 558.024, "elevation_drop_m": 0.074, "slope_m_per_m": 0.001745, "slope_percent": 0.174, "terrain_slope_deg": 4.012, "strahler_order": 3, "capacity_class": "high", "scenario_width_m": 1.0, "scenario_depth_m": 0.6, "scenario_manning_n": 0.035, "capacity_effective_slope": 0.001745, "capacity_slope_floor": 0.001, "capacity_m3s": 0.30116185815577506, "capacity_scenario": "prototype_open_channel_base", "capacity_source": "synthetic_manning_scenario", "capacity_is_observed": 0 }, "geometry": { "type": "LineString", "coordinates": [ [ 377927.790579124644864, 2046171.902720903046429 ], [ 377897.790579124644864, 2046141.902720903046429 ] ] } },
{ "type": "Feature", "properties": { "drain_id": "RN_DRAIN_00310", "source_type": "dem_inferred_surface_flow", "is_inferred": true, "acc_cells": 5539, "upstream_area_m2": 4985435.165144043, "length_m": 30.0, "start_elevation_m": 558.15, "end_elevation_m": 558.098, "elevation_drop_m": 0.052, "slope_m_per_m": 0.001746, "slope_percent": 0.175, "terrain_slope_deg": 1.202, "strahler_order": 3, "capacity_class": "high", "scenario_width_m": 1.0, "scenario_depth_m": 0.6, "scenario_manning_n": 0.035, "capacity_effective_slope": 0.001746, "capacity_slope_floor": 0.001, "capacity_m3s": 0.30124813859248456, "capacity_scenario": "prototype_open_channel_base", "capacity_source": "synthetic_manning_scenario", "capacity_is_observed": 0 }, "geometry": { "type": "LineString", "coordinates": [ [ 377957.790579124644864, 2046171.902720903046429 ], [ 377927.790579124644864, 2046171.902720903046429 ] ] } },
{ "type": "Feature", "properties": { "drain_id": "RN_DRAIN_00311", "source_type": "dem_inferred_surface_flow", "is_inferred": true, "acc_cells": 5533, "upstream_area_m2": 4979876.0337939281, "length_m": 30.0, "start_elevation_m": 558.203, "end_elevation_m": 558.15, "elevation_drop_m": 0.052, "slope_m_per_m": 0.001746, "slope_percent": 0.175, "terrain_slope_deg": 2.342, "strahler_order": 3, "capacity_class": "high", "scenario_width_m": 1.0, "scenario_depth_m": 0.6, "scenario_manning_n": 0.035, "capacity_effective_slope": 0.001746, "capacity_slope_floor": 0.001, "capacity_m3s": 0.30124813859248456, "capacity_scenario": "prototype_open_channel_base", "capacity_source": "synthetic_manning_scenario", "capacity_is_observed": 0 }, "geometry": { "type": "LineString", "coordinates": [ [ 377987.790579124644864, 2046171.902720903046429 ], [ 377957.790579124644864, 2046171.902720903046429 ] ] } },
{ "type": "Feature", "properties": { "drain_id": "RN_DRAIN_00312", "source_type": "dem_inferred_surface_flow", "is_inferred": true, "acc_cells": 206, "upstream_area_m2": 185251.06273290614, "length_m": 42.43, "start_elevation_m": 561.171, "end_elevation_m": 561.097, "elevation_drop_m": 0.074, "slope_m_per_m": 0.001746, "slope_percent": 0.175, "terrain_slope_deg": 1.924, "strahler_order": 2, "capacity_class": "medium", "scenario_width_m": 0.7, "scenario_depth_m": 0.45, "scenario_manning_n": 0.035, "capacity_effective_slope": 0.001746, "capacity_slope_floor": 0.001, "capacity_m3s": 0.1272696969192279, "capacity_scenario": "prototype_open_channel_base", "capacity_source": "synthetic_manning_scenario", "capacity_is_observed": 0 }, "geometry": { "type": "LineString", "coordinates": [ [ 378287.790579124644864, 2046171.902720903046429 ], [ 378257.790579124644864, 2046141.902720903046429 ] ] } },
{ "type": "Feature", "properties": { "drain_id": "RN_DRAIN_00313", "source_type": "dem_inferred_surface_flow", "is_inferred": true, "acc_cells": 44, "upstream_area_m2": 39635.412810510141, "length_m": 42.43, "start_elevation_m": 553.755, "end_elevation_m": 553.681, "elevation_drop_m": 0.074, "slope_m_per_m": 0.001745, "slope_percent": 0.174, "terrain_slope_deg": 1.974, "strahler_order": 1, "capacity_class": "low", "scenario_width_m": 0.4, "scenario_depth_m": 0.3, "scenario_manning_n": 0.035, "capacity_effective_slope": 0.001745, "capacity_slope_floor": 0.001, "capacity_m3s": 0.034844300305034812, "capacity_scenario": "prototype_open_channel_base", "capacity_source": "synthetic_manning_scenario", "capacity_is_observed": 0 }, "geometry": { "type": "LineString", "coordinates": [ [ 376907.790579124644864, 2046141.902720903046429 ], [ 376937.790579124644864, 2046171.902720903046429 ] ] } },
{ "type": "Feature", "properties": { "drain_id": "RN_DRAIN_00314", "source_type": "dem_inferred_surface_flow", "is_inferred": true, "acc_cells": 90, "upstream_area_m2": 80745.126832480339, "length_m": 30.0, "start_elevation_m": 552.252, "end_elevation_m": 551.215, "elevation_drop_m": 1.037, "slope_m_per_m": 0.034558, "slope_percent": 3.456, "terrain_slope_deg": 2.524, "strahler_order": 1, "capacity_class": "low", "scenario_width_m": 0.4, "scenario_depth_m": 0.3, "scenario_manning_n": 0.035, "capacity_effective_slope": 0.034558, "capacity_slope_floor": 0.001, "capacity_m3s": 0.15506305375146681, "capacity_scenario": "prototype_open_channel_base", "capacity_source": "synthetic_manning_scenario", "capacity_is_observed": 0 }, "geometry": { "type": "LineString", "coordinates": [ [ 377087.790579124644864, 2046141.902720903046429 ], [ 377117.790579124644864, 2046141.902720903046429 ] ] } },
{ "type": "Feature", "properties": { "drain_id": "RN_DRAIN_00315", "source_type": "dem_inferred_surface_flow", "is_inferred": true, "acc_cells": 93, "upstream_area_m2": 83382.261681655989, "length_m": 42.43, "start_elevation_m": 551.215, "end_elevation_m": 549.38, "elevation_drop_m": 1.835, "slope_m_per_m": 0.043255, "slope_percent": 4.326, "terrain_slope_deg": 5.534, "strahler_order": 1, "capacity_class": "low", "scenario_width_m": 0.4, "scenario_depth_m": 0.3, "scenario_manning_n": 0.035, "capacity_effective_slope": 0.043255, "capacity_slope_floor": 0.001, "capacity_m3s": 0.1734811093212871, "capacity_scenario": "prototype_open_channel_base", "capacity_source": "synthetic_manning_scenario", "capacity_is_observed": 0 }, "geometry": { "type": "LineString", "coordinates": [ [ 377117.790579124644864, 2046141.902720903046429 ], [ 377147.790579124644864, 2046171.902720903046429 ] ] } },
{ "type": "Feature", "properties": { "drain_id": "RN_DRAIN_00316", "source_type": "dem_inferred_surface_flow", "is_inferred": true, "acc_cells": 9823, "upstream_area_m2": 8840337.4480907265, "length_m": 30.0, "start_elevation_m": 544.565, "end_elevation_m": 544.513, "elevation_drop_m": 0.052, "slope_m_per_m": 0.001746, "slope_percent": 0.175, "terrain_slope_deg": 4.091, "strahler_order": 4, "capacity_class": "very_high", "scenario_width_m": 1.4, "scenario_depth_m": 0.8, "scenario_manning_n": 0.035, "capacity_effective_slope": 0.001746, "capacity_slope_floor": 0.001, "capacity_m3s": 0.69327138773681873, "capacity_scenario": "prototype_open_channel_base", "capacity_source": "synthetic_manning_scenario", "capacity_is_observed": 0 }, "geometry": { "type": "LineString", "coordinates": [ [ 377207.790579124644864, 2046141.902720903046429 ], [ 377207.790579124644864, 2046171.902720903046429 ] ] } },
{ "type": "Feature", "properties": { "drain_id": "RN_DRAIN_00317", "source_type": "dem_inferred_surface_flow", "is_inferred": true, "acc_cells": 229, "upstream_area_m2": 206512.45875562332, "length_m": 42.43, "start_elevation_m": 544.587, "end_elevation_m": 544.513, "elevation_drop_m": 0.074, "slope_m_per_m": 0.001745, "slope_percent": 0.174, "terrain_slope_deg": 6.996, "strahler_order": 1, "capacity_class": "low", "scenario_width_m": 0.4, "scenario_depth_m": 0.3, "scenario_manning_n": 0.035, "capacity_effective_slope": 0.001745, "capacity_slope_floor": 0.001, "capacity_m3s": 0.034844300305034812, "capacity_scenario": "prototype_open_channel_base", "capacity_source": "synthetic_manning_scenario", "capacity_is_observed": 0 }, "geometry": { "type": "LineString", "coordinates": [ [ 377237.790579124644864, 2046141.902720903046429 ], [ 377207.790579124644864, 2046171.902720903046429 ] ] } },
{ "type": "Feature", "properties": { "drain_id": "RN_DRAIN_00318", "source_type": "dem_inferred_surface_flow", "is_inferred": true, "acc_cells": 86, "upstream_area_m2": 76970.489566632867, "length_m": 30.0, "start_elevation_m": 557.592, "end_elevation_m": 557.54, "elevation_drop_m": 0.052, "slope_m_per_m": 0.001746, "slope_percent": 0.175, "terrain_slope_deg": 7.76, "strahler_order": 1, "capacity_class": "low", "scenario_width_m": 0.4, "scenario_depth_m": 0.3, "scenario_manning_n": 0.035, "capacity_effective_slope": 0.001746, "capacity_slope_floor": 0.001, "capacity_m3s": 0.034854282915268278, "capacity_scenario": "prototype_open_channel_base", "capacity_source": "synthetic_manning_scenario", "capacity_is_observed": 0 }, "geometry": { "type": "LineString", "coordinates": [ [ 377657.790579124644864, 2046141.902720903046429 ], [ 377657.790579124644864, 2046171.902720903046429 ] ] } },
{ "type": "Feature", "properties": { "drain_id": "RN_DRAIN_00319", "source_type": "dem_inferred_surface_flow", "is_inferred": true, "acc_cells": 4224, "upstream_area_m2": 3801484.608212274, "length_m": 42.43, "start_elevation_m": 557.614, "end_elevation_m": 557.54, "elevation_drop_m": 0.074, "slope_m_per_m": 0.001745, "slope_percent": 0.174, "terrain_slope_deg": 3.192, "strahler_order": 3, "capacity_class": "high", "scenario_width_m": 1.0, "scenario_depth_m": 0.6, "scenario_manning_n": 0.035, "capacity_effective_slope": 0.001745, "capacity_slope_floor": 0.001, "capacity_m3s": 0.30116185815577506, "capacity_scenario": "prototype_open_channel_base", "capacity_source": "synthetic_manning_scenario", "capacity_is_observed": 0 }, "geometry": { "type": "LineString", "coordinates": [ [ 377687.790579124644864, 2046141.902720903046429 ], [ 377657.790579124644864, 2046171.902720903046429 ] ] } },
{ "type": "Feature", "properties": { "drain_id": "RN_DRAIN_00320", "source_type": "dem_inferred_surface_flow", "is_inferred": true, "acc_cells": 2938, "upstream_area_m2": 2644246.6689785854, "length_m": 30.0, "start_elevation_m": 557.666, "end_elevation_m": 557.614, "elevation_drop_m": 0.052, "slope_m_per_m": 0.001746, "slope_percent": 0.175, "terrain_slope_deg": 5.35, "strahler_order": 3, "capacity_class": "high", "scenario_width_m": 1.0, "scenario_depth_m": 0.6, "scenario_manning_n": 0.035, "capacity_effective_slope": 0.001746, "capacity_slope_floor": 0.001, "capacity_m3s": 0.30124813859248456, "capacity_scenario": "prototype_open_channel_base", "capacity_source": "synthetic_manning_scenario", "capacity_is_observed": 0 }, "geometry": { "type": "LineString", "coordinates": [ [ 377717.790579124644864, 2046141.902720903046429 ], [ 377687.790579124644864, 2046141.902720903046429 ] ] } },
{ "type": "Feature", "properties": { "drain_id": "RN_DRAIN_00321", "source_type": "dem_inferred_surface_flow", "is_inferred": true, "acc_cells": 3509, "upstream_area_m2": 3158393.7580708861, "length_m": 42.43, "start_elevation_m": 557.919, "end_elevation_m": 557.845, "elevation_drop_m": 0.074, "slope_m_per_m": 0.001745, "slope_percent": 0.174, "terrain_slope_deg": 5.922, "strahler_order": 3, "capacity_class": "high", "scenario_width_m": 1.0, "scenario_depth_m": 0.6, "scenario_manning_n": 0.035, "capacity_effective_slope": 0.001745, "capacity_slope_floor": 0.001, "capacity_m3s": 0.30116185815577506, "capacity_scenario": "prototype_open_channel_base", "capacity_source": "synthetic_manning_scenario", "capacity_is_observed": 0 }, "geometry": { "type": "LineString", "coordinates": [ [ 377837.790579124644864, 2046141.902720903046429 ], [ 377807.790579124644864, 2046111.902720903046429 ] ] } },
{ "type": "Feature", "properties": { "drain_id": "RN_DRAIN_00322", "source_type": "dem_inferred_surface_flow", "is_inferred": true, "acc_cells": 4287, "upstream_area_m2": 3858442.4931878559, "length_m": 30.0, "start_elevation_m": 557.971, "end_elevation_m": 557.919, "elevation_drop_m": 0.052, "slope_m_per_m": 0.001746, "slope_percent": 0.175, "terrain_slope_deg": 3.022, "strahler_order": 3, "capacity_class": "high", "scenario_width_m": 1.0, "scenario_depth_m": 0.6, "scenario_manning_n": 0.035, "capacity_effective_slope": 0.001746, "capacity_slope_floor": 0.001, "capacity_m3s": 0.30124813859248456, "capacity_scenario": "prototype_open_channel_base", "capacity_source": "synthetic_manning_scenario", "capacity_is_observed": 0 }, "geometry": { "type": "LineString", "coordinates": [ [ 377867.790579124644864, 2046141.902720903046429 ], [ 377837.790579124644864, 2046141.902720903046429 ] ] } },
{ "type": "Feature", "properties": { "drain_id": "RN_DRAIN_00323", "source_type": "dem_inferred_surface_flow", "is_inferred": true, "acc_cells": 2922, "upstream_area_m2": 2629710.4026509058, "length_m": 30.0, "start_elevation_m": 558.024, "end_elevation_m": 557.971, "elevation_drop_m": 0.052, "slope_m_per_m": 0.001746, "slope_percent": 0.175, "terrain_slope_deg": 4.789, "strahler_order": 3, "capacity_class": "high", "scenario_width_m": 1.0, "scenario_depth_m": 0.6, "scenario_manning_n": 0.035, "capacity_effective_slope": 0.001746, "capacity_slope_floor": 0.001, "capacity_m3s": 0.30124813859248456, "capacity_scenario": "prototype_open_channel_base", "capacity_source": "synthetic_manning_scenario", "capacity_is_observed": 0 }, "geometry": { "type": "LineString", "coordinates": [ [ 377897.790579124644864, 2046141.902720903046429 ], [ 377867.790579124644864, 2046141.902720903046429 ] ] } },
{ "type": "Feature", "properties": { "drain_id": "RN_DRAIN_00324", "source_type": "dem_inferred_surface_flow", "is_inferred": true, "acc_cells": 5522, "upstream_area_m2": 4969888.2992551411, "length_m": 42.43, "start_elevation_m": 558.882, "end_elevation_m": 558.203, "elevation_drop_m": 0.68, "slope_m_per_m": 0.016023, "slope_percent": 1.602, "terrain_slope_deg": 2.749, "strahler_order": 3, "capacity_class": "high", "scenario_width_m": 1.0, "scenario_depth_m": 0.6, "scenario_manning_n": 0.035, "capacity_effective_slope": 0.016023, "capacity_slope_floor": 0.001, "capacity_m3s": 0.91258677072736172, "capacity_scenario": "prototype_open_channel_base", "capacity_source": "synthetic_manning_scenario", "capacity_is_observed": 0 }, "geometry": { "type": "LineString", "coordinates": [ [ 378017.790579124644864, 2046141.902720903046429 ], [ 377987.790579124644864, 2046171.902720903046429 ] ] } },
{ "type": "Feature", "properties": { "drain_id": "RN_DRAIN_00325", "source_type": "dem_inferred_surface_flow", "is_inferred": true, "acc_cells": 5518, "upstream_area_m2": 4965849.2208611751, "length_m": 30.0, "start_elevation_m": 558.935, "end_elevation_m": 558.882, "elevation_drop_m": 0.052, "slope_m_per_m": 0.001746, "slope_percent": 0.175, "terrain_slope_deg": 1.223, "strahler_order": 3, "capacity_class": "high", "scenario_width_m": 1.0, "scenario_depth_m": 0.6, "scenario_manning_n": 0.035, "capacity_effective_slope": 0.001746, "capacity_slope_floor": 0.001, "capacity_m3s": 0.30124813859248456, "capacity_scenario": "prototype_open_channel_base", "capacity_source": "synthetic_manning_scenario", "capacity_is_observed": 0 }, "geometry": { "type": "LineString", "coordinates": [ [ 378047.790579124644864, 2046141.902720903046429 ], [ 378017.790579124644864, 2046141.902720903046429 ] ] } },
{ "type": "Feature", "properties": { "drain_id": "RN_DRAIN_00326", "source_type": "dem_inferred_surface_flow", "is_inferred": true, "acc_cells": 5509, "upstream_area_m2": 4957718.5330555178, "length_m": 30.0, "start_elevation_m": 558.987, "end_elevation_m": 558.935, "elevation_drop_m": 0.052, "slope_m_per_m": 0.001746, "slope_percent": 0.175, "terrain_slope_deg": 2.137, "strahler_order": 3, "capacity_class": "high", "scenario_width_m": 1.0, "scenario_depth_m": 0.6, "scenario_manning_n": 0.035, "capacity_effective_slope": 0.001746, "capacity_slope_floor": 0.001, "capacity_m3s": 0.30124813859248456, "capacity_scenario": "prototype_open_channel_base", "capacity_source": "synthetic_manning_scenario", "capacity_is_observed": 0 }, "geometry": { "type": "LineString", "coordinates": [ [ 378077.790579124644864, 2046141.902720903046429 ], [ 378047.790579124644864, 2046141.902720903046429 ] ] } },
{ "type": "Feature", "properties": { "drain_id": "RN_DRAIN_00327", "source_type": "dem_inferred_surface_flow", "is_inferred": true, "acc_cells": 5500, "upstream_area_m2": 4949694.618121108, "length_m": 30.0, "start_elevation_m": 559.147, "end_elevation_m": 558.987, "elevation_drop_m": 0.16, "slope_m_per_m": 0.005337, "slope_percent": 0.534, "terrain_slope_deg": 2.532, "strahler_order": 3, "capacity_class": "high", "scenario_width_m": 1.0, "scenario_depth_m": 0.6, "scenario_manning_n": 0.035, "capacity_effective_slope": 0.005337, "capacity_slope_floor": 0.001, "capacity_m3s": 0.52668488356746512, "capacity_scenario": "prototype_open_channel_base", "capacity_source": "synthetic_manning_scenario", "capacity_is_observed": 0 }, "geometry": { "type": "LineString", "coordinates": [ [ 378107.790579124644864, 2046141.902720903046429 ], [ 378077.790579124644864, 2046141.902720903046429 ] ] } },
{ "type": "Feature", "properties": { "drain_id": "RN_DRAIN_00328", "source_type": "dem_inferred_surface_flow", "is_inferred": true, "acc_cells": 5487, "upstream_area_m2": 4938621.7215821575, "length_m": 30.0, "start_elevation_m": 560.887, "end_elevation_m": 559.147, "elevation_drop_m": 1.74, "slope_m_per_m": 0.058006, "slope_percent": 5.801, "terrain_slope_deg": 1.104, "strahler_order": 3, "capacity_class": "high", "scenario_width_m": 1.0, "scenario_depth_m": 0.6, "scenario_manning_n": 0.035, "capacity_effective_slope": 0.058006, "capacity_slope_floor": 0.001, "capacity_m3s": 1.7363557578581901, "capacity_scenario": "prototype_open_channel_base", "capacity_source": "synthetic_manning_scenario", "capacity_is_observed": 0 }, "geometry": { "type": "LineString", "coordinates": [ [ 378137.790579124644864, 2046141.902720903046429 ], [ 378107.790579124644864, 2046141.902720903046429 ] ] } },
{ "type": "Feature", "properties": { "drain_id": "RN_DRAIN_00329", "source_type": "dem_inferred_surface_flow", "is_inferred": true, "acc_cells": 5485, "upstream_area_m2": 4936515.004423378, "length_m": 30.0, "start_elevation_m": 560.94, "end_elevation_m": 560.887, "elevation_drop_m": 0.052, "slope_m_per_m": 0.001746, "slope_percent": 0.175, "terrain_slope_deg": 0.795, "strahler_order": 3, "capacity_class": "high", "scenario_width_m": 1.0, "scenario_depth_m": 0.6, "scenario_manning_n": 0.035, "capacity_effective_slope": 0.001746, "capacity_slope_floor": 0.001, "capacity_m3s": 0.30124813859248456, "capacity_scenario": "prototype_open_channel_base", "capacity_source": "synthetic_manning_scenario", "capacity_is_observed": 0 }, "geometry": { "type": "LineString", "coordinates": [ [ 378167.790579124644864, 2046141.902720903046429 ], [ 378137.790579124644864, 2046141.902720903046429 ] ] } },
{ "type": "Feature", "properties": { "drain_id": "RN_DRAIN_00330", "source_type": "dem_inferred_surface_flow", "is_inferred": true, "acc_cells": 5478, "upstream_area_m2": 4930264.5191228017, "length_m": 30.0, "start_elevation_m": 560.992, "end_elevation_m": 560.94, "elevation_drop_m": 0.052, "slope_m_per_m": 0.001746, "slope_percent": 0.175, "terrain_slope_deg": 0.905, "strahler_order": 3, "capacity_class": "high", "scenario_width_m": 1.0, "scenario_depth_m": 0.6, "scenario_manning_n": 0.035, "capacity_effective_slope": 0.001746, "capacity_slope_floor": 0.001, "capacity_m3s": 0.30124813859248456, "capacity_scenario": "prototype_open_channel_base", "capacity_source": "synthetic_manning_scenario", "capacity_is_observed": 0 }, "geometry": { "type": "LineString", "coordinates": [ [ 378197.790579124644864, 2046141.902720903046429 ], [ 378167.790579124644864, 2046141.902720903046429 ] ] } },
{ "type": "Feature", "properties": { "drain_id": "RN_DRAIN_00331", "source_type": "dem_inferred_surface_flow", "is_inferred": true, "acc_cells": 5467, "upstream_area_m2": 4920526.5047222823, "length_m": 30.0, "start_elevation_m": 561.045, "end_elevation_m": 560.992, "elevation_drop_m": 0.052, "slope_m_per_m": 0.001746, "slope_percent": 0.175, "terrain_slope_deg": 0.997, "strahler_order": 3, "capacity_class": "high", "scenario_width_m": 1.0, "scenario_depth_m": 0.6, "scenario_manning_n": 0.035, "capacity_effective_slope": 0.001746, "capacity_slope_floor": 0.001, "capacity_m3s": 0.30124813859248456, "capacity_scenario": "prototype_open_channel_base", "capacity_source": "synthetic_manning_scenario", "capacity_is_observed": 0 }, "geometry": { "type": "LineString", "coordinates": [ [ 378227.790579124644864, 2046141.902720903046429 ], [ 378197.790579124644864, 2046141.902720903046429 ] ] } },
{ "type": "Feature", "properties": { "drain_id": "RN_DRAIN_00332", "source_type": "dem_inferred_surface_flow", "is_inferred": true, "acc_cells": 2766, "upstream_area_m2": 2489425.9448882989, "length_m": 30.0, "start_elevation_m": 561.097, "end_elevation_m": 561.045, "elevation_drop_m": 0.052, "slope_m_per_m": 0.001744, "slope_percent": 0.174, "terrain_slope_deg": 1.468, "strahler_order": 3, "capacity_class": "high", "scenario_width_m": 1.0, "scenario_depth_m": 0.6, "scenario_manning_n": 0.035, "capacity_effective_slope": 0.001744, "capacity_slope_floor": 0.001, "capacity_m3s": 0.30107555299333355, "capacity_scenario": "prototype_open_channel_base", "capacity_source": "synthetic_manning_scenario", "capacity_is_observed": 0 }, "geometry": { "type": "LineString", "coordinates": [ [ 378257.790579124644864, 2046141.902720903046429 ], [ 378227.790579124644864, 2046141.902720903046429 ] ] } },
{ "type": "Feature", "properties": { "drain_id": "RN_DRAIN_00333", "source_type": "dem_inferred_surface_flow", "is_inferred": true, "acc_cells": 274, "upstream_area_m2": 246935.63351130876, "length_m": 30.0, "start_elevation_m": 561.149, "end_elevation_m": 561.097, "elevation_drop_m": 0.052, "slope_m_per_m": 0.001746, "slope_percent": 0.175, "terrain_slope_deg": 1.924, "strahler_order": 1, "capacity_class": "low", "scenario_width_m": 0.4, "scenario_depth_m": 0.3, "scenario_manning_n": 0.035, "capacity_effective_slope": 0.001746, "capacity_slope_floor": 0.001, "capacity_m3s": 0.034854282915268278, "capacity_scenario": "prototype_open_channel_base", "capacity_source": "synthetic_manning_scenario", "capacity_is_observed": 0 }, "geometry": { "type": "LineString", "coordinates": [ [ 378287.790579124644864, 2046141.902720903046429 ], [ 378257.790579124644864, 2046141.902720903046429 ] ] } },
{ "type": "Feature", "properties": { "drain_id": "RN_DRAIN_00334", "source_type": "dem_inferred_surface_flow", "is_inferred": true, "acc_cells": 214, "upstream_area_m2": 192846.85146316065, "length_m": 42.43, "start_elevation_m": 561.202, "end_elevation_m": 561.171, "elevation_drop_m": 0.031, "slope_m_per_m": 0.000722, "slope_percent": 0.072, "terrain_slope_deg": 6.087, "strahler_order": 1, "capacity_class": "low", "scenario_width_m": 0.4, "scenario_depth_m": 0.3, "scenario_manning_n": 0.035, "capacity_effective_slope": 0.001, "capacity_slope_floor": 0.001, "capacity_m3s": 0.02637752433631995, "capacity_scenario": "prototype_open_channel_base", "capacity_source": "synthetic_manning_scenario", "capacity_is_observed": 0 }, "geometry": { "type": "LineString", "coordinates": [ [ 378317.790579124644864, 2046141.902720903046429 ], [ 378287.790579124644864, 2046111.902720903046429 ] ] } },
{ "type": "Feature", "properties": { "drain_id": "RN_DRAIN_00335", "source_type": "dem_inferred_surface_flow", "is_inferred": true, "acc_cells": 33, "upstream_area_m2": 29593.265910344046, "length_m": 30.0, "start_elevation_m": 562.808, "end_elevation_m": 561.202, "elevation_drop_m": 1.606, "slope_m_per_m": 0.053538, "slope_percent": 5.354, "terrain_slope_deg": 5.704, "strahler_order": 1, "capacity_class": "low", "scenario_width_m": 0.4, "scenario_depth_m": 0.3, "scenario_manning_n": 0.035, "capacity_effective_slope": 0.053538, "capacity_slope_floor": 0.001, "capacity_m3s": 0.19300346415305064, "capacity_scenario": "prototype_open_channel_base", "capacity_source": "synthetic_manning_scenario", "capacity_is_observed": 0 }, "geometry": { "type": "LineString", "coordinates": [ [ 378347.790579124644864, 2046141.902720903046429 ], [ 378317.790579124644864, 2046141.902720903046429 ] ] } },
{ "type": "Feature", "properties": { "drain_id": "RN_DRAIN_00336", "source_type": "dem_inferred_surface_flow", "is_inferred": true, "acc_cells": 26, "upstream_area_m2": 23743.299063878047, "length_m": 30.0, "start_elevation_m": 553.808, "end_elevation_m": 553.755, "elevation_drop_m": 0.052, "slope_m_per_m": 0.001746, "slope_percent": 0.175, "terrain_slope_deg": 4.579, "strahler_order": 1, "capacity_class": "low", "scenario_width_m": 0.4, "scenario_depth_m": 0.3, "scenario_manning_n": 0.035, "capacity_effective_slope": 0.001746, "capacity_slope_floor": 0.001, "capacity_m3s": 0.034854282915268278, "capacity_scenario": "prototype_open_channel_base", "capacity_source": "synthetic_manning_scenario", "capacity_is_observed": 0 }, "geometry": { "type": "LineString", "coordinates": [ [ 376907.790579124644864, 2046111.902720903046429 ], [ 376907.790579124644864, 2046141.902720903046429 ] ] } },
{ "type": "Feature", "properties": { "drain_id": "RN_DRAIN_00337", "source_type": "dem_inferred_surface_flow", "is_inferred": true, "acc_cells": 9799, "upstream_area_m2": 8819206.9413254596, "length_m": 30.0, "start_elevation_m": 544.617, "end_elevation_m": 544.565, "elevation_drop_m": 0.052, "slope_m_per_m": 0.001744, "slope_percent": 0.174, "terrain_slope_deg": 4.01, "strahler_order": 4, "capacity_class": "very_high", "scenario_width_m": 1.4, "scenario_depth_m": 0.8, "scenario_manning_n": 0.035, "capacity_effective_slope": 0.001744, "capacity_slope_floor": 0.001, "capacity_m3s": 0.69287421131479709, "capacity_scenario": "prototype_open_channel_base", "capacity_source": "synthetic_manning_scenario", "capacity_is_observed": 0 }, "geometry": { "type": "LineString", "coordinates": [ [ 377207.790579124644864, 2046111.902720903046429 ], [ 377207.790579124644864, 2046141.902720903046429 ] ] } },
{ "type": "Feature", "properties": { "drain_id": "RN_DRAIN_00338", "source_type": "dem_inferred_surface_flow", "is_inferred": true, "acc_cells": 233, "upstream_area_m2": 209725.98827608456, "length_m": 42.43, "start_elevation_m": 544.639, "end_elevation_m": 544.565, "elevation_drop_m": 0.074, "slope_m_per_m": 0.001745, "slope_percent": 0.174, "terrain_slope_deg": 7.487, "strahler_order": 1, "capacity_class": "low", "scenario_width_m": 0.4, "scenario_depth_m": 0.3, "scenario_manning_n": 0.035, "capacity_effective_slope": 0.001745, "capacity_slope_floor": 0.001, "capacity_m3s": 0.034844300305034812, "capacity_scenario": "prototype_open_channel_base", "capacity_source": "synthetic_manning_scenario", "capacity_is_observed": 0 }, "geometry": { "type": "LineString", "coordinates": [ [ 377237.790579124644864, 2046111.902720903046429 ], [ 377207.790579124644864, 2046141.902720903046429 ] ] } },
{ "type": "Feature", "properties": { "drain_id": "RN_DRAIN_00339", "source_type": "dem_inferred_surface_flow", "is_inferred": true, "acc_cells": 57, "upstream_area_m2": 51700.898576488908, "length_m": 30.0, "start_elevation_m": 557.666, "end_elevation_m": 557.614, "elevation_drop_m": 0.052, "slope_m_per_m": 0.001746, "slope_percent": 0.175, "terrain_slope_deg": 5.945, "strahler_order": 1, "capacity_class": "low", "scenario_width_m": 0.4, "scenario_depth_m": 0.3, "scenario_manning_n": 0.035, "capacity_effective_slope": 0.001746, "capacity_slope_floor": 0.001, "capacity_m3s": 0.034854282915268278, "capacity_scenario": "prototype_open_channel_base", "capacity_source": "synthetic_manning_scenario", "capacity_is_observed": 0 }, "geometry": { "type": "LineString", "coordinates": [ [ 377687.790579124644864, 2046111.902720903046429 ], [ 377687.790579124644864, 2046141.902720903046429 ] ] } },
{ "type": "Feature", "properties": { "drain_id": "RN_DRAIN_00340", "source_type": "dem_inferred_surface_flow", "is_inferred": true, "acc_cells": 2828, "upstream_area_m2": 2545068.5082139806, "length_m": 42.43, "start_elevation_m": 557.688, "end_elevation_m": 557.614, "elevation_drop_m": 0.074, "slope_m_per_m": 0.001746, "slope_percent": 0.175, "terrain_slope_deg": 3.275, "strahler_order": 1, "capacity_class": "low", "scenario_width_m": 0.4, "scenario_depth_m": 0.3, "scenario_manning_n": 0.035, "capacity_effective_slope": 0.001746, "capacity_slope_floor": 0.001, "capacity_m3s": 0.034854282915268278, "capacity_scenario": "prototype_open_channel_base", "capacity_source": "synthetic_manning_scenario", "capacity_is_observed": 0 }, "geometry": { "type": "LineString", "coordinates": [ [ 377717.790579124644864, 2046111.902720903046429 ], [ 377687.790579124644864, 2046141.902720903046429 ] ] } },
{ "type": "Feature", "properties": { "drain_id": "RN_DRAIN_00341", "source_type": "dem_inferred_surface_flow", "is_inferred": true, "acc_cells": 5711, "upstream_area_m2": 5140037.1413244754, "length_m": 42.43, "start_elevation_m": 557.74, "end_elevation_m": 557.666, "elevation_drop_m": 0.074, "slope_m_per_m": 0.001746, "slope_percent": 0.175, "terrain_slope_deg": 1.851, "strahler_order": 3, "capacity_class": "high", "scenario_width_m": 1.0, "scenario_depth_m": 0.6, "scenario_manning_n": 0.035, "capacity_effective_slope": 0.001746, "capacity_slope_floor": 0.001, "capacity_m3s": 0.30124813859248456, "capacity_scenario": "prototype_open_channel_base", "capacity_source": "synthetic_manning_scenario", "capacity_is_observed": 0 }, "geometry": { "type": "LineString", "coordinates": [ [ 377747.790579124644864, 2046111.902720903046429 ], [ 377717.790579124644864, 2046141.902720903046429 ] ] } },
{ "type": "Feature", "properties": { "drain_id": "RN_DRAIN_00342", "source_type": "dem_inferred_surface_flow", "is_inferred": true, "acc_cells": 5705, "upstream_area_m2": 5134206.6234918628, "length_m": 30.0, "start_elevation_m": 557.793, "end_elevation_m": 557.74, "elevation_drop_m": 0.052, "slope_m_per_m": 0.001744, "slope_percent": 0.174, "terrain_slope_deg": 0.08, "strahler_order": 3, "capacity_class": "high", "scenario_width_m": 1.0, "scenario_depth_m": 0.6, "scenario_manning_n": 0.035, "capacity_effective_slope": 0.001744, "capacity_slope_floor": 0.001, "capacity_m3s": 0.30107555299333355, "capacity_scenario": "prototype_open_channel_base", "capacity_source": "synthetic_manning_scenario", "capacity_is_observed": 0 }, "geometry": { "type": "LineString", "coordinates": [ [ 377777.790579124644864, 2046111.902720903046429 ], [ 377747.790579124644864, 2046111.902720903046429 ] ] } },
{ "type": "Feature", "properties": { "drain_id": "RN_DRAIN_00343", "source_type": "dem_inferred_surface_flow", "is_inferred": true, "acc_cells": 5698, "upstream_area_m2": 5128531.449273821, "length_m": 30.0, "start_elevation_m": 557.845, "end_elevation_m": 557.793, "elevation_drop_m": 0.052, "slope_m_per_m": 0.001746, "slope_percent": 0.175, "terrain_slope_deg": 1.507, "strahler_order": 3, "capacity_class": "high", "scenario_width_m": 1.0, "scenario_depth_m": 0.6, "scenario_manning_n": 0.035, "capacity_effective_slope": 0.001746, "capacity_slope_floor": 0.001, "capacity_m3s": 0.30124813859248456, "capacity_scenario": "prototype_open_channel_base", "capacity_source": "synthetic_manning_scenario", "capacity_is_observed": 0 }, "geometry": { "type": "LineString", "coordinates": [ [ 377807.790579124644864, 2046111.902720903046429 ], [ 377777.790579124644864, 2046111.902720903046429 ] ] } },
{ "type": "Feature", "properties": { "drain_id": "RN_DRAIN_00344", "source_type": "dem_inferred_surface_flow", "is_inferred": true, "acc_cells": 2229, "upstream_area_m2": 2006305.2359758767, "length_m": 30.0, "start_elevation_m": 557.897, "end_elevation_m": 557.845, "elevation_drop_m": 0.052, "slope_m_per_m": 0.001746, "slope_percent": 0.175, "terrain_slope_deg": 5.922, "strahler_order": 1, "capacity_class": "low", "scenario_width_m": 0.4, "scenario_depth_m": 0.3, "scenario_manning_n": 0.035, "capacity_effective_slope": 0.001746, "capacity_slope_floor": 0.001, "capacity_m3s": 0.034854282915268278, "capacity_scenario": "prototype_open_channel_base", "capacity_source": "synthetic_manning_scenario", "capacity_is_observed": 0 }, "geometry": { "type": "LineString", "coordinates": [ [ 377837.790579124644864, 2046111.902720903046429 ], [ 377807.790579124644864, 2046111.902720903046429 ] ] } },
{ "type": "Feature", "properties": { "drain_id": "RN_DRAIN_00345", "source_type": "dem_inferred_surface_flow", "is_inferred": true, "acc_cells": 118, "upstream_area_m2": 106032.99475329054, "length_m": 42.43, "start_elevation_m": 559.717, "end_elevation_m": 558.024, "elevation_drop_m": 1.694, "slope_m_per_m": 0.039917, "slope_percent": 3.992, "terrain_slope_deg": 3.031, "strahler_order": 2, "capacity_class": "medium", "scenario_width_m": 0.7, "scenario_depth_m": 0.45, "scenario_manning_n": 0.035, "capacity_effective_slope": 0.039917, "capacity_slope_floor": 0.001, "capacity_m3s": 0.60852978109860179, "capacity_scenario": "prototype_open_channel_base", "capacity_source": "synthetic_manning_scenario", "capacity_is_observed": 0 }, "geometry": { "type": "LineString", "coordinates": [ [ 377927.790579124644864, 2046111.902720903046429 ], [ 377897.790579124644864, 2046141.902720903046429 ] ] } },
{ "type": "Feature", "properties": { "drain_id": "RN_DRAIN_00346", "source_type": "dem_inferred_surface_flow", "is_inferred": true, "acc_cells": 2727, "upstream_area_m2": 2454367.2937622638, "length_m": 42.43, "start_elevation_m": 561.119, "end_elevation_m": 561.045, "elevation_drop_m": 0.074, "slope_m_per_m": 0.001745, "slope_percent": 0.174, "terrain_slope_deg": 4.456, "strahler_order": 1, "capacity_class": "low", "scenario_width_m": 0.4, "scenario_depth_m": 0.3, "scenario_manning_n": 0.035, "capacity_effective_slope": 0.001745, "capacity_slope_floor": 0.001, "capacity_m3s": 0.034844300305034812, "capacity_scenario": "prototype_open_channel_base", "capacity_source": "synthetic_manning_scenario", "capacity_is_observed": 0 }, "geometry": { "type": "LineString", "coordinates": [ [ 378257.790579124644864, 2046111.902720903046429 ], [ 378227.790579124644864, 2046141.902720903046429 ] ] } },
{ "type": "Feature", "properties": { "drain_id": "RN_DRAIN_00347", "source_type": "dem_inferred_surface_flow", "is_inferred": true, "acc_cells": 4466, "upstream_area_m2": 4019817.5659590685, "length_m": 42.43, "start_elevation_m": 561.171, "end_elevation_m": 561.097, "elevation_drop_m": 0.074, "slope_m_per_m": 0.001746, "slope_percent": 0.175, "terrain_slope_deg": 5.086, "strahler_order": 3, "capacity_class": "high", "scenario_width_m": 1.0, "scenario_depth_m": 0.6, "scenario_manning_n": 0.035, "capacity_effective_slope": 0.001746, "capacity_slope_floor": 0.001, "capacity_m3s": 0.30124813859248456, "capacity_scenario": "prototype_open_channel_base", "capacity_source": "synthetic_manning_scenario", "capacity_is_observed": 0 }, "geometry": { "type": "LineString", "coordinates": [ [ 378287.790579124644864, 2046111.902720903046429 ], [ 378257.790579124644864, 2046141.902720903046429 ] ] } },
{ "type": "Feature", "properties": { "drain_id": "RN_DRAIN_00348", "source_type": "dem_inferred_surface_flow", "is_inferred": true, "acc_cells": 301, "upstream_area_m2": 271260.51984836871, "length_m": 30.0, "start_elevation_m": 564.465, "end_elevation_m": 561.171, "elevation_drop_m": 3.294, "slope_m_per_m": 0.10981, "slope_percent": 10.981, "terrain_slope_deg": 6.087, "strahler_order": 1, "capacity_class": "low", "scenario_width_m": 0.4, "scenario_depth_m": 0.3, "scenario_manning_n": 0.035, "capacity_effective_slope": 0.10981, "capacity_slope_floor": 0.001, "capacity_m3s": 0.27641078107108119, "capacity_scenario": "prototype_open_channel_base", "capacity_source": "synthetic_manning_scenario", "capacity_is_observed": 0 }, "geometry": { "type": "LineString", "coordinates": [ [ 378317.790579124644864, 2046111.902720903046429 ], [ 378287.790579124644864, 2046111.902720903046429 ] ] } },
{ "type": "Feature", "properties": { "drain_id": "RN_DRAIN_00349", "source_type": "dem_inferred_surface_flow", "is_inferred": true, "acc_cells": 77, "upstream_area_m2": 69266.62880030059, "length_m": 42.43, "start_elevation_m": 565.314, "end_elevation_m": 564.798, "elevation_drop_m": 0.517, "slope_m_per_m": 0.012174, "slope_percent": 1.217, "terrain_slope_deg": 4.22, "strahler_order": 1, "capacity_class": "low", "scenario_width_m": 0.4, "scenario_depth_m": 0.3, "scenario_manning_n": 0.035, "capacity_effective_slope": 0.012174, "capacity_slope_floor": 0.001, "capacity_m3s": 0.092034505055644783, "capacity_scenario": "prototype_open_channel_base", "capacity_source": "synthetic_manning_scenario", "capacity_is_observed": 0 }, "geometry": { "type": "LineString", "coordinates": [ [ 378347.790579124644864, 2046111.902720903046429 ], [ 378317.790579124644864, 2046081.902720903046429 ] ] } },
{ "type": "Feature", "properties": { "drain_id": "RN_DRAIN_00350", "source_type": "dem_inferred_surface_flow", "is_inferred": true, "acc_cells": 9797, "upstream_area_m2": 8817133.9413286354, "length_m": 30.0, "start_elevation_m": 544.67, "end_elevation_m": 544.617, "elevation_drop_m": 0.052, "slope_m_per_m": 0.001746, "slope_percent": 0.175, "terrain_slope_deg": 3.069, "strahler_order": 4, "capacity_class": "very_high", "scenario_width_m": 1.4, "scenario_depth_m": 0.8, "scenario_manning_n": 0.035, "capacity_effective_slope": 0.001746, "capacity_slope_floor": 0.001, "capacity_m3s": 0.69327138773681873, "capacity_scenario": "prototype_open_channel_base", "capacity_source": "synthetic_manning_scenario", "capacity_is_observed": 0 }, "geometry": { "type": "LineString", "coordinates": [ [ 377207.790579124644864, 2046081.902720903046429 ], [ 377207.790579124644864, 2046111.902720903046429 ] ] } },
{ "type": "Feature", "properties": { "drain_id": "RN_DRAIN_00351", "source_type": "dem_inferred_surface_flow", "is_inferred": true, "acc_cells": 225, "upstream_area_m2": 202200.10287394215, "length_m": 42.43, "start_elevation_m": 544.691, "end_elevation_m": 544.617, "elevation_drop_m": 0.074, "slope_m_per_m": 0.001746, "slope_percent": 0.175, "terrain_slope_deg": 7.622, "strahler_order": 1, "capacity_class": "low", "scenario_width_m": 0.4, "scenario_depth_m": 0.3, "scenario_manning_n": 0.035, "capacity_effective_slope": 0.001746, "capacity_slope_floor": 0.001, "capacity_m3s": 0.034854282915268278, "capacity_scenario": "prototype_open_channel_base", "capacity_source": "synthetic_manning_scenario", "capacity_is_observed": 0 }, "geometry": { "type": "LineString", "coordinates": [ [ 377237.790579124644864, 2046081.902720903046429 ], [ 377207.790579124644864, 2046111.902720903046429 ] ] } },
{ "type": "Feature", "properties": { "drain_id": "RN_DRAIN_00352", "source_type": "dem_inferred_surface_flow", "is_inferred": true, "acc_cells": 115, "upstream_area_m2": 103851.493669142, "length_m": 30.0, "start_elevation_m": 561.529, "end_elevation_m": 559.717, "elevation_drop_m": 1.811, "slope_m_per_m": 0.060372, "slope_percent": 6.037, "terrain_slope_deg": 4.325, "strahler_order": 2, "capacity_class": "medium", "scenario_width_m": 0.7, "scenario_depth_m": 0.45, "scenario_manning_n": 0.035, "capacity_effective_slope": 0.060372, "capacity_slope_floor": 0.001, "capacity_m3s": 0.74837741373443945, "capacity_scenario": "prototype_open_channel_base", "capacity_source": "synthetic_manning_scenario", "capacity_is_observed": 0 }, "geometry": { "type": "LineString", "coordinates": [ [ 377927.790579124644864, 2046081.902720903046429 ], [ 377927.790579124644864, 2046111.902720903046429 ] ] } },
{ "type": "Feature", "properties": { "drain_id": "RN_DRAIN_00353", "source_type": "dem_inferred_surface_flow", "is_inferred": true, "acc_cells": 2933, "upstream_area_m2": 2639803.2710380838, "length_m": 30.0, "start_elevation_m": 562.42, "end_elevation_m": 561.171, "elevation_drop_m": 1.249, "slope_m_per_m": 0.041622, "slope_percent": 4.162, "terrain_slope_deg": 3.825, "strahler_order": 2, "capacity_class": "medium", "scenario_width_m": 0.7, "scenario_depth_m": 0.45, "scenario_manning_n": 0.035, "capacity_effective_slope": 0.041622, "capacity_slope_floor": 0.001, "capacity_m3s": 0.62139014700382178, "capacity_scenario": "prototype_open_channel_base", "capacity_source": "synthetic_manning_scenario", "capacity_is_observed": 0 }, "geometry": { "type": "LineString", "coordinates": [ [ 378287.790579124644864, 2046081.902720903046429 ], [ 378287.790579124644864, 2046111.902720903046429 ] ] } },
{ "type": "Feature", "properties": { "drain_id": "RN_DRAIN_00354", "source_type": "dem_inferred_surface_flow", "is_inferred": true, "acc_cells": 3220, "upstream_area_m2": 2897624.357266529, "length_m": 42.43, "start_elevation_m": 564.798, "end_elevation_m": 561.171, "elevation_drop_m": 3.627, "slope_m_per_m": 0.085474, "slope_percent": 8.547, "terrain_slope_deg": 4.497, "strahler_order": 2, "capacity_class": "medium", "scenario_width_m": 0.7, "scenario_depth_m": 0.45, "scenario_manning_n": 0.035, "capacity_effective_slope": 0.085474, "capacity_slope_floor": 0.001, "capacity_m3s": 0.89047125443611308, "capacity_scenario": "prototype_open_channel_base", "capacity_source": "synthetic_manning_scenario", "capacity_is_observed": 0 }, "geometry": { "type": "LineString", "coordinates": [ [ 378317.790579124644864, 2046081.902720903046429 ], [ 378287.790579124644864, 2046111.902720903046429 ] ] } },
{ "type": "Feature", "properties": { "drain_id": "RN_DRAIN_00355", "source_type": "dem_inferred_surface_flow", "is_inferred": true, "acc_cells": 997, "upstream_area_m2": 897265.34755138156, "length_m": 30.0, "start_elevation_m": 566.294, "end_elevation_m": 564.798, "elevation_drop_m": 1.496, "slope_m_per_m": 0.049864, "slope_percent": 4.986, "terrain_slope_deg": 4.22, "strahler_order": 1, "capacity_class": "low", "scenario_width_m": 0.4, "scenario_depth_m": 0.3, "scenario_manning_n": 0.035, "capacity_effective_slope": 0.049864, "capacity_slope_floor": 0.001, "capacity_m3s": 0.18626342708702154, "capacity_scenario": "prototype_open_channel_base", "capacity_source": "synthetic_manning_scenario", "capacity_is_observed": 0 }, "geometry": { "type": "LineString", "coordinates": [ [ 378347.790579124644864, 2046081.902720903046429 ], [ 378317.790579124644864, 2046081.902720903046429 ] ] } },
{ "type": "Feature", "properties": { "drain_id": "RN_DRAIN_00356", "source_type": "dem_inferred_surface_flow", "is_inferred": true, "acc_cells": 664, "upstream_area_m2": 597712.83613622049, "length_m": 42.43, "start_elevation_m": 544.744, "end_elevation_m": 544.67, "elevation_drop_m": 0.074, "slope_m_per_m": 0.001745, "slope_percent": 0.174, "terrain_slope_deg": 1.002, "strahler_order": 1, "capacity_class": "low", "scenario_width_m": 0.4, "scenario_depth_m": 0.3, "scenario_manning_n": 0.035, "capacity_effective_slope": 0.001745, "capacity_slope_floor": 0.001, "capacity_m3s": 0.034844300305034812, "capacity_scenario": "prototype_open_channel_base", "capacity_source": "synthetic_manning_scenario", "capacity_is_observed": 0 }, "geometry": { "type": "LineString", "coordinates": [ [ 377177.790579124644864, 2046051.902720903046429 ], [ 377207.790579124644864, 2046081.902720903046429 ] ] } },
{ "type": "Feature", "properties": { "drain_id": "RN_DRAIN_00357", "source_type": "dem_inferred_surface_flow", "is_inferred": true, "acc_cells": 9176, "upstream_area_m2": 8258571.7157401647, "length_m": 30.0, "start_elevation_m": 544.722, "end_elevation_m": 544.67, "elevation_drop_m": 0.052, "slope_m_per_m": 0.001746, "slope_percent": 0.175, "terrain_slope_deg": 1.002, "strahler_order": 4, "capacity_class": "very_high", "scenario_width_m": 1.4, "scenario_depth_m": 0.8, "scenario_manning_n": 0.035, "capacity_effective_slope": 0.001746, "capacity_slope_floor": 0.001, "capacity_m3s": 0.69327138773681873, "capacity_scenario": "prototype_open_channel_base", "capacity_source": "synthetic_manning_scenario", "capacity_is_observed": 0 }, "geometry": { "type": "LineString", "coordinates": [ [ 377207.790579124644864, 2046051.902720903046429 ], [ 377207.790579124644864, 2046081.902720903046429 ] ] } },
{ "type": "Feature", "properties": { "drain_id": "RN_DRAIN_00358", "source_type": "dem_inferred_surface_flow", "is_inferred": true, "acc_cells": 167, "upstream_area_m2": 150316.50756599614, "length_m": 42.43, "start_elevation_m": 544.744, "end_elevation_m": 544.67, "elevation_drop_m": 0.074, "slope_m_per_m": 0.001745, "slope_percent": 0.174, "terrain_slope_deg": 8.328, "strahler_order": 1, "capacity_class": "low", "scenario_width_m": 0.4, "scenario_depth_m": 0.3, "scenario_manning_n": 0.035, "capacity_effective_slope": 0.001745, "capacity_slope_floor": 0.001, "capacity_m3s": 0.034844300305034812, "capacity_scenario": "prototype_open_channel_base", "capacity_source": "synthetic_manning_scenario", "capacity_is_observed": 0 }, "geometry": { "type": "LineString", "coordinates": [ [ 377237.790579124644864, 2046051.902720903046429 ], [ 377207.790579124644864, 2046081.902720903046429 ] ] } },
{ "type": "Feature", "properties": { "drain_id": "RN_DRAIN_00359", "source_type": "dem_inferred_surface_flow", "is_inferred": true, "acc_cells": 113, "upstream_area_m2": 102091.2644677013, "length_m": 42.43, "start_elevation_m": 562.586, "end_elevation_m": 561.529, "elevation_drop_m": 1.058, "slope_m_per_m": 0.024926, "slope_percent": 2.493, "terrain_slope_deg": 1.304, "strahler_order": 2, "capacity_class": "medium", "scenario_width_m": 0.7, "scenario_depth_m": 0.45, "scenario_manning_n": 0.035, "capacity_effective_slope": 0.024926, "capacity_slope_floor": 0.001, "capacity_m3s": 0.48087166299014095, "capacity_scenario": "prototype_open_channel_base", "capacity_source": "synthetic_manning_scenario", "capacity_is_observed": 0 }, "geometry": { "type": "LineString", "coordinates": [ [ 377957.790579124644864, 2046051.902720903046429 ], [ 377927.790579124644864, 2046081.902720903046429 ] ] } },
{ "type": "Feature", "properties": { "drain_id": "RN_DRAIN_00360", "source_type": "dem_inferred_surface_flow", "is_inferred": true, "acc_cells": 26, "upstream_area_m2": 23318.734189701656, "length_m": 42.43, "start_elevation_m": 564.734, "end_elevation_m": 562.42, "elevation_drop_m": 2.314, "slope_m_per_m": 0.05454, "slope_percent": 5.454, "terrain_slope_deg": 4.052, "strahler_order": 1, "capacity_class": "low", "scenario_width_m": 0.4, "scenario_depth_m": 0.3, "scenario_manning_n": 0.035, "capacity_effective_slope": 0.05454, "capacity_slope_floor": 0.001, "capacity_m3s": 0.1948011871441529, "capacity_scenario": "prototype_open_channel_base", "capacity_source": "synthetic_manning_scenario", "capacity_is_observed": 0 }, "geometry": { "type": "LineString", "coordinates": [ [ 378257.790579124644864, 2046051.902720903046429 ], [ 378287.790579124644864, 2046081.902720903046429 ] ] } },
{ "type": "Feature", "properties": { "drain_id": "RN_DRAIN_00361", "source_type": "dem_inferred_surface_flow", "is_inferred": true, "acc_cells": 82, "upstream_area_m2": 73941.821704937218, "length_m": 30.0, "start_elevation_m": 564.735, "end_elevation_m": 562.42, "elevation_drop_m": 2.316, "slope_m_per_m": 0.077195, "slope_percent": 7.72, "terrain_slope_deg": 4.052, "strahler_order": 1, "capacity_class": "low", "scenario_width_m": 0.4, "scenario_depth_m": 0.3, "scenario_manning_n": 0.035, "capacity_effective_slope": 0.077195, "capacity_slope_floor": 0.001, "capacity_m3s": 0.23175473614963021, "capacity_scenario": "prototype_open_channel_base", "capacity_source": "synthetic_manning_scenario", "capacity_is_observed": 0 }, "geometry": { "type": "LineString", "coordinates": [ [ 378287.790579124644864, 2046051.902720903046429 ], [ 378287.790579124644864, 2046081.902720903046429 ] ] } },
{ "type": "Feature", "properties": { "drain_id": "RN_DRAIN_00362", "source_type": "dem_inferred_surface_flow", "is_inferred": true, "acc_cells": 1629, "upstream_area_m2": 1465980.1899718486, "length_m": 30.0, "start_elevation_m": 566.076, "end_elevation_m": 564.798, "elevation_drop_m": 1.278, "slope_m_per_m": 0.042609, "slope_percent": 4.261, "terrain_slope_deg": 4.532, "strahler_order": 1, "capacity_class": "low", "scenario_width_m": 0.4, "scenario_depth_m": 0.3, "scenario_manning_n": 0.035, "capacity_effective_slope": 0.042609, "capacity_slope_floor": 0.001, "capacity_m3s": 0.17218079283976848, "capacity_scenario": "prototype_open_channel_base", "capacity_source": "synthetic_manning_scenario", "capacity_is_observed": 0 }, "geometry": { "type": "LineString", "coordinates": [ [ 378317.790579124644864, 2046051.902720903046429 ], [ 378317.790579124644864, 2046081.902720903046429 ] ] } },
{ "type": "Feature", "properties": { "drain_id": "RN_DRAIN_00363", "source_type": "dem_inferred_surface_flow", "is_inferred": true, "acc_cells": 5170, "upstream_area_m2": 4652637.3582254341, "length_m": 42.43, "start_elevation_m": 568.408, "end_elevation_m": 564.798, "elevation_drop_m": 3.61, "slope_m_per_m": 0.085091, "slope_percent": 8.509, "terrain_slope_deg": 3.429, "strahler_order": 2, "capacity_class": "medium", "scenario_width_m": 0.7, "scenario_depth_m": 0.45, "scenario_manning_n": 0.035, "capacity_effective_slope": 0.085091, "capacity_slope_floor": 0.001, "capacity_m3s": 0.88847396051244509, "capacity_scenario": "prototype_open_channel_base", "capacity_source": "synthetic_manning_scenario", "capacity_is_observed": 0 }, "geometry": { "type": "LineString", "coordinates": [ [ 378347.790579124644864, 2046051.902720903046429 ], [ 378317.790579124644864, 2046081.902720903046429 ] ] } },
{ "type": "Feature", "properties": { "drain_id": "RN_DRAIN_00364", "source_type": "dem_inferred_surface_flow", "is_inferred": true, "acc_cells": 1139, "upstream_area_m2": 1025378.0717668718, "length_m": 42.43, "start_elevation_m": 544.796, "end_elevation_m": 544.722, "elevation_drop_m": 0.074, "slope_m_per_m": 0.001745, "slope_percent": 0.174, "terrain_slope_deg": 1.234, "strahler_order": 1, "capacity_class": "low", "scenario_width_m": 0.4, "scenario_depth_m": 0.3, "scenario_manning_n": 0.035, "capacity_effective_slope": 0.001745, "capacity_slope_floor": 0.001, "capacity_m3s": 0.034844300305034812, "capacity_scenario": "prototype_open_channel_base", "capacity_source": "synthetic_manning_scenario", "capacity_is_observed": 0 }, "geometry": { "type": "LineString", "coordinates": [ [ 377177.790579124644864, 2046021.902720903046429 ], [ 377207.790579124644864, 2046051.902720903046429 ] ] } },
{ "type": "Feature", "properties": { "drain_id": "RN_DRAIN_00365", "source_type": "dem_inferred_surface_flow", "is_inferred": true, "acc_cells": 8720, "upstream_area_m2": 7848123.335462708, "length_m": 30.0, "start_elevation_m": 544.774, "end_elevation_m": 544.722, "elevation_drop_m": 0.052, "slope_m_per_m": 0.001746, "slope_percent": 0.175, "terrain_slope_deg": 1.234, "strahler_order": 4, "capacity_class": "very_high", "scenario_width_m": 1.4, "scenario_depth_m": 0.8, "scenario_manning_n": 0.035, "capacity_effective_slope": 0.001746, "capacity_slope_floor": 0.001, "capacity_m3s": 0.69327138773681873, "capacity_scenario": "prototype_open_channel_base", "capacity_source": "synthetic_manning_scenario", "capacity_is_observed": 0 }, "geometry": { "type": "LineString", "coordinates": [ [ 377207.790579124644864, 2046021.902720903046429 ], [ 377207.790579124644864, 2046051.902720903046429 ] ] } },
{ "type": "Feature", "properties": { "drain_id": "RN_DRAIN_00366", "source_type": "dem_inferred_surface_flow", "is_inferred": true, "acc_cells": 125, "upstream_area_m2": 112828.80815454833, "length_m": 42.43, "start_elevation_m": 544.796, "end_elevation_m": 544.722, "elevation_drop_m": 0.074, "slope_m_per_m": 0.001745, "slope_percent": 0.174, "terrain_slope_deg": 9.458, "strahler_order": 1, "capacity_class": "low", "scenario_width_m": 0.4, "scenario_depth_m": 0.3, "scenario_manning_n": 0.035, "capacity_effective_slope": 0.001745, "capacity_slope_floor": 0.001, "capacity_m3s": 0.034844300305034812, "capacity_scenario": "prototype_open_channel_base", "capacity_source": "synthetic_manning_scenario", "capacity_is_observed": 0 }, "geometry": { "type": "LineString", "coordinates": [ [ 377237.790579124644864, 2046021.902720903046429 ], [ 377207.790579124644864, 2046051.902720903046429 ] ] } },
{ "type": "Feature", "properties": { "drain_id": "RN_DRAIN_00367", "source_type": "dem_inferred_surface_flow", "is_inferred": true, "acc_cells": 49, "upstream_area_m2": 43885.152377387894, "length_m": 30.0, "start_elevation_m": 563.237, "end_elevation_m": 562.586, "elevation_drop_m": 0.651, "slope_m_per_m": 0.021684, "slope_percent": 2.168, "terrain_slope_deg": 2.064, "strahler_order": 1, "capacity_class": "low", "scenario_width_m": 0.4, "scenario_depth_m": 0.3, "scenario_manning_n": 0.035, "capacity_effective_slope": 0.021684, "capacity_slope_floor": 0.001, "capacity_m3s": 0.12282979632326015, "capacity_scenario": "prototype_open_channel_base", "capacity_source": "synthetic_manning_scenario", "capacity_is_observed": 0 }, "geometry": { "type": "LineString", "coordinates": [ [ 377957.790579124644864, 2046021.902720903046429 ], [ 377957.790579124644864, 2046051.902720903046429 ] ] } },
{ "type": "Feature", "properties": { "drain_id": "RN_DRAIN_00368", "source_type": "dem_inferred_surface_flow", "is_inferred": true, "acc_cells": 58, "upstream_area_m2": 51821.24369314767, "length_m": 42.43, "start_elevation_m": 563.288, "end_elevation_m": 562.586, "elevation_drop_m": 0.702, "slope_m_per_m": 0.016535, "slope_percent": 1.654, "terrain_slope_deg": 1.69, "strahler_order": 2, "capacity_class": "medium", "scenario_width_m": 0.7, "scenario_depth_m": 0.45, "scenario_manning_n": 0.035, "capacity_effective_slope": 0.016535, "capacity_slope_floor": 0.001, "capacity_m3s": 0.39165618549325898, "capacity_scenario": "prototype_open_channel_base", "capacity_source": "synthetic_manning_scenario", "capacity_is_observed": 0 }, "geometry": { "type": "LineString", "coordinates": [ [ 377987.790579124644864, 2046021.902720903046429 ], [ 377957.790579124644864, 2046051.902720903046429 ] ] } },
{ "type": "Feature", "properties": { "drain_id": "RN_DRAIN_00369", "source_type": "dem_inferred_surface_flow", "is_inferred": true, "acc_cells": 5169, "upstream_area_m2": 4651676.9922013637, "length_m": 42.43, "start_elevation_m": 568.563, "end_elevation_m": 568.408, "elevation_drop_m": 0.155, "slope_m_per_m": 0.003647, "slope_percent": 0.365, "terrain_slope_deg": 1.408, "strahler_order": 2, "capacity_class": "medium", "scenario_width_m": 0.7, "scenario_depth_m": 0.45, "scenario_manning_n": 0.035, "capacity_effective_slope": 0.003647, "capacity_slope_floor": 0.001, "capacity_m3s": 0.18393770855067063, "capacity_scenario": "prototype_open_channel_base", "capacity_source": "synthetic_manning_scenario", "capacity_is_observed": 0 }, "geometry": { "type": "LineString", "coordinates": [ [ 378377.790579124644864, 2046021.902720903046429 ], [ 378347.790579124644864, 2046051.902720903046429 ] ] } },
{ "type": "Feature", "properties": { "drain_id": "RN_DRAIN_00370", "source_type": "dem_inferred_surface_flow", "is_inferred": true, "acc_cells": 30, "upstream_area_m2": 26801.372797001975, "length_m": 42.43, "start_elevation_m": 559.076, "end_elevation_m": 559.002, "elevation_drop_m": 0.074, "slope_m_per_m": 0.001745, "slope_percent": 0.174, "terrain_slope_deg": 2.834, "strahler_order": 1, "capacity_class": "low", "scenario_width_m": 0.4, "scenario_depth_m": 0.3, "scenario_manning_n": 0.035, "capacity_effective_slope": 0.001745, "capacity_slope_floor": 0.001, "capacity_m3s": 0.034844300305034812, "capacity_scenario": "prototype_open_channel_base", "capacity_source": "synthetic_manning_scenario", "capacity_is_observed": 0 }, "geometry": { "type": "LineString", "coordinates": [ [ 376667.790579124644864, 2045991.902720903046429 ], [ 376697.790579124644864, 2045961.902720903046429 ] ] } },
{ "type": "Feature", "properties": { "drain_id": "RN_DRAIN_00371", "source_type": "dem_inferred_surface_flow", "is_inferred": true, "acc_cells": 2127, "upstream_area_m2": 1914351.4481987325, "length_m": 42.43, "start_elevation_m": 544.848, "end_elevation_m": 544.774, "elevation_drop_m": 0.074, "slope_m_per_m": 0.001745, "slope_percent": 0.174, "terrain_slope_deg": 3.522, "strahler_order": 1, "capacity_class": "low", "scenario_width_m": 0.4, "scenario_depth_m": 0.3, "scenario_manning_n": 0.035, "capacity_effective_slope": 0.001745, "capacity_slope_floor": 0.001, "capacity_m3s": 0.034844300305034812, "capacity_scenario": "prototype_open_channel_base", "capacity_source": "synthetic_manning_scenario", "capacity_is_observed": 0 }, "geometry": { "type": "LineString", "coordinates": [ [ 377177.790579124644864, 2045991.902720903046429 ], [ 377207.790579124644864, 2046021.902720903046429 ] ] } },
{ "type": "Feature", "properties": { "drain_id": "RN_DRAIN_00372", "source_type": "dem_inferred_surface_flow", "is_inferred": true, "acc_cells": 7813, "upstream_area_m2": 7031667.1192928534, "length_m": 30.0, "start_elevation_m": 544.827, "end_elevation_m": 544.774, "elevation_drop_m": 0.052, "slope_m_per_m": 0.001746, "slope_percent": 0.175, "terrain_slope_deg": 3.522, "strahler_order": 4, "capacity_class": "very_high", "scenario_width_m": 1.4, "scenario_depth_m": 0.8, "scenario_manning_n": 0.035, "capacity_effective_slope": 0.001746, "capacity_slope_floor": 0.001, "capacity_m3s": 0.69327138773681873, "capacity_scenario": "prototype_open_channel_base", "capacity_source": "synthetic_manning_scenario", "capacity_is_observed": 0 }, "geometry": { "type": "LineString", "coordinates": [ [ 377207.790579124644864, 2045991.902720903046429 ], [ 377207.790579124644864, 2046021.902720903046429 ] ] } },
{ "type": "Feature", "properties": { "drain_id": "RN_DRAIN_00373", "source_type": "dem_inferred_surface_flow", "is_inferred": true, "acc_cells": 46, "upstream_area_m2": 41209.673732853022, "length_m": 42.43, "start_elevation_m": 544.991, "end_elevation_m": 544.774, "elevation_drop_m": 0.217, "slope_m_per_m": 0.005107, "slope_percent": 0.511, "terrain_slope_deg": 11.314, "strahler_order": 1, "capacity_class": "low", "scenario_width_m": 0.4, "scenario_depth_m": 0.3, "scenario_manning_n": 0.035, "capacity_effective_slope": 0.005107, "capacity_slope_floor": 0.001, "capacity_m3s": 0.059609703455963149, "capacity_scenario": "prototype_open_channel_base", "capacity_source": "synthetic_manning_scenario", "capacity_is_observed": 0 }, "geometry": { "type": "LineString", "coordinates": [ [ 377237.790579124644864, 2045991.902720903046429 ], [ 377207.790579124644864, 2046021.902720903046429 ] ] } },
{ "type": "Feature", "properties": { "drain_id": "RN_DRAIN_00374", "source_type": "dem_inferred_surface_flow", "is_inferred": true, "acc_cells": 34, "upstream_area_m2": 31027.564590763868, "length_m": 42.43, "start_elevation_m": 563.903, "end_elevation_m": 563.288, "elevation_drop_m": 0.615, "slope_m_per_m": 0.01449, "slope_percent": 1.449, "terrain_slope_deg": 2.11, "strahler_order": 1, "capacity_class": "low", "scenario_width_m": 0.4, "scenario_depth_m": 0.3, "scenario_manning_n": 0.035, "capacity_effective_slope": 0.01449, "capacity_slope_floor": 0.001, "capacity_m3s": 0.100407978859947, "capacity_scenario": "prototype_open_channel_base", "capacity_source": "synthetic_manning_scenario", "capacity_is_observed": 0 }, "geometry": { "type": "LineString", "coordinates": [ [ 377957.790579124644864, 2045991.902720903046429 ], [ 377987.790579124644864, 2046021.902720903046429 ] ] } },
{ "type": "Feature", "properties": { "drain_id": "RN_DRAIN_00375", "source_type": "dem_inferred_surface_flow", "is_inferred": true, "acc_cells": 31, "upstream_area_m2": 27932.748265522772, "length_m": 30.0, "start_elevation_m": 564.611, "end_elevation_m": 563.288, "elevation_drop_m": 1.323, "slope_m_per_m": 0.044108, "slope_percent": 4.411, "terrain_slope_deg": 2.11, "strahler_order": 1, "capacity_class": "low", "scenario_width_m": 0.4, "scenario_depth_m": 0.3, "scenario_manning_n": 0.035, "capacity_effective_slope": 0.044108, "capacity_slope_floor": 0.001, "capacity_m3s": 0.17518330495315723, "capacity_scenario": "prototype_open_channel_base", "capacity_source": "synthetic_manning_scenario", "capacity_is_observed": 0 }, "geometry": { "type": "LineString", "coordinates": [ [ 377987.790579124644864, 2045991.902720903046429 ], [ 377987.790579124644864, 2046021.902720903046429 ] ] } },
{ "type": "Feature", "properties": { "drain_id": "RN_DRAIN_00376", "source_type": "dem_inferred_surface_flow", "is_inferred": true, "acc_cells": 37, "upstream_area_m2": 33095.690836818605, "length_m": 42.43, "start_elevation_m": 569.655, "end_elevation_m": 566.122, "elevation_drop_m": 3.534, "slope_m_per_m": 0.083281, "slope_percent": 8.328, "terrain_slope_deg": 4.182, "strahler_order": 1, "capacity_class": "low", "scenario_width_m": 0.4, "scenario_depth_m": 0.3, "scenario_manning_n": 0.035, "capacity_effective_slope": 0.083281, "capacity_slope_floor": 0.001, "capacity_m3s": 0.24071713070409709, "capacity_scenario": "prototype_open_channel_base", "capacity_source": "synthetic_manning_scenario", "capacity_is_observed": 0 }, "geometry": { "type": "LineString", "coordinates": [ [ 378287.790579124644864, 2045991.902720903046429 ], [ 378257.790579124644864, 2046021.902720903046429 ] ] } },
{ "type": "Feature", "properties": { "drain_id": "RN_DRAIN_00377", "source_type": "dem_inferred_surface_flow", "is_inferred": true, "acc_cells": 4219, "upstream_area_m2": 3797506.7047595549, "length_m": 30.0, "start_elevation_m": 568.615, "end_elevation_m": 568.563, "elevation_drop_m": 0.052, "slope_m_per_m": 0.001746, "slope_percent": 0.175, "terrain_slope_deg": 1.856, "strahler_order": 1, "capacity_class": "low", "scenario_width_m": 0.4, "scenario_depth_m": 0.3, "scenario_manning_n": 0.035, "capacity_effective_slope": 0.001746, "capacity_slope_floor": 0.001, "capacity_m3s": 0.034854282915268278, "capacity_scenario": "prototype_open_channel_base", "capacity_source": "synthetic_manning_scenario", "capacity_is_observed": 0 }, "geometry": { "type": "LineString", "coordinates": [ [ 378377.790579124644864, 2045991.902720903046429 ], [ 378377.790579124644864, 2046021.902720903046429 ] ] } },
{ "type": "Feature", "properties": { "drain_id": "RN_DRAIN_00378", "source_type": "dem_inferred_surface_flow", "is_inferred": true, "acc_cells": 5140, "upstream_area_m2": 4625904.9911866328, "length_m": 42.43, "start_elevation_m": 569.671, "end_elevation_m": 568.563, "elevation_drop_m": 1.108, "slope_m_per_m": 0.026122, "slope_percent": 2.612, "terrain_slope_deg": 2.304, "strahler_order": 1, "capacity_class": "low", "scenario_width_m": 0.4, "scenario_depth_m": 0.3, "scenario_manning_n": 0.035, "capacity_effective_slope": 0.026122, "capacity_slope_floor": 0.001, "capacity_m3s": 0.1348146985507728, "capacity_scenario": "prototype_open_channel_base", "capacity_source": "synthetic_manning_scenario", "capacity_is_observed": 0 }, "geometry": { "type": "LineString", "coordinates": [ [ 378407.790579124644864, 2045991.902720903046429 ], [ 378377.790579124644864, 2046021.902720903046429 ] ] } },
{ "type": "Feature", "properties": { "drain_id": "RN_DRAIN_00379", "source_type": "dem_inferred_surface_flow", "is_inferred": true, "acc_cells": 45, "upstream_area_m2": 40326.39323667928, "length_m": 42.43, "start_elevation_m": 559.002, "end_elevation_m": 558.645, "elevation_drop_m": 0.357, "slope_m_per_m": 0.008412, "slope_percent": 0.841, "terrain_slope_deg": 3.805, "strahler_order": 1, "capacity_class": "low", "scenario_width_m": 0.4, "scenario_depth_m": 0.3, "scenario_manning_n": 0.035, "capacity_effective_slope": 0.008412, "capacity_slope_floor": 0.001, "capacity_m3s": 0.076503915732672331, "capacity_scenario": "prototype_open_channel_base", "capacity_source": "synthetic_manning_scenario", "capacity_is_observed": 0 }, "geometry": { "type": "LineString", "coordinates": [ [ 376697.790579124644864, 2045961.902720903046429 ], [ 376727.790579124644864, 2045931.902720903046429 ] ] } },
{ "type": "Feature", "properties": { "drain_id": "RN_DRAIN_00380", "source_type": "dem_inferred_surface_flow", "is_inferred": true, "acc_cells": 3989, "upstream_area_m2": 3589915.2518315446, "length_m": 42.43, "start_elevation_m": 544.901, "end_elevation_m": 544.827, "elevation_drop_m": 0.074, "slope_m_per_m": 0.001745, "slope_percent": 0.174, "terrain_slope_deg": 6.805, "strahler_order": 1, "capacity_class": "low", "scenario_width_m": 0.4, "scenario_depth_m": 0.3, "scenario_manning_n": 0.035, "capacity_effective_slope": 0.001745, "capacity_slope_floor": 0.001, "capacity_m3s": 0.034844300305034812, "capacity_scenario": "prototype_open_channel_base", "capacity_source": "synthetic_manning_scenario", "capacity_is_observed": 0 }, "geometry": { "type": "LineString", "coordinates": [ [ 377177.790579124644864, 2045961.902720903046429 ], [ 377207.790579124644864, 2045991.902720903046429 ] ] } },
{ "type": "Feature", "properties": { "drain_id": "RN_DRAIN_00381", "source_type": "dem_inferred_surface_flow", "is_inferred": true, "acc_cells": 5941, "upstream_area_m2": 5346820.1711114775, "length_m": 30.0, "start_elevation_m": 544.879, "end_elevation_m": 544.827, "elevation_drop_m": 0.052, "slope_m_per_m": 0.001746, "slope_percent": 0.175, "terrain_slope_deg": 6.805, "strahler_order": 4, "capacity_class": "very_high", "scenario_width_m": 1.4, "scenario_depth_m": 0.8, "scenario_manning_n": 0.035, "capacity_effective_slope": 0.001746, "capacity_slope_floor": 0.001, "capacity_m3s": 0.69327138773681873, "capacity_scenario": "prototype_open_channel_base", "capacity_source": "synthetic_manning_scenario", "capacity_is_observed": 0 }, "geometry": { "type": "LineString", "coordinates": [ [ 377207.790579124644864, 2045961.902720903046429 ], [ 377207.790579124644864, 2045991.902720903046429 ] ] } },
{ "type": "Feature", "properties": { "drain_id": "RN_DRAIN_00382", "source_type": "dem_inferred_surface_flow", "is_inferred": true, "acc_cells": 98, "upstream_area_m2": 88559.331482059832, "length_m": 42.43, "start_elevation_m": 548.711, "end_elevation_m": 544.827, "elevation_drop_m": 3.884, "slope_m_per_m": 0.091535, "slope_percent": 9.154, "terrain_slope_deg": 12.962, "strahler_order": 1, "capacity_class": "low", "scenario_width_m": 0.4, "scenario_depth_m": 0.3, "scenario_manning_n": 0.035, "capacity_effective_slope": 0.091535, "capacity_slope_floor": 0.001, "capacity_m3s": 0.25236412953905973, "capacity_scenario": "prototype_open_channel_base", "capacity_source": "synthetic_manning_scenario", "capacity_is_observed": 0 }, "geometry": { "type": "LineString", "coordinates": [ [ 377237.790579124644864, 2045961.902720903046429 ], [ 377207.790579124644864, 2045991.902720903046429 ] ] } },
{ "type": "Feature", "properties": { "drain_id": "RN_DRAIN_00383", "source_type": "dem_inferred_surface_flow", "is_inferred": true, "acc_cells": 29, "upstream_area_m2": 26026.917168165259, "length_m": 42.43, "start_elevation_m": 565.729, "end_elevation_m": 564.611, "elevation_drop_m": 1.118, "slope_m_per_m": 0.026342, "slope_percent": 2.634, "terrain_slope_deg": 2.451, "strahler_order": 1, "capacity_class": "low", "scenario_width_m": 0.4, "scenario_depth_m": 0.3, "scenario_manning_n": 0.035, "capacity_effective_slope": 0.026342, "capacity_slope_floor": 0.001, "capacity_m3s": 0.13538121427716859, "capacity_scenario": "prototype_open_channel_base", "capacity_source": "synthetic_manning_scenario", "capacity_is_observed": 0 }, "geometry": { "type": "LineString", "coordinates": [ [ 378017.790579124644864, 2045961.902720903046429 ], [ 377987.790579124644864, 2045991.902720903046429 ] ] } },
{ "type": "Feature", "properties": { "drain_id": "RN_DRAIN_00384", "source_type": "dem_inferred_surface_flow", "is_inferred": true, "acc_cells": 5133, "upstream_area_m2": 4619545.8789968174, "length_m": 42.43, "start_elevation_m": 571.046, "end_elevation_m": 569.671, "elevation_drop_m": 1.375, "slope_m_per_m": 0.032395, "slope_percent": 3.239, "terrain_slope_deg": 1.86, "strahler_order": 1, "capacity_class": "low", "scenario_width_m": 0.4, "scenario_depth_m": 0.3, "scenario_manning_n": 0.035, "capacity_effective_slope": 0.032395, "capacity_slope_floor": 0.001, "capacity_m3s": 0.15013191509707569, "capacity_scenario": "prototype_open_channel_base", "capacity_source": "synthetic_manning_scenario", "capacity_is_observed": 0 }, "geometry": { "type": "LineString", "coordinates": [ [ 378437.790579124644864, 2045961.902720903046429 ], [ 378407.790579124644864, 2045991.902720903046429 ] ] } },
{ "type": "Feature", "properties": { "drain_id": "RN_DRAIN_00385", "source_type": "dem_inferred_surface_flow", "is_inferred": true, "acc_cells": 5120, "upstream_area_m2": 4608265.7488734983, "length_m": 30.0, "start_elevation_m": 571.098, "end_elevation_m": 571.046, "elevation_drop_m": 0.052, "slope_m_per_m": 0.001746, "slope_percent": 0.175, "terrain_slope_deg": 0.586, "strahler_order": 1, "capacity_class": "low", "scenario_width_m": 0.4, "scenario_depth_m": 0.3, "scenario_manning_n": 0.035, "capacity_effective_slope": 0.001746, "capacity_slope_floor": 0.001, "capacity_m3s": 0.034854282915268278, "capacity_scenario": "prototype_open_channel_base", "capacity_source": "synthetic_manning_scenario", "capacity_is_observed": 0 }, "geometry": { "type": "LineString", "coordinates": [ [ 378467.790579124644864, 2045961.902720903046429 ], [ 378437.790579124644864, 2045961.902720903046429 ] ] } },
{ "type": "Feature", "properties": { "drain_id": "RN_DRAIN_00386", "source_type": "dem_inferred_surface_flow", "is_inferred": true, "acc_cells": 5111, "upstream_area_m2": 4599793.081173975, "length_m": 30.0, "start_elevation_m": 571.15, "end_elevation_m": 571.098, "elevation_drop_m": 0.052, "slope_m_per_m": 0.001746, "slope_percent": 0.175, "terrain_slope_deg": 1.968, "strahler_order": 1, "capacity_class": "low", "scenario_width_m": 0.4, "scenario_depth_m": 0.3, "scenario_manning_n": 0.035, "capacity_effective_slope": 0.001746, "capacity_slope_floor": 0.001, "capacity_m3s": 0.034854282915268278, "capacity_scenario": "prototype_open_channel_base", "capacity_source": "synthetic_manning_scenario", "capacity_is_observed": 0 }, "geometry": { "type": "LineString", "coordinates": [ [ 378497.790579124644864, 2045961.902720903046429 ], [ 378467.790579124644864, 2045961.902720903046429 ] ] } },
{ "type": "Feature", "properties": { "drain_id": "RN_DRAIN_00387", "source_type": "dem_inferred_surface_flow", "is_inferred": true, "acc_cells": 46, "upstream_area_m2": 41558.613452875121, "length_m": 42.43, "start_elevation_m": 558.645, "end_elevation_m": 556.439, "elevation_drop_m": 2.206, "slope_m_per_m": 0.052003, "slope_percent": 5.2, "terrain_slope_deg": 1.355, "strahler_order": 1, "capacity_class": "low", "scenario_width_m": 0.4, "scenario_depth_m": 0.3, "scenario_manning_n": 0.035, "capacity_effective_slope": 0.052003, "capacity_slope_floor": 0.001, "capacity_m3s": 0.19021651980638857, "capacity_scenario": "prototype_open_channel_base", "capacity_source": "synthetic_manning_scenario", "capacity_is_observed": 0 }, "geometry": { "type": "LineString", "coordinates": [ [ 376727.790579124644864, 2045931.902720903046429 ], [ 376757.790579124644864, 2045901.902720903046429 ] ] } },
{ "type": "Feature", "properties": { "drain_id": "RN_DRAIN_00388", "source_type": "dem_inferred_surface_flow", "is_inferred": true, "acc_cells": 2014, "upstream_area_m2": 1812224.6348664388, "length_m": 30.0, "start_elevation_m": 544.975, "end_elevation_m": 544.953, "elevation_drop_m": 0.022, "slope_m_per_m": 0.000722, "slope_percent": 0.072, "terrain_slope_deg": 0.832, "strahler_order": 1, "capacity_class": "low", "scenario_width_m": 0.4, "scenario_depth_m": 0.3, "scenario_manning_n": 0.035, "capacity_effective_slope": 0.001, "capacity_slope_floor": 0.001, "capacity_m3s": 0.02637752433631995, "capacity_scenario": "prototype_open_channel_base", "capacity_source": "synthetic_manning_scenario", "capacity_is_observed": 0 }, "geometry": { "type": "LineString", "coordinates": [ [ 377147.790579124644864, 2045931.902720903046429 ], [ 377177.790579124644864, 2045931.902720903046429 ] ] } },
{ "type": "Feature", "properties": { "drain_id": "RN_DRAIN_00389", "source_type": "dem_inferred_surface_flow", "is_inferred": true, "acc_cells": 3999, "upstream_area_m2": 3599548.5398241575, "length_m": 42.43, "start_elevation_m": 544.953, "end_elevation_m": 544.879, "elevation_drop_m": 0.074, "slope_m_per_m": 0.001745, "slope_percent": 0.174, "terrain_slope_deg": 9.453, "strahler_order": 3, "capacity_class": "high", "scenario_width_m": 1.0, "scenario_depth_m": 0.6, "scenario_manning_n": 0.035, "capacity_effective_slope": 0.001745, "capacity_slope_floor": 0.001, "capacity_m3s": 0.30116185815577506, "capacity_scenario": "prototype_open_channel_base", "capacity_source": "synthetic_manning_scenario", "capacity_is_observed": 0 }, "geometry": { "type": "LineString", "coordinates": [ [ 377177.790579124644864, 2045931.902720903046429 ], [ 377207.790579124644864, 2045961.902720903046429 ] ] } },
{ "type": "Feature", "properties": { "drain_id": "RN_DRAIN_00390", "source_type": "dem_inferred_surface_flow", "is_inferred": true, "acc_cells": 3870, "upstream_area_m2": 3483046.3068979667, "length_m": 30.0, "start_elevation_m": 544.931, "end_elevation_m": 544.879, "elevation_drop_m": 0.052, "slope_m_per_m": 0.001746, "slope_percent": 0.175, "terrain_slope_deg": 9.453, "strahler_order": 1, "capacity_class": "low", "scenario_width_m": 0.4, "scenario_depth_m": 0.3, "scenario_manning_n": 0.035, "capacity_effective_slope": 0.001746, "capacity_slope_floor": 0.001, "capacity_m3s": 0.034854282915268278, "capacity_scenario": "prototype_open_channel_base", "capacity_source": "synthetic_manning_scenario", "capacity_is_observed": 0 }, "geometry": { "type": "LineString", "coordinates": [ [ 377207.790579124644864, 2045931.902720903046429 ], [ 377207.790579124644864, 2045961.902720903046429 ] ] } },
{ "type": "Feature", "properties": { "drain_id": "RN_DRAIN_00391", "source_type": "dem_inferred_surface_flow", "is_inferred": true, "acc_cells": 189, "upstream_area_m2": 169957.16108536447, "length_m": 42.43, "start_elevation_m": 550.749, "end_elevation_m": 544.879, "elevation_drop_m": 5.87, "slope_m_per_m": 0.138344, "slope_percent": 13.834, "terrain_slope_deg": 13.198, "strahler_order": 3, "capacity_class": "high", "scenario_width_m": 1.0, "scenario_depth_m": 0.6, "scenario_manning_n": 0.035, "capacity_effective_slope": 0.138344, "capacity_slope_floor": 0.001, "capacity_m3s": 2.6815284970412918, "capacity_scenario": "prototype_open_channel_base", "capacity_source": "synthetic_manning_scenario", "capacity_is_observed": 0 }, "geometry": { "type": "LineString", "coordinates": [ [ 377237.790579124644864, 2045931.902720903046429 ], [ 377207.790579124644864, 2045961.902720903046429 ] ] } },
{ "type": "Feature", "properties": { "drain_id": "RN_DRAIN_00392", "source_type": "dem_inferred_surface_flow", "is_inferred": true, "acc_cells": 249, "upstream_area_m2": 224493.6364089186, "length_m": 30.0, "start_elevation_m": 557.393, "end_elevation_m": 550.749, "elevation_drop_m": 6.644, "slope_m_per_m": 0.221482, "slope_percent": 22.148, "terrain_slope_deg": 8.54, "strahler_order": 3, "capacity_class": "high", "scenario_width_m": 1.0, "scenario_depth_m": 0.6, "scenario_manning_n": 0.035, "capacity_effective_slope": 0.221482, "capacity_slope_floor": 0.001, "capacity_m3s": 3.3929032105727823, "capacity_scenario": "prototype_open_channel_base", "capacity_source": "synthetic_manning_scenario", "capacity_is_observed": 0 }, "geometry": { "type": "LineString", "coordinates": [ [ 377267.790579124644864, 2045931.902720903046429 ], [ 377237.790579124644864, 2045931.902720903046429 ] ] } },
{ "type": "Feature", "properties": { "drain_id": "RN_DRAIN_00393", "source_type": "dem_inferred_surface_flow", "is_inferred": true, "acc_cells": 31, "upstream_area_m2": 27801.672638848628, "length_m": 30.0, "start_elevation_m": 559.915, "end_elevation_m": 559.501, "elevation_drop_m": 0.414, "slope_m_per_m": 0.013814, "slope_percent": 1.381, "terrain_slope_deg": 0.233, "strahler_order": 1, "capacity_class": "low", "scenario_width_m": 0.4, "scenario_depth_m": 0.3, "scenario_manning_n": 0.035, "capacity_effective_slope": 0.013814, "capacity_slope_floor": 0.001, "capacity_m3s": 0.098037845430339166, "capacity_scenario": "prototype_open_channel_base", "capacity_source": "synthetic_manning_scenario", "capacity_is_observed": 0 }, "geometry": { "type": "LineString", "coordinates": [ [ 377417.790579124644864, 2045931.902720903046429 ], [ 377387.790579124644864, 2045931.902720903046429 ] ] } },
{ "type": "Feature", "properties": { "drain_id": "RN_DRAIN_00394", "source_type": "dem_inferred_surface_flow", "is_inferred": true, "acc_cells": 35, "upstream_area_m2": 31343.075426490464, "length_m": 30.0, "start_elevation_m": 567.172, "end_elevation_m": 565.729, "elevation_drop_m": 1.443, "slope_m_per_m": 0.0481, "slope_percent": 4.81, "terrain_slope_deg": 3.016, "strahler_order": 1, "capacity_class": "low", "scenario_width_m": 0.4, "scenario_depth_m": 0.3, "scenario_manning_n": 0.035, "capacity_effective_slope": 0.0481, "capacity_slope_floor": 0.001, "capacity_m3s": 0.18293911365381266, "capacity_scenario": "prototype_open_channel_base", "capacity_source": "synthetic_manning_scenario", "capacity_is_observed": 0 }, "geometry": { "type": "LineString", "coordinates": [ [ 378017.790579124644864, 2045931.902720903046429 ], [ 378017.790579124644864, 2045961.902720903046429 ] ] } },
{ "type": "Feature", "properties": { "drain_id": "RN_DRAIN_00395", "source_type": "dem_inferred_surface_flow", "is_inferred": true, "acc_cells": 26, "upstream_area_m2": 23578.938393491753, "length_m": 42.43, "start_elevation_m": 572.572, "end_elevation_m": 571.24, "elevation_drop_m": 1.332, "slope_m_per_m": 0.031391, "slope_percent": 3.139, "terrain_slope_deg": 3.647, "strahler_order": 1, "capacity_class": "low", "scenario_width_m": 0.4, "scenario_depth_m": 0.3, "scenario_manning_n": 0.035, "capacity_effective_slope": 0.031391, "capacity_slope_floor": 0.001, "capacity_m3s": 0.14778712746867345, "capacity_scenario": "prototype_open_channel_base", "capacity_source": "synthetic_manning_scenario", "capacity_is_observed": 0 }, "geometry": { "type": "LineString", "coordinates": [ [ 378317.790579124644864, 2045931.902720903046429 ], [ 378287.790579124644864, 2045961.902720903046429 ] ] } },
{ "type": "Feature", "properties": { "drain_id": "RN_DRAIN_00396", "source_type": "dem_inferred_surface_flow", "is_inferred": true, "acc_cells": 5101, "upstream_area_m2": 4590824.1988730719, "length_m": 42.43, "start_elevation_m": 571.575, "end_elevation_m": 571.15, "elevation_drop_m": 0.425, "slope_m_per_m": 0.010009, "slope_percent": 1.001, "terrain_slope_deg": 1.772, "strahler_order": 1, "capacity_class": "low", "scenario_width_m": 0.4, "scenario_depth_m": 0.3, "scenario_manning_n": 0.035, "capacity_effective_slope": 0.010009, "capacity_slope_floor": 0.001, "capacity_m3s": 0.083450583372691484, "capacity_scenario": "prototype_open_channel_base", "capacity_source": "synthetic_manning_scenario", "capacity_is_observed": 0 }, "geometry": { "type": "LineString", "coordinates": [ [ 378527.790579124644864, 2045931.902720903046429 ], [ 378497.790579124644864, 2045961.902720903046429 ] ] } },
{ "type": "Feature", "properties": { "drain_id": "RN_DRAIN_00397", "source_type": "dem_inferred_surface_flow", "is_inferred": true, "acc_cells": 5089, "upstream_area_m2": 4580092.3256612718, "length_m": 30.0, "start_elevation_m": 572.805, "end_elevation_m": 571.575, "elevation_drop_m": 1.23, "slope_m_per_m": 0.040993, "slope_percent": 4.099, "terrain_slope_deg": 1.213, "strahler_order": 1, "capacity_class": "low", "scenario_width_m": 0.4, "scenario_depth_m": 0.3, "scenario_manning_n": 0.035, "capacity_effective_slope": 0.040993, "capacity_slope_floor": 0.001, "capacity_m3s": 0.16888414661568568, "capacity_scenario": "prototype_open_channel_base", "capacity_source": "synthetic_manning_scenario", "capacity_is_observed": 0 }, "geometry": { "type": "LineString", "coordinates": [ [ 378557.790579124644864, 2045931.902720903046429 ], [ 378527.790579124644864, 2045931.902720903046429 ] ] } },
{ "type": "Feature", "properties": { "drain_id": "RN_DRAIN_00398", "source_type": "dem_inferred_surface_flow", "is_inferred": true, "acc_cells": 43, "upstream_area_m2": 38592.596443185044, "length_m": 30.0, "start_elevation_m": 556.679, "end_elevation_m": 556.439, "elevation_drop_m": 0.241, "slope_m_per_m": 0.00802, "slope_percent": 0.802, "terrain_slope_deg": 1.355, "strahler_order": 1, "capacity_class": "low", "scenario_width_m": 0.4, "scenario_depth_m": 0.3, "scenario_manning_n": 0.035, "capacity_effective_slope": 0.00802, "capacity_slope_floor": 0.001, "capacity_m3s": 0.074700105734245612, "capacity_scenario": "prototype_open_channel_base", "capacity_source": "synthetic_manning_scenario", "capacity_is_observed": 0 }, "geometry": { "type": "LineString", "coordinates": [ [ 376727.790579124644864, 2045901.902720903046429 ], [ 376757.790579124644864, 2045901.902720903046429 ] ] } },
{ "type": "Feature", "properties": { "drain_id": "RN_DRAIN_00399", "source_type": "dem_inferred_surface_flow", "is_inferred": true, "acc_cells": 61, "upstream_area_m2": 54997.989102291554, "length_m": 30.0, "start_elevation_m": 556.439, "end_elevation_m": 556.386, "elevation_drop_m": 0.052, "slope_m_per_m": 0.001746, "slope_percent": 0.175, "terrain_slope_deg": 0.691, "strahler_order": 2, "capacity_class": "medium", "scenario_width_m": 0.7, "scenario_depth_m": 0.45, "scenario_manning_n": 0.035, "capacity_effective_slope": 0.001746, "capacity_slope_floor": 0.001, "capacity_m3s": 0.1272696969192279, "capacity_scenario": "prototype_open_channel_base", "capacity_source": "synthetic_manning_scenario", "capacity_is_observed": 0 }, "geometry": { "type": "LineString", "coordinates": [ [ 376757.790579124644864, 2045901.902720903046429 ], [ 376787.790579124644864, 2045901.902720903046429 ] ] } },
{ "type": "Feature", "properties": { "drain_id": "RN_DRAIN_00400", "source_type": "dem_inferred_surface_flow", "is_inferred": true, "acc_cells": 65, "upstream_area_m2": 58842.002975426643, "length_m": 30.0, "start_elevation_m": 556.386, "end_elevation_m": 556.334, "elevation_drop_m": 0.052, "slope_m_per_m": 0.001744, "slope_percent": 0.174, "terrain_slope_deg": 1.939, "strahler_order": 2, "capacity_class": "medium", "scenario_width_m": 0.7, "scenario_depth_m": 0.45, "scenario_manning_n": 0.035, "capacity_effective_slope": 0.001744, "capacity_slope_floor": 0.001, "capacity_m3s": 0.12719678388149364, "capacity_scenario": "prototype_open_channel_base", "capacity_source": "synthetic_manning_scenario", "capacity_is_observed": 0 }, "geometry": { "type": "LineString", "coordinates": [ [ 376787.790579124644864, 2045901.902720903046429 ], [ 376817.790579124644864, 2045901.902720903046429 ] ] } },
{ "type": "Feature", "properties": { "drain_id": "RN_DRAIN_00401", "source_type": "dem_inferred_surface_flow", "is_inferred": true, "acc_cells": 72, "upstream_area_m2": 65056.780756345928, "length_m": 42.43, "start_elevation_m": 556.334, "end_elevation_m": 556.26, "elevation_drop_m": 0.074, "slope_m_per_m": 0.001746, "slope_percent": 0.175, "terrain_slope_deg": 1.489, "strahler_order": 2, "capacity_class": "medium", "scenario_width_m": 0.7, "scenario_depth_m": 0.45, "scenario_manning_n": 0.035, "capacity_effective_slope": 0.001746, "capacity_slope_floor": 0.001, "capacity_m3s": 0.1272696969192279, "capacity_scenario": "prototype_open_channel_base", "capacity_source": "synthetic_manning_scenario", "capacity_is_observed": 0 }, "geometry": { "type": "LineString", "coordinates": [ [ 376817.790579124644864, 2045901.902720903046429 ], [ 376847.790579124644864, 2045871.902720903046429 ] ] } },
{ "type": "Feature", "properties": { "drain_id": "RN_DRAIN_00402", "source_type": "dem_inferred_surface_flow", "is_inferred": true, "acc_cells": 4064, "upstream_area_m2": 3657431.4860231145, "length_m": 42.43, "start_elevation_m": 545.027, "end_elevation_m": 544.953, "elevation_drop_m": 0.074, "slope_m_per_m": 0.001745, "slope_percent": 0.174, "terrain_slope_deg": 3.183, "strahler_order": 3, "capacity_class": "high", "scenario_width_m": 1.0, "scenario_depth_m": 0.6, "scenario_manning_n": 0.035, "capacity_effective_slope": 0.001745, "capacity_slope_floor": 0.001, "capacity_m3s": 0.30116185815577506, "capacity_scenario": "prototype_open_channel_base", "capacity_source": "synthetic_manning_scenario", "capacity_is_observed": 0 }, "geometry": { "type": "LineString", "coordinates": [ [ 377147.790579124644864, 2045901.902720903046429 ], [ 377177.790579124644864, 2045931.902720903046429 ] ] } },
{ "type": "Feature", "properties": { "drain_id": "RN_DRAIN_00403", "source_type": "dem_inferred_surface_flow", "is_inferred": true, "acc_cells": 3905, "upstream_area_m2": 3514697.3121747505, "length_m": 30.0, "start_elevation_m": 545.005, "end_elevation_m": 544.953, "elevation_drop_m": 0.052, "slope_m_per_m": 0.001746, "slope_percent": 0.175, "terrain_slope_deg": 3.183, "strahler_order": 1, "capacity_class": "low", "scenario_width_m": 0.4, "scenario_depth_m": 0.3, "scenario_manning_n": 0.035, "capacity_effective_slope": 0.001746, "capacity_slope_floor": 0.001, "capacity_m3s": 0.034854282915268278, "capacity_scenario": "prototype_open_channel_base", "capacity_source": "synthetic_manning_scenario", "capacity_is_observed": 0 }, "geometry": { "type": "LineString", "coordinates": [ [ 377177.790579124644864, 2045901.902720903046429 ], [ 377177.790579124644864, 2045931.902720903046429 ] ] } },
{ "type": "Feature", "properties": { "drain_id": "RN_DRAIN_00404", "source_type": "dem_inferred_surface_flow", "is_inferred": true, "acc_cells": 1735, "upstream_area_m2": 1561332.4685336426, "length_m": 42.43, "start_elevation_m": 544.984, "end_elevation_m": 544.953, "elevation_drop_m": 0.031, "slope_m_per_m": 0.000722, "slope_percent": 0.072, "terrain_slope_deg": 11.286, "strahler_order": 1, "capacity_class": "low", "scenario_width_m": 0.4, "scenario_depth_m": 0.3, "scenario_manning_n": 0.035, "capacity_effective_slope": 0.001, "capacity_slope_floor": 0.001, "capacity_m3s": 0.02637752433631995, "capacity_scenario": "prototype_open_channel_base", "capacity_source": "synthetic_manning_scenario", "capacity_is_observed": 0 }, "geometry": { "type": "LineString", "coordinates": [ [ 377207.790579124644864, 2045901.902720903046429 ], [ 377177.790579124644864, 2045931.902720903046429 ] ] } },
{ "type": "Feature", "properties": { "drain_id": "RN_DRAIN_00405", "source_type": "dem_inferred_surface_flow", "is_inferred": true, "acc_cells": 132, "upstream_area_m2": 119065.41764851141, "length_m": 42.43, "start_elevation_m": 551.773, "end_elevation_m": 544.931, "elevation_drop_m": 6.842, "slope_m_per_m": 0.16125, "slope_percent": 16.125, "terrain_slope_deg": 12.908, "strahler_order": 1, "capacity_class": "low", "scenario_width_m": 0.4, "scenario_depth_m": 0.3, "scenario_manning_n": 0.035, "capacity_effective_slope": 0.16125, "capacity_slope_floor": 0.001, "capacity_m3s": 0.33495301708709185, "capacity_scenario": "prototype_open_channel_base", "capacity_source": "synthetic_manning_scenario", "capacity_is_observed": 0 }, "geometry": { "type": "LineString", "coordinates": [ [ 377237.790579124644864, 2045901.902720903046429 ], [ 377207.790579124644864, 2045931.902720903046429 ] ] } },
{ "type": "Feature", "properties": { "drain_id": "RN_DRAIN_00406", "source_type": "dem_inferred_surface_flow", "is_inferred": true, "acc_cells": 165, "upstream_area_m2": 148345.75031872178, "length_m": 30.0, "start_elevation_m": 557.98, "end_elevation_m": 557.393, "elevation_drop_m": 0.587, "slope_m_per_m": 0.01956, "slope_percent": 1.956, "terrain_slope_deg": 6.942, "strahler_order": 1, "capacity_class": "low", "scenario_width_m": 0.4, "scenario_depth_m": 0.3, "scenario_manning_n": 0.035, "capacity_effective_slope": 0.01956, "capacity_slope_floor": 0.001, "capacity_m3s": 0.11665905594771991, "capacity_scenario": "prototype_open_channel_base", "capacity_source": "synthetic_manning_scenario", "capacity_is_observed": 0 }, "geometry": { "type": "LineString", "coordinates": [ [ 377267.790579124644864, 2045901.902720903046429 ], [ 377267.790579124644864, 2045931.902720903046429 ] ] } },
{ "type": "Feature", "properties": { "drain_id": "RN_DRAIN_00407", "source_type": "dem_inferred_surface_flow", "is_inferred": true, "acc_cells": 411, "upstream_area_m2": 369760.90440848609, "length_m": 42.43, "start_elevation_m": 559.07, "end_elevation_m": 557.393, "elevation_drop_m": 1.676, "slope_m_per_m": 0.039502, "slope_percent": 3.95, "terrain_slope_deg": 1.283, "strahler_order": 3, "capacity_class": "high", "scenario_width_m": 1.0, "scenario_depth_m": 0.6, "scenario_manning_n": 0.035, "capacity_effective_slope": 0.039502, "capacity_slope_floor": 0.001, "capacity_m3s": 1.4328865124290238, "capacity_scenario": "prototype_open_channel_base", "capacity_source": "synthetic_manning_scenario", "capacity_is_observed": 0 }, "geometry": { "type": "LineString", "coordinates": [ [ 377297.790579124644864, 2045901.902720903046429 ], [ 377267.790579124644864, 2045931.902720903046429 ] ] } },
{ "type": "Feature", "properties": { "drain_id": "RN_DRAIN_00408", "source_type": "dem_inferred_surface_flow", "is_inferred": true, "acc_cells": 410, "upstream_area_m2": 368612.89234219294, "length_m": 30.0, "start_elevation_m": 559.133, "end_elevation_m": 559.07, "elevation_drop_m": 0.063, "slope_m_per_m": 0.002102, "slope_percent": 0.21, "terrain_slope_deg": 0.114, "strahler_order": 3, "capacity_class": "high", "scenario_width_m": 1.0, "scenario_depth_m": 0.6, "scenario_manning_n": 0.035, "capacity_effective_slope": 0.002102, "capacity_slope_floor": 0.001, "capacity_m3s": 0.3305358790663851, "capacity_scenario": "prototype_open_channel_base", "capacity_source": "synthetic_manning_scenario", "capacity_is_observed": 0 }, "geometry": { "type": "LineString", "coordinates": [ [ 377327.790579124644864, 2045901.902720903046429 ], [ 377297.790579124644864, 2045901.902720903046429 ] ] } },
{ "type": "Feature", "properties": { "drain_id": "RN_DRAIN_00409", "source_type": "dem_inferred_surface_flow", "is_inferred": true, "acc_cells": 407, "upstream_area_m2": 366740.24661344948, "length_m": 30.0, "start_elevation_m": 559.185, "end_elevation_m": 559.133, "elevation_drop_m": 0.052, "slope_m_per_m": 0.001746, "slope_percent": 0.175, "terrain_slope_deg": 0.315, "strahler_order": 3, "capacity_class": "high", "scenario_width_m": 1.0, "scenario_depth_m": 0.6, "scenario_manning_n": 0.035, "capacity_effective_slope": 0.001746, "capacity_slope_floor": 0.001, "capacity_m3s": 0.30124813859248456, "capacity_scenario": "prototype_open_channel_base", "capacity_source": "synthetic_manning_scenario", "capacity_is_observed": 0 }, "geometry": { "type": "LineString", "coordinates": [ [ 377357.790579124644864, 2045901.902720903046429 ], [ 377327.790579124644864, 2045901.902720903046429 ] ] } },
{ "type": "Feature", "properties": { "drain_id": "RN_DRAIN_00410", "source_type": "dem_inferred_surface_flow", "is_inferred": true, "acc_cells": 27, "upstream_area_m2": 24255.087827358922, "length_m": 42.43, "start_elevation_m": 569.045, "end_elevation_m": 567.172, "elevation_drop_m": 1.874, "slope_m_per_m": 0.044156, "slope_percent": 4.416, "terrain_slope_deg": 3.553, "strahler_order": 1, "capacity_class": "low", "scenario_width_m": 0.4, "scenario_depth_m": 0.3, "scenario_manning_n": 0.035, "capacity_effective_slope": 0.044156, "capacity_slope_floor": 0.001, "capacity_m3s": 0.17527859959571881, "capacity_scenario": "prototype_open_channel_base", "capacity_source": "synthetic_manning_scenario", "capacity_is_observed": 0 }, "geometry": { "type": "LineString", "coordinates": [ [ 378047.790579124644864, 2045901.902720903046429 ], [ 378017.790579124644864, 2045931.902720903046429 ] ] } },
{ "type": "Feature", "properties": { "drain_id": "RN_DRAIN_00411", "source_type": "dem_inferred_surface_flow", "is_inferred": true, "acc_cells": 5087, "upstream_area_m2": 4578462.7196809202, "length_m": 38.29, "start_elevation_m": 572.879, "end_elevation_m": 572.805, "elevation_drop_m": 0.074, "slope_m_per_m": 0.001934, "slope_percent": 0.193, "terrain_slope_deg": 1.213, "strahler_order": 1, "capacity_class": "low", "scenario_width_m": 0.4, "scenario_depth_m": 0.3, "scenario_manning_n": 0.035, "capacity_effective_slope": 0.001934, "capacity_slope_floor": 0.001, "capacity_m3s": 0.036682782201992732, "capacity_scenario": "prototype_open_channel_base", "capacity_source": "synthetic_manning_scenario", "capacity_is_observed": 0 }, "geometry": { "type": "LineString", "coordinates": [ [ 378584.866785897524096, 2045904.826514130225405 ], [ 378557.790579124644864, 2045931.902720903046429 ] ] } },
{ "type": "Feature", "properties": { "drain_id": "RN_DRAIN_00412", "source_type": "dem_inferred_surface_flow", "is_inferred": true, "acc_cells": 87, "upstream_area_m2": 77931.69994949887, "length_m": 42.43, "start_elevation_m": 556.26, "end_elevation_m": 556.186, "elevation_drop_m": 0.074, "slope_m_per_m": 0.001745, "slope_percent": 0.174, "terrain_slope_deg": 3.833, "strahler_order": 2, "capacity_class": "medium", "scenario_width_m": 0.7, "scenario_depth_m": 0.45, "scenario_manning_n": 0.035, "capacity_effective_slope": 0.001745, "capacity_slope_floor": 0.001, "capacity_m3s": 0.12723324562335805, "capacity_scenario": "prototype_open_channel_base", "capacity_source": "synthetic_manning_scenario", "capacity_is_observed": 0 }, "geometry": { "type": "LineString", "coordinates": [ [ 376847.790579124644864, 2045871.902720903046429 ], [ 376877.790579124644864, 2045841.902720903046429 ] ] } },
{ "type": "Feature", "properties": { "drain_id": "RN_DRAIN_00413", "source_type": "dem_inferred_surface_flow", "is_inferred": true, "acc_cells": 104, "upstream_area_m2": 93237.073949524885, "length_m": 42.43, "start_elevation_m": 555.637, "end_elevation_m": 555.419, "elevation_drop_m": 0.218, "slope_m_per_m": 0.005137, "slope_percent": 0.514, "terrain_slope_deg": 1.227, "strahler_order": 1, "capacity_class": "low", "scenario_width_m": 0.4, "scenario_depth_m": 0.3, "scenario_manning_n": 0.035, "capacity_effective_slope": 0.005137, "capacity_slope_floor": 0.001, "capacity_m3s": 0.059784529435392059, "capacity_scenario": "prototype_open_channel_base", "capacity_source": "synthetic_manning_scenario", "capacity_is_observed": 0 }, "geometry": { "type": "LineString", "coordinates": [ [ 376967.790579124644864, 2045871.902720903046429 ], [ 376997.790579124644864, 2045841.902720903046429 ] ] } },
{ "type": "Feature", "properties": { "drain_id": "RN_DRAIN_00414", "source_type": "dem_inferred_surface_flow", "is_inferred": true, "acc_cells": 1936, "upstream_area_m2": 1742267.3856462857, "length_m": 30.0, "start_elevation_m": 545.101, "end_elevation_m": 545.079, "elevation_drop_m": 0.022, "slope_m_per_m": 0.000722, "slope_percent": 0.072, "terrain_slope_deg": 3.714, "strahler_order": 1, "capacity_class": "low", "scenario_width_m": 0.4, "scenario_depth_m": 0.3, "scenario_manning_n": 0.035, "capacity_effective_slope": 0.001, "capacity_slope_floor": 0.001, "capacity_m3s": 0.02637752433631995, "capacity_scenario": "prototype_open_channel_base", "capacity_source": "synthetic_manning_scenario", "capacity_is_observed": 0 }, "geometry": { "type": "LineString", "coordinates": [ [ 377117.790579124644864, 2045871.902720903046429 ], [ 377147.790579124644864, 2045871.902720903046429 ] ] } },
{ "type": "Feature", "properties": { "drain_id": "RN_DRAIN_00415", "source_type": "dem_inferred_surface_flow", "is_inferred": true, "acc_cells": 4347, "upstream_area_m2": 3911957.0409821295, "length_m": 30.0, "start_elevation_m": 545.079, "end_elevation_m": 545.027, "elevation_drop_m": 0.052, "slope_m_per_m": 0.001746, "slope_percent": 0.175, "terrain_slope_deg": 3.714, "strahler_order": 3, "capacity_class": "high", "scenario_width_m": 1.0, "scenario_depth_m": 0.6, "scenario_manning_n": 0.035, "capacity_effective_slope": 0.001746, "capacity_slope_floor": 0.001, "capacity_m3s": 0.30124813859248456, "capacity_scenario": "prototype_open_channel_base", "capacity_source": "synthetic_manning_scenario", "capacity_is_observed": 0 }, "geometry": { "type": "LineString", "coordinates": [ [ 377147.790579124644864, 2045871.902720903046429 ], [ 377147.790579124644864, 2045901.902720903046429 ] ] } },
{ "type": "Feature", "properties": { "drain_id": "RN_DRAIN_00416", "source_type": "dem_inferred_surface_flow", "is_inferred": true, "acc_cells": 3279, "upstream_area_m2": 2951009.999208414, "length_m": 42.43, "start_elevation_m": 545.058, "end_elevation_m": 545.027, "elevation_drop_m": 0.031, "slope_m_per_m": 0.000724, "slope_percent": 0.072, "terrain_slope_deg": 6.201, "strahler_order": 1, "capacity_class": "low", "scenario_width_m": 0.4, "scenario_depth_m": 0.3, "scenario_manning_n": 0.035, "capacity_effective_slope": 0.001, "capacity_slope_floor": 0.001, "capacity_m3s": 0.02637752433631995, "capacity_scenario": "prototype_open_channel_base", "capacity_source": "synthetic_manning_scenario", "capacity_is_observed": 0 }, "geometry": { "type": "LineString", "coordinates": [ [ 377177.790579124644864, 2045871.902720903046429 ], [ 377147.790579124644864, 2045901.902720903046429 ] ] } },
{ "type": "Feature", "properties": { "drain_id": "RN_DRAIN_00417", "source_type": "dem_inferred_surface_flow", "is_inferred": true, "acc_cells": 372, "upstream_area_m2": 335202.07861386228, "length_m": 42.43, "start_elevation_m": 559.259, "end_elevation_m": 559.185, "elevation_drop_m": 0.074, "slope_m_per_m": 0.001745, "slope_percent": 0.174, "terrain_slope_deg": 1.872, "strahler_order": 3, "capacity_class": "high", "scenario_width_m": 1.0, "scenario_depth_m": 0.6, "scenario_manning_n": 0.035, "capacity_effective_slope": 0.001745, "capacity_slope_floor": 0.001, "capacity_m3s": 0.30116185815577506, "capacity_scenario": "prototype_open_channel_base", "capacity_source": "synthetic_manning_scenario", "capacity_is_observed": 0 }, "geometry": { "type": "LineString", "coordinates": [ [ 377387.790579124644864, 2045871.902720903046429 ], [ 377357.790579124644864, 2045901.902720903046429 ] ] } },
{ "type": "Feature", "properties": { "drain_id": "RN_DRAIN_00418", "source_type": "dem_inferred_surface_flow", "is_inferred": true, "acc_cells": 80, "upstream_area_m2": 72171.160132306104, "length_m": 30.0, "start_elevation_m": 559.311, "end_elevation_m": 559.259, "elevation_drop_m": 0.052, "slope_m_per_m": 0.001746, "slope_percent": 0.175, "terrain_slope_deg": 3.124, "strahler_order": 1, "capacity_class": "low", "scenario_width_m": 0.4, "scenario_depth_m": 0.3, "scenario_manning_n": 0.035, "capacity_effective_slope": 0.001746, "capacity_slope_floor": 0.001, "capacity_m3s": 0.034854282915268278, "capacity_scenario": "prototype_open_channel_base", "capacity_source": "synthetic_manning_scenario", "capacity_is_observed": 0 }, "geometry": { "type": "LineString", "coordinates": [ [ 377417.790579124644864, 2045871.902720903046429 ], [ 377387.790579124644864, 2045871.902720903046429 ] ] } },
{ "type": "Feature", "properties": { "drain_id": "RN_DRAIN_00419", "source_type": "dem_inferred_surface_flow", "is_inferred": true, "acc_cells": 26, "upstream_area_m2": 23657.651867769695, "length_m": 42.43, "start_elevation_m": 577.065, "end_elevation_m": 571.061, "elevation_drop_m": 6.003, "slope_m_per_m": 0.14149, "slope_percent": 14.149, "terrain_slope_deg": 5.654, "strahler_order": 1, "capacity_class": "low", "scenario_width_m": 0.4, "scenario_depth_m": 0.3, "scenario_manning_n": 0.035, "capacity_effective_slope": 0.14149, "capacity_slope_floor": 0.001, "capacity_m3s": 0.31375951549412778, "capacity_scenario": "prototype_open_channel_base", "capacity_source": "synthetic_manning_scenario", "capacity_is_observed": 0 }, "geometry": { "type": "LineString", "coordinates": [ [ 378107.790579124644864, 2045871.902720903046429 ], [ 378077.790579124644864, 2045901.902720903046429 ] ] } },
{ "type": "Feature", "properties": { "drain_id": "RN_DRAIN_00420", "source_type": "dem_inferred_surface_flow", "is_inferred": true, "acc_cells": 49, "upstream_area_m2": 43673.588752883486, "length_m": 42.43, "start_elevation_m": 556.238, "end_elevation_m": 556.164, "elevation_drop_m": 0.074, "slope_m_per_m": 0.001745, "slope_percent": 0.174, "terrain_slope_deg": 2.061, "strahler_order": 1, "capacity_class": "low", "scenario_width_m": 0.4, "scenario_depth_m": 0.3, "scenario_manning_n": 0.035, "capacity_effective_slope": 0.001745, "capacity_slope_floor": 0.001, "capacity_m3s": 0.034844300305034812, "capacity_scenario": "prototype_open_channel_base", "capacity_source": "synthetic_manning_scenario", "capacity_is_observed": 0 }, "geometry": { "type": "LineString", "coordinates": [ [ 376847.790579124644864, 2045841.902720903046429 ], [ 376877.790579124644864, 2045811.902720903046429 ] ] } },
{ "type": "Feature", "properties": { "drain_id": "RN_DRAIN_00421", "source_type": "dem_inferred_surface_flow", "is_inferred": true, "acc_cells": 170, "upstream_area_m2": 152735.26192032368, "length_m": 42.43, "start_elevation_m": 556.186, "end_elevation_m": 556.112, "elevation_drop_m": 0.074, "slope_m_per_m": 0.001745, "slope_percent": 0.174, "terrain_slope_deg": 1.41, "strahler_order": 2, "capacity_class": "medium", "scenario_width_m": 0.7, "scenario_depth_m": 0.45, "scenario_manning_n": 0.035, "capacity_effective_slope": 0.001745, "capacity_slope_floor": 0.001, "capacity_m3s": 0.12723324562335805, "capacity_scenario": "prototype_open_channel_base", "capacity_source": "synthetic_manning_scenario", "capacity_is_observed": 0 }, "geometry": { "type": "LineString", "coordinates": [ [ 376877.790579124644864, 2045841.902720903046429 ], [ 376907.790579124644864, 2045811.902720903046429 ] ] } },
{ "type": "Feature", "properties": { "drain_id": "RN_DRAIN_00422", "source_type": "dem_inferred_surface_flow", "is_inferred": true, "acc_cells": 5105, "upstream_area_m2": 4594904.7663739733, "length_m": 30.0, "start_elevation_m": 555.934, "end_elevation_m": 555.471, "elevation_drop_m": 0.462, "slope_m_per_m": 0.015413, "slope_percent": 1.541, "terrain_slope_deg": 0.477, "strahler_order": 3, "capacity_class": "high", "scenario_width_m": 1.0, "scenario_depth_m": 0.6, "scenario_manning_n": 0.035, "capacity_effective_slope": 0.015413, "capacity_slope_floor": 0.001, "capacity_m3s": 0.89504700076143984, "capacity_scenario": "prototype_open_channel_base", "capacity_source": "synthetic_manning_scenario", "capacity_is_observed": 0 }, "geometry": { "type": "LineString", "coordinates": [ [ 376937.790579124644864, 2045841.902720903046429 ], [ 376967.790579124644864, 2045841.902720903046429 ] ] } },
{ "type": "Feature", "properties": { "drain_id": "RN_DRAIN_00423", "source_type": "dem_inferred_surface_flow", "is_inferred": true, "acc_cells": 5073, "upstream_area_m2": 4565540.1072202642, "length_m": 30.0, "start_elevation_m": 555.471, "end_elevation_m": 555.419, "elevation_drop_m": 0.052, "slope_m_per_m": 0.001746, "slope_percent": 0.175, "terrain_slope_deg": 1.227, "strahler_order": 3, "capacity_class": "high", "scenario_width_m": 1.0, "scenario_depth_m": 0.6, "scenario_manning_n": 0.035, "capacity_effective_slope": 0.001746, "capacity_slope_floor": 0.001, "capacity_m3s": 0.30124813859248456, "capacity_scenario": "prototype_open_channel_base", "capacity_source": "synthetic_manning_scenario", "capacity_is_observed": 0 }, "geometry": { "type": "LineString", "coordinates": [ [ 376967.790579124644864, 2045841.902720903046429 ], [ 376997.790579124644864, 2045841.902720903046429 ] ] } },
{ "type": "Feature", "properties": { "drain_id": "RN_DRAIN_00424", "source_type": "dem_inferred_surface_flow", "is_inferred": true, "acc_cells": 5117, "upstream_area_m2": 4605269.2198733296, "length_m": 42.43, "start_elevation_m": 555.419, "end_elevation_m": 555.23, "elevation_drop_m": 0.189, "slope_m_per_m": 0.004443, "slope_percent": 0.444, "terrain_slope_deg": 4.142, "strahler_order": 3, "capacity_class": "high", "scenario_width_m": 1.0, "scenario_depth_m": 0.6, "scenario_manning_n": 0.035, "capacity_effective_slope": 0.004443, "capacity_slope_floor": 0.001, "capacity_m3s": 0.4805520220810709, "capacity_scenario": "prototype_open_channel_base", "capacity_source": "synthetic_manning_scenario", "capacity_is_observed": 0 }, "geometry": { "type": "LineString", "coordinates": [ [ 376997.790579124644864, 2045841.902720903046429 ], [ 377027.790579124644864, 2045811.902720903046429 ] ] } },
{ "type": "Feature", "properties": { "drain_id": "RN_DRAIN_00425", "source_type": "dem_inferred_surface_flow", "is_inferred": true, "acc_cells": 3830, "upstream_area_m2": 3446904.517882226, "length_m": 30.0, "start_elevation_m": 545.154, "end_elevation_m": 545.132, "elevation_drop_m": 0.022, "slope_m_per_m": 0.000722, "slope_percent": 0.072, "terrain_slope_deg": 0.735, "strahler_order": 1, "capacity_class": "low", "scenario_width_m": 0.4, "scenario_depth_m": 0.3, "scenario_manning_n": 0.035, "capacity_effective_slope": 0.001, "capacity_slope_floor": 0.001, "capacity_m3s": 0.02637752433631995, "capacity_scenario": "prototype_open_channel_base", "capacity_source": "synthetic_manning_scenario", "capacity_is_observed": 0 }, "geometry": { "type": "LineString", "coordinates": [ [ 377117.790579124644864, 2045841.902720903046429 ], [ 377147.790579124644864, 2045841.902720903046429 ] ] } },
{ "type": "Feature", "properties": { "drain_id": "RN_DRAIN_00426", "source_type": "dem_inferred_surface_flow", "is_inferred": true, "acc_cells": 4711, "upstream_area_m2": 4239640.8869981468, "length_m": 30.0, "start_elevation_m": 545.132, "end_elevation_m": 545.079, "elevation_drop_m": 0.052, "slope_m_per_m": 0.001746, "slope_percent": 0.175, "terrain_slope_deg": 0.735, "strahler_order": 3, "capacity_class": "high", "scenario_width_m": 1.0, "scenario_depth_m": 0.6, "scenario_manning_n": 0.035, "capacity_effective_slope": 0.001746, "capacity_slope_floor": 0.001, "capacity_m3s": 0.30124813859248456, "capacity_scenario": "prototype_open_channel_base", "capacity_source": "synthetic_manning_scenario", "capacity_is_observed": 0 }, "geometry": { "type": "LineString", "coordinates": [ [ 377147.790579124644864, 2045841.902720903046429 ], [ 377147.790579124644864, 2045871.902720903046429 ] ] } },
{ "type": "Feature", "properties": { "drain_id": "RN_DRAIN_00427", "source_type": "dem_inferred_surface_flow", "is_inferred": true, "acc_cells": 1015, "upstream_area_m2": 913222.64507433353, "length_m": 42.43, "start_elevation_m": 545.11, "end_elevation_m": 545.079, "elevation_drop_m": 0.031, "slope_m_per_m": 0.000722, "slope_percent": 0.072, "terrain_slope_deg": 8.102, "strahler_order": 1, "capacity_class": "low", "scenario_width_m": 0.4, "scenario_depth_m": 0.3, "scenario_manning_n": 0.035, "capacity_effective_slope": 0.001, "capacity_slope_floor": 0.001, "capacity_m3s": 0.02637752433631995, "capacity_scenario": "prototype_open_channel_base", "capacity_source": "synthetic_manning_scenario", "capacity_is_observed": 0 }, "geometry": { "type": "LineString", "coordinates": [ [ 377177.790579124644864, 2045841.902720903046429 ], [ 377147.790579124644864, 2045871.902720903046429 ] ] } },
{ "type": "Feature", "properties": { "drain_id": "RN_DRAIN_00428", "source_type": "dem_inferred_surface_flow", "is_inferred": true, "acc_cells": 270, "upstream_area_m2": 242803.99636092619, "length_m": 42.43, "start_elevation_m": 559.333, "end_elevation_m": 559.259, "elevation_drop_m": 0.074, "slope_m_per_m": 0.001745, "slope_percent": 0.174, "terrain_slope_deg": 2.096, "strahler_order": 3, "capacity_class": "high", "scenario_width_m": 1.0, "scenario_depth_m": 0.6, "scenario_manning_n": 0.035, "capacity_effective_slope": 0.001745, "capacity_slope_floor": 0.001, "capacity_m3s": 0.30116185815577506, "capacity_scenario": "prototype_open_channel_base", "capacity_source": "synthetic_manning_scenario", "capacity_is_observed": 0 }, "geometry": { "type": "LineString", "coordinates": [ [ 377417.790579124644864, 2045841.902720903046429 ], [ 377387.790579124644864, 2045871.902720903046429 ] ] } },
{ "type": "Feature", "properties": { "drain_id": "RN_DRAIN_00429", "source_type": "dem_inferred_surface_flow", "is_inferred": true, "acc_cells": 146, "upstream_area_m2": 131668.86747583965, "length_m": 30.0, "start_elevation_m": 559.385, "end_elevation_m": 559.333, "elevation_drop_m": 0.052, "slope_m_per_m": 0.001746, "slope_percent": 0.175, "terrain_slope_deg": 3.473, "strahler_order": 1, "capacity_class": "low", "scenario_width_m": 0.4, "scenario_depth_m": 0.3, "scenario_manning_n": 0.035, "capacity_effective_slope": 0.001746, "capacity_slope_floor": 0.001, "capacity_m3s": 0.034854282915268278, "capacity_scenario": "prototype_open_channel_base", "capacity_source": "synthetic_manning_scenario", "capacity_is_observed": 0 }, "geometry": { "type": "LineString", "coordinates": [ [ 377447.790579124644864, 2045841.902720903046429 ], [ 377417.790579124644864, 2045841.902720903046429 ] ] } },
{ "type": "Feature", "properties": { "drain_id": "RN_DRAIN_00430", "source_type": "dem_inferred_surface_flow", "is_inferred": true, "acc_cells": 25, "upstream_area_m2": 22810.608955270589, "length_m": 42.43, "start_elevation_m": 578.031, "end_elevation_m": 577.065, "elevation_drop_m": 0.966, "slope_m_per_m": 0.022777, "slope_percent": 2.278, "terrain_slope_deg": 1.143, "strahler_order": 1, "capacity_class": "low", "scenario_width_m": 0.4, "scenario_depth_m": 0.3, "scenario_manning_n": 0.035, "capacity_effective_slope": 0.022777, "capacity_slope_floor": 0.001, "capacity_m3s": 0.12588740849428609, "capacity_scenario": "prototype_open_channel_base", "capacity_source": "synthetic_manning_scenario", "capacity_is_observed": 0 }, "geometry": { "type": "LineString", "coordinates": [ [ 378137.790579124644864, 2045841.902720903046429 ], [ 378107.790579124644864, 2045871.902720903046429 ] ] } },
{ "type": "Feature", "properties": { "drain_id": "RN_DRAIN_00431", "source_type": "dem_inferred_surface_flow", "is_inferred": true, "acc_cells": 3463, "upstream_area_m2": 3116386.3478928693, "length_m": 30.0, "start_elevation_m": 556.269, "end_elevation_m": 556.217, "elevation_drop_m": 0.052, "slope_m_per_m": 0.001746, "slope_percent": 0.175, "terrain_slope_deg": 0.999, "strahler_order": 1, "capacity_class": "low", "scenario_width_m": 0.4, "scenario_depth_m": 0.3, "scenario_manning_n": 0.035, "capacity_effective_slope": 0.001746, "capacity_slope_floor": 0.001, "capacity_m3s": 0.034854282915268278, "capacity_scenario": "prototype_open_channel_base", "capacity_source": "synthetic_manning_scenario", "capacity_is_observed": 0 }, "geometry": { "type": "LineString", "coordinates": [ [ 376817.790579124644864, 2045811.902720903046429 ], [ 376847.790579124644864, 2045811.902720903046429 ] ] } },
{ "type": "Feature", "properties": { "drain_id": "RN_DRAIN_00432", "source_type": "dem_inferred_surface_flow", "is_inferred": true, "acc_cells": 4917, "upstream_area_m2": 4425390.9938247195, "length_m": 30.0, "start_elevation_m": 556.217, "end_elevation_m": 556.164, "elevation_drop_m": 0.052, "slope_m_per_m": 0.001746, "slope_percent": 0.175, "terrain_slope_deg": 2.061, "strahler_order": 2, "capacity_class": "medium", "scenario_width_m": 0.7, "scenario_depth_m": 0.45, "scenario_manning_n": 0.035, "capacity_effective_slope": 0.001746, "capacity_slope_floor": 0.001, "capacity_m3s": 0.1272696969192279, "capacity_scenario": "prototype_open_channel_base", "capacity_source": "synthetic_manning_scenario", "capacity_is_observed": 0 }, "geometry": { "type": "LineString", "coordinates": [ [ 376847.790579124644864, 2045811.902720903046429 ], [ 376877.790579124644864, 2045811.902720903046429 ] ] } },
{ "type": "Feature", "properties": { "drain_id": "RN_DRAIN_00433", "source_type": "dem_inferred_surface_flow", "is_inferred": true, "acc_cells": 4934, "upstream_area_m2": 4440325.2776955999, "length_m": 30.0, "start_elevation_m": 556.164, "end_elevation_m": 556.112, "elevation_drop_m": 0.052, "slope_m_per_m": 0.001746, "slope_percent": 0.175, "terrain_slope_deg": 1.41, "strahler_order": 2, "capacity_class": "medium", "scenario_width_m": 0.7, "scenario_depth_m": 0.45, "scenario_manning_n": 0.035, "capacity_effective_slope": 0.001746, "capacity_slope_floor": 0.001, "capacity_m3s": 0.1272696969192279, "capacity_scenario": "prototype_open_channel_base", "capacity_source": "synthetic_manning_scenario", "capacity_is_observed": 0 }, "geometry": { "type": "LineString", "coordinates": [ [ 376877.790579124644864, 2045811.902720903046429 ], [ 376907.790579124644864, 2045811.902720903046429 ] ] } },
{ "type": "Feature", "properties": { "drain_id": "RN_DRAIN_00434", "source_type": "dem_inferred_surface_flow", "is_inferred": true, "acc_cells": 5103, "upstream_area_m2": 4592890.0526896613, "length_m": 42.43, "start_elevation_m": 556.112, "end_elevation_m": 555.934, "elevation_drop_m": 0.178, "slope_m_per_m": 0.004202, "slope_percent": 0.42, "terrain_slope_deg": 1.042, "strahler_order": 3, "capacity_class": "high", "scenario_width_m": 1.0, "scenario_depth_m": 0.6, "scenario_manning_n": 0.035, "capacity_effective_slope": 0.004202, "capacity_slope_floor": 0.001, "capacity_m3s": 0.46733711847571097, "capacity_scenario": "prototype_open_channel_base", "capacity_source": "synthetic_manning_scenario", "capacity_is_observed": 0 }, "geometry": { "type": "LineString", "coordinates": [ [ 376907.790579124644864, 2045811.902720903046429 ], [ 376937.790579124644864, 2045841.902720903046429 ] ] } },
{ "type": "Feature", "properties": { "drain_id": "RN_DRAIN_00435", "source_type": "dem_inferred_surface_flow", "is_inferred": true, "acc_cells": 5118, "upstream_area_m2": 4606171.1354887234, "length_m": 42.43, "start_elevation_m": 555.23, "end_elevation_m": 549.015, "elevation_drop_m": 6.216, "slope_m_per_m": 0.14649, "slope_percent": 14.649, "terrain_slope_deg": 10.561, "strahler_order": 3, "capacity_class": "high", "scenario_width_m": 1.0, "scenario_depth_m": 0.6, "scenario_manning_n": 0.035, "capacity_effective_slope": 0.14649, "capacity_slope_floor": 0.001, "capacity_m3s": 2.7593465143172411, "capacity_scenario": "prototype_open_channel_base", "capacity_source": "synthetic_manning_scenario", "capacity_is_observed": 0 }, "geometry": { "type": "LineString", "coordinates": [ [ 377027.790579124644864, 2045811.902720903046429 ], [ 377057.790579124644864, 2045781.902720903046429 ] ] } },
{ "type": "Feature", "properties": { "drain_id": "RN_DRAIN_00436", "source_type": "dem_inferred_surface_flow", "is_inferred": true, "acc_cells": 830, "upstream_area_m2": 746948.99314323522, "length_m": 42.43, "start_elevation_m": 552.063, "end_elevation_m": 545.28, "elevation_drop_m": 6.783, "slope_m_per_m": 0.159872, "slope_percent": 15.987, "terrain_slope_deg": 8.931, "strahler_order": 1, "capacity_class": "low", "scenario_width_m": 0.4, "scenario_depth_m": 0.3, "scenario_manning_n": 0.035, "capacity_effective_slope": 0.159872, "capacity_slope_floor": 0.001, "capacity_m3s": 0.33351873616480637, "capacity_scenario": "prototype_open_channel_base", "capacity_source": "synthetic_manning_scenario", "capacity_is_observed": 0 }, "geometry": { "type": "LineString", "coordinates": [ [ 377057.790579124644864, 2045811.902720903046429 ], [ 377087.790579124644864, 2045781.902720903046429 ] ] } },
{ "type": "Feature", "properties": { "drain_id": "RN_DRAIN_00437", "source_type": "dem_inferred_surface_flow", "is_inferred": true, "acc_cells": 655, "upstream_area_m2": 589331.37558713881, "length_m": 30.0, "start_elevation_m": 546.355, "end_elevation_m": 545.206, "elevation_drop_m": 1.149, "slope_m_per_m": 0.038314, "slope_percent": 3.831, "terrain_slope_deg": 6.325, "strahler_order": 1, "capacity_class": "low", "scenario_width_m": 0.4, "scenario_depth_m": 0.3, "scenario_manning_n": 0.035, "capacity_effective_slope": 0.038314, "capacity_slope_floor": 0.001, "capacity_m3s": 0.16327240120239331, "capacity_scenario": "prototype_open_channel_base", "capacity_source": "synthetic_manning_scenario", "capacity_is_observed": 0 }, "geometry": { "type": "LineString", "coordinates": [ [ 377087.790579124644864, 2045811.902720903046429 ], [ 377117.790579124644864, 2045811.902720903046429 ] ] } },
{ "type": "Feature", "properties": { "drain_id": "RN_DRAIN_00438", "source_type": "dem_inferred_surface_flow", "is_inferred": true, "acc_cells": 7666, "upstream_area_m2": 6899051.3245039405, "length_m": 42.43, "start_elevation_m": 545.206, "end_elevation_m": 545.132, "elevation_drop_m": 0.074, "slope_m_per_m": 0.001745, "slope_percent": 0.174, "terrain_slope_deg": 2.262, "strahler_order": 3, "capacity_class": "high", "scenario_width_m": 1.0, "scenario_depth_m": 0.6, "scenario_manning_n": 0.035, "capacity_effective_slope": 0.001745, "capacity_slope_floor": 0.001, "capacity_m3s": 0.30116185815577506, "capacity_scenario": "prototype_open_channel_base", "capacity_source": "synthetic_manning_scenario", "capacity_is_observed": 0 }, "geometry": { "type": "LineString", "coordinates": [ [ 377117.790579124644864, 2045811.902720903046429 ], [ 377147.790579124644864, 2045841.902720903046429 ] ] } },
{ "type": "Feature", "properties": { "drain_id": "RN_DRAIN_00439", "source_type": "dem_inferred_surface_flow", "is_inferred": true, "acc_cells": 1682, "upstream_area_m2": 1513859.7114906798, "length_m": 30.0, "start_elevation_m": 545.184, "end_elevation_m": 545.132, "elevation_drop_m": 0.052, "slope_m_per_m": 0.001746, "slope_percent": 0.175, "terrain_slope_deg": 2.262, "strahler_order": 1, "capacity_class": "low", "scenario_width_m": 0.4, "scenario_depth_m": 0.3, "scenario_manning_n": 0.035, "capacity_effective_slope": 0.001746, "capacity_slope_floor": 0.001, "capacity_m3s": 0.034854282915268278, "capacity_scenario": "prototype_open_channel_base", "capacity_source": "synthetic_manning_scenario", "capacity_is_observed": 0 }, "geometry": { "type": "LineString", "coordinates": [ [ 377147.790579124644864, 2045811.902720903046429 ], [ 377147.790579124644864, 2045841.902720903046429 ] ] } },
{ "type": "Feature", "properties": { "drain_id": "RN_DRAIN_00440", "source_type": "dem_inferred_surface_flow", "is_inferred": true, "acc_cells": 137, "upstream_area_m2": 123385.2304057545, "length_m": 42.43, "start_elevation_m": 545.162, "end_elevation_m": 545.132, "elevation_drop_m": 0.031, "slope_m_per_m": 0.000722, "slope_percent": 0.072, "terrain_slope_deg": 10.76, "strahler_order": 1, "capacity_class": "low", "scenario_width_m": 0.4, "scenario_depth_m": 0.3, "scenario_manning_n": 0.035, "capacity_effective_slope": 0.001, "capacity_slope_floor": 0.001, "capacity_m3s": 0.02637752433631995, "capacity_scenario": "prototype_open_channel_base", "capacity_source": "synthetic_manning_scenario", "capacity_is_observed": 0 }, "geometry": { "type": "LineString", "coordinates": [ [ 377177.790579124644864, 2045811.902720903046429 ], [ 377147.790579124644864, 2045841.902720903046429 ] ] } },
{ "type": "Feature", "properties": { "drain_id": "RN_DRAIN_00441", "source_type": "dem_inferred_surface_flow", "is_inferred": true, "acc_cells": 196, "upstream_area_m2": 176062.57103683826, "length_m": 42.43, "start_elevation_m": 559.407, "end_elevation_m": 559.333, "elevation_drop_m": 0.074, "slope_m_per_m": 0.001745, "slope_percent": 0.174, "terrain_slope_deg": 0.575, "strahler_order": 3, "capacity_class": "high", "scenario_width_m": 1.0, "scenario_depth_m": 0.6, "scenario_manning_n": 0.035, "capacity_effective_slope": 0.001745, "capacity_slope_floor": 0.001, "capacity_m3s": 0.30116185815577506, "capacity_scenario": "prototype_open_channel_base", "capacity_source": "synthetic_manning_scenario", "capacity_is_observed": 0 }, "geometry": { "type": "LineString", "coordinates": [ [ 377447.790579124644864, 2045811.902720903046429 ], [ 377417.790579124644864, 2045841.902720903046429 ] ] } },
{ "type": "Feature", "properties": { "drain_id": "RN_DRAIN_00442", "source_type": "dem_inferred_surface_flow", "is_inferred": true, "acc_cells": 275, "upstream_area_m2": 247901.85249242783, "length_m": 30.0, "start_elevation_m": 559.459, "end_elevation_m": 559.407, "elevation_drop_m": 0.052, "slope_m_per_m": 0.001746, "slope_percent": 0.175, "terrain_slope_deg": 1.637, "strahler_order": 3, "capacity_class": "high", "scenario_width_m": 1.0, "scenario_depth_m": 0.6, "scenario_manning_n": 0.035, "capacity_effective_slope": 0.001746, "capacity_slope_floor": 0.001, "capacity_m3s": 0.30124813859248456, "capacity_scenario": "prototype_open_channel_base", "capacity_source": "synthetic_manning_scenario", "capacity_is_observed": 0 }, "geometry": { "type": "LineString", "coordinates": [ [ 377477.790579124644864, 2045811.902720903046429 ], [ 377447.790579124644864, 2045811.902720903046429 ] ] } },
{ "type": "Feature", "properties": { "drain_id": "RN_DRAIN_00443", "source_type": "dem_inferred_surface_flow", "is_inferred": true, "acc_cells": 297, "upstream_area_m2": 267227.15406395862, "length_m": 30.0, "start_elevation_m": 559.645, "end_elevation_m": 559.459, "elevation_drop_m": 0.186, "slope_m_per_m": 0.006195, "slope_percent": 0.62, "terrain_slope_deg": 1.721, "strahler_order": 3, "capacity_class": "high", "scenario_width_m": 1.0, "scenario_depth_m": 0.6, "scenario_manning_n": 0.035, "capacity_effective_slope": 0.006195, "capacity_slope_floor": 0.001, "capacity_m3s": 0.56744386869295582, "capacity_scenario": "prototype_open_channel_base", "capacity_source": "synthetic_manning_scenario", "capacity_is_observed": 0 }, "geometry": { "type": "LineString", "coordinates": [ [ 377507.790579124644864, 2045811.902720903046429 ], [ 377477.790579124644864, 2045811.902720903046429 ] ] } },
{ "type": "Feature", "properties": { "drain_id": "RN_DRAIN_00444", "source_type": "dem_inferred_surface_flow", "is_inferred": true, "acc_cells": 286, "upstream_area_m2": 257420.42137176407, "length_m": 30.0, "start_elevation_m": 560.266, "end_elevation_m": 559.645, "elevation_drop_m": 0.62, "slope_m_per_m": 0.020681, "slope_percent": 2.068, "terrain_slope_deg": 1.901, "strahler_order": 3, "capacity_class": "high", "scenario_width_m": 1.0, "scenario_depth_m": 0.6, "scenario_manning_n": 0.035, "capacity_effective_slope": 0.020681, "capacity_slope_floor": 0.001, "capacity_m3s": 1.0367833633485291, "capacity_scenario": "prototype_open_channel_base", "capacity_source": "synthetic_manning_scenario", "capacity_is_observed": 0 }, "geometry": { "type": "LineString", "coordinates": [ [ 377537.790579124644864, 2045811.902720903046429 ], [ 377507.790579124644864, 2045811.902720903046429 ] ] } },
{ "type": "Feature", "properties": { "drain_id": "RN_DRAIN_00445", "source_type": "dem_inferred_surface_flow", "is_inferred": true, "acc_cells": 4999, "upstream_area_m2": 4498682.6721660281, "length_m": 30.0, "start_elevation_m": 557.411, "end_elevation_m": 556.433, "elevation_drop_m": 0.978, "slope_m_per_m": 0.032601, "slope_percent": 3.26, "terrain_slope_deg": 3.983, "strahler_order": 1, "capacity_class": "low", "scenario_width_m": 0.4, "scenario_depth_m": 0.3, "scenario_manning_n": 0.035, "capacity_effective_slope": 0.032601, "capacity_slope_floor": 0.001, "capacity_m3s": 0.15060850351649752, "capacity_scenario": "prototype_open_channel_base", "capacity_source": "synthetic_manning_scenario", "capacity_is_observed": 0 }, "geometry": { "type": "LineString", "coordinates": [ [ 376787.790579124644864, 2045781.902720903046429 ], [ 376817.790579124644864, 2045781.902720903046429 ] ] } },
{ "type": "Feature", "properties": { "drain_id": "RN_DRAIN_00446", "source_type": "dem_inferred_surface_flow", "is_inferred": true, "acc_cells": 3615, "upstream_area_m2": 3253551.2238967079, "length_m": 42.43, "start_elevation_m": 556.433, "end_elevation_m": 556.217, "elevation_drop_m": 0.217, "slope_m_per_m": 0.00511, "slope_percent": 0.511, "terrain_slope_deg": 4.241, "strahler_order": 1, "capacity_class": "low", "scenario_width_m": 0.4, "scenario_depth_m": 0.3, "scenario_manning_n": 0.035, "capacity_effective_slope": 0.00511, "capacity_slope_floor": 0.001, "capacity_m3s": 0.059627209120318589, "capacity_scenario": "prototype_open_channel_base", "capacity_source": "synthetic_manning_scenario", "capacity_is_observed": 0 }, "geometry": { "type": "LineString", "coordinates": [ [ 376817.790579124644864, 2045781.902720903046429 ], [ 376847.790579124644864, 2045811.902720903046429 ] ] } },
{ "type": "Feature", "properties": { "drain_id": "RN_DRAIN_00447", "source_type": "dem_inferred_surface_flow", "is_inferred": true, "acc_cells": 95, "upstream_area_m2": 85340.008275813598, "length_m": 42.43, "start_elevation_m": 556.345, "end_elevation_m": 556.164, "elevation_drop_m": 0.181, "slope_m_per_m": 0.004264, "slope_percent": 0.426, "terrain_slope_deg": 2.837, "strahler_order": 1, "capacity_class": "low", "scenario_width_m": 0.4, "scenario_depth_m": 0.3, "scenario_manning_n": 0.035, "capacity_effective_slope": 0.004264, "capacity_slope_floor": 0.001, "capacity_m3s": 0.054468150703346617, "capacity_scenario": "prototype_open_channel_base", "capacity_source": "synthetic_manning_scenario", "capacity_is_observed": 0 }, "geometry": { "type": "LineString", "coordinates": [ [ 376847.790579124644864, 2045781.902720903046429 ], [ 376877.790579124644864, 2045811.902720903046429 ] ] } },
{ "type": "Feature", "properties": { "drain_id": "RN_DRAIN_00448", "source_type": "dem_inferred_surface_flow", "is_inferred": true, "acc_cells": 35, "upstream_area_m2": 31602.20738506029, "length_m": 30.0, "start_elevation_m": 553.57, "end_elevation_m": 549.015, "elevation_drop_m": 4.555, "slope_m_per_m": 0.151829, "slope_percent": 15.183, "terrain_slope_deg": 10.561, "strahler_order": 1, "capacity_class": "low", "scenario_width_m": 0.4, "scenario_depth_m": 0.3, "scenario_manning_n": 0.035, "capacity_effective_slope": 0.151829, "capacity_slope_floor": 0.001, "capacity_m3s": 0.32502098205975821, "capacity_scenario": "prototype_open_channel_base", "capacity_source": "synthetic_manning_scenario", "capacity_is_observed": 0 }, "geometry": { "type": "LineString", "coordinates": [ [ 377027.790579124644864, 2045781.902720903046429 ], [ 377057.790579124644864, 2045781.902720903046429 ] ] } },
{ "type": "Feature", "properties": { "drain_id": "RN_DRAIN_00449", "source_type": "dem_inferred_surface_flow", "is_inferred": true, "acc_cells": 4293, "upstream_area_m2": 3864064.3655126966, "length_m": 30.0, "start_elevation_m": 549.015, "end_elevation_m": 545.28, "elevation_drop_m": 3.735, "slope_m_per_m": 0.124495, "slope_percent": 12.45, "terrain_slope_deg": 8.931, "strahler_order": 3, "capacity_class": "high", "scenario_width_m": 1.0, "scenario_depth_m": 0.6, "scenario_manning_n": 0.035, "capacity_effective_slope": 0.124495, "capacity_slope_floor": 0.001, "capacity_m3s": 2.5437721438672827, "capacity_scenario": "prototype_open_channel_base", "capacity_source": "synthetic_manning_scenario", "capacity_is_observed": 0 }, "geometry": { "type": "LineString", "coordinates": [ [ 377057.790579124644864, 2045781.902720903046429 ], [ 377087.790579124644864, 2045781.902720903046429 ] ] } },
{ "type": "Feature", "properties": { "drain_id": "RN_DRAIN_00450", "source_type": "dem_inferred_surface_flow", "is_inferred": true, "acc_cells": 5960, "upstream_area_m2": 5364287.1956359195, "length_m": 42.43, "start_elevation_m": 545.28, "end_elevation_m": 545.206, "elevation_drop_m": 0.074, "slope_m_per_m": 0.001745, "slope_percent": 0.174, "terrain_slope_deg": 2.292, "strahler_order": 3, "capacity_class": "high", "scenario_width_m": 1.0, "scenario_depth_m": 0.6, "scenario_manning_n": 0.035, "capacity_effective_slope": 0.001745, "capacity_slope_floor": 0.001, "capacity_m3s": 0.30116185815577506, "capacity_scenario": "prototype_open_channel_base", "capacity_source": "synthetic_manning_scenario", "capacity_is_observed": 0 }, "geometry": { "type": "LineString", "coordinates": [ [ 377087.790579124644864, 2045781.902720903046429 ], [ 377117.790579124644864, 2045811.902720903046429 ] ] } },
{ "type": "Feature", "properties": { "drain_id": "RN_DRAIN_00451", "source_type": "dem_inferred_surface_flow", "is_inferred": true, "acc_cells": 2992, "upstream_area_m2": 2692372.215263647, "length_m": 30.0, "start_elevation_m": 545.258, "end_elevation_m": 545.206, "elevation_drop_m": 0.052, "slope_m_per_m": 0.001746, "slope_percent": 0.175, "terrain_slope_deg": 2.292, "strahler_order": 1, "capacity_class": "low", "scenario_width_m": 0.4, "scenario_depth_m": 0.3, "scenario_manning_n": 0.035, "capacity_effective_slope": 0.001746, "capacity_slope_floor": 0.001, "capacity_m3s": 0.034854282915268278, "capacity_scenario": "prototype_open_channel_base", "capacity_source": "synthetic_manning_scenario", "capacity_is_observed": 0 }, "geometry": { "type": "LineString", "coordinates": [ [ 377117.790579124644864, 2045781.902720903046429 ], [ 377117.790579124644864, 2045811.902720903046429 ] ] } },
{ "type": "Feature", "properties": { "drain_id": "RN_DRAIN_00452", "source_type": "dem_inferred_surface_flow", "is_inferred": true, "acc_cells": 239, "upstream_area_m2": 215488.70619779019, "length_m": 42.43, "start_elevation_m": 545.237, "end_elevation_m": 545.206, "elevation_drop_m": 0.031, "slope_m_per_m": 0.000724, "slope_percent": 0.072, "terrain_slope_deg": 6.358, "strahler_order": 1, "capacity_class": "low", "scenario_width_m": 0.4, "scenario_depth_m": 0.3, "scenario_manning_n": 0.035, "capacity_effective_slope": 0.001, "capacity_slope_floor": 0.001, "capacity_m3s": 0.02637752433631995, "capacity_scenario": "prototype_open_channel_base", "capacity_source": "synthetic_manning_scenario", "capacity_is_observed": 0 }, "geometry": { "type": "LineString", "coordinates": [ [ 377147.790579124644864, 2045781.902720903046429 ], [ 377117.790579124644864, 2045811.902720903046429 ] ] } },
{ "type": "Feature", "properties": { "drain_id": "RN_DRAIN_00453", "source_type": "dem_inferred_surface_flow", "is_inferred": true, "acc_cells": 54, "upstream_area_m2": 48433.237097118952, "length_m": 30.0, "start_elevation_m": 559.481, "end_elevation_m": 559.459, "elevation_drop_m": 0.022, "slope_m_per_m": 0.000724, "slope_percent": 0.072, "terrain_slope_deg": 1.834, "strahler_order": 1, "capacity_class": "low", "scenario_width_m": 0.4, "scenario_depth_m": 0.3, "scenario_manning_n": 0.035, "capacity_effective_slope": 0.001, "capacity_slope_floor": 0.001, "capacity_m3s": 0.02637752433631995, "capacity_scenario": "prototype_open_channel_base", "capacity_source": "synthetic_manning_scenario", "capacity_is_observed": 0 }, "geometry": { "type": "LineString", "coordinates": [ [ 377477.790579124644864, 2045781.902720903046429 ], [ 377477.790579124644864, 2045811.902720903046429 ] ] } },
{ "type": "Feature", "properties": { "drain_id": "RN_DRAIN_00454", "source_type": "dem_inferred_surface_flow", "is_inferred": true, "acc_cells": 288, "upstream_area_m2": 259021.97402614125, "length_m": 42.43, "start_elevation_m": 561.885, "end_elevation_m": 560.266, "elevation_drop_m": 1.619, "slope_m_per_m": 0.038155, "slope_percent": 3.815, "terrain_slope_deg": 1.707, "strahler_order": 3, "capacity_class": "high", "scenario_width_m": 1.0, "scenario_depth_m": 0.6, "scenario_manning_n": 0.035, "capacity_effective_slope": 0.038155, "capacity_slope_floor": 0.001, "capacity_m3s": 1.4082442328435159, "capacity_scenario": "prototype_open_channel_base", "capacity_source": "synthetic_manning_scenario", "capacity_is_observed": 0 }, "geometry": { "type": "LineString", "coordinates": [ [ 377567.790579124644864, 2045781.902720903046429 ], [ 377537.790579124644864, 2045811.902720903046429 ] ] } },
{ "type": "Feature", "properties": { "drain_id": "RN_DRAIN_00455", "source_type": "dem_inferred_surface_flow", "is_inferred": true, "acc_cells": 286, "upstream_area_m2": 257635.08561028005, "length_m": 30.0, "start_elevation_m": 561.952, "end_elevation_m": 561.885, "elevation_drop_m": 0.068, "slope_m_per_m": 0.002258, "slope_percent": 0.226, "terrain_slope_deg": 1.577, "strahler_order": 3, "capacity_class": "high", "scenario_width_m": 1.0, "scenario_depth_m": 0.6, "scenario_manning_n": 0.035, "capacity_effective_slope": 0.002258, "capacity_slope_floor": 0.001, "capacity_m3s": 0.3425817481644578, "capacity_scenario": "prototype_open_channel_base", "capacity_source": "synthetic_manning_scenario", "capacity_is_observed": 0 }, "geometry": { "type": "LineString", "coordinates": [ [ 377597.790579124644864, 2045781.902720903046429 ], [ 377567.790579124644864, 2045781.902720903046429 ] ] } },
{ "type": "Feature", "properties": { "drain_id": "RN_DRAIN_00456", "source_type": "dem_inferred_surface_flow", "is_inferred": true, "acc_cells": 131, "upstream_area_m2": 117751.97090754211, "length_m": 30.0, "start_elevation_m": 562.851, "end_elevation_m": 561.952, "elevation_drop_m": 0.899, "slope_m_per_m": 0.029962, "slope_percent": 2.996, "terrain_slope_deg": 3.626, "strahler_order": 1, "capacity_class": "low", "scenario_width_m": 0.4, "scenario_depth_m": 0.3, "scenario_manning_n": 0.035, "capacity_effective_slope": 0.029962, "capacity_slope_floor": 0.001, "capacity_m3s": 0.14438412066210826, "capacity_scenario": "prototype_open_channel_base", "capacity_source": "synthetic_manning_scenario", "capacity_is_observed": 0 }, "geometry": { "type": "LineString", "coordinates": [ [ 377627.790579124644864, 2045781.902720903046429 ], [ 377597.790579124644864, 2045781.902720903046429 ] ] } },
{ "type": "Feature", "properties": { "drain_id": "RN_DRAIN_00457", "source_type": "dem_inferred_surface_flow", "is_inferred": true, "acc_cells": 40, "upstream_area_m2": 35767.998209488804, "length_m": 42.43, "start_elevation_m": 567.924, "end_elevation_m": 567.85, "elevation_drop_m": 0.074, "slope_m_per_m": 0.001745, "slope_percent": 0.174, "terrain_slope_deg": 2.43, "strahler_order": 1, "capacity_class": "low", "scenario_width_m": 0.4, "scenario_depth_m": 0.3, "scenario_manning_n": 0.035, "capacity_effective_slope": 0.001745, "capacity_slope_floor": 0.001, "capacity_m3s": 0.034844300305034812, "capacity_scenario": "prototype_open_channel_base", "capacity_source": "synthetic_manning_scenario", "capacity_is_observed": 0 }, "geometry": { "type": "LineString", "coordinates": [ [ 377837.790579124644864, 2045781.902720903046429 ], [ 377807.790579124644864, 2045751.902720903046429 ] ] } },
{ "type": "Feature", "properties": { "drain_id": "RN_DRAIN_00458", "source_type": "dem_inferred_surface_flow", "is_inferred": true, "acc_cells": 30, "upstream_area_m2": 26971.054336274636, "length_m": 30.0, "start_elevation_m": 568.889, "end_elevation_m": 567.924, "elevation_drop_m": 0.965, "slope_m_per_m": 0.032161, "slope_percent": 3.216, "terrain_slope_deg": 2.872, "strahler_order": 1, "capacity_class": "low", "scenario_width_m": 0.4, "scenario_depth_m": 0.3, "scenario_manning_n": 0.035, "capacity_effective_slope": 0.032161, "capacity_slope_floor": 0.001, "capacity_m3s": 0.1495887056693421, "capacity_scenario": "prototype_open_channel_base", "capacity_source": "synthetic_manning_scenario", "capacity_is_observed": 0 }, "geometry": { "type": "LineString", "coordinates": [ [ 377867.790579124644864, 2045781.902720903046429 ], [ 377837.790579124644864, 2045781.902720903046429 ] ] } },
{ "type": "Feature", "properties": { "drain_id": "RN_DRAIN_00459", "source_type": "dem_inferred_surface_flow", "is_inferred": true, "acc_cells": 29, "upstream_area_m2": 25985.906961483448, "length_m": 42.43, "start_elevation_m": 577.067, "end_elevation_m": 574.394, "elevation_drop_m": 2.673, "slope_m_per_m": 0.063009, "slope_percent": 6.301, "terrain_slope_deg": 2.427, "strahler_order": 1, "capacity_class": "low", "scenario_width_m": 0.4, "scenario_depth_m": 0.3, "scenario_manning_n": 0.035, "capacity_effective_slope": 0.063009, "capacity_slope_floor": 0.001, "capacity_m3s": 0.20938006290294106, "capacity_scenario": "prototype_open_channel_base", "capacity_source": "synthetic_manning_scenario", "capacity_is_observed": 0 }, "geometry": { "type": "LineString", "coordinates": [ [ 377957.790579124644864, 2045781.902720903046429 ], [ 377927.790579124644864, 2045751.902720903046429 ] ] } },
{ "type": "Feature", "properties": { "drain_id": "RN_DRAIN_00460", "source_type": "dem_inferred_surface_flow", "is_inferred": true, "acc_cells": 4995, "upstream_area_m2": 4495763.3580512209, "length_m": 8.98, "start_elevation_m": 557.411, "end_elevation_m": 557.411, "elevation_drop_m": 0.0, "slope_m_per_m": 0.0, "slope_percent": 0.0, "terrain_slope_deg": 2.334, "strahler_order": 1, "capacity_class": "low", "scenario_width_m": 0.4, "scenario_depth_m": 0.3, "scenario_manning_n": 0.035, "capacity_effective_slope": 0.001, "capacity_slope_floor": 0.001, "capacity_m3s": 0.02637752433631995, "capacity_scenario": "prototype_open_channel_base", "capacity_source": "synthetic_manning_scenario", "capacity_is_observed": 0 }, "geometry": { "type": "LineString", "coordinates": [ [ 376781.440750405890867, 2045775.55289218435064 ], [ 376787.790579124644864, 2045781.902720903046429 ] ] } },
{ "type": "Feature", "properties": { "drain_id": "RN_DRAIN_00461", "source_type": "dem_inferred_surface_flow", "is_inferred": true, "acc_cells": 1165, "upstream_area_m2": 1048154.026009026, "length_m": 42.43, "start_elevation_m": 545.859, "end_elevation_m": 545.28, "elevation_drop_m": 0.579, "slope_m_per_m": 0.013644, "slope_percent": 1.364, "terrain_slope_deg": 5.088, "strahler_order": 1, "capacity_class": "low", "scenario_width_m": 0.4, "scenario_depth_m": 0.3, "scenario_manning_n": 0.035, "capacity_effective_slope": 0.013644, "capacity_slope_floor": 0.001, "capacity_m3s": 0.097432733679723049, "capacity_scenario": "prototype_open_channel_base", "capacity_source": "synthetic_manning_scenario", "capacity_is_observed": 0 }, "geometry": { "type": "LineString", "coordinates": [ [ 377057.790579124644864, 2045751.902720903046429 ], [ 377087.790579124644864, 2045781.902720903046429 ] ] } },
{ "type": "Feature", "properties": { "drain_id": "RN_DRAIN_00462", "source_type": "dem_inferred_surface_flow", "is_inferred": true, "acc_cells": 5473, "upstream_area_m2": 4926148.1357798399, "length_m": 30.0, "start_elevation_m": 545.332, "end_elevation_m": 545.28, "elevation_drop_m": 0.052, "slope_m_per_m": 0.001746, "slope_percent": 0.175, "terrain_slope_deg": 5.088, "strahler_order": 2, "capacity_class": "medium", "scenario_width_m": 0.7, "scenario_depth_m": 0.45, "scenario_manning_n": 0.035, "capacity_effective_slope": 0.001746, "capacity_slope_floor": 0.001, "capacity_m3s": 0.1272696969192279, "capacity_scenario": "prototype_open_channel_base", "capacity_source": "synthetic_manning_scenario", "capacity_is_observed": 0 }, "geometry": { "type": "LineString", "coordinates": [ [ 377087.790579124644864, 2045751.902720903046429 ], [ 377087.790579124644864, 2045781.902720903046429 ] ] } },
{ "type": "Feature", "properties": { "drain_id": "RN_DRAIN_00463", "source_type": "dem_inferred_surface_flow", "is_inferred": true, "acc_cells": 201, "upstream_area_m2": 181037.9607898473, "length_m": 42.43, "start_elevation_m": 545.311, "end_elevation_m": 545.28, "elevation_drop_m": 0.031, "slope_m_per_m": 0.000724, "slope_percent": 0.072, "terrain_slope_deg": 2.656, "strahler_order": 2, "capacity_class": "medium", "scenario_width_m": 0.7, "scenario_depth_m": 0.45, "scenario_manning_n": 0.035, "capacity_effective_slope": 0.001, "capacity_slope_floor": 0.001, "capacity_m3s": 0.096316987382127545, "capacity_scenario": "prototype_open_channel_base", "capacity_source": "synthetic_manning_scenario", "capacity_is_observed": 0 }, "geometry": { "type": "LineString", "coordinates": [ [ 377117.790579124644864, 2045751.902720903046429 ], [ 377087.790579124644864, 2045781.902720903046429 ] ] } },
{ "type": "Feature", "properties": { "drain_id": "RN_DRAIN_00464", "source_type": "dem_inferred_surface_flow", "is_inferred": true, "acc_cells": 126, "upstream_area_m2": 113707.40150847306, "length_m": 42.43, "start_elevation_m": 545.289, "end_elevation_m": 545.258, "elevation_drop_m": 0.031, "slope_m_per_m": 0.000722, "slope_percent": 0.072, "terrain_slope_deg": 9.598, "strahler_order": 1, "capacity_class": "low", "scenario_width_m": 0.4, "scenario_depth_m": 0.3, "scenario_manning_n": 0.035, "capacity_effective_slope": 0.001, "capacity_slope_floor": 0.001, "capacity_m3s": 0.02637752433631995, "capacity_scenario": "prototype_open_channel_base", "capacity_source": "synthetic_manning_scenario", "capacity_is_observed": 0 }, "geometry": { "type": "LineString", "coordinates": [ [ 377147.790579124644864, 2045751.902720903046429 ], [ 377117.790579124644864, 2045781.902720903046429 ] ] } },
{ "type": "Feature", "properties": { "drain_id": "RN_DRAIN_00465", "source_type": "dem_inferred_surface_flow", "is_inferred": true, "acc_cells": 274, "upstream_area_m2": 246205.63140808741, "length_m": 42.43, "start_elevation_m": 564.761, "end_elevation_m": 561.952, "elevation_drop_m": 2.808, "slope_m_per_m": 0.066185, "slope_percent": 6.618, "terrain_slope_deg": 3.97, "strahler_order": 3, "capacity_class": "high", "scenario_width_m": 1.0, "scenario_depth_m": 0.6, "scenario_manning_n": 0.035, "capacity_effective_slope": 0.066185, "capacity_slope_floor": 0.001, "capacity_m3s": 1.8547357326579403, "capacity_scenario": "prototype_open_channel_base", "capacity_source": "synthetic_manning_scenario", "capacity_is_observed": 0 }, "geometry": { "type": "LineString", "coordinates": [ [ 377627.790579124644864, 2045751.902720903046429 ], [ 377597.790579124644864, 2045781.902720903046429 ] ] } },
{ "type": "Feature", "properties": { "drain_id": "RN_DRAIN_00466", "source_type": "dem_inferred_surface_flow", "is_inferred": true, "acc_cells": 31, "upstream_area_m2": 27755.834399644853, "length_m": 42.43, "start_elevation_m": 567.693, "end_elevation_m": 567.619, "elevation_drop_m": 0.074, "slope_m_per_m": 0.001745, "slope_percent": 0.174, "terrain_slope_deg": 3.963, "strahler_order": 1, "capacity_class": "low", "scenario_width_m": 0.4, "scenario_depth_m": 0.3, "scenario_manning_n": 0.035, "capacity_effective_slope": 0.001745, "capacity_slope_floor": 0.001, "capacity_m3s": 0.034844300305034812, "capacity_scenario": "prototype_open_channel_base", "capacity_source": "synthetic_manning_scenario", "capacity_is_observed": 0 }, "geometry": { "type": "LineString", "coordinates": [ [ 377717.790579124644864, 2045751.902720903046429 ], [ 377687.790579124644864, 2045721.902720903046429 ] ] } },
{ "type": "Feature", "properties": { "drain_id": "RN_DRAIN_00467", "source_type": "dem_inferred_surface_flow", "is_inferred": true, "acc_cells": 35, "upstream_area_m2": 31886.205236584894, "length_m": 42.43, "start_elevation_m": 567.746, "end_elevation_m": 567.672, "elevation_drop_m": 0.074, "slope_m_per_m": 0.001745, "slope_percent": 0.174, "terrain_slope_deg": 2.773, "strahler_order": 1, "capacity_class": "low", "scenario_width_m": 0.4, "scenario_depth_m": 0.3, "scenario_manning_n": 0.035, "capacity_effective_slope": 0.001745, "capacity_slope_floor": 0.001, "capacity_m3s": 0.034844300305034812, "capacity_scenario": "prototype_open_channel_base", "capacity_source": "synthetic_manning_scenario", "capacity_is_observed": 0 }, "geometry": { "type": "LineString", "coordinates": [ [ 377747.790579124644864, 2045751.902720903046429 ], [ 377717.790579124644864, 2045721.902720903046429 ] ] } },
{ "type": "Feature", "properties": { "drain_id": "RN_DRAIN_00468", "source_type": "dem_inferred_surface_flow", "is_inferred": true, "acc_cells": 67, "upstream_area_m2": 60225.138834804304, "length_m": 42.43, "start_elevation_m": 567.798, "end_elevation_m": 567.724, "elevation_drop_m": 0.074, "slope_m_per_m": 0.001745, "slope_percent": 0.174, "terrain_slope_deg": 3.007, "strahler_order": 1, "capacity_class": "low", "scenario_width_m": 0.4, "scenario_depth_m": 0.3, "scenario_manning_n": 0.035, "capacity_effective_slope": 0.001745, "capacity_slope_floor": 0.001, "capacity_m3s": 0.034844300305034812, "capacity_scenario": "prototype_open_channel_base", "capacity_source": "synthetic_manning_scenario", "capacity_is_observed": 0 }, "geometry": { "type": "LineString", "coordinates": [ [ 377777.790579124644864, 2045751.902720903046429 ], [ 377747.790579124644864, 2045721.902720903046429 ] ] } },
{ "type": "Feature", "properties": { "drain_id": "RN_DRAIN_00469", "source_type": "dem_inferred_surface_flow", "is_inferred": true, "acc_cells": 76, "upstream_area_m2": 68442.164119710171, "length_m": 42.43, "start_elevation_m": 567.85, "end_elevation_m": 567.776, "elevation_drop_m": 0.074, "slope_m_per_m": 0.001745, "slope_percent": 0.174, "terrain_slope_deg": 2.529, "strahler_order": 2, "capacity_class": "medium", "scenario_width_m": 0.7, "scenario_depth_m": 0.45, "scenario_manning_n": 0.035, "capacity_effective_slope": 0.001745, "capacity_slope_floor": 0.001, "capacity_m3s": 0.12723324562335805, "capacity_scenario": "prototype_open_channel_base", "capacity_source": "synthetic_manning_scenario", "capacity_is_observed": 0 }, "geometry": { "type": "LineString", "coordinates": [ [ 377807.790579124644864, 2045751.902720903046429 ], [ 377777.790579124644864, 2045721.902720903046429 ] ] } },
{ "type": "Feature", "properties": { "drain_id": "RN_DRAIN_00470", "source_type": "dem_inferred_surface_flow", "is_inferred": true, "acc_cells": 4349, "upstream_area_m2": 3914002.7056012037, "length_m": 42.43, "start_elevation_m": 545.406, "end_elevation_m": 545.332, "elevation_drop_m": 0.074, "slope_m_per_m": 0.001745, "slope_percent": 0.174, "terrain_slope_deg": 1.37, "strahler_order": 2, "capacity_class": "medium", "scenario_width_m": 0.7, "scenario_depth_m": 0.45, "scenario_manning_n": 0.035, "capacity_effective_slope": 0.001745, "capacity_slope_floor": 0.001, "capacity_m3s": 0.12723324562335805, "capacity_scenario": "prototype_open_channel_base", "capacity_source": "synthetic_manning_scenario", "capacity_is_observed": 0 }, "geometry": { "type": "LineString", "coordinates": [ [ 377057.790579124644864, 2045721.902720903046429 ], [ 377087.790579124644864, 2045751.902720903046429 ] ] } },
{ "type": "Feature", "properties": { "drain_id": "RN_DRAIN_00471", "source_type": "dem_inferred_surface_flow", "is_inferred": true, "acc_cells": 206, "upstream_area_m2": 185200.61011850188, "length_m": 30.0, "start_elevation_m": 545.385, "end_elevation_m": 545.332, "elevation_drop_m": 0.052, "slope_m_per_m": 0.001746, "slope_percent": 0.175, "terrain_slope_deg": 1.37, "strahler_order": 1, "capacity_class": "low", "scenario_width_m": 0.4, "scenario_depth_m": 0.3, "scenario_manning_n": 0.035, "capacity_effective_slope": 0.001746, "capacity_slope_floor": 0.001, "capacity_m3s": 0.034854282915268278, "capacity_scenario": "prototype_open_channel_base", "capacity_source": "synthetic_manning_scenario", "capacity_is_observed": 0 }, "geometry": { "type": "LineString", "coordinates": [ [ 377087.790579124644864, 2045721.902720903046429 ], [ 377087.790579124644864, 2045751.902720903046429 ] ] } },
{ "type": "Feature", "properties": { "drain_id": "RN_DRAIN_00472", "source_type": "dem_inferred_surface_flow", "is_inferred": true, "acc_cells": 135, "upstream_area_m2": 121839.92956113782, "length_m": 42.43, "start_elevation_m": 545.363, "end_elevation_m": 545.332, "elevation_drop_m": 0.031, "slope_m_per_m": 0.000724, "slope_percent": 0.072, "terrain_slope_deg": 5.729, "strahler_order": 1, "capacity_class": "low", "scenario_width_m": 0.4, "scenario_depth_m": 0.3, "scenario_manning_n": 0.035, "capacity_effective_slope": 0.001, "capacity_slope_floor": 0.001, "capacity_m3s": 0.02637752433631995, "capacity_scenario": "prototype_open_channel_base", "capacity_source": "synthetic_manning_scenario", "capacity_is_observed": 0 }, "geometry": { "type": "LineString", "coordinates": [ [ 377117.790579124644864, 2045721.902720903046429 ], [ 377087.790579124644864, 2045751.902720903046429 ] ] } },
{ "type": "Feature", "properties": { "drain_id": "RN_DRAIN_00473", "source_type": "dem_inferred_surface_flow", "is_inferred": true, "acc_cells": 77, "upstream_area_m2": 69383.929943561583, "length_m": 42.43, "start_elevation_m": 546.629, "end_elevation_m": 545.311, "elevation_drop_m": 1.318, "slope_m_per_m": 0.031067, "slope_percent": 3.107, "terrain_slope_deg": 9.9, "strahler_order": 2, "capacity_class": "medium", "scenario_width_m": 0.7, "scenario_depth_m": 0.45, "scenario_manning_n": 0.035, "capacity_effective_slope": 0.031067, "capacity_slope_floor": 0.001, "capacity_m3s": 0.53684949498658108, "capacity_scenario": "prototype_open_channel_base", "capacity_source": "synthetic_manning_scenario", "capacity_is_observed": 0 }, "geometry": { "type": "LineString", "coordinates": [ [ 377147.790579124644864, 2045721.902720903046429 ], [ 377117.790579124644864, 2045751.902720903046429 ] ] } },
{ "type": "Feature", "properties": { "drain_id": "RN_DRAIN_00474", "source_type": "dem_inferred_surface_flow", "is_inferred": true, "acc_cells": 48, "upstream_area_m2": 43568.039945964447, "length_m": 42.43, "start_elevation_m": 552.593, "end_elevation_m": 545.289, "elevation_drop_m": 7.304, "slope_m_per_m": 0.172137, "slope_percent": 17.214, "terrain_slope_deg": 10.639, "strahler_order": 1, "capacity_class": "low", "scenario_width_m": 0.4, "scenario_depth_m": 0.3, "scenario_manning_n": 0.035, "capacity_effective_slope": 0.172137, "capacity_slope_floor": 0.001, "capacity_m3s": 0.34607573290929772, "capacity_scenario": "prototype_open_channel_base", "capacity_source": "synthetic_manning_scenario", "capacity_is_observed": 0 }, "geometry": { "type": "LineString", "coordinates": [ [ 377177.790579124644864, 2045721.902720903046429 ], [ 377147.790579124644864, 2045751.902720903046429 ] ] } },
{ "type": "Feature", "properties": { "drain_id": "RN_DRAIN_00475", "source_type": "dem_inferred_surface_flow", "is_inferred": true, "acc_cells": 272, "upstream_area_m2": 244559.87432144812, "length_m": 42.43, "start_elevation_m": 566.164, "end_elevation_m": 564.761, "elevation_drop_m": 1.403, "slope_m_per_m": 0.033072, "slope_percent": 3.307, "terrain_slope_deg": 3.378, "strahler_order": 3, "capacity_class": "high", "scenario_width_m": 1.0, "scenario_depth_m": 0.6, "scenario_manning_n": 0.035, "capacity_effective_slope": 0.033072, "capacity_slope_floor": 0.001, "capacity_m3s": 1.3110899309156265, "capacity_scenario": "prototype_open_channel_base", "capacity_source": "synthetic_manning_scenario", "capacity_is_observed": 0 }, "geometry": { "type": "LineString", "coordinates": [ [ 377657.790579124644864, 2045721.902720903046429 ], [ 377627.790579124644864, 2045751.902720903046429 ] ] } },
{ "type": "Feature", "properties": { "drain_id": "RN_DRAIN_00476", "source_type": "dem_inferred_surface_flow", "is_inferred": true, "acc_cells": 269, "upstream_area_m2": 242093.74272784407, "length_m": 30.0, "start_elevation_m": 567.619, "end_elevation_m": 566.164, "elevation_drop_m": 1.455, "slope_m_per_m": 0.048515, "slope_percent": 4.851, "terrain_slope_deg": 2.558, "strahler_order": 3, "capacity_class": "high", "scenario_width_m": 1.0, "scenario_depth_m": 0.6, "scenario_manning_n": 0.035, "capacity_effective_slope": 0.048515, "capacity_slope_floor": 0.001, "capacity_m3s": 1.5879626023456346, "capacity_scenario": "prototype_open_channel_base", "capacity_source": "synthetic_manning_scenario", "capacity_is_observed": 0 }, "geometry": { "type": "LineString", "coordinates": [ [ 377687.790579124644864, 2045721.902720903046429 ], [ 377657.790579124644864, 2045721.902720903046429 ] ] } },
{ "type": "Feature", "properties": { "drain_id": "RN_DRAIN_00477", "source_type": "dem_inferred_surface_flow", "is_inferred": true, "acc_cells": 237, "upstream_area_m2": 213095.86908243518, "length_m": 30.0, "start_elevation_m": 567.672, "end_elevation_m": 567.619, "elevation_drop_m": 0.052, "slope_m_per_m": 0.001746, "slope_percent": 0.175, "terrain_slope_deg": 3.963, "strahler_order": 3, "capacity_class": "high", "scenario_width_m": 1.0, "scenario_depth_m": 0.6, "scenario_manning_n": 0.035, "capacity_effective_slope": 0.001746, "capacity_slope_floor": 0.001, "capacity_m3s": 0.30124813859248456, "capacity_scenario": "prototype_open_channel_base", "capacity_source": "synthetic_manning_scenario", "capacity_is_observed": 0 }, "geometry": { "type": "LineString", "coordinates": [ [ 377717.790579124644864, 2045721.902720903046429 ], [ 377687.790579124644864, 2045721.902720903046429 ] ] } },
{ "type": "Feature", "properties": { "drain_id": "RN_DRAIN_00478", "source_type": "dem_inferred_surface_flow", "is_inferred": true, "acc_cells": 204, "upstream_area_m2": 183808.54622807764, "length_m": 30.0, "start_elevation_m": 567.724, "end_elevation_m": 567.672, "elevation_drop_m": 0.052, "slope_m_per_m": 0.001746, "slope_percent": 0.175, "terrain_slope_deg": 2.773, "strahler_order": 3, "capacity_class": "high", "scenario_width_m": 1.0, "scenario_depth_m": 0.6, "scenario_manning_n": 0.035, "capacity_effective_slope": 0.001746, "capacity_slope_floor": 0.001, "capacity_m3s": 0.30124813859248456, "capacity_scenario": "prototype_open_channel_base", "capacity_source": "synthetic_manning_scenario", "capacity_is_observed": 0 }, "geometry": { "type": "LineString", "coordinates": [ [ 377747.790579124644864, 2045721.902720903046429 ], [ 377717.790579124644864, 2045721.902720903046429 ] ] } },
{ "type": "Feature", "properties": { "drain_id": "RN_DRAIN_00479", "source_type": "dem_inferred_surface_flow", "is_inferred": true, "acc_cells": 96, "upstream_area_m2": 86615.407047761153, "length_m": 30.0, "start_elevation_m": 567.776, "end_elevation_m": 567.724, "elevation_drop_m": 0.052, "slope_m_per_m": 0.001746, "slope_percent": 0.175, "terrain_slope_deg": 3.007, "strahler_order": 3, "capacity_class": "high", "scenario_width_m": 1.0, "scenario_depth_m": 0.6, "scenario_manning_n": 0.035, "capacity_effective_slope": 0.001746, "capacity_slope_floor": 0.001, "capacity_m3s": 0.30124813859248456, "capacity_scenario": "prototype_open_channel_base", "capacity_source": "synthetic_manning_scenario", "capacity_is_observed": 0 }, "geometry": { "type": "LineString", "coordinates": [ [ 377777.790579124644864, 2045721.902720903046429 ], [ 377747.790579124644864, 2045721.902720903046429 ] ] } },
{ "type": "Feature", "properties": { "drain_id": "RN_DRAIN_00480", "source_type": "dem_inferred_surface_flow", "is_inferred": true, "acc_cells": 55, "upstream_area_m2": 49813.13207283325, "length_m": 30.0, "start_elevation_m": 568.418, "end_elevation_m": 567.776, "elevation_drop_m": 0.642, "slope_m_per_m": 0.021399, "slope_percent": 2.14, "terrain_slope_deg": 2.529, "strahler_order": 2, "capacity_class": "medium", "scenario_width_m": 0.7, "scenario_depth_m": 0.45, "scenario_manning_n": 0.035, "capacity_effective_slope": 0.021399, "capacity_slope_floor": 0.001, "capacity_m3s": 0.4455532640291579, "capacity_scenario": "prototype_open_channel_base", "capacity_source": "synthetic_manning_scenario", "capacity_is_observed": 0 }, "geometry": { "type": "LineString", "coordinates": [ [ 377807.790579124644864, 2045721.902720903046429 ], [ 377777.790579124644864, 2045721.902720903046429 ] ] } },
{ "type": "Feature", "properties": { "drain_id": "RN_DRAIN_00481", "source_type": "dem_inferred_surface_flow", "is_inferred": true, "acc_cells": 36, "upstream_area_m2": 32685.355337797941, "length_m": 42.43, "start_elevation_m": 568.722, "end_elevation_m": 567.85, "elevation_drop_m": 0.871, "slope_m_per_m": 0.020539, "slope_percent": 2.054, "terrain_slope_deg": 1.404, "strahler_order": 1, "capacity_class": "low", "scenario_width_m": 0.4, "scenario_depth_m": 0.3, "scenario_manning_n": 0.035, "capacity_effective_slope": 0.020539, "capacity_slope_floor": 0.001, "capacity_m3s": 0.11954287044878092, "capacity_scenario": "prototype_open_channel_base", "capacity_source": "synthetic_manning_scenario", "capacity_is_observed": 0 }, "geometry": { "type": "LineString", "coordinates": [ [ 377837.790579124644864, 2045721.902720903046429 ], [ 377807.790579124644864, 2045751.902720903046429 ] ] } },
{ "type": "Feature", "properties": { "drain_id": "RN_DRAIN_00482", "source_type": "dem_inferred_surface_flow", "is_inferred": true, "acc_cells": 4015, "upstream_area_m2": 3613246.3242182061, "length_m": 42.43, "start_elevation_m": 545.48, "end_elevation_m": 545.406, "elevation_drop_m": 0.074, "slope_m_per_m": 0.001746, "slope_percent": 0.175, "terrain_slope_deg": 1.498, "strahler_order": 2, "capacity_class": "medium", "scenario_width_m": 0.7, "scenario_depth_m": 0.45, "scenario_manning_n": 0.035, "capacity_effective_slope": 0.001746, "capacity_slope_floor": 0.001, "capacity_m3s": 0.1272696969192279, "capacity_scenario": "prototype_open_channel_base", "capacity_source": "synthetic_manning_scenario", "capacity_is_observed": 0 }, "geometry": { "type": "LineString", "coordinates": [ [ 377027.790579124644864, 2045691.902720903046429 ], [ 377057.790579124644864, 2045721.902720903046429 ] ] } },
{ "type": "Feature", "properties": { "drain_id": "RN_DRAIN_00483", "source_type": "dem_inferred_surface_flow", "is_inferred": true, "acc_cells": 152, "upstream_area_m2": 136355.05441861777, "length_m": 30.0, "start_elevation_m": 545.459, "end_elevation_m": 545.406, "elevation_drop_m": 0.052, "slope_m_per_m": 0.001746, "slope_percent": 0.175, "terrain_slope_deg": 1.498, "strahler_order": 1, "capacity_class": "low", "scenario_width_m": 0.4, "scenario_depth_m": 0.3, "scenario_manning_n": 0.035, "capacity_effective_slope": 0.001746, "capacity_slope_floor": 0.001, "capacity_m3s": 0.034854282915268278, "capacity_scenario": "prototype_open_channel_base", "capacity_source": "synthetic_manning_scenario", "capacity_is_observed": 0 }, "geometry": { "type": "LineString", "coordinates": [ [ 377057.790579124644864, 2045691.902720903046429 ], [ 377057.790579124644864, 2045721.902720903046429 ] ] } },
{ "type": "Feature", "properties": { "drain_id": "RN_DRAIN_00484", "source_type": "dem_inferred_surface_flow", "is_inferred": true, "acc_cells": 43, "upstream_area_m2": 38850.287210425158, "length_m": 42.43, "start_elevation_m": 545.437, "end_elevation_m": 545.406, "elevation_drop_m": 0.031, "slope_m_per_m": 0.000724, "slope_percent": 0.072, "terrain_slope_deg": 4.732, "strahler_order": 1, "capacity_class": "low", "scenario_width_m": 0.4, "scenario_depth_m": 0.3, "scenario_manning_n": 0.035, "capacity_effective_slope": 0.001, "capacity_slope_floor": 0.001, "capacity_m3s": 0.02637752433631995, "capacity_scenario": "prototype_open_channel_base", "capacity_source": "synthetic_manning_scenario", "capacity_is_observed": 0 }, "geometry": { "type": "LineString", "coordinates": [ [ 377087.790579124644864, 2045691.902720903046429 ], [ 377057.790579124644864, 2045721.902720903046429 ] ] } },
{ "type": "Feature", "properties": { "drain_id": "RN_DRAIN_00485", "source_type": "dem_inferred_surface_flow", "is_inferred": true, "acc_cells": 76, "upstream_area_m2": 68441.908445256777, "length_m": 42.43, "start_elevation_m": 545.415, "end_elevation_m": 545.385, "elevation_drop_m": 0.031, "slope_m_per_m": 0.000722, "slope_percent": 0.072, "terrain_slope_deg": 8.337, "strahler_order": 1, "capacity_class": "low", "scenario_width_m": 0.4, "scenario_depth_m": 0.3, "scenario_manning_n": 0.035, "capacity_effective_slope": 0.001, "capacity_slope_floor": 0.001, "capacity_m3s": 0.02637752433631995, "capacity_scenario": "prototype_open_channel_base", "capacity_source": "synthetic_manning_scenario", "capacity_is_observed": 0 }, "geometry": { "type": "LineString", "coordinates": [ [ 377117.790579124644864, 2045691.902720903046429 ], [ 377087.790579124644864, 2045721.902720903046429 ] ] } },
{ "type": "Feature", "properties": { "drain_id": "RN_DRAIN_00486", "source_type": "dem_inferred_surface_flow", "is_inferred": true, "acc_cells": 50, "upstream_area_m2": 45173.554785691296, "length_m": 42.43, "start_elevation_m": 548.507, "end_elevation_m": 545.363, "elevation_drop_m": 3.144, "slope_m_per_m": 0.074107, "slope_percent": 7.411, "terrain_slope_deg": 10.302, "strahler_order": 1, "capacity_class": "low", "scenario_width_m": 0.4, "scenario_depth_m": 0.3, "scenario_manning_n": 0.035, "capacity_effective_slope": 0.074107, "capacity_slope_floor": 0.001, "capacity_m3s": 0.22707203320513805, "capacity_scenario": "prototype_open_channel_base", "capacity_source": "synthetic_manning_scenario", "capacity_is_observed": 0 }, "geometry": { "type": "LineString", "coordinates": [ [ 377147.790579124644864, 2045691.902720903046429 ], [ 377117.790579124644864, 2045721.902720903046429 ] ] } },
{ "type": "Feature", "properties": { "drain_id": "RN_DRAIN_00487", "source_type": "dem_inferred_surface_flow", "is_inferred": true, "acc_cells": 87, "upstream_area_m2": 78196.542325108312, "length_m": 42.43, "start_elevation_m": 553.4, "end_elevation_m": 546.629, "elevation_drop_m": 6.771, "slope_m_per_m": 0.159582, "slope_percent": 15.958, "terrain_slope_deg": 8.742, "strahler_order": 2, "capacity_class": "medium", "scenario_width_m": 0.7, "scenario_depth_m": 0.45, "scenario_manning_n": 0.035, "capacity_effective_slope": 0.159582, "capacity_slope_floor": 0.001, "capacity_m3s": 1.2167317531808846, "capacity_scenario": "prototype_open_channel_base", "capacity_source": "synthetic_manning_scenario", "capacity_is_observed": 0 }, "geometry": { "type": "LineString", "coordinates": [ [ 377177.790579124644864, 2045691.902720903046429 ], [ 377147.790579124644864, 2045721.902720903046429 ] ] } },
{ "type": "Feature", "properties": { "drain_id": "RN_DRAIN_00488", "source_type": "dem_inferred_surface_flow", "is_inferred": true, "acc_cells": 132, "upstream_area_m2": 118578.76501064238, "length_m": 30.0, "start_elevation_m": 556.549, "end_elevation_m": 553.4, "elevation_drop_m": 3.15, "slope_m_per_m": 0.104987, "slope_percent": 10.499, "terrain_slope_deg": 4.298, "strahler_order": 2, "capacity_class": "medium", "scenario_width_m": 0.7, "scenario_depth_m": 0.45, "scenario_manning_n": 0.035, "capacity_effective_slope": 0.104987, "capacity_slope_floor": 0.001, "capacity_m3s": 0.98689432849823266, "capacity_scenario": "prototype_open_channel_base", "capacity_source": "synthetic_manning_scenario", "capacity_is_observed": 0 }, "geometry": { "type": "LineString", "coordinates": [ [ 377207.790579124644864, 2045691.902720903046429 ], [ 377177.790579124644864, 2045691.902720903046429 ] ] } },
{ "type": "Feature", "properties": { "drain_id": "RN_DRAIN_00489", "source_type": "dem_inferred_surface_flow", "is_inferred": true, "acc_cells": 130, "upstream_area_m2": 116561.5871496984, "length_m": 30.0, "start_elevation_m": 557.462, "end_elevation_m": 556.549, "elevation_drop_m": 0.913, "slope_m_per_m": 0.030432, "slope_percent": 3.043, "terrain_slope_deg": 0.86, "strahler_order": 2, "capacity_class": "medium", "scenario_width_m": 0.7, "scenario_depth_m": 0.45, "scenario_manning_n": 0.035, "capacity_effective_slope": 0.030432, "capacity_slope_floor": 0.001, "capacity_m3s": 0.53133464912452577, "capacity_scenario": "prototype_open_channel_base", "capacity_source": "synthetic_manning_scenario", "capacity_is_observed": 0 }, "geometry": { "type": "LineString", "coordinates": [ [ 377237.790579124644864, 2045691.902720903046429 ], [ 377207.790579124644864, 2045691.902720903046429 ] ] } },
{ "type": "Feature", "properties": { "drain_id": "RN_DRAIN_00490", "source_type": "dem_inferred_surface_flow", "is_inferred": true, "acc_cells": 124, "upstream_area_m2": 111679.96233274964, "length_m": 30.0, "start_elevation_m": 557.551, "end_elevation_m": 557.462, "elevation_drop_m": 0.089, "slope_m_per_m": 0.002954, "slope_percent": 0.295, "terrain_slope_deg": 1.098, "strahler_order": 2, "capacity_class": "medium", "scenario_width_m": 0.7, "scenario_depth_m": 0.45, "scenario_manning_n": 0.035, "capacity_effective_slope": 0.002954, "capacity_slope_floor": 0.001, "capacity_m3s": 0.16554197630939951, "capacity_scenario": "prototype_open_channel_base", "capacity_source": "synthetic_manning_scenario", "capacity_is_observed": 0 }, "geometry": { "type": "LineString", "coordinates": [ [ 377267.790579124644864, 2045691.902720903046429 ], [ 377237.790579124644864, 2045691.902720903046429 ] ] } },
{ "type": "Feature", "properties": { "drain_id": "RN_DRAIN_00491", "source_type": "dem_inferred_surface_flow", "is_inferred": true, "acc_cells": 80, "upstream_area_m2": 72043.299321851693, "length_m": 30.0, "start_elevation_m": 559.096, "end_elevation_m": 557.551, "elevation_drop_m": 1.545, "slope_m_per_m": 0.051516, "slope_percent": 5.152, "terrain_slope_deg": 1.878, "strahler_order": 2, "capacity_class": "medium", "scenario_width_m": 0.7, "scenario_depth_m": 0.45, "scenario_manning_n": 0.035, "capacity_effective_slope": 0.051516, "capacity_slope_floor": 0.001, "capacity_m3s": 0.69131178016791617, "capacity_scenario": "prototype_open_channel_base", "capacity_source": "synthetic_manning_scenario", "capacity_is_observed": 0 }, "geometry": { "type": "LineString", "coordinates": [ [ 377297.790579124644864, 2045691.902720903046429 ], [ 377267.790579124644864, 2045691.902720903046429 ] ] } },
{ "type": "Feature", "properties": { "drain_id": "RN_DRAIN_00492", "source_type": "dem_inferred_surface_flow", "is_inferred": true, "acc_cells": 97, "upstream_area_m2": 87148.54483276853, "length_m": 42.43, "start_elevation_m": 568.736, "end_elevation_m": 567.672, "elevation_drop_m": 1.065, "slope_m_per_m": 0.025096, "slope_percent": 2.51, "terrain_slope_deg": 3.779, "strahler_order": 2, "capacity_class": "medium", "scenario_width_m": 0.7, "scenario_depth_m": 0.45, "scenario_manning_n": 0.035, "capacity_effective_slope": 0.025096, "capacity_slope_floor": 0.001, "capacity_m3s": 0.48250869403237323, "capacity_scenario": "prototype_open_channel_base", "capacity_source": "synthetic_manning_scenario", "capacity_is_observed": 0 }, "geometry": { "type": "LineString", "coordinates": [ [ 377747.790579124644864, 2045691.902720903046429 ], [ 377717.790579124644864, 2045721.902720903046429 ] ] } },
{ "type": "Feature", "properties": { "drain_id": "RN_DRAIN_00493", "source_type": "dem_inferred_surface_flow", "is_inferred": true, "acc_cells": 63, "upstream_area_m2": 56469.368110915333, "length_m": 42.43, "start_elevation_m": 569.034, "end_elevation_m": 568.418, "elevation_drop_m": 0.616, "slope_m_per_m": 0.01452, "slope_percent": 1.452, "terrain_slope_deg": 0.959, "strahler_order": 2, "capacity_class": "medium", "scenario_width_m": 0.7, "scenario_depth_m": 0.45, "scenario_manning_n": 0.035, "capacity_effective_slope": 0.01452, "capacity_slope_floor": 0.001, "capacity_m3s": 0.36701701471119386, "capacity_scenario": "prototype_open_channel_base", "capacity_source": "synthetic_manning_scenario", "capacity_is_observed": 0 }, "geometry": { "type": "LineString", "coordinates": [ [ 377837.790579124644864, 2045691.902720903046429 ], [ 377807.790579124644864, 2045721.902720903046429 ] ] } },
{ "type": "Feature", "properties": { "drain_id": "RN_DRAIN_00494", "source_type": "dem_inferred_surface_flow", "is_inferred": true, "acc_cells": 32, "upstream_area_m2": 28589.676483955871, "length_m": 30.0, "start_elevation_m": 569.449, "end_elevation_m": 569.034, "elevation_drop_m": 0.414, "slope_m_per_m": 0.013804, "slope_percent": 1.38, "terrain_slope_deg": 2.039, "strahler_order": 1, "capacity_class": "low", "scenario_width_m": 0.4, "scenario_depth_m": 0.3, "scenario_manning_n": 0.035, "capacity_effective_slope": 0.013804, "capacity_slope_floor": 0.001, "capacity_m3s": 0.098002354046838797, "capacity_scenario": "prototype_open_channel_base", "capacity_source": "synthetic_manning_scenario", "capacity_is_observed": 0 }, "geometry": { "type": "LineString", "coordinates": [ [ 377867.790579124644864, 2045691.902720903046429 ], [ 377837.790579124644864, 2045691.902720903046429 ] ] } },
{ "type": "Feature", "properties": { "drain_id": "RN_DRAIN_00495", "source_type": "dem_inferred_surface_flow", "is_inferred": true, "acc_cells": 3953, "upstream_area_m2": 3557392.5772716366, "length_m": 42.43, "start_elevation_m": 545.554, "end_elevation_m": 545.48, "elevation_drop_m": 0.074, "slope_m_per_m": 0.001745, "slope_percent": 0.174, "terrain_slope_deg": 2.095, "strahler_order": 2, "capacity_class": "medium", "scenario_width_m": 0.7, "scenario_depth_m": 0.45, "scenario_manning_n": 0.035, "capacity_effective_slope": 0.001745, "capacity_slope_floor": 0.001, "capacity_m3s": 0.12723324562335805, "capacity_scenario": "prototype_open_channel_base", "capacity_source": "synthetic_manning_scenario", "capacity_is_observed": 0 }, "geometry": { "type": "LineString", "coordinates": [ [ 376997.790579124644864, 2045661.902720903046429 ], [ 377027.790579124644864, 2045691.902720903046429 ] ] } },
{ "type": "Feature", "properties": { "drain_id": "RN_DRAIN_00496", "source_type": "dem_inferred_surface_flow", "is_inferred": true, "acc_cells": 180, "upstream_area_m2": 162267.13154280075, "length_m": 30.0, "start_elevation_m": 545.533, "end_elevation_m": 545.48, "elevation_drop_m": 0.052, "slope_m_per_m": 0.001744, "slope_percent": 0.174, "terrain_slope_deg": 2.095, "strahler_order": 1, "capacity_class": "low", "scenario_width_m": 0.4, "scenario_depth_m": 0.3, "scenario_manning_n": 0.035, "capacity_effective_slope": 0.001744, "capacity_slope_floor": 0.001, "capacity_m3s": 0.034834314834044547, "capacity_scenario": "prototype_open_channel_base", "capacity_source": "synthetic_manning_scenario", "capacity_is_observed": 0 }, "geometry": { "type": "LineString", "coordinates": [ [ 377027.790579124644864, 2045661.902720903046429 ], [ 377027.790579124644864, 2045691.902720903046429 ] ] } },
{ "type": "Feature", "properties": { "drain_id": "RN_DRAIN_00497", "source_type": "dem_inferred_surface_flow", "is_inferred": true, "acc_cells": 42, "upstream_area_m2": 37858.307612155761, "length_m": 42.43, "start_elevation_m": 545.511, "end_elevation_m": 545.48, "elevation_drop_m": 0.031, "slope_m_per_m": 0.000722, "slope_percent": 0.072, "terrain_slope_deg": 4.892, "strahler_order": 1, "capacity_class": "low", "scenario_width_m": 0.4, "scenario_depth_m": 0.3, "scenario_manning_n": 0.035, "capacity_effective_slope": 0.001, "capacity_slope_floor": 0.001, "capacity_m3s": 0.02637752433631995, "capacity_scenario": "prototype_open_channel_base", "capacity_source": "synthetic_manning_scenario", "capacity_is_observed": 0 }, "geometry": { "type": "LineString", "coordinates": [ [ 377057.790579124644864, 2045661.902720903046429 ], [ 377027.790579124644864, 2045691.902720903046429 ] ] } },
{ "type": "Feature", "properties": { "drain_id": "RN_DRAIN_00498", "source_type": "dem_inferred_surface_flow", "is_inferred": true, "acc_cells": 48, "upstream_area_m2": 42949.980086257179, "length_m": 30.0, "start_elevation_m": 549.657, "end_elevation_m": 545.415, "elevation_drop_m": 4.242, "slope_m_per_m": 0.141386, "slope_percent": 14.139, "terrain_slope_deg": 11.135, "strahler_order": 1, "capacity_class": "low", "scenario_width_m": 0.4, "scenario_depth_m": 0.3, "scenario_manning_n": 0.035, "capacity_effective_slope": 0.141386, "capacity_slope_floor": 0.001, "capacity_m3s": 0.31364418229729374, "capacity_scenario": "prototype_open_channel_base", "capacity_source": "synthetic_manning_scenario", "capacity_is_observed": 0 }, "geometry": { "type": "LineString", "coordinates": [ [ 377117.790579124644864, 2045661.902720903046429 ], [ 377117.790579124644864, 2045691.902720903046429 ] ] } },
{ "type": "Feature", "properties": { "drain_id": "RN_DRAIN_00499", "source_type": "dem_inferred_surface_flow", "is_inferred": true, "acc_cells": 26, "upstream_area_m2": 23368.866952527223, "length_m": 42.43, "start_elevation_m": 559.617, "end_elevation_m": 557.551, "elevation_drop_m": 2.066, "slope_m_per_m": 0.048687, "slope_percent": 4.869, "terrain_slope_deg": 2.415, "strahler_order": 1, "capacity_class": "low", "scenario_width_m": 0.4, "scenario_depth_m": 0.3, "scenario_manning_n": 0.035, "capacity_effective_slope": 0.048687, "capacity_slope_floor": 0.001, "capacity_m3s": 0.18405199949807394, "capacity_scenario": "prototype_open_channel_base", "capacity_source": "synthetic_manning_scenario", "capacity_is_observed": 0 }, "geometry": { "type": "LineString", "coordinates": [ [ 377297.790579124644864, 2045661.902720903046429 ], [ 377267.790579124644864, 2045691.902720903046429 ] ] } },
{ "type": "Feature", "properties": { "drain_id": "RN_DRAIN_00500", "source_type": "dem_inferred_surface_flow", "is_inferred": true, "acc_cells": 76, "upstream_area_m2": 68295.545877475481, "length_m": 42.43, "start_elevation_m": 559.786, "end_elevation_m": 559.096, "elevation_drop_m": 0.689, "slope_m_per_m": 0.016249, "slope_percent": 1.625, "terrain_slope_deg": 2.91, "strahler_order": 2, "capacity_class": "medium", "scenario_width_m": 0.7, "scenario_depth_m": 0.45, "scenario_manning_n": 0.035, "capacity_effective_slope": 0.016249, "capacity_slope_floor": 0.001, "capacity_m3s": 0.38825424207139908, "capacity_scenario": "prototype_open_channel_base", "capacity_source": "synthetic_manning_scenario", "capacity_is_observed": 0 }, "geometry": { "type": "LineString", "coordinates": [ [ 377327.790579124644864, 2045661.902720903046429 ], [ 377297.790579124644864, 2045691.902720903046429 ] ] } },
{ "type": "Feature", "properties": { "drain_id": "RN_DRAIN_00501", "source_type": "dem_inferred_surface_flow", "is_inferred": true, "acc_cells": 61, "upstream_area_m2": 54625.026150804093, "length_m": 30.0, "start_elevation_m": 569.65, "end_elevation_m": 568.736, "elevation_drop_m": 0.914, "slope_m_per_m": 0.030459, "slope_percent": 3.046, "terrain_slope_deg": 2.045, "strahler_order": 2, "capacity_class": "medium", "scenario_width_m": 0.7, "scenario_depth_m": 0.45, "scenario_manning_n": 0.035, "capacity_effective_slope": 0.030459, "capacity_slope_floor": 0.001, "capacity_m3s": 0.53157030328627175, "capacity_scenario": "prototype_open_channel_base", "capacity_source": "synthetic_manning_scenario", "capacity_is_observed": 0 }, "geometry": { "type": "LineString", "coordinates": [ [ 377747.790579124644864, 2045661.902720903046429 ], [ 377747.790579124644864, 2045691.902720903046429 ] ] } },
{ "type": "Feature", "properties": { "drain_id": "RN_DRAIN_00502", "source_type": "dem_inferred_surface_flow", "is_inferred": true, "acc_cells": 50, "upstream_area_m2": 44584.313019874673, "length_m": 42.43, "start_elevation_m": 569.385, "end_elevation_m": 568.736, "elevation_drop_m": 0.648, "slope_m_per_m": 0.015283, "slope_percent": 1.528, "terrain_slope_deg": 1.065, "strahler_order": 1, "capacity_class": "low", "scenario_width_m": 0.4, "scenario_depth_m": 0.3, "scenario_manning_n": 0.035, "capacity_effective_slope": 0.015283, "capacity_slope_floor": 0.001, "capacity_m3s": 0.10311891598683189, "capacity_scenario": "prototype_open_channel_base", "capacity_source": "synthetic_manning_scenario", "capacity_is_observed": 0 }, "geometry": { "type": "LineString", "coordinates": [ [ 377777.790579124644864, 2045661.902720903046429 ], [ 377747.790579124644864, 2045691.902720903046429 ] ] } },
{ "type": "Feature", "properties": { "drain_id": "RN_DRAIN_00503", "source_type": "dem_inferred_surface_flow", "is_inferred": true, "acc_cells": 52, "upstream_area_m2": 46388.997711047145, "length_m": 42.43, "start_elevation_m": 569.791, "end_elevation_m": 569.034, "elevation_drop_m": 0.757, "slope_m_per_m": 0.017839, "slope_percent": 1.784, "terrain_slope_deg": 2.793, "strahler_order": 1, "capacity_class": "low", "scenario_width_m": 0.4, "scenario_depth_m": 0.3, "scenario_manning_n": 0.035, "capacity_effective_slope": 0.017839, "capacity_slope_floor": 0.001, "capacity_m3s": 0.11140874580493448, "capacity_scenario": "prototype_open_channel_base", "capacity_source": "synthetic_manning_scenario", "capacity_is_observed": 0 }, "geometry": { "type": "LineString", "coordinates": [ [ 377867.790579124644864, 2045661.902720903046429 ], [ 377837.790579124644864, 2045691.902720903046429 ] ] } },
{ "type": "Feature", "properties": { "drain_id": "RN_DRAIN_00504", "source_type": "dem_inferred_surface_flow", "is_inferred": true, "acc_cells": 3875, "upstream_area_m2": 3487662.5426510111, "length_m": 42.43, "start_elevation_m": 545.628, "end_elevation_m": 545.554, "elevation_drop_m": 0.074, "slope_m_per_m": 0.001745, "slope_percent": 0.174, "terrain_slope_deg": 2.443, "strahler_order": 2, "capacity_class": "medium", "scenario_width_m": 0.7, "scenario_depth_m": 0.45, "scenario_manning_n": 0.035, "capacity_effective_slope": 0.001745, "capacity_slope_floor": 0.001, "capacity_m3s": 0.12723324562335805, "capacity_scenario": "prototype_open_channel_base", "capacity_source": "synthetic_manning_scenario", "capacity_is_observed": 0 }, "geometry": { "type": "LineString", "coordinates": [ [ 376967.790579124644864, 2045631.902720903046429 ], [ 376997.790579124644864, 2045661.902720903046429 ] ] } },
{ "type": "Feature", "properties": { "drain_id": "RN_DRAIN_00505", "source_type": "dem_inferred_surface_flow", "is_inferred": true, "acc_cells": 213, "upstream_area_m2": 191538.69984209008, "length_m": 30.0, "start_elevation_m": 545.607, "end_elevation_m": 545.554, "elevation_drop_m": 0.052, "slope_m_per_m": 0.001746, "slope_percent": 0.175, "terrain_slope_deg": 2.443, "strahler_order": 1, "capacity_class": "low", "scenario_width_m": 0.4, "scenario_depth_m": 0.3, "scenario_manning_n": 0.035, "capacity_effective_slope": 0.001746, "capacity_slope_floor": 0.001, "capacity_m3s": 0.034854282915268278, "capacity_scenario": "prototype_open_channel_base", "capacity_source": "synthetic_manning_scenario", "capacity_is_observed": 0 }, "geometry": { "type": "LineString", "coordinates": [ [ 376997.790579124644864, 2045631.902720903046429 ], [ 376997.790579124644864, 2045661.902720903046429 ] ] } },
{ "type": "Feature", "properties": { "drain_id": "RN_DRAIN_00506", "source_type": "dem_inferred_surface_flow", "is_inferred": true, "acc_cells": 72, "upstream_area_m2": 64515.959607479897, "length_m": 42.43, "start_elevation_m": 545.585, "end_elevation_m": 545.554, "elevation_drop_m": 0.031, "slope_m_per_m": 0.000722, "slope_percent": 0.072, "terrain_slope_deg": 5.409, "strahler_order": 1, "capacity_class": "low", "scenario_width_m": 0.4, "scenario_depth_m": 0.3, "scenario_manning_n": 0.035, "capacity_effective_slope": 0.001, "capacity_slope_floor": 0.001, "capacity_m3s": 0.02637752433631995, "capacity_scenario": "prototype_open_channel_base", "capacity_source": "synthetic_manning_scenario", "capacity_is_observed": 0 }, "geometry": { "type": "LineString", "coordinates": [ [ 377027.790579124644864, 2045631.902720903046429 ], [ 376997.790579124644864, 2045661.902720903046429 ] ] } },
{ "type": "Feature", "properties": { "drain_id": "RN_DRAIN_00507", "source_type": "dem_inferred_surface_flow", "is_inferred": true, "acc_cells": 48, "upstream_area_m2": 42909.701973271971, "length_m": 42.43, "start_elevation_m": 557.547, "end_elevation_m": 549.657, "elevation_drop_m": 7.89, "slope_m_per_m": 0.185949, "slope_percent": 18.595, "terrain_slope_deg": 5.173, "strahler_order": 1, "capacity_class": "low", "scenario_width_m": 0.4, "scenario_depth_m": 0.3, "scenario_manning_n": 0.035, "capacity_effective_slope": 0.185949, "capacity_slope_floor": 0.001, "capacity_m3s": 0.3596921468391413, "capacity_scenario": "prototype_open_channel_base", "capacity_source": "synthetic_manning_scenario", "capacity_is_observed": 0 }, "geometry": { "type": "LineString", "coordinates": [ [ 377147.790579124644864, 2045631.902720903046429 ], [ 377117.790579124644864, 2045661.902720903046429 ] ] } },
{ "type": "Feature", "properties": { "drain_id": "RN_DRAIN_00508", "source_type": "dem_inferred_surface_flow", "is_inferred": true, "acc_cells": 27, "upstream_area_m2": 23867.589651507707, "length_m": 42.43, "start_elevation_m": 560.838, "end_elevation_m": 559.786, "elevation_drop_m": 1.052, "slope_m_per_m": 0.024797, "slope_percent": 2.48, "terrain_slope_deg": 3.111, "strahler_order": 1, "capacity_class": "low", "scenario_width_m": 0.4, "scenario_depth_m": 0.3, "scenario_manning_n": 0.035, "capacity_effective_slope": 0.024797, "capacity_slope_floor": 0.001, "capacity_m3s": 0.13135106651046202, "capacity_scenario": "prototype_open_channel_base", "capacity_source": "synthetic_manning_scenario", "capacity_is_observed": 0 }, "geometry": { "type": "LineString", "coordinates": [ [ 377297.790579124644864, 2045631.902720903046429 ], [ 377327.790579124644864, 2045661.902720903046429 ] ] } },
{ "type": "Feature", "properties": { "drain_id": "RN_DRAIN_00509", "source_type": "dem_inferred_surface_flow", "is_inferred": true, "acc_cells": 81, "upstream_area_m2": 73227.969347998529, "length_m": 30.0, "start_elevation_m": 562.141, "end_elevation_m": 559.786, "elevation_drop_m": 2.355, "slope_m_per_m": 0.07851, "slope_percent": 7.851, "terrain_slope_deg": 3.111, "strahler_order": 2, "capacity_class": "medium", "scenario_width_m": 0.7, "scenario_depth_m": 0.45, "scenario_manning_n": 0.035, "capacity_effective_slope": 0.07851, "capacity_slope_floor": 0.001, "capacity_m3s": 0.85342503549084137, "capacity_scenario": "prototype_open_channel_base", "capacity_source": "synthetic_manning_scenario", "capacity_is_observed": 0 }, "geometry": { "type": "LineString", "coordinates": [ [ 377327.790579124644864, 2045631.902720903046429 ], [ 377327.790579124644864, 2045661.902720903046429 ] ] } },
{ "type": "Feature", "properties": { "drain_id": "RN_DRAIN_00510", "source_type": "dem_inferred_surface_flow", "is_inferred": true, "acc_cells": 59, "upstream_area_m2": 52871.042016354731, "length_m": 42.43, "start_elevation_m": 570.129, "end_elevation_m": 569.65, "elevation_drop_m": 0.479, "slope_m_per_m": 0.011288, "slope_percent": 1.129, "terrain_slope_deg": 0.881, "strahler_order": 2, "capacity_class": "medium", "scenario_width_m": 0.7, "scenario_depth_m": 0.45, "scenario_manning_n": 0.035, "capacity_effective_slope": 0.011288, "capacity_slope_floor": 0.001, "capacity_m3s": 0.32360214417532579, "capacity_scenario": "prototype_open_channel_base", "capacity_source": "synthetic_manning_scenario", "capacity_is_observed": 0 }, "geometry": { "type": "LineString", "coordinates": [ [ 377717.790579124644864, 2045631.902720903046429 ], [ 377747.790579124644864, 2045661.902720903046429 ] ] } },
{ "type": "Feature", "properties": { "drain_id": "RN_DRAIN_00511", "source_type": "dem_inferred_surface_flow", "is_inferred": true, "acc_cells": 39, "upstream_area_m2": 35374.148931189324, "length_m": 42.43, "start_elevation_m": 569.672, "end_elevation_m": 569.65, "elevation_drop_m": 0.021, "slope_m_per_m": 0.000502, "slope_percent": 0.05, "terrain_slope_deg": 2.172, "strahler_order": 1, "capacity_class": "low", "scenario_width_m": 0.4, "scenario_depth_m": 0.3, "scenario_manning_n": 0.035, "capacity_effective_slope": 0.001, "capacity_slope_floor": 0.001, "capacity_m3s": 0.02637752433631995, "capacity_scenario": "prototype_open_channel_base", "capacity_source": "synthetic_manning_scenario", "capacity_is_observed": 0 }, "geometry": { "type": "LineString", "coordinates": [ [ 377777.790579124644864, 2045631.902720903046429 ], [ 377747.790579124644864, 2045661.902720903046429 ] ] } },
{ "type": "Feature", "properties": { "drain_id": "RN_DRAIN_00512", "source_type": "dem_inferred_surface_flow", "is_inferred": true, "acc_cells": 36, "upstream_area_m2": 32765.191451319766, "length_m": 30.0, "start_elevation_m": 571.483, "end_elevation_m": 569.791, "elevation_drop_m": 1.692, "slope_m_per_m": 0.056403, "slope_percent": 5.64, "terrain_slope_deg": 3.893, "strahler_order": 1, "capacity_class": "low", "scenario_width_m": 0.4, "scenario_depth_m": 0.3, "scenario_manning_n": 0.035, "capacity_effective_slope": 0.056403, "capacity_slope_floor": 0.001, "capacity_m3s": 0.19810030056451727, "capacity_scenario": "prototype_open_channel_base", "capacity_source": "synthetic_manning_scenario", "capacity_is_observed": 0 }, "geometry": { "type": "LineString", "coordinates": [ [ 377867.790579124644864, 2045631.902720903046429 ], [ 377867.790579124644864, 2045661.902720903046429 ] ] } },
{ "type": "Feature", "properties": { "drain_id": "RN_DRAIN_00513", "source_type": "dem_inferred_surface_flow", "is_inferred": true, "acc_cells": 3802, "upstream_area_m2": 3421458.2872252301, "length_m": 1.0, "start_elevation_m": 545.628, "end_elevation_m": 545.628, "elevation_drop_m": 0.0, "slope_m_per_m": 0.0, "slope_percent": 0.0, "terrain_slope_deg": 10.771, "strahler_order": 1, "capacity_class": "low", "scenario_width_m": 0.4, "scenario_depth_m": 0.3, "scenario_manning_n": 0.035, "capacity_effective_slope": 0.001, "capacity_slope_floor": 0.001, "capacity_m3s": 0.02637752433631995, "capacity_scenario": "prototype_open_channel_base", "capacity_source": "synthetic_manning_scenario", "capacity_is_observed": 0 }, "geometry": { "type": "LineString", "coordinates": [ [ 376967.084966085618362, 2045631.197107864078134 ], [ 376967.790579124644864, 2045631.902720903046429 ] ] } },
{ "type": "Feature", "properties": { "drain_id": "RN_DRAIN_00514", "source_type": "dem_inferred_surface_flow", "is_inferred": true, "acc_cells": 225, "upstream_area_m2": 202074.59415661931, "length_m": 1.25, "start_elevation_m": 545.628, "end_elevation_m": 545.628, "elevation_drop_m": 0.0, "slope_m_per_m": 0.0, "slope_percent": 0.0, "terrain_slope_deg": 10.771, "strahler_order": 1, "capacity_class": "low", "scenario_width_m": 0.4, "scenario_depth_m": 0.3, "scenario_manning_n": 0.035, "capacity_effective_slope": 0.001, "capacity_slope_floor": 0.001, "capacity_m3s": 0.02637752433631995, "capacity_scenario": "prototype_open_channel_base", "capacity_source": "synthetic_manning_scenario", "capacity_is_observed": 0 }, "geometry": { "type": "LineString", "coordinates": [ [ 376967.790579124644864, 2045630.648427565582097 ], [ 376967.790579124644864, 2045631.902720903046429 ] ] } },
{ "type": "Feature", "properties": { "drain_id": "RN_DRAIN_00515", "source_type": "dem_inferred_surface_flow", "is_inferred": true, "acc_cells": 130, "upstream_area_m2": 116577.33847072054, "length_m": 7.98, "start_elevation_m": 545.628, "end_elevation_m": 545.628, "elevation_drop_m": 0.0, "slope_m_per_m": 0.0, "slope_percent": 0.0, "terrain_slope_deg": 10.771, "strahler_order": 1, "capacity_class": "low", "scenario_width_m": 0.4, "scenario_depth_m": 0.3, "scenario_manning_n": 0.035, "capacity_effective_slope": 0.001, "capacity_slope_floor": 0.001, "capacity_m3s": 0.02637752433631995, "capacity_scenario": "prototype_open_channel_base", "capacity_source": "synthetic_manning_scenario", "capacity_is_observed": 0 }, "geometry": { "type": "LineString", "coordinates": [ [ 376973.430229147779755, 2045626.263070879969746 ], [ 376967.790579124644864, 2045631.902720903046429 ] ] } },
{ "type": "Feature", "properties": { "drain_id": "RN_DRAIN_00516", "source_type": "dem_inferred_surface_flow", "is_inferred": true, "acc_cells": 47, "upstream_area_m2": 41965.09832358329, "length_m": 42.43, "start_elevation_m": 557.621, "end_elevation_m": 557.547, "elevation_drop_m": 0.074, "slope_m_per_m": 0.001745, "slope_percent": 0.174, "terrain_slope_deg": 0.997, "strahler_order": 1, "capacity_class": "low", "scenario_width_m": 0.4, "scenario_depth_m": 0.3, "scenario_manning_n": 0.035, "capacity_effective_slope": 0.001745, "capacity_slope_floor": 0.001, "capacity_m3s": 0.034844300305034812, "capacity_scenario": "prototype_open_channel_base", "capacity_source": "synthetic_manning_scenario", "capacity_is_observed": 0 }, "geometry": { "type": "LineString", "coordinates": [ [ 377177.790579124644864, 2045601.902720903046429 ], [ 377147.790579124644864, 2045631.902720903046429 ] ] } },
{ "type": "Feature", "properties": { "drain_id": "RN_DRAIN_00517", "source_type": "dem_inferred_surface_flow", "is_inferred": true, "acc_cells": 36, "upstream_area_m2": 32818.062108530212, "length_m": 30.0, "start_elevation_m": 557.673, "end_elevation_m": 557.621, "elevation_drop_m": 0.052, "slope_m_per_m": 0.001746, "slope_percent": 0.175, "terrain_slope_deg": 1.956, "strahler_order": 1, "capacity_class": "low", "scenario_width_m": 0.4, "scenario_depth_m": 0.3, "scenario_manning_n": 0.035, "capacity_effective_slope": 0.001746, "capacity_slope_floor": 0.001, "capacity_m3s": 0.034854282915268278, "capacity_scenario": "prototype_open_channel_base", "capacity_source": "synthetic_manning_scenario", "capacity_is_observed": 0 }, "geometry": { "type": "LineString", "coordinates": [ [ 377207.790579124644864, 2045601.902720903046429 ], [ 377177.790579124644864, 2045601.902720903046429 ] ] } },
{ "type": "Feature", "properties": { "drain_id": "RN_DRAIN_00518", "source_type": "dem_inferred_surface_flow", "is_inferred": true, "acc_cells": 33, "upstream_area_m2": 30144.193076794596, "length_m": 30.0, "start_elevation_m": 558.547, "end_elevation_m": 557.673, "elevation_drop_m": 0.874, "slope_m_per_m": 0.029126, "slope_percent": 2.913, "terrain_slope_deg": 2.55, "strahler_order": 1, "capacity_class": "low", "scenario_width_m": 0.4, "scenario_depth_m": 0.3, "scenario_manning_n": 0.035, "capacity_effective_slope": 0.029126, "capacity_slope_floor": 0.001, "capacity_m3s": 0.14235556684174894, "capacity_scenario": "prototype_open_channel_base", "capacity_source": "synthetic_manning_scenario", "capacity_is_observed": 0 }, "geometry": { "type": "LineString", "coordinates": [ [ 377237.790579124644864, 2045601.902720903046429 ], [ 377207.790579124644864, 2045601.902720903046429 ] ] } },
{ "type": "Feature", "properties": { "drain_id": "RN_DRAIN_00519", "source_type": "dem_inferred_surface_flow", "is_inferred": true, "acc_cells": 27, "upstream_area_m2": 24684.570690772754, "length_m": 30.0, "start_elevation_m": 559.749, "end_elevation_m": 558.547, "elevation_drop_m": 1.202, "slope_m_per_m": 0.040059, "slope_percent": 4.006, "terrain_slope_deg": 3.889, "strahler_order": 1, "capacity_class": "low", "scenario_width_m": 0.4, "scenario_depth_m": 0.3, "scenario_manning_n": 0.035, "capacity_effective_slope": 0.040059, "capacity_slope_floor": 0.001, "capacity_m3s": 0.16694910080064143, "capacity_scenario": "prototype_open_channel_base", "capacity_source": "synthetic_manning_scenario", "capacity_is_observed": 0 }, "geometry": { "type": "LineString", "coordinates": [ [ 377267.790579124644864, 2045601.902720903046429 ], [ 377237.790579124644864, 2045601.902720903046429 ] ] } },
{ "type": "Feature", "properties": { "drain_id": "RN_DRAIN_00520", "source_type": "dem_inferred_surface_flow", "is_inferred": true, "acc_cells": 27, "upstream_area_m2": 24104.053158140909, "length_m": 30.0, "start_elevation_m": 561.31, "end_elevation_m": 559.749, "elevation_drop_m": 1.561, "slope_m_per_m": 0.052041, "slope_percent": 5.204, "terrain_slope_deg": 4.611, "strahler_order": 1, "capacity_class": "low", "scenario_width_m": 0.4, "scenario_depth_m": 0.3, "scenario_manning_n": 0.035, "capacity_effective_slope": 0.052041, "capacity_slope_floor": 0.001, "capacity_m3s": 0.19028600529539347, "capacity_scenario": "prototype_open_channel_base", "capacity_source": "synthetic_manning_scenario", "capacity_is_observed": 0 }, "geometry": { "type": "LineString", "coordinates": [ [ 377297.790579124644864, 2045601.902720903046429 ], [ 377267.790579124644864, 2045601.902720903046429 ] ] } },
{ "type": "Feature", "properties": { "drain_id": "RN_DRAIN_00521", "source_type": "dem_inferred_surface_flow", "is_inferred": true, "acc_cells": 47, "upstream_area_m2": 42223.767645078362, "length_m": 30.0, "start_elevation_m": 562.534, "end_elevation_m": 562.141, "elevation_drop_m": 0.393, "slope_m_per_m": 0.013086, "slope_percent": 1.309, "terrain_slope_deg": 3.795, "strahler_order": 1, "capacity_class": "low", "scenario_width_m": 0.4, "scenario_depth_m": 0.3, "scenario_manning_n": 0.035, "capacity_effective_slope": 0.013086, "capacity_slope_floor": 0.001, "capacity_m3s": 0.095419577747025794, "capacity_scenario": "prototype_open_channel_base", "capacity_source": "synthetic_manning_scenario", "capacity_is_observed": 0 }, "geometry": { "type": "LineString", "coordinates": [ [ 377327.790579124644864, 2045601.902720903046429 ], [ 377327.790579124644864, 2045631.902720903046429 ] ] } },
{ "type": "Feature", "properties": { "drain_id": "RN_DRAIN_00522", "source_type": "dem_inferred_surface_flow", "is_inferred": true, "acc_cells": 124, "upstream_area_m2": 111945.7513224057, "length_m": 42.43, "start_elevation_m": 563.199, "end_elevation_m": 562.141, "elevation_drop_m": 1.057, "slope_m_per_m": 0.024919, "slope_percent": 2.492, "terrain_slope_deg": 2.864, "strahler_order": 2, "capacity_class": "medium", "scenario_width_m": 0.7, "scenario_depth_m": 0.45, "scenario_manning_n": 0.035, "capacity_effective_slope": 0.024919, "capacity_slope_floor": 0.001, "capacity_m3s": 0.48080413635127461, "capacity_scenario": "prototype_open_channel_base", "capacity_source": "synthetic_manning_scenario", "capacity_is_observed": 0 }, "geometry": { "type": "LineString", "coordinates": [ [ 377357.790579124644864, 2045601.902720903046429 ], [ 377327.790579124644864, 2045631.902720903046429 ] ] } },
{ "type": "Feature", "properties": { "drain_id": "RN_DRAIN_00523", "source_type": "dem_inferred_surface_flow", "is_inferred": true, "acc_cells": 124, "upstream_area_m2": 111616.06771751784, "length_m": 30.0, "start_elevation_m": 565.284, "end_elevation_m": 563.199, "elevation_drop_m": 2.086, "slope_m_per_m": 0.069523, "slope_percent": 6.952, "terrain_slope_deg": 2.254, "strahler_order": 2, "capacity_class": "medium", "scenario_width_m": 0.7, "scenario_depth_m": 0.45, "scenario_manning_n": 0.035, "capacity_effective_slope": 0.069523, "capacity_slope_floor": 0.001, "capacity_m3s": 0.8030954072736205, "capacity_scenario": "prototype_open_channel_base", "capacity_source": "synthetic_manning_scenario", "capacity_is_observed": 0 }, "geometry": { "type": "LineString", "coordinates": [ [ 377387.790579124644864, 2045601.902720903046429 ], [ 377357.790579124644864, 2045601.902720903046429 ] ] } },
{ "type": "Feature", "properties": { "drain_id": "RN_DRAIN_00524", "source_type": "dem_inferred_surface_flow", "is_inferred": true, "acc_cells": 120, "upstream_area_m2": 108107.52769740211, "length_m": 30.0, "start_elevation_m": 566.042, "end_elevation_m": 565.284, "elevation_drop_m": 0.758, "slope_m_per_m": 0.025256, "slope_percent": 2.526, "terrain_slope_deg": 1.261, "strahler_order": 2, "capacity_class": "medium", "scenario_width_m": 0.7, "scenario_depth_m": 0.45, "scenario_manning_n": 0.035, "capacity_effective_slope": 0.025256, "capacity_slope_floor": 0.001, "capacity_m3s": 0.4840443716707854, "capacity_scenario": "prototype_open_channel_base", "capacity_source": "synthetic_manning_scenario", "capacity_is_observed": 0 }, "geometry": { "type": "LineString", "coordinates": [ [ 377417.790579124644864, 2045601.902720903046429 ], [ 377387.790579124644864, 2045601.902720903046429 ] ] } },
{ "type": "Feature", "properties": { "drain_id": "RN_DRAIN_00525", "source_type": "dem_inferred_surface_flow", "is_inferred": true, "acc_cells": 31, "upstream_area_m2": 27458.909139924268, "length_m": 42.43, "start_elevation_m": 570.203, "end_elevation_m": 570.129, "elevation_drop_m": 0.074, "slope_m_per_m": 0.001745, "slope_percent": 0.174, "terrain_slope_deg": 1.789, "strahler_order": 1, "capacity_class": "low", "scenario_width_m": 0.4, "scenario_depth_m": 0.3, "scenario_manning_n": 0.035, "capacity_effective_slope": 0.001745, "capacity_slope_floor": 0.001, "capacity_m3s": 0.034844300305034812, "capacity_scenario": "prototype_open_channel_base", "capacity_source": "synthetic_manning_scenario", "capacity_is_observed": 0 }, "geometry": { "type": "LineString", "coordinates": [ [ 377687.790579124644864, 2045601.902720903046429 ], [ 377717.790579124644864, 2045631.902720903046429 ] ] } },
{ "type": "Feature", "properties": { "drain_id": "RN_DRAIN_00526", "source_type": "dem_inferred_surface_flow", "is_inferred": true, "acc_cells": 27, "upstream_area_m2": 23902.214429585347, "length_m": 30.0, "start_elevation_m": 570.182, "end_elevation_m": 570.129, "elevation_drop_m": 0.052, "slope_m_per_m": 0.001746, "slope_percent": 0.175, "terrain_slope_deg": 1.789, "strahler_order": 1, "capacity_class": "low", "scenario_width_m": 0.4, "scenario_depth_m": 0.3, "scenario_manning_n": 0.035, "capacity_effective_slope": 0.001746, "capacity_slope_floor": 0.001, "capacity_m3s": 0.034854282915268278, "capacity_scenario": "prototype_open_channel_base", "capacity_source": "synthetic_manning_scenario", "capacity_is_observed": 0 }, "geometry": { "type": "LineString", "coordinates": [ [ 377717.790579124644864, 2045601.902720903046429 ], [ 377717.790579124644864, 2045631.902720903046429 ] ] } },
{ "type": "Feature", "properties": { "drain_id": "RN_DRAIN_00527", "source_type": "dem_inferred_surface_flow", "is_inferred": true, "acc_cells": 31, "upstream_area_m2": 28314.869089975004, "length_m": 42.43, "start_elevation_m": 572.436, "end_elevation_m": 569.672, "elevation_drop_m": 2.764, "slope_m_per_m": 0.065145, "slope_percent": 6.514, "terrain_slope_deg": 4.175, "strahler_order": 1, "capacity_class": "low", "scenario_width_m": 0.4, "scenario_depth_m": 0.3, "scenario_manning_n": 0.035, "capacity_effective_slope": 0.065145, "capacity_slope_floor": 0.001, "capacity_m3s": 0.21289946819313862, "capacity_scenario": "prototype_open_channel_base", "capacity_source": "synthetic_manning_scenario", "capacity_is_observed": 0 }, "geometry": { "type": "LineString", "coordinates": [ [ 377807.790579124644864, 2045601.902720903046429 ], [ 377777.790579124644864, 2045631.902720903046429 ] ] } },
{ "type": "Feature", "properties": { "drain_id": "RN_DRAIN_00528", "source_type": "dem_inferred_surface_flow", "is_inferred": true, "acc_cells": 31, "upstream_area_m2": 27852.756842953011, "length_m": 42.43, "start_elevation_m": 574.614, "end_elevation_m": 571.483, "elevation_drop_m": 3.131, "slope_m_per_m": 0.07379, "slope_percent": 7.379, "terrain_slope_deg": 3.894, "strahler_order": 1, "capacity_class": "low", "scenario_width_m": 0.4, "scenario_depth_m": 0.3, "scenario_manning_n": 0.035, "capacity_effective_slope": 0.07379, "capacity_slope_floor": 0.001, "capacity_m3s": 0.22658585121858213, "capacity_scenario": "prototype_open_channel_base", "capacity_source": "synthetic_manning_scenario", "capacity_is_observed": 0 }, "geometry": { "type": "LineString", "coordinates": [ [ 377897.790579124644864, 2045601.902720903046429 ], [ 377867.790579124644864, 2045631.902720903046429 ] ] } },
{ "type": "Feature", "properties": { "drain_id": "RN_DRAIN_00529", "source_type": "dem_inferred_surface_flow", "is_inferred": true, "acc_cells": 118, "upstream_area_m2": 106386.59921897486, "length_m": 42.43, "start_elevation_m": 566.923, "end_elevation_m": 566.042, "elevation_drop_m": 0.881, "slope_m_per_m": 0.020772, "slope_percent": 2.077, "terrain_slope_deg": 1.158, "strahler_order": 2, "capacity_class": "medium", "scenario_width_m": 0.7, "scenario_depth_m": 0.45, "scenario_manning_n": 0.035, "capacity_effective_slope": 0.020772, "capacity_slope_floor": 0.001, "capacity_m3s": 0.43897728400959335, "capacity_scenario": "prototype_open_channel_base", "capacity_source": "synthetic_manning_scenario", "capacity_is_observed": 0 }, "geometry": { "type": "LineString", "coordinates": [ [ 377447.790579124644864, 2045571.902720903046429 ], [ 377417.790579124644864, 2045601.902720903046429 ] ] } },
{ "type": "Feature", "properties": { "drain_id": "RN_DRAIN_00530", "source_type": "dem_inferred_surface_flow", "is_inferred": true, "acc_cells": 113, "upstream_area_m2": 101760.79190845251, "length_m": 30.0, "start_elevation_m": 566.976, "end_elevation_m": 566.923, "elevation_drop_m": 0.052, "slope_m_per_m": 0.001746, "slope_percent": 0.175, "terrain_slope_deg": 2.131, "strahler_order": 2, "capacity_class": "medium", "scenario_width_m": 0.7, "scenario_depth_m": 0.45, "scenario_manning_n": 0.035, "capacity_effective_slope": 0.001746, "capacity_slope_floor": 0.001, "capacity_m3s": 0.1272696969192279, "capacity_scenario": "prototype_open_channel_base", "capacity_source": "synthetic_manning_scenario", "capacity_is_observed": 0 }, "geometry": { "type": "LineString", "coordinates": [ [ 377477.790579124644864, 2045571.902720903046429 ], [ 377447.790579124644864, 2045571.902720903046429 ] ] } },
{ "type": "Feature", "properties": { "drain_id": "RN_DRAIN_00531", "source_type": "dem_inferred_surface_flow", "is_inferred": true, "acc_cells": 89, "upstream_area_m2": 79724.813093254648, "length_m": 30.0, "start_elevation_m": 567.028, "end_elevation_m": 566.976, "elevation_drop_m": 0.052, "slope_m_per_m": 0.001746, "slope_percent": 0.175, "terrain_slope_deg": 5.425, "strahler_order": 1, "capacity_class": "low", "scenario_width_m": 0.4, "scenario_depth_m": 0.3, "scenario_manning_n": 0.035, "capacity_effective_slope": 0.001746, "capacity_slope_floor": 0.001, "capacity_m3s": 0.034854282915268278, "capacity_scenario": "prototype_open_channel_base", "capacity_source": "synthetic_manning_scenario", "capacity_is_observed": 0 }, "geometry": { "type": "LineString", "coordinates": [ [ 377507.790579124644864, 2045571.902720903046429 ], [ 377477.790579124644864, 2045571.902720903046429 ] ] } },
{ "type": "Feature", "properties": { "drain_id": "RN_DRAIN_00532", "source_type": "dem_inferred_surface_flow", "is_inferred": true, "acc_cells": 32, "upstream_area_m2": 28504.946555606428, "length_m": 30.0, "start_elevation_m": 570.256, "end_elevation_m": 570.203, "elevation_drop_m": 0.052, "slope_m_per_m": 0.001746, "slope_percent": 0.175, "terrain_slope_deg": 0.964, "strahler_order": 1, "capacity_class": "low", "scenario_width_m": 0.4, "scenario_depth_m": 0.3, "scenario_manning_n": 0.035, "capacity_effective_slope": 0.001746, "capacity_slope_floor": 0.001, "capacity_m3s": 0.034854282915268278, "capacity_scenario": "prototype_open_channel_base", "capacity_source": "synthetic_manning_scenario", "capacity_is_observed": 0 }, "geometry": { "type": "LineString", "coordinates": [ [ 377687.790579124644864, 2045571.902720903046429 ], [ 377687.790579124644864, 2045601.902720903046429 ] ] } },
{ "type": "Feature", "properties": { "drain_id": "RN_DRAIN_00533", "source_type": "dem_inferred_surface_flow", "is_inferred": true, "acc_cells": 31, "upstream_area_m2": 28243.979626336233, "length_m": 42.43, "start_elevation_m": 575.016, "end_elevation_m": 572.436, "elevation_drop_m": 2.58, "slope_m_per_m": 0.060809, "slope_percent": 6.081, "terrain_slope_deg": 2.849, "strahler_order": 1, "capacity_class": "low", "scenario_width_m": 0.4, "scenario_depth_m": 0.3, "scenario_manning_n": 0.035, "capacity_effective_slope": 0.060809, "capacity_slope_floor": 0.001, "capacity_m3s": 0.20569226626927573, "capacity_scenario": "prototype_open_channel_base", "capacity_source": "synthetic_manning_scenario", "capacity_is_observed": 0 }, "geometry": { "type": "LineString", "coordinates": [ [ 377837.790579124644864, 2045571.902720903046429 ], [ 377807.790579124644864, 2045601.902720903046429 ] ] } },
{ "type": "Feature", "properties": { "drain_id": "RN_DRAIN_00534", "source_type": "dem_inferred_surface_flow", "is_inferred": true, "acc_cells": 104, "upstream_area_m2": 93382.288563141527, "length_m": 42.43, "start_elevation_m": 571.665, "end_elevation_m": 566.976, "elevation_drop_m": 4.689, "slope_m_per_m": 0.110522, "slope_percent": 11.052, "terrain_slope_deg": 5.542, "strahler_order": 2, "capacity_class": "medium", "scenario_width_m": 0.7, "scenario_depth_m": 0.45, "scenario_manning_n": 0.035, "capacity_effective_slope": 0.110522, "capacity_slope_floor": 0.001, "capacity_m3s": 1.0125751333185353, "capacity_scenario": "prototype_open_channel_base", "capacity_source": "synthetic_manning_scenario", "capacity_is_observed": 0 }, "geometry": { "type": "LineString", "coordinates": [ [ 377507.790579124644864, 2045541.902720903046429 ], [ 377477.790579124644864, 2045571.902720903046429 ] ] } },
{ "type": "Feature", "properties": { "drain_id": "RN_DRAIN_00535", "source_type": "dem_inferred_surface_flow", "is_inferred": true, "acc_cells": 37, "upstream_area_m2": 33237.312673471431, "length_m": 42.43, "start_elevation_m": 573.087, "end_elevation_m": 570.256, "elevation_drop_m": 2.831, "slope_m_per_m": 0.066722, "slope_percent": 6.672, "terrain_slope_deg": 6.033, "strahler_order": 1, "capacity_class": "low", "scenario_width_m": 0.4, "scenario_depth_m": 0.3, "scenario_manning_n": 0.035, "capacity_effective_slope": 0.066722, "capacity_slope_floor": 0.001, "capacity_m3s": 0.21546094500843926, "capacity_scenario": "prototype_open_channel_base", "capacity_source": "synthetic_manning_scenario", "capacity_is_observed": 0 }, "geometry": { "type": "LineString", "coordinates": [ [ 377717.790579124644864, 2045541.902720903046429 ], [ 377687.790579124644864, 2045571.902720903046429 ] ] } },
{ "type": "Feature", "properties": { "drain_id": "RN_DRAIN_00536", "source_type": "dem_inferred_surface_flow", "is_inferred": true, "acc_cells": 103, "upstream_area_m2": 92472.122116460072, "length_m": 42.43, "start_elevation_m": 571.739, "end_elevation_m": 571.665, "elevation_drop_m": 0.074, "slope_m_per_m": 0.001745, "slope_percent": 0.174, "terrain_slope_deg": 3.467, "strahler_order": 2, "capacity_class": "medium", "scenario_width_m": 0.7, "scenario_depth_m": 0.45, "scenario_manning_n": 0.035, "capacity_effective_slope": 0.001745, "capacity_slope_floor": 0.001, "capacity_m3s": 0.12723324562335805, "capacity_scenario": "prototype_open_channel_base", "capacity_source": "synthetic_manning_scenario", "capacity_is_observed": 0 }, "geometry": { "type": "LineString", "coordinates": [ [ 377537.790579124644864, 2045511.902720903046429 ], [ 377507.790579124644864, 2045541.902720903046429 ] ] } },
{ "type": "Feature", "properties": { "drain_id": "RN_DRAIN_00537", "source_type": "dem_inferred_surface_flow", "is_inferred": true, "acc_cells": 35, "upstream_area_m2": 31675.499060857386, "length_m": 36.5, "start_elevation_m": 576.298, "end_elevation_m": 573.087, "elevation_drop_m": 3.211, "slope_m_per_m": 0.087979, "slope_percent": 8.798, "terrain_slope_deg": 6.033, "strahler_order": 1, "capacity_class": "low", "scenario_width_m": 0.4, "scenario_depth_m": 0.3, "scenario_manning_n": 0.035, "capacity_effective_slope": 0.087979, "capacity_slope_floor": 0.001, "capacity_m3s": 0.24741358548059755, "capacity_scenario": "prototype_open_channel_base", "capacity_source": "synthetic_manning_scenario", "capacity_is_observed": 0 }, "geometry": { "type": "LineString", "coordinates": [ [ 377743.599612385616638, 2045516.093687642132863 ], [ 377717.790579124644864, 2045541.902720903046429 ] ] } },
{ "type": "Feature", "properties": { "drain_id": "RN_DRAIN_00538", "source_type": "dem_inferred_surface_flow", "is_inferred": true, "acc_cells": 195, "upstream_area_m2": 175095.2316547042, "length_m": 18.71, "start_elevation_m": 560.442, "end_elevation_m": 560.389, "elevation_drop_m": 0.052, "slope_m_per_m": 0.002799, "slope_percent": 0.28, "terrain_slope_deg": 0.212, "strahler_order": 1, "capacity_class": "low", "scenario_width_m": 0.4, "scenario_depth_m": 0.3, "scenario_manning_n": 0.035, "capacity_effective_slope": 0.002799, "capacity_slope_floor": 0.001, "capacity_m3s": 0.044130157925467595, "capacity_scenario": "prototype_open_channel_base", "capacity_source": "synthetic_manning_scenario", "capacity_is_observed": 0 }, "geometry": { "type": "LineString", "coordinates": [ [ 377177.790579124644864, 2045481.902720903046429 ], [ 377159.080316346604377, 2045481.902720903046429 ] ] } },
{ "type": "Feature", "properties": { "drain_id": "RN_DRAIN_00539", "source_type": "dem_inferred_surface_flow", "is_inferred": true, "acc_cells": 190, "upstream_area_m2": 170787.59482997478, "length_m": 30.0, "start_elevation_m": 560.494, "end_elevation_m": 560.442, "elevation_drop_m": 0.052, "slope_m_per_m": 0.001746, "slope_percent": 0.175, "terrain_slope_deg": 2.158, "strahler_order": 1, "capacity_class": "low", "scenario_width_m": 0.4, "scenario_depth_m": 0.3, "scenario_manning_n": 0.035, "capacity_effective_slope": 0.001746, "capacity_slope_floor": 0.001, "capacity_m3s": 0.034854282915268278, "capacity_scenario": "prototype_open_channel_base", "capacity_source": "synthetic_manning_scenario", "capacity_is_observed": 0 }, "geometry": { "type": "LineString", "coordinates": [ [ 377207.790579124644864, 2045481.902720903046429 ], [ 377177.790579124644864, 2045481.902720903046429 ] ] } },
{ "type": "Feature", "properties": { "drain_id": "RN_DRAIN_00540", "source_type": "dem_inferred_surface_flow", "is_inferred": true, "acc_cells": 184, "upstream_area_m2": 166034.44992682416, "length_m": 4.11, "start_elevation_m": 560.494, "end_elevation_m": 560.494, "elevation_drop_m": 0.0, "slope_m_per_m": 0.0, "slope_percent": 0.0, "terrain_slope_deg": 2.158, "strahler_order": 1, "capacity_class": "low", "scenario_width_m": 0.4, "scenario_depth_m": 0.3, "scenario_manning_n": 0.035, "capacity_effective_slope": 0.001, "capacity_slope_floor": 0.001, "capacity_m3s": 0.02637752433631995, "capacity_scenario": "prototype_open_channel_base", "capacity_source": "synthetic_manning_scenario", "capacity_is_observed": 0 }, "geometry": { "type": "LineString", "coordinates": [ [ 377211.902458779106382, 2045481.902720903046429 ], [ 377207.790579124644864, 2045481.902720903046429 ] ] } },
{ "type": "Feature", "properties": { "drain_id": "RN_DRAIN_00541", "source_type": "dem_inferred_surface_flow", "is_inferred": true, "acc_cells": 48, "upstream_area_m2": 43278.438662541441, "length_m": 9.04, "start_elevation_m": 571.739, "end_elevation_m": 571.739, "elevation_drop_m": 0.0, "slope_m_per_m": 0.0, "slope_percent": 0.0, "terrain_slope_deg": 3.467, "strahler_order": 1, "capacity_class": "low", "scenario_width_m": 0.4, "scenario_depth_m": 0.3, "scenario_manning_n": 0.035, "capacity_effective_slope": 0.001, "capacity_slope_floor": 0.001, "capacity_m3s": 0.02637752433631995, "capacity_scenario": "prototype_open_channel_base", "capacity_source": "synthetic_manning_scenario", "capacity_is_observed": 0 }, "geometry": { "type": "LineString", "coordinates": [ [ 377537.790579124644864, 2045502.859067589975893 ], [ 377537.790579124644864, 2045511.902720903046429 ] ] } },
{ "type": "Feature", "properties": { "drain_id": "RN_DRAIN_00542", "source_type": "dem_inferred_surface_flow", "is_inferred": true, "acc_cells": 43, "upstream_area_m2": 39143.739655481178, "length_m": 12.02, "start_elevation_m": 571.739, "end_elevation_m": 571.739, "elevation_drop_m": 0.0, "slope_m_per_m": 0.0, "slope_percent": 0.0, "terrain_slope_deg": 3.467, "strahler_order": 1, "capacity_class": "low", "scenario_width_m": 0.4, "scenario_depth_m": 0.3, "scenario_manning_n": 0.035, "capacity_effective_slope": 0.001, "capacity_slope_floor": 0.001, "capacity_m3s": 0.02637752433631995, "capacity_scenario": "prototype_open_channel_base", "capacity_source": "synthetic_manning_scenario", "capacity_is_observed": 0 }, "geometry": { "type": "LineString", "coordinates": [ [ 377546.28781480062753, 2045503.405485227005556 ], [ 377537.790579124644864, 2045511.902720903046429 ] ] } }
]
}
