{
"type": "FeatureCollection",
"name": "inferred_inlets",
"crs": { "type": "name", "properties": { "name": "urn:ogc:def:crs:EPSG::32643" } },
"features": [
{ "type": "Feature", "properties": { "inlet_id": "RN_INLET_00001", "drain_node_id": "RN_DNODE_00001", "drain_id": "RN_DRAIN_00148", "road_id": "RN_ROAD_00520", "candidate_method": "road_proximity", "spatial_class": "near", "coupling_eligible": 1, "distance_to_road_m": 9.618, "elevation_m": 565.071, "acc_cells": 80, "upstream_area_m2": 72146.736858350603, "graph_in_degree": 0, "graph_out_degree": 1, "source_type": "inferred_surface_to_drainage_coupling", "is_observed": 0, "mapping_tolerance_m": 30.0, "coupling_threshold_m": 20.0 }, "geometry": { "type": "Point", "coordinates": [ 376488.592, 2046501.903 ] } },
{ "type": "Feature", "properties": { "inlet_id": "RN_INLET_00002", "drain_node_id": "RN_DNODE_00002", "drain_id": "RN_DRAIN_00197", "road_id": "RN_ROAD_00503", "candidate_method": "road_proximity", "spatial_class": "near", "coupling_eligible": 1, "distance_to_road_m": 9.234, "elevation_m": 561.883, "acc_cells": 236, "upstream_area_m2": 211977.52545742918, "graph_in_degree": 0, "graph_out_degree": 1, "source_type": "inferred_surface_to_drainage_coupling", "is_observed": 0, "mapping_tolerance_m": 30.0, "coupling_threshold_m": 20.0 }, "geometry": { "type": "Point", "coordinates": [ 376503.897999999986496, 2046381.903 ] } },
{ "type": "Feature", "properties": { "inlet_id": "RN_INLET_00003", "drain_node_id": "RN_DNODE_00003", "drain_id": "RN_DRAIN_00198", "road_id": "RN_ROAD_00503", "candidate_method": "road_proximity", "spatial_class": "moderate", "coupling_eligible": 1, "distance_to_road_m": 17.628, "elevation_m": 561.883, "acc_cells": 240, "upstream_area_m2": 215646.88821966358, "graph_in_degree": 1, "graph_out_degree": 1, "source_type": "inferred_surface_to_drainage_coupling", "is_observed": 0, "mapping_tolerance_m": 30.0, "coupling_threshold_m": 20.0 }, "geometry": { "type": "Point", "coordinates": [ 376517.791000000026543, 2046381.903 ] } },
{ "type": "Feature", "properties": { "inlet_id": "RN_INLET_00004", "drain_node_id": "RN_DNODE_00004", "drain_id": "RN_DRAIN_00149", "road_id": "RN_ROAD_00520", "candidate_method": "road_intersection", "spatial_class": "intersection", "coupling_eligible": 1, "distance_to_road_m": 0.446, "elevation_m": 562.846, "acc_cells": 83, "upstream_area_m2": 74737.835011131116, "graph_in_degree": 1, "graph_out_degree": 1, "source_type": "inferred_surface_to_drainage_coupling", "is_observed": 0, "mapping_tolerance_m": 30.0, "coupling_threshold_m": 20.0 }, "geometry": { "type": "Point", "coordinates": [ 376517.791000000026543, 2046501.903 ] } },
{ "type": "Feature", "properties": { "inlet_id": "RN_INLET_00005", "drain_node_id": "RN_DNODE_00007", "drain_id": "RN_DRAIN_00199", "road_id": "RN_ROAD_00508", "candidate_method": "road_proximity", "spatial_class": "near", "coupling_eligible": 1, "distance_to_road_m": 5.605, "elevation_m": 561.831, "acc_cells": 260, "upstream_area_m2": 233581.73240945963, "graph_in_degree": 1, "graph_out_degree": 1, "source_type": "inferred_surface_to_drainage_coupling", "is_observed": 0, "mapping_tolerance_m": 30.0, "coupling_threshold_m": 20.0 }, "geometry": { "type": "Point", "coordinates": [ 376547.791000000026543, 2046381.903 ] } },
{ "type": "Feature", "properties": { "inlet_id": "RN_INLET_00006", "drain_node_id": "RN_DNODE_00008", "drain_id": "RN_DRAIN_00150", "road_id": "RN_ROAD_00522", "candidate_method": "road_proximity", "spatial_class": "near", "coupling_eligible": 1, "distance_to_road_m": 6.036, "elevation_m": 562.036, "acc_cells": 82, "upstream_area_m2": 73696.583197661661, "graph_in_degree": 1, "graph_out_degree": 1, "source_type": "inferred_surface_to_drainage_coupling", "is_observed": 0, "mapping_tolerance_m": 30.0, "coupling_threshold_m": 20.0 }, "geometry": { "type": "Point", "coordinates": [ 376547.791000000026543, 2046501.903 ] } },
{ "type": "Feature", "properties": { "inlet_id": "RN_INLET_00007", "drain_node_id": "RN_DNODE_00010", "drain_id": "RN_DRAIN_00200", "road_id": "RN_ROAD_00507", "candidate_method": "road_proximity", "spatial_class": "near", "coupling_eligible": 1, "distance_to_road_m": 7.388, "elevation_m": 561.779, "acc_cells": 264, "upstream_area_m2": 237700.21250788026, "graph_in_degree": 1, "graph_out_degree": 1, "source_type": "inferred_surface_to_drainage_coupling", "is_observed": 0, "mapping_tolerance_m": 30.0, "coupling_threshold_m": 20.0 }, "geometry": { "type": "Point", "coordinates": [ 376577.791000000026543, 2046381.903 ] } },
{ "type": "Feature", "properties": { "inlet_id": "RN_INLET_00008", "drain_node_id": "RN_DNODE_00011", "drain_id": "RN_DRAIN_00151", "road_id": "RN_ROAD_00522", "candidate_method": "road_proximity", "spatial_class": "near", "coupling_eligible": 1, "distance_to_road_m": 6.145, "elevation_m": 561.984, "acc_cells": 92, "upstream_area_m2": 82621.420257701728, "graph_in_degree": 1, "graph_out_degree": 1, "source_type": "inferred_surface_to_drainage_coupling", "is_observed": 0, "mapping_tolerance_m": 30.0, "coupling_threshold_m": 20.0 }, "geometry": { "type": "Point", "coordinates": [ 376577.791000000026543, 2046501.903 ] } },
{ "type": "Feature", "properties": { "inlet_id": "RN_INLET_00009", "drain_node_id": "RN_DNODE_00014", "drain_id": "RN_DRAIN_00239", "road_id": "RN_ROAD_00273", "candidate_method": "road_proximity", "spatial_class": "distant_candidate", "coupling_eligible": 0, "distance_to_road_m": 26.388, "elevation_m": 561.661, "acc_cells": 33, "upstream_area_m2": 29631.385708466387, "graph_in_degree": 0, "graph_out_degree": 1, "source_type": "inferred_surface_to_drainage_coupling", "is_observed": 0, "mapping_tolerance_m": 30.0, "coupling_threshold_m": 20.0 }, "geometry": { "type": "Point", "coordinates": [ 376607.791000000026543, 2046291.903 ] } },
{ "type": "Feature", "properties": { "inlet_id": "RN_INLET_00010", "drain_node_id": "RN_DNODE_00015", "drain_id": "RN_DRAIN_00210", "road_id": "RN_ROAD_00498", "candidate_method": "road_proximity", "spatial_class": "moderate", "coupling_eligible": 1, "distance_to_road_m": 18.257, "elevation_m": 561.705, "acc_cells": 267, "upstream_area_m2": 240161.97372226327, "graph_in_degree": 1, "graph_out_degree": 1, "source_type": "inferred_surface_to_drainage_coupling", "is_observed": 0, "mapping_tolerance_m": 30.0, "coupling_threshold_m": 20.0 }, "geometry": { "type": "Point", "coordinates": [ 376607.791000000026543, 2046351.903 ] } },
{ "type": "Feature", "properties": { "inlet_id": "RN_INLET_00011", "drain_node_id": "RN_DNODE_00016", "drain_id": "RN_DRAIN_00152", "road_id": "RN_ROAD_00522", "candidate_method": "road_proximity", "spatial_class": "near", "coupling_eligible": 1, "distance_to_road_m": 6.255, "elevation_m": 561.932, "acc_cells": 84, "upstream_area_m2": 75819.426590485411, "graph_in_degree": 1, "graph_out_degree": 1, "source_type": "inferred_surface_to_drainage_coupling", "is_observed": 0, "mapping_tolerance_m": 30.0, "coupling_threshold_m": 20.0 }, "geometry": { "type": "Point", "coordinates": [ 376607.791000000026543, 2046501.903 ] } },
{ "type": "Feature", "properties": { "inlet_id": "RN_INLET_00012", "drain_node_id": "RN_DNODE_00017", "drain_id": "RN_DRAIN_00240", "road_id": "RN_ROAD_00273", "candidate_method": "road_proximity", "spatial_class": "near", "coupling_eligible": 1, "distance_to_road_m": 5.104, "elevation_m": 561.609, "acc_cells": 58, "upstream_area_m2": 52098.621404666592, "graph_in_degree": 1, "graph_out_degree": 1, "source_type": "inferred_surface_to_drainage_coupling", "is_observed": 0, "mapping_tolerance_m": 30.0, "coupling_threshold_m": 20.0 }, "geometry": { "type": "Point", "coordinates": [ 376637.791000000026543, 2046291.903 ] } },
{ "type": "Feature", "properties": { "inlet_id": "RN_INLET_00013", "drain_node_id": "RN_DNODE_00018", "drain_id": "RN_DRAIN_00220", "road_id": "RN_ROAD_00273", "candidate_method": "road_proximity", "spatial_class": "moderate", "coupling_eligible": 1, "distance_to_road_m": 16.038, "elevation_m": 561.631, "acc_cells": 270, "upstream_area_m2": 242983.40785984794, "graph_in_degree": 2, "graph_out_degree": 1, "source_type": "inferred_surface_to_drainage_coupling", "is_observed": 0, "mapping_tolerance_m": 30.0, "coupling_threshold_m": 20.0 }, "geometry": { "type": "Point", "coordinates": [ 376637.791000000026543, 2046321.903 ] } },
{ "type": "Feature", "properties": { "inlet_id": "RN_INLET_00014", "drain_node_id": "RN_DNODE_00019", "drain_id": "RN_DRAIN_00153", "road_id": "RN_ROAD_00522", "candidate_method": "road_proximity", "spatial_class": "near", "coupling_eligible": 1, "distance_to_road_m": 6.364, "elevation_m": 561.859, "acc_cells": 104, "upstream_area_m2": 93308.770888246305, "graph_in_degree": 1, "graph_out_degree": 1, "source_type": "inferred_surface_to_drainage_coupling", "is_observed": 0, "mapping_tolerance_m": 30.0, "coupling_threshold_m": 20.0 }, "geometry": { "type": "Point", "coordinates": [ 376637.791000000026543, 2046501.903 ] } },
{ "type": "Feature", "properties": { "inlet_id": "RN_INLET_00015", "drain_node_id": "RN_DNODE_00020", "drain_id": "RN_DRAIN_00370", "road_id": "RN_ROAD_00251", "candidate_method": "road_proximity", "spatial_class": "distant_candidate", "coupling_eligible": 0, "distance_to_road_m": 28.84, "elevation_m": 559.076, "acc_cells": 30, "upstream_area_m2": 26801.372797001975, "graph_in_degree": 0, "graph_out_degree": 1, "source_type": "inferred_surface_to_drainage_coupling", "is_observed": 0, "mapping_tolerance_m": 30.0, "coupling_threshold_m": 20.0 }, "geometry": { "type": "Point", "coordinates": [ 376667.791000000026543, 2045991.903 ] } },
{ "type": "Feature", "properties": { "inlet_id": "RN_INLET_00016", "drain_node_id": "RN_DNODE_00021", "drain_id": "RN_DRAIN_00241", "road_id": "RN_ROAD_00273", "candidate_method": "road_proximity", "spatial_class": "moderate", "coupling_eligible": 1, "distance_to_road_m": 17.18, "elevation_m": 561.557, "acc_cells": 353, "upstream_area_m2": 317425.1005788038, "graph_in_degree": 3, "graph_out_degree": 1, "source_type": "inferred_surface_to_drainage_coupling", "is_observed": 0, "mapping_tolerance_m": 30.0, "coupling_threshold_m": 20.0 }, "geometry": { "type": "Point", "coordinates": [ 376667.791000000026543, 2046291.903 ] } },
{ "type": "Feature", "properties": { "inlet_id": "RN_INLET_00017", "drain_node_id": "RN_DNODE_00022", "drain_id": "RN_DRAIN_00221", "road_id": "RN_ROAD_00499", "candidate_method": "road_proximity", "spatial_class": "moderate", "coupling_eligible": 1, "distance_to_road_m": 15.464, "elevation_m": 561.609, "acc_cells": 30, "upstream_area_m2": 27141.572443917226, "graph_in_degree": 0, "graph_out_degree": 1, "source_type": "inferred_surface_to_drainage_coupling", "is_observed": 0, "mapping_tolerance_m": 30.0, "coupling_threshold_m": 20.0 }, "geometry": { "type": "Point", "coordinates": [ 376667.791000000026543, 2046321.903 ] } },
{ "type": "Feature", "properties": { "inlet_id": "RN_INLET_00018", "drain_node_id": "RN_DNODE_00023", "drain_id": "RN_DRAIN_00154", "road_id": "RN_ROAD_00522", "candidate_method": "road_proximity", "spatial_class": "near", "coupling_eligible": 1, "distance_to_road_m": 6.473, "elevation_m": 561.807, "acc_cells": 112, "upstream_area_m2": 100987.89047259557, "graph_in_degree": 1, "graph_out_degree": 1, "source_type": "inferred_surface_to_drainage_coupling", "is_observed": 0, "mapping_tolerance_m": 30.0, "coupling_threshold_m": 20.0 }, "geometry": { "type": "Point", "coordinates": [ 376667.791000000026543, 2046501.903 ] } },
{ "type": "Feature", "properties": { "inlet_id": "RN_INLET_00019", "drain_node_id": "RN_DNODE_00025", "drain_id": "RN_DRAIN_00270", "road_id": "RN_ROAD_00271", "candidate_method": "road_proximity", "spatial_class": "distant_candidate", "coupling_eligible": 0, "distance_to_road_m": 21.823, "elevation_m": 559.884, "acc_cells": 357, "upstream_area_m2": 321153.79098951333, "graph_in_degree": 1, "graph_out_degree": 1, "source_type": "inferred_surface_to_drainage_coupling", "is_observed": 0, "mapping_tolerance_m": 30.0, "coupling_threshold_m": 20.0 }, "geometry": { "type": "Point", "coordinates": [ 376697.791000000026543, 2046231.903 ] } },
{ "type": "Feature", "properties": { "inlet_id": "RN_INLET_00020", "drain_node_id": "RN_DNODE_00026", "drain_id": "RN_DRAIN_00257", "road_id": "RN_ROAD_00502", "candidate_method": "road_proximity", "spatial_class": "near", "coupling_eligible": 1, "distance_to_road_m": 1.218, "elevation_m": 561.483, "acc_cells": 354, "upstream_area_m2": 318732.76796592074, "graph_in_degree": 1, "graph_out_degree": 1, "source_type": "inferred_surface_to_drainage_coupling", "is_observed": 0, "mapping_tolerance_m": 30.0, "coupling_threshold_m": 20.0 }, "geometry": { "type": "Point", "coordinates": [ 376697.791000000026543, 2046261.903 ] } },
{ "type": "Feature", "properties": { "inlet_id": "RN_INLET_00021", "drain_node_id": "RN_DNODE_00027", "drain_id": "RN_DRAIN_00155", "road_id": "RN_ROAD_00522", "candidate_method": "road_proximity", "spatial_class": "near", "coupling_eligible": 1, "distance_to_road_m": 6.581, "elevation_m": 561.754, "acc_cells": 124, "upstream_area_m2": 112006.27410125126, "graph_in_degree": 1, "graph_out_degree": 1, "source_type": "inferred_surface_to_drainage_coupling", "is_observed": 0, "mapping_tolerance_m": 30.0, "coupling_threshold_m": 20.0 }, "geometry": { "type": "Point", "coordinates": [ 376697.791000000026543, 2046501.903 ] } },
{ "type": "Feature", "properties": { "inlet_id": "RN_INLET_00022", "drain_node_id": "RN_DNODE_00028", "drain_id": "RN_DRAIN_00398", "road_id": "RN_ROAD_00250", "candidate_method": "road_proximity", "spatial_class": "distant_candidate", "coupling_eligible": 0, "distance_to_road_m": 24.186, "elevation_m": 556.679, "acc_cells": 43, "upstream_area_m2": 38592.596443185044, "graph_in_degree": 0, "graph_out_degree": 1, "source_type": "inferred_surface_to_drainage_coupling", "is_observed": 0, "mapping_tolerance_m": 30.0, "coupling_threshold_m": 20.0 }, "geometry": { "type": "Point", "coordinates": [ 376727.791000000026543, 2045901.903 ] } },
{ "type": "Feature", "properties": { "inlet_id": "RN_INLET_00023", "drain_node_id": "RN_DNODE_00029", "drain_id": "RN_DRAIN_00387", "road_id": "RN_ROAD_00250", "candidate_method": "road_proximity", "spatial_class": "distant_candidate", "coupling_eligible": 0, "distance_to_road_m": 29.605, "elevation_m": 558.645, "acc_cells": 46, "upstream_area_m2": 41558.613452875121, "graph_in_degree": 1, "graph_out_degree": 1, "source_type": "inferred_surface_to_drainage_coupling", "is_observed": 0, "mapping_tolerance_m": 30.0, "coupling_threshold_m": 20.0 }, "geometry": { "type": "Point", "coordinates": [ 376727.791000000026543, 2045931.903 ] } },
{ "type": "Feature", "properties": { "inlet_id": "RN_INLET_00024", "drain_node_id": "RN_DNODE_00031", "drain_id": "RN_DRAIN_00135", "road_id": "RN_ROAD_00555", "candidate_method": "road_proximity", "spatial_class": "distant_candidate", "coupling_eligible": 0, "distance_to_road_m": 20.834, "elevation_m": 561.68, "acc_cells": 129, "upstream_area_m2": 115910.04264813762, "graph_in_degree": 1, "graph_out_degree": 1, "source_type": "inferred_surface_to_drainage_coupling", "is_observed": 0, "mapping_tolerance_m": 30.0, "coupling_threshold_m": 20.0 }, "geometry": { "type": "Point", "coordinates": [ 376727.791000000026543, 2046531.903 ] } },
{ "type": "Feature", "properties": { "inlet_id": "RN_INLET_00025", "drain_node_id": "RN_DNODE_00032", "drain_id": "RN_DRAIN_00072", "road_id": "RN_ROAD_00562", "candidate_method": "road_proximity", "spatial_class": "near", "coupling_eligible": 1, "distance_to_road_m": 6.804, "elevation_m": 562.399, "acc_cells": 256, "upstream_area_m2": 230266.64717364291, "graph_in_degree": 1, "graph_out_degree": 1, "source_type": "inferred_surface_to_drainage_coupling", "is_observed": 0, "mapping_tolerance_m": 30.0, "coupling_threshold_m": 20.0 }, "geometry": { "type": "Point", "coordinates": [ 376727.791000000026543, 2046651.903 ] } },
{ "type": "Feature", "properties": { "inlet_id": "RN_INLET_00026", "drain_node_id": "RN_DNODE_00033", "drain_id": "RN_DRAIN_00064", "road_id": "RN_ROAD_00582", "candidate_method": "road_proximity", "spatial_class": "near", "coupling_eligible": 1, "distance_to_road_m": 5.191, "elevation_m": 562.451, "acc_cells": 251, "upstream_area_m2": 226277.00347455914, "graph_in_degree": 2, "graph_out_degree": 1, "source_type": "inferred_surface_to_drainage_coupling", "is_observed": 0, "mapping_tolerance_m": 30.0, "coupling_threshold_m": 20.0 }, "geometry": { "type": "Point", "coordinates": [ 376727.791000000026543, 2046681.903 ] } },
{ "type": "Feature", "properties": { "inlet_id": "RN_INLET_00027", "drain_node_id": "RN_DNODE_00034", "drain_id": "RN_DRAIN_00054", "road_id": "RN_ROAD_00583", "candidate_method": "road_proximity", "spatial_class": "near", "coupling_eligible": 1, "distance_to_road_m": 5.747, "elevation_m": 562.796, "acc_cells": 53, "upstream_area_m2": 47989.632132836574, "graph_in_degree": 0, "graph_out_degree": 1, "source_type": "inferred_surface_to_drainage_coupling", "is_observed": 0, "mapping_tolerance_m": 30.0, "coupling_threshold_m": 20.0 }, "geometry": { "type": "Point", "coordinates": [ 376727.791000000026543, 2046711.903 ] } },
{ "type": "Feature", "properties": { "inlet_id": "RN_INLET_00028", "drain_node_id": "RN_DNODE_00035", "drain_id": "RN_DRAIN_00045", "road_id": "RN_ROAD_00583", "candidate_method": "road_proximity", "spatial_class": "distant_candidate", "coupling_eligible": 0, "distance_to_road_m": 20.393, "elevation_m": 563.831, "acc_cells": 215, "upstream_area_m2": 193663.75096012029, "graph_in_degree": 0, "graph_out_degree": 1, "source_type": "inferred_surface_to_drainage_coupling", "is_observed": 0, "mapping_tolerance_m": 30.0, "coupling_threshold_m": 20.0 }, "geometry": { "type": "Point", "coordinates": [ 376731.025000000023283, 2046738.668 ] } },
{ "type": "Feature", "properties": { "inlet_id": "RN_INLET_00029", "drain_node_id": "RN_DNODE_00038", "drain_id": "RN_DRAIN_00136", "road_id": "RN_ROAD_00555", "candidate_method": "road_proximity", "spatial_class": "near", "coupling_eligible": 1, "distance_to_road_m": 4.213, "elevation_m": 561.628, "acc_cells": 65, "upstream_area_m2": 58900.318602648746, "graph_in_degree": 0, "graph_out_degree": 1, "source_type": "inferred_surface_to_drainage_coupling", "is_observed": 0, "mapping_tolerance_m": 30.0, "coupling_threshold_m": 20.0 }, "geometry": { "type": "Point", "coordinates": [ 376757.791000000026543, 2046531.903 ] } },
{ "type": "Feature", "properties": { "inlet_id": "RN_INLET_00030", "drain_node_id": "RN_DNODE_00039", "drain_id": "RN_DRAIN_00121", "road_id": "RN_ROAD_00568", "candidate_method": "road_proximity", "spatial_class": "moderate", "coupling_eligible": 1, "distance_to_road_m": 17.043, "elevation_m": 561.606, "acc_cells": 68, "upstream_area_m2": 61325.263167777026, "graph_in_degree": 2, "graph_out_degree": 1, "source_type": "inferred_surface_to_drainage_coupling", "is_observed": 0, "mapping_tolerance_m": 30.0, "coupling_threshold_m": 20.0 }, "geometry": { "type": "Point", "coordinates": [ 376757.791000000026543, 2046561.903 ] } },
{ "type": "Feature", "properties": { "inlet_id": "RN_INLET_00031", "drain_node_id": "RN_DNODE_00040", "drain_id": "RN_DRAIN_00081", "road_id": "RN_ROAD_00560", "candidate_method": "road_proximity", "spatial_class": "near", "coupling_eligible": 1, "distance_to_road_m": 5.392, "elevation_m": 562.325, "acc_cells": 258, "upstream_area_m2": 232369.34584204532, "graph_in_degree": 1, "graph_out_degree": 1, "source_type": "inferred_surface_to_drainage_coupling", "is_observed": 0, "mapping_tolerance_m": 30.0, "coupling_threshold_m": 20.0 }, "geometry": { "type": "Point", "coordinates": [ 376757.791000000026543, 2046621.903 ] } },
{ "type": "Feature", "properties": { "inlet_id": "RN_INLET_00032", "drain_node_id": "RN_DNODE_00047", "drain_id": "RN_DRAIN_00137", "road_id": "RN_ROAD_00543", "candidate_method": "road_proximity", "spatial_class": "near", "coupling_eligible": 1, "distance_to_road_m": 1.362, "elevation_m": 561.576, "acc_cells": 34, "upstream_area_m2": 30770.230703266257, "graph_in_degree": 0, "graph_out_degree": 1, "source_type": "inferred_surface_to_drainage_coupling", "is_observed": 0, "mapping_tolerance_m": 30.0, "coupling_threshold_m": 20.0 }, "geometry": { "type": "Point", "coordinates": [ 376787.791000000026543, 2046531.903 ] } },
{ "type": "Feature", "properties": { "inlet_id": "RN_INLET_00033", "drain_node_id": "RN_DNODE_00048", "drain_id": "RN_DRAIN_00122", "road_id": "RN_ROAD_00558", "candidate_method": "road_proximity", "spatial_class": "near", "coupling_eligible": 1, "distance_to_road_m": 1.989, "elevation_m": 561.554, "acc_cells": 68, "upstream_area_m2": 61105.157560307816, "graph_in_degree": 1, "graph_out_degree": 1, "source_type": "inferred_surface_to_drainage_coupling", "is_observed": 0, "mapping_tolerance_m": 30.0, "coupling_threshold_m": 20.0 }, "geometry": { "type": "Point", "coordinates": [ 376787.791000000026543, 2046561.903 ] } },
{ "type": "Feature", "properties": { "inlet_id": "RN_INLET_00034", "drain_node_id": "RN_DNODE_00049", "drain_id": "RN_DRAIN_00105", "road_id": "RN_ROAD_00558", "candidate_method": "road_proximity", "spatial_class": "near", "coupling_eligible": 1, "distance_to_road_m": 9.027, "elevation_m": 561.532, "acc_cells": 71, "upstream_area_m2": 64187.420216986815, "graph_in_degree": 1, "graph_out_degree": 1, "source_type": "inferred_surface_to_drainage_coupling", "is_observed": 0, "mapping_tolerance_m": 30.0, "coupling_threshold_m": 20.0 }, "geometry": { "type": "Point", "coordinates": [ 376787.791000000026543, 2046591.903 ] } },
{ "type": "Feature", "properties": { "inlet_id": "RN_INLET_00035", "drain_node_id": "RN_DNODE_00050", "drain_id": "RN_DRAIN_00082", "road_id": "RN_ROAD_00558", "candidate_method": "road_proximity", "spatial_class": "distant_candidate", "coupling_eligible": 0, "distance_to_road_m": 20.298, "elevation_m": 561.51, "acc_cells": 227, "upstream_area_m2": 203997.75689618781, "graph_in_degree": 1, "graph_out_degree": 1, "source_type": "inferred_surface_to_drainage_coupling", "is_observed": 0, "mapping_tolerance_m": 30.0, "coupling_threshold_m": 20.0 }, "geometry": { "type": "Point", "coordinates": [ 376787.791000000026543, 2046621.903 ] } },
{ "type": "Feature", "properties": { "inlet_id": "RN_INLET_00036", "drain_node_id": "RN_DNODE_00056", "drain_id": "RN_DRAIN_00123", "road_id": "RN_ROAD_00565", "candidate_method": "road_proximity", "spatial_class": "distant_candidate", "coupling_eligible": 0, "distance_to_road_m": 21.466, "elevation_m": 561.501, "acc_cells": 64, "upstream_area_m2": 57421.680149288026, "graph_in_degree": 0, "graph_out_degree": 1, "source_type": "inferred_surface_to_drainage_coupling", "is_observed": 0, "mapping_tolerance_m": 30.0, "coupling_threshold_m": 20.0 }, "geometry": { "type": "Point", "coordinates": [ 376817.791000000026543, 2046561.903 ] } },
{ "type": "Feature", "properties": { "inlet_id": "RN_INLET_00037", "drain_node_id": "RN_DNODE_00059", "drain_id": "RN_DRAIN_00447", "road_id": "RN_ROAD_00235", "candidate_method": "road_proximity", "spatial_class": "moderate", "coupling_eligible": 1, "distance_to_road_m": 14.113, "elevation_m": 556.345, "acc_cells": 95, "upstream_area_m2": 85340.008275813598, "graph_in_degree": 0, "graph_out_degree": 1, "source_type": "inferred_surface_to_drainage_coupling", "is_observed": 0, "mapping_tolerance_m": 30.0, "coupling_threshold_m": 20.0 }, "geometry": { "type": "Point", "coordinates": [ 376847.791000000026543, 2045781.903 ] } },
{ "type": "Feature", "properties": { "inlet_id": "RN_INLET_00038", "drain_node_id": "RN_DNODE_00060", "drain_id": "RN_DRAIN_00432", "road_id": "RN_ROAD_00235", "candidate_method": "road_proximity", "spatial_class": "distant_candidate", "coupling_eligible": 0, "distance_to_road_m": 21.145, "elevation_m": 556.217, "acc_cells": 4917, "upstream_area_m2": 4425390.9938247195, "graph_in_degree": 2, "graph_out_degree": 1, "source_type": "inferred_surface_to_drainage_coupling", "is_observed": 0, "mapping_tolerance_m": 30.0, "coupling_threshold_m": 20.0 }, "geometry": { "type": "Point", "coordinates": [ 376847.791000000026543, 2045811.903 ] } },
{ "type": "Feature", "properties": { "inlet_id": "RN_INLET_00039", "drain_node_id": "RN_DNODE_00068", "drain_id": "RN_DRAIN_00433", "road_id": "RN_ROAD_00234", "candidate_method": "road_proximity", "spatial_class": "near", "coupling_eligible": 1, "distance_to_road_m": 6.637, "elevation_m": 556.164, "acc_cells": 4934, "upstream_area_m2": 4440325.2776955999, "graph_in_degree": 3, "graph_out_degree": 1, "source_type": "inferred_surface_to_drainage_coupling", "is_observed": 0, "mapping_tolerance_m": 30.0, "coupling_threshold_m": 20.0 }, "geometry": { "type": "Point", "coordinates": [ 376877.791000000026543, 2045811.903 ] } },
{ "type": "Feature", "properties": { "inlet_id": "RN_INLET_00040", "drain_node_id": "RN_DNODE_00069", "drain_id": "RN_DRAIN_00421", "road_id": "RN_ROAD_00235", "candidate_method": "road_proximity", "spatial_class": "near", "coupling_eligible": 1, "distance_to_road_m": 7.843, "elevation_m": 556.186, "acc_cells": 170, "upstream_area_m2": 152735.26192032368, "graph_in_degree": 1, "graph_out_degree": 1, "source_type": "inferred_surface_to_drainage_coupling", "is_observed": 0, "mapping_tolerance_m": 30.0, "coupling_threshold_m": 20.0 }, "geometry": { "type": "Point", "coordinates": [ 376877.791000000026543, 2045841.903 ] } },
{ "type": "Feature", "properties": { "inlet_id": "RN_INLET_00041", "drain_node_id": "RN_DNODE_00071", "drain_id": "RN_DRAIN_00174", "road_id": "RN_ROAD_00290", "candidate_method": "road_proximity", "spatial_class": "near", "coupling_eligible": 1, "distance_to_road_m": 0.717, "elevation_m": 561.371, "acc_cells": 29, "upstream_area_m2": 25963.104190348462, "graph_in_degree": 0, "graph_out_degree": 1, "source_type": "inferred_surface_to_drainage_coupling", "is_observed": 0, "mapping_tolerance_m": 30.0, "coupling_threshold_m": 20.0 }, "geometry": { "type": "Point", "coordinates": [ 376877.791000000026543, 2046441.903 ] } },
{ "type": "Feature", "properties": { "inlet_id": "RN_INLET_00042", "drain_node_id": "RN_DNODE_00073", "drain_id": "RN_DRAIN_00434", "road_id": "RN_ROAD_00234", "candidate_method": "road_proximity", "spatial_class": "distant_candidate", "coupling_eligible": 0, "distance_to_road_m": 20.247, "elevation_m": 556.112, "acc_cells": 5103, "upstream_area_m2": 4592890.0526896613, "graph_in_degree": 2, "graph_out_degree": 1, "source_type": "inferred_surface_to_drainage_coupling", "is_observed": 0, "mapping_tolerance_m": 30.0, "coupling_threshold_m": 20.0 }, "geometry": { "type": "Point", "coordinates": [ 376907.791000000026543, 2045811.903 ] } },
{ "type": "Feature", "properties": { "inlet_id": "RN_INLET_00043", "drain_node_id": "RN_DNODE_00078", "drain_id": "RN_DRAIN_00175", "road_id": "RN_ROAD_00291", "candidate_method": "road_proximity", "spatial_class": "near", "coupling_eligible": 1, "distance_to_road_m": 6.414, "elevation_m": 560.507, "acc_cells": 31, "upstream_area_m2": 27623.30626808128, "graph_in_degree": 1, "graph_out_degree": 1, "source_type": "inferred_surface_to_drainage_coupling", "is_observed": 0, "mapping_tolerance_m": 30.0, "coupling_threshold_m": 20.0 }, "geometry": { "type": "Point", "coordinates": [ 376907.791000000026543, 2046441.903 ] } },
{ "type": "Feature", "properties": { "inlet_id": "RN_INLET_00044", "drain_node_id": "RN_DNODE_00079", "drain_id": "RN_DRAIN_00086", "road_id": "RN_ROAD_00571", "candidate_method": "road_proximity", "spatial_class": "moderate", "coupling_eligible": 1, "distance_to_road_m": 12.245, "elevation_m": 561.301, "acc_cells": 433, "upstream_area_m2": 389602.13136041665, "graph_in_degree": 1, "graph_out_degree": 1, "source_type": "inferred_surface_to_drainage_coupling", "is_observed": 0, "mapping_tolerance_m": 30.0, "coupling_threshold_m": 20.0 }, "geometry": { "type": "Point", "coordinates": [ 376907.791000000026543, 2046621.903 ] } },
{ "type": "Feature", "properties": { "inlet_id": "RN_INLET_00045", "drain_node_id": "RN_DNODE_00082", "drain_id": "RN_DRAIN_00056", "road_id": "RN_ROAD_00586", "candidate_method": "road_proximity", "spatial_class": "distant_candidate", "coupling_eligible": 0, "distance_to_road_m": 21.113, "elevation_m": 563.597, "acc_cells": 28, "upstream_area_m2": 25339.322120862831, "graph_in_degree": 0, "graph_out_degree": 1, "source_type": "inferred_surface_to_drainage_coupling", "is_observed": 0, "mapping_tolerance_m": 30.0, "coupling_threshold_m": 20.0 }, "geometry": { "type": "Point", "coordinates": [ 376907.791000000026543, 2046711.903 ] } },
{ "type": "Feature", "properties": { "inlet_id": "RN_INLET_00046", "drain_node_id": "RN_DNODE_00087", "drain_id": "RN_DRAIN_00176", "road_id": "RN_ROAD_00291", "candidate_method": "road_proximity", "spatial_class": "distant_candidate", "coupling_eligible": 0, "distance_to_road_m": 23.553, "elevation_m": 557.746, "acc_cells": 33, "upstream_area_m2": 29886.405734462933, "graph_in_degree": 1, "graph_out_degree": 1, "source_type": "inferred_surface_to_drainage_coupling", "is_observed": 0, "mapping_tolerance_m": 30.0, "coupling_threshold_m": 20.0 }, "geometry": { "type": "Point", "coordinates": [ 376937.791000000026543, 2046441.903 ] } },
{ "type": "Feature", "properties": { "inlet_id": "RN_INLET_00047", "drain_node_id": "RN_DNODE_00088", "drain_id": "RN_DRAIN_00087", "road_id": "RN_ROAD_00584", "candidate_method": "road_proximity", "spatial_class": "moderate", "coupling_eligible": 1, "distance_to_road_m": 10.345, "elevation_m": 561.249, "acc_cells": 445, "upstream_area_m2": 400122.14380717149, "graph_in_degree": 2, "graph_out_degree": 1, "source_type": "inferred_surface_to_drainage_coupling", "is_observed": 0, "mapping_tolerance_m": 30.0, "coupling_threshold_m": 20.0 }, "geometry": { "type": "Point", "coordinates": [ 376937.791000000026543, 2046621.903 ] } },
{ "type": "Feature", "properties": { "inlet_id": "RN_INLET_00048", "drain_node_id": "RN_DNODE_00096", "drain_id": "RN_DRAIN_00186", "road_id": "RN_ROAD_00289", "candidate_method": "road_proximity", "spatial_class": "near", "coupling_eligible": 1, "distance_to_road_m": 3.928, "elevation_m": 555.219, "acc_cells": 39, "upstream_area_m2": 35509.186195964503, "graph_in_degree": 1, "graph_out_degree": 1, "source_type": "inferred_surface_to_drainage_coupling", "is_observed": 0, "mapping_tolerance_m": 30.0, "coupling_threshold_m": 20.0 }, "geometry": { "type": "Point", "coordinates": [ 376967.791000000026543, 2046411.903 ] } },
{ "type": "Feature", "properties": { "inlet_id": "RN_INLET_00049", "drain_node_id": "RN_DNODE_00097", "drain_id": "RN_DRAIN_00088", "road_id": "RN_ROAD_00569", "candidate_method": "road_proximity", "spatial_class": "near", "coupling_eligible": 1, "distance_to_road_m": 7.712, "elevation_m": 558.935, "acc_cells": 429, "upstream_area_m2": 386279.38812344428, "graph_in_degree": 1, "graph_out_degree": 1, "source_type": "inferred_surface_to_drainage_coupling", "is_observed": 0, "mapping_tolerance_m": 30.0, "coupling_threshold_m": 20.0 }, "geometry": { "type": "Point", "coordinates": [ 376967.791000000026543, 2046621.903 ] } },
{ "type": "Feature", "properties": { "inlet_id": "RN_INLET_00050", "drain_node_id": "RN_DNODE_00102", "drain_id": "RN_DRAIN_00284", "road_id": "RN_ROAD_00235", "candidate_method": "road_proximity", "spatial_class": "distant_candidate", "coupling_eligible": 0, "distance_to_road_m": 27.646, "elevation_m": 552.453, "acc_cells": 73, "upstream_area_m2": 65716.404465082349, "graph_in_degree": 1, "graph_out_degree": 1, "source_type": "inferred_surface_to_drainage_coupling", "is_observed": 0, "mapping_tolerance_m": 30.0, "coupling_threshold_m": 20.0 }, "geometry": { "type": "Point", "coordinates": [ 376997.791000000026543, 2046201.903 ] } },
{ "type": "Feature", "properties": { "inlet_id": "RN_INLET_00051", "drain_node_id": "RN_DNODE_00103", "drain_id": "RN_DRAIN_00225", "road_id": "RN_ROAD_00285", "candidate_method": "road_proximity", "spatial_class": "distant_candidate", "coupling_eligible": 0, "distance_to_road_m": 26.229, "elevation_m": 554.146, "acc_cells": 390, "upstream_area_m2": 350989.38968068745, "graph_in_degree": 1, "graph_out_degree": 1, "source_type": "inferred_surface_to_drainage_coupling", "is_observed": 0, "mapping_tolerance_m": 30.0, "coupling_threshold_m": 20.0 }, "geometry": { "type": "Point", "coordinates": [ 376997.791000000026543, 2046321.903 ] } },
{ "type": "Feature", "properties": { "inlet_id": "RN_INLET_00052", "drain_node_id": "RN_DNODE_00104", "drain_id": "RN_DRAIN_00187", "road_id": "RN_ROAD_00289", "candidate_method": "road_proximity", "spatial_class": "near", "coupling_eligible": 1, "distance_to_road_m": 4.693, "elevation_m": 554.235, "acc_cells": 50, "upstream_area_m2": 45001.561505901656, "graph_in_degree": 1, "graph_out_degree": 1, "source_type": "inferred_surface_to_drainage_coupling", "is_observed": 0, "mapping_tolerance_m": 30.0, "coupling_threshold_m": 20.0 }, "geometry": { "type": "Point", "coordinates": [ 376997.791000000026543, 2046411.903 ] } },
{ "type": "Feature", "properties": { "inlet_id": "RN_INLET_00053", "drain_node_id": "RN_DNODE_00105", "drain_id": "RN_DRAIN_00089", "road_id": "RN_ROAD_00573", "candidate_method": "road_proximity", "spatial_class": "near", "coupling_eligible": 1, "distance_to_road_m": 8.16, "elevation_m": 556.897, "acc_cells": 434, "upstream_area_m2": 390451.98033094988, "graph_in_degree": 1, "graph_out_degree": 1, "source_type": "inferred_surface_to_drainage_coupling", "is_observed": 0, "mapping_tolerance_m": 30.0, "coupling_threshold_m": 20.0 }, "geometry": { "type": "Point", "coordinates": [ 376997.791000000026543, 2046621.903 ] } },
{ "type": "Feature", "properties": { "inlet_id": "RN_INLET_00054", "drain_node_id": "RN_DNODE_00111", "drain_id": "RN_DRAIN_00285", "road_id": "RN_ROAD_00235", "candidate_method": "road_proximity", "spatial_class": "near", "coupling_eligible": 1, "distance_to_road_m": 2.352, "elevation_m": 552.4, "acc_cells": 78, "upstream_area_m2": 70009.211436012585, "graph_in_degree": 1, "graph_out_degree": 1, "source_type": "inferred_surface_to_drainage_coupling", "is_observed": 0, "mapping_tolerance_m": 30.0, "coupling_threshold_m": 20.0 }, "geometry": { "type": "Point", "coordinates": [ 377027.791000000026543, 2046201.903 ] } },
{ "type": "Feature", "properties": { "inlet_id": "RN_INLET_00055", "drain_node_id": "RN_DNODE_00112", "drain_id": "RN_DRAIN_00226", "road_id": "RN_ROAD_00285", "candidate_method": "road_proximity", "spatial_class": "near", "coupling_eligible": 1, "distance_to_road_m": 3.768, "elevation_m": 553.412, "acc_cells": 407, "upstream_area_m2": 366111.84626397403, "graph_in_degree": 1, "graph_out_degree": 1, "source_type": "inferred_surface_to_drainage_coupling", "is_observed": 0, "mapping_tolerance_m": 30.0, "coupling_threshold_m": 20.0 }, "geometry": { "type": "Point", "coordinates": [ 377027.791000000026543, 2046321.903 ] } },
{ "type": "Feature", "properties": { "inlet_id": "RN_INLET_00056", "drain_node_id": "RN_DNODE_00113", "drain_id": "RN_DRAIN_00188", "road_id": "RN_ROAD_00289", "candidate_method": "road_proximity", "spatial_class": "near", "coupling_eligible": 1, "distance_to_road_m": 4.92, "elevation_m": 554.15, "acc_cells": 52, "upstream_area_m2": 46848.363487628136, "graph_in_degree": 1, "graph_out_degree": 1, "source_type": "inferred_surface_to_drainage_coupling", "is_observed": 0, "mapping_tolerance_m": 30.0, "coupling_threshold_m": 20.0 }, "geometry": { "type": "Point", "coordinates": [ 377027.791000000026543, 2046411.903 ] } },
{ "type": "Feature", "properties": { "inlet_id": "RN_INLET_00057", "drain_node_id": "RN_DNODE_00114", "drain_id": "RN_DRAIN_00108", "road_id": "RN_ROAD_00572", "candidate_method": "road_proximity", "spatial_class": "moderate", "coupling_eligible": 1, "distance_to_road_m": 15.885, "elevation_m": 555.071, "acc_cells": 60, "upstream_area_m2": 54017.18363060883, "graph_in_degree": 0, "graph_out_degree": 1, "source_type": "inferred_surface_to_drainage_coupling", "is_observed": 0, "mapping_tolerance_m": 30.0, "coupling_threshold_m": 20.0 }, "geometry": { "type": "Point", "coordinates": [ 377027.791000000026543, 2046591.903 ] } },
{ "type": "Feature", "properties": { "inlet_id": "RN_INLET_00058", "drain_node_id": "RN_DNODE_00115", "drain_id": "RN_DRAIN_00090", "road_id": "RN_ROAD_00572", "candidate_method": "road_proximity", "spatial_class": "moderate", "coupling_eligible": 1, "distance_to_road_m": 13.957, "elevation_m": 554.951, "acc_cells": 387, "upstream_area_m2": 348210.10099122551, "graph_in_degree": 2, "graph_out_degree": 1, "source_type": "inferred_surface_to_drainage_coupling", "is_observed": 0, "mapping_tolerance_m": 30.0, "coupling_threshold_m": 20.0 }, "geometry": { "type": "Point", "coordinates": [ 377027.791000000026543, 2046621.903 ] } },
{ "type": "Feature", "properties": { "inlet_id": "RN_INLET_00059", "drain_node_id": "RN_DNODE_00122", "drain_id": "RN_DRAIN_00298", "road_id": "RN_ROAD_00234", "candidate_method": "road_proximity", "spatial_class": "distant_candidate", "coupling_eligible": 0, "distance_to_road_m": 24.408, "elevation_m": 552.326, "acc_cells": 87, "upstream_area_m2": 78192.144041604464, "graph_in_degree": 1, "graph_out_degree": 1, "source_type": "inferred_surface_to_drainage_coupling", "is_observed": 0, "mapping_tolerance_m": 30.0, "coupling_threshold_m": 20.0 }, "geometry": { "type": "Point", "coordinates": [ 377057.791000000026543, 2046171.903 ] } },
{ "type": "Feature", "properties": { "inlet_id": "RN_INLET_00060", "drain_node_id": "RN_DNODE_00123", "drain_id": "RN_DRAIN_00227", "road_id": "RN_ROAD_00286", "candidate_method": "road_proximity", "spatial_class": "distant_candidate", "coupling_eligible": 0, "distance_to_road_m": 21.866, "elevation_m": 553.247, "acc_cells": 354, "upstream_area_m2": 318818.65102095285, "graph_in_degree": 2, "graph_out_degree": 1, "source_type": "inferred_surface_to_drainage_coupling", "is_observed": 0, "mapping_tolerance_m": 30.0, "coupling_threshold_m": 20.0 }, "geometry": { "type": "Point", "coordinates": [ 377057.791000000026543, 2046321.903 ] } },
{ "type": "Feature", "properties": { "inlet_id": "RN_INLET_00061", "drain_node_id": "RN_DNODE_00124", "drain_id": "RN_DRAIN_00211", "road_id": "RN_ROAD_00286", "candidate_method": "road_proximity", "spatial_class": "distant_candidate", "coupling_eligible": 0, "distance_to_road_m": 21.357, "elevation_m": 553.25, "acc_cells": 69, "upstream_area_m2": 61712.019580799388, "graph_in_degree": 0, "graph_out_degree": 1, "source_type": "inferred_surface_to_drainage_coupling", "is_observed": 0, "mapping_tolerance_m": 30.0, "coupling_threshold_m": 20.0 }, "geometry": { "type": "Point", "coordinates": [ 377057.791000000026543, 2046351.903 ] } },
{ "type": "Feature", "properties": { "inlet_id": "RN_INLET_00062", "drain_node_id": "RN_DNODE_00126", "drain_id": "RN_DRAIN_00109", "road_id": "RN_ROAD_00572", "candidate_method": "road_proximity", "spatial_class": "distant_candidate", "coupling_eligible": 0, "distance_to_road_m": 26.89, "elevation_m": 551.847, "acc_cells": 208, "upstream_area_m2": 187283.25781747696, "graph_in_degree": 0, "graph_out_degree": 1, "source_type": "inferred_surface_to_drainage_coupling", "is_observed": 0, "mapping_tolerance_m": 30.0, "coupling_threshold_m": 20.0 }, "geometry": { "type": "Point", "coordinates": [ 377057.791000000026543, 2046591.903 ] } },
{ "type": "Feature", "properties": { "inlet_id": "RN_INLET_00063", "drain_node_id": "RN_DNODE_00127", "drain_id": "RN_DRAIN_00091", "road_id": "RN_ROAD_00572", "candidate_method": "road_proximity", "spatial_class": "distant_candidate", "coupling_eligible": 0, "distance_to_road_m": 26.703, "elevation_m": 552.609, "acc_cells": 237, "upstream_area_m2": 213445.87366328959, "graph_in_degree": 1, "graph_out_degree": 1, "source_type": "inferred_surface_to_drainage_coupling", "is_observed": 0, "mapping_tolerance_m": 30.0, "coupling_threshold_m": 20.0 }, "geometry": { "type": "Point", "coordinates": [ 377057.791000000026543, 2046621.903 ] } },
{ "type": "Feature", "properties": { "inlet_id": "RN_INLET_00064", "drain_node_id": "RN_DNODE_00135", "drain_id": "RN_DRAIN_00201", "road_id": "RN_ROAD_00288", "candidate_method": "road_proximity", "spatial_class": "moderate", "coupling_eligible": 1, "distance_to_road_m": 19.078, "elevation_m": 552.976, "acc_cells": 68, "upstream_area_m2": 60849.090879882191, "graph_in_degree": 0, "graph_out_degree": 1, "source_type": "inferred_surface_to_drainage_coupling", "is_observed": 0, "mapping_tolerance_m": 30.0, "coupling_threshold_m": 20.0 }, "geometry": { "type": "Point", "coordinates": [ 377087.791000000026543, 2046381.903 ] } },
{ "type": "Feature", "properties": { "inlet_id": "RN_INLET_00065", "drain_node_id": "RN_DNODE_00140", "drain_id": "RN_DRAIN_00498", "road_id": "RN_ROAD_00216", "candidate_method": "road_proximity", "spatial_class": "distant_candidate", "coupling_eligible": 0, "distance_to_road_m": 29.841, "elevation_m": 549.657, "acc_cells": 48, "upstream_area_m2": 42949.980086257179, "graph_in_degree": 1, "graph_out_degree": 1, "source_type": "inferred_surface_to_drainage_coupling", "is_observed": 0, "mapping_tolerance_m": 30.0, "coupling_threshold_m": 20.0 }, "geometry": { "type": "Point", "coordinates": [ 377117.791000000026543, 2045661.903 ] } },
{ "type": "Feature", "properties": { "inlet_id": "RN_INLET_00066", "drain_node_id": "RN_DNODE_00151", "drain_id": "RN_DRAIN_00202", "road_id": "RN_ROAD_00288", "candidate_method": "road_proximity", "spatial_class": "distant_candidate", "coupling_eligible": 0, "distance_to_road_m": 20.311, "elevation_m": 550.467, "acc_cells": 38, "upstream_area_m2": 33854.091977619195, "graph_in_degree": 0, "graph_out_degree": 1, "source_type": "inferred_surface_to_drainage_coupling", "is_observed": 0, "mapping_tolerance_m": 30.0, "coupling_threshold_m": 20.0 }, "geometry": { "type": "Point", "coordinates": [ 377117.791000000026543, 2046381.903 ] } },
{ "type": "Feature", "properties": { "inlet_id": "RN_INLET_00067", "drain_node_id": "RN_DNODE_00152", "drain_id": "RN_DRAIN_00189", "road_id": "RN_ROAD_00289", "candidate_method": "road_proximity", "spatial_class": "near", "coupling_eligible": 1, "distance_to_road_m": 1.717, "elevation_m": 548.758, "acc_cells": 50, "upstream_area_m2": 44845.644654578609, "graph_in_degree": 0, "graph_out_degree": 1, "source_type": "inferred_surface_to_drainage_coupling", "is_observed": 0, "mapping_tolerance_m": 30.0, "coupling_threshold_m": 20.0 }, "geometry": { "type": "Point", "coordinates": [ 377117.791000000026543, 2046411.903 ] } },
{ "type": "Feature", "properties": { "inlet_id": "RN_INLET_00068", "drain_node_id": "RN_DNODE_00157", "drain_id": "RN_DRAIN_00507", "road_id": "RN_ROAD_00216", "candidate_method": "road_proximity", "spatial_class": "near", "coupling_eligible": 1, "distance_to_road_m": 2.64, "elevation_m": 557.547, "acc_cells": 48, "upstream_area_m2": 42909.701973271971, "graph_in_degree": 1, "graph_out_degree": 1, "source_type": "inferred_surface_to_drainage_coupling", "is_observed": 0, "mapping_tolerance_m": 30.0, "coupling_threshold_m": 20.0 }, "geometry": { "type": "Point", "coordinates": [ 377147.791000000026543, 2045631.903 ] } },
{ "type": "Feature", "properties": { "inlet_id": "RN_INLET_00069", "drain_node_id": "RN_DNODE_00170", "drain_id": "RN_DRAIN_00203", "road_id": "RN_ROAD_00288", "candidate_method": "road_proximity", "spatial_class": "distant_candidate", "coupling_eligible": 0, "distance_to_road_m": 21.544, "elevation_m": 547.193, "acc_cells": 59, "upstream_area_m2": 53128.519431805122, "graph_in_degree": 0, "graph_out_degree": 1, "source_type": "inferred_surface_to_drainage_coupling", "is_observed": 0, "mapping_tolerance_m": 30.0, "coupling_threshold_m": 20.0 }, "geometry": { "type": "Point", "coordinates": [ 377147.791000000026543, 2046381.903 ] } },
{ "type": "Feature", "properties": { "inlet_id": "RN_INLET_00070", "drain_node_id": "RN_DNODE_00171", "drain_id": "RN_DRAIN_00190", "road_id": "RN_ROAD_00289", "candidate_method": "road_intersection", "spatial_class": "intersection", "coupling_eligible": 1, "distance_to_road_m": 0.483, "elevation_m": 546.068, "acc_cells": 29, "upstream_area_m2": 25764.474328937555, "graph_in_degree": 0, "graph_out_degree": 1, "source_type": "inferred_surface_to_drainage_coupling", "is_observed": 0, "mapping_tolerance_m": 30.0, "coupling_threshold_m": 20.0 }, "geometry": { "type": "Point", "coordinates": [ 377147.791000000026543, 2046411.903 ] } },
{ "type": "Feature", "properties": { "inlet_id": "RN_INLET_00071", "drain_node_id": "RN_DNODE_00180", "drain_id": "RN_DRAIN_00516", "road_id": "RN_ROAD_00213", "candidate_method": "road_proximity", "spatial_class": "near", "coupling_eligible": 1, "distance_to_road_m": 2.666, "elevation_m": 557.621, "acc_cells": 47, "upstream_area_m2": 41965.09832358329, "graph_in_degree": 1, "graph_out_degree": 1, "source_type": "inferred_surface_to_drainage_coupling", "is_observed": 0, "mapping_tolerance_m": 30.0, "coupling_threshold_m": 20.0 }, "geometry": { "type": "Point", "coordinates": [ 377177.791000000026543, 2045601.903 ] } },
{ "type": "Feature", "properties": { "inlet_id": "RN_INLET_00072", "drain_node_id": "RN_DNODE_00181", "drain_id": "RN_DRAIN_00487", "road_id": "RN_ROAD_00233", "candidate_method": "road_proximity", "spatial_class": "moderate", "coupling_eligible": 1, "distance_to_road_m": 16.254, "elevation_m": 553.4, "acc_cells": 87, "upstream_area_m2": 78196.542325108312, "graph_in_degree": 1, "graph_out_degree": 1, "source_type": "inferred_surface_to_drainage_coupling", "is_observed": 0, "mapping_tolerance_m": 30.0, "coupling_threshold_m": 20.0 }, "geometry": { "type": "Point", "coordinates": [ 377177.791000000026543, 2045691.903 ] } },
{ "type": "Feature", "properties": { "inlet_id": "RN_INLET_00073", "drain_node_id": "RN_DNODE_00196", "drain_id": "RN_DRAIN_00204", "road_id": "RN_ROAD_00288", "candidate_method": "road_proximity", "spatial_class": "distant_candidate", "coupling_eligible": 0, "distance_to_road_m": 22.776, "elevation_m": 544.124, "acc_cells": 9766, "upstream_area_m2": 8789692.7538954224, "graph_in_degree": 3, "graph_out_degree": 1, "source_type": "inferred_surface_to_drainage_coupling", "is_observed": 0, "mapping_tolerance_m": 30.0, "coupling_threshold_m": 20.0 }, "geometry": { "type": "Point", "coordinates": [ 377177.791000000026543, 2046381.903 ] } },
{ "type": "Feature", "properties": { "inlet_id": "RN_INLET_00074", "drain_node_id": "RN_DNODE_00197", "drain_id": "RN_DRAIN_00191", "road_id": "RN_ROAD_00289", "candidate_method": "road_proximity", "spatial_class": "near", "coupling_eligible": 1, "distance_to_road_m": 0.751, "elevation_m": 544.072, "acc_cells": 10092, "upstream_area_m2": 9082420.0524120089, "graph_in_degree": 5, "graph_out_degree": 1, "source_type": "inferred_surface_to_drainage_coupling", "is_observed": 0, "mapping_tolerance_m": 30.0, "coupling_threshold_m": 20.0 }, "geometry": { "type": "Point", "coordinates": [ 377177.791000000026543, 2046411.903 ] } },
{ "type": "Feature", "properties": { "inlet_id": "RN_INLET_00075", "drain_node_id": "RN_DNODE_00198", "drain_id": "RN_DRAIN_00179", "road_id": "RN_ROAD_00289", "candidate_method": "road_proximity", "spatial_class": "distant_candidate", "coupling_eligible": 0, "distance_to_road_m": 29.223, "elevation_m": 544.02, "acc_cells": 10082, "upstream_area_m2": 9073458.5318259019, "graph_in_degree": 1, "graph_out_degree": 1, "source_type": "inferred_surface_to_drainage_coupling", "is_observed": 0, "mapping_tolerance_m": 30.0, "coupling_threshold_m": 20.0 }, "geometry": { "type": "Point", "coordinates": [ 377177.791000000026543, 2046441.903 ] } },
{ "type": "Feature", "properties": { "inlet_id": "RN_INLET_00076", "drain_node_id": "RN_DNODE_00206", "drain_id": "RN_DRAIN_00517", "road_id": "RN_ROAD_00213", "candidate_method": "road_proximity", "spatial_class": "near", "coupling_eligible": 1, "distance_to_road_m": 3.205, "elevation_m": 557.673, "acc_cells": 36, "upstream_area_m2": 32818.062108530212, "graph_in_degree": 1, "graph_out_degree": 1, "source_type": "inferred_surface_to_drainage_coupling", "is_observed": 0, "mapping_tolerance_m": 30.0, "coupling_threshold_m": 20.0 }, "geometry": { "type": "Point", "coordinates": [ 377207.791000000026543, 2045601.903 ] } },
{ "type": "Feature", "properties": { "inlet_id": "RN_INLET_00077", "drain_node_id": "RN_DNODE_00207", "drain_id": "RN_DRAIN_00488", "road_id": "RN_ROAD_00233", "candidate_method": "road_proximity", "spatial_class": "moderate", "coupling_eligible": 1, "distance_to_road_m": 15.653, "elevation_m": 556.549, "acc_cells": 132, "upstream_area_m2": 118578.76501064238, "graph_in_degree": 1, "graph_out_degree": 1, "source_type": "inferred_surface_to_drainage_coupling", "is_observed": 0, "mapping_tolerance_m": 30.0, "coupling_threshold_m": 20.0 }, "geometry": { "type": "Point", "coordinates": [ 377207.791000000026543, 2045691.903 ] } },
{ "type": "Feature", "properties": { "inlet_id": "RN_INLET_00078", "drain_node_id": "RN_DNODE_00224", "drain_id": "RN_DRAIN_00205", "road_id": "RN_ROAD_00288", "candidate_method": "road_proximity", "spatial_class": "distant_candidate", "coupling_eligible": 0, "distance_to_road_m": 24.009, "elevation_m": 544.146, "acc_cells": 813, "upstream_area_m2": 731586.57782509818, "graph_in_degree": 0, "graph_out_degree": 1, "source_type": "inferred_surface_to_drainage_coupling", "is_observed": 0, "mapping_tolerance_m": 30.0, "coupling_threshold_m": 20.0 }, "geometry": { "type": "Point", "coordinates": [ 377207.791000000026543, 2046381.903 ] } },
{ "type": "Feature", "properties": { "inlet_id": "RN_INLET_00079", "drain_node_id": "RN_DNODE_00225", "drain_id": "RN_DRAIN_00192", "road_id": "RN_ROAD_00289", "candidate_method": "road_proximity", "spatial_class": "near", "coupling_eligible": 1, "distance_to_road_m": 1.985, "elevation_m": 544.094, "acc_cells": 510, "upstream_area_m2": 459003.00918012892, "graph_in_degree": 0, "graph_out_degree": 1, "source_type": "inferred_surface_to_drainage_coupling", "is_observed": 0, "mapping_tolerance_m": 30.0, "coupling_threshold_m": 20.0 }, "geometry": { "type": "Point", "coordinates": [ 377207.791000000026543, 2046411.903 ] } },
{ "type": "Feature", "properties": { "inlet_id": "RN_INLET_00080", "drain_node_id": "RN_DNODE_00226", "drain_id": "RN_DRAIN_00180", "road_id": "RN_ROAD_00289", "candidate_method": "road_proximity", "spatial_class": "distant_candidate", "coupling_eligible": 0, "distance_to_road_m": 27.989, "elevation_m": 544.041, "acc_cells": 396, "upstream_area_m2": 356390.34843899001, "graph_in_degree": 0, "graph_out_degree": 1, "source_type": "inferred_surface_to_drainage_coupling", "is_observed": 0, "mapping_tolerance_m": 30.0, "coupling_threshold_m": 20.0 }, "geometry": { "type": "Point", "coordinates": [ 377207.791000000026543, 2046441.903 ] } },
{ "type": "Feature", "properties": { "inlet_id": "RN_INLET_00081", "drain_node_id": "RN_DNODE_00233", "drain_id": "RN_DRAIN_00518", "road_id": "RN_ROAD_00213", "candidate_method": "road_proximity", "spatial_class": "near", "coupling_eligible": 1, "distance_to_road_m": 3.743, "elevation_m": 558.547, "acc_cells": 33, "upstream_area_m2": 30144.193076794596, "graph_in_degree": 1, "graph_out_degree": 1, "source_type": "inferred_surface_to_drainage_coupling", "is_observed": 0, "mapping_tolerance_m": 30.0, "coupling_threshold_m": 20.0 }, "geometry": { "type": "Point", "coordinates": [ 377237.791000000026543, 2045601.903 ] } },
{ "type": "Feature", "properties": { "inlet_id": "RN_INLET_00082", "drain_node_id": "RN_DNODE_00234", "drain_id": "RN_DRAIN_00489", "road_id": "RN_ROAD_00233", "candidate_method": "road_proximity", "spatial_class": "moderate", "coupling_eligible": 1, "distance_to_road_m": 15.98, "elevation_m": 557.462, "acc_cells": 130, "upstream_area_m2": 116561.5871496984, "graph_in_degree": 1, "graph_out_degree": 1, "source_type": "inferred_surface_to_drainage_coupling", "is_observed": 0, "mapping_tolerance_m": 30.0, "coupling_threshold_m": 20.0 }, "geometry": { "type": "Point", "coordinates": [ 377237.791000000026543, 2045691.903 ] } },
{ "type": "Feature", "properties": { "inlet_id": "RN_INLET_00083", "drain_node_id": "RN_DNODE_00253", "drain_id": "RN_DRAIN_00047", "road_id": "RN_ROAD_00635", "candidate_method": "road_proximity", "spatial_class": "distant_candidate", "coupling_eligible": 0, "distance_to_road_m": 28.711, "elevation_m": 543.453, "acc_cells": 1916, "upstream_area_m2": 1724711.4983518266, "graph_in_degree": 0, "graph_out_degree": 1, "source_type": "inferred_surface_to_drainage_coupling", "is_observed": 0, "mapping_tolerance_m": 30.0, "coupling_threshold_m": 20.0 }, "geometry": { "type": "Point", "coordinates": [ 377237.791000000026543, 2046741.903 ] } },
{ "type": "Feature", "properties": { "inlet_id": "RN_INLET_00084", "drain_node_id": "RN_DNODE_00254", "drain_id": "RN_DRAIN_00519", "road_id": "RN_ROAD_00213", "candidate_method": "road_proximity", "spatial_class": "near", "coupling_eligible": 1, "distance_to_road_m": 4.282, "elevation_m": 559.749, "acc_cells": 27, "upstream_area_m2": 24684.570690772754, "graph_in_degree": 1, "graph_out_degree": 1, "source_type": "inferred_surface_to_drainage_coupling", "is_observed": 0, "mapping_tolerance_m": 30.0, "coupling_threshold_m": 20.0 }, "geometry": { "type": "Point", "coordinates": [ 377267.791000000026543, 2045601.903 ] } },
{ "type": "Feature", "properties": { "inlet_id": "RN_INLET_00085", "drain_node_id": "RN_DNODE_00255", "drain_id": "RN_DRAIN_00490", "road_id": "RN_ROAD_00221", "candidate_method": "road_proximity", "spatial_class": "distant_candidate", "coupling_eligible": 0, "distance_to_road_m": 22.243, "elevation_m": 557.551, "acc_cells": 124, "upstream_area_m2": 111679.96233274964, "graph_in_degree": 2, "graph_out_degree": 1, "source_type": "inferred_surface_to_drainage_coupling", "is_observed": 0, "mapping_tolerance_m": 30.0, "coupling_threshold_m": 20.0 }, "geometry": { "type": "Point", "coordinates": [ 377267.791000000026543, 2045691.903 ] } },
{ "type": "Feature", "properties": { "inlet_id": "RN_INLET_00086", "drain_node_id": "RN_DNODE_00256", "drain_id": "RN_DRAIN_00406", "road_id": "RN_ROAD_00236", "candidate_method": "road_proximity", "spatial_class": "distant_candidate", "coupling_eligible": 0, "distance_to_road_m": 23.126, "elevation_m": 557.98, "acc_cells": 165, "upstream_area_m2": 148345.75031872178, "graph_in_degree": 0, "graph_out_degree": 1, "source_type": "inferred_surface_to_drainage_coupling", "is_observed": 0, "mapping_tolerance_m": 30.0, "coupling_threshold_m": 20.0 }, "geometry": { "type": "Point", "coordinates": [ 377267.791000000026543, 2045901.903 ] } },
{ "type": "Feature", "properties": { "inlet_id": "RN_INLET_00087", "drain_node_id": "RN_DNODE_00262", "drain_id": "RN_DRAIN_00520", "road_id": "RN_ROAD_00213", "candidate_method": "road_proximity", "spatial_class": "near", "coupling_eligible": 1, "distance_to_road_m": 4.821, "elevation_m": 561.31, "acc_cells": 27, "upstream_area_m2": 24104.053158140909, "graph_in_degree": 0, "graph_out_degree": 1, "source_type": "inferred_surface_to_drainage_coupling", "is_observed": 0, "mapping_tolerance_m": 30.0, "coupling_threshold_m": 20.0 }, "geometry": { "type": "Point", "coordinates": [ 377297.791000000026543, 2045601.903 ] } },
{ "type": "Feature", "properties": { "inlet_id": "RN_INLET_00088", "drain_node_id": "RN_DNODE_00263", "drain_id": "RN_DRAIN_00508", "road_id": "RN_ROAD_00213", "candidate_method": "road_proximity", "spatial_class": "distant_candidate", "coupling_eligible": 0, "distance_to_road_m": 25.174, "elevation_m": 560.838, "acc_cells": 27, "upstream_area_m2": 23867.589651507707, "graph_in_degree": 0, "graph_out_degree": 1, "source_type": "inferred_surface_to_drainage_coupling", "is_observed": 0, "mapping_tolerance_m": 30.0, "coupling_threshold_m": 20.0 }, "geometry": { "type": "Point", "coordinates": [ 377297.791000000026543, 2045631.903 ] } },
{ "type": "Feature", "properties": { "inlet_id": "RN_INLET_00089", "drain_node_id": "RN_DNODE_00264", "drain_id": "RN_DRAIN_00499", "road_id": "RN_ROAD_00221", "candidate_method": "road_proximity", "spatial_class": "near", "coupling_eligible": 1, "distance_to_road_m": 7.844, "elevation_m": 559.617, "acc_cells": 26, "upstream_area_m2": 23368.866952527223, "graph_in_degree": 0, "graph_out_degree": 1, "source_type": "inferred_surface_to_drainage_coupling", "is_observed": 0, "mapping_tolerance_m": 30.0, "coupling_threshold_m": 20.0 }, "geometry": { "type": "Point", "coordinates": [ 377297.791000000026543, 2045661.903 ] } },
{ "type": "Feature", "properties": { "inlet_id": "RN_INLET_00090", "drain_node_id": "RN_DNODE_00265", "drain_id": "RN_DRAIN_00491", "road_id": "RN_ROAD_00221", "candidate_method": "road_proximity", "spatial_class": "distant_candidate", "coupling_eligible": 0, "distance_to_road_m": 22.156, "elevation_m": 559.096, "acc_cells": 80, "upstream_area_m2": 72043.299321851693, "graph_in_degree": 1, "graph_out_degree": 1, "source_type": "inferred_surface_to_drainage_coupling", "is_observed": 0, "mapping_tolerance_m": 30.0, "coupling_threshold_m": 20.0 }, "geometry": { "type": "Point", "coordinates": [ 377297.791000000026543, 2045691.903 ] } },
{ "type": "Feature", "properties": { "inlet_id": "RN_INLET_00091", "drain_node_id": "RN_DNODE_00266", "drain_id": "RN_DRAIN_00407", "road_id": "RN_ROAD_00236", "candidate_method": "road_proximity", "spatial_class": "near", "coupling_eligible": 1, "distance_to_road_m": 5.303, "elevation_m": 559.07, "acc_cells": 411, "upstream_area_m2": 369760.90440848609, "graph_in_degree": 1, "graph_out_degree": 1, "source_type": "inferred_surface_to_drainage_coupling", "is_observed": 0, "mapping_tolerance_m": 30.0, "coupling_threshold_m": 20.0 }, "geometry": { "type": "Point", "coordinates": [ 377297.791000000026543, 2045901.903 ] } },
{ "type": "Feature", "properties": { "inlet_id": "RN_INLET_00092", "drain_node_id": "RN_DNODE_00271", "drain_id": "RN_DRAIN_00521", "road_id": "RN_ROAD_00206", "candidate_method": "road_proximity", "spatial_class": "near", "coupling_eligible": 1, "distance_to_road_m": 5.358, "elevation_m": 562.534, "acc_cells": 47, "upstream_area_m2": 42223.767645078362, "graph_in_degree": 0, "graph_out_degree": 1, "source_type": "inferred_surface_to_drainage_coupling", "is_observed": 0, "mapping_tolerance_m": 30.0, "coupling_threshold_m": 20.0 }, "geometry": { "type": "Point", "coordinates": [ 377327.791000000026543, 2045601.903 ] } },
{ "type": "Feature", "properties": { "inlet_id": "RN_INLET_00093", "drain_node_id": "RN_DNODE_00272", "drain_id": "RN_DRAIN_00509", "road_id": "RN_ROAD_00206", "candidate_method": "road_proximity", "spatial_class": "distant_candidate", "coupling_eligible": 0, "distance_to_road_m": 24.637, "elevation_m": 562.141, "acc_cells": 81, "upstream_area_m2": 73227.969347998529, "graph_in_degree": 2, "graph_out_degree": 1, "source_type": "inferred_surface_to_drainage_coupling", "is_observed": 0, "mapping_tolerance_m": 30.0, "coupling_threshold_m": 20.0 }, "geometry": { "type": "Point", "coordinates": [ 377327.791000000026543, 2045631.903 ] } },
{ "type": "Feature", "properties": { "inlet_id": "RN_INLET_00094", "drain_node_id": "RN_DNODE_00273", "drain_id": "RN_DRAIN_00500", "road_id": "RN_ROAD_00221", "candidate_method": "road_proximity", "spatial_class": "near", "coupling_eligible": 1, "distance_to_road_m": 7.93, "elevation_m": 559.786, "acc_cells": 76, "upstream_area_m2": 68295.545877475481, "graph_in_degree": 2, "graph_out_degree": 1, "source_type": "inferred_surface_to_drainage_coupling", "is_observed": 0, "mapping_tolerance_m": 30.0, "coupling_threshold_m": 20.0 }, "geometry": { "type": "Point", "coordinates": [ 377327.791000000026543, 2045661.903 ] } },
{ "type": "Feature", "properties": { "inlet_id": "RN_INLET_00095", "drain_node_id": "RN_DNODE_00274", "drain_id": "RN_DRAIN_00408", "road_id": "RN_ROAD_00238", "candidate_method": "road_proximity", "spatial_class": "near", "coupling_eligible": 1, "distance_to_road_m": 2.769, "elevation_m": 559.133, "acc_cells": 410, "upstream_area_m2": 368612.89234219294, "graph_in_degree": 1, "graph_out_degree": 1, "source_type": "inferred_surface_to_drainage_coupling", "is_observed": 0, "mapping_tolerance_m": 30.0, "coupling_threshold_m": 20.0 }, "geometry": { "type": "Point", "coordinates": [ 377327.791000000026543, 2045901.903 ] } },
{ "type": "Feature", "properties": { "inlet_id": "RN_INLET_00096", "drain_node_id": "RN_DNODE_00278", "drain_id": "RN_DRAIN_00522", "road_id": "RN_ROAD_00206", "candidate_method": "road_proximity", "spatial_class": "near", "coupling_eligible": 1, "distance_to_road_m": 5.894, "elevation_m": 563.199, "acc_cells": 124, "upstream_area_m2": 111945.7513224057, "graph_in_degree": 1, "graph_out_degree": 1, "source_type": "inferred_surface_to_drainage_coupling", "is_observed": 0, "mapping_tolerance_m": 30.0, "coupling_threshold_m": 20.0 }, "geometry": { "type": "Point", "coordinates": [ 377357.791000000026543, 2045601.903 ] } },
{ "type": "Feature", "properties": { "inlet_id": "RN_INLET_00097", "drain_node_id": "RN_DNODE_00279", "drain_id": "RN_DRAIN_00409", "road_id": "RN_ROAD_00237", "candidate_method": "road_proximity", "spatial_class": "near", "coupling_eligible": 1, "distance_to_road_m": 3.637, "elevation_m": 559.185, "acc_cells": 407, "upstream_area_m2": 366740.24661344948, "graph_in_degree": 1, "graph_out_degree": 1, "source_type": "inferred_surface_to_drainage_coupling", "is_observed": 0, "mapping_tolerance_m": 30.0, "coupling_threshold_m": 20.0 }, "geometry": { "type": "Point", "coordinates": [ 377357.791000000026543, 2045901.903 ] } },
{ "type": "Feature", "properties": { "inlet_id": "RN_INLET_00098", "drain_node_id": "RN_DNODE_00284", "drain_id": "RN_DRAIN_00523", "road_id": "RN_ROAD_00204", "candidate_method": "road_proximity", "spatial_class": "moderate", "coupling_eligible": 1, "distance_to_road_m": 16.174, "elevation_m": 565.284, "acc_cells": 124, "upstream_area_m2": 111616.06771751784, "graph_in_degree": 1, "graph_out_degree": 1, "source_type": "inferred_surface_to_drainage_coupling", "is_observed": 0, "mapping_tolerance_m": 30.0, "coupling_threshold_m": 20.0 }, "geometry": { "type": "Point", "coordinates": [ 377387.791000000026543, 2045601.903 ] } },
{ "type": "Feature", "properties": { "inlet_id": "RN_INLET_00099", "drain_node_id": "RN_DNODE_00285", "drain_id": "RN_DRAIN_00417", "road_id": "RN_ROAD_00226", "candidate_method": "road_proximity", "spatial_class": "near", "coupling_eligible": 1, "distance_to_road_m": 5.396, "elevation_m": 559.259, "acc_cells": 372, "upstream_area_m2": 335202.07861386228, "graph_in_degree": 2, "graph_out_degree": 1, "source_type": "inferred_surface_to_drainage_coupling", "is_observed": 0, "mapping_tolerance_m": 30.0, "coupling_threshold_m": 20.0 }, "geometry": { "type": "Point", "coordinates": [ 377387.791000000026543, 2045871.903 ] } },
{ "type": "Feature", "properties": { "inlet_id": "RN_INLET_00100", "drain_node_id": "RN_DNODE_00287", "drain_id": "RN_DRAIN_00166", "road_id": "RN_ROAD_00530", "candidate_method": "road_proximity", "spatial_class": "moderate", "coupling_eligible": 1, "distance_to_road_m": 10.773, "elevation_m": 556.864, "acc_cells": 61, "upstream_area_m2": 54724.13148665084, "graph_in_degree": 0, "graph_out_degree": 1, "source_type": "inferred_surface_to_drainage_coupling", "is_observed": 0, "mapping_tolerance_m": 30.0, "coupling_threshold_m": 20.0 }, "geometry": { "type": "Point", "coordinates": [ 377387.791000000026543, 2046471.903 ] } },
{ "type": "Feature", "properties": { "inlet_id": "RN_INLET_00101", "drain_node_id": "RN_DNODE_00288", "drain_id": "RN_DRAIN_00141", "road_id": "RN_ROAD_00547", "candidate_method": "road_proximity", "spatial_class": "moderate", "coupling_eligible": 1, "distance_to_road_m": 14.197, "elevation_m": 556.284, "acc_cells": 5942, "upstream_area_m2": 5347722.5919607654, "graph_in_degree": 1, "graph_out_degree": 1, "source_type": "inferred_surface_to_drainage_coupling", "is_observed": 0, "mapping_tolerance_m": 30.0, "coupling_threshold_m": 20.0 }, "geometry": { "type": "Point", "coordinates": [ 377387.791000000026543, 2046531.903 ] } },
{ "type": "Feature", "properties": { "inlet_id": "RN_INLET_00102", "drain_node_id": "RN_DNODE_00289", "drain_id": "RN_DRAIN_00129", "road_id": "RN_ROAD_00547", "candidate_method": "road_proximity", "spatial_class": "moderate", "coupling_eligible": 1, "distance_to_road_m": 15.795, "elevation_m": 555.686, "acc_cells": 630, "upstream_area_m2": 567300.89767849888, "graph_in_degree": 0, "graph_out_degree": 1, "source_type": "inferred_surface_to_drainage_coupling", "is_observed": 0, "mapping_tolerance_m": 30.0, "coupling_threshold_m": 20.0 }, "geometry": { "type": "Point", "coordinates": [ 377387.791000000026543, 2046561.903 ] } },
{ "type": "Feature", "properties": { "inlet_id": "RN_INLET_00103", "drain_node_id": "RN_DNODE_00295", "drain_id": "RN_DRAIN_00524", "road_id": "RN_ROAD_00004", "candidate_method": "road_proximity", "spatial_class": "near", "coupling_eligible": 1, "distance_to_road_m": 6.673, "elevation_m": 566.042, "acc_cells": 120, "upstream_area_m2": 108107.52769740211, "graph_in_degree": 1, "graph_out_degree": 1, "source_type": "inferred_surface_to_drainage_coupling", "is_observed": 0, "mapping_tolerance_m": 30.0, "coupling_threshold_m": 20.0 }, "geometry": { "type": "Point", "coordinates": [ 377417.791000000026543, 2045601.903 ] } },
{ "type": "Feature", "properties": { "inlet_id": "RN_INLET_00104", "drain_node_id": "RN_DNODE_00296", "drain_id": "RN_DRAIN_00428", "road_id": "RN_ROAD_00036", "candidate_method": "road_proximity", "spatial_class": "near", "coupling_eligible": 1, "distance_to_road_m": 2.093, "elevation_m": 559.333, "acc_cells": 270, "upstream_area_m2": 242803.99636092619, "graph_in_degree": 2, "graph_out_degree": 1, "source_type": "inferred_surface_to_drainage_coupling", "is_observed": 0, "mapping_tolerance_m": 30.0, "coupling_threshold_m": 20.0 }, "geometry": { "type": "Point", "coordinates": [ 377417.791000000026543, 2045841.903 ] } },
{ "type": "Feature", "properties": { "inlet_id": "RN_INLET_00105", "drain_node_id": "RN_DNODE_00297", "drain_id": "RN_DRAIN_00418", "road_id": "RN_ROAD_00040", "candidate_method": "road_proximity", "spatial_class": "near", "coupling_eligible": 1, "distance_to_road_m": 2.455, "elevation_m": 559.311, "acc_cells": 80, "upstream_area_m2": 72171.160132306104, "graph_in_degree": 0, "graph_out_degree": 1, "source_type": "inferred_surface_to_drainage_coupling", "is_observed": 0, "mapping_tolerance_m": 30.0, "coupling_threshold_m": 20.0 }, "geometry": { "type": "Point", "coordinates": [ 377417.791000000026543, 2045871.903 ] } },
{ "type": "Feature", "properties": { "inlet_id": "RN_INLET_00106", "drain_node_id": "RN_DNODE_00298", "drain_id": "RN_DRAIN_00393", "road_id": "RN_ROAD_00053", "candidate_method": "road_proximity", "spatial_class": "near", "coupling_eligible": 1, "distance_to_road_m": 6.286, "elevation_m": 559.915, "acc_cells": 31, "upstream_area_m2": 27801.672638848628, "graph_in_degree": 0, "graph_out_degree": 1, "source_type": "inferred_surface_to_drainage_coupling", "is_observed": 0, "mapping_tolerance_m": 30.0, "coupling_threshold_m": 20.0 }, "geometry": { "type": "Point", "coordinates": [ 377417.791000000026543, 2045931.903 ] } },
{ "type": "Feature", "properties": { "inlet_id": "RN_INLET_00107", "drain_node_id": "RN_DNODE_00299", "drain_id": "RN_DRAIN_00206", "road_id": "RN_ROAD_00344", "candidate_method": "road_proximity", "spatial_class": "near", "coupling_eligible": 1, "distance_to_road_m": 6.92, "elevation_m": 557.0, "acc_cells": 136, "upstream_area_m2": 121981.96305294849, "graph_in_degree": 0, "graph_out_degree": 1, "source_type": "inferred_surface_to_drainage_coupling", "is_observed": 0, "mapping_tolerance_m": 30.0, "coupling_threshold_m": 20.0 }, "geometry": { "type": "Point", "coordinates": [ 377417.791000000026543, 2046381.903 ] } },
{ "type": "Feature", "properties": { "inlet_id": "RN_INLET_00108", "drain_node_id": "RN_DNODE_00300", "drain_id": "RN_DRAIN_00193", "road_id": "RN_ROAD_00527", "candidate_method": "road_proximity", "spatial_class": "near", "coupling_eligible": 1, "distance_to_road_m": 4.43, "elevation_m": 556.948, "acc_cells": 2951, "upstream_area_m2": 2655568.0067038406, "graph_in_degree": 0, "graph_out_degree": 1, "source_type": "inferred_surface_to_drainage_coupling", "is_observed": 0, "mapping_tolerance_m": 30.0, "coupling_threshold_m": 20.0 }, "geometry": { "type": "Point", "coordinates": [ 377417.791000000026543, 2046411.903 ] } },
{ "type": "Feature", "properties": { "inlet_id": "RN_INLET_00109", "drain_node_id": "RN_DNODE_00301", "drain_id": "RN_DRAIN_00181", "road_id": "RN_ROAD_00348", "candidate_method": "road_proximity", "spatial_class": "distant_candidate", "coupling_eligible": 0, "distance_to_road_m": 23.515, "elevation_m": 556.895, "acc_cells": 4436, "upstream_area_m2": 3992198.3641213812, "graph_in_degree": 2, "graph_out_degree": 1, "source_type": "inferred_surface_to_drainage_coupling", "is_observed": 0, "mapping_tolerance_m": 30.0, "coupling_threshold_m": 20.0 }, "geometry": { "type": "Point", "coordinates": [ 377417.791000000026543, 2046441.903 ] } },
{ "type": "Feature", "properties": { "inlet_id": "RN_INLET_00110", "drain_node_id": "RN_DNODE_00302", "drain_id": "RN_DRAIN_00167", "road_id": "RN_ROAD_00530", "candidate_method": "road_proximity", "spatial_class": "distant_candidate", "coupling_eligible": 0, "distance_to_road_m": 21.197, "elevation_m": 556.843, "acc_cells": 5053, "upstream_area_m2": 4547935.4686523778, "graph_in_degree": 2, "graph_out_degree": 1, "source_type": "inferred_surface_to_drainage_coupling", "is_observed": 0, "mapping_tolerance_m": 30.0, "coupling_threshold_m": 20.0 }, "geometry": { "type": "Point", "coordinates": [ 377417.791000000026543, 2046471.903 ] } },
{ "type": "Feature", "properties": { "inlet_id": "RN_INLET_00111", "drain_node_id": "RN_DNODE_00303", "drain_id": "RN_DRAIN_00158", "road_id": "RN_ROAD_00533", "candidate_method": "road_proximity", "spatial_class": "distant_candidate", "coupling_eligible": 0, "distance_to_road_m": 20.703, "elevation_m": 556.79, "acc_cells": 5939, "upstream_area_m2": 5344863.6247539083, "graph_in_degree": 3, "graph_out_degree": 1, "source_type": "inferred_surface_to_drainage_coupling", "is_observed": 0, "mapping_tolerance_m": 30.0, "coupling_threshold_m": 20.0 }, "geometry": { "type": "Point", "coordinates": [ 377417.791000000026543, 2046501.903 ] } },
{ "type": "Feature", "properties": { "inlet_id": "RN_INLET_00112", "drain_node_id": "RN_DNODE_00304", "drain_id": "RN_DRAIN_00130", "road_id": "RN_ROAD_00547", "candidate_method": "road_proximity", "spatial_class": "moderate", "coupling_eligible": 1, "distance_to_road_m": 11.52, "elevation_m": 554.987, "acc_cells": 5947, "upstream_area_m2": 5352698.8618884301, "graph_in_degree": 2, "graph_out_degree": 1, "source_type": "inferred_surface_to_drainage_coupling", "is_observed": 0, "mapping_tolerance_m": 30.0, "coupling_threshold_m": 20.0 }, "geometry": { "type": "Point", "coordinates": [ 377417.791000000026543, 2046561.903 ] } },
{ "type": "Feature", "properties": { "inlet_id": "RN_INLET_00113", "drain_node_id": "RN_DNODE_00313", "drain_id": "RN_DRAIN_00529", "road_id": "RN_ROAD_00002", "candidate_method": "road_proximity", "spatial_class": "distant_candidate", "coupling_eligible": 0, "distance_to_road_m": 28.088, "elevation_m": 566.923, "acc_cells": 118, "upstream_area_m2": 106386.59921897486, "graph_in_degree": 1, "graph_out_degree": 1, "source_type": "inferred_surface_to_drainage_coupling", "is_observed": 0, "mapping_tolerance_m": 30.0, "coupling_threshold_m": 20.0 }, "geometry": { "type": "Point", "coordinates": [ 377447.791000000026543, 2045571.903 ] } },
{ "type": "Feature", "properties": { "inlet_id": "RN_INLET_00114", "drain_node_id": "RN_DNODE_00314", "drain_id": "RN_DRAIN_00441", "road_id": "RN_ROAD_00033", "candidate_method": "road_proximity", "spatial_class": "near", "coupling_eligible": 1, "distance_to_road_m": 1.675, "elevation_m": 559.407, "acc_cells": 196, "upstream_area_m2": 176062.57103683826, "graph_in_degree": 1, "graph_out_degree": 1, "source_type": "inferred_surface_to_drainage_coupling", "is_observed": 0, "mapping_tolerance_m": 30.0, "coupling_threshold_m": 20.0 }, "geometry": { "type": "Point", "coordinates": [ 377447.791000000026543, 2045811.903 ] } },
{ "type": "Feature", "properties": { "inlet_id": "RN_INLET_00115", "drain_node_id": "RN_DNODE_00315", "drain_id": "RN_DRAIN_00429", "road_id": "RN_ROAD_00033", "candidate_method": "road_proximity", "spatial_class": "near", "coupling_eligible": 1, "distance_to_road_m": 3.179, "elevation_m": 559.385, "acc_cells": 146, "upstream_area_m2": 131668.86747583965, "graph_in_degree": 0, "graph_out_degree": 1, "source_type": "inferred_surface_to_drainage_coupling", "is_observed": 0, "mapping_tolerance_m": 30.0, "coupling_threshold_m": 20.0 }, "geometry": { "type": "Point", "coordinates": [ 377447.791000000026543, 2045841.903 ] } },
{ "type": "Feature", "properties": { "inlet_id": "RN_INLET_00116", "drain_node_id": "RN_DNODE_00316", "drain_id": "RN_DRAIN_00216", "road_id": "RN_ROAD_00344", "candidate_method": "road_proximity", "spatial_class": "distant_candidate", "coupling_eligible": 0, "distance_to_road_m": 20.541, "elevation_m": 557.074, "acc_cells": 166, "upstream_area_m2": 148959.02987316035, "graph_in_degree": 0, "graph_out_degree": 1, "source_type": "inferred_surface_to_drainage_coupling", "is_observed": 0, "mapping_tolerance_m": 30.0, "coupling_threshold_m": 20.0 }, "geometry": { "type": "Point", "coordinates": [ 377447.791000000026543, 2046351.903 ] } },
{ "type": "Feature", "properties": { "inlet_id": "RN_INLET_00117", "drain_node_id": "RN_DNODE_00317", "drain_id": "RN_DRAIN_00207", "road_id": "RN_ROAD_00344", "candidate_method": "road_proximity", "spatial_class": "distant_candidate", "coupling_eligible": 0, "distance_to_road_m": 22.981, "elevation_m": 557.022, "acc_cells": 5818, "upstream_area_m2": 5236406.6464371495, "graph_in_degree": 2, "graph_out_degree": 1, "source_type": "inferred_surface_to_drainage_coupling", "is_observed": 0, "mapping_tolerance_m": 30.0, "coupling_threshold_m": 20.0 }, "geometry": { "type": "Point", "coordinates": [ 377447.791000000026543, 2046381.903 ] } },
{ "type": "Feature", "properties": { "inlet_id": "RN_INLET_00118", "drain_node_id": "RN_DNODE_00318", "drain_id": "RN_DRAIN_00194", "road_id": "RN_ROAD_00347", "candidate_method": "road_intersection", "spatial_class": "intersection", "coupling_eligible": 1, "distance_to_road_m": 0.139, "elevation_m": 556.969, "acc_cells": 2987, "upstream_area_m2": 2688310.6464517103, "graph_in_degree": 2, "graph_out_degree": 1, "source_type": "inferred_surface_to_drainage_coupling", "is_observed": 0, "mapping_tolerance_m": 30.0, "coupling_threshold_m": 20.0 }, "geometry": { "type": "Point", "coordinates": [ 377447.791000000026543, 2046411.903 ] } },
{ "type": "Feature", "properties": { "inlet_id": "RN_INLET_00119", "drain_node_id": "RN_DNODE_00319", "drain_id": "RN_DRAIN_00182", "road_id": "RN_ROAD_00348", "candidate_method": "road_proximity", "spatial_class": "moderate", "coupling_eligible": 1, "distance_to_road_m": 13.442, "elevation_m": 556.917, "acc_cells": 1501, "upstream_area_m2": 1350949.086263109, "graph_in_degree": 0, "graph_out_degree": 1, "source_type": "inferred_surface_to_drainage_coupling", "is_observed": 0, "mapping_tolerance_m": 30.0, "coupling_threshold_m": 20.0 }, "geometry": { "type": "Point", "coordinates": [ 377447.791000000026543, 2046441.903 ] } },
{ "type": "Feature", "properties": { "inlet_id": "RN_INLET_00120", "drain_node_id": "RN_DNODE_00322", "drain_id": "RN_DRAIN_00096", "road_id": "RN_ROAD_00553", "candidate_method": "road_proximity", "spatial_class": "distant_candidate", "coupling_eligible": 0, "distance_to_road_m": 28.586, "elevation_m": 552.839, "acc_cells": 81, "upstream_area_m2": 72486.687414677333, "graph_in_degree": 0, "graph_out_degree": 1, "source_type": "inferred_surface_to_drainage_coupling", "is_observed": 0, "mapping_tolerance_m": 30.0, "coupling_threshold_m": 20.0 }, "geometry": { "type": "Point", "coordinates": [ 377447.791000000026543, 2046621.903 ] } },
{ "type": "Feature", "properties": { "inlet_id": "RN_INLET_00121", "drain_node_id": "RN_DNODE_00328", "drain_id": "RN_DRAIN_00530", "road_id": "RN_ROAD_00002", "candidate_method": "road_proximity", "spatial_class": "near", "coupling_eligible": 1, "distance_to_road_m": 3.693, "elevation_m": 566.976, "acc_cells": 113, "upstream_area_m2": 101760.79190845251, "graph_in_degree": 2, "graph_out_degree": 1, "source_type": "inferred_surface_to_drainage_coupling", "is_observed": 0, "mapping_tolerance_m": 30.0, "coupling_threshold_m": 20.0 }, "geometry": { "type": "Point", "coordinates": [ 377477.791000000026543, 2045571.903 ] } },
{ "type": "Feature", "properties": { "inlet_id": "RN_INLET_00122", "drain_node_id": "RN_DNODE_00329", "drain_id": "RN_DRAIN_00453", "road_id": "RN_ROAD_00034", "candidate_method": "road_proximity", "spatial_class": "near", "coupling_eligible": 1, "distance_to_road_m": 7.925, "elevation_m": 559.481, "acc_cells": 54, "upstream_area_m2": 48433.237097118952, "graph_in_degree": 0, "graph_out_degree": 1, "source_type": "inferred_surface_to_drainage_coupling", "is_observed": 0, "mapping_tolerance_m": 30.0, "coupling_threshold_m": 20.0 }, "geometry": { "type": "Point", "coordinates": [ 377477.791000000026543, 2045781.903 ] } },
{ "type": "Feature", "properties": { "inlet_id": "RN_INLET_00123", "drain_node_id": "RN_DNODE_00330", "drain_id": "RN_DRAIN_00442", "road_id": "RN_ROAD_00034", "candidate_method": "road_proximity", "spatial_class": "moderate", "coupling_eligible": 1, "distance_to_road_m": 10.938, "elevation_m": 559.459, "acc_cells": 275, "upstream_area_m2": 247901.85249242783, "graph_in_degree": 2, "graph_out_degree": 1, "source_type": "inferred_surface_to_drainage_coupling", "is_observed": 0, "mapping_tolerance_m": 30.0, "coupling_threshold_m": 20.0 }, "geometry": { "type": "Point", "coordinates": [ 377477.791000000026543, 2045811.903 ] } },
{ "type": "Feature", "properties": { "inlet_id": "RN_INLET_00124", "drain_node_id": "RN_DNODE_00333", "drain_id": "RN_DRAIN_00131", "road_id": "RN_ROAD_00634", "candidate_method": "road_proximity", "spatial_class": "moderate", "coupling_eligible": 1, "distance_to_road_m": 19.47, "elevation_m": 557.231, "acc_cells": 56, "upstream_area_m2": 50212.126529900976, "graph_in_degree": 1, "graph_out_degree": 1, "source_type": "inferred_surface_to_drainage_coupling", "is_observed": 0, "mapping_tolerance_m": 30.0, "coupling_threshold_m": 20.0 }, "geometry": { "type": "Point", "coordinates": [ 377477.791000000026543, 2046561.903 ] } },
{ "type": "Feature", "properties": { "inlet_id": "RN_INLET_00125", "drain_node_id": "RN_DNODE_00339", "drain_id": "RN_DRAIN_00534", "road_id": "RN_ROAD_00011", "candidate_method": "road_proximity", "spatial_class": "moderate", "coupling_eligible": 1, "distance_to_road_m": 14.225, "elevation_m": 571.665, "acc_cells": 104, "upstream_area_m2": 93382.288563141527, "graph_in_degree": 1, "graph_out_degree": 1, "source_type": "inferred_surface_to_drainage_coupling", "is_observed": 0, "mapping_tolerance_m": 30.0, "coupling_threshold_m": 20.0 }, "geometry": { "type": "Point", "coordinates": [ 377507.791000000026543, 2045541.903 ] } },
{ "type": "Feature", "properties": { "inlet_id": "RN_INLET_00126", "drain_node_id": "RN_DNODE_00340", "drain_id": "RN_DRAIN_00531", "road_id": "RN_ROAD_00003", "candidate_method": "road_proximity", "spatial_class": "near", "coupling_eligible": 1, "distance_to_road_m": 3.44, "elevation_m": 567.028, "acc_cells": 89, "upstream_area_m2": 79724.813093254648, "graph_in_degree": 0, "graph_out_degree": 1, "source_type": "inferred_surface_to_drainage_coupling", "is_observed": 0, "mapping_tolerance_m": 30.0, "coupling_threshold_m": 20.0 }, "geometry": { "type": "Point", "coordinates": [ 377507.791000000026543, 2045571.903 ] } },
{ "type": "Feature", "properties": { "inlet_id": "RN_INLET_00127", "drain_node_id": "RN_DNODE_00341", "drain_id": "RN_DRAIN_00443", "road_id": "RN_ROAD_00034", "candidate_method": "road_proximity", "spatial_class": "moderate", "coupling_eligible": 1, "distance_to_road_m": 11.774, "elevation_m": 559.645, "acc_cells": 297, "upstream_area_m2": 267227.15406395862, "graph_in_degree": 1, "graph_out_degree": 1, "source_type": "inferred_surface_to_drainage_coupling", "is_observed": 0, "mapping_tolerance_m": 30.0, "coupling_threshold_m": 20.0 }, "geometry": { "type": "Point", "coordinates": [ 377507.791000000026543, 2045811.903 ] } },
{ "type": "Feature", "properties": { "inlet_id": "RN_INLET_00128", "drain_node_id": "RN_DNODE_00344", "drain_id": "RN_DRAIN_00142", "road_id": "RN_ROAD_00353", "candidate_method": "road_proximity", "spatial_class": "near", "coupling_eligible": 1, "distance_to_road_m": 7.807, "elevation_m": 557.909, "acc_cells": 54, "upstream_area_m2": 49004.180210995291, "graph_in_degree": 1, "graph_out_degree": 1, "source_type": "inferred_surface_to_drainage_coupling", "is_observed": 0, "mapping_tolerance_m": 30.0, "coupling_threshold_m": 20.0 }, "geometry": { "type": "Point", "coordinates": [ 377507.791000000026543, 2046531.903 ] } },
{ "type": "Feature", "properties": { "inlet_id": "RN_INLET_00129", "drain_node_id": "RN_DNODE_00348", "drain_id": "RN_DRAIN_00444", "road_id": "RN_ROAD_00035", "candidate_method": "road_proximity", "spatial_class": "near", "coupling_eligible": 1, "distance_to_road_m": 0.576, "elevation_m": 560.266, "acc_cells": 286, "upstream_area_m2": 257420.42137176407, "graph_in_degree": 1, "graph_out_degree": 1, "source_type": "inferred_surface_to_drainage_coupling", "is_observed": 0, "mapping_tolerance_m": 30.0, "coupling_threshold_m": 20.0 }, "geometry": { "type": "Point", "coordinates": [ 377537.791000000026543, 2045811.903 ] } },
{ "type": "Feature", "properties": { "inlet_id": "RN_INLET_00130", "drain_node_id": "RN_DNODE_00352", "drain_id": "RN_DRAIN_00218", "road_id": "RN_ROAD_00354", "candidate_method": "road_proximity", "spatial_class": "distant_candidate", "coupling_eligible": 0, "distance_to_road_m": 24.393, "elevation_m": 558.58, "acc_cells": 30, "upstream_area_m2": 27338.349402655302, "graph_in_degree": 1, "graph_out_degree": 1, "source_type": "inferred_surface_to_drainage_coupling", "is_observed": 0, "mapping_tolerance_m": 30.0, "coupling_threshold_m": 20.0 }, "geometry": { "type": "Point", "coordinates": [ 377537.791000000026543, 2046351.903 ] } },
{ "type": "Feature", "properties": { "inlet_id": "RN_INLET_00131", "drain_node_id": "RN_DNODE_00353", "drain_id": "RN_DRAIN_00143", "road_id": "RN_ROAD_00388", "candidate_method": "road_proximity", "spatial_class": "near", "coupling_eligible": 1, "distance_to_road_m": 8.892, "elevation_m": 557.961, "acc_cells": 52, "upstream_area_m2": 46515.806128229313, "graph_in_degree": 1, "graph_out_degree": 1, "source_type": "inferred_surface_to_drainage_coupling", "is_observed": 0, "mapping_tolerance_m": 30.0, "coupling_threshold_m": 20.0 }, "geometry": { "type": "Point", "coordinates": [ 377537.791000000026543, 2046531.903 ] } },
{ "type": "Feature", "properties": { "inlet_id": "RN_INLET_00132", "drain_node_id": "RN_DNODE_00356", "drain_id": "RN_DRAIN_00454", "road_id": "RN_ROAD_00017", "candidate_method": "road_proximity", "spatial_class": "moderate", "coupling_eligible": 1, "distance_to_road_m": 16.208, "elevation_m": 561.885, "acc_cells": 288, "upstream_area_m2": 259021.97402614125, "graph_in_degree": 1, "graph_out_degree": 1, "source_type": "inferred_surface_to_drainage_coupling", "is_observed": 0, "mapping_tolerance_m": 30.0, "coupling_threshold_m": 20.0 }, "geometry": { "type": "Point", "coordinates": [ 377567.791000000026543, 2045781.903 ] } },
{ "type": "Feature", "properties": { "inlet_id": "RN_INLET_00133", "drain_node_id": "RN_DNODE_00357", "drain_id": "RN_DRAIN_00276", "road_id": "RN_ROAD_00302", "candidate_method": "road_proximity", "spatial_class": "distant_candidate", "coupling_eligible": 0, "distance_to_road_m": 27.583, "elevation_m": 557.37, "acc_cells": 151, "upstream_area_m2": 136256.31126794306, "graph_in_degree": 0, "graph_out_degree": 1, "source_type": "inferred_surface_to_drainage_coupling", "is_observed": 0, "mapping_tolerance_m": 30.0, "coupling_threshold_m": 20.0 }, "geometry": { "type": "Point", "coordinates": [ 377567.791000000026543, 2046231.903 ] } },
{ "type": "Feature", "properties": { "inlet_id": "RN_INLET_00134", "drain_node_id": "RN_DNODE_00359", "drain_id": "RN_DRAIN_00208", "road_id": "RN_ROAD_00356", "candidate_method": "road_proximity", "spatial_class": "moderate", "coupling_eligible": 1, "distance_to_road_m": 13.108, "elevation_m": 559.075, "acc_cells": 29, "upstream_area_m2": 25703.430108781733, "graph_in_degree": 0, "graph_out_degree": 1, "source_type": "inferred_surface_to_drainage_coupling", "is_observed": 0, "mapping_tolerance_m": 30.0, "coupling_threshold_m": 20.0 }, "geometry": { "type": "Point", "coordinates": [ 377567.791000000026543, 2046381.903 ] } },
{ "type": "Feature", "properties": { "inlet_id": "RN_INLET_00135", "drain_node_id": "RN_DNODE_00360", "drain_id": "RN_DRAIN_00144", "road_id": "RN_ROAD_00388", "candidate_method": "road_proximity", "spatial_class": "near", "coupling_eligible": 1, "distance_to_road_m": 7.948, "elevation_m": 558.472, "acc_cells": 44, "upstream_area_m2": 39350.335577062368, "graph_in_degree": 1, "graph_out_degree": 1, "source_type": "inferred_surface_to_drainage_coupling", "is_observed": 0, "mapping_tolerance_m": 30.0, "coupling_threshold_m": 20.0 }, "geometry": { "type": "Point", "coordinates": [ 377567.791000000026543, 2046531.903 ] } },
{ "type": "Feature", "properties": { "inlet_id": "RN_INLET_00136", "drain_node_id": "RN_DNODE_00362", "drain_id": "RN_DRAIN_00455", "road_id": "RN_ROAD_00016", "candidate_method": "road_proximity", "spatial_class": "near", "coupling_eligible": 1, "distance_to_road_m": 3.548, "elevation_m": 561.952, "acc_cells": 286, "upstream_area_m2": 257635.08561028005, "graph_in_degree": 2, "graph_out_degree": 1, "source_type": "inferred_surface_to_drainage_coupling", "is_observed": 0, "mapping_tolerance_m": 30.0, "coupling_threshold_m": 20.0 }, "geometry": { "type": "Point", "coordinates": [ 377597.791000000026543, 2045781.903 ] } },
{ "type": "Feature", "properties": { "inlet_id": "RN_INLET_00137", "drain_node_id": "RN_DNODE_00364", "drain_id": "RN_DRAIN_00277", "road_id": "RN_ROAD_00302", "candidate_method": "road_proximity", "spatial_class": "near", "coupling_eligible": 1, "distance_to_road_m": 5.098, "elevation_m": 557.392, "acc_cells": 5752, "upstream_area_m2": 5176985.7590449788, "graph_in_degree": 3, "graph_out_degree": 1, "source_type": "inferred_surface_to_drainage_coupling", "is_observed": 0, "mapping_tolerance_m": 30.0, "coupling_threshold_m": 20.0 }, "geometry": { "type": "Point", "coordinates": [ 377597.791000000026543, 2046231.903 ] } },
{ "type": "Feature", "properties": { "inlet_id": "RN_INLET_00138", "drain_node_id": "RN_DNODE_00365", "drain_id": "RN_DRAIN_00145", "road_id": "RN_ROAD_00388", "candidate_method": "road_proximity", "spatial_class": "near", "coupling_eligible": 1, "distance_to_road_m": 7.004, "elevation_m": 560.498, "acc_cells": 38, "upstream_area_m2": 33895.751103617731, "graph_in_degree": 1, "graph_out_degree": 1, "source_type": "inferred_surface_to_drainage_coupling", "is_observed": 0, "mapping_tolerance_m": 30.0, "coupling_threshold_m": 20.0 }, "geometry": { "type": "Point", "coordinates": [ 377597.791000000026543, 2046531.903 ] } },
{ "type": "Feature", "properties": { "inlet_id": "RN_INLET_00139", "drain_node_id": "RN_DNODE_00369", "drain_id": "RN_DRAIN_00456", "road_id": "RN_ROAD_00041", "candidate_method": "road_proximity", "spatial_class": "distant_candidate", "coupling_eligible": 0, "distance_to_road_m": 25.36, "elevation_m": 562.851, "acc_cells": 131, "upstream_area_m2": 117751.97090754211, "graph_in_degree": 0, "graph_out_degree": 1, "source_type": "inferred_surface_to_drainage_coupling", "is_observed": 0, "mapping_tolerance_m": 30.0, "coupling_threshold_m": 20.0 }, "geometry": { "type": "Point", "coordinates": [ 377627.791000000026543, 2045781.903 ] } },
{ "type": "Feature", "properties": { "inlet_id": "RN_INLET_00140", "drain_node_id": "RN_DNODE_00370", "drain_id": "RN_DRAIN_00303", "road_id": "RN_ROAD_00300", "candidate_method": "road_proximity", "spatial_class": "distant_candidate", "coupling_eligible": 0, "distance_to_road_m": 27.989, "elevation_m": 557.518, "acc_cells": 110, "upstream_area_m2": 99418.76140759456, "graph_in_degree": 0, "graph_out_degree": 1, "source_type": "inferred_surface_to_drainage_coupling", "is_observed": 0, "mapping_tolerance_m": 30.0, "coupling_threshold_m": 20.0 }, "geometry": { "type": "Point", "coordinates": [ 377627.791000000026543, 2046171.903 ] } },
{ "type": "Feature", "properties": { "inlet_id": "RN_INLET_00141", "drain_node_id": "RN_DNODE_00372", "drain_id": "RN_DRAIN_00278", "road_id": "RN_ROAD_00302", "candidate_method": "road_proximity", "spatial_class": "distant_candidate", "coupling_eligible": 0, "distance_to_road_m": 28.22, "elevation_m": 557.444, "acc_cells": 516, "upstream_area_m2": 464732.46222923207, "graph_in_degree": 0, "graph_out_degree": 1, "source_type": "inferred_surface_to_drainage_coupling", "is_observed": 0, "mapping_tolerance_m": 30.0, "coupling_threshold_m": 20.0 }, "geometry": { "type": "Point", "coordinates": [ 377627.791000000026543, 2046231.903 ] } },
{ "type": "Feature", "properties": { "inlet_id": "RN_INLET_00142", "drain_node_id": "RN_DNODE_00373", "drain_id": "RN_DRAIN_00132", "road_id": "RN_ROAD_00388", "candidate_method": "road_proximity", "spatial_class": "distant_candidate", "coupling_eligible": 0, "distance_to_road_m": 23.926, "elevation_m": 561.478, "acc_cells": 74, "upstream_area_m2": 66294.311185444589, "graph_in_degree": 1, "graph_out_degree": 1, "source_type": "inferred_surface_to_drainage_coupling", "is_observed": 0, "mapping_tolerance_m": 30.0, "coupling_threshold_m": 20.0 }, "geometry": { "type": "Point", "coordinates": [ 377627.791000000026543, 2046561.903 ] } },
{ "type": "Feature", "properties": { "inlet_id": "RN_INLET_00143", "drain_node_id": "RN_DNODE_00374", "drain_id": "RN_DRAIN_00475", "road_id": "RN_ROAD_00014", "candidate_method": "road_proximity", "spatial_class": "distant_candidate", "coupling_eligible": 0, "distance_to_road_m": 26.382, "elevation_m": 566.164, "acc_cells": 272, "upstream_area_m2": 244559.87432144812, "graph_in_degree": 1, "graph_out_degree": 1, "source_type": "inferred_surface_to_drainage_coupling", "is_observed": 0, "mapping_tolerance_m": 30.0, "coupling_threshold_m": 20.0 }, "geometry": { "type": "Point", "coordinates": [ 377657.791000000026543, 2045721.903 ] } },
{ "type": "Feature", "properties": { "inlet_id": "RN_INLET_00144", "drain_node_id": "RN_DNODE_00375", "drain_id": "RN_DRAIN_00318", "road_id": "RN_ROAD_00298", "candidate_method": "road_proximity", "spatial_class": "moderate", "coupling_eligible": 1, "distance_to_road_m": 12.519, "elevation_m": 557.592, "acc_cells": 86, "upstream_area_m2": 76970.489566632867, "graph_in_degree": 0, "graph_out_degree": 1, "source_type": "inferred_surface_to_drainage_coupling", "is_observed": 0, "mapping_tolerance_m": 30.0, "coupling_threshold_m": 20.0 }, "geometry": { "type": "Point", "coordinates": [ 377657.791000000026543, 2046141.903 ] } },
{ "type": "Feature", "properties": { "inlet_id": "RN_INLET_00145", "drain_node_id": "RN_DNODE_00378", "drain_id": "RN_DRAIN_00146", "road_id": "RN_ROAD_00388", "candidate_method": "road_proximity", "spatial_class": "near", "coupling_eligible": 1, "distance_to_road_m": 5.115, "elevation_m": 562.435, "acc_cells": 72, "upstream_area_m2": 64823.433291940979, "graph_in_degree": 1, "graph_out_degree": 1, "source_type": "inferred_surface_to_drainage_coupling", "is_observed": 0, "mapping_tolerance_m": 30.0, "coupling_threshold_m": 20.0 }, "geometry": { "type": "Point", "coordinates": [ 377657.791000000026543, 2046531.903 ] } },
{ "type": "Feature", "properties": { "inlet_id": "RN_INLET_00146", "drain_node_id": "RN_DNODE_00382", "drain_id": "RN_DRAIN_00476", "road_id": "RN_ROAD_00014", "candidate_method": "road_proximity", "spatial_class": "near", "coupling_eligible": 1, "distance_to_road_m": 8.407, "elevation_m": 567.619, "acc_cells": 269, "upstream_area_m2": 242093.74272784407, "graph_in_degree": 2, "graph_out_degree": 1, "source_type": "inferred_surface_to_drainage_coupling", "is_observed": 0, "mapping_tolerance_m": 30.0, "coupling_threshold_m": 20.0 }, "geometry": { "type": "Point", "coordinates": [ 377687.791000000026543, 2045721.903 ] } },
{ "type": "Feature", "properties": { "inlet_id": "RN_INLET_00147", "drain_node_id": "RN_DNODE_00383", "drain_id": "RN_DRAIN_00339", "road_id": "RN_ROAD_00298", "candidate_method": "road_proximity", "spatial_class": "distant_candidate", "coupling_eligible": 0, "distance_to_road_m": 27.346, "elevation_m": 557.666, "acc_cells": 57, "upstream_area_m2": 51700.898576488908, "graph_in_degree": 0, "graph_out_degree": 1, "source_type": "inferred_surface_to_drainage_coupling", "is_observed": 0, "mapping_tolerance_m": 30.0, "coupling_threshold_m": 20.0 }, "geometry": { "type": "Point", "coordinates": [ 377687.791000000026543, 2046111.903 ] } },
{ "type": "Feature", "properties": { "inlet_id": "RN_INLET_00148", "drain_node_id": "RN_DNODE_00386", "drain_id": "RN_DRAIN_00159", "road_id": "RN_ROAD_00386", "candidate_method": "road_proximity", "spatial_class": "near", "coupling_eligible": 1, "distance_to_road_m": 8.332, "elevation_m": 562.719, "acc_cells": 67, "upstream_area_m2": 60633.088574373724, "graph_in_degree": 1, "graph_out_degree": 1, "source_type": "inferred_surface_to_drainage_coupling", "is_observed": 0, "mapping_tolerance_m": 30.0, "coupling_threshold_m": 20.0 }, "geometry": { "type": "Point", "coordinates": [ 377687.791000000026543, 2046501.903 ] } },
{ "type": "Feature", "properties": { "inlet_id": "RN_INLET_00149", "drain_node_id": "RN_DNODE_00391", "drain_id": "RN_DRAIN_00477", "road_id": "RN_ROAD_00011", "candidate_method": "road_proximity", "spatial_class": "near", "coupling_eligible": 1, "distance_to_road_m": 3.383, "elevation_m": 567.672, "acc_cells": 237, "upstream_area_m2": 213095.86908243518, "graph_in_degree": 3, "graph_out_degree": 1, "source_type": "inferred_surface_to_drainage_coupling", "is_observed": 0, "mapping_tolerance_m": 30.0, "coupling_threshold_m": 20.0 }, "geometry": { "type": "Point", "coordinates": [ 377717.791000000026543, 2045721.903 ] } },
{ "type": "Feature", "properties": { "inlet_id": "RN_INLET_00150", "drain_node_id": "RN_DNODE_00392", "drain_id": "RN_DRAIN_00466", "road_id": "RN_ROAD_00014", "candidate_method": "road_proximity", "spatial_class": "moderate", "coupling_eligible": 1, "distance_to_road_m": 14.45, "elevation_m": 567.693, "acc_cells": 31, "upstream_area_m2": 27755.834399644853, "graph_in_degree": 0, "graph_out_degree": 1, "source_type": "inferred_surface_to_drainage_coupling", "is_observed": 0, "mapping_tolerance_m": 30.0, "coupling_threshold_m": 20.0 }, "geometry": { "type": "Point", "coordinates": [ 377717.791000000026543, 2045751.903 ] } },
{ "type": "Feature", "properties": { "inlet_id": "RN_INLET_00151", "drain_node_id": "RN_DNODE_00393", "drain_id": "RN_DRAIN_00340", "road_id": "RN_ROAD_00085", "candidate_method": "road_proximity", "spatial_class": "distant_candidate", "coupling_eligible": 0, "distance_to_road_m": 25.485, "elevation_m": 557.688, "acc_cells": 2828, "upstream_area_m2": 2545068.5082139806, "graph_in_degree": 0, "graph_out_degree": 1, "source_type": "inferred_surface_to_drainage_coupling", "is_observed": 0, "mapping_tolerance_m": 30.0, "coupling_threshold_m": 20.0 }, "geometry": { "type": "Point", "coordinates": [ 377717.791000000026543, 2046111.903 ] } },
{ "type": "Feature", "properties": { "inlet_id": "RN_INLET_00152", "drain_node_id": "RN_DNODE_00395", "drain_id": "RN_DRAIN_00306", "road_id": "RN_ROAD_00089", "candidate_method": "road_proximity", "spatial_class": "moderate", "coupling_eligible": 1, "distance_to_road_m": 10.698, "elevation_m": 557.645, "acc_cells": 47, "upstream_area_m2": 42684.736700485031, "graph_in_degree": 0, "graph_out_degree": 1, "source_type": "inferred_surface_to_drainage_coupling", "is_observed": 0, "mapping_tolerance_m": 30.0, "coupling_threshold_m": 20.0 }, "geometry": { "type": "Point", "coordinates": [ 377717.791000000026543, 2046171.903 ] } },
{ "type": "Feature", "properties": { "inlet_id": "RN_INLET_00153", "drain_node_id": "RN_DNODE_00396", "drain_id": "RN_DRAIN_00291", "road_id": "RN_ROAD_00089", "candidate_method": "road_proximity", "spatial_class": "near", "coupling_eligible": 1, "distance_to_road_m": 3.586, "elevation_m": 558.357, "acc_cells": 36, "upstream_area_m2": 32417.729892438481, "graph_in_degree": 0, "graph_out_degree": 1, "source_type": "inferred_surface_to_drainage_coupling", "is_observed": 0, "mapping_tolerance_m": 30.0, "coupling_threshold_m": 20.0 }, "geometry": { "type": "Point", "coordinates": [ 377717.791000000026543, 2046201.903 ] } },
{ "type": "Feature", "properties": { "inlet_id": "RN_INLET_00154", "drain_node_id": "RN_DNODE_00397", "drain_id": "RN_DRAIN_00169", "road_id": "RN_ROAD_00385", "candidate_method": "road_proximity", "spatial_class": "near", "coupling_eligible": 1, "distance_to_road_m": 4.528, "elevation_m": 562.793, "acc_cells": 65, "upstream_area_m2": 58256.100416890877, "graph_in_degree": 1, "graph_out_degree": 1, "source_type": "inferred_surface_to_drainage_coupling", "is_observed": 0, "mapping_tolerance_m": 30.0, "coupling_threshold_m": 20.0 }, "geometry": { "type": "Point", "coordinates": [ 377717.791000000026543, 2046471.903 ] } },
{ "type": "Feature", "properties": { "inlet_id": "RN_INLET_00155", "drain_node_id": "RN_DNODE_00404", "drain_id": "RN_DRAIN_00478", "road_id": "RN_ROAD_00011", "candidate_method": "road_proximity", "spatial_class": "moderate", "coupling_eligible": 1, "distance_to_road_m": 14.591, "elevation_m": 567.724, "acc_cells": 204, "upstream_area_m2": 183808.54622807764, "graph_in_degree": 2, "graph_out_degree": 1, "source_type": "inferred_surface_to_drainage_coupling", "is_observed": 0, "mapping_tolerance_m": 30.0, "coupling_threshold_m": 20.0 }, "geometry": { "type": "Point", "coordinates": [ 377747.791000000026543, 2045721.903 ] } },
{ "type": "Feature", "properties": { "inlet_id": "RN_INLET_00156", "drain_node_id": "RN_DNODE_00405", "drain_id": "RN_DRAIN_00467", "road_id": "RN_ROAD_00014", "candidate_method": "road_proximity", "spatial_class": "near", "coupling_eligible": 1, "distance_to_road_m": 3.525, "elevation_m": 567.746, "acc_cells": 35, "upstream_area_m2": 31886.205236584894, "graph_in_degree": 0, "graph_out_degree": 1, "source_type": "inferred_surface_to_drainage_coupling", "is_observed": 0, "mapping_tolerance_m": 30.0, "coupling_threshold_m": 20.0 }, "geometry": { "type": "Point", "coordinates": [ 377747.791000000026543, 2045751.903 ] } },
{ "type": "Feature", "properties": { "inlet_id": "RN_INLET_00157", "drain_node_id": "RN_DNODE_00406", "drain_id": "RN_DRAIN_00341", "road_id": "RN_ROAD_00085", "candidate_method": "road_proximity", "spatial_class": "distant_candidate", "coupling_eligible": 0, "distance_to_road_m": 27.87, "elevation_m": 557.74, "acc_cells": 5711, "upstream_area_m2": 5140037.1413244754, "graph_in_degree": 1, "graph_out_degree": 1, "source_type": "inferred_surface_to_drainage_coupling", "is_observed": 0, "mapping_tolerance_m": 30.0, "coupling_threshold_m": 20.0 }, "geometry": { "type": "Point", "coordinates": [ 377747.791000000026543, 2046111.903 ] } },
{ "type": "Feature", "properties": { "inlet_id": "RN_INLET_00158", "drain_node_id": "RN_DNODE_00407", "drain_id": "RN_DRAIN_00170", "road_id": "RN_ROAD_00363", "candidate_method": "road_proximity", "spatial_class": "near", "coupling_eligible": 1, "distance_to_road_m": 3.4, "elevation_m": 562.845, "acc_cells": 56, "upstream_area_m2": 49990.896127246873, "graph_in_degree": 1, "graph_out_degree": 1, "source_type": "inferred_surface_to_drainage_coupling", "is_observed": 0, "mapping_tolerance_m": 30.0, "coupling_threshold_m": 20.0 }, "geometry": { "type": "Point", "coordinates": [ 377747.791000000026543, 2046471.903 ] } },
{ "type": "Feature", "properties": { "inlet_id": "RN_INLET_00159", "drain_node_id": "RN_DNODE_00408", "drain_id": "RN_DRAIN_00035", "road_id": "RN_ROAD_00629", "candidate_method": "road_proximity", "spatial_class": "moderate", "coupling_eligible": 1, "distance_to_road_m": 15.555, "elevation_m": 561.44, "acc_cells": 40, "upstream_area_m2": 36161.506010378347, "graph_in_degree": 1, "graph_out_degree": 1, "source_type": "inferred_surface_to_drainage_coupling", "is_observed": 0, "mapping_tolerance_m": 30.0, "coupling_threshold_m": 20.0 }, "geometry": { "type": "Point", "coordinates": [ 377747.791000000026543, 2046801.903 ] } },
{ "type": "Feature", "properties": { "inlet_id": "RN_INLET_00160", "drain_node_id": "RN_DNODE_00411", "drain_id": "RN_DRAIN_00479", "road_id": "RN_ROAD_00024", "candidate_method": "road_proximity", "spatial_class": "moderate", "coupling_eligible": 1, "distance_to_road_m": 11.674, "elevation_m": 567.776, "acc_cells": 96, "upstream_area_m2": 86615.407047761153, "graph_in_degree": 2, "graph_out_degree": 1, "source_type": "inferred_surface_to_drainage_coupling", "is_observed": 0, "mapping_tolerance_m": 30.0, "coupling_threshold_m": 20.0 }, "geometry": { "type": "Point", "coordinates": [ 377777.791000000026543, 2045721.903 ] } },
{ "type": "Feature", "properties": { "inlet_id": "RN_INLET_00161", "drain_node_id": "RN_DNODE_00412", "drain_id": "RN_DRAIN_00468", "road_id": "RN_ROAD_00026", "candidate_method": "road_proximity", "spatial_class": "near", "coupling_eligible": 1, "distance_to_road_m": 7.538, "elevation_m": 567.798, "acc_cells": 67, "upstream_area_m2": 60225.138834804304, "graph_in_degree": 0, "graph_out_degree": 1, "source_type": "inferred_surface_to_drainage_coupling", "is_observed": 0, "mapping_tolerance_m": 30.0, "coupling_threshold_m": 20.0 }, "geometry": { "type": "Point", "coordinates": [ 377777.791000000026543, 2045751.903 ] } },
{ "type": "Feature", "properties": { "inlet_id": "RN_INLET_00162", "drain_node_id": "RN_DNODE_00413", "drain_id": "RN_DRAIN_00342", "road_id": "RN_ROAD_00087", "candidate_method": "road_proximity", "spatial_class": "distant_candidate", "coupling_eligible": 0, "distance_to_road_m": 25.654, "elevation_m": 557.793, "acc_cells": 5705, "upstream_area_m2": 5134206.6234918628, "graph_in_degree": 1, "graph_out_degree": 1, "source_type": "inferred_surface_to_drainage_coupling", "is_observed": 0, "mapping_tolerance_m": 30.0, "coupling_threshold_m": 20.0 }, "geometry": { "type": "Point", "coordinates": [ 377777.791000000026543, 2046111.903 ] } },
{ "type": "Feature", "properties": { "inlet_id": "RN_INLET_00163", "drain_node_id": "RN_DNODE_00414", "drain_id": "RN_DRAIN_00171", "road_id": "RN_ROAD_00374", "candidate_method": "road_proximity", "spatial_class": "near", "coupling_eligible": 1, "distance_to_road_m": 9.905, "elevation_m": 563.258, "acc_cells": 28, "upstream_area_m2": 24918.257549870603, "graph_in_degree": 1, "graph_out_degree": 1, "source_type": "inferred_surface_to_drainage_coupling", "is_observed": 0, "mapping_tolerance_m": 30.0, "coupling_threshold_m": 20.0 }, "geometry": { "type": "Point", "coordinates": [ 377777.791000000026543, 2046471.903 ] } },
{ "type": "Feature", "properties": { "inlet_id": "RN_INLET_00164", "drain_node_id": "RN_DNODE_00415", "drain_id": "RN_DRAIN_00069", "road_id": "RN_ROAD_00625", "candidate_method": "road_proximity", "spatial_class": "moderate", "coupling_eligible": 1, "distance_to_road_m": 14.967, "elevation_m": 564.279, "acc_cells": 25, "upstream_area_m2": 22662.5982053025, "graph_in_degree": 0, "graph_out_degree": 1, "source_type": "inferred_surface_to_drainage_coupling", "is_observed": 0, "mapping_tolerance_m": 30.0, "coupling_threshold_m": 20.0 }, "geometry": { "type": "Point", "coordinates": [ 377777.791000000026543, 2046681.903 ] } },
{ "type": "Feature", "properties": { "inlet_id": "RN_INLET_00165", "drain_node_id": "RN_DNODE_00417", "drain_id": "RN_DRAIN_00051", "road_id": "RN_ROAD_00625", "candidate_method": "road_proximity", "spatial_class": "moderate", "coupling_eligible": 1, "distance_to_road_m": 16.03, "elevation_m": 562.06, "acc_cells": 28, "upstream_area_m2": 24980.870887237135, "graph_in_degree": 0, "graph_out_degree": 1, "source_type": "inferred_surface_to_drainage_coupling", "is_observed": 0, "mapping_tolerance_m": 30.0, "coupling_threshold_m": 20.0 }, "geometry": { "type": "Point", "coordinates": [ 377777.791000000026543, 2046741.903 ] } },
{ "type": "Feature", "properties": { "inlet_id": "RN_INLET_00166", "drain_node_id": "RN_DNODE_00418", "drain_id": "RN_DRAIN_00043", "road_id": "RN_ROAD_00628", "candidate_method": "road_proximity", "spatial_class": "near", "coupling_eligible": 1, "distance_to_road_m": 7.058, "elevation_m": 561.514, "acc_cells": 32, "upstream_area_m2": 28356.056713281967, "graph_in_degree": 1, "graph_out_degree": 1, "source_type": "inferred_surface_to_drainage_coupling", "is_observed": 0, "mapping_tolerance_m": 30.0, "coupling_threshold_m": 20.0 }, "geometry": { "type": "Point", "coordinates": [ 377777.791000000026543, 2046771.903 ] } },
{ "type": "Feature", "properties": { "inlet_id": "RN_INLET_00167", "drain_node_id": "RN_DNODE_00420", "drain_id": "RN_DRAIN_00480", "road_id": "RN_ROAD_00024", "candidate_method": "road_proximity", "spatial_class": "near", "coupling_eligible": 1, "distance_to_road_m": 2.895, "elevation_m": 568.418, "acc_cells": 55, "upstream_area_m2": 49813.13207283325, "graph_in_degree": 1, "graph_out_degree": 1, "source_type": "inferred_surface_to_drainage_coupling", "is_observed": 0, "mapping_tolerance_m": 30.0, "coupling_threshold_m": 20.0 }, "geometry": { "type": "Point", "coordinates": [ 377807.791000000026543, 2045721.903 ] } },
{ "type": "Feature", "properties": { "inlet_id": "RN_INLET_00168", "drain_node_id": "RN_DNODE_00421", "drain_id": "RN_DRAIN_00469", "road_id": "RN_ROAD_00024", "candidate_method": "road_proximity", "spatial_class": "distant_candidate", "coupling_eligible": 0, "distance_to_road_m": 21.569, "elevation_m": 567.85, "acc_cells": 76, "upstream_area_m2": 68442.164119710171, "graph_in_degree": 2, "graph_out_degree": 1, "source_type": "inferred_surface_to_drainage_coupling", "is_observed": 0, "mapping_tolerance_m": 30.0, "coupling_threshold_m": 20.0 }, "geometry": { "type": "Point", "coordinates": [ 377807.791000000026543, 2045751.903 ] } },
{ "type": "Feature", "properties": { "inlet_id": "RN_INLET_00169", "drain_node_id": "RN_DNODE_00423", "drain_id": "RN_DRAIN_00183", "road_id": "RN_ROAD_00370", "candidate_method": "road_proximity", "spatial_class": "near", "coupling_eligible": 1, "distance_to_road_m": 3.974, "elevation_m": 563.4, "acc_cells": 38, "upstream_area_m2": 34234.860088765839, "graph_in_degree": 1, "graph_out_degree": 1, "source_type": "inferred_surface_to_drainage_coupling", "is_observed": 0, "mapping_tolerance_m": 30.0, "coupling_threshold_m": 20.0 }, "geometry": { "type": "Point", "coordinates": [ 377807.791000000026543, 2046441.903 ] } },
{ "type": "Feature", "properties": { "inlet_id": "RN_INLET_00170", "drain_node_id": "RN_DNODE_00425", "drain_id": "RN_DRAIN_00493", "road_id": "RN_ROAD_00024", "candidate_method": "road_proximity", "spatial_class": "near", "coupling_eligible": 1, "distance_to_road_m": 7.964, "elevation_m": 569.034, "acc_cells": 63, "upstream_area_m2": 56469.368110915333, "graph_in_degree": 2, "graph_out_degree": 1, "source_type": "inferred_surface_to_drainage_coupling", "is_observed": 0, "mapping_tolerance_m": 30.0, "coupling_threshold_m": 20.0 }, "geometry": { "type": "Point", "coordinates": [ 377837.791000000026543, 2045691.903 ] } },
{ "type": "Feature", "properties": { "inlet_id": "RN_INLET_00171", "drain_node_id": "RN_DNODE_00426", "drain_id": "RN_DRAIN_00481", "road_id": "RN_ROAD_00025", "candidate_method": "road_proximity", "spatial_class": "near", "coupling_eligible": 1, "distance_to_road_m": 7.409, "elevation_m": 568.722, "acc_cells": 36, "upstream_area_m2": 32685.355337797941, "graph_in_degree": 0, "graph_out_degree": 1, "source_type": "inferred_surface_to_drainage_coupling", "is_observed": 0, "mapping_tolerance_m": 30.0, "coupling_threshold_m": 20.0 }, "geometry": { "type": "Point", "coordinates": [ 377837.791000000026543, 2045721.903 ] } },
{ "type": "Feature", "properties": { "inlet_id": "RN_INLET_00172", "drain_node_id": "RN_DNODE_00427", "drain_id": "RN_DRAIN_00457", "road_id": "RN_ROAD_00105", "candidate_method": "road_proximity", "spatial_class": "moderate", "coupling_eligible": 1, "distance_to_road_m": 10.922, "elevation_m": 567.924, "acc_cells": 40, "upstream_area_m2": 35767.998209488804, "graph_in_degree": 1, "graph_out_degree": 1, "source_type": "inferred_surface_to_drainage_coupling", "is_observed": 0, "mapping_tolerance_m": 30.0, "coupling_threshold_m": 20.0 }, "geometry": { "type": "Point", "coordinates": [ 377837.791000000026543, 2045781.903 ] } },
{ "type": "Feature", "properties": { "inlet_id": "RN_INLET_00173", "drain_node_id": "RN_DNODE_00428", "drain_id": "RN_DRAIN_00344", "road_id": "RN_ROAD_00086", "candidate_method": "road_proximity", "spatial_class": "moderate", "coupling_eligible": 1, "distance_to_road_m": 18.128, "elevation_m": 557.897, "acc_cells": 2229, "upstream_area_m2": 2006305.2359758767, "graph_in_degree": 0, "graph_out_degree": 1, "source_type": "inferred_surface_to_drainage_coupling", "is_observed": 0, "mapping_tolerance_m": 30.0, "coupling_threshold_m": 20.0 }, "geometry": { "type": "Point", "coordinates": [ 377837.791000000026543, 2046111.903 ] } },
{ "type": "Feature", "properties": { "inlet_id": "RN_INLET_00174", "drain_node_id": "RN_DNODE_00430", "drain_id": "RN_DRAIN_00184", "road_id": "RN_ROAD_00369", "candidate_method": "road_proximity", "spatial_class": "near", "coupling_eligible": 1, "distance_to_road_m": 4.864, "elevation_m": 564.39, "acc_cells": 34, "upstream_area_m2": 30544.881973427666, "graph_in_degree": 1, "graph_out_degree": 1, "source_type": "inferred_surface_to_drainage_coupling", "is_observed": 0, "mapping_tolerance_m": 30.0, "coupling_threshold_m": 20.0 }, "geometry": { "type": "Point", "coordinates": [ 377837.791000000026543, 2046441.903 ] } },
{ "type": "Feature", "properties": { "inlet_id": "RN_INLET_00175", "drain_node_id": "RN_DNODE_00433", "drain_id": "RN_DRAIN_00494", "road_id": "RN_ROAD_00025", "candidate_method": "road_proximity", "spatial_class": "moderate", "coupling_eligible": 1, "distance_to_road_m": 16.9, "elevation_m": 569.449, "acc_cells": 32, "upstream_area_m2": 28589.676483955871, "graph_in_degree": 0, "graph_out_degree": 1, "source_type": "inferred_surface_to_drainage_coupling", "is_observed": 0, "mapping_tolerance_m": 30.0, "coupling_threshold_m": 20.0 }, "geometry": { "type": "Point", "coordinates": [ 377867.791000000026543, 2045691.903 ] } },
{ "type": "Feature", "properties": { "inlet_id": "RN_INLET_00176", "drain_node_id": "RN_DNODE_00434", "drain_id": "RN_DRAIN_00458", "road_id": "RN_ROAD_00105", "candidate_method": "road_proximity", "spatial_class": "distant_candidate", "coupling_eligible": 0, "distance_to_road_m": 25.551, "elevation_m": 568.889, "acc_cells": 30, "upstream_area_m2": 26971.054336274636, "graph_in_degree": 0, "graph_out_degree": 1, "source_type": "inferred_surface_to_drainage_coupling", "is_observed": 0, "mapping_tolerance_m": 30.0, "coupling_threshold_m": 20.0 }, "geometry": { "type": "Point", "coordinates": [ 377867.791000000026543, 2045781.903 ] } },
{ "type": "Feature", "properties": { "inlet_id": "RN_INLET_00177", "drain_node_id": "RN_DNODE_00435", "drain_id": "RN_DRAIN_00322", "road_id": "RN_ROAD_00086", "candidate_method": "road_proximity", "spatial_class": "moderate", "coupling_eligible": 1, "distance_to_road_m": 14.592, "elevation_m": 557.971, "acc_cells": 4287, "upstream_area_m2": 3858442.4931878559, "graph_in_degree": 3, "graph_out_degree": 1, "source_type": "inferred_surface_to_drainage_coupling", "is_observed": 0, "mapping_tolerance_m": 30.0, "coupling_threshold_m": 20.0 }, "geometry": { "type": "Point", "coordinates": [ 377867.791000000026543, 2046141.903 ] } },
{ "type": "Feature", "properties": { "inlet_id": "RN_INLET_00178", "drain_node_id": "RN_DNODE_00437", "drain_id": "RN_DRAIN_00172", "road_id": "RN_ROAD_00373", "candidate_method": "road_proximity", "spatial_class": "moderate", "coupling_eligible": 1, "distance_to_road_m": 12.138, "elevation_m": 564.553, "acc_cells": 29, "upstream_area_m2": 26191.516017009319, "graph_in_degree": 0, "graph_out_degree": 1, "source_type": "inferred_surface_to_drainage_coupling", "is_observed": 0, "mapping_tolerance_m": 30.0, "coupling_threshold_m": 20.0 }, "geometry": { "type": "Point", "coordinates": [ 377867.791000000026543, 2046471.903 ] } },
{ "type": "Feature", "properties": { "inlet_id": "RN_INLET_00179", "drain_node_id": "RN_DNODE_00438", "drain_id": "RN_DRAIN_00528", "road_id": "RN_ROAD_00103", "candidate_method": "road_proximity", "spatial_class": "near", "coupling_eligible": 1, "distance_to_road_m": 9.591, "elevation_m": 574.614, "acc_cells": 31, "upstream_area_m2": 27852.756842953011, "graph_in_degree": 0, "graph_out_degree": 1, "source_type": "inferred_surface_to_drainage_coupling", "is_observed": 0, "mapping_tolerance_m": 30.0, "coupling_threshold_m": 20.0 }, "geometry": { "type": "Point", "coordinates": [ 377897.791000000026543, 2045601.903 ] } },
{ "type": "Feature", "properties": { "inlet_id": "RN_INLET_00180", "drain_node_id": "RN_DNODE_00439", "drain_id": "RN_DRAIN_00323", "road_id": "RN_ROAD_00172", "candidate_method": "road_proximity", "spatial_class": "near", "coupling_eligible": 1, "distance_to_road_m": 0.635, "elevation_m": 558.024, "acc_cells": 2922, "upstream_area_m2": 2629710.4026509058, "graph_in_degree": 2, "graph_out_degree": 1, "source_type": "inferred_surface_to_drainage_coupling", "is_observed": 0, "mapping_tolerance_m": 30.0, "coupling_threshold_m": 20.0 }, "geometry": { "type": "Point", "coordinates": [ 377897.791000000026543, 2046141.903 ] } },
{ "type": "Feature", "properties": { "inlet_id": "RN_INLET_00181", "drain_node_id": "RN_DNODE_00440", "drain_id": "RN_DRAIN_00308", "road_id": "RN_ROAD_00173", "candidate_method": "road_proximity", "spatial_class": "moderate", "coupling_eligible": 1, "distance_to_road_m": 12.37, "elevation_m": 558.046, "acc_cells": 2770, "upstream_area_m2": 2493325.5732902326, "graph_in_degree": 0, "graph_out_degree": 1, "source_type": "inferred_surface_to_drainage_coupling", "is_observed": 0, "mapping_tolerance_m": 30.0, "coupling_threshold_m": 20.0 }, "geometry": { "type": "Point", "coordinates": [ 377897.791000000026543, 2046171.903 ] } },
{ "type": "Feature", "properties": { "inlet_id": "RN_INLET_00182", "drain_node_id": "RN_DNODE_00441", "drain_id": "RN_DRAIN_00005", "road_id": "RN_ROAD_00604", "candidate_method": "road_proximity", "spatial_class": "moderate", "coupling_eligible": 1, "distance_to_road_m": 10.889, "elevation_m": 561.823, "acc_cells": 141, "upstream_area_m2": 126602.46189229836, "graph_in_degree": 0, "graph_out_degree": 1, "source_type": "inferred_surface_to_drainage_coupling", "is_observed": 0, "mapping_tolerance_m": 30.0, "coupling_threshold_m": 20.0 }, "geometry": { "type": "Point", "coordinates": [ 377897.791000000026543, 2046921.903 ] } },
{ "type": "Feature", "properties": { "inlet_id": "RN_INLET_00183", "drain_node_id": "RN_DNODE_00445", "drain_id": "RN_DRAIN_00352", "road_id": "RN_ROAD_00168", "candidate_method": "road_proximity", "spatial_class": "distant_candidate", "coupling_eligible": 0, "distance_to_road_m": 22.682, "elevation_m": 561.529, "acc_cells": 115, "upstream_area_m2": 103851.493669142, "graph_in_degree": 1, "graph_out_degree": 1, "source_type": "inferred_surface_to_drainage_coupling", "is_observed": 0, "mapping_tolerance_m": 30.0, "coupling_threshold_m": 20.0 }, "geometry": { "type": "Point", "coordinates": [ 377927.791000000026543, 2046081.903 ] } },
{ "type": "Feature", "properties": { "inlet_id": "RN_INLET_00184", "drain_node_id": "RN_DNODE_00446", "drain_id": "RN_DRAIN_00345", "road_id": "RN_ROAD_00168", "candidate_method": "road_intersection", "spatial_class": "intersection", "coupling_eligible": 1, "distance_to_road_m": 0.088, "elevation_m": 559.717, "acc_cells": 118, "upstream_area_m2": 106032.99475329054, "graph_in_degree": 1, "graph_out_degree": 1, "source_type": "inferred_surface_to_drainage_coupling", "is_observed": 0, "mapping_tolerance_m": 30.0, "coupling_threshold_m": 20.0 }, "geometry": { "type": "Point", "coordinates": [ 377927.791000000026543, 2046111.903 ] } },
{ "type": "Feature", "properties": { "inlet_id": "RN_INLET_00185", "drain_node_id": "RN_DNODE_00447", "drain_id": "RN_DRAIN_00309", "road_id": "RN_ROAD_00173", "candidate_method": "road_proximity", "spatial_class": "near", "coupling_eligible": 1, "distance_to_road_m": 7.487, "elevation_m": 558.098, "acc_cells": 5481, "upstream_area_m2": 4932809.8382243989, "graph_in_degree": 2, "graph_out_degree": 1, "source_type": "inferred_surface_to_drainage_coupling", "is_observed": 0, "mapping_tolerance_m": 30.0, "coupling_threshold_m": 20.0 }, "geometry": { "type": "Point", "coordinates": [ 377927.791000000026543, 2046171.903 ] } },
{ "type": "Feature", "properties": { "inlet_id": "RN_INLET_00186", "drain_node_id": "RN_DNODE_00448", "drain_id": "RN_DRAIN_00292", "road_id": "RN_ROAD_00174", "candidate_method": "road_proximity", "spatial_class": "near", "coupling_eligible": 1, "distance_to_road_m": 8.954, "elevation_m": 558.12, "acc_cells": 70, "upstream_area_m2": 63087.345297124994, "graph_in_degree": 0, "graph_out_degree": 1, "source_type": "inferred_surface_to_drainage_coupling", "is_observed": 0, "mapping_tolerance_m": 30.0, "coupling_threshold_m": 20.0 }, "geometry": { "type": "Point", "coordinates": [ 377927.791000000026543, 2046201.903 ] } },
{ "type": "Feature", "properties": { "inlet_id": "RN_INLET_00187", "drain_node_id": "RN_DNODE_00449", "drain_id": "RN_DRAIN_00011", "road_id": "RN_ROAD_00603", "candidate_method": "road_proximity", "spatial_class": "moderate", "coupling_eligible": 1, "distance_to_road_m": 10.052, "elevation_m": 562.498, "acc_cells": 408, "upstream_area_m2": 367365.21148393559, "graph_in_degree": 1, "graph_out_degree": 1, "source_type": "inferred_surface_to_drainage_coupling", "is_observed": 0, "mapping_tolerance_m": 30.0, "coupling_threshold_m": 20.0 }, "geometry": { "type": "Point", "coordinates": [ 377927.791000000026543, 2046891.903 ] } },
{ "type": "Feature", "properties": { "inlet_id": "RN_INLET_00188", "drain_node_id": "RN_DNODE_00450", "drain_id": "RN_DRAIN_00006", "road_id": "RN_ROAD_00608", "candidate_method": "road_proximity", "spatial_class": "near", "coupling_eligible": 1, "distance_to_road_m": 1.308, "elevation_m": 561.948, "acc_cells": 276, "upstream_area_m2": 248343.05168967068, "graph_in_degree": 1, "graph_out_degree": 1, "source_type": "inferred_surface_to_drainage_coupling", "is_observed": 0, "mapping_tolerance_m": 30.0, "coupling_threshold_m": 20.0 }, "geometry": { "type": "Point", "coordinates": [ 377927.791000000026543, 2046921.903 ] } },
{ "type": "Feature", "properties": { "inlet_id": "RN_INLET_00189", "drain_node_id": "RN_DNODE_00452", "drain_id": "RN_DRAIN_00374", "road_id": "RN_ROAD_00141", "candidate_method": "road_proximity", "spatial_class": "moderate", "coupling_eligible": 1, "distance_to_road_m": 13.608, "elevation_m": 563.903, "acc_cells": 34, "upstream_area_m2": 31027.564590763868, "graph_in_degree": 0, "graph_out_degree": 1, "source_type": "inferred_surface_to_drainage_coupling", "is_observed": 0, "mapping_tolerance_m": 30.0, "coupling_threshold_m": 20.0 }, "geometry": { "type": "Point", "coordinates": [ 377957.791000000026543, 2045991.903 ] } },
{ "type": "Feature", "properties": { "inlet_id": "RN_INLET_00190", "drain_node_id": "RN_DNODE_00453", "drain_id": "RN_DRAIN_00367", "road_id": "RN_ROAD_00141", "candidate_method": "road_proximity", "spatial_class": "moderate", "coupling_eligible": 1, "distance_to_road_m": 15.265, "elevation_m": 563.237, "acc_cells": 49, "upstream_area_m2": 43885.152377387894, "graph_in_degree": 0, "graph_out_degree": 1, "source_type": "inferred_surface_to_drainage_coupling", "is_observed": 0, "mapping_tolerance_m": 30.0, "coupling_threshold_m": 20.0 }, "geometry": { "type": "Point", "coordinates": [ 377957.791000000026543, 2046021.903 ] } },
{ "type": "Feature", "properties": { "inlet_id": "RN_INLET_00191", "drain_node_id": "RN_DNODE_00454", "drain_id": "RN_DRAIN_00359", "road_id": "RN_ROAD_00143", "candidate_method": "road_proximity", "spatial_class": "moderate", "coupling_eligible": 1, "distance_to_road_m": 19.233, "elevation_m": 562.586, "acc_cells": 113, "upstream_area_m2": 102091.2644677013, "graph_in_degree": 2, "graph_out_degree": 1, "source_type": "inferred_surface_to_drainage_coupling", "is_observed": 0, "mapping_tolerance_m": 30.0, "coupling_threshold_m": 20.0 }, "geometry": { "type": "Point", "coordinates": [ 377957.791000000026543, 2046051.903 ] } },
{ "type": "Feature", "properties": { "inlet_id": "RN_INLET_00192", "drain_node_id": "RN_DNODE_00455", "drain_id": "RN_DRAIN_00310", "road_id": "RN_ROAD_00173", "candidate_method": "road_proximity", "spatial_class": "distant_candidate", "coupling_eligible": 0, "distance_to_road_m": 24.937, "elevation_m": 558.15, "acc_cells": 5539, "upstream_area_m2": 4985435.165144043, "graph_in_degree": 1, "graph_out_degree": 1, "source_type": "inferred_surface_to_drainage_coupling", "is_observed": 0, "mapping_tolerance_m": 30.0, "coupling_threshold_m": 20.0 }, "geometry": { "type": "Point", "coordinates": [ 377957.791000000026543, 2046171.903 ] } },
{ "type": "Feature", "properties": { "inlet_id": "RN_INLET_00193", "drain_node_id": "RN_DNODE_00456", "drain_id": "RN_DRAIN_00016", "road_id": "RN_ROAD_00602", "candidate_method": "road_proximity", "spatial_class": "near", "coupling_eligible": 1, "distance_to_road_m": 2.943, "elevation_m": 562.572, "acc_cells": 406, "upstream_area_m2": 365214.17530005716, "graph_in_degree": 2, "graph_out_degree": 1, "source_type": "inferred_surface_to_drainage_coupling", "is_observed": 0, "mapping_tolerance_m": 30.0, "coupling_threshold_m": 20.0 }, "geometry": { "type": "Point", "coordinates": [ 377957.791000000026543, 2046861.903 ] } },
{ "type": "Feature", "properties": { "inlet_id": "RN_INLET_00194", "drain_node_id": "RN_DNODE_00457", "drain_id": "RN_DRAIN_00375", "road_id": "RN_ROAD_00140", "candidate_method": "road_proximity", "spatial_class": "near", "coupling_eligible": 1, "distance_to_road_m": 7.404, "elevation_m": 564.611, "acc_cells": 31, "upstream_area_m2": 27932.748265522772, "graph_in_degree": 1, "graph_out_degree": 1, "source_type": "inferred_surface_to_drainage_coupling", "is_observed": 0, "mapping_tolerance_m": 30.0, "coupling_threshold_m": 20.0 }, "geometry": { "type": "Point", "coordinates": [ 377987.791000000026543, 2045991.903 ] } },
{ "type": "Feature", "properties": { "inlet_id": "RN_INLET_00195", "drain_node_id": "RN_DNODE_00458", "drain_id": "RN_DRAIN_00368", "road_id": "RN_ROAD_00143", "candidate_method": "road_intersection", "spatial_class": "intersection", "coupling_eligible": 1, "distance_to_road_m": 0.093, "elevation_m": 563.288, "acc_cells": 58, "upstream_area_m2": 51821.24369314767, "graph_in_degree": 2, "graph_out_degree": 1, "source_type": "inferred_surface_to_drainage_coupling", "is_observed": 0, "mapping_tolerance_m": 30.0, "coupling_threshold_m": 20.0 }, "geometry": { "type": "Point", "coordinates": [ 377987.791000000026543, 2046021.903 ] } },
{ "type": "Feature", "properties": { "inlet_id": "RN_INLET_00196", "drain_node_id": "RN_DNODE_00460", "drain_id": "RN_DRAIN_00077", "road_id": "RN_ROAD_00472", "candidate_method": "road_proximity", "spatial_class": "near", "coupling_eligible": 1, "distance_to_road_m": 7.799, "elevation_m": 565.883, "acc_cells": 75, "upstream_area_m2": 67385.048317244597, "graph_in_degree": 1, "graph_out_degree": 1, "source_type": "inferred_surface_to_drainage_coupling", "is_observed": 0, "mapping_tolerance_m": 30.0, "coupling_threshold_m": 20.0 }, "geometry": { "type": "Point", "coordinates": [ 377987.791000000026543, 2046651.903 ] } },
{ "type": "Feature", "properties": { "inlet_id": "RN_INLET_00197", "drain_node_id": "RN_DNODE_00461", "drain_id": "RN_DRAIN_00070", "road_id": "RN_ROAD_00473", "candidate_method": "road_proximity", "spatial_class": "moderate", "coupling_eligible": 1, "distance_to_road_m": 12.196, "elevation_m": 565.83, "acc_cells": 77, "upstream_area_m2": 69619.537621543757, "graph_in_degree": 1, "graph_out_degree": 1, "source_type": "inferred_surface_to_drainage_coupling", "is_observed": 0, "mapping_tolerance_m": 30.0, "coupling_threshold_m": 20.0 }, "geometry": { "type": "Point", "coordinates": [ 377987.791000000026543, 2046681.903 ] } },
{ "type": "Feature", "properties": { "inlet_id": "RN_INLET_00198", "drain_node_id": "RN_DNODE_00462", "drain_id": "RN_DRAIN_00061", "road_id": "RN_ROAD_00473", "candidate_method": "road_proximity", "spatial_class": "near", "coupling_eligible": 1, "distance_to_road_m": 4.992, "elevation_m": 565.342, "acc_cells": 91, "upstream_area_m2": 81675.827468909076, "graph_in_degree": 1, "graph_out_degree": 1, "source_type": "inferred_surface_to_drainage_coupling", "is_observed": 0, "mapping_tolerance_m": 30.0, "coupling_threshold_m": 20.0 }, "geometry": { "type": "Point", "coordinates": [ 377987.791000000026543, 2046711.903 ] } },
{ "type": "Feature", "properties": { "inlet_id": "RN_INLET_00199", "drain_node_id": "RN_DNODE_00463", "drain_id": "RN_DRAIN_00052", "road_id": "RN_ROAD_00599", "candidate_method": "road_proximity", "spatial_class": "near", "coupling_eligible": 1, "distance_to_road_m": 2.127, "elevation_m": 565.093, "acc_cells": 100, "upstream_area_m2": 90415.428895242236, "graph_in_degree": 1, "graph_out_degree": 1, "source_type": "inferred_surface_to_drainage_coupling", "is_observed": 0, "mapping_tolerance_m": 30.0, "coupling_threshold_m": 20.0 }, "geometry": { "type": "Point", "coordinates": [ 377987.791000000026543, 2046741.903 ] } },
{ "type": "Feature", "properties": { "inlet_id": "RN_INLET_00200", "drain_node_id": "RN_DNODE_00464", "drain_id": "RN_DRAIN_00044", "road_id": "RN_ROAD_00598", "candidate_method": "road_proximity", "spatial_class": "near", "coupling_eligible": 1, "distance_to_road_m": 1.625, "elevation_m": 565.041, "acc_cells": 102, "upstream_area_m2": 92104.995219816119, "graph_in_degree": 1, "graph_out_degree": 1, "source_type": "inferred_surface_to_drainage_coupling", "is_observed": 0, "mapping_tolerance_m": 30.0, "coupling_threshold_m": 20.0 }, "geometry": { "type": "Point", "coordinates": [ 377987.791000000026543, 2046771.903 ] } },
{ "type": "Feature", "properties": { "inlet_id": "RN_INLET_00201", "drain_node_id": "RN_DNODE_00465", "drain_id": "RN_DRAIN_00036", "road_id": "RN_ROAD_00598", "candidate_method": "road_proximity", "spatial_class": "near", "coupling_eligible": 1, "distance_to_road_m": 5.435, "elevation_m": 563.706, "acc_cells": 104, "upstream_area_m2": 94039.358746274083, "graph_in_degree": 1, "graph_out_degree": 1, "source_type": "inferred_surface_to_drainage_coupling", "is_observed": 0, "mapping_tolerance_m": 30.0, "coupling_threshold_m": 20.0 }, "geometry": { "type": "Point", "coordinates": [ 377987.791000000026543, 2046801.903 ] } },
{ "type": "Feature", "properties": { "inlet_id": "RN_INLET_00202", "drain_node_id": "RN_DNODE_00466", "drain_id": "RN_DRAIN_00029", "road_id": "RN_ROAD_00602", "candidate_method": "road_proximity", "spatial_class": "moderate", "coupling_eligible": 1, "distance_to_road_m": 13.844, "elevation_m": 562.646, "acc_cells": 136, "upstream_area_m2": 122071.55963048931, "graph_in_degree": 1, "graph_out_degree": 1, "source_type": "inferred_surface_to_drainage_coupling", "is_observed": 0, "mapping_tolerance_m": 30.0, "coupling_threshold_m": 20.0 }, "geometry": { "type": "Point", "coordinates": [ 377987.791000000026543, 2046831.903 ] } },
{ "type": "Feature", "properties": { "inlet_id": "RN_INLET_00203", "drain_node_id": "RN_DNODE_00467", "drain_id": "RN_DRAIN_00017", "road_id": "RN_ROAD_00607", "candidate_method": "road_proximity", "spatial_class": "moderate", "coupling_eligible": 1, "distance_to_road_m": 18.876, "elevation_m": 562.625, "acc_cells": 257, "upstream_area_m2": 230977.12814013162, "graph_in_degree": 1, "graph_out_degree": 1, "source_type": "inferred_surface_to_drainage_coupling", "is_observed": 0, "mapping_tolerance_m": 30.0, "coupling_threshold_m": 20.0 }, "geometry": { "type": "Point", "coordinates": [ 377987.791000000026543, 2046861.903 ] } },
{ "type": "Feature", "properties": { "inlet_id": "RN_INLET_00204", "drain_node_id": "RN_DNODE_00468", "drain_id": "RN_DRAIN_00394", "road_id": "RN_ROAD_00104", "candidate_method": "road_proximity", "spatial_class": "near", "coupling_eligible": 1, "distance_to_road_m": 3.3, "elevation_m": 567.172, "acc_cells": 35, "upstream_area_m2": 31343.075426490464, "graph_in_degree": 1, "graph_out_degree": 1, "source_type": "inferred_surface_to_drainage_coupling", "is_observed": 0, "mapping_tolerance_m": 30.0, "coupling_threshold_m": 20.0 }, "geometry": { "type": "Point", "coordinates": [ 378017.791000000026543, 2045931.903 ] } },
{ "type": "Feature", "properties": { "inlet_id": "RN_INLET_00205", "drain_node_id": "RN_DNODE_00469", "drain_id": "RN_DRAIN_00383", "road_id": "RN_ROAD_00109", "candidate_method": "road_proximity", "spatial_class": "near", "coupling_eligible": 1, "distance_to_road_m": 4.663, "elevation_m": 565.729, "acc_cells": 29, "upstream_area_m2": 26026.917168165259, "graph_in_degree": 1, "graph_out_degree": 1, "source_type": "inferred_surface_to_drainage_coupling", "is_observed": 0, "mapping_tolerance_m": 30.0, "coupling_threshold_m": 20.0 }, "geometry": { "type": "Point", "coordinates": [ 378017.791000000026543, 2045961.903 ] } },
{ "type": "Feature", "properties": { "inlet_id": "RN_INLET_00206", "drain_node_id": "RN_DNODE_00470", "drain_id": "RN_DRAIN_00324", "road_id": "RN_ROAD_00171", "candidate_method": "road_proximity", "spatial_class": "near", "coupling_eligible": 1, "distance_to_road_m": 6.04, "elevation_m": 558.882, "acc_cells": 5522, "upstream_area_m2": 4969888.2992551411, "graph_in_degree": 1, "graph_out_degree": 1, "source_type": "inferred_surface_to_drainage_coupling", "is_observed": 0, "mapping_tolerance_m": 30.0, "coupling_threshold_m": 20.0 }, "geometry": { "type": "Point", "coordinates": [ 378017.791000000026543, 2046141.903 ] } },
{ "type": "Feature", "properties": { "inlet_id": "RN_INLET_00207", "drain_node_id": "RN_DNODE_00471", "drain_id": "RN_DRAIN_00133", "road_id": "RN_ROAD_00467", "candidate_method": "road_proximity", "spatial_class": "moderate", "coupling_eligible": 1, "distance_to_road_m": 11.189, "elevation_m": 566.062, "acc_cells": 29, "upstream_area_m2": 26463.173831851094, "graph_in_degree": 0, "graph_out_degree": 1, "source_type": "inferred_surface_to_drainage_coupling", "is_observed": 0, "mapping_tolerance_m": 30.0, "coupling_threshold_m": 20.0 }, "geometry": { "type": "Point", "coordinates": [ 378017.791000000026543, 2046561.903 ] } },
{ "type": "Feature", "properties": { "inlet_id": "RN_INLET_00208", "drain_node_id": "RN_DNODE_00472", "drain_id": "RN_DRAIN_00119", "road_id": "RN_ROAD_00468", "candidate_method": "road_proximity", "spatial_class": "near", "coupling_eligible": 1, "distance_to_road_m": 4.509, "elevation_m": 566.009, "acc_cells": 65, "upstream_area_m2": 58800.433350908614, "graph_in_degree": 2, "graph_out_degree": 1, "source_type": "inferred_surface_to_drainage_coupling", "is_observed": 0, "mapping_tolerance_m": 30.0, "coupling_threshold_m": 20.0 }, "geometry": { "type": "Point", "coordinates": [ 378017.791000000026543, 2046591.903 ] } },
{ "type": "Feature", "properties": { "inlet_id": "RN_INLET_00209", "drain_node_id": "RN_DNODE_00473", "drain_id": "RN_DRAIN_00102", "road_id": "RN_ROAD_00468", "candidate_method": "road_proximity", "spatial_class": "near", "coupling_eligible": 1, "distance_to_road_m": 2.618, "elevation_m": 565.957, "acc_cells": 71, "upstream_area_m2": 64142.665371950352, "graph_in_degree": 1, "graph_out_degree": 1, "source_type": "inferred_surface_to_drainage_coupling", "is_observed": 0, "mapping_tolerance_m": 30.0, "coupling_threshold_m": 20.0 }, "geometry": { "type": "Point", "coordinates": [ 378017.791000000026543, 2046621.903 ] } },
{ "type": "Feature", "properties": { "inlet_id": "RN_INLET_00210", "drain_node_id": "RN_DNODE_00474", "drain_id": "RN_DRAIN_00018", "road_id": "RN_ROAD_00607", "candidate_method": "road_proximity", "spatial_class": "distant_candidate", "coupling_eligible": 0, "distance_to_road_m": 22.423, "elevation_m": 562.847, "acc_cells": 278, "upstream_area_m2": 250298.00508290611, "graph_in_degree": 1, "graph_out_degree": 1, "source_type": "inferred_surface_to_drainage_coupling", "is_observed": 0, "mapping_tolerance_m": 30.0, "coupling_threshold_m": 20.0 }, "geometry": { "type": "Point", "coordinates": [ 378017.791000000026543, 2046861.903 ] } },
{ "type": "Feature", "properties": { "inlet_id": "RN_INLET_00211", "drain_node_id": "RN_DNODE_00476", "drain_id": "RN_DRAIN_00325", "road_id": "RN_ROAD_00171", "candidate_method": "road_proximity", "spatial_class": "distant_candidate", "coupling_eligible": 0, "distance_to_road_m": 24.776, "elevation_m": 558.935, "acc_cells": 5518, "upstream_area_m2": 4965849.2208611751, "graph_in_degree": 1, "graph_out_degree": 1, "source_type": "inferred_surface_to_drainage_coupling", "is_observed": 0, "mapping_tolerance_m": 30.0, "coupling_threshold_m": 20.0 }, "geometry": { "type": "Point", "coordinates": [ 378047.791000000026543, 2046141.903 ] } },
{ "type": "Feature", "properties": { "inlet_id": "RN_INLET_00212", "drain_node_id": "RN_DNODE_00477", "drain_id": "RN_DRAIN_00195", "road_id": "RN_ROAD_00437", "candidate_method": "road_proximity", "spatial_class": "moderate", "coupling_eligible": 1, "distance_to_road_m": 17.855, "elevation_m": 566.839, "acc_cells": 40, "upstream_area_m2": 36123.969725011812, "graph_in_degree": 1, "graph_out_degree": 1, "source_type": "inferred_surface_to_drainage_coupling", "is_observed": 0, "mapping_tolerance_m": 30.0, "coupling_threshold_m": 20.0 }, "geometry": { "type": "Point", "coordinates": [ 378047.791000000026543, 2046411.903 ] } },
{ "type": "Feature", "properties": { "inlet_id": "RN_INLET_00213", "drain_node_id": "RN_DNODE_00478", "drain_id": "RN_DRAIN_00185", "road_id": "RN_ROAD_00437", "candidate_method": "road_proximity", "spatial_class": "moderate", "coupling_eligible": 1, "distance_to_road_m": 10.575, "elevation_m": 566.786, "acc_cells": 42, "upstream_area_m2": 37870.191030999064, "graph_in_degree": 1, "graph_out_degree": 1, "source_type": "inferred_surface_to_drainage_coupling", "is_observed": 0, "mapping_tolerance_m": 30.0, "coupling_threshold_m": 20.0 }, "geometry": { "type": "Point", "coordinates": [ 378047.791000000026543, 2046441.903 ] } },
{ "type": "Feature", "properties": { "inlet_id": "RN_INLET_00214", "drain_node_id": "RN_DNODE_00479", "drain_id": "RN_DRAIN_00173", "road_id": "RN_ROAD_00442", "candidate_method": "road_proximity", "spatial_class": "near", "coupling_eligible": 1, "distance_to_road_m": 3.808, "elevation_m": 566.734, "acc_cells": 44, "upstream_area_m2": 39506.312776737323, "graph_in_degree": 1, "graph_out_degree": 1, "source_type": "inferred_surface_to_drainage_coupling", "is_observed": 0, "mapping_tolerance_m": 30.0, "coupling_threshold_m": 20.0 }, "geometry": { "type": "Point", "coordinates": [ 378047.791000000026543, 2046471.903 ] } },
{ "type": "Feature", "properties": { "inlet_id": "RN_INLET_00215", "drain_node_id": "RN_DNODE_00480", "drain_id": "RN_DRAIN_00160", "road_id": "RN_ROAD_00454", "candidate_method": "road_proximity", "spatial_class": "near", "coupling_eligible": 1, "distance_to_road_m": 2.257, "elevation_m": 566.303, "acc_cells": 47, "upstream_area_m2": 42163.640391369343, "graph_in_degree": 1, "graph_out_degree": 1, "source_type": "inferred_surface_to_drainage_coupling", "is_observed": 0, "mapping_tolerance_m": 30.0, "coupling_threshold_m": 20.0 }, "geometry": { "type": "Point", "coordinates": [ 378047.791000000026543, 2046501.903 ] } },
{ "type": "Feature", "properties": { "inlet_id": "RN_INLET_00216", "drain_node_id": "RN_DNODE_00481", "drain_id": "RN_DRAIN_00147", "road_id": "RN_ROAD_00457", "candidate_method": "road_intersection", "spatial_class": "intersection", "coupling_eligible": 1, "distance_to_road_m": 0.369, "elevation_m": 566.136, "acc_cells": 52, "upstream_area_m2": 46624.384979413444, "graph_in_degree": 1, "graph_out_degree": 1, "source_type": "inferred_surface_to_drainage_coupling", "is_observed": 0, "mapping_tolerance_m": 30.0, "coupling_threshold_m": 20.0 }, "geometry": { "type": "Point", "coordinates": [ 378047.791000000026543, 2046531.903 ] } },
{ "type": "Feature", "properties": { "inlet_id": "RN_INLET_00217", "drain_node_id": "RN_DNODE_00482", "drain_id": "RN_DRAIN_00134", "road_id": "RN_ROAD_00457", "candidate_method": "road_proximity", "spatial_class": "near", "coupling_eligible": 1, "distance_to_road_m": 6.781, "elevation_m": 566.083, "acc_cells": 33, "upstream_area_m2": 30065.475022848463, "graph_in_degree": 1, "graph_out_degree": 1, "source_type": "inferred_surface_to_drainage_coupling", "is_observed": 0, "mapping_tolerance_m": 30.0, "coupling_threshold_m": 20.0 }, "geometry": { "type": "Point", "coordinates": [ 378047.791000000026543, 2046561.903 ] } },
{ "type": "Feature", "properties": { "inlet_id": "RN_INLET_00218", "drain_node_id": "RN_DNODE_00483", "drain_id": "RN_DRAIN_00019", "road_id": "RN_ROAD_00607", "candidate_method": "road_proximity", "spatial_class": "distant_candidate", "coupling_eligible": 0, "distance_to_road_m": 25.97, "elevation_m": 564.294, "acc_cells": 273, "upstream_area_m2": 245776.2178143753, "graph_in_degree": 1, "graph_out_degree": 1, "source_type": "inferred_surface_to_drainage_coupling", "is_observed": 0, "mapping_tolerance_m": 30.0, "coupling_threshold_m": 20.0 }, "geometry": { "type": "Point", "coordinates": [ 378047.791000000026543, 2046861.903 ] } },
{ "type": "Feature", "properties": { "inlet_id": "RN_INLET_00219", "drain_node_id": "RN_DNODE_00486", "drain_id": "RN_DRAIN_00209", "road_id": "RN_ROAD_00401", "candidate_method": "road_proximity", "spatial_class": "near", "coupling_eligible": 1, "distance_to_road_m": 1.871, "elevation_m": 566.913, "acc_cells": 37, "upstream_area_m2": 33551.264953379039, "graph_in_degree": 1, "graph_out_degree": 1, "source_type": "inferred_surface_to_drainage_coupling", "is_observed": 0, "mapping_tolerance_m": 30.0, "coupling_threshold_m": 20.0 }, "geometry": { "type": "Point", "coordinates": [ 378077.791000000026543, 2046381.903 ] } },
{ "type": "Feature", "properties": { "inlet_id": "RN_INLET_00220", "drain_node_id": "RN_DNODE_00487", "drain_id": "RN_DRAIN_00020", "road_id": "RN_ROAD_00607", "candidate_method": "road_proximity", "spatial_class": "distant_candidate", "coupling_eligible": 0, "distance_to_road_m": 28.933, "elevation_m": 564.346, "acc_cells": 271, "upstream_area_m2": 243867.24431333534, "graph_in_degree": 1, "graph_out_degree": 1, "source_type": "inferred_surface_to_drainage_coupling", "is_observed": 0, "mapping_tolerance_m": 30.0, "coupling_threshold_m": 20.0 }, "geometry": { "type": "Point", "coordinates": [ 378077.791000000026543, 2046861.903 ] } },
{ "type": "Feature", "properties": { "inlet_id": "RN_INLET_00221", "drain_node_id": "RN_DNODE_00489", "drain_id": "RN_DRAIN_00327", "road_id": "RN_ROAD_00162", "candidate_method": "road_proximity", "spatial_class": "near", "coupling_eligible": 1, "distance_to_road_m": 7.05, "elevation_m": 559.147, "acc_cells": 5500, "upstream_area_m2": 4949694.618121108, "graph_in_degree": 1, "graph_out_degree": 1, "source_type": "inferred_surface_to_drainage_coupling", "is_observed": 0, "mapping_tolerance_m": 30.0, "coupling_threshold_m": 20.0 }, "geometry": { "type": "Point", "coordinates": [ 378107.791000000026543, 2046141.903 ] } },
{ "type": "Feature", "properties": { "inlet_id": "RN_INLET_00222", "drain_node_id": "RN_DNODE_00490", "drain_id": "RN_DRAIN_00196", "road_id": "RN_ROAD_00439", "candidate_method": "road_proximity", "spatial_class": "distant_candidate", "coupling_eligible": 0, "distance_to_road_m": 21.086, "elevation_m": 567.004, "acc_cells": 25, "upstream_area_m2": 22513.517379165951, "graph_in_degree": 0, "graph_out_degree": 1, "source_type": "inferred_surface_to_drainage_coupling", "is_observed": 0, "mapping_tolerance_m": 30.0, "coupling_threshold_m": 20.0 }, "geometry": { "type": "Point", "coordinates": [ 378107.791000000026543, 2046411.903 ] } },
{ "type": "Feature", "properties": { "inlet_id": "RN_INLET_00223", "drain_node_id": "RN_DNODE_00492", "drain_id": "RN_DRAIN_00430", "road_id": "RN_ROAD_00103", "candidate_method": "road_proximity", "spatial_class": "distant_candidate", "coupling_eligible": 0, "distance_to_road_m": 28.195, "elevation_m": 578.031, "acc_cells": 25, "upstream_area_m2": 22810.608955270589, "graph_in_degree": 0, "graph_out_degree": 1, "source_type": "inferred_surface_to_drainage_coupling", "is_observed": 0, "mapping_tolerance_m": 30.0, "coupling_threshold_m": 20.0 }, "geometry": { "type": "Point", "coordinates": [ 378137.791000000026543, 2045841.903 ] } },
{ "type": "Feature", "properties": { "inlet_id": "RN_INLET_00224", "drain_node_id": "RN_DNODE_00493", "drain_id": "RN_DRAIN_00328", "road_id": "RN_ROAD_00161", "candidate_method": "road_proximity", "spatial_class": "moderate", "coupling_eligible": 1, "distance_to_road_m": 12.65, "elevation_m": 560.887, "acc_cells": 5487, "upstream_area_m2": 4938621.7215821575, "graph_in_degree": 1, "graph_out_degree": 1, "source_type": "inferred_surface_to_drainage_coupling", "is_observed": 0, "mapping_tolerance_m": 30.0, "coupling_threshold_m": 20.0 }, "geometry": { "type": "Point", "coordinates": [ 378137.791000000026543, 2046141.903 ] } },
{ "type": "Feature", "properties": { "inlet_id": "RN_INLET_00225", "drain_node_id": "RN_DNODE_00494", "drain_id": "RN_DRAIN_00022", "road_id": "RN_ROAD_00606", "candidate_method": "road_proximity", "spatial_class": "distant_candidate", "coupling_eligible": 0, "distance_to_road_m": 27.632, "elevation_m": 565.074, "acc_cells": 262, "upstream_area_m2": 235622.13251119491, "graph_in_degree": 1, "graph_out_degree": 1, "source_type": "inferred_surface_to_drainage_coupling", "is_observed": 0, "mapping_tolerance_m": 30.0, "coupling_threshold_m": 20.0 }, "geometry": { "type": "Point", "coordinates": [ 378137.791000000026543, 2046861.903 ] } },
{ "type": "Feature", "properties": { "inlet_id": "RN_INLET_00226", "drain_node_id": "RN_DNODE_00495", "drain_id": "RN_DRAIN_00023", "road_id": "RN_ROAD_00606", "candidate_method": "road_proximity", "spatial_class": "distant_candidate", "coupling_eligible": 0, "distance_to_road_m": 24.972, "elevation_m": 565.074, "acc_cells": 257, "upstream_area_m2": 231326.17564929408, "graph_in_degree": 0, "graph_out_degree": 1, "source_type": "inferred_surface_to_drainage_coupling", "is_observed": 0, "mapping_tolerance_m": 30.0, "coupling_threshold_m": 20.0 }, "geometry": { "type": "Point", "coordinates": [ 378151.048, 2046861.903 ] } },
{ "type": "Feature", "properties": { "inlet_id": "RN_INLET_00227", "drain_node_id": "RN_DNODE_00500", "drain_id": "RN_DRAIN_00360", "road_id": "RN_ROAD_00153", "candidate_method": "road_proximity", "spatial_class": "moderate", "coupling_eligible": 1, "distance_to_road_m": 17.901, "elevation_m": 564.734, "acc_cells": 26, "upstream_area_m2": 23318.734189701656, "graph_in_degree": 0, "graph_out_degree": 1, "source_type": "inferred_surface_to_drainage_coupling", "is_observed": 0, "mapping_tolerance_m": 30.0, "coupling_threshold_m": 20.0 }, "geometry": { "type": "Point", "coordinates": [ 378257.791000000026543, 2046051.903 ] } },
{ "type": "Feature", "properties": { "inlet_id": "RN_INLET_00228", "drain_node_id": "RN_DNODE_00503", "drain_id": "RN_DRAIN_00062", "road_id": "RN_ROAD_00480", "candidate_method": "road_intersection", "spatial_class": "intersection", "coupling_eligible": 1, "distance_to_road_m": 0.459, "elevation_m": 566.043, "acc_cells": 33, "upstream_area_m2": 29391.793737044009, "graph_in_degree": 0, "graph_out_degree": 1, "source_type": "inferred_surface_to_drainage_coupling", "is_observed": 0, "mapping_tolerance_m": 30.0, "coupling_threshold_m": 20.0 }, "geometry": { "type": "Point", "coordinates": [ 378257.791000000026543, 2046711.903 ] } },
{ "type": "Feature", "properties": { "inlet_id": "RN_INLET_00229", "drain_node_id": "RN_DNODE_00504", "drain_id": "RN_DRAIN_00053", "road_id": "RN_ROAD_00480", "candidate_method": "road_proximity", "spatial_class": "near", "coupling_eligible": 1, "distance_to_road_m": 4.553, "elevation_m": 565.99, "acc_cells": 84, "upstream_area_m2": 75700.610996002448, "graph_in_degree": 2, "graph_out_degree": 1, "source_type": "inferred_surface_to_drainage_coupling", "is_observed": 0, "mapping_tolerance_m": 30.0, "coupling_threshold_m": 20.0 }, "geometry": { "type": "Point", "coordinates": [ 378257.791000000026543, 2046741.903 ] } },
{ "type": "Feature", "properties": { "inlet_id": "RN_INLET_00230", "drain_node_id": "RN_DNODE_00507", "drain_id": "RN_DRAIN_00376", "road_id": "RN_ROAD_00128", "candidate_method": "road_proximity", "spatial_class": "distant_candidate", "coupling_eligible": 0, "distance_to_road_m": 28.578, "elevation_m": 569.655, "acc_cells": 37, "upstream_area_m2": 33095.690836818605, "graph_in_degree": 0, "graph_out_degree": 1, "source_type": "inferred_surface_to_drainage_coupling", "is_observed": 0, "mapping_tolerance_m": 30.0, "coupling_threshold_m": 20.0 }, "geometry": { "type": "Point", "coordinates": [ 378287.791000000026543, 2045991.903 ] } },
{ "type": "Feature", "properties": { "inlet_id": "RN_INLET_00231", "drain_node_id": "RN_DNODE_00508", "drain_id": "RN_DRAIN_00361", "road_id": "RN_ROAD_00153", "candidate_method": "road_proximity", "spatial_class": "moderate", "coupling_eligible": 1, "distance_to_road_m": 19.893, "elevation_m": 564.735, "acc_cells": 82, "upstream_area_m2": 73941.821704937218, "graph_in_degree": 0, "graph_out_degree": 1, "source_type": "inferred_surface_to_drainage_coupling", "is_observed": 0, "mapping_tolerance_m": 30.0, "coupling_threshold_m": 20.0 }, "geometry": { "type": "Point", "coordinates": [ 378287.791000000026543, 2046051.903 ] } },
{ "type": "Feature", "properties": { "inlet_id": "RN_INLET_00232", "drain_node_id": "RN_DNODE_00516", "drain_id": "RN_DRAIN_00071", "road_id": "RN_ROAD_00478", "candidate_method": "road_proximity", "spatial_class": "distant_candidate", "coupling_eligible": 0, "distance_to_road_m": 23.442, "elevation_m": 567.094, "acc_cells": 109, "upstream_area_m2": 98336.358982088976, "graph_in_degree": 1, "graph_out_degree": 1, "source_type": "inferred_surface_to_drainage_coupling", "is_observed": 0, "mapping_tolerance_m": 30.0, "coupling_threshold_m": 20.0 }, "geometry": { "type": "Point", "coordinates": [ 378287.791000000026543, 2046681.903 ] } },
{ "type": "Feature", "properties": { "inlet_id": "RN_INLET_00233", "drain_node_id": "RN_DNODE_00517", "drain_id": "RN_DRAIN_00063", "road_id": "RN_ROAD_00480", "candidate_method": "road_proximity", "spatial_class": "distant_candidate", "coupling_eligible": 0, "distance_to_road_m": 29.12, "elevation_m": 566.065, "acc_cells": 94, "upstream_area_m2": 84809.527835590052, "graph_in_degree": 1, "graph_out_degree": 1, "source_type": "inferred_surface_to_drainage_coupling", "is_observed": 0, "mapping_tolerance_m": 30.0, "coupling_threshold_m": 20.0 }, "geometry": { "type": "Point", "coordinates": [ 378287.791000000026543, 2046711.903 ] } },
{ "type": "Feature", "properties": { "inlet_id": "RN_INLET_00234", "drain_node_id": "RN_DNODE_00518", "drain_id": "RN_DRAIN_00395", "road_id": "RN_ROAD_00120", "candidate_method": "road_proximity", "spatial_class": "near", "coupling_eligible": 1, "distance_to_road_m": 9.485, "elevation_m": 572.572, "acc_cells": 26, "upstream_area_m2": 23578.938393491753, "graph_in_degree": 0, "graph_out_degree": 1, "source_type": "inferred_surface_to_drainage_coupling", "is_observed": 0, "mapping_tolerance_m": 30.0, "coupling_threshold_m": 20.0 }, "geometry": { "type": "Point", "coordinates": [ 378317.791000000026543, 2045931.903 ] } },
{ "type": "Feature", "properties": { "inlet_id": "RN_INLET_00235", "drain_node_id": "RN_DNODE_00519", "drain_id": "RN_DRAIN_00362", "road_id": "RN_ROAD_00155", "candidate_method": "road_proximity", "spatial_class": "near", "coupling_eligible": 1, "distance_to_road_m": 8.145, "elevation_m": 566.076, "acc_cells": 1629, "upstream_area_m2": 1465980.1899718486, "graph_in_degree": 0, "graph_out_degree": 1, "source_type": "inferred_surface_to_drainage_coupling", "is_observed": 0, "mapping_tolerance_m": 30.0, "coupling_threshold_m": 20.0 }, "geometry": { "type": "Point", "coordinates": [ 378317.791000000026543, 2046051.903 ] } },
{ "type": "Feature", "properties": { "inlet_id": "RN_INLET_00236", "drain_node_id": "RN_DNODE_00520", "drain_id": "RN_DRAIN_00354", "road_id": "RN_ROAD_00155", "candidate_method": "road_proximity", "spatial_class": "near", "coupling_eligible": 1, "distance_to_road_m": 9.953, "elevation_m": 564.798, "acc_cells": 3220, "upstream_area_m2": 2897624.357266529, "graph_in_degree": 4, "graph_out_degree": 1, "source_type": "inferred_surface_to_drainage_coupling", "is_observed": 0, "mapping_tolerance_m": 30.0, "coupling_threshold_m": 20.0 }, "geometry": { "type": "Point", "coordinates": [ 378317.791000000026543, 2046081.903 ] } },
{ "type": "Feature", "properties": { "inlet_id": "RN_INLET_00237", "drain_node_id": "RN_DNODE_00521", "drain_id": "RN_DRAIN_00348", "road_id": "RN_ROAD_00155", "candidate_method": "road_proximity", "spatial_class": "moderate", "coupling_eligible": 1, "distance_to_road_m": 19.272, "elevation_m": 564.465, "acc_cells": 301, "upstream_area_m2": 271260.51984836871, "graph_in_degree": 0, "graph_out_degree": 1, "source_type": "inferred_surface_to_drainage_coupling", "is_observed": 0, "mapping_tolerance_m": 30.0, "coupling_threshold_m": 20.0 }, "geometry": { "type": "Point", "coordinates": [ 378317.791000000026543, 2046111.903 ] } },
{ "type": "Feature", "properties": { "inlet_id": "RN_INLET_00238", "drain_node_id": "RN_DNODE_00526", "drain_id": "RN_DRAIN_00363", "road_id": "RN_ROAD_00155", "candidate_method": "road_proximity", "spatial_class": "distant_candidate", "coupling_eligible": 0, "distance_to_road_m": 21.801, "elevation_m": 568.408, "acc_cells": 5170, "upstream_area_m2": 4652637.3582254341, "graph_in_degree": 1, "graph_out_degree": 1, "source_type": "inferred_surface_to_drainage_coupling", "is_observed": 0, "mapping_tolerance_m": 30.0, "coupling_threshold_m": 20.0 }, "geometry": { "type": "Point", "coordinates": [ 378347.791000000026543, 2046051.903 ] } },
{ "type": "Feature", "properties": { "inlet_id": "RN_INLET_00239", "drain_node_id": "RN_DNODE_00527", "drain_id": "RN_DRAIN_00355", "road_id": "RN_ROAD_00155", "candidate_method": "road_proximity", "spatial_class": "moderate", "coupling_eligible": 1, "distance_to_road_m": 11.614, "elevation_m": 566.294, "acc_cells": 997, "upstream_area_m2": 897265.34755138156, "graph_in_degree": 0, "graph_out_degree": 1, "source_type": "inferred_surface_to_drainage_coupling", "is_observed": 0, "mapping_tolerance_m": 30.0, "coupling_threshold_m": 20.0 }, "geometry": { "type": "Point", "coordinates": [ 378347.791000000026543, 2046081.903 ] } },
{ "type": "Feature", "properties": { "inlet_id": "RN_INLET_00240", "drain_node_id": "RN_DNODE_00528", "drain_id": "RN_DRAIN_00349", "road_id": "RN_ROAD_00155", "candidate_method": "road_proximity", "spatial_class": "near", "coupling_eligible": 1, "distance_to_road_m": 0.728, "elevation_m": 565.314, "acc_cells": 77, "upstream_area_m2": 69266.62880030059, "graph_in_degree": 0, "graph_out_degree": 1, "source_type": "inferred_surface_to_drainage_coupling", "is_observed": 0, "mapping_tolerance_m": 30.0, "coupling_threshold_m": 20.0 }, "geometry": { "type": "Point", "coordinates": [ 378347.791000000026543, 2046111.903 ] } },
{ "type": "Feature", "properties": { "inlet_id": "RN_INLET_00241", "drain_node_id": "RN_DNODE_00529", "drain_id": "RN_DRAIN_00335", "road_id": "RN_ROAD_00155", "candidate_method": "road_proximity", "spatial_class": "moderate", "coupling_eligible": 1, "distance_to_road_m": 12.454, "elevation_m": 562.808, "acc_cells": 33, "upstream_area_m2": 29593.265910344046, "graph_in_degree": 0, "graph_out_degree": 1, "source_type": "inferred_surface_to_drainage_coupling", "is_observed": 0, "mapping_tolerance_m": 30.0, "coupling_threshold_m": 20.0 }, "geometry": { "type": "Point", "coordinates": [ 378347.791000000026543, 2046141.903 ] } },
{ "type": "Feature", "properties": { "inlet_id": "RN_INLET_00242", "drain_node_id": "RN_DNODE_00535", "drain_id": "RN_DRAIN_00377", "road_id": "RN_ROAD_00123", "candidate_method": "road_proximity", "spatial_class": "near", "coupling_eligible": 1, "distance_to_road_m": 3.968, "elevation_m": 568.615, "acc_cells": 4219, "upstream_area_m2": 3797506.7047595549, "graph_in_degree": 0, "graph_out_degree": 1, "source_type": "inferred_surface_to_drainage_coupling", "is_observed": 0, "mapping_tolerance_m": 30.0, "coupling_threshold_m": 20.0 }, "geometry": { "type": "Point", "coordinates": [ 378377.791000000026543, 2045991.903 ] } },
{ "type": "Feature", "properties": { "inlet_id": "RN_INLET_00243", "drain_node_id": "RN_DNODE_00536", "drain_id": "RN_DRAIN_00369", "road_id": "RN_ROAD_00127", "candidate_method": "road_proximity", "spatial_class": "moderate", "coupling_eligible": 1, "distance_to_road_m": 15.189, "elevation_m": 568.563, "acc_cells": 5169, "upstream_area_m2": 4651676.9922013637, "graph_in_degree": 2, "graph_out_degree": 1, "source_type": "inferred_surface_to_drainage_coupling", "is_observed": 0, "mapping_tolerance_m": 30.0, "coupling_threshold_m": 20.0 }, "geometry": { "type": "Point", "coordinates": [ 378377.791000000026543, 2046021.903 ] } },
{ "type": "Feature", "properties": { "inlet_id": "RN_INLET_00244", "drain_node_id": "RN_DNODE_00538", "drain_id": "RN_DRAIN_00236", "road_id": "RN_ROAD_00407", "candidate_method": "road_proximity", "spatial_class": "distant_candidate", "coupling_eligible": 0, "distance_to_road_m": 24.062, "elevation_m": 564.464, "acc_cells": 53, "upstream_area_m2": 47582.532046402805, "graph_in_degree": 1, "graph_out_degree": 1, "source_type": "inferred_surface_to_drainage_coupling", "is_observed": 0, "mapping_tolerance_m": 30.0, "coupling_threshold_m": 20.0 }, "geometry": { "type": "Point", "coordinates": [ 378377.791000000026543, 2046321.903 ] } },
{ "type": "Feature", "properties": { "inlet_id": "RN_INLET_00245", "drain_node_id": "RN_DNODE_00540", "drain_id": "RN_DRAIN_00378", "road_id": "RN_ROAD_00123", "candidate_method": "road_proximity", "spatial_class": "near", "coupling_eligible": 1, "distance_to_road_m": 4.374, "elevation_m": 569.671, "acc_cells": 5140, "upstream_area_m2": 4625904.9911866328, "graph_in_degree": 1, "graph_out_degree": 1, "source_type": "inferred_surface_to_drainage_coupling", "is_observed": 0, "mapping_tolerance_m": 30.0, "coupling_threshold_m": 20.0 }, "geometry": { "type": "Point", "coordinates": [ 378407.791000000026543, 2045991.903 ] } },
{ "type": "Feature", "properties": { "inlet_id": "RN_INLET_00246", "drain_node_id": "RN_DNODE_00543", "drain_id": "RN_DRAIN_00237", "road_id": "RN_ROAD_00185", "candidate_method": "road_proximity", "spatial_class": "distant_candidate", "coupling_eligible": 0, "distance_to_road_m": 28.422, "elevation_m": 564.516, "acc_cells": 50, "upstream_area_m2": 44577.667295426625, "graph_in_degree": 1, "graph_out_degree": 1, "source_type": "inferred_surface_to_drainage_coupling", "is_observed": 0, "mapping_tolerance_m": 30.0, "coupling_threshold_m": 20.0 }, "geometry": { "type": "Point", "coordinates": [ 378407.791000000026543, 2046321.903 ] } },
{ "type": "Feature", "properties": { "inlet_id": "RN_INLET_00247", "drain_node_id": "RN_DNODE_00544", "drain_id": "RN_DRAIN_00384", "road_id": "RN_ROAD_00123", "candidate_method": "road_proximity", "spatial_class": "moderate", "coupling_eligible": 1, "distance_to_road_m": 16.1, "elevation_m": 571.046, "acc_cells": 5133, "upstream_area_m2": 4619545.8789968174, "graph_in_degree": 1, "graph_out_degree": 1, "source_type": "inferred_surface_to_drainage_coupling", "is_observed": 0, "mapping_tolerance_m": 30.0, "coupling_threshold_m": 20.0 }, "geometry": { "type": "Point", "coordinates": [ 378437.791000000026543, 2045961.903 ] } },
{ "type": "Feature", "properties": { "inlet_id": "RN_INLET_00248", "drain_node_id": "RN_DNODE_00546", "drain_id": "RN_DRAIN_00219", "road_id": "RN_ROAD_00407", "candidate_method": "road_proximity", "spatial_class": "near", "coupling_eligible": 1, "distance_to_road_m": 4.127, "elevation_m": 564.85, "acc_cells": 29, "upstream_area_m2": 25888.853200812013, "graph_in_degree": 0, "graph_out_degree": 1, "source_type": "inferred_surface_to_drainage_coupling", "is_observed": 0, "mapping_tolerance_m": 30.0, "coupling_threshold_m": 20.0 }, "geometry": { "type": "Point", "coordinates": [ 378437.791000000026543, 2046351.903 ] } },
{ "type": "Feature", "properties": { "inlet_id": "RN_INLET_00249", "drain_node_id": "RN_DNODE_00547", "drain_id": "RN_DRAIN_00385", "road_id": "RN_ROAD_00123", "candidate_method": "road_proximity", "spatial_class": "near", "coupling_eligible": 1, "distance_to_road_m": 4.385, "elevation_m": 571.098, "acc_cells": 5120, "upstream_area_m2": 4608265.7488734983, "graph_in_degree": 1, "graph_out_degree": 1, "source_type": "inferred_surface_to_drainage_coupling", "is_observed": 0, "mapping_tolerance_m": 30.0, "coupling_threshold_m": 20.0 }, "geometry": { "type": "Point", "coordinates": [ 378467.791000000026543, 2045961.903 ] } },
{ "type": "Feature", "properties": { "inlet_id": "RN_INLET_00250", "drain_node_id": "RN_DNODE_00548", "drain_id": "RN_DRAIN_00252", "road_id": "RN_ROAD_00183", "candidate_method": "road_proximity", "spatial_class": "near", "coupling_eligible": 1, "distance_to_road_m": 3.777, "elevation_m": 565.861, "acc_cells": 63, "upstream_area_m2": 56780.829553771313, "graph_in_degree": 1, "graph_out_degree": 1, "source_type": "inferred_surface_to_drainage_coupling", "is_observed": 0, "mapping_tolerance_m": 30.0, "coupling_threshold_m": 20.0 }, "geometry": { "type": "Point", "coordinates": [ 378467.791000000026543, 2046291.903 ] } },
{ "type": "Feature", "properties": { "inlet_id": "RN_INLET_00251", "drain_node_id": "RN_DNODE_00549", "drain_id": "RN_DRAIN_00386", "road_id": "RN_ROAD_00118", "candidate_method": "road_proximity", "spatial_class": "near", "coupling_eligible": 1, "distance_to_road_m": 1.667, "elevation_m": 571.15, "acc_cells": 5111, "upstream_area_m2": 4599793.081173975, "graph_in_degree": 1, "graph_out_degree": 1, "source_type": "inferred_surface_to_drainage_coupling", "is_observed": 0, "mapping_tolerance_m": 30.0, "coupling_threshold_m": 20.0 }, "geometry": { "type": "Point", "coordinates": [ 378497.791000000026543, 2045961.903 ] } },
{ "type": "Feature", "properties": { "inlet_id": "RN_INLET_00252", "drain_node_id": "RN_DNODE_00550", "drain_id": "RN_DRAIN_00253", "road_id": "RN_ROAD_00181", "candidate_method": "road_proximity", "spatial_class": "distant_candidate", "coupling_eligible": 0, "distance_to_road_m": 21.413, "elevation_m": 566.161, "acc_cells": 74, "upstream_area_m2": 66985.593689706875, "graph_in_degree": 1, "graph_out_degree": 1, "source_type": "inferred_surface_to_drainage_coupling", "is_observed": 0, "mapping_tolerance_m": 30.0, "coupling_threshold_m": 20.0 }, "geometry": { "type": "Point", "coordinates": [ 378497.791000000026543, 2046291.903 ] } },
{ "type": "Feature", "properties": { "inlet_id": "RN_INLET_00253", "drain_node_id": "RN_DNODE_00551", "drain_id": "RN_DRAIN_00396", "road_id": "RN_ROAD_00115", "candidate_method": "road_proximity", "spatial_class": "near", "coupling_eligible": 1, "distance_to_road_m": 4.39, "elevation_m": 571.575, "acc_cells": 5101, "upstream_area_m2": 4590824.1988730719, "graph_in_degree": 1, "graph_out_degree": 1, "source_type": "inferred_surface_to_drainage_coupling", "is_observed": 0, "mapping_tolerance_m": 30.0, "coupling_threshold_m": 20.0 }, "geometry": { "type": "Point", "coordinates": [ 378527.791000000026543, 2045931.903 ] } },
{ "type": "Feature", "properties": { "inlet_id": "RN_INLET_00254", "drain_node_id": "RN_DNODE_00552", "drain_id": "RN_DRAIN_00254", "road_id": "RN_ROAD_00181", "candidate_method": "road_proximity", "spatial_class": "distant_candidate", "coupling_eligible": 0, "distance_to_road_m": 21.002, "elevation_m": 567.471, "acc_cells": 71, "upstream_area_m2": 63965.184442654863, "graph_in_degree": 1, "graph_out_degree": 1, "source_type": "inferred_surface_to_drainage_coupling", "is_observed": 0, "mapping_tolerance_m": 30.0, "coupling_threshold_m": 20.0 }, "geometry": { "type": "Point", "coordinates": [ 378527.791000000026543, 2046291.903 ] } },
{ "type": "Feature", "properties": { "inlet_id": "RN_INLET_00255", "drain_node_id": "RN_DNODE_00553", "drain_id": "RN_DRAIN_00397", "road_id": "RN_ROAD_00119", "candidate_method": "road_proximity", "spatial_class": "near", "coupling_eligible": 1, "distance_to_road_m": 5.351, "elevation_m": 572.805, "acc_cells": 5089, "upstream_area_m2": 4580092.3256612718, "graph_in_degree": 1, "graph_out_degree": 1, "source_type": "inferred_surface_to_drainage_coupling", "is_observed": 0, "mapping_tolerance_m": 30.0, "coupling_threshold_m": 20.0 }, "geometry": { "type": "Point", "coordinates": [ 378557.791000000026543, 2045931.903 ] } },
{ "type": "Feature", "properties": { "inlet_id": "RN_INLET_00256", "drain_node_id": "RN_DNODE_00554", "drain_id": "RN_DRAIN_00255", "road_id": "RN_ROAD_00181", "candidate_method": "road_proximity", "spatial_class": "distant_candidate", "coupling_eligible": 0, "distance_to_road_m": 20.592, "elevation_m": 567.523, "acc_cells": 59, "upstream_area_m2": 52978.156008221471, "graph_in_degree": 1, "graph_out_degree": 1, "source_type": "inferred_surface_to_drainage_coupling", "is_observed": 0, "mapping_tolerance_m": 30.0, "coupling_threshold_m": 20.0 }, "geometry": { "type": "Point", "coordinates": [ 378557.791000000026543, 2046291.903 ] } },
{ "type": "Feature", "properties": { "inlet_id": "RN_INLET_00257", "drain_node_id": "RN_DNODE_00555", "drain_id": "RN_DRAIN_00411", "road_id": "RN_ROAD_00114", "candidate_method": "road_proximity", "spatial_class": "near", "coupling_eligible": 1, "distance_to_road_m": 5.359, "elevation_m": 572.879, "acc_cells": 5087, "upstream_area_m2": 4578462.7196809202, "graph_in_degree": 0, "graph_out_degree": 1, "source_type": "inferred_surface_to_drainage_coupling", "is_observed": 0, "mapping_tolerance_m": 30.0, "coupling_threshold_m": 20.0 }, "geometry": { "type": "Point", "coordinates": [ 378584.867000000027474, 2045904.827 ] } },
{ "type": "Feature", "properties": { "inlet_id": "RN_INLET_00258", "drain_node_id": "RN_DNODE_00556", "drain_id": "RN_DRAIN_00238", "road_id": "RN_ROAD_00184", "candidate_method": "road_proximity", "spatial_class": "near", "coupling_eligible": 1, "distance_to_road_m": 3.425, "elevation_m": 567.597, "acc_cells": 27, "upstream_area_m2": 24072.658489409318, "graph_in_degree": 0, "graph_out_degree": 1, "source_type": "inferred_surface_to_drainage_coupling", "is_observed": 0, "mapping_tolerance_m": 30.0, "coupling_threshold_m": 20.0 }, "geometry": { "type": "Point", "coordinates": [ 378587.791000000026543, 2046321.903 ] } }
]
}
