cell_id,start_min,end_min,runoff_m3
R068_C090,0,30,10.518750190734863
R068_C091,0,30,9.28125
R068_C092,0,30,9.28125
R068_C093,0,30,9.28125
R068_C094,0,30,9.28125
R068_C095,0,30,9.28125
R068_C096,0,30,10.518750190734863
R068_C097,0,30,10.518750190734863
R068_C098,0,30,9.28125
R068_C099,0,30,9.28125
R068_C100,0,30,9.28125
R068_C101,0,30,9.28125
R068_C102,0,30,9.28125
R068_C103,0,30,3.7125000953674316
R068_C104,0,30,3.7125000953674316
R068_C105,0,30,9.28125
R068_C106,0,30,9.28125
R068_C107,0,30,9.28125
R068_C108,0,30,11.137499809265137
R068_C109,0,30,9.28125
R068_C110,0,30,10.518750190734863
R068_C111,0,30,11.137499809265137
R068_C112,0,30,11.137499809265137
R068_C113,0,30,11.137499809265137
R068_C114,0,30,10.518750190734863
R068_C115,0,30,10.518750190734863
R068_C116,0,30,10.518750190734863
R068_C117,0,30,9.28125
R068_C118,0,30,11.137499809265137
R068_C119,0,30,11.137499809265137
R068_C120,0,30,9.28125
R069_C082,0,30,9.28125
R069_C083,0,30,9.28125
R069_C084,0,30,11.137499809265137
R069_C085,0,30,10.518750190734863
R069_C086,0,30,9.28125
R069_C087,0,30,9.28125
R069_C088,0,30,10.518750190734863
R069_C089,0,30,10.518750190734863
R069_C090,0,30,10.518750190734863
R069_C091,0,30,9.28125
R069_C092,0,30,9.28125
R069_C093,0,30,9.28125
R069_C094,0,30,9.28125
R069_C095,0,30,10.518750190734863
R069_C096,0,30,10.518750190734863
R069_C097,0,30,9.28125
R069_C098,0,30,9.28125
R069_C099,0,30,9.28125
R069_C100,0,30,9.28125
R069_C101,0,30,9.28125
R069_C102,0,30,3.7125000953674316
R069_C103,0,30,3.7125000953674316
R069_C104,0,30,9.28125
R069_C105,0,30,9.28125
R069_C106,0,30,11.137499809265137
R069_C107,0,30,9.28125
R069_C108,0,30,11.137499809265137
R069_C109,0,30,9.28125
R069_C110,0,30,11.137499809265137
R069_C111,0,30,10.518750190734863
R069_C112,0,30,10.518750190734863
R069_C113,0,30,10.518750190734863
R069_C114,0,30,9.28125
R069_C115,0,30,11.137499809265137
R069_C116,0,30,10.518750190734863
R069_C117,0,30,11.137499809265137
R069_C118,0,30,11.137499809265137
R069_C119,0,30,10.518750190734863
R069_C120,0,30,10.518750190734863
R069_C121,0,30,10.518750190734863
R070_C081,0,30,11.137499809265137
R070_C082,0,30,10.518750190734863
R070_C083,0,30,9.28125
R070_C084,0,30,9.28125
R070_C085,0,30,11.137499809265137
R070_C086,0,30,10.518750190734863
R070_C087,0,30,10.518750190734863
R070_C088,0,30,10.518750190734863
R070_C089,0,30,10.518750190734863
R070_C090,0,30,10.518750190734863
R070_C091,0,30,9.28125
R070_C092,0,30,9.28125
R070_C093,0,30,9.28125
R070_C094,0,30,10.518750190734863
R070_C095,0,30,10.518750190734863
R070_C096,0,30,9.28125
R070_C097,0,30,9.28125
R070_C098,0,30,9.28125
R070_C099,0,30,9.28125
R070_C100,0,30,9.28125
R070_C101,0,30,3.7125000953674316
R070_C102,0,30,3.7125000953674316
R070_C103,0,30,3.7125000953674316
R070_C104,0,30,9.28125
R070_C105,0,30,9.28125
R070_C106,0,30,9.28125
R070_C107,0,30,9.28125
R070_C108,0,30,9.28125
R070_C109,0,30,9.28125
R070_C110,0,30,11.137499809265137
R070_C111,0,30,9.28125
R070_C112,0,30,9.28125
R070_C113,0,30,11.137499809265137
R070_C114,0,30,11.137499809265137
R070_C115,0,30,11.137499809265137
R070_C116,0,30,10.518750190734863
R070_C117,0,30,11.137499809265137
R070_C118,0,30,9.28125
R070_C119,0,30,9.28125
R070_C120,0,30,9.28125
R070_C121,0,30,9.28125
R070_C122,0,30,9.28125
R071_C080,0,30,9.28125
R071_C081,0,30,9.28125
R071_C082,0,30,10.518750190734863
R071_C083,0,30,10.518750190734863
R071_C084,0,30,9.28125
R071_C085,0,30,11.137499809265137
R071_C086,0,30,10.518750190734863
R071_C087,0,30,10.518750190734863
R071_C088,0,30,10.518750190734863
R071_C089,0,30,10.518750190734863
R071_C090,0,30,10.518750190734863
R071_C091,0,30,9.28125
R071_C092,0,30,9.28125
R071_C093,0,30,10.518750190734863
R071_C094,0,30,10.518750190734863
R071_C095,0,30,9.28125
R071_C096,0,30,9.28125
R071_C097,0,30,9.28125
R071_C098,0,30,9.28125
R071_C099,0,30,9.28125
R071_C100,0,30,3.7125000953674316
R071_C101,0,30,3.7125000953674316
R071_C102,0,30,3.7125000953674316
R071_C103,0,30,3.7125000953674316
R071_C104,0,30,3.7125000953674316
R071_C105,0,30,9.28125
R071_C106,0,30,9.28125
R071_C107,0,30,9.28125
R071_C108,0,30,9.28125
R071_C109,0,30,11.137499809265137
R071_C110,0,30,11.137499809265137
R071_C111,0,30,9.28125
R071_C112,0,30,9.28125
R071_C113,0,30,11.137499809265137
R071_C114,0,30,9.28125
R071_C115,0,30,9.28125
R071_C116,0,30,10.518750190734863
R071_C117,0,30,11.137499809265137
R071_C118,0,30,10.518750190734863
R071_C119,0,30,10.518750190734863
R071_C120,0,30,10.518750190734863
R071_C121,0,30,10.518750190734863
R071_C122,0,30,10.518750190734863
R071_C123,0,30,10.518750190734863
R072_C078,0,30,9.28125
R072_C079,0,30,9.28125
R072_C080,0,30,11.137499809265137
R072_C081,0,30,11.137499809265137
R072_C082,0,30,9.28125
R072_C083,0,30,10.518750190734863
R072_C084,0,30,10.518750190734863
R072_C085,0,30,10.518750190734863
R072_C086,0,30,9.28125
R072_C087,0,30,10.518750190734863
R072_C088,0,30,11.137499809265137
R072_C089,0,30,11.137499809265137
R072_C090,0,30,9.28125
R072_C091,0,30,9.28125
R072_C092,0,30,10.518750190734863
R072_C093,0,30,10.518750190734863
R072_C094,0,30,9.28125
R072_C095,0,30,9.28125
R072_C096,0,30,9.28125
R072_C097,0,30,9.28125
R072_C098,0,30,9.28125
R072_C099,0,30,3.7125000953674316
R072_C100,0,30,3.7125000953674316
R072_C101,0,30,3.7125000953674316
R072_C102,0,30,3.7125000953674316
R072_C103,0,30,3.7125000953674316
R072_C104,0,30,3.7125000953674316
R072_C105,0,30,9.28125
R072_C106,0,30,9.28125
R072_C107,0,30,11.137499809265137
R072_C108,0,30,9.28125
R072_C109,0,30,10.518750190734863
R072_C110,0,30,11.137499809265137
R072_C111,0,30,9.28125
R072_C112,0,30,10.518750190734863
R072_C113,0,30,10.518750190734863
R072_C114,0,30,10.518750190734863
R072_C115,0,30,10.518750190734863
R072_C116,0,30,10.518750190734863
R072_C117,0,30,10.518750190734863
R072_C118,0,30,11.137499809265137
R072_C119,0,30,9.28125
R072_C120,0,30,9.28125
R072_C121,0,30,9.28125
R072_C122,0,30,10.518750190734863
R072_C123,0,30,11.137499809265137
R072_C124,0,30,11.137499809265137
R073_C077,0,30,9.28125
R073_C078,0,30,9.28125
R073_C079,0,30,9.28125
R073_C080,0,30,9.28125
R073_C081,0,30,11.137499809265137
R073_C082,0,30,10.518750190734863
R073_C083,0,30,10.518750190734863
R073_C084,0,30,10.518750190734863
R073_C085,0,30,9.28125
R073_C086,0,30,9.28125
R073_C087,0,30,10.518750190734863
R073_C088,0,30,10.518750190734863
R073_C089,0,30,9.28125
R073_C090,0,30,9.28125
R073_C091,0,30,10.518750190734863
R073_C092,0,30,10.518750190734863
R073_C093,0,30,9.28125
R073_C094,0,30,9.28125
R073_C095,0,30,9.28125
R073_C096,0,30,9.28125
R073_C097,0,30,3.7125000953674316
R073_C098,0,30,3.7125000953674316
R073_C099,0,30,3.7125000953674316
R073_C100,0,30,3.7125000953674316
R073_C101,0,30,3.7125000953674316
R073_C102,0,30,3.7125000953674316
R073_C103,0,30,3.7125000953674316
R073_C104,0,30,3.7125000953674316
R073_C105,0,30,3.7125000953674316
R073_C106,0,30,10.518750190734863
R073_C107,0,30,10.518750190734863
R073_C108,0,30,10.518750190734863
R073_C109,0,30,11.137499809265137
R073_C110,0,30,10.518750190734863
R073_C111,0,30,10.518750190734863
R073_C112,0,30,11.137499809265137
R073_C113,0,30,11.137499809265137
R073_C114,0,30,9.28125
R073_C115,0,30,11.137499809265137
R073_C116,0,30,9.28125
R073_C117,0,30,10.518750190734863
R073_C118,0,30,9.28125
R073_C119,0,30,9.28125
R073_C120,0,30,10.518750190734863
R073_C121,0,30,11.137499809265137
R073_C122,0,30,10.518750190734863
R073_C123,0,30,9.28125
R073_C124,0,30,11.137499809265137
R073_C125,0,30,10.518750190734863
R074_C076,0,30,9.28125
R074_C077,0,30,9.28125
R074_C078,0,30,9.28125
R074_C079,0,30,9.28125
R074_C080,0,30,10.518750190734863
R074_C081,0,30,10.518750190734863
R074_C082,0,30,10.518750190734863
R074_C083,0,30,11.137499809265137
R074_C084,0,30,10.518750190734863
R074_C085,0,30,10.518750190734863
R074_C086,0,30,11.137499809265137
R074_C087,0,30,9.28125
R074_C088,0,30,9.28125
R074_C089,0,30,9.28125
R074_C090,0,30,9.28125
R074_C091,0,30,10.518750190734863
R074_C092,0,30,9.28125
R074_C093,0,30,9.28125
R074_C094,0,30,9.28125
R074_C095,0,30,9.28125
R074_C096,0,30,3.7125000953674316
R074_C097,0,30,3.7125000953674316
R074_C098,0,30,3.7125000953674316
R074_C099,0,30,9.28125
R074_C100,0,30,3.7125000953674316
R074_C101,0,30,3.7125000953674316
R074_C102,0,30,3.7125000953674316
R074_C103,0,30,3.7125000953674316
R074_C104,0,30,3.7125000953674316
R074_C105,0,30,3.7125000953674316
R074_C106,0,30,10.518750190734863
R074_C107,0,30,9.28125
R074_C108,0,30,10.518750190734863
R074_C109,0,30,11.137499809265137
R074_C110,0,30,9.28125
R074_C111,0,30,9.28125
R074_C112,0,30,9.28125
R074_C113,0,30,11.137499809265137
R074_C114,0,30,11.137499809265137
R074_C115,0,30,9.28125
R074_C116,0,30,11.137499809265137
R074_C117,0,30,10.518750190734863
R074_C118,0,30,11.137499809265137
R074_C119,0,30,9.28125
R074_C120,0,30,11.137499809265137
R074_C121,0,30,10.518750190734863
R074_C122,0,30,10.518750190734863
R074_C123,0,30,10.518750190734863
R074_C124,0,30,10.518750190734863
R074_C125,0,30,10.518750190734863
R074_C126,0,30,10.518750190734863
R075_C074,0,30,10.518750190734863
R075_C075,0,30,10.518750190734863
R075_C076,0,30,9.28125
R075_C077,0,30,9.28125
R075_C078,0,30,10.518750190734863
R075_C079,0,30,10.518750190734863
R075_C080,0,30,10.518750190734863
R075_C081,0,30,9.28125
R075_C082,0,30,11.137499809265137
R075_C083,0,30,11.137499809265137
R075_C084,0,30,10.518750190734863
R075_C085,0,30,11.137499809265137
R075_C086,0,30,10.518750190734863
R075_C087,0,30,10.518750190734863
R075_C088,0,30,9.28125
R075_C089,0,30,9.28125
R075_C090,0,30,10.518750190734863
R075_C091,0,30,10.518750190734863
R075_C092,0,30,9.28125
R075_C093,0,30,9.28125
R075_C094,0,30,9.28125
R075_C095,0,30,9.28125
R075_C096,0,30,3.7125000953674316
R075_C097,0,30,9.28125
R075_C098,0,30,3.7125000953674316
R075_C099,0,30,3.7125000953674316
R075_C100,0,30,3.7125000953674316
R075_C101,0,30,3.7125000953674316
R075_C102,0,30,3.7125000953674316
R075_C103,0,30,3.7125000953674316
R075_C104,0,30,3.7125000953674316
R075_C105,0,30,3.7125000953674316
R075_C106,0,30,10.518750190734863
R075_C107,0,30,9.28125
R075_C108,0,30,10.518750190734863
R075_C109,0,30,11.137499809265137
R075_C110,0,30,9.28125
R075_C111,0,30,9.28125
R075_C112,0,30,10.518750190734863
R075_C113,0,30,10.518750190734863
R075_C114,0,30,10.518750190734863
R075_C115,0,30,11.137499809265137
R075_C116,0,30,10.518750190734863
R075_C117,0,30,10.518750190734863
R075_C118,0,30,10.518750190734863
R075_C119,0,30,10.518750190734863
R075_C120,0,30,10.518750190734863
R075_C121,0,30,10.518750190734863
R075_C122,0,30,11.137499809265137
R075_C123,0,30,9.28125
R075_C124,0,30,11.137499809265137
R075_C125,0,30,11.137499809265137
R075_C126,0,30,10.518750190734863
R075_C127,0,30,11.137499809265137
R076_C073,0,30,11.137499809265137
R076_C074,0,30,11.137499809265137
R076_C075,0,30,10.518750190734863
R076_C076,0,30,10.518750190734863
R076_C077,0,30,10.518750190734863
R076_C078,0,30,10.518750190734863
R076_C079,0,30,9.28125
R076_C080,0,30,9.28125
R076_C081,0,30,11.137499809265137
R076_C082,0,30,11.137499809265137
R076_C083,0,30,10.518750190734863
R076_C084,0,30,11.137499809265137
R076_C085,0,30,9.28125
R076_C086,0,30,9.28125
R076_C087,0,30,10.518750190734863
R076_C088,0,30,11.137499809265137
R076_C089,0,30,10.518750190734863
R076_C090,0,30,10.518750190734863
R076_C091,0,30,9.28125
R076_C092,0,30,9.28125
R076_C093,0,30,9.28125
R076_C094,0,30,9.28125
R076_C095,0,30,3.7125000953674316
R076_C096,0,30,10.518750190734863
R076_C097,0,30,10.518750190734863
R076_C098,0,30,10.518750190734863
R076_C099,0,30,3.7125000953674316
R076_C100,0,30,9.28125
R076_C101,0,30,3.7125000953674316
R076_C102,0,30,3.7125000953674316
R076_C103,0,30,3.7125000953674316
R076_C104,0,30,3.7125000953674316
R076_C105,0,30,3.7125000953674316
R076_C106,0,30,10.518750190734863
R076_C107,0,30,9.28125
R076_C108,0,30,10.518750190734863
R076_C109,0,30,11.137499809265137
R076_C110,0,30,11.137499809265137
R076_C111,0,30,11.137499809265137
R076_C112,0,30,10.518750190734863
R076_C113,0,30,9.28125
R076_C114,0,30,9.28125
R076_C115,0,30,9.28125
R076_C116,0,30,9.28125
R076_C117,0,30,10.518750190734863
R076_C118,0,30,10.518750190734863
R076_C119,0,30,9.28125
R076_C120,0,30,9.28125
R076_C121,0,30,10.518750190734863
R076_C122,0,30,9.28125
R076_C123,0,30,11.137499809265137
R076_C124,0,30,9.28125
R076_C125,0,30,10.518750190734863
R076_C126,0,30,10.518750190734863
R076_C127,0,30,9.28125
R076_C128,0,30,9.28125
R077_C072,0,30,10.518750190734863
R077_C073,0,30,10.518750190734863
R077_C074,0,30,10.518750190734863
R077_C075,0,30,10.518750190734863
R077_C076,0,30,10.518750190734863
R077_C077,0,30,9.28125
R077_C078,0,30,9.28125
R077_C079,0,30,9.28125
R077_C080,0,30,9.28125
R077_C081,0,30,11.137499809265137
R077_C082,0,30,10.518750190734863
R077_C083,0,30,10.518750190734863
R077_C084,0,30,10.518750190734863
R077_C085,0,30,9.28125
R077_C086,0,30,9.28125
R077_C087,0,30,9.28125
R077_C088,0,30,9.28125
R077_C089,0,30,10.518750190734863
R077_C090,0,30,9.28125
R077_C091,0,30,9.28125
R077_C092,0,30,9.28125
R077_C093,0,30,9.28125
R077_C094,0,30,3.7125000953674316
R077_C095,0,30,3.7125000953674316
R077_C096,0,30,10.518750190734863
R077_C097,0,30,9.28125
R077_C098,0,30,11.137499809265137
R077_C099,0,30,3.7125000953674316
R077_C100,0,30,9.28125
R077_C101,0,30,3.7125000953674316
R077_C102,0,30,3.7125000953674316
R077_C103,0,30,3.7125000953674316
R077_C104,0,30,3.7125000953674316
R077_C105,0,30,9.28125
R077_C106,0,30,10.518750190734863
R077_C107,0,30,11.137499809265137
R077_C108,0,30,10.518750190734863
R077_C109,0,30,11.137499809265137
R077_C110,0,30,11.137499809265137
R077_C111,0,30,9.28125
R077_C112,0,30,10.518750190734863
R077_C113,0,30,10.518750190734863
R077_C114,0,30,10.518750190734863
R077_C115,0,30,10.518750190734863
R077_C116,0,30,10.518750190734863
R077_C117,0,30,10.518750190734863
R077_C118,0,30,10.518750190734863
R077_C119,0,30,9.28125
R077_C120,0,30,11.137499809265137
R077_C121,0,30,11.137499809265137
R077_C122,0,30,9.28125
R077_C123,0,30,11.137499809265137
R077_C124,0,30,9.28125
R077_C125,0,30,9.28125
R077_C126,0,30,10.518750190734863
R077_C127,0,30,9.28125
R077_C128,0,30,9.28125
R077_C129,0,30,9.28125
R078_C071,0,30,9.28125
R078_C072,0,30,11.137499809265137
R078_C073,0,30,9.28125
R078_C074,0,30,9.28125
R078_C075,0,30,9.28125
R078_C076,0,30,10.518750190734863
R078_C077,0,30,9.28125
R078_C078,0,30,9.28125
R078_C079,0,30,3.7125000953674316
R078_C080,0,30,3.7125000953674316
R078_C081,0,30,10.518750190734863
R078_C082,0,30,10.518750190734863
R078_C083,0,30,10.518750190734863
R078_C084,0,30,11.137499809265137
R078_C085,0,30,11.137499809265137
R078_C086,0,30,9.28125
R078_C087,0,30,9.28125
R078_C088,0,30,9.28125
R078_C089,0,30,10.518750190734863
R078_C090,0,30,9.28125
R078_C091,0,30,9.28125
R078_C092,0,30,9.28125
R078_C093,0,30,9.28125
R078_C094,0,30,3.7125000953674316
R078_C095,0,30,11.137499809265137
R078_C096,0,30,10.518750190734863
R078_C097,0,30,11.137499809265137
R078_C098,0,30,11.137499809265137
R078_C099,0,30,3.7125000953674316
R078_C100,0,30,9.28125
R078_C101,0,30,9.28125
R078_C102,0,30,9.28125
R078_C103,0,30,9.28125
R078_C104,0,30,11.137499809265137
R078_C105,0,30,9.28125
R078_C106,0,30,10.518750190734863
R078_C107,0,30,9.28125
R078_C108,0,30,10.518750190734863
R078_C109,0,30,11.137499809265137
R078_C110,0,30,10.518750190734863
R078_C111,0,30,9.28125
R078_C112,0,30,10.518750190734863
R078_C113,0,30,10.518750190734863
R078_C114,0,30,10.518750190734863
R078_C115,0,30,10.518750190734863
R078_C116,0,30,10.518750190734863
R078_C117,0,30,11.137499809265137
R078_C118,0,30,10.518750190734863
R078_C119,0,30,11.137499809265137
R078_C120,0,30,9.28125
R078_C121,0,30,10.518750190734863
R078_C122,0,30,11.137499809265137
R078_C123,0,30,9.28125
R078_C124,0,30,10.518750190734863
R078_C125,0,30,9.28125
R078_C126,0,30,10.518750190734863
R078_C127,0,30,10.518750190734863
R078_C128,0,30,9.28125
R078_C129,0,30,9.28125
R078_C130,0,30,9.28125
R079_C069,0,30,10.518750190734863
R079_C070,0,30,10.518750190734863
R079_C071,0,30,10.518750190734863
R079_C072,0,30,10.518750190734863
R079_C073,0,30,10.518750190734863
R079_C074,0,30,10.518750190734863
R079_C075,0,30,10.518750190734863
R079_C076,0,30,10.518750190734863
R079_C077,0,30,10.518750190734863
R079_C078,0,30,3.7125000953674316
R079_C079,0,30,3.7125000953674316
R079_C080,0,30,10.518750190734863
R079_C081,0,30,10.518750190734863
R079_C082,0,30,9.28125
R079_C083,0,30,11.137499809265137
R079_C084,0,30,11.137499809265137
R079_C085,0,30,9.28125
R079_C086,0,30,11.137499809265137
R079_C087,0,30,9.28125
R079_C088,0,30,9.28125
R079_C089,0,30,9.28125
R079_C090,0,30,9.28125
R079_C091,0,30,9.28125
R079_C092,0,30,9.28125
R079_C093,0,30,3.7125000953674316
R079_C094,0,30,10.518750190734863
R079_C095,0,30,10.518750190734863
R079_C096,0,30,10.518750190734863
R079_C097,0,30,10.518750190734863
R079_C098,0,30,10.518750190734863
R079_C099,0,30,3.7125000953674316
R079_C100,0,30,3.7125000953674316
R079_C101,0,30,9.28125
R079_C102,0,30,9.28125
R079_C103,0,30,9.28125
R079_C104,0,30,11.137499809265137
R079_C105,0,30,9.28125
R079_C106,0,30,10.518750190734863
R079_C107,0,30,11.137499809265137
R079_C108,0,30,10.518750190734863
R079_C109,0,30,11.137499809265137
R079_C110,0,30,10.518750190734863
R079_C111,0,30,10.518750190734863
R079_C112,0,30,10.518750190734863
R079_C113,0,30,9.28125
R079_C114,0,30,9.28125
R079_C115,0,30,9.28125
R079_C116,0,30,11.137499809265137
R079_C117,0,30,11.137499809265137
R079_C118,0,30,10.518750190734863
R079_C119,0,30,10.518750190734863
R079_C120,0,30,10.518750190734863
R079_C121,0,30,10.518750190734863
R079_C122,0,30,10.518750190734863
R079_C123,0,30,10.518750190734863
R079_C124,0,30,10.518750190734863
R079_C125,0,30,11.137499809265137
R079_C126,0,30,10.518750190734863
R079_C127,0,30,10.518750190734863
R079_C128,0,30,9.28125
R079_C129,0,30,9.28125
R079_C130,0,30,9.28125
R079_C131,0,30,9.28125
R079_C132,0,30,9.28125
R080_C068,0,30,10.518750190734863
R080_C069,0,30,10.518750190734863
R080_C070,0,30,9.28125
R080_C071,0,30,11.137499809265137
R080_C072,0,30,11.137499809265137
R080_C073,0,30,9.28125
R080_C074,0,30,9.28125
R080_C075,0,30,9.28125
R080_C076,0,30,10.518750190734863
R080_C077,0,30,10.518750190734863
R080_C078,0,30,9.28125
R080_C079,0,30,10.518750190734863
R080_C080,0,30,10.518750190734863
R080_C081,0,30,10.518750190734863
R080_C082,0,30,9.28125
R080_C083,0,30,10.518750190734863
R080_C084,0,30,10.518750190734863
R080_C085,0,30,9.28125
R080_C086,0,30,11.137499809265137
R080_C087,0,30,9.28125
R080_C088,0,30,9.28125
R080_C089,0,30,9.28125
R080_C090,0,30,9.28125
R080_C091,0,30,9.28125
R080_C092,0,30,9.28125
R080_C093,0,30,3.7125000953674316
R080_C094,0,30,11.137499809265137
R080_C095,0,30,10.518750190734863
R080_C096,0,30,10.518750190734863
R080_C097,0,30,10.518750190734863
R080_C098,0,30,10.518750190734863
R080_C099,0,30,3.7125000953674316
R080_C100,0,30,11.137499809265137
R080_C101,0,30,11.137499809265137
R080_C102,0,30,9.28125
R080_C103,0,30,9.28125
R080_C104,0,30,9.28125
R080_C105,0,30,9.28125
R080_C106,0,30,10.518750190734863
R080_C107,0,30,10.518750190734863
R080_C108,0,30,10.518750190734863
R080_C109,0,30,10.518750190734863
R080_C110,0,30,10.518750190734863
R080_C111,0,30,10.518750190734863
R080_C112,0,30,11.137499809265137
R080_C113,0,30,9.28125
R080_C114,0,30,11.137499809265137
R080_C115,0,30,9.28125
R080_C116,0,30,9.28125
R080_C117,0,30,10.518750190734863
R080_C118,0,30,11.137499809265137
R080_C119,0,30,10.518750190734863
R080_C120,0,30,10.518750190734863
R080_C121,0,30,9.28125
R080_C122,0,30,10.518750190734863
R080_C123,0,30,11.137499809265137
R080_C124,0,30,9.28125
R080_C125,0,30,9.28125
R080_C126,0,30,9.28125
R080_C127,0,30,10.518750190734863
R080_C128,0,30,9.28125
R080_C129,0,30,9.28125
R080_C130,0,30,9.28125
R080_C131,0,30,9.28125
R080_C132,0,30,9.28125
R080_C133,0,30,9.28125
R081_C067,0,30,10.518750190734863
R081_C068,0,30,10.518750190734863
R081_C069,0,30,3.7125000953674316
R081_C070,0,30,11.137499809265137
R081_C071,0,30,9.28125
R081_C072,0,30,9.28125
R081_C073,0,30,11.137499809265137
R081_C074,0,30,9.28125
R081_C075,0,30,10.518750190734863
R081_C076,0,30,10.518750190734863
R081_C077,0,30,10.518750190734863
R081_C078,0,30,10.518750190734863
R081_C079,0,30,10.518750190734863
R081_C080,0,30,10.518750190734863
R081_C081,0,30,10.518750190734863
R081_C082,0,30,9.28125
R081_C083,0,30,11.137499809265137
R081_C084,0,30,10.518750190734863
R081_C085,0,30,9.28125
R081_C086,0,30,9.28125
R081_C087,0,30,9.28125
R081_C088,0,30,9.28125
R081_C089,0,30,9.28125
R081_C090,0,30,9.28125
R081_C091,0,30,9.28125
R081_C092,0,30,9.28125
R081_C093,0,30,3.7125000953674316
R081_C094,0,30,9.28125
R081_C095,0,30,9.28125
R081_C096,0,30,10.518750190734863
R081_C097,0,30,10.518750190734863
R081_C098,0,30,9.28125
R081_C099,0,30,10.518750190734863
R081_C100,0,30,11.137499809265137
R081_C101,0,30,11.137499809265137
R081_C102,0,30,11.137499809265137
R081_C103,0,30,11.137499809265137
R081_C104,0,30,11.137499809265137
R081_C105,0,30,11.137499809265137
R081_C106,0,30,10.518750190734863
R081_C107,0,30,11.137499809265137
R081_C108,0,30,10.518750190734863
R081_C109,0,30,10.518750190734863
R081_C110,0,30,11.137499809265137
R081_C111,0,30,10.518750190734863
R081_C112,0,30,9.28125
R081_C113,0,30,10.518750190734863
R081_C114,0,30,10.518750190734863
R081_C115,0,30,10.518750190734863
R081_C116,0,30,10.518750190734863
R081_C117,0,30,10.518750190734863
R081_C118,0,30,9.28125
R081_C119,0,30,10.518750190734863
R081_C120,0,30,10.518750190734863
R081_C121,0,30,11.137499809265137
R081_C122,0,30,10.518750190734863
R081_C123,0,30,11.137499809265137
R081_C124,0,30,10.518750190734863
R081_C125,0,30,10.518750190734863
R081_C126,0,30,10.518750190734863
R081_C127,0,30,10.518750190734863
R081_C128,0,30,9.28125
R081_C129,0,30,9.28125
R081_C130,0,30,9.28125
R081_C131,0,30,9.28125
R081_C132,0,30,9.28125
R081_C133,0,30,9.28125
R081_C134,0,30,9.28125
R082_C068,0,30,10.518750190734863
R082_C069,0,30,10.518750190734863
R082_C070,0,30,10.518750190734863
R082_C071,0,30,10.518750190734863
R082_C072,0,30,10.518750190734863
R082_C073,0,30,10.518750190734863
R082_C074,0,30,10.518750190734863
R082_C075,0,30,10.518750190734863
R082_C076,0,30,10.518750190734863
R082_C077,0,30,10.518750190734863
R082_C078,0,30,10.518750190734863
R082_C079,0,30,10.518750190734863
R082_C080,0,30,9.28125
R082_C081,0,30,11.137499809265137
R082_C082,0,30,10.518750190734863
R082_C083,0,30,10.518750190734863
R082_C084,0,30,10.518750190734863
R082_C085,0,30,10.518750190734863
R082_C086,0,30,10.518750190734863
R082_C087,0,30,9.28125
R082_C088,0,30,9.28125
R082_C089,0,30,9.28125
R082_C090,0,30,9.28125
R082_C091,0,30,9.28125
R082_C092,0,30,3.7125000953674316
R082_C093,0,30,10.518750190734863
R082_C094,0,30,11.137499809265137
R082_C095,0,30,10.518750190734863
R082_C096,0,30,10.518750190734863
R082_C097,0,30,10.518750190734863
R082_C098,0,30,9.28125
R082_C099,0,30,3.7125000953674316
R082_C100,0,30,11.137499809265137
R082_C101,0,30,11.137499809265137
R082_C102,0,30,11.137499809265137
R082_C103,0,30,11.137499809265137
R082_C104,0,30,11.137499809265137
R082_C105,0,30,11.137499809265137
R082_C106,0,30,11.137499809265137
R082_C107,0,30,11.137499809265137
R082_C108,0,30,11.137499809265137
R082_C109,0,30,10.518750190734863
R082_C110,0,30,11.137499809265137
R082_C111,0,30,10.518750190734863
R082_C112,0,30,11.137499809265137
R082_C113,0,30,10.518750190734863
R082_C114,0,30,10.518750190734863
R082_C115,0,30,9.28125
R082_C116,0,30,9.28125
R082_C117,0,30,10.518750190734863
R082_C118,0,30,11.137499809265137
R082_C119,0,30,10.518750190734863
R082_C120,0,30,11.137499809265137
R082_C121,0,30,10.518750190734863
R082_C122,0,30,11.137499809265137
R082_C123,0,30,10.518750190734863
R082_C124,0,30,3.7125000953674316
R082_C125,0,30,10.518750190734863
R082_C126,0,30,9.28125
R082_C127,0,30,10.518750190734863
R082_C128,0,30,11.137499809265137
R082_C129,0,30,9.28125
R082_C130,0,30,9.28125
R082_C131,0,30,9.28125
R082_C132,0,30,9.28125
R082_C133,0,30,9.28125
R082_C134,0,30,9.28125
R082_C135,0,30,9.28125
R083_C068,0,30,11.137499809265137
R083_C069,0,30,9.28125
R083_C070,0,30,11.137499809265137
R083_C071,0,30,9.28125
R083_C072,0,30,11.137499809265137
R083_C073,0,30,10.518750190734863
R083_C074,0,30,10.518750190734863
R083_C075,0,30,11.137499809265137
R083_C076,0,30,9.28125
R083_C077,0,30,11.137499809265137
R083_C078,0,30,10.518750190734863
R083_C079,0,30,10.518750190734863
R083_C080,0,30,10.518750190734863
R083_C081,0,30,10.518750190734863
R083_C082,0,30,11.137499809265137
R083_C083,0,30,10.518750190734863
R083_C084,0,30,10.518750190734863
R083_C085,0,30,10.518750190734863
R083_C086,0,30,9.28125
R083_C087,0,30,9.28125
R083_C088,0,30,9.28125
R083_C089,0,30,9.28125
R083_C090,0,30,9.28125
R083_C091,0,30,9.28125
R083_C092,0,30,3.7125000953674316
R083_C093,0,30,10.518750190734863
R083_C094,0,30,11.137499809265137
R083_C095,0,30,10.518750190734863
R083_C096,0,30,10.518750190734863
R083_C097,0,30,10.518750190734863
R083_C098,0,30,9.28125
R083_C099,0,30,3.7125000953674316
R083_C100,0,30,11.137499809265137
R083_C101,0,30,10.518750190734863
R083_C102,0,30,11.137499809265137
R083_C103,0,30,9.28125
R083_C104,0,30,9.28125
R083_C105,0,30,9.28125
R083_C106,0,30,10.518750190734863
R083_C107,0,30,11.137499809265137
R083_C108,0,30,10.518750190734863
R083_C109,0,30,10.518750190734863
R083_C110,0,30,11.137499809265137
R083_C111,0,30,10.518750190734863
R083_C112,0,30,9.28125
R083_C113,0,30,10.518750190734863
R083_C114,0,30,11.137499809265137
R083_C115,0,30,10.518750190734863
R083_C116,0,30,10.518750190734863
R083_C117,0,30,10.518750190734863
R083_C118,0,30,11.137499809265137
R083_C119,0,30,10.518750190734863
R083_C120,0,30,11.137499809265137
R083_C121,0,30,10.518750190734863
R083_C122,0,30,9.28125
R083_C123,0,30,10.518750190734863
R083_C124,0,30,3.7125000953674316
R083_C125,0,30,10.518750190734863
R083_C126,0,30,11.137499809265137
R083_C127,0,30,10.518750190734863
R083_C128,0,30,10.518750190734863
R083_C129,0,30,9.28125
R083_C130,0,30,9.28125
R083_C131,0,30,9.28125
R083_C132,0,30,9.28125
R083_C133,0,30,9.28125
R083_C134,0,30,9.28125
R083_C135,0,30,11.137499809265137
R083_C136,0,30,10.518750190734863
R084_C068,0,30,11.137499809265137
R084_C069,0,30,9.28125
R084_C070,0,30,11.137499809265137
R084_C071,0,30,11.137499809265137
R084_C072,0,30,11.137499809265137
R084_C073,0,30,10.518750190734863
R084_C074,0,30,11.137499809265137
R084_C075,0,30,11.137499809265137
R084_C076,0,30,9.28125
R084_C077,0,30,11.137499809265137
R084_C078,0,30,11.137499809265137
R084_C079,0,30,10.518750190734863
R084_C080,0,30,10.518750190734863
R084_C081,0,30,10.518750190734863
R084_C082,0,30,11.137499809265137
R084_C083,0,30,11.137499809265137
R084_C084,0,30,10.518750190734863
R084_C085,0,30,9.28125
R084_C086,0,30,9.28125
R084_C087,0,30,9.28125
R084_C088,0,30,9.28125
R084_C089,0,30,9.28125
R084_C090,0,30,9.28125
R084_C091,0,30,9.28125
R084_C092,0,30,3.7125000953674316
R084_C093,0,30,3.7125000953674316
R084_C094,0,30,9.28125
R084_C095,0,30,9.28125
R084_C096,0,30,10.518750190734863
R084_C097,0,30,9.28125
R084_C098,0,30,9.28125
R084_C099,0,30,10.518750190734863
R084_C100,0,30,10.518750190734863
R084_C101,0,30,10.518750190734863
R084_C102,0,30,10.518750190734863
R084_C103,0,30,10.518750190734863
R084_C104,0,30,10.518750190734863
R084_C105,0,30,10.518750190734863
R084_C106,0,30,10.518750190734863
R084_C107,0,30,10.518750190734863
R084_C108,0,30,10.518750190734863
R084_C109,0,30,10.518750190734863
R084_C110,0,30,10.518750190734863
R084_C111,0,30,10.518750190734863
R084_C112,0,30,10.518750190734863
R084_C113,0,30,10.518750190734863
R084_C114,0,30,10.518750190734863
R084_C115,0,30,10.518750190734863
R084_C116,0,30,10.518750190734863
R084_C117,0,30,10.518750190734863
R084_C118,0,30,11.137499809265137
R084_C119,0,30,11.137499809265137
R084_C120,0,30,10.518750190734863
R084_C121,0,30,11.137499809265137
R084_C122,0,30,10.518750190734863
R084_C123,0,30,10.518750190734863
R084_C124,0,30,3.7125000953674316
R084_C125,0,30,10.518750190734863
R084_C126,0,30,11.137499809265137
R084_C127,0,30,10.518750190734863
R084_C128,0,30,10.518750190734863
R084_C129,0,30,11.137499809265137
R084_C130,0,30,9.28125
R084_C131,0,30,9.28125
R084_C132,0,30,9.28125
R084_C133,0,30,9.28125
R084_C134,0,30,9.28125
R084_C135,0,30,11.137499809265137
R084_C136,0,30,10.518750190734863
R084_C137,0,30,9.28125
R085_C068,0,30,11.137499809265137
R085_C069,0,30,10.518750190734863
R085_C070,0,30,10.518750190734863
R085_C071,0,30,10.518750190734863
R085_C072,0,30,10.518750190734863
R085_C073,0,30,10.518750190734863
R085_C074,0,30,9.28125
R085_C075,0,30,9.28125
R085_C076,0,30,9.28125
R085_C077,0,30,11.137499809265137
R085_C078,0,30,11.137499809265137
R085_C079,0,30,10.518750190734863
R085_C080,0,30,11.137499809265137
R085_C081,0,30,10.518750190734863
R085_C082,0,30,10.518750190734863
R085_C083,0,30,10.518750190734863
R085_C084,0,30,10.518750190734863
R085_C085,0,30,10.518750190734863
R085_C086,0,30,10.518750190734863
R085_C087,0,30,10.518750190734863
R085_C088,0,30,10.518750190734863
R085_C089,0,30,10.518750190734863
R085_C090,0,30,10.518750190734863
R085_C091,0,30,10.518750190734863
R085_C092,0,30,10.518750190734863
R085_C093,0,30,10.518750190734863
R085_C094,0,30,10.518750190734863
R085_C095,0,30,10.518750190734863
R085_C096,0,30,10.518750190734863
R085_C097,0,30,10.518750190734863
R085_C098,0,30,10.518750190734863
R085_C099,0,30,10.518750190734863
R085_C100,0,30,11.137499809265137
R085_C101,0,30,11.137499809265137
R085_C102,0,30,9.28125
R085_C103,0,30,11.137499809265137
R085_C104,0,30,9.28125
R085_C105,0,30,9.28125
R085_C106,0,30,10.518750190734863
R085_C107,0,30,11.137499809265137
R085_C108,0,30,9.28125
R085_C109,0,30,9.28125
R085_C110,0,30,10.518750190734863
R085_C111,0,30,9.28125
R085_C112,0,30,9.28125
R085_C113,0,30,9.28125
R085_C114,0,30,10.518750190734863
R085_C115,0,30,9.28125
R085_C116,0,30,10.518750190734863
R085_C117,0,30,10.518750190734863
R085_C118,0,30,11.137499809265137
R085_C119,0,30,11.137499809265137
R085_C120,0,30,10.518750190734863
R085_C121,0,30,9.28125
R085_C122,0,30,11.137499809265137
R085_C123,0,30,10.518750190734863
R085_C124,0,30,10.518750190734863
R085_C125,0,30,10.518750190734863
R085_C126,0,30,10.518750190734863
R085_C127,0,30,10.518750190734863
R085_C128,0,30,10.518750190734863
R085_C129,0,30,11.137499809265137
R085_C130,0,30,9.28125
R085_C131,0,30,9.28125
R085_C132,0,30,9.28125
R085_C133,0,30,9.28125
R085_C134,0,30,9.28125
R085_C135,0,30,11.137499809265137
R085_C136,0,30,11.137499809265137
R085_C137,0,30,9.28125
R086_C068,0,30,11.137499809265137
R086_C069,0,30,11.137499809265137
R086_C070,0,30,11.137499809265137
R086_C071,0,30,10.518750190734863
R086_C072,0,30,10.518750190734863
R086_C073,0,30,10.518750190734863
R086_C074,0,30,9.28125
R086_C075,0,30,10.518750190734863
R086_C076,0,30,10.518750190734863
R086_C077,0,30,10.518750190734863
R086_C078,0,30,10.518750190734863
R086_C079,0,30,11.137499809265137
R086_C080,0,30,11.137499809265137
R086_C081,0,30,11.137499809265137
R086_C082,0,30,9.28125
R086_C083,0,30,9.28125
R086_C084,0,30,9.28125
R086_C085,0,30,10.518750190734863
R086_C086,0,30,11.137499809265137
R086_C087,0,30,9.28125
R086_C088,0,30,9.28125
R086_C089,0,30,9.28125
R086_C090,0,30,9.28125
R086_C091,0,30,9.28125
R086_C092,0,30,9.28125
R086_C093,0,30,10.518750190734863
R086_C094,0,30,11.137499809265137
R086_C095,0,30,10.518750190734863
R086_C096,0,30,11.137499809265137
R086_C097,0,30,11.137499809265137
R086_C098,0,30,10.518750190734863
R086_C099,0,30,9.28125
R086_C100,0,30,11.137499809265137
R086_C101,0,30,11.137499809265137
R086_C102,0,30,10.518750190734863
R086_C103,0,30,10.518750190734863
R086_C104,0,30,10.518750190734863
R086_C105,0,30,10.518750190734863
R086_C106,0,30,10.518750190734863
R086_C107,0,30,10.518750190734863
R086_C108,0,30,10.518750190734863
R086_C109,0,30,10.518750190734863
R086_C110,0,30,10.518750190734863
R086_C111,0,30,10.518750190734863
R086_C112,0,30,10.518750190734863
R086_C113,0,30,10.518750190734863
R086_C114,0,30,11.137499809265137
R086_C115,0,30,9.28125
R086_C116,0,30,11.137499809265137
R086_C117,0,30,11.137499809265137
R086_C118,0,30,10.518750190734863
R086_C119,0,30,10.518750190734863
R086_C120,0,30,10.518750190734863
R086_C121,0,30,11.137499809265137
R086_C122,0,30,10.518750190734863
R086_C123,0,30,11.137499809265137
R086_C124,0,30,10.518750190734863
R086_C125,0,30,9.28125
R086_C126,0,30,11.137499809265137
R086_C127,0,30,10.518750190734863
R086_C128,0,30,10.518750190734863
R086_C129,0,30,9.28125
R086_C130,0,30,11.137499809265137
R086_C131,0,30,11.137499809265137
R086_C132,0,30,11.137499809265137
R086_C133,0,30,9.28125
R086_C134,0,30,9.28125
R086_C135,0,30,10.518750190734863
R086_C136,0,30,10.518750190734863
R086_C137,0,30,10.518750190734863
R087_C068,0,30,9.28125
R087_C069,0,30,10.518750190734863
R087_C070,0,30,10.518750190734863
R087_C071,0,30,10.518750190734863
R087_C072,0,30,10.518750190734863
R087_C073,0,30,11.137499809265137
R087_C074,0,30,11.137499809265137
R087_C075,0,30,10.518750190734863
R087_C076,0,30,9.28125
R087_C077,0,30,9.28125
R087_C078,0,30,9.28125
R087_C079,0,30,11.137499809265137
R087_C080,0,30,9.28125
R087_C081,0,30,9.28125
R087_C082,0,30,9.28125
R087_C083,0,30,9.28125
R087_C084,0,30,9.28125
R087_C085,0,30,10.518750190734863
R087_C086,0,30,9.28125
R087_C087,0,30,9.28125
R087_C088,0,30,11.137499809265137
R087_C089,0,30,9.28125
R087_C090,0,30,9.28125
R087_C091,0,30,9.28125
R087_C092,0,30,9.28125
R087_C093,0,30,9.28125
R087_C094,0,30,9.28125
R087_C095,0,30,9.28125
R087_C096,0,30,10.518750190734863
R087_C097,0,30,10.518750190734863
R087_C098,0,30,10.518750190734863
R087_C099,0,30,9.28125
R087_C100,0,30,9.28125
R087_C101,0,30,11.137499809265137
R087_C102,0,30,9.28125
R087_C103,0,30,10.518750190734863
R087_C104,0,30,10.518750190734863
R087_C105,0,30,10.518750190734863
R087_C106,0,30,10.518750190734863
R087_C107,0,30,10.518750190734863
R087_C108,0,30,10.518750190734863
R087_C109,0,30,9.28125
R087_C110,0,30,10.518750190734863
R087_C111,0,30,9.28125
R087_C112,0,30,10.518750190734863
R087_C113,0,30,11.137499809265137
R087_C114,0,30,10.518750190734863
R087_C115,0,30,10.518750190734863
R087_C116,0,30,10.518750190734863
R087_C117,0,30,11.137499809265137
R087_C118,0,30,11.137499809265137
R087_C119,0,30,10.518750190734863
R087_C120,0,30,10.518750190734863
R087_C121,0,30,10.518750190734863
R087_C122,0,30,10.518750190734863
R087_C123,0,30,9.28125
R087_C124,0,30,10.518750190734863
R087_C125,0,30,10.518750190734863
R087_C126,0,30,11.137499809265137
R087_C127,0,30,11.137499809265137
R087_C128,0,30,10.518750190734863
R087_C129,0,30,10.518750190734863
R087_C130,0,30,10.518750190734863
R087_C131,0,30,10.518750190734863
R087_C132,0,30,10.518750190734863
R087_C133,0,30,10.518750190734863
R087_C134,0,30,10.518750190734863
R087_C135,0,30,11.137499809265137
R087_C136,0,30,9.28125
R087_C137,0,30,10.518750190734863
R088_C068,0,30,10.518750190734863
R088_C069,0,30,10.518750190734863
R088_C070,0,30,9.28125
R088_C071,0,30,10.518750190734863
R088_C072,0,30,11.137499809265137
R088_C073,0,30,10.518750190734863
R088_C074,0,30,11.137499809265137
R088_C075,0,30,10.518750190734863
R088_C076,0,30,9.28125
R088_C077,0,30,9.28125
R088_C078,0,30,9.28125
R088_C079,0,30,9.28125
R088_C080,0,30,9.28125
R088_C081,0,30,9.28125
R088_C082,0,30,9.28125
R088_C083,0,30,9.28125
R088_C084,0,30,9.28125
R088_C085,0,30,10.518750190734863
R088_C086,0,30,9.28125
R088_C087,0,30,9.28125
R088_C088,0,30,11.137499809265137
R088_C089,0,30,9.28125
R088_C090,0,30,9.28125
R088_C091,0,30,9.28125
R088_C092,0,30,9.28125
R088_C093,0,30,9.28125
R088_C094,0,30,10.518750190734863
R088_C095,0,30,10.518750190734863
R088_C096,0,30,10.518750190734863
R088_C097,0,30,10.518750190734863
R088_C098,0,30,11.137499809265137
R088_C099,0,30,9.28125
R088_C100,0,30,9.28125
R088_C101,0,30,9.28125
R088_C102,0,30,9.28125
R088_C103,0,30,10.518750190734863
R088_C104,0,30,11.137499809265137
R088_C105,0,30,10.518750190734863
R088_C106,0,30,9.28125
R088_C107,0,30,9.28125
R088_C108,0,30,10.518750190734863
R088_C109,0,30,10.518750190734863
R088_C110,0,30,10.518750190734863
R088_C111,0,30,10.518750190734863
R088_C112,0,30,11.137499809265137
R088_C113,0,30,11.137499809265137
R088_C114,0,30,10.518750190734863
R088_C115,0,30,10.518750190734863
R088_C116,0,30,10.518750190734863
R088_C117,0,30,10.518750190734863
R088_C118,0,30,10.518750190734863
R088_C119,0,30,11.137499809265137
R088_C120,0,30,10.518750190734863
R088_C121,0,30,10.518750190734863
R088_C122,0,30,11.137499809265137
R088_C123,0,30,11.137499809265137
R088_C124,0,30,10.518750190734863
R088_C125,0,30,11.137499809265137
R088_C126,0,30,10.518750190734863
R088_C127,0,30,10.518750190734863
R088_C128,0,30,10.518750190734863
R088_C129,0,30,9.28125
R088_C130,0,30,11.137499809265137
R088_C131,0,30,9.28125
R088_C132,0,30,10.518750190734863
R088_C133,0,30,10.518750190734863
R088_C134,0,30,11.137499809265137
R088_C135,0,30,11.137499809265137
R088_C136,0,30,10.518750190734863
R088_C137,0,30,10.518750190734863
R089_C068,0,30,10.518750190734863
R089_C069,0,30,11.137499809265137
R089_C070,0,30,9.28125
R089_C071,0,30,11.137499809265137
R089_C072,0,30,10.518750190734863
R089_C073,0,30,10.518750190734863
R089_C074,0,30,11.137499809265137
R089_C075,0,30,11.137499809265137
R089_C076,0,30,9.28125
R089_C077,0,30,9.28125
R089_C078,0,30,11.137499809265137
R089_C079,0,30,11.137499809265137
R089_C080,0,30,9.28125
R089_C081,0,30,9.28125
R089_C082,0,30,9.28125
R089_C083,0,30,9.28125
R089_C084,0,30,9.28125
R089_C085,0,30,10.518750190734863
R089_C086,0,30,9.28125
R089_C087,0,30,9.28125
R089_C088,0,30,11.137499809265137
R089_C089,0,30,9.28125
R089_C090,0,30,9.28125
R089_C091,0,30,9.28125
R089_C092,0,30,9.28125
R089_C093,0,30,9.28125
R089_C094,0,30,9.28125
R089_C095,0,30,10.518750190734863
R089_C096,0,30,11.137499809265137
R089_C097,0,30,10.518750190734863
R089_C098,0,30,10.518750190734863
R089_C099,0,30,10.518750190734863
R089_C100,0,30,9.28125
R089_C101,0,30,9.28125
R089_C102,0,30,9.28125
R089_C103,0,30,9.28125
R089_C104,0,30,10.518750190734863
R089_C105,0,30,10.518750190734863
R089_C106,0,30,10.518750190734863
R089_C107,0,30,10.518750190734863
R089_C108,0,30,10.518750190734863
R089_C109,0,30,11.137499809265137
R089_C110,0,30,10.518750190734863
R089_C111,0,30,10.518750190734863
R089_C112,0,30,10.518750190734863
R089_C113,0,30,10.518750190734863
R089_C114,0,30,11.137499809265137
R089_C115,0,30,9.28125
R089_C116,0,30,11.137499809265137
R089_C117,0,30,9.28125
R089_C118,0,30,10.518750190734863
R089_C119,0,30,11.137499809265137
R089_C120,0,30,11.137499809265137
R089_C121,0,30,10.518750190734863
R089_C122,0,30,9.28125
R089_C123,0,30,10.518750190734863
R089_C124,0,30,10.518750190734863
R089_C125,0,30,10.518750190734863
R089_C126,0,30,11.137499809265137
R089_C127,0,30,9.28125
R089_C128,0,30,9.28125
R089_C129,0,30,9.28125
R089_C130,0,30,11.137499809265137
R089_C131,0,30,9.28125
R089_C132,0,30,10.518750190734863
R089_C133,0,30,10.518750190734863
R089_C134,0,30,9.28125
R089_C135,0,30,9.28125
R089_C136,0,30,9.28125
R089_C137,0,30,10.518750190734863
R090_C069,0,30,9.28125
R090_C070,0,30,11.137499809265137
R090_C071,0,30,11.137499809265137
R090_C072,0,30,9.28125
R090_C073,0,30,10.518750190734863
R090_C074,0,30,10.518750190734863
R090_C075,0,30,9.28125
R090_C076,0,30,9.28125
R090_C077,0,30,9.28125
R090_C078,0,30,11.137499809265137
R090_C079,0,30,11.137499809265137
R090_C080,0,30,9.28125
R090_C081,0,30,9.28125
R090_C082,0,30,9.28125
R090_C083,0,30,9.28125
R090_C084,0,30,9.28125
R090_C085,0,30,10.518750190734863
R090_C086,0,30,9.28125
R090_C087,0,30,9.28125
R090_C088,0,30,9.28125
R090_C089,0,30,9.28125
R090_C090,0,30,9.28125
R090_C091,0,30,9.28125
R090_C092,0,30,9.28125
R090_C093,0,30,9.28125
R090_C094,0,30,9.28125
R090_C095,0,30,10.518750190734863
R090_C096,0,30,10.518750190734863
R090_C097,0,30,10.518750190734863
R090_C098,0,30,10.518750190734863
R090_C099,0,30,10.518750190734863
R090_C100,0,30,9.28125
R090_C101,0,30,9.28125
R090_C102,0,30,9.28125
R090_C103,0,30,9.28125
R090_C104,0,30,11.137499809265137
R090_C105,0,30,11.137499809265137
R090_C106,0,30,11.137499809265137
R090_C107,0,30,10.518750190734863
R090_C108,0,30,10.518750190734863
R090_C109,0,30,9.28125
R090_C110,0,30,10.518750190734863
R090_C111,0,30,11.137499809265137
R090_C112,0,30,10.518750190734863
R090_C113,0,30,10.518750190734863
R090_C114,0,30,11.137499809265137
R090_C115,0,30,10.518750190734863
R090_C116,0,30,11.137499809265137
R090_C117,0,30,11.137499809265137
R090_C118,0,30,10.518750190734863
R090_C119,0,30,10.518750190734863
R090_C120,0,30,10.518750190734863
R090_C121,0,30,10.518750190734863
R090_C122,0,30,10.518750190734863
R090_C123,0,30,10.518750190734863
R090_C124,0,30,10.518750190734863
R090_C125,0,30,11.137499809265137
R090_C126,0,30,9.28125
R090_C127,0,30,9.28125
R090_C128,0,30,9.28125
R090_C129,0,30,9.28125
R090_C130,0,30,9.28125
R090_C131,0,30,9.28125
R090_C132,0,30,9.28125
R090_C133,0,30,10.518750190734863
R090_C134,0,30,11.137499809265137
R090_C135,0,30,11.137499809265137
R090_C136,0,30,11.137499809265137
R090_C137,0,30,10.518750190734863
R091_C069,0,30,10.518750190734863
R091_C070,0,30,10.518750190734863
R091_C071,0,30,9.28125
R091_C072,0,30,11.137499809265137
R091_C073,0,30,10.518750190734863
R091_C074,0,30,9.28125
R091_C075,0,30,11.137499809265137
R091_C076,0,30,9.28125
R091_C077,0,30,9.28125
R091_C078,0,30,9.28125
R091_C079,0,30,11.137499809265137
R091_C080,0,30,9.28125
R091_C081,0,30,9.28125
R091_C082,0,30,11.137499809265137
R091_C083,0,30,11.137499809265137
R091_C084,0,30,9.28125
R091_C085,0,30,10.518750190734863
R091_C086,0,30,9.28125
R091_C087,0,30,9.28125
R091_C088,0,30,9.28125
R091_C089,0,30,9.28125
R091_C090,0,30,9.28125
R091_C091,0,30,9.28125
R091_C092,0,30,9.28125
R091_C093,0,30,9.28125
R091_C094,0,30,9.28125
R091_C095,0,30,10.518750190734863
R091_C096,0,30,11.137499809265137
R091_C097,0,30,10.518750190734863
R091_C098,0,30,10.518750190734863
R091_C099,0,30,10.518750190734863
R091_C100,0,30,10.518750190734863
R091_C101,0,30,10.518750190734863
R091_C102,0,30,9.28125
R091_C103,0,30,9.28125
R091_C104,0,30,10.518750190734863
R091_C105,0,30,11.137499809265137
R091_C106,0,30,11.137499809265137
R091_C107,0,30,10.518750190734863
R091_C108,0,30,10.518750190734863
R091_C109,0,30,10.518750190734863
R091_C110,0,30,10.518750190734863
R091_C111,0,30,10.518750190734863
R091_C112,0,30,11.137499809265137
R091_C113,0,30,11.137499809265137
R091_C114,0,30,11.137499809265137
R091_C115,0,30,11.137499809265137
R091_C116,0,30,9.28125
R091_C117,0,30,9.28125
R091_C118,0,30,9.28125
R091_C119,0,30,11.137499809265137
R091_C120,0,30,10.518750190734863
R091_C121,0,30,10.518750190734863
R091_C122,0,30,10.518750190734863
R091_C123,0,30,9.28125
R091_C124,0,30,10.518750190734863
R091_C125,0,30,9.28125
R091_C126,0,30,9.28125
R091_C127,0,30,9.28125
R091_C128,0,30,9.28125
R091_C129,0,30,9.28125
R091_C130,0,30,9.28125
R091_C131,0,30,9.28125
R091_C132,0,30,9.28125
R091_C133,0,30,10.518750190734863
R091_C134,0,30,9.28125
R091_C135,0,30,9.28125
R091_C136,0,30,11.137499809265137
R091_C137,0,30,10.518750190734863
R092_C069,0,30,9.28125
R092_C070,0,30,9.28125
R092_C071,0,30,9.28125
R092_C072,0,30,11.137499809265137
R092_C073,0,30,10.518750190734863
R092_C074,0,30,11.137499809265137
R092_C075,0,30,9.28125
R092_C076,0,30,11.137499809265137
R092_C077,0,30,9.28125
R092_C078,0,30,9.28125
R092_C079,0,30,9.28125
R092_C080,0,30,9.28125
R092_C081,0,30,9.28125
R092_C082,0,30,9.28125
R092_C083,0,30,9.28125
R092_C084,0,30,9.28125
R092_C085,0,30,10.518750190734863
R092_C086,0,30,9.28125
R092_C087,0,30,9.28125
R092_C088,0,30,9.28125
R092_C089,0,30,9.28125
R092_C090,0,30,9.28125
R092_C091,0,30,9.28125
R092_C092,0,30,9.28125
R092_C093,0,30,9.28125
R092_C094,0,30,9.28125
R092_C095,0,30,10.518750190734863
R092_C096,0,30,9.28125
R092_C097,0,30,9.28125
R092_C098,0,30,11.137499809265137
R092_C099,0,30,10.518750190734863
R092_C100,0,30,9.28125
R092_C101,0,30,10.518750190734863
R092_C102,0,30,10.518750190734863
R092_C103,0,30,9.28125
R092_C104,0,30,9.28125
R092_C105,0,30,9.28125
R092_C106,0,30,11.137499809265137
R092_C107,0,30,9.28125
R092_C108,0,30,10.518750190734863
R092_C109,0,30,9.28125
R092_C110,0,30,10.518750190734863
R092_C111,0,30,9.28125
R092_C112,0,30,11.137499809265137
R092_C113,0,30,10.518750190734863
R092_C114,0,30,9.28125
R092_C115,0,30,10.518750190734863
R092_C116,0,30,10.518750190734863
R092_C117,0,30,10.518750190734863
R092_C118,0,30,10.518750190734863
R092_C119,0,30,10.518750190734863
R092_C120,0,30,10.518750190734863
R092_C121,0,30,10.518750190734863
R092_C122,0,30,9.28125
R092_C123,0,30,9.28125
R092_C124,0,30,11.137499809265137
R092_C125,0,30,9.28125
R092_C126,0,30,9.28125
R092_C127,0,30,9.28125
R092_C128,0,30,9.28125
R092_C129,0,30,9.28125
R092_C130,0,30,9.28125
R092_C131,0,30,9.28125
R092_C132,0,30,9.28125
R092_C133,0,30,9.28125
R092_C134,0,30,9.28125
R092_C135,0,30,11.137499809265137
R092_C136,0,30,9.28125
R092_C137,0,30,9.28125
R093_C069,0,30,9.28125
R093_C070,0,30,9.28125
R093_C071,0,30,11.137499809265137
R093_C072,0,30,10.518750190734863
R093_C073,0,30,10.518750190734863
R093_C074,0,30,9.28125
R093_C075,0,30,9.28125
R093_C076,0,30,9.28125
R093_C077,0,30,9.28125
R093_C078,0,30,11.137499809265137
R093_C079,0,30,9.28125
R093_C080,0,30,11.137499809265137
R093_C081,0,30,9.28125
R093_C082,0,30,9.28125
R093_C083,0,30,9.28125
R093_C084,0,30,9.28125
R093_C085,0,30,10.518750190734863
R093_C086,0,30,9.28125
R093_C087,0,30,9.28125
R093_C088,0,30,9.28125
R093_C089,0,30,9.28125
R093_C090,0,30,9.28125
R093_C091,0,30,9.28125
R093_C092,0,30,9.28125
R093_C093,0,30,9.28125
R093_C094,0,30,9.28125
R093_C095,0,30,10.518750190734863
R093_C096,0,30,11.137499809265137
R093_C097,0,30,10.518750190734863
R093_C098,0,30,10.518750190734863
R093_C099,0,30,10.518750190734863
R093_C100,0,30,9.28125
R093_C101,0,30,10.518750190734863
R093_C102,0,30,10.518750190734863
R093_C103,0,30,10.518750190734863
R093_C104,0,30,9.28125
R093_C105,0,30,9.28125
R093_C106,0,30,9.28125
R093_C107,0,30,9.28125
R093_C108,0,30,10.518750190734863
R093_C109,0,30,10.518750190734863
R093_C110,0,30,10.518750190734863
R093_C111,0,30,10.518750190734863
R093_C112,0,30,9.28125
R093_C113,0,30,9.28125
R093_C114,0,30,10.518750190734863
R093_C115,0,30,10.518750190734863
R093_C116,0,30,9.28125
R093_C117,0,30,9.28125
R093_C118,0,30,9.28125
R093_C119,0,30,9.28125
R093_C120,0,30,9.28125
R093_C121,0,30,10.518750190734863
R093_C122,0,30,10.518750190734863
R093_C123,0,30,9.28125
R093_C124,0,30,9.28125
R093_C125,0,30,9.28125
R093_C126,0,30,9.28125
R093_C127,0,30,9.28125
R093_C128,0,30,9.28125
R093_C129,0,30,9.28125
R093_C130,0,30,9.28125
R093_C131,0,30,9.28125
R093_C132,0,30,11.137499809265137
R093_C133,0,30,11.137499809265137
R093_C134,0,30,10.518750190734863
R093_C135,0,30,10.518750190734863
R093_C136,0,30,10.518750190734863
R093_C137,0,30,11.137499809265137
R094_C069,0,30,9.28125
R094_C070,0,30,9.28125
R094_C071,0,30,9.28125
R094_C072,0,30,10.518750190734863
R094_C073,0,30,10.518750190734863
R094_C074,0,30,9.28125
R094_C075,0,30,9.28125
R094_C076,0,30,9.28125
R094_C077,0,30,9.28125
R094_C078,0,30,9.28125
R094_C079,0,30,9.28125
R094_C080,0,30,9.28125
R094_C081,0,30,9.28125
R094_C082,0,30,9.28125
R094_C083,0,30,9.28125
R094_C084,0,30,9.28125
R094_C085,0,30,10.518750190734863
R094_C086,0,30,9.28125
R094_C087,0,30,9.28125
R094_C088,0,30,9.28125
R094_C089,0,30,9.28125
R094_C090,0,30,9.28125
R094_C091,0,30,9.28125
R094_C092,0,30,9.28125
R094_C093,0,30,9.28125
R094_C094,0,30,3.7125000953674316
R094_C095,0,30,3.7125000953674316
R094_C096,0,30,10.518750190734863
R094_C097,0,30,10.518750190734863
R094_C098,0,30,10.518750190734863
R094_C099,0,30,10.518750190734863
R094_C100,0,30,10.518750190734863
R094_C101,0,30,10.518750190734863
R094_C102,0,30,10.518750190734863
R094_C103,0,30,10.518750190734863
R094_C104,0,30,9.28125
R094_C105,0,30,10.518750190734863
R094_C106,0,30,10.518750190734863
R094_C107,0,30,9.28125
R094_C108,0,30,9.28125
R094_C109,0,30,11.137499809265137
R094_C110,0,30,10.518750190734863
R094_C111,0,30,9.28125
R094_C112,0,30,9.28125
R094_C113,0,30,10.518750190734863
R094_C114,0,30,10.518750190734863
R094_C115,0,30,9.28125
R094_C116,0,30,10.518750190734863
R094_C117,0,30,9.28125
R094_C118,0,30,10.518750190734863
R094_C119,0,30,9.28125
R094_C120,0,30,9.28125
R094_C121,0,30,10.518750190734863
R094_C122,0,30,10.518750190734863
R094_C123,0,30,9.28125
R094_C124,0,30,9.28125
R094_C125,0,30,9.28125
R094_C126,0,30,9.28125
R094_C127,0,30,9.28125
R094_C128,0,30,9.28125
R094_C129,0,30,10.518750190734863
R094_C130,0,30,9.28125
R094_C131,0,30,9.28125
R094_C132,0,30,11.137499809265137
R094_C133,0,30,10.518750190734863
R094_C134,0,30,11.137499809265137
R094_C135,0,30,9.28125
R094_C136,0,30,10.518750190734863
R095_C069,0,30,11.137499809265137
R095_C070,0,30,9.28125
R095_C071,0,30,11.137499809265137
R095_C072,0,30,10.518750190734863
R095_C073,0,30,10.518750190734863
R095_C074,0,30,11.137499809265137
R095_C075,0,30,11.137499809265137
R095_C076,0,30,11.137499809265137
R095_C077,0,30,11.137499809265137
R095_C078,0,30,11.137499809265137
R095_C079,0,30,11.137499809265137
R095_C080,0,30,9.28125
R095_C081,0,30,9.28125
R095_C082,0,30,9.28125
R095_C083,0,30,9.28125
R095_C084,0,30,10.518750190734863
R095_C085,0,30,10.518750190734863
R095_C086,0,30,9.28125
R095_C087,0,30,9.28125
R095_C088,0,30,9.28125
R095_C089,0,30,11.137499809265137
R095_C090,0,30,9.28125
R095_C091,0,30,9.28125
R095_C092,0,30,9.28125
R095_C093,0,30,9.28125
R095_C094,0,30,3.7125000953674316
R095_C095,0,30,3.7125000953674316
R095_C096,0,30,10.518750190734863
R095_C097,0,30,10.518750190734863
R095_C098,0,30,10.518750190734863
R095_C099,0,30,10.518750190734863
R095_C100,0,30,9.28125
R095_C101,0,30,10.518750190734863
R095_C102,0,30,9.28125
R095_C103,0,30,10.518750190734863
R095_C104,0,30,9.28125
R095_C105,0,30,10.518750190734863
R095_C106,0,30,10.518750190734863
R095_C107,0,30,9.28125
R095_C108,0,30,9.28125
R095_C109,0,30,9.28125
R095_C110,0,30,9.28125
R095_C111,0,30,9.28125
R095_C112,0,30,10.518750190734863
R095_C113,0,30,10.518750190734863
R095_C114,0,30,10.518750190734863
R095_C115,0,30,10.518750190734863
R095_C116,0,30,10.518750190734863
R095_C117,0,30,10.518750190734863
R095_C118,0,30,10.518750190734863
R095_C119,0,30,9.28125
R095_C120,0,30,9.28125
R095_C121,0,30,10.518750190734863
R095_C122,0,30,10.518750190734863
R095_C123,0,30,9.28125
R095_C124,0,30,9.28125
R095_C125,0,30,9.28125
R095_C126,0,30,9.28125
R095_C127,0,30,9.28125
R095_C128,0,30,9.28125
R095_C129,0,30,10.518750190734863
R095_C130,0,30,9.28125
R095_C131,0,30,9.28125
R095_C132,0,30,9.28125
R095_C133,0,30,9.28125
R095_C134,0,30,11.137499809265137
R095_C135,0,30,11.137499809265137
R095_C136,0,30,9.28125
R096_C069,0,30,9.28125
R096_C070,0,30,9.28125
R096_C071,0,30,9.28125
R096_C072,0,30,10.518750190734863
R096_C073,0,30,10.518750190734863
R096_C074,0,30,9.28125
R096_C075,0,30,9.28125
R096_C076,0,30,9.28125
R096_C077,0,30,11.137499809265137
R096_C078,0,30,11.137499809265137
R096_C079,0,30,9.28125
R096_C080,0,30,9.28125
R096_C081,0,30,9.28125
R096_C082,0,30,9.28125
R096_C083,0,30,9.28125
R096_C084,0,30,10.518750190734863
R096_C085,0,30,10.518750190734863
R096_C086,0,30,9.28125
R096_C087,0,30,9.28125
R096_C088,0,30,9.28125
R096_C089,0,30,9.28125
R096_C090,0,30,9.28125
R096_C091,0,30,9.28125
R096_C092,0,30,9.28125
R096_C093,0,30,9.28125
R096_C094,0,30,10.518750190734863
R096_C095,0,30,10.518750190734863
R096_C096,0,30,10.518750190734863
R096_C097,0,30,10.518750190734863
R096_C098,0,30,10.518750190734863
R096_C099,0,30,10.518750190734863
R096_C100,0,30,9.28125
R096_C101,0,30,11.137499809265137
R096_C102,0,30,10.518750190734863
R096_C103,0,30,10.518750190734863
R096_C104,0,30,9.28125
R096_C105,0,30,10.518750190734863
R096_C106,0,30,10.518750190734863
R096_C107,0,30,11.137499809265137
R096_C108,0,30,10.518750190734863
R096_C109,0,30,10.518750190734863
R096_C110,0,30,10.518750190734863
R096_C111,0,30,10.518750190734863
R096_C112,0,30,10.518750190734863
R096_C113,0,30,9.28125
R096_C114,0,30,9.28125
R096_C115,0,30,9.28125
R096_C116,0,30,10.518750190734863
R096_C117,0,30,10.518750190734863
R096_C118,0,30,10.518750190734863
R096_C119,0,30,10.518750190734863
R096_C120,0,30,10.518750190734863
R096_C121,0,30,10.518750190734863
R096_C122,0,30,10.518750190734863
R096_C123,0,30,9.28125
R096_C124,0,30,9.28125
R096_C125,0,30,9.28125
R096_C126,0,30,9.28125
R096_C127,0,30,9.28125
R096_C128,0,30,10.518750190734863
R096_C129,0,30,10.518750190734863
R096_C130,0,30,9.28125
R096_C131,0,30,9.28125
R096_C132,0,30,9.28125
R096_C133,0,30,9.28125
R096_C134,0,30,10.518750190734863
R096_C135,0,30,11.137499809265137
R096_C136,0,30,10.518750190734863
R097_C069,0,30,9.28125
R097_C070,0,30,9.28125
R097_C071,0,30,9.28125
R097_C072,0,30,10.518750190734863
R097_C073,0,30,9.28125
R097_C074,0,30,9.28125
R097_C075,0,30,9.28125
R097_C076,0,30,9.28125
R097_C077,0,30,11.137499809265137
R097_C078,0,30,9.28125
R097_C079,0,30,11.137499809265137
R097_C080,0,30,11.137499809265137
R097_C081,0,30,9.28125
R097_C082,0,30,9.28125
R097_C083,0,30,9.28125
R097_C084,0,30,10.518750190734863
R097_C085,0,30,10.518750190734863
R097_C086,0,30,9.28125
R097_C087,0,30,9.28125
R097_C088,0,30,9.28125
R097_C089,0,30,9.28125
R097_C090,0,30,9.28125
R097_C091,0,30,9.28125
R097_C092,0,30,9.28125
R097_C093,0,30,9.28125
R097_C094,0,30,9.28125
R097_C095,0,30,11.137499809265137
R097_C096,0,30,10.518750190734863
R097_C097,0,30,10.518750190734863
R097_C098,0,30,10.518750190734863
R097_C099,0,30,10.518750190734863
R097_C100,0,30,11.137499809265137
R097_C101,0,30,10.518750190734863
R097_C102,0,30,10.518750190734863
R097_C103,0,30,10.518750190734863
R097_C104,0,30,9.28125
R097_C105,0,30,10.518750190734863
R097_C106,0,30,11.137499809265137
R097_C107,0,30,11.137499809265137
R097_C108,0,30,9.28125
R097_C109,0,30,10.518750190734863
R097_C110,0,30,9.28125
R097_C111,0,30,10.518750190734863
R097_C112,0,30,11.137499809265137
R097_C113,0,30,9.28125
R097_C114,0,30,9.28125
R097_C115,0,30,11.137499809265137
R097_C116,0,30,10.518750190734863
R097_C117,0,30,10.518750190734863
R097_C118,0,30,10.518750190734863
R097_C119,0,30,9.28125
R097_C120,0,30,10.518750190734863
R097_C121,0,30,9.28125
R097_C122,0,30,10.518750190734863
R097_C123,0,30,9.28125
R097_C124,0,30,9.28125
R097_C125,0,30,9.28125
R097_C126,0,30,9.28125
R097_C127,0,30,9.28125
R097_C128,0,30,10.518750190734863
R097_C129,0,30,9.28125
R097_C130,0,30,9.28125
R097_C131,0,30,9.28125
R097_C132,0,30,9.28125
R097_C133,0,30,11.137499809265137
R097_C134,0,30,10.518750190734863
R097_C135,0,30,9.28125
R097_C136,0,30,9.28125
R098_C070,0,30,9.28125
R098_C071,0,30,10.518750190734863
R098_C072,0,30,10.518750190734863
R098_C073,0,30,9.28125
R098_C074,0,30,9.28125
R098_C075,0,30,9.28125
R098_C076,0,30,9.28125
R098_C077,0,30,11.137499809265137
R098_C078,0,30,3.7125000953674316
R098_C079,0,30,11.137499809265137
R098_C080,0,30,9.28125
R098_C081,0,30,9.28125
R098_C082,0,30,9.28125
R098_C083,0,30,9.28125
R098_C084,0,30,10.518750190734863
R098_C085,0,30,9.28125
R098_C086,0,30,9.28125
R098_C087,0,30,9.28125
R098_C088,0,30,9.28125
R098_C089,0,30,9.28125
R098_C090,0,30,9.28125
R098_C091,0,30,9.28125
R098_C092,0,30,9.28125
R098_C093,0,30,9.28125
R098_C094,0,30,9.28125
R098_C095,0,30,9.28125
R098_C096,0,30,9.28125
R098_C097,0,30,9.28125
R098_C098,0,30,10.518750190734863
R098_C099,0,30,10.518750190734863
R098_C100,0,30,10.518750190734863
R098_C101,0,30,10.518750190734863
R098_C102,0,30,10.518750190734863
R098_C103,0,30,10.518750190734863
R098_C104,0,30,10.518750190734863
R098_C105,0,30,10.518750190734863
R098_C106,0,30,9.28125
R098_C107,0,30,11.137499809265137
R098_C108,0,30,9.28125
R098_C109,0,30,10.518750190734863
R098_C110,0,30,10.518750190734863
R098_C111,0,30,10.518750190734863
R098_C112,0,30,9.28125
R098_C113,0,30,9.28125
R098_C114,0,30,9.28125
R098_C115,0,30,11.137499809265137
R098_C116,0,30,10.518750190734863
R098_C117,0,30,10.518750190734863
R098_C118,0,30,10.518750190734863
R098_C119,0,30,9.28125
R098_C120,0,30,10.518750190734863
R098_C121,0,30,10.518750190734863
R098_C122,0,30,10.518750190734863
R098_C123,0,30,10.518750190734863
R098_C124,0,30,10.518750190734863
R098_C125,0,30,10.518750190734863
R098_C126,0,30,10.518750190734863
R098_C127,0,30,10.518750190734863
R098_C128,0,30,10.518750190734863
R098_C129,0,30,10.518750190734863
R098_C130,0,30,10.518750190734863
R098_C131,0,30,11.137499809265137
R098_C132,0,30,11.137499809265137
R098_C133,0,30,11.137499809265137
R098_C134,0,30,10.518750190734863
R098_C135,0,30,11.137499809265137
R098_C136,0,30,10.518750190734863
R099_C070,0,30,9.28125
R099_C071,0,30,9.28125
R099_C072,0,30,10.518750190734863
R099_C073,0,30,9.28125
R099_C074,0,30,9.28125
R099_C075,0,30,9.28125
R099_C076,0,30,9.28125
R099_C077,0,30,9.28125
R099_C078,0,30,9.28125
R099_C079,0,30,9.28125
R099_C080,0,30,9.28125
R099_C081,0,30,11.137499809265137
R099_C082,0,30,9.28125
R099_C083,0,30,10.518750190734863
R099_C084,0,30,10.518750190734863
R099_C085,0,30,11.137499809265137
R099_C086,0,30,9.28125
R099_C087,0,30,9.28125
R099_C088,0,30,9.28125
R099_C089,0,30,9.28125
R099_C090,0,30,9.28125
R099_C091,0,30,9.28125
R099_C092,0,30,9.28125
R099_C093,0,30,9.28125
R099_C094,0,30,10.518750190734863
R099_C095,0,30,11.137499809265137
R099_C096,0,30,10.518750190734863
R099_C097,0,30,11.137499809265137
R099_C098,0,30,11.137499809265137
R099_C099,0,30,10.518750190734863
R099_C100,0,30,10.518750190734863
R099_C101,0,30,9.28125
R099_C102,0,30,10.518750190734863
R099_C103,0,30,9.28125
R099_C104,0,30,10.518750190734863
R099_C105,0,30,10.518750190734863
R099_C106,0,30,10.518750190734863
R099_C107,0,30,10.518750190734863
R099_C108,0,30,10.518750190734863
R099_C109,0,30,10.518750190734863
R099_C110,0,30,10.518750190734863
R099_C111,0,30,9.28125
R099_C112,0,30,9.28125
R099_C113,0,30,9.28125
R099_C114,0,30,9.28125
R099_C115,0,30,11.137499809265137
R099_C116,0,30,11.137499809265137
R099_C117,0,30,10.518750190734863
R099_C118,0,30,10.518750190734863
R099_C119,0,30,9.28125
R099_C120,0,30,10.518750190734863
R099_C121,0,30,10.518750190734863
R099_C122,0,30,9.28125
R099_C123,0,30,10.518750190734863
R099_C124,0,30,9.28125
R099_C125,0,30,11.137499809265137
R099_C126,0,30,9.28125
R099_C127,0,30,9.28125
R099_C128,0,30,9.28125
R099_C129,0,30,10.518750190734863
R099_C130,0,30,10.518750190734863
R099_C131,0,30,10.518750190734863
R099_C132,0,30,10.518750190734863
R099_C133,0,30,10.518750190734863
R099_C134,0,30,10.518750190734863
R099_C135,0,30,9.28125
R099_C136,0,30,10.518750190734863
R100_C070,0,30,9.28125
R100_C071,0,30,11.137499809265137
R100_C072,0,30,10.518750190734863
R100_C073,0,30,9.28125
R100_C074,0,30,9.28125
R100_C075,0,30,9.28125
R100_C076,0,30,9.28125
R100_C077,0,30,11.137499809265137
R100_C078,0,30,11.137499809265137
R100_C079,0,30,9.28125
R100_C080,0,30,9.28125
R100_C081,0,30,9.28125
R100_C082,0,30,9.28125
R100_C083,0,30,10.518750190734863
R100_C084,0,30,10.518750190734863
R100_C085,0,30,9.28125
R100_C086,0,30,9.28125
R100_C087,0,30,9.28125
R100_C088,0,30,9.28125
R100_C089,0,30,9.28125
R100_C090,0,30,9.28125
R100_C091,0,30,9.28125
R100_C092,0,30,9.28125
R100_C093,0,30,9.28125
R100_C094,0,30,11.137499809265137
R100_C095,0,30,10.518750190734863
R100_C096,0,30,10.518750190734863
R100_C097,0,30,10.518750190734863
R100_C098,0,30,10.518750190734863
R100_C099,0,30,10.518750190734863
R100_C100,0,30,10.518750190734863
R100_C101,0,30,10.518750190734863
R100_C102,0,30,10.518750190734863
R100_C103,0,30,10.518750190734863
R100_C104,0,30,10.518750190734863
R100_C105,0,30,9.28125
R100_C106,0,30,9.28125
R100_C107,0,30,9.28125
R100_C108,0,30,9.28125
R100_C109,0,30,9.28125
R100_C110,0,30,10.518750190734863
R100_C111,0,30,9.28125
R100_C112,0,30,9.28125
R100_C113,0,30,11.137499809265137
R100_C114,0,30,11.137499809265137
R100_C115,0,30,9.28125
R100_C116,0,30,10.518750190734863
R100_C117,0,30,10.518750190734863
R100_C118,0,30,10.518750190734863
R100_C119,0,30,10.518750190734863
R100_C120,0,30,10.518750190734863
R100_C121,0,30,9.28125
R100_C122,0,30,9.28125
R100_C123,0,30,10.518750190734863
R100_C124,0,30,11.137499809265137
R100_C125,0,30,9.28125
R100_C126,0,30,9.28125
R100_C127,0,30,9.28125
R100_C128,0,30,9.28125
R100_C129,0,30,9.28125
R100_C130,0,30,10.518750190734863
R100_C131,0,30,9.28125
R100_C132,0,30,10.518750190734863
R100_C133,0,30,10.518750190734863
R100_C134,0,30,10.518750190734863
R100_C135,0,30,10.518750190734863
R100_C136,0,30,10.518750190734863
R101_C071,0,30,11.137499809265137
R101_C072,0,30,9.28125
R101_C073,0,30,11.137499809265137
R101_C074,0,30,9.28125
R101_C075,0,30,9.28125
R101_C076,0,30,9.28125
R101_C077,0,30,9.28125
R101_C078,0,30,9.28125
R101_C079,0,30,9.28125
R101_C080,0,30,9.28125
R101_C081,0,30,11.137499809265137
R101_C082,0,30,10.518750190734863
R101_C083,0,30,10.518750190734863
R101_C084,0,30,9.28125
R101_C085,0,30,9.28125
R101_C086,0,30,9.28125
R101_C087,0,30,9.28125
R101_C088,0,30,9.28125
R101_C089,0,30,9.28125
R101_C090,0,30,9.28125
R101_C091,0,30,9.28125
R101_C092,0,30,9.28125
R101_C093,0,30,9.28125
R101_C094,0,30,10.518750190734863
R101_C095,0,30,10.518750190734863
R101_C096,0,30,10.518750190734863
R101_C097,0,30,11.137499809265137
R101_C098,0,30,11.137499809265137
R101_C099,0,30,10.518750190734863
R101_C100,0,30,11.137499809265137
R101_C101,0,30,10.518750190734863
R101_C102,0,30,10.518750190734863
R101_C103,0,30,10.518750190734863
R101_C104,0,30,10.518750190734863
R101_C105,0,30,11.137499809265137
R101_C106,0,30,10.518750190734863
R101_C107,0,30,10.518750190734863
R101_C108,0,30,11.137499809265137
R101_C109,0,30,9.28125
R101_C110,0,30,10.518750190734863
R101_C111,0,30,10.518750190734863
R101_C112,0,30,9.28125
R101_C113,0,30,9.28125
R101_C114,0,30,11.137499809265137
R101_C115,0,30,9.28125
R101_C116,0,30,9.28125
R101_C117,0,30,10.518750190734863
R101_C118,0,30,10.518750190734863
R101_C119,0,30,10.518750190734863
R101_C120,0,30,9.28125
R101_C121,0,30,9.28125
R101_C122,0,30,9.28125
R101_C123,0,30,11.137499809265137
R101_C124,0,30,10.518750190734863
R101_C125,0,30,10.518750190734863
R101_C126,0,30,10.518750190734863
R101_C127,0,30,10.518750190734863
R101_C128,0,30,10.518750190734863
R101_C129,0,30,10.518750190734863
R101_C130,0,30,10.518750190734863
R101_C131,0,30,9.28125
R101_C132,0,30,9.28125
R101_C133,0,30,9.28125
R101_C134,0,30,10.518750190734863
R101_C135,0,30,10.518750190734863
R101_C136,0,30,10.518750190734863
R102_C072,0,30,11.137499809265137
R102_C073,0,30,11.137499809265137
R102_C074,0,30,11.137499809265137
R102_C075,0,30,9.28125
R102_C076,0,30,9.28125
R102_C077,0,30,9.28125
R102_C078,0,30,11.137499809265137
R102_C079,0,30,9.28125
R102_C080,0,30,11.137499809265137
R102_C081,0,30,10.518750190734863
R102_C082,0,30,10.518750190734863
R102_C083,0,30,9.28125
R102_C084,0,30,9.28125
R102_C085,0,30,9.28125
R102_C086,0,30,9.28125
R102_C087,0,30,9.28125
R102_C088,0,30,9.28125
R102_C089,0,30,9.28125
R102_C090,0,30,9.28125
R102_C091,0,30,9.28125
R102_C092,0,30,9.28125
R102_C093,0,30,11.137499809265137
R102_C094,0,30,10.518750190734863
R102_C095,0,30,11.137499809265137
R102_C096,0,30,10.518750190734863
R102_C097,0,30,10.518750190734863
R102_C098,0,30,10.518750190734863
R102_C099,0,30,10.518750190734863
R102_C100,0,30,10.518750190734863
R102_C101,0,30,10.518750190734863
R102_C102,0,30,11.137499809265137
R102_C103,0,30,10.518750190734863
R102_C104,0,30,10.518750190734863
R102_C105,0,30,10.518750190734863
R102_C106,0,30,11.137499809265137
R102_C107,0,30,10.518750190734863
R102_C108,0,30,9.28125
R102_C109,0,30,9.28125
R102_C110,0,30,10.518750190734863
R102_C111,0,30,9.28125
R102_C112,0,30,9.28125
R102_C113,0,30,9.28125
R102_C114,0,30,9.28125
R102_C115,0,30,11.137499809265137
R102_C116,0,30,10.518750190734863
R102_C117,0,30,10.518750190734863
R102_C118,0,30,10.518750190734863
R102_C119,0,30,9.28125
R102_C120,0,30,9.28125
R102_C121,0,30,9.28125
R102_C122,0,30,9.28125
R102_C123,0,30,9.28125
R102_C124,0,30,10.518750190734863
R102_C125,0,30,9.28125
R102_C126,0,30,9.28125
R102_C127,0,30,9.28125
R102_C128,0,30,9.28125
R102_C129,0,30,9.28125
R102_C130,0,30,9.28125
R102_C131,0,30,9.28125
R102_C132,0,30,9.28125
R102_C133,0,30,9.28125
R102_C134,0,30,9.28125
R102_C135,0,30,10.518750190734863
R102_C136,0,30,10.518750190734863
R103_C073,0,30,11.137499809265137
R103_C074,0,30,11.137499809265137
R103_C075,0,30,9.28125
R103_C076,0,30,9.28125
R103_C077,0,30,9.28125
R103_C078,0,30,9.28125
R103_C079,0,30,9.28125
R103_C080,0,30,9.28125
R103_C081,0,30,10.518750190734863
R103_C082,0,30,10.518750190734863
R103_C083,0,30,9.28125
R103_C084,0,30,9.28125
R103_C085,0,30,11.137499809265137
R103_C086,0,30,9.28125
R103_C087,0,30,9.28125
R103_C088,0,30,9.28125
R103_C089,0,30,9.28125
R103_C090,0,30,9.28125
R103_C091,0,30,9.28125
R103_C092,0,30,9.28125
R103_C093,0,30,11.137499809265137
R103_C094,0,30,10.518750190734863
R103_C095,0,30,10.518750190734863
R103_C096,0,30,10.518750190734863
R103_C097,0,30,10.518750190734863
R103_C098,0,30,10.518750190734863
R103_C099,0,30,10.518750190734863
R103_C100,0,30,10.518750190734863
R103_C101,0,30,11.137499809265137
R103_C102,0,30,9.28125
R103_C103,0,30,9.28125
R103_C104,0,30,10.518750190734863
R103_C105,0,30,10.518750190734863
R103_C106,0,30,10.518750190734863
R103_C107,0,30,10.518750190734863
R103_C108,0,30,9.28125
R103_C109,0,30,11.137499809265137
R103_C110,0,30,10.518750190734863
R103_C111,0,30,9.28125
R103_C112,0,30,9.28125
R103_C113,0,30,9.28125
R103_C114,0,30,9.28125
R103_C115,0,30,10.518750190734863
R103_C116,0,30,10.518750190734863
R103_C117,0,30,11.137499809265137
R103_C118,0,30,9.28125
R103_C119,0,30,9.28125
R103_C120,0,30,9.28125
R103_C121,0,30,9.28125
R103_C122,0,30,9.28125
R103_C123,0,30,9.28125
R103_C124,0,30,10.518750190734863
R103_C125,0,30,9.28125
R103_C126,0,30,9.28125
R103_C127,0,30,10.518750190734863
R103_C128,0,30,10.518750190734863
R103_C129,0,30,10.518750190734863
R103_C130,0,30,10.518750190734863
R103_C131,0,30,10.518750190734863
R103_C132,0,30,10.518750190734863
R103_C133,0,30,10.518750190734863
R103_C134,0,30,9.28125
R103_C135,0,30,9.28125
R103_C136,0,30,11.137499809265137
R104_C074,0,30,10.518750190734863
R104_C075,0,30,11.137499809265137
R104_C076,0,30,9.28125
R104_C077,0,30,11.137499809265137
R104_C078,0,30,9.28125
R104_C079,0,30,9.28125
R104_C080,0,30,10.518750190734863
R104_C081,0,30,11.137499809265137
R104_C082,0,30,9.28125
R104_C083,0,30,9.28125
R104_C084,0,30,9.28125
R104_C085,0,30,9.28125
R104_C086,0,30,9.28125
R104_C087,0,30,9.28125
R104_C088,0,30,9.28125
R104_C089,0,30,9.28125
R104_C090,0,30,9.28125
R104_C091,0,30,9.28125
R104_C092,0,30,9.28125
R104_C093,0,30,11.137499809265137
R104_C094,0,30,10.518750190734863
R104_C095,0,30,10.518750190734863
R104_C096,0,30,9.28125
R104_C097,0,30,9.28125
R104_C098,0,30,10.518750190734863
R104_C099,0,30,10.518750190734863
R104_C100,0,30,10.518750190734863
R104_C101,0,30,10.518750190734863
R104_C102,0,30,10.518750190734863
R104_C103,0,30,11.137499809265137
R104_C104,0,30,10.518750190734863
R104_C105,0,30,10.518750190734863
R104_C106,0,30,11.137499809265137
R104_C107,0,30,11.137499809265137
R104_C108,0,30,9.28125
R104_C109,0,30,9.28125
R104_C110,0,30,10.518750190734863
R104_C111,0,30,9.28125
R104_C112,0,30,9.28125
R104_C113,0,30,10.518750190734863
R104_C114,0,30,10.518750190734863
R104_C115,0,30,10.518750190734863
R104_C116,0,30,9.28125
R104_C117,0,30,11.137499809265137
R104_C118,0,30,9.28125
R104_C119,0,30,9.28125
R104_C120,0,30,9.28125
R104_C121,0,30,9.28125
R104_C122,0,30,9.28125
R104_C123,0,30,9.28125
R104_C124,0,30,10.518750190734863
R104_C125,0,30,10.518750190734863
R104_C126,0,30,10.518750190734863
R104_C127,0,30,11.137499809265137
R104_C128,0,30,10.518750190734863
R104_C129,0,30,10.518750190734863
R104_C130,0,30,9.28125
R104_C131,0,30,9.28125
R104_C132,0,30,9.28125
R104_C133,0,30,10.518750190734863
R104_C134,0,30,10.518750190734863
R105_C076,0,30,9.28125
R105_C077,0,30,9.28125
R105_C078,0,30,9.28125
R105_C079,0,30,9.28125
R105_C080,0,30,10.518750190734863
R105_C081,0,30,9.28125
R105_C082,0,30,9.28125
R105_C083,0,30,9.28125
R105_C084,0,30,11.137499809265137
R105_C085,0,30,11.137499809265137
R105_C086,0,30,9.28125
R105_C087,0,30,9.28125
R105_C088,0,30,9.28125
R105_C089,0,30,9.28125
R105_C090,0,30,9.28125
R105_C091,0,30,9.28125
R105_C092,0,30,9.28125
R105_C093,0,30,10.518750190734863
R105_C094,0,30,9.28125
R105_C095,0,30,9.28125
R105_C096,0,30,9.28125
R105_C097,0,30,9.28125
R105_C098,0,30,10.518750190734863
R105_C099,0,30,10.518750190734863
R105_C100,0,30,10.518750190734863
R105_C101,0,30,10.518750190734863
R105_C102,0,30,10.518750190734863
R105_C103,0,30,10.518750190734863
R105_C104,0,30,10.518750190734863
R105_C105,0,30,10.518750190734863
R105_C106,0,30,10.518750190734863
R105_C107,0,30,10.518750190734863
R105_C108,0,30,9.28125
R105_C109,0,30,9.28125
R105_C110,0,30,10.518750190734863
R105_C111,0,30,10.518750190734863
R105_C112,0,30,10.518750190734863
R105_C113,0,30,10.518750190734863
R105_C114,0,30,10.518750190734863
R105_C115,0,30,9.28125
R105_C116,0,30,11.137499809265137
R105_C117,0,30,9.28125
R105_C118,0,30,9.28125
R105_C119,0,30,9.28125
R105_C120,0,30,9.28125
R105_C121,0,30,10.518750190734863
R105_C122,0,30,10.518750190734863
R105_C123,0,30,10.518750190734863
R105_C124,0,30,10.518750190734863
R105_C125,0,30,9.28125
R105_C126,0,30,9.28125
R105_C127,0,30,9.28125
R105_C128,0,30,9.28125
R105_C129,0,30,9.28125
R105_C130,0,30,9.28125
R105_C131,0,30,9.28125
R105_C132,0,30,9.28125
R105_C133,0,30,9.28125
R106_C077,0,30,9.28125
R106_C078,0,30,9.28125
R106_C079,0,30,10.518750190734863
R106_C080,0,30,10.518750190734863
R106_C081,0,30,9.28125
R106_C082,0,30,9.28125
R106_C083,0,30,11.137499809265137
R106_C084,0,30,9.28125
R106_C085,0,30,9.28125
R106_C086,0,30,9.28125
R106_C087,0,30,9.28125
R106_C088,0,30,9.28125
R106_C089,0,30,9.28125
R106_C090,0,30,9.28125
R106_C091,0,30,9.28125
R106_C092,0,30,11.137499809265137
R106_C093,0,30,11.137499809265137
R106_C094,0,30,9.28125
R106_C095,0,30,9.28125
R106_C096,0,30,11.137499809265137
R106_C097,0,30,9.28125
R106_C098,0,30,10.518750190734863
R106_C099,0,30,10.518750190734863
R106_C100,0,30,10.518750190734863
R106_C101,0,30,9.28125
R106_C102,0,30,9.28125
R106_C103,0,30,9.28125
R106_C104,0,30,10.518750190734863
R106_C105,0,30,9.28125
R106_C106,0,30,9.28125
R106_C107,0,30,9.28125
R106_C108,0,30,9.28125
R106_C109,0,30,9.28125
R106_C110,0,30,10.518750190734863
R106_C111,0,30,10.518750190734863
R106_C112,0,30,10.518750190734863
R106_C113,0,30,9.28125
R106_C114,0,30,9.28125
R106_C115,0,30,9.28125
R106_C116,0,30,9.28125
R106_C117,0,30,9.28125
R106_C118,0,30,11.137499809265137
R106_C119,0,30,9.28125
R106_C120,0,30,10.518750190734863
R106_C121,0,30,10.518750190734863
R106_C122,0,30,10.518750190734863
R106_C123,0,30,9.28125
R106_C124,0,30,9.28125
R106_C125,0,30,9.28125
R106_C126,0,30,9.28125
R106_C127,0,30,9.28125
R106_C128,0,30,9.28125
R106_C129,0,30,9.28125
R106_C130,0,30,9.28125
R106_C131,0,30,9.28125
R107_C078,0,30,9.28125
R107_C079,0,30,10.518750190734863
R107_C080,0,30,10.518750190734863
R107_C081,0,30,9.28125
R107_C082,0,30,9.28125
R107_C083,0,30,9.28125
R107_C084,0,30,9.28125
R107_C085,0,30,9.28125
R107_C086,0,30,9.28125
R107_C087,0,30,9.28125
R107_C088,0,30,9.28125
R107_C089,0,30,9.28125
R107_C090,0,30,9.28125
R107_C091,0,30,9.28125
R107_C092,0,30,9.28125
R107_C093,0,30,9.28125
R107_C094,0,30,9.28125
R107_C095,0,30,9.28125
R107_C096,0,30,11.137499809265137
R107_C097,0,30,9.28125
R107_C098,0,30,10.518750190734863
R107_C099,0,30,9.28125
R107_C100,0,30,10.518750190734863
R107_C101,0,30,10.518750190734863
R107_C102,0,30,10.518750190734863
R107_C103,0,30,10.518750190734863
R107_C104,0,30,10.518750190734863
R107_C105,0,30,9.28125
R107_C106,0,30,9.28125
R107_C107,0,30,11.137499809265137
R107_C108,0,30,10.518750190734863
R107_C109,0,30,10.518750190734863
R107_C110,0,30,10.518750190734863
R107_C111,0,30,9.28125
R107_C112,0,30,10.518750190734863
R107_C113,0,30,9.28125
R107_C114,0,30,9.28125
R107_C115,0,30,9.28125
R107_C116,0,30,9.28125
R107_C117,0,30,9.28125
R107_C118,0,30,9.28125
R107_C119,0,30,10.518750190734863
R107_C120,0,30,10.518750190734863
R107_C121,0,30,10.518750190734863
R107_C122,0,30,9.28125
R107_C123,0,30,9.28125
R107_C124,0,30,9.28125
R107_C125,0,30,9.28125
R107_C126,0,30,9.28125
R107_C127,0,30,9.28125
R107_C128,0,30,9.28125
R107_C129,0,30,9.28125
R108_C080,0,30,10.518750190734863
R108_C081,0,30,9.28125
R108_C082,0,30,9.28125
R108_C083,0,30,9.28125
R108_C084,0,30,9.28125
R108_C085,0,30,9.28125
R108_C086,0,30,9.28125
R108_C087,0,30,9.28125
R108_C088,0,30,9.28125
R108_C089,0,30,9.28125
R108_C090,0,30,9.28125
R108_C091,0,30,11.137499809265137
R108_C092,0,30,9.28125
R108_C093,0,30,11.137499809265137
R108_C094,0,30,9.28125
R108_C095,0,30,11.137499809265137
R108_C096,0,30,9.28125
R108_C097,0,30,10.518750190734863
R108_C098,0,30,10.518750190734863
R108_C099,0,30,11.137499809265137
R108_C100,0,30,10.518750190734863
R108_C101,0,30,10.518750190734863
R108_C102,0,30,10.518750190734863
R108_C103,0,30,10.518750190734863
R108_C104,0,30,10.518750190734863
R108_C105,0,30,9.28125
R108_C106,0,30,9.28125
R108_C107,0,30,10.518750190734863
R108_C108,0,30,10.518750190734863
R108_C109,0,30,10.518750190734863
R108_C110,0,30,10.518750190734863
R108_C111,0,30,10.518750190734863
R108_C112,0,30,10.518750190734863
R108_C113,0,30,10.518750190734863
R108_C114,0,30,9.28125
R108_C115,0,30,9.28125
R108_C116,0,30,11.137499809265137
R108_C117,0,30,9.28125
R108_C118,0,30,10.518750190734863
R108_C119,0,30,10.518750190734863
R108_C120,0,30,10.518750190734863
R108_C121,0,30,9.28125
R108_C122,0,30,11.137499809265137
R108_C123,0,30,9.28125
R108_C124,0,30,9.28125
R108_C125,0,30,9.28125
R108_C126,0,30,9.28125
R108_C127,0,30,3.7125000953674316
R109_C081,0,30,9.28125
R109_C082,0,30,9.28125
R109_C083,0,30,9.28125
R109_C084,0,30,9.28125
R109_C085,0,30,9.28125
R109_C086,0,30,9.28125
R109_C087,0,30,9.28125
R109_C088,0,30,9.28125
R109_C089,0,30,9.28125
R109_C090,0,30,9.28125
R109_C091,0,30,9.28125
R109_C092,0,30,11.137499809265137
R109_C093,0,30,11.137499809265137
R109_C094,0,30,9.28125
R109_C095,0,30,11.137499809265137
R109_C096,0,30,11.137499809265137
R109_C097,0,30,10.518750190734863
R109_C098,0,30,10.518750190734863
R109_C099,0,30,10.518750190734863
R109_C100,0,30,10.518750190734863
R109_C101,0,30,10.518750190734863
R109_C102,0,30,10.518750190734863
R109_C103,0,30,10.518750190734863
R109_C104,0,30,10.518750190734863
R109_C105,0,30,10.518750190734863
R109_C106,0,30,10.518750190734863
R109_C107,0,30,10.518750190734863
R109_C108,0,30,10.518750190734863
R109_C109,0,30,9.28125
R109_C110,0,30,9.28125
R109_C111,0,30,9.28125
R109_C112,0,30,10.518750190734863
R109_C113,0,30,10.518750190734863
R109_C114,0,30,10.518750190734863
R109_C115,0,30,10.518750190734863
R109_C116,0,30,9.28125
R109_C117,0,30,10.518750190734863
R109_C118,0,30,10.518750190734863
R109_C119,0,30,10.518750190734863
R109_C120,0,30,9.28125
R109_C121,0,30,9.28125
R109_C122,0,30,9.28125
R109_C123,0,30,9.28125
R109_C124,0,30,9.28125
R109_C125,0,30,3.7125000953674316
R110_C082,0,30,9.28125
R110_C083,0,30,9.28125
R110_C084,0,30,9.28125
R110_C085,0,30,9.28125
R110_C086,0,30,9.28125
R110_C087,0,30,9.28125
R110_C088,0,30,9.28125
R110_C089,0,30,10.518750190734863
R110_C090,0,30,10.518750190734863
R110_C091,0,30,10.518750190734863
R110_C092,0,30,10.518750190734863
R110_C093,0,30,10.518750190734863
R110_C094,0,30,10.518750190734863
R110_C095,0,30,10.518750190734863
R110_C096,0,30,10.518750190734863
R110_C097,0,30,10.518750190734863
R110_C098,0,30,10.518750190734863
R110_C099,0,30,10.518750190734863
R110_C100,0,30,10.518750190734863
R110_C101,0,30,9.28125
R110_C102,0,30,9.28125
R110_C103,0,30,9.28125
R110_C104,0,30,10.518750190734863
R110_C105,0,30,10.518750190734863
R110_C106,0,30,10.518750190734863
R110_C107,0,30,9.28125
R110_C108,0,30,9.28125
R110_C109,0,30,9.28125
R110_C110,0,30,9.28125
R110_C111,0,30,9.28125
R110_C112,0,30,9.28125
R110_C113,0,30,9.28125
R110_C114,0,30,9.28125
R110_C115,0,30,9.28125
R110_C116,0,30,10.518750190734863
R110_C117,0,30,10.518750190734863
R110_C118,0,30,10.518750190734863
R110_C119,0,30,9.28125
R110_C120,0,30,9.28125
R110_C121,0,30,9.28125
R110_C122,0,30,9.28125
R110_C123,0,30,9.28125
R111_C083,0,30,9.28125
R111_C084,0,30,9.28125
R111_C085,0,30,9.28125
R111_C086,0,30,9.28125
R111_C087,0,30,9.28125
R111_C088,0,30,11.137499809265137
R111_C089,0,30,10.518750190734863
R111_C090,0,30,11.137499809265137
R111_C091,0,30,11.137499809265137
R111_C092,0,30,11.137499809265137
R111_C093,0,30,11.137499809265137
R111_C094,0,30,3.7125000953674316
R111_C095,0,30,3.7125000953674316
R111_C096,0,30,10.518750190734863
R111_C097,0,30,11.137499809265137
R111_C098,0,30,10.518750190734863
R111_C099,0,30,10.518750190734863
R111_C100,0,30,11.137499809265137
R111_C101,0,30,9.28125
R111_C102,0,30,9.28125
R111_C103,0,30,10.518750190734863
R111_C104,0,30,10.518750190734863
R111_C105,0,30,10.518750190734863
R111_C106,0,30,9.28125
R111_C107,0,30,9.28125
R111_C108,0,30,9.28125
R111_C109,0,30,9.28125
R111_C110,0,30,9.28125
R111_C111,0,30,9.28125
R111_C112,0,30,9.28125
R111_C113,0,30,9.28125
R111_C114,0,30,9.28125
R111_C115,0,30,10.518750190734863
R111_C116,0,30,10.518750190734863
R111_C117,0,30,10.518750190734863
R111_C118,0,30,9.28125
R111_C119,0,30,9.28125
R111_C120,0,30,9.28125
R111_C121,0,30,9.28125
R112_C085,0,30,9.28125
R112_C086,0,30,9.28125
R112_C087,0,30,11.137499809265137
R112_C088,0,30,10.518750190734863
R112_C089,0,30,10.518750190734863
R112_C090,0,30,10.518750190734863
R112_C091,0,30,10.518750190734863
R112_C092,0,30,10.518750190734863
R112_C093,0,30,10.518750190734863
R112_C094,0,30,10.518750190734863
R112_C095,0,30,10.518750190734863
R112_C096,0,30,10.518750190734863
R112_C097,0,30,11.137499809265137
R112_C098,0,30,10.518750190734863
R112_C099,0,30,11.137499809265137
R112_C100,0,30,10.518750190734863
R112_C101,0,30,11.137499809265137
R112_C102,0,30,10.518750190734863
R112_C103,0,30,10.518750190734863
R112_C104,0,30,10.518750190734863
R112_C105,0,30,9.28125
R112_C106,0,30,9.28125
R112_C107,0,30,9.28125
R112_C108,0,30,9.28125
R112_C109,0,30,9.28125
R112_C110,0,30,9.28125
R112_C111,0,30,9.28125
R112_C112,0,30,9.28125
R112_C113,0,30,9.28125
R112_C114,0,30,10.518750190734863
R112_C115,0,30,10.518750190734863
R112_C116,0,30,10.518750190734863
R112_C117,0,30,9.28125
R112_C118,0,30,9.28125
R112_C119,0,30,9.28125
R112_C120,0,30,9.28125
R113_C086,0,30,11.137499809265137
R113_C087,0,30,9.28125
R113_C088,0,30,9.28125
R113_C089,0,30,9.28125
R113_C090,0,30,11.137499809265137
R113_C091,0,30,10.518750190734863
R113_C092,0,30,10.518750190734863
R113_C093,0,30,11.137499809265137
R113_C094,0,30,11.137499809265137
R113_C095,0,30,11.137499809265137
R113_C096,0,30,11.137499809265137
R113_C097,0,30,11.137499809265137
R113_C098,0,30,10.518750190734863
R113_C099,0,30,9.28125
R113_C100,0,30,10.518750190734863
R113_C101,0,30,10.518750190734863
R113_C102,0,30,10.518750190734863
R113_C103,0,30,9.28125
R113_C104,0,30,9.28125
R113_C105,0,30,9.28125
R113_C106,0,30,9.28125
R113_C107,0,30,9.28125
R113_C108,0,30,9.28125
R113_C109,0,30,9.28125
R113_C110,0,30,9.28125
R113_C111,0,30,9.28125
R113_C112,0,30,9.28125
R113_C113,0,30,10.518750190734863
R113_C114,0,30,10.518750190734863
R113_C115,0,30,10.518750190734863
R113_C116,0,30,10.518750190734863
R113_C117,0,30,9.28125
R113_C118,0,30,9.28125
R114_C087,0,30,9.28125
R114_C088,0,30,10.518750190734863
R114_C089,0,30,11.137499809265137
R114_C090,0,30,11.137499809265137
R114_C091,0,30,11.137499809265137
R114_C092,0,30,9.28125
R114_C093,0,30,9.28125
R114_C094,0,30,11.137499809265137
R114_C095,0,30,11.137499809265137
R114_C096,0,30,10.518750190734863
R114_C097,0,30,9.28125
R114_C098,0,30,11.137499809265137
R114_C099,0,30,10.518750190734863
R114_C100,0,30,10.518750190734863
R114_C101,0,30,10.518750190734863
R114_C102,0,30,9.28125
R114_C103,0,30,9.28125
R114_C104,0,30,9.28125
R114_C105,0,30,9.28125
R114_C106,0,30,9.28125
R114_C107,0,30,9.28125
R114_C108,0,30,9.28125
R114_C109,0,30,9.28125
R114_C110,0,30,9.28125
R114_C111,0,30,9.28125
R114_C112,0,30,10.518750190734863
R114_C113,0,30,10.518750190734863
R114_C114,0,30,10.518750190734863
R114_C115,0,30,10.518750190734863
R114_C116,0,30,9.28125
R115_C089,0,30,10.518750190734863
R115_C090,0,30,10.518750190734863
R115_C091,0,30,10.518750190734863
R115_C092,0,30,10.518750190734863
R115_C093,0,30,10.518750190734863
R115_C094,0,30,10.518750190734863
R115_C095,0,30,10.518750190734863
R115_C096,0,30,10.518750190734863
R115_C097,0,30,11.137499809265137
R115_C098,0,30,10.518750190734863
R115_C099,0,30,10.518750190734863
R115_C100,0,30,10.518750190734863
R115_C101,0,30,9.28125
R115_C102,0,30,9.28125
R115_C103,0,30,9.28125
R115_C104,0,30,9.28125
R115_C105,0,30,9.28125
R115_C106,0,30,9.28125
R116_C090,0,30,9.28125
R116_C091,0,30,9.28125
R068_C090,30,60,18.168750762939453
R068_C091,30,60,16.03125
R068_C092,30,60,16.03125
R068_C093,30,60,16.03125
R068_C094,30,60,16.03125
R068_C095,30,60,16.03125
R068_C096,30,60,18.168750762939453
R068_C097,30,60,18.168750762939453
R068_C098,30,60,16.03125
R068_C099,30,60,16.03125
R068_C100,30,60,16.03125
R068_C101,30,60,16.03125
R068_C102,30,60,16.03125
R068_C103,30,60,6.412499904632568
R068_C104,30,60,6.412499904632568
R068_C105,30,60,16.03125
R068_C106,30,60,16.03125
R068_C107,30,60,16.03125
R068_C108,30,60,19.237499237060547
R068_C109,30,60,16.03125
R068_C110,30,60,18.168750762939453
R068_C111,30,60,19.237499237060547
R068_C112,30,60,19.237499237060547
R068_C113,30,60,19.237499237060547
R068_C114,30,60,18.168750762939453
R068_C115,30,60,18.168750762939453
R068_C116,30,60,18.168750762939453
R068_C117,30,60,16.03125
R068_C118,30,60,19.237499237060547
R068_C119,30,60,19.237499237060547
R068_C120,30,60,16.03125
R069_C082,30,60,16.03125
R069_C083,30,60,16.03125
R069_C084,30,60,19.237499237060547
R069_C085,30,60,18.168750762939453
R069_C086,30,60,16.03125
R069_C087,30,60,16.03125
R069_C088,30,60,18.168750762939453
R069_C089,30,60,18.168750762939453
R069_C090,30,60,18.168750762939453
R069_C091,30,60,16.03125
R069_C092,30,60,16.03125
R069_C093,30,60,16.03125
R069_C094,30,60,16.03125
R069_C095,30,60,18.168750762939453
R069_C096,30,60,18.168750762939453
R069_C097,30,60,16.03125
R069_C098,30,60,16.03125
R069_C099,30,60,16.03125
R069_C100,30,60,16.03125
R069_C101,30,60,16.03125
R069_C102,30,60,6.412499904632568
R069_C103,30,60,6.412499904632568
R069_C104,30,60,16.03125
R069_C105,30,60,16.03125
R069_C106,30,60,19.237499237060547
R069_C107,30,60,16.03125
R069_C108,30,60,19.237499237060547
R069_C109,30,60,16.03125
R069_C110,30,60,19.237499237060547
R069_C111,30,60,18.168750762939453
R069_C112,30,60,18.168750762939453
R069_C113,30,60,18.168750762939453
R069_C114,30,60,16.03125
R069_C115,30,60,19.237499237060547
R069_C116,30,60,18.168750762939453
R069_C117,30,60,19.237499237060547
R069_C118,30,60,19.237499237060547
R069_C119,30,60,18.168750762939453
R069_C120,30,60,18.168750762939453
R069_C121,30,60,18.168750762939453
R070_C081,30,60,19.237499237060547
R070_C082,30,60,18.168750762939453
R070_C083,30,60,16.03125
R070_C084,30,60,16.03125
R070_C085,30,60,19.237499237060547
R070_C086,30,60,18.168750762939453
R070_C087,30,60,18.168750762939453
R070_C088,30,60,18.168750762939453
R070_C089,30,60,18.168750762939453
R070_C090,30,60,18.168750762939453
R070_C091,30,60,16.03125
R070_C092,30,60,16.03125
R070_C093,30,60,16.03125
R070_C094,30,60,18.168750762939453
R070_C095,30,60,18.168750762939453
R070_C096,30,60,16.03125
R070_C097,30,60,16.03125
R070_C098,30,60,16.03125
R070_C099,30,60,16.03125
R070_C100,30,60,16.03125
R070_C101,30,60,6.412499904632568
R070_C102,30,60,6.412499904632568
R070_C103,30,60,6.412499904632568
R070_C104,30,60,16.03125
R070_C105,30,60,16.03125
R070_C106,30,60,16.03125
R070_C107,30,60,16.03125
R070_C108,30,60,16.03125
R070_C109,30,60,16.03125
R070_C110,30,60,19.237499237060547
R070_C111,30,60,16.03125
R070_C112,30,60,16.03125
R070_C113,30,60,19.237499237060547
R070_C114,30,60,19.237499237060547
R070_C115,30,60,19.237499237060547
R070_C116,30,60,18.168750762939453
R070_C117,30,60,19.237499237060547
R070_C118,30,60,16.03125
R070_C119,30,60,16.03125
R070_C120,30,60,16.03125
R070_C121,30,60,16.03125
R070_C122,30,60,16.03125
R071_C080,30,60,16.03125
R071_C081,30,60,16.03125
R071_C082,30,60,18.168750762939453
R071_C083,30,60,18.168750762939453
R071_C084,30,60,16.03125
R071_C085,30,60,19.237499237060547
R071_C086,30,60,18.168750762939453
R071_C087,30,60,18.168750762939453
R071_C088,30,60,18.168750762939453
R071_C089,30,60,18.168750762939453
R071_C090,30,60,18.168750762939453
R071_C091,30,60,16.03125
R071_C092,30,60,16.03125
R071_C093,30,60,18.168750762939453
R071_C094,30,60,18.168750762939453
R071_C095,30,60,16.03125
R071_C096,30,60,16.03125
R071_C097,30,60,16.03125
R071_C098,30,60,16.03125
R071_C099,30,60,16.03125
R071_C100,30,60,6.412499904632568
R071_C101,30,60,6.412499904632568
R071_C102,30,60,6.412499904632568
R071_C103,30,60,6.412499904632568
R071_C104,30,60,6.412499904632568
R071_C105,30,60,16.03125
R071_C106,30,60,16.03125
R071_C107,30,60,16.03125
R071_C108,30,60,16.03125
R071_C109,30,60,19.237499237060547
R071_C110,30,60,19.237499237060547
R071_C111,30,60,16.03125
R071_C112,30,60,16.03125
R071_C113,30,60,19.237499237060547
R071_C114,30,60,16.03125
R071_C115,30,60,16.03125
R071_C116,30,60,18.168750762939453
R071_C117,30,60,19.237499237060547
R071_C118,30,60,18.168750762939453
R071_C119,30,60,18.168750762939453
R071_C120,30,60,18.168750762939453
R071_C121,30,60,18.168750762939453
R071_C122,30,60,18.168750762939453
R071_C123,30,60,18.168750762939453
R072_C078,30,60,16.03125
R072_C079,30,60,16.03125
R072_C080,30,60,19.237499237060547
R072_C081,30,60,19.237499237060547
R072_C082,30,60,16.03125
R072_C083,30,60,18.168750762939453
R072_C084,30,60,18.168750762939453
R072_C085,30,60,18.168750762939453
R072_C086,30,60,16.03125
R072_C087,30,60,18.168750762939453
R072_C088,30,60,19.237499237060547
R072_C089,30,60,19.237499237060547
R072_C090,30,60,16.03125
R072_C091,30,60,16.03125
R072_C092,30,60,18.168750762939453
R072_C093,30,60,18.168750762939453
R072_C094,30,60,16.03125
R072_C095,30,60,16.03125
R072_C096,30,60,16.03125
R072_C097,30,60,16.03125
R072_C098,30,60,16.03125
R072_C099,30,60,6.412499904632568
R072_C100,30,60,6.412499904632568
R072_C101,30,60,6.412499904632568
R072_C102,30,60,6.412499904632568
R072_C103,30,60,6.412499904632568
R072_C104,30,60,6.412499904632568
R072_C105,30,60,16.03125
R072_C106,30,60,16.03125
R072_C107,30,60,19.237499237060547
R072_C108,30,60,16.03125
R072_C109,30,60,18.168750762939453
R072_C110,30,60,19.237499237060547
R072_C111,30,60,16.03125
R072_C112,30,60,18.168750762939453
R072_C113,30,60,18.168750762939453
R072_C114,30,60,18.168750762939453
R072_C115,30,60,18.168750762939453
R072_C116,30,60,18.168750762939453
R072_C117,30,60,18.168750762939453
R072_C118,30,60,19.237499237060547
R072_C119,30,60,16.03125
R072_C120,30,60,16.03125
R072_C121,30,60,16.03125
R072_C122,30,60,18.168750762939453
R072_C123,30,60,19.237499237060547
R072_C124,30,60,19.237499237060547
R073_C077,30,60,16.03125
R073_C078,30,60,16.03125
R073_C079,30,60,16.03125
R073_C080,30,60,16.03125
R073_C081,30,60,19.237499237060547
R073_C082,30,60,18.168750762939453
R073_C083,30,60,18.168750762939453
R073_C084,30,60,18.168750762939453
R073_C085,30,60,16.03125
R073_C086,30,60,16.03125
R073_C087,30,60,18.168750762939453
R073_C088,30,60,18.168750762939453
R073_C089,30,60,16.03125
R073_C090,30,60,16.03125
R073_C091,30,60,18.168750762939453
R073_C092,30,60,18.168750762939453
R073_C093,30,60,16.03125
R073_C094,30,60,16.03125
R073_C095,30,60,16.03125
R073_C096,30,60,16.03125
R073_C097,30,60,6.412499904632568
R073_C098,30,60,6.412499904632568
R073_C099,30,60,6.412499904632568
R073_C100,30,60,6.412499904632568
R073_C101,30,60,6.412499904632568
R073_C102,30,60,6.412499904632568
R073_C103,30,60,6.412499904632568
R073_C104,30,60,6.412499904632568
R073_C105,30,60,6.412499904632568
R073_C106,30,60,18.168750762939453
R073_C107,30,60,18.168750762939453
R073_C108,30,60,18.168750762939453
R073_C109,30,60,19.237499237060547
R073_C110,30,60,18.168750762939453
R073_C111,30,60,18.168750762939453
R073_C112,30,60,19.237499237060547
R073_C113,30,60,19.237499237060547
R073_C114,30,60,16.03125
R073_C115,30,60,19.237499237060547
R073_C116,30,60,16.03125
R073_C117,30,60,18.168750762939453
R073_C118,30,60,16.03125
R073_C119,30,60,16.03125
R073_C120,30,60,18.168750762939453
R073_C121,30,60,19.237499237060547
R073_C122,30,60,18.168750762939453
R073_C123,30,60,16.03125
R073_C124,30,60,19.237499237060547
R073_C125,30,60,18.168750762939453
R074_C076,30,60,16.03125
R074_C077,30,60,16.03125
R074_C078,30,60,16.03125
R074_C079,30,60,16.03125
R074_C080,30,60,18.168750762939453
R074_C081,30,60,18.168750762939453
R074_C082,30,60,18.168750762939453
R074_C083,30,60,19.237499237060547
R074_C084,30,60,18.168750762939453
R074_C085,30,60,18.168750762939453
R074_C086,30,60,19.237499237060547
R074_C087,30,60,16.03125
R074_C088,30,60,16.03125
R074_C089,30,60,16.03125
R074_C090,30,60,16.03125
R074_C091,30,60,18.168750762939453
R074_C092,30,60,16.03125
R074_C093,30,60,16.03125
R074_C094,30,60,16.03125
R074_C095,30,60,16.03125
R074_C096,30,60,6.412499904632568
R074_C097,30,60,6.412499904632568
R074_C098,30,60,6.412499904632568
R074_C099,30,60,16.03125
R074_C100,30,60,6.412499904632568
R074_C101,30,60,6.412499904632568
R074_C102,30,60,6.412499904632568
R074_C103,30,60,6.412499904632568
R074_C104,30,60,6.412499904632568
R074_C105,30,60,6.412499904632568
R074_C106,30,60,18.168750762939453
R074_C107,30,60,16.03125
R074_C108,30,60,18.168750762939453
R074_C109,30,60,19.237499237060547
R074_C110,30,60,16.03125
R074_C111,30,60,16.03125
R074_C112,30,60,16.03125
R074_C113,30,60,19.237499237060547
R074_C114,30,60,19.237499237060547
R074_C115,30,60,16.03125
R074_C116,30,60,19.237499237060547
R074_C117,30,60,18.168750762939453
R074_C118,30,60,19.237499237060547
R074_C119,30,60,16.03125
R074_C120,30,60,19.237499237060547
R074_C121,30,60,18.168750762939453
R074_C122,30,60,18.168750762939453
R074_C123,30,60,18.168750762939453
R074_C124,30,60,18.168750762939453
R074_C125,30,60,18.168750762939453
R074_C126,30,60,18.168750762939453
R075_C074,30,60,18.168750762939453
R075_C075,30,60,18.168750762939453
R075_C076,30,60,16.03125
R075_C077,30,60,16.03125
R075_C078,30,60,18.168750762939453
R075_C079,30,60,18.168750762939453
R075_C080,30,60,18.168750762939453
R075_C081,30,60,16.03125
R075_C082,30,60,19.237499237060547
R075_C083,30,60,19.237499237060547
R075_C084,30,60,18.168750762939453
R075_C085,30,60,19.237499237060547
R075_C086,30,60,18.168750762939453
R075_C087,30,60,18.168750762939453
R075_C088,30,60,16.03125
R075_C089,30,60,16.03125
R075_C090,30,60,18.168750762939453
R075_C091,30,60,18.168750762939453
R075_C092,30,60,16.03125
R075_C093,30,60,16.03125
R075_C094,30,60,16.03125
R075_C095,30,60,16.03125
R075_C096,30,60,6.412499904632568
R075_C097,30,60,16.03125
R075_C098,30,60,6.412499904632568
R075_C099,30,60,6.412499904632568
R075_C100,30,60,6.412499904632568
R075_C101,30,60,6.412499904632568
R075_C102,30,60,6.412499904632568
R075_C103,30,60,6.412499904632568
R075_C104,30,60,6.412499904632568
R075_C105,30,60,6.412499904632568
R075_C106,30,60,18.168750762939453
R075_C107,30,60,16.03125
R075_C108,30,60,18.168750762939453
R075_C109,30,60,19.237499237060547
R075_C110,30,60,16.03125
R075_C111,30,60,16.03125
R075_C112,30,60,18.168750762939453
R075_C113,30,60,18.168750762939453
R075_C114,30,60,18.168750762939453
R075_C115,30,60,19.237499237060547
R075_C116,30,60,18.168750762939453
R075_C117,30,60,18.168750762939453
R075_C118,30,60,18.168750762939453
R075_C119,30,60,18.168750762939453
R075_C120,30,60,18.168750762939453
R075_C121,30,60,18.168750762939453
R075_C122,30,60,19.237499237060547
R075_C123,30,60,16.03125
R075_C124,30,60,19.237499237060547
R075_C125,30,60,19.237499237060547
R075_C126,30,60,18.168750762939453
R075_C127,30,60,19.237499237060547
R076_C073,30,60,19.237499237060547
R076_C074,30,60,19.237499237060547
R076_C075,30,60,18.168750762939453
R076_C076,30,60,18.168750762939453
R076_C077,30,60,18.168750762939453
R076_C078,30,60,18.168750762939453
R076_C079,30,60,16.03125
R076_C080,30,60,16.03125
R076_C081,30,60,19.237499237060547
R076_C082,30,60,19.237499237060547
R076_C083,30,60,18.168750762939453
R076_C084,30,60,19.237499237060547
R076_C085,30,60,16.03125
R076_C086,30,60,16.03125
R076_C087,30,60,18.168750762939453
R076_C088,30,60,19.237499237060547
R076_C089,30,60,18.168750762939453
R076_C090,30,60,18.168750762939453
R076_C091,30,60,16.03125
R076_C092,30,60,16.03125
R076_C093,30,60,16.03125
R076_C094,30,60,16.03125
R076_C095,30,60,6.412499904632568
R076_C096,30,60,18.168750762939453
R076_C097,30,60,18.168750762939453
R076_C098,30,60,18.168750762939453
R076_C099,30,60,6.412499904632568
R076_C100,30,60,16.03125
R076_C101,30,60,6.412499904632568
R076_C102,30,60,6.412499904632568
R076_C103,30,60,6.412499904632568
R076_C104,30,60,6.412499904632568
R076_C105,30,60,6.412499904632568
R076_C106,30,60,18.168750762939453
R076_C107,30,60,16.03125
R076_C108,30,60,18.168750762939453
R076_C109,30,60,19.237499237060547
R076_C110,30,60,19.237499237060547
R076_C111,30,60,19.237499237060547
R076_C112,30,60,18.168750762939453
R076_C113,30,60,16.03125
R076_C114,30,60,16.03125
R076_C115,30,60,16.03125
R076_C116,30,60,16.03125
R076_C117,30,60,18.168750762939453
R076_C118,30,60,18.168750762939453
R076_C119,30,60,16.03125
R076_C120,30,60,16.03125
R076_C121,30,60,18.168750762939453
R076_C122,30,60,16.03125
R076_C123,30,60,19.237499237060547
R076_C124,30,60,16.03125
R076_C125,30,60,18.168750762939453
R076_C126,30,60,18.168750762939453
R076_C127,30,60,16.03125
R076_C128,30,60,16.03125
R077_C072,30,60,18.168750762939453
R077_C073,30,60,18.168750762939453
R077_C074,30,60,18.168750762939453
R077_C075,30,60,18.168750762939453
R077_C076,30,60,18.168750762939453
R077_C077,30,60,16.03125
R077_C078,30,60,16.03125
R077_C079,30,60,16.03125
R077_C080,30,60,16.03125
R077_C081,30,60,19.237499237060547
R077_C082,30,60,18.168750762939453
R077_C083,30,60,18.168750762939453
R077_C084,30,60,18.168750762939453
R077_C085,30,60,16.03125
R077_C086,30,60,16.03125
R077_C087,30,60,16.03125
R077_C088,30,60,16.03125
R077_C089,30,60,18.168750762939453
R077_C090,30,60,16.03125
R077_C091,30,60,16.03125
R077_C092,30,60,16.03125
R077_C093,30,60,16.03125
R077_C094,30,60,6.412499904632568
R077_C095,30,60,6.412499904632568
R077_C096,30,60,18.168750762939453
R077_C097,30,60,16.03125
R077_C098,30,60,19.237499237060547
R077_C099,30,60,6.412499904632568
R077_C100,30,60,16.03125
R077_C101,30,60,6.412499904632568
R077_C102,30,60,6.412499904632568
R077_C103,30,60,6.412499904632568
R077_C104,30,60,6.412499904632568
R077_C105,30,60,16.03125
R077_C106,30,60,18.168750762939453
R077_C107,30,60,19.237499237060547
R077_C108,30,60,18.168750762939453
R077_C109,30,60,19.237499237060547
R077_C110,30,60,19.237499237060547
R077_C111,30,60,16.03125
R077_C112,30,60,18.168750762939453
R077_C113,30,60,18.168750762939453
R077_C114,30,60,18.168750762939453
R077_C115,30,60,18.168750762939453
R077_C116,30,60,18.168750762939453
R077_C117,30,60,18.168750762939453
R077_C118,30,60,18.168750762939453
R077_C119,30,60,16.03125
R077_C120,30,60,19.237499237060547
R077_C121,30,60,19.237499237060547
R077_C122,30,60,16.03125
R077_C123,30,60,19.237499237060547
R077_C124,30,60,16.03125
R077_C125,30,60,16.03125
R077_C126,30,60,18.168750762939453
R077_C127,30,60,16.03125
R077_C128,30,60,16.03125
R077_C129,30,60,16.03125
R078_C071,30,60,16.03125
R078_C072,30,60,19.237499237060547
R078_C073,30,60,16.03125
R078_C074,30,60,16.03125
R078_C075,30,60,16.03125
R078_C076,30,60,18.168750762939453
R078_C077,30,60,16.03125
R078_C078,30,60,16.03125
R078_C079,30,60,6.412499904632568
R078_C080,30,60,6.412499904632568
R078_C081,30,60,18.168750762939453
R078_C082,30,60,18.168750762939453
R078_C083,30,60,18.168750762939453
R078_C084,30,60,19.237499237060547
R078_C085,30,60,19.237499237060547
R078_C086,30,60,16.03125
R078_C087,30,60,16.03125
R078_C088,30,60,16.03125
R078_C089,30,60,18.168750762939453
R078_C090,30,60,16.03125
R078_C091,30,60,16.03125
R078_C092,30,60,16.03125
R078_C093,30,60,16.03125
R078_C094,30,60,6.412499904632568
R078_C095,30,60,19.237499237060547
R078_C096,30,60,18.168750762939453
R078_C097,30,60,19.237499237060547
R078_C098,30,60,19.237499237060547
R078_C099,30,60,6.412499904632568
R078_C100,30,60,16.03125
R078_C101,30,60,16.03125
R078_C102,30,60,16.03125
R078_C103,30,60,16.03125
R078_C104,30,60,19.237499237060547
R078_C105,30,60,16.03125
R078_C106,30,60,18.168750762939453
R078_C107,30,60,16.03125
R078_C108,30,60,18.168750762939453
R078_C109,30,60,19.237499237060547
R078_C110,30,60,18.168750762939453
R078_C111,30,60,16.03125
R078_C112,30,60,18.168750762939453
R078_C113,30,60,18.168750762939453
R078_C114,30,60,18.168750762939453
R078_C115,30,60,18.168750762939453
R078_C116,30,60,18.168750762939453
R078_C117,30,60,19.237499237060547
R078_C118,30,60,18.168750762939453
R078_C119,30,60,19.237499237060547
R078_C120,30,60,16.03125
R078_C121,30,60,18.168750762939453
R078_C122,30,60,19.237499237060547
R078_C123,30,60,16.03125
R078_C124,30,60,18.168750762939453
R078_C125,30,60,16.03125
R078_C126,30,60,18.168750762939453
R078_C127,30,60,18.168750762939453
R078_C128,30,60,16.03125
R078_C129,30,60,16.03125
R078_C130,30,60,16.03125
R079_C069,30,60,18.168750762939453
R079_C070,30,60,18.168750762939453
R079_C071,30,60,18.168750762939453
R079_C072,30,60,18.168750762939453
R079_C073,30,60,18.168750762939453
R079_C074,30,60,18.168750762939453
R079_C075,30,60,18.168750762939453
R079_C076,30,60,18.168750762939453
R079_C077,30,60,18.168750762939453
R079_C078,30,60,6.412499904632568
R079_C079,30,60,6.412499904632568
R079_C080,30,60,18.168750762939453
R079_C081,30,60,18.168750762939453
R079_C082,30,60,16.03125
R079_C083,30,60,19.237499237060547
R079_C084,30,60,19.237499237060547
R079_C085,30,60,16.03125
R079_C086,30,60,19.237499237060547
R079_C087,30,60,16.03125
R079_C088,30,60,16.03125
R079_C089,30,60,16.03125
R079_C090,30,60,16.03125
R079_C091,30,60,16.03125
R079_C092,30,60,16.03125
R079_C093,30,60,6.412499904632568
R079_C094,30,60,18.168750762939453
R079_C095,30,60,18.168750762939453
R079_C096,30,60,18.168750762939453
R079_C097,30,60,18.168750762939453
R079_C098,30,60,18.168750762939453
R079_C099,30,60,6.412499904632568
R079_C100,30,60,6.412499904632568
R079_C101,30,60,16.03125
R079_C102,30,60,16.03125
R079_C103,30,60,16.03125
R079_C104,30,60,19.237499237060547
R079_C105,30,60,16.03125
R079_C106,30,60,18.168750762939453
R079_C107,30,60,19.237499237060547
R079_C108,30,60,18.168750762939453
R079_C109,30,60,19.237499237060547
R079_C110,30,60,18.168750762939453
R079_C111,30,60,18.168750762939453
R079_C112,30,60,18.168750762939453
R079_C113,30,60,16.03125
R079_C114,30,60,16.03125
R079_C115,30,60,16.03125
R079_C116,30,60,19.237499237060547
R079_C117,30,60,19.237499237060547
R079_C118,30,60,18.168750762939453
R079_C119,30,60,18.168750762939453
R079_C120,30,60,18.168750762939453
R079_C121,30,60,18.168750762939453
R079_C122,30,60,18.168750762939453
R079_C123,30,60,18.168750762939453
R079_C124,30,60,18.168750762939453
R079_C125,30,60,19.237499237060547
R079_C126,30,60,18.168750762939453
R079_C127,30,60,18.168750762939453
R079_C128,30,60,16.03125
R079_C129,30,60,16.03125
R079_C130,30,60,16.03125
R079_C131,30,60,16.03125
R079_C132,30,60,16.03125
R080_C068,30,60,18.168750762939453
R080_C069,30,60,18.168750762939453
R080_C070,30,60,16.03125
R080_C071,30,60,19.237499237060547
R080_C072,30,60,19.237499237060547
R080_C073,30,60,16.03125
R080_C074,30,60,16.03125
R080_C075,30,60,16.03125
R080_C076,30,60,18.168750762939453
R080_C077,30,60,18.168750762939453
R080_C078,30,60,16.03125
R080_C079,30,60,18.168750762939453
R080_C080,30,60,18.168750762939453
R080_C081,30,60,18.168750762939453
R080_C082,30,60,16.03125
R080_C083,30,60,18.168750762939453
R080_C084,30,60,18.168750762939453
R080_C085,30,60,16.03125
R080_C086,30,60,19.237499237060547
R080_C087,30,60,16.03125
R080_C088,30,60,16.03125
R080_C089,30,60,16.03125
R080_C090,30,60,16.03125
R080_C091,30,60,16.03125
R080_C092,30,60,16.03125
R080_C093,30,60,6.412499904632568
R080_C094,30,60,19.237499237060547
R080_C095,30,60,18.168750762939453
R080_C096,30,60,18.168750762939453
R080_C097,30,60,18.168750762939453
R080_C098,30,60,18.168750762939453
R080_C099,30,60,6.412499904632568
R080_C100,30,60,19.237499237060547
R080_C101,30,60,19.237499237060547
R080_C102,30,60,16.03125
R080_C103,30,60,16.03125
R080_C104,30,60,16.03125
R080_C105,30,60,16.03125
R080_C106,30,60,18.168750762939453
R080_C107,30,60,18.168750762939453
R080_C108,30,60,18.168750762939453
R080_C109,30,60,18.168750762939453
R080_C110,30,60,18.168750762939453
R080_C111,30,60,18.168750762939453
R080_C112,30,60,19.237499237060547
R080_C113,30,60,16.03125
R080_C114,30,60,19.237499237060547
R080_C115,30,60,16.03125
R080_C116,30,60,16.03125
R080_C117,30,60,18.168750762939453
R080_C118,30,60,19.237499237060547
R080_C119,30,60,18.168750762939453
R080_C120,30,60,18.168750762939453
R080_C121,30,60,16.03125
R080_C122,30,60,18.168750762939453
R080_C123,30,60,19.237499237060547
R080_C124,30,60,16.03125
R080_C125,30,60,16.03125
R080_C126,30,60,16.03125
R080_C127,30,60,18.168750762939453
R080_C128,30,60,16.03125
R080_C129,30,60,16.03125
R080_C130,30,60,16.03125
R080_C131,30,60,16.03125
R080_C132,30,60,16.03125
R080_C133,30,60,16.03125
R081_C067,30,60,18.168750762939453
R081_C068,30,60,18.168750762939453
R081_C069,30,60,6.412499904632568
R081_C070,30,60,19.237499237060547
R081_C071,30,60,16.03125
R081_C072,30,60,16.03125
R081_C073,30,60,19.237499237060547
R081_C074,30,60,16.03125
R081_C075,30,60,18.168750762939453
R081_C076,30,60,18.168750762939453
R081_C077,30,60,18.168750762939453
R081_C078,30,60,18.168750762939453
R081_C079,30,60,18.168750762939453
R081_C080,30,60,18.168750762939453
R081_C081,30,60,18.168750762939453
R081_C082,30,60,16.03125
R081_C083,30,60,19.237499237060547
R081_C084,30,60,18.168750762939453
R081_C085,30,60,16.03125
R081_C086,30,60,16.03125
R081_C087,30,60,16.03125
R081_C088,30,60,16.03125
R081_C089,30,60,16.03125
R081_C090,30,60,16.03125
R081_C091,30,60,16.03125
R081_C092,30,60,16.03125
R081_C093,30,60,6.412499904632568
R081_C094,30,60,16.03125
R081_C095,30,60,16.03125
R081_C096,30,60,18.168750762939453
R081_C097,30,60,18.168750762939453
R081_C098,30,60,16.03125
R081_C099,30,60,18.168750762939453
R081_C100,30,60,19.237499237060547
R081_C101,30,60,19.237499237060547
R081_C102,30,60,19.237499237060547
R081_C103,30,60,19.237499237060547
R081_C104,30,60,19.237499237060547
R081_C105,30,60,19.237499237060547
R081_C106,30,60,18.168750762939453
R081_C107,30,60,19.237499237060547
R081_C108,30,60,18.168750762939453
R081_C109,30,60,18.168750762939453
R081_C110,30,60,19.237499237060547
R081_C111,30,60,18.168750762939453
R081_C112,30,60,16.03125
R081_C113,30,60,18.168750762939453
R081_C114,30,60,18.168750762939453
R081_C115,30,60,18.168750762939453
R081_C116,30,60,18.168750762939453
R081_C117,30,60,18.168750762939453
R081_C118,30,60,16.03125
R081_C119,30,60,18.168750762939453
R081_C120,30,60,18.168750762939453
R081_C121,30,60,19.237499237060547
R081_C122,30,60,18.168750762939453
R081_C123,30,60,19.237499237060547
R081_C124,30,60,18.168750762939453
R081_C125,30,60,18.168750762939453
R081_C126,30,60,18.168750762939453
R081_C127,30,60,18.168750762939453
R081_C128,30,60,16.03125
R081_C129,30,60,16.03125
R081_C130,30,60,16.03125
R081_C131,30,60,16.03125
R081_C132,30,60,16.03125
R081_C133,30,60,16.03125
R081_C134,30,60,16.03125
R082_C068,30,60,18.168750762939453
R082_C069,30,60,18.168750762939453
R082_C070,30,60,18.168750762939453
R082_C071,30,60,18.168750762939453
R082_C072,30,60,18.168750762939453
R082_C073,30,60,18.168750762939453
R082_C074,30,60,18.168750762939453
R082_C075,30,60,18.168750762939453
R082_C076,30,60,18.168750762939453
R082_C077,30,60,18.168750762939453
R082_C078,30,60,18.168750762939453
R082_C079,30,60,18.168750762939453
R082_C080,30,60,16.03125
R082_C081,30,60,19.237499237060547
R082_C082,30,60,18.168750762939453
R082_C083,30,60,18.168750762939453
R082_C084,30,60,18.168750762939453
R082_C085,30,60,18.168750762939453
R082_C086,30,60,18.168750762939453
R082_C087,30,60,16.03125
R082_C088,30,60,16.03125
R082_C089,30,60,16.03125
R082_C090,30,60,16.03125
R082_C091,30,60,16.03125
R082_C092,30,60,6.412499904632568
R082_C093,30,60,18.168750762939453
R082_C094,30,60,19.237499237060547
R082_C095,30,60,18.168750762939453
R082_C096,30,60,18.168750762939453
R082_C097,30,60,18.168750762939453
R082_C098,30,60,16.03125
R082_C099,30,60,6.412499904632568
R082_C100,30,60,19.237499237060547
R082_C101,30,60,19.237499237060547
R082_C102,30,60,19.237499237060547
R082_C103,30,60,19.237499237060547
R082_C104,30,60,19.237499237060547
R082_C105,30,60,19.237499237060547
R082_C106,30,60,19.237499237060547
R082_C107,30,60,19.237499237060547
R082_C108,30,60,19.237499237060547
R082_C109,30,60,18.168750762939453
R082_C110,30,60,19.237499237060547
R082_C111,30,60,18.168750762939453
R082_C112,30,60,19.237499237060547
R082_C113,30,60,18.168750762939453
R082_C114,30,60,18.168750762939453
R082_C115,30,60,16.03125
R082_C116,30,60,16.03125
R082_C117,30,60,18.168750762939453
R082_C118,30,60,19.237499237060547
R082_C119,30,60,18.168750762939453
R082_C120,30,60,19.237499237060547
R082_C121,30,60,18.168750762939453
R082_C122,30,60,19.237499237060547
R082_C123,30,60,18.168750762939453
R082_C124,30,60,6.412499904632568
R082_C125,30,60,18.168750762939453
R082_C126,30,60,16.03125
R082_C127,30,60,18.168750762939453
R082_C128,30,60,19.237499237060547
R082_C129,30,60,16.03125
R082_C130,30,60,16.03125
R082_C131,30,60,16.03125
R082_C132,30,60,16.03125
R082_C133,30,60,16.03125
R082_C134,30,60,16.03125
R082_C135,30,60,16.03125
R083_C068,30,60,19.237499237060547
R083_C069,30,60,16.03125
R083_C070,30,60,19.237499237060547
R083_C071,30,60,16.03125
R083_C072,30,60,19.237499237060547
R083_C073,30,60,18.168750762939453
R083_C074,30,60,18.168750762939453
R083_C075,30,60,19.237499237060547
R083_C076,30,60,16.03125
R083_C077,30,60,19.237499237060547
R083_C078,30,60,18.168750762939453
R083_C079,30,60,18.168750762939453
R083_C080,30,60,18.168750762939453
R083_C081,30,60,18.168750762939453
R083_C082,30,60,19.237499237060547
R083_C083,30,60,18.168750762939453
R083_C084,30,60,18.168750762939453
R083_C085,30,60,18.168750762939453
R083_C086,30,60,16.03125
R083_C087,30,60,16.03125
R083_C088,30,60,16.03125
R083_C089,30,60,16.03125
R083_C090,30,60,16.03125
R083_C091,30,60,16.03125
R083_C092,30,60,6.412499904632568
R083_C093,30,60,18.168750762939453
R083_C094,30,60,19.237499237060547
R083_C095,30,60,18.168750762939453
R083_C096,30,60,18.168750762939453
R083_C097,30,60,18.168750762939453
R083_C098,30,60,16.03125
R083_C099,30,60,6.412499904632568
R083_C100,30,60,19.237499237060547
R083_C101,30,60,18.168750762939453
R083_C102,30,60,19.237499237060547
R083_C103,30,60,16.03125
R083_C104,30,60,16.03125
R083_C105,30,60,16.03125
R083_C106,30,60,18.168750762939453
R083_C107,30,60,19.237499237060547
R083_C108,30,60,18.168750762939453
R083_C109,30,60,18.168750762939453
R083_C110,30,60,19.237499237060547
R083_C111,30,60,18.168750762939453
R083_C112,30,60,16.03125
R083_C113,30,60,18.168750762939453
R083_C114,30,60,19.237499237060547
R083_C115,30,60,18.168750762939453
R083_C116,30,60,18.168750762939453
R083_C117,30,60,18.168750762939453
R083_C118,30,60,19.237499237060547
R083_C119,30,60,18.168750762939453
R083_C120,30,60,19.237499237060547
R083_C121,30,60,18.168750762939453
R083_C122,30,60,16.03125
R083_C123,30,60,18.168750762939453
R083_C124,30,60,6.412499904632568
R083_C125,30,60,18.168750762939453
R083_C126,30,60,19.237499237060547
R083_C127,30,60,18.168750762939453
R083_C128,30,60,18.168750762939453
R083_C129,30,60,16.03125
R083_C130,30,60,16.03125
R083_C131,30,60,16.03125
R083_C132,30,60,16.03125
R083_C133,30,60,16.03125
R083_C134,30,60,16.03125
R083_C135,30,60,19.237499237060547
R083_C136,30,60,18.168750762939453
R084_C068,30,60,19.237499237060547
R084_C069,30,60,16.03125
R084_C070,30,60,19.237499237060547
R084_C071,30,60,19.237499237060547
R084_C072,30,60,19.237499237060547
R084_C073,30,60,18.168750762939453
R084_C074,30,60,19.237499237060547
R084_C075,30,60,19.237499237060547
R084_C076,30,60,16.03125
R084_C077,30,60,19.237499237060547
R084_C078,30,60,19.237499237060547
R084_C079,30,60,18.168750762939453
R084_C080,30,60,18.168750762939453
R084_C081,30,60,18.168750762939453
R084_C082,30,60,19.237499237060547
R084_C083,30,60,19.237499237060547
R084_C084,30,60,18.168750762939453
R084_C085,30,60,16.03125
R084_C086,30,60,16.03125
R084_C087,30,60,16.03125
R084_C088,30,60,16.03125
R084_C089,30,60,16.03125
R084_C090,30,60,16.03125
R084_C091,30,60,16.03125
R084_C092,30,60,6.412499904632568
R084_C093,30,60,6.412499904632568
R084_C094,30,60,16.03125
R084_C095,30,60,16.03125
R084_C096,30,60,18.168750762939453
R084_C097,30,60,16.03125
R084_C098,30,60,16.03125
R084_C099,30,60,18.168750762939453
R084_C100,30,60,18.168750762939453
R084_C101,30,60,18.168750762939453
R084_C102,30,60,18.168750762939453
R084_C103,30,60,18.168750762939453
R084_C104,30,60,18.168750762939453
R084_C105,30,60,18.168750762939453
R084_C106,30,60,18.168750762939453
R084_C107,30,60,18.168750762939453
R084_C108,30,60,18.168750762939453
R084_C109,30,60,18.168750762939453
R084_C110,30,60,18.168750762939453
R084_C111,30,60,18.168750762939453
R084_C112,30,60,18.168750762939453
R084_C113,30,60,18.168750762939453
R084_C114,30,60,18.168750762939453
R084_C115,30,60,18.168750762939453
R084_C116,30,60,18.168750762939453
R084_C117,30,60,18.168750762939453
R084_C118,30,60,19.237499237060547
R084_C119,30,60,19.237499237060547
R084_C120,30,60,18.168750762939453
R084_C121,30,60,19.237499237060547
R084_C122,30,60,18.168750762939453
R084_C123,30,60,18.168750762939453
R084_C124,30,60,6.412499904632568
R084_C125,30,60,18.168750762939453
R084_C126,30,60,19.237499237060547
R084_C127,30,60,18.168750762939453
R084_C128,30,60,18.168750762939453
R084_C129,30,60,19.237499237060547
R084_C130,30,60,16.03125
R084_C131,30,60,16.03125
R084_C132,30,60,16.03125
R084_C133,30,60,16.03125
R084_C134,30,60,16.03125
R084_C135,30,60,19.237499237060547
R084_C136,30,60,18.168750762939453
R084_C137,30,60,16.03125
R085_C068,30,60,19.237499237060547
R085_C069,30,60,18.168750762939453
R085_C070,30,60,18.168750762939453
R085_C071,30,60,18.168750762939453
R085_C072,30,60,18.168750762939453
R085_C073,30,60,18.168750762939453
R085_C074,30,60,16.03125
R085_C075,30,60,16.03125
R085_C076,30,60,16.03125
R085_C077,30,60,19.237499237060547
R085_C078,30,60,19.237499237060547
R085_C079,30,60,18.168750762939453
R085_C080,30,60,19.237499237060547
R085_C081,30,60,18.168750762939453
R085_C082,30,60,18.168750762939453
R085_C083,30,60,18.168750762939453
R085_C084,30,60,18.168750762939453
R085_C085,30,60,18.168750762939453
R085_C086,30,60,18.168750762939453
R085_C087,30,60,18.168750762939453
R085_C088,30,60,18.168750762939453
R085_C089,30,60,18.168750762939453
R085_C090,30,60,18.168750762939453
R085_C091,30,60,18.168750762939453
R085_C092,30,60,18.168750762939453
R085_C093,30,60,18.168750762939453
R085_C094,30,60,18.168750762939453
R085_C095,30,60,18.168750762939453
R085_C096,30,60,18.168750762939453
R085_C097,30,60,18.168750762939453
R085_C098,30,60,18.168750762939453
R085_C099,30,60,18.168750762939453
R085_C100,30,60,19.237499237060547
R085_C101,30,60,19.237499237060547
R085_C102,30,60,16.03125
R085_C103,30,60,19.237499237060547
R085_C104,30,60,16.03125
R085_C105,30,60,16.03125
R085_C106,30,60,18.168750762939453
R085_C107,30,60,19.237499237060547
R085_C108,30,60,16.03125
R085_C109,30,60,16.03125
R085_C110,30,60,18.168750762939453
R085_C111,30,60,16.03125
R085_C112,30,60,16.03125
R085_C113,30,60,16.03125
R085_C114,30,60,18.168750762939453
R085_C115,30,60,16.03125
R085_C116,30,60,18.168750762939453
R085_C117,30,60,18.168750762939453
R085_C118,30,60,19.237499237060547
R085_C119,30,60,19.237499237060547
R085_C120,30,60,18.168750762939453
R085_C121,30,60,16.03125
R085_C122,30,60,19.237499237060547
R085_C123,30,60,18.168750762939453
R085_C124,30,60,18.168750762939453
R085_C125,30,60,18.168750762939453
R085_C126,30,60,18.168750762939453
R085_C127,30,60,18.168750762939453
R085_C128,30,60,18.168750762939453
R085_C129,30,60,19.237499237060547
R085_C130,30,60,16.03125
R085_C131,30,60,16.03125
R085_C132,30,60,16.03125
R085_C133,30,60,16.03125
R085_C134,30,60,16.03125
R085_C135,30,60,19.237499237060547
R085_C136,30,60,19.237499237060547
R085_C137,30,60,16.03125
R086_C068,30,60,19.237499237060547
R086_C069,30,60,19.237499237060547
R086_C070,30,60,19.237499237060547
R086_C071,30,60,18.168750762939453
R086_C072,30,60,18.168750762939453
R086_C073,30,60,18.168750762939453
R086_C074,30,60,16.03125
R086_C075,30,60,18.168750762939453
R086_C076,30,60,18.168750762939453
R086_C077,30,60,18.168750762939453
R086_C078,30,60,18.168750762939453
R086_C079,30,60,19.237499237060547
R086_C080,30,60,19.237499237060547
R086_C081,30,60,19.237499237060547
R086_C082,30,60,16.03125
R086_C083,30,60,16.03125
R086_C084,30,60,16.03125
R086_C085,30,60,18.168750762939453
R086_C086,30,60,19.237499237060547
R086_C087,30,60,16.03125
R086_C088,30,60,16.03125
R086_C089,30,60,16.03125
R086_C090,30,60,16.03125
R086_C091,30,60,16.03125
R086_C092,30,60,16.03125
R086_C093,30,60,18.168750762939453
R086_C094,30,60,19.237499237060547
R086_C095,30,60,18.168750762939453
R086_C096,30,60,19.237499237060547
R086_C097,30,60,19.237499237060547
R086_C098,30,60,18.168750762939453
R086_C099,30,60,16.03125
R086_C100,30,60,19.237499237060547
R086_C101,30,60,19.237499237060547
R086_C102,30,60,18.168750762939453
R086_C103,30,60,18.168750762939453
R086_C104,30,60,18.168750762939453
R086_C105,30,60,18.168750762939453
R086_C106,30,60,18.168750762939453
R086_C107,30,60,18.168750762939453
R086_C108,30,60,18.168750762939453
R086_C109,30,60,18.168750762939453
R086_C110,30,60,18.168750762939453
R086_C111,30,60,18.168750762939453
R086_C112,30,60,18.168750762939453
R086_C113,30,60,18.168750762939453
R086_C114,30,60,19.237499237060547
R086_C115,30,60,16.03125
R086_C116,30,60,19.237499237060547
R086_C117,30,60,19.237499237060547
R086_C118,30,60,18.168750762939453
R086_C119,30,60,18.168750762939453
R086_C120,30,60,18.168750762939453
R086_C121,30,60,19.237499237060547
R086_C122,30,60,18.168750762939453
R086_C123,30,60,19.237499237060547
R086_C124,30,60,18.168750762939453
R086_C125,30,60,16.03125
R086_C126,30,60,19.237499237060547
R086_C127,30,60,18.168750762939453
R086_C128,30,60,18.168750762939453
R086_C129,30,60,16.03125
R086_C130,30,60,19.237499237060547
R086_C131,30,60,19.237499237060547
R086_C132,30,60,19.237499237060547
R086_C133,30,60,16.03125
R086_C134,30,60,16.03125
R086_C135,30,60,18.168750762939453
R086_C136,30,60,18.168750762939453
R086_C137,30,60,18.168750762939453
R087_C068,30,60,16.03125
R087_C069,30,60,18.168750762939453
R087_C070,30,60,18.168750762939453
R087_C071,30,60,18.168750762939453
R087_C072,30,60,18.168750762939453
R087_C073,30,60,19.237499237060547
R087_C074,30,60,19.237499237060547
R087_C075,30,60,18.168750762939453
R087_C076,30,60,16.03125
R087_C077,30,60,16.03125
R087_C078,30,60,16.03125
R087_C079,30,60,19.237499237060547
R087_C080,30,60,16.03125
R087_C081,30,60,16.03125
R087_C082,30,60,16.03125
R087_C083,30,60,16.03125
R087_C084,30,60,16.03125
R087_C085,30,60,18.168750762939453
R087_C086,30,60,16.03125
R087_C087,30,60,16.03125
R087_C088,30,60,19.237499237060547
R087_C089,30,60,16.03125
R087_C090,30,60,16.03125
R087_C091,30,60,16.03125
R087_C092,30,60,16.03125
R087_C093,30,60,16.03125
R087_C094,30,60,16.03125
R087_C095,30,60,16.03125
R087_C096,30,60,18.168750762939453
R087_C097,30,60,18.168750762939453
R087_C098,30,60,18.168750762939453
R087_C099,30,60,16.03125
R087_C100,30,60,16.03125
R087_C101,30,60,19.237499237060547
R087_C102,30,60,16.03125
R087_C103,30,60,18.168750762939453
R087_C104,30,60,18.168750762939453
R087_C105,30,60,18.168750762939453
R087_C106,30,60,18.168750762939453
R087_C107,30,60,18.168750762939453
R087_C108,30,60,18.168750762939453
R087_C109,30,60,16.03125
R087_C110,30,60,18.168750762939453
R087_C111,30,60,16.03125
R087_C112,30,60,18.168750762939453
R087_C113,30,60,19.237499237060547
R087_C114,30,60,18.168750762939453
R087_C115,30,60,18.168750762939453
R087_C116,30,60,18.168750762939453
R087_C117,30,60,19.237499237060547
R087_C118,30,60,19.237499237060547
R087_C119,30,60,18.168750762939453
R087_C120,30,60,18.168750762939453
R087_C121,30,60,18.168750762939453
R087_C122,30,60,18.168750762939453
R087_C123,30,60,16.03125
R087_C124,30,60,18.168750762939453
R087_C125,30,60,18.168750762939453
R087_C126,30,60,19.237499237060547
R087_C127,30,60,19.237499237060547
R087_C128,30,60,18.168750762939453
R087_C129,30,60,18.168750762939453
R087_C130,30,60,18.168750762939453
R087_C131,30,60,18.168750762939453
R087_C132,30,60,18.168750762939453
R087_C133,30,60,18.168750762939453
R087_C134,30,60,18.168750762939453
R087_C135,30,60,19.237499237060547
R087_C136,30,60,16.03125
R087_C137,30,60,18.168750762939453
R088_C068,30,60,18.168750762939453
R088_C069,30,60,18.168750762939453
R088_C070,30,60,16.03125
R088_C071,30,60,18.168750762939453
R088_C072,30,60,19.237499237060547
R088_C073,30,60,18.168750762939453
R088_C074,30,60,19.237499237060547
R088_C075,30,60,18.168750762939453
R088_C076,30,60,16.03125
R088_C077,30,60,16.03125
R088_C078,30,60,16.03125
R088_C079,30,60,16.03125
R088_C080,30,60,16.03125
R088_C081,30,60,16.03125
R088_C082,30,60,16.03125
R088_C083,30,60,16.03125
R088_C084,30,60,16.03125
R088_C085,30,60,18.168750762939453
R088_C086,30,60,16.03125
R088_C087,30,60,16.03125
R088_C088,30,60,19.237499237060547
R088_C089,30,60,16.03125
R088_C090,30,60,16.03125
R088_C091,30,60,16.03125
R088_C092,30,60,16.03125
R088_C093,30,60,16.03125
R088_C094,30,60,18.168750762939453
R088_C095,30,60,18.168750762939453
R088_C096,30,60,18.168750762939453
R088_C097,30,60,18.168750762939453
R088_C098,30,60,19.237499237060547
R088_C099,30,60,16.03125
R088_C100,30,60,16.03125
R088_C101,30,60,16.03125
R088_C102,30,60,16.03125
R088_C103,30,60,18.168750762939453
R088_C104,30,60,19.237499237060547
R088_C105,30,60,18.168750762939453
R088_C106,30,60,16.03125
R088_C107,30,60,16.03125
R088_C108,30,60,18.168750762939453
R088_C109,30,60,18.168750762939453
R088_C110,30,60,18.168750762939453
R088_C111,30,60,18.168750762939453
R088_C112,30,60,19.237499237060547
R088_C113,30,60,19.237499237060547
R088_C114,30,60,18.168750762939453
R088_C115,30,60,18.168750762939453
R088_C116,30,60,18.168750762939453
R088_C117,30,60,18.168750762939453
R088_C118,30,60,18.168750762939453
R088_C119,30,60,19.237499237060547
R088_C120,30,60,18.168750762939453
R088_C121,30,60,18.168750762939453
R088_C122,30,60,19.237499237060547
R088_C123,30,60,19.237499237060547
R088_C124,30,60,18.168750762939453
R088_C125,30,60,19.237499237060547
R088_C126,30,60,18.168750762939453
R088_C127,30,60,18.168750762939453
R088_C128,30,60,18.168750762939453
R088_C129,30,60,16.03125
R088_C130,30,60,19.237499237060547
R088_C131,30,60,16.03125
R088_C132,30,60,18.168750762939453
R088_C133,30,60,18.168750762939453
R088_C134,30,60,19.237499237060547
R088_C135,30,60,19.237499237060547
R088_C136,30,60,18.168750762939453
R088_C137,30,60,18.168750762939453
R089_C068,30,60,18.168750762939453
R089_C069,30,60,19.237499237060547
R089_C070,30,60,16.03125
R089_C071,30,60,19.237499237060547
R089_C072,30,60,18.168750762939453
R089_C073,30,60,18.168750762939453
R089_C074,30,60,19.237499237060547
R089_C075,30,60,19.237499237060547
R089_C076,30,60,16.03125
R089_C077,30,60,16.03125
R089_C078,30,60,19.237499237060547
R089_C079,30,60,19.237499237060547
R089_C080,30,60,16.03125
R089_C081,30,60,16.03125
R089_C082,30,60,16.03125
R089_C083,30,60,16.03125
R089_C084,30,60,16.03125
R089_C085,30,60,18.168750762939453
R089_C086,30,60,16.03125
R089_C087,30,60,16.03125
R089_C088,30,60,19.237499237060547
R089_C089,30,60,16.03125
R089_C090,30,60,16.03125
R089_C091,30,60,16.03125
R089_C092,30,60,16.03125
R089_C093,30,60,16.03125
R089_C094,30,60,16.03125
R089_C095,30,60,18.168750762939453
R089_C096,30,60,19.237499237060547
R089_C097,30,60,18.168750762939453
R089_C098,30,60,18.168750762939453
R089_C099,30,60,18.168750762939453
R089_C100,30,60,16.03125
R089_C101,30,60,16.03125
R089_C102,30,60,16.03125
R089_C103,30,60,16.03125
R089_C104,30,60,18.168750762939453
R089_C105,30,60,18.168750762939453
R089_C106,30,60,18.168750762939453
R089_C107,30,60,18.168750762939453
R089_C108,30,60,18.168750762939453
R089_C109,30,60,19.237499237060547
R089_C110,30,60,18.168750762939453
R089_C111,30,60,18.168750762939453
R089_C112,30,60,18.168750762939453
R089_C113,30,60,18.168750762939453
R089_C114,30,60,19.237499237060547
R089_C115,30,60,16.03125
R089_C116,30,60,19.237499237060547
R089_C117,30,60,16.03125
R089_C118,30,60,18.168750762939453
R089_C119,30,60,19.237499237060547
R089_C120,30,60,19.237499237060547
R089_C121,30,60,18.168750762939453
R089_C122,30,60,16.03125
R089_C123,30,60,18.168750762939453
R089_C124,30,60,18.168750762939453
R089_C125,30,60,18.168750762939453
R089_C126,30,60,19.237499237060547
R089_C127,30,60,16.03125
R089_C128,30,60,16.03125
R089_C129,30,60,16.03125
R089_C130,30,60,19.237499237060547
R089_C131,30,60,16.03125
R089_C132,30,60,18.168750762939453
R089_C133,30,60,18.168750762939453
R089_C134,30,60,16.03125
R089_C135,30,60,16.03125
R089_C136,30,60,16.03125
R089_C137,30,60,18.168750762939453
R090_C069,30,60,16.03125
R090_C070,30,60,19.237499237060547
R090_C071,30,60,19.237499237060547
R090_C072,30,60,16.03125
R090_C073,30,60,18.168750762939453
R090_C074,30,60,18.168750762939453
R090_C075,30,60,16.03125
R090_C076,30,60,16.03125
R090_C077,30,60,16.03125
R090_C078,30,60,19.237499237060547
R090_C079,30,60,19.237499237060547
R090_C080,30,60,16.03125
R090_C081,30,60,16.03125
R090_C082,30,60,16.03125
R090_C083,30,60,16.03125
R090_C084,30,60,16.03125
R090_C085,30,60,18.168750762939453
R090_C086,30,60,16.03125
R090_C087,30,60,16.03125
R090_C088,30,60,16.03125
R090_C089,30,60,16.03125
R090_C090,30,60,16.03125
R090_C091,30,60,16.03125
R090_C092,30,60,16.03125
R090_C093,30,60,16.03125
R090_C094,30,60,16.03125
R090_C095,30,60,18.168750762939453
R090_C096,30,60,18.168750762939453
R090_C097,30,60,18.168750762939453
R090_C098,30,60,18.168750762939453
R090_C099,30,60,18.168750762939453
R090_C100,30,60,16.03125
R090_C101,30,60,16.03125
R090_C102,30,60,16.03125
R090_C103,30,60,16.03125
R090_C104,30,60,19.237499237060547
R090_C105,30,60,19.237499237060547
R090_C106,30,60,19.237499237060547
R090_C107,30,60,18.168750762939453
R090_C108,30,60,18.168750762939453
R090_C109,30,60,16.03125
R090_C110,30,60,18.168750762939453
R090_C111,30,60,19.237499237060547
R090_C112,30,60,18.168750762939453
R090_C113,30,60,18.168750762939453
R090_C114,30,60,19.237499237060547
R090_C115,30,60,18.168750762939453
R090_C116,30,60,19.237499237060547
R090_C117,30,60,19.237499237060547
R090_C118,30,60,18.168750762939453
R090_C119,30,60,18.168750762939453
R090_C120,30,60,18.168750762939453
R090_C121,30,60,18.168750762939453
R090_C122,30,60,18.168750762939453
R090_C123,30,60,18.168750762939453
R090_C124,30,60,18.168750762939453
R090_C125,30,60,19.237499237060547
R090_C126,30,60,16.03125
R090_C127,30,60,16.03125
R090_C128,30,60,16.03125
R090_C129,30,60,16.03125
R090_C130,30,60,16.03125
R090_C131,30,60,16.03125
R090_C132,30,60,16.03125
R090_C133,30,60,18.168750762939453
R090_C134,30,60,19.237499237060547
R090_C135,30,60,19.237499237060547
R090_C136,30,60,19.237499237060547
R090_C137,30,60,18.168750762939453
R091_C069,30,60,18.168750762939453
R091_C070,30,60,18.168750762939453
R091_C071,30,60,16.03125
R091_C072,30,60,19.237499237060547
R091_C073,30,60,18.168750762939453
R091_C074,30,60,16.03125
R091_C075,30,60,19.237499237060547
R091_C076,30,60,16.03125
R091_C077,30,60,16.03125
R091_C078,30,60,16.03125
R091_C079,30,60,19.237499237060547
R091_C080,30,60,16.03125
R091_C081,30,60,16.03125
R091_C082,30,60,19.237499237060547
R091_C083,30,60,19.237499237060547
R091_C084,30,60,16.03125
R091_C085,30,60,18.168750762939453
R091_C086,30,60,16.03125
R091_C087,30,60,16.03125
R091_C088,30,60,16.03125
R091_C089,30,60,16.03125
R091_C090,30,60,16.03125
R091_C091,30,60,16.03125
R091_C092,30,60,16.03125
R091_C093,30,60,16.03125
R091_C094,30,60,16.03125
R091_C095,30,60,18.168750762939453
R091_C096,30,60,19.237499237060547
R091_C097,30,60,18.168750762939453
R091_C098,30,60,18.168750762939453
R091_C099,30,60,18.168750762939453
R091_C100,30,60,18.168750762939453
R091_C101,30,60,18.168750762939453
R091_C102,30,60,16.03125
R091_C103,30,60,16.03125
R091_C104,30,60,18.168750762939453
R091_C105,30,60,19.237499237060547
R091_C106,30,60,19.237499237060547
R091_C107,30,60,18.168750762939453
R091_C108,30,60,18.168750762939453
R091_C109,30,60,18.168750762939453
R091_C110,30,60,18.168750762939453
R091_C111,30,60,18.168750762939453
R091_C112,30,60,19.237499237060547
R091_C113,30,60,19.237499237060547
R091_C114,30,60,19.237499237060547
R091_C115,30,60,19.237499237060547
R091_C116,30,60,16.03125
R091_C117,30,60,16.03125
R091_C118,30,60,16.03125
R091_C119,30,60,19.237499237060547
R091_C120,30,60,18.168750762939453
R091_C121,30,60,18.168750762939453
R091_C122,30,60,18.168750762939453
R091_C123,30,60,16.03125
R091_C124,30,60,18.168750762939453
R091_C125,30,60,16.03125
R091_C126,30,60,16.03125
R091_C127,30,60,16.03125
R091_C128,30,60,16.03125
R091_C129,30,60,16.03125
R091_C130,30,60,16.03125
R091_C131,30,60,16.03125
R091_C132,30,60,16.03125
R091_C133,30,60,18.168750762939453
R091_C134,30,60,16.03125
R091_C135,30,60,16.03125
R091_C136,30,60,19.237499237060547
R091_C137,30,60,18.168750762939453
R092_C069,30,60,16.03125
R092_C070,30,60,16.03125
R092_C071,30,60,16.03125
R092_C072,30,60,19.237499237060547
R092_C073,30,60,18.168750762939453
R092_C074,30,60,19.237499237060547
R092_C075,30,60,16.03125
R092_C076,30,60,19.237499237060547
R092_C077,30,60,16.03125
R092_C078,30,60,16.03125
R092_C079,30,60,16.03125
R092_C080,30,60,16.03125
R092_C081,30,60,16.03125
R092_C082,30,60,16.03125
R092_C083,30,60,16.03125
R092_C084,30,60,16.03125
R092_C085,30,60,18.168750762939453
R092_C086,30,60,16.03125
R092_C087,30,60,16.03125
R092_C088,30,60,16.03125
R092_C089,30,60,16.03125
R092_C090,30,60,16.03125
R092_C091,30,60,16.03125
R092_C092,30,60,16.03125
R092_C093,30,60,16.03125
R092_C094,30,60,16.03125
R092_C095,30,60,18.168750762939453
R092_C096,30,60,16.03125
R092_C097,30,60,16.03125
R092_C098,30,60,19.237499237060547
R092_C099,30,60,18.168750762939453
R092_C100,30,60,16.03125
R092_C101,30,60,18.168750762939453
R092_C102,30,60,18.168750762939453
R092_C103,30,60,16.03125
R092_C104,30,60,16.03125
R092_C105,30,60,16.03125
R092_C106,30,60,19.237499237060547
R092_C107,30,60,16.03125
R092_C108,30,60,18.168750762939453
R092_C109,30,60,16.03125
R092_C110,30,60,18.168750762939453
R092_C111,30,60,16.03125
R092_C112,30,60,19.237499237060547
R092_C113,30,60,18.168750762939453
R092_C114,30,60,16.03125
R092_C115,30,60,18.168750762939453
R092_C116,30,60,18.168750762939453
R092_C117,30,60,18.168750762939453
R092_C118,30,60,18.168750762939453
R092_C119,30,60,18.168750762939453
R092_C120,30,60,18.168750762939453
R092_C121,30,60,18.168750762939453
R092_C122,30,60,16.03125
R092_C123,30,60,16.03125
R092_C124,30,60,19.237499237060547
R092_C125,30,60,16.03125
R092_C126,30,60,16.03125
R092_C127,30,60,16.03125
R092_C128,30,60,16.03125
R092_C129,30,60,16.03125
R092_C130,30,60,16.03125
R092_C131,30,60,16.03125
R092_C132,30,60,16.03125
R092_C133,30,60,16.03125
R092_C134,30,60,16.03125
R092_C135,30,60,19.237499237060547
R092_C136,30,60,16.03125
R092_C137,30,60,16.03125
R093_C069,30,60,16.03125
R093_C070,30,60,16.03125
R093_C071,30,60,19.237499237060547
R093_C072,30,60,18.168750762939453
R093_C073,30,60,18.168750762939453
R093_C074,30,60,16.03125
R093_C075,30,60,16.03125
R093_C076,30,60,16.03125
R093_C077,30,60,16.03125
R093_C078,30,60,19.237499237060547
R093_C079,30,60,16.03125
R093_C080,30,60,19.237499237060547
R093_C081,30,60,16.03125
R093_C082,30,60,16.03125
R093_C083,30,60,16.03125
R093_C084,30,60,16.03125
R093_C085,30,60,18.168750762939453
R093_C086,30,60,16.03125
R093_C087,30,60,16.03125
R093_C088,30,60,16.03125
R093_C089,30,60,16.03125
R093_C090,30,60,16.03125
R093_C091,30,60,16.03125
R093_C092,30,60,16.03125
R093_C093,30,60,16.03125
R093_C094,30,60,16.03125
R093_C095,30,60,18.168750762939453
R093_C096,30,60,19.237499237060547
R093_C097,30,60,18.168750762939453
R093_C098,30,60,18.168750762939453
R093_C099,30,60,18.168750762939453
R093_C100,30,60,16.03125
R093_C101,30,60,18.168750762939453
R093_C102,30,60,18.168750762939453
R093_C103,30,60,18.168750762939453
R093_C104,30,60,16.03125
R093_C105,30,60,16.03125
R093_C106,30,60,16.03125
R093_C107,30,60,16.03125
R093_C108,30,60,18.168750762939453
R093_C109,30,60,18.168750762939453
R093_C110,30,60,18.168750762939453
R093_C111,30,60,18.168750762939453
R093_C112,30,60,16.03125
R093_C113,30,60,16.03125
R093_C114,30,60,18.168750762939453
R093_C115,30,60,18.168750762939453
R093_C116,30,60,16.03125
R093_C117,30,60,16.03125
R093_C118,30,60,16.03125
R093_C119,30,60,16.03125
R093_C120,30,60,16.03125
R093_C121,30,60,18.168750762939453
R093_C122,30,60,18.168750762939453
R093_C123,30,60,16.03125
R093_C124,30,60,16.03125
R093_C125,30,60,16.03125
R093_C126,30,60,16.03125
R093_C127,30,60,16.03125
R093_C128,30,60,16.03125
R093_C129,30,60,16.03125
R093_C130,30,60,16.03125
R093_C131,30,60,16.03125
R093_C132,30,60,19.237499237060547
R093_C133,30,60,19.237499237060547
R093_C134,30,60,18.168750762939453
R093_C135,30,60,18.168750762939453
R093_C136,30,60,18.168750762939453
R093_C137,30,60,19.237499237060547
R094_C069,30,60,16.03125
R094_C070,30,60,16.03125
R094_C071,30,60,16.03125
R094_C072,30,60,18.168750762939453
R094_C073,30,60,18.168750762939453
R094_C074,30,60,16.03125
R094_C075,30,60,16.03125
R094_C076,30,60,16.03125
R094_C077,30,60,16.03125
R094_C078,30,60,16.03125
R094_C079,30,60,16.03125
R094_C080,30,60,16.03125
R094_C081,30,60,16.03125
R094_C082,30,60,16.03125
R094_C083,30,60,16.03125
R094_C084,30,60,16.03125
R094_C085,30,60,18.168750762939453
R094_C086,30,60,16.03125
R094_C087,30,60,16.03125
R094_C088,30,60,16.03125
R094_C089,30,60,16.03125
R094_C090,30,60,16.03125
R094_C091,30,60,16.03125
R094_C092,30,60,16.03125
R094_C093,30,60,16.03125
R094_C094,30,60,6.412499904632568
R094_C095,30,60,6.412499904632568
R094_C096,30,60,18.168750762939453
R094_C097,30,60,18.168750762939453
R094_C098,30,60,18.168750762939453
R094_C099,30,60,18.168750762939453
R094_C100,30,60,18.168750762939453
R094_C101,30,60,18.168750762939453
R094_C102,30,60,18.168750762939453
R094_C103,30,60,18.168750762939453
R094_C104,30,60,16.03125
R094_C105,30,60,18.168750762939453
R094_C106,30,60,18.168750762939453
R094_C107,30,60,16.03125
R094_C108,30,60,16.03125
R094_C109,30,60,19.237499237060547
R094_C110,30,60,18.168750762939453
R094_C111,30,60,16.03125
R094_C112,30,60,16.03125
R094_C113,30,60,18.168750762939453
R094_C114,30,60,18.168750762939453
R094_C115,30,60,16.03125
R094_C116,30,60,18.168750762939453
R094_C117,30,60,16.03125
R094_C118,30,60,18.168750762939453
R094_C119,30,60,16.03125
R094_C120,30,60,16.03125
R094_C121,30,60,18.168750762939453
R094_C122,30,60,18.168750762939453
R094_C123,30,60,16.03125
R094_C124,30,60,16.03125
R094_C125,30,60,16.03125
R094_C126,30,60,16.03125
R094_C127,30,60,16.03125
R094_C128,30,60,16.03125
R094_C129,30,60,18.168750762939453
R094_C130,30,60,16.03125
R094_C131,30,60,16.03125
R094_C132,30,60,19.237499237060547
R094_C133,30,60,18.168750762939453
R094_C134,30,60,19.237499237060547
R094_C135,30,60,16.03125
R094_C136,30,60,18.168750762939453
R095_C069,30,60,19.237499237060547
R095_C070,30,60,16.03125
R095_C071,30,60,19.237499237060547
R095_C072,30,60,18.168750762939453
R095_C073,30,60,18.168750762939453
R095_C074,30,60,19.237499237060547
R095_C075,30,60,19.237499237060547
R095_C076,30,60,19.237499237060547
R095_C077,30,60,19.237499237060547
R095_C078,30,60,19.237499237060547
R095_C079,30,60,19.237499237060547
R095_C080,30,60,16.03125
R095_C081,30,60,16.03125
R095_C082,30,60,16.03125
R095_C083,30,60,16.03125
R095_C084,30,60,18.168750762939453
R095_C085,30,60,18.168750762939453
R095_C086,30,60,16.03125
R095_C087,30,60,16.03125
R095_C088,30,60,16.03125
R095_C089,30,60,19.237499237060547
R095_C090,30,60,16.03125
R095_C091,30,60,16.03125
R095_C092,30,60,16.03125
R095_C093,30,60,16.03125
R095_C094,30,60,6.412499904632568
R095_C095,30,60,6.412499904632568
R095_C096,30,60,18.168750762939453
R095_C097,30,60,18.168750762939453
R095_C098,30,60,18.168750762939453
R095_C099,30,60,18.168750762939453
R095_C100,30,60,16.03125
R095_C101,30,60,18.168750762939453
R095_C102,30,60,16.03125
R095_C103,30,60,18.168750762939453
R095_C104,30,60,16.03125
R095_C105,30,60,18.168750762939453
R095_C106,30,60,18.168750762939453
R095_C107,30,60,16.03125
R095_C108,30,60,16.03125
R095_C109,30,60,16.03125
R095_C110,30,60,16.03125
R095_C111,30,60,16.03125
R095_C112,30,60,18.168750762939453
R095_C113,30,60,18.168750762939453
R095_C114,30,60,18.168750762939453
R095_C115,30,60,18.168750762939453
R095_C116,30,60,18.168750762939453
R095_C117,30,60,18.168750762939453
R095_C118,30,60,18.168750762939453
R095_C119,30,60,16.03125
R095_C120,30,60,16.03125
R095_C121,30,60,18.168750762939453
R095_C122,30,60,18.168750762939453
R095_C123,30,60,16.03125
R095_C124,30,60,16.03125
R095_C125,30,60,16.03125
R095_C126,30,60,16.03125
R095_C127,30,60,16.03125
R095_C128,30,60,16.03125
R095_C129,30,60,18.168750762939453
R095_C130,30,60,16.03125
R095_C131,30,60,16.03125
R095_C132,30,60,16.03125
R095_C133,30,60,16.03125
R095_C134,30,60,19.237499237060547
R095_C135,30,60,19.237499237060547
R095_C136,30,60,16.03125
R096_C069,30,60,16.03125
R096_C070,30,60,16.03125
R096_C071,30,60,16.03125
R096_C072,30,60,18.168750762939453
R096_C073,30,60,18.168750762939453
R096_C074,30,60,16.03125
R096_C075,30,60,16.03125
R096_C076,30,60,16.03125
R096_C077,30,60,19.237499237060547
R096_C078,30,60,19.237499237060547
R096_C079,30,60,16.03125
R096_C080,30,60,16.03125
R096_C081,30,60,16.03125
R096_C082,30,60,16.03125
R096_C083,30,60,16.03125
R096_C084,30,60,18.168750762939453
R096_C085,30,60,18.168750762939453
R096_C086,30,60,16.03125
R096_C087,30,60,16.03125
R096_C088,30,60,16.03125
R096_C089,30,60,16.03125
R096_C090,30,60,16.03125
R096_C091,30,60,16.03125
R096_C092,30,60,16.03125
R096_C093,30,60,16.03125
R096_C094,30,60,18.168750762939453
R096_C095,30,60,18.168750762939453
R096_C096,30,60,18.168750762939453
R096_C097,30,60,18.168750762939453
R096_C098,30,60,18.168750762939453
R096_C099,30,60,18.168750762939453
R096_C100,30,60,16.03125
R096_C101,30,60,19.237499237060547
R096_C102,30,60,18.168750762939453
R096_C103,30,60,18.168750762939453
R096_C104,30,60,16.03125
R096_C105,30,60,18.168750762939453
R096_C106,30,60,18.168750762939453
R096_C107,30,60,19.237499237060547
R096_C108,30,60,18.168750762939453
R096_C109,30,60,18.168750762939453
R096_C110,30,60,18.168750762939453
R096_C111,30,60,18.168750762939453
R096_C112,30,60,18.168750762939453
R096_C113,30,60,16.03125
R096_C114,30,60,16.03125
R096_C115,30,60,16.03125
R096_C116,30,60,18.168750762939453
R096_C117,30,60,18.168750762939453
R096_C118,30,60,18.168750762939453
R096_C119,30,60,18.168750762939453
R096_C120,30,60,18.168750762939453
R096_C121,30,60,18.168750762939453
R096_C122,30,60,18.168750762939453
R096_C123,30,60,16.03125
R096_C124,30,60,16.03125
R096_C125,30,60,16.03125
R096_C126,30,60,16.03125
R096_C127,30,60,16.03125
R096_C128,30,60,18.168750762939453
R096_C129,30,60,18.168750762939453
R096_C130,30,60,16.03125
R096_C131,30,60,16.03125
R096_C132,30,60,16.03125
R096_C133,30,60,16.03125
R096_C134,30,60,18.168750762939453
R096_C135,30,60,19.237499237060547
R096_C136,30,60,18.168750762939453
R097_C069,30,60,16.03125
R097_C070,30,60,16.03125
R097_C071,30,60,16.03125
R097_C072,30,60,18.168750762939453
R097_C073,30,60,16.03125
R097_C074,30,60,16.03125
R097_C075,30,60,16.03125
R097_C076,30,60,16.03125
R097_C077,30,60,19.237499237060547
R097_C078,30,60,16.03125
R097_C079,30,60,19.237499237060547
R097_C080,30,60,19.237499237060547
R097_C081,30,60,16.03125
R097_C082,30,60,16.03125
R097_C083,30,60,16.03125
R097_C084,30,60,18.168750762939453
R097_C085,30,60,18.168750762939453
R097_C086,30,60,16.03125
R097_C087,30,60,16.03125
R097_C088,30,60,16.03125
R097_C089,30,60,16.03125
R097_C090,30,60,16.03125
R097_C091,30,60,16.03125
R097_C092,30,60,16.03125
R097_C093,30,60,16.03125
R097_C094,30,60,16.03125
R097_C095,30,60,19.237499237060547
R097_C096,30,60,18.168750762939453
R097_C097,30,60,18.168750762939453
R097_C098,30,60,18.168750762939453
R097_C099,30,60,18.168750762939453
R097_C100,30,60,19.237499237060547
R097_C101,30,60,18.168750762939453
R097_C102,30,60,18.168750762939453
R097_C103,30,60,18.168750762939453
R097_C104,30,60,16.03125
R097_C105,30,60,18.168750762939453
R097_C106,30,60,19.237499237060547
R097_C107,30,60,19.237499237060547
R097_C108,30,60,16.03125
R097_C109,30,60,18.168750762939453
R097_C110,30,60,16.03125
R097_C111,30,60,18.168750762939453
R097_C112,30,60,19.237499237060547
R097_C113,30,60,16.03125
R097_C114,30,60,16.03125
R097_C115,30,60,19.237499237060547
R097_C116,30,60,18.168750762939453
R097_C117,30,60,18.168750762939453
R097_C118,30,60,18.168750762939453
R097_C119,30,60,16.03125
R097_C120,30,60,18.168750762939453
R097_C121,30,60,16.03125
R097_C122,30,60,18.168750762939453
R097_C123,30,60,16.03125
R097_C124,30,60,16.03125
R097_C125,30,60,16.03125
R097_C126,30,60,16.03125
R097_C127,30,60,16.03125
R097_C128,30,60,18.168750762939453
R097_C129,30,60,16.03125
R097_C130,30,60,16.03125
R097_C131,30,60,16.03125
R097_C132,30,60,16.03125
R097_C133,30,60,19.237499237060547
R097_C134,30,60,18.168750762939453
R097_C135,30,60,16.03125
R097_C136,30,60,16.03125
R098_C070,30,60,16.03125
R098_C071,30,60,18.168750762939453
R098_C072,30,60,18.168750762939453
R098_C073,30,60,16.03125
R098_C074,30,60,16.03125
R098_C075,30,60,16.03125
R098_C076,30,60,16.03125
R098_C077,30,60,19.237499237060547
R098_C078,30,60,6.412499904632568
R098_C079,30,60,19.237499237060547
R098_C080,30,60,16.03125
R098_C081,30,60,16.03125
R098_C082,30,60,16.03125
R098_C083,30,60,16.03125
R098_C084,30,60,18.168750762939453
R098_C085,30,60,16.03125
R098_C086,30,60,16.03125
R098_C087,30,60,16.03125
R098_C088,30,60,16.03125
R098_C089,30,60,16.03125
R098_C090,30,60,16.03125
R098_C091,30,60,16.03125
R098_C092,30,60,16.03125
R098_C093,30,60,16.03125
R098_C094,30,60,16.03125
R098_C095,30,60,16.03125
R098_C096,30,60,16.03125
R098_C097,30,60,16.03125
R098_C098,30,60,18.168750762939453
R098_C099,30,60,18.168750762939453
R098_C100,30,60,18.168750762939453
R098_C101,30,60,18.168750762939453
R098_C102,30,60,18.168750762939453
R098_C103,30,60,18.168750762939453
R098_C104,30,60,18.168750762939453
R098_C105,30,60,18.168750762939453
R098_C106,30,60,16.03125
R098_C107,30,60,19.237499237060547
R098_C108,30,60,16.03125
R098_C109,30,60,18.168750762939453
R098_C110,30,60,18.168750762939453
R098_C111,30,60,18.168750762939453
R098_C112,30,60,16.03125
R098_C113,30,60,16.03125
R098_C114,30,60,16.03125
R098_C115,30,60,19.237499237060547
R098_C116,30,60,18.168750762939453
R098_C117,30,60,18.168750762939453
R098_C118,30,60,18.168750762939453
R098_C119,30,60,16.03125
R098_C120,30,60,18.168750762939453
R098_C121,30,60,18.168750762939453
R098_C122,30,60,18.168750762939453
R098_C123,30,60,18.168750762939453
R098_C124,30,60,18.168750762939453
R098_C125,30,60,18.168750762939453
R098_C126,30,60,18.168750762939453
R098_C127,30,60,18.168750762939453
R098_C128,30,60,18.168750762939453
R098_C129,30,60,18.168750762939453
R098_C130,30,60,18.168750762939453
R098_C131,30,60,19.237499237060547
R098_C132,30,60,19.237499237060547
R098_C133,30,60,19.237499237060547
R098_C134,30,60,18.168750762939453
R098_C135,30,60,19.237499237060547
R098_C136,30,60,18.168750762939453
R099_C070,30,60,16.03125
R099_C071,30,60,16.03125
R099_C072,30,60,18.168750762939453
R099_C073,30,60,16.03125
R099_C074,30,60,16.03125
R099_C075,30,60,16.03125
R099_C076,30,60,16.03125
R099_C077,30,60,16.03125
R099_C078,30,60,16.03125
R099_C079,30,60,16.03125
R099_C080,30,60,16.03125
R099_C081,30,60,19.237499237060547
R099_C082,30,60,16.03125
R099_C083,30,60,18.168750762939453
R099_C084,30,60,18.168750762939453
R099_C085,30,60,19.237499237060547
R099_C086,30,60,16.03125
R099_C087,30,60,16.03125
R099_C088,30,60,16.03125
R099_C089,30,60,16.03125
R099_C090,30,60,16.03125
R099_C091,30,60,16.03125
R099_C092,30,60,16.03125
R099_C093,30,60,16.03125
R099_C094,30,60,18.168750762939453
R099_C095,30,60,19.237499237060547
R099_C096,30,60,18.168750762939453
R099_C097,30,60,19.237499237060547
R099_C098,30,60,19.237499237060547
R099_C099,30,60,18.168750762939453
R099_C100,30,60,18.168750762939453
R099_C101,30,60,16.03125
R099_C102,30,60,18.168750762939453
R099_C103,30,60,16.03125
R099_C104,30,60,18.168750762939453
R099_C105,30,60,18.168750762939453
R099_C106,30,60,18.168750762939453
R099_C107,30,60,18.168750762939453
R099_C108,30,60,18.168750762939453
R099_C109,30,60,18.168750762939453
R099_C110,30,60,18.168750762939453
R099_C111,30,60,16.03125
R099_C112,30,60,16.03125
R099_C113,30,60,16.03125
R099_C114,30,60,16.03125
R099_C115,30,60,19.237499237060547
R099_C116,30,60,19.237499237060547
R099_C117,30,60,18.168750762939453
R099_C118,30,60,18.168750762939453
R099_C119,30,60,16.03125
R099_C120,30,60,18.168750762939453
R099_C121,30,60,18.168750762939453
R099_C122,30,60,16.03125
R099_C123,30,60,18.168750762939453
R099_C124,30,60,16.03125
R099_C125,30,60,19.237499237060547
R099_C126,30,60,16.03125
R099_C127,30,60,16.03125
R099_C128,30,60,16.03125
R099_C129,30,60,18.168750762939453
R099_C130,30,60,18.168750762939453
R099_C131,30,60,18.168750762939453
R099_C132,30,60,18.168750762939453
R099_C133,30,60,18.168750762939453
R099_C134,30,60,18.168750762939453
R099_C135,30,60,16.03125
R099_C136,30,60,18.168750762939453
R100_C070,30,60,16.03125
R100_C071,30,60,19.237499237060547
R100_C072,30,60,18.168750762939453
R100_C073,30,60,16.03125
R100_C074,30,60,16.03125
R100_C075,30,60,16.03125
R100_C076,30,60,16.03125
R100_C077,30,60,19.237499237060547
R100_C078,30,60,19.237499237060547
R100_C079,30,60,16.03125
R100_C080,30,60,16.03125
R100_C081,30,60,16.03125
R100_C082,30,60,16.03125
R100_C083,30,60,18.168750762939453
R100_C084,30,60,18.168750762939453
R100_C085,30,60,16.03125
R100_C086,30,60,16.03125
R100_C087,30,60,16.03125
R100_C088,30,60,16.03125
R100_C089,30,60,16.03125
R100_C090,30,60,16.03125
R100_C091,30,60,16.03125
R100_C092,30,60,16.03125
R100_C093,30,60,16.03125
R100_C094,30,60,19.237499237060547
R100_C095,30,60,18.168750762939453
R100_C096,30,60,18.168750762939453
R100_C097,30,60,18.168750762939453
R100_C098,30,60,18.168750762939453
R100_C099,30,60,18.168750762939453
R100_C100,30,60,18.168750762939453
R100_C101,30,60,18.168750762939453
R100_C102,30,60,18.168750762939453
R100_C103,30,60,18.168750762939453
R100_C104,30,60,18.168750762939453
R100_C105,30,60,16.03125
R100_C106,30,60,16.03125
R100_C107,30,60,16.03125
R100_C108,30,60,16.03125
R100_C109,30,60,16.03125
R100_C110,30,60,18.168750762939453
R100_C111,30,60,16.03125
R100_C112,30,60,16.03125
R100_C113,30,60,19.237499237060547
R100_C114,30,60,19.237499237060547
R100_C115,30,60,16.03125
R100_C116,30,60,18.168750762939453
R100_C117,30,60,18.168750762939453
R100_C118,30,60,18.168750762939453
R100_C119,30,60,18.168750762939453
R100_C120,30,60,18.168750762939453
R100_C121,30,60,16.03125
R100_C122,30,60,16.03125
R100_C123,30,60,18.168750762939453
R100_C124,30,60,19.237499237060547
R100_C125,30,60,16.03125
R100_C126,30,60,16.03125
R100_C127,30,60,16.03125
R100_C128,30,60,16.03125
R100_C129,30,60,16.03125
R100_C130,30,60,18.168750762939453
R100_C131,30,60,16.03125
R100_C132,30,60,18.168750762939453
R100_C133,30,60,18.168750762939453
R100_C134,30,60,18.168750762939453
R100_C135,30,60,18.168750762939453
R100_C136,30,60,18.168750762939453
R101_C071,30,60,19.237499237060547
R101_C072,30,60,16.03125
R101_C073,30,60,19.237499237060547
R101_C074,30,60,16.03125
R101_C075,30,60,16.03125
R101_C076,30,60,16.03125
R101_C077,30,60,16.03125
R101_C078,30,60,16.03125
R101_C079,30,60,16.03125
R101_C080,30,60,16.03125
R101_C081,30,60,19.237499237060547
R101_C082,30,60,18.168750762939453
R101_C083,30,60,18.168750762939453
R101_C084,30,60,16.03125
R101_C085,30,60,16.03125
R101_C086,30,60,16.03125
R101_C087,30,60,16.03125
R101_C088,30,60,16.03125
R101_C089,30,60,16.03125
R101_C090,30,60,16.03125
R101_C091,30,60,16.03125
R101_C092,30,60,16.03125
R101_C093,30,60,16.03125
R101_C094,30,60,18.168750762939453
R101_C095,30,60,18.168750762939453
R101_C096,30,60,18.168750762939453
R101_C097,30,60,19.237499237060547
R101_C098,30,60,19.237499237060547
R101_C099,30,60,18.168750762939453
R101_C100,30,60,19.237499237060547
R101_C101,30,60,18.168750762939453
R101_C102,30,60,18.168750762939453
R101_C103,30,60,18.168750762939453
R101_C104,30,60,18.168750762939453
R101_C105,30,60,19.237499237060547
R101_C106,30,60,18.168750762939453
R101_C107,30,60,18.168750762939453
R101_C108,30,60,19.237499237060547
R101_C109,30,60,16.03125
R101_C110,30,60,18.168750762939453
R101_C111,30,60,18.168750762939453
R101_C112,30,60,16.03125
R101_C113,30,60,16.03125
R101_C114,30,60,19.237499237060547
R101_C115,30,60,16.03125
R101_C116,30,60,16.03125
R101_C117,30,60,18.168750762939453
R101_C118,30,60,18.168750762939453
R101_C119,30,60,18.168750762939453
R101_C120,30,60,16.03125
R101_C121,30,60,16.03125
R101_C122,30,60,16.03125
R101_C123,30,60,19.237499237060547
R101_C124,30,60,18.168750762939453
R101_C125,30,60,18.168750762939453
R101_C126,30,60,18.168750762939453
R101_C127,30,60,18.168750762939453
R101_C128,30,60,18.168750762939453
R101_C129,30,60,18.168750762939453
R101_C130,30,60,18.168750762939453
R101_C131,30,60,16.03125
R101_C132,30,60,16.03125
R101_C133,30,60,16.03125
R101_C134,30,60,18.168750762939453
R101_C135,30,60,18.168750762939453
R101_C136,30,60,18.168750762939453
R102_C072,30,60,19.237499237060547
R102_C073,30,60,19.237499237060547
R102_C074,30,60,19.237499237060547
R102_C075,30,60,16.03125
R102_C076,30,60,16.03125
R102_C077,30,60,16.03125
R102_C078,30,60,19.237499237060547
R102_C079,30,60,16.03125
R102_C080,30,60,19.237499237060547
R102_C081,30,60,18.168750762939453
R102_C082,30,60,18.168750762939453
R102_C083,30,60,16.03125
R102_C084,30,60,16.03125
R102_C085,30,60,16.03125
R102_C086,30,60,16.03125
R102_C087,30,60,16.03125
R102_C088,30,60,16.03125
R102_C089,30,60,16.03125
R102_C090,30,60,16.03125
R102_C091,30,60,16.03125
R102_C092,30,60,16.03125
R102_C093,30,60,19.237499237060547
R102_C094,30,60,18.168750762939453
R102_C095,30,60,19.237499237060547
R102_C096,30,60,18.168750762939453
R102_C097,30,60,18.168750762939453
R102_C098,30,60,18.168750762939453
R102_C099,30,60,18.168750762939453
R102_C100,30,60,18.168750762939453
R102_C101,30,60,18.168750762939453
R102_C102,30,60,19.237499237060547
R102_C103,30,60,18.168750762939453
R102_C104,30,60,18.168750762939453
R102_C105,30,60,18.168750762939453
R102_C106,30,60,19.237499237060547
R102_C107,30,60,18.168750762939453
R102_C108,30,60,16.03125
R102_C109,30,60,16.03125
R102_C110,30,60,18.168750762939453
R102_C111,30,60,16.03125
R102_C112,30,60,16.03125
R102_C113,30,60,16.03125
R102_C114,30,60,16.03125
R102_C115,30,60,19.237499237060547
R102_C116,30,60,18.168750762939453
R102_C117,30,60,18.168750762939453
R102_C118,30,60,18.168750762939453
R102_C119,30,60,16.03125
R102_C120,30,60,16.03125
R102_C121,30,60,16.03125
R102_C122,30,60,16.03125
R102_C123,30,60,16.03125
R102_C124,30,60,18.168750762939453
R102_C125,30,60,16.03125
R102_C126,30,60,16.03125
R102_C127,30,60,16.03125
R102_C128,30,60,16.03125
R102_C129,30,60,16.03125
R102_C130,30,60,16.03125
R102_C131,30,60,16.03125
R102_C132,30,60,16.03125
R102_C133,30,60,16.03125
R102_C134,30,60,16.03125
R102_C135,30,60,18.168750762939453
R102_C136,30,60,18.168750762939453
R103_C073,30,60,19.237499237060547
R103_C074,30,60,19.237499237060547
R103_C075,30,60,16.03125
R103_C076,30,60,16.03125
R103_C077,30,60,16.03125
R103_C078,30,60,16.03125
R103_C079,30,60,16.03125
R103_C080,30,60,16.03125
R103_C081,30,60,18.168750762939453
R103_C082,30,60,18.168750762939453
R103_C083,30,60,16.03125
R103_C084,30,60,16.03125
R103_C085,30,60,19.237499237060547
R103_C086,30,60,16.03125
R103_C087,30,60,16.03125
R103_C088,30,60,16.03125
R103_C089,30,60,16.03125
R103_C090,30,60,16.03125
R103_C091,30,60,16.03125
R103_C092,30,60,16.03125
R103_C093,30,60,19.237499237060547
R103_C094,30,60,18.168750762939453
R103_C095,30,60,18.168750762939453
R103_C096,30,60,18.168750762939453
R103_C097,30,60,18.168750762939453
R103_C098,30,60,18.168750762939453
R103_C099,30,60,18.168750762939453
R103_C100,30,60,18.168750762939453
R103_C101,30,60,19.237499237060547
R103_C102,30,60,16.03125
R103_C103,30,60,16.03125
R103_C104,30,60,18.168750762939453
R103_C105,30,60,18.168750762939453
R103_C106,30,60,18.168750762939453
R103_C107,30,60,18.168750762939453
R103_C108,30,60,16.03125
R103_C109,30,60,19.237499237060547
R103_C110,30,60,18.168750762939453
R103_C111,30,60,16.03125
R103_C112,30,60,16.03125
R103_C113,30,60,16.03125
R103_C114,30,60,16.03125
R103_C115,30,60,18.168750762939453
R103_C116,30,60,18.168750762939453
R103_C117,30,60,19.237499237060547
R103_C118,30,60,16.03125
R103_C119,30,60,16.03125
R103_C120,30,60,16.03125
R103_C121,30,60,16.03125
R103_C122,30,60,16.03125
R103_C123,30,60,16.03125
R103_C124,30,60,18.168750762939453
R103_C125,30,60,16.03125
R103_C126,30,60,16.03125
R103_C127,30,60,18.168750762939453
R103_C128,30,60,18.168750762939453
R103_C129,30,60,18.168750762939453
R103_C130,30,60,18.168750762939453
R103_C131,30,60,18.168750762939453
R103_C132,30,60,18.168750762939453
R103_C133,30,60,18.168750762939453
R103_C134,30,60,16.03125
R103_C135,30,60,16.03125
R103_C136,30,60,19.237499237060547
R104_C074,30,60,18.168750762939453
R104_C075,30,60,19.237499237060547
R104_C076,30,60,16.03125
R104_C077,30,60,19.237499237060547
R104_C078,30,60,16.03125
R104_C079,30,60,16.03125
R104_C080,30,60,18.168750762939453
R104_C081,30,60,19.237499237060547
R104_C082,30,60,16.03125
R104_C083,30,60,16.03125
R104_C084,30,60,16.03125
R104_C085,30,60,16.03125
R104_C086,30,60,16.03125
R104_C087,30,60,16.03125
R104_C088,30,60,16.03125
R104_C089,30,60,16.03125
R104_C090,30,60,16.03125
R104_C091,30,60,16.03125
R104_C092,30,60,16.03125
R104_C093,30,60,19.237499237060547
R104_C094,30,60,18.168750762939453
R104_C095,30,60,18.168750762939453
R104_C096,30,60,16.03125
R104_C097,30,60,16.03125
R104_C098,30,60,18.168750762939453
R104_C099,30,60,18.168750762939453
R104_C100,30,60,18.168750762939453
R104_C101,30,60,18.168750762939453
R104_C102,30,60,18.168750762939453
R104_C103,30,60,19.237499237060547
R104_C104,30,60,18.168750762939453
R104_C105,30,60,18.168750762939453
R104_C106,30,60,19.237499237060547
R104_C107,30,60,19.237499237060547
R104_C108,30,60,16.03125
R104_C109,30,60,16.03125
R104_C110,30,60,18.168750762939453
R104_C111,30,60,16.03125
R104_C112,30,60,16.03125
R104_C113,30,60,18.168750762939453
R104_C114,30,60,18.168750762939453
R104_C115,30,60,18.168750762939453
R104_C116,30,60,16.03125
R104_C117,30,60,19.237499237060547
R104_C118,30,60,16.03125
R104_C119,30,60,16.03125
R104_C120,30,60,16.03125
R104_C121,30,60,16.03125
R104_C122,30,60,16.03125
R104_C123,30,60,16.03125
R104_C124,30,60,18.168750762939453
R104_C125,30,60,18.168750762939453
R104_C126,30,60,18.168750762939453
R104_C127,30,60,19.237499237060547
R104_C128,30,60,18.168750762939453
R104_C129,30,60,18.168750762939453
R104_C130,30,60,16.03125
R104_C131,30,60,16.03125
R104_C132,30,60,16.03125
R104_C133,30,60,18.168750762939453
R104_C134,30,60,18.168750762939453
R105_C076,30,60,16.03125
R105_C077,30,60,16.03125
R105_C078,30,60,16.03125
R105_C079,30,60,16.03125
R105_C080,30,60,18.168750762939453
R105_C081,30,60,16.03125
R105_C082,30,60,16.03125
R105_C083,30,60,16.03125
R105_C084,30,60,19.237499237060547
R105_C085,30,60,19.237499237060547
R105_C086,30,60,16.03125
R105_C087,30,60,16.03125
R105_C088,30,60,16.03125
R105_C089,30,60,16.03125
R105_C090,30,60,16.03125
R105_C091,30,60,16.03125
R105_C092,30,60,16.03125
R105_C093,30,60,18.168750762939453
R105_C094,30,60,16.03125
R105_C095,30,60,16.03125
R105_C096,30,60,16.03125
R105_C097,30,60,16.03125
R105_C098,30,60,18.168750762939453
R105_C099,30,60,18.168750762939453
R105_C100,30,60,18.168750762939453
R105_C101,30,60,18.168750762939453
R105_C102,30,60,18.168750762939453
R105_C103,30,60,18.168750762939453
R105_C104,30,60,18.168750762939453
R105_C105,30,60,18.168750762939453
R105_C106,30,60,18.168750762939453
R105_C107,30,60,18.168750762939453
R105_C108,30,60,16.03125
R105_C109,30,60,16.03125
R105_C110,30,60,18.168750762939453
R105_C111,30,60,18.168750762939453
R105_C112,30,60,18.168750762939453
R105_C113,30,60,18.168750762939453
R105_C114,30,60,18.168750762939453
R105_C115,30,60,16.03125
R105_C116,30,60,19.237499237060547
R105_C117,30,60,16.03125
R105_C118,30,60,16.03125
R105_C119,30,60,16.03125
R105_C120,30,60,16.03125
R105_C121,30,60,18.168750762939453
R105_C122,30,60,18.168750762939453
R105_C123,30,60,18.168750762939453
R105_C124,30,60,18.168750762939453
R105_C125,30,60,16.03125
R105_C126,30,60,16.03125
R105_C127,30,60,16.03125
R105_C128,30,60,16.03125
R105_C129,30,60,16.03125
R105_C130,30,60,16.03125
R105_C131,30,60,16.03125
R105_C132,30,60,16.03125
R105_C133,30,60,16.03125
R106_C077,30,60,16.03125
R106_C078,30,60,16.03125
R106_C079,30,60,18.168750762939453
R106_C080,30,60,18.168750762939453
R106_C081,30,60,16.03125
R106_C082,30,60,16.03125
R106_C083,30,60,19.237499237060547
R106_C084,30,60,16.03125
R106_C085,30,60,16.03125
R106_C086,30,60,16.03125
R106_C087,30,60,16.03125
R106_C088,30,60,16.03125
R106_C089,30,60,16.03125
R106_C090,30,60,16.03125
R106_C091,30,60,16.03125
R106_C092,30,60,19.237499237060547
R106_C093,30,60,19.237499237060547
R106_C094,30,60,16.03125
R106_C095,30,60,16.03125
R106_C096,30,60,19.237499237060547
R106_C097,30,60,16.03125
R106_C098,30,60,18.168750762939453
R106_C099,30,60,18.168750762939453
R106_C100,30,60,18.168750762939453
R106_C101,30,60,16.03125
R106_C102,30,60,16.03125
R106_C103,30,60,16.03125
R106_C104,30,60,18.168750762939453
R106_C105,30,60,16.03125
R106_C106,30,60,16.03125
R106_C107,30,60,16.03125
R106_C108,30,60,16.03125
R106_C109,30,60,16.03125
R106_C110,30,60,18.168750762939453
R106_C111,30,60,18.168750762939453
R106_C112,30,60,18.168750762939453
R106_C113,30,60,16.03125
R106_C114,30,60,16.03125
R106_C115,30,60,16.03125
R106_C116,30,60,16.03125
R106_C117,30,60,16.03125
R106_C118,30,60,19.237499237060547
R106_C119,30,60,16.03125
R106_C120,30,60,18.168750762939453
R106_C121,30,60,18.168750762939453
R106_C122,30,60,18.168750762939453
R106_C123,30,60,16.03125
R106_C124,30,60,16.03125
R106_C125,30,60,16.03125
R106_C126,30,60,16.03125
R106_C127,30,60,16.03125
R106_C128,30,60,16.03125
R106_C129,30,60,16.03125
R106_C130,30,60,16.03125
R106_C131,30,60,16.03125
R107_C078,30,60,16.03125
R107_C079,30,60,18.168750762939453
R107_C080,30,60,18.168750762939453
R107_C081,30,60,16.03125
R107_C082,30,60,16.03125
R107_C083,30,60,16.03125
R107_C084,30,60,16.03125
R107_C085,30,60,16.03125
R107_C086,30,60,16.03125
R107_C087,30,60,16.03125
R107_C088,30,60,16.03125
R107_C089,30,60,16.03125
R107_C090,30,60,16.03125
R107_C091,30,60,16.03125
R107_C092,30,60,16.03125
R107_C093,30,60,16.03125
R107_C094,30,60,16.03125
R107_C095,30,60,16.03125
R107_C096,30,60,19.237499237060547
R107_C097,30,60,16.03125
R107_C098,30,60,18.168750762939453
R107_C099,30,60,16.03125
R107_C100,30,60,18.168750762939453
R107_C101,30,60,18.168750762939453
R107_C102,30,60,18.168750762939453
R107_C103,30,60,18.168750762939453
R107_C104,30,60,18.168750762939453
R107_C105,30,60,16.03125
R107_C106,30,60,16.03125
R107_C107,30,60,19.237499237060547
R107_C108,30,60,18.168750762939453
R107_C109,30,60,18.168750762939453
R107_C110,30,60,18.168750762939453
R107_C111,30,60,16.03125
R107_C112,30,60,18.168750762939453
R107_C113,30,60,16.03125
R107_C114,30,60,16.03125
R107_C115,30,60,16.03125
R107_C116,30,60,16.03125
R107_C117,30,60,16.03125
R107_C118,30,60,16.03125
R107_C119,30,60,18.168750762939453
R107_C120,30,60,18.168750762939453
R107_C121,30,60,18.168750762939453
R107_C122,30,60,16.03125
R107_C123,30,60,16.03125
R107_C124,30,60,16.03125
R107_C125,30,60,16.03125
R107_C126,30,60,16.03125
R107_C127,30,60,16.03125
R107_C128,30,60,16.03125
R107_C129,30,60,16.03125
R108_C080,30,60,18.168750762939453
R108_C081,30,60,16.03125
R108_C082,30,60,16.03125
R108_C083,30,60,16.03125
R108_C084,30,60,16.03125
R108_C085,30,60,16.03125
R108_C086,30,60,16.03125
R108_C087,30,60,16.03125
R108_C088,30,60,16.03125
R108_C089,30,60,16.03125
R108_C090,30,60,16.03125
R108_C091,30,60,19.237499237060547
R108_C092,30,60,16.03125
R108_C093,30,60,19.237499237060547
R108_C094,30,60,16.03125
R108_C095,30,60,19.237499237060547
R108_C096,30,60,16.03125
R108_C097,30,60,18.168750762939453
R108_C098,30,60,18.168750762939453
R108_C099,30,60,19.237499237060547
R108_C100,30,60,18.168750762939453
R108_C101,30,60,18.168750762939453
R108_C102,30,60,18.168750762939453
R108_C103,30,60,18.168750762939453
R108_C104,30,60,18.168750762939453
R108_C105,30,60,16.03125
R108_C106,30,60,16.03125
R108_C107,30,60,18.168750762939453
R108_C108,30,60,18.168750762939453
R108_C109,30,60,18.168750762939453
R108_C110,30,60,18.168750762939453
R108_C111,30,60,18.168750762939453
R108_C112,30,60,18.168750762939453
R108_C113,30,60,18.168750762939453
R108_C114,30,60,16.03125
R108_C115,30,60,16.03125
R108_C116,30,60,19.237499237060547
R108_C117,30,60,16.03125
R108_C118,30,60,18.168750762939453
R108_C119,30,60,18.168750762939453
R108_C120,30,60,18.168750762939453
R108_C121,30,60,16.03125
R108_C122,30,60,19.237499237060547
R108_C123,30,60,16.03125
R108_C124,30,60,16.03125
R108_C125,30,60,16.03125
R108_C126,30,60,16.03125
R108_C127,30,60,6.412499904632568
R109_C081,30,60,16.03125
R109_C082,30,60,16.03125
R109_C083,30,60,16.03125
R109_C084,30,60,16.03125
R109_C085,30,60,16.03125
R109_C086,30,60,16.03125
R109_C087,30,60,16.03125
R109_C088,30,60,16.03125
R109_C089,30,60,16.03125
R109_C090,30,60,16.03125
R109_C091,30,60,16.03125
R109_C092,30,60,19.237499237060547
R109_C093,30,60,19.237499237060547
R109_C094,30,60,16.03125
R109_C095,30,60,19.237499237060547
R109_C096,30,60,19.237499237060547
R109_C097,30,60,18.168750762939453
R109_C098,30,60,18.168750762939453
R109_C099,30,60,18.168750762939453
R109_C100,30,60,18.168750762939453
R109_C101,30,60,18.168750762939453
R109_C102,30,60,18.168750762939453
R109_C103,30,60,18.168750762939453
R109_C104,30,60,18.168750762939453
R109_C105,30,60,18.168750762939453
R109_C106,30,60,18.168750762939453
R109_C107,30,60,18.168750762939453
R109_C108,30,60,18.168750762939453
R109_C109,30,60,16.03125
R109_C110,30,60,16.03125
R109_C111,30,60,16.03125
R109_C112,30,60,18.168750762939453
R109_C113,30,60,18.168750762939453
R109_C114,30,60,18.168750762939453
R109_C115,30,60,18.168750762939453
R109_C116,30,60,16.03125
R109_C117,30,60,18.168750762939453
R109_C118,30,60,18.168750762939453
R109_C119,30,60,18.168750762939453
R109_C120,30,60,16.03125
R109_C121,30,60,16.03125
R109_C122,30,60,16.03125
R109_C123,30,60,16.03125
R109_C124,30,60,16.03125
R109_C125,30,60,6.412499904632568
R110_C082,30,60,16.03125
R110_C083,30,60,16.03125
R110_C084,30,60,16.03125
R110_C085,30,60,16.03125
R110_C086,30,60,16.03125
R110_C087,30,60,16.03125
R110_C088,30,60,16.03125
R110_C089,30,60,18.168750762939453
R110_C090,30,60,18.168750762939453
R110_C091,30,60,18.168750762939453
R110_C092,30,60,18.168750762939453
R110_C093,30,60,18.168750762939453
R110_C094,30,60,18.168750762939453
R110_C095,30,60,18.168750762939453
R110_C096,30,60,18.168750762939453
R110_C097,30,60,18.168750762939453
R110_C098,30,60,18.168750762939453
R110_C099,30,60,18.168750762939453
R110_C100,30,60,18.168750762939453
R110_C101,30,60,16.03125
R110_C102,30,60,16.03125
R110_C103,30,60,16.03125
R110_C104,30,60,18.168750762939453
R110_C105,30,60,18.168750762939453
R110_C106,30,60,18.168750762939453
R110_C107,30,60,16.03125
R110_C108,30,60,16.03125
R110_C109,30,60,16.03125
R110_C110,30,60,16.03125
R110_C111,30,60,16.03125
R110_C112,30,60,16.03125
R110_C113,30,60,16.03125
R110_C114,30,60,16.03125
R110_C115,30,60,16.03125
R110_C116,30,60,18.168750762939453
R110_C117,30,60,18.168750762939453
R110_C118,30,60,18.168750762939453
R110_C119,30,60,16.03125
R110_C120,30,60,16.03125
R110_C121,30,60,16.03125
R110_C122,30,60,16.03125
R110_C123,30,60,16.03125
R111_C083,30,60,16.03125
R111_C084,30,60,16.03125
R111_C085,30,60,16.03125
R111_C086,30,60,16.03125
R111_C087,30,60,16.03125
R111_C088,30,60,19.237499237060547
R111_C089,30,60,18.168750762939453
R111_C090,30,60,19.237499237060547
R111_C091,30,60,19.237499237060547
R111_C092,30,60,19.237499237060547
R111_C093,30,60,19.237499237060547
R111_C094,30,60,6.412499904632568
R111_C095,30,60,6.412499904632568
R111_C096,30,60,18.168750762939453
R111_C097,30,60,19.237499237060547
R111_C098,30,60,18.168750762939453
R111_C099,30,60,18.168750762939453
R111_C100,30,60,19.237499237060547
R111_C101,30,60,16.03125
R111_C102,30,60,16.03125
R111_C103,30,60,18.168750762939453
R111_C104,30,60,18.168750762939453
R111_C105,30,60,18.168750762939453
R111_C106,30,60,16.03125
R111_C107,30,60,16.03125
R111_C108,30,60,16.03125
R111_C109,30,60,16.03125
R111_C110,30,60,16.03125
R111_C111,30,60,16.03125
R111_C112,30,60,16.03125
R111_C113,30,60,16.03125
R111_C114,30,60,16.03125
R111_C115,30,60,18.168750762939453
R111_C116,30,60,18.168750762939453
R111_C117,30,60,18.168750762939453
R111_C118,30,60,16.03125
R111_C119,30,60,16.03125
R111_C120,30,60,16.03125
R111_C121,30,60,16.03125
R112_C085,30,60,16.03125
R112_C086,30,60,16.03125
R112_C087,30,60,19.237499237060547
R112_C088,30,60,18.168750762939453
R112_C089,30,60,18.168750762939453
R112_C090,30,60,18.168750762939453
R112_C091,30,60,18.168750762939453
R112_C092,30,60,18.168750762939453
R112_C093,30,60,18.168750762939453
R112_C094,30,60,18.168750762939453
R112_C095,30,60,18.168750762939453
R112_C096,30,60,18.168750762939453
R112_C097,30,60,19.237499237060547
R112_C098,30,60,18.168750762939453
R112_C099,30,60,19.237499237060547
R112_C100,30,60,18.168750762939453
R112_C101,30,60,19.237499237060547
R112_C102,30,60,18.168750762939453
R112_C103,30,60,18.168750762939453
R112_C104,30,60,18.168750762939453
R112_C105,30,60,16.03125
R112_C106,30,60,16.03125
R112_C107,30,60,16.03125
R112_C108,30,60,16.03125
R112_C109,30,60,16.03125
R112_C110,30,60,16.03125
R112_C111,30,60,16.03125
R112_C112,30,60,16.03125
R112_C113,30,60,16.03125
R112_C114,30,60,18.168750762939453
R112_C115,30,60,18.168750762939453
R112_C116,30,60,18.168750762939453
R112_C117,30,60,16.03125
R112_C118,30,60,16.03125
R112_C119,30,60,16.03125
R112_C120,30,60,16.03125
R113_C086,30,60,19.237499237060547
R113_C087,30,60,16.03125
R113_C088,30,60,16.03125
R113_C089,30,60,16.03125
R113_C090,30,60,19.237499237060547
R113_C091,30,60,18.168750762939453
R113_C092,30,60,18.168750762939453
R113_C093,30,60,19.237499237060547
R113_C094,30,60,19.237499237060547
R113_C095,30,60,19.237499237060547
R113_C096,30,60,19.237499237060547
R113_C097,30,60,19.237499237060547
R113_C098,30,60,18.168750762939453
R113_C099,30,60,16.03125
R113_C100,30,60,18.168750762939453
R113_C101,30,60,18.168750762939453
R113_C102,30,60,18.168750762939453
R113_C103,30,60,16.03125
R113_C104,30,60,16.03125
R113_C105,30,60,16.03125
R113_C106,30,60,16.03125
R113_C107,30,60,16.03125
R113_C108,30,60,16.03125
R113_C109,30,60,16.03125
R113_C110,30,60,16.03125
R113_C111,30,60,16.03125
R113_C112,30,60,16.03125
R113_C113,30,60,18.168750762939453
R113_C114,30,60,18.168750762939453
R113_C115,30,60,18.168750762939453
R113_C116,30,60,18.168750762939453
R113_C117,30,60,16.03125
R113_C118,30,60,16.03125
R114_C087,30,60,16.03125
R114_C088,30,60,18.168750762939453
R114_C089,30,60,19.237499237060547
R114_C090,30,60,19.237499237060547
R114_C091,30,60,19.237499237060547
R114_C092,30,60,16.03125
R114_C093,30,60,16.03125
R114_C094,30,60,19.237499237060547
R114_C095,30,60,19.237499237060547
R114_C096,30,60,18.168750762939453
R114_C097,30,60,16.03125
R114_C098,30,60,19.237499237060547
R114_C099,30,60,18.168750762939453
R114_C100,30,60,18.168750762939453
R114_C101,30,60,18.168750762939453
R114_C102,30,60,16.03125
R114_C103,30,60,16.03125
R114_C104,30,60,16.03125
R114_C105,30,60,16.03125
R114_C106,30,60,16.03125
R114_C107,30,60,16.03125
R114_C108,30,60,16.03125
R114_C109,30,60,16.03125
R114_C110,30,60,16.03125
R114_C111,30,60,16.03125
R114_C112,30,60,18.168750762939453
R114_C113,30,60,18.168750762939453
R114_C114,30,60,18.168750762939453
R114_C115,30,60,18.168750762939453
R114_C116,30,60,16.03125
R115_C089,30,60,18.168750762939453
R115_C090,30,60,18.168750762939453
R115_C091,30,60,18.168750762939453
R115_C092,30,60,18.168750762939453
R115_C093,30,60,18.168750762939453
R115_C094,30,60,18.168750762939453
R115_C095,30,60,18.168750762939453
R115_C096,30,60,18.168750762939453
R115_C097,30,60,19.237499237060547
R115_C098,30,60,18.168750762939453
R115_C099,30,60,18.168750762939453
R115_C100,30,60,18.168750762939453
R115_C101,30,60,16.03125
R115_C102,30,60,16.03125
R115_C103,30,60,16.03125
R115_C104,30,60,16.03125
R115_C105,30,60,16.03125
R115_C106,30,60,16.03125
R116_C090,30,60,16.03125
R116_C091,30,60,16.03125
R068_C090,60,90,26.775001525878906
R068_C091,60,90,23.625
R068_C092,60,90,23.625
R068_C093,60,90,23.625
R068_C094,60,90,23.625
R068_C095,60,90,23.625
R068_C096,60,90,26.775001525878906
R068_C097,60,90,26.775001525878906
R068_C098,60,90,23.625
R068_C099,60,90,23.625
R068_C100,60,90,23.625
R068_C101,60,90,23.625
R068_C102,60,90,23.625
R068_C103,60,90,9.450000762939453
R068_C104,60,90,9.450000762939453
R068_C105,60,90,23.625
R068_C106,60,90,23.625
R068_C107,60,90,23.625
R068_C108,60,90,28.350000381469727
R068_C109,60,90,23.625
R068_C110,60,90,26.775001525878906
R068_C111,60,90,28.350000381469727
R068_C112,60,90,28.350000381469727
R068_C113,60,90,28.350000381469727
R068_C114,60,90,26.775001525878906
R068_C115,60,90,26.775001525878906
R068_C116,60,90,26.775001525878906
R068_C117,60,90,23.625
R068_C118,60,90,28.350000381469727
R068_C119,60,90,28.350000381469727
R068_C120,60,90,23.625
R069_C082,60,90,23.625
R069_C083,60,90,23.625
R069_C084,60,90,28.350000381469727
R069_C085,60,90,26.775001525878906
R069_C086,60,90,23.625
R069_C087,60,90,23.625
R069_C088,60,90,26.775001525878906
R069_C089,60,90,26.775001525878906
R069_C090,60,90,26.775001525878906
R069_C091,60,90,23.625
R069_C092,60,90,23.625
R069_C093,60,90,23.625
R069_C094,60,90,23.625
R069_C095,60,90,26.775001525878906
R069_C096,60,90,26.775001525878906
R069_C097,60,90,23.625
R069_C098,60,90,23.625
R069_C099,60,90,23.625
R069_C100,60,90,23.625
R069_C101,60,90,23.625
R069_C102,60,90,9.450000762939453
R069_C103,60,90,9.450000762939453
R069_C104,60,90,23.625
R069_C105,60,90,23.625
R069_C106,60,90,28.350000381469727
R069_C107,60,90,23.625
R069_C108,60,90,28.350000381469727
R069_C109,60,90,23.625
R069_C110,60,90,28.350000381469727
R069_C111,60,90,26.775001525878906
R069_C112,60,90,26.775001525878906
R069_C113,60,90,26.775001525878906
R069_C114,60,90,23.625
R069_C115,60,90,28.350000381469727
R069_C116,60,90,26.775001525878906
R069_C117,60,90,28.350000381469727
R069_C118,60,90,28.350000381469727
R069_C119,60,90,26.775001525878906
R069_C120,60,90,26.775001525878906
R069_C121,60,90,26.775001525878906
R070_C081,60,90,28.350000381469727
R070_C082,60,90,26.775001525878906
R070_C083,60,90,23.625
R070_C084,60,90,23.625
R070_C085,60,90,28.350000381469727
R070_C086,60,90,26.775001525878906
R070_C087,60,90,26.775001525878906
R070_C088,60,90,26.775001525878906
R070_C089,60,90,26.775001525878906
R070_C090,60,90,26.775001525878906
R070_C091,60,90,23.625
R070_C092,60,90,23.625
R070_C093,60,90,23.625
R070_C094,60,90,26.775001525878906
R070_C095,60,90,26.775001525878906
R070_C096,60,90,23.625
R070_C097,60,90,23.625
R070_C098,60,90,23.625
R070_C099,60,90,23.625
R070_C100,60,90,23.625
R070_C101,60,90,9.450000762939453
R070_C102,60,90,9.450000762939453
R070_C103,60,90,9.450000762939453
R070_C104,60,90,23.625
R070_C105,60,90,23.625
R070_C106,60,90,23.625
R070_C107,60,90,23.625
R070_C108,60,90,23.625
R070_C109,60,90,23.625
R070_C110,60,90,28.350000381469727
R070_C111,60,90,23.625
R070_C112,60,90,23.625
R070_C113,60,90,28.350000381469727
R070_C114,60,90,28.350000381469727
R070_C115,60,90,28.350000381469727
R070_C116,60,90,26.775001525878906
R070_C117,60,90,28.350000381469727
R070_C118,60,90,23.625
R070_C119,60,90,23.625
R070_C120,60,90,23.625
R070_C121,60,90,23.625
R070_C122,60,90,23.625
R071_C080,60,90,23.625
R071_C081,60,90,23.625
R071_C082,60,90,26.775001525878906
R071_C083,60,90,26.775001525878906
R071_C084,60,90,23.625
R071_C085,60,90,28.350000381469727
R071_C086,60,90,26.775001525878906
R071_C087,60,90,26.775001525878906
R071_C088,60,90,26.775001525878906
R071_C089,60,90,26.775001525878906
R071_C090,60,90,26.775001525878906
R071_C091,60,90,23.625
R071_C092,60,90,23.625
R071_C093,60,90,26.775001525878906
R071_C094,60,90,26.775001525878906
R071_C095,60,90,23.625
R071_C096,60,90,23.625
R071_C097,60,90,23.625
R071_C098,60,90,23.625
R071_C099,60,90,23.625
R071_C100,60,90,9.450000762939453
R071_C101,60,90,9.450000762939453
R071_C102,60,90,9.450000762939453
R071_C103,60,90,9.450000762939453
R071_C104,60,90,9.450000762939453
R071_C105,60,90,23.625
R071_C106,60,90,23.625
R071_C107,60,90,23.625
R071_C108,60,90,23.625
R071_C109,60,90,28.350000381469727
R071_C110,60,90,28.350000381469727
R071_C111,60,90,23.625
R071_C112,60,90,23.625
R071_C113,60,90,28.350000381469727
R071_C114,60,90,23.625
R071_C115,60,90,23.625
R071_C116,60,90,26.775001525878906
R071_C117,60,90,28.350000381469727
R071_C118,60,90,26.775001525878906
R071_C119,60,90,26.775001525878906
R071_C120,60,90,26.775001525878906
R071_C121,60,90,26.775001525878906
R071_C122,60,90,26.775001525878906
R071_C123,60,90,26.775001525878906
R072_C078,60,90,23.625
R072_C079,60,90,23.625
R072_C080,60,90,28.350000381469727
R072_C081,60,90,28.350000381469727
R072_C082,60,90,23.625
R072_C083,60,90,26.775001525878906
R072_C084,60,90,26.775001525878906
R072_C085,60,90,26.775001525878906
R072_C086,60,90,23.625
R072_C087,60,90,26.775001525878906
R072_C088,60,90,28.350000381469727
R072_C089,60,90,28.350000381469727
R072_C090,60,90,23.625
R072_C091,60,90,23.625
R072_C092,60,90,26.775001525878906
R072_C093,60,90,26.775001525878906
R072_C094,60,90,23.625
R072_C095,60,90,23.625
R072_C096,60,90,23.625
R072_C097,60,90,23.625
R072_C098,60,90,23.625
R072_C099,60,90,9.450000762939453
R072_C100,60,90,9.450000762939453
R072_C101,60,90,9.450000762939453
R072_C102,60,90,9.450000762939453
R072_C103,60,90,9.450000762939453
R072_C104,60,90,9.450000762939453
R072_C105,60,90,23.625
R072_C106,60,90,23.625
R072_C107,60,90,28.350000381469727
R072_C108,60,90,23.625
R072_C109,60,90,26.775001525878906
R072_C110,60,90,28.350000381469727
R072_C111,60,90,23.625
R072_C112,60,90,26.775001525878906
R072_C113,60,90,26.775001525878906
R072_C114,60,90,26.775001525878906
R072_C115,60,90,26.775001525878906
R072_C116,60,90,26.775001525878906
R072_C117,60,90,26.775001525878906
R072_C118,60,90,28.350000381469727
R072_C119,60,90,23.625
R072_C120,60,90,23.625
R072_C121,60,90,23.625
R072_C122,60,90,26.775001525878906
R072_C123,60,90,28.350000381469727
R072_C124,60,90,28.350000381469727
R073_C077,60,90,23.625
R073_C078,60,90,23.625
R073_C079,60,90,23.625
R073_C080,60,90,23.625
R073_C081,60,90,28.350000381469727
R073_C082,60,90,26.775001525878906
R073_C083,60,90,26.775001525878906
R073_C084,60,90,26.775001525878906
R073_C085,60,90,23.625
R073_C086,60,90,23.625
R073_C087,60,90,26.775001525878906
R073_C088,60,90,26.775001525878906
R073_C089,60,90,23.625
R073_C090,60,90,23.625
R073_C091,60,90,26.775001525878906
R073_C092,60,90,26.775001525878906
R073_C093,60,90,23.625
R073_C094,60,90,23.625
R073_C095,60,90,23.625
R073_C096,60,90,23.625
R073_C097,60,90,9.450000762939453
R073_C098,60,90,9.450000762939453
R073_C099,60,90,9.450000762939453
R073_C100,60,90,9.450000762939453
R073_C101,60,90,9.450000762939453
R073_C102,60,90,9.450000762939453
R073_C103,60,90,9.450000762939453
R073_C104,60,90,9.450000762939453
R073_C105,60,90,9.450000762939453
R073_C106,60,90,26.775001525878906
R073_C107,60,90,26.775001525878906
R073_C108,60,90,26.775001525878906
R073_C109,60,90,28.350000381469727
R073_C110,60,90,26.775001525878906
R073_C111,60,90,26.775001525878906
R073_C112,60,90,28.350000381469727
R073_C113,60,90,28.350000381469727
R073_C114,60,90,23.625
R073_C115,60,90,28.350000381469727
R073_C116,60,90,23.625
R073_C117,60,90,26.775001525878906
R073_C118,60,90,23.625
R073_C119,60,90,23.625
R073_C120,60,90,26.775001525878906
R073_C121,60,90,28.350000381469727
R073_C122,60,90,26.775001525878906
R073_C123,60,90,23.625
R073_C124,60,90,28.350000381469727
R073_C125,60,90,26.775001525878906
R074_C076,60,90,23.625
R074_C077,60,90,23.625
R074_C078,60,90,23.625
R074_C079,60,90,23.625
R074_C080,60,90,26.775001525878906
R074_C081,60,90,26.775001525878906
R074_C082,60,90,26.775001525878906
R074_C083,60,90,28.350000381469727
R074_C084,60,90,26.775001525878906
R074_C085,60,90,26.775001525878906
R074_C086,60,90,28.350000381469727
R074_C087,60,90,23.625
R074_C088,60,90,23.625
R074_C089,60,90,23.625
R074_C090,60,90,23.625
R074_C091,60,90,26.775001525878906
R074_C092,60,90,23.625
R074_C093,60,90,23.625
R074_C094,60,90,23.625
R074_C095,60,90,23.625
R074_C096,60,90,9.450000762939453
R074_C097,60,90,9.450000762939453
R074_C098,60,90,9.450000762939453
R074_C099,60,90,23.625
R074_C100,60,90,9.450000762939453
R074_C101,60,90,9.450000762939453
R074_C102,60,90,9.450000762939453
R074_C103,60,90,9.450000762939453
R074_C104,60,90,9.450000762939453
R074_C105,60,90,9.450000762939453
R074_C106,60,90,26.775001525878906
R074_C107,60,90,23.625
R074_C108,60,90,26.775001525878906
R074_C109,60,90,28.350000381469727
R074_C110,60,90,23.625
R074_C111,60,90,23.625
R074_C112,60,90,23.625
R074_C113,60,90,28.350000381469727
R074_C114,60,90,28.350000381469727
R074_C115,60,90,23.625
R074_C116,60,90,28.350000381469727
R074_C117,60,90,26.775001525878906
R074_C118,60,90,28.350000381469727
R074_C119,60,90,23.625
R074_C120,60,90,28.350000381469727
R074_C121,60,90,26.775001525878906
R074_C122,60,90,26.775001525878906
R074_C123,60,90,26.775001525878906
R074_C124,60,90,26.775001525878906
R074_C125,60,90,26.775001525878906
R074_C126,60,90,26.775001525878906
R075_C074,60,90,26.775001525878906
R075_C075,60,90,26.775001525878906
R075_C076,60,90,23.625
R075_C077,60,90,23.625
R075_C078,60,90,26.775001525878906
R075_C079,60,90,26.775001525878906
R075_C080,60,90,26.775001525878906
R075_C081,60,90,23.625
R075_C082,60,90,28.350000381469727
R075_C083,60,90,28.350000381469727
R075_C084,60,90,26.775001525878906
R075_C085,60,90,28.350000381469727
R075_C086,60,90,26.775001525878906
R075_C087,60,90,26.775001525878906
R075_C088,60,90,23.625
R075_C089,60,90,23.625
R075_C090,60,90,26.775001525878906
R075_C091,60,90,26.775001525878906
R075_C092,60,90,23.625
R075_C093,60,90,23.625
R075_C094,60,90,23.625
R075_C095,60,90,23.625
R075_C096,60,90,9.450000762939453
R075_C097,60,90,23.625
R075_C098,60,90,9.450000762939453
R075_C099,60,90,9.450000762939453
R075_C100,60,90,9.450000762939453
R075_C101,60,90,9.450000762939453
R075_C102,60,90,9.450000762939453
R075_C103,60,90,9.450000762939453
R075_C104,60,90,9.450000762939453
R075_C105,60,90,9.450000762939453
R075_C106,60,90,26.775001525878906
R075_C107,60,90,23.625
R075_C108,60,90,26.775001525878906
R075_C109,60,90,28.350000381469727
R075_C110,60,90,23.625
R075_C111,60,90,23.625
R075_C112,60,90,26.775001525878906
R075_C113,60,90,26.775001525878906
R075_C114,60,90,26.775001525878906
R075_C115,60,90,28.350000381469727
R075_C116,60,90,26.775001525878906
R075_C117,60,90,26.775001525878906
R075_C118,60,90,26.775001525878906
R075_C119,60,90,26.775001525878906
R075_C120,60,90,26.775001525878906
R075_C121,60,90,26.775001525878906
R075_C122,60,90,28.350000381469727
R075_C123,60,90,23.625
R075_C124,60,90,28.350000381469727
R075_C125,60,90,28.350000381469727
R075_C126,60,90,26.775001525878906
R075_C127,60,90,28.350000381469727
R076_C073,60,90,28.350000381469727
R076_C074,60,90,28.350000381469727
R076_C075,60,90,26.775001525878906
R076_C076,60,90,26.775001525878906
R076_C077,60,90,26.775001525878906
R076_C078,60,90,26.775001525878906
R076_C079,60,90,23.625
R076_C080,60,90,23.625
R076_C081,60,90,28.350000381469727
R076_C082,60,90,28.350000381469727
R076_C083,60,90,26.775001525878906
R076_C084,60,90,28.350000381469727
R076_C085,60,90,23.625
R076_C086,60,90,23.625
R076_C087,60,90,26.775001525878906
R076_C088,60,90,28.350000381469727
R076_C089,60,90,26.775001525878906
R076_C090,60,90,26.775001525878906
R076_C091,60,90,23.625
R076_C092,60,90,23.625
R076_C093,60,90,23.625
R076_C094,60,90,23.625
R076_C095,60,90,9.450000762939453
R076_C096,60,90,26.775001525878906
R076_C097,60,90,26.775001525878906
R076_C098,60,90,26.775001525878906
R076_C099,60,90,9.450000762939453
R076_C100,60,90,23.625
R076_C101,60,90,9.450000762939453
R076_C102,60,90,9.450000762939453
R076_C103,60,90,9.450000762939453
R076_C104,60,90,9.450000762939453
R076_C105,60,90,9.450000762939453
R076_C106,60,90,26.775001525878906
R076_C107,60,90,23.625
R076_C108,60,90,26.775001525878906
R076_C109,60,90,28.350000381469727
R076_C110,60,90,28.350000381469727
R076_C111,60,90,28.350000381469727
R076_C112,60,90,26.775001525878906
R076_C113,60,90,23.625
R076_C114,60,90,23.625
R076_C115,60,90,23.625
R076_C116,60,90,23.625
R076_C117,60,90,26.775001525878906
R076_C118,60,90,26.775001525878906
R076_C119,60,90,23.625
R076_C120,60,90,23.625
R076_C121,60,90,26.775001525878906
R076_C122,60,90,23.625
R076_C123,60,90,28.350000381469727
R076_C124,60,90,23.625
R076_C125,60,90,26.775001525878906
R076_C126,60,90,26.775001525878906
R076_C127,60,90,23.625
R076_C128,60,90,23.625
R077_C072,60,90,26.775001525878906
R077_C073,60,90,26.775001525878906
R077_C074,60,90,26.775001525878906
R077_C075,60,90,26.775001525878906
R077_C076,60,90,26.775001525878906
R077_C077,60,90,23.625
R077_C078,60,90,23.625
R077_C079,60,90,23.625
R077_C080,60,90,23.625
R077_C081,60,90,28.350000381469727
R077_C082,60,90,26.775001525878906
R077_C083,60,90,26.775001525878906
R077_C084,60,90,26.775001525878906
R077_C085,60,90,23.625
R077_C086,60,90,23.625
R077_C087,60,90,23.625
R077_C088,60,90,23.625
R077_C089,60,90,26.775001525878906
R077_C090,60,90,23.625
R077_C091,60,90,23.625
R077_C092,60,90,23.625
R077_C093,60,90,23.625
R077_C094,60,90,9.450000762939453
R077_C095,60,90,9.450000762939453
R077_C096,60,90,26.775001525878906
R077_C097,60,90,23.625
R077_C098,60,90,28.350000381469727
R077_C099,60,90,9.450000762939453
R077_C100,60,90,23.625
R077_C101,60,90,9.450000762939453
R077_C102,60,90,9.450000762939453
R077_C103,60,90,9.450000762939453
R077_C104,60,90,9.450000762939453
R077_C105,60,90,23.625
R077_C106,60,90,26.775001525878906
R077_C107,60,90,28.350000381469727
R077_C108,60,90,26.775001525878906
R077_C109,60,90,28.350000381469727
R077_C110,60,90,28.350000381469727
R077_C111,60,90,23.625
R077_C112,60,90,26.775001525878906
R077_C113,60,90,26.775001525878906
R077_C114,60,90,26.775001525878906
R077_C115,60,90,26.775001525878906
R077_C116,60,90,26.775001525878906
R077_C117,60,90,26.775001525878906
R077_C118,60,90,26.775001525878906
R077_C119,60,90,23.625
R077_C120,60,90,28.350000381469727
R077_C121,60,90,28.350000381469727
R077_C122,60,90,23.625
R077_C123,60,90,28.350000381469727
R077_C124,60,90,23.625
R077_C125,60,90,23.625
R077_C126,60,90,26.775001525878906
R077_C127,60,90,23.625
R077_C128,60,90,23.625
R077_C129,60,90,23.625
R078_C071,60,90,23.625
R078_C072,60,90,28.350000381469727
R078_C073,60,90,23.625
R078_C074,60,90,23.625
R078_C075,60,90,23.625
R078_C076,60,90,26.775001525878906
R078_C077,60,90,23.625
R078_C078,60,90,23.625
R078_C079,60,90,9.450000762939453
R078_C080,60,90,9.450000762939453
R078_C081,60,90,26.775001525878906
R078_C082,60,90,26.775001525878906
R078_C083,60,90,26.775001525878906
R078_C084,60,90,28.350000381469727
R078_C085,60,90,28.350000381469727
R078_C086,60,90,23.625
R078_C087,60,90,23.625
R078_C088,60,90,23.625
R078_C089,60,90,26.775001525878906
R078_C090,60,90,23.625
R078_C091,60,90,23.625
R078_C092,60,90,23.625
R078_C093,60,90,23.625
R078_C094,60,90,9.450000762939453
R078_C095,60,90,28.350000381469727
R078_C096,60,90,26.775001525878906
R078_C097,60,90,28.350000381469727
R078_C098,60,90,28.350000381469727
R078_C099,60,90,9.450000762939453
R078_C100,60,90,23.625
R078_C101,60,90,23.625
R078_C102,60,90,23.625
R078_C103,60,90,23.625
R078_C104,60,90,28.350000381469727
R078_C105,60,90,23.625
R078_C106,60,90,26.775001525878906
R078_C107,60,90,23.625
R078_C108,60,90,26.775001525878906
R078_C109,60,90,28.350000381469727
R078_C110,60,90,26.775001525878906
R078_C111,60,90,23.625
R078_C112,60,90,26.775001525878906
R078_C113,60,90,26.775001525878906
R078_C114,60,90,26.775001525878906
R078_C115,60,90,26.775001525878906
R078_C116,60,90,26.775001525878906
R078_C117,60,90,28.350000381469727
R078_C118,60,90,26.775001525878906
R078_C119,60,90,28.350000381469727
R078_C120,60,90,23.625
R078_C121,60,90,26.775001525878906
R078_C122,60,90,28.350000381469727
R078_C123,60,90,23.625
R078_C124,60,90,26.775001525878906
R078_C125,60,90,23.625
R078_C126,60,90,26.775001525878906
R078_C127,60,90,26.775001525878906
R078_C128,60,90,23.625
R078_C129,60,90,23.625
R078_C130,60,90,23.625
R079_C069,60,90,26.775001525878906
R079_C070,60,90,26.775001525878906
R079_C071,60,90,26.775001525878906
R079_C072,60,90,26.775001525878906
R079_C073,60,90,26.775001525878906
R079_C074,60,90,26.775001525878906
R079_C075,60,90,26.775001525878906
R079_C076,60,90,26.775001525878906
R079_C077,60,90,26.775001525878906
R079_C078,60,90,9.450000762939453
R079_C079,60,90,9.450000762939453
R079_C080,60,90,26.775001525878906
R079_C081,60,90,26.775001525878906
R079_C082,60,90,23.625
R079_C083,60,90,28.350000381469727
R079_C084,60,90,28.350000381469727
R079_C085,60,90,23.625
R079_C086,60,90,28.350000381469727
R079_C087,60,90,23.625
R079_C088,60,90,23.625
R079_C089,60,90,23.625
R079_C090,60,90,23.625
R079_C091,60,90,23.625
R079_C092,60,90,23.625
R079_C093,60,90,9.450000762939453
R079_C094,60,90,26.775001525878906
R079_C095,60,90,26.775001525878906
R079_C096,60,90,26.775001525878906
R079_C097,60,90,26.775001525878906
R079_C098,60,90,26.775001525878906
R079_C099,60,90,9.450000762939453
R079_C100,60,90,9.450000762939453
R079_C101,60,90,23.625
R079_C102,60,90,23.625
R079_C103,60,90,23.625
R079_C104,60,90,28.350000381469727
R079_C105,60,90,23.625
R079_C106,60,90,26.775001525878906
R079_C107,60,90,28.350000381469727
R079_C108,60,90,26.775001525878906
R079_C109,60,90,28.350000381469727
R079_C110,60,90,26.775001525878906
R079_C111,60,90,26.775001525878906
R079_C112,60,90,26.775001525878906
R079_C113,60,90,23.625
R079_C114,60,90,23.625
R079_C115,60,90,23.625
R079_C116,60,90,28.350000381469727
R079_C117,60,90,28.350000381469727
R079_C118,60,90,26.775001525878906
R079_C119,60,90,26.775001525878906
R079_C120,60,90,26.775001525878906
R079_C121,60,90,26.775001525878906
R079_C122,60,90,26.775001525878906
R079_C123,60,90,26.775001525878906
R079_C124,60,90,26.775001525878906
R079_C125,60,90,28.350000381469727
R079_C126,60,90,26.775001525878906
R079_C127,60,90,26.775001525878906
R079_C128,60,90,23.625
R079_C129,60,90,23.625
R079_C130,60,90,23.625
R079_C131,60,90,23.625
R079_C132,60,90,23.625
R080_C068,60,90,26.775001525878906
R080_C069,60,90,26.775001525878906
R080_C070,60,90,23.625
R080_C071,60,90,28.350000381469727
R080_C072,60,90,28.350000381469727
R080_C073,60,90,23.625
R080_C074,60,90,23.625
R080_C075,60,90,23.625
R080_C076,60,90,26.775001525878906
R080_C077,60,90,26.775001525878906
R080_C078,60,90,23.625
R080_C079,60,90,26.775001525878906
R080_C080,60,90,26.775001525878906
R080_C081,60,90,26.775001525878906
R080_C082,60,90,23.625
R080_C083,60,90,26.775001525878906
R080_C084,60,90,26.775001525878906
R080_C085,60,90,23.625
R080_C086,60,90,28.350000381469727
R080_C087,60,90,23.625
R080_C088,60,90,23.625
R080_C089,60,90,23.625
R080_C090,60,90,23.625
R080_C091,60,90,23.625
R080_C092,60,90,23.625
R080_C093,60,90,9.450000762939453
R080_C094,60,90,28.350000381469727
R080_C095,60,90,26.775001525878906
R080_C096,60,90,26.775001525878906
R080_C097,60,90,26.775001525878906
R080_C098,60,90,26.775001525878906
R080_C099,60,90,9.450000762939453
R080_C100,60,90,28.350000381469727
R080_C101,60,90,28.350000381469727
R080_C102,60,90,23.625
R080_C103,60,90,23.625
R080_C104,60,90,23.625
R080_C105,60,90,23.625
R080_C106,60,90,26.775001525878906
R080_C107,60,90,26.775001525878906
R080_C108,60,90,26.775001525878906
R080_C109,60,90,26.775001525878906
R080_C110,60,90,26.775001525878906
R080_C111,60,90,26.775001525878906
R080_C112,60,90,28.350000381469727
R080_C113,60,90,23.625
R080_C114,60,90,28.350000381469727
R080_C115,60,90,23.625
R080_C116,60,90,23.625
R080_C117,60,90,26.775001525878906
R080_C118,60,90,28.350000381469727
R080_C119,60,90,26.775001525878906
R080_C120,60,90,26.775001525878906
R080_C121,60,90,23.625
R080_C122,60,90,26.775001525878906
R080_C123,60,90,28.350000381469727
R080_C124,60,90,23.625
R080_C125,60,90,23.625
R080_C126,60,90,23.625
R080_C127,60,90,26.775001525878906
R080_C128,60,90,23.625
R080_C129,60,90,23.625
R080_C130,60,90,23.625
R080_C131,60,90,23.625
R080_C132,60,90,23.625
R080_C133,60,90,23.625
R081_C067,60,90,26.775001525878906
R081_C068,60,90,26.775001525878906
R081_C069,60,90,9.450000762939453
R081_C070,60,90,28.350000381469727
R081_C071,60,90,23.625
R081_C072,60,90,23.625
R081_C073,60,90,28.350000381469727
R081_C074,60,90,23.625
R081_C075,60,90,26.775001525878906
R081_C076,60,90,26.775001525878906
R081_C077,60,90,26.775001525878906
R081_C078,60,90,26.775001525878906
R081_C079,60,90,26.775001525878906
R081_C080,60,90,26.775001525878906
R081_C081,60,90,26.775001525878906
R081_C082,60,90,23.625
R081_C083,60,90,28.350000381469727
R081_C084,60,90,26.775001525878906
R081_C085,60,90,23.625
R081_C086,60,90,23.625
R081_C087,60,90,23.625
R081_C088,60,90,23.625
R081_C089,60,90,23.625
R081_C090,60,90,23.625
R081_C091,60,90,23.625
R081_C092,60,90,23.625
R081_C093,60,90,9.450000762939453
R081_C094,60,90,23.625
R081_C095,60,90,23.625
R081_C096,60,90,26.775001525878906
R081_C097,60,90,26.775001525878906
R081_C098,60,90,23.625
R081_C099,60,90,26.775001525878906
R081_C100,60,90,28.350000381469727
R081_C101,60,90,28.350000381469727
R081_C102,60,90,28.350000381469727
R081_C103,60,90,28.350000381469727
R081_C104,60,90,28.350000381469727
R081_C105,60,90,28.350000381469727
R081_C106,60,90,26.775001525878906
R081_C107,60,90,28.350000381469727
R081_C108,60,90,26.775001525878906
R081_C109,60,90,26.775001525878906
R081_C110,60,90,28.350000381469727
R081_C111,60,90,26.775001525878906
R081_C112,60,90,23.625
R081_C113,60,90,26.775001525878906
R081_C114,60,90,26.775001525878906
R081_C115,60,90,26.775001525878906
R081_C116,60,90,26.775001525878906
R081_C117,60,90,26.775001525878906
R081_C118,60,90,23.625
R081_C119,60,90,26.775001525878906
R081_C120,60,90,26.775001525878906
R081_C121,60,90,28.350000381469727
R081_C122,60,90,26.775001525878906
R081_C123,60,90,28.350000381469727
R081_C124,60,90,26.775001525878906
R081_C125,60,90,26.775001525878906
R081_C126,60,90,26.775001525878906
R081_C127,60,90,26.775001525878906
R081_C128,60,90,23.625
R081_C129,60,90,23.625
R081_C130,60,90,23.625
R081_C131,60,90,23.625
R081_C132,60,90,23.625
R081_C133,60,90,23.625
R081_C134,60,90,23.625
R082_C068,60,90,26.775001525878906
R082_C069,60,90,26.775001525878906
R082_C070,60,90,26.775001525878906
R082_C071,60,90,26.775001525878906
R082_C072,60,90,26.775001525878906
R082_C073,60,90,26.775001525878906
R082_C074,60,90,26.775001525878906
R082_C075,60,90,26.775001525878906
R082_C076,60,90,26.775001525878906
R082_C077,60,90,26.775001525878906
R082_C078,60,90,26.775001525878906
R082_C079,60,90,26.775001525878906
R082_C080,60,90,23.625
R082_C081,60,90,28.350000381469727
R082_C082,60,90,26.775001525878906
R082_C083,60,90,26.775001525878906
R082_C084,60,90,26.775001525878906
R082_C085,60,90,26.775001525878906
R082_C086,60,90,26.775001525878906
R082_C087,60,90,23.625
R082_C088,60,90,23.625
R082_C089,60,90,23.625
R082_C090,60,90,23.625
R082_C091,60,90,23.625
R082_C092,60,90,9.450000762939453
R082_C093,60,90,26.775001525878906
R082_C094,60,90,28.350000381469727
R082_C095,60,90,26.775001525878906
R082_C096,60,90,26.775001525878906
R082_C097,60,90,26.775001525878906
R082_C098,60,90,23.625
R082_C099,60,90,9.450000762939453
R082_C100,60,90,28.350000381469727
R082_C101,60,90,28.350000381469727
R082_C102,60,90,28.350000381469727
R082_C103,60,90,28.350000381469727
R082_C104,60,90,28.350000381469727
R082_C105,60,90,28.350000381469727
R082_C106,60,90,28.350000381469727
R082_C107,60,90,28.350000381469727
R082_C108,60,90,28.350000381469727
R082_C109,60,90,26.775001525878906
R082_C110,60,90,28.350000381469727
R082_C111,60,90,26.775001525878906
R082_C112,60,90,28.350000381469727
R082_C113,60,90,26.775001525878906
R082_C114,60,90,26.775001525878906
R082_C115,60,90,23.625
R082_C116,60,90,23.625
R082_C117,60,90,26.775001525878906
R082_C118,60,90,28.350000381469727
R082_C119,60,90,26.775001525878906
R082_C120,60,90,28.350000381469727
R082_C121,60,90,26.775001525878906
R082_C122,60,90,28.350000381469727
R082_C123,60,90,26.775001525878906
R082_C124,60,90,9.450000762939453
R082_C125,60,90,26.775001525878906
R082_C126,60,90,23.625
R082_C127,60,90,26.775001525878906
R082_C128,60,90,28.350000381469727
R082_C129,60,90,23.625
R082_C130,60,90,23.625
R082_C131,60,90,23.625
R082_C132,60,90,23.625
R082_C133,60,90,23.625
R082_C134,60,90,23.625
R082_C135,60,90,23.625
R083_C068,60,90,28.350000381469727
R083_C069,60,90,23.625
R083_C070,60,90,28.350000381469727
R083_C071,60,90,23.625
R083_C072,60,90,28.350000381469727
R083_C073,60,90,26.775001525878906
R083_C074,60,90,26.775001525878906
R083_C075,60,90,28.350000381469727
R083_C076,60,90,23.625
R083_C077,60,90,28.350000381469727
R083_C078,60,90,26.775001525878906
R083_C079,60,90,26.775001525878906
R083_C080,60,90,26.775001525878906
R083_C081,60,90,26.775001525878906
R083_C082,60,90,28.350000381469727
R083_C083,60,90,26.775001525878906
R083_C084,60,90,26.775001525878906
R083_C085,60,90,26.775001525878906
R083_C086,60,90,23.625
R083_C087,60,90,23.625
R083_C088,60,90,23.625
R083_C089,60,90,23.625
R083_C090,60,90,23.625
R083_C091,60,90,23.625
R083_C092,60,90,9.450000762939453
R083_C093,60,90,26.775001525878906
R083_C094,60,90,28.350000381469727
R083_C095,60,90,26.775001525878906
R083_C096,60,90,26.775001525878906
R083_C097,60,90,26.775001525878906
R083_C098,60,90,23.625
R083_C099,60,90,9.450000762939453
R083_C100,60,90,28.350000381469727
R083_C101,60,90,26.775001525878906
R083_C102,60,90,28.350000381469727
R083_C103,60,90,23.625
R083_C104,60,90,23.625
R083_C105,60,90,23.625
R083_C106,60,90,26.775001525878906
R083_C107,60,90,28.350000381469727
R083_C108,60,90,26.775001525878906
R083_C109,60,90,26.775001525878906
R083_C110,60,90,28.350000381469727
R083_C111,60,90,26.775001525878906
R083_C112,60,90,23.625
R083_C113,60,90,26.775001525878906
R083_C114,60,90,28.350000381469727
R083_C115,60,90,26.775001525878906
R083_C116,60,90,26.775001525878906
R083_C117,60,90,26.775001525878906
R083_C118,60,90,28.350000381469727
R083_C119,60,90,26.775001525878906
R083_C120,60,90,28.350000381469727
R083_C121,60,90,26.775001525878906
R083_C122,60,90,23.625
R083_C123,60,90,26.775001525878906
R083_C124,60,90,9.450000762939453
R083_C125,60,90,26.775001525878906
R083_C126,60,90,28.350000381469727
R083_C127,60,90,26.775001525878906
R083_C128,60,90,26.775001525878906
R083_C129,60,90,23.625
R083_C130,60,90,23.625
R083_C131,60,90,23.625
R083_C132,60,90,23.625
R083_C133,60,90,23.625
R083_C134,60,90,23.625
R083_C135,60,90,28.350000381469727
R083_C136,60,90,26.775001525878906
R084_C068,60,90,28.350000381469727
R084_C069,60,90,23.625
R084_C070,60,90,28.350000381469727
R084_C071,60,90,28.350000381469727
R084_C072,60,90,28.350000381469727
R084_C073,60,90,26.775001525878906
R084_C074,60,90,28.350000381469727
R084_C075,60,90,28.350000381469727
R084_C076,60,90,23.625
R084_C077,60,90,28.350000381469727
R084_C078,60,90,28.350000381469727
R084_C079,60,90,26.775001525878906
R084_C080,60,90,26.775001525878906
R084_C081,60,90,26.775001525878906
R084_C082,60,90,28.350000381469727
R084_C083,60,90,28.350000381469727
R084_C084,60,90,26.775001525878906
R084_C085,60,90,23.625
R084_C086,60,90,23.625
R084_C087,60,90,23.625
R084_C088,60,90,23.625
R084_C089,60,90,23.625
R084_C090,60,90,23.625
R084_C091,60,90,23.625
R084_C092,60,90,9.450000762939453
R084_C093,60,90,9.450000762939453
R084_C094,60,90,23.625
R084_C095,60,90,23.625
R084_C096,60,90,26.775001525878906
R084_C097,60,90,23.625
R084_C098,60,90,23.625
R084_C099,60,90,26.775001525878906
R084_C100,60,90,26.775001525878906
R084_C101,60,90,26.775001525878906
R084_C102,60,90,26.775001525878906
R084_C103,60,90,26.775001525878906
R084_C104,60,90,26.775001525878906
R084_C105,60,90,26.775001525878906
R084_C106,60,90,26.775001525878906
R084_C107,60,90,26.775001525878906
R084_C108,60,90,26.775001525878906
R084_C109,60,90,26.775001525878906
R084_C110,60,90,26.775001525878906
R084_C111,60,90,26.775001525878906
R084_C112,60,90,26.775001525878906
R084_C113,60,90,26.775001525878906
R084_C114,60,90,26.775001525878906
R084_C115,60,90,26.775001525878906
R084_C116,60,90,26.775001525878906
R084_C117,60,90,26.775001525878906
R084_C118,60,90,28.350000381469727
R084_C119,60,90,28.350000381469727
R084_C120,60,90,26.775001525878906
R084_C121,60,90,28.350000381469727
R084_C122,60,90,26.775001525878906
R084_C123,60,90,26.775001525878906
R084_C124,60,90,9.450000762939453
R084_C125,60,90,26.775001525878906
R084_C126,60,90,28.350000381469727
R084_C127,60,90,26.775001525878906
R084_C128,60,90,26.775001525878906
R084_C129,60,90,28.350000381469727
R084_C130,60,90,23.625
R084_C131,60,90,23.625
R084_C132,60,90,23.625
R084_C133,60,90,23.625
R084_C134,60,90,23.625
R084_C135,60,90,28.350000381469727
R084_C136,60,90,26.775001525878906
R084_C137,60,90,23.625
R085_C068,60,90,28.350000381469727
R085_C069,60,90,26.775001525878906
R085_C070,60,90,26.775001525878906
R085_C071,60,90,26.775001525878906
R085_C072,60,90,26.775001525878906
R085_C073,60,90,26.775001525878906
R085_C074,60,90,23.625
R085_C075,60,90,23.625
R085_C076,60,90,23.625
R085_C077,60,90,28.350000381469727
R085_C078,60,90,28.350000381469727
R085_C079,60,90,26.775001525878906
R085_C080,60,90,28.350000381469727
R085_C081,60,90,26.775001525878906
R085_C082,60,90,26.775001525878906
R085_C083,60,90,26.775001525878906
R085_C084,60,90,26.775001525878906
R085_C085,60,90,26.775001525878906
R085_C086,60,90,26.775001525878906
R085_C087,60,90,26.775001525878906
R085_C088,60,90,26.775001525878906
R085_C089,60,90,26.775001525878906
R085_C090,60,90,26.775001525878906
R085_C091,60,90,26.775001525878906
R085_C092,60,90,26.775001525878906
R085_C093,60,90,26.775001525878906
R085_C094,60,90,26.775001525878906
R085_C095,60,90,26.775001525878906
R085_C096,60,90,26.775001525878906
R085_C097,60,90,26.775001525878906
R085_C098,60,90,26.775001525878906
R085_C099,60,90,26.775001525878906
R085_C100,60,90,28.350000381469727
R085_C101,60,90,28.350000381469727
R085_C102,60,90,23.625
R085_C103,60,90,28.350000381469727
R085_C104,60,90,23.625
R085_C105,60,90,23.625
R085_C106,60,90,26.775001525878906
R085_C107,60,90,28.350000381469727
R085_C108,60,90,23.625
R085_C109,60,90,23.625
R085_C110,60,90,26.775001525878906
R085_C111,60,90,23.625
R085_C112,60,90,23.625
R085_C113,60,90,23.625
R085_C114,60,90,26.775001525878906
R085_C115,60,90,23.625
R085_C116,60,90,26.775001525878906
R085_C117,60,90,26.775001525878906
R085_C118,60,90,28.350000381469727
R085_C119,60,90,28.350000381469727
R085_C120,60,90,26.775001525878906
R085_C121,60,90,23.625
R085_C122,60,90,28.350000381469727
R085_C123,60,90,26.775001525878906
R085_C124,60,90,26.775001525878906
R085_C125,60,90,26.775001525878906
R085_C126,60,90,26.775001525878906
R085_C127,60,90,26.775001525878906
R085_C128,60,90,26.775001525878906
R085_C129,60,90,28.350000381469727
R085_C130,60,90,23.625
R085_C131,60,90,23.625
R085_C132,60,90,23.625
R085_C133,60,90,23.625
R085_C134,60,90,23.625
R085_C135,60,90,28.350000381469727
R085_C136,60,90,28.350000381469727
R085_C137,60,90,23.625
R086_C068,60,90,28.350000381469727
R086_C069,60,90,28.350000381469727
R086_C070,60,90,28.350000381469727
R086_C071,60,90,26.775001525878906
R086_C072,60,90,26.775001525878906
R086_C073,60,90,26.775001525878906
R086_C074,60,90,23.625
R086_C075,60,90,26.775001525878906
R086_C076,60,90,26.775001525878906
R086_C077,60,90,26.775001525878906
R086_C078,60,90,26.775001525878906
R086_C079,60,90,28.350000381469727
R086_C080,60,90,28.350000381469727
R086_C081,60,90,28.350000381469727
R086_C082,60,90,23.625
R086_C083,60,90,23.625
R086_C084,60,90,23.625
R086_C085,60,90,26.775001525878906
R086_C086,60,90,28.350000381469727
R086_C087,60,90,23.625
R086_C088,60,90,23.625
R086_C089,60,90,23.625
R086_C090,60,90,23.625
R086_C091,60,90,23.625
R086_C092,60,90,23.625
R086_C093,60,90,26.775001525878906
R086_C094,60,90,28.350000381469727
R086_C095,60,90,26.775001525878906
R086_C096,60,90,28.350000381469727
R086_C097,60,90,28.350000381469727
R086_C098,60,90,26.775001525878906
R086_C099,60,90,23.625
R086_C100,60,90,28.350000381469727
R086_C101,60,90,28.350000381469727
R086_C102,60,90,26.775001525878906
R086_C103,60,90,26.775001525878906
R086_C104,60,90,26.775001525878906
R086_C105,60,90,26.775001525878906
R086_C106,60,90,26.775001525878906
R086_C107,60,90,26.775001525878906
R086_C108,60,90,26.775001525878906
R086_C109,60,90,26.775001525878906
R086_C110,60,90,26.775001525878906
R086_C111,60,90,26.775001525878906
R086_C112,60,90,26.775001525878906
R086_C113,60,90,26.775001525878906
R086_C114,60,90,28.350000381469727
R086_C115,60,90,23.625
R086_C116,60,90,28.350000381469727
R086_C117,60,90,28.350000381469727
R086_C118,60,90,26.775001525878906
R086_C119,60,90,26.775001525878906
R086_C120,60,90,26.775001525878906
R086_C121,60,90,28.350000381469727
R086_C122,60,90,26.775001525878906
R086_C123,60,90,28.350000381469727
R086_C124,60,90,26.775001525878906
R086_C125,60,90,23.625
R086_C126,60,90,28.350000381469727
R086_C127,60,90,26.775001525878906
R086_C128,60,90,26.775001525878906
R086_C129,60,90,23.625
R086_C130,60,90,28.350000381469727
R086_C131,60,90,28.350000381469727
R086_C132,60,90,28.350000381469727
R086_C133,60,90,23.625
R086_C134,60,90,23.625
R086_C135,60,90,26.775001525878906
R086_C136,60,90,26.775001525878906
R086_C137,60,90,26.775001525878906
R087_C068,60,90,23.625
R087_C069,60,90,26.775001525878906
R087_C070,60,90,26.775001525878906
R087_C071,60,90,26.775001525878906
R087_C072,60,90,26.775001525878906
R087_C073,60,90,28.350000381469727
R087_C074,60,90,28.350000381469727
R087_C075,60,90,26.775001525878906
R087_C076,60,90,23.625
R087_C077,60,90,23.625
R087_C078,60,90,23.625
R087_C079,60,90,28.350000381469727
R087_C080,60,90,23.625
R087_C081,60,90,23.625
R087_C082,60,90,23.625
R087_C083,60,90,23.625
R087_C084,60,90,23.625
R087_C085,60,90,26.775001525878906
R087_C086,60,90,23.625
R087_C087,60,90,23.625
R087_C088,60,90,28.350000381469727
R087_C089,60,90,23.625
R087_C090,60,90,23.625
R087_C091,60,90,23.625
R087_C092,60,90,23.625
R087_C093,60,90,23.625
R087_C094,60,90,23.625
R087_C095,60,90,23.625
R087_C096,60,90,26.775001525878906
R087_C097,60,90,26.775001525878906
R087_C098,60,90,26.775001525878906
R087_C099,60,90,23.625
R087_C100,60,90,23.625
R087_C101,60,90,28.350000381469727
R087_C102,60,90,23.625
R087_C103,60,90,26.775001525878906
R087_C104,60,90,26.775001525878906
R087_C105,60,90,26.775001525878906
R087_C106,60,90,26.775001525878906
R087_C107,60,90,26.775001525878906
R087_C108,60,90,26.775001525878906
R087_C109,60,90,23.625
R087_C110,60,90,26.775001525878906
R087_C111,60,90,23.625
R087_C112,60,90,26.775001525878906
R087_C113,60,90,28.350000381469727
R087_C114,60,90,26.775001525878906
R087_C115,60,90,26.775001525878906
R087_C116,60,90,26.775001525878906
R087_C117,60,90,28.350000381469727
R087_C118,60,90,28.350000381469727
R087_C119,60,90,26.775001525878906
R087_C120,60,90,26.775001525878906
R087_C121,60,90,26.775001525878906
R087_C122,60,90,26.775001525878906
R087_C123,60,90,23.625
R087_C124,60,90,26.775001525878906
R087_C125,60,90,26.775001525878906
R087_C126,60,90,28.350000381469727
R087_C127,60,90,28.350000381469727
R087_C128,60,90,26.775001525878906
R087_C129,60,90,26.775001525878906
R087_C130,60,90,26.775001525878906
R087_C131,60,90,26.775001525878906
R087_C132,60,90,26.775001525878906
R087_C133,60,90,26.775001525878906
R087_C134,60,90,26.775001525878906
R087_C135,60,90,28.350000381469727
R087_C136,60,90,23.625
R087_C137,60,90,26.775001525878906
R088_C068,60,90,26.775001525878906
R088_C069,60,90,26.775001525878906
R088_C070,60,90,23.625
R088_C071,60,90,26.775001525878906
R088_C072,60,90,28.350000381469727
R088_C073,60,90,26.775001525878906
R088_C074,60,90,28.350000381469727
R088_C075,60,90,26.775001525878906
R088_C076,60,90,23.625
R088_C077,60,90,23.625
R088_C078,60,90,23.625
R088_C079,60,90,23.625
R088_C080,60,90,23.625
R088_C081,60,90,23.625
R088_C082,60,90,23.625
R088_C083,60,90,23.625
R088_C084,60,90,23.625
R088_C085,60,90,26.775001525878906
R088_C086,60,90,23.625
R088_C087,60,90,23.625
R088_C088,60,90,28.350000381469727
R088_C089,60,90,23.625
R088_C090,60,90,23.625
R088_C091,60,90,23.625
R088_C092,60,90,23.625
R088_C093,60,90,23.625
R088_C094,60,90,26.775001525878906
R088_C095,60,90,26.775001525878906
R088_C096,60,90,26.775001525878906
R088_C097,60,90,26.775001525878906
R088_C098,60,90,28.350000381469727
R088_C099,60,90,23.625
R088_C100,60,90,23.625
R088_C101,60,90,23.625
R088_C102,60,90,23.625
R088_C103,60,90,26.775001525878906
R088_C104,60,90,28.350000381469727
R088_C105,60,90,26.775001525878906
R088_C106,60,90,23.625
R088_C107,60,90,23.625
R088_C108,60,90,26.775001525878906
R088_C109,60,90,26.775001525878906
R088_C110,60,90,26.775001525878906
R088_C111,60,90,26.775001525878906
R088_C112,60,90,28.350000381469727
R088_C113,60,90,28.350000381469727
R088_C114,60,90,26.775001525878906
R088_C115,60,90,26.775001525878906
R088_C116,60,90,26.775001525878906
R088_C117,60,90,26.775001525878906
R088_C118,60,90,26.775001525878906
R088_C119,60,90,28.350000381469727
R088_C120,60,90,26.775001525878906
R088_C121,60,90,26.775001525878906
R088_C122,60,90,28.350000381469727
R088_C123,60,90,28.350000381469727
R088_C124,60,90,26.775001525878906
R088_C125,60,90,28.350000381469727
R088_C126,60,90,26.775001525878906
R088_C127,60,90,26.775001525878906
R088_C128,60,90,26.775001525878906
R088_C129,60,90,23.625
R088_C130,60,90,28.350000381469727
R088_C131,60,90,23.625
R088_C132,60,90,26.775001525878906
R088_C133,60,90,26.775001525878906
R088_C134,60,90,28.350000381469727
R088_C135,60,90,28.350000381469727
R088_C136,60,90,26.775001525878906
R088_C137,60,90,26.775001525878906
R089_C068,60,90,26.775001525878906
R089_C069,60,90,28.350000381469727
R089_C070,60,90,23.625
R089_C071,60,90,28.350000381469727
R089_C072,60,90,26.775001525878906
R089_C073,60,90,26.775001525878906
R089_C074,60,90,28.350000381469727
R089_C075,60,90,28.350000381469727
R089_C076,60,90,23.625
R089_C077,60,90,23.625
R089_C078,60,90,28.350000381469727
R089_C079,60,90,28.350000381469727
R089_C080,60,90,23.625
R089_C081,60,90,23.625
R089_C082,60,90,23.625
R089_C083,60,90,23.625
R089_C084,60,90,23.625
R089_C085,60,90,26.775001525878906
R089_C086,60,90,23.625
R089_C087,60,90,23.625
R089_C088,60,90,28.350000381469727
R089_C089,60,90,23.625
R089_C090,60,90,23.625
R089_C091,60,90,23.625
R089_C092,60,90,23.625
R089_C093,60,90,23.625
R089_C094,60,90,23.625
R089_C095,60,90,26.775001525878906
R089_C096,60,90,28.350000381469727
R089_C097,60,90,26.775001525878906
R089_C098,60,90,26.775001525878906
R089_C099,60,90,26.775001525878906
R089_C100,60,90,23.625
R089_C101,60,90,23.625
R089_C102,60,90,23.625
R089_C103,60,90,23.625
R089_C104,60,90,26.775001525878906
R089_C105,60,90,26.775001525878906
R089_C106,60,90,26.775001525878906
R089_C107,60,90,26.775001525878906
R089_C108,60,90,26.775001525878906
R089_C109,60,90,28.350000381469727
R089_C110,60,90,26.775001525878906
R089_C111,60,90,26.775001525878906
R089_C112,60,90,26.775001525878906
R089_C113,60,90,26.775001525878906
R089_C114,60,90,28.350000381469727
R089_C115,60,90,23.625
R089_C116,60,90,28.350000381469727
R089_C117,60,90,23.625
R089_C118,60,90,26.775001525878906
R089_C119,60,90,28.350000381469727
R089_C120,60,90,28.350000381469727
R089_C121,60,90,26.775001525878906
R089_C122,60,90,23.625
R089_C123,60,90,26.775001525878906
R089_C124,60,90,26.775001525878906
R089_C125,60,90,26.775001525878906
R089_C126,60,90,28.350000381469727
R089_C127,60,90,23.625
R089_C128,60,90,23.625
R089_C129,60,90,23.625
R089_C130,60,90,28.350000381469727
R089_C131,60,90,23.625
R089_C132,60,90,26.775001525878906
R089_C133,60,90,26.775001525878906
R089_C134,60,90,23.625
R089_C135,60,90,23.625
R089_C136,60,90,23.625
R089_C137,60,90,26.775001525878906
R090_C069,60,90,23.625
R090_C070,60,90,28.350000381469727
R090_C071,60,90,28.350000381469727
R090_C072,60,90,23.625
R090_C073,60,90,26.775001525878906
R090_C074,60,90,26.775001525878906
R090_C075,60,90,23.625
R090_C076,60,90,23.625
R090_C077,60,90,23.625
R090_C078,60,90,28.350000381469727
R090_C079,60,90,28.350000381469727
R090_C080,60,90,23.625
R090_C081,60,90,23.625
R090_C082,60,90,23.625
R090_C083,60,90,23.625
R090_C084,60,90,23.625
R090_C085,60,90,26.775001525878906
R090_C086,60,90,23.625
R090_C087,60,90,23.625
R090_C088,60,90,23.625
R090_C089,60,90,23.625
R090_C090,60,90,23.625
R090_C091,60,90,23.625
R090_C092,60,90,23.625
R090_C093,60,90,23.625
R090_C094,60,90,23.625
R090_C095,60,90,26.775001525878906
R090_C096,60,90,26.775001525878906
R090_C097,60,90,26.775001525878906
R090_C098,60,90,26.775001525878906
R090_C099,60,90,26.775001525878906
R090_C100,60,90,23.625
R090_C101,60,90,23.625
R090_C102,60,90,23.625
R090_C103,60,90,23.625
R090_C104,60,90,28.350000381469727
R090_C105,60,90,28.350000381469727
R090_C106,60,90,28.350000381469727
R090_C107,60,90,26.775001525878906
R090_C108,60,90,26.775001525878906
R090_C109,60,90,23.625
R090_C110,60,90,26.775001525878906
R090_C111,60,90,28.350000381469727
R090_C112,60,90,26.775001525878906
R090_C113,60,90,26.775001525878906
R090_C114,60,90,28.350000381469727
R090_C115,60,90,26.775001525878906
R090_C116,60,90,28.350000381469727
R090_C117,60,90,28.350000381469727
R090_C118,60,90,26.775001525878906
R090_C119,60,90,26.775001525878906
R090_C120,60,90,26.775001525878906
R090_C121,60,90,26.775001525878906
R090_C122,60,90,26.775001525878906
R090_C123,60,90,26.775001525878906
R090_C124,60,90,26.775001525878906
R090_C125,60,90,28.350000381469727
R090_C126,60,90,23.625
R090_C127,60,90,23.625
R090_C128,60,90,23.625
R090_C129,60,90,23.625
R090_C130,60,90,23.625
R090_C131,60,90,23.625
R090_C132,60,90,23.625
R090_C133,60,90,26.775001525878906
R090_C134,60,90,28.350000381469727
R090_C135,60,90,28.350000381469727
R090_C136,60,90,28.350000381469727
R090_C137,60,90,26.775001525878906
R091_C069,60,90,26.775001525878906
R091_C070,60,90,26.775001525878906
R091_C071,60,90,23.625
R091_C072,60,90,28.350000381469727
R091_C073,60,90,26.775001525878906
R091_C074,60,90,23.625
R091_C075,60,90,28.350000381469727
R091_C076,60,90,23.625
R091_C077,60,90,23.625
R091_C078,60,90,23.625
R091_C079,60,90,28.350000381469727
R091_C080,60,90,23.625
R091_C081,60,90,23.625
R091_C082,60,90,28.350000381469727
R091_C083,60,90,28.350000381469727
R091_C084,60,90,23.625
R091_C085,60,90,26.775001525878906
R091_C086,60,90,23.625
R091_C087,60,90,23.625
R091_C088,60,90,23.625
R091_C089,60,90,23.625
R091_C090,60,90,23.625
R091_C091,60,90,23.625
R091_C092,60,90,23.625
R091_C093,60,90,23.625
R091_C094,60,90,23.625
R091_C095,60,90,26.775001525878906
R091_C096,60,90,28.350000381469727
R091_C097,60,90,26.775001525878906
R091_C098,60,90,26.775001525878906
R091_C099,60,90,26.775001525878906
R091_C100,60,90,26.775001525878906
R091_C101,60,90,26.775001525878906
R091_C102,60,90,23.625
R091_C103,60,90,23.625
R091_C104,60,90,26.775001525878906
R091_C105,60,90,28.350000381469727
R091_C106,60,90,28.350000381469727
R091_C107,60,90,26.775001525878906
R091_C108,60,90,26.775001525878906
R091_C109,60,90,26.775001525878906
R091_C110,60,90,26.775001525878906
R091_C111,60,90,26.775001525878906
R091_C112,60,90,28.350000381469727
R091_C113,60,90,28.350000381469727
R091_C114,60,90,28.350000381469727
R091_C115,60,90,28.350000381469727
R091_C116,60,90,23.625
R091_C117,60,90,23.625
R091_C118,60,90,23.625
R091_C119,60,90,28.350000381469727
R091_C120,60,90,26.775001525878906
R091_C121,60,90,26.775001525878906
R091_C122,60,90,26.775001525878906
R091_C123,60,90,23.625
R091_C124,60,90,26.775001525878906
R091_C125,60,90,23.625
R091_C126,60,90,23.625
R091_C127,60,90,23.625
R091_C128,60,90,23.625
R091_C129,60,90,23.625
R091_C130,60,90,23.625
R091_C131,60,90,23.625
R091_C132,60,90,23.625
R091_C133,60,90,26.775001525878906
R091_C134,60,90,23.625
R091_C135,60,90,23.625
R091_C136,60,90,28.350000381469727
R091_C137,60,90,26.775001525878906
R092_C069,60,90,23.625
R092_C070,60,90,23.625
R092_C071,60,90,23.625
R092_C072,60,90,28.350000381469727
R092_C073,60,90,26.775001525878906
R092_C074,60,90,28.350000381469727
R092_C075,60,90,23.625
R092_C076,60,90,28.350000381469727
R092_C077,60,90,23.625
R092_C078,60,90,23.625
R092_C079,60,90,23.625
R092_C080,60,90,23.625
R092_C081,60,90,23.625
R092_C082,60,90,23.625
R092_C083,60,90,23.625
R092_C084,60,90,23.625
R092_C085,60,90,26.775001525878906
R092_C086,60,90,23.625
R092_C087,60,90,23.625
R092_C088,60,90,23.625
R092_C089,60,90,23.625
R092_C090,60,90,23.625
R092_C091,60,90,23.625
R092_C092,60,90,23.625
R092_C093,60,90,23.625
R092_C094,60,90,23.625
R092_C095,60,90,26.775001525878906
R092_C096,60,90,23.625
R092_C097,60,90,23.625
R092_C098,60,90,28.350000381469727
R092_C099,60,90,26.775001525878906
R092_C100,60,90,23.625
R092_C101,60,90,26.775001525878906
R092_C102,60,90,26.775001525878906
R092_C103,60,90,23.625
R092_C104,60,90,23.625
R092_C105,60,90,23.625
R092_C106,60,90,28.350000381469727
R092_C107,60,90,23.625
R092_C108,60,90,26.775001525878906
R092_C109,60,90,23.625
R092_C110,60,90,26.775001525878906
R092_C111,60,90,23.625
R092_C112,60,90,28.350000381469727
R092_C113,60,90,26.775001525878906
R092_C114,60,90,23.625
R092_C115,60,90,26.775001525878906
R092_C116,60,90,26.775001525878906
R092_C117,60,90,26.775001525878906
R092_C118,60,90,26.775001525878906
R092_C119,60,90,26.775001525878906
R092_C120,60,90,26.775001525878906
R092_C121,60,90,26.775001525878906
R092_C122,60,90,23.625
R092_C123,60,90,23.625
R092_C124,60,90,28.350000381469727
R092_C125,60,90,23.625
R092_C126,60,90,23.625
R092_C127,60,90,23.625
R092_C128,60,90,23.625
R092_C129,60,90,23.625
R092_C130,60,90,23.625
R092_C131,60,90,23.625
R092_C132,60,90,23.625
R092_C133,60,90,23.625
R092_C134,60,90,23.625
R092_C135,60,90,28.350000381469727
R092_C136,60,90,23.625
R092_C137,60,90,23.625
R093_C069,60,90,23.625
R093_C070,60,90,23.625
R093_C071,60,90,28.350000381469727
R093_C072,60,90,26.775001525878906
R093_C073,60,90,26.775001525878906
R093_C074,60,90,23.625
R093_C075,60,90,23.625
R093_C076,60,90,23.625
R093_C077,60,90,23.625
R093_C078,60,90,28.350000381469727
R093_C079,60,90,23.625
R093_C080,60,90,28.350000381469727
R093_C081,60,90,23.625
R093_C082,60,90,23.625
R093_C083,60,90,23.625
R093_C084,60,90,23.625
R093_C085,60,90,26.775001525878906
R093_C086,60,90,23.625
R093_C087,60,90,23.625
R093_C088,60,90,23.625
R093_C089,60,90,23.625
R093_C090,60,90,23.625
R093_C091,60,90,23.625
R093_C092,60,90,23.625
R093_C093,60,90,23.625
R093_C094,60,90,23.625
R093_C095,60,90,26.775001525878906
R093_C096,60,90,28.350000381469727
R093_C097,60,90,26.775001525878906
R093_C098,60,90,26.775001525878906
R093_C099,60,90,26.775001525878906
R093_C100,60,90,23.625
R093_C101,60,90,26.775001525878906
R093_C102,60,90,26.775001525878906
R093_C103,60,90,26.775001525878906
R093_C104,60,90,23.625
R093_C105,60,90,23.625
R093_C106,60,90,23.625
R093_C107,60,90,23.625
R093_C108,60,90,26.775001525878906
R093_C109,60,90,26.775001525878906
R093_C110,60,90,26.775001525878906
R093_C111,60,90,26.775001525878906
R093_C112,60,90,23.625
R093_C113,60,90,23.625
R093_C114,60,90,26.775001525878906
R093_C115,60,90,26.775001525878906
R093_C116,60,90,23.625
R093_C117,60,90,23.625
R093_C118,60,90,23.625
R093_C119,60,90,23.625
R093_C120,60,90,23.625
R093_C121,60,90,26.775001525878906
R093_C122,60,90,26.775001525878906
R093_C123,60,90,23.625
R093_C124,60,90,23.625
R093_C125,60,90,23.625
R093_C126,60,90,23.625
R093_C127,60,90,23.625
R093_C128,60,90,23.625
R093_C129,60,90,23.625
R093_C130,60,90,23.625
R093_C131,60,90,23.625
R093_C132,60,90,28.350000381469727
R093_C133,60,90,28.350000381469727
R093_C134,60,90,26.775001525878906
R093_C135,60,90,26.775001525878906
R093_C136,60,90,26.775001525878906
R093_C137,60,90,28.350000381469727
R094_C069,60,90,23.625
R094_C070,60,90,23.625
R094_C071,60,90,23.625
R094_C072,60,90,26.775001525878906
R094_C073,60,90,26.775001525878906
R094_C074,60,90,23.625
R094_C075,60,90,23.625
R094_C076,60,90,23.625
R094_C077,60,90,23.625
R094_C078,60,90,23.625
R094_C079,60,90,23.625
R094_C080,60,90,23.625
R094_C081,60,90,23.625
R094_C082,60,90,23.625
R094_C083,60,90,23.625
R094_C084,60,90,23.625
R094_C085,60,90,26.775001525878906
R094_C086,60,90,23.625
R094_C087,60,90,23.625
R094_C088,60,90,23.625
R094_C089,60,90,23.625
R094_C090,60,90,23.625
R094_C091,60,90,23.625
R094_C092,60,90,23.625
R094_C093,60,90,23.625
R094_C094,60,90,9.450000762939453
R094_C095,60,90,9.450000762939453
R094_C096,60,90,26.775001525878906
R094_C097,60,90,26.775001525878906
R094_C098,60,90,26.775001525878906
R094_C099,60,90,26.775001525878906
R094_C100,60,90,26.775001525878906
R094_C101,60,90,26.775001525878906
R094_C102,60,90,26.775001525878906
R094_C103,60,90,26.775001525878906
R094_C104,60,90,23.625
R094_C105,60,90,26.775001525878906
R094_C106,60,90,26.775001525878906
R094_C107,60,90,23.625
R094_C108,60,90,23.625
R094_C109,60,90,28.350000381469727
R094_C110,60,90,26.775001525878906
R094_C111,60,90,23.625
R094_C112,60,90,23.625
R094_C113,60,90,26.775001525878906
R094_C114,60,90,26.775001525878906
R094_C115,60,90,23.625
R094_C116,60,90,26.775001525878906
R094_C117,60,90,23.625
R094_C118,60,90,26.775001525878906
R094_C119,60,90,23.625
R094_C120,60,90,23.625
R094_C121,60,90,26.775001525878906
R094_C122,60,90,26.775001525878906
R094_C123,60,90,23.625
R094_C124,60,90,23.625
R094_C125,60,90,23.625
R094_C126,60,90,23.625
R094_C127,60,90,23.625
R094_C128,60,90,23.625
R094_C129,60,90,26.775001525878906
R094_C130,60,90,23.625
R094_C131,60,90,23.625
R094_C132,60,90,28.350000381469727
R094_C133,60,90,26.775001525878906
R094_C134,60,90,28.350000381469727
R094_C135,60,90,23.625
R094_C136,60,90,26.775001525878906
R095_C069,60,90,28.350000381469727
R095_C070,60,90,23.625
R095_C071,60,90,28.350000381469727
R095_C072,60,90,26.775001525878906
R095_C073,60,90,26.775001525878906
R095_C074,60,90,28.350000381469727
R095_C075,60,90,28.350000381469727
R095_C076,60,90,28.350000381469727
R095_C077,60,90,28.350000381469727
R095_C078,60,90,28.350000381469727
R095_C079,60,90,28.350000381469727
R095_C080,60,90,23.625
R095_C081,60,90,23.625
R095_C082,60,90,23.625
R095_C083,60,90,23.625
R095_C084,60,90,26.775001525878906
R095_C085,60,90,26.775001525878906
R095_C086,60,90,23.625
R095_C087,60,90,23.625
R095_C088,60,90,23.625
R095_C089,60,90,28.350000381469727
R095_C090,60,90,23.625
R095_C091,60,90,23.625
R095_C092,60,90,23.625
R095_C093,60,90,23.625
R095_C094,60,90,9.450000762939453
R095_C095,60,90,9.450000762939453
R095_C096,60,90,26.775001525878906
R095_C097,60,90,26.775001525878906
R095_C098,60,90,26.775001525878906
R095_C099,60,90,26.775001525878906
R095_C100,60,90,23.625
R095_C101,60,90,26.775001525878906
R095_C102,60,90,23.625
R095_C103,60,90,26.775001525878906
R095_C104,60,90,23.625
R095_C105,60,90,26.775001525878906
R095_C106,60,90,26.775001525878906
R095_C107,60,90,23.625
R095_C108,60,90,23.625
R095_C109,60,90,23.625
R095_C110,60,90,23.625
R095_C111,60,90,23.625
R095_C112,60,90,26.775001525878906
R095_C113,60,90,26.775001525878906
R095_C114,60,90,26.775001525878906
R095_C115,60,90,26.775001525878906
R095_C116,60,90,26.775001525878906
R095_C117,60,90,26.775001525878906
R095_C118,60,90,26.775001525878906
R095_C119,60,90,23.625
R095_C120,60,90,23.625
R095_C121,60,90,26.775001525878906
R095_C122,60,90,26.775001525878906
R095_C123,60,90,23.625
R095_C124,60,90,23.625
R095_C125,60,90,23.625
R095_C126,60,90,23.625
R095_C127,60,90,23.625
R095_C128,60,90,23.625
R095_C129,60,90,26.775001525878906
R095_C130,60,90,23.625
R095_C131,60,90,23.625
R095_C132,60,90,23.625
R095_C133,60,90,23.625
R095_C134,60,90,28.350000381469727
R095_C135,60,90,28.350000381469727
R095_C136,60,90,23.625
R096_C069,60,90,23.625
R096_C070,60,90,23.625
R096_C071,60,90,23.625
R096_C072,60,90,26.775001525878906
R096_C073,60,90,26.775001525878906
R096_C074,60,90,23.625
R096_C075,60,90,23.625
R096_C076,60,90,23.625
R096_C077,60,90,28.350000381469727
R096_C078,60,90,28.350000381469727
R096_C079,60,90,23.625
R096_C080,60,90,23.625
R096_C081,60,90,23.625
R096_C082,60,90,23.625
R096_C083,60,90,23.625
R096_C084,60,90,26.775001525878906
R096_C085,60,90,26.775001525878906
R096_C086,60,90,23.625
R096_C087,60,90,23.625
R096_C088,60,90,23.625
R096_C089,60,90,23.625
R096_C090,60,90,23.625
R096_C091,60,90,23.625
R096_C092,60,90,23.625
R096_C093,60,90,23.625
R096_C094,60,90,26.775001525878906
R096_C095,60,90,26.775001525878906
R096_C096,60,90,26.775001525878906
R096_C097,60,90,26.775001525878906
R096_C098,60,90,26.775001525878906
R096_C099,60,90,26.775001525878906
R096_C100,60,90,23.625
R096_C101,60,90,28.350000381469727
R096_C102,60,90,26.775001525878906
R096_C103,60,90,26.775001525878906
R096_C104,60,90,23.625
R096_C105,60,90,26.775001525878906
R096_C106,60,90,26.775001525878906
R096_C107,60,90,28.350000381469727
R096_C108,60,90,26.775001525878906
R096_C109,60,90,26.775001525878906
R096_C110,60,90,26.775001525878906
R096_C111,60,90,26.775001525878906
R096_C112,60,90,26.775001525878906
R096_C113,60,90,23.625
R096_C114,60,90,23.625
R096_C115,60,90,23.625
R096_C116,60,90,26.775001525878906
R096_C117,60,90,26.775001525878906
R096_C118,60,90,26.775001525878906
R096_C119,60,90,26.775001525878906
R096_C120,60,90,26.775001525878906
R096_C121,60,90,26.775001525878906
R096_C122,60,90,26.775001525878906
R096_C123,60,90,23.625
R096_C124,60,90,23.625
R096_C125,60,90,23.625
R096_C126,60,90,23.625
R096_C127,60,90,23.625
R096_C128,60,90,26.775001525878906
R096_C129,60,90,26.775001525878906
R096_C130,60,90,23.625
R096_C131,60,90,23.625
R096_C132,60,90,23.625
R096_C133,60,90,23.625
R096_C134,60,90,26.775001525878906
R096_C135,60,90,28.350000381469727
R096_C136,60,90,26.775001525878906
R097_C069,60,90,23.625
R097_C070,60,90,23.625
R097_C071,60,90,23.625
R097_C072,60,90,26.775001525878906
R097_C073,60,90,23.625
R097_C074,60,90,23.625
R097_C075,60,90,23.625
R097_C076,60,90,23.625
R097_C077,60,90,28.350000381469727
R097_C078,60,90,23.625
R097_C079,60,90,28.350000381469727
R097_C080,60,90,28.350000381469727
R097_C081,60,90,23.625
R097_C082,60,90,23.625
R097_C083,60,90,23.625
R097_C084,60,90,26.775001525878906
R097_C085,60,90,26.775001525878906
R097_C086,60,90,23.625
R097_C087,60,90,23.625
R097_C088,60,90,23.625
R097_C089,60,90,23.625
R097_C090,60,90,23.625
R097_C091,60,90,23.625
R097_C092,60,90,23.625
R097_C093,60,90,23.625
R097_C094,60,90,23.625
R097_C095,60,90,28.350000381469727
R097_C096,60,90,26.775001525878906
R097_C097,60,90,26.775001525878906
R097_C098,60,90,26.775001525878906
R097_C099,60,90,26.775001525878906
R097_C100,60,90,28.350000381469727
R097_C101,60,90,26.775001525878906
R097_C102,60,90,26.775001525878906
R097_C103,60,90,26.775001525878906
R097_C104,60,90,23.625
R097_C105,60,90,26.775001525878906
R097_C106,60,90,28.350000381469727
R097_C107,60,90,28.350000381469727
R097_C108,60,90,23.625
R097_C109,60,90,26.775001525878906
R097_C110,60,90,23.625
R097_C111,60,90,26.775001525878906
R097_C112,60,90,28.350000381469727
R097_C113,60,90,23.625
R097_C114,60,90,23.625
R097_C115,60,90,28.350000381469727
R097_C116,60,90,26.775001525878906
R097_C117,60,90,26.775001525878906
R097_C118,60,90,26.775001525878906
R097_C119,60,90,23.625
R097_C120,60,90,26.775001525878906
R097_C121,60,90,23.625
R097_C122,60,90,26.775001525878906
R097_C123,60,90,23.625
R097_C124,60,90,23.625
R097_C125,60,90,23.625
R097_C126,60,90,23.625
R097_C127,60,90,23.625
R097_C128,60,90,26.775001525878906
R097_C129,60,90,23.625
R097_C130,60,90,23.625
R097_C131,60,90,23.625
R097_C132,60,90,23.625
R097_C133,60,90,28.350000381469727
R097_C134,60,90,26.775001525878906
R097_C135,60,90,23.625
R097_C136,60,90,23.625
R098_C070,60,90,23.625
R098_C071,60,90,26.775001525878906
R098_C072,60,90,26.775001525878906
R098_C073,60,90,23.625
R098_C074,60,90,23.625
R098_C075,60,90,23.625
R098_C076,60,90,23.625
R098_C077,60,90,28.350000381469727
R098_C078,60,90,9.450000762939453
R098_C079,60,90,28.350000381469727
R098_C080,60,90,23.625
R098_C081,60,90,23.625
R098_C082,60,90,23.625
R098_C083,60,90,23.625
R098_C084,60,90,26.775001525878906
R098_C085,60,90,23.625
R098_C086,60,90,23.625
R098_C087,60,90,23.625
R098_C088,60,90,23.625
R098_C089,60,90,23.625
R098_C090,60,90,23.625
R098_C091,60,90,23.625
R098_C092,60,90,23.625
R098_C093,60,90,23.625
R098_C094,60,90,23.625
R098_C095,60,90,23.625
R098_C096,60,90,23.625
R098_C097,60,90,23.625
R098_C098,60,90,26.775001525878906
R098_C099,60,90,26.775001525878906
R098_C100,60,90,26.775001525878906
R098_C101,60,90,26.775001525878906
R098_C102,60,90,26.775001525878906
R098_C103,60,90,26.775001525878906
R098_C104,60,90,26.775001525878906
R098_C105,60,90,26.775001525878906
R098_C106,60,90,23.625
R098_C107,60,90,28.350000381469727
R098_C108,60,90,23.625
R098_C109,60,90,26.775001525878906
R098_C110,60,90,26.775001525878906
R098_C111,60,90,26.775001525878906
R098_C112,60,90,23.625
R098_C113,60,90,23.625
R098_C114,60,90,23.625
R098_C115,60,90,28.350000381469727
R098_C116,60,90,26.775001525878906
R098_C117,60,90,26.775001525878906
R098_C118,60,90,26.775001525878906
R098_C119,60,90,23.625
R098_C120,60,90,26.775001525878906
R098_C121,60,90,26.775001525878906
R098_C122,60,90,26.775001525878906
R098_C123,60,90,26.775001525878906
R098_C124,60,90,26.775001525878906
R098_C125,60,90,26.775001525878906
R098_C126,60,90,26.775001525878906
R098_C127,60,90,26.775001525878906
R098_C128,60,90,26.775001525878906
R098_C129,60,90,26.775001525878906
R098_C130,60,90,26.775001525878906
R098_C131,60,90,28.350000381469727
R098_C132,60,90,28.350000381469727
R098_C133,60,90,28.350000381469727
R098_C134,60,90,26.775001525878906
R098_C135,60,90,28.350000381469727
R098_C136,60,90,26.775001525878906
R099_C070,60,90,23.625
R099_C071,60,90,23.625
R099_C072,60,90,26.775001525878906
R099_C073,60,90,23.625
R099_C074,60,90,23.625
R099_C075,60,90,23.625
R099_C076,60,90,23.625
R099_C077,60,90,23.625
R099_C078,60,90,23.625
R099_C079,60,90,23.625
R099_C080,60,90,23.625
R099_C081,60,90,28.350000381469727
R099_C082,60,90,23.625
R099_C083,60,90,26.775001525878906
R099_C084,60,90,26.775001525878906
R099_C085,60,90,28.350000381469727
R099_C086,60,90,23.625
R099_C087,60,90,23.625
R099_C088,60,90,23.625
R099_C089,60,90,23.625
R099_C090,60,90,23.625
R099_C091,60,90,23.625
R099_C092,60,90,23.625
R099_C093,60,90,23.625
R099_C094,60,90,26.775001525878906
R099_C095,60,90,28.350000381469727
R099_C096,60,90,26.775001525878906
R099_C097,60,90,28.350000381469727
R099_C098,60,90,28.350000381469727
R099_C099,60,90,26.775001525878906
R099_C100,60,90,26.775001525878906
R099_C101,60,90,23.625
R099_C102,60,90,26.775001525878906
R099_C103,60,90,23.625
R099_C104,60,90,26.775001525878906
R099_C105,60,90,26.775001525878906
R099_C106,60,90,26.775001525878906
R099_C107,60,90,26.775001525878906
R099_C108,60,90,26.775001525878906
R099_C109,60,90,26.775001525878906
R099_C110,60,90,26.775001525878906
R099_C111,60,90,23.625
R099_C112,60,90,23.625
R099_C113,60,90,23.625
R099_C114,60,90,23.625
R099_C115,60,90,28.350000381469727
R099_C116,60,90,28.350000381469727
R099_C117,60,90,26.775001525878906
R099_C118,60,90,26.775001525878906
R099_C119,60,90,23.625
R099_C120,60,90,26.775001525878906
R099_C121,60,90,26.775001525878906
R099_C122,60,90,23.625
R099_C123,60,90,26.775001525878906
R099_C124,60,90,23.625
R099_C125,60,90,28.350000381469727
R099_C126,60,90,23.625
R099_C127,60,90,23.625
R099_C128,60,90,23.625
R099_C129,60,90,26.775001525878906
R099_C130,60,90,26.775001525878906
R099_C131,60,90,26.775001525878906
R099_C132,60,90,26.775001525878906
R099_C133,60,90,26.775001525878906
R099_C134,60,90,26.775001525878906
R099_C135,60,90,23.625
R099_C136,60,90,26.775001525878906
R100_C070,60,90,23.625
R100_C071,60,90,28.350000381469727
R100_C072,60,90,26.775001525878906
R100_C073,60,90,23.625
R100_C074,60,90,23.625
R100_C075,60,90,23.625
R100_C076,60,90,23.625
R100_C077,60,90,28.350000381469727
R100_C078,60,90,28.350000381469727
R100_C079,60,90,23.625
R100_C080,60,90,23.625
R100_C081,60,90,23.625
R100_C082,60,90,23.625
R100_C083,60,90,26.775001525878906
R100_C084,60,90,26.775001525878906
R100_C085,60,90,23.625
R100_C086,60,90,23.625
R100_C087,60,90,23.625
R100_C088,60,90,23.625
R100_C089,60,90,23.625
R100_C090,60,90,23.625
R100_C091,60,90,23.625
R100_C092,60,90,23.625
R100_C093,60,90,23.625
R100_C094,60,90,28.350000381469727
R100_C095,60,90,26.775001525878906
R100_C096,60,90,26.775001525878906
R100_C097,60,90,26.775001525878906
R100_C098,60,90,26.775001525878906
R100_C099,60,90,26.775001525878906
R100_C100,60,90,26.775001525878906
R100_C101,60,90,26.775001525878906
R100_C102,60,90,26.775001525878906
R100_C103,60,90,26.775001525878906
R100_C104,60,90,26.775001525878906
R100_C105,60,90,23.625
R100_C106,60,90,23.625
R100_C107,60,90,23.625
R100_C108,60,90,23.625
R100_C109,60,90,23.625
R100_C110,60,90,26.775001525878906
R100_C111,60,90,23.625
R100_C112,60,90,23.625
R100_C113,60,90,28.350000381469727
R100_C114,60,90,28.350000381469727
R100_C115,60,90,23.625
R100_C116,60,90,26.775001525878906
R100_C117,60,90,26.775001525878906
R100_C118,60,90,26.775001525878906
R100_C119,60,90,26.775001525878906
R100_C120,60,90,26.775001525878906
R100_C121,60,90,23.625
R100_C122,60,90,23.625
R100_C123,60,90,26.775001525878906
R100_C124,60,90,28.350000381469727
R100_C125,60,90,23.625
R100_C126,60,90,23.625
R100_C127,60,90,23.625
R100_C128,60,90,23.625
R100_C129,60,90,23.625
R100_C130,60,90,26.775001525878906
R100_C131,60,90,23.625
R100_C132,60,90,26.775001525878906
R100_C133,60,90,26.775001525878906
R100_C134,60,90,26.775001525878906
R100_C135,60,90,26.775001525878906
R100_C136,60,90,26.775001525878906
R101_C071,60,90,28.350000381469727
R101_C072,60,90,23.625
R101_C073,60,90,28.350000381469727
R101_C074,60,90,23.625
R101_C075,60,90,23.625
R101_C076,60,90,23.625
R101_C077,60,90,23.625
R101_C078,60,90,23.625
R101_C079,60,90,23.625
R101_C080,60,90,23.625
R101_C081,60,90,28.350000381469727
R101_C082,60,90,26.775001525878906
R101_C083,60,90,26.775001525878906
R101_C084,60,90,23.625
R101_C085,60,90,23.625
R101_C086,60,90,23.625
R101_C087,60,90,23.625
R101_C088,60,90,23.625
R101_C089,60,90,23.625
R101_C090,60,90,23.625
R101_C091,60,90,23.625
R101_C092,60,90,23.625
R101_C093,60,90,23.625
R101_C094,60,90,26.775001525878906
R101_C095,60,90,26.775001525878906
R101_C096,60,90,26.775001525878906
R101_C097,60,90,28.350000381469727
R101_C098,60,90,28.350000381469727
R101_C099,60,90,26.775001525878906
R101_C100,60,90,28.350000381469727
R101_C101,60,90,26.775001525878906
R101_C102,60,90,26.775001525878906
R101_C103,60,90,26.775001525878906
R101_C104,60,90,26.775001525878906
R101_C105,60,90,28.350000381469727
R101_C106,60,90,26.775001525878906
R101_C107,60,90,26.775001525878906
R101_C108,60,90,28.350000381469727
R101_C109,60,90,23.625
R101_C110,60,90,26.775001525878906
R101_C111,60,90,26.775001525878906
R101_C112,60,90,23.625
R101_C113,60,90,23.625
R101_C114,60,90,28.350000381469727
R101_C115,60,90,23.625
R101_C116,60,90,23.625
R101_C117,60,90,26.775001525878906
R101_C118,60,90,26.775001525878906
R101_C119,60,90,26.775001525878906
R101_C120,60,90,23.625
R101_C121,60,90,23.625
R101_C122,60,90,23.625
R101_C123,60,90,28.350000381469727
R101_C124,60,90,26.775001525878906
R101_C125,60,90,26.775001525878906
R101_C126,60,90,26.775001525878906
R101_C127,60,90,26.775001525878906
R101_C128,60,90,26.775001525878906
R101_C129,60,90,26.775001525878906
R101_C130,60,90,26.775001525878906
R101_C131,60,90,23.625
R101_C132,60,90,23.625
R101_C133,60,90,23.625
R101_C134,60,90,26.775001525878906
R101_C135,60,90,26.775001525878906
R101_C136,60,90,26.775001525878906
R102_C072,60,90,28.350000381469727
R102_C073,60,90,28.350000381469727
R102_C074,60,90,28.350000381469727
R102_C075,60,90,23.625
R102_C076,60,90,23.625
R102_C077,60,90,23.625
R102_C078,60,90,28.350000381469727
R102_C079,60,90,23.625
R102_C080,60,90,28.350000381469727
R102_C081,60,90,26.775001525878906
R102_C082,60,90,26.775001525878906
R102_C083,60,90,23.625
R102_C084,60,90,23.625
R102_C085,60,90,23.625
R102_C086,60,90,23.625
R102_C087,60,90,23.625
R102_C088,60,90,23.625
R102_C089,60,90,23.625
R102_C090,60,90,23.625
R102_C091,60,90,23.625
R102_C092,60,90,23.625
R102_C093,60,90,28.350000381469727
R102_C094,60,90,26.775001525878906
R102_C095,60,90,28.350000381469727
R102_C096,60,90,26.775001525878906
R102_C097,60,90,26.775001525878906
R102_C098,60,90,26.775001525878906
R102_C099,60,90,26.775001525878906
R102_C100,60,90,26.775001525878906
R102_C101,60,90,26.775001525878906
R102_C102,60,90,28.350000381469727
R102_C103,60,90,26.775001525878906
R102_C104,60,90,26.775001525878906
R102_C105,60,90,26.775001525878906
R102_C106,60,90,28.350000381469727
R102_C107,60,90,26.775001525878906
R102_C108,60,90,23.625
R102_C109,60,90,23.625
R102_C110,60,90,26.775001525878906
R102_C111,60,90,23.625
R102_C112,60,90,23.625
R102_C113,60,90,23.625
R102_C114,60,90,23.625
R102_C115,60,90,28.350000381469727
R102_C116,60,90,26.775001525878906
R102_C117,60,90,26.775001525878906
R102_C118,60,90,26.775001525878906
R102_C119,60,90,23.625
R102_C120,60,90,23.625
R102_C121,60,90,23.625
R102_C122,60,90,23.625
R102_C123,60,90,23.625
R102_C124,60,90,26.775001525878906
R102_C125,60,90,23.625
R102_C126,60,90,23.625
R102_C127,60,90,23.625
R102_C128,60,90,23.625
R102_C129,60,90,23.625
R102_C130,60,90,23.625
R102_C131,60,90,23.625
R102_C132,60,90,23.625
R102_C133,60,90,23.625
R102_C134,60,90,23.625
R102_C135,60,90,26.775001525878906
R102_C136,60,90,26.775001525878906
R103_C073,60,90,28.350000381469727
R103_C074,60,90,28.350000381469727
R103_C075,60,90,23.625
R103_C076,60,90,23.625
R103_C077,60,90,23.625
R103_C078,60,90,23.625
R103_C079,60,90,23.625
R103_C080,60,90,23.625
R103_C081,60,90,26.775001525878906
R103_C082,60,90,26.775001525878906
R103_C083,60,90,23.625
R103_C084,60,90,23.625
R103_C085,60,90,28.350000381469727
R103_C086,60,90,23.625
R103_C087,60,90,23.625
R103_C088,60,90,23.625
R103_C089,60,90,23.625
R103_C090,60,90,23.625
R103_C091,60,90,23.625
R103_C092,60,90,23.625
R103_C093,60,90,28.350000381469727
R103_C094,60,90,26.775001525878906
R103_C095,60,90,26.775001525878906
R103_C096,60,90,26.775001525878906
R103_C097,60,90,26.775001525878906
R103_C098,60,90,26.775001525878906
R103_C099,60,90,26.775001525878906
R103_C100,60,90,26.775001525878906
R103_C101,60,90,28.350000381469727
R103_C102,60,90,23.625
R103_C103,60,90,23.625
R103_C104,60,90,26.775001525878906
R103_C105,60,90,26.775001525878906
R103_C106,60,90,26.775001525878906
R103_C107,60,90,26.775001525878906
R103_C108,60,90,23.625
R103_C109,60,90,28.350000381469727
R103_C110,60,90,26.775001525878906
R103_C111,60,90,23.625
R103_C112,60,90,23.625
R103_C113,60,90,23.625
R103_C114,60,90,23.625
R103_C115,60,90,26.775001525878906
R103_C116,60,90,26.775001525878906
R103_C117,60,90,28.350000381469727
R103_C118,60,90,23.625
R103_C119,60,90,23.625
R103_C120,60,90,23.625
R103_C121,60,90,23.625
R103_C122,60,90,23.625
R103_C123,60,90,23.625
R103_C124,60,90,26.775001525878906
R103_C125,60,90,23.625
R103_C126,60,90,23.625
R103_C127,60,90,26.775001525878906
R103_C128,60,90,26.775001525878906
R103_C129,60,90,26.775001525878906
R103_C130,60,90,26.775001525878906
R103_C131,60,90,26.775001525878906
R103_C132,60,90,26.775001525878906
R103_C133,60,90,26.775001525878906
R103_C134,60,90,23.625
R103_C135,60,90,23.625
R103_C136,60,90,28.350000381469727
R104_C074,60,90,26.775001525878906
R104_C075,60,90,28.350000381469727
R104_C076,60,90,23.625
R104_C077,60,90,28.350000381469727
R104_C078,60,90,23.625
R104_C079,60,90,23.625
R104_C080,60,90,26.775001525878906
R104_C081,60,90,28.350000381469727
R104_C082,60,90,23.625
R104_C083,60,90,23.625
R104_C084,60,90,23.625
R104_C085,60,90,23.625
R104_C086,60,90,23.625
R104_C087,60,90,23.625
R104_C088,60,90,23.625
R104_C089,60,90,23.625
R104_C090,60,90,23.625
R104_C091,60,90,23.625
R104_C092,60,90,23.625
R104_C093,60,90,28.350000381469727
R104_C094,60,90,26.775001525878906
R104_C095,60,90,26.775001525878906
R104_C096,60,90,23.625
R104_C097,60,90,23.625
R104_C098,60,90,26.775001525878906
R104_C099,60,90,26.775001525878906
R104_C100,60,90,26.775001525878906
R104_C101,60,90,26.775001525878906
R104_C102,60,90,26.775001525878906
R104_C103,60,90,28.350000381469727
R104_C104,60,90,26.775001525878906
R104_C105,60,90,26.775001525878906
R104_C106,60,90,28.350000381469727
R104_C107,60,90,28.350000381469727
R104_C108,60,90,23.625
R104_C109,60,90,23.625
R104_C110,60,90,26.775001525878906
R104_C111,60,90,23.625
R104_C112,60,90,23.625
R104_C113,60,90,26.775001525878906
R104_C114,60,90,26.775001525878906
R104_C115,60,90,26.775001525878906
R104_C116,60,90,23.625
R104_C117,60,90,28.350000381469727
R104_C118,60,90,23.625
R104_C119,60,90,23.625
R104_C120,60,90,23.625
R104_C121,60,90,23.625
R104_C122,60,90,23.625
R104_C123,60,90,23.625
R104_C124,60,90,26.775001525878906
R104_C125,60,90,26.775001525878906
R104_C126,60,90,26.775001525878906
R104_C127,60,90,28.350000381469727
R104_C128,60,90,26.775001525878906
R104_C129,60,90,26.775001525878906
R104_C130,60,90,23.625
R104_C131,60,90,23.625
R104_C132,60,90,23.625
R104_C133,60,90,26.775001525878906
R104_C134,60,90,26.775001525878906
R105_C076,60,90,23.625
R105_C077,60,90,23.625
R105_C078,60,90,23.625
R105_C079,60,90,23.625
R105_C080,60,90,26.775001525878906
R105_C081,60,90,23.625
R105_C082,60,90,23.625
R105_C083,60,90,23.625
R105_C084,60,90,28.350000381469727
R105_C085,60,90,28.350000381469727
R105_C086,60,90,23.625
R105_C087,60,90,23.625
R105_C088,60,90,23.625
R105_C089,60,90,23.625
R105_C090,60,90,23.625
R105_C091,60,90,23.625
R105_C092,60,90,23.625
R105_C093,60,90,26.775001525878906
R105_C094,60,90,23.625
R105_C095,60,90,23.625
R105_C096,60,90,23.625
R105_C097,60,90,23.625
R105_C098,60,90,26.775001525878906
R105_C099,60,90,26.775001525878906
R105_C100,60,90,26.775001525878906
R105_C101,60,90,26.775001525878906
R105_C102,60,90,26.775001525878906
R105_C103,60,90,26.775001525878906
R105_C104,60,90,26.775001525878906
R105_C105,60,90,26.775001525878906
R105_C106,60,90,26.775001525878906
R105_C107,60,90,26.775001525878906
R105_C108,60,90,23.625
R105_C109,60,90,23.625
R105_C110,60,90,26.775001525878906
R105_C111,60,90,26.775001525878906
R105_C112,60,90,26.775001525878906
R105_C113,60,90,26.775001525878906
R105_C114,60,90,26.775001525878906
R105_C115,60,90,23.625
R105_C116,60,90,28.350000381469727
R105_C117,60,90,23.625
R105_C118,60,90,23.625
R105_C119,60,90,23.625
R105_C120,60,90,23.625
R105_C121,60,90,26.775001525878906
R105_C122,60,90,26.775001525878906
R105_C123,60,90,26.775001525878906
R105_C124,60,90,26.775001525878906
R105_C125,60,90,23.625
R105_C126,60,90,23.625
R105_C127,60,90,23.625
R105_C128,60,90,23.625
R105_C129,60,90,23.625
R105_C130,60,90,23.625
R105_C131,60,90,23.625
R105_C132,60,90,23.625
R105_C133,60,90,23.625
R106_C077,60,90,23.625
R106_C078,60,90,23.625
R106_C079,60,90,26.775001525878906
R106_C080,60,90,26.775001525878906
R106_C081,60,90,23.625
R106_C082,60,90,23.625
R106_C083,60,90,28.350000381469727
R106_C084,60,90,23.625
R106_C085,60,90,23.625
R106_C086,60,90,23.625
R106_C087,60,90,23.625
R106_C088,60,90,23.625
R106_C089,60,90,23.625
R106_C090,60,90,23.625
R106_C091,60,90,23.625
R106_C092,60,90,28.350000381469727
R106_C093,60,90,28.350000381469727
R106_C094,60,90,23.625
R106_C095,60,90,23.625
R106_C096,60,90,28.350000381469727
R106_C097,60,90,23.625
R106_C098,60,90,26.775001525878906
R106_C099,60,90,26.775001525878906
R106_C100,60,90,26.775001525878906
R106_C101,60,90,23.625
R106_C102,60,90,23.625
R106_C103,60,90,23.625
R106_C104,60,90,26.775001525878906
R106_C105,60,90,23.625
R106_C106,60,90,23.625
R106_C107,60,90,23.625
R106_C108,60,90,23.625
R106_C109,60,90,23.625
R106_C110,60,90,26.775001525878906
R106_C111,60,90,26.775001525878906
R106_C112,60,90,26.775001525878906
R106_C113,60,90,23.625
R106_C114,60,90,23.625
R106_C115,60,90,23.625
R106_C116,60,90,23.625
R106_C117,60,90,23.625
R106_C118,60,90,28.350000381469727
R106_C119,60,90,23.625
R106_C120,60,90,26.775001525878906
R106_C121,60,90,26.775001525878906
R106_C122,60,90,26.775001525878906
R106_C123,60,90,23.625
R106_C124,60,90,23.625
R106_C125,60,90,23.625
R106_C126,60,90,23.625
R106_C127,60,90,23.625
R106_C128,60,90,23.625
R106_C129,60,90,23.625
R106_C130,60,90,23.625
R106_C131,60,90,23.625
R107_C078,60,90,23.625
R107_C079,60,90,26.775001525878906
R107_C080,60,90,26.775001525878906
R107_C081,60,90,23.625
R107_C082,60,90,23.625
R107_C083,60,90,23.625
R107_C084,60,90,23.625
R107_C085,60,90,23.625
R107_C086,60,90,23.625
R107_C087,60,90,23.625
R107_C088,60,90,23.625
R107_C089,60,90,23.625
R107_C090,60,90,23.625
R107_C091,60,90,23.625
R107_C092,60,90,23.625
R107_C093,60,90,23.625
R107_C094,60,90,23.625
R107_C095,60,90,23.625
R107_C096,60,90,28.350000381469727
R107_C097,60,90,23.625
R107_C098,60,90,26.775001525878906
R107_C099,60,90,23.625
R107_C100,60,90,26.775001525878906
R107_C101,60,90,26.775001525878906
R107_C102,60,90,26.775001525878906
R107_C103,60,90,26.775001525878906
R107_C104,60,90,26.775001525878906
R107_C105,60,90,23.625
R107_C106,60,90,23.625
R107_C107,60,90,28.350000381469727
R107_C108,60,90,26.775001525878906
R107_C109,60,90,26.775001525878906
R107_C110,60,90,26.775001525878906
R107_C111,60,90,23.625
R107_C112,60,90,26.775001525878906
R107_C113,60,90,23.625
R107_C114,60,90,23.625
R107_C115,60,90,23.625
R107_C116,60,90,23.625
R107_C117,60,90,23.625
R107_C118,60,90,23.625
R107_C119,60,90,26.775001525878906
R107_C120,60,90,26.775001525878906
R107_C121,60,90,26.775001525878906
R107_C122,60,90,23.625
R107_C123,60,90,23.625
R107_C124,60,90,23.625
R107_C125,60,90,23.625
R107_C126,60,90,23.625
R107_C127,60,90,23.625
R107_C128,60,90,23.625
R107_C129,60,90,23.625
R108_C080,60,90,26.775001525878906
R108_C081,60,90,23.625
R108_C082,60,90,23.625
R108_C083,60,90,23.625
R108_C084,60,90,23.625
R108_C085,60,90,23.625
R108_C086,60,90,23.625
R108_C087,60,90,23.625
R108_C088,60,90,23.625
R108_C089,60,90,23.625
R108_C090,60,90,23.625
R108_C091,60,90,28.350000381469727
R108_C092,60,90,23.625
R108_C093,60,90,28.350000381469727
R108_C094,60,90,23.625
R108_C095,60,90,28.350000381469727
R108_C096,60,90,23.625
R108_C097,60,90,26.775001525878906
R108_C098,60,90,26.775001525878906
R108_C099,60,90,28.350000381469727
R108_C100,60,90,26.775001525878906
R108_C101,60,90,26.775001525878906
R108_C102,60,90,26.775001525878906
R108_C103,60,90,26.775001525878906
R108_C104,60,90,26.775001525878906
R108_C105,60,90,23.625
R108_C106,60,90,23.625
R108_C107,60,90,26.775001525878906
R108_C108,60,90,26.775001525878906
R108_C109,60,90,26.775001525878906
R108_C110,60,90,26.775001525878906
R108_C111,60,90,26.775001525878906
R108_C112,60,90,26.775001525878906
R108_C113,60,90,26.775001525878906
R108_C114,60,90,23.625
R108_C115,60,90,23.625
R108_C116,60,90,28.350000381469727
R108_C117,60,90,23.625
R108_C118,60,90,26.775001525878906
R108_C119,60,90,26.775001525878906
R108_C120,60,90,26.775001525878906
R108_C121,60,90,23.625
R108_C122,60,90,28.350000381469727
R108_C123,60,90,23.625
R108_C124,60,90,23.625
R108_C125,60,90,23.625
R108_C126,60,90,23.625
R108_C127,60,90,9.450000762939453
R109_C081,60,90,23.625
R109_C082,60,90,23.625
R109_C083,60,90,23.625
R109_C084,60,90,23.625
R109_C085,60,90,23.625
R109_C086,60,90,23.625
R109_C087,60,90,23.625
R109_C088,60,90,23.625
R109_C089,60,90,23.625
R109_C090,60,90,23.625
R109_C091,60,90,23.625
R109_C092,60,90,28.350000381469727
R109_C093,60,90,28.350000381469727
R109_C094,60,90,23.625
R109_C095,60,90,28.350000381469727
R109_C096,60,90,28.350000381469727
R109_C097,60,90,26.775001525878906
R109_C098,60,90,26.775001525878906
R109_C099,60,90,26.775001525878906
R109_C100,60,90,26.775001525878906
R109_C101,60,90,26.775001525878906
R109_C102,60,90,26.775001525878906
R109_C103,60,90,26.775001525878906
R109_C104,60,90,26.775001525878906
R109_C105,60,90,26.775001525878906
R109_C106,60,90,26.775001525878906
R109_C107,60,90,26.775001525878906
R109_C108,60,90,26.775001525878906
R109_C109,60,90,23.625
R109_C110,60,90,23.625
R109_C111,60,90,23.625
R109_C112,60,90,26.775001525878906
R109_C113,60,90,26.775001525878906
R109_C114,60,90,26.775001525878906
R109_C115,60,90,26.775001525878906
R109_C116,60,90,23.625
R109_C117,60,90,26.775001525878906
R109_C118,60,90,26.775001525878906
R109_C119,60,90,26.775001525878906
R109_C120,60,90,23.625
R109_C121,60,90,23.625
R109_C122,60,90,23.625
R109_C123,60,90,23.625
R109_C124,60,90,23.625
R109_C125,60,90,9.450000762939453
R110_C082,60,90,23.625
R110_C083,60,90,23.625
R110_C084,60,90,23.625
R110_C085,60,90,23.625
R110_C086,60,90,23.625
R110_C087,60,90,23.625
R110_C088,60,90,23.625
R110_C089,60,90,26.775001525878906
R110_C090,60,90,26.775001525878906
R110_C091,60,90,26.775001525878906
R110_C092,60,90,26.775001525878906
R110_C093,60,90,26.775001525878906
R110_C094,60,90,26.775001525878906
R110_C095,60,90,26.775001525878906
R110_C096,60,90,26.775001525878906
R110_C097,60,90,26.775001525878906
R110_C098,60,90,26.775001525878906
R110_C099,60,90,26.775001525878906
R110_C100,60,90,26.775001525878906
R110_C101,60,90,23.625
R110_C102,60,90,23.625
R110_C103,60,90,23.625
R110_C104,60,90,26.775001525878906
R110_C105,60,90,26.775001525878906
R110_C106,60,90,26.775001525878906
R110_C107,60,90,23.625
R110_C108,60,90,23.625
R110_C109,60,90,23.625
R110_C110,60,90,23.625
R110_C111,60,90,23.625
R110_C112,60,90,23.625
R110_C113,60,90,23.625
R110_C114,60,90,23.625
R110_C115,60,90,23.625
R110_C116,60,90,26.775001525878906
R110_C117,60,90,26.775001525878906
R110_C118,60,90,26.775001525878906
R110_C119,60,90,23.625
R110_C120,60,90,23.625
R110_C121,60,90,23.625
R110_C122,60,90,23.625
R110_C123,60,90,23.625
R111_C083,60,90,23.625
R111_C084,60,90,23.625
R111_C085,60,90,23.625
R111_C086,60,90,23.625
R111_C087,60,90,23.625
R111_C088,60,90,28.350000381469727
R111_C089,60,90,26.775001525878906
R111_C090,60,90,28.350000381469727
R111_C091,60,90,28.350000381469727
R111_C092,60,90,28.350000381469727
R111_C093,60,90,28.350000381469727
R111_C094,60,90,9.450000762939453
R111_C095,60,90,9.450000762939453
R111_C096,60,90,26.775001525878906
R111_C097,60,90,28.350000381469727
R111_C098,60,90,26.775001525878906
R111_C099,60,90,26.775001525878906
R111_C100,60,90,28.350000381469727
R111_C101,60,90,23.625
R111_C102,60,90,23.625
R111_C103,60,90,26.775001525878906
R111_C104,60,90,26.775001525878906
R111_C105,60,90,26.775001525878906
R111_C106,60,90,23.625
R111_C107,60,90,23.625
R111_C108,60,90,23.625
R111_C109,60,90,23.625
R111_C110,60,90,23.625
R111_C111,60,90,23.625
R111_C112,60,90,23.625
R111_C113,60,90,23.625
R111_C114,60,90,23.625
R111_C115,60,90,26.775001525878906
R111_C116,60,90,26.775001525878906
R111_C117,60,90,26.775001525878906
R111_C118,60,90,23.625
R111_C119,60,90,23.625
R111_C120,60,90,23.625
R111_C121,60,90,23.625
R112_C085,60,90,23.625
R112_C086,60,90,23.625
R112_C087,60,90,28.350000381469727
R112_C088,60,90,26.775001525878906
R112_C089,60,90,26.775001525878906
R112_C090,60,90,26.775001525878906
R112_C091,60,90,26.775001525878906
R112_C092,60,90,26.775001525878906
R112_C093,60,90,26.775001525878906
R112_C094,60,90,26.775001525878906
R112_C095,60,90,26.775001525878906
R112_C096,60,90,26.775001525878906
R112_C097,60,90,28.350000381469727
R112_C098,60,90,26.775001525878906
R112_C099,60,90,28.350000381469727
R112_C100,60,90,26.775001525878906
R112_C101,60,90,28.350000381469727
R112_C102,60,90,26.775001525878906
R112_C103,60,90,26.775001525878906
R112_C104,60,90,26.775001525878906
R112_C105,60,90,23.625
R112_C106,60,90,23.625
R112_C107,60,90,23.625
R112_C108,60,90,23.625
R112_C109,60,90,23.625
R112_C110,60,90,23.625
R112_C111,60,90,23.625
R112_C112,60,90,23.625
R112_C113,60,90,23.625
R112_C114,60,90,26.775001525878906
R112_C115,60,90,26.775001525878906
R112_C116,60,90,26.775001525878906
R112_C117,60,90,23.625
R112_C118,60,90,23.625
R112_C119,60,90,23.625
R112_C120,60,90,23.625
R113_C086,60,90,28.350000381469727
R113_C087,60,90,23.625
R113_C088,60,90,23.625
R113_C089,60,90,23.625
R113_C090,60,90,28.350000381469727
R113_C091,60,90,26.775001525878906
R113_C092,60,90,26.775001525878906
R113_C093,60,90,28.350000381469727
R113_C094,60,90,28.350000381469727
R113_C095,60,90,28.350000381469727
R113_C096,60,90,28.350000381469727
R113_C097,60,90,28.350000381469727
R113_C098,60,90,26.775001525878906
R113_C099,60,90,23.625
R113_C100,60,90,26.775001525878906
R113_C101,60,90,26.775001525878906
R113_C102,60,90,26.775001525878906
R113_C103,60,90,23.625
R113_C104,60,90,23.625
R113_C105,60,90,23.625
R113_C106,60,90,23.625
R113_C107,60,90,23.625
R113_C108,60,90,23.625
R113_C109,60,90,23.625
R113_C110,60,90,23.625
R113_C111,60,90,23.625
R113_C112,60,90,23.625
R113_C113,60,90,26.775001525878906
R113_C114,60,90,26.775001525878906
R113_C115,60,90,26.775001525878906
R113_C116,60,90,26.775001525878906
R113_C117,60,90,23.625
R113_C118,60,90,23.625
R114_C087,60,90,23.625
R114_C088,60,90,26.775001525878906
R114_C089,60,90,28.350000381469727
R114_C090,60,90,28.350000381469727
R114_C091,60,90,28.350000381469727
R114_C092,60,90,23.625
R114_C093,60,90,23.625
R114_C094,60,90,28.350000381469727
R114_C095,60,90,28.350000381469727
R114_C096,60,90,26.775001525878906
R114_C097,60,90,23.625
R114_C098,60,90,28.350000381469727
R114_C099,60,90,26.775001525878906
R114_C100,60,90,26.775001525878906
R114_C101,60,90,26.775001525878906
R114_C102,60,90,23.625
R114_C103,60,90,23.625
R114_C104,60,90,23.625
R114_C105,60,90,23.625
R114_C106,60,90,23.625
R114_C107,60,90,23.625
R114_C108,60,90,23.625
R114_C109,60,90,23.625
R114_C110,60,90,23.625
R114_C111,60,90,23.625
R114_C112,60,90,26.775001525878906
R114_C113,60,90,26.775001525878906
R114_C114,60,90,26.775001525878906
R114_C115,60,90,26.775001525878906
R114_C116,60,90,23.625
R115_C089,60,90,26.775001525878906
R115_C090,60,90,26.775001525878906
R115_C091,60,90,26.775001525878906
R115_C092,60,90,26.775001525878906
R115_C093,60,90,26.775001525878906
R115_C094,60,90,26.775001525878906
R115_C095,60,90,26.775001525878906
R115_C096,60,90,26.775001525878906
R115_C097,60,90,28.350000381469727
R115_C098,60,90,26.775001525878906
R115_C099,60,90,26.775001525878906
R115_C100,60,90,26.775001525878906
R115_C101,60,90,23.625
R115_C102,60,90,23.625
R115_C103,60,90,23.625
R115_C104,60,90,23.625
R115_C105,60,90,23.625
R115_C106,60,90,23.625
R116_C090,60,90,23.625
R116_C091,60,90,23.625
R068_C090,90,120,28.687501907348633
R068_C091,90,120,25.312501907348633
R068_C092,90,120,25.312501907348633
R068_C093,90,120,25.312501907348633
R068_C094,90,120,25.312501907348633
R068_C095,90,120,25.312501907348633
R068_C096,90,120,28.687501907348633
R068_C097,90,120,28.687501907348633
R068_C098,90,120,25.312501907348633
R068_C099,90,120,25.312501907348633
R068_C100,90,120,25.312501907348633
R068_C101,90,120,25.312501907348633
R068_C102,90,120,25.312501907348633
R068_C103,90,120,10.125
R068_C104,90,120,10.125
R068_C105,90,120,25.312501907348633
R068_C106,90,120,25.312501907348633
R068_C107,90,120,25.312501907348633
R068_C108,90,120,30.375001907348633
R068_C109,90,120,25.312501907348633
R068_C110,90,120,28.687501907348633
R068_C111,90,120,30.375001907348633
R068_C112,90,120,30.375001907348633
R068_C113,90,120,30.375001907348633
R068_C114,90,120,28.687501907348633
R068_C115,90,120,28.687501907348633
R068_C116,90,120,28.687501907348633
R068_C117,90,120,25.312501907348633
R068_C118,90,120,30.375001907348633
R068_C119,90,120,30.375001907348633
R068_C120,90,120,25.312501907348633
R069_C082,90,120,25.312501907348633
R069_C083,90,120,25.312501907348633
R069_C084,90,120,30.375001907348633
R069_C085,90,120,28.687501907348633
R069_C086,90,120,25.312501907348633
R069_C087,90,120,25.312501907348633
R069_C088,90,120,28.687501907348633
R069_C089,90,120,28.687501907348633
R069_C090,90,120,28.687501907348633
R069_C091,90,120,25.312501907348633
R069_C092,90,120,25.312501907348633
R069_C093,90,120,25.312501907348633
R069_C094,90,120,25.312501907348633
R069_C095,90,120,28.687501907348633
R069_C096,90,120,28.687501907348633
R069_C097,90,120,25.312501907348633
R069_C098,90,120,25.312501907348633
R069_C099,90,120,25.312501907348633
R069_C100,90,120,25.312501907348633
R069_C101,90,120,25.312501907348633
R069_C102,90,120,10.125
R069_C103,90,120,10.125
R069_C104,90,120,25.312501907348633
R069_C105,90,120,25.312501907348633
R069_C106,90,120,30.375001907348633
R069_C107,90,120,25.312501907348633
R069_C108,90,120,30.375001907348633
R069_C109,90,120,25.312501907348633
R069_C110,90,120,30.375001907348633
R069_C111,90,120,28.687501907348633
R069_C112,90,120,28.687501907348633
R069_C113,90,120,28.687501907348633
R069_C114,90,120,25.312501907348633
R069_C115,90,120,30.375001907348633
R069_C116,90,120,28.687501907348633
R069_C117,90,120,30.375001907348633
R069_C118,90,120,30.375001907348633
R069_C119,90,120,28.687501907348633
R069_C120,90,120,28.687501907348633
R069_C121,90,120,28.687501907348633
R070_C081,90,120,30.375001907348633
R070_C082,90,120,28.687501907348633
R070_C083,90,120,25.312501907348633
R070_C084,90,120,25.312501907348633
R070_C085,90,120,30.375001907348633
R070_C086,90,120,28.687501907348633
R070_C087,90,120,28.687501907348633
R070_C088,90,120,28.687501907348633
R070_C089,90,120,28.687501907348633
R070_C090,90,120,28.687501907348633
R070_C091,90,120,25.312501907348633
R070_C092,90,120,25.312501907348633
R070_C093,90,120,25.312501907348633
R070_C094,90,120,28.687501907348633
R070_C095,90,120,28.687501907348633
R070_C096,90,120,25.312501907348633
R070_C097,90,120,25.312501907348633
R070_C098,90,120,25.312501907348633
R070_C099,90,120,25.312501907348633
R070_C100,90,120,25.312501907348633
R070_C101,90,120,10.125
R070_C102,90,120,10.125
R070_C103,90,120,10.125
R070_C104,90,120,25.312501907348633
R070_C105,90,120,25.312501907348633
R070_C106,90,120,25.312501907348633
R070_C107,90,120,25.312501907348633
R070_C108,90,120,25.312501907348633
R070_C109,90,120,25.312501907348633
R070_C110,90,120,30.375001907348633
R070_C111,90,120,25.312501907348633
R070_C112,90,120,25.312501907348633
R070_C113,90,120,30.375001907348633
R070_C114,90,120,30.375001907348633
R070_C115,90,120,30.375001907348633
R070_C116,90,120,28.687501907348633
R070_C117,90,120,30.375001907348633
R070_C118,90,120,25.312501907348633
R070_C119,90,120,25.312501907348633
R070_C120,90,120,25.312501907348633
R070_C121,90,120,25.312501907348633
R070_C122,90,120,25.312501907348633
R071_C080,90,120,25.312501907348633
R071_C081,90,120,25.312501907348633
R071_C082,90,120,28.687501907348633
R071_C083,90,120,28.687501907348633
R071_C084,90,120,25.312501907348633
R071_C085,90,120,30.375001907348633
R071_C086,90,120,28.687501907348633
R071_C087,90,120,28.687501907348633
R071_C088,90,120,28.687501907348633
R071_C089,90,120,28.687501907348633
R071_C090,90,120,28.687501907348633
R071_C091,90,120,25.312501907348633
R071_C092,90,120,25.312501907348633
R071_C093,90,120,28.687501907348633
R071_C094,90,120,28.687501907348633
R071_C095,90,120,25.312501907348633
R071_C096,90,120,25.312501907348633
R071_C097,90,120,25.312501907348633
R071_C098,90,120,25.312501907348633
R071_C099,90,120,25.312501907348633
R071_C100,90,120,10.125
R071_C101,90,120,10.125
R071_C102,90,120,10.125
R071_C103,90,120,10.125
R071_C104,90,120,10.125
R071_C105,90,120,25.312501907348633
R071_C106,90,120,25.312501907348633
R071_C107,90,120,25.312501907348633
R071_C108,90,120,25.312501907348633
R071_C109,90,120,30.375001907348633
R071_C110,90,120,30.375001907348633
R071_C111,90,120,25.312501907348633
R071_C112,90,120,25.312501907348633
R071_C113,90,120,30.375001907348633
R071_C114,90,120,25.312501907348633
R071_C115,90,120,25.312501907348633
R071_C116,90,120,28.687501907348633
R071_C117,90,120,30.375001907348633
R071_C118,90,120,28.687501907348633
R071_C119,90,120,28.687501907348633
R071_C120,90,120,28.687501907348633
R071_C121,90,120,28.687501907348633
R071_C122,90,120,28.687501907348633
R071_C123,90,120,28.687501907348633
R072_C078,90,120,25.312501907348633
R072_C079,90,120,25.312501907348633
R072_C080,90,120,30.375001907348633
R072_C081,90,120,30.375001907348633
R072_C082,90,120,25.312501907348633
R072_C083,90,120,28.687501907348633
R072_C084,90,120,28.687501907348633
R072_C085,90,120,28.687501907348633
R072_C086,90,120,25.312501907348633
R072_C087,90,120,28.687501907348633
R072_C088,90,120,30.375001907348633
R072_C089,90,120,30.375001907348633
R072_C090,90,120,25.312501907348633
R072_C091,90,120,25.312501907348633
R072_C092,90,120,28.687501907348633
R072_C093,90,120,28.687501907348633
R072_C094,90,120,25.312501907348633
R072_C095,90,120,25.312501907348633
R072_C096,90,120,25.312501907348633
R072_C097,90,120,25.312501907348633
R072_C098,90,120,25.312501907348633
R072_C099,90,120,10.125
R072_C100,90,120,10.125
R072_C101,90,120,10.125
R072_C102,90,120,10.125
R072_C103,90,120,10.125
R072_C104,90,120,10.125
R072_C105,90,120,25.312501907348633
R072_C106,90,120,25.312501907348633
R072_C107,90,120,30.375001907348633
R072_C108,90,120,25.312501907348633
R072_C109,90,120,28.687501907348633
R072_C110,90,120,30.375001907348633
R072_C111,90,120,25.312501907348633
R072_C112,90,120,28.687501907348633
R072_C113,90,120,28.687501907348633
R072_C114,90,120,28.687501907348633
R072_C115,90,120,28.687501907348633
R072_C116,90,120,28.687501907348633
R072_C117,90,120,28.687501907348633
R072_C118,90,120,30.375001907348633
R072_C119,90,120,25.312501907348633
R072_C120,90,120,25.312501907348633
R072_C121,90,120,25.312501907348633
R072_C122,90,120,28.687501907348633
R072_C123,90,120,30.375001907348633
R072_C124,90,120,30.375001907348633
R073_C077,90,120,25.312501907348633
R073_C078,90,120,25.312501907348633
R073_C079,90,120,25.312501907348633
R073_C080,90,120,25.312501907348633
R073_C081,90,120,30.375001907348633
R073_C082,90,120,28.687501907348633
R073_C083,90,120,28.687501907348633
R073_C084,90,120,28.687501907348633
R073_C085,90,120,25.312501907348633
R073_C086,90,120,25.312501907348633
R073_C087,90,120,28.687501907348633
R073_C088,90,120,28.687501907348633
R073_C089,90,120,25.312501907348633
R073_C090,90,120,25.312501907348633
R073_C091,90,120,28.687501907348633
R073_C092,90,120,28.687501907348633
R073_C093,90,120,25.312501907348633
R073_C094,90,120,25.312501907348633
R073_C095,90,120,25.312501907348633
R073_C096,90,120,25.312501907348633
R073_C097,90,120,10.125
R073_C098,90,120,10.125
R073_C099,90,120,10.125
R073_C100,90,120,10.125
R073_C101,90,120,10.125
R073_C102,90,120,10.125
R073_C103,90,120,10.125
R073_C104,90,120,10.125
R073_C105,90,120,10.125
R073_C106,90,120,28.687501907348633
R073_C107,90,120,28.687501907348633
R073_C108,90,120,28.687501907348633
R073_C109,90,120,30.375001907348633
R073_C110,90,120,28.687501907348633
R073_C111,90,120,28.687501907348633
R073_C112,90,120,30.375001907348633
R073_C113,90,120,30.375001907348633
R073_C114,90,120,25.312501907348633
R073_C115,90,120,30.375001907348633
R073_C116,90,120,25.312501907348633
R073_C117,90,120,28.687501907348633
R073_C118,90,120,25.312501907348633
R073_C119,90,120,25.312501907348633
R073_C120,90,120,28.687501907348633
R073_C121,90,120,30.375001907348633
R073_C122,90,120,28.687501907348633
R073_C123,90,120,25.312501907348633
R073_C124,90,120,30.375001907348633
R073_C125,90,120,28.687501907348633
R074_C076,90,120,25.312501907348633
R074_C077,90,120,25.312501907348633
R074_C078,90,120,25.312501907348633
R074_C079,90,120,25.312501907348633
R074_C080,90,120,28.687501907348633
R074_C081,90,120,28.687501907348633
R074_C082,90,120,28.687501907348633
R074_C083,90,120,30.375001907348633
R074_C084,90,120,28.687501907348633
R074_C085,90,120,28.687501907348633
R074_C086,90,120,30.375001907348633
R074_C087,90,120,25.312501907348633
R074_C088,90,120,25.312501907348633
R074_C089,90,120,25.312501907348633
R074_C090,90,120,25.312501907348633
R074_C091,90,120,28.687501907348633
R074_C092,90,120,25.312501907348633
R074_C093,90,120,25.312501907348633
R074_C094,90,120,25.312501907348633
R074_C095,90,120,25.312501907348633
R074_C096,90,120,10.125
R074_C097,90,120,10.125
R074_C098,90,120,10.125
R074_C099,90,120,25.312501907348633
R074_C100,90,120,10.125
R074_C101,90,120,10.125
R074_C102,90,120,10.125
R074_C103,90,120,10.125
R074_C104,90,120,10.125
R074_C105,90,120,10.125
R074_C106,90,120,28.687501907348633
R074_C107,90,120,25.312501907348633
R074_C108,90,120,28.687501907348633
R074_C109,90,120,30.375001907348633
R074_C110,90,120,25.312501907348633
R074_C111,90,120,25.312501907348633
R074_C112,90,120,25.312501907348633
R074_C113,90,120,30.375001907348633
R074_C114,90,120,30.375001907348633
R074_C115,90,120,25.312501907348633
R074_C116,90,120,30.375001907348633
R074_C117,90,120,28.687501907348633
R074_C118,90,120,30.375001907348633
R074_C119,90,120,25.312501907348633
R074_C120,90,120,30.375001907348633
R074_C121,90,120,28.687501907348633
R074_C122,90,120,28.687501907348633
R074_C123,90,120,28.687501907348633
R074_C124,90,120,28.687501907348633
R074_C125,90,120,28.687501907348633
R074_C126,90,120,28.687501907348633
R075_C074,90,120,28.687501907348633
R075_C075,90,120,28.687501907348633
R075_C076,90,120,25.312501907348633
R075_C077,90,120,25.312501907348633
R075_C078,90,120,28.687501907348633
R075_C079,90,120,28.687501907348633
R075_C080,90,120,28.687501907348633
R075_C081,90,120,25.312501907348633
R075_C082,90,120,30.375001907348633
R075_C083,90,120,30.375001907348633
R075_C084,90,120,28.687501907348633
R075_C085,90,120,30.375001907348633
R075_C086,90,120,28.687501907348633
R075_C087,90,120,28.687501907348633
R075_C088,90,120,25.312501907348633
R075_C089,90,120,25.312501907348633
R075_C090,90,120,28.687501907348633
R075_C091,90,120,28.687501907348633
R075_C092,90,120,25.312501907348633
R075_C093,90,120,25.312501907348633
R075_C094,90,120,25.312501907348633
R075_C095,90,120,25.312501907348633
R075_C096,90,120,10.125
R075_C097,90,120,25.312501907348633
R075_C098,90,120,10.125
R075_C099,90,120,10.125
R075_C100,90,120,10.125
R075_C101,90,120,10.125
R075_C102,90,120,10.125
R075_C103,90,120,10.125
R075_C104,90,120,10.125
R075_C105,90,120,10.125
R075_C106,90,120,28.687501907348633
R075_C107,90,120,25.312501907348633
R075_C108,90,120,28.687501907348633
R075_C109,90,120,30.375001907348633
R075_C110,90,120,25.312501907348633
R075_C111,90,120,25.312501907348633
R075_C112,90,120,28.687501907348633
R075_C113,90,120,28.687501907348633
R075_C114,90,120,28.687501907348633
R075_C115,90,120,30.375001907348633
R075_C116,90,120,28.687501907348633
R075_C117,90,120,28.687501907348633
R075_C118,90,120,28.687501907348633
R075_C119,90,120,28.687501907348633
R075_C120,90,120,28.687501907348633
R075_C121,90,120,28.687501907348633
R075_C122,90,120,30.375001907348633
R075_C123,90,120,25.312501907348633
R075_C124,90,120,30.375001907348633
R075_C125,90,120,30.375001907348633
R075_C126,90,120,28.687501907348633
R075_C127,90,120,30.375001907348633
R076_C073,90,120,30.375001907348633
R076_C074,90,120,30.375001907348633
R076_C075,90,120,28.687501907348633
R076_C076,90,120,28.687501907348633
R076_C077,90,120,28.687501907348633
R076_C078,90,120,28.687501907348633
R076_C079,90,120,25.312501907348633
R076_C080,90,120,25.312501907348633
R076_C081,90,120,30.375001907348633
R076_C082,90,120,30.375001907348633
R076_C083,90,120,28.687501907348633
R076_C084,90,120,30.375001907348633
R076_C085,90,120,25.312501907348633
R076_C086,90,120,25.312501907348633
R076_C087,90,120,28.687501907348633
R076_C088,90,120,30.375001907348633
R076_C089,90,120,28.687501907348633
R076_C090,90,120,28.687501907348633
R076_C091,90,120,25.312501907348633
R076_C092,90,120,25.312501907348633
R076_C093,90,120,25.312501907348633
R076_C094,90,120,25.312501907348633
R076_C095,90,120,10.125
R076_C096,90,120,28.687501907348633
R076_C097,90,120,28.687501907348633
R076_C098,90,120,28.687501907348633
R076_C099,90,120,10.125
R076_C100,90,120,25.312501907348633
R076_C101,90,120,10.125
R076_C102,90,120,10.125
R076_C103,90,120,10.125
R076_C104,90,120,10.125
R076_C105,90,120,10.125
R076_C106,90,120,28.687501907348633
R076_C107,90,120,25.312501907348633
R076_C108,90,120,28.687501907348633
R076_C109,90,120,30.375001907348633
R076_C110,90,120,30.375001907348633
R076_C111,90,120,30.375001907348633
R076_C112,90,120,28.687501907348633
R076_C113,90,120,25.312501907348633
R076_C114,90,120,25.312501907348633
R076_C115,90,120,25.312501907348633
R076_C116,90,120,25.312501907348633
R076_C117,90,120,28.687501907348633
R076_C118,90,120,28.687501907348633
R076_C119,90,120,25.312501907348633
R076_C120,90,120,25.312501907348633
R076_C121,90,120,28.687501907348633
R076_C122,90,120,25.312501907348633
R076_C123,90,120,30.375001907348633
R076_C124,90,120,25.312501907348633
R076_C125,90,120,28.687501907348633
R076_C126,90,120,28.687501907348633
R076_C127,90,120,25.312501907348633
R076_C128,90,120,25.312501907348633
R077_C072,90,120,28.687501907348633
R077_C073,90,120,28.687501907348633
R077_C074,90,120,28.687501907348633
R077_C075,90,120,28.687501907348633
R077_C076,90,120,28.687501907348633
R077_C077,90,120,25.312501907348633
R077_C078,90,120,25.312501907348633
R077_C079,90,120,25.312501907348633
R077_C080,90,120,25.312501907348633
R077_C081,90,120,30.375001907348633
R077_C082,90,120,28.687501907348633
R077_C083,90,120,28.687501907348633
R077_C084,90,120,28.687501907348633
R077_C085,90,120,25.312501907348633
R077_C086,90,120,25.312501907348633
R077_C087,90,120,25.312501907348633
R077_C088,90,120,25.312501907348633
R077_C089,90,120,28.687501907348633
R077_C090,90,120,25.312501907348633
R077_C091,90,120,25.312501907348633
R077_C092,90,120,25.312501907348633
R077_C093,90,120,25.312501907348633
R077_C094,90,120,10.125
R077_C095,90,120,10.125
R077_C096,90,120,28.687501907348633
R077_C097,90,120,25.312501907348633
R077_C098,90,120,30.375001907348633
R077_C099,90,120,10.125
R077_C100,90,120,25.312501907348633
R077_C101,90,120,10.125
R077_C102,90,120,10.125
R077_C103,90,120,10.125
R077_C104,90,120,10.125
R077_C105,90,120,25.312501907348633
R077_C106,90,120,28.687501907348633
R077_C107,90,120,30.375001907348633
R077_C108,90,120,28.687501907348633
R077_C109,90,120,30.375001907348633
R077_C110,90,120,30.375001907348633
R077_C111,90,120,25.312501907348633
R077_C112,90,120,28.687501907348633
R077_C113,90,120,28.687501907348633
R077_C114,90,120,28.687501907348633
R077_C115,90,120,28.687501907348633
R077_C116,90,120,28.687501907348633
R077_C117,90,120,28.687501907348633
R077_C118,90,120,28.687501907348633
R077_C119,90,120,25.312501907348633
R077_C120,90,120,30.375001907348633
R077_C121,90,120,30.375001907348633
R077_C122,90,120,25.312501907348633
R077_C123,90,120,30.375001907348633
R077_C124,90,120,25.312501907348633
R077_C125,90,120,25.312501907348633
R077_C126,90,120,28.687501907348633
R077_C127,90,120,25.312501907348633
R077_C128,90,120,25.312501907348633
R077_C129,90,120,25.312501907348633
R078_C071,90,120,25.312501907348633
R078_C072,90,120,30.375001907348633
R078_C073,90,120,25.312501907348633
R078_C074,90,120,25.312501907348633
R078_C075,90,120,25.312501907348633
R078_C076,90,120,28.687501907348633
R078_C077,90,120,25.312501907348633
R078_C078,90,120,25.312501907348633
R078_C079,90,120,10.125
R078_C080,90,120,10.125
R078_C081,90,120,28.687501907348633
R078_C082,90,120,28.687501907348633
R078_C083,90,120,28.687501907348633
R078_C084,90,120,30.375001907348633
R078_C085,90,120,30.375001907348633
R078_C086,90,120,25.312501907348633
R078_C087,90,120,25.312501907348633
R078_C088,90,120,25.312501907348633
R078_C089,90,120,28.687501907348633
R078_C090,90,120,25.312501907348633
R078_C091,90,120,25.312501907348633
R078_C092,90,120,25.312501907348633
R078_C093,90,120,25.312501907348633
R078_C094,90,120,10.125
R078_C095,90,120,30.375001907348633
R078_C096,90,120,28.687501907348633
R078_C097,90,120,30.375001907348633
R078_C098,90,120,30.375001907348633
R078_C099,90,120,10.125
R078_C100,90,120,25.312501907348633
R078_C101,90,120,25.312501907348633
R078_C102,90,120,25.312501907348633
R078_C103,90,120,25.312501907348633
R078_C104,90,120,30.375001907348633
R078_C105,90,120,25.312501907348633
R078_C106,90,120,28.687501907348633
R078_C107,90,120,25.312501907348633
R078_C108,90,120,28.687501907348633
R078_C109,90,120,30.375001907348633
R078_C110,90,120,28.687501907348633
R078_C111,90,120,25.312501907348633
R078_C112,90,120,28.687501907348633
R078_C113,90,120,28.687501907348633
R078_C114,90,120,28.687501907348633
R078_C115,90,120,28.687501907348633
R078_C116,90,120,28.687501907348633
R078_C117,90,120,30.375001907348633
R078_C118,90,120,28.687501907348633
R078_C119,90,120,30.375001907348633
R078_C120,90,120,25.312501907348633
R078_C121,90,120,28.687501907348633
R078_C122,90,120,30.375001907348633
R078_C123,90,120,25.312501907348633
R078_C124,90,120,28.687501907348633
R078_C125,90,120,25.312501907348633
R078_C126,90,120,28.687501907348633
R078_C127,90,120,28.687501907348633
R078_C128,90,120,25.312501907348633
R078_C129,90,120,25.312501907348633
R078_C130,90,120,25.312501907348633
R079_C069,90,120,28.687501907348633
R079_C070,90,120,28.687501907348633
R079_C071,90,120,28.687501907348633
R079_C072,90,120,28.687501907348633
R079_C073,90,120,28.687501907348633
R079_C074,90,120,28.687501907348633
R079_C075,90,120,28.687501907348633
R079_C076,90,120,28.687501907348633
R079_C077,90,120,28.687501907348633
R079_C078,90,120,10.125
R079_C079,90,120,10.125
R079_C080,90,120,28.687501907348633
R079_C081,90,120,28.687501907348633
R079_C082,90,120,25.312501907348633
R079_C083,90,120,30.375001907348633
R079_C084,90,120,30.375001907348633
R079_C085,90,120,25.312501907348633
R079_C086,90,120,30.375001907348633
R079_C087,90,120,25.312501907348633
R079_C088,90,120,25.312501907348633
R079_C089,90,120,25.312501907348633
R079_C090,90,120,25.312501907348633
R079_C091,90,120,25.312501907348633
R079_C092,90,120,25.312501907348633
R079_C093,90,120,10.125
R079_C094,90,120,28.687501907348633
R079_C095,90,120,28.687501907348633
R079_C096,90,120,28.687501907348633
R079_C097,90,120,28.687501907348633
R079_C098,90,120,28.687501907348633
R079_C099,90,120,10.125
R079_C100,90,120,10.125
R079_C101,90,120,25.312501907348633
R079_C102,90,120,25.312501907348633
R079_C103,90,120,25.312501907348633
R079_C104,90,120,30.375001907348633
R079_C105,90,120,25.312501907348633
R079_C106,90,120,28.687501907348633
R079_C107,90,120,30.375001907348633
R079_C108,90,120,28.687501907348633
R079_C109,90,120,30.375001907348633
R079_C110,90,120,28.687501907348633
R079_C111,90,120,28.687501907348633
R079_C112,90,120,28.687501907348633
R079_C113,90,120,25.312501907348633
R079_C114,90,120,25.312501907348633
R079_C115,90,120,25.312501907348633
R079_C116,90,120,30.375001907348633
R079_C117,90,120,30.375001907348633
R079_C118,90,120,28.687501907348633
R079_C119,90,120,28.687501907348633
R079_C120,90,120,28.687501907348633
R079_C121,90,120,28.687501907348633
R079_C122,90,120,28.687501907348633
R079_C123,90,120,28.687501907348633
R079_C124,90,120,28.687501907348633
R079_C125,90,120,30.375001907348633
R079_C126,90,120,28.687501907348633
R079_C127,90,120,28.687501907348633
R079_C128,90,120,25.312501907348633
R079_C129,90,120,25.312501907348633
R079_C130,90,120,25.312501907348633
R079_C131,90,120,25.312501907348633
R079_C132,90,120,25.312501907348633
R080_C068,90,120,28.687501907348633
R080_C069,90,120,28.687501907348633
R080_C070,90,120,25.312501907348633
R080_C071,90,120,30.375001907348633
R080_C072,90,120,30.375001907348633
R080_C073,90,120,25.312501907348633
R080_C074,90,120,25.312501907348633
R080_C075,90,120,25.312501907348633
R080_C076,90,120,28.687501907348633
R080_C077,90,120,28.687501907348633
R080_C078,90,120,25.312501907348633
R080_C079,90,120,28.687501907348633
R080_C080,90,120,28.687501907348633
R080_C081,90,120,28.687501907348633
R080_C082,90,120,25.312501907348633
R080_C083,90,120,28.687501907348633
R080_C084,90,120,28.687501907348633
R080_C085,90,120,25.312501907348633
R080_C086,90,120,30.375001907348633
R080_C087,90,120,25.312501907348633
R080_C088,90,120,25.312501907348633
R080_C089,90,120,25.312501907348633
R080_C090,90,120,25.312501907348633
R080_C091,90,120,25.312501907348633
R080_C092,90,120,25.312501907348633
R080_C093,90,120,10.125
R080_C094,90,120,30.375001907348633
R080_C095,90,120,28.687501907348633
R080_C096,90,120,28.687501907348633
R080_C097,90,120,28.687501907348633
R080_C098,90,120,28.687501907348633
R080_C099,90,120,10.125
R080_C100,90,120,30.375001907348633
R080_C101,90,120,30.375001907348633
R080_C102,90,120,25.312501907348633
R080_C103,90,120,25.312501907348633
R080_C104,90,120,25.312501907348633
R080_C105,90,120,25.312501907348633
R080_C106,90,120,28.687501907348633
R080_C107,90,120,28.687501907348633
R080_C108,90,120,28.687501907348633
R080_C109,90,120,28.687501907348633
R080_C110,90,120,28.687501907348633
R080_C111,90,120,28.687501907348633
R080_C112,90,120,30.375001907348633
R080_C113,90,120,25.312501907348633
R080_C114,90,120,30.375001907348633
R080_C115,90,120,25.312501907348633
R080_C116,90,120,25.312501907348633
R080_C117,90,120,28.687501907348633
R080_C118,90,120,30.375001907348633
R080_C119,90,120,28.687501907348633
R080_C120,90,120,28.687501907348633
R080_C121,90,120,25.312501907348633
R080_C122,90,120,28.687501907348633
R080_C123,90,120,30.375001907348633
R080_C124,90,120,25.312501907348633
R080_C125,90,120,25.312501907348633
R080_C126,90,120,25.312501907348633
R080_C127,90,120,28.687501907348633
R080_C128,90,120,25.312501907348633
R080_C129,90,120,25.312501907348633
R080_C130,90,120,25.312501907348633
R080_C131,90,120,25.312501907348633
R080_C132,90,120,25.312501907348633
R080_C133,90,120,25.312501907348633
R081_C067,90,120,28.687501907348633
R081_C068,90,120,28.687501907348633
R081_C069,90,120,10.125
R081_C070,90,120,30.375001907348633
R081_C071,90,120,25.312501907348633
R081_C072,90,120,25.312501907348633
R081_C073,90,120,30.375001907348633
R081_C074,90,120,25.312501907348633
R081_C075,90,120,28.687501907348633
R081_C076,90,120,28.687501907348633
R081_C077,90,120,28.687501907348633
R081_C078,90,120,28.687501907348633
R081_C079,90,120,28.687501907348633
R081_C080,90,120,28.687501907348633
R081_C081,90,120,28.687501907348633
R081_C082,90,120,25.312501907348633
R081_C083,90,120,30.375001907348633
R081_C084,90,120,28.687501907348633
R081_C085,90,120,25.312501907348633
R081_C086,90,120,25.312501907348633
R081_C087,90,120,25.312501907348633
R081_C088,90,120,25.312501907348633
R081_C089,90,120,25.312501907348633
R081_C090,90,120,25.312501907348633
R081_C091,90,120,25.312501907348633
R081_C092,90,120,25.312501907348633
R081_C093,90,120,10.125
R081_C094,90,120,25.312501907348633
R081_C095,90,120,25.312501907348633
R081_C096,90,120,28.687501907348633
R081_C097,90,120,28.687501907348633
R081_C098,90,120,25.312501907348633
R081_C099,90,120,28.687501907348633
R081_C100,90,120,30.375001907348633
R081_C101,90,120,30.375001907348633
R081_C102,90,120,30.375001907348633
R081_C103,90,120,30.375001907348633
R081_C104,90,120,30.375001907348633
R081_C105,90,120,30.375001907348633
R081_C106,90,120,28.687501907348633
R081_C107,90,120,30.375001907348633
R081_C108,90,120,28.687501907348633
R081_C109,90,120,28.687501907348633
R081_C110,90,120,30.375001907348633
R081_C111,90,120,28.687501907348633
R081_C112,90,120,25.312501907348633
R081_C113,90,120,28.687501907348633
R081_C114,90,120,28.687501907348633
R081_C115,90,120,28.687501907348633
R081_C116,90,120,28.687501907348633
R081_C117,90,120,28.687501907348633
R081_C118,90,120,25.312501907348633
R081_C119,90,120,28.687501907348633
R081_C120,90,120,28.687501907348633
R081_C121,90,120,30.375001907348633
R081_C122,90,120,28.687501907348633
R081_C123,90,120,30.375001907348633
R081_C124,90,120,28.687501907348633
R081_C125,90,120,28.687501907348633
R081_C126,90,120,28.687501907348633
R081_C127,90,120,28.687501907348633
R081_C128,90,120,25.312501907348633
R081_C129,90,120,25.312501907348633
R081_C130,90,120,25.312501907348633
R081_C131,90,120,25.312501907348633
R081_C132,90,120,25.312501907348633
R081_C133,90,120,25.312501907348633
R081_C134,90,120,25.312501907348633
R082_C068,90,120,28.687501907348633
R082_C069,90,120,28.687501907348633
R082_C070,90,120,28.687501907348633
R082_C071,90,120,28.687501907348633
R082_C072,90,120,28.687501907348633
R082_C073,90,120,28.687501907348633
R082_C074,90,120,28.687501907348633
R082_C075,90,120,28.687501907348633
R082_C076,90,120,28.687501907348633
R082_C077,90,120,28.687501907348633
R082_C078,90,120,28.687501907348633
R082_C079,90,120,28.687501907348633
R082_C080,90,120,25.312501907348633
R082_C081,90,120,30.375001907348633
R082_C082,90,120,28.687501907348633
R082_C083,90,120,28.687501907348633
R082_C084,90,120,28.687501907348633
R082_C085,90,120,28.687501907348633
R082_C086,90,120,28.687501907348633
R082_C087,90,120,25.312501907348633
R082_C088,90,120,25.312501907348633
R082_C089,90,120,25.312501907348633
R082_C090,90,120,25.312501907348633
R082_C091,90,120,25.312501907348633
R082_C092,90,120,10.125
R082_C093,90,120,28.687501907348633
R082_C094,90,120,30.375001907348633
R082_C095,90,120,28.687501907348633
R082_C096,90,120,28.687501907348633
R082_C097,90,120,28.687501907348633
R082_C098,90,120,25.312501907348633
R082_C099,90,120,10.125
R082_C100,90,120,30.375001907348633
R082_C101,90,120,30.375001907348633
R082_C102,90,120,30.375001907348633
R082_C103,90,120,30.375001907348633
R082_C104,90,120,30.375001907348633
R082_C105,90,120,30.375001907348633
R082_C106,90,120,30.375001907348633
R082_C107,90,120,30.375001907348633
R082_C108,90,120,30.375001907348633
R082_C109,90,120,28.687501907348633
R082_C110,90,120,30.375001907348633
R082_C111,90,120,28.687501907348633
R082_C112,90,120,30.375001907348633
R082_C113,90,120,28.687501907348633
R082_C114,90,120,28.687501907348633
R082_C115,90,120,25.312501907348633
R082_C116,90,120,25.312501907348633
R082_C117,90,120,28.687501907348633
R082_C118,90,120,30.375001907348633
R082_C119,90,120,28.687501907348633
R082_C120,90,120,30.375001907348633
R082_C121,90,120,28.687501907348633
R082_C122,90,120,30.375001907348633
R082_C123,90,120,28.687501907348633
R082_C124,90,120,10.125
R082_C125,90,120,28.687501907348633
R082_C126,90,120,25.312501907348633
R082_C127,90,120,28.687501907348633
R082_C128,90,120,30.375001907348633
R082_C129,90,120,25.312501907348633
R082_C130,90,120,25.312501907348633
R082_C131,90,120,25.312501907348633
R082_C132,90,120,25.312501907348633
R082_C133,90,120,25.312501907348633
R082_C134,90,120,25.312501907348633
R082_C135,90,120,25.312501907348633
R083_C068,90,120,30.375001907348633
R083_C069,90,120,25.312501907348633
R083_C070,90,120,30.375001907348633
R083_C071,90,120,25.312501907348633
R083_C072,90,120,30.375001907348633
R083_C073,90,120,28.687501907348633
R083_C074,90,120,28.687501907348633
R083_C075,90,120,30.375001907348633
R083_C076,90,120,25.312501907348633
R083_C077,90,120,30.375001907348633
R083_C078,90,120,28.687501907348633
R083_C079,90,120,28.687501907348633
R083_C080,90,120,28.687501907348633
R083_C081,90,120,28.687501907348633
R083_C082,90,120,30.375001907348633
R083_C083,90,120,28.687501907348633
R083_C084,90,120,28.687501907348633
R083_C085,90,120,28.687501907348633
R083_C086,90,120,25.312501907348633
R083_C087,90,120,25.312501907348633
R083_C088,90,120,25.312501907348633
R083_C089,90,120,25.312501907348633
R083_C090,90,120,25.312501907348633
R083_C091,90,120,25.312501907348633
R083_C092,90,120,10.125
R083_C093,90,120,28.687501907348633
R083_C094,90,120,30.375001907348633
R083_C095,90,120,28.687501907348633
R083_C096,90,120,28.687501907348633
R083_C097,90,120,28.687501907348633
R083_C098,90,120,25.312501907348633
R083_C099,90,120,10.125
R083_C100,90,120,30.375001907348633
R083_C101,90,120,28.687501907348633
R083_C102,90,120,30.375001907348633
R083_C103,90,120,25.312501907348633
R083_C104,90,120,25.312501907348633
R083_C105,90,120,25.312501907348633
R083_C106,90,120,28.687501907348633
R083_C107,90,120,30.375001907348633
R083_C108,90,120,28.687501907348633
R083_C109,90,120,28.687501907348633
R083_C110,90,120,30.375001907348633
R083_C111,90,120,28.687501907348633
R083_C112,90,120,25.312501907348633
R083_C113,90,120,28.687501907348633
R083_C114,90,120,30.375001907348633
R083_C115,90,120,28.687501907348633
R083_C116,90,120,28.687501907348633
R083_C117,90,120,28.687501907348633
R083_C118,90,120,30.375001907348633
R083_C119,90,120,28.687501907348633
R083_C120,90,120,30.375001907348633
R083_C121,90,120,28.687501907348633
R083_C122,90,120,25.312501907348633
R083_C123,90,120,28.687501907348633
R083_C124,90,120,10.125
R083_C125,90,120,28.687501907348633
R083_C126,90,120,30.375001907348633
R083_C127,90,120,28.687501907348633
R083_C128,90,120,28.687501907348633
R083_C129,90,120,25.312501907348633
R083_C130,90,120,25.312501907348633
R083_C131,90,120,25.312501907348633
R083_C132,90,120,25.312501907348633
R083_C133,90,120,25.312501907348633
R083_C134,90,120,25.312501907348633
R083_C135,90,120,30.375001907348633
R083_C136,90,120,28.687501907348633
R084_C068,90,120,30.375001907348633
R084_C069,90,120,25.312501907348633
R084_C070,90,120,30.375001907348633
R084_C071,90,120,30.375001907348633
R084_C072,90,120,30.375001907348633
R084_C073,90,120,28.687501907348633
R084_C074,90,120,30.375001907348633
R084_C075,90,120,30.375001907348633
R084_C076,90,120,25.312501907348633
R084_C077,90,120,30.375001907348633
R084_C078,90,120,30.375001907348633
R084_C079,90,120,28.687501907348633
R084_C080,90,120,28.687501907348633
R084_C081,90,120,28.687501907348633
R084_C082,90,120,30.375001907348633
R084_C083,90,120,30.375001907348633
R084_C084,90,120,28.687501907348633
R084_C085,90,120,25.312501907348633
R084_C086,90,120,25.312501907348633
R084_C087,90,120,25.312501907348633
R084_C088,90,120,25.312501907348633
R084_C089,90,120,25.312501907348633
R084_C090,90,120,25.312501907348633
R084_C091,90,120,25.312501907348633
R084_C092,90,120,10.125
R084_C093,90,120,10.125
R084_C094,90,120,25.312501907348633
R084_C095,90,120,25.312501907348633
R084_C096,90,120,28.687501907348633
R084_C097,90,120,25.312501907348633
R084_C098,90,120,25.312501907348633
R084_C099,90,120,28.687501907348633
R084_C100,90,120,28.687501907348633
R084_C101,90,120,28.687501907348633
R084_C102,90,120,28.687501907348633
R084_C103,90,120,28.687501907348633
R084_C104,90,120,28.687501907348633
R084_C105,90,120,28.687501907348633
R084_C106,90,120,28.687501907348633
R084_C107,90,120,28.687501907348633
R084_C108,90,120,28.687501907348633
R084_C109,90,120,28.687501907348633
R084_C110,90,120,28.687501907348633
R084_C111,90,120,28.687501907348633
R084_C112,90,120,28.687501907348633
R084_C113,90,120,28.687501907348633
R084_C114,90,120,28.687501907348633
R084_C115,90,120,28.687501907348633
R084_C116,90,120,28.687501907348633
R084_C117,90,120,28.687501907348633
R084_C118,90,120,30.375001907348633
R084_C119,90,120,30.375001907348633
R084_C120,90,120,28.687501907348633
R084_C121,90,120,30.375001907348633
R084_C122,90,120,28.687501907348633
R084_C123,90,120,28.687501907348633
R084_C124,90,120,10.125
R084_C125,90,120,28.687501907348633
R084_C126,90,120,30.375001907348633
R084_C127,90,120,28.687501907348633
R084_C128,90,120,28.687501907348633
R084_C129,90,120,30.375001907348633
R084_C130,90,120,25.312501907348633
R084_C131,90,120,25.312501907348633
R084_C132,90,120,25.312501907348633
R084_C133,90,120,25.312501907348633
R084_C134,90,120,25.312501907348633
R084_C135,90,120,30.375001907348633
R084_C136,90,120,28.687501907348633
R084_C137,90,120,25.312501907348633
R085_C068,90,120,30.375001907348633
R085_C069,90,120,28.687501907348633
R085_C070,90,120,28.687501907348633
R085_C071,90,120,28.687501907348633
R085_C072,90,120,28.687501907348633
R085_C073,90,120,28.687501907348633
R085_C074,90,120,25.312501907348633
R085_C075,90,120,25.312501907348633
R085_C076,90,120,25.312501907348633
R085_C077,90,120,30.375001907348633
R085_C078,90,120,30.375001907348633
R085_C079,90,120,28.687501907348633
R085_C080,90,120,30.375001907348633
R085_C081,90,120,28.687501907348633
R085_C082,90,120,28.687501907348633
R085_C083,90,120,28.687501907348633
R085_C084,90,120,28.687501907348633
R085_C085,90,120,28.687501907348633
R085_C086,90,120,28.687501907348633
R085_C087,90,120,28.687501907348633
R085_C088,90,120,28.687501907348633
R085_C089,90,120,28.687501907348633
R085_C090,90,120,28.687501907348633
R085_C091,90,120,28.687501907348633
R085_C092,90,120,28.687501907348633
R085_C093,90,120,28.687501907348633
R085_C094,90,120,28.687501907348633
R085_C095,90,120,28.687501907348633
R085_C096,90,120,28.687501907348633
R085_C097,90,120,28.687501907348633
R085_C098,90,120,28.687501907348633
R085_C099,90,120,28.687501907348633
R085_C100,90,120,30.375001907348633
R085_C101,90,120,30.375001907348633
R085_C102,90,120,25.312501907348633
R085_C103,90,120,30.375001907348633
R085_C104,90,120,25.312501907348633
R085_C105,90,120,25.312501907348633
R085_C106,90,120,28.687501907348633
R085_C107,90,120,30.375001907348633
R085_C108,90,120,25.312501907348633
R085_C109,90,120,25.312501907348633
R085_C110,90,120,28.687501907348633
R085_C111,90,120,25.312501907348633
R085_C112,90,120,25.312501907348633
R085_C113,90,120,25.312501907348633
R085_C114,90,120,28.687501907348633
R085_C115,90,120,25.312501907348633
R085_C116,90,120,28.687501907348633
R085_C117,90,120,28.687501907348633
R085_C118,90,120,30.375001907348633
R085_C119,90,120,30.375001907348633
R085_C120,90,120,28.687501907348633
R085_C121,90,120,25.312501907348633
R085_C122,90,120,30.375001907348633
R085_C123,90,120,28.687501907348633
R085_C124,90,120,28.687501907348633
R085_C125,90,120,28.687501907348633
R085_C126,90,120,28.687501907348633
R085_C127,90,120,28.687501907348633
R085_C128,90,120,28.687501907348633
R085_C129,90,120,30.375001907348633
R085_C130,90,120,25.312501907348633
R085_C131,90,120,25.312501907348633
R085_C132,90,120,25.312501907348633
R085_C133,90,120,25.312501907348633
R085_C134,90,120,25.312501907348633
R085_C135,90,120,30.375001907348633
R085_C136,90,120,30.375001907348633
R085_C137,90,120,25.312501907348633
R086_C068,90,120,30.375001907348633
R086_C069,90,120,30.375001907348633
R086_C070,90,120,30.375001907348633
R086_C071,90,120,28.687501907348633
R086_C072,90,120,28.687501907348633
R086_C073,90,120,28.687501907348633
R086_C074,90,120,25.312501907348633
R086_C075,90,120,28.687501907348633
R086_C076,90,120,28.687501907348633
R086_C077,90,120,28.687501907348633
R086_C078,90,120,28.687501907348633
R086_C079,90,120,30.375001907348633
R086_C080,90,120,30.375001907348633
R086_C081,90,120,30.375001907348633
R086_C082,90,120,25.312501907348633
R086_C083,90,120,25.312501907348633
R086_C084,90,120,25.312501907348633
R086_C085,90,120,28.687501907348633
R086_C086,90,120,30.375001907348633
R086_C087,90,120,25.312501907348633
R086_C088,90,120,25.312501907348633
R086_C089,90,120,25.312501907348633
R086_C090,90,120,25.312501907348633
R086_C091,90,120,25.312501907348633
R086_C092,90,120,25.312501907348633
R086_C093,90,120,28.687501907348633
R086_C094,90,120,30.375001907348633
R086_C095,90,120,28.687501907348633
R086_C096,90,120,30.375001907348633
R086_C097,90,120,30.375001907348633
R086_C098,90,120,28.687501907348633
R086_C099,90,120,25.312501907348633
R086_C100,90,120,30.375001907348633
R086_C101,90,120,30.375001907348633
R086_C102,90,120,28.687501907348633
R086_C103,90,120,28.687501907348633
R086_C104,90,120,28.687501907348633
R086_C105,90,120,28.687501907348633
R086_C106,90,120,28.687501907348633
R086_C107,90,120,28.687501907348633
R086_C108,90,120,28.687501907348633
R086_C109,90,120,28.687501907348633
R086_C110,90,120,28.687501907348633
R086_C111,90,120,28.687501907348633
R086_C112,90,120,28.687501907348633
R086_C113,90,120,28.687501907348633
R086_C114,90,120,30.375001907348633
R086_C115,90,120,25.312501907348633
R086_C116,90,120,30.375001907348633
R086_C117,90,120,30.375001907348633
R086_C118,90,120,28.687501907348633
R086_C119,90,120,28.687501907348633
R086_C120,90,120,28.687501907348633
R086_C121,90,120,30.375001907348633
R086_C122,90,120,28.687501907348633
R086_C123,90,120,30.375001907348633
R086_C124,90,120,28.687501907348633
R086_C125,90,120,25.312501907348633
R086_C126,90,120,30.375001907348633
R086_C127,90,120,28.687501907348633
R086_C128,90,120,28.687501907348633
R086_C129,90,120,25.312501907348633
R086_C130,90,120,30.375001907348633
R086_C131,90,120,30.375001907348633
R086_C132,90,120,30.375001907348633
R086_C133,90,120,25.312501907348633
R086_C134,90,120,25.312501907348633
R086_C135,90,120,28.687501907348633
R086_C136,90,120,28.687501907348633
R086_C137,90,120,28.687501907348633
R087_C068,90,120,25.312501907348633
R087_C069,90,120,28.687501907348633
R087_C070,90,120,28.687501907348633
R087_C071,90,120,28.687501907348633
R087_C072,90,120,28.687501907348633
R087_C073,90,120,30.375001907348633
R087_C074,90,120,30.375001907348633
R087_C075,90,120,28.687501907348633
R087_C076,90,120,25.312501907348633
R087_C077,90,120,25.312501907348633
R087_C078,90,120,25.312501907348633
R087_C079,90,120,30.375001907348633
R087_C080,90,120,25.312501907348633
R087_C081,90,120,25.312501907348633
R087_C082,90,120,25.312501907348633
R087_C083,90,120,25.312501907348633
R087_C084,90,120,25.312501907348633
R087_C085,90,120,28.687501907348633
R087_C086,90,120,25.312501907348633
R087_C087,90,120,25.312501907348633
R087_C088,90,120,30.375001907348633
R087_C089,90,120,25.312501907348633
R087_C090,90,120,25.312501907348633
R087_C091,90,120,25.312501907348633
R087_C092,90,120,25.312501907348633
R087_C093,90,120,25.312501907348633
R087_C094,90,120,25.312501907348633
R087_C095,90,120,25.312501907348633
R087_C096,90,120,28.687501907348633
R087_C097,90,120,28.687501907348633
R087_C098,90,120,28.687501907348633
R087_C099,90,120,25.312501907348633
R087_C100,90,120,25.312501907348633
R087_C101,90,120,30.375001907348633
R087_C102,90,120,25.312501907348633
R087_C103,90,120,28.687501907348633
R087_C104,90,120,28.687501907348633
R087_C105,90,120,28.687501907348633
R087_C106,90,120,28.687501907348633
R087_C107,90,120,28.687501907348633
R087_C108,90,120,28.687501907348633
R087_C109,90,120,25.312501907348633
R087_C110,90,120,28.687501907348633
R087_C111,90,120,25.312501907348633
R087_C112,90,120,28.687501907348633
R087_C113,90,120,30.375001907348633
R087_C114,90,120,28.687501907348633
R087_C115,90,120,28.687501907348633
R087_C116,90,120,28.687501907348633
R087_C117,90,120,30.375001907348633
R087_C118,90,120,30.375001907348633
R087_C119,90,120,28.687501907348633
R087_C120,90,120,28.687501907348633
R087_C121,90,120,28.687501907348633
R087_C122,90,120,28.687501907348633
R087_C123,90,120,25.312501907348633
R087_C124,90,120,28.687501907348633
R087_C125,90,120,28.687501907348633
R087_C126,90,120,30.375001907348633
R087_C127,90,120,30.375001907348633
R087_C128,90,120,28.687501907348633
R087_C129,90,120,28.687501907348633
R087_C130,90,120,28.687501907348633
R087_C131,90,120,28.687501907348633
R087_C132,90,120,28.687501907348633
R087_C133,90,120,28.687501907348633
R087_C134,90,120,28.687501907348633
R087_C135,90,120,30.375001907348633
R087_C136,90,120,25.312501907348633
R087_C137,90,120,28.687501907348633
R088_C068,90,120,28.687501907348633
R088_C069,90,120,28.687501907348633
R088_C070,90,120,25.312501907348633
R088_C071,90,120,28.687501907348633
R088_C072,90,120,30.375001907348633
R088_C073,90,120,28.687501907348633
R088_C074,90,120,30.375001907348633
R088_C075,90,120,28.687501907348633
R088_C076,90,120,25.312501907348633
R088_C077,90,120,25.312501907348633
R088_C078,90,120,25.312501907348633
R088_C079,90,120,25.312501907348633
R088_C080,90,120,25.312501907348633
R088_C081,90,120,25.312501907348633
R088_C082,90,120,25.312501907348633
R088_C083,90,120,25.312501907348633
R088_C084,90,120,25.312501907348633
R088_C085,90,120,28.687501907348633
R088_C086,90,120,25.312501907348633
R088_C087,90,120,25.312501907348633
R088_C088,90,120,30.375001907348633
R088_C089,90,120,25.312501907348633
R088_C090,90,120,25.312501907348633
R088_C091,90,120,25.312501907348633
R088_C092,90,120,25.312501907348633
R088_C093,90,120,25.312501907348633
R088_C094,90,120,28.687501907348633
R088_C095,90,120,28.687501907348633
R088_C096,90,120,28.687501907348633
R088_C097,90,120,28.687501907348633
R088_C098,90,120,30.375001907348633
R088_C099,90,120,25.312501907348633
R088_C100,90,120,25.312501907348633
R088_C101,90,120,25.312501907348633
R088_C102,90,120,25.312501907348633
R088_C103,90,120,28.687501907348633
R088_C104,90,120,30.375001907348633
R088_C105,90,120,28.687501907348633
R088_C106,90,120,25.312501907348633
R088_C107,90,120,25.312501907348633
R088_C108,90,120,28.687501907348633
R088_C109,90,120,28.687501907348633
R088_C110,90,120,28.687501907348633
R088_C111,90,120,28.687501907348633
R088_C112,90,120,30.375001907348633
R088_C113,90,120,30.375001907348633
R088_C114,90,120,28.687501907348633
R088_C115,90,120,28.687501907348633
R088_C116,90,120,28.687501907348633
R088_C117,90,120,28.687501907348633
R088_C118,90,120,28.687501907348633
R088_C119,90,120,30.375001907348633
R088_C120,90,120,28.687501907348633
R088_C121,90,120,28.687501907348633
R088_C122,90,120,30.375001907348633
R088_C123,90,120,30.375001907348633
R088_C124,90,120,28.687501907348633
R088_C125,90,120,30.375001907348633
R088_C126,90,120,28.687501907348633
R088_C127,90,120,28.687501907348633
R088_C128,90,120,28.687501907348633
R088_C129,90,120,25.312501907348633
R088_C130,90,120,30.375001907348633
R088_C131,90,120,25.312501907348633
R088_C132,90,120,28.687501907348633
R088_C133,90,120,28.687501907348633
R088_C134,90,120,30.375001907348633
R088_C135,90,120,30.375001907348633
R088_C136,90,120,28.687501907348633
R088_C137,90,120,28.687501907348633
R089_C068,90,120,28.687501907348633
R089_C069,90,120,30.375001907348633
R089_C070,90,120,25.312501907348633
R089_C071,90,120,30.375001907348633
R089_C072,90,120,28.687501907348633
R089_C073,90,120,28.687501907348633
R089_C074,90,120,30.375001907348633
R089_C075,90,120,30.375001907348633
R089_C076,90,120,25.312501907348633
R089_C077,90,120,25.312501907348633
R089_C078,90,120,30.375001907348633
R089_C079,90,120,30.375001907348633
R089_C080,90,120,25.312501907348633
R089_C081,90,120,25.312501907348633
R089_C082,90,120,25.312501907348633
R089_C083,90,120,25.312501907348633
R089_C084,90,120,25.312501907348633
R089_C085,90,120,28.687501907348633
R089_C086,90,120,25.312501907348633
R089_C087,90,120,25.312501907348633
R089_C088,90,120,30.375001907348633
R089_C089,90,120,25.312501907348633
R089_C090,90,120,25.312501907348633
R089_C091,90,120,25.312501907348633
R089_C092,90,120,25.312501907348633
R089_C093,90,120,25.312501907348633
R089_C094,90,120,25.312501907348633
R089_C095,90,120,28.687501907348633
R089_C096,90,120,30.375001907348633
R089_C097,90,120,28.687501907348633
R089_C098,90,120,28.687501907348633
R089_C099,90,120,28.687501907348633
R089_C100,90,120,25.312501907348633
R089_C101,90,120,25.312501907348633
R089_C102,90,120,25.312501907348633
R089_C103,90,120,25.312501907348633
R089_C104,90,120,28.687501907348633
R089_C105,90,120,28.687501907348633
R089_C106,90,120,28.687501907348633
R089_C107,90,120,28.687501907348633
R089_C108,90,120,28.687501907348633
R089_C109,90,120,30.375001907348633
R089_C110,90,120,28.687501907348633
R089_C111,90,120,28.687501907348633
R089_C112,90,120,28.687501907348633
R089_C113,90,120,28.687501907348633
R089_C114,90,120,30.375001907348633
R089_C115,90,120,25.312501907348633
R089_C116,90,120,30.375001907348633
R089_C117,90,120,25.312501907348633
R089_C118,90,120,28.687501907348633
R089_C119,90,120,30.375001907348633
R089_C120,90,120,30.375001907348633
R089_C121,90,120,28.687501907348633
R089_C122,90,120,25.312501907348633
R089_C123,90,120,28.687501907348633
R089_C124,90,120,28.687501907348633
R089_C125,90,120,28.687501907348633
R089_C126,90,120,30.375001907348633
R089_C127,90,120,25.312501907348633
R089_C128,90,120,25.312501907348633
R089_C129,90,120,25.312501907348633
R089_C130,90,120,30.375001907348633
R089_C131,90,120,25.312501907348633
R089_C132,90,120,28.687501907348633
R089_C133,90,120,28.687501907348633
R089_C134,90,120,25.312501907348633
R089_C135,90,120,25.312501907348633
R089_C136,90,120,25.312501907348633
R089_C137,90,120,28.687501907348633
R090_C069,90,120,25.312501907348633
R090_C070,90,120,30.375001907348633
R090_C071,90,120,30.375001907348633
R090_C072,90,120,25.312501907348633
R090_C073,90,120,28.687501907348633
R090_C074,90,120,28.687501907348633
R090_C075,90,120,25.312501907348633
R090_C076,90,120,25.312501907348633
R090_C077,90,120,25.312501907348633
R090_C078,90,120,30.375001907348633
R090_C079,90,120,30.375001907348633
R090_C080,90,120,25.312501907348633
R090_C081,90,120,25.312501907348633
R090_C082,90,120,25.312501907348633
R090_C083,90,120,25.312501907348633
R090_C084,90,120,25.312501907348633
R090_C085,90,120,28.687501907348633
R090_C086,90,120,25.312501907348633
R090_C087,90,120,25.312501907348633
R090_C088,90,120,25.312501907348633
R090_C089,90,120,25.312501907348633
R090_C090,90,120,25.312501907348633
R090_C091,90,120,25.312501907348633
R090_C092,90,120,25.312501907348633
R090_C093,90,120,25.312501907348633
R090_C094,90,120,25.312501907348633
R090_C095,90,120,28.687501907348633
R090_C096,90,120,28.687501907348633
R090_C097,90,120,28.687501907348633
R090_C098,90,120,28.687501907348633
R090_C099,90,120,28.687501907348633
R090_C100,90,120,25.312501907348633
R090_C101,90,120,25.312501907348633
R090_C102,90,120,25.312501907348633
R090_C103,90,120,25.312501907348633
R090_C104,90,120,30.375001907348633
R090_C105,90,120,30.375001907348633
R090_C106,90,120,30.375001907348633
R090_C107,90,120,28.687501907348633
R090_C108,90,120,28.687501907348633
R090_C109,90,120,25.312501907348633
R090_C110,90,120,28.687501907348633
R090_C111,90,120,30.375001907348633
R090_C112,90,120,28.687501907348633
R090_C113,90,120,28.687501907348633
R090_C114,90,120,30.375001907348633
R090_C115,90,120,28.687501907348633
R090_C116,90,120,30.375001907348633
R090_C117,90,120,30.375001907348633
R090_C118,90,120,28.687501907348633
R090_C119,90,120,28.687501907348633
R090_C120,90,120,28.687501907348633
R090_C121,90,120,28.687501907348633
R090_C122,90,120,28.687501907348633
R090_C123,90,120,28.687501907348633
R090_C124,90,120,28.687501907348633
R090_C125,90,120,30.375001907348633
R090_C126,90,120,25.312501907348633
R090_C127,90,120,25.312501907348633
R090_C128,90,120,25.312501907348633
R090_C129,90,120,25.312501907348633
R090_C130,90,120,25.312501907348633
R090_C131,90,120,25.312501907348633
R090_C132,90,120,25.312501907348633
R090_C133,90,120,28.687501907348633
R090_C134,90,120,30.375001907348633
R090_C135,90,120,30.375001907348633
R090_C136,90,120,30.375001907348633
R090_C137,90,120,28.687501907348633
R091_C069,90,120,28.687501907348633
R091_C070,90,120,28.687501907348633
R091_C071,90,120,25.312501907348633
R091_C072,90,120,30.375001907348633
R091_C073,90,120,28.687501907348633
R091_C074,90,120,25.312501907348633
R091_C075,90,120,30.375001907348633
R091_C076,90,120,25.312501907348633
R091_C077,90,120,25.312501907348633
R091_C078,90,120,25.312501907348633
R091_C079,90,120,30.375001907348633
R091_C080,90,120,25.312501907348633
R091_C081,90,120,25.312501907348633
R091_C082,90,120,30.375001907348633
R091_C083,90,120,30.375001907348633
R091_C084,90,120,25.312501907348633
R091_C085,90,120,28.687501907348633
R091_C086,90,120,25.312501907348633
R091_C087,90,120,25.312501907348633
R091_C088,90,120,25.312501907348633
R091_C089,90,120,25.312501907348633
R091_C090,90,120,25.312501907348633
R091_C091,90,120,25.312501907348633
R091_C092,90,120,25.312501907348633
R091_C093,90,120,25.312501907348633
R091_C094,90,120,25.312501907348633
R091_C095,90,120,28.687501907348633
R091_C096,90,120,30.375001907348633
R091_C097,90,120,28.687501907348633
R091_C098,90,120,28.687501907348633
R091_C099,90,120,28.687501907348633
R091_C100,90,120,28.687501907348633
R091_C101,90,120,28.687501907348633
R091_C102,90,120,25.312501907348633
R091_C103,90,120,25.312501907348633
R091_C104,90,120,28.687501907348633
R091_C105,90,120,30.375001907348633
R091_C106,90,120,30.375001907348633
R091_C107,90,120,28.687501907348633
R091_C108,90,120,28.687501907348633
R091_C109,90,120,28.687501907348633
R091_C110,90,120,28.687501907348633
R091_C111,90,120,28.687501907348633
R091_C112,90,120,30.375001907348633
R091_C113,90,120,30.375001907348633
R091_C114,90,120,30.375001907348633
R091_C115,90,120,30.375001907348633
R091_C116,90,120,25.312501907348633
R091_C117,90,120,25.312501907348633
R091_C118,90,120,25.312501907348633
R091_C119,90,120,30.375001907348633
R091_C120,90,120,28.687501907348633
R091_C121,90,120,28.687501907348633
R091_C122,90,120,28.687501907348633
R091_C123,90,120,25.312501907348633
R091_C124,90,120,28.687501907348633
R091_C125,90,120,25.312501907348633
R091_C126,90,120,25.312501907348633
R091_C127,90,120,25.312501907348633
R091_C128,90,120,25.312501907348633
R091_C129,90,120,25.312501907348633
R091_C130,90,120,25.312501907348633
R091_C131,90,120,25.312501907348633
R091_C132,90,120,25.312501907348633
R091_C133,90,120,28.687501907348633
R091_C134,90,120,25.312501907348633
R091_C135,90,120,25.312501907348633
R091_C136,90,120,30.375001907348633
R091_C137,90,120,28.687501907348633
R092_C069,90,120,25.312501907348633
R092_C070,90,120,25.312501907348633
R092_C071,90,120,25.312501907348633
R092_C072,90,120,30.375001907348633
R092_C073,90,120,28.687501907348633
R092_C074,90,120,30.375001907348633
R092_C075,90,120,25.312501907348633
R092_C076,90,120,30.375001907348633
R092_C077,90,120,25.312501907348633
R092_C078,90,120,25.312501907348633
R092_C079,90,120,25.312501907348633
R092_C080,90,120,25.312501907348633
R092_C081,90,120,25.312501907348633
R092_C082,90,120,25.312501907348633
R092_C083,90,120,25.312501907348633
R092_C084,90,120,25.312501907348633
R092_C085,90,120,28.687501907348633
R092_C086,90,120,25.312501907348633
R092_C087,90,120,25.312501907348633
R092_C088,90,120,25.312501907348633
R092_C089,90,120,25.312501907348633
R092_C090,90,120,25.312501907348633
R092_C091,90,120,25.312501907348633
R092_C092,90,120,25.312501907348633
R092_C093,90,120,25.312501907348633
R092_C094,90,120,25.312501907348633
R092_C095,90,120,28.687501907348633
R092_C096,90,120,25.312501907348633
R092_C097,90,120,25.312501907348633
R092_C098,90,120,30.375001907348633
R092_C099,90,120,28.687501907348633
R092_C100,90,120,25.312501907348633
R092_C101,90,120,28.687501907348633
R092_C102,90,120,28.687501907348633
R092_C103,90,120,25.312501907348633
R092_C104,90,120,25.312501907348633
R092_C105,90,120,25.312501907348633
R092_C106,90,120,30.375001907348633
R092_C107,90,120,25.312501907348633
R092_C108,90,120,28.687501907348633
R092_C109,90,120,25.312501907348633
R092_C110,90,120,28.687501907348633
R092_C111,90,120,25.312501907348633
R092_C112,90,120,30.375001907348633
R092_C113,90,120,28.687501907348633
R092_C114,90,120,25.312501907348633
R092_C115,90,120,28.687501907348633
R092_C116,90,120,28.687501907348633
R092_C117,90,120,28.687501907348633
R092_C118,90,120,28.687501907348633
R092_C119,90,120,28.687501907348633
R092_C120,90,120,28.687501907348633
R092_C121,90,120,28.687501907348633
R092_C122,90,120,25.312501907348633
R092_C123,90,120,25.312501907348633
R092_C124,90,120,30.375001907348633
R092_C125,90,120,25.312501907348633
R092_C126,90,120,25.312501907348633
R092_C127,90,120,25.312501907348633
R092_C128,90,120,25.312501907348633
R092_C129,90,120,25.312501907348633
R092_C130,90,120,25.312501907348633
R092_C131,90,120,25.312501907348633
R092_C132,90,120,25.312501907348633
R092_C133,90,120,25.312501907348633
R092_C134,90,120,25.312501907348633
R092_C135,90,120,30.375001907348633
R092_C136,90,120,25.312501907348633
R092_C137,90,120,25.312501907348633
R093_C069,90,120,25.312501907348633
R093_C070,90,120,25.312501907348633
R093_C071,90,120,30.375001907348633
R093_C072,90,120,28.687501907348633
R093_C073,90,120,28.687501907348633
R093_C074,90,120,25.312501907348633
R093_C075,90,120,25.312501907348633
R093_C076,90,120,25.312501907348633
R093_C077,90,120,25.312501907348633
R093_C078,90,120,30.375001907348633
R093_C079,90,120,25.312501907348633
R093_C080,90,120,30.375001907348633
R093_C081,90,120,25.312501907348633
R093_C082,90,120,25.312501907348633
R093_C083,90,120,25.312501907348633
R093_C084,90,120,25.312501907348633
R093_C085,90,120,28.687501907348633
R093_C086,90,120,25.312501907348633
R093_C087,90,120,25.312501907348633
R093_C088,90,120,25.312501907348633
R093_C089,90,120,25.312501907348633
R093_C090,90,120,25.312501907348633
R093_C091,90,120,25.312501907348633
R093_C092,90,120,25.312501907348633
R093_C093,90,120,25.312501907348633
R093_C094,90,120,25.312501907348633
R093_C095,90,120,28.687501907348633
R093_C096,90,120,30.375001907348633
R093_C097,90,120,28.687501907348633
R093_C098,90,120,28.687501907348633
R093_C099,90,120,28.687501907348633
R093_C100,90,120,25.312501907348633
R093_C101,90,120,28.687501907348633
R093_C102,90,120,28.687501907348633
R093_C103,90,120,28.687501907348633
R093_C104,90,120,25.312501907348633
R093_C105,90,120,25.312501907348633
R093_C106,90,120,25.312501907348633
R093_C107,90,120,25.312501907348633
R093_C108,90,120,28.687501907348633
R093_C109,90,120,28.687501907348633
R093_C110,90,120,28.687501907348633
R093_C111,90,120,28.687501907348633
R093_C112,90,120,25.312501907348633
R093_C113,90,120,25.312501907348633
R093_C114,90,120,28.687501907348633
R093_C115,90,120,28.687501907348633
R093_C116,90,120,25.312501907348633
R093_C117,90,120,25.312501907348633
R093_C118,90,120,25.312501907348633
R093_C119,90,120,25.312501907348633
R093_C120,90,120,25.312501907348633
R093_C121,90,120,28.687501907348633
R093_C122,90,120,28.687501907348633
R093_C123,90,120,25.312501907348633
R093_C124,90,120,25.312501907348633
R093_C125,90,120,25.312501907348633
R093_C126,90,120,25.312501907348633
R093_C127,90,120,25.312501907348633
R093_C128,90,120,25.312501907348633
R093_C129,90,120,25.312501907348633
R093_C130,90,120,25.312501907348633
R093_C131,90,120,25.312501907348633
R093_C132,90,120,30.375001907348633
R093_C133,90,120,30.375001907348633
R093_C134,90,120,28.687501907348633
R093_C135,90,120,28.687501907348633
R093_C136,90,120,28.687501907348633
R093_C137,90,120,30.375001907348633
R094_C069,90,120,25.312501907348633
R094_C070,90,120,25.312501907348633
R094_C071,90,120,25.312501907348633
R094_C072,90,120,28.687501907348633
R094_C073,90,120,28.687501907348633
R094_C074,90,120,25.312501907348633
R094_C075,90,120,25.312501907348633
R094_C076,90,120,25.312501907348633
R094_C077,90,120,25.312501907348633
R094_C078,90,120,25.312501907348633
R094_C079,90,120,25.312501907348633
R094_C080,90,120,25.312501907348633
R094_C081,90,120,25.312501907348633
R094_C082,90,120,25.312501907348633
R094_C083,90,120,25.312501907348633
R094_C084,90,120,25.312501907348633
R094_C085,90,120,28.687501907348633
R094_C086,90,120,25.312501907348633
R094_C087,90,120,25.312501907348633
R094_C088,90,120,25.312501907348633
R094_C089,90,120,25.312501907348633
R094_C090,90,120,25.312501907348633
R094_C091,90,120,25.312501907348633
R094_C092,90,120,25.312501907348633
R094_C093,90,120,25.312501907348633
R094_C094,90,120,10.125
R094_C095,90,120,10.125
R094_C096,90,120,28.687501907348633
R094_C097,90,120,28.687501907348633
R094_C098,90,120,28.687501907348633
R094_C099,90,120,28.687501907348633
R094_C100,90,120,28.687501907348633
R094_C101,90,120,28.687501907348633
R094_C102,90,120,28.687501907348633
R094_C103,90,120,28.687501907348633
R094_C104,90,120,25.312501907348633
R094_C105,90,120,28.687501907348633
R094_C106,90,120,28.687501907348633
R094_C107,90,120,25.312501907348633
R094_C108,90,120,25.312501907348633
R094_C109,90,120,30.375001907348633
R094_C110,90,120,28.687501907348633
R094_C111,90,120,25.312501907348633
R094_C112,90,120,25.312501907348633
R094_C113,90,120,28.687501907348633
R094_C114,90,120,28.687501907348633
R094_C115,90,120,25.312501907348633
R094_C116,90,120,28.687501907348633
R094_C117,90,120,25.312501907348633
R094_C118,90,120,28.687501907348633
R094_C119,90,120,25.312501907348633
R094_C120,90,120,25.312501907348633
R094_C121,90,120,28.687501907348633
R094_C122,90,120,28.687501907348633
R094_C123,90,120,25.312501907348633
R094_C124,90,120,25.312501907348633
R094_C125,90,120,25.312501907348633
R094_C126,90,120,25.312501907348633
R094_C127,90,120,25.312501907348633
R094_C128,90,120,25.312501907348633
R094_C129,90,120,28.687501907348633
R094_C130,90,120,25.312501907348633
R094_C131,90,120,25.312501907348633
R094_C132,90,120,30.375001907348633
R094_C133,90,120,28.687501907348633
R094_C134,90,120,30.375001907348633
R094_C135,90,120,25.312501907348633
R094_C136,90,120,28.687501907348633
R095_C069,90,120,30.375001907348633
R095_C070,90,120,25.312501907348633
R095_C071,90,120,30.375001907348633
R095_C072,90,120,28.687501907348633
R095_C073,90,120,28.687501907348633
R095_C074,90,120,30.375001907348633
R095_C075,90,120,30.375001907348633
R095_C076,90,120,30.375001907348633
R095_C077,90,120,30.375001907348633
R095_C078,90,120,30.375001907348633
R095_C079,90,120,30.375001907348633
R095_C080,90,120,25.312501907348633
R095_C081,90,120,25.312501907348633
R095_C082,90,120,25.312501907348633
R095_C083,90,120,25.312501907348633
R095_C084,90,120,28.687501907348633
R095_C085,90,120,28.687501907348633
R095_C086,90,120,25.312501907348633
R095_C087,90,120,25.312501907348633
R095_C088,90,120,25.312501907348633
R095_C089,90,120,30.375001907348633
R095_C090,90,120,25.312501907348633
R095_C091,90,120,25.312501907348633
R095_C092,90,120,25.312501907348633
R095_C093,90,120,25.312501907348633
R095_C094,90,120,10.125
R095_C095,90,120,10.125
R095_C096,90,120,28.687501907348633
R095_C097,90,120,28.687501907348633
R095_C098,90,120,28.687501907348633
R095_C099,90,120,28.687501907348633
R095_C100,90,120,25.312501907348633
R095_C101,90,120,28.687501907348633
R095_C102,90,120,25.312501907348633
R095_C103,90,120,28.687501907348633
R095_C104,90,120,25.312501907348633
R095_C105,90,120,28.687501907348633
R095_C106,90,120,28.687501907348633
R095_C107,90,120,25.312501907348633
R095_C108,90,120,25.312501907348633
R095_C109,90,120,25.312501907348633
R095_C110,90,120,25.312501907348633
R095_C111,90,120,25.312501907348633
R095_C112,90,120,28.687501907348633
R095_C113,90,120,28.687501907348633
R095_C114,90,120,28.687501907348633
R095_C115,90,120,28.687501907348633
R095_C116,90,120,28.687501907348633
R095_C117,90,120,28.687501907348633
R095_C118,90,120,28.687501907348633
R095_C119,90,120,25.312501907348633
R095_C120,90,120,25.312501907348633
R095_C121,90,120,28.687501907348633
R095_C122,90,120,28.687501907348633
R095_C123,90,120,25.312501907348633
R095_C124,90,120,25.312501907348633
R095_C125,90,120,25.312501907348633
R095_C126,90,120,25.312501907348633
R095_C127,90,120,25.312501907348633
R095_C128,90,120,25.312501907348633
R095_C129,90,120,28.687501907348633
R095_C130,90,120,25.312501907348633
R095_C131,90,120,25.312501907348633
R095_C132,90,120,25.312501907348633
R095_C133,90,120,25.312501907348633
R095_C134,90,120,30.375001907348633
R095_C135,90,120,30.375001907348633
R095_C136,90,120,25.312501907348633
R096_C069,90,120,25.312501907348633
R096_C070,90,120,25.312501907348633
R096_C071,90,120,25.312501907348633
R096_C072,90,120,28.687501907348633
R096_C073,90,120,28.687501907348633
R096_C074,90,120,25.312501907348633
R096_C075,90,120,25.312501907348633
R096_C076,90,120,25.312501907348633
R096_C077,90,120,30.375001907348633
R096_C078,90,120,30.375001907348633
R096_C079,90,120,25.312501907348633
R096_C080,90,120,25.312501907348633
R096_C081,90,120,25.312501907348633
R096_C082,90,120,25.312501907348633
R096_C083,90,120,25.312501907348633
R096_C084,90,120,28.687501907348633
R096_C085,90,120,28.687501907348633
R096_C086,90,120,25.312501907348633
R096_C087,90,120,25.312501907348633
R096_C088,90,120,25.312501907348633
R096_C089,90,120,25.312501907348633
R096_C090,90,120,25.312501907348633
R096_C091,90,120,25.312501907348633
R096_C092,90,120,25.312501907348633
R096_C093,90,120,25.312501907348633
R096_C094,90,120,28.687501907348633
R096_C095,90,120,28.687501907348633
R096_C096,90,120,28.687501907348633
R096_C097,90,120,28.687501907348633
R096_C098,90,120,28.687501907348633
R096_C099,90,120,28.687501907348633
R096_C100,90,120,25.312501907348633
R096_C101,90,120,30.375001907348633
R096_C102,90,120,28.687501907348633
R096_C103,90,120,28.687501907348633
R096_C104,90,120,25.312501907348633
R096_C105,90,120,28.687501907348633
R096_C106,90,120,28.687501907348633
R096_C107,90,120,30.375001907348633
R096_C108,90,120,28.687501907348633
R096_C109,90,120,28.687501907348633
R096_C110,90,120,28.687501907348633
R096_C111,90,120,28.687501907348633
R096_C112,90,120,28.687501907348633
R096_C113,90,120,25.312501907348633
R096_C114,90,120,25.312501907348633
R096_C115,90,120,25.312501907348633
R096_C116,90,120,28.687501907348633
R096_C117,90,120,28.687501907348633
R096_C118,90,120,28.687501907348633
R096_C119,90,120,28.687501907348633
R096_C120,90,120,28.687501907348633
R096_C121,90,120,28.687501907348633
R096_C122,90,120,28.687501907348633
R096_C123,90,120,25.312501907348633
R096_C124,90,120,25.312501907348633
R096_C125,90,120,25.312501907348633
R096_C126,90,120,25.312501907348633
R096_C127,90,120,25.312501907348633
R096_C128,90,120,28.687501907348633
R096_C129,90,120,28.687501907348633
R096_C130,90,120,25.312501907348633
R096_C131,90,120,25.312501907348633
R096_C132,90,120,25.312501907348633
R096_C133,90,120,25.312501907348633
R096_C134,90,120,28.687501907348633
R096_C135,90,120,30.375001907348633
R096_C136,90,120,28.687501907348633
R097_C069,90,120,25.312501907348633
R097_C070,90,120,25.312501907348633
R097_C071,90,120,25.312501907348633
R097_C072,90,120,28.687501907348633
R097_C073,90,120,25.312501907348633
R097_C074,90,120,25.312501907348633
R097_C075,90,120,25.312501907348633
R097_C076,90,120,25.312501907348633
R097_C077,90,120,30.375001907348633
R097_C078,90,120,25.312501907348633
R097_C079,90,120,30.375001907348633
R097_C080,90,120,30.375001907348633
R097_C081,90,120,25.312501907348633
R097_C082,90,120,25.312501907348633
R097_C083,90,120,25.312501907348633
R097_C084,90,120,28.687501907348633
R097_C085,90,120,28.687501907348633
R097_C086,90,120,25.312501907348633
R097_C087,90,120,25.312501907348633
R097_C088,90,120,25.312501907348633
R097_C089,90,120,25.312501907348633
R097_C090,90,120,25.312501907348633
R097_C091,90,120,25.312501907348633
R097_C092,90,120,25.312501907348633
R097_C093,90,120,25.312501907348633
R097_C094,90,120,25.312501907348633
R097_C095,90,120,30.375001907348633
R097_C096,90,120,28.687501907348633
R097_C097,90,120,28.687501907348633
R097_C098,90,120,28.687501907348633
R097_C099,90,120,28.687501907348633
R097_C100,90,120,30.375001907348633
R097_C101,90,120,28.687501907348633
R097_C102,90,120,28.687501907348633
R097_C103,90,120,28.687501907348633
R097_C104,90,120,25.312501907348633
R097_C105,90,120,28.687501907348633
R097_C106,90,120,30.375001907348633
R097_C107,90,120,30.375001907348633
R097_C108,90,120,25.312501907348633
R097_C109,90,120,28.687501907348633
R097_C110,90,120,25.312501907348633
R097_C111,90,120,28.687501907348633
R097_C112,90,120,30.375001907348633
R097_C113,90,120,25.312501907348633
R097_C114,90,120,25.312501907348633
R097_C115,90,120,30.375001907348633
R097_C116,90,120,28.687501907348633
R097_C117,90,120,28.687501907348633
R097_C118,90,120,28.687501907348633
R097_C119,90,120,25.312501907348633
R097_C120,90,120,28.687501907348633
R097_C121,90,120,25.312501907348633
R097_C122,90,120,28.687501907348633
R097_C123,90,120,25.312501907348633
R097_C124,90,120,25.312501907348633
R097_C125,90,120,25.312501907348633
R097_C126,90,120,25.312501907348633
R097_C127,90,120,25.312501907348633
R097_C128,90,120,28.687501907348633
R097_C129,90,120,25.312501907348633
R097_C130,90,120,25.312501907348633
R097_C131,90,120,25.312501907348633
R097_C132,90,120,25.312501907348633
R097_C133,90,120,30.375001907348633
R097_C134,90,120,28.687501907348633
R097_C135,90,120,25.312501907348633
R097_C136,90,120,25.312501907348633
R098_C070,90,120,25.312501907348633
R098_C071,90,120,28.687501907348633
R098_C072,90,120,28.687501907348633
R098_C073,90,120,25.312501907348633
R098_C074,90,120,25.312501907348633
R098_C075,90,120,25.312501907348633
R098_C076,90,120,25.312501907348633
R098_C077,90,120,30.375001907348633
R098_C078,90,120,10.125
R098_C079,90,120,30.375001907348633
R098_C080,90,120,25.312501907348633
R098_C081,90,120,25.312501907348633
R098_C082,90,120,25.312501907348633
R098_C083,90,120,25.312501907348633
R098_C084,90,120,28.687501907348633
R098_C085,90,120,25.312501907348633
R098_C086,90,120,25.312501907348633
R098_C087,90,120,25.312501907348633
R098_C088,90,120,25.312501907348633
R098_C089,90,120,25.312501907348633
R098_C090,90,120,25.312501907348633
R098_C091,90,120,25.312501907348633
R098_C092,90,120,25.312501907348633
R098_C093,90,120,25.312501907348633
R098_C094,90,120,25.312501907348633
R098_C095,90,120,25.312501907348633
R098_C096,90,120,25.312501907348633
R098_C097,90,120,25.312501907348633
R098_C098,90,120,28.687501907348633
R098_C099,90,120,28.687501907348633
R098_C100,90,120,28.687501907348633
R098_C101,90,120,28.687501907348633
R098_C102,90,120,28.687501907348633
R098_C103,90,120,28.687501907348633
R098_C104,90,120,28.687501907348633
R098_C105,90,120,28.687501907348633
R098_C106,90,120,25.312501907348633
R098_C107,90,120,30.375001907348633
R098_C108,90,120,25.312501907348633
R098_C109,90,120,28.687501907348633
R098_C110,90,120,28.687501907348633
R098_C111,90,120,28.687501907348633
R098_C112,90,120,25.312501907348633
R098_C113,90,120,25.312501907348633
R098_C114,90,120,25.312501907348633
R098_C115,90,120,30.375001907348633
R098_C116,90,120,28.687501907348633
R098_C117,90,120,28.687501907348633
R098_C118,90,120,28.687501907348633
R098_C119,90,120,25.312501907348633
R098_C120,90,120,28.687501907348633
R098_C121,90,120,28.687501907348633
R098_C122,90,120,28.687501907348633
R098_C123,90,120,28.687501907348633
R098_C124,90,120,28.687501907348633
R098_C125,90,120,28.687501907348633
R098_C126,90,120,28.687501907348633
R098_C127,90,120,28.687501907348633
R098_C128,90,120,28.687501907348633
R098_C129,90,120,28.687501907348633
R098_C130,90,120,28.687501907348633
R098_C131,90,120,30.375001907348633
R098_C132,90,120,30.375001907348633
R098_C133,90,120,30.375001907348633
R098_C134,90,120,28.687501907348633
R098_C135,90,120,30.375001907348633
R098_C136,90,120,28.687501907348633
R099_C070,90,120,25.312501907348633
R099_C071,90,120,25.312501907348633
R099_C072,90,120,28.687501907348633
R099_C073,90,120,25.312501907348633
R099_C074,90,120,25.312501907348633
R099_C075,90,120,25.312501907348633
R099_C076,90,120,25.312501907348633
R099_C077,90,120,25.312501907348633
R099_C078,90,120,25.312501907348633
R099_C079,90,120,25.312501907348633
R099_C080,90,120,25.312501907348633
R099_C081,90,120,30.375001907348633
R099_C082,90,120,25.312501907348633
R099_C083,90,120,28.687501907348633
R099_C084,90,120,28.687501907348633
R099_C085,90,120,30.375001907348633
R099_C086,90,120,25.312501907348633
R099_C087,90,120,25.312501907348633
R099_C088,90,120,25.312501907348633
R099_C089,90,120,25.312501907348633
R099_C090,90,120,25.312501907348633
R099_C091,90,120,25.312501907348633
R099_C092,90,120,25.312501907348633
R099_C093,90,120,25.312501907348633
R099_C094,90,120,28.687501907348633
R099_C095,90,120,30.375001907348633
R099_C096,90,120,28.687501907348633
R099_C097,90,120,30.375001907348633
R099_C098,90,120,30.375001907348633
R099_C099,90,120,28.687501907348633
R099_C100,90,120,28.687501907348633
R099_C101,90,120,25.312501907348633
R099_C102,90,120,28.687501907348633
R099_C103,90,120,25.312501907348633
R099_C104,90,120,28.687501907348633
R099_C105,90,120,28.687501907348633
R099_C106,90,120,28.687501907348633
R099_C107,90,120,28.687501907348633
R099_C108,90,120,28.687501907348633
R099_C109,90,120,28.687501907348633
R099_C110,90,120,28.687501907348633
R099_C111,90,120,25.312501907348633
R099_C112,90,120,25.312501907348633
R099_C113,90,120,25.312501907348633
R099_C114,90,120,25.312501907348633
R099_C115,90,120,30.375001907348633
R099_C116,90,120,30.375001907348633
R099_C117,90,120,28.687501907348633
R099_C118,90,120,28.687501907348633
R099_C119,90,120,25.312501907348633
R099_C120,90,120,28.687501907348633
R099_C121,90,120,28.687501907348633
R099_C122,90,120,25.312501907348633
R099_C123,90,120,28.687501907348633
R099_C124,90,120,25.312501907348633
R099_C125,90,120,30.375001907348633
R099_C126,90,120,25.312501907348633
R099_C127,90,120,25.312501907348633
R099_C128,90,120,25.312501907348633
R099_C129,90,120,28.687501907348633
R099_C130,90,120,28.687501907348633
R099_C131,90,120,28.687501907348633
R099_C132,90,120,28.687501907348633
R099_C133,90,120,28.687501907348633
R099_C134,90,120,28.687501907348633
R099_C135,90,120,25.312501907348633
R099_C136,90,120,28.687501907348633
R100_C070,90,120,25.312501907348633
R100_C071,90,120,30.375001907348633
R100_C072,90,120,28.687501907348633
R100_C073,90,120,25.312501907348633
R100_C074,90,120,25.312501907348633
R100_C075,90,120,25.312501907348633
R100_C076,90,120,25.312501907348633
R100_C077,90,120,30.375001907348633
R100_C078,90,120,30.375001907348633
R100_C079,90,120,25.312501907348633
R100_C080,90,120,25.312501907348633
R100_C081,90,120,25.312501907348633
R100_C082,90,120,25.312501907348633
R100_C083,90,120,28.687501907348633
R100_C084,90,120,28.687501907348633
R100_C085,90,120,25.312501907348633
R100_C086,90,120,25.312501907348633
R100_C087,90,120,25.312501907348633
R100_C088,90,120,25.312501907348633
R100_C089,90,120,25.312501907348633
R100_C090,90,120,25.312501907348633
R100_C091,90,120,25.312501907348633
R100_C092,90,120,25.312501907348633
R100_C093,90,120,25.312501907348633
R100_C094,90,120,30.375001907348633
R100_C095,90,120,28.687501907348633
R100_C096,90,120,28.687501907348633
R100_C097,90,120,28.687501907348633
R100_C098,90,120,28.687501907348633
R100_C099,90,120,28.687501907348633
R100_C100,90,120,28.687501907348633
R100_C101,90,120,28.687501907348633
R100_C102,90,120,28.687501907348633
R100_C103,90,120,28.687501907348633
R100_C104,90,120,28.687501907348633
R100_C105,90,120,25.312501907348633
R100_C106,90,120,25.312501907348633
R100_C107,90,120,25.312501907348633
R100_C108,90,120,25.312501907348633
R100_C109,90,120,25.312501907348633
R100_C110,90,120,28.687501907348633
R100_C111,90,120,25.312501907348633
R100_C112,90,120,25.312501907348633
R100_C113,90,120,30.375001907348633
R100_C114,90,120,30.375001907348633
R100_C115,90,120,25.312501907348633
R100_C116,90,120,28.687501907348633
R100_C117,90,120,28.687501907348633
R100_C118,90,120,28.687501907348633
R100_C119,90,120,28.687501907348633
R100_C120,90,120,28.687501907348633
R100_C121,90,120,25.312501907348633
R100_C122,90,120,25.312501907348633
R100_C123,90,120,28.687501907348633
R100_C124,90,120,30.375001907348633
R100_C125,90,120,25.312501907348633
R100_C126,90,120,25.312501907348633
R100_C127,90,120,25.312501907348633
R100_C128,90,120,25.312501907348633
R100_C129,90,120,25.312501907348633
R100_C130,90,120,28.687501907348633
R100_C131,90,120,25.312501907348633
R100_C132,90,120,28.687501907348633
R100_C133,90,120,28.687501907348633
R100_C134,90,120,28.687501907348633
R100_C135,90,120,28.687501907348633
R100_C136,90,120,28.687501907348633
R101_C071,90,120,30.375001907348633
R101_C072,90,120,25.312501907348633
R101_C073,90,120,30.375001907348633
R101_C074,90,120,25.312501907348633
R101_C075,90,120,25.312501907348633
R101_C076,90,120,25.312501907348633
R101_C077,90,120,25.312501907348633
R101_C078,90,120,25.312501907348633
R101_C079,90,120,25.312501907348633
R101_C080,90,120,25.312501907348633
R101_C081,90,120,30.375001907348633
R101_C082,90,120,28.687501907348633
R101_C083,90,120,28.687501907348633
R101_C084,90,120,25.312501907348633
R101_C085,90,120,25.312501907348633
R101_C086,90,120,25.312501907348633
R101_C087,90,120,25.312501907348633
R101_C088,90,120,25.312501907348633
R101_C089,90,120,25.312501907348633
R101_C090,90,120,25.312501907348633
R101_C091,90,120,25.312501907348633
R101_C092,90,120,25.312501907348633
R101_C093,90,120,25.312501907348633
R101_C094,90,120,28.687501907348633
R101_C095,90,120,28.687501907348633
R101_C096,90,120,28.687501907348633
R101_C097,90,120,30.375001907348633
R101_C098,90,120,30.375001907348633
R101_C099,90,120,28.687501907348633
R101_C100,90,120,30.375001907348633
R101_C101,90,120,28.687501907348633
R101_C102,90,120,28.687501907348633
R101_C103,90,120,28.687501907348633
R101_C104,90,120,28.687501907348633
R101_C105,90,120,30.375001907348633
R101_C106,90,120,28.687501907348633
R101_C107,90,120,28.687501907348633
R101_C108,90,120,30.375001907348633
R101_C109,90,120,25.312501907348633
R101_C110,90,120,28.687501907348633
R101_C111,90,120,28.687501907348633
R101_C112,90,120,25.312501907348633
R101_C113,90,120,25.312501907348633
R101_C114,90,120,30.375001907348633
R101_C115,90,120,25.312501907348633
R101_C116,90,120,25.312501907348633
R101_C117,90,120,28.687501907348633
R101_C118,90,120,28.687501907348633
R101_C119,90,120,28.687501907348633
R101_C120,90,120,25.312501907348633
R101_C121,90,120,25.312501907348633
R101_C122,90,120,25.312501907348633
R101_C123,90,120,30.375001907348633
R101_C124,90,120,28.687501907348633
R101_C125,90,120,28.687501907348633
R101_C126,90,120,28.687501907348633
R101_C127,90,120,28.687501907348633
R101_C128,90,120,28.687501907348633
R101_C129,90,120,28.687501907348633
R101_C130,90,120,28.687501907348633
R101_C131,90,120,25.312501907348633
R101_C132,90,120,25.312501907348633
R101_C133,90,120,25.312501907348633
R101_C134,90,120,28.687501907348633
R101_C135,90,120,28.687501907348633
R101_C136,90,120,28.687501907348633
R102_C072,90,120,30.375001907348633
R102_C073,90,120,30.375001907348633
R102_C074,90,120,30.375001907348633
R102_C075,90,120,25.312501907348633
R102_C076,90,120,25.312501907348633
R102_C077,90,120,25.312501907348633
R102_C078,90,120,30.375001907348633
R102_C079,90,120,25.312501907348633
R102_C080,90,120,30.375001907348633
R102_C081,90,120,28.687501907348633
R102_C082,90,120,28.687501907348633
R102_C083,90,120,25.312501907348633
R102_C084,90,120,25.312501907348633
R102_C085,90,120,25.312501907348633
R102_C086,90,120,25.312501907348633
R102_C087,90,120,25.312501907348633
R102_C088,90,120,25.312501907348633
R102_C089,90,120,25.312501907348633
R102_C090,90,120,25.312501907348633
R102_C091,90,120,25.312501907348633
R102_C092,90,120,25.312501907348633
R102_C093,90,120,30.375001907348633
R102_C094,90,120,28.687501907348633
R102_C095,90,120,30.375001907348633
R102_C096,90,120,28.687501907348633
R102_C097,90,120,28.687501907348633
R102_C098,90,120,28.687501907348633
R102_C099,90,120,28.687501907348633
R102_C100,90,120,28.687501907348633
R102_C101,90,120,28.687501907348633
R102_C102,90,120,30.375001907348633
R102_C103,90,120,28.687501907348633
R102_C104,90,120,28.687501907348633
R102_C105,90,120,28.687501907348633
R102_C106,90,120,30.375001907348633
R102_C107,90,120,28.687501907348633
R102_C108,90,120,25.312501907348633
R102_C109,90,120,25.312501907348633
R102_C110,90,120,28.687501907348633
R102_C111,90,120,25.312501907348633
R102_C112,90,120,25.312501907348633
R102_C113,90,120,25.312501907348633
R102_C114,90,120,25.312501907348633
R102_C115,90,120,30.375001907348633
R102_C116,90,120,28.687501907348633
R102_C117,90,120,28.687501907348633
R102_C118,90,120,28.687501907348633
R102_C119,90,120,25.312501907348633
R102_C120,90,120,25.312501907348633
R102_C121,90,120,25.312501907348633
R102_C122,90,120,25.312501907348633
R102_C123,90,120,25.312501907348633
R102_C124,90,120,28.687501907348633
R102_C125,90,120,25.312501907348633
R102_C126,90,120,25.312501907348633
R102_C127,90,120,25.312501907348633
R102_C128,90,120,25.312501907348633
R102_C129,90,120,25.312501907348633
R102_C130,90,120,25.312501907348633
R102_C131,90,120,25.312501907348633
R102_C132,90,120,25.312501907348633
R102_C133,90,120,25.312501907348633
R102_C134,90,120,25.312501907348633
R102_C135,90,120,28.687501907348633
R102_C136,90,120,28.687501907348633
R103_C073,90,120,30.375001907348633
R103_C074,90,120,30.375001907348633
R103_C075,90,120,25.312501907348633
R103_C076,90,120,25.312501907348633
R103_C077,90,120,25.312501907348633
R103_C078,90,120,25.312501907348633
R103_C079,90,120,25.312501907348633
R103_C080,90,120,25.312501907348633
R103_C081,90,120,28.687501907348633
R103_C082,90,120,28.687501907348633
R103_C083,90,120,25.312501907348633
R103_C084,90,120,25.312501907348633
R103_C085,90,120,30.375001907348633
R103_C086,90,120,25.312501907348633
R103_C087,90,120,25.312501907348633
R103_C088,90,120,25.312501907348633
R103_C089,90,120,25.312501907348633
R103_C090,90,120,25.312501907348633
R103_C091,90,120,25.312501907348633
R103_C092,90,120,25.312501907348633
R103_C093,90,120,30.375001907348633
R103_C094,90,120,28.687501907348633
R103_C095,90,120,28.687501907348633
R103_C096,90,120,28.687501907348633
R103_C097,90,120,28.687501907348633
R103_C098,90,120,28.687501907348633
R103_C099,90,120,28.687501907348633
R103_C100,90,120,28.687501907348633
R103_C101,90,120,30.375001907348633
R103_C102,90,120,25.312501907348633
R103_C103,90,120,25.312501907348633
R103_C104,90,120,28.687501907348633
R103_C105,90,120,28.687501907348633
R103_C106,90,120,28.687501907348633
R103_C107,90,120,28.687501907348633
R103_C108,90,120,25.312501907348633
R103_C109,90,120,30.375001907348633
R103_C110,90,120,28.687501907348633
R103_C111,90,120,25.312501907348633
R103_C112,90,120,25.312501907348633
R103_C113,90,120,25.312501907348633
R103_C114,90,120,25.312501907348633
R103_C115,90,120,28.687501907348633
R103_C116,90,120,28.687501907348633
R103_C117,90,120,30.375001907348633
R103_C118,90,120,25.312501907348633
R103_C119,90,120,25.312501907348633
R103_C120,90,120,25.312501907348633
R103_C121,90,120,25.312501907348633
R103_C122,90,120,25.312501907348633
R103_C123,90,120,25.312501907348633
R103_C124,90,120,28.687501907348633
R103_C125,90,120,25.312501907348633
R103_C126,90,120,25.312501907348633
R103_C127,90,120,28.687501907348633
R103_C128,90,120,28.687501907348633
R103_C129,90,120,28.687501907348633
R103_C130,90,120,28.687501907348633
R103_C131,90,120,28.687501907348633
R103_C132,90,120,28.687501907348633
R103_C133,90,120,28.687501907348633
R103_C134,90,120,25.312501907348633
R103_C135,90,120,25.312501907348633
R103_C136,90,120,30.375001907348633
R104_C074,90,120,28.687501907348633
R104_C075,90,120,30.375001907348633
R104_C076,90,120,25.312501907348633
R104_C077,90,120,30.375001907348633
R104_C078,90,120,25.312501907348633
R104_C079,90,120,25.312501907348633
R104_C080,90,120,28.687501907348633
R104_C081,90,120,30.375001907348633
R104_C082,90,120,25.312501907348633
R104_C083,90,120,25.312501907348633
R104_C084,90,120,25.312501907348633
R104_C085,90,120,25.312501907348633
R104_C086,90,120,25.312501907348633
R104_C087,90,120,25.312501907348633
R104_C088,90,120,25.312501907348633
R104_C089,90,120,25.312501907348633
R104_C090,90,120,25.312501907348633
R104_C091,90,120,25.312501907348633
R104_C092,90,120,25.312501907348633
R104_C093,90,120,30.375001907348633
R104_C094,90,120,28.687501907348633
R104_C095,90,120,28.687501907348633
R104_C096,90,120,25.312501907348633
R104_C097,90,120,25.312501907348633
R104_C098,90,120,28.687501907348633
R104_C099,90,120,28.687501907348633
R104_C100,90,120,28.687501907348633
R104_C101,90,120,28.687501907348633
R104_C102,90,120,28.687501907348633
R104_C103,90,120,30.375001907348633
R104_C104,90,120,28.687501907348633
R104_C105,90,120,28.687501907348633
R104_C106,90,120,30.375001907348633
R104_C107,90,120,30.375001907348633
R104_C108,90,120,25.312501907348633
R104_C109,90,120,25.312501907348633
R104_C110,90,120,28.687501907348633
R104_C111,90,120,25.312501907348633
R104_C112,90,120,25.312501907348633
R104_C113,90,120,28.687501907348633
R104_C114,90,120,28.687501907348633
R104_C115,90,120,28.687501907348633
R104_C116,90,120,25.312501907348633
R104_C117,90,120,30.375001907348633
R104_C118,90,120,25.312501907348633
R104_C119,90,120,25.312501907348633
R104_C120,90,120,25.312501907348633
R104_C121,90,120,25.312501907348633
R104_C122,90,120,25.312501907348633
R104_C123,90,120,25.312501907348633
R104_C124,90,120,28.687501907348633
R104_C125,90,120,28.687501907348633
R104_C126,90,120,28.687501907348633
R104_C127,90,120,30.375001907348633
R104_C128,90,120,28.687501907348633
R104_C129,90,120,28.687501907348633
R104_C130,90,120,25.312501907348633
R104_C131,90,120,25.312501907348633
R104_C132,90,120,25.312501907348633
R104_C133,90,120,28.687501907348633
R104_C134,90,120,28.687501907348633
R105_C076,90,120,25.312501907348633
R105_C077,90,120,25.312501907348633
R105_C078,90,120,25.312501907348633
R105_C079,90,120,25.312501907348633
R105_C080,90,120,28.687501907348633
R105_C081,90,120,25.312501907348633
R105_C082,90,120,25.312501907348633
R105_C083,90,120,25.312501907348633
R105_C084,90,120,30.375001907348633
R105_C085,90,120,30.375001907348633
R105_C086,90,120,25.312501907348633
R105_C087,90,120,25.312501907348633
R105_C088,90,120,25.312501907348633
R105_C089,90,120,25.312501907348633
R105_C090,90,120,25.312501907348633
R105_C091,90,120,25.312501907348633
R105_C092,90,120,25.312501907348633
R105_C093,90,120,28.687501907348633
R105_C094,90,120,25.312501907348633
R105_C095,90,120,25.312501907348633
R105_C096,90,120,25.312501907348633
R105_C097,90,120,25.312501907348633
R105_C098,90,120,28.687501907348633
R105_C099,90,120,28.687501907348633
R105_C100,90,120,28.687501907348633
R105_C101,90,120,28.687501907348633
R105_C102,90,120,28.687501907348633
R105_C103,90,120,28.687501907348633
R105_C104,90,120,28.687501907348633
R105_C105,90,120,28.687501907348633
R105_C106,90,120,28.687501907348633
R105_C107,90,120,28.687501907348633
R105_C108,90,120,25.312501907348633
R105_C109,90,120,25.312501907348633
R105_C110,90,120,28.687501907348633
R105_C111,90,120,28.687501907348633
R105_C112,90,120,28.687501907348633
R105_C113,90,120,28.687501907348633
R105_C114,90,120,28.687501907348633
R105_C115,90,120,25.312501907348633
R105_C116,90,120,30.375001907348633
R105_C117,90,120,25.312501907348633
R105_C118,90,120,25.312501907348633
R105_C119,90,120,25.312501907348633
R105_C120,90,120,25.312501907348633
R105_C121,90,120,28.687501907348633
R105_C122,90,120,28.687501907348633
R105_C123,90,120,28.687501907348633
R105_C124,90,120,28.687501907348633
R105_C125,90,120,25.312501907348633
R105_C126,90,120,25.312501907348633
R105_C127,90,120,25.312501907348633
R105_C128,90,120,25.312501907348633
R105_C129,90,120,25.312501907348633
R105_C130,90,120,25.312501907348633
R105_C131,90,120,25.312501907348633
R105_C132,90,120,25.312501907348633
R105_C133,90,120,25.312501907348633
R106_C077,90,120,25.312501907348633
R106_C078,90,120,25.312501907348633
R106_C079,90,120,28.687501907348633
R106_C080,90,120,28.687501907348633
R106_C081,90,120,25.312501907348633
R106_C082,90,120,25.312501907348633
R106_C083,90,120,30.375001907348633
R106_C084,90,120,25.312501907348633
R106_C085,90,120,25.312501907348633
R106_C086,90,120,25.312501907348633
R106_C087,90,120,25.312501907348633
R106_C088,90,120,25.312501907348633
R106_C089,90,120,25.312501907348633
R106_C090,90,120,25.312501907348633
R106_C091,90,120,25.312501907348633
R106_C092,90,120,30.375001907348633
R106_C093,90,120,30.375001907348633
R106_C094,90,120,25.312501907348633
R106_C095,90,120,25.312501907348633
R106_C096,90,120,30.375001907348633
R106_C097,90,120,25.312501907348633
R106_C098,90,120,28.687501907348633
R106_C099,90,120,28.687501907348633
R106_C100,90,120,28.687501907348633
R106_C101,90,120,25.312501907348633
R106_C102,90,120,25.312501907348633
R106_C103,90,120,25.312501907348633
R106_C104,90,120,28.687501907348633
R106_C105,90,120,25.312501907348633
R106_C106,90,120,25.312501907348633
R106_C107,90,120,25.312501907348633
R106_C108,90,120,25.312501907348633
R106_C109,90,120,25.312501907348633
R106_C110,90,120,28.687501907348633
R106_C111,90,120,28.687501907348633
R106_C112,90,120,28.687501907348633
R106_C113,90,120,25.312501907348633
R106_C114,90,120,25.312501907348633
R106_C115,90,120,25.312501907348633
R106_C116,90,120,25.312501907348633
R106_C117,90,120,25.312501907348633
R106_C118,90,120,30.375001907348633
R106_C119,90,120,25.312501907348633
R106_C120,90,120,28.687501907348633
R106_C121,90,120,28.687501907348633
R106_C122,90,120,28.687501907348633
R106_C123,90,120,25.312501907348633
R106_C124,90,120,25.312501907348633
R106_C125,90,120,25.312501907348633
R106_C126,90,120,25.312501907348633
R106_C127,90,120,25.312501907348633
R106_C128,90,120,25.312501907348633
R106_C129,90,120,25.312501907348633
R106_C130,90,120,25.312501907348633
R106_C131,90,120,25.312501907348633
R107_C078,90,120,25.312501907348633
R107_C079,90,120,28.687501907348633
R107_C080,90,120,28.687501907348633
R107_C081,90,120,25.312501907348633
R107_C082,90,120,25.312501907348633
R107_C083,90,120,25.312501907348633
R107_C084,90,120,25.312501907348633
R107_C085,90,120,25.312501907348633
R107_C086,90,120,25.312501907348633
R107_C087,90,120,25.312501907348633
R107_C088,90,120,25.312501907348633
R107_C089,90,120,25.312501907348633
R107_C090,90,120,25.312501907348633
R107_C091,90,120,25.312501907348633
R107_C092,90,120,25.312501907348633
R107_C093,90,120,25.312501907348633
R107_C094,90,120,25.312501907348633
R107_C095,90,120,25.312501907348633
R107_C096,90,120,30.375001907348633
R107_C097,90,120,25.312501907348633
R107_C098,90,120,28.687501907348633
R107_C099,90,120,25.312501907348633
R107_C100,90,120,28.687501907348633
R107_C101,90,120,28.687501907348633
R107_C102,90,120,28.687501907348633
R107_C103,90,120,28.687501907348633
R107_C104,90,120,28.687501907348633
R107_C105,90,120,25.312501907348633
R107_C106,90,120,25.312501907348633
R107_C107,90,120,30.375001907348633
R107_C108,90,120,28.687501907348633
R107_C109,90,120,28.687501907348633
R107_C110,90,120,28.687501907348633
R107_C111,90,120,25.312501907348633
R107_C112,90,120,28.687501907348633
R107_C113,90,120,25.312501907348633
R107_C114,90,120,25.312501907348633
R107_C115,90,120,25.312501907348633
R107_C116,90,120,25.312501907348633
R107_C117,90,120,25.312501907348633
R107_C118,90,120,25.312501907348633
R107_C119,90,120,28.687501907348633
R107_C120,90,120,28.687501907348633
R107_C121,90,120,28.687501907348633
R107_C122,90,120,25.312501907348633
R107_C123,90,120,25.312501907348633
R107_C124,90,120,25.312501907348633
R107_C125,90,120,25.312501907348633
R107_C126,90,120,25.312501907348633
R107_C127,90,120,25.312501907348633
R107_C128,90,120,25.312501907348633
R107_C129,90,120,25.312501907348633
R108_C080,90,120,28.687501907348633
R108_C081,90,120,25.312501907348633
R108_C082,90,120,25.312501907348633
R108_C083,90,120,25.312501907348633
R108_C084,90,120,25.312501907348633
R108_C085,90,120,25.312501907348633
R108_C086,90,120,25.312501907348633
R108_C087,90,120,25.312501907348633
R108_C088,90,120,25.312501907348633
R108_C089,90,120,25.312501907348633
R108_C090,90,120,25.312501907348633
R108_C091,90,120,30.375001907348633
R108_C092,90,120,25.312501907348633
R108_C093,90,120,30.375001907348633
R108_C094,90,120,25.312501907348633
R108_C095,90,120,30.375001907348633
R108_C096,90,120,25.312501907348633
R108_C097,90,120,28.687501907348633
R108_C098,90,120,28.687501907348633
R108_C099,90,120,30.375001907348633
R108_C100,90,120,28.687501907348633
R108_C101,90,120,28.687501907348633
R108_C102,90,120,28.687501907348633
R108_C103,90,120,28.687501907348633
R108_C104,90,120,28.687501907348633
R108_C105,90,120,25.312501907348633
R108_C106,90,120,25.312501907348633
R108_C107,90,120,28.687501907348633
R108_C108,90,120,28.687501907348633
R108_C109,90,120,28.687501907348633
R108_C110,90,120,28.687501907348633
R108_C111,90,120,28.687501907348633
R108_C112,90,120,28.687501907348633
R108_C113,90,120,28.687501907348633
R108_C114,90,120,25.312501907348633
R108_C115,90,120,25.312501907348633
R108_C116,90,120,30.375001907348633
R108_C117,90,120,25.312501907348633
R108_C118,90,120,28.687501907348633
R108_C119,90,120,28.687501907348633
R108_C120,90,120,28.687501907348633
R108_C121,90,120,25.312501907348633
R108_C122,90,120,30.375001907348633
R108_C123,90,120,25.312501907348633
R108_C124,90,120,25.312501907348633
R108_C125,90,120,25.312501907348633
R108_C126,90,120,25.312501907348633
R108_C127,90,120,10.125
R109_C081,90,120,25.312501907348633
R109_C082,90,120,25.312501907348633
R109_C083,90,120,25.312501907348633
R109_C084,90,120,25.312501907348633
R109_C085,90,120,25.312501907348633
R109_C086,90,120,25.312501907348633
R109_C087,90,120,25.312501907348633
R109_C088,90,120,25.312501907348633
R109_C089,90,120,25.312501907348633
R109_C090,90,120,25.312501907348633
R109_C091,90,120,25.312501907348633
R109_C092,90,120,30.375001907348633
R109_C093,90,120,30.375001907348633
R109_C094,90,120,25.312501907348633
R109_C095,90,120,30.375001907348633
R109_C096,90,120,30.375001907348633
R109_C097,90,120,28.687501907348633
R109_C098,90,120,28.687501907348633
R109_C099,90,120,28.687501907348633
R109_C100,90,120,28.687501907348633
R109_C101,90,120,28.687501907348633
R109_C102,90,120,28.687501907348633
R109_C103,90,120,28.687501907348633
R109_C104,90,120,28.687501907348633
R109_C105,90,120,28.687501907348633
R109_C106,90,120,28.687501907348633
R109_C107,90,120,28.687501907348633
R109_C108,90,120,28.687501907348633
R109_C109,90,120,25.312501907348633
R109_C110,90,120,25.312501907348633
R109_C111,90,120,25.312501907348633
R109_C112,90,120,28.687501907348633
R109_C113,90,120,28.687501907348633
R109_C114,90,120,28.687501907348633
R109_C115,90,120,28.687501907348633
R109_C116,90,120,25.312501907348633
R109_C117,90,120,28.687501907348633
R109_C118,90,120,28.687501907348633
R109_C119,90,120,28.687501907348633
R109_C120,90,120,25.312501907348633
R109_C121,90,120,25.312501907348633
R109_C122,90,120,25.312501907348633
R109_C123,90,120,25.312501907348633
R109_C124,90,120,25.312501907348633
R109_C125,90,120,10.125
R110_C082,90,120,25.312501907348633
R110_C083,90,120,25.312501907348633
R110_C084,90,120,25.312501907348633
R110_C085,90,120,25.312501907348633
R110_C086,90,120,25.312501907348633
R110_C087,90,120,25.312501907348633
R110_C088,90,120,25.312501907348633
R110_C089,90,120,28.687501907348633
R110_C090,90,120,28.687501907348633
R110_C091,90,120,28.687501907348633
R110_C092,90,120,28.687501907348633
R110_C093,90,120,28.687501907348633
R110_C094,90,120,28.687501907348633
R110_C095,90,120,28.687501907348633
R110_C096,90,120,28.687501907348633
R110_C097,90,120,28.687501907348633
R110_C098,90,120,28.687501907348633
R110_C099,90,120,28.687501907348633
R110_C100,90,120,28.687501907348633
R110_C101,90,120,25.312501907348633
R110_C102,90,120,25.312501907348633
R110_C103,90,120,25.312501907348633
R110_C104,90,120,28.687501907348633
R110_C105,90,120,28.687501907348633
R110_C106,90,120,28.687501907348633
R110_C107,90,120,25.312501907348633
R110_C108,90,120,25.312501907348633
R110_C109,90,120,25.312501907348633
R110_C110,90,120,25.312501907348633
R110_C111,90,120,25.312501907348633
R110_C112,90,120,25.312501907348633
R110_C113,90,120,25.312501907348633
R110_C114,90,120,25.312501907348633
R110_C115,90,120,25.312501907348633
R110_C116,90,120,28.687501907348633
R110_C117,90,120,28.687501907348633
R110_C118,90,120,28.687501907348633
R110_C119,90,120,25.312501907348633
R110_C120,90,120,25.312501907348633
R110_C121,90,120,25.312501907348633
R110_C122,90,120,25.312501907348633
R110_C123,90,120,25.312501907348633
R111_C083,90,120,25.312501907348633
R111_C084,90,120,25.312501907348633
R111_C085,90,120,25.312501907348633
R111_C086,90,120,25.312501907348633
R111_C087,90,120,25.312501907348633
R111_C088,90,120,30.375001907348633
R111_C089,90,120,28.687501907348633
R111_C090,90,120,30.375001907348633
R111_C091,90,120,30.375001907348633
R111_C092,90,120,30.375001907348633
R111_C093,90,120,30.375001907348633
R111_C094,90,120,10.125
R111_C095,90,120,10.125
R111_C096,90,120,28.687501907348633
R111_C097,90,120,30.375001907348633
R111_C098,90,120,28.687501907348633
R111_C099,90,120,28.687501907348633
R111_C100,90,120,30.375001907348633
R111_C101,90,120,25.312501907348633
R111_C102,90,120,25.312501907348633
R111_C103,90,120,28.687501907348633
R111_C104,90,120,28.687501907348633
R111_C105,90,120,28.687501907348633
R111_C106,90,120,25.312501907348633
R111_C107,90,120,25.312501907348633
R111_C108,90,120,25.312501907348633
R111_C109,90,120,25.312501907348633
R111_C110,90,120,25.312501907348633
R111_C111,90,120,25.312501907348633
R111_C112,90,120,25.312501907348633
R111_C113,90,120,25.312501907348633
R111_C114,90,120,25.312501907348633
R111_C115,90,120,28.687501907348633
R111_C116,90,120,28.687501907348633
R111_C117,90,120,28.687501907348633
R111_C118,90,120,25.312501907348633
R111_C119,90,120,25.312501907348633
R111_C120,90,120,25.312501907348633
R111_C121,90,120,25.312501907348633
R112_C085,90,120,25.312501907348633
R112_C086,90,120,25.312501907348633
R112_C087,90,120,30.375001907348633
R112_C088,90,120,28.687501907348633
R112_C089,90,120,28.687501907348633
R112_C090,90,120,28.687501907348633
R112_C091,90,120,28.687501907348633
R112_C092,90,120,28.687501907348633
R112_C093,90,120,28.687501907348633
R112_C094,90,120,28.687501907348633
R112_C095,90,120,28.687501907348633
R112_C096,90,120,28.687501907348633
R112_C097,90,120,30.375001907348633
R112_C098,90,120,28.687501907348633
R112_C099,90,120,30.375001907348633
R112_C100,90,120,28.687501907348633
R112_C101,90,120,30.375001907348633
R112_C102,90,120,28.687501907348633
R112_C103,90,120,28.687501907348633
R112_C104,90,120,28.687501907348633
R112_C105,90,120,25.312501907348633
R112_C106,90,120,25.312501907348633
R112_C107,90,120,25.312501907348633
R112_C108,90,120,25.312501907348633
R112_C109,90,120,25.312501907348633
R112_C110,90,120,25.312501907348633
R112_C111,90,120,25.312501907348633
R112_C112,90,120,25.312501907348633
R112_C113,90,120,25.312501907348633
R112_C114,90,120,28.687501907348633
R112_C115,90,120,28.687501907348633
R112_C116,90,120,28.687501907348633
R112_C117,90,120,25.312501907348633
R112_C118,90,120,25.312501907348633
R112_C119,90,120,25.312501907348633
R112_C120,90,120,25.312501907348633
R113_C086,90,120,30.375001907348633
R113_C087,90,120,25.312501907348633
R113_C088,90,120,25.312501907348633
R113_C089,90,120,25.312501907348633
R113_C090,90,120,30.375001907348633
R113_C091,90,120,28.687501907348633
R113_C092,90,120,28.687501907348633
R113_C093,90,120,30.375001907348633
R113_C094,90,120,30.375001907348633
R113_C095,90,120,30.375001907348633
R113_C096,90,120,30.375001907348633
R113_C097,90,120,30.375001907348633
R113_C098,90,120,28.687501907348633
R113_C099,90,120,25.312501907348633
R113_C100,90,120,28.687501907348633
R113_C101,90,120,28.687501907348633
R113_C102,90,120,28.687501907348633
R113_C103,90,120,25.312501907348633
R113_C104,90,120,25.312501907348633
R113_C105,90,120,25.312501907348633
R113_C106,90,120,25.312501907348633
R113_C107,90,120,25.312501907348633
R113_C108,90,120,25.312501907348633
R113_C109,90,120,25.312501907348633
R113_C110,90,120,25.312501907348633
R113_C111,90,120,25.312501907348633
R113_C112,90,120,25.312501907348633
R113_C113,90,120,28.687501907348633
R113_C114,90,120,28.687501907348633
R113_C115,90,120,28.687501907348633
R113_C116,90,120,28.687501907348633
R113_C117,90,120,25.312501907348633
R113_C118,90,120,25.312501907348633
R114_C087,90,120,25.312501907348633
R114_C088,90,120,28.687501907348633
R114_C089,90,120,30.375001907348633
R114_C090,90,120,30.375001907348633
R114_C091,90,120,30.375001907348633
R114_C092,90,120,25.312501907348633
R114_C093,90,120,25.312501907348633
R114_C094,90,120,30.375001907348633
R114_C095,90,120,30.375001907348633
R114_C096,90,120,28.687501907348633
R114_C097,90,120,25.312501907348633
R114_C098,90,120,30.375001907348633
R114_C099,90,120,28.687501907348633
R114_C100,90,120,28.687501907348633
R114_C101,90,120,28.687501907348633
R114_C102,90,120,25.312501907348633
R114_C103,90,120,25.312501907348633
R114_C104,90,120,25.312501907348633
R114_C105,90,120,25.312501907348633
R114_C106,90,120,25.312501907348633
R114_C107,90,120,25.312501907348633
R114_C108,90,120,25.312501907348633
R114_C109,90,120,25.312501907348633
R114_C110,90,120,25.312501907348633
R114_C111,90,120,25.312501907348633
R114_C112,90,120,28.687501907348633
R114_C113,90,120,28.687501907348633
R114_C114,90,120,28.687501907348633
R114_C115,90,120,28.687501907348633
R114_C116,90,120,25.312501907348633
R115_C089,90,120,28.687501907348633
R115_C090,90,120,28.687501907348633
R115_C091,90,120,28.687501907348633
R115_C092,90,120,28.687501907348633
R115_C093,90,120,28.687501907348633
R115_C094,90,120,28.687501907348633
R115_C095,90,120,28.687501907348633
R115_C096,90,120,28.687501907348633
R115_C097,90,120,30.375001907348633
R115_C098,90,120,28.687501907348633
R115_C099,90,120,28.687501907348633
R115_C100,90,120,28.687501907348633
R115_C101,90,120,25.312501907348633
R115_C102,90,120,25.312501907348633
R115_C103,90,120,25.312501907348633
R115_C104,90,120,25.312501907348633
R115_C105,90,120,25.312501907348633
R115_C106,90,120,25.312501907348633
R116_C090,90,120,25.312501907348633
R116_C091,90,120,25.312501907348633
R068_C090,120,150,21.993751525878906
R068_C091,120,150,19.40625
R068_C092,120,150,19.40625
R068_C093,120,150,19.40625
R068_C094,120,150,19.40625
R068_C095,120,150,19.40625
R068_C096,120,150,21.993751525878906
R068_C097,120,150,21.993751525878906
R068_C098,120,150,19.40625
R068_C099,120,150,19.40625
R068_C100,120,150,19.40625
R068_C101,120,150,19.40625
R068_C102,120,150,19.40625
R068_C103,120,150,7.762500762939453
R068_C104,120,150,7.762500762939453
R068_C105,120,150,19.40625
R068_C106,120,150,19.40625
R068_C107,120,150,19.40625
R068_C108,120,150,23.287500381469727
R068_C109,120,150,19.40625
R068_C110,120,150,21.993751525878906
R068_C111,120,150,23.287500381469727
R068_C112,120,150,23.287500381469727
R068_C113,120,150,23.287500381469727
R068_C114,120,150,21.993751525878906
R068_C115,120,150,21.993751525878906
R068_C116,120,150,21.993751525878906
R068_C117,120,150,19.40625
R068_C118,120,150,23.287500381469727
R068_C119,120,150,23.287500381469727
R068_C120,120,150,19.40625
R069_C082,120,150,19.40625
R069_C083,120,150,19.40625
R069_C084,120,150,23.287500381469727
R069_C085,120,150,21.993751525878906
R069_C086,120,150,19.40625
R069_C087,120,150,19.40625
R069_C088,120,150,21.993751525878906
R069_C089,120,150,21.993751525878906
R069_C090,120,150,21.993751525878906
R069_C091,120,150,19.40625
R069_C092,120,150,19.40625
R069_C093,120,150,19.40625
R069_C094,120,150,19.40625
R069_C095,120,150,21.993751525878906
R069_C096,120,150,21.993751525878906
R069_C097,120,150,19.40625
R069_C098,120,150,19.40625
R069_C099,120,150,19.40625
R069_C100,120,150,19.40625
R069_C101,120,150,19.40625
R069_C102,120,150,7.762500762939453
R069_C103,120,150,7.762500762939453
R069_C104,120,150,19.40625
R069_C105,120,150,19.40625
R069_C106,120,150,23.287500381469727
R069_C107,120,150,19.40625
R069_C108,120,150,23.287500381469727
R069_C109,120,150,19.40625
R069_C110,120,150,23.287500381469727
R069_C111,120,150,21.993751525878906
R069_C112,120,150,21.993751525878906
R069_C113,120,150,21.993751525878906
R069_C114,120,150,19.40625
R069_C115,120,150,23.287500381469727
R069_C116,120,150,21.993751525878906
R069_C117,120,150,23.287500381469727
R069_C118,120,150,23.287500381469727
R069_C119,120,150,21.993751525878906
R069_C120,120,150,21.993751525878906
R069_C121,120,150,21.993751525878906
R070_C081,120,150,23.287500381469727
R070_C082,120,150,21.993751525878906
R070_C083,120,150,19.40625
R070_C084,120,150,19.40625
R070_C085,120,150,23.287500381469727
R070_C086,120,150,21.993751525878906
R070_C087,120,150,21.993751525878906
R070_C088,120,150,21.993751525878906
R070_C089,120,150,21.993751525878906
R070_C090,120,150,21.993751525878906
R070_C091,120,150,19.40625
R070_C092,120,150,19.40625
R070_C093,120,150,19.40625
R070_C094,120,150,21.993751525878906
R070_C095,120,150,21.993751525878906
R070_C096,120,150,19.40625
R070_C097,120,150,19.40625
R070_C098,120,150,19.40625
R070_C099,120,150,19.40625
R070_C100,120,150,19.40625
R070_C101,120,150,7.762500762939453
R070_C102,120,150,7.762500762939453
R070_C103,120,150,7.762500762939453
R070_C104,120,150,19.40625
R070_C105,120,150,19.40625
R070_C106,120,150,19.40625
R070_C107,120,150,19.40625
R070_C108,120,150,19.40625
R070_C109,120,150,19.40625
R070_C110,120,150,23.287500381469727
R070_C111,120,150,19.40625
R070_C112,120,150,19.40625
R070_C113,120,150,23.287500381469727
R070_C114,120,150,23.287500381469727
R070_C115,120,150,23.287500381469727
R070_C116,120,150,21.993751525878906
R070_C117,120,150,23.287500381469727
R070_C118,120,150,19.40625
R070_C119,120,150,19.40625
R070_C120,120,150,19.40625
R070_C121,120,150,19.40625
R070_C122,120,150,19.40625
R071_C080,120,150,19.40625
R071_C081,120,150,19.40625
R071_C082,120,150,21.993751525878906
R071_C083,120,150,21.993751525878906
R071_C084,120,150,19.40625
R071_C085,120,150,23.287500381469727
R071_C086,120,150,21.993751525878906
R071_C087,120,150,21.993751525878906
R071_C088,120,150,21.993751525878906
R071_C089,120,150,21.993751525878906
R071_C090,120,150,21.993751525878906
R071_C091,120,150,19.40625
R071_C092,120,150,19.40625
R071_C093,120,150,21.993751525878906
R071_C094,120,150,21.993751525878906
R071_C095,120,150,19.40625
R071_C096,120,150,19.40625
R071_C097,120,150,19.40625
R071_C098,120,150,19.40625
R071_C099,120,150,19.40625
R071_C100,120,150,7.762500762939453
R071_C101,120,150,7.762500762939453
R071_C102,120,150,7.762500762939453
R071_C103,120,150,7.762500762939453
R071_C104,120,150,7.762500762939453
R071_C105,120,150,19.40625
R071_C106,120,150,19.40625
R071_C107,120,150,19.40625
R071_C108,120,150,19.40625
R071_C109,120,150,23.287500381469727
R071_C110,120,150,23.287500381469727
R071_C111,120,150,19.40625
R071_C112,120,150,19.40625
R071_C113,120,150,23.287500381469727
R071_C114,120,150,19.40625
R071_C115,120,150,19.40625
R071_C116,120,150,21.993751525878906
R071_C117,120,150,23.287500381469727
R071_C118,120,150,21.993751525878906
R071_C119,120,150,21.993751525878906
R071_C120,120,150,21.993751525878906
R071_C121,120,150,21.993751525878906
R071_C122,120,150,21.993751525878906
R071_C123,120,150,21.993751525878906
R072_C078,120,150,19.40625
R072_C079,120,150,19.40625
R072_C080,120,150,23.287500381469727
R072_C081,120,150,23.287500381469727
R072_C082,120,150,19.40625
R072_C083,120,150,21.993751525878906
R072_C084,120,150,21.993751525878906
R072_C085,120,150,21.993751525878906
R072_C086,120,150,19.40625
R072_C087,120,150,21.993751525878906
R072_C088,120,150,23.287500381469727
R072_C089,120,150,23.287500381469727
R072_C090,120,150,19.40625
R072_C091,120,150,19.40625
R072_C092,120,150,21.993751525878906
R072_C093,120,150,21.993751525878906
R072_C094,120,150,19.40625
R072_C095,120,150,19.40625
R072_C096,120,150,19.40625
R072_C097,120,150,19.40625
R072_C098,120,150,19.40625
R072_C099,120,150,7.762500762939453
R072_C100,120,150,7.762500762939453
R072_C101,120,150,7.762500762939453
R072_C102,120,150,7.762500762939453
R072_C103,120,150,7.762500762939453
R072_C104,120,150,7.762500762939453
R072_C105,120,150,19.40625
R072_C106,120,150,19.40625
R072_C107,120,150,23.287500381469727
R072_C108,120,150,19.40625
R072_C109,120,150,21.993751525878906
R072_C110,120,150,23.287500381469727
R072_C111,120,150,19.40625
R072_C112,120,150,21.993751525878906
R072_C113,120,150,21.993751525878906
R072_C114,120,150,21.993751525878906
R072_C115,120,150,21.993751525878906
R072_C116,120,150,21.993751525878906
R072_C117,120,150,21.993751525878906
R072_C118,120,150,23.287500381469727
R072_C119,120,150,19.40625
R072_C120,120,150,19.40625
R072_C121,120,150,19.40625
R072_C122,120,150,21.993751525878906
R072_C123,120,150,23.287500381469727
R072_C124,120,150,23.287500381469727
R073_C077,120,150,19.40625
R073_C078,120,150,19.40625
R073_C079,120,150,19.40625
R073_C080,120,150,19.40625
R073_C081,120,150,23.287500381469727
R073_C082,120,150,21.993751525878906
R073_C083,120,150,21.993751525878906
R073_C084,120,150,21.993751525878906
R073_C085,120,150,19.40625
R073_C086,120,150,19.40625
R073_C087,120,150,21.993751525878906
R073_C088,120,150,21.993751525878906
R073_C089,120,150,19.40625
R073_C090,120,150,19.40625
R073_C091,120,150,21.993751525878906
R073_C092,120,150,21.993751525878906
R073_C093,120,150,19.40625
R073_C094,120,150,19.40625
R073_C095,120,150,19.40625
R073_C096,120,150,19.40625
R073_C097,120,150,7.762500762939453
R073_C098,120,150,7.762500762939453
R073_C099,120,150,7.762500762939453
R073_C100,120,150,7.762500762939453
R073_C101,120,150,7.762500762939453
R073_C102,120,150,7.762500762939453
R073_C103,120,150,7.762500762939453
R073_C104,120,150,7.762500762939453
R073_C105,120,150,7.762500762939453
R073_C106,120,150,21.993751525878906
R073_C107,120,150,21.993751525878906
R073_C108,120,150,21.993751525878906
R073_C109,120,150,23.287500381469727
R073_C110,120,150,21.993751525878906
R073_C111,120,150,21.993751525878906
R073_C112,120,150,23.287500381469727
R073_C113,120,150,23.287500381469727
R073_C114,120,150,19.40625
R073_C115,120,150,23.287500381469727
R073_C116,120,150,19.40625
R073_C117,120,150,21.993751525878906
R073_C118,120,150,19.40625
R073_C119,120,150,19.40625
R073_C120,120,150,21.993751525878906
R073_C121,120,150,23.287500381469727
R073_C122,120,150,21.993751525878906
R073_C123,120,150,19.40625
R073_C124,120,150,23.287500381469727
R073_C125,120,150,21.993751525878906
R074_C076,120,150,19.40625
R074_C077,120,150,19.40625
R074_C078,120,150,19.40625
R074_C079,120,150,19.40625
R074_C080,120,150,21.993751525878906
R074_C081,120,150,21.993751525878906
R074_C082,120,150,21.993751525878906
R074_C083,120,150,23.287500381469727
R074_C084,120,150,21.993751525878906
R074_C085,120,150,21.993751525878906
R074_C086,120,150,23.287500381469727
R074_C087,120,150,19.40625
R074_C088,120,150,19.40625
R074_C089,120,150,19.40625
R074_C090,120,150,19.40625
R074_C091,120,150,21.993751525878906
R074_C092,120,150,19.40625
R074_C093,120,150,19.40625
R074_C094,120,150,19.40625
R074_C095,120,150,19.40625
R074_C096,120,150,7.762500762939453
R074_C097,120,150,7.762500762939453
R074_C098,120,150,7.762500762939453
R074_C099,120,150,19.40625
R074_C100,120,150,7.762500762939453
R074_C101,120,150,7.762500762939453
R074_C102,120,150,7.762500762939453
R074_C103,120,150,7.762500762939453
R074_C104,120,150,7.762500762939453
R074_C105,120,150,7.762500762939453
R074_C106,120,150,21.993751525878906
R074_C107,120,150,19.40625
R074_C108,120,150,21.993751525878906
R074_C109,120,150,23.287500381469727
R074_C110,120,150,19.40625
R074_C111,120,150,19.40625
R074_C112,120,150,19.40625
R074_C113,120,150,23.287500381469727
R074_C114,120,150,23.287500381469727
R074_C115,120,150,19.40625
R074_C116,120,150,23.287500381469727
R074_C117,120,150,21.993751525878906
R074_C118,120,150,23.287500381469727
R074_C119,120,150,19.40625
R074_C120,120,150,23.287500381469727
R074_C121,120,150,21.993751525878906
R074_C122,120,150,21.993751525878906
R074_C123,120,150,21.993751525878906
R074_C124,120,150,21.993751525878906
R074_C125,120,150,21.993751525878906
R074_C126,120,150,21.993751525878906
R075_C074,120,150,21.993751525878906
R075_C075,120,150,21.993751525878906
R075_C076,120,150,19.40625
R075_C077,120,150,19.40625
R075_C078,120,150,21.993751525878906
R075_C079,120,150,21.993751525878906
R075_C080,120,150,21.993751525878906
R075_C081,120,150,19.40625
R075_C082,120,150,23.287500381469727
R075_C083,120,150,23.287500381469727
R075_C084,120,150,21.993751525878906
R075_C085,120,150,23.287500381469727
R075_C086,120,150,21.993751525878906
R075_C087,120,150,21.993751525878906
R075_C088,120,150,19.40625
R075_C089,120,150,19.40625
R075_C090,120,150,21.993751525878906
R075_C091,120,150,21.993751525878906
R075_C092,120,150,19.40625
R075_C093,120,150,19.40625
R075_C094,120,150,19.40625
R075_C095,120,150,19.40625
R075_C096,120,150,7.762500762939453
R075_C097,120,150,19.40625
R075_C098,120,150,7.762500762939453
R075_C099,120,150,7.762500762939453
R075_C100,120,150,7.762500762939453
R075_C101,120,150,7.762500762939453
R075_C102,120,150,7.762500762939453
R075_C103,120,150,7.762500762939453
R075_C104,120,150,7.762500762939453
R075_C105,120,150,7.762500762939453
R075_C106,120,150,21.993751525878906
R075_C107,120,150,19.40625
R075_C108,120,150,21.993751525878906
R075_C109,120,150,23.287500381469727
R075_C110,120,150,19.40625
R075_C111,120,150,19.40625
R075_C112,120,150,21.993751525878906
R075_C113,120,150,21.993751525878906
R075_C114,120,150,21.993751525878906
R075_C115,120,150,23.287500381469727
R075_C116,120,150,21.993751525878906
R075_C117,120,150,21.993751525878906
R075_C118,120,150,21.993751525878906
R075_C119,120,150,21.993751525878906
R075_C120,120,150,21.993751525878906
R075_C121,120,150,21.993751525878906
R075_C122,120,150,23.287500381469727
R075_C123,120,150,19.40625
R075_C124,120,150,23.287500381469727
R075_C125,120,150,23.287500381469727
R075_C126,120,150,21.993751525878906
R075_C127,120,150,23.287500381469727
R076_C073,120,150,23.287500381469727
R076_C074,120,150,23.287500381469727
R076_C075,120,150,21.993751525878906
R076_C076,120,150,21.993751525878906
R076_C077,120,150,21.993751525878906
R076_C078,120,150,21.993751525878906
R076_C079,120,150,19.40625
R076_C080,120,150,19.40625
R076_C081,120,150,23.287500381469727
R076_C082,120,150,23.287500381469727
R076_C083,120,150,21.993751525878906
R076_C084,120,150,23.287500381469727
R076_C085,120,150,19.40625
R076_C086,120,150,19.40625
R076_C087,120,150,21.993751525878906
R076_C088,120,150,23.287500381469727
R076_C089,120,150,21.993751525878906
R076_C090,120,150,21.993751525878906
R076_C091,120,150,19.40625
R076_C092,120,150,19.40625
R076_C093,120,150,19.40625
R076_C094,120,150,19.40625
R076_C095,120,150,7.762500762939453
R076_C096,120,150,21.993751525878906
R076_C097,120,150,21.993751525878906
R076_C098,120,150,21.993751525878906
R076_C099,120,150,7.762500762939453
R076_C100,120,150,19.40625
R076_C101,120,150,7.762500762939453
R076_C102,120,150,7.762500762939453
R076_C103,120,150,7.762500762939453
R076_C104,120,150,7.762500762939453
R076_C105,120,150,7.762500762939453
R076_C106,120,150,21.993751525878906
R076_C107,120,150,19.40625
R076_C108,120,150,21.993751525878906
R076_C109,120,150,23.287500381469727
R076_C110,120,150,23.287500381469727
R076_C111,120,150,23.287500381469727
R076_C112,120,150,21.993751525878906
R076_C113,120,150,19.40625
R076_C114,120,150,19.40625
R076_C115,120,150,19.40625
R076_C116,120,150,19.40625
R076_C117,120,150,21.993751525878906
R076_C118,120,150,21.993751525878906
R076_C119,120,150,19.40625
R076_C120,120,150,19.40625
R076_C121,120,150,21.993751525878906
R076_C122,120,150,19.40625
R076_C123,120,150,23.287500381469727
R076_C124,120,150,19.40625
R076_C125,120,150,21.993751525878906
R076_C126,120,150,21.993751525878906
R076_C127,120,150,19.40625
R076_C128,120,150,19.40625
R077_C072,120,150,21.993751525878906
R077_C073,120,150,21.993751525878906
R077_C074,120,150,21.993751525878906
R077_C075,120,150,21.993751525878906
R077_C076,120,150,21.993751525878906
R077_C077,120,150,19.40625
R077_C078,120,150,19.40625
R077_C079,120,150,19.40625
R077_C080,120,150,19.40625
R077_C081,120,150,23.287500381469727
R077_C082,120,150,21.993751525878906
R077_C083,120,150,21.993751525878906
R077_C084,120,150,21.993751525878906
R077_C085,120,150,19.40625
R077_C086,120,150,19.40625
R077_C087,120,150,19.40625
R077_C088,120,150,19.40625
R077_C089,120,150,21.993751525878906
R077_C090,120,150,19.40625
R077_C091,120,150,19.40625
R077_C092,120,150,19.40625
R077_C093,120,150,19.40625
R077_C094,120,150,7.762500762939453
R077_C095,120,150,7.762500762939453
R077_C096,120,150,21.993751525878906
R077_C097,120,150,19.40625
R077_C098,120,150,23.287500381469727
R077_C099,120,150,7.762500762939453
R077_C100,120,150,19.40625
R077_C101,120,150,7.762500762939453
R077_C102,120,150,7.762500762939453
R077_C103,120,150,7.762500762939453
R077_C104,120,150,7.762500762939453
R077_C105,120,150,19.40625
R077_C106,120,150,21.993751525878906
R077_C107,120,150,23.287500381469727
R077_C108,120,150,21.993751525878906
R077_C109,120,150,23.287500381469727
R077_C110,120,150,23.287500381469727
R077_C111,120,150,19.40625
R077_C112,120,150,21.993751525878906
R077_C113,120,150,21.993751525878906
R077_C114,120,150,21.993751525878906
R077_C115,120,150,21.993751525878906
R077_C116,120,150,21.993751525878906
R077_C117,120,150,21.993751525878906
R077_C118,120,150,21.993751525878906
R077_C119,120,150,19.40625
R077_C120,120,150,23.287500381469727
R077_C121,120,150,23.287500381469727
R077_C122,120,150,19.40625
R077_C123,120,150,23.287500381469727
R077_C124,120,150,19.40625
R077_C125,120,150,19.40625
R077_C126,120,150,21.993751525878906
R077_C127,120,150,19.40625
R077_C128,120,150,19.40625
R077_C129,120,150,19.40625
R078_C071,120,150,19.40625
R078_C072,120,150,23.287500381469727
R078_C073,120,150,19.40625
R078_C074,120,150,19.40625
R078_C075,120,150,19.40625
R078_C076,120,150,21.993751525878906
R078_C077,120,150,19.40625
R078_C078,120,150,19.40625
R078_C079,120,150,7.762500762939453
R078_C080,120,150,7.762500762939453
R078_C081,120,150,21.993751525878906
R078_C082,120,150,21.993751525878906
R078_C083,120,150,21.993751525878906
R078_C084,120,150,23.287500381469727
R078_C085,120,150,23.287500381469727
R078_C086,120,150,19.40625
R078_C087,120,150,19.40625
R078_C088,120,150,19.40625
R078_C089,120,150,21.993751525878906
R078_C090,120,150,19.40625
R078_C091,120,150,19.40625
R078_C092,120,150,19.40625
R078_C093,120,150,19.40625
R078_C094,120,150,7.762500762939453
R078_C095,120,150,23.287500381469727
R078_C096,120,150,21.993751525878906
R078_C097,120,150,23.287500381469727
R078_C098,120,150,23.287500381469727
R078_C099,120,150,7.762500762939453
R078_C100,120,150,19.40625
R078_C101,120,150,19.40625
R078_C102,120,150,19.40625
R078_C103,120,150,19.40625
R078_C104,120,150,23.287500381469727
R078_C105,120,150,19.40625
R078_C106,120,150,21.993751525878906
R078_C107,120,150,19.40625
R078_C108,120,150,21.993751525878906
R078_C109,120,150,23.287500381469727
R078_C110,120,150,21.993751525878906
R078_C111,120,150,19.40625
R078_C112,120,150,21.993751525878906
R078_C113,120,150,21.993751525878906
R078_C114,120,150,21.993751525878906
R078_C115,120,150,21.993751525878906
R078_C116,120,150,21.993751525878906
R078_C117,120,150,23.287500381469727
R078_C118,120,150,21.993751525878906
R078_C119,120,150,23.287500381469727
R078_C120,120,150,19.40625
R078_C121,120,150,21.993751525878906
R078_C122,120,150,23.287500381469727
R078_C123,120,150,19.40625
R078_C124,120,150,21.993751525878906
R078_C125,120,150,19.40625
R078_C126,120,150,21.993751525878906
R078_C127,120,150,21.993751525878906
R078_C128,120,150,19.40625
R078_C129,120,150,19.40625
R078_C130,120,150,19.40625
R079_C069,120,150,21.993751525878906
R079_C070,120,150,21.993751525878906
R079_C071,120,150,21.993751525878906
R079_C072,120,150,21.993751525878906
R079_C073,120,150,21.993751525878906
R079_C074,120,150,21.993751525878906
R079_C075,120,150,21.993751525878906
R079_C076,120,150,21.993751525878906
R079_C077,120,150,21.993751525878906
R079_C078,120,150,7.762500762939453
R079_C079,120,150,7.762500762939453
R079_C080,120,150,21.993751525878906
R079_C081,120,150,21.993751525878906
R079_C082,120,150,19.40625
R079_C083,120,150,23.287500381469727
R079_C084,120,150,23.287500381469727
R079_C085,120,150,19.40625
R079_C086,120,150,23.287500381469727
R079_C087,120,150,19.40625
R079_C088,120,150,19.40625
R079_C089,120,150,19.40625
R079_C090,120,150,19.40625
R079_C091,120,150,19.40625
R079_C092,120,150,19.40625
R079_C093,120,150,7.762500762939453
R079_C094,120,150,21.993751525878906
R079_C095,120,150,21.993751525878906
R079_C096,120,150,21.993751525878906
R079_C097,120,150,21.993751525878906
R079_C098,120,150,21.993751525878906
R079_C099,120,150,7.762500762939453
R079_C100,120,150,7.762500762939453
R079_C101,120,150,19.40625
R079_C102,120,150,19.40625
R079_C103,120,150,19.40625
R079_C104,120,150,23.287500381469727
R079_C105,120,150,19.40625
R079_C106,120,150,21.993751525878906
R079_C107,120,150,23.287500381469727
R079_C108,120,150,21.993751525878906
R079_C109,120,150,23.287500381469727
R079_C110,120,150,21.993751525878906
R079_C111,120,150,21.993751525878906
R079_C112,120,150,21.993751525878906
R079_C113,120,150,19.40625
R079_C114,120,150,19.40625
R079_C115,120,150,19.40625
R079_C116,120,150,23.287500381469727
R079_C117,120,150,23.287500381469727
R079_C118,120,150,21.993751525878906
R079_C119,120,150,21.993751525878906
R079_C120,120,150,21.993751525878906
R079_C121,120,150,21.993751525878906
R079_C122,120,150,21.993751525878906
R079_C123,120,150,21.993751525878906
R079_C124,120,150,21.993751525878906
R079_C125,120,150,23.287500381469727
R079_C126,120,150,21.993751525878906
R079_C127,120,150,21.993751525878906
R079_C128,120,150,19.40625
R079_C129,120,150,19.40625
R079_C130,120,150,19.40625
R079_C131,120,150,19.40625
R079_C132,120,150,19.40625
R080_C068,120,150,21.993751525878906
R080_C069,120,150,21.993751525878906
R080_C070,120,150,19.40625
R080_C071,120,150,23.287500381469727
R080_C072,120,150,23.287500381469727
R080_C073,120,150,19.40625
R080_C074,120,150,19.40625
R080_C075,120,150,19.40625
R080_C076,120,150,21.993751525878906
R080_C077,120,150,21.993751525878906
R080_C078,120,150,19.40625
R080_C079,120,150,21.993751525878906
R080_C080,120,150,21.993751525878906
R080_C081,120,150,21.993751525878906
R080_C082,120,150,19.40625
R080_C083,120,150,21.993751525878906
R080_C084,120,150,21.993751525878906
R080_C085,120,150,19.40625
R080_C086,120,150,23.287500381469727
R080_C087,120,150,19.40625
R080_C088,120,150,19.40625
R080_C089,120,150,19.40625
R080_C090,120,150,19.40625
R080_C091,120,150,19.40625
R080_C092,120,150,19.40625
R080_C093,120,150,7.762500762939453
R080_C094,120,150,23.287500381469727
R080_C095,120,150,21.993751525878906
R080_C096,120,150,21.993751525878906
R080_C097,120,150,21.993751525878906
R080_C098,120,150,21.993751525878906
R080_C099,120,150,7.762500762939453
R080_C100,120,150,23.287500381469727
R080_C101,120,150,23.287500381469727
R080_C102,120,150,19.40625
R080_C103,120,150,19.40625
R080_C104,120,150,19.40625
R080_C105,120,150,19.40625
R080_C106,120,150,21.993751525878906
R080_C107,120,150,21.993751525878906
R080_C108,120,150,21.993751525878906
R080_C109,120,150,21.993751525878906
R080_C110,120,150,21.993751525878906
R080_C111,120,150,21.993751525878906
R080_C112,120,150,23.287500381469727
R080_C113,120,150,19.40625
R080_C114,120,150,23.287500381469727
R080_C115,120,150,19.40625
R080_C116,120,150,19.40625
R080_C117,120,150,21.993751525878906
R080_C118,120,150,23.287500381469727
R080_C119,120,150,21.993751525878906
R080_C120,120,150,21.993751525878906
R080_C121,120,150,19.40625
R080_C122,120,150,21.993751525878906
R080_C123,120,150,23.287500381469727
R080_C124,120,150,19.40625
R080_C125,120,150,19.40625
R080_C126,120,150,19.40625
R080_C127,120,150,21.993751525878906
R080_C128,120,150,19.40625
R080_C129,120,150,19.40625
R080_C130,120,150,19.40625
R080_C131,120,150,19.40625
R080_C132,120,150,19.40625
R080_C133,120,150,19.40625
R081_C067,120,150,21.993751525878906
R081_C068,120,150,21.993751525878906
R081_C069,120,150,7.762500762939453
R081_C070,120,150,23.287500381469727
R081_C071,120,150,19.40625
R081_C072,120,150,19.40625
R081_C073,120,150,23.287500381469727
R081_C074,120,150,19.40625
R081_C075,120,150,21.993751525878906
R081_C076,120,150,21.993751525878906
R081_C077,120,150,21.993751525878906
R081_C078,120,150,21.993751525878906
R081_C079,120,150,21.993751525878906
R081_C080,120,150,21.993751525878906
R081_C081,120,150,21.993751525878906
R081_C082,120,150,19.40625
R081_C083,120,150,23.287500381469727
R081_C084,120,150,21.993751525878906
R081_C085,120,150,19.40625
R081_C086,120,150,19.40625
R081_C087,120,150,19.40625
R081_C088,120,150,19.40625
R081_C089,120,150,19.40625
R081_C090,120,150,19.40625
R081_C091,120,150,19.40625
R081_C092,120,150,19.40625
R081_C093,120,150,7.762500762939453
R081_C094,120,150,19.40625
R081_C095,120,150,19.40625
R081_C096,120,150,21.993751525878906
R081_C097,120,150,21.993751525878906
R081_C098,120,150,19.40625
R081_C099,120,150,21.993751525878906
R081_C100,120,150,23.287500381469727
R081_C101,120,150,23.287500381469727
R081_C102,120,150,23.287500381469727
R081_C103,120,150,23.287500381469727
R081_C104,120,150,23.287500381469727
R081_C105,120,150,23.287500381469727
R081_C106,120,150,21.993751525878906
R081_C107,120,150,23.287500381469727
R081_C108,120,150,21.993751525878906
R081_C109,120,150,21.993751525878906
R081_C110,120,150,23.287500381469727
R081_C111,120,150,21.993751525878906
R081_C112,120,150,19.40625
R081_C113,120,150,21.993751525878906
R081_C114,120,150,21.993751525878906
R081_C115,120,150,21.993751525878906
R081_C116,120,150,21.993751525878906
R081_C117,120,150,21.993751525878906
R081_C118,120,150,19.40625
R081_C119,120,150,21.993751525878906
R081_C120,120,150,21.993751525878906
R081_C121,120,150,23.287500381469727
R081_C122,120,150,21.993751525878906
R081_C123,120,150,23.287500381469727
R081_C124,120,150,21.993751525878906
R081_C125,120,150,21.993751525878906
R081_C126,120,150,21.993751525878906
R081_C127,120,150,21.993751525878906
R081_C128,120,150,19.40625
R081_C129,120,150,19.40625
R081_C130,120,150,19.40625
R081_C131,120,150,19.40625
R081_C132,120,150,19.40625
R081_C133,120,150,19.40625
R081_C134,120,150,19.40625
R082_C068,120,150,21.993751525878906
R082_C069,120,150,21.993751525878906
R082_C070,120,150,21.993751525878906
R082_C071,120,150,21.993751525878906
R082_C072,120,150,21.993751525878906
R082_C073,120,150,21.993751525878906
R082_C074,120,150,21.993751525878906
R082_C075,120,150,21.993751525878906
R082_C076,120,150,21.993751525878906
R082_C077,120,150,21.993751525878906
R082_C078,120,150,21.993751525878906
R082_C079,120,150,21.993751525878906
R082_C080,120,150,19.40625
R082_C081,120,150,23.287500381469727
R082_C082,120,150,21.993751525878906
R082_C083,120,150,21.993751525878906
R082_C084,120,150,21.993751525878906
R082_C085,120,150,21.993751525878906
R082_C086,120,150,21.993751525878906
R082_C087,120,150,19.40625
R082_C088,120,150,19.40625
R082_C089,120,150,19.40625
R082_C090,120,150,19.40625
R082_C091,120,150,19.40625
R082_C092,120,150,7.762500762939453
R082_C093,120,150,21.993751525878906
R082_C094,120,150,23.287500381469727
R082_C095,120,150,21.993751525878906
R082_C096,120,150,21.993751525878906
R082_C097,120,150,21.993751525878906
R082_C098,120,150,19.40625
R082_C099,120,150,7.762500762939453
R082_C100,120,150,23.287500381469727
R082_C101,120,150,23.287500381469727
R082_C102,120,150,23.287500381469727
R082_C103,120,150,23.287500381469727
R082_C104,120,150,23.287500381469727
R082_C105,120,150,23.287500381469727
R082_C106,120,150,23.287500381469727
R082_C107,120,150,23.287500381469727
R082_C108,120,150,23.287500381469727
R082_C109,120,150,21.993751525878906
R082_C110,120,150,23.287500381469727
R082_C111,120,150,21.993751525878906
R082_C112,120,150,23.287500381469727
R082_C113,120,150,21.993751525878906
R082_C114,120,150,21.993751525878906
R082_C115,120,150,19.40625
R082_C116,120,150,19.40625
R082_C117,120,150,21.993751525878906
R082_C118,120,150,23.287500381469727
R082_C119,120,150,21.993751525878906
R082_C120,120,150,23.287500381469727
R082_C121,120,150,21.993751525878906
R082_C122,120,150,23.287500381469727
R082_C123,120,150,21.993751525878906
R082_C124,120,150,7.762500762939453
R082_C125,120,150,21.993751525878906
R082_C126,120,150,19.40625
R082_C127,120,150,21.993751525878906
R082_C128,120,150,23.287500381469727
R082_C129,120,150,19.40625
R082_C130,120,150,19.40625
R082_C131,120,150,19.40625
R082_C132,120,150,19.40625
R082_C133,120,150,19.40625
R082_C134,120,150,19.40625
R082_C135,120,150,19.40625
R083_C068,120,150,23.287500381469727
R083_C069,120,150,19.40625
R083_C070,120,150,23.287500381469727
R083_C071,120,150,19.40625
R083_C072,120,150,23.287500381469727
R083_C073,120,150,21.993751525878906
R083_C074,120,150,21.993751525878906
R083_C075,120,150,23.287500381469727
R083_C076,120,150,19.40625
R083_C077,120,150,23.287500381469727
R083_C078,120,150,21.993751525878906
R083_C079,120,150,21.993751525878906
R083_C080,120,150,21.993751525878906
R083_C081,120,150,21.993751525878906
R083_C082,120,150,23.287500381469727
R083_C083,120,150,21.993751525878906
R083_C084,120,150,21.993751525878906
R083_C085,120,150,21.993751525878906
R083_C086,120,150,19.40625
R083_C087,120,150,19.40625
R083_C088,120,150,19.40625
R083_C089,120,150,19.40625
R083_C090,120,150,19.40625
R083_C091,120,150,19.40625
R083_C092,120,150,7.762500762939453
R083_C093,120,150,21.993751525878906
R083_C094,120,150,23.287500381469727
R083_C095,120,150,21.993751525878906
R083_C096,120,150,21.993751525878906
R083_C097,120,150,21.993751525878906
R083_C098,120,150,19.40625
R083_C099,120,150,7.762500762939453
R083_C100,120,150,23.287500381469727
R083_C101,120,150,21.993751525878906
R083_C102,120,150,23.287500381469727
R083_C103,120,150,19.40625
R083_C104,120,150,19.40625
R083_C105,120,150,19.40625
R083_C106,120,150,21.993751525878906
R083_C107,120,150,23.287500381469727
R083_C108,120,150,21.993751525878906
R083_C109,120,150,21.993751525878906
R083_C110,120,150,23.287500381469727
R083_C111,120,150,21.993751525878906
R083_C112,120,150,19.40625
R083_C113,120,150,21.993751525878906
R083_C114,120,150,23.287500381469727
R083_C115,120,150,21.993751525878906
R083_C116,120,150,21.993751525878906
R083_C117,120,150,21.993751525878906
R083_C118,120,150,23.287500381469727
R083_C119,120,150,21.993751525878906
R083_C120,120,150,23.287500381469727
R083_C121,120,150,21.993751525878906
R083_C122,120,150,19.40625
R083_C123,120,150,21.993751525878906
R083_C124,120,150,7.762500762939453
R083_C125,120,150,21.993751525878906
R083_C126,120,150,23.287500381469727
R083_C127,120,150,21.993751525878906
R083_C128,120,150,21.993751525878906
R083_C129,120,150,19.40625
R083_C130,120,150,19.40625
R083_C131,120,150,19.40625
R083_C132,120,150,19.40625
R083_C133,120,150,19.40625
R083_C134,120,150,19.40625
R083_C135,120,150,23.287500381469727
R083_C136,120,150,21.993751525878906
R084_C068,120,150,23.287500381469727
R084_C069,120,150,19.40625
R084_C070,120,150,23.287500381469727
R084_C071,120,150,23.287500381469727
R084_C072,120,150,23.287500381469727
R084_C073,120,150,21.993751525878906
R084_C074,120,150,23.287500381469727
R084_C075,120,150,23.287500381469727
R084_C076,120,150,19.40625
R084_C077,120,150,23.287500381469727
R084_C078,120,150,23.287500381469727
R084_C079,120,150,21.993751525878906
R084_C080,120,150,21.993751525878906
R084_C081,120,150,21.993751525878906
R084_C082,120,150,23.287500381469727
R084_C083,120,150,23.287500381469727
R084_C084,120,150,21.993751525878906
R084_C085,120,150,19.40625
R084_C086,120,150,19.40625
R084_C087,120,150,19.40625
R084_C088,120,150,19.40625
R084_C089,120,150,19.40625
R084_C090,120,150,19.40625
R084_C091,120,150,19.40625
R084_C092,120,150,7.762500762939453
R084_C093,120,150,7.762500762939453
R084_C094,120,150,19.40625
R084_C095,120,150,19.40625
R084_C096,120,150,21.993751525878906
R084_C097,120,150,19.40625
R084_C098,120,150,19.40625
R084_C099,120,150,21.993751525878906
R084_C100,120,150,21.993751525878906
R084_C101,120,150,21.993751525878906
R084_C102,120,150,21.993751525878906
R084_C103,120,150,21.993751525878906
R084_C104,120,150,21.993751525878906
R084_C105,120,150,21.993751525878906
R084_C106,120,150,21.993751525878906
R084_C107,120,150,21.993751525878906
R084_C108,120,150,21.993751525878906
R084_C109,120,150,21.993751525878906
R084_C110,120,150,21.993751525878906
R084_C111,120,150,21.993751525878906
R084_C112,120,150,21.993751525878906
R084_C113,120,150,21.993751525878906
R084_C114,120,150,21.993751525878906
R084_C115,120,150,21.993751525878906
R084_C116,120,150,21.993751525878906
R084_C117,120,150,21.993751525878906
R084_C118,120,150,23.287500381469727
R084_C119,120,150,23.287500381469727
R084_C120,120,150,21.993751525878906
R084_C121,120,150,23.287500381469727
R084_C122,120,150,21.993751525878906
R084_C123,120,150,21.993751525878906
R084_C124,120,150,7.762500762939453
R084_C125,120,150,21.993751525878906
R084_C126,120,150,23.287500381469727
R084_C127,120,150,21.993751525878906
R084_C128,120,150,21.993751525878906
R084_C129,120,150,23.287500381469727
R084_C130,120,150,19.40625
R084_C131,120,150,19.40625
R084_C132,120,150,19.40625
R084_C133,120,150,19.40625
R084_C134,120,150,19.40625
R084_C135,120,150,23.287500381469727
R084_C136,120,150,21.993751525878906
R084_C137,120,150,19.40625
R085_C068,120,150,23.287500381469727
R085_C069,120,150,21.993751525878906
R085_C070,120,150,21.993751525878906
R085_C071,120,150,21.993751525878906
R085_C072,120,150,21.993751525878906
R085_C073,120,150,21.993751525878906
R085_C074,120,150,19.40625
R085_C075,120,150,19.40625
R085_C076,120,150,19.40625
R085_C077,120,150,23.287500381469727
R085_C078,120,150,23.287500381469727
R085_C079,120,150,21.993751525878906
R085_C080,120,150,23.287500381469727
R085_C081,120,150,21.993751525878906
R085_C082,120,150,21.993751525878906
R085_C083,120,150,21.993751525878906
R085_C084,120,150,21.993751525878906
R085_C085,120,150,21.993751525878906
R085_C086,120,150,21.993751525878906
R085_C087,120,150,21.993751525878906
R085_C088,120,150,21.993751525878906
R085_C089,120,150,21.993751525878906
R085_C090,120,150,21.993751525878906
R085_C091,120,150,21.993751525878906
R085_C092,120,150,21.993751525878906
R085_C093,120,150,21.993751525878906
R085_C094,120,150,21.993751525878906
R085_C095,120,150,21.993751525878906
R085_C096,120,150,21.993751525878906
R085_C097,120,150,21.993751525878906
R085_C098,120,150,21.993751525878906
R085_C099,120,150,21.993751525878906
R085_C100,120,150,23.287500381469727
R085_C101,120,150,23.287500381469727
R085_C102,120,150,19.40625
R085_C103,120,150,23.287500381469727
R085_C104,120,150,19.40625
R085_C105,120,150,19.40625
R085_C106,120,150,21.993751525878906
R085_C107,120,150,23.287500381469727
R085_C108,120,150,19.40625
R085_C109,120,150,19.40625
R085_C110,120,150,21.993751525878906
R085_C111,120,150,19.40625
R085_C112,120,150,19.40625
R085_C113,120,150,19.40625
R085_C114,120,150,21.993751525878906
R085_C115,120,150,19.40625
R085_C116,120,150,21.993751525878906
R085_C117,120,150,21.993751525878906
R085_C118,120,150,23.287500381469727
R085_C119,120,150,23.287500381469727
R085_C120,120,150,21.993751525878906
R085_C121,120,150,19.40625
R085_C122,120,150,23.287500381469727
R085_C123,120,150,21.993751525878906
R085_C124,120,150,21.993751525878906
R085_C125,120,150,21.993751525878906
R085_C126,120,150,21.993751525878906
R085_C127,120,150,21.993751525878906
R085_C128,120,150,21.993751525878906
R085_C129,120,150,23.287500381469727
R085_C130,120,150,19.40625
R085_C131,120,150,19.40625
R085_C132,120,150,19.40625
R085_C133,120,150,19.40625
R085_C134,120,150,19.40625
R085_C135,120,150,23.287500381469727
R085_C136,120,150,23.287500381469727
R085_C137,120,150,19.40625
R086_C068,120,150,23.287500381469727
R086_C069,120,150,23.287500381469727
R086_C070,120,150,23.287500381469727
R086_C071,120,150,21.993751525878906
R086_C072,120,150,21.993751525878906
R086_C073,120,150,21.993751525878906
R086_C074,120,150,19.40625
R086_C075,120,150,21.993751525878906
R086_C076,120,150,21.993751525878906
R086_C077,120,150,21.993751525878906
R086_C078,120,150,21.993751525878906
R086_C079,120,150,23.287500381469727
R086_C080,120,150,23.287500381469727
R086_C081,120,150,23.287500381469727
R086_C082,120,150,19.40625
R086_C083,120,150,19.40625
R086_C084,120,150,19.40625
R086_C085,120,150,21.993751525878906
R086_C086,120,150,23.287500381469727
R086_C087,120,150,19.40625
R086_C088,120,150,19.40625
R086_C089,120,150,19.40625
R086_C090,120,150,19.40625
R086_C091,120,150,19.40625
R086_C092,120,150,19.40625
R086_C093,120,150,21.993751525878906
R086_C094,120,150,23.287500381469727
R086_C095,120,150,21.993751525878906
R086_C096,120,150,23.287500381469727
R086_C097,120,150,23.287500381469727
R086_C098,120,150,21.993751525878906
R086_C099,120,150,19.40625
R086_C100,120,150,23.287500381469727
R086_C101,120,150,23.287500381469727
R086_C102,120,150,21.993751525878906
R086_C103,120,150,21.993751525878906
R086_C104,120,150,21.993751525878906
R086_C105,120,150,21.993751525878906
R086_C106,120,150,21.993751525878906
R086_C107,120,150,21.993751525878906
R086_C108,120,150,21.993751525878906
R086_C109,120,150,21.993751525878906
R086_C110,120,150,21.993751525878906
R086_C111,120,150,21.993751525878906
R086_C112,120,150,21.993751525878906
R086_C113,120,150,21.993751525878906
R086_C114,120,150,23.287500381469727
R086_C115,120,150,19.40625
R086_C116,120,150,23.287500381469727
R086_C117,120,150,23.287500381469727
R086_C118,120,150,21.993751525878906
R086_C119,120,150,21.993751525878906
R086_C120,120,150,21.993751525878906
R086_C121,120,150,23.287500381469727
R086_C122,120,150,21.993751525878906
R086_C123,120,150,23.287500381469727
R086_C124,120,150,21.993751525878906
R086_C125,120,150,19.40625
R086_C126,120,150,23.287500381469727
R086_C127,120,150,21.993751525878906
R086_C128,120,150,21.993751525878906
R086_C129,120,150,19.40625
R086_C130,120,150,23.287500381469727
R086_C131,120,150,23.287500381469727
R086_C132,120,150,23.287500381469727
R086_C133,120,150,19.40625
R086_C134,120,150,19.40625
R086_C135,120,150,21.993751525878906
R086_C136,120,150,21.993751525878906
R086_C137,120,150,21.993751525878906
R087_C068,120,150,19.40625
R087_C069,120,150,21.993751525878906
R087_C070,120,150,21.993751525878906
R087_C071,120,150,21.993751525878906
R087_C072,120,150,21.993751525878906
R087_C073,120,150,23.287500381469727
R087_C074,120,150,23.287500381469727
R087_C075,120,150,21.993751525878906
R087_C076,120,150,19.40625
R087_C077,120,150,19.40625
R087_C078,120,150,19.40625
R087_C079,120,150,23.287500381469727
R087_C080,120,150,19.40625
R087_C081,120,150,19.40625
R087_C082,120,150,19.40625
R087_C083,120,150,19.40625
R087_C084,120,150,19.40625
R087_C085,120,150,21.993751525878906
R087_C086,120,150,19.40625
R087_C087,120,150,19.40625
R087_C088,120,150,23.287500381469727
R087_C089,120,150,19.40625
R087_C090,120,150,19.40625
R087_C091,120,150,19.40625
R087_C092,120,150,19.40625
R087_C093,120,150,19.40625
R087_C094,120,150,19.40625
R087_C095,120,150,19.40625
R087_C096,120,150,21.993751525878906
R087_C097,120,150,21.993751525878906
R087_C098,120,150,21.993751525878906
R087_C099,120,150,19.40625
R087_C100,120,150,19.40625
R087_C101,120,150,23.287500381469727
R087_C102,120,150,19.40625
R087_C103,120,150,21.993751525878906
R087_C104,120,150,21.993751525878906
R087_C105,120,150,21.993751525878906
R087_C106,120,150,21.993751525878906
R087_C107,120,150,21.993751525878906
R087_C108,120,150,21.993751525878906
R087_C109,120,150,19.40625
R087_C110,120,150,21.993751525878906
R087_C111,120,150,19.40625
R087_C112,120,150,21.993751525878906
R087_C113,120,150,23.287500381469727
R087_C114,120,150,21.993751525878906
R087_C115,120,150,21.993751525878906
R087_C116,120,150,21.993751525878906
R087_C117,120,150,23.287500381469727
R087_C118,120,150,23.287500381469727
R087_C119,120,150,21.993751525878906
R087_C120,120,150,21.993751525878906
R087_C121,120,150,21.993751525878906
R087_C122,120,150,21.993751525878906
R087_C123,120,150,19.40625
R087_C124,120,150,21.993751525878906
R087_C125,120,150,21.993751525878906
R087_C126,120,150,23.287500381469727
R087_C127,120,150,23.287500381469727
R087_C128,120,150,21.993751525878906
R087_C129,120,150,21.993751525878906
R087_C130,120,150,21.993751525878906
R087_C131,120,150,21.993751525878906
R087_C132,120,150,21.993751525878906
R087_C133,120,150,21.993751525878906
R087_C134,120,150,21.993751525878906
R087_C135,120,150,23.287500381469727
R087_C136,120,150,19.40625
R087_C137,120,150,21.993751525878906
R088_C068,120,150,21.993751525878906
R088_C069,120,150,21.993751525878906
R088_C070,120,150,19.40625
R088_C071,120,150,21.993751525878906
R088_C072,120,150,23.287500381469727
R088_C073,120,150,21.993751525878906
R088_C074,120,150,23.287500381469727
R088_C075,120,150,21.993751525878906
R088_C076,120,150,19.40625
R088_C077,120,150,19.40625
R088_C078,120,150,19.40625
R088_C079,120,150,19.40625
R088_C080,120,150,19.40625
R088_C081,120,150,19.40625
R088_C082,120,150,19.40625
R088_C083,120,150,19.40625
R088_C084,120,150,19.40625
R088_C085,120,150,21.993751525878906
R088_C086,120,150,19.40625
R088_C087,120,150,19.40625
R088_C088,120,150,23.287500381469727
R088_C089,120,150,19.40625
R088_C090,120,150,19.40625
R088_C091,120,150,19.40625
R088_C092,120,150,19.40625
R088_C093,120,150,19.40625
R088_C094,120,150,21.993751525878906
R088_C095,120,150,21.993751525878906
R088_C096,120,150,21.993751525878906
R088_C097,120,150,21.993751525878906
R088_C098,120,150,23.287500381469727
R088_C099,120,150,19.40625
R088_C100,120,150,19.40625
R088_C101,120,150,19.40625
R088_C102,120,150,19.40625
R088_C103,120,150,21.993751525878906
R088_C104,120,150,23.287500381469727
R088_C105,120,150,21.993751525878906
R088_C106,120,150,19.40625
R088_C107,120,150,19.40625
R088_C108,120,150,21.993751525878906
R088_C109,120,150,21.993751525878906
R088_C110,120,150,21.993751525878906
R088_C111,120,150,21.993751525878906
R088_C112,120,150,23.287500381469727
R088_C113,120,150,23.287500381469727
R088_C114,120,150,21.993751525878906
R088_C115,120,150,21.993751525878906
R088_C116,120,150,21.993751525878906
R088_C117,120,150,21.993751525878906
R088_C118,120,150,21.993751525878906
R088_C119,120,150,23.287500381469727
R088_C120,120,150,21.993751525878906
R088_C121,120,150,21.993751525878906
R088_C122,120,150,23.287500381469727
R088_C123,120,150,23.287500381469727
R088_C124,120,150,21.993751525878906
R088_C125,120,150,23.287500381469727
R088_C126,120,150,21.993751525878906
R088_C127,120,150,21.993751525878906
R088_C128,120,150,21.993751525878906
R088_C129,120,150,19.40625
R088_C130,120,150,23.287500381469727
R088_C131,120,150,19.40625
R088_C132,120,150,21.993751525878906
R088_C133,120,150,21.993751525878906
R088_C134,120,150,23.287500381469727
R088_C135,120,150,23.287500381469727
R088_C136,120,150,21.993751525878906
R088_C137,120,150,21.993751525878906
R089_C068,120,150,21.993751525878906
R089_C069,120,150,23.287500381469727
R089_C070,120,150,19.40625
R089_C071,120,150,23.287500381469727
R089_C072,120,150,21.993751525878906
R089_C073,120,150,21.993751525878906
R089_C074,120,150,23.287500381469727
R089_C075,120,150,23.287500381469727
R089_C076,120,150,19.40625
R089_C077,120,150,19.40625
R089_C078,120,150,23.287500381469727
R089_C079,120,150,23.287500381469727
R089_C080,120,150,19.40625
R089_C081,120,150,19.40625
R089_C082,120,150,19.40625
R089_C083,120,150,19.40625
R089_C084,120,150,19.40625
R089_C085,120,150,21.993751525878906
R089_C086,120,150,19.40625
R089_C087,120,150,19.40625
R089_C088,120,150,23.287500381469727
R089_C089,120,150,19.40625
R089_C090,120,150,19.40625
R089_C091,120,150,19.40625
R089_C092,120,150,19.40625
R089_C093,120,150,19.40625
R089_C094,120,150,19.40625
R089_C095,120,150,21.993751525878906
R089_C096,120,150,23.287500381469727
R089_C097,120,150,21.993751525878906
R089_C098,120,150,21.993751525878906
R089_C099,120,150,21.993751525878906
R089_C100,120,150,19.40625
R089_C101,120,150,19.40625
R089_C102,120,150,19.40625
R089_C103,120,150,19.40625
R089_C104,120,150,21.993751525878906
R089_C105,120,150,21.993751525878906
R089_C106,120,150,21.993751525878906
R089_C107,120,150,21.993751525878906
R089_C108,120,150,21.993751525878906
R089_C109,120,150,23.287500381469727
R089_C110,120,150,21.993751525878906
R089_C111,120,150,21.993751525878906
R089_C112,120,150,21.993751525878906
R089_C113,120,150,21.993751525878906
R089_C114,120,150,23.287500381469727
R089_C115,120,150,19.40625
R089_C116,120,150,23.287500381469727
R089_C117,120,150,19.40625
R089_C118,120,150,21.993751525878906
R089_C119,120,150,23.287500381469727
R089_C120,120,150,23.287500381469727
R089_C121,120,150,21.993751525878906
R089_C122,120,150,19.40625
R089_C123,120,150,21.993751525878906
R089_C124,120,150,21.993751525878906
R089_C125,120,150,21.993751525878906
R089_C126,120,150,23.287500381469727
R089_C127,120,150,19.40625
R089_C128,120,150,19.40625
R089_C129,120,150,19.40625
R089_C130,120,150,23.287500381469727
R089_C131,120,150,19.40625
R089_C132,120,150,21.993751525878906
R089_C133,120,150,21.993751525878906
R089_C134,120,150,19.40625
R089_C135,120,150,19.40625
R089_C136,120,150,19.40625
R089_C137,120,150,21.993751525878906
R090_C069,120,150,19.40625
R090_C070,120,150,23.287500381469727
R090_C071,120,150,23.287500381469727
R090_C072,120,150,19.40625
R090_C073,120,150,21.993751525878906
R090_C074,120,150,21.993751525878906
R090_C075,120,150,19.40625
R090_C076,120,150,19.40625
R090_C077,120,150,19.40625
R090_C078,120,150,23.287500381469727
R090_C079,120,150,23.287500381469727
R090_C080,120,150,19.40625
R090_C081,120,150,19.40625
R090_C082,120,150,19.40625
R090_C083,120,150,19.40625
R090_C084,120,150,19.40625
R090_C085,120,150,21.993751525878906
R090_C086,120,150,19.40625
R090_C087,120,150,19.40625
R090_C088,120,150,19.40625
R090_C089,120,150,19.40625
R090_C090,120,150,19.40625
R090_C091,120,150,19.40625
R090_C092,120,150,19.40625
R090_C093,120,150,19.40625
R090_C094,120,150,19.40625
R090_C095,120,150,21.993751525878906
R090_C096,120,150,21.993751525878906
R090_C097,120,150,21.993751525878906
R090_C098,120,150,21.993751525878906
R090_C099,120,150,21.993751525878906
R090_C100,120,150,19.40625
R090_C101,120,150,19.40625
R090_C102,120,150,19.40625
R090_C103,120,150,19.40625
R090_C104,120,150,23.287500381469727
R090_C105,120,150,23.287500381469727
R090_C106,120,150,23.287500381469727
R090_C107,120,150,21.993751525878906
R090_C108,120,150,21.993751525878906
R090_C109,120,150,19.40625
R090_C110,120,150,21.993751525878906
R090_C111,120,150,23.287500381469727
R090_C112,120,150,21.993751525878906
R090_C113,120,150,21.993751525878906
R090_C114,120,150,23.287500381469727
R090_C115,120,150,21.993751525878906
R090_C116,120,150,23.287500381469727
R090_C117,120,150,23.287500381469727
R090_C118,120,150,21.993751525878906
R090_C119,120,150,21.993751525878906
R090_C120,120,150,21.993751525878906
R090_C121,120,150,21.993751525878906
R090_C122,120,150,21.993751525878906
R090_C123,120,150,21.993751525878906
R090_C124,120,150,21.993751525878906
R090_C125,120,150,23.287500381469727
R090_C126,120,150,19.40625
R090_C127,120,150,19.40625
R090_C128,120,150,19.40625
R090_C129,120,150,19.40625
R090_C130,120,150,19.40625
R090_C131,120,150,19.40625
R090_C132,120,150,19.40625
R090_C133,120,150,21.993751525878906
R090_C134,120,150,23.287500381469727
R090_C135,120,150,23.287500381469727
R090_C136,120,150,23.287500381469727
R090_C137,120,150,21.993751525878906
R091_C069,120,150,21.993751525878906
R091_C070,120,150,21.993751525878906
R091_C071,120,150,19.40625
R091_C072,120,150,23.287500381469727
R091_C073,120,150,21.993751525878906
R091_C074,120,150,19.40625
R091_C075,120,150,23.287500381469727
R091_C076,120,150,19.40625
R091_C077,120,150,19.40625
R091_C078,120,150,19.40625
R091_C079,120,150,23.287500381469727
R091_C080,120,150,19.40625
R091_C081,120,150,19.40625
R091_C082,120,150,23.287500381469727
R091_C083,120,150,23.287500381469727
R091_C084,120,150,19.40625
R091_C085,120,150,21.993751525878906
R091_C086,120,150,19.40625
R091_C087,120,150,19.40625
R091_C088,120,150,19.40625
R091_C089,120,150,19.40625
R091_C090,120,150,19.40625
R091_C091,120,150,19.40625
R091_C092,120,150,19.40625
R091_C093,120,150,19.40625
R091_C094,120,150,19.40625
R091_C095,120,150,21.993751525878906
R091_C096,120,150,23.287500381469727
R091_C097,120,150,21.993751525878906
R091_C098,120,150,21.993751525878906
R091_C099,120,150,21.993751525878906
R091_C100,120,150,21.993751525878906
R091_C101,120,150,21.993751525878906
R091_C102,120,150,19.40625
R091_C103,120,150,19.40625
R091_C104,120,150,21.993751525878906
R091_C105,120,150,23.287500381469727
R091_C106,120,150,23.287500381469727
R091_C107,120,150,21.993751525878906
R091_C108,120,150,21.993751525878906
R091_C109,120,150,21.993751525878906
R091_C110,120,150,21.993751525878906
R091_C111,120,150,21.993751525878906
R091_C112,120,150,23.287500381469727
R091_C113,120,150,23.287500381469727
R091_C114,120,150,23.287500381469727
R091_C115,120,150,23.287500381469727
R091_C116,120,150,19.40625
R091_C117,120,150,19.40625
R091_C118,120,150,19.40625
R091_C119,120,150,23.287500381469727
R091_C120,120,150,21.993751525878906
R091_C121,120,150,21.993751525878906
R091_C122,120,150,21.993751525878906
R091_C123,120,150,19.40625
R091_C124,120,150,21.993751525878906
R091_C125,120,150,19.40625
R091_C126,120,150,19.40625
R091_C127,120,150,19.40625
R091_C128,120,150,19.40625
R091_C129,120,150,19.40625
R091_C130,120,150,19.40625
R091_C131,120,150,19.40625
R091_C132,120,150,19.40625
R091_C133,120,150,21.993751525878906
R091_C134,120,150,19.40625
R091_C135,120,150,19.40625
R091_C136,120,150,23.287500381469727
R091_C137,120,150,21.993751525878906
R092_C069,120,150,19.40625
R092_C070,120,150,19.40625
R092_C071,120,150,19.40625
R092_C072,120,150,23.287500381469727
R092_C073,120,150,21.993751525878906
R092_C074,120,150,23.287500381469727
R092_C075,120,150,19.40625
R092_C076,120,150,23.287500381469727
R092_C077,120,150,19.40625
R092_C078,120,150,19.40625
R092_C079,120,150,19.40625
R092_C080,120,150,19.40625
R092_C081,120,150,19.40625
R092_C082,120,150,19.40625
R092_C083,120,150,19.40625
R092_C084,120,150,19.40625
R092_C085,120,150,21.993751525878906
R092_C086,120,150,19.40625
R092_C087,120,150,19.40625
R092_C088,120,150,19.40625
R092_C089,120,150,19.40625
R092_C090,120,150,19.40625
R092_C091,120,150,19.40625
R092_C092,120,150,19.40625
R092_C093,120,150,19.40625
R092_C094,120,150,19.40625
R092_C095,120,150,21.993751525878906
R092_C096,120,150,19.40625
R092_C097,120,150,19.40625
R092_C098,120,150,23.287500381469727
R092_C099,120,150,21.993751525878906
R092_C100,120,150,19.40625
R092_C101,120,150,21.993751525878906
R092_C102,120,150,21.993751525878906
R092_C103,120,150,19.40625
R092_C104,120,150,19.40625
R092_C105,120,150,19.40625
R092_C106,120,150,23.287500381469727
R092_C107,120,150,19.40625
R092_C108,120,150,21.993751525878906
R092_C109,120,150,19.40625
R092_C110,120,150,21.993751525878906
R092_C111,120,150,19.40625
R092_C112,120,150,23.287500381469727
R092_C113,120,150,21.993751525878906
R092_C114,120,150,19.40625
R092_C115,120,150,21.993751525878906
R092_C116,120,150,21.993751525878906
R092_C117,120,150,21.993751525878906
R092_C118,120,150,21.993751525878906
R092_C119,120,150,21.993751525878906
R092_C120,120,150,21.993751525878906
R092_C121,120,150,21.993751525878906
R092_C122,120,150,19.40625
R092_C123,120,150,19.40625
R092_C124,120,150,23.287500381469727
R092_C125,120,150,19.40625
R092_C126,120,150,19.40625
R092_C127,120,150,19.40625
R092_C128,120,150,19.40625
R092_C129,120,150,19.40625
R092_C130,120,150,19.40625
R092_C131,120,150,19.40625
R092_C132,120,150,19.40625
R092_C133,120,150,19.40625
R092_C134,120,150,19.40625
R092_C135,120,150,23.287500381469727
R092_C136,120,150,19.40625
R092_C137,120,150,19.40625
R093_C069,120,150,19.40625
R093_C070,120,150,19.40625
R093_C071,120,150,23.287500381469727
R093_C072,120,150,21.993751525878906
R093_C073,120,150,21.993751525878906
R093_C074,120,150,19.40625
R093_C075,120,150,19.40625
R093_C076,120,150,19.40625
R093_C077,120,150,19.40625
R093_C078,120,150,23.287500381469727
R093_C079,120,150,19.40625
R093_C080,120,150,23.287500381469727
R093_C081,120,150,19.40625
R093_C082,120,150,19.40625
R093_C083,120,150,19.40625
R093_C084,120,150,19.40625
R093_C085,120,150,21.993751525878906
R093_C086,120,150,19.40625
R093_C087,120,150,19.40625
R093_C088,120,150,19.40625
R093_C089,120,150,19.40625
R093_C090,120,150,19.40625
R093_C091,120,150,19.40625
R093_C092,120,150,19.40625
R093_C093,120,150,19.40625
R093_C094,120,150,19.40625
R093_C095,120,150,21.993751525878906
R093_C096,120,150,23.287500381469727
R093_C097,120,150,21.993751525878906
R093_C098,120,150,21.993751525878906
R093_C099,120,150,21.993751525878906
R093_C100,120,150,19.40625
R093_C101,120,150,21.993751525878906
R093_C102,120,150,21.993751525878906
R093_C103,120,150,21.993751525878906
R093_C104,120,150,19.40625
R093_C105,120,150,19.40625
R093_C106,120,150,19.40625
R093_C107,120,150,19.40625
R093_C108,120,150,21.993751525878906
R093_C109,120,150,21.993751525878906
R093_C110,120,150,21.993751525878906
R093_C111,120,150,21.993751525878906
R093_C112,120,150,19.40625
R093_C113,120,150,19.40625
R093_C114,120,150,21.993751525878906
R093_C115,120,150,21.993751525878906
R093_C116,120,150,19.40625
R093_C117,120,150,19.40625
R093_C118,120,150,19.40625
R093_C119,120,150,19.40625
R093_C120,120,150,19.40625
R093_C121,120,150,21.993751525878906
R093_C122,120,150,21.993751525878906
R093_C123,120,150,19.40625
R093_C124,120,150,19.40625
R093_C125,120,150,19.40625
R093_C126,120,150,19.40625
R093_C127,120,150,19.40625
R093_C128,120,150,19.40625
R093_C129,120,150,19.40625
R093_C130,120,150,19.40625
R093_C131,120,150,19.40625
R093_C132,120,150,23.287500381469727
R093_C133,120,150,23.287500381469727
R093_C134,120,150,21.993751525878906
R093_C135,120,150,21.993751525878906
R093_C136,120,150,21.993751525878906
R093_C137,120,150,23.287500381469727
R094_C069,120,150,19.40625
R094_C070,120,150,19.40625
R094_C071,120,150,19.40625
R094_C072,120,150,21.993751525878906
R094_C073,120,150,21.993751525878906
R094_C074,120,150,19.40625
R094_C075,120,150,19.40625
R094_C076,120,150,19.40625
R094_C077,120,150,19.40625
R094_C078,120,150,19.40625
R094_C079,120,150,19.40625
R094_C080,120,150,19.40625
R094_C081,120,150,19.40625
R094_C082,120,150,19.40625
R094_C083,120,150,19.40625
R094_C084,120,150,19.40625
R094_C085,120,150,21.993751525878906
R094_C086,120,150,19.40625
R094_C087,120,150,19.40625
R094_C088,120,150,19.40625
R094_C089,120,150,19.40625
R094_C090,120,150,19.40625
R094_C091,120,150,19.40625
R094_C092,120,150,19.40625
R094_C093,120,150,19.40625
R094_C094,120,150,7.762500762939453
R094_C095,120,150,7.762500762939453
R094_C096,120,150,21.993751525878906
R094_C097,120,150,21.993751525878906
R094_C098,120,150,21.993751525878906
R094_C099,120,150,21.993751525878906
R094_C100,120,150,21.993751525878906
R094_C101,120,150,21.993751525878906
R094_C102,120,150,21.993751525878906
R094_C103,120,150,21.993751525878906
R094_C104,120,150,19.40625
R094_C105,120,150,21.993751525878906
R094_C106,120,150,21.993751525878906
R094_C107,120,150,19.40625
R094_C108,120,150,19.40625
R094_C109,120,150,23.287500381469727
R094_C110,120,150,21.993751525878906
R094_C111,120,150,19.40625
R094_C112,120,150,19.40625
R094_C113,120,150,21.993751525878906
R094_C114,120,150,21.993751525878906
R094_C115,120,150,19.40625
R094_C116,120,150,21.993751525878906
R094_C117,120,150,19.40625
R094_C118,120,150,21.993751525878906
R094_C119,120,150,19.40625
R094_C120,120,150,19.40625
R094_C121,120,150,21.993751525878906
R094_C122,120,150,21.993751525878906
R094_C123,120,150,19.40625
R094_C124,120,150,19.40625
R094_C125,120,150,19.40625
R094_C126,120,150,19.40625
R094_C127,120,150,19.40625
R094_C128,120,150,19.40625
R094_C129,120,150,21.993751525878906
R094_C130,120,150,19.40625
R094_C131,120,150,19.40625
R094_C132,120,150,23.287500381469727
R094_C133,120,150,21.993751525878906
R094_C134,120,150,23.287500381469727
R094_C135,120,150,19.40625
R094_C136,120,150,21.993751525878906
R095_C069,120,150,23.287500381469727
R095_C070,120,150,19.40625
R095_C071,120,150,23.287500381469727
R095_C072,120,150,21.993751525878906
R095_C073,120,150,21.993751525878906
R095_C074,120,150,23.287500381469727
R095_C075,120,150,23.287500381469727
R095_C076,120,150,23.287500381469727
R095_C077,120,150,23.287500381469727
R095_C078,120,150,23.287500381469727
R095_C079,120,150,23.287500381469727
R095_C080,120,150,19.40625
R095_C081,120,150,19.40625
R095_C082,120,150,19.40625
R095_C083,120,150,19.40625
R095_C084,120,150,21.993751525878906
R095_C085,120,150,21.993751525878906
R095_C086,120,150,19.40625
R095_C087,120,150,19.40625
R095_C088,120,150,19.40625
R095_C089,120,150,23.287500381469727
R095_C090,120,150,19.40625
R095_C091,120,150,19.40625
R095_C092,120,150,19.40625
R095_C093,120,150,19.40625
R095_C094,120,150,7.762500762939453
R095_C095,120,150,7.762500762939453
R095_C096,120,150,21.993751525878906
R095_C097,120,150,21.993751525878906
R095_C098,120,150,21.993751525878906
R095_C099,120,150,21.993751525878906
R095_C100,120,150,19.40625
R095_C101,120,150,21.993751525878906
R095_C102,120,150,19.40625
R095_C103,120,150,21.993751525878906
R095_C104,120,150,19.40625
R095_C105,120,150,21.993751525878906
R095_C106,120,150,21.993751525878906
R095_C107,120,150,19.40625
R095_C108,120,150,19.40625
R095_C109,120,150,19.40625
R095_C110,120,150,19.40625
R095_C111,120,150,19.40625
R095_C112,120,150,21.993751525878906
R095_C113,120,150,21.993751525878906
R095_C114,120,150,21.993751525878906
R095_C115,120,150,21.993751525878906
R095_C116,120,150,21.993751525878906
R095_C117,120,150,21.993751525878906
R095_C118,120,150,21.993751525878906
R095_C119,120,150,19.40625
R095_C120,120,150,19.40625
R095_C121,120,150,21.993751525878906
R095_C122,120,150,21.993751525878906
R095_C123,120,150,19.40625
R095_C124,120,150,19.40625
R095_C125,120,150,19.40625
R095_C126,120,150,19.40625
R095_C127,120,150,19.40625
R095_C128,120,150,19.40625
R095_C129,120,150,21.993751525878906
R095_C130,120,150,19.40625
R095_C131,120,150,19.40625
R095_C132,120,150,19.40625
R095_C133,120,150,19.40625
R095_C134,120,150,23.287500381469727
R095_C135,120,150,23.287500381469727
R095_C136,120,150,19.40625
R096_C069,120,150,19.40625
R096_C070,120,150,19.40625
R096_C071,120,150,19.40625
R096_C072,120,150,21.993751525878906
R096_C073,120,150,21.993751525878906
R096_C074,120,150,19.40625
R096_C075,120,150,19.40625
R096_C076,120,150,19.40625
R096_C077,120,150,23.287500381469727
R096_C078,120,150,23.287500381469727
R096_C079,120,150,19.40625
R096_C080,120,150,19.40625
R096_C081,120,150,19.40625
R096_C082,120,150,19.40625
R096_C083,120,150,19.40625
R096_C084,120,150,21.993751525878906
R096_C085,120,150,21.993751525878906
R096_C086,120,150,19.40625
R096_C087,120,150,19.40625
R096_C088,120,150,19.40625
R096_C089,120,150,19.40625
R096_C090,120,150,19.40625
R096_C091,120,150,19.40625
R096_C092,120,150,19.40625
R096_C093,120,150,19.40625
R096_C094,120,150,21.993751525878906
R096_C095,120,150,21.993751525878906
R096_C096,120,150,21.993751525878906
R096_C097,120,150,21.993751525878906
R096_C098,120,150,21.993751525878906
R096_C099,120,150,21.993751525878906
R096_C100,120,150,19.40625
R096_C101,120,150,23.287500381469727
R096_C102,120,150,21.993751525878906
R096_C103,120,150,21.993751525878906
R096_C104,120,150,19.40625
R096_C105,120,150,21.993751525878906
R096_C106,120,150,21.993751525878906
R096_C107,120,150,23.287500381469727
R096_C108,120,150,21.993751525878906
R096_C109,120,150,21.993751525878906
R096_C110,120,150,21.993751525878906
R096_C111,120,150,21.993751525878906
R096_C112,120,150,21.993751525878906
R096_C113,120,150,19.40625
R096_C114,120,150,19.40625
R096_C115,120,150,19.40625
R096_C116,120,150,21.993751525878906
R096_C117,120,150,21.993751525878906
R096_C118,120,150,21.993751525878906
R096_C119,120,150,21.993751525878906
R096_C120,120,150,21.993751525878906
R096_C121,120,150,21.993751525878906
R096_C122,120,150,21.993751525878906
R096_C123,120,150,19.40625
R096_C124,120,150,19.40625
R096_C125,120,150,19.40625
R096_C126,120,150,19.40625
R096_C127,120,150,19.40625
R096_C128,120,150,21.993751525878906
R096_C129,120,150,21.993751525878906
R096_C130,120,150,19.40625
R096_C131,120,150,19.40625
R096_C132,120,150,19.40625
R096_C133,120,150,19.40625
R096_C134,120,150,21.993751525878906
R096_C135,120,150,23.287500381469727
R096_C136,120,150,21.993751525878906
R097_C069,120,150,19.40625
R097_C070,120,150,19.40625
R097_C071,120,150,19.40625
R097_C072,120,150,21.993751525878906
R097_C073,120,150,19.40625
R097_C074,120,150,19.40625
R097_C075,120,150,19.40625
R097_C076,120,150,19.40625
R097_C077,120,150,23.287500381469727
R097_C078,120,150,19.40625
R097_C079,120,150,23.287500381469727
R097_C080,120,150,23.287500381469727
R097_C081,120,150,19.40625
R097_C082,120,150,19.40625
R097_C083,120,150,19.40625
R097_C084,120,150,21.993751525878906
R097_C085,120,150,21.993751525878906
R097_C086,120,150,19.40625
R097_C087,120,150,19.40625
R097_C088,120,150,19.40625
R097_C089,120,150,19.40625
R097_C090,120,150,19.40625
R097_C091,120,150,19.40625
R097_C092,120,150,19.40625
R097_C093,120,150,19.40625
R097_C094,120,150,19.40625
R097_C095,120,150,23.287500381469727
R097_C096,120,150,21.993751525878906
R097_C097,120,150,21.993751525878906
R097_C098,120,150,21.993751525878906
R097_C099,120,150,21.993751525878906
R097_C100,120,150,23.287500381469727
R097_C101,120,150,21.993751525878906
R097_C102,120,150,21.993751525878906
R097_C103,120,150,21.993751525878906
R097_C104,120,150,19.40625
R097_C105,120,150,21.993751525878906
R097_C106,120,150,23.287500381469727
R097_C107,120,150,23.287500381469727
R097_C108,120,150,19.40625
R097_C109,120,150,21.993751525878906
R097_C110,120,150,19.40625
R097_C111,120,150,21.993751525878906
R097_C112,120,150,23.287500381469727
R097_C113,120,150,19.40625
R097_C114,120,150,19.40625
R097_C115,120,150,23.287500381469727
R097_C116,120,150,21.993751525878906
R097_C117,120,150,21.993751525878906
R097_C118,120,150,21.993751525878906
R097_C119,120,150,19.40625
R097_C120,120,150,21.993751525878906
R097_C121,120,150,19.40625
R097_C122,120,150,21.993751525878906
R097_C123,120,150,19.40625
R097_C124,120,150,19.40625
R097_C125,120,150,19.40625
R097_C126,120,150,19.40625
R097_C127,120,150,19.40625
R097_C128,120,150,21.993751525878906
R097_C129,120,150,19.40625
R097_C130,120,150,19.40625
R097_C131,120,150,19.40625
R097_C132,120,150,19.40625
R097_C133,120,150,23.287500381469727
R097_C134,120,150,21.993751525878906
R097_C135,120,150,19.40625
R097_C136,120,150,19.40625
R098_C070,120,150,19.40625
R098_C071,120,150,21.993751525878906
R098_C072,120,150,21.993751525878906
R098_C073,120,150,19.40625
R098_C074,120,150,19.40625
R098_C075,120,150,19.40625
R098_C076,120,150,19.40625
R098_C077,120,150,23.287500381469727
R098_C078,120,150,7.762500762939453
R098_C079,120,150,23.287500381469727
R098_C080,120,150,19.40625
R098_C081,120,150,19.40625
R098_C082,120,150,19.40625
R098_C083,120,150,19.40625
R098_C084,120,150,21.993751525878906
R098_C085,120,150,19.40625
R098_C086,120,150,19.40625
R098_C087,120,150,19.40625
R098_C088,120,150,19.40625
R098_C089,120,150,19.40625
R098_C090,120,150,19.40625
R098_C091,120,150,19.40625
R098_C092,120,150,19.40625
R098_C093,120,150,19.40625
R098_C094,120,150,19.40625
R098_C095,120,150,19.40625
R098_C096,120,150,19.40625
R098_C097,120,150,19.40625
R098_C098,120,150,21.993751525878906
R098_C099,120,150,21.993751525878906
R098_C100,120,150,21.993751525878906
R098_C101,120,150,21.993751525878906
R098_C102,120,150,21.993751525878906
R098_C103,120,150,21.993751525878906
R098_C104,120,150,21.993751525878906
R098_C105,120,150,21.993751525878906
R098_C106,120,150,19.40625
R098_C107,120,150,23.287500381469727
R098_C108,120,150,19.40625
R098_C109,120,150,21.993751525878906
R098_C110,120,150,21.993751525878906
R098_C111,120,150,21.993751525878906
R098_C112,120,150,19.40625
R098_C113,120,150,19.40625
R098_C114,120,150,19.40625
R098_C115,120,150,23.287500381469727
R098_C116,120,150,21.993751525878906
R098_C117,120,150,21.993751525878906
R098_C118,120,150,21.993751525878906
R098_C119,120,150,19.40625
R098_C120,120,150,21.993751525878906
R098_C121,120,150,21.993751525878906
R098_C122,120,150,21.993751525878906
R098_C123,120,150,21.993751525878906
R098_C124,120,150,21.993751525878906
R098_C125,120,150,21.993751525878906
R098_C126,120,150,21.993751525878906
R098_C127,120,150,21.993751525878906
R098_C128,120,150,21.993751525878906
R098_C129,120,150,21.993751525878906
R098_C130,120,150,21.993751525878906
R098_C131,120,150,23.287500381469727
R098_C132,120,150,23.287500381469727
R098_C133,120,150,23.287500381469727
R098_C134,120,150,21.993751525878906
R098_C135,120,150,23.287500381469727
R098_C136,120,150,21.993751525878906
R099_C070,120,150,19.40625
R099_C071,120,150,19.40625
R099_C072,120,150,21.993751525878906
R099_C073,120,150,19.40625
R099_C074,120,150,19.40625
R099_C075,120,150,19.40625
R099_C076,120,150,19.40625
R099_C077,120,150,19.40625
R099_C078,120,150,19.40625
R099_C079,120,150,19.40625
R099_C080,120,150,19.40625
R099_C081,120,150,23.287500381469727
R099_C082,120,150,19.40625
R099_C083,120,150,21.993751525878906
R099_C084,120,150,21.993751525878906
R099_C085,120,150,23.287500381469727
R099_C086,120,150,19.40625
R099_C087,120,150,19.40625
R099_C088,120,150,19.40625
R099_C089,120,150,19.40625
R099_C090,120,150,19.40625
R099_C091,120,150,19.40625
R099_C092,120,150,19.40625
R099_C093,120,150,19.40625
R099_C094,120,150,21.993751525878906
R099_C095,120,150,23.287500381469727
R099_C096,120,150,21.993751525878906
R099_C097,120,150,23.287500381469727
R099_C098,120,150,23.287500381469727
R099_C099,120,150,21.993751525878906
R099_C100,120,150,21.993751525878906
R099_C101,120,150,19.40625
R099_C102,120,150,21.993751525878906
R099_C103,120,150,19.40625
R099_C104,120,150,21.993751525878906
R099_C105,120,150,21.993751525878906
R099_C106,120,150,21.993751525878906
R099_C107,120,150,21.993751525878906
R099_C108,120,150,21.993751525878906
R099_C109,120,150,21.993751525878906
R099_C110,120,150,21.993751525878906
R099_C111,120,150,19.40625
R099_C112,120,150,19.40625
R099_C113,120,150,19.40625
R099_C114,120,150,19.40625
R099_C115,120,150,23.287500381469727
R099_C116,120,150,23.287500381469727
R099_C117,120,150,21.993751525878906
R099_C118,120,150,21.993751525878906
R099_C119,120,150,19.40625
R099_C120,120,150,21.993751525878906
R099_C121,120,150,21.993751525878906
R099_C122,120,150,19.40625
R099_C123,120,150,21.993751525878906
R099_C124,120,150,19.40625
R099_C125,120,150,23.287500381469727
R099_C126,120,150,19.40625
R099_C127,120,150,19.40625
R099_C128,120,150,19.40625
R099_C129,120,150,21.993751525878906
R099_C130,120,150,21.993751525878906
R099_C131,120,150,21.993751525878906
R099_C132,120,150,21.993751525878906
R099_C133,120,150,21.993751525878906
R099_C134,120,150,21.993751525878906
R099_C135,120,150,19.40625
R099_C136,120,150,21.993751525878906
R100_C070,120,150,19.40625
R100_C071,120,150,23.287500381469727
R100_C072,120,150,21.993751525878906
R100_C073,120,150,19.40625
R100_C074,120,150,19.40625
R100_C075,120,150,19.40625
R100_C076,120,150,19.40625
R100_C077,120,150,23.287500381469727
R100_C078,120,150,23.287500381469727
R100_C079,120,150,19.40625
R100_C080,120,150,19.40625
R100_C081,120,150,19.40625
R100_C082,120,150,19.40625
R100_C083,120,150,21.993751525878906
R100_C084,120,150,21.993751525878906
R100_C085,120,150,19.40625
R100_C086,120,150,19.40625
R100_C087,120,150,19.40625
R100_C088,120,150,19.40625
R100_C089,120,150,19.40625
R100_C090,120,150,19.40625
R100_C091,120,150,19.40625
R100_C092,120,150,19.40625
R100_C093,120,150,19.40625
R100_C094,120,150,23.287500381469727
R100_C095,120,150,21.993751525878906
R100_C096,120,150,21.993751525878906
R100_C097,120,150,21.993751525878906
R100_C098,120,150,21.993751525878906
R100_C099,120,150,21.993751525878906
R100_C100,120,150,21.993751525878906
R100_C101,120,150,21.993751525878906
R100_C102,120,150,21.993751525878906
R100_C103,120,150,21.993751525878906
R100_C104,120,150,21.993751525878906
R100_C105,120,150,19.40625
R100_C106,120,150,19.40625
R100_C107,120,150,19.40625
R100_C108,120,150,19.40625
R100_C109,120,150,19.40625
R100_C110,120,150,21.993751525878906
R100_C111,120,150,19.40625
R100_C112,120,150,19.40625
R100_C113,120,150,23.287500381469727
R100_C114,120,150,23.287500381469727
R100_C115,120,150,19.40625
R100_C116,120,150,21.993751525878906
R100_C117,120,150,21.993751525878906
R100_C118,120,150,21.993751525878906
R100_C119,120,150,21.993751525878906
R100_C120,120,150,21.993751525878906
R100_C121,120,150,19.40625
R100_C122,120,150,19.40625
R100_C123,120,150,21.993751525878906
R100_C124,120,150,23.287500381469727
R100_C125,120,150,19.40625
R100_C126,120,150,19.40625
R100_C127,120,150,19.40625
R100_C128,120,150,19.40625
R100_C129,120,150,19.40625
R100_C130,120,150,21.993751525878906
R100_C131,120,150,19.40625
R100_C132,120,150,21.993751525878906
R100_C133,120,150,21.993751525878906
R100_C134,120,150,21.993751525878906
R100_C135,120,150,21.993751525878906
R100_C136,120,150,21.993751525878906
R101_C071,120,150,23.287500381469727
R101_C072,120,150,19.40625
R101_C073,120,150,23.287500381469727
R101_C074,120,150,19.40625
R101_C075,120,150,19.40625
R101_C076,120,150,19.40625
R101_C077,120,150,19.40625
R101_C078,120,150,19.40625
R101_C079,120,150,19.40625
R101_C080,120,150,19.40625
R101_C081,120,150,23.287500381469727
R101_C082,120,150,21.993751525878906
R101_C083,120,150,21.993751525878906
R101_C084,120,150,19.40625
R101_C085,120,150,19.40625
R101_C086,120,150,19.40625
R101_C087,120,150,19.40625
R101_C088,120,150,19.40625
R101_C089,120,150,19.40625
R101_C090,120,150,19.40625
R101_C091,120,150,19.40625
R101_C092,120,150,19.40625
R101_C093,120,150,19.40625
R101_C094,120,150,21.993751525878906
R101_C095,120,150,21.993751525878906
R101_C096,120,150,21.993751525878906
R101_C097,120,150,23.287500381469727
R101_C098,120,150,23.287500381469727
R101_C099,120,150,21.993751525878906
R101_C100,120,150,23.287500381469727
R101_C101,120,150,21.993751525878906
R101_C102,120,150,21.993751525878906
R101_C103,120,150,21.993751525878906
R101_C104,120,150,21.993751525878906
R101_C105,120,150,23.287500381469727
R101_C106,120,150,21.993751525878906
R101_C107,120,150,21.993751525878906
R101_C108,120,150,23.287500381469727
R101_C109,120,150,19.40625
R101_C110,120,150,21.993751525878906
R101_C111,120,150,21.993751525878906
R101_C112,120,150,19.40625
R101_C113,120,150,19.40625
R101_C114,120,150,23.287500381469727
R101_C115,120,150,19.40625
R101_C116,120,150,19.40625
R101_C117,120,150,21.993751525878906
R101_C118,120,150,21.993751525878906
R101_C119,120,150,21.993751525878906
R101_C120,120,150,19.40625
R101_C121,120,150,19.40625
R101_C122,120,150,19.40625
R101_C123,120,150,23.287500381469727
R101_C124,120,150,21.993751525878906
R101_C125,120,150,21.993751525878906
R101_C126,120,150,21.993751525878906
R101_C127,120,150,21.993751525878906
R101_C128,120,150,21.993751525878906
R101_C129,120,150,21.993751525878906
R101_C130,120,150,21.993751525878906
R101_C131,120,150,19.40625
R101_C132,120,150,19.40625
R101_C133,120,150,19.40625
R101_C134,120,150,21.993751525878906
R101_C135,120,150,21.993751525878906
R101_C136,120,150,21.993751525878906
R102_C072,120,150,23.287500381469727
R102_C073,120,150,23.287500381469727
R102_C074,120,150,23.287500381469727
R102_C075,120,150,19.40625
R102_C076,120,150,19.40625
R102_C077,120,150,19.40625
R102_C078,120,150,23.287500381469727
R102_C079,120,150,19.40625
R102_C080,120,150,23.287500381469727
R102_C081,120,150,21.993751525878906
R102_C082,120,150,21.993751525878906
R102_C083,120,150,19.40625
R102_C084,120,150,19.40625
R102_C085,120,150,19.40625
R102_C086,120,150,19.40625
R102_C087,120,150,19.40625
R102_C088,120,150,19.40625
R102_C089,120,150,19.40625
R102_C090,120,150,19.40625
R102_C091,120,150,19.40625
R102_C092,120,150,19.40625
R102_C093,120,150,23.287500381469727
R102_C094,120,150,21.993751525878906
R102_C095,120,150,23.287500381469727
R102_C096,120,150,21.993751525878906
R102_C097,120,150,21.993751525878906
R102_C098,120,150,21.993751525878906
R102_C099,120,150,21.993751525878906
R102_C100,120,150,21.993751525878906
R102_C101,120,150,21.993751525878906
R102_C102,120,150,23.287500381469727
R102_C103,120,150,21.993751525878906
R102_C104,120,150,21.993751525878906
R102_C105,120,150,21.993751525878906
R102_C106,120,150,23.287500381469727
R102_C107,120,150,21.993751525878906
R102_C108,120,150,19.40625
R102_C109,120,150,19.40625
R102_C110,120,150,21.993751525878906
R102_C111,120,150,19.40625
R102_C112,120,150,19.40625
R102_C113,120,150,19.40625
R102_C114,120,150,19.40625
R102_C115,120,150,23.287500381469727
R102_C116,120,150,21.993751525878906
R102_C117,120,150,21.993751525878906
R102_C118,120,150,21.993751525878906
R102_C119,120,150,19.40625
R102_C120,120,150,19.40625
R102_C121,120,150,19.40625
R102_C122,120,150,19.40625
R102_C123,120,150,19.40625
R102_C124,120,150,21.993751525878906
R102_C125,120,150,19.40625
R102_C126,120,150,19.40625
R102_C127,120,150,19.40625
R102_C128,120,150,19.40625
R102_C129,120,150,19.40625
R102_C130,120,150,19.40625
R102_C131,120,150,19.40625
R102_C132,120,150,19.40625
R102_C133,120,150,19.40625
R102_C134,120,150,19.40625
R102_C135,120,150,21.993751525878906
R102_C136,120,150,21.993751525878906
R103_C073,120,150,23.287500381469727
R103_C074,120,150,23.287500381469727
R103_C075,120,150,19.40625
R103_C076,120,150,19.40625
R103_C077,120,150,19.40625
R103_C078,120,150,19.40625
R103_C079,120,150,19.40625
R103_C080,120,150,19.40625
R103_C081,120,150,21.993751525878906
R103_C082,120,150,21.993751525878906
R103_C083,120,150,19.40625
R103_C084,120,150,19.40625
R103_C085,120,150,23.287500381469727
R103_C086,120,150,19.40625
R103_C087,120,150,19.40625
R103_C088,120,150,19.40625
R103_C089,120,150,19.40625
R103_C090,120,150,19.40625
R103_C091,120,150,19.40625
R103_C092,120,150,19.40625
R103_C093,120,150,23.287500381469727
R103_C094,120,150,21.993751525878906
R103_C095,120,150,21.993751525878906
R103_C096,120,150,21.993751525878906
R103_C097,120,150,21.993751525878906
R103_C098,120,150,21.993751525878906
R103_C099,120,150,21.993751525878906
R103_C100,120,150,21.993751525878906
R103_C101,120,150,23.287500381469727
R103_C102,120,150,19.40625
R103_C103,120,150,19.40625
R103_C104,120,150,21.993751525878906
R103_C105,120,150,21.993751525878906
R103_C106,120,150,21.993751525878906
R103_C107,120,150,21.993751525878906
R103_C108,120,150,19.40625
R103_C109,120,150,23.287500381469727
R103_C110,120,150,21.993751525878906
R103_C111,120,150,19.40625
R103_C112,120,150,19.40625
R103_C113,120,150,19.40625
R103_C114,120,150,19.40625
R103_C115,120,150,21.993751525878906
R103_C116,120,150,21.993751525878906
R103_C117,120,150,23.287500381469727
R103_C118,120,150,19.40625
R103_C119,120,150,19.40625
R103_C120,120,150,19.40625
R103_C121,120,150,19.40625
R103_C122,120,150,19.40625
R103_C123,120,150,19.40625
R103_C124,120,150,21.993751525878906
R103_C125,120,150,19.40625
R103_C126,120,150,19.40625
R103_C127,120,150,21.993751525878906
R103_C128,120,150,21.993751525878906
R103_C129,120,150,21.993751525878906
R103_C130,120,150,21.993751525878906
R103_C131,120,150,21.993751525878906
R103_C132,120,150,21.993751525878906
R103_C133,120,150,21.993751525878906
R103_C134,120,150,19.40625
R103_C135,120,150,19.40625
R103_C136,120,150,23.287500381469727
R104_C074,120,150,21.993751525878906
R104_C075,120,150,23.287500381469727
R104_C076,120,150,19.40625
R104_C077,120,150,23.287500381469727
R104_C078,120,150,19.40625
R104_C079,120,150,19.40625
R104_C080,120,150,21.993751525878906
R104_C081,120,150,23.287500381469727
R104_C082,120,150,19.40625
R104_C083,120,150,19.40625
R104_C084,120,150,19.40625
R104_C085,120,150,19.40625
R104_C086,120,150,19.40625
R104_C087,120,150,19.40625
R104_C088,120,150,19.40625
R104_C089,120,150,19.40625
R104_C090,120,150,19.40625
R104_C091,120,150,19.40625
R104_C092,120,150,19.40625
R104_C093,120,150,23.287500381469727
R104_C094,120,150,21.993751525878906
R104_C095,120,150,21.993751525878906
R104_C096,120,150,19.40625
R104_C097,120,150,19.40625
R104_C098,120,150,21.993751525878906
R104_C099,120,150,21.993751525878906
R104_C100,120,150,21.993751525878906
R104_C101,120,150,21.993751525878906
R104_C102,120,150,21.993751525878906
R104_C103,120,150,23.287500381469727
R104_C104,120,150,21.993751525878906
R104_C105,120,150,21.993751525878906
R104_C106,120,150,23.287500381469727
R104_C107,120,150,23.287500381469727
R104_C108,120,150,19.40625
R104_C109,120,150,19.40625
R104_C110,120,150,21.993751525878906
R104_C111,120,150,19.40625
R104_C112,120,150,19.40625
R104_C113,120,150,21.993751525878906
R104_C114,120,150,21.993751525878906
R104_C115,120,150,21.993751525878906
R104_C116,120,150,19.40625
R104_C117,120,150,23.287500381469727
R104_C118,120,150,19.40625
R104_C119,120,150,19.40625
R104_C120,120,150,19.40625
R104_C121,120,150,19.40625
R104_C122,120,150,19.40625
R104_C123,120,150,19.40625
R104_C124,120,150,21.993751525878906
R104_C125,120,150,21.993751525878906
R104_C126,120,150,21.993751525878906
R104_C127,120,150,23.287500381469727
R104_C128,120,150,21.993751525878906
R104_C129,120,150,21.993751525878906
R104_C130,120,150,19.40625
R104_C131,120,150,19.40625
R104_C132,120,150,19.40625
R104_C133,120,150,21.993751525878906
R104_C134,120,150,21.993751525878906
R105_C076,120,150,19.40625
R105_C077,120,150,19.40625
R105_C078,120,150,19.40625
R105_C079,120,150,19.40625
R105_C080,120,150,21.993751525878906
R105_C081,120,150,19.40625
R105_C082,120,150,19.40625
R105_C083,120,150,19.40625
R105_C084,120,150,23.287500381469727
R105_C085,120,150,23.287500381469727
R105_C086,120,150,19.40625
R105_C087,120,150,19.40625
R105_C088,120,150,19.40625
R105_C089,120,150,19.40625
R105_C090,120,150,19.40625
R105_C091,120,150,19.40625
R105_C092,120,150,19.40625
R105_C093,120,150,21.993751525878906
R105_C094,120,150,19.40625
R105_C095,120,150,19.40625
R105_C096,120,150,19.40625
R105_C097,120,150,19.40625
R105_C098,120,150,21.993751525878906
R105_C099,120,150,21.993751525878906
R105_C100,120,150,21.993751525878906
R105_C101,120,150,21.993751525878906
R105_C102,120,150,21.993751525878906
R105_C103,120,150,21.993751525878906
R105_C104,120,150,21.993751525878906
R105_C105,120,150,21.993751525878906
R105_C106,120,150,21.993751525878906
R105_C107,120,150,21.993751525878906
R105_C108,120,150,19.40625
R105_C109,120,150,19.40625
R105_C110,120,150,21.993751525878906
R105_C111,120,150,21.993751525878906
R105_C112,120,150,21.993751525878906
R105_C113,120,150,21.993751525878906
R105_C114,120,150,21.993751525878906
R105_C115,120,150,19.40625
R105_C116,120,150,23.287500381469727
R105_C117,120,150,19.40625
R105_C118,120,150,19.40625
R105_C119,120,150,19.40625
R105_C120,120,150,19.40625
R105_C121,120,150,21.993751525878906
R105_C122,120,150,21.993751525878906
R105_C123,120,150,21.993751525878906
R105_C124,120,150,21.993751525878906
R105_C125,120,150,19.40625
R105_C126,120,150,19.40625
R105_C127,120,150,19.40625
R105_C128,120,150,19.40625
R105_C129,120,150,19.40625
R105_C130,120,150,19.40625
R105_C131,120,150,19.40625
R105_C132,120,150,19.40625
R105_C133,120,150,19.40625
R106_C077,120,150,19.40625
R106_C078,120,150,19.40625
R106_C079,120,150,21.993751525878906
R106_C080,120,150,21.993751525878906
R106_C081,120,150,19.40625
R106_C082,120,150,19.40625
R106_C083,120,150,23.287500381469727
R106_C084,120,150,19.40625
R106_C085,120,150,19.40625
R106_C086,120,150,19.40625
R106_C087,120,150,19.40625
R106_C088,120,150,19.40625
R106_C089,120,150,19.40625
R106_C090,120,150,19.40625
R106_C091,120,150,19.40625
R106_C092,120,150,23.287500381469727
R106_C093,120,150,23.287500381469727
R106_C094,120,150,19.40625
R106_C095,120,150,19.40625
R106_C096,120,150,23.287500381469727
R106_C097,120,150,19.40625
R106_C098,120,150,21.993751525878906
R106_C099,120,150,21.993751525878906
R106_C100,120,150,21.993751525878906
R106_C101,120,150,19.40625
R106_C102,120,150,19.40625
R106_C103,120,150,19.40625
R106_C104,120,150,21.993751525878906
R106_C105,120,150,19.40625
R106_C106,120,150,19.40625
R106_C107,120,150,19.40625
R106_C108,120,150,19.40625
R106_C109,120,150,19.40625
R106_C110,120,150,21.993751525878906
R106_C111,120,150,21.993751525878906
R106_C112,120,150,21.993751525878906
R106_C113,120,150,19.40625
R106_C114,120,150,19.40625
R106_C115,120,150,19.40625
R106_C116,120,150,19.40625
R106_C117,120,150,19.40625
R106_C118,120,150,23.287500381469727
R106_C119,120,150,19.40625
R106_C120,120,150,21.993751525878906
R106_C121,120,150,21.993751525878906
R106_C122,120,150,21.993751525878906
R106_C123,120,150,19.40625
R106_C124,120,150,19.40625
R106_C125,120,150,19.40625
R106_C126,120,150,19.40625
R106_C127,120,150,19.40625
R106_C128,120,150,19.40625
R106_C129,120,150,19.40625
R106_C130,120,150,19.40625
R106_C131,120,150,19.40625
R107_C078,120,150,19.40625
R107_C079,120,150,21.993751525878906
R107_C080,120,150,21.993751525878906
R107_C081,120,150,19.40625
R107_C082,120,150,19.40625
R107_C083,120,150,19.40625
R107_C084,120,150,19.40625
R107_C085,120,150,19.40625
R107_C086,120,150,19.40625
R107_C087,120,150,19.40625
R107_C088,120,150,19.40625
R107_C089,120,150,19.40625
R107_C090,120,150,19.40625
R107_C091,120,150,19.40625
R107_C092,120,150,19.40625
R107_C093,120,150,19.40625
R107_C094,120,150,19.40625
R107_C095,120,150,19.40625
R107_C096,120,150,23.287500381469727
R107_C097,120,150,19.40625
R107_C098,120,150,21.993751525878906
R107_C099,120,150,19.40625
R107_C100,120,150,21.993751525878906
R107_C101,120,150,21.993751525878906
R107_C102,120,150,21.993751525878906
R107_C103,120,150,21.993751525878906
R107_C104,120,150,21.993751525878906
R107_C105,120,150,19.40625
R107_C106,120,150,19.40625
R107_C107,120,150,23.287500381469727
R107_C108,120,150,21.993751525878906
R107_C109,120,150,21.993751525878906
R107_C110,120,150,21.993751525878906
R107_C111,120,150,19.40625
R107_C112,120,150,21.993751525878906
R107_C113,120,150,19.40625
R107_C114,120,150,19.40625
R107_C115,120,150,19.40625
R107_C116,120,150,19.40625
R107_C117,120,150,19.40625
R107_C118,120,150,19.40625
R107_C119,120,150,21.993751525878906
R107_C120,120,150,21.993751525878906
R107_C121,120,150,21.993751525878906
R107_C122,120,150,19.40625
R107_C123,120,150,19.40625
R107_C124,120,150,19.40625
R107_C125,120,150,19.40625
R107_C126,120,150,19.40625
R107_C127,120,150,19.40625
R107_C128,120,150,19.40625
R107_C129,120,150,19.40625
R108_C080,120,150,21.993751525878906
R108_C081,120,150,19.40625
R108_C082,120,150,19.40625
R108_C083,120,150,19.40625
R108_C084,120,150,19.40625
R108_C085,120,150,19.40625
R108_C086,120,150,19.40625
R108_C087,120,150,19.40625
R108_C088,120,150,19.40625
R108_C089,120,150,19.40625
R108_C090,120,150,19.40625
R108_C091,120,150,23.287500381469727
R108_C092,120,150,19.40625
R108_C093,120,150,23.287500381469727
R108_C094,120,150,19.40625
R108_C095,120,150,23.287500381469727
R108_C096,120,150,19.40625
R108_C097,120,150,21.993751525878906
R108_C098,120,150,21.993751525878906
R108_C099,120,150,23.287500381469727
R108_C100,120,150,21.993751525878906
R108_C101,120,150,21.993751525878906
R108_C102,120,150,21.993751525878906
R108_C103,120,150,21.993751525878906
R108_C104,120,150,21.993751525878906
R108_C105,120,150,19.40625
R108_C106,120,150,19.40625
R108_C107,120,150,21.993751525878906
R108_C108,120,150,21.993751525878906
R108_C109,120,150,21.993751525878906
R108_C110,120,150,21.993751525878906
R108_C111,120,150,21.993751525878906
R108_C112,120,150,21.993751525878906
R108_C113,120,150,21.993751525878906
R108_C114,120,150,19.40625
R108_C115,120,150,19.40625
R108_C116,120,150,23.287500381469727
R108_C117,120,150,19.40625
R108_C118,120,150,21.993751525878906
R108_C119,120,150,21.993751525878906
R108_C120,120,150,21.993751525878906
R108_C121,120,150,19.40625
R108_C122,120,150,23.287500381469727
R108_C123,120,150,19.40625
R108_C124,120,150,19.40625
R108_C125,120,150,19.40625
R108_C126,120,150,19.40625
R108_C127,120,150,7.762500762939453
R109_C081,120,150,19.40625
R109_C082,120,150,19.40625
R109_C083,120,150,19.40625
R109_C084,120,150,19.40625
R109_C085,120,150,19.40625
R109_C086,120,150,19.40625
R109_C087,120,150,19.40625
R109_C088,120,150,19.40625
R109_C089,120,150,19.40625
R109_C090,120,150,19.40625
R109_C091,120,150,19.40625
R109_C092,120,150,23.287500381469727
R109_C093,120,150,23.287500381469727
R109_C094,120,150,19.40625
R109_C095,120,150,23.287500381469727
R109_C096,120,150,23.287500381469727
R109_C097,120,150,21.993751525878906
R109_C098,120,150,21.993751525878906
R109_C099,120,150,21.993751525878906
R109_C100,120,150,21.993751525878906
R109_C101,120,150,21.993751525878906
R109_C102,120,150,21.993751525878906
R109_C103,120,150,21.993751525878906
R109_C104,120,150,21.993751525878906
R109_C105,120,150,21.993751525878906
R109_C106,120,150,21.993751525878906
R109_C107,120,150,21.993751525878906
R109_C108,120,150,21.993751525878906
R109_C109,120,150,19.40625
R109_C110,120,150,19.40625
R109_C111,120,150,19.40625
R109_C112,120,150,21.993751525878906
R109_C113,120,150,21.993751525878906
R109_C114,120,150,21.993751525878906
R109_C115,120,150,21.993751525878906
R109_C116,120,150,19.40625
R109_C117,120,150,21.993751525878906
R109_C118,120,150,21.993751525878906
R109_C119,120,150,21.993751525878906
R109_C120,120,150,19.40625
R109_C121,120,150,19.40625
R109_C122,120,150,19.40625
R109_C123,120,150,19.40625
R109_C124,120,150,19.40625
R109_C125,120,150,7.762500762939453
R110_C082,120,150,19.40625
R110_C083,120,150,19.40625
R110_C084,120,150,19.40625
R110_C085,120,150,19.40625
R110_C086,120,150,19.40625
R110_C087,120,150,19.40625
R110_C088,120,150,19.40625
R110_C089,120,150,21.993751525878906
R110_C090,120,150,21.993751525878906
R110_C091,120,150,21.993751525878906
R110_C092,120,150,21.993751525878906
R110_C093,120,150,21.993751525878906
R110_C094,120,150,21.993751525878906
R110_C095,120,150,21.993751525878906
R110_C096,120,150,21.993751525878906
R110_C097,120,150,21.993751525878906
R110_C098,120,150,21.993751525878906
R110_C099,120,150,21.993751525878906
R110_C100,120,150,21.993751525878906
R110_C101,120,150,19.40625
R110_C102,120,150,19.40625
R110_C103,120,150,19.40625
R110_C104,120,150,21.993751525878906
R110_C105,120,150,21.993751525878906
R110_C106,120,150,21.993751525878906
R110_C107,120,150,19.40625
R110_C108,120,150,19.40625
R110_C109,120,150,19.40625
R110_C110,120,150,19.40625
R110_C111,120,150,19.40625
R110_C112,120,150,19.40625
R110_C113,120,150,19.40625
R110_C114,120,150,19.40625
R110_C115,120,150,19.40625
R110_C116,120,150,21.993751525878906
R110_C117,120,150,21.993751525878906
R110_C118,120,150,21.993751525878906
R110_C119,120,150,19.40625
R110_C120,120,150,19.40625
R110_C121,120,150,19.40625
R110_C122,120,150,19.40625
R110_C123,120,150,19.40625
R111_C083,120,150,19.40625
R111_C084,120,150,19.40625
R111_C085,120,150,19.40625
R111_C086,120,150,19.40625
R111_C087,120,150,19.40625
R111_C088,120,150,23.287500381469727
R111_C089,120,150,21.993751525878906
R111_C090,120,150,23.287500381469727
R111_C091,120,150,23.287500381469727
R111_C092,120,150,23.287500381469727
R111_C093,120,150,23.287500381469727
R111_C094,120,150,7.762500762939453
R111_C095,120,150,7.762500762939453
R111_C096,120,150,21.993751525878906
R111_C097,120,150,23.287500381469727
R111_C098,120,150,21.993751525878906
R111_C099,120,150,21.993751525878906
R111_C100,120,150,23.287500381469727
R111_C101,120,150,19.40625
R111_C102,120,150,19.40625
R111_C103,120,150,21.993751525878906
R111_C104,120,150,21.993751525878906
R111_C105,120,150,21.993751525878906
R111_C106,120,150,19.40625
R111_C107,120,150,19.40625
R111_C108,120,150,19.40625
R111_C109,120,150,19.40625
R111_C110,120,150,19.40625
R111_C111,120,150,19.40625
R111_C112,120,150,19.40625
R111_C113,120,150,19.40625
R111_C114,120,150,19.40625
R111_C115,120,150,21.993751525878906
R111_C116,120,150,21.993751525878906
R111_C117,120,150,21.993751525878906
R111_C118,120,150,19.40625
R111_C119,120,150,19.40625
R111_C120,120,150,19.40625
R111_C121,120,150,19.40625
R112_C085,120,150,19.40625
R112_C086,120,150,19.40625
R112_C087,120,150,23.287500381469727
R112_C088,120,150,21.993751525878906
R112_C089,120,150,21.993751525878906
R112_C090,120,150,21.993751525878906
R112_C091,120,150,21.993751525878906
R112_C092,120,150,21.993751525878906
R112_C093,120,150,21.993751525878906
R112_C094,120,150,21.993751525878906
R112_C095,120,150,21.993751525878906
R112_C096,120,150,21.993751525878906
R112_C097,120,150,23.287500381469727
R112_C098,120,150,21.993751525878906
R112_C099,120,150,23.287500381469727
R112_C100,120,150,21.993751525878906
R112_C101,120,150,23.287500381469727
R112_C102,120,150,21.993751525878906
R112_C103,120,150,21.993751525878906
R112_C104,120,150,21.993751525878906
R112_C105,120,150,19.40625
R112_C106,120,150,19.40625
R112_C107,120,150,19.40625
R112_C108,120,150,19.40625
R112_C109,120,150,19.40625
R112_C110,120,150,19.40625
R112_C111,120,150,19.40625
R112_C112,120,150,19.40625
R112_C113,120,150,19.40625
R112_C114,120,150,21.993751525878906
R112_C115,120,150,21.993751525878906
R112_C116,120,150,21.993751525878906
R112_C117,120,150,19.40625
R112_C118,120,150,19.40625
R112_C119,120,150,19.40625
R112_C120,120,150,19.40625
R113_C086,120,150,23.287500381469727
R113_C087,120,150,19.40625
R113_C088,120,150,19.40625
R113_C089,120,150,19.40625
R113_C090,120,150,23.287500381469727
R113_C091,120,150,21.993751525878906
R113_C092,120,150,21.993751525878906
R113_C093,120,150,23.287500381469727
R113_C094,120,150,23.287500381469727
R113_C095,120,150,23.287500381469727
R113_C096,120,150,23.287500381469727
R113_C097,120,150,23.287500381469727
R113_C098,120,150,21.993751525878906
R113_C099,120,150,19.40625
R113_C100,120,150,21.993751525878906
R113_C101,120,150,21.993751525878906
R113_C102,120,150,21.993751525878906
R113_C103,120,150,19.40625
R113_C104,120,150,19.40625
R113_C105,120,150,19.40625
R113_C106,120,150,19.40625
R113_C107,120,150,19.40625
R113_C108,120,150,19.40625
R113_C109,120,150,19.40625
R113_C110,120,150,19.40625
R113_C111,120,150,19.40625
R113_C112,120,150,19.40625
R113_C113,120,150,21.993751525878906
R113_C114,120,150,21.993751525878906
R113_C115,120,150,21.993751525878906
R113_C116,120,150,21.993751525878906
R113_C117,120,150,19.40625
R113_C118,120,150,19.40625
R114_C087,120,150,19.40625
R114_C088,120,150,21.993751525878906
R114_C089,120,150,23.287500381469727
R114_C090,120,150,23.287500381469727
R114_C091,120,150,23.287500381469727
R114_C092,120,150,19.40625
R114_C093,120,150,19.40625
R114_C094,120,150,23.287500381469727
R114_C095,120,150,23.287500381469727
R114_C096,120,150,21.993751525878906
R114_C097,120,150,19.40625
R114_C098,120,150,23.287500381469727
R114_C099,120,150,21.993751525878906
R114_C100,120,150,21.993751525878906
R114_C101,120,150,21.993751525878906
R114_C102,120,150,19.40625
R114_C103,120,150,19.40625
R114_C104,120,150,19.40625
R114_C105,120,150,19.40625
R114_C106,120,150,19.40625
R114_C107,120,150,19.40625
R114_C108,120,150,19.40625
R114_C109,120,150,19.40625
R114_C110,120,150,19.40625
R114_C111,120,150,19.40625
R114_C112,120,150,21.993751525878906
R114_C113,120,150,21.993751525878906
R114_C114,120,150,21.993751525878906
R114_C115,120,150,21.993751525878906
R114_C116,120,150,19.40625
R115_C089,120,150,21.993751525878906
R115_C090,120,150,21.993751525878906
R115_C091,120,150,21.993751525878906
R115_C092,120,150,21.993751525878906
R115_C093,120,150,21.993751525878906
R115_C094,120,150,21.993751525878906
R115_C095,120,150,21.993751525878906
R115_C096,120,150,21.993751525878906
R115_C097,120,150,23.287500381469727
R115_C098,120,150,21.993751525878906
R115_C099,120,150,21.993751525878906
R115_C100,120,150,21.993751525878906
R115_C101,120,150,19.40625
R115_C102,120,150,19.40625
R115_C103,120,150,19.40625
R115_C104,120,150,19.40625
R115_C105,120,150,19.40625
R115_C106,120,150,19.40625
R116_C090,120,150,19.40625
R116_C091,120,150,19.40625
R068_C090,150,180,13.387500762939453
R068_C091,150,180,11.8125
R068_C092,150,180,11.8125
R068_C093,150,180,11.8125
R068_C094,150,180,11.8125
R068_C095,150,180,11.8125
R068_C096,150,180,13.387500762939453
R068_C097,150,180,13.387500762939453
R068_C098,150,180,11.8125
R068_C099,150,180,11.8125
R068_C100,150,180,11.8125
R068_C101,150,180,11.8125
R068_C102,150,180,11.8125
R068_C103,150,180,4.725000381469727
R068_C104,150,180,4.725000381469727
R068_C105,150,180,11.8125
R068_C106,150,180,11.8125
R068_C107,150,180,11.8125
R068_C108,150,180,14.175000190734863
R068_C109,150,180,11.8125
R068_C110,150,180,13.387500762939453
R068_C111,150,180,14.175000190734863
R068_C112,150,180,14.175000190734863
R068_C113,150,180,14.175000190734863
R068_C114,150,180,13.387500762939453
R068_C115,150,180,13.387500762939453
R068_C116,150,180,13.387500762939453
R068_C117,150,180,11.8125
R068_C118,150,180,14.175000190734863
R068_C119,150,180,14.175000190734863
R068_C120,150,180,11.8125
R069_C082,150,180,11.8125
R069_C083,150,180,11.8125
R069_C084,150,180,14.175000190734863
R069_C085,150,180,13.387500762939453
R069_C086,150,180,11.8125
R069_C087,150,180,11.8125
R069_C088,150,180,13.387500762939453
R069_C089,150,180,13.387500762939453
R069_C090,150,180,13.387500762939453
R069_C091,150,180,11.8125
R069_C092,150,180,11.8125
R069_C093,150,180,11.8125
R069_C094,150,180,11.8125
R069_C095,150,180,13.387500762939453
R069_C096,150,180,13.387500762939453
R069_C097,150,180,11.8125
R069_C098,150,180,11.8125
R069_C099,150,180,11.8125
R069_C100,150,180,11.8125
R069_C101,150,180,11.8125
R069_C102,150,180,4.725000381469727
R069_C103,150,180,4.725000381469727
R069_C104,150,180,11.8125
R069_C105,150,180,11.8125
R069_C106,150,180,14.175000190734863
R069_C107,150,180,11.8125
R069_C108,150,180,14.175000190734863
R069_C109,150,180,11.8125
R069_C110,150,180,14.175000190734863
R069_C111,150,180,13.387500762939453
R069_C112,150,180,13.387500762939453
R069_C113,150,180,13.387500762939453
R069_C114,150,180,11.8125
R069_C115,150,180,14.175000190734863
R069_C116,150,180,13.387500762939453
R069_C117,150,180,14.175000190734863
R069_C118,150,180,14.175000190734863
R069_C119,150,180,13.387500762939453
R069_C120,150,180,13.387500762939453
R069_C121,150,180,13.387500762939453
R070_C081,150,180,14.175000190734863
R070_C082,150,180,13.387500762939453
R070_C083,150,180,11.8125
R070_C084,150,180,11.8125
R070_C085,150,180,14.175000190734863
R070_C086,150,180,13.387500762939453
R070_C087,150,180,13.387500762939453
R070_C088,150,180,13.387500762939453
R070_C089,150,180,13.387500762939453
R070_C090,150,180,13.387500762939453
R070_C091,150,180,11.8125
R070_C092,150,180,11.8125
R070_C093,150,180,11.8125
R070_C094,150,180,13.387500762939453
R070_C095,150,180,13.387500762939453
R070_C096,150,180,11.8125
R070_C097,150,180,11.8125
R070_C098,150,180,11.8125
R070_C099,150,180,11.8125
R070_C100,150,180,11.8125
R070_C101,150,180,4.725000381469727
R070_C102,150,180,4.725000381469727
R070_C103,150,180,4.725000381469727
R070_C104,150,180,11.8125
R070_C105,150,180,11.8125
R070_C106,150,180,11.8125
R070_C107,150,180,11.8125
R070_C108,150,180,11.8125
R070_C109,150,180,11.8125
R070_C110,150,180,14.175000190734863
R070_C111,150,180,11.8125
R070_C112,150,180,11.8125
R070_C113,150,180,14.175000190734863
R070_C114,150,180,14.175000190734863
R070_C115,150,180,14.175000190734863
R070_C116,150,180,13.387500762939453
R070_C117,150,180,14.175000190734863
R070_C118,150,180,11.8125
R070_C119,150,180,11.8125
R070_C120,150,180,11.8125
R070_C121,150,180,11.8125
R070_C122,150,180,11.8125
R071_C080,150,180,11.8125
R071_C081,150,180,11.8125
R071_C082,150,180,13.387500762939453
R071_C083,150,180,13.387500762939453
R071_C084,150,180,11.8125
R071_C085,150,180,14.175000190734863
R071_C086,150,180,13.387500762939453
R071_C087,150,180,13.387500762939453
R071_C088,150,180,13.387500762939453
R071_C089,150,180,13.387500762939453
R071_C090,150,180,13.387500762939453
R071_C091,150,180,11.8125
R071_C092,150,180,11.8125
R071_C093,150,180,13.387500762939453
R071_C094,150,180,13.387500762939453
R071_C095,150,180,11.8125
R071_C096,150,180,11.8125
R071_C097,150,180,11.8125
R071_C098,150,180,11.8125
R071_C099,150,180,11.8125
R071_C100,150,180,4.725000381469727
R071_C101,150,180,4.725000381469727
R071_C102,150,180,4.725000381469727
R071_C103,150,180,4.725000381469727
R071_C104,150,180,4.725000381469727
R071_C105,150,180,11.8125
R071_C106,150,180,11.8125
R071_C107,150,180,11.8125
R071_C108,150,180,11.8125
R071_C109,150,180,14.175000190734863
R071_C110,150,180,14.175000190734863
R071_C111,150,180,11.8125
R071_C112,150,180,11.8125
R071_C113,150,180,14.175000190734863
R071_C114,150,180,11.8125
R071_C115,150,180,11.8125
R071_C116,150,180,13.387500762939453
R071_C117,150,180,14.175000190734863
R071_C118,150,180,13.387500762939453
R071_C119,150,180,13.387500762939453
R071_C120,150,180,13.387500762939453
R071_C121,150,180,13.387500762939453
R071_C122,150,180,13.387500762939453
R071_C123,150,180,13.387500762939453
R072_C078,150,180,11.8125
R072_C079,150,180,11.8125
R072_C080,150,180,14.175000190734863
R072_C081,150,180,14.175000190734863
R072_C082,150,180,11.8125
R072_C083,150,180,13.387500762939453
R072_C084,150,180,13.387500762939453
R072_C085,150,180,13.387500762939453
R072_C086,150,180,11.8125
R072_C087,150,180,13.387500762939453
R072_C088,150,180,14.175000190734863
R072_C089,150,180,14.175000190734863
R072_C090,150,180,11.8125
R072_C091,150,180,11.8125
R072_C092,150,180,13.387500762939453
R072_C093,150,180,13.387500762939453
R072_C094,150,180,11.8125
R072_C095,150,180,11.8125
R072_C096,150,180,11.8125
R072_C097,150,180,11.8125
R072_C098,150,180,11.8125
R072_C099,150,180,4.725000381469727
R072_C100,150,180,4.725000381469727
R072_C101,150,180,4.725000381469727
R072_C102,150,180,4.725000381469727
R072_C103,150,180,4.725000381469727
R072_C104,150,180,4.725000381469727
R072_C105,150,180,11.8125
R072_C106,150,180,11.8125
R072_C107,150,180,14.175000190734863
R072_C108,150,180,11.8125
R072_C109,150,180,13.387500762939453
R072_C110,150,180,14.175000190734863
R072_C111,150,180,11.8125
R072_C112,150,180,13.387500762939453
R072_C113,150,180,13.387500762939453
R072_C114,150,180,13.387500762939453
R072_C115,150,180,13.387500762939453
R072_C116,150,180,13.387500762939453
R072_C117,150,180,13.387500762939453
R072_C118,150,180,14.175000190734863
R072_C119,150,180,11.8125
R072_C120,150,180,11.8125
R072_C121,150,180,11.8125
R072_C122,150,180,13.387500762939453
R072_C123,150,180,14.175000190734863
R072_C124,150,180,14.175000190734863
R073_C077,150,180,11.8125
R073_C078,150,180,11.8125
R073_C079,150,180,11.8125
R073_C080,150,180,11.8125
R073_C081,150,180,14.175000190734863
R073_C082,150,180,13.387500762939453
R073_C083,150,180,13.387500762939453
R073_C084,150,180,13.387500762939453
R073_C085,150,180,11.8125
R073_C086,150,180,11.8125
R073_C087,150,180,13.387500762939453
R073_C088,150,180,13.387500762939453
R073_C089,150,180,11.8125
R073_C090,150,180,11.8125
R073_C091,150,180,13.387500762939453
R073_C092,150,180,13.387500762939453
R073_C093,150,180,11.8125
R073_C094,150,180,11.8125
R073_C095,150,180,11.8125
R073_C096,150,180,11.8125
R073_C097,150,180,4.725000381469727
R073_C098,150,180,4.725000381469727
R073_C099,150,180,4.725000381469727
R073_C100,150,180,4.725000381469727
R073_C101,150,180,4.725000381469727
R073_C102,150,180,4.725000381469727
R073_C103,150,180,4.725000381469727
R073_C104,150,180,4.725000381469727
R073_C105,150,180,4.725000381469727
R073_C106,150,180,13.387500762939453
R073_C107,150,180,13.387500762939453
R073_C108,150,180,13.387500762939453
R073_C109,150,180,14.175000190734863
R073_C110,150,180,13.387500762939453
R073_C111,150,180,13.387500762939453
R073_C112,150,180,14.175000190734863
R073_C113,150,180,14.175000190734863
R073_C114,150,180,11.8125
R073_C115,150,180,14.175000190734863
R073_C116,150,180,11.8125
R073_C117,150,180,13.387500762939453
R073_C118,150,180,11.8125
R073_C119,150,180,11.8125
R073_C120,150,180,13.387500762939453
R073_C121,150,180,14.175000190734863
R073_C122,150,180,13.387500762939453
R073_C123,150,180,11.8125
R073_C124,150,180,14.175000190734863
R073_C125,150,180,13.387500762939453
R074_C076,150,180,11.8125
R074_C077,150,180,11.8125
R074_C078,150,180,11.8125
R074_C079,150,180,11.8125
R074_C080,150,180,13.387500762939453
R074_C081,150,180,13.387500762939453
R074_C082,150,180,13.387500762939453
R074_C083,150,180,14.175000190734863
R074_C084,150,180,13.387500762939453
R074_C085,150,180,13.387500762939453
R074_C086,150,180,14.175000190734863
R074_C087,150,180,11.8125
R074_C088,150,180,11.8125
R074_C089,150,180,11.8125
R074_C090,150,180,11.8125
R074_C091,150,180,13.387500762939453
R074_C092,150,180,11.8125
R074_C093,150,180,11.8125
R074_C094,150,180,11.8125
R074_C095,150,180,11.8125
R074_C096,150,180,4.725000381469727
R074_C097,150,180,4.725000381469727
R074_C098,150,180,4.725000381469727
R074_C099,150,180,11.8125
R074_C100,150,180,4.725000381469727
R074_C101,150,180,4.725000381469727
R074_C102,150,180,4.725000381469727
R074_C103,150,180,4.725000381469727
R074_C104,150,180,4.725000381469727
R074_C105,150,180,4.725000381469727
R074_C106,150,180,13.387500762939453
R074_C107,150,180,11.8125
R074_C108,150,180,13.387500762939453
R074_C109,150,180,14.175000190734863
R074_C110,150,180,11.8125
R074_C111,150,180,11.8125
R074_C112,150,180,11.8125
R074_C113,150,180,14.175000190734863
R074_C114,150,180,14.175000190734863
R074_C115,150,180,11.8125
R074_C116,150,180,14.175000190734863
R074_C117,150,180,13.387500762939453
R074_C118,150,180,14.175000190734863
R074_C119,150,180,11.8125
R074_C120,150,180,14.175000190734863
R074_C121,150,180,13.387500762939453
R074_C122,150,180,13.387500762939453
R074_C123,150,180,13.387500762939453
R074_C124,150,180,13.387500762939453
R074_C125,150,180,13.387500762939453
R074_C126,150,180,13.387500762939453
R075_C074,150,180,13.387500762939453
R075_C075,150,180,13.387500762939453
R075_C076,150,180,11.8125
R075_C077,150,180,11.8125
R075_C078,150,180,13.387500762939453
R075_C079,150,180,13.387500762939453
R075_C080,150,180,13.387500762939453
R075_C081,150,180,11.8125
R075_C082,150,180,14.175000190734863
R075_C083,150,180,14.175000190734863
R075_C084,150,180,13.387500762939453
R075_C085,150,180,14.175000190734863
R075_C086,150,180,13.387500762939453
R075_C087,150,180,13.387500762939453
R075_C088,150,180,11.8125
R075_C089,150,180,11.8125
R075_C090,150,180,13.387500762939453
R075_C091,150,180,13.387500762939453
R075_C092,150,180,11.8125
R075_C093,150,180,11.8125
R075_C094,150,180,11.8125
R075_C095,150,180,11.8125
R075_C096,150,180,4.725000381469727
R075_C097,150,180,11.8125
R075_C098,150,180,4.725000381469727
R075_C099,150,180,4.725000381469727
R075_C100,150,180,4.725000381469727
R075_C101,150,180,4.725000381469727
R075_C102,150,180,4.725000381469727
R075_C103,150,180,4.725000381469727
R075_C104,150,180,4.725000381469727
R075_C105,150,180,4.725000381469727
R075_C106,150,180,13.387500762939453
R075_C107,150,180,11.8125
R075_C108,150,180,13.387500762939453
R075_C109,150,180,14.175000190734863
R075_C110,150,180,11.8125
R075_C111,150,180,11.8125
R075_C112,150,180,13.387500762939453
R075_C113,150,180,13.387500762939453
R075_C114,150,180,13.387500762939453
R075_C115,150,180,14.175000190734863
R075_C116,150,180,13.387500762939453
R075_C117,150,180,13.387500762939453
R075_C118,150,180,13.387500762939453
R075_C119,150,180,13.387500762939453
R075_C120,150,180,13.387500762939453
R075_C121,150,180,13.387500762939453
R075_C122,150,180,14.175000190734863
R075_C123,150,180,11.8125
R075_C124,150,180,14.175000190734863
R075_C125,150,180,14.175000190734863
R075_C126,150,180,13.387500762939453
R075_C127,150,180,14.175000190734863
R076_C073,150,180,14.175000190734863
R076_C074,150,180,14.175000190734863
R076_C075,150,180,13.387500762939453
R076_C076,150,180,13.387500762939453
R076_C077,150,180,13.387500762939453
R076_C078,150,180,13.387500762939453
R076_C079,150,180,11.8125
R076_C080,150,180,11.8125
R076_C081,150,180,14.175000190734863
R076_C082,150,180,14.175000190734863
R076_C083,150,180,13.387500762939453
R076_C084,150,180,14.175000190734863
R076_C085,150,180,11.8125
R076_C086,150,180,11.8125
R076_C087,150,180,13.387500762939453
R076_C088,150,180,14.175000190734863
R076_C089,150,180,13.387500762939453
R076_C090,150,180,13.387500762939453
R076_C091,150,180,11.8125
R076_C092,150,180,11.8125
R076_C093,150,180,11.8125
R076_C094,150,180,11.8125
R076_C095,150,180,4.725000381469727
R076_C096,150,180,13.387500762939453
R076_C097,150,180,13.387500762939453
R076_C098,150,180,13.387500762939453
R076_C099,150,180,4.725000381469727
R076_C100,150,180,11.8125
R076_C101,150,180,4.725000381469727
R076_C102,150,180,4.725000381469727
R076_C103,150,180,4.725000381469727
R076_C104,150,180,4.725000381469727
R076_C105,150,180,4.725000381469727
R076_C106,150,180,13.387500762939453
R076_C107,150,180,11.8125
R076_C108,150,180,13.387500762939453
R076_C109,150,180,14.175000190734863
R076_C110,150,180,14.175000190734863
R076_C111,150,180,14.175000190734863
R076_C112,150,180,13.387500762939453
R076_C113,150,180,11.8125
R076_C114,150,180,11.8125
R076_C115,150,180,11.8125
R076_C116,150,180,11.8125
R076_C117,150,180,13.387500762939453
R076_C118,150,180,13.387500762939453
R076_C119,150,180,11.8125
R076_C120,150,180,11.8125
R076_C121,150,180,13.387500762939453
R076_C122,150,180,11.8125
R076_C123,150,180,14.175000190734863
R076_C124,150,180,11.8125
R076_C125,150,180,13.387500762939453
R076_C126,150,180,13.387500762939453
R076_C127,150,180,11.8125
R076_C128,150,180,11.8125
R077_C072,150,180,13.387500762939453
R077_C073,150,180,13.387500762939453
R077_C074,150,180,13.387500762939453
R077_C075,150,180,13.387500762939453
R077_C076,150,180,13.387500762939453
R077_C077,150,180,11.8125
R077_C078,150,180,11.8125
R077_C079,150,180,11.8125
R077_C080,150,180,11.8125
R077_C081,150,180,14.175000190734863
R077_C082,150,180,13.387500762939453
R077_C083,150,180,13.387500762939453
R077_C084,150,180,13.387500762939453
R077_C085,150,180,11.8125
R077_C086,150,180,11.8125
R077_C087,150,180,11.8125
R077_C088,150,180,11.8125
R077_C089,150,180,13.387500762939453
R077_C090,150,180,11.8125
R077_C091,150,180,11.8125
R077_C092,150,180,11.8125
R077_C093,150,180,11.8125
R077_C094,150,180,4.725000381469727
R077_C095,150,180,4.725000381469727
R077_C096,150,180,13.387500762939453
R077_C097,150,180,11.8125
R077_C098,150,180,14.175000190734863
R077_C099,150,180,4.725000381469727
R077_C100,150,180,11.8125
R077_C101,150,180,4.725000381469727
R077_C102,150,180,4.725000381469727
R077_C103,150,180,4.725000381469727
R077_C104,150,180,4.725000381469727
R077_C105,150,180,11.8125
R077_C106,150,180,13.387500762939453
R077_C107,150,180,14.175000190734863
R077_C108,150,180,13.387500762939453
R077_C109,150,180,14.175000190734863
R077_C110,150,180,14.175000190734863
R077_C111,150,180,11.8125
R077_C112,150,180,13.387500762939453
R077_C113,150,180,13.387500762939453
R077_C114,150,180,13.387500762939453
R077_C115,150,180,13.387500762939453
R077_C116,150,180,13.387500762939453
R077_C117,150,180,13.387500762939453
R077_C118,150,180,13.387500762939453
R077_C119,150,180,11.8125
R077_C120,150,180,14.175000190734863
R077_C121,150,180,14.175000190734863
R077_C122,150,180,11.8125
R077_C123,150,180,14.175000190734863
R077_C124,150,180,11.8125
R077_C125,150,180,11.8125
R077_C126,150,180,13.387500762939453
R077_C127,150,180,11.8125
R077_C128,150,180,11.8125
R077_C129,150,180,11.8125
R078_C071,150,180,11.8125
R078_C072,150,180,14.175000190734863
R078_C073,150,180,11.8125
R078_C074,150,180,11.8125
R078_C075,150,180,11.8125
R078_C076,150,180,13.387500762939453
R078_C077,150,180,11.8125
R078_C078,150,180,11.8125
R078_C079,150,180,4.725000381469727
R078_C080,150,180,4.725000381469727
R078_C081,150,180,13.387500762939453
R078_C082,150,180,13.387500762939453
R078_C083,150,180,13.387500762939453
R078_C084,150,180,14.175000190734863
R078_C085,150,180,14.175000190734863
R078_C086,150,180,11.8125
R078_C087,150,180,11.8125
R078_C088,150,180,11.8125
R078_C089,150,180,13.387500762939453
R078_C090,150,180,11.8125
R078_C091,150,180,11.8125
R078_C092,150,180,11.8125
R078_C093,150,180,11.8125
R078_C094,150,180,4.725000381469727
R078_C095,150,180,14.175000190734863
R078_C096,150,180,13.387500762939453
R078_C097,150,180,14.175000190734863
R078_C098,150,180,14.175000190734863
R078_C099,150,180,4.725000381469727
R078_C100,150,180,11.8125
R078_C101,150,180,11.8125
R078_C102,150,180,11.8125
R078_C103,150,180,11.8125
R078_C104,150,180,14.175000190734863
R078_C105,150,180,11.8125
R078_C106,150,180,13.387500762939453
R078_C107,150,180,11.8125
R078_C108,150,180,13.387500762939453
R078_C109,150,180,14.175000190734863
R078_C110,150,180,13.387500762939453
R078_C111,150,180,11.8125
R078_C112,150,180,13.387500762939453
R078_C113,150,180,13.387500762939453
R078_C114,150,180,13.387500762939453
R078_C115,150,180,13.387500762939453
R078_C116,150,180,13.387500762939453
R078_C117,150,180,14.175000190734863
R078_C118,150,180,13.387500762939453
R078_C119,150,180,14.175000190734863
R078_C120,150,180,11.8125
R078_C121,150,180,13.387500762939453
R078_C122,150,180,14.175000190734863
R078_C123,150,180,11.8125
R078_C124,150,180,13.387500762939453
R078_C125,150,180,11.8125
R078_C126,150,180,13.387500762939453
R078_C127,150,180,13.387500762939453
R078_C128,150,180,11.8125
R078_C129,150,180,11.8125
R078_C130,150,180,11.8125
R079_C069,150,180,13.387500762939453
R079_C070,150,180,13.387500762939453
R079_C071,150,180,13.387500762939453
R079_C072,150,180,13.387500762939453
R079_C073,150,180,13.387500762939453
R079_C074,150,180,13.387500762939453
R079_C075,150,180,13.387500762939453
R079_C076,150,180,13.387500762939453
R079_C077,150,180,13.387500762939453
R079_C078,150,180,4.725000381469727
R079_C079,150,180,4.725000381469727
R079_C080,150,180,13.387500762939453
R079_C081,150,180,13.387500762939453
R079_C082,150,180,11.8125
R079_C083,150,180,14.175000190734863
R079_C084,150,180,14.175000190734863
R079_C085,150,180,11.8125
R079_C086,150,180,14.175000190734863
R079_C087,150,180,11.8125
R079_C088,150,180,11.8125
R079_C089,150,180,11.8125
R079_C090,150,180,11.8125
R079_C091,150,180,11.8125
R079_C092,150,180,11.8125
R079_C093,150,180,4.725000381469727
R079_C094,150,180,13.387500762939453
R079_C095,150,180,13.387500762939453
R079_C096,150,180,13.387500762939453
R079_C097,150,180,13.387500762939453
R079_C098,150,180,13.387500762939453
R079_C099,150,180,4.725000381469727
R079_C100,150,180,4.725000381469727
R079_C101,150,180,11.8125
R079_C102,150,180,11.8125
R079_C103,150,180,11.8125
R079_C104,150,180,14.175000190734863
R079_C105,150,180,11.8125
R079_C106,150,180,13.387500762939453
R079_C107,150,180,14.175000190734863
R079_C108,150,180,13.387500762939453
R079_C109,150,180,14.175000190734863
R079_C110,150,180,13.387500762939453
R079_C111,150,180,13.387500762939453
R079_C112,150,180,13.387500762939453
R079_C113,150,180,11.8125
R079_C114,150,180,11.8125
R079_C115,150,180,11.8125
R079_C116,150,180,14.175000190734863
R079_C117,150,180,14.175000190734863
R079_C118,150,180,13.387500762939453
R079_C119,150,180,13.387500762939453
R079_C120,150,180,13.387500762939453
R079_C121,150,180,13.387500762939453
R079_C122,150,180,13.387500762939453
R079_C123,150,180,13.387500762939453
R079_C124,150,180,13.387500762939453
R079_C125,150,180,14.175000190734863
R079_C126,150,180,13.387500762939453
R079_C127,150,180,13.387500762939453
R079_C128,150,180,11.8125
R079_C129,150,180,11.8125
R079_C130,150,180,11.8125
R079_C131,150,180,11.8125
R079_C132,150,180,11.8125
R080_C068,150,180,13.387500762939453
R080_C069,150,180,13.387500762939453
R080_C070,150,180,11.8125
R080_C071,150,180,14.175000190734863
R080_C072,150,180,14.175000190734863
R080_C073,150,180,11.8125
R080_C074,150,180,11.8125
R080_C075,150,180,11.8125
R080_C076,150,180,13.387500762939453
R080_C077,150,180,13.387500762939453
R080_C078,150,180,11.8125
R080_C079,150,180,13.387500762939453
R080_C080,150,180,13.387500762939453
R080_C081,150,180,13.387500762939453
R080_C082,150,180,11.8125
R080_C083,150,180,13.387500762939453
R080_C084,150,180,13.387500762939453
R080_C085,150,180,11.8125
R080_C086,150,180,14.175000190734863
R080_C087,150,180,11.8125
R080_C088,150,180,11.8125
R080_C089,150,180,11.8125
R080_C090,150,180,11.8125
R080_C091,150,180,11.8125
R080_C092,150,180,11.8125
R080_C093,150,180,4.725000381469727
R080_C094,150,180,14.175000190734863
R080_C095,150,180,13.387500762939453
R080_C096,150,180,13.387500762939453
R080_C097,150,180,13.387500762939453
R080_C098,150,180,13.387500762939453
R080_C099,150,180,4.725000381469727
R080_C100,150,180,14.175000190734863
R080_C101,150,180,14.175000190734863
R080_C102,150,180,11.8125
R080_C103,150,180,11.8125
R080_C104,150,180,11.8125
R080_C105,150,180,11.8125
R080_C106,150,180,13.387500762939453
R080_C107,150,180,13.387500762939453
R080_C108,150,180,13.387500762939453
R080_C109,150,180,13.387500762939453
R080_C110,150,180,13.387500762939453
R080_C111,150,180,13.387500762939453
R080_C112,150,180,14.175000190734863
R080_C113,150,180,11.8125
R080_C114,150,180,14.175000190734863
R080_C115,150,180,11.8125
R080_C116,150,180,11.8125
R080_C117,150,180,13.387500762939453
R080_C118,150,180,14.175000190734863
R080_C119,150,180,13.387500762939453
R080_C120,150,180,13.387500762939453
R080_C121,150,180,11.8125
R080_C122,150,180,13.387500762939453
R080_C123,150,180,14.175000190734863
R080_C124,150,180,11.8125
R080_C125,150,180,11.8125
R080_C126,150,180,11.8125
R080_C127,150,180,13.387500762939453
R080_C128,150,180,11.8125
R080_C129,150,180,11.8125
R080_C130,150,180,11.8125
R080_C131,150,180,11.8125
R080_C132,150,180,11.8125
R080_C133,150,180,11.8125
R081_C067,150,180,13.387500762939453
R081_C068,150,180,13.387500762939453
R081_C069,150,180,4.725000381469727
R081_C070,150,180,14.175000190734863
R081_C071,150,180,11.8125
R081_C072,150,180,11.8125
R081_C073,150,180,14.175000190734863
R081_C074,150,180,11.8125
R081_C075,150,180,13.387500762939453
R081_C076,150,180,13.387500762939453
R081_C077,150,180,13.387500762939453
R081_C078,150,180,13.387500762939453
R081_C079,150,180,13.387500762939453
R081_C080,150,180,13.387500762939453
R081_C081,150,180,13.387500762939453
R081_C082,150,180,11.8125
R081_C083,150,180,14.175000190734863
R081_C084,150,180,13.387500762939453
R081_C085,150,180,11.8125
R081_C086,150,180,11.8125
R081_C087,150,180,11.8125
R081_C088,150,180,11.8125
R081_C089,150,180,11.8125
R081_C090,150,180,11.8125
R081_C091,150,180,11.8125
R081_C092,150,180,11.8125
R081_C093,150,180,4.725000381469727
R081_C094,150,180,11.8125
R081_C095,150,180,11.8125
R081_C096,150,180,13.387500762939453
R081_C097,150,180,13.387500762939453
R081_C098,150,180,11.8125
R081_C099,150,180,13.387500762939453
R081_C100,150,180,14.175000190734863
R081_C101,150,180,14.175000190734863
R081_C102,150,180,14.175000190734863
R081_C103,150,180,14.175000190734863
R081_C104,150,180,14.175000190734863
R081_C105,150,180,14.175000190734863
R081_C106,150,180,13.387500762939453
R081_C107,150,180,14.175000190734863
R081_C108,150,180,13.387500762939453
R081_C109,150,180,13.387500762939453
R081_C110,150,180,14.175000190734863
R081_C111,150,180,13.387500762939453
R081_C112,150,180,11.8125
R081_C113,150,180,13.387500762939453
R081_C114,150,180,13.387500762939453
R081_C115,150,180,13.387500762939453
R081_C116,150,180,13.387500762939453
R081_C117,150,180,13.387500762939453
R081_C118,150,180,11.8125
R081_C119,150,180,13.387500762939453
R081_C120,150,180,13.387500762939453
R081_C121,150,180,14.175000190734863
R081_C122,150,180,13.387500762939453
R081_C123,150,180,14.175000190734863
R081_C124,150,180,13.387500762939453
R081_C125,150,180,13.387500762939453
R081_C126,150,180,13.387500762939453
R081_C127,150,180,13.387500762939453
R081_C128,150,180,11.8125
R081_C129,150,180,11.8125
R081_C130,150,180,11.8125
R081_C131,150,180,11.8125
R081_C132,150,180,11.8125
R081_C133,150,180,11.8125
R081_C134,150,180,11.8125
R082_C068,150,180,13.387500762939453
R082_C069,150,180,13.387500762939453
R082_C070,150,180,13.387500762939453
R082_C071,150,180,13.387500762939453
R082_C072,150,180,13.387500762939453
R082_C073,150,180,13.387500762939453
R082_C074,150,180,13.387500762939453
R082_C075,150,180,13.387500762939453
R082_C076,150,180,13.387500762939453
R082_C077,150,180,13.387500762939453
R082_C078,150,180,13.387500762939453
R082_C079,150,180,13.387500762939453
R082_C080,150,180,11.8125
R082_C081,150,180,14.175000190734863
R082_C082,150,180,13.387500762939453
R082_C083,150,180,13.387500762939453
R082_C084,150,180,13.387500762939453
R082_C085,150,180,13.387500762939453
R082_C086,150,180,13.387500762939453
R082_C087,150,180,11.8125
R082_C088,150,180,11.8125
R082_C089,150,180,11.8125
R082_C090,150,180,11.8125
R082_C091,150,180,11.8125
R082_C092,150,180,4.725000381469727
R082_C093,150,180,13.387500762939453
R082_C094,150,180,14.175000190734863
R082_C095,150,180,13.387500762939453
R082_C096,150,180,13.387500762939453
R082_C097,150,180,13.387500762939453
R082_C098,150,180,11.8125
R082_C099,150,180,4.725000381469727
R082_C100,150,180,14.175000190734863
R082_C101,150,180,14.175000190734863
R082_C102,150,180,14.175000190734863
R082_C103,150,180,14.175000190734863
R082_C104,150,180,14.175000190734863
R082_C105,150,180,14.175000190734863
R082_C106,150,180,14.175000190734863
R082_C107,150,180,14.175000190734863
R082_C108,150,180,14.175000190734863
R082_C109,150,180,13.387500762939453
R082_C110,150,180,14.175000190734863
R082_C111,150,180,13.387500762939453
R082_C112,150,180,14.175000190734863
R082_C113,150,180,13.387500762939453
R082_C114,150,180,13.387500762939453
R082_C115,150,180,11.8125
R082_C116,150,180,11.8125
R082_C117,150,180,13.387500762939453
R082_C118,150,180,14.175000190734863
R082_C119,150,180,13.387500762939453
R082_C120,150,180,14.175000190734863
R082_C121,150,180,13.387500762939453
R082_C122,150,180,14.175000190734863
R082_C123,150,180,13.387500762939453
R082_C124,150,180,4.725000381469727
R082_C125,150,180,13.387500762939453
R082_C126,150,180,11.8125
R082_C127,150,180,13.387500762939453
R082_C128,150,180,14.175000190734863
R082_C129,150,180,11.8125
R082_C130,150,180,11.8125
R082_C131,150,180,11.8125
R082_C132,150,180,11.8125
R082_C133,150,180,11.8125
R082_C134,150,180,11.8125
R082_C135,150,180,11.8125
R083_C068,150,180,14.175000190734863
R083_C069,150,180,11.8125
R083_C070,150,180,14.175000190734863
R083_C071,150,180,11.8125
R083_C072,150,180,14.175000190734863
R083_C073,150,180,13.387500762939453
R083_C074,150,180,13.387500762939453
R083_C075,150,180,14.175000190734863
R083_C076,150,180,11.8125
R083_C077,150,180,14.175000190734863
R083_C078,150,180,13.387500762939453
R083_C079,150,180,13.387500762939453
R083_C080,150,180,13.387500762939453
R083_C081,150,180,13.387500762939453
R083_C082,150,180,14.175000190734863
R083_C083,150,180,13.387500762939453
R083_C084,150,180,13.387500762939453
R083_C085,150,180,13.387500762939453
R083_C086,150,180,11.8125
R083_C087,150,180,11.8125
R083_C088,150,180,11.8125
R083_C089,150,180,11.8125
R083_C090,150,180,11.8125
R083_C091,150,180,11.8125
R083_C092,150,180,4.725000381469727
R083_C093,150,180,13.387500762939453
R083_C094,150,180,14.175000190734863
R083_C095,150,180,13.387500762939453
R083_C096,150,180,13.387500762939453
R083_C097,150,180,13.387500762939453
R083_C098,150,180,11.8125
R083_C099,150,180,4.725000381469727
R083_C100,150,180,14.175000190734863
R083_C101,150,180,13.387500762939453
R083_C102,150,180,14.175000190734863
R083_C103,150,180,11.8125
R083_C104,150,180,11.8125
R083_C105,150,180,11.8125
R083_C106,150,180,13.387500762939453
R083_C107,150,180,14.175000190734863
R083_C108,150,180,13.387500762939453
R083_C109,150,180,13.387500762939453
R083_C110,150,180,14.175000190734863
R083_C111,150,180,13.387500762939453
R083_C112,150,180,11.8125
R083_C113,150,180,13.387500762939453
R083_C114,150,180,14.175000190734863
R083_C115,150,180,13.387500762939453
R083_C116,150,180,13.387500762939453
R083_C117,150,180,13.387500762939453
R083_C118,150,180,14.175000190734863
R083_C119,150,180,13.387500762939453
R083_C120,150,180,14.175000190734863
R083_C121,150,180,13.387500762939453
R083_C122,150,180,11.8125
R083_C123,150,180,13.387500762939453
R083_C124,150,180,4.725000381469727
R083_C125,150,180,13.387500762939453
R083_C126,150,180,14.175000190734863
R083_C127,150,180,13.387500762939453
R083_C128,150,180,13.387500762939453
R083_C129,150,180,11.8125
R083_C130,150,180,11.8125
R083_C131,150,180,11.8125
R083_C132,150,180,11.8125
R083_C133,150,180,11.8125
R083_C134,150,180,11.8125
R083_C135,150,180,14.175000190734863
R083_C136,150,180,13.387500762939453
R084_C068,150,180,14.175000190734863
R084_C069,150,180,11.8125
R084_C070,150,180,14.175000190734863
R084_C071,150,180,14.175000190734863
R084_C072,150,180,14.175000190734863
R084_C073,150,180,13.387500762939453
R084_C074,150,180,14.175000190734863
R084_C075,150,180,14.175000190734863
R084_C076,150,180,11.8125
R084_C077,150,180,14.175000190734863
R084_C078,150,180,14.175000190734863
R084_C079,150,180,13.387500762939453
R084_C080,150,180,13.387500762939453
R084_C081,150,180,13.387500762939453
R084_C082,150,180,14.175000190734863
R084_C083,150,180,14.175000190734863
R084_C084,150,180,13.387500762939453
R084_C085,150,180,11.8125
R084_C086,150,180,11.8125
R084_C087,150,180,11.8125
R084_C088,150,180,11.8125
R084_C089,150,180,11.8125
R084_C090,150,180,11.8125
R084_C091,150,180,11.8125
R084_C092,150,180,4.725000381469727
R084_C093,150,180,4.725000381469727
R084_C094,150,180,11.8125
R084_C095,150,180,11.8125
R084_C096,150,180,13.387500762939453
R084_C097,150,180,11.8125
R084_C098,150,180,11.8125
R084_C099,150,180,13.387500762939453
R084_C100,150,180,13.387500762939453
R084_C101,150,180,13.387500762939453
R084_C102,150,180,13.387500762939453
R084_C103,150,180,13.387500762939453
R084_C104,150,180,13.387500762939453
R084_C105,150,180,13.387500762939453
R084_C106,150,180,13.387500762939453
R084_C107,150,180,13.387500762939453
R084_C108,150,180,13.387500762939453
R084_C109,150,180,13.387500762939453
R084_C110,150,180,13.387500762939453
R084_C111,150,180,13.387500762939453
R084_C112,150,180,13.387500762939453
R084_C113,150,180,13.387500762939453
R084_C114,150,180,13.387500762939453
R084_C115,150,180,13.387500762939453
R084_C116,150,180,13.387500762939453
R084_C117,150,180,13.387500762939453
R084_C118,150,180,14.175000190734863
R084_C119,150,180,14.175000190734863
R084_C120,150,180,13.387500762939453
R084_C121,150,180,14.175000190734863
R084_C122,150,180,13.387500762939453
R084_C123,150,180,13.387500762939453
R084_C124,150,180,4.725000381469727
R084_C125,150,180,13.387500762939453
R084_C126,150,180,14.175000190734863
R084_C127,150,180,13.387500762939453
R084_C128,150,180,13.387500762939453
R084_C129,150,180,14.175000190734863
R084_C130,150,180,11.8125
R084_C131,150,180,11.8125
R084_C132,150,180,11.8125
R084_C133,150,180,11.8125
R084_C134,150,180,11.8125
R084_C135,150,180,14.175000190734863
R084_C136,150,180,13.387500762939453
R084_C137,150,180,11.8125
R085_C068,150,180,14.175000190734863
R085_C069,150,180,13.387500762939453
R085_C070,150,180,13.387500762939453
R085_C071,150,180,13.387500762939453
R085_C072,150,180,13.387500762939453
R085_C073,150,180,13.387500762939453
R085_C074,150,180,11.8125
R085_C075,150,180,11.8125
R085_C076,150,180,11.8125
R085_C077,150,180,14.175000190734863
R085_C078,150,180,14.175000190734863
R085_C079,150,180,13.387500762939453
R085_C080,150,180,14.175000190734863
R085_C081,150,180,13.387500762939453
R085_C082,150,180,13.387500762939453
R085_C083,150,180,13.387500762939453
R085_C084,150,180,13.387500762939453
R085_C085,150,180,13.387500762939453
R085_C086,150,180,13.387500762939453
R085_C087,150,180,13.387500762939453
R085_C088,150,180,13.387500762939453
R085_C089,150,180,13.387500762939453
R085_C090,150,180,13.387500762939453
R085_C091,150,180,13.387500762939453
R085_C092,150,180,13.387500762939453
R085_C093,150,180,13.387500762939453
R085_C094,150,180,13.387500762939453
R085_C095,150,180,13.387500762939453
R085_C096,150,180,13.387500762939453
R085_C097,150,180,13.387500762939453
R085_C098,150,180,13.387500762939453
R085_C099,150,180,13.387500762939453
R085_C100,150,180,14.175000190734863
R085_C101,150,180,14.175000190734863
R085_C102,150,180,11.8125
R085_C103,150,180,14.175000190734863
R085_C104,150,180,11.8125
R085_C105,150,180,11.8125
R085_C106,150,180,13.387500762939453
R085_C107,150,180,14.175000190734863
R085_C108,150,180,11.8125
R085_C109,150,180,11.8125
R085_C110,150,180,13.387500762939453
R085_C111,150,180,11.8125
R085_C112,150,180,11.8125
R085_C113,150,180,11.8125
R085_C114,150,180,13.387500762939453
R085_C115,150,180,11.8125
R085_C116,150,180,13.387500762939453
R085_C117,150,180,13.387500762939453
R085_C118,150,180,14.175000190734863
R085_C119,150,180,14.175000190734863
R085_C120,150,180,13.387500762939453
R085_C121,150,180,11.8125
R085_C122,150,180,14.175000190734863
R085_C123,150,180,13.387500762939453
R085_C124,150,180,13.387500762939453
R085_C125,150,180,13.387500762939453
R085_C126,150,180,13.387500762939453
R085_C127,150,180,13.387500762939453
R085_C128,150,180,13.387500762939453
R085_C129,150,180,14.175000190734863
R085_C130,150,180,11.8125
R085_C131,150,180,11.8125
R085_C132,150,180,11.8125
R085_C133,150,180,11.8125
R085_C134,150,180,11.8125
R085_C135,150,180,14.175000190734863
R085_C136,150,180,14.175000190734863
R085_C137,150,180,11.8125
R086_C068,150,180,14.175000190734863
R086_C069,150,180,14.175000190734863
R086_C070,150,180,14.175000190734863
R086_C071,150,180,13.387500762939453
R086_C072,150,180,13.387500762939453
R086_C073,150,180,13.387500762939453
R086_C074,150,180,11.8125
R086_C075,150,180,13.387500762939453
R086_C076,150,180,13.387500762939453
R086_C077,150,180,13.387500762939453
R086_C078,150,180,13.387500762939453
R086_C079,150,180,14.175000190734863
R086_C080,150,180,14.175000190734863
R086_C081,150,180,14.175000190734863
R086_C082,150,180,11.8125
R086_C083,150,180,11.8125
R086_C084,150,180,11.8125
R086_C085,150,180,13.387500762939453
R086_C086,150,180,14.175000190734863
R086_C087,150,180,11.8125
R086_C088,150,180,11.8125
R086_C089,150,180,11.8125
R086_C090,150,180,11.8125
R086_C091,150,180,11.8125
R086_C092,150,180,11.8125
R086_C093,150,180,13.387500762939453
R086_C094,150,180,14.175000190734863
R086_C095,150,180,13.387500762939453
R086_C096,150,180,14.175000190734863
R086_C097,150,180,14.175000190734863
R086_C098,150,180,13.387500762939453
R086_C099,150,180,11.8125
R086_C100,150,180,14.175000190734863
R086_C101,150,180,14.175000190734863
R086_C102,150,180,13.387500762939453
R086_C103,150,180,13.387500762939453
R086_C104,150,180,13.387500762939453
R086_C105,150,180,13.387500762939453
R086_C106,150,180,13.387500762939453
R086_C107,150,180,13.387500762939453
R086_C108,150,180,13.387500762939453
R086_C109,150,180,13.387500762939453
R086_C110,150,180,13.387500762939453
R086_C111,150,180,13.387500762939453
R086_C112,150,180,13.387500762939453
R086_C113,150,180,13.387500762939453
R086_C114,150,180,14.175000190734863
R086_C115,150,180,11.8125
R086_C116,150,180,14.175000190734863
R086_C117,150,180,14.175000190734863
R086_C118,150,180,13.387500762939453
R086_C119,150,180,13.387500762939453
R086_C120,150,180,13.387500762939453
R086_C121,150,180,14.175000190734863
R086_C122,150,180,13.387500762939453
R086_C123,150,180,14.175000190734863
R086_C124,150,180,13.387500762939453
R086_C125,150,180,11.8125
R086_C126,150,180,14.175000190734863
R086_C127,150,180,13.387500762939453
R086_C128,150,180,13.387500762939453
R086_C129,150,180,11.8125
R086_C130,150,180,14.175000190734863
R086_C131,150,180,14.175000190734863
R086_C132,150,180,14.175000190734863
R086_C133,150,180,11.8125
R086_C134,150,180,11.8125
R086_C135,150,180,13.387500762939453
R086_C136,150,180,13.387500762939453
R086_C137,150,180,13.387500762939453
R087_C068,150,180,11.8125
R087_C069,150,180,13.387500762939453
R087_C070,150,180,13.387500762939453
R087_C071,150,180,13.387500762939453
R087_C072,150,180,13.387500762939453
R087_C073,150,180,14.175000190734863
R087_C074,150,180,14.175000190734863
R087_C075,150,180,13.387500762939453
R087_C076,150,180,11.8125
R087_C077,150,180,11.8125
R087_C078,150,180,11.8125
R087_C079,150,180,14.175000190734863
R087_C080,150,180,11.8125
R087_C081,150,180,11.8125
R087_C082,150,180,11.8125
R087_C083,150,180,11.8125
R087_C084,150,180,11.8125
R087_C085,150,180,13.387500762939453
R087_C086,150,180,11.8125
R087_C087,150,180,11.8125
R087_C088,150,180,14.175000190734863
R087_C089,150,180,11.8125
R087_C090,150,180,11.8125
R087_C091,150,180,11.8125
R087_C092,150,180,11.8125
R087_C093,150,180,11.8125
R087_C094,150,180,11.8125
R087_C095,150,180,11.8125
R087_C096,150,180,13.387500762939453
R087_C097,150,180,13.387500762939453
R087_C098,150,180,13.387500762939453
R087_C099,150,180,11.8125
R087_C100,150,180,11.8125
R087_C101,150,180,14.175000190734863
R087_C102,150,180,11.8125
R087_C103,150,180,13.387500762939453
R087_C104,150,180,13.387500762939453
R087_C105,150,180,13.387500762939453
R087_C106,150,180,13.387500762939453
R087_C107,150,180,13.387500762939453
R087_C108,150,180,13.387500762939453
R087_C109,150,180,11.8125
R087_C110,150,180,13.387500762939453
R087_C111,150,180,11.8125
R087_C112,150,180,13.387500762939453
R087_C113,150,180,14.175000190734863
R087_C114,150,180,13.387500762939453
R087_C115,150,180,13.387500762939453
R087_C116,150,180,13.387500762939453
R087_C117,150,180,14.175000190734863
R087_C118,150,180,14.175000190734863
R087_C119,150,180,13.387500762939453
R087_C120,150,180,13.387500762939453
R087_C121,150,180,13.387500762939453
R087_C122,150,180,13.387500762939453
R087_C123,150,180,11.8125
R087_C124,150,180,13.387500762939453
R087_C125,150,180,13.387500762939453
R087_C126,150,180,14.175000190734863
R087_C127,150,180,14.175000190734863
R087_C128,150,180,13.387500762939453
R087_C129,150,180,13.387500762939453
R087_C130,150,180,13.387500762939453
R087_C131,150,180,13.387500762939453
R087_C132,150,180,13.387500762939453
R087_C133,150,180,13.387500762939453
R087_C134,150,180,13.387500762939453
R087_C135,150,180,14.175000190734863
R087_C136,150,180,11.8125
R087_C137,150,180,13.387500762939453
R088_C068,150,180,13.387500762939453
R088_C069,150,180,13.387500762939453
R088_C070,150,180,11.8125
R088_C071,150,180,13.387500762939453
R088_C072,150,180,14.175000190734863
R088_C073,150,180,13.387500762939453
R088_C074,150,180,14.175000190734863
R088_C075,150,180,13.387500762939453
R088_C076,150,180,11.8125
R088_C077,150,180,11.8125
R088_C078,150,180,11.8125
R088_C079,150,180,11.8125
R088_C080,150,180,11.8125
R088_C081,150,180,11.8125
R088_C082,150,180,11.8125
R088_C083,150,180,11.8125
R088_C084,150,180,11.8125
R088_C085,150,180,13.387500762939453
R088_C086,150,180,11.8125
R088_C087,150,180,11.8125
R088_C088,150,180,14.175000190734863
R088_C089,150,180,11.8125
R088_C090,150,180,11.8125
R088_C091,150,180,11.8125
R088_C092,150,180,11.8125
R088_C093,150,180,11.8125
R088_C094,150,180,13.387500762939453
R088_C095,150,180,13.387500762939453
R088_C096,150,180,13.387500762939453
R088_C097,150,180,13.387500762939453
R088_C098,150,180,14.175000190734863
R088_C099,150,180,11.8125
R088_C100,150,180,11.8125
R088_C101,150,180,11.8125
R088_C102,150,180,11.8125
R088_C103,150,180,13.387500762939453
R088_C104,150,180,14.175000190734863
R088_C105,150,180,13.387500762939453
R088_C106,150,180,11.8125
R088_C107,150,180,11.8125
R088_C108,150,180,13.387500762939453
R088_C109,150,180,13.387500762939453
R088_C110,150,180,13.387500762939453
R088_C111,150,180,13.387500762939453
R088_C112,150,180,14.175000190734863
R088_C113,150,180,14.175000190734863
R088_C114,150,180,13.387500762939453
R088_C115,150,180,13.387500762939453
R088_C116,150,180,13.387500762939453
R088_C117,150,180,13.387500762939453
R088_C118,150,180,13.387500762939453
R088_C119,150,180,14.175000190734863
R088_C120,150,180,13.387500762939453
R088_C121,150,180,13.387500762939453
R088_C122,150,180,14.175000190734863
R088_C123,150,180,14.175000190734863
R088_C124,150,180,13.387500762939453
R088_C125,150,180,14.175000190734863
R088_C126,150,180,13.387500762939453
R088_C127,150,180,13.387500762939453
R088_C128,150,180,13.387500762939453
R088_C129,150,180,11.8125
R088_C130,150,180,14.175000190734863
R088_C131,150,180,11.8125
R088_C132,150,180,13.387500762939453
R088_C133,150,180,13.387500762939453
R088_C134,150,180,14.175000190734863
R088_C135,150,180,14.175000190734863
R088_C136,150,180,13.387500762939453
R088_C137,150,180,13.387500762939453
R089_C068,150,180,13.387500762939453
R089_C069,150,180,14.175000190734863
R089_C070,150,180,11.8125
R089_C071,150,180,14.175000190734863
R089_C072,150,180,13.387500762939453
R089_C073,150,180,13.387500762939453
R089_C074,150,180,14.175000190734863
R089_C075,150,180,14.175000190734863
R089_C076,150,180,11.8125
R089_C077,150,180,11.8125
R089_C078,150,180,14.175000190734863
R089_C079,150,180,14.175000190734863
R089_C080,150,180,11.8125
R089_C081,150,180,11.8125
R089_C082,150,180,11.8125
R089_C083,150,180,11.8125
R089_C084,150,180,11.8125
R089_C085,150,180,13.387500762939453
R089_C086,150,180,11.8125
R089_C087,150,180,11.8125
R089_C088,150,180,14.175000190734863
R089_C089,150,180,11.8125
R089_C090,150,180,11.8125
R089_C091,150,180,11.8125
R089_C092,150,180,11.8125
R089_C093,150,180,11.8125
R089_C094,150,180,11.8125
R089_C095,150,180,13.387500762939453
R089_C096,150,180,14.175000190734863
R089_C097,150,180,13.387500762939453
R089_C098,150,180,13.387500762939453
R089_C099,150,180,13.387500762939453
R089_C100,150,180,11.8125
R089_C101,150,180,11.8125
R089_C102,150,180,11.8125
R089_C103,150,180,11.8125
R089_C104,150,180,13.387500762939453
R089_C105,150,180,13.387500762939453
R089_C106,150,180,13.387500762939453
R089_C107,150,180,13.387500762939453
R089_C108,150,180,13.387500762939453
R089_C109,150,180,14.175000190734863
R089_C110,150,180,13.387500762939453
R089_C111,150,180,13.387500762939453
R089_C112,150,180,13.387500762939453
R089_C113,150,180,13.387500762939453
R089_C114,150,180,14.175000190734863
R089_C115,150,180,11.8125
R089_C116,150,180,14.175000190734863
R089_C117,150,180,11.8125
R089_C118,150,180,13.387500762939453
R089_C119,150,180,14.175000190734863
R089_C120,150,180,14.175000190734863
R089_C121,150,180,13.387500762939453
R089_C122,150,180,11.8125
R089_C123,150,180,13.387500762939453
R089_C124,150,180,13.387500762939453
R089_C125,150,180,13.387500762939453
R089_C126,150,180,14.175000190734863
R089_C127,150,180,11.8125
R089_C128,150,180,11.8125
R089_C129,150,180,11.8125
R089_C130,150,180,14.175000190734863
R089_C131,150,180,11.8125
R089_C132,150,180,13.387500762939453
R089_C133,150,180,13.387500762939453
R089_C134,150,180,11.8125
R089_C135,150,180,11.8125
R089_C136,150,180,11.8125
R089_C137,150,180,13.387500762939453
R090_C069,150,180,11.8125
R090_C070,150,180,14.175000190734863
R090_C071,150,180,14.175000190734863
R090_C072,150,180,11.8125
R090_C073,150,180,13.387500762939453
R090_C074,150,180,13.387500762939453
R090_C075,150,180,11.8125
R090_C076,150,180,11.8125
R090_C077,150,180,11.8125
R090_C078,150,180,14.175000190734863
R090_C079,150,180,14.175000190734863
R090_C080,150,180,11.8125
R090_C081,150,180,11.8125
R090_C082,150,180,11.8125
R090_C083,150,180,11.8125
R090_C084,150,180,11.8125
R090_C085,150,180,13.387500762939453
R090_C086,150,180,11.8125
R090_C087,150,180,11.8125
R090_C088,150,180,11.8125
R090_C089,150,180,11.8125
R090_C090,150,180,11.8125
R090_C091,150,180,11.8125
R090_C092,150,180,11.8125
R090_C093,150,180,11.8125
R090_C094,150,180,11.8125
R090_C095,150,180,13.387500762939453
R090_C096,150,180,13.387500762939453
R090_C097,150,180,13.387500762939453
R090_C098,150,180,13.387500762939453
R090_C099,150,180,13.387500762939453
R090_C100,150,180,11.8125
R090_C101,150,180,11.8125
R090_C102,150,180,11.8125
R090_C103,150,180,11.8125
R090_C104,150,180,14.175000190734863
R090_C105,150,180,14.175000190734863
R090_C106,150,180,14.175000190734863
R090_C107,150,180,13.387500762939453
R090_C108,150,180,13.387500762939453
R090_C109,150,180,11.8125
R090_C110,150,180,13.387500762939453
R090_C111,150,180,14.175000190734863
R090_C112,150,180,13.387500762939453
R090_C113,150,180,13.387500762939453
R090_C114,150,180,14.175000190734863
R090_C115,150,180,13.387500762939453
R090_C116,150,180,14.175000190734863
R090_C117,150,180,14.175000190734863
R090_C118,150,180,13.387500762939453
R090_C119,150,180,13.387500762939453
R090_C120,150,180,13.387500762939453
R090_C121,150,180,13.387500762939453
R090_C122,150,180,13.387500762939453
R090_C123,150,180,13.387500762939453
R090_C124,150,180,13.387500762939453
R090_C125,150,180,14.175000190734863
R090_C126,150,180,11.8125
R090_C127,150,180,11.8125
R090_C128,150,180,11.8125
R090_C129,150,180,11.8125
R090_C130,150,180,11.8125
R090_C131,150,180,11.8125
R090_C132,150,180,11.8125
R090_C133,150,180,13.387500762939453
R090_C134,150,180,14.175000190734863
R090_C135,150,180,14.175000190734863
R090_C136,150,180,14.175000190734863
R090_C137,150,180,13.387500762939453
R091_C069,150,180,13.387500762939453
R091_C070,150,180,13.387500762939453
R091_C071,150,180,11.8125
R091_C072,150,180,14.175000190734863
R091_C073,150,180,13.387500762939453
R091_C074,150,180,11.8125
R091_C075,150,180,14.175000190734863
R091_C076,150,180,11.8125
R091_C077,150,180,11.8125
R091_C078,150,180,11.8125
R091_C079,150,180,14.175000190734863
R091_C080,150,180,11.8125
R091_C081,150,180,11.8125
R091_C082,150,180,14.175000190734863
R091_C083,150,180,14.175000190734863
R091_C084,150,180,11.8125
R091_C085,150,180,13.387500762939453
R091_C086,150,180,11.8125
R091_C087,150,180,11.8125
R091_C088,150,180,11.8125
R091_C089,150,180,11.8125
R091_C090,150,180,11.8125
R091_C091,150,180,11.8125
R091_C092,150,180,11.8125
R091_C093,150,180,11.8125
R091_C094,150,180,11.8125
R091_C095,150,180,13.387500762939453
R091_C096,150,180,14.175000190734863
R091_C097,150,180,13.387500762939453
R091_C098,150,180,13.387500762939453
R091_C099,150,180,13.387500762939453
R091_C100,150,180,13.387500762939453
R091_C101,150,180,13.387500762939453
R091_C102,150,180,11.8125
R091_C103,150,180,11.8125
R091_C104,150,180,13.387500762939453
R091_C105,150,180,14.175000190734863
R091_C106,150,180,14.175000190734863
R091_C107,150,180,13.387500762939453
R091_C108,150,180,13.387500762939453
R091_C109,150,180,13.387500762939453
R091_C110,150,180,13.387500762939453
R091_C111,150,180,13.387500762939453
R091_C112,150,180,14.175000190734863
R091_C113,150,180,14.175000190734863
R091_C114,150,180,14.175000190734863
R091_C115,150,180,14.175000190734863
R091_C116,150,180,11.8125
R091_C117,150,180,11.8125
R091_C118,150,180,11.8125
R091_C119,150,180,14.175000190734863
R091_C120,150,180,13.387500762939453
R091_C121,150,180,13.387500762939453
R091_C122,150,180,13.387500762939453
R091_C123,150,180,11.8125
R091_C124,150,180,13.387500762939453
R091_C125,150,180,11.8125
R091_C126,150,180,11.8125
R091_C127,150,180,11.8125
R091_C128,150,180,11.8125
R091_C129,150,180,11.8125
R091_C130,150,180,11.8125
R091_C131,150,180,11.8125
R091_C132,150,180,11.8125
R091_C133,150,180,13.387500762939453
R091_C134,150,180,11.8125
R091_C135,150,180,11.8125
R091_C136,150,180,14.175000190734863
R091_C137,150,180,13.387500762939453
R092_C069,150,180,11.8125
R092_C070,150,180,11.8125
R092_C071,150,180,11.8125
R092_C072,150,180,14.175000190734863
R092_C073,150,180,13.387500762939453
R092_C074,150,180,14.175000190734863
R092_C075,150,180,11.8125
R092_C076,150,180,14.175000190734863
R092_C077,150,180,11.8125
R092_C078,150,180,11.8125
R092_C079,150,180,11.8125
R092_C080,150,180,11.8125
R092_C081,150,180,11.8125
R092_C082,150,180,11.8125
R092_C083,150,180,11.8125
R092_C084,150,180,11.8125
R092_C085,150,180,13.387500762939453
R092_C086,150,180,11.8125
R092_C087,150,180,11.8125
R092_C088,150,180,11.8125
R092_C089,150,180,11.8125
R092_C090,150,180,11.8125
R092_C091,150,180,11.8125
R092_C092,150,180,11.8125
R092_C093,150,180,11.8125
R092_C094,150,180,11.8125
R092_C095,150,180,13.387500762939453
R092_C096,150,180,11.8125
R092_C097,150,180,11.8125
R092_C098,150,180,14.175000190734863
R092_C099,150,180,13.387500762939453
R092_C100,150,180,11.8125
R092_C101,150,180,13.387500762939453
R092_C102,150,180,13.387500762939453
R092_C103,150,180,11.8125
R092_C104,150,180,11.8125
R092_C105,150,180,11.8125
R092_C106,150,180,14.175000190734863
R092_C107,150,180,11.8125
R092_C108,150,180,13.387500762939453
R092_C109,150,180,11.8125
R092_C110,150,180,13.387500762939453
R092_C111,150,180,11.8125
R092_C112,150,180,14.175000190734863
R092_C113,150,180,13.387500762939453
R092_C114,150,180,11.8125
R092_C115,150,180,13.387500762939453
R092_C116,150,180,13.387500762939453
R092_C117,150,180,13.387500762939453
R092_C118,150,180,13.387500762939453
R092_C119,150,180,13.387500762939453
R092_C120,150,180,13.387500762939453
R092_C121,150,180,13.387500762939453
R092_C122,150,180,11.8125
R092_C123,150,180,11.8125
R092_C124,150,180,14.175000190734863
R092_C125,150,180,11.8125
R092_C126,150,180,11.8125
R092_C127,150,180,11.8125
R092_C128,150,180,11.8125
R092_C129,150,180,11.8125
R092_C130,150,180,11.8125
R092_C131,150,180,11.8125
R092_C132,150,180,11.8125
R092_C133,150,180,11.8125
R092_C134,150,180,11.8125
R092_C135,150,180,14.175000190734863
R092_C136,150,180,11.8125
R092_C137,150,180,11.8125
R093_C069,150,180,11.8125
R093_C070,150,180,11.8125
R093_C071,150,180,14.175000190734863
R093_C072,150,180,13.387500762939453
R093_C073,150,180,13.387500762939453
R093_C074,150,180,11.8125
R093_C075,150,180,11.8125
R093_C076,150,180,11.8125
R093_C077,150,180,11.8125
R093_C078,150,180,14.175000190734863
R093_C079,150,180,11.8125
R093_C080,150,180,14.175000190734863
R093_C081,150,180,11.8125
R093_C082,150,180,11.8125
R093_C083,150,180,11.8125
R093_C084,150,180,11.8125
R093_C085,150,180,13.387500762939453
R093_C086,150,180,11.8125
R093_C087,150,180,11.8125
R093_C088,150,180,11.8125
R093_C089,150,180,11.8125
R093_C090,150,180,11.8125
R093_C091,150,180,11.8125
R093_C092,150,180,11.8125
R093_C093,150,180,11.8125
R093_C094,150,180,11.8125
R093_C095,150,180,13.387500762939453
R093_C096,150,180,14.175000190734863
R093_C097,150,180,13.387500762939453
R093_C098,150,180,13.387500762939453
R093_C099,150,180,13.387500762939453
R093_C100,150,180,11.8125
R093_C101,150,180,13.387500762939453
R093_C102,150,180,13.387500762939453
R093_C103,150,180,13.387500762939453
R093_C104,150,180,11.8125
R093_C105,150,180,11.8125
R093_C106,150,180,11.8125
R093_C107,150,180,11.8125
R093_C108,150,180,13.387500762939453
R093_C109,150,180,13.387500762939453
R093_C110,150,180,13.387500762939453
R093_C111,150,180,13.387500762939453
R093_C112,150,180,11.8125
R093_C113,150,180,11.8125
R093_C114,150,180,13.387500762939453
R093_C115,150,180,13.387500762939453
R093_C116,150,180,11.8125
R093_C117,150,180,11.8125
R093_C118,150,180,11.8125
R093_C119,150,180,11.8125
R093_C120,150,180,11.8125
R093_C121,150,180,13.387500762939453
R093_C122,150,180,13.387500762939453
R093_C123,150,180,11.8125
R093_C124,150,180,11.8125
R093_C125,150,180,11.8125
R093_C126,150,180,11.8125
R093_C127,150,180,11.8125
R093_C128,150,180,11.8125
R093_C129,150,180,11.8125
R093_C130,150,180,11.8125
R093_C131,150,180,11.8125
R093_C132,150,180,14.175000190734863
R093_C133,150,180,14.175000190734863
R093_C134,150,180,13.387500762939453
R093_C135,150,180,13.387500762939453
R093_C136,150,180,13.387500762939453
R093_C137,150,180,14.175000190734863
R094_C069,150,180,11.8125
R094_C070,150,180,11.8125
R094_C071,150,180,11.8125
R094_C072,150,180,13.387500762939453
R094_C073,150,180,13.387500762939453
R094_C074,150,180,11.8125
R094_C075,150,180,11.8125
R094_C076,150,180,11.8125
R094_C077,150,180,11.8125
R094_C078,150,180,11.8125
R094_C079,150,180,11.8125
R094_C080,150,180,11.8125
R094_C081,150,180,11.8125
R094_C082,150,180,11.8125
R094_C083,150,180,11.8125
R094_C084,150,180,11.8125
R094_C085,150,180,13.387500762939453
R094_C086,150,180,11.8125
R094_C087,150,180,11.8125
R094_C088,150,180,11.8125
R094_C089,150,180,11.8125
R094_C090,150,180,11.8125
R094_C091,150,180,11.8125
R094_C092,150,180,11.8125
R094_C093,150,180,11.8125
R094_C094,150,180,4.725000381469727
R094_C095,150,180,4.725000381469727
R094_C096,150,180,13.387500762939453
R094_C097,150,180,13.387500762939453
R094_C098,150,180,13.387500762939453
R094_C099,150,180,13.387500762939453
R094_C100,150,180,13.387500762939453
R094_C101,150,180,13.387500762939453
R094_C102,150,180,13.387500762939453
R094_C103,150,180,13.387500762939453
R094_C104,150,180,11.8125
R094_C105,150,180,13.387500762939453
R094_C106,150,180,13.387500762939453
R094_C107,150,180,11.8125
R094_C108,150,180,11.8125
R094_C109,150,180,14.175000190734863
R094_C110,150,180,13.387500762939453
R094_C111,150,180,11.8125
R094_C112,150,180,11.8125
R094_C113,150,180,13.387500762939453
R094_C114,150,180,13.387500762939453
R094_C115,150,180,11.8125
R094_C116,150,180,13.387500762939453
R094_C117,150,180,11.8125
R094_C118,150,180,13.387500762939453
R094_C119,150,180,11.8125
R094_C120,150,180,11.8125
R094_C121,150,180,13.387500762939453
R094_C122,150,180,13.387500762939453
R094_C123,150,180,11.8125
R094_C124,150,180,11.8125
R094_C125,150,180,11.8125
R094_C126,150,180,11.8125
R094_C127,150,180,11.8125
R094_C128,150,180,11.8125
R094_C129,150,180,13.387500762939453
R094_C130,150,180,11.8125
R094_C131,150,180,11.8125
R094_C132,150,180,14.175000190734863
R094_C133,150,180,13.387500762939453
R094_C134,150,180,14.175000190734863
R094_C135,150,180,11.8125
R094_C136,150,180,13.387500762939453
R095_C069,150,180,14.175000190734863
R095_C070,150,180,11.8125
R095_C071,150,180,14.175000190734863
R095_C072,150,180,13.387500762939453
R095_C073,150,180,13.387500762939453
R095_C074,150,180,14.175000190734863
R095_C075,150,180,14.175000190734863
R095_C076,150,180,14.175000190734863
R095_C077,150,180,14.175000190734863
R095_C078,150,180,14.175000190734863
R095_C079,150,180,14.175000190734863
R095_C080,150,180,11.8125
R095_C081,150,180,11.8125
R095_C082,150,180,11.8125
R095_C083,150,180,11.8125
R095_C084,150,180,13.387500762939453
R095_C085,150,180,13.387500762939453
R095_C086,150,180,11.8125
R095_C087,150,180,11.8125
R095_C088,150,180,11.8125
R095_C089,150,180,14.175000190734863
R095_C090,150,180,11.8125
R095_C091,150,180,11.8125
R095_C092,150,180,11.8125
R095_C093,150,180,11.8125
R095_C094,150,180,4.725000381469727
R095_C095,150,180,4.725000381469727
R095_C096,150,180,13.387500762939453
R095_C097,150,180,13.387500762939453
R095_C098,150,180,13.387500762939453
R095_C099,150,180,13.387500762939453
R095_C100,150,180,11.8125
R095_C101,150,180,13.387500762939453
R095_C102,150,180,11.8125
R095_C103,150,180,13.387500762939453
R095_C104,150,180,11.8125
R095_C105,150,180,13.387500762939453
R095_C106,150,180,13.387500762939453
R095_C107,150,180,11.8125
R095_C108,150,180,11.8125
R095_C109,150,180,11.8125
R095_C110,150,180,11.8125
R095_C111,150,180,11.8125
R095_C112,150,180,13.387500762939453
R095_C113,150,180,13.387500762939453
R095_C114,150,180,13.387500762939453
R095_C115,150,180,13.387500762939453
R095_C116,150,180,13.387500762939453
R095_C117,150,180,13.387500762939453
R095_C118,150,180,13.387500762939453
R095_C119,150,180,11.8125
R095_C120,150,180,11.8125
R095_C121,150,180,13.387500762939453
R095_C122,150,180,13.387500762939453
R095_C123,150,180,11.8125
R095_C124,150,180,11.8125
R095_C125,150,180,11.8125
R095_C126,150,180,11.8125
R095_C127,150,180,11.8125
R095_C128,150,180,11.8125
R095_C129,150,180,13.387500762939453
R095_C130,150,180,11.8125
R095_C131,150,180,11.8125
R095_C132,150,180,11.8125
R095_C133,150,180,11.8125
R095_C134,150,180,14.175000190734863
R095_C135,150,180,14.175000190734863
R095_C136,150,180,11.8125
R096_C069,150,180,11.8125
R096_C070,150,180,11.8125
R096_C071,150,180,11.8125
R096_C072,150,180,13.387500762939453
R096_C073,150,180,13.387500762939453
R096_C074,150,180,11.8125
R096_C075,150,180,11.8125
R096_C076,150,180,11.8125
R096_C077,150,180,14.175000190734863
R096_C078,150,180,14.175000190734863
R096_C079,150,180,11.8125
R096_C080,150,180,11.8125
R096_C081,150,180,11.8125
R096_C082,150,180,11.8125
R096_C083,150,180,11.8125
R096_C084,150,180,13.387500762939453
R096_C085,150,180,13.387500762939453
R096_C086,150,180,11.8125
R096_C087,150,180,11.8125
R096_C088,150,180,11.8125
R096_C089,150,180,11.8125
R096_C090,150,180,11.8125
R096_C091,150,180,11.8125
R096_C092,150,180,11.8125
R096_C093,150,180,11.8125
R096_C094,150,180,13.387500762939453
R096_C095,150,180,13.387500762939453
R096_C096,150,180,13.387500762939453
R096_C097,150,180,13.387500762939453
R096_C098,150,180,13.387500762939453
R096_C099,150,180,13.387500762939453
R096_C100,150,180,11.8125
R096_C101,150,180,14.175000190734863
R096_C102,150,180,13.387500762939453
R096_C103,150,180,13.387500762939453
R096_C104,150,180,11.8125
R096_C105,150,180,13.387500762939453
R096_C106,150,180,13.387500762939453
R096_C107,150,180,14.175000190734863
R096_C108,150,180,13.387500762939453
R096_C109,150,180,13.387500762939453
R096_C110,150,180,13.387500762939453
R096_C111,150,180,13.387500762939453
R096_C112,150,180,13.387500762939453
R096_C113,150,180,11.8125
R096_C114,150,180,11.8125
R096_C115,150,180,11.8125
R096_C116,150,180,13.387500762939453
R096_C117,150,180,13.387500762939453
R096_C118,150,180,13.387500762939453
R096_C119,150,180,13.387500762939453
R096_C120,150,180,13.387500762939453
R096_C121,150,180,13.387500762939453
R096_C122,150,180,13.387500762939453
R096_C123,150,180,11.8125
R096_C124,150,180,11.8125
R096_C125,150,180,11.8125
R096_C126,150,180,11.8125
R096_C127,150,180,11.8125
R096_C128,150,180,13.387500762939453
R096_C129,150,180,13.387500762939453
R096_C130,150,180,11.8125
R096_C131,150,180,11.8125
R096_C132,150,180,11.8125
R096_C133,150,180,11.8125
R096_C134,150,180,13.387500762939453
R096_C135,150,180,14.175000190734863
R096_C136,150,180,13.387500762939453
R097_C069,150,180,11.8125
R097_C070,150,180,11.8125
R097_C071,150,180,11.8125
R097_C072,150,180,13.387500762939453
R097_C073,150,180,11.8125
R097_C074,150,180,11.8125
R097_C075,150,180,11.8125
R097_C076,150,180,11.8125
R097_C077,150,180,14.175000190734863
R097_C078,150,180,11.8125
R097_C079,150,180,14.175000190734863
R097_C080,150,180,14.175000190734863
R097_C081,150,180,11.8125
R097_C082,150,180,11.8125
R097_C083,150,180,11.8125
R097_C084,150,180,13.387500762939453
R097_C085,150,180,13.387500762939453
R097_C086,150,180,11.8125
R097_C087,150,180,11.8125
R097_C088,150,180,11.8125
R097_C089,150,180,11.8125
R097_C090,150,180,11.8125
R097_C091,150,180,11.8125
R097_C092,150,180,11.8125
R097_C093,150,180,11.8125
R097_C094,150,180,11.8125
R097_C095,150,180,14.175000190734863
R097_C096,150,180,13.387500762939453
R097_C097,150,180,13.387500762939453
R097_C098,150,180,13.387500762939453
R097_C099,150,180,13.387500762939453
R097_C100,150,180,14.175000190734863
R097_C101,150,180,13.387500762939453
R097_C102,150,180,13.387500762939453
R097_C103,150,180,13.387500762939453
R097_C104,150,180,11.8125
R097_C105,150,180,13.387500762939453
R097_C106,150,180,14.175000190734863
R097_C107,150,180,14.175000190734863
R097_C108,150,180,11.8125
R097_C109,150,180,13.387500762939453
R097_C110,150,180,11.8125
R097_C111,150,180,13.387500762939453
R097_C112,150,180,14.175000190734863
R097_C113,150,180,11.8125
R097_C114,150,180,11.8125
R097_C115,150,180,14.175000190734863
R097_C116,150,180,13.387500762939453
R097_C117,150,180,13.387500762939453
R097_C118,150,180,13.387500762939453
R097_C119,150,180,11.8125
R097_C120,150,180,13.387500762939453
R097_C121,150,180,11.8125
R097_C122,150,180,13.387500762939453
R097_C123,150,180,11.8125
R097_C124,150,180,11.8125
R097_C125,150,180,11.8125
R097_C126,150,180,11.8125
R097_C127,150,180,11.8125
R097_C128,150,180,13.387500762939453
R097_C129,150,180,11.8125
R097_C130,150,180,11.8125
R097_C131,150,180,11.8125
R097_C132,150,180,11.8125
R097_C133,150,180,14.175000190734863
R097_C134,150,180,13.387500762939453
R097_C135,150,180,11.8125
R097_C136,150,180,11.8125
R098_C070,150,180,11.8125
R098_C071,150,180,13.387500762939453
R098_C072,150,180,13.387500762939453
R098_C073,150,180,11.8125
R098_C074,150,180,11.8125
R098_C075,150,180,11.8125
R098_C076,150,180,11.8125
R098_C077,150,180,14.175000190734863
R098_C078,150,180,4.725000381469727
R098_C079,150,180,14.175000190734863
R098_C080,150,180,11.8125
R098_C081,150,180,11.8125
R098_C082,150,180,11.8125
R098_C083,150,180,11.8125
R098_C084,150,180,13.387500762939453
R098_C085,150,180,11.8125
R098_C086,150,180,11.8125
R098_C087,150,180,11.8125
R098_C088,150,180,11.8125
R098_C089,150,180,11.8125
R098_C090,150,180,11.8125
R098_C091,150,180,11.8125
R098_C092,150,180,11.8125
R098_C093,150,180,11.8125
R098_C094,150,180,11.8125
R098_C095,150,180,11.8125
R098_C096,150,180,11.8125
R098_C097,150,180,11.8125
R098_C098,150,180,13.387500762939453
R098_C099,150,180,13.387500762939453
R098_C100,150,180,13.387500762939453
R098_C101,150,180,13.387500762939453
R098_C102,150,180,13.387500762939453
R098_C103,150,180,13.387500762939453
R098_C104,150,180,13.387500762939453
R098_C105,150,180,13.387500762939453
R098_C106,150,180,11.8125
R098_C107,150,180,14.175000190734863
R098_C108,150,180,11.8125
R098_C109,150,180,13.387500762939453
R098_C110,150,180,13.387500762939453
R098_C111,150,180,13.387500762939453
R098_C112,150,180,11.8125
R098_C113,150,180,11.8125
R098_C114,150,180,11.8125
R098_C115,150,180,14.175000190734863
R098_C116,150,180,13.387500762939453
R098_C117,150,180,13.387500762939453
R098_C118,150,180,13.387500762939453
R098_C119,150,180,11.8125
R098_C120,150,180,13.387500762939453
R098_C121,150,180,13.387500762939453
R098_C122,150,180,13.387500762939453
R098_C123,150,180,13.387500762939453
R098_C124,150,180,13.387500762939453
R098_C125,150,180,13.387500762939453
R098_C126,150,180,13.387500762939453
R098_C127,150,180,13.387500762939453
R098_C128,150,180,13.387500762939453
R098_C129,150,180,13.387500762939453
R098_C130,150,180,13.387500762939453
R098_C131,150,180,14.175000190734863
R098_C132,150,180,14.175000190734863
R098_C133,150,180,14.175000190734863
R098_C134,150,180,13.387500762939453
R098_C135,150,180,14.175000190734863
R098_C136,150,180,13.387500762939453
R099_C070,150,180,11.8125
R099_C071,150,180,11.8125
R099_C072,150,180,13.387500762939453
R099_C073,150,180,11.8125
R099_C074,150,180,11.8125
R099_C075,150,180,11.8125
R099_C076,150,180,11.8125
R099_C077,150,180,11.8125
R099_C078,150,180,11.8125
R099_C079,150,180,11.8125
R099_C080,150,180,11.8125
R099_C081,150,180,14.175000190734863
R099_C082,150,180,11.8125
R099_C083,150,180,13.387500762939453
R099_C084,150,180,13.387500762939453
R099_C085,150,180,14.175000190734863
R099_C086,150,180,11.8125
R099_C087,150,180,11.8125
R099_C088,150,180,11.8125
R099_C089,150,180,11.8125
R099_C090,150,180,11.8125
R099_C091,150,180,11.8125
R099_C092,150,180,11.8125
R099_C093,150,180,11.8125
R099_C094,150,180,13.387500762939453
R099_C095,150,180,14.175000190734863
R099_C096,150,180,13.387500762939453
R099_C097,150,180,14.175000190734863
R099_C098,150,180,14.175000190734863
R099_C099,150,180,13.387500762939453
R099_C100,150,180,13.387500762939453
R099_C101,150,180,11.8125
R099_C102,150,180,13.387500762939453
R099_C103,150,180,11.8125
R099_C104,150,180,13.387500762939453
R099_C105,150,180,13.387500762939453
R099_C106,150,180,13.387500762939453
R099_C107,150,180,13.387500762939453
R099_C108,150,180,13.387500762939453
R099_C109,150,180,13.387500762939453
R099_C110,150,180,13.387500762939453
R099_C111,150,180,11.8125
R099_C112,150,180,11.8125
R099_C113,150,180,11.8125
R099_C114,150,180,11.8125
R099_C115,150,180,14.175000190734863
R099_C116,150,180,14.175000190734863
R099_C117,150,180,13.387500762939453
R099_C118,150,180,13.387500762939453
R099_C119,150,180,11.8125
R099_C120,150,180,13.387500762939453
R099_C121,150,180,13.387500762939453
R099_C122,150,180,11.8125
R099_C123,150,180,13.387500762939453
R099_C124,150,180,11.8125
R099_C125,150,180,14.175000190734863
R099_C126,150,180,11.8125
R099_C127,150,180,11.8125
R099_C128,150,180,11.8125
R099_C129,150,180,13.387500762939453
R099_C130,150,180,13.387500762939453
R099_C131,150,180,13.387500762939453
R099_C132,150,180,13.387500762939453
R099_C133,150,180,13.387500762939453
R099_C134,150,180,13.387500762939453
R099_C135,150,180,11.8125
R099_C136,150,180,13.387500762939453
R100_C070,150,180,11.8125
R100_C071,150,180,14.175000190734863
R100_C072,150,180,13.387500762939453
R100_C073,150,180,11.8125
R100_C074,150,180,11.8125
R100_C075,150,180,11.8125
R100_C076,150,180,11.8125
R100_C077,150,180,14.175000190734863
R100_C078,150,180,14.175000190734863
R100_C079,150,180,11.8125
R100_C080,150,180,11.8125
R100_C081,150,180,11.8125
R100_C082,150,180,11.8125
R100_C083,150,180,13.387500762939453
R100_C084,150,180,13.387500762939453
R100_C085,150,180,11.8125
R100_C086,150,180,11.8125
R100_C087,150,180,11.8125
R100_C088,150,180,11.8125
R100_C089,150,180,11.8125
R100_C090,150,180,11.8125
R100_C091,150,180,11.8125
R100_C092,150,180,11.8125
R100_C093,150,180,11.8125
R100_C094,150,180,14.175000190734863
R100_C095,150,180,13.387500762939453
R100_C096,150,180,13.387500762939453
R100_C097,150,180,13.387500762939453
R100_C098,150,180,13.387500762939453
R100_C099,150,180,13.387500762939453
R100_C100,150,180,13.387500762939453
R100_C101,150,180,13.387500762939453
R100_C102,150,180,13.387500762939453
R100_C103,150,180,13.387500762939453
R100_C104,150,180,13.387500762939453
R100_C105,150,180,11.8125
R100_C106,150,180,11.8125
R100_C107,150,180,11.8125
R100_C108,150,180,11.8125
R100_C109,150,180,11.8125
R100_C110,150,180,13.387500762939453
R100_C111,150,180,11.8125
R100_C112,150,180,11.8125
R100_C113,150,180,14.175000190734863
R100_C114,150,180,14.175000190734863
R100_C115,150,180,11.8125
R100_C116,150,180,13.387500762939453
R100_C117,150,180,13.387500762939453
R100_C118,150,180,13.387500762939453
R100_C119,150,180,13.387500762939453
R100_C120,150,180,13.387500762939453
R100_C121,150,180,11.8125
R100_C122,150,180,11.8125
R100_C123,150,180,13.387500762939453
R100_C124,150,180,14.175000190734863
R100_C125,150,180,11.8125
R100_C126,150,180,11.8125
R100_C127,150,180,11.8125
R100_C128,150,180,11.8125
R100_C129,150,180,11.8125
R100_C130,150,180,13.387500762939453
R100_C131,150,180,11.8125
R100_C132,150,180,13.387500762939453
R100_C133,150,180,13.387500762939453
R100_C134,150,180,13.387500762939453
R100_C135,150,180,13.387500762939453
R100_C136,150,180,13.387500762939453
R101_C071,150,180,14.175000190734863
R101_C072,150,180,11.8125
R101_C073,150,180,14.175000190734863
R101_C074,150,180,11.8125
R101_C075,150,180,11.8125
R101_C076,150,180,11.8125
R101_C077,150,180,11.8125
R101_C078,150,180,11.8125
R101_C079,150,180,11.8125
R101_C080,150,180,11.8125
R101_C081,150,180,14.175000190734863
R101_C082,150,180,13.387500762939453
R101_C083,150,180,13.387500762939453
R101_C084,150,180,11.8125
R101_C085,150,180,11.8125
R101_C086,150,180,11.8125
R101_C087,150,180,11.8125
R101_C088,150,180,11.8125
R101_C089,150,180,11.8125
R101_C090,150,180,11.8125
R101_C091,150,180,11.8125
R101_C092,150,180,11.8125
R101_C093,150,180,11.8125
R101_C094,150,180,13.387500762939453
R101_C095,150,180,13.387500762939453
R101_C096,150,180,13.387500762939453
R101_C097,150,180,14.175000190734863
R101_C098,150,180,14.175000190734863
R101_C099,150,180,13.387500762939453
R101_C100,150,180,14.175000190734863
R101_C101,150,180,13.387500762939453
R101_C102,150,180,13.387500762939453
R101_C103,150,180,13.387500762939453
R101_C104,150,180,13.387500762939453
R101_C105,150,180,14.175000190734863
R101_C106,150,180,13.387500762939453
R101_C107,150,180,13.387500762939453
R101_C108,150,180,14.175000190734863
R101_C109,150,180,11.8125
R101_C110,150,180,13.387500762939453
R101_C111,150,180,13.387500762939453
R101_C112,150,180,11.8125
R101_C113,150,180,11.8125
R101_C114,150,180,14.175000190734863
R101_C115,150,180,11.8125
R101_C116,150,180,11.8125
R101_C117,150,180,13.387500762939453
R101_C118,150,180,13.387500762939453
R101_C119,150,180,13.387500762939453
R101_C120,150,180,11.8125
R101_C121,150,180,11.8125
R101_C122,150,180,11.8125
R101_C123,150,180,14.175000190734863
R101_C124,150,180,13.387500762939453
R101_C125,150,180,13.387500762939453
R101_C126,150,180,13.387500762939453
R101_C127,150,180,13.387500762939453
R101_C128,150,180,13.387500762939453
R101_C129,150,180,13.387500762939453
R101_C130,150,180,13.387500762939453
R101_C131,150,180,11.8125
R101_C132,150,180,11.8125
R101_C133,150,180,11.8125
R101_C134,150,180,13.387500762939453
R101_C135,150,180,13.387500762939453
R101_C136,150,180,13.387500762939453
R102_C072,150,180,14.175000190734863
R102_C073,150,180,14.175000190734863
R102_C074,150,180,14.175000190734863
R102_C075,150,180,11.8125
R102_C076,150,180,11.8125
R102_C077,150,180,11.8125
R102_C078,150,180,14.175000190734863
R102_C079,150,180,11.8125
R102_C080,150,180,14.175000190734863
R102_C081,150,180,13.387500762939453
R102_C082,150,180,13.387500762939453
R102_C083,150,180,11.8125
R102_C084,150,180,11.8125
R102_C085,150,180,11.8125
R102_C086,150,180,11.8125
R102_C087,150,180,11.8125
R102_C088,150,180,11.8125
R102_C089,150,180,11.8125
R102_C090,150,180,11.8125
R102_C091,150,180,11.8125
R102_C092,150,180,11.8125
R102_C093,150,180,14.175000190734863
R102_C094,150,180,13.387500762939453
R102_C095,150,180,14.175000190734863
R102_C096,150,180,13.387500762939453
R102_C097,150,180,13.387500762939453
R102_C098,150,180,13.387500762939453
R102_C099,150,180,13.387500762939453
R102_C100,150,180,13.387500762939453
R102_C101,150,180,13.387500762939453
R102_C102,150,180,14.175000190734863
R102_C103,150,180,13.387500762939453
R102_C104,150,180,13.387500762939453
R102_C105,150,180,13.387500762939453
R102_C106,150,180,14.175000190734863
R102_C107,150,180,13.387500762939453
R102_C108,150,180,11.8125
R102_C109,150,180,11.8125
R102_C110,150,180,13.387500762939453
R102_C111,150,180,11.8125
R102_C112,150,180,11.8125
R102_C113,150,180,11.8125
R102_C114,150,180,11.8125
R102_C115,150,180,14.175000190734863
R102_C116,150,180,13.387500762939453
R102_C117,150,180,13.387500762939453
R102_C118,150,180,13.387500762939453
R102_C119,150,180,11.8125
R102_C120,150,180,11.8125
R102_C121,150,180,11.8125
R102_C122,150,180,11.8125
R102_C123,150,180,11.8125
R102_C124,150,180,13.387500762939453
R102_C125,150,180,11.8125
R102_C126,150,180,11.8125
R102_C127,150,180,11.8125
R102_C128,150,180,11.8125
R102_C129,150,180,11.8125
R102_C130,150,180,11.8125
R102_C131,150,180,11.8125
R102_C132,150,180,11.8125
R102_C133,150,180,11.8125
R102_C134,150,180,11.8125
R102_C135,150,180,13.387500762939453
R102_C136,150,180,13.387500762939453
R103_C073,150,180,14.175000190734863
R103_C074,150,180,14.175000190734863
R103_C075,150,180,11.8125
R103_C076,150,180,11.8125
R103_C077,150,180,11.8125
R103_C078,150,180,11.8125
R103_C079,150,180,11.8125
R103_C080,150,180,11.8125
R103_C081,150,180,13.387500762939453
R103_C082,150,180,13.387500762939453
R103_C083,150,180,11.8125
R103_C084,150,180,11.8125
R103_C085,150,180,14.175000190734863
R103_C086,150,180,11.8125
R103_C087,150,180,11.8125
R103_C088,150,180,11.8125
R103_C089,150,180,11.8125
R103_C090,150,180,11.8125
R103_C091,150,180,11.8125
R103_C092,150,180,11.8125
R103_C093,150,180,14.175000190734863
R103_C094,150,180,13.387500762939453
R103_C095,150,180,13.387500762939453
R103_C096,150,180,13.387500762939453
R103_C097,150,180,13.387500762939453
R103_C098,150,180,13.387500762939453
R103_C099,150,180,13.387500762939453
R103_C100,150,180,13.387500762939453
R103_C101,150,180,14.175000190734863
R103_C102,150,180,11.8125
R103_C103,150,180,11.8125
R103_C104,150,180,13.387500762939453
R103_C105,150,180,13.387500762939453
R103_C106,150,180,13.387500762939453
R103_C107,150,180,13.387500762939453
R103_C108,150,180,11.8125
R103_C109,150,180,14.175000190734863
R103_C110,150,180,13.387500762939453
R103_C111,150,180,11.8125
R103_C112,150,180,11.8125
R103_C113,150,180,11.8125
R103_C114,150,180,11.8125
R103_C115,150,180,13.387500762939453
R103_C116,150,180,13.387500762939453
R103_C117,150,180,14.175000190734863
R103_C118,150,180,11.8125
R103_C119,150,180,11.8125
R103_C120,150,180,11.8125
R103_C121,150,180,11.8125
R103_C122,150,180,11.8125
R103_C123,150,180,11.8125
R103_C124,150,180,13.387500762939453
R103_C125,150,180,11.8125
R103_C126,150,180,11.8125
R103_C127,150,180,13.387500762939453
R103_C128,150,180,13.387500762939453
R103_C129,150,180,13.387500762939453
R103_C130,150,180,13.387500762939453
R103_C131,150,180,13.387500762939453
R103_C132,150,180,13.387500762939453
R103_C133,150,180,13.387500762939453
R103_C134,150,180,11.8125
R103_C135,150,180,11.8125
R103_C136,150,180,14.175000190734863
R104_C074,150,180,13.387500762939453
R104_C075,150,180,14.175000190734863
R104_C076,150,180,11.8125
R104_C077,150,180,14.175000190734863
R104_C078,150,180,11.8125
R104_C079,150,180,11.8125
R104_C080,150,180,13.387500762939453
R104_C081,150,180,14.175000190734863
R104_C082,150,180,11.8125
R104_C083,150,180,11.8125
R104_C084,150,180,11.8125
R104_C085,150,180,11.8125
R104_C086,150,180,11.8125
R104_C087,150,180,11.8125
R104_C088,150,180,11.8125
R104_C089,150,180,11.8125
R104_C090,150,180,11.8125
R104_C091,150,180,11.8125
R104_C092,150,180,11.8125
R104_C093,150,180,14.175000190734863
R104_C094,150,180,13.387500762939453
R104_C095,150,180,13.387500762939453
R104_C096,150,180,11.8125
R104_C097,150,180,11.8125
R104_C098,150,180,13.387500762939453
R104_C099,150,180,13.387500762939453
R104_C100,150,180,13.387500762939453
R104_C101,150,180,13.387500762939453
R104_C102,150,180,13.387500762939453
R104_C103,150,180,14.175000190734863
R104_C104,150,180,13.387500762939453
R104_C105,150,180,13.387500762939453
R104_C106,150,180,14.175000190734863
R104_C107,150,180,14.175000190734863
R104_C108,150,180,11.8125
R104_C109,150,180,11.8125
R104_C110,150,180,13.387500762939453
R104_C111,150,180,11.8125
R104_C112,150,180,11.8125
R104_C113,150,180,13.387500762939453
R104_C114,150,180,13.387500762939453
R104_C115,150,180,13.387500762939453
R104_C116,150,180,11.8125
R104_C117,150,180,14.175000190734863
R104_C118,150,180,11.8125
R104_C119,150,180,11.8125
R104_C120,150,180,11.8125
R104_C121,150,180,11.8125
R104_C122,150,180,11.8125
R104_C123,150,180,11.8125
R104_C124,150,180,13.387500762939453
R104_C125,150,180,13.387500762939453
R104_C126,150,180,13.387500762939453
R104_C127,150,180,14.175000190734863
R104_C128,150,180,13.387500762939453
R104_C129,150,180,13.387500762939453
R104_C130,150,180,11.8125
R104_C131,150,180,11.8125
R104_C132,150,180,11.8125
R104_C133,150,180,13.387500762939453
R104_C134,150,180,13.387500762939453
R105_C076,150,180,11.8125
R105_C077,150,180,11.8125
R105_C078,150,180,11.8125
R105_C079,150,180,11.8125
R105_C080,150,180,13.387500762939453
R105_C081,150,180,11.8125
R105_C082,150,180,11.8125
R105_C083,150,180,11.8125
R105_C084,150,180,14.175000190734863
R105_C085,150,180,14.175000190734863
R105_C086,150,180,11.8125
R105_C087,150,180,11.8125
R105_C088,150,180,11.8125
R105_C089,150,180,11.8125
R105_C090,150,180,11.8125
R105_C091,150,180,11.8125
R105_C092,150,180,11.8125
R105_C093,150,180,13.387500762939453
R105_C094,150,180,11.8125
R105_C095,150,180,11.8125
R105_C096,150,180,11.8125
R105_C097,150,180,11.8125
R105_C098,150,180,13.387500762939453
R105_C099,150,180,13.387500762939453
R105_C100,150,180,13.387500762939453
R105_C101,150,180,13.387500762939453
R105_C102,150,180,13.387500762939453
R105_C103,150,180,13.387500762939453
R105_C104,150,180,13.387500762939453
R105_C105,150,180,13.387500762939453
R105_C106,150,180,13.387500762939453
R105_C107,150,180,13.387500762939453
R105_C108,150,180,11.8125
R105_C109,150,180,11.8125
R105_C110,150,180,13.387500762939453
R105_C111,150,180,13.387500762939453
R105_C112,150,180,13.387500762939453
R105_C113,150,180,13.387500762939453
R105_C114,150,180,13.387500762939453
R105_C115,150,180,11.8125
R105_C116,150,180,14.175000190734863
R105_C117,150,180,11.8125
R105_C118,150,180,11.8125
R105_C119,150,180,11.8125
R105_C120,150,180,11.8125
R105_C121,150,180,13.387500762939453
R105_C122,150,180,13.387500762939453
R105_C123,150,180,13.387500762939453
R105_C124,150,180,13.387500762939453
R105_C125,150,180,11.8125
R105_C126,150,180,11.8125
R105_C127,150,180,11.8125
R105_C128,150,180,11.8125
R105_C129,150,180,11.8125
R105_C130,150,180,11.8125
R105_C131,150,180,11.8125
R105_C132,150,180,11.8125
R105_C133,150,180,11.8125
R106_C077,150,180,11.8125
R106_C078,150,180,11.8125
R106_C079,150,180,13.387500762939453
R106_C080,150,180,13.387500762939453
R106_C081,150,180,11.8125
R106_C082,150,180,11.8125
R106_C083,150,180,14.175000190734863
R106_C084,150,180,11.8125
R106_C085,150,180,11.8125
R106_C086,150,180,11.8125
R106_C087,150,180,11.8125
R106_C088,150,180,11.8125
R106_C089,150,180,11.8125
R106_C090,150,180,11.8125
R106_C091,150,180,11.8125
R106_C092,150,180,14.175000190734863
R106_C093,150,180,14.175000190734863
R106_C094,150,180,11.8125
R106_C095,150,180,11.8125
R106_C096,150,180,14.175000190734863
R106_C097,150,180,11.8125
R106_C098,150,180,13.387500762939453
R106_C099,150,180,13.387500762939453
R106_C100,150,180,13.387500762939453
R106_C101,150,180,11.8125
R106_C102,150,180,11.8125
R106_C103,150,180,11.8125
R106_C104,150,180,13.387500762939453
R106_C105,150,180,11.8125
R106_C106,150,180,11.8125
R106_C107,150,180,11.8125
R106_C108,150,180,11.8125
R106_C109,150,180,11.8125
R106_C110,150,180,13.387500762939453
R106_C111,150,180,13.387500762939453
R106_C112,150,180,13.387500762939453
R106_C113,150,180,11.8125
R106_C114,150,180,11.8125
R106_C115,150,180,11.8125
R106_C116,150,180,11.8125
R106_C117,150,180,11.8125
R106_C118,150,180,14.175000190734863
R106_C119,150,180,11.8125
R106_C120,150,180,13.387500762939453
R106_C121,150,180,13.387500762939453
R106_C122,150,180,13.387500762939453
R106_C123,150,180,11.8125
R106_C124,150,180,11.8125
R106_C125,150,180,11.8125
R106_C126,150,180,11.8125
R106_C127,150,180,11.8125
R106_C128,150,180,11.8125
R106_C129,150,180,11.8125
R106_C130,150,180,11.8125
R106_C131,150,180,11.8125
R107_C078,150,180,11.8125
R107_C079,150,180,13.387500762939453
R107_C080,150,180,13.387500762939453
R107_C081,150,180,11.8125
R107_C082,150,180,11.8125
R107_C083,150,180,11.8125
R107_C084,150,180,11.8125
R107_C085,150,180,11.8125
R107_C086,150,180,11.8125
R107_C087,150,180,11.8125
R107_C088,150,180,11.8125
R107_C089,150,180,11.8125
R107_C090,150,180,11.8125
R107_C091,150,180,11.8125
R107_C092,150,180,11.8125
R107_C093,150,180,11.8125
R107_C094,150,180,11.8125
R107_C095,150,180,11.8125
R107_C096,150,180,14.175000190734863
R107_C097,150,180,11.8125
R107_C098,150,180,13.387500762939453
R107_C099,150,180,11.8125
R107_C100,150,180,13.387500762939453
R107_C101,150,180,13.387500762939453
R107_C102,150,180,13.387500762939453
R107_C103,150,180,13.387500762939453
R107_C104,150,180,13.387500762939453
R107_C105,150,180,11.8125
R107_C106,150,180,11.8125
R107_C107,150,180,14.175000190734863
R107_C108,150,180,13.387500762939453
R107_C109,150,180,13.387500762939453
R107_C110,150,180,13.387500762939453
R107_C111,150,180,11.8125
R107_C112,150,180,13.387500762939453
R107_C113,150,180,11.8125
R107_C114,150,180,11.8125
R107_C115,150,180,11.8125
R107_C116,150,180,11.8125
R107_C117,150,180,11.8125
R107_C118,150,180,11.8125
R107_C119,150,180,13.387500762939453
R107_C120,150,180,13.387500762939453
R107_C121,150,180,13.387500762939453
R107_C122,150,180,11.8125
R107_C123,150,180,11.8125
R107_C124,150,180,11.8125
R107_C125,150,180,11.8125
R107_C126,150,180,11.8125
R107_C127,150,180,11.8125
R107_C128,150,180,11.8125
R107_C129,150,180,11.8125
R108_C080,150,180,13.387500762939453
R108_C081,150,180,11.8125
R108_C082,150,180,11.8125
R108_C083,150,180,11.8125
R108_C084,150,180,11.8125
R108_C085,150,180,11.8125
R108_C086,150,180,11.8125
R108_C087,150,180,11.8125
R108_C088,150,180,11.8125
R108_C089,150,180,11.8125
R108_C090,150,180,11.8125
R108_C091,150,180,14.175000190734863
R108_C092,150,180,11.8125
R108_C093,150,180,14.175000190734863
R108_C094,150,180,11.8125
R108_C095,150,180,14.175000190734863
R108_C096,150,180,11.8125
R108_C097,150,180,13.387500762939453
R108_C098,150,180,13.387500762939453
R108_C099,150,180,14.175000190734863
R108_C100,150,180,13.387500762939453
R108_C101,150,180,13.387500762939453
R108_C102,150,180,13.387500762939453
R108_C103,150,180,13.387500762939453
R108_C104,150,180,13.387500762939453
R108_C105,150,180,11.8125
R108_C106,150,180,11.8125
R108_C107,150,180,13.387500762939453
R108_C108,150,180,13.387500762939453
R108_C109,150,180,13.387500762939453
R108_C110,150,180,13.387500762939453
R108_C111,150,180,13.387500762939453
R108_C112,150,180,13.387500762939453
R108_C113,150,180,13.387500762939453
R108_C114,150,180,11.8125
R108_C115,150,180,11.8125
R108_C116,150,180,14.175000190734863
R108_C117,150,180,11.8125
R108_C118,150,180,13.387500762939453
R108_C119,150,180,13.387500762939453
R108_C120,150,180,13.387500762939453
R108_C121,150,180,11.8125
R108_C122,150,180,14.175000190734863
R108_C123,150,180,11.8125
R108_C124,150,180,11.8125
R108_C125,150,180,11.8125
R108_C126,150,180,11.8125
R108_C127,150,180,4.725000381469727
R109_C081,150,180,11.8125
R109_C082,150,180,11.8125
R109_C083,150,180,11.8125
R109_C084,150,180,11.8125
R109_C085,150,180,11.8125
R109_C086,150,180,11.8125
R109_C087,150,180,11.8125
R109_C088,150,180,11.8125
R109_C089,150,180,11.8125
R109_C090,150,180,11.8125
R109_C091,150,180,11.8125
R109_C092,150,180,14.175000190734863
R109_C093,150,180,14.175000190734863
R109_C094,150,180,11.8125
R109_C095,150,180,14.175000190734863
R109_C096,150,180,14.175000190734863
R109_C097,150,180,13.387500762939453
R109_C098,150,180,13.387500762939453
R109_C099,150,180,13.387500762939453
R109_C100,150,180,13.387500762939453
R109_C101,150,180,13.387500762939453
R109_C102,150,180,13.387500762939453
R109_C103,150,180,13.387500762939453
R109_C104,150,180,13.387500762939453
R109_C105,150,180,13.387500762939453
R109_C106,150,180,13.387500762939453
R109_C107,150,180,13.387500762939453
R109_C108,150,180,13.387500762939453
R109_C109,150,180,11.8125
R109_C110,150,180,11.8125
R109_C111,150,180,11.8125
R109_C112,150,180,13.387500762939453
R109_C113,150,180,13.387500762939453
R109_C114,150,180,13.387500762939453
R109_C115,150,180,13.387500762939453
R109_C116,150,180,11.8125
R109_C117,150,180,13.387500762939453
R109_C118,150,180,13.387500762939453
R109_C119,150,180,13.387500762939453
R109_C120,150,180,11.8125
R109_C121,150,180,11.8125
R109_C122,150,180,11.8125
R109_C123,150,180,11.8125
R109_C124,150,180,11.8125
R109_C125,150,180,4.725000381469727
R110_C082,150,180,11.8125
R110_C083,150,180,11.8125
R110_C084,150,180,11.8125
R110_C085,150,180,11.8125
R110_C086,150,180,11.8125
R110_C087,150,180,11.8125
R110_C088,150,180,11.8125
R110_C089,150,180,13.387500762939453
R110_C090,150,180,13.387500762939453
R110_C091,150,180,13.387500762939453
R110_C092,150,180,13.387500762939453
R110_C093,150,180,13.387500762939453
R110_C094,150,180,13.387500762939453
R110_C095,150,180,13.387500762939453
R110_C096,150,180,13.387500762939453
R110_C097,150,180,13.387500762939453
R110_C098,150,180,13.387500762939453
R110_C099,150,180,13.387500762939453
R110_C100,150,180,13.387500762939453
R110_C101,150,180,11.8125
R110_C102,150,180,11.8125
R110_C103,150,180,11.8125
R110_C104,150,180,13.387500762939453
R110_C105,150,180,13.387500762939453
R110_C106,150,180,13.387500762939453
R110_C107,150,180,11.8125
R110_C108,150,180,11.8125
R110_C109,150,180,11.8125
R110_C110,150,180,11.8125
R110_C111,150,180,11.8125
R110_C112,150,180,11.8125
R110_C113,150,180,11.8125
R110_C114,150,180,11.8125
R110_C115,150,180,11.8125
R110_C116,150,180,13.387500762939453
R110_C117,150,180,13.387500762939453
R110_C118,150,180,13.387500762939453
R110_C119,150,180,11.8125
R110_C120,150,180,11.8125
R110_C121,150,180,11.8125
R110_C122,150,180,11.8125
R110_C123,150,180,11.8125
R111_C083,150,180,11.8125
R111_C084,150,180,11.8125
R111_C085,150,180,11.8125
R111_C086,150,180,11.8125
R111_C087,150,180,11.8125
R111_C088,150,180,14.175000190734863
R111_C089,150,180,13.387500762939453
R111_C090,150,180,14.175000190734863
R111_C091,150,180,14.175000190734863
R111_C092,150,180,14.175000190734863
R111_C093,150,180,14.175000190734863
R111_C094,150,180,4.725000381469727
R111_C095,150,180,4.725000381469727
R111_C096,150,180,13.387500762939453
R111_C097,150,180,14.175000190734863
R111_C098,150,180,13.387500762939453
R111_C099,150,180,13.387500762939453
R111_C100,150,180,14.175000190734863
R111_C101,150,180,11.8125
R111_C102,150,180,11.8125
R111_C103,150,180,13.387500762939453
R111_C104,150,180,13.387500762939453
R111_C105,150,180,13.387500762939453
R111_C106,150,180,11.8125
R111_C107,150,180,11.8125
R111_C108,150,180,11.8125
R111_C109,150,180,11.8125
R111_C110,150,180,11.8125
R111_C111,150,180,11.8125
R111_C112,150,180,11.8125
R111_C113,150,180,11.8125
R111_C114,150,180,11.8125
R111_C115,150,180,13.387500762939453
R111_C116,150,180,13.387500762939453
R111_C117,150,180,13.387500762939453
R111_C118,150,180,11.8125
R111_C119,150,180,11.8125
R111_C120,150,180,11.8125
R111_C121,150,180,11.8125
R112_C085,150,180,11.8125
R112_C086,150,180,11.8125
R112_C087,150,180,14.175000190734863
R112_C088,150,180,13.387500762939453
R112_C089,150,180,13.387500762939453
R112_C090,150,180,13.387500762939453
R112_C091,150,180,13.387500762939453
R112_C092,150,180,13.387500762939453
R112_C093,150,180,13.387500762939453
R112_C094,150,180,13.387500762939453
R112_C095,150,180,13.387500762939453
R112_C096,150,180,13.387500762939453
R112_C097,150,180,14.175000190734863
R112_C098,150,180,13.387500762939453
R112_C099,150,180,14.175000190734863
R112_C100,150,180,13.387500762939453
R112_C101,150,180,14.175000190734863
R112_C102,150,180,13.387500762939453
R112_C103,150,180,13.387500762939453
R112_C104,150,180,13.387500762939453
R112_C105,150,180,11.8125
R112_C106,150,180,11.8125
R112_C107,150,180,11.8125
R112_C108,150,180,11.8125
R112_C109,150,180,11.8125
R112_C110,150,180,11.8125
R112_C111,150,180,11.8125
R112_C112,150,180,11.8125
R112_C113,150,180,11.8125
R112_C114,150,180,13.387500762939453
R112_C115,150,180,13.387500762939453
R112_C116,150,180,13.387500762939453
R112_C117,150,180,11.8125
R112_C118,150,180,11.8125
R112_C119,150,180,11.8125
R112_C120,150,180,11.8125
R113_C086,150,180,14.175000190734863
R113_C087,150,180,11.8125
R113_C088,150,180,11.8125
R113_C089,150,180,11.8125
R113_C090,150,180,14.175000190734863
R113_C091,150,180,13.387500762939453
R113_C092,150,180,13.387500762939453
R113_C093,150,180,14.175000190734863
R113_C094,150,180,14.175000190734863
R113_C095,150,180,14.175000190734863
R113_C096,150,180,14.175000190734863
R113_C097,150,180,14.175000190734863
R113_C098,150,180,13.387500762939453
R113_C099,150,180,11.8125
R113_C100,150,180,13.387500762939453
R113_C101,150,180,13.387500762939453
R113_C102,150,180,13.387500762939453
R113_C103,150,180,11.8125
R113_C104,150,180,11.8125
R113_C105,150,180,11.8125
R113_C106,150,180,11.8125
R113_C107,150,180,11.8125
R113_C108,150,180,11.8125
R113_C109,150,180,11.8125
R113_C110,150,180,11.8125
R113_C111,150,180,11.8125
R113_C112,150,180,11.8125
R113_C113,150,180,13.387500762939453
R113_C114,150,180,13.387500762939453
R113_C115,150,180,13.387500762939453
R113_C116,150,180,13.387500762939453
R113_C117,150,180,11.8125
R113_C118,150,180,11.8125
R114_C087,150,180,11.8125
R114_C088,150,180,13.387500762939453
R114_C089,150,180,14.175000190734863
R114_C090,150,180,14.175000190734863
R114_C091,150,180,14.175000190734863
R114_C092,150,180,11.8125
R114_C093,150,180,11.8125
R114_C094,150,180,14.175000190734863
R114_C095,150,180,14.175000190734863
R114_C096,150,180,13.387500762939453
R114_C097,150,180,11.8125
R114_C098,150,180,14.175000190734863
R114_C099,150,180,13.387500762939453
R114_C100,150,180,13.387500762939453
R114_C101,150,180,13.387500762939453
R114_C102,150,180,11.8125
R114_C103,150,180,11.8125
R114_C104,150,180,11.8125
R114_C105,150,180,11.8125
R114_C106,150,180,11.8125
R114_C107,150,180,11.8125
R114_C108,150,180,11.8125
R114_C109,150,180,11.8125
R114_C110,150,180,11.8125
R114_C111,150,180,11.8125
R114_C112,150,180,13.387500762939453
R114_C113,150,180,13.387500762939453
R114_C114,150,180,13.387500762939453
R114_C115,150,180,13.387500762939453
R114_C116,150,180,11.8125
R115_C089,150,180,13.387500762939453
R115_C090,150,180,13.387500762939453
R115_C091,150,180,13.387500762939453
R115_C092,150,180,13.387500762939453
R115_C093,150,180,13.387500762939453
R115_C094,150,180,13.387500762939453
R115_C095,150,180,13.387500762939453
R115_C096,150,180,13.387500762939453
R115_C097,150,180,14.175000190734863
R115_C098,150,180,13.387500762939453
R115_C099,150,180,13.387500762939453
R115_C100,150,180,13.387500762939453
R115_C101,150,180,11.8125
R115_C102,150,180,11.8125
R115_C103,150,180,11.8125
R115_C104,150,180,11.8125
R115_C105,150,180,11.8125
R115_C106,150,180,11.8125
R116_C090,150,180,11.8125
R116_C091,150,180,11.8125
