{
"type": "FeatureCollection",
"name": "runoff_cells",
"crs": { "type": "name", "properties": { "name": "urn:ogc:def:crs:EPSG::32643" } },
"features": [
{ "type": "Feature", "properties": { "cell_id": "R068_C090", "row": 68, "col": 90, "x": 377177.79057912464, "y": 2046921.902720903, "cell_area_m2": 900.0, "runoff_coefficient": 0.85000002384185791, "surface_class": "road" }, "geometry": { "type": "Point", "coordinates": [ 377177.790579124644864, 2046921.902720903046429 ] } },
{ "type": "Feature", "properties": { "cell_id": "R068_C091", "row": 68, "col": 91, "x": 377207.79057912464, "y": 2046921.902720903, "cell_area_m2": 900.0, "runoff_coefficient": 0.75, "surface_class": "default_urban" }, "geometry": { "type": "Point", "coordinates": [ 377207.790579124644864, 2046921.902720903046429 ] } },
{ "type": "Feature", "properties": { "cell_id": "R068_C092", "row": 68, "col": 92, "x": 377237.79057912464, "y": 2046921.902720903, "cell_area_m2": 900.0, "runoff_coefficient": 0.75, "surface_class": "default_urban" }, "geometry": { "type": "Point", "coordinates": [ 377237.790579124644864, 2046921.902720903046429 ] } },
{ "type": "Feature", "properties": { "cell_id": "R068_C093", "row": 68, "col": 93, "x": 377267.79057912464, "y": 2046921.902720903, "cell_area_m2": 900.0, "runoff_coefficient": 0.75, "surface_class": "default_urban" }, "geometry": { "type": "Point", "coordinates": [ 377267.790579124644864, 2046921.902720903046429 ] } },
{ "type": "Feature", "properties": { "cell_id": "R068_C094", "row": 68, "col": 94, "x": 377297.79057912464, "y": 2046921.902720903, "cell_area_m2": 900.0, "runoff_coefficient": 0.75, "surface_class": "default_urban" }, "geometry": { "type": "Point", "coordinates": [ 377297.790579124644864, 2046921.902720903046429 ] } },
{ "type": "Feature", "properties": { "cell_id": "R068_C095", "row": 68, "col": 95, "x": 377327.79057912464, "y": 2046921.902720903, "cell_area_m2": 900.0, "runoff_coefficient": 0.75, "surface_class": "default_urban" }, "geometry": { "type": "Point", "coordinates": [ 377327.790579124644864, 2046921.902720903046429 ] } },
{ "type": "Feature", "properties": { "cell_id": "R068_C096", "row": 68, "col": 96, "x": 377357.79057912464, "y": 2046921.902720903, "cell_area_m2": 900.0, "runoff_coefficient": 0.85000002384185791, "surface_class": "road" }, "geometry": { "type": "Point", "coordinates": [ 377357.790579124644864, 2046921.902720903046429 ] } },
{ "type": "Feature", "properties": { "cell_id": "R068_C097", "row": 68, "col": 97, "x": 377387.79057912464, "y": 2046921.902720903, "cell_area_m2": 900.0, "runoff_coefficient": 0.85000002384185791, "surface_class": "road" }, "geometry": { "type": "Point", "coordinates": [ 377387.790579124644864, 2046921.902720903046429 ] } },
{ "type": "Feature", "properties": { "cell_id": "R068_C098", "row": 68, "col": 98, "x": 377417.79057912464, "y": 2046921.902720903, "cell_area_m2": 900.0, "runoff_coefficient": 0.75, "surface_class": "default_urban" }, "geometry": { "type": "Point", "coordinates": [ 377417.790579124644864, 2046921.902720903046429 ] } },
{ "type": "Feature", "properties": { "cell_id": "R068_C099", "row": 68, "col": 99, "x": 377447.79057912464, "y": 2046921.902720903, "cell_area_m2": 900.0, "runoff_coefficient": 0.75, "surface_class": "default_urban" }, "geometry": { "type": "Point", "coordinates": [ 377447.790579124644864, 2046921.902720903046429 ] } },
{ "type": "Feature", "properties": { "cell_id": "R068_C100", "row": 68, "col": 100, "x": 377477.79057912464, "y": 2046921.902720903, "cell_area_m2": 900.0, "runoff_coefficient": 0.75, "surface_class": "default_urban" }, "geometry": { "type": "Point", "coordinates": [ 377477.790579124644864, 2046921.902720903046429 ] } },
{ "type": "Feature", "properties": { "cell_id": "R068_C101", "row": 68, "col": 101, "x": 377507.79057912464, "y": 2046921.902720903, "cell_area_m2": 900.0, "runoff_coefficient": 0.75, "surface_class": "default_urban" }, "geometry": { "type": "Point", "coordinates": [ 377507.790579124644864, 2046921.902720903046429 ] } },
{ "type": "Feature", "properties": { "cell_id": "R068_C102", "row": 68, "col": 102, "x": 377537.79057912464, "y": 2046921.902720903, "cell_area_m2": 900.0, "runoff_coefficient": 0.75, "surface_class": "default_urban" }, "geometry": { "type": "Point", "coordinates": [ 377537.790579124644864, 2046921.902720903046429 ] } },
{ "type": "Feature", "properties": { "cell_id": "R068_C103", "row": 68, "col": 103, "x": 377567.79057912464, "y": 2046921.902720903, "cell_area_m2": 900.0, "runoff_coefficient": 0.30000001192092896, "surface_class": "green_open" }, "geometry": { "type": "Point", "coordinates": [ 377567.790579124644864, 2046921.902720903046429 ] } },
{ "type": "Feature", "properties": { "cell_id": "R068_C104", "row": 68, "col": 104, "x": 377597.79057912464, "y": 2046921.902720903, "cell_area_m2": 900.0, "runoff_coefficient": 0.30000001192092896, "surface_class": "green_open" }, "geometry": { "type": "Point", "coordinates": [ 377597.790579124644864, 2046921.902720903046429 ] } },
{ "type": "Feature", "properties": { "cell_id": "R068_C105", "row": 68, "col": 105, "x": 377627.79057912464, "y": 2046921.902720903, "cell_area_m2": 900.0, "runoff_coefficient": 0.75, "surface_class": "default_urban" }, "geometry": { "type": "Point", "coordinates": [ 377627.790579124644864, 2046921.902720903046429 ] } },
{ "type": "Feature", "properties": { "cell_id": "R068_C106", "row": 68, "col": 106, "x": 377657.79057912464, "y": 2046921.902720903, "cell_area_m2": 900.0, "runoff_coefficient": 0.75, "surface_class": "default_urban" }, "geometry": { "type": "Point", "coordinates": [ 377657.790579124644864, 2046921.902720903046429 ] } },
{ "type": "Feature", "properties": { "cell_id": "R068_C107", "row": 68, "col": 107, "x": 377687.79057912464, "y": 2046921.902720903, "cell_area_m2": 900.0, "runoff_coefficient": 0.75, "surface_class": "default_urban" }, "geometry": { "type": "Point", "coordinates": [ 377687.790579124644864, 2046921.902720903046429 ] } },
{ "type": "Feature", "properties": { "cell_id": "R068_C108", "row": 68, "col": 108, "x": 377717.79057912464, "y": 2046921.902720903, "cell_area_m2": 900.0, "runoff_coefficient": 0.89999997615814209, "surface_class": "building" }, "geometry": { "type": "Point", "coordinates": [ 377717.790579124644864, 2046921.902720903046429 ] } },
{ "type": "Feature", "properties": { "cell_id": "R068_C109", "row": 68, "col": 109, "x": 377747.79057912464, "y": 2046921.902720903, "cell_area_m2": 900.0, "runoff_coefficient": 0.75, "surface_class": "default_urban" }, "geometry": { "type": "Point", "coordinates": [ 377747.790579124644864, 2046921.902720903046429 ] } },
{ "type": "Feature", "properties": { "cell_id": "R068_C110", "row": 68, "col": 110, "x": 377777.79057912464, "y": 2046921.902720903, "cell_area_m2": 900.0, "runoff_coefficient": 0.85000002384185791, "surface_class": "road" }, "geometry": { "type": "Point", "coordinates": [ 377777.790579124644864, 2046921.902720903046429 ] } },
{ "type": "Feature", "properties": { "cell_id": "R068_C111", "row": 68, "col": 111, "x": 377807.79057912464, "y": 2046921.902720903, "cell_area_m2": 900.0, "runoff_coefficient": 0.89999997615814209, "surface_class": "building" }, "geometry": { "type": "Point", "coordinates": [ 377807.790579124644864, 2046921.902720903046429 ] } },
{ "type": "Feature", "properties": { "cell_id": "R068_C112", "row": 68, "col": 112, "x": 377837.79057912464, "y": 2046921.902720903, "cell_area_m2": 900.0, "runoff_coefficient": 0.89999997615814209, "surface_class": "building" }, "geometry": { "type": "Point", "coordinates": [ 377837.790579124644864, 2046921.902720903046429 ] } },
{ "type": "Feature", "properties": { "cell_id": "R068_C113", "row": 68, "col": 113, "x": 377867.79057912464, "y": 2046921.902720903, "cell_area_m2": 900.0, "runoff_coefficient": 0.89999997615814209, "surface_class": "building" }, "geometry": { "type": "Point", "coordinates": [ 377867.790579124644864, 2046921.902720903046429 ] } },
{ "type": "Feature", "properties": { "cell_id": "R068_C114", "row": 68, "col": 114, "x": 377897.79057912464, "y": 2046921.902720903, "cell_area_m2": 900.0, "runoff_coefficient": 0.85000002384185791, "surface_class": "road" }, "geometry": { "type": "Point", "coordinates": [ 377897.790579124644864, 2046921.902720903046429 ] } },
{ "type": "Feature", "properties": { "cell_id": "R068_C115", "row": 68, "col": 115, "x": 377927.79057912464, "y": 2046921.902720903, "cell_area_m2": 900.0, "runoff_coefficient": 0.85000002384185791, "surface_class": "road" }, "geometry": { "type": "Point", "coordinates": [ 377927.790579124644864, 2046921.902720903046429 ] } },
{ "type": "Feature", "properties": { "cell_id": "R068_C116", "row": 68, "col": 116, "x": 377957.79057912464, "y": 2046921.902720903, "cell_area_m2": 900.0, "runoff_coefficient": 0.85000002384185791, "surface_class": "road" }, "geometry": { "type": "Point", "coordinates": [ 377957.790579124644864, 2046921.902720903046429 ] } },
{ "type": "Feature", "properties": { "cell_id": "R068_C117", "row": 68, "col": 117, "x": 377987.79057912464, "y": 2046921.902720903, "cell_area_m2": 900.0, "runoff_coefficient": 0.75, "surface_class": "default_urban" }, "geometry": { "type": "Point", "coordinates": [ 377987.790579124644864, 2046921.902720903046429 ] } },
{ "type": "Feature", "properties": { "cell_id": "R068_C118", "row": 68, "col": 118, "x": 378017.79057912464, "y": 2046921.902720903, "cell_area_m2": 900.0, "runoff_coefficient": 0.89999997615814209, "surface_class": "building" }, "geometry": { "type": "Point", "coordinates": [ 378017.790579124644864, 2046921.902720903046429 ] } },
{ "type": "Feature", "properties": { "cell_id": "R068_C119", "row": 68, "col": 119, "x": 378047.79057912464, "y": 2046921.902720903, "cell_area_m2": 900.0, "runoff_coefficient": 0.89999997615814209, "surface_class": "building" }, "geometry": { "type": "Point", "coordinates": [ 378047.790579124644864, 2046921.902720903046429 ] } },
{ "type": "Feature", "properties": { "cell_id": "R068_C120", "row": 68, "col": 120, "x": 378077.79057912464, "y": 2046921.902720903, "cell_area_m2": 900.0, "runoff_coefficient": 0.75, "surface_class": "default_urban" }, "geometry": { "type": "Point", "coordinates": [ 378077.790579124644864, 2046921.902720903046429 ] } },
{ "type": "Feature", "properties": { "cell_id": "R069_C082", "row": 69, "col": 82, "x": 376937.79057912464, "y": 2046891.902720903, "cell_area_m2": 900.0, "runoff_coefficient": 0.75, "surface_class": "default_urban" }, "geometry": { "type": "Point", "coordinates": [ 376937.790579124644864, 2046891.902720903046429 ] } },
{ "type": "Feature", "properties": { "cell_id": "R069_C083", "row": 69, "col": 83, "x": 376967.79057912464, "y": 2046891.902720903, "cell_area_m2": 900.0, "runoff_coefficient": 0.75, "surface_class": "default_urban" }, "geometry": { "type": "Point", "coordinates": [ 376967.790579124644864, 2046891.902720903046429 ] } },
{ "type": "Feature", "properties": { "cell_id": "R069_C084", "row": 69, "col": 84, "x": 376997.79057912464, "y": 2046891.902720903, "cell_area_m2": 900.0, "runoff_coefficient": 0.89999997615814209, "surface_class": "building" }, "geometry": { "type": "Point", "coordinates": [ 376997.790579124644864, 2046891.902720903046429 ] } },
{ "type": "Feature", "properties": { "cell_id": "R069_C085", "row": 69, "col": 85, "x": 377027.79057912464, "y": 2046891.902720903, "cell_area_m2": 900.0, "runoff_coefficient": 0.85000002384185791, "surface_class": "road" }, "geometry": { "type": "Point", "coordinates": [ 377027.790579124644864, 2046891.902720903046429 ] } },
{ "type": "Feature", "properties": { "cell_id": "R069_C086", "row": 69, "col": 86, "x": 377057.79057912464, "y": 2046891.902720903, "cell_area_m2": 900.0, "runoff_coefficient": 0.75, "surface_class": "default_urban" }, "geometry": { "type": "Point", "coordinates": [ 377057.790579124644864, 2046891.902720903046429 ] } },
{ "type": "Feature", "properties": { "cell_id": "R069_C087", "row": 69, "col": 87, "x": 377087.79057912464, "y": 2046891.902720903, "cell_area_m2": 900.0, "runoff_coefficient": 0.75, "surface_class": "default_urban" }, "geometry": { "type": "Point", "coordinates": [ 377087.790579124644864, 2046891.902720903046429 ] } },
{ "type": "Feature", "properties": { "cell_id": "R069_C088", "row": 69, "col": 88, "x": 377117.79057912464, "y": 2046891.902720903, "cell_area_m2": 900.0, "runoff_coefficient": 0.85000002384185791, "surface_class": "road" }, "geometry": { "type": "Point", "coordinates": [ 377117.790579124644864, 2046891.902720903046429 ] } },
{ "type": "Feature", "properties": { "cell_id": "R069_C089", "row": 69, "col": 89, "x": 377147.79057912464, "y": 2046891.902720903, "cell_area_m2": 900.0, "runoff_coefficient": 0.85000002384185791, "surface_class": "road" }, "geometry": { "type": "Point", "coordinates": [ 377147.790579124644864, 2046891.902720903046429 ] } },
{ "type": "Feature", "properties": { "cell_id": "R069_C090", "row": 69, "col": 90, "x": 377177.79057912464, "y": 2046891.902720903, "cell_area_m2": 900.0, "runoff_coefficient": 0.85000002384185791, "surface_class": "road" }, "geometry": { "type": "Point", "coordinates": [ 377177.790579124644864, 2046891.902720903046429 ] } },
{ "type": "Feature", "properties": { "cell_id": "R069_C091", "row": 69, "col": 91, "x": 377207.79057912464, "y": 2046891.902720903, "cell_area_m2": 900.0, "runoff_coefficient": 0.75, "surface_class": "default_urban" }, "geometry": { "type": "Point", "coordinates": [ 377207.790579124644864, 2046891.902720903046429 ] } },
{ "type": "Feature", "properties": { "cell_id": "R069_C092", "row": 69, "col": 92, "x": 377237.79057912464, "y": 2046891.902720903, "cell_area_m2": 900.0, "runoff_coefficient": 0.75, "surface_class": "default_urban" }, "geometry": { "type": "Point", "coordinates": [ 377237.790579124644864, 2046891.902720903046429 ] } },
{ "type": "Feature", "properties": { "cell_id": "R069_C093", "row": 69, "col": 93, "x": 377267.79057912464, "y": 2046891.902720903, "cell_area_m2": 900.0, "runoff_coefficient": 0.75, "surface_class": "default_urban" }, "geometry": { "type": "Point", "coordinates": [ 377267.790579124644864, 2046891.902720903046429 ] } },
{ "type": "Feature", "properties": { "cell_id": "R069_C094", "row": 69, "col": 94, "x": 377297.79057912464, "y": 2046891.902720903, "cell_area_m2": 900.0, "runoff_coefficient": 0.75, "surface_class": "default_urban" }, "geometry": { "type": "Point", "coordinates": [ 377297.790579124644864, 2046891.902720903046429 ] } },
{ "type": "Feature", "properties": { "cell_id": "R069_C095", "row": 69, "col": 95, "x": 377327.79057912464, "y": 2046891.902720903, "cell_area_m2": 900.0, "runoff_coefficient": 0.85000002384185791, "surface_class": "road" }, "geometry": { "type": "Point", "coordinates": [ 377327.790579124644864, 2046891.902720903046429 ] } },
{ "type": "Feature", "properties": { "cell_id": "R069_C096", "row": 69, "col": 96, "x": 377357.79057912464, "y": 2046891.902720903, "cell_area_m2": 900.0, "runoff_coefficient": 0.85000002384185791, "surface_class": "road" }, "geometry": { "type": "Point", "coordinates": [ 377357.790579124644864, 2046891.902720903046429 ] } },
{ "type": "Feature", "properties": { "cell_id": "R069_C097", "row": 69, "col": 97, "x": 377387.79057912464, "y": 2046891.902720903, "cell_area_m2": 900.0, "runoff_coefficient": 0.75, "surface_class": "default_urban" }, "geometry": { "type": "Point", "coordinates": [ 377387.790579124644864, 2046891.902720903046429 ] } },
{ "type": "Feature", "properties": { "cell_id": "R069_C098", "row": 69, "col": 98, "x": 377417.79057912464, "y": 2046891.902720903, "cell_area_m2": 900.0, "runoff_coefficient": 0.75, "surface_class": "default_urban" }, "geometry": { "type": "Point", "coordinates": [ 377417.790579124644864, 2046891.902720903046429 ] } },
{ "type": "Feature", "properties": { "cell_id": "R069_C099", "row": 69, "col": 99, "x": 377447.79057912464, "y": 2046891.902720903, "cell_area_m2": 900.0, "runoff_coefficient": 0.75, "surface_class": "default_urban" }, "geometry": { "type": "Point", "coordinates": [ 377447.790579124644864, 2046891.902720903046429 ] } },
{ "type": "Feature", "properties": { "cell_id": "R069_C100", "row": 69, "col": 100, "x": 377477.79057912464, "y": 2046891.902720903, "cell_area_m2": 900.0, "runoff_coefficient": 0.75, "surface_class": "default_urban" }, "geometry": { "type": "Point", "coordinates": [ 377477.790579124644864, 2046891.902720903046429 ] } },
{ "type": "Feature", "properties": { "cell_id": "R069_C101", "row": 69, "col": 101, "x": 377507.79057912464, "y": 2046891.902720903, "cell_area_m2": 900.0, "runoff_coefficient": 0.75, "surface_class": "default_urban" }, "geometry": { "type": "Point", "coordinates": [ 377507.790579124644864, 2046891.902720903046429 ] } },
{ "type": "Feature", "properties": { "cell_id": "R069_C102", "row": 69, "col": 102, "x": 377537.79057912464, "y": 2046891.902720903, "cell_area_m2": 900.0, "runoff_coefficient": 0.30000001192092896, "surface_class": "green_open" }, "geometry": { "type": "Point", "coordinates": [ 377537.790579124644864, 2046891.902720903046429 ] } },
{ "type": "Feature", "properties": { "cell_id": "R069_C103", "row": 69, "col": 103, "x": 377567.79057912464, "y": 2046891.902720903, "cell_area_m2": 900.0, "runoff_coefficient": 0.30000001192092896, "surface_class": "green_open" }, "geometry": { "type": "Point", "coordinates": [ 377567.790579124644864, 2046891.902720903046429 ] } },
{ "type": "Feature", "properties": { "cell_id": "R069_C104", "row": 69, "col": 104, "x": 377597.79057912464, "y": 2046891.902720903, "cell_area_m2": 900.0, "runoff_coefficient": 0.75, "surface_class": "default_urban" }, "geometry": { "type": "Point", "coordinates": [ 377597.790579124644864, 2046891.902720903046429 ] } },
{ "type": "Feature", "properties": { "cell_id": "R069_C105", "row": 69, "col": 105, "x": 377627.79057912464, "y": 2046891.902720903, "cell_area_m2": 900.0, "runoff_coefficient": 0.75, "surface_class": "default_urban" }, "geometry": { "type": "Point", "coordinates": [ 377627.790579124644864, 2046891.902720903046429 ] } },
{ "type": "Feature", "properties": { "cell_id": "R069_C106", "row": 69, "col": 106, "x": 377657.79057912464, "y": 2046891.902720903, "cell_area_m2": 900.0, "runoff_coefficient": 0.89999997615814209, "surface_class": "building" }, "geometry": { "type": "Point", "coordinates": [ 377657.790579124644864, 2046891.902720903046429 ] } },
{ "type": "Feature", "properties": { "cell_id": "R069_C107", "row": 69, "col": 107, "x": 377687.79057912464, "y": 2046891.902720903, "cell_area_m2": 900.0, "runoff_coefficient": 0.75, "surface_class": "default_urban" }, "geometry": { "type": "Point", "coordinates": [ 377687.790579124644864, 2046891.902720903046429 ] } },
{ "type": "Feature", "properties": { "cell_id": "R069_C108", "row": 69, "col": 108, "x": 377717.79057912464, "y": 2046891.902720903, "cell_area_m2": 900.0, "runoff_coefficient": 0.89999997615814209, "surface_class": "building" }, "geometry": { "type": "Point", "coordinates": [ 377717.790579124644864, 2046891.902720903046429 ] } },
{ "type": "Feature", "properties": { "cell_id": "R069_C109", "row": 69, "col": 109, "x": 377747.79057912464, "y": 2046891.902720903, "cell_area_m2": 900.0, "runoff_coefficient": 0.75, "surface_class": "default_urban" }, "geometry": { "type": "Point", "coordinates": [ 377747.790579124644864, 2046891.902720903046429 ] } },
{ "type": "Feature", "properties": { "cell_id": "R069_C110", "row": 69, "col": 110, "x": 377777.79057912464, "y": 2046891.902720903, "cell_area_m2": 900.0, "runoff_coefficient": 0.89999997615814209, "surface_class": "building" }, "geometry": { "type": "Point", "coordinates": [ 377777.790579124644864, 2046891.902720903046429 ] } },
{ "type": "Feature", "properties": { "cell_id": "R069_C111", "row": 69, "col": 111, "x": 377807.79057912464, "y": 2046891.902720903, "cell_area_m2": 900.0, "runoff_coefficient": 0.85000002384185791, "surface_class": "road" }, "geometry": { "type": "Point", "coordinates": [ 377807.790579124644864, 2046891.902720903046429 ] } },
{ "type": "Feature", "properties": { "cell_id": "R069_C112", "row": 69, "col": 112, "x": 377837.79057912464, "y": 2046891.902720903, "cell_area_m2": 900.0, "runoff_coefficient": 0.85000002384185791, "surface_class": "road" }, "geometry": { "type": "Point", "coordinates": [ 377837.790579124644864, 2046891.902720903046429 ] } },
{ "type": "Feature", "properties": { "cell_id": "R069_C113", "row": 69, "col": 113, "x": 377867.79057912464, "y": 2046891.902720903, "cell_area_m2": 900.0, "runoff_coefficient": 0.85000002384185791, "surface_class": "road" }, "geometry": { "type": "Point", "coordinates": [ 377867.790579124644864, 2046891.902720903046429 ] } },
{ "type": "Feature", "properties": { "cell_id": "R069_C114", "row": 69, "col": 114, "x": 377897.79057912464, "y": 2046891.902720903, "cell_area_m2": 900.0, "runoff_coefficient": 0.75, "surface_class": "default_urban" }, "geometry": { "type": "Point", "coordinates": [ 377897.790579124644864, 2046891.902720903046429 ] } },
{ "type": "Feature", "properties": { "cell_id": "R069_C115", "row": 69, "col": 115, "x": 377927.79057912464, "y": 2046891.902720903, "cell_area_m2": 900.0, "runoff_coefficient": 0.89999997615814209, "surface_class": "building" }, "geometry": { "type": "Point", "coordinates": [ 377927.790579124644864, 2046891.902720903046429 ] } },
{ "type": "Feature", "properties": { "cell_id": "R069_C116", "row": 69, "col": 116, "x": 377957.79057912464, "y": 2046891.902720903, "cell_area_m2": 900.0, "runoff_coefficient": 0.85000002384185791, "surface_class": "road" }, "geometry": { "type": "Point", "coordinates": [ 377957.790579124644864, 2046891.902720903046429 ] } },
{ "type": "Feature", "properties": { "cell_id": "R069_C117", "row": 69, "col": 117, "x": 377987.79057912464, "y": 2046891.902720903, "cell_area_m2": 900.0, "runoff_coefficient": 0.89999997615814209, "surface_class": "building" }, "geometry": { "type": "Point", "coordinates": [ 377987.790579124644864, 2046891.902720903046429 ] } },
{ "type": "Feature", "properties": { "cell_id": "R069_C118", "row": 69, "col": 118, "x": 378017.79057912464, "y": 2046891.902720903, "cell_area_m2": 900.0, "runoff_coefficient": 0.89999997615814209, "surface_class": "building" }, "geometry": { "type": "Point", "coordinates": [ 378017.790579124644864, 2046891.902720903046429 ] } },
{ "type": "Feature", "properties": { "cell_id": "R069_C119", "row": 69, "col": 119, "x": 378047.79057912464, "y": 2046891.902720903, "cell_area_m2": 900.0, "runoff_coefficient": 0.85000002384185791, "surface_class": "road" }, "geometry": { "type": "Point", "coordinates": [ 378047.790579124644864, 2046891.902720903046429 ] } },
{ "type": "Feature", "properties": { "cell_id": "R069_C120", "row": 69, "col": 120, "x": 378077.79057912464, "y": 2046891.902720903, "cell_area_m2": 900.0, "runoff_coefficient": 0.85000002384185791, "surface_class": "road" }, "geometry": { "type": "Point", "coordinates": [ 378077.790579124644864, 2046891.902720903046429 ] } },
{ "type": "Feature", "properties": { "cell_id": "R069_C121", "row": 69, "col": 121, "x": 378107.79057912464, "y": 2046891.902720903, "cell_area_m2": 900.0, "runoff_coefficient": 0.85000002384185791, "surface_class": "road" }, "geometry": { "type": "Point", "coordinates": [ 378107.790579124644864, 2046891.902720903046429 ] } },
{ "type": "Feature", "properties": { "cell_id": "R070_C081", "row": 70, "col": 81, "x": 376907.79057912464, "y": 2046861.902720903, "cell_area_m2": 900.0, "runoff_coefficient": 0.89999997615814209, "surface_class": "building" }, "geometry": { "type": "Point", "coordinates": [ 376907.790579124644864, 2046861.902720903046429 ] } },
{ "type": "Feature", "properties": { "cell_id": "R070_C082", "row": 70, "col": 82, "x": 376937.79057912464, "y": 2046861.902720903, "cell_area_m2": 900.0, "runoff_coefficient": 0.85000002384185791, "surface_class": "road" }, "geometry": { "type": "Point", "coordinates": [ 376937.790579124644864, 2046861.902720903046429 ] } },
{ "type": "Feature", "properties": { "cell_id": "R070_C083", "row": 70, "col": 83, "x": 376967.79057912464, "y": 2046861.902720903, "cell_area_m2": 900.0, "runoff_coefficient": 0.75, "surface_class": "default_urban" }, "geometry": { "type": "Point", "coordinates": [ 376967.790579124644864, 2046861.902720903046429 ] } },
{ "type": "Feature", "properties": { "cell_id": "R070_C084", "row": 70, "col": 84, "x": 376997.79057912464, "y": 2046861.902720903, "cell_area_m2": 900.0, "runoff_coefficient": 0.75, "surface_class": "default_urban" }, "geometry": { "type": "Point", "coordinates": [ 376997.790579124644864, 2046861.902720903046429 ] } },
{ "type": "Feature", "properties": { "cell_id": "R070_C085", "row": 70, "col": 85, "x": 377027.79057912464, "y": 2046861.902720903, "cell_area_m2": 900.0, "runoff_coefficient": 0.89999997615814209, "surface_class": "building" }, "geometry": { "type": "Point", "coordinates": [ 377027.790579124644864, 2046861.902720903046429 ] } },
{ "type": "Feature", "properties": { "cell_id": "R070_C086", "row": 70, "col": 86, "x": 377057.79057912464, "y": 2046861.902720903, "cell_area_m2": 900.0, "runoff_coefficient": 0.85000002384185791, "surface_class": "road" }, "geometry": { "type": "Point", "coordinates": [ 377057.790579124644864, 2046861.902720903046429 ] } },
{ "type": "Feature", "properties": { "cell_id": "R070_C087", "row": 70, "col": 87, "x": 377087.79057912464, "y": 2046861.902720903, "cell_area_m2": 900.0, "runoff_coefficient": 0.85000002384185791, "surface_class": "road" }, "geometry": { "type": "Point", "coordinates": [ 377087.790579124644864, 2046861.902720903046429 ] } },
{ "type": "Feature", "properties": { "cell_id": "R070_C088", "row": 70, "col": 88, "x": 377117.79057912464, "y": 2046861.902720903, "cell_area_m2": 900.0, "runoff_coefficient": 0.85000002384185791, "surface_class": "road" }, "geometry": { "type": "Point", "coordinates": [ 377117.790579124644864, 2046861.902720903046429 ] } },
{ "type": "Feature", "properties": { "cell_id": "R070_C089", "row": 70, "col": 89, "x": 377147.79057912464, "y": 2046861.902720903, "cell_area_m2": 900.0, "runoff_coefficient": 0.85000002384185791, "surface_class": "road" }, "geometry": { "type": "Point", "coordinates": [ 377147.790579124644864, 2046861.902720903046429 ] } },
{ "type": "Feature", "properties": { "cell_id": "R070_C090", "row": 70, "col": 90, "x": 377177.79057912464, "y": 2046861.902720903, "cell_area_m2": 900.0, "runoff_coefficient": 0.85000002384185791, "surface_class": "road" }, "geometry": { "type": "Point", "coordinates": [ 377177.790579124644864, 2046861.902720903046429 ] } },
{ "type": "Feature", "properties": { "cell_id": "R070_C091", "row": 70, "col": 91, "x": 377207.79057912464, "y": 2046861.902720903, "cell_area_m2": 900.0, "runoff_coefficient": 0.75, "surface_class": "default_urban" }, "geometry": { "type": "Point", "coordinates": [ 377207.790579124644864, 2046861.902720903046429 ] } },
{ "type": "Feature", "properties": { "cell_id": "R070_C092", "row": 70, "col": 92, "x": 377237.79057912464, "y": 2046861.902720903, "cell_area_m2": 900.0, "runoff_coefficient": 0.75, "surface_class": "default_urban" }, "geometry": { "type": "Point", "coordinates": [ 377237.790579124644864, 2046861.902720903046429 ] } },
{ "type": "Feature", "properties": { "cell_id": "R070_C093", "row": 70, "col": 93, "x": 377267.79057912464, "y": 2046861.902720903, "cell_area_m2": 900.0, "runoff_coefficient": 0.75, "surface_class": "default_urban" }, "geometry": { "type": "Point", "coordinates": [ 377267.790579124644864, 2046861.902720903046429 ] } },
{ "type": "Feature", "properties": { "cell_id": "R070_C094", "row": 70, "col": 94, "x": 377297.79057912464, "y": 2046861.902720903, "cell_area_m2": 900.0, "runoff_coefficient": 0.85000002384185791, "surface_class": "road" }, "geometry": { "type": "Point", "coordinates": [ 377297.790579124644864, 2046861.902720903046429 ] } },
{ "type": "Feature", "properties": { "cell_id": "R070_C095", "row": 70, "col": 95, "x": 377327.79057912464, "y": 2046861.902720903, "cell_area_m2": 900.0, "runoff_coefficient": 0.85000002384185791, "surface_class": "road" }, "geometry": { "type": "Point", "coordinates": [ 377327.790579124644864, 2046861.902720903046429 ] } },
{ "type": "Feature", "properties": { "cell_id": "R070_C096", "row": 70, "col": 96, "x": 377357.79057912464, "y": 2046861.902720903, "cell_area_m2": 900.0, "runoff_coefficient": 0.75, "surface_class": "default_urban" }, "geometry": { "type": "Point", "coordinates": [ 377357.790579124644864, 2046861.902720903046429 ] } },
{ "type": "Feature", "properties": { "cell_id": "R070_C097", "row": 70, "col": 97, "x": 377387.79057912464, "y": 2046861.902720903, "cell_area_m2": 900.0, "runoff_coefficient": 0.75, "surface_class": "default_urban" }, "geometry": { "type": "Point", "coordinates": [ 377387.790579124644864, 2046861.902720903046429 ] } },
{ "type": "Feature", "properties": { "cell_id": "R070_C098", "row": 70, "col": 98, "x": 377417.79057912464, "y": 2046861.902720903, "cell_area_m2": 900.0, "runoff_coefficient": 0.75, "surface_class": "default_urban" }, "geometry": { "type": "Point", "coordinates": [ 377417.790579124644864, 2046861.902720903046429 ] } },
{ "type": "Feature", "properties": { "cell_id": "R070_C099", "row": 70, "col": 99, "x": 377447.79057912464, "y": 2046861.902720903, "cell_area_m2": 900.0, "runoff_coefficient": 0.75, "surface_class": "default_urban" }, "geometry": { "type": "Point", "coordinates": [ 377447.790579124644864, 2046861.902720903046429 ] } },
{ "type": "Feature", "properties": { "cell_id": "R070_C100", "row": 70, "col": 100, "x": 377477.79057912464, "y": 2046861.902720903, "cell_area_m2": 900.0, "runoff_coefficient": 0.75, "surface_class": "default_urban" }, "geometry": { "type": "Point", "coordinates": [ 377477.790579124644864, 2046861.902720903046429 ] } },
{ "type": "Feature", "properties": { "cell_id": "R070_C101", "row": 70, "col": 101, "x": 377507.79057912464, "y": 2046861.902720903, "cell_area_m2": 900.0, "runoff_coefficient": 0.30000001192092896, "surface_class": "green_open" }, "geometry": { "type": "Point", "coordinates": [ 377507.790579124644864, 2046861.902720903046429 ] } },
{ "type": "Feature", "properties": { "cell_id": "R070_C102", "row": 70, "col": 102, "x": 377537.79057912464, "y": 2046861.902720903, "cell_area_m2": 900.0, "runoff_coefficient": 0.30000001192092896, "surface_class": "green_open" }, "geometry": { "type": "Point", "coordinates": [ 377537.790579124644864, 2046861.902720903046429 ] } },
{ "type": "Feature", "properties": { "cell_id": "R070_C103", "row": 70, "col": 103, "x": 377567.79057912464, "y": 2046861.902720903, "cell_area_m2": 900.0, "runoff_coefficient": 0.30000001192092896, "surface_class": "green_open" }, "geometry": { "type": "Point", "coordinates": [ 377567.790579124644864, 2046861.902720903046429 ] } },
{ "type": "Feature", "properties": { "cell_id": "R070_C104", "row": 70, "col": 104, "x": 377597.79057912464, "y": 2046861.902720903, "cell_area_m2": 900.0, "runoff_coefficient": 0.75, "surface_class": "default_urban" }, "geometry": { "type": "Point", "coordinates": [ 377597.790579124644864, 2046861.902720903046429 ] } },
{ "type": "Feature", "properties": { "cell_id": "R070_C105", "row": 70, "col": 105, "x": 377627.79057912464, "y": 2046861.902720903, "cell_area_m2": 900.0, "runoff_coefficient": 0.75, "surface_class": "default_urban" }, "geometry": { "type": "Point", "coordinates": [ 377627.790579124644864, 2046861.902720903046429 ] } },
{ "type": "Feature", "properties": { "cell_id": "R070_C106", "row": 70, "col": 106, "x": 377657.79057912464, "y": 2046861.902720903, "cell_area_m2": 900.0, "runoff_coefficient": 0.75, "surface_class": "default_urban" }, "geometry": { "type": "Point", "coordinates": [ 377657.790579124644864, 2046861.902720903046429 ] } },
{ "type": "Feature", "properties": { "cell_id": "R070_C107", "row": 70, "col": 107, "x": 377687.79057912464, "y": 2046861.902720903, "cell_area_m2": 900.0, "runoff_coefficient": 0.75, "surface_class": "default_urban" }, "geometry": { "type": "Point", "coordinates": [ 377687.790579124644864, 2046861.902720903046429 ] } },
{ "type": "Feature", "properties": { "cell_id": "R070_C108", "row": 70, "col": 108, "x": 377717.79057912464, "y": 2046861.902720903, "cell_area_m2": 900.0, "runoff_coefficient": 0.75, "surface_class": "default_urban" }, "geometry": { "type": "Point", "coordinates": [ 377717.790579124644864, 2046861.902720903046429 ] } },
{ "type": "Feature", "properties": { "cell_id": "R070_C109", "row": 70, "col": 109, "x": 377747.79057912464, "y": 2046861.902720903, "cell_area_m2": 900.0, "runoff_coefficient": 0.75, "surface_class": "default_urban" }, "geometry": { "type": "Point", "coordinates": [ 377747.790579124644864, 2046861.902720903046429 ] } },
{ "type": "Feature", "properties": { "cell_id": "R070_C110", "row": 70, "col": 110, "x": 377777.79057912464, "y": 2046861.902720903, "cell_area_m2": 900.0, "runoff_coefficient": 0.89999997615814209, "surface_class": "building" }, "geometry": { "type": "Point", "coordinates": [ 377777.790579124644864, 2046861.902720903046429 ] } },
{ "type": "Feature", "properties": { "cell_id": "R070_C111", "row": 70, "col": 111, "x": 377807.79057912464, "y": 2046861.902720903, "cell_area_m2": 900.0, "runoff_coefficient": 0.75, "surface_class": "default_urban" }, "geometry": { "type": "Point", "coordinates": [ 377807.790579124644864, 2046861.902720903046429 ] } },
{ "type": "Feature", "properties": { "cell_id": "R070_C112", "row": 70, "col": 112, "x": 377837.79057912464, "y": 2046861.902720903, "cell_area_m2": 900.0, "runoff_coefficient": 0.75, "surface_class": "default_urban" }, "geometry": { "type": "Point", "coordinates": [ 377837.790579124644864, 2046861.902720903046429 ] } },
{ "type": "Feature", "properties": { "cell_id": "R070_C113", "row": 70, "col": 113, "x": 377867.79057912464, "y": 2046861.902720903, "cell_area_m2": 900.0, "runoff_coefficient": 0.89999997615814209, "surface_class": "building" }, "geometry": { "type": "Point", "coordinates": [ 377867.790579124644864, 2046861.902720903046429 ] } },
{ "type": "Feature", "properties": { "cell_id": "R070_C114", "row": 70, "col": 114, "x": 377897.79057912464, "y": 2046861.902720903, "cell_area_m2": 900.0, "runoff_coefficient": 0.89999997615814209, "surface_class": "building" }, "geometry": { "type": "Point", "coordinates": [ 377897.790579124644864, 2046861.902720903046429 ] } },
{ "type": "Feature", "properties": { "cell_id": "R070_C115", "row": 70, "col": 115, "x": 377927.79057912464, "y": 2046861.902720903, "cell_area_m2": 900.0, "runoff_coefficient": 0.89999997615814209, "surface_class": "building" }, "geometry": { "type": "Point", "coordinates": [ 377927.790579124644864, 2046861.902720903046429 ] } },
{ "type": "Feature", "properties": { "cell_id": "R070_C116", "row": 70, "col": 116, "x": 377957.79057912464, "y": 2046861.902720903, "cell_area_m2": 900.0, "runoff_coefficient": 0.85000002384185791, "surface_class": "road" }, "geometry": { "type": "Point", "coordinates": [ 377957.790579124644864, 2046861.902720903046429 ] } },
{ "type": "Feature", "properties": { "cell_id": "R070_C117", "row": 70, "col": 117, "x": 377987.79057912464, "y": 2046861.902720903, "cell_area_m2": 900.0, "runoff_coefficient": 0.89999997615814209, "surface_class": "building" }, "geometry": { "type": "Point", "coordinates": [ 377987.790579124644864, 2046861.902720903046429 ] } },
{ "type": "Feature", "properties": { "cell_id": "R070_C118", "row": 70, "col": 118, "x": 378017.79057912464, "y": 2046861.902720903, "cell_area_m2": 900.0, "runoff_coefficient": 0.75, "surface_class": "default_urban" }, "geometry": { "type": "Point", "coordinates": [ 378017.790579124644864, 2046861.902720903046429 ] } },
{ "type": "Feature", "properties": { "cell_id": "R070_C119", "row": 70, "col": 119, "x": 378047.79057912464, "y": 2046861.902720903, "cell_area_m2": 900.0, "runoff_coefficient": 0.75, "surface_class": "default_urban" }, "geometry": { "type": "Point", "coordinates": [ 378047.790579124644864, 2046861.902720903046429 ] } },
{ "type": "Feature", "properties": { "cell_id": "R070_C120", "row": 70, "col": 120, "x": 378077.79057912464, "y": 2046861.902720903, "cell_area_m2": 900.0, "runoff_coefficient": 0.75, "surface_class": "default_urban" }, "geometry": { "type": "Point", "coordinates": [ 378077.790579124644864, 2046861.902720903046429 ] } },
{ "type": "Feature", "properties": { "cell_id": "R070_C121", "row": 70, "col": 121, "x": 378107.79057912464, "y": 2046861.902720903, "cell_area_m2": 900.0, "runoff_coefficient": 0.75, "surface_class": "default_urban" }, "geometry": { "type": "Point", "coordinates": [ 378107.790579124644864, 2046861.902720903046429 ] } },
{ "type": "Feature", "properties": { "cell_id": "R070_C122", "row": 70, "col": 122, "x": 378137.79057912464, "y": 2046861.902720903, "cell_area_m2": 900.0, "runoff_coefficient": 0.75, "surface_class": "default_urban" }, "geometry": { "type": "Point", "coordinates": [ 378137.790579124644864, 2046861.902720903046429 ] } },
{ "type": "Feature", "properties": { "cell_id": "R071_C080", "row": 71, "col": 80, "x": 376877.79057912464, "y": 2046831.902720903, "cell_area_m2": 900.0, "runoff_coefficient": 0.75, "surface_class": "default_urban" }, "geometry": { "type": "Point", "coordinates": [ 376877.790579124644864, 2046831.902720903046429 ] } },
{ "type": "Feature", "properties": { "cell_id": "R071_C081", "row": 71, "col": 81, "x": 376907.79057912464, "y": 2046831.902720903, "cell_area_m2": 900.0, "runoff_coefficient": 0.75, "surface_class": "default_urban" }, "geometry": { "type": "Point", "coordinates": [ 376907.790579124644864, 2046831.902720903046429 ] } },
{ "type": "Feature", "properties": { "cell_id": "R071_C082", "row": 71, "col": 82, "x": 376937.79057912464, "y": 2046831.902720903, "cell_area_m2": 900.0, "runoff_coefficient": 0.85000002384185791, "surface_class": "road" }, "geometry": { "type": "Point", "coordinates": [ 376937.790579124644864, 2046831.902720903046429 ] } },
{ "type": "Feature", "properties": { "cell_id": "R071_C083", "row": 71, "col": 83, "x": 376967.79057912464, "y": 2046831.902720903, "cell_area_m2": 900.0, "runoff_coefficient": 0.85000002384185791, "surface_class": "road" }, "geometry": { "type": "Point", "coordinates": [ 376967.790579124644864, 2046831.902720903046429 ] } },
{ "type": "Feature", "properties": { "cell_id": "R071_C084", "row": 71, "col": 84, "x": 376997.79057912464, "y": 2046831.902720903, "cell_area_m2": 900.0, "runoff_coefficient": 0.75, "surface_class": "default_urban" }, "geometry": { "type": "Point", "coordinates": [ 376997.790579124644864, 2046831.902720903046429 ] } },
{ "type": "Feature", "properties": { "cell_id": "R071_C085", "row": 71, "col": 85, "x": 377027.79057912464, "y": 2046831.902720903, "cell_area_m2": 900.0, "runoff_coefficient": 0.89999997615814209, "surface_class": "building" }, "geometry": { "type": "Point", "coordinates": [ 377027.790579124644864, 2046831.902720903046429 ] } },
{ "type": "Feature", "properties": { "cell_id": "R071_C086", "row": 71, "col": 86, "x": 377057.79057912464, "y": 2046831.902720903, "cell_area_m2": 900.0, "runoff_coefficient": 0.85000002384185791, "surface_class": "road" }, "geometry": { "type": "Point", "coordinates": [ 377057.790579124644864, 2046831.902720903046429 ] } },
{ "type": "Feature", "properties": { "cell_id": "R071_C087", "row": 71, "col": 87, "x": 377087.79057912464, "y": 2046831.902720903, "cell_area_m2": 900.0, "runoff_coefficient": 0.85000002384185791, "surface_class": "road" }, "geometry": { "type": "Point", "coordinates": [ 377087.790579124644864, 2046831.902720903046429 ] } },
{ "type": "Feature", "properties": { "cell_id": "R071_C088", "row": 71, "col": 88, "x": 377117.79057912464, "y": 2046831.902720903, "cell_area_m2": 900.0, "runoff_coefficient": 0.85000002384185791, "surface_class": "road" }, "geometry": { "type": "Point", "coordinates": [ 377117.790579124644864, 2046831.902720903046429 ] } },
{ "type": "Feature", "properties": { "cell_id": "R071_C089", "row": 71, "col": 89, "x": 377147.79057912464, "y": 2046831.902720903, "cell_area_m2": 900.0, "runoff_coefficient": 0.85000002384185791, "surface_class": "road" }, "geometry": { "type": "Point", "coordinates": [ 377147.790579124644864, 2046831.902720903046429 ] } },
{ "type": "Feature", "properties": { "cell_id": "R071_C090", "row": 71, "col": 90, "x": 377177.79057912464, "y": 2046831.902720903, "cell_area_m2": 900.0, "runoff_coefficient": 0.85000002384185791, "surface_class": "road" }, "geometry": { "type": "Point", "coordinates": [ 377177.790579124644864, 2046831.902720903046429 ] } },
{ "type": "Feature", "properties": { "cell_id": "R071_C091", "row": 71, "col": 91, "x": 377207.79057912464, "y": 2046831.902720903, "cell_area_m2": 900.0, "runoff_coefficient": 0.75, "surface_class": "default_urban" }, "geometry": { "type": "Point", "coordinates": [ 377207.790579124644864, 2046831.902720903046429 ] } },
{ "type": "Feature", "properties": { "cell_id": "R071_C092", "row": 71, "col": 92, "x": 377237.79057912464, "y": 2046831.902720903, "cell_area_m2": 900.0, "runoff_coefficient": 0.75, "surface_class": "default_urban" }, "geometry": { "type": "Point", "coordinates": [ 377237.790579124644864, 2046831.902720903046429 ] } },
{ "type": "Feature", "properties": { "cell_id": "R071_C093", "row": 71, "col": 93, "x": 377267.79057912464, "y": 2046831.902720903, "cell_area_m2": 900.0, "runoff_coefficient": 0.85000002384185791, "surface_class": "road" }, "geometry": { "type": "Point", "coordinates": [ 377267.790579124644864, 2046831.902720903046429 ] } },
{ "type": "Feature", "properties": { "cell_id": "R071_C094", "row": 71, "col": 94, "x": 377297.79057912464, "y": 2046831.902720903, "cell_area_m2": 900.0, "runoff_coefficient": 0.85000002384185791, "surface_class": "road" }, "geometry": { "type": "Point", "coordinates": [ 377297.790579124644864, 2046831.902720903046429 ] } },
{ "type": "Feature", "properties": { "cell_id": "R071_C095", "row": 71, "col": 95, "x": 377327.79057912464, "y": 2046831.902720903, "cell_area_m2": 900.0, "runoff_coefficient": 0.75, "surface_class": "default_urban" }, "geometry": { "type": "Point", "coordinates": [ 377327.790579124644864, 2046831.902720903046429 ] } },
{ "type": "Feature", "properties": { "cell_id": "R071_C096", "row": 71, "col": 96, "x": 377357.79057912464, "y": 2046831.902720903, "cell_area_m2": 900.0, "runoff_coefficient": 0.75, "surface_class": "default_urban" }, "geometry": { "type": "Point", "coordinates": [ 377357.790579124644864, 2046831.902720903046429 ] } },
{ "type": "Feature", "properties": { "cell_id": "R071_C097", "row": 71, "col": 97, "x": 377387.79057912464, "y": 2046831.902720903, "cell_area_m2": 900.0, "runoff_coefficient": 0.75, "surface_class": "default_urban" }, "geometry": { "type": "Point", "coordinates": [ 377387.790579124644864, 2046831.902720903046429 ] } },
{ "type": "Feature", "properties": { "cell_id": "R071_C098", "row": 71, "col": 98, "x": 377417.79057912464, "y": 2046831.902720903, "cell_area_m2": 900.0, "runoff_coefficient": 0.75, "surface_class": "default_urban" }, "geometry": { "type": "Point", "coordinates": [ 377417.790579124644864, 2046831.902720903046429 ] } },
{ "type": "Feature", "properties": { "cell_id": "R071_C099", "row": 71, "col": 99, "x": 377447.79057912464, "y": 2046831.902720903, "cell_area_m2": 900.0, "runoff_coefficient": 0.75, "surface_class": "default_urban" }, "geometry": { "type": "Point", "coordinates": [ 377447.790579124644864, 2046831.902720903046429 ] } },
{ "type": "Feature", "properties": { "cell_id": "R071_C100", "row": 71, "col": 100, "x": 377477.79057912464, "y": 2046831.902720903, "cell_area_m2": 900.0, "runoff_coefficient": 0.30000001192092896, "surface_class": "green_open" }, "geometry": { "type": "Point", "coordinates": [ 377477.790579124644864, 2046831.902720903046429 ] } },
{ "type": "Feature", "properties": { "cell_id": "R071_C101", "row": 71, "col": 101, "x": 377507.79057912464, "y": 2046831.902720903, "cell_area_m2": 900.0, "runoff_coefficient": 0.30000001192092896, "surface_class": "green_open" }, "geometry": { "type": "Point", "coordinates": [ 377507.790579124644864, 2046831.902720903046429 ] } },
{ "type": "Feature", "properties": { "cell_id": "R071_C102", "row": 71, "col": 102, "x": 377537.79057912464, "y": 2046831.902720903, "cell_area_m2": 900.0, "runoff_coefficient": 0.30000001192092896, "surface_class": "green_open" }, "geometry": { "type": "Point", "coordinates": [ 377537.790579124644864, 2046831.902720903046429 ] } },
{ "type": "Feature", "properties": { "cell_id": "R071_C103", "row": 71, "col": 103, "x": 377567.79057912464, "y": 2046831.902720903, "cell_area_m2": 900.0, "runoff_coefficient": 0.30000001192092896, "surface_class": "green_open" }, "geometry": { "type": "Point", "coordinates": [ 377567.790579124644864, 2046831.902720903046429 ] } },
{ "type": "Feature", "properties": { "cell_id": "R071_C104", "row": 71, "col": 104, "x": 377597.79057912464, "y": 2046831.902720903, "cell_area_m2": 900.0, "runoff_coefficient": 0.30000001192092896, "surface_class": "green_open" }, "geometry": { "type": "Point", "coordinates": [ 377597.790579124644864, 2046831.902720903046429 ] } },
{ "type": "Feature", "properties": { "cell_id": "R071_C105", "row": 71, "col": 105, "x": 377627.79057912464, "y": 2046831.902720903, "cell_area_m2": 900.0, "runoff_coefficient": 0.75, "surface_class": "default_urban" }, "geometry": { "type": "Point", "coordinates": [ 377627.790579124644864, 2046831.902720903046429 ] } },
{ "type": "Feature", "properties": { "cell_id": "R071_C106", "row": 71, "col": 106, "x": 377657.79057912464, "y": 2046831.902720903, "cell_area_m2": 900.0, "runoff_coefficient": 0.75, "surface_class": "default_urban" }, "geometry": { "type": "Point", "coordinates": [ 377657.790579124644864, 2046831.902720903046429 ] } },
{ "type": "Feature", "properties": { "cell_id": "R071_C107", "row": 71, "col": 107, "x": 377687.79057912464, "y": 2046831.902720903, "cell_area_m2": 900.0, "runoff_coefficient": 0.75, "surface_class": "default_urban" }, "geometry": { "type": "Point", "coordinates": [ 377687.790579124644864, 2046831.902720903046429 ] } },
{ "type": "Feature", "properties": { "cell_id": "R071_C108", "row": 71, "col": 108, "x": 377717.79057912464, "y": 2046831.902720903, "cell_area_m2": 900.0, "runoff_coefficient": 0.75, "surface_class": "default_urban" }, "geometry": { "type": "Point", "coordinates": [ 377717.790579124644864, 2046831.902720903046429 ] } },
{ "type": "Feature", "properties": { "cell_id": "R071_C109", "row": 71, "col": 109, "x": 377747.79057912464, "y": 2046831.902720903, "cell_area_m2": 900.0, "runoff_coefficient": 0.89999997615814209, "surface_class": "building" }, "geometry": { "type": "Point", "coordinates": [ 377747.790579124644864, 2046831.902720903046429 ] } },
{ "type": "Feature", "properties": { "cell_id": "R071_C110", "row": 71, "col": 110, "x": 377777.79057912464, "y": 2046831.902720903, "cell_area_m2": 900.0, "runoff_coefficient": 0.89999997615814209, "surface_class": "building" }, "geometry": { "type": "Point", "coordinates": [ 377777.790579124644864, 2046831.902720903046429 ] } },
{ "type": "Feature", "properties": { "cell_id": "R071_C111", "row": 71, "col": 111, "x": 377807.79057912464, "y": 2046831.902720903, "cell_area_m2": 900.0, "runoff_coefficient": 0.75, "surface_class": "default_urban" }, "geometry": { "type": "Point", "coordinates": [ 377807.790579124644864, 2046831.902720903046429 ] } },
{ "type": "Feature", "properties": { "cell_id": "R071_C112", "row": 71, "col": 112, "x": 377837.79057912464, "y": 2046831.902720903, "cell_area_m2": 900.0, "runoff_coefficient": 0.75, "surface_class": "default_urban" }, "geometry": { "type": "Point", "coordinates": [ 377837.790579124644864, 2046831.902720903046429 ] } },
{ "type": "Feature", "properties": { "cell_id": "R071_C113", "row": 71, "col": 113, "x": 377867.79057912464, "y": 2046831.902720903, "cell_area_m2": 900.0, "runoff_coefficient": 0.89999997615814209, "surface_class": "building" }, "geometry": { "type": "Point", "coordinates": [ 377867.790579124644864, 2046831.902720903046429 ] } },
{ "type": "Feature", "properties": { "cell_id": "R071_C114", "row": 71, "col": 114, "x": 377897.79057912464, "y": 2046831.902720903, "cell_area_m2": 900.0, "runoff_coefficient": 0.75, "surface_class": "default_urban" }, "geometry": { "type": "Point", "coordinates": [ 377897.790579124644864, 2046831.902720903046429 ] } },
{ "type": "Feature", "properties": { "cell_id": "R071_C115", "row": 71, "col": 115, "x": 377927.79057912464, "y": 2046831.902720903, "cell_area_m2": 900.0, "runoff_coefficient": 0.75, "surface_class": "default_urban" }, "geometry": { "type": "Point", "coordinates": [ 377927.790579124644864, 2046831.902720903046429 ] } },
{ "type": "Feature", "properties": { "cell_id": "R071_C116", "row": 71, "col": 116, "x": 377957.79057912464, "y": 2046831.902720903, "cell_area_m2": 900.0, "runoff_coefficient": 0.85000002384185791, "surface_class": "road" }, "geometry": { "type": "Point", "coordinates": [ 377957.790579124644864, 2046831.902720903046429 ] } },
{ "type": "Feature", "properties": { "cell_id": "R071_C117", "row": 71, "col": 117, "x": 377987.79057912464, "y": 2046831.902720903, "cell_area_m2": 900.0, "runoff_coefficient": 0.89999997615814209, "surface_class": "building" }, "geometry": { "type": "Point", "coordinates": [ 377987.790579124644864, 2046831.902720903046429 ] } },
{ "type": "Feature", "properties": { "cell_id": "R071_C118", "row": 71, "col": 118, "x": 378017.79057912464, "y": 2046831.902720903, "cell_area_m2": 900.0, "runoff_coefficient": 0.85000002384185791, "surface_class": "road" }, "geometry": { "type": "Point", "coordinates": [ 378017.790579124644864, 2046831.902720903046429 ] } },
{ "type": "Feature", "properties": { "cell_id": "R071_C119", "row": 71, "col": 119, "x": 378047.79057912464, "y": 2046831.902720903, "cell_area_m2": 900.0, "runoff_coefficient": 0.85000002384185791, "surface_class": "road" }, "geometry": { "type": "Point", "coordinates": [ 378047.790579124644864, 2046831.902720903046429 ] } },
{ "type": "Feature", "properties": { "cell_id": "R071_C120", "row": 71, "col": 120, "x": 378077.79057912464, "y": 2046831.902720903, "cell_area_m2": 900.0, "runoff_coefficient": 0.85000002384185791, "surface_class": "road" }, "geometry": { "type": "Point", "coordinates": [ 378077.790579124644864, 2046831.902720903046429 ] } },
{ "type": "Feature", "properties": { "cell_id": "R071_C121", "row": 71, "col": 121, "x": 378107.79057912464, "y": 2046831.902720903, "cell_area_m2": 900.0, "runoff_coefficient": 0.85000002384185791, "surface_class": "road" }, "geometry": { "type": "Point", "coordinates": [ 378107.790579124644864, 2046831.902720903046429 ] } },
{ "type": "Feature", "properties": { "cell_id": "R071_C122", "row": 71, "col": 122, "x": 378137.79057912464, "y": 2046831.902720903, "cell_area_m2": 900.0, "runoff_coefficient": 0.85000002384185791, "surface_class": "road" }, "geometry": { "type": "Point", "coordinates": [ 378137.790579124644864, 2046831.902720903046429 ] } },
{ "type": "Feature", "properties": { "cell_id": "R071_C123", "row": 71, "col": 123, "x": 378167.79057912464, "y": 2046831.902720903, "cell_area_m2": 900.0, "runoff_coefficient": 0.85000002384185791, "surface_class": "road" }, "geometry": { "type": "Point", "coordinates": [ 378167.790579124644864, 2046831.902720903046429 ] } },
{ "type": "Feature", "properties": { "cell_id": "R072_C078", "row": 72, "col": 78, "x": 376817.79057912464, "y": 2046801.902720903, "cell_area_m2": 900.0, "runoff_coefficient": 0.75, "surface_class": "default_urban" }, "geometry": { "type": "Point", "coordinates": [ 376817.790579124644864, 2046801.902720903046429 ] } },
{ "type": "Feature", "properties": { "cell_id": "R072_C079", "row": 72, "col": 79, "x": 376847.79057912464, "y": 2046801.902720903, "cell_area_m2": 900.0, "runoff_coefficient": 0.75, "surface_class": "default_urban" }, "geometry": { "type": "Point", "coordinates": [ 376847.790579124644864, 2046801.902720903046429 ] } },
{ "type": "Feature", "properties": { "cell_id": "R072_C080", "row": 72, "col": 80, "x": 376877.79057912464, "y": 2046801.902720903, "cell_area_m2": 900.0, "runoff_coefficient": 0.89999997615814209, "surface_class": "building" }, "geometry": { "type": "Point", "coordinates": [ 376877.790579124644864, 2046801.902720903046429 ] } },
{ "type": "Feature", "properties": { "cell_id": "R072_C081", "row": 72, "col": 81, "x": 376907.79057912464, "y": 2046801.902720903, "cell_area_m2": 900.0, "runoff_coefficient": 0.89999997615814209, "surface_class": "building" }, "geometry": { "type": "Point", "coordinates": [ 376907.790579124644864, 2046801.902720903046429 ] } },
{ "type": "Feature", "properties": { "cell_id": "R072_C082", "row": 72, "col": 82, "x": 376937.79057912464, "y": 2046801.902720903, "cell_area_m2": 900.0, "runoff_coefficient": 0.75, "surface_class": "default_urban" }, "geometry": { "type": "Point", "coordinates": [ 376937.790579124644864, 2046801.902720903046429 ] } },
{ "type": "Feature", "properties": { "cell_id": "R072_C083", "row": 72, "col": 83, "x": 376967.79057912464, "y": 2046801.902720903, "cell_area_m2": 900.0, "runoff_coefficient": 0.85000002384185791, "surface_class": "road" }, "geometry": { "type": "Point", "coordinates": [ 376967.790579124644864, 2046801.902720903046429 ] } },
{ "type": "Feature", "properties": { "cell_id": "R072_C084", "row": 72, "col": 84, "x": 376997.79057912464, "y": 2046801.902720903, "cell_area_m2": 900.0, "runoff_coefficient": 0.85000002384185791, "surface_class": "road" }, "geometry": { "type": "Point", "coordinates": [ 376997.790579124644864, 2046801.902720903046429 ] } },
{ "type": "Feature", "properties": { "cell_id": "R072_C085", "row": 72, "col": 85, "x": 377027.79057912464, "y": 2046801.902720903, "cell_area_m2": 900.0, "runoff_coefficient": 0.85000002384185791, "surface_class": "road" }, "geometry": { "type": "Point", "coordinates": [ 377027.790579124644864, 2046801.902720903046429 ] } },
{ "type": "Feature", "properties": { "cell_id": "R072_C086", "row": 72, "col": 86, "x": 377057.79057912464, "y": 2046801.902720903, "cell_area_m2": 900.0, "runoff_coefficient": 0.75, "surface_class": "default_urban" }, "geometry": { "type": "Point", "coordinates": [ 377057.790579124644864, 2046801.902720903046429 ] } },
{ "type": "Feature", "properties": { "cell_id": "R072_C087", "row": 72, "col": 87, "x": 377087.79057912464, "y": 2046801.902720903, "cell_area_m2": 900.0, "runoff_coefficient": 0.85000002384185791, "surface_class": "road" }, "geometry": { "type": "Point", "coordinates": [ 377087.790579124644864, 2046801.902720903046429 ] } },
{ "type": "Feature", "properties": { "cell_id": "R072_C088", "row": 72, "col": 88, "x": 377117.79057912464, "y": 2046801.902720903, "cell_area_m2": 900.0, "runoff_coefficient": 0.89999997615814209, "surface_class": "building" }, "geometry": { "type": "Point", "coordinates": [ 377117.790579124644864, 2046801.902720903046429 ] } },
{ "type": "Feature", "properties": { "cell_id": "R072_C089", "row": 72, "col": 89, "x": 377147.79057912464, "y": 2046801.902720903, "cell_area_m2": 900.0, "runoff_coefficient": 0.89999997615814209, "surface_class": "building" }, "geometry": { "type": "Point", "coordinates": [ 377147.790579124644864, 2046801.902720903046429 ] } },
{ "type": "Feature", "properties": { "cell_id": "R072_C090", "row": 72, "col": 90, "x": 377177.79057912464, "y": 2046801.902720903, "cell_area_m2": 900.0, "runoff_coefficient": 0.75, "surface_class": "default_urban" }, "geometry": { "type": "Point", "coordinates": [ 377177.790579124644864, 2046801.902720903046429 ] } },
{ "type": "Feature", "properties": { "cell_id": "R072_C091", "row": 72, "col": 91, "x": 377207.79057912464, "y": 2046801.902720903, "cell_area_m2": 900.0, "runoff_coefficient": 0.75, "surface_class": "default_urban" }, "geometry": { "type": "Point", "coordinates": [ 377207.790579124644864, 2046801.902720903046429 ] } },
{ "type": "Feature", "properties": { "cell_id": "R072_C092", "row": 72, "col": 92, "x": 377237.79057912464, "y": 2046801.902720903, "cell_area_m2": 900.0, "runoff_coefficient": 0.85000002384185791, "surface_class": "road" }, "geometry": { "type": "Point", "coordinates": [ 377237.790579124644864, 2046801.902720903046429 ] } },
{ "type": "Feature", "properties": { "cell_id": "R072_C093", "row": 72, "col": 93, "x": 377267.79057912464, "y": 2046801.902720903, "cell_area_m2": 900.0, "runoff_coefficient": 0.85000002384185791, "surface_class": "road" }, "geometry": { "type": "Point", "coordinates": [ 377267.790579124644864, 2046801.902720903046429 ] } },
{ "type": "Feature", "properties": { "cell_id": "R072_C094", "row": 72, "col": 94, "x": 377297.79057912464, "y": 2046801.902720903, "cell_area_m2": 900.0, "runoff_coefficient": 0.75, "surface_class": "default_urban" }, "geometry": { "type": "Point", "coordinates": [ 377297.790579124644864, 2046801.902720903046429 ] } },
{ "type": "Feature", "properties": { "cell_id": "R072_C095", "row": 72, "col": 95, "x": 377327.79057912464, "y": 2046801.902720903, "cell_area_m2": 900.0, "runoff_coefficient": 0.75, "surface_class": "default_urban" }, "geometry": { "type": "Point", "coordinates": [ 377327.790579124644864, 2046801.902720903046429 ] } },
{ "type": "Feature", "properties": { "cell_id": "R072_C096", "row": 72, "col": 96, "x": 377357.79057912464, "y": 2046801.902720903, "cell_area_m2": 900.0, "runoff_coefficient": 0.75, "surface_class": "default_urban" }, "geometry": { "type": "Point", "coordinates": [ 377357.790579124644864, 2046801.902720903046429 ] } },
{ "type": "Feature", "properties": { "cell_id": "R072_C097", "row": 72, "col": 97, "x": 377387.79057912464, "y": 2046801.902720903, "cell_area_m2": 900.0, "runoff_coefficient": 0.75, "surface_class": "default_urban" }, "geometry": { "type": "Point", "coordinates": [ 377387.790579124644864, 2046801.902720903046429 ] } },
{ "type": "Feature", "properties": { "cell_id": "R072_C098", "row": 72, "col": 98, "x": 377417.79057912464, "y": 2046801.902720903, "cell_area_m2": 900.0, "runoff_coefficient": 0.75, "surface_class": "default_urban" }, "geometry": { "type": "Point", "coordinates": [ 377417.790579124644864, 2046801.902720903046429 ] } },
{ "type": "Feature", "properties": { "cell_id": "R072_C099", "row": 72, "col": 99, "x": 377447.79057912464, "y": 2046801.902720903, "cell_area_m2": 900.0, "runoff_coefficient": 0.30000001192092896, "surface_class": "green_open" }, "geometry": { "type": "Point", "coordinates": [ 377447.790579124644864, 2046801.902720903046429 ] } },
{ "type": "Feature", "properties": { "cell_id": "R072_C100", "row": 72, "col": 100, "x": 377477.79057912464, "y": 2046801.902720903, "cell_area_m2": 900.0, "runoff_coefficient": 0.30000001192092896, "surface_class": "green_open" }, "geometry": { "type": "Point", "coordinates": [ 377477.790579124644864, 2046801.902720903046429 ] } },
{ "type": "Feature", "properties": { "cell_id": "R072_C101", "row": 72, "col": 101, "x": 377507.79057912464, "y": 2046801.902720903, "cell_area_m2": 900.0, "runoff_coefficient": 0.30000001192092896, "surface_class": "green_open" }, "geometry": { "type": "Point", "coordinates": [ 377507.790579124644864, 2046801.902720903046429 ] } },
{ "type": "Feature", "properties": { "cell_id": "R072_C102", "row": 72, "col": 102, "x": 377537.79057912464, "y": 2046801.902720903, "cell_area_m2": 900.0, "runoff_coefficient": 0.30000001192092896, "surface_class": "green_open" }, "geometry": { "type": "Point", "coordinates": [ 377537.790579124644864, 2046801.902720903046429 ] } },
{ "type": "Feature", "properties": { "cell_id": "R072_C103", "row": 72, "col": 103, "x": 377567.79057912464, "y": 2046801.902720903, "cell_area_m2": 900.0, "runoff_coefficient": 0.30000001192092896, "surface_class": "green_open" }, "geometry": { "type": "Point", "coordinates": [ 377567.790579124644864, 2046801.902720903046429 ] } },
{ "type": "Feature", "properties": { "cell_id": "R072_C104", "row": 72, "col": 104, "x": 377597.79057912464, "y": 2046801.902720903, "cell_area_m2": 900.0, "runoff_coefficient": 0.30000001192092896, "surface_class": "green_open" }, "geometry": { "type": "Point", "coordinates": [ 377597.790579124644864, 2046801.902720903046429 ] } },
{ "type": "Feature", "properties": { "cell_id": "R072_C105", "row": 72, "col": 105, "x": 377627.79057912464, "y": 2046801.902720903, "cell_area_m2": 900.0, "runoff_coefficient": 0.75, "surface_class": "default_urban" }, "geometry": { "type": "Point", "coordinates": [ 377627.790579124644864, 2046801.902720903046429 ] } },
{ "type": "Feature", "properties": { "cell_id": "R072_C106", "row": 72, "col": 106, "x": 377657.79057912464, "y": 2046801.902720903, "cell_area_m2": 900.0, "runoff_coefficient": 0.75, "surface_class": "default_urban" }, "geometry": { "type": "Point", "coordinates": [ 377657.790579124644864, 2046801.902720903046429 ] } },
{ "type": "Feature", "properties": { "cell_id": "R072_C107", "row": 72, "col": 107, "x": 377687.79057912464, "y": 2046801.902720903, "cell_area_m2": 900.0, "runoff_coefficient": 0.89999997615814209, "surface_class": "building" }, "geometry": { "type": "Point", "coordinates": [ 377687.790579124644864, 2046801.902720903046429 ] } },
{ "type": "Feature", "properties": { "cell_id": "R072_C108", "row": 72, "col": 108, "x": 377717.79057912464, "y": 2046801.902720903, "cell_area_m2": 900.0, "runoff_coefficient": 0.75, "surface_class": "default_urban" }, "geometry": { "type": "Point", "coordinates": [ 377717.790579124644864, 2046801.902720903046429 ] } },
{ "type": "Feature", "properties": { "cell_id": "R072_C109", "row": 72, "col": 109, "x": 377747.79057912464, "y": 2046801.902720903, "cell_area_m2": 900.0, "runoff_coefficient": 0.85000002384185791, "surface_class": "road" }, "geometry": { "type": "Point", "coordinates": [ 377747.790579124644864, 2046801.902720903046429 ] } },
{ "type": "Feature", "properties": { "cell_id": "R072_C110", "row": 72, "col": 110, "x": 377777.79057912464, "y": 2046801.902720903, "cell_area_m2": 900.0, "runoff_coefficient": 0.89999997615814209, "surface_class": "building" }, "geometry": { "type": "Point", "coordinates": [ 377777.790579124644864, 2046801.902720903046429 ] } },
{ "type": "Feature", "properties": { "cell_id": "R072_C111", "row": 72, "col": 111, "x": 377807.79057912464, "y": 2046801.902720903, "cell_area_m2": 900.0, "runoff_coefficient": 0.75, "surface_class": "default_urban" }, "geometry": { "type": "Point", "coordinates": [ 377807.790579124644864, 2046801.902720903046429 ] } },
{ "type": "Feature", "properties": { "cell_id": "R072_C112", "row": 72, "col": 112, "x": 377837.79057912464, "y": 2046801.902720903, "cell_area_m2": 900.0, "runoff_coefficient": 0.85000002384185791, "surface_class": "road" }, "geometry": { "type": "Point", "coordinates": [ 377837.790579124644864, 2046801.902720903046429 ] } },
{ "type": "Feature", "properties": { "cell_id": "R072_C113", "row": 72, "col": 113, "x": 377867.79057912464, "y": 2046801.902720903, "cell_area_m2": 900.0, "runoff_coefficient": 0.85000002384185791, "surface_class": "road" }, "geometry": { "type": "Point", "coordinates": [ 377867.790579124644864, 2046801.902720903046429 ] } },
{ "type": "Feature", "properties": { "cell_id": "R072_C114", "row": 72, "col": 114, "x": 377897.79057912464, "y": 2046801.902720903, "cell_area_m2": 900.0, "runoff_coefficient": 0.85000002384185791, "surface_class": "road" }, "geometry": { "type": "Point", "coordinates": [ 377897.790579124644864, 2046801.902720903046429 ] } },
{ "type": "Feature", "properties": { "cell_id": "R072_C115", "row": 72, "col": 115, "x": 377927.79057912464, "y": 2046801.902720903, "cell_area_m2": 900.0, "runoff_coefficient": 0.85000002384185791, "surface_class": "road" }, "geometry": { "type": "Point", "coordinates": [ 377927.790579124644864, 2046801.902720903046429 ] } },
{ "type": "Feature", "properties": { "cell_id": "R072_C116", "row": 72, "col": 116, "x": 377957.79057912464, "y": 2046801.902720903, "cell_area_m2": 900.0, "runoff_coefficient": 0.85000002384185791, "surface_class": "road" }, "geometry": { "type": "Point", "coordinates": [ 377957.790579124644864, 2046801.902720903046429 ] } },
{ "type": "Feature", "properties": { "cell_id": "R072_C117", "row": 72, "col": 117, "x": 377987.79057912464, "y": 2046801.902720903, "cell_area_m2": 900.0, "runoff_coefficient": 0.85000002384185791, "surface_class": "road" }, "geometry": { "type": "Point", "coordinates": [ 377987.790579124644864, 2046801.902720903046429 ] } },
{ "type": "Feature", "properties": { "cell_id": "R072_C118", "row": 72, "col": 118, "x": 378017.79057912464, "y": 2046801.902720903, "cell_area_m2": 900.0, "runoff_coefficient": 0.89999997615814209, "surface_class": "building" }, "geometry": { "type": "Point", "coordinates": [ 378017.790579124644864, 2046801.902720903046429 ] } },
{ "type": "Feature", "properties": { "cell_id": "R072_C119", "row": 72, "col": 119, "x": 378047.79057912464, "y": 2046801.902720903, "cell_area_m2": 900.0, "runoff_coefficient": 0.75, "surface_class": "default_urban" }, "geometry": { "type": "Point", "coordinates": [ 378047.790579124644864, 2046801.902720903046429 ] } },
{ "type": "Feature", "properties": { "cell_id": "R072_C120", "row": 72, "col": 120, "x": 378077.79057912464, "y": 2046801.902720903, "cell_area_m2": 900.0, "runoff_coefficient": 0.75, "surface_class": "default_urban" }, "geometry": { "type": "Point", "coordinates": [ 378077.790579124644864, 2046801.902720903046429 ] } },
{ "type": "Feature", "properties": { "cell_id": "R072_C121", "row": 72, "col": 121, "x": 378107.79057912464, "y": 2046801.902720903, "cell_area_m2": 900.0, "runoff_coefficient": 0.75, "surface_class": "default_urban" }, "geometry": { "type": "Point", "coordinates": [ 378107.790579124644864, 2046801.902720903046429 ] } },
{ "type": "Feature", "properties": { "cell_id": "R072_C122", "row": 72, "col": 122, "x": 378137.79057912464, "y": 2046801.902720903, "cell_area_m2": 900.0, "runoff_coefficient": 0.85000002384185791, "surface_class": "road" }, "geometry": { "type": "Point", "coordinates": [ 378137.790579124644864, 2046801.902720903046429 ] } },
{ "type": "Feature", "properties": { "cell_id": "R072_C123", "row": 72, "col": 123, "x": 378167.79057912464, "y": 2046801.902720903, "cell_area_m2": 900.0, "runoff_coefficient": 0.89999997615814209, "surface_class": "building" }, "geometry": { "type": "Point", "coordinates": [ 378167.790579124644864, 2046801.902720903046429 ] } },
{ "type": "Feature", "properties": { "cell_id": "R072_C124", "row": 72, "col": 124, "x": 378197.79057912464, "y": 2046801.902720903, "cell_area_m2": 900.0, "runoff_coefficient": 0.89999997615814209, "surface_class": "building" }, "geometry": { "type": "Point", "coordinates": [ 378197.790579124644864, 2046801.902720903046429 ] } },
{ "type": "Feature", "properties": { "cell_id": "R073_C077", "row": 73, "col": 77, "x": 376787.79057912464, "y": 2046771.902720903, "cell_area_m2": 900.0, "runoff_coefficient": 0.75, "surface_class": "default_urban" }, "geometry": { "type": "Point", "coordinates": [ 376787.790579124644864, 2046771.902720903046429 ] } },
{ "type": "Feature", "properties": { "cell_id": "R073_C078", "row": 73, "col": 78, "x": 376817.79057912464, "y": 2046771.902720903, "cell_area_m2": 900.0, "runoff_coefficient": 0.75, "surface_class": "default_urban" }, "geometry": { "type": "Point", "coordinates": [ 376817.790579124644864, 2046771.902720903046429 ] } },
{ "type": "Feature", "properties": { "cell_id": "R073_C079", "row": 73, "col": 79, "x": 376847.79057912464, "y": 2046771.902720903, "cell_area_m2": 900.0, "runoff_coefficient": 0.75, "surface_class": "default_urban" }, "geometry": { "type": "Point", "coordinates": [ 376847.790579124644864, 2046771.902720903046429 ] } },
{ "type": "Feature", "properties": { "cell_id": "R073_C080", "row": 73, "col": 80, "x": 376877.79057912464, "y": 2046771.902720903, "cell_area_m2": 900.0, "runoff_coefficient": 0.75, "surface_class": "default_urban" }, "geometry": { "type": "Point", "coordinates": [ 376877.790579124644864, 2046771.902720903046429 ] } },
{ "type": "Feature", "properties": { "cell_id": "R073_C081", "row": 73, "col": 81, "x": 376907.79057912464, "y": 2046771.902720903, "cell_area_m2": 900.0, "runoff_coefficient": 0.89999997615814209, "surface_class": "building" }, "geometry": { "type": "Point", "coordinates": [ 376907.790579124644864, 2046771.902720903046429 ] } },
{ "type": "Feature", "properties": { "cell_id": "R073_C082", "row": 73, "col": 82, "x": 376937.79057912464, "y": 2046771.902720903, "cell_area_m2": 900.0, "runoff_coefficient": 0.85000002384185791, "surface_class": "road" }, "geometry": { "type": "Point", "coordinates": [ 376937.790579124644864, 2046771.902720903046429 ] } },
{ "type": "Feature", "properties": { "cell_id": "R073_C083", "row": 73, "col": 83, "x": 376967.79057912464, "y": 2046771.902720903, "cell_area_m2": 900.0, "runoff_coefficient": 0.85000002384185791, "surface_class": "road" }, "geometry": { "type": "Point", "coordinates": [ 376967.790579124644864, 2046771.902720903046429 ] } },
{ "type": "Feature", "properties": { "cell_id": "R073_C084", "row": 73, "col": 84, "x": 376997.79057912464, "y": 2046771.902720903, "cell_area_m2": 900.0, "runoff_coefficient": 0.85000002384185791, "surface_class": "road" }, "geometry": { "type": "Point", "coordinates": [ 376997.790579124644864, 2046771.902720903046429 ] } },
{ "type": "Feature", "properties": { "cell_id": "R073_C085", "row": 73, "col": 85, "x": 377027.79057912464, "y": 2046771.902720903, "cell_area_m2": 900.0, "runoff_coefficient": 0.75, "surface_class": "default_urban" }, "geometry": { "type": "Point", "coordinates": [ 377027.790579124644864, 2046771.902720903046429 ] } },
{ "type": "Feature", "properties": { "cell_id": "R073_C086", "row": 73, "col": 86, "x": 377057.79057912464, "y": 2046771.902720903, "cell_area_m2": 900.0, "runoff_coefficient": 0.75, "surface_class": "default_urban" }, "geometry": { "type": "Point", "coordinates": [ 377057.790579124644864, 2046771.902720903046429 ] } },
{ "type": "Feature", "properties": { "cell_id": "R073_C087", "row": 73, "col": 87, "x": 377087.79057912464, "y": 2046771.902720903, "cell_area_m2": 900.0, "runoff_coefficient": 0.85000002384185791, "surface_class": "road" }, "geometry": { "type": "Point", "coordinates": [ 377087.790579124644864, 2046771.902720903046429 ] } },
{ "type": "Feature", "properties": { "cell_id": "R073_C088", "row": 73, "col": 88, "x": 377117.79057912464, "y": 2046771.902720903, "cell_area_m2": 900.0, "runoff_coefficient": 0.85000002384185791, "surface_class": "road" }, "geometry": { "type": "Point", "coordinates": [ 377117.790579124644864, 2046771.902720903046429 ] } },
{ "type": "Feature", "properties": { "cell_id": "R073_C089", "row": 73, "col": 89, "x": 377147.79057912464, "y": 2046771.902720903, "cell_area_m2": 900.0, "runoff_coefficient": 0.75, "surface_class": "default_urban" }, "geometry": { "type": "Point", "coordinates": [ 377147.790579124644864, 2046771.902720903046429 ] } },
{ "type": "Feature", "properties": { "cell_id": "R073_C090", "row": 73, "col": 90, "x": 377177.79057912464, "y": 2046771.902720903, "cell_area_m2": 900.0, "runoff_coefficient": 0.75, "surface_class": "default_urban" }, "geometry": { "type": "Point", "coordinates": [ 377177.790579124644864, 2046771.902720903046429 ] } },
{ "type": "Feature", "properties": { "cell_id": "R073_C091", "row": 73, "col": 91, "x": 377207.79057912464, "y": 2046771.902720903, "cell_area_m2": 900.0, "runoff_coefficient": 0.85000002384185791, "surface_class": "road" }, "geometry": { "type": "Point", "coordinates": [ 377207.790579124644864, 2046771.902720903046429 ] } },
{ "type": "Feature", "properties": { "cell_id": "R073_C092", "row": 73, "col": 92, "x": 377237.79057912464, "y": 2046771.902720903, "cell_area_m2": 900.0, "runoff_coefficient": 0.85000002384185791, "surface_class": "road" }, "geometry": { "type": "Point", "coordinates": [ 377237.790579124644864, 2046771.902720903046429 ] } },
{ "type": "Feature", "properties": { "cell_id": "R073_C093", "row": 73, "col": 93, "x": 377267.79057912464, "y": 2046771.902720903, "cell_area_m2": 900.0, "runoff_coefficient": 0.75, "surface_class": "default_urban" }, "geometry": { "type": "Point", "coordinates": [ 377267.790579124644864, 2046771.902720903046429 ] } },
{ "type": "Feature", "properties": { "cell_id": "R073_C094", "row": 73, "col": 94, "x": 377297.79057912464, "y": 2046771.902720903, "cell_area_m2": 900.0, "runoff_coefficient": 0.75, "surface_class": "default_urban" }, "geometry": { "type": "Point", "coordinates": [ 377297.790579124644864, 2046771.902720903046429 ] } },
{ "type": "Feature", "properties": { "cell_id": "R073_C095", "row": 73, "col": 95, "x": 377327.79057912464, "y": 2046771.902720903, "cell_area_m2": 900.0, "runoff_coefficient": 0.75, "surface_class": "default_urban" }, "geometry": { "type": "Point", "coordinates": [ 377327.790579124644864, 2046771.902720903046429 ] } },
{ "type": "Feature", "properties": { "cell_id": "R073_C096", "row": 73, "col": 96, "x": 377357.79057912464, "y": 2046771.902720903, "cell_area_m2": 900.0, "runoff_coefficient": 0.75, "surface_class": "default_urban" }, "geometry": { "type": "Point", "coordinates": [ 377357.790579124644864, 2046771.902720903046429 ] } },
{ "type": "Feature", "properties": { "cell_id": "R073_C097", "row": 73, "col": 97, "x": 377387.79057912464, "y": 2046771.902720903, "cell_area_m2": 900.0, "runoff_coefficient": 0.30000001192092896, "surface_class": "green_open" }, "geometry": { "type": "Point", "coordinates": [ 377387.790579124644864, 2046771.902720903046429 ] } },
{ "type": "Feature", "properties": { "cell_id": "R073_C098", "row": 73, "col": 98, "x": 377417.79057912464, "y": 2046771.902720903, "cell_area_m2": 900.0, "runoff_coefficient": 0.30000001192092896, "surface_class": "green_open" }, "geometry": { "type": "Point", "coordinates": [ 377417.790579124644864, 2046771.902720903046429 ] } },
{ "type": "Feature", "properties": { "cell_id": "R073_C099", "row": 73, "col": 99, "x": 377447.79057912464, "y": 2046771.902720903, "cell_area_m2": 900.0, "runoff_coefficient": 0.30000001192092896, "surface_class": "green_open" }, "geometry": { "type": "Point", "coordinates": [ 377447.790579124644864, 2046771.902720903046429 ] } },
{ "type": "Feature", "properties": { "cell_id": "R073_C100", "row": 73, "col": 100, "x": 377477.79057912464, "y": 2046771.902720903, "cell_area_m2": 900.0, "runoff_coefficient": 0.30000001192092896, "surface_class": "green_open" }, "geometry": { "type": "Point", "coordinates": [ 377477.790579124644864, 2046771.902720903046429 ] } },
{ "type": "Feature", "properties": { "cell_id": "R073_C101", "row": 73, "col": 101, "x": 377507.79057912464, "y": 2046771.902720903, "cell_area_m2": 900.0, "runoff_coefficient": 0.30000001192092896, "surface_class": "green_open" }, "geometry": { "type": "Point", "coordinates": [ 377507.790579124644864, 2046771.902720903046429 ] } },
{ "type": "Feature", "properties": { "cell_id": "R073_C102", "row": 73, "col": 102, "x": 377537.79057912464, "y": 2046771.902720903, "cell_area_m2": 900.0, "runoff_coefficient": 0.30000001192092896, "surface_class": "green_open" }, "geometry": { "type": "Point", "coordinates": [ 377537.790579124644864, 2046771.902720903046429 ] } },
{ "type": "Feature", "properties": { "cell_id": "R073_C103", "row": 73, "col": 103, "x": 377567.79057912464, "y": 2046771.902720903, "cell_area_m2": 900.0, "runoff_coefficient": 0.30000001192092896, "surface_class": "green_open" }, "geometry": { "type": "Point", "coordinates": [ 377567.790579124644864, 2046771.902720903046429 ] } },
{ "type": "Feature", "properties": { "cell_id": "R073_C104", "row": 73, "col": 104, "x": 377597.79057912464, "y": 2046771.902720903, "cell_area_m2": 900.0, "runoff_coefficient": 0.30000001192092896, "surface_class": "green_open" }, "geometry": { "type": "Point", "coordinates": [ 377597.790579124644864, 2046771.902720903046429 ] } },
{ "type": "Feature", "properties": { "cell_id": "R073_C105", "row": 73, "col": 105, "x": 377627.79057912464, "y": 2046771.902720903, "cell_area_m2": 900.0, "runoff_coefficient": 0.30000001192092896, "surface_class": "green_open" }, "geometry": { "type": "Point", "coordinates": [ 377627.790579124644864, 2046771.902720903046429 ] } },
{ "type": "Feature", "properties": { "cell_id": "R073_C106", "row": 73, "col": 106, "x": 377657.79057912464, "y": 2046771.902720903, "cell_area_m2": 900.0, "runoff_coefficient": 0.85000002384185791, "surface_class": "road" }, "geometry": { "type": "Point", "coordinates": [ 377657.790579124644864, 2046771.902720903046429 ] } },
{ "type": "Feature", "properties": { "cell_id": "R073_C107", "row": 73, "col": 107, "x": 377687.79057912464, "y": 2046771.902720903, "cell_area_m2": 900.0, "runoff_coefficient": 0.85000002384185791, "surface_class": "road" }, "geometry": { "type": "Point", "coordinates": [ 377687.790579124644864, 2046771.902720903046429 ] } },
{ "type": "Feature", "properties": { "cell_id": "R073_C108", "row": 73, "col": 108, "x": 377717.79057912464, "y": 2046771.902720903, "cell_area_m2": 900.0, "runoff_coefficient": 0.85000002384185791, "surface_class": "road" }, "geometry": { "type": "Point", "coordinates": [ 377717.790579124644864, 2046771.902720903046429 ] } },
{ "type": "Feature", "properties": { "cell_id": "R073_C109", "row": 73, "col": 109, "x": 377747.79057912464, "y": 2046771.902720903, "cell_area_m2": 900.0, "runoff_coefficient": 0.89999997615814209, "surface_class": "building" }, "geometry": { "type": "Point", "coordinates": [ 377747.790579124644864, 2046771.902720903046429 ] } },
{ "type": "Feature", "properties": { "cell_id": "R073_C110", "row": 73, "col": 110, "x": 377777.79057912464, "y": 2046771.902720903, "cell_area_m2": 900.0, "runoff_coefficient": 0.85000002384185791, "surface_class": "road" }, "geometry": { "type": "Point", "coordinates": [ 377777.790579124644864, 2046771.902720903046429 ] } },
{ "type": "Feature", "properties": { "cell_id": "R073_C111", "row": 73, "col": 111, "x": 377807.79057912464, "y": 2046771.902720903, "cell_area_m2": 900.0, "runoff_coefficient": 0.85000002384185791, "surface_class": "road" }, "geometry": { "type": "Point", "coordinates": [ 377807.790579124644864, 2046771.902720903046429 ] } },
{ "type": "Feature", "properties": { "cell_id": "R073_C112", "row": 73, "col": 112, "x": 377837.79057912464, "y": 2046771.902720903, "cell_area_m2": 900.0, "runoff_coefficient": 0.89999997615814209, "surface_class": "building" }, "geometry": { "type": "Point", "coordinates": [ 377837.790579124644864, 2046771.902720903046429 ] } },
{ "type": "Feature", "properties": { "cell_id": "R073_C113", "row": 73, "col": 113, "x": 377867.79057912464, "y": 2046771.902720903, "cell_area_m2": 900.0, "runoff_coefficient": 0.89999997615814209, "surface_class": "building" }, "geometry": { "type": "Point", "coordinates": [ 377867.790579124644864, 2046771.902720903046429 ] } },
{ "type": "Feature", "properties": { "cell_id": "R073_C114", "row": 73, "col": 114, "x": 377897.79057912464, "y": 2046771.902720903, "cell_area_m2": 900.0, "runoff_coefficient": 0.75, "surface_class": "default_urban" }, "geometry": { "type": "Point", "coordinates": [ 377897.790579124644864, 2046771.902720903046429 ] } },
{ "type": "Feature", "properties": { "cell_id": "R073_C115", "row": 73, "col": 115, "x": 377927.79057912464, "y": 2046771.902720903, "cell_area_m2": 900.0, "runoff_coefficient": 0.89999997615814209, "surface_class": "building" }, "geometry": { "type": "Point", "coordinates": [ 377927.790579124644864, 2046771.902720903046429 ] } },
{ "type": "Feature", "properties": { "cell_id": "R073_C116", "row": 73, "col": 116, "x": 377957.79057912464, "y": 2046771.902720903, "cell_area_m2": 900.0, "runoff_coefficient": 0.75, "surface_class": "default_urban" }, "geometry": { "type": "Point", "coordinates": [ 377957.790579124644864, 2046771.902720903046429 ] } },
{ "type": "Feature", "properties": { "cell_id": "R073_C117", "row": 73, "col": 117, "x": 377987.79057912464, "y": 2046771.902720903, "cell_area_m2": 900.0, "runoff_coefficient": 0.85000002384185791, "surface_class": "road" }, "geometry": { "type": "Point", "coordinates": [ 377987.790579124644864, 2046771.902720903046429 ] } },
{ "type": "Feature", "properties": { "cell_id": "R073_C118", "row": 73, "col": 118, "x": 378017.79057912464, "y": 2046771.902720903, "cell_area_m2": 900.0, "runoff_coefficient": 0.75, "surface_class": "default_urban" }, "geometry": { "type": "Point", "coordinates": [ 378017.790579124644864, 2046771.902720903046429 ] } },
{ "type": "Feature", "properties": { "cell_id": "R073_C119", "row": 73, "col": 119, "x": 378047.79057912464, "y": 2046771.902720903, "cell_area_m2": 900.0, "runoff_coefficient": 0.75, "surface_class": "default_urban" }, "geometry": { "type": "Point", "coordinates": [ 378047.790579124644864, 2046771.902720903046429 ] } },
{ "type": "Feature", "properties": { "cell_id": "R073_C120", "row": 73, "col": 120, "x": 378077.79057912464, "y": 2046771.902720903, "cell_area_m2": 900.0, "runoff_coefficient": 0.85000002384185791, "surface_class": "road" }, "geometry": { "type": "Point", "coordinates": [ 378077.790579124644864, 2046771.902720903046429 ] } },
{ "type": "Feature", "properties": { "cell_id": "R073_C121", "row": 73, "col": 121, "x": 378107.79057912464, "y": 2046771.902720903, "cell_area_m2": 900.0, "runoff_coefficient": 0.89999997615814209, "surface_class": "building" }, "geometry": { "type": "Point", "coordinates": [ 378107.790579124644864, 2046771.902720903046429 ] } },
{ "type": "Feature", "properties": { "cell_id": "R073_C122", "row": 73, "col": 122, "x": 378137.79057912464, "y": 2046771.902720903, "cell_area_m2": 900.0, "runoff_coefficient": 0.85000002384185791, "surface_class": "road" }, "geometry": { "type": "Point", "coordinates": [ 378137.790579124644864, 2046771.902720903046429 ] } },
{ "type": "Feature", "properties": { "cell_id": "R073_C123", "row": 73, "col": 123, "x": 378167.79057912464, "y": 2046771.902720903, "cell_area_m2": 900.0, "runoff_coefficient": 0.75, "surface_class": "default_urban" }, "geometry": { "type": "Point", "coordinates": [ 378167.790579124644864, 2046771.902720903046429 ] } },
{ "type": "Feature", "properties": { "cell_id": "R073_C124", "row": 73, "col": 124, "x": 378197.79057912464, "y": 2046771.902720903, "cell_area_m2": 900.0, "runoff_coefficient": 0.89999997615814209, "surface_class": "building" }, "geometry": { "type": "Point", "coordinates": [ 378197.790579124644864, 2046771.902720903046429 ] } },
{ "type": "Feature", "properties": { "cell_id": "R073_C125", "row": 73, "col": 125, "x": 378227.79057912464, "y": 2046771.902720903, "cell_area_m2": 900.0, "runoff_coefficient": 0.85000002384185791, "surface_class": "road" }, "geometry": { "type": "Point", "coordinates": [ 378227.790579124644864, 2046771.902720903046429 ] } },
{ "type": "Feature", "properties": { "cell_id": "R074_C076", "row": 74, "col": 76, "x": 376757.79057912464, "y": 2046741.902720903, "cell_area_m2": 900.0, "runoff_coefficient": 0.75, "surface_class": "default_urban" }, "geometry": { "type": "Point", "coordinates": [ 376757.790579124644864, 2046741.902720903046429 ] } },
{ "type": "Feature", "properties": { "cell_id": "R074_C077", "row": 74, "col": 77, "x": 376787.79057912464, "y": 2046741.902720903, "cell_area_m2": 900.0, "runoff_coefficient": 0.75, "surface_class": "default_urban" }, "geometry": { "type": "Point", "coordinates": [ 376787.790579124644864, 2046741.902720903046429 ] } },
{ "type": "Feature", "properties": { "cell_id": "R074_C078", "row": 74, "col": 78, "x": 376817.79057912464, "y": 2046741.902720903, "cell_area_m2": 900.0, "runoff_coefficient": 0.75, "surface_class": "default_urban" }, "geometry": { "type": "Point", "coordinates": [ 376817.790579124644864, 2046741.902720903046429 ] } },
{ "type": "Feature", "properties": { "cell_id": "R074_C079", "row": 74, "col": 79, "x": 376847.79057912464, "y": 2046741.902720903, "cell_area_m2": 900.0, "runoff_coefficient": 0.75, "surface_class": "default_urban" }, "geometry": { "type": "Point", "coordinates": [ 376847.790579124644864, 2046741.902720903046429 ] } },
{ "type": "Feature", "properties": { "cell_id": "R074_C080", "row": 74, "col": 80, "x": 376877.79057912464, "y": 2046741.902720903, "cell_area_m2": 900.0, "runoff_coefficient": 0.85000002384185791, "surface_class": "road" }, "geometry": { "type": "Point", "coordinates": [ 376877.790579124644864, 2046741.902720903046429 ] } },
{ "type": "Feature", "properties": { "cell_id": "R074_C081", "row": 74, "col": 81, "x": 376907.79057912464, "y": 2046741.902720903, "cell_area_m2": 900.0, "runoff_coefficient": 0.85000002384185791, "surface_class": "road" }, "geometry": { "type": "Point", "coordinates": [ 376907.790579124644864, 2046741.902720903046429 ] } },
{ "type": "Feature", "properties": { "cell_id": "R074_C082", "row": 74, "col": 82, "x": 376937.79057912464, "y": 2046741.902720903, "cell_area_m2": 900.0, "runoff_coefficient": 0.85000002384185791, "surface_class": "road" }, "geometry": { "type": "Point", "coordinates": [ 376937.790579124644864, 2046741.902720903046429 ] } },
{ "type": "Feature", "properties": { "cell_id": "R074_C083", "row": 74, "col": 83, "x": 376967.79057912464, "y": 2046741.902720903, "cell_area_m2": 900.0, "runoff_coefficient": 0.89999997615814209, "surface_class": "building" }, "geometry": { "type": "Point", "coordinates": [ 376967.790579124644864, 2046741.902720903046429 ] } },
{ "type": "Feature", "properties": { "cell_id": "R074_C084", "row": 74, "col": 84, "x": 376997.79057912464, "y": 2046741.902720903, "cell_area_m2": 900.0, "runoff_coefficient": 0.85000002384185791, "surface_class": "road" }, "geometry": { "type": "Point", "coordinates": [ 376997.790579124644864, 2046741.902720903046429 ] } },
{ "type": "Feature", "properties": { "cell_id": "R074_C085", "row": 74, "col": 85, "x": 377027.79057912464, "y": 2046741.902720903, "cell_area_m2": 900.0, "runoff_coefficient": 0.85000002384185791, "surface_class": "road" }, "geometry": { "type": "Point", "coordinates": [ 377027.790579124644864, 2046741.902720903046429 ] } },
{ "type": "Feature", "properties": { "cell_id": "R074_C086", "row": 74, "col": 86, "x": 377057.79057912464, "y": 2046741.902720903, "cell_area_m2": 900.0, "runoff_coefficient": 0.89999997615814209, "surface_class": "building" }, "geometry": { "type": "Point", "coordinates": [ 377057.790579124644864, 2046741.902720903046429 ] } },
{ "type": "Feature", "properties": { "cell_id": "R074_C087", "row": 74, "col": 87, "x": 377087.79057912464, "y": 2046741.902720903, "cell_area_m2": 900.0, "runoff_coefficient": 0.75, "surface_class": "default_urban" }, "geometry": { "type": "Point", "coordinates": [ 377087.790579124644864, 2046741.902720903046429 ] } },
{ "type": "Feature", "properties": { "cell_id": "R074_C088", "row": 74, "col": 88, "x": 377117.79057912464, "y": 2046741.902720903, "cell_area_m2": 900.0, "runoff_coefficient": 0.75, "surface_class": "default_urban" }, "geometry": { "type": "Point", "coordinates": [ 377117.790579124644864, 2046741.902720903046429 ] } },
{ "type": "Feature", "properties": { "cell_id": "R074_C089", "row": 74, "col": 89, "x": 377147.79057912464, "y": 2046741.902720903, "cell_area_m2": 900.0, "runoff_coefficient": 0.75, "surface_class": "default_urban" }, "geometry": { "type": "Point", "coordinates": [ 377147.790579124644864, 2046741.902720903046429 ] } },
{ "type": "Feature", "properties": { "cell_id": "R074_C090", "row": 74, "col": 90, "x": 377177.79057912464, "y": 2046741.902720903, "cell_area_m2": 900.0, "runoff_coefficient": 0.75, "surface_class": "default_urban" }, "geometry": { "type": "Point", "coordinates": [ 377177.790579124644864, 2046741.902720903046429 ] } },
{ "type": "Feature", "properties": { "cell_id": "R074_C091", "row": 74, "col": 91, "x": 377207.79057912464, "y": 2046741.902720903, "cell_area_m2": 900.0, "runoff_coefficient": 0.85000002384185791, "surface_class": "road" }, "geometry": { "type": "Point", "coordinates": [ 377207.790579124644864, 2046741.902720903046429 ] } },
{ "type": "Feature", "properties": { "cell_id": "R074_C092", "row": 74, "col": 92, "x": 377237.79057912464, "y": 2046741.902720903, "cell_area_m2": 900.0, "runoff_coefficient": 0.75, "surface_class": "default_urban" }, "geometry": { "type": "Point", "coordinates": [ 377237.790579124644864, 2046741.902720903046429 ] } },
{ "type": "Feature", "properties": { "cell_id": "R074_C093", "row": 74, "col": 93, "x": 377267.79057912464, "y": 2046741.902720903, "cell_area_m2": 900.0, "runoff_coefficient": 0.75, "surface_class": "default_urban" }, "geometry": { "type": "Point", "coordinates": [ 377267.790579124644864, 2046741.902720903046429 ] } },
{ "type": "Feature", "properties": { "cell_id": "R074_C094", "row": 74, "col": 94, "x": 377297.79057912464, "y": 2046741.902720903, "cell_area_m2": 900.0, "runoff_coefficient": 0.75, "surface_class": "default_urban" }, "geometry": { "type": "Point", "coordinates": [ 377297.790579124644864, 2046741.902720903046429 ] } },
{ "type": "Feature", "properties": { "cell_id": "R074_C095", "row": 74, "col": 95, "x": 377327.79057912464, "y": 2046741.902720903, "cell_area_m2": 900.0, "runoff_coefficient": 0.75, "surface_class": "default_urban" }, "geometry": { "type": "Point", "coordinates": [ 377327.790579124644864, 2046741.902720903046429 ] } },
{ "type": "Feature", "properties": { "cell_id": "R074_C096", "row": 74, "col": 96, "x": 377357.79057912464, "y": 2046741.902720903, "cell_area_m2": 900.0, "runoff_coefficient": 0.30000001192092896, "surface_class": "green_open" }, "geometry": { "type": "Point", "coordinates": [ 377357.790579124644864, 2046741.902720903046429 ] } },
{ "type": "Feature", "properties": { "cell_id": "R074_C097", "row": 74, "col": 97, "x": 377387.79057912464, "y": 2046741.902720903, "cell_area_m2": 900.0, "runoff_coefficient": 0.30000001192092896, "surface_class": "green_open" }, "geometry": { "type": "Point", "coordinates": [ 377387.790579124644864, 2046741.902720903046429 ] } },
{ "type": "Feature", "properties": { "cell_id": "R074_C098", "row": 74, "col": 98, "x": 377417.79057912464, "y": 2046741.902720903, "cell_area_m2": 900.0, "runoff_coefficient": 0.30000001192092896, "surface_class": "green_open" }, "geometry": { "type": "Point", "coordinates": [ 377417.790579124644864, 2046741.902720903046429 ] } },
{ "type": "Feature", "properties": { "cell_id": "R074_C099", "row": 74, "col": 99, "x": 377447.79057912464, "y": 2046741.902720903, "cell_area_m2": 900.0, "runoff_coefficient": 0.75, "surface_class": "default_urban" }, "geometry": { "type": "Point", "coordinates": [ 377447.790579124644864, 2046741.902720903046429 ] } },
{ "type": "Feature", "properties": { "cell_id": "R074_C100", "row": 74, "col": 100, "x": 377477.79057912464, "y": 2046741.902720903, "cell_area_m2": 900.0, "runoff_coefficient": 0.30000001192092896, "surface_class": "green_open" }, "geometry": { "type": "Point", "coordinates": [ 377477.790579124644864, 2046741.902720903046429 ] } },
{ "type": "Feature", "properties": { "cell_id": "R074_C101", "row": 74, "col": 101, "x": 377507.79057912464, "y": 2046741.902720903, "cell_area_m2": 900.0, "runoff_coefficient": 0.30000001192092896, "surface_class": "green_open" }, "geometry": { "type": "Point", "coordinates": [ 377507.790579124644864, 2046741.902720903046429 ] } },
{ "type": "Feature", "properties": { "cell_id": "R074_C102", "row": 74, "col": 102, "x": 377537.79057912464, "y": 2046741.902720903, "cell_area_m2": 900.0, "runoff_coefficient": 0.30000001192092896, "surface_class": "green_open" }, "geometry": { "type": "Point", "coordinates": [ 377537.790579124644864, 2046741.902720903046429 ] } },
{ "type": "Feature", "properties": { "cell_id": "R074_C103", "row": 74, "col": 103, "x": 377567.79057912464, "y": 2046741.902720903, "cell_area_m2": 900.0, "runoff_coefficient": 0.30000001192092896, "surface_class": "green_open" }, "geometry": { "type": "Point", "coordinates": [ 377567.790579124644864, 2046741.902720903046429 ] } },
{ "type": "Feature", "properties": { "cell_id": "R074_C104", "row": 74, "col": 104, "x": 377597.79057912464, "y": 2046741.902720903, "cell_area_m2": 900.0, "runoff_coefficient": 0.30000001192092896, "surface_class": "green_open" }, "geometry": { "type": "Point", "coordinates": [ 377597.790579124644864, 2046741.902720903046429 ] } },
{ "type": "Feature", "properties": { "cell_id": "R074_C105", "row": 74, "col": 105, "x": 377627.79057912464, "y": 2046741.902720903, "cell_area_m2": 900.0, "runoff_coefficient": 0.30000001192092896, "surface_class": "green_open" }, "geometry": { "type": "Point", "coordinates": [ 377627.790579124644864, 2046741.902720903046429 ] } },
{ "type": "Feature", "properties": { "cell_id": "R074_C106", "row": 74, "col": 106, "x": 377657.79057912464, "y": 2046741.902720903, "cell_area_m2": 900.0, "runoff_coefficient": 0.85000002384185791, "surface_class": "road" }, "geometry": { "type": "Point", "coordinates": [ 377657.790579124644864, 2046741.902720903046429 ] } },
{ "type": "Feature", "properties": { "cell_id": "R074_C107", "row": 74, "col": 107, "x": 377687.79057912464, "y": 2046741.902720903, "cell_area_m2": 900.0, "runoff_coefficient": 0.75, "surface_class": "default_urban" }, "geometry": { "type": "Point", "coordinates": [ 377687.790579124644864, 2046741.902720903046429 ] } },
{ "type": "Feature", "properties": { "cell_id": "R074_C108", "row": 74, "col": 108, "x": 377717.79057912464, "y": 2046741.902720903, "cell_area_m2": 900.0, "runoff_coefficient": 0.85000002384185791, "surface_class": "road" }, "geometry": { "type": "Point", "coordinates": [ 377717.790579124644864, 2046741.902720903046429 ] } },
{ "type": "Feature", "properties": { "cell_id": "R074_C109", "row": 74, "col": 109, "x": 377747.79057912464, "y": 2046741.902720903, "cell_area_m2": 900.0, "runoff_coefficient": 0.89999997615814209, "surface_class": "building" }, "geometry": { "type": "Point", "coordinates": [ 377747.790579124644864, 2046741.902720903046429 ] } },
{ "type": "Feature", "properties": { "cell_id": "R074_C110", "row": 74, "col": 110, "x": 377777.79057912464, "y": 2046741.902720903, "cell_area_m2": 900.0, "runoff_coefficient": 0.75, "surface_class": "default_urban" }, "geometry": { "type": "Point", "coordinates": [ 377777.790579124644864, 2046741.902720903046429 ] } },
{ "type": "Feature", "properties": { "cell_id": "R074_C111", "row": 74, "col": 111, "x": 377807.79057912464, "y": 2046741.902720903, "cell_area_m2": 900.0, "runoff_coefficient": 0.75, "surface_class": "default_urban" }, "geometry": { "type": "Point", "coordinates": [ 377807.790579124644864, 2046741.902720903046429 ] } },
{ "type": "Feature", "properties": { "cell_id": "R074_C112", "row": 74, "col": 112, "x": 377837.79057912464, "y": 2046741.902720903, "cell_area_m2": 900.0, "runoff_coefficient": 0.75, "surface_class": "default_urban" }, "geometry": { "type": "Point", "coordinates": [ 377837.790579124644864, 2046741.902720903046429 ] } },
{ "type": "Feature", "properties": { "cell_id": "R074_C113", "row": 74, "col": 113, "x": 377867.79057912464, "y": 2046741.902720903, "cell_area_m2": 900.0, "runoff_coefficient": 0.89999997615814209, "surface_class": "building" }, "geometry": { "type": "Point", "coordinates": [ 377867.790579124644864, 2046741.902720903046429 ] } },
{ "type": "Feature", "properties": { "cell_id": "R074_C114", "row": 74, "col": 114, "x": 377897.79057912464, "y": 2046741.902720903, "cell_area_m2": 900.0, "runoff_coefficient": 0.89999997615814209, "surface_class": "building" }, "geometry": { "type": "Point", "coordinates": [ 377897.790579124644864, 2046741.902720903046429 ] } },
{ "type": "Feature", "properties": { "cell_id": "R074_C115", "row": 74, "col": 115, "x": 377927.79057912464, "y": 2046741.902720903, "cell_area_m2": 900.0, "runoff_coefficient": 0.75, "surface_class": "default_urban" }, "geometry": { "type": "Point", "coordinates": [ 377927.790579124644864, 2046741.902720903046429 ] } },
{ "type": "Feature", "properties": { "cell_id": "R074_C116", "row": 74, "col": 116, "x": 377957.79057912464, "y": 2046741.902720903, "cell_area_m2": 900.0, "runoff_coefficient": 0.89999997615814209, "surface_class": "building" }, "geometry": { "type": "Point", "coordinates": [ 377957.790579124644864, 2046741.902720903046429 ] } },
{ "type": "Feature", "properties": { "cell_id": "R074_C117", "row": 74, "col": 117, "x": 377987.79057912464, "y": 2046741.902720903, "cell_area_m2": 900.0, "runoff_coefficient": 0.85000002384185791, "surface_class": "road" }, "geometry": { "type": "Point", "coordinates": [ 377987.790579124644864, 2046741.902720903046429 ] } },
{ "type": "Feature", "properties": { "cell_id": "R074_C118", "row": 74, "col": 118, "x": 378017.79057912464, "y": 2046741.902720903, "cell_area_m2": 900.0, "runoff_coefficient": 0.89999997615814209, "surface_class": "building" }, "geometry": { "type": "Point", "coordinates": [ 378017.790579124644864, 2046741.902720903046429 ] } },
{ "type": "Feature", "properties": { "cell_id": "R074_C119", "row": 74, "col": 119, "x": 378047.79057912464, "y": 2046741.902720903, "cell_area_m2": 900.0, "runoff_coefficient": 0.75, "surface_class": "default_urban" }, "geometry": { "type": "Point", "coordinates": [ 378047.790579124644864, 2046741.902720903046429 ] } },
{ "type": "Feature", "properties": { "cell_id": "R074_C120", "row": 74, "col": 120, "x": 378077.79057912464, "y": 2046741.902720903, "cell_area_m2": 900.0, "runoff_coefficient": 0.89999997615814209, "surface_class": "building" }, "geometry": { "type": "Point", "coordinates": [ 378077.790579124644864, 2046741.902720903046429 ] } },
{ "type": "Feature", "properties": { "cell_id": "R074_C121", "row": 74, "col": 121, "x": 378107.79057912464, "y": 2046741.902720903, "cell_area_m2": 900.0, "runoff_coefficient": 0.85000002384185791, "surface_class": "road" }, "geometry": { "type": "Point", "coordinates": [ 378107.790579124644864, 2046741.902720903046429 ] } },
{ "type": "Feature", "properties": { "cell_id": "R074_C122", "row": 74, "col": 122, "x": 378137.79057912464, "y": 2046741.902720903, "cell_area_m2": 900.0, "runoff_coefficient": 0.85000002384185791, "surface_class": "road" }, "geometry": { "type": "Point", "coordinates": [ 378137.790579124644864, 2046741.902720903046429 ] } },
{ "type": "Feature", "properties": { "cell_id": "R074_C123", "row": 74, "col": 123, "x": 378167.79057912464, "y": 2046741.902720903, "cell_area_m2": 900.0, "runoff_coefficient": 0.85000002384185791, "surface_class": "road" }, "geometry": { "type": "Point", "coordinates": [ 378167.790579124644864, 2046741.902720903046429 ] } },
{ "type": "Feature", "properties": { "cell_id": "R074_C124", "row": 74, "col": 124, "x": 378197.79057912464, "y": 2046741.902720903, "cell_area_m2": 900.0, "runoff_coefficient": 0.85000002384185791, "surface_class": "road" }, "geometry": { "type": "Point", "coordinates": [ 378197.790579124644864, 2046741.902720903046429 ] } },
{ "type": "Feature", "properties": { "cell_id": "R074_C125", "row": 74, "col": 125, "x": 378227.79057912464, "y": 2046741.902720903, "cell_area_m2": 900.0, "runoff_coefficient": 0.85000002384185791, "surface_class": "road" }, "geometry": { "type": "Point", "coordinates": [ 378227.790579124644864, 2046741.902720903046429 ] } },
{ "type": "Feature", "properties": { "cell_id": "R074_C126", "row": 74, "col": 126, "x": 378257.79057912464, "y": 2046741.902720903, "cell_area_m2": 900.0, "runoff_coefficient": 0.85000002384185791, "surface_class": "road" }, "geometry": { "type": "Point", "coordinates": [ 378257.790579124644864, 2046741.902720903046429 ] } },
{ "type": "Feature", "properties": { "cell_id": "R075_C074", "row": 75, "col": 74, "x": 376697.79057912464, "y": 2046711.902720903, "cell_area_m2": 900.0, "runoff_coefficient": 0.85000002384185791, "surface_class": "road" }, "geometry": { "type": "Point", "coordinates": [ 376697.790579124644864, 2046711.902720903046429 ] } },
{ "type": "Feature", "properties": { "cell_id": "R075_C075", "row": 75, "col": 75, "x": 376727.79057912464, "y": 2046711.902720903, "cell_area_m2": 900.0, "runoff_coefficient": 0.85000002384185791, "surface_class": "road" }, "geometry": { "type": "Point", "coordinates": [ 376727.790579124644864, 2046711.902720903046429 ] } },
{ "type": "Feature", "properties": { "cell_id": "R075_C076", "row": 75, "col": 76, "x": 376757.79057912464, "y": 2046711.902720903, "cell_area_m2": 900.0, "runoff_coefficient": 0.75, "surface_class": "default_urban" }, "geometry": { "type": "Point", "coordinates": [ 376757.790579124644864, 2046711.902720903046429 ] } },
{ "type": "Feature", "properties": { "cell_id": "R075_C077", "row": 75, "col": 77, "x": 376787.79057912464, "y": 2046711.902720903, "cell_area_m2": 900.0, "runoff_coefficient": 0.75, "surface_class": "default_urban" }, "geometry": { "type": "Point", "coordinates": [ 376787.790579124644864, 2046711.902720903046429 ] } },
{ "type": "Feature", "properties": { "cell_id": "R075_C078", "row": 75, "col": 78, "x": 376817.79057912464, "y": 2046711.902720903, "cell_area_m2": 900.0, "runoff_coefficient": 0.85000002384185791, "surface_class": "road" }, "geometry": { "type": "Point", "coordinates": [ 376817.790579124644864, 2046711.902720903046429 ] } },
{ "type": "Feature", "properties": { "cell_id": "R075_C079", "row": 75, "col": 79, "x": 376847.79057912464, "y": 2046711.902720903, "cell_area_m2": 900.0, "runoff_coefficient": 0.85000002384185791, "surface_class": "road" }, "geometry": { "type": "Point", "coordinates": [ 376847.790579124644864, 2046711.902720903046429 ] } },
{ "type": "Feature", "properties": { "cell_id": "R075_C080", "row": 75, "col": 80, "x": 376877.79057912464, "y": 2046711.902720903, "cell_area_m2": 900.0, "runoff_coefficient": 0.85000002384185791, "surface_class": "road" }, "geometry": { "type": "Point", "coordinates": [ 376877.790579124644864, 2046711.902720903046429 ] } },
{ "type": "Feature", "properties": { "cell_id": "R075_C081", "row": 75, "col": 81, "x": 376907.79057912464, "y": 2046711.902720903, "cell_area_m2": 900.0, "runoff_coefficient": 0.75, "surface_class": "default_urban" }, "geometry": { "type": "Point", "coordinates": [ 376907.790579124644864, 2046711.902720903046429 ] } },
{ "type": "Feature", "properties": { "cell_id": "R075_C082", "row": 75, "col": 82, "x": 376937.79057912464, "y": 2046711.902720903, "cell_area_m2": 900.0, "runoff_coefficient": 0.89999997615814209, "surface_class": "building" }, "geometry": { "type": "Point", "coordinates": [ 376937.790579124644864, 2046711.902720903046429 ] } },
{ "type": "Feature", "properties": { "cell_id": "R075_C083", "row": 75, "col": 83, "x": 376967.79057912464, "y": 2046711.902720903, "cell_area_m2": 900.0, "runoff_coefficient": 0.89999997615814209, "surface_class": "building" }, "geometry": { "type": "Point", "coordinates": [ 376967.790579124644864, 2046711.902720903046429 ] } },
{ "type": "Feature", "properties": { "cell_id": "R075_C084", "row": 75, "col": 84, "x": 376997.79057912464, "y": 2046711.902720903, "cell_area_m2": 900.0, "runoff_coefficient": 0.85000002384185791, "surface_class": "road" }, "geometry": { "type": "Point", "coordinates": [ 376997.790579124644864, 2046711.902720903046429 ] } },
{ "type": "Feature", "properties": { "cell_id": "R075_C085", "row": 75, "col": 85, "x": 377027.79057912464, "y": 2046711.902720903, "cell_area_m2": 900.0, "runoff_coefficient": 0.89999997615814209, "surface_class": "building" }, "geometry": { "type": "Point", "coordinates": [ 377027.790579124644864, 2046711.902720903046429 ] } },
{ "type": "Feature", "properties": { "cell_id": "R075_C086", "row": 75, "col": 86, "x": 377057.79057912464, "y": 2046711.902720903, "cell_area_m2": 900.0, "runoff_coefficient": 0.85000002384185791, "surface_class": "road" }, "geometry": { "type": "Point", "coordinates": [ 377057.790579124644864, 2046711.902720903046429 ] } },
{ "type": "Feature", "properties": { "cell_id": "R075_C087", "row": 75, "col": 87, "x": 377087.79057912464, "y": 2046711.902720903, "cell_area_m2": 900.0, "runoff_coefficient": 0.85000002384185791, "surface_class": "road" }, "geometry": { "type": "Point", "coordinates": [ 377087.790579124644864, 2046711.902720903046429 ] } },
{ "type": "Feature", "properties": { "cell_id": "R075_C088", "row": 75, "col": 88, "x": 377117.79057912464, "y": 2046711.902720903, "cell_area_m2": 900.0, "runoff_coefficient": 0.75, "surface_class": "default_urban" }, "geometry": { "type": "Point", "coordinates": [ 377117.790579124644864, 2046711.902720903046429 ] } },
{ "type": "Feature", "properties": { "cell_id": "R075_C089", "row": 75, "col": 89, "x": 377147.79057912464, "y": 2046711.902720903, "cell_area_m2": 900.0, "runoff_coefficient": 0.75, "surface_class": "default_urban" }, "geometry": { "type": "Point", "coordinates": [ 377147.790579124644864, 2046711.902720903046429 ] } },
{ "type": "Feature", "properties": { "cell_id": "R075_C090", "row": 75, "col": 90, "x": 377177.79057912464, "y": 2046711.902720903, "cell_area_m2": 900.0, "runoff_coefficient": 0.85000002384185791, "surface_class": "road" }, "geometry": { "type": "Point", "coordinates": [ 377177.790579124644864, 2046711.902720903046429 ] } },
{ "type": "Feature", "properties": { "cell_id": "R075_C091", "row": 75, "col": 91, "x": 377207.79057912464, "y": 2046711.902720903, "cell_area_m2": 900.0, "runoff_coefficient": 0.85000002384185791, "surface_class": "road" }, "geometry": { "type": "Point", "coordinates": [ 377207.790579124644864, 2046711.902720903046429 ] } },
{ "type": "Feature", "properties": { "cell_id": "R075_C092", "row": 75, "col": 92, "x": 377237.79057912464, "y": 2046711.902720903, "cell_area_m2": 900.0, "runoff_coefficient": 0.75, "surface_class": "default_urban" }, "geometry": { "type": "Point", "coordinates": [ 377237.790579124644864, 2046711.902720903046429 ] } },
{ "type": "Feature", "properties": { "cell_id": "R075_C093", "row": 75, "col": 93, "x": 377267.79057912464, "y": 2046711.902720903, "cell_area_m2": 900.0, "runoff_coefficient": 0.75, "surface_class": "default_urban" }, "geometry": { "type": "Point", "coordinates": [ 377267.790579124644864, 2046711.902720903046429 ] } },
{ "type": "Feature", "properties": { "cell_id": "R075_C094", "row": 75, "col": 94, "x": 377297.79057912464, "y": 2046711.902720903, "cell_area_m2": 900.0, "runoff_coefficient": 0.75, "surface_class": "default_urban" }, "geometry": { "type": "Point", "coordinates": [ 377297.790579124644864, 2046711.902720903046429 ] } },
{ "type": "Feature", "properties": { "cell_id": "R075_C095", "row": 75, "col": 95, "x": 377327.79057912464, "y": 2046711.902720903, "cell_area_m2": 900.0, "runoff_coefficient": 0.75, "surface_class": "default_urban" }, "geometry": { "type": "Point", "coordinates": [ 377327.790579124644864, 2046711.902720903046429 ] } },
{ "type": "Feature", "properties": { "cell_id": "R075_C096", "row": 75, "col": 96, "x": 377357.79057912464, "y": 2046711.902720903, "cell_area_m2": 900.0, "runoff_coefficient": 0.30000001192092896, "surface_class": "green_open" }, "geometry": { "type": "Point", "coordinates": [ 377357.790579124644864, 2046711.902720903046429 ] } },
{ "type": "Feature", "properties": { "cell_id": "R075_C097", "row": 75, "col": 97, "x": 377387.79057912464, "y": 2046711.902720903, "cell_area_m2": 900.0, "runoff_coefficient": 0.75, "surface_class": "default_urban" }, "geometry": { "type": "Point", "coordinates": [ 377387.790579124644864, 2046711.902720903046429 ] } },
{ "type": "Feature", "properties": { "cell_id": "R075_C098", "row": 75, "col": 98, "x": 377417.79057912464, "y": 2046711.902720903, "cell_area_m2": 900.0, "runoff_coefficient": 0.30000001192092896, "surface_class": "green_open" }, "geometry": { "type": "Point", "coordinates": [ 377417.790579124644864, 2046711.902720903046429 ] } },
{ "type": "Feature", "properties": { "cell_id": "R075_C099", "row": 75, "col": 99, "x": 377447.79057912464, "y": 2046711.902720903, "cell_area_m2": 900.0, "runoff_coefficient": 0.30000001192092896, "surface_class": "green_open" }, "geometry": { "type": "Point", "coordinates": [ 377447.790579124644864, 2046711.902720903046429 ] } },
{ "type": "Feature", "properties": { "cell_id": "R075_C100", "row": 75, "col": 100, "x": 377477.79057912464, "y": 2046711.902720903, "cell_area_m2": 900.0, "runoff_coefficient": 0.30000001192092896, "surface_class": "green_open" }, "geometry": { "type": "Point", "coordinates": [ 377477.790579124644864, 2046711.902720903046429 ] } },
{ "type": "Feature", "properties": { "cell_id": "R075_C101", "row": 75, "col": 101, "x": 377507.79057912464, "y": 2046711.902720903, "cell_area_m2": 900.0, "runoff_coefficient": 0.30000001192092896, "surface_class": "green_open" }, "geometry": { "type": "Point", "coordinates": [ 377507.790579124644864, 2046711.902720903046429 ] } },
{ "type": "Feature", "properties": { "cell_id": "R075_C102", "row": 75, "col": 102, "x": 377537.79057912464, "y": 2046711.902720903, "cell_area_m2": 900.0, "runoff_coefficient": 0.30000001192092896, "surface_class": "green_open" }, "geometry": { "type": "Point", "coordinates": [ 377537.790579124644864, 2046711.902720903046429 ] } },
{ "type": "Feature", "properties": { "cell_id": "R075_C103", "row": 75, "col": 103, "x": 377567.79057912464, "y": 2046711.902720903, "cell_area_m2": 900.0, "runoff_coefficient": 0.30000001192092896, "surface_class": "green_open" }, "geometry": { "type": "Point", "coordinates": [ 377567.790579124644864, 2046711.902720903046429 ] } },
{ "type": "Feature", "properties": { "cell_id": "R075_C104", "row": 75, "col": 104, "x": 377597.79057912464, "y": 2046711.902720903, "cell_area_m2": 900.0, "runoff_coefficient": 0.30000001192092896, "surface_class": "green_open" }, "geometry": { "type": "Point", "coordinates": [ 377597.790579124644864, 2046711.902720903046429 ] } },
{ "type": "Feature", "properties": { "cell_id": "R075_C105", "row": 75, "col": 105, "x": 377627.79057912464, "y": 2046711.902720903, "cell_area_m2": 900.0, "runoff_coefficient": 0.30000001192092896, "surface_class": "green_open" }, "geometry": { "type": "Point", "coordinates": [ 377627.790579124644864, 2046711.902720903046429 ] } },
{ "type": "Feature", "properties": { "cell_id": "R075_C106", "row": 75, "col": 106, "x": 377657.79057912464, "y": 2046711.902720903, "cell_area_m2": 900.0, "runoff_coefficient": 0.85000002384185791, "surface_class": "road" }, "geometry": { "type": "Point", "coordinates": [ 377657.790579124644864, 2046711.902720903046429 ] } },
{ "type": "Feature", "properties": { "cell_id": "R075_C107", "row": 75, "col": 107, "x": 377687.79057912464, "y": 2046711.902720903, "cell_area_m2": 900.0, "runoff_coefficient": 0.75, "surface_class": "default_urban" }, "geometry": { "type": "Point", "coordinates": [ 377687.790579124644864, 2046711.902720903046429 ] } },
{ "type": "Feature", "properties": { "cell_id": "R075_C108", "row": 75, "col": 108, "x": 377717.79057912464, "y": 2046711.902720903, "cell_area_m2": 900.0, "runoff_coefficient": 0.85000002384185791, "surface_class": "road" }, "geometry": { "type": "Point", "coordinates": [ 377717.790579124644864, 2046711.902720903046429 ] } },
{ "type": "Feature", "properties": { "cell_id": "R075_C109", "row": 75, "col": 109, "x": 377747.79057912464, "y": 2046711.902720903, "cell_area_m2": 900.0, "runoff_coefficient": 0.89999997615814209, "surface_class": "building" }, "geometry": { "type": "Point", "coordinates": [ 377747.790579124644864, 2046711.902720903046429 ] } },
{ "type": "Feature", "properties": { "cell_id": "R075_C110", "row": 75, "col": 110, "x": 377777.79057912464, "y": 2046711.902720903, "cell_area_m2": 900.0, "runoff_coefficient": 0.75, "surface_class": "default_urban" }, "geometry": { "type": "Point", "coordinates": [ 377777.790579124644864, 2046711.902720903046429 ] } },
{ "type": "Feature", "properties": { "cell_id": "R075_C111", "row": 75, "col": 111, "x": 377807.79057912464, "y": 2046711.902720903, "cell_area_m2": 900.0, "runoff_coefficient": 0.75, "surface_class": "default_urban" }, "geometry": { "type": "Point", "coordinates": [ 377807.790579124644864, 2046711.902720903046429 ] } },
{ "type": "Feature", "properties": { "cell_id": "R075_C112", "row": 75, "col": 112, "x": 377837.79057912464, "y": 2046711.902720903, "cell_area_m2": 900.0, "runoff_coefficient": 0.85000002384185791, "surface_class": "road" }, "geometry": { "type": "Point", "coordinates": [ 377837.790579124644864, 2046711.902720903046429 ] } },
{ "type": "Feature", "properties": { "cell_id": "R075_C113", "row": 75, "col": 113, "x": 377867.79057912464, "y": 2046711.902720903, "cell_area_m2": 900.0, "runoff_coefficient": 0.85000002384185791, "surface_class": "road" }, "geometry": { "type": "Point", "coordinates": [ 377867.790579124644864, 2046711.902720903046429 ] } },
{ "type": "Feature", "properties": { "cell_id": "R075_C114", "row": 75, "col": 114, "x": 377897.79057912464, "y": 2046711.902720903, "cell_area_m2": 900.0, "runoff_coefficient": 0.85000002384185791, "surface_class": "road" }, "geometry": { "type": "Point", "coordinates": [ 377897.790579124644864, 2046711.902720903046429 ] } },
{ "type": "Feature", "properties": { "cell_id": "R075_C115", "row": 75, "col": 115, "x": 377927.79057912464, "y": 2046711.902720903, "cell_area_m2": 900.0, "runoff_coefficient": 0.89999997615814209, "surface_class": "building" }, "geometry": { "type": "Point", "coordinates": [ 377927.790579124644864, 2046711.902720903046429 ] } },
{ "type": "Feature", "properties": { "cell_id": "R075_C116", "row": 75, "col": 116, "x": 377957.79057912464, "y": 2046711.902720903, "cell_area_m2": 900.0, "runoff_coefficient": 0.85000002384185791, "surface_class": "road" }, "geometry": { "type": "Point", "coordinates": [ 377957.790579124644864, 2046711.902720903046429 ] } },
{ "type": "Feature", "properties": { "cell_id": "R075_C117", "row": 75, "col": 117, "x": 377987.79057912464, "y": 2046711.902720903, "cell_area_m2": 900.0, "runoff_coefficient": 0.85000002384185791, "surface_class": "road" }, "geometry": { "type": "Point", "coordinates": [ 377987.790579124644864, 2046711.902720903046429 ] } },
{ "type": "Feature", "properties": { "cell_id": "R075_C118", "row": 75, "col": 118, "x": 378017.79057912464, "y": 2046711.902720903, "cell_area_m2": 900.0, "runoff_coefficient": 0.85000002384185791, "surface_class": "road" }, "geometry": { "type": "Point", "coordinates": [ 378017.790579124644864, 2046711.902720903046429 ] } },
{ "type": "Feature", "properties": { "cell_id": "R075_C119", "row": 75, "col": 119, "x": 378047.79057912464, "y": 2046711.902720903, "cell_area_m2": 900.0, "runoff_coefficient": 0.85000002384185791, "surface_class": "road" }, "geometry": { "type": "Point", "coordinates": [ 378047.790579124644864, 2046711.902720903046429 ] } },
{ "type": "Feature", "properties": { "cell_id": "R075_C120", "row": 75, "col": 120, "x": 378077.79057912464, "y": 2046711.902720903, "cell_area_m2": 900.0, "runoff_coefficient": 0.85000002384185791, "surface_class": "road" }, "geometry": { "type": "Point", "coordinates": [ 378077.790579124644864, 2046711.902720903046429 ] } },
{ "type": "Feature", "properties": { "cell_id": "R075_C121", "row": 75, "col": 121, "x": 378107.79057912464, "y": 2046711.902720903, "cell_area_m2": 900.0, "runoff_coefficient": 0.85000002384185791, "surface_class": "road" }, "geometry": { "type": "Point", "coordinates": [ 378107.790579124644864, 2046711.902720903046429 ] } },
{ "type": "Feature", "properties": { "cell_id": "R075_C122", "row": 75, "col": 122, "x": 378137.79057912464, "y": 2046711.902720903, "cell_area_m2": 900.0, "runoff_coefficient": 0.89999997615814209, "surface_class": "building" }, "geometry": { "type": "Point", "coordinates": [ 378137.790579124644864, 2046711.902720903046429 ] } },
{ "type": "Feature", "properties": { "cell_id": "R075_C123", "row": 75, "col": 123, "x": 378167.79057912464, "y": 2046711.902720903, "cell_area_m2": 900.0, "runoff_coefficient": 0.75, "surface_class": "default_urban" }, "geometry": { "type": "Point", "coordinates": [ 378167.790579124644864, 2046711.902720903046429 ] } },
{ "type": "Feature", "properties": { "cell_id": "R075_C124", "row": 75, "col": 124, "x": 378197.79057912464, "y": 2046711.902720903, "cell_area_m2": 900.0, "runoff_coefficient": 0.89999997615814209, "surface_class": "building" }, "geometry": { "type": "Point", "coordinates": [ 378197.790579124644864, 2046711.902720903046429 ] } },
{ "type": "Feature", "properties": { "cell_id": "R075_C125", "row": 75, "col": 125, "x": 378227.79057912464, "y": 2046711.902720903, "cell_area_m2": 900.0, "runoff_coefficient": 0.89999997615814209, "surface_class": "building" }, "geometry": { "type": "Point", "coordinates": [ 378227.790579124644864, 2046711.902720903046429 ] } },
{ "type": "Feature", "properties": { "cell_id": "R075_C126", "row": 75, "col": 126, "x": 378257.79057912464, "y": 2046711.902720903, "cell_area_m2": 900.0, "runoff_coefficient": 0.85000002384185791, "surface_class": "road" }, "geometry": { "type": "Point", "coordinates": [ 378257.790579124644864, 2046711.902720903046429 ] } },
{ "type": "Feature", "properties": { "cell_id": "R075_C127", "row": 75, "col": 127, "x": 378287.79057912464, "y": 2046711.902720903, "cell_area_m2": 900.0, "runoff_coefficient": 0.89999997615814209, "surface_class": "building" }, "geometry": { "type": "Point", "coordinates": [ 378287.790579124644864, 2046711.902720903046429 ] } },
{ "type": "Feature", "properties": { "cell_id": "R076_C073", "row": 76, "col": 73, "x": 376667.79057912464, "y": 2046681.902720903, "cell_area_m2": 900.0, "runoff_coefficient": 0.89999997615814209, "surface_class": "building" }, "geometry": { "type": "Point", "coordinates": [ 376667.790579124644864, 2046681.902720903046429 ] } },
{ "type": "Feature", "properties": { "cell_id": "R076_C074", "row": 76, "col": 74, "x": 376697.79057912464, "y": 2046681.902720903, "cell_area_m2": 900.0, "runoff_coefficient": 0.89999997615814209, "surface_class": "building" }, "geometry": { "type": "Point", "coordinates": [ 376697.790579124644864, 2046681.902720903046429 ] } },
{ "type": "Feature", "properties": { "cell_id": "R076_C075", "row": 76, "col": 75, "x": 376727.79057912464, "y": 2046681.902720903, "cell_area_m2": 900.0, "runoff_coefficient": 0.85000002384185791, "surface_class": "road" }, "geometry": { "type": "Point", "coordinates": [ 376727.790579124644864, 2046681.902720903046429 ] } },
{ "type": "Feature", "properties": { "cell_id": "R076_C076", "row": 76, "col": 76, "x": 376757.79057912464, "y": 2046681.902720903, "cell_area_m2": 900.0, "runoff_coefficient": 0.85000002384185791, "surface_class": "road" }, "geometry": { "type": "Point", "coordinates": [ 376757.790579124644864, 2046681.902720903046429 ] } },
{ "type": "Feature", "properties": { "cell_id": "R076_C077", "row": 76, "col": 77, "x": 376787.79057912464, "y": 2046681.902720903, "cell_area_m2": 900.0, "runoff_coefficient": 0.85000002384185791, "surface_class": "road" }, "geometry": { "type": "Point", "coordinates": [ 376787.790579124644864, 2046681.902720903046429 ] } },
{ "type": "Feature", "properties": { "cell_id": "R076_C078", "row": 76, "col": 78, "x": 376817.79057912464, "y": 2046681.902720903, "cell_area_m2": 900.0, "runoff_coefficient": 0.85000002384185791, "surface_class": "road" }, "geometry": { "type": "Point", "coordinates": [ 376817.790579124644864, 2046681.902720903046429 ] } },
{ "type": "Feature", "properties": { "cell_id": "R076_C079", "row": 76, "col": 79, "x": 376847.79057912464, "y": 2046681.902720903, "cell_area_m2": 900.0, "runoff_coefficient": 0.75, "surface_class": "default_urban" }, "geometry": { "type": "Point", "coordinates": [ 376847.790579124644864, 2046681.902720903046429 ] } },
{ "type": "Feature", "properties": { "cell_id": "R076_C080", "row": 76, "col": 80, "x": 376877.79057912464, "y": 2046681.902720903, "cell_area_m2": 900.0, "runoff_coefficient": 0.75, "surface_class": "default_urban" }, "geometry": { "type": "Point", "coordinates": [ 376877.790579124644864, 2046681.902720903046429 ] } },
{ "type": "Feature", "properties": { "cell_id": "R076_C081", "row": 76, "col": 81, "x": 376907.79057912464, "y": 2046681.902720903, "cell_area_m2": 900.0, "runoff_coefficient": 0.89999997615814209, "surface_class": "building" }, "geometry": { "type": "Point", "coordinates": [ 376907.790579124644864, 2046681.902720903046429 ] } },
{ "type": "Feature", "properties": { "cell_id": "R076_C082", "row": 76, "col": 82, "x": 376937.79057912464, "y": 2046681.902720903, "cell_area_m2": 900.0, "runoff_coefficient": 0.89999997615814209, "surface_class": "building" }, "geometry": { "type": "Point", "coordinates": [ 376937.790579124644864, 2046681.902720903046429 ] } },
{ "type": "Feature", "properties": { "cell_id": "R076_C083", "row": 76, "col": 83, "x": 376967.79057912464, "y": 2046681.902720903, "cell_area_m2": 900.0, "runoff_coefficient": 0.85000002384185791, "surface_class": "road" }, "geometry": { "type": "Point", "coordinates": [ 376967.790579124644864, 2046681.902720903046429 ] } },
{ "type": "Feature", "properties": { "cell_id": "R076_C084", "row": 76, "col": 84, "x": 376997.79057912464, "y": 2046681.902720903, "cell_area_m2": 900.0, "runoff_coefficient": 0.89999997615814209, "surface_class": "building" }, "geometry": { "type": "Point", "coordinates": [ 376997.790579124644864, 2046681.902720903046429 ] } },
{ "type": "Feature", "properties": { "cell_id": "R076_C085", "row": 76, "col": 85, "x": 377027.79057912464, "y": 2046681.902720903, "cell_area_m2": 900.0, "runoff_coefficient": 0.75, "surface_class": "default_urban" }, "geometry": { "type": "Point", "coordinates": [ 377027.790579124644864, 2046681.902720903046429 ] } },
{ "type": "Feature", "properties": { "cell_id": "R076_C086", "row": 76, "col": 86, "x": 377057.79057912464, "y": 2046681.902720903, "cell_area_m2": 900.0, "runoff_coefficient": 0.75, "surface_class": "default_urban" }, "geometry": { "type": "Point", "coordinates": [ 377057.790579124644864, 2046681.902720903046429 ] } },
{ "type": "Feature", "properties": { "cell_id": "R076_C087", "row": 76, "col": 87, "x": 377087.79057912464, "y": 2046681.902720903, "cell_area_m2": 900.0, "runoff_coefficient": 0.85000002384185791, "surface_class": "road" }, "geometry": { "type": "Point", "coordinates": [ 377087.790579124644864, 2046681.902720903046429 ] } },
{ "type": "Feature", "properties": { "cell_id": "R076_C088", "row": 76, "col": 88, "x": 377117.79057912464, "y": 2046681.902720903, "cell_area_m2": 900.0, "runoff_coefficient": 0.89999997615814209, "surface_class": "building" }, "geometry": { "type": "Point", "coordinates": [ 377117.790579124644864, 2046681.902720903046429 ] } },
{ "type": "Feature", "properties": { "cell_id": "R076_C089", "row": 76, "col": 89, "x": 377147.79057912464, "y": 2046681.902720903, "cell_area_m2": 900.0, "runoff_coefficient": 0.85000002384185791, "surface_class": "road" }, "geometry": { "type": "Point", "coordinates": [ 377147.790579124644864, 2046681.902720903046429 ] } },
{ "type": "Feature", "properties": { "cell_id": "R076_C090", "row": 76, "col": 90, "x": 377177.79057912464, "y": 2046681.902720903, "cell_area_m2": 900.0, "runoff_coefficient": 0.85000002384185791, "surface_class": "road" }, "geometry": { "type": "Point", "coordinates": [ 377177.790579124644864, 2046681.902720903046429 ] } },
{ "type": "Feature", "properties": { "cell_id": "R076_C091", "row": 76, "col": 91, "x": 377207.79057912464, "y": 2046681.902720903, "cell_area_m2": 900.0, "runoff_coefficient": 0.75, "surface_class": "default_urban" }, "geometry": { "type": "Point", "coordinates": [ 377207.790579124644864, 2046681.902720903046429 ] } },
{ "type": "Feature", "properties": { "cell_id": "R076_C092", "row": 76, "col": 92, "x": 377237.79057912464, "y": 2046681.902720903, "cell_area_m2": 900.0, "runoff_coefficient": 0.75, "surface_class": "default_urban" }, "geometry": { "type": "Point", "coordinates": [ 377237.790579124644864, 2046681.902720903046429 ] } },
{ "type": "Feature", "properties": { "cell_id": "R076_C093", "row": 76, "col": 93, "x": 377267.79057912464, "y": 2046681.902720903, "cell_area_m2": 900.0, "runoff_coefficient": 0.75, "surface_class": "default_urban" }, "geometry": { "type": "Point", "coordinates": [ 377267.790579124644864, 2046681.902720903046429 ] } },
{ "type": "Feature", "properties": { "cell_id": "R076_C094", "row": 76, "col": 94, "x": 377297.79057912464, "y": 2046681.902720903, "cell_area_m2": 900.0, "runoff_coefficient": 0.75, "surface_class": "default_urban" }, "geometry": { "type": "Point", "coordinates": [ 377297.790579124644864, 2046681.902720903046429 ] } },
{ "type": "Feature", "properties": { "cell_id": "R076_C095", "row": 76, "col": 95, "x": 377327.79057912464, "y": 2046681.902720903, "cell_area_m2": 900.0, "runoff_coefficient": 0.30000001192092896, "surface_class": "green_open" }, "geometry": { "type": "Point", "coordinates": [ 377327.790579124644864, 2046681.902720903046429 ] } },
{ "type": "Feature", "properties": { "cell_id": "R076_C096", "row": 76, "col": 96, "x": 377357.79057912464, "y": 2046681.902720903, "cell_area_m2": 900.0, "runoff_coefficient": 0.85000002384185791, "surface_class": "road" }, "geometry": { "type": "Point", "coordinates": [ 377357.790579124644864, 2046681.902720903046429 ] } },
{ "type": "Feature", "properties": { "cell_id": "R076_C097", "row": 76, "col": 97, "x": 377387.79057912464, "y": 2046681.902720903, "cell_area_m2": 900.0, "runoff_coefficient": 0.85000002384185791, "surface_class": "road" }, "geometry": { "type": "Point", "coordinates": [ 377387.790579124644864, 2046681.902720903046429 ] } },
{ "type": "Feature", "properties": { "cell_id": "R076_C098", "row": 76, "col": 98, "x": 377417.79057912464, "y": 2046681.902720903, "cell_area_m2": 900.0, "runoff_coefficient": 0.85000002384185791, "surface_class": "road" }, "geometry": { "type": "Point", "coordinates": [ 377417.790579124644864, 2046681.902720903046429 ] } },
{ "type": "Feature", "properties": { "cell_id": "R076_C099", "row": 76, "col": 99, "x": 377447.79057912464, "y": 2046681.902720903, "cell_area_m2": 900.0, "runoff_coefficient": 0.30000001192092896, "surface_class": "green_open" }, "geometry": { "type": "Point", "coordinates": [ 377447.790579124644864, 2046681.902720903046429 ] } },
{ "type": "Feature", "properties": { "cell_id": "R076_C100", "row": 76, "col": 100, "x": 377477.79057912464, "y": 2046681.902720903, "cell_area_m2": 900.0, "runoff_coefficient": 0.75, "surface_class": "default_urban" }, "geometry": { "type": "Point", "coordinates": [ 377477.790579124644864, 2046681.902720903046429 ] } },
{ "type": "Feature", "properties": { "cell_id": "R076_C101", "row": 76, "col": 101, "x": 377507.79057912464, "y": 2046681.902720903, "cell_area_m2": 900.0, "runoff_coefficient": 0.30000001192092896, "surface_class": "green_open" }, "geometry": { "type": "Point", "coordinates": [ 377507.790579124644864, 2046681.902720903046429 ] } },
{ "type": "Feature", "properties": { "cell_id": "R076_C102", "row": 76, "col": 102, "x": 377537.79057912464, "y": 2046681.902720903, "cell_area_m2": 900.0, "runoff_coefficient": 0.30000001192092896, "surface_class": "green_open" }, "geometry": { "type": "Point", "coordinates": [ 377537.790579124644864, 2046681.902720903046429 ] } },
{ "type": "Feature", "properties": { "cell_id": "R076_C103", "row": 76, "col": 103, "x": 377567.79057912464, "y": 2046681.902720903, "cell_area_m2": 900.0, "runoff_coefficient": 0.30000001192092896, "surface_class": "green_open" }, "geometry": { "type": "Point", "coordinates": [ 377567.790579124644864, 2046681.902720903046429 ] } },
{ "type": "Feature", "properties": { "cell_id": "R076_C104", "row": 76, "col": 104, "x": 377597.79057912464, "y": 2046681.902720903, "cell_area_m2": 900.0, "runoff_coefficient": 0.30000001192092896, "surface_class": "green_open" }, "geometry": { "type": "Point", "coordinates": [ 377597.790579124644864, 2046681.902720903046429 ] } },
{ "type": "Feature", "properties": { "cell_id": "R076_C105", "row": 76, "col": 105, "x": 377627.79057912464, "y": 2046681.902720903, "cell_area_m2": 900.0, "runoff_coefficient": 0.30000001192092896, "surface_class": "green_open" }, "geometry": { "type": "Point", "coordinates": [ 377627.790579124644864, 2046681.902720903046429 ] } },
{ "type": "Feature", "properties": { "cell_id": "R076_C106", "row": 76, "col": 106, "x": 377657.79057912464, "y": 2046681.902720903, "cell_area_m2": 900.0, "runoff_coefficient": 0.85000002384185791, "surface_class": "road" }, "geometry": { "type": "Point", "coordinates": [ 377657.790579124644864, 2046681.902720903046429 ] } },
{ "type": "Feature", "properties": { "cell_id": "R076_C107", "row": 76, "col": 107, "x": 377687.79057912464, "y": 2046681.902720903, "cell_area_m2": 900.0, "runoff_coefficient": 0.75, "surface_class": "default_urban" }, "geometry": { "type": "Point", "coordinates": [ 377687.790579124644864, 2046681.902720903046429 ] } },
{ "type": "Feature", "properties": { "cell_id": "R076_C108", "row": 76, "col": 108, "x": 377717.79057912464, "y": 2046681.902720903, "cell_area_m2": 900.0, "runoff_coefficient": 0.85000002384185791, "surface_class": "road" }, "geometry": { "type": "Point", "coordinates": [ 377717.790579124644864, 2046681.902720903046429 ] } },
{ "type": "Feature", "properties": { "cell_id": "R076_C109", "row": 76, "col": 109, "x": 377747.79057912464, "y": 2046681.902720903, "cell_area_m2": 900.0, "runoff_coefficient": 0.89999997615814209, "surface_class": "building" }, "geometry": { "type": "Point", "coordinates": [ 377747.790579124644864, 2046681.902720903046429 ] } },
{ "type": "Feature", "properties": { "cell_id": "R076_C110", "row": 76, "col": 110, "x": 377777.79057912464, "y": 2046681.902720903, "cell_area_m2": 900.0, "runoff_coefficient": 0.89999997615814209, "surface_class": "building" }, "geometry": { "type": "Point", "coordinates": [ 377777.790579124644864, 2046681.902720903046429 ] } },
{ "type": "Feature", "properties": { "cell_id": "R076_C111", "row": 76, "col": 111, "x": 377807.79057912464, "y": 2046681.902720903, "cell_area_m2": 900.0, "runoff_coefficient": 0.89999997615814209, "surface_class": "building" }, "geometry": { "type": "Point", "coordinates": [ 377807.790579124644864, 2046681.902720903046429 ] } },
{ "type": "Feature", "properties": { "cell_id": "R076_C112", "row": 76, "col": 112, "x": 377837.79057912464, "y": 2046681.902720903, "cell_area_m2": 900.0, "runoff_coefficient": 0.85000002384185791, "surface_class": "road" }, "geometry": { "type": "Point", "coordinates": [ 377837.790579124644864, 2046681.902720903046429 ] } },
{ "type": "Feature", "properties": { "cell_id": "R076_C113", "row": 76, "col": 113, "x": 377867.79057912464, "y": 2046681.902720903, "cell_area_m2": 900.0, "runoff_coefficient": 0.75, "surface_class": "default_urban" }, "geometry": { "type": "Point", "coordinates": [ 377867.790579124644864, 2046681.902720903046429 ] } },
{ "type": "Feature", "properties": { "cell_id": "R076_C114", "row": 76, "col": 114, "x": 377897.79057912464, "y": 2046681.902720903, "cell_area_m2": 900.0, "runoff_coefficient": 0.75, "surface_class": "default_urban" }, "geometry": { "type": "Point", "coordinates": [ 377897.790579124644864, 2046681.902720903046429 ] } },
{ "type": "Feature", "properties": { "cell_id": "R076_C115", "row": 76, "col": 115, "x": 377927.79057912464, "y": 2046681.902720903, "cell_area_m2": 900.0, "runoff_coefficient": 0.75, "surface_class": "default_urban" }, "geometry": { "type": "Point", "coordinates": [ 377927.790579124644864, 2046681.902720903046429 ] } },
{ "type": "Feature", "properties": { "cell_id": "R076_C116", "row": 76, "col": 116, "x": 377957.79057912464, "y": 2046681.902720903, "cell_area_m2": 900.0, "runoff_coefficient": 0.75, "surface_class": "default_urban" }, "geometry": { "type": "Point", "coordinates": [ 377957.790579124644864, 2046681.902720903046429 ] } },
{ "type": "Feature", "properties": { "cell_id": "R076_C117", "row": 76, "col": 117, "x": 377987.79057912464, "y": 2046681.902720903, "cell_area_m2": 900.0, "runoff_coefficient": 0.85000002384185791, "surface_class": "road" }, "geometry": { "type": "Point", "coordinates": [ 377987.790579124644864, 2046681.902720903046429 ] } },
{ "type": "Feature", "properties": { "cell_id": "R076_C118", "row": 76, "col": 118, "x": 378017.79057912464, "y": 2046681.902720903, "cell_area_m2": 900.0, "runoff_coefficient": 0.85000002384185791, "surface_class": "road" }, "geometry": { "type": "Point", "coordinates": [ 378017.790579124644864, 2046681.902720903046429 ] } },
{ "type": "Feature", "properties": { "cell_id": "R076_C119", "row": 76, "col": 119, "x": 378047.79057912464, "y": 2046681.902720903, "cell_area_m2": 900.0, "runoff_coefficient": 0.75, "surface_class": "default_urban" }, "geometry": { "type": "Point", "coordinates": [ 378047.790579124644864, 2046681.902720903046429 ] } },
{ "type": "Feature", "properties": { "cell_id": "R076_C120", "row": 76, "col": 120, "x": 378077.79057912464, "y": 2046681.902720903, "cell_area_m2": 900.0, "runoff_coefficient": 0.75, "surface_class": "default_urban" }, "geometry": { "type": "Point", "coordinates": [ 378077.790579124644864, 2046681.902720903046429 ] } },
{ "type": "Feature", "properties": { "cell_id": "R076_C121", "row": 76, "col": 121, "x": 378107.79057912464, "y": 2046681.902720903, "cell_area_m2": 900.0, "runoff_coefficient": 0.85000002384185791, "surface_class": "road" }, "geometry": { "type": "Point", "coordinates": [ 378107.790579124644864, 2046681.902720903046429 ] } },
{ "type": "Feature", "properties": { "cell_id": "R076_C122", "row": 76, "col": 122, "x": 378137.79057912464, "y": 2046681.902720903, "cell_area_m2": 900.0, "runoff_coefficient": 0.75, "surface_class": "default_urban" }, "geometry": { "type": "Point", "coordinates": [ 378137.790579124644864, 2046681.902720903046429 ] } },
{ "type": "Feature", "properties": { "cell_id": "R076_C123", "row": 76, "col": 123, "x": 378167.79057912464, "y": 2046681.902720903, "cell_area_m2": 900.0, "runoff_coefficient": 0.89999997615814209, "surface_class": "building" }, "geometry": { "type": "Point", "coordinates": [ 378167.790579124644864, 2046681.902720903046429 ] } },
{ "type": "Feature", "properties": { "cell_id": "R076_C124", "row": 76, "col": 124, "x": 378197.79057912464, "y": 2046681.902720903, "cell_area_m2": 900.0, "runoff_coefficient": 0.75, "surface_class": "default_urban" }, "geometry": { "type": "Point", "coordinates": [ 378197.790579124644864, 2046681.902720903046429 ] } },
{ "type": "Feature", "properties": { "cell_id": "R076_C125", "row": 76, "col": 125, "x": 378227.79057912464, "y": 2046681.902720903, "cell_area_m2": 900.0, "runoff_coefficient": 0.85000002384185791, "surface_class": "road" }, "geometry": { "type": "Point", "coordinates": [ 378227.790579124644864, 2046681.902720903046429 ] } },
{ "type": "Feature", "properties": { "cell_id": "R076_C126", "row": 76, "col": 126, "x": 378257.79057912464, "y": 2046681.902720903, "cell_area_m2": 900.0, "runoff_coefficient": 0.85000002384185791, "surface_class": "road" }, "geometry": { "type": "Point", "coordinates": [ 378257.790579124644864, 2046681.902720903046429 ] } },
{ "type": "Feature", "properties": { "cell_id": "R076_C127", "row": 76, "col": 127, "x": 378287.79057912464, "y": 2046681.902720903, "cell_area_m2": 900.0, "runoff_coefficient": 0.75, "surface_class": "default_urban" }, "geometry": { "type": "Point", "coordinates": [ 378287.790579124644864, 2046681.902720903046429 ] } },
{ "type": "Feature", "properties": { "cell_id": "R076_C128", "row": 76, "col": 128, "x": 378317.79057912464, "y": 2046681.902720903, "cell_area_m2": 900.0, "runoff_coefficient": 0.75, "surface_class": "default_urban" }, "geometry": { "type": "Point", "coordinates": [ 378317.790579124644864, 2046681.902720903046429 ] } },
{ "type": "Feature", "properties": { "cell_id": "R077_C072", "row": 77, "col": 72, "x": 376637.79057912464, "y": 2046651.902720903, "cell_area_m2": 900.0, "runoff_coefficient": 0.85000002384185791, "surface_class": "road" }, "geometry": { "type": "Point", "coordinates": [ 376637.790579124644864, 2046651.902720903046429 ] } },
{ "type": "Feature", "properties": { "cell_id": "R077_C073", "row": 77, "col": 73, "x": 376667.79057912464, "y": 2046651.902720903, "cell_area_m2": 900.0, "runoff_coefficient": 0.85000002384185791, "surface_class": "road" }, "geometry": { "type": "Point", "coordinates": [ 376667.790579124644864, 2046651.902720903046429 ] } },
{ "type": "Feature", "properties": { "cell_id": "R077_C074", "row": 77, "col": 74, "x": 376697.79057912464, "y": 2046651.902720903, "cell_area_m2": 900.0, "runoff_coefficient": 0.85000002384185791, "surface_class": "road" }, "geometry": { "type": "Point", "coordinates": [ 376697.790579124644864, 2046651.902720903046429 ] } },
{ "type": "Feature", "properties": { "cell_id": "R077_C075", "row": 77, "col": 75, "x": 376727.79057912464, "y": 2046651.902720903, "cell_area_m2": 900.0, "runoff_coefficient": 0.85000002384185791, "surface_class": "road" }, "geometry": { "type": "Point", "coordinates": [ 376727.790579124644864, 2046651.902720903046429 ] } },
{ "type": "Feature", "properties": { "cell_id": "R077_C076", "row": 77, "col": 76, "x": 376757.79057912464, "y": 2046651.902720903, "cell_area_m2": 900.0, "runoff_coefficient": 0.85000002384185791, "surface_class": "road" }, "geometry": { "type": "Point", "coordinates": [ 376757.790579124644864, 2046651.902720903046429 ] } },
{ "type": "Feature", "properties": { "cell_id": "R077_C077", "row": 77, "col": 77, "x": 376787.79057912464, "y": 2046651.902720903, "cell_area_m2": 900.0, "runoff_coefficient": 0.75, "surface_class": "default_urban" }, "geometry": { "type": "Point", "coordinates": [ 376787.790579124644864, 2046651.902720903046429 ] } },
{ "type": "Feature", "properties": { "cell_id": "R077_C078", "row": 77, "col": 78, "x": 376817.79057912464, "y": 2046651.902720903, "cell_area_m2": 900.0, "runoff_coefficient": 0.75, "surface_class": "default_urban" }, "geometry": { "type": "Point", "coordinates": [ 376817.790579124644864, 2046651.902720903046429 ] } },
{ "type": "Feature", "properties": { "cell_id": "R077_C079", "row": 77, "col": 79, "x": 376847.79057912464, "y": 2046651.902720903, "cell_area_m2": 900.0, "runoff_coefficient": 0.75, "surface_class": "default_urban" }, "geometry": { "type": "Point", "coordinates": [ 376847.790579124644864, 2046651.902720903046429 ] } },
{ "type": "Feature", "properties": { "cell_id": "R077_C080", "row": 77, "col": 80, "x": 376877.79057912464, "y": 2046651.902720903, "cell_area_m2": 900.0, "runoff_coefficient": 0.75, "surface_class": "default_urban" }, "geometry": { "type": "Point", "coordinates": [ 376877.790579124644864, 2046651.902720903046429 ] } },
{ "type": "Feature", "properties": { "cell_id": "R077_C081", "row": 77, "col": 81, "x": 376907.79057912464, "y": 2046651.902720903, "cell_area_m2": 900.0, "runoff_coefficient": 0.89999997615814209, "surface_class": "building" }, "geometry": { "type": "Point", "coordinates": [ 376907.790579124644864, 2046651.902720903046429 ] } },
{ "type": "Feature", "properties": { "cell_id": "R077_C082", "row": 77, "col": 82, "x": 376937.79057912464, "y": 2046651.902720903, "cell_area_m2": 900.0, "runoff_coefficient": 0.85000002384185791, "surface_class": "road" }, "geometry": { "type": "Point", "coordinates": [ 376937.790579124644864, 2046651.902720903046429 ] } },
{ "type": "Feature", "properties": { "cell_id": "R077_C083", "row": 77, "col": 83, "x": 376967.79057912464, "y": 2046651.902720903, "cell_area_m2": 900.0, "runoff_coefficient": 0.85000002384185791, "surface_class": "road" }, "geometry": { "type": "Point", "coordinates": [ 376967.790579124644864, 2046651.902720903046429 ] } },
{ "type": "Feature", "properties": { "cell_id": "R077_C084", "row": 77, "col": 84, "x": 376997.79057912464, "y": 2046651.902720903, "cell_area_m2": 900.0, "runoff_coefficient": 0.85000002384185791, "surface_class": "road" }, "geometry": { "type": "Point", "coordinates": [ 376997.790579124644864, 2046651.902720903046429 ] } },
{ "type": "Feature", "properties": { "cell_id": "R077_C085", "row": 77, "col": 85, "x": 377027.79057912464, "y": 2046651.902720903, "cell_area_m2": 900.0, "runoff_coefficient": 0.75, "surface_class": "default_urban" }, "geometry": { "type": "Point", "coordinates": [ 377027.790579124644864, 2046651.902720903046429 ] } },
{ "type": "Feature", "properties": { "cell_id": "R077_C086", "row": 77, "col": 86, "x": 377057.79057912464, "y": 2046651.902720903, "cell_area_m2": 900.0, "runoff_coefficient": 0.75, "surface_class": "default_urban" }, "geometry": { "type": "Point", "coordinates": [ 377057.790579124644864, 2046651.902720903046429 ] } },
{ "type": "Feature", "properties": { "cell_id": "R077_C087", "row": 77, "col": 87, "x": 377087.79057912464, "y": 2046651.902720903, "cell_area_m2": 900.0, "runoff_coefficient": 0.75, "surface_class": "default_urban" }, "geometry": { "type": "Point", "coordinates": [ 377087.790579124644864, 2046651.902720903046429 ] } },
{ "type": "Feature", "properties": { "cell_id": "R077_C088", "row": 77, "col": 88, "x": 377117.79057912464, "y": 2046651.902720903, "cell_area_m2": 900.0, "runoff_coefficient": 0.75, "surface_class": "default_urban" }, "geometry": { "type": "Point", "coordinates": [ 377117.790579124644864, 2046651.902720903046429 ] } },
{ "type": "Feature", "properties": { "cell_id": "R077_C089", "row": 77, "col": 89, "x": 377147.79057912464, "y": 2046651.902720903, "cell_area_m2": 900.0, "runoff_coefficient": 0.85000002384185791, "surface_class": "road" }, "geometry": { "type": "Point", "coordinates": [ 377147.790579124644864, 2046651.902720903046429 ] } },
{ "type": "Feature", "properties": { "cell_id": "R077_C090", "row": 77, "col": 90, "x": 377177.79057912464, "y": 2046651.902720903, "cell_area_m2": 900.0, "runoff_coefficient": 0.75, "surface_class": "default_urban" }, "geometry": { "type": "Point", "coordinates": [ 377177.790579124644864, 2046651.902720903046429 ] } },
{ "type": "Feature", "properties": { "cell_id": "R077_C091", "row": 77, "col": 91, "x": 377207.79057912464, "y": 2046651.902720903, "cell_area_m2": 900.0, "runoff_coefficient": 0.75, "surface_class": "default_urban" }, "geometry": { "type": "Point", "coordinates": [ 377207.790579124644864, 2046651.902720903046429 ] } },
{ "type": "Feature", "properties": { "cell_id": "R077_C092", "row": 77, "col": 92, "x": 377237.79057912464, "y": 2046651.902720903, "cell_area_m2": 900.0, "runoff_coefficient": 0.75, "surface_class": "default_urban" }, "geometry": { "type": "Point", "coordinates": [ 377237.790579124644864, 2046651.902720903046429 ] } },
{ "type": "Feature", "properties": { "cell_id": "R077_C093", "row": 77, "col": 93, "x": 377267.79057912464, "y": 2046651.902720903, "cell_area_m2": 900.0, "runoff_coefficient": 0.75, "surface_class": "default_urban" }, "geometry": { "type": "Point", "coordinates": [ 377267.790579124644864, 2046651.902720903046429 ] } },
{ "type": "Feature", "properties": { "cell_id": "R077_C094", "row": 77, "col": 94, "x": 377297.79057912464, "y": 2046651.902720903, "cell_area_m2": 900.0, "runoff_coefficient": 0.30000001192092896, "surface_class": "green_open" }, "geometry": { "type": "Point", "coordinates": [ 377297.790579124644864, 2046651.902720903046429 ] } },
{ "type": "Feature", "properties": { "cell_id": "R077_C095", "row": 77, "col": 95, "x": 377327.79057912464, "y": 2046651.902720903, "cell_area_m2": 900.0, "runoff_coefficient": 0.30000001192092896, "surface_class": "green_open" }, "geometry": { "type": "Point", "coordinates": [ 377327.790579124644864, 2046651.902720903046429 ] } },
{ "type": "Feature", "properties": { "cell_id": "R077_C096", "row": 77, "col": 96, "x": 377357.79057912464, "y": 2046651.902720903, "cell_area_m2": 900.0, "runoff_coefficient": 0.85000002384185791, "surface_class": "road" }, "geometry": { "type": "Point", "coordinates": [ 377357.790579124644864, 2046651.902720903046429 ] } },
{ "type": "Feature", "properties": { "cell_id": "R077_C097", "row": 77, "col": 97, "x": 377387.79057912464, "y": 2046651.902720903, "cell_area_m2": 900.0, "runoff_coefficient": 0.75, "surface_class": "default_urban" }, "geometry": { "type": "Point", "coordinates": [ 377387.790579124644864, 2046651.902720903046429 ] } },
{ "type": "Feature", "properties": { "cell_id": "R077_C098", "row": 77, "col": 98, "x": 377417.79057912464, "y": 2046651.902720903, "cell_area_m2": 900.0, "runoff_coefficient": 0.89999997615814209, "surface_class": "building" }, "geometry": { "type": "Point", "coordinates": [ 377417.790579124644864, 2046651.902720903046429 ] } },
{ "type": "Feature", "properties": { "cell_id": "R077_C099", "row": 77, "col": 99, "x": 377447.79057912464, "y": 2046651.902720903, "cell_area_m2": 900.0, "runoff_coefficient": 0.30000001192092896, "surface_class": "green_open" }, "geometry": { "type": "Point", "coordinates": [ 377447.790579124644864, 2046651.902720903046429 ] } },
{ "type": "Feature", "properties": { "cell_id": "R077_C100", "row": 77, "col": 100, "x": 377477.79057912464, "y": 2046651.902720903, "cell_area_m2": 900.0, "runoff_coefficient": 0.75, "surface_class": "default_urban" }, "geometry": { "type": "Point", "coordinates": [ 377477.790579124644864, 2046651.902720903046429 ] } },
{ "type": "Feature", "properties": { "cell_id": "R077_C101", "row": 77, "col": 101, "x": 377507.79057912464, "y": 2046651.902720903, "cell_area_m2": 900.0, "runoff_coefficient": 0.30000001192092896, "surface_class": "green_open" }, "geometry": { "type": "Point", "coordinates": [ 377507.790579124644864, 2046651.902720903046429 ] } },
{ "type": "Feature", "properties": { "cell_id": "R077_C102", "row": 77, "col": 102, "x": 377537.79057912464, "y": 2046651.902720903, "cell_area_m2": 900.0, "runoff_coefficient": 0.30000001192092896, "surface_class": "green_open" }, "geometry": { "type": "Point", "coordinates": [ 377537.790579124644864, 2046651.902720903046429 ] } },
{ "type": "Feature", "properties": { "cell_id": "R077_C103", "row": 77, "col": 103, "x": 377567.79057912464, "y": 2046651.902720903, "cell_area_m2": 900.0, "runoff_coefficient": 0.30000001192092896, "surface_class": "green_open" }, "geometry": { "type": "Point", "coordinates": [ 377567.790579124644864, 2046651.902720903046429 ] } },
{ "type": "Feature", "properties": { "cell_id": "R077_C104", "row": 77, "col": 104, "x": 377597.79057912464, "y": 2046651.902720903, "cell_area_m2": 900.0, "runoff_coefficient": 0.30000001192092896, "surface_class": "green_open" }, "geometry": { "type": "Point", "coordinates": [ 377597.790579124644864, 2046651.902720903046429 ] } },
{ "type": "Feature", "properties": { "cell_id": "R077_C105", "row": 77, "col": 105, "x": 377627.79057912464, "y": 2046651.902720903, "cell_area_m2": 900.0, "runoff_coefficient": 0.75, "surface_class": "default_urban" }, "geometry": { "type": "Point", "coordinates": [ 377627.790579124644864, 2046651.902720903046429 ] } },
{ "type": "Feature", "properties": { "cell_id": "R077_C106", "row": 77, "col": 106, "x": 377657.79057912464, "y": 2046651.902720903, "cell_area_m2": 900.0, "runoff_coefficient": 0.85000002384185791, "surface_class": "road" }, "geometry": { "type": "Point", "coordinates": [ 377657.790579124644864, 2046651.902720903046429 ] } },
{ "type": "Feature", "properties": { "cell_id": "R077_C107", "row": 77, "col": 107, "x": 377687.79057912464, "y": 2046651.902720903, "cell_area_m2": 900.0, "runoff_coefficient": 0.89999997615814209, "surface_class": "building" }, "geometry": { "type": "Point", "coordinates": [ 377687.790579124644864, 2046651.902720903046429 ] } },
{ "type": "Feature", "properties": { "cell_id": "R077_C108", "row": 77, "col": 108, "x": 377717.79057912464, "y": 2046651.902720903, "cell_area_m2": 900.0, "runoff_coefficient": 0.85000002384185791, "surface_class": "road" }, "geometry": { "type": "Point", "coordinates": [ 377717.790579124644864, 2046651.902720903046429 ] } },
{ "type": "Feature", "properties": { "cell_id": "R077_C109", "row": 77, "col": 109, "x": 377747.79057912464, "y": 2046651.902720903, "cell_area_m2": 900.0, "runoff_coefficient": 0.89999997615814209, "surface_class": "building" }, "geometry": { "type": "Point", "coordinates": [ 377747.790579124644864, 2046651.902720903046429 ] } },
{ "type": "Feature", "properties": { "cell_id": "R077_C110", "row": 77, "col": 110, "x": 377777.79057912464, "y": 2046651.902720903, "cell_area_m2": 900.0, "runoff_coefficient": 0.89999997615814209, "surface_class": "building" }, "geometry": { "type": "Point", "coordinates": [ 377777.790579124644864, 2046651.902720903046429 ] } },
{ "type": "Feature", "properties": { "cell_id": "R077_C111", "row": 77, "col": 111, "x": 377807.79057912464, "y": 2046651.902720903, "cell_area_m2": 900.0, "runoff_coefficient": 0.75, "surface_class": "default_urban" }, "geometry": { "type": "Point", "coordinates": [ 377807.790579124644864, 2046651.902720903046429 ] } },
{ "type": "Feature", "properties": { "cell_id": "R077_C112", "row": 77, "col": 112, "x": 377837.79057912464, "y": 2046651.902720903, "cell_area_m2": 900.0, "runoff_coefficient": 0.85000002384185791, "surface_class": "road" }, "geometry": { "type": "Point", "coordinates": [ 377837.790579124644864, 2046651.902720903046429 ] } },
{ "type": "Feature", "properties": { "cell_id": "R077_C113", "row": 77, "col": 113, "x": 377867.79057912464, "y": 2046651.902720903, "cell_area_m2": 900.0, "runoff_coefficient": 0.85000002384185791, "surface_class": "road" }, "geometry": { "type": "Point", "coordinates": [ 377867.790579124644864, 2046651.902720903046429 ] } },
{ "type": "Feature", "properties": { "cell_id": "R077_C114", "row": 77, "col": 114, "x": 377897.79057912464, "y": 2046651.902720903, "cell_area_m2": 900.0, "runoff_coefficient": 0.85000002384185791, "surface_class": "road" }, "geometry": { "type": "Point", "coordinates": [ 377897.790579124644864, 2046651.902720903046429 ] } },
{ "type": "Feature", "properties": { "cell_id": "R077_C115", "row": 77, "col": 115, "x": 377927.79057912464, "y": 2046651.902720903, "cell_area_m2": 900.0, "runoff_coefficient": 0.85000002384185791, "surface_class": "road" }, "geometry": { "type": "Point", "coordinates": [ 377927.790579124644864, 2046651.902720903046429 ] } },
{ "type": "Feature", "properties": { "cell_id": "R077_C116", "row": 77, "col": 116, "x": 377957.79057912464, "y": 2046651.902720903, "cell_area_m2": 900.0, "runoff_coefficient": 0.85000002384185791, "surface_class": "road" }, "geometry": { "type": "Point", "coordinates": [ 377957.790579124644864, 2046651.902720903046429 ] } },
{ "type": "Feature", "properties": { "cell_id": "R077_C117", "row": 77, "col": 117, "x": 377987.79057912464, "y": 2046651.902720903, "cell_area_m2": 900.0, "runoff_coefficient": 0.85000002384185791, "surface_class": "road" }, "geometry": { "type": "Point", "coordinates": [ 377987.790579124644864, 2046651.902720903046429 ] } },
{ "type": "Feature", "properties": { "cell_id": "R077_C118", "row": 77, "col": 118, "x": 378017.79057912464, "y": 2046651.902720903, "cell_area_m2": 900.0, "runoff_coefficient": 0.85000002384185791, "surface_class": "road" }, "geometry": { "type": "Point", "coordinates": [ 378017.790579124644864, 2046651.902720903046429 ] } },
{ "type": "Feature", "properties": { "cell_id": "R077_C119", "row": 77, "col": 119, "x": 378047.79057912464, "y": 2046651.902720903, "cell_area_m2": 900.0, "runoff_coefficient": 0.75, "surface_class": "default_urban" }, "geometry": { "type": "Point", "coordinates": [ 378047.790579124644864, 2046651.902720903046429 ] } },
{ "type": "Feature", "properties": { "cell_id": "R077_C120", "row": 77, "col": 120, "x": 378077.79057912464, "y": 2046651.902720903, "cell_area_m2": 900.0, "runoff_coefficient": 0.89999997615814209, "surface_class": "building" }, "geometry": { "type": "Point", "coordinates": [ 378077.790579124644864, 2046651.902720903046429 ] } },
{ "type": "Feature", "properties": { "cell_id": "R077_C121", "row": 77, "col": 121, "x": 378107.79057912464, "y": 2046651.902720903, "cell_area_m2": 900.0, "runoff_coefficient": 0.89999997615814209, "surface_class": "building" }, "geometry": { "type": "Point", "coordinates": [ 378107.790579124644864, 2046651.902720903046429 ] } },
{ "type": "Feature", "properties": { "cell_id": "R077_C122", "row": 77, "col": 122, "x": 378137.79057912464, "y": 2046651.902720903, "cell_area_m2": 900.0, "runoff_coefficient": 0.75, "surface_class": "default_urban" }, "geometry": { "type": "Point", "coordinates": [ 378137.790579124644864, 2046651.902720903046429 ] } },
{ "type": "Feature", "properties": { "cell_id": "R077_C123", "row": 77, "col": 123, "x": 378167.79057912464, "y": 2046651.902720903, "cell_area_m2": 900.0, "runoff_coefficient": 0.89999997615814209, "surface_class": "building" }, "geometry": { "type": "Point", "coordinates": [ 378167.790579124644864, 2046651.902720903046429 ] } },
{ "type": "Feature", "properties": { "cell_id": "R077_C124", "row": 77, "col": 124, "x": 378197.79057912464, "y": 2046651.902720903, "cell_area_m2": 900.0, "runoff_coefficient": 0.75, "surface_class": "default_urban" }, "geometry": { "type": "Point", "coordinates": [ 378197.790579124644864, 2046651.902720903046429 ] } },
{ "type": "Feature", "properties": { "cell_id": "R077_C125", "row": 77, "col": 125, "x": 378227.79057912464, "y": 2046651.902720903, "cell_area_m2": 900.0, "runoff_coefficient": 0.75, "surface_class": "default_urban" }, "geometry": { "type": "Point", "coordinates": [ 378227.790579124644864, 2046651.902720903046429 ] } },
{ "type": "Feature", "properties": { "cell_id": "R077_C126", "row": 77, "col": 126, "x": 378257.79057912464, "y": 2046651.902720903, "cell_area_m2": 900.0, "runoff_coefficient": 0.85000002384185791, "surface_class": "road" }, "geometry": { "type": "Point", "coordinates": [ 378257.790579124644864, 2046651.902720903046429 ] } },
{ "type": "Feature", "properties": { "cell_id": "R077_C127", "row": 77, "col": 127, "x": 378287.79057912464, "y": 2046651.902720903, "cell_area_m2": 900.0, "runoff_coefficient": 0.75, "surface_class": "default_urban" }, "geometry": { "type": "Point", "coordinates": [ 378287.790579124644864, 2046651.902720903046429 ] } },
{ "type": "Feature", "properties": { "cell_id": "R077_C128", "row": 77, "col": 128, "x": 378317.79057912464, "y": 2046651.902720903, "cell_area_m2": 900.0, "runoff_coefficient": 0.75, "surface_class": "default_urban" }, "geometry": { "type": "Point", "coordinates": [ 378317.790579124644864, 2046651.902720903046429 ] } },
{ "type": "Feature", "properties": { "cell_id": "R077_C129", "row": 77, "col": 129, "x": 378347.79057912464, "y": 2046651.902720903, "cell_area_m2": 900.0, "runoff_coefficient": 0.75, "surface_class": "default_urban" }, "geometry": { "type": "Point", "coordinates": [ 378347.790579124644864, 2046651.902720903046429 ] } },
{ "type": "Feature", "properties": { "cell_id": "R078_C071", "row": 78, "col": 71, "x": 376607.79057912464, "y": 2046621.902720903, "cell_area_m2": 900.0, "runoff_coefficient": 0.75, "surface_class": "default_urban" }, "geometry": { "type": "Point", "coordinates": [ 376607.790579124644864, 2046621.902720903046429 ] } },
{ "type": "Feature", "properties": { "cell_id": "R078_C072", "row": 78, "col": 72, "x": 376637.79057912464, "y": 2046621.902720903, "cell_area_m2": 900.0, "runoff_coefficient": 0.89999997615814209, "surface_class": "building" }, "geometry": { "type": "Point", "coordinates": [ 376637.790579124644864, 2046621.902720903046429 ] } },
{ "type": "Feature", "properties": { "cell_id": "R078_C073", "row": 78, "col": 73, "x": 376667.79057912464, "y": 2046621.902720903, "cell_area_m2": 900.0, "runoff_coefficient": 0.75, "surface_class": "default_urban" }, "geometry": { "type": "Point", "coordinates": [ 376667.790579124644864, 2046621.902720903046429 ] } },
{ "type": "Feature", "properties": { "cell_id": "R078_C074", "row": 78, "col": 74, "x": 376697.79057912464, "y": 2046621.902720903, "cell_area_m2": 900.0, "runoff_coefficient": 0.75, "surface_class": "default_urban" }, "geometry": { "type": "Point", "coordinates": [ 376697.790579124644864, 2046621.902720903046429 ] } },
{ "type": "Feature", "properties": { "cell_id": "R078_C075", "row": 78, "col": 75, "x": 376727.79057912464, "y": 2046621.902720903, "cell_area_m2": 900.0, "runoff_coefficient": 0.75, "surface_class": "default_urban" }, "geometry": { "type": "Point", "coordinates": [ 376727.790579124644864, 2046621.902720903046429 ] } },
{ "type": "Feature", "properties": { "cell_id": "R078_C076", "row": 78, "col": 76, "x": 376757.79057912464, "y": 2046621.902720903, "cell_area_m2": 900.0, "runoff_coefficient": 0.85000002384185791, "surface_class": "road" }, "geometry": { "type": "Point", "coordinates": [ 376757.790579124644864, 2046621.902720903046429 ] } },
{ "type": "Feature", "properties": { "cell_id": "R078_C077", "row": 78, "col": 77, "x": 376787.79057912464, "y": 2046621.902720903, "cell_area_m2": 900.0, "runoff_coefficient": 0.75, "surface_class": "default_urban" }, "geometry": { "type": "Point", "coordinates": [ 376787.790579124644864, 2046621.902720903046429 ] } },
{ "type": "Feature", "properties": { "cell_id": "R078_C078", "row": 78, "col": 78, "x": 376817.79057912464, "y": 2046621.902720903, "cell_area_m2": 900.0, "runoff_coefficient": 0.75, "surface_class": "default_urban" }, "geometry": { "type": "Point", "coordinates": [ 376817.790579124644864, 2046621.902720903046429 ] } },
{ "type": "Feature", "properties": { "cell_id": "R078_C079", "row": 78, "col": 79, "x": 376847.79057912464, "y": 2046621.902720903, "cell_area_m2": 900.0, "runoff_coefficient": 0.30000001192092896, "surface_class": "green_open" }, "geometry": { "type": "Point", "coordinates": [ 376847.790579124644864, 2046621.902720903046429 ] } },
{ "type": "Feature", "properties": { "cell_id": "R078_C080", "row": 78, "col": 80, "x": 376877.79057912464, "y": 2046621.902720903, "cell_area_m2": 900.0, "runoff_coefficient": 0.30000001192092896, "surface_class": "green_open" }, "geometry": { "type": "Point", "coordinates": [ 376877.790579124644864, 2046621.902720903046429 ] } },
{ "type": "Feature", "properties": { "cell_id": "R078_C081", "row": 78, "col": 81, "x": 376907.79057912464, "y": 2046621.902720903, "cell_area_m2": 900.0, "runoff_coefficient": 0.85000002384185791, "surface_class": "road" }, "geometry": { "type": "Point", "coordinates": [ 376907.790579124644864, 2046621.902720903046429 ] } },
{ "type": "Feature", "properties": { "cell_id": "R078_C082", "row": 78, "col": 82, "x": 376937.79057912464, "y": 2046621.902720903, "cell_area_m2": 900.0, "runoff_coefficient": 0.85000002384185791, "surface_class": "road" }, "geometry": { "type": "Point", "coordinates": [ 376937.790579124644864, 2046621.902720903046429 ] } },
{ "type": "Feature", "properties": { "cell_id": "R078_C083", "row": 78, "col": 83, "x": 376967.79057912464, "y": 2046621.902720903, "cell_area_m2": 900.0, "runoff_coefficient": 0.85000002384185791, "surface_class": "road" }, "geometry": { "type": "Point", "coordinates": [ 376967.790579124644864, 2046621.902720903046429 ] } },
{ "type": "Feature", "properties": { "cell_id": "R078_C084", "row": 78, "col": 84, "x": 376997.79057912464, "y": 2046621.902720903, "cell_area_m2": 900.0, "runoff_coefficient": 0.89999997615814209, "surface_class": "building" }, "geometry": { "type": "Point", "coordinates": [ 376997.790579124644864, 2046621.902720903046429 ] } },
{ "type": "Feature", "properties": { "cell_id": "R078_C085", "row": 78, "col": 85, "x": 377027.79057912464, "y": 2046621.902720903, "cell_area_m2": 900.0, "runoff_coefficient": 0.89999997615814209, "surface_class": "building" }, "geometry": { "type": "Point", "coordinates": [ 377027.790579124644864, 2046621.902720903046429 ] } },
{ "type": "Feature", "properties": { "cell_id": "R078_C086", "row": 78, "col": 86, "x": 377057.79057912464, "y": 2046621.902720903, "cell_area_m2": 900.0, "runoff_coefficient": 0.75, "surface_class": "default_urban" }, "geometry": { "type": "Point", "coordinates": [ 377057.790579124644864, 2046621.902720903046429 ] } },
{ "type": "Feature", "properties": { "cell_id": "R078_C087", "row": 78, "col": 87, "x": 377087.79057912464, "y": 2046621.902720903, "cell_area_m2": 900.0, "runoff_coefficient": 0.75, "surface_class": "default_urban" }, "geometry": { "type": "Point", "coordinates": [ 377087.790579124644864, 2046621.902720903046429 ] } },
{ "type": "Feature", "properties": { "cell_id": "R078_C088", "row": 78, "col": 88, "x": 377117.79057912464, "y": 2046621.902720903, "cell_area_m2": 900.0, "runoff_coefficient": 0.75, "surface_class": "default_urban" }, "geometry": { "type": "Point", "coordinates": [ 377117.790579124644864, 2046621.902720903046429 ] } },
{ "type": "Feature", "properties": { "cell_id": "R078_C089", "row": 78, "col": 89, "x": 377147.79057912464, "y": 2046621.902720903, "cell_area_m2": 900.0, "runoff_coefficient": 0.85000002384185791, "surface_class": "road" }, "geometry": { "type": "Point", "coordinates": [ 377147.790579124644864, 2046621.902720903046429 ] } },
{ "type": "Feature", "properties": { "cell_id": "R078_C090", "row": 78, "col": 90, "x": 377177.79057912464, "y": 2046621.902720903, "cell_area_m2": 900.0, "runoff_coefficient": 0.75, "surface_class": "default_urban" }, "geometry": { "type": "Point", "coordinates": [ 377177.790579124644864, 2046621.902720903046429 ] } },
{ "type": "Feature", "properties": { "cell_id": "R078_C091", "row": 78, "col": 91, "x": 377207.79057912464, "y": 2046621.902720903, "cell_area_m2": 900.0, "runoff_coefficient": 0.75, "surface_class": "default_urban" }, "geometry": { "type": "Point", "coordinates": [ 377207.790579124644864, 2046621.902720903046429 ] } },
{ "type": "Feature", "properties": { "cell_id": "R078_C092", "row": 78, "col": 92, "x": 377237.79057912464, "y": 2046621.902720903, "cell_area_m2": 900.0, "runoff_coefficient": 0.75, "surface_class": "default_urban" }, "geometry": { "type": "Point", "coordinates": [ 377237.790579124644864, 2046621.902720903046429 ] } },
{ "type": "Feature", "properties": { "cell_id": "R078_C093", "row": 78, "col": 93, "x": 377267.79057912464, "y": 2046621.902720903, "cell_area_m2": 900.0, "runoff_coefficient": 0.75, "surface_class": "default_urban" }, "geometry": { "type": "Point", "coordinates": [ 377267.790579124644864, 2046621.902720903046429 ] } },
{ "type": "Feature", "properties": { "cell_id": "R078_C094", "row": 78, "col": 94, "x": 377297.79057912464, "y": 2046621.902720903, "cell_area_m2": 900.0, "runoff_coefficient": 0.30000001192092896, "surface_class": "green_open" }, "geometry": { "type": "Point", "coordinates": [ 377297.790579124644864, 2046621.902720903046429 ] } },
{ "type": "Feature", "properties": { "cell_id": "R078_C095", "row": 78, "col": 95, "x": 377327.79057912464, "y": 2046621.902720903, "cell_area_m2": 900.0, "runoff_coefficient": 0.89999997615814209, "surface_class": "building" }, "geometry": { "type": "Point", "coordinates": [ 377327.790579124644864, 2046621.902720903046429 ] } },
{ "type": "Feature", "properties": { "cell_id": "R078_C096", "row": 78, "col": 96, "x": 377357.79057912464, "y": 2046621.902720903, "cell_area_m2": 900.0, "runoff_coefficient": 0.85000002384185791, "surface_class": "road" }, "geometry": { "type": "Point", "coordinates": [ 377357.790579124644864, 2046621.902720903046429 ] } },
{ "type": "Feature", "properties": { "cell_id": "R078_C097", "row": 78, "col": 97, "x": 377387.79057912464, "y": 2046621.902720903, "cell_area_m2": 900.0, "runoff_coefficient": 0.89999997615814209, "surface_class": "building" }, "geometry": { "type": "Point", "coordinates": [ 377387.790579124644864, 2046621.902720903046429 ] } },
{ "type": "Feature", "properties": { "cell_id": "R078_C098", "row": 78, "col": 98, "x": 377417.79057912464, "y": 2046621.902720903, "cell_area_m2": 900.0, "runoff_coefficient": 0.89999997615814209, "surface_class": "building" }, "geometry": { "type": "Point", "coordinates": [ 377417.790579124644864, 2046621.902720903046429 ] } },
{ "type": "Feature", "properties": { "cell_id": "R078_C099", "row": 78, "col": 99, "x": 377447.79057912464, "y": 2046621.902720903, "cell_area_m2": 900.0, "runoff_coefficient": 0.30000001192092896, "surface_class": "green_open" }, "geometry": { "type": "Point", "coordinates": [ 377447.790579124644864, 2046621.902720903046429 ] } },
{ "type": "Feature", "properties": { "cell_id": "R078_C100", "row": 78, "col": 100, "x": 377477.79057912464, "y": 2046621.902720903, "cell_area_m2": 900.0, "runoff_coefficient": 0.75, "surface_class": "default_urban" }, "geometry": { "type": "Point", "coordinates": [ 377477.790579124644864, 2046621.902720903046429 ] } },
{ "type": "Feature", "properties": { "cell_id": "R078_C101", "row": 78, "col": 101, "x": 377507.79057912464, "y": 2046621.902720903, "cell_area_m2": 900.0, "runoff_coefficient": 0.75, "surface_class": "default_urban" }, "geometry": { "type": "Point", "coordinates": [ 377507.790579124644864, 2046621.902720903046429 ] } },
{ "type": "Feature", "properties": { "cell_id": "R078_C102", "row": 78, "col": 102, "x": 377537.79057912464, "y": 2046621.902720903, "cell_area_m2": 900.0, "runoff_coefficient": 0.75, "surface_class": "default_urban" }, "geometry": { "type": "Point", "coordinates": [ 377537.790579124644864, 2046621.902720903046429 ] } },
{ "type": "Feature", "properties": { "cell_id": "R078_C103", "row": 78, "col": 103, "x": 377567.79057912464, "y": 2046621.902720903, "cell_area_m2": 900.0, "runoff_coefficient": 0.75, "surface_class": "default_urban" }, "geometry": { "type": "Point", "coordinates": [ 377567.790579124644864, 2046621.902720903046429 ] } },
{ "type": "Feature", "properties": { "cell_id": "R078_C104", "row": 78, "col": 104, "x": 377597.79057912464, "y": 2046621.902720903, "cell_area_m2": 900.0, "runoff_coefficient": 0.89999997615814209, "surface_class": "building" }, "geometry": { "type": "Point", "coordinates": [ 377597.790579124644864, 2046621.902720903046429 ] } },
{ "type": "Feature", "properties": { "cell_id": "R078_C105", "row": 78, "col": 105, "x": 377627.79057912464, "y": 2046621.902720903, "cell_area_m2": 900.0, "runoff_coefficient": 0.75, "surface_class": "default_urban" }, "geometry": { "type": "Point", "coordinates": [ 377627.790579124644864, 2046621.902720903046429 ] } },
{ "type": "Feature", "properties": { "cell_id": "R078_C106", "row": 78, "col": 106, "x": 377657.79057912464, "y": 2046621.902720903, "cell_area_m2": 900.0, "runoff_coefficient": 0.85000002384185791, "surface_class": "road" }, "geometry": { "type": "Point", "coordinates": [ 377657.790579124644864, 2046621.902720903046429 ] } },
{ "type": "Feature", "properties": { "cell_id": "R078_C107", "row": 78, "col": 107, "x": 377687.79057912464, "y": 2046621.902720903, "cell_area_m2": 900.0, "runoff_coefficient": 0.75, "surface_class": "default_urban" }, "geometry": { "type": "Point", "coordinates": [ 377687.790579124644864, 2046621.902720903046429 ] } },
{ "type": "Feature", "properties": { "cell_id": "R078_C108", "row": 78, "col": 108, "x": 377717.79057912464, "y": 2046621.902720903, "cell_area_m2": 900.0, "runoff_coefficient": 0.85000002384185791, "surface_class": "road" }, "geometry": { "type": "Point", "coordinates": [ 377717.790579124644864, 2046621.902720903046429 ] } },
{ "type": "Feature", "properties": { "cell_id": "R078_C109", "row": 78, "col": 109, "x": 377747.79057912464, "y": 2046621.902720903, "cell_area_m2": 900.0, "runoff_coefficient": 0.89999997615814209, "surface_class": "building" }, "geometry": { "type": "Point", "coordinates": [ 377747.790579124644864, 2046621.902720903046429 ] } },
{ "type": "Feature", "properties": { "cell_id": "R078_C110", "row": 78, "col": 110, "x": 377777.79057912464, "y": 2046621.902720903, "cell_area_m2": 900.0, "runoff_coefficient": 0.85000002384185791, "surface_class": "road" }, "geometry": { "type": "Point", "coordinates": [ 377777.790579124644864, 2046621.902720903046429 ] } },
{ "type": "Feature", "properties": { "cell_id": "R078_C111", "row": 78, "col": 111, "x": 377807.79057912464, "y": 2046621.902720903, "cell_area_m2": 900.0, "runoff_coefficient": 0.75, "surface_class": "default_urban" }, "geometry": { "type": "Point", "coordinates": [ 377807.790579124644864, 2046621.902720903046429 ] } },
{ "type": "Feature", "properties": { "cell_id": "R078_C112", "row": 78, "col": 112, "x": 377837.79057912464, "y": 2046621.902720903, "cell_area_m2": 900.0, "runoff_coefficient": 0.85000002384185791, "surface_class": "road" }, "geometry": { "type": "Point", "coordinates": [ 377837.790579124644864, 2046621.902720903046429 ] } },
{ "type": "Feature", "properties": { "cell_id": "R078_C113", "row": 78, "col": 113, "x": 377867.79057912464, "y": 2046621.902720903, "cell_area_m2": 900.0, "runoff_coefficient": 0.85000002384185791, "surface_class": "road" }, "geometry": { "type": "Point", "coordinates": [ 377867.790579124644864, 2046621.902720903046429 ] } },
{ "type": "Feature", "properties": { "cell_id": "R078_C114", "row": 78, "col": 114, "x": 377897.79057912464, "y": 2046621.902720903, "cell_area_m2": 900.0, "runoff_coefficient": 0.85000002384185791, "surface_class": "road" }, "geometry": { "type": "Point", "coordinates": [ 377897.790579124644864, 2046621.902720903046429 ] } },
{ "type": "Feature", "properties": { "cell_id": "R078_C115", "row": 78, "col": 115, "x": 377927.79057912464, "y": 2046621.902720903, "cell_area_m2": 900.0, "runoff_coefficient": 0.85000002384185791, "surface_class": "road" }, "geometry": { "type": "Point", "coordinates": [ 377927.790579124644864, 2046621.902720903046429 ] } },
{ "type": "Feature", "properties": { "cell_id": "R078_C116", "row": 78, "col": 116, "x": 377957.79057912464, "y": 2046621.902720903, "cell_area_m2": 900.0, "runoff_coefficient": 0.85000002384185791, "surface_class": "road" }, "geometry": { "type": "Point", "coordinates": [ 377957.790579124644864, 2046621.902720903046429 ] } },
{ "type": "Feature", "properties": { "cell_id": "R078_C117", "row": 78, "col": 117, "x": 377987.79057912464, "y": 2046621.902720903, "cell_area_m2": 900.0, "runoff_coefficient": 0.89999997615814209, "surface_class": "building" }, "geometry": { "type": "Point", "coordinates": [ 377987.790579124644864, 2046621.902720903046429 ] } },
{ "type": "Feature", "properties": { "cell_id": "R078_C118", "row": 78, "col": 118, "x": 378017.79057912464, "y": 2046621.902720903, "cell_area_m2": 900.0, "runoff_coefficient": 0.85000002384185791, "surface_class": "road" }, "geometry": { "type": "Point", "coordinates": [ 378017.790579124644864, 2046621.902720903046429 ] } },
{ "type": "Feature", "properties": { "cell_id": "R078_C119", "row": 78, "col": 119, "x": 378047.79057912464, "y": 2046621.902720903, "cell_area_m2": 900.0, "runoff_coefficient": 0.89999997615814209, "surface_class": "building" }, "geometry": { "type": "Point", "coordinates": [ 378047.790579124644864, 2046621.902720903046429 ] } },
{ "type": "Feature", "properties": { "cell_id": "R078_C120", "row": 78, "col": 120, "x": 378077.79057912464, "y": 2046621.902720903, "cell_area_m2": 900.0, "runoff_coefficient": 0.75, "surface_class": "default_urban" }, "geometry": { "type": "Point", "coordinates": [ 378077.790579124644864, 2046621.902720903046429 ] } },
{ "type": "Feature", "properties": { "cell_id": "R078_C121", "row": 78, "col": 121, "x": 378107.79057912464, "y": 2046621.902720903, "cell_area_m2": 900.0, "runoff_coefficient": 0.85000002384185791, "surface_class": "road" }, "geometry": { "type": "Point", "coordinates": [ 378107.790579124644864, 2046621.902720903046429 ] } },
{ "type": "Feature", "properties": { "cell_id": "R078_C122", "row": 78, "col": 122, "x": 378137.79057912464, "y": 2046621.902720903, "cell_area_m2": 900.0, "runoff_coefficient": 0.89999997615814209, "surface_class": "building" }, "geometry": { "type": "Point", "coordinates": [ 378137.790579124644864, 2046621.902720903046429 ] } },
{ "type": "Feature", "properties": { "cell_id": "R078_C123", "row": 78, "col": 123, "x": 378167.79057912464, "y": 2046621.902720903, "cell_area_m2": 900.0, "runoff_coefficient": 0.75, "surface_class": "default_urban" }, "geometry": { "type": "Point", "coordinates": [ 378167.790579124644864, 2046621.902720903046429 ] } },
{ "type": "Feature", "properties": { "cell_id": "R078_C124", "row": 78, "col": 124, "x": 378197.79057912464, "y": 2046621.902720903, "cell_area_m2": 900.0, "runoff_coefficient": 0.85000002384185791, "surface_class": "road" }, "geometry": { "type": "Point", "coordinates": [ 378197.790579124644864, 2046621.902720903046429 ] } },
{ "type": "Feature", "properties": { "cell_id": "R078_C125", "row": 78, "col": 125, "x": 378227.79057912464, "y": 2046621.902720903, "cell_area_m2": 900.0, "runoff_coefficient": 0.75, "surface_class": "default_urban" }, "geometry": { "type": "Point", "coordinates": [ 378227.790579124644864, 2046621.902720903046429 ] } },
{ "type": "Feature", "properties": { "cell_id": "R078_C126", "row": 78, "col": 126, "x": 378257.79057912464, "y": 2046621.902720903, "cell_area_m2": 900.0, "runoff_coefficient": 0.85000002384185791, "surface_class": "road" }, "geometry": { "type": "Point", "coordinates": [ 378257.790579124644864, 2046621.902720903046429 ] } },
{ "type": "Feature", "properties": { "cell_id": "R078_C127", "row": 78, "col": 127, "x": 378287.79057912464, "y": 2046621.902720903, "cell_area_m2": 900.0, "runoff_coefficient": 0.85000002384185791, "surface_class": "road" }, "geometry": { "type": "Point", "coordinates": [ 378287.790579124644864, 2046621.902720903046429 ] } },
{ "type": "Feature", "properties": { "cell_id": "R078_C128", "row": 78, "col": 128, "x": 378317.79057912464, "y": 2046621.902720903, "cell_area_m2": 900.0, "runoff_coefficient": 0.75, "surface_class": "default_urban" }, "geometry": { "type": "Point", "coordinates": [ 378317.790579124644864, 2046621.902720903046429 ] } },
{ "type": "Feature", "properties": { "cell_id": "R078_C129", "row": 78, "col": 129, "x": 378347.79057912464, "y": 2046621.902720903, "cell_area_m2": 900.0, "runoff_coefficient": 0.75, "surface_class": "default_urban" }, "geometry": { "type": "Point", "coordinates": [ 378347.790579124644864, 2046621.902720903046429 ] } },
{ "type": "Feature", "properties": { "cell_id": "R078_C130", "row": 78, "col": 130, "x": 378377.79057912464, "y": 2046621.902720903, "cell_area_m2": 900.0, "runoff_coefficient": 0.75, "surface_class": "default_urban" }, "geometry": { "type": "Point", "coordinates": [ 378377.790579124644864, 2046621.902720903046429 ] } },
{ "type": "Feature", "properties": { "cell_id": "R079_C069", "row": 79, "col": 69, "x": 376547.79057912464, "y": 2046591.902720903, "cell_area_m2": 900.0, "runoff_coefficient": 0.85000002384185791, "surface_class": "road" }, "geometry": { "type": "Point", "coordinates": [ 376547.790579124644864, 2046591.902720903046429 ] } },
{ "type": "Feature", "properties": { "cell_id": "R079_C070", "row": 79, "col": 70, "x": 376577.79057912464, "y": 2046591.902720903, "cell_area_m2": 900.0, "runoff_coefficient": 0.85000002384185791, "surface_class": "road" }, "geometry": { "type": "Point", "coordinates": [ 376577.790579124644864, 2046591.902720903046429 ] } },
{ "type": "Feature", "properties": { "cell_id": "R079_C071", "row": 79, "col": 71, "x": 376607.79057912464, "y": 2046591.902720903, "cell_area_m2": 900.0, "runoff_coefficient": 0.85000002384185791, "surface_class": "road" }, "geometry": { "type": "Point", "coordinates": [ 376607.790579124644864, 2046591.902720903046429 ] } },
{ "type": "Feature", "properties": { "cell_id": "R079_C072", "row": 79, "col": 72, "x": 376637.79057912464, "y": 2046591.902720903, "cell_area_m2": 900.0, "runoff_coefficient": 0.85000002384185791, "surface_class": "road" }, "geometry": { "type": "Point", "coordinates": [ 376637.790579124644864, 2046591.902720903046429 ] } },
{ "type": "Feature", "properties": { "cell_id": "R079_C073", "row": 79, "col": 73, "x": 376667.79057912464, "y": 2046591.902720903, "cell_area_m2": 900.0, "runoff_coefficient": 0.85000002384185791, "surface_class": "road" }, "geometry": { "type": "Point", "coordinates": [ 376667.790579124644864, 2046591.902720903046429 ] } },
{ "type": "Feature", "properties": { "cell_id": "R079_C074", "row": 79, "col": 74, "x": 376697.79057912464, "y": 2046591.902720903, "cell_area_m2": 900.0, "runoff_coefficient": 0.85000002384185791, "surface_class": "road" }, "geometry": { "type": "Point", "coordinates": [ 376697.790579124644864, 2046591.902720903046429 ] } },
{ "type": "Feature", "properties": { "cell_id": "R079_C075", "row": 79, "col": 75, "x": 376727.79057912464, "y": 2046591.902720903, "cell_area_m2": 900.0, "runoff_coefficient": 0.85000002384185791, "surface_class": "road" }, "geometry": { "type": "Point", "coordinates": [ 376727.790579124644864, 2046591.902720903046429 ] } },
{ "type": "Feature", "properties": { "cell_id": "R079_C076", "row": 79, "col": 76, "x": 376757.79057912464, "y": 2046591.902720903, "cell_area_m2": 900.0, "runoff_coefficient": 0.85000002384185791, "surface_class": "road" }, "geometry": { "type": "Point", "coordinates": [ 376757.790579124644864, 2046591.902720903046429 ] } },
{ "type": "Feature", "properties": { "cell_id": "R079_C077", "row": 79, "col": 77, "x": 376787.79057912464, "y": 2046591.902720903, "cell_area_m2": 900.0, "runoff_coefficient": 0.85000002384185791, "surface_class": "road" }, "geometry": { "type": "Point", "coordinates": [ 376787.790579124644864, 2046591.902720903046429 ] } },
{ "type": "Feature", "properties": { "cell_id": "R079_C078", "row": 79, "col": 78, "x": 376817.79057912464, "y": 2046591.902720903, "cell_area_m2": 900.0, "runoff_coefficient": 0.30000001192092896, "surface_class": "green_open" }, "geometry": { "type": "Point", "coordinates": [ 376817.790579124644864, 2046591.902720903046429 ] } },
{ "type": "Feature", "properties": { "cell_id": "R079_C079", "row": 79, "col": 79, "x": 376847.79057912464, "y": 2046591.902720903, "cell_area_m2": 900.0, "runoff_coefficient": 0.30000001192092896, "surface_class": "green_open" }, "geometry": { "type": "Point", "coordinates": [ 376847.790579124644864, 2046591.902720903046429 ] } },
{ "type": "Feature", "properties": { "cell_id": "R079_C080", "row": 79, "col": 80, "x": 376877.79057912464, "y": 2046591.902720903, "cell_area_m2": 900.0, "runoff_coefficient": 0.85000002384185791, "surface_class": "road" }, "geometry": { "type": "Point", "coordinates": [ 376877.790579124644864, 2046591.902720903046429 ] } },
{ "type": "Feature", "properties": { "cell_id": "R079_C081", "row": 79, "col": 81, "x": 376907.79057912464, "y": 2046591.902720903, "cell_area_m2": 900.0, "runoff_coefficient": 0.85000002384185791, "surface_class": "road" }, "geometry": { "type": "Point", "coordinates": [ 376907.790579124644864, 2046591.902720903046429 ] } },
{ "type": "Feature", "properties": { "cell_id": "R079_C082", "row": 79, "col": 82, "x": 376937.79057912464, "y": 2046591.902720903, "cell_area_m2": 900.0, "runoff_coefficient": 0.75, "surface_class": "default_urban" }, "geometry": { "type": "Point", "coordinates": [ 376937.790579124644864, 2046591.902720903046429 ] } },
{ "type": "Feature", "properties": { "cell_id": "R079_C083", "row": 79, "col": 83, "x": 376967.79057912464, "y": 2046591.902720903, "cell_area_m2": 900.0, "runoff_coefficient": 0.89999997615814209, "surface_class": "building" }, "geometry": { "type": "Point", "coordinates": [ 376967.790579124644864, 2046591.902720903046429 ] } },
{ "type": "Feature", "properties": { "cell_id": "R079_C084", "row": 79, "col": 84, "x": 376997.79057912464, "y": 2046591.902720903, "cell_area_m2": 900.0, "runoff_coefficient": 0.89999997615814209, "surface_class": "building" }, "geometry": { "type": "Point", "coordinates": [ 376997.790579124644864, 2046591.902720903046429 ] } },
{ "type": "Feature", "properties": { "cell_id": "R079_C085", "row": 79, "col": 85, "x": 377027.79057912464, "y": 2046591.902720903, "cell_area_m2": 900.0, "runoff_coefficient": 0.75, "surface_class": "default_urban" }, "geometry": { "type": "Point", "coordinates": [ 377027.790579124644864, 2046591.902720903046429 ] } },
{ "type": "Feature", "properties": { "cell_id": "R079_C086", "row": 79, "col": 86, "x": 377057.79057912464, "y": 2046591.902720903, "cell_area_m2": 900.0, "runoff_coefficient": 0.89999997615814209, "surface_class": "building" }, "geometry": { "type": "Point", "coordinates": [ 377057.790579124644864, 2046591.902720903046429 ] } },
{ "type": "Feature", "properties": { "cell_id": "R079_C087", "row": 79, "col": 87, "x": 377087.79057912464, "y": 2046591.902720903, "cell_area_m2": 900.0, "runoff_coefficient": 0.75, "surface_class": "default_urban" }, "geometry": { "type": "Point", "coordinates": [ 377087.790579124644864, 2046591.902720903046429 ] } },
{ "type": "Feature", "properties": { "cell_id": "R079_C088", "row": 79, "col": 88, "x": 377117.79057912464, "y": 2046591.902720903, "cell_area_m2": 900.0, "runoff_coefficient": 0.75, "surface_class": "default_urban" }, "geometry": { "type": "Point", "coordinates": [ 377117.790579124644864, 2046591.902720903046429 ] } },
{ "type": "Feature", "properties": { "cell_id": "R079_C089", "row": 79, "col": 89, "x": 377147.79057912464, "y": 2046591.902720903, "cell_area_m2": 900.0, "runoff_coefficient": 0.75, "surface_class": "default_urban" }, "geometry": { "type": "Point", "coordinates": [ 377147.790579124644864, 2046591.902720903046429 ] } },
{ "type": "Feature", "properties": { "cell_id": "R079_C090", "row": 79, "col": 90, "x": 377177.79057912464, "y": 2046591.902720903, "cell_area_m2": 900.0, "runoff_coefficient": 0.75, "surface_class": "default_urban" }, "geometry": { "type": "Point", "coordinates": [ 377177.790579124644864, 2046591.902720903046429 ] } },
{ "type": "Feature", "properties": { "cell_id": "R079_C091", "row": 79, "col": 91, "x": 377207.79057912464, "y": 2046591.902720903, "cell_area_m2": 900.0, "runoff_coefficient": 0.75, "surface_class": "default_urban" }, "geometry": { "type": "Point", "coordinates": [ 377207.790579124644864, 2046591.902720903046429 ] } },
{ "type": "Feature", "properties": { "cell_id": "R079_C092", "row": 79, "col": 92, "x": 377237.79057912464, "y": 2046591.902720903, "cell_area_m2": 900.0, "runoff_coefficient": 0.75, "surface_class": "default_urban" }, "geometry": { "type": "Point", "coordinates": [ 377237.790579124644864, 2046591.902720903046429 ] } },
{ "type": "Feature", "properties": { "cell_id": "R079_C093", "row": 79, "col": 93, "x": 377267.79057912464, "y": 2046591.902720903, "cell_area_m2": 900.0, "runoff_coefficient": 0.30000001192092896, "surface_class": "green_open" }, "geometry": { "type": "Point", "coordinates": [ 377267.790579124644864, 2046591.902720903046429 ] } },
{ "type": "Feature", "properties": { "cell_id": "R079_C094", "row": 79, "col": 94, "x": 377297.79057912464, "y": 2046591.902720903, "cell_area_m2": 900.0, "runoff_coefficient": 0.85000002384185791, "surface_class": "road" }, "geometry": { "type": "Point", "coordinates": [ 377297.790579124644864, 2046591.902720903046429 ] } },
{ "type": "Feature", "properties": { "cell_id": "R079_C095", "row": 79, "col": 95, "x": 377327.79057912464, "y": 2046591.902720903, "cell_area_m2": 900.0, "runoff_coefficient": 0.85000002384185791, "surface_class": "road" }, "geometry": { "type": "Point", "coordinates": [ 377327.790579124644864, 2046591.902720903046429 ] } },
{ "type": "Feature", "properties": { "cell_id": "R079_C096", "row": 79, "col": 96, "x": 377357.79057912464, "y": 2046591.902720903, "cell_area_m2": 900.0, "runoff_coefficient": 0.85000002384185791, "surface_class": "road" }, "geometry": { "type": "Point", "coordinates": [ 377357.790579124644864, 2046591.902720903046429 ] } },
{ "type": "Feature", "properties": { "cell_id": "R079_C097", "row": 79, "col": 97, "x": 377387.79057912464, "y": 2046591.902720903, "cell_area_m2": 900.0, "runoff_coefficient": 0.85000002384185791, "surface_class": "road" }, "geometry": { "type": "Point", "coordinates": [ 377387.790579124644864, 2046591.902720903046429 ] } },
{ "type": "Feature", "properties": { "cell_id": "R079_C098", "row": 79, "col": 98, "x": 377417.79057912464, "y": 2046591.902720903, "cell_area_m2": 900.0, "runoff_coefficient": 0.85000002384185791, "surface_class": "road" }, "geometry": { "type": "Point", "coordinates": [ 377417.790579124644864, 2046591.902720903046429 ] } },
{ "type": "Feature", "properties": { "cell_id": "R079_C099", "row": 79, "col": 99, "x": 377447.79057912464, "y": 2046591.902720903, "cell_area_m2": 900.0, "runoff_coefficient": 0.30000001192092896, "surface_class": "green_open" }, "geometry": { "type": "Point", "coordinates": [ 377447.790579124644864, 2046591.902720903046429 ] } },
{ "type": "Feature", "properties": { "cell_id": "R079_C100", "row": 79, "col": 100, "x": 377477.79057912464, "y": 2046591.902720903, "cell_area_m2": 900.0, "runoff_coefficient": 0.30000001192092896, "surface_class": "green_open" }, "geometry": { "type": "Point", "coordinates": [ 377477.790579124644864, 2046591.902720903046429 ] } },
{ "type": "Feature", "properties": { "cell_id": "R079_C101", "row": 79, "col": 101, "x": 377507.79057912464, "y": 2046591.902720903, "cell_area_m2": 900.0, "runoff_coefficient": 0.75, "surface_class": "default_urban" }, "geometry": { "type": "Point", "coordinates": [ 377507.790579124644864, 2046591.902720903046429 ] } },
{ "type": "Feature", "properties": { "cell_id": "R079_C102", "row": 79, "col": 102, "x": 377537.79057912464, "y": 2046591.902720903, "cell_area_m2": 900.0, "runoff_coefficient": 0.75, "surface_class": "default_urban" }, "geometry": { "type": "Point", "coordinates": [ 377537.790579124644864, 2046591.902720903046429 ] } },
{ "type": "Feature", "properties": { "cell_id": "R079_C103", "row": 79, "col": 103, "x": 377567.79057912464, "y": 2046591.902720903, "cell_area_m2": 900.0, "runoff_coefficient": 0.75, "surface_class": "default_urban" }, "geometry": { "type": "Point", "coordinates": [ 377567.790579124644864, 2046591.902720903046429 ] } },
{ "type": "Feature", "properties": { "cell_id": "R079_C104", "row": 79, "col": 104, "x": 377597.79057912464, "y": 2046591.902720903, "cell_area_m2": 900.0, "runoff_coefficient": 0.89999997615814209, "surface_class": "building" }, "geometry": { "type": "Point", "coordinates": [ 377597.790579124644864, 2046591.902720903046429 ] } },
{ "type": "Feature", "properties": { "cell_id": "R079_C105", "row": 79, "col": 105, "x": 377627.79057912464, "y": 2046591.902720903, "cell_area_m2": 900.0, "runoff_coefficient": 0.75, "surface_class": "default_urban" }, "geometry": { "type": "Point", "coordinates": [ 377627.790579124644864, 2046591.902720903046429 ] } },
{ "type": "Feature", "properties": { "cell_id": "R079_C106", "row": 79, "col": 106, "x": 377657.79057912464, "y": 2046591.902720903, "cell_area_m2": 900.0, "runoff_coefficient": 0.85000002384185791, "surface_class": "road" }, "geometry": { "type": "Point", "coordinates": [ 377657.790579124644864, 2046591.902720903046429 ] } },
{ "type": "Feature", "properties": { "cell_id": "R079_C107", "row": 79, "col": 107, "x": 377687.79057912464, "y": 2046591.902720903, "cell_area_m2": 900.0, "runoff_coefficient": 0.89999997615814209, "surface_class": "building" }, "geometry": { "type": "Point", "coordinates": [ 377687.790579124644864, 2046591.902720903046429 ] } },
{ "type": "Feature", "properties": { "cell_id": "R079_C108", "row": 79, "col": 108, "x": 377717.79057912464, "y": 2046591.902720903, "cell_area_m2": 900.0, "runoff_coefficient": 0.85000002384185791, "surface_class": "road" }, "geometry": { "type": "Point", "coordinates": [ 377717.790579124644864, 2046591.902720903046429 ] } },
{ "type": "Feature", "properties": { "cell_id": "R079_C109", "row": 79, "col": 109, "x": 377747.79057912464, "y": 2046591.902720903, "cell_area_m2": 900.0, "runoff_coefficient": 0.89999997615814209, "surface_class": "building" }, "geometry": { "type": "Point", "coordinates": [ 377747.790579124644864, 2046591.902720903046429 ] } },
{ "type": "Feature", "properties": { "cell_id": "R079_C110", "row": 79, "col": 110, "x": 377777.79057912464, "y": 2046591.902720903, "cell_area_m2": 900.0, "runoff_coefficient": 0.85000002384185791, "surface_class": "road" }, "geometry": { "type": "Point", "coordinates": [ 377777.790579124644864, 2046591.902720903046429 ] } },
{ "type": "Feature", "properties": { "cell_id": "R079_C111", "row": 79, "col": 111, "x": 377807.79057912464, "y": 2046591.902720903, "cell_area_m2": 900.0, "runoff_coefficient": 0.85000002384185791, "surface_class": "road" }, "geometry": { "type": "Point", "coordinates": [ 377807.790579124644864, 2046591.902720903046429 ] } },
{ "type": "Feature", "properties": { "cell_id": "R079_C112", "row": 79, "col": 112, "x": 377837.79057912464, "y": 2046591.902720903, "cell_area_m2": 900.0, "runoff_coefficient": 0.85000002384185791, "surface_class": "road" }, "geometry": { "type": "Point", "coordinates": [ 377837.790579124644864, 2046591.902720903046429 ] } },
{ "type": "Feature", "properties": { "cell_id": "R079_C113", "row": 79, "col": 113, "x": 377867.79057912464, "y": 2046591.902720903, "cell_area_m2": 900.0, "runoff_coefficient": 0.75, "surface_class": "default_urban" }, "geometry": { "type": "Point", "coordinates": [ 377867.790579124644864, 2046591.902720903046429 ] } },
{ "type": "Feature", "properties": { "cell_id": "R079_C114", "row": 79, "col": 114, "x": 377897.79057912464, "y": 2046591.902720903, "cell_area_m2": 900.0, "runoff_coefficient": 0.75, "surface_class": "default_urban" }, "geometry": { "type": "Point", "coordinates": [ 377897.790579124644864, 2046591.902720903046429 ] } },
{ "type": "Feature", "properties": { "cell_id": "R079_C115", "row": 79, "col": 115, "x": 377927.79057912464, "y": 2046591.902720903, "cell_area_m2": 900.0, "runoff_coefficient": 0.75, "surface_class": "default_urban" }, "geometry": { "type": "Point", "coordinates": [ 377927.790579124644864, 2046591.902720903046429 ] } },
{ "type": "Feature", "properties": { "cell_id": "R079_C116", "row": 79, "col": 116, "x": 377957.79057912464, "y": 2046591.902720903, "cell_area_m2": 900.0, "runoff_coefficient": 0.89999997615814209, "surface_class": "building" }, "geometry": { "type": "Point", "coordinates": [ 377957.790579124644864, 2046591.902720903046429 ] } },
{ "type": "Feature", "properties": { "cell_id": "R079_C117", "row": 79, "col": 117, "x": 377987.79057912464, "y": 2046591.902720903, "cell_area_m2": 900.0, "runoff_coefficient": 0.89999997615814209, "surface_class": "building" }, "geometry": { "type": "Point", "coordinates": [ 377987.790579124644864, 2046591.902720903046429 ] } },
{ "type": "Feature", "properties": { "cell_id": "R079_C118", "row": 79, "col": 118, "x": 378017.79057912464, "y": 2046591.902720903, "cell_area_m2": 900.0, "runoff_coefficient": 0.85000002384185791, "surface_class": "road" }, "geometry": { "type": "Point", "coordinates": [ 378017.790579124644864, 2046591.902720903046429 ] } },
{ "type": "Feature", "properties": { "cell_id": "R079_C119", "row": 79, "col": 119, "x": 378047.79057912464, "y": 2046591.902720903, "cell_area_m2": 900.0, "runoff_coefficient": 0.85000002384185791, "surface_class": "road" }, "geometry": { "type": "Point", "coordinates": [ 378047.790579124644864, 2046591.902720903046429 ] } },
{ "type": "Feature", "properties": { "cell_id": "R079_C120", "row": 79, "col": 120, "x": 378077.79057912464, "y": 2046591.902720903, "cell_area_m2": 900.0, "runoff_coefficient": 0.85000002384185791, "surface_class": "road" }, "geometry": { "type": "Point", "coordinates": [ 378077.790579124644864, 2046591.902720903046429 ] } },
{ "type": "Feature", "properties": { "cell_id": "R079_C121", "row": 79, "col": 121, "x": 378107.79057912464, "y": 2046591.902720903, "cell_area_m2": 900.0, "runoff_coefficient": 0.85000002384185791, "surface_class": "road" }, "geometry": { "type": "Point", "coordinates": [ 378107.790579124644864, 2046591.902720903046429 ] } },
{ "type": "Feature", "properties": { "cell_id": "R079_C122", "row": 79, "col": 122, "x": 378137.79057912464, "y": 2046591.902720903, "cell_area_m2": 900.0, "runoff_coefficient": 0.85000002384185791, "surface_class": "road" }, "geometry": { "type": "Point", "coordinates": [ 378137.790579124644864, 2046591.902720903046429 ] } },
{ "type": "Feature", "properties": { "cell_id": "R079_C123", "row": 79, "col": 123, "x": 378167.79057912464, "y": 2046591.902720903, "cell_area_m2": 900.0, "runoff_coefficient": 0.85000002384185791, "surface_class": "road" }, "geometry": { "type": "Point", "coordinates": [ 378167.790579124644864, 2046591.902720903046429 ] } },
{ "type": "Feature", "properties": { "cell_id": "R079_C124", "row": 79, "col": 124, "x": 378197.79057912464, "y": 2046591.902720903, "cell_area_m2": 900.0, "runoff_coefficient": 0.85000002384185791, "surface_class": "road" }, "geometry": { "type": "Point", "coordinates": [ 378197.790579124644864, 2046591.902720903046429 ] } },
{ "type": "Feature", "properties": { "cell_id": "R079_C125", "row": 79, "col": 125, "x": 378227.79057912464, "y": 2046591.902720903, "cell_area_m2": 900.0, "runoff_coefficient": 0.89999997615814209, "surface_class": "building" }, "geometry": { "type": "Point", "coordinates": [ 378227.790579124644864, 2046591.902720903046429 ] } },
{ "type": "Feature", "properties": { "cell_id": "R079_C126", "row": 79, "col": 126, "x": 378257.79057912464, "y": 2046591.902720903, "cell_area_m2": 900.0, "runoff_coefficient": 0.85000002384185791, "surface_class": "road" }, "geometry": { "type": "Point", "coordinates": [ 378257.790579124644864, 2046591.902720903046429 ] } },
{ "type": "Feature", "properties": { "cell_id": "R079_C127", "row": 79, "col": 127, "x": 378287.79057912464, "y": 2046591.902720903, "cell_area_m2": 900.0, "runoff_coefficient": 0.85000002384185791, "surface_class": "road" }, "geometry": { "type": "Point", "coordinates": [ 378287.790579124644864, 2046591.902720903046429 ] } },
{ "type": "Feature", "properties": { "cell_id": "R079_C128", "row": 79, "col": 128, "x": 378317.79057912464, "y": 2046591.902720903, "cell_area_m2": 900.0, "runoff_coefficient": 0.75, "surface_class": "default_urban" }, "geometry": { "type": "Point", "coordinates": [ 378317.790579124644864, 2046591.902720903046429 ] } },
{ "type": "Feature", "properties": { "cell_id": "R079_C129", "row": 79, "col": 129, "x": 378347.79057912464, "y": 2046591.902720903, "cell_area_m2": 900.0, "runoff_coefficient": 0.75, "surface_class": "default_urban" }, "geometry": { "type": "Point", "coordinates": [ 378347.790579124644864, 2046591.902720903046429 ] } },
{ "type": "Feature", "properties": { "cell_id": "R079_C130", "row": 79, "col": 130, "x": 378377.79057912464, "y": 2046591.902720903, "cell_area_m2": 900.0, "runoff_coefficient": 0.75, "surface_class": "default_urban" }, "geometry": { "type": "Point", "coordinates": [ 378377.790579124644864, 2046591.902720903046429 ] } },
{ "type": "Feature", "properties": { "cell_id": "R079_C131", "row": 79, "col": 131, "x": 378407.79057912464, "y": 2046591.902720903, "cell_area_m2": 900.0, "runoff_coefficient": 0.75, "surface_class": "default_urban" }, "geometry": { "type": "Point", "coordinates": [ 378407.790579124644864, 2046591.902720903046429 ] } },
{ "type": "Feature", "properties": { "cell_id": "R079_C132", "row": 79, "col": 132, "x": 378437.79057912464, "y": 2046591.902720903, "cell_area_m2": 900.0, "runoff_coefficient": 0.75, "surface_class": "default_urban" }, "geometry": { "type": "Point", "coordinates": [ 378437.790579124644864, 2046591.902720903046429 ] } },
{ "type": "Feature", "properties": { "cell_id": "R080_C068", "row": 80, "col": 68, "x": 376517.79057912464, "y": 2046561.902720903, "cell_area_m2": 900.0, "runoff_coefficient": 0.85000002384185791, "surface_class": "road" }, "geometry": { "type": "Point", "coordinates": [ 376517.790579124644864, 2046561.902720903046429 ] } },
{ "type": "Feature", "properties": { "cell_id": "R080_C069", "row": 80, "col": 69, "x": 376547.79057912464, "y": 2046561.902720903, "cell_area_m2": 900.0, "runoff_coefficient": 0.85000002384185791, "surface_class": "road" }, "geometry": { "type": "Point", "coordinates": [ 376547.790579124644864, 2046561.902720903046429 ] } },
{ "type": "Feature", "properties": { "cell_id": "R080_C070", "row": 80, "col": 70, "x": 376577.79057912464, "y": 2046561.902720903, "cell_area_m2": 900.0, "runoff_coefficient": 0.75, "surface_class": "default_urban" }, "geometry": { "type": "Point", "coordinates": [ 376577.790579124644864, 2046561.902720903046429 ] } },
{ "type": "Feature", "properties": { "cell_id": "R080_C071", "row": 80, "col": 71, "x": 376607.79057912464, "y": 2046561.902720903, "cell_area_m2": 900.0, "runoff_coefficient": 0.89999997615814209, "surface_class": "building" }, "geometry": { "type": "Point", "coordinates": [ 376607.790579124644864, 2046561.902720903046429 ] } },
{ "type": "Feature", "properties": { "cell_id": "R080_C072", "row": 80, "col": 72, "x": 376637.79057912464, "y": 2046561.902720903, "cell_area_m2": 900.0, "runoff_coefficient": 0.89999997615814209, "surface_class": "building" }, "geometry": { "type": "Point", "coordinates": [ 376637.790579124644864, 2046561.902720903046429 ] } },
{ "type": "Feature", "properties": { "cell_id": "R080_C073", "row": 80, "col": 73, "x": 376667.79057912464, "y": 2046561.902720903, "cell_area_m2": 900.0, "runoff_coefficient": 0.75, "surface_class": "default_urban" }, "geometry": { "type": "Point", "coordinates": [ 376667.790579124644864, 2046561.902720903046429 ] } },
{ "type": "Feature", "properties": { "cell_id": "R080_C074", "row": 80, "col": 74, "x": 376697.79057912464, "y": 2046561.902720903, "cell_area_m2": 900.0, "runoff_coefficient": 0.75, "surface_class": "default_urban" }, "geometry": { "type": "Point", "coordinates": [ 376697.790579124644864, 2046561.902720903046429 ] } },
{ "type": "Feature", "properties": { "cell_id": "R080_C075", "row": 80, "col": 75, "x": 376727.79057912464, "y": 2046561.902720903, "cell_area_m2": 900.0, "runoff_coefficient": 0.75, "surface_class": "default_urban" }, "geometry": { "type": "Point", "coordinates": [ 376727.790579124644864, 2046561.902720903046429 ] } },
{ "type": "Feature", "properties": { "cell_id": "R080_C076", "row": 80, "col": 76, "x": 376757.79057912464, "y": 2046561.902720903, "cell_area_m2": 900.0, "runoff_coefficient": 0.85000002384185791, "surface_class": "road" }, "geometry": { "type": "Point", "coordinates": [ 376757.790579124644864, 2046561.902720903046429 ] } },
{ "type": "Feature", "properties": { "cell_id": "R080_C077", "row": 80, "col": 77, "x": 376787.79057912464, "y": 2046561.902720903, "cell_area_m2": 900.0, "runoff_coefficient": 0.85000002384185791, "surface_class": "road" }, "geometry": { "type": "Point", "coordinates": [ 376787.790579124644864, 2046561.902720903046429 ] } },
{ "type": "Feature", "properties": { "cell_id": "R080_C078", "row": 80, "col": 78, "x": 376817.79057912464, "y": 2046561.902720903, "cell_area_m2": 900.0, "runoff_coefficient": 0.75, "surface_class": "default_urban" }, "geometry": { "type": "Point", "coordinates": [ 376817.790579124644864, 2046561.902720903046429 ] } },
{ "type": "Feature", "properties": { "cell_id": "R080_C079", "row": 80, "col": 79, "x": 376847.79057912464, "y": 2046561.902720903, "cell_area_m2": 900.0, "runoff_coefficient": 0.85000002384185791, "surface_class": "road" }, "geometry": { "type": "Point", "coordinates": [ 376847.790579124644864, 2046561.902720903046429 ] } },
{ "type": "Feature", "properties": { "cell_id": "R080_C080", "row": 80, "col": 80, "x": 376877.79057912464, "y": 2046561.902720903, "cell_area_m2": 900.0, "runoff_coefficient": 0.85000002384185791, "surface_class": "road" }, "geometry": { "type": "Point", "coordinates": [ 376877.790579124644864, 2046561.902720903046429 ] } },
{ "type": "Feature", "properties": { "cell_id": "R080_C081", "row": 80, "col": 81, "x": 376907.79057912464, "y": 2046561.902720903, "cell_area_m2": 900.0, "runoff_coefficient": 0.85000002384185791, "surface_class": "road" }, "geometry": { "type": "Point", "coordinates": [ 376907.790579124644864, 2046561.902720903046429 ] } },
{ "type": "Feature", "properties": { "cell_id": "R080_C082", "row": 80, "col": 82, "x": 376937.79057912464, "y": 2046561.902720903, "cell_area_m2": 900.0, "runoff_coefficient": 0.75, "surface_class": "default_urban" }, "geometry": { "type": "Point", "coordinates": [ 376937.790579124644864, 2046561.902720903046429 ] } },
{ "type": "Feature", "properties": { "cell_id": "R080_C083", "row": 80, "col": 83, "x": 376967.79057912464, "y": 2046561.902720903, "cell_area_m2": 900.0, "runoff_coefficient": 0.85000002384185791, "surface_class": "road" }, "geometry": { "type": "Point", "coordinates": [ 376967.790579124644864, 2046561.902720903046429 ] } },
{ "type": "Feature", "properties": { "cell_id": "R080_C084", "row": 80, "col": 84, "x": 376997.79057912464, "y": 2046561.902720903, "cell_area_m2": 900.0, "runoff_coefficient": 0.85000002384185791, "surface_class": "road" }, "geometry": { "type": "Point", "coordinates": [ 376997.790579124644864, 2046561.902720903046429 ] } },
{ "type": "Feature", "properties": { "cell_id": "R080_C085", "row": 80, "col": 85, "x": 377027.79057912464, "y": 2046561.902720903, "cell_area_m2": 900.0, "runoff_coefficient": 0.75, "surface_class": "default_urban" }, "geometry": { "type": "Point", "coordinates": [ 377027.790579124644864, 2046561.902720903046429 ] } },
{ "type": "Feature", "properties": { "cell_id": "R080_C086", "row": 80, "col": 86, "x": 377057.79057912464, "y": 2046561.902720903, "cell_area_m2": 900.0, "runoff_coefficient": 0.89999997615814209, "surface_class": "building" }, "geometry": { "type": "Point", "coordinates": [ 377057.790579124644864, 2046561.902720903046429 ] } },
{ "type": "Feature", "properties": { "cell_id": "R080_C087", "row": 80, "col": 87, "x": 377087.79057912464, "y": 2046561.902720903, "cell_area_m2": 900.0, "runoff_coefficient": 0.75, "surface_class": "default_urban" }, "geometry": { "type": "Point", "coordinates": [ 377087.790579124644864, 2046561.902720903046429 ] } },
{ "type": "Feature", "properties": { "cell_id": "R080_C088", "row": 80, "col": 88, "x": 377117.79057912464, "y": 2046561.902720903, "cell_area_m2": 900.0, "runoff_coefficient": 0.75, "surface_class": "default_urban" }, "geometry": { "type": "Point", "coordinates": [ 377117.790579124644864, 2046561.902720903046429 ] } },
{ "type": "Feature", "properties": { "cell_id": "R080_C089", "row": 80, "col": 89, "x": 377147.79057912464, "y": 2046561.902720903, "cell_area_m2": 900.0, "runoff_coefficient": 0.75, "surface_class": "default_urban" }, "geometry": { "type": "Point", "coordinates": [ 377147.790579124644864, 2046561.902720903046429 ] } },
{ "type": "Feature", "properties": { "cell_id": "R080_C090", "row": 80, "col": 90, "x": 377177.79057912464, "y": 2046561.902720903, "cell_area_m2": 900.0, "runoff_coefficient": 0.75, "surface_class": "default_urban" }, "geometry": { "type": "Point", "coordinates": [ 377177.790579124644864, 2046561.902720903046429 ] } },
{ "type": "Feature", "properties": { "cell_id": "R080_C091", "row": 80, "col": 91, "x": 377207.79057912464, "y": 2046561.902720903, "cell_area_m2": 900.0, "runoff_coefficient": 0.75, "surface_class": "default_urban" }, "geometry": { "type": "Point", "coordinates": [ 377207.790579124644864, 2046561.902720903046429 ] } },
{ "type": "Feature", "properties": { "cell_id": "R080_C092", "row": 80, "col": 92, "x": 377237.79057912464, "y": 2046561.902720903, "cell_area_m2": 900.0, "runoff_coefficient": 0.75, "surface_class": "default_urban" }, "geometry": { "type": "Point", "coordinates": [ 377237.790579124644864, 2046561.902720903046429 ] } },
{ "type": "Feature", "properties": { "cell_id": "R080_C093", "row": 80, "col": 93, "x": 377267.79057912464, "y": 2046561.902720903, "cell_area_m2": 900.0, "runoff_coefficient": 0.30000001192092896, "surface_class": "green_open" }, "geometry": { "type": "Point", "coordinates": [ 377267.790579124644864, 2046561.902720903046429 ] } },
{ "type": "Feature", "properties": { "cell_id": "R080_C094", "row": 80, "col": 94, "x": 377297.79057912464, "y": 2046561.902720903, "cell_area_m2": 900.0, "runoff_coefficient": 0.89999997615814209, "surface_class": "building" }, "geometry": { "type": "Point", "coordinates": [ 377297.790579124644864, 2046561.902720903046429 ] } },
{ "type": "Feature", "properties": { "cell_id": "R080_C095", "row": 80, "col": 95, "x": 377327.79057912464, "y": 2046561.902720903, "cell_area_m2": 900.0, "runoff_coefficient": 0.85000002384185791, "surface_class": "road" }, "geometry": { "type": "Point", "coordinates": [ 377327.790579124644864, 2046561.902720903046429 ] } },
{ "type": "Feature", "properties": { "cell_id": "R080_C096", "row": 80, "col": 96, "x": 377357.79057912464, "y": 2046561.902720903, "cell_area_m2": 900.0, "runoff_coefficient": 0.85000002384185791, "surface_class": "road" }, "geometry": { "type": "Point", "coordinates": [ 377357.790579124644864, 2046561.902720903046429 ] } },
{ "type": "Feature", "properties": { "cell_id": "R080_C097", "row": 80, "col": 97, "x": 377387.79057912464, "y": 2046561.902720903, "cell_area_m2": 900.0, "runoff_coefficient": 0.85000002384185791, "surface_class": "road" }, "geometry": { "type": "Point", "coordinates": [ 377387.790579124644864, 2046561.902720903046429 ] } },
{ "type": "Feature", "properties": { "cell_id": "R080_C098", "row": 80, "col": 98, "x": 377417.79057912464, "y": 2046561.902720903, "cell_area_m2": 900.0, "runoff_coefficient": 0.85000002384185791, "surface_class": "road" }, "geometry": { "type": "Point", "coordinates": [ 377417.790579124644864, 2046561.902720903046429 ] } },
{ "type": "Feature", "properties": { "cell_id": "R080_C099", "row": 80, "col": 99, "x": 377447.79057912464, "y": 2046561.902720903, "cell_area_m2": 900.0, "runoff_coefficient": 0.30000001192092896, "surface_class": "green_open" }, "geometry": { "type": "Point", "coordinates": [ 377447.790579124644864, 2046561.902720903046429 ] } },
{ "type": "Feature", "properties": { "cell_id": "R080_C100", "row": 80, "col": 100, "x": 377477.79057912464, "y": 2046561.902720903, "cell_area_m2": 900.0, "runoff_coefficient": 0.89999997615814209, "surface_class": "building" }, "geometry": { "type": "Point", "coordinates": [ 377477.790579124644864, 2046561.902720903046429 ] } },
{ "type": "Feature", "properties": { "cell_id": "R080_C101", "row": 80, "col": 101, "x": 377507.79057912464, "y": 2046561.902720903, "cell_area_m2": 900.0, "runoff_coefficient": 0.89999997615814209, "surface_class": "building" }, "geometry": { "type": "Point", "coordinates": [ 377507.790579124644864, 2046561.902720903046429 ] } },
{ "type": "Feature", "properties": { "cell_id": "R080_C102", "row": 80, "col": 102, "x": 377537.79057912464, "y": 2046561.902720903, "cell_area_m2": 900.0, "runoff_coefficient": 0.75, "surface_class": "default_urban" }, "geometry": { "type": "Point", "coordinates": [ 377537.790579124644864, 2046561.902720903046429 ] } },
{ "type": "Feature", "properties": { "cell_id": "R080_C103", "row": 80, "col": 103, "x": 377567.79057912464, "y": 2046561.902720903, "cell_area_m2": 900.0, "runoff_coefficient": 0.75, "surface_class": "default_urban" }, "geometry": { "type": "Point", "coordinates": [ 377567.790579124644864, 2046561.902720903046429 ] } },
{ "type": "Feature", "properties": { "cell_id": "R080_C104", "row": 80, "col": 104, "x": 377597.79057912464, "y": 2046561.902720903, "cell_area_m2": 900.0, "runoff_coefficient": 0.75, "surface_class": "default_urban" }, "geometry": { "type": "Point", "coordinates": [ 377597.790579124644864, 2046561.902720903046429 ] } },
{ "type": "Feature", "properties": { "cell_id": "R080_C105", "row": 80, "col": 105, "x": 377627.79057912464, "y": 2046561.902720903, "cell_area_m2": 900.0, "runoff_coefficient": 0.75, "surface_class": "default_urban" }, "geometry": { "type": "Point", "coordinates": [ 377627.790579124644864, 2046561.902720903046429 ] } },
{ "type": "Feature", "properties": { "cell_id": "R080_C106", "row": 80, "col": 106, "x": 377657.79057912464, "y": 2046561.902720903, "cell_area_m2": 900.0, "runoff_coefficient": 0.85000002384185791, "surface_class": "road" }, "geometry": { "type": "Point", "coordinates": [ 377657.790579124644864, 2046561.902720903046429 ] } },
{ "type": "Feature", "properties": { "cell_id": "R080_C107", "row": 80, "col": 107, "x": 377687.79057912464, "y": 2046561.902720903, "cell_area_m2": 900.0, "runoff_coefficient": 0.85000002384185791, "surface_class": "road" }, "geometry": { "type": "Point", "coordinates": [ 377687.790579124644864, 2046561.902720903046429 ] } },
{ "type": "Feature", "properties": { "cell_id": "R080_C108", "row": 80, "col": 108, "x": 377717.79057912464, "y": 2046561.902720903, "cell_area_m2": 900.0, "runoff_coefficient": 0.85000002384185791, "surface_class": "road" }, "geometry": { "type": "Point", "coordinates": [ 377717.790579124644864, 2046561.902720903046429 ] } },
{ "type": "Feature", "properties": { "cell_id": "R080_C109", "row": 80, "col": 109, "x": 377747.79057912464, "y": 2046561.902720903, "cell_area_m2": 900.0, "runoff_coefficient": 0.85000002384185791, "surface_class": "road" }, "geometry": { "type": "Point", "coordinates": [ 377747.790579124644864, 2046561.902720903046429 ] } },
{ "type": "Feature", "properties": { "cell_id": "R080_C110", "row": 80, "col": 110, "x": 377777.79057912464, "y": 2046561.902720903, "cell_area_m2": 900.0, "runoff_coefficient": 0.85000002384185791, "surface_class": "road" }, "geometry": { "type": "Point", "coordinates": [ 377777.790579124644864, 2046561.902720903046429 ] } },
{ "type": "Feature", "properties": { "cell_id": "R080_C111", "row": 80, "col": 111, "x": 377807.79057912464, "y": 2046561.902720903, "cell_area_m2": 900.0, "runoff_coefficient": 0.85000002384185791, "surface_class": "road" }, "geometry": { "type": "Point", "coordinates": [ 377807.790579124644864, 2046561.902720903046429 ] } },
{ "type": "Feature", "properties": { "cell_id": "R080_C112", "row": 80, "col": 112, "x": 377837.79057912464, "y": 2046561.902720903, "cell_area_m2": 900.0, "runoff_coefficient": 0.89999997615814209, "surface_class": "building" }, "geometry": { "type": "Point", "coordinates": [ 377837.790579124644864, 2046561.902720903046429 ] } },
{ "type": "Feature", "properties": { "cell_id": "R080_C113", "row": 80, "col": 113, "x": 377867.79057912464, "y": 2046561.902720903, "cell_area_m2": 900.0, "runoff_coefficient": 0.75, "surface_class": "default_urban" }, "geometry": { "type": "Point", "coordinates": [ 377867.790579124644864, 2046561.902720903046429 ] } },
{ "type": "Feature", "properties": { "cell_id": "R080_C114", "row": 80, "col": 114, "x": 377897.79057912464, "y": 2046561.902720903, "cell_area_m2": 900.0, "runoff_coefficient": 0.89999997615814209, "surface_class": "building" }, "geometry": { "type": "Point", "coordinates": [ 377897.790579124644864, 2046561.902720903046429 ] } },
{ "type": "Feature", "properties": { "cell_id": "R080_C115", "row": 80, "col": 115, "x": 377927.79057912464, "y": 2046561.902720903, "cell_area_m2": 900.0, "runoff_coefficient": 0.75, "surface_class": "default_urban" }, "geometry": { "type": "Point", "coordinates": [ 377927.790579124644864, 2046561.902720903046429 ] } },
{ "type": "Feature", "properties": { "cell_id": "R080_C116", "row": 80, "col": 116, "x": 377957.79057912464, "y": 2046561.902720903, "cell_area_m2": 900.0, "runoff_coefficient": 0.75, "surface_class": "default_urban" }, "geometry": { "type": "Point", "coordinates": [ 377957.790579124644864, 2046561.902720903046429 ] } },
{ "type": "Feature", "properties": { "cell_id": "R080_C117", "row": 80, "col": 117, "x": 377987.79057912464, "y": 2046561.902720903, "cell_area_m2": 900.0, "runoff_coefficient": 0.85000002384185791, "surface_class": "road" }, "geometry": { "type": "Point", "coordinates": [ 377987.790579124644864, 2046561.902720903046429 ] } },
{ "type": "Feature", "properties": { "cell_id": "R080_C118", "row": 80, "col": 118, "x": 378017.79057912464, "y": 2046561.902720903, "cell_area_m2": 900.0, "runoff_coefficient": 0.89999997615814209, "surface_class": "building" }, "geometry": { "type": "Point", "coordinates": [ 378017.790579124644864, 2046561.902720903046429 ] } },
{ "type": "Feature", "properties": { "cell_id": "R080_C119", "row": 80, "col": 119, "x": 378047.79057912464, "y": 2046561.902720903, "cell_area_m2": 900.0, "runoff_coefficient": 0.85000002384185791, "surface_class": "road" }, "geometry": { "type": "Point", "coordinates": [ 378047.790579124644864, 2046561.902720903046429 ] } },
{ "type": "Feature", "properties": { "cell_id": "R080_C120", "row": 80, "col": 120, "x": 378077.79057912464, "y": 2046561.902720903, "cell_area_m2": 900.0, "runoff_coefficient": 0.85000002384185791, "surface_class": "road" }, "geometry": { "type": "Point", "coordinates": [ 378077.790579124644864, 2046561.902720903046429 ] } },
{ "type": "Feature", "properties": { "cell_id": "R080_C121", "row": 80, "col": 121, "x": 378107.79057912464, "y": 2046561.902720903, "cell_area_m2": 900.0, "runoff_coefficient": 0.75, "surface_class": "default_urban" }, "geometry": { "type": "Point", "coordinates": [ 378107.790579124644864, 2046561.902720903046429 ] } },
{ "type": "Feature", "properties": { "cell_id": "R080_C122", "row": 80, "col": 122, "x": 378137.79057912464, "y": 2046561.902720903, "cell_area_m2": 900.0, "runoff_coefficient": 0.85000002384185791, "surface_class": "road" }, "geometry": { "type": "Point", "coordinates": [ 378137.790579124644864, 2046561.902720903046429 ] } },
{ "type": "Feature", "properties": { "cell_id": "R080_C123", "row": 80, "col": 123, "x": 378167.79057912464, "y": 2046561.902720903, "cell_area_m2": 900.0, "runoff_coefficient": 0.89999997615814209, "surface_class": "building" }, "geometry": { "type": "Point", "coordinates": [ 378167.790579124644864, 2046561.902720903046429 ] } },
{ "type": "Feature", "properties": { "cell_id": "R080_C124", "row": 80, "col": 124, "x": 378197.79057912464, "y": 2046561.902720903, "cell_area_m2": 900.0, "runoff_coefficient": 0.75, "surface_class": "default_urban" }, "geometry": { "type": "Point", "coordinates": [ 378197.790579124644864, 2046561.902720903046429 ] } },
{ "type": "Feature", "properties": { "cell_id": "R080_C125", "row": 80, "col": 125, "x": 378227.79057912464, "y": 2046561.902720903, "cell_area_m2": 900.0, "runoff_coefficient": 0.75, "surface_class": "default_urban" }, "geometry": { "type": "Point", "coordinates": [ 378227.790579124644864, 2046561.902720903046429 ] } },
{ "type": "Feature", "properties": { "cell_id": "R080_C126", "row": 80, "col": 126, "x": 378257.79057912464, "y": 2046561.902720903, "cell_area_m2": 900.0, "runoff_coefficient": 0.75, "surface_class": "default_urban" }, "geometry": { "type": "Point", "coordinates": [ 378257.790579124644864, 2046561.902720903046429 ] } },
{ "type": "Feature", "properties": { "cell_id": "R080_C127", "row": 80, "col": 127, "x": 378287.79057912464, "y": 2046561.902720903, "cell_area_m2": 900.0, "runoff_coefficient": 0.85000002384185791, "surface_class": "road" }, "geometry": { "type": "Point", "coordinates": [ 378287.790579124644864, 2046561.902720903046429 ] } },
{ "type": "Feature", "properties": { "cell_id": "R080_C128", "row": 80, "col": 128, "x": 378317.79057912464, "y": 2046561.902720903, "cell_area_m2": 900.0, "runoff_coefficient": 0.75, "surface_class": "default_urban" }, "geometry": { "type": "Point", "coordinates": [ 378317.790579124644864, 2046561.902720903046429 ] } },
{ "type": "Feature", "properties": { "cell_id": "R080_C129", "row": 80, "col": 129, "x": 378347.79057912464, "y": 2046561.902720903, "cell_area_m2": 900.0, "runoff_coefficient": 0.75, "surface_class": "default_urban" }, "geometry": { "type": "Point", "coordinates": [ 378347.790579124644864, 2046561.902720903046429 ] } },
{ "type": "Feature", "properties": { "cell_id": "R080_C130", "row": 80, "col": 130, "x": 378377.79057912464, "y": 2046561.902720903, "cell_area_m2": 900.0, "runoff_coefficient": 0.75, "surface_class": "default_urban" }, "geometry": { "type": "Point", "coordinates": [ 378377.790579124644864, 2046561.902720903046429 ] } },
{ "type": "Feature", "properties": { "cell_id": "R080_C131", "row": 80, "col": 131, "x": 378407.79057912464, "y": 2046561.902720903, "cell_area_m2": 900.0, "runoff_coefficient": 0.75, "surface_class": "default_urban" }, "geometry": { "type": "Point", "coordinates": [ 378407.790579124644864, 2046561.902720903046429 ] } },
{ "type": "Feature", "properties": { "cell_id": "R080_C132", "row": 80, "col": 132, "x": 378437.79057912464, "y": 2046561.902720903, "cell_area_m2": 900.0, "runoff_coefficient": 0.75, "surface_class": "default_urban" }, "geometry": { "type": "Point", "coordinates": [ 378437.790579124644864, 2046561.902720903046429 ] } },
{ "type": "Feature", "properties": { "cell_id": "R080_C133", "row": 80, "col": 133, "x": 378467.79057912464, "y": 2046561.902720903, "cell_area_m2": 900.0, "runoff_coefficient": 0.75, "surface_class": "default_urban" }, "geometry": { "type": "Point", "coordinates": [ 378467.790579124644864, 2046561.902720903046429 ] } },
{ "type": "Feature", "properties": { "cell_id": "R081_C067", "row": 81, "col": 67, "x": 376487.79057912464, "y": 2046531.902720903, "cell_area_m2": 900.0, "runoff_coefficient": 0.85000002384185791, "surface_class": "road" }, "geometry": { "type": "Point", "coordinates": [ 376487.790579124644864, 2046531.902720903046429 ] } },
{ "type": "Feature", "properties": { "cell_id": "R081_C068", "row": 81, "col": 68, "x": 376517.79057912464, "y": 2046531.902720903, "cell_area_m2": 900.0, "runoff_coefficient": 0.85000002384185791, "surface_class": "road" }, "geometry": { "type": "Point", "coordinates": [ 376517.790579124644864, 2046531.902720903046429 ] } },
{ "type": "Feature", "properties": { "cell_id": "R081_C069", "row": 81, "col": 69, "x": 376547.79057912464, "y": 2046531.902720903, "cell_area_m2": 900.0, "runoff_coefficient": 0.30000001192092896, "surface_class": "green_open" }, "geometry": { "type": "Point", "coordinates": [ 376547.790579124644864, 2046531.902720903046429 ] } },
{ "type": "Feature", "properties": { "cell_id": "R081_C070", "row": 81, "col": 70, "x": 376577.79057912464, "y": 2046531.902720903, "cell_area_m2": 900.0, "runoff_coefficient": 0.89999997615814209, "surface_class": "building" }, "geometry": { "type": "Point", "coordinates": [ 376577.790579124644864, 2046531.902720903046429 ] } },
{ "type": "Feature", "properties": { "cell_id": "R081_C071", "row": 81, "col": 71, "x": 376607.79057912464, "y": 2046531.902720903, "cell_area_m2": 900.0, "runoff_coefficient": 0.75, "surface_class": "default_urban" }, "geometry": { "type": "Point", "coordinates": [ 376607.790579124644864, 2046531.902720903046429 ] } },
{ "type": "Feature", "properties": { "cell_id": "R081_C072", "row": 81, "col": 72, "x": 376637.79057912464, "y": 2046531.902720903, "cell_area_m2": 900.0, "runoff_coefficient": 0.75, "surface_class": "default_urban" }, "geometry": { "type": "Point", "coordinates": [ 376637.790579124644864, 2046531.902720903046429 ] } },
{ "type": "Feature", "properties": { "cell_id": "R081_C073", "row": 81, "col": 73, "x": 376667.79057912464, "y": 2046531.902720903, "cell_area_m2": 900.0, "runoff_coefficient": 0.89999997615814209, "surface_class": "building" }, "geometry": { "type": "Point", "coordinates": [ 376667.790579124644864, 2046531.902720903046429 ] } },
{ "type": "Feature", "properties": { "cell_id": "R081_C074", "row": 81, "col": 74, "x": 376697.79057912464, "y": 2046531.902720903, "cell_area_m2": 900.0, "runoff_coefficient": 0.75, "surface_class": "default_urban" }, "geometry": { "type": "Point", "coordinates": [ 376697.790579124644864, 2046531.902720903046429 ] } },
{ "type": "Feature", "properties": { "cell_id": "R081_C075", "row": 81, "col": 75, "x": 376727.79057912464, "y": 2046531.902720903, "cell_area_m2": 900.0, "runoff_coefficient": 0.85000002384185791, "surface_class": "road" }, "geometry": { "type": "Point", "coordinates": [ 376727.790579124644864, 2046531.902720903046429 ] } },
{ "type": "Feature", "properties": { "cell_id": "R081_C076", "row": 81, "col": 76, "x": 376757.79057912464, "y": 2046531.902720903, "cell_area_m2": 900.0, "runoff_coefficient": 0.85000002384185791, "surface_class": "road" }, "geometry": { "type": "Point", "coordinates": [ 376757.790579124644864, 2046531.902720903046429 ] } },
{ "type": "Feature", "properties": { "cell_id": "R081_C077", "row": 81, "col": 77, "x": 376787.79057912464, "y": 2046531.902720903, "cell_area_m2": 900.0, "runoff_coefficient": 0.85000002384185791, "surface_class": "road" }, "geometry": { "type": "Point", "coordinates": [ 376787.790579124644864, 2046531.902720903046429 ] } },
{ "type": "Feature", "properties": { "cell_id": "R081_C078", "row": 81, "col": 78, "x": 376817.79057912464, "y": 2046531.902720903, "cell_area_m2": 900.0, "runoff_coefficient": 0.85000002384185791, "surface_class": "road" }, "geometry": { "type": "Point", "coordinates": [ 376817.790579124644864, 2046531.902720903046429 ] } },
{ "type": "Feature", "properties": { "cell_id": "R081_C079", "row": 81, "col": 79, "x": 376847.79057912464, "y": 2046531.902720903, "cell_area_m2": 900.0, "runoff_coefficient": 0.85000002384185791, "surface_class": "road" }, "geometry": { "type": "Point", "coordinates": [ 376847.790579124644864, 2046531.902720903046429 ] } },
{ "type": "Feature", "properties": { "cell_id": "R081_C080", "row": 81, "col": 80, "x": 376877.79057912464, "y": 2046531.902720903, "cell_area_m2": 900.0, "runoff_coefficient": 0.85000002384185791, "surface_class": "road" }, "geometry": { "type": "Point", "coordinates": [ 376877.790579124644864, 2046531.902720903046429 ] } },
{ "type": "Feature", "properties": { "cell_id": "R081_C081", "row": 81, "col": 81, "x": 376907.79057912464, "y": 2046531.902720903, "cell_area_m2": 900.0, "runoff_coefficient": 0.85000002384185791, "surface_class": "road" }, "geometry": { "type": "Point", "coordinates": [ 376907.790579124644864, 2046531.902720903046429 ] } },
{ "type": "Feature", "properties": { "cell_id": "R081_C082", "row": 81, "col": 82, "x": 376937.79057912464, "y": 2046531.902720903, "cell_area_m2": 900.0, "runoff_coefficient": 0.75, "surface_class": "default_urban" }, "geometry": { "type": "Point", "coordinates": [ 376937.790579124644864, 2046531.902720903046429 ] } },
{ "type": "Feature", "properties": { "cell_id": "R081_C083", "row": 81, "col": 83, "x": 376967.79057912464, "y": 2046531.902720903, "cell_area_m2": 900.0, "runoff_coefficient": 0.89999997615814209, "surface_class": "building" }, "geometry": { "type": "Point", "coordinates": [ 376967.790579124644864, 2046531.902720903046429 ] } },
{ "type": "Feature", "properties": { "cell_id": "R081_C084", "row": 81, "col": 84, "x": 376997.79057912464, "y": 2046531.902720903, "cell_area_m2": 900.0, "runoff_coefficient": 0.85000002384185791, "surface_class": "road" }, "geometry": { "type": "Point", "coordinates": [ 376997.790579124644864, 2046531.902720903046429 ] } },
{ "type": "Feature", "properties": { "cell_id": "R081_C085", "row": 81, "col": 85, "x": 377027.79057912464, "y": 2046531.902720903, "cell_area_m2": 900.0, "runoff_coefficient": 0.75, "surface_class": "default_urban" }, "geometry": { "type": "Point", "coordinates": [ 377027.790579124644864, 2046531.902720903046429 ] } },
{ "type": "Feature", "properties": { "cell_id": "R081_C086", "row": 81, "col": 86, "x": 377057.79057912464, "y": 2046531.902720903, "cell_area_m2": 900.0, "runoff_coefficient": 0.75, "surface_class": "default_urban" }, "geometry": { "type": "Point", "coordinates": [ 377057.790579124644864, 2046531.902720903046429 ] } },
{ "type": "Feature", "properties": { "cell_id": "R081_C087", "row": 81, "col": 87, "x": 377087.79057912464, "y": 2046531.902720903, "cell_area_m2": 900.0, "runoff_coefficient": 0.75, "surface_class": "default_urban" }, "geometry": { "type": "Point", "coordinates": [ 377087.790579124644864, 2046531.902720903046429 ] } },
{ "type": "Feature", "properties": { "cell_id": "R081_C088", "row": 81, "col": 88, "x": 377117.79057912464, "y": 2046531.902720903, "cell_area_m2": 900.0, "runoff_coefficient": 0.75, "surface_class": "default_urban" }, "geometry": { "type": "Point", "coordinates": [ 377117.790579124644864, 2046531.902720903046429 ] } },
{ "type": "Feature", "properties": { "cell_id": "R081_C089", "row": 81, "col": 89, "x": 377147.79057912464, "y": 2046531.902720903, "cell_area_m2": 900.0, "runoff_coefficient": 0.75, "surface_class": "default_urban" }, "geometry": { "type": "Point", "coordinates": [ 377147.790579124644864, 2046531.902720903046429 ] } },
{ "type": "Feature", "properties": { "cell_id": "R081_C090", "row": 81, "col": 90, "x": 377177.79057912464, "y": 2046531.902720903, "cell_area_m2": 900.0, "runoff_coefficient": 0.75, "surface_class": "default_urban" }, "geometry": { "type": "Point", "coordinates": [ 377177.790579124644864, 2046531.902720903046429 ] } },
{ "type": "Feature", "properties": { "cell_id": "R081_C091", "row": 81, "col": 91, "x": 377207.79057912464, "y": 2046531.902720903, "cell_area_m2": 900.0, "runoff_coefficient": 0.75, "surface_class": "default_urban" }, "geometry": { "type": "Point", "coordinates": [ 377207.790579124644864, 2046531.902720903046429 ] } },
{ "type": "Feature", "properties": { "cell_id": "R081_C092", "row": 81, "col": 92, "x": 377237.79057912464, "y": 2046531.902720903, "cell_area_m2": 900.0, "runoff_coefficient": 0.75, "surface_class": "default_urban" }, "geometry": { "type": "Point", "coordinates": [ 377237.790579124644864, 2046531.902720903046429 ] } },
{ "type": "Feature", "properties": { "cell_id": "R081_C093", "row": 81, "col": 93, "x": 377267.79057912464, "y": 2046531.902720903, "cell_area_m2": 900.0, "runoff_coefficient": 0.30000001192092896, "surface_class": "green_open" }, "geometry": { "type": "Point", "coordinates": [ 377267.790579124644864, 2046531.902720903046429 ] } },
{ "type": "Feature", "properties": { "cell_id": "R081_C094", "row": 81, "col": 94, "x": 377297.79057912464, "y": 2046531.902720903, "cell_area_m2": 900.0, "runoff_coefficient": 0.75, "surface_class": "default_urban" }, "geometry": { "type": "Point", "coordinates": [ 377297.790579124644864, 2046531.902720903046429 ] } },
{ "type": "Feature", "properties": { "cell_id": "R081_C095", "row": 81, "col": 95, "x": 377327.79057912464, "y": 2046531.902720903, "cell_area_m2": 900.0, "runoff_coefficient": 0.75, "surface_class": "default_urban" }, "geometry": { "type": "Point", "coordinates": [ 377327.790579124644864, 2046531.902720903046429 ] } },
{ "type": "Feature", "properties": { "cell_id": "R081_C096", "row": 81, "col": 96, "x": 377357.79057912464, "y": 2046531.902720903, "cell_area_m2": 900.0, "runoff_coefficient": 0.85000002384185791, "surface_class": "road" }, "geometry": { "type": "Point", "coordinates": [ 377357.790579124644864, 2046531.902720903046429 ] } },
{ "type": "Feature", "properties": { "cell_id": "R081_C097", "row": 81, "col": 97, "x": 377387.79057912464, "y": 2046531.902720903, "cell_area_m2": 900.0, "runoff_coefficient": 0.85000002384185791, "surface_class": "road" }, "geometry": { "type": "Point", "coordinates": [ 377387.790579124644864, 2046531.902720903046429 ] } },
{ "type": "Feature", "properties": { "cell_id": "R081_C098", "row": 81, "col": 98, "x": 377417.79057912464, "y": 2046531.902720903, "cell_area_m2": 900.0, "runoff_coefficient": 0.75, "surface_class": "default_urban" }, "geometry": { "type": "Point", "coordinates": [ 377417.790579124644864, 2046531.902720903046429 ] } },
{ "type": "Feature", "properties": { "cell_id": "R081_C099", "row": 81, "col": 99, "x": 377447.79057912464, "y": 2046531.902720903, "cell_area_m2": 900.0, "runoff_coefficient": 0.85000002384185791, "surface_class": "road" }, "geometry": { "type": "Point", "coordinates": [ 377447.790579124644864, 2046531.902720903046429 ] } },
{ "type": "Feature", "properties": { "cell_id": "R081_C100", "row": 81, "col": 100, "x": 377477.79057912464, "y": 2046531.902720903, "cell_area_m2": 900.0, "runoff_coefficient": 0.89999997615814209, "surface_class": "building" }, "geometry": { "type": "Point", "coordinates": [ 377477.790579124644864, 2046531.902720903046429 ] } },
{ "type": "Feature", "properties": { "cell_id": "R081_C101", "row": 81, "col": 101, "x": 377507.79057912464, "y": 2046531.902720903, "cell_area_m2": 900.0, "runoff_coefficient": 0.89999997615814209, "surface_class": "building" }, "geometry": { "type": "Point", "coordinates": [ 377507.790579124644864, 2046531.902720903046429 ] } },
{ "type": "Feature", "properties": { "cell_id": "R081_C102", "row": 81, "col": 102, "x": 377537.79057912464, "y": 2046531.902720903, "cell_area_m2": 900.0, "runoff_coefficient": 0.89999997615814209, "surface_class": "building" }, "geometry": { "type": "Point", "coordinates": [ 377537.790579124644864, 2046531.902720903046429 ] } },
{ "type": "Feature", "properties": { "cell_id": "R081_C103", "row": 81, "col": 103, "x": 377567.79057912464, "y": 2046531.902720903, "cell_area_m2": 900.0, "runoff_coefficient": 0.89999997615814209, "surface_class": "building" }, "geometry": { "type": "Point", "coordinates": [ 377567.790579124644864, 2046531.902720903046429 ] } },
{ "type": "Feature", "properties": { "cell_id": "R081_C104", "row": 81, "col": 104, "x": 377597.79057912464, "y": 2046531.902720903, "cell_area_m2": 900.0, "runoff_coefficient": 0.89999997615814209, "surface_class": "building" }, "geometry": { "type": "Point", "coordinates": [ 377597.790579124644864, 2046531.902720903046429 ] } },
{ "type": "Feature", "properties": { "cell_id": "R081_C105", "row": 81, "col": 105, "x": 377627.79057912464, "y": 2046531.902720903, "cell_area_m2": 900.0, "runoff_coefficient": 0.89999997615814209, "surface_class": "building" }, "geometry": { "type": "Point", "coordinates": [ 377627.790579124644864, 2046531.902720903046429 ] } },
{ "type": "Feature", "properties": { "cell_id": "R081_C106", "row": 81, "col": 106, "x": 377657.79057912464, "y": 2046531.902720903, "cell_area_m2": 900.0, "runoff_coefficient": 0.85000002384185791, "surface_class": "road" }, "geometry": { "type": "Point", "coordinates": [ 377657.790579124644864, 2046531.902720903046429 ] } },
{ "type": "Feature", "properties": { "cell_id": "R081_C107", "row": 81, "col": 107, "x": 377687.79057912464, "y": 2046531.902720903, "cell_area_m2": 900.0, "runoff_coefficient": 0.89999997615814209, "surface_class": "building" }, "geometry": { "type": "Point", "coordinates": [ 377687.790579124644864, 2046531.902720903046429 ] } },
{ "type": "Feature", "properties": { "cell_id": "R081_C108", "row": 81, "col": 108, "x": 377717.79057912464, "y": 2046531.902720903, "cell_area_m2": 900.0, "runoff_coefficient": 0.85000002384185791, "surface_class": "road" }, "geometry": { "type": "Point", "coordinates": [ 377717.790579124644864, 2046531.902720903046429 ] } },
{ "type": "Feature", "properties": { "cell_id": "R081_C109", "row": 81, "col": 109, "x": 377747.79057912464, "y": 2046531.902720903, "cell_area_m2": 900.0, "runoff_coefficient": 0.85000002384185791, "surface_class": "road" }, "geometry": { "type": "Point", "coordinates": [ 377747.790579124644864, 2046531.902720903046429 ] } },
{ "type": "Feature", "properties": { "cell_id": "R081_C110", "row": 81, "col": 110, "x": 377777.79057912464, "y": 2046531.902720903, "cell_area_m2": 900.0, "runoff_coefficient": 0.89999997615814209, "surface_class": "building" }, "geometry": { "type": "Point", "coordinates": [ 377777.790579124644864, 2046531.902720903046429 ] } },
{ "type": "Feature", "properties": { "cell_id": "R081_C111", "row": 81, "col": 111, "x": 377807.79057912464, "y": 2046531.902720903, "cell_area_m2": 900.0, "runoff_coefficient": 0.85000002384185791, "surface_class": "road" }, "geometry": { "type": "Point", "coordinates": [ 377807.790579124644864, 2046531.902720903046429 ] } },
{ "type": "Feature", "properties": { "cell_id": "R081_C112", "row": 81, "col": 112, "x": 377837.79057912464, "y": 2046531.902720903, "cell_area_m2": 900.0, "runoff_coefficient": 0.75, "surface_class": "default_urban" }, "geometry": { "type": "Point", "coordinates": [ 377837.790579124644864, 2046531.902720903046429 ] } },
{ "type": "Feature", "properties": { "cell_id": "R081_C113", "row": 81, "col": 113, "x": 377867.79057912464, "y": 2046531.902720903, "cell_area_m2": 900.0, "runoff_coefficient": 0.85000002384185791, "surface_class": "road" }, "geometry": { "type": "Point", "coordinates": [ 377867.790579124644864, 2046531.902720903046429 ] } },
{ "type": "Feature", "properties": { "cell_id": "R081_C114", "row": 81, "col": 114, "x": 377897.79057912464, "y": 2046531.902720903, "cell_area_m2": 900.0, "runoff_coefficient": 0.85000002384185791, "surface_class": "road" }, "geometry": { "type": "Point", "coordinates": [ 377897.790579124644864, 2046531.902720903046429 ] } },
{ "type": "Feature", "properties": { "cell_id": "R081_C115", "row": 81, "col": 115, "x": 377927.79057912464, "y": 2046531.902720903, "cell_area_m2": 900.0, "runoff_coefficient": 0.85000002384185791, "surface_class": "road" }, "geometry": { "type": "Point", "coordinates": [ 377927.790579124644864, 2046531.902720903046429 ] } },
{ "type": "Feature", "properties": { "cell_id": "R081_C116", "row": 81, "col": 116, "x": 377957.79057912464, "y": 2046531.902720903, "cell_area_m2": 900.0, "runoff_coefficient": 0.85000002384185791, "surface_class": "road" }, "geometry": { "type": "Point", "coordinates": [ 377957.790579124644864, 2046531.902720903046429 ] } },
{ "type": "Feature", "properties": { "cell_id": "R081_C117", "row": 81, "col": 117, "x": 377987.79057912464, "y": 2046531.902720903, "cell_area_m2": 900.0, "runoff_coefficient": 0.85000002384185791, "surface_class": "road" }, "geometry": { "type": "Point", "coordinates": [ 377987.790579124644864, 2046531.902720903046429 ] } },
{ "type": "Feature", "properties": { "cell_id": "R081_C118", "row": 81, "col": 118, "x": 378017.79057912464, "y": 2046531.902720903, "cell_area_m2": 900.0, "runoff_coefficient": 0.75, "surface_class": "default_urban" }, "geometry": { "type": "Point", "coordinates": [ 378017.790579124644864, 2046531.902720903046429 ] } },
{ "type": "Feature", "properties": { "cell_id": "R081_C119", "row": 81, "col": 119, "x": 378047.79057912464, "y": 2046531.902720903, "cell_area_m2": 900.0, "runoff_coefficient": 0.85000002384185791, "surface_class": "road" }, "geometry": { "type": "Point", "coordinates": [ 378047.790579124644864, 2046531.902720903046429 ] } },
{ "type": "Feature", "properties": { "cell_id": "R081_C120", "row": 81, "col": 120, "x": 378077.79057912464, "y": 2046531.902720903, "cell_area_m2": 900.0, "runoff_coefficient": 0.85000002384185791, "surface_class": "road" }, "geometry": { "type": "Point", "coordinates": [ 378077.790579124644864, 2046531.902720903046429 ] } },
{ "type": "Feature", "properties": { "cell_id": "R081_C121", "row": 81, "col": 121, "x": 378107.79057912464, "y": 2046531.902720903, "cell_area_m2": 900.0, "runoff_coefficient": 0.89999997615814209, "surface_class": "building" }, "geometry": { "type": "Point", "coordinates": [ 378107.790579124644864, 2046531.902720903046429 ] } },
{ "type": "Feature", "properties": { "cell_id": "R081_C122", "row": 81, "col": 122, "x": 378137.79057912464, "y": 2046531.902720903, "cell_area_m2": 900.0, "runoff_coefficient": 0.85000002384185791, "surface_class": "road" }, "geometry": { "type": "Point", "coordinates": [ 378137.790579124644864, 2046531.902720903046429 ] } },
{ "type": "Feature", "properties": { "cell_id": "R081_C123", "row": 81, "col": 123, "x": 378167.79057912464, "y": 2046531.902720903, "cell_area_m2": 900.0, "runoff_coefficient": 0.89999997615814209, "surface_class": "building" }, "geometry": { "type": "Point", "coordinates": [ 378167.790579124644864, 2046531.902720903046429 ] } },
{ "type": "Feature", "properties": { "cell_id": "R081_C124", "row": 81, "col": 124, "x": 378197.79057912464, "y": 2046531.902720903, "cell_area_m2": 900.0, "runoff_coefficient": 0.85000002384185791, "surface_class": "road" }, "geometry": { "type": "Point", "coordinates": [ 378197.790579124644864, 2046531.902720903046429 ] } },
{ "type": "Feature", "properties": { "cell_id": "R081_C125", "row": 81, "col": 125, "x": 378227.79057912464, "y": 2046531.902720903, "cell_area_m2": 900.0, "runoff_coefficient": 0.85000002384185791, "surface_class": "road" }, "geometry": { "type": "Point", "coordinates": [ 378227.790579124644864, 2046531.902720903046429 ] } },
{ "type": "Feature", "properties": { "cell_id": "R081_C126", "row": 81, "col": 126, "x": 378257.79057912464, "y": 2046531.902720903, "cell_area_m2": 900.0, "runoff_coefficient": 0.85000002384185791, "surface_class": "road" }, "geometry": { "type": "Point", "coordinates": [ 378257.790579124644864, 2046531.902720903046429 ] } },
{ "type": "Feature", "properties": { "cell_id": "R081_C127", "row": 81, "col": 127, "x": 378287.79057912464, "y": 2046531.902720903, "cell_area_m2": 900.0, "runoff_coefficient": 0.85000002384185791, "surface_class": "road" }, "geometry": { "type": "Point", "coordinates": [ 378287.790579124644864, 2046531.902720903046429 ] } },
{ "type": "Feature", "properties": { "cell_id": "R081_C128", "row": 81, "col": 128, "x": 378317.79057912464, "y": 2046531.902720903, "cell_area_m2": 900.0, "runoff_coefficient": 0.75, "surface_class": "default_urban" }, "geometry": { "type": "Point", "coordinates": [ 378317.790579124644864, 2046531.902720903046429 ] } },
{ "type": "Feature", "properties": { "cell_id": "R081_C129", "row": 81, "col": 129, "x": 378347.79057912464, "y": 2046531.902720903, "cell_area_m2": 900.0, "runoff_coefficient": 0.75, "surface_class": "default_urban" }, "geometry": { "type": "Point", "coordinates": [ 378347.790579124644864, 2046531.902720903046429 ] } },
{ "type": "Feature", "properties": { "cell_id": "R081_C130", "row": 81, "col": 130, "x": 378377.79057912464, "y": 2046531.902720903, "cell_area_m2": 900.0, "runoff_coefficient": 0.75, "surface_class": "default_urban" }, "geometry": { "type": "Point", "coordinates": [ 378377.790579124644864, 2046531.902720903046429 ] } },
{ "type": "Feature", "properties": { "cell_id": "R081_C131", "row": 81, "col": 131, "x": 378407.79057912464, "y": 2046531.902720903, "cell_area_m2": 900.0, "runoff_coefficient": 0.75, "surface_class": "default_urban" }, "geometry": { "type": "Point", "coordinates": [ 378407.790579124644864, 2046531.902720903046429 ] } },
{ "type": "Feature", "properties": { "cell_id": "R081_C132", "row": 81, "col": 132, "x": 378437.79057912464, "y": 2046531.902720903, "cell_area_m2": 900.0, "runoff_coefficient": 0.75, "surface_class": "default_urban" }, "geometry": { "type": "Point", "coordinates": [ 378437.790579124644864, 2046531.902720903046429 ] } },
{ "type": "Feature", "properties": { "cell_id": "R081_C133", "row": 81, "col": 133, "x": 378467.79057912464, "y": 2046531.902720903, "cell_area_m2": 900.0, "runoff_coefficient": 0.75, "surface_class": "default_urban" }, "geometry": { "type": "Point", "coordinates": [ 378467.790579124644864, 2046531.902720903046429 ] } },
{ "type": "Feature", "properties": { "cell_id": "R081_C134", "row": 81, "col": 134, "x": 378497.79057912464, "y": 2046531.902720903, "cell_area_m2": 900.0, "runoff_coefficient": 0.75, "surface_class": "default_urban" }, "geometry": { "type": "Point", "coordinates": [ 378497.790579124644864, 2046531.902720903046429 ] } },
{ "type": "Feature", "properties": { "cell_id": "R082_C068", "row": 82, "col": 68, "x": 376517.79057912464, "y": 2046501.902720903, "cell_area_m2": 900.0, "runoff_coefficient": 0.85000002384185791, "surface_class": "road" }, "geometry": { "type": "Point", "coordinates": [ 376517.790579124644864, 2046501.902720903046429 ] } },
{ "type": "Feature", "properties": { "cell_id": "R082_C069", "row": 82, "col": 69, "x": 376547.79057912464, "y": 2046501.902720903, "cell_area_m2": 900.0, "runoff_coefficient": 0.85000002384185791, "surface_class": "road" }, "geometry": { "type": "Point", "coordinates": [ 376547.790579124644864, 2046501.902720903046429 ] } },
{ "type": "Feature", "properties": { "cell_id": "R082_C070", "row": 82, "col": 70, "x": 376577.79057912464, "y": 2046501.902720903, "cell_area_m2": 900.0, "runoff_coefficient": 0.85000002384185791, "surface_class": "road" }, "geometry": { "type": "Point", "coordinates": [ 376577.790579124644864, 2046501.902720903046429 ] } },
{ "type": "Feature", "properties": { "cell_id": "R082_C071", "row": 82, "col": 71, "x": 376607.79057912464, "y": 2046501.902720903, "cell_area_m2": 900.0, "runoff_coefficient": 0.85000002384185791, "surface_class": "road" }, "geometry": { "type": "Point", "coordinates": [ 376607.790579124644864, 2046501.902720903046429 ] } },
{ "type": "Feature", "properties": { "cell_id": "R082_C072", "row": 82, "col": 72, "x": 376637.79057912464, "y": 2046501.902720903, "cell_area_m2": 900.0, "runoff_coefficient": 0.85000002384185791, "surface_class": "road" }, "geometry": { "type": "Point", "coordinates": [ 376637.790579124644864, 2046501.902720903046429 ] } },
{ "type": "Feature", "properties": { "cell_id": "R082_C073", "row": 82, "col": 73, "x": 376667.79057912464, "y": 2046501.902720903, "cell_area_m2": 900.0, "runoff_coefficient": 0.85000002384185791, "surface_class": "road" }, "geometry": { "type": "Point", "coordinates": [ 376667.790579124644864, 2046501.902720903046429 ] } },
{ "type": "Feature", "properties": { "cell_id": "R082_C074", "row": 82, "col": 74, "x": 376697.79057912464, "y": 2046501.902720903, "cell_area_m2": 900.0, "runoff_coefficient": 0.85000002384185791, "surface_class": "road" }, "geometry": { "type": "Point", "coordinates": [ 376697.790579124644864, 2046501.902720903046429 ] } },
{ "type": "Feature", "properties": { "cell_id": "R082_C075", "row": 82, "col": 75, "x": 376727.79057912464, "y": 2046501.902720903, "cell_area_m2": 900.0, "runoff_coefficient": 0.85000002384185791, "surface_class": "road" }, "geometry": { "type": "Point", "coordinates": [ 376727.790579124644864, 2046501.902720903046429 ] } },
{ "type": "Feature", "properties": { "cell_id": "R082_C076", "row": 82, "col": 76, "x": 376757.79057912464, "y": 2046501.902720903, "cell_area_m2": 900.0, "runoff_coefficient": 0.85000002384185791, "surface_class": "road" }, "geometry": { "type": "Point", "coordinates": [ 376757.790579124644864, 2046501.902720903046429 ] } },
{ "type": "Feature", "properties": { "cell_id": "R082_C077", "row": 82, "col": 77, "x": 376787.79057912464, "y": 2046501.902720903, "cell_area_m2": 900.0, "runoff_coefficient": 0.85000002384185791, "surface_class": "road" }, "geometry": { "type": "Point", "coordinates": [ 376787.790579124644864, 2046501.902720903046429 ] } },
{ "type": "Feature", "properties": { "cell_id": "R082_C078", "row": 82, "col": 78, "x": 376817.79057912464, "y": 2046501.902720903, "cell_area_m2": 900.0, "runoff_coefficient": 0.85000002384185791, "surface_class": "road" }, "geometry": { "type": "Point", "coordinates": [ 376817.790579124644864, 2046501.902720903046429 ] } },
{ "type": "Feature", "properties": { "cell_id": "R082_C079", "row": 82, "col": 79, "x": 376847.79057912464, "y": 2046501.902720903, "cell_area_m2": 900.0, "runoff_coefficient": 0.85000002384185791, "surface_class": "road" }, "geometry": { "type": "Point", "coordinates": [ 376847.790579124644864, 2046501.902720903046429 ] } },
{ "type": "Feature", "properties": { "cell_id": "R082_C080", "row": 82, "col": 80, "x": 376877.79057912464, "y": 2046501.902720903, "cell_area_m2": 900.0, "runoff_coefficient": 0.75, "surface_class": "default_urban" }, "geometry": { "type": "Point", "coordinates": [ 376877.790579124644864, 2046501.902720903046429 ] } },
{ "type": "Feature", "properties": { "cell_id": "R082_C081", "row": 82, "col": 81, "x": 376907.79057912464, "y": 2046501.902720903, "cell_area_m2": 900.0, "runoff_coefficient": 0.89999997615814209, "surface_class": "building" }, "geometry": { "type": "Point", "coordinates": [ 376907.790579124644864, 2046501.902720903046429 ] } },
{ "type": "Feature", "properties": { "cell_id": "R082_C082", "row": 82, "col": 82, "x": 376937.79057912464, "y": 2046501.902720903, "cell_area_m2": 900.0, "runoff_coefficient": 0.85000002384185791, "surface_class": "road" }, "geometry": { "type": "Point", "coordinates": [ 376937.790579124644864, 2046501.902720903046429 ] } },
{ "type": "Feature", "properties": { "cell_id": "R082_C083", "row": 82, "col": 83, "x": 376967.79057912464, "y": 2046501.902720903, "cell_area_m2": 900.0, "runoff_coefficient": 0.85000002384185791, "surface_class": "road" }, "geometry": { "type": "Point", "coordinates": [ 376967.790579124644864, 2046501.902720903046429 ] } },
{ "type": "Feature", "properties": { "cell_id": "R082_C084", "row": 82, "col": 84, "x": 376997.79057912464, "y": 2046501.902720903, "cell_area_m2": 900.0, "runoff_coefficient": 0.85000002384185791, "surface_class": "road" }, "geometry": { "type": "Point", "coordinates": [ 376997.790579124644864, 2046501.902720903046429 ] } },
{ "type": "Feature", "properties": { "cell_id": "R082_C085", "row": 82, "col": 85, "x": 377027.79057912464, "y": 2046501.902720903, "cell_area_m2": 900.0, "runoff_coefficient": 0.85000002384185791, "surface_class": "road" }, "geometry": { "type": "Point", "coordinates": [ 377027.790579124644864, 2046501.902720903046429 ] } },
{ "type": "Feature", "properties": { "cell_id": "R082_C086", "row": 82, "col": 86, "x": 377057.79057912464, "y": 2046501.902720903, "cell_area_m2": 900.0, "runoff_coefficient": 0.85000002384185791, "surface_class": "road" }, "geometry": { "type": "Point", "coordinates": [ 377057.790579124644864, 2046501.902720903046429 ] } },
{ "type": "Feature", "properties": { "cell_id": "R082_C087", "row": 82, "col": 87, "x": 377087.79057912464, "y": 2046501.902720903, "cell_area_m2": 900.0, "runoff_coefficient": 0.75, "surface_class": "default_urban" }, "geometry": { "type": "Point", "coordinates": [ 377087.790579124644864, 2046501.902720903046429 ] } },
{ "type": "Feature", "properties": { "cell_id": "R082_C088", "row": 82, "col": 88, "x": 377117.79057912464, "y": 2046501.902720903, "cell_area_m2": 900.0, "runoff_coefficient": 0.75, "surface_class": "default_urban" }, "geometry": { "type": "Point", "coordinates": [ 377117.790579124644864, 2046501.902720903046429 ] } },
{ "type": "Feature", "properties": { "cell_id": "R082_C089", "row": 82, "col": 89, "x": 377147.79057912464, "y": 2046501.902720903, "cell_area_m2": 900.0, "runoff_coefficient": 0.75, "surface_class": "default_urban" }, "geometry": { "type": "Point", "coordinates": [ 377147.790579124644864, 2046501.902720903046429 ] } },
{ "type": "Feature", "properties": { "cell_id": "R082_C090", "row": 82, "col": 90, "x": 377177.79057912464, "y": 2046501.902720903, "cell_area_m2": 900.0, "runoff_coefficient": 0.75, "surface_class": "default_urban" }, "geometry": { "type": "Point", "coordinates": [ 377177.790579124644864, 2046501.902720903046429 ] } },
{ "type": "Feature", "properties": { "cell_id": "R082_C091", "row": 82, "col": 91, "x": 377207.79057912464, "y": 2046501.902720903, "cell_area_m2": 900.0, "runoff_coefficient": 0.75, "surface_class": "default_urban" }, "geometry": { "type": "Point", "coordinates": [ 377207.790579124644864, 2046501.902720903046429 ] } },
{ "type": "Feature", "properties": { "cell_id": "R082_C092", "row": 82, "col": 92, "x": 377237.79057912464, "y": 2046501.902720903, "cell_area_m2": 900.0, "runoff_coefficient": 0.30000001192092896, "surface_class": "green_open" }, "geometry": { "type": "Point", "coordinates": [ 377237.790579124644864, 2046501.902720903046429 ] } },
{ "type": "Feature", "properties": { "cell_id": "R082_C093", "row": 82, "col": 93, "x": 377267.79057912464, "y": 2046501.902720903, "cell_area_m2": 900.0, "runoff_coefficient": 0.85000002384185791, "surface_class": "road" }, "geometry": { "type": "Point", "coordinates": [ 377267.790579124644864, 2046501.902720903046429 ] } },
{ "type": "Feature", "properties": { "cell_id": "R082_C094", "row": 82, "col": 94, "x": 377297.79057912464, "y": 2046501.902720903, "cell_area_m2": 900.0, "runoff_coefficient": 0.89999997615814209, "surface_class": "building" }, "geometry": { "type": "Point", "coordinates": [ 377297.790579124644864, 2046501.902720903046429 ] } },
{ "type": "Feature", "properties": { "cell_id": "R082_C095", "row": 82, "col": 95, "x": 377327.79057912464, "y": 2046501.902720903, "cell_area_m2": 900.0, "runoff_coefficient": 0.85000002384185791, "surface_class": "road" }, "geometry": { "type": "Point", "coordinates": [ 377327.790579124644864, 2046501.902720903046429 ] } },
{ "type": "Feature", "properties": { "cell_id": "R082_C096", "row": 82, "col": 96, "x": 377357.79057912464, "y": 2046501.902720903, "cell_area_m2": 900.0, "runoff_coefficient": 0.85000002384185791, "surface_class": "road" }, "geometry": { "type": "Point", "coordinates": [ 377357.790579124644864, 2046501.902720903046429 ] } },
{ "type": "Feature", "properties": { "cell_id": "R082_C097", "row": 82, "col": 97, "x": 377387.79057912464, "y": 2046501.902720903, "cell_area_m2": 900.0, "runoff_coefficient": 0.85000002384185791, "surface_class": "road" }, "geometry": { "type": "Point", "coordinates": [ 377387.790579124644864, 2046501.902720903046429 ] } },
{ "type": "Feature", "properties": { "cell_id": "R082_C098", "row": 82, "col": 98, "x": 377417.79057912464, "y": 2046501.902720903, "cell_area_m2": 900.0, "runoff_coefficient": 0.75, "surface_class": "default_urban" }, "geometry": { "type": "Point", "coordinates": [ 377417.790579124644864, 2046501.902720903046429 ] } },
{ "type": "Feature", "properties": { "cell_id": "R082_C099", "row": 82, "col": 99, "x": 377447.79057912464, "y": 2046501.902720903, "cell_area_m2": 900.0, "runoff_coefficient": 0.30000001192092896, "surface_class": "green_open" }, "geometry": { "type": "Point", "coordinates": [ 377447.790579124644864, 2046501.902720903046429 ] } },
{ "type": "Feature", "properties": { "cell_id": "R082_C100", "row": 82, "col": 100, "x": 377477.79057912464, "y": 2046501.902720903, "cell_area_m2": 900.0, "runoff_coefficient": 0.89999997615814209, "surface_class": "building" }, "geometry": { "type": "Point", "coordinates": [ 377477.790579124644864, 2046501.902720903046429 ] } },
{ "type": "Feature", "properties": { "cell_id": "R082_C101", "row": 82, "col": 101, "x": 377507.79057912464, "y": 2046501.902720903, "cell_area_m2": 900.0, "runoff_coefficient": 0.89999997615814209, "surface_class": "building" }, "geometry": { "type": "Point", "coordinates": [ 377507.790579124644864, 2046501.902720903046429 ] } },
{ "type": "Feature", "properties": { "cell_id": "R082_C102", "row": 82, "col": 102, "x": 377537.79057912464, "y": 2046501.902720903, "cell_area_m2": 900.0, "runoff_coefficient": 0.89999997615814209, "surface_class": "building" }, "geometry": { "type": "Point", "coordinates": [ 377537.790579124644864, 2046501.902720903046429 ] } },
{ "type": "Feature", "properties": { "cell_id": "R082_C103", "row": 82, "col": 103, "x": 377567.79057912464, "y": 2046501.902720903, "cell_area_m2": 900.0, "runoff_coefficient": 0.89999997615814209, "surface_class": "building" }, "geometry": { "type": "Point", "coordinates": [ 377567.790579124644864, 2046501.902720903046429 ] } },
{ "type": "Feature", "properties": { "cell_id": "R082_C104", "row": 82, "col": 104, "x": 377597.79057912464, "y": 2046501.902720903, "cell_area_m2": 900.0, "runoff_coefficient": 0.89999997615814209, "surface_class": "building" }, "geometry": { "type": "Point", "coordinates": [ 377597.790579124644864, 2046501.902720903046429 ] } },
{ "type": "Feature", "properties": { "cell_id": "R082_C105", "row": 82, "col": 105, "x": 377627.79057912464, "y": 2046501.902720903, "cell_area_m2": 900.0, "runoff_coefficient": 0.89999997615814209, "surface_class": "building" }, "geometry": { "type": "Point", "coordinates": [ 377627.790579124644864, 2046501.902720903046429 ] } },
{ "type": "Feature", "properties": { "cell_id": "R082_C106", "row": 82, "col": 106, "x": 377657.79057912464, "y": 2046501.902720903, "cell_area_m2": 900.0, "runoff_coefficient": 0.89999997615814209, "surface_class": "building" }, "geometry": { "type": "Point", "coordinates": [ 377657.790579124644864, 2046501.902720903046429 ] } },
{ "type": "Feature", "properties": { "cell_id": "R082_C107", "row": 82, "col": 107, "x": 377687.79057912464, "y": 2046501.902720903, "cell_area_m2": 900.0, "runoff_coefficient": 0.89999997615814209, "surface_class": "building" }, "geometry": { "type": "Point", "coordinates": [ 377687.790579124644864, 2046501.902720903046429 ] } },
{ "type": "Feature", "properties": { "cell_id": "R082_C108", "row": 82, "col": 108, "x": 377717.79057912464, "y": 2046501.902720903, "cell_area_m2": 900.0, "runoff_coefficient": 0.89999997615814209, "surface_class": "building" }, "geometry": { "type": "Point", "coordinates": [ 377717.790579124644864, 2046501.902720903046429 ] } },
{ "type": "Feature", "properties": { "cell_id": "R082_C109", "row": 82, "col": 109, "x": 377747.79057912464, "y": 2046501.902720903, "cell_area_m2": 900.0, "runoff_coefficient": 0.85000002384185791, "surface_class": "road" }, "geometry": { "type": "Point", "coordinates": [ 377747.790579124644864, 2046501.902720903046429 ] } },
{ "type": "Feature", "properties": { "cell_id": "R082_C110", "row": 82, "col": 110, "x": 377777.79057912464, "y": 2046501.902720903, "cell_area_m2": 900.0, "runoff_coefficient": 0.89999997615814209, "surface_class": "building" }, "geometry": { "type": "Point", "coordinates": [ 377777.790579124644864, 2046501.902720903046429 ] } },
{ "type": "Feature", "properties": { "cell_id": "R082_C111", "row": 82, "col": 111, "x": 377807.79057912464, "y": 2046501.902720903, "cell_area_m2": 900.0, "runoff_coefficient": 0.85000002384185791, "surface_class": "road" }, "geometry": { "type": "Point", "coordinates": [ 377807.790579124644864, 2046501.902720903046429 ] } },
{ "type": "Feature", "properties": { "cell_id": "R082_C112", "row": 82, "col": 112, "x": 377837.79057912464, "y": 2046501.902720903, "cell_area_m2": 900.0, "runoff_coefficient": 0.89999997615814209, "surface_class": "building" }, "geometry": { "type": "Point", "coordinates": [ 377837.790579124644864, 2046501.902720903046429 ] } },
{ "type": "Feature", "properties": { "cell_id": "R082_C113", "row": 82, "col": 113, "x": 377867.79057912464, "y": 2046501.902720903, "cell_area_m2": 900.0, "runoff_coefficient": 0.85000002384185791, "surface_class": "road" }, "geometry": { "type": "Point", "coordinates": [ 377867.790579124644864, 2046501.902720903046429 ] } },
{ "type": "Feature", "properties": { "cell_id": "R082_C114", "row": 82, "col": 114, "x": 377897.79057912464, "y": 2046501.902720903, "cell_area_m2": 900.0, "runoff_coefficient": 0.85000002384185791, "surface_class": "road" }, "geometry": { "type": "Point", "coordinates": [ 377897.790579124644864, 2046501.902720903046429 ] } },
{ "type": "Feature", "properties": { "cell_id": "R082_C115", "row": 82, "col": 115, "x": 377927.79057912464, "y": 2046501.902720903, "cell_area_m2": 900.0, "runoff_coefficient": 0.75, "surface_class": "default_urban" }, "geometry": { "type": "Point", "coordinates": [ 377927.790579124644864, 2046501.902720903046429 ] } },
{ "type": "Feature", "properties": { "cell_id": "R082_C116", "row": 82, "col": 116, "x": 377957.79057912464, "y": 2046501.902720903, "cell_area_m2": 900.0, "runoff_coefficient": 0.75, "surface_class": "default_urban" }, "geometry": { "type": "Point", "coordinates": [ 377957.790579124644864, 2046501.902720903046429 ] } },
{ "type": "Feature", "properties": { "cell_id": "R082_C117", "row": 82, "col": 117, "x": 377987.79057912464, "y": 2046501.902720903, "cell_area_m2": 900.0, "runoff_coefficient": 0.85000002384185791, "surface_class": "road" }, "geometry": { "type": "Point", "coordinates": [ 377987.790579124644864, 2046501.902720903046429 ] } },
{ "type": "Feature", "properties": { "cell_id": "R082_C118", "row": 82, "col": 118, "x": 378017.79057912464, "y": 2046501.902720903, "cell_area_m2": 900.0, "runoff_coefficient": 0.89999997615814209, "surface_class": "building" }, "geometry": { "type": "Point", "coordinates": [ 378017.790579124644864, 2046501.902720903046429 ] } },
{ "type": "Feature", "properties": { "cell_id": "R082_C119", "row": 82, "col": 119, "x": 378047.79057912464, "y": 2046501.902720903, "cell_area_m2": 900.0, "runoff_coefficient": 0.85000002384185791, "surface_class": "road" }, "geometry": { "type": "Point", "coordinates": [ 378047.790579124644864, 2046501.902720903046429 ] } },
{ "type": "Feature", "properties": { "cell_id": "R082_C120", "row": 82, "col": 120, "x": 378077.79057912464, "y": 2046501.902720903, "cell_area_m2": 900.0, "runoff_coefficient": 0.89999997615814209, "surface_class": "building" }, "geometry": { "type": "Point", "coordinates": [ 378077.790579124644864, 2046501.902720903046429 ] } },
{ "type": "Feature", "properties": { "cell_id": "R082_C121", "row": 82, "col": 121, "x": 378107.79057912464, "y": 2046501.902720903, "cell_area_m2": 900.0, "runoff_coefficient": 0.85000002384185791, "surface_class": "road" }, "geometry": { "type": "Point", "coordinates": [ 378107.790579124644864, 2046501.902720903046429 ] } },
{ "type": "Feature", "properties": { "cell_id": "R082_C122", "row": 82, "col": 122, "x": 378137.79057912464, "y": 2046501.902720903, "cell_area_m2": 900.0, "runoff_coefficient": 0.89999997615814209, "surface_class": "building" }, "geometry": { "type": "Point", "coordinates": [ 378137.790579124644864, 2046501.902720903046429 ] } },
{ "type": "Feature", "properties": { "cell_id": "R082_C123", "row": 82, "col": 123, "x": 378167.79057912464, "y": 2046501.902720903, "cell_area_m2": 900.0, "runoff_coefficient": 0.85000002384185791, "surface_class": "road" }, "geometry": { "type": "Point", "coordinates": [ 378167.790579124644864, 2046501.902720903046429 ] } },
{ "type": "Feature", "properties": { "cell_id": "R082_C124", "row": 82, "col": 124, "x": 378197.79057912464, "y": 2046501.902720903, "cell_area_m2": 900.0, "runoff_coefficient": 0.30000001192092896, "surface_class": "green_open" }, "geometry": { "type": "Point", "coordinates": [ 378197.790579124644864, 2046501.902720903046429 ] } },
{ "type": "Feature", "properties": { "cell_id": "R082_C125", "row": 82, "col": 125, "x": 378227.79057912464, "y": 2046501.902720903, "cell_area_m2": 900.0, "runoff_coefficient": 0.85000002384185791, "surface_class": "road" }, "geometry": { "type": "Point", "coordinates": [ 378227.790579124644864, 2046501.902720903046429 ] } },
{ "type": "Feature", "properties": { "cell_id": "R082_C126", "row": 82, "col": 126, "x": 378257.79057912464, "y": 2046501.902720903, "cell_area_m2": 900.0, "runoff_coefficient": 0.75, "surface_class": "default_urban" }, "geometry": { "type": "Point", "coordinates": [ 378257.790579124644864, 2046501.902720903046429 ] } },
{ "type": "Feature", "properties": { "cell_id": "R082_C127", "row": 82, "col": 127, "x": 378287.79057912464, "y": 2046501.902720903, "cell_area_m2": 900.0, "runoff_coefficient": 0.85000002384185791, "surface_class": "road" }, "geometry": { "type": "Point", "coordinates": [ 378287.790579124644864, 2046501.902720903046429 ] } },
{ "type": "Feature", "properties": { "cell_id": "R082_C128", "row": 82, "col": 128, "x": 378317.79057912464, "y": 2046501.902720903, "cell_area_m2": 900.0, "runoff_coefficient": 0.89999997615814209, "surface_class": "building" }, "geometry": { "type": "Point", "coordinates": [ 378317.790579124644864, 2046501.902720903046429 ] } },
{ "type": "Feature", "properties": { "cell_id": "R082_C129", "row": 82, "col": 129, "x": 378347.79057912464, "y": 2046501.902720903, "cell_area_m2": 900.0, "runoff_coefficient": 0.75, "surface_class": "default_urban" }, "geometry": { "type": "Point", "coordinates": [ 378347.790579124644864, 2046501.902720903046429 ] } },
{ "type": "Feature", "properties": { "cell_id": "R082_C130", "row": 82, "col": 130, "x": 378377.79057912464, "y": 2046501.902720903, "cell_area_m2": 900.0, "runoff_coefficient": 0.75, "surface_class": "default_urban" }, "geometry": { "type": "Point", "coordinates": [ 378377.790579124644864, 2046501.902720903046429 ] } },
{ "type": "Feature", "properties": { "cell_id": "R082_C131", "row": 82, "col": 131, "x": 378407.79057912464, "y": 2046501.902720903, "cell_area_m2": 900.0, "runoff_coefficient": 0.75, "surface_class": "default_urban" }, "geometry": { "type": "Point", "coordinates": [ 378407.790579124644864, 2046501.902720903046429 ] } },
{ "type": "Feature", "properties": { "cell_id": "R082_C132", "row": 82, "col": 132, "x": 378437.79057912464, "y": 2046501.902720903, "cell_area_m2": 900.0, "runoff_coefficient": 0.75, "surface_class": "default_urban" }, "geometry": { "type": "Point", "coordinates": [ 378437.790579124644864, 2046501.902720903046429 ] } },
{ "type": "Feature", "properties": { "cell_id": "R082_C133", "row": 82, "col": 133, "x": 378467.79057912464, "y": 2046501.902720903, "cell_area_m2": 900.0, "runoff_coefficient": 0.75, "surface_class": "default_urban" }, "geometry": { "type": "Point", "coordinates": [ 378467.790579124644864, 2046501.902720903046429 ] } },
{ "type": "Feature", "properties": { "cell_id": "R082_C134", "row": 82, "col": 134, "x": 378497.79057912464, "y": 2046501.902720903, "cell_area_m2": 900.0, "runoff_coefficient": 0.75, "surface_class": "default_urban" }, "geometry": { "type": "Point", "coordinates": [ 378497.790579124644864, 2046501.902720903046429 ] } },
{ "type": "Feature", "properties": { "cell_id": "R082_C135", "row": 82, "col": 135, "x": 378527.79057912464, "y": 2046501.902720903, "cell_area_m2": 900.0, "runoff_coefficient": 0.75, "surface_class": "default_urban" }, "geometry": { "type": "Point", "coordinates": [ 378527.790579124644864, 2046501.902720903046429 ] } },
{ "type": "Feature", "properties": { "cell_id": "R083_C068", "row": 83, "col": 68, "x": 376517.79057912464, "y": 2046471.902720903, "cell_area_m2": 900.0, "runoff_coefficient": 0.89999997615814209, "surface_class": "building" }, "geometry": { "type": "Point", "coordinates": [ 376517.790579124644864, 2046471.902720903046429 ] } },
{ "type": "Feature", "properties": { "cell_id": "R083_C069", "row": 83, "col": 69, "x": 376547.79057912464, "y": 2046471.902720903, "cell_area_m2": 900.0, "runoff_coefficient": 0.75, "surface_class": "default_urban" }, "geometry": { "type": "Point", "coordinates": [ 376547.790579124644864, 2046471.902720903046429 ] } },
{ "type": "Feature", "properties": { "cell_id": "R083_C070", "row": 83, "col": 70, "x": 376577.79057912464, "y": 2046471.902720903, "cell_area_m2": 900.0, "runoff_coefficient": 0.89999997615814209, "surface_class": "building" }, "geometry": { "type": "Point", "coordinates": [ 376577.790579124644864, 2046471.902720903046429 ] } },
{ "type": "Feature", "properties": { "cell_id": "R083_C071", "row": 83, "col": 71, "x": 376607.79057912464, "y": 2046471.902720903, "cell_area_m2": 900.0, "runoff_coefficient": 0.75, "surface_class": "default_urban" }, "geometry": { "type": "Point", "coordinates": [ 376607.790579124644864, 2046471.902720903046429 ] } },
{ "type": "Feature", "properties": { "cell_id": "R083_C072", "row": 83, "col": 72, "x": 376637.79057912464, "y": 2046471.902720903, "cell_area_m2": 900.0, "runoff_coefficient": 0.89999997615814209, "surface_class": "building" }, "geometry": { "type": "Point", "coordinates": [ 376637.790579124644864, 2046471.902720903046429 ] } },
{ "type": "Feature", "properties": { "cell_id": "R083_C073", "row": 83, "col": 73, "x": 376667.79057912464, "y": 2046471.902720903, "cell_area_m2": 900.0, "runoff_coefficient": 0.85000002384185791, "surface_class": "road" }, "geometry": { "type": "Point", "coordinates": [ 376667.790579124644864, 2046471.902720903046429 ] } },
{ "type": "Feature", "properties": { "cell_id": "R083_C074", "row": 83, "col": 74, "x": 376697.79057912464, "y": 2046471.902720903, "cell_area_m2": 900.0, "runoff_coefficient": 0.85000002384185791, "surface_class": "road" }, "geometry": { "type": "Point", "coordinates": [ 376697.790579124644864, 2046471.902720903046429 ] } },
{ "type": "Feature", "properties": { "cell_id": "R083_C075", "row": 83, "col": 75, "x": 376727.79057912464, "y": 2046471.902720903, "cell_area_m2": 900.0, "runoff_coefficient": 0.89999997615814209, "surface_class": "building" }, "geometry": { "type": "Point", "coordinates": [ 376727.790579124644864, 2046471.902720903046429 ] } },
{ "type": "Feature", "properties": { "cell_id": "R083_C076", "row": 83, "col": 76, "x": 376757.79057912464, "y": 2046471.902720903, "cell_area_m2": 900.0, "runoff_coefficient": 0.75, "surface_class": "default_urban" }, "geometry": { "type": "Point", "coordinates": [ 376757.790579124644864, 2046471.902720903046429 ] } },
{ "type": "Feature", "properties": { "cell_id": "R083_C077", "row": 83, "col": 77, "x": 376787.79057912464, "y": 2046471.902720903, "cell_area_m2": 900.0, "runoff_coefficient": 0.89999997615814209, "surface_class": "building" }, "geometry": { "type": "Point", "coordinates": [ 376787.790579124644864, 2046471.902720903046429 ] } },
{ "type": "Feature", "properties": { "cell_id": "R083_C078", "row": 83, "col": 78, "x": 376817.79057912464, "y": 2046471.902720903, "cell_area_m2": 900.0, "runoff_coefficient": 0.85000002384185791, "surface_class": "road" }, "geometry": { "type": "Point", "coordinates": [ 376817.790579124644864, 2046471.902720903046429 ] } },
{ "type": "Feature", "properties": { "cell_id": "R083_C079", "row": 83, "col": 79, "x": 376847.79057912464, "y": 2046471.902720903, "cell_area_m2": 900.0, "runoff_coefficient": 0.85000002384185791, "surface_class": "road" }, "geometry": { "type": "Point", "coordinates": [ 376847.790579124644864, 2046471.902720903046429 ] } },
{ "type": "Feature", "properties": { "cell_id": "R083_C080", "row": 83, "col": 80, "x": 376877.79057912464, "y": 2046471.902720903, "cell_area_m2": 900.0, "runoff_coefficient": 0.85000002384185791, "surface_class": "road" }, "geometry": { "type": "Point", "coordinates": [ 376877.790579124644864, 2046471.902720903046429 ] } },
{ "type": "Feature", "properties": { "cell_id": "R083_C081", "row": 83, "col": 81, "x": 376907.79057912464, "y": 2046471.902720903, "cell_area_m2": 900.0, "runoff_coefficient": 0.85000002384185791, "surface_class": "road" }, "geometry": { "type": "Point", "coordinates": [ 376907.790579124644864, 2046471.902720903046429 ] } },
{ "type": "Feature", "properties": { "cell_id": "R083_C082", "row": 83, "col": 82, "x": 376937.79057912464, "y": 2046471.902720903, "cell_area_m2": 900.0, "runoff_coefficient": 0.89999997615814209, "surface_class": "building" }, "geometry": { "type": "Point", "coordinates": [ 376937.790579124644864, 2046471.902720903046429 ] } },
{ "type": "Feature", "properties": { "cell_id": "R083_C083", "row": 83, "col": 83, "x": 376967.79057912464, "y": 2046471.902720903, "cell_area_m2": 900.0, "runoff_coefficient": 0.85000002384185791, "surface_class": "road" }, "geometry": { "type": "Point", "coordinates": [ 376967.790579124644864, 2046471.902720903046429 ] } },
{ "type": "Feature", "properties": { "cell_id": "R083_C084", "row": 83, "col": 84, "x": 376997.79057912464, "y": 2046471.902720903, "cell_area_m2": 900.0, "runoff_coefficient": 0.85000002384185791, "surface_class": "road" }, "geometry": { "type": "Point", "coordinates": [ 376997.790579124644864, 2046471.902720903046429 ] } },
{ "type": "Feature", "properties": { "cell_id": "R083_C085", "row": 83, "col": 85, "x": 377027.79057912464, "y": 2046471.902720903, "cell_area_m2": 900.0, "runoff_coefficient": 0.85000002384185791, "surface_class": "road" }, "geometry": { "type": "Point", "coordinates": [ 377027.790579124644864, 2046471.902720903046429 ] } },
{ "type": "Feature", "properties": { "cell_id": "R083_C086", "row": 83, "col": 86, "x": 377057.79057912464, "y": 2046471.902720903, "cell_area_m2": 900.0, "runoff_coefficient": 0.75, "surface_class": "default_urban" }, "geometry": { "type": "Point", "coordinates": [ 377057.790579124644864, 2046471.902720903046429 ] } },
{ "type": "Feature", "properties": { "cell_id": "R083_C087", "row": 83, "col": 87, "x": 377087.79057912464, "y": 2046471.902720903, "cell_area_m2": 900.0, "runoff_coefficient": 0.75, "surface_class": "default_urban" }, "geometry": { "type": "Point", "coordinates": [ 377087.790579124644864, 2046471.902720903046429 ] } },
{ "type": "Feature", "properties": { "cell_id": "R083_C088", "row": 83, "col": 88, "x": 377117.79057912464, "y": 2046471.902720903, "cell_area_m2": 900.0, "runoff_coefficient": 0.75, "surface_class": "default_urban" }, "geometry": { "type": "Point", "coordinates": [ 377117.790579124644864, 2046471.902720903046429 ] } },
{ "type": "Feature", "properties": { "cell_id": "R083_C089", "row": 83, "col": 89, "x": 377147.79057912464, "y": 2046471.902720903, "cell_area_m2": 900.0, "runoff_coefficient": 0.75, "surface_class": "default_urban" }, "geometry": { "type": "Point", "coordinates": [ 377147.790579124644864, 2046471.902720903046429 ] } },
{ "type": "Feature", "properties": { "cell_id": "R083_C090", "row": 83, "col": 90, "x": 377177.79057912464, "y": 2046471.902720903, "cell_area_m2": 900.0, "runoff_coefficient": 0.75, "surface_class": "default_urban" }, "geometry": { "type": "Point", "coordinates": [ 377177.790579124644864, 2046471.902720903046429 ] } },
{ "type": "Feature", "properties": { "cell_id": "R083_C091", "row": 83, "col": 91, "x": 377207.79057912464, "y": 2046471.902720903, "cell_area_m2": 900.0, "runoff_coefficient": 0.75, "surface_class": "default_urban" }, "geometry": { "type": "Point", "coordinates": [ 377207.790579124644864, 2046471.902720903046429 ] } },
{ "type": "Feature", "properties": { "cell_id": "R083_C092", "row": 83, "col": 92, "x": 377237.79057912464, "y": 2046471.902720903, "cell_area_m2": 900.0, "runoff_coefficient": 0.30000001192092896, "surface_class": "green_open" }, "geometry": { "type": "Point", "coordinates": [ 377237.790579124644864, 2046471.902720903046429 ] } },
{ "type": "Feature", "properties": { "cell_id": "R083_C093", "row": 83, "col": 93, "x": 377267.79057912464, "y": 2046471.902720903, "cell_area_m2": 900.0, "runoff_coefficient": 0.85000002384185791, "surface_class": "road" }, "geometry": { "type": "Point", "coordinates": [ 377267.790579124644864, 2046471.902720903046429 ] } },
{ "type": "Feature", "properties": { "cell_id": "R083_C094", "row": 83, "col": 94, "x": 377297.79057912464, "y": 2046471.902720903, "cell_area_m2": 900.0, "runoff_coefficient": 0.89999997615814209, "surface_class": "building" }, "geometry": { "type": "Point", "coordinates": [ 377297.790579124644864, 2046471.902720903046429 ] } },
{ "type": "Feature", "properties": { "cell_id": "R083_C095", "row": 83, "col": 95, "x": 377327.79057912464, "y": 2046471.902720903, "cell_area_m2": 900.0, "runoff_coefficient": 0.85000002384185791, "surface_class": "road" }, "geometry": { "type": "Point", "coordinates": [ 377327.790579124644864, 2046471.902720903046429 ] } },
{ "type": "Feature", "properties": { "cell_id": "R083_C096", "row": 83, "col": 96, "x": 377357.79057912464, "y": 2046471.902720903, "cell_area_m2": 900.0, "runoff_coefficient": 0.85000002384185791, "surface_class": "road" }, "geometry": { "type": "Point", "coordinates": [ 377357.790579124644864, 2046471.902720903046429 ] } },
{ "type": "Feature", "properties": { "cell_id": "R083_C097", "row": 83, "col": 97, "x": 377387.79057912464, "y": 2046471.902720903, "cell_area_m2": 900.0, "runoff_coefficient": 0.85000002384185791, "surface_class": "road" }, "geometry": { "type": "Point", "coordinates": [ 377387.790579124644864, 2046471.902720903046429 ] } },
{ "type": "Feature", "properties": { "cell_id": "R083_C098", "row": 83, "col": 98, "x": 377417.79057912464, "y": 2046471.902720903, "cell_area_m2": 900.0, "runoff_coefficient": 0.75, "surface_class": "default_urban" }, "geometry": { "type": "Point", "coordinates": [ 377417.790579124644864, 2046471.902720903046429 ] } },
{ "type": "Feature", "properties": { "cell_id": "R083_C099", "row": 83, "col": 99, "x": 377447.79057912464, "y": 2046471.902720903, "cell_area_m2": 900.0, "runoff_coefficient": 0.30000001192092896, "surface_class": "green_open" }, "geometry": { "type": "Point", "coordinates": [ 377447.790579124644864, 2046471.902720903046429 ] } },
{ "type": "Feature", "properties": { "cell_id": "R083_C100", "row": 83, "col": 100, "x": 377477.79057912464, "y": 2046471.902720903, "cell_area_m2": 900.0, "runoff_coefficient": 0.89999997615814209, "surface_class": "building" }, "geometry": { "type": "Point", "coordinates": [ 377477.790579124644864, 2046471.902720903046429 ] } },
{ "type": "Feature", "properties": { "cell_id": "R083_C101", "row": 83, "col": 101, "x": 377507.79057912464, "y": 2046471.902720903, "cell_area_m2": 900.0, "runoff_coefficient": 0.85000002384185791, "surface_class": "road" }, "geometry": { "type": "Point", "coordinates": [ 377507.790579124644864, 2046471.902720903046429 ] } },
{ "type": "Feature", "properties": { "cell_id": "R083_C102", "row": 83, "col": 102, "x": 377537.79057912464, "y": 2046471.902720903, "cell_area_m2": 900.0, "runoff_coefficient": 0.89999997615814209, "surface_class": "building" }, "geometry": { "type": "Point", "coordinates": [ 377537.790579124644864, 2046471.902720903046429 ] } },
{ "type": "Feature", "properties": { "cell_id": "R083_C103", "row": 83, "col": 103, "x": 377567.79057912464, "y": 2046471.902720903, "cell_area_m2": 900.0, "runoff_coefficient": 0.75, "surface_class": "default_urban" }, "geometry": { "type": "Point", "coordinates": [ 377567.790579124644864, 2046471.902720903046429 ] } },
{ "type": "Feature", "properties": { "cell_id": "R083_C104", "row": 83, "col": 104, "x": 377597.79057912464, "y": 2046471.902720903, "cell_area_m2": 900.0, "runoff_coefficient": 0.75, "surface_class": "default_urban" }, "geometry": { "type": "Point", "coordinates": [ 377597.790579124644864, 2046471.902720903046429 ] } },
{ "type": "Feature", "properties": { "cell_id": "R083_C105", "row": 83, "col": 105, "x": 377627.79057912464, "y": 2046471.902720903, "cell_area_m2": 900.0, "runoff_coefficient": 0.75, "surface_class": "default_urban" }, "geometry": { "type": "Point", "coordinates": [ 377627.790579124644864, 2046471.902720903046429 ] } },
{ "type": "Feature", "properties": { "cell_id": "R083_C106", "row": 83, "col": 106, "x": 377657.79057912464, "y": 2046471.902720903, "cell_area_m2": 900.0, "runoff_coefficient": 0.85000002384185791, "surface_class": "road" }, "geometry": { "type": "Point", "coordinates": [ 377657.790579124644864, 2046471.902720903046429 ] } },
{ "type": "Feature", "properties": { "cell_id": "R083_C107", "row": 83, "col": 107, "x": 377687.79057912464, "y": 2046471.902720903, "cell_area_m2": 900.0, "runoff_coefficient": 0.89999997615814209, "surface_class": "building" }, "geometry": { "type": "Point", "coordinates": [ 377687.790579124644864, 2046471.902720903046429 ] } },
{ "type": "Feature", "properties": { "cell_id": "R083_C108", "row": 83, "col": 108, "x": 377717.79057912464, "y": 2046471.902720903, "cell_area_m2": 900.0, "runoff_coefficient": 0.85000002384185791, "surface_class": "road" }, "geometry": { "type": "Point", "coordinates": [ 377717.790579124644864, 2046471.902720903046429 ] } },
{ "type": "Feature", "properties": { "cell_id": "R083_C109", "row": 83, "col": 109, "x": 377747.79057912464, "y": 2046471.902720903, "cell_area_m2": 900.0, "runoff_coefficient": 0.85000002384185791, "surface_class": "road" }, "geometry": { "type": "Point", "coordinates": [ 377747.790579124644864, 2046471.902720903046429 ] } },
{ "type": "Feature", "properties": { "cell_id": "R083_C110", "row": 83, "col": 110, "x": 377777.79057912464, "y": 2046471.902720903, "cell_area_m2": 900.0, "runoff_coefficient": 0.89999997615814209, "surface_class": "building" }, "geometry": { "type": "Point", "coordinates": [ 377777.790579124644864, 2046471.902720903046429 ] } },
{ "type": "Feature", "properties": { "cell_id": "R083_C111", "row": 83, "col": 111, "x": 377807.79057912464, "y": 2046471.902720903, "cell_area_m2": 900.0, "runoff_coefficient": 0.85000002384185791, "surface_class": "road" }, "geometry": { "type": "Point", "coordinates": [ 377807.790579124644864, 2046471.902720903046429 ] } },
{ "type": "Feature", "properties": { "cell_id": "R083_C112", "row": 83, "col": 112, "x": 377837.79057912464, "y": 2046471.902720903, "cell_area_m2": 900.0, "runoff_coefficient": 0.75, "surface_class": "default_urban" }, "geometry": { "type": "Point", "coordinates": [ 377837.790579124644864, 2046471.902720903046429 ] } },
{ "type": "Feature", "properties": { "cell_id": "R083_C113", "row": 83, "col": 113, "x": 377867.79057912464, "y": 2046471.902720903, "cell_area_m2": 900.0, "runoff_coefficient": 0.85000002384185791, "surface_class": "road" }, "geometry": { "type": "Point", "coordinates": [ 377867.790579124644864, 2046471.902720903046429 ] } },
{ "type": "Feature", "properties": { "cell_id": "R083_C114", "row": 83, "col": 114, "x": 377897.79057912464, "y": 2046471.902720903, "cell_area_m2": 900.0, "runoff_coefficient": 0.89999997615814209, "surface_class": "building" }, "geometry": { "type": "Point", "coordinates": [ 377897.790579124644864, 2046471.902720903046429 ] } },
{ "type": "Feature", "properties": { "cell_id": "R083_C115", "row": 83, "col": 115, "x": 377927.79057912464, "y": 2046471.902720903, "cell_area_m2": 900.0, "runoff_coefficient": 0.85000002384185791, "surface_class": "road" }, "geometry": { "type": "Point", "coordinates": [ 377927.790579124644864, 2046471.902720903046429 ] } },
{ "type": "Feature", "properties": { "cell_id": "R083_C116", "row": 83, "col": 116, "x": 377957.79057912464, "y": 2046471.902720903, "cell_area_m2": 900.0, "runoff_coefficient": 0.85000002384185791, "surface_class": "road" }, "geometry": { "type": "Point", "coordinates": [ 377957.790579124644864, 2046471.902720903046429 ] } },
{ "type": "Feature", "properties": { "cell_id": "R083_C117", "row": 83, "col": 117, "x": 377987.79057912464, "y": 2046471.902720903, "cell_area_m2": 900.0, "runoff_coefficient": 0.85000002384185791, "surface_class": "road" }, "geometry": { "type": "Point", "coordinates": [ 377987.790579124644864, 2046471.902720903046429 ] } },
{ "type": "Feature", "properties": { "cell_id": "R083_C118", "row": 83, "col": 118, "x": 378017.79057912464, "y": 2046471.902720903, "cell_area_m2": 900.0, "runoff_coefficient": 0.89999997615814209, "surface_class": "building" }, "geometry": { "type": "Point", "coordinates": [ 378017.790579124644864, 2046471.902720903046429 ] } },
{ "type": "Feature", "properties": { "cell_id": "R083_C119", "row": 83, "col": 119, "x": 378047.79057912464, "y": 2046471.902720903, "cell_area_m2": 900.0, "runoff_coefficient": 0.85000002384185791, "surface_class": "road" }, "geometry": { "type": "Point", "coordinates": [ 378047.790579124644864, 2046471.902720903046429 ] } },
{ "type": "Feature", "properties": { "cell_id": "R083_C120", "row": 83, "col": 120, "x": 378077.79057912464, "y": 2046471.902720903, "cell_area_m2": 900.0, "runoff_coefficient": 0.89999997615814209, "surface_class": "building" }, "geometry": { "type": "Point", "coordinates": [ 378077.790579124644864, 2046471.902720903046429 ] } },
{ "type": "Feature", "properties": { "cell_id": "R083_C121", "row": 83, "col": 121, "x": 378107.79057912464, "y": 2046471.902720903, "cell_area_m2": 900.0, "runoff_coefficient": 0.85000002384185791, "surface_class": "road" }, "geometry": { "type": "Point", "coordinates": [ 378107.790579124644864, 2046471.902720903046429 ] } },
{ "type": "Feature", "properties": { "cell_id": "R083_C122", "row": 83, "col": 122, "x": 378137.79057912464, "y": 2046471.902720903, "cell_area_m2": 900.0, "runoff_coefficient": 0.75, "surface_class": "default_urban" }, "geometry": { "type": "Point", "coordinates": [ 378137.790579124644864, 2046471.902720903046429 ] } },
{ "type": "Feature", "properties": { "cell_id": "R083_C123", "row": 83, "col": 123, "x": 378167.79057912464, "y": 2046471.902720903, "cell_area_m2": 900.0, "runoff_coefficient": 0.85000002384185791, "surface_class": "road" }, "geometry": { "type": "Point", "coordinates": [ 378167.790579124644864, 2046471.902720903046429 ] } },
{ "type": "Feature", "properties": { "cell_id": "R083_C124", "row": 83, "col": 124, "x": 378197.79057912464, "y": 2046471.902720903, "cell_area_m2": 900.0, "runoff_coefficient": 0.30000001192092896, "surface_class": "green_open" }, "geometry": { "type": "Point", "coordinates": [ 378197.790579124644864, 2046471.902720903046429 ] } },
{ "type": "Feature", "properties": { "cell_id": "R083_C125", "row": 83, "col": 125, "x": 378227.79057912464, "y": 2046471.902720903, "cell_area_m2": 900.0, "runoff_coefficient": 0.85000002384185791, "surface_class": "road" }, "geometry": { "type": "Point", "coordinates": [ 378227.790579124644864, 2046471.902720903046429 ] } },
{ "type": "Feature", "properties": { "cell_id": "R083_C126", "row": 83, "col": 126, "x": 378257.79057912464, "y": 2046471.902720903, "cell_area_m2": 900.0, "runoff_coefficient": 0.89999997615814209, "surface_class": "building" }, "geometry": { "type": "Point", "coordinates": [ 378257.790579124644864, 2046471.902720903046429 ] } },
{ "type": "Feature", "properties": { "cell_id": "R083_C127", "row": 83, "col": 127, "x": 378287.79057912464, "y": 2046471.902720903, "cell_area_m2": 900.0, "runoff_coefficient": 0.85000002384185791, "surface_class": "road" }, "geometry": { "type": "Point", "coordinates": [ 378287.790579124644864, 2046471.902720903046429 ] } },
{ "type": "Feature", "properties": { "cell_id": "R083_C128", "row": 83, "col": 128, "x": 378317.79057912464, "y": 2046471.902720903, "cell_area_m2": 900.0, "runoff_coefficient": 0.85000002384185791, "surface_class": "road" }, "geometry": { "type": "Point", "coordinates": [ 378317.790579124644864, 2046471.902720903046429 ] } },
{ "type": "Feature", "properties": { "cell_id": "R083_C129", "row": 83, "col": 129, "x": 378347.79057912464, "y": 2046471.902720903, "cell_area_m2": 900.0, "runoff_coefficient": 0.75, "surface_class": "default_urban" }, "geometry": { "type": "Point", "coordinates": [ 378347.790579124644864, 2046471.902720903046429 ] } },
{ "type": "Feature", "properties": { "cell_id": "R083_C130", "row": 83, "col": 130, "x": 378377.79057912464, "y": 2046471.902720903, "cell_area_m2": 900.0, "runoff_coefficient": 0.75, "surface_class": "default_urban" }, "geometry": { "type": "Point", "coordinates": [ 378377.790579124644864, 2046471.902720903046429 ] } },
{ "type": "Feature", "properties": { "cell_id": "R083_C131", "row": 83, "col": 131, "x": 378407.79057912464, "y": 2046471.902720903, "cell_area_m2": 900.0, "runoff_coefficient": 0.75, "surface_class": "default_urban" }, "geometry": { "type": "Point", "coordinates": [ 378407.790579124644864, 2046471.902720903046429 ] } },
{ "type": "Feature", "properties": { "cell_id": "R083_C132", "row": 83, "col": 132, "x": 378437.79057912464, "y": 2046471.902720903, "cell_area_m2": 900.0, "runoff_coefficient": 0.75, "surface_class": "default_urban" }, "geometry": { "type": "Point", "coordinates": [ 378437.790579124644864, 2046471.902720903046429 ] } },
{ "type": "Feature", "properties": { "cell_id": "R083_C133", "row": 83, "col": 133, "x": 378467.79057912464, "y": 2046471.902720903, "cell_area_m2": 900.0, "runoff_coefficient": 0.75, "surface_class": "default_urban" }, "geometry": { "type": "Point", "coordinates": [ 378467.790579124644864, 2046471.902720903046429 ] } },
{ "type": "Feature", "properties": { "cell_id": "R083_C134", "row": 83, "col": 134, "x": 378497.79057912464, "y": 2046471.902720903, "cell_area_m2": 900.0, "runoff_coefficient": 0.75, "surface_class": "default_urban" }, "geometry": { "type": "Point", "coordinates": [ 378497.790579124644864, 2046471.902720903046429 ] } },
{ "type": "Feature", "properties": { "cell_id": "R083_C135", "row": 83, "col": 135, "x": 378527.79057912464, "y": 2046471.902720903, "cell_area_m2": 900.0, "runoff_coefficient": 0.89999997615814209, "surface_class": "building" }, "geometry": { "type": "Point", "coordinates": [ 378527.790579124644864, 2046471.902720903046429 ] } },
{ "type": "Feature", "properties": { "cell_id": "R083_C136", "row": 83, "col": 136, "x": 378557.79057912464, "y": 2046471.902720903, "cell_area_m2": 900.0, "runoff_coefficient": 0.85000002384185791, "surface_class": "road" }, "geometry": { "type": "Point", "coordinates": [ 378557.790579124644864, 2046471.902720903046429 ] } },
{ "type": "Feature", "properties": { "cell_id": "R084_C068", "row": 84, "col": 68, "x": 376517.79057912464, "y": 2046441.902720903, "cell_area_m2": 900.0, "runoff_coefficient": 0.89999997615814209, "surface_class": "building" }, "geometry": { "type": "Point", "coordinates": [ 376517.790579124644864, 2046441.902720903046429 ] } },
{ "type": "Feature", "properties": { "cell_id": "R084_C069", "row": 84, "col": 69, "x": 376547.79057912464, "y": 2046441.902720903, "cell_area_m2": 900.0, "runoff_coefficient": 0.75, "surface_class": "default_urban" }, "geometry": { "type": "Point", "coordinates": [ 376547.790579124644864, 2046441.902720903046429 ] } },
{ "type": "Feature", "properties": { "cell_id": "R084_C070", "row": 84, "col": 70, "x": 376577.79057912464, "y": 2046441.902720903, "cell_area_m2": 900.0, "runoff_coefficient": 0.89999997615814209, "surface_class": "building" }, "geometry": { "type": "Point", "coordinates": [ 376577.790579124644864, 2046441.902720903046429 ] } },
{ "type": "Feature", "properties": { "cell_id": "R084_C071", "row": 84, "col": 71, "x": 376607.79057912464, "y": 2046441.902720903, "cell_area_m2": 900.0, "runoff_coefficient": 0.89999997615814209, "surface_class": "building" }, "geometry": { "type": "Point", "coordinates": [ 376607.790579124644864, 2046441.902720903046429 ] } },
{ "type": "Feature", "properties": { "cell_id": "R084_C072", "row": 84, "col": 72, "x": 376637.79057912464, "y": 2046441.902720903, "cell_area_m2": 900.0, "runoff_coefficient": 0.89999997615814209, "surface_class": "building" }, "geometry": { "type": "Point", "coordinates": [ 376637.790579124644864, 2046441.902720903046429 ] } },
{ "type": "Feature", "properties": { "cell_id": "R084_C073", "row": 84, "col": 73, "x": 376667.79057912464, "y": 2046441.902720903, "cell_area_m2": 900.0, "runoff_coefficient": 0.85000002384185791, "surface_class": "road" }, "geometry": { "type": "Point", "coordinates": [ 376667.790579124644864, 2046441.902720903046429 ] } },
{ "type": "Feature", "properties": { "cell_id": "R084_C074", "row": 84, "col": 74, "x": 376697.79057912464, "y": 2046441.902720903, "cell_area_m2": 900.0, "runoff_coefficient": 0.89999997615814209, "surface_class": "building" }, "geometry": { "type": "Point", "coordinates": [ 376697.790579124644864, 2046441.902720903046429 ] } },
{ "type": "Feature", "properties": { "cell_id": "R084_C075", "row": 84, "col": 75, "x": 376727.79057912464, "y": 2046441.902720903, "cell_area_m2": 900.0, "runoff_coefficient": 0.89999997615814209, "surface_class": "building" }, "geometry": { "type": "Point", "coordinates": [ 376727.790579124644864, 2046441.902720903046429 ] } },
{ "type": "Feature", "properties": { "cell_id": "R084_C076", "row": 84, "col": 76, "x": 376757.79057912464, "y": 2046441.902720903, "cell_area_m2": 900.0, "runoff_coefficient": 0.75, "surface_class": "default_urban" }, "geometry": { "type": "Point", "coordinates": [ 376757.790579124644864, 2046441.902720903046429 ] } },
{ "type": "Feature", "properties": { "cell_id": "R084_C077", "row": 84, "col": 77, "x": 376787.79057912464, "y": 2046441.902720903, "cell_area_m2": 900.0, "runoff_coefficient": 0.89999997615814209, "surface_class": "building" }, "geometry": { "type": "Point", "coordinates": [ 376787.790579124644864, 2046441.902720903046429 ] } },
{ "type": "Feature", "properties": { "cell_id": "R084_C078", "row": 84, "col": 78, "x": 376817.79057912464, "y": 2046441.902720903, "cell_area_m2": 900.0, "runoff_coefficient": 0.89999997615814209, "surface_class": "building" }, "geometry": { "type": "Point", "coordinates": [ 376817.790579124644864, 2046441.902720903046429 ] } },
{ "type": "Feature", "properties": { "cell_id": "R084_C079", "row": 84, "col": 79, "x": 376847.79057912464, "y": 2046441.902720903, "cell_area_m2": 900.0, "runoff_coefficient": 0.85000002384185791, "surface_class": "road" }, "geometry": { "type": "Point", "coordinates": [ 376847.790579124644864, 2046441.902720903046429 ] } },
{ "type": "Feature", "properties": { "cell_id": "R084_C080", "row": 84, "col": 80, "x": 376877.79057912464, "y": 2046441.902720903, "cell_area_m2": 900.0, "runoff_coefficient": 0.85000002384185791, "surface_class": "road" }, "geometry": { "type": "Point", "coordinates": [ 376877.790579124644864, 2046441.902720903046429 ] } },
{ "type": "Feature", "properties": { "cell_id": "R084_C081", "row": 84, "col": 81, "x": 376907.79057912464, "y": 2046441.902720903, "cell_area_m2": 900.0, "runoff_coefficient": 0.85000002384185791, "surface_class": "road" }, "geometry": { "type": "Point", "coordinates": [ 376907.790579124644864, 2046441.902720903046429 ] } },
{ "type": "Feature", "properties": { "cell_id": "R084_C082", "row": 84, "col": 82, "x": 376937.79057912464, "y": 2046441.902720903, "cell_area_m2": 900.0, "runoff_coefficient": 0.89999997615814209, "surface_class": "building" }, "geometry": { "type": "Point", "coordinates": [ 376937.790579124644864, 2046441.902720903046429 ] } },
{ "type": "Feature", "properties": { "cell_id": "R084_C083", "row": 84, "col": 83, "x": 376967.79057912464, "y": 2046441.902720903, "cell_area_m2": 900.0, "runoff_coefficient": 0.89999997615814209, "surface_class": "building" }, "geometry": { "type": "Point", "coordinates": [ 376967.790579124644864, 2046441.902720903046429 ] } },
{ "type": "Feature", "properties": { "cell_id": "R084_C084", "row": 84, "col": 84, "x": 376997.79057912464, "y": 2046441.902720903, "cell_area_m2": 900.0, "runoff_coefficient": 0.85000002384185791, "surface_class": "road" }, "geometry": { "type": "Point", "coordinates": [ 376997.790579124644864, 2046441.902720903046429 ] } },
{ "type": "Feature", "properties": { "cell_id": "R084_C085", "row": 84, "col": 85, "x": 377027.79057912464, "y": 2046441.902720903, "cell_area_m2": 900.0, "runoff_coefficient": 0.75, "surface_class": "default_urban" }, "geometry": { "type": "Point", "coordinates": [ 377027.790579124644864, 2046441.902720903046429 ] } },
{ "type": "Feature", "properties": { "cell_id": "R084_C086", "row": 84, "col": 86, "x": 377057.79057912464, "y": 2046441.902720903, "cell_area_m2": 900.0, "runoff_coefficient": 0.75, "surface_class": "default_urban" }, "geometry": { "type": "Point", "coordinates": [ 377057.790579124644864, 2046441.902720903046429 ] } },
{ "type": "Feature", "properties": { "cell_id": "R084_C087", "row": 84, "col": 87, "x": 377087.79057912464, "y": 2046441.902720903, "cell_area_m2": 900.0, "runoff_coefficient": 0.75, "surface_class": "default_urban" }, "geometry": { "type": "Point", "coordinates": [ 377087.790579124644864, 2046441.902720903046429 ] } },
{ "type": "Feature", "properties": { "cell_id": "R084_C088", "row": 84, "col": 88, "x": 377117.79057912464, "y": 2046441.902720903, "cell_area_m2": 900.0, "runoff_coefficient": 0.75, "surface_class": "default_urban" }, "geometry": { "type": "Point", "coordinates": [ 377117.790579124644864, 2046441.902720903046429 ] } },
{ "type": "Feature", "properties": { "cell_id": "R084_C089", "row": 84, "col": 89, "x": 377147.79057912464, "y": 2046441.902720903, "cell_area_m2": 900.0, "runoff_coefficient": 0.75, "surface_class": "default_urban" }, "geometry": { "type": "Point", "coordinates": [ 377147.790579124644864, 2046441.902720903046429 ] } },
{ "type": "Feature", "properties": { "cell_id": "R084_C090", "row": 84, "col": 90, "x": 377177.79057912464, "y": 2046441.902720903, "cell_area_m2": 900.0, "runoff_coefficient": 0.75, "surface_class": "default_urban" }, "geometry": { "type": "Point", "coordinates": [ 377177.790579124644864, 2046441.902720903046429 ] } },
{ "type": "Feature", "properties": { "cell_id": "R084_C091", "row": 84, "col": 91, "x": 377207.79057912464, "y": 2046441.902720903, "cell_area_m2": 900.0, "runoff_coefficient": 0.75, "surface_class": "default_urban" }, "geometry": { "type": "Point", "coordinates": [ 377207.790579124644864, 2046441.902720903046429 ] } },
{ "type": "Feature", "properties": { "cell_id": "R084_C092", "row": 84, "col": 92, "x": 377237.79057912464, "y": 2046441.902720903, "cell_area_m2": 900.0, "runoff_coefficient": 0.30000001192092896, "surface_class": "green_open" }, "geometry": { "type": "Point", "coordinates": [ 377237.790579124644864, 2046441.902720903046429 ] } },
{ "type": "Feature", "properties": { "cell_id": "R084_C093", "row": 84, "col": 93, "x": 377267.79057912464, "y": 2046441.902720903, "cell_area_m2": 900.0, "runoff_coefficient": 0.30000001192092896, "surface_class": "green_open" }, "geometry": { "type": "Point", "coordinates": [ 377267.790579124644864, 2046441.902720903046429 ] } },
{ "type": "Feature", "properties": { "cell_id": "R084_C094", "row": 84, "col": 94, "x": 377297.79057912464, "y": 2046441.902720903, "cell_area_m2": 900.0, "runoff_coefficient": 0.75, "surface_class": "default_urban" }, "geometry": { "type": "Point", "coordinates": [ 377297.790579124644864, 2046441.902720903046429 ] } },
{ "type": "Feature", "properties": { "cell_id": "R084_C095", "row": 84, "col": 95, "x": 377327.79057912464, "y": 2046441.902720903, "cell_area_m2": 900.0, "runoff_coefficient": 0.75, "surface_class": "default_urban" }, "geometry": { "type": "Point", "coordinates": [ 377327.790579124644864, 2046441.902720903046429 ] } },
{ "type": "Feature", "properties": { "cell_id": "R084_C096", "row": 84, "col": 96, "x": 377357.79057912464, "y": 2046441.902720903, "cell_area_m2": 900.0, "runoff_coefficient": 0.85000002384185791, "surface_class": "road" }, "geometry": { "type": "Point", "coordinates": [ 377357.790579124644864, 2046441.902720903046429 ] } },
{ "type": "Feature", "properties": { "cell_id": "R084_C097", "row": 84, "col": 97, "x": 377387.79057912464, "y": 2046441.902720903, "cell_area_m2": 900.0, "runoff_coefficient": 0.75, "surface_class": "default_urban" }, "geometry": { "type": "Point", "coordinates": [ 377387.790579124644864, 2046441.902720903046429 ] } },
{ "type": "Feature", "properties": { "cell_id": "R084_C098", "row": 84, "col": 98, "x": 377417.79057912464, "y": 2046441.902720903, "cell_area_m2": 900.0, "runoff_coefficient": 0.75, "surface_class": "default_urban" }, "geometry": { "type": "Point", "coordinates": [ 377417.790579124644864, 2046441.902720903046429 ] } },
{ "type": "Feature", "properties": { "cell_id": "R084_C099", "row": 84, "col": 99, "x": 377447.79057912464, "y": 2046441.902720903, "cell_area_m2": 900.0, "runoff_coefficient": 0.85000002384185791, "surface_class": "road" }, "geometry": { "type": "Point", "coordinates": [ 377447.790579124644864, 2046441.902720903046429 ] } },
{ "type": "Feature", "properties": { "cell_id": "R084_C100", "row": 84, "col": 100, "x": 377477.79057912464, "y": 2046441.902720903, "cell_area_m2": 900.0, "runoff_coefficient": 0.85000002384185791, "surface_class": "road" }, "geometry": { "type": "Point", "coordinates": [ 377477.790579124644864, 2046441.902720903046429 ] } },
{ "type": "Feature", "properties": { "cell_id": "R084_C101", "row": 84, "col": 101, "x": 377507.79057912464, "y": 2046441.902720903, "cell_area_m2": 900.0, "runoff_coefficient": 0.85000002384185791, "surface_class": "road" }, "geometry": { "type": "Point", "coordinates": [ 377507.790579124644864, 2046441.902720903046429 ] } },
{ "type": "Feature", "properties": { "cell_id": "R084_C102", "row": 84, "col": 102, "x": 377537.79057912464, "y": 2046441.902720903, "cell_area_m2": 900.0, "runoff_coefficient": 0.85000002384185791, "surface_class": "road" }, "geometry": { "type": "Point", "coordinates": [ 377537.790579124644864, 2046441.902720903046429 ] } },
{ "type": "Feature", "properties": { "cell_id": "R084_C103", "row": 84, "col": 103, "x": 377567.79057912464, "y": 2046441.902720903, "cell_area_m2": 900.0, "runoff_coefficient": 0.85000002384185791, "surface_class": "road" }, "geometry": { "type": "Point", "coordinates": [ 377567.790579124644864, 2046441.902720903046429 ] } },
{ "type": "Feature", "properties": { "cell_id": "R084_C104", "row": 84, "col": 104, "x": 377597.79057912464, "y": 2046441.902720903, "cell_area_m2": 900.0, "runoff_coefficient": 0.85000002384185791, "surface_class": "road" }, "geometry": { "type": "Point", "coordinates": [ 377597.790579124644864, 2046441.902720903046429 ] } },
{ "type": "Feature", "properties": { "cell_id": "R084_C105", "row": 84, "col": 105, "x": 377627.79057912464, "y": 2046441.902720903, "cell_area_m2": 900.0, "runoff_coefficient": 0.85000002384185791, "surface_class": "road" }, "geometry": { "type": "Point", "coordinates": [ 377627.790579124644864, 2046441.902720903046429 ] } },
{ "type": "Feature", "properties": { "cell_id": "R084_C106", "row": 84, "col": 106, "x": 377657.79057912464, "y": 2046441.902720903, "cell_area_m2": 900.0, "runoff_coefficient": 0.85000002384185791, "surface_class": "road" }, "geometry": { "type": "Point", "coordinates": [ 377657.790579124644864, 2046441.902720903046429 ] } },
{ "type": "Feature", "properties": { "cell_id": "R084_C107", "row": 84, "col": 107, "x": 377687.79057912464, "y": 2046441.902720903, "cell_area_m2": 900.0, "runoff_coefficient": 0.85000002384185791, "surface_class": "road" }, "geometry": { "type": "Point", "coordinates": [ 377687.790579124644864, 2046441.902720903046429 ] } },
{ "type": "Feature", "properties": { "cell_id": "R084_C108", "row": 84, "col": 108, "x": 377717.79057912464, "y": 2046441.902720903, "cell_area_m2": 900.0, "runoff_coefficient": 0.85000002384185791, "surface_class": "road" }, "geometry": { "type": "Point", "coordinates": [ 377717.790579124644864, 2046441.902720903046429 ] } },
{ "type": "Feature", "properties": { "cell_id": "R084_C109", "row": 84, "col": 109, "x": 377747.79057912464, "y": 2046441.902720903, "cell_area_m2": 900.0, "runoff_coefficient": 0.85000002384185791, "surface_class": "road" }, "geometry": { "type": "Point", "coordinates": [ 377747.790579124644864, 2046441.902720903046429 ] } },
{ "type": "Feature", "properties": { "cell_id": "R084_C110", "row": 84, "col": 110, "x": 377777.79057912464, "y": 2046441.902720903, "cell_area_m2": 900.0, "runoff_coefficient": 0.85000002384185791, "surface_class": "road" }, "geometry": { "type": "Point", "coordinates": [ 377777.790579124644864, 2046441.902720903046429 ] } },
{ "type": "Feature", "properties": { "cell_id": "R084_C111", "row": 84, "col": 111, "x": 377807.79057912464, "y": 2046441.902720903, "cell_area_m2": 900.0, "runoff_coefficient": 0.85000002384185791, "surface_class": "road" }, "geometry": { "type": "Point", "coordinates": [ 377807.790579124644864, 2046441.902720903046429 ] } },
{ "type": "Feature", "properties": { "cell_id": "R084_C112", "row": 84, "col": 112, "x": 377837.79057912464, "y": 2046441.902720903, "cell_area_m2": 900.0, "runoff_coefficient": 0.85000002384185791, "surface_class": "road" }, "geometry": { "type": "Point", "coordinates": [ 377837.790579124644864, 2046441.902720903046429 ] } },
{ "type": "Feature", "properties": { "cell_id": "R084_C113", "row": 84, "col": 113, "x": 377867.79057912464, "y": 2046441.902720903, "cell_area_m2": 900.0, "runoff_coefficient": 0.85000002384185791, "surface_class": "road" }, "geometry": { "type": "Point", "coordinates": [ 377867.790579124644864, 2046441.902720903046429 ] } },
{ "type": "Feature", "properties": { "cell_id": "R084_C114", "row": 84, "col": 114, "x": 377897.79057912464, "y": 2046441.902720903, "cell_area_m2": 900.0, "runoff_coefficient": 0.85000002384185791, "surface_class": "road" }, "geometry": { "type": "Point", "coordinates": [ 377897.790579124644864, 2046441.902720903046429 ] } },
{ "type": "Feature", "properties": { "cell_id": "R084_C115", "row": 84, "col": 115, "x": 377927.79057912464, "y": 2046441.902720903, "cell_area_m2": 900.0, "runoff_coefficient": 0.85000002384185791, "surface_class": "road" }, "geometry": { "type": "Point", "coordinates": [ 377927.790579124644864, 2046441.902720903046429 ] } },
{ "type": "Feature", "properties": { "cell_id": "R084_C116", "row": 84, "col": 116, "x": 377957.79057912464, "y": 2046441.902720903, "cell_area_m2": 900.0, "runoff_coefficient": 0.85000002384185791, "surface_class": "road" }, "geometry": { "type": "Point", "coordinates": [ 377957.790579124644864, 2046441.902720903046429 ] } },
{ "type": "Feature", "properties": { "cell_id": "R084_C117", "row": 84, "col": 117, "x": 377987.79057912464, "y": 2046441.902720903, "cell_area_m2": 900.0, "runoff_coefficient": 0.85000002384185791, "surface_class": "road" }, "geometry": { "type": "Point", "coordinates": [ 377987.790579124644864, 2046441.902720903046429 ] } },
{ "type": "Feature", "properties": { "cell_id": "R084_C118", "row": 84, "col": 118, "x": 378017.79057912464, "y": 2046441.902720903, "cell_area_m2": 900.0, "runoff_coefficient": 0.89999997615814209, "surface_class": "building" }, "geometry": { "type": "Point", "coordinates": [ 378017.790579124644864, 2046441.902720903046429 ] } },
{ "type": "Feature", "properties": { "cell_id": "R084_C119", "row": 84, "col": 119, "x": 378047.79057912464, "y": 2046441.902720903, "cell_area_m2": 900.0, "runoff_coefficient": 0.89999997615814209, "surface_class": "building" }, "geometry": { "type": "Point", "coordinates": [ 378047.790579124644864, 2046441.902720903046429 ] } },
{ "type": "Feature", "properties": { "cell_id": "R084_C120", "row": 84, "col": 120, "x": 378077.79057912464, "y": 2046441.902720903, "cell_area_m2": 900.0, "runoff_coefficient": 0.85000002384185791, "surface_class": "road" }, "geometry": { "type": "Point", "coordinates": [ 378077.790579124644864, 2046441.902720903046429 ] } },
{ "type": "Feature", "properties": { "cell_id": "R084_C121", "row": 84, "col": 121, "x": 378107.79057912464, "y": 2046441.902720903, "cell_area_m2": 900.0, "runoff_coefficient": 0.89999997615814209, "surface_class": "building" }, "geometry": { "type": "Point", "coordinates": [ 378107.790579124644864, 2046441.902720903046429 ] } },
{ "type": "Feature", "properties": { "cell_id": "R084_C122", "row": 84, "col": 122, "x": 378137.79057912464, "y": 2046441.902720903, "cell_area_m2": 900.0, "runoff_coefficient": 0.85000002384185791, "surface_class": "road" }, "geometry": { "type": "Point", "coordinates": [ 378137.790579124644864, 2046441.902720903046429 ] } },
{ "type": "Feature", "properties": { "cell_id": "R084_C123", "row": 84, "col": 123, "x": 378167.79057912464, "y": 2046441.902720903, "cell_area_m2": 900.0, "runoff_coefficient": 0.85000002384185791, "surface_class": "road" }, "geometry": { "type": "Point", "coordinates": [ 378167.790579124644864, 2046441.902720903046429 ] } },
{ "type": "Feature", "properties": { "cell_id": "R084_C124", "row": 84, "col": 124, "x": 378197.79057912464, "y": 2046441.902720903, "cell_area_m2": 900.0, "runoff_coefficient": 0.30000001192092896, "surface_class": "green_open" }, "geometry": { "type": "Point", "coordinates": [ 378197.790579124644864, 2046441.902720903046429 ] } },
{ "type": "Feature", "properties": { "cell_id": "R084_C125", "row": 84, "col": 125, "x": 378227.79057912464, "y": 2046441.902720903, "cell_area_m2": 900.0, "runoff_coefficient": 0.85000002384185791, "surface_class": "road" }, "geometry": { "type": "Point", "coordinates": [ 378227.790579124644864, 2046441.902720903046429 ] } },
{ "type": "Feature", "properties": { "cell_id": "R084_C126", "row": 84, "col": 126, "x": 378257.79057912464, "y": 2046441.902720903, "cell_area_m2": 900.0, "runoff_coefficient": 0.89999997615814209, "surface_class": "building" }, "geometry": { "type": "Point", "coordinates": [ 378257.790579124644864, 2046441.902720903046429 ] } },
{ "type": "Feature", "properties": { "cell_id": "R084_C127", "row": 84, "col": 127, "x": 378287.79057912464, "y": 2046441.902720903, "cell_area_m2": 900.0, "runoff_coefficient": 0.85000002384185791, "surface_class": "road" }, "geometry": { "type": "Point", "coordinates": [ 378287.790579124644864, 2046441.902720903046429 ] } },
{ "type": "Feature", "properties": { "cell_id": "R084_C128", "row": 84, "col": 128, "x": 378317.79057912464, "y": 2046441.902720903, "cell_area_m2": 900.0, "runoff_coefficient": 0.85000002384185791, "surface_class": "road" }, "geometry": { "type": "Point", "coordinates": [ 378317.790579124644864, 2046441.902720903046429 ] } },
{ "type": "Feature", "properties": { "cell_id": "R084_C129", "row": 84, "col": 129, "x": 378347.79057912464, "y": 2046441.902720903, "cell_area_m2": 900.0, "runoff_coefficient": 0.89999997615814209, "surface_class": "building" }, "geometry": { "type": "Point", "coordinates": [ 378347.790579124644864, 2046441.902720903046429 ] } },
{ "type": "Feature", "properties": { "cell_id": "R084_C130", "row": 84, "col": 130, "x": 378377.79057912464, "y": 2046441.902720903, "cell_area_m2": 900.0, "runoff_coefficient": 0.75, "surface_class": "default_urban" }, "geometry": { "type": "Point", "coordinates": [ 378377.790579124644864, 2046441.902720903046429 ] } },
{ "type": "Feature", "properties": { "cell_id": "R084_C131", "row": 84, "col": 131, "x": 378407.79057912464, "y": 2046441.902720903, "cell_area_m2": 900.0, "runoff_coefficient": 0.75, "surface_class": "default_urban" }, "geometry": { "type": "Point", "coordinates": [ 378407.790579124644864, 2046441.902720903046429 ] } },
{ "type": "Feature", "properties": { "cell_id": "R084_C132", "row": 84, "col": 132, "x": 378437.79057912464, "y": 2046441.902720903, "cell_area_m2": 900.0, "runoff_coefficient": 0.75, "surface_class": "default_urban" }, "geometry": { "type": "Point", "coordinates": [ 378437.790579124644864, 2046441.902720903046429 ] } },
{ "type": "Feature", "properties": { "cell_id": "R084_C133", "row": 84, "col": 133, "x": 378467.79057912464, "y": 2046441.902720903, "cell_area_m2": 900.0, "runoff_coefficient": 0.75, "surface_class": "default_urban" }, "geometry": { "type": "Point", "coordinates": [ 378467.790579124644864, 2046441.902720903046429 ] } },
{ "type": "Feature", "properties": { "cell_id": "R084_C134", "row": 84, "col": 134, "x": 378497.79057912464, "y": 2046441.902720903, "cell_area_m2": 900.0, "runoff_coefficient": 0.75, "surface_class": "default_urban" }, "geometry": { "type": "Point", "coordinates": [ 378497.790579124644864, 2046441.902720903046429 ] } },
{ "type": "Feature", "properties": { "cell_id": "R084_C135", "row": 84, "col": 135, "x": 378527.79057912464, "y": 2046441.902720903, "cell_area_m2": 900.0, "runoff_coefficient": 0.89999997615814209, "surface_class": "building" }, "geometry": { "type": "Point", "coordinates": [ 378527.790579124644864, 2046441.902720903046429 ] } },
{ "type": "Feature", "properties": { "cell_id": "R084_C136", "row": 84, "col": 136, "x": 378557.79057912464, "y": 2046441.902720903, "cell_area_m2": 900.0, "runoff_coefficient": 0.85000002384185791, "surface_class": "road" }, "geometry": { "type": "Point", "coordinates": [ 378557.790579124644864, 2046441.902720903046429 ] } },
{ "type": "Feature", "properties": { "cell_id": "R084_C137", "row": 84, "col": 137, "x": 378587.79057912464, "y": 2046441.902720903, "cell_area_m2": 900.0, "runoff_coefficient": 0.75, "surface_class": "default_urban" }, "geometry": { "type": "Point", "coordinates": [ 378587.790579124644864, 2046441.902720903046429 ] } },
{ "type": "Feature", "properties": { "cell_id": "R085_C068", "row": 85, "col": 68, "x": 376517.79057912464, "y": 2046411.902720903, "cell_area_m2": 900.0, "runoff_coefficient": 0.89999997615814209, "surface_class": "building" }, "geometry": { "type": "Point", "coordinates": [ 376517.790579124644864, 2046411.902720903046429 ] } },
{ "type": "Feature", "properties": { "cell_id": "R085_C069", "row": 85, "col": 69, "x": 376547.79057912464, "y": 2046411.902720903, "cell_area_m2": 900.0, "runoff_coefficient": 0.85000002384185791, "surface_class": "road" }, "geometry": { "type": "Point", "coordinates": [ 376547.790579124644864, 2046411.902720903046429 ] } },
{ "type": "Feature", "properties": { "cell_id": "R085_C070", "row": 85, "col": 70, "x": 376577.79057912464, "y": 2046411.902720903, "cell_area_m2": 900.0, "runoff_coefficient": 0.85000002384185791, "surface_class": "road" }, "geometry": { "type": "Point", "coordinates": [ 376577.790579124644864, 2046411.902720903046429 ] } },
{ "type": "Feature", "properties": { "cell_id": "R085_C071", "row": 85, "col": 71, "x": 376607.79057912464, "y": 2046411.902720903, "cell_area_m2": 900.0, "runoff_coefficient": 0.85000002384185791, "surface_class": "road" }, "geometry": { "type": "Point", "coordinates": [ 376607.790579124644864, 2046411.902720903046429 ] } },
{ "type": "Feature", "properties": { "cell_id": "R085_C072", "row": 85, "col": 72, "x": 376637.79057912464, "y": 2046411.902720903, "cell_area_m2": 900.0, "runoff_coefficient": 0.85000002384185791, "surface_class": "road" }, "geometry": { "type": "Point", "coordinates": [ 376637.790579124644864, 2046411.902720903046429 ] } },
{ "type": "Feature", "properties": { "cell_id": "R085_C073", "row": 85, "col": 73, "x": 376667.79057912464, "y": 2046411.902720903, "cell_area_m2": 900.0, "runoff_coefficient": 0.85000002384185791, "surface_class": "road" }, "geometry": { "type": "Point", "coordinates": [ 376667.790579124644864, 2046411.902720903046429 ] } },
{ "type": "Feature", "properties": { "cell_id": "R085_C074", "row": 85, "col": 74, "x": 376697.79057912464, "y": 2046411.902720903, "cell_area_m2": 900.0, "runoff_coefficient": 0.75, "surface_class": "default_urban" }, "geometry": { "type": "Point", "coordinates": [ 376697.790579124644864, 2046411.902720903046429 ] } },
{ "type": "Feature", "properties": { "cell_id": "R085_C075", "row": 85, "col": 75, "x": 376727.79057912464, "y": 2046411.902720903, "cell_area_m2": 900.0, "runoff_coefficient": 0.75, "surface_class": "default_urban" }, "geometry": { "type": "Point", "coordinates": [ 376727.790579124644864, 2046411.902720903046429 ] } },
{ "type": "Feature", "properties": { "cell_id": "R085_C076", "row": 85, "col": 76, "x": 376757.79057912464, "y": 2046411.902720903, "cell_area_m2": 900.0, "runoff_coefficient": 0.75, "surface_class": "default_urban" }, "geometry": { "type": "Point", "coordinates": [ 376757.790579124644864, 2046411.902720903046429 ] } },
{ "type": "Feature", "properties": { "cell_id": "R085_C077", "row": 85, "col": 77, "x": 376787.79057912464, "y": 2046411.902720903, "cell_area_m2": 900.0, "runoff_coefficient": 0.89999997615814209, "surface_class": "building" }, "geometry": { "type": "Point", "coordinates": [ 376787.790579124644864, 2046411.902720903046429 ] } },
{ "type": "Feature", "properties": { "cell_id": "R085_C078", "row": 85, "col": 78, "x": 376817.79057912464, "y": 2046411.902720903, "cell_area_m2": 900.0, "runoff_coefficient": 0.89999997615814209, "surface_class": "building" }, "geometry": { "type": "Point", "coordinates": [ 376817.790579124644864, 2046411.902720903046429 ] } },
{ "type": "Feature", "properties": { "cell_id": "R085_C079", "row": 85, "col": 79, "x": 376847.79057912464, "y": 2046411.902720903, "cell_area_m2": 900.0, "runoff_coefficient": 0.85000002384185791, "surface_class": "road" }, "geometry": { "type": "Point", "coordinates": [ 376847.790579124644864, 2046411.902720903046429 ] } },
{ "type": "Feature", "properties": { "cell_id": "R085_C080", "row": 85, "col": 80, "x": 376877.79057912464, "y": 2046411.902720903, "cell_area_m2": 900.0, "runoff_coefficient": 0.89999997615814209, "surface_class": "building" }, "geometry": { "type": "Point", "coordinates": [ 376877.790579124644864, 2046411.902720903046429 ] } },
{ "type": "Feature", "properties": { "cell_id": "R085_C081", "row": 85, "col": 81, "x": 376907.79057912464, "y": 2046411.902720903, "cell_area_m2": 900.0, "runoff_coefficient": 0.85000002384185791, "surface_class": "road" }, "geometry": { "type": "Point", "coordinates": [ 376907.790579124644864, 2046411.902720903046429 ] } },
{ "type": "Feature", "properties": { "cell_id": "R085_C082", "row": 85, "col": 82, "x": 376937.79057912464, "y": 2046411.902720903, "cell_area_m2": 900.0, "runoff_coefficient": 0.85000002384185791, "surface_class": "road" }, "geometry": { "type": "Point", "coordinates": [ 376937.790579124644864, 2046411.902720903046429 ] } },
{ "type": "Feature", "properties": { "cell_id": "R085_C083", "row": 85, "col": 83, "x": 376967.79057912464, "y": 2046411.902720903, "cell_area_m2": 900.0, "runoff_coefficient": 0.85000002384185791, "surface_class": "road" }, "geometry": { "type": "Point", "coordinates": [ 376967.790579124644864, 2046411.902720903046429 ] } },
{ "type": "Feature", "properties": { "cell_id": "R085_C084", "row": 85, "col": 84, "x": 376997.79057912464, "y": 2046411.902720903, "cell_area_m2": 900.0, "runoff_coefficient": 0.85000002384185791, "surface_class": "road" }, "geometry": { "type": "Point", "coordinates": [ 376997.790579124644864, 2046411.902720903046429 ] } },
{ "type": "Feature", "properties": { "cell_id": "R085_C085", "row": 85, "col": 85, "x": 377027.79057912464, "y": 2046411.902720903, "cell_area_m2": 900.0, "runoff_coefficient": 0.85000002384185791, "surface_class": "road" }, "geometry": { "type": "Point", "coordinates": [ 377027.790579124644864, 2046411.902720903046429 ] } },
{ "type": "Feature", "properties": { "cell_id": "R085_C086", "row": 85, "col": 86, "x": 377057.79057912464, "y": 2046411.902720903, "cell_area_m2": 900.0, "runoff_coefficient": 0.85000002384185791, "surface_class": "road" }, "geometry": { "type": "Point", "coordinates": [ 377057.790579124644864, 2046411.902720903046429 ] } },
{ "type": "Feature", "properties": { "cell_id": "R085_C087", "row": 85, "col": 87, "x": 377087.79057912464, "y": 2046411.902720903, "cell_area_m2": 900.0, "runoff_coefficient": 0.85000002384185791, "surface_class": "road" }, "geometry": { "type": "Point", "coordinates": [ 377087.790579124644864, 2046411.902720903046429 ] } },
{ "type": "Feature", "properties": { "cell_id": "R085_C088", "row": 85, "col": 88, "x": 377117.79057912464, "y": 2046411.902720903, "cell_area_m2": 900.0, "runoff_coefficient": 0.85000002384185791, "surface_class": "road" }, "geometry": { "type": "Point", "coordinates": [ 377117.790579124644864, 2046411.902720903046429 ] } },
{ "type": "Feature", "properties": { "cell_id": "R085_C089", "row": 85, "col": 89, "x": 377147.79057912464, "y": 2046411.902720903, "cell_area_m2": 900.0, "runoff_coefficient": 0.85000002384185791, "surface_class": "road" }, "geometry": { "type": "Point", "coordinates": [ 377147.790579124644864, 2046411.902720903046429 ] } },
{ "type": "Feature", "properties": { "cell_id": "R085_C090", "row": 85, "col": 90, "x": 377177.79057912464, "y": 2046411.902720903, "cell_area_m2": 900.0, "runoff_coefficient": 0.85000002384185791, "surface_class": "road" }, "geometry": { "type": "Point", "coordinates": [ 377177.790579124644864, 2046411.902720903046429 ] } },
{ "type": "Feature", "properties": { "cell_id": "R085_C091", "row": 85, "col": 91, "x": 377207.79057912464, "y": 2046411.902720903, "cell_area_m2": 900.0, "runoff_coefficient": 0.85000002384185791, "surface_class": "road" }, "geometry": { "type": "Point", "coordinates": [ 377207.790579124644864, 2046411.902720903046429 ] } },
{ "type": "Feature", "properties": { "cell_id": "R085_C092", "row": 85, "col": 92, "x": 377237.79057912464, "y": 2046411.902720903, "cell_area_m2": 900.0, "runoff_coefficient": 0.85000002384185791, "surface_class": "road" }, "geometry": { "type": "Point", "coordinates": [ 377237.790579124644864, 2046411.902720903046429 ] } },
{ "type": "Feature", "properties": { "cell_id": "R085_C093", "row": 85, "col": 93, "x": 377267.79057912464, "y": 2046411.902720903, "cell_area_m2": 900.0, "runoff_coefficient": 0.85000002384185791, "surface_class": "road" }, "geometry": { "type": "Point", "coordinates": [ 377267.790579124644864, 2046411.902720903046429 ] } },
{ "type": "Feature", "properties": { "cell_id": "R085_C094", "row": 85, "col": 94, "x": 377297.79057912464, "y": 2046411.902720903, "cell_area_m2": 900.0, "runoff_coefficient": 0.85000002384185791, "surface_class": "road" }, "geometry": { "type": "Point", "coordinates": [ 377297.790579124644864, 2046411.902720903046429 ] } },
{ "type": "Feature", "properties": { "cell_id": "R085_C095", "row": 85, "col": 95, "x": 377327.79057912464, "y": 2046411.902720903, "cell_area_m2": 900.0, "runoff_coefficient": 0.85000002384185791, "surface_class": "road" }, "geometry": { "type": "Point", "coordinates": [ 377327.790579124644864, 2046411.902720903046429 ] } },
{ "type": "Feature", "properties": { "cell_id": "R085_C096", "row": 85, "col": 96, "x": 377357.79057912464, "y": 2046411.902720903, "cell_area_m2": 900.0, "runoff_coefficient": 0.85000002384185791, "surface_class": "road" }, "geometry": { "type": "Point", "coordinates": [ 377357.790579124644864, 2046411.902720903046429 ] } },
{ "type": "Feature", "properties": { "cell_id": "R085_C097", "row": 85, "col": 97, "x": 377387.79057912464, "y": 2046411.902720903, "cell_area_m2": 900.0, "runoff_coefficient": 0.85000002384185791, "surface_class": "road" }, "geometry": { "type": "Point", "coordinates": [ 377387.790579124644864, 2046411.902720903046429 ] } },
{ "type": "Feature", "properties": { "cell_id": "R085_C098", "row": 85, "col": 98, "x": 377417.79057912464, "y": 2046411.902720903, "cell_area_m2": 900.0, "runoff_coefficient": 0.85000002384185791, "surface_class": "road" }, "geometry": { "type": "Point", "coordinates": [ 377417.790579124644864, 2046411.902720903046429 ] } },
{ "type": "Feature", "properties": { "cell_id": "R085_C099", "row": 85, "col": 99, "x": 377447.79057912464, "y": 2046411.902720903, "cell_area_m2": 900.0, "runoff_coefficient": 0.85000002384185791, "surface_class": "road" }, "geometry": { "type": "Point", "coordinates": [ 377447.790579124644864, 2046411.902720903046429 ] } },
{ "type": "Feature", "properties": { "cell_id": "R085_C100", "row": 85, "col": 100, "x": 377477.79057912464, "y": 2046411.902720903, "cell_area_m2": 900.0, "runoff_coefficient": 0.89999997615814209, "surface_class": "building" }, "geometry": { "type": "Point", "coordinates": [ 377477.790579124644864, 2046411.902720903046429 ] } },
{ "type": "Feature", "properties": { "cell_id": "R085_C101", "row": 85, "col": 101, "x": 377507.79057912464, "y": 2046411.902720903, "cell_area_m2": 900.0, "runoff_coefficient": 0.89999997615814209, "surface_class": "building" }, "geometry": { "type": "Point", "coordinates": [ 377507.790579124644864, 2046411.902720903046429 ] } },
{ "type": "Feature", "properties": { "cell_id": "R085_C102", "row": 85, "col": 102, "x": 377537.79057912464, "y": 2046411.902720903, "cell_area_m2": 900.0, "runoff_coefficient": 0.75, "surface_class": "default_urban" }, "geometry": { "type": "Point", "coordinates": [ 377537.790579124644864, 2046411.902720903046429 ] } },
{ "type": "Feature", "properties": { "cell_id": "R085_C103", "row": 85, "col": 103, "x": 377567.79057912464, "y": 2046411.902720903, "cell_area_m2": 900.0, "runoff_coefficient": 0.89999997615814209, "surface_class": "building" }, "geometry": { "type": "Point", "coordinates": [ 377567.790579124644864, 2046411.902720903046429 ] } },
{ "type": "Feature", "properties": { "cell_id": "R085_C104", "row": 85, "col": 104, "x": 377597.79057912464, "y": 2046411.902720903, "cell_area_m2": 900.0, "runoff_coefficient": 0.75, "surface_class": "default_urban" }, "geometry": { "type": "Point", "coordinates": [ 377597.790579124644864, 2046411.902720903046429 ] } },
{ "type": "Feature", "properties": { "cell_id": "R085_C105", "row": 85, "col": 105, "x": 377627.79057912464, "y": 2046411.902720903, "cell_area_m2": 900.0, "runoff_coefficient": 0.75, "surface_class": "default_urban" }, "geometry": { "type": "Point", "coordinates": [ 377627.790579124644864, 2046411.902720903046429 ] } },
{ "type": "Feature", "properties": { "cell_id": "R085_C106", "row": 85, "col": 106, "x": 377657.79057912464, "y": 2046411.902720903, "cell_area_m2": 900.0, "runoff_coefficient": 0.85000002384185791, "surface_class": "road" }, "geometry": { "type": "Point", "coordinates": [ 377657.790579124644864, 2046411.902720903046429 ] } },
{ "type": "Feature", "properties": { "cell_id": "R085_C107", "row": 85, "col": 107, "x": 377687.79057912464, "y": 2046411.902720903, "cell_area_m2": 900.0, "runoff_coefficient": 0.89999997615814209, "surface_class": "building" }, "geometry": { "type": "Point", "coordinates": [ 377687.790579124644864, 2046411.902720903046429 ] } },
{ "type": "Feature", "properties": { "cell_id": "R085_C108", "row": 85, "col": 108, "x": 377717.79057912464, "y": 2046411.902720903, "cell_area_m2": 900.0, "runoff_coefficient": 0.75, "surface_class": "default_urban" }, "geometry": { "type": "Point", "coordinates": [ 377717.790579124644864, 2046411.902720903046429 ] } },
{ "type": "Feature", "properties": { "cell_id": "R085_C109", "row": 85, "col": 109, "x": 377747.79057912464, "y": 2046411.902720903, "cell_area_m2": 900.0, "runoff_coefficient": 0.75, "surface_class": "default_urban" }, "geometry": { "type": "Point", "coordinates": [ 377747.790579124644864, 2046411.902720903046429 ] } },
{ "type": "Feature", "properties": { "cell_id": "R085_C110", "row": 85, "col": 110, "x": 377777.79057912464, "y": 2046411.902720903, "cell_area_m2": 900.0, "runoff_coefficient": 0.85000002384185791, "surface_class": "road" }, "geometry": { "type": "Point", "coordinates": [ 377777.790579124644864, 2046411.902720903046429 ] } },
{ "type": "Feature", "properties": { "cell_id": "R085_C111", "row": 85, "col": 111, "x": 377807.79057912464, "y": 2046411.902720903, "cell_area_m2": 900.0, "runoff_coefficient": 0.75, "surface_class": "default_urban" }, "geometry": { "type": "Point", "coordinates": [ 377807.790579124644864, 2046411.902720903046429 ] } },
{ "type": "Feature", "properties": { "cell_id": "R085_C112", "row": 85, "col": 112, "x": 377837.79057912464, "y": 2046411.902720903, "cell_area_m2": 900.0, "runoff_coefficient": 0.75, "surface_class": "default_urban" }, "geometry": { "type": "Point", "coordinates": [ 377837.790579124644864, 2046411.902720903046429 ] } },
{ "type": "Feature", "properties": { "cell_id": "R085_C113", "row": 85, "col": 113, "x": 377867.79057912464, "y": 2046411.902720903, "cell_area_m2": 900.0, "runoff_coefficient": 0.75, "surface_class": "default_urban" }, "geometry": { "type": "Point", "coordinates": [ 377867.790579124644864, 2046411.902720903046429 ] } },
{ "type": "Feature", "properties": { "cell_id": "R085_C114", "row": 85, "col": 114, "x": 377897.79057912464, "y": 2046411.902720903, "cell_area_m2": 900.0, "runoff_coefficient": 0.85000002384185791, "surface_class": "road" }, "geometry": { "type": "Point", "coordinates": [ 377897.790579124644864, 2046411.902720903046429 ] } },
{ "type": "Feature", "properties": { "cell_id": "R085_C115", "row": 85, "col": 115, "x": 377927.79057912464, "y": 2046411.902720903, "cell_area_m2": 900.0, "runoff_coefficient": 0.75, "surface_class": "default_urban" }, "geometry": { "type": "Point", "coordinates": [ 377927.790579124644864, 2046411.902720903046429 ] } },
{ "type": "Feature", "properties": { "cell_id": "R085_C116", "row": 85, "col": 116, "x": 377957.79057912464, "y": 2046411.902720903, "cell_area_m2": 900.0, "runoff_coefficient": 0.85000002384185791, "surface_class": "road" }, "geometry": { "type": "Point", "coordinates": [ 377957.790579124644864, 2046411.902720903046429 ] } },
{ "type": "Feature", "properties": { "cell_id": "R085_C117", "row": 85, "col": 117, "x": 377987.79057912464, "y": 2046411.902720903, "cell_area_m2": 900.0, "runoff_coefficient": 0.85000002384185791, "surface_class": "road" }, "geometry": { "type": "Point", "coordinates": [ 377987.790579124644864, 2046411.902720903046429 ] } },
{ "type": "Feature", "properties": { "cell_id": "R085_C118", "row": 85, "col": 118, "x": 378017.79057912464, "y": 2046411.902720903, "cell_area_m2": 900.0, "runoff_coefficient": 0.89999997615814209, "surface_class": "building" }, "geometry": { "type": "Point", "coordinates": [ 378017.790579124644864, 2046411.902720903046429 ] } },
{ "type": "Feature", "properties": { "cell_id": "R085_C119", "row": 85, "col": 119, "x": 378047.79057912464, "y": 2046411.902720903, "cell_area_m2": 900.0, "runoff_coefficient": 0.89999997615814209, "surface_class": "building" }, "geometry": { "type": "Point", "coordinates": [ 378047.790579124644864, 2046411.902720903046429 ] } },
{ "type": "Feature", "properties": { "cell_id": "R085_C120", "row": 85, "col": 120, "x": 378077.79057912464, "y": 2046411.902720903, "cell_area_m2": 900.0, "runoff_coefficient": 0.85000002384185791, "surface_class": "road" }, "geometry": { "type": "Point", "coordinates": [ 378077.790579124644864, 2046411.902720903046429 ] } },
{ "type": "Feature", "properties": { "cell_id": "R085_C121", "row": 85, "col": 121, "x": 378107.79057912464, "y": 2046411.902720903, "cell_area_m2": 900.0, "runoff_coefficient": 0.75, "surface_class": "default_urban" }, "geometry": { "type": "Point", "coordinates": [ 378107.790579124644864, 2046411.902720903046429 ] } },
{ "type": "Feature", "properties": { "cell_id": "R085_C122", "row": 85, "col": 122, "x": 378137.79057912464, "y": 2046411.902720903, "cell_area_m2": 900.0, "runoff_coefficient": 0.89999997615814209, "surface_class": "building" }, "geometry": { "type": "Point", "coordinates": [ 378137.790579124644864, 2046411.902720903046429 ] } },
{ "type": "Feature", "properties": { "cell_id": "R085_C123", "row": 85, "col": 123, "x": 378167.79057912464, "y": 2046411.902720903, "cell_area_m2": 900.0, "runoff_coefficient": 0.85000002384185791, "surface_class": "road" }, "geometry": { "type": "Point", "coordinates": [ 378167.790579124644864, 2046411.902720903046429 ] } },
{ "type": "Feature", "properties": { "cell_id": "R085_C124", "row": 85, "col": 124, "x": 378197.79057912464, "y": 2046411.902720903, "cell_area_m2": 900.0, "runoff_coefficient": 0.85000002384185791, "surface_class": "road" }, "geometry": { "type": "Point", "coordinates": [ 378197.790579124644864, 2046411.902720903046429 ] } },
{ "type": "Feature", "properties": { "cell_id": "R085_C125", "row": 85, "col": 125, "x": 378227.79057912464, "y": 2046411.902720903, "cell_area_m2": 900.0, "runoff_coefficient": 0.85000002384185791, "surface_class": "road" }, "geometry": { "type": "Point", "coordinates": [ 378227.790579124644864, 2046411.902720903046429 ] } },
{ "type": "Feature", "properties": { "cell_id": "R085_C126", "row": 85, "col": 126, "x": 378257.79057912464, "y": 2046411.902720903, "cell_area_m2": 900.0, "runoff_coefficient": 0.85000002384185791, "surface_class": "road" }, "geometry": { "type": "Point", "coordinates": [ 378257.790579124644864, 2046411.902720903046429 ] } },
{ "type": "Feature", "properties": { "cell_id": "R085_C127", "row": 85, "col": 127, "x": 378287.79057912464, "y": 2046411.902720903, "cell_area_m2": 900.0, "runoff_coefficient": 0.85000002384185791, "surface_class": "road" }, "geometry": { "type": "Point", "coordinates": [ 378287.790579124644864, 2046411.902720903046429 ] } },
{ "type": "Feature", "properties": { "cell_id": "R085_C128", "row": 85, "col": 128, "x": 378317.79057912464, "y": 2046411.902720903, "cell_area_m2": 900.0, "runoff_coefficient": 0.85000002384185791, "surface_class": "road" }, "geometry": { "type": "Point", "coordinates": [ 378317.790579124644864, 2046411.902720903046429 ] } },
{ "type": "Feature", "properties": { "cell_id": "R085_C129", "row": 85, "col": 129, "x": 378347.79057912464, "y": 2046411.902720903, "cell_area_m2": 900.0, "runoff_coefficient": 0.89999997615814209, "surface_class": "building" }, "geometry": { "type": "Point", "coordinates": [ 378347.790579124644864, 2046411.902720903046429 ] } },
{ "type": "Feature", "properties": { "cell_id": "R085_C130", "row": 85, "col": 130, "x": 378377.79057912464, "y": 2046411.902720903, "cell_area_m2": 900.0, "runoff_coefficient": 0.75, "surface_class": "default_urban" }, "geometry": { "type": "Point", "coordinates": [ 378377.790579124644864, 2046411.902720903046429 ] } },
{ "type": "Feature", "properties": { "cell_id": "R085_C131", "row": 85, "col": 131, "x": 378407.79057912464, "y": 2046411.902720903, "cell_area_m2": 900.0, "runoff_coefficient": 0.75, "surface_class": "default_urban" }, "geometry": { "type": "Point", "coordinates": [ 378407.790579124644864, 2046411.902720903046429 ] } },
{ "type": "Feature", "properties": { "cell_id": "R085_C132", "row": 85, "col": 132, "x": 378437.79057912464, "y": 2046411.902720903, "cell_area_m2": 900.0, "runoff_coefficient": 0.75, "surface_class": "default_urban" }, "geometry": { "type": "Point", "coordinates": [ 378437.790579124644864, 2046411.902720903046429 ] } },
{ "type": "Feature", "properties": { "cell_id": "R085_C133", "row": 85, "col": 133, "x": 378467.79057912464, "y": 2046411.902720903, "cell_area_m2": 900.0, "runoff_coefficient": 0.75, "surface_class": "default_urban" }, "geometry": { "type": "Point", "coordinates": [ 378467.790579124644864, 2046411.902720903046429 ] } },
{ "type": "Feature", "properties": { "cell_id": "R085_C134", "row": 85, "col": 134, "x": 378497.79057912464, "y": 2046411.902720903, "cell_area_m2": 900.0, "runoff_coefficient": 0.75, "surface_class": "default_urban" }, "geometry": { "type": "Point", "coordinates": [ 378497.790579124644864, 2046411.902720903046429 ] } },
{ "type": "Feature", "properties": { "cell_id": "R085_C135", "row": 85, "col": 135, "x": 378527.79057912464, "y": 2046411.902720903, "cell_area_m2": 900.0, "runoff_coefficient": 0.89999997615814209, "surface_class": "building" }, "geometry": { "type": "Point", "coordinates": [ 378527.790579124644864, 2046411.902720903046429 ] } },
{ "type": "Feature", "properties": { "cell_id": "R085_C136", "row": 85, "col": 136, "x": 378557.79057912464, "y": 2046411.902720903, "cell_area_m2": 900.0, "runoff_coefficient": 0.89999997615814209, "surface_class": "building" }, "geometry": { "type": "Point", "coordinates": [ 378557.790579124644864, 2046411.902720903046429 ] } },
{ "type": "Feature", "properties": { "cell_id": "R085_C137", "row": 85, "col": 137, "x": 378587.79057912464, "y": 2046411.902720903, "cell_area_m2": 900.0, "runoff_coefficient": 0.75, "surface_class": "default_urban" }, "geometry": { "type": "Point", "coordinates": [ 378587.790579124644864, 2046411.902720903046429 ] } },
{ "type": "Feature", "properties": { "cell_id": "R086_C068", "row": 86, "col": 68, "x": 376517.79057912464, "y": 2046381.902720903, "cell_area_m2": 900.0, "runoff_coefficient": 0.89999997615814209, "surface_class": "building" }, "geometry": { "type": "Point", "coordinates": [ 376517.790579124644864, 2046381.902720903046429 ] } },
{ "type": "Feature", "properties": { "cell_id": "R086_C069", "row": 86, "col": 69, "x": 376547.79057912464, "y": 2046381.902720903, "cell_area_m2": 900.0, "runoff_coefficient": 0.89999997615814209, "surface_class": "building" }, "geometry": { "type": "Point", "coordinates": [ 376547.790579124644864, 2046381.902720903046429 ] } },
{ "type": "Feature", "properties": { "cell_id": "R086_C070", "row": 86, "col": 70, "x": 376577.79057912464, "y": 2046381.902720903, "cell_area_m2": 900.0, "runoff_coefficient": 0.89999997615814209, "surface_class": "building" }, "geometry": { "type": "Point", "coordinates": [ 376577.790579124644864, 2046381.902720903046429 ] } },
{ "type": "Feature", "properties": { "cell_id": "R086_C071", "row": 86, "col": 71, "x": 376607.79057912464, "y": 2046381.902720903, "cell_area_m2": 900.0, "runoff_coefficient": 0.85000002384185791, "surface_class": "road" }, "geometry": { "type": "Point", "coordinates": [ 376607.790579124644864, 2046381.902720903046429 ] } },
{ "type": "Feature", "properties": { "cell_id": "R086_C072", "row": 86, "col": 72, "x": 376637.79057912464, "y": 2046381.902720903, "cell_area_m2": 900.0, "runoff_coefficient": 0.85000002384185791, "surface_class": "road" }, "geometry": { "type": "Point", "coordinates": [ 376637.790579124644864, 2046381.902720903046429 ] } },
{ "type": "Feature", "properties": { "cell_id": "R086_C073", "row": 86, "col": 73, "x": 376667.79057912464, "y": 2046381.902720903, "cell_area_m2": 900.0, "runoff_coefficient": 0.85000002384185791, "surface_class": "road" }, "geometry": { "type": "Point", "coordinates": [ 376667.790579124644864, 2046381.902720903046429 ] } },
{ "type": "Feature", "properties": { "cell_id": "R086_C074", "row": 86, "col": 74, "x": 376697.79057912464, "y": 2046381.902720903, "cell_area_m2": 900.0, "runoff_coefficient": 0.75, "surface_class": "default_urban" }, "geometry": { "type": "Point", "coordinates": [ 376697.790579124644864, 2046381.902720903046429 ] } },
{ "type": "Feature", "properties": { "cell_id": "R086_C075", "row": 86, "col": 75, "x": 376727.79057912464, "y": 2046381.902720903, "cell_area_m2": 900.0, "runoff_coefficient": 0.85000002384185791, "surface_class": "road" }, "geometry": { "type": "Point", "coordinates": [ 376727.790579124644864, 2046381.902720903046429 ] } },
{ "type": "Feature", "properties": { "cell_id": "R086_C076", "row": 86, "col": 76, "x": 376757.79057912464, "y": 2046381.902720903, "cell_area_m2": 900.0, "runoff_coefficient": 0.85000002384185791, "surface_class": "road" }, "geometry": { "type": "Point", "coordinates": [ 376757.790579124644864, 2046381.902720903046429 ] } },
{ "type": "Feature", "properties": { "cell_id": "R086_C077", "row": 86, "col": 77, "x": 376787.79057912464, "y": 2046381.902720903, "cell_area_m2": 900.0, "runoff_coefficient": 0.85000002384185791, "surface_class": "road" }, "geometry": { "type": "Point", "coordinates": [ 376787.790579124644864, 2046381.902720903046429 ] } },
{ "type": "Feature", "properties": { "cell_id": "R086_C078", "row": 86, "col": 78, "x": 376817.79057912464, "y": 2046381.902720903, "cell_area_m2": 900.0, "runoff_coefficient": 0.85000002384185791, "surface_class": "road" }, "geometry": { "type": "Point", "coordinates": [ 376817.790579124644864, 2046381.902720903046429 ] } },
{ "type": "Feature", "properties": { "cell_id": "R086_C079", "row": 86, "col": 79, "x": 376847.79057912464, "y": 2046381.902720903, "cell_area_m2": 900.0, "runoff_coefficient": 0.89999997615814209, "surface_class": "building" }, "geometry": { "type": "Point", "coordinates": [ 376847.790579124644864, 2046381.902720903046429 ] } },
{ "type": "Feature", "properties": { "cell_id": "R086_C080", "row": 86, "col": 80, "x": 376877.79057912464, "y": 2046381.902720903, "cell_area_m2": 900.0, "runoff_coefficient": 0.89999997615814209, "surface_class": "building" }, "geometry": { "type": "Point", "coordinates": [ 376877.790579124644864, 2046381.902720903046429 ] } },
{ "type": "Feature", "properties": { "cell_id": "R086_C081", "row": 86, "col": 81, "x": 376907.79057912464, "y": 2046381.902720903, "cell_area_m2": 900.0, "runoff_coefficient": 0.89999997615814209, "surface_class": "building" }, "geometry": { "type": "Point", "coordinates": [ 376907.790579124644864, 2046381.902720903046429 ] } },
{ "type": "Feature", "properties": { "cell_id": "R086_C082", "row": 86, "col": 82, "x": 376937.79057912464, "y": 2046381.902720903, "cell_area_m2": 900.0, "runoff_coefficient": 0.75, "surface_class": "default_urban" }, "geometry": { "type": "Point", "coordinates": [ 376937.790579124644864, 2046381.902720903046429 ] } },
{ "type": "Feature", "properties": { "cell_id": "R086_C083", "row": 86, "col": 83, "x": 376967.79057912464, "y": 2046381.902720903, "cell_area_m2": 900.0, "runoff_coefficient": 0.75, "surface_class": "default_urban" }, "geometry": { "type": "Point", "coordinates": [ 376967.790579124644864, 2046381.902720903046429 ] } },
{ "type": "Feature", "properties": { "cell_id": "R086_C084", "row": 86, "col": 84, "x": 376997.79057912464, "y": 2046381.902720903, "cell_area_m2": 900.0, "runoff_coefficient": 0.75, "surface_class": "default_urban" }, "geometry": { "type": "Point", "coordinates": [ 376997.790579124644864, 2046381.902720903046429 ] } },
{ "type": "Feature", "properties": { "cell_id": "R086_C085", "row": 86, "col": 85, "x": 377027.79057912464, "y": 2046381.902720903, "cell_area_m2": 900.0, "runoff_coefficient": 0.85000002384185791, "surface_class": "road" }, "geometry": { "type": "Point", "coordinates": [ 377027.790579124644864, 2046381.902720903046429 ] } },
{ "type": "Feature", "properties": { "cell_id": "R086_C086", "row": 86, "col": 86, "x": 377057.79057912464, "y": 2046381.902720903, "cell_area_m2": 900.0, "runoff_coefficient": 0.89999997615814209, "surface_class": "building" }, "geometry": { "type": "Point", "coordinates": [ 377057.790579124644864, 2046381.902720903046429 ] } },
{ "type": "Feature", "properties": { "cell_id": "R086_C087", "row": 86, "col": 87, "x": 377087.79057912464, "y": 2046381.902720903, "cell_area_m2": 900.0, "runoff_coefficient": 0.75, "surface_class": "default_urban" }, "geometry": { "type": "Point", "coordinates": [ 377087.790579124644864, 2046381.902720903046429 ] } },
{ "type": "Feature", "properties": { "cell_id": "R086_C088", "row": 86, "col": 88, "x": 377117.79057912464, "y": 2046381.902720903, "cell_area_m2": 900.0, "runoff_coefficient": 0.75, "surface_class": "default_urban" }, "geometry": { "type": "Point", "coordinates": [ 377117.790579124644864, 2046381.902720903046429 ] } },
{ "type": "Feature", "properties": { "cell_id": "R086_C089", "row": 86, "col": 89, "x": 377147.79057912464, "y": 2046381.902720903, "cell_area_m2": 900.0, "runoff_coefficient": 0.75, "surface_class": "default_urban" }, "geometry": { "type": "Point", "coordinates": [ 377147.790579124644864, 2046381.902720903046429 ] } },
{ "type": "Feature", "properties": { "cell_id": "R086_C090", "row": 86, "col": 90, "x": 377177.79057912464, "y": 2046381.902720903, "cell_area_m2": 900.0, "runoff_coefficient": 0.75, "surface_class": "default_urban" }, "geometry": { "type": "Point", "coordinates": [ 377177.790579124644864, 2046381.902720903046429 ] } },
{ "type": "Feature", "properties": { "cell_id": "R086_C091", "row": 86, "col": 91, "x": 377207.79057912464, "y": 2046381.902720903, "cell_area_m2": 900.0, "runoff_coefficient": 0.75, "surface_class": "default_urban" }, "geometry": { "type": "Point", "coordinates": [ 377207.790579124644864, 2046381.902720903046429 ] } },
{ "type": "Feature", "properties": { "cell_id": "R086_C092", "row": 86, "col": 92, "x": 377237.79057912464, "y": 2046381.902720903, "cell_area_m2": 900.0, "runoff_coefficient": 0.75, "surface_class": "default_urban" }, "geometry": { "type": "Point", "coordinates": [ 377237.790579124644864, 2046381.902720903046429 ] } },
{ "type": "Feature", "properties": { "cell_id": "R086_C093", "row": 86, "col": 93, "x": 377267.79057912464, "y": 2046381.902720903, "cell_area_m2": 900.0, "runoff_coefficient": 0.85000002384185791, "surface_class": "road" }, "geometry": { "type": "Point", "coordinates": [ 377267.790579124644864, 2046381.902720903046429 ] } },
{ "type": "Feature", "properties": { "cell_id": "R086_C094", "row": 86, "col": 94, "x": 377297.79057912464, "y": 2046381.902720903, "cell_area_m2": 900.0, "runoff_coefficient": 0.89999997615814209, "surface_class": "building" }, "geometry": { "type": "Point", "coordinates": [ 377297.790579124644864, 2046381.902720903046429 ] } },
{ "type": "Feature", "properties": { "cell_id": "R086_C095", "row": 86, "col": 95, "x": 377327.79057912464, "y": 2046381.902720903, "cell_area_m2": 900.0, "runoff_coefficient": 0.85000002384185791, "surface_class": "road" }, "geometry": { "type": "Point", "coordinates": [ 377327.790579124644864, 2046381.902720903046429 ] } },
{ "type": "Feature", "properties": { "cell_id": "R086_C096", "row": 86, "col": 96, "x": 377357.79057912464, "y": 2046381.902720903, "cell_area_m2": 900.0, "runoff_coefficient": 0.89999997615814209, "surface_class": "building" }, "geometry": { "type": "Point", "coordinates": [ 377357.790579124644864, 2046381.902720903046429 ] } },
{ "type": "Feature", "properties": { "cell_id": "R086_C097", "row": 86, "col": 97, "x": 377387.79057912464, "y": 2046381.902720903, "cell_area_m2": 900.0, "runoff_coefficient": 0.89999997615814209, "surface_class": "building" }, "geometry": { "type": "Point", "coordinates": [ 377387.790579124644864, 2046381.902720903046429 ] } },
{ "type": "Feature", "properties": { "cell_id": "R086_C098", "row": 86, "col": 98, "x": 377417.79057912464, "y": 2046381.902720903, "cell_area_m2": 900.0, "runoff_coefficient": 0.85000002384185791, "surface_class": "road" }, "geometry": { "type": "Point", "coordinates": [ 377417.790579124644864, 2046381.902720903046429 ] } },
{ "type": "Feature", "properties": { "cell_id": "R086_C099", "row": 86, "col": 99, "x": 377447.79057912464, "y": 2046381.902720903, "cell_area_m2": 900.0, "runoff_coefficient": 0.75, "surface_class": "default_urban" }, "geometry": { "type": "Point", "coordinates": [ 377447.790579124644864, 2046381.902720903046429 ] } },
{ "type": "Feature", "properties": { "cell_id": "R086_C100", "row": 86, "col": 100, "x": 377477.79057912464, "y": 2046381.902720903, "cell_area_m2": 900.0, "runoff_coefficient": 0.89999997615814209, "surface_class": "building" }, "geometry": { "type": "Point", "coordinates": [ 377477.790579124644864, 2046381.902720903046429 ] } },
{ "type": "Feature", "properties": { "cell_id": "R086_C101", "row": 86, "col": 101, "x": 377507.79057912464, "y": 2046381.902720903, "cell_area_m2": 900.0, "runoff_coefficient": 0.89999997615814209, "surface_class": "building" }, "geometry": { "type": "Point", "coordinates": [ 377507.790579124644864, 2046381.902720903046429 ] } },
{ "type": "Feature", "properties": { "cell_id": "R086_C102", "row": 86, "col": 102, "x": 377537.79057912464, "y": 2046381.902720903, "cell_area_m2": 900.0, "runoff_coefficient": 0.85000002384185791, "surface_class": "road" }, "geometry": { "type": "Point", "coordinates": [ 377537.790579124644864, 2046381.902720903046429 ] } },
{ "type": "Feature", "properties": { "cell_id": "R086_C103", "row": 86, "col": 103, "x": 377567.79057912464, "y": 2046381.902720903, "cell_area_m2": 900.0, "runoff_coefficient": 0.85000002384185791, "surface_class": "road" }, "geometry": { "type": "Point", "coordinates": [ 377567.790579124644864, 2046381.902720903046429 ] } },
{ "type": "Feature", "properties": { "cell_id": "R086_C104", "row": 86, "col": 104, "x": 377597.79057912464, "y": 2046381.902720903, "cell_area_m2": 900.0, "runoff_coefficient": 0.85000002384185791, "surface_class": "road" }, "geometry": { "type": "Point", "coordinates": [ 377597.790579124644864, 2046381.902720903046429 ] } },
{ "type": "Feature", "properties": { "cell_id": "R086_C105", "row": 86, "col": 105, "x": 377627.79057912464, "y": 2046381.902720903, "cell_area_m2": 900.0, "runoff_coefficient": 0.85000002384185791, "surface_class": "road" }, "geometry": { "type": "Point", "coordinates": [ 377627.790579124644864, 2046381.902720903046429 ] } },
{ "type": "Feature", "properties": { "cell_id": "R086_C106", "row": 86, "col": 106, "x": 377657.79057912464, "y": 2046381.902720903, "cell_area_m2": 900.0, "runoff_coefficient": 0.85000002384185791, "surface_class": "road" }, "geometry": { "type": "Point", "coordinates": [ 377657.790579124644864, 2046381.902720903046429 ] } },
{ "type": "Feature", "properties": { "cell_id": "R086_C107", "row": 86, "col": 107, "x": 377687.79057912464, "y": 2046381.902720903, "cell_area_m2": 900.0, "runoff_coefficient": 0.85000002384185791, "surface_class": "road" }, "geometry": { "type": "Point", "coordinates": [ 377687.790579124644864, 2046381.902720903046429 ] } },
{ "type": "Feature", "properties": { "cell_id": "R086_C108", "row": 86, "col": 108, "x": 377717.79057912464, "y": 2046381.902720903, "cell_area_m2": 900.0, "runoff_coefficient": 0.85000002384185791, "surface_class": "road" }, "geometry": { "type": "Point", "coordinates": [ 377717.790579124644864, 2046381.902720903046429 ] } },
{ "type": "Feature", "properties": { "cell_id": "R086_C109", "row": 86, "col": 109, "x": 377747.79057912464, "y": 2046381.902720903, "cell_area_m2": 900.0, "runoff_coefficient": 0.85000002384185791, "surface_class": "road" }, "geometry": { "type": "Point", "coordinates": [ 377747.790579124644864, 2046381.902720903046429 ] } },
{ "type": "Feature", "properties": { "cell_id": "R086_C110", "row": 86, "col": 110, "x": 377777.79057912464, "y": 2046381.902720903, "cell_area_m2": 900.0, "runoff_coefficient": 0.85000002384185791, "surface_class": "road" }, "geometry": { "type": "Point", "coordinates": [ 377777.790579124644864, 2046381.902720903046429 ] } },
{ "type": "Feature", "properties": { "cell_id": "R086_C111", "row": 86, "col": 111, "x": 377807.79057912464, "y": 2046381.902720903, "cell_area_m2": 900.0, "runoff_coefficient": 0.85000002384185791, "surface_class": "road" }, "geometry": { "type": "Point", "coordinates": [ 377807.790579124644864, 2046381.902720903046429 ] } },
{ "type": "Feature", "properties": { "cell_id": "R086_C112", "row": 86, "col": 112, "x": 377837.79057912464, "y": 2046381.902720903, "cell_area_m2": 900.0, "runoff_coefficient": 0.85000002384185791, "surface_class": "road" }, "geometry": { "type": "Point", "coordinates": [ 377837.790579124644864, 2046381.902720903046429 ] } },
{ "type": "Feature", "properties": { "cell_id": "R086_C113", "row": 86, "col": 113, "x": 377867.79057912464, "y": 2046381.902720903, "cell_area_m2": 900.0, "runoff_coefficient": 0.85000002384185791, "surface_class": "road" }, "geometry": { "type": "Point", "coordinates": [ 377867.790579124644864, 2046381.902720903046429 ] } },
{ "type": "Feature", "properties": { "cell_id": "R086_C114", "row": 86, "col": 114, "x": 377897.79057912464, "y": 2046381.902720903, "cell_area_m2": 900.0, "runoff_coefficient": 0.89999997615814209, "surface_class": "building" }, "geometry": { "type": "Point", "coordinates": [ 377897.790579124644864, 2046381.902720903046429 ] } },
{ "type": "Feature", "properties": { "cell_id": "R086_C115", "row": 86, "col": 115, "x": 377927.79057912464, "y": 2046381.902720903, "cell_area_m2": 900.0, "runoff_coefficient": 0.75, "surface_class": "default_urban" }, "geometry": { "type": "Point", "coordinates": [ 377927.790579124644864, 2046381.902720903046429 ] } },
{ "type": "Feature", "properties": { "cell_id": "R086_C116", "row": 86, "col": 116, "x": 377957.79057912464, "y": 2046381.902720903, "cell_area_m2": 900.0, "runoff_coefficient": 0.89999997615814209, "surface_class": "building" }, "geometry": { "type": "Point", "coordinates": [ 377957.790579124644864, 2046381.902720903046429 ] } },
{ "type": "Feature", "properties": { "cell_id": "R086_C117", "row": 86, "col": 117, "x": 377987.79057912464, "y": 2046381.902720903, "cell_area_m2": 900.0, "runoff_coefficient": 0.89999997615814209, "surface_class": "building" }, "geometry": { "type": "Point", "coordinates": [ 377987.790579124644864, 2046381.902720903046429 ] } },
{ "type": "Feature", "properties": { "cell_id": "R086_C118", "row": 86, "col": 118, "x": 378017.79057912464, "y": 2046381.902720903, "cell_area_m2": 900.0, "runoff_coefficient": 0.85000002384185791, "surface_class": "road" }, "geometry": { "type": "Point", "coordinates": [ 378017.790579124644864, 2046381.902720903046429 ] } },
{ "type": "Feature", "properties": { "cell_id": "R086_C119", "row": 86, "col": 119, "x": 378047.79057912464, "y": 2046381.902720903, "cell_area_m2": 900.0, "runoff_coefficient": 0.85000002384185791, "surface_class": "road" }, "geometry": { "type": "Point", "coordinates": [ 378047.790579124644864, 2046381.902720903046429 ] } },
{ "type": "Feature", "properties": { "cell_id": "R086_C120", "row": 86, "col": 120, "x": 378077.79057912464, "y": 2046381.902720903, "cell_area_m2": 900.0, "runoff_coefficient": 0.85000002384185791, "surface_class": "road" }, "geometry": { "type": "Point", "coordinates": [ 378077.790579124644864, 2046381.902720903046429 ] } },
{ "type": "Feature", "properties": { "cell_id": "R086_C121", "row": 86, "col": 121, "x": 378107.79057912464, "y": 2046381.902720903, "cell_area_m2": 900.0, "runoff_coefficient": 0.89999997615814209, "surface_class": "building" }, "geometry": { "type": "Point", "coordinates": [ 378107.790579124644864, 2046381.902720903046429 ] } },
{ "type": "Feature", "properties": { "cell_id": "R086_C122", "row": 86, "col": 122, "x": 378137.79057912464, "y": 2046381.902720903, "cell_area_m2": 900.0, "runoff_coefficient": 0.85000002384185791, "surface_class": "road" }, "geometry": { "type": "Point", "coordinates": [ 378137.790579124644864, 2046381.902720903046429 ] } },
{ "type": "Feature", "properties": { "cell_id": "R086_C123", "row": 86, "col": 123, "x": 378167.79057912464, "y": 2046381.902720903, "cell_area_m2": 900.0, "runoff_coefficient": 0.89999997615814209, "surface_class": "building" }, "geometry": { "type": "Point", "coordinates": [ 378167.790579124644864, 2046381.902720903046429 ] } },
{ "type": "Feature", "properties": { "cell_id": "R086_C124", "row": 86, "col": 124, "x": 378197.79057912464, "y": 2046381.902720903, "cell_area_m2": 900.0, "runoff_coefficient": 0.85000002384185791, "surface_class": "road" }, "geometry": { "type": "Point", "coordinates": [ 378197.790579124644864, 2046381.902720903046429 ] } },
{ "type": "Feature", "properties": { "cell_id": "R086_C125", "row": 86, "col": 125, "x": 378227.79057912464, "y": 2046381.902720903, "cell_area_m2": 900.0, "runoff_coefficient": 0.75, "surface_class": "default_urban" }, "geometry": { "type": "Point", "coordinates": [ 378227.790579124644864, 2046381.902720903046429 ] } },
{ "type": "Feature", "properties": { "cell_id": "R086_C126", "row": 86, "col": 126, "x": 378257.79057912464, "y": 2046381.902720903, "cell_area_m2": 900.0, "runoff_coefficient": 0.89999997615814209, "surface_class": "building" }, "geometry": { "type": "Point", "coordinates": [ 378257.790579124644864, 2046381.902720903046429 ] } },
{ "type": "Feature", "properties": { "cell_id": "R086_C127", "row": 86, "col": 127, "x": 378287.79057912464, "y": 2046381.902720903, "cell_area_m2": 900.0, "runoff_coefficient": 0.85000002384185791, "surface_class": "road" }, "geometry": { "type": "Point", "coordinates": [ 378287.790579124644864, 2046381.902720903046429 ] } },
{ "type": "Feature", "properties": { "cell_id": "R086_C128", "row": 86, "col": 128, "x": 378317.79057912464, "y": 2046381.902720903, "cell_area_m2": 900.0, "runoff_coefficient": 0.85000002384185791, "surface_class": "road" }, "geometry": { "type": "Point", "coordinates": [ 378317.790579124644864, 2046381.902720903046429 ] } },
{ "type": "Feature", "properties": { "cell_id": "R086_C129", "row": 86, "col": 129, "x": 378347.79057912464, "y": 2046381.902720903, "cell_area_m2": 900.0, "runoff_coefficient": 0.75, "surface_class": "default_urban" }, "geometry": { "type": "Point", "coordinates": [ 378347.790579124644864, 2046381.902720903046429 ] } },
{ "type": "Feature", "properties": { "cell_id": "R086_C130", "row": 86, "col": 130, "x": 378377.79057912464, "y": 2046381.902720903, "cell_area_m2": 900.0, "runoff_coefficient": 0.89999997615814209, "surface_class": "building" }, "geometry": { "type": "Point", "coordinates": [ 378377.790579124644864, 2046381.902720903046429 ] } },
{ "type": "Feature", "properties": { "cell_id": "R086_C131", "row": 86, "col": 131, "x": 378407.79057912464, "y": 2046381.902720903, "cell_area_m2": 900.0, "runoff_coefficient": 0.89999997615814209, "surface_class": "building" }, "geometry": { "type": "Point", "coordinates": [ 378407.790579124644864, 2046381.902720903046429 ] } },
{ "type": "Feature", "properties": { "cell_id": "R086_C132", "row": 86, "col": 132, "x": 378437.79057912464, "y": 2046381.902720903, "cell_area_m2": 900.0, "runoff_coefficient": 0.89999997615814209, "surface_class": "building" }, "geometry": { "type": "Point", "coordinates": [ 378437.790579124644864, 2046381.902720903046429 ] } },
{ "type": "Feature", "properties": { "cell_id": "R086_C133", "row": 86, "col": 133, "x": 378467.79057912464, "y": 2046381.902720903, "cell_area_m2": 900.0, "runoff_coefficient": 0.75, "surface_class": "default_urban" }, "geometry": { "type": "Point", "coordinates": [ 378467.790579124644864, 2046381.902720903046429 ] } },
{ "type": "Feature", "properties": { "cell_id": "R086_C134", "row": 86, "col": 134, "x": 378497.79057912464, "y": 2046381.902720903, "cell_area_m2": 900.0, "runoff_coefficient": 0.75, "surface_class": "default_urban" }, "geometry": { "type": "Point", "coordinates": [ 378497.790579124644864, 2046381.902720903046429 ] } },
{ "type": "Feature", "properties": { "cell_id": "R086_C135", "row": 86, "col": 135, "x": 378527.79057912464, "y": 2046381.902720903, "cell_area_m2": 900.0, "runoff_coefficient": 0.85000002384185791, "surface_class": "road" }, "geometry": { "type": "Point", "coordinates": [ 378527.790579124644864, 2046381.902720903046429 ] } },
{ "type": "Feature", "properties": { "cell_id": "R086_C136", "row": 86, "col": 136, "x": 378557.79057912464, "y": 2046381.902720903, "cell_area_m2": 900.0, "runoff_coefficient": 0.85000002384185791, "surface_class": "road" }, "geometry": { "type": "Point", "coordinates": [ 378557.790579124644864, 2046381.902720903046429 ] } },
{ "type": "Feature", "properties": { "cell_id": "R086_C137", "row": 86, "col": 137, "x": 378587.79057912464, "y": 2046381.902720903, "cell_area_m2": 900.0, "runoff_coefficient": 0.85000002384185791, "surface_class": "road" }, "geometry": { "type": "Point", "coordinates": [ 378587.790579124644864, 2046381.902720903046429 ] } },
{ "type": "Feature", "properties": { "cell_id": "R087_C068", "row": 87, "col": 68, "x": 376517.79057912464, "y": 2046351.902720903, "cell_area_m2": 900.0, "runoff_coefficient": 0.75, "surface_class": "default_urban" }, "geometry": { "type": "Point", "coordinates": [ 376517.790579124644864, 2046351.902720903046429 ] } },
{ "type": "Feature", "properties": { "cell_id": "R087_C069", "row": 87, "col": 69, "x": 376547.79057912464, "y": 2046351.902720903, "cell_area_m2": 900.0, "runoff_coefficient": 0.85000002384185791, "surface_class": "road" }, "geometry": { "type": "Point", "coordinates": [ 376547.790579124644864, 2046351.902720903046429 ] } },
{ "type": "Feature", "properties": { "cell_id": "R087_C070", "row": 87, "col": 70, "x": 376577.79057912464, "y": 2046351.902720903, "cell_area_m2": 900.0, "runoff_coefficient": 0.85000002384185791, "surface_class": "road" }, "geometry": { "type": "Point", "coordinates": [ 376577.790579124644864, 2046351.902720903046429 ] } },
{ "type": "Feature", "properties": { "cell_id": "R087_C071", "row": 87, "col": 71, "x": 376607.79057912464, "y": 2046351.902720903, "cell_area_m2": 900.0, "runoff_coefficient": 0.85000002384185791, "surface_class": "road" }, "geometry": { "type": "Point", "coordinates": [ 376607.790579124644864, 2046351.902720903046429 ] } },
{ "type": "Feature", "properties": { "cell_id": "R087_C072", "row": 87, "col": 72, "x": 376637.79057912464, "y": 2046351.902720903, "cell_area_m2": 900.0, "runoff_coefficient": 0.85000002384185791, "surface_class": "road" }, "geometry": { "type": "Point", "coordinates": [ 376637.790579124644864, 2046351.902720903046429 ] } },
{ "type": "Feature", "properties": { "cell_id": "R087_C073", "row": 87, "col": 73, "x": 376667.79057912464, "y": 2046351.902720903, "cell_area_m2": 900.0, "runoff_coefficient": 0.89999997615814209, "surface_class": "building" }, "geometry": { "type": "Point", "coordinates": [ 376667.790579124644864, 2046351.902720903046429 ] } },
{ "type": "Feature", "properties": { "cell_id": "R087_C074", "row": 87, "col": 74, "x": 376697.79057912464, "y": 2046351.902720903, "cell_area_m2": 900.0, "runoff_coefficient": 0.89999997615814209, "surface_class": "building" }, "geometry": { "type": "Point", "coordinates": [ 376697.790579124644864, 2046351.902720903046429 ] } },
{ "type": "Feature", "properties": { "cell_id": "R087_C075", "row": 87, "col": 75, "x": 376727.79057912464, "y": 2046351.902720903, "cell_area_m2": 900.0, "runoff_coefficient": 0.85000002384185791, "surface_class": "road" }, "geometry": { "type": "Point", "coordinates": [ 376727.790579124644864, 2046351.902720903046429 ] } },
{ "type": "Feature", "properties": { "cell_id": "R087_C076", "row": 87, "col": 76, "x": 376757.79057912464, "y": 2046351.902720903, "cell_area_m2": 900.0, "runoff_coefficient": 0.75, "surface_class": "default_urban" }, "geometry": { "type": "Point", "coordinates": [ 376757.790579124644864, 2046351.902720903046429 ] } },
{ "type": "Feature", "properties": { "cell_id": "R087_C077", "row": 87, "col": 77, "x": 376787.79057912464, "y": 2046351.902720903, "cell_area_m2": 900.0, "runoff_coefficient": 0.75, "surface_class": "default_urban" }, "geometry": { "type": "Point", "coordinates": [ 376787.790579124644864, 2046351.902720903046429 ] } },
{ "type": "Feature", "properties": { "cell_id": "R087_C078", "row": 87, "col": 78, "x": 376817.79057912464, "y": 2046351.902720903, "cell_area_m2": 900.0, "runoff_coefficient": 0.75, "surface_class": "default_urban" }, "geometry": { "type": "Point", "coordinates": [ 376817.790579124644864, 2046351.902720903046429 ] } },
{ "type": "Feature", "properties": { "cell_id": "R087_C079", "row": 87, "col": 79, "x": 376847.79057912464, "y": 2046351.902720903, "cell_area_m2": 900.0, "runoff_coefficient": 0.89999997615814209, "surface_class": "building" }, "geometry": { "type": "Point", "coordinates": [ 376847.790579124644864, 2046351.902720903046429 ] } },
{ "type": "Feature", "properties": { "cell_id": "R087_C080", "row": 87, "col": 80, "x": 376877.79057912464, "y": 2046351.902720903, "cell_area_m2": 900.0, "runoff_coefficient": 0.75, "surface_class": "default_urban" }, "geometry": { "type": "Point", "coordinates": [ 376877.790579124644864, 2046351.902720903046429 ] } },
{ "type": "Feature", "properties": { "cell_id": "R087_C081", "row": 87, "col": 81, "x": 376907.79057912464, "y": 2046351.902720903, "cell_area_m2": 900.0, "runoff_coefficient": 0.75, "surface_class": "default_urban" }, "geometry": { "type": "Point", "coordinates": [ 376907.790579124644864, 2046351.902720903046429 ] } },
{ "type": "Feature", "properties": { "cell_id": "R087_C082", "row": 87, "col": 82, "x": 376937.79057912464, "y": 2046351.902720903, "cell_area_m2": 900.0, "runoff_coefficient": 0.75, "surface_class": "default_urban" }, "geometry": { "type": "Point", "coordinates": [ 376937.790579124644864, 2046351.902720903046429 ] } },
{ "type": "Feature", "properties": { "cell_id": "R087_C083", "row": 87, "col": 83, "x": 376967.79057912464, "y": 2046351.902720903, "cell_area_m2": 900.0, "runoff_coefficient": 0.75, "surface_class": "default_urban" }, "geometry": { "type": "Point", "coordinates": [ 376967.790579124644864, 2046351.902720903046429 ] } },
{ "type": "Feature", "properties": { "cell_id": "R087_C084", "row": 87, "col": 84, "x": 376997.79057912464, "y": 2046351.902720903, "cell_area_m2": 900.0, "runoff_coefficient": 0.75, "surface_class": "default_urban" }, "geometry": { "type": "Point", "coordinates": [ 376997.790579124644864, 2046351.902720903046429 ] } },
{ "type": "Feature", "properties": { "cell_id": "R087_C085", "row": 87, "col": 85, "x": 377027.79057912464, "y": 2046351.902720903, "cell_area_m2": 900.0, "runoff_coefficient": 0.85000002384185791, "surface_class": "road" }, "geometry": { "type": "Point", "coordinates": [ 377027.790579124644864, 2046351.902720903046429 ] } },
{ "type": "Feature", "properties": { "cell_id": "R087_C086", "row": 87, "col": 86, "x": 377057.79057912464, "y": 2046351.902720903, "cell_area_m2": 900.0, "runoff_coefficient": 0.75, "surface_class": "default_urban" }, "geometry": { "type": "Point", "coordinates": [ 377057.790579124644864, 2046351.902720903046429 ] } },
{ "type": "Feature", "properties": { "cell_id": "R087_C087", "row": 87, "col": 87, "x": 377087.79057912464, "y": 2046351.902720903, "cell_area_m2": 900.0, "runoff_coefficient": 0.75, "surface_class": "default_urban" }, "geometry": { "type": "Point", "coordinates": [ 377087.790579124644864, 2046351.902720903046429 ] } },
{ "type": "Feature", "properties": { "cell_id": "R087_C088", "row": 87, "col": 88, "x": 377117.79057912464, "y": 2046351.902720903, "cell_area_m2": 900.0, "runoff_coefficient": 0.89999997615814209, "surface_class": "building" }, "geometry": { "type": "Point", "coordinates": [ 377117.790579124644864, 2046351.902720903046429 ] } },
{ "type": "Feature", "properties": { "cell_id": "R087_C089", "row": 87, "col": 89, "x": 377147.79057912464, "y": 2046351.902720903, "cell_area_m2": 900.0, "runoff_coefficient": 0.75, "surface_class": "default_urban" }, "geometry": { "type": "Point", "coordinates": [ 377147.790579124644864, 2046351.902720903046429 ] } },
{ "type": "Feature", "properties": { "cell_id": "R087_C090", "row": 87, "col": 90, "x": 377177.79057912464, "y": 2046351.902720903, "cell_area_m2": 900.0, "runoff_coefficient": 0.75, "surface_class": "default_urban" }, "geometry": { "type": "Point", "coordinates": [ 377177.790579124644864, 2046351.902720903046429 ] } },
{ "type": "Feature", "properties": { "cell_id": "R087_C091", "row": 87, "col": 91, "x": 377207.79057912464, "y": 2046351.902720903, "cell_area_m2": 900.0, "runoff_coefficient": 0.75, "surface_class": "default_urban" }, "geometry": { "type": "Point", "coordinates": [ 377207.790579124644864, 2046351.902720903046429 ] } },
{ "type": "Feature", "properties": { "cell_id": "R087_C092", "row": 87, "col": 92, "x": 377237.79057912464, "y": 2046351.902720903, "cell_area_m2": 900.0, "runoff_coefficient": 0.75, "surface_class": "default_urban" }, "geometry": { "type": "Point", "coordinates": [ 377237.790579124644864, 2046351.902720903046429 ] } },
{ "type": "Feature", "properties": { "cell_id": "R087_C093", "row": 87, "col": 93, "x": 377267.79057912464, "y": 2046351.902720903, "cell_area_m2": 900.0, "runoff_coefficient": 0.75, "surface_class": "default_urban" }, "geometry": { "type": "Point", "coordinates": [ 377267.790579124644864, 2046351.902720903046429 ] } },
{ "type": "Feature", "properties": { "cell_id": "R087_C094", "row": 87, "col": 94, "x": 377297.79057912464, "y": 2046351.902720903, "cell_area_m2": 900.0, "runoff_coefficient": 0.75, "surface_class": "default_urban" }, "geometry": { "type": "Point", "coordinates": [ 377297.790579124644864, 2046351.902720903046429 ] } },
{ "type": "Feature", "properties": { "cell_id": "R087_C095", "row": 87, "col": 95, "x": 377327.79057912464, "y": 2046351.902720903, "cell_area_m2": 900.0, "runoff_coefficient": 0.75, "surface_class": "default_urban" }, "geometry": { "type": "Point", "coordinates": [ 377327.790579124644864, 2046351.902720903046429 ] } },
{ "type": "Feature", "properties": { "cell_id": "R087_C096", "row": 87, "col": 96, "x": 377357.79057912464, "y": 2046351.902720903, "cell_area_m2": 900.0, "runoff_coefficient": 0.85000002384185791, "surface_class": "road" }, "geometry": { "type": "Point", "coordinates": [ 377357.790579124644864, 2046351.902720903046429 ] } },
{ "type": "Feature", "properties": { "cell_id": "R087_C097", "row": 87, "col": 97, "x": 377387.79057912464, "y": 2046351.902720903, "cell_area_m2": 900.0, "runoff_coefficient": 0.85000002384185791, "surface_class": "road" }, "geometry": { "type": "Point", "coordinates": [ 377387.790579124644864, 2046351.902720903046429 ] } },
{ "type": "Feature", "properties": { "cell_id": "R087_C098", "row": 87, "col": 98, "x": 377417.79057912464, "y": 2046351.902720903, "cell_area_m2": 900.0, "runoff_coefficient": 0.85000002384185791, "surface_class": "road" }, "geometry": { "type": "Point", "coordinates": [ 377417.790579124644864, 2046351.902720903046429 ] } },
{ "type": "Feature", "properties": { "cell_id": "R087_C099", "row": 87, "col": 99, "x": 377447.79057912464, "y": 2046351.902720903, "cell_area_m2": 900.0, "runoff_coefficient": 0.75, "surface_class": "default_urban" }, "geometry": { "type": "Point", "coordinates": [ 377447.790579124644864, 2046351.902720903046429 ] } },
{ "type": "Feature", "properties": { "cell_id": "R087_C100", "row": 87, "col": 100, "x": 377477.79057912464, "y": 2046351.902720903, "cell_area_m2": 900.0, "runoff_coefficient": 0.75, "surface_class": "default_urban" }, "geometry": { "type": "Point", "coordinates": [ 377477.790579124644864, 2046351.902720903046429 ] } },
{ "type": "Feature", "properties": { "cell_id": "R087_C101", "row": 87, "col": 101, "x": 377507.79057912464, "y": 2046351.902720903, "cell_area_m2": 900.0, "runoff_coefficient": 0.89999997615814209, "surface_class": "building" }, "geometry": { "type": "Point", "coordinates": [ 377507.790579124644864, 2046351.902720903046429 ] } },
{ "type": "Feature", "properties": { "cell_id": "R087_C102", "row": 87, "col": 102, "x": 377537.79057912464, "y": 2046351.902720903, "cell_area_m2": 900.0, "runoff_coefficient": 0.75, "surface_class": "default_urban" }, "geometry": { "type": "Point", "coordinates": [ 377537.790579124644864, 2046351.902720903046429 ] } },
{ "type": "Feature", "properties": { "cell_id": "R087_C103", "row": 87, "col": 103, "x": 377567.79057912464, "y": 2046351.902720903, "cell_area_m2": 900.0, "runoff_coefficient": 0.85000002384185791, "surface_class": "road" }, "geometry": { "type": "Point", "coordinates": [ 377567.790579124644864, 2046351.902720903046429 ] } },
{ "type": "Feature", "properties": { "cell_id": "R087_C104", "row": 87, "col": 104, "x": 377597.79057912464, "y": 2046351.902720903, "cell_area_m2": 900.0, "runoff_coefficient": 0.85000002384185791, "surface_class": "road" }, "geometry": { "type": "Point", "coordinates": [ 377597.790579124644864, 2046351.902720903046429 ] } },
{ "type": "Feature", "properties": { "cell_id": "R087_C105", "row": 87, "col": 105, "x": 377627.79057912464, "y": 2046351.902720903, "cell_area_m2": 900.0, "runoff_coefficient": 0.85000002384185791, "surface_class": "road" }, "geometry": { "type": "Point", "coordinates": [ 377627.790579124644864, 2046351.902720903046429 ] } },
{ "type": "Feature", "properties": { "cell_id": "R087_C106", "row": 87, "col": 106, "x": 377657.79057912464, "y": 2046351.902720903, "cell_area_m2": 900.0, "runoff_coefficient": 0.85000002384185791, "surface_class": "road" }, "geometry": { "type": "Point", "coordinates": [ 377657.790579124644864, 2046351.902720903046429 ] } },
{ "type": "Feature", "properties": { "cell_id": "R087_C107", "row": 87, "col": 107, "x": 377687.79057912464, "y": 2046351.902720903, "cell_area_m2": 900.0, "runoff_coefficient": 0.85000002384185791, "surface_class": "road" }, "geometry": { "type": "Point", "coordinates": [ 377687.790579124644864, 2046351.902720903046429 ] } },
{ "type": "Feature", "properties": { "cell_id": "R087_C108", "row": 87, "col": 108, "x": 377717.79057912464, "y": 2046351.902720903, "cell_area_m2": 900.0, "runoff_coefficient": 0.85000002384185791, "surface_class": "road" }, "geometry": { "type": "Point", "coordinates": [ 377717.790579124644864, 2046351.902720903046429 ] } },
{ "type": "Feature", "properties": { "cell_id": "R087_C109", "row": 87, "col": 109, "x": 377747.79057912464, "y": 2046351.902720903, "cell_area_m2": 900.0, "runoff_coefficient": 0.75, "surface_class": "default_urban" }, "geometry": { "type": "Point", "coordinates": [ 377747.790579124644864, 2046351.902720903046429 ] } },
{ "type": "Feature", "properties": { "cell_id": "R087_C110", "row": 87, "col": 110, "x": 377777.79057912464, "y": 2046351.902720903, "cell_area_m2": 900.0, "runoff_coefficient": 0.85000002384185791, "surface_class": "road" }, "geometry": { "type": "Point", "coordinates": [ 377777.790579124644864, 2046351.902720903046429 ] } },
{ "type": "Feature", "properties": { "cell_id": "R087_C111", "row": 87, "col": 111, "x": 377807.79057912464, "y": 2046351.902720903, "cell_area_m2": 900.0, "runoff_coefficient": 0.75, "surface_class": "default_urban" }, "geometry": { "type": "Point", "coordinates": [ 377807.790579124644864, 2046351.902720903046429 ] } },
{ "type": "Feature", "properties": { "cell_id": "R087_C112", "row": 87, "col": 112, "x": 377837.79057912464, "y": 2046351.902720903, "cell_area_m2": 900.0, "runoff_coefficient": 0.85000002384185791, "surface_class": "road" }, "geometry": { "type": "Point", "coordinates": [ 377837.790579124644864, 2046351.902720903046429 ] } },
{ "type": "Feature", "properties": { "cell_id": "R087_C113", "row": 87, "col": 113, "x": 377867.79057912464, "y": 2046351.902720903, "cell_area_m2": 900.0, "runoff_coefficient": 0.89999997615814209, "surface_class": "building" }, "geometry": { "type": "Point", "coordinates": [ 377867.790579124644864, 2046351.902720903046429 ] } },
{ "type": "Feature", "properties": { "cell_id": "R087_C114", "row": 87, "col": 114, "x": 377897.79057912464, "y": 2046351.902720903, "cell_area_m2": 900.0, "runoff_coefficient": 0.85000002384185791, "surface_class": "road" }, "geometry": { "type": "Point", "coordinates": [ 377897.790579124644864, 2046351.902720903046429 ] } },
{ "type": "Feature", "properties": { "cell_id": "R087_C115", "row": 87, "col": 115, "x": 377927.79057912464, "y": 2046351.902720903, "cell_area_m2": 900.0, "runoff_coefficient": 0.85000002384185791, "surface_class": "road" }, "geometry": { "type": "Point", "coordinates": [ 377927.790579124644864, 2046351.902720903046429 ] } },
{ "type": "Feature", "properties": { "cell_id": "R087_C116", "row": 87, "col": 116, "x": 377957.79057912464, "y": 2046351.902720903, "cell_area_m2": 900.0, "runoff_coefficient": 0.85000002384185791, "surface_class": "road" }, "geometry": { "type": "Point", "coordinates": [ 377957.790579124644864, 2046351.902720903046429 ] } },
{ "type": "Feature", "properties": { "cell_id": "R087_C117", "row": 87, "col": 117, "x": 377987.79057912464, "y": 2046351.902720903, "cell_area_m2": 900.0, "runoff_coefficient": 0.89999997615814209, "surface_class": "building" }, "geometry": { "type": "Point", "coordinates": [ 377987.790579124644864, 2046351.902720903046429 ] } },
{ "type": "Feature", "properties": { "cell_id": "R087_C118", "row": 87, "col": 118, "x": 378017.79057912464, "y": 2046351.902720903, "cell_area_m2": 900.0, "runoff_coefficient": 0.89999997615814209, "surface_class": "building" }, "geometry": { "type": "Point", "coordinates": [ 378017.790579124644864, 2046351.902720903046429 ] } },
{ "type": "Feature", "properties": { "cell_id": "R087_C119", "row": 87, "col": 119, "x": 378047.79057912464, "y": 2046351.902720903, "cell_area_m2": 900.0, "runoff_coefficient": 0.85000002384185791, "surface_class": "road" }, "geometry": { "type": "Point", "coordinates": [ 378047.790579124644864, 2046351.902720903046429 ] } },
{ "type": "Feature", "properties": { "cell_id": "R087_C120", "row": 87, "col": 120, "x": 378077.79057912464, "y": 2046351.902720903, "cell_area_m2": 900.0, "runoff_coefficient": 0.85000002384185791, "surface_class": "road" }, "geometry": { "type": "Point", "coordinates": [ 378077.790579124644864, 2046351.902720903046429 ] } },
{ "type": "Feature", "properties": { "cell_id": "R087_C121", "row": 87, "col": 121, "x": 378107.79057912464, "y": 2046351.902720903, "cell_area_m2": 900.0, "runoff_coefficient": 0.85000002384185791, "surface_class": "road" }, "geometry": { "type": "Point", "coordinates": [ 378107.790579124644864, 2046351.902720903046429 ] } },
{ "type": "Feature", "properties": { "cell_id": "R087_C122", "row": 87, "col": 122, "x": 378137.79057912464, "y": 2046351.902720903, "cell_area_m2": 900.0, "runoff_coefficient": 0.85000002384185791, "surface_class": "road" }, "geometry": { "type": "Point", "coordinates": [ 378137.790579124644864, 2046351.902720903046429 ] } },
{ "type": "Feature", "properties": { "cell_id": "R087_C123", "row": 87, "col": 123, "x": 378167.79057912464, "y": 2046351.902720903, "cell_area_m2": 900.0, "runoff_coefficient": 0.75, "surface_class": "default_urban" }, "geometry": { "type": "Point", "coordinates": [ 378167.790579124644864, 2046351.902720903046429 ] } },
{ "type": "Feature", "properties": { "cell_id": "R087_C124", "row": 87, "col": 124, "x": 378197.79057912464, "y": 2046351.902720903, "cell_area_m2": 900.0, "runoff_coefficient": 0.85000002384185791, "surface_class": "road" }, "geometry": { "type": "Point", "coordinates": [ 378197.790579124644864, 2046351.902720903046429 ] } },
{ "type": "Feature", "properties": { "cell_id": "R087_C125", "row": 87, "col": 125, "x": 378227.79057912464, "y": 2046351.902720903, "cell_area_m2": 900.0, "runoff_coefficient": 0.85000002384185791, "surface_class": "road" }, "geometry": { "type": "Point", "coordinates": [ 378227.790579124644864, 2046351.902720903046429 ] } },
{ "type": "Feature", "properties": { "cell_id": "R087_C126", "row": 87, "col": 126, "x": 378257.79057912464, "y": 2046351.902720903, "cell_area_m2": 900.0, "runoff_coefficient": 0.89999997615814209, "surface_class": "building" }, "geometry": { "type": "Point", "coordinates": [ 378257.790579124644864, 2046351.902720903046429 ] } },
{ "type": "Feature", "properties": { "cell_id": "R087_C127", "row": 87, "col": 127, "x": 378287.79057912464, "y": 2046351.902720903, "cell_area_m2": 900.0, "runoff_coefficient": 0.89999997615814209, "surface_class": "building" }, "geometry": { "type": "Point", "coordinates": [ 378287.790579124644864, 2046351.902720903046429 ] } },
{ "type": "Feature", "properties": { "cell_id": "R087_C128", "row": 87, "col": 128, "x": 378317.79057912464, "y": 2046351.902720903, "cell_area_m2": 900.0, "runoff_coefficient": 0.85000002384185791, "surface_class": "road" }, "geometry": { "type": "Point", "coordinates": [ 378317.790579124644864, 2046351.902720903046429 ] } },
{ "type": "Feature", "properties": { "cell_id": "R087_C129", "row": 87, "col": 129, "x": 378347.79057912464, "y": 2046351.902720903, "cell_area_m2": 900.0, "runoff_coefficient": 0.85000002384185791, "surface_class": "road" }, "geometry": { "type": "Point", "coordinates": [ 378347.790579124644864, 2046351.902720903046429 ] } },
{ "type": "Feature", "properties": { "cell_id": "R087_C130", "row": 87, "col": 130, "x": 378377.79057912464, "y": 2046351.902720903, "cell_area_m2": 900.0, "runoff_coefficient": 0.85000002384185791, "surface_class": "road" }, "geometry": { "type": "Point", "coordinates": [ 378377.790579124644864, 2046351.902720903046429 ] } },
{ "type": "Feature", "properties": { "cell_id": "R087_C131", "row": 87, "col": 131, "x": 378407.79057912464, "y": 2046351.902720903, "cell_area_m2": 900.0, "runoff_coefficient": 0.85000002384185791, "surface_class": "road" }, "geometry": { "type": "Point", "coordinates": [ 378407.790579124644864, 2046351.902720903046429 ] } },
{ "type": "Feature", "properties": { "cell_id": "R087_C132", "row": 87, "col": 132, "x": 378437.79057912464, "y": 2046351.902720903, "cell_area_m2": 900.0, "runoff_coefficient": 0.85000002384185791, "surface_class": "road" }, "geometry": { "type": "Point", "coordinates": [ 378437.790579124644864, 2046351.902720903046429 ] } },
{ "type": "Feature", "properties": { "cell_id": "R087_C133", "row": 87, "col": 133, "x": 378467.79057912464, "y": 2046351.902720903, "cell_area_m2": 900.0, "runoff_coefficient": 0.85000002384185791, "surface_class": "road" }, "geometry": { "type": "Point", "coordinates": [ 378467.790579124644864, 2046351.902720903046429 ] } },
{ "type": "Feature", "properties": { "cell_id": "R087_C134", "row": 87, "col": 134, "x": 378497.79057912464, "y": 2046351.902720903, "cell_area_m2": 900.0, "runoff_coefficient": 0.85000002384185791, "surface_class": "road" }, "geometry": { "type": "Point", "coordinates": [ 378497.790579124644864, 2046351.902720903046429 ] } },
{ "type": "Feature", "properties": { "cell_id": "R087_C135", "row": 87, "col": 135, "x": 378527.79057912464, "y": 2046351.902720903, "cell_area_m2": 900.0, "runoff_coefficient": 0.89999997615814209, "surface_class": "building" }, "geometry": { "type": "Point", "coordinates": [ 378527.790579124644864, 2046351.902720903046429 ] } },
{ "type": "Feature", "properties": { "cell_id": "R087_C136", "row": 87, "col": 136, "x": 378557.79057912464, "y": 2046351.902720903, "cell_area_m2": 900.0, "runoff_coefficient": 0.75, "surface_class": "default_urban" }, "geometry": { "type": "Point", "coordinates": [ 378557.790579124644864, 2046351.902720903046429 ] } },
{ "type": "Feature", "properties": { "cell_id": "R087_C137", "row": 87, "col": 137, "x": 378587.79057912464, "y": 2046351.902720903, "cell_area_m2": 900.0, "runoff_coefficient": 0.85000002384185791, "surface_class": "road" }, "geometry": { "type": "Point", "coordinates": [ 378587.790579124644864, 2046351.902720903046429 ] } },
{ "type": "Feature", "properties": { "cell_id": "R088_C068", "row": 88, "col": 68, "x": 376517.79057912464, "y": 2046321.902720903, "cell_area_m2": 900.0, "runoff_coefficient": 0.85000002384185791, "surface_class": "road" }, "geometry": { "type": "Point", "coordinates": [ 376517.790579124644864, 2046321.902720903046429 ] } },
{ "type": "Feature", "properties": { "cell_id": "R088_C069", "row": 88, "col": 69, "x": 376547.79057912464, "y": 2046321.902720903, "cell_area_m2": 900.0, "runoff_coefficient": 0.85000002384185791, "surface_class": "road" }, "geometry": { "type": "Point", "coordinates": [ 376547.790579124644864, 2046321.902720903046429 ] } },
{ "type": "Feature", "properties": { "cell_id": "R088_C070", "row": 88, "col": 70, "x": 376577.79057912464, "y": 2046321.902720903, "cell_area_m2": 900.0, "runoff_coefficient": 0.75, "surface_class": "default_urban" }, "geometry": { "type": "Point", "coordinates": [ 376577.790579124644864, 2046321.902720903046429 ] } },
{ "type": "Feature", "properties": { "cell_id": "R088_C071", "row": 88, "col": 71, "x": 376607.79057912464, "y": 2046321.902720903, "cell_area_m2": 900.0, "runoff_coefficient": 0.85000002384185791, "surface_class": "road" }, "geometry": { "type": "Point", "coordinates": [ 376607.790579124644864, 2046321.902720903046429 ] } },
{ "type": "Feature", "properties": { "cell_id": "R088_C072", "row": 88, "col": 72, "x": 376637.79057912464, "y": 2046321.902720903, "cell_area_m2": 900.0, "runoff_coefficient": 0.89999997615814209, "surface_class": "building" }, "geometry": { "type": "Point", "coordinates": [ 376637.790579124644864, 2046321.902720903046429 ] } },
{ "type": "Feature", "properties": { "cell_id": "R088_C073", "row": 88, "col": 73, "x": 376667.79057912464, "y": 2046321.902720903, "cell_area_m2": 900.0, "runoff_coefficient": 0.85000002384185791, "surface_class": "road" }, "geometry": { "type": "Point", "coordinates": [ 376667.790579124644864, 2046321.902720903046429 ] } },
{ "type": "Feature", "properties": { "cell_id": "R088_C074", "row": 88, "col": 74, "x": 376697.79057912464, "y": 2046321.902720903, "cell_area_m2": 900.0, "runoff_coefficient": 0.89999997615814209, "surface_class": "building" }, "geometry": { "type": "Point", "coordinates": [ 376697.790579124644864, 2046321.902720903046429 ] } },
{ "type": "Feature", "properties": { "cell_id": "R088_C075", "row": 88, "col": 75, "x": 376727.79057912464, "y": 2046321.902720903, "cell_area_m2": 900.0, "runoff_coefficient": 0.85000002384185791, "surface_class": "road" }, "geometry": { "type": "Point", "coordinates": [ 376727.790579124644864, 2046321.902720903046429 ] } },
{ "type": "Feature", "properties": { "cell_id": "R088_C076", "row": 88, "col": 76, "x": 376757.79057912464, "y": 2046321.902720903, "cell_area_m2": 900.0, "runoff_coefficient": 0.75, "surface_class": "default_urban" }, "geometry": { "type": "Point", "coordinates": [ 376757.790579124644864, 2046321.902720903046429 ] } },
{ "type": "Feature", "properties": { "cell_id": "R088_C077", "row": 88, "col": 77, "x": 376787.79057912464, "y": 2046321.902720903, "cell_area_m2": 900.0, "runoff_coefficient": 0.75, "surface_class": "default_urban" }, "geometry": { "type": "Point", "coordinates": [ 376787.790579124644864, 2046321.902720903046429 ] } },
{ "type": "Feature", "properties": { "cell_id": "R088_C078", "row": 88, "col": 78, "x": 376817.79057912464, "y": 2046321.902720903, "cell_area_m2": 900.0, "runoff_coefficient": 0.75, "surface_class": "default_urban" }, "geometry": { "type": "Point", "coordinates": [ 376817.790579124644864, 2046321.902720903046429 ] } },
{ "type": "Feature", "properties": { "cell_id": "R088_C079", "row": 88, "col": 79, "x": 376847.79057912464, "y": 2046321.902720903, "cell_area_m2": 900.0, "runoff_coefficient": 0.75, "surface_class": "default_urban" }, "geometry": { "type": "Point", "coordinates": [ 376847.790579124644864, 2046321.902720903046429 ] } },
{ "type": "Feature", "properties": { "cell_id": "R088_C080", "row": 88, "col": 80, "x": 376877.79057912464, "y": 2046321.902720903, "cell_area_m2": 900.0, "runoff_coefficient": 0.75, "surface_class": "default_urban" }, "geometry": { "type": "Point", "coordinates": [ 376877.790579124644864, 2046321.902720903046429 ] } },
{ "type": "Feature", "properties": { "cell_id": "R088_C081", "row": 88, "col": 81, "x": 376907.79057912464, "y": 2046321.902720903, "cell_area_m2": 900.0, "runoff_coefficient": 0.75, "surface_class": "default_urban" }, "geometry": { "type": "Point", "coordinates": [ 376907.790579124644864, 2046321.902720903046429 ] } },
{ "type": "Feature", "properties": { "cell_id": "R088_C082", "row": 88, "col": 82, "x": 376937.79057912464, "y": 2046321.902720903, "cell_area_m2": 900.0, "runoff_coefficient": 0.75, "surface_class": "default_urban" }, "geometry": { "type": "Point", "coordinates": [ 376937.790579124644864, 2046321.902720903046429 ] } },
{ "type": "Feature", "properties": { "cell_id": "R088_C083", "row": 88, "col": 83, "x": 376967.79057912464, "y": 2046321.902720903, "cell_area_m2": 900.0, "runoff_coefficient": 0.75, "surface_class": "default_urban" }, "geometry": { "type": "Point", "coordinates": [ 376967.790579124644864, 2046321.902720903046429 ] } },
{ "type": "Feature", "properties": { "cell_id": "R088_C084", "row": 88, "col": 84, "x": 376997.79057912464, "y": 2046321.902720903, "cell_area_m2": 900.0, "runoff_coefficient": 0.75, "surface_class": "default_urban" }, "geometry": { "type": "Point", "coordinates": [ 376997.790579124644864, 2046321.902720903046429 ] } },
{ "type": "Feature", "properties": { "cell_id": "R088_C085", "row": 88, "col": 85, "x": 377027.79057912464, "y": 2046321.902720903, "cell_area_m2": 900.0, "runoff_coefficient": 0.85000002384185791, "surface_class": "road" }, "geometry": { "type": "Point", "coordinates": [ 377027.790579124644864, 2046321.902720903046429 ] } },
{ "type": "Feature", "properties": { "cell_id": "R088_C086", "row": 88, "col": 86, "x": 377057.79057912464, "y": 2046321.902720903, "cell_area_m2": 900.0, "runoff_coefficient": 0.75, "surface_class": "default_urban" }, "geometry": { "type": "Point", "coordinates": [ 377057.790579124644864, 2046321.902720903046429 ] } },
{ "type": "Feature", "properties": { "cell_id": "R088_C087", "row": 88, "col": 87, "x": 377087.79057912464, "y": 2046321.902720903, "cell_area_m2": 900.0, "runoff_coefficient": 0.75, "surface_class": "default_urban" }, "geometry": { "type": "Point", "coordinates": [ 377087.790579124644864, 2046321.902720903046429 ] } },
{ "type": "Feature", "properties": { "cell_id": "R088_C088", "row": 88, "col": 88, "x": 377117.79057912464, "y": 2046321.902720903, "cell_area_m2": 900.0, "runoff_coefficient": 0.89999997615814209, "surface_class": "building" }, "geometry": { "type": "Point", "coordinates": [ 377117.790579124644864, 2046321.902720903046429 ] } },
{ "type": "Feature", "properties": { "cell_id": "R088_C089", "row": 88, "col": 89, "x": 377147.79057912464, "y": 2046321.902720903, "cell_area_m2": 900.0, "runoff_coefficient": 0.75, "surface_class": "default_urban" }, "geometry": { "type": "Point", "coordinates": [ 377147.790579124644864, 2046321.902720903046429 ] } },
{ "type": "Feature", "properties": { "cell_id": "R088_C090", "row": 88, "col": 90, "x": 377177.79057912464, "y": 2046321.902720903, "cell_area_m2": 900.0, "runoff_coefficient": 0.75, "surface_class": "default_urban" }, "geometry": { "type": "Point", "coordinates": [ 377177.790579124644864, 2046321.902720903046429 ] } },
{ "type": "Feature", "properties": { "cell_id": "R088_C091", "row": 88, "col": 91, "x": 377207.79057912464, "y": 2046321.902720903, "cell_area_m2": 900.0, "runoff_coefficient": 0.75, "surface_class": "default_urban" }, "geometry": { "type": "Point", "coordinates": [ 377207.790579124644864, 2046321.902720903046429 ] } },
{ "type": "Feature", "properties": { "cell_id": "R088_C092", "row": 88, "col": 92, "x": 377237.79057912464, "y": 2046321.902720903, "cell_area_m2": 900.0, "runoff_coefficient": 0.75, "surface_class": "default_urban" }, "geometry": { "type": "Point", "coordinates": [ 377237.790579124644864, 2046321.902720903046429 ] } },
{ "type": "Feature", "properties": { "cell_id": "R088_C093", "row": 88, "col": 93, "x": 377267.79057912464, "y": 2046321.902720903, "cell_area_m2": 900.0, "runoff_coefficient": 0.75, "surface_class": "default_urban" }, "geometry": { "type": "Point", "coordinates": [ 377267.790579124644864, 2046321.902720903046429 ] } },
{ "type": "Feature", "properties": { "cell_id": "R088_C094", "row": 88, "col": 94, "x": 377297.79057912464, "y": 2046321.902720903, "cell_area_m2": 900.0, "runoff_coefficient": 0.85000002384185791, "surface_class": "road" }, "geometry": { "type": "Point", "coordinates": [ 377297.790579124644864, 2046321.902720903046429 ] } },
{ "type": "Feature", "properties": { "cell_id": "R088_C095", "row": 88, "col": 95, "x": 377327.79057912464, "y": 2046321.902720903, "cell_area_m2": 900.0, "runoff_coefficient": 0.85000002384185791, "surface_class": "road" }, "geometry": { "type": "Point", "coordinates": [ 377327.790579124644864, 2046321.902720903046429 ] } },
{ "type": "Feature", "properties": { "cell_id": "R088_C096", "row": 88, "col": 96, "x": 377357.79057912464, "y": 2046321.902720903, "cell_area_m2": 900.0, "runoff_coefficient": 0.85000002384185791, "surface_class": "road" }, "geometry": { "type": "Point", "coordinates": [ 377357.790579124644864, 2046321.902720903046429 ] } },
{ "type": "Feature", "properties": { "cell_id": "R088_C097", "row": 88, "col": 97, "x": 377387.79057912464, "y": 2046321.902720903, "cell_area_m2": 900.0, "runoff_coefficient": 0.85000002384185791, "surface_class": "road" }, "geometry": { "type": "Point", "coordinates": [ 377387.790579124644864, 2046321.902720903046429 ] } },
{ "type": "Feature", "properties": { "cell_id": "R088_C098", "row": 88, "col": 98, "x": 377417.79057912464, "y": 2046321.902720903, "cell_area_m2": 900.0, "runoff_coefficient": 0.89999997615814209, "surface_class": "building" }, "geometry": { "type": "Point", "coordinates": [ 377417.790579124644864, 2046321.902720903046429 ] } },
{ "type": "Feature", "properties": { "cell_id": "R088_C099", "row": 88, "col": 99, "x": 377447.79057912464, "y": 2046321.902720903, "cell_area_m2": 900.0, "runoff_coefficient": 0.75, "surface_class": "default_urban" }, "geometry": { "type": "Point", "coordinates": [ 377447.790579124644864, 2046321.902720903046429 ] } },
{ "type": "Feature", "properties": { "cell_id": "R088_C100", "row": 88, "col": 100, "x": 377477.79057912464, "y": 2046321.902720903, "cell_area_m2": 900.0, "runoff_coefficient": 0.75, "surface_class": "default_urban" }, "geometry": { "type": "Point", "coordinates": [ 377477.790579124644864, 2046321.902720903046429 ] } },
{ "type": "Feature", "properties": { "cell_id": "R088_C101", "row": 88, "col": 101, "x": 377507.79057912464, "y": 2046321.902720903, "cell_area_m2": 900.0, "runoff_coefficient": 0.75, "surface_class": "default_urban" }, "geometry": { "type": "Point", "coordinates": [ 377507.790579124644864, 2046321.902720903046429 ] } },
{ "type": "Feature", "properties": { "cell_id": "R088_C102", "row": 88, "col": 102, "x": 377537.79057912464, "y": 2046321.902720903, "cell_area_m2": 900.0, "runoff_coefficient": 0.75, "surface_class": "default_urban" }, "geometry": { "type": "Point", "coordinates": [ 377537.790579124644864, 2046321.902720903046429 ] } },
{ "type": "Feature", "properties": { "cell_id": "R088_C103", "row": 88, "col": 103, "x": 377567.79057912464, "y": 2046321.902720903, "cell_area_m2": 900.0, "runoff_coefficient": 0.85000002384185791, "surface_class": "road" }, "geometry": { "type": "Point", "coordinates": [ 377567.790579124644864, 2046321.902720903046429 ] } },
{ "type": "Feature", "properties": { "cell_id": "R088_C104", "row": 88, "col": 104, "x": 377597.79057912464, "y": 2046321.902720903, "cell_area_m2": 900.0, "runoff_coefficient": 0.89999997615814209, "surface_class": "building" }, "geometry": { "type": "Point", "coordinates": [ 377597.790579124644864, 2046321.902720903046429 ] } },
{ "type": "Feature", "properties": { "cell_id": "R088_C105", "row": 88, "col": 105, "x": 377627.79057912464, "y": 2046321.902720903, "cell_area_m2": 900.0, "runoff_coefficient": 0.85000002384185791, "surface_class": "road" }, "geometry": { "type": "Point", "coordinates": [ 377627.790579124644864, 2046321.902720903046429 ] } },
{ "type": "Feature", "properties": { "cell_id": "R088_C106", "row": 88, "col": 106, "x": 377657.79057912464, "y": 2046321.902720903, "cell_area_m2": 900.0, "runoff_coefficient": 0.75, "surface_class": "default_urban" }, "geometry": { "type": "Point", "coordinates": [ 377657.790579124644864, 2046321.902720903046429 ] } },
{ "type": "Feature", "properties": { "cell_id": "R088_C107", "row": 88, "col": 107, "x": 377687.79057912464, "y": 2046321.902720903, "cell_area_m2": 900.0, "runoff_coefficient": 0.75, "surface_class": "default_urban" }, "geometry": { "type": "Point", "coordinates": [ 377687.790579124644864, 2046321.902720903046429 ] } },
{ "type": "Feature", "properties": { "cell_id": "R088_C108", "row": 88, "col": 108, "x": 377717.79057912464, "y": 2046321.902720903, "cell_area_m2": 900.0, "runoff_coefficient": 0.85000002384185791, "surface_class": "road" }, "geometry": { "type": "Point", "coordinates": [ 377717.790579124644864, 2046321.902720903046429 ] } },
{ "type": "Feature", "properties": { "cell_id": "R088_C109", "row": 88, "col": 109, "x": 377747.79057912464, "y": 2046321.902720903, "cell_area_m2": 900.0, "runoff_coefficient": 0.85000002384185791, "surface_class": "road" }, "geometry": { "type": "Point", "coordinates": [ 377747.790579124644864, 2046321.902720903046429 ] } },
{ "type": "Feature", "properties": { "cell_id": "R088_C110", "row": 88, "col": 110, "x": 377777.79057912464, "y": 2046321.902720903, "cell_area_m2": 900.0, "runoff_coefficient": 0.85000002384185791, "surface_class": "road" }, "geometry": { "type": "Point", "coordinates": [ 377777.790579124644864, 2046321.902720903046429 ] } },
{ "type": "Feature", "properties": { "cell_id": "R088_C111", "row": 88, "col": 111, "x": 377807.79057912464, "y": 2046321.902720903, "cell_area_m2": 900.0, "runoff_coefficient": 0.85000002384185791, "surface_class": "road" }, "geometry": { "type": "Point", "coordinates": [ 377807.790579124644864, 2046321.902720903046429 ] } },
{ "type": "Feature", "properties": { "cell_id": "R088_C112", "row": 88, "col": 112, "x": 377837.79057912464, "y": 2046321.902720903, "cell_area_m2": 900.0, "runoff_coefficient": 0.89999997615814209, "surface_class": "building" }, "geometry": { "type": "Point", "coordinates": [ 377837.790579124644864, 2046321.902720903046429 ] } },
{ "type": "Feature", "properties": { "cell_id": "R088_C113", "row": 88, "col": 113, "x": 377867.79057912464, "y": 2046321.902720903, "cell_area_m2": 900.0, "runoff_coefficient": 0.89999997615814209, "surface_class": "building" }, "geometry": { "type": "Point", "coordinates": [ 377867.790579124644864, 2046321.902720903046429 ] } },
{ "type": "Feature", "properties": { "cell_id": "R088_C114", "row": 88, "col": 114, "x": 377897.79057912464, "y": 2046321.902720903, "cell_area_m2": 900.0, "runoff_coefficient": 0.85000002384185791, "surface_class": "road" }, "geometry": { "type": "Point", "coordinates": [ 377897.790579124644864, 2046321.902720903046429 ] } },
{ "type": "Feature", "properties": { "cell_id": "R088_C115", "row": 88, "col": 115, "x": 377927.79057912464, "y": 2046321.902720903, "cell_area_m2": 900.0, "runoff_coefficient": 0.85000002384185791, "surface_class": "road" }, "geometry": { "type": "Point", "coordinates": [ 377927.790579124644864, 2046321.902720903046429 ] } },
{ "type": "Feature", "properties": { "cell_id": "R088_C116", "row": 88, "col": 116, "x": 377957.79057912464, "y": 2046321.902720903, "cell_area_m2": 900.0, "runoff_coefficient": 0.85000002384185791, "surface_class": "road" }, "geometry": { "type": "Point", "coordinates": [ 377957.790579124644864, 2046321.902720903046429 ] } },
{ "type": "Feature", "properties": { "cell_id": "R088_C117", "row": 88, "col": 117, "x": 377987.79057912464, "y": 2046321.902720903, "cell_area_m2": 900.0, "runoff_coefficient": 0.85000002384185791, "surface_class": "road" }, "geometry": { "type": "Point", "coordinates": [ 377987.790579124644864, 2046321.902720903046429 ] } },
{ "type": "Feature", "properties": { "cell_id": "R088_C118", "row": 88, "col": 118, "x": 378017.79057912464, "y": 2046321.902720903, "cell_area_m2": 900.0, "runoff_coefficient": 0.85000002384185791, "surface_class": "road" }, "geometry": { "type": "Point", "coordinates": [ 378017.790579124644864, 2046321.902720903046429 ] } },
{ "type": "Feature", "properties": { "cell_id": "R088_C119", "row": 88, "col": 119, "x": 378047.79057912464, "y": 2046321.902720903, "cell_area_m2": 900.0, "runoff_coefficient": 0.89999997615814209, "surface_class": "building" }, "geometry": { "type": "Point", "coordinates": [ 378047.790579124644864, 2046321.902720903046429 ] } },
{ "type": "Feature", "properties": { "cell_id": "R088_C120", "row": 88, "col": 120, "x": 378077.79057912464, "y": 2046321.902720903, "cell_area_m2": 900.0, "runoff_coefficient": 0.85000002384185791, "surface_class": "road" }, "geometry": { "type": "Point", "coordinates": [ 378077.790579124644864, 2046321.902720903046429 ] } },
{ "type": "Feature", "properties": { "cell_id": "R088_C121", "row": 88, "col": 121, "x": 378107.79057912464, "y": 2046321.902720903, "cell_area_m2": 900.0, "runoff_coefficient": 0.85000002384185791, "surface_class": "road" }, "geometry": { "type": "Point", "coordinates": [ 378107.790579124644864, 2046321.902720903046429 ] } },
{ "type": "Feature", "properties": { "cell_id": "R088_C122", "row": 88, "col": 122, "x": 378137.79057912464, "y": 2046321.902720903, "cell_area_m2": 900.0, "runoff_coefficient": 0.89999997615814209, "surface_class": "building" }, "geometry": { "type": "Point", "coordinates": [ 378137.790579124644864, 2046321.902720903046429 ] } },
{ "type": "Feature", "properties": { "cell_id": "R088_C123", "row": 88, "col": 123, "x": 378167.79057912464, "y": 2046321.902720903, "cell_area_m2": 900.0, "runoff_coefficient": 0.89999997615814209, "surface_class": "building" }, "geometry": { "type": "Point", "coordinates": [ 378167.790579124644864, 2046321.902720903046429 ] } },
{ "type": "Feature", "properties": { "cell_id": "R088_C124", "row": 88, "col": 124, "x": 378197.79057912464, "y": 2046321.902720903, "cell_area_m2": 900.0, "runoff_coefficient": 0.85000002384185791, "surface_class": "road" }, "geometry": { "type": "Point", "coordinates": [ 378197.790579124644864, 2046321.902720903046429 ] } },
{ "type": "Feature", "properties": { "cell_id": "R088_C125", "row": 88, "col": 125, "x": 378227.79057912464, "y": 2046321.902720903, "cell_area_m2": 900.0, "runoff_coefficient": 0.89999997615814209, "surface_class": "building" }, "geometry": { "type": "Point", "coordinates": [ 378227.790579124644864, 2046321.902720903046429 ] } },
{ "type": "Feature", "properties": { "cell_id": "R088_C126", "row": 88, "col": 126, "x": 378257.79057912464, "y": 2046321.902720903, "cell_area_m2": 900.0, "runoff_coefficient": 0.85000002384185791, "surface_class": "road" }, "geometry": { "type": "Point", "coordinates": [ 378257.790579124644864, 2046321.902720903046429 ] } },
{ "type": "Feature", "properties": { "cell_id": "R088_C127", "row": 88, "col": 127, "x": 378287.79057912464, "y": 2046321.902720903, "cell_area_m2": 900.0, "runoff_coefficient": 0.85000002384185791, "surface_class": "road" }, "geometry": { "type": "Point", "coordinates": [ 378287.790579124644864, 2046321.902720903046429 ] } },
{ "type": "Feature", "properties": { "cell_id": "R088_C128", "row": 88, "col": 128, "x": 378317.79057912464, "y": 2046321.902720903, "cell_area_m2": 900.0, "runoff_coefficient": 0.85000002384185791, "surface_class": "road" }, "geometry": { "type": "Point", "coordinates": [ 378317.790579124644864, 2046321.902720903046429 ] } },
{ "type": "Feature", "properties": { "cell_id": "R088_C129", "row": 88, "col": 129, "x": 378347.79057912464, "y": 2046321.902720903, "cell_area_m2": 900.0, "runoff_coefficient": 0.75, "surface_class": "default_urban" }, "geometry": { "type": "Point", "coordinates": [ 378347.790579124644864, 2046321.902720903046429 ] } },
{ "type": "Feature", "properties": { "cell_id": "R088_C130", "row": 88, "col": 130, "x": 378377.79057912464, "y": 2046321.902720903, "cell_area_m2": 900.0, "runoff_coefficient": 0.89999997615814209, "surface_class": "building" }, "geometry": { "type": "Point", "coordinates": [ 378377.790579124644864, 2046321.902720903046429 ] } },
{ "type": "Feature", "properties": { "cell_id": "R088_C131", "row": 88, "col": 131, "x": 378407.79057912464, "y": 2046321.902720903, "cell_area_m2": 900.0, "runoff_coefficient": 0.75, "surface_class": "default_urban" }, "geometry": { "type": "Point", "coordinates": [ 378407.790579124644864, 2046321.902720903046429 ] } },
{ "type": "Feature", "properties": { "cell_id": "R088_C132", "row": 88, "col": 132, "x": 378437.79057912464, "y": 2046321.902720903, "cell_area_m2": 900.0, "runoff_coefficient": 0.85000002384185791, "surface_class": "road" }, "geometry": { "type": "Point", "coordinates": [ 378437.790579124644864, 2046321.902720903046429 ] } },
{ "type": "Feature", "properties": { "cell_id": "R088_C133", "row": 88, "col": 133, "x": 378467.79057912464, "y": 2046321.902720903, "cell_area_m2": 900.0, "runoff_coefficient": 0.85000002384185791, "surface_class": "road" }, "geometry": { "type": "Point", "coordinates": [ 378467.790579124644864, 2046321.902720903046429 ] } },
{ "type": "Feature", "properties": { "cell_id": "R088_C134", "row": 88, "col": 134, "x": 378497.79057912464, "y": 2046321.902720903, "cell_area_m2": 900.0, "runoff_coefficient": 0.89999997615814209, "surface_class": "building" }, "geometry": { "type": "Point", "coordinates": [ 378497.790579124644864, 2046321.902720903046429 ] } },
{ "type": "Feature", "properties": { "cell_id": "R088_C135", "row": 88, "col": 135, "x": 378527.79057912464, "y": 2046321.902720903, "cell_area_m2": 900.0, "runoff_coefficient": 0.89999997615814209, "surface_class": "building" }, "geometry": { "type": "Point", "coordinates": [ 378527.790579124644864, 2046321.902720903046429 ] } },
{ "type": "Feature", "properties": { "cell_id": "R088_C136", "row": 88, "col": 136, "x": 378557.79057912464, "y": 2046321.902720903, "cell_area_m2": 900.0, "runoff_coefficient": 0.85000002384185791, "surface_class": "road" }, "geometry": { "type": "Point", "coordinates": [ 378557.790579124644864, 2046321.902720903046429 ] } },
{ "type": "Feature", "properties": { "cell_id": "R088_C137", "row": 88, "col": 137, "x": 378587.79057912464, "y": 2046321.902720903, "cell_area_m2": 900.0, "runoff_coefficient": 0.85000002384185791, "surface_class": "road" }, "geometry": { "type": "Point", "coordinates": [ 378587.790579124644864, 2046321.902720903046429 ] } },
{ "type": "Feature", "properties": { "cell_id": "R089_C068", "row": 89, "col": 68, "x": 376517.79057912464, "y": 2046291.902720903, "cell_area_m2": 900.0, "runoff_coefficient": 0.85000002384185791, "surface_class": "road" }, "geometry": { "type": "Point", "coordinates": [ 376517.790579124644864, 2046291.902720903046429 ] } },
{ "type": "Feature", "properties": { "cell_id": "R089_C069", "row": 89, "col": 69, "x": 376547.79057912464, "y": 2046291.902720903, "cell_area_m2": 900.0, "runoff_coefficient": 0.89999997615814209, "surface_class": "building" }, "geometry": { "type": "Point", "coordinates": [ 376547.790579124644864, 2046291.902720903046429 ] } },
{ "type": "Feature", "properties": { "cell_id": "R089_C070", "row": 89, "col": 70, "x": 376577.79057912464, "y": 2046291.902720903, "cell_area_m2": 900.0, "runoff_coefficient": 0.75, "surface_class": "default_urban" }, "geometry": { "type": "Point", "coordinates": [ 376577.790579124644864, 2046291.902720903046429 ] } },
{ "type": "Feature", "properties": { "cell_id": "R089_C071", "row": 89, "col": 71, "x": 376607.79057912464, "y": 2046291.902720903, "cell_area_m2": 900.0, "runoff_coefficient": 0.89999997615814209, "surface_class": "building" }, "geometry": { "type": "Point", "coordinates": [ 376607.790579124644864, 2046291.902720903046429 ] } },
{ "type": "Feature", "properties": { "cell_id": "R089_C072", "row": 89, "col": 72, "x": 376637.79057912464, "y": 2046291.902720903, "cell_area_m2": 900.0, "runoff_coefficient": 0.85000002384185791, "surface_class": "road" }, "geometry": { "type": "Point", "coordinates": [ 376637.790579124644864, 2046291.902720903046429 ] } },
{ "type": "Feature", "properties": { "cell_id": "R089_C073", "row": 89, "col": 73, "x": 376667.79057912464, "y": 2046291.902720903, "cell_area_m2": 900.0, "runoff_coefficient": 0.85000002384185791, "surface_class": "road" }, "geometry": { "type": "Point", "coordinates": [ 376667.790579124644864, 2046291.902720903046429 ] } },
{ "type": "Feature", "properties": { "cell_id": "R089_C074", "row": 89, "col": 74, "x": 376697.79057912464, "y": 2046291.902720903, "cell_area_m2": 900.0, "runoff_coefficient": 0.89999997615814209, "surface_class": "building" }, "geometry": { "type": "Point", "coordinates": [ 376697.790579124644864, 2046291.902720903046429 ] } },
{ "type": "Feature", "properties": { "cell_id": "R089_C075", "row": 89, "col": 75, "x": 376727.79057912464, "y": 2046291.902720903, "cell_area_m2": 900.0, "runoff_coefficient": 0.89999997615814209, "surface_class": "building" }, "geometry": { "type": "Point", "coordinates": [ 376727.790579124644864, 2046291.902720903046429 ] } },
{ "type": "Feature", "properties": { "cell_id": "R089_C076", "row": 89, "col": 76, "x": 376757.79057912464, "y": 2046291.902720903, "cell_area_m2": 900.0, "runoff_coefficient": 0.75, "surface_class": "default_urban" }, "geometry": { "type": "Point", "coordinates": [ 376757.790579124644864, 2046291.902720903046429 ] } },
{ "type": "Feature", "properties": { "cell_id": "R089_C077", "row": 89, "col": 77, "x": 376787.79057912464, "y": 2046291.902720903, "cell_area_m2": 900.0, "runoff_coefficient": 0.75, "surface_class": "default_urban" }, "geometry": { "type": "Point", "coordinates": [ 376787.790579124644864, 2046291.902720903046429 ] } },
{ "type": "Feature", "properties": { "cell_id": "R089_C078", "row": 89, "col": 78, "x": 376817.79057912464, "y": 2046291.902720903, "cell_area_m2": 900.0, "runoff_coefficient": 0.89999997615814209, "surface_class": "building" }, "geometry": { "type": "Point", "coordinates": [ 376817.790579124644864, 2046291.902720903046429 ] } },
{ "type": "Feature", "properties": { "cell_id": "R089_C079", "row": 89, "col": 79, "x": 376847.79057912464, "y": 2046291.902720903, "cell_area_m2": 900.0, "runoff_coefficient": 0.89999997615814209, "surface_class": "building" }, "geometry": { "type": "Point", "coordinates": [ 376847.790579124644864, 2046291.902720903046429 ] } },
{ "type": "Feature", "properties": { "cell_id": "R089_C080", "row": 89, "col": 80, "x": 376877.79057912464, "y": 2046291.902720903, "cell_area_m2": 900.0, "runoff_coefficient": 0.75, "surface_class": "default_urban" }, "geometry": { "type": "Point", "coordinates": [ 376877.790579124644864, 2046291.902720903046429 ] } },
{ "type": "Feature", "properties": { "cell_id": "R089_C081", "row": 89, "col": 81, "x": 376907.79057912464, "y": 2046291.902720903, "cell_area_m2": 900.0, "runoff_coefficient": 0.75, "surface_class": "default_urban" }, "geometry": { "type": "Point", "coordinates": [ 376907.790579124644864, 2046291.902720903046429 ] } },
{ "type": "Feature", "properties": { "cell_id": "R089_C082", "row": 89, "col": 82, "x": 376937.79057912464, "y": 2046291.902720903, "cell_area_m2": 900.0, "runoff_coefficient": 0.75, "surface_class": "default_urban" }, "geometry": { "type": "Point", "coordinates": [ 376937.790579124644864, 2046291.902720903046429 ] } },
{ "type": "Feature", "properties": { "cell_id": "R089_C083", "row": 89, "col": 83, "x": 376967.79057912464, "y": 2046291.902720903, "cell_area_m2": 900.0, "runoff_coefficient": 0.75, "surface_class": "default_urban" }, "geometry": { "type": "Point", "coordinates": [ 376967.790579124644864, 2046291.902720903046429 ] } },
{ "type": "Feature", "properties": { "cell_id": "R089_C084", "row": 89, "col": 84, "x": 376997.79057912464, "y": 2046291.902720903, "cell_area_m2": 900.0, "runoff_coefficient": 0.75, "surface_class": "default_urban" }, "geometry": { "type": "Point", "coordinates": [ 376997.790579124644864, 2046291.902720903046429 ] } },
{ "type": "Feature", "properties": { "cell_id": "R089_C085", "row": 89, "col": 85, "x": 377027.79057912464, "y": 2046291.902720903, "cell_area_m2": 900.0, "runoff_coefficient": 0.85000002384185791, "surface_class": "road" }, "geometry": { "type": "Point", "coordinates": [ 377027.790579124644864, 2046291.902720903046429 ] } },
{ "type": "Feature", "properties": { "cell_id": "R089_C086", "row": 89, "col": 86, "x": 377057.79057912464, "y": 2046291.902720903, "cell_area_m2": 900.0, "runoff_coefficient": 0.75, "surface_class": "default_urban" }, "geometry": { "type": "Point", "coordinates": [ 377057.790579124644864, 2046291.902720903046429 ] } },
{ "type": "Feature", "properties": { "cell_id": "R089_C087", "row": 89, "col": 87, "x": 377087.79057912464, "y": 2046291.902720903, "cell_area_m2": 900.0, "runoff_coefficient": 0.75, "surface_class": "default_urban" }, "geometry": { "type": "Point", "coordinates": [ 377087.790579124644864, 2046291.902720903046429 ] } },
{ "type": "Feature", "properties": { "cell_id": "R089_C088", "row": 89, "col": 88, "x": 377117.79057912464, "y": 2046291.902720903, "cell_area_m2": 900.0, "runoff_coefficient": 0.89999997615814209, "surface_class": "building" }, "geometry": { "type": "Point", "coordinates": [ 377117.790579124644864, 2046291.902720903046429 ] } },
{ "type": "Feature", "properties": { "cell_id": "R089_C089", "row": 89, "col": 89, "x": 377147.79057912464, "y": 2046291.902720903, "cell_area_m2": 900.0, "runoff_coefficient": 0.75, "surface_class": "default_urban" }, "geometry": { "type": "Point", "coordinates": [ 377147.790579124644864, 2046291.902720903046429 ] } },
{ "type": "Feature", "properties": { "cell_id": "R089_C090", "row": 89, "col": 90, "x": 377177.79057912464, "y": 2046291.902720903, "cell_area_m2": 900.0, "runoff_coefficient": 0.75, "surface_class": "default_urban" }, "geometry": { "type": "Point", "coordinates": [ 377177.790579124644864, 2046291.902720903046429 ] } },
{ "type": "Feature", "properties": { "cell_id": "R089_C091", "row": 89, "col": 91, "x": 377207.79057912464, "y": 2046291.902720903, "cell_area_m2": 900.0, "runoff_coefficient": 0.75, "surface_class": "default_urban" }, "geometry": { "type": "Point", "coordinates": [ 377207.790579124644864, 2046291.902720903046429 ] } },
{ "type": "Feature", "properties": { "cell_id": "R089_C092", "row": 89, "col": 92, "x": 377237.79057912464, "y": 2046291.902720903, "cell_area_m2": 900.0, "runoff_coefficient": 0.75, "surface_class": "default_urban" }, "geometry": { "type": "Point", "coordinates": [ 377237.790579124644864, 2046291.902720903046429 ] } },
{ "type": "Feature", "properties": { "cell_id": "R089_C093", "row": 89, "col": 93, "x": 377267.79057912464, "y": 2046291.902720903, "cell_area_m2": 900.0, "runoff_coefficient": 0.75, "surface_class": "default_urban" }, "geometry": { "type": "Point", "coordinates": [ 377267.790579124644864, 2046291.902720903046429 ] } },
{ "type": "Feature", "properties": { "cell_id": "R089_C094", "row": 89, "col": 94, "x": 377297.79057912464, "y": 2046291.902720903, "cell_area_m2": 900.0, "runoff_coefficient": 0.75, "surface_class": "default_urban" }, "geometry": { "type": "Point", "coordinates": [ 377297.790579124644864, 2046291.902720903046429 ] } },
{ "type": "Feature", "properties": { "cell_id": "R089_C095", "row": 89, "col": 95, "x": 377327.79057912464, "y": 2046291.902720903, "cell_area_m2": 900.0, "runoff_coefficient": 0.85000002384185791, "surface_class": "road" }, "geometry": { "type": "Point", "coordinates": [ 377327.790579124644864, 2046291.902720903046429 ] } },
{ "type": "Feature", "properties": { "cell_id": "R089_C096", "row": 89, "col": 96, "x": 377357.79057912464, "y": 2046291.902720903, "cell_area_m2": 900.0, "runoff_coefficient": 0.89999997615814209, "surface_class": "building" }, "geometry": { "type": "Point", "coordinates": [ 377357.790579124644864, 2046291.902720903046429 ] } },
{ "type": "Feature", "properties": { "cell_id": "R089_C097", "row": 89, "col": 97, "x": 377387.79057912464, "y": 2046291.902720903, "cell_area_m2": 900.0, "runoff_coefficient": 0.85000002384185791, "surface_class": "road" }, "geometry": { "type": "Point", "coordinates": [ 377387.790579124644864, 2046291.902720903046429 ] } },
{ "type": "Feature", "properties": { "cell_id": "R089_C098", "row": 89, "col": 98, "x": 377417.79057912464, "y": 2046291.902720903, "cell_area_m2": 900.0, "runoff_coefficient": 0.85000002384185791, "surface_class": "road" }, "geometry": { "type": "Point", "coordinates": [ 377417.790579124644864, 2046291.902720903046429 ] } },
{ "type": "Feature", "properties": { "cell_id": "R089_C099", "row": 89, "col": 99, "x": 377447.79057912464, "y": 2046291.902720903, "cell_area_m2": 900.0, "runoff_coefficient": 0.85000002384185791, "surface_class": "road" }, "geometry": { "type": "Point", "coordinates": [ 377447.790579124644864, 2046291.902720903046429 ] } },
{ "type": "Feature", "properties": { "cell_id": "R089_C100", "row": 89, "col": 100, "x": 377477.79057912464, "y": 2046291.902720903, "cell_area_m2": 900.0, "runoff_coefficient": 0.75, "surface_class": "default_urban" }, "geometry": { "type": "Point", "coordinates": [ 377477.790579124644864, 2046291.902720903046429 ] } },
{ "type": "Feature", "properties": { "cell_id": "R089_C101", "row": 89, "col": 101, "x": 377507.79057912464, "y": 2046291.902720903, "cell_area_m2": 900.0, "runoff_coefficient": 0.75, "surface_class": "default_urban" }, "geometry": { "type": "Point", "coordinates": [ 377507.790579124644864, 2046291.902720903046429 ] } },
{ "type": "Feature", "properties": { "cell_id": "R089_C102", "row": 89, "col": 102, "x": 377537.79057912464, "y": 2046291.902720903, "cell_area_m2": 900.0, "runoff_coefficient": 0.75, "surface_class": "default_urban" }, "geometry": { "type": "Point", "coordinates": [ 377537.790579124644864, 2046291.902720903046429 ] } },
{ "type": "Feature", "properties": { "cell_id": "R089_C103", "row": 89, "col": 103, "x": 377567.79057912464, "y": 2046291.902720903, "cell_area_m2": 900.0, "runoff_coefficient": 0.75, "surface_class": "default_urban" }, "geometry": { "type": "Point", "coordinates": [ 377567.790579124644864, 2046291.902720903046429 ] } },
{ "type": "Feature", "properties": { "cell_id": "R089_C104", "row": 89, "col": 104, "x": 377597.79057912464, "y": 2046291.902720903, "cell_area_m2": 900.0, "runoff_coefficient": 0.85000002384185791, "surface_class": "road" }, "geometry": { "type": "Point", "coordinates": [ 377597.790579124644864, 2046291.902720903046429 ] } },
{ "type": "Feature", "properties": { "cell_id": "R089_C105", "row": 89, "col": 105, "x": 377627.79057912464, "y": 2046291.902720903, "cell_area_m2": 900.0, "runoff_coefficient": 0.85000002384185791, "surface_class": "road" }, "geometry": { "type": "Point", "coordinates": [ 377627.790579124644864, 2046291.902720903046429 ] } },
{ "type": "Feature", "properties": { "cell_id": "R089_C106", "row": 89, "col": 106, "x": 377657.79057912464, "y": 2046291.902720903, "cell_area_m2": 900.0, "runoff_coefficient": 0.85000002384185791, "surface_class": "road" }, "geometry": { "type": "Point", "coordinates": [ 377657.790579124644864, 2046291.902720903046429 ] } },
{ "type": "Feature", "properties": { "cell_id": "R089_C107", "row": 89, "col": 107, "x": 377687.79057912464, "y": 2046291.902720903, "cell_area_m2": 900.0, "runoff_coefficient": 0.85000002384185791, "surface_class": "road" }, "geometry": { "type": "Point", "coordinates": [ 377687.790579124644864, 2046291.902720903046429 ] } },
{ "type": "Feature", "properties": { "cell_id": "R089_C108", "row": 89, "col": 108, "x": 377717.79057912464, "y": 2046291.902720903, "cell_area_m2": 900.0, "runoff_coefficient": 0.85000002384185791, "surface_class": "road" }, "geometry": { "type": "Point", "coordinates": [ 377717.790579124644864, 2046291.902720903046429 ] } },
{ "type": "Feature", "properties": { "cell_id": "R089_C109", "row": 89, "col": 109, "x": 377747.79057912464, "y": 2046291.902720903, "cell_area_m2": 900.0, "runoff_coefficient": 0.89999997615814209, "surface_class": "building" }, "geometry": { "type": "Point", "coordinates": [ 377747.790579124644864, 2046291.902720903046429 ] } },
{ "type": "Feature", "properties": { "cell_id": "R089_C110", "row": 89, "col": 110, "x": 377777.79057912464, "y": 2046291.902720903, "cell_area_m2": 900.0, "runoff_coefficient": 0.85000002384185791, "surface_class": "road" }, "geometry": { "type": "Point", "coordinates": [ 377777.790579124644864, 2046291.902720903046429 ] } },
{ "type": "Feature", "properties": { "cell_id": "R089_C111", "row": 89, "col": 111, "x": 377807.79057912464, "y": 2046291.902720903, "cell_area_m2": 900.0, "runoff_coefficient": 0.85000002384185791, "surface_class": "road" }, "geometry": { "type": "Point", "coordinates": [ 377807.790579124644864, 2046291.902720903046429 ] } },
{ "type": "Feature", "properties": { "cell_id": "R089_C112", "row": 89, "col": 112, "x": 377837.79057912464, "y": 2046291.902720903, "cell_area_m2": 900.0, "runoff_coefficient": 0.85000002384185791, "surface_class": "road" }, "geometry": { "type": "Point", "coordinates": [ 377837.790579124644864, 2046291.902720903046429 ] } },
{ "type": "Feature", "properties": { "cell_id": "R089_C113", "row": 89, "col": 113, "x": 377867.79057912464, "y": 2046291.902720903, "cell_area_m2": 900.0, "runoff_coefficient": 0.85000002384185791, "surface_class": "road" }, "geometry": { "type": "Point", "coordinates": [ 377867.790579124644864, 2046291.902720903046429 ] } },
{ "type": "Feature", "properties": { "cell_id": "R089_C114", "row": 89, "col": 114, "x": 377897.79057912464, "y": 2046291.902720903, "cell_area_m2": 900.0, "runoff_coefficient": 0.89999997615814209, "surface_class": "building" }, "geometry": { "type": "Point", "coordinates": [ 377897.790579124644864, 2046291.902720903046429 ] } },
{ "type": "Feature", "properties": { "cell_id": "R089_C115", "row": 89, "col": 115, "x": 377927.79057912464, "y": 2046291.902720903, "cell_area_m2": 900.0, "runoff_coefficient": 0.75, "surface_class": "default_urban" }, "geometry": { "type": "Point", "coordinates": [ 377927.790579124644864, 2046291.902720903046429 ] } },
{ "type": "Feature", "properties": { "cell_id": "R089_C116", "row": 89, "col": 116, "x": 377957.79057912464, "y": 2046291.902720903, "cell_area_m2": 900.0, "runoff_coefficient": 0.89999997615814209, "surface_class": "building" }, "geometry": { "type": "Point", "coordinates": [ 377957.790579124644864, 2046291.902720903046429 ] } },
{ "type": "Feature", "properties": { "cell_id": "R089_C117", "row": 89, "col": 117, "x": 377987.79057912464, "y": 2046291.902720903, "cell_area_m2": 900.0, "runoff_coefficient": 0.75, "surface_class": "default_urban" }, "geometry": { "type": "Point", "coordinates": [ 377987.790579124644864, 2046291.902720903046429 ] } },
{ "type": "Feature", "properties": { "cell_id": "R089_C118", "row": 89, "col": 118, "x": 378017.79057912464, "y": 2046291.902720903, "cell_area_m2": 900.0, "runoff_coefficient": 0.85000002384185791, "surface_class": "road" }, "geometry": { "type": "Point", "coordinates": [ 378017.790579124644864, 2046291.902720903046429 ] } },
{ "type": "Feature", "properties": { "cell_id": "R089_C119", "row": 89, "col": 119, "x": 378047.79057912464, "y": 2046291.902720903, "cell_area_m2": 900.0, "runoff_coefficient": 0.89999997615814209, "surface_class": "building" }, "geometry": { "type": "Point", "coordinates": [ 378047.790579124644864, 2046291.902720903046429 ] } },
{ "type": "Feature", "properties": { "cell_id": "R089_C120", "row": 89, "col": 120, "x": 378077.79057912464, "y": 2046291.902720903, "cell_area_m2": 900.0, "runoff_coefficient": 0.89999997615814209, "surface_class": "building" }, "geometry": { "type": "Point", "coordinates": [ 378077.790579124644864, 2046291.902720903046429 ] } },
{ "type": "Feature", "properties": { "cell_id": "R089_C121", "row": 89, "col": 121, "x": 378107.79057912464, "y": 2046291.902720903, "cell_area_m2": 900.0, "runoff_coefficient": 0.85000002384185791, "surface_class": "road" }, "geometry": { "type": "Point", "coordinates": [ 378107.790579124644864, 2046291.902720903046429 ] } },
{ "type": "Feature", "properties": { "cell_id": "R089_C122", "row": 89, "col": 122, "x": 378137.79057912464, "y": 2046291.902720903, "cell_area_m2": 900.0, "runoff_coefficient": 0.75, "surface_class": "default_urban" }, "geometry": { "type": "Point", "coordinates": [ 378137.790579124644864, 2046291.902720903046429 ] } },
{ "type": "Feature", "properties": { "cell_id": "R089_C123", "row": 89, "col": 123, "x": 378167.79057912464, "y": 2046291.902720903, "cell_area_m2": 900.0, "runoff_coefficient": 0.85000002384185791, "surface_class": "road" }, "geometry": { "type": "Point", "coordinates": [ 378167.790579124644864, 2046291.902720903046429 ] } },
{ "type": "Feature", "properties": { "cell_id": "R089_C124", "row": 89, "col": 124, "x": 378197.79057912464, "y": 2046291.902720903, "cell_area_m2": 900.0, "runoff_coefficient": 0.85000002384185791, "surface_class": "road" }, "geometry": { "type": "Point", "coordinates": [ 378197.790579124644864, 2046291.902720903046429 ] } },
{ "type": "Feature", "properties": { "cell_id": "R089_C125", "row": 89, "col": 125, "x": 378227.79057912464, "y": 2046291.902720903, "cell_area_m2": 900.0, "runoff_coefficient": 0.85000002384185791, "surface_class": "road" }, "geometry": { "type": "Point", "coordinates": [ 378227.790579124644864, 2046291.902720903046429 ] } },
{ "type": "Feature", "properties": { "cell_id": "R089_C126", "row": 89, "col": 126, "x": 378257.79057912464, "y": 2046291.902720903, "cell_area_m2": 900.0, "runoff_coefficient": 0.89999997615814209, "surface_class": "building" }, "geometry": { "type": "Point", "coordinates": [ 378257.790579124644864, 2046291.902720903046429 ] } },
{ "type": "Feature", "properties": { "cell_id": "R089_C127", "row": 89, "col": 127, "x": 378287.79057912464, "y": 2046291.902720903, "cell_area_m2": 900.0, "runoff_coefficient": 0.75, "surface_class": "default_urban" }, "geometry": { "type": "Point", "coordinates": [ 378287.790579124644864, 2046291.902720903046429 ] } },
{ "type": "Feature", "properties": { "cell_id": "R089_C128", "row": 89, "col": 128, "x": 378317.79057912464, "y": 2046291.902720903, "cell_area_m2": 900.0, "runoff_coefficient": 0.75, "surface_class": "default_urban" }, "geometry": { "type": "Point", "coordinates": [ 378317.790579124644864, 2046291.902720903046429 ] } },
{ "type": "Feature", "properties": { "cell_id": "R089_C129", "row": 89, "col": 129, "x": 378347.79057912464, "y": 2046291.902720903, "cell_area_m2": 900.0, "runoff_coefficient": 0.75, "surface_class": "default_urban" }, "geometry": { "type": "Point", "coordinates": [ 378347.790579124644864, 2046291.902720903046429 ] } },
{ "type": "Feature", "properties": { "cell_id": "R089_C130", "row": 89, "col": 130, "x": 378377.79057912464, "y": 2046291.902720903, "cell_area_m2": 900.0, "runoff_coefficient": 0.89999997615814209, "surface_class": "building" }, "geometry": { "type": "Point", "coordinates": [ 378377.790579124644864, 2046291.902720903046429 ] } },
{ "type": "Feature", "properties": { "cell_id": "R089_C131", "row": 89, "col": 131, "x": 378407.79057912464, "y": 2046291.902720903, "cell_area_m2": 900.0, "runoff_coefficient": 0.75, "surface_class": "default_urban" }, "geometry": { "type": "Point", "coordinates": [ 378407.790579124644864, 2046291.902720903046429 ] } },
{ "type": "Feature", "properties": { "cell_id": "R089_C132", "row": 89, "col": 132, "x": 378437.79057912464, "y": 2046291.902720903, "cell_area_m2": 900.0, "runoff_coefficient": 0.85000002384185791, "surface_class": "road" }, "geometry": { "type": "Point", "coordinates": [ 378437.790579124644864, 2046291.902720903046429 ] } },
{ "type": "Feature", "properties": { "cell_id": "R089_C133", "row": 89, "col": 133, "x": 378467.79057912464, "y": 2046291.902720903, "cell_area_m2": 900.0, "runoff_coefficient": 0.85000002384185791, "surface_class": "road" }, "geometry": { "type": "Point", "coordinates": [ 378467.790579124644864, 2046291.902720903046429 ] } },
{ "type": "Feature", "properties": { "cell_id": "R089_C134", "row": 89, "col": 134, "x": 378497.79057912464, "y": 2046291.902720903, "cell_area_m2": 900.0, "runoff_coefficient": 0.75, "surface_class": "default_urban" }, "geometry": { "type": "Point", "coordinates": [ 378497.790579124644864, 2046291.902720903046429 ] } },
{ "type": "Feature", "properties": { "cell_id": "R089_C135", "row": 89, "col": 135, "x": 378527.79057912464, "y": 2046291.902720903, "cell_area_m2": 900.0, "runoff_coefficient": 0.75, "surface_class": "default_urban" }, "geometry": { "type": "Point", "coordinates": [ 378527.790579124644864, 2046291.902720903046429 ] } },
{ "type": "Feature", "properties": { "cell_id": "R089_C136", "row": 89, "col": 136, "x": 378557.79057912464, "y": 2046291.902720903, "cell_area_m2": 900.0, "runoff_coefficient": 0.75, "surface_class": "default_urban" }, "geometry": { "type": "Point", "coordinates": [ 378557.790579124644864, 2046291.902720903046429 ] } },
{ "type": "Feature", "properties": { "cell_id": "R089_C137", "row": 89, "col": 137, "x": 378587.79057912464, "y": 2046291.902720903, "cell_area_m2": 900.0, "runoff_coefficient": 0.85000002384185791, "surface_class": "road" }, "geometry": { "type": "Point", "coordinates": [ 378587.790579124644864, 2046291.902720903046429 ] } },
{ "type": "Feature", "properties": { "cell_id": "R090_C069", "row": 90, "col": 69, "x": 376547.79057912464, "y": 2046261.902720903, "cell_area_m2": 900.0, "runoff_coefficient": 0.75, "surface_class": "default_urban" }, "geometry": { "type": "Point", "coordinates": [ 376547.790579124644864, 2046261.902720903046429 ] } },
{ "type": "Feature", "properties": { "cell_id": "R090_C070", "row": 90, "col": 70, "x": 376577.79057912464, "y": 2046261.902720903, "cell_area_m2": 900.0, "runoff_coefficient": 0.89999997615814209, "surface_class": "building" }, "geometry": { "type": "Point", "coordinates": [ 376577.790579124644864, 2046261.902720903046429 ] } },
{ "type": "Feature", "properties": { "cell_id": "R090_C071", "row": 90, "col": 71, "x": 376607.79057912464, "y": 2046261.902720903, "cell_area_m2": 900.0, "runoff_coefficient": 0.89999997615814209, "surface_class": "building" }, "geometry": { "type": "Point", "coordinates": [ 376607.790579124644864, 2046261.902720903046429 ] } },
{ "type": "Feature", "properties": { "cell_id": "R090_C072", "row": 90, "col": 72, "x": 376637.79057912464, "y": 2046261.902720903, "cell_area_m2": 900.0, "runoff_coefficient": 0.75, "surface_class": "default_urban" }, "geometry": { "type": "Point", "coordinates": [ 376637.790579124644864, 2046261.902720903046429 ] } },
{ "type": "Feature", "properties": { "cell_id": "R090_C073", "row": 90, "col": 73, "x": 376667.79057912464, "y": 2046261.902720903, "cell_area_m2": 900.0, "runoff_coefficient": 0.85000002384185791, "surface_class": "road" }, "geometry": { "type": "Point", "coordinates": [ 376667.790579124644864, 2046261.902720903046429 ] } },
{ "type": "Feature", "properties": { "cell_id": "R090_C074", "row": 90, "col": 74, "x": 376697.79057912464, "y": 2046261.902720903, "cell_area_m2": 900.0, "runoff_coefficient": 0.85000002384185791, "surface_class": "road" }, "geometry": { "type": "Point", "coordinates": [ 376697.790579124644864, 2046261.902720903046429 ] } },
{ "type": "Feature", "properties": { "cell_id": "R090_C075", "row": 90, "col": 75, "x": 376727.79057912464, "y": 2046261.902720903, "cell_area_m2": 900.0, "runoff_coefficient": 0.75, "surface_class": "default_urban" }, "geometry": { "type": "Point", "coordinates": [ 376727.790579124644864, 2046261.902720903046429 ] } },
{ "type": "Feature", "properties": { "cell_id": "R090_C076", "row": 90, "col": 76, "x": 376757.79057912464, "y": 2046261.902720903, "cell_area_m2": 900.0, "runoff_coefficient": 0.75, "surface_class": "default_urban" }, "geometry": { "type": "Point", "coordinates": [ 376757.790579124644864, 2046261.902720903046429 ] } },
{ "type": "Feature", "properties": { "cell_id": "R090_C077", "row": 90, "col": 77, "x": 376787.79057912464, "y": 2046261.902720903, "cell_area_m2": 900.0, "runoff_coefficient": 0.75, "surface_class": "default_urban" }, "geometry": { "type": "Point", "coordinates": [ 376787.790579124644864, 2046261.902720903046429 ] } },
{ "type": "Feature", "properties": { "cell_id": "R090_C078", "row": 90, "col": 78, "x": 376817.79057912464, "y": 2046261.902720903, "cell_area_m2": 900.0, "runoff_coefficient": 0.89999997615814209, "surface_class": "building" }, "geometry": { "type": "Point", "coordinates": [ 376817.790579124644864, 2046261.902720903046429 ] } },
{ "type": "Feature", "properties": { "cell_id": "R090_C079", "row": 90, "col": 79, "x": 376847.79057912464, "y": 2046261.902720903, "cell_area_m2": 900.0, "runoff_coefficient": 0.89999997615814209, "surface_class": "building" }, "geometry": { "type": "Point", "coordinates": [ 376847.790579124644864, 2046261.902720903046429 ] } },
{ "type": "Feature", "properties": { "cell_id": "R090_C080", "row": 90, "col": 80, "x": 376877.79057912464, "y": 2046261.902720903, "cell_area_m2": 900.0, "runoff_coefficient": 0.75, "surface_class": "default_urban" }, "geometry": { "type": "Point", "coordinates": [ 376877.790579124644864, 2046261.902720903046429 ] } },
{ "type": "Feature", "properties": { "cell_id": "R090_C081", "row": 90, "col": 81, "x": 376907.79057912464, "y": 2046261.902720903, "cell_area_m2": 900.0, "runoff_coefficient": 0.75, "surface_class": "default_urban" }, "geometry": { "type": "Point", "coordinates": [ 376907.790579124644864, 2046261.902720903046429 ] } },
{ "type": "Feature", "properties": { "cell_id": "R090_C082", "row": 90, "col": 82, "x": 376937.79057912464, "y": 2046261.902720903, "cell_area_m2": 900.0, "runoff_coefficient": 0.75, "surface_class": "default_urban" }, "geometry": { "type": "Point", "coordinates": [ 376937.790579124644864, 2046261.902720903046429 ] } },
{ "type": "Feature", "properties": { "cell_id": "R090_C083", "row": 90, "col": 83, "x": 376967.79057912464, "y": 2046261.902720903, "cell_area_m2": 900.0, "runoff_coefficient": 0.75, "surface_class": "default_urban" }, "geometry": { "type": "Point", "coordinates": [ 376967.790579124644864, 2046261.902720903046429 ] } },
{ "type": "Feature", "properties": { "cell_id": "R090_C084", "row": 90, "col": 84, "x": 376997.79057912464, "y": 2046261.902720903, "cell_area_m2": 900.0, "runoff_coefficient": 0.75, "surface_class": "default_urban" }, "geometry": { "type": "Point", "coordinates": [ 376997.790579124644864, 2046261.902720903046429 ] } },
{ "type": "Feature", "properties": { "cell_id": "R090_C085", "row": 90, "col": 85, "x": 377027.79057912464, "y": 2046261.902720903, "cell_area_m2": 900.0, "runoff_coefficient": 0.85000002384185791, "surface_class": "road" }, "geometry": { "type": "Point", "coordinates": [ 377027.790579124644864, 2046261.902720903046429 ] } },
{ "type": "Feature", "properties": { "cell_id": "R090_C086", "row": 90, "col": 86, "x": 377057.79057912464, "y": 2046261.902720903, "cell_area_m2": 900.0, "runoff_coefficient": 0.75, "surface_class": "default_urban" }, "geometry": { "type": "Point", "coordinates": [ 377057.790579124644864, 2046261.902720903046429 ] } },
{ "type": "Feature", "properties": { "cell_id": "R090_C087", "row": 90, "col": 87, "x": 377087.79057912464, "y": 2046261.902720903, "cell_area_m2": 900.0, "runoff_coefficient": 0.75, "surface_class": "default_urban" }, "geometry": { "type": "Point", "coordinates": [ 377087.790579124644864, 2046261.902720903046429 ] } },
{ "type": "Feature", "properties": { "cell_id": "R090_C088", "row": 90, "col": 88, "x": 377117.79057912464, "y": 2046261.902720903, "cell_area_m2": 900.0, "runoff_coefficient": 0.75, "surface_class": "default_urban" }, "geometry": { "type": "Point", "coordinates": [ 377117.790579124644864, 2046261.902720903046429 ] } },
{ "type": "Feature", "properties": { "cell_id": "R090_C089", "row": 90, "col": 89, "x": 377147.79057912464, "y": 2046261.902720903, "cell_area_m2": 900.0, "runoff_coefficient": 0.75, "surface_class": "default_urban" }, "geometry": { "type": "Point", "coordinates": [ 377147.790579124644864, 2046261.902720903046429 ] } },
{ "type": "Feature", "properties": { "cell_id": "R090_C090", "row": 90, "col": 90, "x": 377177.79057912464, "y": 2046261.902720903, "cell_area_m2": 900.0, "runoff_coefficient": 0.75, "surface_class": "default_urban" }, "geometry": { "type": "Point", "coordinates": [ 377177.790579124644864, 2046261.902720903046429 ] } },
{ "type": "Feature", "properties": { "cell_id": "R090_C091", "row": 90, "col": 91, "x": 377207.79057912464, "y": 2046261.902720903, "cell_area_m2": 900.0, "runoff_coefficient": 0.75, "surface_class": "default_urban" }, "geometry": { "type": "Point", "coordinates": [ 377207.790579124644864, 2046261.902720903046429 ] } },
{ "type": "Feature", "properties": { "cell_id": "R090_C092", "row": 90, "col": 92, "x": 377237.79057912464, "y": 2046261.902720903, "cell_area_m2": 900.0, "runoff_coefficient": 0.75, "surface_class": "default_urban" }, "geometry": { "type": "Point", "coordinates": [ 377237.790579124644864, 2046261.902720903046429 ] } },
{ "type": "Feature", "properties": { "cell_id": "R090_C093", "row": 90, "col": 93, "x": 377267.79057912464, "y": 2046261.902720903, "cell_area_m2": 900.0, "runoff_coefficient": 0.75, "surface_class": "default_urban" }, "geometry": { "type": "Point", "coordinates": [ 377267.790579124644864, 2046261.902720903046429 ] } },
{ "type": "Feature", "properties": { "cell_id": "R090_C094", "row": 90, "col": 94, "x": 377297.79057912464, "y": 2046261.902720903, "cell_area_m2": 900.0, "runoff_coefficient": 0.75, "surface_class": "default_urban" }, "geometry": { "type": "Point", "coordinates": [ 377297.790579124644864, 2046261.902720903046429 ] } },
{ "type": "Feature", "properties": { "cell_id": "R090_C095", "row": 90, "col": 95, "x": 377327.79057912464, "y": 2046261.902720903, "cell_area_m2": 900.0, "runoff_coefficient": 0.85000002384185791, "surface_class": "road" }, "geometry": { "type": "Point", "coordinates": [ 377327.790579124644864, 2046261.902720903046429 ] } },
{ "type": "Feature", "properties": { "cell_id": "R090_C096", "row": 90, "col": 96, "x": 377357.79057912464, "y": 2046261.902720903, "cell_area_m2": 900.0, "runoff_coefficient": 0.85000002384185791, "surface_class": "road" }, "geometry": { "type": "Point", "coordinates": [ 377357.790579124644864, 2046261.902720903046429 ] } },
{ "type": "Feature", "properties": { "cell_id": "R090_C097", "row": 90, "col": 97, "x": 377387.79057912464, "y": 2046261.902720903, "cell_area_m2": 900.0, "runoff_coefficient": 0.85000002384185791, "surface_class": "road" }, "geometry": { "type": "Point", "coordinates": [ 377387.790579124644864, 2046261.902720903046429 ] } },
{ "type": "Feature", "properties": { "cell_id": "R090_C098", "row": 90, "col": 98, "x": 377417.79057912464, "y": 2046261.902720903, "cell_area_m2": 900.0, "runoff_coefficient": 0.85000002384185791, "surface_class": "road" }, "geometry": { "type": "Point", "coordinates": [ 377417.790579124644864, 2046261.902720903046429 ] } },
{ "type": "Feature", "properties": { "cell_id": "R090_C099", "row": 90, "col": 99, "x": 377447.79057912464, "y": 2046261.902720903, "cell_area_m2": 900.0, "runoff_coefficient": 0.85000002384185791, "surface_class": "road" }, "geometry": { "type": "Point", "coordinates": [ 377447.790579124644864, 2046261.902720903046429 ] } },
{ "type": "Feature", "properties": { "cell_id": "R090_C100", "row": 90, "col": 100, "x": 377477.79057912464, "y": 2046261.902720903, "cell_area_m2": 900.0, "runoff_coefficient": 0.75, "surface_class": "default_urban" }, "geometry": { "type": "Point", "coordinates": [ 377477.790579124644864, 2046261.902720903046429 ] } },
{ "type": "Feature", "properties": { "cell_id": "R090_C101", "row": 90, "col": 101, "x": 377507.79057912464, "y": 2046261.902720903, "cell_area_m2": 900.0, "runoff_coefficient": 0.75, "surface_class": "default_urban" }, "geometry": { "type": "Point", "coordinates": [ 377507.790579124644864, 2046261.902720903046429 ] } },
{ "type": "Feature", "properties": { "cell_id": "R090_C102", "row": 90, "col": 102, "x": 377537.79057912464, "y": 2046261.902720903, "cell_area_m2": 900.0, "runoff_coefficient": 0.75, "surface_class": "default_urban" }, "geometry": { "type": "Point", "coordinates": [ 377537.790579124644864, 2046261.902720903046429 ] } },
{ "type": "Feature", "properties": { "cell_id": "R090_C103", "row": 90, "col": 103, "x": 377567.79057912464, "y": 2046261.902720903, "cell_area_m2": 900.0, "runoff_coefficient": 0.75, "surface_class": "default_urban" }, "geometry": { "type": "Point", "coordinates": [ 377567.790579124644864, 2046261.902720903046429 ] } },
{ "type": "Feature", "properties": { "cell_id": "R090_C104", "row": 90, "col": 104, "x": 377597.79057912464, "y": 2046261.902720903, "cell_area_m2": 900.0, "runoff_coefficient": 0.89999997615814209, "surface_class": "building" }, "geometry": { "type": "Point", "coordinates": [ 377597.790579124644864, 2046261.902720903046429 ] } },
{ "type": "Feature", "properties": { "cell_id": "R090_C105", "row": 90, "col": 105, "x": 377627.79057912464, "y": 2046261.902720903, "cell_area_m2": 900.0, "runoff_coefficient": 0.89999997615814209, "surface_class": "building" }, "geometry": { "type": "Point", "coordinates": [ 377627.790579124644864, 2046261.902720903046429 ] } },
{ "type": "Feature", "properties": { "cell_id": "R090_C106", "row": 90, "col": 106, "x": 377657.79057912464, "y": 2046261.902720903, "cell_area_m2": 900.0, "runoff_coefficient": 0.89999997615814209, "surface_class": "building" }, "geometry": { "type": "Point", "coordinates": [ 377657.790579124644864, 2046261.902720903046429 ] } },
{ "type": "Feature", "properties": { "cell_id": "R090_C107", "row": 90, "col": 107, "x": 377687.79057912464, "y": 2046261.902720903, "cell_area_m2": 900.0, "runoff_coefficient": 0.85000002384185791, "surface_class": "road" }, "geometry": { "type": "Point", "coordinates": [ 377687.790579124644864, 2046261.902720903046429 ] } },
{ "type": "Feature", "properties": { "cell_id": "R090_C108", "row": 90, "col": 108, "x": 377717.79057912464, "y": 2046261.902720903, "cell_area_m2": 900.0, "runoff_coefficient": 0.85000002384185791, "surface_class": "road" }, "geometry": { "type": "Point", "coordinates": [ 377717.790579124644864, 2046261.902720903046429 ] } },
{ "type": "Feature", "properties": { "cell_id": "R090_C109", "row": 90, "col": 109, "x": 377747.79057912464, "y": 2046261.902720903, "cell_area_m2": 900.0, "runoff_coefficient": 0.75, "surface_class": "default_urban" }, "geometry": { "type": "Point", "coordinates": [ 377747.790579124644864, 2046261.902720903046429 ] } },
{ "type": "Feature", "properties": { "cell_id": "R090_C110", "row": 90, "col": 110, "x": 377777.79057912464, "y": 2046261.902720903, "cell_area_m2": 900.0, "runoff_coefficient": 0.85000002384185791, "surface_class": "road" }, "geometry": { "type": "Point", "coordinates": [ 377777.790579124644864, 2046261.902720903046429 ] } },
{ "type": "Feature", "properties": { "cell_id": "R090_C111", "row": 90, "col": 111, "x": 377807.79057912464, "y": 2046261.902720903, "cell_area_m2": 900.0, "runoff_coefficient": 0.89999997615814209, "surface_class": "building" }, "geometry": { "type": "Point", "coordinates": [ 377807.790579124644864, 2046261.902720903046429 ] } },
{ "type": "Feature", "properties": { "cell_id": "R090_C112", "row": 90, "col": 112, "x": 377837.79057912464, "y": 2046261.902720903, "cell_area_m2": 900.0, "runoff_coefficient": 0.85000002384185791, "surface_class": "road" }, "geometry": { "type": "Point", "coordinates": [ 377837.790579124644864, 2046261.902720903046429 ] } },
{ "type": "Feature", "properties": { "cell_id": "R090_C113", "row": 90, "col": 113, "x": 377867.79057912464, "y": 2046261.902720903, "cell_area_m2": 900.0, "runoff_coefficient": 0.85000002384185791, "surface_class": "road" }, "geometry": { "type": "Point", "coordinates": [ 377867.790579124644864, 2046261.902720903046429 ] } },
{ "type": "Feature", "properties": { "cell_id": "R090_C114", "row": 90, "col": 114, "x": 377897.79057912464, "y": 2046261.902720903, "cell_area_m2": 900.0, "runoff_coefficient": 0.89999997615814209, "surface_class": "building" }, "geometry": { "type": "Point", "coordinates": [ 377897.790579124644864, 2046261.902720903046429 ] } },
{ "type": "Feature", "properties": { "cell_id": "R090_C115", "row": 90, "col": 115, "x": 377927.79057912464, "y": 2046261.902720903, "cell_area_m2": 900.0, "runoff_coefficient": 0.85000002384185791, "surface_class": "road" }, "geometry": { "type": "Point", "coordinates": [ 377927.790579124644864, 2046261.902720903046429 ] } },
{ "type": "Feature", "properties": { "cell_id": "R090_C116", "row": 90, "col": 116, "x": 377957.79057912464, "y": 2046261.902720903, "cell_area_m2": 900.0, "runoff_coefficient": 0.89999997615814209, "surface_class": "building" }, "geometry": { "type": "Point", "coordinates": [ 377957.790579124644864, 2046261.902720903046429 ] } },
{ "type": "Feature", "properties": { "cell_id": "R090_C117", "row": 90, "col": 117, "x": 377987.79057912464, "y": 2046261.902720903, "cell_area_m2": 900.0, "runoff_coefficient": 0.89999997615814209, "surface_class": "building" }, "geometry": { "type": "Point", "coordinates": [ 377987.790579124644864, 2046261.902720903046429 ] } },
{ "type": "Feature", "properties": { "cell_id": "R090_C118", "row": 90, "col": 118, "x": 378017.79057912464, "y": 2046261.902720903, "cell_area_m2": 900.0, "runoff_coefficient": 0.85000002384185791, "surface_class": "road" }, "geometry": { "type": "Point", "coordinates": [ 378017.790579124644864, 2046261.902720903046429 ] } },
{ "type": "Feature", "properties": { "cell_id": "R090_C119", "row": 90, "col": 119, "x": 378047.79057912464, "y": 2046261.902720903, "cell_area_m2": 900.0, "runoff_coefficient": 0.85000002384185791, "surface_class": "road" }, "geometry": { "type": "Point", "coordinates": [ 378047.790579124644864, 2046261.902720903046429 ] } },
{ "type": "Feature", "properties": { "cell_id": "R090_C120", "row": 90, "col": 120, "x": 378077.79057912464, "y": 2046261.902720903, "cell_area_m2": 900.0, "runoff_coefficient": 0.85000002384185791, "surface_class": "road" }, "geometry": { "type": "Point", "coordinates": [ 378077.790579124644864, 2046261.902720903046429 ] } },
{ "type": "Feature", "properties": { "cell_id": "R090_C121", "row": 90, "col": 121, "x": 378107.79057912464, "y": 2046261.902720903, "cell_area_m2": 900.0, "runoff_coefficient": 0.85000002384185791, "surface_class": "road" }, "geometry": { "type": "Point", "coordinates": [ 378107.790579124644864, 2046261.902720903046429 ] } },
{ "type": "Feature", "properties": { "cell_id": "R090_C122", "row": 90, "col": 122, "x": 378137.79057912464, "y": 2046261.902720903, "cell_area_m2": 900.0, "runoff_coefficient": 0.85000002384185791, "surface_class": "road" }, "geometry": { "type": "Point", "coordinates": [ 378137.790579124644864, 2046261.902720903046429 ] } },
{ "type": "Feature", "properties": { "cell_id": "R090_C123", "row": 90, "col": 123, "x": 378167.79057912464, "y": 2046261.902720903, "cell_area_m2": 900.0, "runoff_coefficient": 0.85000002384185791, "surface_class": "road" }, "geometry": { "type": "Point", "coordinates": [ 378167.790579124644864, 2046261.902720903046429 ] } },
{ "type": "Feature", "properties": { "cell_id": "R090_C124", "row": 90, "col": 124, "x": 378197.79057912464, "y": 2046261.902720903, "cell_area_m2": 900.0, "runoff_coefficient": 0.85000002384185791, "surface_class": "road" }, "geometry": { "type": "Point", "coordinates": [ 378197.790579124644864, 2046261.902720903046429 ] } },
{ "type": "Feature", "properties": { "cell_id": "R090_C125", "row": 90, "col": 125, "x": 378227.79057912464, "y": 2046261.902720903, "cell_area_m2": 900.0, "runoff_coefficient": 0.89999997615814209, "surface_class": "building" }, "geometry": { "type": "Point", "coordinates": [ 378227.790579124644864, 2046261.902720903046429 ] } },
{ "type": "Feature", "properties": { "cell_id": "R090_C126", "row": 90, "col": 126, "x": 378257.79057912464, "y": 2046261.902720903, "cell_area_m2": 900.0, "runoff_coefficient": 0.75, "surface_class": "default_urban" }, "geometry": { "type": "Point", "coordinates": [ 378257.790579124644864, 2046261.902720903046429 ] } },
{ "type": "Feature", "properties": { "cell_id": "R090_C127", "row": 90, "col": 127, "x": 378287.79057912464, "y": 2046261.902720903, "cell_area_m2": 900.0, "runoff_coefficient": 0.75, "surface_class": "default_urban" }, "geometry": { "type": "Point", "coordinates": [ 378287.790579124644864, 2046261.902720903046429 ] } },
{ "type": "Feature", "properties": { "cell_id": "R090_C128", "row": 90, "col": 128, "x": 378317.79057912464, "y": 2046261.902720903, "cell_area_m2": 900.0, "runoff_coefficient": 0.75, "surface_class": "default_urban" }, "geometry": { "type": "Point", "coordinates": [ 378317.790579124644864, 2046261.902720903046429 ] } },
{ "type": "Feature", "properties": { "cell_id": "R090_C129", "row": 90, "col": 129, "x": 378347.79057912464, "y": 2046261.902720903, "cell_area_m2": 900.0, "runoff_coefficient": 0.75, "surface_class": "default_urban" }, "geometry": { "type": "Point", "coordinates": [ 378347.790579124644864, 2046261.902720903046429 ] } },
{ "type": "Feature", "properties": { "cell_id": "R090_C130", "row": 90, "col": 130, "x": 378377.79057912464, "y": 2046261.902720903, "cell_area_m2": 900.0, "runoff_coefficient": 0.75, "surface_class": "default_urban" }, "geometry": { "type": "Point", "coordinates": [ 378377.790579124644864, 2046261.902720903046429 ] } },
{ "type": "Feature", "properties": { "cell_id": "R090_C131", "row": 90, "col": 131, "x": 378407.79057912464, "y": 2046261.902720903, "cell_area_m2": 900.0, "runoff_coefficient": 0.75, "surface_class": "default_urban" }, "geometry": { "type": "Point", "coordinates": [ 378407.790579124644864, 2046261.902720903046429 ] } },
{ "type": "Feature", "properties": { "cell_id": "R090_C132", "row": 90, "col": 132, "x": 378437.79057912464, "y": 2046261.902720903, "cell_area_m2": 900.0, "runoff_coefficient": 0.75, "surface_class": "default_urban" }, "geometry": { "type": "Point", "coordinates": [ 378437.790579124644864, 2046261.902720903046429 ] } },
{ "type": "Feature", "properties": { "cell_id": "R090_C133", "row": 90, "col": 133, "x": 378467.79057912464, "y": 2046261.902720903, "cell_area_m2": 900.0, "runoff_coefficient": 0.85000002384185791, "surface_class": "road" }, "geometry": { "type": "Point", "coordinates": [ 378467.790579124644864, 2046261.902720903046429 ] } },
{ "type": "Feature", "properties": { "cell_id": "R090_C134", "row": 90, "col": 134, "x": 378497.79057912464, "y": 2046261.902720903, "cell_area_m2": 900.0, "runoff_coefficient": 0.89999997615814209, "surface_class": "building" }, "geometry": { "type": "Point", "coordinates": [ 378497.790579124644864, 2046261.902720903046429 ] } },
{ "type": "Feature", "properties": { "cell_id": "R090_C135", "row": 90, "col": 135, "x": 378527.79057912464, "y": 2046261.902720903, "cell_area_m2": 900.0, "runoff_coefficient": 0.89999997615814209, "surface_class": "building" }, "geometry": { "type": "Point", "coordinates": [ 378527.790579124644864, 2046261.902720903046429 ] } },
{ "type": "Feature", "properties": { "cell_id": "R090_C136", "row": 90, "col": 136, "x": 378557.79057912464, "y": 2046261.902720903, "cell_area_m2": 900.0, "runoff_coefficient": 0.89999997615814209, "surface_class": "building" }, "geometry": { "type": "Point", "coordinates": [ 378557.790579124644864, 2046261.902720903046429 ] } },
{ "type": "Feature", "properties": { "cell_id": "R090_C137", "row": 90, "col": 137, "x": 378587.79057912464, "y": 2046261.902720903, "cell_area_m2": 900.0, "runoff_coefficient": 0.85000002384185791, "surface_class": "road" }, "geometry": { "type": "Point", "coordinates": [ 378587.790579124644864, 2046261.902720903046429 ] } },
{ "type": "Feature", "properties": { "cell_id": "R091_C069", "row": 91, "col": 69, "x": 376547.79057912464, "y": 2046231.902720903, "cell_area_m2": 900.0, "runoff_coefficient": 0.85000002384185791, "surface_class": "road" }, "geometry": { "type": "Point", "coordinates": [ 376547.790579124644864, 2046231.902720903046429 ] } },
{ "type": "Feature", "properties": { "cell_id": "R091_C070", "row": 91, "col": 70, "x": 376577.79057912464, "y": 2046231.902720903, "cell_area_m2": 900.0, "runoff_coefficient": 0.85000002384185791, "surface_class": "road" }, "geometry": { "type": "Point", "coordinates": [ 376577.790579124644864, 2046231.902720903046429 ] } },
{ "type": "Feature", "properties": { "cell_id": "R091_C071", "row": 91, "col": 71, "x": 376607.79057912464, "y": 2046231.902720903, "cell_area_m2": 900.0, "runoff_coefficient": 0.75, "surface_class": "default_urban" }, "geometry": { "type": "Point", "coordinates": [ 376607.790579124644864, 2046231.902720903046429 ] } },
{ "type": "Feature", "properties": { "cell_id": "R091_C072", "row": 91, "col": 72, "x": 376637.79057912464, "y": 2046231.902720903, "cell_area_m2": 900.0, "runoff_coefficient": 0.89999997615814209, "surface_class": "building" }, "geometry": { "type": "Point", "coordinates": [ 376637.790579124644864, 2046231.902720903046429 ] } },
{ "type": "Feature", "properties": { "cell_id": "R091_C073", "row": 91, "col": 73, "x": 376667.79057912464, "y": 2046231.902720903, "cell_area_m2": 900.0, "runoff_coefficient": 0.85000002384185791, "surface_class": "road" }, "geometry": { "type": "Point", "coordinates": [ 376667.790579124644864, 2046231.902720903046429 ] } },
{ "type": "Feature", "properties": { "cell_id": "R091_C074", "row": 91, "col": 74, "x": 376697.79057912464, "y": 2046231.902720903, "cell_area_m2": 900.0, "runoff_coefficient": 0.75, "surface_class": "default_urban" }, "geometry": { "type": "Point", "coordinates": [ 376697.790579124644864, 2046231.902720903046429 ] } },
{ "type": "Feature", "properties": { "cell_id": "R091_C075", "row": 91, "col": 75, "x": 376727.79057912464, "y": 2046231.902720903, "cell_area_m2": 900.0, "runoff_coefficient": 0.89999997615814209, "surface_class": "building" }, "geometry": { "type": "Point", "coordinates": [ 376727.790579124644864, 2046231.902720903046429 ] } },
{ "type": "Feature", "properties": { "cell_id": "R091_C076", "row": 91, "col": 76, "x": 376757.79057912464, "y": 2046231.902720903, "cell_area_m2": 900.0, "runoff_coefficient": 0.75, "surface_class": "default_urban" }, "geometry": { "type": "Point", "coordinates": [ 376757.790579124644864, 2046231.902720903046429 ] } },
{ "type": "Feature", "properties": { "cell_id": "R091_C077", "row": 91, "col": 77, "x": 376787.79057912464, "y": 2046231.902720903, "cell_area_m2": 900.0, "runoff_coefficient": 0.75, "surface_class": "default_urban" }, "geometry": { "type": "Point", "coordinates": [ 376787.790579124644864, 2046231.902720903046429 ] } },
{ "type": "Feature", "properties": { "cell_id": "R091_C078", "row": 91, "col": 78, "x": 376817.79057912464, "y": 2046231.902720903, "cell_area_m2": 900.0, "runoff_coefficient": 0.75, "surface_class": "default_urban" }, "geometry": { "type": "Point", "coordinates": [ 376817.790579124644864, 2046231.902720903046429 ] } },
{ "type": "Feature", "properties": { "cell_id": "R091_C079", "row": 91, "col": 79, "x": 376847.79057912464, "y": 2046231.902720903, "cell_area_m2": 900.0, "runoff_coefficient": 0.89999997615814209, "surface_class": "building" }, "geometry": { "type": "Point", "coordinates": [ 376847.790579124644864, 2046231.902720903046429 ] } },
{ "type": "Feature", "properties": { "cell_id": "R091_C080", "row": 91, "col": 80, "x": 376877.79057912464, "y": 2046231.902720903, "cell_area_m2": 900.0, "runoff_coefficient": 0.75, "surface_class": "default_urban" }, "geometry": { "type": "Point", "coordinates": [ 376877.790579124644864, 2046231.902720903046429 ] } },
{ "type": "Feature", "properties": { "cell_id": "R091_C081", "row": 91, "col": 81, "x": 376907.79057912464, "y": 2046231.902720903, "cell_area_m2": 900.0, "runoff_coefficient": 0.75, "surface_class": "default_urban" }, "geometry": { "type": "Point", "coordinates": [ 376907.790579124644864, 2046231.902720903046429 ] } },
{ "type": "Feature", "properties": { "cell_id": "R091_C082", "row": 91, "col": 82, "x": 376937.79057912464, "y": 2046231.902720903, "cell_area_m2": 900.0, "runoff_coefficient": 0.89999997615814209, "surface_class": "building" }, "geometry": { "type": "Point", "coordinates": [ 376937.790579124644864, 2046231.902720903046429 ] } },
{ "type": "Feature", "properties": { "cell_id": "R091_C083", "row": 91, "col": 83, "x": 376967.79057912464, "y": 2046231.902720903, "cell_area_m2": 900.0, "runoff_coefficient": 0.89999997615814209, "surface_class": "building" }, "geometry": { "type": "Point", "coordinates": [ 376967.790579124644864, 2046231.902720903046429 ] } },
{ "type": "Feature", "properties": { "cell_id": "R091_C084", "row": 91, "col": 84, "x": 376997.79057912464, "y": 2046231.902720903, "cell_area_m2": 900.0, "runoff_coefficient": 0.75, "surface_class": "default_urban" }, "geometry": { "type": "Point", "coordinates": [ 376997.790579124644864, 2046231.902720903046429 ] } },
{ "type": "Feature", "properties": { "cell_id": "R091_C085", "row": 91, "col": 85, "x": 377027.79057912464, "y": 2046231.902720903, "cell_area_m2": 900.0, "runoff_coefficient": 0.85000002384185791, "surface_class": "road" }, "geometry": { "type": "Point", "coordinates": [ 377027.790579124644864, 2046231.902720903046429 ] } },
{ "type": "Feature", "properties": { "cell_id": "R091_C086", "row": 91, "col": 86, "x": 377057.79057912464, "y": 2046231.902720903, "cell_area_m2": 900.0, "runoff_coefficient": 0.75, "surface_class": "default_urban" }, "geometry": { "type": "Point", "coordinates": [ 377057.790579124644864, 2046231.902720903046429 ] } },
{ "type": "Feature", "properties": { "cell_id": "R091_C087", "row": 91, "col": 87, "x": 377087.79057912464, "y": 2046231.902720903, "cell_area_m2": 900.0, "runoff_coefficient": 0.75, "surface_class": "default_urban" }, "geometry": { "type": "Point", "coordinates": [ 377087.790579124644864, 2046231.902720903046429 ] } },
{ "type": "Feature", "properties": { "cell_id": "R091_C088", "row": 91, "col": 88, "x": 377117.79057912464, "y": 2046231.902720903, "cell_area_m2": 900.0, "runoff_coefficient": 0.75, "surface_class": "default_urban" }, "geometry": { "type": "Point", "coordinates": [ 377117.790579124644864, 2046231.902720903046429 ] } },
{ "type": "Feature", "properties": { "cell_id": "R091_C089", "row": 91, "col": 89, "x": 377147.79057912464, "y": 2046231.902720903, "cell_area_m2": 900.0, "runoff_coefficient": 0.75, "surface_class": "default_urban" }, "geometry": { "type": "Point", "coordinates": [ 377147.790579124644864, 2046231.902720903046429 ] } },
{ "type": "Feature", "properties": { "cell_id": "R091_C090", "row": 91, "col": 90, "x": 377177.79057912464, "y": 2046231.902720903, "cell_area_m2": 900.0, "runoff_coefficient": 0.75, "surface_class": "default_urban" }, "geometry": { "type": "Point", "coordinates": [ 377177.790579124644864, 2046231.902720903046429 ] } },
{ "type": "Feature", "properties": { "cell_id": "R091_C091", "row": 91, "col": 91, "x": 377207.79057912464, "y": 2046231.902720903, "cell_area_m2": 900.0, "runoff_coefficient": 0.75, "surface_class": "default_urban" }, "geometry": { "type": "Point", "coordinates": [ 377207.790579124644864, 2046231.902720903046429 ] } },
{ "type": "Feature", "properties": { "cell_id": "R091_C092", "row": 91, "col": 92, "x": 377237.79057912464, "y": 2046231.902720903, "cell_area_m2": 900.0, "runoff_coefficient": 0.75, "surface_class": "default_urban" }, "geometry": { "type": "Point", "coordinates": [ 377237.790579124644864, 2046231.902720903046429 ] } },
{ "type": "Feature", "properties": { "cell_id": "R091_C093", "row": 91, "col": 93, "x": 377267.79057912464, "y": 2046231.902720903, "cell_area_m2": 900.0, "runoff_coefficient": 0.75, "surface_class": "default_urban" }, "geometry": { "type": "Point", "coordinates": [ 377267.790579124644864, 2046231.902720903046429 ] } },
{ "type": "Feature", "properties": { "cell_id": "R091_C094", "row": 91, "col": 94, "x": 377297.79057912464, "y": 2046231.902720903, "cell_area_m2": 900.0, "runoff_coefficient": 0.75, "surface_class": "default_urban" }, "geometry": { "type": "Point", "coordinates": [ 377297.790579124644864, 2046231.902720903046429 ] } },
{ "type": "Feature", "properties": { "cell_id": "R091_C095", "row": 91, "col": 95, "x": 377327.79057912464, "y": 2046231.902720903, "cell_area_m2": 900.0, "runoff_coefficient": 0.85000002384185791, "surface_class": "road" }, "geometry": { "type": "Point", "coordinates": [ 377327.790579124644864, 2046231.902720903046429 ] } },
{ "type": "Feature", "properties": { "cell_id": "R091_C096", "row": 91, "col": 96, "x": 377357.79057912464, "y": 2046231.902720903, "cell_area_m2": 900.0, "runoff_coefficient": 0.89999997615814209, "surface_class": "building" }, "geometry": { "type": "Point", "coordinates": [ 377357.790579124644864, 2046231.902720903046429 ] } },
{ "type": "Feature", "properties": { "cell_id": "R091_C097", "row": 91, "col": 97, "x": 377387.79057912464, "y": 2046231.902720903, "cell_area_m2": 900.0, "runoff_coefficient": 0.85000002384185791, "surface_class": "road" }, "geometry": { "type": "Point", "coordinates": [ 377387.790579124644864, 2046231.902720903046429 ] } },
{ "type": "Feature", "properties": { "cell_id": "R091_C098", "row": 91, "col": 98, "x": 377417.79057912464, "y": 2046231.902720903, "cell_area_m2": 900.0, "runoff_coefficient": 0.85000002384185791, "surface_class": "road" }, "geometry": { "type": "Point", "coordinates": [ 377417.790579124644864, 2046231.902720903046429 ] } },
{ "type": "Feature", "properties": { "cell_id": "R091_C099", "row": 91, "col": 99, "x": 377447.79057912464, "y": 2046231.902720903, "cell_area_m2": 900.0, "runoff_coefficient": 0.85000002384185791, "surface_class": "road" }, "geometry": { "type": "Point", "coordinates": [ 377447.790579124644864, 2046231.902720903046429 ] } },
{ "type": "Feature", "properties": { "cell_id": "R091_C100", "row": 91, "col": 100, "x": 377477.79057912464, "y": 2046231.902720903, "cell_area_m2": 900.0, "runoff_coefficient": 0.85000002384185791, "surface_class": "road" }, "geometry": { "type": "Point", "coordinates": [ 377477.790579124644864, 2046231.902720903046429 ] } },
{ "type": "Feature", "properties": { "cell_id": "R091_C101", "row": 91, "col": 101, "x": 377507.79057912464, "y": 2046231.902720903, "cell_area_m2": 900.0, "runoff_coefficient": 0.85000002384185791, "surface_class": "road" }, "geometry": { "type": "Point", "coordinates": [ 377507.790579124644864, 2046231.902720903046429 ] } },
{ "type": "Feature", "properties": { "cell_id": "R091_C102", "row": 91, "col": 102, "x": 377537.79057912464, "y": 2046231.902720903, "cell_area_m2": 900.0, "runoff_coefficient": 0.75, "surface_class": "default_urban" }, "geometry": { "type": "Point", "coordinates": [ 377537.790579124644864, 2046231.902720903046429 ] } },
{ "type": "Feature", "properties": { "cell_id": "R091_C103", "row": 91, "col": 103, "x": 377567.79057912464, "y": 2046231.902720903, "cell_area_m2": 900.0, "runoff_coefficient": 0.75, "surface_class": "default_urban" }, "geometry": { "type": "Point", "coordinates": [ 377567.790579124644864, 2046231.902720903046429 ] } },
{ "type": "Feature", "properties": { "cell_id": "R091_C104", "row": 91, "col": 104, "x": 377597.79057912464, "y": 2046231.902720903, "cell_area_m2": 900.0, "runoff_coefficient": 0.85000002384185791, "surface_class": "road" }, "geometry": { "type": "Point", "coordinates": [ 377597.790579124644864, 2046231.902720903046429 ] } },
{ "type": "Feature", "properties": { "cell_id": "R091_C105", "row": 91, "col": 105, "x": 377627.79057912464, "y": 2046231.902720903, "cell_area_m2": 900.0, "runoff_coefficient": 0.89999997615814209, "surface_class": "building" }, "geometry": { "type": "Point", "coordinates": [ 377627.790579124644864, 2046231.902720903046429 ] } },
{ "type": "Feature", "properties": { "cell_id": "R091_C106", "row": 91, "col": 106, "x": 377657.79057912464, "y": 2046231.902720903, "cell_area_m2": 900.0, "runoff_coefficient": 0.89999997615814209, "surface_class": "building" }, "geometry": { "type": "Point", "coordinates": [ 377657.790579124644864, 2046231.902720903046429 ] } },
{ "type": "Feature", "properties": { "cell_id": "R091_C107", "row": 91, "col": 107, "x": 377687.79057912464, "y": 2046231.902720903, "cell_area_m2": 900.0, "runoff_coefficient": 0.85000002384185791, "surface_class": "road" }, "geometry": { "type": "Point", "coordinates": [ 377687.790579124644864, 2046231.902720903046429 ] } },
{ "type": "Feature", "properties": { "cell_id": "R091_C108", "row": 91, "col": 108, "x": 377717.79057912464, "y": 2046231.902720903, "cell_area_m2": 900.0, "runoff_coefficient": 0.85000002384185791, "surface_class": "road" }, "geometry": { "type": "Point", "coordinates": [ 377717.790579124644864, 2046231.902720903046429 ] } },
{ "type": "Feature", "properties": { "cell_id": "R091_C109", "row": 91, "col": 109, "x": 377747.79057912464, "y": 2046231.902720903, "cell_area_m2": 900.0, "runoff_coefficient": 0.85000002384185791, "surface_class": "road" }, "geometry": { "type": "Point", "coordinates": [ 377747.790579124644864, 2046231.902720903046429 ] } },
{ "type": "Feature", "properties": { "cell_id": "R091_C110", "row": 91, "col": 110, "x": 377777.79057912464, "y": 2046231.902720903, "cell_area_m2": 900.0, "runoff_coefficient": 0.85000002384185791, "surface_class": "road" }, "geometry": { "type": "Point", "coordinates": [ 377777.790579124644864, 2046231.902720903046429 ] } },
{ "type": "Feature", "properties": { "cell_id": "R091_C111", "row": 91, "col": 111, "x": 377807.79057912464, "y": 2046231.902720903, "cell_area_m2": 900.0, "runoff_coefficient": 0.85000002384185791, "surface_class": "road" }, "geometry": { "type": "Point", "coordinates": [ 377807.790579124644864, 2046231.902720903046429 ] } },
{ "type": "Feature", "properties": { "cell_id": "R091_C112", "row": 91, "col": 112, "x": 377837.79057912464, "y": 2046231.902720903, "cell_area_m2": 900.0, "runoff_coefficient": 0.89999997615814209, "surface_class": "building" }, "geometry": { "type": "Point", "coordinates": [ 377837.790579124644864, 2046231.902720903046429 ] } },
{ "type": "Feature", "properties": { "cell_id": "R091_C113", "row": 91, "col": 113, "x": 377867.79057912464, "y": 2046231.902720903, "cell_area_m2": 900.0, "runoff_coefficient": 0.89999997615814209, "surface_class": "building" }, "geometry": { "type": "Point", "coordinates": [ 377867.790579124644864, 2046231.902720903046429 ] } },
{ "type": "Feature", "properties": { "cell_id": "R091_C114", "row": 91, "col": 114, "x": 377897.79057912464, "y": 2046231.902720903, "cell_area_m2": 900.0, "runoff_coefficient": 0.89999997615814209, "surface_class": "building" }, "geometry": { "type": "Point", "coordinates": [ 377897.790579124644864, 2046231.902720903046429 ] } },
{ "type": "Feature", "properties": { "cell_id": "R091_C115", "row": 91, "col": 115, "x": 377927.79057912464, "y": 2046231.902720903, "cell_area_m2": 900.0, "runoff_coefficient": 0.89999997615814209, "surface_class": "building" }, "geometry": { "type": "Point", "coordinates": [ 377927.790579124644864, 2046231.902720903046429 ] } },
{ "type": "Feature", "properties": { "cell_id": "R091_C116", "row": 91, "col": 116, "x": 377957.79057912464, "y": 2046231.902720903, "cell_area_m2": 900.0, "runoff_coefficient": 0.75, "surface_class": "default_urban" }, "geometry": { "type": "Point", "coordinates": [ 377957.790579124644864, 2046231.902720903046429 ] } },
{ "type": "Feature", "properties": { "cell_id": "R091_C117", "row": 91, "col": 117, "x": 377987.79057912464, "y": 2046231.902720903, "cell_area_m2": 900.0, "runoff_coefficient": 0.75, "surface_class": "default_urban" }, "geometry": { "type": "Point", "coordinates": [ 377987.790579124644864, 2046231.902720903046429 ] } },
{ "type": "Feature", "properties": { "cell_id": "R091_C118", "row": 91, "col": 118, "x": 378017.79057912464, "y": 2046231.902720903, "cell_area_m2": 900.0, "runoff_coefficient": 0.75, "surface_class": "default_urban" }, "geometry": { "type": "Point", "coordinates": [ 378017.790579124644864, 2046231.902720903046429 ] } },
{ "type": "Feature", "properties": { "cell_id": "R091_C119", "row": 91, "col": 119, "x": 378047.79057912464, "y": 2046231.902720903, "cell_area_m2": 900.0, "runoff_coefficient": 0.89999997615814209, "surface_class": "building" }, "geometry": { "type": "Point", "coordinates": [ 378047.790579124644864, 2046231.902720903046429 ] } },
{ "type": "Feature", "properties": { "cell_id": "R091_C120", "row": 91, "col": 120, "x": 378077.79057912464, "y": 2046231.902720903, "cell_area_m2": 900.0, "runoff_coefficient": 0.85000002384185791, "surface_class": "road" }, "geometry": { "type": "Point", "coordinates": [ 378077.790579124644864, 2046231.902720903046429 ] } },
{ "type": "Feature", "properties": { "cell_id": "R091_C121", "row": 91, "col": 121, "x": 378107.79057912464, "y": 2046231.902720903, "cell_area_m2": 900.0, "runoff_coefficient": 0.85000002384185791, "surface_class": "road" }, "geometry": { "type": "Point", "coordinates": [ 378107.790579124644864, 2046231.902720903046429 ] } },
{ "type": "Feature", "properties": { "cell_id": "R091_C122", "row": 91, "col": 122, "x": 378137.79057912464, "y": 2046231.902720903, "cell_area_m2": 900.0, "runoff_coefficient": 0.85000002384185791, "surface_class": "road" }, "geometry": { "type": "Point", "coordinates": [ 378137.790579124644864, 2046231.902720903046429 ] } },
{ "type": "Feature", "properties": { "cell_id": "R091_C123", "row": 91, "col": 123, "x": 378167.79057912464, "y": 2046231.902720903, "cell_area_m2": 900.0, "runoff_coefficient": 0.75, "surface_class": "default_urban" }, "geometry": { "type": "Point", "coordinates": [ 378167.790579124644864, 2046231.902720903046429 ] } },
{ "type": "Feature", "properties": { "cell_id": "R091_C124", "row": 91, "col": 124, "x": 378197.79057912464, "y": 2046231.902720903, "cell_area_m2": 900.0, "runoff_coefficient": 0.85000002384185791, "surface_class": "road" }, "geometry": { "type": "Point", "coordinates": [ 378197.790579124644864, 2046231.902720903046429 ] } },
{ "type": "Feature", "properties": { "cell_id": "R091_C125", "row": 91, "col": 125, "x": 378227.79057912464, "y": 2046231.902720903, "cell_area_m2": 900.0, "runoff_coefficient": 0.75, "surface_class": "default_urban" }, "geometry": { "type": "Point", "coordinates": [ 378227.790579124644864, 2046231.902720903046429 ] } },
{ "type": "Feature", "properties": { "cell_id": "R091_C126", "row": 91, "col": 126, "x": 378257.79057912464, "y": 2046231.902720903, "cell_area_m2": 900.0, "runoff_coefficient": 0.75, "surface_class": "default_urban" }, "geometry": { "type": "Point", "coordinates": [ 378257.790579124644864, 2046231.902720903046429 ] } },
{ "type": "Feature", "properties": { "cell_id": "R091_C127", "row": 91, "col": 127, "x": 378287.79057912464, "y": 2046231.902720903, "cell_area_m2": 900.0, "runoff_coefficient": 0.75, "surface_class": "default_urban" }, "geometry": { "type": "Point", "coordinates": [ 378287.790579124644864, 2046231.902720903046429 ] } },
{ "type": "Feature", "properties": { "cell_id": "R091_C128", "row": 91, "col": 128, "x": 378317.79057912464, "y": 2046231.902720903, "cell_area_m2": 900.0, "runoff_coefficient": 0.75, "surface_class": "default_urban" }, "geometry": { "type": "Point", "coordinates": [ 378317.790579124644864, 2046231.902720903046429 ] } },
{ "type": "Feature", "properties": { "cell_id": "R091_C129", "row": 91, "col": 129, "x": 378347.79057912464, "y": 2046231.902720903, "cell_area_m2": 900.0, "runoff_coefficient": 0.75, "surface_class": "default_urban" }, "geometry": { "type": "Point", "coordinates": [ 378347.790579124644864, 2046231.902720903046429 ] } },
{ "type": "Feature", "properties": { "cell_id": "R091_C130", "row": 91, "col": 130, "x": 378377.79057912464, "y": 2046231.902720903, "cell_area_m2": 900.0, "runoff_coefficient": 0.75, "surface_class": "default_urban" }, "geometry": { "type": "Point", "coordinates": [ 378377.790579124644864, 2046231.902720903046429 ] } },
{ "type": "Feature", "properties": { "cell_id": "R091_C131", "row": 91, "col": 131, "x": 378407.79057912464, "y": 2046231.902720903, "cell_area_m2": 900.0, "runoff_coefficient": 0.75, "surface_class": "default_urban" }, "geometry": { "type": "Point", "coordinates": [ 378407.790579124644864, 2046231.902720903046429 ] } },
{ "type": "Feature", "properties": { "cell_id": "R091_C132", "row": 91, "col": 132, "x": 378437.79057912464, "y": 2046231.902720903, "cell_area_m2": 900.0, "runoff_coefficient": 0.75, "surface_class": "default_urban" }, "geometry": { "type": "Point", "coordinates": [ 378437.790579124644864, 2046231.902720903046429 ] } },
{ "type": "Feature", "properties": { "cell_id": "R091_C133", "row": 91, "col": 133, "x": 378467.79057912464, "y": 2046231.902720903, "cell_area_m2": 900.0, "runoff_coefficient": 0.85000002384185791, "surface_class": "road" }, "geometry": { "type": "Point", "coordinates": [ 378467.790579124644864, 2046231.902720903046429 ] } },
{ "type": "Feature", "properties": { "cell_id": "R091_C134", "row": 91, "col": 134, "x": 378497.79057912464, "y": 2046231.902720903, "cell_area_m2": 900.0, "runoff_coefficient": 0.75, "surface_class": "default_urban" }, "geometry": { "type": "Point", "coordinates": [ 378497.790579124644864, 2046231.902720903046429 ] } },
{ "type": "Feature", "properties": { "cell_id": "R091_C135", "row": 91, "col": 135, "x": 378527.79057912464, "y": 2046231.902720903, "cell_area_m2": 900.0, "runoff_coefficient": 0.75, "surface_class": "default_urban" }, "geometry": { "type": "Point", "coordinates": [ 378527.790579124644864, 2046231.902720903046429 ] } },
{ "type": "Feature", "properties": { "cell_id": "R091_C136", "row": 91, "col": 136, "x": 378557.79057912464, "y": 2046231.902720903, "cell_area_m2": 900.0, "runoff_coefficient": 0.89999997615814209, "surface_class": "building" }, "geometry": { "type": "Point", "coordinates": [ 378557.790579124644864, 2046231.902720903046429 ] } },
{ "type": "Feature", "properties": { "cell_id": "R091_C137", "row": 91, "col": 137, "x": 378587.79057912464, "y": 2046231.902720903, "cell_area_m2": 900.0, "runoff_coefficient": 0.85000002384185791, "surface_class": "road" }, "geometry": { "type": "Point", "coordinates": [ 378587.790579124644864, 2046231.902720903046429 ] } },
{ "type": "Feature", "properties": { "cell_id": "R092_C069", "row": 92, "col": 69, "x": 376547.79057912464, "y": 2046201.902720903, "cell_area_m2": 900.0, "runoff_coefficient": 0.75, "surface_class": "default_urban" }, "geometry": { "type": "Point", "coordinates": [ 376547.790579124644864, 2046201.902720903046429 ] } },
{ "type": "Feature", "properties": { "cell_id": "R092_C070", "row": 92, "col": 70, "x": 376577.79057912464, "y": 2046201.902720903, "cell_area_m2": 900.0, "runoff_coefficient": 0.75, "surface_class": "default_urban" }, "geometry": { "type": "Point", "coordinates": [ 376577.790579124644864, 2046201.902720903046429 ] } },
{ "type": "Feature", "properties": { "cell_id": "R092_C071", "row": 92, "col": 71, "x": 376607.79057912464, "y": 2046201.902720903, "cell_area_m2": 900.0, "runoff_coefficient": 0.75, "surface_class": "default_urban" }, "geometry": { "type": "Point", "coordinates": [ 376607.790579124644864, 2046201.902720903046429 ] } },
{ "type": "Feature", "properties": { "cell_id": "R092_C072", "row": 92, "col": 72, "x": 376637.79057912464, "y": 2046201.902720903, "cell_area_m2": 900.0, "runoff_coefficient": 0.89999997615814209, "surface_class": "building" }, "geometry": { "type": "Point", "coordinates": [ 376637.790579124644864, 2046201.902720903046429 ] } },
{ "type": "Feature", "properties": { "cell_id": "R092_C073", "row": 92, "col": 73, "x": 376667.79057912464, "y": 2046201.902720903, "cell_area_m2": 900.0, "runoff_coefficient": 0.85000002384185791, "surface_class": "road" }, "geometry": { "type": "Point", "coordinates": [ 376667.790579124644864, 2046201.902720903046429 ] } },
{ "type": "Feature", "properties": { "cell_id": "R092_C074", "row": 92, "col": 74, "x": 376697.79057912464, "y": 2046201.902720903, "cell_area_m2": 900.0, "runoff_coefficient": 0.89999997615814209, "surface_class": "building" }, "geometry": { "type": "Point", "coordinates": [ 376697.790579124644864, 2046201.902720903046429 ] } },
{ "type": "Feature", "properties": { "cell_id": "R092_C075", "row": 92, "col": 75, "x": 376727.79057912464, "y": 2046201.902720903, "cell_area_m2": 900.0, "runoff_coefficient": 0.75, "surface_class": "default_urban" }, "geometry": { "type": "Point", "coordinates": [ 376727.790579124644864, 2046201.902720903046429 ] } },
{ "type": "Feature", "properties": { "cell_id": "R092_C076", "row": 92, "col": 76, "x": 376757.79057912464, "y": 2046201.902720903, "cell_area_m2": 900.0, "runoff_coefficient": 0.89999997615814209, "surface_class": "building" }, "geometry": { "type": "Point", "coordinates": [ 376757.790579124644864, 2046201.902720903046429 ] } },
{ "type": "Feature", "properties": { "cell_id": "R092_C077", "row": 92, "col": 77, "x": 376787.79057912464, "y": 2046201.902720903, "cell_area_m2": 900.0, "runoff_coefficient": 0.75, "surface_class": "default_urban" }, "geometry": { "type": "Point", "coordinates": [ 376787.790579124644864, 2046201.902720903046429 ] } },
{ "type": "Feature", "properties": { "cell_id": "R092_C078", "row": 92, "col": 78, "x": 376817.79057912464, "y": 2046201.902720903, "cell_area_m2": 900.0, "runoff_coefficient": 0.75, "surface_class": "default_urban" }, "geometry": { "type": "Point", "coordinates": [ 376817.790579124644864, 2046201.902720903046429 ] } },
{ "type": "Feature", "properties": { "cell_id": "R092_C079", "row": 92, "col": 79, "x": 376847.79057912464, "y": 2046201.902720903, "cell_area_m2": 900.0, "runoff_coefficient": 0.75, "surface_class": "default_urban" }, "geometry": { "type": "Point", "coordinates": [ 376847.790579124644864, 2046201.902720903046429 ] } },
{ "type": "Feature", "properties": { "cell_id": "R092_C080", "row": 92, "col": 80, "x": 376877.79057912464, "y": 2046201.902720903, "cell_area_m2": 900.0, "runoff_coefficient": 0.75, "surface_class": "default_urban" }, "geometry": { "type": "Point", "coordinates": [ 376877.790579124644864, 2046201.902720903046429 ] } },
{ "type": "Feature", "properties": { "cell_id": "R092_C081", "row": 92, "col": 81, "x": 376907.79057912464, "y": 2046201.902720903, "cell_area_m2": 900.0, "runoff_coefficient": 0.75, "surface_class": "default_urban" }, "geometry": { "type": "Point", "coordinates": [ 376907.790579124644864, 2046201.902720903046429 ] } },
{ "type": "Feature", "properties": { "cell_id": "R092_C082", "row": 92, "col": 82, "x": 376937.79057912464, "y": 2046201.902720903, "cell_area_m2": 900.0, "runoff_coefficient": 0.75, "surface_class": "default_urban" }, "geometry": { "type": "Point", "coordinates": [ 376937.790579124644864, 2046201.902720903046429 ] } },
{ "type": "Feature", "properties": { "cell_id": "R092_C083", "row": 92, "col": 83, "x": 376967.79057912464, "y": 2046201.902720903, "cell_area_m2": 900.0, "runoff_coefficient": 0.75, "surface_class": "default_urban" }, "geometry": { "type": "Point", "coordinates": [ 376967.790579124644864, 2046201.902720903046429 ] } },
{ "type": "Feature", "properties": { "cell_id": "R092_C084", "row": 92, "col": 84, "x": 376997.79057912464, "y": 2046201.902720903, "cell_area_m2": 900.0, "runoff_coefficient": 0.75, "surface_class": "default_urban" }, "geometry": { "type": "Point", "coordinates": [ 376997.790579124644864, 2046201.902720903046429 ] } },
{ "type": "Feature", "properties": { "cell_id": "R092_C085", "row": 92, "col": 85, "x": 377027.79057912464, "y": 2046201.902720903, "cell_area_m2": 900.0, "runoff_coefficient": 0.85000002384185791, "surface_class": "road" }, "geometry": { "type": "Point", "coordinates": [ 377027.790579124644864, 2046201.902720903046429 ] } },
{ "type": "Feature", "properties": { "cell_id": "R092_C086", "row": 92, "col": 86, "x": 377057.79057912464, "y": 2046201.902720903, "cell_area_m2": 900.0, "runoff_coefficient": 0.75, "surface_class": "default_urban" }, "geometry": { "type": "Point", "coordinates": [ 377057.790579124644864, 2046201.902720903046429 ] } },
{ "type": "Feature", "properties": { "cell_id": "R092_C087", "row": 92, "col": 87, "x": 377087.79057912464, "y": 2046201.902720903, "cell_area_m2": 900.0, "runoff_coefficient": 0.75, "surface_class": "default_urban" }, "geometry": { "type": "Point", "coordinates": [ 377087.790579124644864, 2046201.902720903046429 ] } },
{ "type": "Feature", "properties": { "cell_id": "R092_C088", "row": 92, "col": 88, "x": 377117.79057912464, "y": 2046201.902720903, "cell_area_m2": 900.0, "runoff_coefficient": 0.75, "surface_class": "default_urban" }, "geometry": { "type": "Point", "coordinates": [ 377117.790579124644864, 2046201.902720903046429 ] } },
{ "type": "Feature", "properties": { "cell_id": "R092_C089", "row": 92, "col": 89, "x": 377147.79057912464, "y": 2046201.902720903, "cell_area_m2": 900.0, "runoff_coefficient": 0.75, "surface_class": "default_urban" }, "geometry": { "type": "Point", "coordinates": [ 377147.790579124644864, 2046201.902720903046429 ] } },
{ "type": "Feature", "properties": { "cell_id": "R092_C090", "row": 92, "col": 90, "x": 377177.79057912464, "y": 2046201.902720903, "cell_area_m2": 900.0, "runoff_coefficient": 0.75, "surface_class": "default_urban" }, "geometry": { "type": "Point", "coordinates": [ 377177.790579124644864, 2046201.902720903046429 ] } },
{ "type": "Feature", "properties": { "cell_id": "R092_C091", "row": 92, "col": 91, "x": 377207.79057912464, "y": 2046201.902720903, "cell_area_m2": 900.0, "runoff_coefficient": 0.75, "surface_class": "default_urban" }, "geometry": { "type": "Point", "coordinates": [ 377207.790579124644864, 2046201.902720903046429 ] } },
{ "type": "Feature", "properties": { "cell_id": "R092_C092", "row": 92, "col": 92, "x": 377237.79057912464, "y": 2046201.902720903, "cell_area_m2": 900.0, "runoff_coefficient": 0.75, "surface_class": "default_urban" }, "geometry": { "type": "Point", "coordinates": [ 377237.790579124644864, 2046201.902720903046429 ] } },
{ "type": "Feature", "properties": { "cell_id": "R092_C093", "row": 92, "col": 93, "x": 377267.79057912464, "y": 2046201.902720903, "cell_area_m2": 900.0, "runoff_coefficient": 0.75, "surface_class": "default_urban" }, "geometry": { "type": "Point", "coordinates": [ 377267.790579124644864, 2046201.902720903046429 ] } },
{ "type": "Feature", "properties": { "cell_id": "R092_C094", "row": 92, "col": 94, "x": 377297.79057912464, "y": 2046201.902720903, "cell_area_m2": 900.0, "runoff_coefficient": 0.75, "surface_class": "default_urban" }, "geometry": { "type": "Point", "coordinates": [ 377297.790579124644864, 2046201.902720903046429 ] } },
{ "type": "Feature", "properties": { "cell_id": "R092_C095", "row": 92, "col": 95, "x": 377327.79057912464, "y": 2046201.902720903, "cell_area_m2": 900.0, "runoff_coefficient": 0.85000002384185791, "surface_class": "road" }, "geometry": { "type": "Point", "coordinates": [ 377327.790579124644864, 2046201.902720903046429 ] } },
{ "type": "Feature", "properties": { "cell_id": "R092_C096", "row": 92, "col": 96, "x": 377357.79057912464, "y": 2046201.902720903, "cell_area_m2": 900.0, "runoff_coefficient": 0.75, "surface_class": "default_urban" }, "geometry": { "type": "Point", "coordinates": [ 377357.790579124644864, 2046201.902720903046429 ] } },
{ "type": "Feature", "properties": { "cell_id": "R092_C097", "row": 92, "col": 97, "x": 377387.79057912464, "y": 2046201.902720903, "cell_area_m2": 900.0, "runoff_coefficient": 0.75, "surface_class": "default_urban" }, "geometry": { "type": "Point", "coordinates": [ 377387.790579124644864, 2046201.902720903046429 ] } },
{ "type": "Feature", "properties": { "cell_id": "R092_C098", "row": 92, "col": 98, "x": 377417.79057912464, "y": 2046201.902720903, "cell_area_m2": 900.0, "runoff_coefficient": 0.89999997615814209, "surface_class": "building" }, "geometry": { "type": "Point", "coordinates": [ 377417.790579124644864, 2046201.902720903046429 ] } },
{ "type": "Feature", "properties": { "cell_id": "R092_C099", "row": 92, "col": 99, "x": 377447.79057912464, "y": 2046201.902720903, "cell_area_m2": 900.0, "runoff_coefficient": 0.85000002384185791, "surface_class": "road" }, "geometry": { "type": "Point", "coordinates": [ 377447.790579124644864, 2046201.902720903046429 ] } },
{ "type": "Feature", "properties": { "cell_id": "R092_C100", "row": 92, "col": 100, "x": 377477.79057912464, "y": 2046201.902720903, "cell_area_m2": 900.0, "runoff_coefficient": 0.75, "surface_class": "default_urban" }, "geometry": { "type": "Point", "coordinates": [ 377477.790579124644864, 2046201.902720903046429 ] } },
{ "type": "Feature", "properties": { "cell_id": "R092_C101", "row": 92, "col": 101, "x": 377507.79057912464, "y": 2046201.902720903, "cell_area_m2": 900.0, "runoff_coefficient": 0.85000002384185791, "surface_class": "road" }, "geometry": { "type": "Point", "coordinates": [ 377507.790579124644864, 2046201.902720903046429 ] } },
{ "type": "Feature", "properties": { "cell_id": "R092_C102", "row": 92, "col": 102, "x": 377537.79057912464, "y": 2046201.902720903, "cell_area_m2": 900.0, "runoff_coefficient": 0.85000002384185791, "surface_class": "road" }, "geometry": { "type": "Point", "coordinates": [ 377537.790579124644864, 2046201.902720903046429 ] } },
{ "type": "Feature", "properties": { "cell_id": "R092_C103", "row": 92, "col": 103, "x": 377567.79057912464, "y": 2046201.902720903, "cell_area_m2": 900.0, "runoff_coefficient": 0.75, "surface_class": "default_urban" }, "geometry": { "type": "Point", "coordinates": [ 377567.790579124644864, 2046201.902720903046429 ] } },
{ "type": "Feature", "properties": { "cell_id": "R092_C104", "row": 92, "col": 104, "x": 377597.79057912464, "y": 2046201.902720903, "cell_area_m2": 900.0, "runoff_coefficient": 0.75, "surface_class": "default_urban" }, "geometry": { "type": "Point", "coordinates": [ 377597.790579124644864, 2046201.902720903046429 ] } },
{ "type": "Feature", "properties": { "cell_id": "R092_C105", "row": 92, "col": 105, "x": 377627.79057912464, "y": 2046201.902720903, "cell_area_m2": 900.0, "runoff_coefficient": 0.75, "surface_class": "default_urban" }, "geometry": { "type": "Point", "coordinates": [ 377627.790579124644864, 2046201.902720903046429 ] } },
{ "type": "Feature", "properties": { "cell_id": "R092_C106", "row": 92, "col": 106, "x": 377657.79057912464, "y": 2046201.902720903, "cell_area_m2": 900.0, "runoff_coefficient": 0.89999997615814209, "surface_class": "building" }, "geometry": { "type": "Point", "coordinates": [ 377657.790579124644864, 2046201.902720903046429 ] } },
{ "type": "Feature", "properties": { "cell_id": "R092_C107", "row": 92, "col": 107, "x": 377687.79057912464, "y": 2046201.902720903, "cell_area_m2": 900.0, "runoff_coefficient": 0.75, "surface_class": "default_urban" }, "geometry": { "type": "Point", "coordinates": [ 377687.790579124644864, 2046201.902720903046429 ] } },
{ "type": "Feature", "properties": { "cell_id": "R092_C108", "row": 92, "col": 108, "x": 377717.79057912464, "y": 2046201.902720903, "cell_area_m2": 900.0, "runoff_coefficient": 0.85000002384185791, "surface_class": "road" }, "geometry": { "type": "Point", "coordinates": [ 377717.790579124644864, 2046201.902720903046429 ] } },
{ "type": "Feature", "properties": { "cell_id": "R092_C109", "row": 92, "col": 109, "x": 377747.79057912464, "y": 2046201.902720903, "cell_area_m2": 900.0, "runoff_coefficient": 0.75, "surface_class": "default_urban" }, "geometry": { "type": "Point", "coordinates": [ 377747.790579124644864, 2046201.902720903046429 ] } },
{ "type": "Feature", "properties": { "cell_id": "R092_C110", "row": 92, "col": 110, "x": 377777.79057912464, "y": 2046201.902720903, "cell_area_m2": 900.0, "runoff_coefficient": 0.85000002384185791, "surface_class": "road" }, "geometry": { "type": "Point", "coordinates": [ 377777.790579124644864, 2046201.902720903046429 ] } },
{ "type": "Feature", "properties": { "cell_id": "R092_C111", "row": 92, "col": 111, "x": 377807.79057912464, "y": 2046201.902720903, "cell_area_m2": 900.0, "runoff_coefficient": 0.75, "surface_class": "default_urban" }, "geometry": { "type": "Point", "coordinates": [ 377807.790579124644864, 2046201.902720903046429 ] } },
{ "type": "Feature", "properties": { "cell_id": "R092_C112", "row": 92, "col": 112, "x": 377837.79057912464, "y": 2046201.902720903, "cell_area_m2": 900.0, "runoff_coefficient": 0.89999997615814209, "surface_class": "building" }, "geometry": { "type": "Point", "coordinates": [ 377837.790579124644864, 2046201.902720903046429 ] } },
{ "type": "Feature", "properties": { "cell_id": "R092_C113", "row": 92, "col": 113, "x": 377867.79057912464, "y": 2046201.902720903, "cell_area_m2": 900.0, "runoff_coefficient": 0.85000002384185791, "surface_class": "road" }, "geometry": { "type": "Point", "coordinates": [ 377867.790579124644864, 2046201.902720903046429 ] } },
{ "type": "Feature", "properties": { "cell_id": "R092_C114", "row": 92, "col": 114, "x": 377897.79057912464, "y": 2046201.902720903, "cell_area_m2": 900.0, "runoff_coefficient": 0.75, "surface_class": "default_urban" }, "geometry": { "type": "Point", "coordinates": [ 377897.790579124644864, 2046201.902720903046429 ] } },
{ "type": "Feature", "properties": { "cell_id": "R092_C115", "row": 92, "col": 115, "x": 377927.79057912464, "y": 2046201.902720903, "cell_area_m2": 900.0, "runoff_coefficient": 0.85000002384185791, "surface_class": "road" }, "geometry": { "type": "Point", "coordinates": [ 377927.790579124644864, 2046201.902720903046429 ] } },
{ "type": "Feature", "properties": { "cell_id": "R092_C116", "row": 92, "col": 116, "x": 377957.79057912464, "y": 2046201.902720903, "cell_area_m2": 900.0, "runoff_coefficient": 0.85000002384185791, "surface_class": "road" }, "geometry": { "type": "Point", "coordinates": [ 377957.790579124644864, 2046201.902720903046429 ] } },
{ "type": "Feature", "properties": { "cell_id": "R092_C117", "row": 92, "col": 117, "x": 377987.79057912464, "y": 2046201.902720903, "cell_area_m2": 900.0, "runoff_coefficient": 0.85000002384185791, "surface_class": "road" }, "geometry": { "type": "Point", "coordinates": [ 377987.790579124644864, 2046201.902720903046429 ] } },
{ "type": "Feature", "properties": { "cell_id": "R092_C118", "row": 92, "col": 118, "x": 378017.79057912464, "y": 2046201.902720903, "cell_area_m2": 900.0, "runoff_coefficient": 0.85000002384185791, "surface_class": "road" }, "geometry": { "type": "Point", "coordinates": [ 378017.790579124644864, 2046201.902720903046429 ] } },
{ "type": "Feature", "properties": { "cell_id": "R092_C119", "row": 92, "col": 119, "x": 378047.79057912464, "y": 2046201.902720903, "cell_area_m2": 900.0, "runoff_coefficient": 0.85000002384185791, "surface_class": "road" }, "geometry": { "type": "Point", "coordinates": [ 378047.790579124644864, 2046201.902720903046429 ] } },
{ "type": "Feature", "properties": { "cell_id": "R092_C120", "row": 92, "col": 120, "x": 378077.79057912464, "y": 2046201.902720903, "cell_area_m2": 900.0, "runoff_coefficient": 0.85000002384185791, "surface_class": "road" }, "geometry": { "type": "Point", "coordinates": [ 378077.790579124644864, 2046201.902720903046429 ] } },
{ "type": "Feature", "properties": { "cell_id": "R092_C121", "row": 92, "col": 121, "x": 378107.79057912464, "y": 2046201.902720903, "cell_area_m2": 900.0, "runoff_coefficient": 0.85000002384185791, "surface_class": "road" }, "geometry": { "type": "Point", "coordinates": [ 378107.790579124644864, 2046201.902720903046429 ] } },
{ "type": "Feature", "properties": { "cell_id": "R092_C122", "row": 92, "col": 122, "x": 378137.79057912464, "y": 2046201.902720903, "cell_area_m2": 900.0, "runoff_coefficient": 0.75, "surface_class": "default_urban" }, "geometry": { "type": "Point", "coordinates": [ 378137.790579124644864, 2046201.902720903046429 ] } },
{ "type": "Feature", "properties": { "cell_id": "R092_C123", "row": 92, "col": 123, "x": 378167.79057912464, "y": 2046201.902720903, "cell_area_m2": 900.0, "runoff_coefficient": 0.75, "surface_class": "default_urban" }, "geometry": { "type": "Point", "coordinates": [ 378167.790579124644864, 2046201.902720903046429 ] } },
{ "type": "Feature", "properties": { "cell_id": "R092_C124", "row": 92, "col": 124, "x": 378197.79057912464, "y": 2046201.902720903, "cell_area_m2": 900.0, "runoff_coefficient": 0.89999997615814209, "surface_class": "building" }, "geometry": { "type": "Point", "coordinates": [ 378197.790579124644864, 2046201.902720903046429 ] } },
{ "type": "Feature", "properties": { "cell_id": "R092_C125", "row": 92, "col": 125, "x": 378227.79057912464, "y": 2046201.902720903, "cell_area_m2": 900.0, "runoff_coefficient": 0.75, "surface_class": "default_urban" }, "geometry": { "type": "Point", "coordinates": [ 378227.790579124644864, 2046201.902720903046429 ] } },
{ "type": "Feature", "properties": { "cell_id": "R092_C126", "row": 92, "col": 126, "x": 378257.79057912464, "y": 2046201.902720903, "cell_area_m2": 900.0, "runoff_coefficient": 0.75, "surface_class": "default_urban" }, "geometry": { "type": "Point", "coordinates": [ 378257.790579124644864, 2046201.902720903046429 ] } },
{ "type": "Feature", "properties": { "cell_id": "R092_C127", "row": 92, "col": 127, "x": 378287.79057912464, "y": 2046201.902720903, "cell_area_m2": 900.0, "runoff_coefficient": 0.75, "surface_class": "default_urban" }, "geometry": { "type": "Point", "coordinates": [ 378287.790579124644864, 2046201.902720903046429 ] } },
{ "type": "Feature", "properties": { "cell_id": "R092_C128", "row": 92, "col": 128, "x": 378317.79057912464, "y": 2046201.902720903, "cell_area_m2": 900.0, "runoff_coefficient": 0.75, "surface_class": "default_urban" }, "geometry": { "type": "Point", "coordinates": [ 378317.790579124644864, 2046201.902720903046429 ] } },
{ "type": "Feature", "properties": { "cell_id": "R092_C129", "row": 92, "col": 129, "x": 378347.79057912464, "y": 2046201.902720903, "cell_area_m2": 900.0, "runoff_coefficient": 0.75, "surface_class": "default_urban" }, "geometry": { "type": "Point", "coordinates": [ 378347.790579124644864, 2046201.902720903046429 ] } },
{ "type": "Feature", "properties": { "cell_id": "R092_C130", "row": 92, "col": 130, "x": 378377.79057912464, "y": 2046201.902720903, "cell_area_m2": 900.0, "runoff_coefficient": 0.75, "surface_class": "default_urban" }, "geometry": { "type": "Point", "coordinates": [ 378377.790579124644864, 2046201.902720903046429 ] } },
{ "type": "Feature", "properties": { "cell_id": "R092_C131", "row": 92, "col": 131, "x": 378407.79057912464, "y": 2046201.902720903, "cell_area_m2": 900.0, "runoff_coefficient": 0.75, "surface_class": "default_urban" }, "geometry": { "type": "Point", "coordinates": [ 378407.790579124644864, 2046201.902720903046429 ] } },
{ "type": "Feature", "properties": { "cell_id": "R092_C132", "row": 92, "col": 132, "x": 378437.79057912464, "y": 2046201.902720903, "cell_area_m2": 900.0, "runoff_coefficient": 0.75, "surface_class": "default_urban" }, "geometry": { "type": "Point", "coordinates": [ 378437.790579124644864, 2046201.902720903046429 ] } },
{ "type": "Feature", "properties": { "cell_id": "R092_C133", "row": 92, "col": 133, "x": 378467.79057912464, "y": 2046201.902720903, "cell_area_m2": 900.0, "runoff_coefficient": 0.75, "surface_class": "default_urban" }, "geometry": { "type": "Point", "coordinates": [ 378467.790579124644864, 2046201.902720903046429 ] } },
{ "type": "Feature", "properties": { "cell_id": "R092_C134", "row": 92, "col": 134, "x": 378497.79057912464, "y": 2046201.902720903, "cell_area_m2": 900.0, "runoff_coefficient": 0.75, "surface_class": "default_urban" }, "geometry": { "type": "Point", "coordinates": [ 378497.790579124644864, 2046201.902720903046429 ] } },
{ "type": "Feature", "properties": { "cell_id": "R092_C135", "row": 92, "col": 135, "x": 378527.79057912464, "y": 2046201.902720903, "cell_area_m2": 900.0, "runoff_coefficient": 0.89999997615814209, "surface_class": "building" }, "geometry": { "type": "Point", "coordinates": [ 378527.790579124644864, 2046201.902720903046429 ] } },
{ "type": "Feature", "properties": { "cell_id": "R092_C136", "row": 92, "col": 136, "x": 378557.79057912464, "y": 2046201.902720903, "cell_area_m2": 900.0, "runoff_coefficient": 0.75, "surface_class": "default_urban" }, "geometry": { "type": "Point", "coordinates": [ 378557.790579124644864, 2046201.902720903046429 ] } },
{ "type": "Feature", "properties": { "cell_id": "R092_C137", "row": 92, "col": 137, "x": 378587.79057912464, "y": 2046201.902720903, "cell_area_m2": 900.0, "runoff_coefficient": 0.75, "surface_class": "default_urban" }, "geometry": { "type": "Point", "coordinates": [ 378587.790579124644864, 2046201.902720903046429 ] } },
{ "type": "Feature", "properties": { "cell_id": "R093_C069", "row": 93, "col": 69, "x": 376547.79057912464, "y": 2046171.902720903, "cell_area_m2": 900.0, "runoff_coefficient": 0.75, "surface_class": "default_urban" }, "geometry": { "type": "Point", "coordinates": [ 376547.790579124644864, 2046171.902720903046429 ] } },
{ "type": "Feature", "properties": { "cell_id": "R093_C070", "row": 93, "col": 70, "x": 376577.79057912464, "y": 2046171.902720903, "cell_area_m2": 900.0, "runoff_coefficient": 0.75, "surface_class": "default_urban" }, "geometry": { "type": "Point", "coordinates": [ 376577.790579124644864, 2046171.902720903046429 ] } },
{ "type": "Feature", "properties": { "cell_id": "R093_C071", "row": 93, "col": 71, "x": 376607.79057912464, "y": 2046171.902720903, "cell_area_m2": 900.0, "runoff_coefficient": 0.89999997615814209, "surface_class": "building" }, "geometry": { "type": "Point", "coordinates": [ 376607.790579124644864, 2046171.902720903046429 ] } },
{ "type": "Feature", "properties": { "cell_id": "R093_C072", "row": 93, "col": 72, "x": 376637.79057912464, "y": 2046171.902720903, "cell_area_m2": 900.0, "runoff_coefficient": 0.85000002384185791, "surface_class": "road" }, "geometry": { "type": "Point", "coordinates": [ 376637.790579124644864, 2046171.902720903046429 ] } },
{ "type": "Feature", "properties": { "cell_id": "R093_C073", "row": 93, "col": 73, "x": 376667.79057912464, "y": 2046171.902720903, "cell_area_m2": 900.0, "runoff_coefficient": 0.85000002384185791, "surface_class": "road" }, "geometry": { "type": "Point", "coordinates": [ 376667.790579124644864, 2046171.902720903046429 ] } },
{ "type": "Feature", "properties": { "cell_id": "R093_C074", "row": 93, "col": 74, "x": 376697.79057912464, "y": 2046171.902720903, "cell_area_m2": 900.0, "runoff_coefficient": 0.75, "surface_class": "default_urban" }, "geometry": { "type": "Point", "coordinates": [ 376697.790579124644864, 2046171.902720903046429 ] } },
{ "type": "Feature", "properties": { "cell_id": "R093_C075", "row": 93, "col": 75, "x": 376727.79057912464, "y": 2046171.902720903, "cell_area_m2": 900.0, "runoff_coefficient": 0.75, "surface_class": "default_urban" }, "geometry": { "type": "Point", "coordinates": [ 376727.790579124644864, 2046171.902720903046429 ] } },
{ "type": "Feature", "properties": { "cell_id": "R093_C076", "row": 93, "col": 76, "x": 376757.79057912464, "y": 2046171.902720903, "cell_area_m2": 900.0, "runoff_coefficient": 0.75, "surface_class": "default_urban" }, "geometry": { "type": "Point", "coordinates": [ 376757.790579124644864, 2046171.902720903046429 ] } },
{ "type": "Feature", "properties": { "cell_id": "R093_C077", "row": 93, "col": 77, "x": 376787.79057912464, "y": 2046171.902720903, "cell_area_m2": 900.0, "runoff_coefficient": 0.75, "surface_class": "default_urban" }, "geometry": { "type": "Point", "coordinates": [ 376787.790579124644864, 2046171.902720903046429 ] } },
{ "type": "Feature", "properties": { "cell_id": "R093_C078", "row": 93, "col": 78, "x": 376817.79057912464, "y": 2046171.902720903, "cell_area_m2": 900.0, "runoff_coefficient": 0.89999997615814209, "surface_class": "building" }, "geometry": { "type": "Point", "coordinates": [ 376817.790579124644864, 2046171.902720903046429 ] } },
{ "type": "Feature", "properties": { "cell_id": "R093_C079", "row": 93, "col": 79, "x": 376847.79057912464, "y": 2046171.902720903, "cell_area_m2": 900.0, "runoff_coefficient": 0.75, "surface_class": "default_urban" }, "geometry": { "type": "Point", "coordinates": [ 376847.790579124644864, 2046171.902720903046429 ] } },
{ "type": "Feature", "properties": { "cell_id": "R093_C080", "row": 93, "col": 80, "x": 376877.79057912464, "y": 2046171.902720903, "cell_area_m2": 900.0, "runoff_coefficient": 0.89999997615814209, "surface_class": "building" }, "geometry": { "type": "Point", "coordinates": [ 376877.790579124644864, 2046171.902720903046429 ] } },
{ "type": "Feature", "properties": { "cell_id": "R093_C081", "row": 93, "col": 81, "x": 376907.79057912464, "y": 2046171.902720903, "cell_area_m2": 900.0, "runoff_coefficient": 0.75, "surface_class": "default_urban" }, "geometry": { "type": "Point", "coordinates": [ 376907.790579124644864, 2046171.902720903046429 ] } },
{ "type": "Feature", "properties": { "cell_id": "R093_C082", "row": 93, "col": 82, "x": 376937.79057912464, "y": 2046171.902720903, "cell_area_m2": 900.0, "runoff_coefficient": 0.75, "surface_class": "default_urban" }, "geometry": { "type": "Point", "coordinates": [ 376937.790579124644864, 2046171.902720903046429 ] } },
{ "type": "Feature", "properties": { "cell_id": "R093_C083", "row": 93, "col": 83, "x": 376967.79057912464, "y": 2046171.902720903, "cell_area_m2": 900.0, "runoff_coefficient": 0.75, "surface_class": "default_urban" }, "geometry": { "type": "Point", "coordinates": [ 376967.790579124644864, 2046171.902720903046429 ] } },
{ "type": "Feature", "properties": { "cell_id": "R093_C084", "row": 93, "col": 84, "x": 376997.79057912464, "y": 2046171.902720903, "cell_area_m2": 900.0, "runoff_coefficient": 0.75, "surface_class": "default_urban" }, "geometry": { "type": "Point", "coordinates": [ 376997.790579124644864, 2046171.902720903046429 ] } },
{ "type": "Feature", "properties": { "cell_id": "R093_C085", "row": 93, "col": 85, "x": 377027.79057912464, "y": 2046171.902720903, "cell_area_m2": 900.0, "runoff_coefficient": 0.85000002384185791, "surface_class": "road" }, "geometry": { "type": "Point", "coordinates": [ 377027.790579124644864, 2046171.902720903046429 ] } },
{ "type": "Feature", "properties": { "cell_id": "R093_C086", "row": 93, "col": 86, "x": 377057.79057912464, "y": 2046171.902720903, "cell_area_m2": 900.0, "runoff_coefficient": 0.75, "surface_class": "default_urban" }, "geometry": { "type": "Point", "coordinates": [ 377057.790579124644864, 2046171.902720903046429 ] } },
{ "type": "Feature", "properties": { "cell_id": "R093_C087", "row": 93, "col": 87, "x": 377087.79057912464, "y": 2046171.902720903, "cell_area_m2": 900.0, "runoff_coefficient": 0.75, "surface_class": "default_urban" }, "geometry": { "type": "Point", "coordinates": [ 377087.790579124644864, 2046171.902720903046429 ] } },
{ "type": "Feature", "properties": { "cell_id": "R093_C088", "row": 93, "col": 88, "x": 377117.79057912464, "y": 2046171.902720903, "cell_area_m2": 900.0, "runoff_coefficient": 0.75, "surface_class": "default_urban" }, "geometry": { "type": "Point", "coordinates": [ 377117.790579124644864, 2046171.902720903046429 ] } },
{ "type": "Feature", "properties": { "cell_id": "R093_C089", "row": 93, "col": 89, "x": 377147.79057912464, "y": 2046171.902720903, "cell_area_m2": 900.0, "runoff_coefficient": 0.75, "surface_class": "default_urban" }, "geometry": { "type": "Point", "coordinates": [ 377147.790579124644864, 2046171.902720903046429 ] } },
{ "type": "Feature", "properties": { "cell_id": "R093_C090", "row": 93, "col": 90, "x": 377177.79057912464, "y": 2046171.902720903, "cell_area_m2": 900.0, "runoff_coefficient": 0.75, "surface_class": "default_urban" }, "geometry": { "type": "Point", "coordinates": [ 377177.790579124644864, 2046171.902720903046429 ] } },
{ "type": "Feature", "properties": { "cell_id": "R093_C091", "row": 93, "col": 91, "x": 377207.79057912464, "y": 2046171.902720903, "cell_area_m2": 900.0, "runoff_coefficient": 0.75, "surface_class": "default_urban" }, "geometry": { "type": "Point", "coordinates": [ 377207.790579124644864, 2046171.902720903046429 ] } },
{ "type": "Feature", "properties": { "cell_id": "R093_C092", "row": 93, "col": 92, "x": 377237.79057912464, "y": 2046171.902720903, "cell_area_m2": 900.0, "runoff_coefficient": 0.75, "surface_class": "default_urban" }, "geometry": { "type": "Point", "coordinates": [ 377237.790579124644864, 2046171.902720903046429 ] } },
{ "type": "Feature", "properties": { "cell_id": "R093_C093", "row": 93, "col": 93, "x": 377267.79057912464, "y": 2046171.902720903, "cell_area_m2": 900.0, "runoff_coefficient": 0.75, "surface_class": "default_urban" }, "geometry": { "type": "Point", "coordinates": [ 377267.790579124644864, 2046171.902720903046429 ] } },
{ "type": "Feature", "properties": { "cell_id": "R093_C094", "row": 93, "col": 94, "x": 377297.79057912464, "y": 2046171.902720903, "cell_area_m2": 900.0, "runoff_coefficient": 0.75, "surface_class": "default_urban" }, "geometry": { "type": "Point", "coordinates": [ 377297.790579124644864, 2046171.902720903046429 ] } },
{ "type": "Feature", "properties": { "cell_id": "R093_C095", "row": 93, "col": 95, "x": 377327.79057912464, "y": 2046171.902720903, "cell_area_m2": 900.0, "runoff_coefficient": 0.85000002384185791, "surface_class": "road" }, "geometry": { "type": "Point", "coordinates": [ 377327.790579124644864, 2046171.902720903046429 ] } },
{ "type": "Feature", "properties": { "cell_id": "R093_C096", "row": 93, "col": 96, "x": 377357.79057912464, "y": 2046171.902720903, "cell_area_m2": 900.0, "runoff_coefficient": 0.89999997615814209, "surface_class": "building" }, "geometry": { "type": "Point", "coordinates": [ 377357.790579124644864, 2046171.902720903046429 ] } },
{ "type": "Feature", "properties": { "cell_id": "R093_C097", "row": 93, "col": 97, "x": 377387.79057912464, "y": 2046171.902720903, "cell_area_m2": 900.0, "runoff_coefficient": 0.85000002384185791, "surface_class": "road" }, "geometry": { "type": "Point", "coordinates": [ 377387.790579124644864, 2046171.902720903046429 ] } },
{ "type": "Feature", "properties": { "cell_id": "R093_C098", "row": 93, "col": 98, "x": 377417.79057912464, "y": 2046171.902720903, "cell_area_m2": 900.0, "runoff_coefficient": 0.85000002384185791, "surface_class": "road" }, "geometry": { "type": "Point", "coordinates": [ 377417.790579124644864, 2046171.902720903046429 ] } },
{ "type": "Feature", "properties": { "cell_id": "R093_C099", "row": 93, "col": 99, "x": 377447.79057912464, "y": 2046171.902720903, "cell_area_m2": 900.0, "runoff_coefficient": 0.85000002384185791, "surface_class": "road" }, "geometry": { "type": "Point", "coordinates": [ 377447.790579124644864, 2046171.902720903046429 ] } },
{ "type": "Feature", "properties": { "cell_id": "R093_C100", "row": 93, "col": 100, "x": 377477.79057912464, "y": 2046171.902720903, "cell_area_m2": 900.0, "runoff_coefficient": 0.75, "surface_class": "default_urban" }, "geometry": { "type": "Point", "coordinates": [ 377477.790579124644864, 2046171.902720903046429 ] } },
{ "type": "Feature", "properties": { "cell_id": "R093_C101", "row": 93, "col": 101, "x": 377507.79057912464, "y": 2046171.902720903, "cell_area_m2": 900.0, "runoff_coefficient": 0.85000002384185791, "surface_class": "road" }, "geometry": { "type": "Point", "coordinates": [ 377507.790579124644864, 2046171.902720903046429 ] } },
{ "type": "Feature", "properties": { "cell_id": "R093_C102", "row": 93, "col": 102, "x": 377537.79057912464, "y": 2046171.902720903, "cell_area_m2": 900.0, "runoff_coefficient": 0.85000002384185791, "surface_class": "road" }, "geometry": { "type": "Point", "coordinates": [ 377537.790579124644864, 2046171.902720903046429 ] } },
{ "type": "Feature", "properties": { "cell_id": "R093_C103", "row": 93, "col": 103, "x": 377567.79057912464, "y": 2046171.902720903, "cell_area_m2": 900.0, "runoff_coefficient": 0.85000002384185791, "surface_class": "road" }, "geometry": { "type": "Point", "coordinates": [ 377567.790579124644864, 2046171.902720903046429 ] } },
{ "type": "Feature", "properties": { "cell_id": "R093_C104", "row": 93, "col": 104, "x": 377597.79057912464, "y": 2046171.902720903, "cell_area_m2": 900.0, "runoff_coefficient": 0.75, "surface_class": "default_urban" }, "geometry": { "type": "Point", "coordinates": [ 377597.790579124644864, 2046171.902720903046429 ] } },
{ "type": "Feature", "properties": { "cell_id": "R093_C105", "row": 93, "col": 105, "x": 377627.79057912464, "y": 2046171.902720903, "cell_area_m2": 900.0, "runoff_coefficient": 0.75, "surface_class": "default_urban" }, "geometry": { "type": "Point", "coordinates": [ 377627.790579124644864, 2046171.902720903046429 ] } },
{ "type": "Feature", "properties": { "cell_id": "R093_C106", "row": 93, "col": 106, "x": 377657.79057912464, "y": 2046171.902720903, "cell_area_m2": 900.0, "runoff_coefficient": 0.75, "surface_class": "default_urban" }, "geometry": { "type": "Point", "coordinates": [ 377657.790579124644864, 2046171.902720903046429 ] } },
{ "type": "Feature", "properties": { "cell_id": "R093_C107", "row": 93, "col": 107, "x": 377687.79057912464, "y": 2046171.902720903, "cell_area_m2": 900.0, "runoff_coefficient": 0.75, "surface_class": "default_urban" }, "geometry": { "type": "Point", "coordinates": [ 377687.790579124644864, 2046171.902720903046429 ] } },
{ "type": "Feature", "properties": { "cell_id": "R093_C108", "row": 93, "col": 108, "x": 377717.79057912464, "y": 2046171.902720903, "cell_area_m2": 900.0, "runoff_coefficient": 0.85000002384185791, "surface_class": "road" }, "geometry": { "type": "Point", "coordinates": [ 377717.790579124644864, 2046171.902720903046429 ] } },
{ "type": "Feature", "properties": { "cell_id": "R093_C109", "row": 93, "col": 109, "x": 377747.79057912464, "y": 2046171.902720903, "cell_area_m2": 900.0, "runoff_coefficient": 0.85000002384185791, "surface_class": "road" }, "geometry": { "type": "Point", "coordinates": [ 377747.790579124644864, 2046171.902720903046429 ] } },
{ "type": "Feature", "properties": { "cell_id": "R093_C110", "row": 93, "col": 110, "x": 377777.79057912464, "y": 2046171.902720903, "cell_area_m2": 900.0, "runoff_coefficient": 0.85000002384185791, "surface_class": "road" }, "geometry": { "type": "Point", "coordinates": [ 377777.790579124644864, 2046171.902720903046429 ] } },
{ "type": "Feature", "properties": { "cell_id": "R093_C111", "row": 93, "col": 111, "x": 377807.79057912464, "y": 2046171.902720903, "cell_area_m2": 900.0, "runoff_coefficient": 0.85000002384185791, "surface_class": "road" }, "geometry": { "type": "Point", "coordinates": [ 377807.790579124644864, 2046171.902720903046429 ] } },
{ "type": "Feature", "properties": { "cell_id": "R093_C112", "row": 93, "col": 112, "x": 377837.79057912464, "y": 2046171.902720903, "cell_area_m2": 900.0, "runoff_coefficient": 0.75, "surface_class": "default_urban" }, "geometry": { "type": "Point", "coordinates": [ 377837.790579124644864, 2046171.902720903046429 ] } },
{ "type": "Feature", "properties": { "cell_id": "R093_C113", "row": 93, "col": 113, "x": 377867.79057912464, "y": 2046171.902720903, "cell_area_m2": 900.0, "runoff_coefficient": 0.75, "surface_class": "default_urban" }, "geometry": { "type": "Point", "coordinates": [ 377867.790579124644864, 2046171.902720903046429 ] } },
{ "type": "Feature", "properties": { "cell_id": "R093_C114", "row": 93, "col": 114, "x": 377897.79057912464, "y": 2046171.902720903, "cell_area_m2": 900.0, "runoff_coefficient": 0.85000002384185791, "surface_class": "road" }, "geometry": { "type": "Point", "coordinates": [ 377897.790579124644864, 2046171.902720903046429 ] } },
{ "type": "Feature", "properties": { "cell_id": "R093_C115", "row": 93, "col": 115, "x": 377927.79057912464, "y": 2046171.902720903, "cell_area_m2": 900.0, "runoff_coefficient": 0.85000002384185791, "surface_class": "road" }, "geometry": { "type": "Point", "coordinates": [ 377927.790579124644864, 2046171.902720903046429 ] } },
{ "type": "Feature", "properties": { "cell_id": "R093_C116", "row": 93, "col": 116, "x": 377957.79057912464, "y": 2046171.902720903, "cell_area_m2": 900.0, "runoff_coefficient": 0.75, "surface_class": "default_urban" }, "geometry": { "type": "Point", "coordinates": [ 377957.790579124644864, 2046171.902720903046429 ] } },
{ "type": "Feature", "properties": { "cell_id": "R093_C117", "row": 93, "col": 117, "x": 377987.79057912464, "y": 2046171.902720903, "cell_area_m2": 900.0, "runoff_coefficient": 0.75, "surface_class": "default_urban" }, "geometry": { "type": "Point", "coordinates": [ 377987.790579124644864, 2046171.902720903046429 ] } },
{ "type": "Feature", "properties": { "cell_id": "R093_C118", "row": 93, "col": 118, "x": 378017.79057912464, "y": 2046171.902720903, "cell_area_m2": 900.0, "runoff_coefficient": 0.75, "surface_class": "default_urban" }, "geometry": { "type": "Point", "coordinates": [ 378017.790579124644864, 2046171.902720903046429 ] } },
{ "type": "Feature", "properties": { "cell_id": "R093_C119", "row": 93, "col": 119, "x": 378047.79057912464, "y": 2046171.902720903, "cell_area_m2": 900.0, "runoff_coefficient": 0.75, "surface_class": "default_urban" }, "geometry": { "type": "Point", "coordinates": [ 378047.790579124644864, 2046171.902720903046429 ] } },
{ "type": "Feature", "properties": { "cell_id": "R093_C120", "row": 93, "col": 120, "x": 378077.79057912464, "y": 2046171.902720903, "cell_area_m2": 900.0, "runoff_coefficient": 0.75, "surface_class": "default_urban" }, "geometry": { "type": "Point", "coordinates": [ 378077.790579124644864, 2046171.902720903046429 ] } },
{ "type": "Feature", "properties": { "cell_id": "R093_C121", "row": 93, "col": 121, "x": 378107.79057912464, "y": 2046171.902720903, "cell_area_m2": 900.0, "runoff_coefficient": 0.85000002384185791, "surface_class": "road" }, "geometry": { "type": "Point", "coordinates": [ 378107.790579124644864, 2046171.902720903046429 ] } },
{ "type": "Feature", "properties": { "cell_id": "R093_C122", "row": 93, "col": 122, "x": 378137.79057912464, "y": 2046171.902720903, "cell_area_m2": 900.0, "runoff_coefficient": 0.85000002384185791, "surface_class": "road" }, "geometry": { "type": "Point", "coordinates": [ 378137.790579124644864, 2046171.902720903046429 ] } },
{ "type": "Feature", "properties": { "cell_id": "R093_C123", "row": 93, "col": 123, "x": 378167.79057912464, "y": 2046171.902720903, "cell_area_m2": 900.0, "runoff_coefficient": 0.75, "surface_class": "default_urban" }, "geometry": { "type": "Point", "coordinates": [ 378167.790579124644864, 2046171.902720903046429 ] } },
{ "type": "Feature", "properties": { "cell_id": "R093_C124", "row": 93, "col": 124, "x": 378197.79057912464, "y": 2046171.902720903, "cell_area_m2": 900.0, "runoff_coefficient": 0.75, "surface_class": "default_urban" }, "geometry": { "type": "Point", "coordinates": [ 378197.790579124644864, 2046171.902720903046429 ] } },
{ "type": "Feature", "properties": { "cell_id": "R093_C125", "row": 93, "col": 125, "x": 378227.79057912464, "y": 2046171.902720903, "cell_area_m2": 900.0, "runoff_coefficient": 0.75, "surface_class": "default_urban" }, "geometry": { "type": "Point", "coordinates": [ 378227.790579124644864, 2046171.902720903046429 ] } },
{ "type": "Feature", "properties": { "cell_id": "R093_C126", "row": 93, "col": 126, "x": 378257.79057912464, "y": 2046171.902720903, "cell_area_m2": 900.0, "runoff_coefficient": 0.75, "surface_class": "default_urban" }, "geometry": { "type": "Point", "coordinates": [ 378257.790579124644864, 2046171.902720903046429 ] } },
{ "type": "Feature", "properties": { "cell_id": "R093_C127", "row": 93, "col": 127, "x": 378287.79057912464, "y": 2046171.902720903, "cell_area_m2": 900.0, "runoff_coefficient": 0.75, "surface_class": "default_urban" }, "geometry": { "type": "Point", "coordinates": [ 378287.790579124644864, 2046171.902720903046429 ] } },
{ "type": "Feature", "properties": { "cell_id": "R093_C128", "row": 93, "col": 128, "x": 378317.79057912464, "y": 2046171.902720903, "cell_area_m2": 900.0, "runoff_coefficient": 0.75, "surface_class": "default_urban" }, "geometry": { "type": "Point", "coordinates": [ 378317.790579124644864, 2046171.902720903046429 ] } },
{ "type": "Feature", "properties": { "cell_id": "R093_C129", "row": 93, "col": 129, "x": 378347.79057912464, "y": 2046171.902720903, "cell_area_m2": 900.0, "runoff_coefficient": 0.75, "surface_class": "default_urban" }, "geometry": { "type": "Point", "coordinates": [ 378347.790579124644864, 2046171.902720903046429 ] } },
{ "type": "Feature", "properties": { "cell_id": "R093_C130", "row": 93, "col": 130, "x": 378377.79057912464, "y": 2046171.902720903, "cell_area_m2": 900.0, "runoff_coefficient": 0.75, "surface_class": "default_urban" }, "geometry": { "type": "Point", "coordinates": [ 378377.790579124644864, 2046171.902720903046429 ] } },
{ "type": "Feature", "properties": { "cell_id": "R093_C131", "row": 93, "col": 131, "x": 378407.79057912464, "y": 2046171.902720903, "cell_area_m2": 900.0, "runoff_coefficient": 0.75, "surface_class": "default_urban" }, "geometry": { "type": "Point", "coordinates": [ 378407.790579124644864, 2046171.902720903046429 ] } },
{ "type": "Feature", "properties": { "cell_id": "R093_C132", "row": 93, "col": 132, "x": 378437.79057912464, "y": 2046171.902720903, "cell_area_m2": 900.0, "runoff_coefficient": 0.89999997615814209, "surface_class": "building" }, "geometry": { "type": "Point", "coordinates": [ 378437.790579124644864, 2046171.902720903046429 ] } },
{ "type": "Feature", "properties": { "cell_id": "R093_C133", "row": 93, "col": 133, "x": 378467.79057912464, "y": 2046171.902720903, "cell_area_m2": 900.0, "runoff_coefficient": 0.89999997615814209, "surface_class": "building" }, "geometry": { "type": "Point", "coordinates": [ 378467.790579124644864, 2046171.902720903046429 ] } },
{ "type": "Feature", "properties": { "cell_id": "R093_C134", "row": 93, "col": 134, "x": 378497.79057912464, "y": 2046171.902720903, "cell_area_m2": 900.0, "runoff_coefficient": 0.85000002384185791, "surface_class": "road" }, "geometry": { "type": "Point", "coordinates": [ 378497.790579124644864, 2046171.902720903046429 ] } },
{ "type": "Feature", "properties": { "cell_id": "R093_C135", "row": 93, "col": 135, "x": 378527.79057912464, "y": 2046171.902720903, "cell_area_m2": 900.0, "runoff_coefficient": 0.85000002384185791, "surface_class": "road" }, "geometry": { "type": "Point", "coordinates": [ 378527.790579124644864, 2046171.902720903046429 ] } },
{ "type": "Feature", "properties": { "cell_id": "R093_C136", "row": 93, "col": 136, "x": 378557.79057912464, "y": 2046171.902720903, "cell_area_m2": 900.0, "runoff_coefficient": 0.85000002384185791, "surface_class": "road" }, "geometry": { "type": "Point", "coordinates": [ 378557.790579124644864, 2046171.902720903046429 ] } },
{ "type": "Feature", "properties": { "cell_id": "R093_C137", "row": 93, "col": 137, "x": 378587.79057912464, "y": 2046171.902720903, "cell_area_m2": 900.0, "runoff_coefficient": 0.89999997615814209, "surface_class": "building" }, "geometry": { "type": "Point", "coordinates": [ 378587.790579124644864, 2046171.902720903046429 ] } },
{ "type": "Feature", "properties": { "cell_id": "R094_C069", "row": 94, "col": 69, "x": 376547.79057912464, "y": 2046141.902720903, "cell_area_m2": 900.0, "runoff_coefficient": 0.75, "surface_class": "default_urban" }, "geometry": { "type": "Point", "coordinates": [ 376547.790579124644864, 2046141.902720903046429 ] } },
{ "type": "Feature", "properties": { "cell_id": "R094_C070", "row": 94, "col": 70, "x": 376577.79057912464, "y": 2046141.902720903, "cell_area_m2": 900.0, "runoff_coefficient": 0.75, "surface_class": "default_urban" }, "geometry": { "type": "Point", "coordinates": [ 376577.790579124644864, 2046141.902720903046429 ] } },
{ "type": "Feature", "properties": { "cell_id": "R094_C071", "row": 94, "col": 71, "x": 376607.79057912464, "y": 2046141.902720903, "cell_area_m2": 900.0, "runoff_coefficient": 0.75, "surface_class": "default_urban" }, "geometry": { "type": "Point", "coordinates": [ 376607.790579124644864, 2046141.902720903046429 ] } },
{ "type": "Feature", "properties": { "cell_id": "R094_C072", "row": 94, "col": 72, "x": 376637.79057912464, "y": 2046141.902720903, "cell_area_m2": 900.0, "runoff_coefficient": 0.85000002384185791, "surface_class": "road" }, "geometry": { "type": "Point", "coordinates": [ 376637.790579124644864, 2046141.902720903046429 ] } },
{ "type": "Feature", "properties": { "cell_id": "R094_C073", "row": 94, "col": 73, "x": 376667.79057912464, "y": 2046141.902720903, "cell_area_m2": 900.0, "runoff_coefficient": 0.85000002384185791, "surface_class": "road" }, "geometry": { "type": "Point", "coordinates": [ 376667.790579124644864, 2046141.902720903046429 ] } },
{ "type": "Feature", "properties": { "cell_id": "R094_C074", "row": 94, "col": 74, "x": 376697.79057912464, "y": 2046141.902720903, "cell_area_m2": 900.0, "runoff_coefficient": 0.75, "surface_class": "default_urban" }, "geometry": { "type": "Point", "coordinates": [ 376697.790579124644864, 2046141.902720903046429 ] } },
{ "type": "Feature", "properties": { "cell_id": "R094_C075", "row": 94, "col": 75, "x": 376727.79057912464, "y": 2046141.902720903, "cell_area_m2": 900.0, "runoff_coefficient": 0.75, "surface_class": "default_urban" }, "geometry": { "type": "Point", "coordinates": [ 376727.790579124644864, 2046141.902720903046429 ] } },
{ "type": "Feature", "properties": { "cell_id": "R094_C076", "row": 94, "col": 76, "x": 376757.79057912464, "y": 2046141.902720903, "cell_area_m2": 900.0, "runoff_coefficient": 0.75, "surface_class": "default_urban" }, "geometry": { "type": "Point", "coordinates": [ 376757.790579124644864, 2046141.902720903046429 ] } },
{ "type": "Feature", "properties": { "cell_id": "R094_C077", "row": 94, "col": 77, "x": 376787.79057912464, "y": 2046141.902720903, "cell_area_m2": 900.0, "runoff_coefficient": 0.75, "surface_class": "default_urban" }, "geometry": { "type": "Point", "coordinates": [ 376787.790579124644864, 2046141.902720903046429 ] } },
{ "type": "Feature", "properties": { "cell_id": "R094_C078", "row": 94, "col": 78, "x": 376817.79057912464, "y": 2046141.902720903, "cell_area_m2": 900.0, "runoff_coefficient": 0.75, "surface_class": "default_urban" }, "geometry": { "type": "Point", "coordinates": [ 376817.790579124644864, 2046141.902720903046429 ] } },
{ "type": "Feature", "properties": { "cell_id": "R094_C079", "row": 94, "col": 79, "x": 376847.79057912464, "y": 2046141.902720903, "cell_area_m2": 900.0, "runoff_coefficient": 0.75, "surface_class": "default_urban" }, "geometry": { "type": "Point", "coordinates": [ 376847.790579124644864, 2046141.902720903046429 ] } },
{ "type": "Feature", "properties": { "cell_id": "R094_C080", "row": 94, "col": 80, "x": 376877.79057912464, "y": 2046141.902720903, "cell_area_m2": 900.0, "runoff_coefficient": 0.75, "surface_class": "default_urban" }, "geometry": { "type": "Point", "coordinates": [ 376877.790579124644864, 2046141.902720903046429 ] } },
{ "type": "Feature", "properties": { "cell_id": "R094_C081", "row": 94, "col": 81, "x": 376907.79057912464, "y": 2046141.902720903, "cell_area_m2": 900.0, "runoff_coefficient": 0.75, "surface_class": "default_urban" }, "geometry": { "type": "Point", "coordinates": [ 376907.790579124644864, 2046141.902720903046429 ] } },
{ "type": "Feature", "properties": { "cell_id": "R094_C082", "row": 94, "col": 82, "x": 376937.79057912464, "y": 2046141.902720903, "cell_area_m2": 900.0, "runoff_coefficient": 0.75, "surface_class": "default_urban" }, "geometry": { "type": "Point", "coordinates": [ 376937.790579124644864, 2046141.902720903046429 ] } },
{ "type": "Feature", "properties": { "cell_id": "R094_C083", "row": 94, "col": 83, "x": 376967.79057912464, "y": 2046141.902720903, "cell_area_m2": 900.0, "runoff_coefficient": 0.75, "surface_class": "default_urban" }, "geometry": { "type": "Point", "coordinates": [ 376967.790579124644864, 2046141.902720903046429 ] } },
{ "type": "Feature", "properties": { "cell_id": "R094_C084", "row": 94, "col": 84, "x": 376997.79057912464, "y": 2046141.902720903, "cell_area_m2": 900.0, "runoff_coefficient": 0.75, "surface_class": "default_urban" }, "geometry": { "type": "Point", "coordinates": [ 376997.790579124644864, 2046141.902720903046429 ] } },
{ "type": "Feature", "properties": { "cell_id": "R094_C085", "row": 94, "col": 85, "x": 377027.79057912464, "y": 2046141.902720903, "cell_area_m2": 900.0, "runoff_coefficient": 0.85000002384185791, "surface_class": "road" }, "geometry": { "type": "Point", "coordinates": [ 377027.790579124644864, 2046141.902720903046429 ] } },
{ "type": "Feature", "properties": { "cell_id": "R094_C086", "row": 94, "col": 86, "x": 377057.79057912464, "y": 2046141.902720903, "cell_area_m2": 900.0, "runoff_coefficient": 0.75, "surface_class": "default_urban" }, "geometry": { "type": "Point", "coordinates": [ 377057.790579124644864, 2046141.902720903046429 ] } },
{ "type": "Feature", "properties": { "cell_id": "R094_C087", "row": 94, "col": 87, "x": 377087.79057912464, "y": 2046141.902720903, "cell_area_m2": 900.0, "runoff_coefficient": 0.75, "surface_class": "default_urban" }, "geometry": { "type": "Point", "coordinates": [ 377087.790579124644864, 2046141.902720903046429 ] } },
{ "type": "Feature", "properties": { "cell_id": "R094_C088", "row": 94, "col": 88, "x": 377117.79057912464, "y": 2046141.902720903, "cell_area_m2": 900.0, "runoff_coefficient": 0.75, "surface_class": "default_urban" }, "geometry": { "type": "Point", "coordinates": [ 377117.790579124644864, 2046141.902720903046429 ] } },
{ "type": "Feature", "properties": { "cell_id": "R094_C089", "row": 94, "col": 89, "x": 377147.79057912464, "y": 2046141.902720903, "cell_area_m2": 900.0, "runoff_coefficient": 0.75, "surface_class": "default_urban" }, "geometry": { "type": "Point", "coordinates": [ 377147.790579124644864, 2046141.902720903046429 ] } },
{ "type": "Feature", "properties": { "cell_id": "R094_C090", "row": 94, "col": 90, "x": 377177.79057912464, "y": 2046141.902720903, "cell_area_m2": 900.0, "runoff_coefficient": 0.75, "surface_class": "default_urban" }, "geometry": { "type": "Point", "coordinates": [ 377177.790579124644864, 2046141.902720903046429 ] } },
{ "type": "Feature", "properties": { "cell_id": "R094_C091", "row": 94, "col": 91, "x": 377207.79057912464, "y": 2046141.902720903, "cell_area_m2": 900.0, "runoff_coefficient": 0.75, "surface_class": "default_urban" }, "geometry": { "type": "Point", "coordinates": [ 377207.790579124644864, 2046141.902720903046429 ] } },
{ "type": "Feature", "properties": { "cell_id": "R094_C092", "row": 94, "col": 92, "x": 377237.79057912464, "y": 2046141.902720903, "cell_area_m2": 900.0, "runoff_coefficient": 0.75, "surface_class": "default_urban" }, "geometry": { "type": "Point", "coordinates": [ 377237.790579124644864, 2046141.902720903046429 ] } },
{ "type": "Feature", "properties": { "cell_id": "R094_C093", "row": 94, "col": 93, "x": 377267.79057912464, "y": 2046141.902720903, "cell_area_m2": 900.0, "runoff_coefficient": 0.75, "surface_class": "default_urban" }, "geometry": { "type": "Point", "coordinates": [ 377267.790579124644864, 2046141.902720903046429 ] } },
{ "type": "Feature", "properties": { "cell_id": "R094_C094", "row": 94, "col": 94, "x": 377297.79057912464, "y": 2046141.902720903, "cell_area_m2": 900.0, "runoff_coefficient": 0.30000001192092896, "surface_class": "green_open" }, "geometry": { "type": "Point", "coordinates": [ 377297.790579124644864, 2046141.902720903046429 ] } },
{ "type": "Feature", "properties": { "cell_id": "R094_C095", "row": 94, "col": 95, "x": 377327.79057912464, "y": 2046141.902720903, "cell_area_m2": 900.0, "runoff_coefficient": 0.30000001192092896, "surface_class": "green_open" }, "geometry": { "type": "Point", "coordinates": [ 377327.790579124644864, 2046141.902720903046429 ] } },
{ "type": "Feature", "properties": { "cell_id": "R094_C096", "row": 94, "col": 96, "x": 377357.79057912464, "y": 2046141.902720903, "cell_area_m2": 900.0, "runoff_coefficient": 0.85000002384185791, "surface_class": "road" }, "geometry": { "type": "Point", "coordinates": [ 377357.790579124644864, 2046141.902720903046429 ] } },
{ "type": "Feature", "properties": { "cell_id": "R094_C097", "row": 94, "col": 97, "x": 377387.79057912464, "y": 2046141.902720903, "cell_area_m2": 900.0, "runoff_coefficient": 0.85000002384185791, "surface_class": "road" }, "geometry": { "type": "Point", "coordinates": [ 377387.790579124644864, 2046141.902720903046429 ] } },
{ "type": "Feature", "properties": { "cell_id": "R094_C098", "row": 94, "col": 98, "x": 377417.79057912464, "y": 2046141.902720903, "cell_area_m2": 900.0, "runoff_coefficient": 0.85000002384185791, "surface_class": "road" }, "geometry": { "type": "Point", "coordinates": [ 377417.790579124644864, 2046141.902720903046429 ] } },
{ "type": "Feature", "properties": { "cell_id": "R094_C099", "row": 94, "col": 99, "x": 377447.79057912464, "y": 2046141.902720903, "cell_area_m2": 900.0, "runoff_coefficient": 0.85000002384185791, "surface_class": "road" }, "geometry": { "type": "Point", "coordinates": [ 377447.790579124644864, 2046141.902720903046429 ] } },
{ "type": "Feature", "properties": { "cell_id": "R094_C100", "row": 94, "col": 100, "x": 377477.79057912464, "y": 2046141.902720903, "cell_area_m2": 900.0, "runoff_coefficient": 0.85000002384185791, "surface_class": "road" }, "geometry": { "type": "Point", "coordinates": [ 377477.790579124644864, 2046141.902720903046429 ] } },
{ "type": "Feature", "properties": { "cell_id": "R094_C101", "row": 94, "col": 101, "x": 377507.79057912464, "y": 2046141.902720903, "cell_area_m2": 900.0, "runoff_coefficient": 0.85000002384185791, "surface_class": "road" }, "geometry": { "type": "Point", "coordinates": [ 377507.790579124644864, 2046141.902720903046429 ] } },
{ "type": "Feature", "properties": { "cell_id": "R094_C102", "row": 94, "col": 102, "x": 377537.79057912464, "y": 2046141.902720903, "cell_area_m2": 900.0, "runoff_coefficient": 0.85000002384185791, "surface_class": "road" }, "geometry": { "type": "Point", "coordinates": [ 377537.790579124644864, 2046141.902720903046429 ] } },
{ "type": "Feature", "properties": { "cell_id": "R094_C103", "row": 94, "col": 103, "x": 377567.79057912464, "y": 2046141.902720903, "cell_area_m2": 900.0, "runoff_coefficient": 0.85000002384185791, "surface_class": "road" }, "geometry": { "type": "Point", "coordinates": [ 377567.790579124644864, 2046141.902720903046429 ] } },
{ "type": "Feature", "properties": { "cell_id": "R094_C104", "row": 94, "col": 104, "x": 377597.79057912464, "y": 2046141.902720903, "cell_area_m2": 900.0, "runoff_coefficient": 0.75, "surface_class": "default_urban" }, "geometry": { "type": "Point", "coordinates": [ 377597.790579124644864, 2046141.902720903046429 ] } },
{ "type": "Feature", "properties": { "cell_id": "R094_C105", "row": 94, "col": 105, "x": 377627.79057912464, "y": 2046141.902720903, "cell_area_m2": 900.0, "runoff_coefficient": 0.85000002384185791, "surface_class": "road" }, "geometry": { "type": "Point", "coordinates": [ 377627.790579124644864, 2046141.902720903046429 ] } },
{ "type": "Feature", "properties": { "cell_id": "R094_C106", "row": 94, "col": 106, "x": 377657.79057912464, "y": 2046141.902720903, "cell_area_m2": 900.0, "runoff_coefficient": 0.85000002384185791, "surface_class": "road" }, "geometry": { "type": "Point", "coordinates": [ 377657.790579124644864, 2046141.902720903046429 ] } },
{ "type": "Feature", "properties": { "cell_id": "R094_C107", "row": 94, "col": 107, "x": 377687.79057912464, "y": 2046141.902720903, "cell_area_m2": 900.0, "runoff_coefficient": 0.75, "surface_class": "default_urban" }, "geometry": { "type": "Point", "coordinates": [ 377687.790579124644864, 2046141.902720903046429 ] } },
{ "type": "Feature", "properties": { "cell_id": "R094_C108", "row": 94, "col": 108, "x": 377717.79057912464, "y": 2046141.902720903, "cell_area_m2": 900.0, "runoff_coefficient": 0.75, "surface_class": "default_urban" }, "geometry": { "type": "Point", "coordinates": [ 377717.790579124644864, 2046141.902720903046429 ] } },
{ "type": "Feature", "properties": { "cell_id": "R094_C109", "row": 94, "col": 109, "x": 377747.79057912464, "y": 2046141.902720903, "cell_area_m2": 900.0, "runoff_coefficient": 0.89999997615814209, "surface_class": "building" }, "geometry": { "type": "Point", "coordinates": [ 377747.790579124644864, 2046141.902720903046429 ] } },
{ "type": "Feature", "properties": { "cell_id": "R094_C110", "row": 94, "col": 110, "x": 377777.79057912464, "y": 2046141.902720903, "cell_area_m2": 900.0, "runoff_coefficient": 0.85000002384185791, "surface_class": "road" }, "geometry": { "type": "Point", "coordinates": [ 377777.790579124644864, 2046141.902720903046429 ] } },
{ "type": "Feature", "properties": { "cell_id": "R094_C111", "row": 94, "col": 111, "x": 377807.79057912464, "y": 2046141.902720903, "cell_area_m2": 900.0, "runoff_coefficient": 0.75, "surface_class": "default_urban" }, "geometry": { "type": "Point", "coordinates": [ 377807.790579124644864, 2046141.902720903046429 ] } },
{ "type": "Feature", "properties": { "cell_id": "R094_C112", "row": 94, "col": 112, "x": 377837.79057912464, "y": 2046141.902720903, "cell_area_m2": 900.0, "runoff_coefficient": 0.75, "surface_class": "default_urban" }, "geometry": { "type": "Point", "coordinates": [ 377837.790579124644864, 2046141.902720903046429 ] } },
{ "type": "Feature", "properties": { "cell_id": "R094_C113", "row": 94, "col": 113, "x": 377867.79057912464, "y": 2046141.902720903, "cell_area_m2": 900.0, "runoff_coefficient": 0.85000002384185791, "surface_class": "road" }, "geometry": { "type": "Point", "coordinates": [ 377867.790579124644864, 2046141.902720903046429 ] } },
{ "type": "Feature", "properties": { "cell_id": "R094_C114", "row": 94, "col": 114, "x": 377897.79057912464, "y": 2046141.902720903, "cell_area_m2": 900.0, "runoff_coefficient": 0.85000002384185791, "surface_class": "road" }, "geometry": { "type": "Point", "coordinates": [ 377897.790579124644864, 2046141.902720903046429 ] } },
{ "type": "Feature", "properties": { "cell_id": "R094_C115", "row": 94, "col": 115, "x": 377927.79057912464, "y": 2046141.902720903, "cell_area_m2": 900.0, "runoff_coefficient": 0.75, "surface_class": "default_urban" }, "geometry": { "type": "Point", "coordinates": [ 377927.790579124644864, 2046141.902720903046429 ] } },
{ "type": "Feature", "properties": { "cell_id": "R094_C116", "row": 94, "col": 116, "x": 377957.79057912464, "y": 2046141.902720903, "cell_area_m2": 900.0, "runoff_coefficient": 0.85000002384185791, "surface_class": "road" }, "geometry": { "type": "Point", "coordinates": [ 377957.790579124644864, 2046141.902720903046429 ] } },
{ "type": "Feature", "properties": { "cell_id": "R094_C117", "row": 94, "col": 117, "x": 377987.79057912464, "y": 2046141.902720903, "cell_area_m2": 900.0, "runoff_coefficient": 0.75, "surface_class": "default_urban" }, "geometry": { "type": "Point", "coordinates": [ 377987.790579124644864, 2046141.902720903046429 ] } },
{ "type": "Feature", "properties": { "cell_id": "R094_C118", "row": 94, "col": 118, "x": 378017.79057912464, "y": 2046141.902720903, "cell_area_m2": 900.0, "runoff_coefficient": 0.85000002384185791, "surface_class": "road" }, "geometry": { "type": "Point", "coordinates": [ 378017.790579124644864, 2046141.902720903046429 ] } },
{ "type": "Feature", "properties": { "cell_id": "R094_C119", "row": 94, "col": 119, "x": 378047.79057912464, "y": 2046141.902720903, "cell_area_m2": 900.0, "runoff_coefficient": 0.75, "surface_class": "default_urban" }, "geometry": { "type": "Point", "coordinates": [ 378047.790579124644864, 2046141.902720903046429 ] } },
{ "type": "Feature", "properties": { "cell_id": "R094_C120", "row": 94, "col": 120, "x": 378077.79057912464, "y": 2046141.902720903, "cell_area_m2": 900.0, "runoff_coefficient": 0.75, "surface_class": "default_urban" }, "geometry": { "type": "Point", "coordinates": [ 378077.790579124644864, 2046141.902720903046429 ] } },
{ "type": "Feature", "properties": { "cell_id": "R094_C121", "row": 94, "col": 121, "x": 378107.79057912464, "y": 2046141.902720903, "cell_area_m2": 900.0, "runoff_coefficient": 0.85000002384185791, "surface_class": "road" }, "geometry": { "type": "Point", "coordinates": [ 378107.790579124644864, 2046141.902720903046429 ] } },
{ "type": "Feature", "properties": { "cell_id": "R094_C122", "row": 94, "col": 122, "x": 378137.79057912464, "y": 2046141.902720903, "cell_area_m2": 900.0, "runoff_coefficient": 0.85000002384185791, "surface_class": "road" }, "geometry": { "type": "Point", "coordinates": [ 378137.790579124644864, 2046141.902720903046429 ] } },
{ "type": "Feature", "properties": { "cell_id": "R094_C123", "row": 94, "col": 123, "x": 378167.79057912464, "y": 2046141.902720903, "cell_area_m2": 900.0, "runoff_coefficient": 0.75, "surface_class": "default_urban" }, "geometry": { "type": "Point", "coordinates": [ 378167.790579124644864, 2046141.902720903046429 ] } },
{ "type": "Feature", "properties": { "cell_id": "R094_C124", "row": 94, "col": 124, "x": 378197.79057912464, "y": 2046141.902720903, "cell_area_m2": 900.0, "runoff_coefficient": 0.75, "surface_class": "default_urban" }, "geometry": { "type": "Point", "coordinates": [ 378197.790579124644864, 2046141.902720903046429 ] } },
{ "type": "Feature", "properties": { "cell_id": "R094_C125", "row": 94, "col": 125, "x": 378227.79057912464, "y": 2046141.902720903, "cell_area_m2": 900.0, "runoff_coefficient": 0.75, "surface_class": "default_urban" }, "geometry": { "type": "Point", "coordinates": [ 378227.790579124644864, 2046141.902720903046429 ] } },
{ "type": "Feature", "properties": { "cell_id": "R094_C126", "row": 94, "col": 126, "x": 378257.79057912464, "y": 2046141.902720903, "cell_area_m2": 900.0, "runoff_coefficient": 0.75, "surface_class": "default_urban" }, "geometry": { "type": "Point", "coordinates": [ 378257.790579124644864, 2046141.902720903046429 ] } },
{ "type": "Feature", "properties": { "cell_id": "R094_C127", "row": 94, "col": 127, "x": 378287.79057912464, "y": 2046141.902720903, "cell_area_m2": 900.0, "runoff_coefficient": 0.75, "surface_class": "default_urban" }, "geometry": { "type": "Point", "coordinates": [ 378287.790579124644864, 2046141.902720903046429 ] } },
{ "type": "Feature", "properties": { "cell_id": "R094_C128", "row": 94, "col": 128, "x": 378317.79057912464, "y": 2046141.902720903, "cell_area_m2": 900.0, "runoff_coefficient": 0.75, "surface_class": "default_urban" }, "geometry": { "type": "Point", "coordinates": [ 378317.790579124644864, 2046141.902720903046429 ] } },
{ "type": "Feature", "properties": { "cell_id": "R094_C129", "row": 94, "col": 129, "x": 378347.79057912464, "y": 2046141.902720903, "cell_area_m2": 900.0, "runoff_coefficient": 0.85000002384185791, "surface_class": "road" }, "geometry": { "type": "Point", "coordinates": [ 378347.790579124644864, 2046141.902720903046429 ] } },
{ "type": "Feature", "properties": { "cell_id": "R094_C130", "row": 94, "col": 130, "x": 378377.79057912464, "y": 2046141.902720903, "cell_area_m2": 900.0, "runoff_coefficient": 0.75, "surface_class": "default_urban" }, "geometry": { "type": "Point", "coordinates": [ 378377.790579124644864, 2046141.902720903046429 ] } },
{ "type": "Feature", "properties": { "cell_id": "R094_C131", "row": 94, "col": 131, "x": 378407.79057912464, "y": 2046141.902720903, "cell_area_m2": 900.0, "runoff_coefficient": 0.75, "surface_class": "default_urban" }, "geometry": { "type": "Point", "coordinates": [ 378407.790579124644864, 2046141.902720903046429 ] } },
{ "type": "Feature", "properties": { "cell_id": "R094_C132", "row": 94, "col": 132, "x": 378437.79057912464, "y": 2046141.902720903, "cell_area_m2": 900.0, "runoff_coefficient": 0.89999997615814209, "surface_class": "building" }, "geometry": { "type": "Point", "coordinates": [ 378437.790579124644864, 2046141.902720903046429 ] } },
{ "type": "Feature", "properties": { "cell_id": "R094_C133", "row": 94, "col": 133, "x": 378467.79057912464, "y": 2046141.902720903, "cell_area_m2": 900.0, "runoff_coefficient": 0.85000002384185791, "surface_class": "road" }, "geometry": { "type": "Point", "coordinates": [ 378467.790579124644864, 2046141.902720903046429 ] } },
{ "type": "Feature", "properties": { "cell_id": "R094_C134", "row": 94, "col": 134, "x": 378497.79057912464, "y": 2046141.902720903, "cell_area_m2": 900.0, "runoff_coefficient": 0.89999997615814209, "surface_class": "building" }, "geometry": { "type": "Point", "coordinates": [ 378497.790579124644864, 2046141.902720903046429 ] } },
{ "type": "Feature", "properties": { "cell_id": "R094_C135", "row": 94, "col": 135, "x": 378527.79057912464, "y": 2046141.902720903, "cell_area_m2": 900.0, "runoff_coefficient": 0.75, "surface_class": "default_urban" }, "geometry": { "type": "Point", "coordinates": [ 378527.790579124644864, 2046141.902720903046429 ] } },
{ "type": "Feature", "properties": { "cell_id": "R094_C136", "row": 94, "col": 136, "x": 378557.79057912464, "y": 2046141.902720903, "cell_area_m2": 900.0, "runoff_coefficient": 0.85000002384185791, "surface_class": "road" }, "geometry": { "type": "Point", "coordinates": [ 378557.790579124644864, 2046141.902720903046429 ] } },
{ "type": "Feature", "properties": { "cell_id": "R095_C069", "row": 95, "col": 69, "x": 376547.79057912464, "y": 2046111.902720903, "cell_area_m2": 900.0, "runoff_coefficient": 0.89999997615814209, "surface_class": "building" }, "geometry": { "type": "Point", "coordinates": [ 376547.790579124644864, 2046111.902720903046429 ] } },
{ "type": "Feature", "properties": { "cell_id": "R095_C070", "row": 95, "col": 70, "x": 376577.79057912464, "y": 2046111.902720903, "cell_area_m2": 900.0, "runoff_coefficient": 0.75, "surface_class": "default_urban" }, "geometry": { "type": "Point", "coordinates": [ 376577.790579124644864, 2046111.902720903046429 ] } },
{ "type": "Feature", "properties": { "cell_id": "R095_C071", "row": 95, "col": 71, "x": 376607.79057912464, "y": 2046111.902720903, "cell_area_m2": 900.0, "runoff_coefficient": 0.89999997615814209, "surface_class": "building" }, "geometry": { "type": "Point", "coordinates": [ 376607.790579124644864, 2046111.902720903046429 ] } },
{ "type": "Feature", "properties": { "cell_id": "R095_C072", "row": 95, "col": 72, "x": 376637.79057912464, "y": 2046111.902720903, "cell_area_m2": 900.0, "runoff_coefficient": 0.85000002384185791, "surface_class": "road" }, "geometry": { "type": "Point", "coordinates": [ 376637.790579124644864, 2046111.902720903046429 ] } },
{ "type": "Feature", "properties": { "cell_id": "R095_C073", "row": 95, "col": 73, "x": 376667.79057912464, "y": 2046111.902720903, "cell_area_m2": 900.0, "runoff_coefficient": 0.85000002384185791, "surface_class": "road" }, "geometry": { "type": "Point", "coordinates": [ 376667.790579124644864, 2046111.902720903046429 ] } },
{ "type": "Feature", "properties": { "cell_id": "R095_C074", "row": 95, "col": 74, "x": 376697.79057912464, "y": 2046111.902720903, "cell_area_m2": 900.0, "runoff_coefficient": 0.89999997615814209, "surface_class": "building" }, "geometry": { "type": "Point", "coordinates": [ 376697.790579124644864, 2046111.902720903046429 ] } },
{ "type": "Feature", "properties": { "cell_id": "R095_C075", "row": 95, "col": 75, "x": 376727.79057912464, "y": 2046111.902720903, "cell_area_m2": 900.0, "runoff_coefficient": 0.89999997615814209, "surface_class": "building" }, "geometry": { "type": "Point", "coordinates": [ 376727.790579124644864, 2046111.902720903046429 ] } },
{ "type": "Feature", "properties": { "cell_id": "R095_C076", "row": 95, "col": 76, "x": 376757.79057912464, "y": 2046111.902720903, "cell_area_m2": 900.0, "runoff_coefficient": 0.89999997615814209, "surface_class": "building" }, "geometry": { "type": "Point", "coordinates": [ 376757.790579124644864, 2046111.902720903046429 ] } },
{ "type": "Feature", "properties": { "cell_id": "R095_C077", "row": 95, "col": 77, "x": 376787.79057912464, "y": 2046111.902720903, "cell_area_m2": 900.0, "runoff_coefficient": 0.89999997615814209, "surface_class": "building" }, "geometry": { "type": "Point", "coordinates": [ 376787.790579124644864, 2046111.902720903046429 ] } },
{ "type": "Feature", "properties": { "cell_id": "R095_C078", "row": 95, "col": 78, "x": 376817.79057912464, "y": 2046111.902720903, "cell_area_m2": 900.0, "runoff_coefficient": 0.89999997615814209, "surface_class": "building" }, "geometry": { "type": "Point", "coordinates": [ 376817.790579124644864, 2046111.902720903046429 ] } },
{ "type": "Feature", "properties": { "cell_id": "R095_C079", "row": 95, "col": 79, "x": 376847.79057912464, "y": 2046111.902720903, "cell_area_m2": 900.0, "runoff_coefficient": 0.89999997615814209, "surface_class": "building" }, "geometry": { "type": "Point", "coordinates": [ 376847.790579124644864, 2046111.902720903046429 ] } },
{ "type": "Feature", "properties": { "cell_id": "R095_C080", "row": 95, "col": 80, "x": 376877.79057912464, "y": 2046111.902720903, "cell_area_m2": 900.0, "runoff_coefficient": 0.75, "surface_class": "default_urban" }, "geometry": { "type": "Point", "coordinates": [ 376877.790579124644864, 2046111.902720903046429 ] } },
{ "type": "Feature", "properties": { "cell_id": "R095_C081", "row": 95, "col": 81, "x": 376907.79057912464, "y": 2046111.902720903, "cell_area_m2": 900.0, "runoff_coefficient": 0.75, "surface_class": "default_urban" }, "geometry": { "type": "Point", "coordinates": [ 376907.790579124644864, 2046111.902720903046429 ] } },
{ "type": "Feature", "properties": { "cell_id": "R095_C082", "row": 95, "col": 82, "x": 376937.79057912464, "y": 2046111.902720903, "cell_area_m2": 900.0, "runoff_coefficient": 0.75, "surface_class": "default_urban" }, "geometry": { "type": "Point", "coordinates": [ 376937.790579124644864, 2046111.902720903046429 ] } },
{ "type": "Feature", "properties": { "cell_id": "R095_C083", "row": 95, "col": 83, "x": 376967.79057912464, "y": 2046111.902720903, "cell_area_m2": 900.0, "runoff_coefficient": 0.75, "surface_class": "default_urban" }, "geometry": { "type": "Point", "coordinates": [ 376967.790579124644864, 2046111.902720903046429 ] } },
{ "type": "Feature", "properties": { "cell_id": "R095_C084", "row": 95, "col": 84, "x": 376997.79057912464, "y": 2046111.902720903, "cell_area_m2": 900.0, "runoff_coefficient": 0.85000002384185791, "surface_class": "road" }, "geometry": { "type": "Point", "coordinates": [ 376997.790579124644864, 2046111.902720903046429 ] } },
{ "type": "Feature", "properties": { "cell_id": "R095_C085", "row": 95, "col": 85, "x": 377027.79057912464, "y": 2046111.902720903, "cell_area_m2": 900.0, "runoff_coefficient": 0.85000002384185791, "surface_class": "road" }, "geometry": { "type": "Point", "coordinates": [ 377027.790579124644864, 2046111.902720903046429 ] } },
{ "type": "Feature", "properties": { "cell_id": "R095_C086", "row": 95, "col": 86, "x": 377057.79057912464, "y": 2046111.902720903, "cell_area_m2": 900.0, "runoff_coefficient": 0.75, "surface_class": "default_urban" }, "geometry": { "type": "Point", "coordinates": [ 377057.790579124644864, 2046111.902720903046429 ] } },
{ "type": "Feature", "properties": { "cell_id": "R095_C087", "row": 95, "col": 87, "x": 377087.79057912464, "y": 2046111.902720903, "cell_area_m2": 900.0, "runoff_coefficient": 0.75, "surface_class": "default_urban" }, "geometry": { "type": "Point", "coordinates": [ 377087.790579124644864, 2046111.902720903046429 ] } },
{ "type": "Feature", "properties": { "cell_id": "R095_C088", "row": 95, "col": 88, "x": 377117.79057912464, "y": 2046111.902720903, "cell_area_m2": 900.0, "runoff_coefficient": 0.75, "surface_class": "default_urban" }, "geometry": { "type": "Point", "coordinates": [ 377117.790579124644864, 2046111.902720903046429 ] } },
{ "type": "Feature", "properties": { "cell_id": "R095_C089", "row": 95, "col": 89, "x": 377147.79057912464, "y": 2046111.902720903, "cell_area_m2": 900.0, "runoff_coefficient": 0.89999997615814209, "surface_class": "building" }, "geometry": { "type": "Point", "coordinates": [ 377147.790579124644864, 2046111.902720903046429 ] } },
{ "type": "Feature", "properties": { "cell_id": "R095_C090", "row": 95, "col": 90, "x": 377177.79057912464, "y": 2046111.902720903, "cell_area_m2": 900.0, "runoff_coefficient": 0.75, "surface_class": "default_urban" }, "geometry": { "type": "Point", "coordinates": [ 377177.790579124644864, 2046111.902720903046429 ] } },
{ "type": "Feature", "properties": { "cell_id": "R095_C091", "row": 95, "col": 91, "x": 377207.79057912464, "y": 2046111.902720903, "cell_area_m2": 900.0, "runoff_coefficient": 0.75, "surface_class": "default_urban" }, "geometry": { "type": "Point", "coordinates": [ 377207.790579124644864, 2046111.902720903046429 ] } },
{ "type": "Feature", "properties": { "cell_id": "R095_C092", "row": 95, "col": 92, "x": 377237.79057912464, "y": 2046111.902720903, "cell_area_m2": 900.0, "runoff_coefficient": 0.75, "surface_class": "default_urban" }, "geometry": { "type": "Point", "coordinates": [ 377237.790579124644864, 2046111.902720903046429 ] } },
{ "type": "Feature", "properties": { "cell_id": "R095_C093", "row": 95, "col": 93, "x": 377267.79057912464, "y": 2046111.902720903, "cell_area_m2": 900.0, "runoff_coefficient": 0.75, "surface_class": "default_urban" }, "geometry": { "type": "Point", "coordinates": [ 377267.790579124644864, 2046111.902720903046429 ] } },
{ "type": "Feature", "properties": { "cell_id": "R095_C094", "row": 95, "col": 94, "x": 377297.79057912464, "y": 2046111.902720903, "cell_area_m2": 900.0, "runoff_coefficient": 0.30000001192092896, "surface_class": "green_open" }, "geometry": { "type": "Point", "coordinates": [ 377297.790579124644864, 2046111.902720903046429 ] } },
{ "type": "Feature", "properties": { "cell_id": "R095_C095", "row": 95, "col": 95, "x": 377327.79057912464, "y": 2046111.902720903, "cell_area_m2": 900.0, "runoff_coefficient": 0.30000001192092896, "surface_class": "green_open" }, "geometry": { "type": "Point", "coordinates": [ 377327.790579124644864, 2046111.902720903046429 ] } },
{ "type": "Feature", "properties": { "cell_id": "R095_C096", "row": 95, "col": 96, "x": 377357.79057912464, "y": 2046111.902720903, "cell_area_m2": 900.0, "runoff_coefficient": 0.85000002384185791, "surface_class": "road" }, "geometry": { "type": "Point", "coordinates": [ 377357.790579124644864, 2046111.902720903046429 ] } },
{ "type": "Feature", "properties": { "cell_id": "R095_C097", "row": 95, "col": 97, "x": 377387.79057912464, "y": 2046111.902720903, "cell_area_m2": 900.0, "runoff_coefficient": 0.85000002384185791, "surface_class": "road" }, "geometry": { "type": "Point", "coordinates": [ 377387.790579124644864, 2046111.902720903046429 ] } },
{ "type": "Feature", "properties": { "cell_id": "R095_C098", "row": 95, "col": 98, "x": 377417.79057912464, "y": 2046111.902720903, "cell_area_m2": 900.0, "runoff_coefficient": 0.85000002384185791, "surface_class": "road" }, "geometry": { "type": "Point", "coordinates": [ 377417.790579124644864, 2046111.902720903046429 ] } },
{ "type": "Feature", "properties": { "cell_id": "R095_C099", "row": 95, "col": 99, "x": 377447.79057912464, "y": 2046111.902720903, "cell_area_m2": 900.0, "runoff_coefficient": 0.85000002384185791, "surface_class": "road" }, "geometry": { "type": "Point", "coordinates": [ 377447.790579124644864, 2046111.902720903046429 ] } },
{ "type": "Feature", "properties": { "cell_id": "R095_C100", "row": 95, "col": 100, "x": 377477.79057912464, "y": 2046111.902720903, "cell_area_m2": 900.0, "runoff_coefficient": 0.75, "surface_class": "default_urban" }, "geometry": { "type": "Point", "coordinates": [ 377477.790579124644864, 2046111.902720903046429 ] } },
{ "type": "Feature", "properties": { "cell_id": "R095_C101", "row": 95, "col": 101, "x": 377507.79057912464, "y": 2046111.902720903, "cell_area_m2": 900.0, "runoff_coefficient": 0.85000002384185791, "surface_class": "road" }, "geometry": { "type": "Point", "coordinates": [ 377507.790579124644864, 2046111.902720903046429 ] } },
{ "type": "Feature", "properties": { "cell_id": "R095_C102", "row": 95, "col": 102, "x": 377537.79057912464, "y": 2046111.902720903, "cell_area_m2": 900.0, "runoff_coefficient": 0.75, "surface_class": "default_urban" }, "geometry": { "type": "Point", "coordinates": [ 377537.790579124644864, 2046111.902720903046429 ] } },
{ "type": "Feature", "properties": { "cell_id": "R095_C103", "row": 95, "col": 103, "x": 377567.79057912464, "y": 2046111.902720903, "cell_area_m2": 900.0, "runoff_coefficient": 0.85000002384185791, "surface_class": "road" }, "geometry": { "type": "Point", "coordinates": [ 377567.790579124644864, 2046111.902720903046429 ] } },
{ "type": "Feature", "properties": { "cell_id": "R095_C104", "row": 95, "col": 104, "x": 377597.79057912464, "y": 2046111.902720903, "cell_area_m2": 900.0, "runoff_coefficient": 0.75, "surface_class": "default_urban" }, "geometry": { "type": "Point", "coordinates": [ 377597.790579124644864, 2046111.902720903046429 ] } },
{ "type": "Feature", "properties": { "cell_id": "R095_C105", "row": 95, "col": 105, "x": 377627.79057912464, "y": 2046111.902720903, "cell_area_m2": 900.0, "runoff_coefficient": 0.85000002384185791, "surface_class": "road" }, "geometry": { "type": "Point", "coordinates": [ 377627.790579124644864, 2046111.902720903046429 ] } },
{ "type": "Feature", "properties": { "cell_id": "R095_C106", "row": 95, "col": 106, "x": 377657.79057912464, "y": 2046111.902720903, "cell_area_m2": 900.0, "runoff_coefficient": 0.85000002384185791, "surface_class": "road" }, "geometry": { "type": "Point", "coordinates": [ 377657.790579124644864, 2046111.902720903046429 ] } },
{ "type": "Feature", "properties": { "cell_id": "R095_C107", "row": 95, "col": 107, "x": 377687.79057912464, "y": 2046111.902720903, "cell_area_m2": 900.0, "runoff_coefficient": 0.75, "surface_class": "default_urban" }, "geometry": { "type": "Point", "coordinates": [ 377687.790579124644864, 2046111.902720903046429 ] } },
{ "type": "Feature", "properties": { "cell_id": "R095_C108", "row": 95, "col": 108, "x": 377717.79057912464, "y": 2046111.902720903, "cell_area_m2": 900.0, "runoff_coefficient": 0.75, "surface_class": "default_urban" }, "geometry": { "type": "Point", "coordinates": [ 377717.790579124644864, 2046111.902720903046429 ] } },
{ "type": "Feature", "properties": { "cell_id": "R095_C109", "row": 95, "col": 109, "x": 377747.79057912464, "y": 2046111.902720903, "cell_area_m2": 900.0, "runoff_coefficient": 0.75, "surface_class": "default_urban" }, "geometry": { "type": "Point", "coordinates": [ 377747.790579124644864, 2046111.902720903046429 ] } },
{ "type": "Feature", "properties": { "cell_id": "R095_C110", "row": 95, "col": 110, "x": 377777.79057912464, "y": 2046111.902720903, "cell_area_m2": 900.0, "runoff_coefficient": 0.75, "surface_class": "default_urban" }, "geometry": { "type": "Point", "coordinates": [ 377777.790579124644864, 2046111.902720903046429 ] } },
{ "type": "Feature", "properties": { "cell_id": "R095_C111", "row": 95, "col": 111, "x": 377807.79057912464, "y": 2046111.902720903, "cell_area_m2": 900.0, "runoff_coefficient": 0.75, "surface_class": "default_urban" }, "geometry": { "type": "Point", "coordinates": [ 377807.790579124644864, 2046111.902720903046429 ] } },
{ "type": "Feature", "properties": { "cell_id": "R095_C112", "row": 95, "col": 112, "x": 377837.79057912464, "y": 2046111.902720903, "cell_area_m2": 900.0, "runoff_coefficient": 0.85000002384185791, "surface_class": "road" }, "geometry": { "type": "Point", "coordinates": [ 377837.790579124644864, 2046111.902720903046429 ] } },
{ "type": "Feature", "properties": { "cell_id": "R095_C113", "row": 95, "col": 113, "x": 377867.79057912464, "y": 2046111.902720903, "cell_area_m2": 900.0, "runoff_coefficient": 0.85000002384185791, "surface_class": "road" }, "geometry": { "type": "Point", "coordinates": [ 377867.790579124644864, 2046111.902720903046429 ] } },
{ "type": "Feature", "properties": { "cell_id": "R095_C114", "row": 95, "col": 114, "x": 377897.79057912464, "y": 2046111.902720903, "cell_area_m2": 900.0, "runoff_coefficient": 0.85000002384185791, "surface_class": "road" }, "geometry": { "type": "Point", "coordinates": [ 377897.790579124644864, 2046111.902720903046429 ] } },
{ "type": "Feature", "properties": { "cell_id": "R095_C115", "row": 95, "col": 115, "x": 377927.79057912464, "y": 2046111.902720903, "cell_area_m2": 900.0, "runoff_coefficient": 0.85000002384185791, "surface_class": "road" }, "geometry": { "type": "Point", "coordinates": [ 377927.790579124644864, 2046111.902720903046429 ] } },
{ "type": "Feature", "properties": { "cell_id": "R095_C116", "row": 95, "col": 116, "x": 377957.79057912464, "y": 2046111.902720903, "cell_area_m2": 900.0, "runoff_coefficient": 0.85000002384185791, "surface_class": "road" }, "geometry": { "type": "Point", "coordinates": [ 377957.790579124644864, 2046111.902720903046429 ] } },
{ "type": "Feature", "properties": { "cell_id": "R095_C117", "row": 95, "col": 117, "x": 377987.79057912464, "y": 2046111.902720903, "cell_area_m2": 900.0, "runoff_coefficient": 0.85000002384185791, "surface_class": "road" }, "geometry": { "type": "Point", "coordinates": [ 377987.790579124644864, 2046111.902720903046429 ] } },
{ "type": "Feature", "properties": { "cell_id": "R095_C118", "row": 95, "col": 118, "x": 378017.79057912464, "y": 2046111.902720903, "cell_area_m2": 900.0, "runoff_coefficient": 0.85000002384185791, "surface_class": "road" }, "geometry": { "type": "Point", "coordinates": [ 378017.790579124644864, 2046111.902720903046429 ] } },
{ "type": "Feature", "properties": { "cell_id": "R095_C119", "row": 95, "col": 119, "x": 378047.79057912464, "y": 2046111.902720903, "cell_area_m2": 900.0, "runoff_coefficient": 0.75, "surface_class": "default_urban" }, "geometry": { "type": "Point", "coordinates": [ 378047.790579124644864, 2046111.902720903046429 ] } },
{ "type": "Feature", "properties": { "cell_id": "R095_C120", "row": 95, "col": 120, "x": 378077.79057912464, "y": 2046111.902720903, "cell_area_m2": 900.0, "runoff_coefficient": 0.75, "surface_class": "default_urban" }, "geometry": { "type": "Point", "coordinates": [ 378077.790579124644864, 2046111.902720903046429 ] } },
{ "type": "Feature", "properties": { "cell_id": "R095_C121", "row": 95, "col": 121, "x": 378107.79057912464, "y": 2046111.902720903, "cell_area_m2": 900.0, "runoff_coefficient": 0.85000002384185791, "surface_class": "road" }, "geometry": { "type": "Point", "coordinates": [ 378107.790579124644864, 2046111.902720903046429 ] } },
{ "type": "Feature", "properties": { "cell_id": "R095_C122", "row": 95, "col": 122, "x": 378137.79057912464, "y": 2046111.902720903, "cell_area_m2": 900.0, "runoff_coefficient": 0.85000002384185791, "surface_class": "road" }, "geometry": { "type": "Point", "coordinates": [ 378137.790579124644864, 2046111.902720903046429 ] } },
{ "type": "Feature", "properties": { "cell_id": "R095_C123", "row": 95, "col": 123, "x": 378167.79057912464, "y": 2046111.902720903, "cell_area_m2": 900.0, "runoff_coefficient": 0.75, "surface_class": "default_urban" }, "geometry": { "type": "Point", "coordinates": [ 378167.790579124644864, 2046111.902720903046429 ] } },
{ "type": "Feature", "properties": { "cell_id": "R095_C124", "row": 95, "col": 124, "x": 378197.79057912464, "y": 2046111.902720903, "cell_area_m2": 900.0, "runoff_coefficient": 0.75, "surface_class": "default_urban" }, "geometry": { "type": "Point", "coordinates": [ 378197.790579124644864, 2046111.902720903046429 ] } },
{ "type": "Feature", "properties": { "cell_id": "R095_C125", "row": 95, "col": 125, "x": 378227.79057912464, "y": 2046111.902720903, "cell_area_m2": 900.0, "runoff_coefficient": 0.75, "surface_class": "default_urban" }, "geometry": { "type": "Point", "coordinates": [ 378227.790579124644864, 2046111.902720903046429 ] } },
{ "type": "Feature", "properties": { "cell_id": "R095_C126", "row": 95, "col": 126, "x": 378257.79057912464, "y": 2046111.902720903, "cell_area_m2": 900.0, "runoff_coefficient": 0.75, "surface_class": "default_urban" }, "geometry": { "type": "Point", "coordinates": [ 378257.790579124644864, 2046111.902720903046429 ] } },
{ "type": "Feature", "properties": { "cell_id": "R095_C127", "row": 95, "col": 127, "x": 378287.79057912464, "y": 2046111.902720903, "cell_area_m2": 900.0, "runoff_coefficient": 0.75, "surface_class": "default_urban" }, "geometry": { "type": "Point", "coordinates": [ 378287.790579124644864, 2046111.902720903046429 ] } },
{ "type": "Feature", "properties": { "cell_id": "R095_C128", "row": 95, "col": 128, "x": 378317.79057912464, "y": 2046111.902720903, "cell_area_m2": 900.0, "runoff_coefficient": 0.75, "surface_class": "default_urban" }, "geometry": { "type": "Point", "coordinates": [ 378317.790579124644864, 2046111.902720903046429 ] } },
{ "type": "Feature", "properties": { "cell_id": "R095_C129", "row": 95, "col": 129, "x": 378347.79057912464, "y": 2046111.902720903, "cell_area_m2": 900.0, "runoff_coefficient": 0.85000002384185791, "surface_class": "road" }, "geometry": { "type": "Point", "coordinates": [ 378347.790579124644864, 2046111.902720903046429 ] } },
{ "type": "Feature", "properties": { "cell_id": "R095_C130", "row": 95, "col": 130, "x": 378377.79057912464, "y": 2046111.902720903, "cell_area_m2": 900.0, "runoff_coefficient": 0.75, "surface_class": "default_urban" }, "geometry": { "type": "Point", "coordinates": [ 378377.790579124644864, 2046111.902720903046429 ] } },
{ "type": "Feature", "properties": { "cell_id": "R095_C131", "row": 95, "col": 131, "x": 378407.79057912464, "y": 2046111.902720903, "cell_area_m2": 900.0, "runoff_coefficient": 0.75, "surface_class": "default_urban" }, "geometry": { "type": "Point", "coordinates": [ 378407.790579124644864, 2046111.902720903046429 ] } },
{ "type": "Feature", "properties": { "cell_id": "R095_C132", "row": 95, "col": 132, "x": 378437.79057912464, "y": 2046111.902720903, "cell_area_m2": 900.0, "runoff_coefficient": 0.75, "surface_class": "default_urban" }, "geometry": { "type": "Point", "coordinates": [ 378437.790579124644864, 2046111.902720903046429 ] } },
{ "type": "Feature", "properties": { "cell_id": "R095_C133", "row": 95, "col": 133, "x": 378467.79057912464, "y": 2046111.902720903, "cell_area_m2": 900.0, "runoff_coefficient": 0.75, "surface_class": "default_urban" }, "geometry": { "type": "Point", "coordinates": [ 378467.790579124644864, 2046111.902720903046429 ] } },
{ "type": "Feature", "properties": { "cell_id": "R095_C134", "row": 95, "col": 134, "x": 378497.79057912464, "y": 2046111.902720903, "cell_area_m2": 900.0, "runoff_coefficient": 0.89999997615814209, "surface_class": "building" }, "geometry": { "type": "Point", "coordinates": [ 378497.790579124644864, 2046111.902720903046429 ] } },
{ "type": "Feature", "properties": { "cell_id": "R095_C135", "row": 95, "col": 135, "x": 378527.79057912464, "y": 2046111.902720903, "cell_area_m2": 900.0, "runoff_coefficient": 0.89999997615814209, "surface_class": "building" }, "geometry": { "type": "Point", "coordinates": [ 378527.790579124644864, 2046111.902720903046429 ] } },
{ "type": "Feature", "properties": { "cell_id": "R095_C136", "row": 95, "col": 136, "x": 378557.79057912464, "y": 2046111.902720903, "cell_area_m2": 900.0, "runoff_coefficient": 0.75, "surface_class": "default_urban" }, "geometry": { "type": "Point", "coordinates": [ 378557.790579124644864, 2046111.902720903046429 ] } },
{ "type": "Feature", "properties": { "cell_id": "R096_C069", "row": 96, "col": 69, "x": 376547.79057912464, "y": 2046081.902720903, "cell_area_m2": 900.0, "runoff_coefficient": 0.75, "surface_class": "default_urban" }, "geometry": { "type": "Point", "coordinates": [ 376547.790579124644864, 2046081.902720903046429 ] } },
{ "type": "Feature", "properties": { "cell_id": "R096_C070", "row": 96, "col": 70, "x": 376577.79057912464, "y": 2046081.902720903, "cell_area_m2": 900.0, "runoff_coefficient": 0.75, "surface_class": "default_urban" }, "geometry": { "type": "Point", "coordinates": [ 376577.790579124644864, 2046081.902720903046429 ] } },
{ "type": "Feature", "properties": { "cell_id": "R096_C071", "row": 96, "col": 71, "x": 376607.79057912464, "y": 2046081.902720903, "cell_area_m2": 900.0, "runoff_coefficient": 0.75, "surface_class": "default_urban" }, "geometry": { "type": "Point", "coordinates": [ 376607.790579124644864, 2046081.902720903046429 ] } },
{ "type": "Feature", "properties": { "cell_id": "R096_C072", "row": 96, "col": 72, "x": 376637.79057912464, "y": 2046081.902720903, "cell_area_m2": 900.0, "runoff_coefficient": 0.85000002384185791, "surface_class": "road" }, "geometry": { "type": "Point", "coordinates": [ 376637.790579124644864, 2046081.902720903046429 ] } },
{ "type": "Feature", "properties": { "cell_id": "R096_C073", "row": 96, "col": 73, "x": 376667.79057912464, "y": 2046081.902720903, "cell_area_m2": 900.0, "runoff_coefficient": 0.85000002384185791, "surface_class": "road" }, "geometry": { "type": "Point", "coordinates": [ 376667.790579124644864, 2046081.902720903046429 ] } },
{ "type": "Feature", "properties": { "cell_id": "R096_C074", "row": 96, "col": 74, "x": 376697.79057912464, "y": 2046081.902720903, "cell_area_m2": 900.0, "runoff_coefficient": 0.75, "surface_class": "default_urban" }, "geometry": { "type": "Point", "coordinates": [ 376697.790579124644864, 2046081.902720903046429 ] } },
{ "type": "Feature", "properties": { "cell_id": "R096_C075", "row": 96, "col": 75, "x": 376727.79057912464, "y": 2046081.902720903, "cell_area_m2": 900.0, "runoff_coefficient": 0.75, "surface_class": "default_urban" }, "geometry": { "type": "Point", "coordinates": [ 376727.790579124644864, 2046081.902720903046429 ] } },
{ "type": "Feature", "properties": { "cell_id": "R096_C076", "row": 96, "col": 76, "x": 376757.79057912464, "y": 2046081.902720903, "cell_area_m2": 900.0, "runoff_coefficient": 0.75, "surface_class": "default_urban" }, "geometry": { "type": "Point", "coordinates": [ 376757.790579124644864, 2046081.902720903046429 ] } },
{ "type": "Feature", "properties": { "cell_id": "R096_C077", "row": 96, "col": 77, "x": 376787.79057912464, "y": 2046081.902720903, "cell_area_m2": 900.0, "runoff_coefficient": 0.89999997615814209, "surface_class": "building" }, "geometry": { "type": "Point", "coordinates": [ 376787.790579124644864, 2046081.902720903046429 ] } },
{ "type": "Feature", "properties": { "cell_id": "R096_C078", "row": 96, "col": 78, "x": 376817.79057912464, "y": 2046081.902720903, "cell_area_m2": 900.0, "runoff_coefficient": 0.89999997615814209, "surface_class": "building" }, "geometry": { "type": "Point", "coordinates": [ 376817.790579124644864, 2046081.902720903046429 ] } },
{ "type": "Feature", "properties": { "cell_id": "R096_C079", "row": 96, "col": 79, "x": 376847.79057912464, "y": 2046081.902720903, "cell_area_m2": 900.0, "runoff_coefficient": 0.75, "surface_class": "default_urban" }, "geometry": { "type": "Point", "coordinates": [ 376847.790579124644864, 2046081.902720903046429 ] } },
{ "type": "Feature", "properties": { "cell_id": "R096_C080", "row": 96, "col": 80, "x": 376877.79057912464, "y": 2046081.902720903, "cell_area_m2": 900.0, "runoff_coefficient": 0.75, "surface_class": "default_urban" }, "geometry": { "type": "Point", "coordinates": [ 376877.790579124644864, 2046081.902720903046429 ] } },
{ "type": "Feature", "properties": { "cell_id": "R096_C081", "row": 96, "col": 81, "x": 376907.79057912464, "y": 2046081.902720903, "cell_area_m2": 900.0, "runoff_coefficient": 0.75, "surface_class": "default_urban" }, "geometry": { "type": "Point", "coordinates": [ 376907.790579124644864, 2046081.902720903046429 ] } },
{ "type": "Feature", "properties": { "cell_id": "R096_C082", "row": 96, "col": 82, "x": 376937.79057912464, "y": 2046081.902720903, "cell_area_m2": 900.0, "runoff_coefficient": 0.75, "surface_class": "default_urban" }, "geometry": { "type": "Point", "coordinates": [ 376937.790579124644864, 2046081.902720903046429 ] } },
{ "type": "Feature", "properties": { "cell_id": "R096_C083", "row": 96, "col": 83, "x": 376967.79057912464, "y": 2046081.902720903, "cell_area_m2": 900.0, "runoff_coefficient": 0.75, "surface_class": "default_urban" }, "geometry": { "type": "Point", "coordinates": [ 376967.790579124644864, 2046081.902720903046429 ] } },
{ "type": "Feature", "properties": { "cell_id": "R096_C084", "row": 96, "col": 84, "x": 376997.79057912464, "y": 2046081.902720903, "cell_area_m2": 900.0, "runoff_coefficient": 0.85000002384185791, "surface_class": "road" }, "geometry": { "type": "Point", "coordinates": [ 376997.790579124644864, 2046081.902720903046429 ] } },
{ "type": "Feature", "properties": { "cell_id": "R096_C085", "row": 96, "col": 85, "x": 377027.79057912464, "y": 2046081.902720903, "cell_area_m2": 900.0, "runoff_coefficient": 0.85000002384185791, "surface_class": "road" }, "geometry": { "type": "Point", "coordinates": [ 377027.790579124644864, 2046081.902720903046429 ] } },
{ "type": "Feature", "properties": { "cell_id": "R096_C086", "row": 96, "col": 86, "x": 377057.79057912464, "y": 2046081.902720903, "cell_area_m2": 900.0, "runoff_coefficient": 0.75, "surface_class": "default_urban" }, "geometry": { "type": "Point", "coordinates": [ 377057.790579124644864, 2046081.902720903046429 ] } },
{ "type": "Feature", "properties": { "cell_id": "R096_C087", "row": 96, "col": 87, "x": 377087.79057912464, "y": 2046081.902720903, "cell_area_m2": 900.0, "runoff_coefficient": 0.75, "surface_class": "default_urban" }, "geometry": { "type": "Point", "coordinates": [ 377087.790579124644864, 2046081.902720903046429 ] } },
{ "type": "Feature", "properties": { "cell_id": "R096_C088", "row": 96, "col": 88, "x": 377117.79057912464, "y": 2046081.902720903, "cell_area_m2": 900.0, "runoff_coefficient": 0.75, "surface_class": "default_urban" }, "geometry": { "type": "Point", "coordinates": [ 377117.790579124644864, 2046081.902720903046429 ] } },
{ "type": "Feature", "properties": { "cell_id": "R096_C089", "row": 96, "col": 89, "x": 377147.79057912464, "y": 2046081.902720903, "cell_area_m2": 900.0, "runoff_coefficient": 0.75, "surface_class": "default_urban" }, "geometry": { "type": "Point", "coordinates": [ 377147.790579124644864, 2046081.902720903046429 ] } },
{ "type": "Feature", "properties": { "cell_id": "R096_C090", "row": 96, "col": 90, "x": 377177.79057912464, "y": 2046081.902720903, "cell_area_m2": 900.0, "runoff_coefficient": 0.75, "surface_class": "default_urban" }, "geometry": { "type": "Point", "coordinates": [ 377177.790579124644864, 2046081.902720903046429 ] } },
{ "type": "Feature", "properties": { "cell_id": "R096_C091", "row": 96, "col": 91, "x": 377207.79057912464, "y": 2046081.902720903, "cell_area_m2": 900.0, "runoff_coefficient": 0.75, "surface_class": "default_urban" }, "geometry": { "type": "Point", "coordinates": [ 377207.790579124644864, 2046081.902720903046429 ] } },
{ "type": "Feature", "properties": { "cell_id": "R096_C092", "row": 96, "col": 92, "x": 377237.79057912464, "y": 2046081.902720903, "cell_area_m2": 900.0, "runoff_coefficient": 0.75, "surface_class": "default_urban" }, "geometry": { "type": "Point", "coordinates": [ 377237.790579124644864, 2046081.902720903046429 ] } },
{ "type": "Feature", "properties": { "cell_id": "R096_C093", "row": 96, "col": 93, "x": 377267.79057912464, "y": 2046081.902720903, "cell_area_m2": 900.0, "runoff_coefficient": 0.75, "surface_class": "default_urban" }, "geometry": { "type": "Point", "coordinates": [ 377267.790579124644864, 2046081.902720903046429 ] } },
{ "type": "Feature", "properties": { "cell_id": "R096_C094", "row": 96, "col": 94, "x": 377297.79057912464, "y": 2046081.902720903, "cell_area_m2": 900.0, "runoff_coefficient": 0.85000002384185791, "surface_class": "road" }, "geometry": { "type": "Point", "coordinates": [ 377297.790579124644864, 2046081.902720903046429 ] } },
{ "type": "Feature", "properties": { "cell_id": "R096_C095", "row": 96, "col": 95, "x": 377327.79057912464, "y": 2046081.902720903, "cell_area_m2": 900.0, "runoff_coefficient": 0.85000002384185791, "surface_class": "road" }, "geometry": { "type": "Point", "coordinates": [ 377327.790579124644864, 2046081.902720903046429 ] } },
{ "type": "Feature", "properties": { "cell_id": "R096_C096", "row": 96, "col": 96, "x": 377357.79057912464, "y": 2046081.902720903, "cell_area_m2": 900.0, "runoff_coefficient": 0.85000002384185791, "surface_class": "road" }, "geometry": { "type": "Point", "coordinates": [ 377357.790579124644864, 2046081.902720903046429 ] } },
{ "type": "Feature", "properties": { "cell_id": "R096_C097", "row": 96, "col": 97, "x": 377387.79057912464, "y": 2046081.902720903, "cell_area_m2": 900.0, "runoff_coefficient": 0.85000002384185791, "surface_class": "road" }, "geometry": { "type": "Point", "coordinates": [ 377387.790579124644864, 2046081.902720903046429 ] } },
{ "type": "Feature", "properties": { "cell_id": "R096_C098", "row": 96, "col": 98, "x": 377417.79057912464, "y": 2046081.902720903, "cell_area_m2": 900.0, "runoff_coefficient": 0.85000002384185791, "surface_class": "road" }, "geometry": { "type": "Point", "coordinates": [ 377417.790579124644864, 2046081.902720903046429 ] } },
{ "type": "Feature", "properties": { "cell_id": "R096_C099", "row": 96, "col": 99, "x": 377447.79057912464, "y": 2046081.902720903, "cell_area_m2": 900.0, "runoff_coefficient": 0.85000002384185791, "surface_class": "road" }, "geometry": { "type": "Point", "coordinates": [ 377447.790579124644864, 2046081.902720903046429 ] } },
{ "type": "Feature", "properties": { "cell_id": "R096_C100", "row": 96, "col": 100, "x": 377477.79057912464, "y": 2046081.902720903, "cell_area_m2": 900.0, "runoff_coefficient": 0.75, "surface_class": "default_urban" }, "geometry": { "type": "Point", "coordinates": [ 377477.790579124644864, 2046081.902720903046429 ] } },
{ "type": "Feature", "properties": { "cell_id": "R096_C101", "row": 96, "col": 101, "x": 377507.79057912464, "y": 2046081.902720903, "cell_area_m2": 900.0, "runoff_coefficient": 0.89999997615814209, "surface_class": "building" }, "geometry": { "type": "Point", "coordinates": [ 377507.790579124644864, 2046081.902720903046429 ] } },
{ "type": "Feature", "properties": { "cell_id": "R096_C102", "row": 96, "col": 102, "x": 377537.79057912464, "y": 2046081.902720903, "cell_area_m2": 900.0, "runoff_coefficient": 0.85000002384185791, "surface_class": "road" }, "geometry": { "type": "Point", "coordinates": [ 377537.790579124644864, 2046081.902720903046429 ] } },
{ "type": "Feature", "properties": { "cell_id": "R096_C103", "row": 96, "col": 103, "x": 377567.79057912464, "y": 2046081.902720903, "cell_area_m2": 900.0, "runoff_coefficient": 0.85000002384185791, "surface_class": "road" }, "geometry": { "type": "Point", "coordinates": [ 377567.790579124644864, 2046081.902720903046429 ] } },
{ "type": "Feature", "properties": { "cell_id": "R096_C104", "row": 96, "col": 104, "x": 377597.79057912464, "y": 2046081.902720903, "cell_area_m2": 900.0, "runoff_coefficient": 0.75, "surface_class": "default_urban" }, "geometry": { "type": "Point", "coordinates": [ 377597.790579124644864, 2046081.902720903046429 ] } },
{ "type": "Feature", "properties": { "cell_id": "R096_C105", "row": 96, "col": 105, "x": 377627.79057912464, "y": 2046081.902720903, "cell_area_m2": 900.0, "runoff_coefficient": 0.85000002384185791, "surface_class": "road" }, "geometry": { "type": "Point", "coordinates": [ 377627.790579124644864, 2046081.902720903046429 ] } },
{ "type": "Feature", "properties": { "cell_id": "R096_C106", "row": 96, "col": 106, "x": 377657.79057912464, "y": 2046081.902720903, "cell_area_m2": 900.0, "runoff_coefficient": 0.85000002384185791, "surface_class": "road" }, "geometry": { "type": "Point", "coordinates": [ 377657.790579124644864, 2046081.902720903046429 ] } },
{ "type": "Feature", "properties": { "cell_id": "R096_C107", "row": 96, "col": 107, "x": 377687.79057912464, "y": 2046081.902720903, "cell_area_m2": 900.0, "runoff_coefficient": 0.89999997615814209, "surface_class": "building" }, "geometry": { "type": "Point", "coordinates": [ 377687.790579124644864, 2046081.902720903046429 ] } },
{ "type": "Feature", "properties": { "cell_id": "R096_C108", "row": 96, "col": 108, "x": 377717.79057912464, "y": 2046081.902720903, "cell_area_m2": 900.0, "runoff_coefficient": 0.85000002384185791, "surface_class": "road" }, "geometry": { "type": "Point", "coordinates": [ 377717.790579124644864, 2046081.902720903046429 ] } },
{ "type": "Feature", "properties": { "cell_id": "R096_C109", "row": 96, "col": 109, "x": 377747.79057912464, "y": 2046081.902720903, "cell_area_m2": 900.0, "runoff_coefficient": 0.85000002384185791, "surface_class": "road" }, "geometry": { "type": "Point", "coordinates": [ 377747.790579124644864, 2046081.902720903046429 ] } },
{ "type": "Feature", "properties": { "cell_id": "R096_C110", "row": 96, "col": 110, "x": 377777.79057912464, "y": 2046081.902720903, "cell_area_m2": 900.0, "runoff_coefficient": 0.85000002384185791, "surface_class": "road" }, "geometry": { "type": "Point", "coordinates": [ 377777.790579124644864, 2046081.902720903046429 ] } },
{ "type": "Feature", "properties": { "cell_id": "R096_C111", "row": 96, "col": 111, "x": 377807.79057912464, "y": 2046081.902720903, "cell_area_m2": 900.0, "runoff_coefficient": 0.85000002384185791, "surface_class": "road" }, "geometry": { "type": "Point", "coordinates": [ 377807.790579124644864, 2046081.902720903046429 ] } },
{ "type": "Feature", "properties": { "cell_id": "R096_C112", "row": 96, "col": 112, "x": 377837.79057912464, "y": 2046081.902720903, "cell_area_m2": 900.0, "runoff_coefficient": 0.85000002384185791, "surface_class": "road" }, "geometry": { "type": "Point", "coordinates": [ 377837.790579124644864, 2046081.902720903046429 ] } },
{ "type": "Feature", "properties": { "cell_id": "R096_C113", "row": 96, "col": 113, "x": 377867.79057912464, "y": 2046081.902720903, "cell_area_m2": 900.0, "runoff_coefficient": 0.75, "surface_class": "default_urban" }, "geometry": { "type": "Point", "coordinates": [ 377867.790579124644864, 2046081.902720903046429 ] } },
{ "type": "Feature", "properties": { "cell_id": "R096_C114", "row": 96, "col": 114, "x": 377897.79057912464, "y": 2046081.902720903, "cell_area_m2": 900.0, "runoff_coefficient": 0.75, "surface_class": "default_urban" }, "geometry": { "type": "Point", "coordinates": [ 377897.790579124644864, 2046081.902720903046429 ] } },
{ "type": "Feature", "properties": { "cell_id": "R096_C115", "row": 96, "col": 115, "x": 377927.79057912464, "y": 2046081.902720903, "cell_area_m2": 900.0, "runoff_coefficient": 0.75, "surface_class": "default_urban" }, "geometry": { "type": "Point", "coordinates": [ 377927.790579124644864, 2046081.902720903046429 ] } },
{ "type": "Feature", "properties": { "cell_id": "R096_C116", "row": 96, "col": 116, "x": 377957.79057912464, "y": 2046081.902720903, "cell_area_m2": 900.0, "runoff_coefficient": 0.85000002384185791, "surface_class": "road" }, "geometry": { "type": "Point", "coordinates": [ 377957.790579124644864, 2046081.902720903046429 ] } },
{ "type": "Feature", "properties": { "cell_id": "R096_C117", "row": 96, "col": 117, "x": 377987.79057912464, "y": 2046081.902720903, "cell_area_m2": 900.0, "runoff_coefficient": 0.85000002384185791, "surface_class": "road" }, "geometry": { "type": "Point", "coordinates": [ 377987.790579124644864, 2046081.902720903046429 ] } },
{ "type": "Feature", "properties": { "cell_id": "R096_C118", "row": 96, "col": 118, "x": 378017.79057912464, "y": 2046081.902720903, "cell_area_m2": 900.0, "runoff_coefficient": 0.85000002384185791, "surface_class": "road" }, "geometry": { "type": "Point", "coordinates": [ 378017.790579124644864, 2046081.902720903046429 ] } },
{ "type": "Feature", "properties": { "cell_id": "R096_C119", "row": 96, "col": 119, "x": 378047.79057912464, "y": 2046081.902720903, "cell_area_m2": 900.0, "runoff_coefficient": 0.85000002384185791, "surface_class": "road" }, "geometry": { "type": "Point", "coordinates": [ 378047.790579124644864, 2046081.902720903046429 ] } },
{ "type": "Feature", "properties": { "cell_id": "R096_C120", "row": 96, "col": 120, "x": 378077.79057912464, "y": 2046081.902720903, "cell_area_m2": 900.0, "runoff_coefficient": 0.85000002384185791, "surface_class": "road" }, "geometry": { "type": "Point", "coordinates": [ 378077.790579124644864, 2046081.902720903046429 ] } },
{ "type": "Feature", "properties": { "cell_id": "R096_C121", "row": 96, "col": 121, "x": 378107.79057912464, "y": 2046081.902720903, "cell_area_m2": 900.0, "runoff_coefficient": 0.85000002384185791, "surface_class": "road" }, "geometry": { "type": "Point", "coordinates": [ 378107.790579124644864, 2046081.902720903046429 ] } },
{ "type": "Feature", "properties": { "cell_id": "R096_C122", "row": 96, "col": 122, "x": 378137.79057912464, "y": 2046081.902720903, "cell_area_m2": 900.0, "runoff_coefficient": 0.85000002384185791, "surface_class": "road" }, "geometry": { "type": "Point", "coordinates": [ 378137.790579124644864, 2046081.902720903046429 ] } },
{ "type": "Feature", "properties": { "cell_id": "R096_C123", "row": 96, "col": 123, "x": 378167.79057912464, "y": 2046081.902720903, "cell_area_m2": 900.0, "runoff_coefficient": 0.75, "surface_class": "default_urban" }, "geometry": { "type": "Point", "coordinates": [ 378167.790579124644864, 2046081.902720903046429 ] } },
{ "type": "Feature", "properties": { "cell_id": "R096_C124", "row": 96, "col": 124, "x": 378197.79057912464, "y": 2046081.902720903, "cell_area_m2": 900.0, "runoff_coefficient": 0.75, "surface_class": "default_urban" }, "geometry": { "type": "Point", "coordinates": [ 378197.790579124644864, 2046081.902720903046429 ] } },
{ "type": "Feature", "properties": { "cell_id": "R096_C125", "row": 96, "col": 125, "x": 378227.79057912464, "y": 2046081.902720903, "cell_area_m2": 900.0, "runoff_coefficient": 0.75, "surface_class": "default_urban" }, "geometry": { "type": "Point", "coordinates": [ 378227.790579124644864, 2046081.902720903046429 ] } },
{ "type": "Feature", "properties": { "cell_id": "R096_C126", "row": 96, "col": 126, "x": 378257.79057912464, "y": 2046081.902720903, "cell_area_m2": 900.0, "runoff_coefficient": 0.75, "surface_class": "default_urban" }, "geometry": { "type": "Point", "coordinates": [ 378257.790579124644864, 2046081.902720903046429 ] } },
{ "type": "Feature", "properties": { "cell_id": "R096_C127", "row": 96, "col": 127, "x": 378287.79057912464, "y": 2046081.902720903, "cell_area_m2": 900.0, "runoff_coefficient": 0.75, "surface_class": "default_urban" }, "geometry": { "type": "Point", "coordinates": [ 378287.790579124644864, 2046081.902720903046429 ] } },
{ "type": "Feature", "properties": { "cell_id": "R096_C128", "row": 96, "col": 128, "x": 378317.79057912464, "y": 2046081.902720903, "cell_area_m2": 900.0, "runoff_coefficient": 0.85000002384185791, "surface_class": "road" }, "geometry": { "type": "Point", "coordinates": [ 378317.790579124644864, 2046081.902720903046429 ] } },
{ "type": "Feature", "properties": { "cell_id": "R096_C129", "row": 96, "col": 129, "x": 378347.79057912464, "y": 2046081.902720903, "cell_area_m2": 900.0, "runoff_coefficient": 0.85000002384185791, "surface_class": "road" }, "geometry": { "type": "Point", "coordinates": [ 378347.790579124644864, 2046081.902720903046429 ] } },
{ "type": "Feature", "properties": { "cell_id": "R096_C130", "row": 96, "col": 130, "x": 378377.79057912464, "y": 2046081.902720903, "cell_area_m2": 900.0, "runoff_coefficient": 0.75, "surface_class": "default_urban" }, "geometry": { "type": "Point", "coordinates": [ 378377.790579124644864, 2046081.902720903046429 ] } },
{ "type": "Feature", "properties": { "cell_id": "R096_C131", "row": 96, "col": 131, "x": 378407.79057912464, "y": 2046081.902720903, "cell_area_m2": 900.0, "runoff_coefficient": 0.75, "surface_class": "default_urban" }, "geometry": { "type": "Point", "coordinates": [ 378407.790579124644864, 2046081.902720903046429 ] } },
{ "type": "Feature", "properties": { "cell_id": "R096_C132", "row": 96, "col": 132, "x": 378437.79057912464, "y": 2046081.902720903, "cell_area_m2": 900.0, "runoff_coefficient": 0.75, "surface_class": "default_urban" }, "geometry": { "type": "Point", "coordinates": [ 378437.790579124644864, 2046081.902720903046429 ] } },
{ "type": "Feature", "properties": { "cell_id": "R096_C133", "row": 96, "col": 133, "x": 378467.79057912464, "y": 2046081.902720903, "cell_area_m2": 900.0, "runoff_coefficient": 0.75, "surface_class": "default_urban" }, "geometry": { "type": "Point", "coordinates": [ 378467.790579124644864, 2046081.902720903046429 ] } },
{ "type": "Feature", "properties": { "cell_id": "R096_C134", "row": 96, "col": 134, "x": 378497.79057912464, "y": 2046081.902720903, "cell_area_m2": 900.0, "runoff_coefficient": 0.85000002384185791, "surface_class": "road" }, "geometry": { "type": "Point", "coordinates": [ 378497.790579124644864, 2046081.902720903046429 ] } },
{ "type": "Feature", "properties": { "cell_id": "R096_C135", "row": 96, "col": 135, "x": 378527.79057912464, "y": 2046081.902720903, "cell_area_m2": 900.0, "runoff_coefficient": 0.89999997615814209, "surface_class": "building" }, "geometry": { "type": "Point", "coordinates": [ 378527.790579124644864, 2046081.902720903046429 ] } },
{ "type": "Feature", "properties": { "cell_id": "R096_C136", "row": 96, "col": 136, "x": 378557.79057912464, "y": 2046081.902720903, "cell_area_m2": 900.0, "runoff_coefficient": 0.85000002384185791, "surface_class": "road" }, "geometry": { "type": "Point", "coordinates": [ 378557.790579124644864, 2046081.902720903046429 ] } },
{ "type": "Feature", "properties": { "cell_id": "R097_C069", "row": 97, "col": 69, "x": 376547.79057912464, "y": 2046051.902720903, "cell_area_m2": 900.0, "runoff_coefficient": 0.75, "surface_class": "default_urban" }, "geometry": { "type": "Point", "coordinates": [ 376547.790579124644864, 2046051.902720903046429 ] } },
{ "type": "Feature", "properties": { "cell_id": "R097_C070", "row": 97, "col": 70, "x": 376577.79057912464, "y": 2046051.902720903, "cell_area_m2": 900.0, "runoff_coefficient": 0.75, "surface_class": "default_urban" }, "geometry": { "type": "Point", "coordinates": [ 376577.790579124644864, 2046051.902720903046429 ] } },
{ "type": "Feature", "properties": { "cell_id": "R097_C071", "row": 97, "col": 71, "x": 376607.79057912464, "y": 2046051.902720903, "cell_area_m2": 900.0, "runoff_coefficient": 0.75, "surface_class": "default_urban" }, "geometry": { "type": "Point", "coordinates": [ 376607.790579124644864, 2046051.902720903046429 ] } },
{ "type": "Feature", "properties": { "cell_id": "R097_C072", "row": 97, "col": 72, "x": 376637.79057912464, "y": 2046051.902720903, "cell_area_m2": 900.0, "runoff_coefficient": 0.85000002384185791, "surface_class": "road" }, "geometry": { "type": "Point", "coordinates": [ 376637.790579124644864, 2046051.902720903046429 ] } },
{ "type": "Feature", "properties": { "cell_id": "R097_C073", "row": 97, "col": 73, "x": 376667.79057912464, "y": 2046051.902720903, "cell_area_m2": 900.0, "runoff_coefficient": 0.75, "surface_class": "default_urban" }, "geometry": { "type": "Point", "coordinates": [ 376667.790579124644864, 2046051.902720903046429 ] } },
{ "type": "Feature", "properties": { "cell_id": "R097_C074", "row": 97, "col": 74, "x": 376697.79057912464, "y": 2046051.902720903, "cell_area_m2": 900.0, "runoff_coefficient": 0.75, "surface_class": "default_urban" }, "geometry": { "type": "Point", "coordinates": [ 376697.790579124644864, 2046051.902720903046429 ] } },
{ "type": "Feature", "properties": { "cell_id": "R097_C075", "row": 97, "col": 75, "x": 376727.79057912464, "y": 2046051.902720903, "cell_area_m2": 900.0, "runoff_coefficient": 0.75, "surface_class": "default_urban" }, "geometry": { "type": "Point", "coordinates": [ 376727.790579124644864, 2046051.902720903046429 ] } },
{ "type": "Feature", "properties": { "cell_id": "R097_C076", "row": 97, "col": 76, "x": 376757.79057912464, "y": 2046051.902720903, "cell_area_m2": 900.0, "runoff_coefficient": 0.75, "surface_class": "default_urban" }, "geometry": { "type": "Point", "coordinates": [ 376757.790579124644864, 2046051.902720903046429 ] } },
{ "type": "Feature", "properties": { "cell_id": "R097_C077", "row": 97, "col": 77, "x": 376787.79057912464, "y": 2046051.902720903, "cell_area_m2": 900.0, "runoff_coefficient": 0.89999997615814209, "surface_class": "building" }, "geometry": { "type": "Point", "coordinates": [ 376787.790579124644864, 2046051.902720903046429 ] } },
{ "type": "Feature", "properties": { "cell_id": "R097_C078", "row": 97, "col": 78, "x": 376817.79057912464, "y": 2046051.902720903, "cell_area_m2": 900.0, "runoff_coefficient": 0.75, "surface_class": "default_urban" }, "geometry": { "type": "Point", "coordinates": [ 376817.790579124644864, 2046051.902720903046429 ] } },
{ "type": "Feature", "properties": { "cell_id": "R097_C079", "row": 97, "col": 79, "x": 376847.79057912464, "y": 2046051.902720903, "cell_area_m2": 900.0, "runoff_coefficient": 0.89999997615814209, "surface_class": "building" }, "geometry": { "type": "Point", "coordinates": [ 376847.790579124644864, 2046051.902720903046429 ] } },
{ "type": "Feature", "properties": { "cell_id": "R097_C080", "row": 97, "col": 80, "x": 376877.79057912464, "y": 2046051.902720903, "cell_area_m2": 900.0, "runoff_coefficient": 0.89999997615814209, "surface_class": "building" }, "geometry": { "type": "Point", "coordinates": [ 376877.790579124644864, 2046051.902720903046429 ] } },
{ "type": "Feature", "properties": { "cell_id": "R097_C081", "row": 97, "col": 81, "x": 376907.79057912464, "y": 2046051.902720903, "cell_area_m2": 900.0, "runoff_coefficient": 0.75, "surface_class": "default_urban" }, "geometry": { "type": "Point", "coordinates": [ 376907.790579124644864, 2046051.902720903046429 ] } },
{ "type": "Feature", "properties": { "cell_id": "R097_C082", "row": 97, "col": 82, "x": 376937.79057912464, "y": 2046051.902720903, "cell_area_m2": 900.0, "runoff_coefficient": 0.75, "surface_class": "default_urban" }, "geometry": { "type": "Point", "coordinates": [ 376937.790579124644864, 2046051.902720903046429 ] } },
{ "type": "Feature", "properties": { "cell_id": "R097_C083", "row": 97, "col": 83, "x": 376967.79057912464, "y": 2046051.902720903, "cell_area_m2": 900.0, "runoff_coefficient": 0.75, "surface_class": "default_urban" }, "geometry": { "type": "Point", "coordinates": [ 376967.790579124644864, 2046051.902720903046429 ] } },
{ "type": "Feature", "properties": { "cell_id": "R097_C084", "row": 97, "col": 84, "x": 376997.79057912464, "y": 2046051.902720903, "cell_area_m2": 900.0, "runoff_coefficient": 0.85000002384185791, "surface_class": "road" }, "geometry": { "type": "Point", "coordinates": [ 376997.790579124644864, 2046051.902720903046429 ] } },
{ "type": "Feature", "properties": { "cell_id": "R097_C085", "row": 97, "col": 85, "x": 377027.79057912464, "y": 2046051.902720903, "cell_area_m2": 900.0, "runoff_coefficient": 0.85000002384185791, "surface_class": "road" }, "geometry": { "type": "Point", "coordinates": [ 377027.790579124644864, 2046051.902720903046429 ] } },
{ "type": "Feature", "properties": { "cell_id": "R097_C086", "row": 97, "col": 86, "x": 377057.79057912464, "y": 2046051.902720903, "cell_area_m2": 900.0, "runoff_coefficient": 0.75, "surface_class": "default_urban" }, "geometry": { "type": "Point", "coordinates": [ 377057.790579124644864, 2046051.902720903046429 ] } },
{ "type": "Feature", "properties": { "cell_id": "R097_C087", "row": 97, "col": 87, "x": 377087.79057912464, "y": 2046051.902720903, "cell_area_m2": 900.0, "runoff_coefficient": 0.75, "surface_class": "default_urban" }, "geometry": { "type": "Point", "coordinates": [ 377087.790579124644864, 2046051.902720903046429 ] } },
{ "type": "Feature", "properties": { "cell_id": "R097_C088", "row": 97, "col": 88, "x": 377117.79057912464, "y": 2046051.902720903, "cell_area_m2": 900.0, "runoff_coefficient": 0.75, "surface_class": "default_urban" }, "geometry": { "type": "Point", "coordinates": [ 377117.790579124644864, 2046051.902720903046429 ] } },
{ "type": "Feature", "properties": { "cell_id": "R097_C089", "row": 97, "col": 89, "x": 377147.79057912464, "y": 2046051.902720903, "cell_area_m2": 900.0, "runoff_coefficient": 0.75, "surface_class": "default_urban" }, "geometry": { "type": "Point", "coordinates": [ 377147.790579124644864, 2046051.902720903046429 ] } },
{ "type": "Feature", "properties": { "cell_id": "R097_C090", "row": 97, "col": 90, "x": 377177.79057912464, "y": 2046051.902720903, "cell_area_m2": 900.0, "runoff_coefficient": 0.75, "surface_class": "default_urban" }, "geometry": { "type": "Point", "coordinates": [ 377177.790579124644864, 2046051.902720903046429 ] } },
{ "type": "Feature", "properties": { "cell_id": "R097_C091", "row": 97, "col": 91, "x": 377207.79057912464, "y": 2046051.902720903, "cell_area_m2": 900.0, "runoff_coefficient": 0.75, "surface_class": "default_urban" }, "geometry": { "type": "Point", "coordinates": [ 377207.790579124644864, 2046051.902720903046429 ] } },
{ "type": "Feature", "properties": { "cell_id": "R097_C092", "row": 97, "col": 92, "x": 377237.79057912464, "y": 2046051.902720903, "cell_area_m2": 900.0, "runoff_coefficient": 0.75, "surface_class": "default_urban" }, "geometry": { "type": "Point", "coordinates": [ 377237.790579124644864, 2046051.902720903046429 ] } },
{ "type": "Feature", "properties": { "cell_id": "R097_C093", "row": 97, "col": 93, "x": 377267.79057912464, "y": 2046051.902720903, "cell_area_m2": 900.0, "runoff_coefficient": 0.75, "surface_class": "default_urban" }, "geometry": { "type": "Point", "coordinates": [ 377267.790579124644864, 2046051.902720903046429 ] } },
{ "type": "Feature", "properties": { "cell_id": "R097_C094", "row": 97, "col": 94, "x": 377297.79057912464, "y": 2046051.902720903, "cell_area_m2": 900.0, "runoff_coefficient": 0.75, "surface_class": "default_urban" }, "geometry": { "type": "Point", "coordinates": [ 377297.790579124644864, 2046051.902720903046429 ] } },
{ "type": "Feature", "properties": { "cell_id": "R097_C095", "row": 97, "col": 95, "x": 377327.79057912464, "y": 2046051.902720903, "cell_area_m2": 900.0, "runoff_coefficient": 0.89999997615814209, "surface_class": "building" }, "geometry": { "type": "Point", "coordinates": [ 377327.790579124644864, 2046051.902720903046429 ] } },
{ "type": "Feature", "properties": { "cell_id": "R097_C096", "row": 97, "col": 96, "x": 377357.79057912464, "y": 2046051.902720903, "cell_area_m2": 900.0, "runoff_coefficient": 0.85000002384185791, "surface_class": "road" }, "geometry": { "type": "Point", "coordinates": [ 377357.790579124644864, 2046051.902720903046429 ] } },
{ "type": "Feature", "properties": { "cell_id": "R097_C097", "row": 97, "col": 97, "x": 377387.79057912464, "y": 2046051.902720903, "cell_area_m2": 900.0, "runoff_coefficient": 0.85000002384185791, "surface_class": "road" }, "geometry": { "type": "Point", "coordinates": [ 377387.790579124644864, 2046051.902720903046429 ] } },
{ "type": "Feature", "properties": { "cell_id": "R097_C098", "row": 97, "col": 98, "x": 377417.79057912464, "y": 2046051.902720903, "cell_area_m2": 900.0, "runoff_coefficient": 0.85000002384185791, "surface_class": "road" }, "geometry": { "type": "Point", "coordinates": [ 377417.790579124644864, 2046051.902720903046429 ] } },
{ "type": "Feature", "properties": { "cell_id": "R097_C099", "row": 97, "col": 99, "x": 377447.79057912464, "y": 2046051.902720903, "cell_area_m2": 900.0, "runoff_coefficient": 0.85000002384185791, "surface_class": "road" }, "geometry": { "type": "Point", "coordinates": [ 377447.790579124644864, 2046051.902720903046429 ] } },
{ "type": "Feature", "properties": { "cell_id": "R097_C100", "row": 97, "col": 100, "x": 377477.79057912464, "y": 2046051.902720903, "cell_area_m2": 900.0, "runoff_coefficient": 0.89999997615814209, "surface_class": "building" }, "geometry": { "type": "Point", "coordinates": [ 377477.790579124644864, 2046051.902720903046429 ] } },
{ "type": "Feature", "properties": { "cell_id": "R097_C101", "row": 97, "col": 101, "x": 377507.79057912464, "y": 2046051.902720903, "cell_area_m2": 900.0, "runoff_coefficient": 0.85000002384185791, "surface_class": "road" }, "geometry": { "type": "Point", "coordinates": [ 377507.790579124644864, 2046051.902720903046429 ] } },
{ "type": "Feature", "properties": { "cell_id": "R097_C102", "row": 97, "col": 102, "x": 377537.79057912464, "y": 2046051.902720903, "cell_area_m2": 900.0, "runoff_coefficient": 0.85000002384185791, "surface_class": "road" }, "geometry": { "type": "Point", "coordinates": [ 377537.790579124644864, 2046051.902720903046429 ] } },
{ "type": "Feature", "properties": { "cell_id": "R097_C103", "row": 97, "col": 103, "x": 377567.79057912464, "y": 2046051.902720903, "cell_area_m2": 900.0, "runoff_coefficient": 0.85000002384185791, "surface_class": "road" }, "geometry": { "type": "Point", "coordinates": [ 377567.790579124644864, 2046051.902720903046429 ] } },
{ "type": "Feature", "properties": { "cell_id": "R097_C104", "row": 97, "col": 104, "x": 377597.79057912464, "y": 2046051.902720903, "cell_area_m2": 900.0, "runoff_coefficient": 0.75, "surface_class": "default_urban" }, "geometry": { "type": "Point", "coordinates": [ 377597.790579124644864, 2046051.902720903046429 ] } },
{ "type": "Feature", "properties": { "cell_id": "R097_C105", "row": 97, "col": 105, "x": 377627.79057912464, "y": 2046051.902720903, "cell_area_m2": 900.0, "runoff_coefficient": 0.85000002384185791, "surface_class": "road" }, "geometry": { "type": "Point", "coordinates": [ 377627.790579124644864, 2046051.902720903046429 ] } },
{ "type": "Feature", "properties": { "cell_id": "R097_C106", "row": 97, "col": 106, "x": 377657.79057912464, "y": 2046051.902720903, "cell_area_m2": 900.0, "runoff_coefficient": 0.89999997615814209, "surface_class": "building" }, "geometry": { "type": "Point", "coordinates": [ 377657.790579124644864, 2046051.902720903046429 ] } },
{ "type": "Feature", "properties": { "cell_id": "R097_C107", "row": 97, "col": 107, "x": 377687.79057912464, "y": 2046051.902720903, "cell_area_m2": 900.0, "runoff_coefficient": 0.89999997615814209, "surface_class": "building" }, "geometry": { "type": "Point", "coordinates": [ 377687.790579124644864, 2046051.902720903046429 ] } },
{ "type": "Feature", "properties": { "cell_id": "R097_C108", "row": 97, "col": 108, "x": 377717.79057912464, "y": 2046051.902720903, "cell_area_m2": 900.0, "runoff_coefficient": 0.75, "surface_class": "default_urban" }, "geometry": { "type": "Point", "coordinates": [ 377717.790579124644864, 2046051.902720903046429 ] } },
{ "type": "Feature", "properties": { "cell_id": "R097_C109", "row": 97, "col": 109, "x": 377747.79057912464, "y": 2046051.902720903, "cell_area_m2": 900.0, "runoff_coefficient": 0.85000002384185791, "surface_class": "road" }, "geometry": { "type": "Point", "coordinates": [ 377747.790579124644864, 2046051.902720903046429 ] } },
{ "type": "Feature", "properties": { "cell_id": "R097_C110", "row": 97, "col": 110, "x": 377777.79057912464, "y": 2046051.902720903, "cell_area_m2": 900.0, "runoff_coefficient": 0.75, "surface_class": "default_urban" }, "geometry": { "type": "Point", "coordinates": [ 377777.790579124644864, 2046051.902720903046429 ] } },
{ "type": "Feature", "properties": { "cell_id": "R097_C111", "row": 97, "col": 111, "x": 377807.79057912464, "y": 2046051.902720903, "cell_area_m2": 900.0, "runoff_coefficient": 0.85000002384185791, "surface_class": "road" }, "geometry": { "type": "Point", "coordinates": [ 377807.790579124644864, 2046051.902720903046429 ] } },
{ "type": "Feature", "properties": { "cell_id": "R097_C112", "row": 97, "col": 112, "x": 377837.79057912464, "y": 2046051.902720903, "cell_area_m2": 900.0, "runoff_coefficient": 0.89999997615814209, "surface_class": "building" }, "geometry": { "type": "Point", "coordinates": [ 377837.790579124644864, 2046051.902720903046429 ] } },
{ "type": "Feature", "properties": { "cell_id": "R097_C113", "row": 97, "col": 113, "x": 377867.79057912464, "y": 2046051.902720903, "cell_area_m2": 900.0, "runoff_coefficient": 0.75, "surface_class": "default_urban" }, "geometry": { "type": "Point", "coordinates": [ 377867.790579124644864, 2046051.902720903046429 ] } },
{ "type": "Feature", "properties": { "cell_id": "R097_C114", "row": 97, "col": 114, "x": 377897.79057912464, "y": 2046051.902720903, "cell_area_m2": 900.0, "runoff_coefficient": 0.75, "surface_class": "default_urban" }, "geometry": { "type": "Point", "coordinates": [ 377897.790579124644864, 2046051.902720903046429 ] } },
{ "type": "Feature", "properties": { "cell_id": "R097_C115", "row": 97, "col": 115, "x": 377927.79057912464, "y": 2046051.902720903, "cell_area_m2": 900.0, "runoff_coefficient": 0.89999997615814209, "surface_class": "building" }, "geometry": { "type": "Point", "coordinates": [ 377927.790579124644864, 2046051.902720903046429 ] } },
{ "type": "Feature", "properties": { "cell_id": "R097_C116", "row": 97, "col": 116, "x": 377957.79057912464, "y": 2046051.902720903, "cell_area_m2": 900.0, "runoff_coefficient": 0.85000002384185791, "surface_class": "road" }, "geometry": { "type": "Point", "coordinates": [ 377957.790579124644864, 2046051.902720903046429 ] } },
{ "type": "Feature", "properties": { "cell_id": "R097_C117", "row": 97, "col": 117, "x": 377987.79057912464, "y": 2046051.902720903, "cell_area_m2": 900.0, "runoff_coefficient": 0.85000002384185791, "surface_class": "road" }, "geometry": { "type": "Point", "coordinates": [ 377987.790579124644864, 2046051.902720903046429 ] } },
{ "type": "Feature", "properties": { "cell_id": "R097_C118", "row": 97, "col": 118, "x": 378017.79057912464, "y": 2046051.902720903, "cell_area_m2": 900.0, "runoff_coefficient": 0.85000002384185791, "surface_class": "road" }, "geometry": { "type": "Point", "coordinates": [ 378017.790579124644864, 2046051.902720903046429 ] } },
{ "type": "Feature", "properties": { "cell_id": "R097_C119", "row": 97, "col": 119, "x": 378047.79057912464, "y": 2046051.902720903, "cell_area_m2": 900.0, "runoff_coefficient": 0.75, "surface_class": "default_urban" }, "geometry": { "type": "Point", "coordinates": [ 378047.790579124644864, 2046051.902720903046429 ] } },
{ "type": "Feature", "properties": { "cell_id": "R097_C120", "row": 97, "col": 120, "x": 378077.79057912464, "y": 2046051.902720903, "cell_area_m2": 900.0, "runoff_coefficient": 0.85000002384185791, "surface_class": "road" }, "geometry": { "type": "Point", "coordinates": [ 378077.790579124644864, 2046051.902720903046429 ] } },
{ "type": "Feature", "properties": { "cell_id": "R097_C121", "row": 97, "col": 121, "x": 378107.79057912464, "y": 2046051.902720903, "cell_area_m2": 900.0, "runoff_coefficient": 0.75, "surface_class": "default_urban" }, "geometry": { "type": "Point", "coordinates": [ 378107.790579124644864, 2046051.902720903046429 ] } },
{ "type": "Feature", "properties": { "cell_id": "R097_C122", "row": 97, "col": 122, "x": 378137.79057912464, "y": 2046051.902720903, "cell_area_m2": 900.0, "runoff_coefficient": 0.85000002384185791, "surface_class": "road" }, "geometry": { "type": "Point", "coordinates": [ 378137.790579124644864, 2046051.902720903046429 ] } },
{ "type": "Feature", "properties": { "cell_id": "R097_C123", "row": 97, "col": 123, "x": 378167.79057912464, "y": 2046051.902720903, "cell_area_m2": 900.0, "runoff_coefficient": 0.75, "surface_class": "default_urban" }, "geometry": { "type": "Point", "coordinates": [ 378167.790579124644864, 2046051.902720903046429 ] } },
{ "type": "Feature", "properties": { "cell_id": "R097_C124", "row": 97, "col": 124, "x": 378197.79057912464, "y": 2046051.902720903, "cell_area_m2": 900.0, "runoff_coefficient": 0.75, "surface_class": "default_urban" }, "geometry": { "type": "Point", "coordinates": [ 378197.790579124644864, 2046051.902720903046429 ] } },
{ "type": "Feature", "properties": { "cell_id": "R097_C125", "row": 97, "col": 125, "x": 378227.79057912464, "y": 2046051.902720903, "cell_area_m2": 900.0, "runoff_coefficient": 0.75, "surface_class": "default_urban" }, "geometry": { "type": "Point", "coordinates": [ 378227.790579124644864, 2046051.902720903046429 ] } },
{ "type": "Feature", "properties": { "cell_id": "R097_C126", "row": 97, "col": 126, "x": 378257.79057912464, "y": 2046051.902720903, "cell_area_m2": 900.0, "runoff_coefficient": 0.75, "surface_class": "default_urban" }, "geometry": { "type": "Point", "coordinates": [ 378257.790579124644864, 2046051.902720903046429 ] } },
{ "type": "Feature", "properties": { "cell_id": "R097_C127", "row": 97, "col": 127, "x": 378287.79057912464, "y": 2046051.902720903, "cell_area_m2": 900.0, "runoff_coefficient": 0.75, "surface_class": "default_urban" }, "geometry": { "type": "Point", "coordinates": [ 378287.790579124644864, 2046051.902720903046429 ] } },
{ "type": "Feature", "properties": { "cell_id": "R097_C128", "row": 97, "col": 128, "x": 378317.79057912464, "y": 2046051.902720903, "cell_area_m2": 900.0, "runoff_coefficient": 0.85000002384185791, "surface_class": "road" }, "geometry": { "type": "Point", "coordinates": [ 378317.790579124644864, 2046051.902720903046429 ] } },
{ "type": "Feature", "properties": { "cell_id": "R097_C129", "row": 97, "col": 129, "x": 378347.79057912464, "y": 2046051.902720903, "cell_area_m2": 900.0, "runoff_coefficient": 0.75, "surface_class": "default_urban" }, "geometry": { "type": "Point", "coordinates": [ 378347.790579124644864, 2046051.902720903046429 ] } },
{ "type": "Feature", "properties": { "cell_id": "R097_C130", "row": 97, "col": 130, "x": 378377.79057912464, "y": 2046051.902720903, "cell_area_m2": 900.0, "runoff_coefficient": 0.75, "surface_class": "default_urban" }, "geometry": { "type": "Point", "coordinates": [ 378377.790579124644864, 2046051.902720903046429 ] } },
{ "type": "Feature", "properties": { "cell_id": "R097_C131", "row": 97, "col": 131, "x": 378407.79057912464, "y": 2046051.902720903, "cell_area_m2": 900.0, "runoff_coefficient": 0.75, "surface_class": "default_urban" }, "geometry": { "type": "Point", "coordinates": [ 378407.790579124644864, 2046051.902720903046429 ] } },
{ "type": "Feature", "properties": { "cell_id": "R097_C132", "row": 97, "col": 132, "x": 378437.79057912464, "y": 2046051.902720903, "cell_area_m2": 900.0, "runoff_coefficient": 0.75, "surface_class": "default_urban" }, "geometry": { "type": "Point", "coordinates": [ 378437.790579124644864, 2046051.902720903046429 ] } },
{ "type": "Feature", "properties": { "cell_id": "R097_C133", "row": 97, "col": 133, "x": 378467.79057912464, "y": 2046051.902720903, "cell_area_m2": 900.0, "runoff_coefficient": 0.89999997615814209, "surface_class": "building" }, "geometry": { "type": "Point", "coordinates": [ 378467.790579124644864, 2046051.902720903046429 ] } },
{ "type": "Feature", "properties": { "cell_id": "R097_C134", "row": 97, "col": 134, "x": 378497.79057912464, "y": 2046051.902720903, "cell_area_m2": 900.0, "runoff_coefficient": 0.85000002384185791, "surface_class": "road" }, "geometry": { "type": "Point", "coordinates": [ 378497.790579124644864, 2046051.902720903046429 ] } },
{ "type": "Feature", "properties": { "cell_id": "R097_C135", "row": 97, "col": 135, "x": 378527.79057912464, "y": 2046051.902720903, "cell_area_m2": 900.0, "runoff_coefficient": 0.75, "surface_class": "default_urban" }, "geometry": { "type": "Point", "coordinates": [ 378527.790579124644864, 2046051.902720903046429 ] } },
{ "type": "Feature", "properties": { "cell_id": "R097_C136", "row": 97, "col": 136, "x": 378557.79057912464, "y": 2046051.902720903, "cell_area_m2": 900.0, "runoff_coefficient": 0.75, "surface_class": "default_urban" }, "geometry": { "type": "Point", "coordinates": [ 378557.790579124644864, 2046051.902720903046429 ] } },
{ "type": "Feature", "properties": { "cell_id": "R098_C070", "row": 98, "col": 70, "x": 376577.79057912464, "y": 2046021.902720903, "cell_area_m2": 900.0, "runoff_coefficient": 0.75, "surface_class": "default_urban" }, "geometry": { "type": "Point", "coordinates": [ 376577.790579124644864, 2046021.902720903046429 ] } },
{ "type": "Feature", "properties": { "cell_id": "R098_C071", "row": 98, "col": 71, "x": 376607.79057912464, "y": 2046021.902720903, "cell_area_m2": 900.0, "runoff_coefficient": 0.85000002384185791, "surface_class": "road" }, "geometry": { "type": "Point", "coordinates": [ 376607.790579124644864, 2046021.902720903046429 ] } },
{ "type": "Feature", "properties": { "cell_id": "R098_C072", "row": 98, "col": 72, "x": 376637.79057912464, "y": 2046021.902720903, "cell_area_m2": 900.0, "runoff_coefficient": 0.85000002384185791, "surface_class": "road" }, "geometry": { "type": "Point", "coordinates": [ 376637.790579124644864, 2046021.902720903046429 ] } },
{ "type": "Feature", "properties": { "cell_id": "R098_C073", "row": 98, "col": 73, "x": 376667.79057912464, "y": 2046021.902720903, "cell_area_m2": 900.0, "runoff_coefficient": 0.75, "surface_class": "default_urban" }, "geometry": { "type": "Point", "coordinates": [ 376667.790579124644864, 2046021.902720903046429 ] } },
{ "type": "Feature", "properties": { "cell_id": "R098_C074", "row": 98, "col": 74, "x": 376697.79057912464, "y": 2046021.902720903, "cell_area_m2": 900.0, "runoff_coefficient": 0.75, "surface_class": "default_urban" }, "geometry": { "type": "Point", "coordinates": [ 376697.790579124644864, 2046021.902720903046429 ] } },
{ "type": "Feature", "properties": { "cell_id": "R098_C075", "row": 98, "col": 75, "x": 376727.79057912464, "y": 2046021.902720903, "cell_area_m2": 900.0, "runoff_coefficient": 0.75, "surface_class": "default_urban" }, "geometry": { "type": "Point", "coordinates": [ 376727.790579124644864, 2046021.902720903046429 ] } },
{ "type": "Feature", "properties": { "cell_id": "R098_C076", "row": 98, "col": 76, "x": 376757.79057912464, "y": 2046021.902720903, "cell_area_m2": 900.0, "runoff_coefficient": 0.75, "surface_class": "default_urban" }, "geometry": { "type": "Point", "coordinates": [ 376757.790579124644864, 2046021.902720903046429 ] } },
{ "type": "Feature", "properties": { "cell_id": "R098_C077", "row": 98, "col": 77, "x": 376787.79057912464, "y": 2046021.902720903, "cell_area_m2": 900.0, "runoff_coefficient": 0.89999997615814209, "surface_class": "building" }, "geometry": { "type": "Point", "coordinates": [ 376787.790579124644864, 2046021.902720903046429 ] } },
{ "type": "Feature", "properties": { "cell_id": "R098_C078", "row": 98, "col": 78, "x": 376817.79057912464, "y": 2046021.902720903, "cell_area_m2": 900.0, "runoff_coefficient": 0.30000001192092896, "surface_class": "green_open" }, "geometry": { "type": "Point", "coordinates": [ 376817.790579124644864, 2046021.902720903046429 ] } },
{ "type": "Feature", "properties": { "cell_id": "R098_C079", "row": 98, "col": 79, "x": 376847.79057912464, "y": 2046021.902720903, "cell_area_m2": 900.0, "runoff_coefficient": 0.89999997615814209, "surface_class": "building" }, "geometry": { "type": "Point", "coordinates": [ 376847.790579124644864, 2046021.902720903046429 ] } },
{ "type": "Feature", "properties": { "cell_id": "R098_C080", "row": 98, "col": 80, "x": 376877.79057912464, "y": 2046021.902720903, "cell_area_m2": 900.0, "runoff_coefficient": 0.75, "surface_class": "default_urban" }, "geometry": { "type": "Point", "coordinates": [ 376877.790579124644864, 2046021.902720903046429 ] } },
{ "type": "Feature", "properties": { "cell_id": "R098_C081", "row": 98, "col": 81, "x": 376907.79057912464, "y": 2046021.902720903, "cell_area_m2": 900.0, "runoff_coefficient": 0.75, "surface_class": "default_urban" }, "geometry": { "type": "Point", "coordinates": [ 376907.790579124644864, 2046021.902720903046429 ] } },
{ "type": "Feature", "properties": { "cell_id": "R098_C082", "row": 98, "col": 82, "x": 376937.79057912464, "y": 2046021.902720903, "cell_area_m2": 900.0, "runoff_coefficient": 0.75, "surface_class": "default_urban" }, "geometry": { "type": "Point", "coordinates": [ 376937.790579124644864, 2046021.902720903046429 ] } },
{ "type": "Feature", "properties": { "cell_id": "R098_C083", "row": 98, "col": 83, "x": 376967.79057912464, "y": 2046021.902720903, "cell_area_m2": 900.0, "runoff_coefficient": 0.75, "surface_class": "default_urban" }, "geometry": { "type": "Point", "coordinates": [ 376967.790579124644864, 2046021.902720903046429 ] } },
{ "type": "Feature", "properties": { "cell_id": "R098_C084", "row": 98, "col": 84, "x": 376997.79057912464, "y": 2046021.902720903, "cell_area_m2": 900.0, "runoff_coefficient": 0.85000002384185791, "surface_class": "road" }, "geometry": { "type": "Point", "coordinates": [ 376997.790579124644864, 2046021.902720903046429 ] } },
{ "type": "Feature", "properties": { "cell_id": "R098_C085", "row": 98, "col": 85, "x": 377027.79057912464, "y": 2046021.902720903, "cell_area_m2": 900.0, "runoff_coefficient": 0.75, "surface_class": "default_urban" }, "geometry": { "type": "Point", "coordinates": [ 377027.790579124644864, 2046021.902720903046429 ] } },
{ "type": "Feature", "properties": { "cell_id": "R098_C086", "row": 98, "col": 86, "x": 377057.79057912464, "y": 2046021.902720903, "cell_area_m2": 900.0, "runoff_coefficient": 0.75, "surface_class": "default_urban" }, "geometry": { "type": "Point", "coordinates": [ 377057.790579124644864, 2046021.902720903046429 ] } },
{ "type": "Feature", "properties": { "cell_id": "R098_C087", "row": 98, "col": 87, "x": 377087.79057912464, "y": 2046021.902720903, "cell_area_m2": 900.0, "runoff_coefficient": 0.75, "surface_class": "default_urban" }, "geometry": { "type": "Point", "coordinates": [ 377087.790579124644864, 2046021.902720903046429 ] } },
{ "type": "Feature", "properties": { "cell_id": "R098_C088", "row": 98, "col": 88, "x": 377117.79057912464, "y": 2046021.902720903, "cell_area_m2": 900.0, "runoff_coefficient": 0.75, "surface_class": "default_urban" }, "geometry": { "type": "Point", "coordinates": [ 377117.790579124644864, 2046021.902720903046429 ] } },
{ "type": "Feature", "properties": { "cell_id": "R098_C089", "row": 98, "col": 89, "x": 377147.79057912464, "y": 2046021.902720903, "cell_area_m2": 900.0, "runoff_coefficient": 0.75, "surface_class": "default_urban" }, "geometry": { "type": "Point", "coordinates": [ 377147.790579124644864, 2046021.902720903046429 ] } },
{ "type": "Feature", "properties": { "cell_id": "R098_C090", "row": 98, "col": 90, "x": 377177.79057912464, "y": 2046021.902720903, "cell_area_m2": 900.0, "runoff_coefficient": 0.75, "surface_class": "default_urban" }, "geometry": { "type": "Point", "coordinates": [ 377177.790579124644864, 2046021.902720903046429 ] } },
{ "type": "Feature", "properties": { "cell_id": "R098_C091", "row": 98, "col": 91, "x": 377207.79057912464, "y": 2046021.902720903, "cell_area_m2": 900.0, "runoff_coefficient": 0.75, "surface_class": "default_urban" }, "geometry": { "type": "Point", "coordinates": [ 377207.790579124644864, 2046021.902720903046429 ] } },
{ "type": "Feature", "properties": { "cell_id": "R098_C092", "row": 98, "col": 92, "x": 377237.79057912464, "y": 2046021.902720903, "cell_area_m2": 900.0, "runoff_coefficient": 0.75, "surface_class": "default_urban" }, "geometry": { "type": "Point", "coordinates": [ 377237.790579124644864, 2046021.902720903046429 ] } },
{ "type": "Feature", "properties": { "cell_id": "R098_C093", "row": 98, "col": 93, "x": 377267.79057912464, "y": 2046021.902720903, "cell_area_m2": 900.0, "runoff_coefficient": 0.75, "surface_class": "default_urban" }, "geometry": { "type": "Point", "coordinates": [ 377267.790579124644864, 2046021.902720903046429 ] } },
{ "type": "Feature", "properties": { "cell_id": "R098_C094", "row": 98, "col": 94, "x": 377297.79057912464, "y": 2046021.902720903, "cell_area_m2": 900.0, "runoff_coefficient": 0.75, "surface_class": "default_urban" }, "geometry": { "type": "Point", "coordinates": [ 377297.790579124644864, 2046021.902720903046429 ] } },
{ "type": "Feature", "properties": { "cell_id": "R098_C095", "row": 98, "col": 95, "x": 377327.79057912464, "y": 2046021.902720903, "cell_area_m2": 900.0, "runoff_coefficient": 0.75, "surface_class": "default_urban" }, "geometry": { "type": "Point", "coordinates": [ 377327.790579124644864, 2046021.902720903046429 ] } },
{ "type": "Feature", "properties": { "cell_id": "R098_C096", "row": 98, "col": 96, "x": 377357.79057912464, "y": 2046021.902720903, "cell_area_m2": 900.0, "runoff_coefficient": 0.75, "surface_class": "default_urban" }, "geometry": { "type": "Point", "coordinates": [ 377357.790579124644864, 2046021.902720903046429 ] } },
{ "type": "Feature", "properties": { "cell_id": "R098_C097", "row": 98, "col": 97, "x": 377387.79057912464, "y": 2046021.902720903, "cell_area_m2": 900.0, "runoff_coefficient": 0.75, "surface_class": "default_urban" }, "geometry": { "type": "Point", "coordinates": [ 377387.790579124644864, 2046021.902720903046429 ] } },
{ "type": "Feature", "properties": { "cell_id": "R098_C098", "row": 98, "col": 98, "x": 377417.79057912464, "y": 2046021.902720903, "cell_area_m2": 900.0, "runoff_coefficient": 0.85000002384185791, "surface_class": "road" }, "geometry": { "type": "Point", "coordinates": [ 377417.790579124644864, 2046021.902720903046429 ] } },
{ "type": "Feature", "properties": { "cell_id": "R098_C099", "row": 98, "col": 99, "x": 377447.79057912464, "y": 2046021.902720903, "cell_area_m2": 900.0, "runoff_coefficient": 0.85000002384185791, "surface_class": "road" }, "geometry": { "type": "Point", "coordinates": [ 377447.790579124644864, 2046021.902720903046429 ] } },
{ "type": "Feature", "properties": { "cell_id": "R098_C100", "row": 98, "col": 100, "x": 377477.79057912464, "y": 2046021.902720903, "cell_area_m2": 900.0, "runoff_coefficient": 0.85000002384185791, "surface_class": "road" }, "geometry": { "type": "Point", "coordinates": [ 377477.790579124644864, 2046021.902720903046429 ] } },
{ "type": "Feature", "properties": { "cell_id": "R098_C101", "row": 98, "col": 101, "x": 377507.79057912464, "y": 2046021.902720903, "cell_area_m2": 900.0, "runoff_coefficient": 0.85000002384185791, "surface_class": "road" }, "geometry": { "type": "Point", "coordinates": [ 377507.790579124644864, 2046021.902720903046429 ] } },
{ "type": "Feature", "properties": { "cell_id": "R098_C102", "row": 98, "col": 102, "x": 377537.79057912464, "y": 2046021.902720903, "cell_area_m2": 900.0, "runoff_coefficient": 0.85000002384185791, "surface_class": "road" }, "geometry": { "type": "Point", "coordinates": [ 377537.790579124644864, 2046021.902720903046429 ] } },
{ "type": "Feature", "properties": { "cell_id": "R098_C103", "row": 98, "col": 103, "x": 377567.79057912464, "y": 2046021.902720903, "cell_area_m2": 900.0, "runoff_coefficient": 0.85000002384185791, "surface_class": "road" }, "geometry": { "type": "Point", "coordinates": [ 377567.790579124644864, 2046021.902720903046429 ] } },
{ "type": "Feature", "properties": { "cell_id": "R098_C104", "row": 98, "col": 104, "x": 377597.79057912464, "y": 2046021.902720903, "cell_area_m2": 900.0, "runoff_coefficient": 0.85000002384185791, "surface_class": "road" }, "geometry": { "type": "Point", "coordinates": [ 377597.790579124644864, 2046021.902720903046429 ] } },
{ "type": "Feature", "properties": { "cell_id": "R098_C105", "row": 98, "col": 105, "x": 377627.79057912464, "y": 2046021.902720903, "cell_area_m2": 900.0, "runoff_coefficient": 0.85000002384185791, "surface_class": "road" }, "geometry": { "type": "Point", "coordinates": [ 377627.790579124644864, 2046021.902720903046429 ] } },
{ "type": "Feature", "properties": { "cell_id": "R098_C106", "row": 98, "col": 106, "x": 377657.79057912464, "y": 2046021.902720903, "cell_area_m2": 900.0, "runoff_coefficient": 0.75, "surface_class": "default_urban" }, "geometry": { "type": "Point", "coordinates": [ 377657.790579124644864, 2046021.902720903046429 ] } },
{ "type": "Feature", "properties": { "cell_id": "R098_C107", "row": 98, "col": 107, "x": 377687.79057912464, "y": 2046021.902720903, "cell_area_m2": 900.0, "runoff_coefficient": 0.89999997615814209, "surface_class": "building" }, "geometry": { "type": "Point", "coordinates": [ 377687.790579124644864, 2046021.902720903046429 ] } },
{ "type": "Feature", "properties": { "cell_id": "R098_C108", "row": 98, "col": 108, "x": 377717.79057912464, "y": 2046021.902720903, "cell_area_m2": 900.0, "runoff_coefficient": 0.75, "surface_class": "default_urban" }, "geometry": { "type": "Point", "coordinates": [ 377717.790579124644864, 2046021.902720903046429 ] } },
{ "type": "Feature", "properties": { "cell_id": "R098_C109", "row": 98, "col": 109, "x": 377747.79057912464, "y": 2046021.902720903, "cell_area_m2": 900.0, "runoff_coefficient": 0.85000002384185791, "surface_class": "road" }, "geometry": { "type": "Point", "coordinates": [ 377747.790579124644864, 2046021.902720903046429 ] } },
{ "type": "Feature", "properties": { "cell_id": "R098_C110", "row": 98, "col": 110, "x": 377777.79057912464, "y": 2046021.902720903, "cell_area_m2": 900.0, "runoff_coefficient": 0.85000002384185791, "surface_class": "road" }, "geometry": { "type": "Point", "coordinates": [ 377777.790579124644864, 2046021.902720903046429 ] } },
{ "type": "Feature", "properties": { "cell_id": "R098_C111", "row": 98, "col": 111, "x": 377807.79057912464, "y": 2046021.902720903, "cell_area_m2": 900.0, "runoff_coefficient": 0.85000002384185791, "surface_class": "road" }, "geometry": { "type": "Point", "coordinates": [ 377807.790579124644864, 2046021.902720903046429 ] } },
{ "type": "Feature", "properties": { "cell_id": "R098_C112", "row": 98, "col": 112, "x": 377837.79057912464, "y": 2046021.902720903, "cell_area_m2": 900.0, "runoff_coefficient": 0.75, "surface_class": "default_urban" }, "geometry": { "type": "Point", "coordinates": [ 377837.790579124644864, 2046021.902720903046429 ] } },
{ "type": "Feature", "properties": { "cell_id": "R098_C113", "row": 98, "col": 113, "x": 377867.79057912464, "y": 2046021.902720903, "cell_area_m2": 900.0, "runoff_coefficient": 0.75, "surface_class": "default_urban" }, "geometry": { "type": "Point", "coordinates": [ 377867.790579124644864, 2046021.902720903046429 ] } },
{ "type": "Feature", "properties": { "cell_id": "R098_C114", "row": 98, "col": 114, "x": 377897.79057912464, "y": 2046021.902720903, "cell_area_m2": 900.0, "runoff_coefficient": 0.75, "surface_class": "default_urban" }, "geometry": { "type": "Point", "coordinates": [ 377897.790579124644864, 2046021.902720903046429 ] } },
{ "type": "Feature", "properties": { "cell_id": "R098_C115", "row": 98, "col": 115, "x": 377927.79057912464, "y": 2046021.902720903, "cell_area_m2": 900.0, "runoff_coefficient": 0.89999997615814209, "surface_class": "building" }, "geometry": { "type": "Point", "coordinates": [ 377927.790579124644864, 2046021.902720903046429 ] } },
{ "type": "Feature", "properties": { "cell_id": "R098_C116", "row": 98, "col": 116, "x": 377957.79057912464, "y": 2046021.902720903, "cell_area_m2": 900.0, "runoff_coefficient": 0.85000002384185791, "surface_class": "road" }, "geometry": { "type": "Point", "coordinates": [ 377957.790579124644864, 2046021.902720903046429 ] } },
{ "type": "Feature", "properties": { "cell_id": "R098_C117", "row": 98, "col": 117, "x": 377987.79057912464, "y": 2046021.902720903, "cell_area_m2": 900.0, "runoff_coefficient": 0.85000002384185791, "surface_class": "road" }, "geometry": { "type": "Point", "coordinates": [ 377987.790579124644864, 2046021.902720903046429 ] } },
{ "type": "Feature", "properties": { "cell_id": "R098_C118", "row": 98, "col": 118, "x": 378017.79057912464, "y": 2046021.902720903, "cell_area_m2": 900.0, "runoff_coefficient": 0.85000002384185791, "surface_class": "road" }, "geometry": { "type": "Point", "coordinates": [ 378017.790579124644864, 2046021.902720903046429 ] } },
{ "type": "Feature", "properties": { "cell_id": "R098_C119", "row": 98, "col": 119, "x": 378047.79057912464, "y": 2046021.902720903, "cell_area_m2": 900.0, "runoff_coefficient": 0.75, "surface_class": "default_urban" }, "geometry": { "type": "Point", "coordinates": [ 378047.790579124644864, 2046021.902720903046429 ] } },
{ "type": "Feature", "properties": { "cell_id": "R098_C120", "row": 98, "col": 120, "x": 378077.79057912464, "y": 2046021.902720903, "cell_area_m2": 900.0, "runoff_coefficient": 0.85000002384185791, "surface_class": "road" }, "geometry": { "type": "Point", "coordinates": [ 378077.790579124644864, 2046021.902720903046429 ] } },
{ "type": "Feature", "properties": { "cell_id": "R098_C121", "row": 98, "col": 121, "x": 378107.79057912464, "y": 2046021.902720903, "cell_area_m2": 900.0, "runoff_coefficient": 0.85000002384185791, "surface_class": "road" }, "geometry": { "type": "Point", "coordinates": [ 378107.790579124644864, 2046021.902720903046429 ] } },
{ "type": "Feature", "properties": { "cell_id": "R098_C122", "row": 98, "col": 122, "x": 378137.79057912464, "y": 2046021.902720903, "cell_area_m2": 900.0, "runoff_coefficient": 0.85000002384185791, "surface_class": "road" }, "geometry": { "type": "Point", "coordinates": [ 378137.790579124644864, 2046021.902720903046429 ] } },
{ "type": "Feature", "properties": { "cell_id": "R098_C123", "row": 98, "col": 123, "x": 378167.79057912464, "y": 2046021.902720903, "cell_area_m2": 900.0, "runoff_coefficient": 0.85000002384185791, "surface_class": "road" }, "geometry": { "type": "Point", "coordinates": [ 378167.790579124644864, 2046021.902720903046429 ] } },
{ "type": "Feature", "properties": { "cell_id": "R098_C124", "row": 98, "col": 124, "x": 378197.79057912464, "y": 2046021.902720903, "cell_area_m2": 900.0, "runoff_coefficient": 0.85000002384185791, "surface_class": "road" }, "geometry": { "type": "Point", "coordinates": [ 378197.790579124644864, 2046021.902720903046429 ] } },
{ "type": "Feature", "properties": { "cell_id": "R098_C125", "row": 98, "col": 125, "x": 378227.79057912464, "y": 2046021.902720903, "cell_area_m2": 900.0, "runoff_coefficient": 0.85000002384185791, "surface_class": "road" }, "geometry": { "type": "Point", "coordinates": [ 378227.790579124644864, 2046021.902720903046429 ] } },
{ "type": "Feature", "properties": { "cell_id": "R098_C126", "row": 98, "col": 126, "x": 378257.79057912464, "y": 2046021.902720903, "cell_area_m2": 900.0, "runoff_coefficient": 0.85000002384185791, "surface_class": "road" }, "geometry": { "type": "Point", "coordinates": [ 378257.790579124644864, 2046021.902720903046429 ] } },
{ "type": "Feature", "properties": { "cell_id": "R098_C127", "row": 98, "col": 127, "x": 378287.79057912464, "y": 2046021.902720903, "cell_area_m2": 900.0, "runoff_coefficient": 0.85000002384185791, "surface_class": "road" }, "geometry": { "type": "Point", "coordinates": [ 378287.790579124644864, 2046021.902720903046429 ] } },
{ "type": "Feature", "properties": { "cell_id": "R098_C128", "row": 98, "col": 128, "x": 378317.79057912464, "y": 2046021.902720903, "cell_area_m2": 900.0, "runoff_coefficient": 0.85000002384185791, "surface_class": "road" }, "geometry": { "type": "Point", "coordinates": [ 378317.790579124644864, 2046021.902720903046429 ] } },
{ "type": "Feature", "properties": { "cell_id": "R098_C129", "row": 98, "col": 129, "x": 378347.79057912464, "y": 2046021.902720903, "cell_area_m2": 900.0, "runoff_coefficient": 0.85000002384185791, "surface_class": "road" }, "geometry": { "type": "Point", "coordinates": [ 378347.790579124644864, 2046021.902720903046429 ] } },
{ "type": "Feature", "properties": { "cell_id": "R098_C130", "row": 98, "col": 130, "x": 378377.79057912464, "y": 2046021.902720903, "cell_area_m2": 900.0, "runoff_coefficient": 0.85000002384185791, "surface_class": "road" }, "geometry": { "type": "Point", "coordinates": [ 378377.790579124644864, 2046021.902720903046429 ] } },
{ "type": "Feature", "properties": { "cell_id": "R098_C131", "row": 98, "col": 131, "x": 378407.79057912464, "y": 2046021.902720903, "cell_area_m2": 900.0, "runoff_coefficient": 0.89999997615814209, "surface_class": "building" }, "geometry": { "type": "Point", "coordinates": [ 378407.790579124644864, 2046021.902720903046429 ] } },
{ "type": "Feature", "properties": { "cell_id": "R098_C132", "row": 98, "col": 132, "x": 378437.79057912464, "y": 2046021.902720903, "cell_area_m2": 900.0, "runoff_coefficient": 0.89999997615814209, "surface_class": "building" }, "geometry": { "type": "Point", "coordinates": [ 378437.790579124644864, 2046021.902720903046429 ] } },
{ "type": "Feature", "properties": { "cell_id": "R098_C133", "row": 98, "col": 133, "x": 378467.79057912464, "y": 2046021.902720903, "cell_area_m2": 900.0, "runoff_coefficient": 0.89999997615814209, "surface_class": "building" }, "geometry": { "type": "Point", "coordinates": [ 378467.790579124644864, 2046021.902720903046429 ] } },
{ "type": "Feature", "properties": { "cell_id": "R098_C134", "row": 98, "col": 134, "x": 378497.79057912464, "y": 2046021.902720903, "cell_area_m2": 900.0, "runoff_coefficient": 0.85000002384185791, "surface_class": "road" }, "geometry": { "type": "Point", "coordinates": [ 378497.790579124644864, 2046021.902720903046429 ] } },
{ "type": "Feature", "properties": { "cell_id": "R098_C135", "row": 98, "col": 135, "x": 378527.79057912464, "y": 2046021.902720903, "cell_area_m2": 900.0, "runoff_coefficient": 0.89999997615814209, "surface_class": "building" }, "geometry": { "type": "Point", "coordinates": [ 378527.790579124644864, 2046021.902720903046429 ] } },
{ "type": "Feature", "properties": { "cell_id": "R098_C136", "row": 98, "col": 136, "x": 378557.79057912464, "y": 2046021.902720903, "cell_area_m2": 900.0, "runoff_coefficient": 0.85000002384185791, "surface_class": "road" }, "geometry": { "type": "Point", "coordinates": [ 378557.790579124644864, 2046021.902720903046429 ] } },
{ "type": "Feature", "properties": { "cell_id": "R099_C070", "row": 99, "col": 70, "x": 376577.79057912464, "y": 2045991.902720903, "cell_area_m2": 900.0, "runoff_coefficient": 0.75, "surface_class": "default_urban" }, "geometry": { "type": "Point", "coordinates": [ 376577.790579124644864, 2045991.902720903046429 ] } },
{ "type": "Feature", "properties": { "cell_id": "R099_C071", "row": 99, "col": 71, "x": 376607.79057912464, "y": 2045991.902720903, "cell_area_m2": 900.0, "runoff_coefficient": 0.75, "surface_class": "default_urban" }, "geometry": { "type": "Point", "coordinates": [ 376607.790579124644864, 2045991.902720903046429 ] } },
{ "type": "Feature", "properties": { "cell_id": "R099_C072", "row": 99, "col": 72, "x": 376637.79057912464, "y": 2045991.902720903, "cell_area_m2": 900.0, "runoff_coefficient": 0.85000002384185791, "surface_class": "road" }, "geometry": { "type": "Point", "coordinates": [ 376637.790579124644864, 2045991.902720903046429 ] } },
{ "type": "Feature", "properties": { "cell_id": "R099_C073", "row": 99, "col": 73, "x": 376667.79057912464, "y": 2045991.902720903, "cell_area_m2": 900.0, "runoff_coefficient": 0.75, "surface_class": "default_urban" }, "geometry": { "type": "Point", "coordinates": [ 376667.790579124644864, 2045991.902720903046429 ] } },
{ "type": "Feature", "properties": { "cell_id": "R099_C074", "row": 99, "col": 74, "x": 376697.79057912464, "y": 2045991.902720903, "cell_area_m2": 900.0, "runoff_coefficient": 0.75, "surface_class": "default_urban" }, "geometry": { "type": "Point", "coordinates": [ 376697.790579124644864, 2045991.902720903046429 ] } },
{ "type": "Feature", "properties": { "cell_id": "R099_C075", "row": 99, "col": 75, "x": 376727.79057912464, "y": 2045991.902720903, "cell_area_m2": 900.0, "runoff_coefficient": 0.75, "surface_class": "default_urban" }, "geometry": { "type": "Point", "coordinates": [ 376727.790579124644864, 2045991.902720903046429 ] } },
{ "type": "Feature", "properties": { "cell_id": "R099_C076", "row": 99, "col": 76, "x": 376757.79057912464, "y": 2045991.902720903, "cell_area_m2": 900.0, "runoff_coefficient": 0.75, "surface_class": "default_urban" }, "geometry": { "type": "Point", "coordinates": [ 376757.790579124644864, 2045991.902720903046429 ] } },
{ "type": "Feature", "properties": { "cell_id": "R099_C077", "row": 99, "col": 77, "x": 376787.79057912464, "y": 2045991.902720903, "cell_area_m2": 900.0, "runoff_coefficient": 0.75, "surface_class": "default_urban" }, "geometry": { "type": "Point", "coordinates": [ 376787.790579124644864, 2045991.902720903046429 ] } },
{ "type": "Feature", "properties": { "cell_id": "R099_C078", "row": 99, "col": 78, "x": 376817.79057912464, "y": 2045991.902720903, "cell_area_m2": 900.0, "runoff_coefficient": 0.75, "surface_class": "default_urban" }, "geometry": { "type": "Point", "coordinates": [ 376817.790579124644864, 2045991.902720903046429 ] } },
{ "type": "Feature", "properties": { "cell_id": "R099_C079", "row": 99, "col": 79, "x": 376847.79057912464, "y": 2045991.902720903, "cell_area_m2": 900.0, "runoff_coefficient": 0.75, "surface_class": "default_urban" }, "geometry": { "type": "Point", "coordinates": [ 376847.790579124644864, 2045991.902720903046429 ] } },
{ "type": "Feature", "properties": { "cell_id": "R099_C080", "row": 99, "col": 80, "x": 376877.79057912464, "y": 2045991.902720903, "cell_area_m2": 900.0, "runoff_coefficient": 0.75, "surface_class": "default_urban" }, "geometry": { "type": "Point", "coordinates": [ 376877.790579124644864, 2045991.902720903046429 ] } },
{ "type": "Feature", "properties": { "cell_id": "R099_C081", "row": 99, "col": 81, "x": 376907.79057912464, "y": 2045991.902720903, "cell_area_m2": 900.0, "runoff_coefficient": 0.89999997615814209, "surface_class": "building" }, "geometry": { "type": "Point", "coordinates": [ 376907.790579124644864, 2045991.902720903046429 ] } },
{ "type": "Feature", "properties": { "cell_id": "R099_C082", "row": 99, "col": 82, "x": 376937.79057912464, "y": 2045991.902720903, "cell_area_m2": 900.0, "runoff_coefficient": 0.75, "surface_class": "default_urban" }, "geometry": { "type": "Point", "coordinates": [ 376937.790579124644864, 2045991.902720903046429 ] } },
{ "type": "Feature", "properties": { "cell_id": "R099_C083", "row": 99, "col": 83, "x": 376967.79057912464, "y": 2045991.902720903, "cell_area_m2": 900.0, "runoff_coefficient": 0.85000002384185791, "surface_class": "road" }, "geometry": { "type": "Point", "coordinates": [ 376967.790579124644864, 2045991.902720903046429 ] } },
{ "type": "Feature", "properties": { "cell_id": "R099_C084", "row": 99, "col": 84, "x": 376997.79057912464, "y": 2045991.902720903, "cell_area_m2": 900.0, "runoff_coefficient": 0.85000002384185791, "surface_class": "road" }, "geometry": { "type": "Point", "coordinates": [ 376997.790579124644864, 2045991.902720903046429 ] } },
{ "type": "Feature", "properties": { "cell_id": "R099_C085", "row": 99, "col": 85, "x": 377027.79057912464, "y": 2045991.902720903, "cell_area_m2": 900.0, "runoff_coefficient": 0.89999997615814209, "surface_class": "building" }, "geometry": { "type": "Point", "coordinates": [ 377027.790579124644864, 2045991.902720903046429 ] } },
{ "type": "Feature", "properties": { "cell_id": "R099_C086", "row": 99, "col": 86, "x": 377057.79057912464, "y": 2045991.902720903, "cell_area_m2": 900.0, "runoff_coefficient": 0.75, "surface_class": "default_urban" }, "geometry": { "type": "Point", "coordinates": [ 377057.790579124644864, 2045991.902720903046429 ] } },
{ "type": "Feature", "properties": { "cell_id": "R099_C087", "row": 99, "col": 87, "x": 377087.79057912464, "y": 2045991.902720903, "cell_area_m2": 900.0, "runoff_coefficient": 0.75, "surface_class": "default_urban" }, "geometry": { "type": "Point", "coordinates": [ 377087.790579124644864, 2045991.902720903046429 ] } },
{ "type": "Feature", "properties": { "cell_id": "R099_C088", "row": 99, "col": 88, "x": 377117.79057912464, "y": 2045991.902720903, "cell_area_m2": 900.0, "runoff_coefficient": 0.75, "surface_class": "default_urban" }, "geometry": { "type": "Point", "coordinates": [ 377117.790579124644864, 2045991.902720903046429 ] } },
{ "type": "Feature", "properties": { "cell_id": "R099_C089", "row": 99, "col": 89, "x": 377147.79057912464, "y": 2045991.902720903, "cell_area_m2": 900.0, "runoff_coefficient": 0.75, "surface_class": "default_urban" }, "geometry": { "type": "Point", "coordinates": [ 377147.790579124644864, 2045991.902720903046429 ] } },
{ "type": "Feature", "properties": { "cell_id": "R099_C090", "row": 99, "col": 90, "x": 377177.79057912464, "y": 2045991.902720903, "cell_area_m2": 900.0, "runoff_coefficient": 0.75, "surface_class": "default_urban" }, "geometry": { "type": "Point", "coordinates": [ 377177.790579124644864, 2045991.902720903046429 ] } },
{ "type": "Feature", "properties": { "cell_id": "R099_C091", "row": 99, "col": 91, "x": 377207.79057912464, "y": 2045991.902720903, "cell_area_m2": 900.0, "runoff_coefficient": 0.75, "surface_class": "default_urban" }, "geometry": { "type": "Point", "coordinates": [ 377207.790579124644864, 2045991.902720903046429 ] } },
{ "type": "Feature", "properties": { "cell_id": "R099_C092", "row": 99, "col": 92, "x": 377237.79057912464, "y": 2045991.902720903, "cell_area_m2": 900.0, "runoff_coefficient": 0.75, "surface_class": "default_urban" }, "geometry": { "type": "Point", "coordinates": [ 377237.790579124644864, 2045991.902720903046429 ] } },
{ "type": "Feature", "properties": { "cell_id": "R099_C093", "row": 99, "col": 93, "x": 377267.79057912464, "y": 2045991.902720903, "cell_area_m2": 900.0, "runoff_coefficient": 0.75, "surface_class": "default_urban" }, "geometry": { "type": "Point", "coordinates": [ 377267.790579124644864, 2045991.902720903046429 ] } },
{ "type": "Feature", "properties": { "cell_id": "R099_C094", "row": 99, "col": 94, "x": 377297.79057912464, "y": 2045991.902720903, "cell_area_m2": 900.0, "runoff_coefficient": 0.85000002384185791, "surface_class": "road" }, "geometry": { "type": "Point", "coordinates": [ 377297.790579124644864, 2045991.902720903046429 ] } },
{ "type": "Feature", "properties": { "cell_id": "R099_C095", "row": 99, "col": 95, "x": 377327.79057912464, "y": 2045991.902720903, "cell_area_m2": 900.0, "runoff_coefficient": 0.89999997615814209, "surface_class": "building" }, "geometry": { "type": "Point", "coordinates": [ 377327.790579124644864, 2045991.902720903046429 ] } },
{ "type": "Feature", "properties": { "cell_id": "R099_C096", "row": 99, "col": 96, "x": 377357.79057912464, "y": 2045991.902720903, "cell_area_m2": 900.0, "runoff_coefficient": 0.85000002384185791, "surface_class": "road" }, "geometry": { "type": "Point", "coordinates": [ 377357.790579124644864, 2045991.902720903046429 ] } },
{ "type": "Feature", "properties": { "cell_id": "R099_C097", "row": 99, "col": 97, "x": 377387.79057912464, "y": 2045991.902720903, "cell_area_m2": 900.0, "runoff_coefficient": 0.89999997615814209, "surface_class": "building" }, "geometry": { "type": "Point", "coordinates": [ 377387.790579124644864, 2045991.902720903046429 ] } },
{ "type": "Feature", "properties": { "cell_id": "R099_C098", "row": 99, "col": 98, "x": 377417.79057912464, "y": 2045991.902720903, "cell_area_m2": 900.0, "runoff_coefficient": 0.89999997615814209, "surface_class": "building" }, "geometry": { "type": "Point", "coordinates": [ 377417.790579124644864, 2045991.902720903046429 ] } },
{ "type": "Feature", "properties": { "cell_id": "R099_C099", "row": 99, "col": 99, "x": 377447.79057912464, "y": 2045991.902720903, "cell_area_m2": 900.0, "runoff_coefficient": 0.85000002384185791, "surface_class": "road" }, "geometry": { "type": "Point", "coordinates": [ 377447.790579124644864, 2045991.902720903046429 ] } },
{ "type": "Feature", "properties": { "cell_id": "R099_C100", "row": 99, "col": 100, "x": 377477.79057912464, "y": 2045991.902720903, "cell_area_m2": 900.0, "runoff_coefficient": 0.85000002384185791, "surface_class": "road" }, "geometry": { "type": "Point", "coordinates": [ 377477.790579124644864, 2045991.902720903046429 ] } },
{ "type": "Feature", "properties": { "cell_id": "R099_C101", "row": 99, "col": 101, "x": 377507.79057912464, "y": 2045991.902720903, "cell_area_m2": 900.0, "runoff_coefficient": 0.75, "surface_class": "default_urban" }, "geometry": { "type": "Point", "coordinates": [ 377507.790579124644864, 2045991.902720903046429 ] } },
{ "type": "Feature", "properties": { "cell_id": "R099_C102", "row": 99, "col": 102, "x": 377537.79057912464, "y": 2045991.902720903, "cell_area_m2": 900.0, "runoff_coefficient": 0.85000002384185791, "surface_class": "road" }, "geometry": { "type": "Point", "coordinates": [ 377537.790579124644864, 2045991.902720903046429 ] } },
{ "type": "Feature", "properties": { "cell_id": "R099_C103", "row": 99, "col": 103, "x": 377567.79057912464, "y": 2045991.902720903, "cell_area_m2": 900.0, "runoff_coefficient": 0.75, "surface_class": "default_urban" }, "geometry": { "type": "Point", "coordinates": [ 377567.790579124644864, 2045991.902720903046429 ] } },
{ "type": "Feature", "properties": { "cell_id": "R099_C104", "row": 99, "col": 104, "x": 377597.79057912464, "y": 2045991.902720903, "cell_area_m2": 900.0, "runoff_coefficient": 0.85000002384185791, "surface_class": "road" }, "geometry": { "type": "Point", "coordinates": [ 377597.790579124644864, 2045991.902720903046429 ] } },
{ "type": "Feature", "properties": { "cell_id": "R099_C105", "row": 99, "col": 105, "x": 377627.79057912464, "y": 2045991.902720903, "cell_area_m2": 900.0, "runoff_coefficient": 0.85000002384185791, "surface_class": "road" }, "geometry": { "type": "Point", "coordinates": [ 377627.790579124644864, 2045991.902720903046429 ] } },
{ "type": "Feature", "properties": { "cell_id": "R099_C106", "row": 99, "col": 106, "x": 377657.79057912464, "y": 2045991.902720903, "cell_area_m2": 900.0, "runoff_coefficient": 0.85000002384185791, "surface_class": "road" }, "geometry": { "type": "Point", "coordinates": [ 377657.790579124644864, 2045991.902720903046429 ] } },
{ "type": "Feature", "properties": { "cell_id": "R099_C107", "row": 99, "col": 107, "x": 377687.79057912464, "y": 2045991.902720903, "cell_area_m2": 900.0, "runoff_coefficient": 0.85000002384185791, "surface_class": "road" }, "geometry": { "type": "Point", "coordinates": [ 377687.790579124644864, 2045991.902720903046429 ] } },
{ "type": "Feature", "properties": { "cell_id": "R099_C108", "row": 99, "col": 108, "x": 377717.79057912464, "y": 2045991.902720903, "cell_area_m2": 900.0, "runoff_coefficient": 0.85000002384185791, "surface_class": "road" }, "geometry": { "type": "Point", "coordinates": [ 377717.790579124644864, 2045991.902720903046429 ] } },
{ "type": "Feature", "properties": { "cell_id": "R099_C109", "row": 99, "col": 109, "x": 377747.79057912464, "y": 2045991.902720903, "cell_area_m2": 900.0, "runoff_coefficient": 0.85000002384185791, "surface_class": "road" }, "geometry": { "type": "Point", "coordinates": [ 377747.790579124644864, 2045991.902720903046429 ] } },
{ "type": "Feature", "properties": { "cell_id": "R099_C110", "row": 99, "col": 110, "x": 377777.79057912464, "y": 2045991.902720903, "cell_area_m2": 900.0, "runoff_coefficient": 0.85000002384185791, "surface_class": "road" }, "geometry": { "type": "Point", "coordinates": [ 377777.790579124644864, 2045991.902720903046429 ] } },
{ "type": "Feature", "properties": { "cell_id": "R099_C111", "row": 99, "col": 111, "x": 377807.79057912464, "y": 2045991.902720903, "cell_area_m2": 900.0, "runoff_coefficient": 0.75, "surface_class": "default_urban" }, "geometry": { "type": "Point", "coordinates": [ 377807.790579124644864, 2045991.902720903046429 ] } },
{ "type": "Feature", "properties": { "cell_id": "R099_C112", "row": 99, "col": 112, "x": 377837.79057912464, "y": 2045991.902720903, "cell_area_m2": 900.0, "runoff_coefficient": 0.75, "surface_class": "default_urban" }, "geometry": { "type": "Point", "coordinates": [ 377837.790579124644864, 2045991.902720903046429 ] } },
{ "type": "Feature", "properties": { "cell_id": "R099_C113", "row": 99, "col": 113, "x": 377867.79057912464, "y": 2045991.902720903, "cell_area_m2": 900.0, "runoff_coefficient": 0.75, "surface_class": "default_urban" }, "geometry": { "type": "Point", "coordinates": [ 377867.790579124644864, 2045991.902720903046429 ] } },
{ "type": "Feature", "properties": { "cell_id": "R099_C114", "row": 99, "col": 114, "x": 377897.79057912464, "y": 2045991.902720903, "cell_area_m2": 900.0, "runoff_coefficient": 0.75, "surface_class": "default_urban" }, "geometry": { "type": "Point", "coordinates": [ 377897.790579124644864, 2045991.902720903046429 ] } },
{ "type": "Feature", "properties": { "cell_id": "R099_C115", "row": 99, "col": 115, "x": 377927.79057912464, "y": 2045991.902720903, "cell_area_m2": 900.0, "runoff_coefficient": 0.89999997615814209, "surface_class": "building" }, "geometry": { "type": "Point", "coordinates": [ 377927.790579124644864, 2045991.902720903046429 ] } },
{ "type": "Feature", "properties": { "cell_id": "R099_C116", "row": 99, "col": 116, "x": 377957.79057912464, "y": 2045991.902720903, "cell_area_m2": 900.0, "runoff_coefficient": 0.89999997615814209, "surface_class": "building" }, "geometry": { "type": "Point", "coordinates": [ 377957.790579124644864, 2045991.902720903046429 ] } },
{ "type": "Feature", "properties": { "cell_id": "R099_C117", "row": 99, "col": 117, "x": 377987.79057912464, "y": 2045991.902720903, "cell_area_m2": 900.0, "runoff_coefficient": 0.85000002384185791, "surface_class": "road" }, "geometry": { "type": "Point", "coordinates": [ 377987.790579124644864, 2045991.902720903046429 ] } },
{ "type": "Feature", "properties": { "cell_id": "R099_C118", "row": 99, "col": 118, "x": 378017.79057912464, "y": 2045991.902720903, "cell_area_m2": 900.0, "runoff_coefficient": 0.85000002384185791, "surface_class": "road" }, "geometry": { "type": "Point", "coordinates": [ 378017.790579124644864, 2045991.902720903046429 ] } },
{ "type": "Feature", "properties": { "cell_id": "R099_C119", "row": 99, "col": 119, "x": 378047.79057912464, "y": 2045991.902720903, "cell_area_m2": 900.0, "runoff_coefficient": 0.75, "surface_class": "default_urban" }, "geometry": { "type": "Point", "coordinates": [ 378047.790579124644864, 2045991.902720903046429 ] } },
{ "type": "Feature", "properties": { "cell_id": "R099_C120", "row": 99, "col": 120, "x": 378077.79057912464, "y": 2045991.902720903, "cell_area_m2": 900.0, "runoff_coefficient": 0.85000002384185791, "surface_class": "road" }, "geometry": { "type": "Point", "coordinates": [ 378077.790579124644864, 2045991.902720903046429 ] } },
{ "type": "Feature", "properties": { "cell_id": "R099_C121", "row": 99, "col": 121, "x": 378107.79057912464, "y": 2045991.902720903, "cell_area_m2": 900.0, "runoff_coefficient": 0.85000002384185791, "surface_class": "road" }, "geometry": { "type": "Point", "coordinates": [ 378107.790579124644864, 2045991.902720903046429 ] } },
{ "type": "Feature", "properties": { "cell_id": "R099_C122", "row": 99, "col": 122, "x": 378137.79057912464, "y": 2045991.902720903, "cell_area_m2": 900.0, "runoff_coefficient": 0.75, "surface_class": "default_urban" }, "geometry": { "type": "Point", "coordinates": [ 378137.790579124644864, 2045991.902720903046429 ] } },
{ "type": "Feature", "properties": { "cell_id": "R099_C123", "row": 99, "col": 123, "x": 378167.79057912464, "y": 2045991.902720903, "cell_area_m2": 900.0, "runoff_coefficient": 0.85000002384185791, "surface_class": "road" }, "geometry": { "type": "Point", "coordinates": [ 378167.790579124644864, 2045991.902720903046429 ] } },
{ "type": "Feature", "properties": { "cell_id": "R099_C124", "row": 99, "col": 124, "x": 378197.79057912464, "y": 2045991.902720903, "cell_area_m2": 900.0, "runoff_coefficient": 0.75, "surface_class": "default_urban" }, "geometry": { "type": "Point", "coordinates": [ 378197.790579124644864, 2045991.902720903046429 ] } },
{ "type": "Feature", "properties": { "cell_id": "R099_C125", "row": 99, "col": 125, "x": 378227.79057912464, "y": 2045991.902720903, "cell_area_m2": 900.0, "runoff_coefficient": 0.89999997615814209, "surface_class": "building" }, "geometry": { "type": "Point", "coordinates": [ 378227.790579124644864, 2045991.902720903046429 ] } },
{ "type": "Feature", "properties": { "cell_id": "R099_C126", "row": 99, "col": 126, "x": 378257.79057912464, "y": 2045991.902720903, "cell_area_m2": 900.0, "runoff_coefficient": 0.75, "surface_class": "default_urban" }, "geometry": { "type": "Point", "coordinates": [ 378257.790579124644864, 2045991.902720903046429 ] } },
{ "type": "Feature", "properties": { "cell_id": "R099_C127", "row": 99, "col": 127, "x": 378287.79057912464, "y": 2045991.902720903, "cell_area_m2": 900.0, "runoff_coefficient": 0.75, "surface_class": "default_urban" }, "geometry": { "type": "Point", "coordinates": [ 378287.790579124644864, 2045991.902720903046429 ] } },
{ "type": "Feature", "properties": { "cell_id": "R099_C128", "row": 99, "col": 128, "x": 378317.79057912464, "y": 2045991.902720903, "cell_area_m2": 900.0, "runoff_coefficient": 0.75, "surface_class": "default_urban" }, "geometry": { "type": "Point", "coordinates": [ 378317.790579124644864, 2045991.902720903046429 ] } },
{ "type": "Feature", "properties": { "cell_id": "R099_C129", "row": 99, "col": 129, "x": 378347.79057912464, "y": 2045991.902720903, "cell_area_m2": 900.0, "runoff_coefficient": 0.85000002384185791, "surface_class": "road" }, "geometry": { "type": "Point", "coordinates": [ 378347.790579124644864, 2045991.902720903046429 ] } },
{ "type": "Feature", "properties": { "cell_id": "R099_C130", "row": 99, "col": 130, "x": 378377.79057912464, "y": 2045991.902720903, "cell_area_m2": 900.0, "runoff_coefficient": 0.85000002384185791, "surface_class": "road" }, "geometry": { "type": "Point", "coordinates": [ 378377.790579124644864, 2045991.902720903046429 ] } },
{ "type": "Feature", "properties": { "cell_id": "R099_C131", "row": 99, "col": 131, "x": 378407.79057912464, "y": 2045991.902720903, "cell_area_m2": 900.0, "runoff_coefficient": 0.85000002384185791, "surface_class": "road" }, "geometry": { "type": "Point", "coordinates": [ 378407.790579124644864, 2045991.902720903046429 ] } },
{ "type": "Feature", "properties": { "cell_id": "R099_C132", "row": 99, "col": 132, "x": 378437.79057912464, "y": 2045991.902720903, "cell_area_m2": 900.0, "runoff_coefficient": 0.85000002384185791, "surface_class": "road" }, "geometry": { "type": "Point", "coordinates": [ 378437.790579124644864, 2045991.902720903046429 ] } },
{ "type": "Feature", "properties": { "cell_id": "R099_C133", "row": 99, "col": 133, "x": 378467.79057912464, "y": 2045991.902720903, "cell_area_m2": 900.0, "runoff_coefficient": 0.85000002384185791, "surface_class": "road" }, "geometry": { "type": "Point", "coordinates": [ 378467.790579124644864, 2045991.902720903046429 ] } },
{ "type": "Feature", "properties": { "cell_id": "R099_C134", "row": 99, "col": 134, "x": 378497.79057912464, "y": 2045991.902720903, "cell_area_m2": 900.0, "runoff_coefficient": 0.85000002384185791, "surface_class": "road" }, "geometry": { "type": "Point", "coordinates": [ 378497.790579124644864, 2045991.902720903046429 ] } },
{ "type": "Feature", "properties": { "cell_id": "R099_C135", "row": 99, "col": 135, "x": 378527.79057912464, "y": 2045991.902720903, "cell_area_m2": 900.0, "runoff_coefficient": 0.75, "surface_class": "default_urban" }, "geometry": { "type": "Point", "coordinates": [ 378527.790579124644864, 2045991.902720903046429 ] } },
{ "type": "Feature", "properties": { "cell_id": "R099_C136", "row": 99, "col": 136, "x": 378557.79057912464, "y": 2045991.902720903, "cell_area_m2": 900.0, "runoff_coefficient": 0.85000002384185791, "surface_class": "road" }, "geometry": { "type": "Point", "coordinates": [ 378557.790579124644864, 2045991.902720903046429 ] } },
{ "type": "Feature", "properties": { "cell_id": "R100_C070", "row": 100, "col": 70, "x": 376577.79057912464, "y": 2045961.902720903, "cell_area_m2": 900.0, "runoff_coefficient": 0.75, "surface_class": "default_urban" }, "geometry": { "type": "Point", "coordinates": [ 376577.790579124644864, 2045961.902720903046429 ] } },
{ "type": "Feature", "properties": { "cell_id": "R100_C071", "row": 100, "col": 71, "x": 376607.79057912464, "y": 2045961.902720903, "cell_area_m2": 900.0, "runoff_coefficient": 0.89999997615814209, "surface_class": "building" }, "geometry": { "type": "Point", "coordinates": [ 376607.790579124644864, 2045961.902720903046429 ] } },
{ "type": "Feature", "properties": { "cell_id": "R100_C072", "row": 100, "col": 72, "x": 376637.79057912464, "y": 2045961.902720903, "cell_area_m2": 900.0, "runoff_coefficient": 0.85000002384185791, "surface_class": "road" }, "geometry": { "type": "Point", "coordinates": [ 376637.790579124644864, 2045961.902720903046429 ] } },
{ "type": "Feature", "properties": { "cell_id": "R100_C073", "row": 100, "col": 73, "x": 376667.79057912464, "y": 2045961.902720903, "cell_area_m2": 900.0, "runoff_coefficient": 0.75, "surface_class": "default_urban" }, "geometry": { "type": "Point", "coordinates": [ 376667.790579124644864, 2045961.902720903046429 ] } },
{ "type": "Feature", "properties": { "cell_id": "R100_C074", "row": 100, "col": 74, "x": 376697.79057912464, "y": 2045961.902720903, "cell_area_m2": 900.0, "runoff_coefficient": 0.75, "surface_class": "default_urban" }, "geometry": { "type": "Point", "coordinates": [ 376697.790579124644864, 2045961.902720903046429 ] } },
{ "type": "Feature", "properties": { "cell_id": "R100_C075", "row": 100, "col": 75, "x": 376727.79057912464, "y": 2045961.902720903, "cell_area_m2": 900.0, "runoff_coefficient": 0.75, "surface_class": "default_urban" }, "geometry": { "type": "Point", "coordinates": [ 376727.790579124644864, 2045961.902720903046429 ] } },
{ "type": "Feature", "properties": { "cell_id": "R100_C076", "row": 100, "col": 76, "x": 376757.79057912464, "y": 2045961.902720903, "cell_area_m2": 900.0, "runoff_coefficient": 0.75, "surface_class": "default_urban" }, "geometry": { "type": "Point", "coordinates": [ 376757.790579124644864, 2045961.902720903046429 ] } },
{ "type": "Feature", "properties": { "cell_id": "R100_C077", "row": 100, "col": 77, "x": 376787.79057912464, "y": 2045961.902720903, "cell_area_m2": 900.0, "runoff_coefficient": 0.89999997615814209, "surface_class": "building" }, "geometry": { "type": "Point", "coordinates": [ 376787.790579124644864, 2045961.902720903046429 ] } },
{ "type": "Feature", "properties": { "cell_id": "R100_C078", "row": 100, "col": 78, "x": 376817.79057912464, "y": 2045961.902720903, "cell_area_m2": 900.0, "runoff_coefficient": 0.89999997615814209, "surface_class": "building" }, "geometry": { "type": "Point", "coordinates": [ 376817.790579124644864, 2045961.902720903046429 ] } },
{ "type": "Feature", "properties": { "cell_id": "R100_C079", "row": 100, "col": 79, "x": 376847.79057912464, "y": 2045961.902720903, "cell_area_m2": 900.0, "runoff_coefficient": 0.75, "surface_class": "default_urban" }, "geometry": { "type": "Point", "coordinates": [ 376847.790579124644864, 2045961.902720903046429 ] } },
{ "type": "Feature", "properties": { "cell_id": "R100_C080", "row": 100, "col": 80, "x": 376877.79057912464, "y": 2045961.902720903, "cell_area_m2": 900.0, "runoff_coefficient": 0.75, "surface_class": "default_urban" }, "geometry": { "type": "Point", "coordinates": [ 376877.790579124644864, 2045961.902720903046429 ] } },
{ "type": "Feature", "properties": { "cell_id": "R100_C081", "row": 100, "col": 81, "x": 376907.79057912464, "y": 2045961.902720903, "cell_area_m2": 900.0, "runoff_coefficient": 0.75, "surface_class": "default_urban" }, "geometry": { "type": "Point", "coordinates": [ 376907.790579124644864, 2045961.902720903046429 ] } },
{ "type": "Feature", "properties": { "cell_id": "R100_C082", "row": 100, "col": 82, "x": 376937.79057912464, "y": 2045961.902720903, "cell_area_m2": 900.0, "runoff_coefficient": 0.75, "surface_class": "default_urban" }, "geometry": { "type": "Point", "coordinates": [ 376937.790579124644864, 2045961.902720903046429 ] } },
{ "type": "Feature", "properties": { "cell_id": "R100_C083", "row": 100, "col": 83, "x": 376967.79057912464, "y": 2045961.902720903, "cell_area_m2": 900.0, "runoff_coefficient": 0.85000002384185791, "surface_class": "road" }, "geometry": { "type": "Point", "coordinates": [ 376967.790579124644864, 2045961.902720903046429 ] } },
{ "type": "Feature", "properties": { "cell_id": "R100_C084", "row": 100, "col": 84, "x": 376997.79057912464, "y": 2045961.902720903, "cell_area_m2": 900.0, "runoff_coefficient": 0.85000002384185791, "surface_class": "road" }, "geometry": { "type": "Point", "coordinates": [ 376997.790579124644864, 2045961.902720903046429 ] } },
{ "type": "Feature", "properties": { "cell_id": "R100_C085", "row": 100, "col": 85, "x": 377027.79057912464, "y": 2045961.902720903, "cell_area_m2": 900.0, "runoff_coefficient": 0.75, "surface_class": "default_urban" }, "geometry": { "type": "Point", "coordinates": [ 377027.790579124644864, 2045961.902720903046429 ] } },
{ "type": "Feature", "properties": { "cell_id": "R100_C086", "row": 100, "col": 86, "x": 377057.79057912464, "y": 2045961.902720903, "cell_area_m2": 900.0, "runoff_coefficient": 0.75, "surface_class": "default_urban" }, "geometry": { "type": "Point", "coordinates": [ 377057.790579124644864, 2045961.902720903046429 ] } },
{ "type": "Feature", "properties": { "cell_id": "R100_C087", "row": 100, "col": 87, "x": 377087.79057912464, "y": 2045961.902720903, "cell_area_m2": 900.0, "runoff_coefficient": 0.75, "surface_class": "default_urban" }, "geometry": { "type": "Point", "coordinates": [ 377087.790579124644864, 2045961.902720903046429 ] } },
{ "type": "Feature", "properties": { "cell_id": "R100_C088", "row": 100, "col": 88, "x": 377117.79057912464, "y": 2045961.902720903, "cell_area_m2": 900.0, "runoff_coefficient": 0.75, "surface_class": "default_urban" }, "geometry": { "type": "Point", "coordinates": [ 377117.790579124644864, 2045961.902720903046429 ] } },
{ "type": "Feature", "properties": { "cell_id": "R100_C089", "row": 100, "col": 89, "x": 377147.79057912464, "y": 2045961.902720903, "cell_area_m2": 900.0, "runoff_coefficient": 0.75, "surface_class": "default_urban" }, "geometry": { "type": "Point", "coordinates": [ 377147.790579124644864, 2045961.902720903046429 ] } },
{ "type": "Feature", "properties": { "cell_id": "R100_C090", "row": 100, "col": 90, "x": 377177.79057912464, "y": 2045961.902720903, "cell_area_m2": 900.0, "runoff_coefficient": 0.75, "surface_class": "default_urban" }, "geometry": { "type": "Point", "coordinates": [ 377177.790579124644864, 2045961.902720903046429 ] } },
{ "type": "Feature", "properties": { "cell_id": "R100_C091", "row": 100, "col": 91, "x": 377207.79057912464, "y": 2045961.902720903, "cell_area_m2": 900.0, "runoff_coefficient": 0.75, "surface_class": "default_urban" }, "geometry": { "type": "Point", "coordinates": [ 377207.790579124644864, 2045961.902720903046429 ] } },
{ "type": "Feature", "properties": { "cell_id": "R100_C092", "row": 100, "col": 92, "x": 377237.79057912464, "y": 2045961.902720903, "cell_area_m2": 900.0, "runoff_coefficient": 0.75, "surface_class": "default_urban" }, "geometry": { "type": "Point", "coordinates": [ 377237.790579124644864, 2045961.902720903046429 ] } },
{ "type": "Feature", "properties": { "cell_id": "R100_C093", "row": 100, "col": 93, "x": 377267.79057912464, "y": 2045961.902720903, "cell_area_m2": 900.0, "runoff_coefficient": 0.75, "surface_class": "default_urban" }, "geometry": { "type": "Point", "coordinates": [ 377267.790579124644864, 2045961.902720903046429 ] } },
{ "type": "Feature", "properties": { "cell_id": "R100_C094", "row": 100, "col": 94, "x": 377297.79057912464, "y": 2045961.902720903, "cell_area_m2": 900.0, "runoff_coefficient": 0.89999997615814209, "surface_class": "building" }, "geometry": { "type": "Point", "coordinates": [ 377297.790579124644864, 2045961.902720903046429 ] } },
{ "type": "Feature", "properties": { "cell_id": "R100_C095", "row": 100, "col": 95, "x": 377327.79057912464, "y": 2045961.902720903, "cell_area_m2": 900.0, "runoff_coefficient": 0.85000002384185791, "surface_class": "road" }, "geometry": { "type": "Point", "coordinates": [ 377327.790579124644864, 2045961.902720903046429 ] } },
{ "type": "Feature", "properties": { "cell_id": "R100_C096", "row": 100, "col": 96, "x": 377357.79057912464, "y": 2045961.902720903, "cell_area_m2": 900.0, "runoff_coefficient": 0.85000002384185791, "surface_class": "road" }, "geometry": { "type": "Point", "coordinates": [ 377357.790579124644864, 2045961.902720903046429 ] } },
{ "type": "Feature", "properties": { "cell_id": "R100_C097", "row": 100, "col": 97, "x": 377387.79057912464, "y": 2045961.902720903, "cell_area_m2": 900.0, "runoff_coefficient": 0.85000002384185791, "surface_class": "road" }, "geometry": { "type": "Point", "coordinates": [ 377387.790579124644864, 2045961.902720903046429 ] } },
{ "type": "Feature", "properties": { "cell_id": "R100_C098", "row": 100, "col": 98, "x": 377417.79057912464, "y": 2045961.902720903, "cell_area_m2": 900.0, "runoff_coefficient": 0.85000002384185791, "surface_class": "road" }, "geometry": { "type": "Point", "coordinates": [ 377417.790579124644864, 2045961.902720903046429 ] } },
{ "type": "Feature", "properties": { "cell_id": "R100_C099", "row": 100, "col": 99, "x": 377447.79057912464, "y": 2045961.902720903, "cell_area_m2": 900.0, "runoff_coefficient": 0.85000002384185791, "surface_class": "road" }, "geometry": { "type": "Point", "coordinates": [ 377447.790579124644864, 2045961.902720903046429 ] } },
{ "type": "Feature", "properties": { "cell_id": "R100_C100", "row": 100, "col": 100, "x": 377477.79057912464, "y": 2045961.902720903, "cell_area_m2": 900.0, "runoff_coefficient": 0.85000002384185791, "surface_class": "road" }, "geometry": { "type": "Point", "coordinates": [ 377477.790579124644864, 2045961.902720903046429 ] } },
{ "type": "Feature", "properties": { "cell_id": "R100_C101", "row": 100, "col": 101, "x": 377507.79057912464, "y": 2045961.902720903, "cell_area_m2": 900.0, "runoff_coefficient": 0.85000002384185791, "surface_class": "road" }, "geometry": { "type": "Point", "coordinates": [ 377507.790579124644864, 2045961.902720903046429 ] } },
{ "type": "Feature", "properties": { "cell_id": "R100_C102", "row": 100, "col": 102, "x": 377537.79057912464, "y": 2045961.902720903, "cell_area_m2": 900.0, "runoff_coefficient": 0.85000002384185791, "surface_class": "road" }, "geometry": { "type": "Point", "coordinates": [ 377537.790579124644864, 2045961.902720903046429 ] } },
{ "type": "Feature", "properties": { "cell_id": "R100_C103", "row": 100, "col": 103, "x": 377567.79057912464, "y": 2045961.902720903, "cell_area_m2": 900.0, "runoff_coefficient": 0.85000002384185791, "surface_class": "road" }, "geometry": { "type": "Point", "coordinates": [ 377567.790579124644864, 2045961.902720903046429 ] } },
{ "type": "Feature", "properties": { "cell_id": "R100_C104", "row": 100, "col": 104, "x": 377597.79057912464, "y": 2045961.902720903, "cell_area_m2": 900.0, "runoff_coefficient": 0.85000002384185791, "surface_class": "road" }, "geometry": { "type": "Point", "coordinates": [ 377597.790579124644864, 2045961.902720903046429 ] } },
{ "type": "Feature", "properties": { "cell_id": "R100_C105", "row": 100, "col": 105, "x": 377627.79057912464, "y": 2045961.902720903, "cell_area_m2": 900.0, "runoff_coefficient": 0.75, "surface_class": "default_urban" }, "geometry": { "type": "Point", "coordinates": [ 377627.790579124644864, 2045961.902720903046429 ] } },
{ "type": "Feature", "properties": { "cell_id": "R100_C106", "row": 100, "col": 106, "x": 377657.79057912464, "y": 2045961.902720903, "cell_area_m2": 900.0, "runoff_coefficient": 0.75, "surface_class": "default_urban" }, "geometry": { "type": "Point", "coordinates": [ 377657.790579124644864, 2045961.902720903046429 ] } },
{ "type": "Feature", "properties": { "cell_id": "R100_C107", "row": 100, "col": 107, "x": 377687.79057912464, "y": 2045961.902720903, "cell_area_m2": 900.0, "runoff_coefficient": 0.75, "surface_class": "default_urban" }, "geometry": { "type": "Point", "coordinates": [ 377687.790579124644864, 2045961.902720903046429 ] } },
{ "type": "Feature", "properties": { "cell_id": "R100_C108", "row": 100, "col": 108, "x": 377717.79057912464, "y": 2045961.902720903, "cell_area_m2": 900.0, "runoff_coefficient": 0.75, "surface_class": "default_urban" }, "geometry": { "type": "Point", "coordinates": [ 377717.790579124644864, 2045961.902720903046429 ] } },
{ "type": "Feature", "properties": { "cell_id": "R100_C109", "row": 100, "col": 109, "x": 377747.79057912464, "y": 2045961.902720903, "cell_area_m2": 900.0, "runoff_coefficient": 0.75, "surface_class": "default_urban" }, "geometry": { "type": "Point", "coordinates": [ 377747.790579124644864, 2045961.902720903046429 ] } },
{ "type": "Feature", "properties": { "cell_id": "R100_C110", "row": 100, "col": 110, "x": 377777.79057912464, "y": 2045961.902720903, "cell_area_m2": 900.0, "runoff_coefficient": 0.85000002384185791, "surface_class": "road" }, "geometry": { "type": "Point", "coordinates": [ 377777.790579124644864, 2045961.902720903046429 ] } },
{ "type": "Feature", "properties": { "cell_id": "R100_C111", "row": 100, "col": 111, "x": 377807.79057912464, "y": 2045961.902720903, "cell_area_m2": 900.0, "runoff_coefficient": 0.75, "surface_class": "default_urban" }, "geometry": { "type": "Point", "coordinates": [ 377807.790579124644864, 2045961.902720903046429 ] } },
{ "type": "Feature", "properties": { "cell_id": "R100_C112", "row": 100, "col": 112, "x": 377837.79057912464, "y": 2045961.902720903, "cell_area_m2": 900.0, "runoff_coefficient": 0.75, "surface_class": "default_urban" }, "geometry": { "type": "Point", "coordinates": [ 377837.790579124644864, 2045961.902720903046429 ] } },
{ "type": "Feature", "properties": { "cell_id": "R100_C113", "row": 100, "col": 113, "x": 377867.79057912464, "y": 2045961.902720903, "cell_area_m2": 900.0, "runoff_coefficient": 0.89999997615814209, "surface_class": "building" }, "geometry": { "type": "Point", "coordinates": [ 377867.790579124644864, 2045961.902720903046429 ] } },
{ "type": "Feature", "properties": { "cell_id": "R100_C114", "row": 100, "col": 114, "x": 377897.79057912464, "y": 2045961.902720903, "cell_area_m2": 900.0, "runoff_coefficient": 0.89999997615814209, "surface_class": "building" }, "geometry": { "type": "Point", "coordinates": [ 377897.790579124644864, 2045961.902720903046429 ] } },
{ "type": "Feature", "properties": { "cell_id": "R100_C115", "row": 100, "col": 115, "x": 377927.79057912464, "y": 2045961.902720903, "cell_area_m2": 900.0, "runoff_coefficient": 0.75, "surface_class": "default_urban" }, "geometry": { "type": "Point", "coordinates": [ 377927.790579124644864, 2045961.902720903046429 ] } },
{ "type": "Feature", "properties": { "cell_id": "R100_C116", "row": 100, "col": 116, "x": 377957.79057912464, "y": 2045961.902720903, "cell_area_m2": 900.0, "runoff_coefficient": 0.85000002384185791, "surface_class": "road" }, "geometry": { "type": "Point", "coordinates": [ 377957.790579124644864, 2045961.902720903046429 ] } },
{ "type": "Feature", "properties": { "cell_id": "R100_C117", "row": 100, "col": 117, "x": 377987.79057912464, "y": 2045961.902720903, "cell_area_m2": 900.0, "runoff_coefficient": 0.85000002384185791, "surface_class": "road" }, "geometry": { "type": "Point", "coordinates": [ 377987.790579124644864, 2045961.902720903046429 ] } },
{ "type": "Feature", "properties": { "cell_id": "R100_C118", "row": 100, "col": 118, "x": 378017.79057912464, "y": 2045961.902720903, "cell_area_m2": 900.0, "runoff_coefficient": 0.85000002384185791, "surface_class": "road" }, "geometry": { "type": "Point", "coordinates": [ 378017.790579124644864, 2045961.902720903046429 ] } },
{ "type": "Feature", "properties": { "cell_id": "R100_C119", "row": 100, "col": 119, "x": 378047.79057912464, "y": 2045961.902720903, "cell_area_m2": 900.0, "runoff_coefficient": 0.85000002384185791, "surface_class": "road" }, "geometry": { "type": "Point", "coordinates": [ 378047.790579124644864, 2045961.902720903046429 ] } },
{ "type": "Feature", "properties": { "cell_id": "R100_C120", "row": 100, "col": 120, "x": 378077.79057912464, "y": 2045961.902720903, "cell_area_m2": 900.0, "runoff_coefficient": 0.85000002384185791, "surface_class": "road" }, "geometry": { "type": "Point", "coordinates": [ 378077.790579124644864, 2045961.902720903046429 ] } },
{ "type": "Feature", "properties": { "cell_id": "R100_C121", "row": 100, "col": 121, "x": 378107.79057912464, "y": 2045961.902720903, "cell_area_m2": 900.0, "runoff_coefficient": 0.75, "surface_class": "default_urban" }, "geometry": { "type": "Point", "coordinates": [ 378107.790579124644864, 2045961.902720903046429 ] } },
{ "type": "Feature", "properties": { "cell_id": "R100_C122", "row": 100, "col": 122, "x": 378137.79057912464, "y": 2045961.902720903, "cell_area_m2": 900.0, "runoff_coefficient": 0.75, "surface_class": "default_urban" }, "geometry": { "type": "Point", "coordinates": [ 378137.790579124644864, 2045961.902720903046429 ] } },
{ "type": "Feature", "properties": { "cell_id": "R100_C123", "row": 100, "col": 123, "x": 378167.79057912464, "y": 2045961.902720903, "cell_area_m2": 900.0, "runoff_coefficient": 0.85000002384185791, "surface_class": "road" }, "geometry": { "type": "Point", "coordinates": [ 378167.790579124644864, 2045961.902720903046429 ] } },
{ "type": "Feature", "properties": { "cell_id": "R100_C124", "row": 100, "col": 124, "x": 378197.79057912464, "y": 2045961.902720903, "cell_area_m2": 900.0, "runoff_coefficient": 0.89999997615814209, "surface_class": "building" }, "geometry": { "type": "Point", "coordinates": [ 378197.790579124644864, 2045961.902720903046429 ] } },
{ "type": "Feature", "properties": { "cell_id": "R100_C125", "row": 100, "col": 125, "x": 378227.79057912464, "y": 2045961.902720903, "cell_area_m2": 900.0, "runoff_coefficient": 0.75, "surface_class": "default_urban" }, "geometry": { "type": "Point", "coordinates": [ 378227.790579124644864, 2045961.902720903046429 ] } },
{ "type": "Feature", "properties": { "cell_id": "R100_C126", "row": 100, "col": 126, "x": 378257.79057912464, "y": 2045961.902720903, "cell_area_m2": 900.0, "runoff_coefficient": 0.75, "surface_class": "default_urban" }, "geometry": { "type": "Point", "coordinates": [ 378257.790579124644864, 2045961.902720903046429 ] } },
{ "type": "Feature", "properties": { "cell_id": "R100_C127", "row": 100, "col": 127, "x": 378287.79057912464, "y": 2045961.902720903, "cell_area_m2": 900.0, "runoff_coefficient": 0.75, "surface_class": "default_urban" }, "geometry": { "type": "Point", "coordinates": [ 378287.790579124644864, 2045961.902720903046429 ] } },
{ "type": "Feature", "properties": { "cell_id": "R100_C128", "row": 100, "col": 128, "x": 378317.79057912464, "y": 2045961.902720903, "cell_area_m2": 900.0, "runoff_coefficient": 0.75, "surface_class": "default_urban" }, "geometry": { "type": "Point", "coordinates": [ 378317.790579124644864, 2045961.902720903046429 ] } },
{ "type": "Feature", "properties": { "cell_id": "R100_C129", "row": 100, "col": 129, "x": 378347.79057912464, "y": 2045961.902720903, "cell_area_m2": 900.0, "runoff_coefficient": 0.75, "surface_class": "default_urban" }, "geometry": { "type": "Point", "coordinates": [ 378347.790579124644864, 2045961.902720903046429 ] } },
{ "type": "Feature", "properties": { "cell_id": "R100_C130", "row": 100, "col": 130, "x": 378377.79057912464, "y": 2045961.902720903, "cell_area_m2": 900.0, "runoff_coefficient": 0.85000002384185791, "surface_class": "road" }, "geometry": { "type": "Point", "coordinates": [ 378377.790579124644864, 2045961.902720903046429 ] } },
{ "type": "Feature", "properties": { "cell_id": "R100_C131", "row": 100, "col": 131, "x": 378407.79057912464, "y": 2045961.902720903, "cell_area_m2": 900.0, "runoff_coefficient": 0.75, "surface_class": "default_urban" }, "geometry": { "type": "Point", "coordinates": [ 378407.790579124644864, 2045961.902720903046429 ] } },
{ "type": "Feature", "properties": { "cell_id": "R100_C132", "row": 100, "col": 132, "x": 378437.79057912464, "y": 2045961.902720903, "cell_area_m2": 900.0, "runoff_coefficient": 0.85000002384185791, "surface_class": "road" }, "geometry": { "type": "Point", "coordinates": [ 378437.790579124644864, 2045961.902720903046429 ] } },
{ "type": "Feature", "properties": { "cell_id": "R100_C133", "row": 100, "col": 133, "x": 378467.79057912464, "y": 2045961.902720903, "cell_area_m2": 900.0, "runoff_coefficient": 0.85000002384185791, "surface_class": "road" }, "geometry": { "type": "Point", "coordinates": [ 378467.790579124644864, 2045961.902720903046429 ] } },
{ "type": "Feature", "properties": { "cell_id": "R100_C134", "row": 100, "col": 134, "x": 378497.79057912464, "y": 2045961.902720903, "cell_area_m2": 900.0, "runoff_coefficient": 0.85000002384185791, "surface_class": "road" }, "geometry": { "type": "Point", "coordinates": [ 378497.790579124644864, 2045961.902720903046429 ] } },
{ "type": "Feature", "properties": { "cell_id": "R100_C135", "row": 100, "col": 135, "x": 378527.79057912464, "y": 2045961.902720903, "cell_area_m2": 900.0, "runoff_coefficient": 0.85000002384185791, "surface_class": "road" }, "geometry": { "type": "Point", "coordinates": [ 378527.790579124644864, 2045961.902720903046429 ] } },
{ "type": "Feature", "properties": { "cell_id": "R100_C136", "row": 100, "col": 136, "x": 378557.79057912464, "y": 2045961.902720903, "cell_area_m2": 900.0, "runoff_coefficient": 0.85000002384185791, "surface_class": "road" }, "geometry": { "type": "Point", "coordinates": [ 378557.790579124644864, 2045961.902720903046429 ] } },
{ "type": "Feature", "properties": { "cell_id": "R101_C071", "row": 101, "col": 71, "x": 376607.79057912464, "y": 2045931.902720903, "cell_area_m2": 900.0, "runoff_coefficient": 0.89999997615814209, "surface_class": "building" }, "geometry": { "type": "Point", "coordinates": [ 376607.790579124644864, 2045931.902720903046429 ] } },
{ "type": "Feature", "properties": { "cell_id": "R101_C072", "row": 101, "col": 72, "x": 376637.79057912464, "y": 2045931.902720903, "cell_area_m2": 900.0, "runoff_coefficient": 0.75, "surface_class": "default_urban" }, "geometry": { "type": "Point", "coordinates": [ 376637.790579124644864, 2045931.902720903046429 ] } },
{ "type": "Feature", "properties": { "cell_id": "R101_C073", "row": 101, "col": 73, "x": 376667.79057912464, "y": 2045931.902720903, "cell_area_m2": 900.0, "runoff_coefficient": 0.89999997615814209, "surface_class": "building" }, "geometry": { "type": "Point", "coordinates": [ 376667.790579124644864, 2045931.902720903046429 ] } },
{ "type": "Feature", "properties": { "cell_id": "R101_C074", "row": 101, "col": 74, "x": 376697.79057912464, "y": 2045931.902720903, "cell_area_m2": 900.0, "runoff_coefficient": 0.75, "surface_class": "default_urban" }, "geometry": { "type": "Point", "coordinates": [ 376697.790579124644864, 2045931.902720903046429 ] } },
{ "type": "Feature", "properties": { "cell_id": "R101_C075", "row": 101, "col": 75, "x": 376727.79057912464, "y": 2045931.902720903, "cell_area_m2": 900.0, "runoff_coefficient": 0.75, "surface_class": "default_urban" }, "geometry": { "type": "Point", "coordinates": [ 376727.790579124644864, 2045931.902720903046429 ] } },
{ "type": "Feature", "properties": { "cell_id": "R101_C076", "row": 101, "col": 76, "x": 376757.79057912464, "y": 2045931.902720903, "cell_area_m2": 900.0, "runoff_coefficient": 0.75, "surface_class": "default_urban" }, "geometry": { "type": "Point", "coordinates": [ 376757.790579124644864, 2045931.902720903046429 ] } },
{ "type": "Feature", "properties": { "cell_id": "R101_C077", "row": 101, "col": 77, "x": 376787.79057912464, "y": 2045931.902720903, "cell_area_m2": 900.0, "runoff_coefficient": 0.75, "surface_class": "default_urban" }, "geometry": { "type": "Point", "coordinates": [ 376787.790579124644864, 2045931.902720903046429 ] } },
{ "type": "Feature", "properties": { "cell_id": "R101_C078", "row": 101, "col": 78, "x": 376817.79057912464, "y": 2045931.902720903, "cell_area_m2": 900.0, "runoff_coefficient": 0.75, "surface_class": "default_urban" }, "geometry": { "type": "Point", "coordinates": [ 376817.790579124644864, 2045931.902720903046429 ] } },
{ "type": "Feature", "properties": { "cell_id": "R101_C079", "row": 101, "col": 79, "x": 376847.79057912464, "y": 2045931.902720903, "cell_area_m2": 900.0, "runoff_coefficient": 0.75, "surface_class": "default_urban" }, "geometry": { "type": "Point", "coordinates": [ 376847.790579124644864, 2045931.902720903046429 ] } },
{ "type": "Feature", "properties": { "cell_id": "R101_C080", "row": 101, "col": 80, "x": 376877.79057912464, "y": 2045931.902720903, "cell_area_m2": 900.0, "runoff_coefficient": 0.75, "surface_class": "default_urban" }, "geometry": { "type": "Point", "coordinates": [ 376877.790579124644864, 2045931.902720903046429 ] } },
{ "type": "Feature", "properties": { "cell_id": "R101_C081", "row": 101, "col": 81, "x": 376907.79057912464, "y": 2045931.902720903, "cell_area_m2": 900.0, "runoff_coefficient": 0.89999997615814209, "surface_class": "building" }, "geometry": { "type": "Point", "coordinates": [ 376907.790579124644864, 2045931.902720903046429 ] } },
{ "type": "Feature", "properties": { "cell_id": "R101_C082", "row": 101, "col": 82, "x": 376937.79057912464, "y": 2045931.902720903, "cell_area_m2": 900.0, "runoff_coefficient": 0.85000002384185791, "surface_class": "road" }, "geometry": { "type": "Point", "coordinates": [ 376937.790579124644864, 2045931.902720903046429 ] } },
{ "type": "Feature", "properties": { "cell_id": "R101_C083", "row": 101, "col": 83, "x": 376967.79057912464, "y": 2045931.902720903, "cell_area_m2": 900.0, "runoff_coefficient": 0.85000002384185791, "surface_class": "road" }, "geometry": { "type": "Point", "coordinates": [ 376967.790579124644864, 2045931.902720903046429 ] } },
{ "type": "Feature", "properties": { "cell_id": "R101_C084", "row": 101, "col": 84, "x": 376997.79057912464, "y": 2045931.902720903, "cell_area_m2": 900.0, "runoff_coefficient": 0.75, "surface_class": "default_urban" }, "geometry": { "type": "Point", "coordinates": [ 376997.790579124644864, 2045931.902720903046429 ] } },
{ "type": "Feature", "properties": { "cell_id": "R101_C085", "row": 101, "col": 85, "x": 377027.79057912464, "y": 2045931.902720903, "cell_area_m2": 900.0, "runoff_coefficient": 0.75, "surface_class": "default_urban" }, "geometry": { "type": "Point", "coordinates": [ 377027.790579124644864, 2045931.902720903046429 ] } },
{ "type": "Feature", "properties": { "cell_id": "R101_C086", "row": 101, "col": 86, "x": 377057.79057912464, "y": 2045931.902720903, "cell_area_m2": 900.0, "runoff_coefficient": 0.75, "surface_class": "default_urban" }, "geometry": { "type": "Point", "coordinates": [ 377057.790579124644864, 2045931.902720903046429 ] } },
{ "type": "Feature", "properties": { "cell_id": "R101_C087", "row": 101, "col": 87, "x": 377087.79057912464, "y": 2045931.902720903, "cell_area_m2": 900.0, "runoff_coefficient": 0.75, "surface_class": "default_urban" }, "geometry": { "type": "Point", "coordinates": [ 377087.790579124644864, 2045931.902720903046429 ] } },
{ "type": "Feature", "properties": { "cell_id": "R101_C088", "row": 101, "col": 88, "x": 377117.79057912464, "y": 2045931.902720903, "cell_area_m2": 900.0, "runoff_coefficient": 0.75, "surface_class": "default_urban" }, "geometry": { "type": "Point", "coordinates": [ 377117.790579124644864, 2045931.902720903046429 ] } },
{ "type": "Feature", "properties": { "cell_id": "R101_C089", "row": 101, "col": 89, "x": 377147.79057912464, "y": 2045931.902720903, "cell_area_m2": 900.0, "runoff_coefficient": 0.75, "surface_class": "default_urban" }, "geometry": { "type": "Point", "coordinates": [ 377147.790579124644864, 2045931.902720903046429 ] } },
{ "type": "Feature", "properties": { "cell_id": "R101_C090", "row": 101, "col": 90, "x": 377177.79057912464, "y": 2045931.902720903, "cell_area_m2": 900.0, "runoff_coefficient": 0.75, "surface_class": "default_urban" }, "geometry": { "type": "Point", "coordinates": [ 377177.790579124644864, 2045931.902720903046429 ] } },
{ "type": "Feature", "properties": { "cell_id": "R101_C091", "row": 101, "col": 91, "x": 377207.79057912464, "y": 2045931.902720903, "cell_area_m2": 900.0, "runoff_coefficient": 0.75, "surface_class": "default_urban" }, "geometry": { "type": "Point", "coordinates": [ 377207.790579124644864, 2045931.902720903046429 ] } },
{ "type": "Feature", "properties": { "cell_id": "R101_C092", "row": 101, "col": 92, "x": 377237.79057912464, "y": 2045931.902720903, "cell_area_m2": 900.0, "runoff_coefficient": 0.75, "surface_class": "default_urban" }, "geometry": { "type": "Point", "coordinates": [ 377237.790579124644864, 2045931.902720903046429 ] } },
{ "type": "Feature", "properties": { "cell_id": "R101_C093", "row": 101, "col": 93, "x": 377267.79057912464, "y": 2045931.902720903, "cell_area_m2": 900.0, "runoff_coefficient": 0.75, "surface_class": "default_urban" }, "geometry": { "type": "Point", "coordinates": [ 377267.790579124644864, 2045931.902720903046429 ] } },
{ "type": "Feature", "properties": { "cell_id": "R101_C094", "row": 101, "col": 94, "x": 377297.79057912464, "y": 2045931.902720903, "cell_area_m2": 900.0, "runoff_coefficient": 0.85000002384185791, "surface_class": "road" }, "geometry": { "type": "Point", "coordinates": [ 377297.790579124644864, 2045931.902720903046429 ] } },
{ "type": "Feature", "properties": { "cell_id": "R101_C095", "row": 101, "col": 95, "x": 377327.79057912464, "y": 2045931.902720903, "cell_area_m2": 900.0, "runoff_coefficient": 0.85000002384185791, "surface_class": "road" }, "geometry": { "type": "Point", "coordinates": [ 377327.790579124644864, 2045931.902720903046429 ] } },
{ "type": "Feature", "properties": { "cell_id": "R101_C096", "row": 101, "col": 96, "x": 377357.79057912464, "y": 2045931.902720903, "cell_area_m2": 900.0, "runoff_coefficient": 0.85000002384185791, "surface_class": "road" }, "geometry": { "type": "Point", "coordinates": [ 377357.790579124644864, 2045931.902720903046429 ] } },
{ "type": "Feature", "properties": { "cell_id": "R101_C097", "row": 101, "col": 97, "x": 377387.79057912464, "y": 2045931.902720903, "cell_area_m2": 900.0, "runoff_coefficient": 0.89999997615814209, "surface_class": "building" }, "geometry": { "type": "Point", "coordinates": [ 377387.790579124644864, 2045931.902720903046429 ] } },
{ "type": "Feature", "properties": { "cell_id": "R101_C098", "row": 101, "col": 98, "x": 377417.79057912464, "y": 2045931.902720903, "cell_area_m2": 900.0, "runoff_coefficient": 0.89999997615814209, "surface_class": "building" }, "geometry": { "type": "Point", "coordinates": [ 377417.790579124644864, 2045931.902720903046429 ] } },
{ "type": "Feature", "properties": { "cell_id": "R101_C099", "row": 101, "col": 99, "x": 377447.79057912464, "y": 2045931.902720903, "cell_area_m2": 900.0, "runoff_coefficient": 0.85000002384185791, "surface_class": "road" }, "geometry": { "type": "Point", "coordinates": [ 377447.790579124644864, 2045931.902720903046429 ] } },
{ "type": "Feature", "properties": { "cell_id": "R101_C100", "row": 101, "col": 100, "x": 377477.79057912464, "y": 2045931.902720903, "cell_area_m2": 900.0, "runoff_coefficient": 0.89999997615814209, "surface_class": "building" }, "geometry": { "type": "Point", "coordinates": [ 377477.790579124644864, 2045931.902720903046429 ] } },
{ "type": "Feature", "properties": { "cell_id": "R101_C101", "row": 101, "col": 101, "x": 377507.79057912464, "y": 2045931.902720903, "cell_area_m2": 900.0, "runoff_coefficient": 0.85000002384185791, "surface_class": "road" }, "geometry": { "type": "Point", "coordinates": [ 377507.790579124644864, 2045931.902720903046429 ] } },
{ "type": "Feature", "properties": { "cell_id": "R101_C102", "row": 101, "col": 102, "x": 377537.79057912464, "y": 2045931.902720903, "cell_area_m2": 900.0, "runoff_coefficient": 0.85000002384185791, "surface_class": "road" }, "geometry": { "type": "Point", "coordinates": [ 377537.790579124644864, 2045931.902720903046429 ] } },
{ "type": "Feature", "properties": { "cell_id": "R101_C103", "row": 101, "col": 103, "x": 377567.79057912464, "y": 2045931.902720903, "cell_area_m2": 900.0, "runoff_coefficient": 0.85000002384185791, "surface_class": "road" }, "geometry": { "type": "Point", "coordinates": [ 377567.790579124644864, 2045931.902720903046429 ] } },
{ "type": "Feature", "properties": { "cell_id": "R101_C104", "row": 101, "col": 104, "x": 377597.79057912464, "y": 2045931.902720903, "cell_area_m2": 900.0, "runoff_coefficient": 0.85000002384185791, "surface_class": "road" }, "geometry": { "type": "Point", "coordinates": [ 377597.790579124644864, 2045931.902720903046429 ] } },
{ "type": "Feature", "properties": { "cell_id": "R101_C105", "row": 101, "col": 105, "x": 377627.79057912464, "y": 2045931.902720903, "cell_area_m2": 900.0, "runoff_coefficient": 0.89999997615814209, "surface_class": "building" }, "geometry": { "type": "Point", "coordinates": [ 377627.790579124644864, 2045931.902720903046429 ] } },
{ "type": "Feature", "properties": { "cell_id": "R101_C106", "row": 101, "col": 106, "x": 377657.79057912464, "y": 2045931.902720903, "cell_area_m2": 900.0, "runoff_coefficient": 0.85000002384185791, "surface_class": "road" }, "geometry": { "type": "Point", "coordinates": [ 377657.790579124644864, 2045931.902720903046429 ] } },
{ "type": "Feature", "properties": { "cell_id": "R101_C107", "row": 101, "col": 107, "x": 377687.79057912464, "y": 2045931.902720903, "cell_area_m2": 900.0, "runoff_coefficient": 0.85000002384185791, "surface_class": "road" }, "geometry": { "type": "Point", "coordinates": [ 377687.790579124644864, 2045931.902720903046429 ] } },
{ "type": "Feature", "properties": { "cell_id": "R101_C108", "row": 101, "col": 108, "x": 377717.79057912464, "y": 2045931.902720903, "cell_area_m2": 900.0, "runoff_coefficient": 0.89999997615814209, "surface_class": "building" }, "geometry": { "type": "Point", "coordinates": [ 377717.790579124644864, 2045931.902720903046429 ] } },
{ "type": "Feature", "properties": { "cell_id": "R101_C109", "row": 101, "col": 109, "x": 377747.79057912464, "y": 2045931.902720903, "cell_area_m2": 900.0, "runoff_coefficient": 0.75, "surface_class": "default_urban" }, "geometry": { "type": "Point", "coordinates": [ 377747.790579124644864, 2045931.902720903046429 ] } },
{ "type": "Feature", "properties": { "cell_id": "R101_C110", "row": 101, "col": 110, "x": 377777.79057912464, "y": 2045931.902720903, "cell_area_m2": 900.0, "runoff_coefficient": 0.85000002384185791, "surface_class": "road" }, "geometry": { "type": "Point", "coordinates": [ 377777.790579124644864, 2045931.902720903046429 ] } },
{ "type": "Feature", "properties": { "cell_id": "R101_C111", "row": 101, "col": 111, "x": 377807.79057912464, "y": 2045931.902720903, "cell_area_m2": 900.0, "runoff_coefficient": 0.85000002384185791, "surface_class": "road" }, "geometry": { "type": "Point", "coordinates": [ 377807.790579124644864, 2045931.902720903046429 ] } },
{ "type": "Feature", "properties": { "cell_id": "R101_C112", "row": 101, "col": 112, "x": 377837.79057912464, "y": 2045931.902720903, "cell_area_m2": 900.0, "runoff_coefficient": 0.75, "surface_class": "default_urban" }, "geometry": { "type": "Point", "coordinates": [ 377837.790579124644864, 2045931.902720903046429 ] } },
{ "type": "Feature", "properties": { "cell_id": "R101_C113", "row": 101, "col": 113, "x": 377867.79057912464, "y": 2045931.902720903, "cell_area_m2": 900.0, "runoff_coefficient": 0.75, "surface_class": "default_urban" }, "geometry": { "type": "Point", "coordinates": [ 377867.790579124644864, 2045931.902720903046429 ] } },
{ "type": "Feature", "properties": { "cell_id": "R101_C114", "row": 101, "col": 114, "x": 377897.79057912464, "y": 2045931.902720903, "cell_area_m2": 900.0, "runoff_coefficient": 0.89999997615814209, "surface_class": "building" }, "geometry": { "type": "Point", "coordinates": [ 377897.790579124644864, 2045931.902720903046429 ] } },
{ "type": "Feature", "properties": { "cell_id": "R101_C115", "row": 101, "col": 115, "x": 377927.79057912464, "y": 2045931.902720903, "cell_area_m2": 900.0, "runoff_coefficient": 0.75, "surface_class": "default_urban" }, "geometry": { "type": "Point", "coordinates": [ 377927.790579124644864, 2045931.902720903046429 ] } },
{ "type": "Feature", "properties": { "cell_id": "R101_C116", "row": 101, "col": 116, "x": 377957.79057912464, "y": 2045931.902720903, "cell_area_m2": 900.0, "runoff_coefficient": 0.75, "surface_class": "default_urban" }, "geometry": { "type": "Point", "coordinates": [ 377957.790579124644864, 2045931.902720903046429 ] } },
{ "type": "Feature", "properties": { "cell_id": "R101_C117", "row": 101, "col": 117, "x": 377987.79057912464, "y": 2045931.902720903, "cell_area_m2": 900.0, "runoff_coefficient": 0.85000002384185791, "surface_class": "road" }, "geometry": { "type": "Point", "coordinates": [ 377987.790579124644864, 2045931.902720903046429 ] } },
{ "type": "Feature", "properties": { "cell_id": "R101_C118", "row": 101, "col": 118, "x": 378017.79057912464, "y": 2045931.902720903, "cell_area_m2": 900.0, "runoff_coefficient": 0.85000002384185791, "surface_class": "road" }, "geometry": { "type": "Point", "coordinates": [ 378017.790579124644864, 2045931.902720903046429 ] } },
{ "type": "Feature", "properties": { "cell_id": "R101_C119", "row": 101, "col": 119, "x": 378047.79057912464, "y": 2045931.902720903, "cell_area_m2": 900.0, "runoff_coefficient": 0.85000002384185791, "surface_class": "road" }, "geometry": { "type": "Point", "coordinates": [ 378047.790579124644864, 2045931.902720903046429 ] } },
{ "type": "Feature", "properties": { "cell_id": "R101_C120", "row": 101, "col": 120, "x": 378077.79057912464, "y": 2045931.902720903, "cell_area_m2": 900.0, "runoff_coefficient": 0.75, "surface_class": "default_urban" }, "geometry": { "type": "Point", "coordinates": [ 378077.790579124644864, 2045931.902720903046429 ] } },
{ "type": "Feature", "properties": { "cell_id": "R101_C121", "row": 101, "col": 121, "x": 378107.79057912464, "y": 2045931.902720903, "cell_area_m2": 900.0, "runoff_coefficient": 0.75, "surface_class": "default_urban" }, "geometry": { "type": "Point", "coordinates": [ 378107.790579124644864, 2045931.902720903046429 ] } },
{ "type": "Feature", "properties": { "cell_id": "R101_C122", "row": 101, "col": 122, "x": 378137.79057912464, "y": 2045931.902720903, "cell_area_m2": 900.0, "runoff_coefficient": 0.75, "surface_class": "default_urban" }, "geometry": { "type": "Point", "coordinates": [ 378137.790579124644864, 2045931.902720903046429 ] } },
{ "type": "Feature", "properties": { "cell_id": "R101_C123", "row": 101, "col": 123, "x": 378167.79057912464, "y": 2045931.902720903, "cell_area_m2": 900.0, "runoff_coefficient": 0.89999997615814209, "surface_class": "building" }, "geometry": { "type": "Point", "coordinates": [ 378167.790579124644864, 2045931.902720903046429 ] } },
{ "type": "Feature", "properties": { "cell_id": "R101_C124", "row": 101, "col": 124, "x": 378197.79057912464, "y": 2045931.902720903, "cell_area_m2": 900.0, "runoff_coefficient": 0.85000002384185791, "surface_class": "road" }, "geometry": { "type": "Point", "coordinates": [ 378197.790579124644864, 2045931.902720903046429 ] } },
{ "type": "Feature", "properties": { "cell_id": "R101_C125", "row": 101, "col": 125, "x": 378227.79057912464, "y": 2045931.902720903, "cell_area_m2": 900.0, "runoff_coefficient": 0.85000002384185791, "surface_class": "road" }, "geometry": { "type": "Point", "coordinates": [ 378227.790579124644864, 2045931.902720903046429 ] } },
{ "type": "Feature", "properties": { "cell_id": "R101_C126", "row": 101, "col": 126, "x": 378257.79057912464, "y": 2045931.902720903, "cell_area_m2": 900.0, "runoff_coefficient": 0.85000002384185791, "surface_class": "road" }, "geometry": { "type": "Point", "coordinates": [ 378257.790579124644864, 2045931.902720903046429 ] } },
{ "type": "Feature", "properties": { "cell_id": "R101_C127", "row": 101, "col": 127, "x": 378287.79057912464, "y": 2045931.902720903, "cell_area_m2": 900.0, "runoff_coefficient": 0.85000002384185791, "surface_class": "road" }, "geometry": { "type": "Point", "coordinates": [ 378287.790579124644864, 2045931.902720903046429 ] } },
{ "type": "Feature", "properties": { "cell_id": "R101_C128", "row": 101, "col": 128, "x": 378317.79057912464, "y": 2045931.902720903, "cell_area_m2": 900.0, "runoff_coefficient": 0.85000002384185791, "surface_class": "road" }, "geometry": { "type": "Point", "coordinates": [ 378317.790579124644864, 2045931.902720903046429 ] } },
{ "type": "Feature", "properties": { "cell_id": "R101_C129", "row": 101, "col": 129, "x": 378347.79057912464, "y": 2045931.902720903, "cell_area_m2": 900.0, "runoff_coefficient": 0.85000002384185791, "surface_class": "road" }, "geometry": { "type": "Point", "coordinates": [ 378347.790579124644864, 2045931.902720903046429 ] } },
{ "type": "Feature", "properties": { "cell_id": "R101_C130", "row": 101, "col": 130, "x": 378377.79057912464, "y": 2045931.902720903, "cell_area_m2": 900.0, "runoff_coefficient": 0.85000002384185791, "surface_class": "road" }, "geometry": { "type": "Point", "coordinates": [ 378377.790579124644864, 2045931.902720903046429 ] } },
{ "type": "Feature", "properties": { "cell_id": "R101_C131", "row": 101, "col": 131, "x": 378407.79057912464, "y": 2045931.902720903, "cell_area_m2": 900.0, "runoff_coefficient": 0.75, "surface_class": "default_urban" }, "geometry": { "type": "Point", "coordinates": [ 378407.790579124644864, 2045931.902720903046429 ] } },
{ "type": "Feature", "properties": { "cell_id": "R101_C132", "row": 101, "col": 132, "x": 378437.79057912464, "y": 2045931.902720903, "cell_area_m2": 900.0, "runoff_coefficient": 0.75, "surface_class": "default_urban" }, "geometry": { "type": "Point", "coordinates": [ 378437.790579124644864, 2045931.902720903046429 ] } },
{ "type": "Feature", "properties": { "cell_id": "R101_C133", "row": 101, "col": 133, "x": 378467.79057912464, "y": 2045931.902720903, "cell_area_m2": 900.0, "runoff_coefficient": 0.75, "surface_class": "default_urban" }, "geometry": { "type": "Point", "coordinates": [ 378467.790579124644864, 2045931.902720903046429 ] } },
{ "type": "Feature", "properties": { "cell_id": "R101_C134", "row": 101, "col": 134, "x": 378497.79057912464, "y": 2045931.902720903, "cell_area_m2": 900.0, "runoff_coefficient": 0.85000002384185791, "surface_class": "road" }, "geometry": { "type": "Point", "coordinates": [ 378497.790579124644864, 2045931.902720903046429 ] } },
{ "type": "Feature", "properties": { "cell_id": "R101_C135", "row": 101, "col": 135, "x": 378527.79057912464, "y": 2045931.902720903, "cell_area_m2": 900.0, "runoff_coefficient": 0.85000002384185791, "surface_class": "road" }, "geometry": { "type": "Point", "coordinates": [ 378527.790579124644864, 2045931.902720903046429 ] } },
{ "type": "Feature", "properties": { "cell_id": "R101_C136", "row": 101, "col": 136, "x": 378557.79057912464, "y": 2045931.902720903, "cell_area_m2": 900.0, "runoff_coefficient": 0.85000002384185791, "surface_class": "road" }, "geometry": { "type": "Point", "coordinates": [ 378557.790579124644864, 2045931.902720903046429 ] } },
{ "type": "Feature", "properties": { "cell_id": "R102_C072", "row": 102, "col": 72, "x": 376637.79057912464, "y": 2045901.902720903, "cell_area_m2": 900.0, "runoff_coefficient": 0.89999997615814209, "surface_class": "building" }, "geometry": { "type": "Point", "coordinates": [ 376637.790579124644864, 2045901.902720903046429 ] } },
{ "type": "Feature", "properties": { "cell_id": "R102_C073", "row": 102, "col": 73, "x": 376667.79057912464, "y": 2045901.902720903, "cell_area_m2": 900.0, "runoff_coefficient": 0.89999997615814209, "surface_class": "building" }, "geometry": { "type": "Point", "coordinates": [ 376667.790579124644864, 2045901.902720903046429 ] } },
{ "type": "Feature", "properties": { "cell_id": "R102_C074", "row": 102, "col": 74, "x": 376697.79057912464, "y": 2045901.902720903, "cell_area_m2": 900.0, "runoff_coefficient": 0.89999997615814209, "surface_class": "building" }, "geometry": { "type": "Point", "coordinates": [ 376697.790579124644864, 2045901.902720903046429 ] } },
{ "type": "Feature", "properties": { "cell_id": "R102_C075", "row": 102, "col": 75, "x": 376727.79057912464, "y": 2045901.902720903, "cell_area_m2": 900.0, "runoff_coefficient": 0.75, "surface_class": "default_urban" }, "geometry": { "type": "Point", "coordinates": [ 376727.790579124644864, 2045901.902720903046429 ] } },
{ "type": "Feature", "properties": { "cell_id": "R102_C076", "row": 102, "col": 76, "x": 376757.79057912464, "y": 2045901.902720903, "cell_area_m2": 900.0, "runoff_coefficient": 0.75, "surface_class": "default_urban" }, "geometry": { "type": "Point", "coordinates": [ 376757.790579124644864, 2045901.902720903046429 ] } },
{ "type": "Feature", "properties": { "cell_id": "R102_C077", "row": 102, "col": 77, "x": 376787.79057912464, "y": 2045901.902720903, "cell_area_m2": 900.0, "runoff_coefficient": 0.75, "surface_class": "default_urban" }, "geometry": { "type": "Point", "coordinates": [ 376787.790579124644864, 2045901.902720903046429 ] } },
{ "type": "Feature", "properties": { "cell_id": "R102_C078", "row": 102, "col": 78, "x": 376817.79057912464, "y": 2045901.902720903, "cell_area_m2": 900.0, "runoff_coefficient": 0.89999997615814209, "surface_class": "building" }, "geometry": { "type": "Point", "coordinates": [ 376817.790579124644864, 2045901.902720903046429 ] } },
{ "type": "Feature", "properties": { "cell_id": "R102_C079", "row": 102, "col": 79, "x": 376847.79057912464, "y": 2045901.902720903, "cell_area_m2": 900.0, "runoff_coefficient": 0.75, "surface_class": "default_urban" }, "geometry": { "type": "Point", "coordinates": [ 376847.790579124644864, 2045901.902720903046429 ] } },
{ "type": "Feature", "properties": { "cell_id": "R102_C080", "row": 102, "col": 80, "x": 376877.79057912464, "y": 2045901.902720903, "cell_area_m2": 900.0, "runoff_coefficient": 0.89999997615814209, "surface_class": "building" }, "geometry": { "type": "Point", "coordinates": [ 376877.790579124644864, 2045901.902720903046429 ] } },
{ "type": "Feature", "properties": { "cell_id": "R102_C081", "row": 102, "col": 81, "x": 376907.79057912464, "y": 2045901.902720903, "cell_area_m2": 900.0, "runoff_coefficient": 0.85000002384185791, "surface_class": "road" }, "geometry": { "type": "Point", "coordinates": [ 376907.790579124644864, 2045901.902720903046429 ] } },
{ "type": "Feature", "properties": { "cell_id": "R102_C082", "row": 102, "col": 82, "x": 376937.79057912464, "y": 2045901.902720903, "cell_area_m2": 900.0, "runoff_coefficient": 0.85000002384185791, "surface_class": "road" }, "geometry": { "type": "Point", "coordinates": [ 376937.790579124644864, 2045901.902720903046429 ] } },
{ "type": "Feature", "properties": { "cell_id": "R102_C083", "row": 102, "col": 83, "x": 376967.79057912464, "y": 2045901.902720903, "cell_area_m2": 900.0, "runoff_coefficient": 0.75, "surface_class": "default_urban" }, "geometry": { "type": "Point", "coordinates": [ 376967.790579124644864, 2045901.902720903046429 ] } },
{ "type": "Feature", "properties": { "cell_id": "R102_C084", "row": 102, "col": 84, "x": 376997.79057912464, "y": 2045901.902720903, "cell_area_m2": 900.0, "runoff_coefficient": 0.75, "surface_class": "default_urban" }, "geometry": { "type": "Point", "coordinates": [ 376997.790579124644864, 2045901.902720903046429 ] } },
{ "type": "Feature", "properties": { "cell_id": "R102_C085", "row": 102, "col": 85, "x": 377027.79057912464, "y": 2045901.902720903, "cell_area_m2": 900.0, "runoff_coefficient": 0.75, "surface_class": "default_urban" }, "geometry": { "type": "Point", "coordinates": [ 377027.790579124644864, 2045901.902720903046429 ] } },
{ "type": "Feature", "properties": { "cell_id": "R102_C086", "row": 102, "col": 86, "x": 377057.79057912464, "y": 2045901.902720903, "cell_area_m2": 900.0, "runoff_coefficient": 0.75, "surface_class": "default_urban" }, "geometry": { "type": "Point", "coordinates": [ 377057.790579124644864, 2045901.902720903046429 ] } },
{ "type": "Feature", "properties": { "cell_id": "R102_C087", "row": 102, "col": 87, "x": 377087.79057912464, "y": 2045901.902720903, "cell_area_m2": 900.0, "runoff_coefficient": 0.75, "surface_class": "default_urban" }, "geometry": { "type": "Point", "coordinates": [ 377087.790579124644864, 2045901.902720903046429 ] } },
{ "type": "Feature", "properties": { "cell_id": "R102_C088", "row": 102, "col": 88, "x": 377117.79057912464, "y": 2045901.902720903, "cell_area_m2": 900.0, "runoff_coefficient": 0.75, "surface_class": "default_urban" }, "geometry": { "type": "Point", "coordinates": [ 377117.790579124644864, 2045901.902720903046429 ] } },
{ "type": "Feature", "properties": { "cell_id": "R102_C089", "row": 102, "col": 89, "x": 377147.79057912464, "y": 2045901.902720903, "cell_area_m2": 900.0, "runoff_coefficient": 0.75, "surface_class": "default_urban" }, "geometry": { "type": "Point", "coordinates": [ 377147.790579124644864, 2045901.902720903046429 ] } },
{ "type": "Feature", "properties": { "cell_id": "R102_C090", "row": 102, "col": 90, "x": 377177.79057912464, "y": 2045901.902720903, "cell_area_m2": 900.0, "runoff_coefficient": 0.75, "surface_class": "default_urban" }, "geometry": { "type": "Point", "coordinates": [ 377177.790579124644864, 2045901.902720903046429 ] } },
{ "type": "Feature", "properties": { "cell_id": "R102_C091", "row": 102, "col": 91, "x": 377207.79057912464, "y": 2045901.902720903, "cell_area_m2": 900.0, "runoff_coefficient": 0.75, "surface_class": "default_urban" }, "geometry": { "type": "Point", "coordinates": [ 377207.790579124644864, 2045901.902720903046429 ] } },
{ "type": "Feature", "properties": { "cell_id": "R102_C092", "row": 102, "col": 92, "x": 377237.79057912464, "y": 2045901.902720903, "cell_area_m2": 900.0, "runoff_coefficient": 0.75, "surface_class": "default_urban" }, "geometry": { "type": "Point", "coordinates": [ 377237.790579124644864, 2045901.902720903046429 ] } },
{ "type": "Feature", "properties": { "cell_id": "R102_C093", "row": 102, "col": 93, "x": 377267.79057912464, "y": 2045901.902720903, "cell_area_m2": 900.0, "runoff_coefficient": 0.89999997615814209, "surface_class": "building" }, "geometry": { "type": "Point", "coordinates": [ 377267.790579124644864, 2045901.902720903046429 ] } },
{ "type": "Feature", "properties": { "cell_id": "R102_C094", "row": 102, "col": 94, "x": 377297.79057912464, "y": 2045901.902720903, "cell_area_m2": 900.0, "runoff_coefficient": 0.85000002384185791, "surface_class": "road" }, "geometry": { "type": "Point", "coordinates": [ 377297.790579124644864, 2045901.902720903046429 ] } },
{ "type": "Feature", "properties": { "cell_id": "R102_C095", "row": 102, "col": 95, "x": 377327.79057912464, "y": 2045901.902720903, "cell_area_m2": 900.0, "runoff_coefficient": 0.89999997615814209, "surface_class": "building" }, "geometry": { "type": "Point", "coordinates": [ 377327.790579124644864, 2045901.902720903046429 ] } },
{ "type": "Feature", "properties": { "cell_id": "R102_C096", "row": 102, "col": 96, "x": 377357.79057912464, "y": 2045901.902720903, "cell_area_m2": 900.0, "runoff_coefficient": 0.85000002384185791, "surface_class": "road" }, "geometry": { "type": "Point", "coordinates": [ 377357.790579124644864, 2045901.902720903046429 ] } },
{ "type": "Feature", "properties": { "cell_id": "R102_C097", "row": 102, "col": 97, "x": 377387.79057912464, "y": 2045901.902720903, "cell_area_m2": 900.0, "runoff_coefficient": 0.85000002384185791, "surface_class": "road" }, "geometry": { "type": "Point", "coordinates": [ 377387.790579124644864, 2045901.902720903046429 ] } },
{ "type": "Feature", "properties": { "cell_id": "R102_C098", "row": 102, "col": 98, "x": 377417.79057912464, "y": 2045901.902720903, "cell_area_m2": 900.0, "runoff_coefficient": 0.85000002384185791, "surface_class": "road" }, "geometry": { "type": "Point", "coordinates": [ 377417.790579124644864, 2045901.902720903046429 ] } },
{ "type": "Feature", "properties": { "cell_id": "R102_C099", "row": 102, "col": 99, "x": 377447.79057912464, "y": 2045901.902720903, "cell_area_m2": 900.0, "runoff_coefficient": 0.85000002384185791, "surface_class": "road" }, "geometry": { "type": "Point", "coordinates": [ 377447.790579124644864, 2045901.902720903046429 ] } },
{ "type": "Feature", "properties": { "cell_id": "R102_C100", "row": 102, "col": 100, "x": 377477.79057912464, "y": 2045901.902720903, "cell_area_m2": 900.0, "runoff_coefficient": 0.85000002384185791, "surface_class": "road" }, "geometry": { "type": "Point", "coordinates": [ 377477.790579124644864, 2045901.902720903046429 ] } },
{ "type": "Feature", "properties": { "cell_id": "R102_C101", "row": 102, "col": 101, "x": 377507.79057912464, "y": 2045901.902720903, "cell_area_m2": 900.0, "runoff_coefficient": 0.85000002384185791, "surface_class": "road" }, "geometry": { "type": "Point", "coordinates": [ 377507.790579124644864, 2045901.902720903046429 ] } },
{ "type": "Feature", "properties": { "cell_id": "R102_C102", "row": 102, "col": 102, "x": 377537.79057912464, "y": 2045901.902720903, "cell_area_m2": 900.0, "runoff_coefficient": 0.89999997615814209, "surface_class": "building" }, "geometry": { "type": "Point", "coordinates": [ 377537.790579124644864, 2045901.902720903046429 ] } },
{ "type": "Feature", "properties": { "cell_id": "R102_C103", "row": 102, "col": 103, "x": 377567.79057912464, "y": 2045901.902720903, "cell_area_m2": 900.0, "runoff_coefficient": 0.85000002384185791, "surface_class": "road" }, "geometry": { "type": "Point", "coordinates": [ 377567.790579124644864, 2045901.902720903046429 ] } },
{ "type": "Feature", "properties": { "cell_id": "R102_C104", "row": 102, "col": 104, "x": 377597.79057912464, "y": 2045901.902720903, "cell_area_m2": 900.0, "runoff_coefficient": 0.85000002384185791, "surface_class": "road" }, "geometry": { "type": "Point", "coordinates": [ 377597.790579124644864, 2045901.902720903046429 ] } },
{ "type": "Feature", "properties": { "cell_id": "R102_C105", "row": 102, "col": 105, "x": 377627.79057912464, "y": 2045901.902720903, "cell_area_m2": 900.0, "runoff_coefficient": 0.85000002384185791, "surface_class": "road" }, "geometry": { "type": "Point", "coordinates": [ 377627.790579124644864, 2045901.902720903046429 ] } },
{ "type": "Feature", "properties": { "cell_id": "R102_C106", "row": 102, "col": 106, "x": 377657.79057912464, "y": 2045901.902720903, "cell_area_m2": 900.0, "runoff_coefficient": 0.89999997615814209, "surface_class": "building" }, "geometry": { "type": "Point", "coordinates": [ 377657.790579124644864, 2045901.902720903046429 ] } },
{ "type": "Feature", "properties": { "cell_id": "R102_C107", "row": 102, "col": 107, "x": 377687.79057912464, "y": 2045901.902720903, "cell_area_m2": 900.0, "runoff_coefficient": 0.85000002384185791, "surface_class": "road" }, "geometry": { "type": "Point", "coordinates": [ 377687.790579124644864, 2045901.902720903046429 ] } },
{ "type": "Feature", "properties": { "cell_id": "R102_C108", "row": 102, "col": 108, "x": 377717.79057912464, "y": 2045901.902720903, "cell_area_m2": 900.0, "runoff_coefficient": 0.75, "surface_class": "default_urban" }, "geometry": { "type": "Point", "coordinates": [ 377717.790579124644864, 2045901.902720903046429 ] } },
{ "type": "Feature", "properties": { "cell_id": "R102_C109", "row": 102, "col": 109, "x": 377747.79057912464, "y": 2045901.902720903, "cell_area_m2": 900.0, "runoff_coefficient": 0.75, "surface_class": "default_urban" }, "geometry": { "type": "Point", "coordinates": [ 377747.790579124644864, 2045901.902720903046429 ] } },
{ "type": "Feature", "properties": { "cell_id": "R102_C110", "row": 102, "col": 110, "x": 377777.79057912464, "y": 2045901.902720903, "cell_area_m2": 900.0, "runoff_coefficient": 0.85000002384185791, "surface_class": "road" }, "geometry": { "type": "Point", "coordinates": [ 377777.790579124644864, 2045901.902720903046429 ] } },
{ "type": "Feature", "properties": { "cell_id": "R102_C111", "row": 102, "col": 111, "x": 377807.79057912464, "y": 2045901.902720903, "cell_area_m2": 900.0, "runoff_coefficient": 0.75, "surface_class": "default_urban" }, "geometry": { "type": "Point", "coordinates": [ 377807.790579124644864, 2045901.902720903046429 ] } },
{ "type": "Feature", "properties": { "cell_id": "R102_C112", "row": 102, "col": 112, "x": 377837.79057912464, "y": 2045901.902720903, "cell_area_m2": 900.0, "runoff_coefficient": 0.75, "surface_class": "default_urban" }, "geometry": { "type": "Point", "coordinates": [ 377837.790579124644864, 2045901.902720903046429 ] } },
{ "type": "Feature", "properties": { "cell_id": "R102_C113", "row": 102, "col": 113, "x": 377867.79057912464, "y": 2045901.902720903, "cell_area_m2": 900.0, "runoff_coefficient": 0.75, "surface_class": "default_urban" }, "geometry": { "type": "Point", "coordinates": [ 377867.790579124644864, 2045901.902720903046429 ] } },
{ "type": "Feature", "properties": { "cell_id": "R102_C114", "row": 102, "col": 114, "x": 377897.79057912464, "y": 2045901.902720903, "cell_area_m2": 900.0, "runoff_coefficient": 0.75, "surface_class": "default_urban" }, "geometry": { "type": "Point", "coordinates": [ 377897.790579124644864, 2045901.902720903046429 ] } },
{ "type": "Feature", "properties": { "cell_id": "R102_C115", "row": 102, "col": 115, "x": 377927.79057912464, "y": 2045901.902720903, "cell_area_m2": 900.0, "runoff_coefficient": 0.89999997615814209, "surface_class": "building" }, "geometry": { "type": "Point", "coordinates": [ 377927.790579124644864, 2045901.902720903046429 ] } },
{ "type": "Feature", "properties": { "cell_id": "R102_C116", "row": 102, "col": 116, "x": 377957.79057912464, "y": 2045901.902720903, "cell_area_m2": 900.0, "runoff_coefficient": 0.85000002384185791, "surface_class": "road" }, "geometry": { "type": "Point", "coordinates": [ 377957.790579124644864, 2045901.902720903046429 ] } },
{ "type": "Feature", "properties": { "cell_id": "R102_C117", "row": 102, "col": 117, "x": 377987.79057912464, "y": 2045901.902720903, "cell_area_m2": 900.0, "runoff_coefficient": 0.85000002384185791, "surface_class": "road" }, "geometry": { "type": "Point", "coordinates": [ 377987.790579124644864, 2045901.902720903046429 ] } },
{ "type": "Feature", "properties": { "cell_id": "R102_C118", "row": 102, "col": 118, "x": 378017.79057912464, "y": 2045901.902720903, "cell_area_m2": 900.0, "runoff_coefficient": 0.85000002384185791, "surface_class": "road" }, "geometry": { "type": "Point", "coordinates": [ 378017.790579124644864, 2045901.902720903046429 ] } },
{ "type": "Feature", "properties": { "cell_id": "R102_C119", "row": 102, "col": 119, "x": 378047.79057912464, "y": 2045901.902720903, "cell_area_m2": 900.0, "runoff_coefficient": 0.75, "surface_class": "default_urban" }, "geometry": { "type": "Point", "coordinates": [ 378047.790579124644864, 2045901.902720903046429 ] } },
{ "type": "Feature", "properties": { "cell_id": "R102_C120", "row": 102, "col": 120, "x": 378077.79057912464, "y": 2045901.902720903, "cell_area_m2": 900.0, "runoff_coefficient": 0.75, "surface_class": "default_urban" }, "geometry": { "type": "Point", "coordinates": [ 378077.790579124644864, 2045901.902720903046429 ] } },
{ "type": "Feature", "properties": { "cell_id": "R102_C121", "row": 102, "col": 121, "x": 378107.79057912464, "y": 2045901.902720903, "cell_area_m2": 900.0, "runoff_coefficient": 0.75, "surface_class": "default_urban" }, "geometry": { "type": "Point", "coordinates": [ 378107.790579124644864, 2045901.902720903046429 ] } },
{ "type": "Feature", "properties": { "cell_id": "R102_C122", "row": 102, "col": 122, "x": 378137.79057912464, "y": 2045901.902720903, "cell_area_m2": 900.0, "runoff_coefficient": 0.75, "surface_class": "default_urban" }, "geometry": { "type": "Point", "coordinates": [ 378137.790579124644864, 2045901.902720903046429 ] } },
{ "type": "Feature", "properties": { "cell_id": "R102_C123", "row": 102, "col": 123, "x": 378167.79057912464, "y": 2045901.902720903, "cell_area_m2": 900.0, "runoff_coefficient": 0.75, "surface_class": "default_urban" }, "geometry": { "type": "Point", "coordinates": [ 378167.790579124644864, 2045901.902720903046429 ] } },
{ "type": "Feature", "properties": { "cell_id": "R102_C124", "row": 102, "col": 124, "x": 378197.79057912464, "y": 2045901.902720903, "cell_area_m2": 900.0, "runoff_coefficient": 0.85000002384185791, "surface_class": "road" }, "geometry": { "type": "Point", "coordinates": [ 378197.790579124644864, 2045901.902720903046429 ] } },
{ "type": "Feature", "properties": { "cell_id": "R102_C125", "row": 102, "col": 125, "x": 378227.79057912464, "y": 2045901.902720903, "cell_area_m2": 900.0, "runoff_coefficient": 0.75, "surface_class": "default_urban" }, "geometry": { "type": "Point", "coordinates": [ 378227.790579124644864, 2045901.902720903046429 ] } },
{ "type": "Feature", "properties": { "cell_id": "R102_C126", "row": 102, "col": 126, "x": 378257.79057912464, "y": 2045901.902720903, "cell_area_m2": 900.0, "runoff_coefficient": 0.75, "surface_class": "default_urban" }, "geometry": { "type": "Point", "coordinates": [ 378257.790579124644864, 2045901.902720903046429 ] } },
{ "type": "Feature", "properties": { "cell_id": "R102_C127", "row": 102, "col": 127, "x": 378287.79057912464, "y": 2045901.902720903, "cell_area_m2": 900.0, "runoff_coefficient": 0.75, "surface_class": "default_urban" }, "geometry": { "type": "Point", "coordinates": [ 378287.790579124644864, 2045901.902720903046429 ] } },
{ "type": "Feature", "properties": { "cell_id": "R102_C128", "row": 102, "col": 128, "x": 378317.79057912464, "y": 2045901.902720903, "cell_area_m2": 900.0, "runoff_coefficient": 0.75, "surface_class": "default_urban" }, "geometry": { "type": "Point", "coordinates": [ 378317.790579124644864, 2045901.902720903046429 ] } },
{ "type": "Feature", "properties": { "cell_id": "R102_C129", "row": 102, "col": 129, "x": 378347.79057912464, "y": 2045901.902720903, "cell_area_m2": 900.0, "runoff_coefficient": 0.75, "surface_class": "default_urban" }, "geometry": { "type": "Point", "coordinates": [ 378347.790579124644864, 2045901.902720903046429 ] } },
{ "type": "Feature", "properties": { "cell_id": "R102_C130", "row": 102, "col": 130, "x": 378377.79057912464, "y": 2045901.902720903, "cell_area_m2": 900.0, "runoff_coefficient": 0.75, "surface_class": "default_urban" }, "geometry": { "type": "Point", "coordinates": [ 378377.790579124644864, 2045901.902720903046429 ] } },
{ "type": "Feature", "properties": { "cell_id": "R102_C131", "row": 102, "col": 131, "x": 378407.79057912464, "y": 2045901.902720903, "cell_area_m2": 900.0, "runoff_coefficient": 0.75, "surface_class": "default_urban" }, "geometry": { "type": "Point", "coordinates": [ 378407.790579124644864, 2045901.902720903046429 ] } },
{ "type": "Feature", "properties": { "cell_id": "R102_C132", "row": 102, "col": 132, "x": 378437.79057912464, "y": 2045901.902720903, "cell_area_m2": 900.0, "runoff_coefficient": 0.75, "surface_class": "default_urban" }, "geometry": { "type": "Point", "coordinates": [ 378437.790579124644864, 2045901.902720903046429 ] } },
{ "type": "Feature", "properties": { "cell_id": "R102_C133", "row": 102, "col": 133, "x": 378467.79057912464, "y": 2045901.902720903, "cell_area_m2": 900.0, "runoff_coefficient": 0.75, "surface_class": "default_urban" }, "geometry": { "type": "Point", "coordinates": [ 378467.790579124644864, 2045901.902720903046429 ] } },
{ "type": "Feature", "properties": { "cell_id": "R102_C134", "row": 102, "col": 134, "x": 378497.79057912464, "y": 2045901.902720903, "cell_area_m2": 900.0, "runoff_coefficient": 0.75, "surface_class": "default_urban" }, "geometry": { "type": "Point", "coordinates": [ 378497.790579124644864, 2045901.902720903046429 ] } },
{ "type": "Feature", "properties": { "cell_id": "R102_C135", "row": 102, "col": 135, "x": 378527.79057912464, "y": 2045901.902720903, "cell_area_m2": 900.0, "runoff_coefficient": 0.85000002384185791, "surface_class": "road" }, "geometry": { "type": "Point", "coordinates": [ 378527.790579124644864, 2045901.902720903046429 ] } },
{ "type": "Feature", "properties": { "cell_id": "R102_C136", "row": 102, "col": 136, "x": 378557.79057912464, "y": 2045901.902720903, "cell_area_m2": 900.0, "runoff_coefficient": 0.85000002384185791, "surface_class": "road" }, "geometry": { "type": "Point", "coordinates": [ 378557.790579124644864, 2045901.902720903046429 ] } },
{ "type": "Feature", "properties": { "cell_id": "R103_C073", "row": 103, "col": 73, "x": 376667.79057912464, "y": 2045871.902720903, "cell_area_m2": 900.0, "runoff_coefficient": 0.89999997615814209, "surface_class": "building" }, "geometry": { "type": "Point", "coordinates": [ 376667.790579124644864, 2045871.902720903046429 ] } },
{ "type": "Feature", "properties": { "cell_id": "R103_C074", "row": 103, "col": 74, "x": 376697.79057912464, "y": 2045871.902720903, "cell_area_m2": 900.0, "runoff_coefficient": 0.89999997615814209, "surface_class": "building" }, "geometry": { "type": "Point", "coordinates": [ 376697.790579124644864, 2045871.902720903046429 ] } },
{ "type": "Feature", "properties": { "cell_id": "R103_C075", "row": 103, "col": 75, "x": 376727.79057912464, "y": 2045871.902720903, "cell_area_m2": 900.0, "runoff_coefficient": 0.75, "surface_class": "default_urban" }, "geometry": { "type": "Point", "coordinates": [ 376727.790579124644864, 2045871.902720903046429 ] } },
{ "type": "Feature", "properties": { "cell_id": "R103_C076", "row": 103, "col": 76, "x": 376757.79057912464, "y": 2045871.902720903, "cell_area_m2": 900.0, "runoff_coefficient": 0.75, "surface_class": "default_urban" }, "geometry": { "type": "Point", "coordinates": [ 376757.790579124644864, 2045871.902720903046429 ] } },
{ "type": "Feature", "properties": { "cell_id": "R103_C077", "row": 103, "col": 77, "x": 376787.79057912464, "y": 2045871.902720903, "cell_area_m2": 900.0, "runoff_coefficient": 0.75, "surface_class": "default_urban" }, "geometry": { "type": "Point", "coordinates": [ 376787.790579124644864, 2045871.902720903046429 ] } },
{ "type": "Feature", "properties": { "cell_id": "R103_C078", "row": 103, "col": 78, "x": 376817.79057912464, "y": 2045871.902720903, "cell_area_m2": 900.0, "runoff_coefficient": 0.75, "surface_class": "default_urban" }, "geometry": { "type": "Point", "coordinates": [ 376817.790579124644864, 2045871.902720903046429 ] } },
{ "type": "Feature", "properties": { "cell_id": "R103_C079", "row": 103, "col": 79, "x": 376847.79057912464, "y": 2045871.902720903, "cell_area_m2": 900.0, "runoff_coefficient": 0.75, "surface_class": "default_urban" }, "geometry": { "type": "Point", "coordinates": [ 376847.790579124644864, 2045871.902720903046429 ] } },
{ "type": "Feature", "properties": { "cell_id": "R103_C080", "row": 103, "col": 80, "x": 376877.79057912464, "y": 2045871.902720903, "cell_area_m2": 900.0, "runoff_coefficient": 0.75, "surface_class": "default_urban" }, "geometry": { "type": "Point", "coordinates": [ 376877.790579124644864, 2045871.902720903046429 ] } },
{ "type": "Feature", "properties": { "cell_id": "R103_C081", "row": 103, "col": 81, "x": 376907.79057912464, "y": 2045871.902720903, "cell_area_m2": 900.0, "runoff_coefficient": 0.85000002384185791, "surface_class": "road" }, "geometry": { "type": "Point", "coordinates": [ 376907.790579124644864, 2045871.902720903046429 ] } },
{ "type": "Feature", "properties": { "cell_id": "R103_C082", "row": 103, "col": 82, "x": 376937.79057912464, "y": 2045871.902720903, "cell_area_m2": 900.0, "runoff_coefficient": 0.85000002384185791, "surface_class": "road" }, "geometry": { "type": "Point", "coordinates": [ 376937.790579124644864, 2045871.902720903046429 ] } },
{ "type": "Feature", "properties": { "cell_id": "R103_C083", "row": 103, "col": 83, "x": 376967.79057912464, "y": 2045871.902720903, "cell_area_m2": 900.0, "runoff_coefficient": 0.75, "surface_class": "default_urban" }, "geometry": { "type": "Point", "coordinates": [ 376967.790579124644864, 2045871.902720903046429 ] } },
{ "type": "Feature", "properties": { "cell_id": "R103_C084", "row": 103, "col": 84, "x": 376997.79057912464, "y": 2045871.902720903, "cell_area_m2": 900.0, "runoff_coefficient": 0.75, "surface_class": "default_urban" }, "geometry": { "type": "Point", "coordinates": [ 376997.790579124644864, 2045871.902720903046429 ] } },
{ "type": "Feature", "properties": { "cell_id": "R103_C085", "row": 103, "col": 85, "x": 377027.79057912464, "y": 2045871.902720903, "cell_area_m2": 900.0, "runoff_coefficient": 0.89999997615814209, "surface_class": "building" }, "geometry": { "type": "Point", "coordinates": [ 377027.790579124644864, 2045871.902720903046429 ] } },
{ "type": "Feature", "properties": { "cell_id": "R103_C086", "row": 103, "col": 86, "x": 377057.79057912464, "y": 2045871.902720903, "cell_area_m2": 900.0, "runoff_coefficient": 0.75, "surface_class": "default_urban" }, "geometry": { "type": "Point", "coordinates": [ 377057.790579124644864, 2045871.902720903046429 ] } },
{ "type": "Feature", "properties": { "cell_id": "R103_C087", "row": 103, "col": 87, "x": 377087.79057912464, "y": 2045871.902720903, "cell_area_m2": 900.0, "runoff_coefficient": 0.75, "surface_class": "default_urban" }, "geometry": { "type": "Point", "coordinates": [ 377087.790579124644864, 2045871.902720903046429 ] } },
{ "type": "Feature", "properties": { "cell_id": "R103_C088", "row": 103, "col": 88, "x": 377117.79057912464, "y": 2045871.902720903, "cell_area_m2": 900.0, "runoff_coefficient": 0.75, "surface_class": "default_urban" }, "geometry": { "type": "Point", "coordinates": [ 377117.790579124644864, 2045871.902720903046429 ] } },
{ "type": "Feature", "properties": { "cell_id": "R103_C089", "row": 103, "col": 89, "x": 377147.79057912464, "y": 2045871.902720903, "cell_area_m2": 900.0, "runoff_coefficient": 0.75, "surface_class": "default_urban" }, "geometry": { "type": "Point", "coordinates": [ 377147.790579124644864, 2045871.902720903046429 ] } },
{ "type": "Feature", "properties": { "cell_id": "R103_C090", "row": 103, "col": 90, "x": 377177.79057912464, "y": 2045871.902720903, "cell_area_m2": 900.0, "runoff_coefficient": 0.75, "surface_class": "default_urban" }, "geometry": { "type": "Point", "coordinates": [ 377177.790579124644864, 2045871.902720903046429 ] } },
{ "type": "Feature", "properties": { "cell_id": "R103_C091", "row": 103, "col": 91, "x": 377207.79057912464, "y": 2045871.902720903, "cell_area_m2": 900.0, "runoff_coefficient": 0.75, "surface_class": "default_urban" }, "geometry": { "type": "Point", "coordinates": [ 377207.790579124644864, 2045871.902720903046429 ] } },
{ "type": "Feature", "properties": { "cell_id": "R103_C092", "row": 103, "col": 92, "x": 377237.79057912464, "y": 2045871.902720903, "cell_area_m2": 900.0, "runoff_coefficient": 0.75, "surface_class": "default_urban" }, "geometry": { "type": "Point", "coordinates": [ 377237.790579124644864, 2045871.902720903046429 ] } },
{ "type": "Feature", "properties": { "cell_id": "R103_C093", "row": 103, "col": 93, "x": 377267.79057912464, "y": 2045871.902720903, "cell_area_m2": 900.0, "runoff_coefficient": 0.89999997615814209, "surface_class": "building" }, "geometry": { "type": "Point", "coordinates": [ 377267.790579124644864, 2045871.902720903046429 ] } },
{ "type": "Feature", "properties": { "cell_id": "R103_C094", "row": 103, "col": 94, "x": 377297.79057912464, "y": 2045871.902720903, "cell_area_m2": 900.0, "runoff_coefficient": 0.85000002384185791, "surface_class": "road" }, "geometry": { "type": "Point", "coordinates": [ 377297.790579124644864, 2045871.902720903046429 ] } },
{ "type": "Feature", "properties": { "cell_id": "R103_C095", "row": 103, "col": 95, "x": 377327.79057912464, "y": 2045871.902720903, "cell_area_m2": 900.0, "runoff_coefficient": 0.85000002384185791, "surface_class": "road" }, "geometry": { "type": "Point", "coordinates": [ 377327.790579124644864, 2045871.902720903046429 ] } },
{ "type": "Feature", "properties": { "cell_id": "R103_C096", "row": 103, "col": 96, "x": 377357.79057912464, "y": 2045871.902720903, "cell_area_m2": 900.0, "runoff_coefficient": 0.85000002384185791, "surface_class": "road" }, "geometry": { "type": "Point", "coordinates": [ 377357.790579124644864, 2045871.902720903046429 ] } },
{ "type": "Feature", "properties": { "cell_id": "R103_C097", "row": 103, "col": 97, "x": 377387.79057912464, "y": 2045871.902720903, "cell_area_m2": 900.0, "runoff_coefficient": 0.85000002384185791, "surface_class": "road" }, "geometry": { "type": "Point", "coordinates": [ 377387.790579124644864, 2045871.902720903046429 ] } },
{ "type": "Feature", "properties": { "cell_id": "R103_C098", "row": 103, "col": 98, "x": 377417.79057912464, "y": 2045871.902720903, "cell_area_m2": 900.0, "runoff_coefficient": 0.85000002384185791, "surface_class": "road" }, "geometry": { "type": "Point", "coordinates": [ 377417.790579124644864, 2045871.902720903046429 ] } },
{ "type": "Feature", "properties": { "cell_id": "R103_C099", "row": 103, "col": 99, "x": 377447.79057912464, "y": 2045871.902720903, "cell_area_m2": 900.0, "runoff_coefficient": 0.85000002384185791, "surface_class": "road" }, "geometry": { "type": "Point", "coordinates": [ 377447.790579124644864, 2045871.902720903046429 ] } },
{ "type": "Feature", "properties": { "cell_id": "R103_C100", "row": 103, "col": 100, "x": 377477.79057912464, "y": 2045871.902720903, "cell_area_m2": 900.0, "runoff_coefficient": 0.85000002384185791, "surface_class": "road" }, "geometry": { "type": "Point", "coordinates": [ 377477.790579124644864, 2045871.902720903046429 ] } },
{ "type": "Feature", "properties": { "cell_id": "R103_C101", "row": 103, "col": 101, "x": 377507.79057912464, "y": 2045871.902720903, "cell_area_m2": 900.0, "runoff_coefficient": 0.89999997615814209, "surface_class": "building" }, "geometry": { "type": "Point", "coordinates": [ 377507.790579124644864, 2045871.902720903046429 ] } },
{ "type": "Feature", "properties": { "cell_id": "R103_C102", "row": 103, "col": 102, "x": 377537.79057912464, "y": 2045871.902720903, "cell_area_m2": 900.0, "runoff_coefficient": 0.75, "surface_class": "default_urban" }, "geometry": { "type": "Point", "coordinates": [ 377537.790579124644864, 2045871.902720903046429 ] } },
{ "type": "Feature", "properties": { "cell_id": "R103_C103", "row": 103, "col": 103, "x": 377567.79057912464, "y": 2045871.902720903, "cell_area_m2": 900.0, "runoff_coefficient": 0.75, "surface_class": "default_urban" }, "geometry": { "type": "Point", "coordinates": [ 377567.790579124644864, 2045871.902720903046429 ] } },
{ "type": "Feature", "properties": { "cell_id": "R103_C104", "row": 103, "col": 104, "x": 377597.79057912464, "y": 2045871.902720903, "cell_area_m2": 900.0, "runoff_coefficient": 0.85000002384185791, "surface_class": "road" }, "geometry": { "type": "Point", "coordinates": [ 377597.790579124644864, 2045871.902720903046429 ] } },
{ "type": "Feature", "properties": { "cell_id": "R103_C105", "row": 103, "col": 105, "x": 377627.79057912464, "y": 2045871.902720903, "cell_area_m2": 900.0, "runoff_coefficient": 0.85000002384185791, "surface_class": "road" }, "geometry": { "type": "Point", "coordinates": [ 377627.790579124644864, 2045871.902720903046429 ] } },
{ "type": "Feature", "properties": { "cell_id": "R103_C106", "row": 103, "col": 106, "x": 377657.79057912464, "y": 2045871.902720903, "cell_area_m2": 900.0, "runoff_coefficient": 0.85000002384185791, "surface_class": "road" }, "geometry": { "type": "Point", "coordinates": [ 377657.790579124644864, 2045871.902720903046429 ] } },
{ "type": "Feature", "properties": { "cell_id": "R103_C107", "row": 103, "col": 107, "x": 377687.79057912464, "y": 2045871.902720903, "cell_area_m2": 900.0, "runoff_coefficient": 0.85000002384185791, "surface_class": "road" }, "geometry": { "type": "Point", "coordinates": [ 377687.790579124644864, 2045871.902720903046429 ] } },
{ "type": "Feature", "properties": { "cell_id": "R103_C108", "row": 103, "col": 108, "x": 377717.79057912464, "y": 2045871.902720903, "cell_area_m2": 900.0, "runoff_coefficient": 0.75, "surface_class": "default_urban" }, "geometry": { "type": "Point", "coordinates": [ 377717.790579124644864, 2045871.902720903046429 ] } },
{ "type": "Feature", "properties": { "cell_id": "R103_C109", "row": 103, "col": 109, "x": 377747.79057912464, "y": 2045871.902720903, "cell_area_m2": 900.0, "runoff_coefficient": 0.89999997615814209, "surface_class": "building" }, "geometry": { "type": "Point", "coordinates": [ 377747.790579124644864, 2045871.902720903046429 ] } },
{ "type": "Feature", "properties": { "cell_id": "R103_C110", "row": 103, "col": 110, "x": 377777.79057912464, "y": 2045871.902720903, "cell_area_m2": 900.0, "runoff_coefficient": 0.85000002384185791, "surface_class": "road" }, "geometry": { "type": "Point", "coordinates": [ 377777.790579124644864, 2045871.902720903046429 ] } },
{ "type": "Feature", "properties": { "cell_id": "R103_C111", "row": 103, "col": 111, "x": 377807.79057912464, "y": 2045871.902720903, "cell_area_m2": 900.0, "runoff_coefficient": 0.75, "surface_class": "default_urban" }, "geometry": { "type": "Point", "coordinates": [ 377807.790579124644864, 2045871.902720903046429 ] } },
{ "type": "Feature", "properties": { "cell_id": "R103_C112", "row": 103, "col": 112, "x": 377837.79057912464, "y": 2045871.902720903, "cell_area_m2": 900.0, "runoff_coefficient": 0.75, "surface_class": "default_urban" }, "geometry": { "type": "Point", "coordinates": [ 377837.790579124644864, 2045871.902720903046429 ] } },
{ "type": "Feature", "properties": { "cell_id": "R103_C113", "row": 103, "col": 113, "x": 377867.79057912464, "y": 2045871.902720903, "cell_area_m2": 900.0, "runoff_coefficient": 0.75, "surface_class": "default_urban" }, "geometry": { "type": "Point", "coordinates": [ 377867.790579124644864, 2045871.902720903046429 ] } },
{ "type": "Feature", "properties": { "cell_id": "R103_C114", "row": 103, "col": 114, "x": 377897.79057912464, "y": 2045871.902720903, "cell_area_m2": 900.0, "runoff_coefficient": 0.75, "surface_class": "default_urban" }, "geometry": { "type": "Point", "coordinates": [ 377897.790579124644864, 2045871.902720903046429 ] } },
{ "type": "Feature", "properties": { "cell_id": "R103_C115", "row": 103, "col": 115, "x": 377927.79057912464, "y": 2045871.902720903, "cell_area_m2": 900.0, "runoff_coefficient": 0.85000002384185791, "surface_class": "road" }, "geometry": { "type": "Point", "coordinates": [ 377927.790579124644864, 2045871.902720903046429 ] } },
{ "type": "Feature", "properties": { "cell_id": "R103_C116", "row": 103, "col": 116, "x": 377957.79057912464, "y": 2045871.902720903, "cell_area_m2": 900.0, "runoff_coefficient": 0.85000002384185791, "surface_class": "road" }, "geometry": { "type": "Point", "coordinates": [ 377957.790579124644864, 2045871.902720903046429 ] } },
{ "type": "Feature", "properties": { "cell_id": "R103_C117", "row": 103, "col": 117, "x": 377987.79057912464, "y": 2045871.902720903, "cell_area_m2": 900.0, "runoff_coefficient": 0.89999997615814209, "surface_class": "building" }, "geometry": { "type": "Point", "coordinates": [ 377987.790579124644864, 2045871.902720903046429 ] } },
{ "type": "Feature", "properties": { "cell_id": "R103_C118", "row": 103, "col": 118, "x": 378017.79057912464, "y": 2045871.902720903, "cell_area_m2": 900.0, "runoff_coefficient": 0.75, "surface_class": "default_urban" }, "geometry": { "type": "Point", "coordinates": [ 378017.790579124644864, 2045871.902720903046429 ] } },
{ "type": "Feature", "properties": { "cell_id": "R103_C119", "row": 103, "col": 119, "x": 378047.79057912464, "y": 2045871.902720903, "cell_area_m2": 900.0, "runoff_coefficient": 0.75, "surface_class": "default_urban" }, "geometry": { "type": "Point", "coordinates": [ 378047.790579124644864, 2045871.902720903046429 ] } },
{ "type": "Feature", "properties": { "cell_id": "R103_C120", "row": 103, "col": 120, "x": 378077.79057912464, "y": 2045871.902720903, "cell_area_m2": 900.0, "runoff_coefficient": 0.75, "surface_class": "default_urban" }, "geometry": { "type": "Point", "coordinates": [ 378077.790579124644864, 2045871.902720903046429 ] } },
{ "type": "Feature", "properties": { "cell_id": "R103_C121", "row": 103, "col": 121, "x": 378107.79057912464, "y": 2045871.902720903, "cell_area_m2": 900.0, "runoff_coefficient": 0.75, "surface_class": "default_urban" }, "geometry": { "type": "Point", "coordinates": [ 378107.790579124644864, 2045871.902720903046429 ] } },
{ "type": "Feature", "properties": { "cell_id": "R103_C122", "row": 103, "col": 122, "x": 378137.79057912464, "y": 2045871.902720903, "cell_area_m2": 900.0, "runoff_coefficient": 0.75, "surface_class": "default_urban" }, "geometry": { "type": "Point", "coordinates": [ 378137.790579124644864, 2045871.902720903046429 ] } },
{ "type": "Feature", "properties": { "cell_id": "R103_C123", "row": 103, "col": 123, "x": 378167.79057912464, "y": 2045871.902720903, "cell_area_m2": 900.0, "runoff_coefficient": 0.75, "surface_class": "default_urban" }, "geometry": { "type": "Point", "coordinates": [ 378167.790579124644864, 2045871.902720903046429 ] } },
{ "type": "Feature", "properties": { "cell_id": "R103_C124", "row": 103, "col": 124, "x": 378197.79057912464, "y": 2045871.902720903, "cell_area_m2": 900.0, "runoff_coefficient": 0.85000002384185791, "surface_class": "road" }, "geometry": { "type": "Point", "coordinates": [ 378197.790579124644864, 2045871.902720903046429 ] } },
{ "type": "Feature", "properties": { "cell_id": "R103_C125", "row": 103, "col": 125, "x": 378227.79057912464, "y": 2045871.902720903, "cell_area_m2": 900.0, "runoff_coefficient": 0.75, "surface_class": "default_urban" }, "geometry": { "type": "Point", "coordinates": [ 378227.790579124644864, 2045871.902720903046429 ] } },
{ "type": "Feature", "properties": { "cell_id": "R103_C126", "row": 103, "col": 126, "x": 378257.79057912464, "y": 2045871.902720903, "cell_area_m2": 900.0, "runoff_coefficient": 0.75, "surface_class": "default_urban" }, "geometry": { "type": "Point", "coordinates": [ 378257.790579124644864, 2045871.902720903046429 ] } },
{ "type": "Feature", "properties": { "cell_id": "R103_C127", "row": 103, "col": 127, "x": 378287.79057912464, "y": 2045871.902720903, "cell_area_m2": 900.0, "runoff_coefficient": 0.85000002384185791, "surface_class": "road" }, "geometry": { "type": "Point", "coordinates": [ 378287.790579124644864, 2045871.902720903046429 ] } },
{ "type": "Feature", "properties": { "cell_id": "R103_C128", "row": 103, "col": 128, "x": 378317.79057912464, "y": 2045871.902720903, "cell_area_m2": 900.0, "runoff_coefficient": 0.85000002384185791, "surface_class": "road" }, "geometry": { "type": "Point", "coordinates": [ 378317.790579124644864, 2045871.902720903046429 ] } },
{ "type": "Feature", "properties": { "cell_id": "R103_C129", "row": 103, "col": 129, "x": 378347.79057912464, "y": 2045871.902720903, "cell_area_m2": 900.0, "runoff_coefficient": 0.85000002384185791, "surface_class": "road" }, "geometry": { "type": "Point", "coordinates": [ 378347.790579124644864, 2045871.902720903046429 ] } },
{ "type": "Feature", "properties": { "cell_id": "R103_C130", "row": 103, "col": 130, "x": 378377.79057912464, "y": 2045871.902720903, "cell_area_m2": 900.0, "runoff_coefficient": 0.85000002384185791, "surface_class": "road" }, "geometry": { "type": "Point", "coordinates": [ 378377.790579124644864, 2045871.902720903046429 ] } },
{ "type": "Feature", "properties": { "cell_id": "R103_C131", "row": 103, "col": 131, "x": 378407.79057912464, "y": 2045871.902720903, "cell_area_m2": 900.0, "runoff_coefficient": 0.85000002384185791, "surface_class": "road" }, "geometry": { "type": "Point", "coordinates": [ 378407.790579124644864, 2045871.902720903046429 ] } },
{ "type": "Feature", "properties": { "cell_id": "R103_C132", "row": 103, "col": 132, "x": 378437.79057912464, "y": 2045871.902720903, "cell_area_m2": 900.0, "runoff_coefficient": 0.85000002384185791, "surface_class": "road" }, "geometry": { "type": "Point", "coordinates": [ 378437.790579124644864, 2045871.902720903046429 ] } },
{ "type": "Feature", "properties": { "cell_id": "R103_C133", "row": 103, "col": 133, "x": 378467.79057912464, "y": 2045871.902720903, "cell_area_m2": 900.0, "runoff_coefficient": 0.85000002384185791, "surface_class": "road" }, "geometry": { "type": "Point", "coordinates": [ 378467.790579124644864, 2045871.902720903046429 ] } },
{ "type": "Feature", "properties": { "cell_id": "R103_C134", "row": 103, "col": 134, "x": 378497.79057912464, "y": 2045871.902720903, "cell_area_m2": 900.0, "runoff_coefficient": 0.75, "surface_class": "default_urban" }, "geometry": { "type": "Point", "coordinates": [ 378497.790579124644864, 2045871.902720903046429 ] } },
{ "type": "Feature", "properties": { "cell_id": "R103_C135", "row": 103, "col": 135, "x": 378527.79057912464, "y": 2045871.902720903, "cell_area_m2": 900.0, "runoff_coefficient": 0.75, "surface_class": "default_urban" }, "geometry": { "type": "Point", "coordinates": [ 378527.790579124644864, 2045871.902720903046429 ] } },
{ "type": "Feature", "properties": { "cell_id": "R103_C136", "row": 103, "col": 136, "x": 378557.79057912464, "y": 2045871.902720903, "cell_area_m2": 900.0, "runoff_coefficient": 0.89999997615814209, "surface_class": "building" }, "geometry": { "type": "Point", "coordinates": [ 378557.790579124644864, 2045871.902720903046429 ] } },
{ "type": "Feature", "properties": { "cell_id": "R104_C074", "row": 104, "col": 74, "x": 376697.79057912464, "y": 2045841.902720903, "cell_area_m2": 900.0, "runoff_coefficient": 0.85000002384185791, "surface_class": "road" }, "geometry": { "type": "Point", "coordinates": [ 376697.790579124644864, 2045841.902720903046429 ] } },
{ "type": "Feature", "properties": { "cell_id": "R104_C075", "row": 104, "col": 75, "x": 376727.79057912464, "y": 2045841.902720903, "cell_area_m2": 900.0, "runoff_coefficient": 0.89999997615814209, "surface_class": "building" }, "geometry": { "type": "Point", "coordinates": [ 376727.790579124644864, 2045841.902720903046429 ] } },
{ "type": "Feature", "properties": { "cell_id": "R104_C076", "row": 104, "col": 76, "x": 376757.79057912464, "y": 2045841.902720903, "cell_area_m2": 900.0, "runoff_coefficient": 0.75, "surface_class": "default_urban" }, "geometry": { "type": "Point", "coordinates": [ 376757.790579124644864, 2045841.902720903046429 ] } },
{ "type": "Feature", "properties": { "cell_id": "R104_C077", "row": 104, "col": 77, "x": 376787.79057912464, "y": 2045841.902720903, "cell_area_m2": 900.0, "runoff_coefficient": 0.89999997615814209, "surface_class": "building" }, "geometry": { "type": "Point", "coordinates": [ 376787.790579124644864, 2045841.902720903046429 ] } },
{ "type": "Feature", "properties": { "cell_id": "R104_C078", "row": 104, "col": 78, "x": 376817.79057912464, "y": 2045841.902720903, "cell_area_m2": 900.0, "runoff_coefficient": 0.75, "surface_class": "default_urban" }, "geometry": { "type": "Point", "coordinates": [ 376817.790579124644864, 2045841.902720903046429 ] } },
{ "type": "Feature", "properties": { "cell_id": "R104_C079", "row": 104, "col": 79, "x": 376847.79057912464, "y": 2045841.902720903, "cell_area_m2": 900.0, "runoff_coefficient": 0.75, "surface_class": "default_urban" }, "geometry": { "type": "Point", "coordinates": [ 376847.790579124644864, 2045841.902720903046429 ] } },
{ "type": "Feature", "properties": { "cell_id": "R104_C080", "row": 104, "col": 80, "x": 376877.79057912464, "y": 2045841.902720903, "cell_area_m2": 900.0, "runoff_coefficient": 0.85000002384185791, "surface_class": "road" }, "geometry": { "type": "Point", "coordinates": [ 376877.790579124644864, 2045841.902720903046429 ] } },
{ "type": "Feature", "properties": { "cell_id": "R104_C081", "row": 104, "col": 81, "x": 376907.79057912464, "y": 2045841.902720903, "cell_area_m2": 900.0, "runoff_coefficient": 0.89999997615814209, "surface_class": "building" }, "geometry": { "type": "Point", "coordinates": [ 376907.790579124644864, 2045841.902720903046429 ] } },
{ "type": "Feature", "properties": { "cell_id": "R104_C082", "row": 104, "col": 82, "x": 376937.79057912464, "y": 2045841.902720903, "cell_area_m2": 900.0, "runoff_coefficient": 0.75, "surface_class": "default_urban" }, "geometry": { "type": "Point", "coordinates": [ 376937.790579124644864, 2045841.902720903046429 ] } },
{ "type": "Feature", "properties": { "cell_id": "R104_C083", "row": 104, "col": 83, "x": 376967.79057912464, "y": 2045841.902720903, "cell_area_m2": 900.0, "runoff_coefficient": 0.75, "surface_class": "default_urban" }, "geometry": { "type": "Point", "coordinates": [ 376967.790579124644864, 2045841.902720903046429 ] } },
{ "type": "Feature", "properties": { "cell_id": "R104_C084", "row": 104, "col": 84, "x": 376997.79057912464, "y": 2045841.902720903, "cell_area_m2": 900.0, "runoff_coefficient": 0.75, "surface_class": "default_urban" }, "geometry": { "type": "Point", "coordinates": [ 376997.790579124644864, 2045841.902720903046429 ] } },
{ "type": "Feature", "properties": { "cell_id": "R104_C085", "row": 104, "col": 85, "x": 377027.79057912464, "y": 2045841.902720903, "cell_area_m2": 900.0, "runoff_coefficient": 0.75, "surface_class": "default_urban" }, "geometry": { "type": "Point", "coordinates": [ 377027.790579124644864, 2045841.902720903046429 ] } },
{ "type": "Feature", "properties": { "cell_id": "R104_C086", "row": 104, "col": 86, "x": 377057.79057912464, "y": 2045841.902720903, "cell_area_m2": 900.0, "runoff_coefficient": 0.75, "surface_class": "default_urban" }, "geometry": { "type": "Point", "coordinates": [ 377057.790579124644864, 2045841.902720903046429 ] } },
{ "type": "Feature", "properties": { "cell_id": "R104_C087", "row": 104, "col": 87, "x": 377087.79057912464, "y": 2045841.902720903, "cell_area_m2": 900.0, "runoff_coefficient": 0.75, "surface_class": "default_urban" }, "geometry": { "type": "Point", "coordinates": [ 377087.790579124644864, 2045841.902720903046429 ] } },
{ "type": "Feature", "properties": { "cell_id": "R104_C088", "row": 104, "col": 88, "x": 377117.79057912464, "y": 2045841.902720903, "cell_area_m2": 900.0, "runoff_coefficient": 0.75, "surface_class": "default_urban" }, "geometry": { "type": "Point", "coordinates": [ 377117.790579124644864, 2045841.902720903046429 ] } },
{ "type": "Feature", "properties": { "cell_id": "R104_C089", "row": 104, "col": 89, "x": 377147.79057912464, "y": 2045841.902720903, "cell_area_m2": 900.0, "runoff_coefficient": 0.75, "surface_class": "default_urban" }, "geometry": { "type": "Point", "coordinates": [ 377147.790579124644864, 2045841.902720903046429 ] } },
{ "type": "Feature", "properties": { "cell_id": "R104_C090", "row": 104, "col": 90, "x": 377177.79057912464, "y": 2045841.902720903, "cell_area_m2": 900.0, "runoff_coefficient": 0.75, "surface_class": "default_urban" }, "geometry": { "type": "Point", "coordinates": [ 377177.790579124644864, 2045841.902720903046429 ] } },
{ "type": "Feature", "properties": { "cell_id": "R104_C091", "row": 104, "col": 91, "x": 377207.79057912464, "y": 2045841.902720903, "cell_area_m2": 900.0, "runoff_coefficient": 0.75, "surface_class": "default_urban" }, "geometry": { "type": "Point", "coordinates": [ 377207.790579124644864, 2045841.902720903046429 ] } },
{ "type": "Feature", "properties": { "cell_id": "R104_C092", "row": 104, "col": 92, "x": 377237.79057912464, "y": 2045841.902720903, "cell_area_m2": 900.0, "runoff_coefficient": 0.75, "surface_class": "default_urban" }, "geometry": { "type": "Point", "coordinates": [ 377237.790579124644864, 2045841.902720903046429 ] } },
{ "type": "Feature", "properties": { "cell_id": "R104_C093", "row": 104, "col": 93, "x": 377267.79057912464, "y": 2045841.902720903, "cell_area_m2": 900.0, "runoff_coefficient": 0.89999997615814209, "surface_class": "building" }, "geometry": { "type": "Point", "coordinates": [ 377267.790579124644864, 2045841.902720903046429 ] } },
{ "type": "Feature", "properties": { "cell_id": "R104_C094", "row": 104, "col": 94, "x": 377297.79057912464, "y": 2045841.902720903, "cell_area_m2": 900.0, "runoff_coefficient": 0.85000002384185791, "surface_class": "road" }, "geometry": { "type": "Point", "coordinates": [ 377297.790579124644864, 2045841.902720903046429 ] } },
{ "type": "Feature", "properties": { "cell_id": "R104_C095", "row": 104, "col": 95, "x": 377327.79057912464, "y": 2045841.902720903, "cell_area_m2": 900.0, "runoff_coefficient": 0.85000002384185791, "surface_class": "road" }, "geometry": { "type": "Point", "coordinates": [ 377327.790579124644864, 2045841.902720903046429 ] } },
{ "type": "Feature", "properties": { "cell_id": "R104_C096", "row": 104, "col": 96, "x": 377357.79057912464, "y": 2045841.902720903, "cell_area_m2": 900.0, "runoff_coefficient": 0.75, "surface_class": "default_urban" }, "geometry": { "type": "Point", "coordinates": [ 377357.790579124644864, 2045841.902720903046429 ] } },
{ "type": "Feature", "properties": { "cell_id": "R104_C097", "row": 104, "col": 97, "x": 377387.79057912464, "y": 2045841.902720903, "cell_area_m2": 900.0, "runoff_coefficient": 0.75, "surface_class": "default_urban" }, "geometry": { "type": "Point", "coordinates": [ 377387.790579124644864, 2045841.902720903046429 ] } },
{ "type": "Feature", "properties": { "cell_id": "R104_C098", "row": 104, "col": 98, "x": 377417.79057912464, "y": 2045841.902720903, "cell_area_m2": 900.0, "runoff_coefficient": 0.85000002384185791, "surface_class": "road" }, "geometry": { "type": "Point", "coordinates": [ 377417.790579124644864, 2045841.902720903046429 ] } },
{ "type": "Feature", "properties": { "cell_id": "R104_C099", "row": 104, "col": 99, "x": 377447.79057912464, "y": 2045841.902720903, "cell_area_m2": 900.0, "runoff_coefficient": 0.85000002384185791, "surface_class": "road" }, "geometry": { "type": "Point", "coordinates": [ 377447.790579124644864, 2045841.902720903046429 ] } },
{ "type": "Feature", "properties": { "cell_id": "R104_C100", "row": 104, "col": 100, "x": 377477.79057912464, "y": 2045841.902720903, "cell_area_m2": 900.0, "runoff_coefficient": 0.85000002384185791, "surface_class": "road" }, "geometry": { "type": "Point", "coordinates": [ 377477.790579124644864, 2045841.902720903046429 ] } },
{ "type": "Feature", "properties": { "cell_id": "R104_C101", "row": 104, "col": 101, "x": 377507.79057912464, "y": 2045841.902720903, "cell_area_m2": 900.0, "runoff_coefficient": 0.85000002384185791, "surface_class": "road" }, "geometry": { "type": "Point", "coordinates": [ 377507.790579124644864, 2045841.902720903046429 ] } },
{ "type": "Feature", "properties": { "cell_id": "R104_C102", "row": 104, "col": 102, "x": 377537.79057912464, "y": 2045841.902720903, "cell_area_m2": 900.0, "runoff_coefficient": 0.85000002384185791, "surface_class": "road" }, "geometry": { "type": "Point", "coordinates": [ 377537.790579124644864, 2045841.902720903046429 ] } },
{ "type": "Feature", "properties": { "cell_id": "R104_C103", "row": 104, "col": 103, "x": 377567.79057912464, "y": 2045841.902720903, "cell_area_m2": 900.0, "runoff_coefficient": 0.89999997615814209, "surface_class": "building" }, "geometry": { "type": "Point", "coordinates": [ 377567.790579124644864, 2045841.902720903046429 ] } },
{ "type": "Feature", "properties": { "cell_id": "R104_C104", "row": 104, "col": 104, "x": 377597.79057912464, "y": 2045841.902720903, "cell_area_m2": 900.0, "runoff_coefficient": 0.85000002384185791, "surface_class": "road" }, "geometry": { "type": "Point", "coordinates": [ 377597.790579124644864, 2045841.902720903046429 ] } },
{ "type": "Feature", "properties": { "cell_id": "R104_C105", "row": 104, "col": 105, "x": 377627.79057912464, "y": 2045841.902720903, "cell_area_m2": 900.0, "runoff_coefficient": 0.85000002384185791, "surface_class": "road" }, "geometry": { "type": "Point", "coordinates": [ 377627.790579124644864, 2045841.902720903046429 ] } },
{ "type": "Feature", "properties": { "cell_id": "R104_C106", "row": 104, "col": 106, "x": 377657.79057912464, "y": 2045841.902720903, "cell_area_m2": 900.0, "runoff_coefficient": 0.89999997615814209, "surface_class": "building" }, "geometry": { "type": "Point", "coordinates": [ 377657.790579124644864, 2045841.902720903046429 ] } },
{ "type": "Feature", "properties": { "cell_id": "R104_C107", "row": 104, "col": 107, "x": 377687.79057912464, "y": 2045841.902720903, "cell_area_m2": 900.0, "runoff_coefficient": 0.89999997615814209, "surface_class": "building" }, "geometry": { "type": "Point", "coordinates": [ 377687.790579124644864, 2045841.902720903046429 ] } },
{ "type": "Feature", "properties": { "cell_id": "R104_C108", "row": 104, "col": 108, "x": 377717.79057912464, "y": 2045841.902720903, "cell_area_m2": 900.0, "runoff_coefficient": 0.75, "surface_class": "default_urban" }, "geometry": { "type": "Point", "coordinates": [ 377717.790579124644864, 2045841.902720903046429 ] } },
{ "type": "Feature", "properties": { "cell_id": "R104_C109", "row": 104, "col": 109, "x": 377747.79057912464, "y": 2045841.902720903, "cell_area_m2": 900.0, "runoff_coefficient": 0.75, "surface_class": "default_urban" }, "geometry": { "type": "Point", "coordinates": [ 377747.790579124644864, 2045841.902720903046429 ] } },
{ "type": "Feature", "properties": { "cell_id": "R104_C110", "row": 104, "col": 110, "x": 377777.79057912464, "y": 2045841.902720903, "cell_area_m2": 900.0, "runoff_coefficient": 0.85000002384185791, "surface_class": "road" }, "geometry": { "type": "Point", "coordinates": [ 377777.790579124644864, 2045841.902720903046429 ] } },
{ "type": "Feature", "properties": { "cell_id": "R104_C111", "row": 104, "col": 111, "x": 377807.79057912464, "y": 2045841.902720903, "cell_area_m2": 900.0, "runoff_coefficient": 0.75, "surface_class": "default_urban" }, "geometry": { "type": "Point", "coordinates": [ 377807.790579124644864, 2045841.902720903046429 ] } },
{ "type": "Feature", "properties": { "cell_id": "R104_C112", "row": 104, "col": 112, "x": 377837.79057912464, "y": 2045841.902720903, "cell_area_m2": 900.0, "runoff_coefficient": 0.75, "surface_class": "default_urban" }, "geometry": { "type": "Point", "coordinates": [ 377837.790579124644864, 2045841.902720903046429 ] } },
{ "type": "Feature", "properties": { "cell_id": "R104_C113", "row": 104, "col": 113, "x": 377867.79057912464, "y": 2045841.902720903, "cell_area_m2": 900.0, "runoff_coefficient": 0.85000002384185791, "surface_class": "road" }, "geometry": { "type": "Point", "coordinates": [ 377867.790579124644864, 2045841.902720903046429 ] } },
{ "type": "Feature", "properties": { "cell_id": "R104_C114", "row": 104, "col": 114, "x": 377897.79057912464, "y": 2045841.902720903, "cell_area_m2": 900.0, "runoff_coefficient": 0.85000002384185791, "surface_class": "road" }, "geometry": { "type": "Point", "coordinates": [ 377897.790579124644864, 2045841.902720903046429 ] } },
{ "type": "Feature", "properties": { "cell_id": "R104_C115", "row": 104, "col": 115, "x": 377927.79057912464, "y": 2045841.902720903, "cell_area_m2": 900.0, "runoff_coefficient": 0.85000002384185791, "surface_class": "road" }, "geometry": { "type": "Point", "coordinates": [ 377927.790579124644864, 2045841.902720903046429 ] } },
{ "type": "Feature", "properties": { "cell_id": "R104_C116", "row": 104, "col": 116, "x": 377957.79057912464, "y": 2045841.902720903, "cell_area_m2": 900.0, "runoff_coefficient": 0.75, "surface_class": "default_urban" }, "geometry": { "type": "Point", "coordinates": [ 377957.790579124644864, 2045841.902720903046429 ] } },
{ "type": "Feature", "properties": { "cell_id": "R104_C117", "row": 104, "col": 117, "x": 377987.79057912464, "y": 2045841.902720903, "cell_area_m2": 900.0, "runoff_coefficient": 0.89999997615814209, "surface_class": "building" }, "geometry": { "type": "Point", "coordinates": [ 377987.790579124644864, 2045841.902720903046429 ] } },
{ "type": "Feature", "properties": { "cell_id": "R104_C118", "row": 104, "col": 118, "x": 378017.79057912464, "y": 2045841.902720903, "cell_area_m2": 900.0, "runoff_coefficient": 0.75, "surface_class": "default_urban" }, "geometry": { "type": "Point", "coordinates": [ 378017.790579124644864, 2045841.902720903046429 ] } },
{ "type": "Feature", "properties": { "cell_id": "R104_C119", "row": 104, "col": 119, "x": 378047.79057912464, "y": 2045841.902720903, "cell_area_m2": 900.0, "runoff_coefficient": 0.75, "surface_class": "default_urban" }, "geometry": { "type": "Point", "coordinates": [ 378047.790579124644864, 2045841.902720903046429 ] } },
{ "type": "Feature", "properties": { "cell_id": "R104_C120", "row": 104, "col": 120, "x": 378077.79057912464, "y": 2045841.902720903, "cell_area_m2": 900.0, "runoff_coefficient": 0.75, "surface_class": "default_urban" }, "geometry": { "type": "Point", "coordinates": [ 378077.790579124644864, 2045841.902720903046429 ] } },
{ "type": "Feature", "properties": { "cell_id": "R104_C121", "row": 104, "col": 121, "x": 378107.79057912464, "y": 2045841.902720903, "cell_area_m2": 900.0, "runoff_coefficient": 0.75, "surface_class": "default_urban" }, "geometry": { "type": "Point", "coordinates": [ 378107.790579124644864, 2045841.902720903046429 ] } },
{ "type": "Feature", "properties": { "cell_id": "R104_C122", "row": 104, "col": 122, "x": 378137.79057912464, "y": 2045841.902720903, "cell_area_m2": 900.0, "runoff_coefficient": 0.75, "surface_class": "default_urban" }, "geometry": { "type": "Point", "coordinates": [ 378137.790579124644864, 2045841.902720903046429 ] } },
{ "type": "Feature", "properties": { "cell_id": "R104_C123", "row": 104, "col": 123, "x": 378167.79057912464, "y": 2045841.902720903, "cell_area_m2": 900.0, "runoff_coefficient": 0.75, "surface_class": "default_urban" }, "geometry": { "type": "Point", "coordinates": [ 378167.790579124644864, 2045841.902720903046429 ] } },
{ "type": "Feature", "properties": { "cell_id": "R104_C124", "row": 104, "col": 124, "x": 378197.79057912464, "y": 2045841.902720903, "cell_area_m2": 900.0, "runoff_coefficient": 0.85000002384185791, "surface_class": "road" }, "geometry": { "type": "Point", "coordinates": [ 378197.790579124644864, 2045841.902720903046429 ] } },
{ "type": "Feature", "properties": { "cell_id": "R104_C125", "row": 104, "col": 125, "x": 378227.79057912464, "y": 2045841.902720903, "cell_area_m2": 900.0, "runoff_coefficient": 0.85000002384185791, "surface_class": "road" }, "geometry": { "type": "Point", "coordinates": [ 378227.790579124644864, 2045841.902720903046429 ] } },
{ "type": "Feature", "properties": { "cell_id": "R104_C126", "row": 104, "col": 126, "x": 378257.79057912464, "y": 2045841.902720903, "cell_area_m2": 900.0, "runoff_coefficient": 0.85000002384185791, "surface_class": "road" }, "geometry": { "type": "Point", "coordinates": [ 378257.790579124644864, 2045841.902720903046429 ] } },
{ "type": "Feature", "properties": { "cell_id": "R104_C127", "row": 104, "col": 127, "x": 378287.79057912464, "y": 2045841.902720903, "cell_area_m2": 900.0, "runoff_coefficient": 0.89999997615814209, "surface_class": "building" }, "geometry": { "type": "Point", "coordinates": [ 378287.790579124644864, 2045841.902720903046429 ] } },
{ "type": "Feature", "properties": { "cell_id": "R104_C128", "row": 104, "col": 128, "x": 378317.79057912464, "y": 2045841.902720903, "cell_area_m2": 900.0, "runoff_coefficient": 0.85000002384185791, "surface_class": "road" }, "geometry": { "type": "Point", "coordinates": [ 378317.790579124644864, 2045841.902720903046429 ] } },
{ "type": "Feature", "properties": { "cell_id": "R104_C129", "row": 104, "col": 129, "x": 378347.79057912464, "y": 2045841.902720903, "cell_area_m2": 900.0, "runoff_coefficient": 0.85000002384185791, "surface_class": "road" }, "geometry": { "type": "Point", "coordinates": [ 378347.790579124644864, 2045841.902720903046429 ] } },
{ "type": "Feature", "properties": { "cell_id": "R104_C130", "row": 104, "col": 130, "x": 378377.79057912464, "y": 2045841.902720903, "cell_area_m2": 900.0, "runoff_coefficient": 0.75, "surface_class": "default_urban" }, "geometry": { "type": "Point", "coordinates": [ 378377.790579124644864, 2045841.902720903046429 ] } },
{ "type": "Feature", "properties": { "cell_id": "R104_C131", "row": 104, "col": 131, "x": 378407.79057912464, "y": 2045841.902720903, "cell_area_m2": 900.0, "runoff_coefficient": 0.75, "surface_class": "default_urban" }, "geometry": { "type": "Point", "coordinates": [ 378407.790579124644864, 2045841.902720903046429 ] } },
{ "type": "Feature", "properties": { "cell_id": "R104_C132", "row": 104, "col": 132, "x": 378437.79057912464, "y": 2045841.902720903, "cell_area_m2": 900.0, "runoff_coefficient": 0.75, "surface_class": "default_urban" }, "geometry": { "type": "Point", "coordinates": [ 378437.790579124644864, 2045841.902720903046429 ] } },
{ "type": "Feature", "properties": { "cell_id": "R104_C133", "row": 104, "col": 133, "x": 378467.79057912464, "y": 2045841.902720903, "cell_area_m2": 900.0, "runoff_coefficient": 0.85000002384185791, "surface_class": "road" }, "geometry": { "type": "Point", "coordinates": [ 378467.790579124644864, 2045841.902720903046429 ] } },
{ "type": "Feature", "properties": { "cell_id": "R104_C134", "row": 104, "col": 134, "x": 378497.79057912464, "y": 2045841.902720903, "cell_area_m2": 900.0, "runoff_coefficient": 0.85000002384185791, "surface_class": "road" }, "geometry": { "type": "Point", "coordinates": [ 378497.790579124644864, 2045841.902720903046429 ] } },
{ "type": "Feature", "properties": { "cell_id": "R105_C076", "row": 105, "col": 76, "x": 376757.79057912464, "y": 2045811.902720903, "cell_area_m2": 900.0, "runoff_coefficient": 0.75, "surface_class": "default_urban" }, "geometry": { "type": "Point", "coordinates": [ 376757.790579124644864, 2045811.902720903046429 ] } },
{ "type": "Feature", "properties": { "cell_id": "R105_C077", "row": 105, "col": 77, "x": 376787.79057912464, "y": 2045811.902720903, "cell_area_m2": 900.0, "runoff_coefficient": 0.75, "surface_class": "default_urban" }, "geometry": { "type": "Point", "coordinates": [ 376787.790579124644864, 2045811.902720903046429 ] } },
{ "type": "Feature", "properties": { "cell_id": "R105_C078", "row": 105, "col": 78, "x": 376817.79057912464, "y": 2045811.902720903, "cell_area_m2": 900.0, "runoff_coefficient": 0.75, "surface_class": "default_urban" }, "geometry": { "type": "Point", "coordinates": [ 376817.790579124644864, 2045811.902720903046429 ] } },
{ "type": "Feature", "properties": { "cell_id": "R105_C079", "row": 105, "col": 79, "x": 376847.79057912464, "y": 2045811.902720903, "cell_area_m2": 900.0, "runoff_coefficient": 0.75, "surface_class": "default_urban" }, "geometry": { "type": "Point", "coordinates": [ 376847.790579124644864, 2045811.902720903046429 ] } },
{ "type": "Feature", "properties": { "cell_id": "R105_C080", "row": 105, "col": 80, "x": 376877.79057912464, "y": 2045811.902720903, "cell_area_m2": 900.0, "runoff_coefficient": 0.85000002384185791, "surface_class": "road" }, "geometry": { "type": "Point", "coordinates": [ 376877.790579124644864, 2045811.902720903046429 ] } },
{ "type": "Feature", "properties": { "cell_id": "R105_C081", "row": 105, "col": 81, "x": 376907.79057912464, "y": 2045811.902720903, "cell_area_m2": 900.0, "runoff_coefficient": 0.75, "surface_class": "default_urban" }, "geometry": { "type": "Point", "coordinates": [ 376907.790579124644864, 2045811.902720903046429 ] } },
{ "type": "Feature", "properties": { "cell_id": "R105_C082", "row": 105, "col": 82, "x": 376937.79057912464, "y": 2045811.902720903, "cell_area_m2": 900.0, "runoff_coefficient": 0.75, "surface_class": "default_urban" }, "geometry": { "type": "Point", "coordinates": [ 376937.790579124644864, 2045811.902720903046429 ] } },
{ "type": "Feature", "properties": { "cell_id": "R105_C083", "row": 105, "col": 83, "x": 376967.79057912464, "y": 2045811.902720903, "cell_area_m2": 900.0, "runoff_coefficient": 0.75, "surface_class": "default_urban" }, "geometry": { "type": "Point", "coordinates": [ 376967.790579124644864, 2045811.902720903046429 ] } },
{ "type": "Feature", "properties": { "cell_id": "R105_C084", "row": 105, "col": 84, "x": 376997.79057912464, "y": 2045811.902720903, "cell_area_m2": 900.0, "runoff_coefficient": 0.89999997615814209, "surface_class": "building" }, "geometry": { "type": "Point", "coordinates": [ 376997.790579124644864, 2045811.902720903046429 ] } },
{ "type": "Feature", "properties": { "cell_id": "R105_C085", "row": 105, "col": 85, "x": 377027.79057912464, "y": 2045811.902720903, "cell_area_m2": 900.0, "runoff_coefficient": 0.89999997615814209, "surface_class": "building" }, "geometry": { "type": "Point", "coordinates": [ 377027.790579124644864, 2045811.902720903046429 ] } },
{ "type": "Feature", "properties": { "cell_id": "R105_C086", "row": 105, "col": 86, "x": 377057.79057912464, "y": 2045811.902720903, "cell_area_m2": 900.0, "runoff_coefficient": 0.75, "surface_class": "default_urban" }, "geometry": { "type": "Point", "coordinates": [ 377057.790579124644864, 2045811.902720903046429 ] } },
{ "type": "Feature", "properties": { "cell_id": "R105_C087", "row": 105, "col": 87, "x": 377087.79057912464, "y": 2045811.902720903, "cell_area_m2": 900.0, "runoff_coefficient": 0.75, "surface_class": "default_urban" }, "geometry": { "type": "Point", "coordinates": [ 377087.790579124644864, 2045811.902720903046429 ] } },
{ "type": "Feature", "properties": { "cell_id": "R105_C088", "row": 105, "col": 88, "x": 377117.79057912464, "y": 2045811.902720903, "cell_area_m2": 900.0, "runoff_coefficient": 0.75, "surface_class": "default_urban" }, "geometry": { "type": "Point", "coordinates": [ 377117.790579124644864, 2045811.902720903046429 ] } },
{ "type": "Feature", "properties": { "cell_id": "R105_C089", "row": 105, "col": 89, "x": 377147.79057912464, "y": 2045811.902720903, "cell_area_m2": 900.0, "runoff_coefficient": 0.75, "surface_class": "default_urban" }, "geometry": { "type": "Point", "coordinates": [ 377147.790579124644864, 2045811.902720903046429 ] } },
{ "type": "Feature", "properties": { "cell_id": "R105_C090", "row": 105, "col": 90, "x": 377177.79057912464, "y": 2045811.902720903, "cell_area_m2": 900.0, "runoff_coefficient": 0.75, "surface_class": "default_urban" }, "geometry": { "type": "Point", "coordinates": [ 377177.790579124644864, 2045811.902720903046429 ] } },
{ "type": "Feature", "properties": { "cell_id": "R105_C091", "row": 105, "col": 91, "x": 377207.79057912464, "y": 2045811.902720903, "cell_area_m2": 900.0, "runoff_coefficient": 0.75, "surface_class": "default_urban" }, "geometry": { "type": "Point", "coordinates": [ 377207.790579124644864, 2045811.902720903046429 ] } },
{ "type": "Feature", "properties": { "cell_id": "R105_C092", "row": 105, "col": 92, "x": 377237.79057912464, "y": 2045811.902720903, "cell_area_m2": 900.0, "runoff_coefficient": 0.75, "surface_class": "default_urban" }, "geometry": { "type": "Point", "coordinates": [ 377237.790579124644864, 2045811.902720903046429 ] } },
{ "type": "Feature", "properties": { "cell_id": "R105_C093", "row": 105, "col": 93, "x": 377267.79057912464, "y": 2045811.902720903, "cell_area_m2": 900.0, "runoff_coefficient": 0.85000002384185791, "surface_class": "road" }, "geometry": { "type": "Point", "coordinates": [ 377267.790579124644864, 2045811.902720903046429 ] } },
{ "type": "Feature", "properties": { "cell_id": "R105_C094", "row": 105, "col": 94, "x": 377297.79057912464, "y": 2045811.902720903, "cell_area_m2": 900.0, "runoff_coefficient": 0.75, "surface_class": "default_urban" }, "geometry": { "type": "Point", "coordinates": [ 377297.790579124644864, 2045811.902720903046429 ] } },
{ "type": "Feature", "properties": { "cell_id": "R105_C095", "row": 105, "col": 95, "x": 377327.79057912464, "y": 2045811.902720903, "cell_area_m2": 900.0, "runoff_coefficient": 0.75, "surface_class": "default_urban" }, "geometry": { "type": "Point", "coordinates": [ 377327.790579124644864, 2045811.902720903046429 ] } },
{ "type": "Feature", "properties": { "cell_id": "R105_C096", "row": 105, "col": 96, "x": 377357.79057912464, "y": 2045811.902720903, "cell_area_m2": 900.0, "runoff_coefficient": 0.75, "surface_class": "default_urban" }, "geometry": { "type": "Point", "coordinates": [ 377357.790579124644864, 2045811.902720903046429 ] } },
{ "type": "Feature", "properties": { "cell_id": "R105_C097", "row": 105, "col": 97, "x": 377387.79057912464, "y": 2045811.902720903, "cell_area_m2": 900.0, "runoff_coefficient": 0.75, "surface_class": "default_urban" }, "geometry": { "type": "Point", "coordinates": [ 377387.790579124644864, 2045811.902720903046429 ] } },
{ "type": "Feature", "properties": { "cell_id": "R105_C098", "row": 105, "col": 98, "x": 377417.79057912464, "y": 2045811.902720903, "cell_area_m2": 900.0, "runoff_coefficient": 0.85000002384185791, "surface_class": "road" }, "geometry": { "type": "Point", "coordinates": [ 377417.790579124644864, 2045811.902720903046429 ] } },
{ "type": "Feature", "properties": { "cell_id": "R105_C099", "row": 105, "col": 99, "x": 377447.79057912464, "y": 2045811.902720903, "cell_area_m2": 900.0, "runoff_coefficient": 0.85000002384185791, "surface_class": "road" }, "geometry": { "type": "Point", "coordinates": [ 377447.790579124644864, 2045811.902720903046429 ] } },
{ "type": "Feature", "properties": { "cell_id": "R105_C100", "row": 105, "col": 100, "x": 377477.79057912464, "y": 2045811.902720903, "cell_area_m2": 900.0, "runoff_coefficient": 0.85000002384185791, "surface_class": "road" }, "geometry": { "type": "Point", "coordinates": [ 377477.790579124644864, 2045811.902720903046429 ] } },
{ "type": "Feature", "properties": { "cell_id": "R105_C101", "row": 105, "col": 101, "x": 377507.79057912464, "y": 2045811.902720903, "cell_area_m2": 900.0, "runoff_coefficient": 0.85000002384185791, "surface_class": "road" }, "geometry": { "type": "Point", "coordinates": [ 377507.790579124644864, 2045811.902720903046429 ] } },
{ "type": "Feature", "properties": { "cell_id": "R105_C102", "row": 105, "col": 102, "x": 377537.79057912464, "y": 2045811.902720903, "cell_area_m2": 900.0, "runoff_coefficient": 0.85000002384185791, "surface_class": "road" }, "geometry": { "type": "Point", "coordinates": [ 377537.790579124644864, 2045811.902720903046429 ] } },
{ "type": "Feature", "properties": { "cell_id": "R105_C103", "row": 105, "col": 103, "x": 377567.79057912464, "y": 2045811.902720903, "cell_area_m2": 900.0, "runoff_coefficient": 0.85000002384185791, "surface_class": "road" }, "geometry": { "type": "Point", "coordinates": [ 377567.790579124644864, 2045811.902720903046429 ] } },
{ "type": "Feature", "properties": { "cell_id": "R105_C104", "row": 105, "col": 104, "x": 377597.79057912464, "y": 2045811.902720903, "cell_area_m2": 900.0, "runoff_coefficient": 0.85000002384185791, "surface_class": "road" }, "geometry": { "type": "Point", "coordinates": [ 377597.790579124644864, 2045811.902720903046429 ] } },
{ "type": "Feature", "properties": { "cell_id": "R105_C105", "row": 105, "col": 105, "x": 377627.79057912464, "y": 2045811.902720903, "cell_area_m2": 900.0, "runoff_coefficient": 0.85000002384185791, "surface_class": "road" }, "geometry": { "type": "Point", "coordinates": [ 377627.790579124644864, 2045811.902720903046429 ] } },
{ "type": "Feature", "properties": { "cell_id": "R105_C106", "row": 105, "col": 106, "x": 377657.79057912464, "y": 2045811.902720903, "cell_area_m2": 900.0, "runoff_coefficient": 0.85000002384185791, "surface_class": "road" }, "geometry": { "type": "Point", "coordinates": [ 377657.790579124644864, 2045811.902720903046429 ] } },
{ "type": "Feature", "properties": { "cell_id": "R105_C107", "row": 105, "col": 107, "x": 377687.79057912464, "y": 2045811.902720903, "cell_area_m2": 900.0, "runoff_coefficient": 0.85000002384185791, "surface_class": "road" }, "geometry": { "type": "Point", "coordinates": [ 377687.790579124644864, 2045811.902720903046429 ] } },
{ "type": "Feature", "properties": { "cell_id": "R105_C108", "row": 105, "col": 108, "x": 377717.79057912464, "y": 2045811.902720903, "cell_area_m2": 900.0, "runoff_coefficient": 0.75, "surface_class": "default_urban" }, "geometry": { "type": "Point", "coordinates": [ 377717.790579124644864, 2045811.902720903046429 ] } },
{ "type": "Feature", "properties": { "cell_id": "R105_C109", "row": 105, "col": 109, "x": 377747.79057912464, "y": 2045811.902720903, "cell_area_m2": 900.0, "runoff_coefficient": 0.75, "surface_class": "default_urban" }, "geometry": { "type": "Point", "coordinates": [ 377747.790579124644864, 2045811.902720903046429 ] } },
{ "type": "Feature", "properties": { "cell_id": "R105_C110", "row": 105, "col": 110, "x": 377777.79057912464, "y": 2045811.902720903, "cell_area_m2": 900.0, "runoff_coefficient": 0.85000002384185791, "surface_class": "road" }, "geometry": { "type": "Point", "coordinates": [ 377777.790579124644864, 2045811.902720903046429 ] } },
{ "type": "Feature", "properties": { "cell_id": "R105_C111", "row": 105, "col": 111, "x": 377807.79057912464, "y": 2045811.902720903, "cell_area_m2": 900.0, "runoff_coefficient": 0.85000002384185791, "surface_class": "road" }, "geometry": { "type": "Point", "coordinates": [ 377807.790579124644864, 2045811.902720903046429 ] } },
{ "type": "Feature", "properties": { "cell_id": "R105_C112", "row": 105, "col": 112, "x": 377837.79057912464, "y": 2045811.902720903, "cell_area_m2": 900.0, "runoff_coefficient": 0.85000002384185791, "surface_class": "road" }, "geometry": { "type": "Point", "coordinates": [ 377837.790579124644864, 2045811.902720903046429 ] } },
{ "type": "Feature", "properties": { "cell_id": "R105_C113", "row": 105, "col": 113, "x": 377867.79057912464, "y": 2045811.902720903, "cell_area_m2": 900.0, "runoff_coefficient": 0.85000002384185791, "surface_class": "road" }, "geometry": { "type": "Point", "coordinates": [ 377867.790579124644864, 2045811.902720903046429 ] } },
{ "type": "Feature", "properties": { "cell_id": "R105_C114", "row": 105, "col": 114, "x": 377897.79057912464, "y": 2045811.902720903, "cell_area_m2": 900.0, "runoff_coefficient": 0.85000002384185791, "surface_class": "road" }, "geometry": { "type": "Point", "coordinates": [ 377897.790579124644864, 2045811.902720903046429 ] } },
{ "type": "Feature", "properties": { "cell_id": "R105_C115", "row": 105, "col": 115, "x": 377927.79057912464, "y": 2045811.902720903, "cell_area_m2": 900.0, "runoff_coefficient": 0.75, "surface_class": "default_urban" }, "geometry": { "type": "Point", "coordinates": [ 377927.790579124644864, 2045811.902720903046429 ] } },
{ "type": "Feature", "properties": { "cell_id": "R105_C116", "row": 105, "col": 116, "x": 377957.79057912464, "y": 2045811.902720903, "cell_area_m2": 900.0, "runoff_coefficient": 0.89999997615814209, "surface_class": "building" }, "geometry": { "type": "Point", "coordinates": [ 377957.790579124644864, 2045811.902720903046429 ] } },
{ "type": "Feature", "properties": { "cell_id": "R105_C117", "row": 105, "col": 117, "x": 377987.79057912464, "y": 2045811.902720903, "cell_area_m2": 900.0, "runoff_coefficient": 0.75, "surface_class": "default_urban" }, "geometry": { "type": "Point", "coordinates": [ 377987.790579124644864, 2045811.902720903046429 ] } },
{ "type": "Feature", "properties": { "cell_id": "R105_C118", "row": 105, "col": 118, "x": 378017.79057912464, "y": 2045811.902720903, "cell_area_m2": 900.0, "runoff_coefficient": 0.75, "surface_class": "default_urban" }, "geometry": { "type": "Point", "coordinates": [ 378017.790579124644864, 2045811.902720903046429 ] } },
{ "type": "Feature", "properties": { "cell_id": "R105_C119", "row": 105, "col": 119, "x": 378047.79057912464, "y": 2045811.902720903, "cell_area_m2": 900.0, "runoff_coefficient": 0.75, "surface_class": "default_urban" }, "geometry": { "type": "Point", "coordinates": [ 378047.790579124644864, 2045811.902720903046429 ] } },
{ "type": "Feature", "properties": { "cell_id": "R105_C120", "row": 105, "col": 120, "x": 378077.79057912464, "y": 2045811.902720903, "cell_area_m2": 900.0, "runoff_coefficient": 0.75, "surface_class": "default_urban" }, "geometry": { "type": "Point", "coordinates": [ 378077.790579124644864, 2045811.902720903046429 ] } },
{ "type": "Feature", "properties": { "cell_id": "R105_C121", "row": 105, "col": 121, "x": 378107.79057912464, "y": 2045811.902720903, "cell_area_m2": 900.0, "runoff_coefficient": 0.85000002384185791, "surface_class": "road" }, "geometry": { "type": "Point", "coordinates": [ 378107.790579124644864, 2045811.902720903046429 ] } },
{ "type": "Feature", "properties": { "cell_id": "R105_C122", "row": 105, "col": 122, "x": 378137.79057912464, "y": 2045811.902720903, "cell_area_m2": 900.0, "runoff_coefficient": 0.85000002384185791, "surface_class": "road" }, "geometry": { "type": "Point", "coordinates": [ 378137.790579124644864, 2045811.902720903046429 ] } },
{ "type": "Feature", "properties": { "cell_id": "R105_C123", "row": 105, "col": 123, "x": 378167.79057912464, "y": 2045811.902720903, "cell_area_m2": 900.0, "runoff_coefficient": 0.85000002384185791, "surface_class": "road" }, "geometry": { "type": "Point", "coordinates": [ 378167.790579124644864, 2045811.902720903046429 ] } },
{ "type": "Feature", "properties": { "cell_id": "R105_C124", "row": 105, "col": 124, "x": 378197.79057912464, "y": 2045811.902720903, "cell_area_m2": 900.0, "runoff_coefficient": 0.85000002384185791, "surface_class": "road" }, "geometry": { "type": "Point", "coordinates": [ 378197.790579124644864, 2045811.902720903046429 ] } },
{ "type": "Feature", "properties": { "cell_id": "R105_C125", "row": 105, "col": 125, "x": 378227.79057912464, "y": 2045811.902720903, "cell_area_m2": 900.0, "runoff_coefficient": 0.75, "surface_class": "default_urban" }, "geometry": { "type": "Point", "coordinates": [ 378227.790579124644864, 2045811.902720903046429 ] } },
{ "type": "Feature", "properties": { "cell_id": "R105_C126", "row": 105, "col": 126, "x": 378257.79057912464, "y": 2045811.902720903, "cell_area_m2": 900.0, "runoff_coefficient": 0.75, "surface_class": "default_urban" }, "geometry": { "type": "Point", "coordinates": [ 378257.790579124644864, 2045811.902720903046429 ] } },
{ "type": "Feature", "properties": { "cell_id": "R105_C127", "row": 105, "col": 127, "x": 378287.79057912464, "y": 2045811.902720903, "cell_area_m2": 900.0, "runoff_coefficient": 0.75, "surface_class": "default_urban" }, "geometry": { "type": "Point", "coordinates": [ 378287.790579124644864, 2045811.902720903046429 ] } },
{ "type": "Feature", "properties": { "cell_id": "R105_C128", "row": 105, "col": 128, "x": 378317.79057912464, "y": 2045811.902720903, "cell_area_m2": 900.0, "runoff_coefficient": 0.75, "surface_class": "default_urban" }, "geometry": { "type": "Point", "coordinates": [ 378317.790579124644864, 2045811.902720903046429 ] } },
{ "type": "Feature", "properties": { "cell_id": "R105_C129", "row": 105, "col": 129, "x": 378347.79057912464, "y": 2045811.902720903, "cell_area_m2": 900.0, "runoff_coefficient": 0.75, "surface_class": "default_urban" }, "geometry": { "type": "Point", "coordinates": [ 378347.790579124644864, 2045811.902720903046429 ] } },
{ "type": "Feature", "properties": { "cell_id": "R105_C130", "row": 105, "col": 130, "x": 378377.79057912464, "y": 2045811.902720903, "cell_area_m2": 900.0, "runoff_coefficient": 0.75, "surface_class": "default_urban" }, "geometry": { "type": "Point", "coordinates": [ 378377.790579124644864, 2045811.902720903046429 ] } },
{ "type": "Feature", "properties": { "cell_id": "R105_C131", "row": 105, "col": 131, "x": 378407.79057912464, "y": 2045811.902720903, "cell_area_m2": 900.0, "runoff_coefficient": 0.75, "surface_class": "default_urban" }, "geometry": { "type": "Point", "coordinates": [ 378407.790579124644864, 2045811.902720903046429 ] } },
{ "type": "Feature", "properties": { "cell_id": "R105_C132", "row": 105, "col": 132, "x": 378437.79057912464, "y": 2045811.902720903, "cell_area_m2": 900.0, "runoff_coefficient": 0.75, "surface_class": "default_urban" }, "geometry": { "type": "Point", "coordinates": [ 378437.790579124644864, 2045811.902720903046429 ] } },
{ "type": "Feature", "properties": { "cell_id": "R105_C133", "row": 105, "col": 133, "x": 378467.79057912464, "y": 2045811.902720903, "cell_area_m2": 900.0, "runoff_coefficient": 0.75, "surface_class": "default_urban" }, "geometry": { "type": "Point", "coordinates": [ 378467.790579124644864, 2045811.902720903046429 ] } },
{ "type": "Feature", "properties": { "cell_id": "R106_C077", "row": 106, "col": 77, "x": 376787.79057912464, "y": 2045781.902720903, "cell_area_m2": 900.0, "runoff_coefficient": 0.75, "surface_class": "default_urban" }, "geometry": { "type": "Point", "coordinates": [ 376787.790579124644864, 2045781.902720903046429 ] } },
{ "type": "Feature", "properties": { "cell_id": "R106_C078", "row": 106, "col": 78, "x": 376817.79057912464, "y": 2045781.902720903, "cell_area_m2": 900.0, "runoff_coefficient": 0.75, "surface_class": "default_urban" }, "geometry": { "type": "Point", "coordinates": [ 376817.790579124644864, 2045781.902720903046429 ] } },
{ "type": "Feature", "properties": { "cell_id": "R106_C079", "row": 106, "col": 79, "x": 376847.79057912464, "y": 2045781.902720903, "cell_area_m2": 900.0, "runoff_coefficient": 0.85000002384185791, "surface_class": "road" }, "geometry": { "type": "Point", "coordinates": [ 376847.790579124644864, 2045781.902720903046429 ] } },
{ "type": "Feature", "properties": { "cell_id": "R106_C080", "row": 106, "col": 80, "x": 376877.79057912464, "y": 2045781.902720903, "cell_area_m2": 900.0, "runoff_coefficient": 0.85000002384185791, "surface_class": "road" }, "geometry": { "type": "Point", "coordinates": [ 376877.790579124644864, 2045781.902720903046429 ] } },
{ "type": "Feature", "properties": { "cell_id": "R106_C081", "row": 106, "col": 81, "x": 376907.79057912464, "y": 2045781.902720903, "cell_area_m2": 900.0, "runoff_coefficient": 0.75, "surface_class": "default_urban" }, "geometry": { "type": "Point", "coordinates": [ 376907.790579124644864, 2045781.902720903046429 ] } },
{ "type": "Feature", "properties": { "cell_id": "R106_C082", "row": 106, "col": 82, "x": 376937.79057912464, "y": 2045781.902720903, "cell_area_m2": 900.0, "runoff_coefficient": 0.75, "surface_class": "default_urban" }, "geometry": { "type": "Point", "coordinates": [ 376937.790579124644864, 2045781.902720903046429 ] } },
{ "type": "Feature", "properties": { "cell_id": "R106_C083", "row": 106, "col": 83, "x": 376967.79057912464, "y": 2045781.902720903, "cell_area_m2": 900.0, "runoff_coefficient": 0.89999997615814209, "surface_class": "building" }, "geometry": { "type": "Point", "coordinates": [ 376967.790579124644864, 2045781.902720903046429 ] } },
{ "type": "Feature", "properties": { "cell_id": "R106_C084", "row": 106, "col": 84, "x": 376997.79057912464, "y": 2045781.902720903, "cell_area_m2": 900.0, "runoff_coefficient": 0.75, "surface_class": "default_urban" }, "geometry": { "type": "Point", "coordinates": [ 376997.790579124644864, 2045781.902720903046429 ] } },
{ "type": "Feature", "properties": { "cell_id": "R106_C085", "row": 106, "col": 85, "x": 377027.79057912464, "y": 2045781.902720903, "cell_area_m2": 900.0, "runoff_coefficient": 0.75, "surface_class": "default_urban" }, "geometry": { "type": "Point", "coordinates": [ 377027.790579124644864, 2045781.902720903046429 ] } },
{ "type": "Feature", "properties": { "cell_id": "R106_C086", "row": 106, "col": 86, "x": 377057.79057912464, "y": 2045781.902720903, "cell_area_m2": 900.0, "runoff_coefficient": 0.75, "surface_class": "default_urban" }, "geometry": { "type": "Point", "coordinates": [ 377057.790579124644864, 2045781.902720903046429 ] } },
{ "type": "Feature", "properties": { "cell_id": "R106_C087", "row": 106, "col": 87, "x": 377087.79057912464, "y": 2045781.902720903, "cell_area_m2": 900.0, "runoff_coefficient": 0.75, "surface_class": "default_urban" }, "geometry": { "type": "Point", "coordinates": [ 377087.790579124644864, 2045781.902720903046429 ] } },
{ "type": "Feature", "properties": { "cell_id": "R106_C088", "row": 106, "col": 88, "x": 377117.79057912464, "y": 2045781.902720903, "cell_area_m2": 900.0, "runoff_coefficient": 0.75, "surface_class": "default_urban" }, "geometry": { "type": "Point", "coordinates": [ 377117.790579124644864, 2045781.902720903046429 ] } },
{ "type": "Feature", "properties": { "cell_id": "R106_C089", "row": 106, "col": 89, "x": 377147.79057912464, "y": 2045781.902720903, "cell_area_m2": 900.0, "runoff_coefficient": 0.75, "surface_class": "default_urban" }, "geometry": { "type": "Point", "coordinates": [ 377147.790579124644864, 2045781.902720903046429 ] } },
{ "type": "Feature", "properties": { "cell_id": "R106_C090", "row": 106, "col": 90, "x": 377177.79057912464, "y": 2045781.902720903, "cell_area_m2": 900.0, "runoff_coefficient": 0.75, "surface_class": "default_urban" }, "geometry": { "type": "Point", "coordinates": [ 377177.790579124644864, 2045781.902720903046429 ] } },
{ "type": "Feature", "properties": { "cell_id": "R106_C091", "row": 106, "col": 91, "x": 377207.79057912464, "y": 2045781.902720903, "cell_area_m2": 900.0, "runoff_coefficient": 0.75, "surface_class": "default_urban" }, "geometry": { "type": "Point", "coordinates": [ 377207.790579124644864, 2045781.902720903046429 ] } },
{ "type": "Feature", "properties": { "cell_id": "R106_C092", "row": 106, "col": 92, "x": 377237.79057912464, "y": 2045781.902720903, "cell_area_m2": 900.0, "runoff_coefficient": 0.89999997615814209, "surface_class": "building" }, "geometry": { "type": "Point", "coordinates": [ 377237.790579124644864, 2045781.902720903046429 ] } },
{ "type": "Feature", "properties": { "cell_id": "R106_C093", "row": 106, "col": 93, "x": 377267.79057912464, "y": 2045781.902720903, "cell_area_m2": 900.0, "runoff_coefficient": 0.89999997615814209, "surface_class": "building" }, "geometry": { "type": "Point", "coordinates": [ 377267.790579124644864, 2045781.902720903046429 ] } },
{ "type": "Feature", "properties": { "cell_id": "R106_C094", "row": 106, "col": 94, "x": 377297.79057912464, "y": 2045781.902720903, "cell_area_m2": 900.0, "runoff_coefficient": 0.75, "surface_class": "default_urban" }, "geometry": { "type": "Point", "coordinates": [ 377297.790579124644864, 2045781.902720903046429 ] } },
{ "type": "Feature", "properties": { "cell_id": "R106_C095", "row": 106, "col": 95, "x": 377327.79057912464, "y": 2045781.902720903, "cell_area_m2": 900.0, "runoff_coefficient": 0.75, "surface_class": "default_urban" }, "geometry": { "type": "Point", "coordinates": [ 377327.790579124644864, 2045781.902720903046429 ] } },
{ "type": "Feature", "properties": { "cell_id": "R106_C096", "row": 106, "col": 96, "x": 377357.79057912464, "y": 2045781.902720903, "cell_area_m2": 900.0, "runoff_coefficient": 0.89999997615814209, "surface_class": "building" }, "geometry": { "type": "Point", "coordinates": [ 377357.790579124644864, 2045781.902720903046429 ] } },
{ "type": "Feature", "properties": { "cell_id": "R106_C097", "row": 106, "col": 97, "x": 377387.79057912464, "y": 2045781.902720903, "cell_area_m2": 900.0, "runoff_coefficient": 0.75, "surface_class": "default_urban" }, "geometry": { "type": "Point", "coordinates": [ 377387.790579124644864, 2045781.902720903046429 ] } },
{ "type": "Feature", "properties": { "cell_id": "R106_C098", "row": 106, "col": 98, "x": 377417.79057912464, "y": 2045781.902720903, "cell_area_m2": 900.0, "runoff_coefficient": 0.85000002384185791, "surface_class": "road" }, "geometry": { "type": "Point", "coordinates": [ 377417.790579124644864, 2045781.902720903046429 ] } },
{ "type": "Feature", "properties": { "cell_id": "R106_C099", "row": 106, "col": 99, "x": 377447.79057912464, "y": 2045781.902720903, "cell_area_m2": 900.0, "runoff_coefficient": 0.85000002384185791, "surface_class": "road" }, "geometry": { "type": "Point", "coordinates": [ 377447.790579124644864, 2045781.902720903046429 ] } },
{ "type": "Feature", "properties": { "cell_id": "R106_C100", "row": 106, "col": 100, "x": 377477.79057912464, "y": 2045781.902720903, "cell_area_m2": 900.0, "runoff_coefficient": 0.85000002384185791, "surface_class": "road" }, "geometry": { "type": "Point", "coordinates": [ 377477.790579124644864, 2045781.902720903046429 ] } },
{ "type": "Feature", "properties": { "cell_id": "R106_C101", "row": 106, "col": 101, "x": 377507.79057912464, "y": 2045781.902720903, "cell_area_m2": 900.0, "runoff_coefficient": 0.75, "surface_class": "default_urban" }, "geometry": { "type": "Point", "coordinates": [ 377507.790579124644864, 2045781.902720903046429 ] } },
{ "type": "Feature", "properties": { "cell_id": "R106_C102", "row": 106, "col": 102, "x": 377537.79057912464, "y": 2045781.902720903, "cell_area_m2": 900.0, "runoff_coefficient": 0.75, "surface_class": "default_urban" }, "geometry": { "type": "Point", "coordinates": [ 377537.790579124644864, 2045781.902720903046429 ] } },
{ "type": "Feature", "properties": { "cell_id": "R106_C103", "row": 106, "col": 103, "x": 377567.79057912464, "y": 2045781.902720903, "cell_area_m2": 900.0, "runoff_coefficient": 0.75, "surface_class": "default_urban" }, "geometry": { "type": "Point", "coordinates": [ 377567.790579124644864, 2045781.902720903046429 ] } },
{ "type": "Feature", "properties": { "cell_id": "R106_C104", "row": 106, "col": 104, "x": 377597.79057912464, "y": 2045781.902720903, "cell_area_m2": 900.0, "runoff_coefficient": 0.85000002384185791, "surface_class": "road" }, "geometry": { "type": "Point", "coordinates": [ 377597.790579124644864, 2045781.902720903046429 ] } },
{ "type": "Feature", "properties": { "cell_id": "R106_C105", "row": 106, "col": 105, "x": 377627.79057912464, "y": 2045781.902720903, "cell_area_m2": 900.0, "runoff_coefficient": 0.75, "surface_class": "default_urban" }, "geometry": { "type": "Point", "coordinates": [ 377627.790579124644864, 2045781.902720903046429 ] } },
{ "type": "Feature", "properties": { "cell_id": "R106_C106", "row": 106, "col": 106, "x": 377657.79057912464, "y": 2045781.902720903, "cell_area_m2": 900.0, "runoff_coefficient": 0.75, "surface_class": "default_urban" }, "geometry": { "type": "Point", "coordinates": [ 377657.790579124644864, 2045781.902720903046429 ] } },
{ "type": "Feature", "properties": { "cell_id": "R106_C107", "row": 106, "col": 107, "x": 377687.79057912464, "y": 2045781.902720903, "cell_area_m2": 900.0, "runoff_coefficient": 0.75, "surface_class": "default_urban" }, "geometry": { "type": "Point", "coordinates": [ 377687.790579124644864, 2045781.902720903046429 ] } },
{ "type": "Feature", "properties": { "cell_id": "R106_C108", "row": 106, "col": 108, "x": 377717.79057912464, "y": 2045781.902720903, "cell_area_m2": 900.0, "runoff_coefficient": 0.75, "surface_class": "default_urban" }, "geometry": { "type": "Point", "coordinates": [ 377717.790579124644864, 2045781.902720903046429 ] } },
{ "type": "Feature", "properties": { "cell_id": "R106_C109", "row": 106, "col": 109, "x": 377747.79057912464, "y": 2045781.902720903, "cell_area_m2": 900.0, "runoff_coefficient": 0.75, "surface_class": "default_urban" }, "geometry": { "type": "Point", "coordinates": [ 377747.790579124644864, 2045781.902720903046429 ] } },
{ "type": "Feature", "properties": { "cell_id": "R106_C110", "row": 106, "col": 110, "x": 377777.79057912464, "y": 2045781.902720903, "cell_area_m2": 900.0, "runoff_coefficient": 0.85000002384185791, "surface_class": "road" }, "geometry": { "type": "Point", "coordinates": [ 377777.790579124644864, 2045781.902720903046429 ] } },
{ "type": "Feature", "properties": { "cell_id": "R106_C111", "row": 106, "col": 111, "x": 377807.79057912464, "y": 2045781.902720903, "cell_area_m2": 900.0, "runoff_coefficient": 0.85000002384185791, "surface_class": "road" }, "geometry": { "type": "Point", "coordinates": [ 377807.790579124644864, 2045781.902720903046429 ] } },
{ "type": "Feature", "properties": { "cell_id": "R106_C112", "row": 106, "col": 112, "x": 377837.79057912464, "y": 2045781.902720903, "cell_area_m2": 900.0, "runoff_coefficient": 0.85000002384185791, "surface_class": "road" }, "geometry": { "type": "Point", "coordinates": [ 377837.790579124644864, 2045781.902720903046429 ] } },
{ "type": "Feature", "properties": { "cell_id": "R106_C113", "row": 106, "col": 113, "x": 377867.79057912464, "y": 2045781.902720903, "cell_area_m2": 900.0, "runoff_coefficient": 0.75, "surface_class": "default_urban" }, "geometry": { "type": "Point", "coordinates": [ 377867.790579124644864, 2045781.902720903046429 ] } },
{ "type": "Feature", "properties": { "cell_id": "R106_C114", "row": 106, "col": 114, "x": 377897.79057912464, "y": 2045781.902720903, "cell_area_m2": 900.0, "runoff_coefficient": 0.75, "surface_class": "default_urban" }, "geometry": { "type": "Point", "coordinates": [ 377897.790579124644864, 2045781.902720903046429 ] } },
{ "type": "Feature", "properties": { "cell_id": "R106_C115", "row": 106, "col": 115, "x": 377927.79057912464, "y": 2045781.902720903, "cell_area_m2": 900.0, "runoff_coefficient": 0.75, "surface_class": "default_urban" }, "geometry": { "type": "Point", "coordinates": [ 377927.790579124644864, 2045781.902720903046429 ] } },
{ "type": "Feature", "properties": { "cell_id": "R106_C116", "row": 106, "col": 116, "x": 377957.79057912464, "y": 2045781.902720903, "cell_area_m2": 900.0, "runoff_coefficient": 0.75, "surface_class": "default_urban" }, "geometry": { "type": "Point", "coordinates": [ 377957.790579124644864, 2045781.902720903046429 ] } },
{ "type": "Feature", "properties": { "cell_id": "R106_C117", "row": 106, "col": 117, "x": 377987.79057912464, "y": 2045781.902720903, "cell_area_m2": 900.0, "runoff_coefficient": 0.75, "surface_class": "default_urban" }, "geometry": { "type": "Point", "coordinates": [ 377987.790579124644864, 2045781.902720903046429 ] } },
{ "type": "Feature", "properties": { "cell_id": "R106_C118", "row": 106, "col": 118, "x": 378017.79057912464, "y": 2045781.902720903, "cell_area_m2": 900.0, "runoff_coefficient": 0.89999997615814209, "surface_class": "building" }, "geometry": { "type": "Point", "coordinates": [ 378017.790579124644864, 2045781.902720903046429 ] } },
{ "type": "Feature", "properties": { "cell_id": "R106_C119", "row": 106, "col": 119, "x": 378047.79057912464, "y": 2045781.902720903, "cell_area_m2": 900.0, "runoff_coefficient": 0.75, "surface_class": "default_urban" }, "geometry": { "type": "Point", "coordinates": [ 378047.790579124644864, 2045781.902720903046429 ] } },
{ "type": "Feature", "properties": { "cell_id": "R106_C120", "row": 106, "col": 120, "x": 378077.79057912464, "y": 2045781.902720903, "cell_area_m2": 900.0, "runoff_coefficient": 0.85000002384185791, "surface_class": "road" }, "geometry": { "type": "Point", "coordinates": [ 378077.790579124644864, 2045781.902720903046429 ] } },
{ "type": "Feature", "properties": { "cell_id": "R106_C121", "row": 106, "col": 121, "x": 378107.79057912464, "y": 2045781.902720903, "cell_area_m2": 900.0, "runoff_coefficient": 0.85000002384185791, "surface_class": "road" }, "geometry": { "type": "Point", "coordinates": [ 378107.790579124644864, 2045781.902720903046429 ] } },
{ "type": "Feature", "properties": { "cell_id": "R106_C122", "row": 106, "col": 122, "x": 378137.79057912464, "y": 2045781.902720903, "cell_area_m2": 900.0, "runoff_coefficient": 0.85000002384185791, "surface_class": "road" }, "geometry": { "type": "Point", "coordinates": [ 378137.790579124644864, 2045781.902720903046429 ] } },
{ "type": "Feature", "properties": { "cell_id": "R106_C123", "row": 106, "col": 123, "x": 378167.79057912464, "y": 2045781.902720903, "cell_area_m2": 900.0, "runoff_coefficient": 0.75, "surface_class": "default_urban" }, "geometry": { "type": "Point", "coordinates": [ 378167.790579124644864, 2045781.902720903046429 ] } },
{ "type": "Feature", "properties": { "cell_id": "R106_C124", "row": 106, "col": 124, "x": 378197.79057912464, "y": 2045781.902720903, "cell_area_m2": 900.0, "runoff_coefficient": 0.75, "surface_class": "default_urban" }, "geometry": { "type": "Point", "coordinates": [ 378197.790579124644864, 2045781.902720903046429 ] } },
{ "type": "Feature", "properties": { "cell_id": "R106_C125", "row": 106, "col": 125, "x": 378227.79057912464, "y": 2045781.902720903, "cell_area_m2": 900.0, "runoff_coefficient": 0.75, "surface_class": "default_urban" }, "geometry": { "type": "Point", "coordinates": [ 378227.790579124644864, 2045781.902720903046429 ] } },
{ "type": "Feature", "properties": { "cell_id": "R106_C126", "row": 106, "col": 126, "x": 378257.79057912464, "y": 2045781.902720903, "cell_area_m2": 900.0, "runoff_coefficient": 0.75, "surface_class": "default_urban" }, "geometry": { "type": "Point", "coordinates": [ 378257.790579124644864, 2045781.902720903046429 ] } },
{ "type": "Feature", "properties": { "cell_id": "R106_C127", "row": 106, "col": 127, "x": 378287.79057912464, "y": 2045781.902720903, "cell_area_m2": 900.0, "runoff_coefficient": 0.75, "surface_class": "default_urban" }, "geometry": { "type": "Point", "coordinates": [ 378287.790579124644864, 2045781.902720903046429 ] } },
{ "type": "Feature", "properties": { "cell_id": "R106_C128", "row": 106, "col": 128, "x": 378317.79057912464, "y": 2045781.902720903, "cell_area_m2": 900.0, "runoff_coefficient": 0.75, "surface_class": "default_urban" }, "geometry": { "type": "Point", "coordinates": [ 378317.790579124644864, 2045781.902720903046429 ] } },
{ "type": "Feature", "properties": { "cell_id": "R106_C129", "row": 106, "col": 129, "x": 378347.79057912464, "y": 2045781.902720903, "cell_area_m2": 900.0, "runoff_coefficient": 0.75, "surface_class": "default_urban" }, "geometry": { "type": "Point", "coordinates": [ 378347.790579124644864, 2045781.902720903046429 ] } },
{ "type": "Feature", "properties": { "cell_id": "R106_C130", "row": 106, "col": 130, "x": 378377.79057912464, "y": 2045781.902720903, "cell_area_m2": 900.0, "runoff_coefficient": 0.75, "surface_class": "default_urban" }, "geometry": { "type": "Point", "coordinates": [ 378377.790579124644864, 2045781.902720903046429 ] } },
{ "type": "Feature", "properties": { "cell_id": "R106_C131", "row": 106, "col": 131, "x": 378407.79057912464, "y": 2045781.902720903, "cell_area_m2": 900.0, "runoff_coefficient": 0.75, "surface_class": "default_urban" }, "geometry": { "type": "Point", "coordinates": [ 378407.790579124644864, 2045781.902720903046429 ] } },
{ "type": "Feature", "properties": { "cell_id": "R107_C078", "row": 107, "col": 78, "x": 376817.79057912464, "y": 2045751.902720903, "cell_area_m2": 900.0, "runoff_coefficient": 0.75, "surface_class": "default_urban" }, "geometry": { "type": "Point", "coordinates": [ 376817.790579124644864, 2045751.902720903046429 ] } },
{ "type": "Feature", "properties": { "cell_id": "R107_C079", "row": 107, "col": 79, "x": 376847.79057912464, "y": 2045751.902720903, "cell_area_m2": 900.0, "runoff_coefficient": 0.85000002384185791, "surface_class": "road" }, "geometry": { "type": "Point", "coordinates": [ 376847.790579124644864, 2045751.902720903046429 ] } },
{ "type": "Feature", "properties": { "cell_id": "R107_C080", "row": 107, "col": 80, "x": 376877.79057912464, "y": 2045751.902720903, "cell_area_m2": 900.0, "runoff_coefficient": 0.85000002384185791, "surface_class": "road" }, "geometry": { "type": "Point", "coordinates": [ 376877.790579124644864, 2045751.902720903046429 ] } },
{ "type": "Feature", "properties": { "cell_id": "R107_C081", "row": 107, "col": 81, "x": 376907.79057912464, "y": 2045751.902720903, "cell_area_m2": 900.0, "runoff_coefficient": 0.75, "surface_class": "default_urban" }, "geometry": { "type": "Point", "coordinates": [ 376907.790579124644864, 2045751.902720903046429 ] } },
{ "type": "Feature", "properties": { "cell_id": "R107_C082", "row": 107, "col": 82, "x": 376937.79057912464, "y": 2045751.902720903, "cell_area_m2": 900.0, "runoff_coefficient": 0.75, "surface_class": "default_urban" }, "geometry": { "type": "Point", "coordinates": [ 376937.790579124644864, 2045751.902720903046429 ] } },
{ "type": "Feature", "properties": { "cell_id": "R107_C083", "row": 107, "col": 83, "x": 376967.79057912464, "y": 2045751.902720903, "cell_area_m2": 900.0, "runoff_coefficient": 0.75, "surface_class": "default_urban" }, "geometry": { "type": "Point", "coordinates": [ 376967.790579124644864, 2045751.902720903046429 ] } },
{ "type": "Feature", "properties": { "cell_id": "R107_C084", "row": 107, "col": 84, "x": 376997.79057912464, "y": 2045751.902720903, "cell_area_m2": 900.0, "runoff_coefficient": 0.75, "surface_class": "default_urban" }, "geometry": { "type": "Point", "coordinates": [ 376997.790579124644864, 2045751.902720903046429 ] } },
{ "type": "Feature", "properties": { "cell_id": "R107_C085", "row": 107, "col": 85, "x": 377027.79057912464, "y": 2045751.902720903, "cell_area_m2": 900.0, "runoff_coefficient": 0.75, "surface_class": "default_urban" }, "geometry": { "type": "Point", "coordinates": [ 377027.790579124644864, 2045751.902720903046429 ] } },
{ "type": "Feature", "properties": { "cell_id": "R107_C086", "row": 107, "col": 86, "x": 377057.79057912464, "y": 2045751.902720903, "cell_area_m2": 900.0, "runoff_coefficient": 0.75, "surface_class": "default_urban" }, "geometry": { "type": "Point", "coordinates": [ 377057.790579124644864, 2045751.902720903046429 ] } },
{ "type": "Feature", "properties": { "cell_id": "R107_C087", "row": 107, "col": 87, "x": 377087.79057912464, "y": 2045751.902720903, "cell_area_m2": 900.0, "runoff_coefficient": 0.75, "surface_class": "default_urban" }, "geometry": { "type": "Point", "coordinates": [ 377087.790579124644864, 2045751.902720903046429 ] } },
{ "type": "Feature", "properties": { "cell_id": "R107_C088", "row": 107, "col": 88, "x": 377117.79057912464, "y": 2045751.902720903, "cell_area_m2": 900.0, "runoff_coefficient": 0.75, "surface_class": "default_urban" }, "geometry": { "type": "Point", "coordinates": [ 377117.790579124644864, 2045751.902720903046429 ] } },
{ "type": "Feature", "properties": { "cell_id": "R107_C089", "row": 107, "col": 89, "x": 377147.79057912464, "y": 2045751.902720903, "cell_area_m2": 900.0, "runoff_coefficient": 0.75, "surface_class": "default_urban" }, "geometry": { "type": "Point", "coordinates": [ 377147.790579124644864, 2045751.902720903046429 ] } },
{ "type": "Feature", "properties": { "cell_id": "R107_C090", "row": 107, "col": 90, "x": 377177.79057912464, "y": 2045751.902720903, "cell_area_m2": 900.0, "runoff_coefficient": 0.75, "surface_class": "default_urban" }, "geometry": { "type": "Point", "coordinates": [ 377177.790579124644864, 2045751.902720903046429 ] } },
{ "type": "Feature", "properties": { "cell_id": "R107_C091", "row": 107, "col": 91, "x": 377207.79057912464, "y": 2045751.902720903, "cell_area_m2": 900.0, "runoff_coefficient": 0.75, "surface_class": "default_urban" }, "geometry": { "type": "Point", "coordinates": [ 377207.790579124644864, 2045751.902720903046429 ] } },
{ "type": "Feature", "properties": { "cell_id": "R107_C092", "row": 107, "col": 92, "x": 377237.79057912464, "y": 2045751.902720903, "cell_area_m2": 900.0, "runoff_coefficient": 0.75, "surface_class": "default_urban" }, "geometry": { "type": "Point", "coordinates": [ 377237.790579124644864, 2045751.902720903046429 ] } },
{ "type": "Feature", "properties": { "cell_id": "R107_C093", "row": 107, "col": 93, "x": 377267.79057912464, "y": 2045751.902720903, "cell_area_m2": 900.0, "runoff_coefficient": 0.75, "surface_class": "default_urban" }, "geometry": { "type": "Point", "coordinates": [ 377267.790579124644864, 2045751.902720903046429 ] } },
{ "type": "Feature", "properties": { "cell_id": "R107_C094", "row": 107, "col": 94, "x": 377297.79057912464, "y": 2045751.902720903, "cell_area_m2": 900.0, "runoff_coefficient": 0.75, "surface_class": "default_urban" }, "geometry": { "type": "Point", "coordinates": [ 377297.790579124644864, 2045751.902720903046429 ] } },
{ "type": "Feature", "properties": { "cell_id": "R107_C095", "row": 107, "col": 95, "x": 377327.79057912464, "y": 2045751.902720903, "cell_area_m2": 900.0, "runoff_coefficient": 0.75, "surface_class": "default_urban" }, "geometry": { "type": "Point", "coordinates": [ 377327.790579124644864, 2045751.902720903046429 ] } },
{ "type": "Feature", "properties": { "cell_id": "R107_C096", "row": 107, "col": 96, "x": 377357.79057912464, "y": 2045751.902720903, "cell_area_m2": 900.0, "runoff_coefficient": 0.89999997615814209, "surface_class": "building" }, "geometry": { "type": "Point", "coordinates": [ 377357.790579124644864, 2045751.902720903046429 ] } },
{ "type": "Feature", "properties": { "cell_id": "R107_C097", "row": 107, "col": 97, "x": 377387.79057912464, "y": 2045751.902720903, "cell_area_m2": 900.0, "runoff_coefficient": 0.75, "surface_class": "default_urban" }, "geometry": { "type": "Point", "coordinates": [ 377387.790579124644864, 2045751.902720903046429 ] } },
{ "type": "Feature", "properties": { "cell_id": "R107_C098", "row": 107, "col": 98, "x": 377417.79057912464, "y": 2045751.902720903, "cell_area_m2": 900.0, "runoff_coefficient": 0.85000002384185791, "surface_class": "road" }, "geometry": { "type": "Point", "coordinates": [ 377417.790579124644864, 2045751.902720903046429 ] } },
{ "type": "Feature", "properties": { "cell_id": "R107_C099", "row": 107, "col": 99, "x": 377447.79057912464, "y": 2045751.902720903, "cell_area_m2": 900.0, "runoff_coefficient": 0.75, "surface_class": "default_urban" }, "geometry": { "type": "Point", "coordinates": [ 377447.790579124644864, 2045751.902720903046429 ] } },
{ "type": "Feature", "properties": { "cell_id": "R107_C100", "row": 107, "col": 100, "x": 377477.79057912464, "y": 2045751.902720903, "cell_area_m2": 900.0, "runoff_coefficient": 0.85000002384185791, "surface_class": "road" }, "geometry": { "type": "Point", "coordinates": [ 377477.790579124644864, 2045751.902720903046429 ] } },
{ "type": "Feature", "properties": { "cell_id": "R107_C101", "row": 107, "col": 101, "x": 377507.79057912464, "y": 2045751.902720903, "cell_area_m2": 900.0, "runoff_coefficient": 0.85000002384185791, "surface_class": "road" }, "geometry": { "type": "Point", "coordinates": [ 377507.790579124644864, 2045751.902720903046429 ] } },
{ "type": "Feature", "properties": { "cell_id": "R107_C102", "row": 107, "col": 102, "x": 377537.79057912464, "y": 2045751.902720903, "cell_area_m2": 900.0, "runoff_coefficient": 0.85000002384185791, "surface_class": "road" }, "geometry": { "type": "Point", "coordinates": [ 377537.790579124644864, 2045751.902720903046429 ] } },
{ "type": "Feature", "properties": { "cell_id": "R107_C103", "row": 107, "col": 103, "x": 377567.79057912464, "y": 2045751.902720903, "cell_area_m2": 900.0, "runoff_coefficient": 0.85000002384185791, "surface_class": "road" }, "geometry": { "type": "Point", "coordinates": [ 377567.790579124644864, 2045751.902720903046429 ] } },
{ "type": "Feature", "properties": { "cell_id": "R107_C104", "row": 107, "col": 104, "x": 377597.79057912464, "y": 2045751.902720903, "cell_area_m2": 900.0, "runoff_coefficient": 0.85000002384185791, "surface_class": "road" }, "geometry": { "type": "Point", "coordinates": [ 377597.790579124644864, 2045751.902720903046429 ] } },
{ "type": "Feature", "properties": { "cell_id": "R107_C105", "row": 107, "col": 105, "x": 377627.79057912464, "y": 2045751.902720903, "cell_area_m2": 900.0, "runoff_coefficient": 0.75, "surface_class": "default_urban" }, "geometry": { "type": "Point", "coordinates": [ 377627.790579124644864, 2045751.902720903046429 ] } },
{ "type": "Feature", "properties": { "cell_id": "R107_C106", "row": 107, "col": 106, "x": 377657.79057912464, "y": 2045751.902720903, "cell_area_m2": 900.0, "runoff_coefficient": 0.75, "surface_class": "default_urban" }, "geometry": { "type": "Point", "coordinates": [ 377657.790579124644864, 2045751.902720903046429 ] } },
{ "type": "Feature", "properties": { "cell_id": "R107_C107", "row": 107, "col": 107, "x": 377687.79057912464, "y": 2045751.902720903, "cell_area_m2": 900.0, "runoff_coefficient": 0.89999997615814209, "surface_class": "building" }, "geometry": { "type": "Point", "coordinates": [ 377687.790579124644864, 2045751.902720903046429 ] } },
{ "type": "Feature", "properties": { "cell_id": "R107_C108", "row": 107, "col": 108, "x": 377717.79057912464, "y": 2045751.902720903, "cell_area_m2": 900.0, "runoff_coefficient": 0.85000002384185791, "surface_class": "road" }, "geometry": { "type": "Point", "coordinates": [ 377717.790579124644864, 2045751.902720903046429 ] } },
{ "type": "Feature", "properties": { "cell_id": "R107_C109", "row": 107, "col": 109, "x": 377747.79057912464, "y": 2045751.902720903, "cell_area_m2": 900.0, "runoff_coefficient": 0.85000002384185791, "surface_class": "road" }, "geometry": { "type": "Point", "coordinates": [ 377747.790579124644864, 2045751.902720903046429 ] } },
{ "type": "Feature", "properties": { "cell_id": "R107_C110", "row": 107, "col": 110, "x": 377777.79057912464, "y": 2045751.902720903, "cell_area_m2": 900.0, "runoff_coefficient": 0.85000002384185791, "surface_class": "road" }, "geometry": { "type": "Point", "coordinates": [ 377777.790579124644864, 2045751.902720903046429 ] } },
{ "type": "Feature", "properties": { "cell_id": "R107_C111", "row": 107, "col": 111, "x": 377807.79057912464, "y": 2045751.902720903, "cell_area_m2": 900.0, "runoff_coefficient": 0.75, "surface_class": "default_urban" }, "geometry": { "type": "Point", "coordinates": [ 377807.790579124644864, 2045751.902720903046429 ] } },
{ "type": "Feature", "properties": { "cell_id": "R107_C112", "row": 107, "col": 112, "x": 377837.79057912464, "y": 2045751.902720903, "cell_area_m2": 900.0, "runoff_coefficient": 0.85000002384185791, "surface_class": "road" }, "geometry": { "type": "Point", "coordinates": [ 377837.790579124644864, 2045751.902720903046429 ] } },
{ "type": "Feature", "properties": { "cell_id": "R107_C113", "row": 107, "col": 113, "x": 377867.79057912464, "y": 2045751.902720903, "cell_area_m2": 900.0, "runoff_coefficient": 0.75, "surface_class": "default_urban" }, "geometry": { "type": "Point", "coordinates": [ 377867.790579124644864, 2045751.902720903046429 ] } },
{ "type": "Feature", "properties": { "cell_id": "R107_C114", "row": 107, "col": 114, "x": 377897.79057912464, "y": 2045751.902720903, "cell_area_m2": 900.0, "runoff_coefficient": 0.75, "surface_class": "default_urban" }, "geometry": { "type": "Point", "coordinates": [ 377897.790579124644864, 2045751.902720903046429 ] } },
{ "type": "Feature", "properties": { "cell_id": "R107_C115", "row": 107, "col": 115, "x": 377927.79057912464, "y": 2045751.902720903, "cell_area_m2": 900.0, "runoff_coefficient": 0.75, "surface_class": "default_urban" }, "geometry": { "type": "Point", "coordinates": [ 377927.790579124644864, 2045751.902720903046429 ] } },
{ "type": "Feature", "properties": { "cell_id": "R107_C116", "row": 107, "col": 116, "x": 377957.79057912464, "y": 2045751.902720903, "cell_area_m2": 900.0, "runoff_coefficient": 0.75, "surface_class": "default_urban" }, "geometry": { "type": "Point", "coordinates": [ 377957.790579124644864, 2045751.902720903046429 ] } },
{ "type": "Feature", "properties": { "cell_id": "R107_C117", "row": 107, "col": 117, "x": 377987.79057912464, "y": 2045751.902720903, "cell_area_m2": 900.0, "runoff_coefficient": 0.75, "surface_class": "default_urban" }, "geometry": { "type": "Point", "coordinates": [ 377987.790579124644864, 2045751.902720903046429 ] } },
{ "type": "Feature", "properties": { "cell_id": "R107_C118", "row": 107, "col": 118, "x": 378017.79057912464, "y": 2045751.902720903, "cell_area_m2": 900.0, "runoff_coefficient": 0.75, "surface_class": "default_urban" }, "geometry": { "type": "Point", "coordinates": [ 378017.790579124644864, 2045751.902720903046429 ] } },
{ "type": "Feature", "properties": { "cell_id": "R107_C119", "row": 107, "col": 119, "x": 378047.79057912464, "y": 2045751.902720903, "cell_area_m2": 900.0, "runoff_coefficient": 0.85000002384185791, "surface_class": "road" }, "geometry": { "type": "Point", "coordinates": [ 378047.790579124644864, 2045751.902720903046429 ] } },
{ "type": "Feature", "properties": { "cell_id": "R107_C120", "row": 107, "col": 120, "x": 378077.79057912464, "y": 2045751.902720903, "cell_area_m2": 900.0, "runoff_coefficient": 0.85000002384185791, "surface_class": "road" }, "geometry": { "type": "Point", "coordinates": [ 378077.790579124644864, 2045751.902720903046429 ] } },
{ "type": "Feature", "properties": { "cell_id": "R107_C121", "row": 107, "col": 121, "x": 378107.79057912464, "y": 2045751.902720903, "cell_area_m2": 900.0, "runoff_coefficient": 0.85000002384185791, "surface_class": "road" }, "geometry": { "type": "Point", "coordinates": [ 378107.790579124644864, 2045751.902720903046429 ] } },
{ "type": "Feature", "properties": { "cell_id": "R107_C122", "row": 107, "col": 122, "x": 378137.79057912464, "y": 2045751.902720903, "cell_area_m2": 900.0, "runoff_coefficient": 0.75, "surface_class": "default_urban" }, "geometry": { "type": "Point", "coordinates": [ 378137.790579124644864, 2045751.902720903046429 ] } },
{ "type": "Feature", "properties": { "cell_id": "R107_C123", "row": 107, "col": 123, "x": 378167.79057912464, "y": 2045751.902720903, "cell_area_m2": 900.0, "runoff_coefficient": 0.75, "surface_class": "default_urban" }, "geometry": { "type": "Point", "coordinates": [ 378167.790579124644864, 2045751.902720903046429 ] } },
{ "type": "Feature", "properties": { "cell_id": "R107_C124", "row": 107, "col": 124, "x": 378197.79057912464, "y": 2045751.902720903, "cell_area_m2": 900.0, "runoff_coefficient": 0.75, "surface_class": "default_urban" }, "geometry": { "type": "Point", "coordinates": [ 378197.790579124644864, 2045751.902720903046429 ] } },
{ "type": "Feature", "properties": { "cell_id": "R107_C125", "row": 107, "col": 125, "x": 378227.79057912464, "y": 2045751.902720903, "cell_area_m2": 900.0, "runoff_coefficient": 0.75, "surface_class": "default_urban" }, "geometry": { "type": "Point", "coordinates": [ 378227.790579124644864, 2045751.902720903046429 ] } },
{ "type": "Feature", "properties": { "cell_id": "R107_C126", "row": 107, "col": 126, "x": 378257.79057912464, "y": 2045751.902720903, "cell_area_m2": 900.0, "runoff_coefficient": 0.75, "surface_class": "default_urban" }, "geometry": { "type": "Point", "coordinates": [ 378257.790579124644864, 2045751.902720903046429 ] } },
{ "type": "Feature", "properties": { "cell_id": "R107_C127", "row": 107, "col": 127, "x": 378287.79057912464, "y": 2045751.902720903, "cell_area_m2": 900.0, "runoff_coefficient": 0.75, "surface_class": "default_urban" }, "geometry": { "type": "Point", "coordinates": [ 378287.790579124644864, 2045751.902720903046429 ] } },
{ "type": "Feature", "properties": { "cell_id": "R107_C128", "row": 107, "col": 128, "x": 378317.79057912464, "y": 2045751.902720903, "cell_area_m2": 900.0, "runoff_coefficient": 0.75, "surface_class": "default_urban" }, "geometry": { "type": "Point", "coordinates": [ 378317.790579124644864, 2045751.902720903046429 ] } },
{ "type": "Feature", "properties": { "cell_id": "R107_C129", "row": 107, "col": 129, "x": 378347.79057912464, "y": 2045751.902720903, "cell_area_m2": 900.0, "runoff_coefficient": 0.75, "surface_class": "default_urban" }, "geometry": { "type": "Point", "coordinates": [ 378347.790579124644864, 2045751.902720903046429 ] } },
{ "type": "Feature", "properties": { "cell_id": "R108_C080", "row": 108, "col": 80, "x": 376877.79057912464, "y": 2045721.902720903, "cell_area_m2": 900.0, "runoff_coefficient": 0.85000002384185791, "surface_class": "road" }, "geometry": { "type": "Point", "coordinates": [ 376877.790579124644864, 2045721.902720903046429 ] } },
{ "type": "Feature", "properties": { "cell_id": "R108_C081", "row": 108, "col": 81, "x": 376907.79057912464, "y": 2045721.902720903, "cell_area_m2": 900.0, "runoff_coefficient": 0.75, "surface_class": "default_urban" }, "geometry": { "type": "Point", "coordinates": [ 376907.790579124644864, 2045721.902720903046429 ] } },
{ "type": "Feature", "properties": { "cell_id": "R108_C082", "row": 108, "col": 82, "x": 376937.79057912464, "y": 2045721.902720903, "cell_area_m2": 900.0, "runoff_coefficient": 0.75, "surface_class": "default_urban" }, "geometry": { "type": "Point", "coordinates": [ 376937.790579124644864, 2045721.902720903046429 ] } },
{ "type": "Feature", "properties": { "cell_id": "R108_C083", "row": 108, "col": 83, "x": 376967.79057912464, "y": 2045721.902720903, "cell_area_m2": 900.0, "runoff_coefficient": 0.75, "surface_class": "default_urban" }, "geometry": { "type": "Point", "coordinates": [ 376967.790579124644864, 2045721.902720903046429 ] } },
{ "type": "Feature", "properties": { "cell_id": "R108_C084", "row": 108, "col": 84, "x": 376997.79057912464, "y": 2045721.902720903, "cell_area_m2": 900.0, "runoff_coefficient": 0.75, "surface_class": "default_urban" }, "geometry": { "type": "Point", "coordinates": [ 376997.790579124644864, 2045721.902720903046429 ] } },
{ "type": "Feature", "properties": { "cell_id": "R108_C085", "row": 108, "col": 85, "x": 377027.79057912464, "y": 2045721.902720903, "cell_area_m2": 900.0, "runoff_coefficient": 0.75, "surface_class": "default_urban" }, "geometry": { "type": "Point", "coordinates": [ 377027.790579124644864, 2045721.902720903046429 ] } },
{ "type": "Feature", "properties": { "cell_id": "R108_C086", "row": 108, "col": 86, "x": 377057.79057912464, "y": 2045721.902720903, "cell_area_m2": 900.0, "runoff_coefficient": 0.75, "surface_class": "default_urban" }, "geometry": { "type": "Point", "coordinates": [ 377057.790579124644864, 2045721.902720903046429 ] } },
{ "type": "Feature", "properties": { "cell_id": "R108_C087", "row": 108, "col": 87, "x": 377087.79057912464, "y": 2045721.902720903, "cell_area_m2": 900.0, "runoff_coefficient": 0.75, "surface_class": "default_urban" }, "geometry": { "type": "Point", "coordinates": [ 377087.790579124644864, 2045721.902720903046429 ] } },
{ "type": "Feature", "properties": { "cell_id": "R108_C088", "row": 108, "col": 88, "x": 377117.79057912464, "y": 2045721.902720903, "cell_area_m2": 900.0, "runoff_coefficient": 0.75, "surface_class": "default_urban" }, "geometry": { "type": "Point", "coordinates": [ 377117.790579124644864, 2045721.902720903046429 ] } },
{ "type": "Feature", "properties": { "cell_id": "R108_C089", "row": 108, "col": 89, "x": 377147.79057912464, "y": 2045721.902720903, "cell_area_m2": 900.0, "runoff_coefficient": 0.75, "surface_class": "default_urban" }, "geometry": { "type": "Point", "coordinates": [ 377147.790579124644864, 2045721.902720903046429 ] } },
{ "type": "Feature", "properties": { "cell_id": "R108_C090", "row": 108, "col": 90, "x": 377177.79057912464, "y": 2045721.902720903, "cell_area_m2": 900.0, "runoff_coefficient": 0.75, "surface_class": "default_urban" }, "geometry": { "type": "Point", "coordinates": [ 377177.790579124644864, 2045721.902720903046429 ] } },
{ "type": "Feature", "properties": { "cell_id": "R108_C091", "row": 108, "col": 91, "x": 377207.79057912464, "y": 2045721.902720903, "cell_area_m2": 900.0, "runoff_coefficient": 0.89999997615814209, "surface_class": "building" }, "geometry": { "type": "Point", "coordinates": [ 377207.790579124644864, 2045721.902720903046429 ] } },
{ "type": "Feature", "properties": { "cell_id": "R108_C092", "row": 108, "col": 92, "x": 377237.79057912464, "y": 2045721.902720903, "cell_area_m2": 900.0, "runoff_coefficient": 0.75, "surface_class": "default_urban" }, "geometry": { "type": "Point", "coordinates": [ 377237.790579124644864, 2045721.902720903046429 ] } },
{ "type": "Feature", "properties": { "cell_id": "R108_C093", "row": 108, "col": 93, "x": 377267.79057912464, "y": 2045721.902720903, "cell_area_m2": 900.0, "runoff_coefficient": 0.89999997615814209, "surface_class": "building" }, "geometry": { "type": "Point", "coordinates": [ 377267.790579124644864, 2045721.902720903046429 ] } },
{ "type": "Feature", "properties": { "cell_id": "R108_C094", "row": 108, "col": 94, "x": 377297.79057912464, "y": 2045721.902720903, "cell_area_m2": 900.0, "runoff_coefficient": 0.75, "surface_class": "default_urban" }, "geometry": { "type": "Point", "coordinates": [ 377297.790579124644864, 2045721.902720903046429 ] } },
{ "type": "Feature", "properties": { "cell_id": "R108_C095", "row": 108, "col": 95, "x": 377327.79057912464, "y": 2045721.902720903, "cell_area_m2": 900.0, "runoff_coefficient": 0.89999997615814209, "surface_class": "building" }, "geometry": { "type": "Point", "coordinates": [ 377327.790579124644864, 2045721.902720903046429 ] } },
{ "type": "Feature", "properties": { "cell_id": "R108_C096", "row": 108, "col": 96, "x": 377357.79057912464, "y": 2045721.902720903, "cell_area_m2": 900.0, "runoff_coefficient": 0.75, "surface_class": "default_urban" }, "geometry": { "type": "Point", "coordinates": [ 377357.790579124644864, 2045721.902720903046429 ] } },
{ "type": "Feature", "properties": { "cell_id": "R108_C097", "row": 108, "col": 97, "x": 377387.79057912464, "y": 2045721.902720903, "cell_area_m2": 900.0, "runoff_coefficient": 0.85000002384185791, "surface_class": "road" }, "geometry": { "type": "Point", "coordinates": [ 377387.790579124644864, 2045721.902720903046429 ] } },
{ "type": "Feature", "properties": { "cell_id": "R108_C098", "row": 108, "col": 98, "x": 377417.79057912464, "y": 2045721.902720903, "cell_area_m2": 900.0, "runoff_coefficient": 0.85000002384185791, "surface_class": "road" }, "geometry": { "type": "Point", "coordinates": [ 377417.790579124644864, 2045721.902720903046429 ] } },
{ "type": "Feature", "properties": { "cell_id": "R108_C099", "row": 108, "col": 99, "x": 377447.79057912464, "y": 2045721.902720903, "cell_area_m2": 900.0, "runoff_coefficient": 0.89999997615814209, "surface_class": "building" }, "geometry": { "type": "Point", "coordinates": [ 377447.790579124644864, 2045721.902720903046429 ] } },
{ "type": "Feature", "properties": { "cell_id": "R108_C100", "row": 108, "col": 100, "x": 377477.79057912464, "y": 2045721.902720903, "cell_area_m2": 900.0, "runoff_coefficient": 0.85000002384185791, "surface_class": "road" }, "geometry": { "type": "Point", "coordinates": [ 377477.790579124644864, 2045721.902720903046429 ] } },
{ "type": "Feature", "properties": { "cell_id": "R108_C101", "row": 108, "col": 101, "x": 377507.79057912464, "y": 2045721.902720903, "cell_area_m2": 900.0, "runoff_coefficient": 0.85000002384185791, "surface_class": "road" }, "geometry": { "type": "Point", "coordinates": [ 377507.790579124644864, 2045721.902720903046429 ] } },
{ "type": "Feature", "properties": { "cell_id": "R108_C102", "row": 108, "col": 102, "x": 377537.79057912464, "y": 2045721.902720903, "cell_area_m2": 900.0, "runoff_coefficient": 0.85000002384185791, "surface_class": "road" }, "geometry": { "type": "Point", "coordinates": [ 377537.790579124644864, 2045721.902720903046429 ] } },
{ "type": "Feature", "properties": { "cell_id": "R108_C103", "row": 108, "col": 103, "x": 377567.79057912464, "y": 2045721.902720903, "cell_area_m2": 900.0, "runoff_coefficient": 0.85000002384185791, "surface_class": "road" }, "geometry": { "type": "Point", "coordinates": [ 377567.790579124644864, 2045721.902720903046429 ] } },
{ "type": "Feature", "properties": { "cell_id": "R108_C104", "row": 108, "col": 104, "x": 377597.79057912464, "y": 2045721.902720903, "cell_area_m2": 900.0, "runoff_coefficient": 0.85000002384185791, "surface_class": "road" }, "geometry": { "type": "Point", "coordinates": [ 377597.790579124644864, 2045721.902720903046429 ] } },
{ "type": "Feature", "properties": { "cell_id": "R108_C105", "row": 108, "col": 105, "x": 377627.79057912464, "y": 2045721.902720903, "cell_area_m2": 900.0, "runoff_coefficient": 0.75, "surface_class": "default_urban" }, "geometry": { "type": "Point", "coordinates": [ 377627.790579124644864, 2045721.902720903046429 ] } },
{ "type": "Feature", "properties": { "cell_id": "R108_C106", "row": 108, "col": 106, "x": 377657.79057912464, "y": 2045721.902720903, "cell_area_m2": 900.0, "runoff_coefficient": 0.75, "surface_class": "default_urban" }, "geometry": { "type": "Point", "coordinates": [ 377657.790579124644864, 2045721.902720903046429 ] } },
{ "type": "Feature", "properties": { "cell_id": "R108_C107", "row": 108, "col": 107, "x": 377687.79057912464, "y": 2045721.902720903, "cell_area_m2": 900.0, "runoff_coefficient": 0.85000002384185791, "surface_class": "road" }, "geometry": { "type": "Point", "coordinates": [ 377687.790579124644864, 2045721.902720903046429 ] } },
{ "type": "Feature", "properties": { "cell_id": "R108_C108", "row": 108, "col": 108, "x": 377717.79057912464, "y": 2045721.902720903, "cell_area_m2": 900.0, "runoff_coefficient": 0.85000002384185791, "surface_class": "road" }, "geometry": { "type": "Point", "coordinates": [ 377717.790579124644864, 2045721.902720903046429 ] } },
{ "type": "Feature", "properties": { "cell_id": "R108_C109", "row": 108, "col": 109, "x": 377747.79057912464, "y": 2045721.902720903, "cell_area_m2": 900.0, "runoff_coefficient": 0.85000002384185791, "surface_class": "road" }, "geometry": { "type": "Point", "coordinates": [ 377747.790579124644864, 2045721.902720903046429 ] } },
{ "type": "Feature", "properties": { "cell_id": "R108_C110", "row": 108, "col": 110, "x": 377777.79057912464, "y": 2045721.902720903, "cell_area_m2": 900.0, "runoff_coefficient": 0.85000002384185791, "surface_class": "road" }, "geometry": { "type": "Point", "coordinates": [ 377777.790579124644864, 2045721.902720903046429 ] } },
{ "type": "Feature", "properties": { "cell_id": "R108_C111", "row": 108, "col": 111, "x": 377807.79057912464, "y": 2045721.902720903, "cell_area_m2": 900.0, "runoff_coefficient": 0.85000002384185791, "surface_class": "road" }, "geometry": { "type": "Point", "coordinates": [ 377807.790579124644864, 2045721.902720903046429 ] } },
{ "type": "Feature", "properties": { "cell_id": "R108_C112", "row": 108, "col": 112, "x": 377837.79057912464, "y": 2045721.902720903, "cell_area_m2": 900.0, "runoff_coefficient": 0.85000002384185791, "surface_class": "road" }, "geometry": { "type": "Point", "coordinates": [ 377837.790579124644864, 2045721.902720903046429 ] } },
{ "type": "Feature", "properties": { "cell_id": "R108_C113", "row": 108, "col": 113, "x": 377867.79057912464, "y": 2045721.902720903, "cell_area_m2": 900.0, "runoff_coefficient": 0.85000002384185791, "surface_class": "road" }, "geometry": { "type": "Point", "coordinates": [ 377867.790579124644864, 2045721.902720903046429 ] } },
{ "type": "Feature", "properties": { "cell_id": "R108_C114", "row": 108, "col": 114, "x": 377897.79057912464, "y": 2045721.902720903, "cell_area_m2": 900.0, "runoff_coefficient": 0.75, "surface_class": "default_urban" }, "geometry": { "type": "Point", "coordinates": [ 377897.790579124644864, 2045721.902720903046429 ] } },
{ "type": "Feature", "properties": { "cell_id": "R108_C115", "row": 108, "col": 115, "x": 377927.79057912464, "y": 2045721.902720903, "cell_area_m2": 900.0, "runoff_coefficient": 0.75, "surface_class": "default_urban" }, "geometry": { "type": "Point", "coordinates": [ 377927.790579124644864, 2045721.902720903046429 ] } },
{ "type": "Feature", "properties": { "cell_id": "R108_C116", "row": 108, "col": 116, "x": 377957.79057912464, "y": 2045721.902720903, "cell_area_m2": 900.0, "runoff_coefficient": 0.89999997615814209, "surface_class": "building" }, "geometry": { "type": "Point", "coordinates": [ 377957.790579124644864, 2045721.902720903046429 ] } },
{ "type": "Feature", "properties": { "cell_id": "R108_C117", "row": 108, "col": 117, "x": 377987.79057912464, "y": 2045721.902720903, "cell_area_m2": 900.0, "runoff_coefficient": 0.75, "surface_class": "default_urban" }, "geometry": { "type": "Point", "coordinates": [ 377987.790579124644864, 2045721.902720903046429 ] } },
{ "type": "Feature", "properties": { "cell_id": "R108_C118", "row": 108, "col": 118, "x": 378017.79057912464, "y": 2045721.902720903, "cell_area_m2": 900.0, "runoff_coefficient": 0.85000002384185791, "surface_class": "road" }, "geometry": { "type": "Point", "coordinates": [ 378017.790579124644864, 2045721.902720903046429 ] } },
{ "type": "Feature", "properties": { "cell_id": "R108_C119", "row": 108, "col": 119, "x": 378047.79057912464, "y": 2045721.902720903, "cell_area_m2": 900.0, "runoff_coefficient": 0.85000002384185791, "surface_class": "road" }, "geometry": { "type": "Point", "coordinates": [ 378047.790579124644864, 2045721.902720903046429 ] } },
{ "type": "Feature", "properties": { "cell_id": "R108_C120", "row": 108, "col": 120, "x": 378077.79057912464, "y": 2045721.902720903, "cell_area_m2": 900.0, "runoff_coefficient": 0.85000002384185791, "surface_class": "road" }, "geometry": { "type": "Point", "coordinates": [ 378077.790579124644864, 2045721.902720903046429 ] } },
{ "type": "Feature", "properties": { "cell_id": "R108_C121", "row": 108, "col": 121, "x": 378107.79057912464, "y": 2045721.902720903, "cell_area_m2": 900.0, "runoff_coefficient": 0.75, "surface_class": "default_urban" }, "geometry": { "type": "Point", "coordinates": [ 378107.790579124644864, 2045721.902720903046429 ] } },
{ "type": "Feature", "properties": { "cell_id": "R108_C122", "row": 108, "col": 122, "x": 378137.79057912464, "y": 2045721.902720903, "cell_area_m2": 900.0, "runoff_coefficient": 0.89999997615814209, "surface_class": "building" }, "geometry": { "type": "Point", "coordinates": [ 378137.790579124644864, 2045721.902720903046429 ] } },
{ "type": "Feature", "properties": { "cell_id": "R108_C123", "row": 108, "col": 123, "x": 378167.79057912464, "y": 2045721.902720903, "cell_area_m2": 900.0, "runoff_coefficient": 0.75, "surface_class": "default_urban" }, "geometry": { "type": "Point", "coordinates": [ 378167.790579124644864, 2045721.902720903046429 ] } },
{ "type": "Feature", "properties": { "cell_id": "R108_C124", "row": 108, "col": 124, "x": 378197.79057912464, "y": 2045721.902720903, "cell_area_m2": 900.0, "runoff_coefficient": 0.75, "surface_class": "default_urban" }, "geometry": { "type": "Point", "coordinates": [ 378197.790579124644864, 2045721.902720903046429 ] } },
{ "type": "Feature", "properties": { "cell_id": "R108_C125", "row": 108, "col": 125, "x": 378227.79057912464, "y": 2045721.902720903, "cell_area_m2": 900.0, "runoff_coefficient": 0.75, "surface_class": "default_urban" }, "geometry": { "type": "Point", "coordinates": [ 378227.790579124644864, 2045721.902720903046429 ] } },
{ "type": "Feature", "properties": { "cell_id": "R108_C126", "row": 108, "col": 126, "x": 378257.79057912464, "y": 2045721.902720903, "cell_area_m2": 900.0, "runoff_coefficient": 0.75, "surface_class": "default_urban" }, "geometry": { "type": "Point", "coordinates": [ 378257.790579124644864, 2045721.902720903046429 ] } },
{ "type": "Feature", "properties": { "cell_id": "R108_C127", "row": 108, "col": 127, "x": 378287.79057912464, "y": 2045721.902720903, "cell_area_m2": 900.0, "runoff_coefficient": 0.30000001192092896, "surface_class": "green_open" }, "geometry": { "type": "Point", "coordinates": [ 378287.790579124644864, 2045721.902720903046429 ] } },
{ "type": "Feature", "properties": { "cell_id": "R109_C081", "row": 109, "col": 81, "x": 376907.79057912464, "y": 2045691.902720903, "cell_area_m2": 900.0, "runoff_coefficient": 0.75, "surface_class": "default_urban" }, "geometry": { "type": "Point", "coordinates": [ 376907.790579124644864, 2045691.902720903046429 ] } },
{ "type": "Feature", "properties": { "cell_id": "R109_C082", "row": 109, "col": 82, "x": 376937.79057912464, "y": 2045691.902720903, "cell_area_m2": 900.0, "runoff_coefficient": 0.75, "surface_class": "default_urban" }, "geometry": { "type": "Point", "coordinates": [ 376937.790579124644864, 2045691.902720903046429 ] } },
{ "type": "Feature", "properties": { "cell_id": "R109_C083", "row": 109, "col": 83, "x": 376967.79057912464, "y": 2045691.902720903, "cell_area_m2": 900.0, "runoff_coefficient": 0.75, "surface_class": "default_urban" }, "geometry": { "type": "Point", "coordinates": [ 376967.790579124644864, 2045691.902720903046429 ] } },
{ "type": "Feature", "properties": { "cell_id": "R109_C084", "row": 109, "col": 84, "x": 376997.79057912464, "y": 2045691.902720903, "cell_area_m2": 900.0, "runoff_coefficient": 0.75, "surface_class": "default_urban" }, "geometry": { "type": "Point", "coordinates": [ 376997.790579124644864, 2045691.902720903046429 ] } },
{ "type": "Feature", "properties": { "cell_id": "R109_C085", "row": 109, "col": 85, "x": 377027.79057912464, "y": 2045691.902720903, "cell_area_m2": 900.0, "runoff_coefficient": 0.75, "surface_class": "default_urban" }, "geometry": { "type": "Point", "coordinates": [ 377027.790579124644864, 2045691.902720903046429 ] } },
{ "type": "Feature", "properties": { "cell_id": "R109_C086", "row": 109, "col": 86, "x": 377057.79057912464, "y": 2045691.902720903, "cell_area_m2": 900.0, "runoff_coefficient": 0.75, "surface_class": "default_urban" }, "geometry": { "type": "Point", "coordinates": [ 377057.790579124644864, 2045691.902720903046429 ] } },
{ "type": "Feature", "properties": { "cell_id": "R109_C087", "row": 109, "col": 87, "x": 377087.79057912464, "y": 2045691.902720903, "cell_area_m2": 900.0, "runoff_coefficient": 0.75, "surface_class": "default_urban" }, "geometry": { "type": "Point", "coordinates": [ 377087.790579124644864, 2045691.902720903046429 ] } },
{ "type": "Feature", "properties": { "cell_id": "R109_C088", "row": 109, "col": 88, "x": 377117.79057912464, "y": 2045691.902720903, "cell_area_m2": 900.0, "runoff_coefficient": 0.75, "surface_class": "default_urban" }, "geometry": { "type": "Point", "coordinates": [ 377117.790579124644864, 2045691.902720903046429 ] } },
{ "type": "Feature", "properties": { "cell_id": "R109_C089", "row": 109, "col": 89, "x": 377147.79057912464, "y": 2045691.902720903, "cell_area_m2": 900.0, "runoff_coefficient": 0.75, "surface_class": "default_urban" }, "geometry": { "type": "Point", "coordinates": [ 377147.790579124644864, 2045691.902720903046429 ] } },
{ "type": "Feature", "properties": { "cell_id": "R109_C090", "row": 109, "col": 90, "x": 377177.79057912464, "y": 2045691.902720903, "cell_area_m2": 900.0, "runoff_coefficient": 0.75, "surface_class": "default_urban" }, "geometry": { "type": "Point", "coordinates": [ 377177.790579124644864, 2045691.902720903046429 ] } },
{ "type": "Feature", "properties": { "cell_id": "R109_C091", "row": 109, "col": 91, "x": 377207.79057912464, "y": 2045691.902720903, "cell_area_m2": 900.0, "runoff_coefficient": 0.75, "surface_class": "default_urban" }, "geometry": { "type": "Point", "coordinates": [ 377207.790579124644864, 2045691.902720903046429 ] } },
{ "type": "Feature", "properties": { "cell_id": "R109_C092", "row": 109, "col": 92, "x": 377237.79057912464, "y": 2045691.902720903, "cell_area_m2": 900.0, "runoff_coefficient": 0.89999997615814209, "surface_class": "building" }, "geometry": { "type": "Point", "coordinates": [ 377237.790579124644864, 2045691.902720903046429 ] } },
{ "type": "Feature", "properties": { "cell_id": "R109_C093", "row": 109, "col": 93, "x": 377267.79057912464, "y": 2045691.902720903, "cell_area_m2": 900.0, "runoff_coefficient": 0.89999997615814209, "surface_class": "building" }, "geometry": { "type": "Point", "coordinates": [ 377267.790579124644864, 2045691.902720903046429 ] } },
{ "type": "Feature", "properties": { "cell_id": "R109_C094", "row": 109, "col": 94, "x": 377297.79057912464, "y": 2045691.902720903, "cell_area_m2": 900.0, "runoff_coefficient": 0.75, "surface_class": "default_urban" }, "geometry": { "type": "Point", "coordinates": [ 377297.790579124644864, 2045691.902720903046429 ] } },
{ "type": "Feature", "properties": { "cell_id": "R109_C095", "row": 109, "col": 95, "x": 377327.79057912464, "y": 2045691.902720903, "cell_area_m2": 900.0, "runoff_coefficient": 0.89999997615814209, "surface_class": "building" }, "geometry": { "type": "Point", "coordinates": [ 377327.790579124644864, 2045691.902720903046429 ] } },
{ "type": "Feature", "properties": { "cell_id": "R109_C096", "row": 109, "col": 96, "x": 377357.79057912464, "y": 2045691.902720903, "cell_area_m2": 900.0, "runoff_coefficient": 0.89999997615814209, "surface_class": "building" }, "geometry": { "type": "Point", "coordinates": [ 377357.790579124644864, 2045691.902720903046429 ] } },
{ "type": "Feature", "properties": { "cell_id": "R109_C097", "row": 109, "col": 97, "x": 377387.79057912464, "y": 2045691.902720903, "cell_area_m2": 900.0, "runoff_coefficient": 0.85000002384185791, "surface_class": "road" }, "geometry": { "type": "Point", "coordinates": [ 377387.790579124644864, 2045691.902720903046429 ] } },
{ "type": "Feature", "properties": { "cell_id": "R109_C098", "row": 109, "col": 98, "x": 377417.79057912464, "y": 2045691.902720903, "cell_area_m2": 900.0, "runoff_coefficient": 0.85000002384185791, "surface_class": "road" }, "geometry": { "type": "Point", "coordinates": [ 377417.790579124644864, 2045691.902720903046429 ] } },
{ "type": "Feature", "properties": { "cell_id": "R109_C099", "row": 109, "col": 99, "x": 377447.79057912464, "y": 2045691.902720903, "cell_area_m2": 900.0, "runoff_coefficient": 0.85000002384185791, "surface_class": "road" }, "geometry": { "type": "Point", "coordinates": [ 377447.790579124644864, 2045691.902720903046429 ] } },
{ "type": "Feature", "properties": { "cell_id": "R109_C100", "row": 109, "col": 100, "x": 377477.79057912464, "y": 2045691.902720903, "cell_area_m2": 900.0, "runoff_coefficient": 0.85000002384185791, "surface_class": "road" }, "geometry": { "type": "Point", "coordinates": [ 377477.790579124644864, 2045691.902720903046429 ] } },
{ "type": "Feature", "properties": { "cell_id": "R109_C101", "row": 109, "col": 101, "x": 377507.79057912464, "y": 2045691.902720903, "cell_area_m2": 900.0, "runoff_coefficient": 0.85000002384185791, "surface_class": "road" }, "geometry": { "type": "Point", "coordinates": [ 377507.790579124644864, 2045691.902720903046429 ] } },
{ "type": "Feature", "properties": { "cell_id": "R109_C102", "row": 109, "col": 102, "x": 377537.79057912464, "y": 2045691.902720903, "cell_area_m2": 900.0, "runoff_coefficient": 0.85000002384185791, "surface_class": "road" }, "geometry": { "type": "Point", "coordinates": [ 377537.790579124644864, 2045691.902720903046429 ] } },
{ "type": "Feature", "properties": { "cell_id": "R109_C103", "row": 109, "col": 103, "x": 377567.79057912464, "y": 2045691.902720903, "cell_area_m2": 900.0, "runoff_coefficient": 0.85000002384185791, "surface_class": "road" }, "geometry": { "type": "Point", "coordinates": [ 377567.790579124644864, 2045691.902720903046429 ] } },
{ "type": "Feature", "properties": { "cell_id": "R109_C104", "row": 109, "col": 104, "x": 377597.79057912464, "y": 2045691.902720903, "cell_area_m2": 900.0, "runoff_coefficient": 0.85000002384185791, "surface_class": "road" }, "geometry": { "type": "Point", "coordinates": [ 377597.790579124644864, 2045691.902720903046429 ] } },
{ "type": "Feature", "properties": { "cell_id": "R109_C105", "row": 109, "col": 105, "x": 377627.79057912464, "y": 2045691.902720903, "cell_area_m2": 900.0, "runoff_coefficient": 0.85000002384185791, "surface_class": "road" }, "geometry": { "type": "Point", "coordinates": [ 377627.790579124644864, 2045691.902720903046429 ] } },
{ "type": "Feature", "properties": { "cell_id": "R109_C106", "row": 109, "col": 106, "x": 377657.79057912464, "y": 2045691.902720903, "cell_area_m2": 900.0, "runoff_coefficient": 0.85000002384185791, "surface_class": "road" }, "geometry": { "type": "Point", "coordinates": [ 377657.790579124644864, 2045691.902720903046429 ] } },
{ "type": "Feature", "properties": { "cell_id": "R109_C107", "row": 109, "col": 107, "x": 377687.79057912464, "y": 2045691.902720903, "cell_area_m2": 900.0, "runoff_coefficient": 0.85000002384185791, "surface_class": "road" }, "geometry": { "type": "Point", "coordinates": [ 377687.790579124644864, 2045691.902720903046429 ] } },
{ "type": "Feature", "properties": { "cell_id": "R109_C108", "row": 109, "col": 108, "x": 377717.79057912464, "y": 2045691.902720903, "cell_area_m2": 900.0, "runoff_coefficient": 0.85000002384185791, "surface_class": "road" }, "geometry": { "type": "Point", "coordinates": [ 377717.790579124644864, 2045691.902720903046429 ] } },
{ "type": "Feature", "properties": { "cell_id": "R109_C109", "row": 109, "col": 109, "x": 377747.79057912464, "y": 2045691.902720903, "cell_area_m2": 900.0, "runoff_coefficient": 0.75, "surface_class": "default_urban" }, "geometry": { "type": "Point", "coordinates": [ 377747.790579124644864, 2045691.902720903046429 ] } },
{ "type": "Feature", "properties": { "cell_id": "R109_C110", "row": 109, "col": 110, "x": 377777.79057912464, "y": 2045691.902720903, "cell_area_m2": 900.0, "runoff_coefficient": 0.75, "surface_class": "default_urban" }, "geometry": { "type": "Point", "coordinates": [ 377777.790579124644864, 2045691.902720903046429 ] } },
{ "type": "Feature", "properties": { "cell_id": "R109_C111", "row": 109, "col": 111, "x": 377807.79057912464, "y": 2045691.902720903, "cell_area_m2": 900.0, "runoff_coefficient": 0.75, "surface_class": "default_urban" }, "geometry": { "type": "Point", "coordinates": [ 377807.790579124644864, 2045691.902720903046429 ] } },
{ "type": "Feature", "properties": { "cell_id": "R109_C112", "row": 109, "col": 112, "x": 377837.79057912464, "y": 2045691.902720903, "cell_area_m2": 900.0, "runoff_coefficient": 0.85000002384185791, "surface_class": "road" }, "geometry": { "type": "Point", "coordinates": [ 377837.790579124644864, 2045691.902720903046429 ] } },
{ "type": "Feature", "properties": { "cell_id": "R109_C113", "row": 109, "col": 113, "x": 377867.79057912464, "y": 2045691.902720903, "cell_area_m2": 900.0, "runoff_coefficient": 0.85000002384185791, "surface_class": "road" }, "geometry": { "type": "Point", "coordinates": [ 377867.790579124644864, 2045691.902720903046429 ] } },
{ "type": "Feature", "properties": { "cell_id": "R109_C114", "row": 109, "col": 114, "x": 377897.79057912464, "y": 2045691.902720903, "cell_area_m2": 900.0, "runoff_coefficient": 0.85000002384185791, "surface_class": "road" }, "geometry": { "type": "Point", "coordinates": [ 377897.790579124644864, 2045691.902720903046429 ] } },
{ "type": "Feature", "properties": { "cell_id": "R109_C115", "row": 109, "col": 115, "x": 377927.79057912464, "y": 2045691.902720903, "cell_area_m2": 900.0, "runoff_coefficient": 0.85000002384185791, "surface_class": "road" }, "geometry": { "type": "Point", "coordinates": [ 377927.790579124644864, 2045691.902720903046429 ] } },
{ "type": "Feature", "properties": { "cell_id": "R109_C116", "row": 109, "col": 116, "x": 377957.79057912464, "y": 2045691.902720903, "cell_area_m2": 900.0, "runoff_coefficient": 0.75, "surface_class": "default_urban" }, "geometry": { "type": "Point", "coordinates": [ 377957.790579124644864, 2045691.902720903046429 ] } },
{ "type": "Feature", "properties": { "cell_id": "R109_C117", "row": 109, "col": 117, "x": 377987.79057912464, "y": 2045691.902720903, "cell_area_m2": 900.0, "runoff_coefficient": 0.85000002384185791, "surface_class": "road" }, "geometry": { "type": "Point", "coordinates": [ 377987.790579124644864, 2045691.902720903046429 ] } },
{ "type": "Feature", "properties": { "cell_id": "R109_C118", "row": 109, "col": 118, "x": 378017.79057912464, "y": 2045691.902720903, "cell_area_m2": 900.0, "runoff_coefficient": 0.85000002384185791, "surface_class": "road" }, "geometry": { "type": "Point", "coordinates": [ 378017.790579124644864, 2045691.902720903046429 ] } },
{ "type": "Feature", "properties": { "cell_id": "R109_C119", "row": 109, "col": 119, "x": 378047.79057912464, "y": 2045691.902720903, "cell_area_m2": 900.0, "runoff_coefficient": 0.85000002384185791, "surface_class": "road" }, "geometry": { "type": "Point", "coordinates": [ 378047.790579124644864, 2045691.902720903046429 ] } },
{ "type": "Feature", "properties": { "cell_id": "R109_C120", "row": 109, "col": 120, "x": 378077.79057912464, "y": 2045691.902720903, "cell_area_m2": 900.0, "runoff_coefficient": 0.75, "surface_class": "default_urban" }, "geometry": { "type": "Point", "coordinates": [ 378077.790579124644864, 2045691.902720903046429 ] } },
{ "type": "Feature", "properties": { "cell_id": "R109_C121", "row": 109, "col": 121, "x": 378107.79057912464, "y": 2045691.902720903, "cell_area_m2": 900.0, "runoff_coefficient": 0.75, "surface_class": "default_urban" }, "geometry": { "type": "Point", "coordinates": [ 378107.790579124644864, 2045691.902720903046429 ] } },
{ "type": "Feature", "properties": { "cell_id": "R109_C122", "row": 109, "col": 122, "x": 378137.79057912464, "y": 2045691.902720903, "cell_area_m2": 900.0, "runoff_coefficient": 0.75, "surface_class": "default_urban" }, "geometry": { "type": "Point", "coordinates": [ 378137.790579124644864, 2045691.902720903046429 ] } },
{ "type": "Feature", "properties": { "cell_id": "R109_C123", "row": 109, "col": 123, "x": 378167.79057912464, "y": 2045691.902720903, "cell_area_m2": 900.0, "runoff_coefficient": 0.75, "surface_class": "default_urban" }, "geometry": { "type": "Point", "coordinates": [ 378167.790579124644864, 2045691.902720903046429 ] } },
{ "type": "Feature", "properties": { "cell_id": "R109_C124", "row": 109, "col": 124, "x": 378197.79057912464, "y": 2045691.902720903, "cell_area_m2": 900.0, "runoff_coefficient": 0.75, "surface_class": "default_urban" }, "geometry": { "type": "Point", "coordinates": [ 378197.790579124644864, 2045691.902720903046429 ] } },
{ "type": "Feature", "properties": { "cell_id": "R109_C125", "row": 109, "col": 125, "x": 378227.79057912464, "y": 2045691.902720903, "cell_area_m2": 900.0, "runoff_coefficient": 0.30000001192092896, "surface_class": "green_open" }, "geometry": { "type": "Point", "coordinates": [ 378227.790579124644864, 2045691.902720903046429 ] } },
{ "type": "Feature", "properties": { "cell_id": "R110_C082", "row": 110, "col": 82, "x": 376937.79057912464, "y": 2045661.902720903, "cell_area_m2": 900.0, "runoff_coefficient": 0.75, "surface_class": "default_urban" }, "geometry": { "type": "Point", "coordinates": [ 376937.790579124644864, 2045661.902720903046429 ] } },
{ "type": "Feature", "properties": { "cell_id": "R110_C083", "row": 110, "col": 83, "x": 376967.79057912464, "y": 2045661.902720903, "cell_area_m2": 900.0, "runoff_coefficient": 0.75, "surface_class": "default_urban" }, "geometry": { "type": "Point", "coordinates": [ 376967.790579124644864, 2045661.902720903046429 ] } },
{ "type": "Feature", "properties": { "cell_id": "R110_C084", "row": 110, "col": 84, "x": 376997.79057912464, "y": 2045661.902720903, "cell_area_m2": 900.0, "runoff_coefficient": 0.75, "surface_class": "default_urban" }, "geometry": { "type": "Point", "coordinates": [ 376997.790579124644864, 2045661.902720903046429 ] } },
{ "type": "Feature", "properties": { "cell_id": "R110_C085", "row": 110, "col": 85, "x": 377027.79057912464, "y": 2045661.902720903, "cell_area_m2": 900.0, "runoff_coefficient": 0.75, "surface_class": "default_urban" }, "geometry": { "type": "Point", "coordinates": [ 377027.790579124644864, 2045661.902720903046429 ] } },
{ "type": "Feature", "properties": { "cell_id": "R110_C086", "row": 110, "col": 86, "x": 377057.79057912464, "y": 2045661.902720903, "cell_area_m2": 900.0, "runoff_coefficient": 0.75, "surface_class": "default_urban" }, "geometry": { "type": "Point", "coordinates": [ 377057.790579124644864, 2045661.902720903046429 ] } },
{ "type": "Feature", "properties": { "cell_id": "R110_C087", "row": 110, "col": 87, "x": 377087.79057912464, "y": 2045661.902720903, "cell_area_m2": 900.0, "runoff_coefficient": 0.75, "surface_class": "default_urban" }, "geometry": { "type": "Point", "coordinates": [ 377087.790579124644864, 2045661.902720903046429 ] } },
{ "type": "Feature", "properties": { "cell_id": "R110_C088", "row": 110, "col": 88, "x": 377117.79057912464, "y": 2045661.902720903, "cell_area_m2": 900.0, "runoff_coefficient": 0.75, "surface_class": "default_urban" }, "geometry": { "type": "Point", "coordinates": [ 377117.790579124644864, 2045661.902720903046429 ] } },
{ "type": "Feature", "properties": { "cell_id": "R110_C089", "row": 110, "col": 89, "x": 377147.79057912464, "y": 2045661.902720903, "cell_area_m2": 900.0, "runoff_coefficient": 0.85000002384185791, "surface_class": "road" }, "geometry": { "type": "Point", "coordinates": [ 377147.790579124644864, 2045661.902720903046429 ] } },
{ "type": "Feature", "properties": { "cell_id": "R110_C090", "row": 110, "col": 90, "x": 377177.79057912464, "y": 2045661.902720903, "cell_area_m2": 900.0, "runoff_coefficient": 0.85000002384185791, "surface_class": "road" }, "geometry": { "type": "Point", "coordinates": [ 377177.790579124644864, 2045661.902720903046429 ] } },
{ "type": "Feature", "properties": { "cell_id": "R110_C091", "row": 110, "col": 91, "x": 377207.79057912464, "y": 2045661.902720903, "cell_area_m2": 900.0, "runoff_coefficient": 0.85000002384185791, "surface_class": "road" }, "geometry": { "type": "Point", "coordinates": [ 377207.790579124644864, 2045661.902720903046429 ] } },
{ "type": "Feature", "properties": { "cell_id": "R110_C092", "row": 110, "col": 92, "x": 377237.79057912464, "y": 2045661.902720903, "cell_area_m2": 900.0, "runoff_coefficient": 0.85000002384185791, "surface_class": "road" }, "geometry": { "type": "Point", "coordinates": [ 377237.790579124644864, 2045661.902720903046429 ] } },
{ "type": "Feature", "properties": { "cell_id": "R110_C093", "row": 110, "col": 93, "x": 377267.79057912464, "y": 2045661.902720903, "cell_area_m2": 900.0, "runoff_coefficient": 0.85000002384185791, "surface_class": "road" }, "geometry": { "type": "Point", "coordinates": [ 377267.790579124644864, 2045661.902720903046429 ] } },
{ "type": "Feature", "properties": { "cell_id": "R110_C094", "row": 110, "col": 94, "x": 377297.79057912464, "y": 2045661.902720903, "cell_area_m2": 900.0, "runoff_coefficient": 0.85000002384185791, "surface_class": "road" }, "geometry": { "type": "Point", "coordinates": [ 377297.790579124644864, 2045661.902720903046429 ] } },
{ "type": "Feature", "properties": { "cell_id": "R110_C095", "row": 110, "col": 95, "x": 377327.79057912464, "y": 2045661.902720903, "cell_area_m2": 900.0, "runoff_coefficient": 0.85000002384185791, "surface_class": "road" }, "geometry": { "type": "Point", "coordinates": [ 377327.790579124644864, 2045661.902720903046429 ] } },
{ "type": "Feature", "properties": { "cell_id": "R110_C096", "row": 110, "col": 96, "x": 377357.79057912464, "y": 2045661.902720903, "cell_area_m2": 900.0, "runoff_coefficient": 0.85000002384185791, "surface_class": "road" }, "geometry": { "type": "Point", "coordinates": [ 377357.790579124644864, 2045661.902720903046429 ] } },
{ "type": "Feature", "properties": { "cell_id": "R110_C097", "row": 110, "col": 97, "x": 377387.79057912464, "y": 2045661.902720903, "cell_area_m2": 900.0, "runoff_coefficient": 0.85000002384185791, "surface_class": "road" }, "geometry": { "type": "Point", "coordinates": [ 377387.790579124644864, 2045661.902720903046429 ] } },
{ "type": "Feature", "properties": { "cell_id": "R110_C098", "row": 110, "col": 98, "x": 377417.79057912464, "y": 2045661.902720903, "cell_area_m2": 900.0, "runoff_coefficient": 0.85000002384185791, "surface_class": "road" }, "geometry": { "type": "Point", "coordinates": [ 377417.790579124644864, 2045661.902720903046429 ] } },
{ "type": "Feature", "properties": { "cell_id": "R110_C099", "row": 110, "col": 99, "x": 377447.79057912464, "y": 2045661.902720903, "cell_area_m2": 900.0, "runoff_coefficient": 0.85000002384185791, "surface_class": "road" }, "geometry": { "type": "Point", "coordinates": [ 377447.790579124644864, 2045661.902720903046429 ] } },
{ "type": "Feature", "properties": { "cell_id": "R110_C100", "row": 110, "col": 100, "x": 377477.79057912464, "y": 2045661.902720903, "cell_area_m2": 900.0, "runoff_coefficient": 0.85000002384185791, "surface_class": "road" }, "geometry": { "type": "Point", "coordinates": [ 377477.790579124644864, 2045661.902720903046429 ] } },
{ "type": "Feature", "properties": { "cell_id": "R110_C101", "row": 110, "col": 101, "x": 377507.79057912464, "y": 2045661.902720903, "cell_area_m2": 900.0, "runoff_coefficient": 0.75, "surface_class": "default_urban" }, "geometry": { "type": "Point", "coordinates": [ 377507.790579124644864, 2045661.902720903046429 ] } },
{ "type": "Feature", "properties": { "cell_id": "R110_C102", "row": 110, "col": 102, "x": 377537.79057912464, "y": 2045661.902720903, "cell_area_m2": 900.0, "runoff_coefficient": 0.75, "surface_class": "default_urban" }, "geometry": { "type": "Point", "coordinates": [ 377537.790579124644864, 2045661.902720903046429 ] } },
{ "type": "Feature", "properties": { "cell_id": "R110_C103", "row": 110, "col": 103, "x": 377567.79057912464, "y": 2045661.902720903, "cell_area_m2": 900.0, "runoff_coefficient": 0.75, "surface_class": "default_urban" }, "geometry": { "type": "Point", "coordinates": [ 377567.790579124644864, 2045661.902720903046429 ] } },
{ "type": "Feature", "properties": { "cell_id": "R110_C104", "row": 110, "col": 104, "x": 377597.79057912464, "y": 2045661.902720903, "cell_area_m2": 900.0, "runoff_coefficient": 0.85000002384185791, "surface_class": "road" }, "geometry": { "type": "Point", "coordinates": [ 377597.790579124644864, 2045661.902720903046429 ] } },
{ "type": "Feature", "properties": { "cell_id": "R110_C105", "row": 110, "col": 105, "x": 377627.79057912464, "y": 2045661.902720903, "cell_area_m2": 900.0, "runoff_coefficient": 0.85000002384185791, "surface_class": "road" }, "geometry": { "type": "Point", "coordinates": [ 377627.790579124644864, 2045661.902720903046429 ] } },
{ "type": "Feature", "properties": { "cell_id": "R110_C106", "row": 110, "col": 106, "x": 377657.79057912464, "y": 2045661.902720903, "cell_area_m2": 900.0, "runoff_coefficient": 0.85000002384185791, "surface_class": "road" }, "geometry": { "type": "Point", "coordinates": [ 377657.790579124644864, 2045661.902720903046429 ] } },
{ "type": "Feature", "properties": { "cell_id": "R110_C107", "row": 110, "col": 107, "x": 377687.79057912464, "y": 2045661.902720903, "cell_area_m2": 900.0, "runoff_coefficient": 0.75, "surface_class": "default_urban" }, "geometry": { "type": "Point", "coordinates": [ 377687.790579124644864, 2045661.902720903046429 ] } },
{ "type": "Feature", "properties": { "cell_id": "R110_C108", "row": 110, "col": 108, "x": 377717.79057912464, "y": 2045661.902720903, "cell_area_m2": 900.0, "runoff_coefficient": 0.75, "surface_class": "default_urban" }, "geometry": { "type": "Point", "coordinates": [ 377717.790579124644864, 2045661.902720903046429 ] } },
{ "type": "Feature", "properties": { "cell_id": "R110_C109", "row": 110, "col": 109, "x": 377747.79057912464, "y": 2045661.902720903, "cell_area_m2": 900.0, "runoff_coefficient": 0.75, "surface_class": "default_urban" }, "geometry": { "type": "Point", "coordinates": [ 377747.790579124644864, 2045661.902720903046429 ] } },
{ "type": "Feature", "properties": { "cell_id": "R110_C110", "row": 110, "col": 110, "x": 377777.79057912464, "y": 2045661.902720903, "cell_area_m2": 900.0, "runoff_coefficient": 0.75, "surface_class": "default_urban" }, "geometry": { "type": "Point", "coordinates": [ 377777.790579124644864, 2045661.902720903046429 ] } },
{ "type": "Feature", "properties": { "cell_id": "R110_C111", "row": 110, "col": 111, "x": 377807.79057912464, "y": 2045661.902720903, "cell_area_m2": 900.0, "runoff_coefficient": 0.75, "surface_class": "default_urban" }, "geometry": { "type": "Point", "coordinates": [ 377807.790579124644864, 2045661.902720903046429 ] } },
{ "type": "Feature", "properties": { "cell_id": "R110_C112", "row": 110, "col": 112, "x": 377837.79057912464, "y": 2045661.902720903, "cell_area_m2": 900.0, "runoff_coefficient": 0.75, "surface_class": "default_urban" }, "geometry": { "type": "Point", "coordinates": [ 377837.790579124644864, 2045661.902720903046429 ] } },
{ "type": "Feature", "properties": { "cell_id": "R110_C113", "row": 110, "col": 113, "x": 377867.79057912464, "y": 2045661.902720903, "cell_area_m2": 900.0, "runoff_coefficient": 0.75, "surface_class": "default_urban" }, "geometry": { "type": "Point", "coordinates": [ 377867.790579124644864, 2045661.902720903046429 ] } },
{ "type": "Feature", "properties": { "cell_id": "R110_C114", "row": 110, "col": 114, "x": 377897.79057912464, "y": 2045661.902720903, "cell_area_m2": 900.0, "runoff_coefficient": 0.75, "surface_class": "default_urban" }, "geometry": { "type": "Point", "coordinates": [ 377897.790579124644864, 2045661.902720903046429 ] } },
{ "type": "Feature", "properties": { "cell_id": "R110_C115", "row": 110, "col": 115, "x": 377927.79057912464, "y": 2045661.902720903, "cell_area_m2": 900.0, "runoff_coefficient": 0.75, "surface_class": "default_urban" }, "geometry": { "type": "Point", "coordinates": [ 377927.790579124644864, 2045661.902720903046429 ] } },
{ "type": "Feature", "properties": { "cell_id": "R110_C116", "row": 110, "col": 116, "x": 377957.79057912464, "y": 2045661.902720903, "cell_area_m2": 900.0, "runoff_coefficient": 0.85000002384185791, "surface_class": "road" }, "geometry": { "type": "Point", "coordinates": [ 377957.790579124644864, 2045661.902720903046429 ] } },
{ "type": "Feature", "properties": { "cell_id": "R110_C117", "row": 110, "col": 117, "x": 377987.79057912464, "y": 2045661.902720903, "cell_area_m2": 900.0, "runoff_coefficient": 0.85000002384185791, "surface_class": "road" }, "geometry": { "type": "Point", "coordinates": [ 377987.790579124644864, 2045661.902720903046429 ] } },
{ "type": "Feature", "properties": { "cell_id": "R110_C118", "row": 110, "col": 118, "x": 378017.79057912464, "y": 2045661.902720903, "cell_area_m2": 900.0, "runoff_coefficient": 0.85000002384185791, "surface_class": "road" }, "geometry": { "type": "Point", "coordinates": [ 378017.790579124644864, 2045661.902720903046429 ] } },
{ "type": "Feature", "properties": { "cell_id": "R110_C119", "row": 110, "col": 119, "x": 378047.79057912464, "y": 2045661.902720903, "cell_area_m2": 900.0, "runoff_coefficient": 0.75, "surface_class": "default_urban" }, "geometry": { "type": "Point", "coordinates": [ 378047.790579124644864, 2045661.902720903046429 ] } },
{ "type": "Feature", "properties": { "cell_id": "R110_C120", "row": 110, "col": 120, "x": 378077.79057912464, "y": 2045661.902720903, "cell_area_m2": 900.0, "runoff_coefficient": 0.75, "surface_class": "default_urban" }, "geometry": { "type": "Point", "coordinates": [ 378077.790579124644864, 2045661.902720903046429 ] } },
{ "type": "Feature", "properties": { "cell_id": "R110_C121", "row": 110, "col": 121, "x": 378107.79057912464, "y": 2045661.902720903, "cell_area_m2": 900.0, "runoff_coefficient": 0.75, "surface_class": "default_urban" }, "geometry": { "type": "Point", "coordinates": [ 378107.790579124644864, 2045661.902720903046429 ] } },
{ "type": "Feature", "properties": { "cell_id": "R110_C122", "row": 110, "col": 122, "x": 378137.79057912464, "y": 2045661.902720903, "cell_area_m2": 900.0, "runoff_coefficient": 0.75, "surface_class": "default_urban" }, "geometry": { "type": "Point", "coordinates": [ 378137.790579124644864, 2045661.902720903046429 ] } },
{ "type": "Feature", "properties": { "cell_id": "R110_C123", "row": 110, "col": 123, "x": 378167.79057912464, "y": 2045661.902720903, "cell_area_m2": 900.0, "runoff_coefficient": 0.75, "surface_class": "default_urban" }, "geometry": { "type": "Point", "coordinates": [ 378167.790579124644864, 2045661.902720903046429 ] } },
{ "type": "Feature", "properties": { "cell_id": "R111_C083", "row": 111, "col": 83, "x": 376967.79057912464, "y": 2045631.902720903, "cell_area_m2": 900.0, "runoff_coefficient": 0.75, "surface_class": "default_urban" }, "geometry": { "type": "Point", "coordinates": [ 376967.790579124644864, 2045631.902720903046429 ] } },
{ "type": "Feature", "properties": { "cell_id": "R111_C084", "row": 111, "col": 84, "x": 376997.79057912464, "y": 2045631.902720903, "cell_area_m2": 900.0, "runoff_coefficient": 0.75, "surface_class": "default_urban" }, "geometry": { "type": "Point", "coordinates": [ 376997.790579124644864, 2045631.902720903046429 ] } },
{ "type": "Feature", "properties": { "cell_id": "R111_C085", "row": 111, "col": 85, "x": 377027.79057912464, "y": 2045631.902720903, "cell_area_m2": 900.0, "runoff_coefficient": 0.75, "surface_class": "default_urban" }, "geometry": { "type": "Point", "coordinates": [ 377027.790579124644864, 2045631.902720903046429 ] } },
{ "type": "Feature", "properties": { "cell_id": "R111_C086", "row": 111, "col": 86, "x": 377057.79057912464, "y": 2045631.902720903, "cell_area_m2": 900.0, "runoff_coefficient": 0.75, "surface_class": "default_urban" }, "geometry": { "type": "Point", "coordinates": [ 377057.790579124644864, 2045631.902720903046429 ] } },
{ "type": "Feature", "properties": { "cell_id": "R111_C087", "row": 111, "col": 87, "x": 377087.79057912464, "y": 2045631.902720903, "cell_area_m2": 900.0, "runoff_coefficient": 0.75, "surface_class": "default_urban" }, "geometry": { "type": "Point", "coordinates": [ 377087.790579124644864, 2045631.902720903046429 ] } },
{ "type": "Feature", "properties": { "cell_id": "R111_C088", "row": 111, "col": 88, "x": 377117.79057912464, "y": 2045631.902720903, "cell_area_m2": 900.0, "runoff_coefficient": 0.89999997615814209, "surface_class": "building" }, "geometry": { "type": "Point", "coordinates": [ 377117.790579124644864, 2045631.902720903046429 ] } },
{ "type": "Feature", "properties": { "cell_id": "R111_C089", "row": 111, "col": 89, "x": 377147.79057912464, "y": 2045631.902720903, "cell_area_m2": 900.0, "runoff_coefficient": 0.85000002384185791, "surface_class": "road" }, "geometry": { "type": "Point", "coordinates": [ 377147.790579124644864, 2045631.902720903046429 ] } },
{ "type": "Feature", "properties": { "cell_id": "R111_C090", "row": 111, "col": 90, "x": 377177.79057912464, "y": 2045631.902720903, "cell_area_m2": 900.0, "runoff_coefficient": 0.89999997615814209, "surface_class": "building" }, "geometry": { "type": "Point", "coordinates": [ 377177.790579124644864, 2045631.902720903046429 ] } },
{ "type": "Feature", "properties": { "cell_id": "R111_C091", "row": 111, "col": 91, "x": 377207.79057912464, "y": 2045631.902720903, "cell_area_m2": 900.0, "runoff_coefficient": 0.89999997615814209, "surface_class": "building" }, "geometry": { "type": "Point", "coordinates": [ 377207.790579124644864, 2045631.902720903046429 ] } },
{ "type": "Feature", "properties": { "cell_id": "R111_C092", "row": 111, "col": 92, "x": 377237.79057912464, "y": 2045631.902720903, "cell_area_m2": 900.0, "runoff_coefficient": 0.89999997615814209, "surface_class": "building" }, "geometry": { "type": "Point", "coordinates": [ 377237.790579124644864, 2045631.902720903046429 ] } },
{ "type": "Feature", "properties": { "cell_id": "R111_C093", "row": 111, "col": 93, "x": 377267.79057912464, "y": 2045631.902720903, "cell_area_m2": 900.0, "runoff_coefficient": 0.89999997615814209, "surface_class": "building" }, "geometry": { "type": "Point", "coordinates": [ 377267.790579124644864, 2045631.902720903046429 ] } },
{ "type": "Feature", "properties": { "cell_id": "R111_C094", "row": 111, "col": 94, "x": 377297.79057912464, "y": 2045631.902720903, "cell_area_m2": 900.0, "runoff_coefficient": 0.30000001192092896, "surface_class": "green_open" }, "geometry": { "type": "Point", "coordinates": [ 377297.790579124644864, 2045631.902720903046429 ] } },
{ "type": "Feature", "properties": { "cell_id": "R111_C095", "row": 111, "col": 95, "x": 377327.79057912464, "y": 2045631.902720903, "cell_area_m2": 900.0, "runoff_coefficient": 0.30000001192092896, "surface_class": "green_open" }, "geometry": { "type": "Point", "coordinates": [ 377327.790579124644864, 2045631.902720903046429 ] } },
{ "type": "Feature", "properties": { "cell_id": "R111_C096", "row": 111, "col": 96, "x": 377357.79057912464, "y": 2045631.902720903, "cell_area_m2": 900.0, "runoff_coefficient": 0.85000002384185791, "surface_class": "road" }, "geometry": { "type": "Point", "coordinates": [ 377357.790579124644864, 2045631.902720903046429 ] } },
{ "type": "Feature", "properties": { "cell_id": "R111_C097", "row": 111, "col": 97, "x": 377387.79057912464, "y": 2045631.902720903, "cell_area_m2": 900.0, "runoff_coefficient": 0.89999997615814209, "surface_class": "building" }, "geometry": { "type": "Point", "coordinates": [ 377387.790579124644864, 2045631.902720903046429 ] } },
{ "type": "Feature", "properties": { "cell_id": "R111_C098", "row": 111, "col": 98, "x": 377417.79057912464, "y": 2045631.902720903, "cell_area_m2": 900.0, "runoff_coefficient": 0.85000002384185791, "surface_class": "road" }, "geometry": { "type": "Point", "coordinates": [ 377417.790579124644864, 2045631.902720903046429 ] } },
{ "type": "Feature", "properties": { "cell_id": "R111_C099", "row": 111, "col": 99, "x": 377447.79057912464, "y": 2045631.902720903, "cell_area_m2": 900.0, "runoff_coefficient": 0.85000002384185791, "surface_class": "road" }, "geometry": { "type": "Point", "coordinates": [ 377447.790579124644864, 2045631.902720903046429 ] } },
{ "type": "Feature", "properties": { "cell_id": "R111_C100", "row": 111, "col": 100, "x": 377477.79057912464, "y": 2045631.902720903, "cell_area_m2": 900.0, "runoff_coefficient": 0.89999997615814209, "surface_class": "building" }, "geometry": { "type": "Point", "coordinates": [ 377477.790579124644864, 2045631.902720903046429 ] } },
{ "type": "Feature", "properties": { "cell_id": "R111_C101", "row": 111, "col": 101, "x": 377507.79057912464, "y": 2045631.902720903, "cell_area_m2": 900.0, "runoff_coefficient": 0.75, "surface_class": "default_urban" }, "geometry": { "type": "Point", "coordinates": [ 377507.790579124644864, 2045631.902720903046429 ] } },
{ "type": "Feature", "properties": { "cell_id": "R111_C102", "row": 111, "col": 102, "x": 377537.79057912464, "y": 2045631.902720903, "cell_area_m2": 900.0, "runoff_coefficient": 0.75, "surface_class": "default_urban" }, "geometry": { "type": "Point", "coordinates": [ 377537.790579124644864, 2045631.902720903046429 ] } },
{ "type": "Feature", "properties": { "cell_id": "R111_C103", "row": 111, "col": 103, "x": 377567.79057912464, "y": 2045631.902720903, "cell_area_m2": 900.0, "runoff_coefficient": 0.85000002384185791, "surface_class": "road" }, "geometry": { "type": "Point", "coordinates": [ 377567.790579124644864, 2045631.902720903046429 ] } },
{ "type": "Feature", "properties": { "cell_id": "R111_C104", "row": 111, "col": 104, "x": 377597.79057912464, "y": 2045631.902720903, "cell_area_m2": 900.0, "runoff_coefficient": 0.85000002384185791, "surface_class": "road" }, "geometry": { "type": "Point", "coordinates": [ 377597.790579124644864, 2045631.902720903046429 ] } },
{ "type": "Feature", "properties": { "cell_id": "R111_C105", "row": 111, "col": 105, "x": 377627.79057912464, "y": 2045631.902720903, "cell_area_m2": 900.0, "runoff_coefficient": 0.85000002384185791, "surface_class": "road" }, "geometry": { "type": "Point", "coordinates": [ 377627.790579124644864, 2045631.902720903046429 ] } },
{ "type": "Feature", "properties": { "cell_id": "R111_C106", "row": 111, "col": 106, "x": 377657.79057912464, "y": 2045631.902720903, "cell_area_m2": 900.0, "runoff_coefficient": 0.75, "surface_class": "default_urban" }, "geometry": { "type": "Point", "coordinates": [ 377657.790579124644864, 2045631.902720903046429 ] } },
{ "type": "Feature", "properties": { "cell_id": "R111_C107", "row": 111, "col": 107, "x": 377687.79057912464, "y": 2045631.902720903, "cell_area_m2": 900.0, "runoff_coefficient": 0.75, "surface_class": "default_urban" }, "geometry": { "type": "Point", "coordinates": [ 377687.790579124644864, 2045631.902720903046429 ] } },
{ "type": "Feature", "properties": { "cell_id": "R111_C108", "row": 111, "col": 108, "x": 377717.79057912464, "y": 2045631.902720903, "cell_area_m2": 900.0, "runoff_coefficient": 0.75, "surface_class": "default_urban" }, "geometry": { "type": "Point", "coordinates": [ 377717.790579124644864, 2045631.902720903046429 ] } },
{ "type": "Feature", "properties": { "cell_id": "R111_C109", "row": 111, "col": 109, "x": 377747.79057912464, "y": 2045631.902720903, "cell_area_m2": 900.0, "runoff_coefficient": 0.75, "surface_class": "default_urban" }, "geometry": { "type": "Point", "coordinates": [ 377747.790579124644864, 2045631.902720903046429 ] } },
{ "type": "Feature", "properties": { "cell_id": "R111_C110", "row": 111, "col": 110, "x": 377777.79057912464, "y": 2045631.902720903, "cell_area_m2": 900.0, "runoff_coefficient": 0.75, "surface_class": "default_urban" }, "geometry": { "type": "Point", "coordinates": [ 377777.790579124644864, 2045631.902720903046429 ] } },
{ "type": "Feature", "properties": { "cell_id": "R111_C111", "row": 111, "col": 111, "x": 377807.79057912464, "y": 2045631.902720903, "cell_area_m2": 900.0, "runoff_coefficient": 0.75, "surface_class": "default_urban" }, "geometry": { "type": "Point", "coordinates": [ 377807.790579124644864, 2045631.902720903046429 ] } },
{ "type": "Feature", "properties": { "cell_id": "R111_C112", "row": 111, "col": 112, "x": 377837.79057912464, "y": 2045631.902720903, "cell_area_m2": 900.0, "runoff_coefficient": 0.75, "surface_class": "default_urban" }, "geometry": { "type": "Point", "coordinates": [ 377837.790579124644864, 2045631.902720903046429 ] } },
{ "type": "Feature", "properties": { "cell_id": "R111_C113", "row": 111, "col": 113, "x": 377867.79057912464, "y": 2045631.902720903, "cell_area_m2": 900.0, "runoff_coefficient": 0.75, "surface_class": "default_urban" }, "geometry": { "type": "Point", "coordinates": [ 377867.790579124644864, 2045631.902720903046429 ] } },
{ "type": "Feature", "properties": { "cell_id": "R111_C114", "row": 111, "col": 114, "x": 377897.79057912464, "y": 2045631.902720903, "cell_area_m2": 900.0, "runoff_coefficient": 0.75, "surface_class": "default_urban" }, "geometry": { "type": "Point", "coordinates": [ 377897.790579124644864, 2045631.902720903046429 ] } },
{ "type": "Feature", "properties": { "cell_id": "R111_C115", "row": 111, "col": 115, "x": 377927.79057912464, "y": 2045631.902720903, "cell_area_m2": 900.0, "runoff_coefficient": 0.85000002384185791, "surface_class": "road" }, "geometry": { "type": "Point", "coordinates": [ 377927.790579124644864, 2045631.902720903046429 ] } },
{ "type": "Feature", "properties": { "cell_id": "R111_C116", "row": 111, "col": 116, "x": 377957.79057912464, "y": 2045631.902720903, "cell_area_m2": 900.0, "runoff_coefficient": 0.85000002384185791, "surface_class": "road" }, "geometry": { "type": "Point", "coordinates": [ 377957.790579124644864, 2045631.902720903046429 ] } },
{ "type": "Feature", "properties": { "cell_id": "R111_C117", "row": 111, "col": 117, "x": 377987.79057912464, "y": 2045631.902720903, "cell_area_m2": 900.0, "runoff_coefficient": 0.85000002384185791, "surface_class": "road" }, "geometry": { "type": "Point", "coordinates": [ 377987.790579124644864, 2045631.902720903046429 ] } },
{ "type": "Feature", "properties": { "cell_id": "R111_C118", "row": 111, "col": 118, "x": 378017.79057912464, "y": 2045631.902720903, "cell_area_m2": 900.0, "runoff_coefficient": 0.75, "surface_class": "default_urban" }, "geometry": { "type": "Point", "coordinates": [ 378017.790579124644864, 2045631.902720903046429 ] } },
{ "type": "Feature", "properties": { "cell_id": "R111_C119", "row": 111, "col": 119, "x": 378047.79057912464, "y": 2045631.902720903, "cell_area_m2": 900.0, "runoff_coefficient": 0.75, "surface_class": "default_urban" }, "geometry": { "type": "Point", "coordinates": [ 378047.790579124644864, 2045631.902720903046429 ] } },
{ "type": "Feature", "properties": { "cell_id": "R111_C120", "row": 111, "col": 120, "x": 378077.79057912464, "y": 2045631.902720903, "cell_area_m2": 900.0, "runoff_coefficient": 0.75, "surface_class": "default_urban" }, "geometry": { "type": "Point", "coordinates": [ 378077.790579124644864, 2045631.902720903046429 ] } },
{ "type": "Feature", "properties": { "cell_id": "R111_C121", "row": 111, "col": 121, "x": 378107.79057912464, "y": 2045631.902720903, "cell_area_m2": 900.0, "runoff_coefficient": 0.75, "surface_class": "default_urban" }, "geometry": { "type": "Point", "coordinates": [ 378107.790579124644864, 2045631.902720903046429 ] } },
{ "type": "Feature", "properties": { "cell_id": "R112_C085", "row": 112, "col": 85, "x": 377027.79057912464, "y": 2045601.902720903, "cell_area_m2": 900.0, "runoff_coefficient": 0.75, "surface_class": "default_urban" }, "geometry": { "type": "Point", "coordinates": [ 377027.790579124644864, 2045601.902720903046429 ] } },
{ "type": "Feature", "properties": { "cell_id": "R112_C086", "row": 112, "col": 86, "x": 377057.79057912464, "y": 2045601.902720903, "cell_area_m2": 900.0, "runoff_coefficient": 0.75, "surface_class": "default_urban" }, "geometry": { "type": "Point", "coordinates": [ 377057.790579124644864, 2045601.902720903046429 ] } },
{ "type": "Feature", "properties": { "cell_id": "R112_C087", "row": 112, "col": 87, "x": 377087.79057912464, "y": 2045601.902720903, "cell_area_m2": 900.0, "runoff_coefficient": 0.89999997615814209, "surface_class": "building" }, "geometry": { "type": "Point", "coordinates": [ 377087.790579124644864, 2045601.902720903046429 ] } },
{ "type": "Feature", "properties": { "cell_id": "R112_C088", "row": 112, "col": 88, "x": 377117.79057912464, "y": 2045601.902720903, "cell_area_m2": 900.0, "runoff_coefficient": 0.85000002384185791, "surface_class": "road" }, "geometry": { "type": "Point", "coordinates": [ 377117.790579124644864, 2045601.902720903046429 ] } },
{ "type": "Feature", "properties": { "cell_id": "R112_C089", "row": 112, "col": 89, "x": 377147.79057912464, "y": 2045601.902720903, "cell_area_m2": 900.0, "runoff_coefficient": 0.85000002384185791, "surface_class": "road" }, "geometry": { "type": "Point", "coordinates": [ 377147.790579124644864, 2045601.902720903046429 ] } },
{ "type": "Feature", "properties": { "cell_id": "R112_C090", "row": 112, "col": 90, "x": 377177.79057912464, "y": 2045601.902720903, "cell_area_m2": 900.0, "runoff_coefficient": 0.85000002384185791, "surface_class": "road" }, "geometry": { "type": "Point", "coordinates": [ 377177.790579124644864, 2045601.902720903046429 ] } },
{ "type": "Feature", "properties": { "cell_id": "R112_C091", "row": 112, "col": 91, "x": 377207.79057912464, "y": 2045601.902720903, "cell_area_m2": 900.0, "runoff_coefficient": 0.85000002384185791, "surface_class": "road" }, "geometry": { "type": "Point", "coordinates": [ 377207.790579124644864, 2045601.902720903046429 ] } },
{ "type": "Feature", "properties": { "cell_id": "R112_C092", "row": 112, "col": 92, "x": 377237.79057912464, "y": 2045601.902720903, "cell_area_m2": 900.0, "runoff_coefficient": 0.85000002384185791, "surface_class": "road" }, "geometry": { "type": "Point", "coordinates": [ 377237.790579124644864, 2045601.902720903046429 ] } },
{ "type": "Feature", "properties": { "cell_id": "R112_C093", "row": 112, "col": 93, "x": 377267.79057912464, "y": 2045601.902720903, "cell_area_m2": 900.0, "runoff_coefficient": 0.85000002384185791, "surface_class": "road" }, "geometry": { "type": "Point", "coordinates": [ 377267.790579124644864, 2045601.902720903046429 ] } },
{ "type": "Feature", "properties": { "cell_id": "R112_C094", "row": 112, "col": 94, "x": 377297.79057912464, "y": 2045601.902720903, "cell_area_m2": 900.0, "runoff_coefficient": 0.85000002384185791, "surface_class": "road" }, "geometry": { "type": "Point", "coordinates": [ 377297.790579124644864, 2045601.902720903046429 ] } },
{ "type": "Feature", "properties": { "cell_id": "R112_C095", "row": 112, "col": 95, "x": 377327.79057912464, "y": 2045601.902720903, "cell_area_m2": 900.0, "runoff_coefficient": 0.85000002384185791, "surface_class": "road" }, "geometry": { "type": "Point", "coordinates": [ 377327.790579124644864, 2045601.902720903046429 ] } },
{ "type": "Feature", "properties": { "cell_id": "R112_C096", "row": 112, "col": 96, "x": 377357.79057912464, "y": 2045601.902720903, "cell_area_m2": 900.0, "runoff_coefficient": 0.85000002384185791, "surface_class": "road" }, "geometry": { "type": "Point", "coordinates": [ 377357.790579124644864, 2045601.902720903046429 ] } },
{ "type": "Feature", "properties": { "cell_id": "R112_C097", "row": 112, "col": 97, "x": 377387.79057912464, "y": 2045601.902720903, "cell_area_m2": 900.0, "runoff_coefficient": 0.89999997615814209, "surface_class": "building" }, "geometry": { "type": "Point", "coordinates": [ 377387.790579124644864, 2045601.902720903046429 ] } },
{ "type": "Feature", "properties": { "cell_id": "R112_C098", "row": 112, "col": 98, "x": 377417.79057912464, "y": 2045601.902720903, "cell_area_m2": 900.0, "runoff_coefficient": 0.85000002384185791, "surface_class": "road" }, "geometry": { "type": "Point", "coordinates": [ 377417.790579124644864, 2045601.902720903046429 ] } },
{ "type": "Feature", "properties": { "cell_id": "R112_C099", "row": 112, "col": 99, "x": 377447.79057912464, "y": 2045601.902720903, "cell_area_m2": 900.0, "runoff_coefficient": 0.89999997615814209, "surface_class": "building" }, "geometry": { "type": "Point", "coordinates": [ 377447.790579124644864, 2045601.902720903046429 ] } },
{ "type": "Feature", "properties": { "cell_id": "R112_C100", "row": 112, "col": 100, "x": 377477.79057912464, "y": 2045601.902720903, "cell_area_m2": 900.0, "runoff_coefficient": 0.85000002384185791, "surface_class": "road" }, "geometry": { "type": "Point", "coordinates": [ 377477.790579124644864, 2045601.902720903046429 ] } },
{ "type": "Feature", "properties": { "cell_id": "R112_C101", "row": 112, "col": 101, "x": 377507.79057912464, "y": 2045601.902720903, "cell_area_m2": 900.0, "runoff_coefficient": 0.89999997615814209, "surface_class": "building" }, "geometry": { "type": "Point", "coordinates": [ 377507.790579124644864, 2045601.902720903046429 ] } },
{ "type": "Feature", "properties": { "cell_id": "R112_C102", "row": 112, "col": 102, "x": 377537.79057912464, "y": 2045601.902720903, "cell_area_m2": 900.0, "runoff_coefficient": 0.85000002384185791, "surface_class": "road" }, "geometry": { "type": "Point", "coordinates": [ 377537.790579124644864, 2045601.902720903046429 ] } },
{ "type": "Feature", "properties": { "cell_id": "R112_C103", "row": 112, "col": 103, "x": 377567.79057912464, "y": 2045601.902720903, "cell_area_m2": 900.0, "runoff_coefficient": 0.85000002384185791, "surface_class": "road" }, "geometry": { "type": "Point", "coordinates": [ 377567.790579124644864, 2045601.902720903046429 ] } },
{ "type": "Feature", "properties": { "cell_id": "R112_C104", "row": 112, "col": 104, "x": 377597.79057912464, "y": 2045601.902720903, "cell_area_m2": 900.0, "runoff_coefficient": 0.85000002384185791, "surface_class": "road" }, "geometry": { "type": "Point", "coordinates": [ 377597.790579124644864, 2045601.902720903046429 ] } },
{ "type": "Feature", "properties": { "cell_id": "R112_C105", "row": 112, "col": 105, "x": 377627.79057912464, "y": 2045601.902720903, "cell_area_m2": 900.0, "runoff_coefficient": 0.75, "surface_class": "default_urban" }, "geometry": { "type": "Point", "coordinates": [ 377627.790579124644864, 2045601.902720903046429 ] } },
{ "type": "Feature", "properties": { "cell_id": "R112_C106", "row": 112, "col": 106, "x": 377657.79057912464, "y": 2045601.902720903, "cell_area_m2": 900.0, "runoff_coefficient": 0.75, "surface_class": "default_urban" }, "geometry": { "type": "Point", "coordinates": [ 377657.790579124644864, 2045601.902720903046429 ] } },
{ "type": "Feature", "properties": { "cell_id": "R112_C107", "row": 112, "col": 107, "x": 377687.79057912464, "y": 2045601.902720903, "cell_area_m2": 900.0, "runoff_coefficient": 0.75, "surface_class": "default_urban" }, "geometry": { "type": "Point", "coordinates": [ 377687.790579124644864, 2045601.902720903046429 ] } },
{ "type": "Feature", "properties": { "cell_id": "R112_C108", "row": 112, "col": 108, "x": 377717.79057912464, "y": 2045601.902720903, "cell_area_m2": 900.0, "runoff_coefficient": 0.75, "surface_class": "default_urban" }, "geometry": { "type": "Point", "coordinates": [ 377717.790579124644864, 2045601.902720903046429 ] } },
{ "type": "Feature", "properties": { "cell_id": "R112_C109", "row": 112, "col": 109, "x": 377747.79057912464, "y": 2045601.902720903, "cell_area_m2": 900.0, "runoff_coefficient": 0.75, "surface_class": "default_urban" }, "geometry": { "type": "Point", "coordinates": [ 377747.790579124644864, 2045601.902720903046429 ] } },
{ "type": "Feature", "properties": { "cell_id": "R112_C110", "row": 112, "col": 110, "x": 377777.79057912464, "y": 2045601.902720903, "cell_area_m2": 900.0, "runoff_coefficient": 0.75, "surface_class": "default_urban" }, "geometry": { "type": "Point", "coordinates": [ 377777.790579124644864, 2045601.902720903046429 ] } },
{ "type": "Feature", "properties": { "cell_id": "R112_C111", "row": 112, "col": 111, "x": 377807.79057912464, "y": 2045601.902720903, "cell_area_m2": 900.0, "runoff_coefficient": 0.75, "surface_class": "default_urban" }, "geometry": { "type": "Point", "coordinates": [ 377807.790579124644864, 2045601.902720903046429 ] } },
{ "type": "Feature", "properties": { "cell_id": "R112_C112", "row": 112, "col": 112, "x": 377837.79057912464, "y": 2045601.902720903, "cell_area_m2": 900.0, "runoff_coefficient": 0.75, "surface_class": "default_urban" }, "geometry": { "type": "Point", "coordinates": [ 377837.790579124644864, 2045601.902720903046429 ] } },
{ "type": "Feature", "properties": { "cell_id": "R112_C113", "row": 112, "col": 113, "x": 377867.79057912464, "y": 2045601.902720903, "cell_area_m2": 900.0, "runoff_coefficient": 0.75, "surface_class": "default_urban" }, "geometry": { "type": "Point", "coordinates": [ 377867.790579124644864, 2045601.902720903046429 ] } },
{ "type": "Feature", "properties": { "cell_id": "R112_C114", "row": 112, "col": 114, "x": 377897.79057912464, "y": 2045601.902720903, "cell_area_m2": 900.0, "runoff_coefficient": 0.85000002384185791, "surface_class": "road" }, "geometry": { "type": "Point", "coordinates": [ 377897.790579124644864, 2045601.902720903046429 ] } },
{ "type": "Feature", "properties": { "cell_id": "R112_C115", "row": 112, "col": 115, "x": 377927.79057912464, "y": 2045601.902720903, "cell_area_m2": 900.0, "runoff_coefficient": 0.85000002384185791, "surface_class": "road" }, "geometry": { "type": "Point", "coordinates": [ 377927.790579124644864, 2045601.902720903046429 ] } },
{ "type": "Feature", "properties": { "cell_id": "R112_C116", "row": 112, "col": 116, "x": 377957.79057912464, "y": 2045601.902720903, "cell_area_m2": 900.0, "runoff_coefficient": 0.85000002384185791, "surface_class": "road" }, "geometry": { "type": "Point", "coordinates": [ 377957.790579124644864, 2045601.902720903046429 ] } },
{ "type": "Feature", "properties": { "cell_id": "R112_C117", "row": 112, "col": 117, "x": 377987.79057912464, "y": 2045601.902720903, "cell_area_m2": 900.0, "runoff_coefficient": 0.75, "surface_class": "default_urban" }, "geometry": { "type": "Point", "coordinates": [ 377987.790579124644864, 2045601.902720903046429 ] } },
{ "type": "Feature", "properties": { "cell_id": "R112_C118", "row": 112, "col": 118, "x": 378017.79057912464, "y": 2045601.902720903, "cell_area_m2": 900.0, "runoff_coefficient": 0.75, "surface_class": "default_urban" }, "geometry": { "type": "Point", "coordinates": [ 378017.790579124644864, 2045601.902720903046429 ] } },
{ "type": "Feature", "properties": { "cell_id": "R112_C119", "row": 112, "col": 119, "x": 378047.79057912464, "y": 2045601.902720903, "cell_area_m2": 900.0, "runoff_coefficient": 0.75, "surface_class": "default_urban" }, "geometry": { "type": "Point", "coordinates": [ 378047.790579124644864, 2045601.902720903046429 ] } },
{ "type": "Feature", "properties": { "cell_id": "R112_C120", "row": 112, "col": 120, "x": 378077.79057912464, "y": 2045601.902720903, "cell_area_m2": 900.0, "runoff_coefficient": 0.75, "surface_class": "default_urban" }, "geometry": { "type": "Point", "coordinates": [ 378077.790579124644864, 2045601.902720903046429 ] } },
{ "type": "Feature", "properties": { "cell_id": "R113_C086", "row": 113, "col": 86, "x": 377057.79057912464, "y": 2045571.902720903, "cell_area_m2": 900.0, "runoff_coefficient": 0.89999997615814209, "surface_class": "building" }, "geometry": { "type": "Point", "coordinates": [ 377057.790579124644864, 2045571.902720903046429 ] } },
{ "type": "Feature", "properties": { "cell_id": "R113_C087", "row": 113, "col": 87, "x": 377087.79057912464, "y": 2045571.902720903, "cell_area_m2": 900.0, "runoff_coefficient": 0.75, "surface_class": "default_urban" }, "geometry": { "type": "Point", "coordinates": [ 377087.790579124644864, 2045571.902720903046429 ] } },
{ "type": "Feature", "properties": { "cell_id": "R113_C088", "row": 113, "col": 88, "x": 377117.79057912464, "y": 2045571.902720903, "cell_area_m2": 900.0, "runoff_coefficient": 0.75, "surface_class": "default_urban" }, "geometry": { "type": "Point", "coordinates": [ 377117.790579124644864, 2045571.902720903046429 ] } },
{ "type": "Feature", "properties": { "cell_id": "R113_C089", "row": 113, "col": 89, "x": 377147.79057912464, "y": 2045571.902720903, "cell_area_m2": 900.0, "runoff_coefficient": 0.75, "surface_class": "default_urban" }, "geometry": { "type": "Point", "coordinates": [ 377147.790579124644864, 2045571.902720903046429 ] } },
{ "type": "Feature", "properties": { "cell_id": "R113_C090", "row": 113, "col": 90, "x": 377177.79057912464, "y": 2045571.902720903, "cell_area_m2": 900.0, "runoff_coefficient": 0.89999997615814209, "surface_class": "building" }, "geometry": { "type": "Point", "coordinates": [ 377177.790579124644864, 2045571.902720903046429 ] } },
{ "type": "Feature", "properties": { "cell_id": "R113_C091", "row": 113, "col": 91, "x": 377207.79057912464, "y": 2045571.902720903, "cell_area_m2": 900.0, "runoff_coefficient": 0.85000002384185791, "surface_class": "road" }, "geometry": { "type": "Point", "coordinates": [ 377207.790579124644864, 2045571.902720903046429 ] } },
{ "type": "Feature", "properties": { "cell_id": "R113_C092", "row": 113, "col": 92, "x": 377237.79057912464, "y": 2045571.902720903, "cell_area_m2": 900.0, "runoff_coefficient": 0.85000002384185791, "surface_class": "road" }, "geometry": { "type": "Point", "coordinates": [ 377237.790579124644864, 2045571.902720903046429 ] } },
{ "type": "Feature", "properties": { "cell_id": "R113_C093", "row": 113, "col": 93, "x": 377267.79057912464, "y": 2045571.902720903, "cell_area_m2": 900.0, "runoff_coefficient": 0.89999997615814209, "surface_class": "building" }, "geometry": { "type": "Point", "coordinates": [ 377267.790579124644864, 2045571.902720903046429 ] } },
{ "type": "Feature", "properties": { "cell_id": "R113_C094", "row": 113, "col": 94, "x": 377297.79057912464, "y": 2045571.902720903, "cell_area_m2": 900.0, "runoff_coefficient": 0.89999997615814209, "surface_class": "building" }, "geometry": { "type": "Point", "coordinates": [ 377297.790579124644864, 2045571.902720903046429 ] } },
{ "type": "Feature", "properties": { "cell_id": "R113_C095", "row": 113, "col": 95, "x": 377327.79057912464, "y": 2045571.902720903, "cell_area_m2": 900.0, "runoff_coefficient": 0.89999997615814209, "surface_class": "building" }, "geometry": { "type": "Point", "coordinates": [ 377327.790579124644864, 2045571.902720903046429 ] } },
{ "type": "Feature", "properties": { "cell_id": "R113_C096", "row": 113, "col": 96, "x": 377357.79057912464, "y": 2045571.902720903, "cell_area_m2": 900.0, "runoff_coefficient": 0.89999997615814209, "surface_class": "building" }, "geometry": { "type": "Point", "coordinates": [ 377357.790579124644864, 2045571.902720903046429 ] } },
{ "type": "Feature", "properties": { "cell_id": "R113_C097", "row": 113, "col": 97, "x": 377387.79057912464, "y": 2045571.902720903, "cell_area_m2": 900.0, "runoff_coefficient": 0.89999997615814209, "surface_class": "building" }, "geometry": { "type": "Point", "coordinates": [ 377387.790579124644864, 2045571.902720903046429 ] } },
{ "type": "Feature", "properties": { "cell_id": "R113_C098", "row": 113, "col": 98, "x": 377417.79057912464, "y": 2045571.902720903, "cell_area_m2": 900.0, "runoff_coefficient": 0.85000002384185791, "surface_class": "road" }, "geometry": { "type": "Point", "coordinates": [ 377417.790579124644864, 2045571.902720903046429 ] } },
{ "type": "Feature", "properties": { "cell_id": "R113_C099", "row": 113, "col": 99, "x": 377447.79057912464, "y": 2045571.902720903, "cell_area_m2": 900.0, "runoff_coefficient": 0.75, "surface_class": "default_urban" }, "geometry": { "type": "Point", "coordinates": [ 377447.790579124644864, 2045571.902720903046429 ] } },
{ "type": "Feature", "properties": { "cell_id": "R113_C100", "row": 113, "col": 100, "x": 377477.79057912464, "y": 2045571.902720903, "cell_area_m2": 900.0, "runoff_coefficient": 0.85000002384185791, "surface_class": "road" }, "geometry": { "type": "Point", "coordinates": [ 377477.790579124644864, 2045571.902720903046429 ] } },
{ "type": "Feature", "properties": { "cell_id": "R113_C101", "row": 113, "col": 101, "x": 377507.79057912464, "y": 2045571.902720903, "cell_area_m2": 900.0, "runoff_coefficient": 0.85000002384185791, "surface_class": "road" }, "geometry": { "type": "Point", "coordinates": [ 377507.790579124644864, 2045571.902720903046429 ] } },
{ "type": "Feature", "properties": { "cell_id": "R113_C102", "row": 113, "col": 102, "x": 377537.79057912464, "y": 2045571.902720903, "cell_area_m2": 900.0, "runoff_coefficient": 0.85000002384185791, "surface_class": "road" }, "geometry": { "type": "Point", "coordinates": [ 377537.790579124644864, 2045571.902720903046429 ] } },
{ "type": "Feature", "properties": { "cell_id": "R113_C103", "row": 113, "col": 103, "x": 377567.79057912464, "y": 2045571.902720903, "cell_area_m2": 900.0, "runoff_coefficient": 0.75, "surface_class": "default_urban" }, "geometry": { "type": "Point", "coordinates": [ 377567.790579124644864, 2045571.902720903046429 ] } },
{ "type": "Feature", "properties": { "cell_id": "R113_C104", "row": 113, "col": 104, "x": 377597.79057912464, "y": 2045571.902720903, "cell_area_m2": 900.0, "runoff_coefficient": 0.75, "surface_class": "default_urban" }, "geometry": { "type": "Point", "coordinates": [ 377597.790579124644864, 2045571.902720903046429 ] } },
{ "type": "Feature", "properties": { "cell_id": "R113_C105", "row": 113, "col": 105, "x": 377627.79057912464, "y": 2045571.902720903, "cell_area_m2": 900.0, "runoff_coefficient": 0.75, "surface_class": "default_urban" }, "geometry": { "type": "Point", "coordinates": [ 377627.790579124644864, 2045571.902720903046429 ] } },
{ "type": "Feature", "properties": { "cell_id": "R113_C106", "row": 113, "col": 106, "x": 377657.79057912464, "y": 2045571.902720903, "cell_area_m2": 900.0, "runoff_coefficient": 0.75, "surface_class": "default_urban" }, "geometry": { "type": "Point", "coordinates": [ 377657.790579124644864, 2045571.902720903046429 ] } },
{ "type": "Feature", "properties": { "cell_id": "R113_C107", "row": 113, "col": 107, "x": 377687.79057912464, "y": 2045571.902720903, "cell_area_m2": 900.0, "runoff_coefficient": 0.75, "surface_class": "default_urban" }, "geometry": { "type": "Point", "coordinates": [ 377687.790579124644864, 2045571.902720903046429 ] } },
{ "type": "Feature", "properties": { "cell_id": "R113_C108", "row": 113, "col": 108, "x": 377717.79057912464, "y": 2045571.902720903, "cell_area_m2": 900.0, "runoff_coefficient": 0.75, "surface_class": "default_urban" }, "geometry": { "type": "Point", "coordinates": [ 377717.790579124644864, 2045571.902720903046429 ] } },
{ "type": "Feature", "properties": { "cell_id": "R113_C109", "row": 113, "col": 109, "x": 377747.79057912464, "y": 2045571.902720903, "cell_area_m2": 900.0, "runoff_coefficient": 0.75, "surface_class": "default_urban" }, "geometry": { "type": "Point", "coordinates": [ 377747.790579124644864, 2045571.902720903046429 ] } },
{ "type": "Feature", "properties": { "cell_id": "R113_C110", "row": 113, "col": 110, "x": 377777.79057912464, "y": 2045571.902720903, "cell_area_m2": 900.0, "runoff_coefficient": 0.75, "surface_class": "default_urban" }, "geometry": { "type": "Point", "coordinates": [ 377777.790579124644864, 2045571.902720903046429 ] } },
{ "type": "Feature", "properties": { "cell_id": "R113_C111", "row": 113, "col": 111, "x": 377807.79057912464, "y": 2045571.902720903, "cell_area_m2": 900.0, "runoff_coefficient": 0.75, "surface_class": "default_urban" }, "geometry": { "type": "Point", "coordinates": [ 377807.790579124644864, 2045571.902720903046429 ] } },
{ "type": "Feature", "properties": { "cell_id": "R113_C112", "row": 113, "col": 112, "x": 377837.79057912464, "y": 2045571.902720903, "cell_area_m2": 900.0, "runoff_coefficient": 0.75, "surface_class": "default_urban" }, "geometry": { "type": "Point", "coordinates": [ 377837.790579124644864, 2045571.902720903046429 ] } },
{ "type": "Feature", "properties": { "cell_id": "R113_C113", "row": 113, "col": 113, "x": 377867.79057912464, "y": 2045571.902720903, "cell_area_m2": 900.0, "runoff_coefficient": 0.85000002384185791, "surface_class": "road" }, "geometry": { "type": "Point", "coordinates": [ 377867.790579124644864, 2045571.902720903046429 ] } },
{ "type": "Feature", "properties": { "cell_id": "R113_C114", "row": 113, "col": 114, "x": 377897.79057912464, "y": 2045571.902720903, "cell_area_m2": 900.0, "runoff_coefficient": 0.85000002384185791, "surface_class": "road" }, "geometry": { "type": "Point", "coordinates": [ 377897.790579124644864, 2045571.902720903046429 ] } },
{ "type": "Feature", "properties": { "cell_id": "R113_C115", "row": 113, "col": 115, "x": 377927.79057912464, "y": 2045571.902720903, "cell_area_m2": 900.0, "runoff_coefficient": 0.85000002384185791, "surface_class": "road" }, "geometry": { "type": "Point", "coordinates": [ 377927.790579124644864, 2045571.902720903046429 ] } },
{ "type": "Feature", "properties": { "cell_id": "R113_C116", "row": 113, "col": 116, "x": 377957.79057912464, "y": 2045571.902720903, "cell_area_m2": 900.0, "runoff_coefficient": 0.85000002384185791, "surface_class": "road" }, "geometry": { "type": "Point", "coordinates": [ 377957.790579124644864, 2045571.902720903046429 ] } },
{ "type": "Feature", "properties": { "cell_id": "R113_C117", "row": 113, "col": 117, "x": 377987.79057912464, "y": 2045571.902720903, "cell_area_m2": 900.0, "runoff_coefficient": 0.75, "surface_class": "default_urban" }, "geometry": { "type": "Point", "coordinates": [ 377987.790579124644864, 2045571.902720903046429 ] } },
{ "type": "Feature", "properties": { "cell_id": "R113_C118", "row": 113, "col": 118, "x": 378017.79057912464, "y": 2045571.902720903, "cell_area_m2": 900.0, "runoff_coefficient": 0.75, "surface_class": "default_urban" }, "geometry": { "type": "Point", "coordinates": [ 378017.790579124644864, 2045571.902720903046429 ] } },
{ "type": "Feature", "properties": { "cell_id": "R114_C087", "row": 114, "col": 87, "x": 377087.79057912464, "y": 2045541.902720903, "cell_area_m2": 900.0, "runoff_coefficient": 0.75, "surface_class": "default_urban" }, "geometry": { "type": "Point", "coordinates": [ 377087.790579124644864, 2045541.902720903046429 ] } },
{ "type": "Feature", "properties": { "cell_id": "R114_C088", "row": 114, "col": 88, "x": 377117.79057912464, "y": 2045541.902720903, "cell_area_m2": 900.0, "runoff_coefficient": 0.85000002384185791, "surface_class": "road" }, "geometry": { "type": "Point", "coordinates": [ 377117.790579124644864, 2045541.902720903046429 ] } },
{ "type": "Feature", "properties": { "cell_id": "R114_C089", "row": 114, "col": 89, "x": 377147.79057912464, "y": 2045541.902720903, "cell_area_m2": 900.0, "runoff_coefficient": 0.89999997615814209, "surface_class": "building" }, "geometry": { "type": "Point", "coordinates": [ 377147.790579124644864, 2045541.902720903046429 ] } },
{ "type": "Feature", "properties": { "cell_id": "R114_C090", "row": 114, "col": 90, "x": 377177.79057912464, "y": 2045541.902720903, "cell_area_m2": 900.0, "runoff_coefficient": 0.89999997615814209, "surface_class": "building" }, "geometry": { "type": "Point", "coordinates": [ 377177.790579124644864, 2045541.902720903046429 ] } },
{ "type": "Feature", "properties": { "cell_id": "R114_C091", "row": 114, "col": 91, "x": 377207.79057912464, "y": 2045541.902720903, "cell_area_m2": 900.0, "runoff_coefficient": 0.89999997615814209, "surface_class": "building" }, "geometry": { "type": "Point", "coordinates": [ 377207.790579124644864, 2045541.902720903046429 ] } },
{ "type": "Feature", "properties": { "cell_id": "R114_C092", "row": 114, "col": 92, "x": 377237.79057912464, "y": 2045541.902720903, "cell_area_m2": 900.0, "runoff_coefficient": 0.75, "surface_class": "default_urban" }, "geometry": { "type": "Point", "coordinates": [ 377237.790579124644864, 2045541.902720903046429 ] } },
{ "type": "Feature", "properties": { "cell_id": "R114_C093", "row": 114, "col": 93, "x": 377267.79057912464, "y": 2045541.902720903, "cell_area_m2": 900.0, "runoff_coefficient": 0.75, "surface_class": "default_urban" }, "geometry": { "type": "Point", "coordinates": [ 377267.790579124644864, 2045541.902720903046429 ] } },
{ "type": "Feature", "properties": { "cell_id": "R114_C094", "row": 114, "col": 94, "x": 377297.79057912464, "y": 2045541.902720903, "cell_area_m2": 900.0, "runoff_coefficient": 0.89999997615814209, "surface_class": "building" }, "geometry": { "type": "Point", "coordinates": [ 377297.790579124644864, 2045541.902720903046429 ] } },
{ "type": "Feature", "properties": { "cell_id": "R114_C095", "row": 114, "col": 95, "x": 377327.79057912464, "y": 2045541.902720903, "cell_area_m2": 900.0, "runoff_coefficient": 0.89999997615814209, "surface_class": "building" }, "geometry": { "type": "Point", "coordinates": [ 377327.790579124644864, 2045541.902720903046429 ] } },
{ "type": "Feature", "properties": { "cell_id": "R114_C096", "row": 114, "col": 96, "x": 377357.79057912464, "y": 2045541.902720903, "cell_area_m2": 900.0, "runoff_coefficient": 0.85000002384185791, "surface_class": "road" }, "geometry": { "type": "Point", "coordinates": [ 377357.790579124644864, 2045541.902720903046429 ] } },
{ "type": "Feature", "properties": { "cell_id": "R114_C097", "row": 114, "col": 97, "x": 377387.79057912464, "y": 2045541.902720903, "cell_area_m2": 900.0, "runoff_coefficient": 0.75, "surface_class": "default_urban" }, "geometry": { "type": "Point", "coordinates": [ 377387.790579124644864, 2045541.902720903046429 ] } },
{ "type": "Feature", "properties": { "cell_id": "R114_C098", "row": 114, "col": 98, "x": 377417.79057912464, "y": 2045541.902720903, "cell_area_m2": 900.0, "runoff_coefficient": 0.89999997615814209, "surface_class": "building" }, "geometry": { "type": "Point", "coordinates": [ 377417.790579124644864, 2045541.902720903046429 ] } },
{ "type": "Feature", "properties": { "cell_id": "R114_C099", "row": 114, "col": 99, "x": 377447.79057912464, "y": 2045541.902720903, "cell_area_m2": 900.0, "runoff_coefficient": 0.85000002384185791, "surface_class": "road" }, "geometry": { "type": "Point", "coordinates": [ 377447.790579124644864, 2045541.902720903046429 ] } },
{ "type": "Feature", "properties": { "cell_id": "R114_C100", "row": 114, "col": 100, "x": 377477.79057912464, "y": 2045541.902720903, "cell_area_m2": 900.0, "runoff_coefficient": 0.85000002384185791, "surface_class": "road" }, "geometry": { "type": "Point", "coordinates": [ 377477.790579124644864, 2045541.902720903046429 ] } },
{ "type": "Feature", "properties": { "cell_id": "R114_C101", "row": 114, "col": 101, "x": 377507.79057912464, "y": 2045541.902720903, "cell_area_m2": 900.0, "runoff_coefficient": 0.85000002384185791, "surface_class": "road" }, "geometry": { "type": "Point", "coordinates": [ 377507.790579124644864, 2045541.902720903046429 ] } },
{ "type": "Feature", "properties": { "cell_id": "R114_C102", "row": 114, "col": 102, "x": 377537.79057912464, "y": 2045541.902720903, "cell_area_m2": 900.0, "runoff_coefficient": 0.75, "surface_class": "default_urban" }, "geometry": { "type": "Point", "coordinates": [ 377537.790579124644864, 2045541.902720903046429 ] } },
{ "type": "Feature", "properties": { "cell_id": "R114_C103", "row": 114, "col": 103, "x": 377567.79057912464, "y": 2045541.902720903, "cell_area_m2": 900.0, "runoff_coefficient": 0.75, "surface_class": "default_urban" }, "geometry": { "type": "Point", "coordinates": [ 377567.790579124644864, 2045541.902720903046429 ] } },
{ "type": "Feature", "properties": { "cell_id": "R114_C104", "row": 114, "col": 104, "x": 377597.79057912464, "y": 2045541.902720903, "cell_area_m2": 900.0, "runoff_coefficient": 0.75, "surface_class": "default_urban" }, "geometry": { "type": "Point", "coordinates": [ 377597.790579124644864, 2045541.902720903046429 ] } },
{ "type": "Feature", "properties": { "cell_id": "R114_C105", "row": 114, "col": 105, "x": 377627.79057912464, "y": 2045541.902720903, "cell_area_m2": 900.0, "runoff_coefficient": 0.75, "surface_class": "default_urban" }, "geometry": { "type": "Point", "coordinates": [ 377627.790579124644864, 2045541.902720903046429 ] } },
{ "type": "Feature", "properties": { "cell_id": "R114_C106", "row": 114, "col": 106, "x": 377657.79057912464, "y": 2045541.902720903, "cell_area_m2": 900.0, "runoff_coefficient": 0.75, "surface_class": "default_urban" }, "geometry": { "type": "Point", "coordinates": [ 377657.790579124644864, 2045541.902720903046429 ] } },
{ "type": "Feature", "properties": { "cell_id": "R114_C107", "row": 114, "col": 107, "x": 377687.79057912464, "y": 2045541.902720903, "cell_area_m2": 900.0, "runoff_coefficient": 0.75, "surface_class": "default_urban" }, "geometry": { "type": "Point", "coordinates": [ 377687.790579124644864, 2045541.902720903046429 ] } },
{ "type": "Feature", "properties": { "cell_id": "R114_C108", "row": 114, "col": 108, "x": 377717.79057912464, "y": 2045541.902720903, "cell_area_m2": 900.0, "runoff_coefficient": 0.75, "surface_class": "default_urban" }, "geometry": { "type": "Point", "coordinates": [ 377717.790579124644864, 2045541.902720903046429 ] } },
{ "type": "Feature", "properties": { "cell_id": "R114_C109", "row": 114, "col": 109, "x": 377747.79057912464, "y": 2045541.902720903, "cell_area_m2": 900.0, "runoff_coefficient": 0.75, "surface_class": "default_urban" }, "geometry": { "type": "Point", "coordinates": [ 377747.790579124644864, 2045541.902720903046429 ] } },
{ "type": "Feature", "properties": { "cell_id": "R114_C110", "row": 114, "col": 110, "x": 377777.79057912464, "y": 2045541.902720903, "cell_area_m2": 900.0, "runoff_coefficient": 0.75, "surface_class": "default_urban" }, "geometry": { "type": "Point", "coordinates": [ 377777.790579124644864, 2045541.902720903046429 ] } },
{ "type": "Feature", "properties": { "cell_id": "R114_C111", "row": 114, "col": 111, "x": 377807.79057912464, "y": 2045541.902720903, "cell_area_m2": 900.0, "runoff_coefficient": 0.75, "surface_class": "default_urban" }, "geometry": { "type": "Point", "coordinates": [ 377807.790579124644864, 2045541.902720903046429 ] } },
{ "type": "Feature", "properties": { "cell_id": "R114_C112", "row": 114, "col": 112, "x": 377837.79057912464, "y": 2045541.902720903, "cell_area_m2": 900.0, "runoff_coefficient": 0.85000002384185791, "surface_class": "road" }, "geometry": { "type": "Point", "coordinates": [ 377837.790579124644864, 2045541.902720903046429 ] } },
{ "type": "Feature", "properties": { "cell_id": "R114_C113", "row": 114, "col": 113, "x": 377867.79057912464, "y": 2045541.902720903, "cell_area_m2": 900.0, "runoff_coefficient": 0.85000002384185791, "surface_class": "road" }, "geometry": { "type": "Point", "coordinates": [ 377867.790579124644864, 2045541.902720903046429 ] } },
{ "type": "Feature", "properties": { "cell_id": "R114_C114", "row": 114, "col": 114, "x": 377897.79057912464, "y": 2045541.902720903, "cell_area_m2": 900.0, "runoff_coefficient": 0.85000002384185791, "surface_class": "road" }, "geometry": { "type": "Point", "coordinates": [ 377897.790579124644864, 2045541.902720903046429 ] } },
{ "type": "Feature", "properties": { "cell_id": "R114_C115", "row": 114, "col": 115, "x": 377927.79057912464, "y": 2045541.902720903, "cell_area_m2": 900.0, "runoff_coefficient": 0.85000002384185791, "surface_class": "road" }, "geometry": { "type": "Point", "coordinates": [ 377927.790579124644864, 2045541.902720903046429 ] } },
{ "type": "Feature", "properties": { "cell_id": "R114_C116", "row": 114, "col": 116, "x": 377957.79057912464, "y": 2045541.902720903, "cell_area_m2": 900.0, "runoff_coefficient": 0.75, "surface_class": "default_urban" }, "geometry": { "type": "Point", "coordinates": [ 377957.790579124644864, 2045541.902720903046429 ] } },
{ "type": "Feature", "properties": { "cell_id": "R115_C089", "row": 115, "col": 89, "x": 377147.79057912464, "y": 2045511.902720903, "cell_area_m2": 900.0, "runoff_coefficient": 0.85000002384185791, "surface_class": "road" }, "geometry": { "type": "Point", "coordinates": [ 377147.790579124644864, 2045511.902720903046429 ] } },
{ "type": "Feature", "properties": { "cell_id": "R115_C090", "row": 115, "col": 90, "x": 377177.79057912464, "y": 2045511.902720903, "cell_area_m2": 900.0, "runoff_coefficient": 0.85000002384185791, "surface_class": "road" }, "geometry": { "type": "Point", "coordinates": [ 377177.790579124644864, 2045511.902720903046429 ] } },
{ "type": "Feature", "properties": { "cell_id": "R115_C091", "row": 115, "col": 91, "x": 377207.79057912464, "y": 2045511.902720903, "cell_area_m2": 900.0, "runoff_coefficient": 0.85000002384185791, "surface_class": "road" }, "geometry": { "type": "Point", "coordinates": [ 377207.790579124644864, 2045511.902720903046429 ] } },
{ "type": "Feature", "properties": { "cell_id": "R115_C092", "row": 115, "col": 92, "x": 377237.79057912464, "y": 2045511.902720903, "cell_area_m2": 900.0, "runoff_coefficient": 0.85000002384185791, "surface_class": "road" }, "geometry": { "type": "Point", "coordinates": [ 377237.790579124644864, 2045511.902720903046429 ] } },
{ "type": "Feature", "properties": { "cell_id": "R115_C093", "row": 115, "col": 93, "x": 377267.79057912464, "y": 2045511.902720903, "cell_area_m2": 900.0, "runoff_coefficient": 0.85000002384185791, "surface_class": "road" }, "geometry": { "type": "Point", "coordinates": [ 377267.790579124644864, 2045511.902720903046429 ] } },
{ "type": "Feature", "properties": { "cell_id": "R115_C094", "row": 115, "col": 94, "x": 377297.79057912464, "y": 2045511.902720903, "cell_area_m2": 900.0, "runoff_coefficient": 0.85000002384185791, "surface_class": "road" }, "geometry": { "type": "Point", "coordinates": [ 377297.790579124644864, 2045511.902720903046429 ] } },
{ "type": "Feature", "properties": { "cell_id": "R115_C095", "row": 115, "col": 95, "x": 377327.79057912464, "y": 2045511.902720903, "cell_area_m2": 900.0, "runoff_coefficient": 0.85000002384185791, "surface_class": "road" }, "geometry": { "type": "Point", "coordinates": [ 377327.790579124644864, 2045511.902720903046429 ] } },
{ "type": "Feature", "properties": { "cell_id": "R115_C096", "row": 115, "col": 96, "x": 377357.79057912464, "y": 2045511.902720903, "cell_area_m2": 900.0, "runoff_coefficient": 0.85000002384185791, "surface_class": "road" }, "geometry": { "type": "Point", "coordinates": [ 377357.790579124644864, 2045511.902720903046429 ] } },
{ "type": "Feature", "properties": { "cell_id": "R115_C097", "row": 115, "col": 97, "x": 377387.79057912464, "y": 2045511.902720903, "cell_area_m2": 900.0, "runoff_coefficient": 0.89999997615814209, "surface_class": "building" }, "geometry": { "type": "Point", "coordinates": [ 377387.790579124644864, 2045511.902720903046429 ] } },
{ "type": "Feature", "properties": { "cell_id": "R115_C098", "row": 115, "col": 98, "x": 377417.79057912464, "y": 2045511.902720903, "cell_area_m2": 900.0, "runoff_coefficient": 0.85000002384185791, "surface_class": "road" }, "geometry": { "type": "Point", "coordinates": [ 377417.790579124644864, 2045511.902720903046429 ] } },
{ "type": "Feature", "properties": { "cell_id": "R115_C099", "row": 115, "col": 99, "x": 377447.79057912464, "y": 2045511.902720903, "cell_area_m2": 900.0, "runoff_coefficient": 0.85000002384185791, "surface_class": "road" }, "geometry": { "type": "Point", "coordinates": [ 377447.790579124644864, 2045511.902720903046429 ] } },
{ "type": "Feature", "properties": { "cell_id": "R115_C100", "row": 115, "col": 100, "x": 377477.79057912464, "y": 2045511.902720903, "cell_area_m2": 900.0, "runoff_coefficient": 0.85000002384185791, "surface_class": "road" }, "geometry": { "type": "Point", "coordinates": [ 377477.790579124644864, 2045511.902720903046429 ] } },
{ "type": "Feature", "properties": { "cell_id": "R115_C101", "row": 115, "col": 101, "x": 377507.79057912464, "y": 2045511.902720903, "cell_area_m2": 900.0, "runoff_coefficient": 0.75, "surface_class": "default_urban" }, "geometry": { "type": "Point", "coordinates": [ 377507.790579124644864, 2045511.902720903046429 ] } },
{ "type": "Feature", "properties": { "cell_id": "R115_C102", "row": 115, "col": 102, "x": 377537.79057912464, "y": 2045511.902720903, "cell_area_m2": 900.0, "runoff_coefficient": 0.75, "surface_class": "default_urban" }, "geometry": { "type": "Point", "coordinates": [ 377537.790579124644864, 2045511.902720903046429 ] } },
{ "type": "Feature", "properties": { "cell_id": "R115_C103", "row": 115, "col": 103, "x": 377567.79057912464, "y": 2045511.902720903, "cell_area_m2": 900.0, "runoff_coefficient": 0.75, "surface_class": "default_urban" }, "geometry": { "type": "Point", "coordinates": [ 377567.790579124644864, 2045511.902720903046429 ] } },
{ "type": "Feature", "properties": { "cell_id": "R115_C104", "row": 115, "col": 104, "x": 377597.79057912464, "y": 2045511.902720903, "cell_area_m2": 900.0, "runoff_coefficient": 0.75, "surface_class": "default_urban" }, "geometry": { "type": "Point", "coordinates": [ 377597.790579124644864, 2045511.902720903046429 ] } },
{ "type": "Feature", "properties": { "cell_id": "R115_C105", "row": 115, "col": 105, "x": 377627.79057912464, "y": 2045511.902720903, "cell_area_m2": 900.0, "runoff_coefficient": 0.75, "surface_class": "default_urban" }, "geometry": { "type": "Point", "coordinates": [ 377627.790579124644864, 2045511.902720903046429 ] } },
{ "type": "Feature", "properties": { "cell_id": "R115_C106", "row": 115, "col": 106, "x": 377657.79057912464, "y": 2045511.902720903, "cell_area_m2": 900.0, "runoff_coefficient": 0.75, "surface_class": "default_urban" }, "geometry": { "type": "Point", "coordinates": [ 377657.790579124644864, 2045511.902720903046429 ] } },
{ "type": "Feature", "properties": { "cell_id": "R116_C090", "row": 116, "col": 90, "x": 377177.79057912464, "y": 2045481.902720903, "cell_area_m2": 900.0, "runoff_coefficient": 0.75, "surface_class": "default_urban" }, "geometry": { "type": "Point", "coordinates": [ 377177.790579124644864, 2045481.902720903046429 ] } },
{ "type": "Feature", "properties": { "cell_id": "R116_C091", "row": 116, "col": 91, "x": 377207.79057912464, "y": 2045481.902720903, "cell_area_m2": 900.0, "runoff_coefficient": 0.75, "surface_class": "default_urban" }, "geometry": { "type": "Point", "coordinates": [ 377207.790579124644864, 2045481.902720903046429 ] } }
]
}
