{
"type": "FeatureCollection",
"name": "drainage_overflow_points",
"crs": { "type": "name", "properties": { "name": "urn:ogc:def:crs:EPSG::32643" } },
"features": [
{ "type": "Feature", "properties": { "interval_id": "000_030", "scenario_id": "rajendra_nagar_heavy_rain_demo", "start_min": 0, "end_min": 30, "duration_s": 1800, "drain_node_id": "RN_DNODE_00415", "outgoing_drain_id": "RN_DRAIN_00069", "total_q_m3s": 0.16809375074174668, "capacity_m3s": 0.13572767824149176, "overflow_q_m3s": 0.032366072500254917, "overflow_volume_m3": 58.258930500458852, "capacity_source": "synthetic_manning_scenario", "capacity_is_observed": 0, "source_type": "prototype_drainage_capacity_overflow" }, "geometry": { "type": "Point", "coordinates": [ 377777.791000000026543, 2046681.903 ] } },
{ "type": "Feature", "properties": { "interval_id": "000_030", "scenario_id": "rajendra_nagar_heavy_rain_demo", "start_min": 0, "end_min": 30, "duration_s": 1800, "drain_node_id": "RN_DNODE_00437", "outgoing_drain_id": "RN_DRAIN_00172", "total_q_m3s": 0.17118750148349338, "capacity_m3s": 0.051588126028988532, "overflow_q_m3s": 0.11959937545450484, "overflow_volume_m3": 215.27887581810873, "capacity_source": "synthetic_manning_scenario", "capacity_is_observed": 0, "source_type": "prototype_drainage_capacity_overflow" }, "geometry": { "type": "Point", "coordinates": [ 377867.791000000026543, 2046471.903 ] } },
{ "type": "Feature", "properties": { "interval_id": "000_030", "scenario_id": "rajendra_nagar_heavy_rain_demo", "start_min": 0, "end_min": 30, "duration_s": 1800, "drain_node_id": "RN_DNODE_00359", "outgoing_drain_id": "RN_DRAIN_00208", "total_q_m3s": 0.12581250137752956, "capacity_m3s": 0.090066789766979211, "overflow_q_m3s": 0.035745711610550346, "overflow_volume_m3": 64.342280898990623, "capacity_source": "synthetic_manning_scenario", "capacity_is_observed": 0, "source_type": "prototype_drainage_capacity_overflow" }, "geometry": { "type": "Point", "coordinates": [ 377567.791000000026543, 2046381.903 ] } },
{ "type": "Feature", "properties": { "interval_id": "000_030", "scenario_id": "rajendra_nagar_heavy_rain_demo", "start_min": 0, "end_min": 30, "duration_s": 1800, "drain_node_id": "RN_DNODE_00546", "outgoing_drain_id": "RN_DRAIN_00219", "total_q_m3s": 0.15537500010596381, "capacity_m3s": 0.07396532506289491, "overflow_q_m3s": 0.081409675043068896, "overflow_volume_m3": 146.537415077524, "capacity_source": "synthetic_manning_scenario", "capacity_is_observed": 0, "source_type": "prototype_drainage_capacity_overflow" }, "geometry": { "type": "Point", "coordinates": [ 378437.791000000026543, 2046351.903 ] } },
{ "type": "Feature", "properties": { "interval_id": "000_030", "scenario_id": "rajendra_nagar_heavy_rain_demo", "start_min": 0, "end_min": 30, "duration_s": 1800, "drain_node_id": "RN_DNODE_00396", "outgoing_drain_id": "RN_DRAIN_00291", "total_q_m3s": 0.26365625169542101, "capacity_m3s": 0.1120128954947173, "overflow_q_m3s": 0.15164335620070371, "overflow_volume_m3": 272.95804116126669, "capacity_source": "synthetic_manning_scenario", "capacity_is_observed": 0, "source_type": "prototype_drainage_capacity_overflow" }, "geometry": { "type": "Point", "coordinates": [ 377717.791000000026543, 2046201.903 ] } },
{ "type": "Feature", "properties": { "interval_id": "000_030", "scenario_id": "rajendra_nagar_heavy_rain_demo", "start_min": 0, "end_min": 30, "duration_s": 1800, "drain_node_id": "RN_DNODE_00448", "outgoing_drain_id": "RN_DRAIN_00292", "total_q_m3s": 0.035406249894036186, "capacity_m3s": 0.02637752433631995, "overflow_q_m3s": 0.0090287255577162356, "overflow_volume_m3": 16.251706003889225, "capacity_source": "synthetic_manning_scenario", "capacity_is_observed": 0, "source_type": "prototype_drainage_capacity_overflow" }, "geometry": { "type": "Point", "coordinates": [ 377927.791000000026543, 2046201.903 ] } },
{ "type": "Feature", "properties": { "interval_id": "000_030", "scenario_id": "rajendra_nagar_heavy_rain_demo", "start_min": 0, "end_min": 30, "duration_s": 1800, "drain_node_id": "RN_DNODE_00298", "outgoing_drain_id": "RN_DRAIN_00393", "total_q_m3s": 0.17531250211927626, "capacity_m3s": 0.098037845430339166, "overflow_q_m3s": 0.077274656688937099, "overflow_volume_m3": 139.09438204008677, "capacity_source": "synthetic_manning_scenario", "capacity_is_observed": 0, "source_type": "prototype_drainage_capacity_overflow" }, "geometry": { "type": "Point", "coordinates": [ 377417.791000000026543, 2045931.903 ] } },
{ "type": "Feature", "properties": { "interval_id": "000_030", "scenario_id": "rajendra_nagar_heavy_rain_demo", "start_min": 0, "end_min": 30, "duration_s": 1800, "drain_node_id": "RN_DNODE_00518", "outgoing_drain_id": "RN_DRAIN_00395", "total_q_m3s": 0.23512500153647528, "capacity_m3s": 0.14778712746867345, "overflow_q_m3s": 0.087337874067801829, "overflow_volume_m3": 157.20817332204328, "capacity_source": "synthetic_manning_scenario", "capacity_is_observed": 0, "source_type": "prototype_drainage_capacity_overflow" }, "geometry": { "type": "Point", "coordinates": [ 378317.791000000026543, 2045931.903 ] } },
{ "type": "Feature", "properties": { "interval_id": "000_030", "scenario_id": "rajendra_nagar_heavy_rain_demo", "start_min": 0, "end_min": 30, "duration_s": 1800, "drain_node_id": "RN_DNODE_00329", "outgoing_drain_id": "RN_DRAIN_00453", "total_q_m3s": 0.17840625233120389, "capacity_m3s": 0.02637752433631995, "overflow_q_m3s": 0.15202872799488393, "overflow_volume_m3": 273.6517103907911, "capacity_source": "synthetic_manning_scenario", "capacity_is_observed": 0, "source_type": "prototype_drainage_capacity_overflow" }, "geometry": { "type": "Point", "coordinates": [ 377477.791000000026543, 2045781.903 ] } },
{ "type": "Feature", "properties": { "interval_id": "000_030", "scenario_id": "rajendra_nagar_heavy_rain_demo", "start_min": 0, "end_min": 30, "duration_s": 1800, "drain_node_id": "RN_DNODE_00392", "outgoing_drain_id": "RN_DRAIN_00466", "total_q_m3s": 0.060500000317891441, "capacity_m3s": 0.034844300305034812, "overflow_q_m3s": 0.025655700012856629, "overflow_volume_m3": 46.180260023141933, "capacity_source": "synthetic_manning_scenario", "capacity_is_observed": 0, "source_type": "prototype_drainage_capacity_overflow" }, "geometry": { "type": "Point", "coordinates": [ 377717.791000000026543, 2045751.903 ] } },
{ "type": "Feature", "properties": { "interval_id": "000_030", "scenario_id": "rajendra_nagar_heavy_rain_demo", "start_min": 0, "end_min": 30, "duration_s": 1800, "drain_node_id": "RN_DNODE_00418", "outgoing_drain_id": "RN_DRAIN_00043", "total_q_m3s": 0.078374999894036179, "capacity_m3s": 0.034844300305034812, "overflow_q_m3s": 0.043530699589001368, "overflow_volume_m3": 78.355259260202459, "capacity_source": "synthetic_manning_scenario", "capacity_is_observed": 0, "source_type": "prototype_drainage_capacity_overflow" }, "geometry": { "type": "Point", "coordinates": [ 377777.791000000026543, 2046771.903 ] } },
{ "type": "Feature", "properties": { "interval_id": "000_030", "scenario_id": "rajendra_nagar_heavy_rain_demo", "start_min": 0, "end_min": 30, "duration_s": 1800, "drain_node_id": "RN_DNODE_00486", "outgoing_drain_id": "RN_DRAIN_00209", "total_q_m3s": 0.18906250132454766, "capacity_m3s": 0.034844300305034812, "overflow_q_m3s": 0.15421820101951283, "overflow_volume_m3": 277.5927618351231, "capacity_source": "synthetic_manning_scenario", "capacity_is_observed": 0, "source_type": "prototype_drainage_capacity_overflow" }, "geometry": { "type": "Point", "coordinates": [ 378077.791000000026543, 2046381.903 ] } },
{ "type": "Feature", "properties": { "interval_id": "000_030", "scenario_id": "rajendra_nagar_heavy_rain_demo", "start_min": 0, "end_min": 30, "duration_s": 1800, "drain_node_id": "RN_DNODE_00543", "outgoing_drain_id": "RN_DRAIN_00237", "total_q_m3s": 0.07396532506289491, "capacity_m3s": 0.034854282915268278, "overflow_q_m3s": 0.039111042147626632, "overflow_volume_m3": 70.399875865727935, "capacity_source": "synthetic_manning_scenario", "capacity_is_observed": 0, "source_type": "prototype_drainage_capacity_overflow" }, "geometry": { "type": "Point", "coordinates": [ 378407.791000000026543, 2046321.903 ] } },
{ "type": "Feature", "properties": { "interval_id": "000_030", "scenario_id": "rajendra_nagar_heavy_rain_demo", "start_min": 0, "end_min": 30, "duration_s": 1800, "drain_node_id": "RN_DNODE_00385", "outgoing_drain_id": "RN_DRAIN_00305", "total_q_m3s": 0.1120128954947173, "capacity_m3s": 0.034854282915268278, "overflow_q_m3s": 0.077158612579449018, "overflow_volume_m3": 138.88550264300824, "capacity_source": "synthetic_manning_scenario", "capacity_is_observed": 0, "source_type": "prototype_drainage_capacity_overflow" }, "geometry": { "type": "Point", "coordinates": [ 377687.791000000026543, 2046171.903 ] } },
{ "type": "Feature", "properties": { "interval_id": "000_030", "scenario_id": "rajendra_nagar_heavy_rain_demo", "start_min": 0, "end_min": 30, "duration_s": 1800, "drain_node_id": "RN_DNODE_00522", "outgoing_drain_id": "RN_DRAIN_00334", "total_q_m3s": 0.05396875010596381, "capacity_m3s": 0.02637752433631995, "overflow_q_m3s": 0.02759122576964386, "overflow_volume_m3": 49.664206385358945, "capacity_source": "synthetic_manning_scenario", "capacity_is_observed": 0, "source_type": "prototype_drainage_capacity_overflow" }, "geometry": { "type": "Point", "coordinates": [ 378317.791000000026543, 2046141.903 ] } },
{ "type": "Feature", "properties": { "interval_id": "000_030", "scenario_id": "rajendra_nagar_heavy_rain_demo", "start_min": 0, "end_min": 30, "duration_s": 1800, "drain_node_id": "RN_DNODE_00468", "outgoing_drain_id": "RN_DRAIN_00394", "total_q_m3s": 0.26606250100665624, "capacity_m3s": 0.18293911365381266, "overflow_q_m3s": 0.083123387352843581, "overflow_volume_m3": 149.62209723511845, "capacity_source": "synthetic_manning_scenario", "capacity_is_observed": 0, "source_type": "prototype_drainage_capacity_overflow" }, "geometry": { "type": "Point", "coordinates": [ 378017.791000000026543, 2045931.903 ] } },
{ "type": "Feature", "properties": { "interval_id": "000_030", "scenario_id": "rajendra_nagar_heavy_rain_demo", "start_min": 0, "end_min": 30, "duration_s": 1800, "drain_node_id": "RN_DNODE_00427", "outgoing_drain_id": "RN_DRAIN_00457", "total_q_m3s": 0.20212500095367431, "capacity_m3s": 0.034844300305034812, "overflow_q_m3s": 0.16728070064863948, "overflow_volume_m3": 301.10526116755108, "capacity_source": "synthetic_manning_scenario", "capacity_is_observed": 0, "source_type": "prototype_drainage_capacity_overflow" }, "geometry": { "type": "Point", "coordinates": [ 377837.791000000026543, 2045781.903 ] } },
{ "type": "Feature", "properties": { "interval_id": "000_030", "scenario_id": "rajendra_nagar_heavy_rain_demo", "start_min": 0, "end_min": 30, "duration_s": 1800, "drain_node_id": "RN_DNODE_00408", "outgoing_drain_id": "RN_DRAIN_00035", "total_q_m3s": 0.076094300305034807, "capacity_m3s": 0.034844300305034812, "overflow_q_m3s": 0.04125, "overflow_volume_m3": 74.25, "capacity_source": "synthetic_manning_scenario", "capacity_is_observed": 0, "source_type": "prototype_drainage_capacity_overflow" }, "geometry": { "type": "Point", "coordinates": [ 377747.791000000026543, 2046801.903 ] } },
{ "type": "Feature", "properties": { "interval_id": "000_030", "scenario_id": "rajendra_nagar_heavy_rain_demo", "start_min": 0, "end_min": 30, "duration_s": 1800, "drain_node_id": "RN_DNODE_00423", "outgoing_drain_id": "RN_DRAIN_00183", "total_q_m3s": 0.13065062708862665, "capacity_m3s": 0.048322011957489273, "overflow_q_m3s": 0.082328615131137373, "overflow_volume_m3": 148.19150723604727, "capacity_source": "synthetic_manning_scenario", "capacity_is_observed": 0, "source_type": "prototype_drainage_capacity_overflow" }, "geometry": { "type": "Point", "coordinates": [ 377807.791000000026543, 2046441.903 ] } },
{ "type": "Feature", "properties": { "interval_id": "000_030", "scenario_id": "rajendra_nagar_heavy_rain_demo", "start_min": 0, "end_min": 30, "duration_s": 1800, "drain_node_id": "RN_DNODE_00477", "outgoing_drain_id": "RN_DRAIN_00195", "total_q_m3s": 0.052719300410998621, "capacity_m3s": 0.034854282915268278, "overflow_q_m3s": 0.017865017495730343, "overflow_volume_m3": 32.157031492314616, "capacity_source": "synthetic_manning_scenario", "capacity_is_observed": 0, "source_type": "prototype_drainage_capacity_overflow" }, "geometry": { "type": "Point", "coordinates": [ 378047.791000000026543, 2046411.903 ] } },
{ "type": "Feature", "properties": { "interval_id": "000_030", "scenario_id": "rajendra_nagar_heavy_rain_demo", "start_min": 0, "end_min": 30, "duration_s": 1800, "drain_node_id": "RN_DNODE_00007", "outgoing_drain_id": "RN_DRAIN_00199", "total_q_m3s": 0.052593749894036187, "capacity_m3s": 0.034854282915268278, "overflow_q_m3s": 0.017739466978767909, "overflow_volume_m3": 31.931040561782236, "capacity_source": "synthetic_manning_scenario", "capacity_is_observed": 0, "source_type": "prototype_drainage_capacity_overflow" }, "geometry": { "type": "Point", "coordinates": [ 376547.791000000026543, 2046381.903 ] } },
{ "type": "Feature", "properties": { "interval_id": "000_030", "scenario_id": "rajendra_nagar_heavy_rain_demo", "start_min": 0, "end_min": 30, "duration_s": 1800, "drain_node_id": "RN_DNODE_00469", "outgoing_drain_id": "RN_DRAIN_00383", "total_q_m3s": 0.21215786418363172, "capacity_m3s": 0.13538121427716859, "overflow_q_m3s": 0.076776649906463129, "overflow_volume_m3": 138.19796983163363, "capacity_source": "synthetic_manning_scenario", "capacity_is_observed": 0, "source_type": "prototype_drainage_capacity_overflow" }, "geometry": { "type": "Point", "coordinates": [ 378017.791000000026543, 2045961.903 ] } },
{ "type": "Feature", "properties": { "interval_id": "000_030", "scenario_id": "rajendra_nagar_heavy_rain_demo", "start_min": 0, "end_min": 30, "duration_s": 1800, "drain_node_id": "RN_DNODE_00011", "outgoing_drain_id": "RN_DRAIN_00151", "total_q_m3s": 0.089031250476837159, "capacity_m3s": 0.034854282915268278, "overflow_q_m3s": 0.054176967561568881, "overflow_volume_m3": 97.518541610823988, "capacity_source": "synthetic_manning_scenario", "capacity_is_observed": 0, "source_type": "prototype_drainage_capacity_overflow" }, "geometry": { "type": "Point", "coordinates": [ 376577.791000000026543, 2046501.903 ] } },
{ "type": "Feature", "properties": { "interval_id": "000_030", "scenario_id": "rajendra_nagar_heavy_rain_demo", "start_min": 0, "end_min": 30, "duration_s": 1800, "drain_node_id": "RN_DNODE_00096", "outgoing_drain_id": "RN_DRAIN_00186", "total_q_m3s": 0.23856250127156575, "capacity_m3s": 0.151090496238554, "overflow_q_m3s": 0.087472005033011752, "overflow_volume_m3": 157.44960905942116, "capacity_source": "synthetic_manning_scenario", "capacity_is_observed": 0, "source_type": "prototype_drainage_capacity_overflow" }, "geometry": { "type": "Point", "coordinates": [ 376967.791000000026543, 2046411.903 ] } },
{ "type": "Feature", "properties": { "interval_id": "000_030", "scenario_id": "rajendra_nagar_heavy_rain_demo", "start_min": 0, "end_min": 30, "duration_s": 1800, "drain_node_id": "RN_DNODE_00478", "outgoing_drain_id": "RN_DRAIN_00185", "total_q_m3s": 0.053073032809304463, "capacity_m3s": 0.034854282915268278, "overflow_q_m3s": 0.018218749894036185, "overflow_volume_m3": 32.79374980926513, "capacity_source": "synthetic_manning_scenario", "capacity_is_observed": 0, "source_type": "prototype_drainage_capacity_overflow" }, "geometry": { "type": "Point", "coordinates": [ 378047.791000000026543, 2046441.903 ] } },
{ "type": "Feature", "properties": { "interval_id": "000_030", "scenario_id": "rajendra_nagar_heavy_rain_demo", "start_min": 0, "end_min": 30, "duration_s": 1800, "drain_node_id": "RN_DNODE_00010", "outgoing_drain_id": "RN_DRAIN_00200", "total_q_m3s": 0.064416783233159719, "capacity_m3s": 0.034844300305034812, "overflow_q_m3s": 0.029572482928124907, "overflow_volume_m3": 53.23046927062483, "capacity_source": "synthetic_manning_scenario", "capacity_is_observed": 0, "source_type": "prototype_drainage_capacity_overflow" }, "geometry": { "type": "Point", "coordinates": [ 376577.791000000026543, 2046381.903 ] } },
{ "type": "Feature", "properties": { "interval_id": "000_030", "scenario_id": "rajendra_nagar_heavy_rain_demo", "start_min": 0, "end_min": 30, "duration_s": 1800, "drain_node_id": "RN_DNODE_00549", "outgoing_drain_id": "RN_DRAIN_00386", "total_q_m3s": 0.056375000741746693, "capacity_m3s": 0.034854282915268278, "overflow_q_m3s": 0.021520717826478415, "overflow_volume_m3": 38.737292087661146, "capacity_source": "synthetic_manning_scenario", "capacity_is_observed": 0, "source_type": "prototype_drainage_capacity_overflow" }, "geometry": { "type": "Point", "coordinates": [ 378497.791000000026543, 2045961.903 ] } },
{ "type": "Feature", "properties": { "interval_id": "000_030", "scenario_id": "rajendra_nagar_heavy_rain_demo", "start_min": 0, "end_min": 30, "duration_s": 1800, "drain_node_id": "RN_DNODE_00206", "outgoing_drain_id": "RN_DRAIN_00517", "total_q_m3s": 0.059125000105963818, "capacity_m3s": 0.034854282915268278, "overflow_q_m3s": 0.02427071719069554, "overflow_volume_m3": 43.687290943251973, "capacity_source": "synthetic_manning_scenario", "capacity_is_observed": 0, "source_type": "prototype_drainage_capacity_overflow" }, "geometry": { "type": "Point", "coordinates": [ 377207.791000000026543, 2045601.903 ] } },
{ "type": "Feature", "properties": { "interval_id": "000_030", "scenario_id": "rajendra_nagar_heavy_rain_demo", "start_min": 0, "end_min": 30, "duration_s": 1800, "drain_node_id": "RN_DNODE_00407", "outgoing_drain_id": "RN_DRAIN_00170", "total_q_m3s": 0.088540762063453085, "capacity_m3s": 0.034854282915268278, "overflow_q_m3s": 0.053686479148184807, "overflow_volume_m3": 96.635662466732654, "capacity_source": "synthetic_manning_scenario", "capacity_is_observed": 0, "source_type": "prototype_drainage_capacity_overflow" }, "geometry": { "type": "Point", "coordinates": [ 377747.791000000026543, 2046471.903 ] } },
{ "type": "Feature", "properties": { "interval_id": "000_030", "scenario_id": "rajendra_nagar_heavy_rain_demo", "start_min": 0, "end_min": 30, "duration_s": 1800, "drain_node_id": "RN_DNODE_00104", "outgoing_drain_id": "RN_DRAIN_00187", "total_q_m3s": 0.168277996238554, "capacity_m3s": 0.044467843567026905, "overflow_q_m3s": 0.12381015267152709, "overflow_volume_m3": 222.85827480874877, "capacity_source": "synthetic_manning_scenario", "capacity_is_observed": 0, "source_type": "prototype_drainage_capacity_overflow" }, "geometry": { "type": "Point", "coordinates": [ 376997.791000000026543, 2046411.903 ] } },
{ "type": "Feature", "properties": { "interval_id": "000_030", "scenario_id": "rajendra_nagar_heavy_rain_demo", "start_min": 0, "end_min": 30, "duration_s": 1800, "drain_node_id": "RN_DNODE_00015", "outgoing_drain_id": "RN_DRAIN_00210", "total_q_m3s": 0.063375550728890062, "capacity_m3s": 0.034854282915268278, "overflow_q_m3s": 0.028521267813621784, "overflow_volume_m3": 51.338282064519213, "capacity_source": "synthetic_manning_scenario", "capacity_is_observed": 0, "source_type": "prototype_drainage_capacity_overflow" }, "geometry": { "type": "Point", "coordinates": [ 376607.791000000026543, 2046351.903 ] } },
{ "type": "Feature", "properties": { "interval_id": "000_030", "scenario_id": "rajendra_nagar_heavy_rain_demo", "start_min": 0, "end_min": 30, "duration_s": 1800, "drain_node_id": "RN_DNODE_00547", "outgoing_drain_id": "RN_DRAIN_00385", "total_q_m3s": 0.052385533233159712, "capacity_m3s": 0.034854282915268278, "overflow_q_m3s": 0.017531250317891434, "overflow_volume_m3": 31.556250572204579, "capacity_source": "synthetic_manning_scenario", "capacity_is_observed": 0, "source_type": "prototype_drainage_capacity_overflow" }, "geometry": { "type": "Point", "coordinates": [ 378467.791000000026543, 2045961.903 ] } },
{ "type": "Feature", "properties": { "interval_id": "000_030", "scenario_id": "rajendra_nagar_heavy_rain_demo", "start_min": 0, "end_min": 30, "duration_s": 1800, "drain_node_id": "RN_DNODE_00180", "outgoing_drain_id": "RN_DRAIN_00516", "total_q_m3s": 0.098791782703340658, "capacity_m3s": 0.034844300305034812, "overflow_q_m3s": 0.063947482398305847, "overflow_volume_m3": 115.10546831695052, "capacity_source": "synthetic_manning_scenario", "capacity_is_observed": 0, "source_type": "prototype_drainage_capacity_overflow" }, "geometry": { "type": "Point", "coordinates": [ 377177.791000000026543, 2045601.903 ] } },
{ "type": "Feature", "properties": { "interval_id": "000_030", "scenario_id": "rajendra_nagar_heavy_rain_demo", "start_min": 0, "end_min": 30, "duration_s": 1800, "drain_node_id": "RN_DNODE_00050", "outgoing_drain_id": "RN_DRAIN_00082", "total_q_m3s": 0.14334375116560194, "capacity_m3s": 0.1272696969192279, "overflow_q_m3s": 0.016074054246374037, "overflow_volume_m3": 28.933297643473267, "capacity_source": "synthetic_manning_scenario", "capacity_is_observed": 0, "source_type": "prototype_drainage_capacity_overflow" }, "geometry": { "type": "Point", "coordinates": [ 376787.791000000026543, 2046621.903 ] } },
{ "type": "Feature", "properties": { "interval_id": "000_030", "scenario_id": "rajendra_nagar_heavy_rain_demo", "start_min": 0, "end_min": 30, "duration_s": 1800, "drain_node_id": "RN_DNODE_00504", "outgoing_drain_id": "RN_DRAIN_00053", "total_q_m3s": 0.44446875148349335, "capacity_m3s": 0.15694054372586286, "overflow_q_m3s": 0.28752820775763049, "overflow_volume_m3": 517.55077396373485, "capacity_source": "synthetic_manning_scenario", "capacity_is_observed": 0, "source_type": "prototype_drainage_capacity_overflow" }, "geometry": { "type": "Point", "coordinates": [ 378257.791000000026543, 2046741.903 ] } },
{ "type": "Feature", "properties": { "interval_id": "000_030", "scenario_id": "rajendra_nagar_heavy_rain_demo", "start_min": 0, "end_min": 30, "duration_s": 1800, "drain_node_id": "RN_DNODE_00019", "outgoing_drain_id": "RN_DRAIN_00153", "total_q_m3s": 0.069229282915268281, "capacity_m3s": 0.034854282915268278, "overflow_q_m3s": 0.034375, "overflow_volume_m3": 61.875, "capacity_source": "synthetic_manning_scenario", "capacity_is_observed": 0, "source_type": "prototype_drainage_capacity_overflow" }, "geometry": { "type": "Point", "coordinates": [ 376637.791000000026543, 2046501.903 ] } },
{ "type": "Feature", "properties": { "interval_id": "000_030", "scenario_id": "rajendra_nagar_heavy_rain_demo", "start_min": 0, "end_min": 30, "duration_s": 1800, "drain_node_id": "RN_DNODE_00397", "outgoing_drain_id": "RN_DRAIN_00169", "total_q_m3s": 0.11666678386894259, "capacity_m3s": 0.034844300305034812, "overflow_q_m3s": 0.081822483563907783, "overflow_volume_m3": 147.28047041503402, "capacity_source": "synthetic_manning_scenario", "capacity_is_observed": 0, "source_type": "prototype_drainage_capacity_overflow" }, "geometry": { "type": "Point", "coordinates": [ 377717.791000000026543, 2046471.903 ] } },
{ "type": "Feature", "properties": { "interval_id": "000_030", "scenario_id": "rajendra_nagar_heavy_rain_demo", "start_min": 0, "end_min": 30, "duration_s": 1800, "drain_node_id": "RN_DNODE_00480", "outgoing_drain_id": "RN_DRAIN_00160", "total_q_m3s": 0.070948032915268272, "capacity_m3s": 0.062336960286670622, "overflow_q_m3s": 0.0086110726285976505, "overflow_volume_m3": 15.499930731475771, "capacity_source": "synthetic_manning_scenario", "capacity_is_observed": 0, "source_type": "prototype_drainage_capacity_overflow" }, "geometry": { "type": "Point", "coordinates": [ 378047.791000000026543, 2046501.903 ] } },
{ "type": "Feature", "properties": { "interval_id": "000_030", "scenario_id": "rajendra_nagar_heavy_rain_demo", "start_min": 0, "end_min": 30, "duration_s": 1800, "drain_node_id": "RN_DNODE_00017", "outgoing_drain_id": "RN_DRAIN_00240", "total_q_m3s": 0.10071874989403619, "capacity_m3s": 0.034854282915268278, "overflow_q_m3s": 0.06586446697876791, "overflow_volume_m3": 118.55604056178224, "capacity_source": "synthetic_manning_scenario", "capacity_is_observed": 0, "source_type": "prototype_drainage_capacity_overflow" }, "geometry": { "type": "Point", "coordinates": [ 376637.791000000026543, 2046291.903 ] } },
{ "type": "Feature", "properties": { "interval_id": "000_030", "scenario_id": "rajendra_nagar_heavy_rain_demo", "start_min": 0, "end_min": 30, "duration_s": 1800, "drain_node_id": "RN_DNODE_00111", "outgoing_drain_id": "RN_DRAIN_00285", "total_q_m3s": 0.34821875042385525, "capacity_m3s": 0.034844300305034812, "overflow_q_m3s": 0.31337445011882042, "overflow_volume_m3": 564.07401021387682, "capacity_source": "synthetic_manning_scenario", "capacity_is_observed": 0, "source_type": "prototype_drainage_capacity_overflow" }, "geometry": { "type": "Point", "coordinates": [ 377027.791000000026543, 2046201.903 ] } },
{ "type": "Feature", "properties": { "interval_id": "000_030", "scenario_id": "rajendra_nagar_heavy_rain_demo", "start_min": 0, "end_min": 30, "duration_s": 1800, "drain_node_id": "RN_DNODE_00544", "outgoing_drain_id": "RN_DRAIN_00384", "total_q_m3s": 0.16994803386894258, "capacity_m3s": 0.15013191509707569, "overflow_q_m3s": 0.019816118771866897, "overflow_volume_m3": 35.669013789360413, "capacity_source": "synthetic_manning_scenario", "capacity_is_observed": 0, "source_type": "prototype_drainage_capacity_overflow" }, "geometry": { "type": "Point", "coordinates": [ 378437.791000000026543, 2045961.903 ] } },
{ "type": "Feature", "properties": { "interval_id": "000_030", "scenario_id": "rajendra_nagar_heavy_rain_demo", "start_min": 0, "end_min": 30, "duration_s": 1800, "drain_node_id": "RN_DNODE_00411", "outgoing_drain_id": "RN_DRAIN_00479", "total_q_m3s": 0.30984430295413012, "capacity_m3s": 0.30124813859248456, "overflow_q_m3s": 0.0085961643616455641, "overflow_volume_m3": 15.473095850962014, "capacity_source": "synthetic_manning_scenario", "capacity_is_observed": 0, "source_type": "prototype_drainage_capacity_overflow" }, "geometry": { "type": "Point", "coordinates": [ 377777.791000000026543, 2045721.903 ] } },
{ "type": "Feature", "properties": { "interval_id": "000_030", "scenario_id": "rajendra_nagar_heavy_rain_demo", "start_min": 0, "end_min": 30, "duration_s": 1800, "drain_node_id": "RN_DNODE_00467", "outgoing_drain_id": "RN_DRAIN_00017", "total_q_m3s": 0.11240625063578288, "capacity_m3s": 0.034854282915268278, "overflow_q_m3s": 0.077551967720514606, "overflow_volume_m3": 139.5935418969263, "capacity_source": "synthetic_manning_scenario", "capacity_is_observed": 0, "source_type": "prototype_drainage_capacity_overflow" }, "geometry": { "type": "Point", "coordinates": [ 377987.791000000026543, 2046861.903 ] } },
{ "type": "Feature", "properties": { "interval_id": "000_030", "scenario_id": "rajendra_nagar_heavy_rain_demo", "start_min": 0, "end_min": 30, "duration_s": 1800, "drain_node_id": "RN_DNODE_00387", "outgoing_drain_id": "RN_DRAIN_00004", "total_q_m3s": 0.034844300305034812, "capacity_m3s": 0.02637752433631995, "overflow_q_m3s": 0.0084667759687148611, "overflow_volume_m3": 15.24019674368675, "capacity_source": "synthetic_manning_scenario", "capacity_is_observed": 0, "source_type": "prototype_drainage_capacity_overflow" }, "geometry": { "type": "Point", "coordinates": [ 377687.791000000026543, 2046921.903 ] } },
{ "type": "Feature", "properties": { "interval_id": "000_030", "scenario_id": "rajendra_nagar_heavy_rain_demo", "start_min": 0, "end_min": 30, "duration_s": 1800, "drain_node_id": "RN_DNODE_00023", "outgoing_drain_id": "RN_DRAIN_00154", "total_q_m3s": 0.12147928302123209, "capacity_m3s": 0.034854282915268278, "overflow_q_m3s": 0.086625000105963815, "overflow_volume_m3": 155.92500019073486, "capacity_source": "synthetic_manning_scenario", "capacity_is_observed": 0, "source_type": "prototype_drainage_capacity_overflow" }, "geometry": { "type": "Point", "coordinates": [ 376667.791000000026543, 2046501.903 ] } },
{ "type": "Feature", "properties": { "interval_id": "000_030", "scenario_id": "rajendra_nagar_heavy_rain_demo", "start_min": 0, "end_min": 30, "duration_s": 1800, "drain_node_id": "RN_DNODE_00481", "outgoing_drain_id": "RN_DRAIN_00147", "total_q_m3s": 0.11458696039263444, "capacity_m3s": 0.034854282915268278, "overflow_q_m3s": 0.079732677477366162, "overflow_volume_m3": 143.51881945925911, "capacity_source": "synthetic_manning_scenario", "capacity_is_observed": 0, "source_type": "prototype_drainage_capacity_overflow" }, "geometry": { "type": "Point", "coordinates": [ 378047.791000000026543, 2046531.903 ] } },
{ "type": "Feature", "properties": { "interval_id": "000_030", "scenario_id": "rajendra_nagar_heavy_rain_demo", "start_min": 0, "end_min": 30, "duration_s": 1800, "drain_node_id": "RN_DNODE_00542", "outgoing_drain_id": "RN_DRAIN_00267", "total_q_m3s": 0.12684375021192762, "capacity_m3s": 0.034854282915268278, "overflow_q_m3s": 0.091989467296659341, "overflow_volume_m3": 165.58104113398682, "capacity_source": "synthetic_manning_scenario", "capacity_is_observed": 0, "source_type": "prototype_drainage_capacity_overflow" }, "geometry": { "type": "Point", "coordinates": [ 378407.791000000026543, 2046261.903 ] } },
{ "type": "Feature", "properties": { "interval_id": "000_030", "scenario_id": "rajendra_nagar_heavy_rain_demo", "start_min": 0, "end_min": 30, "duration_s": 1800, "drain_node_id": "RN_DNODE_00021", "outgoing_drain_id": "RN_DRAIN_00241", "total_q_m3s": 0.1927710662543918, "capacity_m3s": 0.12723324562335805, "overflow_q_m3s": 0.06553782063103375, "overflow_volume_m3": 117.96807713586075, "capacity_source": "synthetic_manning_scenario", "capacity_is_observed": 0, "source_type": "prototype_drainage_capacity_overflow" }, "geometry": { "type": "Point", "coordinates": [ 376667.791000000026543, 2046291.903 ] } },
{ "type": "Feature", "properties": { "interval_id": "000_030", "scenario_id": "rajendra_nagar_heavy_rain_demo", "start_min": 0, "end_min": 30, "duration_s": 1800, "drain_node_id": "RN_DNODE_00540", "outgoing_drain_id": "RN_DRAIN_00378", "total_q_m3s": 0.1851944152030395, "capacity_m3s": 0.1348146985507728, "overflow_q_m3s": 0.050379716652266704, "overflow_volume_m3": 90.683489974080061, "capacity_source": "synthetic_manning_scenario", "capacity_is_observed": 0, "source_type": "prototype_drainage_capacity_overflow" }, "geometry": { "type": "Point", "coordinates": [ 378407.791000000026543, 2045991.903 ] } },
{ "type": "Feature", "properties": { "interval_id": "000_030", "scenario_id": "rajendra_nagar_heavy_rain_demo", "start_min": 0, "end_min": 30, "duration_s": 1800, "drain_node_id": "RN_DNODE_00404", "outgoing_drain_id": "RN_DRAIN_00478", "total_q_m3s": 0.32324813880441217, "capacity_m3s": 0.30124813859248456, "overflow_q_m3s": 0.022000000211927606, "overflow_volume_m3": 39.600000381469691, "capacity_source": "synthetic_manning_scenario", "capacity_is_observed": 0, "source_type": "prototype_drainage_capacity_overflow" }, "geometry": { "type": "Point", "coordinates": [ 377747.791000000026543, 2045721.903 ] } },
{ "type": "Feature", "properties": { "interval_id": "000_030", "scenario_id": "rajendra_nagar_heavy_rain_demo", "start_min": 0, "end_min": 30, "duration_s": 1800, "drain_node_id": "RN_DNODE_00027", "outgoing_drain_id": "RN_DRAIN_00155", "total_q_m3s": 0.070948032915268272, "capacity_m3s": 0.034844300305034812, "overflow_q_m3s": 0.03610373261023346, "overflow_volume_m3": 64.986718698420233, "capacity_source": "synthetic_manning_scenario", "capacity_is_observed": 0, "source_type": "prototype_drainage_capacity_overflow" }, "geometry": { "type": "Point", "coordinates": [ 376697.791000000026543, 2046501.903 ] } },
{ "type": "Feature", "properties": { "interval_id": "000_030", "scenario_id": "rajendra_nagar_heavy_rain_demo", "start_min": 0, "end_min": 30, "duration_s": 1800, "drain_node_id": "RN_DNODE_00482", "outgoing_drain_id": "RN_DRAIN_00134", "total_q_m3s": 0.046541783127195903, "capacity_m3s": 0.034844300305034812, "overflow_q_m3s": 0.011697482822161091, "overflow_volume_m3": 21.055469079889964, "capacity_source": "synthetic_manning_scenario", "capacity_is_observed": 0, "source_type": "prototype_drainage_capacity_overflow" }, "geometry": { "type": "Point", "coordinates": [ 378047.791000000026543, 2046561.903 ] } },
{ "type": "Feature", "properties": { "interval_id": "000_030", "scenario_id": "rajendra_nagar_heavy_rain_demo", "start_min": 0, "end_min": 30, "duration_s": 1800, "drain_node_id": "RN_DNODE_00069", "outgoing_drain_id": "RN_DRAIN_00421", "total_q_m3s": 0.46474999931123523, "capacity_m3s": 0.12723324562335805, "overflow_q_m3s": 0.33751675368787715, "overflow_volume_m3": 607.53015663817882, "capacity_source": "synthetic_manning_scenario", "capacity_is_observed": 0, "source_type": "prototype_drainage_capacity_overflow" }, "geometry": { "type": "Point", "coordinates": [ 376877.791000000026543, 2045841.903 ] } },
{ "type": "Feature", "properties": { "interval_id": "000_030", "scenario_id": "rajendra_nagar_heavy_rain_demo", "start_min": 0, "end_min": 30, "duration_s": 1800, "drain_node_id": "RN_DNODE_00536", "outgoing_drain_id": "RN_DRAIN_00369", "total_q_m3s": 0.20803344897462805, "capacity_m3s": 0.18393770855067063, "overflow_q_m3s": 0.024095740423957429, "overflow_volume_m3": 43.372332763123374, "capacity_source": "synthetic_manning_scenario", "capacity_is_observed": 0, "source_type": "prototype_drainage_capacity_overflow" }, "geometry": { "type": "Point", "coordinates": [ 378377.791000000026543, 2046021.903 ] } },
{ "type": "Feature", "properties": { "interval_id": "000_030", "scenario_id": "rajendra_nagar_heavy_rain_demo", "start_min": 0, "end_min": 30, "duration_s": 1800, "drain_node_id": "RN_DNODE_00141", "outgoing_drain_id": "RN_DRAIN_00485", "total_q_m3s": 0.058563050516962437, "capacity_m3s": 0.02637752433631995, "overflow_q_m3s": 0.032185526180642486, "overflow_volume_m3": 57.933947125156472, "capacity_source": "synthetic_manning_scenario", "capacity_is_observed": 0, "source_type": "prototype_drainage_capacity_overflow" }, "geometry": { "type": "Point", "coordinates": [ 377117.791000000026543, 2045691.903 ] } },
{ "type": "Feature", "properties": { "interval_id": "000_030", "scenario_id": "rajendra_nagar_heavy_rain_demo", "start_min": 0, "end_min": 30, "duration_s": 1800, "drain_node_id": "RN_DNODE_00391", "outgoing_drain_id": "RN_DRAIN_00477", "total_q_m3s": 0.51162313922826752, "capacity_m3s": 0.30124813859248456, "overflow_q_m3s": 0.21037500063578296, "overflow_volume_m3": 378.67500114440935, "capacity_source": "synthetic_manning_scenario", "capacity_is_observed": 0, "source_type": "prototype_drainage_capacity_overflow" }, "geometry": { "type": "Point", "coordinates": [ 377717.791000000026543, 2045721.903 ] } },
{ "type": "Feature", "properties": { "interval_id": "000_030", "scenario_id": "rajendra_nagar_heavy_rain_demo", "start_min": 0, "end_min": 30, "duration_s": 1800, "drain_node_id": "RN_DNODE_00025", "outgoing_drain_id": "RN_DRAIN_00270", "total_q_m3s": 0.14545199551739424, "capacity_m3s": 0.12723324562335805, "overflow_q_m3s": 0.018218749894036185, "overflow_volume_m3": 32.79374980926513, "capacity_source": "synthetic_manning_scenario", "capacity_is_observed": 0, "source_type": "prototype_drainage_capacity_overflow" }, "geometry": { "type": "Point", "coordinates": [ 376697.791000000026543, 2046231.903 ] } },
{ "type": "Feature", "properties": { "interval_id": "000_030", "scenario_id": "rajendra_nagar_heavy_rain_demo", "start_min": 0, "end_min": 30, "duration_s": 1800, "drain_node_id": "RN_DNODE_00174", "outgoing_drain_id": "RN_DRAIN_00156", "total_q_m3s": 0.06131159377895453, "capacity_m3s": 0.034844300305034812, "overflow_q_m3s": 0.026467293473919719, "overflow_volume_m3": 47.641128253055491, "capacity_source": "synthetic_manning_scenario", "capacity_is_observed": 0, "source_type": "prototype_drainage_capacity_overflow" }, "geometry": { "type": "Point", "coordinates": [ 377147.791000000026543, 2046501.903 ] } },
{ "type": "Feature", "properties": { "interval_id": "000_030", "scenario_id": "rajendra_nagar_heavy_rain_demo", "start_min": 0, "end_min": 30, "duration_s": 1800, "drain_node_id": "RN_DNODE_00360", "outgoing_drain_id": "RN_DRAIN_00144", "total_q_m3s": 0.14793804998714341, "capacity_m3s": 0.10887560820568472, "overflow_q_m3s": 0.039062441781458693, "overflow_volume_m3": 70.312395206625652, "capacity_source": "synthetic_manning_scenario", "capacity_is_observed": 0, "source_type": "prototype_drainage_capacity_overflow" }, "geometry": { "type": "Point", "coordinates": [ 377567.791000000026543, 2046531.903 ] } },
{ "type": "Feature", "properties": { "interval_id": "000_030", "scenario_id": "rajendra_nagar_heavy_rain_demo", "start_min": 0, "end_min": 30, "duration_s": 1800, "drain_node_id": "RN_DNODE_00510", "outgoing_drain_id": "RN_DRAIN_00347", "total_q_m3s": 0.38528398415855636, "capacity_m3s": 0.30124813859248456, "overflow_q_m3s": 0.084035845566071798, "overflow_volume_m3": 151.26452201892923, "capacity_source": "synthetic_manning_scenario", "capacity_is_observed": 0, "source_type": "prototype_drainage_capacity_overflow" }, "geometry": { "type": "Point", "coordinates": [ 378287.791000000026543, 2046111.903 ] } },
{ "type": "Feature", "properties": { "interval_id": "000_030", "scenario_id": "rajendra_nagar_heavy_rain_demo", "start_min": 0, "end_min": 30, "duration_s": 1800, "drain_node_id": "RN_DNODE_00353", "outgoing_drain_id": "RN_DRAIN_00143", "total_q_m3s": 0.13156310799375709, "capacity_m3s": 0.034854282915268278, "overflow_q_m3s": 0.096708825078488811, "overflow_volume_m3": 174.07588514127985, "capacity_source": "synthetic_manning_scenario", "capacity_is_observed": 0, "source_type": "prototype_drainage_capacity_overflow" }, "geometry": { "type": "Point", "coordinates": [ 377537.791000000026543, 2046531.903 ] } },
{ "type": "Feature", "properties": { "interval_id": "000_030", "scenario_id": "rajendra_nagar_heavy_rain_demo", "start_min": 0, "end_min": 30, "duration_s": 1800, "drain_node_id": "RN_DNODE_00362", "outgoing_drain_id": "RN_DRAIN_00455", "total_q_m3s": 0.44402993963926607, "capacity_m3s": 0.3425817481644578, "overflow_q_m3s": 0.10144819147480827, "overflow_volume_m3": 182.60674465465488, "capacity_source": "synthetic_manning_scenario", "capacity_is_observed": 0, "source_type": "prototype_drainage_capacity_overflow" }, "geometry": { "type": "Point", "coordinates": [ 377597.791000000026543, 2045781.903 ] } },
{ "type": "Feature", "properties": { "interval_id": "000_030", "scenario_id": "rajendra_nagar_heavy_rain_demo", "start_min": 0, "end_min": 30, "duration_s": 1800, "drain_node_id": "RN_DNODE_00255", "outgoing_drain_id": "RN_DRAIN_00490", "total_q_m3s": 0.28084375169542103, "capacity_m3s": 0.16554197630939951, "overflow_q_m3s": 0.11530177538602152, "overflow_volume_m3": 207.54319569483872, "capacity_source": "synthetic_manning_scenario", "capacity_is_observed": 0, "source_type": "prototype_drainage_capacity_overflow" }, "geometry": { "type": "Point", "coordinates": [ 377267.791000000026543, 2045691.903 ] } },
{ "type": "Feature", "properties": { "interval_id": "000_030", "scenario_id": "rajendra_nagar_heavy_rain_demo", "start_min": 0, "end_min": 30, "duration_s": 1800, "drain_node_id": "RN_DNODE_00463", "outgoing_drain_id": "RN_DRAIN_00052", "total_q_m3s": 0.26550055168256437, "capacity_m3s": 0.1272696969192279, "overflow_q_m3s": 0.13823085476333646, "overflow_volume_m3": 248.81553857400564, "capacity_source": "synthetic_manning_scenario", "capacity_is_observed": 0, "source_type": "prototype_drainage_capacity_overflow" }, "geometry": { "type": "Point", "coordinates": [ 377987.791000000026543, 2046741.903 ] } },
{ "type": "Feature", "properties": { "interval_id": "000_030", "scenario_id": "rajendra_nagar_heavy_rain_demo", "start_min": 0, "end_min": 30, "duration_s": 1800, "drain_node_id": "RN_DNODE_00079", "outgoing_drain_id": "RN_DRAIN_00086", "total_q_m3s": 0.33227024934353899, "capacity_m3s": 0.30124813859248456, "overflow_q_m3s": 0.031022110751054432, "overflow_volume_m3": 55.83979935189798, "capacity_source": "synthetic_manning_scenario", "capacity_is_observed": 0, "source_type": "prototype_drainage_capacity_overflow" }, "geometry": { "type": "Point", "coordinates": [ 376907.791000000026543, 2046621.903 ] } },
{ "type": "Feature", "properties": { "interval_id": "000_030", "scenario_id": "rajendra_nagar_heavy_rain_demo", "start_min": 0, "end_min": 30, "duration_s": 1800, "drain_node_id": "RN_DNODE_00502", "outgoing_drain_id": "RN_DRAIN_00332", "total_q_m3s": 0.37095670442302109, "capacity_m3s": 0.30107555299333355, "overflow_q_m3s": 0.069881151429687538, "overflow_volume_m3": 125.78607257343756, "capacity_source": "synthetic_manning_scenario", "capacity_is_observed": 0, "source_type": "prototype_drainage_capacity_overflow" }, "geometry": { "type": "Point", "coordinates": [ 378257.791000000026543, 2046141.903 ] } },
{ "type": "Feature", "properties": { "interval_id": "000_030", "scenario_id": "rajendra_nagar_heavy_rain_demo", "start_min": 0, "end_min": 30, "duration_s": 1800, "drain_node_id": "RN_DNODE_00330", "outgoing_drain_id": "RN_DRAIN_00442", "total_q_m3s": 0.47139677345445208, "capacity_m3s": 0.30124813859248456, "overflow_q_m3s": 0.17014863486196752, "overflow_volume_m3": 306.26754275154155, "capacity_source": "synthetic_manning_scenario", "capacity_is_observed": 0, "source_type": "prototype_drainage_capacity_overflow" }, "geometry": { "type": "Point", "coordinates": [ 377477.791000000026543, 2045811.903 ] } },
{ "type": "Feature", "properties": { "interval_id": "000_030", "scenario_id": "rajendra_nagar_heavy_rain_demo", "start_min": 0, "end_min": 30, "duration_s": 1800, "drain_node_id": "RN_DNODE_00466", "outgoing_drain_id": "RN_DRAIN_00029", "total_q_m3s": 0.18501969681326408, "capacity_m3s": 0.12723324562335805, "overflow_q_m3s": 0.057786451189906024, "overflow_volume_m3": 104.01561214183084, "capacity_source": "synthetic_manning_scenario", "capacity_is_observed": 0, "source_type": "prototype_drainage_capacity_overflow" }, "geometry": { "type": "Point", "coordinates": [ 377987.791000000026543, 2046831.903 ] } },
{ "type": "Feature", "properties": { "interval_id": "000_030", "scenario_id": "rajendra_nagar_heavy_rain_demo", "start_min": 0, "end_min": 30, "duration_s": 1800, "drain_node_id": "RN_DNODE_00314", "outgoing_drain_id": "RN_DRAIN_00441", "total_q_m3s": 0.32462313901633982, "capacity_m3s": 0.30116185815577506, "overflow_q_m3s": 0.023461280860564759, "overflow_volume_m3": 42.230305549016563, "capacity_source": "synthetic_manning_scenario", "capacity_is_observed": 0, "source_type": "prototype_drainage_capacity_overflow" }, "geometry": { "type": "Point", "coordinates": [ 377447.791000000026543, 2045811.903 ] } },
{ "type": "Feature", "properties": { "interval_id": "000_030", "scenario_id": "rajendra_nagar_heavy_rain_demo", "start_min": 0, "end_min": 30, "duration_s": 1800, "drain_node_id": "RN_DNODE_00143", "outgoing_drain_id": "RN_DRAIN_00463", "total_q_m3s": 0.27313572620343574, "capacity_m3s": 0.096316987382127545, "overflow_q_m3s": 0.17681873882130819, "overflow_volume_m3": 318.27372987835474, "capacity_source": "synthetic_manning_scenario", "capacity_is_observed": 0, "source_type": "prototype_drainage_capacity_overflow" }, "geometry": { "type": "Point", "coordinates": [ 377117.791000000026543, 2045751.903 ] } },
{ "type": "Feature", "properties": { "interval_id": "000_030", "scenario_id": "rajendra_nagar_heavy_rain_demo", "start_min": 0, "end_min": 30, "duration_s": 1800, "drain_node_id": "RN_DNODE_00456", "outgoing_drain_id": "RN_DRAIN_00016", "total_q_m3s": 0.24905627843266254, "capacity_m3s": 0.12723324562335805, "overflow_q_m3s": 0.12182303280930448, "overflow_volume_m3": 219.28145905674808, "capacity_source": "synthetic_manning_scenario", "capacity_is_observed": 0, "source_type": "prototype_drainage_capacity_overflow" }, "geometry": { "type": "Point", "coordinates": [ 377957.791000000026543, 2046861.903 ] } },
{ "type": "Feature", "properties": { "interval_id": "000_030", "scenario_id": "rajendra_nagar_heavy_rain_demo", "start_min": 0, "end_min": 30, "duration_s": 1800, "drain_node_id": "RN_DNODE_00296", "outgoing_drain_id": "RN_DRAIN_00428", "total_q_m3s": 0.37438060857963029, "capacity_m3s": 0.30116185815577506, "overflow_q_m3s": 0.073218750423855228, "overflow_volume_m3": 131.7937507629394, "capacity_source": "synthetic_manning_scenario", "capacity_is_observed": 0, "source_type": "prototype_drainage_capacity_overflow" }, "geometry": { "type": "Point", "coordinates": [ 377417.791000000026543, 2045841.903 ] } },
{ "type": "Feature", "properties": { "interval_id": "000_030", "scenario_id": "rajendra_nagar_heavy_rain_demo", "start_min": 0, "end_min": 30, "duration_s": 1800, "drain_node_id": "RN_DNODE_00131", "outgoing_drain_id": "RN_DRAIN_00450", "total_q_m3s": 0.32589650765969702, "capacity_m3s": 0.30116185815577506, "overflow_q_m3s": 0.024734649503921957, "overflow_volume_m3": 44.522369107059525, "capacity_source": "synthetic_manning_scenario", "capacity_is_observed": 0, "source_type": "prototype_drainage_capacity_overflow" }, "geometry": { "type": "Point", "coordinates": [ 377087.791000000026543, 2045781.903 ] } },
{ "type": "Feature", "properties": { "interval_id": "000_030", "scenario_id": "rajendra_nagar_heavy_rain_demo", "start_min": 0, "end_min": 30, "duration_s": 1800, "drain_node_id": "RN_DNODE_00285", "outgoing_drain_id": "RN_DRAIN_00417", "total_q_m3s": 0.35616185868559413, "capacity_m3s": 0.30116185815577506, "overflow_q_m3s": 0.055000000529819071, "overflow_volume_m3": 99.000000953674331, "capacity_source": "synthetic_manning_scenario", "capacity_is_observed": 0, "source_type": "prototype_drainage_capacity_overflow" }, "geometry": { "type": "Point", "coordinates": [ 377387.791000000026543, 2045871.903 ] } },
{ "type": "Feature", "properties": { "interval_id": "000_030", "scenario_id": "rajendra_nagar_heavy_rain_demo", "start_min": 0, "end_min": 30, "duration_s": 1800, "drain_node_id": "RN_DNODE_00450", "outgoing_drain_id": "RN_DRAIN_00006", "total_q_m3s": 0.17467074551739423, "capacity_m3s": 0.096316987382127545, "overflow_q_m3s": 0.078353758135266682, "overflow_volume_m3": 141.03676464348004, "capacity_source": "synthetic_manning_scenario", "capacity_is_observed": 0, "source_type": "prototype_drainage_capacity_overflow" }, "geometry": { "type": "Point", "coordinates": [ 377927.791000000026543, 2046921.903 ] } },
{ "type": "Feature", "properties": { "interval_id": "000_030", "scenario_id": "rajendra_nagar_heavy_rain_demo", "start_min": 0, "end_min": 30, "duration_s": 1800, "drain_node_id": "RN_DNODE_00489", "outgoing_drain_id": "RN_DRAIN_00327", "total_q_m3s": 0.987888055006646, "capacity_m3s": 0.52668488356746512, "overflow_q_m3s": 0.46120317143918088, "overflow_volume_m3": 830.16570859052558, "capacity_source": "synthetic_manning_scenario", "capacity_is_observed": 0, "source_type": "prototype_drainage_capacity_overflow" }, "geometry": { "type": "Point", "coordinates": [ 378107.791000000026543, 2046141.903 ] } },
{ "type": "Feature", "properties": { "interval_id": "000_030", "scenario_id": "rajendra_nagar_heavy_rain_demo", "start_min": 0, "end_min": 30, "duration_s": 1800, "drain_node_id": "RN_DNODE_00112", "outgoing_drain_id": "RN_DRAIN_00226", "total_q_m3s": 0.50845199477564751, "capacity_m3s": 0.22629368210844161, "overflow_q_m3s": 0.28215831266720592, "overflow_volume_m3": 507.88496280097064, "capacity_source": "synthetic_manning_scenario", "capacity_is_observed": 0, "source_type": "prototype_drainage_capacity_overflow" }, "geometry": { "type": "Point", "coordinates": [ 377027.791000000026543, 2046321.903 ] } },
{ "type": "Feature", "properties": { "interval_id": "000_030", "scenario_id": "rajendra_nagar_heavy_rain_demo", "start_min": 0, "end_min": 30, "duration_s": 1800, "drain_node_id": "RN_DNODE_00279", "outgoing_drain_id": "RN_DRAIN_00409", "total_q_m3s": 0.32488060836770272, "capacity_m3s": 0.30124813859248456, "overflow_q_m3s": 0.023632469775218157, "overflow_volume_m3": 42.53844559539268, "capacity_source": "synthetic_manning_scenario", "capacity_is_observed": 0, "source_type": "prototype_drainage_capacity_overflow" }, "geometry": { "type": "Point", "coordinates": [ 377357.791000000026543, 2045901.903 ] } },
{ "type": "Feature", "properties": { "interval_id": "000_030", "scenario_id": "rajendra_nagar_heavy_rain_demo", "start_min": 0, "end_min": 30, "duration_s": 1800, "drain_node_id": "RN_DNODE_00485", "outgoing_drain_id": "RN_DRAIN_00326", "total_q_m3s": 0.52668488356746512, "capacity_m3s": 0.30124813859248456, "overflow_q_m3s": 0.22543674497498056, "overflow_volume_m3": 405.78614095496499, "capacity_source": "synthetic_manning_scenario", "capacity_is_observed": 0, "source_type": "prototype_drainage_capacity_overflow" }, "geometry": { "type": "Point", "coordinates": [ 378077.791000000026543, 2046141.903 ] } },
{ "type": "Feature", "properties": { "interval_id": "000_030", "scenario_id": "rajendra_nagar_heavy_rain_demo", "start_min": 0, "end_min": 30, "duration_s": 1800, "drain_node_id": "RN_DNODE_00123", "outgoing_drain_id": "RN_DRAIN_00227", "total_q_m3s": 0.22629368210844161, "capacity_m3s": 0.19248944506420465, "overflow_q_m3s": 0.033804237044236962, "overflow_volume_m3": 60.847626679626529, "capacity_source": "synthetic_manning_scenario", "capacity_is_observed": 0, "source_type": "prototype_drainage_capacity_overflow" }, "geometry": { "type": "Point", "coordinates": [ 377057.791000000026543, 2046321.903 ] } },
{ "type": "Feature", "properties": { "interval_id": "000_030", "scenario_id": "rajendra_nagar_heavy_rain_demo", "start_min": 0, "end_min": 30, "duration_s": 1800, "drain_node_id": "RN_DNODE_00176", "outgoing_drain_id": "RN_DRAIN_00126", "total_q_m3s": 0.65187313965212268, "capacity_m3s": 0.22798288882636691, "overflow_q_m3s": 0.42389025082575577, "overflow_volume_m3": 763.00245148636043, "capacity_source": "synthetic_manning_scenario", "capacity_is_observed": 0, "source_type": "prototype_drainage_capacity_overflow" }, "geometry": { "type": "Point", "coordinates": [ 377147.791000000026543, 2046561.903 ] } },
{ "type": "Feature", "properties": { "interval_id": "000_030", "scenario_id": "rajendra_nagar_heavy_rain_demo", "start_min": 0, "end_min": 30, "duration_s": 1800, "drain_node_id": "RN_DNODE_00459", "outgoing_drain_id": "RN_DRAIN_00311", "total_q_m3s": 0.45524814007597791, "capacity_m3s": 0.30124813859248456, "overflow_q_m3s": 0.15400000148349335, "overflow_volume_m3": 277.20000267028803, "capacity_source": "synthetic_manning_scenario", "capacity_is_observed": 0, "source_type": "prototype_drainage_capacity_overflow" }, "geometry": { "type": "Point", "coordinates": [ 377987.791000000026543, 2046171.903 ] } },
{ "type": "Feature", "properties": { "interval_id": "000_030", "scenario_id": "rajendra_nagar_heavy_rain_demo", "start_min": 0, "end_min": 30, "duration_s": 1800, "drain_node_id": "RN_DNODE_00447", "outgoing_drain_id": "RN_DRAIN_00309", "total_q_m3s": 0.4451881635645874, "capacity_m3s": 0.30116185815577506, "overflow_q_m3s": 0.14402630540881234, "overflow_volume_m3": 259.2473497358622, "capacity_source": "synthetic_manning_scenario", "capacity_is_observed": 0, "source_type": "prototype_drainage_capacity_overflow" }, "geometry": { "type": "Point", "coordinates": [ 377927.791000000026543, 2046171.903 ] } },
{ "type": "Feature", "properties": { "interval_id": "000_030", "scenario_id": "rajendra_nagar_heavy_rain_demo", "start_min": 0, "end_min": 30, "duration_s": 1800, "drain_node_id": "RN_DNODE_00439", "outgoing_drain_id": "RN_DRAIN_00323", "total_q_m3s": 0.82326182455221986, "capacity_m3s": 0.30124813859248456, "overflow_q_m3s": 0.5220136859597353, "overflow_volume_m3": 939.62463472752358, "capacity_source": "synthetic_manning_scenario", "capacity_is_observed": 0, "source_type": "prototype_drainage_capacity_overflow" }, "geometry": { "type": "Point", "coordinates": [ 377897.791000000026543, 2046141.903 ] } },
{ "type": "Feature", "properties": { "interval_id": "000_030", "scenario_id": "rajendra_nagar_heavy_rain_demo", "start_min": 0, "end_min": 30, "duration_s": 1800, "drain_node_id": "RN_DNODE_00435", "outgoing_drain_id": "RN_DRAIN_00322", "total_q_m3s": 0.34696688901633976, "capacity_m3s": 0.30124813859248456, "overflow_q_m3s": 0.045718750423855203, "overflow_volume_m3": 82.293750762939368, "capacity_source": "synthetic_manning_scenario", "capacity_is_observed": 0, "source_type": "prototype_drainage_capacity_overflow" }, "geometry": { "type": "Point", "coordinates": [ 377867.791000000026543, 2046141.903 ] } },
{ "type": "Feature", "properties": { "interval_id": "000_030", "scenario_id": "rajendra_nagar_heavy_rain_demo", "start_min": 0, "end_min": 30, "duration_s": 1800, "drain_node_id": "RN_DNODE_00429", "outgoing_drain_id": "RN_DRAIN_00321", "total_q_m3s": 0.30124813859248456, "capacity_m3s": 0.30116185815577506, "overflow_q_m3s": 8.6280436709496033e-05, "overflow_volume_m3": 0.15530478607709286, "capacity_source": "synthetic_manning_scenario", "capacity_is_observed": 0, "source_type": "prototype_drainage_capacity_overflow" }, "geometry": { "type": "Point", "coordinates": [ 377837.791000000026543, 2046141.903 ] } },
{ "type": "Feature", "properties": { "interval_id": "000_030", "scenario_id": "rajendra_nagar_heavy_rain_demo", "start_min": 0, "end_min": 30, "duration_s": 1800, "drain_node_id": "RN_DNODE_00422", "outgoing_drain_id": "RN_DRAIN_00343", "total_q_m3s": 0.31216185826173887, "capacity_m3s": 0.30124813859248456, "overflow_q_m3s": 0.010913719669254307, "overflow_volume_m3": 19.644695404657753, "capacity_source": "synthetic_manning_scenario", "capacity_is_observed": 0, "source_type": "prototype_drainage_capacity_overflow" }, "geometry": { "type": "Point", "coordinates": [ 377807.791000000026543, 2046111.903 ] } },
{ "type": "Feature", "properties": { "interval_id": "000_030", "scenario_id": "rajendra_nagar_heavy_rain_demo", "start_min": 0, "end_min": 30, "duration_s": 1800, "drain_node_id": "RN_DNODE_00413", "outgoing_drain_id": "RN_DRAIN_00342", "total_q_m3s": 0.30124813859248456, "capacity_m3s": 0.30107555299333355, "overflow_q_m3s": 0.00017258559915100946, "overflow_volume_m3": 0.31065407847181703, "capacity_source": "synthetic_manning_scenario", "capacity_is_observed": 0, "source_type": "prototype_drainage_capacity_overflow" }, "geometry": { "type": "Point", "coordinates": [ 377777.791000000026543, 2046111.903 ] } },
{ "type": "Feature", "properties": { "interval_id": "000_030", "scenario_id": "rajendra_nagar_heavy_rain_demo", "start_min": 0, "end_min": 30, "duration_s": 1800, "drain_node_id": "RN_DNODE_00384", "outgoing_drain_id": "RN_DRAIN_00319", "total_q_m3s": 0.31791930320526118, "capacity_m3s": 0.30116185815577506, "overflow_q_m3s": 0.016757445049486119, "overflow_volume_m3": 30.163401089075016, "capacity_source": "synthetic_manning_scenario", "capacity_is_observed": 0, "source_type": "prototype_drainage_capacity_overflow" }, "geometry": { "type": "Point", "coordinates": [ 377687.791000000026543, 2046141.903 ] } },
{ "type": "Feature", "properties": { "interval_id": "000_030", "scenario_id": "rajendra_nagar_heavy_rain_demo", "start_min": 0, "end_min": 30, "duration_s": 1800, "drain_node_id": "RN_DNODE_00376", "outgoing_drain_id": "RN_DRAIN_00304", "total_q_m3s": 0.34770364128297099, "capacity_m3s": 0.30116185815577506, "overflow_q_m3s": 0.046541783127195924, "overflow_volume_m3": 83.775209628952666, "capacity_source": "synthetic_manning_scenario", "capacity_is_observed": 0, "source_type": "prototype_drainage_capacity_overflow" }, "geometry": { "type": "Point", "coordinates": [ 377657.791000000026543, 2046171.903 ] } },
{ "type": "Feature", "properties": { "interval_id": "000_030", "scenario_id": "rajendra_nagar_heavy_rain_demo", "start_min": 0, "end_min": 30, "duration_s": 1800, "drain_node_id": "RN_DNODE_00364", "outgoing_drain_id": "RN_DRAIN_00277", "total_q_m3s": 0.89241186186450849, "capacity_m3s": 0.30116185815577506, "overflow_q_m3s": 0.59125000370873337, "overflow_volume_m3": 1064.25000667572, "capacity_source": "synthetic_manning_scenario", "capacity_is_observed": 0, "source_type": "prototype_drainage_capacity_overflow" }, "geometry": { "type": "Point", "coordinates": [ 377597.791000000026543, 2046231.903 ] } },
{ "type": "Feature", "properties": { "interval_id": "000_030", "scenario_id": "rajendra_nagar_heavy_rain_demo", "start_min": 0, "end_min": 30, "duration_s": 1800, "drain_node_id": "RN_DNODE_00196", "outgoing_drain_id": "RN_DRAIN_00204", "total_q_m3s": 0.89986874285924578, "capacity_m3s": 0.69327138773681873, "overflow_q_m3s": 0.20659735512242705, "overflow_volume_m3": 371.87523922036871, "capacity_source": "synthetic_manning_scenario", "capacity_is_observed": 0, "source_type": "prototype_drainage_capacity_overflow" }, "geometry": { "type": "Point", "coordinates": [ 377177.791000000026543, 2046381.903 ] } },
{ "type": "Feature", "properties": { "interval_id": "000_030", "scenario_id": "rajendra_nagar_heavy_rain_demo", "start_min": 0, "end_min": 30, "duration_s": 1800, "drain_node_id": "RN_DNODE_00343", "outgoing_drain_id": "RN_DRAIN_00234", "total_q_m3s": 0.39122864792275425, "capacity_m3s": 0.30116185815577506, "overflow_q_m3s": 0.090066789766979183, "overflow_volume_m3": 162.12022158056254, "capacity_source": "synthetic_manning_scenario", "capacity_is_observed": 0, "source_type": "prototype_drainage_capacity_overflow" }, "geometry": { "type": "Point", "coordinates": [ 377507.791000000026543, 2046321.903 ] } },
{ "type": "Feature", "properties": { "interval_id": "000_030", "scenario_id": "rajendra_nagar_heavy_rain_demo", "start_min": 0, "end_min": 30, "duration_s": 1800, "drain_node_id": "RN_DNODE_00197", "outgoing_drain_id": "RN_DRAIN_00191", "total_q_m3s": 2.4446776417104616, "capacity_m3s": 0.69287421131479709, "overflow_q_m3s": 1.7518034303956647, "overflow_volume_m3": 3153.2461747121965, "capacity_source": "synthetic_manning_scenario", "capacity_is_observed": 0, "source_type": "prototype_drainage_capacity_overflow" }, "geometry": { "type": "Point", "coordinates": [ 377177.791000000026543, 2046411.903 ] } },
{ "type": "Feature", "properties": { "interval_id": "000_030", "scenario_id": "rajendra_nagar_heavy_rain_demo", "start_min": 0, "end_min": 30, "duration_s": 1800, "drain_node_id": "RN_DNODE_00199", "outgoing_drain_id": "RN_DRAIN_00164", "total_q_m3s": 0.69871796142076092, "capacity_m3s": 0.69327138773681873, "overflow_q_m3s": 0.0054465736839421908, "overflow_volume_m3": 9.8038326310959434, "capacity_source": "synthetic_manning_scenario", "capacity_is_observed": 0, "source_type": "prototype_drainage_capacity_overflow" }, "geometry": { "type": "Point", "coordinates": [ 377177.791000000026543, 2046471.903 ] } },
{ "type": "Feature", "properties": { "interval_id": "000_030", "scenario_id": "rajendra_nagar_heavy_rain_demo", "start_min": 0, "end_min": 30, "duration_s": 1800, "drain_node_id": "RN_DNODE_00318", "outgoing_drain_id": "RN_DRAIN_00194", "total_q_m3s": 0.63975561027505135, "capacity_m3s": 0.30116185815577506, "overflow_q_m3s": 0.33859375211927628, "overflow_volume_m3": 609.46875381469727, "capacity_source": "synthetic_manning_scenario", "capacity_is_observed": 0, "source_type": "prototype_drainage_capacity_overflow" }, "geometry": { "type": "Point", "coordinates": [ 377447.791000000026543, 2046411.903 ] } },
{ "type": "Feature", "properties": { "interval_id": "000_030", "scenario_id": "rajendra_nagar_heavy_rain_demo", "start_min": 0, "end_min": 30, "duration_s": 1800, "drain_node_id": "RN_DNODE_00301", "outgoing_drain_id": "RN_DRAIN_00181", "total_q_m3s": 0.31903685826173889, "capacity_m3s": 0.30124813859248456, "overflow_q_m3s": 0.017788719669254327, "overflow_volume_m3": 32.019695404657789, "capacity_source": "synthetic_manning_scenario", "capacity_is_observed": 0, "source_type": "prototype_drainage_capacity_overflow" }, "geometry": { "type": "Point", "coordinates": [ 377417.791000000026543, 2046441.903 ] } },
{ "type": "Feature", "properties": { "interval_id": "000_030", "scenario_id": "rajendra_nagar_heavy_rain_demo", "start_min": 0, "end_min": 30, "duration_s": 1800, "drain_node_id": "RN_DNODE_00201", "outgoing_drain_id": "RN_DRAIN_00140", "total_q_m3s": 0.72811568804185356, "capacity_m3s": 0.69307282797684278, "overflow_q_m3s": 0.035042860065010784, "overflow_volume_m3": 63.077148117019412, "capacity_source": "synthetic_manning_scenario", "capacity_is_observed": 0, "source_type": "prototype_drainage_capacity_overflow" }, "geometry": { "type": "Point", "coordinates": [ 377177.791000000026543, 2046531.903 ] } },
{ "type": "Feature", "properties": { "interval_id": "000_030", "scenario_id": "rajendra_nagar_heavy_rain_demo", "start_min": 0, "end_min": 30, "duration_s": 1800, "drain_node_id": "RN_DNODE_00302", "outgoing_drain_id": "RN_DRAIN_00167", "total_q_m3s": 0.31912313869844838, "capacity_m3s": 0.30124813859248456, "overflow_q_m3s": 0.017875000105963823, "overflow_volume_m3": 32.175000190734885, "capacity_source": "synthetic_manning_scenario", "capacity_is_observed": 0, "source_type": "prototype_drainage_capacity_overflow" }, "geometry": { "type": "Point", "coordinates": [ 377417.791000000026543, 2046471.903 ] } },
{ "type": "Feature", "properties": { "interval_id": "000_030", "scenario_id": "rajendra_nagar_heavy_rain_demo", "start_min": 0, "end_min": 30, "duration_s": 1800, "drain_node_id": "RN_DNODE_00228", "outgoing_drain_id": "RN_DRAIN_00128", "total_q_m3s": 0.92105571680320963, "capacity_m3s": 0.69327138773681873, "overflow_q_m3s": 0.2277843290663909, "overflow_volume_m3": 410.01179231950363, "capacity_source": "synthetic_manning_scenario", "capacity_is_observed": 0, "source_type": "prototype_drainage_capacity_overflow" }, "geometry": { "type": "Point", "coordinates": [ 377207.791000000026543, 2046561.903 ] } },
{ "type": "Feature", "properties": { "interval_id": "000_030", "scenario_id": "rajendra_nagar_heavy_rain_demo", "start_min": 0, "end_min": 30, "duration_s": 1800, "drain_node_id": "RN_DNODE_00229", "outgoing_drain_id": "RN_DRAIN_00114", "total_q_m3s": 0.69327138773681873, "capacity_m3s": 0.69307282797684278, "overflow_q_m3s": 0.00019855975997595809, "overflow_volume_m3": 0.35740756795672457, "capacity_source": "synthetic_manning_scenario", "capacity_is_observed": 0, "source_type": "prototype_drainage_capacity_overflow" }, "geometry": { "type": "Point", "coordinates": [ 377207.791000000026543, 2046591.903 ] } },
{ "type": "Feature", "properties": { "interval_id": "000_030", "scenario_id": "rajendra_nagar_heavy_rain_demo", "start_min": 0, "end_min": 30, "duration_s": 1800, "drain_node_id": "RN_DNODE_00335", "outgoing_drain_id": "RN_DRAIN_00097", "total_q_m3s": 0.525164922567391, "capacity_m3s": 0.30124813859248456, "overflow_q_m3s": 0.22391678397490644, "overflow_volume_m3": 403.05021115483157, "capacity_source": "synthetic_manning_scenario", "capacity_is_observed": 0, "source_type": "prototype_drainage_capacity_overflow" }, "geometry": { "type": "Point", "coordinates": [ 377477.791000000026543, 2046621.903 ] } },
{ "type": "Feature", "properties": { "interval_id": "000_030", "scenario_id": "rajendra_nagar_heavy_rain_demo", "start_min": 0, "end_min": 30, "duration_s": 1800, "drain_node_id": "RN_DNODE_00337", "outgoing_drain_id": "RN_DRAIN_00068", "total_q_m3s": 0.30124813859248456, "capacity_m3s": 0.30116185815577506, "overflow_q_m3s": 8.6280436709496033e-05, "overflow_volume_m3": 0.15530478607709286, "capacity_source": "synthetic_manning_scenario", "capacity_is_observed": 0, "source_type": "prototype_drainage_capacity_overflow" }, "geometry": { "type": "Point", "coordinates": [ 377477.791000000026543, 2046681.903 ] } },
{ "type": "Feature", "properties": { "interval_id": "000_030", "scenario_id": "rajendra_nagar_heavy_rain_demo", "start_min": 0, "end_min": 30, "duration_s": 1800, "drain_node_id": "RN_DNODE_00292", "outgoing_drain_id": "RN_DRAIN_00026", "total_q_m3s": 0.30116185815577506, "capacity_m3s": 0.22798288882636691, "overflow_q_m3s": 0.07317896932940815, "overflow_volume_m3": 131.72214479293467, "capacity_source": "synthetic_manning_scenario", "capacity_is_observed": 0, "source_type": "prototype_drainage_capacity_overflow" }, "geometry": { "type": "Point", "coordinates": [ 377387.791000000026543, 2046831.903 ] } },
{ "type": "Feature", "properties": { "interval_id": "000_030", "scenario_id": "rajendra_nagar_heavy_rain_demo", "start_min": 0, "end_min": 30, "duration_s": 1800, "drain_node_id": "RN_DNODE_00283", "outgoing_drain_id": "RN_DRAIN_00012", "total_q_m3s": 0.92105571680320963, "capacity_m3s": 0.69307282797684278, "overflow_q_m3s": 0.22798288882636686, "overflow_volume_m3": 410.36919988746035, "capacity_source": "synthetic_manning_scenario", "capacity_is_observed": 0, "source_type": "prototype_drainage_capacity_overflow" }, "geometry": { "type": "Point", "coordinates": [ 377357.791000000026543, 2046861.903 ] } },
{ "type": "Feature", "properties": { "interval_id": "030_060", "scenario_id": "rajendra_nagar_heavy_rain_demo", "start_min": 30, "end_min": 60, "duration_s": 1800, "drain_node_id": "RN_DNODE_00441", "outgoing_drain_id": "RN_DRAIN_00005", "total_q_m3s": 0.039187501271565756, "capacity_m3s": 0.02637752433631995, "overflow_q_m3s": 0.012809976935245805, "overflow_volume_m3": 23.057958483442448, "capacity_source": "synthetic_manning_scenario", "capacity_is_observed": 0, "source_type": "prototype_drainage_capacity_overflow" }, "geometry": { "type": "Point", "coordinates": [ 377897.791000000026543, 2046921.903 ] } },
{ "type": "Feature", "properties": { "interval_id": "030_060", "scenario_id": "rajendra_nagar_heavy_rain_demo", "start_min": 30, "end_min": 60, "duration_s": 1800, "drain_node_id": "RN_DNODE_00415", "outgoing_drain_id": "RN_DRAIN_00069", "total_q_m3s": 0.29034375296698678, "capacity_m3s": 0.13572767824149176, "overflow_q_m3s": 0.15461607472549502, "overflow_volume_m3": 278.30893450589105, "capacity_source": "synthetic_manning_scenario", "capacity_is_observed": 0, "source_type": "prototype_drainage_capacity_overflow" }, "geometry": { "type": "Point", "coordinates": [ 377777.791000000026543, 2046681.903 ] } },
{ "type": "Feature", "properties": { "interval_id": "030_060", "scenario_id": "rajendra_nagar_heavy_rain_demo", "start_min": 30, "end_min": 60, "duration_s": 1800, "drain_node_id": "RN_DNODE_00437", "outgoing_drain_id": "RN_DRAIN_00172", "total_q_m3s": 0.29568750593397353, "capacity_m3s": 0.051588126028988532, "overflow_q_m3s": 0.24409937990498498, "overflow_volume_m3": 439.37888382897296, "capacity_source": "synthetic_manning_scenario", "capacity_is_observed": 0, "source_type": "prototype_drainage_capacity_overflow" }, "geometry": { "type": "Point", "coordinates": [ 377867.791000000026543, 2046471.903 ] } },
{ "type": "Feature", "properties": { "interval_id": "030_060", "scenario_id": "rajendra_nagar_heavy_rain_demo", "start_min": 30, "end_min": 60, "duration_s": 1800, "drain_node_id": "RN_DNODE_00071", "outgoing_drain_id": "RN_DRAIN_00174", "total_q_m3s": 0.19890625211927626, "capacity_m3s": 0.14154681932172938, "overflow_q_m3s": 0.057359432797546878, "overflow_volume_m3": 103.24697903558437, "capacity_source": "synthetic_manning_scenario", "capacity_is_observed": 0, "source_type": "prototype_drainage_capacity_overflow" }, "geometry": { "type": "Point", "coordinates": [ 376877.791000000026543, 2046441.903 ] } },
{ "type": "Feature", "properties": { "interval_id": "030_060", "scenario_id": "rajendra_nagar_heavy_rain_demo", "start_min": 30, "end_min": 60, "duration_s": 1800, "drain_node_id": "RN_DNODE_00299", "outgoing_drain_id": "RN_DRAIN_00206", "total_q_m3s": 0.040968750847710504, "capacity_m3s": 0.02637752433631995, "overflow_q_m3s": 0.014591226511390554, "overflow_volume_m3": 26.264207720502995, "capacity_source": "synthetic_manning_scenario", "capacity_is_observed": 0, "source_type": "prototype_drainage_capacity_overflow" }, "geometry": { "type": "Point", "coordinates": [ 377417.791000000026543, 2046381.903 ] } },
{ "type": "Feature", "properties": { "interval_id": "030_060", "scenario_id": "rajendra_nagar_heavy_rain_demo", "start_min": 30, "end_min": 60, "duration_s": 1800, "drain_node_id": "RN_DNODE_00359", "outgoing_drain_id": "RN_DRAIN_00208", "total_q_m3s": 0.21731250551011827, "capacity_m3s": 0.090066789766979211, "overflow_q_m3s": 0.12724571574313906, "overflow_volume_m3": 229.04228833765032, "capacity_source": "synthetic_manning_scenario", "capacity_is_observed": 0, "source_type": "prototype_drainage_capacity_overflow" }, "geometry": { "type": "Point", "coordinates": [ 377567.791000000026543, 2046381.903 ] } },
{ "type": "Feature", "properties": { "interval_id": "030_060", "scenario_id": "rajendra_nagar_heavy_rain_demo", "start_min": 30, "end_min": 60, "duration_s": 1800, "drain_node_id": "RN_DNODE_00546", "outgoing_drain_id": "RN_DRAIN_00219", "total_q_m3s": 0.26837500042385526, "capacity_m3s": 0.07396532506289491, "overflow_q_m3s": 0.19440967536096035, "overflow_volume_m3": 349.93741564972862, "capacity_source": "synthetic_manning_scenario", "capacity_is_observed": 0, "source_type": "prototype_drainage_capacity_overflow" }, "geometry": { "type": "Point", "coordinates": [ 378437.791000000026543, 2046351.903 ] } },
{ "type": "Feature", "properties": { "interval_id": "030_060", "scenario_id": "rajendra_nagar_heavy_rain_demo", "start_min": 30, "end_min": 60, "duration_s": 1800, "drain_node_id": "RN_DNODE_00022", "outgoing_drain_id": "RN_DRAIN_00221", "total_q_m3s": 0.051062501271565752, "capacity_m3s": 0.034854282915268278, "overflow_q_m3s": 0.016208218356297474, "overflow_volume_m3": 29.174793041335452, "capacity_source": "synthetic_manning_scenario", "capacity_is_observed": 0, "source_type": "prototype_drainage_capacity_overflow" }, "geometry": { "type": "Point", "coordinates": [ 376667.791000000026543, 2046321.903 ] } },
{ "type": "Feature", "properties": { "interval_id": "030_060", "scenario_id": "rajendra_nagar_heavy_rain_demo", "start_min": 30, "end_min": 60, "duration_s": 1800, "drain_node_id": "RN_DNODE_00556", "outgoing_drain_id": "RN_DRAIN_00238", "total_q_m3s": 0.039187501271565756, "capacity_m3s": 0.034844300305034812, "overflow_q_m3s": 0.004343200966530944, "overflow_volume_m3": 7.8177617397556993, "capacity_source": "synthetic_manning_scenario", "capacity_is_observed": 0, "source_type": "prototype_drainage_capacity_overflow" }, "geometry": { "type": "Point", "coordinates": [ 378587.791000000026543, 2046321.903 ] } },
{ "type": "Feature", "properties": { "interval_id": "030_060", "scenario_id": "rajendra_nagar_heavy_rain_demo", "start_min": 30, "end_min": 60, "duration_s": 1800, "drain_node_id": "RN_DNODE_00396", "outgoing_drain_id": "RN_DRAIN_00291", "total_q_m3s": 0.455406256781684, "capacity_m3s": 0.1120128954947173, "overflow_q_m3s": 0.34339336128696674, "overflow_volume_m3": 618.10805031654013, "capacity_source": "synthetic_manning_scenario", "capacity_is_observed": 0, "source_type": "prototype_drainage_capacity_overflow" }, "geometry": { "type": "Point", "coordinates": [ 377717.791000000026543, 2046201.903 ] } },
{ "type": "Feature", "properties": { "interval_id": "030_060", "scenario_id": "rajendra_nagar_heavy_rain_demo", "start_min": 30, "end_min": 60, "duration_s": 1800, "drain_node_id": "RN_DNODE_00448", "outgoing_drain_id": "RN_DRAIN_00292", "total_q_m3s": 0.061156249576144746, "capacity_m3s": 0.02637752433631995, "overflow_q_m3s": 0.034778725239824795, "overflow_volume_m3": 62.601705431684628, "capacity_source": "synthetic_manning_scenario", "capacity_is_observed": 0, "source_type": "prototype_drainage_capacity_overflow" }, "geometry": { "type": "Point", "coordinates": [ 377927.791000000026543, 2046201.903 ] } },
{ "type": "Feature", "properties": { "interval_id": "030_060", "scenario_id": "rajendra_nagar_heavy_rain_demo", "start_min": 30, "end_min": 60, "duration_s": 1800, "drain_node_id": "RN_DNODE_00395", "outgoing_drain_id": "RN_DRAIN_00306", "total_q_m3s": 0.029093750847710504, "capacity_m3s": 0.02637752433631995, "overflow_q_m3s": 0.0027162265113905536, "overflow_volume_m3": 4.8892077205029967, "capacity_source": "synthetic_manning_scenario", "capacity_is_observed": 0, "source_type": "prototype_drainage_capacity_overflow" }, "geometry": { "type": "Point", "coordinates": [ 377717.791000000026543, 2046171.903 ] } },
{ "type": "Feature", "properties": { "interval_id": "030_060", "scenario_id": "rajendra_nagar_heavy_rain_demo", "start_min": 30, "end_min": 60, "duration_s": 1800, "drain_node_id": "RN_DNODE_00298", "outgoing_drain_id": "RN_DRAIN_00393", "total_q_m3s": 0.30281250847710506, "capacity_m3s": 0.098037845430339166, "overflow_q_m3s": 0.20477466304676589, "overflow_volume_m3": 368.59439348417862, "capacity_source": "synthetic_manning_scenario", "capacity_is_observed": 0, "source_type": "prototype_drainage_capacity_overflow" }, "geometry": { "type": "Point", "coordinates": [ 377417.791000000026543, 2045931.903 ] } },
{ "type": "Feature", "properties": { "interval_id": "030_060", "scenario_id": "rajendra_nagar_heavy_rain_demo", "start_min": 30, "end_min": 60, "duration_s": 1800, "drain_node_id": "RN_DNODE_00518", "outgoing_drain_id": "RN_DRAIN_00395", "total_q_m3s": 0.4061250058809916, "capacity_m3s": 0.14778712746867345, "overflow_q_m3s": 0.25833787841231814, "overflow_volume_m3": 465.00818114217265, "capacity_source": "synthetic_manning_scenario", "capacity_is_observed": 0, "source_type": "prototype_drainage_capacity_overflow" }, "geometry": { "type": "Point", "coordinates": [ 378317.791000000026543, 2045931.903 ] } },
{ "type": "Feature", "properties": { "interval_id": "030_060", "scenario_id": "rajendra_nagar_heavy_rain_demo", "start_min": 30, "end_min": 60, "duration_s": 1800, "drain_node_id": "RN_DNODE_00329", "outgoing_drain_id": "RN_DRAIN_00453", "total_q_m3s": 0.30815625932481555, "capacity_m3s": 0.02637752433631995, "overflow_q_m3s": 0.28177873498849559, "overflow_volume_m3": 507.20172297929207, "capacity_source": "synthetic_manning_scenario", "capacity_is_observed": 0, "source_type": "prototype_drainage_capacity_overflow" }, "geometry": { "type": "Point", "coordinates": [ 377477.791000000026543, 2045781.903 ] } },
{ "type": "Feature", "properties": { "interval_id": "030_060", "scenario_id": "rajendra_nagar_heavy_rain_demo", "start_min": 30, "end_min": 60, "duration_s": 1800, "drain_node_id": "RN_DNODE_00392", "outgoing_drain_id": "RN_DRAIN_00466", "total_q_m3s": 0.10450000127156575, "capacity_m3s": 0.034844300305034812, "overflow_q_m3s": 0.06965570096653094, "overflow_volume_m3": 125.3802617397557, "capacity_source": "synthetic_manning_scenario", "capacity_is_observed": 0, "source_type": "prototype_drainage_capacity_overflow" }, "geometry": { "type": "Point", "coordinates": [ 377717.791000000026543, 2045751.903 ] } },
{ "type": "Feature", "properties": { "interval_id": "030_060", "scenario_id": "rajendra_nagar_heavy_rain_demo", "start_min": 30, "end_min": 60, "duration_s": 1800, "drain_node_id": "RN_DNODE_00340", "outgoing_drain_id": "RN_DRAIN_00531", "total_q_m3s": 0.058187501695421008, "capacity_m3s": 0.034854282915268278, "overflow_q_m3s": 0.02333321878015273, "overflow_volume_m3": 41.999793804274915, "capacity_source": "synthetic_manning_scenario", "capacity_is_observed": 0, "source_type": "prototype_drainage_capacity_overflow" }, "geometry": { "type": "Point", "coordinates": [ 377507.791000000026543, 2045571.903 ] } },
{ "type": "Feature", "properties": { "interval_id": "030_060", "scenario_id": "rajendra_nagar_heavy_rain_demo", "start_min": 30, "end_min": 60, "duration_s": 1800, "drain_node_id": "RN_DNODE_00418", "outgoing_drain_id": "RN_DRAIN_00043", "total_q_m3s": 0.13537499957614474, "capacity_m3s": 0.034844300305034812, "overflow_q_m3s": 0.10053069927110993, "overflow_volume_m3": 180.95525868799788, "capacity_source": "synthetic_manning_scenario", "capacity_is_observed": 0, "source_type": "prototype_drainage_capacity_overflow" }, "geometry": { "type": "Point", "coordinates": [ 377777.791000000026543, 2046771.903 ] } },
{ "type": "Feature", "properties": { "interval_id": "030_060", "scenario_id": "rajendra_nagar_heavy_rain_demo", "start_min": 30, "end_min": 60, "duration_s": 1800, "drain_node_id": "RN_DNODE_00486", "outgoing_drain_id": "RN_DRAIN_00209", "total_q_m3s": 0.32656250450346203, "capacity_m3s": 0.034844300305034812, "overflow_q_m3s": 0.2917182041984272, "overflow_volume_m3": 525.09276755716894, "capacity_source": "synthetic_manning_scenario", "capacity_is_observed": 0, "source_type": "prototype_drainage_capacity_overflow" }, "geometry": { "type": "Point", "coordinates": [ 378077.791000000026543, 2046381.903 ] } },
{ "type": "Feature", "properties": { "interval_id": "030_060", "scenario_id": "rajendra_nagar_heavy_rain_demo", "start_min": 30, "end_min": 60, "duration_s": 1800, "drain_node_id": "RN_DNODE_00543", "outgoing_drain_id": "RN_DRAIN_00237", "total_q_m3s": 0.07396532506289491, "capacity_m3s": 0.034854282915268278, "overflow_q_m3s": 0.039111042147626632, "overflow_volume_m3": 70.399875865727935, "capacity_source": "synthetic_manning_scenario", "capacity_is_observed": 0, "source_type": "prototype_drainage_capacity_overflow" }, "geometry": { "type": "Point", "coordinates": [ 378407.791000000026543, 2046321.903 ] } },
{ "type": "Feature", "properties": { "interval_id": "030_060", "scenario_id": "rajendra_nagar_heavy_rain_demo", "start_min": 30, "end_min": 60, "duration_s": 1800, "drain_node_id": "RN_DNODE_00385", "outgoing_drain_id": "RN_DRAIN_00305", "total_q_m3s": 0.1120128954947173, "capacity_m3s": 0.034854282915268278, "overflow_q_m3s": 0.077158612579449018, "overflow_volume_m3": 138.88550264300824, "capacity_source": "synthetic_manning_scenario", "capacity_is_observed": 0, "source_type": "prototype_drainage_capacity_overflow" }, "geometry": { "type": "Point", "coordinates": [ 377687.791000000026543, 2046171.903 ] } },
{ "type": "Feature", "properties": { "interval_id": "030_060", "scenario_id": "rajendra_nagar_heavy_rain_demo", "start_min": 30, "end_min": 60, "duration_s": 1800, "drain_node_id": "RN_DNODE_00522", "outgoing_drain_id": "RN_DRAIN_00334", "total_q_m3s": 0.093218750423855246, "capacity_m3s": 0.02637752433631995, "overflow_q_m3s": 0.066841226087535288, "overflow_volume_m3": 120.31420695756351, "capacity_source": "synthetic_manning_scenario", "capacity_is_observed": 0, "source_type": "prototype_drainage_capacity_overflow" }, "geometry": { "type": "Point", "coordinates": [ 378317.791000000026543, 2046141.903 ] } },
{ "type": "Feature", "properties": { "interval_id": "030_060", "scenario_id": "rajendra_nagar_heavy_rain_demo", "start_min": 30, "end_min": 60, "duration_s": 1800, "drain_node_id": "RN_DNODE_00468", "outgoing_drain_id": "RN_DRAIN_00394", "total_q_m3s": 0.45956250376171537, "capacity_m3s": 0.18293911365381266, "overflow_q_m3s": 0.27662339010790271, "overflow_volume_m3": 497.92210219422486, "capacity_source": "synthetic_manning_scenario", "capacity_is_observed": 0, "source_type": "prototype_drainage_capacity_overflow" }, "geometry": { "type": "Point", "coordinates": [ 378017.791000000026543, 2045931.903 ] } },
{ "type": "Feature", "properties": { "interval_id": "030_060", "scenario_id": "rajendra_nagar_heavy_rain_demo", "start_min": 30, "end_min": 60, "duration_s": 1800, "drain_node_id": "RN_DNODE_00427", "outgoing_drain_id": "RN_DRAIN_00457", "total_q_m3s": 0.34912500381469724, "capacity_m3s": 0.034844300305034812, "overflow_q_m3s": 0.31428070350966242, "overflow_volume_m3": 565.70526631739233, "capacity_source": "synthetic_manning_scenario", "capacity_is_observed": 0, "source_type": "prototype_drainage_capacity_overflow" }, "geometry": { "type": "Point", "coordinates": [ 377837.791000000026543, 2045781.903 ] } },
{ "type": "Feature", "properties": { "interval_id": "030_060", "scenario_id": "rajendra_nagar_heavy_rain_demo", "start_min": 30, "end_min": 60, "duration_s": 1800, "drain_node_id": "RN_DNODE_00033", "outgoing_drain_id": "RN_DRAIN_00064", "total_q_m3s": 0.14843750211927625, "capacity_m3s": 0.1272696969192279, "overflow_q_m3s": 0.021167805200048351, "overflow_volume_m3": 38.10204936008703, "capacity_source": "synthetic_manning_scenario", "capacity_is_observed": 0, "source_type": "prototype_drainage_capacity_overflow" }, "geometry": { "type": "Point", "coordinates": [ 376727.791000000026543, 2046681.903 ] } },
{ "type": "Feature", "properties": { "interval_id": "030_060", "scenario_id": "rajendra_nagar_heavy_rain_demo", "start_min": 30, "end_min": 60, "duration_s": 1800, "drain_node_id": "RN_DNODE_00408", "outgoing_drain_id": "RN_DRAIN_00035", "total_q_m3s": 0.10609430030503481, "capacity_m3s": 0.034844300305034812, "overflow_q_m3s": 0.07125, "overflow_volume_m3": 128.25, "capacity_source": "synthetic_manning_scenario", "capacity_is_observed": 0, "source_type": "prototype_drainage_capacity_overflow" }, "geometry": { "type": "Point", "coordinates": [ 377747.791000000026543, 2046801.903 ] } },
{ "type": "Feature", "properties": { "interval_id": "030_060", "scenario_id": "rajendra_nagar_heavy_rain_demo", "start_min": 30, "end_min": 60, "duration_s": 1800, "drain_node_id": "RN_DNODE_00008", "outgoing_drain_id": "RN_DRAIN_00150", "total_q_m3s": 0.040968750847710504, "capacity_m3s": 0.034854282915268278, "overflow_q_m3s": 0.006114467932442226, "overflow_volume_m3": 11.006042278396007, "capacity_source": "synthetic_manning_scenario", "capacity_is_observed": 0, "source_type": "prototype_drainage_capacity_overflow" }, "geometry": { "type": "Point", "coordinates": [ 376547.791000000026543, 2046501.903 ] } },
{ "type": "Feature", "properties": { "interval_id": "030_060", "scenario_id": "rajendra_nagar_heavy_rain_demo", "start_min": 30, "end_min": 60, "duration_s": 1800, "drain_node_id": "RN_DNODE_00423", "outgoing_drain_id": "RN_DRAIN_00183", "total_q_m3s": 0.18815063026754103, "capacity_m3s": 0.048322011957489273, "overflow_q_m3s": 0.13982861831005175, "overflow_volume_m3": 251.69151295809314, "capacity_source": "synthetic_manning_scenario", "capacity_is_observed": 0, "source_type": "prototype_drainage_capacity_overflow" }, "geometry": { "type": "Point", "coordinates": [ 377807.791000000026543, 2046441.903 ] } },
{ "type": "Feature", "properties": { "interval_id": "030_060", "scenario_id": "rajendra_nagar_heavy_rain_demo", "start_min": 30, "end_min": 60, "duration_s": 1800, "drain_node_id": "RN_DNODE_00477", "outgoing_drain_id": "RN_DRAIN_00195", "total_q_m3s": 0.065719300728890068, "capacity_m3s": 0.034854282915268278, "overflow_q_m3s": 0.03086501781362179, "overflow_volume_m3": 55.55703206451922, "capacity_source": "synthetic_manning_scenario", "capacity_is_observed": 0, "source_type": "prototype_drainage_capacity_overflow" }, "geometry": { "type": "Point", "coordinates": [ 378047.791000000026543, 2046411.903 ] } },
{ "type": "Feature", "properties": { "interval_id": "030_060", "scenario_id": "rajendra_nagar_heavy_rain_demo", "start_min": 30, "end_min": 60, "duration_s": 1800, "drain_node_id": "RN_DNODE_00007", "outgoing_drain_id": "RN_DRAIN_00199", "total_q_m3s": 0.090843749576144744, "capacity_m3s": 0.034854282915268278, "overflow_q_m3s": 0.055989466660876466, "overflow_volume_m3": 100.78103998957764, "capacity_source": "synthetic_manning_scenario", "capacity_is_observed": 0, "source_type": "prototype_drainage_capacity_overflow" }, "geometry": { "type": "Point", "coordinates": [ 376547.791000000026543, 2046381.903 ] } },
{ "type": "Feature", "properties": { "interval_id": "030_060", "scenario_id": "rajendra_nagar_heavy_rain_demo", "start_min": 30, "end_min": 60, "duration_s": 1800, "drain_node_id": "RN_DNODE_00469", "outgoing_drain_id": "RN_DRAIN_00383", "total_q_m3s": 0.23340786577308892, "capacity_m3s": 0.13538121427716859, "overflow_q_m3s": 0.098026651495920325, "overflow_volume_m3": 176.44797269265658, "capacity_source": "synthetic_manning_scenario", "capacity_is_observed": 0, "source_type": "prototype_drainage_capacity_overflow" }, "geometry": { "type": "Point", "coordinates": [ 378017.791000000026543, 2045961.903 ] } },
{ "type": "Feature", "properties": { "interval_id": "030_060", "scenario_id": "rajendra_nagar_heavy_rain_demo", "start_min": 30, "end_min": 60, "duration_s": 1800, "drain_node_id": "RN_DNODE_00032", "outgoing_drain_id": "RN_DRAIN_00072", "total_q_m3s": 0.17714469776693842, "capacity_m3s": 0.12723324562335805, "overflow_q_m3s": 0.049911452143580365, "overflow_volume_m3": 89.840613858444655, "capacity_source": "synthetic_manning_scenario", "capacity_is_observed": 0, "source_type": "prototype_drainage_capacity_overflow" }, "geometry": { "type": "Point", "coordinates": [ 376727.791000000026543, 2046651.903 ] } },
{ "type": "Feature", "properties": { "interval_id": "030_060", "scenario_id": "rajendra_nagar_heavy_rain_demo", "start_min": 30, "end_min": 60, "duration_s": 1800, "drain_node_id": "RN_DNODE_00011", "outgoing_drain_id": "RN_DRAIN_00151", "total_q_m3s": 0.14766678370999686, "capacity_m3s": 0.034854282915268278, "overflow_q_m3s": 0.11281250079472858, "overflow_volume_m3": 203.06250143051145, "capacity_source": "synthetic_manning_scenario", "capacity_is_observed": 0, "source_type": "prototype_drainage_capacity_overflow" }, "geometry": { "type": "Point", "coordinates": [ 376577.791000000026543, 2046501.903 ] } },
{ "type": "Feature", "properties": { "interval_id": "030_060", "scenario_id": "rajendra_nagar_heavy_rain_demo", "start_min": 30, "end_min": 60, "duration_s": 1800, "drain_node_id": "RN_DNODE_00096", "outgoing_drain_id": "RN_DRAIN_00186", "total_q_m3s": 0.35470307228871611, "capacity_m3s": 0.151090496238554, "overflow_q_m3s": 0.20361257605016211, "overflow_volume_m3": 366.5026368902918, "capacity_source": "synthetic_manning_scenario", "capacity_is_observed": 0, "source_type": "prototype_drainage_capacity_overflow" }, "geometry": { "type": "Point", "coordinates": [ 376967.791000000026543, 2046411.903 ] } },
{ "type": "Feature", "properties": { "interval_id": "030_060", "scenario_id": "rajendra_nagar_heavy_rain_demo", "start_min": 30, "end_min": 60, "duration_s": 1800, "drain_node_id": "RN_DNODE_00478", "outgoing_drain_id": "RN_DRAIN_00185", "total_q_m3s": 0.066323032491413025, "capacity_m3s": 0.034854282915268278, "overflow_q_m3s": 0.031468749576144747, "overflow_volume_m3": 56.643749237060547, "capacity_source": "synthetic_manning_scenario", "capacity_is_observed": 0, "source_type": "prototype_drainage_capacity_overflow" }, "geometry": { "type": "Point", "coordinates": [ 378047.791000000026543, 2046441.903 ] } },
{ "type": "Feature", "properties": { "interval_id": "030_060", "scenario_id": "rajendra_nagar_heavy_rain_demo", "start_min": 30, "end_min": 60, "duration_s": 1800, "drain_node_id": "RN_DNODE_00010", "outgoing_drain_id": "RN_DRAIN_00200", "total_q_m3s": 0.08591678418683403, "capacity_m3s": 0.034844300305034812, "overflow_q_m3s": 0.051072483881799219, "overflow_volume_m3": 91.930470987238593, "capacity_source": "synthetic_manning_scenario", "capacity_is_observed": 0, "source_type": "prototype_drainage_capacity_overflow" }, "geometry": { "type": "Point", "coordinates": [ 376577.791000000026543, 2046381.903 ] } },
{ "type": "Feature", "properties": { "interval_id": "030_060", "scenario_id": "rajendra_nagar_heavy_rain_demo", "start_min": 30, "end_min": 60, "duration_s": 1800, "drain_node_id": "RN_DNODE_00549", "outgoing_drain_id": "RN_DRAIN_00386", "total_q_m3s": 0.097375002966986757, "capacity_m3s": 0.034854282915268278, "overflow_q_m3s": 0.062520720051718479, "overflow_volume_m3": 112.53729609309326, "capacity_source": "synthetic_manning_scenario", "capacity_is_observed": 0, "source_type": "prototype_drainage_capacity_overflow" }, "geometry": { "type": "Point", "coordinates": [ 378497.791000000026543, 2045961.903 ] } },
{ "type": "Feature", "properties": { "interval_id": "030_060", "scenario_id": "rajendra_nagar_heavy_rain_demo", "start_min": 30, "end_min": 60, "duration_s": 1800, "drain_node_id": "RN_DNODE_00206", "outgoing_drain_id": "RN_DRAIN_00517", "total_q_m3s": 0.10212500042385525, "capacity_m3s": 0.034854282915268278, "overflow_q_m3s": 0.067270717508586972, "overflow_volume_m3": 121.08729151545656, "capacity_source": "synthetic_manning_scenario", "capacity_is_observed": 0, "source_type": "prototype_drainage_capacity_overflow" }, "geometry": { "type": "Point", "coordinates": [ 377207.791000000026543, 2045601.903 ] } },
{ "type": "Feature", "properties": { "interval_id": "030_060", "scenario_id": "rajendra_nagar_heavy_rain_demo", "start_min": 30, "end_min": 60, "duration_s": 1800, "drain_node_id": "RN_DNODE_00425", "outgoing_drain_id": "RN_DRAIN_00493", "total_q_m3s": 0.38653125762939455, "capacity_m3s": 0.36701701471119386, "overflow_q_m3s": 0.019514242918200697, "overflow_volume_m3": 35.125637252761251, "capacity_source": "synthetic_manning_scenario", "capacity_is_observed": 0, "source_type": "prototype_drainage_capacity_overflow" }, "geometry": { "type": "Point", "coordinates": [ 377837.791000000026543, 2045691.903 ] } },
{ "type": "Feature", "properties": { "interval_id": "030_060", "scenario_id": "rajendra_nagar_heavy_rain_demo", "start_min": 30, "end_min": 60, "duration_s": 1800, "drain_node_id": "RN_DNODE_00328", "outgoing_drain_id": "RN_DRAIN_00530", "total_q_m3s": 0.13816678376297878, "capacity_m3s": 0.1272696969192279, "overflow_q_m3s": 0.010897086843750875, "overflow_volume_m3": 19.614756318751574, "capacity_source": "synthetic_manning_scenario", "capacity_is_observed": 0, "source_type": "prototype_drainage_capacity_overflow" }, "geometry": { "type": "Point", "coordinates": [ 377477.791000000026543, 2045571.903 ] } },
{ "type": "Feature", "properties": { "interval_id": "030_060", "scenario_id": "rajendra_nagar_heavy_rain_demo", "start_min": 30, "end_min": 60, "duration_s": 1800, "drain_node_id": "RN_DNODE_00016", "outgoing_drain_id": "RN_DRAIN_00152", "total_q_m3s": 0.044948033339123533, "capacity_m3s": 0.041008355864427033, "overflow_q_m3s": 0.0039396774746964999, "overflow_volume_m3": 7.0914194544536997, "capacity_source": "synthetic_manning_scenario", "capacity_is_observed": 0, "source_type": "prototype_drainage_capacity_overflow" }, "geometry": { "type": "Point", "coordinates": [ 376607.791000000026543, 2046501.903 ] } },
{ "type": "Feature", "properties": { "interval_id": "030_060", "scenario_id": "rajendra_nagar_heavy_rain_demo", "start_min": 30, "end_min": 60, "duration_s": 1800, "drain_node_id": "RN_DNODE_00407", "outgoing_drain_id": "RN_DRAIN_00170", "total_q_m3s": 0.11779076238134453, "capacity_m3s": 0.034854282915268278, "overflow_q_m3s": 0.082936479466076254, "overflow_volume_m3": 149.28566303893726, "capacity_source": "synthetic_manning_scenario", "capacity_is_observed": 0, "source_type": "prototype_drainage_capacity_overflow" }, "geometry": { "type": "Point", "coordinates": [ 377747.791000000026543, 2046471.903 ] } },
{ "type": "Feature", "properties": { "interval_id": "030_060", "scenario_id": "rajendra_nagar_heavy_rain_demo", "start_min": 30, "end_min": 60, "duration_s": 1800, "drain_node_id": "RN_DNODE_00104", "outgoing_drain_id": "RN_DRAIN_00187", "total_q_m3s": 0.18077799623855401, "capacity_m3s": 0.044467843567026905, "overflow_q_m3s": 0.1363101526715271, "overflow_volume_m3": 245.35827480874877, "capacity_source": "synthetic_manning_scenario", "capacity_is_observed": 0, "source_type": "prototype_drainage_capacity_overflow" }, "geometry": { "type": "Point", "coordinates": [ 376997.791000000026543, 2046411.903 ] } },
{ "type": "Feature", "properties": { "interval_id": "030_060", "scenario_id": "rajendra_nagar_heavy_rain_demo", "start_min": 30, "end_min": 60, "duration_s": 1800, "drain_node_id": "RN_DNODE_00015", "outgoing_drain_id": "RN_DRAIN_00210", "total_q_m3s": 0.084125552000455822, "capacity_m3s": 0.034854282915268278, "overflow_q_m3s": 0.049271269085187544, "overflow_volume_m3": 88.688284353337579, "capacity_source": "synthetic_manning_scenario", "capacity_is_observed": 0, "source_type": "prototype_drainage_capacity_overflow" }, "geometry": { "type": "Point", "coordinates": [ 376607.791000000026543, 2046351.903 ] } },
{ "type": "Feature", "properties": { "interval_id": "030_060", "scenario_id": "rajendra_nagar_heavy_rain_demo", "start_min": 30, "end_min": 60, "duration_s": 1800, "drain_node_id": "RN_DNODE_00548", "outgoing_drain_id": "RN_DRAIN_00252", "total_q_m3s": 0.21475054988117959, "capacity_m3s": 0.18704808214959012, "overflow_q_m3s": 0.027702467731589464, "overflow_volume_m3": 49.864441916861033, "capacity_source": "synthetic_manning_scenario", "capacity_is_observed": 0, "source_type": "prototype_drainage_capacity_overflow" }, "geometry": { "type": "Point", "coordinates": [ 378467.791000000026543, 2046291.903 ] } },
{ "type": "Feature", "properties": { "interval_id": "030_060", "scenario_id": "rajendra_nagar_heavy_rain_demo", "start_min": 30, "end_min": 60, "duration_s": 1800, "drain_node_id": "RN_DNODE_00458", "outgoing_drain_id": "RN_DRAIN_00368", "total_q_m3s": 0.4280999702111421, "capacity_m3s": 0.39165618549325898, "overflow_q_m3s": 0.036443784717883121, "overflow_volume_m3": 65.598812492189623, "capacity_source": "synthetic_manning_scenario", "capacity_is_observed": 0, "source_type": "prototype_drainage_capacity_overflow" }, "geometry": { "type": "Point", "coordinates": [ 377987.791000000026543, 2046021.903 ] } },
{ "type": "Feature", "properties": { "interval_id": "030_060", "scenario_id": "rajendra_nagar_heavy_rain_demo", "start_min": 30, "end_min": 60, "duration_s": 1800, "drain_node_id": "RN_DNODE_00547", "outgoing_drain_id": "RN_DRAIN_00385", "total_q_m3s": 0.065135534186834029, "capacity_m3s": 0.034854282915268278, "overflow_q_m3s": 0.030281251271565751, "overflow_volume_m3": 54.506252288818352, "capacity_source": "synthetic_manning_scenario", "capacity_is_observed": 0, "source_type": "prototype_drainage_capacity_overflow" }, "geometry": { "type": "Point", "coordinates": [ 378467.791000000026543, 2045961.903 ] } },
{ "type": "Feature", "properties": { "interval_id": "030_060", "scenario_id": "rajendra_nagar_heavy_rain_demo", "start_min": 30, "end_min": 60, "duration_s": 1800, "drain_node_id": "RN_DNODE_00068", "outgoing_drain_id": "RN_DRAIN_00433", "total_q_m3s": 0.13121875127156576, "capacity_m3s": 0.1272696969192279, "overflow_q_m3s": 0.0039490543523378607, "overflow_volume_m3": 7.1082978342081491, "capacity_source": "synthetic_manning_scenario", "capacity_is_observed": 0, "source_type": "prototype_drainage_capacity_overflow" }, "geometry": { "type": "Point", "coordinates": [ 376877.791000000026543, 2045811.903 ] } },
{ "type": "Feature", "properties": { "interval_id": "030_060", "scenario_id": "rajendra_nagar_heavy_rain_demo", "start_min": 30, "end_min": 60, "duration_s": 1800, "drain_node_id": "RN_DNODE_00180", "outgoing_drain_id": "RN_DRAIN_00516", "total_q_m3s": 0.14529178206755777, "capacity_m3s": 0.034844300305034812, "overflow_q_m3s": 0.11044748176252296, "overflow_volume_m3": 198.80546717254134, "capacity_source": "synthetic_manning_scenario", "capacity_is_observed": 0, "source_type": "prototype_drainage_capacity_overflow" }, "geometry": { "type": "Point", "coordinates": [ 377177.791000000026543, 2045601.903 ] } },
{ "type": "Feature", "properties": { "interval_id": "030_060", "scenario_id": "rajendra_nagar_heavy_rain_demo", "start_min": 30, "end_min": 60, "duration_s": 1800, "drain_node_id": "RN_DNODE_00050", "outgoing_drain_id": "RN_DRAIN_00082", "total_q_m3s": 0.17651449731877905, "capacity_m3s": 0.1272696969192279, "overflow_q_m3s": 0.049244800399551147, "overflow_volume_m3": 88.640640719192064, "capacity_source": "synthetic_manning_scenario", "capacity_is_observed": 0, "source_type": "prototype_drainage_capacity_overflow" }, "geometry": { "type": "Point", "coordinates": [ 376787.791000000026543, 2046621.903 ] } },
{ "type": "Feature", "properties": { "interval_id": "030_060", "scenario_id": "rajendra_nagar_heavy_rain_demo", "start_min": 30, "end_min": 60, "duration_s": 1800, "drain_node_id": "RN_DNODE_00504", "outgoing_drain_id": "RN_DRAIN_00053", "total_q_m3s": 0.76771875593397354, "capacity_m3s": 0.15694054372586286, "overflow_q_m3s": 0.61077821220811068, "overflow_volume_m3": 1099.4007819745993, "capacity_source": "synthetic_manning_scenario", "capacity_is_observed": 0, "source_type": "prototype_drainage_capacity_overflow" }, "geometry": { "type": "Point", "coordinates": [ 378257.791000000026543, 2046741.903 ] } },
{ "type": "Feature", "properties": { "interval_id": "030_060", "scenario_id": "rajendra_nagar_heavy_rain_demo", "start_min": 30, "end_min": 60, "duration_s": 1800, "drain_node_id": "RN_DNODE_00019", "outgoing_drain_id": "RN_DRAIN_00153", "total_q_m3s": 0.090289605440571782, "capacity_m3s": 0.034854282915268278, "overflow_q_m3s": 0.055435322525303504, "overflow_volume_m3": 99.783580545546315, "capacity_source": "synthetic_manning_scenario", "capacity_is_observed": 0, "source_type": "prototype_drainage_capacity_overflow" }, "geometry": { "type": "Point", "coordinates": [ 376637.791000000026543, 2046501.903 ] } },
{ "type": "Feature", "properties": { "interval_id": "030_060", "scenario_id": "rajendra_nagar_heavy_rain_demo", "start_min": 30, "end_min": 60, "duration_s": 1800, "drain_node_id": "RN_DNODE_00397", "outgoing_drain_id": "RN_DRAIN_00169", "total_q_m3s": 0.17616678672996555, "capacity_m3s": 0.034844300305034812, "overflow_q_m3s": 0.14132248642493073, "overflow_volume_m3": 254.3804755648753, "capacity_source": "synthetic_manning_scenario", "capacity_is_observed": 0, "source_type": "prototype_drainage_capacity_overflow" }, "geometry": { "type": "Point", "coordinates": [ 377717.791000000026543, 2046471.903 ] } },
{ "type": "Feature", "properties": { "interval_id": "030_060", "scenario_id": "rajendra_nagar_heavy_rain_demo", "start_min": 30, "end_min": 60, "duration_s": 1800, "drain_node_id": "RN_DNODE_00480", "outgoing_drain_id": "RN_DRAIN_00160", "total_q_m3s": 0.097198032915268281, "capacity_m3s": 0.062336960286670622, "overflow_q_m3s": 0.03486107262859766, "overflow_volume_m3": 62.749930731475786, "capacity_source": "synthetic_manning_scenario", "capacity_is_observed": 0, "source_type": "prototype_drainage_capacity_overflow" }, "geometry": { "type": "Point", "coordinates": [ 378047.791000000026543, 2046501.903 ] } },
{ "type": "Feature", "properties": { "interval_id": "030_060", "scenario_id": "rajendra_nagar_heavy_rain_demo", "start_min": 30, "end_min": 60, "duration_s": 1800, "drain_node_id": "RN_DNODE_00018", "outgoing_drain_id": "RN_DRAIN_00220", "total_q_m3s": 0.16666678333912355, "capacity_m3s": 0.12723324562335805, "overflow_q_m3s": 0.039433537715765493, "overflow_volume_m3": 70.980367888377884, "capacity_source": "synthetic_manning_scenario", "capacity_is_observed": 0, "source_type": "prototype_drainage_capacity_overflow" }, "geometry": { "type": "Point", "coordinates": [ 376637.791000000026543, 2046321.903 ] } },
{ "type": "Feature", "properties": { "interval_id": "030_060", "scenario_id": "rajendra_nagar_heavy_rain_demo", "start_min": 30, "end_min": 60, "duration_s": 1800, "drain_node_id": "RN_DNODE_00017", "outgoing_drain_id": "RN_DRAIN_00240", "total_q_m3s": 0.17396874957614475, "capacity_m3s": 0.034854282915268278, "overflow_q_m3s": 0.13911446666087646, "overflow_volume_m3": 250.40603998957764, "capacity_source": "synthetic_manning_scenario", "capacity_is_observed": 0, "source_type": "prototype_drainage_capacity_overflow" }, "geometry": { "type": "Point", "coordinates": [ 376637.791000000026543, 2046291.903 ] } },
{ "type": "Feature", "properties": { "interval_id": "030_060", "scenario_id": "rajendra_nagar_heavy_rain_demo", "start_min": 30, "end_min": 60, "duration_s": 1800, "drain_node_id": "RN_DNODE_00111", "outgoing_drain_id": "RN_DRAIN_00285", "total_q_m3s": 0.60146875169542102, "capacity_m3s": 0.034844300305034812, "overflow_q_m3s": 0.5666244513903862, "overflow_volume_m3": 1019.9240125026952, "capacity_source": "synthetic_manning_scenario", "capacity_is_observed": 0, "source_type": "prototype_drainage_capacity_overflow" }, "geometry": { "type": "Point", "coordinates": [ 377027.791000000026543, 2046201.903 ] } },
{ "type": "Feature", "properties": { "interval_id": "030_060", "scenario_id": "rajendra_nagar_heavy_rain_demo", "start_min": 30, "end_min": 60, "duration_s": 1800, "drain_node_id": "RN_DNODE_00454", "outgoing_drain_id": "RN_DRAIN_00359", "total_q_m3s": 0.68912493676482467, "capacity_m3s": 0.48087166299014095, "overflow_q_m3s": 0.20825327377468372, "overflow_volume_m3": 374.8558927944307, "capacity_source": "synthetic_manning_scenario", "capacity_is_observed": 0, "source_type": "prototype_drainage_capacity_overflow" }, "geometry": { "type": "Point", "coordinates": [ 377957.791000000026543, 2046051.903 ] } },
{ "type": "Feature", "properties": { "interval_id": "030_060", "scenario_id": "rajendra_nagar_heavy_rain_demo", "start_min": 30, "end_min": 60, "duration_s": 1800, "drain_node_id": "RN_DNODE_00544", "outgoing_drain_id": "RN_DRAIN_00384", "total_q_m3s": 0.26819803672996556, "capacity_m3s": 0.15013191509707569, "overflow_q_m3s": 0.11806612163288988, "overflow_volume_m3": 212.51901893920177, "capacity_source": "synthetic_manning_scenario", "capacity_is_observed": 0, "source_type": "prototype_drainage_capacity_overflow" }, "geometry": { "type": "Point", "coordinates": [ 378437.791000000026543, 2045961.903 ] } },
{ "type": "Feature", "properties": { "interval_id": "030_060", "scenario_id": "rajendra_nagar_heavy_rain_demo", "start_min": 30, "end_min": 60, "duration_s": 1800, "drain_node_id": "RN_DNODE_00411", "outgoing_drain_id": "RN_DRAIN_00479", "total_q_m3s": 0.49033006798321543, "capacity_m3s": 0.30124813859248456, "overflow_q_m3s": 0.18908192939073087, "overflow_volume_m3": 340.34747290331558, "capacity_source": "synthetic_manning_scenario", "capacity_is_observed": 0, "source_type": "prototype_drainage_capacity_overflow" }, "geometry": { "type": "Point", "coordinates": [ 377777.791000000026543, 2045721.903 ] } },
{ "type": "Feature", "properties": { "interval_id": "030_060", "scenario_id": "rajendra_nagar_heavy_rain_demo", "start_min": 30, "end_min": 60, "duration_s": 1800, "drain_node_id": "RN_DNODE_00467", "outgoing_drain_id": "RN_DRAIN_00017", "total_q_m3s": 0.19415625254313151, "capacity_m3s": 0.034854282915268278, "overflow_q_m3s": 0.15930196962786325, "overflow_volume_m3": 286.74354533015384, "capacity_source": "synthetic_manning_scenario", "capacity_is_observed": 0, "source_type": "prototype_drainage_capacity_overflow" }, "geometry": { "type": "Point", "coordinates": [ 377987.791000000026543, 2046861.903 ] } },
{ "type": "Feature", "properties": { "interval_id": "030_060", "scenario_id": "rajendra_nagar_heavy_rain_demo", "start_min": 30, "end_min": 60, "duration_s": 1800, "drain_node_id": "RN_DNODE_00387", "outgoing_drain_id": "RN_DRAIN_00004", "total_q_m3s": 0.034844300305034812, "capacity_m3s": 0.02637752433631995, "overflow_q_m3s": 0.0084667759687148611, "overflow_volume_m3": 15.24019674368675, "capacity_source": "synthetic_manning_scenario", "capacity_is_observed": 0, "source_type": "prototype_drainage_capacity_overflow" }, "geometry": { "type": "Point", "coordinates": [ 377687.791000000026543, 2046921.903 ] } },
{ "type": "Feature", "properties": { "interval_id": "030_060", "scenario_id": "rajendra_nagar_heavy_rain_demo", "start_min": 30, "end_min": 60, "duration_s": 1800, "drain_node_id": "RN_DNODE_00023", "outgoing_drain_id": "RN_DRAIN_00154", "total_q_m3s": 0.18447928333912356, "capacity_m3s": 0.034854282915268278, "overflow_q_m3s": 0.14962500042385529, "overflow_volume_m3": 269.32500076293951, "capacity_source": "synthetic_manning_scenario", "capacity_is_observed": 0, "source_type": "prototype_drainage_capacity_overflow" }, "geometry": { "type": "Point", "coordinates": [ 376667.791000000026543, 2046501.903 ] } },
{ "type": "Feature", "properties": { "interval_id": "030_060", "scenario_id": "rajendra_nagar_heavy_rain_demo", "start_min": 30, "end_min": 60, "duration_s": 1800, "drain_node_id": "RN_DNODE_00386", "outgoing_drain_id": "RN_DRAIN_00159", "total_q_m3s": 0.08709429988117956, "capacity_m3s": 0.068286718630626422, "overflow_q_m3s": 0.018807581250553138, "overflow_volume_m3": 33.853646250995645, "capacity_source": "synthetic_manning_scenario", "capacity_is_observed": 0, "source_type": "prototype_drainage_capacity_overflow" }, "geometry": { "type": "Point", "coordinates": [ 377687.791000000026543, 2046501.903 ] } },
{ "type": "Feature", "properties": { "interval_id": "030_060", "scenario_id": "rajendra_nagar_heavy_rain_demo", "start_min": 30, "end_min": 60, "duration_s": 1800, "drain_node_id": "RN_DNODE_00481", "outgoing_drain_id": "RN_DRAIN_00147", "total_q_m3s": 0.15258696071052588, "capacity_m3s": 0.034854282915268278, "overflow_q_m3s": 0.1177326777952576, "overflow_volume_m3": 211.9188200314637, "capacity_source": "synthetic_manning_scenario", "capacity_is_observed": 0, "source_type": "prototype_drainage_capacity_overflow" }, "geometry": { "type": "Point", "coordinates": [ 378047.791000000026543, 2046531.903 ] } },
{ "type": "Feature", "properties": { "interval_id": "030_060", "scenario_id": "rajendra_nagar_heavy_rain_demo", "start_min": 30, "end_min": 60, "duration_s": 1800, "drain_node_id": "RN_DNODE_00542", "outgoing_drain_id": "RN_DRAIN_00267", "total_q_m3s": 0.18704808214959012, "capacity_m3s": 0.034854282915268278, "overflow_q_m3s": 0.15219379923432186, "overflow_volume_m3": 273.94883862177937, "capacity_source": "synthetic_manning_scenario", "capacity_is_observed": 0, "source_type": "prototype_drainage_capacity_overflow" }, "geometry": { "type": "Point", "coordinates": [ 378407.791000000026543, 2046261.903 ] } },
{ "type": "Feature", "properties": { "interval_id": "030_060", "scenario_id": "rajendra_nagar_heavy_rain_demo", "start_min": 30, "end_min": 60, "duration_s": 1800, "drain_node_id": "RN_DNODE_00021", "outgoing_drain_id": "RN_DRAIN_00241", "total_q_m3s": 0.22662931145389462, "capacity_m3s": 0.12723324562335805, "overflow_q_m3s": 0.099396065830536562, "overflow_volume_m3": 178.91291849496582, "capacity_source": "synthetic_manning_scenario", "capacity_is_observed": 0, "source_type": "prototype_drainage_capacity_overflow" }, "geometry": { "type": "Point", "coordinates": [ 376667.791000000026543, 2046291.903 ] } },
{ "type": "Feature", "properties": { "interval_id": "030_060", "scenario_id": "rajendra_nagar_heavy_rain_demo", "start_min": 30, "end_min": 60, "duration_s": 1800, "drain_node_id": "RN_DNODE_00540", "outgoing_drain_id": "RN_DRAIN_00378", "total_q_m3s": 0.21069441552093093, "capacity_m3s": 0.1348146985507728, "overflow_q_m3s": 0.075879716970158134, "overflow_volume_m3": 136.58349054628465, "capacity_source": "synthetic_manning_scenario", "capacity_is_observed": 0, "source_type": "prototype_drainage_capacity_overflow" }, "geometry": { "type": "Point", "coordinates": [ 378407.791000000026543, 2045991.903 ] } },
{ "type": "Feature", "properties": { "interval_id": "030_060", "scenario_id": "rajendra_nagar_heavy_rain_demo", "start_min": 30, "end_min": 60, "duration_s": 1800, "drain_node_id": "RN_DNODE_00404", "outgoing_drain_id": "RN_DRAIN_00478", "total_q_m3s": 0.33924813944019505, "capacity_m3s": 0.30124813859248456, "overflow_q_m3s": 0.038000000847710491, "overflow_volume_m3": 68.400001525878878, "capacity_source": "synthetic_manning_scenario", "capacity_is_observed": 0, "source_type": "prototype_drainage_capacity_overflow" }, "geometry": { "type": "Point", "coordinates": [ 377747.791000000026543, 2045721.903 ] } },
{ "type": "Feature", "properties": { "interval_id": "030_060", "scenario_id": "rajendra_nagar_heavy_rain_demo", "start_min": 30, "end_min": 60, "duration_s": 1800, "drain_node_id": "RN_DNODE_00027", "outgoing_drain_id": "RN_DRAIN_00155", "total_q_m3s": 0.097198032915268281, "capacity_m3s": 0.034844300305034812, "overflow_q_m3s": 0.06235373261023347, "overflow_volume_m3": 112.23671869842025, "capacity_source": "synthetic_manning_scenario", "capacity_is_observed": 0, "source_type": "prototype_drainage_capacity_overflow" }, "geometry": { "type": "Point", "coordinates": [ 376697.791000000026543, 2046501.903 ] } },
{ "type": "Feature", "properties": { "interval_id": "030_060", "scenario_id": "rajendra_nagar_heavy_rain_demo", "start_min": 30, "end_min": 60, "duration_s": 1800, "drain_node_id": "RN_DNODE_00378", "outgoing_drain_id": "RN_DRAIN_00146", "total_q_m3s": 0.13063046863062644, "capacity_m3s": 0.12524186330580878, "overflow_q_m3s": 0.0053886053248176635, "overflow_volume_m3": 9.6994895846717952, "capacity_source": "synthetic_manning_scenario", "capacity_is_observed": 0, "source_type": "prototype_drainage_capacity_overflow" }, "geometry": { "type": "Point", "coordinates": [ 377657.791000000026543, 2046531.903 ] } },
{ "type": "Feature", "properties": { "interval_id": "030_060", "scenario_id": "rajendra_nagar_heavy_rain_demo", "start_min": 30, "end_min": 60, "duration_s": 1800, "drain_node_id": "RN_DNODE_00482", "outgoing_drain_id": "RN_DRAIN_00134", "total_q_m3s": 0.055041783762978781, "capacity_m3s": 0.034844300305034812, "overflow_q_m3s": 0.02019748345794397, "overflow_volume_m3": 36.355470224299147, "capacity_source": "synthetic_manning_scenario", "capacity_is_observed": 0, "source_type": "prototype_drainage_capacity_overflow" }, "geometry": { "type": "Point", "coordinates": [ 378047.791000000026543, 2046561.903 ] } },
{ "type": "Feature", "properties": { "interval_id": "030_060", "scenario_id": "rajendra_nagar_heavy_rain_demo", "start_min": 30, "end_min": 60, "duration_s": 1800, "drain_node_id": "RN_DNODE_00069", "outgoing_drain_id": "RN_DRAIN_00421", "total_q_m3s": 0.80274999698003136, "capacity_m3s": 0.12723324562335805, "overflow_q_m3s": 0.67551675135667333, "overflow_volume_m3": 1215.9301524420121, "capacity_source": "synthetic_manning_scenario", "capacity_is_observed": 0, "source_type": "prototype_drainage_capacity_overflow" }, "geometry": { "type": "Point", "coordinates": [ 376877.791000000026543, 2045841.903 ] } },
{ "type": "Feature", "properties": { "interval_id": "030_060", "scenario_id": "rajendra_nagar_heavy_rain_demo", "start_min": 30, "end_min": 60, "duration_s": 1800, "drain_node_id": "RN_DNODE_00536", "outgoing_drain_id": "RN_DRAIN_00369", "total_q_m3s": 0.26128345024619382, "capacity_m3s": 0.18393770855067063, "overflow_q_m3s": 0.07734574169552319, "overflow_volume_m3": 139.22233505194174, "capacity_source": "synthetic_manning_scenario", "capacity_is_observed": 0, "source_type": "prototype_drainage_capacity_overflow" }, "geometry": { "type": "Point", "coordinates": [ 378377.791000000026543, 2046021.903 ] } },
{ "type": "Feature", "properties": { "interval_id": "030_060", "scenario_id": "rajendra_nagar_heavy_rain_demo", "start_min": 30, "end_min": 60, "duration_s": 1800, "drain_node_id": "RN_DNODE_00141", "outgoing_drain_id": "RN_DRAIN_00485", "total_q_m3s": 0.075813051152745309, "capacity_m3s": 0.02637752433631995, "overflow_q_m3s": 0.049435526816425358, "overflow_volume_m3": 88.983948269565644, "capacity_source": "synthetic_manning_scenario", "capacity_is_observed": 0, "source_type": "prototype_drainage_capacity_overflow" }, "geometry": { "type": "Point", "coordinates": [ 377117.791000000026543, 2045691.903 ] } },
{ "type": "Feature", "properties": { "interval_id": "030_060", "scenario_id": "rajendra_nagar_heavy_rain_demo", "start_min": 30, "end_min": 60, "duration_s": 1800, "drain_node_id": "RN_DNODE_00391", "outgoing_drain_id": "RN_DRAIN_00477", "total_q_m3s": 0.66462314113561605, "capacity_m3s": 0.30124813859248456, "overflow_q_m3s": 0.36337500254313149, "overflow_volume_m3": 654.07500457763672, "capacity_source": "synthetic_manning_scenario", "capacity_is_observed": 0, "source_type": "prototype_drainage_capacity_overflow" }, "geometry": { "type": "Point", "coordinates": [ 377717.791000000026543, 2045721.903 ] } },
{ "type": "Feature", "properties": { "interval_id": "030_060", "scenario_id": "rajendra_nagar_heavy_rain_demo", "start_min": 30, "end_min": 60, "duration_s": 1800, "drain_node_id": "RN_DNODE_00025", "outgoing_drain_id": "RN_DRAIN_00270", "total_q_m3s": 0.15870199519950279, "capacity_m3s": 0.12723324562335805, "overflow_q_m3s": 0.031468749576144733, "overflow_volume_m3": 56.643749237060518, "capacity_source": "synthetic_manning_scenario", "capacity_is_observed": 0, "source_type": "prototype_drainage_capacity_overflow" }, "geometry": { "type": "Point", "coordinates": [ 376697.791000000026543, 2046231.903 ] } },
{ "type": "Feature", "properties": { "interval_id": "030_060", "scenario_id": "rajendra_nagar_heavy_rain_demo", "start_min": 30, "end_min": 60, "duration_s": 1800, "drain_node_id": "RN_DNODE_00174", "outgoing_drain_id": "RN_DRAIN_00156", "total_q_m3s": 0.073561594414737405, "capacity_m3s": 0.034844300305034812, "overflow_q_m3s": 0.038717294109702594, "overflow_volume_m3": 69.691129397464664, "capacity_source": "synthetic_manning_scenario", "capacity_is_observed": 0, "source_type": "prototype_drainage_capacity_overflow" }, "geometry": { "type": "Point", "coordinates": [ 377147.791000000026543, 2046501.903 ] } },
{ "type": "Feature", "properties": { "interval_id": "030_060", "scenario_id": "rajendra_nagar_heavy_rain_demo", "start_min": 30, "end_min": 60, "duration_s": 1800, "drain_node_id": "RN_DNODE_00273", "outgoing_drain_id": "RN_DRAIN_00500", "total_q_m3s": 0.44076970020410611, "capacity_m3s": 0.38825424207139908, "overflow_q_m3s": 0.052515458132707027, "overflow_volume_m3": 94.527824638872644, "capacity_source": "synthetic_manning_scenario", "capacity_is_observed": 0, "source_type": "prototype_drainage_capacity_overflow" }, "geometry": { "type": "Point", "coordinates": [ 377327.791000000026543, 2045661.903 ] } },
{ "type": "Feature", "properties": { "interval_id": "030_060", "scenario_id": "rajendra_nagar_heavy_rain_demo", "start_min": 30, "end_min": 60, "duration_s": 1800, "drain_node_id": "RN_DNODE_00049", "outgoing_drain_id": "RN_DRAIN_00105", "total_q_m3s": 0.13221930327202155, "capacity_m3s": 0.1272696969192279, "overflow_q_m3s": 0.0049496063527936507, "overflow_volume_m3": 8.909291435028571, "capacity_source": "synthetic_manning_scenario", "capacity_is_observed": 0, "source_type": "prototype_drainage_capacity_overflow" }, "geometry": { "type": "Point", "coordinates": [ 376787.791000000026543, 2046591.903 ] } },
{ "type": "Feature", "properties": { "interval_id": "030_060", "scenario_id": "rajendra_nagar_heavy_rain_demo", "start_min": 30, "end_min": 60, "duration_s": 1800, "drain_node_id": "RN_DNODE_00360", "outgoing_drain_id": "RN_DRAIN_00144", "total_q_m3s": 0.20599186245809828, "capacity_m3s": 0.10887560820568472, "overflow_q_m3s": 0.097116254252413561, "overflow_volume_m3": 174.80925765434441, "capacity_source": "synthetic_manning_scenario", "capacity_is_observed": 0, "source_type": "prototype_drainage_capacity_overflow" }, "geometry": { "type": "Point", "coordinates": [ 377567.791000000026543, 2046531.903 ] } },
{ "type": "Feature", "properties": { "interval_id": "030_060", "scenario_id": "rajendra_nagar_heavy_rain_demo", "start_min": 30, "end_min": 60, "duration_s": 1800, "drain_node_id": "RN_DNODE_00460", "outgoing_drain_id": "RN_DRAIN_00077", "total_q_m3s": 0.15715680157660056, "capacity_m3s": 0.1272696969192279, "overflow_q_m3s": 0.029887104657372654, "overflow_volume_m3": 53.79678838327078, "capacity_source": "synthetic_manning_scenario", "capacity_is_observed": 0, "source_type": "prototype_drainage_capacity_overflow" }, "geometry": { "type": "Point", "coordinates": [ 377987.791000000026543, 2046651.903 ] } },
{ "type": "Feature", "properties": { "interval_id": "030_060", "scenario_id": "rajendra_nagar_heavy_rain_demo", "start_min": 30, "end_min": 60, "duration_s": 1800, "drain_node_id": "RN_DNODE_00510", "outgoing_drain_id": "RN_DRAIN_00347", "total_q_m3s": 0.51253398797325356, "capacity_m3s": 0.30124813859248456, "overflow_q_m3s": 0.211285849380769, "overflow_volume_m3": 380.31452888538422, "capacity_source": "synthetic_manning_scenario", "capacity_is_observed": 0, "source_type": "prototype_drainage_capacity_overflow" }, "geometry": { "type": "Point", "coordinates": [ 378287.791000000026543, 2046111.903 ] } },
{ "type": "Feature", "properties": { "interval_id": "030_060", "scenario_id": "rajendra_nagar_heavy_rain_demo", "start_min": 30, "end_min": 60, "duration_s": 1800, "drain_node_id": "RN_DNODE_00353", "outgoing_drain_id": "RN_DRAIN_00143", "total_q_m3s": 0.14806310735797421, "capacity_m3s": 0.034854282915268278, "overflow_q_m3s": 0.11320882444270593, "overflow_volume_m3": 203.77588399687068, "capacity_source": "synthetic_manning_scenario", "capacity_is_observed": 0, "source_type": "prototype_drainage_capacity_overflow" }, "geometry": { "type": "Point", "coordinates": [ 377537.791000000026543, 2046531.903 ] } },
{ "type": "Feature", "properties": { "interval_id": "030_060", "scenario_id": "rajendra_nagar_heavy_rain_demo", "start_min": 30, "end_min": 60, "duration_s": 1800, "drain_node_id": "RN_DNODE_00362", "outgoing_drain_id": "RN_DRAIN_00455", "total_q_m3s": 0.52252994186450619, "capacity_m3s": 0.3425817481644578, "overflow_q_m3s": 0.17994819370004839, "overflow_volume_m3": 323.90674866008709, "capacity_source": "synthetic_manning_scenario", "capacity_is_observed": 0, "source_type": "prototype_drainage_capacity_overflow" }, "geometry": { "type": "Point", "coordinates": [ 377597.791000000026543, 2045781.903 ] } },
{ "type": "Feature", "properties": { "interval_id": "030_060", "scenario_id": "rajendra_nagar_heavy_rain_demo", "start_min": 30, "end_min": 60, "duration_s": 1800, "drain_node_id": "RN_DNODE_00255", "outgoing_drain_id": "RN_DRAIN_00490", "total_q_m3s": 0.39834799249525432, "capacity_m3s": 0.16554197630939951, "overflow_q_m3s": 0.23280601618585481, "overflow_volume_m3": 419.05082913453867, "capacity_source": "synthetic_manning_scenario", "capacity_is_observed": 0, "source_type": "prototype_drainage_capacity_overflow" }, "geometry": { "type": "Point", "coordinates": [ 377267.791000000026543, 2045691.903 ] } },
{ "type": "Feature", "properties": { "interval_id": "030_060", "scenario_id": "rajendra_nagar_heavy_rain_demo", "start_min": 30, "end_min": 60, "duration_s": 1800, "drain_node_id": "RN_DNODE_00344", "outgoing_drain_id": "RN_DRAIN_00142", "total_q_m3s": 0.12569803249141304, "capacity_m3s": 0.10542103561186149, "overflow_q_m3s": 0.020276996879551548, "overflow_volume_m3": 36.498594383192788, "capacity_source": "synthetic_manning_scenario", "capacity_is_observed": 0, "source_type": "prototype_drainage_capacity_overflow" }, "geometry": { "type": "Point", "coordinates": [ 377507.791000000026543, 2046531.903 ] } },
{ "type": "Feature", "properties": { "interval_id": "030_060", "scenario_id": "rajendra_nagar_heavy_rain_demo", "start_min": 30, "end_min": 60, "duration_s": 1800, "drain_node_id": "RN_DNODE_00463", "outgoing_drain_id": "RN_DRAIN_00052", "total_q_m3s": 0.40336345115778044, "capacity_m3s": 0.1272696969192279, "overflow_q_m3s": 0.27609375423855254, "overflow_volume_m3": 496.96875762939459, "capacity_source": "synthetic_manning_scenario", "capacity_is_observed": 0, "source_type": "prototype_drainage_capacity_overflow" }, "geometry": { "type": "Point", "coordinates": [ 377987.791000000026543, 2046741.903 ] } },
{ "type": "Feature", "properties": { "interval_id": "030_060", "scenario_id": "rajendra_nagar_heavy_rain_demo", "start_min": 30, "end_min": 60, "duration_s": 1800, "drain_node_id": "RN_DNODE_00079", "outgoing_drain_id": "RN_DRAIN_00086", "total_q_m3s": 0.45107064828893595, "capacity_m3s": 0.30124813859248456, "overflow_q_m3s": 0.14982250969645139, "overflow_volume_m3": 269.68051745361248, "capacity_source": "synthetic_manning_scenario", "capacity_is_observed": 0, "source_type": "prototype_drainage_capacity_overflow" }, "geometry": { "type": "Point", "coordinates": [ 376907.791000000026543, 2046621.903 ] } },
{ "type": "Feature", "properties": { "interval_id": "030_060", "scenario_id": "rajendra_nagar_heavy_rain_demo", "start_min": 30, "end_min": 60, "duration_s": 1800, "drain_node_id": "RN_DNODE_00502", "outgoing_drain_id": "RN_DRAIN_00332", "total_q_m3s": 0.37095670442302109, "capacity_m3s": 0.30107555299333355, "overflow_q_m3s": 0.069881151429687538, "overflow_volume_m3": 125.78607257343756, "capacity_source": "synthetic_manning_scenario", "capacity_is_observed": 0, "source_type": "prototype_drainage_capacity_overflow" }, "geometry": { "type": "Point", "coordinates": [ 378257.791000000026543, 2046141.903 ] } },
{ "type": "Feature", "properties": { "interval_id": "030_060", "scenario_id": "rajendra_nagar_heavy_rain_demo", "start_min": 30, "end_min": 60, "duration_s": 1800, "drain_node_id": "RN_DNODE_00330", "outgoing_drain_id": "RN_DRAIN_00442", "total_q_m3s": 0.54589677631547506, "capacity_m3s": 0.30124813859248456, "overflow_q_m3s": 0.2446486377229905, "overflow_volume_m3": 440.36754790138292, "capacity_source": "synthetic_manning_scenario", "capacity_is_observed": 0, "source_type": "prototype_drainage_capacity_overflow" }, "geometry": { "type": "Point", "coordinates": [ 377477.791000000026543, 2045811.903 ] } },
{ "type": "Feature", "properties": { "interval_id": "030_060", "scenario_id": "rajendra_nagar_heavy_rain_demo", "start_min": 30, "end_min": 60, "duration_s": 1800, "drain_node_id": "RN_DNODE_00466", "outgoing_drain_id": "RN_DRAIN_00029", "total_q_m3s": 0.22701969649537268, "capacity_m3s": 0.12723324562335805, "overflow_q_m3s": 0.099786450872014626, "overflow_volume_m3": 179.61561156962634, "capacity_source": "synthetic_manning_scenario", "capacity_is_observed": 0, "source_type": "prototype_drainage_capacity_overflow" }, "geometry": { "type": "Point", "coordinates": [ 377987.791000000026543, 2046831.903 ] } },
{ "type": "Feature", "properties": { "interval_id": "030_060", "scenario_id": "rajendra_nagar_heavy_rain_demo", "start_min": 30, "end_min": 60, "duration_s": 1800, "drain_node_id": "RN_DNODE_00314", "outgoing_drain_id": "RN_DRAIN_00441", "total_q_m3s": 0.34162314028790558, "capacity_m3s": 0.30116185815577506, "overflow_q_m3s": 0.040461282132130516, "overflow_volume_m3": 72.830307837834923, "capacity_source": "synthetic_manning_scenario", "capacity_is_observed": 0, "source_type": "prototype_drainage_capacity_overflow" }, "geometry": { "type": "Point", "coordinates": [ 377447.791000000026543, 2045811.903 ] } },
{ "type": "Feature", "properties": { "interval_id": "030_060", "scenario_id": "rajendra_nagar_heavy_rain_demo", "start_min": 30, "end_min": 60, "duration_s": 1800, "drain_node_id": "RN_DNODE_00143", "outgoing_drain_id": "RN_DRAIN_00463", "total_q_m3s": 0.35138572588554429, "capacity_m3s": 0.096316987382127545, "overflow_q_m3s": 0.25506873850341671, "overflow_volume_m3": 459.1237293061501, "capacity_source": "synthetic_manning_scenario", "capacity_is_observed": 0, "source_type": "prototype_drainage_capacity_overflow" }, "geometry": { "type": "Point", "coordinates": [ 377117.791000000026543, 2045751.903 ] } },
{ "type": "Feature", "properties": { "interval_id": "030_060", "scenario_id": "rajendra_nagar_heavy_rain_demo", "start_min": 30, "end_min": 60, "duration_s": 1800, "drain_node_id": "RN_DNODE_00456", "outgoing_drain_id": "RN_DRAIN_00016", "total_q_m3s": 0.31230627811477107, "capacity_m3s": 0.12723324562335805, "overflow_q_m3s": 0.18507303249141302, "overflow_volume_m3": 333.13145848454343, "capacity_source": "synthetic_manning_scenario", "capacity_is_observed": 0, "source_type": "prototype_drainage_capacity_overflow" }, "geometry": { "type": "Point", "coordinates": [ 377957.791000000026543, 2046861.903 ] } },
{ "type": "Feature", "properties": { "interval_id": "030_060", "scenario_id": "rajendra_nagar_heavy_rain_demo", "start_min": 30, "end_min": 60, "duration_s": 1800, "drain_node_id": "RN_DNODE_00296", "outgoing_drain_id": "RN_DRAIN_00428", "total_q_m3s": 0.42763060985119605, "capacity_m3s": 0.30116185815577506, "overflow_q_m3s": 0.12646875169542099, "overflow_volume_m3": 227.64375305175778, "capacity_source": "synthetic_manning_scenario", "capacity_is_observed": 0, "source_type": "prototype_drainage_capacity_overflow" }, "geometry": { "type": "Point", "coordinates": [ 377417.791000000026543, 2045841.903 ] } },
{ "type": "Feature", "properties": { "interval_id": "030_060", "scenario_id": "rajendra_nagar_heavy_rain_demo", "start_min": 30, "end_min": 60, "duration_s": 1800, "drain_node_id": "RN_DNODE_00131", "outgoing_drain_id": "RN_DRAIN_00450", "total_q_m3s": 0.37719745426103346, "capacity_m3s": 0.30116185815577506, "overflow_q_m3s": 0.076035596105258396, "overflow_volume_m3": 136.86407298946511, "capacity_source": "synthetic_manning_scenario", "capacity_is_observed": 0, "source_type": "prototype_drainage_capacity_overflow" }, "geometry": { "type": "Point", "coordinates": [ 377087.791000000026543, 2045781.903 ] } },
{ "type": "Feature", "properties": { "interval_id": "030_060", "scenario_id": "rajendra_nagar_heavy_rain_demo", "start_min": 30, "end_min": 60, "duration_s": 1800, "drain_node_id": "RN_DNODE_00285", "outgoing_drain_id": "RN_DRAIN_00417", "total_q_m3s": 0.39616186027505129, "capacity_m3s": 0.30116185815577506, "overflow_q_m3s": 0.095000002119276228, "overflow_volume_m3": 171.00000381469721, "capacity_source": "synthetic_manning_scenario", "capacity_is_observed": 0, "source_type": "prototype_drainage_capacity_overflow" }, "geometry": { "type": "Point", "coordinates": [ 377387.791000000026543, 2045871.903 ] } },
{ "type": "Feature", "properties": { "interval_id": "030_060", "scenario_id": "rajendra_nagar_heavy_rain_demo", "start_min": 30, "end_min": 60, "duration_s": 1800, "drain_node_id": "RN_DNODE_00450", "outgoing_drain_id": "RN_DRAIN_00006", "total_q_m3s": 0.20917074519950279, "capacity_m3s": 0.096316987382127545, "overflow_q_m3s": 0.11285375781737525, "overflow_volume_m3": 203.13676407127545, "capacity_source": "synthetic_manning_scenario", "capacity_is_observed": 0, "source_type": "prototype_drainage_capacity_overflow" }, "geometry": { "type": "Point", "coordinates": [ 377927.791000000026543, 2046921.903 ] } },
{ "type": "Feature", "properties": { "interval_id": "030_060", "scenario_id": "rajendra_nagar_heavy_rain_demo", "start_min": 30, "end_min": 60, "duration_s": 1800, "drain_node_id": "RN_DNODE_00489", "outgoing_drain_id": "RN_DRAIN_00327", "total_q_m3s": 1.4873880610465835, "capacity_m3s": 0.52668488356746512, "overflow_q_m3s": 0.96070317747911838, "overflow_volume_m3": 1729.265719462413, "capacity_source": "synthetic_manning_scenario", "capacity_is_observed": 0, "source_type": "prototype_drainage_capacity_overflow" }, "geometry": { "type": "Point", "coordinates": [ 378107.791000000026543, 2046141.903 ] } },
{ "type": "Feature", "properties": { "interval_id": "030_060", "scenario_id": "rajendra_nagar_heavy_rain_demo", "start_min": 30, "end_min": 60, "duration_s": 1800, "drain_node_id": "RN_DNODE_00112", "outgoing_drain_id": "RN_DRAIN_00226", "total_q_m3s": 0.78570199223251602, "capacity_m3s": 0.22629368210844161, "overflow_q_m3s": 0.55940831012407444, "overflow_volume_m3": 1006.934958223334, "capacity_source": "synthetic_manning_scenario", "capacity_is_observed": 0, "source_type": "prototype_drainage_capacity_overflow" }, "geometry": { "type": "Point", "coordinates": [ 377027.791000000026543, 2046321.903 ] } },
{ "type": "Feature", "properties": { "interval_id": "030_060", "scenario_id": "rajendra_nagar_heavy_rain_demo", "start_min": 30, "end_min": 60, "duration_s": 1800, "drain_node_id": "RN_DNODE_00279", "outgoing_drain_id": "RN_DRAIN_00409", "total_q_m3s": 0.34213060900348558, "capacity_m3s": 0.30124813859248456, "overflow_q_m3s": 0.040882470411001015, "overflow_volume_m3": 73.588446739801824, "capacity_source": "synthetic_manning_scenario", "capacity_is_observed": 0, "source_type": "prototype_drainage_capacity_overflow" }, "geometry": { "type": "Point", "coordinates": [ 377357.791000000026543, 2045901.903 ] } },
{ "type": "Feature", "properties": { "interval_id": "030_060", "scenario_id": "rajendra_nagar_heavy_rain_demo", "start_min": 30, "end_min": 60, "duration_s": 1800, "drain_node_id": "RN_DNODE_00485", "outgoing_drain_id": "RN_DRAIN_00326", "total_q_m3s": 0.52668488356746512, "capacity_m3s": 0.30124813859248456, "overflow_q_m3s": 0.22543674497498056, "overflow_volume_m3": 405.78614095496499, "capacity_source": "synthetic_manning_scenario", "capacity_is_observed": 0, "source_type": "prototype_drainage_capacity_overflow" }, "geometry": { "type": "Point", "coordinates": [ 378077.791000000026543, 2046141.903 ] } },
{ "type": "Feature", "properties": { "interval_id": "030_060", "scenario_id": "rajendra_nagar_heavy_rain_demo", "start_min": 30, "end_min": 60, "duration_s": 1800, "drain_node_id": "RN_DNODE_00123", "outgoing_drain_id": "RN_DRAIN_00227", "total_q_m3s": 0.22629368210844161, "capacity_m3s": 0.19248944506420465, "overflow_q_m3s": 0.033804237044236962, "overflow_volume_m3": 60.847626679626529, "capacity_source": "synthetic_manning_scenario", "capacity_is_observed": 0, "source_type": "prototype_drainage_capacity_overflow" }, "geometry": { "type": "Point", "coordinates": [ 377057.791000000026543, 2046321.903 ] } },
{ "type": "Feature", "properties": { "interval_id": "030_060", "scenario_id": "rajendra_nagar_heavy_rain_demo", "start_min": 30, "end_min": 60, "duration_s": 1800, "drain_node_id": "RN_DNODE_00274", "outgoing_drain_id": "RN_DRAIN_00408", "total_q_m3s": 0.33212313901633983, "capacity_m3s": 0.3305358790663851, "overflow_q_m3s": 0.0015872599499547335, "overflow_volume_m3": 2.8570679099185203, "capacity_source": "synthetic_manning_scenario", "capacity_is_observed": 0, "source_type": "prototype_drainage_capacity_overflow" }, "geometry": { "type": "Point", "coordinates": [ 377327.791000000026543, 2045901.903 ] } },
{ "type": "Feature", "properties": { "interval_id": "030_060", "scenario_id": "rajendra_nagar_heavy_rain_demo", "start_min": 30, "end_min": 60, "duration_s": 1800, "drain_node_id": "RN_DNODE_00176", "outgoing_drain_id": "RN_DRAIN_00126", "total_q_m3s": 0.90687314283103715, "capacity_m3s": 0.22798288882636691, "overflow_q_m3s": 0.67889025400467018, "overflow_volume_m3": 1222.0024572084062, "capacity_source": "synthetic_manning_scenario", "capacity_is_observed": 0, "source_type": "prototype_drainage_capacity_overflow" }, "geometry": { "type": "Point", "coordinates": [ 377147.791000000026543, 2046561.903 ] } },
{ "type": "Feature", "properties": { "interval_id": "030_060", "scenario_id": "rajendra_nagar_heavy_rain_demo", "start_min": 30, "end_min": 60, "duration_s": 1800, "drain_node_id": "RN_DNODE_00459", "outgoing_drain_id": "RN_DRAIN_00311", "total_q_m3s": 0.56724814452645811, "capacity_m3s": 0.30124813859248456, "overflow_q_m3s": 0.26600000593397355, "overflow_volume_m3": 478.8000106811524, "capacity_source": "synthetic_manning_scenario", "capacity_is_observed": 0, "source_type": "prototype_drainage_capacity_overflow" }, "geometry": { "type": "Point", "coordinates": [ 377987.791000000026543, 2046171.903 ] } },
{ "type": "Feature", "properties": { "interval_id": "030_060", "scenario_id": "rajendra_nagar_heavy_rain_demo", "start_min": 30, "end_min": 60, "duration_s": 1800, "drain_node_id": "RN_DNODE_00447", "outgoing_drain_id": "RN_DRAIN_00309", "total_q_m3s": 0.53068816547193598, "capacity_m3s": 0.30116185815577506, "overflow_q_m3s": 0.22952630731616092, "overflow_volume_m3": 413.14735316908963, "capacity_source": "synthetic_manning_scenario", "capacity_is_observed": 0, "source_type": "prototype_drainage_capacity_overflow" }, "geometry": { "type": "Point", "coordinates": [ 377927.791000000026543, 2046171.903 ] } },
{ "type": "Feature", "properties": { "interval_id": "030_060", "scenario_id": "rajendra_nagar_heavy_rain_demo", "start_min": 30, "end_min": 60, "duration_s": 1800, "drain_node_id": "RN_DNODE_00439", "outgoing_drain_id": "RN_DRAIN_00323", "total_q_m3s": 0.85981477241748172, "capacity_m3s": 0.30124813859248456, "overflow_q_m3s": 0.55856663382499716, "overflow_volume_m3": 1005.4199408849948, "capacity_source": "synthetic_manning_scenario", "capacity_is_observed": 0, "source_type": "prototype_drainage_capacity_overflow" }, "geometry": { "type": "Point", "coordinates": [ 377897.791000000026543, 2046141.903 ] } },
{ "type": "Feature", "properties": { "interval_id": "030_060", "scenario_id": "rajendra_nagar_heavy_rain_demo", "start_min": 30, "end_min": 60, "duration_s": 1800, "drain_node_id": "RN_DNODE_00435", "outgoing_drain_id": "RN_DRAIN_00322", "total_q_m3s": 0.38021689028790556, "capacity_m3s": 0.30124813859248456, "overflow_q_m3s": 0.078968751695421002, "overflow_volume_m3": 142.14375305175781, "capacity_source": "synthetic_manning_scenario", "capacity_is_observed": 0, "source_type": "prototype_drainage_capacity_overflow" }, "geometry": { "type": "Point", "coordinates": [ 377867.791000000026543, 2046141.903 ] } },
{ "type": "Feature", "properties": { "interval_id": "030_060", "scenario_id": "rajendra_nagar_heavy_rain_demo", "start_min": 30, "end_min": 60, "duration_s": 1800, "drain_node_id": "RN_DNODE_00429", "outgoing_drain_id": "RN_DRAIN_00321", "total_q_m3s": 0.30124813859248456, "capacity_m3s": 0.30116185815577506, "overflow_q_m3s": 8.6280436709496033e-05, "overflow_volume_m3": 0.15530478607709286, "capacity_source": "synthetic_manning_scenario", "capacity_is_observed": 0, "source_type": "prototype_drainage_capacity_overflow" }, "geometry": { "type": "Point", "coordinates": [ 377837.791000000026543, 2046141.903 ] } },
{ "type": "Feature", "properties": { "interval_id": "030_060", "scenario_id": "rajendra_nagar_heavy_rain_demo", "start_min": 30, "end_min": 60, "duration_s": 1800, "drain_node_id": "RN_DNODE_00422", "outgoing_drain_id": "RN_DRAIN_00343", "total_q_m3s": 0.32016185857963031, "capacity_m3s": 0.30124813859248456, "overflow_q_m3s": 0.01891371998714575, "overflow_volume_m3": 34.04469597686235, "capacity_source": "synthetic_manning_scenario", "capacity_is_observed": 0, "source_type": "prototype_drainage_capacity_overflow" }, "geometry": { "type": "Point", "coordinates": [ 377807.791000000026543, 2046111.903 ] } },
{ "type": "Feature", "properties": { "interval_id": "030_060", "scenario_id": "rajendra_nagar_heavy_rain_demo", "start_min": 30, "end_min": 60, "duration_s": 1800, "drain_node_id": "RN_DNODE_00413", "outgoing_drain_id": "RN_DRAIN_00342", "total_q_m3s": 0.30124813859248456, "capacity_m3s": 0.30107555299333355, "overflow_q_m3s": 0.00017258559915100946, "overflow_volume_m3": 0.31065407847181703, "capacity_source": "synthetic_manning_scenario", "capacity_is_observed": 0, "source_type": "prototype_drainage_capacity_overflow" }, "geometry": { "type": "Point", "coordinates": [ 377777.791000000026543, 2046111.903 ] } },
{ "type": "Feature", "properties": { "interval_id": "030_060", "scenario_id": "rajendra_nagar_heavy_rain_demo", "start_min": 30, "end_min": 60, "duration_s": 1800, "drain_node_id": "RN_DNODE_00218", "outgoing_drain_id": "RN_DRAIN_00286", "total_q_m3s": 0.72769828922261592, "capacity_m3s": 0.69327138773681873, "overflow_q_m3s": 0.03442690148579719, "overflow_volume_m3": 61.96842267443494, "capacity_source": "synthetic_manning_scenario", "capacity_is_observed": 0, "source_type": "prototype_drainage_capacity_overflow" }, "geometry": { "type": "Point", "coordinates": [ 377207.791000000026543, 2046201.903 ] } },
{ "type": "Feature", "properties": { "interval_id": "030_060", "scenario_id": "rajendra_nagar_heavy_rain_demo", "start_min": 30, "end_min": 60, "duration_s": 1800, "drain_node_id": "RN_DNODE_00384", "outgoing_drain_id": "RN_DRAIN_00319", "total_q_m3s": 0.32745307732965351, "capacity_m3s": 0.30116185815577506, "overflow_q_m3s": 0.026291219173878444, "overflow_volume_m3": 47.324194512981201, "capacity_source": "synthetic_manning_scenario", "capacity_is_observed": 0, "source_type": "prototype_drainage_capacity_overflow" }, "geometry": { "type": "Point", "coordinates": [ 377687.791000000026543, 2046141.903 ] } },
{ "type": "Feature", "properties": { "interval_id": "030_060", "scenario_id": "rajendra_nagar_heavy_rain_demo", "start_min": 30, "end_min": 60, "duration_s": 1800, "drain_node_id": "RN_DNODE_00376", "outgoing_drain_id": "RN_DRAIN_00304", "total_q_m3s": 0.35620364191875387, "capacity_m3s": 0.30116185815577506, "overflow_q_m3s": 0.055041783762978802, "overflow_volume_m3": 99.075210773361846, "capacity_source": "synthetic_manning_scenario", "capacity_is_observed": 0, "source_type": "prototype_drainage_capacity_overflow" }, "geometry": { "type": "Point", "coordinates": [ 377657.791000000026543, 2046171.903 ] } },
{ "type": "Feature", "properties": { "interval_id": "030_060", "scenario_id": "rajendra_nagar_heavy_rain_demo", "start_min": 30, "end_min": 60, "duration_s": 1800, "drain_node_id": "RN_DNODE_00221", "outgoing_drain_id": "RN_DRAIN_00247", "total_q_m3s": 0.69327138773681873, "capacity_m3s": 0.69307282797684278, "overflow_q_m3s": 0.00019855975997595809, "overflow_volume_m3": 0.35740756795672457, "capacity_source": "synthetic_manning_scenario", "capacity_is_observed": 0, "source_type": "prototype_drainage_capacity_overflow" }, "geometry": { "type": "Point", "coordinates": [ 377207.791000000026543, 2046291.903 ] } },
{ "type": "Feature", "properties": { "interval_id": "030_060", "scenario_id": "rajendra_nagar_heavy_rain_demo", "start_min": 30, "end_min": 60, "duration_s": 1800, "drain_node_id": "RN_DNODE_00364", "outgoing_drain_id": "RN_DRAIN_00277", "total_q_m3s": 1.3224118729907088, "capacity_m3s": 0.30116185815577506, "overflow_q_m3s": 1.0212500148349337, "overflow_volume_m3": 1838.2500267028806, "capacity_source": "synthetic_manning_scenario", "capacity_is_observed": 0, "source_type": "prototype_drainage_capacity_overflow" }, "geometry": { "type": "Point", "coordinates": [ 377597.791000000026543, 2046231.903 ] } },
{ "type": "Feature", "properties": { "interval_id": "030_060", "scenario_id": "rajendra_nagar_heavy_rain_demo", "start_min": 30, "end_min": 60, "duration_s": 1800, "drain_node_id": "RN_DNODE_00196", "outgoing_drain_id": "RN_DRAIN_00204", "total_q_m3s": 0.914656023888758, "capacity_m3s": 0.69327138773681873, "overflow_q_m3s": 0.22138463615193926, "overflow_volume_m3": 398.4923450734907, "capacity_source": "synthetic_manning_scenario", "capacity_is_observed": 0, "source_type": "prototype_drainage_capacity_overflow" }, "geometry": { "type": "Point", "coordinates": [ 377177.791000000026543, 2046381.903 ] } },
{ "type": "Feature", "properties": { "interval_id": "030_060", "scenario_id": "rajendra_nagar_heavy_rain_demo", "start_min": 30, "end_min": 60, "duration_s": 1800, "drain_node_id": "RN_DNODE_00343", "outgoing_drain_id": "RN_DRAIN_00234", "total_q_m3s": 0.39122864792275425, "capacity_m3s": 0.30116185815577506, "overflow_q_m3s": 0.090066789766979183, "overflow_volume_m3": 162.12022158056254, "capacity_source": "synthetic_manning_scenario", "capacity_is_observed": 0, "source_type": "prototype_drainage_capacity_overflow" }, "geometry": { "type": "Point", "coordinates": [ 377507.791000000026543, 2046321.903 ] } },
{ "type": "Feature", "properties": { "interval_id": "030_060", "scenario_id": "rajendra_nagar_heavy_rain_demo", "start_min": 30, "end_min": 60, "duration_s": 1800, "drain_node_id": "RN_DNODE_00197", "outgoing_drain_id": "RN_DRAIN_00191", "total_q_m3s": 3.7184276523068429, "capacity_m3s": 0.69287421131479709, "overflow_q_m3s": 3.0255534409920459, "overflow_volume_m3": 5445.9961937856824, "capacity_source": "synthetic_manning_scenario", "capacity_is_observed": 0, "source_type": "prototype_drainage_capacity_overflow" }, "geometry": { "type": "Point", "coordinates": [ 377177.791000000026543, 2046411.903 ] } },
{ "type": "Feature", "properties": { "interval_id": "030_060", "scenario_id": "rajendra_nagar_heavy_rain_demo", "start_min": 30, "end_min": 60, "duration_s": 1800, "drain_node_id": "RN_DNODE_00199", "outgoing_drain_id": "RN_DRAIN_00164", "total_q_m3s": 0.70296796173865239, "capacity_m3s": 0.69327138773681873, "overflow_q_m3s": 0.0096965740018336577, "overflow_volume_m3": 17.453833203300583, "capacity_source": "synthetic_manning_scenario", "capacity_is_observed": 0, "source_type": "prototype_drainage_capacity_overflow" }, "geometry": { "type": "Point", "coordinates": [ 377177.791000000026543, 2046471.903 ] } },
{ "type": "Feature", "properties": { "interval_id": "030_060", "scenario_id": "rajendra_nagar_heavy_rain_demo", "start_min": 30, "end_min": 60, "duration_s": 1800, "drain_node_id": "RN_DNODE_00318", "outgoing_drain_id": "RN_DRAIN_00194", "total_q_m3s": 0.87141439012148958, "capacity_m3s": 0.30116185815577506, "overflow_q_m3s": 0.57025253196571457, "overflow_volume_m3": 1026.4545575382863, "capacity_source": "synthetic_manning_scenario", "capacity_is_observed": 0, "source_type": "prototype_drainage_capacity_overflow" }, "geometry": { "type": "Point", "coordinates": [ 377447.791000000026543, 2046411.903 ] } },
{ "type": "Feature", "properties": { "interval_id": "030_060", "scenario_id": "rajendra_nagar_heavy_rain_demo", "start_min": 30, "end_min": 60, "duration_s": 1800, "drain_node_id": "RN_DNODE_00301", "outgoing_drain_id": "RN_DRAIN_00181", "total_q_m3s": 0.33203685857963033, "capacity_m3s": 0.30124813859248456, "overflow_q_m3s": 0.030788719987145774, "overflow_volume_m3": 55.419695976862393, "capacity_source": "synthetic_manning_scenario", "capacity_is_observed": 0, "source_type": "prototype_drainage_capacity_overflow" }, "geometry": { "type": "Point", "coordinates": [ 377417.791000000026543, 2046441.903 ] } },
{ "type": "Feature", "properties": { "interval_id": "030_060", "scenario_id": "rajendra_nagar_heavy_rain_demo", "start_min": 30, "end_min": 60, "duration_s": 1800, "drain_node_id": "RN_DNODE_00201", "outgoing_drain_id": "RN_DRAIN_00140", "total_q_m3s": 0.72811568804185356, "capacity_m3s": 0.69307282797684278, "overflow_q_m3s": 0.035042860065010784, "overflow_volume_m3": 63.077148117019412, "capacity_source": "synthetic_manning_scenario", "capacity_is_observed": 0, "source_type": "prototype_drainage_capacity_overflow" }, "geometry": { "type": "Point", "coordinates": [ 377177.791000000026543, 2046531.903 ] } },
{ "type": "Feature", "properties": { "interval_id": "030_060", "scenario_id": "rajendra_nagar_heavy_rain_demo", "start_min": 30, "end_min": 60, "duration_s": 1800, "drain_node_id": "RN_DNODE_00302", "outgoing_drain_id": "RN_DRAIN_00167", "total_q_m3s": 0.33212313901633983, "capacity_m3s": 0.30124813859248456, "overflow_q_m3s": 0.03087500042385527, "overflow_volume_m3": 55.575000762939489, "capacity_source": "synthetic_manning_scenario", "capacity_is_observed": 0, "source_type": "prototype_drainage_capacity_overflow" }, "geometry": { "type": "Point", "coordinates": [ 377417.791000000026543, 2046471.903 ] } },
{ "type": "Feature", "properties": { "interval_id": "030_060", "scenario_id": "rajendra_nagar_heavy_rain_demo", "start_min": 30, "end_min": 60, "duration_s": 1800, "drain_node_id": "RN_DNODE_00228", "outgoing_drain_id": "RN_DRAIN_00128", "total_q_m3s": 0.92105571680320963, "capacity_m3s": 0.69327138773681873, "overflow_q_m3s": 0.2277843290663909, "overflow_volume_m3": 410.01179231950363, "capacity_source": "synthetic_manning_scenario", "capacity_is_observed": 0, "source_type": "prototype_drainage_capacity_overflow" }, "geometry": { "type": "Point", "coordinates": [ 377207.791000000026543, 2046561.903 ] } },
{ "type": "Feature", "properties": { "interval_id": "030_060", "scenario_id": "rajendra_nagar_heavy_rain_demo", "start_min": 30, "end_min": 60, "duration_s": 1800, "drain_node_id": "RN_DNODE_00229", "outgoing_drain_id": "RN_DRAIN_00114", "total_q_m3s": 0.69327138773681873, "capacity_m3s": 0.69307282797684278, "overflow_q_m3s": 0.00019855975997595809, "overflow_volume_m3": 0.35740756795672457, "capacity_source": "synthetic_manning_scenario", "capacity_is_observed": 0, "source_type": "prototype_drainage_capacity_overflow" }, "geometry": { "type": "Point", "coordinates": [ 377207.791000000026543, 2046591.903 ] } },
{ "type": "Feature", "properties": { "interval_id": "030_060", "scenario_id": "rajendra_nagar_heavy_rain_demo", "start_min": 30, "end_min": 60, "duration_s": 1800, "drain_node_id": "RN_DNODE_00335", "outgoing_drain_id": "RN_DRAIN_00097", "total_q_m3s": 0.6423879283369347, "capacity_m3s": 0.30124813859248456, "overflow_q_m3s": 0.34113978974445014, "overflow_volume_m3": 614.05162154001027, "capacity_source": "synthetic_manning_scenario", "capacity_is_observed": 0, "source_type": "prototype_drainage_capacity_overflow" }, "geometry": { "type": "Point", "coordinates": [ 377477.791000000026543, 2046621.903 ] } },
{ "type": "Feature", "properties": { "interval_id": "030_060", "scenario_id": "rajendra_nagar_heavy_rain_demo", "start_min": 30, "end_min": 60, "duration_s": 1800, "drain_node_id": "RN_DNODE_00337", "outgoing_drain_id": "RN_DRAIN_00068", "total_q_m3s": 0.30124813859248456, "capacity_m3s": 0.30116185815577506, "overflow_q_m3s": 8.6280436709496033e-05, "overflow_volume_m3": 0.15530478607709286, "capacity_source": "synthetic_manning_scenario", "capacity_is_observed": 0, "source_type": "prototype_drainage_capacity_overflow" }, "geometry": { "type": "Point", "coordinates": [ 377477.791000000026543, 2046681.903 ] } },
{ "type": "Feature", "properties": { "interval_id": "030_060", "scenario_id": "rajendra_nagar_heavy_rain_demo", "start_min": 30, "end_min": 60, "duration_s": 1800, "drain_node_id": "RN_DNODE_00292", "outgoing_drain_id": "RN_DRAIN_00026", "total_q_m3s": 0.30116185815577506, "capacity_m3s": 0.22798288882636691, "overflow_q_m3s": 0.07317896932940815, "overflow_volume_m3": 131.72214479293467, "capacity_source": "synthetic_manning_scenario", "capacity_is_observed": 0, "source_type": "prototype_drainage_capacity_overflow" }, "geometry": { "type": "Point", "coordinates": [ 377387.791000000026543, 2046831.903 ] } },
{ "type": "Feature", "properties": { "interval_id": "030_060", "scenario_id": "rajendra_nagar_heavy_rain_demo", "start_min": 30, "end_min": 60, "duration_s": 1800, "drain_node_id": "RN_DNODE_00283", "outgoing_drain_id": "RN_DRAIN_00012", "total_q_m3s": 0.92105571680320963, "capacity_m3s": 0.69307282797684278, "overflow_q_m3s": 0.22798288882636686, "overflow_volume_m3": 410.36919988746035, "capacity_source": "synthetic_manning_scenario", "capacity_is_observed": 0, "source_type": "prototype_drainage_capacity_overflow" }, "geometry": { "type": "Point", "coordinates": [ 377357.791000000026543, 2046861.903 ] } },
{ "type": "Feature", "properties": { "interval_id": "060_090", "scenario_id": "rajendra_nagar_heavy_rain_demo", "start_min": 60, "end_min": 90, "duration_s": 1800, "drain_node_id": "RN_DNODE_00441", "outgoing_drain_id": "RN_DRAIN_00005", "total_q_m3s": 0.057750002543131514, "capacity_m3s": 0.02637752433631995, "overflow_q_m3s": 0.031372478206811563, "overflow_volume_m3": 56.470460772260815, "capacity_source": "synthetic_manning_scenario", "capacity_is_observed": 0, "source_type": "prototype_drainage_capacity_overflow" }, "geometry": { "type": "Point", "coordinates": [ 377897.791000000026543, 2046921.903 ] } },
{ "type": "Feature", "properties": { "interval_id": "060_090", "scenario_id": "rajendra_nagar_heavy_rain_demo", "start_min": 60, "end_min": 90, "duration_s": 1800, "drain_node_id": "RN_DNODE_00415", "outgoing_drain_id": "RN_DRAIN_00069", "total_q_m3s": 0.42787501441107856, "capacity_m3s": 0.13572767824149176, "overflow_q_m3s": 0.29214733616958677, "overflow_volume_m3": 525.86520510525622, "capacity_source": "synthetic_manning_scenario", "capacity_is_observed": 0, "source_type": "prototype_drainage_capacity_overflow" }, "geometry": { "type": "Point", "coordinates": [ 377777.791000000026543, 2046681.903 ] } },
{ "type": "Feature", "properties": { "interval_id": "060_090", "scenario_id": "rajendra_nagar_heavy_rain_demo", "start_min": 60, "end_min": 90, "duration_s": 1800, "drain_node_id": "RN_DNODE_00038", "outgoing_drain_id": "RN_DRAIN_00136", "total_q_m3s": 0.029750001695421007, "capacity_m3s": 0.02637752433631995, "overflow_q_m3s": 0.0033724773591010566, "overflow_volume_m3": 6.070459246381902, "capacity_source": "synthetic_manning_scenario", "capacity_is_observed": 0, "source_type": "prototype_drainage_capacity_overflow" }, "geometry": { "type": "Point", "coordinates": [ 376757.791000000026543, 2046531.903 ] } },
{ "type": "Feature", "properties": { "interval_id": "060_090", "scenario_id": "rajendra_nagar_heavy_rain_demo", "start_min": 60, "end_min": 90, "duration_s": 1800, "drain_node_id": "RN_DNODE_00287", "outgoing_drain_id": "RN_DRAIN_00166", "total_q_m3s": 0.044625002543131509, "capacity_m3s": 0.034844300305034812, "overflow_q_m3s": 0.0097807022380966974, "overflow_volume_m3": 17.605264028574055, "capacity_source": "synthetic_manning_scenario", "capacity_is_observed": 0, "source_type": "prototype_drainage_capacity_overflow" }, "geometry": { "type": "Point", "coordinates": [ 377387.791000000026543, 2046471.903 ] } },
{ "type": "Feature", "properties": { "interval_id": "060_090", "scenario_id": "rajendra_nagar_heavy_rain_demo", "start_min": 60, "end_min": 90, "duration_s": 1800, "drain_node_id": "RN_DNODE_00437", "outgoing_drain_id": "RN_DRAIN_00172", "total_q_m3s": 0.43575001610649955, "capacity_m3s": 0.051588126028988532, "overflow_q_m3s": 0.384161890077511, "overflow_volume_m3": 691.49140213951978, "capacity_source": "synthetic_manning_scenario", "capacity_is_observed": 0, "source_type": "prototype_drainage_capacity_overflow" }, "geometry": { "type": "Point", "coordinates": [ 377867.791000000026543, 2046471.903 ] } },
{ "type": "Feature", "properties": { "interval_id": "060_090", "scenario_id": "rajendra_nagar_heavy_rain_demo", "start_min": 60, "end_min": 90, "duration_s": 1800, "drain_node_id": "RN_DNODE_00071", "outgoing_drain_id": "RN_DRAIN_00174", "total_q_m3s": 0.29312500953674314, "capacity_m3s": 0.14154681932172938, "overflow_q_m3s": 0.15157819021501376, "overflow_volume_m3": 272.84074238702476, "capacity_source": "synthetic_manning_scenario", "capacity_is_observed": 0, "source_type": "prototype_drainage_capacity_overflow" }, "geometry": { "type": "Point", "coordinates": [ 376877.791000000026543, 2046441.903 ] } },
{ "type": "Feature", "properties": { "interval_id": "060_090", "scenario_id": "rajendra_nagar_heavy_rain_demo", "start_min": 60, "end_min": 90, "duration_s": 1800, "drain_node_id": "RN_DNODE_00319", "outgoing_drain_id": "RN_DRAIN_00182", "total_q_m3s": 0.045500001907348632, "capacity_m3s": 0.034844300305034812, "overflow_q_m3s": 0.01065570160231382, "overflow_volume_m3": 19.180262884164875, "capacity_source": "synthetic_manning_scenario", "capacity_is_observed": 0, "source_type": "prototype_drainage_capacity_overflow" }, "geometry": { "type": "Point", "coordinates": [ 377447.791000000026543, 2046441.903 ] } },
{ "type": "Feature", "properties": { "interval_id": "060_090", "scenario_id": "rajendra_nagar_heavy_rain_demo", "start_min": 60, "end_min": 90, "duration_s": 1800, "drain_node_id": "RN_DNODE_00300", "outgoing_drain_id": "RN_DRAIN_00193", "total_q_m3s": 0.045500001907348632, "capacity_m3s": 0.034854282915268278, "overflow_q_m3s": 0.010645718992080354, "overflow_volume_m3": 19.162294185744638, "capacity_source": "synthetic_manning_scenario", "capacity_is_observed": 0, "source_type": "prototype_drainage_capacity_overflow" }, "geometry": { "type": "Point", "coordinates": [ 377417.791000000026543, 2046411.903 ] } },
{ "type": "Feature", "properties": { "interval_id": "060_090", "scenario_id": "rajendra_nagar_heavy_rain_demo", "start_min": 60, "end_min": 90, "duration_s": 1800, "drain_node_id": "RN_DNODE_00299", "outgoing_drain_id": "RN_DRAIN_00206", "total_q_m3s": 0.060375002755059137, "capacity_m3s": 0.02637752433631995, "overflow_q_m3s": 0.033997478418739187, "overflow_volume_m3": 61.195461153730534, "capacity_source": "synthetic_manning_scenario", "capacity_is_observed": 0, "source_type": "prototype_drainage_capacity_overflow" }, "geometry": { "type": "Point", "coordinates": [ 377417.791000000026543, 2046381.903 ] } },
{ "type": "Feature", "properties": { "interval_id": "060_090", "scenario_id": "rajendra_nagar_heavy_rain_demo", "start_min": 60, "end_min": 90, "duration_s": 1800, "drain_node_id": "RN_DNODE_00359", "outgoing_drain_id": "RN_DRAIN_00208", "total_q_m3s": 0.32025001313951279, "capacity_m3s": 0.090066789766979211, "overflow_q_m3s": 0.23018322337253358, "overflow_volume_m3": 414.32980207056045, "capacity_source": "synthetic_manning_scenario", "capacity_is_observed": 0, "source_type": "prototype_drainage_capacity_overflow" }, "geometry": { "type": "Point", "coordinates": [ 377567.791000000026543, 2046381.903 ] } },
{ "type": "Feature", "properties": { "interval_id": "060_090", "scenario_id": "rajendra_nagar_heavy_rain_demo", "start_min": 60, "end_min": 90, "duration_s": 1800, "drain_node_id": "RN_DNODE_00546", "outgoing_drain_id": "RN_DRAIN_00219", "total_q_m3s": 0.39550000720553929, "capacity_m3s": 0.07396532506289491, "overflow_q_m3s": 0.32153468214264436, "overflow_volume_m3": 578.76242785675981, "capacity_source": "synthetic_manning_scenario", "capacity_is_observed": 0, "source_type": "prototype_drainage_capacity_overflow" }, "geometry": { "type": "Point", "coordinates": [ 378437.791000000026543, 2046351.903 ] } },
{ "type": "Feature", "properties": { "interval_id": "060_090", "scenario_id": "rajendra_nagar_heavy_rain_demo", "start_min": 60, "end_min": 90, "duration_s": 1800, "drain_node_id": "RN_DNODE_00022", "outgoing_drain_id": "RN_DRAIN_00221", "total_q_m3s": 0.075250003602769636, "capacity_m3s": 0.034854282915268278, "overflow_q_m3s": 0.040395720687501357, "overflow_volume_m3": 72.71229723750244, "capacity_source": "synthetic_manning_scenario", "capacity_is_observed": 0, "source_type": "prototype_drainage_capacity_overflow" }, "geometry": { "type": "Point", "coordinates": [ 376667.791000000026543, 2046321.903 ] } },
{ "type": "Feature", "properties": { "interval_id": "060_090", "scenario_id": "rajendra_nagar_heavy_rain_demo", "start_min": 60, "end_min": 90, "duration_s": 1800, "drain_node_id": "RN_DNODE_00556", "outgoing_drain_id": "RN_DRAIN_00238", "total_q_m3s": 0.057750002543131514, "capacity_m3s": 0.034844300305034812, "overflow_q_m3s": 0.022905702238096702, "overflow_volume_m3": 41.230264028574062, "capacity_source": "synthetic_manning_scenario", "capacity_is_observed": 0, "source_type": "prototype_drainage_capacity_overflow" }, "geometry": { "type": "Point", "coordinates": [ 378587.791000000026543, 2046321.903 ] } },
{ "type": "Feature", "properties": { "interval_id": "060_090", "scenario_id": "rajendra_nagar_heavy_rain_demo", "start_min": 60, "end_min": 90, "duration_s": 1800, "drain_node_id": "RN_DNODE_00396", "outgoing_drain_id": "RN_DRAIN_00291", "total_q_m3s": 0.67112502627902559, "capacity_m3s": 0.1120128954947173, "overflow_q_m3s": 0.55911213078430833, "overflow_volume_m3": 1006.401835411755, "capacity_source": "synthetic_manning_scenario", "capacity_is_observed": 0, "source_type": "prototype_drainage_capacity_overflow" }, "geometry": { "type": "Point", "coordinates": [ 377717.791000000026543, 2046201.903 ] } },
{ "type": "Feature", "properties": { "interval_id": "060_090", "scenario_id": "rajendra_nagar_heavy_rain_demo", "start_min": 60, "end_min": 90, "duration_s": 1800, "drain_node_id": "RN_DNODE_00448", "outgoing_drain_id": "RN_DRAIN_00292", "total_q_m3s": 0.090125002331203879, "capacity_m3s": 0.02637752433631995, "overflow_q_m3s": 0.063747477994883922, "overflow_volume_m3": 114.74546039079107, "capacity_source": "synthetic_manning_scenario", "capacity_is_observed": 0, "source_type": "prototype_drainage_capacity_overflow" }, "geometry": { "type": "Point", "coordinates": [ 377927.791000000026543, 2046201.903 ] } },
{ "type": "Feature", "properties": { "interval_id": "060_090", "scenario_id": "rajendra_nagar_heavy_rain_demo", "start_min": 60, "end_min": 90, "duration_s": 1800, "drain_node_id": "RN_DNODE_00395", "outgoing_drain_id": "RN_DRAIN_00306", "total_q_m3s": 0.042875001695421008, "capacity_m3s": 0.02637752433631995, "overflow_q_m3s": 0.016497477359101058, "overflow_volume_m3": 29.695459246381905, "capacity_source": "synthetic_manning_scenario", "capacity_is_observed": 0, "source_type": "prototype_drainage_capacity_overflow" }, "geometry": { "type": "Point", "coordinates": [ 377717.791000000026543, 2046171.903 ] } },
{ "type": "Feature", "properties": { "interval_id": "060_090", "scenario_id": "rajendra_nagar_heavy_rain_demo", "start_min": 60, "end_min": 90, "duration_s": 1800, "drain_node_id": "RN_DNODE_00535", "outgoing_drain_id": "RN_DRAIN_00377", "total_q_m3s": 0.042875001695421008, "capacity_m3s": 0.034854282915268278, "overflow_q_m3s": 0.0080207187801527302, "overflow_volume_m3": 14.437293804274914, "capacity_source": "synthetic_manning_scenario", "capacity_is_observed": 0, "source_type": "prototype_drainage_capacity_overflow" }, "geometry": { "type": "Point", "coordinates": [ 378377.791000000026543, 2045991.903 ] } },
{ "type": "Feature", "properties": { "interval_id": "060_090", "scenario_id": "rajendra_nagar_heavy_rain_demo", "start_min": 60, "end_min": 90, "duration_s": 1800, "drain_node_id": "RN_DNODE_00298", "outgoing_drain_id": "RN_DRAIN_00393", "total_q_m3s": 0.44625002119276258, "capacity_m3s": 0.098037845430339166, "overflow_q_m3s": 0.34821217576242341, "overflow_volume_m3": 626.78191637236216, "capacity_source": "synthetic_manning_scenario", "capacity_is_observed": 0, "source_type": "prototype_drainage_capacity_overflow" }, "geometry": { "type": "Point", "coordinates": [ 377417.791000000026543, 2045931.903 ] } },
{ "type": "Feature", "properties": { "interval_id": "060_090", "scenario_id": "rajendra_nagar_heavy_rain_demo", "start_min": 60, "end_min": 90, "duration_s": 1800, "drain_node_id": "RN_DNODE_00518", "outgoing_drain_id": "RN_DRAIN_00395", "total_q_m3s": 0.59850001335144043, "capacity_m3s": 0.14778712746867345, "overflow_q_m3s": 0.45071288588276698, "overflow_volume_m3": 811.28319458898056, "capacity_source": "synthetic_manning_scenario", "capacity_is_observed": 0, "source_type": "prototype_drainage_capacity_overflow" }, "geometry": { "type": "Point", "coordinates": [ 378317.791000000026543, 2045931.903 ] } },
{ "type": "Feature", "properties": { "interval_id": "060_090", "scenario_id": "rajendra_nagar_heavy_rain_demo", "start_min": 60, "end_min": 90, "duration_s": 1800, "drain_node_id": "RN_DNODE_00329", "outgoing_drain_id": "RN_DRAIN_00453", "total_q_m3s": 0.45412502076890732, "capacity_m3s": 0.02637752433631995, "overflow_q_m3s": 0.42774749643258736, "overflow_volume_m3": 769.94549357865719, "capacity_source": "synthetic_manning_scenario", "capacity_is_observed": 0, "source_type": "prototype_drainage_capacity_overflow" }, "geometry": { "type": "Point", "coordinates": [ 377477.791000000026543, 2045781.903 ] } },
{ "type": "Feature", "properties": { "interval_id": "060_090", "scenario_id": "rajendra_nagar_heavy_rain_demo", "start_min": 60, "end_min": 90, "duration_s": 1800, "drain_node_id": "RN_DNODE_00392", "outgoing_drain_id": "RN_DRAIN_00466", "total_q_m3s": 0.15400000360276964, "capacity_m3s": 0.034844300305034812, "overflow_q_m3s": 0.11915570329773482, "overflow_volume_m3": 214.48026593592269, "capacity_source": "synthetic_manning_scenario", "capacity_is_observed": 0, "source_type": "prototype_drainage_capacity_overflow" }, "geometry": { "type": "Point", "coordinates": [ 377717.791000000026543, 2045751.903 ] } },
{ "type": "Feature", "properties": { "interval_id": "060_090", "scenario_id": "rajendra_nagar_heavy_rain_demo", "start_min": 60, "end_min": 90, "duration_s": 1800, "drain_node_id": "RN_DNODE_00340", "outgoing_drain_id": "RN_DRAIN_00531", "total_q_m3s": 0.085750003390842017, "capacity_m3s": 0.034854282915268278, "overflow_q_m3s": 0.050895720475573739, "overflow_volume_m3": 91.612296856032728, "capacity_source": "synthetic_manning_scenario", "capacity_is_observed": 0, "source_type": "prototype_drainage_capacity_overflow" }, "geometry": { "type": "Point", "coordinates": [ 377507.791000000026543, 2045571.903 ] } },
{ "type": "Feature", "properties": { "interval_id": "060_090", "scenario_id": "rajendra_nagar_heavy_rain_demo", "start_min": 60, "end_min": 90, "duration_s": 1800, "drain_node_id": "RN_DNODE_00418", "outgoing_drain_id": "RN_DRAIN_00043", "total_q_m3s": 0.19950000339084201, "capacity_m3s": 0.034844300305034812, "overflow_q_m3s": 0.16465570308580718, "overflow_volume_m3": 296.38026555445293, "capacity_source": "synthetic_manning_scenario", "capacity_is_observed": 0, "source_type": "prototype_drainage_capacity_overflow" }, "geometry": { "type": "Point", "coordinates": [ 377777.791000000026543, 2046771.903 ] } },
{ "type": "Feature", "properties": { "interval_id": "060_090", "scenario_id": "rajendra_nagar_heavy_rain_demo", "start_min": 60, "end_min": 90, "duration_s": 1800, "drain_node_id": "RN_DNODE_00048", "outgoing_drain_id": "RN_DRAIN_00122", "total_q_m3s": 0.044625002543131509, "capacity_m3s": 0.034844300305034812, "overflow_q_m3s": 0.0097807022380966974, "overflow_volume_m3": 17.605264028574055, "capacity_source": "synthetic_manning_scenario", "capacity_is_observed": 0, "source_type": "prototype_drainage_capacity_overflow" }, "geometry": { "type": "Point", "coordinates": [ 376787.791000000026543, 2046561.903 ] } },
{ "type": "Feature", "properties": { "interval_id": "060_090", "scenario_id": "rajendra_nagar_heavy_rain_demo", "start_min": 60, "end_min": 90, "duration_s": 1800, "drain_node_id": "RN_DNODE_00486", "outgoing_drain_id": "RN_DRAIN_00209", "total_q_m3s": 0.48125002013312446, "capacity_m3s": 0.034844300305034812, "overflow_q_m3s": 0.44640571982808963, "overflow_volume_m3": 803.53029569056139, "capacity_source": "synthetic_manning_scenario", "capacity_is_observed": 0, "source_type": "prototype_drainage_capacity_overflow" }, "geometry": { "type": "Point", "coordinates": [ 378077.791000000026543, 2046381.903 ] } },
{ "type": "Feature", "properties": { "interval_id": "060_090", "scenario_id": "rajendra_nagar_heavy_rain_demo", "start_min": 60, "end_min": 90, "duration_s": 1800, "drain_node_id": "RN_DNODE_00543", "outgoing_drain_id": "RN_DRAIN_00237", "total_q_m3s": 0.07396532506289491, "capacity_m3s": 0.034854282915268278, "overflow_q_m3s": 0.039111042147626632, "overflow_volume_m3": 70.399875865727935, "capacity_source": "synthetic_manning_scenario", "capacity_is_observed": 0, "source_type": "prototype_drainage_capacity_overflow" }, "geometry": { "type": "Point", "coordinates": [ 378407.791000000026543, 2046321.903 ] } },
{ "type": "Feature", "properties": { "interval_id": "060_090", "scenario_id": "rajendra_nagar_heavy_rain_demo", "start_min": 60, "end_min": 90, "duration_s": 1800, "drain_node_id": "RN_DNODE_00385", "outgoing_drain_id": "RN_DRAIN_00305", "total_q_m3s": 0.1120128954947173, "capacity_m3s": 0.034854282915268278, "overflow_q_m3s": 0.077158612579449018, "overflow_volume_m3": 138.88550264300824, "capacity_source": "synthetic_manning_scenario", "capacity_is_observed": 0, "source_type": "prototype_drainage_capacity_overflow" }, "geometry": { "type": "Point", "coordinates": [ 377687.791000000026543, 2046171.903 ] } },
{ "type": "Feature", "properties": { "interval_id": "060_090", "scenario_id": "rajendra_nagar_heavy_rain_demo", "start_min": 60, "end_min": 90, "duration_s": 1800, "drain_node_id": "RN_DNODE_00522", "outgoing_drain_id": "RN_DRAIN_00334", "total_q_m3s": 0.13737500190734864, "capacity_m3s": 0.02637752433631995, "overflow_q_m3s": 0.11099747757102868, "overflow_volume_m3": 199.79545962785161, "capacity_source": "synthetic_manning_scenario", "capacity_is_observed": 0, "source_type": "prototype_drainage_capacity_overflow" }, "geometry": { "type": "Point", "coordinates": [ 378317.791000000026543, 2046141.903 ] } },
{ "type": "Feature", "properties": { "interval_id": "060_090", "scenario_id": "rajendra_nagar_heavy_rain_demo", "start_min": 60, "end_min": 90, "duration_s": 1800, "drain_node_id": "RN_DNODE_00468", "outgoing_drain_id": "RN_DRAIN_00394", "total_q_m3s": 0.67725001123216422, "capacity_m3s": 0.18293911365381266, "overflow_q_m3s": 0.49431089757835156, "overflow_volume_m3": 889.75961564103284, "capacity_source": "synthetic_manning_scenario", "capacity_is_observed": 0, "source_type": "prototype_drainage_capacity_overflow" }, "geometry": { "type": "Point", "coordinates": [ 378017.791000000026543, 2045931.903 ] } },
{ "type": "Feature", "properties": { "interval_id": "060_090", "scenario_id": "rajendra_nagar_heavy_rain_demo", "start_min": 60, "end_min": 90, "duration_s": 1800, "drain_node_id": "RN_DNODE_00427", "outgoing_drain_id": "RN_DRAIN_00457", "total_q_m3s": 0.51450001080830887, "capacity_m3s": 0.034844300305034812, "overflow_q_m3s": 0.47965571050327405, "overflow_volume_m3": 863.38027890589331, "capacity_source": "synthetic_manning_scenario", "capacity_is_observed": 0, "source_type": "prototype_drainage_capacity_overflow" }, "geometry": { "type": "Point", "coordinates": [ 377837.791000000026543, 2045781.903 ] } },
{ "type": "Feature", "properties": { "interval_id": "060_090", "scenario_id": "rajendra_nagar_heavy_rain_demo", "start_min": 60, "end_min": 90, "duration_s": 1800, "drain_node_id": "RN_DNODE_00033", "outgoing_drain_id": "RN_DRAIN_00064", "total_q_m3s": 0.21875000423855254, "capacity_m3s": 0.1272696969192279, "overflow_q_m3s": 0.091480307319324633, "overflow_volume_m3": 164.66455317478434, "capacity_source": "synthetic_manning_scenario", "capacity_is_observed": 0, "source_type": "prototype_drainage_capacity_overflow" }, "geometry": { "type": "Point", "coordinates": [ 376727.791000000026543, 2046681.903 ] } },
{ "type": "Feature", "properties": { "interval_id": "060_090", "scenario_id": "rajendra_nagar_heavy_rain_demo", "start_min": 60, "end_min": 90, "duration_s": 1800, "drain_node_id": "RN_DNODE_00408", "outgoing_drain_id": "RN_DRAIN_00035", "total_q_m3s": 0.13984430348394922, "capacity_m3s": 0.034844300305034812, "overflow_q_m3s": 0.10500000317891441, "overflow_volume_m3": 189.00000572204593, "capacity_source": "synthetic_manning_scenario", "capacity_is_observed": 0, "source_type": "prototype_drainage_capacity_overflow" }, "geometry": { "type": "Point", "coordinates": [ 377747.791000000026543, 2046801.903 ] } },
{ "type": "Feature", "properties": { "interval_id": "060_090", "scenario_id": "rajendra_nagar_heavy_rain_demo", "start_min": 60, "end_min": 90, "duration_s": 1800, "drain_node_id": "RN_DNODE_00008", "outgoing_drain_id": "RN_DRAIN_00150", "total_q_m3s": 0.060375002755059137, "capacity_m3s": 0.034854282915268278, "overflow_q_m3s": 0.025520719839790859, "overflow_volume_m3": 45.937295711623548, "capacity_source": "synthetic_manning_scenario", "capacity_is_observed": 0, "source_type": "prototype_drainage_capacity_overflow" }, "geometry": { "type": "Point", "coordinates": [ 376547.791000000026543, 2046501.903 ] } },
{ "type": "Feature", "properties": { "interval_id": "060_090", "scenario_id": "rajendra_nagar_heavy_rain_demo", "start_min": 60, "end_min": 90, "duration_s": 1800, "drain_node_id": "RN_DNODE_00423", "outgoing_drain_id": "RN_DRAIN_00183", "total_q_m3s": 0.2528381345060936, "capacity_m3s": 0.048322011957489273, "overflow_q_m3s": 0.20451612254860432, "overflow_volume_m3": 368.12902058748779, "capacity_source": "synthetic_manning_scenario", "capacity_is_observed": 0, "source_type": "prototype_drainage_capacity_overflow" }, "geometry": { "type": "Point", "coordinates": [ 377807.791000000026543, 2046441.903 ] } },
{ "type": "Feature", "properties": { "interval_id": "060_090", "scenario_id": "rajendra_nagar_heavy_rain_demo", "start_min": 60, "end_min": 90, "duration_s": 1800, "drain_node_id": "RN_DNODE_00477", "outgoing_drain_id": "RN_DRAIN_00195", "total_q_m3s": 0.08034430221238345, "capacity_m3s": 0.034854282915268278, "overflow_q_m3s": 0.045490019297115172, "overflow_volume_m3": 81.882034734807306, "capacity_source": "synthetic_manning_scenario", "capacity_is_observed": 0, "source_type": "prototype_drainage_capacity_overflow" }, "geometry": { "type": "Point", "coordinates": [ 378047.791000000026543, 2046411.903 ] } },
{ "type": "Feature", "properties": { "interval_id": "060_090", "scenario_id": "rajendra_nagar_heavy_rain_demo", "start_min": 60, "end_min": 90, "duration_s": 1800, "drain_node_id": "RN_DNODE_00007", "outgoing_drain_id": "RN_DRAIN_00199", "total_q_m3s": 0.13387500339084202, "capacity_m3s": 0.034854282915268278, "overflow_q_m3s": 0.09902072047557374, "overflow_volume_m3": 178.23729685603274, "capacity_source": "synthetic_manning_scenario", "capacity_is_observed": 0, "source_type": "prototype_drainage_capacity_overflow" }, "geometry": { "type": "Point", "coordinates": [ 376547.791000000026543, 2046381.903 ] } },
{ "type": "Feature", "properties": { "interval_id": "060_090", "scenario_id": "rajendra_nagar_heavy_rain_demo", "start_min": 60, "end_min": 90, "duration_s": 1800, "drain_node_id": "RN_DNODE_00469", "outgoing_drain_id": "RN_DRAIN_00383", "total_q_m3s": 0.25731411789236519, "capacity_m3s": 0.13538121427716859, "overflow_q_m3s": 0.1219329036151966, "overflow_volume_m3": 219.47922650735387, "capacity_source": "synthetic_manning_scenario", "capacity_is_observed": 0, "source_type": "prototype_drainage_capacity_overflow" }, "geometry": { "type": "Point", "coordinates": [ 378017.791000000026543, 2045961.903 ] } },
{ "type": "Feature", "properties": { "interval_id": "060_090", "scenario_id": "rajendra_nagar_heavy_rain_demo", "start_min": 60, "end_min": 90, "duration_s": 1800, "drain_node_id": "RN_DNODE_00551", "outgoing_drain_id": "RN_DRAIN_00396", "total_q_m3s": 0.10062500423855252, "capacity_m3s": 0.083450583372691484, "overflow_q_m3s": 0.017174420865861031, "overflow_volume_m3": 30.913957558549857, "capacity_source": "synthetic_manning_scenario", "capacity_is_observed": 0, "source_type": "prototype_drainage_capacity_overflow" }, "geometry": { "type": "Point", "coordinates": [ 378527.791000000026543, 2045931.903 ] } },
{ "type": "Feature", "properties": { "interval_id": "060_090", "scenario_id": "rajendra_nagar_heavy_rain_demo", "start_min": 60, "end_min": 90, "duration_s": 1800, "drain_node_id": "RN_DNODE_00432", "outgoing_drain_id": "RN_DRAIN_00503", "total_q_m3s": 0.15837500678168404, "capacity_m3s": 0.11140874580493448, "overflow_q_m3s": 0.046966260976749552, "overflow_volume_m3": 84.539269758149189, "capacity_source": "synthetic_manning_scenario", "capacity_is_observed": 0, "source_type": "prototype_drainage_capacity_overflow" }, "geometry": { "type": "Point", "coordinates": [ 377867.791000000026543, 2045661.903 ] } },
{ "type": "Feature", "properties": { "interval_id": "060_090", "scenario_id": "rajendra_nagar_heavy_rain_demo", "start_min": 60, "end_min": 90, "duration_s": 1800, "drain_node_id": "RN_DNODE_00032", "outgoing_drain_id": "RN_DRAIN_00072", "total_q_m3s": 0.20076969967428704, "capacity_m3s": 0.12723324562335805, "overflow_q_m3s": 0.073536454050928984, "overflow_volume_m3": 132.36561729167218, "capacity_source": "synthetic_manning_scenario", "capacity_is_observed": 0, "source_type": "prototype_drainage_capacity_overflow" }, "geometry": { "type": "Point", "coordinates": [ 376727.791000000026543, 2046651.903 ] } },
{ "type": "Feature", "properties": { "interval_id": "060_090", "scenario_id": "rajendra_nagar_heavy_rain_demo", "start_min": 60, "end_min": 90, "duration_s": 1800, "drain_node_id": "RN_DNODE_00011", "outgoing_drain_id": "RN_DRAIN_00151", "total_q_m3s": 0.20110428821345894, "capacity_m3s": 0.034854282915268278, "overflow_q_m3s": 0.16625000529819067, "overflow_volume_m3": 299.25000953674322, "capacity_source": "synthetic_manning_scenario", "capacity_is_observed": 0, "source_type": "prototype_drainage_capacity_overflow" }, "geometry": { "type": "Point", "coordinates": [ 376577.791000000026543, 2046501.903 ] } },
{ "type": "Feature", "properties": { "interval_id": "060_090", "scenario_id": "rajendra_nagar_heavy_rain_demo", "start_min": 60, "end_min": 90, "duration_s": 1800, "drain_node_id": "RN_DNODE_00096", "outgoing_drain_id": "RN_DRAIN_00186", "total_q_m3s": 0.4556718316135317, "capacity_m3s": 0.151090496238554, "overflow_q_m3s": 0.30458133537497767, "overflow_volume_m3": 548.24640367495977, "capacity_source": "synthetic_manning_scenario", "capacity_is_observed": 0, "source_type": "prototype_drainage_capacity_overflow" }, "geometry": { "type": "Point", "coordinates": [ 376967.791000000026543, 2046411.903 ] } },
{ "type": "Feature", "properties": { "interval_id": "060_090", "scenario_id": "rajendra_nagar_heavy_rain_demo", "start_min": 60, "end_min": 90, "duration_s": 1800, "drain_node_id": "RN_DNODE_00478", "outgoing_drain_id": "RN_DRAIN_00185", "total_q_m3s": 0.081229284186834033, "capacity_m3s": 0.034854282915268278, "overflow_q_m3s": 0.046375001271565755, "overflow_volume_m3": 83.475002288818359, "capacity_source": "synthetic_manning_scenario", "capacity_is_observed": 0, "source_type": "prototype_drainage_capacity_overflow" }, "geometry": { "type": "Point", "coordinates": [ 378047.791000000026543, 2046441.903 ] } },
{ "type": "Feature", "properties": { "interval_id": "060_090", "scenario_id": "rajendra_nagar_heavy_rain_demo", "start_min": 60, "end_min": 90, "duration_s": 1800, "drain_node_id": "RN_DNODE_00010", "outgoing_drain_id": "RN_DRAIN_00200", "total_q_m3s": 0.11010428651803791, "capacity_m3s": 0.034844300305034812, "overflow_q_m3s": 0.075259986213003102, "overflow_volume_m3": 135.46797518340557, "capacity_source": "synthetic_manning_scenario", "capacity_is_observed": 0, "source_type": "prototype_drainage_capacity_overflow" }, "geometry": { "type": "Point", "coordinates": [ 376577.791000000026543, 2046381.903 ] } },
{ "type": "Feature", "properties": { "interval_id": "060_090", "scenario_id": "rajendra_nagar_heavy_rain_demo", "start_min": 60, "end_min": 90, "duration_s": 1800, "drain_node_id": "RN_DNODE_00549", "outgoing_drain_id": "RN_DRAIN_00386", "total_q_m3s": 0.12632558506811248, "capacity_m3s": 0.034854282915268278, "overflow_q_m3s": 0.0914713021528442, "overflow_volume_m3": 164.64834387511956, "capacity_source": "synthetic_manning_scenario", "capacity_is_observed": 0, "source_type": "prototype_drainage_capacity_overflow" }, "geometry": { "type": "Point", "coordinates": [ 378497.791000000026543, 2045961.903 ] } },
{ "type": "Feature", "properties": { "interval_id": "060_090", "scenario_id": "rajendra_nagar_heavy_rain_demo", "start_min": 60, "end_min": 90, "duration_s": 1800, "drain_node_id": "RN_DNODE_00206", "outgoing_drain_id": "RN_DRAIN_00517", "total_q_m3s": 0.15050000508626302, "capacity_m3s": 0.034854282915268278, "overflow_q_m3s": 0.11564572217099474, "overflow_volume_m3": 208.16229990779053, "capacity_source": "synthetic_manning_scenario", "capacity_is_observed": 0, "source_type": "prototype_drainage_capacity_overflow" }, "geometry": { "type": "Point", "coordinates": [ 377207.791000000026543, 2045601.903 ] } },
{ "type": "Feature", "properties": { "interval_id": "060_090", "scenario_id": "rajendra_nagar_heavy_rain_demo", "start_min": 60, "end_min": 90, "duration_s": 1800, "drain_node_id": "RN_DNODE_00425", "outgoing_drain_id": "RN_DRAIN_00493", "total_q_m3s": 0.52265875428203956, "capacity_m3s": 0.36701701471119386, "overflow_q_m3s": 0.15564173957084571, "overflow_volume_m3": 280.15513122752225, "capacity_source": "synthetic_manning_scenario", "capacity_is_observed": 0, "source_type": "prototype_drainage_capacity_overflow" }, "geometry": { "type": "Point", "coordinates": [ 377837.791000000026543, 2045691.903 ] } },
{ "type": "Feature", "properties": { "interval_id": "060_090", "scenario_id": "rajendra_nagar_heavy_rain_demo", "start_min": 60, "end_min": 90, "duration_s": 1800, "drain_node_id": "RN_DNODE_00328", "outgoing_drain_id": "RN_DRAIN_00530", "total_q_m3s": 0.18710428567032741, "capacity_m3s": 0.1272696969192279, "overflow_q_m3s": 0.05983458875109951, "overflow_volume_m3": 107.70225975197911, "capacity_source": "synthetic_manning_scenario", "capacity_is_observed": 0, "source_type": "prototype_drainage_capacity_overflow" }, "geometry": { "type": "Point", "coordinates": [ 377477.791000000026543, 2045571.903 ] } },
{ "type": "Feature", "properties": { "interval_id": "060_090", "scenario_id": "rajendra_nagar_heavy_rain_demo", "start_min": 60, "end_min": 90, "duration_s": 1800, "drain_node_id": "RN_DNODE_00016", "outgoing_drain_id": "RN_DRAIN_00152", "total_q_m3s": 0.049729283762978783, "capacity_m3s": 0.041008355864427033, "overflow_q_m3s": 0.0087209278985517502, "overflow_volume_m3": 15.697670217393151, "capacity_source": "synthetic_manning_scenario", "capacity_is_observed": 0, "source_type": "prototype_drainage_capacity_overflow" }, "geometry": { "type": "Point", "coordinates": [ 376607.791000000026543, 2046501.903 ] } },
{ "type": "Feature", "properties": { "interval_id": "060_090", "scenario_id": "rajendra_nagar_heavy_rain_demo", "start_min": 60, "end_min": 90, "duration_s": 1800, "drain_node_id": "RN_DNODE_00407", "outgoing_drain_id": "RN_DRAIN_00170", "total_q_m3s": 0.15069701492447604, "capacity_m3s": 0.034854282915268278, "overflow_q_m3s": 0.11584273200920776, "overflow_volume_m3": 208.51691761657398, "capacity_source": "synthetic_manning_scenario", "capacity_is_observed": 0, "source_type": "prototype_drainage_capacity_overflow" }, "geometry": { "type": "Point", "coordinates": [ 377747.791000000026543, 2046471.903 ] } },
{ "type": "Feature", "properties": { "interval_id": "060_090", "scenario_id": "rajendra_nagar_heavy_rain_demo", "start_min": 60, "end_min": 90, "duration_s": 1800, "drain_node_id": "RN_DNODE_00104", "outgoing_drain_id": "RN_DRAIN_00187", "total_q_m3s": 0.19484049729819214, "capacity_m3s": 0.044467843567026905, "overflow_q_m3s": 0.15037265373116523, "overflow_volume_m3": 270.67077671609741, "capacity_source": "synthetic_manning_scenario", "capacity_is_observed": 0, "source_type": "prototype_drainage_capacity_overflow" }, "geometry": { "type": "Point", "coordinates": [ 376997.791000000026543, 2046411.903 ] } },
{ "type": "Feature", "properties": { "interval_id": "060_090", "scenario_id": "rajendra_nagar_heavy_rain_demo", "start_min": 60, "end_min": 90, "duration_s": 1800, "drain_node_id": "RN_DNODE_00015", "outgoing_drain_id": "RN_DRAIN_00210", "total_q_m3s": 0.10746930369587683, "capacity_m3s": 0.034854282915268278, "overflow_q_m3s": 0.072615020780608552, "overflow_volume_m3": 130.70703740509541, "capacity_source": "synthetic_manning_scenario", "capacity_is_observed": 0, "source_type": "prototype_drainage_capacity_overflow" }, "geometry": { "type": "Point", "coordinates": [ 376607.791000000026543, 2046351.903 ] } },
{ "type": "Feature", "properties": { "interval_id": "060_090", "scenario_id": "rajendra_nagar_heavy_rain_demo", "start_min": 60, "end_min": 90, "duration_s": 1800, "drain_node_id": "RN_DNODE_00548", "outgoing_drain_id": "RN_DRAIN_00252", "total_q_m3s": 0.29996930687479123, "capacity_m3s": 0.18704808214959012, "overflow_q_m3s": 0.11292122472520111, "overflow_volume_m3": 203.25820450536199, "capacity_source": "synthetic_manning_scenario", "capacity_is_observed": 0, "source_type": "prototype_drainage_capacity_overflow" }, "geometry": { "type": "Point", "coordinates": [ 378467.791000000026543, 2046291.903 ] } },
{ "type": "Feature", "properties": { "interval_id": "060_090", "scenario_id": "rajendra_nagar_heavy_rain_demo", "start_min": 60, "end_min": 90, "duration_s": 1800, "drain_node_id": "RN_DNODE_00458", "outgoing_drain_id": "RN_DRAIN_00368", "total_q_m3s": 0.56675622932403003, "capacity_m3s": 0.39165618549325898, "overflow_q_m3s": 0.17510004383077105, "overflow_volume_m3": 315.18007889538791, "capacity_source": "synthetic_manning_scenario", "capacity_is_observed": 0, "source_type": "prototype_drainage_capacity_overflow" }, "geometry": { "type": "Point", "coordinates": [ 377987.791000000026543, 2046021.903 ] } },
{ "type": "Feature", "properties": { "interval_id": "060_090", "scenario_id": "rajendra_nagar_heavy_rain_demo", "start_min": 60, "end_min": 90, "duration_s": 1800, "drain_node_id": "RN_DNODE_00547", "outgoing_drain_id": "RN_DRAIN_00385", "total_q_m3s": 0.079479285458399787, "capacity_m3s": 0.034854282915268278, "overflow_q_m3s": 0.044625002543131509, "overflow_volume_m3": 80.325004577636719, "capacity_source": "synthetic_manning_scenario", "capacity_is_observed": 0, "source_type": "prototype_drainage_capacity_overflow" }, "geometry": { "type": "Point", "coordinates": [ 378467.791000000026543, 2045961.903 ] } },
{ "type": "Feature", "properties": { "interval_id": "060_090", "scenario_id": "rajendra_nagar_heavy_rain_demo", "start_min": 60, "end_min": 90, "duration_s": 1800, "drain_node_id": "RN_DNODE_00068", "outgoing_drain_id": "RN_DRAIN_00433", "total_q_m3s": 0.19337500360276963, "capacity_m3s": 0.1272696969192279, "overflow_q_m3s": 0.066105306683541726, "overflow_volume_m3": 118.98955203037511, "capacity_source": "synthetic_manning_scenario", "capacity_is_observed": 0, "source_type": "prototype_drainage_capacity_overflow" }, "geometry": { "type": "Point", "coordinates": [ 376877.791000000026543, 2045811.903 ] } },
{ "type": "Feature", "properties": { "interval_id": "060_090", "scenario_id": "rajendra_nagar_heavy_rain_demo", "start_min": 60, "end_min": 90, "duration_s": 1800, "drain_node_id": "RN_DNODE_00180", "outgoing_drain_id": "RN_DRAIN_00516", "total_q_m3s": 0.19760428651803791, "capacity_m3s": 0.034844300305034812, "overflow_q_m3s": 0.16275998621300308, "overflow_volume_m3": 292.96797518340554, "capacity_source": "synthetic_manning_scenario", "capacity_is_observed": 0, "source_type": "prototype_drainage_capacity_overflow" }, "geometry": { "type": "Point", "coordinates": [ 377177.791000000026543, 2045601.903 ] } },
{ "type": "Feature", "properties": { "interval_id": "060_090", "scenario_id": "rajendra_nagar_heavy_rain_demo", "start_min": 60, "end_min": 90, "duration_s": 1800, "drain_node_id": "RN_DNODE_00050", "outgoing_drain_id": "RN_DRAIN_00082", "total_q_m3s": 0.19985824901420007, "capacity_m3s": 0.1272696969192279, "overflow_q_m3s": 0.07258855209497217, "overflow_volume_m3": 130.65939377094992, "capacity_source": "synthetic_manning_scenario", "capacity_is_observed": 0, "source_type": "prototype_drainage_capacity_overflow" }, "geometry": { "type": "Point", "coordinates": [ 376787.791000000026543, 2046621.903 ] } },
{ "type": "Feature", "properties": { "interval_id": "060_090", "scenario_id": "rajendra_nagar_heavy_rain_demo", "start_min": 60, "end_min": 90, "duration_s": 1800, "drain_node_id": "RN_DNODE_00504", "outgoing_drain_id": "RN_DRAIN_00053", "total_q_m3s": 1.1313750224643284, "capacity_m3s": 0.15694054372586286, "overflow_q_m3s": 0.97443447873846556, "overflow_volume_m3": 1753.982061729238, "capacity_source": "synthetic_manning_scenario", "capacity_is_observed": 0, "source_type": "prototype_drainage_capacity_overflow" }, "geometry": { "type": "Point", "coordinates": [ 378257.791000000026543, 2046741.903 ] } },
{ "type": "Feature", "properties": { "interval_id": "060_090", "scenario_id": "rajendra_nagar_heavy_rain_demo", "start_min": 60, "end_min": 90, "duration_s": 1800, "drain_node_id": "RN_DNODE_00019", "outgoing_drain_id": "RN_DRAIN_00153", "total_q_m3s": 0.11363335713599279, "capacity_m3s": 0.034854282915268278, "overflow_q_m3s": 0.078779074220724513, "overflow_volume_m3": 141.80233359730411, "capacity_source": "synthetic_manning_scenario", "capacity_is_observed": 0, "source_type": "prototype_drainage_capacity_overflow" }, "geometry": { "type": "Point", "coordinates": [ 376637.791000000026543, 2046501.903 ] } },
{ "type": "Feature", "properties": { "interval_id": "060_090", "scenario_id": "rajendra_nagar_heavy_rain_demo", "start_min": 60, "end_min": 90, "duration_s": 1800, "drain_node_id": "RN_DNODE_00397", "outgoing_drain_id": "RN_DRAIN_00169", "total_q_m3s": 0.24310429266393907, "capacity_m3s": 0.034844300305034812, "overflow_q_m3s": 0.20825999235890424, "overflow_volume_m3": 374.86798624602761, "capacity_source": "synthetic_manning_scenario", "capacity_is_observed": 0, "source_type": "prototype_drainage_capacity_overflow" }, "geometry": { "type": "Point", "coordinates": [ 377717.791000000026543, 2046471.903 ] } },
{ "type": "Feature", "properties": { "interval_id": "060_090", "scenario_id": "rajendra_nagar_heavy_rain_demo", "start_min": 60, "end_min": 90, "duration_s": 1800, "drain_node_id": "RN_DNODE_00480", "outgoing_drain_id": "RN_DRAIN_00160", "total_q_m3s": 0.12672928609418266, "capacity_m3s": 0.062336960286670622, "overflow_q_m3s": 0.06439232580751203, "overflow_volume_m3": 115.90618645352166, "capacity_source": "synthetic_manning_scenario", "capacity_is_observed": 0, "source_type": "prototype_drainage_capacity_overflow" }, "geometry": { "type": "Point", "coordinates": [ 378047.791000000026543, 2046501.903 ] } },
{ "type": "Feature", "properties": { "interval_id": "060_090", "scenario_id": "rajendra_nagar_heavy_rain_demo", "start_min": 60, "end_min": 90, "duration_s": 1800, "drain_node_id": "RN_DNODE_00018", "outgoing_drain_id": "RN_DRAIN_00220", "total_q_m3s": 0.22910428906116942, "capacity_m3s": 0.12723324562335805, "overflow_q_m3s": 0.10187104343781136, "overflow_volume_m3": 183.36787818806044, "capacity_source": "synthetic_manning_scenario", "capacity_is_observed": 0, "source_type": "prototype_drainage_capacity_overflow" }, "geometry": { "type": "Point", "coordinates": [ 376637.791000000026543, 2046321.903 ] } },
{ "type": "Feature", "properties": { "interval_id": "060_090", "scenario_id": "rajendra_nagar_heavy_rain_demo", "start_min": 60, "end_min": 90, "duration_s": 1800, "drain_node_id": "RN_DNODE_00017", "outgoing_drain_id": "RN_DRAIN_00240", "total_q_m3s": 0.25637500445048017, "capacity_m3s": 0.034854282915268278, "overflow_q_m3s": 0.22152072153521191, "overflow_volume_m3": 398.73729876338143, "capacity_source": "synthetic_manning_scenario", "capacity_is_observed": 0, "source_type": "prototype_drainage_capacity_overflow" }, "geometry": { "type": "Point", "coordinates": [ 376637.791000000026543, 2046291.903 ] } },
{ "type": "Feature", "properties": { "interval_id": "060_090", "scenario_id": "rajendra_nagar_heavy_rain_demo", "start_min": 60, "end_min": 90, "duration_s": 1800, "drain_node_id": "RN_DNODE_00111", "outgoing_drain_id": "RN_DRAIN_00285", "total_q_m3s": 0.88637501292758514, "capacity_m3s": 0.034844300305034812, "overflow_q_m3s": 0.85153071262255031, "overflow_volume_m3": 1532.7552827205905, "capacity_source": "synthetic_manning_scenario", "capacity_is_observed": 0, "source_type": "prototype_drainage_capacity_overflow" }, "geometry": { "type": "Point", "coordinates": [ 377027.791000000026543, 2046201.903 ] } },
{ "type": "Feature", "properties": { "interval_id": "060_090", "scenario_id": "rajendra_nagar_heavy_rain_demo", "start_min": 60, "end_min": 90, "duration_s": 1800, "drain_node_id": "RN_DNODE_00454", "outgoing_drain_id": "RN_DRAIN_00359", "total_q_m3s": 0.83003119439421924, "capacity_m3s": 0.48087166299014095, "overflow_q_m3s": 0.34915953140407829, "overflow_volume_m3": 628.48715652734097, "capacity_source": "synthetic_manning_scenario", "capacity_is_observed": 0, "source_type": "prototype_drainage_capacity_overflow" }, "geometry": { "type": "Point", "coordinates": [ 377957.791000000026543, 2046051.903 ] } },
{ "type": "Feature", "properties": { "interval_id": "060_090", "scenario_id": "rajendra_nagar_heavy_rain_demo", "start_min": 60, "end_min": 90, "duration_s": 1800, "drain_node_id": "RN_DNODE_00544", "outgoing_drain_id": "RN_DRAIN_00384", "total_q_m3s": 0.37872929054466281, "capacity_m3s": 0.15013191509707569, "overflow_q_m3s": 0.22859737544758713, "overflow_volume_m3": 411.47527580565685, "capacity_source": "synthetic_manning_scenario", "capacity_is_observed": 0, "source_type": "prototype_drainage_capacity_overflow" }, "geometry": { "type": "Point", "coordinates": [ 378437.791000000026543, 2045961.903 ] } },
{ "type": "Feature", "properties": { "interval_id": "060_090", "scenario_id": "rajendra_nagar_heavy_rain_demo", "start_min": 60, "end_min": 90, "duration_s": 1800, "drain_node_id": "RN_DNODE_00411", "outgoing_drain_id": "RN_DRAIN_00479", "total_q_m3s": 0.53223632095020212, "capacity_m3s": 0.30124813859248456, "overflow_q_m3s": 0.23098818235771756, "overflow_volume_m3": 415.77872824389163, "capacity_source": "synthetic_manning_scenario", "capacity_is_observed": 0, "source_type": "prototype_drainage_capacity_overflow" }, "geometry": { "type": "Point", "coordinates": [ 377777.791000000026543, 2045721.903 ] } },
{ "type": "Feature", "properties": { "interval_id": "060_090", "scenario_id": "rajendra_nagar_heavy_rain_demo", "start_min": 60, "end_min": 90, "duration_s": 1800, "drain_node_id": "RN_DNODE_00467", "outgoing_drain_id": "RN_DRAIN_00017", "total_q_m3s": 0.28612500826517739, "capacity_m3s": 0.034854282915268278, "overflow_q_m3s": 0.25127072534990913, "overflow_volume_m3": 452.28730562983645, "capacity_source": "synthetic_manning_scenario", "capacity_is_observed": 0, "source_type": "prototype_drainage_capacity_overflow" }, "geometry": { "type": "Point", "coordinates": [ 377987.791000000026543, 2046861.903 ] } },
{ "type": "Feature", "properties": { "interval_id": "060_090", "scenario_id": "rajendra_nagar_heavy_rain_demo", "start_min": 60, "end_min": 90, "duration_s": 1800, "drain_node_id": "RN_DNODE_00387", "outgoing_drain_id": "RN_DRAIN_00004", "total_q_m3s": 0.034844300305034812, "capacity_m3s": 0.02637752433631995, "overflow_q_m3s": 0.0084667759687148611, "overflow_volume_m3": 15.24019674368675, "capacity_source": "synthetic_manning_scenario", "capacity_is_observed": 0, "source_type": "prototype_drainage_capacity_overflow" }, "geometry": { "type": "Point", "coordinates": [ 377687.791000000026543, 2046921.903 ] } },
{ "type": "Feature", "properties": { "interval_id": "060_090", "scenario_id": "rajendra_nagar_heavy_rain_demo", "start_min": 60, "end_min": 90, "duration_s": 1800, "drain_node_id": "RN_DNODE_00023", "outgoing_drain_id": "RN_DRAIN_00154", "total_q_m3s": 0.25535428906116941, "capacity_m3s": 0.034854282915268278, "overflow_q_m3s": 0.22050000614590115, "overflow_volume_m3": 396.90001106262207, "capacity_source": "synthetic_manning_scenario", "capacity_is_observed": 0, "source_type": "prototype_drainage_capacity_overflow" }, "geometry": { "type": "Point", "coordinates": [ 376667.791000000026543, 2046501.903 ] } },
{ "type": "Feature", "properties": { "interval_id": "060_090", "scenario_id": "rajendra_nagar_heavy_rain_demo", "start_min": 60, "end_min": 90, "duration_s": 1800, "drain_node_id": "RN_DNODE_00386", "outgoing_drain_id": "RN_DRAIN_00159", "total_q_m3s": 0.11184430263623869, "capacity_m3s": 0.068286718630626422, "overflow_q_m3s": 0.043557584005612271, "overflow_volume_m3": 78.403651210102083, "capacity_source": "synthetic_manning_scenario", "capacity_is_observed": 0, "source_type": "prototype_drainage_capacity_overflow" }, "geometry": { "type": "Point", "coordinates": [ 377687.791000000026543, 2046501.903 ] } },
{ "type": "Feature", "properties": { "interval_id": "060_090", "scenario_id": "rajendra_nagar_heavy_rain_demo", "start_min": 60, "end_min": 90, "duration_s": 1800, "drain_node_id": "RN_DNODE_00481", "outgoing_drain_id": "RN_DRAIN_00147", "total_q_m3s": 0.19533696431329553, "capacity_m3s": 0.034854282915268278, "overflow_q_m3s": 0.16048268139802724, "overflow_volume_m3": 288.86882651644902, "capacity_source": "synthetic_manning_scenario", "capacity_is_observed": 0, "source_type": "prototype_drainage_capacity_overflow" }, "geometry": { "type": "Point", "coordinates": [ 378047.791000000026543, 2046531.903 ] } },
{ "type": "Feature", "properties": { "interval_id": "060_090", "scenario_id": "rajendra_nagar_heavy_rain_demo", "start_min": 60, "end_min": 90, "duration_s": 1800, "drain_node_id": "RN_DNODE_00542", "outgoing_drain_id": "RN_DRAIN_00267", "total_q_m3s": 0.18704808214959012, "capacity_m3s": 0.034854282915268278, "overflow_q_m3s": 0.15219379923432186, "overflow_volume_m3": 273.94883862177937, "capacity_source": "synthetic_manning_scenario", "capacity_is_observed": 0, "source_type": "prototype_drainage_capacity_overflow" }, "geometry": { "type": "Point", "coordinates": [ 378407.791000000026543, 2046261.903 ] } },
{ "type": "Feature", "properties": { "interval_id": "060_090", "scenario_id": "rajendra_nagar_heavy_rain_demo", "start_min": 60, "end_min": 90, "duration_s": 1800, "drain_node_id": "RN_DNODE_00021", "outgoing_drain_id": "RN_DRAIN_00241", "total_q_m3s": 0.24069181251353275, "capacity_m3s": 0.12723324562335805, "overflow_q_m3s": 0.11345856689017469, "overflow_volume_m3": 204.22542040231446, "capacity_source": "synthetic_manning_scenario", "capacity_is_observed": 0, "source_type": "prototype_drainage_capacity_overflow" }, "geometry": { "type": "Point", "coordinates": [ 376667.791000000026543, 2046291.903 ] } },
{ "type": "Feature", "properties": { "interval_id": "060_090", "scenario_id": "rajendra_nagar_heavy_rain_demo", "start_min": 60, "end_min": 90, "duration_s": 1800, "drain_node_id": "RN_DNODE_00540", "outgoing_drain_id": "RN_DRAIN_00378", "total_q_m3s": 0.23938191806406245, "capacity_m3s": 0.1348146985507728, "overflow_q_m3s": 0.10456721951328965, "overflow_volume_m3": 188.22099512392137, "capacity_source": "synthetic_manning_scenario", "capacity_is_observed": 0, "source_type": "prototype_drainage_capacity_overflow" }, "geometry": { "type": "Point", "coordinates": [ 378407.791000000026543, 2045991.903 ] } },
{ "type": "Feature", "properties": { "interval_id": "060_090", "scenario_id": "rajendra_nagar_heavy_rain_demo", "start_min": 60, "end_min": 90, "duration_s": 1800, "drain_node_id": "RN_DNODE_00404", "outgoing_drain_id": "RN_DRAIN_00478", "total_q_m3s": 0.35724814028790552, "capacity_m3s": 0.30124813859248456, "overflow_q_m3s": 0.056000001695420965, "overflow_volume_m3": 100.80000305175774, "capacity_source": "synthetic_manning_scenario", "capacity_is_observed": 0, "source_type": "prototype_drainage_capacity_overflow" }, "geometry": { "type": "Point", "coordinates": [ 377747.791000000026543, 2045721.903 ] } },
{ "type": "Feature", "properties": { "interval_id": "060_090", "scenario_id": "rajendra_nagar_heavy_rain_demo", "start_min": 60, "end_min": 90, "duration_s": 1800, "drain_node_id": "RN_DNODE_00027", "outgoing_drain_id": "RN_DRAIN_00155", "total_q_m3s": 0.12672928609418266, "capacity_m3s": 0.034844300305034812, "overflow_q_m3s": 0.091884985789147847, "overflow_volume_m3": 165.39297442046612, "capacity_source": "synthetic_manning_scenario", "capacity_is_observed": 0, "source_type": "prototype_drainage_capacity_overflow" }, "geometry": { "type": "Point", "coordinates": [ 376697.791000000026543, 2046501.903 ] } },
{ "type": "Feature", "properties": { "interval_id": "060_090", "scenario_id": "rajendra_nagar_heavy_rain_demo", "start_min": 60, "end_min": 90, "duration_s": 1800, "drain_node_id": "RN_DNODE_00378", "outgoing_drain_id": "RN_DRAIN_00146", "total_q_m3s": 0.1601617218095408, "capacity_m3s": 0.12524186330580878, "overflow_q_m3s": 0.034919858503732026, "overflow_volume_m3": 62.855745306717651, "capacity_source": "synthetic_manning_scenario", "capacity_is_observed": 0, "source_type": "prototype_drainage_capacity_overflow" }, "geometry": { "type": "Point", "coordinates": [ 377657.791000000026543, 2046531.903 ] } },
{ "type": "Feature", "properties": { "interval_id": "060_090", "scenario_id": "rajendra_nagar_heavy_rain_demo", "start_min": 60, "end_min": 90, "duration_s": 1800, "drain_node_id": "RN_DNODE_00482", "outgoing_drain_id": "RN_DRAIN_00134", "total_q_m3s": 0.064604284610689289, "capacity_m3s": 0.034844300305034812, "overflow_q_m3s": 0.029759984305654477, "overflow_volume_m3": 53.56797175017806, "capacity_source": "synthetic_manning_scenario", "capacity_is_observed": 0, "source_type": "prototype_drainage_capacity_overflow" }, "geometry": { "type": "Point", "coordinates": [ 378047.791000000026543, 2046561.903 ] } },
{ "type": "Feature", "properties": { "interval_id": "060_090", "scenario_id": "rajendra_nagar_heavy_rain_demo", "start_min": 60, "end_min": 90, "duration_s": 1800, "drain_node_id": "RN_DNODE_00069", "outgoing_drain_id": "RN_DRAIN_00421", "total_q_m3s": 1.1830000156826443, "capacity_m3s": 0.12723324562335805, "overflow_q_m3s": 1.0557667700592863, "overflow_volume_m3": 1900.3801861067154, "capacity_source": "synthetic_manning_scenario", "capacity_is_observed": 0, "source_type": "prototype_drainage_capacity_overflow" }, "geometry": { "type": "Point", "coordinates": [ 376877.791000000026543, 2045841.903 ] } },
{ "type": "Feature", "properties": { "interval_id": "060_090", "scenario_id": "rajendra_nagar_heavy_rain_demo", "start_min": 60, "end_min": 90, "duration_s": 1800, "drain_node_id": "RN_DNODE_00536", "outgoing_drain_id": "RN_DRAIN_00369", "total_q_m3s": 0.31316898528073833, "capacity_m3s": 0.18393770855067063, "overflow_q_m3s": 0.12923127673006771, "overflow_volume_m3": 232.61629811412186, "capacity_source": "synthetic_manning_scenario", "capacity_is_observed": 0, "source_type": "prototype_drainage_capacity_overflow" }, "geometry": { "type": "Point", "coordinates": [ 378377.791000000026543, 2046021.903 ] } },
{ "type": "Feature", "properties": { "interval_id": "060_090", "scenario_id": "rajendra_nagar_heavy_rain_demo", "start_min": 60, "end_min": 90, "duration_s": 1800, "drain_node_id": "RN_DNODE_00141", "outgoing_drain_id": "RN_DRAIN_00485", "total_q_m3s": 0.095219303060093949, "capacity_m3s": 0.02637752433631995, "overflow_q_m3s": 0.068841778723774005, "overflow_volume_m3": 123.91520170279321, "capacity_source": "synthetic_manning_scenario", "capacity_is_observed": 0, "source_type": "prototype_drainage_capacity_overflow" }, "geometry": { "type": "Point", "coordinates": [ 377117.791000000026543, 2045691.903 ] } },
{ "type": "Feature", "properties": { "interval_id": "060_090", "scenario_id": "rajendra_nagar_heavy_rain_demo", "start_min": 60, "end_min": 90, "duration_s": 1800, "drain_node_id": "RN_DNODE_00391", "outgoing_drain_id": "RN_DRAIN_00477", "total_q_m3s": 0.83674814367874761, "capacity_m3s": 0.30124813859248456, "overflow_q_m3s": 0.53550000508626305, "overflow_volume_m3": 963.90000915527355, "capacity_source": "synthetic_manning_scenario", "capacity_is_observed": 0, "source_type": "prototype_drainage_capacity_overflow" }, "geometry": { "type": "Point", "coordinates": [ 377717.791000000026543, 2045721.903 ] } },
{ "type": "Feature", "properties": { "interval_id": "060_090", "scenario_id": "rajendra_nagar_heavy_rain_demo", "start_min": 60, "end_min": 90, "duration_s": 1800, "drain_node_id": "RN_DNODE_00278", "outgoing_drain_id": "RN_DRAIN_00522", "total_q_m3s": 0.48776971048259599, "capacity_m3s": 0.48080413635127461, "overflow_q_m3s": 0.0069655741313213726, "overflow_volume_m3": 12.53803343637847, "capacity_source": "synthetic_manning_scenario", "capacity_is_observed": 0, "source_type": "prototype_drainage_capacity_overflow" }, "geometry": { "type": "Point", "coordinates": [ 377357.791000000026543, 2045601.903 ] } },
{ "type": "Feature", "properties": { "interval_id": "060_090", "scenario_id": "rajendra_nagar_heavy_rain_demo", "start_min": 60, "end_min": 90, "duration_s": 1800, "drain_node_id": "RN_DNODE_00025", "outgoing_drain_id": "RN_DRAIN_00270", "total_q_m3s": 0.17360824689492382, "capacity_m3s": 0.12723324562335805, "overflow_q_m3s": 0.046375001271565769, "overflow_volume_m3": 83.475002288818388, "capacity_source": "synthetic_manning_scenario", "capacity_is_observed": 0, "source_type": "prototype_drainage_capacity_overflow" }, "geometry": { "type": "Point", "coordinates": [ 376697.791000000026543, 2046231.903 ] } },
{ "type": "Feature", "properties": { "interval_id": "060_090", "scenario_id": "rajendra_nagar_heavy_rain_demo", "start_min": 60, "end_min": 90, "duration_s": 1800, "drain_node_id": "RN_DNODE_00039", "outgoing_drain_id": "RN_DRAIN_00121", "total_q_m3s": 0.16009682803219677, "capacity_m3s": 0.12723324562335805, "overflow_q_m3s": 0.032863582408838715, "overflow_volume_m3": 59.154448335909684, "capacity_source": "synthetic_manning_scenario", "capacity_is_observed": 0, "source_type": "prototype_drainage_capacity_overflow" }, "geometry": { "type": "Point", "coordinates": [ 376757.791000000026543, 2046561.903 ] } },
{ "type": "Feature", "properties": { "interval_id": "060_090", "scenario_id": "rajendra_nagar_heavy_rain_demo", "start_min": 60, "end_min": 90, "duration_s": 1800, "drain_node_id": "RN_DNODE_00174", "outgoing_drain_id": "RN_DRAIN_00156", "total_q_m3s": 0.087342845262447913, "capacity_m3s": 0.034844300305034812, "overflow_q_m3s": 0.052498544957413101, "overflow_volume_m3": 94.497380923343584, "capacity_source": "synthetic_manning_scenario", "capacity_is_observed": 0, "source_type": "prototype_drainage_capacity_overflow" }, "geometry": { "type": "Point", "coordinates": [ 377147.791000000026543, 2046501.903 ] } },
{ "type": "Feature", "properties": { "interval_id": "060_090", "scenario_id": "rajendra_nagar_heavy_rain_demo", "start_min": 60, "end_min": 90, "duration_s": 1800, "drain_node_id": "RN_DNODE_00473", "outgoing_drain_id": "RN_DRAIN_00102", "total_q_m3s": 0.16959430517937021, "capacity_m3s": 0.12723324562335805, "overflow_q_m3s": 0.042361059556012159, "overflow_volume_m3": 76.24990720082188, "capacity_source": "synthetic_manning_scenario", "capacity_is_observed": 0, "source_type": "prototype_drainage_capacity_overflow" }, "geometry": { "type": "Point", "coordinates": [ 378017.791000000026543, 2046621.903 ] } },
{ "type": "Feature", "properties": { "interval_id": "060_090", "scenario_id": "rajendra_nagar_heavy_rain_demo", "start_min": 60, "end_min": 90, "duration_s": 1800, "drain_node_id": "RN_DNODE_00273", "outgoing_drain_id": "RN_DRAIN_00500", "total_q_m3s": 0.58230414101368244, "capacity_m3s": 0.38825424207139908, "overflow_q_m3s": 0.19404989894228336, "overflow_volume_m3": 349.28981809611003, "capacity_source": "synthetic_manning_scenario", "capacity_is_observed": 0, "source_type": "prototype_drainage_capacity_overflow" }, "geometry": { "type": "Point", "coordinates": [ 377327.791000000026543, 2045661.903 ] } },
{ "type": "Feature", "properties": { "interval_id": "060_090", "scenario_id": "rajendra_nagar_heavy_rain_demo", "start_min": 60, "end_min": 90, "duration_s": 1800, "drain_node_id": "RN_DNODE_00049", "outgoing_drain_id": "RN_DRAIN_00105", "total_q_m3s": 0.14210824647106857, "capacity_m3s": 0.1272696969192279, "overflow_q_m3s": 0.014838549551840663, "overflow_volume_m3": 26.709389193313193, "capacity_source": "synthetic_manning_scenario", "capacity_is_observed": 0, "source_type": "prototype_drainage_capacity_overflow" }, "geometry": { "type": "Point", "coordinates": [ 376787.791000000026543, 2046591.903 ] } },
{ "type": "Feature", "properties": { "interval_id": "060_090", "scenario_id": "rajendra_nagar_heavy_rain_demo", "start_min": 60, "end_min": 90, "duration_s": 1800, "drain_node_id": "RN_DNODE_00360", "outgoing_drain_id": "RN_DRAIN_00144", "total_q_m3s": 0.24424186584894031, "capacity_m3s": 0.10887560820568472, "overflow_q_m3s": 0.13536625764325561, "overflow_volume_m3": 243.65926375786009, "capacity_source": "synthetic_manning_scenario", "capacity_is_observed": 0, "source_type": "prototype_drainage_capacity_overflow" }, "geometry": { "type": "Point", "coordinates": [ 377567.791000000026543, 2046531.903 ] } },
{ "type": "Feature", "properties": { "interval_id": "060_090", "scenario_id": "rajendra_nagar_heavy_rain_demo", "start_min": 60, "end_min": 90, "duration_s": 1800, "drain_node_id": "RN_DNODE_00460", "outgoing_drain_id": "RN_DRAIN_00077", "total_q_m3s": 0.17273324753070668, "capacity_m3s": 0.1272696969192279, "overflow_q_m3s": 0.045463550611478776, "overflow_volume_m3": 81.83439110066179, "capacity_source": "synthetic_manning_scenario", "capacity_is_observed": 0, "source_type": "prototype_drainage_capacity_overflow" }, "geometry": { "type": "Point", "coordinates": [ 377987.791000000026543, 2046651.903 ] } },
{ "type": "Feature", "properties": { "interval_id": "060_090", "scenario_id": "rajendra_nagar_heavy_rain_demo", "start_min": 60, "end_min": 90, "duration_s": 1800, "drain_node_id": "RN_DNODE_00510", "outgoing_drain_id": "RN_DRAIN_00347", "total_q_m3s": 0.65569024411915477, "capacity_m3s": 0.30124813859248456, "overflow_q_m3s": 0.35444210552667021, "overflow_volume_m3": 637.9957899480064, "capacity_source": "synthetic_manning_scenario", "capacity_is_observed": 0, "source_type": "prototype_drainage_capacity_overflow" }, "geometry": { "type": "Point", "coordinates": [ 378287.791000000026543, 2046111.903 ] } },
{ "type": "Feature", "properties": { "interval_id": "060_090", "scenario_id": "rajendra_nagar_heavy_rain_demo", "start_min": 60, "end_min": 90, "duration_s": 1800, "drain_node_id": "RN_DNODE_00353", "outgoing_drain_id": "RN_DRAIN_00143", "total_q_m3s": 0.16662560862953996, "capacity_m3s": 0.034854282915268278, "overflow_q_m3s": 0.13177132571427169, "overflow_volume_m3": 237.18838628568903, "capacity_source": "synthetic_manning_scenario", "capacity_is_observed": 0, "source_type": "prototype_drainage_capacity_overflow" }, "geometry": { "type": "Point", "coordinates": [ 377537.791000000026543, 2046531.903 ] } },
{ "type": "Feature", "properties": { "interval_id": "060_090", "scenario_id": "rajendra_nagar_heavy_rain_demo", "start_min": 60, "end_min": 90, "duration_s": 1800, "drain_node_id": "RN_DNODE_00362", "outgoing_drain_id": "RN_DRAIN_00455", "total_q_m3s": 0.61084244801040732, "capacity_m3s": 0.3425817481644578, "overflow_q_m3s": 0.26826069984594952, "overflow_volume_m3": 482.86925972270916, "capacity_source": "synthetic_manning_scenario", "capacity_is_observed": 0, "source_type": "prototype_drainage_capacity_overflow" }, "geometry": { "type": "Point", "coordinates": [ 377597.791000000026543, 2045781.903 ] } },
{ "type": "Feature", "properties": { "interval_id": "060_090", "scenario_id": "rajendra_nagar_heavy_rain_demo", "start_min": 60, "end_min": 90, "duration_s": 1800, "drain_node_id": "RN_DNODE_00255", "outgoing_drain_id": "RN_DRAIN_00490", "total_q_m3s": 0.40312924291910956, "capacity_m3s": 0.16554197630939951, "overflow_q_m3s": 0.23758726660971005, "overflow_volume_m3": 427.65707989747807, "capacity_source": "synthetic_manning_scenario", "capacity_is_observed": 0, "source_type": "prototype_drainage_capacity_overflow" }, "geometry": { "type": "Point", "coordinates": [ 377267.791000000026543, 2045691.903 ] } },
{ "type": "Feature", "properties": { "interval_id": "060_090", "scenario_id": "rajendra_nagar_heavy_rain_demo", "start_min": 60, "end_min": 90, "duration_s": 1800, "drain_node_id": "RN_DNODE_00344", "outgoing_drain_id": "RN_DRAIN_00142", "total_q_m3s": 0.16872928630611028, "capacity_m3s": 0.10542103561186149, "overflow_q_m3s": 0.063308250694248794, "overflow_volume_m3": 113.95485124964783, "capacity_source": "synthetic_manning_scenario", "capacity_is_observed": 0, "source_type": "prototype_drainage_capacity_overflow" }, "geometry": { "type": "Point", "coordinates": [ 377507.791000000026543, 2046531.903 ] } },
{ "type": "Feature", "properties": { "interval_id": "060_090", "scenario_id": "rajendra_nagar_heavy_rain_demo", "start_min": 60, "end_min": 90, "duration_s": 1800, "drain_node_id": "RN_DNODE_00463", "outgoing_drain_id": "RN_DRAIN_00052", "total_q_m3s": 0.53414471069452363, "capacity_m3s": 0.1272696969192279, "overflow_q_m3s": 0.40687501377529572, "overflow_volume_m3": 732.37502479553234, "capacity_source": "synthetic_manning_scenario", "capacity_is_observed": 0, "source_type": "prototype_drainage_capacity_overflow" }, "geometry": { "type": "Point", "coordinates": [ 377987.791000000026543, 2046741.903 ] } },
{ "type": "Feature", "properties": { "interval_id": "060_090", "scenario_id": "rajendra_nagar_heavy_rain_demo", "start_min": 60, "end_min": 90, "duration_s": 1800, "drain_node_id": "RN_DNODE_00079", "outgoing_drain_id": "RN_DRAIN_00086", "total_q_m3s": 0.53438370262059565, "capacity_m3s": 0.30124813859248456, "overflow_q_m3s": 0.23313556402811109, "overflow_volume_m3": 419.64401525059998, "capacity_source": "synthetic_manning_scenario", "capacity_is_observed": 0, "source_type": "prototype_drainage_capacity_overflow" }, "geometry": { "type": "Point", "coordinates": [ 376907.791000000026543, 2046621.903 ] } },
{ "type": "Feature", "properties": { "interval_id": "060_090", "scenario_id": "rajendra_nagar_heavy_rain_demo", "start_min": 60, "end_min": 90, "duration_s": 1800, "drain_node_id": "RN_DNODE_00502", "outgoing_drain_id": "RN_DRAIN_00332", "total_q_m3s": 0.37095670442302109, "capacity_m3s": 0.30107555299333355, "overflow_q_m3s": 0.069881151429687538, "overflow_volume_m3": 125.78607257343756, "capacity_source": "synthetic_manning_scenario", "capacity_is_observed": 0, "source_type": "prototype_drainage_capacity_overflow" }, "geometry": { "type": "Point", "coordinates": [ 378257.791000000026543, 2046141.903 ] } },
{ "type": "Feature", "properties": { "interval_id": "060_090", "scenario_id": "rajendra_nagar_heavy_rain_demo", "start_min": 60, "end_min": 90, "duration_s": 1800, "drain_node_id": "RN_DNODE_00341", "outgoing_drain_id": "RN_DRAIN_00443", "total_q_m3s": 0.58845675706541811, "capacity_m3s": 0.56744386869295582, "overflow_q_m3s": 0.021012888372462291, "overflow_volume_m3": 37.823199070432125, "capacity_source": "synthetic_manning_scenario", "capacity_is_observed": 0, "source_type": "prototype_drainage_capacity_overflow" }, "geometry": { "type": "Point", "coordinates": [ 377507.791000000026543, 2045811.903 ] } },
{ "type": "Feature", "properties": { "interval_id": "060_090", "scenario_id": "rajendra_nagar_heavy_rain_demo", "start_min": 60, "end_min": 90, "duration_s": 1800, "drain_node_id": "RN_DNODE_00330", "outgoing_drain_id": "RN_DRAIN_00442", "total_q_m3s": 0.60869639387698626, "capacity_m3s": 0.30124813859248456, "overflow_q_m3s": 0.3074482552845017, "overflow_volume_m3": 553.4068595121031, "capacity_source": "synthetic_manning_scenario", "capacity_is_observed": 0, "source_type": "prototype_drainage_capacity_overflow" }, "geometry": { "type": "Point", "coordinates": [ 377477.791000000026543, 2045811.903 ] } },
{ "type": "Feature", "properties": { "interval_id": "060_090", "scenario_id": "rajendra_nagar_heavy_rain_demo", "start_min": 60, "end_min": 90, "duration_s": 1800, "drain_node_id": "RN_DNODE_00466", "outgoing_drain_id": "RN_DRAIN_00029", "total_q_m3s": 0.27426970031006992, "capacity_m3s": 0.12723324562335805, "overflow_q_m3s": 0.14703645468671186, "overflow_volume_m3": 264.66561843608133, "capacity_source": "synthetic_manning_scenario", "capacity_is_observed": 0, "source_type": "prototype_drainage_capacity_overflow" }, "geometry": { "type": "Point", "coordinates": [ 377987.791000000026543, 2046831.903 ] } },
{ "type": "Feature", "properties": { "interval_id": "060_090", "scenario_id": "rajendra_nagar_heavy_rain_demo", "start_min": 60, "end_min": 90, "duration_s": 1800, "drain_node_id": "RN_DNODE_00314", "outgoing_drain_id": "RN_DRAIN_00441", "total_q_m3s": 0.36074814198332655, "capacity_m3s": 0.30116185815577506, "overflow_q_m3s": 0.059586283827551489, "overflow_volume_m3": 107.25531088959268, "capacity_source": "synthetic_manning_scenario", "capacity_is_observed": 0, "source_type": "prototype_drainage_capacity_overflow" }, "geometry": { "type": "Point", "coordinates": [ 377447.791000000026543, 2045811.903 ] } },
{ "type": "Feature", "properties": { "interval_id": "060_090", "scenario_id": "rajendra_nagar_heavy_rain_demo", "start_min": 60, "end_min": 90, "duration_s": 1800, "drain_node_id": "RN_DNODE_00143", "outgoing_drain_id": "RN_DRAIN_00463", "total_q_m3s": 0.43941698181951777, "capacity_m3s": 0.096316987382127545, "overflow_q_m3s": 0.34309999443739025, "overflow_volume_m3": 617.5799899873025, "capacity_source": "synthetic_manning_scenario", "capacity_is_observed": 0, "source_type": "prototype_drainage_capacity_overflow" }, "geometry": { "type": "Point", "coordinates": [ 377117.791000000026543, 2045751.903 ] } },
{ "type": "Feature", "properties": { "interval_id": "060_090", "scenario_id": "rajendra_nagar_heavy_rain_demo", "start_min": 60, "end_min": 90, "duration_s": 1800, "drain_node_id": "RN_DNODE_00456", "outgoing_drain_id": "RN_DRAIN_00016", "total_q_m3s": 0.38346253404874464, "capacity_m3s": 0.12723324562335805, "overflow_q_m3s": 0.25622928842538661, "overflow_volume_m3": 461.21271916569589, "capacity_source": "synthetic_manning_scenario", "capacity_is_observed": 0, "source_type": "prototype_drainage_capacity_overflow" }, "geometry": { "type": "Point", "coordinates": [ 377957.791000000026543, 2046861.903 ] } },
{ "type": "Feature", "properties": { "interval_id": "060_090", "scenario_id": "rajendra_nagar_heavy_rain_demo", "start_min": 60, "end_min": 90, "duration_s": 1800, "drain_node_id": "RN_DNODE_00296", "outgoing_drain_id": "RN_DRAIN_00428", "total_q_m3s": 0.48753686366589333, "capacity_m3s": 0.30116185815577506, "overflow_q_m3s": 0.18637500551011826, "overflow_volume_m3": 335.47500991821289, "capacity_source": "synthetic_manning_scenario", "capacity_is_observed": 0, "source_type": "prototype_drainage_capacity_overflow" }, "geometry": { "type": "Point", "coordinates": [ 377417.791000000026543, 2045841.903 ] } },
{ "type": "Feature", "properties": { "interval_id": "060_090", "scenario_id": "rajendra_nagar_heavy_rain_demo", "start_min": 60, "end_min": 90, "duration_s": 1800, "drain_node_id": "RN_DNODE_00131", "outgoing_drain_id": "RN_DRAIN_00450", "total_q_m3s": 0.37719745426103346, "capacity_m3s": 0.30116185815577506, "overflow_q_m3s": 0.076035596105258396, "overflow_volume_m3": 136.86407298946511, "capacity_source": "synthetic_manning_scenario", "capacity_is_observed": 0, "source_type": "prototype_drainage_capacity_overflow" }, "geometry": { "type": "Point", "coordinates": [ 377087.791000000026543, 2045781.903 ] } },
{ "type": "Feature", "properties": { "interval_id": "060_090", "scenario_id": "rajendra_nagar_heavy_rain_demo", "start_min": 60, "end_min": 90, "duration_s": 1800, "drain_node_id": "RN_DNODE_00493", "outgoing_drain_id": "RN_DRAIN_00328", "total_q_m3s": 1.9749505860540433, "capacity_m3s": 1.7363557578581901, "overflow_q_m3s": 0.2385948281958532, "overflow_volume_m3": 429.47069075253575, "capacity_source": "synthetic_manning_scenario", "capacity_is_observed": 0, "source_type": "prototype_drainage_capacity_overflow" }, "geometry": { "type": "Point", "coordinates": [ 378137.791000000026543, 2046141.903 ] } },
{ "type": "Feature", "properties": { "interval_id": "060_090", "scenario_id": "rajendra_nagar_heavy_rain_demo", "start_min": 60, "end_min": 90, "duration_s": 1800, "drain_node_id": "RN_DNODE_00285", "outgoing_drain_id": "RN_DRAIN_00417", "total_q_m3s": 0.44116186239432759, "capacity_m3s": 0.30116185815577506, "overflow_q_m3s": 0.14000000423855252, "overflow_volume_m3": 252.00000762939453, "capacity_source": "synthetic_manning_scenario", "capacity_is_observed": 0, "source_type": "prototype_drainage_capacity_overflow" }, "geometry": { "type": "Point", "coordinates": [ 377387.791000000026543, 2045871.903 ] } },
{ "type": "Feature", "properties": { "interval_id": "060_090", "scenario_id": "rajendra_nagar_heavy_rain_demo", "start_min": 60, "end_min": 90, "duration_s": 1800, "drain_node_id": "RN_DNODE_00450", "outgoing_drain_id": "RN_DRAIN_00006", "total_q_m3s": 0.24798324901420007, "capacity_m3s": 0.096316987382127545, "overflow_q_m3s": 0.15166626163207253, "overflow_volume_m3": 272.99927093773056, "capacity_source": "synthetic_manning_scenario", "capacity_is_observed": 0, "source_type": "prototype_drainage_capacity_overflow" }, "geometry": { "type": "Point", "coordinates": [ 377927.791000000026543, 2046921.903 ] } },
{ "type": "Feature", "properties": { "interval_id": "060_090", "scenario_id": "rajendra_nagar_heavy_rain_demo", "start_min": 60, "end_min": 90, "duration_s": 1800, "drain_node_id": "RN_DNODE_00489", "outgoing_drain_id": "RN_DRAIN_00327", "total_q_m3s": 1.8107307620967426, "capacity_m3s": 0.52668488356746512, "overflow_q_m3s": 1.2840458785292774, "overflow_volume_m3": 2311.2825813526993, "capacity_source": "synthetic_manning_scenario", "capacity_is_observed": 0, "source_type": "prototype_drainage_capacity_overflow" }, "geometry": { "type": "Point", "coordinates": [ 378107.791000000026543, 2046141.903 ] } },
{ "type": "Feature", "properties": { "interval_id": "060_090", "scenario_id": "rajendra_nagar_heavy_rain_demo", "start_min": 60, "end_min": 90, "duration_s": 1800, "drain_node_id": "RN_DNODE_00112", "outgoing_drain_id": "RN_DRAIN_00226", "total_q_m3s": 1.097608254736246, "capacity_m3s": 0.22629368210844161, "overflow_q_m3s": 0.87131457262780443, "overflow_volume_m3": 1568.3662307300481, "capacity_source": "synthetic_manning_scenario", "capacity_is_observed": 0, "source_type": "prototype_drainage_capacity_overflow" }, "geometry": { "type": "Point", "coordinates": [ 377027.791000000026543, 2046321.903 ] } },
{ "type": "Feature", "properties": { "interval_id": "060_090", "scenario_id": "rajendra_nagar_heavy_rain_demo", "start_min": 60, "end_min": 90, "duration_s": 1800, "drain_node_id": "RN_DNODE_00279", "outgoing_drain_id": "RN_DRAIN_00409", "total_q_m3s": 0.3615368609108342, "capacity_m3s": 0.30124813859248456, "overflow_q_m3s": 0.060288722318349641, "overflow_volume_m3": 108.51970017302935, "capacity_source": "synthetic_manning_scenario", "capacity_is_observed": 0, "source_type": "prototype_drainage_capacity_overflow" }, "geometry": { "type": "Point", "coordinates": [ 377357.791000000026543, 2045901.903 ] } },
{ "type": "Feature", "properties": { "interval_id": "060_090", "scenario_id": "rajendra_nagar_heavy_rain_demo", "start_min": 60, "end_min": 90, "duration_s": 1800, "drain_node_id": "RN_DNODE_00485", "outgoing_drain_id": "RN_DRAIN_00326", "total_q_m3s": 0.52668488356746512, "capacity_m3s": 0.30124813859248456, "overflow_q_m3s": 0.22543674497498056, "overflow_volume_m3": 405.78614095496499, "capacity_source": "synthetic_manning_scenario", "capacity_is_observed": 0, "source_type": "prototype_drainage_capacity_overflow" }, "geometry": { "type": "Point", "coordinates": [ 378077.791000000026543, 2046141.903 ] } },
{ "type": "Feature", "properties": { "interval_id": "060_090", "scenario_id": "rajendra_nagar_heavy_rain_demo", "start_min": 60, "end_min": 90, "duration_s": 1800, "drain_node_id": "RN_DNODE_00123", "outgoing_drain_id": "RN_DRAIN_00227", "total_q_m3s": 0.22629368210844161, "capacity_m3s": 0.19248944506420465, "overflow_q_m3s": 0.033804237044236962, "overflow_volume_m3": 60.847626679626529, "capacity_source": "synthetic_manning_scenario", "capacity_is_observed": 0, "source_type": "prototype_drainage_capacity_overflow" }, "geometry": { "type": "Point", "coordinates": [ 377057.791000000026543, 2046321.903 ] } },
{ "type": "Feature", "properties": { "interval_id": "060_090", "scenario_id": "rajendra_nagar_heavy_rain_demo", "start_min": 60, "end_min": 90, "duration_s": 1800, "drain_node_id": "RN_DNODE_00274", "outgoing_drain_id": "RN_DRAIN_00408", "total_q_m3s": 0.34674814049983321, "capacity_m3s": 0.3305358790663851, "overflow_q_m3s": 0.016212261433448116, "overflow_volume_m3": 29.182070580206609, "capacity_source": "synthetic_manning_scenario", "capacity_is_observed": 0, "source_type": "prototype_drainage_capacity_overflow" }, "geometry": { "type": "Point", "coordinates": [ 377327.791000000026543, 2045901.903 ] } },
{ "type": "Feature", "properties": { "interval_id": "060_090", "scenario_id": "rajendra_nagar_heavy_rain_demo", "start_min": 60, "end_min": 90, "duration_s": 1800, "drain_node_id": "RN_DNODE_00176", "outgoing_drain_id": "RN_DRAIN_00126", "total_q_m3s": 1.1937481650834378, "capacity_m3s": 0.22798288882636691, "overflow_q_m3s": 0.96576527625707098, "overflow_volume_m3": 1738.3774972627277, "capacity_source": "synthetic_manning_scenario", "capacity_is_observed": 0, "source_type": "prototype_drainage_capacity_overflow" }, "geometry": { "type": "Point", "coordinates": [ 377147.791000000026543, 2046561.903 ] } },
{ "type": "Feature", "properties": { "interval_id": "060_090", "scenario_id": "rajendra_nagar_heavy_rain_demo", "start_min": 60, "end_min": 90, "duration_s": 1800, "drain_node_id": "RN_DNODE_00459", "outgoing_drain_id": "RN_DRAIN_00311", "total_q_m3s": 0.693248153639346, "capacity_m3s": 0.30124813859248456, "overflow_q_m3s": 0.39200001504686144, "overflow_volume_m3": 705.60002708435059, "capacity_source": "synthetic_manning_scenario", "capacity_is_observed": 0, "source_type": "prototype_drainage_capacity_overflow" }, "geometry": { "type": "Point", "coordinates": [ 377987.791000000026543, 2046171.903 ] } },
{ "type": "Feature", "properties": { "interval_id": "060_090", "scenario_id": "rajendra_nagar_heavy_rain_demo", "start_min": 60, "end_min": 90, "duration_s": 1800, "drain_node_id": "RN_DNODE_00210", "outgoing_drain_id": "RN_DRAIN_00381", "total_q_m3s": 0.72182274167264038, "capacity_m3s": 0.69327138773681873, "overflow_q_m3s": 0.028551353935821644, "overflow_volume_m3": 51.392437084478956, "capacity_source": "synthetic_manning_scenario", "capacity_is_observed": 0, "source_type": "prototype_drainage_capacity_overflow" }, "geometry": { "type": "Point", "coordinates": [ 377207.791000000026543, 2045961.903 ] } },
{ "type": "Feature", "properties": { "interval_id": "060_090", "scenario_id": "rajendra_nagar_heavy_rain_demo", "start_min": 60, "end_min": 90, "duration_s": 1800, "drain_node_id": "RN_DNODE_00447", "outgoing_drain_id": "RN_DRAIN_00309", "total_q_m3s": 0.62687567119398191, "capacity_m3s": 0.30116185815577506, "overflow_q_m3s": 0.32571381303820685, "overflow_volume_m3": 586.2848634687723, "capacity_source": "synthetic_manning_scenario", "capacity_is_observed": 0, "source_type": "prototype_drainage_capacity_overflow" }, "geometry": { "type": "Point", "coordinates": [ 377927.791000000026543, 2046171.903 ] } },
{ "type": "Feature", "properties": { "interval_id": "060_090", "scenario_id": "rajendra_nagar_heavy_rain_demo", "start_min": 60, "end_min": 90, "duration_s": 1800, "drain_node_id": "RN_DNODE_00439", "outgoing_drain_id": "RN_DRAIN_00323", "total_q_m3s": 0.89665852474868579, "capacity_m3s": 0.30124813859248456, "overflow_q_m3s": 0.59541038615620123, "overflow_volume_m3": 1071.7386950811622, "capacity_source": "synthetic_manning_scenario", "capacity_is_observed": 0, "source_type": "prototype_drainage_capacity_overflow" }, "geometry": { "type": "Point", "coordinates": [ 377897.791000000026543, 2046141.903 ] } },
{ "type": "Feature", "properties": { "interval_id": "060_090", "scenario_id": "rajendra_nagar_heavy_rain_demo", "start_min": 60, "end_min": 90, "duration_s": 1800, "drain_node_id": "RN_DNODE_00435", "outgoing_drain_id": "RN_DRAIN_00322", "total_q_m3s": 0.41762314304296472, "capacity_m3s": 0.30124813859248456, "overflow_q_m3s": 0.11637500445048016, "overflow_volume_m3": 209.47500801086429, "capacity_source": "synthetic_manning_scenario", "capacity_is_observed": 0, "source_type": "prototype_drainage_capacity_overflow" }, "geometry": { "type": "Point", "coordinates": [ 377867.791000000026543, 2046141.903 ] } },
{ "type": "Feature", "properties": { "interval_id": "060_090", "scenario_id": "rajendra_nagar_heavy_rain_demo", "start_min": 60, "end_min": 90, "duration_s": 1800, "drain_node_id": "RN_DNODE_00429", "outgoing_drain_id": "RN_DRAIN_00321", "total_q_m3s": 0.30124813859248456, "capacity_m3s": 0.30116185815577506, "overflow_q_m3s": 8.6280436709496033e-05, "overflow_volume_m3": 0.15530478607709286, "capacity_source": "synthetic_manning_scenario", "capacity_is_observed": 0, "source_type": "prototype_drainage_capacity_overflow" }, "geometry": { "type": "Point", "coordinates": [ 377837.791000000026543, 2046141.903 ] } },
{ "type": "Feature", "properties": { "interval_id": "060_090", "scenario_id": "rajendra_nagar_heavy_rain_demo", "start_min": 60, "end_min": 90, "duration_s": 1800, "drain_node_id": "RN_DNODE_00422", "outgoing_drain_id": "RN_DRAIN_00343", "total_q_m3s": 0.32916185900348555, "capacity_m3s": 0.30124813859248456, "overflow_q_m3s": 0.027913720411000986, "overflow_volume_m3": 50.244696739801775, "capacity_source": "synthetic_manning_scenario", "capacity_is_observed": 0, "source_type": "prototype_drainage_capacity_overflow" }, "geometry": { "type": "Point", "coordinates": [ 377807.791000000026543, 2046111.903 ] } },
{ "type": "Feature", "properties": { "interval_id": "060_090", "scenario_id": "rajendra_nagar_heavy_rain_demo", "start_min": 60, "end_min": 90, "duration_s": 1800, "drain_node_id": "RN_DNODE_00215", "outgoing_drain_id": "RN_DRAIN_00337", "total_q_m3s": 0.69327138773681873, "capacity_m3s": 0.69287421131479709, "overflow_q_m3s": 0.00039717642202163894, "overflow_volume_m3": 0.7149175596389501, "capacity_source": "synthetic_manning_scenario", "capacity_is_observed": 0, "source_type": "prototype_drainage_capacity_overflow" }, "geometry": { "type": "Point", "coordinates": [ 377207.791000000026543, 2046111.903 ] } },
{ "type": "Feature", "properties": { "interval_id": "060_090", "scenario_id": "rajendra_nagar_heavy_rain_demo", "start_min": 60, "end_min": 90, "duration_s": 1800, "drain_node_id": "RN_DNODE_00413", "outgoing_drain_id": "RN_DRAIN_00342", "total_q_m3s": 0.30124813859248456, "capacity_m3s": 0.30107555299333355, "overflow_q_m3s": 0.00017258559915100946, "overflow_volume_m3": 0.31065407847181703, "capacity_source": "synthetic_manning_scenario", "capacity_is_observed": 0, "source_type": "prototype_drainage_capacity_overflow" }, "geometry": { "type": "Point", "coordinates": [ 377777.791000000026543, 2046111.903 ] } },
{ "type": "Feature", "properties": { "interval_id": "060_090", "scenario_id": "rajendra_nagar_heavy_rain_demo", "start_min": 60, "end_min": 90, "duration_s": 1800, "drain_node_id": "RN_DNODE_00218", "outgoing_drain_id": "RN_DRAIN_00286", "total_q_m3s": 0.72771851161983192, "capacity_m3s": 0.69327138773681873, "overflow_q_m3s": 0.034447123883013187, "overflow_volume_m3": 62.004822989423737, "capacity_source": "synthetic_manning_scenario", "capacity_is_observed": 0, "source_type": "prototype_drainage_capacity_overflow" }, "geometry": { "type": "Point", "coordinates": [ 377207.791000000026543, 2046201.903 ] } },
{ "type": "Feature", "properties": { "interval_id": "060_090", "scenario_id": "rajendra_nagar_heavy_rain_demo", "start_min": 60, "end_min": 90, "duration_s": 1800, "drain_node_id": "RN_DNODE_00384", "outgoing_drain_id": "RN_DRAIN_00319", "total_q_m3s": 0.32745307732965351, "capacity_m3s": 0.30116185815577506, "overflow_q_m3s": 0.026291219173878444, "overflow_volume_m3": 47.324194512981201, "capacity_source": "synthetic_manning_scenario", "capacity_is_observed": 0, "source_type": "prototype_drainage_capacity_overflow" }, "geometry": { "type": "Point", "coordinates": [ 377687.791000000026543, 2046141.903 ] } },
{ "type": "Feature", "properties": { "interval_id": "060_090", "scenario_id": "rajendra_nagar_heavy_rain_demo", "start_min": 60, "end_min": 90, "duration_s": 1800, "drain_node_id": "RN_DNODE_00376", "outgoing_drain_id": "RN_DRAIN_00304", "total_q_m3s": 0.36576614276646435, "capacity_m3s": 0.30116185815577506, "overflow_q_m3s": 0.064604284610689289, "overflow_volume_m3": 116.28771229924072, "capacity_source": "synthetic_manning_scenario", "capacity_is_observed": 0, "source_type": "prototype_drainage_capacity_overflow" }, "geometry": { "type": "Point", "coordinates": [ 377657.791000000026543, 2046171.903 ] } },
{ "type": "Feature", "properties": { "interval_id": "060_090", "scenario_id": "rajendra_nagar_heavy_rain_demo", "start_min": 60, "end_min": 90, "duration_s": 1800, "drain_node_id": "RN_DNODE_00221", "outgoing_drain_id": "RN_DRAIN_00247", "total_q_m3s": 0.69327138773681873, "capacity_m3s": 0.69307282797684278, "overflow_q_m3s": 0.00019855975997595809, "overflow_volume_m3": 0.35740756795672457, "capacity_source": "synthetic_manning_scenario", "capacity_is_observed": 0, "source_type": "prototype_drainage_capacity_overflow" }, "geometry": { "type": "Point", "coordinates": [ 377207.791000000026543, 2046291.903 ] } },
{ "type": "Feature", "properties": { "interval_id": "060_090", "scenario_id": "rajendra_nagar_heavy_rain_demo", "start_min": 60, "end_min": 90, "duration_s": 1800, "drain_node_id": "RN_DNODE_00364", "outgoing_drain_id": "RN_DRAIN_00277", "total_q_m3s": 1.8061619037202148, "capacity_m3s": 0.30116185815577506, "overflow_q_m3s": 1.5050000455644397, "overflow_volume_m3": 2709.0000820159912, "capacity_source": "synthetic_manning_scenario", "capacity_is_observed": 0, "source_type": "prototype_drainage_capacity_overflow" }, "geometry": { "type": "Point", "coordinates": [ 377597.791000000026543, 2046231.903 ] } },
{ "type": "Feature", "properties": { "interval_id": "060_090", "scenario_id": "rajendra_nagar_heavy_rain_demo", "start_min": 60, "end_min": 90, "duration_s": 1800, "drain_node_id": "RN_DNODE_00196", "outgoing_drain_id": "RN_DRAIN_00204", "total_q_m3s": 0.92843727473646842, "capacity_m3s": 0.69327138773681873, "overflow_q_m3s": 0.23516588699964969, "overflow_volume_m3": 423.29859659936943, "capacity_source": "synthetic_manning_scenario", "capacity_is_observed": 0, "source_type": "prototype_drainage_capacity_overflow" }, "geometry": { "type": "Point", "coordinates": [ 377177.791000000026543, 2046381.903 ] } },
{ "type": "Feature", "properties": { "interval_id": "060_090", "scenario_id": "rajendra_nagar_heavy_rain_demo", "start_min": 60, "end_min": 90, "duration_s": 1800, "drain_node_id": "RN_DNODE_00343", "outgoing_drain_id": "RN_DRAIN_00234", "total_q_m3s": 0.39122864792275425, "capacity_m3s": 0.30116185815577506, "overflow_q_m3s": 0.090066789766979183, "overflow_volume_m3": 162.12022158056254, "capacity_source": "synthetic_manning_scenario", "capacity_is_observed": 0, "source_type": "prototype_drainage_capacity_overflow" }, "geometry": { "type": "Point", "coordinates": [ 377507.791000000026543, 2046321.903 ] } },
{ "type": "Feature", "properties": { "interval_id": "060_090", "scenario_id": "rajendra_nagar_heavy_rain_demo", "start_min": 60, "end_min": 90, "duration_s": 1800, "drain_node_id": "RN_DNODE_00197", "outgoing_drain_id": "RN_DRAIN_00191", "total_q_m3s": 5.1513964481361922, "capacity_m3s": 0.69287421131479709, "overflow_q_m3s": 4.4585222368213948, "overflow_volume_m3": 8025.3400262785108, "capacity_source": "synthetic_manning_scenario", "capacity_is_observed": 0, "source_type": "prototype_drainage_capacity_overflow" }, "geometry": { "type": "Point", "coordinates": [ 377177.791000000026543, 2046411.903 ] } },
{ "type": "Feature", "properties": { "interval_id": "060_090", "scenario_id": "rajendra_nagar_heavy_rain_demo", "start_min": 60, "end_min": 90, "duration_s": 1800, "drain_node_id": "RN_DNODE_00199", "outgoing_drain_id": "RN_DRAIN_00164", "total_q_m3s": 0.70774921216250763, "capacity_m3s": 0.69327138773681873, "overflow_q_m3s": 0.014477824425688901, "overflow_volume_m3": 26.060083966240022, "capacity_source": "synthetic_manning_scenario", "capacity_is_observed": 0, "source_type": "prototype_drainage_capacity_overflow" }, "geometry": { "type": "Point", "coordinates": [ 377177.791000000026543, 2046471.903 ] } },
{ "type": "Feature", "properties": { "interval_id": "060_090", "scenario_id": "rajendra_nagar_heavy_rain_demo", "start_min": 60, "end_min": 90, "duration_s": 1800, "drain_node_id": "RN_DNODE_00318", "outgoing_drain_id": "RN_DRAIN_00194", "total_q_m3s": 1.1290394062279892, "capacity_m3s": 0.30116185815577506, "overflow_q_m3s": 0.82787754807221403, "overflow_volume_m3": 1490.1795865299853, "capacity_source": "synthetic_manning_scenario", "capacity_is_observed": 0, "source_type": "prototype_drainage_capacity_overflow" }, "geometry": { "type": "Point", "coordinates": [ 377447.791000000026543, 2046411.903 ] } },
{ "type": "Feature", "properties": { "interval_id": "060_090", "scenario_id": "rajendra_nagar_heavy_rain_demo", "start_min": 60, "end_min": 90, "duration_s": 1800, "drain_node_id": "RN_DNODE_00301", "outgoing_drain_id": "RN_DRAIN_00181", "total_q_m3s": 0.33601614107104333, "capacity_m3s": 0.30124813859248456, "overflow_q_m3s": 0.034768002478558768, "overflow_volume_m3": 62.58240446140578, "capacity_source": "synthetic_manning_scenario", "capacity_is_observed": 0, "source_type": "prototype_drainage_capacity_overflow" }, "geometry": { "type": "Point", "coordinates": [ 377417.791000000026543, 2046441.903 ] } },
{ "type": "Feature", "properties": { "interval_id": "060_090", "scenario_id": "rajendra_nagar_heavy_rain_demo", "start_min": 60, "end_min": 90, "duration_s": 1800, "drain_node_id": "RN_DNODE_00201", "outgoing_drain_id": "RN_DRAIN_00140", "total_q_m3s": 0.72811568804185356, "capacity_m3s": 0.69307282797684278, "overflow_q_m3s": 0.035042860065010784, "overflow_volume_m3": 63.077148117019412, "capacity_source": "synthetic_manning_scenario", "capacity_is_observed": 0, "source_type": "prototype_drainage_capacity_overflow" }, "geometry": { "type": "Point", "coordinates": [ 377177.791000000026543, 2046531.903 ] } },
{ "type": "Feature", "properties": { "interval_id": "060_090", "scenario_id": "rajendra_nagar_heavy_rain_demo", "start_min": 60, "end_min": 90, "duration_s": 1800, "drain_node_id": "RN_DNODE_00302", "outgoing_drain_id": "RN_DRAIN_00167", "total_q_m3s": 0.33609243889751939, "capacity_m3s": 0.30124813859248456, "overflow_q_m3s": 0.034844300305034825, "overflow_volume_m3": 62.719740549062685, "capacity_source": "synthetic_manning_scenario", "capacity_is_observed": 0, "source_type": "prototype_drainage_capacity_overflow" }, "geometry": { "type": "Point", "coordinates": [ 377417.791000000026543, 2046471.903 ] } },
{ "type": "Feature", "properties": { "interval_id": "060_090", "scenario_id": "rajendra_nagar_heavy_rain_demo", "start_min": 60, "end_min": 90, "duration_s": 1800, "drain_node_id": "RN_DNODE_00228", "outgoing_drain_id": "RN_DRAIN_00128", "total_q_m3s": 0.92105571680320963, "capacity_m3s": 0.69327138773681873, "overflow_q_m3s": 0.2277843290663909, "overflow_volume_m3": 410.01179231950363, "capacity_source": "synthetic_manning_scenario", "capacity_is_observed": 0, "source_type": "prototype_drainage_capacity_overflow" }, "geometry": { "type": "Point", "coordinates": [ 377207.791000000026543, 2046561.903 ] } },
{ "type": "Feature", "properties": { "interval_id": "060_090", "scenario_id": "rajendra_nagar_heavy_rain_demo", "start_min": 60, "end_min": 90, "duration_s": 1800, "drain_node_id": "RN_DNODE_00229", "outgoing_drain_id": "RN_DRAIN_00114", "total_q_m3s": 0.69327138773681873, "capacity_m3s": 0.69307282797684278, "overflow_q_m3s": 0.00019855975997595809, "overflow_volume_m3": 0.35740756795672457, "capacity_source": "synthetic_manning_scenario", "capacity_is_observed": 0, "source_type": "prototype_drainage_capacity_overflow" }, "geometry": { "type": "Point", "coordinates": [ 377207.791000000026543, 2046591.903 ] } },
{ "type": "Feature", "properties": { "interval_id": "060_090", "scenario_id": "rajendra_nagar_heavy_rain_demo", "start_min": 60, "end_min": 90, "duration_s": 1800, "drain_node_id": "RN_DNODE_00335", "outgoing_drain_id": "RN_DRAIN_00097", "total_q_m3s": 0.74426348552961741, "capacity_m3s": 0.30124813859248456, "overflow_q_m3s": 0.44301534693713285, "overflow_volume_m3": 797.42762448683914, "capacity_source": "synthetic_manning_scenario", "capacity_is_observed": 0, "source_type": "prototype_drainage_capacity_overflow" }, "geometry": { "type": "Point", "coordinates": [ 377477.791000000026543, 2046621.903 ] } },
{ "type": "Feature", "properties": { "interval_id": "060_090", "scenario_id": "rajendra_nagar_heavy_rain_demo", "start_min": 60, "end_min": 90, "duration_s": 1800, "drain_node_id": "RN_DNODE_00337", "outgoing_drain_id": "RN_DRAIN_00068", "total_q_m3s": 0.30124813859248456, "capacity_m3s": 0.30116185815577506, "overflow_q_m3s": 8.6280436709496033e-05, "overflow_volume_m3": 0.15530478607709286, "capacity_source": "synthetic_manning_scenario", "capacity_is_observed": 0, "source_type": "prototype_drainage_capacity_overflow" }, "geometry": { "type": "Point", "coordinates": [ 377477.791000000026543, 2046681.903 ] } },
{ "type": "Feature", "properties": { "interval_id": "060_090", "scenario_id": "rajendra_nagar_heavy_rain_demo", "start_min": 60, "end_min": 90, "duration_s": 1800, "drain_node_id": "RN_DNODE_00292", "outgoing_drain_id": "RN_DRAIN_00026", "total_q_m3s": 0.30116185815577506, "capacity_m3s": 0.22798288882636691, "overflow_q_m3s": 0.07317896932940815, "overflow_volume_m3": 131.72214479293467, "capacity_source": "synthetic_manning_scenario", "capacity_is_observed": 0, "source_type": "prototype_drainage_capacity_overflow" }, "geometry": { "type": "Point", "coordinates": [ 377387.791000000026543, 2046831.903 ] } },
{ "type": "Feature", "properties": { "interval_id": "060_090", "scenario_id": "rajendra_nagar_heavy_rain_demo", "start_min": 60, "end_min": 90, "duration_s": 1800, "drain_node_id": "RN_DNODE_00283", "outgoing_drain_id": "RN_DRAIN_00012", "total_q_m3s": 0.92105571680320963, "capacity_m3s": 0.69307282797684278, "overflow_q_m3s": 0.22798288882636686, "overflow_volume_m3": 410.36919988746035, "capacity_source": "synthetic_manning_scenario", "capacity_is_observed": 0, "source_type": "prototype_drainage_capacity_overflow" }, "geometry": { "type": "Point", "coordinates": [ 377357.791000000026543, 2046861.903 ] } },
{ "type": "Feature", "properties": { "interval_id": "090_120", "scenario_id": "rajendra_nagar_heavy_rain_demo", "start_min": 90, "end_min": 120, "duration_s": 1800, "drain_node_id": "RN_DNODE_00441", "outgoing_drain_id": "RN_DRAIN_00005", "total_q_m3s": 0.061875004238552515, "capacity_m3s": 0.02637752433631995, "overflow_q_m3s": 0.035497479902232565, "overflow_volume_m3": 63.89546382401862, "capacity_source": "synthetic_manning_scenario", "capacity_is_observed": 0, "source_type": "prototype_drainage_capacity_overflow" }, "geometry": { "type": "Point", "coordinates": [ 377897.791000000026543, 2046921.903 ] } },
{ "type": "Feature", "properties": { "interval_id": "090_120", "scenario_id": "rajendra_nagar_heavy_rain_demo", "start_min": 90, "end_min": 120, "duration_s": 1800, "drain_node_id": "RN_DNODE_00415", "outgoing_drain_id": "RN_DRAIN_00069", "total_q_m3s": 0.45843753072950577, "capacity_m3s": 0.13572767824149176, "overflow_q_m3s": 0.32270985248801398, "overflow_volume_m3": 580.87773447842517, "capacity_source": "synthetic_manning_scenario", "capacity_is_observed": 0, "source_type": "prototype_drainage_capacity_overflow" }, "geometry": { "type": "Point", "coordinates": [ 377777.791000000026543, 2046681.903 ] } },
{ "type": "Feature", "properties": { "interval_id": "090_120", "scenario_id": "rajendra_nagar_heavy_rain_demo", "start_min": 90, "end_min": 120, "duration_s": 1800, "drain_node_id": "RN_DNODE_00038", "outgoing_drain_id": "RN_DRAIN_00136", "total_q_m3s": 0.031875002119276262, "capacity_m3s": 0.02637752433631995, "overflow_q_m3s": 0.0054974777829563115, "overflow_volume_m3": 9.8954600093213614, "capacity_source": "synthetic_manning_scenario", "capacity_is_observed": 0, "source_type": "prototype_drainage_capacity_overflow" }, "geometry": { "type": "Point", "coordinates": [ 376757.791000000026543, 2046531.903 ] } },
{ "type": "Feature", "properties": { "interval_id": "090_120", "scenario_id": "rajendra_nagar_heavy_rain_demo", "start_min": 90, "end_min": 120, "duration_s": 1800, "drain_node_id": "RN_DNODE_00287", "outgoing_drain_id": "RN_DRAIN_00166", "total_q_m3s": 0.04781250317891439, "capacity_m3s": 0.034844300305034812, "overflow_q_m3s": 0.012968202873879578, "overflow_volume_m3": 23.342765172983242, "capacity_source": "synthetic_manning_scenario", "capacity_is_observed": 0, "source_type": "prototype_drainage_capacity_overflow" }, "geometry": { "type": "Point", "coordinates": [ 377387.791000000026543, 2046471.903 ] } },
{ "type": "Feature", "properties": { "interval_id": "090_120", "scenario_id": "rajendra_nagar_heavy_rain_demo", "start_min": 90, "end_min": 120, "duration_s": 1800, "drain_node_id": "RN_DNODE_00437", "outgoing_drain_id": "RN_DRAIN_00172", "total_q_m3s": 0.46687503178914386, "capacity_m3s": 0.051588126028988532, "overflow_q_m3s": 0.41528690576015531, "overflow_volume_m3": 747.51643036827954, "capacity_source": "synthetic_manning_scenario", "capacity_is_observed": 0, "source_type": "prototype_drainage_capacity_overflow" }, "geometry": { "type": "Point", "coordinates": [ 377867.791000000026543, 2046471.903 ] } },
{ "type": "Feature", "properties": { "interval_id": "090_120", "scenario_id": "rajendra_nagar_heavy_rain_demo", "start_min": 90, "end_min": 120, "duration_s": 1800, "drain_node_id": "RN_DNODE_00071", "outgoing_drain_id": "RN_DRAIN_00174", "total_q_m3s": 0.31406252119276257, "capacity_m3s": 0.14154681932172938, "overflow_q_m3s": 0.17251570187103318, "overflow_volume_m3": 310.52826336785972, "capacity_source": "synthetic_manning_scenario", "capacity_is_observed": 0, "source_type": "prototype_drainage_capacity_overflow" }, "geometry": { "type": "Point", "coordinates": [ 376877.791000000026543, 2046441.903 ] } },
{ "type": "Feature", "properties": { "interval_id": "090_120", "scenario_id": "rajendra_nagar_heavy_rain_demo", "start_min": 90, "end_min": 120, "duration_s": 1800, "drain_node_id": "RN_DNODE_00319", "outgoing_drain_id": "RN_DRAIN_00182", "total_q_m3s": 0.04875000317891439, "capacity_m3s": 0.034844300305034812, "overflow_q_m3s": 0.013905702873879579, "overflow_volume_m3": 25.030265172983242, "capacity_source": "synthetic_manning_scenario", "capacity_is_observed": 0, "source_type": "prototype_drainage_capacity_overflow" }, "geometry": { "type": "Point", "coordinates": [ 377447.791000000026543, 2046441.903 ] } },
{ "type": "Feature", "properties": { "interval_id": "090_120", "scenario_id": "rajendra_nagar_heavy_rain_demo", "start_min": 90, "end_min": 120, "duration_s": 1800, "drain_node_id": "RN_DNODE_00300", "outgoing_drain_id": "RN_DRAIN_00193", "total_q_m3s": 0.04875000317891439, "capacity_m3s": 0.034854282915268278, "overflow_q_m3s": 0.013895720263646112, "overflow_volume_m3": 25.012296474563001, "capacity_source": "synthetic_manning_scenario", "capacity_is_observed": 0, "source_type": "prototype_drainage_capacity_overflow" }, "geometry": { "type": "Point", "coordinates": [ 377417.791000000026543, 2046411.903 ] } },
{ "type": "Feature", "properties": { "interval_id": "090_120", "scenario_id": "rajendra_nagar_heavy_rain_demo", "start_min": 90, "end_min": 120, "duration_s": 1800, "drain_node_id": "RN_DNODE_00299", "outgoing_drain_id": "RN_DRAIN_00206", "total_q_m3s": 0.064687504238552518, "capacity_m3s": 0.02637752433631995, "overflow_q_m3s": 0.038309979902232567, "overflow_volume_m3": 68.95796382401862, "capacity_source": "synthetic_manning_scenario", "capacity_is_observed": 0, "source_type": "prototype_drainage_capacity_overflow" }, "geometry": { "type": "Point", "coordinates": [ 377417.791000000026543, 2046381.903 ] } },
{ "type": "Feature", "properties": { "interval_id": "090_120", "scenario_id": "rajendra_nagar_heavy_rain_demo", "start_min": 90, "end_min": 120, "duration_s": 1800, "drain_node_id": "RN_DNODE_00359", "outgoing_drain_id": "RN_DRAIN_00208", "total_q_m3s": 0.34312502331203887, "capacity_m3s": 0.090066789766979211, "overflow_q_m3s": 0.25305823354505963, "overflow_volume_m3": 455.50482038110732, "capacity_source": "synthetic_manning_scenario", "capacity_is_observed": 0, "source_type": "prototype_drainage_capacity_overflow" }, "geometry": { "type": "Point", "coordinates": [ 377567.791000000026543, 2046381.903 ] } },
{ "type": "Feature", "properties": { "interval_id": "090_120", "scenario_id": "rajendra_nagar_heavy_rain_demo", "start_min": 90, "end_min": 120, "duration_s": 1800, "drain_node_id": "RN_DNODE_00546", "outgoing_drain_id": "RN_DRAIN_00219", "total_q_m3s": 0.42375002966986763, "capacity_m3s": 0.07396532506289491, "overflow_q_m3s": 0.34978470460697275, "overflow_volume_m3": 629.61246829255094, "capacity_source": "synthetic_manning_scenario", "capacity_is_observed": 0, "source_type": "prototype_drainage_capacity_overflow" }, "geometry": { "type": "Point", "coordinates": [ 378437.791000000026543, 2046351.903 ] } },
{ "type": "Feature", "properties": { "interval_id": "090_120", "scenario_id": "rajendra_nagar_heavy_rain_demo", "start_min": 90, "end_min": 120, "duration_s": 1800, "drain_node_id": "RN_DNODE_00022", "outgoing_drain_id": "RN_DRAIN_00221", "total_q_m3s": 0.080625005298190652, "capacity_m3s": 0.034854282915268278, "overflow_q_m3s": 0.045770722382922374, "overflow_volume_m3": 82.387300289260267, "capacity_source": "synthetic_manning_scenario", "capacity_is_observed": 0, "source_type": "prototype_drainage_capacity_overflow" }, "geometry": { "type": "Point", "coordinates": [ 376667.791000000026543, 2046321.903 ] } },
{ "type": "Feature", "properties": { "interval_id": "090_120", "scenario_id": "rajendra_nagar_heavy_rain_demo", "start_min": 90, "end_min": 120, "duration_s": 1800, "drain_node_id": "RN_DNODE_00556", "outgoing_drain_id": "RN_DRAIN_00238", "total_q_m3s": 0.061875004238552515, "capacity_m3s": 0.034844300305034812, "overflow_q_m3s": 0.027030703933517704, "overflow_volume_m3": 48.655267080331868, "capacity_source": "synthetic_manning_scenario", "capacity_is_observed": 0, "source_type": "prototype_drainage_capacity_overflow" }, "geometry": { "type": "Point", "coordinates": [ 378587.791000000026543, 2046321.903 ] } },
{ "type": "Feature", "properties": { "interval_id": "090_120", "scenario_id": "rajendra_nagar_heavy_rain_demo", "start_min": 90, "end_min": 120, "duration_s": 1800, "drain_node_id": "RN_DNODE_00396", "outgoing_drain_id": "RN_DRAIN_00291", "total_q_m3s": 0.7190625476837158, "capacity_m3s": 0.1120128954947173, "overflow_q_m3s": 0.60704965218899853, "overflow_volume_m3": 1092.6893739401974, "capacity_source": "synthetic_manning_scenario", "capacity_is_observed": 0, "source_type": "prototype_drainage_capacity_overflow" }, "geometry": { "type": "Point", "coordinates": [ 377717.791000000026543, 2046201.903 ] } },
{ "type": "Feature", "properties": { "interval_id": "090_120", "scenario_id": "rajendra_nagar_heavy_rain_demo", "start_min": 90, "end_min": 120, "duration_s": 1800, "drain_node_id": "RN_DNODE_00448", "outgoing_drain_id": "RN_DRAIN_00292", "total_q_m3s": 0.096562506357828773, "capacity_m3s": 0.02637752433631995, "overflow_q_m3s": 0.070184982021508829, "overflow_volume_m3": 126.3329676387159, "capacity_source": "synthetic_manning_scenario", "capacity_is_observed": 0, "source_type": "prototype_drainage_capacity_overflow" }, "geometry": { "type": "Point", "coordinates": [ 377927.791000000026543, 2046201.903 ] } },
{ "type": "Feature", "properties": { "interval_id": "090_120", "scenario_id": "rajendra_nagar_heavy_rain_demo", "start_min": 90, "end_min": 120, "duration_s": 1800, "drain_node_id": "RN_DNODE_00395", "outgoing_drain_id": "RN_DRAIN_00306", "total_q_m3s": 0.045937503178914388, "capacity_m3s": 0.02637752433631995, "overflow_q_m3s": 0.019559978842594437, "overflow_volume_m3": 35.207961916669987, "capacity_source": "synthetic_manning_scenario", "capacity_is_observed": 0, "source_type": "prototype_drainage_capacity_overflow" }, "geometry": { "type": "Point", "coordinates": [ 377717.791000000026543, 2046171.903 ] } },
{ "type": "Feature", "properties": { "interval_id": "090_120", "scenario_id": "rajendra_nagar_heavy_rain_demo", "start_min": 90, "end_min": 120, "duration_s": 1800, "drain_node_id": "RN_DNODE_00535", "outgoing_drain_id": "RN_DRAIN_00377", "total_q_m3s": 0.045937503178914388, "capacity_m3s": 0.034854282915268278, "overflow_q_m3s": 0.01108322026364611, "overflow_volume_m3": 19.949796474562998, "capacity_source": "synthetic_manning_scenario", "capacity_is_observed": 0, "source_type": "prototype_drainage_capacity_overflow" }, "geometry": { "type": "Point", "coordinates": [ 378377.791000000026543, 2045991.903 ] } },
{ "type": "Feature", "properties": { "interval_id": "090_120", "scenario_id": "rajendra_nagar_heavy_rain_demo", "start_min": 90, "end_min": 120, "duration_s": 1800, "drain_node_id": "RN_DNODE_00298", "outgoing_drain_id": "RN_DRAIN_00393", "total_q_m3s": 0.4781250317891439, "capacity_m3s": 0.098037845430339166, "overflow_q_m3s": 0.38008718635880473, "overflow_volume_m3": 684.15693544584849, "capacity_source": "synthetic_manning_scenario", "capacity_is_observed": 0, "source_type": "prototype_drainage_capacity_overflow" }, "geometry": { "type": "Point", "coordinates": [ 377417.791000000026543, 2045931.903 ] } },
{ "type": "Feature", "properties": { "interval_id": "090_120", "scenario_id": "rajendra_nagar_heavy_rain_demo", "start_min": 90, "end_min": 120, "duration_s": 1800, "drain_node_id": "RN_DNODE_00518", "outgoing_drain_id": "RN_DRAIN_00395", "total_q_m3s": 0.64125004556443954, "capacity_m3s": 0.14778712746867345, "overflow_q_m3s": 0.49346291809576609, "overflow_volume_m3": 888.233252572379, "capacity_source": "synthetic_manning_scenario", "capacity_is_observed": 0, "source_type": "prototype_drainage_capacity_overflow" }, "geometry": { "type": "Point", "coordinates": [ 378317.791000000026543, 2045931.903 ] } },
{ "type": "Feature", "properties": { "interval_id": "090_120", "scenario_id": "rajendra_nagar_heavy_rain_demo", "start_min": 90, "end_min": 120, "duration_s": 1800, "drain_node_id": "RN_DNODE_00329", "outgoing_drain_id": "RN_DRAIN_00453", "total_q_m3s": 0.48656253284878204, "capacity_m3s": 0.02637752433631995, "overflow_q_m3s": 0.46018500851246208, "overflow_volume_m3": 828.33301532243172, "capacity_source": "synthetic_manning_scenario", "capacity_is_observed": 0, "source_type": "prototype_drainage_capacity_overflow" }, "geometry": { "type": "Point", "coordinates": [ 377477.791000000026543, 2045781.903 ] } },
{ "type": "Feature", "properties": { "interval_id": "090_120", "scenario_id": "rajendra_nagar_heavy_rain_demo", "start_min": 90, "end_min": 120, "duration_s": 1800, "drain_node_id": "RN_DNODE_00392", "outgoing_drain_id": "RN_DRAIN_00466", "total_q_m3s": 0.16500001165601944, "capacity_m3s": 0.034844300305034812, "overflow_q_m3s": 0.13015571135098464, "overflow_volume_m3": 234.28028043177235, "capacity_source": "synthetic_manning_scenario", "capacity_is_observed": 0, "source_type": "prototype_drainage_capacity_overflow" }, "geometry": { "type": "Point", "coordinates": [ 377717.791000000026543, 2045751.903 ] } },
{ "type": "Feature", "properties": { "interval_id": "090_120", "scenario_id": "rajendra_nagar_heavy_rain_demo", "start_min": 90, "end_min": 120, "duration_s": 1800, "drain_node_id": "RN_DNODE_00340", "outgoing_drain_id": "RN_DRAIN_00531", "total_q_m3s": 0.091875006357828776, "capacity_m3s": 0.034854282915268278, "overflow_q_m3s": 0.057020723442560498, "overflow_volume_m3": 102.6373021966089, "capacity_source": "synthetic_manning_scenario", "capacity_is_observed": 0, "source_type": "prototype_drainage_capacity_overflow" }, "geometry": { "type": "Point", "coordinates": [ 377507.791000000026543, 2045571.903 ] } },
{ "type": "Feature", "properties": { "interval_id": "090_120", "scenario_id": "rajendra_nagar_heavy_rain_demo", "start_min": 90, "end_min": 120, "duration_s": 1800, "drain_node_id": "RN_DNODE_00418", "outgoing_drain_id": "RN_DRAIN_00043", "total_q_m3s": 0.21375001483493383, "capacity_m3s": 0.034844300305034812, "overflow_q_m3s": 0.17890571452989901, "overflow_volume_m3": 322.03028615381822, "capacity_source": "synthetic_manning_scenario", "capacity_is_observed": 0, "source_type": "prototype_drainage_capacity_overflow" }, "geometry": { "type": "Point", "coordinates": [ 377777.791000000026543, 2046771.903 ] } },
{ "type": "Feature", "properties": { "interval_id": "090_120", "scenario_id": "rajendra_nagar_heavy_rain_demo", "start_min": 90, "end_min": 120, "duration_s": 1800, "drain_node_id": "RN_DNODE_00048", "outgoing_drain_id": "RN_DRAIN_00122", "total_q_m3s": 0.04781250317891439, "capacity_m3s": 0.034844300305034812, "overflow_q_m3s": 0.012968202873879578, "overflow_volume_m3": 23.342765172983242, "capacity_source": "synthetic_manning_scenario", "capacity_is_observed": 0, "source_type": "prototype_drainage_capacity_overflow" }, "geometry": { "type": "Point", "coordinates": [ 376787.791000000026543, 2046561.903 ] } },
{ "type": "Feature", "properties": { "interval_id": "090_120", "scenario_id": "rajendra_nagar_heavy_rain_demo", "start_min": 90, "end_min": 120, "duration_s": 1800, "drain_node_id": "RN_DNODE_00486", "outgoing_drain_id": "RN_DRAIN_00209", "total_q_m3s": 0.51562503284878203, "capacity_m3s": 0.034844300305034812, "overflow_q_m3s": 0.4807807325437472, "overflow_volume_m3": 865.40531857874498, "capacity_source": "synthetic_manning_scenario", "capacity_is_observed": 0, "source_type": "prototype_drainage_capacity_overflow" }, "geometry": { "type": "Point", "coordinates": [ 378077.791000000026543, 2046381.903 ] } },
{ "type": "Feature", "properties": { "interval_id": "090_120", "scenario_id": "rajendra_nagar_heavy_rain_demo", "start_min": 90, "end_min": 120, "duration_s": 1800, "drain_node_id": "RN_DNODE_00543", "outgoing_drain_id": "RN_DRAIN_00237", "total_q_m3s": 0.07396532506289491, "capacity_m3s": 0.034854282915268278, "overflow_q_m3s": 0.039111042147626632, "overflow_volume_m3": 70.399875865727935, "capacity_source": "synthetic_manning_scenario", "capacity_is_observed": 0, "source_type": "prototype_drainage_capacity_overflow" }, "geometry": { "type": "Point", "coordinates": [ 378407.791000000026543, 2046321.903 ] } },
{ "type": "Feature", "properties": { "interval_id": "090_120", "scenario_id": "rajendra_nagar_heavy_rain_demo", "start_min": 90, "end_min": 120, "duration_s": 1800, "drain_node_id": "RN_DNODE_00385", "outgoing_drain_id": "RN_DRAIN_00305", "total_q_m3s": 0.1120128954947173, "capacity_m3s": 0.034854282915268278, "overflow_q_m3s": 0.077158612579449018, "overflow_volume_m3": 138.88550264300824, "capacity_source": "synthetic_manning_scenario", "capacity_is_observed": 0, "source_type": "prototype_drainage_capacity_overflow" }, "geometry": { "type": "Point", "coordinates": [ 377687.791000000026543, 2046171.903 ] } },
{ "type": "Feature", "properties": { "interval_id": "090_120", "scenario_id": "rajendra_nagar_heavy_rain_demo", "start_min": 90, "end_min": 120, "duration_s": 1800, "drain_node_id": "RN_DNODE_00522", "outgoing_drain_id": "RN_DRAIN_00334", "total_q_m3s": 0.1471875105963813, "capacity_m3s": 0.02637752433631995, "overflow_q_m3s": 0.12080998626006134, "overflow_volume_m3": 217.4579752681104, "capacity_source": "synthetic_manning_scenario", "capacity_is_observed": 0, "source_type": "prototype_drainage_capacity_overflow" }, "geometry": { "type": "Point", "coordinates": [ 378317.791000000026543, 2046141.903 ] } },
{ "type": "Feature", "properties": { "interval_id": "090_120", "scenario_id": "rajendra_nagar_heavy_rain_demo", "start_min": 90, "end_min": 120, "duration_s": 1800, "drain_node_id": "RN_DNODE_00468", "outgoing_drain_id": "RN_DRAIN_00394", "total_q_m3s": 0.72562505192226834, "capacity_m3s": 0.18293911365381266, "overflow_q_m3s": 0.54268593826845568, "overflow_volume_m3": 976.83468888322022, "capacity_source": "synthetic_manning_scenario", "capacity_is_observed": 0, "source_type": "prototype_drainage_capacity_overflow" }, "geometry": { "type": "Point", "coordinates": [ 378017.791000000026543, 2045931.903 ] } },
{ "type": "Feature", "properties": { "interval_id": "090_120", "scenario_id": "rajendra_nagar_heavy_rain_demo", "start_min": 90, "end_min": 120, "duration_s": 1800, "drain_node_id": "RN_DNODE_00427", "outgoing_drain_id": "RN_DRAIN_00457", "total_q_m3s": 0.55125003920661075, "capacity_m3s": 0.034844300305034812, "overflow_q_m3s": 0.51640573890157593, "overflow_volume_m3": 929.53033002283667, "capacity_source": "synthetic_manning_scenario", "capacity_is_observed": 0, "source_type": "prototype_drainage_capacity_overflow" }, "geometry": { "type": "Point", "coordinates": [ 377837.791000000026543, 2045781.903 ] } },
{ "type": "Feature", "properties": { "interval_id": "090_120", "scenario_id": "rajendra_nagar_heavy_rain_demo", "start_min": 90, "end_min": 120, "duration_s": 1800, "drain_node_id": "RN_DNODE_00033", "outgoing_drain_id": "RN_DRAIN_00064", "total_q_m3s": 0.23437501695421006, "capacity_m3s": 0.1272696969192279, "overflow_q_m3s": 0.10710532003498216, "overflow_volume_m3": 192.78957606296788, "capacity_source": "synthetic_manning_scenario", "capacity_is_observed": 0, "source_type": "prototype_drainage_capacity_overflow" }, "geometry": { "type": "Point", "coordinates": [ 376727.791000000026543, 2046681.903 ] } },
{ "type": "Feature", "properties": { "interval_id": "090_120", "scenario_id": "rajendra_nagar_heavy_rain_demo", "start_min": 90, "end_min": 120, "duration_s": 1800, "drain_node_id": "RN_DNODE_00408", "outgoing_drain_id": "RN_DRAIN_00035", "total_q_m3s": 0.14734430772250173, "capacity_m3s": 0.034844300305034812, "overflow_q_m3s": 0.11250000741746692, "overflow_volume_m3": 202.50001335144046, "capacity_source": "synthetic_manning_scenario", "capacity_is_observed": 0, "source_type": "prototype_drainage_capacity_overflow" }, "geometry": { "type": "Point", "coordinates": [ 377747.791000000026543, 2046801.903 ] } },
{ "type": "Feature", "properties": { "interval_id": "090_120", "scenario_id": "rajendra_nagar_heavy_rain_demo", "start_min": 90, "end_min": 120, "duration_s": 1800, "drain_node_id": "RN_DNODE_00008", "outgoing_drain_id": "RN_DRAIN_00150", "total_q_m3s": 0.064687504238552518, "capacity_m3s": 0.034854282915268278, "overflow_q_m3s": 0.02983322132328424, "overflow_volume_m3": 53.699798381911634, "capacity_source": "synthetic_manning_scenario", "capacity_is_observed": 0, "source_type": "prototype_drainage_capacity_overflow" }, "geometry": { "type": "Point", "coordinates": [ 376547.791000000026543, 2046501.903 ] } },
{ "type": "Feature", "properties": { "interval_id": "090_120", "scenario_id": "rajendra_nagar_heavy_rain_demo", "start_min": 90, "end_min": 120, "duration_s": 1800, "drain_node_id": "RN_DNODE_00423", "outgoing_drain_id": "RN_DRAIN_00183", "total_q_m3s": 0.26721314086392234, "capacity_m3s": 0.048322011957489273, "overflow_q_m3s": 0.21889112890643306, "overflow_volume_m3": 394.00403203157953, "capacity_source": "synthetic_manning_scenario", "capacity_is_observed": 0, "source_type": "prototype_drainage_capacity_overflow" }, "geometry": { "type": "Point", "coordinates": [ 377807.791000000026543, 2046441.903 ] } },
{ "type": "Feature", "properties": { "interval_id": "090_120", "scenario_id": "rajendra_nagar_heavy_rain_demo", "start_min": 90, "end_min": 120, "duration_s": 1800, "drain_node_id": "RN_DNODE_00477", "outgoing_drain_id": "RN_DRAIN_00195", "total_q_m3s": 0.083594303483949195, "capacity_m3s": 0.034854282915268278, "overflow_q_m3s": 0.048740020568680917, "overflow_volume_m3": 87.732037023625651, "capacity_source": "synthetic_manning_scenario", "capacity_is_observed": 0, "source_type": "prototype_drainage_capacity_overflow" }, "geometry": { "type": "Point", "coordinates": [ 378047.791000000026543, 2046411.903 ] } },
{ "type": "Feature", "properties": { "interval_id": "090_120", "scenario_id": "rajendra_nagar_heavy_rain_demo", "start_min": 90, "end_min": 120, "duration_s": 1800, "drain_node_id": "RN_DNODE_00007", "outgoing_drain_id": "RN_DRAIN_00199", "total_q_m3s": 0.14343750953674317, "capacity_m3s": 0.034854282915268278, "overflow_q_m3s": 0.10858322662147489, "overflow_volume_m3": 195.44980791865481, "capacity_source": "synthetic_manning_scenario", "capacity_is_observed": 0, "source_type": "prototype_drainage_capacity_overflow" }, "geometry": { "type": "Point", "coordinates": [ 376547.791000000026543, 2046381.903 ] } },
{ "type": "Feature", "properties": { "interval_id": "090_120", "scenario_id": "rajendra_nagar_heavy_rain_demo", "start_min": 90, "end_min": 120, "duration_s": 1800, "drain_node_id": "RN_DNODE_00469", "outgoing_drain_id": "RN_DRAIN_00383", "total_q_m3s": 0.26262661895200329, "capacity_m3s": 0.13538121427716859, "overflow_q_m3s": 0.12724540467483469, "overflow_volume_m3": 229.04172841470245, "capacity_source": "synthetic_manning_scenario", "capacity_is_observed": 0, "source_type": "prototype_drainage_capacity_overflow" }, "geometry": { "type": "Point", "coordinates": [ 378017.791000000026543, 2045961.903 ] } },
{ "type": "Feature", "properties": { "interval_id": "090_120", "scenario_id": "rajendra_nagar_heavy_rain_demo", "start_min": 90, "end_min": 120, "duration_s": 1800, "drain_node_id": "RN_DNODE_00551", "outgoing_drain_id": "RN_DRAIN_00396", "total_q_m3s": 0.10781250741746691, "capacity_m3s": 0.083450583372691484, "overflow_q_m3s": 0.024361924044775427, "overflow_volume_m3": 43.851463280595766, "capacity_source": "synthetic_manning_scenario", "capacity_is_observed": 0, "source_type": "prototype_drainage_capacity_overflow" }, "geometry": { "type": "Point", "coordinates": [ 378527.791000000026543, 2045931.903 ] } },
{ "type": "Feature", "properties": { "interval_id": "090_120", "scenario_id": "rajendra_nagar_heavy_rain_demo", "start_min": 90, "end_min": 120, "duration_s": 1800, "drain_node_id": "RN_DNODE_00432", "outgoing_drain_id": "RN_DRAIN_00503", "total_q_m3s": 0.16968751165601942, "capacity_m3s": 0.11140874580493448, "overflow_q_m3s": 0.058278765851084935, "overflow_volume_m3": 104.90177853195289, "capacity_source": "synthetic_manning_scenario", "capacity_is_observed": 0, "source_type": "prototype_drainage_capacity_overflow" }, "geometry": { "type": "Point", "coordinates": [ 377867.791000000026543, 2045661.903 ] } },
{ "type": "Feature", "properties": { "interval_id": "090_120", "scenario_id": "rajendra_nagar_heavy_rain_demo", "start_min": 90, "end_min": 120, "duration_s": 1800, "drain_node_id": "RN_DNODE_00032", "outgoing_drain_id": "RN_DRAIN_00072", "total_q_m3s": 0.20601970221741855, "capacity_m3s": 0.12723324562335805, "overflow_q_m3s": 0.0787864565940605, "overflow_volume_m3": 141.8156218693089, "capacity_source": "synthetic_manning_scenario", "capacity_is_observed": 0, "source_type": "prototype_drainage_capacity_overflow" }, "geometry": { "type": "Point", "coordinates": [ 376727.791000000026543, 2046651.903 ] } },
{ "type": "Feature", "properties": { "interval_id": "090_120", "scenario_id": "rajendra_nagar_heavy_rain_demo", "start_min": 90, "end_min": 120, "duration_s": 1800, "drain_node_id": "RN_DNODE_00011", "outgoing_drain_id": "RN_DRAIN_00151", "total_q_m3s": 0.21297929457128773, "capacity_m3s": 0.034854282915268278, "overflow_q_m3s": 0.17812501165601946, "overflow_volume_m3": 320.62502098083502, "capacity_source": "synthetic_manning_scenario", "capacity_is_observed": 0, "source_type": "prototype_drainage_capacity_overflow" }, "geometry": { "type": "Point", "coordinates": [ 376577.791000000026543, 2046501.903 ] } },
{ "type": "Feature", "properties": { "interval_id": "090_120", "scenario_id": "rajendra_nagar_heavy_rain_demo", "start_min": 90, "end_min": 120, "duration_s": 1800, "drain_node_id": "RN_DNODE_00096", "outgoing_drain_id": "RN_DRAIN_00186", "total_q_m3s": 0.4781093415741301, "capacity_m3s": 0.151090496238554, "overflow_q_m3s": 0.32701884533557612, "overflow_volume_m3": 588.63392160403703, "capacity_source": "synthetic_manning_scenario", "capacity_is_observed": 0, "source_type": "prototype_drainage_capacity_overflow" }, "geometry": { "type": "Point", "coordinates": [ 376967.791000000026543, 2046411.903 ] } },
{ "type": "Feature", "properties": { "interval_id": "090_120", "scenario_id": "rajendra_nagar_heavy_rain_demo", "start_min": 90, "end_min": 120, "duration_s": 1800, "drain_node_id": "RN_DNODE_00478", "outgoing_drain_id": "RN_DRAIN_00185", "total_q_m3s": 0.084541786094182669, "capacity_m3s": 0.034854282915268278, "overflow_q_m3s": 0.049687503178914391, "overflow_volume_m3": 89.437505722045898, "capacity_source": "synthetic_manning_scenario", "capacity_is_observed": 0, "source_type": "prototype_drainage_capacity_overflow" }, "geometry": { "type": "Point", "coordinates": [ 378047.791000000026543, 2046441.903 ] } },
{ "type": "Feature", "properties": { "interval_id": "090_120", "scenario_id": "rajendra_nagar_heavy_rain_demo", "start_min": 90, "end_min": 120, "duration_s": 1800, "drain_node_id": "RN_DNODE_00010", "outgoing_drain_id": "RN_DRAIN_00200", "total_q_m3s": 0.11547928821345893, "capacity_m3s": 0.034844300305034812, "overflow_q_m3s": 0.080634987908424119, "overflow_volume_m3": 145.14297823516341, "capacity_source": "synthetic_manning_scenario", "capacity_is_observed": 0, "source_type": "prototype_drainage_capacity_overflow" }, "geometry": { "type": "Point", "coordinates": [ 376577.791000000026543, 2046381.903 ] } },
{ "type": "Feature", "properties": { "interval_id": "090_120", "scenario_id": "rajendra_nagar_heavy_rain_demo", "start_min": 90, "end_min": 120, "duration_s": 1800, "drain_node_id": "RN_DNODE_00549", "outgoing_drain_id": "RN_DRAIN_00386", "total_q_m3s": 0.12938808655160589, "capacity_m3s": 0.034854282915268278, "overflow_q_m3s": 0.094533803636337607, "overflow_volume_m3": 170.16084654540768, "capacity_source": "synthetic_manning_scenario", "capacity_is_observed": 0, "source_type": "prototype_drainage_capacity_overflow" }, "geometry": { "type": "Point", "coordinates": [ 378497.791000000026543, 2045961.903 ] } },
{ "type": "Feature", "properties": { "interval_id": "090_120", "scenario_id": "rajendra_nagar_heavy_rain_demo", "start_min": 90, "end_min": 120, "duration_s": 1800, "drain_node_id": "RN_DNODE_00206", "outgoing_drain_id": "RN_DRAIN_00517", "total_q_m3s": 0.16125001059638128, "capacity_m3s": 0.034854282915268278, "overflow_q_m3s": 0.12639572768111301, "overflow_volume_m3": 227.51230982600342, "capacity_source": "synthetic_manning_scenario", "capacity_is_observed": 0, "source_type": "prototype_drainage_capacity_overflow" }, "geometry": { "type": "Point", "coordinates": [ 377207.791000000026543, 2045601.903 ] } },
{ "type": "Feature", "properties": { "interval_id": "090_120", "scenario_id": "rajendra_nagar_heavy_rain_demo", "start_min": 90, "end_min": 120, "duration_s": 1800, "drain_node_id": "RN_DNODE_00425", "outgoing_drain_id": "RN_DRAIN_00493", "total_q_m3s": 0.55203377759407835, "capacity_m3s": 0.36701701471119386, "overflow_q_m3s": 0.18501676288288449, "overflow_volume_m3": 333.03017318919206, "capacity_source": "synthetic_manning_scenario", "capacity_is_observed": 0, "source_type": "prototype_drainage_capacity_overflow" }, "geometry": { "type": "Point", "coordinates": [ 377837.791000000026543, 2045691.903 ] } },
{ "type": "Feature", "properties": { "interval_id": "090_120", "scenario_id": "rajendra_nagar_heavy_rain_demo", "start_min": 90, "end_min": 120, "duration_s": 1800, "drain_node_id": "RN_DNODE_00328", "outgoing_drain_id": "RN_DRAIN_00530", "total_q_m3s": 0.19797929457128768, "capacity_m3s": 0.1272696969192279, "overflow_q_m3s": 0.07070959765205978, "overflow_volume_m3": 127.2772757737076, "capacity_source": "synthetic_manning_scenario", "capacity_is_observed": 0, "source_type": "prototype_drainage_capacity_overflow" }, "geometry": { "type": "Point", "coordinates": [ 377477.791000000026543, 2045571.903 ] } },
{ "type": "Feature", "properties": { "interval_id": "090_120", "scenario_id": "rajendra_nagar_heavy_rain_demo", "start_min": 90, "end_min": 120, "duration_s": 1800, "drain_node_id": "RN_DNODE_00016", "outgoing_drain_id": "RN_DRAIN_00152", "total_q_m3s": 0.050791783974906413, "capacity_m3s": 0.041008355864427033, "overflow_q_m3s": 0.0097834281104793794, "overflow_volume_m3": 17.610170598862883, "capacity_source": "synthetic_manning_scenario", "capacity_is_observed": 0, "source_type": "prototype_drainage_capacity_overflow" }, "geometry": { "type": "Point", "coordinates": [ 376607.791000000026543, 2046501.903 ] } },
{ "type": "Feature", "properties": { "interval_id": "090_120", "scenario_id": "rajendra_nagar_heavy_rain_demo", "start_min": 90, "end_min": 120, "duration_s": 1800, "drain_node_id": "RN_DNODE_00407", "outgoing_drain_id": "RN_DRAIN_00170", "total_q_m3s": 0.15800951937495616, "capacity_m3s": 0.034854282915268278, "overflow_q_m3s": 0.12315523645968789, "overflow_volume_m3": 221.67942562743821, "capacity_source": "synthetic_manning_scenario", "capacity_is_observed": 0, "source_type": "prototype_drainage_capacity_overflow" }, "geometry": { "type": "Point", "coordinates": [ 377747.791000000026543, 2046471.903 ] } },
{ "type": "Feature", "properties": { "interval_id": "090_120", "scenario_id": "rajendra_nagar_heavy_rain_demo", "start_min": 90, "end_min": 120, "duration_s": 1800, "drain_node_id": "RN_DNODE_00104", "outgoing_drain_id": "RN_DRAIN_00187", "total_q_m3s": 0.19796549941746838, "capacity_m3s": 0.044467843567026905, "overflow_q_m3s": 0.15349765585044148, "overflow_volume_m3": 276.29578053079467, "capacity_source": "synthetic_manning_scenario", "capacity_is_observed": 0, "source_type": "prototype_drainage_capacity_overflow" }, "geometry": { "type": "Point", "coordinates": [ 376997.791000000026543, 2046411.903 ] } },
{ "type": "Feature", "properties": { "interval_id": "090_120", "scenario_id": "rajendra_nagar_heavy_rain_demo", "start_min": 90, "end_min": 120, "duration_s": 1800, "drain_node_id": "RN_DNODE_00015", "outgoing_drain_id": "RN_DRAIN_00210", "total_q_m3s": 0.11265680560322545, "capacity_m3s": 0.034854282915268278, "overflow_q_m3s": 0.077802522687957176, "overflow_volume_m3": 140.04454083832292, "capacity_source": "synthetic_manning_scenario", "capacity_is_observed": 0, "source_type": "prototype_drainage_capacity_overflow" }, "geometry": { "type": "Point", "coordinates": [ 376607.791000000026543, 2046351.903 ] } },
{ "type": "Feature", "properties": { "interval_id": "090_120", "scenario_id": "rajendra_nagar_heavy_rain_demo", "start_min": 90, "end_min": 120, "duration_s": 1800, "drain_node_id": "RN_DNODE_00548", "outgoing_drain_id": "RN_DRAIN_00252", "total_q_m3s": 0.31890681937852117, "capacity_m3s": 0.18704808214959012, "overflow_q_m3s": 0.13185873722893104, "overflow_volume_m3": 237.34572701207588, "capacity_source": "synthetic_manning_scenario", "capacity_is_observed": 0, "source_type": "prototype_drainage_capacity_overflow" }, "geometry": { "type": "Point", "coordinates": [ 378467.791000000026543, 2046291.903 ] } },
{ "type": "Feature", "properties": { "interval_id": "090_120", "scenario_id": "rajendra_nagar_heavy_rain_demo", "start_min": 90, "end_min": 120, "duration_s": 1800, "drain_node_id": "RN_DNODE_00458", "outgoing_drain_id": "RN_DRAIN_00368", "total_q_m3s": 0.5975687460663125, "capacity_m3s": 0.39165618549325898, "overflow_q_m3s": 0.20591256057305352, "overflow_volume_m3": 370.64260903149631, "capacity_source": "synthetic_manning_scenario", "capacity_is_observed": 0, "source_type": "prototype_drainage_capacity_overflow" }, "geometry": { "type": "Point", "coordinates": [ 377987.791000000026543, 2046021.903 ] } },
{ "type": "Feature", "properties": { "interval_id": "090_120", "scenario_id": "rajendra_nagar_heavy_rain_demo", "start_min": 90, "end_min": 120, "duration_s": 1800, "drain_node_id": "RN_DNODE_00547", "outgoing_drain_id": "RN_DRAIN_00385", "total_q_m3s": 0.082666786094182668, "capacity_m3s": 0.034854282915268278, "overflow_q_m3s": 0.04781250317891439, "overflow_volume_m3": 86.062505722045898, "capacity_source": "synthetic_manning_scenario", "capacity_is_observed": 0, "source_type": "prototype_drainage_capacity_overflow" }, "geometry": { "type": "Point", "coordinates": [ 378467.791000000026543, 2045961.903 ] } },
{ "type": "Feature", "properties": { "interval_id": "090_120", "scenario_id": "rajendra_nagar_heavy_rain_demo", "start_min": 90, "end_min": 120, "duration_s": 1800, "drain_node_id": "RN_DNODE_00068", "outgoing_drain_id": "RN_DRAIN_00433", "total_q_m3s": 0.20718751483493383, "capacity_m3s": 0.1272696969192279, "overflow_q_m3s": 0.07991781791570593, "overflow_volume_m3": 143.85207224827067, "capacity_source": "synthetic_manning_scenario", "capacity_is_observed": 0, "source_type": "prototype_drainage_capacity_overflow" }, "geometry": { "type": "Point", "coordinates": [ 376877.791000000026543, 2045811.903 ] } },
{ "type": "Feature", "properties": { "interval_id": "090_120", "scenario_id": "rajendra_nagar_heavy_rain_demo", "start_min": 90, "end_min": 120, "duration_s": 1800, "drain_node_id": "RN_DNODE_00180", "outgoing_drain_id": "RN_DRAIN_00516", "total_q_m3s": 0.20922929457128769, "capacity_m3s": 0.034844300305034812, "overflow_q_m3s": 0.17438499426625287, "overflow_volume_m3": 313.89298967925515, "capacity_source": "synthetic_manning_scenario", "capacity_is_observed": 0, "source_type": "prototype_drainage_capacity_overflow" }, "geometry": { "type": "Point", "coordinates": [ 377177.791000000026543, 2045601.903 ] } },
{ "type": "Feature", "properties": { "interval_id": "090_120", "scenario_id": "rajendra_nagar_heavy_rain_demo", "start_min": 90, "end_min": 120, "duration_s": 1800, "drain_node_id": "RN_DNODE_00050", "outgoing_drain_id": "RN_DRAIN_00082", "total_q_m3s": 0.2050457509215487, "capacity_m3s": 0.1272696969192279, "overflow_q_m3s": 0.077776054002320794, "overflow_volume_m3": 139.99689720417743, "capacity_source": "synthetic_manning_scenario", "capacity_is_observed": 0, "source_type": "prototype_drainage_capacity_overflow" }, "geometry": { "type": "Point", "coordinates": [ 376787.791000000026543, 2046621.903 ] } },
{ "type": "Feature", "properties": { "interval_id": "090_120", "scenario_id": "rajendra_nagar_heavy_rain_demo", "start_min": 90, "end_min": 120, "duration_s": 1800, "drain_node_id": "RN_DNODE_00504", "outgoing_drain_id": "RN_DRAIN_00053", "total_q_m3s": 1.2121875858306883, "capacity_m3s": 0.15694054372586286, "overflow_q_m3s": 1.0552470421048255, "overflow_volume_m3": 1899.4446757886858, "capacity_source": "synthetic_manning_scenario", "capacity_is_observed": 0, "source_type": "prototype_drainage_capacity_overflow" }, "geometry": { "type": "Point", "coordinates": [ 378257.791000000026543, 2046741.903 ] } },
{ "type": "Feature", "properties": { "interval_id": "090_120", "scenario_id": "rajendra_nagar_heavy_rain_demo", "start_min": 90, "end_min": 120, "duration_s": 1800, "drain_node_id": "RN_DNODE_00019", "outgoing_drain_id": "RN_DRAIN_00153", "total_q_m3s": 0.11882086116261767, "capacity_m3s": 0.034854282915268278, "overflow_q_m3s": 0.083966578247349391, "overflow_volume_m3": 151.13984084522892, "capacity_source": "synthetic_manning_scenario", "capacity_is_observed": 0, "source_type": "prototype_drainage_capacity_overflow" }, "geometry": { "type": "Point", "coordinates": [ 376637.791000000026543, 2046501.903 ] } },
{ "type": "Feature", "properties": { "interval_id": "090_120", "scenario_id": "rajendra_nagar_heavy_rain_demo", "start_min": 90, "end_min": 120, "duration_s": 1800, "drain_node_id": "RN_DNODE_00397", "outgoing_drain_id": "RN_DRAIN_00169", "total_q_m3s": 0.25797929775020206, "capacity_m3s": 0.034844300305034812, "overflow_q_m3s": 0.22313499744516724, "overflow_volume_m3": 401.64299540130105, "capacity_source": "synthetic_manning_scenario", "capacity_is_observed": 0, "source_type": "prototype_drainage_capacity_overflow" }, "geometry": { "type": "Point", "coordinates": [ 377717.791000000026543, 2046471.903 ] } },
{ "type": "Feature", "properties": { "interval_id": "090_120", "scenario_id": "rajendra_nagar_heavy_rain_demo", "start_min": 90, "end_min": 120, "duration_s": 1800, "drain_node_id": "RN_DNODE_00480", "outgoing_drain_id": "RN_DRAIN_00160", "total_q_m3s": 0.13329178927309704, "capacity_m3s": 0.062336960286670622, "overflow_q_m3s": 0.07095482898642641, "overflow_volume_m3": 127.71869217556754, "capacity_source": "synthetic_manning_scenario", "capacity_is_observed": 0, "source_type": "prototype_drainage_capacity_overflow" }, "geometry": { "type": "Point", "coordinates": [ 378047.791000000026543, 2046501.903 ] } },
{ "type": "Feature", "properties": { "interval_id": "090_120", "scenario_id": "rajendra_nagar_heavy_rain_demo", "start_min": 90, "end_min": 120, "duration_s": 1800, "drain_node_id": "RN_DNODE_00018", "outgoing_drain_id": "RN_DRAIN_00220", "total_q_m3s": 0.24297929669056395, "capacity_m3s": 0.12723324562335805, "overflow_q_m3s": 0.1157460510672059, "overflow_volume_m3": 208.3428919209706, "capacity_source": "synthetic_manning_scenario", "capacity_is_observed": 0, "source_type": "prototype_drainage_capacity_overflow" }, "geometry": { "type": "Point", "coordinates": [ 376637.791000000026543, 2046321.903 ] } },
{ "type": "Feature", "properties": { "interval_id": "090_120", "scenario_id": "rajendra_nagar_heavy_rain_demo", "start_min": 90, "end_min": 120, "duration_s": 1800, "drain_node_id": "RN_DNODE_00017", "outgoing_drain_id": "RN_DRAIN_00240", "total_q_m3s": 0.27468751907348632, "capacity_m3s": 0.034854282915268278, "overflow_q_m3s": 0.23983323615821805, "overflow_volume_m3": 431.69982508479251, "capacity_source": "synthetic_manning_scenario", "capacity_is_observed": 0, "source_type": "prototype_drainage_capacity_overflow" }, "geometry": { "type": "Point", "coordinates": [ 376637.791000000026543, 2046291.903 ] } },
{ "type": "Feature", "properties": { "interval_id": "090_120", "scenario_id": "rajendra_nagar_heavy_rain_demo", "start_min": 90, "end_min": 120, "duration_s": 1800, "drain_node_id": "RN_DNODE_00111", "outgoing_drain_id": "RN_DRAIN_00285", "total_q_m3s": 0.94968756781684027, "capacity_m3s": 0.034844300305034812, "overflow_q_m3s": 0.91484326751180545, "overflow_volume_m3": 1646.7178815212499, "capacity_source": "synthetic_manning_scenario", "capacity_is_observed": 0, "source_type": "prototype_drainage_capacity_overflow" }, "geometry": { "type": "Point", "coordinates": [ 377027.791000000026543, 2046201.903 ] } },
{ "type": "Feature", "properties": { "interval_id": "090_120", "scenario_id": "rajendra_nagar_heavy_rain_demo", "start_min": 90, "end_min": 120, "duration_s": 1800, "drain_node_id": "RN_DNODE_00454", "outgoing_drain_id": "RN_DRAIN_00359", "total_q_m3s": 0.86134371834204093, "capacity_m3s": 0.48087166299014095, "overflow_q_m3s": 0.38047205535189998, "overflow_volume_m3": 684.84969963341996, "capacity_source": "synthetic_manning_scenario", "capacity_is_observed": 0, "source_type": "prototype_drainage_capacity_overflow" }, "geometry": { "type": "Point", "coordinates": [ 377957.791000000026543, 2046051.903 ] } },
{ "type": "Feature", "properties": { "interval_id": "090_120", "scenario_id": "rajendra_nagar_heavy_rain_demo", "start_min": 90, "end_min": 120, "duration_s": 1800, "drain_node_id": "RN_DNODE_00544", "outgoing_drain_id": "RN_DRAIN_00384", "total_q_m3s": 0.4032918094062215, "capacity_m3s": 0.15013191509707569, "overflow_q_m3s": 0.25315989430914582, "overflow_volume_m3": 455.68780975646246, "capacity_source": "synthetic_manning_scenario", "capacity_is_observed": 0, "source_type": "prototype_drainage_capacity_overflow" }, "geometry": { "type": "Point", "coordinates": [ 378437.791000000026543, 2045961.903 ] } },
{ "type": "Feature", "properties": { "interval_id": "090_120", "scenario_id": "rajendra_nagar_heavy_rain_demo", "start_min": 90, "end_min": 120, "duration_s": 1800, "drain_node_id": "RN_DNODE_00411", "outgoing_drain_id": "RN_DRAIN_00479", "total_q_m3s": 0.54154882455297193, "capacity_m3s": 0.30124813859248456, "overflow_q_m3s": 0.24030068596048737, "overflow_volume_m3": 432.54123472887727, "capacity_source": "synthetic_manning_scenario", "capacity_is_observed": 0, "source_type": "prototype_drainage_capacity_overflow" }, "geometry": { "type": "Point", "coordinates": [ 377777.791000000026543, 2045721.903 ] } },
{ "type": "Feature", "properties": { "interval_id": "090_120", "scenario_id": "rajendra_nagar_heavy_rain_demo", "start_min": 90, "end_min": 120, "duration_s": 1800, "drain_node_id": "RN_DNODE_00467", "outgoing_drain_id": "RN_DRAIN_00017", "total_q_m3s": 0.30656252119276256, "capacity_m3s": 0.034854282915268278, "overflow_q_m3s": 0.2717082382774943, "overflow_volume_m3": 489.07482889948972, "capacity_source": "synthetic_manning_scenario", "capacity_is_observed": 0, "source_type": "prototype_drainage_capacity_overflow" }, "geometry": { "type": "Point", "coordinates": [ 377987.791000000026543, 2046861.903 ] } },
{ "type": "Feature", "properties": { "interval_id": "090_120", "scenario_id": "rajendra_nagar_heavy_rain_demo", "start_min": 90, "end_min": 120, "duration_s": 1800, "drain_node_id": "RN_DNODE_00387", "outgoing_drain_id": "RN_DRAIN_00004", "total_q_m3s": 0.034844300305034812, "capacity_m3s": 0.02637752433631995, "overflow_q_m3s": 0.0084667759687148611, "overflow_volume_m3": 15.24019674368675, "capacity_source": "synthetic_manning_scenario", "capacity_is_observed": 0, "source_type": "prototype_drainage_capacity_overflow" }, "geometry": { "type": "Point", "coordinates": [ 377687.791000000026543, 2046921.903 ] } },
{ "type": "Feature", "properties": { "interval_id": "090_120", "scenario_id": "rajendra_nagar_heavy_rain_demo", "start_min": 90, "end_min": 120, "duration_s": 1800, "drain_node_id": "RN_DNODE_00023", "outgoing_drain_id": "RN_DRAIN_00154", "total_q_m3s": 0.27110429880984022, "capacity_m3s": 0.034854282915268278, "overflow_q_m3s": 0.23625001589457195, "overflow_volume_m3": 425.25002861022949, "capacity_source": "synthetic_manning_scenario", "capacity_is_observed": 0, "source_type": "prototype_drainage_capacity_overflow" }, "geometry": { "type": "Point", "coordinates": [ 376667.791000000026543, 2046501.903 ] } },
{ "type": "Feature", "properties": { "interval_id": "090_120", "scenario_id": "rajendra_nagar_heavy_rain_demo", "start_min": 90, "end_min": 120, "duration_s": 1800, "drain_node_id": "RN_DNODE_00386", "outgoing_drain_id": "RN_DRAIN_00159", "total_q_m3s": 0.11734430560322545, "capacity_m3s": 0.068286718630626422, "overflow_q_m3s": 0.049057586972599029, "overflow_volume_m3": 88.303656550678255, "capacity_source": "synthetic_manning_scenario", "capacity_is_observed": 0, "source_type": "prototype_drainage_capacity_overflow" }, "geometry": { "type": "Point", "coordinates": [ 377687.791000000026543, 2046501.903 ] } },
{ "type": "Feature", "properties": { "interval_id": "090_120", "scenario_id": "rajendra_nagar_heavy_rain_demo", "start_min": 90, "end_min": 120, "duration_s": 1800, "drain_node_id": "RN_DNODE_00481", "outgoing_drain_id": "RN_DRAIN_00147", "total_q_m3s": 0.20483696982341379, "capacity_m3s": 0.034854282915268278, "overflow_q_m3s": 0.1699826869081455, "overflow_volume_m3": 305.96883643466191, "capacity_source": "synthetic_manning_scenario", "capacity_is_observed": 0, "source_type": "prototype_drainage_capacity_overflow" }, "geometry": { "type": "Point", "coordinates": [ 378047.791000000026543, 2046531.903 ] } },
{ "type": "Feature", "properties": { "interval_id": "090_120", "scenario_id": "rajendra_nagar_heavy_rain_demo", "start_min": 90, "end_min": 120, "duration_s": 1800, "drain_node_id": "RN_DNODE_00542", "outgoing_drain_id": "RN_DRAIN_00267", "total_q_m3s": 0.18704808214959012, "capacity_m3s": 0.034854282915268278, "overflow_q_m3s": 0.15219379923432186, "overflow_volume_m3": 273.94883862177937, "capacity_source": "synthetic_manning_scenario", "capacity_is_observed": 0, "source_type": "prototype_drainage_capacity_overflow" }, "geometry": { "type": "Point", "coordinates": [ 378407.791000000026543, 2046261.903 ] } },
{ "type": "Feature", "properties": { "interval_id": "090_120", "scenario_id": "rajendra_nagar_heavy_rain_demo", "start_min": 90, "end_min": 120, "duration_s": 1800, "drain_node_id": "RN_DNODE_00021", "outgoing_drain_id": "RN_DRAIN_00241", "total_q_m3s": 0.24381681463280899, "capacity_m3s": 0.12723324562335805, "overflow_q_m3s": 0.11658356900945094, "overflow_volume_m3": 209.85042421701169, "capacity_source": "synthetic_manning_scenario", "capacity_is_observed": 0, "source_type": "prototype_drainage_capacity_overflow" }, "geometry": { "type": "Point", "coordinates": [ 376667.791000000026543, 2046291.903 ] } },
{ "type": "Feature", "properties": { "interval_id": "090_120", "scenario_id": "rajendra_nagar_heavy_rain_demo", "start_min": 90, "end_min": 120, "duration_s": 1800, "drain_node_id": "RN_DNODE_00540", "outgoing_drain_id": "RN_DRAIN_00378", "total_q_m3s": 0.24575692145490446, "capacity_m3s": 0.1348146985507728, "overflow_q_m3s": 0.11094222290413167, "overflow_volume_m3": 199.69600122743699, "capacity_source": "synthetic_manning_scenario", "capacity_is_observed": 0, "source_type": "prototype_drainage_capacity_overflow" }, "geometry": { "type": "Point", "coordinates": [ 378407.791000000026543, 2045991.903 ] } },
{ "type": "Feature", "properties": { "interval_id": "090_120", "scenario_id": "rajendra_nagar_heavy_rain_demo", "start_min": 90, "end_min": 120, "duration_s": 1800, "drain_node_id": "RN_DNODE_00404", "outgoing_drain_id": "RN_DRAIN_00478", "total_q_m3s": 0.36124814283103712, "capacity_m3s": 0.30124813859248456, "overflow_q_m3s": 0.060000004238552562, "overflow_volume_m3": 108.00000762939462, "capacity_source": "synthetic_manning_scenario", "capacity_is_observed": 0, "source_type": "prototype_drainage_capacity_overflow" }, "geometry": { "type": "Point", "coordinates": [ 377747.791000000026543, 2045721.903 ] } },
{ "type": "Feature", "properties": { "interval_id": "090_120", "scenario_id": "rajendra_nagar_heavy_rain_demo", "start_min": 90, "end_min": 120, "duration_s": 1800, "drain_node_id": "RN_DNODE_00027", "outgoing_drain_id": "RN_DRAIN_00155", "total_q_m3s": 0.13329178927309704, "capacity_m3s": 0.034844300305034812, "overflow_q_m3s": 0.098447488968062227, "overflow_volume_m3": 177.20548014251202, "capacity_source": "synthetic_manning_scenario", "capacity_is_observed": 0, "source_type": "prototype_drainage_capacity_overflow" }, "geometry": { "type": "Point", "coordinates": [ 376697.791000000026543, 2046501.903 ] } },
{ "type": "Feature", "properties": { "interval_id": "090_120", "scenario_id": "rajendra_nagar_heavy_rain_demo", "start_min": 90, "end_min": 120, "duration_s": 1800, "drain_node_id": "RN_DNODE_00378", "outgoing_drain_id": "RN_DRAIN_00146", "total_q_m3s": 0.16672422498845518, "capacity_m3s": 0.12524186330580878, "overflow_q_m3s": 0.041482361682646407, "overflow_volume_m3": 74.668251028763535, "capacity_source": "synthetic_manning_scenario", "capacity_is_observed": 0, "source_type": "prototype_drainage_capacity_overflow" }, "geometry": { "type": "Point", "coordinates": [ 377657.791000000026543, 2046531.903 ] } },
{ "type": "Feature", "properties": { "interval_id": "090_120", "scenario_id": "rajendra_nagar_heavy_rain_demo", "start_min": 90, "end_min": 120, "duration_s": 1800, "drain_node_id": "RN_DNODE_00482", "outgoing_drain_id": "RN_DRAIN_00134", "total_q_m3s": 0.066729285034544533, "capacity_m3s": 0.034844300305034812, "overflow_q_m3s": 0.031884984729509722, "overflow_volume_m3": 57.392972513117499, "capacity_source": "synthetic_manning_scenario", "capacity_is_observed": 0, "source_type": "prototype_drainage_capacity_overflow" }, "geometry": { "type": "Point", "coordinates": [ 378047.791000000026543, 2046561.903 ] } },
{ "type": "Feature", "properties": { "interval_id": "090_120", "scenario_id": "rajendra_nagar_heavy_rain_demo", "start_min": 90, "end_min": 120, "duration_s": 1800, "drain_node_id": "RN_DNODE_00069", "outgoing_drain_id": "RN_DRAIN_00421", "total_q_m3s": 1.2675000890096029, "capacity_m3s": 0.12723324562335805, "overflow_q_m3s": 1.1402668433862448, "overflow_volume_m3": 2052.4803180952408, "capacity_source": "synthetic_manning_scenario", "capacity_is_observed": 0, "source_type": "prototype_drainage_capacity_overflow" }, "geometry": { "type": "Point", "coordinates": [ 376877.791000000026543, 2045841.903 ] } },
{ "type": "Feature", "properties": { "interval_id": "090_120", "scenario_id": "rajendra_nagar_heavy_rain_demo", "start_min": 90, "end_min": 120, "duration_s": 1800, "drain_node_id": "RN_DNODE_00536", "outgoing_drain_id": "RN_DRAIN_00369", "total_q_m3s": 0.32341899206242242, "capacity_m3s": 0.18393770855067063, "overflow_q_m3s": 0.13948128351175179, "overflow_volume_m3": 251.06631032115322, "capacity_source": "synthetic_manning_scenario", "capacity_is_observed": 0, "source_type": "prototype_drainage_capacity_overflow" }, "geometry": { "type": "Point", "coordinates": [ 378377.791000000026543, 2046021.903 ] } },
{ "type": "Feature", "properties": { "interval_id": "090_120", "scenario_id": "rajendra_nagar_heavy_rain_demo", "start_min": 90, "end_min": 120, "duration_s": 1800, "drain_node_id": "RN_DNODE_00141", "outgoing_drain_id": "RN_DRAIN_00485", "total_q_m3s": 0.099531804543587329, "capacity_m3s": 0.02637752433631995, "overflow_q_m3s": 0.073154280207267386, "overflow_volume_m3": 131.6777043730813, "capacity_source": "synthetic_manning_scenario", "capacity_is_observed": 0, "source_type": "prototype_drainage_capacity_overflow" }, "geometry": { "type": "Point", "coordinates": [ 377117.791000000026543, 2045691.903 ] } },
{ "type": "Feature", "properties": { "interval_id": "090_120", "scenario_id": "rajendra_nagar_heavy_rain_demo", "start_min": 90, "end_min": 120, "duration_s": 1800, "drain_node_id": "RN_DNODE_00391", "outgoing_drain_id": "RN_DRAIN_00477", "total_q_m3s": 0.87499818097800985, "capacity_m3s": 0.30124813859248456, "overflow_q_m3s": 0.57375004238552529, "overflow_volume_m3": 1032.7500762939455, "capacity_source": "synthetic_manning_scenario", "capacity_is_observed": 0, "source_type": "prototype_drainage_capacity_overflow" }, "geometry": { "type": "Point", "coordinates": [ 377717.791000000026543, 2045721.903 ] } },
{ "type": "Feature", "properties": { "interval_id": "090_120", "scenario_id": "rajendra_nagar_heavy_rain_demo", "start_min": 90, "end_min": 120, "duration_s": 1800, "drain_node_id": "RN_DNODE_00278", "outgoing_drain_id": "RN_DRAIN_00522", "total_q_m3s": 0.513519722350543, "capacity_m3s": 0.48080413635127461, "overflow_q_m3s": 0.032715585999268382, "overflow_volume_m3": 58.888054798683086, "capacity_source": "synthetic_manning_scenario", "capacity_is_observed": 0, "source_type": "prototype_drainage_capacity_overflow" }, "geometry": { "type": "Point", "coordinates": [ 377357.791000000026543, 2045601.903 ] } },
{ "type": "Feature", "properties": { "interval_id": "090_120", "scenario_id": "rajendra_nagar_heavy_rain_demo", "start_min": 90, "end_min": 120, "duration_s": 1800, "drain_node_id": "RN_DNODE_00025", "outgoing_drain_id": "RN_DRAIN_00270", "total_q_m3s": 0.17692074880227243, "capacity_m3s": 0.12723324562335805, "overflow_q_m3s": 0.049687503178914377, "overflow_volume_m3": 89.437505722045884, "capacity_source": "synthetic_manning_scenario", "capacity_is_observed": 0, "source_type": "prototype_drainage_capacity_overflow" }, "geometry": { "type": "Point", "coordinates": [ 376697.791000000026543, 2046231.903 ] } },
{ "type": "Feature", "properties": { "interval_id": "090_120", "scenario_id": "rajendra_nagar_heavy_rain_demo", "start_min": 90, "end_min": 120, "duration_s": 1800, "drain_node_id": "RN_DNODE_00039", "outgoing_drain_id": "RN_DRAIN_00121", "total_q_m3s": 0.16715933205882166, "capacity_m3s": 0.12723324562335805, "overflow_q_m3s": 0.039926086435463609, "overflow_volume_m3": 71.866955583834496, "capacity_source": "synthetic_manning_scenario", "capacity_is_observed": 0, "source_type": "prototype_drainage_capacity_overflow" }, "geometry": { "type": "Point", "coordinates": [ 376757.791000000026543, 2046561.903 ] } },
{ "type": "Feature", "properties": { "interval_id": "090_120", "scenario_id": "rajendra_nagar_heavy_rain_demo", "start_min": 90, "end_min": 120, "duration_s": 1800, "drain_node_id": "RN_DNODE_00174", "outgoing_drain_id": "RN_DRAIN_00156", "total_q_m3s": 0.090405346745941292, "capacity_m3s": 0.034844300305034812, "overflow_q_m3s": 0.055561046440906481, "overflow_volume_m3": 100.00988359363167, "capacity_source": "synthetic_manning_scenario", "capacity_is_observed": 0, "source_type": "prototype_drainage_capacity_overflow" }, "geometry": { "type": "Point", "coordinates": [ 377147.791000000026543, 2046501.903 ] } },
{ "type": "Feature", "properties": { "interval_id": "090_120", "scenario_id": "rajendra_nagar_heavy_rain_demo", "start_min": 90, "end_min": 120, "duration_s": 1800, "drain_node_id": "RN_DNODE_00473", "outgoing_drain_id": "RN_DRAIN_00102", "total_q_m3s": 0.17921930984177797, "capacity_m3s": 0.12723324562335805, "overflow_q_m3s": 0.05198606421841992, "overflow_volume_m3": 93.574915593155851, "capacity_source": "synthetic_manning_scenario", "capacity_is_observed": 0, "source_type": "prototype_drainage_capacity_overflow" }, "geometry": { "type": "Point", "coordinates": [ 378017.791000000026543, 2046621.903 ] } },
{ "type": "Feature", "properties": { "interval_id": "090_120", "scenario_id": "rajendra_nagar_heavy_rain_demo", "start_min": 90, "end_min": 120, "duration_s": 1800, "drain_node_id": "RN_DNODE_00273", "outgoing_drain_id": "RN_DRAIN_00500", "total_q_m3s": 0.58955414270910333, "capacity_m3s": 0.38825424207139908, "overflow_q_m3s": 0.20129990063770425, "overflow_volume_m3": 362.33982114786767, "capacity_source": "synthetic_manning_scenario", "capacity_is_observed": 0, "source_type": "prototype_drainage_capacity_overflow" }, "geometry": { "type": "Point", "coordinates": [ 377327.791000000026543, 2045661.903 ] } },
{ "type": "Feature", "properties": { "interval_id": "090_120", "scenario_id": "rajendra_nagar_heavy_rain_demo", "start_min": 90, "end_min": 120, "duration_s": 1800, "drain_node_id": "RN_DNODE_00049", "outgoing_drain_id": "RN_DRAIN_00105", "total_q_m3s": 0.14317074668299618, "capacity_m3s": 0.1272696969192279, "overflow_q_m3s": 0.015901049763768271, "overflow_volume_m3": 28.621889574782887, "capacity_source": "synthetic_manning_scenario", "capacity_is_observed": 0, "source_type": "prototype_drainage_capacity_overflow" }, "geometry": { "type": "Point", "coordinates": [ 376787.791000000026543, 2046591.903 ] } },
{ "type": "Feature", "properties": { "interval_id": "090_120", "scenario_id": "rajendra_nagar_heavy_rain_demo", "start_min": 90, "end_min": 120, "duration_s": 1800, "drain_node_id": "RN_DNODE_00360", "outgoing_drain_id": "RN_DRAIN_00144", "total_q_m3s": 0.2527418717829138, "capacity_m3s": 0.10887560820568472, "overflow_q_m3s": 0.14386626357722909, "overflow_volume_m3": 258.95927443901235, "capacity_source": "synthetic_manning_scenario", "capacity_is_observed": 0, "source_type": "prototype_drainage_capacity_overflow" }, "geometry": { "type": "Point", "coordinates": [ 377567.791000000026543, 2046531.903 ] } },
{ "type": "Feature", "properties": { "interval_id": "090_120", "scenario_id": "rajendra_nagar_heavy_rain_demo", "start_min": 90, "end_min": 120, "duration_s": 1800, "drain_node_id": "RN_DNODE_00460", "outgoing_drain_id": "RN_DRAIN_00077", "total_q_m3s": 0.17598324880227245, "capacity_m3s": 0.1272696969192279, "overflow_q_m3s": 0.048713551883044548, "overflow_volume_m3": 87.684393389480192, "capacity_source": "synthetic_manning_scenario", "capacity_is_observed": 0, "source_type": "prototype_drainage_capacity_overflow" }, "geometry": { "type": "Point", "coordinates": [ 377987.791000000026543, 2046651.903 ] } },
{ "type": "Feature", "properties": { "interval_id": "090_120", "scenario_id": "rajendra_nagar_heavy_rain_demo", "start_min": 90, "end_min": 120, "duration_s": 1800, "drain_node_id": "RN_DNODE_00510", "outgoing_drain_id": "RN_DRAIN_00347", "total_q_m3s": 0.68750276679541078, "capacity_m3s": 0.30124813859248456, "overflow_q_m3s": 0.38625462820292622, "overflow_volume_m3": 695.25833076526715, "capacity_source": "synthetic_manning_scenario", "capacity_is_observed": 0, "source_type": "prototype_drainage_capacity_overflow" }, "geometry": { "type": "Point", "coordinates": [ 378287.791000000026543, 2046111.903 ] } },
{ "type": "Feature", "properties": { "interval_id": "090_120", "scenario_id": "rajendra_nagar_heavy_rain_demo", "start_min": 90, "end_min": 120, "duration_s": 1800, "drain_node_id": "RN_DNODE_00353", "outgoing_drain_id": "RN_DRAIN_00143", "total_q_m3s": 0.17075061244423723, "capacity_m3s": 0.034854282915268278, "overflow_q_m3s": 0.13589632952896896, "overflow_volume_m3": 244.61339315214414, "capacity_source": "synthetic_manning_scenario", "capacity_is_observed": 0, "source_type": "prototype_drainage_capacity_overflow" }, "geometry": { "type": "Point", "coordinates": [ 377537.791000000026543, 2046531.903 ] } },
{ "type": "Feature", "properties": { "interval_id": "090_120", "scenario_id": "rajendra_nagar_heavy_rain_demo", "start_min": 90, "end_min": 120, "duration_s": 1800, "drain_node_id": "RN_DNODE_00362", "outgoing_drain_id": "RN_DRAIN_00455", "total_q_m3s": 0.63046745903064383, "capacity_m3s": 0.3425817481644578, "overflow_q_m3s": 0.28788571086618603, "overflow_volume_m3": 518.19427955913488, "capacity_source": "synthetic_manning_scenario", "capacity_is_observed": 0, "source_type": "prototype_drainage_capacity_overflow" }, "geometry": { "type": "Point", "coordinates": [ 377597.791000000026543, 2045781.903 ] } },
{ "type": "Feature", "properties": { "interval_id": "090_120", "scenario_id": "rajendra_nagar_heavy_rain_demo", "start_min": 90, "end_min": 120, "duration_s": 1800, "drain_node_id": "RN_DNODE_00255", "outgoing_drain_id": "RN_DRAIN_00490", "total_q_m3s": 0.40419174313103723, "capacity_m3s": 0.16554197630939951, "overflow_q_m3s": 0.23864976682163772, "overflow_volume_m3": 429.56958027894791, "capacity_source": "synthetic_manning_scenario", "capacity_is_observed": 0, "source_type": "prototype_drainage_capacity_overflow" }, "geometry": { "type": "Point", "coordinates": [ 377267.791000000026543, 2045691.903 ] } },
{ "type": "Feature", "properties": { "interval_id": "090_120", "scenario_id": "rajendra_nagar_heavy_rain_demo", "start_min": 90, "end_min": 120, "duration_s": 1800, "drain_node_id": "RN_DNODE_00344", "outgoing_drain_id": "RN_DRAIN_00142", "total_q_m3s": 0.17829179245201143, "capacity_m3s": 0.10542103561186149, "overflow_q_m3s": 0.072870756840149944, "overflow_volume_m3": 131.16736231226989, "capacity_source": "synthetic_manning_scenario", "capacity_is_observed": 0, "source_type": "prototype_drainage_capacity_overflow" }, "geometry": { "type": "Point", "coordinates": [ 377507.791000000026543, 2046531.903 ] } },
{ "type": "Feature", "properties": { "interval_id": "090_120", "scenario_id": "rajendra_nagar_heavy_rain_demo", "start_min": 90, "end_min": 120, "duration_s": 1800, "drain_node_id": "RN_DNODE_00463", "outgoing_drain_id": "RN_DRAIN_00052", "total_q_m3s": 0.5632072265890955, "capacity_m3s": 0.1272696969192279, "overflow_q_m3s": 0.4359375296698676, "overflow_volume_m3": 784.68755340576172, "capacity_source": "synthetic_manning_scenario", "capacity_is_observed": 0, "source_type": "prototype_drainage_capacity_overflow" }, "geometry": { "type": "Point", "coordinates": [ 377987.791000000026543, 2046741.903 ] } },
{ "type": "Feature", "properties": { "interval_id": "090_120", "scenario_id": "rajendra_nagar_heavy_rain_demo", "start_min": 90, "end_min": 120, "duration_s": 1800, "drain_node_id": "RN_DNODE_00079", "outgoing_drain_id": "RN_DRAIN_00086", "total_q_m3s": 0.55188371109770062, "capacity_m3s": 0.30124813859248456, "overflow_q_m3s": 0.25063557250521606, "overflow_volume_m3": 451.14403050938893, "capacity_source": "synthetic_manning_scenario", "capacity_is_observed": 0, "source_type": "prototype_drainage_capacity_overflow" }, "geometry": { "type": "Point", "coordinates": [ 376907.791000000026543, 2046621.903 ] } },
{ "type": "Feature", "properties": { "interval_id": "090_120", "scenario_id": "rajendra_nagar_heavy_rain_demo", "start_min": 90, "end_min": 120, "duration_s": 1800, "drain_node_id": "RN_DNODE_00502", "outgoing_drain_id": "RN_DRAIN_00332", "total_q_m3s": 0.37095670442302109, "capacity_m3s": 0.30107555299333355, "overflow_q_m3s": 0.069881151429687538, "overflow_volume_m3": 125.78607257343756, "capacity_source": "synthetic_manning_scenario", "capacity_is_observed": 0, "source_type": "prototype_drainage_capacity_overflow" }, "geometry": { "type": "Point", "coordinates": [ 378257.791000000026543, 2046141.903 ] } },
{ "type": "Feature", "properties": { "interval_id": "090_120", "scenario_id": "rajendra_nagar_heavy_rain_demo", "start_min": 90, "end_min": 120, "duration_s": 1800, "drain_node_id": "RN_DNODE_00341", "outgoing_drain_id": "RN_DRAIN_00443", "total_q_m3s": 0.60601926617830604, "capacity_m3s": 0.56744386869295582, "overflow_q_m3s": 0.038575397485350216, "overflow_volume_m3": 69.435715473630381, "capacity_source": "synthetic_manning_scenario", "capacity_is_observed": 0, "source_type": "prototype_drainage_capacity_overflow" }, "geometry": { "type": "Point", "coordinates": [ 377507.791000000026543, 2045811.903 ] } },
{ "type": "Feature", "properties": { "interval_id": "090_120", "scenario_id": "rajendra_nagar_heavy_rain_demo", "start_min": 90, "end_min": 120, "duration_s": 1800, "drain_node_id": "RN_DNODE_00330", "outgoing_drain_id": "RN_DRAIN_00442", "total_q_m3s": 0.60975889408891382, "capacity_m3s": 0.30124813859248456, "overflow_q_m3s": 0.30851075549642926, "overflow_volume_m3": 555.31935989357271, "capacity_source": "synthetic_manning_scenario", "capacity_is_observed": 0, "source_type": "prototype_drainage_capacity_overflow" }, "geometry": { "type": "Point", "coordinates": [ 377477.791000000026543, 2045811.903 ] } },
{ "type": "Feature", "properties": { "interval_id": "090_120", "scenario_id": "rajendra_nagar_heavy_rain_demo", "start_min": 90, "end_min": 120, "duration_s": 1800, "drain_node_id": "RN_DNODE_00466", "outgoing_drain_id": "RN_DRAIN_00029", "total_q_m3s": 0.28476970751560921, "capacity_m3s": 0.12723324562335805, "overflow_q_m3s": 0.15753646189225115, "overflow_volume_m3": 283.56563140605209, "capacity_source": "synthetic_manning_scenario", "capacity_is_observed": 0, "source_type": "prototype_drainage_capacity_overflow" }, "geometry": { "type": "Point", "coordinates": [ 377987.791000000026543, 2046831.903 ] } },
{ "type": "Feature", "properties": { "interval_id": "090_120", "scenario_id": "rajendra_nagar_heavy_rain_demo", "start_min": 90, "end_min": 120, "duration_s": 1800, "drain_node_id": "RN_DNODE_00314", "outgoing_drain_id": "RN_DRAIN_00441", "total_q_m3s": 0.3649981428310371, "capacity_m3s": 0.30116185815577506, "overflow_q_m3s": 0.063836284675262034, "overflow_volume_m3": 114.90531241547166, "capacity_source": "synthetic_manning_scenario", "capacity_is_observed": 0, "source_type": "prototype_drainage_capacity_overflow" }, "geometry": { "type": "Point", "coordinates": [ 377447.791000000026543, 2045811.903 ] } },
{ "type": "Feature", "properties": { "interval_id": "090_120", "scenario_id": "rajendra_nagar_heavy_rain_demo", "start_min": 90, "end_min": 120, "duration_s": 1800, "drain_node_id": "RN_DNODE_00143", "outgoing_drain_id": "RN_DRAIN_00463", "total_q_m3s": 0.458979496442524, "capacity_m3s": 0.096316987382127545, "overflow_q_m3s": 0.36266250906039643, "overflow_volume_m3": 652.79251630871363, "capacity_source": "synthetic_manning_scenario", "capacity_is_observed": 0, "source_type": "prototype_drainage_capacity_overflow" }, "geometry": { "type": "Point", "coordinates": [ 377117.791000000026543, 2045751.903 ] } },
{ "type": "Feature", "properties": { "interval_id": "090_120", "scenario_id": "rajendra_nagar_heavy_rain_demo", "start_min": 90, "end_min": 120, "duration_s": 1800, "drain_node_id": "RN_DNODE_00456", "outgoing_drain_id": "RN_DRAIN_00016", "total_q_m3s": 0.39927504443319828, "capacity_m3s": 0.12723324562335805, "overflow_q_m3s": 0.27204179880984025, "overflow_volume_m3": 489.67523785771243, "capacity_source": "synthetic_manning_scenario", "capacity_is_observed": 0, "source_type": "prototype_drainage_capacity_overflow" }, "geometry": { "type": "Point", "coordinates": [ 377957.791000000026543, 2046861.903 ] } },
{ "type": "Feature", "properties": { "interval_id": "090_120", "scenario_id": "rajendra_nagar_heavy_rain_demo", "start_min": 90, "end_min": 120, "duration_s": 1800, "drain_node_id": "RN_DNODE_00296", "outgoing_drain_id": "RN_DRAIN_00428", "total_q_m3s": 0.50084937193107071, "capacity_m3s": 0.30116185815577506, "overflow_q_m3s": 0.19968751377529564, "overflow_volume_m3": 359.43752479553217, "capacity_source": "synthetic_manning_scenario", "capacity_is_observed": 0, "source_type": "prototype_drainage_capacity_overflow" }, "geometry": { "type": "Point", "coordinates": [ 377417.791000000026543, 2045841.903 ] } },
{ "type": "Feature", "properties": { "interval_id": "090_120", "scenario_id": "rajendra_nagar_heavy_rain_demo", "start_min": 90, "end_min": 120, "duration_s": 1800, "drain_node_id": "RN_DNODE_00131", "outgoing_drain_id": "RN_DRAIN_00450", "total_q_m3s": 0.37719745426103346, "capacity_m3s": 0.30116185815577506, "overflow_q_m3s": 0.076035596105258396, "overflow_volume_m3": 136.86407298946511, "capacity_source": "synthetic_manning_scenario", "capacity_is_observed": 0, "source_type": "prototype_drainage_capacity_overflow" }, "geometry": { "type": "Point", "coordinates": [ 377087.791000000026543, 2045781.903 ] } },
{ "type": "Feature", "properties": { "interval_id": "090_120", "scenario_id": "rajendra_nagar_heavy_rain_demo", "start_min": 90, "end_min": 120, "duration_s": 1800, "drain_node_id": "RN_DNODE_00493", "outgoing_drain_id": "RN_DRAIN_00328", "total_q_m3s": 2.0945131790902707, "capacity_m3s": 1.7363557578581901, "overflow_q_m3s": 0.35815742123208061, "overflow_volume_m3": 644.68335821774508, "capacity_source": "synthetic_manning_scenario", "capacity_is_observed": 0, "source_type": "prototype_drainage_capacity_overflow" }, "geometry": { "type": "Point", "coordinates": [ 378137.791000000026543, 2046141.903 ] } },
{ "type": "Feature", "properties": { "interval_id": "090_120", "scenario_id": "rajendra_nagar_heavy_rain_demo", "start_min": 90, "end_min": 120, "duration_s": 1800, "drain_node_id": "RN_DNODE_00285", "outgoing_drain_id": "RN_DRAIN_00417", "total_q_m3s": 0.45116186875215636, "capacity_m3s": 0.30116185815577506, "overflow_q_m3s": 0.15000001059638129, "overflow_volume_m3": 270.00001907348633, "capacity_source": "synthetic_manning_scenario", "capacity_is_observed": 0, "source_type": "prototype_drainage_capacity_overflow" }, "geometry": { "type": "Point", "coordinates": [ 377387.791000000026543, 2045871.903 ] } },
{ "type": "Feature", "properties": { "interval_id": "090_120", "scenario_id": "rajendra_nagar_heavy_rain_demo", "start_min": 90, "end_min": 120, "duration_s": 1800, "drain_node_id": "RN_DNODE_00450", "outgoing_drain_id": "RN_DRAIN_00006", "total_q_m3s": 0.25660825410046312, "capacity_m3s": 0.096316987382127545, "overflow_q_m3s": 0.16029126671833557, "overflow_volume_m3": 288.52428009300405, "capacity_source": "synthetic_manning_scenario", "capacity_is_observed": 0, "source_type": "prototype_drainage_capacity_overflow" }, "geometry": { "type": "Point", "coordinates": [ 377927.791000000026543, 2046921.903 ] } },
{ "type": "Feature", "properties": { "interval_id": "090_120", "scenario_id": "rajendra_nagar_heavy_rain_demo", "start_min": 90, "end_min": 120, "duration_s": 1800, "drain_node_id": "RN_DNODE_00489", "outgoing_drain_id": "RN_DRAIN_00327", "total_q_m3s": 1.8160432631563808, "capacity_m3s": 0.52668488356746512, "overflow_q_m3s": 1.2893583795889156, "overflow_volume_m3": 2320.8450832600483, "capacity_source": "synthetic_manning_scenario", "capacity_is_observed": 0, "source_type": "prototype_drainage_capacity_overflow" }, "geometry": { "type": "Point", "coordinates": [ 378107.791000000026543, 2046141.903 ] } },
{ "type": "Feature", "properties": { "interval_id": "090_120", "scenario_id": "rajendra_nagar_heavy_rain_demo", "start_min": 90, "end_min": 120, "duration_s": 1800, "drain_node_id": "RN_DNODE_00112", "outgoing_drain_id": "RN_DRAIN_00226", "total_q_m3s": 1.166920819798027, "capacity_m3s": 0.22629368210844161, "overflow_q_m3s": 0.94062713768958539, "overflow_volume_m3": 1693.1288478412537, "capacity_source": "synthetic_manning_scenario", "capacity_is_observed": 0, "source_type": "prototype_drainage_capacity_overflow" }, "geometry": { "type": "Point", "coordinates": [ 377027.791000000026543, 2046321.903 ] } },
{ "type": "Feature", "properties": { "interval_id": "090_120", "scenario_id": "rajendra_nagar_heavy_rain_demo", "start_min": 90, "end_min": 120, "duration_s": 1800, "drain_node_id": "RN_DNODE_00279", "outgoing_drain_id": "RN_DRAIN_00409", "total_q_m3s": 0.36584936239432758, "capacity_m3s": 0.30124813859248456, "overflow_q_m3s": 0.064601223801843022, "overflow_volume_m3": 116.28220284331744, "capacity_source": "synthetic_manning_scenario", "capacity_is_observed": 0, "source_type": "prototype_drainage_capacity_overflow" }, "geometry": { "type": "Point", "coordinates": [ 377357.791000000026543, 2045901.903 ] } },
{ "type": "Feature", "properties": { "interval_id": "090_120", "scenario_id": "rajendra_nagar_heavy_rain_demo", "start_min": 90, "end_min": 120, "duration_s": 1800, "drain_node_id": "RN_DNODE_00485", "outgoing_drain_id": "RN_DRAIN_00326", "total_q_m3s": 0.52668488356746512, "capacity_m3s": 0.30124813859248456, "overflow_q_m3s": 0.22543674497498056, "overflow_volume_m3": 405.78614095496499, "capacity_source": "synthetic_manning_scenario", "capacity_is_observed": 0, "source_type": "prototype_drainage_capacity_overflow" }, "geometry": { "type": "Point", "coordinates": [ 378077.791000000026543, 2046141.903 ] } },
{ "type": "Feature", "properties": { "interval_id": "090_120", "scenario_id": "rajendra_nagar_heavy_rain_demo", "start_min": 90, "end_min": 120, "duration_s": 1800, "drain_node_id": "RN_DNODE_00123", "outgoing_drain_id": "RN_DRAIN_00227", "total_q_m3s": 0.22629368210844161, "capacity_m3s": 0.19248944506420465, "overflow_q_m3s": 0.033804237044236962, "overflow_volume_m3": 60.847626679626529, "capacity_source": "synthetic_manning_scenario", "capacity_is_observed": 0, "source_type": "prototype_drainage_capacity_overflow" }, "geometry": { "type": "Point", "coordinates": [ 377057.791000000026543, 2046321.903 ] } },
{ "type": "Feature", "properties": { "interval_id": "090_120", "scenario_id": "rajendra_nagar_heavy_rain_demo", "start_min": 90, "end_min": 120, "duration_s": 1800, "drain_node_id": "RN_DNODE_00274", "outgoing_drain_id": "RN_DRAIN_00408", "total_q_m3s": 0.34999814177139893, "capacity_m3s": 0.3305358790663851, "overflow_q_m3s": 0.019462262705013833, "overflow_volume_m3": 35.032072869024901, "capacity_source": "synthetic_manning_scenario", "capacity_is_observed": 0, "source_type": "prototype_drainage_capacity_overflow" }, "geometry": { "type": "Point", "coordinates": [ 377327.791000000026543, 2045901.903 ] } },
{ "type": "Feature", "properties": { "interval_id": "090_120", "scenario_id": "rajendra_nagar_heavy_rain_demo", "start_min": 90, "end_min": 120, "duration_s": 1800, "drain_node_id": "RN_DNODE_00176", "outgoing_drain_id": "RN_DRAIN_00126", "total_q_m3s": 1.2574982032304105, "capacity_m3s": 0.22798288882636691, "overflow_q_m3s": 1.0295153144040436, "overflow_volume_m3": 1853.1275659272785, "capacity_source": "synthetic_manning_scenario", "capacity_is_observed": 0, "source_type": "prototype_drainage_capacity_overflow" }, "geometry": { "type": "Point", "coordinates": [ 377147.791000000026543, 2046561.903 ] } },
{ "type": "Feature", "properties": { "interval_id": "090_120", "scenario_id": "rajendra_nagar_heavy_rain_demo", "start_min": 90, "end_min": 120, "duration_s": 1800, "drain_node_id": "RN_DNODE_00459", "outgoing_drain_id": "RN_DRAIN_00311", "total_q_m3s": 0.72124816720271401, "capacity_m3s": 0.30124813859248456, "overflow_q_m3s": 0.42000002861022945, "overflow_volume_m3": 756.00005149841297, "capacity_source": "synthetic_manning_scenario", "capacity_is_observed": 0, "source_type": "prototype_drainage_capacity_overflow" }, "geometry": { "type": "Point", "coordinates": [ 377987.791000000026543, 2046171.903 ] } },
{ "type": "Feature", "properties": { "interval_id": "090_120", "scenario_id": "rajendra_nagar_heavy_rain_demo", "start_min": 90, "end_min": 120, "duration_s": 1800, "drain_node_id": "RN_DNODE_00210", "outgoing_drain_id": "RN_DRAIN_00381", "total_q_m3s": 0.72826024357998898, "capacity_m3s": 0.69327138773681873, "overflow_q_m3s": 0.034988855843170241, "overflow_volume_m3": 62.979940517706432, "capacity_source": "synthetic_manning_scenario", "capacity_is_observed": 0, "source_type": "prototype_drainage_capacity_overflow" }, "geometry": { "type": "Point", "coordinates": [ 377207.791000000026543, 2045961.903 ] } },
{ "type": "Feature", "properties": { "interval_id": "090_120", "scenario_id": "rajendra_nagar_heavy_rain_demo", "start_min": 90, "end_min": 120, "duration_s": 1800, "drain_node_id": "RN_DNODE_00447", "outgoing_drain_id": "RN_DRAIN_00309", "total_q_m3s": 0.64825068518120521, "capacity_m3s": 0.30116185815577506, "overflow_q_m3s": 0.34708882702543015, "overflow_volume_m3": 624.75988864577425, "capacity_source": "synthetic_manning_scenario", "capacity_is_observed": 0, "source_type": "prototype_drainage_capacity_overflow" }, "geometry": { "type": "Point", "coordinates": [ 377927.791000000026543, 2046171.903 ] } },
{ "type": "Feature", "properties": { "interval_id": "090_120", "scenario_id": "rajendra_nagar_heavy_rain_demo", "start_min": 90, "end_min": 120, "duration_s": 1800, "drain_node_id": "RN_DNODE_00439", "outgoing_drain_id": "RN_DRAIN_00323", "total_q_m3s": 0.90484602962302096, "capacity_m3s": 0.30124813859248456, "overflow_q_m3s": 0.6035978910305364, "overflow_volume_m3": 1086.4762038549654, "capacity_source": "synthetic_manning_scenario", "capacity_is_observed": 0, "source_type": "prototype_drainage_capacity_overflow" }, "geometry": { "type": "Point", "coordinates": [ 377897.791000000026543, 2046141.903 ] } },
{ "type": "Feature", "properties": { "interval_id": "090_120", "scenario_id": "rajendra_nagar_heavy_rain_demo", "start_min": 90, "end_min": 120, "duration_s": 1800, "drain_node_id": "RN_DNODE_00435", "outgoing_drain_id": "RN_DRAIN_00322", "total_q_m3s": 0.42593564706958958, "capacity_m3s": 0.30124813859248456, "overflow_q_m3s": 0.12468750847710502, "overflow_volume_m3": 224.43751525878903, "capacity_source": "synthetic_manning_scenario", "capacity_is_observed": 0, "source_type": "prototype_drainage_capacity_overflow" }, "geometry": { "type": "Point", "coordinates": [ 377867.791000000026543, 2046141.903 ] } },
{ "type": "Feature", "properties": { "interval_id": "090_120", "scenario_id": "rajendra_nagar_heavy_rain_demo", "start_min": 90, "end_min": 120, "duration_s": 1800, "drain_node_id": "RN_DNODE_00429", "outgoing_drain_id": "RN_DRAIN_00321", "total_q_m3s": 0.30124813859248456, "capacity_m3s": 0.30116185815577506, "overflow_q_m3s": 8.6280436709496033e-05, "overflow_volume_m3": 0.15530478607709286, "capacity_source": "synthetic_manning_scenario", "capacity_is_observed": 0, "source_type": "prototype_drainage_capacity_overflow" }, "geometry": { "type": "Point", "coordinates": [ 377837.791000000026543, 2046141.903 ] } },
{ "type": "Feature", "properties": { "interval_id": "090_120", "scenario_id": "rajendra_nagar_heavy_rain_demo", "start_min": 90, "end_min": 120, "duration_s": 1800, "drain_node_id": "RN_DNODE_00422", "outgoing_drain_id": "RN_DRAIN_00343", "total_q_m3s": 0.33116186027505135, "capacity_m3s": 0.30124813859248456, "overflow_q_m3s": 0.029913721682566785, "overflow_volume_m3": 53.844699028620212, "capacity_source": "synthetic_manning_scenario", "capacity_is_observed": 0, "source_type": "prototype_drainage_capacity_overflow" }, "geometry": { "type": "Point", "coordinates": [ 377807.791000000026543, 2046111.903 ] } },
{ "type": "Feature", "properties": { "interval_id": "090_120", "scenario_id": "rajendra_nagar_heavy_rain_demo", "start_min": 90, "end_min": 120, "duration_s": 1800, "drain_node_id": "RN_DNODE_00215", "outgoing_drain_id": "RN_DRAIN_00337", "total_q_m3s": 0.69327138773681873, "capacity_m3s": 0.69287421131479709, "overflow_q_m3s": 0.00039717642202163894, "overflow_volume_m3": 0.7149175596389501, "capacity_source": "synthetic_manning_scenario", "capacity_is_observed": 0, "source_type": "prototype_drainage_capacity_overflow" }, "geometry": { "type": "Point", "coordinates": [ 377207.791000000026543, 2046111.903 ] } },
{ "type": "Feature", "properties": { "interval_id": "090_120", "scenario_id": "rajendra_nagar_heavy_rain_demo", "start_min": 90, "end_min": 120, "duration_s": 1800, "drain_node_id": "RN_DNODE_00413", "outgoing_drain_id": "RN_DRAIN_00342", "total_q_m3s": 0.30124813859248456, "capacity_m3s": 0.30107555299333355, "overflow_q_m3s": 0.00017258559915100946, "overflow_volume_m3": 0.31065407847181703, "capacity_source": "synthetic_manning_scenario", "capacity_is_observed": 0, "source_type": "prototype_drainage_capacity_overflow" }, "geometry": { "type": "Point", "coordinates": [ 377777.791000000026543, 2046111.903 ] } },
{ "type": "Feature", "properties": { "interval_id": "090_120", "scenario_id": "rajendra_nagar_heavy_rain_demo", "start_min": 90, "end_min": 120, "duration_s": 1800, "drain_node_id": "RN_DNODE_00218", "outgoing_drain_id": "RN_DRAIN_00286", "total_q_m3s": 0.72771851161983192, "capacity_m3s": 0.69327138773681873, "overflow_q_m3s": 0.034447123883013187, "overflow_volume_m3": 62.004822989423737, "capacity_source": "synthetic_manning_scenario", "capacity_is_observed": 0, "source_type": "prototype_drainage_capacity_overflow" }, "geometry": { "type": "Point", "coordinates": [ 377207.791000000026543, 2046201.903 ] } },
{ "type": "Feature", "properties": { "interval_id": "090_120", "scenario_id": "rajendra_nagar_heavy_rain_demo", "start_min": 90, "end_min": 120, "duration_s": 1800, "drain_node_id": "RN_DNODE_00384", "outgoing_drain_id": "RN_DRAIN_00319", "total_q_m3s": 0.32745307732965351, "capacity_m3s": 0.30116185815577506, "overflow_q_m3s": 0.026291219173878444, "overflow_volume_m3": 47.324194512981201, "capacity_source": "synthetic_manning_scenario", "capacity_is_observed": 0, "source_type": "prototype_drainage_capacity_overflow" }, "geometry": { "type": "Point", "coordinates": [ 377687.791000000026543, 2046141.903 ] } },
{ "type": "Feature", "properties": { "interval_id": "090_120", "scenario_id": "rajendra_nagar_heavy_rain_demo", "start_min": 90, "end_min": 120, "duration_s": 1800, "drain_node_id": "RN_DNODE_00376", "outgoing_drain_id": "RN_DRAIN_00304", "total_q_m3s": 0.36789114319031957, "capacity_m3s": 0.30116185815577506, "overflow_q_m3s": 0.066729285034544505, "overflow_volume_m3": 120.11271306218011, "capacity_source": "synthetic_manning_scenario", "capacity_is_observed": 0, "source_type": "prototype_drainage_capacity_overflow" }, "geometry": { "type": "Point", "coordinates": [ 377657.791000000026543, 2046171.903 ] } },
{ "type": "Feature", "properties": { "interval_id": "090_120", "scenario_id": "rajendra_nagar_heavy_rain_demo", "start_min": 90, "end_min": 120, "duration_s": 1800, "drain_node_id": "RN_DNODE_00221", "outgoing_drain_id": "RN_DRAIN_00247", "total_q_m3s": 0.69327138773681873, "capacity_m3s": 0.69307282797684278, "overflow_q_m3s": 0.00019855975997595809, "overflow_volume_m3": 0.35740756795672457, "capacity_source": "synthetic_manning_scenario", "capacity_is_observed": 0, "source_type": "prototype_drainage_capacity_overflow" }, "geometry": { "type": "Point", "coordinates": [ 377207.791000000026543, 2046291.903 ] } },
{ "type": "Feature", "properties": { "interval_id": "090_120", "scenario_id": "rajendra_nagar_heavy_rain_demo", "start_min": 90, "end_min": 120, "duration_s": 1800, "drain_node_id": "RN_DNODE_00364", "outgoing_drain_id": "RN_DRAIN_00277", "total_q_m3s": 1.9136619694177788, "capacity_m3s": 0.30116185815577506, "overflow_q_m3s": 1.6125001112620037, "overflow_volume_m3": 2902.5002002716064, "capacity_source": "synthetic_manning_scenario", "capacity_is_observed": 0, "source_type": "prototype_drainage_capacity_overflow" }, "geometry": { "type": "Point", "coordinates": [ 377597.791000000026543, 2046231.903 ] } },
{ "type": "Feature", "properties": { "interval_id": "090_120", "scenario_id": "rajendra_nagar_heavy_rain_demo", "start_min": 90, "end_min": 120, "duration_s": 1800, "drain_node_id": "RN_DNODE_00196", "outgoing_drain_id": "RN_DRAIN_00204", "total_q_m3s": 0.93149977621996183, "capacity_m3s": 0.69327138773681873, "overflow_q_m3s": 0.23822838848314309, "overflow_volume_m3": 428.81109926965757, "capacity_source": "synthetic_manning_scenario", "capacity_is_observed": 0, "source_type": "prototype_drainage_capacity_overflow" }, "geometry": { "type": "Point", "coordinates": [ 377177.791000000026543, 2046381.903 ] } },
{ "type": "Feature", "properties": { "interval_id": "090_120", "scenario_id": "rajendra_nagar_heavy_rain_demo", "start_min": 90, "end_min": 120, "duration_s": 1800, "drain_node_id": "RN_DNODE_00343", "outgoing_drain_id": "RN_DRAIN_00234", "total_q_m3s": 0.39122864792275425, "capacity_m3s": 0.30116185815577506, "overflow_q_m3s": 0.090066789766979183, "overflow_volume_m3": 162.12022158056254, "capacity_source": "synthetic_manning_scenario", "capacity_is_observed": 0, "source_type": "prototype_drainage_capacity_overflow" }, "geometry": { "type": "Point", "coordinates": [ 377507.791000000026543, 2046321.903 ] } },
{ "type": "Feature", "properties": { "interval_id": "090_120", "scenario_id": "rajendra_nagar_heavy_rain_demo", "start_min": 90, "end_min": 120, "duration_s": 1800, "drain_node_id": "RN_DNODE_00197", "outgoing_drain_id": "RN_DRAIN_00191", "total_q_m3s": 5.469834231059572, "capacity_m3s": 0.69287421131479709, "overflow_q_m3s": 4.7769600197447746, "overflow_volume_m3": 8598.5280355405939, "capacity_source": "synthetic_manning_scenario", "capacity_is_observed": 0, "source_type": "prototype_drainage_capacity_overflow" }, "geometry": { "type": "Point", "coordinates": [ 377177.791000000026543, 2046411.903 ] } },
{ "type": "Feature", "properties": { "interval_id": "090_120", "scenario_id": "rajendra_nagar_heavy_rain_demo", "start_min": 90, "end_min": 120, "duration_s": 1800, "drain_node_id": "RN_DNODE_00199", "outgoing_drain_id": "RN_DRAIN_00164", "total_q_m3s": 0.70881171237443519, "capacity_m3s": 0.69327138773681873, "overflow_q_m3s": 0.015540324637616454, "overflow_volume_m3": 27.972584347709617, "capacity_source": "synthetic_manning_scenario", "capacity_is_observed": 0, "source_type": "prototype_drainage_capacity_overflow" }, "geometry": { "type": "Point", "coordinates": [ 377177.791000000026543, 2046471.903 ] } },
{ "type": "Feature", "properties": { "interval_id": "090_120", "scenario_id": "rajendra_nagar_heavy_rain_demo", "start_min": 90, "end_min": 120, "duration_s": 1800, "drain_node_id": "RN_DNODE_00318", "outgoing_drain_id": "RN_DRAIN_00194", "total_q_m3s": 1.1862894418318302, "capacity_m3s": 0.30116185815577506, "overflow_q_m3s": 0.88512758367605504, "overflow_volume_m3": 1593.2296506168991, "capacity_source": "synthetic_manning_scenario", "capacity_is_observed": 0, "source_type": "prototype_drainage_capacity_overflow" }, "geometry": { "type": "Point", "coordinates": [ 377447.791000000026543, 2046411.903 ] } },
{ "type": "Feature", "properties": { "interval_id": "090_120", "scenario_id": "rajendra_nagar_heavy_rain_demo", "start_min": 90, "end_min": 120, "duration_s": 1800, "drain_node_id": "RN_DNODE_00301", "outgoing_drain_id": "RN_DRAIN_00181", "total_q_m3s": 0.33601614107104333, "capacity_m3s": 0.30124813859248456, "overflow_q_m3s": 0.034768002478558768, "overflow_volume_m3": 62.58240446140578, "capacity_source": "synthetic_manning_scenario", "capacity_is_observed": 0, "source_type": "prototype_drainage_capacity_overflow" }, "geometry": { "type": "Point", "coordinates": [ 377417.791000000026543, 2046441.903 ] } },
{ "type": "Feature", "properties": { "interval_id": "090_120", "scenario_id": "rajendra_nagar_heavy_rain_demo", "start_min": 90, "end_min": 120, "duration_s": 1800, "drain_node_id": "RN_DNODE_00201", "outgoing_drain_id": "RN_DRAIN_00140", "total_q_m3s": 0.72811568804185356, "capacity_m3s": 0.69307282797684278, "overflow_q_m3s": 0.035042860065010784, "overflow_volume_m3": 63.077148117019412, "capacity_source": "synthetic_manning_scenario", "capacity_is_observed": 0, "source_type": "prototype_drainage_capacity_overflow" }, "geometry": { "type": "Point", "coordinates": [ 377177.791000000026543, 2046531.903 ] } },
{ "type": "Feature", "properties": { "interval_id": "090_120", "scenario_id": "rajendra_nagar_heavy_rain_demo", "start_min": 90, "end_min": 120, "duration_s": 1800, "drain_node_id": "RN_DNODE_00302", "outgoing_drain_id": "RN_DRAIN_00167", "total_q_m3s": 0.33609243889751939, "capacity_m3s": 0.30124813859248456, "overflow_q_m3s": 0.034844300305034825, "overflow_volume_m3": 62.719740549062685, "capacity_source": "synthetic_manning_scenario", "capacity_is_observed": 0, "source_type": "prototype_drainage_capacity_overflow" }, "geometry": { "type": "Point", "coordinates": [ 377417.791000000026543, 2046471.903 ] } },
{ "type": "Feature", "properties": { "interval_id": "090_120", "scenario_id": "rajendra_nagar_heavy_rain_demo", "start_min": 90, "end_min": 120, "duration_s": 1800, "drain_node_id": "RN_DNODE_00228", "outgoing_drain_id": "RN_DRAIN_00128", "total_q_m3s": 0.92105571680320963, "capacity_m3s": 0.69327138773681873, "overflow_q_m3s": 0.2277843290663909, "overflow_volume_m3": 410.01179231950363, "capacity_source": "synthetic_manning_scenario", "capacity_is_observed": 0, "source_type": "prototype_drainage_capacity_overflow" }, "geometry": { "type": "Point", "coordinates": [ 377207.791000000026543, 2046561.903 ] } },
{ "type": "Feature", "properties": { "interval_id": "090_120", "scenario_id": "rajendra_nagar_heavy_rain_demo", "start_min": 90, "end_min": 120, "duration_s": 1800, "drain_node_id": "RN_DNODE_00229", "outgoing_drain_id": "RN_DRAIN_00114", "total_q_m3s": 0.69327138773681873, "capacity_m3s": 0.69307282797684278, "overflow_q_m3s": 0.00019855975997595809, "overflow_volume_m3": 0.35740756795672457, "capacity_source": "synthetic_manning_scenario", "capacity_is_observed": 0, "source_type": "prototype_drainage_capacity_overflow" }, "geometry": { "type": "Point", "coordinates": [ 377207.791000000026543, 2046591.903 ] } },
{ "type": "Feature", "properties": { "interval_id": "090_120", "scenario_id": "rajendra_nagar_heavy_rain_demo", "start_min": 90, "end_min": 120, "duration_s": 1800, "drain_node_id": "RN_DNODE_00335", "outgoing_drain_id": "RN_DRAIN_00097", "total_q_m3s": 0.76588849570214346, "capacity_m3s": 0.30124813859248456, "overflow_q_m3s": 0.4646403571096589, "overflow_volume_m3": 836.35264279738601, "capacity_source": "synthetic_manning_scenario", "capacity_is_observed": 0, "source_type": "prototype_drainage_capacity_overflow" }, "geometry": { "type": "Point", "coordinates": [ 377477.791000000026543, 2046621.903 ] } },
{ "type": "Feature", "properties": { "interval_id": "090_120", "scenario_id": "rajendra_nagar_heavy_rain_demo", "start_min": 90, "end_min": 120, "duration_s": 1800, "drain_node_id": "RN_DNODE_00337", "outgoing_drain_id": "RN_DRAIN_00068", "total_q_m3s": 0.30124813859248456, "capacity_m3s": 0.30116185815577506, "overflow_q_m3s": 8.6280436709496033e-05, "overflow_volume_m3": 0.15530478607709286, "capacity_source": "synthetic_manning_scenario", "capacity_is_observed": 0, "source_type": "prototype_drainage_capacity_overflow" }, "geometry": { "type": "Point", "coordinates": [ 377477.791000000026543, 2046681.903 ] } },
{ "type": "Feature", "properties": { "interval_id": "090_120", "scenario_id": "rajendra_nagar_heavy_rain_demo", "start_min": 90, "end_min": 120, "duration_s": 1800, "drain_node_id": "RN_DNODE_00292", "outgoing_drain_id": "RN_DRAIN_00026", "total_q_m3s": 0.30116185815577506, "capacity_m3s": 0.22798288882636691, "overflow_q_m3s": 0.07317896932940815, "overflow_volume_m3": 131.72214479293467, "capacity_source": "synthetic_manning_scenario", "capacity_is_observed": 0, "source_type": "prototype_drainage_capacity_overflow" }, "geometry": { "type": "Point", "coordinates": [ 377387.791000000026543, 2046831.903 ] } },
{ "type": "Feature", "properties": { "interval_id": "090_120", "scenario_id": "rajendra_nagar_heavy_rain_demo", "start_min": 90, "end_min": 120, "duration_s": 1800, "drain_node_id": "RN_DNODE_00283", "outgoing_drain_id": "RN_DRAIN_00012", "total_q_m3s": 0.92105571680320963, "capacity_m3s": 0.69307282797684278, "overflow_q_m3s": 0.22798288882636686, "overflow_volume_m3": 410.36919988746035, "capacity_source": "synthetic_manning_scenario", "capacity_is_observed": 0, "source_type": "prototype_drainage_capacity_overflow" }, "geometry": { "type": "Point", "coordinates": [ 377357.791000000026543, 2046861.903 ] } },
{ "type": "Feature", "properties": { "interval_id": "120_150", "scenario_id": "rajendra_nagar_heavy_rain_demo", "start_min": 120, "end_min": 150, "duration_s": 1800, "drain_node_id": "RN_DNODE_00441", "outgoing_drain_id": "RN_DRAIN_00005", "total_q_m3s": 0.047437502543131511, "capacity_m3s": 0.02637752433631995, "overflow_q_m3s": 0.021059978206811561, "overflow_volume_m3": 37.907960772260807, "capacity_source": "synthetic_manning_scenario", "capacity_is_observed": 0, "source_type": "prototype_drainage_capacity_overflow" }, "geometry": { "type": "Point", "coordinates": [ 377897.791000000026543, 2046921.903 ] } },
{ "type": "Feature", "properties": { "interval_id": "120_150", "scenario_id": "rajendra_nagar_heavy_rain_demo", "start_min": 120, "end_min": 150, "duration_s": 1800, "drain_node_id": "RN_DNODE_00415", "outgoing_drain_id": "RN_DRAIN_00069", "total_q_m3s": 0.35146876441107855, "capacity_m3s": 0.13572767824149176, "overflow_q_m3s": 0.21574108616958679, "overflow_volume_m3": 388.33395510525622, "capacity_source": "synthetic_manning_scenario", "capacity_is_observed": 0, "source_type": "prototype_drainage_capacity_overflow" }, "geometry": { "type": "Point", "coordinates": [ 377777.791000000026543, 2046681.903 ] } },
{ "type": "Feature", "properties": { "interval_id": "120_150", "scenario_id": "rajendra_nagar_heavy_rain_demo", "start_min": 120, "end_min": 150, "duration_s": 1800, "drain_node_id": "RN_DNODE_00287", "outgoing_drain_id": "RN_DRAIN_00166", "total_q_m3s": 0.036656252543131512, "capacity_m3s": 0.034844300305034812, "overflow_q_m3s": 0.0018119522380967007, "overflow_volume_m3": 3.2615140285740614, "capacity_source": "synthetic_manning_scenario", "capacity_is_observed": 0, "source_type": "prototype_drainage_capacity_overflow" }, "geometry": { "type": "Point", "coordinates": [ 377387.791000000026543, 2046471.903 ] } },
{ "type": "Feature", "properties": { "interval_id": "120_150", "scenario_id": "rajendra_nagar_heavy_rain_demo", "start_min": 120, "end_min": 150, "duration_s": 1800, "drain_node_id": "RN_DNODE_00437", "outgoing_drain_id": "RN_DRAIN_00172", "total_q_m3s": 0.35793751610649954, "capacity_m3s": 0.051588126028988532, "overflow_q_m3s": 0.306349390077511, "overflow_volume_m3": 551.42890213951978, "capacity_source": "synthetic_manning_scenario", "capacity_is_observed": 0, "source_type": "prototype_drainage_capacity_overflow" }, "geometry": { "type": "Point", "coordinates": [ 377867.791000000026543, 2046471.903 ] } },
{ "type": "Feature", "properties": { "interval_id": "120_150", "scenario_id": "rajendra_nagar_heavy_rain_demo", "start_min": 120, "end_min": 150, "duration_s": 1800, "drain_node_id": "RN_DNODE_00071", "outgoing_drain_id": "RN_DRAIN_00174", "total_q_m3s": 0.24078125953674318, "capacity_m3s": 0.14154681932172938, "overflow_q_m3s": 0.099234440215013792, "overflow_volume_m3": 178.62199238702482, "capacity_source": "synthetic_manning_scenario", "capacity_is_observed": 0, "source_type": "prototype_drainage_capacity_overflow" }, "geometry": { "type": "Point", "coordinates": [ 376877.791000000026543, 2046441.903 ] } },
{ "type": "Feature", "properties": { "interval_id": "120_150", "scenario_id": "rajendra_nagar_heavy_rain_demo", "start_min": 120, "end_min": 150, "duration_s": 1800, "drain_node_id": "RN_DNODE_00319", "outgoing_drain_id": "RN_DRAIN_00182", "total_q_m3s": 0.037375001907348632, "capacity_m3s": 0.034844300305034812, "overflow_q_m3s": 0.0025307016023138201, "overflow_volume_m3": 4.5552628841648763, "capacity_source": "synthetic_manning_scenario", "capacity_is_observed": 0, "source_type": "prototype_drainage_capacity_overflow" }, "geometry": { "type": "Point", "coordinates": [ 377447.791000000026543, 2046441.903 ] } },
{ "type": "Feature", "properties": { "interval_id": "120_150", "scenario_id": "rajendra_nagar_heavy_rain_demo", "start_min": 120, "end_min": 150, "duration_s": 1800, "drain_node_id": "RN_DNODE_00300", "outgoing_drain_id": "RN_DRAIN_00193", "total_q_m3s": 0.037375001907348632, "capacity_m3s": 0.034854282915268278, "overflow_q_m3s": 0.0025207189920803535, "overflow_volume_m3": 4.5372941857446367, "capacity_source": "synthetic_manning_scenario", "capacity_is_observed": 0, "source_type": "prototype_drainage_capacity_overflow" }, "geometry": { "type": "Point", "coordinates": [ 377417.791000000026543, 2046411.903 ] } },
{ "type": "Feature", "properties": { "interval_id": "120_150", "scenario_id": "rajendra_nagar_heavy_rain_demo", "start_min": 120, "end_min": 150, "duration_s": 1800, "drain_node_id": "RN_DNODE_00299", "outgoing_drain_id": "RN_DRAIN_00206", "total_q_m3s": 0.049593752755059138, "capacity_m3s": 0.02637752433631995, "overflow_q_m3s": 0.023216228418739188, "overflow_volume_m3": 41.789211153730541, "capacity_source": "synthetic_manning_scenario", "capacity_is_observed": 0, "source_type": "prototype_drainage_capacity_overflow" }, "geometry": { "type": "Point", "coordinates": [ 377417.791000000026543, 2046381.903 ] } },
{ "type": "Feature", "properties": { "interval_id": "120_150", "scenario_id": "rajendra_nagar_heavy_rain_demo", "start_min": 120, "end_min": 150, "duration_s": 1800, "drain_node_id": "RN_DNODE_00359", "outgoing_drain_id": "RN_DRAIN_00208", "total_q_m3s": 0.26306251313951279, "capacity_m3s": 0.090066789766979211, "overflow_q_m3s": 0.17299572337253358, "overflow_volume_m3": 311.39230207056045, "capacity_source": "synthetic_manning_scenario", "capacity_is_observed": 0, "source_type": "prototype_drainage_capacity_overflow" }, "geometry": { "type": "Point", "coordinates": [ 377567.791000000026543, 2046381.903 ] } },
{ "type": "Feature", "properties": { "interval_id": "120_150", "scenario_id": "rajendra_nagar_heavy_rain_demo", "start_min": 120, "end_min": 150, "duration_s": 1800, "drain_node_id": "RN_DNODE_00546", "outgoing_drain_id": "RN_DRAIN_00219", "total_q_m3s": 0.3248750072055393, "capacity_m3s": 0.07396532506289491, "overflow_q_m3s": 0.25090968214264442, "overflow_volume_m3": 451.63742785675993, "capacity_source": "synthetic_manning_scenario", "capacity_is_observed": 0, "source_type": "prototype_drainage_capacity_overflow" }, "geometry": { "type": "Point", "coordinates": [ 378437.791000000026543, 2046351.903 ] } },
{ "type": "Feature", "properties": { "interval_id": "120_150", "scenario_id": "rajendra_nagar_heavy_rain_demo", "start_min": 120, "end_min": 150, "duration_s": 1800, "drain_node_id": "RN_DNODE_00022", "outgoing_drain_id": "RN_DRAIN_00221", "total_q_m3s": 0.061812503602769638, "capacity_m3s": 0.034854282915268278, "overflow_q_m3s": 0.026958220687501359, "overflow_volume_m3": 48.524797237502447, "capacity_source": "synthetic_manning_scenario", "capacity_is_observed": 0, "source_type": "prototype_drainage_capacity_overflow" }, "geometry": { "type": "Point", "coordinates": [ 376667.791000000026543, 2046321.903 ] } },
{ "type": "Feature", "properties": { "interval_id": "120_150", "scenario_id": "rajendra_nagar_heavy_rain_demo", "start_min": 120, "end_min": 150, "duration_s": 1800, "drain_node_id": "RN_DNODE_00556", "outgoing_drain_id": "RN_DRAIN_00238", "total_q_m3s": 0.047437502543131511, "capacity_m3s": 0.034844300305034812, "overflow_q_m3s": 0.0125932022380967, "overflow_volume_m3": 22.667764028574059, "capacity_source": "synthetic_manning_scenario", "capacity_is_observed": 0, "source_type": "prototype_drainage_capacity_overflow" }, "geometry": { "type": "Point", "coordinates": [ 378587.791000000026543, 2046321.903 ] } },
{ "type": "Feature", "properties": { "interval_id": "120_150", "scenario_id": "rajendra_nagar_heavy_rain_demo", "start_min": 120, "end_min": 150, "duration_s": 1800, "drain_node_id": "RN_DNODE_00396", "outgoing_drain_id": "RN_DRAIN_00291", "total_q_m3s": 0.55128127627902557, "capacity_m3s": 0.1120128954947173, "overflow_q_m3s": 0.4392683807843083, "overflow_volume_m3": 790.68308541175497, "capacity_source": "synthetic_manning_scenario", "capacity_is_observed": 0, "source_type": "prototype_drainage_capacity_overflow" }, "geometry": { "type": "Point", "coordinates": [ 377717.791000000026543, 2046201.903 ] } },
{ "type": "Feature", "properties": { "interval_id": "120_150", "scenario_id": "rajendra_nagar_heavy_rain_demo", "start_min": 120, "end_min": 150, "duration_s": 1800, "drain_node_id": "RN_DNODE_00448", "outgoing_drain_id": "RN_DRAIN_00292", "total_q_m3s": 0.074031252331203889, "capacity_m3s": 0.02637752433631995, "overflow_q_m3s": 0.047653727994883939, "overflow_volume_m3": 85.776710390791095, "capacity_source": "synthetic_manning_scenario", "capacity_is_observed": 0, "source_type": "prototype_drainage_capacity_overflow" }, "geometry": { "type": "Point", "coordinates": [ 377927.791000000026543, 2046201.903 ] } },
{ "type": "Feature", "properties": { "interval_id": "120_150", "scenario_id": "rajendra_nagar_heavy_rain_demo", "start_min": 120, "end_min": 150, "duration_s": 1800, "drain_node_id": "RN_DNODE_00395", "outgoing_drain_id": "RN_DRAIN_00306", "total_q_m3s": 0.035218751695421005, "capacity_m3s": 0.02637752433631995, "overflow_q_m3s": 0.0088412273591010546, "overflow_volume_m3": 15.914209246381898, "capacity_source": "synthetic_manning_scenario", "capacity_is_observed": 0, "source_type": "prototype_drainage_capacity_overflow" }, "geometry": { "type": "Point", "coordinates": [ 377717.791000000026543, 2046171.903 ] } },
{ "type": "Feature", "properties": { "interval_id": "120_150", "scenario_id": "rajendra_nagar_heavy_rain_demo", "start_min": 120, "end_min": 150, "duration_s": 1800, "drain_node_id": "RN_DNODE_00535", "outgoing_drain_id": "RN_DRAIN_00377", "total_q_m3s": 0.035218751695421005, "capacity_m3s": 0.034854282915268278, "overflow_q_m3s": 0.00036446878015272688, "overflow_volume_m3": 0.65604380427490838, "capacity_source": "synthetic_manning_scenario", "capacity_is_observed": 0, "source_type": "prototype_drainage_capacity_overflow" }, "geometry": { "type": "Point", "coordinates": [ 378377.791000000026543, 2045991.903 ] } },
{ "type": "Feature", "properties": { "interval_id": "120_150", "scenario_id": "rajendra_nagar_heavy_rain_demo", "start_min": 120, "end_min": 150, "duration_s": 1800, "drain_node_id": "RN_DNODE_00298", "outgoing_drain_id": "RN_DRAIN_00393", "total_q_m3s": 0.36656252119276261, "capacity_m3s": 0.098037845430339166, "overflow_q_m3s": 0.26852467576242345, "overflow_volume_m3": 483.34441637236222, "capacity_source": "synthetic_manning_scenario", "capacity_is_observed": 0, "source_type": "prototype_drainage_capacity_overflow" }, "geometry": { "type": "Point", "coordinates": [ 377417.791000000026543, 2045931.903 ] } },
{ "type": "Feature", "properties": { "interval_id": "120_150", "scenario_id": "rajendra_nagar_heavy_rain_demo", "start_min": 120, "end_min": 150, "duration_s": 1800, "drain_node_id": "RN_DNODE_00518", "outgoing_drain_id": "RN_DRAIN_00395", "total_q_m3s": 0.49162501335144043, "capacity_m3s": 0.14778712746867345, "overflow_q_m3s": 0.34383788588276698, "overflow_volume_m3": 618.90819458898056, "capacity_source": "synthetic_manning_scenario", "capacity_is_observed": 0, "source_type": "prototype_drainage_capacity_overflow" }, "geometry": { "type": "Point", "coordinates": [ 378317.791000000026543, 2045931.903 ] } },
{ "type": "Feature", "properties": { "interval_id": "120_150", "scenario_id": "rajendra_nagar_heavy_rain_demo", "start_min": 120, "end_min": 150, "duration_s": 1800, "drain_node_id": "RN_DNODE_00329", "outgoing_drain_id": "RN_DRAIN_00453", "total_q_m3s": 0.37303127076890735, "capacity_m3s": 0.02637752433631995, "overflow_q_m3s": 0.3466537464325874, "overflow_volume_m3": 623.97674357865731, "capacity_source": "synthetic_manning_scenario", "capacity_is_observed": 0, "source_type": "prototype_drainage_capacity_overflow" }, "geometry": { "type": "Point", "coordinates": [ 377477.791000000026543, 2045781.903 ] } },
{ "type": "Feature", "properties": { "interval_id": "120_150", "scenario_id": "rajendra_nagar_heavy_rain_demo", "start_min": 120, "end_min": 150, "duration_s": 1800, "drain_node_id": "RN_DNODE_00392", "outgoing_drain_id": "RN_DRAIN_00466", "total_q_m3s": 0.12650000360276964, "capacity_m3s": 0.034844300305034812, "overflow_q_m3s": 0.091655703297734828, "overflow_volume_m3": 164.98026593592269, "capacity_source": "synthetic_manning_scenario", "capacity_is_observed": 0, "source_type": "prototype_drainage_capacity_overflow" }, "geometry": { "type": "Point", "coordinates": [ 377717.791000000026543, 2045751.903 ] } },
{ "type": "Feature", "properties": { "interval_id": "120_150", "scenario_id": "rajendra_nagar_heavy_rain_demo", "start_min": 120, "end_min": 150, "duration_s": 1800, "drain_node_id": "RN_DNODE_00340", "outgoing_drain_id": "RN_DRAIN_00531", "total_q_m3s": 0.07043750339084201, "capacity_m3s": 0.034854282915268278, "overflow_q_m3s": 0.035583220475573732, "overflow_volume_m3": 64.049796856032714, "capacity_source": "synthetic_manning_scenario", "capacity_is_observed": 0, "source_type": "prototype_drainage_capacity_overflow" }, "geometry": { "type": "Point", "coordinates": [ 377507.791000000026543, 2045571.903 ] } },
{ "type": "Feature", "properties": { "interval_id": "120_150", "scenario_id": "rajendra_nagar_heavy_rain_demo", "start_min": 120, "end_min": 150, "duration_s": 1800, "drain_node_id": "RN_DNODE_00418", "outgoing_drain_id": "RN_DRAIN_00043", "total_q_m3s": 0.16387500339084202, "capacity_m3s": 0.034844300305034812, "overflow_q_m3s": 0.12903070308580722, "overflow_volume_m3": 232.25526555445299, "capacity_source": "synthetic_manning_scenario", "capacity_is_observed": 0, "source_type": "prototype_drainage_capacity_overflow" }, "geometry": { "type": "Point", "coordinates": [ 377777.791000000026543, 2046771.903 ] } },
{ "type": "Feature", "properties": { "interval_id": "120_150", "scenario_id": "rajendra_nagar_heavy_rain_demo", "start_min": 120, "end_min": 150, "duration_s": 1800, "drain_node_id": "RN_DNODE_00048", "outgoing_drain_id": "RN_DRAIN_00122", "total_q_m3s": 0.036656252543131512, "capacity_m3s": 0.034844300305034812, "overflow_q_m3s": 0.0018119522380967007, "overflow_volume_m3": 3.2615140285740614, "capacity_source": "synthetic_manning_scenario", "capacity_is_observed": 0, "source_type": "prototype_drainage_capacity_overflow" }, "geometry": { "type": "Point", "coordinates": [ 376787.791000000026543, 2046561.903 ] } },
{ "type": "Feature", "properties": { "interval_id": "120_150", "scenario_id": "rajendra_nagar_heavy_rain_demo", "start_min": 120, "end_min": 150, "duration_s": 1800, "drain_node_id": "RN_DNODE_00486", "outgoing_drain_id": "RN_DRAIN_00209", "total_q_m3s": 0.39531252013312446, "capacity_m3s": 0.034844300305034812, "overflow_q_m3s": 0.36046821982808963, "overflow_volume_m3": 648.84279569056139, "capacity_source": "synthetic_manning_scenario", "capacity_is_observed": 0, "source_type": "prototype_drainage_capacity_overflow" }, "geometry": { "type": "Point", "coordinates": [ 378077.791000000026543, 2046381.903 ] } },
{ "type": "Feature", "properties": { "interval_id": "120_150", "scenario_id": "rajendra_nagar_heavy_rain_demo", "start_min": 120, "end_min": 150, "duration_s": 1800, "drain_node_id": "RN_DNODE_00543", "outgoing_drain_id": "RN_DRAIN_00237", "total_q_m3s": 0.07396532506289491, "capacity_m3s": 0.034854282915268278, "overflow_q_m3s": 0.039111042147626632, "overflow_volume_m3": 70.399875865727935, "capacity_source": "synthetic_manning_scenario", "capacity_is_observed": 0, "source_type": "prototype_drainage_capacity_overflow" }, "geometry": { "type": "Point", "coordinates": [ 378407.791000000026543, 2046321.903 ] } },
{ "type": "Feature", "properties": { "interval_id": "120_150", "scenario_id": "rajendra_nagar_heavy_rain_demo", "start_min": 120, "end_min": 150, "duration_s": 1800, "drain_node_id": "RN_DNODE_00385", "outgoing_drain_id": "RN_DRAIN_00305", "total_q_m3s": 0.1120128954947173, "capacity_m3s": 0.034854282915268278, "overflow_q_m3s": 0.077158612579449018, "overflow_volume_m3": 138.88550264300824, "capacity_source": "synthetic_manning_scenario", "capacity_is_observed": 0, "source_type": "prototype_drainage_capacity_overflow" }, "geometry": { "type": "Point", "coordinates": [ 377687.791000000026543, 2046171.903 ] } },
{ "type": "Feature", "properties": { "interval_id": "120_150", "scenario_id": "rajendra_nagar_heavy_rain_demo", "start_min": 120, "end_min": 150, "duration_s": 1800, "drain_node_id": "RN_DNODE_00522", "outgoing_drain_id": "RN_DRAIN_00334", "total_q_m3s": 0.11284375190734863, "capacity_m3s": 0.02637752433631995, "overflow_q_m3s": 0.086466227571028675, "overflow_volume_m3": 155.63920962785161, "capacity_source": "synthetic_manning_scenario", "capacity_is_observed": 0, "source_type": "prototype_drainage_capacity_overflow" }, "geometry": { "type": "Point", "coordinates": [ 378317.791000000026543, 2046141.903 ] } },
{ "type": "Feature", "properties": { "interval_id": "120_150", "scenario_id": "rajendra_nagar_heavy_rain_demo", "start_min": 120, "end_min": 150, "duration_s": 1800, "drain_node_id": "RN_DNODE_00468", "outgoing_drain_id": "RN_DRAIN_00394", "total_q_m3s": 0.55631251123216419, "capacity_m3s": 0.18293911365381266, "overflow_q_m3s": 0.37337339757835153, "overflow_volume_m3": 672.07211564103272, "capacity_source": "synthetic_manning_scenario", "capacity_is_observed": 0, "source_type": "prototype_drainage_capacity_overflow" }, "geometry": { "type": "Point", "coordinates": [ 378017.791000000026543, 2045931.903 ] } },
{ "type": "Feature", "properties": { "interval_id": "120_150", "scenario_id": "rajendra_nagar_heavy_rain_demo", "start_min": 120, "end_min": 150, "duration_s": 1800, "drain_node_id": "RN_DNODE_00427", "outgoing_drain_id": "RN_DRAIN_00457", "total_q_m3s": 0.42262501080830894, "capacity_m3s": 0.034844300305034812, "overflow_q_m3s": 0.38778071050327412, "overflow_volume_m3": 698.00527890589342, "capacity_source": "synthetic_manning_scenario", "capacity_is_observed": 0, "source_type": "prototype_drainage_capacity_overflow" }, "geometry": { "type": "Point", "coordinates": [ 377837.791000000026543, 2045781.903 ] } },
{ "type": "Feature", "properties": { "interval_id": "120_150", "scenario_id": "rajendra_nagar_heavy_rain_demo", "start_min": 120, "end_min": 150, "duration_s": 1800, "drain_node_id": "RN_DNODE_00033", "outgoing_drain_id": "RN_DRAIN_00064", "total_q_m3s": 0.17968750423855254, "capacity_m3s": 0.1272696969192279, "overflow_q_m3s": 0.052417807319324633, "overflow_volume_m3": 94.352053174784345, "capacity_source": "synthetic_manning_scenario", "capacity_is_observed": 0, "source_type": "prototype_drainage_capacity_overflow" }, "geometry": { "type": "Point", "coordinates": [ 376727.791000000026543, 2046681.903 ] } },
{ "type": "Feature", "properties": { "interval_id": "120_150", "scenario_id": "rajendra_nagar_heavy_rain_demo", "start_min": 120, "end_min": 150, "duration_s": 1800, "drain_node_id": "RN_DNODE_00408", "outgoing_drain_id": "RN_DRAIN_00035", "total_q_m3s": 0.1210943034839492, "capacity_m3s": 0.034844300305034812, "overflow_q_m3s": 0.086250003178914389, "overflow_volume_m3": 155.2500057220459, "capacity_source": "synthetic_manning_scenario", "capacity_is_observed": 0, "source_type": "prototype_drainage_capacity_overflow" }, "geometry": { "type": "Point", "coordinates": [ 377747.791000000026543, 2046801.903 ] } },
{ "type": "Feature", "properties": { "interval_id": "120_150", "scenario_id": "rajendra_nagar_heavy_rain_demo", "start_min": 120, "end_min": 150, "duration_s": 1800, "drain_node_id": "RN_DNODE_00008", "outgoing_drain_id": "RN_DRAIN_00150", "total_q_m3s": 0.049593752755059131, "capacity_m3s": 0.034854282915268278, "overflow_q_m3s": 0.014739469839790853, "overflow_volume_m3": 26.531045711623534, "capacity_source": "synthetic_manning_scenario", "capacity_is_observed": 0, "source_type": "prototype_drainage_capacity_overflow" }, "geometry": { "type": "Point", "coordinates": [ 376547.791000000026543, 2046501.903 ] } },
{ "type": "Feature", "properties": { "interval_id": "120_150", "scenario_id": "rajendra_nagar_heavy_rain_demo", "start_min": 120, "end_min": 150, "duration_s": 1800, "drain_node_id": "RN_DNODE_00423", "outgoing_drain_id": "RN_DRAIN_00183", "total_q_m3s": 0.21690063450609356, "capacity_m3s": 0.048322011957489273, "overflow_q_m3s": 0.16857862254860428, "overflow_volume_m3": 303.44152058748773, "capacity_source": "synthetic_manning_scenario", "capacity_is_observed": 0, "source_type": "prototype_drainage_capacity_overflow" }, "geometry": { "type": "Point", "coordinates": [ 377807.791000000026543, 2046441.903 ] } },
{ "type": "Feature", "properties": { "interval_id": "120_150", "scenario_id": "rajendra_nagar_heavy_rain_demo", "start_min": 120, "end_min": 150, "duration_s": 1800, "drain_node_id": "RN_DNODE_00477", "outgoing_drain_id": "RN_DRAIN_00195", "total_q_m3s": 0.072219302212383443, "capacity_m3s": 0.034854282915268278, "overflow_q_m3s": 0.037365019297115165, "overflow_volume_m3": 67.257034734807291, "capacity_source": "synthetic_manning_scenario", "capacity_is_observed": 0, "source_type": "prototype_drainage_capacity_overflow" }, "geometry": { "type": "Point", "coordinates": [ 378047.791000000026543, 2046411.903 ] } },
{ "type": "Feature", "properties": { "interval_id": "120_150", "scenario_id": "rajendra_nagar_heavy_rain_demo", "start_min": 120, "end_min": 150, "duration_s": 1800, "drain_node_id": "RN_DNODE_00007", "outgoing_drain_id": "RN_DRAIN_00199", "total_q_m3s": 0.109968753390842, "capacity_m3s": 0.034854282915268278, "overflow_q_m3s": 0.075114470475573722, "overflow_volume_m3": 135.20604685603269, "capacity_source": "synthetic_manning_scenario", "capacity_is_observed": 0, "source_type": "prototype_drainage_capacity_overflow" }, "geometry": { "type": "Point", "coordinates": [ 376547.791000000026543, 2046381.903 ] } },
{ "type": "Feature", "properties": { "interval_id": "120_150", "scenario_id": "rajendra_nagar_heavy_rain_demo", "start_min": 120, "end_min": 150, "duration_s": 1800, "drain_node_id": "RN_DNODE_00469", "outgoing_drain_id": "RN_DRAIN_00383", "total_q_m3s": 0.24403286789236517, "capacity_m3s": 0.13538121427716859, "overflow_q_m3s": 0.10865165361519658, "overflow_volume_m3": 195.57297650735384, "capacity_source": "synthetic_manning_scenario", "capacity_is_observed": 0, "source_type": "prototype_drainage_capacity_overflow" }, "geometry": { "type": "Point", "coordinates": [ 378017.791000000026543, 2045961.903 ] } },
{ "type": "Feature", "properties": { "interval_id": "120_150", "scenario_id": "rajendra_nagar_heavy_rain_demo", "start_min": 120, "end_min": 150, "duration_s": 1800, "drain_node_id": "RN_DNODE_00432", "outgoing_drain_id": "RN_DRAIN_00503", "total_q_m3s": 0.13009375678168403, "capacity_m3s": 0.11140874580493448, "overflow_q_m3s": 0.018685010976749544, "overflow_volume_m3": 33.633019758149182, "capacity_source": "synthetic_manning_scenario", "capacity_is_observed": 0, "source_type": "prototype_drainage_capacity_overflow" }, "geometry": { "type": "Point", "coordinates": [ 377867.791000000026543, 2045661.903 ] } },
{ "type": "Feature", "properties": { "interval_id": "120_150", "scenario_id": "rajendra_nagar_heavy_rain_demo", "start_min": 120, "end_min": 150, "duration_s": 1800, "drain_node_id": "RN_DNODE_00032", "outgoing_drain_id": "RN_DRAIN_00072", "total_q_m3s": 0.18764469967428704, "capacity_m3s": 0.12723324562335805, "overflow_q_m3s": 0.060411454050928987, "overflow_volume_m3": 108.74061729167218, "capacity_source": "synthetic_manning_scenario", "capacity_is_observed": 0, "source_type": "prototype_drainage_capacity_overflow" }, "geometry": { "type": "Point", "coordinates": [ 376727.791000000026543, 2046651.903 ] } },
{ "type": "Feature", "properties": { "interval_id": "120_150", "scenario_id": "rajendra_nagar_heavy_rain_demo", "start_min": 120, "end_min": 150, "duration_s": 1800, "drain_node_id": "RN_DNODE_00011", "outgoing_drain_id": "RN_DRAIN_00151", "total_q_m3s": 0.1714167882134589, "capacity_m3s": 0.034854282915268278, "overflow_q_m3s": 0.13656250529819064, "overflow_volume_m3": 245.81250953674316, "capacity_source": "synthetic_manning_scenario", "capacity_is_observed": 0, "source_type": "prototype_drainage_capacity_overflow" }, "geometry": { "type": "Point", "coordinates": [ 376577.791000000026543, 2046501.903 ] } },
{ "type": "Feature", "properties": { "interval_id": "120_150", "scenario_id": "rajendra_nagar_heavy_rain_demo", "start_min": 120, "end_min": 150, "duration_s": 1800, "drain_node_id": "RN_DNODE_00096", "outgoing_drain_id": "RN_DRAIN_00186", "total_q_m3s": 0.3995780816135317, "capacity_m3s": 0.151090496238554, "overflow_q_m3s": 0.2484875853749777, "overflow_volume_m3": 447.27765367495988, "capacity_source": "synthetic_manning_scenario", "capacity_is_observed": 0, "source_type": "prototype_drainage_capacity_overflow" }, "geometry": { "type": "Point", "coordinates": [ 376967.791000000026543, 2046411.903 ] } },
{ "type": "Feature", "properties": { "interval_id": "120_150", "scenario_id": "rajendra_nagar_heavy_rain_demo", "start_min": 120, "end_min": 150, "duration_s": 1800, "drain_node_id": "RN_DNODE_00478", "outgoing_drain_id": "RN_DRAIN_00185", "total_q_m3s": 0.072948034186834043, "capacity_m3s": 0.034854282915268278, "overflow_q_m3s": 0.038093751271565765, "overflow_volume_m3": 68.568752288818374, "capacity_source": "synthetic_manning_scenario", "capacity_is_observed": 0, "source_type": "prototype_drainage_capacity_overflow" }, "geometry": { "type": "Point", "coordinates": [ 378047.791000000026543, 2046441.903 ] } },
{ "type": "Feature", "properties": { "interval_id": "120_150", "scenario_id": "rajendra_nagar_heavy_rain_demo", "start_min": 120, "end_min": 150, "duration_s": 1800, "drain_node_id": "RN_DNODE_00010", "outgoing_drain_id": "RN_DRAIN_00200", "total_q_m3s": 0.096666786518037923, "capacity_m3s": 0.034844300305034812, "overflow_q_m3s": 0.061822486213003111, "overflow_volume_m3": 111.2804751834056, "capacity_source": "synthetic_manning_scenario", "capacity_is_observed": 0, "source_type": "prototype_drainage_capacity_overflow" }, "geometry": { "type": "Point", "coordinates": [ 376577.791000000026543, 2046381.903 ] } },
{ "type": "Feature", "properties": { "interval_id": "120_150", "scenario_id": "rajendra_nagar_heavy_rain_demo", "start_min": 120, "end_min": 150, "duration_s": 1800, "drain_node_id": "RN_DNODE_00549", "outgoing_drain_id": "RN_DRAIN_00386", "total_q_m3s": 0.11787500593397351, "capacity_m3s": 0.034854282915268278, "overflow_q_m3s": 0.083020723018705236, "overflow_volume_m3": 149.43730143366943, "capacity_source": "synthetic_manning_scenario", "capacity_is_observed": 0, "source_type": "prototype_drainage_capacity_overflow" }, "geometry": { "type": "Point", "coordinates": [ 378497.791000000026543, 2045961.903 ] } },
{ "type": "Feature", "properties": { "interval_id": "120_150", "scenario_id": "rajendra_nagar_heavy_rain_demo", "start_min": 120, "end_min": 150, "duration_s": 1800, "drain_node_id": "RN_DNODE_00206", "outgoing_drain_id": "RN_DRAIN_00517", "total_q_m3s": 0.12362500508626301, "capacity_m3s": 0.034854282915268278, "overflow_q_m3s": 0.088770722170994729, "overflow_volume_m3": 159.7872999077905, "capacity_source": "synthetic_manning_scenario", "capacity_is_observed": 0, "source_type": "prototype_drainage_capacity_overflow" }, "geometry": { "type": "Point", "coordinates": [ 377207.791000000026543, 2045601.903 ] } },
{ "type": "Feature", "properties": { "interval_id": "120_150", "scenario_id": "rajendra_nagar_heavy_rain_demo", "start_min": 120, "end_min": 150, "duration_s": 1800, "drain_node_id": "RN_DNODE_00425", "outgoing_drain_id": "RN_DRAIN_00493", "total_q_m3s": 0.44922125428203952, "capacity_m3s": 0.36701701471119386, "overflow_q_m3s": 0.082204239570845661, "overflow_volume_m3": 147.96763122752219, "capacity_source": "synthetic_manning_scenario", "capacity_is_observed": 0, "source_type": "prototype_drainage_capacity_overflow" }, "geometry": { "type": "Point", "coordinates": [ 377837.791000000026543, 2045691.903 ] } },
{ "type": "Feature", "properties": { "interval_id": "120_150", "scenario_id": "rajendra_nagar_heavy_rain_demo", "start_min": 120, "end_min": 150, "duration_s": 1800, "drain_node_id": "RN_DNODE_00328", "outgoing_drain_id": "RN_DRAIN_00530", "total_q_m3s": 0.15991678567032738, "capacity_m3s": 0.1272696969192279, "overflow_q_m3s": 0.032647088751099479, "overflow_volume_m3": 58.764759751979064, "capacity_source": "synthetic_manning_scenario", "capacity_is_observed": 0, "source_type": "prototype_drainage_capacity_overflow" }, "geometry": { "type": "Point", "coordinates": [ 377477.791000000026543, 2045571.903 ] } },
{ "type": "Feature", "properties": { "interval_id": "120_150", "scenario_id": "rajendra_nagar_heavy_rain_demo", "start_min": 120, "end_min": 150, "duration_s": 1800, "drain_node_id": "RN_DNODE_00016", "outgoing_drain_id": "RN_DRAIN_00152", "total_q_m3s": 0.047073033762978778, "capacity_m3s": 0.041008355864427033, "overflow_q_m3s": 0.0060646778985517444, "overflow_volume_m3": 10.91642021739314, "capacity_source": "synthetic_manning_scenario", "capacity_is_observed": 0, "source_type": "prototype_drainage_capacity_overflow" }, "geometry": { "type": "Point", "coordinates": [ 376607.791000000026543, 2046501.903 ] } },
{ "type": "Feature", "properties": { "interval_id": "120_150", "scenario_id": "rajendra_nagar_heavy_rain_demo", "start_min": 120, "end_min": 150, "duration_s": 1800, "drain_node_id": "RN_DNODE_00407", "outgoing_drain_id": "RN_DRAIN_00170", "total_q_m3s": 0.13241576492447604, "capacity_m3s": 0.034854282915268278, "overflow_q_m3s": 0.097561482009207764, "overflow_volume_m3": 175.61066761657398, "capacity_source": "synthetic_manning_scenario", "capacity_is_observed": 0, "source_type": "prototype_drainage_capacity_overflow" }, "geometry": { "type": "Point", "coordinates": [ 377747.791000000026543, 2046471.903 ] } },
{ "type": "Feature", "properties": { "interval_id": "120_150", "scenario_id": "rajendra_nagar_heavy_rain_demo", "start_min": 120, "end_min": 150, "duration_s": 1800, "drain_node_id": "RN_DNODE_00104", "outgoing_drain_id": "RN_DRAIN_00187", "total_q_m3s": 0.18702799729819214, "capacity_m3s": 0.044467843567026905, "overflow_q_m3s": 0.14256015373116523, "overflow_volume_m3": 256.60827671609741, "capacity_source": "synthetic_manning_scenario", "capacity_is_observed": 0, "source_type": "prototype_drainage_capacity_overflow" }, "geometry": { "type": "Point", "coordinates": [ 376997.791000000026543, 2046411.903 ] } },
{ "type": "Feature", "properties": { "interval_id": "120_150", "scenario_id": "rajendra_nagar_heavy_rain_demo", "start_min": 120, "end_min": 150, "duration_s": 1800, "drain_node_id": "RN_DNODE_00015", "outgoing_drain_id": "RN_DRAIN_00210", "total_q_m3s": 0.094500553695876816, "capacity_m3s": 0.034854282915268278, "overflow_q_m3s": 0.059646270780608537, "overflow_volume_m3": 107.36328740509536, "capacity_source": "synthetic_manning_scenario", "capacity_is_observed": 0, "source_type": "prototype_drainage_capacity_overflow" }, "geometry": { "type": "Point", "coordinates": [ 376607.791000000026543, 2046351.903 ] } },
{ "type": "Feature", "properties": { "interval_id": "120_150", "scenario_id": "rajendra_nagar_heavy_rain_demo", "start_min": 120, "end_min": 150, "duration_s": 1800, "drain_node_id": "RN_DNODE_00548", "outgoing_drain_id": "RN_DRAIN_00252", "total_q_m3s": 0.25262555687479121, "capacity_m3s": 0.18704808214959012, "overflow_q_m3s": 0.06557747472520109, "overflow_volume_m3": 118.03945450536196, "capacity_source": "synthetic_manning_scenario", "capacity_is_observed": 0, "source_type": "prototype_drainage_capacity_overflow" }, "geometry": { "type": "Point", "coordinates": [ 378467.791000000026543, 2046291.903 ] } },
{ "type": "Feature", "properties": { "interval_id": "120_150", "scenario_id": "rajendra_nagar_heavy_rain_demo", "start_min": 120, "end_min": 150, "duration_s": 1800, "drain_node_id": "RN_DNODE_00458", "outgoing_drain_id": "RN_DRAIN_00368", "total_q_m3s": 0.48972497932403003, "capacity_m3s": 0.39165618549325898, "overflow_q_m3s": 0.098068793830771051, "overflow_volume_m3": 176.52382889538788, "capacity_source": "synthetic_manning_scenario", "capacity_is_observed": 0, "source_type": "prototype_drainage_capacity_overflow" }, "geometry": { "type": "Point", "coordinates": [ 377987.791000000026543, 2046021.903 ] } },
{ "type": "Feature", "properties": { "interval_id": "120_150", "scenario_id": "rajendra_nagar_heavy_rain_demo", "start_min": 120, "end_min": 150, "duration_s": 1800, "drain_node_id": "RN_DNODE_00547", "outgoing_drain_id": "RN_DRAIN_00385", "total_q_m3s": 0.07151053545839979, "capacity_m3s": 0.034854282915268278, "overflow_q_m3s": 0.036656252543131512, "overflow_volume_m3": 65.981254577636719, "capacity_source": "synthetic_manning_scenario", "capacity_is_observed": 0, "source_type": "prototype_drainage_capacity_overflow" }, "geometry": { "type": "Point", "coordinates": [ 378467.791000000026543, 2045961.903 ] } },
{ "type": "Feature", "properties": { "interval_id": "120_150", "scenario_id": "rajendra_nagar_heavy_rain_demo", "start_min": 120, "end_min": 150, "duration_s": 1800, "drain_node_id": "RN_DNODE_00068", "outgoing_drain_id": "RN_DRAIN_00433", "total_q_m3s": 0.15884375360276964, "capacity_m3s": 0.1272696969192279, "overflow_q_m3s": 0.03157405668354174, "overflow_volume_m3": 56.83330203037513, "capacity_source": "synthetic_manning_scenario", "capacity_is_observed": 0, "source_type": "prototype_drainage_capacity_overflow" }, "geometry": { "type": "Point", "coordinates": [ 376877.791000000026543, 2045811.903 ] } },
{ "type": "Feature", "properties": { "interval_id": "120_150", "scenario_id": "rajendra_nagar_heavy_rain_demo", "start_min": 120, "end_min": 150, "duration_s": 1800, "drain_node_id": "RN_DNODE_00180", "outgoing_drain_id": "RN_DRAIN_00516", "total_q_m3s": 0.16854178651803792, "capacity_m3s": 0.034844300305034812, "overflow_q_m3s": 0.13369748621300309, "overflow_volume_m3": 240.65547518340557, "capacity_source": "synthetic_manning_scenario", "capacity_is_observed": 0, "source_type": "prototype_drainage_capacity_overflow" }, "geometry": { "type": "Point", "coordinates": [ 377177.791000000026543, 2045601.903 ] } },
{ "type": "Feature", "properties": { "interval_id": "120_150", "scenario_id": "rajendra_nagar_heavy_rain_demo", "start_min": 120, "end_min": 150, "duration_s": 1800, "drain_node_id": "RN_DNODE_00050", "outgoing_drain_id": "RN_DRAIN_00082", "total_q_m3s": 0.18688949901420007, "capacity_m3s": 0.1272696969192279, "overflow_q_m3s": 0.059619802094972169, "overflow_volume_m3": 107.3156437709499, "capacity_source": "synthetic_manning_scenario", "capacity_is_observed": 0, "source_type": "prototype_drainage_capacity_overflow" }, "geometry": { "type": "Point", "coordinates": [ 376787.791000000026543, 2046621.903 ] } },
{ "type": "Feature", "properties": { "interval_id": "120_150", "scenario_id": "rajendra_nagar_heavy_rain_demo", "start_min": 120, "end_min": 150, "duration_s": 1800, "drain_node_id": "RN_DNODE_00504", "outgoing_drain_id": "RN_DRAIN_00053", "total_q_m3s": 0.92934377246432831, "capacity_m3s": 0.15694054372586286, "overflow_q_m3s": 0.77240322873846545, "overflow_volume_m3": 1390.3258117292378, "capacity_source": "synthetic_manning_scenario", "capacity_is_observed": 0, "source_type": "prototype_drainage_capacity_overflow" }, "geometry": { "type": "Point", "coordinates": [ 378257.791000000026543, 2046741.903 ] } },
{ "type": "Feature", "properties": { "interval_id": "120_150", "scenario_id": "rajendra_nagar_heavy_rain_demo", "start_min": 120, "end_min": 150, "duration_s": 1800, "drain_node_id": "RN_DNODE_00019", "outgoing_drain_id": "RN_DRAIN_00153", "total_q_m3s": 0.10066460713599279, "capacity_m3s": 0.034854282915268278, "overflow_q_m3s": 0.065810324220724511, "overflow_volume_m3": 118.45858359730413, "capacity_source": "synthetic_manning_scenario", "capacity_is_observed": 0, "source_type": "prototype_drainage_capacity_overflow" }, "geometry": { "type": "Point", "coordinates": [ 376637.791000000026543, 2046501.903 ] } },
{ "type": "Feature", "properties": { "interval_id": "120_150", "scenario_id": "rajendra_nagar_heavy_rain_demo", "start_min": 120, "end_min": 150, "duration_s": 1800, "drain_node_id": "RN_DNODE_00397", "outgoing_drain_id": "RN_DRAIN_00169", "total_q_m3s": 0.20591679266393909, "capacity_m3s": 0.034844300305034812, "overflow_q_m3s": 0.17107249235890426, "overflow_volume_m3": 307.93048624602767, "capacity_source": "synthetic_manning_scenario", "capacity_is_observed": 0, "source_type": "prototype_drainage_capacity_overflow" }, "geometry": { "type": "Point", "coordinates": [ 377717.791000000026543, 2046471.903 ] } },
{ "type": "Feature", "properties": { "interval_id": "120_150", "scenario_id": "rajendra_nagar_heavy_rain_demo", "start_min": 120, "end_min": 150, "duration_s": 1800, "drain_node_id": "RN_DNODE_00480", "outgoing_drain_id": "RN_DRAIN_00160", "total_q_m3s": 0.11032303609418267, "capacity_m3s": 0.062336960286670622, "overflow_q_m3s": 0.047986075807512053, "overflow_volume_m3": 86.374936453521698, "capacity_source": "synthetic_manning_scenario", "capacity_is_observed": 0, "source_type": "prototype_drainage_capacity_overflow" }, "geometry": { "type": "Point", "coordinates": [ 378047.791000000026543, 2046501.903 ] } },
{ "type": "Feature", "properties": { "interval_id": "120_150", "scenario_id": "rajendra_nagar_heavy_rain_demo", "start_min": 120, "end_min": 150, "duration_s": 1800, "drain_node_id": "RN_DNODE_00018", "outgoing_drain_id": "RN_DRAIN_00220", "total_q_m3s": 0.19441678906116944, "capacity_m3s": 0.12723324562335805, "overflow_q_m3s": 0.067183543437811383, "overflow_volume_m3": 120.93037818806049, "capacity_source": "synthetic_manning_scenario", "capacity_is_observed": 0, "source_type": "prototype_drainage_capacity_overflow" }, "geometry": { "type": "Point", "coordinates": [ 376637.791000000026543, 2046321.903 ] } },
{ "type": "Feature", "properties": { "interval_id": "120_150", "scenario_id": "rajendra_nagar_heavy_rain_demo", "start_min": 120, "end_min": 150, "duration_s": 1800, "drain_node_id": "RN_DNODE_00017", "outgoing_drain_id": "RN_DRAIN_00240", "total_q_m3s": 0.21059375445048015, "capacity_m3s": 0.034854282915268278, "overflow_q_m3s": 0.17573947153521186, "overflow_volume_m3": 316.33104876338132, "capacity_source": "synthetic_manning_scenario", "capacity_is_observed": 0, "source_type": "prototype_drainage_capacity_overflow" }, "geometry": { "type": "Point", "coordinates": [ 376637.791000000026543, 2046291.903 ] } },
{ "type": "Feature", "properties": { "interval_id": "120_150", "scenario_id": "rajendra_nagar_heavy_rain_demo", "start_min": 120, "end_min": 150, "duration_s": 1800, "drain_node_id": "RN_DNODE_00111", "outgoing_drain_id": "RN_DRAIN_00285", "total_q_m3s": 0.72809376292758521, "capacity_m3s": 0.034844300305034812, "overflow_q_m3s": 0.69324946262255038, "overflow_volume_m3": 1247.8490327205907, "capacity_source": "synthetic_manning_scenario", "capacity_is_observed": 0, "source_type": "prototype_drainage_capacity_overflow" }, "geometry": { "type": "Point", "coordinates": [ 377027.791000000026543, 2046201.903 ] } },
{ "type": "Feature", "properties": { "interval_id": "120_150", "scenario_id": "rajendra_nagar_heavy_rain_demo", "start_min": 120, "end_min": 150, "duration_s": 1800, "drain_node_id": "RN_DNODE_00454", "outgoing_drain_id": "RN_DRAIN_00359", "total_q_m3s": 0.75174994439421927, "capacity_m3s": 0.48087166299014095, "overflow_q_m3s": 0.27087828140407832, "overflow_volume_m3": 487.58090652734097, "capacity_source": "synthetic_manning_scenario", "capacity_is_observed": 0, "source_type": "prototype_drainage_capacity_overflow" }, "geometry": { "type": "Point", "coordinates": [ 377957.791000000026543, 2046051.903 ] } },
{ "type": "Feature", "properties": { "interval_id": "120_150", "scenario_id": "rajendra_nagar_heavy_rain_demo", "start_min": 120, "end_min": 150, "duration_s": 1800, "drain_node_id": "RN_DNODE_00544", "outgoing_drain_id": "RN_DRAIN_00384", "total_q_m3s": 0.31732304054466282, "capacity_m3s": 0.15013191509707569, "overflow_q_m3s": 0.16719112544758713, "overflow_volume_m3": 300.94402580565685, "capacity_source": "synthetic_manning_scenario", "capacity_is_observed": 0, "source_type": "prototype_drainage_capacity_overflow" }, "geometry": { "type": "Point", "coordinates": [ 378437.791000000026543, 2045961.903 ] } },
{ "type": "Feature", "properties": { "interval_id": "120_150", "scenario_id": "rajendra_nagar_heavy_rain_demo", "start_min": 120, "end_min": 150, "duration_s": 1800, "drain_node_id": "RN_DNODE_00411", "outgoing_drain_id": "RN_DRAIN_00479", "total_q_m3s": 0.5089550709502022, "capacity_m3s": 0.30124813859248456, "overflow_q_m3s": 0.20770693235771764, "overflow_volume_m3": 373.87247824389175, "capacity_source": "synthetic_manning_scenario", "capacity_is_observed": 0, "source_type": "prototype_drainage_capacity_overflow" }, "geometry": { "type": "Point", "coordinates": [ 377777.791000000026543, 2045721.903 ] } },
{ "type": "Feature", "properties": { "interval_id": "120_150", "scenario_id": "rajendra_nagar_heavy_rain_demo", "start_min": 120, "end_min": 150, "duration_s": 1800, "drain_node_id": "RN_DNODE_00467", "outgoing_drain_id": "RN_DRAIN_00017", "total_q_m3s": 0.2350312582651774, "capacity_m3s": 0.034854282915268278, "overflow_q_m3s": 0.20017697534990914, "overflow_volume_m3": 360.31855562983645, "capacity_source": "synthetic_manning_scenario", "capacity_is_observed": 0, "source_type": "prototype_drainage_capacity_overflow" }, "geometry": { "type": "Point", "coordinates": [ 377987.791000000026543, 2046861.903 ] } },
{ "type": "Feature", "properties": { "interval_id": "120_150", "scenario_id": "rajendra_nagar_heavy_rain_demo", "start_min": 120, "end_min": 150, "duration_s": 1800, "drain_node_id": "RN_DNODE_00387", "outgoing_drain_id": "RN_DRAIN_00004", "total_q_m3s": 0.034844300305034812, "capacity_m3s": 0.02637752433631995, "overflow_q_m3s": 0.0084667759687148611, "overflow_volume_m3": 15.24019674368675, "capacity_source": "synthetic_manning_scenario", "capacity_is_observed": 0, "source_type": "prototype_drainage_capacity_overflow" }, "geometry": { "type": "Point", "coordinates": [ 377687.791000000026543, 2046921.903 ] } },
{ "type": "Feature", "properties": { "interval_id": "120_150", "scenario_id": "rajendra_nagar_heavy_rain_demo", "start_min": 120, "end_min": 150, "duration_s": 1800, "drain_node_id": "RN_DNODE_00023", "outgoing_drain_id": "RN_DRAIN_00154", "total_q_m3s": 0.21597928906116942, "capacity_m3s": 0.034854282915268278, "overflow_q_m3s": 0.18112500614590116, "overflow_volume_m3": 326.02501106262207, "capacity_source": "synthetic_manning_scenario", "capacity_is_observed": 0, "source_type": "prototype_drainage_capacity_overflow" }, "geometry": { "type": "Point", "coordinates": [ 376667.791000000026543, 2046501.903 ] } },
{ "type": "Feature", "properties": { "interval_id": "120_150", "scenario_id": "rajendra_nagar_heavy_rain_demo", "start_min": 120, "end_min": 150, "duration_s": 1800, "drain_node_id": "RN_DNODE_00386", "outgoing_drain_id": "RN_DRAIN_00159", "total_q_m3s": 0.098094302636238695, "capacity_m3s": 0.068286718630626422, "overflow_q_m3s": 0.029807584005612273, "overflow_volume_m3": 53.65365121010209, "capacity_source": "synthetic_manning_scenario", "capacity_is_observed": 0, "source_type": "prototype_drainage_capacity_overflow" }, "geometry": { "type": "Point", "coordinates": [ 377687.791000000026543, 2046501.903 ] } },
{ "type": "Feature", "properties": { "interval_id": "120_150", "scenario_id": "rajendra_nagar_heavy_rain_demo", "start_min": 120, "end_min": 150, "duration_s": 1800, "drain_node_id": "RN_DNODE_00481", "outgoing_drain_id": "RN_DRAIN_00147", "total_q_m3s": 0.17158696431329551, "capacity_m3s": 0.034854282915268278, "overflow_q_m3s": 0.13673268139802724, "overflow_volume_m3": 246.11882651644905, "capacity_source": "synthetic_manning_scenario", "capacity_is_observed": 0, "source_type": "prototype_drainage_capacity_overflow" }, "geometry": { "type": "Point", "coordinates": [ 378047.791000000026543, 2046531.903 ] } },
{ "type": "Feature", "properties": { "interval_id": "120_150", "scenario_id": "rajendra_nagar_heavy_rain_demo", "start_min": 120, "end_min": 150, "duration_s": 1800, "drain_node_id": "RN_DNODE_00542", "outgoing_drain_id": "RN_DRAIN_00267", "total_q_m3s": 0.18704808214959012, "capacity_m3s": 0.034854282915268278, "overflow_q_m3s": 0.15219379923432186, "overflow_volume_m3": 273.94883862177937, "capacity_source": "synthetic_manning_scenario", "capacity_is_observed": 0, "source_type": "prototype_drainage_capacity_overflow" }, "geometry": { "type": "Point", "coordinates": [ 378407.791000000026543, 2046261.903 ] } },
{ "type": "Feature", "properties": { "interval_id": "120_150", "scenario_id": "rajendra_nagar_heavy_rain_demo", "start_min": 120, "end_min": 150, "duration_s": 1800, "drain_node_id": "RN_DNODE_00021", "outgoing_drain_id": "RN_DRAIN_00241", "total_q_m3s": 0.23287931251353275, "capacity_m3s": 0.12723324562335805, "overflow_q_m3s": 0.10564606689017469, "overflow_volume_m3": 190.16292040231446, "capacity_source": "synthetic_manning_scenario", "capacity_is_observed": 0, "source_type": "prototype_drainage_capacity_overflow" }, "geometry": { "type": "Point", "coordinates": [ 376667.791000000026543, 2046291.903 ] } },
{ "type": "Feature", "properties": { "interval_id": "120_150", "scenario_id": "rajendra_nagar_heavy_rain_demo", "start_min": 120, "end_min": 150, "duration_s": 1800, "drain_node_id": "RN_DNODE_00540", "outgoing_drain_id": "RN_DRAIN_00378", "total_q_m3s": 0.22344441806406246, "capacity_m3s": 0.1348146985507728, "overflow_q_m3s": 0.088629719513289656, "overflow_volume_m3": 159.53349512392137, "capacity_source": "synthetic_manning_scenario", "capacity_is_observed": 0, "source_type": "prototype_drainage_capacity_overflow" }, "geometry": { "type": "Point", "coordinates": [ 378407.791000000026543, 2045991.903 ] } },
{ "type": "Feature", "properties": { "interval_id": "120_150", "scenario_id": "rajendra_nagar_heavy_rain_demo", "start_min": 120, "end_min": 150, "duration_s": 1800, "drain_node_id": "RN_DNODE_00404", "outgoing_drain_id": "RN_DRAIN_00478", "total_q_m3s": 0.34724814028790552, "capacity_m3s": 0.30124813859248456, "overflow_q_m3s": 0.046000001695420956, "overflow_volume_m3": 82.800003051757727, "capacity_source": "synthetic_manning_scenario", "capacity_is_observed": 0, "source_type": "prototype_drainage_capacity_overflow" }, "geometry": { "type": "Point", "coordinates": [ 377747.791000000026543, 2045721.903 ] } },
{ "type": "Feature", "properties": { "interval_id": "120_150", "scenario_id": "rajendra_nagar_heavy_rain_demo", "start_min": 120, "end_min": 150, "duration_s": 1800, "drain_node_id": "RN_DNODE_00027", "outgoing_drain_id": "RN_DRAIN_00155", "total_q_m3s": 0.11032303609418266, "capacity_m3s": 0.034844300305034812, "overflow_q_m3s": 0.075478735789147849, "overflow_volume_m3": 135.86172442046612, "capacity_source": "synthetic_manning_scenario", "capacity_is_observed": 0, "source_type": "prototype_drainage_capacity_overflow" }, "geometry": { "type": "Point", "coordinates": [ 376697.791000000026543, 2046501.903 ] } },
{ "type": "Feature", "properties": { "interval_id": "120_150", "scenario_id": "rajendra_nagar_heavy_rain_demo", "start_min": 120, "end_min": 150, "duration_s": 1800, "drain_node_id": "RN_DNODE_00378", "outgoing_drain_id": "RN_DRAIN_00146", "total_q_m3s": 0.14375547180954079, "capacity_m3s": 0.12524186330580878, "overflow_q_m3s": 0.018513608503732015, "overflow_volume_m3": 33.32449530671763, "capacity_source": "synthetic_manning_scenario", "capacity_is_observed": 0, "source_type": "prototype_drainage_capacity_overflow" }, "geometry": { "type": "Point", "coordinates": [ 377657.791000000026543, 2046531.903 ] } },
{ "type": "Feature", "properties": { "interval_id": "120_150", "scenario_id": "rajendra_nagar_heavy_rain_demo", "start_min": 120, "end_min": 150, "duration_s": 1800, "drain_node_id": "RN_DNODE_00482", "outgoing_drain_id": "RN_DRAIN_00134", "total_q_m3s": 0.059291784610689284, "capacity_m3s": 0.034844300305034812, "overflow_q_m3s": 0.024447484305654472, "overflow_volume_m3": 44.005471750178053, "capacity_source": "synthetic_manning_scenario", "capacity_is_observed": 0, "source_type": "prototype_drainage_capacity_overflow" }, "geometry": { "type": "Point", "coordinates": [ 378047.791000000026543, 2046561.903 ] } },
{ "type": "Feature", "properties": { "interval_id": "120_150", "scenario_id": "rajendra_nagar_heavy_rain_demo", "start_min": 120, "end_min": 150, "duration_s": 1800, "drain_node_id": "RN_DNODE_00069", "outgoing_drain_id": "RN_DRAIN_00421", "total_q_m3s": 0.9717500156826443, "capacity_m3s": 0.12723324562335805, "overflow_q_m3s": 0.84451677005928627, "overflow_volume_m3": 1520.1301861067152, "capacity_source": "synthetic_manning_scenario", "capacity_is_observed": 0, "source_type": "prototype_drainage_capacity_overflow" }, "geometry": { "type": "Point", "coordinates": [ 376877.791000000026543, 2045841.903 ] } },
{ "type": "Feature", "properties": { "interval_id": "120_150", "scenario_id": "rajendra_nagar_heavy_rain_demo", "start_min": 120, "end_min": 150, "duration_s": 1800, "drain_node_id": "RN_DNODE_00536", "outgoing_drain_id": "RN_DRAIN_00369", "total_q_m3s": 0.28754398528073832, "capacity_m3s": 0.18393770855067063, "overflow_q_m3s": 0.1036062767300677, "overflow_volume_m3": 186.49129811412186, "capacity_source": "synthetic_manning_scenario", "capacity_is_observed": 0, "source_type": "prototype_drainage_capacity_overflow" }, "geometry": { "type": "Point", "coordinates": [ 378377.791000000026543, 2046021.903 ] } },
{ "type": "Feature", "properties": { "interval_id": "120_150", "scenario_id": "rajendra_nagar_heavy_rain_demo", "start_min": 120, "end_min": 150, "duration_s": 1800, "drain_node_id": "RN_DNODE_00141", "outgoing_drain_id": "RN_DRAIN_00485", "total_q_m3s": 0.084438053060093943, "capacity_m3s": 0.02637752433631995, "overflow_q_m3s": 0.058060528723773992, "overflow_volume_m3": 104.50895170279318, "capacity_source": "synthetic_manning_scenario", "capacity_is_observed": 0, "source_type": "prototype_drainage_capacity_overflow" }, "geometry": { "type": "Point", "coordinates": [ 377117.791000000026543, 2045691.903 ] } },
{ "type": "Feature", "properties": { "interval_id": "120_150", "scenario_id": "rajendra_nagar_heavy_rain_demo", "start_min": 120, "end_min": 150, "duration_s": 1800, "drain_node_id": "RN_DNODE_00391", "outgoing_drain_id": "RN_DRAIN_00477", "total_q_m3s": 0.74112314367874754, "capacity_m3s": 0.30124813859248456, "overflow_q_m3s": 0.43987500508626298, "overflow_volume_m3": 791.77500915527332, "capacity_source": "synthetic_manning_scenario", "capacity_is_observed": 0, "source_type": "prototype_drainage_capacity_overflow" }, "geometry": { "type": "Point", "coordinates": [ 377717.791000000026543, 2045721.903 ] } },
{ "type": "Feature", "properties": { "interval_id": "120_150", "scenario_id": "rajendra_nagar_heavy_rain_demo", "start_min": 120, "end_min": 150, "duration_s": 1800, "drain_node_id": "RN_DNODE_00025", "outgoing_drain_id": "RN_DRAIN_00270", "total_q_m3s": 0.16532699689492381, "capacity_m3s": 0.12723324562335805, "overflow_q_m3s": 0.038093751271565751, "overflow_volume_m3": 68.568752288818345, "capacity_source": "synthetic_manning_scenario", "capacity_is_observed": 0, "source_type": "prototype_drainage_capacity_overflow" }, "geometry": { "type": "Point", "coordinates": [ 376697.791000000026543, 2046231.903 ] } },
{ "type": "Feature", "properties": { "interval_id": "120_150", "scenario_id": "rajendra_nagar_heavy_rain_demo", "start_min": 120, "end_min": 150, "duration_s": 1800, "drain_node_id": "RN_DNODE_00039", "outgoing_drain_id": "RN_DRAIN_00121", "total_q_m3s": 0.14050055539129783, "capacity_m3s": 0.12723324562335805, "overflow_q_m3s": 0.013267309767939772, "overflow_volume_m3": 23.881157582291589, "capacity_source": "synthetic_manning_scenario", "capacity_is_observed": 0, "source_type": "prototype_drainage_capacity_overflow" }, "geometry": { "type": "Point", "coordinates": [ 376757.791000000026543, 2046561.903 ] } },
{ "type": "Feature", "properties": { "interval_id": "120_150", "scenario_id": "rajendra_nagar_heavy_rain_demo", "start_min": 120, "end_min": 150, "duration_s": 1800, "drain_node_id": "RN_DNODE_00174", "outgoing_drain_id": "RN_DRAIN_00156", "total_q_m3s": 0.07968659526244791, "capacity_m3s": 0.034844300305034812, "overflow_q_m3s": 0.044842294957413098, "overflow_volume_m3": 80.71613092334357, "capacity_source": "synthetic_manning_scenario", "capacity_is_observed": 0, "source_type": "prototype_drainage_capacity_overflow" }, "geometry": { "type": "Point", "coordinates": [ 377147.791000000026543, 2046501.903 ] } },
{ "type": "Feature", "properties": { "interval_id": "120_150", "scenario_id": "rajendra_nagar_heavy_rain_demo", "start_min": 120, "end_min": 150, "duration_s": 1800, "drain_node_id": "RN_DNODE_00473", "outgoing_drain_id": "RN_DRAIN_00102", "total_q_m3s": 0.1455318051793702, "capacity_m3s": 0.12723324562335805, "overflow_q_m3s": 0.018298559556012145, "overflow_volume_m3": 32.937407200821859, "capacity_source": "synthetic_manning_scenario", "capacity_is_observed": 0, "source_type": "prototype_drainage_capacity_overflow" }, "geometry": { "type": "Point", "coordinates": [ 378017.791000000026543, 2046621.903 ] } },
{ "type": "Feature", "properties": { "interval_id": "120_150", "scenario_id": "rajendra_nagar_heavy_rain_demo", "start_min": 120, "end_min": 150, "duration_s": 1800, "drain_node_id": "RN_DNODE_00273", "outgoing_drain_id": "RN_DRAIN_00500", "total_q_m3s": 0.50676971514500369, "capacity_m3s": 0.38825424207139908, "overflow_q_m3s": 0.1185154730736046, "overflow_volume_m3": 213.3278515324883, "capacity_source": "synthetic_manning_scenario", "capacity_is_observed": 0, "source_type": "prototype_drainage_capacity_overflow" }, "geometry": { "type": "Point", "coordinates": [ 377327.791000000026543, 2045661.903 ] } },
{ "type": "Feature", "properties": { "interval_id": "120_150", "scenario_id": "rajendra_nagar_heavy_rain_demo", "start_min": 120, "end_min": 150, "duration_s": 1800, "drain_node_id": "RN_DNODE_00049", "outgoing_drain_id": "RN_DRAIN_00105", "total_q_m3s": 0.13945199647106857, "capacity_m3s": 0.1272696969192279, "overflow_q_m3s": 0.012182299551840664, "overflow_volume_m3": 21.928139193313196, "capacity_source": "synthetic_manning_scenario", "capacity_is_observed": 0, "source_type": "prototype_drainage_capacity_overflow" }, "geometry": { "type": "Point", "coordinates": [ 376787.791000000026543, 2046591.903 ] } },
{ "type": "Feature", "properties": { "interval_id": "120_150", "scenario_id": "rajendra_nagar_heavy_rain_demo", "start_min": 120, "end_min": 150, "duration_s": 1800, "drain_node_id": "RN_DNODE_00360", "outgoing_drain_id": "RN_DRAIN_00144", "total_q_m3s": 0.22299186584894029, "capacity_m3s": 0.10887560820568472, "overflow_q_m3s": 0.11411625764325557, "overflow_volume_m3": 205.40926375786003, "capacity_source": "synthetic_manning_scenario", "capacity_is_observed": 0, "source_type": "prototype_drainage_capacity_overflow" }, "geometry": { "type": "Point", "coordinates": [ 377567.791000000026543, 2046531.903 ] } },
{ "type": "Feature", "properties": { "interval_id": "120_150", "scenario_id": "rajendra_nagar_heavy_rain_demo", "start_min": 120, "end_min": 150, "duration_s": 1800, "drain_node_id": "RN_DNODE_00460", "outgoing_drain_id": "RN_DRAIN_00077", "total_q_m3s": 0.16460824753070669, "capacity_m3s": 0.1272696969192279, "overflow_q_m3s": 0.037338550611478782, "overflow_volume_m3": 67.209391100661804, "capacity_source": "synthetic_manning_scenario", "capacity_is_observed": 0, "source_type": "prototype_drainage_capacity_overflow" }, "geometry": { "type": "Point", "coordinates": [ 377987.791000000026543, 2046651.903 ] } },
{ "type": "Feature", "properties": { "interval_id": "120_150", "scenario_id": "rajendra_nagar_heavy_rain_demo", "start_min": 120, "end_min": 150, "duration_s": 1800, "drain_node_id": "RN_DNODE_00510", "outgoing_drain_id": "RN_DRAIN_00347", "total_q_m3s": 0.57615899411915472, "capacity_m3s": 0.30124813859248456, "overflow_q_m3s": 0.27491085552667016, "overflow_volume_m3": 494.83953994800629, "capacity_source": "synthetic_manning_scenario", "capacity_is_observed": 0, "source_type": "prototype_drainage_capacity_overflow" }, "geometry": { "type": "Point", "coordinates": [ 378287.791000000026543, 2046111.903 ] } },
{ "type": "Feature", "properties": { "interval_id": "120_150", "scenario_id": "rajendra_nagar_heavy_rain_demo", "start_min": 120, "end_min": 150, "duration_s": 1800, "drain_node_id": "RN_DNODE_00353", "outgoing_drain_id": "RN_DRAIN_00143", "total_q_m3s": 0.15631310862953995, "capacity_m3s": 0.034854282915268278, "overflow_q_m3s": 0.12145882571427168, "overflow_volume_m3": 218.62588628568901, "capacity_source": "synthetic_manning_scenario", "capacity_is_observed": 0, "source_type": "prototype_drainage_capacity_overflow" }, "geometry": { "type": "Point", "coordinates": [ 377537.791000000026543, 2046531.903 ] } },
{ "type": "Feature", "properties": { "interval_id": "120_150", "scenario_id": "rajendra_nagar_heavy_rain_demo", "start_min": 120, "end_min": 150, "duration_s": 1800, "drain_node_id": "RN_DNODE_00362", "outgoing_drain_id": "RN_DRAIN_00455", "total_q_m3s": 0.56177994801040732, "capacity_m3s": 0.3425817481644578, "overflow_q_m3s": 0.21919819984594952, "overflow_volume_m3": 394.5567597227091, "capacity_source": "synthetic_manning_scenario", "capacity_is_observed": 0, "source_type": "prototype_drainage_capacity_overflow" }, "geometry": { "type": "Point", "coordinates": [ 377597.791000000026543, 2045781.903 ] } },
{ "type": "Feature", "properties": { "interval_id": "120_150", "scenario_id": "rajendra_nagar_heavy_rain_demo", "start_min": 120, "end_min": 150, "duration_s": 1800, "drain_node_id": "RN_DNODE_00255", "outgoing_drain_id": "RN_DRAIN_00490", "total_q_m3s": 0.40047299291910959, "capacity_m3s": 0.16554197630939951, "overflow_q_m3s": 0.23493101660971008, "overflow_volume_m3": 422.87582989747813, "capacity_source": "synthetic_manning_scenario", "capacity_is_observed": 0, "source_type": "prototype_drainage_capacity_overflow" }, "geometry": { "type": "Point", "coordinates": [ 377267.791000000026543, 2045691.903 ] } },
{ "type": "Feature", "properties": { "interval_id": "120_150", "scenario_id": "rajendra_nagar_heavy_rain_demo", "start_min": 120, "end_min": 150, "duration_s": 1800, "drain_node_id": "RN_DNODE_00344", "outgoing_drain_id": "RN_DRAIN_00142", "total_q_m3s": 0.14482303630611029, "capacity_m3s": 0.10542103561186149, "overflow_q_m3s": 0.039402000694248804, "overflow_volume_m3": 70.923601249647845, "capacity_source": "synthetic_manning_scenario", "capacity_is_observed": 0, "source_type": "prototype_drainage_capacity_overflow" }, "geometry": { "type": "Point", "coordinates": [ 377507.791000000026543, 2046531.903 ] } },
{ "type": "Feature", "properties": { "interval_id": "120_150", "scenario_id": "rajendra_nagar_heavy_rain_demo", "start_min": 120, "end_min": 150, "duration_s": 1800, "drain_node_id": "RN_DNODE_00463", "outgoing_drain_id": "RN_DRAIN_00052", "total_q_m3s": 0.46148846069452359, "capacity_m3s": 0.1272696969192279, "overflow_q_m3s": 0.33421876377529569, "overflow_volume_m3": 601.59377479553223, "capacity_source": "synthetic_manning_scenario", "capacity_is_observed": 0, "source_type": "prototype_drainage_capacity_overflow" }, "geometry": { "type": "Point", "coordinates": [ 377987.791000000026543, 2046741.903 ] } },
{ "type": "Feature", "properties": { "interval_id": "120_150", "scenario_id": "rajendra_nagar_heavy_rain_demo", "start_min": 120, "end_min": 150, "duration_s": 1800, "drain_node_id": "RN_DNODE_00079", "outgoing_drain_id": "RN_DRAIN_00086", "total_q_m3s": 0.49063370262059569, "capacity_m3s": 0.30124813859248456, "overflow_q_m3s": 0.18938556402811113, "overflow_volume_m3": 340.89401525060003, "capacity_source": "synthetic_manning_scenario", "capacity_is_observed": 0, "source_type": "prototype_drainage_capacity_overflow" }, "geometry": { "type": "Point", "coordinates": [ 376907.791000000026543, 2046621.903 ] } },
{ "type": "Feature", "properties": { "interval_id": "120_150", "scenario_id": "rajendra_nagar_heavy_rain_demo", "start_min": 120, "end_min": 150, "duration_s": 1800, "drain_node_id": "RN_DNODE_00502", "outgoing_drain_id": "RN_DRAIN_00332", "total_q_m3s": 0.37095670442302109, "capacity_m3s": 0.30107555299333355, "overflow_q_m3s": 0.069881151429687538, "overflow_volume_m3": 125.78607257343756, "capacity_source": "synthetic_manning_scenario", "capacity_is_observed": 0, "source_type": "prototype_drainage_capacity_overflow" }, "geometry": { "type": "Point", "coordinates": [ 378257.791000000026543, 2046141.903 ] } },
{ "type": "Feature", "properties": { "interval_id": "120_150", "scenario_id": "rajendra_nagar_heavy_rain_demo", "start_min": 120, "end_min": 150, "duration_s": 1800, "drain_node_id": "RN_DNODE_00330", "outgoing_drain_id": "RN_DRAIN_00442", "total_q_m3s": 0.58314678224944849, "capacity_m3s": 0.30124813859248456, "overflow_q_m3s": 0.28189864365696393, "overflow_volume_m3": 507.41755858253509, "capacity_source": "synthetic_manning_scenario", "capacity_is_observed": 0, "source_type": "prototype_drainage_capacity_overflow" }, "geometry": { "type": "Point", "coordinates": [ 377477.791000000026543, 2045811.903 ] } },
{ "type": "Feature", "properties": { "interval_id": "120_150", "scenario_id": "rajendra_nagar_heavy_rain_demo", "start_min": 120, "end_min": 150, "duration_s": 1800, "drain_node_id": "RN_DNODE_00466", "outgoing_drain_id": "RN_DRAIN_00029", "total_q_m3s": 0.2480197003100699, "capacity_m3s": 0.12723324562335805, "overflow_q_m3s": 0.12078645468671184, "overflow_volume_m3": 217.4156184360813, "capacity_source": "synthetic_manning_scenario", "capacity_is_observed": 0, "source_type": "prototype_drainage_capacity_overflow" }, "geometry": { "type": "Point", "coordinates": [ 377987.791000000026543, 2046831.903 ] } },
{ "type": "Feature", "properties": { "interval_id": "120_150", "scenario_id": "rajendra_nagar_heavy_rain_demo", "start_min": 120, "end_min": 150, "duration_s": 1800, "drain_node_id": "RN_DNODE_00314", "outgoing_drain_id": "RN_DRAIN_00441", "total_q_m3s": 0.35012314198332656, "capacity_m3s": 0.30116185815577506, "overflow_q_m3s": 0.048961283827551494, "overflow_volume_m3": 88.130310889592693, "capacity_source": "synthetic_manning_scenario", "capacity_is_observed": 0, "source_type": "prototype_drainage_capacity_overflow" }, "geometry": { "type": "Point", "coordinates": [ 377447.791000000026543, 2045811.903 ] } },
{ "type": "Feature", "properties": { "interval_id": "120_150", "scenario_id": "rajendra_nagar_heavy_rain_demo", "start_min": 120, "end_min": 150, "duration_s": 1800, "drain_node_id": "RN_DNODE_00143", "outgoing_drain_id": "RN_DRAIN_00463", "total_q_m3s": 0.39051073181951779, "capacity_m3s": 0.096316987382127545, "overflow_q_m3s": 0.29419374443739021, "overflow_volume_m3": 529.54873998730238, "capacity_source": "synthetic_manning_scenario", "capacity_is_observed": 0, "source_type": "prototype_drainage_capacity_overflow" }, "geometry": { "type": "Point", "coordinates": [ 377117.791000000026543, 2045751.903 ] } },
{ "type": "Feature", "properties": { "interval_id": "120_150", "scenario_id": "rajendra_nagar_heavy_rain_demo", "start_min": 120, "end_min": 150, "duration_s": 1800, "drain_node_id": "RN_DNODE_00456", "outgoing_drain_id": "RN_DRAIN_00016", "total_q_m3s": 0.34393128404874462, "capacity_m3s": 0.12723324562335805, "overflow_q_m3s": 0.21669803842538657, "overflow_volume_m3": 390.05646916569583, "capacity_source": "synthetic_manning_scenario", "capacity_is_observed": 0, "source_type": "prototype_drainage_capacity_overflow" }, "geometry": { "type": "Point", "coordinates": [ 377957.791000000026543, 2046861.903 ] } },
{ "type": "Feature", "properties": { "interval_id": "120_150", "scenario_id": "rajendra_nagar_heavy_rain_demo", "start_min": 120, "end_min": 150, "duration_s": 1800, "drain_node_id": "RN_DNODE_00296", "outgoing_drain_id": "RN_DRAIN_00428", "total_q_m3s": 0.45425561366589334, "capacity_m3s": 0.30116185815577506, "overflow_q_m3s": 0.15309375551011828, "overflow_volume_m3": 275.56875991821289, "capacity_source": "synthetic_manning_scenario", "capacity_is_observed": 0, "source_type": "prototype_drainage_capacity_overflow" }, "geometry": { "type": "Point", "coordinates": [ 377417.791000000026543, 2045841.903 ] } },
{ "type": "Feature", "properties": { "interval_id": "120_150", "scenario_id": "rajendra_nagar_heavy_rain_demo", "start_min": 120, "end_min": 150, "duration_s": 1800, "drain_node_id": "RN_DNODE_00131", "outgoing_drain_id": "RN_DRAIN_00450", "total_q_m3s": 0.37719745426103346, "capacity_m3s": 0.30116185815577506, "overflow_q_m3s": 0.076035596105258396, "overflow_volume_m3": 136.86407298946511, "capacity_source": "synthetic_manning_scenario", "capacity_is_observed": 0, "source_type": "prototype_drainage_capacity_overflow" }, "geometry": { "type": "Point", "coordinates": [ 377087.791000000026543, 2045781.903 ] } },
{ "type": "Feature", "properties": { "interval_id": "120_150", "scenario_id": "rajendra_nagar_heavy_rain_demo", "start_min": 120, "end_min": 150, "duration_s": 1800, "drain_node_id": "RN_DNODE_00285", "outgoing_drain_id": "RN_DRAIN_00417", "total_q_m3s": 0.41616186239432762, "capacity_m3s": 0.30116185815577506, "overflow_q_m3s": 0.11500000423855256, "overflow_volume_m3": 207.00000762939459, "capacity_source": "synthetic_manning_scenario", "capacity_is_observed": 0, "source_type": "prototype_drainage_capacity_overflow" }, "geometry": { "type": "Point", "coordinates": [ 377387.791000000026543, 2045871.903 ] } },
{ "type": "Feature", "properties": { "interval_id": "120_150", "scenario_id": "rajendra_nagar_heavy_rain_demo", "start_min": 120, "end_min": 150, "duration_s": 1800, "drain_node_id": "RN_DNODE_00450", "outgoing_drain_id": "RN_DRAIN_00006", "total_q_m3s": 0.22642074901420006, "capacity_m3s": 0.096316987382127545, "overflow_q_m3s": 0.13010376163207252, "overflow_volume_m3": 234.18677093773053, "capacity_source": "synthetic_manning_scenario", "capacity_is_observed": 0, "source_type": "prototype_drainage_capacity_overflow" }, "geometry": { "type": "Point", "coordinates": [ 377927.791000000026543, 2046921.903 ] } },
{ "type": "Feature", "properties": { "interval_id": "120_150", "scenario_id": "rajendra_nagar_heavy_rain_demo", "start_min": 120, "end_min": 150, "duration_s": 1800, "drain_node_id": "RN_DNODE_00489", "outgoing_drain_id": "RN_DRAIN_00327", "total_q_m3s": 1.7371380902925957, "capacity_m3s": 0.52668488356746512, "overflow_q_m3s": 1.2104532067251306, "overflow_volume_m3": 2178.8157721052348, "capacity_source": "synthetic_manning_scenario", "capacity_is_observed": 0, "source_type": "prototype_drainage_capacity_overflow" }, "geometry": { "type": "Point", "coordinates": [ 378107.791000000026543, 2046141.903 ] } },
{ "type": "Feature", "properties": { "interval_id": "120_150", "scenario_id": "rajendra_nagar_heavy_rain_demo", "start_min": 120, "end_min": 150, "duration_s": 1800, "drain_node_id": "RN_DNODE_00112", "outgoing_drain_id": "RN_DRAIN_00226", "total_q_m3s": 0.92432700473624596, "capacity_m3s": 0.22629368210844161, "overflow_q_m3s": 0.69803332262780438, "overflow_volume_m3": 1256.4599807300478, "capacity_source": "synthetic_manning_scenario", "capacity_is_observed": 0, "source_type": "prototype_drainage_capacity_overflow" }, "geometry": { "type": "Point", "coordinates": [ 377027.791000000026543, 2046321.903 ] } },
{ "type": "Feature", "properties": { "interval_id": "120_150", "scenario_id": "rajendra_nagar_heavy_rain_demo", "start_min": 120, "end_min": 150, "duration_s": 1800, "drain_node_id": "RN_DNODE_00279", "outgoing_drain_id": "RN_DRAIN_00409", "total_q_m3s": 0.35075561091083418, "capacity_m3s": 0.30124813859248456, "overflow_q_m3s": 0.049507472318349621, "overflow_volume_m3": 89.113450173029321, "capacity_source": "synthetic_manning_scenario", "capacity_is_observed": 0, "source_type": "prototype_drainage_capacity_overflow" }, "geometry": { "type": "Point", "coordinates": [ 377357.791000000026543, 2045901.903 ] } },
{ "type": "Feature", "properties": { "interval_id": "120_150", "scenario_id": "rajendra_nagar_heavy_rain_demo", "start_min": 120, "end_min": 150, "duration_s": 1800, "drain_node_id": "RN_DNODE_00485", "outgoing_drain_id": "RN_DRAIN_00326", "total_q_m3s": 0.52668488356746512, "capacity_m3s": 0.30124813859248456, "overflow_q_m3s": 0.22543674497498056, "overflow_volume_m3": 405.78614095496499, "capacity_source": "synthetic_manning_scenario", "capacity_is_observed": 0, "source_type": "prototype_drainage_capacity_overflow" }, "geometry": { "type": "Point", "coordinates": [ 378077.791000000026543, 2046141.903 ] } },
{ "type": "Feature", "properties": { "interval_id": "120_150", "scenario_id": "rajendra_nagar_heavy_rain_demo", "start_min": 120, "end_min": 150, "duration_s": 1800, "drain_node_id": "RN_DNODE_00123", "outgoing_drain_id": "RN_DRAIN_00227", "total_q_m3s": 0.22629368210844161, "capacity_m3s": 0.19248944506420465, "overflow_q_m3s": 0.033804237044236962, "overflow_volume_m3": 60.847626679626529, "capacity_source": "synthetic_manning_scenario", "capacity_is_observed": 0, "source_type": "prototype_drainage_capacity_overflow" }, "geometry": { "type": "Point", "coordinates": [ 377057.791000000026543, 2046321.903 ] } },
{ "type": "Feature", "properties": { "interval_id": "120_150", "scenario_id": "rajendra_nagar_heavy_rain_demo", "start_min": 120, "end_min": 150, "duration_s": 1800, "drain_node_id": "RN_DNODE_00274", "outgoing_drain_id": "RN_DRAIN_00408", "total_q_m3s": 0.33862314049983322, "capacity_m3s": 0.3305358790663851, "overflow_q_m3s": 0.008087261433448123, "overflow_volume_m3": 14.557070580206622, "capacity_source": "synthetic_manning_scenario", "capacity_is_observed": 0, "source_type": "prototype_drainage_capacity_overflow" }, "geometry": { "type": "Point", "coordinates": [ 377327.791000000026543, 2045901.903 ] } },
{ "type": "Feature", "properties": { "interval_id": "120_150", "scenario_id": "rajendra_nagar_heavy_rain_demo", "start_min": 120, "end_min": 150, "duration_s": 1800, "drain_node_id": "RN_DNODE_00176", "outgoing_drain_id": "RN_DRAIN_00126", "total_q_m3s": 1.0343731650834378, "capacity_m3s": 0.22798288882636691, "overflow_q_m3s": 0.80639027625707094, "overflow_volume_m3": 1451.5024972627277, "capacity_source": "synthetic_manning_scenario", "capacity_is_observed": 0, "source_type": "prototype_drainage_capacity_overflow" }, "geometry": { "type": "Point", "coordinates": [ 377147.791000000026543, 2046561.903 ] } },
{ "type": "Feature", "properties": { "interval_id": "120_150", "scenario_id": "rajendra_nagar_heavy_rain_demo", "start_min": 120, "end_min": 150, "duration_s": 1800, "drain_node_id": "RN_DNODE_00459", "outgoing_drain_id": "RN_DRAIN_00311", "total_q_m3s": 0.62324815363934594, "capacity_m3s": 0.30124813859248456, "overflow_q_m3s": 0.32200001504686138, "overflow_volume_m3": 579.60002708435047, "capacity_source": "synthetic_manning_scenario", "capacity_is_observed": 0, "source_type": "prototype_drainage_capacity_overflow" }, "geometry": { "type": "Point", "coordinates": [ 377987.791000000026543, 2046171.903 ] } },
{ "type": "Feature", "properties": { "interval_id": "120_150", "scenario_id": "rajendra_nagar_heavy_rain_demo", "start_min": 120, "end_min": 150, "duration_s": 1800, "drain_node_id": "RN_DNODE_00210", "outgoing_drain_id": "RN_DRAIN_00381", "total_q_m3s": 0.70572899167264036, "capacity_m3s": 0.69327138773681873, "overflow_q_m3s": 0.012457603935821626, "overflow_volume_m3": 22.423687084478928, "capacity_source": "synthetic_manning_scenario", "capacity_is_observed": 0, "source_type": "prototype_drainage_capacity_overflow" }, "geometry": { "type": "Point", "coordinates": [ 377207.791000000026543, 2045961.903 ] } },
{ "type": "Feature", "properties": { "interval_id": "120_150", "scenario_id": "rajendra_nagar_heavy_rain_demo", "start_min": 120, "end_min": 150, "duration_s": 1800, "drain_node_id": "RN_DNODE_00447", "outgoing_drain_id": "RN_DRAIN_00309", "total_q_m3s": 0.57343817119398199, "capacity_m3s": 0.30116185815577506, "overflow_q_m3s": 0.27227631303820693, "overflow_volume_m3": 490.09736346877247, "capacity_source": "synthetic_manning_scenario", "capacity_is_observed": 0, "source_type": "prototype_drainage_capacity_overflow" }, "geometry": { "type": "Point", "coordinates": [ 377927.791000000026543, 2046171.903 ] } },
{ "type": "Feature", "properties": { "interval_id": "120_150", "scenario_id": "rajendra_nagar_heavy_rain_demo", "start_min": 120, "end_min": 150, "duration_s": 1800, "drain_node_id": "RN_DNODE_00439", "outgoing_drain_id": "RN_DRAIN_00323", "total_q_m3s": 0.87618977474868576, "capacity_m3s": 0.30124813859248456, "overflow_q_m3s": 0.5749416361562012, "overflow_volume_m3": 1034.8949450811622, "capacity_source": "synthetic_manning_scenario", "capacity_is_observed": 0, "source_type": "prototype_drainage_capacity_overflow" }, "geometry": { "type": "Point", "coordinates": [ 377897.791000000026543, 2046141.903 ] } },
{ "type": "Feature", "properties": { "interval_id": "120_150", "scenario_id": "rajendra_nagar_heavy_rain_demo", "start_min": 120, "end_min": 150, "duration_s": 1800, "drain_node_id": "RN_DNODE_00435", "outgoing_drain_id": "RN_DRAIN_00322", "total_q_m3s": 0.39684189304296469, "capacity_m3s": 0.30124813859248456, "overflow_q_m3s": 0.095593754450480128, "overflow_volume_m3": 172.06875801086423, "capacity_source": "synthetic_manning_scenario", "capacity_is_observed": 0, "source_type": "prototype_drainage_capacity_overflow" }, "geometry": { "type": "Point", "coordinates": [ 377867.791000000026543, 2046141.903 ] } },
{ "type": "Feature", "properties": { "interval_id": "120_150", "scenario_id": "rajendra_nagar_heavy_rain_demo", "start_min": 120, "end_min": 150, "duration_s": 1800, "drain_node_id": "RN_DNODE_00429", "outgoing_drain_id": "RN_DRAIN_00321", "total_q_m3s": 0.30124813859248456, "capacity_m3s": 0.30116185815577506, "overflow_q_m3s": 8.6280436709496033e-05, "overflow_volume_m3": 0.15530478607709286, "capacity_source": "synthetic_manning_scenario", "capacity_is_observed": 0, "source_type": "prototype_drainage_capacity_overflow" }, "geometry": { "type": "Point", "coordinates": [ 377837.791000000026543, 2046141.903 ] } },
{ "type": "Feature", "properties": { "interval_id": "120_150", "scenario_id": "rajendra_nagar_heavy_rain_demo", "start_min": 120, "end_min": 150, "duration_s": 1800, "drain_node_id": "RN_DNODE_00422", "outgoing_drain_id": "RN_DRAIN_00343", "total_q_m3s": 0.32416185900348554, "capacity_m3s": 0.30124813859248456, "overflow_q_m3s": 0.022913720411000982, "overflow_volume_m3": 41.244696739801768, "capacity_source": "synthetic_manning_scenario", "capacity_is_observed": 0, "source_type": "prototype_drainage_capacity_overflow" }, "geometry": { "type": "Point", "coordinates": [ 377807.791000000026543, 2046111.903 ] } },
{ "type": "Feature", "properties": { "interval_id": "120_150", "scenario_id": "rajendra_nagar_heavy_rain_demo", "start_min": 120, "end_min": 150, "duration_s": 1800, "drain_node_id": "RN_DNODE_00215", "outgoing_drain_id": "RN_DRAIN_00337", "total_q_m3s": 0.69327138773681873, "capacity_m3s": 0.69287421131479709, "overflow_q_m3s": 0.00039717642202163894, "overflow_volume_m3": 0.7149175596389501, "capacity_source": "synthetic_manning_scenario", "capacity_is_observed": 0, "source_type": "prototype_drainage_capacity_overflow" }, "geometry": { "type": "Point", "coordinates": [ 377207.791000000026543, 2046111.903 ] } },
{ "type": "Feature", "properties": { "interval_id": "120_150", "scenario_id": "rajendra_nagar_heavy_rain_demo", "start_min": 120, "end_min": 150, "duration_s": 1800, "drain_node_id": "RN_DNODE_00413", "outgoing_drain_id": "RN_DRAIN_00342", "total_q_m3s": 0.30124813859248456, "capacity_m3s": 0.30107555299333355, "overflow_q_m3s": 0.00017258559915100946, "overflow_volume_m3": 0.31065407847181703, "capacity_source": "synthetic_manning_scenario", "capacity_is_observed": 0, "source_type": "prototype_drainage_capacity_overflow" }, "geometry": { "type": "Point", "coordinates": [ 377777.791000000026543, 2046111.903 ] } },
{ "type": "Feature", "properties": { "interval_id": "120_150", "scenario_id": "rajendra_nagar_heavy_rain_demo", "start_min": 120, "end_min": 150, "duration_s": 1800, "drain_node_id": "RN_DNODE_00218", "outgoing_drain_id": "RN_DRAIN_00286", "total_q_m3s": 0.72771851161983192, "capacity_m3s": 0.69327138773681873, "overflow_q_m3s": 0.034447123883013187, "overflow_volume_m3": 62.004822989423737, "capacity_source": "synthetic_manning_scenario", "capacity_is_observed": 0, "source_type": "prototype_drainage_capacity_overflow" }, "geometry": { "type": "Point", "coordinates": [ 377207.791000000026543, 2046201.903 ] } },
{ "type": "Feature", "properties": { "interval_id": "120_150", "scenario_id": "rajendra_nagar_heavy_rain_demo", "start_min": 120, "end_min": 150, "duration_s": 1800, "drain_node_id": "RN_DNODE_00384", "outgoing_drain_id": "RN_DRAIN_00319", "total_q_m3s": 0.32745307732965351, "capacity_m3s": 0.30116185815577506, "overflow_q_m3s": 0.026291219173878444, "overflow_volume_m3": 47.324194512981201, "capacity_source": "synthetic_manning_scenario", "capacity_is_observed": 0, "source_type": "prototype_drainage_capacity_overflow" }, "geometry": { "type": "Point", "coordinates": [ 377687.791000000026543, 2046141.903 ] } },
{ "type": "Feature", "properties": { "interval_id": "120_150", "scenario_id": "rajendra_nagar_heavy_rain_demo", "start_min": 120, "end_min": 150, "duration_s": 1800, "drain_node_id": "RN_DNODE_00376", "outgoing_drain_id": "RN_DRAIN_00304", "total_q_m3s": 0.36045364276646435, "capacity_m3s": 0.30116185815577506, "overflow_q_m3s": 0.059291784610689291, "overflow_volume_m3": 106.72521229924072, "capacity_source": "synthetic_manning_scenario", "capacity_is_observed": 0, "source_type": "prototype_drainage_capacity_overflow" }, "geometry": { "type": "Point", "coordinates": [ 377657.791000000026543, 2046171.903 ] } },
{ "type": "Feature", "properties": { "interval_id": "120_150", "scenario_id": "rajendra_nagar_heavy_rain_demo", "start_min": 120, "end_min": 150, "duration_s": 1800, "drain_node_id": "RN_DNODE_00221", "outgoing_drain_id": "RN_DRAIN_00247", "total_q_m3s": 0.69327138773681873, "capacity_m3s": 0.69307282797684278, "overflow_q_m3s": 0.00019855975997595809, "overflow_volume_m3": 0.35740756795672457, "capacity_source": "synthetic_manning_scenario", "capacity_is_observed": 0, "source_type": "prototype_drainage_capacity_overflow" }, "geometry": { "type": "Point", "coordinates": [ 377207.791000000026543, 2046291.903 ] } },
{ "type": "Feature", "properties": { "interval_id": "120_150", "scenario_id": "rajendra_nagar_heavy_rain_demo", "start_min": 120, "end_min": 150, "duration_s": 1800, "drain_node_id": "RN_DNODE_00364", "outgoing_drain_id": "RN_DRAIN_00277", "total_q_m3s": 1.5374119037202147, "capacity_m3s": 0.30116185815577506, "overflow_q_m3s": 1.2362500455644396, "overflow_volume_m3": 2225.2500820159912, "capacity_source": "synthetic_manning_scenario", "capacity_is_observed": 0, "source_type": "prototype_drainage_capacity_overflow" }, "geometry": { "type": "Point", "coordinates": [ 377597.791000000026543, 2046231.903 ] } },
{ "type": "Feature", "properties": { "interval_id": "120_150", "scenario_id": "rajendra_nagar_heavy_rain_demo", "start_min": 120, "end_min": 150, "duration_s": 1800, "drain_node_id": "RN_DNODE_00196", "outgoing_drain_id": "RN_DRAIN_00204", "total_q_m3s": 0.9207810247364685, "capacity_m3s": 0.69327138773681873, "overflow_q_m3s": 0.22750963699964977, "overflow_volume_m3": 409.5173465993696, "capacity_source": "synthetic_manning_scenario", "capacity_is_observed": 0, "source_type": "prototype_drainage_capacity_overflow" }, "geometry": { "type": "Point", "coordinates": [ 377177.791000000026543, 2046381.903 ] } },
{ "type": "Feature", "properties": { "interval_id": "120_150", "scenario_id": "rajendra_nagar_heavy_rain_demo", "start_min": 120, "end_min": 150, "duration_s": 1800, "drain_node_id": "RN_DNODE_00343", "outgoing_drain_id": "RN_DRAIN_00234", "total_q_m3s": 0.39122864792275425, "capacity_m3s": 0.30116185815577506, "overflow_q_m3s": 0.090066789766979183, "overflow_volume_m3": 162.12022158056254, "capacity_source": "synthetic_manning_scenario", "capacity_is_observed": 0, "source_type": "prototype_drainage_capacity_overflow" }, "geometry": { "type": "Point", "coordinates": [ 377507.791000000026543, 2046321.903 ] } },
{ "type": "Feature", "properties": { "interval_id": "120_150", "scenario_id": "rajendra_nagar_heavy_rain_demo", "start_min": 120, "end_min": 150, "duration_s": 1800, "drain_node_id": "RN_DNODE_00197", "outgoing_drain_id": "RN_DRAIN_00191", "total_q_m3s": 4.3553026981361924, "capacity_m3s": 0.69287421131479709, "overflow_q_m3s": 3.6624284868213954, "overflow_volume_m3": 6592.3712762785117, "capacity_source": "synthetic_manning_scenario", "capacity_is_observed": 0, "source_type": "prototype_drainage_capacity_overflow" }, "geometry": { "type": "Point", "coordinates": [ 377177.791000000026543, 2046411.903 ] } },
{ "type": "Feature", "properties": { "interval_id": "120_150", "scenario_id": "rajendra_nagar_heavy_rain_demo", "start_min": 120, "end_min": 150, "duration_s": 1800, "drain_node_id": "RN_DNODE_00199", "outgoing_drain_id": "RN_DRAIN_00164", "total_q_m3s": 0.70509296216250761, "capacity_m3s": 0.69327138773681873, "overflow_q_m3s": 0.011821574425688874, "overflow_volume_m3": 21.278833966239972, "capacity_source": "synthetic_manning_scenario", "capacity_is_observed": 0, "source_type": "prototype_drainage_capacity_overflow" }, "geometry": { "type": "Point", "coordinates": [ 377177.791000000026543, 2046471.903 ] } },
{ "type": "Feature", "properties": { "interval_id": "120_150", "scenario_id": "rajendra_nagar_heavy_rain_demo", "start_min": 120, "end_min": 150, "duration_s": 1800, "drain_node_id": "RN_DNODE_00318", "outgoing_drain_id": "RN_DRAIN_00194", "total_q_m3s": 0.98591440622798909, "capacity_m3s": 0.30116185815577506, "overflow_q_m3s": 0.68475254807221408, "overflow_volume_m3": 1232.5545865299853, "capacity_source": "synthetic_manning_scenario", "capacity_is_observed": 0, "source_type": "prototype_drainage_capacity_overflow" }, "geometry": { "type": "Point", "coordinates": [ 377447.791000000026543, 2046411.903 ] } },
{ "type": "Feature", "properties": { "interval_id": "120_150", "scenario_id": "rajendra_nagar_heavy_rain_demo", "start_min": 120, "end_min": 150, "duration_s": 1800, "drain_node_id": "RN_DNODE_00301", "outgoing_drain_id": "RN_DRAIN_00181", "total_q_m3s": 0.33601614107104333, "capacity_m3s": 0.30124813859248456, "overflow_q_m3s": 0.034768002478558768, "overflow_volume_m3": 62.58240446140578, "capacity_source": "synthetic_manning_scenario", "capacity_is_observed": 0, "source_type": "prototype_drainage_capacity_overflow" }, "geometry": { "type": "Point", "coordinates": [ 377417.791000000026543, 2046441.903 ] } },
{ "type": "Feature", "properties": { "interval_id": "120_150", "scenario_id": "rajendra_nagar_heavy_rain_demo", "start_min": 120, "end_min": 150, "duration_s": 1800, "drain_node_id": "RN_DNODE_00201", "outgoing_drain_id": "RN_DRAIN_00140", "total_q_m3s": 0.72811568804185356, "capacity_m3s": 0.69307282797684278, "overflow_q_m3s": 0.035042860065010784, "overflow_volume_m3": 63.077148117019412, "capacity_source": "synthetic_manning_scenario", "capacity_is_observed": 0, "source_type": "prototype_drainage_capacity_overflow" }, "geometry": { "type": "Point", "coordinates": [ 377177.791000000026543, 2046531.903 ] } },
{ "type": "Feature", "properties": { "interval_id": "120_150", "scenario_id": "rajendra_nagar_heavy_rain_demo", "start_min": 120, "end_min": 150, "duration_s": 1800, "drain_node_id": "RN_DNODE_00302", "outgoing_drain_id": "RN_DRAIN_00167", "total_q_m3s": 0.33609243889751939, "capacity_m3s": 0.30124813859248456, "overflow_q_m3s": 0.034844300305034825, "overflow_volume_m3": 62.719740549062685, "capacity_source": "synthetic_manning_scenario", "capacity_is_observed": 0, "source_type": "prototype_drainage_capacity_overflow" }, "geometry": { "type": "Point", "coordinates": [ 377417.791000000026543, 2046471.903 ] } },
{ "type": "Feature", "properties": { "interval_id": "120_150", "scenario_id": "rajendra_nagar_heavy_rain_demo", "start_min": 120, "end_min": 150, "duration_s": 1800, "drain_node_id": "RN_DNODE_00228", "outgoing_drain_id": "RN_DRAIN_00128", "total_q_m3s": 0.92105571680320963, "capacity_m3s": 0.69327138773681873, "overflow_q_m3s": 0.2277843290663909, "overflow_volume_m3": 410.01179231950363, "capacity_source": "synthetic_manning_scenario", "capacity_is_observed": 0, "source_type": "prototype_drainage_capacity_overflow" }, "geometry": { "type": "Point", "coordinates": [ 377207.791000000026543, 2046561.903 ] } },
{ "type": "Feature", "properties": { "interval_id": "120_150", "scenario_id": "rajendra_nagar_heavy_rain_demo", "start_min": 120, "end_min": 150, "duration_s": 1800, "drain_node_id": "RN_DNODE_00229", "outgoing_drain_id": "RN_DRAIN_00114", "total_q_m3s": 0.69327138773681873, "capacity_m3s": 0.69307282797684278, "overflow_q_m3s": 0.00019855975997595809, "overflow_volume_m3": 0.35740756795672457, "capacity_source": "synthetic_manning_scenario", "capacity_is_observed": 0, "source_type": "prototype_drainage_capacity_overflow" }, "geometry": { "type": "Point", "coordinates": [ 377207.791000000026543, 2046591.903 ] } },
{ "type": "Feature", "properties": { "interval_id": "120_150", "scenario_id": "rajendra_nagar_heavy_rain_demo", "start_min": 120, "end_min": 150, "duration_s": 1800, "drain_node_id": "RN_DNODE_00335", "outgoing_drain_id": "RN_DRAIN_00097", "total_q_m3s": 0.69020098552961739, "capacity_m3s": 0.30124813859248456, "overflow_q_m3s": 0.38895284693713283, "overflow_volume_m3": 700.11512448683914, "capacity_source": "synthetic_manning_scenario", "capacity_is_observed": 0, "source_type": "prototype_drainage_capacity_overflow" }, "geometry": { "type": "Point", "coordinates": [ 377477.791000000026543, 2046621.903 ] } },
{ "type": "Feature", "properties": { "interval_id": "120_150", "scenario_id": "rajendra_nagar_heavy_rain_demo", "start_min": 120, "end_min": 150, "duration_s": 1800, "drain_node_id": "RN_DNODE_00337", "outgoing_drain_id": "RN_DRAIN_00068", "total_q_m3s": 0.30124813859248456, "capacity_m3s": 0.30116185815577506, "overflow_q_m3s": 8.6280436709496033e-05, "overflow_volume_m3": 0.15530478607709286, "capacity_source": "synthetic_manning_scenario", "capacity_is_observed": 0, "source_type": "prototype_drainage_capacity_overflow" }, "geometry": { "type": "Point", "coordinates": [ 377477.791000000026543, 2046681.903 ] } },
{ "type": "Feature", "properties": { "interval_id": "120_150", "scenario_id": "rajendra_nagar_heavy_rain_demo", "start_min": 120, "end_min": 150, "duration_s": 1800, "drain_node_id": "RN_DNODE_00292", "outgoing_drain_id": "RN_DRAIN_00026", "total_q_m3s": 0.30116185815577506, "capacity_m3s": 0.22798288882636691, "overflow_q_m3s": 0.07317896932940815, "overflow_volume_m3": 131.72214479293467, "capacity_source": "synthetic_manning_scenario", "capacity_is_observed": 0, "source_type": "prototype_drainage_capacity_overflow" }, "geometry": { "type": "Point", "coordinates": [ 377387.791000000026543, 2046831.903 ] } },
{ "type": "Feature", "properties": { "interval_id": "120_150", "scenario_id": "rajendra_nagar_heavy_rain_demo", "start_min": 120, "end_min": 150, "duration_s": 1800, "drain_node_id": "RN_DNODE_00283", "outgoing_drain_id": "RN_DRAIN_00012", "total_q_m3s": 0.92105571680320963, "capacity_m3s": 0.69307282797684278, "overflow_q_m3s": 0.22798288882636686, "overflow_volume_m3": 410.36919988746035, "capacity_source": "synthetic_manning_scenario", "capacity_is_observed": 0, "source_type": "prototype_drainage_capacity_overflow" }, "geometry": { "type": "Point", "coordinates": [ 377357.791000000026543, 2046861.903 ] } },
{ "type": "Feature", "properties": { "interval_id": "150_180", "scenario_id": "rajendra_nagar_heavy_rain_demo", "start_min": 150, "end_min": 180, "duration_s": 1800, "drain_node_id": "RN_DNODE_00441", "outgoing_drain_id": "RN_DRAIN_00005", "total_q_m3s": 0.028875001271565757, "capacity_m3s": 0.02637752433631995, "overflow_q_m3s": 0.0024974769352458064, "overflow_volume_m3": 4.4954584834424516, "capacity_source": "synthetic_manning_scenario", "capacity_is_observed": 0, "source_type": "prototype_drainage_capacity_overflow" }, "geometry": { "type": "Point", "coordinates": [ 377897.791000000026543, 2046921.903 ] } },
{ "type": "Feature", "properties": { "interval_id": "150_180", "scenario_id": "rajendra_nagar_heavy_rain_demo", "start_min": 150, "end_min": 180, "duration_s": 1800, "drain_node_id": "RN_DNODE_00415", "outgoing_drain_id": "RN_DRAIN_00069", "total_q_m3s": 0.21393750720553928, "capacity_m3s": 0.13572767824149176, "overflow_q_m3s": 0.078209828964047517, "overflow_volume_m3": 140.77769213528552, "capacity_source": "synthetic_manning_scenario", "capacity_is_observed": 0, "source_type": "prototype_drainage_capacity_overflow" }, "geometry": { "type": "Point", "coordinates": [ 377777.791000000026543, 2046681.903 ] } },
{ "type": "Feature", "properties": { "interval_id": "150_180", "scenario_id": "rajendra_nagar_heavy_rain_demo", "start_min": 150, "end_min": 180, "duration_s": 1800, "drain_node_id": "RN_DNODE_00437", "outgoing_drain_id": "RN_DRAIN_00172", "total_q_m3s": 0.21787500805324977, "capacity_m3s": 0.051588126028988532, "overflow_q_m3s": 0.16628688202426123, "overflow_volume_m3": 299.31638764367023, "capacity_source": "synthetic_manning_scenario", "capacity_is_observed": 0, "source_type": "prototype_drainage_capacity_overflow" }, "geometry": { "type": "Point", "coordinates": [ 377867.791000000026543, 2046471.903 ] } },
{ "type": "Feature", "properties": { "interval_id": "150_180", "scenario_id": "rajendra_nagar_heavy_rain_demo", "start_min": 150, "end_min": 180, "duration_s": 1800, "drain_node_id": "RN_DNODE_00071", "outgoing_drain_id": "RN_DRAIN_00174", "total_q_m3s": 0.14656250476837157, "capacity_m3s": 0.14154681932172938, "overflow_q_m3s": 0.0050156854466421874, "overflow_volume_m3": 9.0282338039559367, "capacity_source": "synthetic_manning_scenario", "capacity_is_observed": 0, "source_type": "prototype_drainage_capacity_overflow" }, "geometry": { "type": "Point", "coordinates": [ 376877.791000000026543, 2046441.903 ] } },
{ "type": "Feature", "properties": { "interval_id": "150_180", "scenario_id": "rajendra_nagar_heavy_rain_demo", "start_min": 150, "end_min": 180, "duration_s": 1800, "drain_node_id": "RN_DNODE_00299", "outgoing_drain_id": "RN_DRAIN_00206", "total_q_m3s": 0.030187501377529569, "capacity_m3s": 0.02637752433631995, "overflow_q_m3s": 0.0038099770412096182, "overflow_volume_m3": 6.8579586741773131, "capacity_source": "synthetic_manning_scenario", "capacity_is_observed": 0, "source_type": "prototype_drainage_capacity_overflow" }, "geometry": { "type": "Point", "coordinates": [ 377417.791000000026543, 2046381.903 ] } },
{ "type": "Feature", "properties": { "interval_id": "150_180", "scenario_id": "rajendra_nagar_heavy_rain_demo", "start_min": 150, "end_min": 180, "duration_s": 1800, "drain_node_id": "RN_DNODE_00359", "outgoing_drain_id": "RN_DRAIN_00208", "total_q_m3s": 0.1601250065697564, "capacity_m3s": 0.090066789766979211, "overflow_q_m3s": 0.070058216802777185, "overflow_volume_m3": 126.10479024499894, "capacity_source": "synthetic_manning_scenario", "capacity_is_observed": 0, "source_type": "prototype_drainage_capacity_overflow" }, "geometry": { "type": "Point", "coordinates": [ 377567.791000000026543, 2046381.903 ] } },
{ "type": "Feature", "properties": { "interval_id": "150_180", "scenario_id": "rajendra_nagar_heavy_rain_demo", "start_min": 150, "end_min": 180, "duration_s": 1800, "drain_node_id": "RN_DNODE_00546", "outgoing_drain_id": "RN_DRAIN_00219", "total_q_m3s": 0.19775000360276965, "capacity_m3s": 0.07396532506289491, "overflow_q_m3s": 0.12378467853987474, "overflow_volume_m3": 222.81242137177452, "capacity_source": "synthetic_manning_scenario", "capacity_is_observed": 0, "source_type": "prototype_drainage_capacity_overflow" }, "geometry": { "type": "Point", "coordinates": [ 378437.791000000026543, 2046351.903 ] } },
{ "type": "Feature", "properties": { "interval_id": "150_180", "scenario_id": "rajendra_nagar_heavy_rain_demo", "start_min": 150, "end_min": 180, "duration_s": 1800, "drain_node_id": "RN_DNODE_00022", "outgoing_drain_id": "RN_DRAIN_00221", "total_q_m3s": 0.037625001801384818, "capacity_m3s": 0.034854282915268278, "overflow_q_m3s": 0.0027707188861165397, "overflow_volume_m3": 4.9872939950097717, "capacity_source": "synthetic_manning_scenario", "capacity_is_observed": 0, "source_type": "prototype_drainage_capacity_overflow" }, "geometry": { "type": "Point", "coordinates": [ 376667.791000000026543, 2046321.903 ] } },
{ "type": "Feature", "properties": { "interval_id": "150_180", "scenario_id": "rajendra_nagar_heavy_rain_demo", "start_min": 150, "end_min": 180, "duration_s": 1800, "drain_node_id": "RN_DNODE_00396", "outgoing_drain_id": "RN_DRAIN_00291", "total_q_m3s": 0.3355625131395128, "capacity_m3s": 0.1120128954947173, "overflow_q_m3s": 0.2235496176447955, "overflow_volume_m3": 402.38931176063193, "capacity_source": "synthetic_manning_scenario", "capacity_is_observed": 0, "source_type": "prototype_drainage_capacity_overflow" }, "geometry": { "type": "Point", "coordinates": [ 377717.791000000026543, 2046201.903 ] } },
{ "type": "Feature", "properties": { "interval_id": "150_180", "scenario_id": "rajendra_nagar_heavy_rain_demo", "start_min": 150, "end_min": 180, "duration_s": 1800, "drain_node_id": "RN_DNODE_00448", "outgoing_drain_id": "RN_DRAIN_00292", "total_q_m3s": 0.04506250116560194, "capacity_m3s": 0.02637752433631995, "overflow_q_m3s": 0.018684976829281989, "overflow_volume_m3": 33.632958292707578, "capacity_source": "synthetic_manning_scenario", "capacity_is_observed": 0, "source_type": "prototype_drainage_capacity_overflow" }, "geometry": { "type": "Point", "coordinates": [ 377927.791000000026543, 2046201.903 ] } },
{ "type": "Feature", "properties": { "interval_id": "150_180", "scenario_id": "rajendra_nagar_heavy_rain_demo", "start_min": 150, "end_min": 180, "duration_s": 1800, "drain_node_id": "RN_DNODE_00298", "outgoing_drain_id": "RN_DRAIN_00393", "total_q_m3s": 0.22312501059638129, "capacity_m3s": 0.098037845430339166, "overflow_q_m3s": 0.12508716516604212, "overflow_volume_m3": 225.15689729887583, "capacity_source": "synthetic_manning_scenario", "capacity_is_observed": 0, "source_type": "prototype_drainage_capacity_overflow" }, "geometry": { "type": "Point", "coordinates": [ 377417.791000000026543, 2045931.903 ] } },
{ "type": "Feature", "properties": { "interval_id": "150_180", "scenario_id": "rajendra_nagar_heavy_rain_demo", "start_min": 150, "end_min": 180, "duration_s": 1800, "drain_node_id": "RN_DNODE_00518", "outgoing_drain_id": "RN_DRAIN_00395", "total_q_m3s": 0.29925000667572021, "capacity_m3s": 0.14778712746867345, "overflow_q_m3s": 0.15146287920704676, "overflow_volume_m3": 272.63318257268418, "capacity_source": "synthetic_manning_scenario", "capacity_is_observed": 0, "source_type": "prototype_drainage_capacity_overflow" }, "geometry": { "type": "Point", "coordinates": [ 378317.791000000026543, 2045931.903 ] } },
{ "type": "Feature", "properties": { "interval_id": "150_180", "scenario_id": "rajendra_nagar_heavy_rain_demo", "start_min": 150, "end_min": 180, "duration_s": 1800, "drain_node_id": "RN_DNODE_00329", "outgoing_drain_id": "RN_DRAIN_00453", "total_q_m3s": 0.22706251038445366, "capacity_m3s": 0.02637752433631995, "overflow_q_m3s": 0.2006849860481337, "overflow_volume_m3": 361.23297488664065, "capacity_source": "synthetic_manning_scenario", "capacity_is_observed": 0, "source_type": "prototype_drainage_capacity_overflow" }, "geometry": { "type": "Point", "coordinates": [ 377477.791000000026543, 2045781.903 ] } },
{ "type": "Feature", "properties": { "interval_id": "150_180", "scenario_id": "rajendra_nagar_heavy_rain_demo", "start_min": 150, "end_min": 180, "duration_s": 1800, "drain_node_id": "RN_DNODE_00392", "outgoing_drain_id": "RN_DRAIN_00466", "total_q_m3s": 0.077000001801384818, "capacity_m3s": 0.034844300305034812, "overflow_q_m3s": 0.042155701496350007, "overflow_volume_m3": 75.880262693430012, "capacity_source": "synthetic_manning_scenario", "capacity_is_observed": 0, "source_type": "prototype_drainage_capacity_overflow" }, "geometry": { "type": "Point", "coordinates": [ 377717.791000000026543, 2045751.903 ] } },
{ "type": "Feature", "properties": { "interval_id": "150_180", "scenario_id": "rajendra_nagar_heavy_rain_demo", "start_min": 150, "end_min": 180, "duration_s": 1800, "drain_node_id": "RN_DNODE_00340", "outgoing_drain_id": "RN_DRAIN_00531", "total_q_m3s": 0.042875001695421008, "capacity_m3s": 0.034854282915268278, "overflow_q_m3s": 0.0080207187801527302, "overflow_volume_m3": 14.437293804274914, "capacity_source": "synthetic_manning_scenario", "capacity_is_observed": 0, "source_type": "prototype_drainage_capacity_overflow" }, "geometry": { "type": "Point", "coordinates": [ 377507.791000000026543, 2045571.903 ] } },
{ "type": "Feature", "properties": { "interval_id": "150_180", "scenario_id": "rajendra_nagar_heavy_rain_demo", "start_min": 150, "end_min": 180, "duration_s": 1800, "drain_node_id": "RN_DNODE_00418", "outgoing_drain_id": "RN_DRAIN_00043", "total_q_m3s": 0.099750001695421003, "capacity_m3s": 0.034844300305034812, "overflow_q_m3s": 0.064905701390386192, "overflow_volume_m3": 116.83026250269515, "capacity_source": "synthetic_manning_scenario", "capacity_is_observed": 0, "source_type": "prototype_drainage_capacity_overflow" }, "geometry": { "type": "Point", "coordinates": [ 377777.791000000026543, 2046771.903 ] } },
{ "type": "Feature", "properties": { "interval_id": "150_180", "scenario_id": "rajendra_nagar_heavy_rain_demo", "start_min": 150, "end_min": 180, "duration_s": 1800, "drain_node_id": "RN_DNODE_00486", "outgoing_drain_id": "RN_DRAIN_00209", "total_q_m3s": 0.24062501006656223, "capacity_m3s": 0.034844300305034812, "overflow_q_m3s": 0.2057807097615274, "overflow_volume_m3": 370.40527757074932, "capacity_source": "synthetic_manning_scenario", "capacity_is_observed": 0, "source_type": "prototype_drainage_capacity_overflow" }, "geometry": { "type": "Point", "coordinates": [ 378077.791000000026543, 2046381.903 ] } },
{ "type": "Feature", "properties": { "interval_id": "150_180", "scenario_id": "rajendra_nagar_heavy_rain_demo", "start_min": 150, "end_min": 180, "duration_s": 1800, "drain_node_id": "RN_DNODE_00543", "outgoing_drain_id": "RN_DRAIN_00237", "total_q_m3s": 0.07396532506289491, "capacity_m3s": 0.034854282915268278, "overflow_q_m3s": 0.039111042147626632, "overflow_volume_m3": 70.399875865727935, "capacity_source": "synthetic_manning_scenario", "capacity_is_observed": 0, "source_type": "prototype_drainage_capacity_overflow" }, "geometry": { "type": "Point", "coordinates": [ 378407.791000000026543, 2046321.903 ] } },
{ "type": "Feature", "properties": { "interval_id": "150_180", "scenario_id": "rajendra_nagar_heavy_rain_demo", "start_min": 150, "end_min": 180, "duration_s": 1800, "drain_node_id": "RN_DNODE_00385", "outgoing_drain_id": "RN_DRAIN_00305", "total_q_m3s": 0.1120128954947173, "capacity_m3s": 0.034854282915268278, "overflow_q_m3s": 0.077158612579449018, "overflow_volume_m3": 138.88550264300824, "capacity_source": "synthetic_manning_scenario", "capacity_is_observed": 0, "source_type": "prototype_drainage_capacity_overflow" }, "geometry": { "type": "Point", "coordinates": [ 377687.791000000026543, 2046171.903 ] } },
{ "type": "Feature", "properties": { "interval_id": "150_180", "scenario_id": "rajendra_nagar_heavy_rain_demo", "start_min": 150, "end_min": 180, "duration_s": 1800, "drain_node_id": "RN_DNODE_00522", "outgoing_drain_id": "RN_DRAIN_00334", "total_q_m3s": 0.068687500953674319, "capacity_m3s": 0.02637752433631995, "overflow_q_m3s": 0.042309976617354368, "overflow_volume_m3": 76.157957911237858, "capacity_source": "synthetic_manning_scenario", "capacity_is_observed": 0, "source_type": "prototype_drainage_capacity_overflow" }, "geometry": { "type": "Point", "coordinates": [ 378317.791000000026543, 2046141.903 ] } },
{ "type": "Feature", "properties": { "interval_id": "150_180", "scenario_id": "rajendra_nagar_heavy_rain_demo", "start_min": 150, "end_min": 180, "duration_s": 1800, "drain_node_id": "RN_DNODE_00468", "outgoing_drain_id": "RN_DRAIN_00394", "total_q_m3s": 0.33862500561608211, "capacity_m3s": 0.18293911365381266, "overflow_q_m3s": 0.15568589196226945, "overflow_volume_m3": 280.23460553208503, "capacity_source": "synthetic_manning_scenario", "capacity_is_observed": 0, "source_type": "prototype_drainage_capacity_overflow" }, "geometry": { "type": "Point", "coordinates": [ 378017.791000000026543, 2045931.903 ] } },
{ "type": "Feature", "properties": { "interval_id": "150_180", "scenario_id": "rajendra_nagar_heavy_rain_demo", "start_min": 150, "end_min": 180, "duration_s": 1800, "drain_node_id": "RN_DNODE_00427", "outgoing_drain_id": "RN_DRAIN_00457", "total_q_m3s": 0.25725000540415444, "capacity_m3s": 0.034844300305034812, "overflow_q_m3s": 0.22240570509911961, "overflow_volume_m3": 400.33026917841528, "capacity_source": "synthetic_manning_scenario", "capacity_is_observed": 0, "source_type": "prototype_drainage_capacity_overflow" }, "geometry": { "type": "Point", "coordinates": [ 377837.791000000026543, 2045781.903 ] } },
{ "type": "Feature", "properties": { "interval_id": "150_180", "scenario_id": "rajendra_nagar_heavy_rain_demo", "start_min": 150, "end_min": 180, "duration_s": 1800, "drain_node_id": "RN_DNODE_00408", "outgoing_drain_id": "RN_DRAIN_00035", "total_q_m3s": 0.087344301894492007, "capacity_m3s": 0.034844300305034812, "overflow_q_m3s": 0.052500001589457196, "overflow_volume_m3": 94.500002861022949, "capacity_source": "synthetic_manning_scenario", "capacity_is_observed": 0, "source_type": "prototype_drainage_capacity_overflow" }, "geometry": { "type": "Point", "coordinates": [ 377747.791000000026543, 2046801.903 ] } },
{ "type": "Feature", "properties": { "interval_id": "150_180", "scenario_id": "rajendra_nagar_heavy_rain_demo", "start_min": 150, "end_min": 180, "duration_s": 1800, "drain_node_id": "RN_DNODE_00423", "outgoing_drain_id": "RN_DRAIN_00183", "total_q_m3s": 0.15221313026754105, "capacity_m3s": 0.048322011957489273, "overflow_q_m3s": 0.10389111831005177, "overflow_volume_m3": 187.00401295809317, "capacity_source": "synthetic_manning_scenario", "capacity_is_observed": 0, "source_type": "prototype_drainage_capacity_overflow" }, "geometry": { "type": "Point", "coordinates": [ 377807.791000000026543, 2046441.903 ] } },
{ "type": "Feature", "properties": { "interval_id": "150_180", "scenario_id": "rajendra_nagar_heavy_rain_demo", "start_min": 150, "end_min": 180, "duration_s": 1800, "drain_node_id": "RN_DNODE_00477", "outgoing_drain_id": "RN_DRAIN_00195", "total_q_m3s": 0.057594301258709124, "capacity_m3s": 0.034854282915268278, "overflow_q_m3s": 0.022740018343440846, "overflow_volume_m3": 40.932033018193522, "capacity_source": "synthetic_manning_scenario", "capacity_is_observed": 0, "source_type": "prototype_drainage_capacity_overflow" }, "geometry": { "type": "Point", "coordinates": [ 378047.791000000026543, 2046411.903 ] } },
{ "type": "Feature", "properties": { "interval_id": "150_180", "scenario_id": "rajendra_nagar_heavy_rain_demo", "start_min": 150, "end_min": 180, "duration_s": 1800, "drain_node_id": "RN_DNODE_00007", "outgoing_drain_id": "RN_DRAIN_00199", "total_q_m3s": 0.066937501695421009, "capacity_m3s": 0.034854282915268278, "overflow_q_m3s": 0.032083218780152731, "overflow_volume_m3": 57.749793804274915, "capacity_source": "synthetic_manning_scenario", "capacity_is_observed": 0, "source_type": "prototype_drainage_capacity_overflow" }, "geometry": { "type": "Point", "coordinates": [ 376547.791000000026543, 2046381.903 ] } },
{ "type": "Feature", "properties": { "interval_id": "150_180", "scenario_id": "rajendra_nagar_heavy_rain_demo", "start_min": 150, "end_min": 180, "duration_s": 1800, "drain_node_id": "RN_DNODE_00469", "outgoing_drain_id": "RN_DRAIN_00383", "total_q_m3s": 0.22012661577308892, "capacity_m3s": 0.13538121427716859, "overflow_q_m3s": 0.084745401495920331, "overflow_volume_m3": 152.54172269265661, "capacity_source": "synthetic_manning_scenario", "capacity_is_observed": 0, "source_type": "prototype_drainage_capacity_overflow" }, "geometry": { "type": "Point", "coordinates": [ 378017.791000000026543, 2045961.903 ] } },
{ "type": "Feature", "properties": { "interval_id": "150_180", "scenario_id": "rajendra_nagar_heavy_rain_demo", "start_min": 150, "end_min": 180, "duration_s": 1800, "drain_node_id": "RN_DNODE_00032", "outgoing_drain_id": "RN_DRAIN_00072", "total_q_m3s": 0.14612500349680585, "capacity_m3s": 0.12723324562335805, "overflow_q_m3s": 0.018891757873447795, "overflow_volume_m3": 34.00516417220603, "capacity_source": "synthetic_manning_scenario", "capacity_is_observed": 0, "source_type": "prototype_drainage_capacity_overflow" }, "geometry": { "type": "Point", "coordinates": [ 376727.791000000026543, 2046651.903 ] } },
{ "type": "Feature", "properties": { "interval_id": "150_180", "scenario_id": "rajendra_nagar_heavy_rain_demo", "start_min": 150, "end_min": 180, "duration_s": 1800, "drain_node_id": "RN_DNODE_00011", "outgoing_drain_id": "RN_DRAIN_00151", "total_q_m3s": 0.11331250402662489, "capacity_m3s": 0.034854282915268278, "overflow_q_m3s": 0.078458221111356613, "overflow_volume_m3": 141.22479800044189, "capacity_source": "synthetic_manning_scenario", "capacity_is_observed": 0, "source_type": "prototype_drainage_capacity_overflow" }, "geometry": { "type": "Point", "coordinates": [ 376577.791000000026543, 2046501.903 ] } },
{ "type": "Feature", "properties": { "interval_id": "150_180", "scenario_id": "rajendra_nagar_heavy_rain_demo", "start_min": 150, "end_min": 180, "duration_s": 1800, "drain_node_id": "RN_DNODE_00096", "outgoing_drain_id": "RN_DRAIN_00186", "total_q_m3s": 0.29860932546763053, "capacity_m3s": 0.151090496238554, "overflow_q_m3s": 0.14751882922907653, "overflow_volume_m3": 265.53389261233775, "capacity_source": "synthetic_manning_scenario", "capacity_is_observed": 0, "source_type": "prototype_drainage_capacity_overflow" }, "geometry": { "type": "Point", "coordinates": [ 376967.791000000026543, 2046411.903 ] } },
{ "type": "Feature", "properties": { "interval_id": "150_180", "scenario_id": "rajendra_nagar_heavy_rain_demo", "start_min": 150, "end_min": 180, "duration_s": 1800, "drain_node_id": "RN_DNODE_00478", "outgoing_drain_id": "RN_DRAIN_00185", "total_q_m3s": 0.058041783551051156, "capacity_m3s": 0.034854282915268278, "overflow_q_m3s": 0.023187500635782878, "overflow_volume_m3": 41.73750114440918, "capacity_source": "synthetic_manning_scenario", "capacity_is_observed": 0, "source_type": "prototype_drainage_capacity_overflow" }, "geometry": { "type": "Point", "coordinates": [ 378047.791000000026543, 2046441.903 ] } },
{ "type": "Feature", "properties": { "interval_id": "150_180", "scenario_id": "rajendra_nagar_heavy_rain_demo", "start_min": 150, "end_min": 180, "duration_s": 1800, "drain_node_id": "RN_DNODE_00010", "outgoing_drain_id": "RN_DRAIN_00200", "total_q_m3s": 0.072479284716653103, "capacity_m3s": 0.034844300305034812, "overflow_q_m3s": 0.037634984411618291, "overflow_volume_m3": 67.742971940912923, "capacity_source": "synthetic_manning_scenario", "capacity_is_observed": 0, "source_type": "prototype_drainage_capacity_overflow" }, "geometry": { "type": "Point", "coordinates": [ 376577.791000000026543, 2046381.903 ] } },
{ "type": "Feature", "properties": { "interval_id": "150_180", "scenario_id": "rajendra_nagar_heavy_rain_demo", "start_min": 150, "end_min": 180, "duration_s": 1800, "drain_node_id": "RN_DNODE_00549", "outgoing_drain_id": "RN_DRAIN_00386", "total_q_m3s": 0.071750002966986762, "capacity_m3s": 0.034854282915268278, "overflow_q_m3s": 0.036895720051718484, "overflow_volume_m3": 66.412296093093275, "capacity_source": "synthetic_manning_scenario", "capacity_is_observed": 0, "source_type": "prototype_drainage_capacity_overflow" }, "geometry": { "type": "Point", "coordinates": [ 378497.791000000026543, 2045961.903 ] } },
{ "type": "Feature", "properties": { "interval_id": "150_180", "scenario_id": "rajendra_nagar_heavy_rain_demo", "start_min": 150, "end_min": 180, "duration_s": 1800, "drain_node_id": "RN_DNODE_00206", "outgoing_drain_id": "RN_DRAIN_00517", "total_q_m3s": 0.075250002543131508, "capacity_m3s": 0.034854282915268278, "overflow_q_m3s": 0.04039571962786323, "overflow_volume_m3": 72.712295330153808, "capacity_source": "synthetic_manning_scenario", "capacity_is_observed": 0, "source_type": "prototype_drainage_capacity_overflow" }, "geometry": { "type": "Point", "coordinates": [ 377207.791000000026543, 2045601.903 ] } },
{ "type": "Feature", "properties": { "interval_id": "150_180", "scenario_id": "rajendra_nagar_heavy_rain_demo", "start_min": 150, "end_min": 180, "duration_s": 1800, "drain_node_id": "RN_DNODE_00016", "outgoing_drain_id": "RN_DRAIN_00152", "total_q_m3s": 0.042291783339123527, "capacity_m3s": 0.041008355864427033, "overflow_q_m3s": 0.0012834274746964941, "overflow_volume_m3": 2.3101694544536895, "capacity_source": "synthetic_manning_scenario", "capacity_is_observed": 0, "source_type": "prototype_drainage_capacity_overflow" }, "geometry": { "type": "Point", "coordinates": [ 376607.791000000026543, 2046501.903 ] } },
{ "type": "Feature", "properties": { "interval_id": "150_180", "scenario_id": "rajendra_nagar_heavy_rain_demo", "start_min": 150, "end_min": 180, "duration_s": 1800, "drain_node_id": "RN_DNODE_00407", "outgoing_drain_id": "RN_DRAIN_00170", "total_q_m3s": 0.099509513440982647, "capacity_m3s": 0.034854282915268278, "overflow_q_m3s": 0.064655230525714369, "overflow_volume_m3": 116.37941494628586, "capacity_source": "synthetic_manning_scenario", "capacity_is_observed": 0, "source_type": "prototype_drainage_capacity_overflow" }, "geometry": { "type": "Point", "coordinates": [ 377747.791000000026543, 2046471.903 ] } },
{ "type": "Feature", "properties": { "interval_id": "150_180", "scenario_id": "rajendra_nagar_heavy_rain_demo", "start_min": 150, "end_min": 180, "duration_s": 1800, "drain_node_id": "RN_DNODE_00104", "outgoing_drain_id": "RN_DRAIN_00187", "total_q_m3s": 0.17296549676837306, "capacity_m3s": 0.044467843567026905, "overflow_q_m3s": 0.12849765320134615, "overflow_volume_m3": 231.29577576242306, "capacity_source": "synthetic_manning_scenario", "capacity_is_observed": 0, "source_type": "prototype_drainage_capacity_overflow" }, "geometry": { "type": "Point", "coordinates": [ 376997.791000000026543, 2046411.903 ] } },
{ "type": "Feature", "properties": { "interval_id": "150_180", "scenario_id": "rajendra_nagar_heavy_rain_demo", "start_min": 150, "end_min": 180, "duration_s": 1800, "drain_node_id": "RN_DNODE_00015", "outgoing_drain_id": "RN_DRAIN_00210", "total_q_m3s": 0.071156802000455821, "capacity_m3s": 0.034854282915268278, "overflow_q_m3s": 0.036302519085187543, "overflow_volume_m3": 65.344534353337579, "capacity_source": "synthetic_manning_scenario", "capacity_is_observed": 0, "source_type": "prototype_drainage_capacity_overflow" }, "geometry": { "type": "Point", "coordinates": [ 376607.791000000026543, 2046351.903 ] } },
{ "type": "Feature", "properties": { "interval_id": "150_180", "scenario_id": "rajendra_nagar_heavy_rain_demo", "start_min": 150, "end_min": 180, "duration_s": 1800, "drain_node_id": "RN_DNODE_00547", "outgoing_drain_id": "RN_DRAIN_00385", "total_q_m3s": 0.057166784186834033, "capacity_m3s": 0.034854282915268278, "overflow_q_m3s": 0.022312501271565754, "overflow_volume_m3": 40.162502288818359, "capacity_source": "synthetic_manning_scenario", "capacity_is_observed": 0, "source_type": "prototype_drainage_capacity_overflow" }, "geometry": { "type": "Point", "coordinates": [ 378467.791000000026543, 2045961.903 ] } },
{ "type": "Feature", "properties": { "interval_id": "150_180", "scenario_id": "rajendra_nagar_heavy_rain_demo", "start_min": 150, "end_min": 180, "duration_s": 1800, "drain_node_id": "RN_DNODE_00180", "outgoing_drain_id": "RN_DRAIN_00516", "total_q_m3s": 0.1162292847166531, "capacity_m3s": 0.034844300305034812, "overflow_q_m3s": 0.081384984411618289, "overflow_volume_m3": 146.49297194091292, "capacity_source": "synthetic_manning_scenario", "capacity_is_observed": 0, "source_type": "prototype_drainage_capacity_overflow" }, "geometry": { "type": "Point", "coordinates": [ 377177.791000000026543, 2045601.903 ] } },
{ "type": "Feature", "properties": { "interval_id": "150_180", "scenario_id": "rajendra_nagar_heavy_rain_demo", "start_min": 150, "end_min": 180, "duration_s": 1800, "drain_node_id": "RN_DNODE_00050", "outgoing_drain_id": "RN_DRAIN_00082", "total_q_m3s": 0.16354574731877908, "capacity_m3s": 0.1272696969192279, "overflow_q_m3s": 0.036276050399551174, "overflow_volume_m3": 65.296890719192106, "capacity_source": "synthetic_manning_scenario", "capacity_is_observed": 0, "source_type": "prototype_drainage_capacity_overflow" }, "geometry": { "type": "Point", "coordinates": [ 376787.791000000026543, 2046621.903 ] } },
{ "type": "Feature", "properties": { "interval_id": "150_180", "scenario_id": "rajendra_nagar_heavy_rain_demo", "start_min": 150, "end_min": 180, "duration_s": 1800, "drain_node_id": "RN_DNODE_00504", "outgoing_drain_id": "RN_DRAIN_00053", "total_q_m3s": 0.56568751123216421, "capacity_m3s": 0.15694054372586286, "overflow_q_m3s": 0.40874696750630135, "overflow_volume_m3": 735.74454151134239, "capacity_source": "synthetic_manning_scenario", "capacity_is_observed": 0, "source_type": "prototype_drainage_capacity_overflow" }, "geometry": { "type": "Point", "coordinates": [ 378257.791000000026543, 2046741.903 ] } },
{ "type": "Feature", "properties": { "interval_id": "150_180", "scenario_id": "rajendra_nagar_heavy_rain_demo", "start_min": 150, "end_min": 180, "duration_s": 1800, "drain_node_id": "RN_DNODE_00019", "outgoing_drain_id": "RN_DRAIN_00153", "total_q_m3s": 0.077320856500209909, "capacity_m3s": 0.034854282915268278, "overflow_q_m3s": 0.04246657358494163, "overflow_volume_m3": 76.439832452894933, "capacity_source": "synthetic_manning_scenario", "capacity_is_observed": 0, "source_type": "prototype_drainage_capacity_overflow" }, "geometry": { "type": "Point", "coordinates": [ 376637.791000000026543, 2046501.903 ] } },
{ "type": "Feature", "properties": { "interval_id": "150_180", "scenario_id": "rajendra_nagar_heavy_rain_demo", "start_min": 150, "end_min": 180, "duration_s": 1800, "drain_node_id": "RN_DNODE_00397", "outgoing_drain_id": "RN_DRAIN_00169", "total_q_m3s": 0.13897928778960367, "capacity_m3s": 0.034844300305034812, "overflow_q_m3s": 0.10413498748456886, "overflow_volume_m3": 187.44297747222393, "capacity_source": "synthetic_manning_scenario", "capacity_is_observed": 0, "source_type": "prototype_drainage_capacity_overflow" }, "geometry": { "type": "Point", "coordinates": [ 377717.791000000026543, 2046471.903 ] } },
{ "type": "Feature", "properties": { "interval_id": "150_180", "scenario_id": "rajendra_nagar_heavy_rain_demo", "start_min": 150, "end_min": 180, "duration_s": 1800, "drain_node_id": "RN_DNODE_00480", "outgoing_drain_id": "RN_DRAIN_00160", "total_q_m3s": 0.080791784504725461, "capacity_m3s": 0.062336960286670622, "overflow_q_m3s": 0.01845482421805484, "overflow_volume_m3": 33.218683592498714, "capacity_source": "synthetic_manning_scenario", "capacity_is_observed": 0, "source_type": "prototype_drainage_capacity_overflow" }, "geometry": { "type": "Point", "coordinates": [ 378047.791000000026543, 2046501.903 ] } },
{ "type": "Feature", "properties": { "interval_id": "150_180", "scenario_id": "rajendra_nagar_heavy_rain_demo", "start_min": 150, "end_min": 180, "duration_s": 1800, "drain_node_id": "RN_DNODE_00018", "outgoing_drain_id": "RN_DRAIN_00220", "total_q_m3s": 0.13197928598821884, "capacity_m3s": 0.12723324562335805, "overflow_q_m3s": 0.0047460403648607874, "overflow_volume_m3": 8.5428726567494166, "capacity_source": "synthetic_manning_scenario", "capacity_is_observed": 0, "source_type": "prototype_drainage_capacity_overflow" }, "geometry": { "type": "Point", "coordinates": [ 376637.791000000026543, 2046321.903 ] } },
{ "type": "Feature", "properties": { "interval_id": "150_180", "scenario_id": "rajendra_nagar_heavy_rain_demo", "start_min": 150, "end_min": 180, "duration_s": 1800, "drain_node_id": "RN_DNODE_00017", "outgoing_drain_id": "RN_DRAIN_00240", "total_q_m3s": 0.12818750222524009, "capacity_m3s": 0.034854282915268278, "overflow_q_m3s": 0.093333219309971807, "overflow_volume_m3": 167.99979475794925, "capacity_source": "synthetic_manning_scenario", "capacity_is_observed": 0, "source_type": "prototype_drainage_capacity_overflow" }, "geometry": { "type": "Point", "coordinates": [ 376637.791000000026543, 2046291.903 ] } },
{ "type": "Feature", "properties": { "interval_id": "150_180", "scenario_id": "rajendra_nagar_heavy_rain_demo", "start_min": 150, "end_min": 180, "duration_s": 1800, "drain_node_id": "RN_DNODE_00111", "outgoing_drain_id": "RN_DRAIN_00285", "total_q_m3s": 0.44318750646379257, "capacity_m3s": 0.034844300305034812, "overflow_q_m3s": 0.40834320615875774, "overflow_volume_m3": 735.01777108576391, "capacity_source": "synthetic_manning_scenario", "capacity_is_observed": 0, "source_type": "prototype_drainage_capacity_overflow" }, "geometry": { "type": "Point", "coordinates": [ 377027.791000000026543, 2046201.903 ] } },
{ "type": "Feature", "properties": { "interval_id": "150_180", "scenario_id": "rajendra_nagar_heavy_rain_demo", "start_min": 150, "end_min": 180, "duration_s": 1800, "drain_node_id": "RN_DNODE_00454", "outgoing_drain_id": "RN_DRAIN_00359", "total_q_m3s": 0.57025622625107952, "capacity_m3s": 0.48087166299014095, "overflow_q_m3s": 0.089384563260938577, "overflow_volume_m3": 160.89221386968944, "capacity_source": "synthetic_manning_scenario", "capacity_is_observed": 0, "source_type": "prototype_drainage_capacity_overflow" }, "geometry": { "type": "Point", "coordinates": [ 377957.791000000026543, 2046051.903 ] } },
{ "type": "Feature", "properties": { "interval_id": "150_180", "scenario_id": "rajendra_nagar_heavy_rain_demo", "start_min": 150, "end_min": 180, "duration_s": 1800, "drain_node_id": "RN_DNODE_00544", "outgoing_drain_id": "RN_DRAIN_00384", "total_q_m3s": 0.20679178672996557, "capacity_m3s": 0.15013191509707569, "overflow_q_m3s": 0.05665987163288988, "overflow_volume_m3": 101.98776893920179, "capacity_source": "synthetic_manning_scenario", "capacity_is_observed": 0, "source_type": "prototype_drainage_capacity_overflow" }, "geometry": { "type": "Point", "coordinates": [ 378437.791000000026543, 2045961.903 ] } },
{ "type": "Feature", "properties": { "interval_id": "150_180", "scenario_id": "rajendra_nagar_heavy_rain_demo", "start_min": 150, "end_min": 180, "duration_s": 1800, "drain_node_id": "RN_DNODE_00411", "outgoing_drain_id": "RN_DRAIN_00479", "total_q_m3s": 0.38484431090141608, "capacity_m3s": 0.30124813859248456, "overflow_q_m3s": 0.083596172308931516, "overflow_volume_m3": 150.47311015607673, "capacity_source": "synthetic_manning_scenario", "capacity_is_observed": 0, "source_type": "prototype_drainage_capacity_overflow" }, "geometry": { "type": "Point", "coordinates": [ 377777.791000000026543, 2045721.903 ] } },
{ "type": "Feature", "properties": { "interval_id": "150_180", "scenario_id": "rajendra_nagar_heavy_rain_demo", "start_min": 150, "end_min": 180, "duration_s": 1800, "drain_node_id": "RN_DNODE_00467", "outgoing_drain_id": "RN_DRAIN_00017", "total_q_m3s": 0.1430625041325887, "capacity_m3s": 0.034854282915268278, "overflow_q_m3s": 0.10820822121732042, "overflow_volume_m3": 194.77479819117676, "capacity_source": "synthetic_manning_scenario", "capacity_is_observed": 0, "source_type": "prototype_drainage_capacity_overflow" }, "geometry": { "type": "Point", "coordinates": [ 377987.791000000026543, 2046861.903 ] } },
{ "type": "Feature", "properties": { "interval_id": "150_180", "scenario_id": "rajendra_nagar_heavy_rain_demo", "start_min": 150, "end_min": 180, "duration_s": 1800, "drain_node_id": "RN_DNODE_00387", "outgoing_drain_id": "RN_DRAIN_00004", "total_q_m3s": 0.034844300305034812, "capacity_m3s": 0.02637752433631995, "overflow_q_m3s": 0.0084667759687148611, "overflow_volume_m3": 15.24019674368675, "capacity_source": "synthetic_manning_scenario", "capacity_is_observed": 0, "source_type": "prototype_drainage_capacity_overflow" }, "geometry": { "type": "Point", "coordinates": [ 377687.791000000026543, 2046921.903 ] } },
{ "type": "Feature", "properties": { "interval_id": "150_180", "scenario_id": "rajendra_nagar_heavy_rain_demo", "start_min": 150, "end_min": 180, "duration_s": 1800, "drain_node_id": "RN_DNODE_00023", "outgoing_drain_id": "RN_DRAIN_00154", "total_q_m3s": 0.14510428598821884, "capacity_m3s": 0.034854282915268278, "overflow_q_m3s": 0.11025000307295056, "overflow_volume_m3": 198.45000553131101, "capacity_source": "synthetic_manning_scenario", "capacity_is_observed": 0, "source_type": "prototype_drainage_capacity_overflow" }, "geometry": { "type": "Point", "coordinates": [ 376667.791000000026543, 2046501.903 ] } },
{ "type": "Feature", "properties": { "interval_id": "150_180", "scenario_id": "rajendra_nagar_heavy_rain_demo", "start_min": 150, "end_min": 180, "duration_s": 1800, "drain_node_id": "RN_DNODE_00386", "outgoing_drain_id": "RN_DRAIN_00159", "total_q_m3s": 0.073344301470636752, "capacity_m3s": 0.068286718630626422, "overflow_q_m3s": 0.0050575828400103301, "overflow_volume_m3": 9.1036491120185943, "capacity_source": "synthetic_manning_scenario", "capacity_is_observed": 0, "source_type": "prototype_drainage_capacity_overflow" }, "geometry": { "type": "Point", "coordinates": [ 377687.791000000026543, 2046501.903 ] } },
{ "type": "Feature", "properties": { "interval_id": "150_180", "scenario_id": "rajendra_nagar_heavy_rain_demo", "start_min": 150, "end_min": 180, "duration_s": 1800, "drain_node_id": "RN_DNODE_00481", "outgoing_drain_id": "RN_DRAIN_00147", "total_q_m3s": 0.12883696229998307, "capacity_m3s": 0.034854282915268278, "overflow_q_m3s": 0.093982679384714787, "overflow_volume_m3": 169.16882289248662, "capacity_source": "synthetic_manning_scenario", "capacity_is_observed": 0, "source_type": "prototype_drainage_capacity_overflow" }, "geometry": { "type": "Point", "coordinates": [ 378047.791000000026543, 2046531.903 ] } },
{ "type": "Feature", "properties": { "interval_id": "150_180", "scenario_id": "rajendra_nagar_heavy_rain_demo", "start_min": 150, "end_min": 180, "duration_s": 1800, "drain_node_id": "RN_DNODE_00542", "outgoing_drain_id": "RN_DRAIN_00267", "total_q_m3s": 0.16143750455644396, "capacity_m3s": 0.034854282915268278, "overflow_q_m3s": 0.12658322164117569, "overflow_volume_m3": 227.84979895411624, "capacity_source": "synthetic_manning_scenario", "capacity_is_observed": 0, "source_type": "prototype_drainage_capacity_overflow" }, "geometry": { "type": "Point", "coordinates": [ 378407.791000000026543, 2046261.903 ] } },
{ "type": "Feature", "properties": { "interval_id": "150_180", "scenario_id": "rajendra_nagar_heavy_rain_demo", "start_min": 150, "end_min": 180, "duration_s": 1800, "drain_node_id": "RN_DNODE_00021", "outgoing_drain_id": "RN_DRAIN_00241", "total_q_m3s": 0.21881681198371367, "capacity_m3s": 0.12723324562335805, "overflow_q_m3s": 0.091583566360355612, "overflow_volume_m3": 164.85041944864011, "capacity_source": "synthetic_manning_scenario", "capacity_is_observed": 0, "source_type": "prototype_drainage_capacity_overflow" }, "geometry": { "type": "Point", "coordinates": [ 376667.791000000026543, 2046291.903 ] } },
{ "type": "Feature", "properties": { "interval_id": "150_180", "scenario_id": "rajendra_nagar_heavy_rain_demo", "start_min": 150, "end_min": 180, "duration_s": 1800, "drain_node_id": "RN_DNODE_00540", "outgoing_drain_id": "RN_DRAIN_00378", "total_q_m3s": 0.19475691658056907, "capacity_m3s": 0.1348146985507728, "overflow_q_m3s": 0.059942218029796268, "overflow_volume_m3": 107.89599245363328, "capacity_source": "synthetic_manning_scenario", "capacity_is_observed": 0, "source_type": "prototype_drainage_capacity_overflow" }, "geometry": { "type": "Point", "coordinates": [ 378407.791000000026543, 2045991.903 ] } },
{ "type": "Feature", "properties": { "interval_id": "150_180", "scenario_id": "rajendra_nagar_heavy_rain_demo", "start_min": 150, "end_min": 180, "duration_s": 1800, "drain_node_id": "RN_DNODE_00404", "outgoing_drain_id": "RN_DRAIN_00478", "total_q_m3s": 0.32924813944019504, "capacity_m3s": 0.30124813859248456, "overflow_q_m3s": 0.028000000847710482, "overflow_volume_m3": 50.400001525878871, "capacity_source": "synthetic_manning_scenario", "capacity_is_observed": 0, "source_type": "prototype_drainage_capacity_overflow" }, "geometry": { "type": "Point", "coordinates": [ 377747.791000000026543, 2045721.903 ] } },
{ "type": "Feature", "properties": { "interval_id": "150_180", "scenario_id": "rajendra_nagar_heavy_rain_demo", "start_min": 150, "end_min": 180, "duration_s": 1800, "drain_node_id": "RN_DNODE_00027", "outgoing_drain_id": "RN_DRAIN_00155", "total_q_m3s": 0.080791784504725475, "capacity_m3s": 0.034844300305034812, "overflow_q_m3s": 0.045947484199690664, "overflow_volume_m3": 82.705471559443197, "capacity_source": "synthetic_manning_scenario", "capacity_is_observed": 0, "source_type": "prototype_drainage_capacity_overflow" }, "geometry": { "type": "Point", "coordinates": [ 376697.791000000026543, 2046501.903 ] } },
{ "type": "Feature", "properties": { "interval_id": "150_180", "scenario_id": "rajendra_nagar_heavy_rain_demo", "start_min": 150, "end_min": 180, "duration_s": 1800, "drain_node_id": "RN_DNODE_00482", "outgoing_drain_id": "RN_DRAIN_00134", "total_q_m3s": 0.049729283762978783, "capacity_m3s": 0.034844300305034812, "overflow_q_m3s": 0.014884983457943972, "overflow_volume_m3": 26.79297022429915, "capacity_source": "synthetic_manning_scenario", "capacity_is_observed": 0, "source_type": "prototype_drainage_capacity_overflow" }, "geometry": { "type": "Point", "coordinates": [ 378047.791000000026543, 2046561.903 ] } },
{ "type": "Feature", "properties": { "interval_id": "150_180", "scenario_id": "rajendra_nagar_heavy_rain_demo", "start_min": 150, "end_min": 180, "duration_s": 1800, "drain_node_id": "RN_DNODE_00069", "outgoing_drain_id": "RN_DRAIN_00421", "total_q_m3s": 0.59150000784132217, "capacity_m3s": 0.12723324562335805, "overflow_q_m3s": 0.46426676221796415, "overflow_volume_m3": 835.68017199233543, "capacity_source": "synthetic_manning_scenario", "capacity_is_observed": 0, "source_type": "prototype_drainage_capacity_overflow" }, "geometry": { "type": "Point", "coordinates": [ 376877.791000000026543, 2045841.903 ] } },
{ "type": "Feature", "properties": { "interval_id": "150_180", "scenario_id": "rajendra_nagar_heavy_rain_demo", "start_min": 150, "end_min": 180, "duration_s": 1800, "drain_node_id": "RN_DNODE_00536", "outgoing_drain_id": "RN_DRAIN_00369", "total_q_m3s": 0.22800220130583193, "capacity_m3s": 0.18393770855067063, "overflow_q_m3s": 0.044064492755161305, "overflow_volume_m3": 79.316086959290345, "capacity_source": "synthetic_manning_scenario", "capacity_is_observed": 0, "source_type": "prototype_drainage_capacity_overflow" }, "geometry": { "type": "Point", "coordinates": [ 378377.791000000026543, 2046021.903 ] } },
{ "type": "Feature", "properties": { "interval_id": "150_180", "scenario_id": "rajendra_nagar_heavy_rain_demo", "start_min": 150, "end_min": 180, "duration_s": 1800, "drain_node_id": "RN_DNODE_00141", "outgoing_drain_id": "RN_DRAIN_00485", "total_q_m3s": 0.06503180168256438, "capacity_m3s": 0.02637752433631995, "overflow_q_m3s": 0.03865427734624443, "overflow_volume_m3": 69.577699223239975, "capacity_source": "synthetic_manning_scenario", "capacity_is_observed": 0, "source_type": "prototype_drainage_capacity_overflow" }, "geometry": { "type": "Point", "coordinates": [ 377117.791000000026543, 2045691.903 ] } },
{ "type": "Feature", "properties": { "interval_id": "150_180", "scenario_id": "rajendra_nagar_heavy_rain_demo", "start_min": 150, "end_min": 180, "duration_s": 1800, "drain_node_id": "RN_DNODE_00391", "outgoing_drain_id": "RN_DRAIN_00477", "total_q_m3s": 0.56899814113561609, "capacity_m3s": 0.30124813859248456, "overflow_q_m3s": 0.26775000254313153, "overflow_volume_m3": 481.95000457763678, "capacity_source": "synthetic_manning_scenario", "capacity_is_observed": 0, "source_type": "prototype_drainage_capacity_overflow" }, "geometry": { "type": "Point", "coordinates": [ 377717.791000000026543, 2045721.903 ] } },
{ "type": "Feature", "properties": { "interval_id": "150_180", "scenario_id": "rajendra_nagar_heavy_rain_demo", "start_min": 150, "end_min": 180, "duration_s": 1800, "drain_node_id": "RN_DNODE_00025", "outgoing_drain_id": "RN_DRAIN_00270", "total_q_m3s": 0.15042074625914093, "capacity_m3s": 0.12723324562335805, "overflow_q_m3s": 0.023187500635782871, "overflow_volume_m3": 41.737501144409165, "capacity_source": "synthetic_manning_scenario", "capacity_is_observed": 0, "source_type": "prototype_drainage_capacity_overflow" }, "geometry": { "type": "Point", "coordinates": [ 376697.791000000026543, 2046231.903 ] } },
{ "type": "Feature", "properties": { "interval_id": "150_180", "scenario_id": "rajendra_nagar_heavy_rain_demo", "start_min": 150, "end_min": 180, "duration_s": 1800, "drain_node_id": "RN_DNODE_00174", "outgoing_drain_id": "RN_DRAIN_00156", "total_q_m3s": 0.065905344414737416, "capacity_m3s": 0.034844300305034812, "overflow_q_m3s": 0.031061044109702604, "overflow_volume_m3": 55.909879397464685, "capacity_source": "synthetic_manning_scenario", "capacity_is_observed": 0, "source_type": "prototype_drainage_capacity_overflow" }, "geometry": { "type": "Point", "coordinates": [ 377147.791000000026543, 2046501.903 ] } },
{ "type": "Feature", "properties": { "interval_id": "150_180", "scenario_id": "rajendra_nagar_heavy_rain_demo", "start_min": 150, "end_min": 180, "duration_s": 1800, "drain_node_id": "RN_DNODE_00360", "outgoing_drain_id": "RN_DRAIN_00144", "total_q_m3s": 0.17372422149164937, "capacity_m3s": 0.10887560820568472, "overflow_q_m3s": 0.064848613285964654, "overflow_volume_m3": 116.72750391473637, "capacity_source": "synthetic_manning_scenario", "capacity_is_observed": 0, "source_type": "prototype_drainage_capacity_overflow" }, "geometry": { "type": "Point", "coordinates": [ 377567.791000000026543, 2046531.903 ] } },
{ "type": "Feature", "properties": { "interval_id": "150_180", "scenario_id": "rajendra_nagar_heavy_rain_demo", "start_min": 150, "end_min": 180, "duration_s": 1800, "drain_node_id": "RN_DNODE_00510", "outgoing_drain_id": "RN_DRAIN_00347", "total_q_m3s": 0.43300273850307269, "capacity_m3s": 0.30124813859248456, "overflow_q_m3s": 0.13175459991058813, "overflow_volume_m3": 237.15827983905865, "capacity_source": "synthetic_manning_scenario", "capacity_is_observed": 0, "source_type": "prototype_drainage_capacity_overflow" }, "geometry": { "type": "Point", "coordinates": [ 378287.791000000026543, 2046111.903 ] } },
{ "type": "Feature", "properties": { "interval_id": "150_180", "scenario_id": "rajendra_nagar_heavy_rain_demo", "start_min": 150, "end_min": 180, "duration_s": 1800, "drain_node_id": "RN_DNODE_00353", "outgoing_drain_id": "RN_DRAIN_00143", "total_q_m3s": 0.13775060841761233, "capacity_m3s": 0.034854282915268278, "overflow_q_m3s": 0.10289632550234405, "overflow_volume_m3": 185.21338590421928, "capacity_source": "synthetic_manning_scenario", "capacity_is_observed": 0, "source_type": "prototype_drainage_capacity_overflow" }, "geometry": { "type": "Point", "coordinates": [ 377537.791000000026543, 2046531.903 ] } },
{ "type": "Feature", "properties": { "interval_id": "150_180", "scenario_id": "rajendra_nagar_heavy_rain_demo", "start_min": 150, "end_min": 180, "duration_s": 1800, "drain_node_id": "RN_DNODE_00362", "outgoing_drain_id": "RN_DRAIN_00455", "total_q_m3s": 0.4734674434539633, "capacity_m3s": 0.3425817481644578, "overflow_q_m3s": 0.1308856952895055, "overflow_volume_m3": 235.5942515211099, "capacity_source": "synthetic_manning_scenario", "capacity_is_observed": 0, "source_type": "prototype_drainage_capacity_overflow" }, "geometry": { "type": "Point", "coordinates": [ 377597.791000000026543, 2045781.903 ] } },
{ "type": "Feature", "properties": { "interval_id": "150_180", "scenario_id": "rajendra_nagar_heavy_rain_demo", "start_min": 150, "end_min": 180, "duration_s": 1800, "drain_node_id": "RN_DNODE_00255", "outgoing_drain_id": "RN_DRAIN_00490", "total_q_m3s": 0.34941679382954111, "capacity_m3s": 0.16554197630939951, "overflow_q_m3s": 0.18387481752014159, "overflow_volume_m3": 330.97467153625485, "capacity_source": "synthetic_manning_scenario", "capacity_is_observed": 0, "source_type": "prototype_drainage_capacity_overflow" }, "geometry": { "type": "Point", "coordinates": [ 377267.791000000026543, 2045691.903 ] } },
{ "type": "Feature", "properties": { "interval_id": "150_180", "scenario_id": "rajendra_nagar_heavy_rain_demo", "start_min": 150, "end_min": 180, "duration_s": 1800, "drain_node_id": "RN_DNODE_00463", "outgoing_drain_id": "RN_DRAIN_00052", "total_q_m3s": 0.32840681058352467, "capacity_m3s": 0.1272696969192279, "overflow_q_m3s": 0.20113711366429676, "overflow_volume_m3": 362.04680459573416, "capacity_source": "synthetic_manning_scenario", "capacity_is_observed": 0, "source_type": "prototype_drainage_capacity_overflow" }, "geometry": { "type": "Point", "coordinates": [ 377987.791000000026543, 2046741.903 ] } },
{ "type": "Feature", "properties": { "interval_id": "150_180", "scenario_id": "rajendra_nagar_heavy_rain_demo", "start_min": 150, "end_min": 180, "duration_s": 1800, "drain_node_id": "RN_DNODE_00079", "outgoing_drain_id": "RN_DRAIN_00086", "total_q_m3s": 0.37867650570136774, "capacity_m3s": 0.30124813859248456, "overflow_q_m3s": 0.077428367108883178, "overflow_volume_m3": 139.37106079598973, "capacity_source": "synthetic_manning_scenario", "capacity_is_observed": 0, "source_type": "prototype_drainage_capacity_overflow" }, "geometry": { "type": "Point", "coordinates": [ 376907.791000000026543, 2046621.903 ] } },
{ "type": "Feature", "properties": { "interval_id": "150_180", "scenario_id": "rajendra_nagar_heavy_rain_demo", "start_min": 150, "end_min": 180, "duration_s": 1800, "drain_node_id": "RN_DNODE_00502", "outgoing_drain_id": "RN_DRAIN_00332", "total_q_m3s": 0.37095670442302109, "capacity_m3s": 0.30107555299333355, "overflow_q_m3s": 0.069881151429687538, "overflow_volume_m3": 125.78607257343756, "capacity_source": "synthetic_manning_scenario", "capacity_is_observed": 0, "source_type": "prototype_drainage_capacity_overflow" }, "geometry": { "type": "Point", "coordinates": [ 378257.791000000026543, 2046141.903 ] } },
{ "type": "Feature", "properties": { "interval_id": "150_180", "scenario_id": "rajendra_nagar_heavy_rain_demo", "start_min": 150, "end_min": 180, "duration_s": 1800, "drain_node_id": "RN_DNODE_00330", "outgoing_drain_id": "RN_DRAIN_00442", "total_q_m3s": 0.49933427737511316, "capacity_m3s": 0.30124813859248456, "overflow_q_m3s": 0.1980861387826286, "overflow_volume_m3": 356.5550498087315, "capacity_source": "synthetic_manning_scenario", "capacity_is_observed": 0, "source_type": "prototype_drainage_capacity_overflow" }, "geometry": { "type": "Point", "coordinates": [ 377477.791000000026543, 2045811.903 ] } },
{ "type": "Feature", "properties": { "interval_id": "150_180", "scenario_id": "rajendra_nagar_heavy_rain_demo", "start_min": 150, "end_min": 180, "duration_s": 1800, "drain_node_id": "RN_DNODE_00466", "outgoing_drain_id": "RN_DRAIN_00029", "total_q_m3s": 0.20076969861464891, "capacity_m3s": 0.12723324562335805, "overflow_q_m3s": 0.073536452991290857, "overflow_volume_m3": 132.36561538432355, "capacity_source": "synthetic_manning_scenario", "capacity_is_observed": 0, "source_type": "prototype_drainage_capacity_overflow" }, "geometry": { "type": "Point", "coordinates": [ 377987.791000000026543, 2046831.903 ] } },
{ "type": "Feature", "properties": { "interval_id": "150_180", "scenario_id": "rajendra_nagar_heavy_rain_demo", "start_min": 150, "end_min": 180, "duration_s": 1800, "drain_node_id": "RN_DNODE_00314", "outgoing_drain_id": "RN_DRAIN_00441", "total_q_m3s": 0.33099814028790558, "capacity_m3s": 0.30116185815577506, "overflow_q_m3s": 0.02983628213213052, "overflow_volume_m3": 53.705307837834937, "capacity_source": "synthetic_manning_scenario", "capacity_is_observed": 0, "source_type": "prototype_drainage_capacity_overflow" }, "geometry": { "type": "Point", "coordinates": [ 377447.791000000026543, 2045811.903 ] } },
{ "type": "Feature", "properties": { "interval_id": "150_180", "scenario_id": "rajendra_nagar_heavy_rain_demo", "start_min": 150, "end_min": 180, "duration_s": 1800, "drain_node_id": "RN_DNODE_00143", "outgoing_drain_id": "RN_DRAIN_00463", "total_q_m3s": 0.30247947906445866, "capacity_m3s": 0.096316987382127545, "overflow_q_m3s": 0.20616249168233111, "overflow_volume_m3": 371.09248502819599, "capacity_source": "synthetic_manning_scenario", "capacity_is_observed": 0, "source_type": "prototype_drainage_capacity_overflow" }, "geometry": { "type": "Point", "coordinates": [ 377117.791000000026543, 2045751.903 ] } },
{ "type": "Feature", "properties": { "interval_id": "150_180", "scenario_id": "rajendra_nagar_heavy_rain_demo", "start_min": 150, "end_min": 180, "duration_s": 1800, "drain_node_id": "RN_DNODE_00456", "outgoing_drain_id": "RN_DRAIN_00016", "total_q_m3s": 0.27277503129368547, "capacity_m3s": 0.12723324562335805, "overflow_q_m3s": 0.14554178567032741, "overflow_volume_m3": 261.97521420658933, "capacity_source": "synthetic_manning_scenario", "capacity_is_observed": 0, "source_type": "prototype_drainage_capacity_overflow" }, "geometry": { "type": "Point", "coordinates": [ 377957.791000000026543, 2046861.903 ] } },
{ "type": "Feature", "properties": { "interval_id": "150_180", "scenario_id": "rajendra_nagar_heavy_rain_demo", "start_min": 150, "end_min": 180, "duration_s": 1800, "drain_node_id": "RN_DNODE_00296", "outgoing_drain_id": "RN_DRAIN_00428", "total_q_m3s": 0.39434936091083417, "capacity_m3s": 0.30116185815577506, "overflow_q_m3s": 0.093187502755059104, "overflow_volume_m3": 167.73750495910639, "capacity_source": "synthetic_manning_scenario", "capacity_is_observed": 0, "source_type": "prototype_drainage_capacity_overflow" }, "geometry": { "type": "Point", "coordinates": [ 377417.791000000026543, 2045841.903 ] } },
{ "type": "Feature", "properties": { "interval_id": "150_180", "scenario_id": "rajendra_nagar_heavy_rain_demo", "start_min": 150, "end_min": 180, "duration_s": 1800, "drain_node_id": "RN_DNODE_00131", "outgoing_drain_id": "RN_DRAIN_00450", "total_q_m3s": 0.34661525914319036, "capacity_m3s": 0.30116185815577506, "overflow_q_m3s": 0.045453400987415293, "overflow_volume_m3": 81.816121777347533, "capacity_source": "synthetic_manning_scenario", "capacity_is_observed": 0, "source_type": "prototype_drainage_capacity_overflow" }, "geometry": { "type": "Point", "coordinates": [ 377087.791000000026543, 2045781.903 ] } },
{ "type": "Feature", "properties": { "interval_id": "150_180", "scenario_id": "rajendra_nagar_heavy_rain_demo", "start_min": 150, "end_min": 180, "duration_s": 1800, "drain_node_id": "RN_DNODE_00285", "outgoing_drain_id": "RN_DRAIN_00417", "total_q_m3s": 0.37116186027505133, "capacity_m3s": 0.30116185815577506, "overflow_q_m3s": 0.070000002119276261, "overflow_volume_m3": 126.00000381469727, "capacity_source": "synthetic_manning_scenario", "capacity_is_observed": 0, "source_type": "prototype_drainage_capacity_overflow" }, "geometry": { "type": "Point", "coordinates": [ 377387.791000000026543, 2045871.903 ] } },
{ "type": "Feature", "properties": { "interval_id": "150_180", "scenario_id": "rajendra_nagar_heavy_rain_demo", "start_min": 150, "end_min": 180, "duration_s": 1800, "drain_node_id": "RN_DNODE_00450", "outgoing_drain_id": "RN_DRAIN_00006", "total_q_m3s": 0.18760824731877904, "capacity_m3s": 0.096316987382127545, "overflow_q_m3s": 0.091291259936651492, "overflow_volume_m3": 164.32426788597269, "capacity_source": "synthetic_manning_scenario", "capacity_is_observed": 0, "source_type": "prototype_drainage_capacity_overflow" }, "geometry": { "type": "Point", "coordinates": [ 377927.791000000026543, 2046921.903 ] } },
{ "type": "Feature", "properties": { "interval_id": "150_180", "scenario_id": "rajendra_nagar_heavy_rain_demo", "start_min": 150, "end_min": 180, "duration_s": 1800, "drain_node_id": "RN_DNODE_00489", "outgoing_drain_id": "RN_DRAIN_00327", "total_q_m3s": 1.1752005716429648, "capacity_m3s": 0.52668488356746512, "overflow_q_m3s": 0.64851568807549964, "overflow_volume_m3": 1167.3282385358993, "capacity_source": "synthetic_manning_scenario", "capacity_is_observed": 0, "source_type": "prototype_drainage_capacity_overflow" }, "geometry": { "type": "Point", "coordinates": [ 378107.791000000026543, 2046141.903 ] } },
{ "type": "Feature", "properties": { "interval_id": "150_180", "scenario_id": "rajendra_nagar_heavy_rain_demo", "start_min": 150, "end_min": 180, "duration_s": 1800, "drain_node_id": "RN_DNODE_00112", "outgoing_drain_id": "RN_DRAIN_00226", "total_q_m3s": 0.61242075017980202, "capacity_m3s": 0.22629368210844161, "overflow_q_m3s": 0.38612706807136044, "overflow_volume_m3": 695.02872252844884, "capacity_source": "synthetic_manning_scenario", "capacity_is_observed": 0, "source_type": "prototype_drainage_capacity_overflow" }, "geometry": { "type": "Point", "coordinates": [ 377027.791000000026543, 2046321.903 ] } },
{ "type": "Feature", "properties": { "interval_id": "150_180", "scenario_id": "rajendra_nagar_heavy_rain_demo", "start_min": 150, "end_min": 180, "duration_s": 1800, "drain_node_id": "RN_DNODE_00279", "outgoing_drain_id": "RN_DRAIN_00409", "total_q_m3s": 0.33134935953330463, "capacity_m3s": 0.30124813859248456, "overflow_q_m3s": 0.030101220940820073, "overflow_volume_m3": 54.182197693476134, "capacity_source": "synthetic_manning_scenario", "capacity_is_observed": 0, "source_type": "prototype_drainage_capacity_overflow" }, "geometry": { "type": "Point", "coordinates": [ 377357.791000000026543, 2045901.903 ] } },
{ "type": "Feature", "properties": { "interval_id": "150_180", "scenario_id": "rajendra_nagar_heavy_rain_demo", "start_min": 150, "end_min": 180, "duration_s": 1800, "drain_node_id": "RN_DNODE_00485", "outgoing_drain_id": "RN_DRAIN_00326", "total_q_m3s": 0.52668488356746512, "capacity_m3s": 0.30124813859248456, "overflow_q_m3s": 0.22543674497498056, "overflow_volume_m3": 405.78614095496499, "capacity_source": "synthetic_manning_scenario", "capacity_is_observed": 0, "source_type": "prototype_drainage_capacity_overflow" }, "geometry": { "type": "Point", "coordinates": [ 378077.791000000026543, 2046141.903 ] } },
{ "type": "Feature", "properties": { "interval_id": "150_180", "scenario_id": "rajendra_nagar_heavy_rain_demo", "start_min": 150, "end_min": 180, "duration_s": 1800, "drain_node_id": "RN_DNODE_00123", "outgoing_drain_id": "RN_DRAIN_00227", "total_q_m3s": 0.22629368210844161, "capacity_m3s": 0.19248944506420465, "overflow_q_m3s": 0.033804237044236962, "overflow_volume_m3": 60.847626679626529, "capacity_source": "synthetic_manning_scenario", "capacity_is_observed": 0, "source_type": "prototype_drainage_capacity_overflow" }, "geometry": { "type": "Point", "coordinates": [ 377057.791000000026543, 2046321.903 ] } },
{ "type": "Feature", "properties": { "interval_id": "150_180", "scenario_id": "rajendra_nagar_heavy_rain_demo", "start_min": 150, "end_min": 180, "duration_s": 1800, "drain_node_id": "RN_DNODE_00176", "outgoing_drain_id": "RN_DRAIN_00126", "total_q_m3s": 0.7474981518379612, "capacity_m3s": 0.22798288882636691, "overflow_q_m3s": 0.51951526301159423, "overflow_volume_m3": 935.12747342086959, "capacity_source": "synthetic_manning_scenario", "capacity_is_observed": 0, "source_type": "prototype_drainage_capacity_overflow" }, "geometry": { "type": "Point", "coordinates": [ 377147.791000000026543, 2046561.903 ] } },
{ "type": "Feature", "properties": { "interval_id": "150_180", "scenario_id": "rajendra_nagar_heavy_rain_demo", "start_min": 150, "end_min": 180, "duration_s": 1800, "drain_node_id": "RN_DNODE_00459", "outgoing_drain_id": "RN_DRAIN_00311", "total_q_m3s": 0.49724814611591528, "capacity_m3s": 0.30124813859248456, "overflow_q_m3s": 0.19600000752343072, "overflow_volume_m3": 352.80001354217529, "capacity_source": "synthetic_manning_scenario", "capacity_is_observed": 0, "source_type": "prototype_drainage_capacity_overflow" }, "geometry": { "type": "Point", "coordinates": [ 377987.791000000026543, 2046171.903 ] } },
{ "type": "Feature", "properties": { "interval_id": "150_180", "scenario_id": "rajendra_nagar_heavy_rain_demo", "start_min": 150, "end_min": 180, "duration_s": 1800, "drain_node_id": "RN_DNODE_00447", "outgoing_drain_id": "RN_DRAIN_00309", "total_q_m3s": 0.47725066706139319, "capacity_m3s": 0.30116185815577506, "overflow_q_m3s": 0.17608880890561812, "overflow_volume_m3": 316.95985603011263, "capacity_source": "synthetic_manning_scenario", "capacity_is_observed": 0, "source_type": "prototype_drainage_capacity_overflow" }, "geometry": { "type": "Point", "coordinates": [ 377927.791000000026543, 2046171.903 ] } },
{ "type": "Feature", "properties": { "interval_id": "150_180", "scenario_id": "rajendra_nagar_heavy_rain_demo", "start_min": 150, "end_min": 180, "duration_s": 1800, "drain_node_id": "RN_DNODE_00439", "outgoing_drain_id": "RN_DRAIN_00323", "total_q_m3s": 0.83934602294730076, "capacity_m3s": 0.30124813859248456, "overflow_q_m3s": 0.5380978843548162, "overflow_volume_m3": 968.57619183866916, "capacity_source": "synthetic_manning_scenario", "capacity_is_observed": 0, "source_type": "prototype_drainage_capacity_overflow" }, "geometry": { "type": "Point", "coordinates": [ 377897.791000000026543, 2046141.903 ] } },
{ "type": "Feature", "properties": { "interval_id": "150_180", "scenario_id": "rajendra_nagar_heavy_rain_demo", "start_min": 150, "end_min": 180, "duration_s": 1800, "drain_node_id": "RN_DNODE_00435", "outgoing_drain_id": "RN_DRAIN_00322", "total_q_m3s": 0.35943564081772461, "capacity_m3s": 0.30124813859248456, "overflow_q_m3s": 0.058187502225240051, "overflow_volume_m3": 104.73750400543209, "capacity_source": "synthetic_manning_scenario", "capacity_is_observed": 0, "source_type": "prototype_drainage_capacity_overflow" }, "geometry": { "type": "Point", "coordinates": [ 377867.791000000026543, 2046141.903 ] } },
{ "type": "Feature", "properties": { "interval_id": "150_180", "scenario_id": "rajendra_nagar_heavy_rain_demo", "start_min": 150, "end_min": 180, "duration_s": 1800, "drain_node_id": "RN_DNODE_00429", "outgoing_drain_id": "RN_DRAIN_00321", "total_q_m3s": 0.30124813859248456, "capacity_m3s": 0.30116185815577506, "overflow_q_m3s": 8.6280436709496033e-05, "overflow_volume_m3": 0.15530478607709286, "capacity_source": "synthetic_manning_scenario", "capacity_is_observed": 0, "source_type": "prototype_drainage_capacity_overflow" }, "geometry": { "type": "Point", "coordinates": [ 377837.791000000026543, 2046141.903 ] } },
{ "type": "Feature", "properties": { "interval_id": "150_180", "scenario_id": "rajendra_nagar_heavy_rain_demo", "start_min": 150, "end_min": 180, "duration_s": 1800, "drain_node_id": "RN_DNODE_00422", "outgoing_drain_id": "RN_DRAIN_00343", "total_q_m3s": 0.31516185857963031, "capacity_m3s": 0.30124813859248456, "overflow_q_m3s": 0.013913719987145745, "overflow_volume_m3": 25.044695976862343, "capacity_source": "synthetic_manning_scenario", "capacity_is_observed": 0, "source_type": "prototype_drainage_capacity_overflow" }, "geometry": { "type": "Point", "coordinates": [ 377807.791000000026543, 2046111.903 ] } },
{ "type": "Feature", "properties": { "interval_id": "150_180", "scenario_id": "rajendra_nagar_heavy_rain_demo", "start_min": 150, "end_min": 180, "duration_s": 1800, "drain_node_id": "RN_DNODE_00413", "outgoing_drain_id": "RN_DRAIN_00342", "total_q_m3s": 0.30124813859248456, "capacity_m3s": 0.30107555299333355, "overflow_q_m3s": 0.00017258559915100946, "overflow_volume_m3": 0.31065407847181703, "capacity_source": "synthetic_manning_scenario", "capacity_is_observed": 0, "source_type": "prototype_drainage_capacity_overflow" }, "geometry": { "type": "Point", "coordinates": [ 377777.791000000026543, 2046111.903 ] } },
{ "type": "Feature", "properties": { "interval_id": "150_180", "scenario_id": "rajendra_nagar_heavy_rain_demo", "start_min": 150, "end_min": 180, "duration_s": 1800, "drain_node_id": "RN_DNODE_00218", "outgoing_drain_id": "RN_DRAIN_00286", "total_q_m3s": 0.7050668002322088, "capacity_m3s": 0.69327138773681873, "overflow_q_m3s": 0.011795412495390067, "overflow_volume_m3": 21.231742491702121, "capacity_source": "synthetic_manning_scenario", "capacity_is_observed": 0, "source_type": "prototype_drainage_capacity_overflow" }, "geometry": { "type": "Point", "coordinates": [ 377207.791000000026543, 2046201.903 ] } },
{ "type": "Feature", "properties": { "interval_id": "150_180", "scenario_id": "rajendra_nagar_heavy_rain_demo", "start_min": 150, "end_min": 180, "duration_s": 1800, "drain_node_id": "RN_DNODE_00384", "outgoing_drain_id": "RN_DRAIN_00319", "total_q_m3s": 0.32251305384104406, "capacity_m3s": 0.30116185815577506, "overflow_q_m3s": 0.021351195685268998, "overflow_volume_m3": 38.432152233484196, "capacity_source": "synthetic_manning_scenario", "capacity_is_observed": 0, "source_type": "prototype_drainage_capacity_overflow" }, "geometry": { "type": "Point", "coordinates": [ 377687.791000000026543, 2046141.903 ] } },
{ "type": "Feature", "properties": { "interval_id": "150_180", "scenario_id": "rajendra_nagar_heavy_rain_demo", "start_min": 150, "end_min": 180, "duration_s": 1800, "drain_node_id": "RN_DNODE_00376", "outgoing_drain_id": "RN_DRAIN_00304", "total_q_m3s": 0.35089114191875387, "capacity_m3s": 0.30116185815577506, "overflow_q_m3s": 0.049729283762978804, "overflow_volume_m3": 89.512710773361846, "capacity_source": "synthetic_manning_scenario", "capacity_is_observed": 0, "source_type": "prototype_drainage_capacity_overflow" }, "geometry": { "type": "Point", "coordinates": [ 377657.791000000026543, 2046171.903 ] } },
{ "type": "Feature", "properties": { "interval_id": "150_180", "scenario_id": "rajendra_nagar_heavy_rain_demo", "start_min": 150, "end_min": 180, "duration_s": 1800, "drain_node_id": "RN_DNODE_00221", "outgoing_drain_id": "RN_DRAIN_00247", "total_q_m3s": 0.69327138773681873, "capacity_m3s": 0.69307282797684278, "overflow_q_m3s": 0.00019855975997595809, "overflow_volume_m3": 0.35740756795672457, "capacity_source": "synthetic_manning_scenario", "capacity_is_observed": 0, "source_type": "prototype_drainage_capacity_overflow" }, "geometry": { "type": "Point", "coordinates": [ 377207.791000000026543, 2046291.903 ] } },
{ "type": "Feature", "properties": { "interval_id": "150_180", "scenario_id": "rajendra_nagar_heavy_rain_demo", "start_min": 150, "end_min": 180, "duration_s": 1800, "drain_node_id": "RN_DNODE_00364", "outgoing_drain_id": "RN_DRAIN_00277", "total_q_m3s": 1.053661880937995, "capacity_m3s": 0.30116185815577506, "overflow_q_m3s": 0.75250002278221984, "overflow_volume_m3": 1354.5000410079956, "capacity_source": "synthetic_manning_scenario", "capacity_is_observed": 0, "source_type": "prototype_drainage_capacity_overflow" }, "geometry": { "type": "Point", "coordinates": [ 377597.791000000026543, 2046231.903 ] } },
{ "type": "Feature", "properties": { "interval_id": "150_180", "scenario_id": "rajendra_nagar_heavy_rain_demo", "start_min": 150, "end_min": 180, "duration_s": 1800, "drain_node_id": "RN_DNODE_00196", "outgoing_drain_id": "RN_DRAIN_00204", "total_q_m3s": 0.90699977388875797, "capacity_m3s": 0.69327138773681873, "overflow_q_m3s": 0.21372838615193923, "overflow_volume_m3": 384.71109507349064, "capacity_source": "synthetic_manning_scenario", "capacity_is_observed": 0, "source_type": "prototype_drainage_capacity_overflow" }, "geometry": { "type": "Point", "coordinates": [ 377177.791000000026543, 2046381.903 ] } },
{ "type": "Feature", "properties": { "interval_id": "150_180", "scenario_id": "rajendra_nagar_heavy_rain_demo", "start_min": 150, "end_min": 180, "duration_s": 1800, "drain_node_id": "RN_DNODE_00343", "outgoing_drain_id": "RN_DRAIN_00234", "total_q_m3s": 0.39122864792275425, "capacity_m3s": 0.30116185815577506, "overflow_q_m3s": 0.090066789766979183, "overflow_volume_m3": 162.12022158056254, "capacity_source": "synthetic_manning_scenario", "capacity_is_observed": 0, "source_type": "prototype_drainage_capacity_overflow" }, "geometry": { "type": "Point", "coordinates": [ 377507.791000000026543, 2046321.903 ] } },
{ "type": "Feature", "properties": { "interval_id": "150_180", "scenario_id": "rajendra_nagar_heavy_rain_demo", "start_min": 150, "end_min": 180, "duration_s": 1800, "drain_node_id": "RN_DNODE_00197", "outgoing_drain_id": "RN_DRAIN_00191", "total_q_m3s": 2.9223339179365055, "capacity_m3s": 0.69287421131479709, "overflow_q_m3s": 2.2294597066217086, "overflow_volume_m3": 4013.0274719190752, "capacity_source": "synthetic_manning_scenario", "capacity_is_observed": 0, "source_type": "prototype_drainage_capacity_overflow" }, "geometry": { "type": "Point", "coordinates": [ 377177.791000000026543, 2046411.903 ] } },
{ "type": "Feature", "properties": { "interval_id": "150_180", "scenario_id": "rajendra_nagar_heavy_rain_demo", "start_min": 150, "end_min": 180, "duration_s": 1800, "drain_node_id": "RN_DNODE_00199", "outgoing_drain_id": "RN_DRAIN_00164", "total_q_m3s": 0.70031171173865236, "capacity_m3s": 0.69327138773681873, "overflow_q_m3s": 0.0070403240018336311, "overflow_volume_m3": 12.672583203300537, "capacity_source": "synthetic_manning_scenario", "capacity_is_observed": 0, "source_type": "prototype_drainage_capacity_overflow" }, "geometry": { "type": "Point", "coordinates": [ 377177.791000000026543, 2046471.903 ] } },
{ "type": "Feature", "properties": { "interval_id": "150_180", "scenario_id": "rajendra_nagar_heavy_rain_demo", "start_min": 150, "end_min": 180, "duration_s": 1800, "drain_node_id": "RN_DNODE_00318", "outgoing_drain_id": "RN_DRAIN_00194", "total_q_m3s": 0.72828939436004214, "capacity_m3s": 0.30116185815577506, "overflow_q_m3s": 0.42712753620426708, "overflow_volume_m3": 768.8295651676807, "capacity_source": "synthetic_manning_scenario", "capacity_is_observed": 0, "source_type": "prototype_drainage_capacity_overflow" }, "geometry": { "type": "Point", "coordinates": [ 377447.791000000026543, 2046411.903 ] } },
{ "type": "Feature", "properties": { "interval_id": "150_180", "scenario_id": "rajendra_nagar_heavy_rain_demo", "start_min": 150, "end_min": 180, "duration_s": 1800, "drain_node_id": "RN_DNODE_00301", "outgoing_drain_id": "RN_DRAIN_00181", "total_q_m3s": 0.32391185910944936, "capacity_m3s": 0.30124813859248456, "overflow_q_m3s": 0.022663720516964803, "overflow_volume_m3": 40.794696930536645, "capacity_source": "synthetic_manning_scenario", "capacity_is_observed": 0, "source_type": "prototype_drainage_capacity_overflow" }, "geometry": { "type": "Point", "coordinates": [ 377417.791000000026543, 2046441.903 ] } },
{ "type": "Feature", "properties": { "interval_id": "150_180", "scenario_id": "rajendra_nagar_heavy_rain_demo", "start_min": 150, "end_min": 180, "duration_s": 1800, "drain_node_id": "RN_DNODE_00201", "outgoing_drain_id": "RN_DRAIN_00140", "total_q_m3s": 0.72811568804185356, "capacity_m3s": 0.69307282797684278, "overflow_q_m3s": 0.035042860065010784, "overflow_volume_m3": 63.077148117019412, "capacity_source": "synthetic_manning_scenario", "capacity_is_observed": 0, "source_type": "prototype_drainage_capacity_overflow" }, "geometry": { "type": "Point", "coordinates": [ 377177.791000000026543, 2046531.903 ] } },
{ "type": "Feature", "properties": { "interval_id": "150_180", "scenario_id": "rajendra_nagar_heavy_rain_demo", "start_min": 150, "end_min": 180, "duration_s": 1800, "drain_node_id": "RN_DNODE_00302", "outgoing_drain_id": "RN_DRAIN_00167", "total_q_m3s": 0.32399813954615886, "capacity_m3s": 0.30124813859248456, "overflow_q_m3s": 0.022750000953674299, "overflow_volume_m3": 40.950001716613741, "capacity_source": "synthetic_manning_scenario", "capacity_is_observed": 0, "source_type": "prototype_drainage_capacity_overflow" }, "geometry": { "type": "Point", "coordinates": [ 377417.791000000026543, 2046471.903 ] } },
{ "type": "Feature", "properties": { "interval_id": "150_180", "scenario_id": "rajendra_nagar_heavy_rain_demo", "start_min": 150, "end_min": 180, "duration_s": 1800, "drain_node_id": "RN_DNODE_00228", "outgoing_drain_id": "RN_DRAIN_00128", "total_q_m3s": 0.92105571680320963, "capacity_m3s": 0.69327138773681873, "overflow_q_m3s": 0.2277843290663909, "overflow_volume_m3": 410.01179231950363, "capacity_source": "synthetic_manning_scenario", "capacity_is_observed": 0, "source_type": "prototype_drainage_capacity_overflow" }, "geometry": { "type": "Point", "coordinates": [ 377207.791000000026543, 2046561.903 ] } },
{ "type": "Feature", "properties": { "interval_id": "150_180", "scenario_id": "rajendra_nagar_heavy_rain_demo", "start_min": 150, "end_min": 180, "duration_s": 1800, "drain_node_id": "RN_DNODE_00229", "outgoing_drain_id": "RN_DRAIN_00114", "total_q_m3s": 0.69327138773681873, "capacity_m3s": 0.69307282797684278, "overflow_q_m3s": 0.00019855975997595809, "overflow_volume_m3": 0.35740756795672457, "capacity_source": "synthetic_manning_scenario", "capacity_is_observed": 0, "source_type": "prototype_drainage_capacity_overflow" }, "geometry": { "type": "Point", "coordinates": [ 377207.791000000026543, 2046591.903 ] } },
{ "type": "Feature", "properties": { "interval_id": "150_180", "scenario_id": "rajendra_nagar_heavy_rain_demo", "start_min": 150, "end_min": 180, "duration_s": 1800, "drain_node_id": "RN_DNODE_00335", "outgoing_drain_id": "RN_DRAIN_00097", "total_q_m3s": 0.57672742998485793, "capacity_m3s": 0.30124813859248456, "overflow_q_m3s": 0.27547929139237337, "overflow_volume_m3": 495.86272450627206, "capacity_source": "synthetic_manning_scenario", "capacity_is_observed": 0, "source_type": "prototype_drainage_capacity_overflow" }, "geometry": { "type": "Point", "coordinates": [ 377477.791000000026543, 2046621.903 ] } },
{ "type": "Feature", "properties": { "interval_id": "150_180", "scenario_id": "rajendra_nagar_heavy_rain_demo", "start_min": 150, "end_min": 180, "duration_s": 1800, "drain_node_id": "RN_DNODE_00337", "outgoing_drain_id": "RN_DRAIN_00068", "total_q_m3s": 0.30124813859248456, "capacity_m3s": 0.30116185815577506, "overflow_q_m3s": 8.6280436709496033e-05, "overflow_volume_m3": 0.15530478607709286, "capacity_source": "synthetic_manning_scenario", "capacity_is_observed": 0, "source_type": "prototype_drainage_capacity_overflow" }, "geometry": { "type": "Point", "coordinates": [ 377477.791000000026543, 2046681.903 ] } },
{ "type": "Feature", "properties": { "interval_id": "150_180", "scenario_id": "rajendra_nagar_heavy_rain_demo", "start_min": 150, "end_min": 180, "duration_s": 1800, "drain_node_id": "RN_DNODE_00292", "outgoing_drain_id": "RN_DRAIN_00026", "total_q_m3s": 0.30116185815577506, "capacity_m3s": 0.22798288882636691, "overflow_q_m3s": 0.07317896932940815, "overflow_volume_m3": 131.72214479293467, "capacity_source": "synthetic_manning_scenario", "capacity_is_observed": 0, "source_type": "prototype_drainage_capacity_overflow" }, "geometry": { "type": "Point", "coordinates": [ 377387.791000000026543, 2046831.903 ] } },
{ "type": "Feature", "properties": { "interval_id": "150_180", "scenario_id": "rajendra_nagar_heavy_rain_demo", "start_min": 150, "end_min": 180, "duration_s": 1800, "drain_node_id": "RN_DNODE_00283", "outgoing_drain_id": "RN_DRAIN_00012", "total_q_m3s": 0.92105571680320963, "capacity_m3s": 0.69307282797684278, "overflow_q_m3s": 0.22798288882636686, "overflow_volume_m3": 410.36919988746035, "capacity_source": "synthetic_manning_scenario", "capacity_is_observed": 0, "source_type": "prototype_drainage_capacity_overflow" }, "geometry": { "type": "Point", "coordinates": [ 377357.791000000026543, 2046861.903 ] } }
]
}
