interval_id,scenario_id,start_min,end_min,duration_s,drain_node_id,local_inlet_q_m3s,upstream_q_m3s,total_q_m3s,outgoing_drain_id,capacity_m3s,capacity_source,capacity_is_observed,conveyed_q_m3s,overflow_q_m3s,export_q_m3s,overflow_volume_m3
000_030,rajendra_nagar_heavy_rain_demo,0,30,1800,RN_DNODE_00325,0.0,0.0,0.0,RN_DRAIN_00002,0.04832921076750425,synthetic_manning_scenario,0.0,0.0,0.0,0.0,0.0
000_030,rajendra_nagar_heavy_rain_demo,0,30,1800,RN_DNODE_00338,0.0,0.0,0.0,RN_DRAIN_00003,0.03117685014218198,synthetic_manning_scenario,0.0,0.0,0.0,0.0,0.0
000_030,rajendra_nagar_heavy_rain_demo,0,30,1800,RN_DNODE_00441,0.022687500317891438,0.0,0.022687500317891438,RN_DRAIN_00005,0.02637752433631995,synthetic_manning_scenario,0.0,0.022687500317891438,0.0,0.0,0.0
000_030,rajendra_nagar_heavy_rain_demo,0,30,1800,RN_DNODE_00310,0.0,0.0,0.0,RN_DRAIN_00008,0.03485428291526828,synthetic_manning_scenario,0.0,0.0,0.0,0.0,0.0
000_030,rajendra_nagar_heavy_rain_demo,0,30,1800,RN_DNODE_00324,0.0,0.0,0.0,RN_DRAIN_00009,0.02637752433631995,synthetic_manning_scenario,0.0,0.0,0.0,0.0,0.0
000_030,rajendra_nagar_heavy_rain_demo,0,30,1800,RN_DNODE_00293,0.0,0.0,0.0,RN_DRAIN_00013,0.03485428291526828,synthetic_manning_scenario,0.0,0.0,0.0,0.0,0.0
000_030,rajendra_nagar_heavy_rain_demo,0,30,1800,RN_DNODE_00309,0.0,0.0,0.0,RN_DRAIN_00014,0.02637752433631995,synthetic_manning_scenario,0.0,0.0,0.0,0.0,0.0
000_030,rajendra_nagar_heavy_rain_demo,0,30,1800,RN_DNODE_00495,0.0,0.0,0.0,RN_DRAIN_00023,0.02637752433631995,synthetic_manning_scenario,0.0,0.0,0.0,0.0,0.0
000_030,rajendra_nagar_heavy_rain_demo,0,30,1800,RN_DNODE_00282,0.0,0.0,0.0,RN_DRAIN_00025,0.03485428291526828,synthetic_manning_scenario,0.0,0.0,0.0,0.0,0.0
000_030,rajendra_nagar_heavy_rain_demo,0,30,1800,RN_DNODE_00308,0.0,0.0,0.0,RN_DRAIN_00027,0.09079004401073118,synthetic_manning_scenario,0.0,0.0,0.0,0.0,0.0
000_030,rajendra_nagar_heavy_rain_demo,0,30,1800,RN_DNODE_00276,0.0,0.0,0.0,RN_DRAIN_00031,0.03483431483404455,synthetic_manning_scenario,0.0,0.0,0.0,0.0,0.0
000_030,rajendra_nagar_heavy_rain_demo,0,30,1800,RN_DNODE_00281,0.0,0.0,0.0,RN_DRAIN_00032,0.02637752433631995,synthetic_manning_scenario,0.0,0.0,0.0,0.0,0.0
000_030,rajendra_nagar_heavy_rain_demo,0,30,1800,RN_DNODE_00307,0.0,0.0,0.0,RN_DRAIN_00034,0.14733919378536192,synthetic_manning_scenario,0.0,0.0,0.0,0.0,0.0
000_030,rajendra_nagar_heavy_rain_demo,0,30,1800,RN_DNODE_00261,0.0,0.0,0.0,RN_DRAIN_00037,0.03484430030503481,synthetic_manning_scenario,0.0,0.0,0.0,0.0,0.0
000_030,rajendra_nagar_heavy_rain_demo,0,30,1800,RN_DNODE_00275,0.0,0.0,0.0,RN_DRAIN_00039,0.02637752433631995,synthetic_manning_scenario,0.0,0.0,0.0,0.0,0.0
000_030,rajendra_nagar_heavy_rain_demo,0,30,1800,RN_DNODE_00280,0.0,0.0,0.0,RN_DRAIN_00040,0.11520064788280598,synthetic_manning_scenario,0.0,0.0,0.0,0.0,0.0
000_030,rajendra_nagar_heavy_rain_demo,0,30,1800,RN_DNODE_00290,0.0,0.0,0.0,RN_DRAIN_00041,0.23403717670292817,synthetic_manning_scenario,0.0,0.0,0.0,0.0,0.0
000_030,rajendra_nagar_heavy_rain_demo,0,30,1800,RN_DNODE_00035,0.0,0.0,0.0,RN_DRAIN_00045,0.15492389313383287,synthetic_manning_scenario,0.0,0.0,0.0,0.0,0.0
000_030,rajendra_nagar_heavy_rain_demo,0,30,1800,RN_DNODE_00042,0.0,0.0,0.0,RN_DRAIN_00046,0.03485428291526828,synthetic_manning_scenario,0.0,0.0,0.0,0.0,0.0
000_030,rajendra_nagar_heavy_rain_demo,0,30,1800,RN_DNODE_00253,0.0,0.0,0.0,RN_DRAIN_00047,0.02637752433631995,synthetic_manning_scenario,0.0,0.0,0.0,0.0,0.0
000_030,rajendra_nagar_heavy_rain_demo,0,30,1800,RN_DNODE_00268,0.0,0.0,0.0,RN_DRAIN_00049,0.03485428291526828,synthetic_manning_scenario,0.0,0.0,0.0,0.0,0.0
000_030,rajendra_nagar_heavy_rain_demo,0,30,1800,RN_DNODE_00417,0.021656249894036188,0.0,0.021656249894036188,RN_DRAIN_00051,0.11248088992987894,synthetic_manning_scenario,0.0,0.021656249894036188,0.0,0.0,0.0
000_030,rajendra_nagar_heavy_rain_demo,0,30,1800,RN_DNODE_00034,0.005843750105963813,0.0,0.005843750105963813,RN_DRAIN_00054,0.08940774616670524,synthetic_manning_scenario,0.0,0.005843750105963813,0.0,0.0,0.0
000_030,rajendra_nagar_heavy_rain_demo,0,30,1800,RN_DNODE_00082,0.0,0.0,0.0,RN_DRAIN_00056,0.03485428291526828,synthetic_manning_scenario,0.0,0.0,0.0,0.0,0.0
000_030,rajendra_nagar_heavy_rain_demo,0,30,1800,RN_DNODE_00252,0.0,0.0,0.0,RN_DRAIN_00057,0.02637752433631995,synthetic_manning_scenario,0.0,0.0,0.0,0.0,0.0
000_030,rajendra_nagar_heavy_rain_demo,0,30,1800,RN_DNODE_00267,0.0,0.0,0.0,RN_DRAIN_00059,0.02637752433631995,synthetic_manning_scenario,0.0,0.0,0.0,0.0,0.0
000_030,rajendra_nagar_heavy_rain_demo,0,30,1800,RN_DNODE_00503,0.011687500211927626,0.0,0.011687500211927626,RN_DRAIN_00062,0.03485428291526828,synthetic_manning_scenario,0.0,0.011687500211927626,0.0,0.0,0.0
000_030,rajendra_nagar_heavy_rain_demo,0,30,1800,RN_DNODE_00258,0.0,0.0,0.0,RN_DRAIN_00067,0.03485428291526828,synthetic_manning_scenario,0.0,0.0,0.0,0.0,0.0
000_030,rajendra_nagar_heavy_rain_demo,0,30,1800,RN_DNODE_00415,0.16809375074174668,0.0,0.16809375074174668,RN_DRAIN_00069,0.13572767824149176,synthetic_manning_scenario,0.0,0.13572767824149176,0.03236607250025492,0.0,58.25893050045885
000_030,rajendra_nagar_heavy_rain_demo,0,30,1800,RN_DNODE_00533,0.0,0.0,0.0,RN_DRAIN_00079,0.03485428291526828,synthetic_manning_scenario,0.0,0.0,0.0,0.0,0.0
000_030,rajendra_nagar_heavy_rain_demo,0,30,1800,RN_DNODE_00534,0.0,0.0,0.0,RN_DRAIN_00080,0.02637752433631995,synthetic_manning_scenario,0.0,0.0,0.0,0.0,0.0
000_030,rajendra_nagar_heavy_rain_demo,0,30,1800,RN_DNODE_00139,0.0,0.0,0.0,RN_DRAIN_00092,0.17503430320954919,synthetic_manning_scenario,0.0,0.0,0.0,0.0,0.0
000_030,rajendra_nagar_heavy_rain_demo,0,30,1800,RN_DNODE_00204,0.0,0.0,0.0,RN_DRAIN_00093,0.03484430030503481,synthetic_manning_scenario,0.0,0.0,0.0,0.0,0.0
000_030,rajendra_nagar_heavy_rain_demo,0,30,1800,RN_DNODE_00230,0.0,0.0,0.0,RN_DRAIN_00094,0.03484430030503481,synthetic_manning_scenario,0.0,0.0,0.0,0.0,0.0
000_030,rajendra_nagar_heavy_rain_demo,0,30,1800,RN_DNODE_00322,0.0,0.0,0.0,RN_DRAIN_00096,0.2205372423203837,synthetic_manning_scenario,0.0,0.0,0.0,0.0,0.0
000_030,rajendra_nagar_heavy_rain_demo,0,30,1800,RN_DNODE_00367,0.0,0.0,0.0,RN_DRAIN_00101,0.11429110698380826,synthetic_manning_scenario,0.0,0.0,0.0,0.0,0.0
000_030,rajendra_nagar_heavy_rain_demo,0,30,1800,RN_DNODE_00524,0.0,0.0,0.0,RN_DRAIN_00103,0.03485428291526828,synthetic_manning_scenario,0.0,0.0,0.0,0.0,0.0
000_030,rajendra_nagar_heavy_rain_demo,0,30,1800,RN_DNODE_00114,0.011000000105963813,0.0,0.011000000105963813,RN_DRAIN_00108,0.05279460013290454,synthetic_manning_scenario,0.0,0.011000000105963813,0.0,0.0,0.0
000_030,rajendra_nagar_heavy_rain_demo,0,30,1800,RN_DNODE_00126,0.0,0.0,0.0,RN_DRAIN_00109,0.216149286911403,synthetic_manning_scenario,0.0,0.0,0.0,0.0,0.0
000_030,rajendra_nagar_heavy_rain_demo,0,30,1800,RN_DNODE_00156,0.0,0.0,0.0,RN_DRAIN_00111,0.2471983594008618,synthetic_manning_scenario,0.0,0.0,0.0,0.0,0.0
000_030,rajendra_nagar_heavy_rain_demo,0,30,1800,RN_DNODE_00177,0.0,0.0,0.0,RN_DRAIN_00112,0.02637752433631995,synthetic_manning_scenario,0.0,0.0,0.0,0.0,0.0
000_030,rajendra_nagar_heavy_rain_demo,0,30,1800,RN_DNODE_00248,0.0,0.0,0.0,RN_DRAIN_00115,0.03485428291526828,synthetic_manning_scenario,0.0,0.0,0.0,0.0,0.0
000_030,rajendra_nagar_heavy_rain_demo,0,30,1800,RN_DNODE_00334,0.0,0.0,0.0,RN_DRAIN_00117,0.2898108574113625,synthetic_manning_scenario,0.0,0.0,0.0,0.0,0.0
000_030,rajendra_nagar_heavy_rain_demo,0,30,1800,RN_DNODE_00366,0.0,0.0,0.0,RN_DRAIN_00118,0.20580724239131704,synthetic_manning_scenario,0.0,0.0,0.0,0.0,0.0
000_030,rajendra_nagar_heavy_rain_demo,0,30,1800,RN_DNODE_00539,0.0,0.0,0.0,RN_DRAIN_00120,0.03485428291526828,synthetic_manning_scenario,0.0,0.0,0.0,0.0,0.0
000_030,rajendra_nagar_heavy_rain_demo,0,30,1800,RN_DNODE_00056,0.0,0.0,0.0,RN_DRAIN_00123,0.03484430030503481,synthetic_manning_scenario,0.0,0.0,0.0,0.0,0.0
000_030,rajendra_nagar_heavy_rain_demo,0,30,1800,RN_DNODE_00137,0.0,0.0,0.0,RN_DRAIN_00124,0.24465918118318086,synthetic_manning_scenario,0.0,0.0,0.0,0.0,0.0
000_030,rajendra_nagar_heavy_rain_demo,0,30,1800,RN_DNODE_00289,0.011687500211927626,0.0,0.011687500211927626,RN_DRAIN_00129,0.12733816465846753,synthetic_manning_scenario,0.0,0.011687500211927626,0.0,0.0,0.0
000_030,rajendra_nagar_heavy_rain_demo,0,30,1800,RN_DNODE_00471,0.01203125,0.0,0.01203125,RN_DRAIN_00133,0.03485428291526828,synthetic_manning_scenario,0.0,0.01203125,0.0,0.0,0.0
000_030,rajendra_nagar_heavy_rain_demo,0,30,1800,RN_DNODE_00038,0.011687500211927626,0.0,0.011687500211927626,RN_DRAIN_00136,0.02637752433631995,synthetic_manning_scenario,0.0,0.011687500211927626,0.0,0.0,0.0
000_030,rajendra_nagar_heavy_rain_demo,0,30,1800,RN_DNODE_00047,0.005843750105963813,0.0,0.005843750105963813,RN_DRAIN_00137,0.02637752433631995,synthetic_manning_scenario,0.0,0.005843750105963813,0.0,0.0,0.0
000_030,rajendra_nagar_heavy_rain_demo,0,30,1800,RN_DNODE_00154,0.0,0.0,0.0,RN_DRAIN_00138,0.1774601738083829,synthetic_manning_scenario,0.0,0.0,0.0,0.0,0.0
000_030,rajendra_nagar_heavy_rain_demo,0,30,1800,RN_DNODE_00175,0.0,0.0,0.0,RN_DRAIN_00139,0.02637752433631995,synthetic_manning_scenario,0.0,0.0,0.0,0.0,0.0
000_030,rajendra_nagar_heavy_rain_demo,0,30,1800,RN_DNODE_00001,0.0,0.0,0.0,RN_DRAIN_00148,0.23026234147550612,synthetic_manning_scenario,0.0,0.0,0.0,0.0,0.0
000_030,rajendra_nagar_heavy_rain_demo,0,30,1800,RN_DNODE_00173,0.0,0.0,0.0,RN_DRAIN_00163,0.03484430030503481,synthetic_manning_scenario,0.0,0.0,0.0,0.0,0.0
000_030,rajendra_nagar_heavy_rain_demo,0,30,1800,RN_DNODE_00227,0.0,0.0,0.0,RN_DRAIN_00165,0.03484430030503481,synthetic_manning_scenario,0.0,0.0,0.0,0.0,0.0
000_030,rajendra_nagar_heavy_rain_demo,0,30,1800,RN_DNODE_00287,0.017531250317891437,0.0,0.017531250317891437,RN_DRAIN_00166,0.03484430030503481,synthetic_manning_scenario,0.0,0.017531250317891437,0.0,0.0,0.0
000_030,rajendra_nagar_heavy_rain_demo,0,30,1800,RN_DNODE_00320,0.0,0.0,0.0,RN_DRAIN_00168,0.03484430030503481,synthetic_manning_scenario,0.0,0.0,0.0,0.0,0.0
000_030,rajendra_nagar_heavy_rain_demo,0,30,1800,RN_DNODE_00437,0.17118750148349338,0.0,0.17118750148349338,RN_DRAIN_00172,0.05158812602898853,synthetic_manning_scenario,0.0,0.05158812602898853,0.11959937545450484,0.0,215.27887581810873
000_030,rajendra_nagar_heavy_rain_demo,0,30,1800,RN_DNODE_00071,0.11515625052981907,0.0,0.11515625052981907,RN_DRAIN_00174,0.14154681932172938,synthetic_manning_scenario,0.0,0.11515625052981907,0.0,0.0,0.0
000_030,rajendra_nagar_heavy_rain_demo,0,30,1800,RN_DNODE_00226,0.0,0.0,0.0,RN_DRAIN_00180,0.03484430030503481,synthetic_manning_scenario,0.0,0.0,0.0,0.0,0.0
000_030,rajendra_nagar_heavy_rain_demo,0,30,1800,RN_DNODE_00319,0.017875000105963813,0.0,0.017875000105963813,RN_DRAIN_00182,0.03484430030503481,synthetic_manning_scenario,0.0,0.017875000105963813,0.0,0.0,0.0
000_030,rajendra_nagar_heavy_rain_demo,0,30,1800,RN_DNODE_00152,0.005843750105963813,0.0,0.005843750105963813,RN_DRAIN_00189,0.2781184424317617,synthetic_manning_scenario,0.0,0.005843750105963813,0.0,0.0,0.0
000_030,rajendra_nagar_heavy_rain_demo,0,30,1800,RN_DNODE_00171,0.005843750105963813,0.0,0.005843750105963813,RN_DRAIN_00190,0.21513777926228358,synthetic_manning_scenario,0.0,0.005843750105963813,0.0,0.0,0.0
000_030,rajendra_nagar_heavy_rain_demo,0,30,1800,RN_DNODE_00225,0.00790625015894572,0.0,0.00790625015894572,RN_DRAIN_00192,0.02637752433631995,synthetic_manning_scenario,0.0,0.00790625015894572,0.0,0.0,0.0
000_030,rajendra_nagar_heavy_rain_demo,0,30,1800,RN_DNODE_00300,0.017875000105963813,0.0,0.017875000105963813,RN_DRAIN_00193,0.03485428291526828,synthetic_manning_scenario,0.0,0.017875000105963813,0.0,0.0,0.0
000_030,rajendra_nagar_heavy_rain_demo,0,30,1800,RN_DNODE_00490,0.0,0.0,0.0,RN_DRAIN_00196,0.038632043432786596,synthetic_manning_scenario,0.0,0.0,0.0,0.0,0.0
000_030,rajendra_nagar_heavy_rain_demo,0,30,1800,RN_DNODE_00002,0.0,0.0,0.0,RN_DRAIN_00197,0.02637752433631995,synthetic_manning_scenario,0.0,0.0,0.0,0.0,0.0
000_030,rajendra_nagar_heavy_rain_demo,0,30,1800,RN_DNODE_00135,0.016843750211927626,0.0,0.016843750211927626,RN_DRAIN_00201,0.14808812947220454,synthetic_manning_scenario,0.0,0.016843750211927626,0.0,0.0,0.0
000_030,rajendra_nagar_heavy_rain_demo,0,30,1800,RN_DNODE_00151,0.0,0.0,0.0,RN_DRAIN_00202,0.22523069736860887,synthetic_manning_scenario,0.0,0.0,0.0,0.0,0.0
000_030,rajendra_nagar_heavy_rain_demo,0,30,1800,RN_DNODE_00170,0.0,0.0,0.0,RN_DRAIN_00203,0.22622629578712322,synthetic_manning_scenario,0.0,0.0,0.0,0.0,0.0
000_030,rajendra_nagar_heavy_rain_demo,0,30,1800,RN_DNODE_00224,0.0,0.0,0.0,RN_DRAIN_00205,0.03485428291526828,synthetic_manning_scenario,0.0,0.0,0.0,0.0,0.0
000_030,rajendra_nagar_heavy_rain_demo,0,30,1800,RN_DNODE_00299,0.023718750211927625,0.0,0.023718750211927625,RN_DRAIN_00206,0.02637752433631995,synthetic_manning_scenario,0.0,0.023718750211927625,0.0,0.0,0.0
000_030,rajendra_nagar_heavy_rain_demo,0,30,1800,RN_DNODE_00359,0.12581250137752956,0.0,0.12581250137752956,RN_DRAIN_00208,0.09006678976697921,synthetic_manning_scenario,0.0,0.09006678976697921,0.035745711610550346,0.0,64.34228089899062
000_030,rajendra_nagar_heavy_rain_demo,0,30,1800,RN_DNODE_00124,0.0,0.0,0.0,RN_DRAIN_00211,0.02637752433631995,synthetic_manning_scenario,0.0,0.0,0.0,0.0,0.0
000_030,rajendra_nagar_heavy_rain_demo,0,30,1800,RN_DNODE_00223,0.0,0.0,0.0,RN_DRAIN_00215,0.03484430030503481,synthetic_manning_scenario,0.0,0.0,0.0,0.0,0.0
000_030,rajendra_nagar_heavy_rain_demo,0,30,1800,RN_DNODE_00316,0.0,0.0,0.0,RN_DRAIN_00216,0.03485428291526828,synthetic_manning_scenario,0.0,0.0,0.0,0.0,0.0
000_030,rajendra_nagar_heavy_rain_demo,0,30,1800,RN_DNODE_00546,0.1553750001059638,0.0,0.1553750001059638,RN_DRAIN_00219,0.07396532506289491,synthetic_manning_scenario,0.0,0.07396532506289491,0.0814096750430689,0.0,146.537415077524
000_030,rajendra_nagar_heavy_rain_demo,0,30,1800,RN_DNODE_00022,0.029562500317891437,0.0,0.029562500317891437,RN_DRAIN_00221,0.03485428291526828,synthetic_manning_scenario,0.0,0.029562500317891437,0.0,0.0,0.0
000_030,rajendra_nagar_heavy_rain_demo,0,30,1800,RN_DNODE_00149,0.0,0.0,0.0,RN_DRAIN_00229,0.11345402204017847,synthetic_manning_scenario,0.0,0.0,0.0,0.0,0.0
000_030,rajendra_nagar_heavy_rain_demo,0,30,1800,RN_DNODE_00168,0.0,0.0,0.0,RN_DRAIN_00230,0.2627180237045502,synthetic_manning_scenario,0.0,0.0,0.0,0.0,0.0
000_030,rajendra_nagar_heavy_rain_demo,0,30,1800,RN_DNODE_00222,0.0,0.0,0.0,RN_DRAIN_00232,0.03484430030503481,synthetic_manning_scenario,0.0,0.0,0.0,0.0,0.0
000_030,rajendra_nagar_heavy_rain_demo,0,30,1800,RN_DNODE_00331,0.0,0.0,0.0,RN_DRAIN_00233,0.03485428291526828,synthetic_manning_scenario,0.0,0.0,0.0,0.0,0.0
000_030,rajendra_nagar_heavy_rain_demo,0,30,1800,RN_DNODE_00351,0.0,0.0,0.0,RN_DRAIN_00235,0.03485428291526828,synthetic_manning_scenario,0.0,0.0,0.0,0.0,0.0
000_030,rajendra_nagar_heavy_rain_demo,0,30,1800,RN_DNODE_00556,0.022687500317891438,0.0,0.022687500317891438,RN_DRAIN_00238,0.03484430030503481,synthetic_manning_scenario,0.0,0.022687500317891438,0.0,0.0,0.0
000_030,rajendra_nagar_heavy_rain_demo,0,30,1800,RN_DNODE_00014,0.0,0.0,0.0,RN_DRAIN_00239,0.02637752433631995,synthetic_manning_scenario,0.0,0.0,0.0,0.0,0.0
000_030,rajendra_nagar_heavy_rain_demo,0,30,1800,RN_DNODE_00065,0.0,0.0,0.0,RN_DRAIN_00242,0.03485428291526828,synthetic_manning_scenario,0.0,0.0,0.0,0.0,0.0
000_030,rajendra_nagar_heavy_rain_demo,0,30,1800,RN_DNODE_00076,0.0,0.0,0.0,RN_DRAIN_00244,0.03484430030503481,synthetic_manning_scenario,0.0,0.0,0.0,0.0,0.0
000_030,rajendra_nagar_heavy_rain_demo,0,30,1800,RN_DNODE_00085,0.0,0.0,0.0,RN_DRAIN_00245,0.03484430030503481,synthetic_manning_scenario,0.0,0.0,0.0,0.0,0.0
000_030,rajendra_nagar_heavy_rain_demo,0,30,1800,RN_DNODE_00193,0.0,0.0,0.0,RN_DRAIN_00246,0.03485428291526828,synthetic_manning_scenario,0.0,0.0,0.0,0.0,0.0
000_030,rajendra_nagar_heavy_rain_demo,0,30,1800,RN_DNODE_00342,0.0,0.0,0.0,RN_DRAIN_00248,0.03485428291526828,synthetic_manning_scenario,0.0,0.0,0.0,0.0,0.0
000_030,rajendra_nagar_heavy_rain_demo,0,30,1800,RN_DNODE_00247,0.0,0.0,0.0,RN_DRAIN_00261,0.02637752433631995,synthetic_manning_scenario,0.0,0.0,0.0,0.0,0.0
000_030,rajendra_nagar_heavy_rain_demo,0,30,1800,RN_DNODE_00349,0.0,0.0,0.0,RN_DRAIN_00262,0.03485428291526828,synthetic_manning_scenario,0.0,0.0,0.0,0.0,0.0
000_030,rajendra_nagar_heavy_rain_demo,0,30,1800,RN_DNODE_00054,0.0,0.0,0.0,RN_DRAIN_00272,0.16663623912470468,synthetic_manning_scenario,0.0,0.0,0.0,0.0,0.0
000_030,rajendra_nagar_heavy_rain_demo,0,30,1800,RN_DNODE_00063,0.0,0.0,0.0,RN_DRAIN_00273,0.11852287889848324,synthetic_manning_scenario,0.0,0.0,0.0,0.0,0.0
000_030,rajendra_nagar_heavy_rain_demo,0,30,1800,RN_DNODE_00246,0.0,0.0,0.0,RN_DRAIN_00275,0.03484430030503481,synthetic_manning_scenario,0.0,0.0,0.0,0.0,0.0
000_030,rajendra_nagar_heavy_rain_demo,0,30,1800,RN_DNODE_00357,0.0,0.0,0.0,RN_DRAIN_00276,0.03483431483404455,synthetic_manning_scenario,0.0,0.0,0.0,0.0,0.0
000_030,rajendra_nagar_heavy_rain_demo,0,30,1800,RN_DNODE_00372,0.0,0.0,0.0,RN_DRAIN_00278,0.03485428291526828,synthetic_manning_scenario,0.0,0.0,0.0,0.0,0.0
000_030,rajendra_nagar_heavy_rain_demo,0,30,1800,RN_DNODE_00541,0.0,0.0,0.0,RN_DRAIN_00280,0.03484430030503481,synthetic_manning_scenario,0.0,0.0,0.0,0.0,0.0
000_030,rajendra_nagar_heavy_rain_demo,0,30,1800,RN_DNODE_00245,0.0,0.0,0.0,RN_DRAIN_00287,0.02637752433631995,synthetic_manning_scenario,0.0,0.0,0.0,0.0,0.0
000_030,rajendra_nagar_heavy_rain_demo,0,30,1800,RN_DNODE_00363,0.0,0.0,0.0,RN_DRAIN_00288,0.03485428291526828,synthetic_manning_scenario,0.0,0.0,0.0,0.0,0.0
000_030,rajendra_nagar_heavy_rain_demo,0,30,1800,RN_DNODE_00377,0.0,0.0,0.0,RN_DRAIN_00290,0.03485428291526828,synthetic_manning_scenario,0.0,0.0,0.0,0.0,0.0
000_030,rajendra_nagar_heavy_rain_demo,0,30,1800,RN_DNODE_00396,0.263656251695421,0.0,0.263656251695421,RN_DRAIN_00291,0.1120128954947173,synthetic_manning_scenario,0.0,0.1120128954947173,0.1516433562007037,0.0,272.9580411612667
000_030,rajendra_nagar_heavy_rain_demo,0,30,1800,RN_DNODE_00448,0.035406249894036186,0.0,0.035406249894036186,RN_DRAIN_00292,0.02637752433631995,synthetic_manning_scenario,0.0,0.02637752433631995,0.009028725557716236,0.0,16.251706003889225
000_030,rajendra_nagar_heavy_rain_demo,0,30,1800,RN_DNODE_00005,0.0,0.0,0.0,RN_DRAIN_00294,0.04614936155069056,synthetic_manning_scenario,0.0,0.0,0.0,0.0,0.0
000_030,rajendra_nagar_heavy_rain_demo,0,30,1800,RN_DNODE_00244,0.0,0.0,0.0,RN_DRAIN_00302,0.03484430030503481,synthetic_manning_scenario,0.0,0.0,0.0,0.0,0.0
000_030,rajendra_nagar_heavy_rain_demo,0,30,1800,RN_DNODE_00370,0.0,0.0,0.0,RN_DRAIN_00303,0.03485428291526828,synthetic_manning_scenario,0.0,0.0,0.0,0.0,0.0
000_030,rajendra_nagar_heavy_rain_demo,0,30,1800,RN_DNODE_00395,0.016843750211927626,0.0,0.016843750211927626,RN_DRAIN_00306,0.02637752433631995,synthetic_manning_scenario,0.0,0.016843750211927626,0.0,0.0,0.0
000_030,rajendra_nagar_heavy_rain_demo,0,30,1800,RN_DNODE_00436,0.0,0.0,0.0,RN_DRAIN_00307,0.02637752433631995,synthetic_manning_scenario,0.0,0.0,0.0,0.0,0.0
000_030,rajendra_nagar_heavy_rain_demo,0,30,1800,RN_DNODE_00440,0.011687500211927626,0.0,0.011687500211927626,RN_DRAIN_00308,0.03485428291526828,synthetic_manning_scenario,0.0,0.011687500211927626,0.0,0.0,0.0
000_030,rajendra_nagar_heavy_rain_demo,0,30,1800,RN_DNODE_00243,0.0,0.0,0.0,RN_DRAIN_00317,0.03484430030503481,synthetic_manning_scenario,0.0,0.0,0.0,0.0,0.0
000_030,rajendra_nagar_heavy_rain_demo,0,30,1800,RN_DNODE_00375,0.011687500211927626,0.0,0.011687500211927626,RN_DRAIN_00318,0.03485428291526828,synthetic_manning_scenario,0.0,0.011687500211927626,0.0,0.0,0.0
000_030,rajendra_nagar_heavy_rain_demo,0,30,1800,RN_DNODE_00511,0.0,0.0,0.0,RN_DRAIN_00333,0.03485428291526828,synthetic_manning_scenario,0.0,0.0,0.0,0.0,0.0
000_030,rajendra_nagar_heavy_rain_demo,0,30,1800,RN_DNODE_00529,0.05396875010596381,0.0,0.05396875010596381,RN_DRAIN_00335,0.19300346415305064,synthetic_manning_scenario,0.0,0.05396875010596381,0.0,0.0,0.0
000_030,rajendra_nagar_heavy_rain_demo,0,30,1800,RN_DNODE_00074,0.0,0.0,0.0,RN_DRAIN_00336,0.03485428291526828,synthetic_manning_scenario,0.0,0.0,0.0,0.0,0.0
000_030,rajendra_nagar_heavy_rain_demo,0,30,1800,RN_DNODE_00242,0.0,0.0,0.0,RN_DRAIN_00338,0.03484430030503481,synthetic_manning_scenario,0.0,0.0,0.0,0.0,0.0
000_030,rajendra_nagar_heavy_rain_demo,0,30,1800,RN_DNODE_00383,0.0,0.0,0.0,RN_DRAIN_00339,0.03485428291526828,synthetic_manning_scenario,0.0,0.0,0.0,0.0,0.0
000_030,rajendra_nagar_heavy_rain_demo,0,30,1800,RN_DNODE_00393,0.0,0.0,0.0,RN_DRAIN_00340,0.03485428291526828,synthetic_manning_scenario,0.0,0.0,0.0,0.0,0.0
000_030,rajendra_nagar_heavy_rain_demo,0,30,1800,RN_DNODE_00428,0.011000000105963813,0.0,0.011000000105963813,RN_DRAIN_00344,0.03485428291526828,synthetic_manning_scenario,0.0,0.011000000105963813,0.0,0.0,0.0
000_030,rajendra_nagar_heavy_rain_demo,0,30,1800,RN_DNODE_00501,0.0,0.0,0.0,RN_DRAIN_00346,0.03484430030503481,synthetic_manning_scenario,0.0,0.0,0.0,0.0,0.0
000_030,rajendra_nagar_heavy_rain_demo,0,30,1800,RN_DNODE_00521,0.00515625,0.0,0.00515625,RN_DRAIN_00348,0.2764107810710812,synthetic_manning_scenario,0.0,0.00515625,0.0,0.0,0.0
000_030,rajendra_nagar_heavy_rain_demo,0,30,1800,RN_DNODE_00528,0.005843750105963813,0.0,0.005843750105963813,RN_DRAIN_00349,0.09203450505564478,synthetic_manning_scenario,0.0,0.005843750105963813,0.0,0.0,0.0
000_030,rajendra_nagar_heavy_rain_demo,0,30,1800,RN_DNODE_00241,0.0,0.0,0.0,RN_DRAIN_00351,0.03485428291526828,synthetic_manning_scenario,0.0,0.0,0.0,0.0,0.0
000_030,rajendra_nagar_heavy_rain_demo,0,30,1800,RN_DNODE_00527,0.016156250105963815,0.0,0.016156250105963815,RN_DRAIN_00355,0.18626342708702154,synthetic_manning_scenario,0.0,0.016156250105963815,0.0,0.0,0.0
000_030,rajendra_nagar_heavy_rain_demo,0,30,1800,RN_DNODE_00191,0.0,0.0,0.0,RN_DRAIN_00356,0.03484430030503481,synthetic_manning_scenario,0.0,0.0,0.0,0.0,0.0
000_030,rajendra_nagar_heavy_rain_demo,0,30,1800,RN_DNODE_00240,0.0,0.0,0.0,RN_DRAIN_00358,0.03484430030503481,synthetic_manning_scenario,0.0,0.0,0.0,0.0,0.0
000_030,rajendra_nagar_heavy_rain_demo,0,30,1800,RN_DNODE_00500,0.044000000423855254,0.0,0.044000000423855254,RN_DRAIN_00360,0.1948011871441529,synthetic_manning_scenario,0.0,0.044000000423855254,0.0,0.0,0.0
000_030,rajendra_nagar_heavy_rain_demo,0,30,1800,RN_DNODE_00508,0.05912500010596381,0.0,0.05912500010596381,RN_DRAIN_00361,0.2317547361496302,synthetic_manning_scenario,0.0,0.05912500010596381,0.0,0.0,0.0
000_030,rajendra_nagar_heavy_rain_demo,0,30,1800,RN_DNODE_00519,0.017531250317891437,0.0,0.017531250317891437,RN_DRAIN_00362,0.17218079283976848,synthetic_manning_scenario,0.0,0.017531250317891437,0.0,0.0,0.0
000_030,rajendra_nagar_heavy_rain_demo,0,30,1800,RN_DNODE_00190,0.0,0.0,0.0,RN_DRAIN_00364,0.03484430030503481,synthetic_manning_scenario,0.0,0.0,0.0,0.0,0.0
000_030,rajendra_nagar_heavy_rain_demo,0,30,1800,RN_DNODE_00239,0.0,0.0,0.0,RN_DRAIN_00366,0.03484430030503481,synthetic_manning_scenario,0.0,0.0,0.0,0.0,0.0
000_030,rajendra_nagar_heavy_rain_demo,0,30,1800,RN_DNODE_00453,0.01203125,0.0,0.01203125,RN_DRAIN_00367,0.12282979632326015,synthetic_manning_scenario,0.0,0.01203125,0.0,0.0,0.0
000_030,rajendra_nagar_heavy_rain_demo,0,30,1800,RN_DNODE_00020,0.0,0.0,0.0,RN_DRAIN_00370,0.03484430030503481,synthetic_manning_scenario,0.0,0.0,0.0,0.0,0.0
000_030,rajendra_nagar_heavy_rain_demo,0,30,1800,RN_DNODE_00189,0.0,0.0,0.0,RN_DRAIN_00371,0.03484430030503481,synthetic_manning_scenario,0.0,0.0,0.0,0.0,0.0
000_030,rajendra_nagar_heavy_rain_demo,0,30,1800,RN_DNODE_00238,0.0,0.0,0.0,RN_DRAIN_00373,0.05960970345596315,synthetic_manning_scenario,0.0,0.0,0.0,0.0,0.0
000_030,rajendra_nagar_heavy_rain_demo,0,30,1800,RN_DNODE_00452,0.03334375010596381,0.0,0.03334375010596381,RN_DRAIN_00374,0.100407978859947,synthetic_manning_scenario,0.0,0.03334375010596381,0.0,0.0,0.0
000_030,rajendra_nagar_heavy_rain_demo,0,30,1800,RN_DNODE_00507,0.0,0.0,0.0,RN_DRAIN_00376,0.2407171307040971,synthetic_manning_scenario,0.0,0.0,0.0,0.0,0.0
000_030,rajendra_nagar_heavy_rain_demo,0,30,1800,RN_DNODE_00535,0.016843750211927626,0.0,0.016843750211927626,RN_DRAIN_00377,0.03485428291526828,synthetic_manning_scenario,0.0,0.016843750211927626,0.0,0.0,0.0
000_030,rajendra_nagar_heavy_rain_demo,0,30,1800,RN_DNODE_00188,0.0,0.0,0.0,RN_DRAIN_00380,0.03484430030503481,synthetic_manning_scenario,0.0,0.0,0.0,0.0,0.0
000_030,rajendra_nagar_heavy_rain_demo,0,30,1800,RN_DNODE_00237,0.0,0.0,0.0,RN_DRAIN_00382,0.25236412953905973,synthetic_manning_scenario,0.0,0.0,0.0,0.0,0.0
000_030,rajendra_nagar_heavy_rain_demo,0,30,1800,RN_DNODE_00166,0.0,0.0,0.0,RN_DRAIN_00388,0.02637752433631995,synthetic_manning_scenario,0.0,0.0,0.0,0.0,0.0
000_030,rajendra_nagar_heavy_rain_demo,0,30,1800,RN_DNODE_00298,0.17531250211927626,0.0,0.17531250211927626,RN_DRAIN_00393,0.09803784543033917,synthetic_manning_scenario,0.0,0.09803784543033917,0.0772746566889371,0.0,139.09438204008677
000_030,rajendra_nagar_heavy_rain_demo,0,30,1800,RN_DNODE_00518,0.23512500153647528,0.0,0.23512500153647528,RN_DRAIN_00395,0.14778712746867345,synthetic_manning_scenario,0.0,0.14778712746867345,0.08733787406780183,0.0,157.20817332204328
000_030,rajendra_nagar_heavy_rain_demo,0,30,1800,RN_DNODE_00028,0.0,0.0,0.0,RN_DRAIN_00398,0.07470010573424561,synthetic_manning_scenario,0.0,0.0,0.0,0.0,0.0
000_030,rajendra_nagar_heavy_rain_demo,0,30,1800,RN_DNODE_00186,0.0,0.0,0.0,RN_DRAIN_00403,0.03485428291526828,synthetic_manning_scenario,0.0,0.0,0.0,0.0,0.0
000_030,rajendra_nagar_heavy_rain_demo,0,30,1800,RN_DNODE_00208,0.0,0.0,0.0,RN_DRAIN_00404,0.02637752433631995,synthetic_manning_scenario,0.0,0.0,0.0,0.0,0.0
000_030,rajendra_nagar_heavy_rain_demo,0,30,1800,RN_DNODE_00235,0.0,0.0,0.0,RN_DRAIN_00405,0.33495301708709185,synthetic_manning_scenario,0.0,0.0,0.0,0.0,0.0
000_030,rajendra_nagar_heavy_rain_demo,0,30,1800,RN_DNODE_00256,0.0,0.0,0.0,RN_DRAIN_00406,0.11665905594771991,synthetic_manning_scenario,0.0,0.0,0.0,0.0,0.0
000_030,rajendra_nagar_heavy_rain_demo,0,30,1800,RN_DNODE_00475,0.0,0.0,0.0,RN_DRAIN_00410,0.17527859959571881,synthetic_manning_scenario,0.0,0.0,0.0,0.0,0.0
000_030,rajendra_nagar_heavy_rain_demo,0,30,1800,RN_DNODE_00555,0.0,0.0,0.0,RN_DRAIN_00411,0.03668278220199273,synthetic_manning_scenario,0.0,0.0,0.0,0.0,0.0
000_030,rajendra_nagar_heavy_rain_demo,0,30,1800,RN_DNODE_00093,0.0,0.0,0.0,RN_DRAIN_00413,0.05978452943539206,synthetic_manning_scenario,0.0,0.0,0.0,0.0,0.0
000_030,rajendra_nagar_heavy_rain_demo,0,30,1800,RN_DNODE_00147,0.0,0.0,0.0,RN_DRAIN_00414,0.02637752433631995,synthetic_manning_scenario,0.0,0.0,0.0,0.0,0.0
000_030,rajendra_nagar_heavy_rain_demo,0,30,1800,RN_DNODE_00185,0.0,0.0,0.0,RN_DRAIN_00416,0.02637752433631995,synthetic_manning_scenario,0.0,0.0,0.0,0.0,0.0
000_030,rajendra_nagar_heavy_rain_demo,0,30,1800,RN_DNODE_00297,0.011687500211927626,0.0,0.011687500211927626,RN_DRAIN_00418,0.03485428291526828,synthetic_manning_scenario,0.0,0.011687500211927626,0.0,0.0,0.0
000_030,rajendra_nagar_heavy_rain_demo,0,30,1800,RN_DNODE_00061,0.0,0.0,0.0,RN_DRAIN_00420,0.03484430030503481,synthetic_manning_scenario,0.0,0.0,0.0,0.0,0.0
000_030,rajendra_nagar_heavy_rain_demo,0,30,1800,RN_DNODE_00146,0.0,0.0,0.0,RN_DRAIN_00425,0.02637752433631995,synthetic_manning_scenario,0.0,0.0,0.0,0.0,0.0
000_030,rajendra_nagar_heavy_rain_demo,0,30,1800,RN_DNODE_00184,0.0,0.0,0.0,RN_DRAIN_00427,0.02637752433631995,synthetic_manning_scenario,0.0,0.0,0.0,0.0,0.0
000_030,rajendra_nagar_heavy_rain_demo,0,30,1800,RN_DNODE_00315,0.011687500211927626,0.0,0.011687500211927626,RN_DRAIN_00429,0.03485428291526828,synthetic_manning_scenario,0.0,0.011687500211927626,0.0,0.0,0.0
000_030,rajendra_nagar_heavy_rain_demo,0,30,1800,RN_DNODE_00492,0.0,0.0,0.0,RN_DRAIN_00430,0.1258874084942861,synthetic_manning_scenario,0.0,0.0,0.0,0.0,0.0
000_030,rajendra_nagar_heavy_rain_demo,0,30,1800,RN_DNODE_00052,0.0,0.0,0.0,RN_DRAIN_00431,0.03485428291526828,synthetic_manning_scenario,0.0,0.0,0.0,0.0,0.0
000_030,rajendra_nagar_heavy_rain_demo,0,30,1800,RN_DNODE_00121,0.0,0.0,0.0,RN_DRAIN_00436,0.3335187361648064,synthetic_manning_scenario,0.0,0.0,0.0,0.0,0.0
000_030,rajendra_nagar_heavy_rain_demo,0,30,1800,RN_DNODE_00132,0.0,0.0,0.0,RN_DRAIN_00437,0.1632724012023933,synthetic_manning_scenario,0.0,0.0,0.0,0.0,0.0
000_030,rajendra_nagar_heavy_rain_demo,0,30,1800,RN_DNODE_00162,0.0,0.0,0.0,RN_DRAIN_00439,0.03485428291526828,synthetic_manning_scenario,0.0,0.0,0.0,0.0,0.0
000_030,rajendra_nagar_heavy_rain_demo,0,30,1800,RN_DNODE_00183,0.0,0.0,0.0,RN_DRAIN_00440,0.02637752433631995,synthetic_manning_scenario,0.0,0.0,0.0,0.0,0.0
000_030,rajendra_nagar_heavy_rain_demo,0,30,1800,RN_DNODE_00059,0.011687500211927626,0.0,0.011687500211927626,RN_DRAIN_00447,0.05446815070334662,synthetic_manning_scenario,0.0,0.011687500211927626,0.0,0.0,0.0
000_030,rajendra_nagar_heavy_rain_demo,0,30,1800,RN_DNODE_00109,0.0,0.0,0.0,RN_DRAIN_00448,0.3250209820597582,synthetic_manning_scenario,0.0,0.0,0.0,0.0,0.0
000_030,rajendra_nagar_heavy_rain_demo,0,30,1800,RN_DNODE_00161,0.0,0.0,0.0,RN_DRAIN_00452,0.02637752433631995,synthetic_manning_scenario,0.0,0.0,0.0,0.0,0.0
000_030,rajendra_nagar_heavy_rain_demo,0,30,1800,RN_DNODE_00329,0.17840625233120389,0.0,0.17840625233120389,RN_DRAIN_00453,0.02637752433631995,synthetic_manning_scenario,0.0,0.02637752433631995,0.15202872799488393,0.0,273.6517103907911
000_030,rajendra_nagar_heavy_rain_demo,0,30,1800,RN_DNODE_00369,0.0,0.0,0.0,RN_DRAIN_00456,0.14438412066210826,synthetic_manning_scenario,0.0,0.0,0.0,0.0,0.0
000_030,rajendra_nagar_heavy_rain_demo,0,30,1800,RN_DNODE_00434,0.0,0.0,0.0,RN_DRAIN_00458,0.1495887056693421,synthetic_manning_scenario,0.0,0.0,0.0,0.0,0.0
000_030,rajendra_nagar_heavy_rain_demo,0,30,1800,RN_DNODE_00451,0.0,0.0,0.0,RN_DRAIN_00459,0.20938006290294106,synthetic_manning_scenario,0.0,0.0,0.0,0.0,0.0
000_030,rajendra_nagar_heavy_rain_demo,0,30,1800,RN_DNODE_00043,0.0,0.0,0.0,RN_DRAIN_00460,0.02637752433631995,synthetic_manning_scenario,0.0,0.0,0.0,0.0,0.0
000_030,rajendra_nagar_heavy_rain_demo,0,30,1800,RN_DNODE_00119,0.0,0.0,0.0,RN_DRAIN_00461,0.09743273367972305,synthetic_manning_scenario,0.0,0.0,0.0,0.0,0.0
000_030,rajendra_nagar_heavy_rain_demo,0,30,1800,RN_DNODE_00392,0.06050000031789144,0.0,0.06050000031789144,RN_DRAIN_00466,0.03484430030503481,synthetic_manning_scenario,0.0,0.03484430030503481,0.02565570001285663,0.0,46.18026002314193
000_030,rajendra_nagar_heavy_rain_demo,0,30,1800,RN_DNODE_00405,0.005843750105963813,0.0,0.005843750105963813,RN_DRAIN_00467,0.03484430030503481,synthetic_manning_scenario,0.0,0.005843750105963813,0.0,0.0,0.0
000_030,rajendra_nagar_heavy_rain_demo,0,30,1800,RN_DNODE_00412,0.011000000105963813,0.0,0.011000000105963813,RN_DRAIN_00468,0.03484430030503481,synthetic_manning_scenario,0.0,0.011000000105963813,0.0,0.0,0.0
000_030,rajendra_nagar_heavy_rain_demo,0,30,1800,RN_DNODE_00182,0.0,0.0,0.0,RN_DRAIN_00474,0.3460757329092977,synthetic_manning_scenario,0.0,0.0,0.0,0.0,0.0
000_030,rajendra_nagar_heavy_rain_demo,0,30,1800,RN_DNODE_00426,0.005843750105963813,0.0,0.005843750105963813,RN_DRAIN_00481,0.11954287044878092,synthetic_manning_scenario,0.0,0.005843750105963813,0.0,0.0,0.0
000_030,rajendra_nagar_heavy_rain_demo,0,30,1800,RN_DNODE_00117,0.0,0.0,0.0,RN_DRAIN_00483,0.03485428291526828,synthetic_manning_scenario,0.0,0.0,0.0,0.0,0.0
000_030,rajendra_nagar_heavy_rain_demo,0,30,1800,RN_DNODE_00128,0.0,0.0,0.0,RN_DRAIN_00484,0.02637752433631995,synthetic_manning_scenario,0.0,0.0,0.0,0.0,0.0
000_030,rajendra_nagar_heavy_rain_demo,0,30,1800,RN_DNODE_00158,0.0,0.0,0.0,RN_DRAIN_00486,0.22707203320513805,synthetic_manning_scenario,0.0,0.0,0.0,0.0,0.0
000_030,rajendra_nagar_heavy_rain_demo,0,30,1800,RN_DNODE_00433,0.011000000105963813,0.0,0.011000000105963813,RN_DRAIN_00494,0.0980023540468388,synthetic_manning_scenario,0.0,0.011000000105963813,0.0,0.0,0.0
000_030,rajendra_nagar_heavy_rain_demo,0,30,1800,RN_DNODE_00107,0.0,0.0,0.0,RN_DRAIN_00496,0.03483431483404455,synthetic_manning_scenario,0.0,0.0,0.0,0.0,0.0
000_030,rajendra_nagar_heavy_rain_demo,0,30,1800,RN_DNODE_00116,0.0,0.0,0.0,RN_DRAIN_00497,0.02637752433631995,synthetic_manning_scenario,0.0,0.0,0.0,0.0,0.0
000_030,rajendra_nagar_heavy_rain_demo,0,30,1800,RN_DNODE_00264,0.005843750105963813,0.0,0.005843750105963813,RN_DRAIN_00499,0.18405199949807394,synthetic_manning_scenario,0.0,0.005843750105963813,0.0,0.0,0.0
000_030,rajendra_nagar_heavy_rain_demo,0,30,1800,RN_DNODE_00410,0.0,0.0,0.0,RN_DRAIN_00502,0.10311891598683189,synthetic_manning_scenario,0.0,0.0,0.0,0.0,0.0
000_030,rajendra_nagar_heavy_rain_demo,0,30,1800,RN_DNODE_00099,0.0,0.0,0.0,RN_DRAIN_00505,0.03485428291526828,synthetic_manning_scenario,0.0,0.0,0.0,0.0,0.0
000_030,rajendra_nagar_heavy_rain_demo,0,30,1800,RN_DNODE_00106,0.0,0.0,0.0,RN_DRAIN_00506,0.02637752433631995,synthetic_manning_scenario,0.0,0.0,0.0,0.0,0.0
000_030,rajendra_nagar_heavy_rain_demo,0,30,1800,RN_DNODE_00263,0.0,0.0,0.0,RN_DRAIN_00508,0.13135106651046202,synthetic_manning_scenario,0.0,0.0,0.0,0.0,0.0
000_030,rajendra_nagar_heavy_rain_demo,0,30,1800,RN_DNODE_00089,0.0,0.0,0.0,RN_DRAIN_00513,0.02637752433631995,synthetic_manning_scenario,0.0,0.0,0.0,0.0,0.0
000_030,rajendra_nagar_heavy_rain_demo,0,30,1800,RN_DNODE_00090,0.0,0.0,0.0,RN_DRAIN_00514,0.02637752433631995,synthetic_manning_scenario,0.0,0.0,0.0,0.0,0.0
000_030,rajendra_nagar_heavy_rain_demo,0,30,1800,RN_DNODE_00098,0.0,0.0,0.0,RN_DRAIN_00515,0.02637752433631995,synthetic_manning_scenario,0.0,0.0,0.0,0.0,0.0
000_030,rajendra_nagar_heavy_rain_demo,0,30,1800,RN_DNODE_00262,0.005843750105963813,0.0,0.005843750105963813,RN_DRAIN_00520,0.19028600529539347,synthetic_manning_scenario,0.0,0.005843750105963813,0.0,0.0,0.0
000_030,rajendra_nagar_heavy_rain_demo,0,30,1800,RN_DNODE_00271,0.01203125,0.0,0.01203125,RN_DRAIN_00521,0.0954195777470258,synthetic_manning_scenario,0.0,0.01203125,0.0,0.0,0.0
000_030,rajendra_nagar_heavy_rain_demo,0,30,1800,RN_DNODE_00389,0.0,0.0,0.0,RN_DRAIN_00526,0.03485428291526828,synthetic_manning_scenario,0.0,0.0,0.0,0.0,0.0
000_030,rajendra_nagar_heavy_rain_demo,0,30,1800,RN_DNODE_00438,0.0622187508477105,0.0,0.0622187508477105,RN_DRAIN_00528,0.22658585121858213,synthetic_manning_scenario,0.0,0.0622187508477105,0.0,0.0,0.0
000_030,rajendra_nagar_heavy_rain_demo,0,30,1800,RN_DNODE_00340,0.03368750042385525,0.0,0.03368750042385525,RN_DRAIN_00531,0.03485428291526828,synthetic_manning_scenario,0.0,0.03368750042385525,0.0,0.0,0.0
000_030,rajendra_nagar_heavy_rain_demo,0,30,1800,RN_DNODE_00424,0.0,0.0,0.0,RN_DRAIN_00533,0.20569226626927573,synthetic_manning_scenario,0.0,0.0,0.0,0.0,0.0
000_030,rajendra_nagar_heavy_rain_demo,0,30,1800,RN_DNODE_00401,0.0,0.0,0.0,RN_DRAIN_00537,0.24741358548059755,synthetic_manning_scenario,0.0,0.0,0.0,0.0,0.0
000_030,rajendra_nagar_heavy_rain_demo,0,30,1800,RN_DNODE_00232,0.0,0.0,0.0,RN_DRAIN_00540,0.02637752433631995,synthetic_manning_scenario,0.0,0.0,0.0,0.0,0.0
000_030,rajendra_nagar_heavy_rain_demo,0,30,1800,RN_DNODE_00346,0.0,0.0,0.0,RN_DRAIN_00541,0.02637752433631995,synthetic_manning_scenario,0.0,0.0,0.0,0.0,0.0
000_030,rajendra_nagar_heavy_rain_demo,0,30,1800,RN_DNODE_00355,0.0,0.0,0.0,RN_DRAIN_00542,0.02637752433631995,synthetic_manning_scenario,0.0,0.0,0.0,0.0,0.0
000_030,rajendra_nagar_heavy_rain_demo,0,30,1800,RN_DNODE_00326,0.0,0.0,0.0,,,,,0.0,0.0,0.0,0.0
000_030,rajendra_nagar_heavy_rain_demo,0,30,1800,RN_DNODE_00327,0.0,0.0,0.0,,,,,0.0,0.0,0.0,0.0
000_030,rajendra_nagar_heavy_rain_demo,0,30,1800,RN_DNODE_00442,0.0,0.022687500317891438,0.022687500317891438,,,,,0.0,0.0,0.022687500317891438,0.0
000_030,rajendra_nagar_heavy_rain_demo,0,30,1800,RN_DNODE_00494,0.0,0.0,0.0,RN_DRAIN_00022,0.03485428291526828,synthetic_manning_scenario,0.0,0.0,0.0,0.0,0.0
000_030,rajendra_nagar_heavy_rain_demo,0,30,1800,RN_DNODE_00041,0.0,0.0,0.0,RN_DRAIN_00055,0.12723324562335805,synthetic_manning_scenario,0.0,0.0,0.0,0.0,0.0
000_030,rajendra_nagar_heavy_rain_demo,0,30,1800,RN_DNODE_00418,0.05671875,0.021656249894036188,0.07837499989403618,RN_DRAIN_00043,0.03484430030503481,synthetic_manning_scenario,0.0,0.03484430030503481,0.04353069958900137,0.0,78.35525926020246
000_030,rajendra_nagar_heavy_rain_demo,0,30,1800,RN_DNODE_00081,0.0,0.0,0.0,RN_DRAIN_00065,0.16428349070581968,synthetic_manning_scenario,0.0,0.0,0.0,0.0,0.0
000_030,rajendra_nagar_heavy_rain_demo,0,30,1800,RN_DNODE_00416,0.0,0.13572767824149176,0.13572767824149176,,,,,0.0,0.0,0.13572767824149176,0.0
000_030,rajendra_nagar_heavy_rain_demo,0,30,1800,RN_DNODE_00231,0.0,0.0,0.0,RN_DRAIN_00074,0.03484430030503481,synthetic_manning_scenario,0.0,0.0,0.0,0.0,0.0
000_030,rajendra_nagar_heavy_rain_demo,0,30,1800,RN_DNODE_00203,0.0,0.0,0.0,RN_DRAIN_00113,0.02637752433631995,synthetic_manning_scenario,0.0,0.0,0.0,0.0,0.0
000_030,rajendra_nagar_heavy_rain_demo,0,30,1800,RN_DNODE_00361,0.0,0.0,0.0,RN_DRAIN_00100,0.5915619686607586,synthetic_manning_scenario,0.0,0.0,0.0,0.0,0.0
000_030,rajendra_nagar_heavy_rain_demo,0,30,1800,RN_DNODE_00532,0.0,0.0,0.0,RN_DRAIN_00104,0.12723324562335805,synthetic_manning_scenario,0.0,0.0,0.0,0.0,0.0
000_030,rajendra_nagar_heavy_rain_demo,0,30,1800,RN_DNODE_00066,0.0,0.0,0.0,RN_DRAIN_00107,0.03484430030503481,synthetic_manning_scenario,0.0,0.0,0.0,0.0,0.0
000_030,rajendra_nagar_heavy_rain_demo,0,30,1800,RN_DNODE_00048,0.011687500211927626,0.005843750105963813,0.01753125031789144,RN_DRAIN_00122,0.03484430030503481,synthetic_manning_scenario,0.0,0.01753125031789144,0.0,0.0,0.0
000_030,rajendra_nagar_heavy_rain_demo,0,30,1800,RN_DNODE_00004,0.017875000105963813,0.0,0.017875000105963813,RN_DRAIN_00149,0.13705656053423662,synthetic_manning_scenario,0.0,0.017875000105963813,0.0,0.0,0.0
000_030,rajendra_nagar_heavy_rain_demo,0,30,1800,RN_DNODE_00430,0.016843750211927626,0.05158812602898853,0.06843187624091615,RN_DRAIN_00184,0.1515365242075139,synthetic_manning_scenario,0.0,0.06843187624091615,0.0,0.0,0.0
000_030,rajendra_nagar_heavy_rain_demo,0,30,1800,RN_DNODE_00078,0.017875000105963813,0.11515625052981907,0.1330312506357829,RN_DRAIN_00175,0.2530359490024738,synthetic_manning_scenario,0.0,0.1330312506357829,0.0,0.0,0.0
000_030,rajendra_nagar_heavy_rain_demo,0,30,1800,RN_DNODE_00172,0.0,0.005843750105963813,0.005843750105963813,RN_DRAIN_00178,0.03484430030503481,synthetic_manning_scenario,0.0,0.005843750105963813,0.0,0.0,0.0
000_030,rajendra_nagar_heavy_rain_demo,0,30,1800,RN_DNODE_00486,0.18906250132454766,0.0,0.18906250132454766,RN_DRAIN_00209,0.03484430030503481,synthetic_manning_scenario,0.0,0.03484430030503481,0.15421820101951283,0.0,277.5927618351231
000_030,rajendra_nagar_heavy_rain_demo,0,30,1800,RN_DNODE_00003,0.006187499894036187,0.0,0.006187499894036187,RN_DRAIN_00198,0.03485428291526828,synthetic_manning_scenario,0.0,0.006187499894036187,0.0,0.0,0.0
000_030,rajendra_nagar_heavy_rain_demo,0,30,1800,RN_DNODE_00352,0.0,0.09006678976697921,0.09006678976697921,RN_DRAIN_00218,0.1521025124547665,synthetic_manning_scenario,0.0,0.09006678976697921,0.0,0.0,0.0
000_030,rajendra_nagar_heavy_rain_demo,0,30,1800,RN_DNODE_00543,0.0,0.07396532506289491,0.07396532506289491,RN_DRAIN_00237,0.03485428291526828,synthetic_manning_scenario,0.0,0.03485428291526828,0.03911104214762663,0.0,70.39987586572794
000_030,rajendra_nagar_heavy_rain_demo,0,30,1800,RN_DNODE_00554,0.0,0.022687500317891438,0.022687500317891438,RN_DRAIN_00255,0.03485428291526828,synthetic_manning_scenario,0.0,0.022687500317891438,0.0,0.0,0.0
000_030,rajendra_nagar_heavy_rain_demo,0,30,1800,RN_DNODE_00385,0.0,0.1120128954947173,0.1120128954947173,RN_DRAIN_00305,0.03485428291526828,synthetic_manning_scenario,0.0,0.03485428291526828,0.07715861257944902,0.0,138.88550264300824
000_030,rajendra_nagar_heavy_rain_demo,0,30,1800,RN_DNODE_00006,0.0,0.0,0.0,RN_DRAIN_00295,0.13383312250292473,synthetic_manning_scenario,0.0,0.0,0.0,0.0,0.0
000_030,rajendra_nagar_heavy_rain_demo,0,30,1800,RN_DNODE_00522,0.0,0.05396875010596381,0.05396875010596381,RN_DRAIN_00334,0.02637752433631995,synthetic_manning_scenario,0.0,0.02637752433631995,0.02759122576964386,0.0,49.664206385358945
000_030,rajendra_nagar_heavy_rain_demo,0,30,1800,RN_DNODE_00075,0.0,0.0,0.0,RN_DRAIN_00313,0.03484430030503481,synthetic_manning_scenario,0.0,0.0,0.0,0.0,0.0
000_030,rajendra_nagar_heavy_rain_demo,0,30,1800,RN_DNODE_00509,0.0,0.10312500052981907,0.10312500052981907,RN_DRAIN_00353,0.6213901470038218,synthetic_manning_scenario,0.0,0.10312500052981907,0.0,0.0,0.0
000_030,rajendra_nagar_heavy_rain_demo,0,30,1800,RN_DNODE_00024,0.0,0.0,0.0,RN_DRAIN_00379,0.07650391573267233,synthetic_manning_scenario,0.0,0.0,0.0,0.0,0.0
000_030,rajendra_nagar_heavy_rain_demo,0,30,1800,RN_DNODE_00499,0.0,0.0,0.0,,,,,0.0,0.0,0.0,0.0
000_030,rajendra_nagar_heavy_rain_demo,0,30,1800,RN_DNODE_00286,0.0,0.09803784543033917,0.09803784543033917,,,,,0.0,0.0,0.09803784543033917,0.0
000_030,rajendra_nagar_heavy_rain_demo,0,30,1800,RN_DNODE_00506,0.0,0.14778712746867345,0.14778712746867345,,,,,0.0,0.0,0.14778712746867345,0.0
000_030,rajendra_nagar_heavy_rain_demo,0,30,1800,RN_DNODE_00209,0.0,0.0,0.0,RN_DRAIN_00390,0.03485428291526828,synthetic_manning_scenario,0.0,0.0,0.0,0.0,0.0
000_030,rajendra_nagar_heavy_rain_demo,0,30,1800,RN_DNODE_00468,0.26606250100665624,0.0,0.26606250100665624,RN_DRAIN_00394,0.18293911365381266,synthetic_manning_scenario,0.0,0.18293911365381266,0.08312338735284358,0.0,149.62209723511845
000_030,rajendra_nagar_heavy_rain_demo,0,30,1800,RN_DNODE_00553,0.005843750105963813,0.0,0.005843750105963813,RN_DRAIN_00397,0.16888414661568568,synthetic_manning_scenario,0.0,0.005843750105963813,0.0,0.0,0.0
000_030,rajendra_nagar_heavy_rain_demo,0,30,1800,RN_DNODE_00488,0.0,0.0,0.0,RN_DRAIN_00419,0.3137595154941278,synthetic_manning_scenario,0.0,0.0,0.0,0.0,0.0
000_030,rajendra_nagar_heavy_rain_demo,0,30,1800,RN_DNODE_00427,0.2021250009536743,0.0,0.2021250009536743,RN_DRAIN_00457,0.03484430030503481,synthetic_manning_scenario,0.0,0.03484430030503481,0.16728070064863948,0.0,301.1052611675511
000_030,rajendra_nagar_heavy_rain_demo,0,30,1800,RN_DNODE_00444,0.0,0.0,0.0,,,,,0.0,0.0,0.0,0.0
000_030,rajendra_nagar_heavy_rain_demo,0,30,1800,RN_DNODE_00044,0.0,0.0,0.0,RN_DRAIN_00445,0.15060850351649752,synthetic_manning_scenario,0.0,0.0,0.0,0.0,0.0
000_030,rajendra_nagar_heavy_rain_demo,0,30,1800,RN_DNODE_00160,0.0,0.0,0.0,RN_DRAIN_00464,0.02637752433631995,synthetic_manning_scenario,0.0,0.0,0.0,0.0,0.0
000_030,rajendra_nagar_heavy_rain_demo,0,30,1800,RN_DNODE_00142,0.0,0.0,0.0,RN_DRAIN_00472,0.02637752433631995,synthetic_manning_scenario,0.0,0.0,0.0,0.0,0.0
000_030,rajendra_nagar_heavy_rain_demo,0,30,1800,RN_DNODE_00091,0.0,0.0,0.0,RN_DRAIN_00504,0.12723324562335805,synthetic_manning_scenario,0.0,0.0,0.0,0.0,0.0
000_030,rajendra_nagar_heavy_rain_demo,0,30,1800,RN_DNODE_00254,0.005843750105963813,0.005843750105963813,0.011687500211927626,RN_DRAIN_00519,0.16694910080064143,synthetic_manning_scenario,0.0,0.011687500211927626,0.0,0.0,0.0
000_030,rajendra_nagar_heavy_rain_demo,0,30,1800,RN_DNODE_00431,0.0,0.0622187508477105,0.0622187508477105,RN_DRAIN_00512,0.19810030056451727,synthetic_manning_scenario,0.0,0.0622187508477105,0.0,0.0,0.0
000_030,rajendra_nagar_heavy_rain_demo,0,30,1800,RN_DNODE_00419,0.0,0.0,0.0,RN_DRAIN_00527,0.21289946819313862,synthetic_manning_scenario,0.0,0.0,0.0,0.0,0.0
000_030,rajendra_nagar_heavy_rain_demo,0,30,1800,RN_DNODE_00388,0.0,0.0,0.0,RN_DRAIN_00535,0.21546094500843926,synthetic_manning_scenario,0.0,0.0,0.0,0.0,0.0
000_030,rajendra_nagar_heavy_rain_demo,0,30,1800,RN_DNODE_00205,0.0,0.0,0.0,RN_DRAIN_00539,0.03485428291526828,synthetic_manning_scenario,0.0,0.0,0.0,0.0,0.0
000_030,rajendra_nagar_heavy_rain_demo,0,30,1800,RN_DNODE_00347,0.0,0.0,0.0,RN_DRAIN_00536,0.12723324562335805,synthetic_manning_scenario,0.0,0.0,0.0,0.0,0.0
000_030,rajendra_nagar_heavy_rain_demo,0,30,1800,RN_DNODE_00491,0.0,0.0,0.0,RN_DRAIN_00021,0.12514738517223217,synthetic_manning_scenario,0.0,0.0,0.0,0.0,0.0
000_030,rajendra_nagar_heavy_rain_demo,0,30,1800,RN_DNODE_00033,0.08009375042385525,0.005843750105963813,0.08593750052981906,RN_DRAIN_00064,0.1272696969192279,synthetic_manning_scenario,0.0,0.08593750052981906,0.0,0.0,0.0
000_030,rajendra_nagar_heavy_rain_demo,0,30,1800,RN_DNODE_00408,0.04125,0.03484430030503481,0.0760943003050348,RN_DRAIN_00035,0.03484430030503481,synthetic_manning_scenario,0.0,0.03484430030503481,0.041249999999999995,0.0,74.24999999999999
000_030,rajendra_nagar_heavy_rain_demo,0,30,1800,RN_DNODE_00080,0.0,0.0,0.0,RN_DRAIN_00073,0.136249552270857,synthetic_manning_scenario,0.0,0.0,0.0,0.0,0.0
000_030,rajendra_nagar_heavy_rain_demo,0,30,1800,RN_DNODE_00354,0.0,0.0,0.0,RN_DRAIN_00099,1.0609568644927327,synthetic_manning_scenario,0.0,0.0,0.0,0.0,0.0
000_030,rajendra_nagar_heavy_rain_demo,0,30,1800,RN_DNODE_00525,0.0,0.0,0.0,RN_DRAIN_00078,0.12723324562335805,synthetic_manning_scenario,0.0,0.0,0.0,0.0,0.0
000_030,rajendra_nagar_heavy_rain_demo,0,30,1800,RN_DNODE_00057,0.0,0.01753125031789144,0.01753125031789144,RN_DRAIN_00106,0.03484430030503481,synthetic_manning_scenario,0.0,0.01753125031789144,0.0,0.0,0.0
000_030,rajendra_nagar_heavy_rain_demo,0,30,1800,RN_DNODE_00008,0.005843750105963813,0.017875000105963813,0.023718750211927625,RN_DRAIN_00150,0.03485428291526828,synthetic_manning_scenario,0.0,0.023718750211927625,0.0,0.0,0.0
000_030,rajendra_nagar_heavy_rain_demo,0,30,1800,RN_DNODE_00423,0.0622187508477105,0.06843187624091615,0.13065062708862665,RN_DRAIN_00183,0.04832201195748927,synthetic_manning_scenario,0.0,0.04832201195748927,0.08232861513113737,0.0,148.19150723604727
000_030,rajendra_nagar_heavy_rain_demo,0,30,1800,RN_DNODE_00087,0.0,0.1330312506357829,0.1330312506357829,RN_DRAIN_00176,0.2035500759701358,synthetic_manning_scenario,0.0,0.1330312506357829,0.0,0.0,0.0
000_030,rajendra_nagar_heavy_rain_demo,0,30,1800,RN_DNODE_00477,0.017875000105963813,0.03484430030503481,0.05271930041099862,RN_DRAIN_00195,0.03485428291526828,synthetic_manning_scenario,0.0,0.03485428291526828,0.017865017495730343,0.0,32.157031492314616
000_030,rajendra_nagar_heavy_rain_demo,0,30,1800,RN_DNODE_00007,0.04640625,0.006187499894036187,0.05259374989403619,RN_DRAIN_00199,0.03485428291526828,synthetic_manning_scenario,0.0,0.03485428291526828,0.01773946697876791,0.0,31.931040561782236
000_030,rajendra_nagar_heavy_rain_demo,0,30,1800,RN_DNODE_00538,0.0,0.03485428291526828,0.03485428291526828,RN_DRAIN_00236,0.17060773937777143,synthetic_manning_scenario,0.0,0.03485428291526828,0.0,0.0,0.0
000_030,rajendra_nagar_heavy_rain_demo,0,30,1800,RN_DNODE_00552,0.0,0.022687500317891438,0.022687500317891438,RN_DRAIN_00254,0.17430534728708405,synthetic_manning_scenario,0.0,0.022687500317891438,0.0,0.0,0.0
000_030,rajendra_nagar_heavy_rain_demo,0,30,1800,RN_DNODE_00009,0.0,0.0,0.0,RN_DRAIN_00281,0.07976312140829656,synthetic_manning_scenario,0.0,0.0,0.0,0.0,0.0
000_030,rajendra_nagar_heavy_rain_demo,0,30,1800,RN_DNODE_00084,0.0,0.0,0.0,RN_DRAIN_00296,0.08227504605900168,synthetic_manning_scenario,0.0,0.0,0.0,0.0,0.0
000_030,rajendra_nagar_heavy_rain_demo,0,30,1800,RN_DNODE_00029,0.0,0.0,0.0,RN_DRAIN_00387,0.19021651980638857,synthetic_manning_scenario,0.0,0.0,0.0,0.0,0.0
000_030,rajendra_nagar_heavy_rain_demo,0,30,1800,RN_DNODE_00469,0.029218750529819065,0.18293911365381266,0.21215786418363172,RN_DRAIN_00383,0.1353812142771686,synthetic_manning_scenario,0.0,0.1353812142771686,0.07677664990646313,0.0,138.19796983163363
000_030,rajendra_nagar_heavy_rain_demo,0,30,1800,RN_DNODE_00551,0.03368750042385525,0.005843750105963813,0.03953125052981907,RN_DRAIN_00396,0.08345058337269148,synthetic_manning_scenario,0.0,0.03953125052981907,0.0,0.0,0.0
000_030,rajendra_nagar_heavy_rain_demo,0,30,1800,RN_DNODE_00484,0.0,0.0,0.0,,,,,0.0,0.0,0.0,0.0
000_030,rajendra_nagar_heavy_rain_demo,0,30,1800,RN_DNODE_00421,0.0,0.04068805041099863,0.04068805041099863,RN_DRAIN_00469,0.12723324562335805,synthetic_manning_scenario,0.0,0.04068805041099863,0.0,0.0,0.0
000_030,rajendra_nagar_heavy_rain_demo,0,30,1800,RN_DNODE_00051,0.0,0.0,0.0,RN_DRAIN_00446,0.05962720912031859,synthetic_manning_scenario,0.0,0.0,0.0,0.0,0.0
000_030,rajendra_nagar_heavy_rain_demo,0,30,1800,RN_DNODE_00144,0.0,0.0,0.0,RN_DRAIN_00451,0.03485428291526828,synthetic_manning_scenario,0.0,0.0,0.0,0.0,0.0
000_030,rajendra_nagar_heavy_rain_demo,0,30,1800,RN_DNODE_00100,0.0,0.0,0.0,RN_DRAIN_00495,0.12723324562335805,synthetic_manning_scenario,0.0,0.0,0.0,0.0,0.0
000_030,rajendra_nagar_heavy_rain_demo,0,30,1800,RN_DNODE_00233,0.024406249788072373,0.011687500211927626,0.03609375,RN_DRAIN_00518,0.14235556684174894,synthetic_manning_scenario,0.0,0.03609375,0.0,0.0,0.0
000_030,rajendra_nagar_heavy_rain_demo,0,30,1800,RN_DNODE_00432,0.0,0.0622187508477105,0.0622187508477105,RN_DRAIN_00503,0.11140874580493448,synthetic_manning_scenario,0.0,0.0622187508477105,0.0,0.0,0.0
000_030,rajendra_nagar_heavy_rain_demo,0,30,1800,RN_DNODE_00409,0.0,0.0,0.0,RN_DRAIN_00511,0.02637752433631995,synthetic_manning_scenario,0.0,0.0,0.0,0.0,0.0
000_030,rajendra_nagar_heavy_rain_demo,0,30,1800,RN_DNODE_00380,0.0,0.0,0.0,RN_DRAIN_00532,0.03485428291526828,synthetic_manning_scenario,0.0,0.0,0.0,0.0,0.0
000_030,rajendra_nagar_heavy_rain_demo,0,30,1800,RN_DNODE_00179,0.0,0.0,0.0,RN_DRAIN_00538,0.044130157925467595,synthetic_manning_scenario,0.0,0.0,0.0,0.0,0.0
000_030,rajendra_nagar_heavy_rain_demo,0,30,1800,RN_DNODE_00339,0.047781250211927626,0.0,0.047781250211927626,RN_DRAIN_00534,1.0125751333185353,synthetic_manning_scenario,0.0,0.047781250211927626,0.0,0.0,0.0
000_030,rajendra_nagar_heavy_rain_demo,0,30,1800,RN_DNODE_00487,0.0,0.0,0.0,RN_DRAIN_00020,0.03485428291526828,synthetic_manning_scenario,0.0,0.0,0.0,0.0,0.0
000_030,rajendra_nagar_heavy_rain_demo,0,30,1800,RN_DNODE_00032,0.028875000211927626,0.08593750052981906,0.11481250074174669,RN_DRAIN_00072,0.12723324562335805,synthetic_manning_scenario,0.0,0.11481250074174669,0.0,0.0,0.0
000_030,rajendra_nagar_heavy_rain_demo,0,30,1800,RN_DNODE_00398,0.0,0.03484430030503481,0.03484430030503481,RN_DRAIN_00028,0.03485428291526828,synthetic_manning_scenario,0.0,0.03484430030503481,0.0,0.0,0.0
000_030,rajendra_nagar_heavy_rain_demo,0,30,1800,RN_DNODE_00345,0.0,0.0,0.0,RN_DRAIN_00098,0.8518909483625728,synthetic_manning_scenario,0.0,0.0,0.0,0.0,0.0
000_030,rajendra_nagar_heavy_rain_demo,0,30,1800,RN_DNODE_00516,0.0,0.0,0.0,RN_DRAIN_00071,0.5640755664606801,synthetic_manning_scenario,0.0,0.0,0.0,0.0,0.0
000_030,rajendra_nagar_heavy_rain_demo,0,30,1800,RN_DNODE_00011,0.06531250026490953,0.023718750211927625,0.08903125047683716,RN_DRAIN_00151,0.03485428291526828,synthetic_manning_scenario,0.0,0.03485428291526828,0.05417696756156888,0.0,97.51854161082399
000_030,rajendra_nagar_heavy_rain_demo,0,30,1800,RN_DNODE_00414,0.0171875,0.04832201195748927,0.06550951195748927,RN_DRAIN_00171,0.09781403471816273,synthetic_manning_scenario,0.0,0.06550951195748927,0.0,0.0,0.0
000_030,rajendra_nagar_heavy_rain_demo,0,30,1800,RN_DNODE_00096,0.10553125063578288,0.1330312506357829,0.23856250127156575,RN_DRAIN_00186,0.151090496238554,synthetic_manning_scenario,0.0,0.151090496238554,0.08747200503301175,0.0,157.44960905942116
000_030,rajendra_nagar_heavy_rain_demo,0,30,1800,RN_DNODE_00478,0.018218749894036188,0.03485428291526828,0.05307303280930446,RN_DRAIN_00185,0.03485428291526828,synthetic_manning_scenario,0.0,0.03485428291526828,0.018218749894036185,0.0,32.79374980926513
000_030,rajendra_nagar_heavy_rain_demo,0,30,1800,RN_DNODE_00010,0.029562500317891437,0.03485428291526828,0.06441678323315972,RN_DRAIN_00200,0.03484430030503481,synthetic_manning_scenario,0.0,0.03484430030503481,0.029572482928124907,0.0,53.23046927062483
000_030,rajendra_nagar_heavy_rain_demo,0,30,1800,RN_DNODE_00531,0.0,0.03485428291526828,0.03485428291526828,RN_DRAIN_00251,0.12440295982607016,synthetic_manning_scenario,0.0,0.03485428291526828,0.0,0.0,0.0
000_030,rajendra_nagar_heavy_rain_demo,0,30,1800,RN_DNODE_00550,0.0,0.022687500317891438,0.022687500317891438,RN_DRAIN_00253,0.0834630887675077,synthetic_manning_scenario,0.0,0.022687500317891438,0.0,0.0,0.0
000_030,rajendra_nagar_heavy_rain_demo,0,30,1800,RN_DNODE_00012,0.0,0.0,0.0,RN_DRAIN_00269,0.03485428291526828,synthetic_manning_scenario,0.0,0.0,0.0,0.0,0.0
000_030,rajendra_nagar_heavy_rain_demo,0,30,1800,RN_DNODE_00094,0.0,0.0,0.0,RN_DRAIN_00297,0.12393226543861699,synthetic_manning_scenario,0.0,0.0,0.0,0.0,0.0
000_030,rajendra_nagar_heavy_rain_demo,0,30,1800,RN_DNODE_00036,0.0,0.0,0.0,RN_DRAIN_00399,0.1272696969192279,synthetic_manning_scenario,0.0,0.0,0.0,0.0,0.0
000_030,rajendra_nagar_heavy_rain_demo,0,30,1800,RN_DNODE_00457,0.005843750105963813,0.1353812142771686,0.1412249643831324,RN_DRAIN_00375,0.17518330495315723,synthetic_manning_scenario,0.0,0.1412249643831324,0.0,0.0,0.0
000_030,rajendra_nagar_heavy_rain_demo,0,30,1800,RN_DNODE_00549,0.016843750211927626,0.03953125052981907,0.05637500074174669,RN_DRAIN_00386,0.03485428291526828,synthetic_manning_scenario,0.0,0.03485428291526828,0.021520717826478415,0.0,38.737292087661146
000_030,rajendra_nagar_heavy_rain_demo,0,30,1800,RN_DNODE_00060,0.0,0.0,0.0,RN_DRAIN_00432,0.1272696969192279,synthetic_manning_scenario,0.0,0.0,0.0,0.0,0.0
000_030,rajendra_nagar_heavy_rain_demo,0,30,1800,RN_DNODE_00108,0.0,0.0,0.0,RN_DRAIN_00482,0.1272696969192279,synthetic_manning_scenario,0.0,0.0,0.0,0.0,0.0
000_030,rajendra_nagar_heavy_rain_demo,0,30,1800,RN_DNODE_00206,0.023031250105963814,0.03609375,0.05912500010596382,RN_DRAIN_00517,0.03485428291526828,synthetic_manning_scenario,0.0,0.03485428291526828,0.02427071719069554,0.0,43.68729094325197
000_030,rajendra_nagar_heavy_rain_demo,0,30,1800,RN_DNODE_00425,0.15056250095367432,0.07321875095367432,0.22378125190734866,RN_DRAIN_00493,0.36701701471119386,synthetic_manning_scenario,0.0,0.22378125190734866,0.0,0.0,0.0
000_030,rajendra_nagar_heavy_rain_demo,0,30,1800,RN_DNODE_00381,0.0,0.0,0.0,RN_DRAIN_00525,0.03484430030503481,synthetic_manning_scenario,0.0,0.0,0.0,0.0,0.0
000_030,rajendra_nagar_heavy_rain_demo,0,30,1800,RN_DNODE_00178,0.0,0.0,0.0,,,,,0.0,0.0,0.0,0.0
000_030,rajendra_nagar_heavy_rain_demo,0,30,1800,RN_DNODE_00328,0.01203125,0.08146875063578288,0.09350000063578287,RN_DRAIN_00530,0.1272696969192279,synthetic_manning_scenario,0.0,0.09350000063578287,0.0,0.0,0.0
000_030,rajendra_nagar_heavy_rain_demo,0,30,1800,RN_DNODE_00483,0.0,0.0,0.0,RN_DRAIN_00019,0.1831443771284688,synthetic_manning_scenario,0.0,0.0,0.0,0.0,0.0
000_030,rajendra_nagar_heavy_rain_demo,0,30,1800,RN_DNODE_00040,0.02853125042385525,0.11481250074174669,0.14334375116560194,RN_DRAIN_00081,0.5017366265441451,synthetic_manning_scenario,0.0,0.14334375116560194,0.0,0.0,0.0
000_030,rajendra_nagar_heavy_rain_demo,0,30,1800,RN_DNODE_00399,0.0,0.03484430030503481,0.03484430030503481,RN_DRAIN_00015,0.13777301901343705,synthetic_manning_scenario,0.0,0.03484430030503481,0.0,0.0,0.0
000_030,rajendra_nagar_heavy_rain_demo,0,30,1800,RN_DNODE_00517,0.0,0.0,0.0,RN_DRAIN_00063,0.1272696969192279,synthetic_manning_scenario,0.0,0.0,0.0,0.0,0.0
000_030,rajendra_nagar_heavy_rain_demo,0,30,1800,RN_DNODE_00016,0.005843750105963813,0.03485428291526828,0.040698033021232094,RN_DRAIN_00152,0.04100835586442703,synthetic_manning_scenario,0.0,0.040698033021232094,0.0,0.0,0.0
000_030,rajendra_nagar_heavy_rain_demo,0,30,1800,RN_DNODE_00407,0.023031250105963814,0.06550951195748927,0.08854076206345309,RN_DRAIN_00170,0.03485428291526828,synthetic_manning_scenario,0.0,0.03485428291526828,0.05368647914818481,0.0,96.63566246673265
000_030,rajendra_nagar_heavy_rain_demo,0,30,1800,RN_DNODE_00104,0.0171875,0.151090496238554,0.168277996238554,RN_DRAIN_00187,0.044467843567026905,synthetic_manning_scenario,0.0,0.044467843567026905,0.12381015267152709,0.0,222.85827480874877
000_030,rajendra_nagar_heavy_rain_demo,0,30,1800,RN_DNODE_00479,0.017875000105963813,0.03485428291526828,0.05272928302123209,RN_DRAIN_00173,0.09995654869004258,synthetic_manning_scenario,0.0,0.05272928302123209,0.0,0.0,0.0
000_030,rajendra_nagar_heavy_rain_demo,0,30,1800,RN_DNODE_00015,0.02853125042385525,0.03484430030503481,0.06337555072889006,RN_DRAIN_00210,0.03485428291526828,synthetic_manning_scenario,0.0,0.03485428291526828,0.028521267813621784,0.0,51.33828206451921
000_030,rajendra_nagar_heavy_rain_demo,0,30,1800,RN_DNODE_00548,0.10415624989403618,0.022687500317891438,0.12684375021192762,RN_DRAIN_00252,0.18704808214959012,synthetic_manning_scenario,0.0,0.12684375021192762,0.0,0.0,0.0
000_030,rajendra_nagar_heavy_rain_demo,0,30,1800,RN_DNODE_00013,0.0,0.0,0.0,RN_DRAIN_00256,0.06221965419535514,synthetic_manning_scenario,0.0,0.0,0.0,0.0,0.0
000_030,rajendra_nagar_heavy_rain_demo,0,30,1800,RN_DNODE_00102,0.0,0.0,0.0,RN_DRAIN_00284,0.03485428291526828,synthetic_manning_scenario,0.0,0.0,0.0,0.0,0.0
000_030,rajendra_nagar_heavy_rain_demo,0,30,1800,RN_DNODE_00045,0.0,0.0,0.0,RN_DRAIN_00400,0.12719678388149364,synthetic_manning_scenario,0.0,0.0,0.0,0.0,0.0
000_030,rajendra_nagar_heavy_rain_demo,0,30,1800,RN_DNODE_00458,0.13028125127156576,0.17456871448909622,0.304849965760662,RN_DRAIN_00368,0.391656185493259,synthetic_manning_scenario,0.0,0.304849965760662,0.0,0.0,0.0
000_030,rajendra_nagar_heavy_rain_demo,0,30,1800,RN_DNODE_00547,0.017531250317891437,0.03485428291526828,0.05238553323315971,RN_DRAIN_00385,0.03485428291526828,synthetic_manning_scenario,0.0,0.03485428291526828,0.017531250317891434,0.0,31.55625057220458
000_030,rajendra_nagar_heavy_rain_demo,0,30,1800,RN_DNODE_00068,0.06428125010596382,0.011687500211927626,0.07596875031789145,RN_DRAIN_00433,0.1272696969192279,synthetic_manning_scenario,0.0,0.07596875031789145,0.0,0.0,0.0
000_030,rajendra_nagar_heavy_rain_demo,0,30,1800,RN_DNODE_00118,0.0,0.0,0.0,RN_DRAIN_00470,0.12723324562335805,synthetic_manning_scenario,0.0,0.0,0.0,0.0,0.0
000_030,rajendra_nagar_heavy_rain_demo,0,30,1800,RN_DNODE_00180,0.06393749978807238,0.03485428291526828,0.09879178270334066,RN_DRAIN_00516,0.03484430030503481,synthetic_manning_scenario,0.0,0.03484430030503481,0.06394748239830585,0.0,115.10546831695052
000_030,rajendra_nagar_heavy_rain_demo,0,30,1800,RN_DNODE_00420,0.005843750105963813,0.22378125190734866,0.22962500201331246,RN_DRAIN_00480,0.4455532640291579,synthetic_manning_scenario,0.0,0.22962500201331246,0.0,0.0,0.0
000_030,rajendra_nagar_heavy_rain_demo,0,30,1800,RN_DNODE_00390,0.0,0.0,0.0,RN_DRAIN_00510,0.3236021441753258,synthetic_manning_scenario,0.0,0.0,0.0,0.0,0.0
000_030,rajendra_nagar_heavy_rain_demo,0,30,1800,RN_DNODE_00313,0.0,0.09350000063578287,0.09350000063578287,RN_DRAIN_00529,0.43897728400959335,synthetic_manning_scenario,0.0,0.09350000063578287,0.0,0.0,0.0
000_030,rajendra_nagar_heavy_rain_demo,0,30,1800,RN_DNODE_00474,0.0,0.0,0.0,RN_DRAIN_00018,0.07184184000329723,synthetic_manning_scenario,0.0,0.0,0.0,0.0,0.0
000_030,rajendra_nagar_heavy_rain_demo,0,30,1800,RN_DNODE_00050,0.0,0.14334375116560194,0.14334375116560194,RN_DRAIN_00082,0.1272696969192279,synthetic_manning_scenario,0.0,0.1272696969192279,0.016074054246374037,0.0,28.933297643473267
000_030,rajendra_nagar_heavy_rain_demo,0,30,1800,RN_DNODE_00400,0.0,0.03484430030503481,0.03484430030503481,RN_DRAIN_00010,0.12497491764534203,synthetic_manning_scenario,0.0,0.03484430030503481,0.0,0.0,0.0
000_030,rajendra_nagar_heavy_rain_demo,0,30,1800,RN_DNODE_00504,0.43278125127156575,0.011687500211927626,0.44446875148349335,RN_DRAIN_00053,0.15694054372586286,synthetic_manning_scenario,0.0,0.15694054372586286,0.2875282077576305,0.0,517.5507739637349
000_030,rajendra_nagar_heavy_rain_demo,0,30,1800,RN_DNODE_00019,0.028531249894036187,0.040698033021232094,0.06922928291526828,RN_DRAIN_00153,0.03485428291526828,synthetic_manning_scenario,0.0,0.03485428291526828,0.034375,0.0,61.87500000000001
000_030,rajendra_nagar_heavy_rain_demo,0,30,1800,RN_DNODE_00397,0.08181250095367432,0.03485428291526828,0.1166667838689426,RN_DRAIN_00169,0.03484430030503481,synthetic_manning_scenario,0.0,0.03484430030503481,0.08182248356390778,0.0,147.28047041503402
000_030,rajendra_nagar_heavy_rain_demo,0,30,1800,RN_DNODE_00113,0.016843750211927626,0.044467843567026905,0.06131159377895453,RN_DRAIN_00188,0.13686859948507724,synthetic_manning_scenario,0.0,0.06131159377895453,0.0,0.0,0.0
000_030,rajendra_nagar_heavy_rain_demo,0,30,1800,RN_DNODE_00480,0.018218749894036188,0.05272928302123209,0.07094803291526827,RN_DRAIN_00160,0.06233696028667062,synthetic_manning_scenario,0.0,0.06233696028667062,0.00861107262859765,0.0,15.499930731475771
000_030,rajendra_nagar_heavy_rain_demo,0,30,1800,RN_DNODE_00018,0.07631250010596381,0.03485428291526828,0.11116678302123209,RN_DRAIN_00220,0.12723324562335805,synthetic_manning_scenario,0.0,0.11116678302123209,0.0,0.0,0.0
000_030,rajendra_nagar_heavy_rain_demo,0,30,1800,RN_DNODE_00545,0.0,0.12684375021192762,0.12684375021192762,RN_DRAIN_00268,0.18815700295850665,synthetic_manning_scenario,0.0,0.12684375021192762,0.0,0.0,0.0
000_030,rajendra_nagar_heavy_rain_demo,0,30,1800,RN_DNODE_00017,0.10071874989403619,0.0,0.10071874989403619,RN_DRAIN_00240,0.03485428291526828,synthetic_manning_scenario,0.0,0.03485428291526828,0.06586446697876791,0.0,118.55604056178224
000_030,rajendra_nagar_heavy_rain_demo,0,30,1800,RN_DNODE_00111,0.34821875042385525,0.0,0.34821875042385525,RN_DRAIN_00285,0.03484430030503481,synthetic_manning_scenario,0.0,0.03484430030503481,0.3133744501188204,0.0,564.0740102138768
000_030,rajendra_nagar_heavy_rain_demo,0,30,1800,RN_DNODE_00053,0.0,0.0,0.0,RN_DRAIN_00401,0.1272696969192279,synthetic_manning_scenario,0.0,0.0,0.0,0.0,0.0
000_030,rajendra_nagar_heavy_rain_demo,0,30,1800,RN_DNODE_00454,0.16018750031789145,0.31688121576066197,0.4770687160785534,RN_DRAIN_00359,0.48087166299014095,synthetic_manning_scenario,0.0,0.4770687160785534,0.0,0.0,0.0
000_030,rajendra_nagar_heavy_rain_demo,0,30,1800,RN_DNODE_00544,0.13509375095367432,0.03485428291526828,0.16994803386894258,RN_DRAIN_00384,0.15013191509707569,synthetic_manning_scenario,0.0,0.15013191509707569,0.019816118771866897,0.0,35.66901378936041
000_030,rajendra_nagar_heavy_rain_demo,0,30,1800,RN_DNODE_00157,0.023718750211927625,0.03484430030503481,0.05856305051696244,RN_DRAIN_00507,0.3596921468391413,synthetic_manning_scenario,0.0,0.05856305051696244,0.0,0.0,0.0
000_030,rajendra_nagar_heavy_rain_demo,0,30,1800,RN_DNODE_00411,0.03953125052981907,0.2703130524243111,0.3098443029541301,RN_DRAIN_00479,0.30124813859248456,synthetic_manning_scenario,0.0,0.30124813859248456,0.008596164361645564,0.0,15.473095850962014
000_030,rajendra_nagar_heavy_rain_demo,0,30,1800,RN_DNODE_00402,0.0,0.0,0.0,RN_DRAIN_00501,0.5315703032862718,synthetic_manning_scenario,0.0,0.0,0.0,0.0,0.0
000_030,rajendra_nagar_heavy_rain_demo,0,30,1800,RN_DNODE_00295,0.05259375042385525,0.09350000063578287,0.14609375105963812,RN_DRAIN_00524,0.4840443716707854,synthetic_manning_scenario,0.0,0.14609375105963812,0.0,0.0,0.0
000_030,rajendra_nagar_heavy_rain_demo,0,30,1800,RN_DNODE_00467,0.11240625063578288,0.0,0.11240625063578288,RN_DRAIN_00017,0.03485428291526828,synthetic_manning_scenario,0.0,0.03485428291526828,0.0775519677205146,0.0,139.5935418969263
000_030,rajendra_nagar_heavy_rain_demo,0,30,1800,RN_DNODE_00387,0.0,0.03484430030503481,0.03484430030503481,RN_DRAIN_00004,0.02637752433631995,synthetic_manning_scenario,0.0,0.02637752433631995,0.008466775968714861,0.0,15.24019674368675
000_030,rajendra_nagar_heavy_rain_demo,0,30,1800,RN_DNODE_00505,0.0,0.15694054372586286,0.15694054372586286,,,,,0.0,0.0,0.15694054372586286,0.0
000_030,rajendra_nagar_heavy_rain_demo,0,30,1800,RN_DNODE_00023,0.08662500010596381,0.03485428291526828,0.12147928302123209,RN_DRAIN_00154,0.03485428291526828,synthetic_manning_scenario,0.0,0.03485428291526828,0.08662500010596381,0.0,155.92500019073486
000_030,rajendra_nagar_heavy_rain_demo,0,30,1800,RN_DNODE_00386,0.03024999989403619,0.03484430030503481,0.065094300199071,RN_DRAIN_00159,0.06828671863062642,synthetic_manning_scenario,0.0,0.065094300199071,0.0,0.0,0.0
000_030,rajendra_nagar_heavy_rain_demo,0,30,1800,RN_DNODE_00125,0.0,0.06131159377895453,0.06131159377895453,RN_DRAIN_00177,0.29797263860351214,synthetic_manning_scenario,0.0,0.06131159377895453,0.0,0.0,0.0
000_030,rajendra_nagar_heavy_rain_demo,0,30,1800,RN_DNODE_00481,0.05225000010596381,0.06233696028667062,0.11458696039263444,RN_DRAIN_00147,0.03485428291526828,synthetic_manning_scenario,0.0,0.03485428291526828,0.07973267747736616,0.0,143.5188194592591
000_030,rajendra_nagar_heavy_rain_demo,0,30,1800,RN_DNODE_00542,0.0,0.12684375021192762,0.12684375021192762,RN_DRAIN_00267,0.03485428291526828,synthetic_manning_scenario,0.0,0.03485428291526828,0.09198946729665934,0.0,165.58104113398682
000_030,rajendra_nagar_heavy_rain_demo,0,30,1800,RN_DNODE_00021,0.0171875,0.1755835662543918,0.1927710662543918,RN_DRAIN_00241,0.12723324562335805,synthetic_manning_scenario,0.0,0.12723324562335805,0.06553782063103375,0.0,117.96807713586075
000_030,rajendra_nagar_heavy_rain_demo,0,30,1800,RN_DNODE_00122,0.0,0.03484430030503481,0.03484430030503481,RN_DRAIN_00298,0.03484430030503481,synthetic_manning_scenario,0.0,0.03484430030503481,0.0,0.0,0.0
000_030,rajendra_nagar_heavy_rain_demo,0,30,1800,RN_DNODE_00062,0.0,0.0,0.0,RN_DRAIN_00412,0.12723324562335805,synthetic_manning_scenario,0.0,0.0,0.0,0.0,0.0
000_030,rajendra_nagar_heavy_rain_demo,0,30,1800,RN_DNODE_00445,0.0,0.4770687160785534,0.4770687160785534,RN_DRAIN_00352,0.7483774137344394,synthetic_manning_scenario,0.0,0.4770687160785534,0.0,0.0,0.0
000_030,rajendra_nagar_heavy_rain_demo,0,30,1800,RN_DNODE_00540,0.03506250010596381,0.15013191509707569,0.1851944152030395,RN_DRAIN_00378,0.1348146985507728,synthetic_manning_scenario,0.0,0.1348146985507728,0.050379716652266704,0.0,90.68348997408006
000_030,rajendra_nagar_heavy_rain_demo,0,30,1800,RN_DNODE_00140,0.0,0.05856305051696244,0.05856305051696244,RN_DRAIN_00498,0.31364418229729374,synthetic_manning_scenario,0.0,0.05856305051696244,0.0,0.0,0.0
000_030,rajendra_nagar_heavy_rain_demo,0,30,1800,RN_DNODE_00404,0.011000000105963813,0.31224813869844836,0.32324813880441217,RN_DRAIN_00478,0.30124813859248456,synthetic_manning_scenario,0.0,0.30124813859248456,0.022000000211927606,0.0,39.60000038146969
000_030,rajendra_nagar_heavy_rain_demo,0,30,1800,RN_DNODE_00403,0.0,0.0,0.0,RN_DRAIN_00492,0.48250869403237323,synthetic_manning_scenario,0.0,0.0,0.0,0.0,0.0
000_030,rajendra_nagar_heavy_rain_demo,0,30,1800,RN_DNODE_00284,0.023031250105963814,0.14609375105963812,0.16912500116560195,RN_DRAIN_00523,0.8030954072736205,synthetic_manning_scenario,0.0,0.16912500116560195,0.0,0.0,0.0
000_030,rajendra_nagar_heavy_rain_demo,0,30,1800,RN_DNODE_00379,0.0,0.02637752433631995,0.02637752433631995,,,,,0.0,0.0,0.02637752433631995,0.0
000_030,rajendra_nagar_heavy_rain_demo,0,30,1800,RN_DNODE_00027,0.03609375,0.03485428291526828,0.07094803291526827,RN_DRAIN_00155,0.03484430030503481,synthetic_manning_scenario,0.0,0.03484430030503481,0.03610373261023346,0.0,64.98671869842023
000_030,rajendra_nagar_heavy_rain_demo,0,30,1800,RN_DNODE_00378,0.03609375,0.065094300199071,0.10118805019907101,RN_DRAIN_00146,0.12524186330580878,synthetic_manning_scenario,0.0,0.10118805019907101,0.0,0.0,0.0
000_030,rajendra_nagar_heavy_rain_demo,0,30,1800,RN_DNODE_00136,0.0,0.06131159377895453,0.06131159377895453,RN_DRAIN_00161,0.16698035472771766,synthetic_manning_scenario,0.0,0.06131159377895453,0.0,0.0,0.0
000_030,rajendra_nagar_heavy_rain_demo,0,30,1800,RN_DNODE_00482,0.011687500211927626,0.03485428291526828,0.0465417831271959,RN_DRAIN_00134,0.03484430030503481,synthetic_manning_scenario,0.0,0.03484430030503481,0.011697482822161091,0.0,21.055469079889964
000_030,rajendra_nagar_heavy_rain_demo,0,30,1800,RN_DNODE_00537,0.0,0.03485428291526828,0.03485428291526828,RN_DRAIN_00266,0.1272696969192279,synthetic_manning_scenario,0.0,0.03485428291526828,0.0,0.0,0.0
000_030,rajendra_nagar_heavy_rain_demo,0,30,1800,RN_DNODE_00026,0.018218749894036188,0.12723324562335805,0.14545199551739424,RN_DRAIN_00257,0.7029886526903337,synthetic_manning_scenario,0.0,0.14545199551739424,0.0,0.0,0.0
000_030,rajendra_nagar_heavy_rain_demo,0,30,1800,RN_DNODE_00133,0.0,0.03484430030503481,0.03484430030503481,RN_DRAIN_00314,0.1550630537514668,synthetic_manning_scenario,0.0,0.03484430030503481,0.0,0.0,0.0
000_030,rajendra_nagar_heavy_rain_demo,0,30,1800,RN_DNODE_00069,0.46474999931123523,0.0,0.46474999931123523,RN_DRAIN_00421,0.12723324562335805,synthetic_manning_scenario,0.0,0.12723324562335805,0.33751675368787715,0.0,607.5301566381788
000_030,rajendra_nagar_heavy_rain_demo,0,30,1800,RN_DNODE_00446,0.03918750021192763,0.4770687160785534,0.516256216290481,RN_DRAIN_00345,0.6085297810986018,synthetic_manning_scenario,0.0,0.516256216290481,0.0,0.0,0.0
000_030,rajendra_nagar_heavy_rain_demo,0,30,1800,RN_DNODE_00536,0.05637500021192762,0.15165844876270043,0.20803344897462805,RN_DRAIN_00369,0.18393770855067063,synthetic_manning_scenario,0.0,0.18393770855067063,0.02409574042395743,0.0,43.372332763123374
000_030,rajendra_nagar_heavy_rain_demo,0,30,1800,RN_DNODE_00141,0.0,0.05856305051696244,0.05856305051696244,RN_DRAIN_00485,0.02637752433631995,synthetic_manning_scenario,0.0,0.02637752433631995,0.032185526180642486,0.0,57.93394712515647
000_030,rajendra_nagar_heavy_rain_demo,0,30,1800,RN_DNODE_00391,0.20453125052981908,0.3070918886984484,0.5116231392282675,RN_DRAIN_00477,0.30124813859248456,synthetic_manning_scenario,0.0,0.30124813859248456,0.21037500063578296,0.0,378.67500114440935
000_030,rajendra_nagar_heavy_rain_demo,0,30,1800,RN_DNODE_00278,0.06600000010596381,0.16912500116560195,0.23512500127156577,RN_DRAIN_00522,0.4808041363512746,synthetic_manning_scenario,0.0,0.23512500127156577,0.0,0.0,0.0
000_030,rajendra_nagar_heavy_rain_demo,0,30,1800,RN_DNODE_00031,0.0,0.03484430030503481,0.03484430030503481,RN_DRAIN_00135,0.03484430030503481,synthetic_manning_scenario,0.0,0.03484430030503481,0.0,0.0,0.0
000_030,rajendra_nagar_heavy_rain_demo,0,30,1800,RN_DNODE_00373,0.0,0.10118805019907101,0.10118805019907101,RN_DRAIN_00132,0.1267604035528174,synthetic_manning_scenario,0.0,0.10118805019907101,0.0,0.0,0.0
000_030,rajendra_nagar_heavy_rain_demo,0,30,1800,RN_DNODE_00153,0.0,0.06131159377895453,0.06131159377895453,RN_DRAIN_00162,0.20061316841502458,synthetic_manning_scenario,0.0,0.06131159377895453,0.0,0.0,0.0
000_030,rajendra_nagar_heavy_rain_demo,0,30,1800,RN_DNODE_00472,0.011687500211927626,0.04687555030503481,0.05856305051696244,RN_DRAIN_00119,0.1272696969192279,synthetic_manning_scenario,0.0,0.05856305051696244,0.0,0.0,0.0
000_030,rajendra_nagar_heavy_rain_demo,0,30,1800,RN_DNODE_00530,0.0,0.03485428291526828,0.03485428291526828,RN_DRAIN_00265,0.12723324562335805,synthetic_manning_scenario,0.0,0.03485428291526828,0.0,0.0,0.0
000_030,rajendra_nagar_heavy_rain_demo,0,30,1800,RN_DNODE_00025,0.0,0.14545199551739424,0.14545199551739424,RN_DRAIN_00270,0.12723324562335805,synthetic_manning_scenario,0.0,0.12723324562335805,0.018218749894036185,0.0,32.79374980926513
000_030,rajendra_nagar_heavy_rain_demo,0,30,1800,RN_DNODE_00148,0.0,0.03484430030503481,0.03484430030503481,RN_DRAIN_00315,0.1734811093212871,synthetic_manning_scenario,0.0,0.03484430030503481,0.0,0.0,0.0
000_030,rajendra_nagar_heavy_rain_demo,0,30,1800,RN_DNODE_00073,0.0,0.2032019959412495,0.2032019959412495,RN_DRAIN_00434,0.46733711847571097,synthetic_manning_scenario,0.0,0.2032019959412495,0.0,0.0,0.0
000_030,rajendra_nagar_heavy_rain_demo,0,30,1800,RN_DNODE_00526,0.0,0.18393770855067063,0.18393770855067063,RN_DRAIN_00363,0.8884739605124451,synthetic_manning_scenario,0.0,0.18393770855067063,0.0,0.0,0.0
000_030,rajendra_nagar_heavy_rain_demo,0,30,1800,RN_DNODE_00129,0.0,0.02637752433631995,0.02637752433631995,RN_DRAIN_00471,0.03485428291526828,synthetic_manning_scenario,0.0,0.02637752433631995,0.0,0.0,0.0
000_030,rajendra_nagar_heavy_rain_demo,0,30,1800,RN_DNODE_00382,0.011687500211927626,0.3360924388975194,0.347779939109447,RN_DRAIN_00476,1.5879626023456346,synthetic_manning_scenario,0.0,0.347779939109447,0.0,0.0,0.0
000_030,rajendra_nagar_heavy_rain_demo,0,30,1800,RN_DNODE_00272,0.0,0.24715625127156576,0.24715625127156576,RN_DRAIN_00509,0.8534250354908414,synthetic_manning_scenario,0.0,0.24715625127156576,0.0,0.0,0.0
000_030,rajendra_nagar_heavy_rain_demo,0,30,1800,RN_DNODE_00039,0.03884375042385525,0.046531800516962436,0.0853755509408177,RN_DRAIN_00121,0.12723324562335805,synthetic_manning_scenario,0.0,0.0853755509408177,0.0,0.0,0.0
000_030,rajendra_nagar_heavy_rain_demo,0,30,1800,RN_DNODE_00365,0.02921875,0.10118805019907101,0.13040680019907103,RN_DRAIN_00145,0.21676002461835764,synthetic_manning_scenario,0.0,0.13040680019907103,0.0,0.0,0.0
000_030,rajendra_nagar_heavy_rain_demo,0,30,1800,RN_DNODE_00174,0.0,0.06131159377895453,0.06131159377895453,RN_DRAIN_00156,0.03484430030503481,synthetic_manning_scenario,0.0,0.03484430030503481,0.02646729347391972,0.0,47.64112825305549
000_030,rajendra_nagar_heavy_rain_demo,0,30,1800,RN_DNODE_00473,0.02921875,0.05856305051696244,0.08778180051696244,RN_DRAIN_00102,0.12723324562335805,synthetic_manning_scenario,0.0,0.08778180051696244,0.0,0.0,0.0
000_030,rajendra_nagar_heavy_rain_demo,0,30,1800,RN_DNODE_00523,0.0,0.06970856583053656,0.06970856583053656,RN_DRAIN_00250,0.33976832673800367,synthetic_manning_scenario,0.0,0.06970856583053656,0.0,0.0,0.0
000_030,rajendra_nagar_heavy_rain_demo,0,30,1800,RN_DNODE_00030,0.0,0.12723324562335805,0.12723324562335805,RN_DRAIN_00282,0.6385097114211645,synthetic_manning_scenario,0.0,0.12723324562335805,0.0,0.0,0.0
000_030,rajendra_nagar_heavy_rain_demo,0,30,1800,RN_DNODE_00167,0.0,0.03484430030503481,0.03484430030503481,RN_DRAIN_00299,0.30262734913588674,synthetic_manning_scenario,0.0,0.03484430030503481,0.0,0.0,0.0
000_030,rajendra_nagar_heavy_rain_demo,0,30,1800,RN_DNODE_00083,0.0,0.2032019959412495,0.2032019959412495,RN_DRAIN_00422,0.8950470007614398,synthetic_manning_scenario,0.0,0.2032019959412495,0.0,0.0,0.0
000_030,rajendra_nagar_heavy_rain_demo,0,30,1800,RN_DNODE_00520,0.027156250211927625,0.2234689590804897,0.25062520929241733,RN_DRAIN_00354,0.8904712544361131,synthetic_manning_scenario,0.0,0.25062520929241733,0.0,0.0,0.0
000_030,rajendra_nagar_heavy_rain_demo,0,30,1800,RN_DNODE_00130,0.0,0.02637752433631995,0.02637752433631995,RN_DRAIN_00462,0.1272696969192279,synthetic_manning_scenario,0.0,0.02637752433631995,0.0,0.0,0.0
000_030,rajendra_nagar_heavy_rain_demo,0,30,1800,RN_DNODE_00374,0.0,0.347779939109447,0.347779939109447,RN_DRAIN_00475,1.3110899309156265,synthetic_manning_scenario,0.0,0.347779939109447,0.0,0.0,0.0
000_030,rajendra_nagar_heavy_rain_demo,0,30,1800,RN_DNODE_00273,0.02784375031789144,0.24715625127156576,0.2750000015894572,RN_DRAIN_00500,0.3882542420713991,synthetic_manning_scenario,0.0,0.2750000015894572,0.0,0.0,0.0
000_030,rajendra_nagar_heavy_rain_demo,0,30,1800,RN_DNODE_00049,0.005843750105963813,0.0853755509408177,0.09121930104678151,RN_DRAIN_00105,0.1272696969192279,synthetic_manning_scenario,0.0,0.09121930104678151,0.0,0.0,0.0
000_030,rajendra_nagar_heavy_rain_demo,0,30,1800,RN_DNODE_00360,0.017531249788072373,0.13040680019907103,0.1479380499871434,RN_DRAIN_00144,0.10887560820568472,synthetic_manning_scenario,0.0,0.10887560820568472,0.03906244178145869,0.0,70.31239520662565
000_030,rajendra_nagar_heavy_rain_demo,0,30,1800,RN_DNODE_00460,0.017875000105963813,0.08778180051696244,0.10565680062292625,RN_DRAIN_00077,0.1272696969192279,synthetic_manning_scenario,0.0,0.10565680062292625,0.0,0.0,0.0
000_030,rajendra_nagar_heavy_rain_demo,0,30,1800,RN_DNODE_00515,0.0,0.06970856583053656,0.06970856583053656,RN_DRAIN_00264,0.25964530282323023,synthetic_manning_scenario,0.0,0.06970856583053656,0.0,0.0,0.0
000_030,rajendra_nagar_heavy_rain_demo,0,30,1800,RN_DNODE_00037,0.0,0.12723324562335805,0.12723324562335805,RN_DRAIN_00283,0.4789095248259892,synthetic_manning_scenario,0.0,0.12723324562335805,0.0,0.0,0.0
000_030,rajendra_nagar_heavy_rain_demo,0,30,1800,RN_DNODE_00192,0.0,0.03484430030503481,0.03484430030503481,RN_DRAIN_00300,0.12619378157464736,synthetic_manning_scenario,0.0,0.03484430030503481,0.0,0.0,0.0
000_030,rajendra_nagar_heavy_rain_demo,0,30,1800,RN_DNODE_00092,0.0,0.2032019959412495,0.2032019959412495,RN_DRAIN_00423,0.30124813859248456,synthetic_manning_scenario,0.0,0.2032019959412495,0.0,0.0,0.0
000_030,rajendra_nagar_heavy_rain_demo,0,30,1800,RN_DNODE_00510,0.0,0.38528398415855636,0.38528398415855636,RN_DRAIN_00347,0.30124813859248456,synthetic_manning_scenario,0.0,0.30124813859248456,0.0840358455660718,0.0,151.26452201892923
000_030,rajendra_nagar_heavy_rain_demo,0,30,1800,RN_DNODE_00368,0.0,0.347779939109447,0.347779939109447,RN_DRAIN_00465,1.8547357326579403,synthetic_manning_scenario,0.0,0.347779939109447,0.0,0.0,0.0
000_030,rajendra_nagar_heavy_rain_demo,0,30,1800,RN_DNODE_00265,0.0,0.2750000015894572,0.2750000015894572,RN_DRAIN_00491,0.6913117801679162,synthetic_manning_scenario,0.0,0.2750000015894572,0.0,0.0,0.0
000_030,rajendra_nagar_heavy_rain_demo,0,30,1800,RN_DNODE_00058,0.0,0.2184889979660094,0.2184889979660094,RN_DRAIN_00083,0.30107555299333355,synthetic_manning_scenario,0.0,0.2184889979660094,0.0,0.0,0.0
000_030,rajendra_nagar_heavy_rain_demo,0,30,1800,RN_DNODE_00353,0.022687499788072375,0.10887560820568472,0.1315631079937571,RN_DRAIN_00143,0.03485428291526828,synthetic_manning_scenario,0.0,0.03485428291526828,0.09670882507848881,0.0,174.07588514127985
000_030,rajendra_nagar_heavy_rain_demo,0,30,1800,RN_DNODE_00461,0.017531250317891437,0.10565680062292625,0.12318805094081768,RN_DRAIN_00070,0.3887914862481728,synthetic_manning_scenario,0.0,0.12318805094081768,0.0,0.0,0.0
000_030,rajendra_nagar_heavy_rain_demo,0,30,1800,RN_DNODE_00514,0.0,0.06970856583053656,0.06970856583053656,RN_DRAIN_00279,0.12719678388149364,synthetic_manning_scenario,0.0,0.06970856583053656,0.0,0.0,0.0
000_030,rajendra_nagar_heavy_rain_demo,0,30,1800,RN_DNODE_00046,0.0,0.12723324562335805,0.12723324562335805,RN_DRAIN_00271,0.3989314278310482,synthetic_manning_scenario,0.0,0.12723324562335805,0.0,0.0,0.0
000_030,rajendra_nagar_heavy_rain_demo,0,30,1800,RN_DNODE_00101,0.0,0.2032019959412495,0.2032019959412495,RN_DRAIN_00424,0.4805520220810709,synthetic_manning_scenario,0.0,0.2032019959412495,0.0,0.0,0.0
000_030,rajendra_nagar_heavy_rain_demo,0,30,1800,RN_DNODE_00362,0.09625000052981907,0.347779939109447,0.44402993963926607,RN_DRAIN_00455,0.3425817481644578,synthetic_manning_scenario,0.0,0.3425817481644578,0.10144819147480827,0.0,182.60674465465488
000_030,rajendra_nagar_heavy_rain_demo,0,30,1800,RN_DNODE_00255,0.0,0.28084375169542103,0.28084375169542103,RN_DRAIN_00490,0.1655419763093995,synthetic_manning_scenario,0.0,0.1655419763093995,0.11530177538602152,0.0,207.54319569483872
000_030,rajendra_nagar_heavy_rain_demo,0,30,1800,RN_DNODE_00067,0.0,0.23602024828390084,0.23602024828390084,RN_DRAIN_00084,0.30124813859248456,synthetic_manning_scenario,0.0,0.23602024828390084,0.0,0.0,0.0
000_030,rajendra_nagar_heavy_rain_demo,0,30,1800,RN_DNODE_00344,0.05259374989403619,0.03485428291526828,0.08744803280930447,RN_DRAIN_00142,0.10542103561186149,synthetic_manning_scenario,0.0,0.08744803280930447,0.0,0.0,0.0
000_030,rajendra_nagar_heavy_rain_demo,0,30,1800,RN_DNODE_00462,0.016843750211927626,0.12318805094081768,0.1400318011527453,RN_DRAIN_00061,0.27705159099154153,synthetic_manning_scenario,0.0,0.1400318011527453,0.0,0.0,0.0
000_030,rajendra_nagar_heavy_rain_demo,0,30,1800,RN_DNODE_00513,0.0,0.06970856583053656,0.06970856583053656,RN_DRAIN_00293,0.1272696969192279,synthetic_manning_scenario,0.0,0.06970856583053656,0.0,0.0,0.0
000_030,rajendra_nagar_heavy_rain_demo,0,30,1800,RN_DNODE_00055,0.0,0.12723324562335805,0.12723324562335805,RN_DRAIN_00258,0.6419583207023042,synthetic_manning_scenario,0.0,0.12723324562335805,0.0,0.0,0.0
000_030,rajendra_nagar_heavy_rain_demo,0,30,1800,RN_DNODE_00110,0.0,0.2032019959412495,0.2032019959412495,RN_DRAIN_00435,2.759346514317241,synthetic_manning_scenario,0.0,0.2032019959412495,0.0,0.0,0.0
000_030,rajendra_nagar_heavy_rain_demo,0,30,1800,RN_DNODE_00356,0.02853125042385525,0.3425817481644578,0.37111299858831304,RN_DRAIN_00454,1.4082442328435159,synthetic_manning_scenario,0.0,0.37111299858831304,0.0,0.0,0.0
000_030,rajendra_nagar_heavy_rain_demo,0,30,1800,RN_DNODE_00234,0.06256249957614475,0.1655419763093995,0.22810447588554428,RN_DRAIN_00489,0.5313346491245258,synthetic_manning_scenario,0.0,0.22810447588554428,0.0,0.0,0.0
000_030,rajendra_nagar_heavy_rain_demo,0,30,1800,RN_DNODE_00072,0.0,0.23602024828390084,0.23602024828390084,RN_DRAIN_00085,0.30124813859248456,synthetic_manning_scenario,0.0,0.23602024828390084,0.0,0.0,0.0
000_030,rajendra_nagar_heavy_rain_demo,0,30,1800,RN_DNODE_00333,0.01856249968210856,0.08744803280930447,0.10601053249141303,RN_DRAIN_00131,0.22781081406408252,synthetic_manning_scenario,0.0,0.10601053249141303,0.0,0.0,0.0
000_030,rajendra_nagar_heavy_rain_demo,0,30,1800,RN_DNODE_00463,0.12546875052981907,0.1400318011527453,0.26550055168256437,RN_DRAIN_00052,0.1272696969192279,synthetic_manning_scenario,0.0,0.1272696969192279,0.13823085476333646,0.0,248.81553857400564
000_030,rajendra_nagar_heavy_rain_demo,0,30,1800,RN_DNODE_00512,0.0,0.06970856583053656,0.06970856583053656,RN_DRAIN_00312,0.1272696969192279,synthetic_manning_scenario,0.0,0.06970856583053656,0.0,0.0,0.0
000_030,rajendra_nagar_heavy_rain_demo,0,30,1800,RN_DNODE_00064,0.0,0.12723324562335805,0.12723324562335805,RN_DRAIN_00259,0.12723324562335805,synthetic_manning_scenario,0.0,0.12723324562335805,0.0,0.0,0.0
000_030,rajendra_nagar_heavy_rain_demo,0,30,1800,RN_DNODE_00120,0.0,0.2032019959412495,0.2032019959412495,RN_DRAIN_00449,2.5437721438672827,synthetic_manning_scenario,0.0,0.2032019959412495,0.0,0.0,0.0
000_030,rajendra_nagar_heavy_rain_demo,0,30,1800,RN_DNODE_00348,0.017875000105963813,0.37111299858831304,0.38898799869427686,RN_DRAIN_00444,1.036783363348529,synthetic_manning_scenario,0.0,0.38898799869427686,0.0,0.0,0.0
000_030,rajendra_nagar_heavy_rain_demo,0,30,1800,RN_DNODE_00207,0.03403125021192763,0.22810447588554428,0.26213572609747193,RN_DRAIN_00488,0.9868943284982327,synthetic_manning_scenario,0.0,0.26213572609747193,0.0,0.0,0.0
000_030,rajendra_nagar_heavy_rain_demo,0,30,1800,RN_DNODE_00079,0.09625000105963813,0.23602024828390084,0.332270249343539,RN_DRAIN_00086,0.30124813859248456,synthetic_manning_scenario,0.0,0.30124813859248456,0.031022110751054432,0.0,55.83979935189798
000_030,rajendra_nagar_heavy_rain_demo,0,30,1800,RN_DNODE_00464,0.018218749894036188,0.1272696969192279,0.1454884468132641,RN_DRAIN_00044,0.642398926061122,synthetic_manning_scenario,0.0,0.1454884468132641,0.0,0.0,0.0
000_030,rajendra_nagar_heavy_rain_demo,0,30,1800,RN_DNODE_00502,0.0,0.3709567044230211,0.3709567044230211,RN_DRAIN_00332,0.30107555299333355,synthetic_manning_scenario,0.0,0.30107555299333355,0.06988115142968754,0.0,125.78607257343756
000_030,rajendra_nagar_heavy_rain_demo,0,30,1800,RN_DNODE_00070,0.0,0.12723324562335805,0.12723324562335805,RN_DRAIN_00243,0.12723324562335805,synthetic_manning_scenario,0.0,0.12723324562335805,0.0,0.0,0.0
000_030,rajendra_nagar_heavy_rain_demo,0,30,1800,RN_DNODE_00341,0.05018750031789144,0.38898799869427686,0.4391754990121683,RN_DRAIN_00443,0.5674438686929558,synthetic_manning_scenario,0.0,0.4391754990121683,0.0,0.0,0.0
000_030,rajendra_nagar_heavy_rain_demo,0,30,1800,RN_DNODE_00181,0.011000000105963813,0.26213572609747193,0.27313572620343574,RN_DRAIN_00487,1.2167317531808846,synthetic_manning_scenario,0.0,0.27313572620343574,0.0,0.0,0.0
000_030,rajendra_nagar_heavy_rain_demo,0,30,1800,RN_DNODE_00088,0.25781250105963815,0.30124813859248456,0.5590606396521227,RN_DRAIN_00087,2.002281704829388,synthetic_manning_scenario,0.0,0.5590606396521227,0.0,0.0,0.0
000_030,rajendra_nagar_heavy_rain_demo,0,30,1800,RN_DNODE_00465,0.021312500105963812,0.1454884468132641,0.1668009469192279,RN_DRAIN_00036,0.5725232749926845,synthetic_manning_scenario,0.0,0.1668009469192279,0.0,0.0,0.0
000_030,rajendra_nagar_heavy_rain_demo,0,30,1800,RN_DNODE_00498,0.0,0.30107555299333355,0.30107555299333355,RN_DRAIN_00331,0.30124813859248456,synthetic_manning_scenario,0.0,0.30107555299333355,0.0,0.0,0.0
000_030,rajendra_nagar_heavy_rain_demo,0,30,1800,RN_DNODE_00077,0.0,0.12723324562335805,0.12723324562335805,RN_DRAIN_00222,0.1272696969192279,synthetic_manning_scenario,0.0,0.12723324562335805,0.0,0.0,0.0
000_030,rajendra_nagar_heavy_rain_demo,0,30,1800,RN_DNODE_00330,0.005843750105963813,0.46555302334848825,0.4713967734544521,RN_DRAIN_00442,0.30124813859248456,synthetic_manning_scenario,0.0,0.30124813859248456,0.17014863486196752,0.0,306.26754275154155
000_030,rajendra_nagar_heavy_rain_demo,0,30,1800,RN_DNODE_00159,0.0,0.27313572620343574,0.27313572620343574,RN_DRAIN_00473,0.5368494949865811,synthetic_manning_scenario,0.0,0.27313572620343574,0.0,0.0,0.0
000_030,rajendra_nagar_heavy_rain_demo,0,30,1800,RN_DNODE_00097,0.005843750105963813,0.5590606396521227,0.5649043897580865,RN_DRAIN_00088,1.878999507826128,synthetic_manning_scenario,0.0,0.5649043897580865,0.0,0.0,0.0
000_030,rajendra_nagar_heavy_rain_demo,0,30,1800,RN_DNODE_00466,0.018218749894036188,0.1668009469192279,0.18501969681326408,RN_DRAIN_00029,0.12723324562335805,synthetic_manning_scenario,0.0,0.12723324562335805,0.057786451189906024,0.0,104.01561214183084
000_030,rajendra_nagar_heavy_rain_demo,0,30,1800,RN_DNODE_00497,0.0,0.30107555299333355,0.30107555299333355,RN_DRAIN_00330,0.30124813859248456,synthetic_manning_scenario,0.0,0.30107555299333355,0.0,0.0,0.0
000_030,rajendra_nagar_heavy_rain_demo,0,30,1800,RN_DNODE_00086,0.0,0.12723324562335805,0.12723324562335805,RN_DRAIN_00223,0.1272696969192279,synthetic_manning_scenario,0.0,0.12723324562335805,0.0,0.0,0.0
000_030,rajendra_nagar_heavy_rain_demo,0,30,1800,RN_DNODE_00314,0.023375000423855253,0.30124813859248456,0.3246231390163398,RN_DRAIN_00441,0.30116185815577506,synthetic_manning_scenario,0.0,0.30116185815577506,0.02346128086056476,0.0,42.23030554901656
000_030,rajendra_nagar_heavy_rain_demo,0,30,1800,RN_DNODE_00143,0.0,0.27313572620343574,0.27313572620343574,RN_DRAIN_00463,0.09631698738212754,synthetic_manning_scenario,0.0,0.09631698738212754,0.1768187388213082,0.0,318.27372987835474
000_030,rajendra_nagar_heavy_rain_demo,0,30,1800,RN_DNODE_00105,0.048125,0.5649043897580865,0.6130293897580865,RN_DRAIN_00089,1.8362178351593588,synthetic_manning_scenario,0.0,0.6130293897580865,0.0,0.0,0.0
000_030,rajendra_nagar_heavy_rain_demo,0,30,1800,RN_DNODE_00456,0.08696874989403619,0.16208752853862635,0.24905627843266254,RN_DRAIN_00016,0.12723324562335805,synthetic_manning_scenario,0.0,0.12723324562335805,0.12182303280930448,0.0,219.28145905674808
000_030,rajendra_nagar_heavy_rain_demo,0,30,1800,RN_DNODE_00496,0.0,0.30107555299333355,0.30107555299333355,RN_DRAIN_00329,0.30124813859248456,synthetic_manning_scenario,0.0,0.30107555299333355,0.0,0.0,0.0
000_030,rajendra_nagar_heavy_rain_demo,0,30,1800,RN_DNODE_00095,0.0,0.12723324562335805,0.12723324562335805,RN_DRAIN_00224,0.5514010831518042,synthetic_manning_scenario,0.0,0.12723324562335805,0.0,0.0,0.0
000_030,rajendra_nagar_heavy_rain_demo,0,30,1800,RN_DNODE_00296,0.061531250211927624,0.31284935836770267,0.3743806085796303,RN_DRAIN_00428,0.30116185815577506,synthetic_manning_scenario,0.0,0.30116185815577506,0.07321875042385523,0.0,131.7937507629394
000_030,rajendra_nagar_heavy_rain_demo,0,30,1800,RN_DNODE_00131,0.0,0.325896507659697,0.325896507659697,RN_DRAIN_00450,0.30116185815577506,synthetic_manning_scenario,0.0,0.30116185815577506,0.024734649503921957,0.0,44.522369107059525
000_030,rajendra_nagar_heavy_rain_demo,0,30,1800,RN_DNODE_00115,0.027843749788072376,0.6240293898640503,0.6518731396521227,RN_DRAIN_00090,2.0143420369081957,synthetic_manning_scenario,0.0,0.6518731396521227,0.0,0.0,0.0
000_030,rajendra_nagar_heavy_rain_demo,0,30,1800,RN_DNODE_00449,0.04159374978807238,0.12723324562335805,0.16882699541143042,RN_DRAIN_00011,0.41271576218229383,synthetic_manning_scenario,0.0,0.16882699541143042,0.0,0.0,0.0
000_030,rajendra_nagar_heavy_rain_demo,0,30,1800,RN_DNODE_00493,0.6575937514834934,0.30107555299333355,0.958669304476827,RN_DRAIN_00328,1.73635575785819,synthetic_manning_scenario,0.0,0.958669304476827,0.0,0.0,0.0
000_030,rajendra_nagar_heavy_rain_demo,0,30,1800,RN_DNODE_00103,0.0,0.12723324562335805,0.12723324562335805,RN_DRAIN_00225,0.47636516340908275,synthetic_manning_scenario,0.0,0.12723324562335805,0.0,0.0,0.0
000_030,rajendra_nagar_heavy_rain_demo,0,30,1800,RN_DNODE_00285,0.04331250031789144,0.31284935836770267,0.35616185868559413,RN_DRAIN_00417,0.30116185815577506,synthetic_manning_scenario,0.0,0.30116185815577506,0.05500000052981907,0.0,99.00000095367433
000_030,rajendra_nagar_heavy_rain_demo,0,30,1800,RN_DNODE_00145,0.0,0.30116185815577506,0.30116185815577506,RN_DRAIN_00438,0.30116185815577506,synthetic_manning_scenario,0.0,0.30116185815577506,0.0,0.0,0.0
000_030,rajendra_nagar_heavy_rain_demo,0,30,1800,RN_DNODE_00127,0.0,0.6518731396521227,0.6518731396521227,RN_DRAIN_00091,1.8440278673135078,synthetic_manning_scenario,0.0,0.6518731396521227,0.0,0.0,0.0
000_030,rajendra_nagar_heavy_rain_demo,0,30,1800,RN_DNODE_00450,0.005843750105963813,0.16882699541143042,0.17467074551739423,RN_DRAIN_00006,0.09631698738212754,synthetic_manning_scenario,0.0,0.09631698738212754,0.07835375813526668,0.0,141.03676464348004
000_030,rajendra_nagar_heavy_rain_demo,0,30,1800,RN_DNODE_00489,0.029218750529819065,0.958669304476827,0.987888055006646,RN_DRAIN_00327,0.5266848835674651,synthetic_manning_scenario,0.0,0.5266848835674651,0.4612031714391809,0.0,830.1657085905256
000_030,rajendra_nagar_heavy_rain_demo,0,30,1800,RN_DNODE_00112,0.3812187491522895,0.12723324562335805,0.5084519947756475,RN_DRAIN_00226,0.2262936821084416,synthetic_manning_scenario,0.0,0.2262936821084416,0.2821583126672059,0.0,507.88496280097064
000_030,rajendra_nagar_heavy_rain_demo,0,30,1800,RN_DNODE_00279,0.023718750211927625,0.30116185815577506,0.3248806083677027,RN_DRAIN_00409,0.30124813859248456,synthetic_manning_scenario,0.0,0.30124813859248456,0.023632469775218157,0.0,42.53844559539268
000_030,rajendra_nagar_heavy_rain_demo,0,30,1800,RN_DNODE_00163,0.0,0.30116185815577506,0.30116185815577506,RN_DRAIN_00426,0.30124813859248456,synthetic_manning_scenario,0.0,0.30116185815577506,0.0,0.0,0.0
000_030,rajendra_nagar_heavy_rain_demo,0,30,1800,RN_DNODE_00138,0.0,0.6518731396521227,0.6518731396521227,RN_DRAIN_00110,2.117775746980934,synthetic_manning_scenario,0.0,0.6518731396521227,0.0,0.0,0.0
000_030,rajendra_nagar_heavy_rain_demo,0,30,1800,RN_DNODE_00443,0.0,0.09631698738212754,0.09631698738212754,,,,,0.0,0.0,0.09631698738212754,0.0
000_030,rajendra_nagar_heavy_rain_demo,0,30,1800,RN_DNODE_00485,0.0,0.5266848835674651,0.5266848835674651,RN_DRAIN_00326,0.30124813859248456,synthetic_manning_scenario,0.0,0.30124813859248456,0.22543674497498056,0.0,405.786140954965
000_030,rajendra_nagar_heavy_rain_demo,0,30,1800,RN_DNODE_00123,0.0,0.2262936821084416,0.2262936821084416,RN_DRAIN_00227,0.19248944506420465,synthetic_manning_scenario,0.0,0.19248944506420465,0.03380423704423696,0.0,60.84762667962653
000_030,rajendra_nagar_heavy_rain_demo,0,30,1800,RN_DNODE_00274,0.017875000105963813,0.30124813859248456,0.3191231386984484,RN_DRAIN_00408,0.3305358790663851,synthetic_manning_scenario,0.0,0.3191231386984484,0.0,0.0,0.0
000_030,rajendra_nagar_heavy_rain_demo,0,30,1800,RN_DNODE_00164,0.0,0.30116185815577506,0.30116185815577506,RN_DRAIN_00415,0.30124813859248456,synthetic_manning_scenario,0.0,0.30116185815577506,0.0,0.0,0.0
000_030,rajendra_nagar_heavy_rain_demo,0,30,1800,RN_DNODE_00155,0.0,0.6518731396521227,0.6518731396521227,RN_DRAIN_00125,2.013400004775711,synthetic_manning_scenario,0.0,0.6518731396521227,0.0,0.0,0.0
000_030,rajendra_nagar_heavy_rain_demo,0,30,1800,RN_DNODE_00476,0.0,0.30124813859248456,0.30124813859248456,RN_DRAIN_00325,0.30124813859248456,synthetic_manning_scenario,0.0,0.30124813859248456,0.0,0.0,0.0
000_030,rajendra_nagar_heavy_rain_demo,0,30,1800,RN_DNODE_00134,0.0,0.19248944506420465,0.19248944506420465,RN_DRAIN_00228,0.5704535696123435,synthetic_manning_scenario,0.0,0.19248944506420465,0.0,0.0,0.0
000_030,rajendra_nagar_heavy_rain_demo,0,30,1800,RN_DNODE_00266,0.03540625042385525,0.3191231386984484,0.35452938912230364,RN_DRAIN_00407,1.4328865124290238,synthetic_manning_scenario,0.0,0.35452938912230364,0.0,0.0,0.0
000_030,rajendra_nagar_heavy_rain_demo,0,30,1800,RN_DNODE_00165,0.0,0.30116185815577506,0.30116185815577506,RN_DRAIN_00402,0.30116185815577506,synthetic_manning_scenario,0.0,0.30116185815577506,0.0,0.0,0.0
000_030,rajendra_nagar_heavy_rain_demo,0,30,1800,RN_DNODE_00176,0.0,0.6518731396521227,0.6518731396521227,RN_DRAIN_00126,0.22798288882636691,synthetic_manning_scenario,0.0,0.22798288882636691,0.42389025082575577,0.0,763.0024514863604
000_030,rajendra_nagar_heavy_rain_demo,0,30,1800,RN_DNODE_00470,0.15400000148349338,0.30124813859248456,0.4552481400759779,RN_DRAIN_00324,0.9125867707273617,synthetic_manning_scenario,0.0,0.4552481400759779,0.0,0.0,0.0
000_030,rajendra_nagar_heavy_rain_demo,0,30,1800,RN_DNODE_00150,0.0,0.20933319527613228,0.20933319527613228,RN_DRAIN_00212,1.1484321568452578,synthetic_manning_scenario,0.0,0.20933319527613228,0.0,0.0,0.0
000_030,rajendra_nagar_heavy_rain_demo,0,30,1800,RN_DNODE_00257,0.0,0.35452938912230364,0.35452938912230364,RN_DRAIN_00392,3.3929032105727823,synthetic_manning_scenario,0.0,0.35452938912230364,0.0,0.0,0.0
000_030,rajendra_nagar_heavy_rain_demo,0,30,1800,RN_DNODE_00187,0.0,0.30116185815577506,0.30116185815577506,RN_DRAIN_00389,0.30116185815577506,synthetic_manning_scenario,0.0,0.30116185815577506,0.0,0.0,0.0
000_030,rajendra_nagar_heavy_rain_demo,0,30,1800,RN_DNODE_00202,0.0,0.22798288882636691,0.22798288882636691,RN_DRAIN_00127,0.22798288882636691,synthetic_manning_scenario,0.0,0.22798288882636691,0.0,0.0,0.0
000_030,rajendra_nagar_heavy_rain_demo,0,30,1800,RN_DNODE_00459,0.0,0.4552481400759779,0.4552481400759779,RN_DRAIN_00311,0.30124813859248456,synthetic_manning_scenario,0.0,0.30124813859248456,0.15400000148349335,0.0,277.20000267028803
000_030,rajendra_nagar_heavy_rain_demo,0,30,1800,RN_DNODE_00169,0.0,0.20933319527613228,0.20933319527613228,RN_DRAIN_00213,0.8428809574038368,synthetic_manning_scenario,0.0,0.20933319527613228,0.0,0.0,0.0
000_030,rajendra_nagar_heavy_rain_demo,0,30,1800,RN_DNODE_00236,0.0,0.35452938912230364,0.35452938912230364,RN_DRAIN_00391,2.681528497041292,synthetic_manning_scenario,0.0,0.35452938912230364,0.0,0.0,0.0
000_030,rajendra_nagar_heavy_rain_demo,0,30,1800,RN_DNODE_00455,0.0,0.30124813859248456,0.30124813859248456,RN_DRAIN_00310,0.30124813859248456,synthetic_manning_scenario,0.0,0.30124813859248456,0.0,0.0,0.0
000_030,rajendra_nagar_heavy_rain_demo,0,30,1800,RN_DNODE_00210,0.0,0.6556912472780787,0.6556912472780787,RN_DRAIN_00381,0.6932713877368187,synthetic_manning_scenario,0.0,0.6556912472780787,0.0,0.0,0.0
000_030,rajendra_nagar_heavy_rain_demo,0,30,1800,RN_DNODE_00447,0.11756250063578287,0.3276256629288045,0.4451881635645874,RN_DRAIN_00309,0.30116185815577506,synthetic_manning_scenario,0.0,0.30116185815577506,0.14402630540881234,0.0,259.2473497358622
000_030,rajendra_nagar_heavy_rain_demo,0,30,1800,RN_DNODE_00211,0.0,0.6556912472780787,0.6556912472780787,RN_DRAIN_00372,0.6932713877368187,synthetic_manning_scenario,0.0,0.6556912472780787,0.0,0.0,0.0
000_030,rajendra_nagar_heavy_rain_demo,0,30,1800,RN_DNODE_00439,0.005843750105963813,0.817418074446256,0.8232618245522199,RN_DRAIN_00323,0.30124813859248456,synthetic_manning_scenario,0.0,0.30124813859248456,0.5220136859597353,0.0,939.6246347275236
000_030,rajendra_nagar_heavy_rain_demo,0,30,1800,RN_DNODE_00212,0.0,0.6556912472780787,0.6556912472780787,RN_DRAIN_00365,0.6932713877368187,synthetic_manning_scenario,0.0,0.6556912472780787,0.0,0.0,0.0
000_030,rajendra_nagar_heavy_rain_demo,0,30,1800,RN_DNODE_00435,0.03403125021192763,0.31293563880441216,0.34696688901633976,RN_DRAIN_00322,0.30124813859248456,synthetic_manning_scenario,0.0,0.30124813859248456,0.0457187504238552,0.0,82.29375076293937
000_030,rajendra_nagar_heavy_rain_demo,0,30,1800,RN_DNODE_00213,0.0,0.6556912472780787,0.6556912472780787,RN_DRAIN_00357,0.6932713877368187,synthetic_manning_scenario,0.0,0.6556912472780787,0.0,0.0,0.0
000_030,rajendra_nagar_heavy_rain_demo,0,30,1800,RN_DNODE_00429,0.0,0.30124813859248456,0.30124813859248456,RN_DRAIN_00321,0.30116185815577506,synthetic_manning_scenario,0.0,0.30116185815577506,8.628043670949603e-05,0.0,0.15530478607709286
000_030,rajendra_nagar_heavy_rain_demo,0,30,1800,RN_DNODE_00214,0.0,0.6556912472780787,0.6556912472780787,RN_DRAIN_00350,0.6932713877368187,synthetic_manning_scenario,0.0,0.6556912472780787,0.0,0.0,0.0
000_030,rajendra_nagar_heavy_rain_demo,0,30,1800,RN_DNODE_00422,0.0,0.31216185826173887,0.31216185826173887,RN_DRAIN_00343,0.30124813859248456,synthetic_manning_scenario,0.0,0.30124813859248456,0.010913719669254307,0.0,19.644695404657753
000_030,rajendra_nagar_heavy_rain_demo,0,30,1800,RN_DNODE_00215,0.0,0.6556912472780787,0.6556912472780787,RN_DRAIN_00337,0.6928742113147971,synthetic_manning_scenario,0.0,0.6556912472780787,0.0,0.0,0.0
000_030,rajendra_nagar_heavy_rain_demo,0,30,1800,RN_DNODE_00413,0.0,0.30124813859248456,0.30124813859248456,RN_DRAIN_00342,0.30107555299333355,synthetic_manning_scenario,0.0,0.30107555299333355,0.00017258559915100946,0.0,0.31065407847181703
000_030,rajendra_nagar_heavy_rain_demo,0,30,1800,RN_DNODE_00216,0.0,0.6556912472780787,0.6556912472780787,RN_DRAIN_00316,0.6932713877368187,synthetic_manning_scenario,0.0,0.6556912472780787,0.0,0.0,0.0
000_030,rajendra_nagar_heavy_rain_demo,0,30,1800,RN_DNODE_00406,0.0,0.30107555299333355,0.30107555299333355,RN_DRAIN_00341,0.30124813859248456,synthetic_manning_scenario,0.0,0.30107555299333355,0.0,0.0,0.0
000_030,rajendra_nagar_heavy_rain_demo,0,30,1800,RN_DNODE_00217,0.0,0.6556912472780787,0.6556912472780787,RN_DRAIN_00301,0.6932713877368187,synthetic_manning_scenario,0.0,0.6556912472780787,0.0,0.0,0.0
000_030,rajendra_nagar_heavy_rain_demo,0,30,1800,RN_DNODE_00394,0.0,0.30107555299333355,0.30107555299333355,RN_DRAIN_00320,0.30124813859248456,synthetic_manning_scenario,0.0,0.30107555299333355,0.0,0.0,0.0
000_030,rajendra_nagar_heavy_rain_demo,0,30,1800,RN_DNODE_00218,0.0,0.6905355475831135,0.6905355475831135,RN_DRAIN_00286,0.6932713877368187,synthetic_manning_scenario,0.0,0.6905355475831135,0.0,0.0,0.0
000_030,rajendra_nagar_heavy_rain_demo,0,30,1800,RN_DNODE_00384,0.0,0.3179193032052612,0.3179193032052612,RN_DRAIN_00319,0.30116185815577506,synthetic_manning_scenario,0.0,0.30116185815577506,0.01675744504948612,0.0,30.163401089075016
000_030,rajendra_nagar_heavy_rain_demo,0,30,1800,RN_DNODE_00219,0.0,0.6905355475831135,0.6905355475831135,RN_DRAIN_00274,0.6932713877368187,synthetic_manning_scenario,0.0,0.6905355475831135,0.0,0.0,0.0
000_030,rajendra_nagar_heavy_rain_demo,0,30,1800,RN_DNODE_00376,0.0,0.347703641282971,0.347703641282971,RN_DRAIN_00304,0.30116185815577506,synthetic_manning_scenario,0.0,0.30116185815577506,0.046541783127195924,0.0,83.77520962895267
000_030,rajendra_nagar_heavy_rain_demo,0,30,1800,RN_DNODE_00220,0.0,0.6905355475831135,0.6905355475831135,RN_DRAIN_00260,0.6932713877368187,synthetic_manning_scenario,0.0,0.6905355475831135,0.0,0.0,0.0
000_030,rajendra_nagar_heavy_rain_demo,0,30,1800,RN_DNODE_00371,0.0,0.30116185815577506,0.30116185815577506,RN_DRAIN_00289,0.30116185815577506,synthetic_manning_scenario,0.0,0.30116185815577506,0.0,0.0,0.0
000_030,rajendra_nagar_heavy_rain_demo,0,30,1800,RN_DNODE_00221,0.0,0.6905355475831135,0.6905355475831135,RN_DRAIN_00247,0.6930728279768428,synthetic_manning_scenario,0.0,0.6905355475831135,0.0,0.0,0.0
000_030,rajendra_nagar_heavy_rain_demo,0,30,1800,RN_DNODE_00364,0.5912500037087335,0.30116185815577506,0.8924118618645085,RN_DRAIN_00277,0.30116185815577506,synthetic_manning_scenario,0.0,0.30116185815577506,0.5912500037087334,0.0,1064.25000667572
000_030,rajendra_nagar_heavy_rain_demo,0,30,1800,RN_DNODE_00194,0.0,0.6905355475831135,0.6905355475831135,RN_DRAIN_00231,0.6932713877368187,synthetic_manning_scenario,0.0,0.6905355475831135,0.0,0.0,0.0
000_030,rajendra_nagar_heavy_rain_demo,0,30,1800,RN_DNODE_00358,0.0,0.30116185815577506,0.30116185815577506,RN_DRAIN_00263,0.30124813859248456,synthetic_manning_scenario,0.0,0.30116185815577506,0.0,0.0,0.0
000_030,rajendra_nagar_heavy_rain_demo,0,30,1800,RN_DNODE_00195,0.0,0.6905355475831135,0.6905355475831135,RN_DRAIN_00214,0.6932713877368187,synthetic_manning_scenario,0.0,0.6905355475831135,0.0,0.0,0.0
000_030,rajendra_nagar_heavy_rain_demo,0,30,1800,RN_DNODE_00350,0.0,0.30116185815577506,0.30116185815577506,RN_DRAIN_00249,0.30116185815577506,synthetic_manning_scenario,0.0,0.30116185815577506,0.0,0.0,0.0
000_030,rajendra_nagar_heavy_rain_demo,0,30,1800,RN_DNODE_00196,0.0,0.8998687428592458,0.8998687428592458,RN_DRAIN_00204,0.6932713877368187,synthetic_manning_scenario,0.0,0.6932713877368187,0.20659735512242705,0.0,371.8752392203687
000_030,rajendra_nagar_heavy_rain_demo,0,30,1800,RN_DNODE_00343,0.0,0.39122864792275425,0.39122864792275425,RN_DRAIN_00234,0.30116185815577506,synthetic_manning_scenario,0.0,0.30116185815577506,0.09006678976697918,0.0,162.12022158056254
000_030,rajendra_nagar_heavy_rain_demo,0,30,1800,RN_DNODE_00197,1.7376562537087334,0.7070213880017283,2.4446776417104616,RN_DRAIN_00191,0.6928742113147971,synthetic_manning_scenario,0.0,0.6928742113147971,1.7518034303956647,0.0,3153.2461747121965
000_030,rajendra_nagar_heavy_rain_demo,0,30,1800,RN_DNODE_00332,0.0,0.30116185815577506,0.30116185815577506,RN_DRAIN_00217,0.30116185815577506,synthetic_manning_scenario,0.0,0.30116185815577506,0.0,0.0,0.0
000_030,rajendra_nagar_heavy_rain_demo,0,30,1800,RN_DNODE_00198,0.0,0.6928742113147971,0.6928742113147971,RN_DRAIN_00179,0.6932713877368187,synthetic_manning_scenario,0.0,0.6928742113147971,0.0,0.0,0.0
000_030,rajendra_nagar_heavy_rain_demo,0,30,1800,RN_DNODE_00317,0.0,0.30116185815577506,0.30116185815577506,RN_DRAIN_00207,0.30124813859248456,synthetic_manning_scenario,0.0,0.30116185815577506,0.0,0.0,0.0
000_030,rajendra_nagar_heavy_rain_demo,0,30,1800,RN_DNODE_00199,0.0,0.6987179614207609,0.6987179614207609,RN_DRAIN_00164,0.6932713877368187,synthetic_manning_scenario,0.0,0.6932713877368187,0.005446573683942191,0.0,9.803832631095943
000_030,rajendra_nagar_heavy_rain_demo,0,30,1800,RN_DNODE_00318,0.31487500190734863,0.3248806083677027,0.6397556102750513,RN_DRAIN_00194,0.30116185815577506,synthetic_manning_scenario,0.0,0.30116185815577506,0.3385937521192763,0.0,609.4687538146973
000_030,rajendra_nagar_heavy_rain_demo,0,30,1800,RN_DNODE_00200,0.0,0.6932713877368187,0.6932713877368187,RN_DRAIN_00157,0.6932713877368187,synthetic_manning_scenario,0.0,0.6932713877368187,0.0,0.0,0.0
000_030,rajendra_nagar_heavy_rain_demo,0,30,1800,RN_DNODE_00301,0.0,0.3190368582617389,0.3190368582617389,RN_DRAIN_00181,0.30124813859248456,synthetic_manning_scenario,0.0,0.30124813859248456,0.017788719669254327,0.0,32.01969540465779
000_030,rajendra_nagar_heavy_rain_demo,0,30,1800,RN_DNODE_00201,0.0,0.7281156880418536,0.7281156880418536,RN_DRAIN_00140,0.6930728279768428,synthetic_manning_scenario,0.0,0.6930728279768428,0.035042860065010784,0.0,63.07714811701941
000_030,rajendra_nagar_heavy_rain_demo,0,30,1800,RN_DNODE_00302,0.0,0.3191231386984484,0.3191231386984484,RN_DRAIN_00167,0.30124813859248456,synthetic_manning_scenario,0.0,0.30124813859248456,0.017875000105963823,0.0,32.175000190734885
000_030,rajendra_nagar_heavy_rain_demo,0,30,1800,RN_DNODE_00228,0.0,0.9210557168032096,0.9210557168032096,RN_DRAIN_00128,0.6932713877368187,synthetic_manning_scenario,0.0,0.6932713877368187,0.2277843290663909,0.0,410.0117923195036
000_030,rajendra_nagar_heavy_rain_demo,0,30,1800,RN_DNODE_00303,0.0,0.318779388910376,0.318779388910376,RN_DRAIN_00158,0.7879109747337706,synthetic_manning_scenario,0.0,0.318779388910376,0.0,0.0,0.0
000_030,rajendra_nagar_heavy_rain_demo,0,30,1800,RN_DNODE_00229,0.0,0.6932713877368187,0.6932713877368187,RN_DRAIN_00114,0.6930728279768428,synthetic_manning_scenario,0.0,0.6930728279768428,0.0001985597599759581,0.0,0.35740756795672457
000_030,rajendra_nagar_heavy_rain_demo,0,30,1800,RN_DNODE_00288,0.06600000063578287,0.318779388910376,0.38477938954615887,RN_DRAIN_00141,1.2603351041610837,synthetic_manning_scenario,0.0,0.38477938954615887,0.0,0.0,0.0
000_030,rajendra_nagar_heavy_rain_demo,0,30,1800,RN_DNODE_00249,0.0,0.6930728279768428,0.6930728279768428,RN_DRAIN_00095,0.6932713877368187,synthetic_manning_scenario,0.0,0.6930728279768428,0.0,0.0,0.0
000_030,rajendra_nagar_heavy_rain_demo,0,30,1800,RN_DNODE_00304,0.022687500317891438,0.39646688975808647,0.41915439007597793,RN_DRAIN_00130,1.0620185911123488,synthetic_manning_scenario,0.0,0.41915439007597793,0.0,0.0,0.0
000_030,rajendra_nagar_heavy_rain_demo,0,30,1800,RN_DNODE_00250,0.0,0.6930728279768428,0.6930728279768428,RN_DRAIN_00075,0.6932713877368187,synthetic_manning_scenario,0.0,0.6930728279768428,0.0,0.0,0.0
000_030,rajendra_nagar_heavy_rain_demo,0,30,1800,RN_DNODE_00321,0.0,0.525164922567391,0.525164922567391,RN_DRAIN_00116,2.2522932556240725,synthetic_manning_scenario,0.0,0.525164922567391,0.0,0.0,0.0
000_030,rajendra_nagar_heavy_rain_demo,0,30,1800,RN_DNODE_00251,0.0,0.6930728279768428,0.6930728279768428,RN_DRAIN_00066,0.6930728279768428,synthetic_manning_scenario,0.0,0.6930728279768428,0.0,0.0,0.0
000_030,rajendra_nagar_heavy_rain_demo,0,30,1800,RN_DNODE_00335,0.0,0.525164922567391,0.525164922567391,RN_DRAIN_00097,0.30124813859248456,synthetic_manning_scenario,0.0,0.30124813859248456,0.22391678397490644,0.0,403.0502111548316
000_030,rajendra_nagar_heavy_rain_demo,0,30,1800,RN_DNODE_00259,0.0,0.6930728279768428,0.6930728279768428,RN_DRAIN_00058,0.6932713877368187,synthetic_manning_scenario,0.0,0.6930728279768428,0.0,0.0,0.0
000_030,rajendra_nagar_heavy_rain_demo,0,30,1800,RN_DNODE_00336,0.0,0.30124813859248456,0.30124813859248456,RN_DRAIN_00076,0.30124813859248456,synthetic_manning_scenario,0.0,0.30124813859248456,0.0,0.0,0.0
000_030,rajendra_nagar_heavy_rain_demo,0,30,1800,RN_DNODE_00260,0.0,0.6930728279768428,0.6930728279768428,RN_DRAIN_00048,0.6930728279768428,synthetic_manning_scenario,0.0,0.6930728279768428,0.0,0.0,0.0
000_030,rajendra_nagar_heavy_rain_demo,0,30,1800,RN_DNODE_00337,0.0,0.30124813859248456,0.30124813859248456,RN_DRAIN_00068,0.30116185815577506,synthetic_manning_scenario,0.0,0.30116185815577506,8.628043670949603e-05,0.0,0.15530478607709286
000_030,rajendra_nagar_heavy_rain_demo,0,30,1800,RN_DNODE_00269,0.0,0.6930728279768428,0.6930728279768428,RN_DRAIN_00038,0.6932713877368187,synthetic_manning_scenario,0.0,0.6930728279768428,0.0,0.0,0.0
000_030,rajendra_nagar_heavy_rain_demo,0,30,1800,RN_DNODE_00323,0.0,0.30116185815577506,0.30116185815577506,RN_DRAIN_00060,0.48544832877206306,synthetic_manning_scenario,0.0,0.30116185815577506,0.0,0.0,0.0
000_030,rajendra_nagar_heavy_rain_demo,0,30,1800,RN_DNODE_00270,0.0,0.6930728279768428,0.6930728279768428,RN_DRAIN_00030,0.6930728279768428,synthetic_manning_scenario,0.0,0.6930728279768428,0.0,0.0,0.0
000_030,rajendra_nagar_heavy_rain_demo,0,30,1800,RN_DNODE_00305,0.0,0.30116185815577506,0.30116185815577506,RN_DRAIN_00050,2.4483706462315302,synthetic_manning_scenario,0.0,0.30116185815577506,0.0,0.0,0.0
000_030,rajendra_nagar_heavy_rain_demo,0,30,1800,RN_DNODE_00277,0.0,0.6930728279768428,0.6930728279768428,RN_DRAIN_00024,0.6932713877368187,synthetic_manning_scenario,0.0,0.6930728279768428,0.0,0.0,0.0
000_030,rajendra_nagar_heavy_rain_demo,0,30,1800,RN_DNODE_00306,0.0,0.30116185815577506,0.30116185815577506,RN_DRAIN_00042,1.8445915058171303,synthetic_manning_scenario,0.0,0.30116185815577506,0.0,0.0,0.0
000_030,rajendra_nagar_heavy_rain_demo,0,30,1800,RN_DNODE_00291,0.0,0.30116185815577506,0.30116185815577506,RN_DRAIN_00033,0.4733596812607943,synthetic_manning_scenario,0.0,0.30116185815577506,0.0,0.0,0.0
000_030,rajendra_nagar_heavy_rain_demo,0,30,1800,RN_DNODE_00292,0.0,0.30116185815577506,0.30116185815577506,RN_DRAIN_00026,0.22798288882636691,synthetic_manning_scenario,0.0,0.22798288882636691,0.07317896932940815,0.0,131.72214479293467
000_030,rajendra_nagar_heavy_rain_demo,0,30,1800,RN_DNODE_00283,0.0,0.9210557168032096,0.9210557168032096,RN_DRAIN_00012,0.6930728279768428,synthetic_manning_scenario,0.0,0.6930728279768428,0.22798288882636686,0.0,410.36919988746035
000_030,rajendra_nagar_heavy_rain_demo,0,30,1800,RN_DNODE_00294,0.0,0.6930728279768428,0.6930728279768428,RN_DRAIN_00007,0.6930728279768428,synthetic_manning_scenario,0.0,0.6930728279768428,0.0,0.0,0.0
000_030,rajendra_nagar_heavy_rain_demo,0,30,1800,RN_DNODE_00311,0.0,0.6930728279768428,0.6930728279768428,RN_DRAIN_00001,0.9581402312180723,synthetic_manning_scenario,0.0,0.6930728279768428,0.0,0.0,0.0
000_030,rajendra_nagar_heavy_rain_demo,0,30,1800,RN_DNODE_00312,0.0,0.6930728279768428,0.6930728279768428,,,,,0.0,0.0,0.6930728279768428,0.0
030_060,rajendra_nagar_heavy_rain_demo,30,60,1800,RN_DNODE_00325,0.0,0.0,0.0,RN_DRAIN_00002,0.04832921076750425,synthetic_manning_scenario,0.0,0.0,0.0,0.0,0.0
030_060,rajendra_nagar_heavy_rain_demo,30,60,1800,RN_DNODE_00338,0.0,0.0,0.0,RN_DRAIN_00003,0.03117685014218198,synthetic_manning_scenario,0.0,0.0,0.0,0.0,0.0
030_060,rajendra_nagar_heavy_rain_demo,30,60,1800,RN_DNODE_00441,0.039187501271565756,0.0,0.039187501271565756,RN_DRAIN_00005,0.02637752433631995,synthetic_manning_scenario,0.0,0.02637752433631995,0.012809976935245805,0.0,23.057958483442448
030_060,rajendra_nagar_heavy_rain_demo,30,60,1800,RN_DNODE_00310,0.0,0.0,0.0,RN_DRAIN_00008,0.03485428291526828,synthetic_manning_scenario,0.0,0.0,0.0,0.0,0.0
030_060,rajendra_nagar_heavy_rain_demo,30,60,1800,RN_DNODE_00324,0.0,0.0,0.0,RN_DRAIN_00009,0.02637752433631995,synthetic_manning_scenario,0.0,0.0,0.0,0.0,0.0
030_060,rajendra_nagar_heavy_rain_demo,30,60,1800,RN_DNODE_00293,0.0,0.0,0.0,RN_DRAIN_00013,0.03485428291526828,synthetic_manning_scenario,0.0,0.0,0.0,0.0,0.0
030_060,rajendra_nagar_heavy_rain_demo,30,60,1800,RN_DNODE_00309,0.0,0.0,0.0,RN_DRAIN_00014,0.02637752433631995,synthetic_manning_scenario,0.0,0.0,0.0,0.0,0.0
030_060,rajendra_nagar_heavy_rain_demo,30,60,1800,RN_DNODE_00495,0.0,0.0,0.0,RN_DRAIN_00023,0.02637752433631995,synthetic_manning_scenario,0.0,0.0,0.0,0.0,0.0
030_060,rajendra_nagar_heavy_rain_demo,30,60,1800,RN_DNODE_00282,0.0,0.0,0.0,RN_DRAIN_00025,0.03485428291526828,synthetic_manning_scenario,0.0,0.0,0.0,0.0,0.0
030_060,rajendra_nagar_heavy_rain_demo,30,60,1800,RN_DNODE_00308,0.0,0.0,0.0,RN_DRAIN_00027,0.09079004401073118,synthetic_manning_scenario,0.0,0.0,0.0,0.0,0.0
030_060,rajendra_nagar_heavy_rain_demo,30,60,1800,RN_DNODE_00276,0.0,0.0,0.0,RN_DRAIN_00031,0.03483431483404455,synthetic_manning_scenario,0.0,0.0,0.0,0.0,0.0
030_060,rajendra_nagar_heavy_rain_demo,30,60,1800,RN_DNODE_00281,0.0,0.0,0.0,RN_DRAIN_00032,0.02637752433631995,synthetic_manning_scenario,0.0,0.0,0.0,0.0,0.0
030_060,rajendra_nagar_heavy_rain_demo,30,60,1800,RN_DNODE_00307,0.0,0.0,0.0,RN_DRAIN_00034,0.14733919378536192,synthetic_manning_scenario,0.0,0.0,0.0,0.0,0.0
030_060,rajendra_nagar_heavy_rain_demo,30,60,1800,RN_DNODE_00261,0.0,0.0,0.0,RN_DRAIN_00037,0.03484430030503481,synthetic_manning_scenario,0.0,0.0,0.0,0.0,0.0
030_060,rajendra_nagar_heavy_rain_demo,30,60,1800,RN_DNODE_00275,0.0,0.0,0.0,RN_DRAIN_00039,0.02637752433631995,synthetic_manning_scenario,0.0,0.0,0.0,0.0,0.0
030_060,rajendra_nagar_heavy_rain_demo,30,60,1800,RN_DNODE_00280,0.0,0.0,0.0,RN_DRAIN_00040,0.11520064788280598,synthetic_manning_scenario,0.0,0.0,0.0,0.0,0.0
030_060,rajendra_nagar_heavy_rain_demo,30,60,1800,RN_DNODE_00290,0.0,0.0,0.0,RN_DRAIN_00041,0.23403717670292817,synthetic_manning_scenario,0.0,0.0,0.0,0.0,0.0
030_060,rajendra_nagar_heavy_rain_demo,30,60,1800,RN_DNODE_00035,0.0,0.0,0.0,RN_DRAIN_00045,0.15492389313383287,synthetic_manning_scenario,0.0,0.0,0.0,0.0,0.0
030_060,rajendra_nagar_heavy_rain_demo,30,60,1800,RN_DNODE_00042,0.0,0.0,0.0,RN_DRAIN_00046,0.03485428291526828,synthetic_manning_scenario,0.0,0.0,0.0,0.0,0.0
030_060,rajendra_nagar_heavy_rain_demo,30,60,1800,RN_DNODE_00253,0.0,0.0,0.0,RN_DRAIN_00047,0.02637752433631995,synthetic_manning_scenario,0.0,0.0,0.0,0.0,0.0
030_060,rajendra_nagar_heavy_rain_demo,30,60,1800,RN_DNODE_00268,0.0,0.0,0.0,RN_DRAIN_00049,0.03485428291526828,synthetic_manning_scenario,0.0,0.0,0.0,0.0,0.0
030_060,rajendra_nagar_heavy_rain_demo,30,60,1800,RN_DNODE_00417,0.037406249576144746,0.0,0.037406249576144746,RN_DRAIN_00051,0.11248088992987894,synthetic_manning_scenario,0.0,0.037406249576144746,0.0,0.0,0.0
030_060,rajendra_nagar_heavy_rain_demo,30,60,1800,RN_DNODE_00034,0.010093750423855252,0.0,0.010093750423855252,RN_DRAIN_00054,0.08940774616670524,synthetic_manning_scenario,0.0,0.010093750423855252,0.0,0.0,0.0
030_060,rajendra_nagar_heavy_rain_demo,30,60,1800,RN_DNODE_00082,0.0,0.0,0.0,RN_DRAIN_00056,0.03485428291526828,synthetic_manning_scenario,0.0,0.0,0.0,0.0,0.0
030_060,rajendra_nagar_heavy_rain_demo,30,60,1800,RN_DNODE_00252,0.0,0.0,0.0,RN_DRAIN_00057,0.02637752433631995,synthetic_manning_scenario,0.0,0.0,0.0,0.0,0.0
030_060,rajendra_nagar_heavy_rain_demo,30,60,1800,RN_DNODE_00267,0.0,0.0,0.0,RN_DRAIN_00059,0.02637752433631995,synthetic_manning_scenario,0.0,0.0,0.0,0.0,0.0
030_060,rajendra_nagar_heavy_rain_demo,30,60,1800,RN_DNODE_00503,0.020187500847710503,0.0,0.020187500847710503,RN_DRAIN_00062,0.03485428291526828,synthetic_manning_scenario,0.0,0.020187500847710503,0.0,0.0,0.0
030_060,rajendra_nagar_heavy_rain_demo,30,60,1800,RN_DNODE_00258,0.0,0.0,0.0,RN_DRAIN_00067,0.03485428291526828,synthetic_manning_scenario,0.0,0.0,0.0,0.0,0.0
030_060,rajendra_nagar_heavy_rain_demo,30,60,1800,RN_DNODE_00415,0.2903437529669868,0.0,0.2903437529669868,RN_DRAIN_00069,0.13572767824149176,synthetic_manning_scenario,0.0,0.13572767824149176,0.15461607472549502,0.0,278.30893450589105
030_060,rajendra_nagar_heavy_rain_demo,30,60,1800,RN_DNODE_00533,0.0,0.0,0.0,RN_DRAIN_00079,0.03485428291526828,synthetic_manning_scenario,0.0,0.0,0.0,0.0,0.0
030_060,rajendra_nagar_heavy_rain_demo,30,60,1800,RN_DNODE_00534,0.0,0.0,0.0,RN_DRAIN_00080,0.02637752433631995,synthetic_manning_scenario,0.0,0.0,0.0,0.0,0.0
030_060,rajendra_nagar_heavy_rain_demo,30,60,1800,RN_DNODE_00139,0.0,0.0,0.0,RN_DRAIN_00092,0.17503430320954919,synthetic_manning_scenario,0.0,0.0,0.0,0.0,0.0
030_060,rajendra_nagar_heavy_rain_demo,30,60,1800,RN_DNODE_00204,0.0,0.0,0.0,RN_DRAIN_00093,0.03484430030503481,synthetic_manning_scenario,0.0,0.0,0.0,0.0,0.0
030_060,rajendra_nagar_heavy_rain_demo,30,60,1800,RN_DNODE_00230,0.0,0.0,0.0,RN_DRAIN_00094,0.03484430030503481,synthetic_manning_scenario,0.0,0.0,0.0,0.0,0.0
030_060,rajendra_nagar_heavy_rain_demo,30,60,1800,RN_DNODE_00322,0.0,0.0,0.0,RN_DRAIN_00096,0.2205372423203837,synthetic_manning_scenario,0.0,0.0,0.0,0.0,0.0
030_060,rajendra_nagar_heavy_rain_demo,30,60,1800,RN_DNODE_00367,0.0,0.0,0.0,RN_DRAIN_00101,0.11429110698380826,synthetic_manning_scenario,0.0,0.0,0.0,0.0,0.0
030_060,rajendra_nagar_heavy_rain_demo,30,60,1800,RN_DNODE_00524,0.0,0.0,0.0,RN_DRAIN_00103,0.03485428291526828,synthetic_manning_scenario,0.0,0.0,0.0,0.0,0.0
030_060,rajendra_nagar_heavy_rain_demo,30,60,1800,RN_DNODE_00114,0.019000000423855253,0.0,0.019000000423855253,RN_DRAIN_00108,0.05279460013290454,synthetic_manning_scenario,0.0,0.019000000423855253,0.0,0.0,0.0
030_060,rajendra_nagar_heavy_rain_demo,30,60,1800,RN_DNODE_00126,0.0,0.0,0.0,RN_DRAIN_00109,0.216149286911403,synthetic_manning_scenario,0.0,0.0,0.0,0.0,0.0
030_060,rajendra_nagar_heavy_rain_demo,30,60,1800,RN_DNODE_00156,0.0,0.0,0.0,RN_DRAIN_00111,0.2471983594008618,synthetic_manning_scenario,0.0,0.0,0.0,0.0,0.0
030_060,rajendra_nagar_heavy_rain_demo,30,60,1800,RN_DNODE_00177,0.0,0.0,0.0,RN_DRAIN_00112,0.02637752433631995,synthetic_manning_scenario,0.0,0.0,0.0,0.0,0.0
030_060,rajendra_nagar_heavy_rain_demo,30,60,1800,RN_DNODE_00248,0.0,0.0,0.0,RN_DRAIN_00115,0.03485428291526828,synthetic_manning_scenario,0.0,0.0,0.0,0.0,0.0
030_060,rajendra_nagar_heavy_rain_demo,30,60,1800,RN_DNODE_00334,0.0,0.0,0.0,RN_DRAIN_00117,0.2898108574113625,synthetic_manning_scenario,0.0,0.0,0.0,0.0,0.0
030_060,rajendra_nagar_heavy_rain_demo,30,60,1800,RN_DNODE_00366,0.0,0.0,0.0,RN_DRAIN_00118,0.20580724239131704,synthetic_manning_scenario,0.0,0.0,0.0,0.0,0.0
030_060,rajendra_nagar_heavy_rain_demo,30,60,1800,RN_DNODE_00539,0.0,0.0,0.0,RN_DRAIN_00120,0.03485428291526828,synthetic_manning_scenario,0.0,0.0,0.0,0.0,0.0
030_060,rajendra_nagar_heavy_rain_demo,30,60,1800,RN_DNODE_00056,0.0,0.0,0.0,RN_DRAIN_00123,0.03484430030503481,synthetic_manning_scenario,0.0,0.0,0.0,0.0,0.0
030_060,rajendra_nagar_heavy_rain_demo,30,60,1800,RN_DNODE_00137,0.0,0.0,0.0,RN_DRAIN_00124,0.24465918118318086,synthetic_manning_scenario,0.0,0.0,0.0,0.0,0.0
030_060,rajendra_nagar_heavy_rain_demo,30,60,1800,RN_DNODE_00289,0.020187500847710503,0.0,0.020187500847710503,RN_DRAIN_00129,0.12733816465846753,synthetic_manning_scenario,0.0,0.020187500847710503,0.0,0.0,0.0
030_060,rajendra_nagar_heavy_rain_demo,30,60,1800,RN_DNODE_00471,0.02078125,0.0,0.02078125,RN_DRAIN_00133,0.03485428291526828,synthetic_manning_scenario,0.0,0.02078125,0.0,0.0,0.0
030_060,rajendra_nagar_heavy_rain_demo,30,60,1800,RN_DNODE_00038,0.020187500847710503,0.0,0.020187500847710503,RN_DRAIN_00136,0.02637752433631995,synthetic_manning_scenario,0.0,0.020187500847710503,0.0,0.0,0.0
030_060,rajendra_nagar_heavy_rain_demo,30,60,1800,RN_DNODE_00047,0.010093750423855252,0.0,0.010093750423855252,RN_DRAIN_00137,0.02637752433631995,synthetic_manning_scenario,0.0,0.010093750423855252,0.0,0.0,0.0
030_060,rajendra_nagar_heavy_rain_demo,30,60,1800,RN_DNODE_00154,0.0,0.0,0.0,RN_DRAIN_00138,0.1774601738083829,synthetic_manning_scenario,0.0,0.0,0.0,0.0,0.0
030_060,rajendra_nagar_heavy_rain_demo,30,60,1800,RN_DNODE_00175,0.0,0.0,0.0,RN_DRAIN_00139,0.02637752433631995,synthetic_manning_scenario,0.0,0.0,0.0,0.0,0.0
030_060,rajendra_nagar_heavy_rain_demo,30,60,1800,RN_DNODE_00001,0.0,0.0,0.0,RN_DRAIN_00148,0.23026234147550612,synthetic_manning_scenario,0.0,0.0,0.0,0.0,0.0
030_060,rajendra_nagar_heavy_rain_demo,30,60,1800,RN_DNODE_00173,0.0,0.0,0.0,RN_DRAIN_00163,0.03484430030503481,synthetic_manning_scenario,0.0,0.0,0.0,0.0,0.0
030_060,rajendra_nagar_heavy_rain_demo,30,60,1800,RN_DNODE_00227,0.0,0.0,0.0,RN_DRAIN_00165,0.03484430030503481,synthetic_manning_scenario,0.0,0.0,0.0,0.0,0.0
030_060,rajendra_nagar_heavy_rain_demo,30,60,1800,RN_DNODE_00287,0.030281251271565755,0.0,0.030281251271565755,RN_DRAIN_00166,0.03484430030503481,synthetic_manning_scenario,0.0,0.030281251271565755,0.0,0.0,0.0
030_060,rajendra_nagar_heavy_rain_demo,30,60,1800,RN_DNODE_00320,0.0,0.0,0.0,RN_DRAIN_00168,0.03484430030503481,synthetic_manning_scenario,0.0,0.0,0.0,0.0,0.0
030_060,rajendra_nagar_heavy_rain_demo,30,60,1800,RN_DNODE_00437,0.2956875059339735,0.0,0.2956875059339735,RN_DRAIN_00172,0.05158812602898853,synthetic_manning_scenario,0.0,0.05158812602898853,0.24409937990498498,0.0,439.37888382897296
030_060,rajendra_nagar_heavy_rain_demo,30,60,1800,RN_DNODE_00071,0.19890625211927626,0.0,0.19890625211927626,RN_DRAIN_00174,0.14154681932172938,synthetic_manning_scenario,0.0,0.14154681932172938,0.05735943279754688,0.0,103.24697903558437
030_060,rajendra_nagar_heavy_rain_demo,30,60,1800,RN_DNODE_00226,0.0,0.0,0.0,RN_DRAIN_00180,0.03484430030503481,synthetic_manning_scenario,0.0,0.0,0.0,0.0,0.0
030_060,rajendra_nagar_heavy_rain_demo,30,60,1800,RN_DNODE_00319,0.030875000423855253,0.0,0.030875000423855253,RN_DRAIN_00182,0.03484430030503481,synthetic_manning_scenario,0.0,0.030875000423855253,0.0,0.0,0.0
030_060,rajendra_nagar_heavy_rain_demo,30,60,1800,RN_DNODE_00152,0.010093750423855252,0.0,0.010093750423855252,RN_DRAIN_00189,0.2781184424317617,synthetic_manning_scenario,0.0,0.010093750423855252,0.0,0.0,0.0
030_060,rajendra_nagar_heavy_rain_demo,30,60,1800,RN_DNODE_00171,0.010093750423855252,0.0,0.010093750423855252,RN_DRAIN_00190,0.21513777926228358,synthetic_manning_scenario,0.0,0.010093750423855252,0.0,0.0,0.0
030_060,rajendra_nagar_heavy_rain_demo,30,60,1800,RN_DNODE_00225,0.013656250370873346,0.0,0.013656250370873346,RN_DRAIN_00192,0.02637752433631995,synthetic_manning_scenario,0.0,0.013656250370873346,0.0,0.0,0.0
030_060,rajendra_nagar_heavy_rain_demo,30,60,1800,RN_DNODE_00300,0.030875000423855253,0.0,0.030875000423855253,RN_DRAIN_00193,0.03485428291526828,synthetic_manning_scenario,0.0,0.030875000423855253,0.0,0.0,0.0
030_060,rajendra_nagar_heavy_rain_demo,30,60,1800,RN_DNODE_00490,0.0,0.0,0.0,RN_DRAIN_00196,0.038632043432786596,synthetic_manning_scenario,0.0,0.0,0.0,0.0,0.0
030_060,rajendra_nagar_heavy_rain_demo,30,60,1800,RN_DNODE_00002,0.0,0.0,0.0,RN_DRAIN_00197,0.02637752433631995,synthetic_manning_scenario,0.0,0.0,0.0,0.0,0.0
030_060,rajendra_nagar_heavy_rain_demo,30,60,1800,RN_DNODE_00135,0.029093750847710504,0.0,0.029093750847710504,RN_DRAIN_00201,0.14808812947220454,synthetic_manning_scenario,0.0,0.029093750847710504,0.0,0.0,0.0
030_060,rajendra_nagar_heavy_rain_demo,30,60,1800,RN_DNODE_00151,0.0,0.0,0.0,RN_DRAIN_00202,0.22523069736860887,synthetic_manning_scenario,0.0,0.0,0.0,0.0,0.0
030_060,rajendra_nagar_heavy_rain_demo,30,60,1800,RN_DNODE_00170,0.0,0.0,0.0,RN_DRAIN_00203,0.22622629578712322,synthetic_manning_scenario,0.0,0.0,0.0,0.0,0.0
030_060,rajendra_nagar_heavy_rain_demo,30,60,1800,RN_DNODE_00224,0.0,0.0,0.0,RN_DRAIN_00205,0.03485428291526828,synthetic_manning_scenario,0.0,0.0,0.0,0.0,0.0
030_060,rajendra_nagar_heavy_rain_demo,30,60,1800,RN_DNODE_00299,0.040968750847710504,0.0,0.040968750847710504,RN_DRAIN_00206,0.02637752433631995,synthetic_manning_scenario,0.0,0.02637752433631995,0.014591226511390554,0.0,26.264207720502995
030_060,rajendra_nagar_heavy_rain_demo,30,60,1800,RN_DNODE_00359,0.21731250551011827,0.0,0.21731250551011827,RN_DRAIN_00208,0.09006678976697921,synthetic_manning_scenario,0.0,0.09006678976697921,0.12724571574313906,0.0,229.04228833765032
030_060,rajendra_nagar_heavy_rain_demo,30,60,1800,RN_DNODE_00124,0.0,0.0,0.0,RN_DRAIN_00211,0.02637752433631995,synthetic_manning_scenario,0.0,0.0,0.0,0.0,0.0
030_060,rajendra_nagar_heavy_rain_demo,30,60,1800,RN_DNODE_00223,0.0,0.0,0.0,RN_DRAIN_00215,0.03484430030503481,synthetic_manning_scenario,0.0,0.0,0.0,0.0,0.0
030_060,rajendra_nagar_heavy_rain_demo,30,60,1800,RN_DNODE_00316,0.0,0.0,0.0,RN_DRAIN_00216,0.03485428291526828,synthetic_manning_scenario,0.0,0.0,0.0,0.0,0.0
030_060,rajendra_nagar_heavy_rain_demo,30,60,1800,RN_DNODE_00546,0.26837500042385526,0.0,0.26837500042385526,RN_DRAIN_00219,0.07396532506289491,synthetic_manning_scenario,0.0,0.07396532506289491,0.19440967536096035,0.0,349.9374156497286
030_060,rajendra_nagar_heavy_rain_demo,30,60,1800,RN_DNODE_00022,0.05106250127156575,0.0,0.05106250127156575,RN_DRAIN_00221,0.03485428291526828,synthetic_manning_scenario,0.0,0.03485428291526828,0.016208218356297474,0.0,29.17479304133545
030_060,rajendra_nagar_heavy_rain_demo,30,60,1800,RN_DNODE_00149,0.0,0.0,0.0,RN_DRAIN_00229,0.11345402204017847,synthetic_manning_scenario,0.0,0.0,0.0,0.0,0.0
030_060,rajendra_nagar_heavy_rain_demo,30,60,1800,RN_DNODE_00168,0.0,0.0,0.0,RN_DRAIN_00230,0.2627180237045502,synthetic_manning_scenario,0.0,0.0,0.0,0.0,0.0
030_060,rajendra_nagar_heavy_rain_demo,30,60,1800,RN_DNODE_00222,0.0,0.0,0.0,RN_DRAIN_00232,0.03484430030503481,synthetic_manning_scenario,0.0,0.0,0.0,0.0,0.0
030_060,rajendra_nagar_heavy_rain_demo,30,60,1800,RN_DNODE_00331,0.0,0.0,0.0,RN_DRAIN_00233,0.03485428291526828,synthetic_manning_scenario,0.0,0.0,0.0,0.0,0.0
030_060,rajendra_nagar_heavy_rain_demo,30,60,1800,RN_DNODE_00351,0.0,0.0,0.0,RN_DRAIN_00235,0.03485428291526828,synthetic_manning_scenario,0.0,0.0,0.0,0.0,0.0
030_060,rajendra_nagar_heavy_rain_demo,30,60,1800,RN_DNODE_00556,0.039187501271565756,0.0,0.039187501271565756,RN_DRAIN_00238,0.03484430030503481,synthetic_manning_scenario,0.0,0.03484430030503481,0.004343200966530944,0.0,7.817761739755699
030_060,rajendra_nagar_heavy_rain_demo,30,60,1800,RN_DNODE_00014,0.0,0.0,0.0,RN_DRAIN_00239,0.02637752433631995,synthetic_manning_scenario,0.0,0.0,0.0,0.0,0.0
030_060,rajendra_nagar_heavy_rain_demo,30,60,1800,RN_DNODE_00065,0.0,0.0,0.0,RN_DRAIN_00242,0.03485428291526828,synthetic_manning_scenario,0.0,0.0,0.0,0.0,0.0
030_060,rajendra_nagar_heavy_rain_demo,30,60,1800,RN_DNODE_00076,0.0,0.0,0.0,RN_DRAIN_00244,0.03484430030503481,synthetic_manning_scenario,0.0,0.0,0.0,0.0,0.0
030_060,rajendra_nagar_heavy_rain_demo,30,60,1800,RN_DNODE_00085,0.0,0.0,0.0,RN_DRAIN_00245,0.03484430030503481,synthetic_manning_scenario,0.0,0.0,0.0,0.0,0.0
030_060,rajendra_nagar_heavy_rain_demo,30,60,1800,RN_DNODE_00193,0.0,0.0,0.0,RN_DRAIN_00246,0.03485428291526828,synthetic_manning_scenario,0.0,0.0,0.0,0.0,0.0
030_060,rajendra_nagar_heavy_rain_demo,30,60,1800,RN_DNODE_00342,0.0,0.0,0.0,RN_DRAIN_00248,0.03485428291526828,synthetic_manning_scenario,0.0,0.0,0.0,0.0,0.0
030_060,rajendra_nagar_heavy_rain_demo,30,60,1800,RN_DNODE_00247,0.0,0.0,0.0,RN_DRAIN_00261,0.02637752433631995,synthetic_manning_scenario,0.0,0.0,0.0,0.0,0.0
030_060,rajendra_nagar_heavy_rain_demo,30,60,1800,RN_DNODE_00349,0.0,0.0,0.0,RN_DRAIN_00262,0.03485428291526828,synthetic_manning_scenario,0.0,0.0,0.0,0.0,0.0
030_060,rajendra_nagar_heavy_rain_demo,30,60,1800,RN_DNODE_00054,0.0,0.0,0.0,RN_DRAIN_00272,0.16663623912470468,synthetic_manning_scenario,0.0,0.0,0.0,0.0,0.0
030_060,rajendra_nagar_heavy_rain_demo,30,60,1800,RN_DNODE_00063,0.0,0.0,0.0,RN_DRAIN_00273,0.11852287889848324,synthetic_manning_scenario,0.0,0.0,0.0,0.0,0.0
030_060,rajendra_nagar_heavy_rain_demo,30,60,1800,RN_DNODE_00246,0.0,0.0,0.0,RN_DRAIN_00275,0.03484430030503481,synthetic_manning_scenario,0.0,0.0,0.0,0.0,0.0
030_060,rajendra_nagar_heavy_rain_demo,30,60,1800,RN_DNODE_00357,0.0,0.0,0.0,RN_DRAIN_00276,0.03483431483404455,synthetic_manning_scenario,0.0,0.0,0.0,0.0,0.0
030_060,rajendra_nagar_heavy_rain_demo,30,60,1800,RN_DNODE_00372,0.0,0.0,0.0,RN_DRAIN_00278,0.03485428291526828,synthetic_manning_scenario,0.0,0.0,0.0,0.0,0.0
030_060,rajendra_nagar_heavy_rain_demo,30,60,1800,RN_DNODE_00541,0.0,0.0,0.0,RN_DRAIN_00280,0.03484430030503481,synthetic_manning_scenario,0.0,0.0,0.0,0.0,0.0
030_060,rajendra_nagar_heavy_rain_demo,30,60,1800,RN_DNODE_00245,0.0,0.0,0.0,RN_DRAIN_00287,0.02637752433631995,synthetic_manning_scenario,0.0,0.0,0.0,0.0,0.0
030_060,rajendra_nagar_heavy_rain_demo,30,60,1800,RN_DNODE_00363,0.0,0.0,0.0,RN_DRAIN_00288,0.03485428291526828,synthetic_manning_scenario,0.0,0.0,0.0,0.0,0.0
030_060,rajendra_nagar_heavy_rain_demo,30,60,1800,RN_DNODE_00377,0.0,0.0,0.0,RN_DRAIN_00290,0.03485428291526828,synthetic_manning_scenario,0.0,0.0,0.0,0.0,0.0
030_060,rajendra_nagar_heavy_rain_demo,30,60,1800,RN_DNODE_00396,0.455406256781684,0.0,0.455406256781684,RN_DRAIN_00291,0.1120128954947173,synthetic_manning_scenario,0.0,0.1120128954947173,0.34339336128696674,0.0,618.1080503165401
030_060,rajendra_nagar_heavy_rain_demo,30,60,1800,RN_DNODE_00448,0.061156249576144746,0.0,0.061156249576144746,RN_DRAIN_00292,0.02637752433631995,synthetic_manning_scenario,0.0,0.02637752433631995,0.034778725239824795,0.0,62.60170543168463
030_060,rajendra_nagar_heavy_rain_demo,30,60,1800,RN_DNODE_00005,0.0,0.0,0.0,RN_DRAIN_00294,0.04614936155069056,synthetic_manning_scenario,0.0,0.0,0.0,0.0,0.0
030_060,rajendra_nagar_heavy_rain_demo,30,60,1800,RN_DNODE_00244,0.0,0.0,0.0,RN_DRAIN_00302,0.03484430030503481,synthetic_manning_scenario,0.0,0.0,0.0,0.0,0.0
030_060,rajendra_nagar_heavy_rain_demo,30,60,1800,RN_DNODE_00370,0.0,0.0,0.0,RN_DRAIN_00303,0.03485428291526828,synthetic_manning_scenario,0.0,0.0,0.0,0.0,0.0
030_060,rajendra_nagar_heavy_rain_demo,30,60,1800,RN_DNODE_00395,0.029093750847710504,0.0,0.029093750847710504,RN_DRAIN_00306,0.02637752433631995,synthetic_manning_scenario,0.0,0.02637752433631995,0.0027162265113905536,0.0,4.889207720502997
030_060,rajendra_nagar_heavy_rain_demo,30,60,1800,RN_DNODE_00436,0.0,0.0,0.0,RN_DRAIN_00307,0.02637752433631995,synthetic_manning_scenario,0.0,0.0,0.0,0.0,0.0
030_060,rajendra_nagar_heavy_rain_demo,30,60,1800,RN_DNODE_00440,0.020187500847710503,0.0,0.020187500847710503,RN_DRAIN_00308,0.03485428291526828,synthetic_manning_scenario,0.0,0.020187500847710503,0.0,0.0,0.0
030_060,rajendra_nagar_heavy_rain_demo,30,60,1800,RN_DNODE_00243,0.0,0.0,0.0,RN_DRAIN_00317,0.03484430030503481,synthetic_manning_scenario,0.0,0.0,0.0,0.0,0.0
030_060,rajendra_nagar_heavy_rain_demo,30,60,1800,RN_DNODE_00375,0.020187500847710503,0.0,0.020187500847710503,RN_DRAIN_00318,0.03485428291526828,synthetic_manning_scenario,0.0,0.020187500847710503,0.0,0.0,0.0
030_060,rajendra_nagar_heavy_rain_demo,30,60,1800,RN_DNODE_00511,0.0,0.0,0.0,RN_DRAIN_00333,0.03485428291526828,synthetic_manning_scenario,0.0,0.0,0.0,0.0,0.0
030_060,rajendra_nagar_heavy_rain_demo,30,60,1800,RN_DNODE_00529,0.09321875042385525,0.0,0.09321875042385525,RN_DRAIN_00335,0.19300346415305064,synthetic_manning_scenario,0.0,0.09321875042385525,0.0,0.0,0.0
030_060,rajendra_nagar_heavy_rain_demo,30,60,1800,RN_DNODE_00074,0.0,0.0,0.0,RN_DRAIN_00336,0.03485428291526828,synthetic_manning_scenario,0.0,0.0,0.0,0.0,0.0
030_060,rajendra_nagar_heavy_rain_demo,30,60,1800,RN_DNODE_00242,0.0,0.0,0.0,RN_DRAIN_00338,0.03484430030503481,synthetic_manning_scenario,0.0,0.0,0.0,0.0,0.0
030_060,rajendra_nagar_heavy_rain_demo,30,60,1800,RN_DNODE_00383,0.0,0.0,0.0,RN_DRAIN_00339,0.03485428291526828,synthetic_manning_scenario,0.0,0.0,0.0,0.0,0.0
030_060,rajendra_nagar_heavy_rain_demo,30,60,1800,RN_DNODE_00393,0.0,0.0,0.0,RN_DRAIN_00340,0.03485428291526828,synthetic_manning_scenario,0.0,0.0,0.0,0.0,0.0
030_060,rajendra_nagar_heavy_rain_demo,30,60,1800,RN_DNODE_00428,0.019000000423855253,0.0,0.019000000423855253,RN_DRAIN_00344,0.03485428291526828,synthetic_manning_scenario,0.0,0.019000000423855253,0.0,0.0,0.0
030_060,rajendra_nagar_heavy_rain_demo,30,60,1800,RN_DNODE_00501,0.0,0.0,0.0,RN_DRAIN_00346,0.03484430030503481,synthetic_manning_scenario,0.0,0.0,0.0,0.0,0.0
030_060,rajendra_nagar_heavy_rain_demo,30,60,1800,RN_DNODE_00521,0.00890625,0.0,0.00890625,RN_DRAIN_00348,0.2764107810710812,synthetic_manning_scenario,0.0,0.00890625,0.0,0.0,0.0
030_060,rajendra_nagar_heavy_rain_demo,30,60,1800,RN_DNODE_00528,0.010093750423855252,0.0,0.010093750423855252,RN_DRAIN_00349,0.09203450505564478,synthetic_manning_scenario,0.0,0.010093750423855252,0.0,0.0,0.0
030_060,rajendra_nagar_heavy_rain_demo,30,60,1800,RN_DNODE_00241,0.0,0.0,0.0,RN_DRAIN_00351,0.03485428291526828,synthetic_manning_scenario,0.0,0.0,0.0,0.0,0.0
030_060,rajendra_nagar_heavy_rain_demo,30,60,1800,RN_DNODE_00527,0.02790625042385525,0.0,0.02790625042385525,RN_DRAIN_00355,0.18626342708702154,synthetic_manning_scenario,0.0,0.02790625042385525,0.0,0.0,0.0
030_060,rajendra_nagar_heavy_rain_demo,30,60,1800,RN_DNODE_00191,0.0,0.0,0.0,RN_DRAIN_00356,0.03484430030503481,synthetic_manning_scenario,0.0,0.0,0.0,0.0,0.0
030_060,rajendra_nagar_heavy_rain_demo,30,60,1800,RN_DNODE_00240,0.0,0.0,0.0,RN_DRAIN_00358,0.03484430030503481,synthetic_manning_scenario,0.0,0.0,0.0,0.0,0.0
030_060,rajendra_nagar_heavy_rain_demo,30,60,1800,RN_DNODE_00500,0.07600000169542101,0.0,0.07600000169542101,RN_DRAIN_00360,0.1948011871441529,synthetic_manning_scenario,0.0,0.07600000169542101,0.0,0.0,0.0
030_060,rajendra_nagar_heavy_rain_demo,30,60,1800,RN_DNODE_00508,0.10212500042385525,0.0,0.10212500042385525,RN_DRAIN_00361,0.2317547361496302,synthetic_manning_scenario,0.0,0.10212500042385525,0.0,0.0,0.0
030_060,rajendra_nagar_heavy_rain_demo,30,60,1800,RN_DNODE_00519,0.030281251271565755,0.0,0.030281251271565755,RN_DRAIN_00362,0.17218079283976848,synthetic_manning_scenario,0.0,0.030281251271565755,0.0,0.0,0.0
030_060,rajendra_nagar_heavy_rain_demo,30,60,1800,RN_DNODE_00190,0.0,0.0,0.0,RN_DRAIN_00364,0.03484430030503481,synthetic_manning_scenario,0.0,0.0,0.0,0.0,0.0
030_060,rajendra_nagar_heavy_rain_demo,30,60,1800,RN_DNODE_00239,0.0,0.0,0.0,RN_DRAIN_00366,0.03484430030503481,synthetic_manning_scenario,0.0,0.0,0.0,0.0,0.0
030_060,rajendra_nagar_heavy_rain_demo,30,60,1800,RN_DNODE_00453,0.02078125,0.0,0.02078125,RN_DRAIN_00367,0.12282979632326015,synthetic_manning_scenario,0.0,0.02078125,0.0,0.0,0.0
030_060,rajendra_nagar_heavy_rain_demo,30,60,1800,RN_DNODE_00020,0.0,0.0,0.0,RN_DRAIN_00370,0.03484430030503481,synthetic_manning_scenario,0.0,0.0,0.0,0.0,0.0
030_060,rajendra_nagar_heavy_rain_demo,30,60,1800,RN_DNODE_00189,0.0,0.0,0.0,RN_DRAIN_00371,0.03484430030503481,synthetic_manning_scenario,0.0,0.0,0.0,0.0,0.0
030_060,rajendra_nagar_heavy_rain_demo,30,60,1800,RN_DNODE_00238,0.0,0.0,0.0,RN_DRAIN_00373,0.05960970345596315,synthetic_manning_scenario,0.0,0.0,0.0,0.0,0.0
030_060,rajendra_nagar_heavy_rain_demo,30,60,1800,RN_DNODE_00452,0.05759375042385525,0.0,0.05759375042385525,RN_DRAIN_00374,0.100407978859947,synthetic_manning_scenario,0.0,0.05759375042385525,0.0,0.0,0.0
030_060,rajendra_nagar_heavy_rain_demo,30,60,1800,RN_DNODE_00507,0.0,0.0,0.0,RN_DRAIN_00376,0.2407171307040971,synthetic_manning_scenario,0.0,0.0,0.0,0.0,0.0
030_060,rajendra_nagar_heavy_rain_demo,30,60,1800,RN_DNODE_00535,0.029093750847710504,0.0,0.029093750847710504,RN_DRAIN_00377,0.03485428291526828,synthetic_manning_scenario,0.0,0.029093750847710504,0.0,0.0,0.0
030_060,rajendra_nagar_heavy_rain_demo,30,60,1800,RN_DNODE_00188,0.0,0.0,0.0,RN_DRAIN_00380,0.03484430030503481,synthetic_manning_scenario,0.0,0.0,0.0,0.0,0.0
030_060,rajendra_nagar_heavy_rain_demo,30,60,1800,RN_DNODE_00237,0.0,0.0,0.0,RN_DRAIN_00382,0.25236412953905973,synthetic_manning_scenario,0.0,0.0,0.0,0.0,0.0
030_060,rajendra_nagar_heavy_rain_demo,30,60,1800,RN_DNODE_00166,0.0,0.0,0.0,RN_DRAIN_00388,0.02637752433631995,synthetic_manning_scenario,0.0,0.0,0.0,0.0,0.0
030_060,rajendra_nagar_heavy_rain_demo,30,60,1800,RN_DNODE_00298,0.30281250847710506,0.0,0.30281250847710506,RN_DRAIN_00393,0.09803784543033917,synthetic_manning_scenario,0.0,0.09803784543033917,0.2047746630467659,0.0,368.5943934841786
030_060,rajendra_nagar_heavy_rain_demo,30,60,1800,RN_DNODE_00518,0.4061250058809916,0.0,0.4061250058809916,RN_DRAIN_00395,0.14778712746867345,synthetic_manning_scenario,0.0,0.14778712746867345,0.25833787841231814,0.0,465.00818114217265
030_060,rajendra_nagar_heavy_rain_demo,30,60,1800,RN_DNODE_00028,0.0,0.0,0.0,RN_DRAIN_00398,0.07470010573424561,synthetic_manning_scenario,0.0,0.0,0.0,0.0,0.0
030_060,rajendra_nagar_heavy_rain_demo,30,60,1800,RN_DNODE_00186,0.0,0.0,0.0,RN_DRAIN_00403,0.03485428291526828,synthetic_manning_scenario,0.0,0.0,0.0,0.0,0.0
030_060,rajendra_nagar_heavy_rain_demo,30,60,1800,RN_DNODE_00208,0.0,0.0,0.0,RN_DRAIN_00404,0.02637752433631995,synthetic_manning_scenario,0.0,0.0,0.0,0.0,0.0
030_060,rajendra_nagar_heavy_rain_demo,30,60,1800,RN_DNODE_00235,0.0,0.0,0.0,RN_DRAIN_00405,0.33495301708709185,synthetic_manning_scenario,0.0,0.0,0.0,0.0,0.0
030_060,rajendra_nagar_heavy_rain_demo,30,60,1800,RN_DNODE_00256,0.0,0.0,0.0,RN_DRAIN_00406,0.11665905594771991,synthetic_manning_scenario,0.0,0.0,0.0,0.0,0.0
030_060,rajendra_nagar_heavy_rain_demo,30,60,1800,RN_DNODE_00475,0.0,0.0,0.0,RN_DRAIN_00410,0.17527859959571881,synthetic_manning_scenario,0.0,0.0,0.0,0.0,0.0
030_060,rajendra_nagar_heavy_rain_demo,30,60,1800,RN_DNODE_00555,0.0,0.0,0.0,RN_DRAIN_00411,0.03668278220199273,synthetic_manning_scenario,0.0,0.0,0.0,0.0,0.0
030_060,rajendra_nagar_heavy_rain_demo,30,60,1800,RN_DNODE_00093,0.0,0.0,0.0,RN_DRAIN_00413,0.05978452943539206,synthetic_manning_scenario,0.0,0.0,0.0,0.0,0.0
030_060,rajendra_nagar_heavy_rain_demo,30,60,1800,RN_DNODE_00147,0.0,0.0,0.0,RN_DRAIN_00414,0.02637752433631995,synthetic_manning_scenario,0.0,0.0,0.0,0.0,0.0
030_060,rajendra_nagar_heavy_rain_demo,30,60,1800,RN_DNODE_00185,0.0,0.0,0.0,RN_DRAIN_00416,0.02637752433631995,synthetic_manning_scenario,0.0,0.0,0.0,0.0,0.0
030_060,rajendra_nagar_heavy_rain_demo,30,60,1800,RN_DNODE_00297,0.020187500847710503,0.0,0.020187500847710503,RN_DRAIN_00418,0.03485428291526828,synthetic_manning_scenario,0.0,0.020187500847710503,0.0,0.0,0.0
030_060,rajendra_nagar_heavy_rain_demo,30,60,1800,RN_DNODE_00061,0.0,0.0,0.0,RN_DRAIN_00420,0.03484430030503481,synthetic_manning_scenario,0.0,0.0,0.0,0.0,0.0
030_060,rajendra_nagar_heavy_rain_demo,30,60,1800,RN_DNODE_00146,0.0,0.0,0.0,RN_DRAIN_00425,0.02637752433631995,synthetic_manning_scenario,0.0,0.0,0.0,0.0,0.0
030_060,rajendra_nagar_heavy_rain_demo,30,60,1800,RN_DNODE_00184,0.0,0.0,0.0,RN_DRAIN_00427,0.02637752433631995,synthetic_manning_scenario,0.0,0.0,0.0,0.0,0.0
030_060,rajendra_nagar_heavy_rain_demo,30,60,1800,RN_DNODE_00315,0.020187500847710503,0.0,0.020187500847710503,RN_DRAIN_00429,0.03485428291526828,synthetic_manning_scenario,0.0,0.020187500847710503,0.0,0.0,0.0
030_060,rajendra_nagar_heavy_rain_demo,30,60,1800,RN_DNODE_00492,0.0,0.0,0.0,RN_DRAIN_00430,0.1258874084942861,synthetic_manning_scenario,0.0,0.0,0.0,0.0,0.0
030_060,rajendra_nagar_heavy_rain_demo,30,60,1800,RN_DNODE_00052,0.0,0.0,0.0,RN_DRAIN_00431,0.03485428291526828,synthetic_manning_scenario,0.0,0.0,0.0,0.0,0.0
030_060,rajendra_nagar_heavy_rain_demo,30,60,1800,RN_DNODE_00121,0.0,0.0,0.0,RN_DRAIN_00436,0.3335187361648064,synthetic_manning_scenario,0.0,0.0,0.0,0.0,0.0
030_060,rajendra_nagar_heavy_rain_demo,30,60,1800,RN_DNODE_00132,0.0,0.0,0.0,RN_DRAIN_00437,0.1632724012023933,synthetic_manning_scenario,0.0,0.0,0.0,0.0,0.0
030_060,rajendra_nagar_heavy_rain_demo,30,60,1800,RN_DNODE_00162,0.0,0.0,0.0,RN_DRAIN_00439,0.03485428291526828,synthetic_manning_scenario,0.0,0.0,0.0,0.0,0.0
030_060,rajendra_nagar_heavy_rain_demo,30,60,1800,RN_DNODE_00183,0.0,0.0,0.0,RN_DRAIN_00440,0.02637752433631995,synthetic_manning_scenario,0.0,0.0,0.0,0.0,0.0
030_060,rajendra_nagar_heavy_rain_demo,30,60,1800,RN_DNODE_00059,0.020187500847710503,0.0,0.020187500847710503,RN_DRAIN_00447,0.05446815070334662,synthetic_manning_scenario,0.0,0.020187500847710503,0.0,0.0,0.0
030_060,rajendra_nagar_heavy_rain_demo,30,60,1800,RN_DNODE_00109,0.0,0.0,0.0,RN_DRAIN_00448,0.3250209820597582,synthetic_manning_scenario,0.0,0.0,0.0,0.0,0.0
030_060,rajendra_nagar_heavy_rain_demo,30,60,1800,RN_DNODE_00161,0.0,0.0,0.0,RN_DRAIN_00452,0.02637752433631995,synthetic_manning_scenario,0.0,0.0,0.0,0.0,0.0
030_060,rajendra_nagar_heavy_rain_demo,30,60,1800,RN_DNODE_00329,0.30815625932481555,0.0,0.30815625932481555,RN_DRAIN_00453,0.02637752433631995,synthetic_manning_scenario,0.0,0.02637752433631995,0.2817787349884956,0.0,507.2017229792921
030_060,rajendra_nagar_heavy_rain_demo,30,60,1800,RN_DNODE_00369,0.0,0.0,0.0,RN_DRAIN_00456,0.14438412066210826,synthetic_manning_scenario,0.0,0.0,0.0,0.0,0.0
030_060,rajendra_nagar_heavy_rain_demo,30,60,1800,RN_DNODE_00434,0.0,0.0,0.0,RN_DRAIN_00458,0.1495887056693421,synthetic_manning_scenario,0.0,0.0,0.0,0.0,0.0
030_060,rajendra_nagar_heavy_rain_demo,30,60,1800,RN_DNODE_00451,0.0,0.0,0.0,RN_DRAIN_00459,0.20938006290294106,synthetic_manning_scenario,0.0,0.0,0.0,0.0,0.0
030_060,rajendra_nagar_heavy_rain_demo,30,60,1800,RN_DNODE_00043,0.0,0.0,0.0,RN_DRAIN_00460,0.02637752433631995,synthetic_manning_scenario,0.0,0.0,0.0,0.0,0.0
030_060,rajendra_nagar_heavy_rain_demo,30,60,1800,RN_DNODE_00119,0.0,0.0,0.0,RN_DRAIN_00461,0.09743273367972305,synthetic_manning_scenario,0.0,0.0,0.0,0.0,0.0
030_060,rajendra_nagar_heavy_rain_demo,30,60,1800,RN_DNODE_00392,0.10450000127156575,0.0,0.10450000127156575,RN_DRAIN_00466,0.03484430030503481,synthetic_manning_scenario,0.0,0.03484430030503481,0.06965570096653094,0.0,125.3802617397557
030_060,rajendra_nagar_heavy_rain_demo,30,60,1800,RN_DNODE_00405,0.010093750423855252,0.0,0.010093750423855252,RN_DRAIN_00467,0.03484430030503481,synthetic_manning_scenario,0.0,0.010093750423855252,0.0,0.0,0.0
030_060,rajendra_nagar_heavy_rain_demo,30,60,1800,RN_DNODE_00412,0.019000000423855253,0.0,0.019000000423855253,RN_DRAIN_00468,0.03484430030503481,synthetic_manning_scenario,0.0,0.019000000423855253,0.0,0.0,0.0
030_060,rajendra_nagar_heavy_rain_demo,30,60,1800,RN_DNODE_00182,0.0,0.0,0.0,RN_DRAIN_00474,0.3460757329092977,synthetic_manning_scenario,0.0,0.0,0.0,0.0,0.0
030_060,rajendra_nagar_heavy_rain_demo,30,60,1800,RN_DNODE_00426,0.010093750423855252,0.0,0.010093750423855252,RN_DRAIN_00481,0.11954287044878092,synthetic_manning_scenario,0.0,0.010093750423855252,0.0,0.0,0.0
030_060,rajendra_nagar_heavy_rain_demo,30,60,1800,RN_DNODE_00117,0.0,0.0,0.0,RN_DRAIN_00483,0.03485428291526828,synthetic_manning_scenario,0.0,0.0,0.0,0.0,0.0
030_060,rajendra_nagar_heavy_rain_demo,30,60,1800,RN_DNODE_00128,0.0,0.0,0.0,RN_DRAIN_00484,0.02637752433631995,synthetic_manning_scenario,0.0,0.0,0.0,0.0,0.0
030_060,rajendra_nagar_heavy_rain_demo,30,60,1800,RN_DNODE_00158,0.0,0.0,0.0,RN_DRAIN_00486,0.22707203320513805,synthetic_manning_scenario,0.0,0.0,0.0,0.0,0.0
030_060,rajendra_nagar_heavy_rain_demo,30,60,1800,RN_DNODE_00433,0.019000000423855253,0.0,0.019000000423855253,RN_DRAIN_00494,0.0980023540468388,synthetic_manning_scenario,0.0,0.019000000423855253,0.0,0.0,0.0
030_060,rajendra_nagar_heavy_rain_demo,30,60,1800,RN_DNODE_00107,0.0,0.0,0.0,RN_DRAIN_00496,0.03483431483404455,synthetic_manning_scenario,0.0,0.0,0.0,0.0,0.0
030_060,rajendra_nagar_heavy_rain_demo,30,60,1800,RN_DNODE_00116,0.0,0.0,0.0,RN_DRAIN_00497,0.02637752433631995,synthetic_manning_scenario,0.0,0.0,0.0,0.0,0.0
030_060,rajendra_nagar_heavy_rain_demo,30,60,1800,RN_DNODE_00264,0.010093750423855252,0.0,0.010093750423855252,RN_DRAIN_00499,0.18405199949807394,synthetic_manning_scenario,0.0,0.010093750423855252,0.0,0.0,0.0
030_060,rajendra_nagar_heavy_rain_demo,30,60,1800,RN_DNODE_00410,0.0,0.0,0.0,RN_DRAIN_00502,0.10311891598683189,synthetic_manning_scenario,0.0,0.0,0.0,0.0,0.0
030_060,rajendra_nagar_heavy_rain_demo,30,60,1800,RN_DNODE_00099,0.0,0.0,0.0,RN_DRAIN_00505,0.03485428291526828,synthetic_manning_scenario,0.0,0.0,0.0,0.0,0.0
030_060,rajendra_nagar_heavy_rain_demo,30,60,1800,RN_DNODE_00106,0.0,0.0,0.0,RN_DRAIN_00506,0.02637752433631995,synthetic_manning_scenario,0.0,0.0,0.0,0.0,0.0
030_060,rajendra_nagar_heavy_rain_demo,30,60,1800,RN_DNODE_00263,0.0,0.0,0.0,RN_DRAIN_00508,0.13135106651046202,synthetic_manning_scenario,0.0,0.0,0.0,0.0,0.0
030_060,rajendra_nagar_heavy_rain_demo,30,60,1800,RN_DNODE_00089,0.0,0.0,0.0,RN_DRAIN_00513,0.02637752433631995,synthetic_manning_scenario,0.0,0.0,0.0,0.0,0.0
030_060,rajendra_nagar_heavy_rain_demo,30,60,1800,RN_DNODE_00090,0.0,0.0,0.0,RN_DRAIN_00514,0.02637752433631995,synthetic_manning_scenario,0.0,0.0,0.0,0.0,0.0
030_060,rajendra_nagar_heavy_rain_demo,30,60,1800,RN_DNODE_00098,0.0,0.0,0.0,RN_DRAIN_00515,0.02637752433631995,synthetic_manning_scenario,0.0,0.0,0.0,0.0,0.0
030_060,rajendra_nagar_heavy_rain_demo,30,60,1800,RN_DNODE_00262,0.010093750423855252,0.0,0.010093750423855252,RN_DRAIN_00520,0.19028600529539347,synthetic_manning_scenario,0.0,0.010093750423855252,0.0,0.0,0.0
030_060,rajendra_nagar_heavy_rain_demo,30,60,1800,RN_DNODE_00271,0.02078125,0.0,0.02078125,RN_DRAIN_00521,0.0954195777470258,synthetic_manning_scenario,0.0,0.02078125,0.0,0.0,0.0
030_060,rajendra_nagar_heavy_rain_demo,30,60,1800,RN_DNODE_00389,0.0,0.0,0.0,RN_DRAIN_00526,0.03485428291526828,synthetic_manning_scenario,0.0,0.0,0.0,0.0,0.0
030_060,rajendra_nagar_heavy_rain_demo,30,60,1800,RN_DNODE_00438,0.10746875339084201,0.0,0.10746875339084201,RN_DRAIN_00528,0.22658585121858213,synthetic_manning_scenario,0.0,0.10746875339084201,0.0,0.0,0.0
030_060,rajendra_nagar_heavy_rain_demo,30,60,1800,RN_DNODE_00340,0.05818750169542101,0.0,0.05818750169542101,RN_DRAIN_00531,0.03485428291526828,synthetic_manning_scenario,0.0,0.03485428291526828,0.02333321878015273,0.0,41.999793804274915
030_060,rajendra_nagar_heavy_rain_demo,30,60,1800,RN_DNODE_00424,0.0,0.0,0.0,RN_DRAIN_00533,0.20569226626927573,synthetic_manning_scenario,0.0,0.0,0.0,0.0,0.0
030_060,rajendra_nagar_heavy_rain_demo,30,60,1800,RN_DNODE_00401,0.0,0.0,0.0,RN_DRAIN_00537,0.24741358548059755,synthetic_manning_scenario,0.0,0.0,0.0,0.0,0.0
030_060,rajendra_nagar_heavy_rain_demo,30,60,1800,RN_DNODE_00232,0.0,0.0,0.0,RN_DRAIN_00540,0.02637752433631995,synthetic_manning_scenario,0.0,0.0,0.0,0.0,0.0
030_060,rajendra_nagar_heavy_rain_demo,30,60,1800,RN_DNODE_00346,0.0,0.0,0.0,RN_DRAIN_00541,0.02637752433631995,synthetic_manning_scenario,0.0,0.0,0.0,0.0,0.0
030_060,rajendra_nagar_heavy_rain_demo,30,60,1800,RN_DNODE_00355,0.0,0.0,0.0,RN_DRAIN_00542,0.02637752433631995,synthetic_manning_scenario,0.0,0.0,0.0,0.0,0.0
030_060,rajendra_nagar_heavy_rain_demo,30,60,1800,RN_DNODE_00326,0.0,0.0,0.0,,,,,0.0,0.0,0.0,0.0
030_060,rajendra_nagar_heavy_rain_demo,30,60,1800,RN_DNODE_00327,0.0,0.0,0.0,,,,,0.0,0.0,0.0,0.0
030_060,rajendra_nagar_heavy_rain_demo,30,60,1800,RN_DNODE_00442,0.0,0.02637752433631995,0.02637752433631995,,,,,0.0,0.0,0.02637752433631995,0.0
030_060,rajendra_nagar_heavy_rain_demo,30,60,1800,RN_DNODE_00494,0.0,0.0,0.0,RN_DRAIN_00022,0.03485428291526828,synthetic_manning_scenario,0.0,0.0,0.0,0.0,0.0
030_060,rajendra_nagar_heavy_rain_demo,30,60,1800,RN_DNODE_00041,0.0,0.0,0.0,RN_DRAIN_00055,0.12723324562335805,synthetic_manning_scenario,0.0,0.0,0.0,0.0,0.0
030_060,rajendra_nagar_heavy_rain_demo,30,60,1800,RN_DNODE_00418,0.09796875,0.037406249576144746,0.13537499957614474,RN_DRAIN_00043,0.03484430030503481,synthetic_manning_scenario,0.0,0.03484430030503481,0.10053069927110993,0.0,180.95525868799788
030_060,rajendra_nagar_heavy_rain_demo,30,60,1800,RN_DNODE_00081,0.0,0.0,0.0,RN_DRAIN_00065,0.16428349070581968,synthetic_manning_scenario,0.0,0.0,0.0,0.0,0.0
030_060,rajendra_nagar_heavy_rain_demo,30,60,1800,RN_DNODE_00416,0.0,0.13572767824149176,0.13572767824149176,,,,,0.0,0.0,0.13572767824149176,0.0
030_060,rajendra_nagar_heavy_rain_demo,30,60,1800,RN_DNODE_00231,0.0,0.0,0.0,RN_DRAIN_00074,0.03484430030503481,synthetic_manning_scenario,0.0,0.0,0.0,0.0,0.0
030_060,rajendra_nagar_heavy_rain_demo,30,60,1800,RN_DNODE_00203,0.0,0.0,0.0,RN_DRAIN_00113,0.02637752433631995,synthetic_manning_scenario,0.0,0.0,0.0,0.0,0.0
030_060,rajendra_nagar_heavy_rain_demo,30,60,1800,RN_DNODE_00361,0.0,0.0,0.0,RN_DRAIN_00100,0.5915619686607586,synthetic_manning_scenario,0.0,0.0,0.0,0.0,0.0
030_060,rajendra_nagar_heavy_rain_demo,30,60,1800,RN_DNODE_00532,0.0,0.0,0.0,RN_DRAIN_00104,0.12723324562335805,synthetic_manning_scenario,0.0,0.0,0.0,0.0,0.0
030_060,rajendra_nagar_heavy_rain_demo,30,60,1800,RN_DNODE_00066,0.0,0.0,0.0,RN_DRAIN_00107,0.03484430030503481,synthetic_manning_scenario,0.0,0.0,0.0,0.0,0.0
030_060,rajendra_nagar_heavy_rain_demo,30,60,1800,RN_DNODE_00048,0.020187500847710503,0.010093750423855252,0.030281251271565755,RN_DRAIN_00122,0.03484430030503481,synthetic_manning_scenario,0.0,0.030281251271565755,0.0,0.0,0.0
030_060,rajendra_nagar_heavy_rain_demo,30,60,1800,RN_DNODE_00004,0.030875000423855253,0.0,0.030875000423855253,RN_DRAIN_00149,0.13705656053423662,synthetic_manning_scenario,0.0,0.030875000423855253,0.0,0.0,0.0
030_060,rajendra_nagar_heavy_rain_demo,30,60,1800,RN_DNODE_00430,0.029093750847710504,0.05158812602898853,0.08068187687669903,RN_DRAIN_00184,0.1515365242075139,synthetic_manning_scenario,0.0,0.08068187687669903,0.0,0.0,0.0
030_060,rajendra_nagar_heavy_rain_demo,30,60,1800,RN_DNODE_00078,0.030875000423855253,0.14154681932172938,0.17242181974558463,RN_DRAIN_00175,0.2530359490024738,synthetic_manning_scenario,0.0,0.17242181974558463,0.0,0.0,0.0
030_060,rajendra_nagar_heavy_rain_demo,30,60,1800,RN_DNODE_00172,0.0,0.010093750423855252,0.010093750423855252,RN_DRAIN_00178,0.03484430030503481,synthetic_manning_scenario,0.0,0.010093750423855252,0.0,0.0,0.0
030_060,rajendra_nagar_heavy_rain_demo,30,60,1800,RN_DNODE_00486,0.326562504503462,0.0,0.326562504503462,RN_DRAIN_00209,0.03484430030503481,synthetic_manning_scenario,0.0,0.03484430030503481,0.2917182041984272,0.0,525.0927675571689
030_060,rajendra_nagar_heavy_rain_demo,30,60,1800,RN_DNODE_00003,0.010687499576144748,0.0,0.010687499576144748,RN_DRAIN_00198,0.03485428291526828,synthetic_manning_scenario,0.0,0.010687499576144748,0.0,0.0,0.0
030_060,rajendra_nagar_heavy_rain_demo,30,60,1800,RN_DNODE_00352,0.0,0.09006678976697921,0.09006678976697921,RN_DRAIN_00218,0.1521025124547665,synthetic_manning_scenario,0.0,0.09006678976697921,0.0,0.0,0.0
030_060,rajendra_nagar_heavy_rain_demo,30,60,1800,RN_DNODE_00543,0.0,0.07396532506289491,0.07396532506289491,RN_DRAIN_00237,0.03485428291526828,synthetic_manning_scenario,0.0,0.03485428291526828,0.03911104214762663,0.0,70.39987586572794
030_060,rajendra_nagar_heavy_rain_demo,30,60,1800,RN_DNODE_00554,0.0,0.03484430030503481,0.03484430030503481,RN_DRAIN_00255,0.03485428291526828,synthetic_manning_scenario,0.0,0.03484430030503481,0.0,0.0,0.0
030_060,rajendra_nagar_heavy_rain_demo,30,60,1800,RN_DNODE_00385,0.0,0.1120128954947173,0.1120128954947173,RN_DRAIN_00305,0.03485428291526828,synthetic_manning_scenario,0.0,0.03485428291526828,0.07715861257944902,0.0,138.88550264300824
030_060,rajendra_nagar_heavy_rain_demo,30,60,1800,RN_DNODE_00006,0.0,0.0,0.0,RN_DRAIN_00295,0.13383312250292473,synthetic_manning_scenario,0.0,0.0,0.0,0.0,0.0
030_060,rajendra_nagar_heavy_rain_demo,30,60,1800,RN_DNODE_00522,0.0,0.09321875042385525,0.09321875042385525,RN_DRAIN_00334,0.02637752433631995,synthetic_manning_scenario,0.0,0.02637752433631995,0.06684122608753529,0.0,120.31420695756351
030_060,rajendra_nagar_heavy_rain_demo,30,60,1800,RN_DNODE_00075,0.0,0.0,0.0,RN_DRAIN_00313,0.03484430030503481,synthetic_manning_scenario,0.0,0.0,0.0,0.0,0.0
030_060,rajendra_nagar_heavy_rain_demo,30,60,1800,RN_DNODE_00509,0.0,0.17812500211927626,0.17812500211927626,RN_DRAIN_00353,0.6213901470038218,synthetic_manning_scenario,0.0,0.17812500211927626,0.0,0.0,0.0
030_060,rajendra_nagar_heavy_rain_demo,30,60,1800,RN_DNODE_00024,0.0,0.0,0.0,RN_DRAIN_00379,0.07650391573267233,synthetic_manning_scenario,0.0,0.0,0.0,0.0,0.0
030_060,rajendra_nagar_heavy_rain_demo,30,60,1800,RN_DNODE_00499,0.0,0.0,0.0,,,,,0.0,0.0,0.0,0.0
030_060,rajendra_nagar_heavy_rain_demo,30,60,1800,RN_DNODE_00286,0.0,0.09803784543033917,0.09803784543033917,,,,,0.0,0.0,0.09803784543033917,0.0
030_060,rajendra_nagar_heavy_rain_demo,30,60,1800,RN_DNODE_00506,0.0,0.14778712746867345,0.14778712746867345,,,,,0.0,0.0,0.14778712746867345,0.0
030_060,rajendra_nagar_heavy_rain_demo,30,60,1800,RN_DNODE_00209,0.0,0.0,0.0,RN_DRAIN_00390,0.03485428291526828,synthetic_manning_scenario,0.0,0.0,0.0,0.0,0.0
030_060,rajendra_nagar_heavy_rain_demo,30,60,1800,RN_DNODE_00468,0.45956250376171537,0.0,0.45956250376171537,RN_DRAIN_00394,0.18293911365381266,synthetic_manning_scenario,0.0,0.18293911365381266,0.2766233901079027,0.0,497.92210219422486
030_060,rajendra_nagar_heavy_rain_demo,30,60,1800,RN_DNODE_00553,0.010093750423855252,0.0,0.010093750423855252,RN_DRAIN_00397,0.16888414661568568,synthetic_manning_scenario,0.0,0.010093750423855252,0.0,0.0,0.0
030_060,rajendra_nagar_heavy_rain_demo,30,60,1800,RN_DNODE_00488,0.0,0.0,0.0,RN_DRAIN_00419,0.3137595154941278,synthetic_manning_scenario,0.0,0.0,0.0,0.0,0.0
030_060,rajendra_nagar_heavy_rain_demo,30,60,1800,RN_DNODE_00427,0.34912500381469724,0.0,0.34912500381469724,RN_DRAIN_00457,0.03484430030503481,synthetic_manning_scenario,0.0,0.03484430030503481,0.3142807035096624,0.0,565.7052663173923
030_060,rajendra_nagar_heavy_rain_demo,30,60,1800,RN_DNODE_00444,0.0,0.0,0.0,,,,,0.0,0.0,0.0,0.0
030_060,rajendra_nagar_heavy_rain_demo,30,60,1800,RN_DNODE_00044,0.0,0.0,0.0,RN_DRAIN_00445,0.15060850351649752,synthetic_manning_scenario,0.0,0.0,0.0,0.0,0.0
030_060,rajendra_nagar_heavy_rain_demo,30,60,1800,RN_DNODE_00160,0.0,0.0,0.0,RN_DRAIN_00464,0.02637752433631995,synthetic_manning_scenario,0.0,0.0,0.0,0.0,0.0
030_060,rajendra_nagar_heavy_rain_demo,30,60,1800,RN_DNODE_00142,0.0,0.0,0.0,RN_DRAIN_00472,0.02637752433631995,synthetic_manning_scenario,0.0,0.0,0.0,0.0,0.0
030_060,rajendra_nagar_heavy_rain_demo,30,60,1800,RN_DNODE_00091,0.0,0.0,0.0,RN_DRAIN_00504,0.12723324562335805,synthetic_manning_scenario,0.0,0.0,0.0,0.0,0.0
030_060,rajendra_nagar_heavy_rain_demo,30,60,1800,RN_DNODE_00254,0.010093750423855252,0.010093750423855252,0.020187500847710503,RN_DRAIN_00519,0.16694910080064143,synthetic_manning_scenario,0.0,0.020187500847710503,0.0,0.0,0.0
030_060,rajendra_nagar_heavy_rain_demo,30,60,1800,RN_DNODE_00431,0.0,0.10746875339084201,0.10746875339084201,RN_DRAIN_00512,0.19810030056451727,synthetic_manning_scenario,0.0,0.10746875339084201,0.0,0.0,0.0
030_060,rajendra_nagar_heavy_rain_demo,30,60,1800,RN_DNODE_00419,0.0,0.0,0.0,RN_DRAIN_00527,0.21289946819313862,synthetic_manning_scenario,0.0,0.0,0.0,0.0,0.0
030_060,rajendra_nagar_heavy_rain_demo,30,60,1800,RN_DNODE_00388,0.0,0.0,0.0,RN_DRAIN_00535,0.21546094500843926,synthetic_manning_scenario,0.0,0.0,0.0,0.0,0.0
030_060,rajendra_nagar_heavy_rain_demo,30,60,1800,RN_DNODE_00205,0.0,0.0,0.0,RN_DRAIN_00539,0.03485428291526828,synthetic_manning_scenario,0.0,0.0,0.0,0.0,0.0
030_060,rajendra_nagar_heavy_rain_demo,30,60,1800,RN_DNODE_00347,0.0,0.0,0.0,RN_DRAIN_00536,0.12723324562335805,synthetic_manning_scenario,0.0,0.0,0.0,0.0,0.0
030_060,rajendra_nagar_heavy_rain_demo,30,60,1800,RN_DNODE_00491,0.0,0.0,0.0,RN_DRAIN_00021,0.12514738517223217,synthetic_manning_scenario,0.0,0.0,0.0,0.0,0.0
030_060,rajendra_nagar_heavy_rain_demo,30,60,1800,RN_DNODE_00033,0.138343751695421,0.010093750423855252,0.14843750211927625,RN_DRAIN_00064,0.1272696969192279,synthetic_manning_scenario,0.0,0.1272696969192279,0.02116780520004835,0.0,38.10204936008703
030_060,rajendra_nagar_heavy_rain_demo,30,60,1800,RN_DNODE_00408,0.07125,0.03484430030503481,0.1060943003050348,RN_DRAIN_00035,0.03484430030503481,synthetic_manning_scenario,0.0,0.03484430030503481,0.07125,0.0,128.25
030_060,rajendra_nagar_heavy_rain_demo,30,60,1800,RN_DNODE_00080,0.0,0.0,0.0,RN_DRAIN_00073,0.136249552270857,synthetic_manning_scenario,0.0,0.0,0.0,0.0,0.0
030_060,rajendra_nagar_heavy_rain_demo,30,60,1800,RN_DNODE_00354,0.0,0.0,0.0,RN_DRAIN_00099,1.0609568644927327,synthetic_manning_scenario,0.0,0.0,0.0,0.0,0.0
030_060,rajendra_nagar_heavy_rain_demo,30,60,1800,RN_DNODE_00525,0.0,0.0,0.0,RN_DRAIN_00078,0.12723324562335805,synthetic_manning_scenario,0.0,0.0,0.0,0.0,0.0
030_060,rajendra_nagar_heavy_rain_demo,30,60,1800,RN_DNODE_00057,0.0,0.030281251271565755,0.030281251271565755,RN_DRAIN_00106,0.03484430030503481,synthetic_manning_scenario,0.0,0.030281251271565755,0.0,0.0,0.0
030_060,rajendra_nagar_heavy_rain_demo,30,60,1800,RN_DNODE_00008,0.010093750423855252,0.030875000423855253,0.040968750847710504,RN_DRAIN_00150,0.03485428291526828,synthetic_manning_scenario,0.0,0.03485428291526828,0.006114467932442226,0.0,11.006042278396007
030_060,rajendra_nagar_heavy_rain_demo,30,60,1800,RN_DNODE_00423,0.10746875339084201,0.08068187687669903,0.18815063026754103,RN_DRAIN_00183,0.04832201195748927,synthetic_manning_scenario,0.0,0.04832201195748927,0.13982861831005175,0.0,251.69151295809314
030_060,rajendra_nagar_heavy_rain_demo,30,60,1800,RN_DNODE_00087,0.0,0.17242181974558463,0.17242181974558463,RN_DRAIN_00176,0.2035500759701358,synthetic_manning_scenario,0.0,0.17242181974558463,0.0,0.0,0.0
030_060,rajendra_nagar_heavy_rain_demo,30,60,1800,RN_DNODE_00477,0.030875000423855253,0.03484430030503481,0.06571930072889007,RN_DRAIN_00195,0.03485428291526828,synthetic_manning_scenario,0.0,0.03485428291526828,0.03086501781362179,0.0,55.55703206451922
030_060,rajendra_nagar_heavy_rain_demo,30,60,1800,RN_DNODE_00007,0.08015625,0.010687499576144748,0.09084374957614474,RN_DRAIN_00199,0.03485428291526828,synthetic_manning_scenario,0.0,0.03485428291526828,0.055989466660876466,0.0,100.78103998957764
030_060,rajendra_nagar_heavy_rain_demo,30,60,1800,RN_DNODE_00538,0.0,0.03485428291526828,0.03485428291526828,RN_DRAIN_00236,0.17060773937777143,synthetic_manning_scenario,0.0,0.03485428291526828,0.0,0.0,0.0
030_060,rajendra_nagar_heavy_rain_demo,30,60,1800,RN_DNODE_00552,0.0,0.03484430030503481,0.03484430030503481,RN_DRAIN_00254,0.17430534728708405,synthetic_manning_scenario,0.0,0.03484430030503481,0.0,0.0,0.0
030_060,rajendra_nagar_heavy_rain_demo,30,60,1800,RN_DNODE_00009,0.0,0.0,0.0,RN_DRAIN_00281,0.07976312140829656,synthetic_manning_scenario,0.0,0.0,0.0,0.0,0.0
030_060,rajendra_nagar_heavy_rain_demo,30,60,1800,RN_DNODE_00084,0.0,0.0,0.0,RN_DRAIN_00296,0.08227504605900168,synthetic_manning_scenario,0.0,0.0,0.0,0.0,0.0
030_060,rajendra_nagar_heavy_rain_demo,30,60,1800,RN_DNODE_00029,0.0,0.0,0.0,RN_DRAIN_00387,0.19021651980638857,synthetic_manning_scenario,0.0,0.0,0.0,0.0,0.0
030_060,rajendra_nagar_heavy_rain_demo,30,60,1800,RN_DNODE_00469,0.05046875211927626,0.18293911365381266,0.23340786577308892,RN_DRAIN_00383,0.1353812142771686,synthetic_manning_scenario,0.0,0.1353812142771686,0.09802665149592033,0.0,176.44797269265658
030_060,rajendra_nagar_heavy_rain_demo,30,60,1800,RN_DNODE_00551,0.05818750169542101,0.010093750423855252,0.06828125211927626,RN_DRAIN_00396,0.08345058337269148,synthetic_manning_scenario,0.0,0.06828125211927626,0.0,0.0,0.0
030_060,rajendra_nagar_heavy_rain_demo,30,60,1800,RN_DNODE_00484,0.0,0.0,0.0,,,,,0.0,0.0,0.0,0.0
030_060,rajendra_nagar_heavy_rain_demo,30,60,1800,RN_DNODE_00421,0.0,0.04493805072889007,0.04493805072889007,RN_DRAIN_00469,0.12723324562335805,synthetic_manning_scenario,0.0,0.04493805072889007,0.0,0.0,0.0
030_060,rajendra_nagar_heavy_rain_demo,30,60,1800,RN_DNODE_00051,0.0,0.0,0.0,RN_DRAIN_00446,0.05962720912031859,synthetic_manning_scenario,0.0,0.0,0.0,0.0,0.0
030_060,rajendra_nagar_heavy_rain_demo,30,60,1800,RN_DNODE_00144,0.0,0.0,0.0,RN_DRAIN_00451,0.03485428291526828,synthetic_manning_scenario,0.0,0.0,0.0,0.0,0.0
030_060,rajendra_nagar_heavy_rain_demo,30,60,1800,RN_DNODE_00100,0.0,0.0,0.0,RN_DRAIN_00495,0.12723324562335805,synthetic_manning_scenario,0.0,0.0,0.0,0.0,0.0
030_060,rajendra_nagar_heavy_rain_demo,30,60,1800,RN_DNODE_00233,0.04215624915228949,0.020187500847710503,0.062343749999999996,RN_DRAIN_00518,0.14235556684174894,synthetic_manning_scenario,0.0,0.062343749999999996,0.0,0.0,0.0
030_060,rajendra_nagar_heavy_rain_demo,30,60,1800,RN_DNODE_00432,0.0,0.10746875339084201,0.10746875339084201,RN_DRAIN_00503,0.11140874580493448,synthetic_manning_scenario,0.0,0.10746875339084201,0.0,0.0,0.0
030_060,rajendra_nagar_heavy_rain_demo,30,60,1800,RN_DNODE_00409,0.0,0.0,0.0,RN_DRAIN_00511,0.02637752433631995,synthetic_manning_scenario,0.0,0.0,0.0,0.0,0.0
030_060,rajendra_nagar_heavy_rain_demo,30,60,1800,RN_DNODE_00380,0.0,0.0,0.0,RN_DRAIN_00532,0.03485428291526828,synthetic_manning_scenario,0.0,0.0,0.0,0.0,0.0
030_060,rajendra_nagar_heavy_rain_demo,30,60,1800,RN_DNODE_00179,0.0,0.0,0.0,RN_DRAIN_00538,0.044130157925467595,synthetic_manning_scenario,0.0,0.0,0.0,0.0,0.0
030_060,rajendra_nagar_heavy_rain_demo,30,60,1800,RN_DNODE_00339,0.0825312508477105,0.0,0.0825312508477105,RN_DRAIN_00534,1.0125751333185353,synthetic_manning_scenario,0.0,0.0825312508477105,0.0,0.0,0.0
030_060,rajendra_nagar_heavy_rain_demo,30,60,1800,RN_DNODE_00487,0.0,0.0,0.0,RN_DRAIN_00020,0.03485428291526828,synthetic_manning_scenario,0.0,0.0,0.0,0.0,0.0
030_060,rajendra_nagar_heavy_rain_demo,30,60,1800,RN_DNODE_00032,0.0498750008477105,0.1272696969192279,0.17714469776693842,RN_DRAIN_00072,0.12723324562335805,synthetic_manning_scenario,0.0,0.12723324562335805,0.049911452143580365,0.0,89.84061385844466
030_060,rajendra_nagar_heavy_rain_demo,30,60,1800,RN_DNODE_00398,0.0,0.03484430030503481,0.03484430030503481,RN_DRAIN_00028,0.03485428291526828,synthetic_manning_scenario,0.0,0.03484430030503481,0.0,0.0,0.0
030_060,rajendra_nagar_heavy_rain_demo,30,60,1800,RN_DNODE_00345,0.0,0.0,0.0,RN_DRAIN_00098,0.8518909483625728,synthetic_manning_scenario,0.0,0.0,0.0,0.0,0.0
030_060,rajendra_nagar_heavy_rain_demo,30,60,1800,RN_DNODE_00516,0.0,0.0,0.0,RN_DRAIN_00071,0.5640755664606801,synthetic_manning_scenario,0.0,0.0,0.0,0.0,0.0
030_060,rajendra_nagar_heavy_rain_demo,30,60,1800,RN_DNODE_00011,0.1128125007947286,0.03485428291526828,0.14766678370999686,RN_DRAIN_00151,0.03485428291526828,synthetic_manning_scenario,0.0,0.03485428291526828,0.11281250079472858,0.0,203.06250143051145
030_060,rajendra_nagar_heavy_rain_demo,30,60,1800,RN_DNODE_00414,0.0296875,0.04832201195748927,0.07800951195748927,RN_DRAIN_00171,0.09781403471816273,synthetic_manning_scenario,0.0,0.07800951195748927,0.0,0.0,0.0
030_060,rajendra_nagar_heavy_rain_demo,30,60,1800,RN_DNODE_00096,0.18228125254313152,0.17242181974558463,0.3547030722887161,RN_DRAIN_00186,0.151090496238554,synthetic_manning_scenario,0.0,0.151090496238554,0.20361257605016211,0.0,366.5026368902918
030_060,rajendra_nagar_heavy_rain_demo,30,60,1800,RN_DNODE_00478,0.03146874957614475,0.03485428291526828,0.06632303249141303,RN_DRAIN_00185,0.03485428291526828,synthetic_manning_scenario,0.0,0.03485428291526828,0.03146874957614475,0.0,56.64374923706055
030_060,rajendra_nagar_heavy_rain_demo,30,60,1800,RN_DNODE_00010,0.05106250127156575,0.03485428291526828,0.08591678418683403,RN_DRAIN_00200,0.03484430030503481,synthetic_manning_scenario,0.0,0.03484430030503481,0.05107248388179922,0.0,91.93047098723859
030_060,rajendra_nagar_heavy_rain_demo,30,60,1800,RN_DNODE_00531,0.0,0.03485428291526828,0.03485428291526828,RN_DRAIN_00251,0.12440295982607016,synthetic_manning_scenario,0.0,0.03485428291526828,0.0,0.0,0.0
030_060,rajendra_nagar_heavy_rain_demo,30,60,1800,RN_DNODE_00550,0.0,0.03484430030503481,0.03484430030503481,RN_DRAIN_00253,0.0834630887675077,synthetic_manning_scenario,0.0,0.03484430030503481,0.0,0.0,0.0
030_060,rajendra_nagar_heavy_rain_demo,30,60,1800,RN_DNODE_00012,0.0,0.0,0.0,RN_DRAIN_00269,0.03485428291526828,synthetic_manning_scenario,0.0,0.0,0.0,0.0,0.0
030_060,rajendra_nagar_heavy_rain_demo,30,60,1800,RN_DNODE_00094,0.0,0.0,0.0,RN_DRAIN_00297,0.12393226543861699,synthetic_manning_scenario,0.0,0.0,0.0,0.0,0.0
030_060,rajendra_nagar_heavy_rain_demo,30,60,1800,RN_DNODE_00036,0.0,0.0,0.0,RN_DRAIN_00399,0.1272696969192279,synthetic_manning_scenario,0.0,0.0,0.0,0.0,0.0
030_060,rajendra_nagar_heavy_rain_demo,30,60,1800,RN_DNODE_00457,0.010093750423855252,0.1353812142771686,0.14547496470102383,RN_DRAIN_00375,0.17518330495315723,synthetic_manning_scenario,0.0,0.14547496470102383,0.0,0.0,0.0
030_060,rajendra_nagar_heavy_rain_demo,30,60,1800,RN_DNODE_00549,0.029093750847710504,0.06828125211927626,0.09737500296698676,RN_DRAIN_00386,0.03485428291526828,synthetic_manning_scenario,0.0,0.03485428291526828,0.06252072005171848,0.0,112.53729609309326
030_060,rajendra_nagar_heavy_rain_demo,30,60,1800,RN_DNODE_00060,0.0,0.0,0.0,RN_DRAIN_00432,0.1272696969192279,synthetic_manning_scenario,0.0,0.0,0.0,0.0,0.0
030_060,rajendra_nagar_heavy_rain_demo,30,60,1800,RN_DNODE_00108,0.0,0.0,0.0,RN_DRAIN_00482,0.1272696969192279,synthetic_manning_scenario,0.0,0.0,0.0,0.0,0.0
030_060,rajendra_nagar_heavy_rain_demo,30,60,1800,RN_DNODE_00206,0.039781250423855254,0.062343749999999996,0.10212500042385525,RN_DRAIN_00517,0.03485428291526828,synthetic_manning_scenario,0.0,0.03485428291526828,0.06727071750858697,0.0,121.08729151545656
030_060,rajendra_nagar_heavy_rain_demo,30,60,1800,RN_DNODE_00425,0.26006250381469725,0.12646875381469727,0.38653125762939455,RN_DRAIN_00493,0.36701701471119386,synthetic_manning_scenario,0.0,0.36701701471119386,0.019514242918200697,0.0,35.12563725276125
030_060,rajendra_nagar_heavy_rain_demo,30,60,1800,RN_DNODE_00381,0.0,0.0,0.0,RN_DRAIN_00525,0.03484430030503481,synthetic_manning_scenario,0.0,0.0,0.0,0.0,0.0
030_060,rajendra_nagar_heavy_rain_demo,30,60,1800,RN_DNODE_00178,0.0,0.0,0.0,,,,,0.0,0.0,0.0,0.0
030_060,rajendra_nagar_heavy_rain_demo,30,60,1800,RN_DNODE_00328,0.02078125,0.11738553376297878,0.13816678376297878,RN_DRAIN_00530,0.1272696969192279,synthetic_manning_scenario,0.0,0.1272696969192279,0.010897086843750875,0.0,19.614756318751574
030_060,rajendra_nagar_heavy_rain_demo,30,60,1800,RN_DNODE_00483,0.0,0.0,0.0,RN_DRAIN_00019,0.1831443771284688,synthetic_manning_scenario,0.0,0.0,0.0,0.0,0.0
030_060,rajendra_nagar_heavy_rain_demo,30,60,1800,RN_DNODE_00040,0.049281251695421004,0.12723324562335805,0.17651449731877905,RN_DRAIN_00081,0.5017366265441451,synthetic_manning_scenario,0.0,0.17651449731877905,0.0,0.0,0.0
030_060,rajendra_nagar_heavy_rain_demo,30,60,1800,RN_DNODE_00399,0.0,0.03484430030503481,0.03484430030503481,RN_DRAIN_00015,0.13777301901343705,synthetic_manning_scenario,0.0,0.03484430030503481,0.0,0.0,0.0
030_060,rajendra_nagar_heavy_rain_demo,30,60,1800,RN_DNODE_00517,0.0,0.0,0.0,RN_DRAIN_00063,0.1272696969192279,synthetic_manning_scenario,0.0,0.0,0.0,0.0,0.0
030_060,rajendra_nagar_heavy_rain_demo,30,60,1800,RN_DNODE_00016,0.010093750423855252,0.03485428291526828,0.04494803333912353,RN_DRAIN_00152,0.04100835586442703,synthetic_manning_scenario,0.0,0.04100835586442703,0.0039396774746965,0.0,7.0914194544537
030_060,rajendra_nagar_heavy_rain_demo,30,60,1800,RN_DNODE_00407,0.039781250423855254,0.07800951195748927,0.11779076238134453,RN_DRAIN_00170,0.03485428291526828,synthetic_manning_scenario,0.0,0.03485428291526828,0.08293647946607625,0.0,149.28566303893726
030_060,rajendra_nagar_heavy_rain_demo,30,60,1800,RN_DNODE_00104,0.0296875,0.151090496238554,0.180777996238554,RN_DRAIN_00187,0.044467843567026905,synthetic_manning_scenario,0.0,0.044467843567026905,0.1363101526715271,0.0,245.35827480874877
030_060,rajendra_nagar_heavy_rain_demo,30,60,1800,RN_DNODE_00479,0.030875000423855253,0.03485428291526828,0.06572928333912353,RN_DRAIN_00173,0.09995654869004258,synthetic_manning_scenario,0.0,0.06572928333912353,0.0,0.0,0.0
030_060,rajendra_nagar_heavy_rain_demo,30,60,1800,RN_DNODE_00015,0.049281251695421004,0.03484430030503481,0.08412555200045582,RN_DRAIN_00210,0.03485428291526828,synthetic_manning_scenario,0.0,0.03485428291526828,0.049271269085187544,0.0,88.68828435333758
030_060,rajendra_nagar_heavy_rain_demo,30,60,1800,RN_DNODE_00548,0.17990624957614476,0.03484430030503481,0.2147505498811796,RN_DRAIN_00252,0.18704808214959012,synthetic_manning_scenario,0.0,0.18704808214959012,0.027702467731589464,0.0,49.86444191686103
030_060,rajendra_nagar_heavy_rain_demo,30,60,1800,RN_DNODE_00013,0.0,0.0,0.0,RN_DRAIN_00256,0.06221965419535514,synthetic_manning_scenario,0.0,0.0,0.0,0.0,0.0
030_060,rajendra_nagar_heavy_rain_demo,30,60,1800,RN_DNODE_00102,0.0,0.0,0.0,RN_DRAIN_00284,0.03485428291526828,synthetic_manning_scenario,0.0,0.0,0.0,0.0,0.0
030_060,rajendra_nagar_heavy_rain_demo,30,60,1800,RN_DNODE_00045,0.0,0.0,0.0,RN_DRAIN_00400,0.12719678388149364,synthetic_manning_scenario,0.0,0.0,0.0,0.0,0.0
030_060,rajendra_nagar_heavy_rain_demo,30,60,1800,RN_DNODE_00458,0.225031255086263,0.2030687151248791,0.4280999702111421,RN_DRAIN_00368,0.391656185493259,synthetic_manning_scenario,0.0,0.391656185493259,0.03644378471788312,0.0,65.59881249218962
030_060,rajendra_nagar_heavy_rain_demo,30,60,1800,RN_DNODE_00547,0.030281251271565755,0.03485428291526828,0.06513553418683403,RN_DRAIN_00385,0.03485428291526828,synthetic_manning_scenario,0.0,0.03485428291526828,0.03028125127156575,0.0,54.50625228881835
030_060,rajendra_nagar_heavy_rain_demo,30,60,1800,RN_DNODE_00068,0.11103125042385525,0.020187500847710503,0.13121875127156576,RN_DRAIN_00433,0.1272696969192279,synthetic_manning_scenario,0.0,0.1272696969192279,0.003949054352337861,0.0,7.108297834208149
030_060,rajendra_nagar_heavy_rain_demo,30,60,1800,RN_DNODE_00118,0.0,0.0,0.0,RN_DRAIN_00470,0.12723324562335805,synthetic_manning_scenario,0.0,0.0,0.0,0.0,0.0
030_060,rajendra_nagar_heavy_rain_demo,30,60,1800,RN_DNODE_00180,0.1104374991522895,0.03485428291526828,0.14529178206755777,RN_DRAIN_00516,0.03484430030503481,synthetic_manning_scenario,0.0,0.03484430030503481,0.11044748176252296,0.0,198.80546717254134
030_060,rajendra_nagar_heavy_rain_demo,30,60,1800,RN_DNODE_00420,0.010093750423855252,0.36701701471119386,0.3771107651350491,RN_DRAIN_00480,0.4455532640291579,synthetic_manning_scenario,0.0,0.3771107651350491,0.0,0.0,0.0
030_060,rajendra_nagar_heavy_rain_demo,30,60,1800,RN_DNODE_00390,0.0,0.0,0.0,RN_DRAIN_00510,0.3236021441753258,synthetic_manning_scenario,0.0,0.0,0.0,0.0,0.0
030_060,rajendra_nagar_heavy_rain_demo,30,60,1800,RN_DNODE_00313,0.0,0.1272696969192279,0.1272696969192279,RN_DRAIN_00529,0.43897728400959335,synthetic_manning_scenario,0.0,0.1272696969192279,0.0,0.0,0.0
030_060,rajendra_nagar_heavy_rain_demo,30,60,1800,RN_DNODE_00474,0.0,0.0,0.0,RN_DRAIN_00018,0.07184184000329723,synthetic_manning_scenario,0.0,0.0,0.0,0.0,0.0
030_060,rajendra_nagar_heavy_rain_demo,30,60,1800,RN_DNODE_00050,0.0,0.17651449731877905,0.17651449731877905,RN_DRAIN_00082,0.1272696969192279,synthetic_manning_scenario,0.0,0.1272696969192279,0.04924480039955115,0.0,88.64064071919206
030_060,rajendra_nagar_heavy_rain_demo,30,60,1800,RN_DNODE_00400,0.0,0.03484430030503481,0.03484430030503481,RN_DRAIN_00010,0.12497491764534203,synthetic_manning_scenario,0.0,0.03484430030503481,0.0,0.0,0.0
030_060,rajendra_nagar_heavy_rain_demo,30,60,1800,RN_DNODE_00504,0.7475312550862631,0.020187500847710503,0.7677187559339735,RN_DRAIN_00053,0.15694054372586286,synthetic_manning_scenario,0.0,0.15694054372586286,0.6107782122081107,0.0,1099.4007819745993
030_060,rajendra_nagar_heavy_rain_demo,30,60,1800,RN_DNODE_00019,0.04928124957614475,0.04100835586442703,0.09028960544057178,RN_DRAIN_00153,0.03485428291526828,synthetic_manning_scenario,0.0,0.03485428291526828,0.055435322525303504,0.0,99.78358054554631
030_060,rajendra_nagar_heavy_rain_demo,30,60,1800,RN_DNODE_00397,0.14131250381469726,0.03485428291526828,0.17616678672996555,RN_DRAIN_00169,0.03484430030503481,synthetic_manning_scenario,0.0,0.03484430030503481,0.14132248642493073,0.0,254.3804755648753
030_060,rajendra_nagar_heavy_rain_demo,30,60,1800,RN_DNODE_00113,0.029093750847710504,0.044467843567026905,0.0735615944147374,RN_DRAIN_00188,0.13686859948507724,synthetic_manning_scenario,0.0,0.0735615944147374,0.0,0.0,0.0
030_060,rajendra_nagar_heavy_rain_demo,30,60,1800,RN_DNODE_00480,0.03146874957614475,0.06572928333912353,0.09719803291526828,RN_DRAIN_00160,0.06233696028667062,synthetic_manning_scenario,0.0,0.06233696028667062,0.03486107262859766,0.0,62.749930731475786
030_060,rajendra_nagar_heavy_rain_demo,30,60,1800,RN_DNODE_00018,0.13181250042385526,0.03485428291526828,0.16666678333912355,RN_DRAIN_00220,0.12723324562335805,synthetic_manning_scenario,0.0,0.12723324562335805,0.03943353771576549,0.0,70.98036788837788
030_060,rajendra_nagar_heavy_rain_demo,30,60,1800,RN_DNODE_00545,0.0,0.18704808214959012,0.18704808214959012,RN_DRAIN_00268,0.18815700295850665,synthetic_manning_scenario,0.0,0.18704808214959012,0.0,0.0,0.0
030_060,rajendra_nagar_heavy_rain_demo,30,60,1800,RN_DNODE_00017,0.17396874957614475,0.0,0.17396874957614475,RN_DRAIN_00240,0.03485428291526828,synthetic_manning_scenario,0.0,0.03485428291526828,0.13911446666087646,0.0,250.40603998957764
030_060,rajendra_nagar_heavy_rain_demo,30,60,1800,RN_DNODE_00111,0.601468751695421,0.0,0.601468751695421,RN_DRAIN_00285,0.03484430030503481,synthetic_manning_scenario,0.0,0.03484430030503481,0.5666244513903862,0.0,1019.9240125026952
030_060,rajendra_nagar_heavy_rain_demo,30,60,1800,RN_DNODE_00053,0.0,0.0,0.0,RN_DRAIN_00401,0.1272696969192279,synthetic_manning_scenario,0.0,0.0,0.0,0.0,0.0
030_060,rajendra_nagar_heavy_rain_demo,30,60,1800,RN_DNODE_00454,0.27668750127156577,0.41243743549325895,0.6891249367648247,RN_DRAIN_00359,0.48087166299014095,synthetic_manning_scenario,0.0,0.48087166299014095,0.20825327377468372,0.0,374.8558927944307
030_060,rajendra_nagar_heavy_rain_demo,30,60,1800,RN_DNODE_00544,0.23334375381469727,0.03485428291526828,0.26819803672996556,RN_DRAIN_00384,0.15013191509707569,synthetic_manning_scenario,0.0,0.15013191509707569,0.11806612163288988,0.0,212.51901893920177
030_060,rajendra_nagar_heavy_rain_demo,30,60,1800,RN_DNODE_00157,0.040968750847710504,0.03484430030503481,0.07581305115274531,RN_DRAIN_00507,0.3596921468391413,synthetic_manning_scenario,0.0,0.07581305115274531,0.0,0.0,0.0
030_060,rajendra_nagar_heavy_rain_demo,30,60,1800,RN_DNODE_00411,0.06828125211927626,0.42204881586393916,0.49033006798321543,RN_DRAIN_00479,0.30124813859248456,synthetic_manning_scenario,0.0,0.30124813859248456,0.18908192939073087,0.0,340.3474729033156
030_060,rajendra_nagar_heavy_rain_demo,30,60,1800,RN_DNODE_00402,0.0,0.0,0.0,RN_DRAIN_00501,0.5315703032862718,synthetic_manning_scenario,0.0,0.0,0.0,0.0,0.0
030_060,rajendra_nagar_heavy_rain_demo,30,60,1800,RN_DNODE_00295,0.09084375169542101,0.1272696969192279,0.21811344861464893,RN_DRAIN_00524,0.4840443716707854,synthetic_manning_scenario,0.0,0.21811344861464893,0.0,0.0,0.0
030_060,rajendra_nagar_heavy_rain_demo,30,60,1800,RN_DNODE_00467,0.1941562525431315,0.0,0.1941562525431315,RN_DRAIN_00017,0.03485428291526828,synthetic_manning_scenario,0.0,0.03485428291526828,0.15930196962786325,0.0,286.74354533015384
030_060,rajendra_nagar_heavy_rain_demo,30,60,1800,RN_DNODE_00387,0.0,0.03484430030503481,0.03484430030503481,RN_DRAIN_00004,0.02637752433631995,synthetic_manning_scenario,0.0,0.02637752433631995,0.008466775968714861,0.0,15.24019674368675
030_060,rajendra_nagar_heavy_rain_demo,30,60,1800,RN_DNODE_00505,0.0,0.15694054372586286,0.15694054372586286,,,,,0.0,0.0,0.15694054372586286,0.0
030_060,rajendra_nagar_heavy_rain_demo,30,60,1800,RN_DNODE_00023,0.14962500042385526,0.03485428291526828,0.18447928333912356,RN_DRAIN_00154,0.03485428291526828,synthetic_manning_scenario,0.0,0.03485428291526828,0.1496250004238553,0.0,269.3250007629395
030_060,rajendra_nagar_heavy_rain_demo,30,60,1800,RN_DNODE_00386,0.05224999957614475,0.03484430030503481,0.08709429988117956,RN_DRAIN_00159,0.06828671863062642,synthetic_manning_scenario,0.0,0.06828671863062642,0.018807581250553138,0.0,33.853646250995645
030_060,rajendra_nagar_heavy_rain_demo,30,60,1800,RN_DNODE_00125,0.0,0.0735615944147374,0.0735615944147374,RN_DRAIN_00177,0.29797263860351214,synthetic_manning_scenario,0.0,0.0735615944147374,0.0,0.0,0.0
030_060,rajendra_nagar_heavy_rain_demo,30,60,1800,RN_DNODE_00481,0.09025000042385525,0.06233696028667062,0.15258696071052588,RN_DRAIN_00147,0.03485428291526828,synthetic_manning_scenario,0.0,0.03485428291526828,0.1177326777952576,0.0,211.9188200314637
030_060,rajendra_nagar_heavy_rain_demo,30,60,1800,RN_DNODE_00542,0.0,0.18704808214959012,0.18704808214959012,RN_DRAIN_00267,0.03485428291526828,synthetic_manning_scenario,0.0,0.03485428291526828,0.15219379923432186,0.0,273.9488386217794
030_060,rajendra_nagar_heavy_rain_demo,30,60,1800,RN_DNODE_00021,0.0296875,0.1969418114538946,0.22662931145389462,RN_DRAIN_00241,0.12723324562335805,synthetic_manning_scenario,0.0,0.12723324562335805,0.09939606583053656,0.0,178.91291849496582
030_060,rajendra_nagar_heavy_rain_demo,30,60,1800,RN_DNODE_00122,0.0,0.03484430030503481,0.03484430030503481,RN_DRAIN_00298,0.03484430030503481,synthetic_manning_scenario,0.0,0.03484430030503481,0.0,0.0,0.0
030_060,rajendra_nagar_heavy_rain_demo,30,60,1800,RN_DNODE_00062,0.0,0.0,0.0,RN_DRAIN_00412,0.12723324562335805,synthetic_manning_scenario,0.0,0.0,0.0,0.0,0.0
030_060,rajendra_nagar_heavy_rain_demo,30,60,1800,RN_DNODE_00445,0.0,0.48087166299014095,0.48087166299014095,RN_DRAIN_00352,0.7483774137344394,synthetic_manning_scenario,0.0,0.48087166299014095,0.0,0.0,0.0
030_060,rajendra_nagar_heavy_rain_demo,30,60,1800,RN_DNODE_00540,0.060562500423855255,0.15013191509707569,0.21069441552093093,RN_DRAIN_00378,0.1348146985507728,synthetic_manning_scenario,0.0,0.1348146985507728,0.07587971697015813,0.0,136.58349054628465
030_060,rajendra_nagar_heavy_rain_demo,30,60,1800,RN_DNODE_00140,0.0,0.07581305115274531,0.07581305115274531,RN_DRAIN_00498,0.31364418229729374,synthetic_manning_scenario,0.0,0.07581305115274531,0.0,0.0,0.0
030_060,rajendra_nagar_heavy_rain_demo,30,60,1800,RN_DNODE_00404,0.019000000423855253,0.3202481390163398,0.33924813944019505,RN_DRAIN_00478,0.30124813859248456,synthetic_manning_scenario,0.0,0.30124813859248456,0.03800000084771049,0.0,68.40000152587888
030_060,rajendra_nagar_heavy_rain_demo,30,60,1800,RN_DNODE_00403,0.0,0.0,0.0,RN_DRAIN_00492,0.48250869403237323,synthetic_manning_scenario,0.0,0.0,0.0,0.0,0.0
030_060,rajendra_nagar_heavy_rain_demo,30,60,1800,RN_DNODE_00284,0.039781250423855254,0.21811344861464893,0.2578946990385042,RN_DRAIN_00523,0.8030954072736205,synthetic_manning_scenario,0.0,0.2578946990385042,0.0,0.0,0.0
030_060,rajendra_nagar_heavy_rain_demo,30,60,1800,RN_DNODE_00379,0.0,0.02637752433631995,0.02637752433631995,,,,,0.0,0.0,0.02637752433631995,0.0
030_060,rajendra_nagar_heavy_rain_demo,30,60,1800,RN_DNODE_00027,0.06234375,0.03485428291526828,0.09719803291526828,RN_DRAIN_00155,0.03484430030503481,synthetic_manning_scenario,0.0,0.03484430030503481,0.06235373261023347,0.0,112.23671869842025
030_060,rajendra_nagar_heavy_rain_demo,30,60,1800,RN_DNODE_00378,0.06234375,0.06828671863062642,0.13063046863062644,RN_DRAIN_00146,0.12524186330580878,synthetic_manning_scenario,0.0,0.12524186330580878,0.0053886053248176635,0.0,9.699489584671795
030_060,rajendra_nagar_heavy_rain_demo,30,60,1800,RN_DNODE_00136,0.0,0.0735615944147374,0.0735615944147374,RN_DRAIN_00161,0.16698035472771766,synthetic_manning_scenario,0.0,0.0735615944147374,0.0,0.0,0.0
030_060,rajendra_nagar_heavy_rain_demo,30,60,1800,RN_DNODE_00482,0.020187500847710503,0.03485428291526828,0.05504178376297878,RN_DRAIN_00134,0.03484430030503481,synthetic_manning_scenario,0.0,0.03484430030503481,0.02019748345794397,0.0,36.35547022429915
030_060,rajendra_nagar_heavy_rain_demo,30,60,1800,RN_DNODE_00537,0.0,0.03485428291526828,0.03485428291526828,RN_DRAIN_00266,0.1272696969192279,synthetic_manning_scenario,0.0,0.03485428291526828,0.0,0.0,0.0
030_060,rajendra_nagar_heavy_rain_demo,30,60,1800,RN_DNODE_00026,0.03146874957614475,0.12723324562335805,0.1587019951995028,RN_DRAIN_00257,0.7029886526903337,synthetic_manning_scenario,0.0,0.1587019951995028,0.0,0.0,0.0
030_060,rajendra_nagar_heavy_rain_demo,30,60,1800,RN_DNODE_00133,0.0,0.03484430030503481,0.03484430030503481,RN_DRAIN_00314,0.1550630537514668,synthetic_manning_scenario,0.0,0.03484430030503481,0.0,0.0,0.0
030_060,rajendra_nagar_heavy_rain_demo,30,60,1800,RN_DNODE_00069,0.8027499969800314,0.0,0.8027499969800314,RN_DRAIN_00421,0.12723324562335805,synthetic_manning_scenario,0.0,0.12723324562335805,0.6755167513566733,0.0,1215.930152442012
030_060,rajendra_nagar_heavy_rain_demo,30,60,1800,RN_DNODE_00446,0.0676875008477105,0.48087166299014095,0.5485591638378514,RN_DRAIN_00345,0.6085297810986018,synthetic_manning_scenario,0.0,0.5485591638378514,0.0,0.0,0.0
030_060,rajendra_nagar_heavy_rain_demo,30,60,1800,RN_DNODE_00536,0.0973750008477105,0.1639084493984833,0.2612834502461938,RN_DRAIN_00369,0.18393770855067063,synthetic_manning_scenario,0.0,0.18393770855067063,0.07734574169552319,0.0,139.22233505194174
030_060,rajendra_nagar_heavy_rain_demo,30,60,1800,RN_DNODE_00141,0.0,0.07581305115274531,0.07581305115274531,RN_DRAIN_00485,0.02637752433631995,synthetic_manning_scenario,0.0,0.02637752433631995,0.04943552681642536,0.0,88.98394826956564
030_060,rajendra_nagar_heavy_rain_demo,30,60,1800,RN_DNODE_00391,0.35328125211927625,0.3113418890163398,0.664623141135616,RN_DRAIN_00477,0.30124813859248456,synthetic_manning_scenario,0.0,0.30124813859248456,0.3633750025431315,0.0,654.0750045776367
030_060,rajendra_nagar_heavy_rain_demo,30,60,1800,RN_DNODE_00278,0.11400000042385525,0.2578946990385042,0.3718946994623594,RN_DRAIN_00522,0.4808041363512746,synthetic_manning_scenario,0.0,0.3718946994623594,0.0,0.0,0.0
030_060,rajendra_nagar_heavy_rain_demo,30,60,1800,RN_DNODE_00031,0.0,0.03484430030503481,0.03484430030503481,RN_DRAIN_00135,0.03484430030503481,synthetic_manning_scenario,0.0,0.03484430030503481,0.0,0.0,0.0
030_060,rajendra_nagar_heavy_rain_demo,30,60,1800,RN_DNODE_00373,0.0,0.12524186330580878,0.12524186330580878,RN_DRAIN_00132,0.1267604035528174,synthetic_manning_scenario,0.0,0.12524186330580878,0.0,0.0,0.0
030_060,rajendra_nagar_heavy_rain_demo,30,60,1800,RN_DNODE_00153,0.0,0.0735615944147374,0.0735615944147374,RN_DRAIN_00162,0.20061316841502458,synthetic_manning_scenario,0.0,0.0735615944147374,0.0,0.0,0.0
030_060,rajendra_nagar_heavy_rain_demo,30,60,1800,RN_DNODE_00472,0.020187500847710503,0.05562555030503481,0.07581305115274531,RN_DRAIN_00119,0.1272696969192279,synthetic_manning_scenario,0.0,0.07581305115274531,0.0,0.0,0.0
030_060,rajendra_nagar_heavy_rain_demo,30,60,1800,RN_DNODE_00530,0.0,0.03485428291526828,0.03485428291526828,RN_DRAIN_00265,0.12723324562335805,synthetic_manning_scenario,0.0,0.03485428291526828,0.0,0.0,0.0
030_060,rajendra_nagar_heavy_rain_demo,30,60,1800,RN_DNODE_00025,0.0,0.1587019951995028,0.1587019951995028,RN_DRAIN_00270,0.12723324562335805,synthetic_manning_scenario,0.0,0.12723324562335805,0.03146874957614473,0.0,56.64374923706052
030_060,rajendra_nagar_heavy_rain_demo,30,60,1800,RN_DNODE_00148,0.0,0.03484430030503481,0.03484430030503481,RN_DRAIN_00315,0.1734811093212871,synthetic_manning_scenario,0.0,0.03484430030503481,0.0,0.0,0.0
030_060,rajendra_nagar_heavy_rain_demo,30,60,1800,RN_DNODE_00073,0.0,0.254502942542586,0.254502942542586,RN_DRAIN_00434,0.46733711847571097,synthetic_manning_scenario,0.0,0.254502942542586,0.0,0.0,0.0
030_060,rajendra_nagar_heavy_rain_demo,30,60,1800,RN_DNODE_00526,0.0,0.18393770855067063,0.18393770855067063,RN_DRAIN_00363,0.8884739605124451,synthetic_manning_scenario,0.0,0.18393770855067063,0.0,0.0,0.0
030_060,rajendra_nagar_heavy_rain_demo,30,60,1800,RN_DNODE_00129,0.0,0.02637752433631995,0.02637752433631995,RN_DRAIN_00471,0.03485428291526828,synthetic_manning_scenario,0.0,0.02637752433631995,0.0,0.0,0.0
030_060,rajendra_nagar_heavy_rain_demo,30,60,1800,RN_DNODE_00382,0.020187500847710503,0.3360924388975194,0.35627993974522987,RN_DRAIN_00476,1.5879626023456346,synthetic_manning_scenario,0.0,0.35627993974522987,0.0,0.0,0.0
030_060,rajendra_nagar_heavy_rain_demo,30,60,1800,RN_DNODE_00272,0.0,0.3926759494623594,0.3926759494623594,RN_DRAIN_00509,0.8534250354908414,synthetic_manning_scenario,0.0,0.3926759494623594,0.0,0.0,0.0
030_060,rajendra_nagar_heavy_rain_demo,30,60,1800,RN_DNODE_00039,0.067093751695421,0.055031801152745315,0.12212555284816631,RN_DRAIN_00121,0.12723324562335805,synthetic_manning_scenario,0.0,0.12212555284816631,0.0,0.0,0.0
030_060,rajendra_nagar_heavy_rain_demo,30,60,1800,RN_DNODE_00365,0.05046875,0.12524186330580878,0.17571061330580878,RN_DRAIN_00145,0.21676002461835764,synthetic_manning_scenario,0.0,0.17571061330580878,0.0,0.0,0.0
030_060,rajendra_nagar_heavy_rain_demo,30,60,1800,RN_DNODE_00174,0.0,0.0735615944147374,0.0735615944147374,RN_DRAIN_00156,0.03484430030503481,synthetic_manning_scenario,0.0,0.03484430030503481,0.038717294109702594,0.0,69.69112939746466
030_060,rajendra_nagar_heavy_rain_demo,30,60,1800,RN_DNODE_00473,0.05046875,0.07581305115274531,0.12628180115274532,RN_DRAIN_00102,0.12723324562335805,synthetic_manning_scenario,0.0,0.12628180115274532,0.0,0.0,0.0
030_060,rajendra_nagar_heavy_rain_demo,30,60,1800,RN_DNODE_00523,0.0,0.06970856583053656,0.06970856583053656,RN_DRAIN_00250,0.33976832673800367,synthetic_manning_scenario,0.0,0.06970856583053656,0.0,0.0,0.0
030_060,rajendra_nagar_heavy_rain_demo,30,60,1800,RN_DNODE_00030,0.0,0.12723324562335805,0.12723324562335805,RN_DRAIN_00282,0.6385097114211645,synthetic_manning_scenario,0.0,0.12723324562335805,0.0,0.0,0.0
030_060,rajendra_nagar_heavy_rain_demo,30,60,1800,RN_DNODE_00167,0.0,0.03484430030503481,0.03484430030503481,RN_DRAIN_00299,0.30262734913588674,synthetic_manning_scenario,0.0,0.03484430030503481,0.0,0.0,0.0
030_060,rajendra_nagar_heavy_rain_demo,30,60,1800,RN_DNODE_00083,0.0,0.254502942542586,0.254502942542586,RN_DRAIN_00422,0.8950470007614398,synthetic_manning_scenario,0.0,0.254502942542586,0.0,0.0,0.0
030_060,rajendra_nagar_heavy_rain_demo,30,60,1800,RN_DNODE_00520,0.0469062508477105,0.25221896066994687,0.29912521151765736,RN_DRAIN_00354,0.8904712544361131,synthetic_manning_scenario,0.0,0.29912521151765736,0.0,0.0,0.0
030_060,rajendra_nagar_heavy_rain_demo,30,60,1800,RN_DNODE_00130,0.0,0.02637752433631995,0.02637752433631995,RN_DRAIN_00462,0.1272696969192279,synthetic_manning_scenario,0.0,0.02637752433631995,0.0,0.0,0.0
030_060,rajendra_nagar_heavy_rain_demo,30,60,1800,RN_DNODE_00374,0.0,0.35627993974522987,0.35627993974522987,RN_DRAIN_00475,1.3110899309156265,synthetic_manning_scenario,0.0,0.35627993974522987,0.0,0.0,0.0
030_060,rajendra_nagar_heavy_rain_demo,30,60,1800,RN_DNODE_00273,0.04809375074174669,0.3926759494623594,0.4407697002041061,RN_DRAIN_00500,0.3882542420713991,synthetic_manning_scenario,0.0,0.3882542420713991,0.05251545813270703,0.0,94.52782463887264
030_060,rajendra_nagar_heavy_rain_demo,30,60,1800,RN_DNODE_00049,0.010093750423855252,0.12212555284816631,0.13221930327202155,RN_DRAIN_00105,0.1272696969192279,synthetic_manning_scenario,0.0,0.1272696969192279,0.004949606352793651,0.0,8.909291435028571
030_060,rajendra_nagar_heavy_rain_demo,30,60,1800,RN_DNODE_00360,0.030281249152289497,0.17571061330580878,0.20599186245809828,RN_DRAIN_00144,0.10887560820568472,synthetic_manning_scenario,0.0,0.10887560820568472,0.09711625425241356,0.0,174.8092576543444
030_060,rajendra_nagar_heavy_rain_demo,30,60,1800,RN_DNODE_00460,0.030875000423855253,0.12628180115274532,0.15715680157660056,RN_DRAIN_00077,0.1272696969192279,synthetic_manning_scenario,0.0,0.1272696969192279,0.029887104657372654,0.0,53.79678838327078
030_060,rajendra_nagar_heavy_rain_demo,30,60,1800,RN_DNODE_00515,0.0,0.06970856583053656,0.06970856583053656,RN_DRAIN_00264,0.25964530282323023,synthetic_manning_scenario,0.0,0.06970856583053656,0.0,0.0,0.0
030_060,rajendra_nagar_heavy_rain_demo,30,60,1800,RN_DNODE_00037,0.0,0.12723324562335805,0.12723324562335805,RN_DRAIN_00283,0.4789095248259892,synthetic_manning_scenario,0.0,0.12723324562335805,0.0,0.0,0.0
030_060,rajendra_nagar_heavy_rain_demo,30,60,1800,RN_DNODE_00192,0.0,0.03484430030503481,0.03484430030503481,RN_DRAIN_00300,0.12619378157464736,synthetic_manning_scenario,0.0,0.03484430030503481,0.0,0.0,0.0
030_060,rajendra_nagar_heavy_rain_demo,30,60,1800,RN_DNODE_00092,0.0,0.254502942542586,0.254502942542586,RN_DRAIN_00423,0.30124813859248456,synthetic_manning_scenario,0.0,0.254502942542586,0.0,0.0,0.0
030_060,rajendra_nagar_heavy_rain_demo,30,60,1800,RN_DNODE_00510,0.0,0.5125339879732536,0.5125339879732536,RN_DRAIN_00347,0.30124813859248456,synthetic_manning_scenario,0.0,0.30124813859248456,0.211285849380769,0.0,380.3145288853842
030_060,rajendra_nagar_heavy_rain_demo,30,60,1800,RN_DNODE_00368,0.0,0.35627993974522987,0.35627993974522987,RN_DRAIN_00465,1.8547357326579403,synthetic_manning_scenario,0.0,0.35627993974522987,0.0,0.0,0.0
030_060,rajendra_nagar_heavy_rain_demo,30,60,1800,RN_DNODE_00265,0.0,0.3882542420713991,0.3882542420713991,RN_DRAIN_00491,0.6913117801679162,synthetic_manning_scenario,0.0,0.3882542420713991,0.0,0.0,0.0
030_060,rajendra_nagar_heavy_rain_demo,30,60,1800,RN_DNODE_00058,0.0,0.2545393938384558,0.2545393938384558,RN_DRAIN_00083,0.30107555299333355,synthetic_manning_scenario,0.0,0.2545393938384558,0.0,0.0,0.0
030_060,rajendra_nagar_heavy_rain_demo,30,60,1800,RN_DNODE_00353,0.039187499152289494,0.10887560820568472,0.1480631073579742,RN_DRAIN_00143,0.03485428291526828,synthetic_manning_scenario,0.0,0.03485428291526828,0.11320882444270593,0.0,203.77588399687068
030_060,rajendra_nagar_heavy_rain_demo,30,60,1800,RN_DNODE_00461,0.030281251271565755,0.1272696969192279,0.15755094819079365,RN_DRAIN_00070,0.3887914862481728,synthetic_manning_scenario,0.0,0.15755094819079365,0.0,0.0,0.0
030_060,rajendra_nagar_heavy_rain_demo,30,60,1800,RN_DNODE_00514,0.0,0.06970856583053656,0.06970856583053656,RN_DRAIN_00279,0.12719678388149364,synthetic_manning_scenario,0.0,0.06970856583053656,0.0,0.0,0.0
030_060,rajendra_nagar_heavy_rain_demo,30,60,1800,RN_DNODE_00046,0.0,0.12723324562335805,0.12723324562335805,RN_DRAIN_00271,0.3989314278310482,synthetic_manning_scenario,0.0,0.12723324562335805,0.0,0.0,0.0
030_060,rajendra_nagar_heavy_rain_demo,30,60,1800,RN_DNODE_00101,0.0,0.254502942542586,0.254502942542586,RN_DRAIN_00424,0.4805520220810709,synthetic_manning_scenario,0.0,0.254502942542586,0.0,0.0,0.0
030_060,rajendra_nagar_heavy_rain_demo,30,60,1800,RN_DNODE_00362,0.16625000211927626,0.35627993974522987,0.5225299418645062,RN_DRAIN_00455,0.3425817481644578,synthetic_manning_scenario,0.0,0.3425817481644578,0.1799481937000484,0.0,323.9067486600871
030_060,rajendra_nagar_heavy_rain_demo,30,60,1800,RN_DNODE_00255,0.0,0.3983479924952543,0.3983479924952543,RN_DRAIN_00490,0.1655419763093995,synthetic_manning_scenario,0.0,0.1655419763093995,0.2328060161858548,0.0,419.0508291345387
030_060,rajendra_nagar_heavy_rain_demo,30,60,1800,RN_DNODE_00067,0.0,0.2848206451100216,0.2848206451100216,RN_DRAIN_00084,0.30124813859248456,synthetic_manning_scenario,0.0,0.2848206451100216,0.0,0.0,0.0
030_060,rajendra_nagar_heavy_rain_demo,30,60,1800,RN_DNODE_00344,0.09084374957614474,0.03485428291526828,0.12569803249141304,RN_DRAIN_00142,0.10542103561186149,synthetic_manning_scenario,0.0,0.10542103561186149,0.020276996879551548,0.0,36.49859438319279
030_060,rajendra_nagar_heavy_rain_demo,30,60,1800,RN_DNODE_00462,0.029093750847710504,0.15755094819079365,0.18664469903850417,RN_DRAIN_00061,0.27705159099154153,synthetic_manning_scenario,0.0,0.18664469903850417,0.0,0.0,0.0
030_060,rajendra_nagar_heavy_rain_demo,30,60,1800,RN_DNODE_00513,0.0,0.06970856583053656,0.06970856583053656,RN_DRAIN_00293,0.1272696969192279,synthetic_manning_scenario,0.0,0.06970856583053656,0.0,0.0,0.0
030_060,rajendra_nagar_heavy_rain_demo,30,60,1800,RN_DNODE_00055,0.0,0.12723324562335805,0.12723324562335805,RN_DRAIN_00258,0.6419583207023042,synthetic_manning_scenario,0.0,0.12723324562335805,0.0,0.0,0.0
030_060,rajendra_nagar_heavy_rain_demo,30,60,1800,RN_DNODE_00110,0.0,0.254502942542586,0.254502942542586,RN_DRAIN_00435,2.759346514317241,synthetic_manning_scenario,0.0,0.254502942542586,0.0,0.0,0.0
030_060,rajendra_nagar_heavy_rain_demo,30,60,1800,RN_DNODE_00356,0.049281251695421004,0.3425817481644578,0.3918629998598788,RN_DRAIN_00454,1.4082442328435159,synthetic_manning_scenario,0.0,0.3918629998598788,0.0,0.0,0.0
030_060,rajendra_nagar_heavy_rain_demo,30,60,1800,RN_DNODE_00234,0.108062498304579,0.1655419763093995,0.2736044746139785,RN_DRAIN_00489,0.5313346491245258,synthetic_manning_scenario,0.0,0.2736044746139785,0.0,0.0,0.0
030_060,rajendra_nagar_heavy_rain_demo,30,60,1800,RN_DNODE_00072,0.0,0.2848206451100216,0.2848206451100216,RN_DRAIN_00085,0.30124813859248456,synthetic_manning_scenario,0.0,0.2848206451100216,0.0,0.0,0.0
030_060,rajendra_nagar_heavy_rain_demo,30,60,1800,RN_DNODE_00333,0.032062498728434245,0.10542103561186149,0.13748353434029573,RN_DRAIN_00131,0.22781081406408252,synthetic_manning_scenario,0.0,0.13748353434029573,0.0,0.0,0.0
030_060,rajendra_nagar_heavy_rain_demo,30,60,1800,RN_DNODE_00463,0.21671875211927627,0.18664469903850417,0.40336345115778044,RN_DRAIN_00052,0.1272696969192279,synthetic_manning_scenario,0.0,0.1272696969192279,0.27609375423855254,0.0,496.9687576293946
030_060,rajendra_nagar_heavy_rain_demo,30,60,1800,RN_DNODE_00512,0.0,0.06970856583053656,0.06970856583053656,RN_DRAIN_00312,0.1272696969192279,synthetic_manning_scenario,0.0,0.06970856583053656,0.0,0.0,0.0
030_060,rajendra_nagar_heavy_rain_demo,30,60,1800,RN_DNODE_00064,0.0,0.12723324562335805,0.12723324562335805,RN_DRAIN_00259,0.12723324562335805,synthetic_manning_scenario,0.0,0.12723324562335805,0.0,0.0,0.0
030_060,rajendra_nagar_heavy_rain_demo,30,60,1800,RN_DNODE_00120,0.0,0.254502942542586,0.254502942542586,RN_DRAIN_00449,2.5437721438672827,synthetic_manning_scenario,0.0,0.254502942542586,0.0,0.0,0.0
030_060,rajendra_nagar_heavy_rain_demo,30,60,1800,RN_DNODE_00348,0.030875000423855253,0.3918629998598788,0.4227380002837341,RN_DRAIN_00444,1.036783363348529,synthetic_manning_scenario,0.0,0.4227380002837341,0.0,0.0,0.0
030_060,rajendra_nagar_heavy_rain_demo,30,60,1800,RN_DNODE_00207,0.058781250847710506,0.2736044746139785,0.33238572546168904,RN_DRAIN_00488,0.9868943284982327,synthetic_manning_scenario,0.0,0.33238572546168904,0.0,0.0,0.0
030_060,rajendra_nagar_heavy_rain_demo,30,60,1800,RN_DNODE_00079,0.1662500031789144,0.2848206451100216,0.45107064828893595,RN_DRAIN_00086,0.30124813859248456,synthetic_manning_scenario,0.0,0.30124813859248456,0.1498225096964514,0.0,269.6805174536125
030_060,rajendra_nagar_heavy_rain_demo,30,60,1800,RN_DNODE_00464,0.03146874957614475,0.1272696969192279,0.15873844649537266,RN_DRAIN_00044,0.642398926061122,synthetic_manning_scenario,0.0,0.15873844649537266,0.0,0.0,0.0
030_060,rajendra_nagar_heavy_rain_demo,30,60,1800,RN_DNODE_00502,0.0,0.3709567044230211,0.3709567044230211,RN_DRAIN_00332,0.30107555299333355,synthetic_manning_scenario,0.0,0.30107555299333355,0.06988115142968754,0.0,125.78607257343756
030_060,rajendra_nagar_heavy_rain_demo,30,60,1800,RN_DNODE_00070,0.0,0.12723324562335805,0.12723324562335805,RN_DRAIN_00243,0.12723324562335805,synthetic_manning_scenario,0.0,0.12723324562335805,0.0,0.0,0.0
030_060,rajendra_nagar_heavy_rain_demo,30,60,1800,RN_DNODE_00341,0.08668750127156576,0.4227380002837341,0.5094255015552999,RN_DRAIN_00443,0.5674438686929558,synthetic_manning_scenario,0.0,0.5094255015552999,0.0,0.0,0.0
030_060,rajendra_nagar_heavy_rain_demo,30,60,1800,RN_DNODE_00181,0.019000000423855253,0.33238572546168904,0.3513857258855443,RN_DRAIN_00487,1.2167317531808846,synthetic_manning_scenario,0.0,0.3513857258855443,0.0,0.0,0.0
030_060,rajendra_nagar_heavy_rain_demo,30,60,1800,RN_DNODE_00088,0.4453125042385525,0.30124813859248456,0.7465606428310371,RN_DRAIN_00087,2.002281704829388,synthetic_manning_scenario,0.0,0.7465606428310371,0.0,0.0,0.0
030_060,rajendra_nagar_heavy_rain_demo,30,60,1800,RN_DNODE_00465,0.036812500423855254,0.15873844649537266,0.19555094691922792,RN_DRAIN_00036,0.5725232749926845,synthetic_manning_scenario,0.0,0.19555094691922792,0.0,0.0,0.0
030_060,rajendra_nagar_heavy_rain_demo,30,60,1800,RN_DNODE_00498,0.0,0.30107555299333355,0.30107555299333355,RN_DRAIN_00331,0.30124813859248456,synthetic_manning_scenario,0.0,0.30107555299333355,0.0,0.0,0.0
030_060,rajendra_nagar_heavy_rain_demo,30,60,1800,RN_DNODE_00077,0.0,0.12723324562335805,0.12723324562335805,RN_DRAIN_00222,0.1272696969192279,synthetic_manning_scenario,0.0,0.12723324562335805,0.0,0.0,0.0
030_060,rajendra_nagar_heavy_rain_demo,30,60,1800,RN_DNODE_00330,0.010093750423855252,0.5358030258916198,0.5458967763154751,RN_DRAIN_00442,0.30124813859248456,synthetic_manning_scenario,0.0,0.30124813859248456,0.2446486377229905,0.0,440.3675479013829
030_060,rajendra_nagar_heavy_rain_demo,30,60,1800,RN_DNODE_00159,0.0,0.3513857258855443,0.3513857258855443,RN_DRAIN_00473,0.5368494949865811,synthetic_manning_scenario,0.0,0.3513857258855443,0.0,0.0,0.0
030_060,rajendra_nagar_heavy_rain_demo,30,60,1800,RN_DNODE_00097,0.010093750423855252,0.7465606428310371,0.7566543932548924,RN_DRAIN_00088,1.878999507826128,synthetic_manning_scenario,0.0,0.7566543932548924,0.0,0.0,0.0
030_060,rajendra_nagar_heavy_rain_demo,30,60,1800,RN_DNODE_00466,0.03146874957614475,0.19555094691922792,0.22701969649537268,RN_DRAIN_00029,0.12723324562335805,synthetic_manning_scenario,0.0,0.12723324562335805,0.09978645087201463,0.0,179.61561156962634
030_060,rajendra_nagar_heavy_rain_demo,30,60,1800,RN_DNODE_00497,0.0,0.30107555299333355,0.30107555299333355,RN_DRAIN_00330,0.30124813859248456,synthetic_manning_scenario,0.0,0.30107555299333355,0.0,0.0,0.0
030_060,rajendra_nagar_heavy_rain_demo,30,60,1800,RN_DNODE_00086,0.0,0.12723324562335805,0.12723324562335805,RN_DRAIN_00223,0.1272696969192279,synthetic_manning_scenario,0.0,0.12723324562335805,0.0,0.0,0.0
030_060,rajendra_nagar_heavy_rain_demo,30,60,1800,RN_DNODE_00314,0.040375001695421006,0.30124813859248456,0.3416231402879056,RN_DRAIN_00441,0.30116185815577506,synthetic_manning_scenario,0.0,0.30116185815577506,0.040461282132130516,0.0,72.83030783783492
030_060,rajendra_nagar_heavy_rain_demo,30,60,1800,RN_DNODE_00143,0.0,0.3513857258855443,0.3513857258855443,RN_DRAIN_00463,0.09631698738212754,synthetic_manning_scenario,0.0,0.09631698738212754,0.2550687385034167,0.0,459.1237293061501
030_060,rajendra_nagar_heavy_rain_demo,30,60,1800,RN_DNODE_00105,0.083125,0.7566543932548924,0.8397793932548924,RN_DRAIN_00089,1.8362178351593588,synthetic_manning_scenario,0.0,0.8397793932548924,0.0,0.0,0.0
030_060,rajendra_nagar_heavy_rain_demo,30,60,1800,RN_DNODE_00456,0.15021874957614476,0.16208752853862635,0.3123062781147711,RN_DRAIN_00016,0.12723324562335805,synthetic_manning_scenario,0.0,0.12723324562335805,0.18507303249141302,0.0,333.13145848454343
030_060,rajendra_nagar_heavy_rain_demo,30,60,1800,RN_DNODE_00496,0.0,0.30107555299333355,0.30107555299333355,RN_DRAIN_00329,0.30124813859248456,synthetic_manning_scenario,0.0,0.30107555299333355,0.0,0.0,0.0
030_060,rajendra_nagar_heavy_rain_demo,30,60,1800,RN_DNODE_00095,0.0,0.12723324562335805,0.12723324562335805,RN_DRAIN_00224,0.5514010831518042,synthetic_manning_scenario,0.0,0.12723324562335805,0.0,0.0,0.0
030_060,rajendra_nagar_heavy_rain_demo,30,60,1800,RN_DNODE_00296,0.1062812508477105,0.32134935900348555,0.42763060985119605,RN_DRAIN_00428,0.30116185815577506,synthetic_manning_scenario,0.0,0.30116185815577506,0.126468751695421,0.0,227.64375305175778
030_060,rajendra_nagar_heavy_rain_demo,30,60,1800,RN_DNODE_00131,0.0,0.37719745426103346,0.37719745426103346,RN_DRAIN_00450,0.30116185815577506,synthetic_manning_scenario,0.0,0.30116185815577506,0.0760355961052584,0.0,136.86407298946511
030_060,rajendra_nagar_heavy_rain_demo,30,60,1800,RN_DNODE_00115,0.0480937491522895,0.8587793936787477,0.9068731428310371,RN_DRAIN_00090,2.0143420369081957,synthetic_manning_scenario,0.0,0.9068731428310371,0.0,0.0,0.0
030_060,rajendra_nagar_heavy_rain_demo,30,60,1800,RN_DNODE_00449,0.0718437491522895,0.12723324562335805,0.19907699477564755,RN_DRAIN_00011,0.41271576218229383,synthetic_manning_scenario,0.0,0.19907699477564755,0.0,0.0,0.0
030_060,rajendra_nagar_heavy_rain_demo,30,60,1800,RN_DNODE_00493,1.1358437559339736,0.30107555299333355,1.4369193089273071,RN_DRAIN_00328,1.73635575785819,synthetic_manning_scenario,0.0,1.4369193089273071,0.0,0.0,0.0
030_060,rajendra_nagar_heavy_rain_demo,30,60,1800,RN_DNODE_00103,0.0,0.12723324562335805,0.12723324562335805,RN_DRAIN_00225,0.47636516340908275,synthetic_manning_scenario,0.0,0.12723324562335805,0.0,0.0,0.0
030_060,rajendra_nagar_heavy_rain_demo,30,60,1800,RN_DNODE_00285,0.07481250127156576,0.32134935900348555,0.3961618602750513,RN_DRAIN_00417,0.30116185815577506,synthetic_manning_scenario,0.0,0.30116185815577506,0.09500000211927623,0.0,171.0000038146972
030_060,rajendra_nagar_heavy_rain_demo,30,60,1800,RN_DNODE_00145,0.0,0.30116185815577506,0.30116185815577506,RN_DRAIN_00438,0.30116185815577506,synthetic_manning_scenario,0.0,0.30116185815577506,0.0,0.0,0.0
030_060,rajendra_nagar_heavy_rain_demo,30,60,1800,RN_DNODE_00127,0.0,0.9068731428310371,0.9068731428310371,RN_DRAIN_00091,1.8440278673135078,synthetic_manning_scenario,0.0,0.9068731428310371,0.0,0.0,0.0
030_060,rajendra_nagar_heavy_rain_demo,30,60,1800,RN_DNODE_00450,0.010093750423855252,0.19907699477564755,0.2091707451995028,RN_DRAIN_00006,0.09631698738212754,synthetic_manning_scenario,0.0,0.09631698738212754,0.11285375781737525,0.0,203.13676407127545
030_060,rajendra_nagar_heavy_rain_demo,30,60,1800,RN_DNODE_00489,0.05046875211927626,1.4369193089273071,1.4873880610465835,RN_DRAIN_00327,0.5266848835674651,synthetic_manning_scenario,0.0,0.5266848835674651,0.9607031774791184,0.0,1729.265719462413
030_060,rajendra_nagar_heavy_rain_demo,30,60,1800,RN_DNODE_00112,0.658468746609158,0.12723324562335805,0.785701992232516,RN_DRAIN_00226,0.2262936821084416,synthetic_manning_scenario,0.0,0.2262936821084416,0.5594083101240744,0.0,1006.934958223334
030_060,rajendra_nagar_heavy_rain_demo,30,60,1800,RN_DNODE_00279,0.040968750847710504,0.30116185815577506,0.3421306090034856,RN_DRAIN_00409,0.30124813859248456,synthetic_manning_scenario,0.0,0.30124813859248456,0.040882470411001015,0.0,73.58844673980182
030_060,rajendra_nagar_heavy_rain_demo,30,60,1800,RN_DNODE_00163,0.0,0.30116185815577506,0.30116185815577506,RN_DRAIN_00426,0.30124813859248456,synthetic_manning_scenario,0.0,0.30116185815577506,0.0,0.0,0.0
030_060,rajendra_nagar_heavy_rain_demo,30,60,1800,RN_DNODE_00138,0.0,0.9068731428310371,0.9068731428310371,RN_DRAIN_00110,2.117775746980934,synthetic_manning_scenario,0.0,0.9068731428310371,0.0,0.0,0.0
030_060,rajendra_nagar_heavy_rain_demo,30,60,1800,RN_DNODE_00443,0.0,0.09631698738212754,0.09631698738212754,,,,,0.0,0.0,0.09631698738212754,0.0
030_060,rajendra_nagar_heavy_rain_demo,30,60,1800,RN_DNODE_00485,0.0,0.5266848835674651,0.5266848835674651,RN_DRAIN_00326,0.30124813859248456,synthetic_manning_scenario,0.0,0.30124813859248456,0.22543674497498056,0.0,405.786140954965
030_060,rajendra_nagar_heavy_rain_demo,30,60,1800,RN_DNODE_00123,0.0,0.2262936821084416,0.2262936821084416,RN_DRAIN_00227,0.19248944506420465,synthetic_manning_scenario,0.0,0.19248944506420465,0.03380423704423696,0.0,60.84762667962653
030_060,rajendra_nagar_heavy_rain_demo,30,60,1800,RN_DNODE_00274,0.030875000423855253,0.30124813859248456,0.33212313901633983,RN_DRAIN_00408,0.3305358790663851,synthetic_manning_scenario,0.0,0.3305358790663851,0.0015872599499547335,0.0,2.8570679099185203
030_060,rajendra_nagar_heavy_rain_demo,30,60,1800,RN_DNODE_00164,0.0,0.30116185815577506,0.30116185815577506,RN_DRAIN_00415,0.30124813859248456,synthetic_manning_scenario,0.0,0.30116185815577506,0.0,0.0,0.0
030_060,rajendra_nagar_heavy_rain_demo,30,60,1800,RN_DNODE_00155,0.0,0.9068731428310371,0.9068731428310371,RN_DRAIN_00125,2.013400004775711,synthetic_manning_scenario,0.0,0.9068731428310371,0.0,0.0,0.0
030_060,rajendra_nagar_heavy_rain_demo,30,60,1800,RN_DNODE_00476,0.0,0.30124813859248456,0.30124813859248456,RN_DRAIN_00325,0.30124813859248456,synthetic_manning_scenario,0.0,0.30124813859248456,0.0,0.0,0.0
030_060,rajendra_nagar_heavy_rain_demo,30,60,1800,RN_DNODE_00134,0.0,0.19248944506420465,0.19248944506420465,RN_DRAIN_00228,0.5704535696123435,synthetic_manning_scenario,0.0,0.19248944506420465,0.0,0.0,0.0
030_060,rajendra_nagar_heavy_rain_demo,30,60,1800,RN_DNODE_00266,0.06115625169542101,0.3305358790663851,0.3916921307618061,RN_DRAIN_00407,1.4328865124290238,synthetic_manning_scenario,0.0,0.3916921307618061,0.0,0.0,0.0
030_060,rajendra_nagar_heavy_rain_demo,30,60,1800,RN_DNODE_00165,0.0,0.30116185815577506,0.30116185815577506,RN_DRAIN_00402,0.30116185815577506,synthetic_manning_scenario,0.0,0.30116185815577506,0.0,0.0,0.0
030_060,rajendra_nagar_heavy_rain_demo,30,60,1800,RN_DNODE_00176,0.0,0.9068731428310371,0.9068731428310371,RN_DRAIN_00126,0.22798288882636691,synthetic_manning_scenario,0.0,0.22798288882636691,0.6788902540046702,0.0,1222.0024572084062
030_060,rajendra_nagar_heavy_rain_demo,30,60,1800,RN_DNODE_00470,0.26600000593397355,0.30124813859248456,0.5672481445264581,RN_DRAIN_00324,0.9125867707273617,synthetic_manning_scenario,0.0,0.5672481445264581,0.0,0.0,0.0
030_060,rajendra_nagar_heavy_rain_demo,30,60,1800,RN_DNODE_00150,0.0,0.22158319591191517,0.22158319591191517,RN_DRAIN_00212,1.1484321568452578,synthetic_manning_scenario,0.0,0.22158319591191517,0.0,0.0,0.0
030_060,rajendra_nagar_heavy_rain_demo,30,60,1800,RN_DNODE_00257,0.0,0.3916921307618061,0.3916921307618061,RN_DRAIN_00392,3.3929032105727823,synthetic_manning_scenario,0.0,0.3916921307618061,0.0,0.0,0.0
030_060,rajendra_nagar_heavy_rain_demo,30,60,1800,RN_DNODE_00187,0.0,0.30116185815577506,0.30116185815577506,RN_DRAIN_00389,0.30116185815577506,synthetic_manning_scenario,0.0,0.30116185815577506,0.0,0.0,0.0
030_060,rajendra_nagar_heavy_rain_demo,30,60,1800,RN_DNODE_00202,0.0,0.22798288882636691,0.22798288882636691,RN_DRAIN_00127,0.22798288882636691,synthetic_manning_scenario,0.0,0.22798288882636691,0.0,0.0,0.0
030_060,rajendra_nagar_heavy_rain_demo,30,60,1800,RN_DNODE_00459,0.0,0.5672481445264581,0.5672481445264581,RN_DRAIN_00311,0.30124813859248456,synthetic_manning_scenario,0.0,0.30124813859248456,0.26600000593397355,0.0,478.8000106811524
030_060,rajendra_nagar_heavy_rain_demo,30,60,1800,RN_DNODE_00169,0.0,0.22158319591191517,0.22158319591191517,RN_DRAIN_00213,0.8428809574038368,synthetic_manning_scenario,0.0,0.22158319591191517,0.0,0.0,0.0
030_060,rajendra_nagar_heavy_rain_demo,30,60,1800,RN_DNODE_00236,0.0,0.3916921307618061,0.3916921307618061,RN_DRAIN_00391,2.681528497041292,synthetic_manning_scenario,0.0,0.3916921307618061,0.0,0.0,0.0
030_060,rajendra_nagar_heavy_rain_demo,30,60,1800,RN_DNODE_00455,0.0,0.30124813859248456,0.30124813859248456,RN_DRAIN_00310,0.30124813859248456,synthetic_manning_scenario,0.0,0.30124813859248456,0.0,0.0,0.0
030_060,rajendra_nagar_heavy_rain_demo,30,60,1800,RN_DNODE_00210,0.0,0.6928539889175811,0.6928539889175811,RN_DRAIN_00381,0.6932713877368187,synthetic_manning_scenario,0.0,0.6928539889175811,0.0,0.0,0.0
030_060,rajendra_nagar_heavy_rain_demo,30,60,1800,RN_DNODE_00447,0.20306250254313152,0.3276256629288045,0.530688165471936,RN_DRAIN_00309,0.30116185815577506,synthetic_manning_scenario,0.0,0.30116185815577506,0.22952630731616092,0.0,413.1473531690896
030_060,rajendra_nagar_heavy_rain_demo,30,60,1800,RN_DNODE_00211,0.0,0.6928539889175811,0.6928539889175811,RN_DRAIN_00372,0.6932713877368187,synthetic_manning_scenario,0.0,0.6928539889175811,0.0,0.0,0.0
030_060,rajendra_nagar_heavy_rain_demo,30,60,1800,RN_DNODE_00439,0.010093750423855252,0.8497210219936264,0.8598147724174817,RN_DRAIN_00323,0.30124813859248456,synthetic_manning_scenario,0.0,0.30124813859248456,0.5585666338249972,0.0,1005.4199408849948
030_060,rajendra_nagar_heavy_rain_demo,30,60,1800,RN_DNODE_00212,0.0,0.6928539889175811,0.6928539889175811,RN_DRAIN_00365,0.6932713877368187,synthetic_manning_scenario,0.0,0.6928539889175811,0.0,0.0,0.0
030_060,rajendra_nagar_heavy_rain_demo,30,60,1800,RN_DNODE_00435,0.058781250847710506,0.32143563944019504,0.38021689028790556,RN_DRAIN_00322,0.30124813859248456,synthetic_manning_scenario,0.0,0.30124813859248456,0.078968751695421,0.0,142.1437530517578
030_060,rajendra_nagar_heavy_rain_demo,30,60,1800,RN_DNODE_00213,0.0,0.6928539889175811,0.6928539889175811,RN_DRAIN_00357,0.6932713877368187,synthetic_manning_scenario,0.0,0.6928539889175811,0.0,0.0,0.0
030_060,rajendra_nagar_heavy_rain_demo,30,60,1800,RN_DNODE_00429,0.0,0.30124813859248456,0.30124813859248456,RN_DRAIN_00321,0.30116185815577506,synthetic_manning_scenario,0.0,0.30116185815577506,8.628043670949603e-05,0.0,0.15530478607709286
030_060,rajendra_nagar_heavy_rain_demo,30,60,1800,RN_DNODE_00214,0.0,0.6928539889175811,0.6928539889175811,RN_DRAIN_00350,0.6932713877368187,synthetic_manning_scenario,0.0,0.6928539889175811,0.0,0.0,0.0
030_060,rajendra_nagar_heavy_rain_demo,30,60,1800,RN_DNODE_00422,0.0,0.3201618585796303,0.3201618585796303,RN_DRAIN_00343,0.30124813859248456,synthetic_manning_scenario,0.0,0.30124813859248456,0.01891371998714575,0.0,34.04469597686235
030_060,rajendra_nagar_heavy_rain_demo,30,60,1800,RN_DNODE_00215,0.0,0.6928539889175811,0.6928539889175811,RN_DRAIN_00337,0.6928742113147971,synthetic_manning_scenario,0.0,0.6928539889175811,0.0,0.0,0.0
030_060,rajendra_nagar_heavy_rain_demo,30,60,1800,RN_DNODE_00413,0.0,0.30124813859248456,0.30124813859248456,RN_DRAIN_00342,0.30107555299333355,synthetic_manning_scenario,0.0,0.30107555299333355,0.00017258559915100946,0.0,0.31065407847181703
030_060,rajendra_nagar_heavy_rain_demo,30,60,1800,RN_DNODE_00216,0.0,0.6928539889175811,0.6928539889175811,RN_DRAIN_00316,0.6932713877368187,synthetic_manning_scenario,0.0,0.6928539889175811,0.0,0.0,0.0
030_060,rajendra_nagar_heavy_rain_demo,30,60,1800,RN_DNODE_00406,0.0,0.30107555299333355,0.30107555299333355,RN_DRAIN_00341,0.30124813859248456,synthetic_manning_scenario,0.0,0.30107555299333355,0.0,0.0,0.0
030_060,rajendra_nagar_heavy_rain_demo,30,60,1800,RN_DNODE_00217,0.0,0.6928539889175811,0.6928539889175811,RN_DRAIN_00301,0.6932713877368187,synthetic_manning_scenario,0.0,0.6928539889175811,0.0,0.0,0.0
030_060,rajendra_nagar_heavy_rain_demo,30,60,1800,RN_DNODE_00394,0.0,0.30107555299333355,0.30107555299333355,RN_DRAIN_00320,0.30124813859248456,synthetic_manning_scenario,0.0,0.30107555299333355,0.0,0.0,0.0
030_060,rajendra_nagar_heavy_rain_demo,30,60,1800,RN_DNODE_00218,0.0,0.7276982892226159,0.7276982892226159,RN_DRAIN_00286,0.6932713877368187,synthetic_manning_scenario,0.0,0.6932713877368187,0.03442690148579719,0.0,61.96842267443494
030_060,rajendra_nagar_heavy_rain_demo,30,60,1800,RN_DNODE_00384,0.0,0.3274530773296535,0.3274530773296535,RN_DRAIN_00319,0.30116185815577506,synthetic_manning_scenario,0.0,0.30116185815577506,0.026291219173878444,0.0,47.3241945129812
030_060,rajendra_nagar_heavy_rain_demo,30,60,1800,RN_DNODE_00219,0.0,0.6932713877368187,0.6932713877368187,RN_DRAIN_00274,0.6932713877368187,synthetic_manning_scenario,0.0,0.6932713877368187,0.0,0.0,0.0
030_060,rajendra_nagar_heavy_rain_demo,30,60,1800,RN_DNODE_00376,0.0,0.35620364191875387,0.35620364191875387,RN_DRAIN_00304,0.30116185815577506,synthetic_manning_scenario,0.0,0.30116185815577506,0.0550417837629788,0.0,99.07521077336185
030_060,rajendra_nagar_heavy_rain_demo,30,60,1800,RN_DNODE_00220,0.0,0.6932713877368187,0.6932713877368187,RN_DRAIN_00260,0.6932713877368187,synthetic_manning_scenario,0.0,0.6932713877368187,0.0,0.0,0.0
030_060,rajendra_nagar_heavy_rain_demo,30,60,1800,RN_DNODE_00371,0.0,0.30116185815577506,0.30116185815577506,RN_DRAIN_00289,0.30116185815577506,synthetic_manning_scenario,0.0,0.30116185815577506,0.0,0.0,0.0
030_060,rajendra_nagar_heavy_rain_demo,30,60,1800,RN_DNODE_00221,0.0,0.6932713877368187,0.6932713877368187,RN_DRAIN_00247,0.6930728279768428,synthetic_manning_scenario,0.0,0.6930728279768428,0.0001985597599759581,0.0,0.35740756795672457
030_060,rajendra_nagar_heavy_rain_demo,30,60,1800,RN_DNODE_00364,1.0212500148349337,0.30116185815577506,1.3224118729907088,RN_DRAIN_00277,0.30116185815577506,synthetic_manning_scenario,0.0,0.30116185815577506,1.0212500148349337,0.0,1838.2500267028806
030_060,rajendra_nagar_heavy_rain_demo,30,60,1800,RN_DNODE_00194,0.0,0.6930728279768428,0.6930728279768428,RN_DRAIN_00231,0.6932713877368187,synthetic_manning_scenario,0.0,0.6930728279768428,0.0,0.0,0.0
030_060,rajendra_nagar_heavy_rain_demo,30,60,1800,RN_DNODE_00358,0.0,0.30116185815577506,0.30116185815577506,RN_DRAIN_00263,0.30124813859248456,synthetic_manning_scenario,0.0,0.30116185815577506,0.0,0.0,0.0
030_060,rajendra_nagar_heavy_rain_demo,30,60,1800,RN_DNODE_00195,0.0,0.6930728279768428,0.6930728279768428,RN_DRAIN_00214,0.6932713877368187,synthetic_manning_scenario,0.0,0.6930728279768428,0.0,0.0,0.0
030_060,rajendra_nagar_heavy_rain_demo,30,60,1800,RN_DNODE_00350,0.0,0.30116185815577506,0.30116185815577506,RN_DRAIN_00249,0.30116185815577506,synthetic_manning_scenario,0.0,0.30116185815577506,0.0,0.0,0.0
030_060,rajendra_nagar_heavy_rain_demo,30,60,1800,RN_DNODE_00196,0.0,0.914656023888758,0.914656023888758,RN_DRAIN_00204,0.6932713877368187,synthetic_manning_scenario,0.0,0.6932713877368187,0.22138463615193926,0.0,398.4923450734907
030_060,rajendra_nagar_heavy_rain_demo,30,60,1800,RN_DNODE_00343,0.0,0.39122864792275425,0.39122864792275425,RN_DRAIN_00234,0.30116185815577506,synthetic_manning_scenario,0.0,0.30116185815577506,0.09006678976697918,0.0,162.12022158056254
030_060,rajendra_nagar_heavy_rain_demo,30,60,1800,RN_DNODE_00197,3.0014062637752956,0.7170213885315473,3.718427652306843,RN_DRAIN_00191,0.6928742113147971,synthetic_manning_scenario,0.0,0.6928742113147971,3.025553440992046,0.0,5445.996193785682
030_060,rajendra_nagar_heavy_rain_demo,30,60,1800,RN_DNODE_00332,0.0,0.30116185815577506,0.30116185815577506,RN_DRAIN_00217,0.30116185815577506,synthetic_manning_scenario,0.0,0.30116185815577506,0.0,0.0,0.0
030_060,rajendra_nagar_heavy_rain_demo,30,60,1800,RN_DNODE_00198,0.0,0.6928742113147971,0.6928742113147971,RN_DRAIN_00179,0.6932713877368187,synthetic_manning_scenario,0.0,0.6928742113147971,0.0,0.0,0.0
030_060,rajendra_nagar_heavy_rain_demo,30,60,1800,RN_DNODE_00317,0.0,0.30116185815577506,0.30116185815577506,RN_DRAIN_00207,0.30124813859248456,synthetic_manning_scenario,0.0,0.30116185815577506,0.0,0.0,0.0
030_060,rajendra_nagar_heavy_rain_demo,30,60,1800,RN_DNODE_00199,0.0,0.7029679617386524,0.7029679617386524,RN_DRAIN_00164,0.6932713877368187,synthetic_manning_scenario,0.0,0.6932713877368187,0.009696574001833658,0.0,17.453833203300583
030_060,rajendra_nagar_heavy_rain_demo,30,60,1800,RN_DNODE_00318,0.5438750076293946,0.327539382492095,0.8714143901214896,RN_DRAIN_00194,0.30116185815577506,synthetic_manning_scenario,0.0,0.30116185815577506,0.5702525319657146,0.0,1026.4545575382863
030_060,rajendra_nagar_heavy_rain_demo,30,60,1800,RN_DNODE_00200,0.0,0.6932713877368187,0.6932713877368187,RN_DRAIN_00157,0.6932713877368187,synthetic_manning_scenario,0.0,0.6932713877368187,0.0,0.0,0.0
030_060,rajendra_nagar_heavy_rain_demo,30,60,1800,RN_DNODE_00301,0.0,0.33203685857963033,0.33203685857963033,RN_DRAIN_00181,0.30124813859248456,synthetic_manning_scenario,0.0,0.30124813859248456,0.030788719987145774,0.0,55.41969597686239
030_060,rajendra_nagar_heavy_rain_demo,30,60,1800,RN_DNODE_00201,0.0,0.7281156880418536,0.7281156880418536,RN_DRAIN_00140,0.6930728279768428,synthetic_manning_scenario,0.0,0.6930728279768428,0.035042860065010784,0.0,63.07714811701941
030_060,rajendra_nagar_heavy_rain_demo,30,60,1800,RN_DNODE_00302,0.0,0.33212313901633983,0.33212313901633983,RN_DRAIN_00167,0.30124813859248456,synthetic_manning_scenario,0.0,0.30124813859248456,0.03087500042385527,0.0,55.57500076293949
030_060,rajendra_nagar_heavy_rain_demo,30,60,1800,RN_DNODE_00228,0.0,0.9210557168032096,0.9210557168032096,RN_DRAIN_00128,0.6932713877368187,synthetic_manning_scenario,0.0,0.6932713877368187,0.2277843290663909,0.0,410.0117923195036
030_060,rajendra_nagar_heavy_rain_demo,30,60,1800,RN_DNODE_00303,0.0,0.33152938986405034,0.33152938986405034,RN_DRAIN_00158,0.7879109747337706,synthetic_manning_scenario,0.0,0.33152938986405034,0.0,0.0,0.0
030_060,rajendra_nagar_heavy_rain_demo,30,60,1800,RN_DNODE_00229,0.0,0.6932713877368187,0.6932713877368187,RN_DRAIN_00114,0.6930728279768428,synthetic_manning_scenario,0.0,0.6930728279768428,0.0001985597599759581,0.0,0.35740756795672457
030_060,rajendra_nagar_heavy_rain_demo,30,60,1800,RN_DNODE_00288,0.11400000201331245,0.33152938986405034,0.4455293918773628,RN_DRAIN_00141,1.2603351041610837,synthetic_manning_scenario,0.0,0.4455293918773628,0.0,0.0,0.0
030_060,rajendra_nagar_heavy_rain_demo,30,60,1800,RN_DNODE_00249,0.0,0.6930728279768428,0.6930728279768428,RN_DRAIN_00095,0.6932713877368187,synthetic_manning_scenario,0.0,0.6930728279768428,0.0,0.0,0.0
030_060,rajendra_nagar_heavy_rain_demo,30,60,1800,RN_DNODE_00304,0.039187501271565756,0.4657168927250733,0.504904393996639,RN_DRAIN_00130,1.0620185911123488,synthetic_manning_scenario,0.0,0.504904393996639,0.0,0.0,0.0
030_060,rajendra_nagar_heavy_rain_demo,30,60,1800,RN_DNODE_00250,0.0,0.6930728279768428,0.6930728279768428,RN_DRAIN_00075,0.6932713877368187,synthetic_manning_scenario,0.0,0.6930728279768428,0.0,0.0,0.0
030_060,rajendra_nagar_heavy_rain_demo,30,60,1800,RN_DNODE_00321,0.0,0.6423879283369347,0.6423879283369347,RN_DRAIN_00116,2.2522932556240725,synthetic_manning_scenario,0.0,0.6423879283369347,0.0,0.0,0.0
030_060,rajendra_nagar_heavy_rain_demo,30,60,1800,RN_DNODE_00251,0.0,0.6930728279768428,0.6930728279768428,RN_DRAIN_00066,0.6930728279768428,synthetic_manning_scenario,0.0,0.6930728279768428,0.0,0.0,0.0
030_060,rajendra_nagar_heavy_rain_demo,30,60,1800,RN_DNODE_00335,0.0,0.6423879283369347,0.6423879283369347,RN_DRAIN_00097,0.30124813859248456,synthetic_manning_scenario,0.0,0.30124813859248456,0.34113978974445014,0.0,614.0516215400103
030_060,rajendra_nagar_heavy_rain_demo,30,60,1800,RN_DNODE_00259,0.0,0.6930728279768428,0.6930728279768428,RN_DRAIN_00058,0.6932713877368187,synthetic_manning_scenario,0.0,0.6930728279768428,0.0,0.0,0.0
030_060,rajendra_nagar_heavy_rain_demo,30,60,1800,RN_DNODE_00336,0.0,0.30124813859248456,0.30124813859248456,RN_DRAIN_00076,0.30124813859248456,synthetic_manning_scenario,0.0,0.30124813859248456,0.0,0.0,0.0
030_060,rajendra_nagar_heavy_rain_demo,30,60,1800,RN_DNODE_00260,0.0,0.6930728279768428,0.6930728279768428,RN_DRAIN_00048,0.6930728279768428,synthetic_manning_scenario,0.0,0.6930728279768428,0.0,0.0,0.0
030_060,rajendra_nagar_heavy_rain_demo,30,60,1800,RN_DNODE_00337,0.0,0.30124813859248456,0.30124813859248456,RN_DRAIN_00068,0.30116185815577506,synthetic_manning_scenario,0.0,0.30116185815577506,8.628043670949603e-05,0.0,0.15530478607709286
030_060,rajendra_nagar_heavy_rain_demo,30,60,1800,RN_DNODE_00269,0.0,0.6930728279768428,0.6930728279768428,RN_DRAIN_00038,0.6932713877368187,synthetic_manning_scenario,0.0,0.6930728279768428,0.0,0.0,0.0
030_060,rajendra_nagar_heavy_rain_demo,30,60,1800,RN_DNODE_00323,0.0,0.30116185815577506,0.30116185815577506,RN_DRAIN_00060,0.48544832877206306,synthetic_manning_scenario,0.0,0.30116185815577506,0.0,0.0,0.0
030_060,rajendra_nagar_heavy_rain_demo,30,60,1800,RN_DNODE_00270,0.0,0.6930728279768428,0.6930728279768428,RN_DRAIN_00030,0.6930728279768428,synthetic_manning_scenario,0.0,0.6930728279768428,0.0,0.0,0.0
030_060,rajendra_nagar_heavy_rain_demo,30,60,1800,RN_DNODE_00305,0.0,0.30116185815577506,0.30116185815577506,RN_DRAIN_00050,2.4483706462315302,synthetic_manning_scenario,0.0,0.30116185815577506,0.0,0.0,0.0
030_060,rajendra_nagar_heavy_rain_demo,30,60,1800,RN_DNODE_00277,0.0,0.6930728279768428,0.6930728279768428,RN_DRAIN_00024,0.6932713877368187,synthetic_manning_scenario,0.0,0.6930728279768428,0.0,0.0,0.0
030_060,rajendra_nagar_heavy_rain_demo,30,60,1800,RN_DNODE_00306,0.0,0.30116185815577506,0.30116185815577506,RN_DRAIN_00042,1.8445915058171303,synthetic_manning_scenario,0.0,0.30116185815577506,0.0,0.0,0.0
030_060,rajendra_nagar_heavy_rain_demo,30,60,1800,RN_DNODE_00291,0.0,0.30116185815577506,0.30116185815577506,RN_DRAIN_00033,0.4733596812607943,synthetic_manning_scenario,0.0,0.30116185815577506,0.0,0.0,0.0
030_060,rajendra_nagar_heavy_rain_demo,30,60,1800,RN_DNODE_00292,0.0,0.30116185815577506,0.30116185815577506,RN_DRAIN_00026,0.22798288882636691,synthetic_manning_scenario,0.0,0.22798288882636691,0.07317896932940815,0.0,131.72214479293467
030_060,rajendra_nagar_heavy_rain_demo,30,60,1800,RN_DNODE_00283,0.0,0.9210557168032096,0.9210557168032096,RN_DRAIN_00012,0.6930728279768428,synthetic_manning_scenario,0.0,0.6930728279768428,0.22798288882636686,0.0,410.36919988746035
030_060,rajendra_nagar_heavy_rain_demo,30,60,1800,RN_DNODE_00294,0.0,0.6930728279768428,0.6930728279768428,RN_DRAIN_00007,0.6930728279768428,synthetic_manning_scenario,0.0,0.6930728279768428,0.0,0.0,0.0
030_060,rajendra_nagar_heavy_rain_demo,30,60,1800,RN_DNODE_00311,0.0,0.6930728279768428,0.6930728279768428,RN_DRAIN_00001,0.9581402312180723,synthetic_manning_scenario,0.0,0.6930728279768428,0.0,0.0,0.0
030_060,rajendra_nagar_heavy_rain_demo,30,60,1800,RN_DNODE_00312,0.0,0.6930728279768428,0.6930728279768428,,,,,0.0,0.0,0.6930728279768428,0.0
060_090,rajendra_nagar_heavy_rain_demo,60,90,1800,RN_DNODE_00325,0.0,0.0,0.0,RN_DRAIN_00002,0.04832921076750425,synthetic_manning_scenario,0.0,0.0,0.0,0.0,0.0
060_090,rajendra_nagar_heavy_rain_demo,60,90,1800,RN_DNODE_00338,0.0,0.0,0.0,RN_DRAIN_00003,0.03117685014218198,synthetic_manning_scenario,0.0,0.0,0.0,0.0,0.0
060_090,rajendra_nagar_heavy_rain_demo,60,90,1800,RN_DNODE_00441,0.057750002543131514,0.0,0.057750002543131514,RN_DRAIN_00005,0.02637752433631995,synthetic_manning_scenario,0.0,0.02637752433631995,0.03137247820681156,0.0,56.470460772260815
060_090,rajendra_nagar_heavy_rain_demo,60,90,1800,RN_DNODE_00310,0.0,0.0,0.0,RN_DRAIN_00008,0.03485428291526828,synthetic_manning_scenario,0.0,0.0,0.0,0.0,0.0
060_090,rajendra_nagar_heavy_rain_demo,60,90,1800,RN_DNODE_00324,0.0,0.0,0.0,RN_DRAIN_00009,0.02637752433631995,synthetic_manning_scenario,0.0,0.0,0.0,0.0,0.0
060_090,rajendra_nagar_heavy_rain_demo,60,90,1800,RN_DNODE_00293,0.0,0.0,0.0,RN_DRAIN_00013,0.03485428291526828,synthetic_manning_scenario,0.0,0.0,0.0,0.0,0.0
060_090,rajendra_nagar_heavy_rain_demo,60,90,1800,RN_DNODE_00309,0.0,0.0,0.0,RN_DRAIN_00014,0.02637752433631995,synthetic_manning_scenario,0.0,0.0,0.0,0.0,0.0
060_090,rajendra_nagar_heavy_rain_demo,60,90,1800,RN_DNODE_00495,0.0,0.0,0.0,RN_DRAIN_00023,0.02637752433631995,synthetic_manning_scenario,0.0,0.0,0.0,0.0,0.0
060_090,rajendra_nagar_heavy_rain_demo,60,90,1800,RN_DNODE_00282,0.0,0.0,0.0,RN_DRAIN_00025,0.03485428291526828,synthetic_manning_scenario,0.0,0.0,0.0,0.0,0.0
060_090,rajendra_nagar_heavy_rain_demo,60,90,1800,RN_DNODE_00308,0.0,0.0,0.0,RN_DRAIN_00027,0.09079004401073118,synthetic_manning_scenario,0.0,0.0,0.0,0.0,0.0
060_090,rajendra_nagar_heavy_rain_demo,60,90,1800,RN_DNODE_00276,0.0,0.0,0.0,RN_DRAIN_00031,0.03483431483404455,synthetic_manning_scenario,0.0,0.0,0.0,0.0,0.0
060_090,rajendra_nagar_heavy_rain_demo,60,90,1800,RN_DNODE_00281,0.0,0.0,0.0,RN_DRAIN_00032,0.02637752433631995,synthetic_manning_scenario,0.0,0.0,0.0,0.0,0.0
060_090,rajendra_nagar_heavy_rain_demo,60,90,1800,RN_DNODE_00307,0.0,0.0,0.0,RN_DRAIN_00034,0.14733919378536192,synthetic_manning_scenario,0.0,0.0,0.0,0.0,0.0
060_090,rajendra_nagar_heavy_rain_demo,60,90,1800,RN_DNODE_00261,0.0,0.0,0.0,RN_DRAIN_00037,0.03484430030503481,synthetic_manning_scenario,0.0,0.0,0.0,0.0,0.0
060_090,rajendra_nagar_heavy_rain_demo,60,90,1800,RN_DNODE_00275,0.0,0.0,0.0,RN_DRAIN_00039,0.02637752433631995,synthetic_manning_scenario,0.0,0.0,0.0,0.0,0.0
060_090,rajendra_nagar_heavy_rain_demo,60,90,1800,RN_DNODE_00280,0.0,0.0,0.0,RN_DRAIN_00040,0.11520064788280598,synthetic_manning_scenario,0.0,0.0,0.0,0.0,0.0
060_090,rajendra_nagar_heavy_rain_demo,60,90,1800,RN_DNODE_00290,0.0,0.0,0.0,RN_DRAIN_00041,0.23403717670292817,synthetic_manning_scenario,0.0,0.0,0.0,0.0,0.0
060_090,rajendra_nagar_heavy_rain_demo,60,90,1800,RN_DNODE_00035,0.0,0.0,0.0,RN_DRAIN_00045,0.15492389313383287,synthetic_manning_scenario,0.0,0.0,0.0,0.0,0.0
060_090,rajendra_nagar_heavy_rain_demo,60,90,1800,RN_DNODE_00042,0.0,0.0,0.0,RN_DRAIN_00046,0.03485428291526828,synthetic_manning_scenario,0.0,0.0,0.0,0.0,0.0
060_090,rajendra_nagar_heavy_rain_demo,60,90,1800,RN_DNODE_00253,0.0,0.0,0.0,RN_DRAIN_00047,0.02637752433631995,synthetic_manning_scenario,0.0,0.0,0.0,0.0,0.0
060_090,rajendra_nagar_heavy_rain_demo,60,90,1800,RN_DNODE_00268,0.0,0.0,0.0,RN_DRAIN_00049,0.03485428291526828,synthetic_manning_scenario,0.0,0.0,0.0,0.0,0.0
060_090,rajendra_nagar_heavy_rain_demo,60,90,1800,RN_DNODE_00417,0.05512500021192763,0.0,0.05512500021192763,RN_DRAIN_00051,0.11248088992987894,synthetic_manning_scenario,0.0,0.05512500021192763,0.0,0.0,0.0
060_090,rajendra_nagar_heavy_rain_demo,60,90,1800,RN_DNODE_00034,0.014875000847710504,0.0,0.014875000847710504,RN_DRAIN_00054,0.08940774616670524,synthetic_manning_scenario,0.0,0.014875000847710504,0.0,0.0,0.0
060_090,rajendra_nagar_heavy_rain_demo,60,90,1800,RN_DNODE_00082,0.0,0.0,0.0,RN_DRAIN_00056,0.03485428291526828,synthetic_manning_scenario,0.0,0.0,0.0,0.0,0.0
060_090,rajendra_nagar_heavy_rain_demo,60,90,1800,RN_DNODE_00252,0.0,0.0,0.0,RN_DRAIN_00057,0.02637752433631995,synthetic_manning_scenario,0.0,0.0,0.0,0.0,0.0
060_090,rajendra_nagar_heavy_rain_demo,60,90,1800,RN_DNODE_00267,0.0,0.0,0.0,RN_DRAIN_00059,0.02637752433631995,synthetic_manning_scenario,0.0,0.0,0.0,0.0,0.0
060_090,rajendra_nagar_heavy_rain_demo,60,90,1800,RN_DNODE_00503,0.029750001695421007,0.0,0.029750001695421007,RN_DRAIN_00062,0.03485428291526828,synthetic_manning_scenario,0.0,0.029750001695421007,0.0,0.0,0.0
060_090,rajendra_nagar_heavy_rain_demo,60,90,1800,RN_DNODE_00258,0.0,0.0,0.0,RN_DRAIN_00067,0.03485428291526828,synthetic_manning_scenario,0.0,0.0,0.0,0.0,0.0
060_090,rajendra_nagar_heavy_rain_demo,60,90,1800,RN_DNODE_00415,0.42787501441107856,0.0,0.42787501441107856,RN_DRAIN_00069,0.13572767824149176,synthetic_manning_scenario,0.0,0.13572767824149176,0.29214733616958677,0.0,525.8652051052562
060_090,rajendra_nagar_heavy_rain_demo,60,90,1800,RN_DNODE_00533,0.0,0.0,0.0,RN_DRAIN_00079,0.03485428291526828,synthetic_manning_scenario,0.0,0.0,0.0,0.0,0.0
060_090,rajendra_nagar_heavy_rain_demo,60,90,1800,RN_DNODE_00534,0.0,0.0,0.0,RN_DRAIN_00080,0.02637752433631995,synthetic_manning_scenario,0.0,0.0,0.0,0.0,0.0
060_090,rajendra_nagar_heavy_rain_demo,60,90,1800,RN_DNODE_00139,0.0,0.0,0.0,RN_DRAIN_00092,0.17503430320954919,synthetic_manning_scenario,0.0,0.0,0.0,0.0,0.0
060_090,rajendra_nagar_heavy_rain_demo,60,90,1800,RN_DNODE_00204,0.0,0.0,0.0,RN_DRAIN_00093,0.03484430030503481,synthetic_manning_scenario,0.0,0.0,0.0,0.0,0.0
060_090,rajendra_nagar_heavy_rain_demo,60,90,1800,RN_DNODE_00230,0.0,0.0,0.0,RN_DRAIN_00094,0.03484430030503481,synthetic_manning_scenario,0.0,0.0,0.0,0.0,0.0
060_090,rajendra_nagar_heavy_rain_demo,60,90,1800,RN_DNODE_00322,0.0,0.0,0.0,RN_DRAIN_00096,0.2205372423203837,synthetic_manning_scenario,0.0,0.0,0.0,0.0,0.0
060_090,rajendra_nagar_heavy_rain_demo,60,90,1800,RN_DNODE_00367,0.0,0.0,0.0,RN_DRAIN_00101,0.11429110698380826,synthetic_manning_scenario,0.0,0.0,0.0,0.0,0.0
060_090,rajendra_nagar_heavy_rain_demo,60,90,1800,RN_DNODE_00524,0.0,0.0,0.0,RN_DRAIN_00103,0.03485428291526828,synthetic_manning_scenario,0.0,0.0,0.0,0.0,0.0
060_090,rajendra_nagar_heavy_rain_demo,60,90,1800,RN_DNODE_00114,0.028000000847710503,0.0,0.028000000847710503,RN_DRAIN_00108,0.05279460013290454,synthetic_manning_scenario,0.0,0.028000000847710503,0.0,0.0,0.0
060_090,rajendra_nagar_heavy_rain_demo,60,90,1800,RN_DNODE_00126,0.0,0.0,0.0,RN_DRAIN_00109,0.216149286911403,synthetic_manning_scenario,0.0,0.0,0.0,0.0,0.0
060_090,rajendra_nagar_heavy_rain_demo,60,90,1800,RN_DNODE_00156,0.0,0.0,0.0,RN_DRAIN_00111,0.2471983594008618,synthetic_manning_scenario,0.0,0.0,0.0,0.0,0.0
060_090,rajendra_nagar_heavy_rain_demo,60,90,1800,RN_DNODE_00177,0.0,0.0,0.0,RN_DRAIN_00112,0.02637752433631995,synthetic_manning_scenario,0.0,0.0,0.0,0.0,0.0
060_090,rajendra_nagar_heavy_rain_demo,60,90,1800,RN_DNODE_00248,0.0,0.0,0.0,RN_DRAIN_00115,0.03485428291526828,synthetic_manning_scenario,0.0,0.0,0.0,0.0,0.0
060_090,rajendra_nagar_heavy_rain_demo,60,90,1800,RN_DNODE_00334,0.0,0.0,0.0,RN_DRAIN_00117,0.2898108574113625,synthetic_manning_scenario,0.0,0.0,0.0,0.0,0.0
060_090,rajendra_nagar_heavy_rain_demo,60,90,1800,RN_DNODE_00366,0.0,0.0,0.0,RN_DRAIN_00118,0.20580724239131704,synthetic_manning_scenario,0.0,0.0,0.0,0.0,0.0
060_090,rajendra_nagar_heavy_rain_demo,60,90,1800,RN_DNODE_00539,0.0,0.0,0.0,RN_DRAIN_00120,0.03485428291526828,synthetic_manning_scenario,0.0,0.0,0.0,0.0,0.0
060_090,rajendra_nagar_heavy_rain_demo,60,90,1800,RN_DNODE_00056,0.0,0.0,0.0,RN_DRAIN_00123,0.03484430030503481,synthetic_manning_scenario,0.0,0.0,0.0,0.0,0.0
060_090,rajendra_nagar_heavy_rain_demo,60,90,1800,RN_DNODE_00137,0.0,0.0,0.0,RN_DRAIN_00124,0.24465918118318086,synthetic_manning_scenario,0.0,0.0,0.0,0.0,0.0
060_090,rajendra_nagar_heavy_rain_demo,60,90,1800,RN_DNODE_00289,0.029750001695421007,0.0,0.029750001695421007,RN_DRAIN_00129,0.12733816465846753,synthetic_manning_scenario,0.0,0.029750001695421007,0.0,0.0,0.0
060_090,rajendra_nagar_heavy_rain_demo,60,90,1800,RN_DNODE_00471,0.03062500105963813,0.0,0.03062500105963813,RN_DRAIN_00133,0.03485428291526828,synthetic_manning_scenario,0.0,0.03062500105963813,0.0,0.0,0.0
060_090,rajendra_nagar_heavy_rain_demo,60,90,1800,RN_DNODE_00038,0.029750001695421007,0.0,0.029750001695421007,RN_DRAIN_00136,0.02637752433631995,synthetic_manning_scenario,0.0,0.02637752433631995,0.0033724773591010566,0.0,6.070459246381902
060_090,rajendra_nagar_heavy_rain_demo,60,90,1800,RN_DNODE_00047,0.014875000847710504,0.0,0.014875000847710504,RN_DRAIN_00137,0.02637752433631995,synthetic_manning_scenario,0.0,0.014875000847710504,0.0,0.0,0.0
060_090,rajendra_nagar_heavy_rain_demo,60,90,1800,RN_DNODE_00154,0.0,0.0,0.0,RN_DRAIN_00138,0.1774601738083829,synthetic_manning_scenario,0.0,0.0,0.0,0.0,0.0
060_090,rajendra_nagar_heavy_rain_demo,60,90,1800,RN_DNODE_00175,0.0,0.0,0.0,RN_DRAIN_00139,0.02637752433631995,synthetic_manning_scenario,0.0,0.0,0.0,0.0,0.0
060_090,rajendra_nagar_heavy_rain_demo,60,90,1800,RN_DNODE_00001,0.0,0.0,0.0,RN_DRAIN_00148,0.23026234147550612,synthetic_manning_scenario,0.0,0.0,0.0,0.0,0.0
060_090,rajendra_nagar_heavy_rain_demo,60,90,1800,RN_DNODE_00173,0.0,0.0,0.0,RN_DRAIN_00163,0.03484430030503481,synthetic_manning_scenario,0.0,0.0,0.0,0.0,0.0
060_090,rajendra_nagar_heavy_rain_demo,60,90,1800,RN_DNODE_00227,0.0,0.0,0.0,RN_DRAIN_00165,0.03484430030503481,synthetic_manning_scenario,0.0,0.0,0.0,0.0,0.0
060_090,rajendra_nagar_heavy_rain_demo,60,90,1800,RN_DNODE_00287,0.04462500254313151,0.0,0.04462500254313151,RN_DRAIN_00166,0.03484430030503481,synthetic_manning_scenario,0.0,0.03484430030503481,0.009780702238096697,0.0,17.605264028574055
060_090,rajendra_nagar_heavy_rain_demo,60,90,1800,RN_DNODE_00320,0.0,0.0,0.0,RN_DRAIN_00168,0.03484430030503481,synthetic_manning_scenario,0.0,0.0,0.0,0.0,0.0
060_090,rajendra_nagar_heavy_rain_demo,60,90,1800,RN_DNODE_00437,0.43575001610649955,0.0,0.43575001610649955,RN_DRAIN_00172,0.05158812602898853,synthetic_manning_scenario,0.0,0.05158812602898853,0.384161890077511,0.0,691.4914021395198
060_090,rajendra_nagar_heavy_rain_demo,60,90,1800,RN_DNODE_00071,0.29312500953674314,0.0,0.29312500953674314,RN_DRAIN_00174,0.14154681932172938,synthetic_manning_scenario,0.0,0.14154681932172938,0.15157819021501376,0.0,272.84074238702476
060_090,rajendra_nagar_heavy_rain_demo,60,90,1800,RN_DNODE_00226,0.0,0.0,0.0,RN_DRAIN_00180,0.03484430030503481,synthetic_manning_scenario,0.0,0.0,0.0,0.0,0.0
060_090,rajendra_nagar_heavy_rain_demo,60,90,1800,RN_DNODE_00319,0.04550000190734863,0.0,0.04550000190734863,RN_DRAIN_00182,0.03484430030503481,synthetic_manning_scenario,0.0,0.03484430030503481,0.01065570160231382,0.0,19.180262884164875
060_090,rajendra_nagar_heavy_rain_demo,60,90,1800,RN_DNODE_00152,0.014875000847710504,0.0,0.014875000847710504,RN_DRAIN_00189,0.2781184424317617,synthetic_manning_scenario,0.0,0.014875000847710504,0.0,0.0,0.0
060_090,rajendra_nagar_heavy_rain_demo,60,90,1800,RN_DNODE_00171,0.014875000847710504,0.0,0.014875000847710504,RN_DRAIN_00190,0.21513777926228358,synthetic_manning_scenario,0.0,0.014875000847710504,0.0,0.0,0.0
060_090,rajendra_nagar_heavy_rain_demo,60,90,1800,RN_DNODE_00225,0.020125001271565756,0.0,0.020125001271565756,RN_DRAIN_00192,0.02637752433631995,synthetic_manning_scenario,0.0,0.020125001271565756,0.0,0.0,0.0
060_090,rajendra_nagar_heavy_rain_demo,60,90,1800,RN_DNODE_00300,0.04550000190734863,0.0,0.04550000190734863,RN_DRAIN_00193,0.03485428291526828,synthetic_manning_scenario,0.0,0.03485428291526828,0.010645718992080354,0.0,19.16229418574464
060_090,rajendra_nagar_heavy_rain_demo,60,90,1800,RN_DNODE_00490,0.0,0.0,0.0,RN_DRAIN_00196,0.038632043432786596,synthetic_manning_scenario,0.0,0.0,0.0,0.0,0.0
060_090,rajendra_nagar_heavy_rain_demo,60,90,1800,RN_DNODE_00002,0.0,0.0,0.0,RN_DRAIN_00197,0.02637752433631995,synthetic_manning_scenario,0.0,0.0,0.0,0.0,0.0
060_090,rajendra_nagar_heavy_rain_demo,60,90,1800,RN_DNODE_00135,0.04287500169542101,0.0,0.04287500169542101,RN_DRAIN_00201,0.14808812947220454,synthetic_manning_scenario,0.0,0.04287500169542101,0.0,0.0,0.0
060_090,rajendra_nagar_heavy_rain_demo,60,90,1800,RN_DNODE_00151,0.0,0.0,0.0,RN_DRAIN_00202,0.22523069736860887,synthetic_manning_scenario,0.0,0.0,0.0,0.0,0.0
060_090,rajendra_nagar_heavy_rain_demo,60,90,1800,RN_DNODE_00170,0.0,0.0,0.0,RN_DRAIN_00203,0.22622629578712322,synthetic_manning_scenario,0.0,0.0,0.0,0.0,0.0
060_090,rajendra_nagar_heavy_rain_demo,60,90,1800,RN_DNODE_00224,0.0,0.0,0.0,RN_DRAIN_00205,0.03485428291526828,synthetic_manning_scenario,0.0,0.0,0.0,0.0,0.0
060_090,rajendra_nagar_heavy_rain_demo,60,90,1800,RN_DNODE_00299,0.06037500275505914,0.0,0.06037500275505914,RN_DRAIN_00206,0.02637752433631995,synthetic_manning_scenario,0.0,0.02637752433631995,0.03399747841873919,0.0,61.195461153730534
060_090,rajendra_nagar_heavy_rain_demo,60,90,1800,RN_DNODE_00359,0.3202500131395128,0.0,0.3202500131395128,RN_DRAIN_00208,0.09006678976697921,synthetic_manning_scenario,0.0,0.09006678976697921,0.23018322337253358,0.0,414.32980207056045
060_090,rajendra_nagar_heavy_rain_demo,60,90,1800,RN_DNODE_00124,0.0,0.0,0.0,RN_DRAIN_00211,0.02637752433631995,synthetic_manning_scenario,0.0,0.0,0.0,0.0,0.0
060_090,rajendra_nagar_heavy_rain_demo,60,90,1800,RN_DNODE_00223,0.0,0.0,0.0,RN_DRAIN_00215,0.03484430030503481,synthetic_manning_scenario,0.0,0.0,0.0,0.0,0.0
060_090,rajendra_nagar_heavy_rain_demo,60,90,1800,RN_DNODE_00316,0.0,0.0,0.0,RN_DRAIN_00216,0.03485428291526828,synthetic_manning_scenario,0.0,0.0,0.0,0.0,0.0
060_090,rajendra_nagar_heavy_rain_demo,60,90,1800,RN_DNODE_00546,0.3955000072055393,0.0,0.3955000072055393,RN_DRAIN_00219,0.07396532506289491,synthetic_manning_scenario,0.0,0.07396532506289491,0.32153468214264436,0.0,578.7624278567598
060_090,rajendra_nagar_heavy_rain_demo,60,90,1800,RN_DNODE_00022,0.07525000360276964,0.0,0.07525000360276964,RN_DRAIN_00221,0.03485428291526828,synthetic_manning_scenario,0.0,0.03485428291526828,0.04039572068750136,0.0,72.71229723750244
060_090,rajendra_nagar_heavy_rain_demo,60,90,1800,RN_DNODE_00149,0.0,0.0,0.0,RN_DRAIN_00229,0.11345402204017847,synthetic_manning_scenario,0.0,0.0,0.0,0.0,0.0
060_090,rajendra_nagar_heavy_rain_demo,60,90,1800,RN_DNODE_00168,0.0,0.0,0.0,RN_DRAIN_00230,0.2627180237045502,synthetic_manning_scenario,0.0,0.0,0.0,0.0,0.0
060_090,rajendra_nagar_heavy_rain_demo,60,90,1800,RN_DNODE_00222,0.0,0.0,0.0,RN_DRAIN_00232,0.03484430030503481,synthetic_manning_scenario,0.0,0.0,0.0,0.0,0.0
060_090,rajendra_nagar_heavy_rain_demo,60,90,1800,RN_DNODE_00331,0.0,0.0,0.0,RN_DRAIN_00233,0.03485428291526828,synthetic_manning_scenario,0.0,0.0,0.0,0.0,0.0
060_090,rajendra_nagar_heavy_rain_demo,60,90,1800,RN_DNODE_00351,0.0,0.0,0.0,RN_DRAIN_00235,0.03485428291526828,synthetic_manning_scenario,0.0,0.0,0.0,0.0,0.0
060_090,rajendra_nagar_heavy_rain_demo,60,90,1800,RN_DNODE_00556,0.057750002543131514,0.0,0.057750002543131514,RN_DRAIN_00238,0.03484430030503481,synthetic_manning_scenario,0.0,0.03484430030503481,0.022905702238096702,0.0,41.23026402857406
060_090,rajendra_nagar_heavy_rain_demo,60,90,1800,RN_DNODE_00014,0.0,0.0,0.0,RN_DRAIN_00239,0.02637752433631995,synthetic_manning_scenario,0.0,0.0,0.0,0.0,0.0
060_090,rajendra_nagar_heavy_rain_demo,60,90,1800,RN_DNODE_00065,0.0,0.0,0.0,RN_DRAIN_00242,0.03485428291526828,synthetic_manning_scenario,0.0,0.0,0.0,0.0,0.0
060_090,rajendra_nagar_heavy_rain_demo,60,90,1800,RN_DNODE_00076,0.0,0.0,0.0,RN_DRAIN_00244,0.03484430030503481,synthetic_manning_scenario,0.0,0.0,0.0,0.0,0.0
060_090,rajendra_nagar_heavy_rain_demo,60,90,1800,RN_DNODE_00085,0.0,0.0,0.0,RN_DRAIN_00245,0.03484430030503481,synthetic_manning_scenario,0.0,0.0,0.0,0.0,0.0
060_090,rajendra_nagar_heavy_rain_demo,60,90,1800,RN_DNODE_00193,0.0,0.0,0.0,RN_DRAIN_00246,0.03485428291526828,synthetic_manning_scenario,0.0,0.0,0.0,0.0,0.0
060_090,rajendra_nagar_heavy_rain_demo,60,90,1800,RN_DNODE_00342,0.0,0.0,0.0,RN_DRAIN_00248,0.03485428291526828,synthetic_manning_scenario,0.0,0.0,0.0,0.0,0.0
060_090,rajendra_nagar_heavy_rain_demo,60,90,1800,RN_DNODE_00247,0.0,0.0,0.0,RN_DRAIN_00261,0.02637752433631995,synthetic_manning_scenario,0.0,0.0,0.0,0.0,0.0
060_090,rajendra_nagar_heavy_rain_demo,60,90,1800,RN_DNODE_00349,0.0,0.0,0.0,RN_DRAIN_00262,0.03485428291526828,synthetic_manning_scenario,0.0,0.0,0.0,0.0,0.0
060_090,rajendra_nagar_heavy_rain_demo,60,90,1800,RN_DNODE_00054,0.0,0.0,0.0,RN_DRAIN_00272,0.16663623912470468,synthetic_manning_scenario,0.0,0.0,0.0,0.0,0.0
060_090,rajendra_nagar_heavy_rain_demo,60,90,1800,RN_DNODE_00063,0.0,0.0,0.0,RN_DRAIN_00273,0.11852287889848324,synthetic_manning_scenario,0.0,0.0,0.0,0.0,0.0
060_090,rajendra_nagar_heavy_rain_demo,60,90,1800,RN_DNODE_00246,0.0,0.0,0.0,RN_DRAIN_00275,0.03484430030503481,synthetic_manning_scenario,0.0,0.0,0.0,0.0,0.0
060_090,rajendra_nagar_heavy_rain_demo,60,90,1800,RN_DNODE_00357,0.0,0.0,0.0,RN_DRAIN_00276,0.03483431483404455,synthetic_manning_scenario,0.0,0.0,0.0,0.0,0.0
060_090,rajendra_nagar_heavy_rain_demo,60,90,1800,RN_DNODE_00372,0.0,0.0,0.0,RN_DRAIN_00278,0.03485428291526828,synthetic_manning_scenario,0.0,0.0,0.0,0.0,0.0
060_090,rajendra_nagar_heavy_rain_demo,60,90,1800,RN_DNODE_00541,0.0,0.0,0.0,RN_DRAIN_00280,0.03484430030503481,synthetic_manning_scenario,0.0,0.0,0.0,0.0,0.0
060_090,rajendra_nagar_heavy_rain_demo,60,90,1800,RN_DNODE_00245,0.0,0.0,0.0,RN_DRAIN_00287,0.02637752433631995,synthetic_manning_scenario,0.0,0.0,0.0,0.0,0.0
060_090,rajendra_nagar_heavy_rain_demo,60,90,1800,RN_DNODE_00363,0.0,0.0,0.0,RN_DRAIN_00288,0.03485428291526828,synthetic_manning_scenario,0.0,0.0,0.0,0.0,0.0
060_090,rajendra_nagar_heavy_rain_demo,60,90,1800,RN_DNODE_00377,0.0,0.0,0.0,RN_DRAIN_00290,0.03485428291526828,synthetic_manning_scenario,0.0,0.0,0.0,0.0,0.0
060_090,rajendra_nagar_heavy_rain_demo,60,90,1800,RN_DNODE_00396,0.6711250262790256,0.0,0.6711250262790256,RN_DRAIN_00291,0.1120128954947173,synthetic_manning_scenario,0.0,0.1120128954947173,0.5591121307843083,0.0,1006.401835411755
060_090,rajendra_nagar_heavy_rain_demo,60,90,1800,RN_DNODE_00448,0.09012500233120388,0.0,0.09012500233120388,RN_DRAIN_00292,0.02637752433631995,synthetic_manning_scenario,0.0,0.02637752433631995,0.06374747799488392,0.0,114.74546039079107
060_090,rajendra_nagar_heavy_rain_demo,60,90,1800,RN_DNODE_00005,0.0,0.0,0.0,RN_DRAIN_00294,0.04614936155069056,synthetic_manning_scenario,0.0,0.0,0.0,0.0,0.0
060_090,rajendra_nagar_heavy_rain_demo,60,90,1800,RN_DNODE_00244,0.0,0.0,0.0,RN_DRAIN_00302,0.03484430030503481,synthetic_manning_scenario,0.0,0.0,0.0,0.0,0.0
060_090,rajendra_nagar_heavy_rain_demo,60,90,1800,RN_DNODE_00370,0.0,0.0,0.0,RN_DRAIN_00303,0.03485428291526828,synthetic_manning_scenario,0.0,0.0,0.0,0.0,0.0
060_090,rajendra_nagar_heavy_rain_demo,60,90,1800,RN_DNODE_00395,0.04287500169542101,0.0,0.04287500169542101,RN_DRAIN_00306,0.02637752433631995,synthetic_manning_scenario,0.0,0.02637752433631995,0.016497477359101058,0.0,29.695459246381905
060_090,rajendra_nagar_heavy_rain_demo,60,90,1800,RN_DNODE_00436,0.0,0.0,0.0,RN_DRAIN_00307,0.02637752433631995,synthetic_manning_scenario,0.0,0.0,0.0,0.0,0.0
060_090,rajendra_nagar_heavy_rain_demo,60,90,1800,RN_DNODE_00440,0.029750001695421007,0.0,0.029750001695421007,RN_DRAIN_00308,0.03485428291526828,synthetic_manning_scenario,0.0,0.029750001695421007,0.0,0.0,0.0
060_090,rajendra_nagar_heavy_rain_demo,60,90,1800,RN_DNODE_00243,0.0,0.0,0.0,RN_DRAIN_00317,0.03484430030503481,synthetic_manning_scenario,0.0,0.0,0.0,0.0,0.0
060_090,rajendra_nagar_heavy_rain_demo,60,90,1800,RN_DNODE_00375,0.029750001695421007,0.0,0.029750001695421007,RN_DRAIN_00318,0.03485428291526828,synthetic_manning_scenario,0.0,0.029750001695421007,0.0,0.0,0.0
060_090,rajendra_nagar_heavy_rain_demo,60,90,1800,RN_DNODE_00511,0.0,0.0,0.0,RN_DRAIN_00333,0.03485428291526828,synthetic_manning_scenario,0.0,0.0,0.0,0.0,0.0
060_090,rajendra_nagar_heavy_rain_demo,60,90,1800,RN_DNODE_00529,0.13737500190734864,0.0,0.13737500190734864,RN_DRAIN_00335,0.19300346415305064,synthetic_manning_scenario,0.0,0.13737500190734864,0.0,0.0,0.0
060_090,rajendra_nagar_heavy_rain_demo,60,90,1800,RN_DNODE_00074,0.0,0.0,0.0,RN_DRAIN_00336,0.03485428291526828,synthetic_manning_scenario,0.0,0.0,0.0,0.0,0.0
060_090,rajendra_nagar_heavy_rain_demo,60,90,1800,RN_DNODE_00242,0.0,0.0,0.0,RN_DRAIN_00338,0.03484430030503481,synthetic_manning_scenario,0.0,0.0,0.0,0.0,0.0
060_090,rajendra_nagar_heavy_rain_demo,60,90,1800,RN_DNODE_00383,0.0,0.0,0.0,RN_DRAIN_00339,0.03485428291526828,synthetic_manning_scenario,0.0,0.0,0.0,0.0,0.0
060_090,rajendra_nagar_heavy_rain_demo,60,90,1800,RN_DNODE_00393,0.0,0.0,0.0,RN_DRAIN_00340,0.03485428291526828,synthetic_manning_scenario,0.0,0.0,0.0,0.0,0.0
060_090,rajendra_nagar_heavy_rain_demo,60,90,1800,RN_DNODE_00428,0.028000000847710503,0.0,0.028000000847710503,RN_DRAIN_00344,0.03485428291526828,synthetic_manning_scenario,0.0,0.028000000847710503,0.0,0.0,0.0
060_090,rajendra_nagar_heavy_rain_demo,60,90,1800,RN_DNODE_00501,0.0,0.0,0.0,RN_DRAIN_00346,0.03484430030503481,synthetic_manning_scenario,0.0,0.0,0.0,0.0,0.0
060_090,rajendra_nagar_heavy_rain_demo,60,90,1800,RN_DNODE_00521,0.013125,0.0,0.013125,RN_DRAIN_00348,0.2764107810710812,synthetic_manning_scenario,0.0,0.013125,0.0,0.0,0.0
060_090,rajendra_nagar_heavy_rain_demo,60,90,1800,RN_DNODE_00528,0.014875000847710504,0.0,0.014875000847710504,RN_DRAIN_00349,0.09203450505564478,synthetic_manning_scenario,0.0,0.014875000847710504,0.0,0.0,0.0
060_090,rajendra_nagar_heavy_rain_demo,60,90,1800,RN_DNODE_00241,0.0,0.0,0.0,RN_DRAIN_00351,0.03485428291526828,synthetic_manning_scenario,0.0,0.0,0.0,0.0,0.0
060_090,rajendra_nagar_heavy_rain_demo,60,90,1800,RN_DNODE_00527,0.0411250008477105,0.0,0.0411250008477105,RN_DRAIN_00355,0.18626342708702154,synthetic_manning_scenario,0.0,0.0411250008477105,0.0,0.0,0.0
060_090,rajendra_nagar_heavy_rain_demo,60,90,1800,RN_DNODE_00191,0.0,0.0,0.0,RN_DRAIN_00356,0.03484430030503481,synthetic_manning_scenario,0.0,0.0,0.0,0.0,0.0
060_090,rajendra_nagar_heavy_rain_demo,60,90,1800,RN_DNODE_00240,0.0,0.0,0.0,RN_DRAIN_00358,0.03484430030503481,synthetic_manning_scenario,0.0,0.0,0.0,0.0,0.0
060_090,rajendra_nagar_heavy_rain_demo,60,90,1800,RN_DNODE_00500,0.11200000339084201,0.0,0.11200000339084201,RN_DRAIN_00360,0.1948011871441529,synthetic_manning_scenario,0.0,0.11200000339084201,0.0,0.0,0.0
060_090,rajendra_nagar_heavy_rain_demo,60,90,1800,RN_DNODE_00508,0.15050000190734864,0.0,0.15050000190734864,RN_DRAIN_00361,0.2317547361496302,synthetic_manning_scenario,0.0,0.15050000190734864,0.0,0.0,0.0
060_090,rajendra_nagar_heavy_rain_demo,60,90,1800,RN_DNODE_00519,0.04462500254313151,0.0,0.04462500254313151,RN_DRAIN_00362,0.17218079283976848,synthetic_manning_scenario,0.0,0.04462500254313151,0.0,0.0,0.0
060_090,rajendra_nagar_heavy_rain_demo,60,90,1800,RN_DNODE_00190,0.0,0.0,0.0,RN_DRAIN_00364,0.03484430030503481,synthetic_manning_scenario,0.0,0.0,0.0,0.0,0.0
060_090,rajendra_nagar_heavy_rain_demo,60,90,1800,RN_DNODE_00239,0.0,0.0,0.0,RN_DRAIN_00366,0.03484430030503481,synthetic_manning_scenario,0.0,0.0,0.0,0.0,0.0
060_090,rajendra_nagar_heavy_rain_demo,60,90,1800,RN_DNODE_00453,0.03062500105963813,0.0,0.03062500105963813,RN_DRAIN_00367,0.12282979632326015,synthetic_manning_scenario,0.0,0.03062500105963813,0.0,0.0,0.0
060_090,rajendra_nagar_heavy_rain_demo,60,90,1800,RN_DNODE_00020,0.0,0.0,0.0,RN_DRAIN_00370,0.03484430030503481,synthetic_manning_scenario,0.0,0.0,0.0,0.0,0.0
060_090,rajendra_nagar_heavy_rain_demo,60,90,1800,RN_DNODE_00189,0.0,0.0,0.0,RN_DRAIN_00371,0.03484430030503481,synthetic_manning_scenario,0.0,0.0,0.0,0.0,0.0
060_090,rajendra_nagar_heavy_rain_demo,60,90,1800,RN_DNODE_00238,0.0,0.0,0.0,RN_DRAIN_00373,0.05960970345596315,synthetic_manning_scenario,0.0,0.0,0.0,0.0,0.0
060_090,rajendra_nagar_heavy_rain_demo,60,90,1800,RN_DNODE_00452,0.08487500190734863,0.0,0.08487500190734863,RN_DRAIN_00374,0.100407978859947,synthetic_manning_scenario,0.0,0.08487500190734863,0.0,0.0,0.0
060_090,rajendra_nagar_heavy_rain_demo,60,90,1800,RN_DNODE_00507,0.0,0.0,0.0,RN_DRAIN_00376,0.2407171307040971,synthetic_manning_scenario,0.0,0.0,0.0,0.0,0.0
060_090,rajendra_nagar_heavy_rain_demo,60,90,1800,RN_DNODE_00535,0.04287500169542101,0.0,0.04287500169542101,RN_DRAIN_00377,0.03485428291526828,synthetic_manning_scenario,0.0,0.03485428291526828,0.00802071878015273,0.0,14.437293804274914
060_090,rajendra_nagar_heavy_rain_demo,60,90,1800,RN_DNODE_00188,0.0,0.0,0.0,RN_DRAIN_00380,0.03484430030503481,synthetic_manning_scenario,0.0,0.0,0.0,0.0,0.0
060_090,rajendra_nagar_heavy_rain_demo,60,90,1800,RN_DNODE_00237,0.0,0.0,0.0,RN_DRAIN_00382,0.25236412953905973,synthetic_manning_scenario,0.0,0.0,0.0,0.0,0.0
060_090,rajendra_nagar_heavy_rain_demo,60,90,1800,RN_DNODE_00166,0.0,0.0,0.0,RN_DRAIN_00388,0.02637752433631995,synthetic_manning_scenario,0.0,0.0,0.0,0.0,0.0
060_090,rajendra_nagar_heavy_rain_demo,60,90,1800,RN_DNODE_00298,0.4462500211927626,0.0,0.4462500211927626,RN_DRAIN_00393,0.09803784543033917,synthetic_manning_scenario,0.0,0.09803784543033917,0.3482121757624234,0.0,626.7819163723622
060_090,rajendra_nagar_heavy_rain_demo,60,90,1800,RN_DNODE_00518,0.5985000133514404,0.0,0.5985000133514404,RN_DRAIN_00395,0.14778712746867345,synthetic_manning_scenario,0.0,0.14778712746867345,0.450712885882767,0.0,811.2831945889806
060_090,rajendra_nagar_heavy_rain_demo,60,90,1800,RN_DNODE_00028,0.0,0.0,0.0,RN_DRAIN_00398,0.07470010573424561,synthetic_manning_scenario,0.0,0.0,0.0,0.0,0.0
060_090,rajendra_nagar_heavy_rain_demo,60,90,1800,RN_DNODE_00186,0.0,0.0,0.0,RN_DRAIN_00403,0.03485428291526828,synthetic_manning_scenario,0.0,0.0,0.0,0.0,0.0
060_090,rajendra_nagar_heavy_rain_demo,60,90,1800,RN_DNODE_00208,0.0,0.0,0.0,RN_DRAIN_00404,0.02637752433631995,synthetic_manning_scenario,0.0,0.0,0.0,0.0,0.0
060_090,rajendra_nagar_heavy_rain_demo,60,90,1800,RN_DNODE_00235,0.0,0.0,0.0,RN_DRAIN_00405,0.33495301708709185,synthetic_manning_scenario,0.0,0.0,0.0,0.0,0.0
060_090,rajendra_nagar_heavy_rain_demo,60,90,1800,RN_DNODE_00256,0.0,0.0,0.0,RN_DRAIN_00406,0.11665905594771991,synthetic_manning_scenario,0.0,0.0,0.0,0.0,0.0
060_090,rajendra_nagar_heavy_rain_demo,60,90,1800,RN_DNODE_00475,0.0,0.0,0.0,RN_DRAIN_00410,0.17527859959571881,synthetic_manning_scenario,0.0,0.0,0.0,0.0,0.0
060_090,rajendra_nagar_heavy_rain_demo,60,90,1800,RN_DNODE_00555,0.0,0.0,0.0,RN_DRAIN_00411,0.03668278220199273,synthetic_manning_scenario,0.0,0.0,0.0,0.0,0.0
060_090,rajendra_nagar_heavy_rain_demo,60,90,1800,RN_DNODE_00093,0.0,0.0,0.0,RN_DRAIN_00413,0.05978452943539206,synthetic_manning_scenario,0.0,0.0,0.0,0.0,0.0
060_090,rajendra_nagar_heavy_rain_demo,60,90,1800,RN_DNODE_00147,0.0,0.0,0.0,RN_DRAIN_00414,0.02637752433631995,synthetic_manning_scenario,0.0,0.0,0.0,0.0,0.0
060_090,rajendra_nagar_heavy_rain_demo,60,90,1800,RN_DNODE_00185,0.0,0.0,0.0,RN_DRAIN_00416,0.02637752433631995,synthetic_manning_scenario,0.0,0.0,0.0,0.0,0.0
060_090,rajendra_nagar_heavy_rain_demo,60,90,1800,RN_DNODE_00297,0.029750001695421007,0.0,0.029750001695421007,RN_DRAIN_00418,0.03485428291526828,synthetic_manning_scenario,0.0,0.029750001695421007,0.0,0.0,0.0
060_090,rajendra_nagar_heavy_rain_demo,60,90,1800,RN_DNODE_00061,0.0,0.0,0.0,RN_DRAIN_00420,0.03484430030503481,synthetic_manning_scenario,0.0,0.0,0.0,0.0,0.0
060_090,rajendra_nagar_heavy_rain_demo,60,90,1800,RN_DNODE_00146,0.0,0.0,0.0,RN_DRAIN_00425,0.02637752433631995,synthetic_manning_scenario,0.0,0.0,0.0,0.0,0.0
060_090,rajendra_nagar_heavy_rain_demo,60,90,1800,RN_DNODE_00184,0.0,0.0,0.0,RN_DRAIN_00427,0.02637752433631995,synthetic_manning_scenario,0.0,0.0,0.0,0.0,0.0
060_090,rajendra_nagar_heavy_rain_demo,60,90,1800,RN_DNODE_00315,0.029750001695421007,0.0,0.029750001695421007,RN_DRAIN_00429,0.03485428291526828,synthetic_manning_scenario,0.0,0.029750001695421007,0.0,0.0,0.0
060_090,rajendra_nagar_heavy_rain_demo,60,90,1800,RN_DNODE_00492,0.0,0.0,0.0,RN_DRAIN_00430,0.1258874084942861,synthetic_manning_scenario,0.0,0.0,0.0,0.0,0.0
060_090,rajendra_nagar_heavy_rain_demo,60,90,1800,RN_DNODE_00052,0.0,0.0,0.0,RN_DRAIN_00431,0.03485428291526828,synthetic_manning_scenario,0.0,0.0,0.0,0.0,0.0
060_090,rajendra_nagar_heavy_rain_demo,60,90,1800,RN_DNODE_00121,0.0,0.0,0.0,RN_DRAIN_00436,0.3335187361648064,synthetic_manning_scenario,0.0,0.0,0.0,0.0,0.0
060_090,rajendra_nagar_heavy_rain_demo,60,90,1800,RN_DNODE_00132,0.0,0.0,0.0,RN_DRAIN_00437,0.1632724012023933,synthetic_manning_scenario,0.0,0.0,0.0,0.0,0.0
060_090,rajendra_nagar_heavy_rain_demo,60,90,1800,RN_DNODE_00162,0.0,0.0,0.0,RN_DRAIN_00439,0.03485428291526828,synthetic_manning_scenario,0.0,0.0,0.0,0.0,0.0
060_090,rajendra_nagar_heavy_rain_demo,60,90,1800,RN_DNODE_00183,0.0,0.0,0.0,RN_DRAIN_00440,0.02637752433631995,synthetic_manning_scenario,0.0,0.0,0.0,0.0,0.0
060_090,rajendra_nagar_heavy_rain_demo,60,90,1800,RN_DNODE_00059,0.029750001695421007,0.0,0.029750001695421007,RN_DRAIN_00447,0.05446815070334662,synthetic_manning_scenario,0.0,0.029750001695421007,0.0,0.0,0.0
060_090,rajendra_nagar_heavy_rain_demo,60,90,1800,RN_DNODE_00109,0.0,0.0,0.0,RN_DRAIN_00448,0.3250209820597582,synthetic_manning_scenario,0.0,0.0,0.0,0.0,0.0
060_090,rajendra_nagar_heavy_rain_demo,60,90,1800,RN_DNODE_00161,0.0,0.0,0.0,RN_DRAIN_00452,0.02637752433631995,synthetic_manning_scenario,0.0,0.0,0.0,0.0,0.0
060_090,rajendra_nagar_heavy_rain_demo,60,90,1800,RN_DNODE_00329,0.4541250207689073,0.0,0.4541250207689073,RN_DRAIN_00453,0.02637752433631995,synthetic_manning_scenario,0.0,0.02637752433631995,0.42774749643258736,0.0,769.9454935786572
060_090,rajendra_nagar_heavy_rain_demo,60,90,1800,RN_DNODE_00369,0.0,0.0,0.0,RN_DRAIN_00456,0.14438412066210826,synthetic_manning_scenario,0.0,0.0,0.0,0.0,0.0
060_090,rajendra_nagar_heavy_rain_demo,60,90,1800,RN_DNODE_00434,0.0,0.0,0.0,RN_DRAIN_00458,0.1495887056693421,synthetic_manning_scenario,0.0,0.0,0.0,0.0,0.0
060_090,rajendra_nagar_heavy_rain_demo,60,90,1800,RN_DNODE_00451,0.0,0.0,0.0,RN_DRAIN_00459,0.20938006290294106,synthetic_manning_scenario,0.0,0.0,0.0,0.0,0.0
060_090,rajendra_nagar_heavy_rain_demo,60,90,1800,RN_DNODE_00043,0.0,0.0,0.0,RN_DRAIN_00460,0.02637752433631995,synthetic_manning_scenario,0.0,0.0,0.0,0.0,0.0
060_090,rajendra_nagar_heavy_rain_demo,60,90,1800,RN_DNODE_00119,0.0,0.0,0.0,RN_DRAIN_00461,0.09743273367972305,synthetic_manning_scenario,0.0,0.0,0.0,0.0,0.0
060_090,rajendra_nagar_heavy_rain_demo,60,90,1800,RN_DNODE_00392,0.15400000360276964,0.0,0.15400000360276964,RN_DRAIN_00466,0.03484430030503481,synthetic_manning_scenario,0.0,0.03484430030503481,0.11915570329773482,0.0,214.4802659359227
060_090,rajendra_nagar_heavy_rain_demo,60,90,1800,RN_DNODE_00405,0.014875000847710504,0.0,0.014875000847710504,RN_DRAIN_00467,0.03484430030503481,synthetic_manning_scenario,0.0,0.014875000847710504,0.0,0.0,0.0
060_090,rajendra_nagar_heavy_rain_demo,60,90,1800,RN_DNODE_00412,0.028000000847710503,0.0,0.028000000847710503,RN_DRAIN_00468,0.03484430030503481,synthetic_manning_scenario,0.0,0.028000000847710503,0.0,0.0,0.0
060_090,rajendra_nagar_heavy_rain_demo,60,90,1800,RN_DNODE_00182,0.0,0.0,0.0,RN_DRAIN_00474,0.3460757329092977,synthetic_manning_scenario,0.0,0.0,0.0,0.0,0.0
060_090,rajendra_nagar_heavy_rain_demo,60,90,1800,RN_DNODE_00426,0.014875000847710504,0.0,0.014875000847710504,RN_DRAIN_00481,0.11954287044878092,synthetic_manning_scenario,0.0,0.014875000847710504,0.0,0.0,0.0
060_090,rajendra_nagar_heavy_rain_demo,60,90,1800,RN_DNODE_00117,0.0,0.0,0.0,RN_DRAIN_00483,0.03485428291526828,synthetic_manning_scenario,0.0,0.0,0.0,0.0,0.0
060_090,rajendra_nagar_heavy_rain_demo,60,90,1800,RN_DNODE_00128,0.0,0.0,0.0,RN_DRAIN_00484,0.02637752433631995,synthetic_manning_scenario,0.0,0.0,0.0,0.0,0.0
060_090,rajendra_nagar_heavy_rain_demo,60,90,1800,RN_DNODE_00158,0.0,0.0,0.0,RN_DRAIN_00486,0.22707203320513805,synthetic_manning_scenario,0.0,0.0,0.0,0.0,0.0
060_090,rajendra_nagar_heavy_rain_demo,60,90,1800,RN_DNODE_00433,0.028000000847710503,0.0,0.028000000847710503,RN_DRAIN_00494,0.0980023540468388,synthetic_manning_scenario,0.0,0.028000000847710503,0.0,0.0,0.0
060_090,rajendra_nagar_heavy_rain_demo,60,90,1800,RN_DNODE_00107,0.0,0.0,0.0,RN_DRAIN_00496,0.03483431483404455,synthetic_manning_scenario,0.0,0.0,0.0,0.0,0.0
060_090,rajendra_nagar_heavy_rain_demo,60,90,1800,RN_DNODE_00116,0.0,0.0,0.0,RN_DRAIN_00497,0.02637752433631995,synthetic_manning_scenario,0.0,0.0,0.0,0.0,0.0
060_090,rajendra_nagar_heavy_rain_demo,60,90,1800,RN_DNODE_00264,0.014875000847710504,0.0,0.014875000847710504,RN_DRAIN_00499,0.18405199949807394,synthetic_manning_scenario,0.0,0.014875000847710504,0.0,0.0,0.0
060_090,rajendra_nagar_heavy_rain_demo,60,90,1800,RN_DNODE_00410,0.0,0.0,0.0,RN_DRAIN_00502,0.10311891598683189,synthetic_manning_scenario,0.0,0.0,0.0,0.0,0.0
060_090,rajendra_nagar_heavy_rain_demo,60,90,1800,RN_DNODE_00099,0.0,0.0,0.0,RN_DRAIN_00505,0.03485428291526828,synthetic_manning_scenario,0.0,0.0,0.0,0.0,0.0
060_090,rajendra_nagar_heavy_rain_demo,60,90,1800,RN_DNODE_00106,0.0,0.0,0.0,RN_DRAIN_00506,0.02637752433631995,synthetic_manning_scenario,0.0,0.0,0.0,0.0,0.0
060_090,rajendra_nagar_heavy_rain_demo,60,90,1800,RN_DNODE_00263,0.0,0.0,0.0,RN_DRAIN_00508,0.13135106651046202,synthetic_manning_scenario,0.0,0.0,0.0,0.0,0.0
060_090,rajendra_nagar_heavy_rain_demo,60,90,1800,RN_DNODE_00089,0.0,0.0,0.0,RN_DRAIN_00513,0.02637752433631995,synthetic_manning_scenario,0.0,0.0,0.0,0.0,0.0
060_090,rajendra_nagar_heavy_rain_demo,60,90,1800,RN_DNODE_00090,0.0,0.0,0.0,RN_DRAIN_00514,0.02637752433631995,synthetic_manning_scenario,0.0,0.0,0.0,0.0,0.0
060_090,rajendra_nagar_heavy_rain_demo,60,90,1800,RN_DNODE_00098,0.0,0.0,0.0,RN_DRAIN_00515,0.02637752433631995,synthetic_manning_scenario,0.0,0.0,0.0,0.0,0.0
060_090,rajendra_nagar_heavy_rain_demo,60,90,1800,RN_DNODE_00262,0.014875000847710504,0.0,0.014875000847710504,RN_DRAIN_00520,0.19028600529539347,synthetic_manning_scenario,0.0,0.014875000847710504,0.0,0.0,0.0
060_090,rajendra_nagar_heavy_rain_demo,60,90,1800,RN_DNODE_00271,0.03062500105963813,0.0,0.03062500105963813,RN_DRAIN_00521,0.0954195777470258,synthetic_manning_scenario,0.0,0.03062500105963813,0.0,0.0,0.0
060_090,rajendra_nagar_heavy_rain_demo,60,90,1800,RN_DNODE_00389,0.0,0.0,0.0,RN_DRAIN_00526,0.03485428291526828,synthetic_manning_scenario,0.0,0.0,0.0,0.0,0.0
060_090,rajendra_nagar_heavy_rain_demo,60,90,1800,RN_DNODE_00438,0.15837500678168404,0.0,0.15837500678168404,RN_DRAIN_00528,0.22658585121858213,synthetic_manning_scenario,0.0,0.15837500678168404,0.0,0.0,0.0
060_090,rajendra_nagar_heavy_rain_demo,60,90,1800,RN_DNODE_00340,0.08575000339084202,0.0,0.08575000339084202,RN_DRAIN_00531,0.03485428291526828,synthetic_manning_scenario,0.0,0.03485428291526828,0.05089572047557374,0.0,91.61229685603273
060_090,rajendra_nagar_heavy_rain_demo,60,90,1800,RN_DNODE_00424,0.0,0.0,0.0,RN_DRAIN_00533,0.20569226626927573,synthetic_manning_scenario,0.0,0.0,0.0,0.0,0.0
060_090,rajendra_nagar_heavy_rain_demo,60,90,1800,RN_DNODE_00401,0.0,0.0,0.0,RN_DRAIN_00537,0.24741358548059755,synthetic_manning_scenario,0.0,0.0,0.0,0.0,0.0
060_090,rajendra_nagar_heavy_rain_demo,60,90,1800,RN_DNODE_00232,0.0,0.0,0.0,RN_DRAIN_00540,0.02637752433631995,synthetic_manning_scenario,0.0,0.0,0.0,0.0,0.0
060_090,rajendra_nagar_heavy_rain_demo,60,90,1800,RN_DNODE_00346,0.0,0.0,0.0,RN_DRAIN_00541,0.02637752433631995,synthetic_manning_scenario,0.0,0.0,0.0,0.0,0.0
060_090,rajendra_nagar_heavy_rain_demo,60,90,1800,RN_DNODE_00355,0.0,0.0,0.0,RN_DRAIN_00542,0.02637752433631995,synthetic_manning_scenario,0.0,0.0,0.0,0.0,0.0
060_090,rajendra_nagar_heavy_rain_demo,60,90,1800,RN_DNODE_00326,0.0,0.0,0.0,,,,,0.0,0.0,0.0,0.0
060_090,rajendra_nagar_heavy_rain_demo,60,90,1800,RN_DNODE_00327,0.0,0.0,0.0,,,,,0.0,0.0,0.0,0.0
060_090,rajendra_nagar_heavy_rain_demo,60,90,1800,RN_DNODE_00442,0.0,0.02637752433631995,0.02637752433631995,,,,,0.0,0.0,0.02637752433631995,0.0
060_090,rajendra_nagar_heavy_rain_demo,60,90,1800,RN_DNODE_00494,0.0,0.0,0.0,RN_DRAIN_00022,0.03485428291526828,synthetic_manning_scenario,0.0,0.0,0.0,0.0,0.0
060_090,rajendra_nagar_heavy_rain_demo,60,90,1800,RN_DNODE_00041,0.0,0.0,0.0,RN_DRAIN_00055,0.12723324562335805,synthetic_manning_scenario,0.0,0.0,0.0,0.0,0.0
060_090,rajendra_nagar_heavy_rain_demo,60,90,1800,RN_DNODE_00418,0.14437500317891439,0.05512500021192763,0.199500003390842,RN_DRAIN_00043,0.03484430030503481,synthetic_manning_scenario,0.0,0.03484430030503481,0.16465570308580718,0.0,296.38026555445293
060_090,rajendra_nagar_heavy_rain_demo,60,90,1800,RN_DNODE_00081,0.0,0.0,0.0,RN_DRAIN_00065,0.16428349070581968,synthetic_manning_scenario,0.0,0.0,0.0,0.0,0.0
060_090,rajendra_nagar_heavy_rain_demo,60,90,1800,RN_DNODE_00416,0.0,0.13572767824149176,0.13572767824149176,,,,,0.0,0.0,0.13572767824149176,0.0
060_090,rajendra_nagar_heavy_rain_demo,60,90,1800,RN_DNODE_00231,0.0,0.0,0.0,RN_DRAIN_00074,0.03484430030503481,synthetic_manning_scenario,0.0,0.0,0.0,0.0,0.0
060_090,rajendra_nagar_heavy_rain_demo,60,90,1800,RN_DNODE_00203,0.0,0.0,0.0,RN_DRAIN_00113,0.02637752433631995,synthetic_manning_scenario,0.0,0.0,0.0,0.0,0.0
060_090,rajendra_nagar_heavy_rain_demo,60,90,1800,RN_DNODE_00361,0.0,0.0,0.0,RN_DRAIN_00100,0.5915619686607586,synthetic_manning_scenario,0.0,0.0,0.0,0.0,0.0
060_090,rajendra_nagar_heavy_rain_demo,60,90,1800,RN_DNODE_00532,0.0,0.0,0.0,RN_DRAIN_00104,0.12723324562335805,synthetic_manning_scenario,0.0,0.0,0.0,0.0,0.0
060_090,rajendra_nagar_heavy_rain_demo,60,90,1800,RN_DNODE_00066,0.0,0.0,0.0,RN_DRAIN_00107,0.03484430030503481,synthetic_manning_scenario,0.0,0.0,0.0,0.0,0.0
060_090,rajendra_nagar_heavy_rain_demo,60,90,1800,RN_DNODE_00048,0.029750001695421007,0.014875000847710504,0.04462500254313151,RN_DRAIN_00122,0.03484430030503481,synthetic_manning_scenario,0.0,0.03484430030503481,0.009780702238096697,0.0,17.605264028574055
060_090,rajendra_nagar_heavy_rain_demo,60,90,1800,RN_DNODE_00004,0.04550000190734863,0.0,0.04550000190734863,RN_DRAIN_00149,0.13705656053423662,synthetic_manning_scenario,0.0,0.04550000190734863,0.0,0.0,0.0
060_090,rajendra_nagar_heavy_rain_demo,60,90,1800,RN_DNODE_00430,0.04287500169542101,0.05158812602898853,0.09446312772440954,RN_DRAIN_00184,0.1515365242075139,synthetic_manning_scenario,0.0,0.09446312772440954,0.0,0.0,0.0
060_090,rajendra_nagar_heavy_rain_demo,60,90,1800,RN_DNODE_00078,0.04550000190734863,0.14154681932172938,0.187046821229078,RN_DRAIN_00175,0.2530359490024738,synthetic_manning_scenario,0.0,0.187046821229078,0.0,0.0,0.0
060_090,rajendra_nagar_heavy_rain_demo,60,90,1800,RN_DNODE_00172,0.0,0.014875000847710504,0.014875000847710504,RN_DRAIN_00178,0.03484430030503481,synthetic_manning_scenario,0.0,0.014875000847710504,0.0,0.0,0.0
060_090,rajendra_nagar_heavy_rain_demo,60,90,1800,RN_DNODE_00486,0.48125002013312446,0.0,0.48125002013312446,RN_DRAIN_00209,0.03484430030503481,synthetic_manning_scenario,0.0,0.03484430030503481,0.44640571982808963,0.0,803.5302956905614
060_090,rajendra_nagar_heavy_rain_demo,60,90,1800,RN_DNODE_00003,0.015750000211927625,0.0,0.015750000211927625,RN_DRAIN_00198,0.03485428291526828,synthetic_manning_scenario,0.0,0.015750000211927625,0.0,0.0,0.0
060_090,rajendra_nagar_heavy_rain_demo,60,90,1800,RN_DNODE_00352,0.0,0.09006678976697921,0.09006678976697921,RN_DRAIN_00218,0.1521025124547665,synthetic_manning_scenario,0.0,0.09006678976697921,0.0,0.0,0.0
060_090,rajendra_nagar_heavy_rain_demo,60,90,1800,RN_DNODE_00543,0.0,0.07396532506289491,0.07396532506289491,RN_DRAIN_00237,0.03485428291526828,synthetic_manning_scenario,0.0,0.03485428291526828,0.03911104214762663,0.0,70.39987586572794
060_090,rajendra_nagar_heavy_rain_demo,60,90,1800,RN_DNODE_00554,0.0,0.03484430030503481,0.03484430030503481,RN_DRAIN_00255,0.03485428291526828,synthetic_manning_scenario,0.0,0.03484430030503481,0.0,0.0,0.0
060_090,rajendra_nagar_heavy_rain_demo,60,90,1800,RN_DNODE_00385,0.0,0.1120128954947173,0.1120128954947173,RN_DRAIN_00305,0.03485428291526828,synthetic_manning_scenario,0.0,0.03485428291526828,0.07715861257944902,0.0,138.88550264300824
060_090,rajendra_nagar_heavy_rain_demo,60,90,1800,RN_DNODE_00006,0.0,0.0,0.0,RN_DRAIN_00295,0.13383312250292473,synthetic_manning_scenario,0.0,0.0,0.0,0.0,0.0
060_090,rajendra_nagar_heavy_rain_demo,60,90,1800,RN_DNODE_00522,0.0,0.13737500190734864,0.13737500190734864,RN_DRAIN_00334,0.02637752433631995,synthetic_manning_scenario,0.0,0.02637752433631995,0.11099747757102868,0.0,199.7954596278516
060_090,rajendra_nagar_heavy_rain_demo,60,90,1800,RN_DNODE_00075,0.0,0.0,0.0,RN_DRAIN_00313,0.03484430030503481,synthetic_manning_scenario,0.0,0.0,0.0,0.0,0.0
060_090,rajendra_nagar_heavy_rain_demo,60,90,1800,RN_DNODE_00509,0.0,0.2625000052981906,0.2625000052981906,RN_DRAIN_00353,0.6213901470038218,synthetic_manning_scenario,0.0,0.2625000052981906,0.0,0.0,0.0
060_090,rajendra_nagar_heavy_rain_demo,60,90,1800,RN_DNODE_00024,0.0,0.0,0.0,RN_DRAIN_00379,0.07650391573267233,synthetic_manning_scenario,0.0,0.0,0.0,0.0,0.0
060_090,rajendra_nagar_heavy_rain_demo,60,90,1800,RN_DNODE_00499,0.0,0.0,0.0,,,,,0.0,0.0,0.0,0.0
060_090,rajendra_nagar_heavy_rain_demo,60,90,1800,RN_DNODE_00286,0.0,0.09803784543033917,0.09803784543033917,,,,,0.0,0.0,0.09803784543033917,0.0
060_090,rajendra_nagar_heavy_rain_demo,60,90,1800,RN_DNODE_00506,0.0,0.14778712746867345,0.14778712746867345,,,,,0.0,0.0,0.14778712746867345,0.0
060_090,rajendra_nagar_heavy_rain_demo,60,90,1800,RN_DNODE_00209,0.0,0.0,0.0,RN_DRAIN_00390,0.03485428291526828,synthetic_manning_scenario,0.0,0.0,0.0,0.0,0.0
060_090,rajendra_nagar_heavy_rain_demo,60,90,1800,RN_DNODE_00468,0.6772500112321642,0.0,0.6772500112321642,RN_DRAIN_00394,0.18293911365381266,synthetic_manning_scenario,0.0,0.18293911365381266,0.49431089757835156,0.0,889.7596156410328
060_090,rajendra_nagar_heavy_rain_demo,60,90,1800,RN_DNODE_00553,0.014875000847710504,0.0,0.014875000847710504,RN_DRAIN_00397,0.16888414661568568,synthetic_manning_scenario,0.0,0.014875000847710504,0.0,0.0,0.0
060_090,rajendra_nagar_heavy_rain_demo,60,90,1800,RN_DNODE_00488,0.0,0.0,0.0,RN_DRAIN_00419,0.3137595154941278,synthetic_manning_scenario,0.0,0.0,0.0,0.0,0.0
060_090,rajendra_nagar_heavy_rain_demo,60,90,1800,RN_DNODE_00427,0.5145000108083089,0.0,0.5145000108083089,RN_DRAIN_00457,0.03484430030503481,synthetic_manning_scenario,0.0,0.03484430030503481,0.47965571050327405,0.0,863.3802789058933
060_090,rajendra_nagar_heavy_rain_demo,60,90,1800,RN_DNODE_00444,0.0,0.0,0.0,,,,,0.0,0.0,0.0,0.0
060_090,rajendra_nagar_heavy_rain_demo,60,90,1800,RN_DNODE_00044,0.0,0.0,0.0,RN_DRAIN_00445,0.15060850351649752,synthetic_manning_scenario,0.0,0.0,0.0,0.0,0.0
060_090,rajendra_nagar_heavy_rain_demo,60,90,1800,RN_DNODE_00160,0.0,0.0,0.0,RN_DRAIN_00464,0.02637752433631995,synthetic_manning_scenario,0.0,0.0,0.0,0.0,0.0
060_090,rajendra_nagar_heavy_rain_demo,60,90,1800,RN_DNODE_00142,0.0,0.0,0.0,RN_DRAIN_00472,0.02637752433631995,synthetic_manning_scenario,0.0,0.0,0.0,0.0,0.0
060_090,rajendra_nagar_heavy_rain_demo,60,90,1800,RN_DNODE_00091,0.0,0.0,0.0,RN_DRAIN_00504,0.12723324562335805,synthetic_manning_scenario,0.0,0.0,0.0,0.0,0.0
060_090,rajendra_nagar_heavy_rain_demo,60,90,1800,RN_DNODE_00254,0.014875000847710504,0.014875000847710504,0.029750001695421007,RN_DRAIN_00519,0.16694910080064143,synthetic_manning_scenario,0.0,0.029750001695421007,0.0,0.0,0.0
060_090,rajendra_nagar_heavy_rain_demo,60,90,1800,RN_DNODE_00431,0.0,0.15837500678168404,0.15837500678168404,RN_DRAIN_00512,0.19810030056451727,synthetic_manning_scenario,0.0,0.15837500678168404,0.0,0.0,0.0
060_090,rajendra_nagar_heavy_rain_demo,60,90,1800,RN_DNODE_00419,0.0,0.0,0.0,RN_DRAIN_00527,0.21289946819313862,synthetic_manning_scenario,0.0,0.0,0.0,0.0,0.0
060_090,rajendra_nagar_heavy_rain_demo,60,90,1800,RN_DNODE_00388,0.0,0.0,0.0,RN_DRAIN_00535,0.21546094500843926,synthetic_manning_scenario,0.0,0.0,0.0,0.0,0.0
060_090,rajendra_nagar_heavy_rain_demo,60,90,1800,RN_DNODE_00205,0.0,0.0,0.0,RN_DRAIN_00539,0.03485428291526828,synthetic_manning_scenario,0.0,0.0,0.0,0.0,0.0
060_090,rajendra_nagar_heavy_rain_demo,60,90,1800,RN_DNODE_00347,0.0,0.0,0.0,RN_DRAIN_00536,0.12723324562335805,synthetic_manning_scenario,0.0,0.0,0.0,0.0,0.0
060_090,rajendra_nagar_heavy_rain_demo,60,90,1800,RN_DNODE_00491,0.0,0.0,0.0,RN_DRAIN_00021,0.12514738517223217,synthetic_manning_scenario,0.0,0.0,0.0,0.0,0.0
060_090,rajendra_nagar_heavy_rain_demo,60,90,1800,RN_DNODE_00033,0.20387500339084202,0.014875000847710504,0.21875000423855254,RN_DRAIN_00064,0.1272696969192279,synthetic_manning_scenario,0.0,0.1272696969192279,0.09148030731932463,0.0,164.66455317478434
060_090,rajendra_nagar_heavy_rain_demo,60,90,1800,RN_DNODE_00408,0.10500000317891439,0.03484430030503481,0.13984430348394922,RN_DRAIN_00035,0.03484430030503481,synthetic_manning_scenario,0.0,0.03484430030503481,0.1050000031789144,0.0,189.00000572204593
060_090,rajendra_nagar_heavy_rain_demo,60,90,1800,RN_DNODE_00080,0.0,0.0,0.0,RN_DRAIN_00073,0.136249552270857,synthetic_manning_scenario,0.0,0.0,0.0,0.0,0.0
060_090,rajendra_nagar_heavy_rain_demo,60,90,1800,RN_DNODE_00354,0.0,0.0,0.0,RN_DRAIN_00099,1.0609568644927327,synthetic_manning_scenario,0.0,0.0,0.0,0.0,0.0
060_090,rajendra_nagar_heavy_rain_demo,60,90,1800,RN_DNODE_00525,0.0,0.0,0.0,RN_DRAIN_00078,0.12723324562335805,synthetic_manning_scenario,0.0,0.0,0.0,0.0,0.0
060_090,rajendra_nagar_heavy_rain_demo,60,90,1800,RN_DNODE_00057,0.0,0.03484430030503481,0.03484430030503481,RN_DRAIN_00106,0.03484430030503481,synthetic_manning_scenario,0.0,0.03484430030503481,0.0,0.0,0.0
060_090,rajendra_nagar_heavy_rain_demo,60,90,1800,RN_DNODE_00008,0.014875000847710504,0.04550000190734863,0.06037500275505914,RN_DRAIN_00150,0.03485428291526828,synthetic_manning_scenario,0.0,0.03485428291526828,0.02552071983979086,0.0,45.93729571162355
060_090,rajendra_nagar_heavy_rain_demo,60,90,1800,RN_DNODE_00423,0.15837500678168404,0.09446312772440954,0.2528381345060936,RN_DRAIN_00183,0.04832201195748927,synthetic_manning_scenario,0.0,0.04832201195748927,0.20451612254860432,0.0,368.1290205874878
060_090,rajendra_nagar_heavy_rain_demo,60,90,1800,RN_DNODE_00087,0.0,0.187046821229078,0.187046821229078,RN_DRAIN_00176,0.2035500759701358,synthetic_manning_scenario,0.0,0.187046821229078,0.0,0.0,0.0
060_090,rajendra_nagar_heavy_rain_demo,60,90,1800,RN_DNODE_00477,0.04550000190734863,0.03484430030503481,0.08034430221238345,RN_DRAIN_00195,0.03485428291526828,synthetic_manning_scenario,0.0,0.03485428291526828,0.04549001929711517,0.0,81.8820347348073
060_090,rajendra_nagar_heavy_rain_demo,60,90,1800,RN_DNODE_00007,0.11812500317891439,0.015750000211927625,0.13387500339084202,RN_DRAIN_00199,0.03485428291526828,synthetic_manning_scenario,0.0,0.03485428291526828,0.09902072047557374,0.0,178.23729685603274
060_090,rajendra_nagar_heavy_rain_demo,60,90,1800,RN_DNODE_00538,0.0,0.03485428291526828,0.03485428291526828,RN_DRAIN_00236,0.17060773937777143,synthetic_manning_scenario,0.0,0.03485428291526828,0.0,0.0,0.0
060_090,rajendra_nagar_heavy_rain_demo,60,90,1800,RN_DNODE_00552,0.0,0.03484430030503481,0.03484430030503481,RN_DRAIN_00254,0.17430534728708405,synthetic_manning_scenario,0.0,0.03484430030503481,0.0,0.0,0.0
060_090,rajendra_nagar_heavy_rain_demo,60,90,1800,RN_DNODE_00009,0.0,0.0,0.0,RN_DRAIN_00281,0.07976312140829656,synthetic_manning_scenario,0.0,0.0,0.0,0.0,0.0
060_090,rajendra_nagar_heavy_rain_demo,60,90,1800,RN_DNODE_00084,0.0,0.0,0.0,RN_DRAIN_00296,0.08227504605900168,synthetic_manning_scenario,0.0,0.0,0.0,0.0,0.0
060_090,rajendra_nagar_heavy_rain_demo,60,90,1800,RN_DNODE_00029,0.0,0.0,0.0,RN_DRAIN_00387,0.19021651980638857,synthetic_manning_scenario,0.0,0.0,0.0,0.0,0.0
060_090,rajendra_nagar_heavy_rain_demo,60,90,1800,RN_DNODE_00469,0.07437500423855252,0.18293911365381266,0.2573141178923652,RN_DRAIN_00383,0.1353812142771686,synthetic_manning_scenario,0.0,0.1353812142771686,0.1219329036151966,0.0,219.47922650735387
060_090,rajendra_nagar_heavy_rain_demo,60,90,1800,RN_DNODE_00551,0.08575000339084202,0.014875000847710504,0.10062500423855252,RN_DRAIN_00396,0.08345058337269148,synthetic_manning_scenario,0.0,0.08345058337269148,0.01717442086586103,0.0,30.913957558549857
060_090,rajendra_nagar_heavy_rain_demo,60,90,1800,RN_DNODE_00484,0.0,0.0,0.0,,,,,0.0,0.0,0.0,0.0
060_090,rajendra_nagar_heavy_rain_demo,60,90,1800,RN_DNODE_00421,0.0,0.04971930115274532,0.04971930115274532,RN_DRAIN_00469,0.12723324562335805,synthetic_manning_scenario,0.0,0.04971930115274532,0.0,0.0,0.0
060_090,rajendra_nagar_heavy_rain_demo,60,90,1800,RN_DNODE_00051,0.0,0.0,0.0,RN_DRAIN_00446,0.05962720912031859,synthetic_manning_scenario,0.0,0.0,0.0,0.0,0.0
060_090,rajendra_nagar_heavy_rain_demo,60,90,1800,RN_DNODE_00144,0.0,0.0,0.0,RN_DRAIN_00451,0.03485428291526828,synthetic_manning_scenario,0.0,0.0,0.0,0.0,0.0
060_090,rajendra_nagar_heavy_rain_demo,60,90,1800,RN_DNODE_00100,0.0,0.0,0.0,RN_DRAIN_00495,0.12723324562335805,synthetic_manning_scenario,0.0,0.0,0.0,0.0,0.0
060_090,rajendra_nagar_heavy_rain_demo,60,90,1800,RN_DNODE_00233,0.06212500148349338,0.029750001695421007,0.0918750031789144,RN_DRAIN_00518,0.14235556684174894,synthetic_manning_scenario,0.0,0.0918750031789144,0.0,0.0,0.0
060_090,rajendra_nagar_heavy_rain_demo,60,90,1800,RN_DNODE_00432,0.0,0.15837500678168404,0.15837500678168404,RN_DRAIN_00503,0.11140874580493448,synthetic_manning_scenario,0.0,0.11140874580493448,0.04696626097674955,0.0,84.53926975814919
060_090,rajendra_nagar_heavy_rain_demo,60,90,1800,RN_DNODE_00409,0.0,0.0,0.0,RN_DRAIN_00511,0.02637752433631995,synthetic_manning_scenario,0.0,0.0,0.0,0.0,0.0
060_090,rajendra_nagar_heavy_rain_demo,60,90,1800,RN_DNODE_00380,0.0,0.0,0.0,RN_DRAIN_00532,0.03485428291526828,synthetic_manning_scenario,0.0,0.0,0.0,0.0,0.0
060_090,rajendra_nagar_heavy_rain_demo,60,90,1800,RN_DNODE_00179,0.0,0.0,0.0,RN_DRAIN_00538,0.044130157925467595,synthetic_manning_scenario,0.0,0.0,0.0,0.0,0.0
060_090,rajendra_nagar_heavy_rain_demo,60,90,1800,RN_DNODE_00339,0.12162500169542101,0.0,0.12162500169542101,RN_DRAIN_00534,1.0125751333185353,synthetic_manning_scenario,0.0,0.12162500169542101,0.0,0.0,0.0
060_090,rajendra_nagar_heavy_rain_demo,60,90,1800,RN_DNODE_00487,0.0,0.0,0.0,RN_DRAIN_00020,0.03485428291526828,synthetic_manning_scenario,0.0,0.0,0.0,0.0,0.0
060_090,rajendra_nagar_heavy_rain_demo,60,90,1800,RN_DNODE_00032,0.07350000275505914,0.1272696969192279,0.20076969967428704,RN_DRAIN_00072,0.12723324562335805,synthetic_manning_scenario,0.0,0.12723324562335805,0.07353645405092898,0.0,132.36561729167218
060_090,rajendra_nagar_heavy_rain_demo,60,90,1800,RN_DNODE_00398,0.0,0.03484430030503481,0.03484430030503481,RN_DRAIN_00028,0.03485428291526828,synthetic_manning_scenario,0.0,0.03484430030503481,0.0,0.0,0.0
060_090,rajendra_nagar_heavy_rain_demo,60,90,1800,RN_DNODE_00345,0.0,0.0,0.0,RN_DRAIN_00098,0.8518909483625728,synthetic_manning_scenario,0.0,0.0,0.0,0.0,0.0
060_090,rajendra_nagar_heavy_rain_demo,60,90,1800,RN_DNODE_00516,0.0,0.0,0.0,RN_DRAIN_00071,0.5640755664606801,synthetic_manning_scenario,0.0,0.0,0.0,0.0,0.0
060_090,rajendra_nagar_heavy_rain_demo,60,90,1800,RN_DNODE_00011,0.16625000529819065,0.03485428291526828,0.20110428821345894,RN_DRAIN_00151,0.03485428291526828,synthetic_manning_scenario,0.0,0.03485428291526828,0.16625000529819067,0.0,299.2500095367432
060_090,rajendra_nagar_heavy_rain_demo,60,90,1800,RN_DNODE_00414,0.04375000105963813,0.04832201195748927,0.0920720130171274,RN_DRAIN_00171,0.09781403471816273,synthetic_manning_scenario,0.0,0.0920720130171274,0.0,0.0,0.0
060_090,rajendra_nagar_heavy_rain_demo,60,90,1800,RN_DNODE_00096,0.2686250103844537,0.187046821229078,0.4556718316135317,RN_DRAIN_00186,0.151090496238554,synthetic_manning_scenario,0.0,0.151090496238554,0.30458133537497767,0.0,548.2464036749598
060_090,rajendra_nagar_heavy_rain_demo,60,90,1800,RN_DNODE_00478,0.046375001271565755,0.03485428291526828,0.08122928418683403,RN_DRAIN_00185,0.03485428291526828,synthetic_manning_scenario,0.0,0.03485428291526828,0.046375001271565755,0.0,83.47500228881836
060_090,rajendra_nagar_heavy_rain_demo,60,90,1800,RN_DNODE_00010,0.07525000360276964,0.03485428291526828,0.11010428651803791,RN_DRAIN_00200,0.03484430030503481,synthetic_manning_scenario,0.0,0.03484430030503481,0.0752599862130031,0.0,135.46797518340557
060_090,rajendra_nagar_heavy_rain_demo,60,90,1800,RN_DNODE_00531,0.0,0.03485428291526828,0.03485428291526828,RN_DRAIN_00251,0.12440295982607016,synthetic_manning_scenario,0.0,0.03485428291526828,0.0,0.0,0.0
060_090,rajendra_nagar_heavy_rain_demo,60,90,1800,RN_DNODE_00550,0.0,0.03484430030503481,0.03484430030503481,RN_DRAIN_00253,0.0834630887675077,synthetic_manning_scenario,0.0,0.03484430030503481,0.0,0.0,0.0
060_090,rajendra_nagar_heavy_rain_demo,60,90,1800,RN_DNODE_00012,0.0,0.0,0.0,RN_DRAIN_00269,0.03485428291526828,synthetic_manning_scenario,0.0,0.0,0.0,0.0,0.0
060_090,rajendra_nagar_heavy_rain_demo,60,90,1800,RN_DNODE_00094,0.0,0.0,0.0,RN_DRAIN_00297,0.12393226543861699,synthetic_manning_scenario,0.0,0.0,0.0,0.0,0.0
060_090,rajendra_nagar_heavy_rain_demo,60,90,1800,RN_DNODE_00036,0.0,0.0,0.0,RN_DRAIN_00399,0.1272696969192279,synthetic_manning_scenario,0.0,0.0,0.0,0.0,0.0
060_090,rajendra_nagar_heavy_rain_demo,60,90,1800,RN_DNODE_00457,0.014875000847710504,0.1353812142771686,0.1502562151248791,RN_DRAIN_00375,0.17518330495315723,synthetic_manning_scenario,0.0,0.1502562151248791,0.0,0.0,0.0
060_090,rajendra_nagar_heavy_rain_demo,60,90,1800,RN_DNODE_00549,0.04287500169542101,0.08345058337269148,0.12632558506811248,RN_DRAIN_00386,0.03485428291526828,synthetic_manning_scenario,0.0,0.03485428291526828,0.0914713021528442,0.0,164.64834387511956
060_090,rajendra_nagar_heavy_rain_demo,60,90,1800,RN_DNODE_00060,0.0,0.0,0.0,RN_DRAIN_00432,0.1272696969192279,synthetic_manning_scenario,0.0,0.0,0.0,0.0,0.0
060_090,rajendra_nagar_heavy_rain_demo,60,90,1800,RN_DNODE_00108,0.0,0.0,0.0,RN_DRAIN_00482,0.1272696969192279,synthetic_manning_scenario,0.0,0.0,0.0,0.0,0.0
060_090,rajendra_nagar_heavy_rain_demo,60,90,1800,RN_DNODE_00206,0.05862500190734863,0.0918750031789144,0.15050000508626302,RN_DRAIN_00517,0.03485428291526828,synthetic_manning_scenario,0.0,0.03485428291526828,0.11564572217099474,0.0,208.16229990779053
060_090,rajendra_nagar_heavy_rain_demo,60,90,1800,RN_DNODE_00425,0.38325000762939454,0.139408746652645,0.5226587542820396,RN_DRAIN_00493,0.36701701471119386,synthetic_manning_scenario,0.0,0.36701701471119386,0.1556417395708457,0.0,280.15513122752225
060_090,rajendra_nagar_heavy_rain_demo,60,90,1800,RN_DNODE_00381,0.0,0.0,0.0,RN_DRAIN_00525,0.03484430030503481,synthetic_manning_scenario,0.0,0.0,0.0,0.0,0.0
060_090,rajendra_nagar_heavy_rain_demo,60,90,1800,RN_DNODE_00178,0.0,0.0,0.0,,,,,0.0,0.0,0.0,0.0
060_090,rajendra_nagar_heavy_rain_demo,60,90,1800,RN_DNODE_00328,0.03062500105963813,0.15647928461068927,0.1871042856703274,RN_DRAIN_00530,0.1272696969192279,synthetic_manning_scenario,0.0,0.1272696969192279,0.05983458875109951,0.0,107.70225975197911
060_090,rajendra_nagar_heavy_rain_demo,60,90,1800,RN_DNODE_00483,0.0,0.0,0.0,RN_DRAIN_00019,0.1831443771284688,synthetic_manning_scenario,0.0,0.0,0.0,0.0,0.0
060_090,rajendra_nagar_heavy_rain_demo,60,90,1800,RN_DNODE_00040,0.07262500339084202,0.12723324562335805,0.19985824901420007,RN_DRAIN_00081,0.5017366265441451,synthetic_manning_scenario,0.0,0.19985824901420007,0.0,0.0,0.0
060_090,rajendra_nagar_heavy_rain_demo,60,90,1800,RN_DNODE_00399,0.0,0.03484430030503481,0.03484430030503481,RN_DRAIN_00015,0.13777301901343705,synthetic_manning_scenario,0.0,0.03484430030503481,0.0,0.0,0.0
060_090,rajendra_nagar_heavy_rain_demo,60,90,1800,RN_DNODE_00517,0.0,0.0,0.0,RN_DRAIN_00063,0.1272696969192279,synthetic_manning_scenario,0.0,0.0,0.0,0.0,0.0
060_090,rajendra_nagar_heavy_rain_demo,60,90,1800,RN_DNODE_00016,0.014875000847710504,0.03485428291526828,0.04972928376297878,RN_DRAIN_00152,0.04100835586442703,synthetic_manning_scenario,0.0,0.04100835586442703,0.00872092789855175,0.0,15.697670217393151
060_090,rajendra_nagar_heavy_rain_demo,60,90,1800,RN_DNODE_00407,0.05862500190734863,0.0920720130171274,0.15069701492447604,RN_DRAIN_00170,0.03485428291526828,synthetic_manning_scenario,0.0,0.03485428291526828,0.11584273200920776,0.0,208.51691761657398
060_090,rajendra_nagar_heavy_rain_demo,60,90,1800,RN_DNODE_00104,0.04375000105963813,0.151090496238554,0.19484049729819214,RN_DRAIN_00187,0.044467843567026905,synthetic_manning_scenario,0.0,0.044467843567026905,0.15037265373116523,0.0,270.6707767160974
060_090,rajendra_nagar_heavy_rain_demo,60,90,1800,RN_DNODE_00479,0.04550000190734863,0.03485428291526828,0.08035428482261692,RN_DRAIN_00173,0.09995654869004258,synthetic_manning_scenario,0.0,0.08035428482261692,0.0,0.0,0.0
060_090,rajendra_nagar_heavy_rain_demo,60,90,1800,RN_DNODE_00015,0.07262500339084202,0.03484430030503481,0.10746930369587683,RN_DRAIN_00210,0.03485428291526828,synthetic_manning_scenario,0.0,0.03485428291526828,0.07261502078060855,0.0,130.7070374050954
060_090,rajendra_nagar_heavy_rain_demo,60,90,1800,RN_DNODE_00548,0.2651250065697564,0.03484430030503481,0.29996930687479123,RN_DRAIN_00252,0.18704808214959012,synthetic_manning_scenario,0.0,0.18704808214959012,0.11292122472520111,0.0,203.258204505362
060_090,rajendra_nagar_heavy_rain_demo,60,90,1800,RN_DNODE_00013,0.0,0.0,0.0,RN_DRAIN_00256,0.06221965419535514,synthetic_manning_scenario,0.0,0.0,0.0,0.0,0.0
060_090,rajendra_nagar_heavy_rain_demo,60,90,1800,RN_DNODE_00102,0.0,0.0,0.0,RN_DRAIN_00284,0.03485428291526828,synthetic_manning_scenario,0.0,0.0,0.0,0.0,0.0
060_090,rajendra_nagar_heavy_rain_demo,60,90,1800,RN_DNODE_00045,0.0,0.0,0.0,RN_DRAIN_00400,0.12719678388149364,synthetic_manning_scenario,0.0,0.0,0.0,0.0,0.0
060_090,rajendra_nagar_heavy_rain_demo,60,90,1800,RN_DNODE_00458,0.3316250122918023,0.23513121703222772,0.56675622932403,RN_DRAIN_00368,0.391656185493259,synthetic_manning_scenario,0.0,0.391656185493259,0.17510004383077105,0.0,315.1800788953879
060_090,rajendra_nagar_heavy_rain_demo,60,90,1800,RN_DNODE_00547,0.04462500254313151,0.03485428291526828,0.07947928545839979,RN_DRAIN_00385,0.03485428291526828,synthetic_manning_scenario,0.0,0.03485428291526828,0.04462500254313151,0.0,80.32500457763672
060_090,rajendra_nagar_heavy_rain_demo,60,90,1800,RN_DNODE_00068,0.16362500190734863,0.029750001695421007,0.19337500360276963,RN_DRAIN_00433,0.1272696969192279,synthetic_manning_scenario,0.0,0.1272696969192279,0.06610530668354173,0.0,118.98955203037511
060_090,rajendra_nagar_heavy_rain_demo,60,90,1800,RN_DNODE_00118,0.0,0.0,0.0,RN_DRAIN_00470,0.12723324562335805,synthetic_manning_scenario,0.0,0.0,0.0,0.0,0.0
060_090,rajendra_nagar_heavy_rain_demo,60,90,1800,RN_DNODE_00180,0.16275000360276964,0.03485428291526828,0.1976042865180379,RN_DRAIN_00516,0.03484430030503481,synthetic_manning_scenario,0.0,0.03484430030503481,0.16275998621300308,0.0,292.96797518340554
060_090,rajendra_nagar_heavy_rain_demo,60,90,1800,RN_DNODE_00420,0.014875000847710504,0.36701701471119386,0.38189201555890434,RN_DRAIN_00480,0.4455532640291579,synthetic_manning_scenario,0.0,0.38189201555890434,0.0,0.0,0.0
060_090,rajendra_nagar_heavy_rain_demo,60,90,1800,RN_DNODE_00390,0.0,0.0,0.0,RN_DRAIN_00510,0.3236021441753258,synthetic_manning_scenario,0.0,0.0,0.0,0.0,0.0
060_090,rajendra_nagar_heavy_rain_demo,60,90,1800,RN_DNODE_00313,0.0,0.1272696969192279,0.1272696969192279,RN_DRAIN_00529,0.43897728400959335,synthetic_manning_scenario,0.0,0.1272696969192279,0.0,0.0,0.0
060_090,rajendra_nagar_heavy_rain_demo,60,90,1800,RN_DNODE_00474,0.0,0.0,0.0,RN_DRAIN_00018,0.07184184000329723,synthetic_manning_scenario,0.0,0.0,0.0,0.0,0.0
060_090,rajendra_nagar_heavy_rain_demo,60,90,1800,RN_DNODE_00050,0.0,0.19985824901420007,0.19985824901420007,RN_DRAIN_00082,0.1272696969192279,synthetic_manning_scenario,0.0,0.1272696969192279,0.07258855209497217,0.0,130.65939377094992
060_090,rajendra_nagar_heavy_rain_demo,60,90,1800,RN_DNODE_00400,0.0,0.03484430030503481,0.03484430030503481,RN_DRAIN_00010,0.12497491764534203,synthetic_manning_scenario,0.0,0.03484430030503481,0.0,0.0,0.0
060_090,rajendra_nagar_heavy_rain_demo,60,90,1800,RN_DNODE_00504,1.1016250207689073,0.029750001695421007,1.1313750224643284,RN_DRAIN_00053,0.15694054372586286,synthetic_manning_scenario,0.0,0.15694054372586286,0.9744344787384656,0.0,1753.982061729238
060_090,rajendra_nagar_heavy_rain_demo,60,90,1800,RN_DNODE_00019,0.07262500127156575,0.04100835586442703,0.11363335713599279,RN_DRAIN_00153,0.03485428291526828,synthetic_manning_scenario,0.0,0.03485428291526828,0.07877907422072451,0.0,141.8023335973041
060_090,rajendra_nagar_heavy_rain_demo,60,90,1800,RN_DNODE_00397,0.20825000974867078,0.03485428291526828,0.24310429266393907,RN_DRAIN_00169,0.03484430030503481,synthetic_manning_scenario,0.0,0.03484430030503481,0.20825999235890424,0.0,374.8679862460276
060_090,rajendra_nagar_heavy_rain_demo,60,90,1800,RN_DNODE_00113,0.04287500169542101,0.044467843567026905,0.08734284526244791,RN_DRAIN_00188,0.13686859948507724,synthetic_manning_scenario,0.0,0.08734284526244791,0.0,0.0,0.0
060_090,rajendra_nagar_heavy_rain_demo,60,90,1800,RN_DNODE_00480,0.046375001271565755,0.08035428482261692,0.12672928609418266,RN_DRAIN_00160,0.06233696028667062,synthetic_manning_scenario,0.0,0.06233696028667062,0.06439232580751203,0.0,115.90618645352166
060_090,rajendra_nagar_heavy_rain_demo,60,90,1800,RN_DNODE_00018,0.19425000614590116,0.03485428291526828,0.22910428906116942,RN_DRAIN_00220,0.12723324562335805,synthetic_manning_scenario,0.0,0.12723324562335805,0.10187104343781136,0.0,183.36787818806044
060_090,rajendra_nagar_heavy_rain_demo,60,90,1800,RN_DNODE_00545,0.0,0.18704808214959012,0.18704808214959012,RN_DRAIN_00268,0.18815700295850665,synthetic_manning_scenario,0.0,0.18704808214959012,0.0,0.0,0.0
060_090,rajendra_nagar_heavy_rain_demo,60,90,1800,RN_DNODE_00017,0.25637500445048017,0.0,0.25637500445048017,RN_DRAIN_00240,0.03485428291526828,synthetic_manning_scenario,0.0,0.03485428291526828,0.2215207215352119,0.0,398.73729876338143
060_090,rajendra_nagar_heavy_rain_demo,60,90,1800,RN_DNODE_00111,0.8863750129275851,0.0,0.8863750129275851,RN_DRAIN_00285,0.03484430030503481,synthetic_manning_scenario,0.0,0.03484430030503481,0.8515307126225503,0.0,1532.7552827205905
060_090,rajendra_nagar_heavy_rain_demo,60,90,1800,RN_DNODE_00053,0.0,0.0,0.0,RN_DRAIN_00401,0.1272696969192279,synthetic_manning_scenario,0.0,0.0,0.0,0.0,0.0
060_090,rajendra_nagar_heavy_rain_demo,60,90,1800,RN_DNODE_00454,0.40775000784132215,0.4222811865528971,0.8300311943942192,RN_DRAIN_00359,0.48087166299014095,synthetic_manning_scenario,0.0,0.48087166299014095,0.3491595314040783,0.0,628.487156527341
060_090,rajendra_nagar_heavy_rain_demo,60,90,1800,RN_DNODE_00544,0.34387500762939455,0.03485428291526828,0.3787292905446628,RN_DRAIN_00384,0.15013191509707569,synthetic_manning_scenario,0.0,0.15013191509707569,0.22859737544758713,0.0,411.47527580565685
060_090,rajendra_nagar_heavy_rain_demo,60,90,1800,RN_DNODE_00157,0.06037500275505914,0.03484430030503481,0.09521930306009395,RN_DRAIN_00507,0.3596921468391413,synthetic_manning_scenario,0.0,0.09521930306009395,0.0,0.0,0.0
060_090,rajendra_nagar_heavy_rain_demo,60,90,1800,RN_DNODE_00411,0.10062500423855252,0.43161131671164965,0.5322363209502021,RN_DRAIN_00479,0.30124813859248456,synthetic_manning_scenario,0.0,0.30124813859248456,0.23098818235771756,0.0,415.77872824389163
060_090,rajendra_nagar_heavy_rain_demo,60,90,1800,RN_DNODE_00402,0.0,0.0,0.0,RN_DRAIN_00501,0.5315703032862718,synthetic_manning_scenario,0.0,0.0,0.0,0.0,0.0
060_090,rajendra_nagar_heavy_rain_demo,60,90,1800,RN_DNODE_00295,0.13387500551011827,0.1272696969192279,0.2611447024293462,RN_DRAIN_00524,0.4840443716707854,synthetic_manning_scenario,0.0,0.2611447024293462,0.0,0.0,0.0
060_090,rajendra_nagar_heavy_rain_demo,60,90,1800,RN_DNODE_00467,0.2861250082651774,0.0,0.2861250082651774,RN_DRAIN_00017,0.03485428291526828,synthetic_manning_scenario,0.0,0.03485428291526828,0.25127072534990913,0.0,452.28730562983645
060_090,rajendra_nagar_heavy_rain_demo,60,90,1800,RN_DNODE_00387,0.0,0.03484430030503481,0.03484430030503481,RN_DRAIN_00004,0.02637752433631995,synthetic_manning_scenario,0.0,0.02637752433631995,0.008466775968714861,0.0,15.24019674368675
060_090,rajendra_nagar_heavy_rain_demo,60,90,1800,RN_DNODE_00505,0.0,0.15694054372586286,0.15694054372586286,,,,,0.0,0.0,0.15694054372586286,0.0
060_090,rajendra_nagar_heavy_rain_demo,60,90,1800,RN_DNODE_00023,0.22050000614590115,0.03485428291526828,0.2553542890611694,RN_DRAIN_00154,0.03485428291526828,synthetic_manning_scenario,0.0,0.03485428291526828,0.22050000614590115,0.0,396.90001106262207
060_090,rajendra_nagar_heavy_rain_demo,60,90,1800,RN_DNODE_00386,0.07700000233120388,0.03484430030503481,0.1118443026362387,RN_DRAIN_00159,0.06828671863062642,synthetic_manning_scenario,0.0,0.06828671863062642,0.04355758400561227,0.0,78.40365121010208
060_090,rajendra_nagar_heavy_rain_demo,60,90,1800,RN_DNODE_00125,0.0,0.08734284526244791,0.08734284526244791,RN_DRAIN_00177,0.29797263860351214,synthetic_manning_scenario,0.0,0.08734284526244791,0.0,0.0,0.0
060_090,rajendra_nagar_heavy_rain_demo,60,90,1800,RN_DNODE_00481,0.1330000040266249,0.06233696028667062,0.19533696431329553,RN_DRAIN_00147,0.03485428291526828,synthetic_manning_scenario,0.0,0.03485428291526828,0.16048268139802724,0.0,288.868826516449
060_090,rajendra_nagar_heavy_rain_demo,60,90,1800,RN_DNODE_00542,0.0,0.18704808214959012,0.18704808214959012,RN_DRAIN_00267,0.03485428291526828,synthetic_manning_scenario,0.0,0.03485428291526828,0.15219379923432186,0.0,273.9488386217794
060_090,rajendra_nagar_heavy_rain_demo,60,90,1800,RN_DNODE_00021,0.04375000105963813,0.1969418114538946,0.24069181251353275,RN_DRAIN_00241,0.12723324562335805,synthetic_manning_scenario,0.0,0.12723324562335805,0.1134585668901747,0.0,204.22542040231446
060_090,rajendra_nagar_heavy_rain_demo,60,90,1800,RN_DNODE_00122,0.0,0.03484430030503481,0.03484430030503481,RN_DRAIN_00298,0.03484430030503481,synthetic_manning_scenario,0.0,0.03484430030503481,0.0,0.0,0.0
060_090,rajendra_nagar_heavy_rain_demo,60,90,1800,RN_DNODE_00062,0.0,0.0,0.0,RN_DRAIN_00412,0.12723324562335805,synthetic_manning_scenario,0.0,0.0,0.0,0.0,0.0
060_090,rajendra_nagar_heavy_rain_demo,60,90,1800,RN_DNODE_00445,0.0,0.48087166299014095,0.48087166299014095,RN_DRAIN_00352,0.7483774137344394,synthetic_manning_scenario,0.0,0.48087166299014095,0.0,0.0,0.0
060_090,rajendra_nagar_heavy_rain_demo,60,90,1800,RN_DNODE_00540,0.08925000296698676,0.15013191509707569,0.23938191806406245,RN_DRAIN_00378,0.1348146985507728,synthetic_manning_scenario,0.0,0.1348146985507728,0.10456721951328965,0.0,188.22099512392137
060_090,rajendra_nagar_heavy_rain_demo,60,90,1800,RN_DNODE_00140,0.0,0.09521930306009395,0.09521930306009395,RN_DRAIN_00498,0.31364418229729374,synthetic_manning_scenario,0.0,0.09521930306009395,0.0,0.0,0.0
060_090,rajendra_nagar_heavy_rain_demo,60,90,1800,RN_DNODE_00404,0.028000000847710503,0.32924813944019504,0.3572481402879055,RN_DRAIN_00478,0.30124813859248456,synthetic_manning_scenario,0.0,0.30124813859248456,0.056000001695420965,0.0,100.80000305175774
060_090,rajendra_nagar_heavy_rain_demo,60,90,1800,RN_DNODE_00403,0.0,0.0,0.0,RN_DRAIN_00492,0.48250869403237323,synthetic_manning_scenario,0.0,0.0,0.0,0.0,0.0
060_090,rajendra_nagar_heavy_rain_demo,60,90,1800,RN_DNODE_00284,0.05862500190734863,0.2611447024293462,0.3197697043366948,RN_DRAIN_00523,0.8030954072736205,synthetic_manning_scenario,0.0,0.3197697043366948,0.0,0.0,0.0
060_090,rajendra_nagar_heavy_rain_demo,60,90,1800,RN_DNODE_00379,0.0,0.02637752433631995,0.02637752433631995,,,,,0.0,0.0,0.02637752433631995,0.0
060_090,rajendra_nagar_heavy_rain_demo,60,90,1800,RN_DNODE_00027,0.0918750031789144,0.03485428291526828,0.12672928609418266,RN_DRAIN_00155,0.03484430030503481,synthetic_manning_scenario,0.0,0.03484430030503481,0.09188498578914785,0.0,165.39297442046612
060_090,rajendra_nagar_heavy_rain_demo,60,90,1800,RN_DNODE_00378,0.0918750031789144,0.06828671863062642,0.1601617218095408,RN_DRAIN_00146,0.12524186330580878,synthetic_manning_scenario,0.0,0.12524186330580878,0.034919858503732026,0.0,62.85574530671765
060_090,rajendra_nagar_heavy_rain_demo,60,90,1800,RN_DNODE_00136,0.0,0.08734284526244791,0.08734284526244791,RN_DRAIN_00161,0.16698035472771766,synthetic_manning_scenario,0.0,0.08734284526244791,0.0,0.0,0.0
060_090,rajendra_nagar_heavy_rain_demo,60,90,1800,RN_DNODE_00482,0.029750001695421007,0.03485428291526828,0.06460428461068929,RN_DRAIN_00134,0.03484430030503481,synthetic_manning_scenario,0.0,0.03484430030503481,0.029759984305654477,0.0,53.56797175017806
060_090,rajendra_nagar_heavy_rain_demo,60,90,1800,RN_DNODE_00537,0.0,0.03485428291526828,0.03485428291526828,RN_DRAIN_00266,0.1272696969192279,synthetic_manning_scenario,0.0,0.03485428291526828,0.0,0.0,0.0
060_090,rajendra_nagar_heavy_rain_demo,60,90,1800,RN_DNODE_00026,0.046375001271565755,0.12723324562335805,0.17360824689492382,RN_DRAIN_00257,0.7029886526903337,synthetic_manning_scenario,0.0,0.17360824689492382,0.0,0.0,0.0
060_090,rajendra_nagar_heavy_rain_demo,60,90,1800,RN_DNODE_00133,0.0,0.03484430030503481,0.03484430030503481,RN_DRAIN_00314,0.1550630537514668,synthetic_manning_scenario,0.0,0.03484430030503481,0.0,0.0,0.0
060_090,rajendra_nagar_heavy_rain_demo,60,90,1800,RN_DNODE_00069,1.1830000156826443,0.0,1.1830000156826443,RN_DRAIN_00421,0.12723324562335805,synthetic_manning_scenario,0.0,0.12723324562335805,1.0557667700592863,0.0,1900.3801861067154
060_090,rajendra_nagar_heavy_rain_demo,60,90,1800,RN_DNODE_00446,0.09975000275505913,0.48087166299014095,0.5806216657452001,RN_DRAIN_00345,0.6085297810986018,synthetic_manning_scenario,0.0,0.5806216657452001,0.0,0.0,0.0
060_090,rajendra_nagar_heavy_rain_demo,60,90,1800,RN_DNODE_00536,0.14350000381469727,0.1696689814660411,0.31316898528073833,RN_DRAIN_00369,0.18393770855067063,synthetic_manning_scenario,0.0,0.18393770855067063,0.1292312767300677,0.0,232.61629811412186
060_090,rajendra_nagar_heavy_rain_demo,60,90,1800,RN_DNODE_00141,0.0,0.09521930306009395,0.09521930306009395,RN_DRAIN_00485,0.02637752433631995,synthetic_manning_scenario,0.0,0.02637752433631995,0.068841778723774,0.0,123.91520170279321
060_090,rajendra_nagar_heavy_rain_demo,60,90,1800,RN_DNODE_00391,0.5206250042385525,0.31612313944019504,0.8367481436787476,RN_DRAIN_00477,0.30124813859248456,synthetic_manning_scenario,0.0,0.30124813859248456,0.535500005086263,0.0,963.9000091552736
060_090,rajendra_nagar_heavy_rain_demo,60,90,1800,RN_DNODE_00278,0.16800000614590116,0.3197697043366948,0.487769710482596,RN_DRAIN_00522,0.4808041363512746,synthetic_manning_scenario,0.0,0.4808041363512746,0.006965574131321373,0.0,12.53803343637847
060_090,rajendra_nagar_heavy_rain_demo,60,90,1800,RN_DNODE_00031,0.0,0.03484430030503481,0.03484430030503481,RN_DRAIN_00135,0.03484430030503481,synthetic_manning_scenario,0.0,0.03484430030503481,0.0,0.0,0.0
060_090,rajendra_nagar_heavy_rain_demo,60,90,1800,RN_DNODE_00373,0.0,0.12524186330580878,0.12524186330580878,RN_DRAIN_00132,0.1267604035528174,synthetic_manning_scenario,0.0,0.12524186330580878,0.0,0.0,0.0
060_090,rajendra_nagar_heavy_rain_demo,60,90,1800,RN_DNODE_00153,0.0,0.08734284526244791,0.08734284526244791,RN_DRAIN_00162,0.20061316841502458,synthetic_manning_scenario,0.0,0.08734284526244791,0.0,0.0,0.0
060_090,rajendra_nagar_heavy_rain_demo,60,90,1800,RN_DNODE_00472,0.029750001695421007,0.06546930136467294,0.09521930306009395,RN_DRAIN_00119,0.1272696969192279,synthetic_manning_scenario,0.0,0.09521930306009395,0.0,0.0,0.0
060_090,rajendra_nagar_heavy_rain_demo,60,90,1800,RN_DNODE_00530,0.0,0.03485428291526828,0.03485428291526828,RN_DRAIN_00265,0.12723324562335805,synthetic_manning_scenario,0.0,0.03485428291526828,0.0,0.0,0.0
060_090,rajendra_nagar_heavy_rain_demo,60,90,1800,RN_DNODE_00025,0.0,0.17360824689492382,0.17360824689492382,RN_DRAIN_00270,0.12723324562335805,synthetic_manning_scenario,0.0,0.12723324562335805,0.04637500127156577,0.0,83.47500228881839
060_090,rajendra_nagar_heavy_rain_demo,60,90,1800,RN_DNODE_00148,0.0,0.03484430030503481,0.03484430030503481,RN_DRAIN_00315,0.1734811093212871,synthetic_manning_scenario,0.0,0.03484430030503481,0.0,0.0,0.0
060_090,rajendra_nagar_heavy_rain_demo,60,90,1800,RN_DNODE_00073,0.0,0.254502942542586,0.254502942542586,RN_DRAIN_00434,0.46733711847571097,synthetic_manning_scenario,0.0,0.254502942542586,0.0,0.0,0.0
060_090,rajendra_nagar_heavy_rain_demo,60,90,1800,RN_DNODE_00526,0.0,0.18393770855067063,0.18393770855067063,RN_DRAIN_00363,0.8884739605124451,synthetic_manning_scenario,0.0,0.18393770855067063,0.0,0.0,0.0
060_090,rajendra_nagar_heavy_rain_demo,60,90,1800,RN_DNODE_00129,0.0,0.02637752433631995,0.02637752433631995,RN_DRAIN_00471,0.03485428291526828,synthetic_manning_scenario,0.0,0.02637752433631995,0.0,0.0,0.0
060_090,rajendra_nagar_heavy_rain_demo,60,90,1800,RN_DNODE_00382,0.029750001695421007,0.3360924388975194,0.3658424405929404,RN_DRAIN_00476,1.5879626023456346,synthetic_manning_scenario,0.0,0.3658424405929404,0.0,0.0,0.0
060_090,rajendra_nagar_heavy_rain_demo,60,90,1800,RN_DNODE_00272,0.0,0.5114291374109128,0.5114291374109128,RN_DRAIN_00509,0.8534250354908414,synthetic_manning_scenario,0.0,0.5114291374109128,0.0,0.0,0.0
060_090,rajendra_nagar_heavy_rain_demo,60,90,1800,RN_DNODE_00039,0.09887500339084201,0.06122182464135476,0.16009682803219677,RN_DRAIN_00121,0.12723324562335805,synthetic_manning_scenario,0.0,0.12723324562335805,0.032863582408838715,0.0,59.154448335909684
060_090,rajendra_nagar_heavy_rain_demo,60,90,1800,RN_DNODE_00365,0.07437500211927627,0.12524186330580878,0.19961686542508505,RN_DRAIN_00145,0.21676002461835764,synthetic_manning_scenario,0.0,0.19961686542508505,0.0,0.0,0.0
060_090,rajendra_nagar_heavy_rain_demo,60,90,1800,RN_DNODE_00174,0.0,0.08734284526244791,0.08734284526244791,RN_DRAIN_00156,0.03484430030503481,synthetic_manning_scenario,0.0,0.03484430030503481,0.0524985449574131,0.0,94.49738092334358
060_090,rajendra_nagar_heavy_rain_demo,60,90,1800,RN_DNODE_00473,0.07437500211927627,0.09521930306009395,0.1695943051793702,RN_DRAIN_00102,0.12723324562335805,synthetic_manning_scenario,0.0,0.12723324562335805,0.04236105955601216,0.0,76.24990720082188
060_090,rajendra_nagar_heavy_rain_demo,60,90,1800,RN_DNODE_00523,0.0,0.06970856583053656,0.06970856583053656,RN_DRAIN_00250,0.33976832673800367,synthetic_manning_scenario,0.0,0.06970856583053656,0.0,0.0,0.0
060_090,rajendra_nagar_heavy_rain_demo,60,90,1800,RN_DNODE_00030,0.0,0.12723324562335805,0.12723324562335805,RN_DRAIN_00282,0.6385097114211645,synthetic_manning_scenario,0.0,0.12723324562335805,0.0,0.0,0.0
060_090,rajendra_nagar_heavy_rain_demo,60,90,1800,RN_DNODE_00167,0.0,0.03484430030503481,0.03484430030503481,RN_DRAIN_00299,0.30262734913588674,synthetic_manning_scenario,0.0,0.03484430030503481,0.0,0.0,0.0
060_090,rajendra_nagar_heavy_rain_demo,60,90,1800,RN_DNODE_00083,0.0,0.254502942542586,0.254502942542586,RN_DRAIN_00422,0.8950470007614398,synthetic_manning_scenario,0.0,0.254502942542586,0.0,0.0,0.0
060_090,rajendra_nagar_heavy_rain_demo,60,90,1800,RN_DNODE_00520,0.069125001695421,0.2845627127892231,0.35368771448464414,RN_DRAIN_00354,0.8904712544361131,synthetic_manning_scenario,0.0,0.35368771448464414,0.0,0.0,0.0
060_090,rajendra_nagar_heavy_rain_demo,60,90,1800,RN_DNODE_00130,0.0,0.02637752433631995,0.02637752433631995,RN_DRAIN_00462,0.1272696969192279,synthetic_manning_scenario,0.0,0.02637752433631995,0.0,0.0,0.0
060_090,rajendra_nagar_heavy_rain_demo,60,90,1800,RN_DNODE_00374,0.0,0.3658424405929404,0.3658424405929404,RN_DRAIN_00475,1.3110899309156265,synthetic_manning_scenario,0.0,0.3658424405929404,0.0,0.0,0.0
060_090,rajendra_nagar_heavy_rain_demo,60,90,1800,RN_DNODE_00273,0.07087500360276965,0.5114291374109128,0.5823041410136824,RN_DRAIN_00500,0.3882542420713991,synthetic_manning_scenario,0.0,0.3882542420713991,0.19404989894228336,0.0,349.28981809611
060_090,rajendra_nagar_heavy_rain_demo,60,90,1800,RN_DNODE_00049,0.014875000847710504,0.12723324562335805,0.14210824647106857,RN_DRAIN_00105,0.1272696969192279,synthetic_manning_scenario,0.0,0.1272696969192279,0.014838549551840663,0.0,26.709389193313193
060_090,rajendra_nagar_heavy_rain_demo,60,90,1800,RN_DNODE_00360,0.044625000423855254,0.19961686542508505,0.2442418658489403,RN_DRAIN_00144,0.10887560820568472,synthetic_manning_scenario,0.0,0.10887560820568472,0.1353662576432556,0.0,243.6592637578601
060_090,rajendra_nagar_heavy_rain_demo,60,90,1800,RN_DNODE_00460,0.04550000190734863,0.12723324562335805,0.17273324753070668,RN_DRAIN_00077,0.1272696969192279,synthetic_manning_scenario,0.0,0.1272696969192279,0.045463550611478776,0.0,81.83439110066179
060_090,rajendra_nagar_heavy_rain_demo,60,90,1800,RN_DNODE_00515,0.0,0.06970856583053656,0.06970856583053656,RN_DRAIN_00264,0.25964530282323023,synthetic_manning_scenario,0.0,0.06970856583053656,0.0,0.0,0.0
060_090,rajendra_nagar_heavy_rain_demo,60,90,1800,RN_DNODE_00037,0.0,0.12723324562335805,0.12723324562335805,RN_DRAIN_00283,0.4789095248259892,synthetic_manning_scenario,0.0,0.12723324562335805,0.0,0.0,0.0
060_090,rajendra_nagar_heavy_rain_demo,60,90,1800,RN_DNODE_00192,0.0,0.03484430030503481,0.03484430030503481,RN_DRAIN_00300,0.12619378157464736,synthetic_manning_scenario,0.0,0.03484430030503481,0.0,0.0,0.0
060_090,rajendra_nagar_heavy_rain_demo,60,90,1800,RN_DNODE_00092,0.0,0.254502942542586,0.254502942542586,RN_DRAIN_00423,0.30124813859248456,synthetic_manning_scenario,0.0,0.254502942542586,0.0,0.0,0.0
060_090,rajendra_nagar_heavy_rain_demo,60,90,1800,RN_DNODE_00510,0.0,0.6556902441191548,0.6556902441191548,RN_DRAIN_00347,0.30124813859248456,synthetic_manning_scenario,0.0,0.30124813859248456,0.3544421055266702,0.0,637.9957899480064
060_090,rajendra_nagar_heavy_rain_demo,60,90,1800,RN_DNODE_00368,0.0,0.3658424405929404,0.3658424405929404,RN_DRAIN_00465,1.8547357326579403,synthetic_manning_scenario,0.0,0.3658424405929404,0.0,0.0,0.0
060_090,rajendra_nagar_heavy_rain_demo,60,90,1800,RN_DNODE_00265,0.0,0.3882542420713991,0.3882542420713991,RN_DRAIN_00491,0.6913117801679162,synthetic_manning_scenario,0.0,0.3882542420713991,0.0,0.0,0.0
060_090,rajendra_nagar_heavy_rain_demo,60,90,1800,RN_DNODE_00058,0.0,0.2545393938384558,0.2545393938384558,RN_DRAIN_00083,0.30107555299333355,synthetic_manning_scenario,0.0,0.2545393938384558,0.0,0.0,0.0
060_090,rajendra_nagar_heavy_rain_demo,60,90,1800,RN_DNODE_00353,0.05775000042385525,0.10887560820568472,0.16662560862953996,RN_DRAIN_00143,0.03485428291526828,synthetic_manning_scenario,0.0,0.03485428291526828,0.1317713257142717,0.0,237.18838628568903
060_090,rajendra_nagar_heavy_rain_demo,60,90,1800,RN_DNODE_00461,0.04462500254313151,0.1272696969192279,0.1718946994623594,RN_DRAIN_00070,0.3887914862481728,synthetic_manning_scenario,0.0,0.1718946994623594,0.0,0.0,0.0
060_090,rajendra_nagar_heavy_rain_demo,60,90,1800,RN_DNODE_00514,0.0,0.06970856583053656,0.06970856583053656,RN_DRAIN_00279,0.12719678388149364,synthetic_manning_scenario,0.0,0.06970856583053656,0.0,0.0,0.0
060_090,rajendra_nagar_heavy_rain_demo,60,90,1800,RN_DNODE_00046,0.0,0.12723324562335805,0.12723324562335805,RN_DRAIN_00271,0.3989314278310482,synthetic_manning_scenario,0.0,0.12723324562335805,0.0,0.0,0.0
060_090,rajendra_nagar_heavy_rain_demo,60,90,1800,RN_DNODE_00101,0.0,0.254502942542586,0.254502942542586,RN_DRAIN_00424,0.4805520220810709,synthetic_manning_scenario,0.0,0.254502942542586,0.0,0.0,0.0
060_090,rajendra_nagar_heavy_rain_demo,60,90,1800,RN_DNODE_00362,0.24500000741746691,0.3658424405929404,0.6108424480104073,RN_DRAIN_00455,0.3425817481644578,synthetic_manning_scenario,0.0,0.3425817481644578,0.2682606998459495,0.0,482.86925972270916
060_090,rajendra_nagar_heavy_rain_demo,60,90,1800,RN_DNODE_00255,0.0,0.40312924291910956,0.40312924291910956,RN_DRAIN_00490,0.1655419763093995,synthetic_manning_scenario,0.0,0.1655419763093995,0.23758726660971005,0.0,427.65707989747807
060_090,rajendra_nagar_heavy_rain_demo,60,90,1800,RN_DNODE_00067,0.0,0.28938369414349063,0.28938369414349063,RN_DRAIN_00084,0.30124813859248456,synthetic_manning_scenario,0.0,0.28938369414349063,0.0,0.0,0.0
060_090,rajendra_nagar_heavy_rain_demo,60,90,1800,RN_DNODE_00344,0.13387500339084202,0.03485428291526828,0.16872928630611028,RN_DRAIN_00142,0.10542103561186149,synthetic_manning_scenario,0.0,0.10542103561186149,0.0633082506942488,0.0,113.95485124964783
060_090,rajendra_nagar_heavy_rain_demo,60,90,1800,RN_DNODE_00462,0.04287500169542101,0.1718946994623594,0.21476970115778043,RN_DRAIN_00061,0.27705159099154153,synthetic_manning_scenario,0.0,0.21476970115778043,0.0,0.0,0.0
060_090,rajendra_nagar_heavy_rain_demo,60,90,1800,RN_DNODE_00513,0.0,0.06970856583053656,0.06970856583053656,RN_DRAIN_00293,0.1272696969192279,synthetic_manning_scenario,0.0,0.06970856583053656,0.0,0.0,0.0
060_090,rajendra_nagar_heavy_rain_demo,60,90,1800,RN_DNODE_00055,0.0,0.12723324562335805,0.12723324562335805,RN_DRAIN_00258,0.6419583207023042,synthetic_manning_scenario,0.0,0.12723324562335805,0.0,0.0,0.0
060_090,rajendra_nagar_heavy_rain_demo,60,90,1800,RN_DNODE_00110,0.0,0.254502942542586,0.254502942542586,RN_DRAIN_00435,2.759346514317241,synthetic_manning_scenario,0.0,0.254502942542586,0.0,0.0,0.0
060_090,rajendra_nagar_heavy_rain_demo,60,90,1800,RN_DNODE_00356,0.07262500339084202,0.3425817481644578,0.41520675155529985,RN_DRAIN_00454,1.4082442328435159,synthetic_manning_scenario,0.0,0.41520675155529985,0.0,0.0,0.0
060_090,rajendra_nagar_heavy_rain_demo,60,90,1800,RN_DNODE_00234,0.15925000190734864,0.1655419763093995,0.32479197821674816,RN_DRAIN_00489,0.5313346491245258,synthetic_manning_scenario,0.0,0.32479197821674816,0.0,0.0,0.0
060_090,rajendra_nagar_heavy_rain_demo,60,90,1800,RN_DNODE_00072,0.0,0.28938369414349063,0.28938369414349063,RN_DRAIN_00085,0.30124813859248456,synthetic_manning_scenario,0.0,0.28938369414349063,0.0,0.0,0.0
060_090,rajendra_nagar_heavy_rain_demo,60,90,1800,RN_DNODE_00333,0.04725000063578288,0.10542103561186149,0.15267103624764436,RN_DRAIN_00131,0.22781081406408252,synthetic_manning_scenario,0.0,0.15267103624764436,0.0,0.0,0.0
060_090,rajendra_nagar_heavy_rain_demo,60,90,1800,RN_DNODE_00463,0.31937500953674314,0.21476970115778043,0.5341447106945236,RN_DRAIN_00052,0.1272696969192279,synthetic_manning_scenario,0.0,0.1272696969192279,0.4068750137752957,0.0,732.3750247955323
060_090,rajendra_nagar_heavy_rain_demo,60,90,1800,RN_DNODE_00512,0.0,0.06970856583053656,0.06970856583053656,RN_DRAIN_00312,0.1272696969192279,synthetic_manning_scenario,0.0,0.06970856583053656,0.0,0.0,0.0
060_090,rajendra_nagar_heavy_rain_demo,60,90,1800,RN_DNODE_00064,0.0,0.12723324562335805,0.12723324562335805,RN_DRAIN_00259,0.12723324562335805,synthetic_manning_scenario,0.0,0.12723324562335805,0.0,0.0,0.0
060_090,rajendra_nagar_heavy_rain_demo,60,90,1800,RN_DNODE_00120,0.0,0.254502942542586,0.254502942542586,RN_DRAIN_00449,2.5437721438672827,synthetic_manning_scenario,0.0,0.254502942542586,0.0,0.0,0.0
060_090,rajendra_nagar_heavy_rain_demo,60,90,1800,RN_DNODE_00348,0.04550000190734863,0.41520675155529985,0.4607067534626485,RN_DRAIN_00444,1.036783363348529,synthetic_manning_scenario,0.0,0.4607067534626485,0.0,0.0,0.0
060_090,rajendra_nagar_heavy_rain_demo,60,90,1800,RN_DNODE_00207,0.08662500275505913,0.32479197821674816,0.4114169809718073,RN_DRAIN_00488,0.9868943284982327,synthetic_manning_scenario,0.0,0.4114169809718073,0.0,0.0,0.0
060_090,rajendra_nagar_heavy_rain_demo,60,90,1800,RN_DNODE_00079,0.24500000847710504,0.28938369414349063,0.5343837026205956,RN_DRAIN_00086,0.30124813859248456,synthetic_manning_scenario,0.0,0.30124813859248456,0.2331355640281111,0.0,419.6440152506
060_090,rajendra_nagar_heavy_rain_demo,60,90,1800,RN_DNODE_00464,0.046375001271565755,0.1272696969192279,0.17364469819079364,RN_DRAIN_00044,0.642398926061122,synthetic_manning_scenario,0.0,0.17364469819079364,0.0,0.0,0.0
060_090,rajendra_nagar_heavy_rain_demo,60,90,1800,RN_DNODE_00502,0.0,0.3709567044230211,0.3709567044230211,RN_DRAIN_00332,0.30107555299333355,synthetic_manning_scenario,0.0,0.30107555299333355,0.06988115142968754,0.0,125.78607257343756
060_090,rajendra_nagar_heavy_rain_demo,60,90,1800,RN_DNODE_00070,0.0,0.12723324562335805,0.12723324562335805,RN_DRAIN_00243,0.12723324562335805,synthetic_manning_scenario,0.0,0.12723324562335805,0.0,0.0,0.0
060_090,rajendra_nagar_heavy_rain_demo,60,90,1800,RN_DNODE_00341,0.12775000360276964,0.4607067534626485,0.5884567570654181,RN_DRAIN_00443,0.5674438686929558,synthetic_manning_scenario,0.0,0.5674438686929558,0.02101288837246229,0.0,37.823199070432125
060_090,rajendra_nagar_heavy_rain_demo,60,90,1800,RN_DNODE_00181,0.028000000847710503,0.4114169809718073,0.43941698181951777,RN_DRAIN_00487,1.2167317531808846,synthetic_manning_scenario,0.0,0.43941698181951777,0.0,0.0,0.0
060_090,rajendra_nagar_heavy_rain_demo,60,90,1800,RN_DNODE_00088,0.6562500201331245,0.30124813859248456,0.9574981587256091,RN_DRAIN_00087,2.002281704829388,synthetic_manning_scenario,0.0,0.9574981587256091,0.0,0.0,0.0
060_090,rajendra_nagar_heavy_rain_demo,60,90,1800,RN_DNODE_00465,0.054250000847710506,0.17364469819079364,0.22789469903850415,RN_DRAIN_00036,0.5725232749926845,synthetic_manning_scenario,0.0,0.22789469903850415,0.0,0.0,0.0
060_090,rajendra_nagar_heavy_rain_demo,60,90,1800,RN_DNODE_00498,0.0,0.30107555299333355,0.30107555299333355,RN_DRAIN_00331,0.30124813859248456,synthetic_manning_scenario,0.0,0.30107555299333355,0.0,0.0,0.0
060_090,rajendra_nagar_heavy_rain_demo,60,90,1800,RN_DNODE_00077,0.0,0.12723324562335805,0.12723324562335805,RN_DRAIN_00222,0.1272696969192279,synthetic_manning_scenario,0.0,0.12723324562335805,0.0,0.0,0.0
060_090,rajendra_nagar_heavy_rain_demo,60,90,1800,RN_DNODE_00330,0.014875000847710504,0.5938213930292757,0.6086963938769863,RN_DRAIN_00442,0.30124813859248456,synthetic_manning_scenario,0.0,0.30124813859248456,0.3074482552845017,0.0,553.4068595121031
060_090,rajendra_nagar_heavy_rain_demo,60,90,1800,RN_DNODE_00159,0.0,0.43941698181951777,0.43941698181951777,RN_DRAIN_00473,0.5368494949865811,synthetic_manning_scenario,0.0,0.43941698181951777,0.0,0.0,0.0
060_090,rajendra_nagar_heavy_rain_demo,60,90,1800,RN_DNODE_00097,0.014875000847710504,0.9574981587256091,0.9723731595733196,RN_DRAIN_00088,1.878999507826128,synthetic_manning_scenario,0.0,0.9723731595733196,0.0,0.0,0.0
060_090,rajendra_nagar_heavy_rain_demo,60,90,1800,RN_DNODE_00466,0.046375001271565755,0.22789469903850415,0.2742697003100699,RN_DRAIN_00029,0.12723324562335805,synthetic_manning_scenario,0.0,0.12723324562335805,0.14703645468671186,0.0,264.66561843608133
060_090,rajendra_nagar_heavy_rain_demo,60,90,1800,RN_DNODE_00497,0.0,0.30107555299333355,0.30107555299333355,RN_DRAIN_00330,0.30124813859248456,synthetic_manning_scenario,0.0,0.30107555299333355,0.0,0.0,0.0
060_090,rajendra_nagar_heavy_rain_demo,60,90,1800,RN_DNODE_00086,0.0,0.12723324562335805,0.12723324562335805,RN_DRAIN_00223,0.1272696969192279,synthetic_manning_scenario,0.0,0.12723324562335805,0.0,0.0,0.0
060_090,rajendra_nagar_heavy_rain_demo,60,90,1800,RN_DNODE_00314,0.059500003390842014,0.30124813859248456,0.36074814198332655,RN_DRAIN_00441,0.30116185815577506,synthetic_manning_scenario,0.0,0.30116185815577506,0.05958628382755149,0.0,107.25531088959268
060_090,rajendra_nagar_heavy_rain_demo,60,90,1800,RN_DNODE_00143,0.0,0.43941698181951777,0.43941698181951777,RN_DRAIN_00463,0.09631698738212754,synthetic_manning_scenario,0.0,0.09631698738212754,0.34309999443739025,0.0,617.5799899873025
060_090,rajendra_nagar_heavy_rain_demo,60,90,1800,RN_DNODE_00105,0.12250000423855252,0.9723731595733196,1.094873163811872,RN_DRAIN_00089,1.8362178351593588,synthetic_manning_scenario,0.0,1.094873163811872,0.0,0.0,0.0
060_090,rajendra_nagar_heavy_rain_demo,60,90,1800,RN_DNODE_00456,0.22137500551011827,0.16208752853862635,0.38346253404874464,RN_DRAIN_00016,0.12723324562335805,synthetic_manning_scenario,0.0,0.12723324562335805,0.2562292884253866,0.0,461.2127191656959
060_090,rajendra_nagar_heavy_rain_demo,60,90,1800,RN_DNODE_00496,0.0,0.30107555299333355,0.30107555299333355,RN_DRAIN_00329,0.30124813859248456,synthetic_manning_scenario,0.0,0.30107555299333355,0.0,0.0,0.0
060_090,rajendra_nagar_heavy_rain_demo,60,90,1800,RN_DNODE_00095,0.0,0.12723324562335805,0.12723324562335805,RN_DRAIN_00224,0.5514010831518042,synthetic_manning_scenario,0.0,0.12723324562335805,0.0,0.0,0.0
060_090,rajendra_nagar_heavy_rain_demo,60,90,1800,RN_DNODE_00296,0.15662500381469727,0.3309118598511961,0.4875368636658933,RN_DRAIN_00428,0.30116185815577506,synthetic_manning_scenario,0.0,0.30116185815577506,0.18637500551011826,0.0,335.4750099182129
060_090,rajendra_nagar_heavy_rain_demo,60,90,1800,RN_DNODE_00131,0.0,0.37719745426103346,0.37719745426103346,RN_DRAIN_00450,0.30116185815577506,synthetic_manning_scenario,0.0,0.30116185815577506,0.0760355961052584,0.0,136.86407298946511
060_090,rajendra_nagar_heavy_rain_demo,60,90,1800,RN_DNODE_00115,0.07087500042385525,1.1228731646595826,1.1937481650834378,RN_DRAIN_00090,2.0143420369081957,synthetic_manning_scenario,0.0,1.1937481650834378,0.0,0.0,0.0
060_090,rajendra_nagar_heavy_rain_demo,60,90,1800,RN_DNODE_00449,0.10587500254313151,0.12723324562335805,0.23310824816648956,RN_DRAIN_00011,0.41271576218229383,synthetic_manning_scenario,0.0,0.23310824816648956,0.0,0.0,0.0
060_090,rajendra_nagar_heavy_rain_demo,60,90,1800,RN_DNODE_00493,1.6738750330607097,0.30107555299333355,1.9749505860540433,RN_DRAIN_00328,1.73635575785819,synthetic_manning_scenario,0.0,1.73635575785819,0.2385948281958532,0.0,429.47069075253575
060_090,rajendra_nagar_heavy_rain_demo,60,90,1800,RN_DNODE_00103,0.0,0.12723324562335805,0.12723324562335805,RN_DRAIN_00225,0.47636516340908275,synthetic_manning_scenario,0.0,0.12723324562335805,0.0,0.0,0.0
060_090,rajendra_nagar_heavy_rain_demo,60,90,1800,RN_DNODE_00285,0.11025000254313151,0.3309118598511961,0.4411618623943276,RN_DRAIN_00417,0.30116185815577506,synthetic_manning_scenario,0.0,0.30116185815577506,0.14000000423855252,0.0,252.00000762939453
060_090,rajendra_nagar_heavy_rain_demo,60,90,1800,RN_DNODE_00145,0.0,0.30116185815577506,0.30116185815577506,RN_DRAIN_00438,0.30116185815577506,synthetic_manning_scenario,0.0,0.30116185815577506,0.0,0.0,0.0
060_090,rajendra_nagar_heavy_rain_demo,60,90,1800,RN_DNODE_00127,0.0,1.1937481650834378,1.1937481650834378,RN_DRAIN_00091,1.8440278673135078,synthetic_manning_scenario,0.0,1.1937481650834378,0.0,0.0,0.0
060_090,rajendra_nagar_heavy_rain_demo,60,90,1800,RN_DNODE_00450,0.014875000847710504,0.23310824816648956,0.24798324901420007,RN_DRAIN_00006,0.09631698738212754,synthetic_manning_scenario,0.0,0.09631698738212754,0.15166626163207253,0.0,272.99927093773056
060_090,rajendra_nagar_heavy_rain_demo,60,90,1800,RN_DNODE_00489,0.07437500423855252,1.73635575785819,1.8107307620967426,RN_DRAIN_00327,0.5266848835674651,synthetic_manning_scenario,0.0,0.5266848835674651,1.2840458785292774,0.0,2311.2825813526993
060_090,rajendra_nagar_heavy_rain_demo,60,90,1800,RN_DNODE_00112,0.9703750091128879,0.12723324562335805,1.097608254736246,RN_DRAIN_00226,0.2262936821084416,synthetic_manning_scenario,0.0,0.2262936821084416,0.8713145726278044,0.0,1568.366230730048
060_090,rajendra_nagar_heavy_rain_demo,60,90,1800,RN_DNODE_00279,0.06037500275505914,0.30116185815577506,0.3615368609108342,RN_DRAIN_00409,0.30124813859248456,synthetic_manning_scenario,0.0,0.30124813859248456,0.06028872231834964,0.0,108.51970017302935
060_090,rajendra_nagar_heavy_rain_demo,60,90,1800,RN_DNODE_00163,0.0,0.30116185815577506,0.30116185815577506,RN_DRAIN_00426,0.30124813859248456,synthetic_manning_scenario,0.0,0.30116185815577506,0.0,0.0,0.0
060_090,rajendra_nagar_heavy_rain_demo,60,90,1800,RN_DNODE_00138,0.0,1.1937481650834378,1.1937481650834378,RN_DRAIN_00110,2.117775746980934,synthetic_manning_scenario,0.0,1.1937481650834378,0.0,0.0,0.0
060_090,rajendra_nagar_heavy_rain_demo,60,90,1800,RN_DNODE_00443,0.0,0.09631698738212754,0.09631698738212754,,,,,0.0,0.0,0.09631698738212754,0.0
060_090,rajendra_nagar_heavy_rain_demo,60,90,1800,RN_DNODE_00485,0.0,0.5266848835674651,0.5266848835674651,RN_DRAIN_00326,0.30124813859248456,synthetic_manning_scenario,0.0,0.30124813859248456,0.22543674497498056,0.0,405.786140954965
060_090,rajendra_nagar_heavy_rain_demo,60,90,1800,RN_DNODE_00123,0.0,0.2262936821084416,0.2262936821084416,RN_DRAIN_00227,0.19248944506420465,synthetic_manning_scenario,0.0,0.19248944506420465,0.03380423704423696,0.0,60.84762667962653
060_090,rajendra_nagar_heavy_rain_demo,60,90,1800,RN_DNODE_00274,0.04550000190734863,0.30124813859248456,0.3467481404998332,RN_DRAIN_00408,0.3305358790663851,synthetic_manning_scenario,0.0,0.3305358790663851,0.016212261433448116,0.0,29.18207058020661
060_090,rajendra_nagar_heavy_rain_demo,60,90,1800,RN_DNODE_00164,0.0,0.30116185815577506,0.30116185815577506,RN_DRAIN_00415,0.30124813859248456,synthetic_manning_scenario,0.0,0.30116185815577506,0.0,0.0,0.0
060_090,rajendra_nagar_heavy_rain_demo,60,90,1800,RN_DNODE_00155,0.0,1.1937481650834378,1.1937481650834378,RN_DRAIN_00125,2.013400004775711,synthetic_manning_scenario,0.0,1.1937481650834378,0.0,0.0,0.0
060_090,rajendra_nagar_heavy_rain_demo,60,90,1800,RN_DNODE_00476,0.0,0.30124813859248456,0.30124813859248456,RN_DRAIN_00325,0.30124813859248456,synthetic_manning_scenario,0.0,0.30124813859248456,0.0,0.0,0.0
060_090,rajendra_nagar_heavy_rain_demo,60,90,1800,RN_DNODE_00134,0.0,0.19248944506420465,0.19248944506420465,RN_DRAIN_00228,0.5704535696123435,synthetic_manning_scenario,0.0,0.19248944506420465,0.0,0.0,0.0
060_090,rajendra_nagar_heavy_rain_demo,60,90,1800,RN_DNODE_00266,0.09012500445048015,0.3305358790663851,0.42066088351686526,RN_DRAIN_00407,1.4328865124290238,synthetic_manning_scenario,0.0,0.42066088351686526,0.0,0.0,0.0
060_090,rajendra_nagar_heavy_rain_demo,60,90,1800,RN_DNODE_00165,0.0,0.30116185815577506,0.30116185815577506,RN_DRAIN_00402,0.30116185815577506,synthetic_manning_scenario,0.0,0.30116185815577506,0.0,0.0,0.0
060_090,rajendra_nagar_heavy_rain_demo,60,90,1800,RN_DNODE_00176,0.0,1.1937481650834378,1.1937481650834378,RN_DRAIN_00126,0.22798288882636691,synthetic_manning_scenario,0.0,0.22798288882636691,0.965765276257071,0.0,1738.3774972627277
060_090,rajendra_nagar_heavy_rain_demo,60,90,1800,RN_DNODE_00470,0.39200001504686144,0.30124813859248456,0.693248153639346,RN_DRAIN_00324,0.9125867707273617,synthetic_manning_scenario,0.0,0.693248153639346,0.0,0.0,0.0
060_090,rajendra_nagar_heavy_rain_demo,60,90,1800,RN_DNODE_00150,0.0,0.23536444675962565,0.23536444675962565,RN_DRAIN_00212,1.1484321568452578,synthetic_manning_scenario,0.0,0.23536444675962565,0.0,0.0,0.0
060_090,rajendra_nagar_heavy_rain_demo,60,90,1800,RN_DNODE_00257,0.0,0.42066088351686526,0.42066088351686526,RN_DRAIN_00392,3.3929032105727823,synthetic_manning_scenario,0.0,0.42066088351686526,0.0,0.0,0.0
060_090,rajendra_nagar_heavy_rain_demo,60,90,1800,RN_DNODE_00187,0.0,0.30116185815577506,0.30116185815577506,RN_DRAIN_00389,0.30116185815577506,synthetic_manning_scenario,0.0,0.30116185815577506,0.0,0.0,0.0
060_090,rajendra_nagar_heavy_rain_demo,60,90,1800,RN_DNODE_00202,0.0,0.22798288882636691,0.22798288882636691,RN_DRAIN_00127,0.22798288882636691,synthetic_manning_scenario,0.0,0.22798288882636691,0.0,0.0,0.0
060_090,rajendra_nagar_heavy_rain_demo,60,90,1800,RN_DNODE_00459,0.0,0.693248153639346,0.693248153639346,RN_DRAIN_00311,0.30124813859248456,synthetic_manning_scenario,0.0,0.30124813859248456,0.39200001504686144,0.0,705.6000270843506
060_090,rajendra_nagar_heavy_rain_demo,60,90,1800,RN_DNODE_00169,0.0,0.23536444675962565,0.23536444675962565,RN_DRAIN_00213,0.8428809574038368,synthetic_manning_scenario,0.0,0.23536444675962565,0.0,0.0,0.0
060_090,rajendra_nagar_heavy_rain_demo,60,90,1800,RN_DNODE_00236,0.0,0.42066088351686526,0.42066088351686526,RN_DRAIN_00391,2.681528497041292,synthetic_manning_scenario,0.0,0.42066088351686526,0.0,0.0,0.0
060_090,rajendra_nagar_heavy_rain_demo,60,90,1800,RN_DNODE_00455,0.0,0.30124813859248456,0.30124813859248456,RN_DRAIN_00310,0.30124813859248456,synthetic_manning_scenario,0.0,0.30124813859248456,0.0,0.0,0.0
060_090,rajendra_nagar_heavy_rain_demo,60,90,1800,RN_DNODE_00210,0.0,0.7218227416726404,0.7218227416726404,RN_DRAIN_00381,0.6932713877368187,synthetic_manning_scenario,0.0,0.6932713877368187,0.028551353935821644,0.0,51.392437084478956
060_090,rajendra_nagar_heavy_rain_demo,60,90,1800,RN_DNODE_00447,0.2992500082651774,0.3276256629288045,0.6268756711939819,RN_DRAIN_00309,0.30116185815577506,synthetic_manning_scenario,0.0,0.30116185815577506,0.32571381303820685,0.0,586.2848634687723
060_090,rajendra_nagar_heavy_rain_demo,60,90,1800,RN_DNODE_00211,0.0,0.6932713877368187,0.6932713877368187,RN_DRAIN_00372,0.6932713877368187,synthetic_manning_scenario,0.0,0.6932713877368187,0.0,0.0,0.0
060_090,rajendra_nagar_heavy_rain_demo,60,90,1800,RN_DNODE_00439,0.014875000847710504,0.8817835239009753,0.8966585247486858,RN_DRAIN_00323,0.30124813859248456,synthetic_manning_scenario,0.0,0.30124813859248456,0.5954103861562012,0.0,1071.7386950811622
060_090,rajendra_nagar_heavy_rain_demo,60,90,1800,RN_DNODE_00212,0.0,0.6932713877368187,0.6932713877368187,RN_DRAIN_00365,0.6932713877368187,synthetic_manning_scenario,0.0,0.6932713877368187,0.0,0.0,0.0
060_090,rajendra_nagar_heavy_rain_demo,60,90,1800,RN_DNODE_00435,0.08662500275505913,0.3309981402879056,0.4176231430429647,RN_DRAIN_00322,0.30124813859248456,synthetic_manning_scenario,0.0,0.30124813859248456,0.11637500445048016,0.0,209.4750080108643
060_090,rajendra_nagar_heavy_rain_demo,60,90,1800,RN_DNODE_00213,0.0,0.6932713877368187,0.6932713877368187,RN_DRAIN_00357,0.6932713877368187,synthetic_manning_scenario,0.0,0.6932713877368187,0.0,0.0,0.0
060_090,rajendra_nagar_heavy_rain_demo,60,90,1800,RN_DNODE_00429,0.0,0.30124813859248456,0.30124813859248456,RN_DRAIN_00321,0.30116185815577506,synthetic_manning_scenario,0.0,0.30116185815577506,8.628043670949603e-05,0.0,0.15530478607709286
060_090,rajendra_nagar_heavy_rain_demo,60,90,1800,RN_DNODE_00214,0.0,0.6932713877368187,0.6932713877368187,RN_DRAIN_00350,0.6932713877368187,synthetic_manning_scenario,0.0,0.6932713877368187,0.0,0.0,0.0
060_090,rajendra_nagar_heavy_rain_demo,60,90,1800,RN_DNODE_00422,0.0,0.32916185900348555,0.32916185900348555,RN_DRAIN_00343,0.30124813859248456,synthetic_manning_scenario,0.0,0.30124813859248456,0.027913720411000986,0.0,50.244696739801775
060_090,rajendra_nagar_heavy_rain_demo,60,90,1800,RN_DNODE_00215,0.0,0.6932713877368187,0.6932713877368187,RN_DRAIN_00337,0.6928742113147971,synthetic_manning_scenario,0.0,0.6928742113147971,0.00039717642202163894,0.0,0.7149175596389501
060_090,rajendra_nagar_heavy_rain_demo,60,90,1800,RN_DNODE_00413,0.0,0.30124813859248456,0.30124813859248456,RN_DRAIN_00342,0.30107555299333355,synthetic_manning_scenario,0.0,0.30107555299333355,0.00017258559915100946,0.0,0.31065407847181703
060_090,rajendra_nagar_heavy_rain_demo,60,90,1800,RN_DNODE_00216,0.0,0.6928742113147971,0.6928742113147971,RN_DRAIN_00316,0.6932713877368187,synthetic_manning_scenario,0.0,0.6928742113147971,0.0,0.0,0.0
060_090,rajendra_nagar_heavy_rain_demo,60,90,1800,RN_DNODE_00406,0.0,0.30107555299333355,0.30107555299333355,RN_DRAIN_00341,0.30124813859248456,synthetic_manning_scenario,0.0,0.30107555299333355,0.0,0.0,0.0
060_090,rajendra_nagar_heavy_rain_demo,60,90,1800,RN_DNODE_00217,0.0,0.6928742113147971,0.6928742113147971,RN_DRAIN_00301,0.6932713877368187,synthetic_manning_scenario,0.0,0.6928742113147971,0.0,0.0,0.0
060_090,rajendra_nagar_heavy_rain_demo,60,90,1800,RN_DNODE_00394,0.0,0.30107555299333355,0.30107555299333355,RN_DRAIN_00320,0.30124813859248456,synthetic_manning_scenario,0.0,0.30107555299333355,0.0,0.0,0.0
060_090,rajendra_nagar_heavy_rain_demo,60,90,1800,RN_DNODE_00218,0.0,0.7277185116198319,0.7277185116198319,RN_DRAIN_00286,0.6932713877368187,synthetic_manning_scenario,0.0,0.6932713877368187,0.034447123883013187,0.0,62.00482298942374
060_090,rajendra_nagar_heavy_rain_demo,60,90,1800,RN_DNODE_00384,0.0,0.3274530773296535,0.3274530773296535,RN_DRAIN_00319,0.30116185815577506,synthetic_manning_scenario,0.0,0.30116185815577506,0.026291219173878444,0.0,47.3241945129812
060_090,rajendra_nagar_heavy_rain_demo,60,90,1800,RN_DNODE_00219,0.0,0.6932713877368187,0.6932713877368187,RN_DRAIN_00274,0.6932713877368187,synthetic_manning_scenario,0.0,0.6932713877368187,0.0,0.0,0.0
060_090,rajendra_nagar_heavy_rain_demo,60,90,1800,RN_DNODE_00376,0.0,0.36576614276646435,0.36576614276646435,RN_DRAIN_00304,0.30116185815577506,synthetic_manning_scenario,0.0,0.30116185815577506,0.06460428461068929,0.0,116.28771229924072
060_090,rajendra_nagar_heavy_rain_demo,60,90,1800,RN_DNODE_00220,0.0,0.6932713877368187,0.6932713877368187,RN_DRAIN_00260,0.6932713877368187,synthetic_manning_scenario,0.0,0.6932713877368187,0.0,0.0,0.0
060_090,rajendra_nagar_heavy_rain_demo,60,90,1800,RN_DNODE_00371,0.0,0.30116185815577506,0.30116185815577506,RN_DRAIN_00289,0.30116185815577506,synthetic_manning_scenario,0.0,0.30116185815577506,0.0,0.0,0.0
060_090,rajendra_nagar_heavy_rain_demo,60,90,1800,RN_DNODE_00221,0.0,0.6932713877368187,0.6932713877368187,RN_DRAIN_00247,0.6930728279768428,synthetic_manning_scenario,0.0,0.6930728279768428,0.0001985597599759581,0.0,0.35740756795672457
060_090,rajendra_nagar_heavy_rain_demo,60,90,1800,RN_DNODE_00364,1.5050000455644397,0.30116185815577506,1.8061619037202148,RN_DRAIN_00277,0.30116185815577506,synthetic_manning_scenario,0.0,0.30116185815577506,1.5050000455644397,0.0,2709.000082015991
060_090,rajendra_nagar_heavy_rain_demo,60,90,1800,RN_DNODE_00194,0.0,0.6930728279768428,0.6930728279768428,RN_DRAIN_00231,0.6932713877368187,synthetic_manning_scenario,0.0,0.6930728279768428,0.0,0.0,0.0
060_090,rajendra_nagar_heavy_rain_demo,60,90,1800,RN_DNODE_00358,0.0,0.30116185815577506,0.30116185815577506,RN_DRAIN_00263,0.30124813859248456,synthetic_manning_scenario,0.0,0.30116185815577506,0.0,0.0,0.0
060_090,rajendra_nagar_heavy_rain_demo,60,90,1800,RN_DNODE_00195,0.0,0.6930728279768428,0.6930728279768428,RN_DRAIN_00214,0.6932713877368187,synthetic_manning_scenario,0.0,0.6930728279768428,0.0,0.0,0.0
060_090,rajendra_nagar_heavy_rain_demo,60,90,1800,RN_DNODE_00350,0.0,0.30116185815577506,0.30116185815577506,RN_DRAIN_00249,0.30116185815577506,synthetic_manning_scenario,0.0,0.30116185815577506,0.0,0.0,0.0
060_090,rajendra_nagar_heavy_rain_demo,60,90,1800,RN_DNODE_00196,0.0,0.9284372747364684,0.9284372747364684,RN_DRAIN_00204,0.6932713877368187,synthetic_manning_scenario,0.0,0.6932713877368187,0.2351658869996497,0.0,423.29859659936943
060_090,rajendra_nagar_heavy_rain_demo,60,90,1800,RN_DNODE_00343,0.0,0.39122864792275425,0.39122864792275425,RN_DRAIN_00234,0.30116185815577506,synthetic_manning_scenario,0.0,0.30116185815577506,0.09006678976697918,0.0,162.12022158056254
060_090,rajendra_nagar_heavy_rain_demo,60,90,1800,RN_DNODE_00197,4.423125058280097,0.728271389856095,5.151396448136192,RN_DRAIN_00191,0.6928742113147971,synthetic_manning_scenario,0.0,0.6928742113147971,4.458522236821395,0.0,8025.340026278511
060_090,rajendra_nagar_heavy_rain_demo,60,90,1800,RN_DNODE_00332,0.0,0.30116185815577506,0.30116185815577506,RN_DRAIN_00217,0.30116185815577506,synthetic_manning_scenario,0.0,0.30116185815577506,0.0,0.0,0.0
060_090,rajendra_nagar_heavy_rain_demo,60,90,1800,RN_DNODE_00198,0.0,0.6928742113147971,0.6928742113147971,RN_DRAIN_00179,0.6932713877368187,synthetic_manning_scenario,0.0,0.6928742113147971,0.0,0.0,0.0
060_090,rajendra_nagar_heavy_rain_demo,60,90,1800,RN_DNODE_00317,0.0,0.30116185815577506,0.30116185815577506,RN_DRAIN_00207,0.30124813859248456,synthetic_manning_scenario,0.0,0.30116185815577506,0.0,0.0,0.0
060_090,rajendra_nagar_heavy_rain_demo,60,90,1800,RN_DNODE_00199,0.0,0.7077492121625076,0.7077492121625076,RN_DRAIN_00164,0.6932713877368187,synthetic_manning_scenario,0.0,0.6932713877368187,0.014477824425688901,0.0,26.060083966240022
060_090,rajendra_nagar_heavy_rain_demo,60,90,1800,RN_DNODE_00318,0.8015000237358941,0.327539382492095,1.1290394062279892,RN_DRAIN_00194,0.30116185815577506,synthetic_manning_scenario,0.0,0.30116185815577506,0.827877548072214,0.0,1490.1795865299853
060_090,rajendra_nagar_heavy_rain_demo,60,90,1800,RN_DNODE_00200,0.0,0.6932713877368187,0.6932713877368187,RN_DRAIN_00157,0.6932713877368187,synthetic_manning_scenario,0.0,0.6932713877368187,0.0,0.0,0.0
060_090,rajendra_nagar_heavy_rain_demo,60,90,1800,RN_DNODE_00301,0.0,0.33601614107104333,0.33601614107104333,RN_DRAIN_00181,0.30124813859248456,synthetic_manning_scenario,0.0,0.30124813859248456,0.03476800247855877,0.0,62.58240446140578
060_090,rajendra_nagar_heavy_rain_demo,60,90,1800,RN_DNODE_00201,0.0,0.7281156880418536,0.7281156880418536,RN_DRAIN_00140,0.6930728279768428,synthetic_manning_scenario,0.0,0.6930728279768428,0.035042860065010784,0.0,63.07714811701941
060_090,rajendra_nagar_heavy_rain_demo,60,90,1800,RN_DNODE_00302,0.0,0.3360924388975194,0.3360924388975194,RN_DRAIN_00167,0.30124813859248456,synthetic_manning_scenario,0.0,0.30124813859248456,0.034844300305034825,0.0,62.719740549062685
060_090,rajendra_nagar_heavy_rain_demo,60,90,1800,RN_DNODE_00228,0.0,0.9210557168032096,0.9210557168032096,RN_DRAIN_00128,0.6932713877368187,synthetic_manning_scenario,0.0,0.6932713877368187,0.2277843290663909,0.0,410.0117923195036
060_090,rajendra_nagar_heavy_rain_demo,60,90,1800,RN_DNODE_00303,0.0,0.3360924388975194,0.3360924388975194,RN_DRAIN_00158,0.7879109747337706,synthetic_manning_scenario,0.0,0.3360924388975194,0.0,0.0,0.0
060_090,rajendra_nagar_heavy_rain_demo,60,90,1800,RN_DNODE_00229,0.0,0.6932713877368187,0.6932713877368187,RN_DRAIN_00114,0.6930728279768428,synthetic_manning_scenario,0.0,0.6930728279768428,0.0001985597599759581,0.0,0.35740756795672457
060_090,rajendra_nagar_heavy_rain_demo,60,90,1800,RN_DNODE_00288,0.16800000614590116,0.3360924388975194,0.5040924450434205,RN_DRAIN_00141,1.2603351041610837,synthetic_manning_scenario,0.0,0.5040924450434205,0.0,0.0,0.0
060_090,rajendra_nagar_heavy_rain_demo,60,90,1800,RN_DNODE_00249,0.0,0.6930728279768428,0.6930728279768428,RN_DRAIN_00095,0.6932713877368187,synthetic_manning_scenario,0.0,0.6930728279768428,0.0,0.0,0.0
060_090,rajendra_nagar_heavy_rain_demo,60,90,1800,RN_DNODE_00304,0.057750002543131514,0.5338424467388415,0.5915924492819731,RN_DRAIN_00130,1.0620185911123488,synthetic_manning_scenario,0.0,0.5915924492819731,0.0,0.0,0.0
060_090,rajendra_nagar_heavy_rain_demo,60,90,1800,RN_DNODE_00250,0.0,0.6930728279768428,0.6930728279768428,RN_DRAIN_00075,0.6932713877368187,synthetic_manning_scenario,0.0,0.6930728279768428,0.0,0.0,0.0
060_090,rajendra_nagar_heavy_rain_demo,60,90,1800,RN_DNODE_00321,0.0,0.7442634855296174,0.7442634855296174,RN_DRAIN_00116,2.2522932556240725,synthetic_manning_scenario,0.0,0.7442634855296174,0.0,0.0,0.0
060_090,rajendra_nagar_heavy_rain_demo,60,90,1800,RN_DNODE_00251,0.0,0.6930728279768428,0.6930728279768428,RN_DRAIN_00066,0.6930728279768428,synthetic_manning_scenario,0.0,0.6930728279768428,0.0,0.0,0.0
060_090,rajendra_nagar_heavy_rain_demo,60,90,1800,RN_DNODE_00335,0.0,0.7442634855296174,0.7442634855296174,RN_DRAIN_00097,0.30124813859248456,synthetic_manning_scenario,0.0,0.30124813859248456,0.44301534693713285,0.0,797.4276244868391
060_090,rajendra_nagar_heavy_rain_demo,60,90,1800,RN_DNODE_00259,0.0,0.6930728279768428,0.6930728279768428,RN_DRAIN_00058,0.6932713877368187,synthetic_manning_scenario,0.0,0.6930728279768428,0.0,0.0,0.0
060_090,rajendra_nagar_heavy_rain_demo,60,90,1800,RN_DNODE_00336,0.0,0.30124813859248456,0.30124813859248456,RN_DRAIN_00076,0.30124813859248456,synthetic_manning_scenario,0.0,0.30124813859248456,0.0,0.0,0.0
060_090,rajendra_nagar_heavy_rain_demo,60,90,1800,RN_DNODE_00260,0.0,0.6930728279768428,0.6930728279768428,RN_DRAIN_00048,0.6930728279768428,synthetic_manning_scenario,0.0,0.6930728279768428,0.0,0.0,0.0
060_090,rajendra_nagar_heavy_rain_demo,60,90,1800,RN_DNODE_00337,0.0,0.30124813859248456,0.30124813859248456,RN_DRAIN_00068,0.30116185815577506,synthetic_manning_scenario,0.0,0.30116185815577506,8.628043670949603e-05,0.0,0.15530478607709286
060_090,rajendra_nagar_heavy_rain_demo,60,90,1800,RN_DNODE_00269,0.0,0.6930728279768428,0.6930728279768428,RN_DRAIN_00038,0.6932713877368187,synthetic_manning_scenario,0.0,0.6930728279768428,0.0,0.0,0.0
060_090,rajendra_nagar_heavy_rain_demo,60,90,1800,RN_DNODE_00323,0.0,0.30116185815577506,0.30116185815577506,RN_DRAIN_00060,0.48544832877206306,synthetic_manning_scenario,0.0,0.30116185815577506,0.0,0.0,0.0
060_090,rajendra_nagar_heavy_rain_demo,60,90,1800,RN_DNODE_00270,0.0,0.6930728279768428,0.6930728279768428,RN_DRAIN_00030,0.6930728279768428,synthetic_manning_scenario,0.0,0.6930728279768428,0.0,0.0,0.0
060_090,rajendra_nagar_heavy_rain_demo,60,90,1800,RN_DNODE_00305,0.0,0.30116185815577506,0.30116185815577506,RN_DRAIN_00050,2.4483706462315302,synthetic_manning_scenario,0.0,0.30116185815577506,0.0,0.0,0.0
060_090,rajendra_nagar_heavy_rain_demo,60,90,1800,RN_DNODE_00277,0.0,0.6930728279768428,0.6930728279768428,RN_DRAIN_00024,0.6932713877368187,synthetic_manning_scenario,0.0,0.6930728279768428,0.0,0.0,0.0
060_090,rajendra_nagar_heavy_rain_demo,60,90,1800,RN_DNODE_00306,0.0,0.30116185815577506,0.30116185815577506,RN_DRAIN_00042,1.8445915058171303,synthetic_manning_scenario,0.0,0.30116185815577506,0.0,0.0,0.0
060_090,rajendra_nagar_heavy_rain_demo,60,90,1800,RN_DNODE_00291,0.0,0.30116185815577506,0.30116185815577506,RN_DRAIN_00033,0.4733596812607943,synthetic_manning_scenario,0.0,0.30116185815577506,0.0,0.0,0.0
060_090,rajendra_nagar_heavy_rain_demo,60,90,1800,RN_DNODE_00292,0.0,0.30116185815577506,0.30116185815577506,RN_DRAIN_00026,0.22798288882636691,synthetic_manning_scenario,0.0,0.22798288882636691,0.07317896932940815,0.0,131.72214479293467
060_090,rajendra_nagar_heavy_rain_demo,60,90,1800,RN_DNODE_00283,0.0,0.9210557168032096,0.9210557168032096,RN_DRAIN_00012,0.6930728279768428,synthetic_manning_scenario,0.0,0.6930728279768428,0.22798288882636686,0.0,410.36919988746035
060_090,rajendra_nagar_heavy_rain_demo,60,90,1800,RN_DNODE_00294,0.0,0.6930728279768428,0.6930728279768428,RN_DRAIN_00007,0.6930728279768428,synthetic_manning_scenario,0.0,0.6930728279768428,0.0,0.0,0.0
060_090,rajendra_nagar_heavy_rain_demo,60,90,1800,RN_DNODE_00311,0.0,0.6930728279768428,0.6930728279768428,RN_DRAIN_00001,0.9581402312180723,synthetic_manning_scenario,0.0,0.6930728279768428,0.0,0.0,0.0
060_090,rajendra_nagar_heavy_rain_demo,60,90,1800,RN_DNODE_00312,0.0,0.6930728279768428,0.6930728279768428,,,,,0.0,0.0,0.6930728279768428,0.0
090_120,rajendra_nagar_heavy_rain_demo,90,120,1800,RN_DNODE_00325,0.0,0.0,0.0,RN_DRAIN_00002,0.04832921076750425,synthetic_manning_scenario,0.0,0.0,0.0,0.0,0.0
090_120,rajendra_nagar_heavy_rain_demo,90,120,1800,RN_DNODE_00338,0.0,0.0,0.0,RN_DRAIN_00003,0.03117685014218198,synthetic_manning_scenario,0.0,0.0,0.0,0.0,0.0
090_120,rajendra_nagar_heavy_rain_demo,90,120,1800,RN_DNODE_00441,0.061875004238552515,0.0,0.061875004238552515,RN_DRAIN_00005,0.02637752433631995,synthetic_manning_scenario,0.0,0.02637752433631995,0.035497479902232565,0.0,63.89546382401862
090_120,rajendra_nagar_heavy_rain_demo,90,120,1800,RN_DNODE_00310,0.0,0.0,0.0,RN_DRAIN_00008,0.03485428291526828,synthetic_manning_scenario,0.0,0.0,0.0,0.0,0.0
090_120,rajendra_nagar_heavy_rain_demo,90,120,1800,RN_DNODE_00324,0.0,0.0,0.0,RN_DRAIN_00009,0.02637752433631995,synthetic_manning_scenario,0.0,0.0,0.0,0.0,0.0
090_120,rajendra_nagar_heavy_rain_demo,90,120,1800,RN_DNODE_00293,0.0,0.0,0.0,RN_DRAIN_00013,0.03485428291526828,synthetic_manning_scenario,0.0,0.0,0.0,0.0,0.0
090_120,rajendra_nagar_heavy_rain_demo,90,120,1800,RN_DNODE_00309,0.0,0.0,0.0,RN_DRAIN_00014,0.02637752433631995,synthetic_manning_scenario,0.0,0.0,0.0,0.0,0.0
090_120,rajendra_nagar_heavy_rain_demo,90,120,1800,RN_DNODE_00495,0.0,0.0,0.0,RN_DRAIN_00023,0.02637752433631995,synthetic_manning_scenario,0.0,0.0,0.0,0.0,0.0
090_120,rajendra_nagar_heavy_rain_demo,90,120,1800,RN_DNODE_00282,0.0,0.0,0.0,RN_DRAIN_00025,0.03485428291526828,synthetic_manning_scenario,0.0,0.0,0.0,0.0,0.0
090_120,rajendra_nagar_heavy_rain_demo,90,120,1800,RN_DNODE_00308,0.0,0.0,0.0,RN_DRAIN_00027,0.09079004401073118,synthetic_manning_scenario,0.0,0.0,0.0,0.0,0.0
090_120,rajendra_nagar_heavy_rain_demo,90,120,1800,RN_DNODE_00276,0.0,0.0,0.0,RN_DRAIN_00031,0.03483431483404455,synthetic_manning_scenario,0.0,0.0,0.0,0.0,0.0
090_120,rajendra_nagar_heavy_rain_demo,90,120,1800,RN_DNODE_00281,0.0,0.0,0.0,RN_DRAIN_00032,0.02637752433631995,synthetic_manning_scenario,0.0,0.0,0.0,0.0,0.0
090_120,rajendra_nagar_heavy_rain_demo,90,120,1800,RN_DNODE_00307,0.0,0.0,0.0,RN_DRAIN_00034,0.14733919378536192,synthetic_manning_scenario,0.0,0.0,0.0,0.0,0.0
090_120,rajendra_nagar_heavy_rain_demo,90,120,1800,RN_DNODE_00261,0.0,0.0,0.0,RN_DRAIN_00037,0.03484430030503481,synthetic_manning_scenario,0.0,0.0,0.0,0.0,0.0
090_120,rajendra_nagar_heavy_rain_demo,90,120,1800,RN_DNODE_00275,0.0,0.0,0.0,RN_DRAIN_00039,0.02637752433631995,synthetic_manning_scenario,0.0,0.0,0.0,0.0,0.0
090_120,rajendra_nagar_heavy_rain_demo,90,120,1800,RN_DNODE_00280,0.0,0.0,0.0,RN_DRAIN_00040,0.11520064788280598,synthetic_manning_scenario,0.0,0.0,0.0,0.0,0.0
090_120,rajendra_nagar_heavy_rain_demo,90,120,1800,RN_DNODE_00290,0.0,0.0,0.0,RN_DRAIN_00041,0.23403717670292817,synthetic_manning_scenario,0.0,0.0,0.0,0.0,0.0
090_120,rajendra_nagar_heavy_rain_demo,90,120,1800,RN_DNODE_00035,0.0,0.0,0.0,RN_DRAIN_00045,0.15492389313383287,synthetic_manning_scenario,0.0,0.0,0.0,0.0,0.0
090_120,rajendra_nagar_heavy_rain_demo,90,120,1800,RN_DNODE_00042,0.0,0.0,0.0,RN_DRAIN_00046,0.03485428291526828,synthetic_manning_scenario,0.0,0.0,0.0,0.0,0.0
090_120,rajendra_nagar_heavy_rain_demo,90,120,1800,RN_DNODE_00253,0.0,0.0,0.0,RN_DRAIN_00047,0.02637752433631995,synthetic_manning_scenario,0.0,0.0,0.0,0.0,0.0
090_120,rajendra_nagar_heavy_rain_demo,90,120,1800,RN_DNODE_00268,0.0,0.0,0.0,RN_DRAIN_00049,0.03485428291526828,synthetic_manning_scenario,0.0,0.0,0.0,0.0,0.0
090_120,rajendra_nagar_heavy_rain_demo,90,120,1800,RN_DNODE_00417,0.05906250423855252,0.0,0.05906250423855252,RN_DRAIN_00051,0.11248088992987894,synthetic_manning_scenario,0.0,0.05906250423855252,0.0,0.0,0.0
090_120,rajendra_nagar_heavy_rain_demo,90,120,1800,RN_DNODE_00034,0.01593750105963813,0.0,0.01593750105963813,RN_DRAIN_00054,0.08940774616670524,synthetic_manning_scenario,0.0,0.01593750105963813,0.0,0.0,0.0
090_120,rajendra_nagar_heavy_rain_demo,90,120,1800,RN_DNODE_00082,0.0,0.0,0.0,RN_DRAIN_00056,0.03485428291526828,synthetic_manning_scenario,0.0,0.0,0.0,0.0,0.0
090_120,rajendra_nagar_heavy_rain_demo,90,120,1800,RN_DNODE_00252,0.0,0.0,0.0,RN_DRAIN_00057,0.02637752433631995,synthetic_manning_scenario,0.0,0.0,0.0,0.0,0.0
090_120,rajendra_nagar_heavy_rain_demo,90,120,1800,RN_DNODE_00267,0.0,0.0,0.0,RN_DRAIN_00059,0.02637752433631995,synthetic_manning_scenario,0.0,0.0,0.0,0.0,0.0
090_120,rajendra_nagar_heavy_rain_demo,90,120,1800,RN_DNODE_00503,0.03187500211927626,0.0,0.03187500211927626,RN_DRAIN_00062,0.03485428291526828,synthetic_manning_scenario,0.0,0.03187500211927626,0.0,0.0,0.0
090_120,rajendra_nagar_heavy_rain_demo,90,120,1800,RN_DNODE_00258,0.0,0.0,0.0,RN_DRAIN_00067,0.03485428291526828,synthetic_manning_scenario,0.0,0.0,0.0,0.0,0.0
090_120,rajendra_nagar_heavy_rain_demo,90,120,1800,RN_DNODE_00415,0.45843753072950577,0.0,0.45843753072950577,RN_DRAIN_00069,0.13572767824149176,synthetic_manning_scenario,0.0,0.13572767824149176,0.322709852488014,0.0,580.8777344784252
090_120,rajendra_nagar_heavy_rain_demo,90,120,1800,RN_DNODE_00533,0.0,0.0,0.0,RN_DRAIN_00079,0.03485428291526828,synthetic_manning_scenario,0.0,0.0,0.0,0.0,0.0
090_120,rajendra_nagar_heavy_rain_demo,90,120,1800,RN_DNODE_00534,0.0,0.0,0.0,RN_DRAIN_00080,0.02637752433631995,synthetic_manning_scenario,0.0,0.0,0.0,0.0,0.0
090_120,rajendra_nagar_heavy_rain_demo,90,120,1800,RN_DNODE_00139,0.0,0.0,0.0,RN_DRAIN_00092,0.17503430320954919,synthetic_manning_scenario,0.0,0.0,0.0,0.0,0.0
090_120,rajendra_nagar_heavy_rain_demo,90,120,1800,RN_DNODE_00204,0.0,0.0,0.0,RN_DRAIN_00093,0.03484430030503481,synthetic_manning_scenario,0.0,0.0,0.0,0.0,0.0
090_120,rajendra_nagar_heavy_rain_demo,90,120,1800,RN_DNODE_00230,0.0,0.0,0.0,RN_DRAIN_00094,0.03484430030503481,synthetic_manning_scenario,0.0,0.0,0.0,0.0,0.0
090_120,rajendra_nagar_heavy_rain_demo,90,120,1800,RN_DNODE_00322,0.0,0.0,0.0,RN_DRAIN_00096,0.2205372423203837,synthetic_manning_scenario,0.0,0.0,0.0,0.0,0.0
090_120,rajendra_nagar_heavy_rain_demo,90,120,1800,RN_DNODE_00367,0.0,0.0,0.0,RN_DRAIN_00101,0.11429110698380826,synthetic_manning_scenario,0.0,0.0,0.0,0.0,0.0
090_120,rajendra_nagar_heavy_rain_demo,90,120,1800,RN_DNODE_00524,0.0,0.0,0.0,RN_DRAIN_00103,0.03485428291526828,synthetic_manning_scenario,0.0,0.0,0.0,0.0,0.0
090_120,rajendra_nagar_heavy_rain_demo,90,120,1800,RN_DNODE_00114,0.03000000211927626,0.0,0.03000000211927626,RN_DRAIN_00108,0.05279460013290454,synthetic_manning_scenario,0.0,0.03000000211927626,0.0,0.0,0.0
090_120,rajendra_nagar_heavy_rain_demo,90,120,1800,RN_DNODE_00126,0.0,0.0,0.0,RN_DRAIN_00109,0.216149286911403,synthetic_manning_scenario,0.0,0.0,0.0,0.0,0.0
090_120,rajendra_nagar_heavy_rain_demo,90,120,1800,RN_DNODE_00156,0.0,0.0,0.0,RN_DRAIN_00111,0.2471983594008618,synthetic_manning_scenario,0.0,0.0,0.0,0.0,0.0
090_120,rajendra_nagar_heavy_rain_demo,90,120,1800,RN_DNODE_00177,0.0,0.0,0.0,RN_DRAIN_00112,0.02637752433631995,synthetic_manning_scenario,0.0,0.0,0.0,0.0,0.0
090_120,rajendra_nagar_heavy_rain_demo,90,120,1800,RN_DNODE_00248,0.0,0.0,0.0,RN_DRAIN_00115,0.03485428291526828,synthetic_manning_scenario,0.0,0.0,0.0,0.0,0.0
090_120,rajendra_nagar_heavy_rain_demo,90,120,1800,RN_DNODE_00334,0.0,0.0,0.0,RN_DRAIN_00117,0.2898108574113625,synthetic_manning_scenario,0.0,0.0,0.0,0.0,0.0
090_120,rajendra_nagar_heavy_rain_demo,90,120,1800,RN_DNODE_00366,0.0,0.0,0.0,RN_DRAIN_00118,0.20580724239131704,synthetic_manning_scenario,0.0,0.0,0.0,0.0,0.0
090_120,rajendra_nagar_heavy_rain_demo,90,120,1800,RN_DNODE_00539,0.0,0.0,0.0,RN_DRAIN_00120,0.03485428291526828,synthetic_manning_scenario,0.0,0.0,0.0,0.0,0.0
090_120,rajendra_nagar_heavy_rain_demo,90,120,1800,RN_DNODE_00056,0.0,0.0,0.0,RN_DRAIN_00123,0.03484430030503481,synthetic_manning_scenario,0.0,0.0,0.0,0.0,0.0
090_120,rajendra_nagar_heavy_rain_demo,90,120,1800,RN_DNODE_00137,0.0,0.0,0.0,RN_DRAIN_00124,0.24465918118318086,synthetic_manning_scenario,0.0,0.0,0.0,0.0,0.0
090_120,rajendra_nagar_heavy_rain_demo,90,120,1800,RN_DNODE_00289,0.03187500211927626,0.0,0.03187500211927626,RN_DRAIN_00129,0.12733816465846753,synthetic_manning_scenario,0.0,0.03187500211927626,0.0,0.0,0.0
090_120,rajendra_nagar_heavy_rain_demo,90,120,1800,RN_DNODE_00471,0.032812502119276256,0.0,0.032812502119276256,RN_DRAIN_00133,0.03485428291526828,synthetic_manning_scenario,0.0,0.032812502119276256,0.0,0.0,0.0
090_120,rajendra_nagar_heavy_rain_demo,90,120,1800,RN_DNODE_00038,0.03187500211927626,0.0,0.03187500211927626,RN_DRAIN_00136,0.02637752433631995,synthetic_manning_scenario,0.0,0.02637752433631995,0.0054974777829563115,0.0,9.895460009321361
090_120,rajendra_nagar_heavy_rain_demo,90,120,1800,RN_DNODE_00047,0.01593750105963813,0.0,0.01593750105963813,RN_DRAIN_00137,0.02637752433631995,synthetic_manning_scenario,0.0,0.01593750105963813,0.0,0.0,0.0
090_120,rajendra_nagar_heavy_rain_demo,90,120,1800,RN_DNODE_00154,0.0,0.0,0.0,RN_DRAIN_00138,0.1774601738083829,synthetic_manning_scenario,0.0,0.0,0.0,0.0,0.0
090_120,rajendra_nagar_heavy_rain_demo,90,120,1800,RN_DNODE_00175,0.0,0.0,0.0,RN_DRAIN_00139,0.02637752433631995,synthetic_manning_scenario,0.0,0.0,0.0,0.0,0.0
090_120,rajendra_nagar_heavy_rain_demo,90,120,1800,RN_DNODE_00001,0.0,0.0,0.0,RN_DRAIN_00148,0.23026234147550612,synthetic_manning_scenario,0.0,0.0,0.0,0.0,0.0
090_120,rajendra_nagar_heavy_rain_demo,90,120,1800,RN_DNODE_00173,0.0,0.0,0.0,RN_DRAIN_00163,0.03484430030503481,synthetic_manning_scenario,0.0,0.0,0.0,0.0,0.0
090_120,rajendra_nagar_heavy_rain_demo,90,120,1800,RN_DNODE_00227,0.0,0.0,0.0,RN_DRAIN_00165,0.03484430030503481,synthetic_manning_scenario,0.0,0.0,0.0,0.0,0.0
090_120,rajendra_nagar_heavy_rain_demo,90,120,1800,RN_DNODE_00287,0.04781250317891439,0.0,0.04781250317891439,RN_DRAIN_00166,0.03484430030503481,synthetic_manning_scenario,0.0,0.03484430030503481,0.012968202873879578,0.0,23.342765172983242
090_120,rajendra_nagar_heavy_rain_demo,90,120,1800,RN_DNODE_00320,0.0,0.0,0.0,RN_DRAIN_00168,0.03484430030503481,synthetic_manning_scenario,0.0,0.0,0.0,0.0,0.0
090_120,rajendra_nagar_heavy_rain_demo,90,120,1800,RN_DNODE_00437,0.46687503178914386,0.0,0.46687503178914386,RN_DRAIN_00172,0.05158812602898853,synthetic_manning_scenario,0.0,0.05158812602898853,0.4152869057601553,0.0,747.5164303682795
090_120,rajendra_nagar_heavy_rain_demo,90,120,1800,RN_DNODE_00071,0.31406252119276257,0.0,0.31406252119276257,RN_DRAIN_00174,0.14154681932172938,synthetic_manning_scenario,0.0,0.14154681932172938,0.17251570187103318,0.0,310.5282633678597
090_120,rajendra_nagar_heavy_rain_demo,90,120,1800,RN_DNODE_00226,0.0,0.0,0.0,RN_DRAIN_00180,0.03484430030503481,synthetic_manning_scenario,0.0,0.0,0.0,0.0,0.0
090_120,rajendra_nagar_heavy_rain_demo,90,120,1800,RN_DNODE_00319,0.04875000317891439,0.0,0.04875000317891439,RN_DRAIN_00182,0.03484430030503481,synthetic_manning_scenario,0.0,0.03484430030503481,0.013905702873879579,0.0,25.030265172983242
090_120,rajendra_nagar_heavy_rain_demo,90,120,1800,RN_DNODE_00152,0.01593750105963813,0.0,0.01593750105963813,RN_DRAIN_00189,0.2781184424317617,synthetic_manning_scenario,0.0,0.01593750105963813,0.0,0.0,0.0
090_120,rajendra_nagar_heavy_rain_demo,90,120,1800,RN_DNODE_00171,0.01593750105963813,0.0,0.01593750105963813,RN_DRAIN_00190,0.21513777926228358,synthetic_manning_scenario,0.0,0.01593750105963813,0.0,0.0,0.0
090_120,rajendra_nagar_heavy_rain_demo,90,120,1800,RN_DNODE_00225,0.02156250105963813,0.0,0.02156250105963813,RN_DRAIN_00192,0.02637752433631995,synthetic_manning_scenario,0.0,0.02156250105963813,0.0,0.0,0.0
090_120,rajendra_nagar_heavy_rain_demo,90,120,1800,RN_DNODE_00300,0.04875000317891439,0.0,0.04875000317891439,RN_DRAIN_00193,0.03485428291526828,synthetic_manning_scenario,0.0,0.03485428291526828,0.013895720263646112,0.0,25.012296474563
090_120,rajendra_nagar_heavy_rain_demo,90,120,1800,RN_DNODE_00490,0.0,0.0,0.0,RN_DRAIN_00196,0.038632043432786596,synthetic_manning_scenario,0.0,0.0,0.0,0.0,0.0
090_120,rajendra_nagar_heavy_rain_demo,90,120,1800,RN_DNODE_00002,0.0,0.0,0.0,RN_DRAIN_00197,0.02637752433631995,synthetic_manning_scenario,0.0,0.0,0.0,0.0,0.0
090_120,rajendra_nagar_heavy_rain_demo,90,120,1800,RN_DNODE_00135,0.04593750317891439,0.0,0.04593750317891439,RN_DRAIN_00201,0.14808812947220454,synthetic_manning_scenario,0.0,0.04593750317891439,0.0,0.0,0.0
090_120,rajendra_nagar_heavy_rain_demo,90,120,1800,RN_DNODE_00151,0.0,0.0,0.0,RN_DRAIN_00202,0.22523069736860887,synthetic_manning_scenario,0.0,0.0,0.0,0.0,0.0
090_120,rajendra_nagar_heavy_rain_demo,90,120,1800,RN_DNODE_00170,0.0,0.0,0.0,RN_DRAIN_00203,0.22622629578712322,synthetic_manning_scenario,0.0,0.0,0.0,0.0,0.0
090_120,rajendra_nagar_heavy_rain_demo,90,120,1800,RN_DNODE_00224,0.0,0.0,0.0,RN_DRAIN_00205,0.03485428291526828,synthetic_manning_scenario,0.0,0.0,0.0,0.0,0.0
090_120,rajendra_nagar_heavy_rain_demo,90,120,1800,RN_DNODE_00299,0.06468750423855252,0.0,0.06468750423855252,RN_DRAIN_00206,0.02637752433631995,synthetic_manning_scenario,0.0,0.02637752433631995,0.03830997990223257,0.0,68.95796382401862
090_120,rajendra_nagar_heavy_rain_demo,90,120,1800,RN_DNODE_00359,0.34312502331203887,0.0,0.34312502331203887,RN_DRAIN_00208,0.09006678976697921,synthetic_manning_scenario,0.0,0.09006678976697921,0.25305823354505963,0.0,455.5048203811073
090_120,rajendra_nagar_heavy_rain_demo,90,120,1800,RN_DNODE_00124,0.0,0.0,0.0,RN_DRAIN_00211,0.02637752433631995,synthetic_manning_scenario,0.0,0.0,0.0,0.0,0.0
090_120,rajendra_nagar_heavy_rain_demo,90,120,1800,RN_DNODE_00223,0.0,0.0,0.0,RN_DRAIN_00215,0.03484430030503481,synthetic_manning_scenario,0.0,0.0,0.0,0.0,0.0
090_120,rajendra_nagar_heavy_rain_demo,90,120,1800,RN_DNODE_00316,0.0,0.0,0.0,RN_DRAIN_00216,0.03485428291526828,synthetic_manning_scenario,0.0,0.0,0.0,0.0,0.0
090_120,rajendra_nagar_heavy_rain_demo,90,120,1800,RN_DNODE_00546,0.42375002966986763,0.0,0.42375002966986763,RN_DRAIN_00219,0.07396532506289491,synthetic_manning_scenario,0.0,0.07396532506289491,0.34978470460697275,0.0,629.612468292551
090_120,rajendra_nagar_heavy_rain_demo,90,120,1800,RN_DNODE_00022,0.08062500529819065,0.0,0.08062500529819065,RN_DRAIN_00221,0.03485428291526828,synthetic_manning_scenario,0.0,0.03485428291526828,0.045770722382922374,0.0,82.38730028926027
090_120,rajendra_nagar_heavy_rain_demo,90,120,1800,RN_DNODE_00149,0.0,0.0,0.0,RN_DRAIN_00229,0.11345402204017847,synthetic_manning_scenario,0.0,0.0,0.0,0.0,0.0
090_120,rajendra_nagar_heavy_rain_demo,90,120,1800,RN_DNODE_00168,0.0,0.0,0.0,RN_DRAIN_00230,0.2627180237045502,synthetic_manning_scenario,0.0,0.0,0.0,0.0,0.0
090_120,rajendra_nagar_heavy_rain_demo,90,120,1800,RN_DNODE_00222,0.0,0.0,0.0,RN_DRAIN_00232,0.03484430030503481,synthetic_manning_scenario,0.0,0.0,0.0,0.0,0.0
090_120,rajendra_nagar_heavy_rain_demo,90,120,1800,RN_DNODE_00331,0.0,0.0,0.0,RN_DRAIN_00233,0.03485428291526828,synthetic_manning_scenario,0.0,0.0,0.0,0.0,0.0
090_120,rajendra_nagar_heavy_rain_demo,90,120,1800,RN_DNODE_00351,0.0,0.0,0.0,RN_DRAIN_00235,0.03485428291526828,synthetic_manning_scenario,0.0,0.0,0.0,0.0,0.0
090_120,rajendra_nagar_heavy_rain_demo,90,120,1800,RN_DNODE_00556,0.061875004238552515,0.0,0.061875004238552515,RN_DRAIN_00238,0.03484430030503481,synthetic_manning_scenario,0.0,0.03484430030503481,0.027030703933517704,0.0,48.65526708033187
090_120,rajendra_nagar_heavy_rain_demo,90,120,1800,RN_DNODE_00014,0.0,0.0,0.0,RN_DRAIN_00239,0.02637752433631995,synthetic_manning_scenario,0.0,0.0,0.0,0.0,0.0
090_120,rajendra_nagar_heavy_rain_demo,90,120,1800,RN_DNODE_00065,0.0,0.0,0.0,RN_DRAIN_00242,0.03485428291526828,synthetic_manning_scenario,0.0,0.0,0.0,0.0,0.0
090_120,rajendra_nagar_heavy_rain_demo,90,120,1800,RN_DNODE_00076,0.0,0.0,0.0,RN_DRAIN_00244,0.03484430030503481,synthetic_manning_scenario,0.0,0.0,0.0,0.0,0.0
090_120,rajendra_nagar_heavy_rain_demo,90,120,1800,RN_DNODE_00085,0.0,0.0,0.0,RN_DRAIN_00245,0.03484430030503481,synthetic_manning_scenario,0.0,0.0,0.0,0.0,0.0
090_120,rajendra_nagar_heavy_rain_demo,90,120,1800,RN_DNODE_00193,0.0,0.0,0.0,RN_DRAIN_00246,0.03485428291526828,synthetic_manning_scenario,0.0,0.0,0.0,0.0,0.0
090_120,rajendra_nagar_heavy_rain_demo,90,120,1800,RN_DNODE_00342,0.0,0.0,0.0,RN_DRAIN_00248,0.03485428291526828,synthetic_manning_scenario,0.0,0.0,0.0,0.0,0.0
090_120,rajendra_nagar_heavy_rain_demo,90,120,1800,RN_DNODE_00247,0.0,0.0,0.0,RN_DRAIN_00261,0.02637752433631995,synthetic_manning_scenario,0.0,0.0,0.0,0.0,0.0
090_120,rajendra_nagar_heavy_rain_demo,90,120,1800,RN_DNODE_00349,0.0,0.0,0.0,RN_DRAIN_00262,0.03485428291526828,synthetic_manning_scenario,0.0,0.0,0.0,0.0,0.0
090_120,rajendra_nagar_heavy_rain_demo,90,120,1800,RN_DNODE_00054,0.0,0.0,0.0,RN_DRAIN_00272,0.16663623912470468,synthetic_manning_scenario,0.0,0.0,0.0,0.0,0.0
090_120,rajendra_nagar_heavy_rain_demo,90,120,1800,RN_DNODE_00063,0.0,0.0,0.0,RN_DRAIN_00273,0.11852287889848324,synthetic_manning_scenario,0.0,0.0,0.0,0.0,0.0
090_120,rajendra_nagar_heavy_rain_demo,90,120,1800,RN_DNODE_00246,0.0,0.0,0.0,RN_DRAIN_00275,0.03484430030503481,synthetic_manning_scenario,0.0,0.0,0.0,0.0,0.0
090_120,rajendra_nagar_heavy_rain_demo,90,120,1800,RN_DNODE_00357,0.0,0.0,0.0,RN_DRAIN_00276,0.03483431483404455,synthetic_manning_scenario,0.0,0.0,0.0,0.0,0.0
090_120,rajendra_nagar_heavy_rain_demo,90,120,1800,RN_DNODE_00372,0.0,0.0,0.0,RN_DRAIN_00278,0.03485428291526828,synthetic_manning_scenario,0.0,0.0,0.0,0.0,0.0
090_120,rajendra_nagar_heavy_rain_demo,90,120,1800,RN_DNODE_00541,0.0,0.0,0.0,RN_DRAIN_00280,0.03484430030503481,synthetic_manning_scenario,0.0,0.0,0.0,0.0,0.0
090_120,rajendra_nagar_heavy_rain_demo,90,120,1800,RN_DNODE_00245,0.0,0.0,0.0,RN_DRAIN_00287,0.02637752433631995,synthetic_manning_scenario,0.0,0.0,0.0,0.0,0.0
090_120,rajendra_nagar_heavy_rain_demo,90,120,1800,RN_DNODE_00363,0.0,0.0,0.0,RN_DRAIN_00288,0.03485428291526828,synthetic_manning_scenario,0.0,0.0,0.0,0.0,0.0
090_120,rajendra_nagar_heavy_rain_demo,90,120,1800,RN_DNODE_00377,0.0,0.0,0.0,RN_DRAIN_00290,0.03485428291526828,synthetic_manning_scenario,0.0,0.0,0.0,0.0,0.0
090_120,rajendra_nagar_heavy_rain_demo,90,120,1800,RN_DNODE_00396,0.7190625476837158,0.0,0.7190625476837158,RN_DRAIN_00291,0.1120128954947173,synthetic_manning_scenario,0.0,0.1120128954947173,0.6070496521889985,0.0,1092.6893739401974
090_120,rajendra_nagar_heavy_rain_demo,90,120,1800,RN_DNODE_00448,0.09656250635782877,0.0,0.09656250635782877,RN_DRAIN_00292,0.02637752433631995,synthetic_manning_scenario,0.0,0.02637752433631995,0.07018498202150883,0.0,126.3329676387159
090_120,rajendra_nagar_heavy_rain_demo,90,120,1800,RN_DNODE_00005,0.0,0.0,0.0,RN_DRAIN_00294,0.04614936155069056,synthetic_manning_scenario,0.0,0.0,0.0,0.0,0.0
090_120,rajendra_nagar_heavy_rain_demo,90,120,1800,RN_DNODE_00244,0.0,0.0,0.0,RN_DRAIN_00302,0.03484430030503481,synthetic_manning_scenario,0.0,0.0,0.0,0.0,0.0
090_120,rajendra_nagar_heavy_rain_demo,90,120,1800,RN_DNODE_00370,0.0,0.0,0.0,RN_DRAIN_00303,0.03485428291526828,synthetic_manning_scenario,0.0,0.0,0.0,0.0,0.0
090_120,rajendra_nagar_heavy_rain_demo,90,120,1800,RN_DNODE_00395,0.04593750317891439,0.0,0.04593750317891439,RN_DRAIN_00306,0.02637752433631995,synthetic_manning_scenario,0.0,0.02637752433631995,0.019559978842594437,0.0,35.20796191666999
090_120,rajendra_nagar_heavy_rain_demo,90,120,1800,RN_DNODE_00436,0.0,0.0,0.0,RN_DRAIN_00307,0.02637752433631995,synthetic_manning_scenario,0.0,0.0,0.0,0.0,0.0
090_120,rajendra_nagar_heavy_rain_demo,90,120,1800,RN_DNODE_00440,0.03187500211927626,0.0,0.03187500211927626,RN_DRAIN_00308,0.03485428291526828,synthetic_manning_scenario,0.0,0.03187500211927626,0.0,0.0,0.0
090_120,rajendra_nagar_heavy_rain_demo,90,120,1800,RN_DNODE_00243,0.0,0.0,0.0,RN_DRAIN_00317,0.03484430030503481,synthetic_manning_scenario,0.0,0.0,0.0,0.0,0.0
090_120,rajendra_nagar_heavy_rain_demo,90,120,1800,RN_DNODE_00375,0.03187500211927626,0.0,0.03187500211927626,RN_DRAIN_00318,0.03485428291526828,synthetic_manning_scenario,0.0,0.03187500211927626,0.0,0.0,0.0
090_120,rajendra_nagar_heavy_rain_demo,90,120,1800,RN_DNODE_00511,0.0,0.0,0.0,RN_DRAIN_00333,0.03485428291526828,synthetic_manning_scenario,0.0,0.0,0.0,0.0,0.0
090_120,rajendra_nagar_heavy_rain_demo,90,120,1800,RN_DNODE_00529,0.1471875105963813,0.0,0.1471875105963813,RN_DRAIN_00335,0.19300346415305064,synthetic_manning_scenario,0.0,0.1471875105963813,0.0,0.0,0.0
090_120,rajendra_nagar_heavy_rain_demo,90,120,1800,RN_DNODE_00074,0.0,0.0,0.0,RN_DRAIN_00336,0.03485428291526828,synthetic_manning_scenario,0.0,0.0,0.0,0.0,0.0
090_120,rajendra_nagar_heavy_rain_demo,90,120,1800,RN_DNODE_00242,0.0,0.0,0.0,RN_DRAIN_00338,0.03484430030503481,synthetic_manning_scenario,0.0,0.0,0.0,0.0,0.0
090_120,rajendra_nagar_heavy_rain_demo,90,120,1800,RN_DNODE_00383,0.0,0.0,0.0,RN_DRAIN_00339,0.03485428291526828,synthetic_manning_scenario,0.0,0.0,0.0,0.0,0.0
090_120,rajendra_nagar_heavy_rain_demo,90,120,1800,RN_DNODE_00393,0.0,0.0,0.0,RN_DRAIN_00340,0.03485428291526828,synthetic_manning_scenario,0.0,0.0,0.0,0.0,0.0
090_120,rajendra_nagar_heavy_rain_demo,90,120,1800,RN_DNODE_00428,0.03000000211927626,0.0,0.03000000211927626,RN_DRAIN_00344,0.03485428291526828,synthetic_manning_scenario,0.0,0.03000000211927626,0.0,0.0,0.0
090_120,rajendra_nagar_heavy_rain_demo,90,120,1800,RN_DNODE_00501,0.0,0.0,0.0,RN_DRAIN_00346,0.03484430030503481,synthetic_manning_scenario,0.0,0.0,0.0,0.0,0.0
090_120,rajendra_nagar_heavy_rain_demo,90,120,1800,RN_DNODE_00521,0.01406250105963813,0.0,0.01406250105963813,RN_DRAIN_00348,0.2764107810710812,synthetic_manning_scenario,0.0,0.01406250105963813,0.0,0.0,0.0
090_120,rajendra_nagar_heavy_rain_demo,90,120,1800,RN_DNODE_00528,0.01593750105963813,0.0,0.01593750105963813,RN_DRAIN_00349,0.09203450505564478,synthetic_manning_scenario,0.0,0.01593750105963813,0.0,0.0,0.0
090_120,rajendra_nagar_heavy_rain_demo,90,120,1800,RN_DNODE_00241,0.0,0.0,0.0,RN_DRAIN_00351,0.03485428291526828,synthetic_manning_scenario,0.0,0.0,0.0,0.0,0.0
090_120,rajendra_nagar_heavy_rain_demo,90,120,1800,RN_DNODE_00527,0.044062503178914386,0.0,0.044062503178914386,RN_DRAIN_00355,0.18626342708702154,synthetic_manning_scenario,0.0,0.044062503178914386,0.0,0.0,0.0
090_120,rajendra_nagar_heavy_rain_demo,90,120,1800,RN_DNODE_00191,0.0,0.0,0.0,RN_DRAIN_00356,0.03484430030503481,synthetic_manning_scenario,0.0,0.0,0.0,0.0,0.0
090_120,rajendra_nagar_heavy_rain_demo,90,120,1800,RN_DNODE_00240,0.0,0.0,0.0,RN_DRAIN_00358,0.03484430030503481,synthetic_manning_scenario,0.0,0.0,0.0,0.0,0.0
090_120,rajendra_nagar_heavy_rain_demo,90,120,1800,RN_DNODE_00500,0.12000000847710504,0.0,0.12000000847710504,RN_DRAIN_00360,0.1948011871441529,synthetic_manning_scenario,0.0,0.12000000847710504,0.0,0.0,0.0
090_120,rajendra_nagar_heavy_rain_demo,90,120,1800,RN_DNODE_00508,0.16125001165601943,0.0,0.16125001165601943,RN_DRAIN_00361,0.2317547361496302,synthetic_manning_scenario,0.0,0.16125001165601943,0.0,0.0,0.0
090_120,rajendra_nagar_heavy_rain_demo,90,120,1800,RN_DNODE_00519,0.04781250317891439,0.0,0.04781250317891439,RN_DRAIN_00362,0.17218079283976848,synthetic_manning_scenario,0.0,0.04781250317891439,0.0,0.0,0.0
090_120,rajendra_nagar_heavy_rain_demo,90,120,1800,RN_DNODE_00190,0.0,0.0,0.0,RN_DRAIN_00364,0.03484430030503481,synthetic_manning_scenario,0.0,0.0,0.0,0.0,0.0
090_120,rajendra_nagar_heavy_rain_demo,90,120,1800,RN_DNODE_00239,0.0,0.0,0.0,RN_DRAIN_00366,0.03484430030503481,synthetic_manning_scenario,0.0,0.0,0.0,0.0,0.0
090_120,rajendra_nagar_heavy_rain_demo,90,120,1800,RN_DNODE_00453,0.032812502119276256,0.0,0.032812502119276256,RN_DRAIN_00367,0.12282979632326015,synthetic_manning_scenario,0.0,0.032812502119276256,0.0,0.0,0.0
090_120,rajendra_nagar_heavy_rain_demo,90,120,1800,RN_DNODE_00020,0.0,0.0,0.0,RN_DRAIN_00370,0.03484430030503481,synthetic_manning_scenario,0.0,0.0,0.0,0.0,0.0
090_120,rajendra_nagar_heavy_rain_demo,90,120,1800,RN_DNODE_00189,0.0,0.0,0.0,RN_DRAIN_00371,0.03484430030503481,synthetic_manning_scenario,0.0,0.0,0.0,0.0,0.0
090_120,rajendra_nagar_heavy_rain_demo,90,120,1800,RN_DNODE_00238,0.0,0.0,0.0,RN_DRAIN_00373,0.05960970345596315,synthetic_manning_scenario,0.0,0.0,0.0,0.0,0.0
090_120,rajendra_nagar_heavy_rain_demo,90,120,1800,RN_DNODE_00452,0.09093750635782878,0.0,0.09093750635782878,RN_DRAIN_00374,0.100407978859947,synthetic_manning_scenario,0.0,0.09093750635782878,0.0,0.0,0.0
090_120,rajendra_nagar_heavy_rain_demo,90,120,1800,RN_DNODE_00507,0.0,0.0,0.0,RN_DRAIN_00376,0.2407171307040971,synthetic_manning_scenario,0.0,0.0,0.0,0.0,0.0
090_120,rajendra_nagar_heavy_rain_demo,90,120,1800,RN_DNODE_00535,0.04593750317891439,0.0,0.04593750317891439,RN_DRAIN_00377,0.03485428291526828,synthetic_manning_scenario,0.0,0.03485428291526828,0.01108322026364611,0.0,19.949796474562998
090_120,rajendra_nagar_heavy_rain_demo,90,120,1800,RN_DNODE_00188,0.0,0.0,0.0,RN_DRAIN_00380,0.03484430030503481,synthetic_manning_scenario,0.0,0.0,0.0,0.0,0.0
090_120,rajendra_nagar_heavy_rain_demo,90,120,1800,RN_DNODE_00237,0.0,0.0,0.0,RN_DRAIN_00382,0.25236412953905973,synthetic_manning_scenario,0.0,0.0,0.0,0.0,0.0
090_120,rajendra_nagar_heavy_rain_demo,90,120,1800,RN_DNODE_00166,0.0,0.0,0.0,RN_DRAIN_00388,0.02637752433631995,synthetic_manning_scenario,0.0,0.0,0.0,0.0,0.0
090_120,rajendra_nagar_heavy_rain_demo,90,120,1800,RN_DNODE_00298,0.4781250317891439,0.0,0.4781250317891439,RN_DRAIN_00393,0.09803784543033917,synthetic_manning_scenario,0.0,0.09803784543033917,0.38008718635880473,0.0,684.1569354458485
090_120,rajendra_nagar_heavy_rain_demo,90,120,1800,RN_DNODE_00518,0.6412500455644395,0.0,0.6412500455644395,RN_DRAIN_00395,0.14778712746867345,synthetic_manning_scenario,0.0,0.14778712746867345,0.4934629180957661,0.0,888.233252572379
090_120,rajendra_nagar_heavy_rain_demo,90,120,1800,RN_DNODE_00028,0.0,0.0,0.0,RN_DRAIN_00398,0.07470010573424561,synthetic_manning_scenario,0.0,0.0,0.0,0.0,0.0
090_120,rajendra_nagar_heavy_rain_demo,90,120,1800,RN_DNODE_00186,0.0,0.0,0.0,RN_DRAIN_00403,0.03485428291526828,synthetic_manning_scenario,0.0,0.0,0.0,0.0,0.0
090_120,rajendra_nagar_heavy_rain_demo,90,120,1800,RN_DNODE_00208,0.0,0.0,0.0,RN_DRAIN_00404,0.02637752433631995,synthetic_manning_scenario,0.0,0.0,0.0,0.0,0.0
090_120,rajendra_nagar_heavy_rain_demo,90,120,1800,RN_DNODE_00235,0.0,0.0,0.0,RN_DRAIN_00405,0.33495301708709185,synthetic_manning_scenario,0.0,0.0,0.0,0.0,0.0
090_120,rajendra_nagar_heavy_rain_demo,90,120,1800,RN_DNODE_00256,0.0,0.0,0.0,RN_DRAIN_00406,0.11665905594771991,synthetic_manning_scenario,0.0,0.0,0.0,0.0,0.0
090_120,rajendra_nagar_heavy_rain_demo,90,120,1800,RN_DNODE_00475,0.0,0.0,0.0,RN_DRAIN_00410,0.17527859959571881,synthetic_manning_scenario,0.0,0.0,0.0,0.0,0.0
090_120,rajendra_nagar_heavy_rain_demo,90,120,1800,RN_DNODE_00555,0.0,0.0,0.0,RN_DRAIN_00411,0.03668278220199273,synthetic_manning_scenario,0.0,0.0,0.0,0.0,0.0
090_120,rajendra_nagar_heavy_rain_demo,90,120,1800,RN_DNODE_00093,0.0,0.0,0.0,RN_DRAIN_00413,0.05978452943539206,synthetic_manning_scenario,0.0,0.0,0.0,0.0,0.0
090_120,rajendra_nagar_heavy_rain_demo,90,120,1800,RN_DNODE_00147,0.0,0.0,0.0,RN_DRAIN_00414,0.02637752433631995,synthetic_manning_scenario,0.0,0.0,0.0,0.0,0.0
090_120,rajendra_nagar_heavy_rain_demo,90,120,1800,RN_DNODE_00185,0.0,0.0,0.0,RN_DRAIN_00416,0.02637752433631995,synthetic_manning_scenario,0.0,0.0,0.0,0.0,0.0
090_120,rajendra_nagar_heavy_rain_demo,90,120,1800,RN_DNODE_00297,0.03187500211927626,0.0,0.03187500211927626,RN_DRAIN_00418,0.03485428291526828,synthetic_manning_scenario,0.0,0.03187500211927626,0.0,0.0,0.0
090_120,rajendra_nagar_heavy_rain_demo,90,120,1800,RN_DNODE_00061,0.0,0.0,0.0,RN_DRAIN_00420,0.03484430030503481,synthetic_manning_scenario,0.0,0.0,0.0,0.0,0.0
090_120,rajendra_nagar_heavy_rain_demo,90,120,1800,RN_DNODE_00146,0.0,0.0,0.0,RN_DRAIN_00425,0.02637752433631995,synthetic_manning_scenario,0.0,0.0,0.0,0.0,0.0
090_120,rajendra_nagar_heavy_rain_demo,90,120,1800,RN_DNODE_00184,0.0,0.0,0.0,RN_DRAIN_00427,0.02637752433631995,synthetic_manning_scenario,0.0,0.0,0.0,0.0,0.0
090_120,rajendra_nagar_heavy_rain_demo,90,120,1800,RN_DNODE_00315,0.03187500211927626,0.0,0.03187500211927626,RN_DRAIN_00429,0.03485428291526828,synthetic_manning_scenario,0.0,0.03187500211927626,0.0,0.0,0.0
090_120,rajendra_nagar_heavy_rain_demo,90,120,1800,RN_DNODE_00492,0.0,0.0,0.0,RN_DRAIN_00430,0.1258874084942861,synthetic_manning_scenario,0.0,0.0,0.0,0.0,0.0
090_120,rajendra_nagar_heavy_rain_demo,90,120,1800,RN_DNODE_00052,0.0,0.0,0.0,RN_DRAIN_00431,0.03485428291526828,synthetic_manning_scenario,0.0,0.0,0.0,0.0,0.0
090_120,rajendra_nagar_heavy_rain_demo,90,120,1800,RN_DNODE_00121,0.0,0.0,0.0,RN_DRAIN_00436,0.3335187361648064,synthetic_manning_scenario,0.0,0.0,0.0,0.0,0.0
090_120,rajendra_nagar_heavy_rain_demo,90,120,1800,RN_DNODE_00132,0.0,0.0,0.0,RN_DRAIN_00437,0.1632724012023933,synthetic_manning_scenario,0.0,0.0,0.0,0.0,0.0
090_120,rajendra_nagar_heavy_rain_demo,90,120,1800,RN_DNODE_00162,0.0,0.0,0.0,RN_DRAIN_00439,0.03485428291526828,synthetic_manning_scenario,0.0,0.0,0.0,0.0,0.0
090_120,rajendra_nagar_heavy_rain_demo,90,120,1800,RN_DNODE_00183,0.0,0.0,0.0,RN_DRAIN_00440,0.02637752433631995,synthetic_manning_scenario,0.0,0.0,0.0,0.0,0.0
090_120,rajendra_nagar_heavy_rain_demo,90,120,1800,RN_DNODE_00059,0.03187500211927626,0.0,0.03187500211927626,RN_DRAIN_00447,0.05446815070334662,synthetic_manning_scenario,0.0,0.03187500211927626,0.0,0.0,0.0
090_120,rajendra_nagar_heavy_rain_demo,90,120,1800,RN_DNODE_00109,0.0,0.0,0.0,RN_DRAIN_00448,0.3250209820597582,synthetic_manning_scenario,0.0,0.0,0.0,0.0,0.0
090_120,rajendra_nagar_heavy_rain_demo,90,120,1800,RN_DNODE_00161,0.0,0.0,0.0,RN_DRAIN_00452,0.02637752433631995,synthetic_manning_scenario,0.0,0.0,0.0,0.0,0.0
090_120,rajendra_nagar_heavy_rain_demo,90,120,1800,RN_DNODE_00329,0.48656253284878204,0.0,0.48656253284878204,RN_DRAIN_00453,0.02637752433631995,synthetic_manning_scenario,0.0,0.02637752433631995,0.4601850085124621,0.0,828.3330153224317
090_120,rajendra_nagar_heavy_rain_demo,90,120,1800,RN_DNODE_00369,0.0,0.0,0.0,RN_DRAIN_00456,0.14438412066210826,synthetic_manning_scenario,0.0,0.0,0.0,0.0,0.0
090_120,rajendra_nagar_heavy_rain_demo,90,120,1800,RN_DNODE_00434,0.0,0.0,0.0,RN_DRAIN_00458,0.1495887056693421,synthetic_manning_scenario,0.0,0.0,0.0,0.0,0.0
090_120,rajendra_nagar_heavy_rain_demo,90,120,1800,RN_DNODE_00451,0.0,0.0,0.0,RN_DRAIN_00459,0.20938006290294106,synthetic_manning_scenario,0.0,0.0,0.0,0.0,0.0
090_120,rajendra_nagar_heavy_rain_demo,90,120,1800,RN_DNODE_00043,0.0,0.0,0.0,RN_DRAIN_00460,0.02637752433631995,synthetic_manning_scenario,0.0,0.0,0.0,0.0,0.0
090_120,rajendra_nagar_heavy_rain_demo,90,120,1800,RN_DNODE_00119,0.0,0.0,0.0,RN_DRAIN_00461,0.09743273367972305,synthetic_manning_scenario,0.0,0.0,0.0,0.0,0.0
090_120,rajendra_nagar_heavy_rain_demo,90,120,1800,RN_DNODE_00392,0.16500001165601944,0.0,0.16500001165601944,RN_DRAIN_00466,0.03484430030503481,synthetic_manning_scenario,0.0,0.03484430030503481,0.13015571135098464,0.0,234.28028043177235
090_120,rajendra_nagar_heavy_rain_demo,90,120,1800,RN_DNODE_00405,0.01593750105963813,0.0,0.01593750105963813,RN_DRAIN_00467,0.03484430030503481,synthetic_manning_scenario,0.0,0.01593750105963813,0.0,0.0,0.0
090_120,rajendra_nagar_heavy_rain_demo,90,120,1800,RN_DNODE_00412,0.03000000211927626,0.0,0.03000000211927626,RN_DRAIN_00468,0.03484430030503481,synthetic_manning_scenario,0.0,0.03000000211927626,0.0,0.0,0.0
090_120,rajendra_nagar_heavy_rain_demo,90,120,1800,RN_DNODE_00182,0.0,0.0,0.0,RN_DRAIN_00474,0.3460757329092977,synthetic_manning_scenario,0.0,0.0,0.0,0.0,0.0
090_120,rajendra_nagar_heavy_rain_demo,90,120,1800,RN_DNODE_00426,0.01593750105963813,0.0,0.01593750105963813,RN_DRAIN_00481,0.11954287044878092,synthetic_manning_scenario,0.0,0.01593750105963813,0.0,0.0,0.0
090_120,rajendra_nagar_heavy_rain_demo,90,120,1800,RN_DNODE_00117,0.0,0.0,0.0,RN_DRAIN_00483,0.03485428291526828,synthetic_manning_scenario,0.0,0.0,0.0,0.0,0.0
090_120,rajendra_nagar_heavy_rain_demo,90,120,1800,RN_DNODE_00128,0.0,0.0,0.0,RN_DRAIN_00484,0.02637752433631995,synthetic_manning_scenario,0.0,0.0,0.0,0.0,0.0
090_120,rajendra_nagar_heavy_rain_demo,90,120,1800,RN_DNODE_00158,0.0,0.0,0.0,RN_DRAIN_00486,0.22707203320513805,synthetic_manning_scenario,0.0,0.0,0.0,0.0,0.0
090_120,rajendra_nagar_heavy_rain_demo,90,120,1800,RN_DNODE_00433,0.03000000211927626,0.0,0.03000000211927626,RN_DRAIN_00494,0.0980023540468388,synthetic_manning_scenario,0.0,0.03000000211927626,0.0,0.0,0.0
090_120,rajendra_nagar_heavy_rain_demo,90,120,1800,RN_DNODE_00107,0.0,0.0,0.0,RN_DRAIN_00496,0.03483431483404455,synthetic_manning_scenario,0.0,0.0,0.0,0.0,0.0
090_120,rajendra_nagar_heavy_rain_demo,90,120,1800,RN_DNODE_00116,0.0,0.0,0.0,RN_DRAIN_00497,0.02637752433631995,synthetic_manning_scenario,0.0,0.0,0.0,0.0,0.0
090_120,rajendra_nagar_heavy_rain_demo,90,120,1800,RN_DNODE_00264,0.01593750105963813,0.0,0.01593750105963813,RN_DRAIN_00499,0.18405199949807394,synthetic_manning_scenario,0.0,0.01593750105963813,0.0,0.0,0.0
090_120,rajendra_nagar_heavy_rain_demo,90,120,1800,RN_DNODE_00410,0.0,0.0,0.0,RN_DRAIN_00502,0.10311891598683189,synthetic_manning_scenario,0.0,0.0,0.0,0.0,0.0
090_120,rajendra_nagar_heavy_rain_demo,90,120,1800,RN_DNODE_00099,0.0,0.0,0.0,RN_DRAIN_00505,0.03485428291526828,synthetic_manning_scenario,0.0,0.0,0.0,0.0,0.0
090_120,rajendra_nagar_heavy_rain_demo,90,120,1800,RN_DNODE_00106,0.0,0.0,0.0,RN_DRAIN_00506,0.02637752433631995,synthetic_manning_scenario,0.0,0.0,0.0,0.0,0.0
090_120,rajendra_nagar_heavy_rain_demo,90,120,1800,RN_DNODE_00263,0.0,0.0,0.0,RN_DRAIN_00508,0.13135106651046202,synthetic_manning_scenario,0.0,0.0,0.0,0.0,0.0
090_120,rajendra_nagar_heavy_rain_demo,90,120,1800,RN_DNODE_00089,0.0,0.0,0.0,RN_DRAIN_00513,0.02637752433631995,synthetic_manning_scenario,0.0,0.0,0.0,0.0,0.0
090_120,rajendra_nagar_heavy_rain_demo,90,120,1800,RN_DNODE_00090,0.0,0.0,0.0,RN_DRAIN_00514,0.02637752433631995,synthetic_manning_scenario,0.0,0.0,0.0,0.0,0.0
090_120,rajendra_nagar_heavy_rain_demo,90,120,1800,RN_DNODE_00098,0.0,0.0,0.0,RN_DRAIN_00515,0.02637752433631995,synthetic_manning_scenario,0.0,0.0,0.0,0.0,0.0
090_120,rajendra_nagar_heavy_rain_demo,90,120,1800,RN_DNODE_00262,0.01593750105963813,0.0,0.01593750105963813,RN_DRAIN_00520,0.19028600529539347,synthetic_manning_scenario,0.0,0.01593750105963813,0.0,0.0,0.0
090_120,rajendra_nagar_heavy_rain_demo,90,120,1800,RN_DNODE_00271,0.032812502119276256,0.0,0.032812502119276256,RN_DRAIN_00521,0.0954195777470258,synthetic_manning_scenario,0.0,0.032812502119276256,0.0,0.0,0.0
090_120,rajendra_nagar_heavy_rain_demo,90,120,1800,RN_DNODE_00389,0.0,0.0,0.0,RN_DRAIN_00526,0.03485428291526828,synthetic_manning_scenario,0.0,0.0,0.0,0.0,0.0
090_120,rajendra_nagar_heavy_rain_demo,90,120,1800,RN_DNODE_00438,0.16968751165601942,0.0,0.16968751165601942,RN_DRAIN_00528,0.22658585121858213,synthetic_manning_scenario,0.0,0.16968751165601942,0.0,0.0,0.0
090_120,rajendra_nagar_heavy_rain_demo,90,120,1800,RN_DNODE_00340,0.09187500635782878,0.0,0.09187500635782878,RN_DRAIN_00531,0.03485428291526828,synthetic_manning_scenario,0.0,0.03485428291526828,0.0570207234425605,0.0,102.6373021966089
090_120,rajendra_nagar_heavy_rain_demo,90,120,1800,RN_DNODE_00424,0.0,0.0,0.0,RN_DRAIN_00533,0.20569226626927573,synthetic_manning_scenario,0.0,0.0,0.0,0.0,0.0
090_120,rajendra_nagar_heavy_rain_demo,90,120,1800,RN_DNODE_00401,0.0,0.0,0.0,RN_DRAIN_00537,0.24741358548059755,synthetic_manning_scenario,0.0,0.0,0.0,0.0,0.0
090_120,rajendra_nagar_heavy_rain_demo,90,120,1800,RN_DNODE_00232,0.0,0.0,0.0,RN_DRAIN_00540,0.02637752433631995,synthetic_manning_scenario,0.0,0.0,0.0,0.0,0.0
090_120,rajendra_nagar_heavy_rain_demo,90,120,1800,RN_DNODE_00346,0.0,0.0,0.0,RN_DRAIN_00541,0.02637752433631995,synthetic_manning_scenario,0.0,0.0,0.0,0.0,0.0
090_120,rajendra_nagar_heavy_rain_demo,90,120,1800,RN_DNODE_00355,0.0,0.0,0.0,RN_DRAIN_00542,0.02637752433631995,synthetic_manning_scenario,0.0,0.0,0.0,0.0,0.0
090_120,rajendra_nagar_heavy_rain_demo,90,120,1800,RN_DNODE_00326,0.0,0.0,0.0,,,,,0.0,0.0,0.0,0.0
090_120,rajendra_nagar_heavy_rain_demo,90,120,1800,RN_DNODE_00327,0.0,0.0,0.0,,,,,0.0,0.0,0.0,0.0
090_120,rajendra_nagar_heavy_rain_demo,90,120,1800,RN_DNODE_00442,0.0,0.02637752433631995,0.02637752433631995,,,,,0.0,0.0,0.02637752433631995,0.0
090_120,rajendra_nagar_heavy_rain_demo,90,120,1800,RN_DNODE_00494,0.0,0.0,0.0,RN_DRAIN_00022,0.03485428291526828,synthetic_manning_scenario,0.0,0.0,0.0,0.0,0.0
090_120,rajendra_nagar_heavy_rain_demo,90,120,1800,RN_DNODE_00041,0.0,0.0,0.0,RN_DRAIN_00055,0.12723324562335805,synthetic_manning_scenario,0.0,0.0,0.0,0.0,0.0
090_120,rajendra_nagar_heavy_rain_demo,90,120,1800,RN_DNODE_00418,0.1546875105963813,0.05906250423855252,0.21375001483493383,RN_DRAIN_00043,0.03484430030503481,synthetic_manning_scenario,0.0,0.03484430030503481,0.178905714529899,0.0,322.0302861538182
090_120,rajendra_nagar_heavy_rain_demo,90,120,1800,RN_DNODE_00081,0.0,0.0,0.0,RN_DRAIN_00065,0.16428349070581968,synthetic_manning_scenario,0.0,0.0,0.0,0.0,0.0
090_120,rajendra_nagar_heavy_rain_demo,90,120,1800,RN_DNODE_00416,0.0,0.13572767824149176,0.13572767824149176,,,,,0.0,0.0,0.13572767824149176,0.0
090_120,rajendra_nagar_heavy_rain_demo,90,120,1800,RN_DNODE_00231,0.0,0.0,0.0,RN_DRAIN_00074,0.03484430030503481,synthetic_manning_scenario,0.0,0.0,0.0,0.0,0.0
090_120,rajendra_nagar_heavy_rain_demo,90,120,1800,RN_DNODE_00203,0.0,0.0,0.0,RN_DRAIN_00113,0.02637752433631995,synthetic_manning_scenario,0.0,0.0,0.0,0.0,0.0
090_120,rajendra_nagar_heavy_rain_demo,90,120,1800,RN_DNODE_00361,0.0,0.0,0.0,RN_DRAIN_00100,0.5915619686607586,synthetic_manning_scenario,0.0,0.0,0.0,0.0,0.0
090_120,rajendra_nagar_heavy_rain_demo,90,120,1800,RN_DNODE_00532,0.0,0.0,0.0,RN_DRAIN_00104,0.12723324562335805,synthetic_manning_scenario,0.0,0.0,0.0,0.0,0.0
090_120,rajendra_nagar_heavy_rain_demo,90,120,1800,RN_DNODE_00066,0.0,0.0,0.0,RN_DRAIN_00107,0.03484430030503481,synthetic_manning_scenario,0.0,0.0,0.0,0.0,0.0
090_120,rajendra_nagar_heavy_rain_demo,90,120,1800,RN_DNODE_00048,0.03187500211927626,0.01593750105963813,0.04781250317891439,RN_DRAIN_00122,0.03484430030503481,synthetic_manning_scenario,0.0,0.03484430030503481,0.012968202873879578,0.0,23.342765172983242
090_120,rajendra_nagar_heavy_rain_demo,90,120,1800,RN_DNODE_00004,0.04875000317891439,0.0,0.04875000317891439,RN_DRAIN_00149,0.13705656053423662,synthetic_manning_scenario,0.0,0.04875000317891439,0.0,0.0,0.0
090_120,rajendra_nagar_heavy_rain_demo,90,120,1800,RN_DNODE_00430,0.04593750317891439,0.05158812602898853,0.09752562920790292,RN_DRAIN_00184,0.1515365242075139,synthetic_manning_scenario,0.0,0.09752562920790292,0.0,0.0,0.0
090_120,rajendra_nagar_heavy_rain_demo,90,120,1800,RN_DNODE_00078,0.04875000317891439,0.14154681932172938,0.19029682250064378,RN_DRAIN_00175,0.2530359490024738,synthetic_manning_scenario,0.0,0.19029682250064378,0.0,0.0,0.0
090_120,rajendra_nagar_heavy_rain_demo,90,120,1800,RN_DNODE_00172,0.0,0.01593750105963813,0.01593750105963813,RN_DRAIN_00178,0.03484430030503481,synthetic_manning_scenario,0.0,0.01593750105963813,0.0,0.0,0.0
090_120,rajendra_nagar_heavy_rain_demo,90,120,1800,RN_DNODE_00486,0.515625032848782,0.0,0.515625032848782,RN_DRAIN_00209,0.03484430030503481,synthetic_manning_scenario,0.0,0.03484430030503481,0.4807807325437472,0.0,865.405318578745
090_120,rajendra_nagar_heavy_rain_demo,90,120,1800,RN_DNODE_00003,0.01687500105963813,0.0,0.01687500105963813,RN_DRAIN_00198,0.03485428291526828,synthetic_manning_scenario,0.0,0.01687500105963813,0.0,0.0,0.0
090_120,rajendra_nagar_heavy_rain_demo,90,120,1800,RN_DNODE_00352,0.0,0.09006678976697921,0.09006678976697921,RN_DRAIN_00218,0.1521025124547665,synthetic_manning_scenario,0.0,0.09006678976697921,0.0,0.0,0.0
090_120,rajendra_nagar_heavy_rain_demo,90,120,1800,RN_DNODE_00543,0.0,0.07396532506289491,0.07396532506289491,RN_DRAIN_00237,0.03485428291526828,synthetic_manning_scenario,0.0,0.03485428291526828,0.03911104214762663,0.0,70.39987586572794
090_120,rajendra_nagar_heavy_rain_demo,90,120,1800,RN_DNODE_00554,0.0,0.03484430030503481,0.03484430030503481,RN_DRAIN_00255,0.03485428291526828,synthetic_manning_scenario,0.0,0.03484430030503481,0.0,0.0,0.0
090_120,rajendra_nagar_heavy_rain_demo,90,120,1800,RN_DNODE_00385,0.0,0.1120128954947173,0.1120128954947173,RN_DRAIN_00305,0.03485428291526828,synthetic_manning_scenario,0.0,0.03485428291526828,0.07715861257944902,0.0,138.88550264300824
090_120,rajendra_nagar_heavy_rain_demo,90,120,1800,RN_DNODE_00006,0.0,0.0,0.0,RN_DRAIN_00295,0.13383312250292473,synthetic_manning_scenario,0.0,0.0,0.0,0.0,0.0
090_120,rajendra_nagar_heavy_rain_demo,90,120,1800,RN_DNODE_00522,0.0,0.1471875105963813,0.1471875105963813,RN_DRAIN_00334,0.02637752433631995,synthetic_manning_scenario,0.0,0.02637752433631995,0.12080998626006134,0.0,217.4579752681104
090_120,rajendra_nagar_heavy_rain_demo,90,120,1800,RN_DNODE_00075,0.0,0.0,0.0,RN_DRAIN_00313,0.03484430030503481,synthetic_manning_scenario,0.0,0.0,0.0,0.0,0.0
090_120,rajendra_nagar_heavy_rain_demo,90,120,1800,RN_DNODE_00509,0.0,0.2812500201331245,0.2812500201331245,RN_DRAIN_00353,0.6213901470038218,synthetic_manning_scenario,0.0,0.2812500201331245,0.0,0.0,0.0
090_120,rajendra_nagar_heavy_rain_demo,90,120,1800,RN_DNODE_00024,0.0,0.0,0.0,RN_DRAIN_00379,0.07650391573267233,synthetic_manning_scenario,0.0,0.0,0.0,0.0,0.0
090_120,rajendra_nagar_heavy_rain_demo,90,120,1800,RN_DNODE_00499,0.0,0.0,0.0,,,,,0.0,0.0,0.0,0.0
090_120,rajendra_nagar_heavy_rain_demo,90,120,1800,RN_DNODE_00286,0.0,0.09803784543033917,0.09803784543033917,,,,,0.0,0.0,0.09803784543033917,0.0
090_120,rajendra_nagar_heavy_rain_demo,90,120,1800,RN_DNODE_00506,0.0,0.14778712746867345,0.14778712746867345,,,,,0.0,0.0,0.14778712746867345,0.0
090_120,rajendra_nagar_heavy_rain_demo,90,120,1800,RN_DNODE_00209,0.0,0.0,0.0,RN_DRAIN_00390,0.03485428291526828,synthetic_manning_scenario,0.0,0.0,0.0,0.0,0.0
090_120,rajendra_nagar_heavy_rain_demo,90,120,1800,RN_DNODE_00468,0.7256250519222683,0.0,0.7256250519222683,RN_DRAIN_00394,0.18293911365381266,synthetic_manning_scenario,0.0,0.18293911365381266,0.5426859382684557,0.0,976.8346888832202
090_120,rajendra_nagar_heavy_rain_demo,90,120,1800,RN_DNODE_00553,0.01593750105963813,0.0,0.01593750105963813,RN_DRAIN_00397,0.16888414661568568,synthetic_manning_scenario,0.0,0.01593750105963813,0.0,0.0,0.0
090_120,rajendra_nagar_heavy_rain_demo,90,120,1800,RN_DNODE_00488,0.0,0.0,0.0,RN_DRAIN_00419,0.3137595154941278,synthetic_manning_scenario,0.0,0.0,0.0,0.0,0.0
090_120,rajendra_nagar_heavy_rain_demo,90,120,1800,RN_DNODE_00427,0.5512500392066108,0.0,0.5512500392066108,RN_DRAIN_00457,0.03484430030503481,synthetic_manning_scenario,0.0,0.03484430030503481,0.5164057389015759,0.0,929.5303300228367
090_120,rajendra_nagar_heavy_rain_demo,90,120,1800,RN_DNODE_00444,0.0,0.0,0.0,,,,,0.0,0.0,0.0,0.0
090_120,rajendra_nagar_heavy_rain_demo,90,120,1800,RN_DNODE_00044,0.0,0.0,0.0,RN_DRAIN_00445,0.15060850351649752,synthetic_manning_scenario,0.0,0.0,0.0,0.0,0.0
090_120,rajendra_nagar_heavy_rain_demo,90,120,1800,RN_DNODE_00160,0.0,0.0,0.0,RN_DRAIN_00464,0.02637752433631995,synthetic_manning_scenario,0.0,0.0,0.0,0.0,0.0
090_120,rajendra_nagar_heavy_rain_demo,90,120,1800,RN_DNODE_00142,0.0,0.0,0.0,RN_DRAIN_00472,0.02637752433631995,synthetic_manning_scenario,0.0,0.0,0.0,0.0,0.0
090_120,rajendra_nagar_heavy_rain_demo,90,120,1800,RN_DNODE_00091,0.0,0.0,0.0,RN_DRAIN_00504,0.12723324562335805,synthetic_manning_scenario,0.0,0.0,0.0,0.0,0.0
090_120,rajendra_nagar_heavy_rain_demo,90,120,1800,RN_DNODE_00254,0.01593750105963813,0.01593750105963813,0.03187500211927626,RN_DRAIN_00519,0.16694910080064143,synthetic_manning_scenario,0.0,0.03187500211927626,0.0,0.0,0.0
090_120,rajendra_nagar_heavy_rain_demo,90,120,1800,RN_DNODE_00431,0.0,0.16968751165601942,0.16968751165601942,RN_DRAIN_00512,0.19810030056451727,synthetic_manning_scenario,0.0,0.16968751165601942,0.0,0.0,0.0
090_120,rajendra_nagar_heavy_rain_demo,90,120,1800,RN_DNODE_00419,0.0,0.0,0.0,RN_DRAIN_00527,0.21289946819313862,synthetic_manning_scenario,0.0,0.0,0.0,0.0,0.0
090_120,rajendra_nagar_heavy_rain_demo,90,120,1800,RN_DNODE_00388,0.0,0.0,0.0,RN_DRAIN_00535,0.21546094500843926,synthetic_manning_scenario,0.0,0.0,0.0,0.0,0.0
090_120,rajendra_nagar_heavy_rain_demo,90,120,1800,RN_DNODE_00205,0.0,0.0,0.0,RN_DRAIN_00539,0.03485428291526828,synthetic_manning_scenario,0.0,0.0,0.0,0.0,0.0
090_120,rajendra_nagar_heavy_rain_demo,90,120,1800,RN_DNODE_00347,0.0,0.0,0.0,RN_DRAIN_00536,0.12723324562335805,synthetic_manning_scenario,0.0,0.0,0.0,0.0,0.0
090_120,rajendra_nagar_heavy_rain_demo,90,120,1800,RN_DNODE_00491,0.0,0.0,0.0,RN_DRAIN_00021,0.12514738517223217,synthetic_manning_scenario,0.0,0.0,0.0,0.0,0.0
090_120,rajendra_nagar_heavy_rain_demo,90,120,1800,RN_DNODE_00033,0.21843751589457194,0.01593750105963813,0.23437501695421006,RN_DRAIN_00064,0.1272696969192279,synthetic_manning_scenario,0.0,0.1272696969192279,0.10710532003498216,0.0,192.78957606296788
090_120,rajendra_nagar_heavy_rain_demo,90,120,1800,RN_DNODE_00408,0.11250000741746691,0.03484430030503481,0.14734430772250173,RN_DRAIN_00035,0.03484430030503481,synthetic_manning_scenario,0.0,0.03484430030503481,0.11250000741746692,0.0,202.50001335144046
090_120,rajendra_nagar_heavy_rain_demo,90,120,1800,RN_DNODE_00080,0.0,0.0,0.0,RN_DRAIN_00073,0.136249552270857,synthetic_manning_scenario,0.0,0.0,0.0,0.0,0.0
090_120,rajendra_nagar_heavy_rain_demo,90,120,1800,RN_DNODE_00354,0.0,0.0,0.0,RN_DRAIN_00099,1.0609568644927327,synthetic_manning_scenario,0.0,0.0,0.0,0.0,0.0
090_120,rajendra_nagar_heavy_rain_demo,90,120,1800,RN_DNODE_00525,0.0,0.0,0.0,RN_DRAIN_00078,0.12723324562335805,synthetic_manning_scenario,0.0,0.0,0.0,0.0,0.0
090_120,rajendra_nagar_heavy_rain_demo,90,120,1800,RN_DNODE_00057,0.0,0.03484430030503481,0.03484430030503481,RN_DRAIN_00106,0.03484430030503481,synthetic_manning_scenario,0.0,0.03484430030503481,0.0,0.0,0.0
090_120,rajendra_nagar_heavy_rain_demo,90,120,1800,RN_DNODE_00008,0.01593750105963813,0.04875000317891439,0.06468750423855252,RN_DRAIN_00150,0.03485428291526828,synthetic_manning_scenario,0.0,0.03485428291526828,0.02983322132328424,0.0,53.699798381911634
090_120,rajendra_nagar_heavy_rain_demo,90,120,1800,RN_DNODE_00423,0.16968751165601942,0.09752562920790292,0.26721314086392234,RN_DRAIN_00183,0.04832201195748927,synthetic_manning_scenario,0.0,0.04832201195748927,0.21889112890643306,0.0,394.0040320315795
090_120,rajendra_nagar_heavy_rain_demo,90,120,1800,RN_DNODE_00087,0.0,0.19029682250064378,0.19029682250064378,RN_DRAIN_00176,0.2035500759701358,synthetic_manning_scenario,0.0,0.19029682250064378,0.0,0.0,0.0
090_120,rajendra_nagar_heavy_rain_demo,90,120,1800,RN_DNODE_00477,0.04875000317891439,0.03484430030503481,0.0835943034839492,RN_DRAIN_00195,0.03485428291526828,synthetic_manning_scenario,0.0,0.03485428291526828,0.04874002056868092,0.0,87.73203702362565
090_120,rajendra_nagar_heavy_rain_demo,90,120,1800,RN_DNODE_00007,0.12656250847710504,0.01687500105963813,0.14343750953674317,RN_DRAIN_00199,0.03485428291526828,synthetic_manning_scenario,0.0,0.03485428291526828,0.10858322662147489,0.0,195.4498079186548
090_120,rajendra_nagar_heavy_rain_demo,90,120,1800,RN_DNODE_00538,0.0,0.03485428291526828,0.03485428291526828,RN_DRAIN_00236,0.17060773937777143,synthetic_manning_scenario,0.0,0.03485428291526828,0.0,0.0,0.0
090_120,rajendra_nagar_heavy_rain_demo,90,120,1800,RN_DNODE_00552,0.0,0.03484430030503481,0.03484430030503481,RN_DRAIN_00254,0.17430534728708405,synthetic_manning_scenario,0.0,0.03484430030503481,0.0,0.0,0.0
090_120,rajendra_nagar_heavy_rain_demo,90,120,1800,RN_DNODE_00009,0.0,0.0,0.0,RN_DRAIN_00281,0.07976312140829656,synthetic_manning_scenario,0.0,0.0,0.0,0.0,0.0
090_120,rajendra_nagar_heavy_rain_demo,90,120,1800,RN_DNODE_00084,0.0,0.0,0.0,RN_DRAIN_00296,0.08227504605900168,synthetic_manning_scenario,0.0,0.0,0.0,0.0,0.0
090_120,rajendra_nagar_heavy_rain_demo,90,120,1800,RN_DNODE_00029,0.0,0.0,0.0,RN_DRAIN_00387,0.19021651980638857,synthetic_manning_scenario,0.0,0.0,0.0,0.0,0.0
090_120,rajendra_nagar_heavy_rain_demo,90,120,1800,RN_DNODE_00469,0.07968750529819064,0.18293911365381266,0.2626266189520033,RN_DRAIN_00383,0.1353812142771686,synthetic_manning_scenario,0.0,0.1353812142771686,0.1272454046748347,0.0,229.04172841470245
090_120,rajendra_nagar_heavy_rain_demo,90,120,1800,RN_DNODE_00551,0.09187500635782878,0.01593750105963813,0.10781250741746691,RN_DRAIN_00396,0.08345058337269148,synthetic_manning_scenario,0.0,0.08345058337269148,0.024361924044775427,0.0,43.851463280595766
090_120,rajendra_nagar_heavy_rain_demo,90,120,1800,RN_DNODE_00484,0.0,0.0,0.0,,,,,0.0,0.0,0.0,0.0
090_120,rajendra_nagar_heavy_rain_demo,90,120,1800,RN_DNODE_00421,0.0,0.050781801364672946,0.050781801364672946,RN_DRAIN_00469,0.12723324562335805,synthetic_manning_scenario,0.0,0.050781801364672946,0.0,0.0,0.0
090_120,rajendra_nagar_heavy_rain_demo,90,120,1800,RN_DNODE_00051,0.0,0.0,0.0,RN_DRAIN_00446,0.05962720912031859,synthetic_manning_scenario,0.0,0.0,0.0,0.0,0.0
090_120,rajendra_nagar_heavy_rain_demo,90,120,1800,RN_DNODE_00144,0.0,0.0,0.0,RN_DRAIN_00451,0.03485428291526828,synthetic_manning_scenario,0.0,0.0,0.0,0.0,0.0
090_120,rajendra_nagar_heavy_rain_demo,90,120,1800,RN_DNODE_00100,0.0,0.0,0.0,RN_DRAIN_00495,0.12723324562335805,synthetic_manning_scenario,0.0,0.0,0.0,0.0,0.0
090_120,rajendra_nagar_heavy_rain_demo,90,120,1800,RN_DNODE_00233,0.06656250423855252,0.03187500211927626,0.09843750635782877,RN_DRAIN_00518,0.14235556684174894,synthetic_manning_scenario,0.0,0.09843750635782877,0.0,0.0,0.0
090_120,rajendra_nagar_heavy_rain_demo,90,120,1800,RN_DNODE_00432,0.0,0.16968751165601942,0.16968751165601942,RN_DRAIN_00503,0.11140874580493448,synthetic_manning_scenario,0.0,0.11140874580493448,0.058278765851084935,0.0,104.90177853195289
090_120,rajendra_nagar_heavy_rain_demo,90,120,1800,RN_DNODE_00409,0.0,0.0,0.0,RN_DRAIN_00511,0.02637752433631995,synthetic_manning_scenario,0.0,0.0,0.0,0.0,0.0
090_120,rajendra_nagar_heavy_rain_demo,90,120,1800,RN_DNODE_00380,0.0,0.0,0.0,RN_DRAIN_00532,0.03485428291526828,synthetic_manning_scenario,0.0,0.0,0.0,0.0,0.0
090_120,rajendra_nagar_heavy_rain_demo,90,120,1800,RN_DNODE_00179,0.0,0.0,0.0,RN_DRAIN_00538,0.044130157925467595,synthetic_manning_scenario,0.0,0.0,0.0,0.0,0.0
090_120,rajendra_nagar_heavy_rain_demo,90,120,1800,RN_DNODE_00339,0.13031250953674317,0.0,0.13031250953674317,RN_DRAIN_00534,1.0125751333185353,synthetic_manning_scenario,0.0,0.13031250953674317,0.0,0.0,0.0
090_120,rajendra_nagar_heavy_rain_demo,90,120,1800,RN_DNODE_00487,0.0,0.0,0.0,RN_DRAIN_00020,0.03485428291526828,synthetic_manning_scenario,0.0,0.0,0.0,0.0,0.0
090_120,rajendra_nagar_heavy_rain_demo,90,120,1800,RN_DNODE_00032,0.07875000529819065,0.1272696969192279,0.20601970221741855,RN_DRAIN_00072,0.12723324562335805,synthetic_manning_scenario,0.0,0.12723324562335805,0.0787864565940605,0.0,141.8156218693089
090_120,rajendra_nagar_heavy_rain_demo,90,120,1800,RN_DNODE_00398,0.0,0.03484430030503481,0.03484430030503481,RN_DRAIN_00028,0.03485428291526828,synthetic_manning_scenario,0.0,0.03484430030503481,0.0,0.0,0.0
090_120,rajendra_nagar_heavy_rain_demo,90,120,1800,RN_DNODE_00345,0.0,0.0,0.0,RN_DRAIN_00098,0.8518909483625728,synthetic_manning_scenario,0.0,0.0,0.0,0.0,0.0
090_120,rajendra_nagar_heavy_rain_demo,90,120,1800,RN_DNODE_00516,0.0,0.0,0.0,RN_DRAIN_00071,0.5640755664606801,synthetic_manning_scenario,0.0,0.0,0.0,0.0,0.0
090_120,rajendra_nagar_heavy_rain_demo,90,120,1800,RN_DNODE_00011,0.17812501165601943,0.03485428291526828,0.21297929457128773,RN_DRAIN_00151,0.03485428291526828,synthetic_manning_scenario,0.0,0.03485428291526828,0.17812501165601946,0.0,320.625020980835
090_120,rajendra_nagar_heavy_rain_demo,90,120,1800,RN_DNODE_00414,0.04687500317891439,0.04832201195748927,0.09519701513640366,RN_DRAIN_00171,0.09781403471816273,synthetic_manning_scenario,0.0,0.09519701513640366,0.0,0.0,0.0
090_120,rajendra_nagar_heavy_rain_demo,90,120,1800,RN_DNODE_00096,0.2878125190734863,0.19029682250064378,0.4781093415741301,RN_DRAIN_00186,0.151090496238554,synthetic_manning_scenario,0.0,0.151090496238554,0.3270188453355761,0.0,588.633921604037
090_120,rajendra_nagar_heavy_rain_demo,90,120,1800,RN_DNODE_00478,0.04968750317891439,0.03485428291526828,0.08454178609418267,RN_DRAIN_00185,0.03485428291526828,synthetic_manning_scenario,0.0,0.03485428291526828,0.04968750317891439,0.0,89.4375057220459
090_120,rajendra_nagar_heavy_rain_demo,90,120,1800,RN_DNODE_00010,0.08062500529819065,0.03485428291526828,0.11547928821345893,RN_DRAIN_00200,0.03484430030503481,synthetic_manning_scenario,0.0,0.03484430030503481,0.08063498790842412,0.0,145.1429782351634
090_120,rajendra_nagar_heavy_rain_demo,90,120,1800,RN_DNODE_00531,0.0,0.03485428291526828,0.03485428291526828,RN_DRAIN_00251,0.12440295982607016,synthetic_manning_scenario,0.0,0.03485428291526828,0.0,0.0,0.0
090_120,rajendra_nagar_heavy_rain_demo,90,120,1800,RN_DNODE_00550,0.0,0.03484430030503481,0.03484430030503481,RN_DRAIN_00253,0.0834630887675077,synthetic_manning_scenario,0.0,0.03484430030503481,0.0,0.0,0.0
090_120,rajendra_nagar_heavy_rain_demo,90,120,1800,RN_DNODE_00012,0.0,0.0,0.0,RN_DRAIN_00269,0.03485428291526828,synthetic_manning_scenario,0.0,0.0,0.0,0.0,0.0
090_120,rajendra_nagar_heavy_rain_demo,90,120,1800,RN_DNODE_00094,0.0,0.0,0.0,RN_DRAIN_00297,0.12393226543861699,synthetic_manning_scenario,0.0,0.0,0.0,0.0,0.0
090_120,rajendra_nagar_heavy_rain_demo,90,120,1800,RN_DNODE_00036,0.0,0.0,0.0,RN_DRAIN_00399,0.1272696969192279,synthetic_manning_scenario,0.0,0.0,0.0,0.0,0.0
090_120,rajendra_nagar_heavy_rain_demo,90,120,1800,RN_DNODE_00457,0.01593750105963813,0.1353812142771686,0.15131871533680671,RN_DRAIN_00375,0.17518330495315723,synthetic_manning_scenario,0.0,0.15131871533680671,0.0,0.0,0.0
090_120,rajendra_nagar_heavy_rain_demo,90,120,1800,RN_DNODE_00549,0.04593750317891439,0.08345058337269148,0.12938808655160589,RN_DRAIN_00386,0.03485428291526828,synthetic_manning_scenario,0.0,0.03485428291526828,0.09453380363633761,0.0,170.16084654540768
090_120,rajendra_nagar_heavy_rain_demo,90,120,1800,RN_DNODE_00060,0.0,0.0,0.0,RN_DRAIN_00432,0.1272696969192279,synthetic_manning_scenario,0.0,0.0,0.0,0.0,0.0
090_120,rajendra_nagar_heavy_rain_demo,90,120,1800,RN_DNODE_00108,0.0,0.0,0.0,RN_DRAIN_00482,0.1272696969192279,synthetic_manning_scenario,0.0,0.0,0.0,0.0,0.0
090_120,rajendra_nagar_heavy_rain_demo,90,120,1800,RN_DNODE_00206,0.06281250423855252,0.09843750635782877,0.16125001059638128,RN_DRAIN_00517,0.03485428291526828,synthetic_manning_scenario,0.0,0.03485428291526828,0.126395727681113,0.0,227.51230982600342
090_120,rajendra_nagar_heavy_rain_demo,90,120,1800,RN_DNODE_00425,0.41062502966986764,0.14140874792421074,0.5520337775940783,RN_DRAIN_00493,0.36701701471119386,synthetic_manning_scenario,0.0,0.36701701471119386,0.1850167628828845,0.0,333.03017318919206
090_120,rajendra_nagar_heavy_rain_demo,90,120,1800,RN_DNODE_00381,0.0,0.0,0.0,RN_DRAIN_00525,0.03484430030503481,synthetic_manning_scenario,0.0,0.0,0.0,0.0,0.0
090_120,rajendra_nagar_heavy_rain_demo,90,120,1800,RN_DNODE_00178,0.0,0.0,0.0,,,,,0.0,0.0,0.0,0.0
090_120,rajendra_nagar_heavy_rain_demo,90,120,1800,RN_DNODE_00328,0.032812502119276256,0.16516679245201143,0.19797929457128768,RN_DRAIN_00530,0.1272696969192279,synthetic_manning_scenario,0.0,0.1272696969192279,0.07070959765205978,0.0,127.2772757737076
090_120,rajendra_nagar_heavy_rain_demo,90,120,1800,RN_DNODE_00483,0.0,0.0,0.0,RN_DRAIN_00019,0.1831443771284688,synthetic_manning_scenario,0.0,0.0,0.0,0.0,0.0
090_120,rajendra_nagar_heavy_rain_demo,90,120,1800,RN_DNODE_00040,0.07781250529819064,0.12723324562335805,0.2050457509215487,RN_DRAIN_00081,0.5017366265441451,synthetic_manning_scenario,0.0,0.2050457509215487,0.0,0.0,0.0
090_120,rajendra_nagar_heavy_rain_demo,90,120,1800,RN_DNODE_00399,0.0,0.03484430030503481,0.03484430030503481,RN_DRAIN_00015,0.13777301901343705,synthetic_manning_scenario,0.0,0.03484430030503481,0.0,0.0,0.0
090_120,rajendra_nagar_heavy_rain_demo,90,120,1800,RN_DNODE_00517,0.0,0.0,0.0,RN_DRAIN_00063,0.1272696969192279,synthetic_manning_scenario,0.0,0.0,0.0,0.0,0.0
090_120,rajendra_nagar_heavy_rain_demo,90,120,1800,RN_DNODE_00016,0.01593750105963813,0.03485428291526828,0.05079178397490641,RN_DRAIN_00152,0.04100835586442703,synthetic_manning_scenario,0.0,0.04100835586442703,0.00978342811047938,0.0,17.610170598862883
090_120,rajendra_nagar_heavy_rain_demo,90,120,1800,RN_DNODE_00407,0.06281250423855252,0.09519701513640366,0.15800951937495616,RN_DRAIN_00170,0.03485428291526828,synthetic_manning_scenario,0.0,0.03485428291526828,0.12315523645968789,0.0,221.6794256274382
090_120,rajendra_nagar_heavy_rain_demo,90,120,1800,RN_DNODE_00104,0.04687500317891439,0.151090496238554,0.19796549941746838,RN_DRAIN_00187,0.044467843567026905,synthetic_manning_scenario,0.0,0.044467843567026905,0.15349765585044148,0.0,276.2957805307947
090_120,rajendra_nagar_heavy_rain_demo,90,120,1800,RN_DNODE_00479,0.04875000317891439,0.03485428291526828,0.08360428609418266,RN_DRAIN_00173,0.09995654869004258,synthetic_manning_scenario,0.0,0.08360428609418266,0.0,0.0,0.0
090_120,rajendra_nagar_heavy_rain_demo,90,120,1800,RN_DNODE_00015,0.07781250529819064,0.03484430030503481,0.11265680560322545,RN_DRAIN_00210,0.03485428291526828,synthetic_manning_scenario,0.0,0.03485428291526828,0.07780252268795718,0.0,140.04454083832292
090_120,rajendra_nagar_heavy_rain_demo,90,120,1800,RN_DNODE_00548,0.28406251907348634,0.03484430030503481,0.31890681937852117,RN_DRAIN_00252,0.18704808214959012,synthetic_manning_scenario,0.0,0.18704808214959012,0.13185873722893104,0.0,237.34572701207588
090_120,rajendra_nagar_heavy_rain_demo,90,120,1800,RN_DNODE_00013,0.0,0.0,0.0,RN_DRAIN_00256,0.06221965419535514,synthetic_manning_scenario,0.0,0.0,0.0,0.0,0.0
090_120,rajendra_nagar_heavy_rain_demo,90,120,1800,RN_DNODE_00102,0.0,0.0,0.0,RN_DRAIN_00284,0.03485428291526828,synthetic_manning_scenario,0.0,0.0,0.0,0.0,0.0
090_120,rajendra_nagar_heavy_rain_demo,90,120,1800,RN_DNODE_00045,0.0,0.0,0.0,RN_DRAIN_00400,0.12719678388149364,synthetic_manning_scenario,0.0,0.0,0.0,0.0,0.0
090_120,rajendra_nagar_heavy_rain_demo,90,120,1800,RN_DNODE_00458,0.355312524371677,0.2422562216946355,0.5975687460663125,RN_DRAIN_00368,0.391656185493259,synthetic_manning_scenario,0.0,0.391656185493259,0.20591256057305352,0.0,370.6426090314963
090_120,rajendra_nagar_heavy_rain_demo,90,120,1800,RN_DNODE_00547,0.04781250317891439,0.03485428291526828,0.08266678609418267,RN_DRAIN_00385,0.03485428291526828,synthetic_manning_scenario,0.0,0.03485428291526828,0.04781250317891439,0.0,86.0625057220459
090_120,rajendra_nagar_heavy_rain_demo,90,120,1800,RN_DNODE_00068,0.17531251271565756,0.03187500211927626,0.20718751483493383,RN_DRAIN_00433,0.1272696969192279,synthetic_manning_scenario,0.0,0.1272696969192279,0.07991781791570593,0.0,143.85207224827067
090_120,rajendra_nagar_heavy_rain_demo,90,120,1800,RN_DNODE_00118,0.0,0.0,0.0,RN_DRAIN_00470,0.12723324562335805,synthetic_manning_scenario,0.0,0.0,0.0,0.0,0.0
090_120,rajendra_nagar_heavy_rain_demo,90,120,1800,RN_DNODE_00180,0.17437501165601943,0.03485428291526828,0.2092292945712877,RN_DRAIN_00516,0.03484430030503481,synthetic_manning_scenario,0.0,0.03484430030503481,0.17438499426625287,0.0,313.89298967925515
090_120,rajendra_nagar_heavy_rain_demo,90,120,1800,RN_DNODE_00420,0.01593750105963813,0.36701701471119386,0.382954515770832,RN_DRAIN_00480,0.4455532640291579,synthetic_manning_scenario,0.0,0.382954515770832,0.0,0.0,0.0
090_120,rajendra_nagar_heavy_rain_demo,90,120,1800,RN_DNODE_00390,0.0,0.0,0.0,RN_DRAIN_00510,0.3236021441753258,synthetic_manning_scenario,0.0,0.0,0.0,0.0,0.0
090_120,rajendra_nagar_heavy_rain_demo,90,120,1800,RN_DNODE_00313,0.0,0.1272696969192279,0.1272696969192279,RN_DRAIN_00529,0.43897728400959335,synthetic_manning_scenario,0.0,0.1272696969192279,0.0,0.0,0.0
090_120,rajendra_nagar_heavy_rain_demo,90,120,1800,RN_DNODE_00474,0.0,0.0,0.0,RN_DRAIN_00018,0.07184184000329723,synthetic_manning_scenario,0.0,0.0,0.0,0.0,0.0
090_120,rajendra_nagar_heavy_rain_demo,90,120,1800,RN_DNODE_00050,0.0,0.2050457509215487,0.2050457509215487,RN_DRAIN_00082,0.1272696969192279,synthetic_manning_scenario,0.0,0.1272696969192279,0.0777760540023208,0.0,139.99689720417743
090_120,rajendra_nagar_heavy_rain_demo,90,120,1800,RN_DNODE_00400,0.0,0.03484430030503481,0.03484430030503481,RN_DRAIN_00010,0.12497491764534203,synthetic_manning_scenario,0.0,0.03484430030503481,0.0,0.0,0.0
090_120,rajendra_nagar_heavy_rain_demo,90,120,1800,RN_DNODE_00504,1.1803125837114121,0.03187500211927626,1.2121875858306883,RN_DRAIN_00053,0.15694054372586286,synthetic_manning_scenario,0.0,0.15694054372586286,1.0552470421048255,0.0,1899.4446757886858
090_120,rajendra_nagar_heavy_rain_demo,90,120,1800,RN_DNODE_00019,0.07781250529819064,0.04100835586442703,0.11882086116261767,RN_DRAIN_00153,0.03485428291526828,synthetic_manning_scenario,0.0,0.03485428291526828,0.08396657824734939,0.0,151.13984084522892
090_120,rajendra_nagar_heavy_rain_demo,90,120,1800,RN_DNODE_00397,0.2231250148349338,0.03485428291526828,0.25797929775020206,RN_DRAIN_00169,0.03484430030503481,synthetic_manning_scenario,0.0,0.03484430030503481,0.22313499744516724,0.0,401.64299540130105
090_120,rajendra_nagar_heavy_rain_demo,90,120,1800,RN_DNODE_00113,0.04593750317891439,0.044467843567026905,0.09040534674594129,RN_DRAIN_00188,0.13686859948507724,synthetic_manning_scenario,0.0,0.09040534674594129,0.0,0.0,0.0
090_120,rajendra_nagar_heavy_rain_demo,90,120,1800,RN_DNODE_00480,0.04968750317891439,0.08360428609418266,0.13329178927309704,RN_DRAIN_00160,0.06233696028667062,synthetic_manning_scenario,0.0,0.06233696028667062,0.07095482898642641,0.0,127.71869217556754
090_120,rajendra_nagar_heavy_rain_demo,90,120,1800,RN_DNODE_00018,0.2081250137752957,0.03485428291526828,0.24297929669056395,RN_DRAIN_00220,0.12723324562335805,synthetic_manning_scenario,0.0,0.12723324562335805,0.1157460510672059,0.0,208.3428919209706
090_120,rajendra_nagar_heavy_rain_demo,90,120,1800,RN_DNODE_00545,0.0,0.18704808214959012,0.18704808214959012,RN_DRAIN_00268,0.18815700295850665,synthetic_manning_scenario,0.0,0.18704808214959012,0.0,0.0,0.0
090_120,rajendra_nagar_heavy_rain_demo,90,120,1800,RN_DNODE_00017,0.2746875190734863,0.0,0.2746875190734863,RN_DRAIN_00240,0.03485428291526828,synthetic_manning_scenario,0.0,0.03485428291526828,0.23983323615821805,0.0,431.6998250847925
090_120,rajendra_nagar_heavy_rain_demo,90,120,1800,RN_DNODE_00111,0.9496875678168403,0.0,0.9496875678168403,RN_DRAIN_00285,0.03484430030503481,synthetic_manning_scenario,0.0,0.03484430030503481,0.9148432675118054,0.0,1646.7178815212499
090_120,rajendra_nagar_heavy_rain_demo,90,120,1800,RN_DNODE_00053,0.0,0.0,0.0,RN_DRAIN_00401,0.1272696969192279,synthetic_manning_scenario,0.0,0.0,0.0,0.0,0.0
090_120,rajendra_nagar_heavy_rain_demo,90,120,1800,RN_DNODE_00454,0.43687503072950573,0.42446868761253526,0.8613437183420409,RN_DRAIN_00359,0.48087166299014095,synthetic_manning_scenario,0.0,0.48087166299014095,0.3804720553519,0.0,684.84969963342
090_120,rajendra_nagar_heavy_rain_demo,90,120,1800,RN_DNODE_00544,0.36843752649095324,0.03485428291526828,0.4032918094062215,RN_DRAIN_00384,0.15013191509707569,synthetic_manning_scenario,0.0,0.15013191509707569,0.2531598943091458,0.0,455.68780975646246
090_120,rajendra_nagar_heavy_rain_demo,90,120,1800,RN_DNODE_00157,0.06468750423855252,0.03484430030503481,0.09953180454358733,RN_DRAIN_00507,0.3596921468391413,synthetic_manning_scenario,0.0,0.09953180454358733,0.0,0.0,0.0
090_120,rajendra_nagar_heavy_rain_demo,90,120,1800,RN_DNODE_00411,0.10781250741746691,0.433736317135505,0.5415488245529719,RN_DRAIN_00479,0.30124813859248456,synthetic_manning_scenario,0.0,0.30124813859248456,0.24030068596048737,0.0,432.54123472887727
090_120,rajendra_nagar_heavy_rain_demo,90,120,1800,RN_DNODE_00402,0.0,0.0,0.0,RN_DRAIN_00501,0.5315703032862718,synthetic_manning_scenario,0.0,0.0,0.0,0.0,0.0
090_120,rajendra_nagar_heavy_rain_demo,90,120,1800,RN_DNODE_00295,0.14343750953674317,0.1272696969192279,0.27070720645597107,RN_DRAIN_00524,0.4840443716707854,synthetic_manning_scenario,0.0,0.27070720645597107,0.0,0.0,0.0
090_120,rajendra_nagar_heavy_rain_demo,90,120,1800,RN_DNODE_00467,0.30656252119276256,0.0,0.30656252119276256,RN_DRAIN_00017,0.03485428291526828,synthetic_manning_scenario,0.0,0.03485428291526828,0.2717082382774943,0.0,489.0748288994897
090_120,rajendra_nagar_heavy_rain_demo,90,120,1800,RN_DNODE_00387,0.0,0.03484430030503481,0.03484430030503481,RN_DRAIN_00004,0.02637752433631995,synthetic_manning_scenario,0.0,0.02637752433631995,0.008466775968714861,0.0,15.24019674368675
090_120,rajendra_nagar_heavy_rain_demo,90,120,1800,RN_DNODE_00505,0.0,0.15694054372586286,0.15694054372586286,,,,,0.0,0.0,0.15694054372586286,0.0
090_120,rajendra_nagar_heavy_rain_demo,90,120,1800,RN_DNODE_00023,0.23625001589457195,0.03485428291526828,0.2711042988098402,RN_DRAIN_00154,0.03485428291526828,synthetic_manning_scenario,0.0,0.03485428291526828,0.23625001589457195,0.0,425.2500286102295
090_120,rajendra_nagar_heavy_rain_demo,90,120,1800,RN_DNODE_00386,0.08250000529819064,0.03484430030503481,0.11734430560322545,RN_DRAIN_00159,0.06828671863062642,synthetic_manning_scenario,0.0,0.06828671863062642,0.04905758697259903,0.0,88.30365655067826
090_120,rajendra_nagar_heavy_rain_demo,90,120,1800,RN_DNODE_00125,0.0,0.09040534674594129,0.09040534674594129,RN_DRAIN_00177,0.29797263860351214,synthetic_manning_scenario,0.0,0.09040534674594129,0.0,0.0,0.0
090_120,rajendra_nagar_heavy_rain_demo,90,120,1800,RN_DNODE_00481,0.14250000953674316,0.06233696028667062,0.2048369698234138,RN_DRAIN_00147,0.03485428291526828,synthetic_manning_scenario,0.0,0.03485428291526828,0.1699826869081455,0.0,305.9688364346619
090_120,rajendra_nagar_heavy_rain_demo,90,120,1800,RN_DNODE_00542,0.0,0.18704808214959012,0.18704808214959012,RN_DRAIN_00267,0.03485428291526828,synthetic_manning_scenario,0.0,0.03485428291526828,0.15219379923432186,0.0,273.9488386217794
090_120,rajendra_nagar_heavy_rain_demo,90,120,1800,RN_DNODE_00021,0.04687500317891439,0.1969418114538946,0.243816814632809,RN_DRAIN_00241,0.12723324562335805,synthetic_manning_scenario,0.0,0.12723324562335805,0.11658356900945094,0.0,209.8504242170117
090_120,rajendra_nagar_heavy_rain_demo,90,120,1800,RN_DNODE_00122,0.0,0.03484430030503481,0.03484430030503481,RN_DRAIN_00298,0.03484430030503481,synthetic_manning_scenario,0.0,0.03484430030503481,0.0,0.0,0.0
090_120,rajendra_nagar_heavy_rain_demo,90,120,1800,RN_DNODE_00062,0.0,0.0,0.0,RN_DRAIN_00412,0.12723324562335805,synthetic_manning_scenario,0.0,0.0,0.0,0.0,0.0
090_120,rajendra_nagar_heavy_rain_demo,90,120,1800,RN_DNODE_00445,0.0,0.48087166299014095,0.48087166299014095,RN_DRAIN_00352,0.7483774137344394,synthetic_manning_scenario,0.0,0.48087166299014095,0.0,0.0,0.0
090_120,rajendra_nagar_heavy_rain_demo,90,120,1800,RN_DNODE_00540,0.09562500635782878,0.15013191509707569,0.24575692145490446,RN_DRAIN_00378,0.1348146985507728,synthetic_manning_scenario,0.0,0.1348146985507728,0.11094222290413167,0.0,199.696001227437
090_120,rajendra_nagar_heavy_rain_demo,90,120,1800,RN_DNODE_00140,0.0,0.09953180454358733,0.09953180454358733,RN_DRAIN_00498,0.31364418229729374,synthetic_manning_scenario,0.0,0.09953180454358733,0.0,0.0,0.0
090_120,rajendra_nagar_heavy_rain_demo,90,120,1800,RN_DNODE_00404,0.03000000211927626,0.33124814071176084,0.3612481428310371,RN_DRAIN_00478,0.30124813859248456,synthetic_manning_scenario,0.0,0.30124813859248456,0.06000000423855256,0.0,108.00000762939462
090_120,rajendra_nagar_heavy_rain_demo,90,120,1800,RN_DNODE_00403,0.0,0.0,0.0,RN_DRAIN_00492,0.48250869403237323,synthetic_manning_scenario,0.0,0.0,0.0,0.0,0.0
090_120,rajendra_nagar_heavy_rain_demo,90,120,1800,RN_DNODE_00284,0.06281250423855252,0.27070720645597107,0.3335197106945236,RN_DRAIN_00523,0.8030954072736205,synthetic_manning_scenario,0.0,0.3335197106945236,0.0,0.0,0.0
090_120,rajendra_nagar_heavy_rain_demo,90,120,1800,RN_DNODE_00379,0.0,0.02637752433631995,0.02637752433631995,,,,,0.0,0.0,0.02637752433631995,0.0
090_120,rajendra_nagar_heavy_rain_demo,90,120,1800,RN_DNODE_00027,0.09843750635782877,0.03485428291526828,0.13329178927309704,RN_DRAIN_00155,0.03484430030503481,synthetic_manning_scenario,0.0,0.03484430030503481,0.09844748896806223,0.0,177.20548014251202
090_120,rajendra_nagar_heavy_rain_demo,90,120,1800,RN_DNODE_00378,0.09843750635782877,0.06828671863062642,0.16672422498845518,RN_DRAIN_00146,0.12524186330580878,synthetic_manning_scenario,0.0,0.12524186330580878,0.04148236168264641,0.0,74.66825102876354
090_120,rajendra_nagar_heavy_rain_demo,90,120,1800,RN_DNODE_00136,0.0,0.09040534674594129,0.09040534674594129,RN_DRAIN_00161,0.16698035472771766,synthetic_manning_scenario,0.0,0.09040534674594129,0.0,0.0,0.0
090_120,rajendra_nagar_heavy_rain_demo,90,120,1800,RN_DNODE_00482,0.03187500211927626,0.03485428291526828,0.06672928503454453,RN_DRAIN_00134,0.03484430030503481,synthetic_manning_scenario,0.0,0.03484430030503481,0.03188498472950972,0.0,57.3929725131175
090_120,rajendra_nagar_heavy_rain_demo,90,120,1800,RN_DNODE_00537,0.0,0.03485428291526828,0.03485428291526828,RN_DRAIN_00266,0.1272696969192279,synthetic_manning_scenario,0.0,0.03485428291526828,0.0,0.0,0.0
090_120,rajendra_nagar_heavy_rain_demo,90,120,1800,RN_DNODE_00026,0.04968750317891439,0.12723324562335805,0.17692074880227243,RN_DRAIN_00257,0.7029886526903337,synthetic_manning_scenario,0.0,0.17692074880227243,0.0,0.0,0.0
090_120,rajendra_nagar_heavy_rain_demo,90,120,1800,RN_DNODE_00133,0.0,0.03484430030503481,0.03484430030503481,RN_DRAIN_00314,0.1550630537514668,synthetic_manning_scenario,0.0,0.03484430030503481,0.0,0.0,0.0
090_120,rajendra_nagar_heavy_rain_demo,90,120,1800,RN_DNODE_00069,1.2675000890096029,0.0,1.2675000890096029,RN_DRAIN_00421,0.12723324562335805,synthetic_manning_scenario,0.0,0.12723324562335805,1.1402668433862448,0.0,2052.480318095241
090_120,rajendra_nagar_heavy_rain_demo,90,120,1800,RN_DNODE_00446,0.1068750074174669,0.48087166299014095,0.5877466704076079,RN_DRAIN_00345,0.6085297810986018,synthetic_manning_scenario,0.0,0.5877466704076079,0.0,0.0,0.0
090_120,rajendra_nagar_heavy_rain_demo,90,120,1800,RN_DNODE_00536,0.1537500105963813,0.1696689814660411,0.3234189920624224,RN_DRAIN_00369,0.18393770855067063,synthetic_manning_scenario,0.0,0.18393770855067063,0.1394812835117518,0.0,251.06631032115322
090_120,rajendra_nagar_heavy_rain_demo,90,120,1800,RN_DNODE_00141,0.0,0.09953180454358733,0.09953180454358733,RN_DRAIN_00485,0.02637752433631995,synthetic_manning_scenario,0.0,0.02637752433631995,0.07315428020726739,0.0,131.6777043730813
090_120,rajendra_nagar_heavy_rain_demo,90,120,1800,RN_DNODE_00391,0.5578125413258871,0.3171856396521227,0.8749981809780099,RN_DRAIN_00477,0.30124813859248456,synthetic_manning_scenario,0.0,0.30124813859248456,0.5737500423855253,0.0,1032.7500762939455
090_120,rajendra_nagar_heavy_rain_demo,90,120,1800,RN_DNODE_00278,0.18000001165601942,0.3335197106945236,0.513519722350543,RN_DRAIN_00522,0.4808041363512746,synthetic_manning_scenario,0.0,0.4808041363512746,0.03271558599926838,0.0,58.888054798683086
090_120,rajendra_nagar_heavy_rain_demo,90,120,1800,RN_DNODE_00031,0.0,0.03484430030503481,0.03484430030503481,RN_DRAIN_00135,0.03484430030503481,synthetic_manning_scenario,0.0,0.03484430030503481,0.0,0.0,0.0
090_120,rajendra_nagar_heavy_rain_demo,90,120,1800,RN_DNODE_00373,0.0,0.12524186330580878,0.12524186330580878,RN_DRAIN_00132,0.1267604035528174,synthetic_manning_scenario,0.0,0.12524186330580878,0.0,0.0,0.0
090_120,rajendra_nagar_heavy_rain_demo,90,120,1800,RN_DNODE_00153,0.0,0.09040534674594129,0.09040534674594129,RN_DRAIN_00162,0.20061316841502458,synthetic_manning_scenario,0.0,0.09040534674594129,0.0,0.0,0.0
090_120,rajendra_nagar_heavy_rain_demo,90,120,1800,RN_DNODE_00472,0.03187500211927626,0.06765680242431107,0.09953180454358734,RN_DRAIN_00119,0.1272696969192279,synthetic_manning_scenario,0.0,0.09953180454358734,0.0,0.0,0.0
090_120,rajendra_nagar_heavy_rain_demo,90,120,1800,RN_DNODE_00530,0.0,0.03485428291526828,0.03485428291526828,RN_DRAIN_00265,0.12723324562335805,synthetic_manning_scenario,0.0,0.03485428291526828,0.0,0.0,0.0
090_120,rajendra_nagar_heavy_rain_demo,90,120,1800,RN_DNODE_00025,0.0,0.17692074880227243,0.17692074880227243,RN_DRAIN_00270,0.12723324562335805,synthetic_manning_scenario,0.0,0.12723324562335805,0.04968750317891438,0.0,89.43750572204588
090_120,rajendra_nagar_heavy_rain_demo,90,120,1800,RN_DNODE_00148,0.0,0.03484430030503481,0.03484430030503481,RN_DRAIN_00315,0.1734811093212871,synthetic_manning_scenario,0.0,0.03484430030503481,0.0,0.0,0.0
090_120,rajendra_nagar_heavy_rain_demo,90,120,1800,RN_DNODE_00073,0.0,0.254502942542586,0.254502942542586,RN_DRAIN_00434,0.46733711847571097,synthetic_manning_scenario,0.0,0.254502942542586,0.0,0.0,0.0
090_120,rajendra_nagar_heavy_rain_demo,90,120,1800,RN_DNODE_00526,0.0,0.18393770855067063,0.18393770855067063,RN_DRAIN_00363,0.8884739605124451,synthetic_manning_scenario,0.0,0.18393770855067063,0.0,0.0,0.0
090_120,rajendra_nagar_heavy_rain_demo,90,120,1800,RN_DNODE_00129,0.0,0.02637752433631995,0.02637752433631995,RN_DRAIN_00471,0.03485428291526828,synthetic_manning_scenario,0.0,0.02637752433631995,0.0,0.0,0.0
090_120,rajendra_nagar_heavy_rain_demo,90,120,1800,RN_DNODE_00382,0.03187500211927626,0.3360924388975194,0.3679674410167956,RN_DRAIN_00476,1.5879626023456346,synthetic_manning_scenario,0.0,0.3679674410167956,0.0,0.0,0.0
090_120,rajendra_nagar_heavy_rain_demo,90,120,1800,RN_DNODE_00272,0.0,0.5136166384705508,0.5136166384705508,RN_DRAIN_00509,0.8534250354908414,synthetic_manning_scenario,0.0,0.5136166384705508,0.0,0.0,0.0
090_120,rajendra_nagar_heavy_rain_demo,90,120,1800,RN_DNODE_00039,0.10593750741746691,0.06122182464135476,0.16715933205882166,RN_DRAIN_00121,0.12723324562335805,synthetic_manning_scenario,0.0,0.12723324562335805,0.03992608643546361,0.0,71.8669555838345
090_120,rajendra_nagar_heavy_rain_demo,90,120,1800,RN_DNODE_00365,0.07968750529819064,0.12524186330580878,0.2049293686039994,RN_DRAIN_00145,0.21676002461835764,synthetic_manning_scenario,0.0,0.2049293686039994,0.0,0.0,0.0
090_120,rajendra_nagar_heavy_rain_demo,90,120,1800,RN_DNODE_00174,0.0,0.09040534674594129,0.09040534674594129,RN_DRAIN_00156,0.03484430030503481,synthetic_manning_scenario,0.0,0.03484430030503481,0.05556104644090648,0.0,100.00988359363167
090_120,rajendra_nagar_heavy_rain_demo,90,120,1800,RN_DNODE_00473,0.07968750529819064,0.09953180454358734,0.17921930984177797,RN_DRAIN_00102,0.12723324562335805,synthetic_manning_scenario,0.0,0.12723324562335805,0.05198606421841992,0.0,93.57491559315585
090_120,rajendra_nagar_heavy_rain_demo,90,120,1800,RN_DNODE_00523,0.0,0.06970856583053656,0.06970856583053656,RN_DRAIN_00250,0.33976832673800367,synthetic_manning_scenario,0.0,0.06970856583053656,0.0,0.0,0.0
090_120,rajendra_nagar_heavy_rain_demo,90,120,1800,RN_DNODE_00030,0.0,0.12723324562335805,0.12723324562335805,RN_DRAIN_00282,0.6385097114211645,synthetic_manning_scenario,0.0,0.12723324562335805,0.0,0.0,0.0
090_120,rajendra_nagar_heavy_rain_demo,90,120,1800,RN_DNODE_00167,0.0,0.03484430030503481,0.03484430030503481,RN_DRAIN_00299,0.30262734913588674,synthetic_manning_scenario,0.0,0.03484430030503481,0.0,0.0,0.0
090_120,rajendra_nagar_heavy_rain_demo,90,120,1800,RN_DNODE_00083,0.0,0.254502942542586,0.254502942542586,RN_DRAIN_00422,0.8950470007614398,synthetic_manning_scenario,0.0,0.254502942542586,0.0,0.0,0.0
090_120,rajendra_nagar_heavy_rain_demo,90,120,1800,RN_DNODE_00520,0.07406250529819065,0.29175021596813755,0.3658127212663282,RN_DRAIN_00354,0.8904712544361131,synthetic_manning_scenario,0.0,0.3658127212663282,0.0,0.0,0.0
090_120,rajendra_nagar_heavy_rain_demo,90,120,1800,RN_DNODE_00130,0.0,0.02637752433631995,0.02637752433631995,RN_DRAIN_00462,0.1272696969192279,synthetic_manning_scenario,0.0,0.02637752433631995,0.0,0.0,0.0
090_120,rajendra_nagar_heavy_rain_demo,90,120,1800,RN_DNODE_00374,0.0,0.3679674410167956,0.3679674410167956,RN_DRAIN_00475,1.3110899309156265,synthetic_manning_scenario,0.0,0.3679674410167956,0.0,0.0,0.0
090_120,rajendra_nagar_heavy_rain_demo,90,120,1800,RN_DNODE_00273,0.07593750423855251,0.5136166384705508,0.5895541427091033,RN_DRAIN_00500,0.3882542420713991,synthetic_manning_scenario,0.0,0.3882542420713991,0.20129990063770425,0.0,362.33982114786767
090_120,rajendra_nagar_heavy_rain_demo,90,120,1800,RN_DNODE_00049,0.01593750105963813,0.12723324562335805,0.14317074668299618,RN_DRAIN_00105,0.1272696969192279,synthetic_manning_scenario,0.0,0.1272696969192279,0.01590104976376827,0.0,28.621889574782887
090_120,rajendra_nagar_heavy_rain_demo,90,120,1800,RN_DNODE_00360,0.04781250317891439,0.2049293686039994,0.2527418717829138,RN_DRAIN_00144,0.10887560820568472,synthetic_manning_scenario,0.0,0.10887560820568472,0.1438662635772291,0.0,258.95927443901235
090_120,rajendra_nagar_heavy_rain_demo,90,120,1800,RN_DNODE_00460,0.04875000317891439,0.12723324562335805,0.17598324880227245,RN_DRAIN_00077,0.1272696969192279,synthetic_manning_scenario,0.0,0.1272696969192279,0.04871355188304455,0.0,87.68439338948019
090_120,rajendra_nagar_heavy_rain_demo,90,120,1800,RN_DNODE_00515,0.0,0.06970856583053656,0.06970856583053656,RN_DRAIN_00264,0.25964530282323023,synthetic_manning_scenario,0.0,0.06970856583053656,0.0,0.0,0.0
090_120,rajendra_nagar_heavy_rain_demo,90,120,1800,RN_DNODE_00037,0.0,0.12723324562335805,0.12723324562335805,RN_DRAIN_00283,0.4789095248259892,synthetic_manning_scenario,0.0,0.12723324562335805,0.0,0.0,0.0
090_120,rajendra_nagar_heavy_rain_demo,90,120,1800,RN_DNODE_00192,0.0,0.03484430030503481,0.03484430030503481,RN_DRAIN_00300,0.12619378157464736,synthetic_manning_scenario,0.0,0.03484430030503481,0.0,0.0,0.0
090_120,rajendra_nagar_heavy_rain_demo,90,120,1800,RN_DNODE_00092,0.0,0.254502942542586,0.254502942542586,RN_DRAIN_00423,0.30124813859248456,synthetic_manning_scenario,0.0,0.254502942542586,0.0,0.0,0.0
090_120,rajendra_nagar_heavy_rain_demo,90,120,1800,RN_DNODE_00510,0.0,0.6875027667954108,0.6875027667954108,RN_DRAIN_00347,0.30124813859248456,synthetic_manning_scenario,0.0,0.30124813859248456,0.3862546282029262,0.0,695.2583307652671
090_120,rajendra_nagar_heavy_rain_demo,90,120,1800,RN_DNODE_00368,0.0,0.3679674410167956,0.3679674410167956,RN_DRAIN_00465,1.8547357326579403,synthetic_manning_scenario,0.0,0.3679674410167956,0.0,0.0,0.0
090_120,rajendra_nagar_heavy_rain_demo,90,120,1800,RN_DNODE_00265,0.0,0.3882542420713991,0.3882542420713991,RN_DRAIN_00491,0.6913117801679162,synthetic_manning_scenario,0.0,0.3882542420713991,0.0,0.0,0.0
090_120,rajendra_nagar_heavy_rain_demo,90,120,1800,RN_DNODE_00058,0.0,0.2545393938384558,0.2545393938384558,RN_DRAIN_00083,0.30107555299333355,synthetic_manning_scenario,0.0,0.2545393938384558,0.0,0.0,0.0
090_120,rajendra_nagar_heavy_rain_demo,90,120,1800,RN_DNODE_00353,0.061875004238552515,0.10887560820568472,0.17075061244423723,RN_DRAIN_00143,0.03485428291526828,synthetic_manning_scenario,0.0,0.03485428291526828,0.13589632952896896,0.0,244.61339315214414
090_120,rajendra_nagar_heavy_rain_demo,90,120,1800,RN_DNODE_00461,0.04781250317891439,0.1272696969192279,0.1750822000981423,RN_DRAIN_00070,0.3887914862481728,synthetic_manning_scenario,0.0,0.1750822000981423,0.0,0.0,0.0
090_120,rajendra_nagar_heavy_rain_demo,90,120,1800,RN_DNODE_00514,0.0,0.06970856583053656,0.06970856583053656,RN_DRAIN_00279,0.12719678388149364,synthetic_manning_scenario,0.0,0.06970856583053656,0.0,0.0,0.0
090_120,rajendra_nagar_heavy_rain_demo,90,120,1800,RN_DNODE_00046,0.0,0.12723324562335805,0.12723324562335805,RN_DRAIN_00271,0.3989314278310482,synthetic_manning_scenario,0.0,0.12723324562335805,0.0,0.0,0.0
090_120,rajendra_nagar_heavy_rain_demo,90,120,1800,RN_DNODE_00101,0.0,0.254502942542586,0.254502942542586,RN_DRAIN_00424,0.4805520220810709,synthetic_manning_scenario,0.0,0.254502942542586,0.0,0.0,0.0
090_120,rajendra_nagar_heavy_rain_demo,90,120,1800,RN_DNODE_00362,0.2625000180138482,0.3679674410167956,0.6304674590306438,RN_DRAIN_00455,0.3425817481644578,synthetic_manning_scenario,0.0,0.3425817481644578,0.28788571086618603,0.0,518.1942795591349
090_120,rajendra_nagar_heavy_rain_demo,90,120,1800,RN_DNODE_00255,0.0,0.40419174313103723,0.40419174313103723,RN_DRAIN_00490,0.1655419763093995,synthetic_manning_scenario,0.0,0.1655419763093995,0.23864976682163772,0.0,429.5695802789479
090_120,rajendra_nagar_heavy_rain_demo,90,120,1800,RN_DNODE_00067,0.0,0.28938369414349063,0.28938369414349063,RN_DRAIN_00084,0.30124813859248456,synthetic_manning_scenario,0.0,0.28938369414349063,0.0,0.0,0.0
090_120,rajendra_nagar_heavy_rain_demo,90,120,1800,RN_DNODE_00344,0.14343750953674317,0.03485428291526828,0.17829179245201143,RN_DRAIN_00142,0.10542103561186149,synthetic_manning_scenario,0.0,0.10542103561186149,0.07287075684014994,0.0,131.1673623122699
090_120,rajendra_nagar_heavy_rain_demo,90,120,1800,RN_DNODE_00462,0.04593750317891439,0.1750822000981423,0.22101970327705667,RN_DRAIN_00061,0.27705159099154153,synthetic_manning_scenario,0.0,0.22101970327705667,0.0,0.0,0.0
090_120,rajendra_nagar_heavy_rain_demo,90,120,1800,RN_DNODE_00513,0.0,0.06970856583053656,0.06970856583053656,RN_DRAIN_00293,0.1272696969192279,synthetic_manning_scenario,0.0,0.06970856583053656,0.0,0.0,0.0
090_120,rajendra_nagar_heavy_rain_demo,90,120,1800,RN_DNODE_00055,0.0,0.12723324562335805,0.12723324562335805,RN_DRAIN_00258,0.6419583207023042,synthetic_manning_scenario,0.0,0.12723324562335805,0.0,0.0,0.0
090_120,rajendra_nagar_heavy_rain_demo,90,120,1800,RN_DNODE_00110,0.0,0.254502942542586,0.254502942542586,RN_DRAIN_00435,2.759346514317241,synthetic_manning_scenario,0.0,0.254502942542586,0.0,0.0,0.0
090_120,rajendra_nagar_heavy_rain_demo,90,120,1800,RN_DNODE_00356,0.07781250529819064,0.3425817481644578,0.42039425346264847,RN_DRAIN_00454,1.4082442328435159,synthetic_manning_scenario,0.0,0.42039425346264847,0.0,0.0,0.0
090_120,rajendra_nagar_heavy_rain_demo,90,120,1800,RN_DNODE_00234,0.17062501165601943,0.1655419763093995,0.33616698796541894,RN_DRAIN_00489,0.5313346491245258,synthetic_manning_scenario,0.0,0.33616698796541894,0.0,0.0,0.0
090_120,rajendra_nagar_heavy_rain_demo,90,120,1800,RN_DNODE_00072,0.0,0.28938369414349063,0.28938369414349063,RN_DRAIN_00085,0.30124813859248456,synthetic_manning_scenario,0.0,0.28938369414349063,0.0,0.0,0.0
090_120,rajendra_nagar_heavy_rain_demo,90,120,1800,RN_DNODE_00333,0.050625003178914385,0.10542103561186149,0.1560460387907759,RN_DRAIN_00131,0.22781081406408252,synthetic_manning_scenario,0.0,0.1560460387907759,0.0,0.0,0.0
090_120,rajendra_nagar_heavy_rain_demo,90,120,1800,RN_DNODE_00463,0.34218752331203883,0.22101970327705667,0.5632072265890955,RN_DRAIN_00052,0.1272696969192279,synthetic_manning_scenario,0.0,0.1272696969192279,0.4359375296698676,0.0,784.6875534057617
090_120,rajendra_nagar_heavy_rain_demo,90,120,1800,RN_DNODE_00512,0.0,0.06970856583053656,0.06970856583053656,RN_DRAIN_00312,0.1272696969192279,synthetic_manning_scenario,0.0,0.06970856583053656,0.0,0.0,0.0
090_120,rajendra_nagar_heavy_rain_demo,90,120,1800,RN_DNODE_00064,0.0,0.12723324562335805,0.12723324562335805,RN_DRAIN_00259,0.12723324562335805,synthetic_manning_scenario,0.0,0.12723324562335805,0.0,0.0,0.0
090_120,rajendra_nagar_heavy_rain_demo,90,120,1800,RN_DNODE_00120,0.0,0.254502942542586,0.254502942542586,RN_DRAIN_00449,2.5437721438672827,synthetic_manning_scenario,0.0,0.254502942542586,0.0,0.0,0.0
090_120,rajendra_nagar_heavy_rain_demo,90,120,1800,RN_DNODE_00348,0.04875000317891439,0.42039425346264847,0.46914425664156284,RN_DRAIN_00444,1.036783363348529,synthetic_manning_scenario,0.0,0.46914425664156284,0.0,0.0,0.0
090_120,rajendra_nagar_heavy_rain_demo,90,120,1800,RN_DNODE_00207,0.09281250635782877,0.33616698796541894,0.4289794943232477,RN_DRAIN_00488,0.9868943284982327,synthetic_manning_scenario,0.0,0.4289794943232477,0.0,0.0,0.0
090_120,rajendra_nagar_heavy_rain_demo,90,120,1800,RN_DNODE_00079,0.26250001695421005,0.28938369414349063,0.5518837110977006,RN_DRAIN_00086,0.30124813859248456,synthetic_manning_scenario,0.0,0.30124813859248456,0.25063557250521606,0.0,451.1440305093889
090_120,rajendra_nagar_heavy_rain_demo,90,120,1800,RN_DNODE_00464,0.04968750317891439,0.1272696969192279,0.1769572000981423,RN_DRAIN_00044,0.642398926061122,synthetic_manning_scenario,0.0,0.1769572000981423,0.0,0.0,0.0
090_120,rajendra_nagar_heavy_rain_demo,90,120,1800,RN_DNODE_00502,0.0,0.3709567044230211,0.3709567044230211,RN_DRAIN_00332,0.30107555299333355,synthetic_manning_scenario,0.0,0.30107555299333355,0.06988115142968754,0.0,125.78607257343756
090_120,rajendra_nagar_heavy_rain_demo,90,120,1800,RN_DNODE_00070,0.0,0.12723324562335805,0.12723324562335805,RN_DRAIN_00243,0.12723324562335805,synthetic_manning_scenario,0.0,0.12723324562335805,0.0,0.0,0.0
090_120,rajendra_nagar_heavy_rain_demo,90,120,1800,RN_DNODE_00341,0.13687500953674317,0.46914425664156284,0.606019266178306,RN_DRAIN_00443,0.5674438686929558,synthetic_manning_scenario,0.0,0.5674438686929558,0.038575397485350216,0.0,69.43571547363038
090_120,rajendra_nagar_heavy_rain_demo,90,120,1800,RN_DNODE_00181,0.03000000211927626,0.4289794943232477,0.458979496442524,RN_DRAIN_00487,1.2167317531808846,synthetic_manning_scenario,0.0,0.458979496442524,0.0,0.0,0.0
090_120,rajendra_nagar_heavy_rain_demo,90,120,1800,RN_DNODE_00088,0.7031250476837159,0.30124813859248456,1.0043731862762004,RN_DRAIN_00087,2.002281704829388,synthetic_manning_scenario,0.0,1.0043731862762004,0.0,0.0,0.0
090_120,rajendra_nagar_heavy_rain_demo,90,120,1800,RN_DNODE_00465,0.05812500423855252,0.1769572000981423,0.23508220433669483,RN_DRAIN_00036,0.5725232749926845,synthetic_manning_scenario,0.0,0.23508220433669483,0.0,0.0,0.0
090_120,rajendra_nagar_heavy_rain_demo,90,120,1800,RN_DNODE_00498,0.0,0.30107555299333355,0.30107555299333355,RN_DRAIN_00331,0.30124813859248456,synthetic_manning_scenario,0.0,0.30107555299333355,0.0,0.0,0.0
090_120,rajendra_nagar_heavy_rain_demo,90,120,1800,RN_DNODE_00077,0.0,0.12723324562335805,0.12723324562335805,RN_DRAIN_00222,0.1272696969192279,synthetic_manning_scenario,0.0,0.12723324562335805,0.0,0.0,0.0
090_120,rajendra_nagar_heavy_rain_demo,90,120,1800,RN_DNODE_00330,0.01593750105963813,0.5938213930292757,0.6097588940889138,RN_DRAIN_00442,0.30124813859248456,synthetic_manning_scenario,0.0,0.30124813859248456,0.30851075549642926,0.0,555.3193598935727
090_120,rajendra_nagar_heavy_rain_demo,90,120,1800,RN_DNODE_00159,0.0,0.458979496442524,0.458979496442524,RN_DRAIN_00473,0.5368494949865811,synthetic_manning_scenario,0.0,0.458979496442524,0.0,0.0,0.0
090_120,rajendra_nagar_heavy_rain_demo,90,120,1800,RN_DNODE_00097,0.01593750105963813,1.0043731862762004,1.0203106873358385,RN_DRAIN_00088,1.878999507826128,synthetic_manning_scenario,0.0,1.0203106873358385,0.0,0.0,0.0
090_120,rajendra_nagar_heavy_rain_demo,90,120,1800,RN_DNODE_00466,0.04968750317891439,0.23508220433669483,0.2847697075156092,RN_DRAIN_00029,0.12723324562335805,synthetic_manning_scenario,0.0,0.12723324562335805,0.15753646189225115,0.0,283.5656314060521
090_120,rajendra_nagar_heavy_rain_demo,90,120,1800,RN_DNODE_00497,0.0,0.30107555299333355,0.30107555299333355,RN_DRAIN_00330,0.30124813859248456,synthetic_manning_scenario,0.0,0.30107555299333355,0.0,0.0,0.0
090_120,rajendra_nagar_heavy_rain_demo,90,120,1800,RN_DNODE_00086,0.0,0.12723324562335805,0.12723324562335805,RN_DRAIN_00223,0.1272696969192279,synthetic_manning_scenario,0.0,0.12723324562335805,0.0,0.0,0.0
090_120,rajendra_nagar_heavy_rain_demo,90,120,1800,RN_DNODE_00314,0.06375000423855252,0.30124813859248456,0.3649981428310371,RN_DRAIN_00441,0.30116185815577506,synthetic_manning_scenario,0.0,0.30116185815577506,0.06383628467526203,0.0,114.90531241547166
090_120,rajendra_nagar_heavy_rain_demo,90,120,1800,RN_DNODE_00143,0.0,0.458979496442524,0.458979496442524,RN_DRAIN_00463,0.09631698738212754,synthetic_manning_scenario,0.0,0.09631698738212754,0.36266250906039643,0.0,652.7925163087136
090_120,rajendra_nagar_heavy_rain_demo,90,120,1800,RN_DNODE_00105,0.13125000847710502,1.0203106873358385,1.1515606958129436,RN_DRAIN_00089,1.8362178351593588,synthetic_manning_scenario,0.0,1.1515606958129436,0.0,0.0,0.0
090_120,rajendra_nagar_heavy_rain_demo,90,120,1800,RN_DNODE_00456,0.23718751589457193,0.16208752853862635,0.3992750444331983,RN_DRAIN_00016,0.12723324562335805,synthetic_manning_scenario,0.0,0.12723324562335805,0.27204179880984025,0.0,489.67523785771243
090_120,rajendra_nagar_heavy_rain_demo,90,120,1800,RN_DNODE_00496,0.0,0.30107555299333355,0.30107555299333355,RN_DRAIN_00329,0.30124813859248456,synthetic_manning_scenario,0.0,0.30107555299333355,0.0,0.0,0.0
090_120,rajendra_nagar_heavy_rain_demo,90,120,1800,RN_DNODE_00095,0.0,0.12723324562335805,0.12723324562335805,RN_DRAIN_00224,0.5514010831518042,synthetic_manning_scenario,0.0,0.12723324562335805,0.0,0.0,0.0
090_120,rajendra_nagar_heavy_rain_demo,90,120,1800,RN_DNODE_00296,0.16781251165601943,0.3330368602750513,0.5008493719310707,RN_DRAIN_00428,0.30116185815577506,synthetic_manning_scenario,0.0,0.30116185815577506,0.19968751377529564,0.0,359.43752479553217
090_120,rajendra_nagar_heavy_rain_demo,90,120,1800,RN_DNODE_00131,0.0,0.37719745426103346,0.37719745426103346,RN_DRAIN_00450,0.30116185815577506,synthetic_manning_scenario,0.0,0.30116185815577506,0.0760355961052584,0.0,136.86407298946511
090_120,rajendra_nagar_heavy_rain_demo,90,120,1800,RN_DNODE_00115,0.07593750529819064,1.18156069793222,1.2574982032304105,RN_DRAIN_00090,2.0143420369081957,synthetic_manning_scenario,0.0,1.2574982032304105,0.0,0.0,0.0
090_120,rajendra_nagar_heavy_rain_demo,90,120,1800,RN_DNODE_00449,0.1134375074174669,0.12723324562335805,0.24067075304082497,RN_DRAIN_00011,0.41271576218229383,synthetic_manning_scenario,0.0,0.24067075304082497,0.0,0.0,0.0
090_120,rajendra_nagar_heavy_rain_demo,90,120,1800,RN_DNODE_00493,1.7934376260969374,0.30107555299333355,2.0945131790902707,RN_DRAIN_00328,1.73635575785819,synthetic_manning_scenario,0.0,1.73635575785819,0.3581574212320806,0.0,644.6833582177451
090_120,rajendra_nagar_heavy_rain_demo,90,120,1800,RN_DNODE_00103,0.0,0.12723324562335805,0.12723324562335805,RN_DRAIN_00225,0.47636516340908275,synthetic_manning_scenario,0.0,0.12723324562335805,0.0,0.0,0.0
090_120,rajendra_nagar_heavy_rain_demo,90,120,1800,RN_DNODE_00285,0.11812500847710504,0.3330368602750513,0.45116186875215636,RN_DRAIN_00417,0.30116185815577506,synthetic_manning_scenario,0.0,0.30116185815577506,0.1500000105963813,0.0,270.0000190734863
090_120,rajendra_nagar_heavy_rain_demo,90,120,1800,RN_DNODE_00145,0.0,0.30116185815577506,0.30116185815577506,RN_DRAIN_00438,0.30116185815577506,synthetic_manning_scenario,0.0,0.30116185815577506,0.0,0.0,0.0
090_120,rajendra_nagar_heavy_rain_demo,90,120,1800,RN_DNODE_00127,0.0,1.2574982032304105,1.2574982032304105,RN_DRAIN_00091,1.8440278673135078,synthetic_manning_scenario,0.0,1.2574982032304105,0.0,0.0,0.0
090_120,rajendra_nagar_heavy_rain_demo,90,120,1800,RN_DNODE_00450,0.01593750105963813,0.24067075304082497,0.2566082541004631,RN_DRAIN_00006,0.09631698738212754,synthetic_manning_scenario,0.0,0.09631698738212754,0.16029126671833557,0.0,288.52428009300405
090_120,rajendra_nagar_heavy_rain_demo,90,120,1800,RN_DNODE_00489,0.07968750529819064,1.73635575785819,1.8160432631563808,RN_DRAIN_00327,0.5266848835674651,synthetic_manning_scenario,0.0,0.5266848835674651,1.2893583795889156,0.0,2320.8450832600483
090_120,rajendra_nagar_heavy_rain_demo,90,120,1800,RN_DNODE_00112,1.039687574174669,0.12723324562335805,1.166920819798027,RN_DRAIN_00226,0.2262936821084416,synthetic_manning_scenario,0.0,0.2262936821084416,0.9406271376895854,0.0,1693.1288478412537
090_120,rajendra_nagar_heavy_rain_demo,90,120,1800,RN_DNODE_00279,0.06468750423855252,0.30116185815577506,0.3658493623943276,RN_DRAIN_00409,0.30124813859248456,synthetic_manning_scenario,0.0,0.30124813859248456,0.06460122380184302,0.0,116.28220284331744
090_120,rajendra_nagar_heavy_rain_demo,90,120,1800,RN_DNODE_00163,0.0,0.30116185815577506,0.30116185815577506,RN_DRAIN_00426,0.30124813859248456,synthetic_manning_scenario,0.0,0.30116185815577506,0.0,0.0,0.0
090_120,rajendra_nagar_heavy_rain_demo,90,120,1800,RN_DNODE_00138,0.0,1.2574982032304105,1.2574982032304105,RN_DRAIN_00110,2.117775746980934,synthetic_manning_scenario,0.0,1.2574982032304105,0.0,0.0,0.0
090_120,rajendra_nagar_heavy_rain_demo,90,120,1800,RN_DNODE_00443,0.0,0.09631698738212754,0.09631698738212754,,,,,0.0,0.0,0.09631698738212754,0.0
090_120,rajendra_nagar_heavy_rain_demo,90,120,1800,RN_DNODE_00485,0.0,0.5266848835674651,0.5266848835674651,RN_DRAIN_00326,0.30124813859248456,synthetic_manning_scenario,0.0,0.30124813859248456,0.22543674497498056,0.0,405.786140954965
090_120,rajendra_nagar_heavy_rain_demo,90,120,1800,RN_DNODE_00123,0.0,0.2262936821084416,0.2262936821084416,RN_DRAIN_00227,0.19248944506420465,synthetic_manning_scenario,0.0,0.19248944506420465,0.03380423704423696,0.0,60.84762667962653
090_120,rajendra_nagar_heavy_rain_demo,90,120,1800,RN_DNODE_00274,0.04875000317891439,0.30124813859248456,0.34999814177139893,RN_DRAIN_00408,0.3305358790663851,synthetic_manning_scenario,0.0,0.3305358790663851,0.019462262705013833,0.0,35.0320728690249
090_120,rajendra_nagar_heavy_rain_demo,90,120,1800,RN_DNODE_00164,0.0,0.30116185815577506,0.30116185815577506,RN_DRAIN_00415,0.30124813859248456,synthetic_manning_scenario,0.0,0.30116185815577506,0.0,0.0,0.0
090_120,rajendra_nagar_heavy_rain_demo,90,120,1800,RN_DNODE_00155,0.0,1.2574982032304105,1.2574982032304105,RN_DRAIN_00125,2.013400004775711,synthetic_manning_scenario,0.0,1.2574982032304105,0.0,0.0,0.0
090_120,rajendra_nagar_heavy_rain_demo,90,120,1800,RN_DNODE_00476,0.0,0.30124813859248456,0.30124813859248456,RN_DRAIN_00325,0.30124813859248456,synthetic_manning_scenario,0.0,0.30124813859248456,0.0,0.0,0.0
090_120,rajendra_nagar_heavy_rain_demo,90,120,1800,RN_DNODE_00134,0.0,0.19248944506420465,0.19248944506420465,RN_DRAIN_00228,0.5704535696123435,synthetic_manning_scenario,0.0,0.19248944506420465,0.0,0.0,0.0
090_120,rajendra_nagar_heavy_rain_demo,90,120,1800,RN_DNODE_00266,0.09656250635782877,0.3305358790663851,0.42709838542421386,RN_DRAIN_00407,1.4328865124290238,synthetic_manning_scenario,0.0,0.42709838542421386,0.0,0.0,0.0
090_120,rajendra_nagar_heavy_rain_demo,90,120,1800,RN_DNODE_00165,0.0,0.30116185815577506,0.30116185815577506,RN_DRAIN_00402,0.30116185815577506,synthetic_manning_scenario,0.0,0.30116185815577506,0.0,0.0,0.0
090_120,rajendra_nagar_heavy_rain_demo,90,120,1800,RN_DNODE_00176,0.0,1.2574982032304105,1.2574982032304105,RN_DRAIN_00126,0.22798288882636691,synthetic_manning_scenario,0.0,0.22798288882636691,1.0295153144040436,0.0,1853.1275659272785
090_120,rajendra_nagar_heavy_rain_demo,90,120,1800,RN_DNODE_00470,0.4200000286102295,0.30124813859248456,0.721248167202714,RN_DRAIN_00324,0.9125867707273617,synthetic_manning_scenario,0.0,0.721248167202714,0.0,0.0,0.0
090_120,rajendra_nagar_heavy_rain_demo,90,120,1800,RN_DNODE_00150,0.0,0.23842694824311905,0.23842694824311905,RN_DRAIN_00212,1.1484321568452578,synthetic_manning_scenario,0.0,0.23842694824311905,0.0,0.0,0.0
090_120,rajendra_nagar_heavy_rain_demo,90,120,1800,RN_DNODE_00257,0.0,0.42709838542421386,0.42709838542421386,RN_DRAIN_00392,3.3929032105727823,synthetic_manning_scenario,0.0,0.42709838542421386,0.0,0.0,0.0
090_120,rajendra_nagar_heavy_rain_demo,90,120,1800,RN_DNODE_00187,0.0,0.30116185815577506,0.30116185815577506,RN_DRAIN_00389,0.30116185815577506,synthetic_manning_scenario,0.0,0.30116185815577506,0.0,0.0,0.0
090_120,rajendra_nagar_heavy_rain_demo,90,120,1800,RN_DNODE_00202,0.0,0.22798288882636691,0.22798288882636691,RN_DRAIN_00127,0.22798288882636691,synthetic_manning_scenario,0.0,0.22798288882636691,0.0,0.0,0.0
090_120,rajendra_nagar_heavy_rain_demo,90,120,1800,RN_DNODE_00459,0.0,0.721248167202714,0.721248167202714,RN_DRAIN_00311,0.30124813859248456,synthetic_manning_scenario,0.0,0.30124813859248456,0.42000002861022945,0.0,756.000051498413
090_120,rajendra_nagar_heavy_rain_demo,90,120,1800,RN_DNODE_00169,0.0,0.23842694824311905,0.23842694824311905,RN_DRAIN_00213,0.8428809574038368,synthetic_manning_scenario,0.0,0.23842694824311905,0.0,0.0,0.0
090_120,rajendra_nagar_heavy_rain_demo,90,120,1800,RN_DNODE_00236,0.0,0.42709838542421386,0.42709838542421386,RN_DRAIN_00391,2.681528497041292,synthetic_manning_scenario,0.0,0.42709838542421386,0.0,0.0,0.0
090_120,rajendra_nagar_heavy_rain_demo,90,120,1800,RN_DNODE_00455,0.0,0.30124813859248456,0.30124813859248456,RN_DRAIN_00310,0.30124813859248456,synthetic_manning_scenario,0.0,0.30124813859248456,0.0,0.0,0.0
090_120,rajendra_nagar_heavy_rain_demo,90,120,1800,RN_DNODE_00210,0.0,0.728260243579989,0.728260243579989,RN_DRAIN_00381,0.6932713877368187,synthetic_manning_scenario,0.0,0.6932713877368187,0.03498885584317024,0.0,62.97994051770643
090_120,rajendra_nagar_heavy_rain_demo,90,120,1800,RN_DNODE_00447,0.3206250222524007,0.3276256629288045,0.6482506851812052,RN_DRAIN_00309,0.30116185815577506,synthetic_manning_scenario,0.0,0.30116185815577506,0.34708882702543015,0.0,624.7598886457743
090_120,rajendra_nagar_heavy_rain_demo,90,120,1800,RN_DNODE_00211,0.0,0.6932713877368187,0.6932713877368187,RN_DRAIN_00372,0.6932713877368187,synthetic_manning_scenario,0.0,0.6932713877368187,0.0,0.0,0.0
090_120,rajendra_nagar_heavy_rain_demo,90,120,1800,RN_DNODE_00439,0.01593750105963813,0.8889085285633829,0.904846029623021,RN_DRAIN_00323,0.30124813859248456,synthetic_manning_scenario,0.0,0.30124813859248456,0.6035978910305364,0.0,1086.4762038549654
090_120,rajendra_nagar_heavy_rain_demo,90,120,1800,RN_DNODE_00212,0.0,0.6932713877368187,0.6932713877368187,RN_DRAIN_00365,0.6932713877368187,synthetic_manning_scenario,0.0,0.6932713877368187,0.0,0.0,0.0
090_120,rajendra_nagar_heavy_rain_demo,90,120,1800,RN_DNODE_00435,0.09281250635782877,0.3331231407117608,0.4259356470695896,RN_DRAIN_00322,0.30124813859248456,synthetic_manning_scenario,0.0,0.30124813859248456,0.12468750847710502,0.0,224.43751525878903
090_120,rajendra_nagar_heavy_rain_demo,90,120,1800,RN_DNODE_00213,0.0,0.6932713877368187,0.6932713877368187,RN_DRAIN_00357,0.6932713877368187,synthetic_manning_scenario,0.0,0.6932713877368187,0.0,0.0,0.0
090_120,rajendra_nagar_heavy_rain_demo,90,120,1800,RN_DNODE_00429,0.0,0.30124813859248456,0.30124813859248456,RN_DRAIN_00321,0.30116185815577506,synthetic_manning_scenario,0.0,0.30116185815577506,8.628043670949603e-05,0.0,0.15530478607709286
090_120,rajendra_nagar_heavy_rain_demo,90,120,1800,RN_DNODE_00214,0.0,0.6932713877368187,0.6932713877368187,RN_DRAIN_00350,0.6932713877368187,synthetic_manning_scenario,0.0,0.6932713877368187,0.0,0.0,0.0
090_120,rajendra_nagar_heavy_rain_demo,90,120,1800,RN_DNODE_00422,0.0,0.33116186027505135,0.33116186027505135,RN_DRAIN_00343,0.30124813859248456,synthetic_manning_scenario,0.0,0.30124813859248456,0.029913721682566785,0.0,53.84469902862021
090_120,rajendra_nagar_heavy_rain_demo,90,120,1800,RN_DNODE_00215,0.0,0.6932713877368187,0.6932713877368187,RN_DRAIN_00337,0.6928742113147971,synthetic_manning_scenario,0.0,0.6928742113147971,0.00039717642202163894,0.0,0.7149175596389501
090_120,rajendra_nagar_heavy_rain_demo,90,120,1800,RN_DNODE_00413,0.0,0.30124813859248456,0.30124813859248456,RN_DRAIN_00342,0.30107555299333355,synthetic_manning_scenario,0.0,0.30107555299333355,0.00017258559915100946,0.0,0.31065407847181703
090_120,rajendra_nagar_heavy_rain_demo,90,120,1800,RN_DNODE_00216,0.0,0.6928742113147971,0.6928742113147971,RN_DRAIN_00316,0.6932713877368187,synthetic_manning_scenario,0.0,0.6928742113147971,0.0,0.0,0.0
090_120,rajendra_nagar_heavy_rain_demo,90,120,1800,RN_DNODE_00406,0.0,0.30107555299333355,0.30107555299333355,RN_DRAIN_00341,0.30124813859248456,synthetic_manning_scenario,0.0,0.30107555299333355,0.0,0.0,0.0
090_120,rajendra_nagar_heavy_rain_demo,90,120,1800,RN_DNODE_00217,0.0,0.6928742113147971,0.6928742113147971,RN_DRAIN_00301,0.6932713877368187,synthetic_manning_scenario,0.0,0.6928742113147971,0.0,0.0,0.0
090_120,rajendra_nagar_heavy_rain_demo,90,120,1800,RN_DNODE_00394,0.0,0.30107555299333355,0.30107555299333355,RN_DRAIN_00320,0.30124813859248456,synthetic_manning_scenario,0.0,0.30107555299333355,0.0,0.0,0.0
090_120,rajendra_nagar_heavy_rain_demo,90,120,1800,RN_DNODE_00218,0.0,0.7277185116198319,0.7277185116198319,RN_DRAIN_00286,0.6932713877368187,synthetic_manning_scenario,0.0,0.6932713877368187,0.034447123883013187,0.0,62.00482298942374
090_120,rajendra_nagar_heavy_rain_demo,90,120,1800,RN_DNODE_00384,0.0,0.3274530773296535,0.3274530773296535,RN_DRAIN_00319,0.30116185815577506,synthetic_manning_scenario,0.0,0.30116185815577506,0.026291219173878444,0.0,47.3241945129812
090_120,rajendra_nagar_heavy_rain_demo,90,120,1800,RN_DNODE_00219,0.0,0.6932713877368187,0.6932713877368187,RN_DRAIN_00274,0.6932713877368187,synthetic_manning_scenario,0.0,0.6932713877368187,0.0,0.0,0.0
090_120,rajendra_nagar_heavy_rain_demo,90,120,1800,RN_DNODE_00376,0.0,0.36789114319031957,0.36789114319031957,RN_DRAIN_00304,0.30116185815577506,synthetic_manning_scenario,0.0,0.30116185815577506,0.0667292850345445,0.0,120.1127130621801
090_120,rajendra_nagar_heavy_rain_demo,90,120,1800,RN_DNODE_00220,0.0,0.6932713877368187,0.6932713877368187,RN_DRAIN_00260,0.6932713877368187,synthetic_manning_scenario,0.0,0.6932713877368187,0.0,0.0,0.0
090_120,rajendra_nagar_heavy_rain_demo,90,120,1800,RN_DNODE_00371,0.0,0.30116185815577506,0.30116185815577506,RN_DRAIN_00289,0.30116185815577506,synthetic_manning_scenario,0.0,0.30116185815577506,0.0,0.0,0.0
090_120,rajendra_nagar_heavy_rain_demo,90,120,1800,RN_DNODE_00221,0.0,0.6932713877368187,0.6932713877368187,RN_DRAIN_00247,0.6930728279768428,synthetic_manning_scenario,0.0,0.6930728279768428,0.0001985597599759581,0.0,0.35740756795672457
090_120,rajendra_nagar_heavy_rain_demo,90,120,1800,RN_DNODE_00364,1.6125001112620037,0.30116185815577506,1.9136619694177788,RN_DRAIN_00277,0.30116185815577506,synthetic_manning_scenario,0.0,0.30116185815577506,1.6125001112620037,0.0,2902.5002002716064
090_120,rajendra_nagar_heavy_rain_demo,90,120,1800,RN_DNODE_00194,0.0,0.6930728279768428,0.6930728279768428,RN_DRAIN_00231,0.6932713877368187,synthetic_manning_scenario,0.0,0.6930728279768428,0.0,0.0,0.0
090_120,rajendra_nagar_heavy_rain_demo,90,120,1800,RN_DNODE_00358,0.0,0.30116185815577506,0.30116185815577506,RN_DRAIN_00263,0.30124813859248456,synthetic_manning_scenario,0.0,0.30116185815577506,0.0,0.0,0.0
090_120,rajendra_nagar_heavy_rain_demo,90,120,1800,RN_DNODE_00195,0.0,0.6930728279768428,0.6930728279768428,RN_DRAIN_00214,0.6932713877368187,synthetic_manning_scenario,0.0,0.6930728279768428,0.0,0.0,0.0
090_120,rajendra_nagar_heavy_rain_demo,90,120,1800,RN_DNODE_00350,0.0,0.30116185815577506,0.30116185815577506,RN_DRAIN_00249,0.30116185815577506,synthetic_manning_scenario,0.0,0.30116185815577506,0.0,0.0,0.0
090_120,rajendra_nagar_heavy_rain_demo,90,120,1800,RN_DNODE_00196,0.0,0.9314997762199618,0.9314997762199618,RN_DRAIN_00204,0.6932713877368187,synthetic_manning_scenario,0.0,0.6932713877368187,0.2382283884831431,0.0,428.8110992696576
090_120,rajendra_nagar_heavy_rain_demo,90,120,1800,RN_DNODE_00343,0.0,0.39122864792275425,0.39122864792275425,RN_DRAIN_00234,0.30116185815577506,synthetic_manning_scenario,0.0,0.30116185815577506,0.09006678976697918,0.0,162.12022158056254
090_120,rajendra_nagar_heavy_rain_demo,90,120,1800,RN_DNODE_00197,4.739062841203477,0.730771389856095,5.469834231059572,RN_DRAIN_00191,0.6928742113147971,synthetic_manning_scenario,0.0,0.6928742113147971,4.776960019744775,0.0,8598.528035540594
090_120,rajendra_nagar_heavy_rain_demo,90,120,1800,RN_DNODE_00332,0.0,0.30116185815577506,0.30116185815577506,RN_DRAIN_00217,0.30116185815577506,synthetic_manning_scenario,0.0,0.30116185815577506,0.0,0.0,0.0
090_120,rajendra_nagar_heavy_rain_demo,90,120,1800,RN_DNODE_00198,0.0,0.6928742113147971,0.6928742113147971,RN_DRAIN_00179,0.6932713877368187,synthetic_manning_scenario,0.0,0.6928742113147971,0.0,0.0,0.0
090_120,rajendra_nagar_heavy_rain_demo,90,120,1800,RN_DNODE_00317,0.0,0.30116185815577506,0.30116185815577506,RN_DRAIN_00207,0.30124813859248456,synthetic_manning_scenario,0.0,0.30116185815577506,0.0,0.0,0.0
090_120,rajendra_nagar_heavy_rain_demo,90,120,1800,RN_DNODE_00199,0.0,0.7088117123744352,0.7088117123744352,RN_DRAIN_00164,0.6932713877368187,synthetic_manning_scenario,0.0,0.6932713877368187,0.015540324637616454,0.0,27.972584347709617
090_120,rajendra_nagar_heavy_rain_demo,90,120,1800,RN_DNODE_00318,0.8587500593397352,0.327539382492095,1.1862894418318302,RN_DRAIN_00194,0.30116185815577506,synthetic_manning_scenario,0.0,0.30116185815577506,0.885127583676055,0.0,1593.229650616899
090_120,rajendra_nagar_heavy_rain_demo,90,120,1800,RN_DNODE_00200,0.0,0.6932713877368187,0.6932713877368187,RN_DRAIN_00157,0.6932713877368187,synthetic_manning_scenario,0.0,0.6932713877368187,0.0,0.0,0.0
090_120,rajendra_nagar_heavy_rain_demo,90,120,1800,RN_DNODE_00301,0.0,0.33601614107104333,0.33601614107104333,RN_DRAIN_00181,0.30124813859248456,synthetic_manning_scenario,0.0,0.30124813859248456,0.03476800247855877,0.0,62.58240446140578
090_120,rajendra_nagar_heavy_rain_demo,90,120,1800,RN_DNODE_00201,0.0,0.7281156880418536,0.7281156880418536,RN_DRAIN_00140,0.6930728279768428,synthetic_manning_scenario,0.0,0.6930728279768428,0.035042860065010784,0.0,63.07714811701941
090_120,rajendra_nagar_heavy_rain_demo,90,120,1800,RN_DNODE_00302,0.0,0.3360924388975194,0.3360924388975194,RN_DRAIN_00167,0.30124813859248456,synthetic_manning_scenario,0.0,0.30124813859248456,0.034844300305034825,0.0,62.719740549062685
090_120,rajendra_nagar_heavy_rain_demo,90,120,1800,RN_DNODE_00228,0.0,0.9210557168032096,0.9210557168032096,RN_DRAIN_00128,0.6932713877368187,synthetic_manning_scenario,0.0,0.6932713877368187,0.2277843290663909,0.0,410.0117923195036
090_120,rajendra_nagar_heavy_rain_demo,90,120,1800,RN_DNODE_00303,0.0,0.3360924388975194,0.3360924388975194,RN_DRAIN_00158,0.7879109747337706,synthetic_manning_scenario,0.0,0.3360924388975194,0.0,0.0,0.0
090_120,rajendra_nagar_heavy_rain_demo,90,120,1800,RN_DNODE_00229,0.0,0.6932713877368187,0.6932713877368187,RN_DRAIN_00114,0.6930728279768428,synthetic_manning_scenario,0.0,0.6930728279768428,0.0001985597599759581,0.0,0.35740756795672457
090_120,rajendra_nagar_heavy_rain_demo,90,120,1800,RN_DNODE_00288,0.18000001165601942,0.3360924388975194,0.5160924505535388,RN_DRAIN_00141,1.2603351041610837,synthetic_manning_scenario,0.0,0.5160924505535388,0.0,0.0,0.0
090_120,rajendra_nagar_heavy_rain_demo,90,120,1800,RN_DNODE_00249,0.0,0.6930728279768428,0.6930728279768428,RN_DRAIN_00095,0.6932713877368187,synthetic_manning_scenario,0.0,0.6930728279768428,0.0,0.0,0.0
090_120,rajendra_nagar_heavy_rain_demo,90,120,1800,RN_DNODE_00304,0.061875004238552515,0.5479674526728151,0.6098424569113676,RN_DRAIN_00130,1.0620185911123488,synthetic_manning_scenario,0.0,0.6098424569113676,0.0,0.0,0.0
090_120,rajendra_nagar_heavy_rain_demo,90,120,1800,RN_DNODE_00250,0.0,0.6930728279768428,0.6930728279768428,RN_DRAIN_00075,0.6932713877368187,synthetic_manning_scenario,0.0,0.6930728279768428,0.0,0.0,0.0
090_120,rajendra_nagar_heavy_rain_demo,90,120,1800,RN_DNODE_00321,0.0,0.7658884957021435,0.7658884957021435,RN_DRAIN_00116,2.2522932556240725,synthetic_manning_scenario,0.0,0.7658884957021435,0.0,0.0,0.0
090_120,rajendra_nagar_heavy_rain_demo,90,120,1800,RN_DNODE_00251,0.0,0.6930728279768428,0.6930728279768428,RN_DRAIN_00066,0.6930728279768428,synthetic_manning_scenario,0.0,0.6930728279768428,0.0,0.0,0.0
090_120,rajendra_nagar_heavy_rain_demo,90,120,1800,RN_DNODE_00335,0.0,0.7658884957021435,0.7658884957021435,RN_DRAIN_00097,0.30124813859248456,synthetic_manning_scenario,0.0,0.30124813859248456,0.4646403571096589,0.0,836.352642797386
090_120,rajendra_nagar_heavy_rain_demo,90,120,1800,RN_DNODE_00259,0.0,0.6930728279768428,0.6930728279768428,RN_DRAIN_00058,0.6932713877368187,synthetic_manning_scenario,0.0,0.6930728279768428,0.0,0.0,0.0
090_120,rajendra_nagar_heavy_rain_demo,90,120,1800,RN_DNODE_00336,0.0,0.30124813859248456,0.30124813859248456,RN_DRAIN_00076,0.30124813859248456,synthetic_manning_scenario,0.0,0.30124813859248456,0.0,0.0,0.0
090_120,rajendra_nagar_heavy_rain_demo,90,120,1800,RN_DNODE_00260,0.0,0.6930728279768428,0.6930728279768428,RN_DRAIN_00048,0.6930728279768428,synthetic_manning_scenario,0.0,0.6930728279768428,0.0,0.0,0.0
090_120,rajendra_nagar_heavy_rain_demo,90,120,1800,RN_DNODE_00337,0.0,0.30124813859248456,0.30124813859248456,RN_DRAIN_00068,0.30116185815577506,synthetic_manning_scenario,0.0,0.30116185815577506,8.628043670949603e-05,0.0,0.15530478607709286
090_120,rajendra_nagar_heavy_rain_demo,90,120,1800,RN_DNODE_00269,0.0,0.6930728279768428,0.6930728279768428,RN_DRAIN_00038,0.6932713877368187,synthetic_manning_scenario,0.0,0.6930728279768428,0.0,0.0,0.0
090_120,rajendra_nagar_heavy_rain_demo,90,120,1800,RN_DNODE_00323,0.0,0.30116185815577506,0.30116185815577506,RN_DRAIN_00060,0.48544832877206306,synthetic_manning_scenario,0.0,0.30116185815577506,0.0,0.0,0.0
090_120,rajendra_nagar_heavy_rain_demo,90,120,1800,RN_DNODE_00270,0.0,0.6930728279768428,0.6930728279768428,RN_DRAIN_00030,0.6930728279768428,synthetic_manning_scenario,0.0,0.6930728279768428,0.0,0.0,0.0
090_120,rajendra_nagar_heavy_rain_demo,90,120,1800,RN_DNODE_00305,0.0,0.30116185815577506,0.30116185815577506,RN_DRAIN_00050,2.4483706462315302,synthetic_manning_scenario,0.0,0.30116185815577506,0.0,0.0,0.0
090_120,rajendra_nagar_heavy_rain_demo,90,120,1800,RN_DNODE_00277,0.0,0.6930728279768428,0.6930728279768428,RN_DRAIN_00024,0.6932713877368187,synthetic_manning_scenario,0.0,0.6930728279768428,0.0,0.0,0.0
090_120,rajendra_nagar_heavy_rain_demo,90,120,1800,RN_DNODE_00306,0.0,0.30116185815577506,0.30116185815577506,RN_DRAIN_00042,1.8445915058171303,synthetic_manning_scenario,0.0,0.30116185815577506,0.0,0.0,0.0
090_120,rajendra_nagar_heavy_rain_demo,90,120,1800,RN_DNODE_00291,0.0,0.30116185815577506,0.30116185815577506,RN_DRAIN_00033,0.4733596812607943,synthetic_manning_scenario,0.0,0.30116185815577506,0.0,0.0,0.0
090_120,rajendra_nagar_heavy_rain_demo,90,120,1800,RN_DNODE_00292,0.0,0.30116185815577506,0.30116185815577506,RN_DRAIN_00026,0.22798288882636691,synthetic_manning_scenario,0.0,0.22798288882636691,0.07317896932940815,0.0,131.72214479293467
090_120,rajendra_nagar_heavy_rain_demo,90,120,1800,RN_DNODE_00283,0.0,0.9210557168032096,0.9210557168032096,RN_DRAIN_00012,0.6930728279768428,synthetic_manning_scenario,0.0,0.6930728279768428,0.22798288882636686,0.0,410.36919988746035
090_120,rajendra_nagar_heavy_rain_demo,90,120,1800,RN_DNODE_00294,0.0,0.6930728279768428,0.6930728279768428,RN_DRAIN_00007,0.6930728279768428,synthetic_manning_scenario,0.0,0.6930728279768428,0.0,0.0,0.0
090_120,rajendra_nagar_heavy_rain_demo,90,120,1800,RN_DNODE_00311,0.0,0.6930728279768428,0.6930728279768428,RN_DRAIN_00001,0.9581402312180723,synthetic_manning_scenario,0.0,0.6930728279768428,0.0,0.0,0.0
090_120,rajendra_nagar_heavy_rain_demo,90,120,1800,RN_DNODE_00312,0.0,0.6930728279768428,0.6930728279768428,,,,,0.0,0.0,0.6930728279768428,0.0
120_150,rajendra_nagar_heavy_rain_demo,120,150,1800,RN_DNODE_00325,0.0,0.0,0.0,RN_DRAIN_00002,0.04832921076750425,synthetic_manning_scenario,0.0,0.0,0.0,0.0,0.0
120_150,rajendra_nagar_heavy_rain_demo,120,150,1800,RN_DNODE_00338,0.0,0.0,0.0,RN_DRAIN_00003,0.03117685014218198,synthetic_manning_scenario,0.0,0.0,0.0,0.0,0.0
120_150,rajendra_nagar_heavy_rain_demo,120,150,1800,RN_DNODE_00441,0.04743750254313151,0.0,0.04743750254313151,RN_DRAIN_00005,0.02637752433631995,synthetic_manning_scenario,0.0,0.02637752433631995,0.02105997820681156,0.0,37.90796077226081
120_150,rajendra_nagar_heavy_rain_demo,120,150,1800,RN_DNODE_00310,0.0,0.0,0.0,RN_DRAIN_00008,0.03485428291526828,synthetic_manning_scenario,0.0,0.0,0.0,0.0,0.0
120_150,rajendra_nagar_heavy_rain_demo,120,150,1800,RN_DNODE_00324,0.0,0.0,0.0,RN_DRAIN_00009,0.02637752433631995,synthetic_manning_scenario,0.0,0.0,0.0,0.0,0.0
120_150,rajendra_nagar_heavy_rain_demo,120,150,1800,RN_DNODE_00293,0.0,0.0,0.0,RN_DRAIN_00013,0.03485428291526828,synthetic_manning_scenario,0.0,0.0,0.0,0.0,0.0
120_150,rajendra_nagar_heavy_rain_demo,120,150,1800,RN_DNODE_00309,0.0,0.0,0.0,RN_DRAIN_00014,0.02637752433631995,synthetic_manning_scenario,0.0,0.0,0.0,0.0,0.0
120_150,rajendra_nagar_heavy_rain_demo,120,150,1800,RN_DNODE_00495,0.0,0.0,0.0,RN_DRAIN_00023,0.02637752433631995,synthetic_manning_scenario,0.0,0.0,0.0,0.0,0.0
120_150,rajendra_nagar_heavy_rain_demo,120,150,1800,RN_DNODE_00282,0.0,0.0,0.0,RN_DRAIN_00025,0.03485428291526828,synthetic_manning_scenario,0.0,0.0,0.0,0.0,0.0
120_150,rajendra_nagar_heavy_rain_demo,120,150,1800,RN_DNODE_00308,0.0,0.0,0.0,RN_DRAIN_00027,0.09079004401073118,synthetic_manning_scenario,0.0,0.0,0.0,0.0,0.0
120_150,rajendra_nagar_heavy_rain_demo,120,150,1800,RN_DNODE_00276,0.0,0.0,0.0,RN_DRAIN_00031,0.03483431483404455,synthetic_manning_scenario,0.0,0.0,0.0,0.0,0.0
120_150,rajendra_nagar_heavy_rain_demo,120,150,1800,RN_DNODE_00281,0.0,0.0,0.0,RN_DRAIN_00032,0.02637752433631995,synthetic_manning_scenario,0.0,0.0,0.0,0.0,0.0
120_150,rajendra_nagar_heavy_rain_demo,120,150,1800,RN_DNODE_00307,0.0,0.0,0.0,RN_DRAIN_00034,0.14733919378536192,synthetic_manning_scenario,0.0,0.0,0.0,0.0,0.0
120_150,rajendra_nagar_heavy_rain_demo,120,150,1800,RN_DNODE_00261,0.0,0.0,0.0,RN_DRAIN_00037,0.03484430030503481,synthetic_manning_scenario,0.0,0.0,0.0,0.0,0.0
120_150,rajendra_nagar_heavy_rain_demo,120,150,1800,RN_DNODE_00275,0.0,0.0,0.0,RN_DRAIN_00039,0.02637752433631995,synthetic_manning_scenario,0.0,0.0,0.0,0.0,0.0
120_150,rajendra_nagar_heavy_rain_demo,120,150,1800,RN_DNODE_00280,0.0,0.0,0.0,RN_DRAIN_00040,0.11520064788280598,synthetic_manning_scenario,0.0,0.0,0.0,0.0,0.0
120_150,rajendra_nagar_heavy_rain_demo,120,150,1800,RN_DNODE_00290,0.0,0.0,0.0,RN_DRAIN_00041,0.23403717670292817,synthetic_manning_scenario,0.0,0.0,0.0,0.0,0.0
120_150,rajendra_nagar_heavy_rain_demo,120,150,1800,RN_DNODE_00035,0.0,0.0,0.0,RN_DRAIN_00045,0.15492389313383287,synthetic_manning_scenario,0.0,0.0,0.0,0.0,0.0
120_150,rajendra_nagar_heavy_rain_demo,120,150,1800,RN_DNODE_00042,0.0,0.0,0.0,RN_DRAIN_00046,0.03485428291526828,synthetic_manning_scenario,0.0,0.0,0.0,0.0,0.0
120_150,rajendra_nagar_heavy_rain_demo,120,150,1800,RN_DNODE_00253,0.0,0.0,0.0,RN_DRAIN_00047,0.02637752433631995,synthetic_manning_scenario,0.0,0.0,0.0,0.0,0.0
120_150,rajendra_nagar_heavy_rain_demo,120,150,1800,RN_DNODE_00268,0.0,0.0,0.0,RN_DRAIN_00049,0.03485428291526828,synthetic_manning_scenario,0.0,0.0,0.0,0.0,0.0
120_150,rajendra_nagar_heavy_rain_demo,120,150,1800,RN_DNODE_00417,0.04528125021192762,0.0,0.04528125021192762,RN_DRAIN_00051,0.11248088992987894,synthetic_manning_scenario,0.0,0.04528125021192762,0.0,0.0,0.0
120_150,rajendra_nagar_heavy_rain_demo,120,150,1800,RN_DNODE_00034,0.012218750847710503,0.0,0.012218750847710503,RN_DRAIN_00054,0.08940774616670524,synthetic_manning_scenario,0.0,0.012218750847710503,0.0,0.0,0.0
120_150,rajendra_nagar_heavy_rain_demo,120,150,1800,RN_DNODE_00082,0.0,0.0,0.0,RN_DRAIN_00056,0.03485428291526828,synthetic_manning_scenario,0.0,0.0,0.0,0.0,0.0
120_150,rajendra_nagar_heavy_rain_demo,120,150,1800,RN_DNODE_00252,0.0,0.0,0.0,RN_DRAIN_00057,0.02637752433631995,synthetic_manning_scenario,0.0,0.0,0.0,0.0,0.0
120_150,rajendra_nagar_heavy_rain_demo,120,150,1800,RN_DNODE_00267,0.0,0.0,0.0,RN_DRAIN_00059,0.02637752433631995,synthetic_manning_scenario,0.0,0.0,0.0,0.0,0.0
120_150,rajendra_nagar_heavy_rain_demo,120,150,1800,RN_DNODE_00503,0.024437501695421006,0.0,0.024437501695421006,RN_DRAIN_00062,0.03485428291526828,synthetic_manning_scenario,0.0,0.024437501695421006,0.0,0.0,0.0
120_150,rajendra_nagar_heavy_rain_demo,120,150,1800,RN_DNODE_00258,0.0,0.0,0.0,RN_DRAIN_00067,0.03485428291526828,synthetic_manning_scenario,0.0,0.0,0.0,0.0,0.0
120_150,rajendra_nagar_heavy_rain_demo,120,150,1800,RN_DNODE_00415,0.35146876441107855,0.0,0.35146876441107855,RN_DRAIN_00069,0.13572767824149176,synthetic_manning_scenario,0.0,0.13572767824149176,0.2157410861695868,0.0,388.3339551052562
120_150,rajendra_nagar_heavy_rain_demo,120,150,1800,RN_DNODE_00533,0.0,0.0,0.0,RN_DRAIN_00079,0.03485428291526828,synthetic_manning_scenario,0.0,0.0,0.0,0.0,0.0
120_150,rajendra_nagar_heavy_rain_demo,120,150,1800,RN_DNODE_00534,0.0,0.0,0.0,RN_DRAIN_00080,0.02637752433631995,synthetic_manning_scenario,0.0,0.0,0.0,0.0,0.0
120_150,rajendra_nagar_heavy_rain_demo,120,150,1800,RN_DNODE_00139,0.0,0.0,0.0,RN_DRAIN_00092,0.17503430320954919,synthetic_manning_scenario,0.0,0.0,0.0,0.0,0.0
120_150,rajendra_nagar_heavy_rain_demo,120,150,1800,RN_DNODE_00204,0.0,0.0,0.0,RN_DRAIN_00093,0.03484430030503481,synthetic_manning_scenario,0.0,0.0,0.0,0.0,0.0
120_150,rajendra_nagar_heavy_rain_demo,120,150,1800,RN_DNODE_00230,0.0,0.0,0.0,RN_DRAIN_00094,0.03484430030503481,synthetic_manning_scenario,0.0,0.0,0.0,0.0,0.0
120_150,rajendra_nagar_heavy_rain_demo,120,150,1800,RN_DNODE_00322,0.0,0.0,0.0,RN_DRAIN_00096,0.2205372423203837,synthetic_manning_scenario,0.0,0.0,0.0,0.0,0.0
120_150,rajendra_nagar_heavy_rain_demo,120,150,1800,RN_DNODE_00367,0.0,0.0,0.0,RN_DRAIN_00101,0.11429110698380826,synthetic_manning_scenario,0.0,0.0,0.0,0.0,0.0
120_150,rajendra_nagar_heavy_rain_demo,120,150,1800,RN_DNODE_00524,0.0,0.0,0.0,RN_DRAIN_00103,0.03485428291526828,synthetic_manning_scenario,0.0,0.0,0.0,0.0,0.0
120_150,rajendra_nagar_heavy_rain_demo,120,150,1800,RN_DNODE_00114,0.023000000847710502,0.0,0.023000000847710502,RN_DRAIN_00108,0.05279460013290454,synthetic_manning_scenario,0.0,0.023000000847710502,0.0,0.0,0.0
120_150,rajendra_nagar_heavy_rain_demo,120,150,1800,RN_DNODE_00126,0.0,0.0,0.0,RN_DRAIN_00109,0.216149286911403,synthetic_manning_scenario,0.0,0.0,0.0,0.0,0.0
120_150,rajendra_nagar_heavy_rain_demo,120,150,1800,RN_DNODE_00156,0.0,0.0,0.0,RN_DRAIN_00111,0.2471983594008618,synthetic_manning_scenario,0.0,0.0,0.0,0.0,0.0
120_150,rajendra_nagar_heavy_rain_demo,120,150,1800,RN_DNODE_00177,0.0,0.0,0.0,RN_DRAIN_00112,0.02637752433631995,synthetic_manning_scenario,0.0,0.0,0.0,0.0,0.0
120_150,rajendra_nagar_heavy_rain_demo,120,150,1800,RN_DNODE_00248,0.0,0.0,0.0,RN_DRAIN_00115,0.03485428291526828,synthetic_manning_scenario,0.0,0.0,0.0,0.0,0.0
120_150,rajendra_nagar_heavy_rain_demo,120,150,1800,RN_DNODE_00334,0.0,0.0,0.0,RN_DRAIN_00117,0.2898108574113625,synthetic_manning_scenario,0.0,0.0,0.0,0.0,0.0
120_150,rajendra_nagar_heavy_rain_demo,120,150,1800,RN_DNODE_00366,0.0,0.0,0.0,RN_DRAIN_00118,0.20580724239131704,synthetic_manning_scenario,0.0,0.0,0.0,0.0,0.0
120_150,rajendra_nagar_heavy_rain_demo,120,150,1800,RN_DNODE_00539,0.0,0.0,0.0,RN_DRAIN_00120,0.03485428291526828,synthetic_manning_scenario,0.0,0.0,0.0,0.0,0.0
120_150,rajendra_nagar_heavy_rain_demo,120,150,1800,RN_DNODE_00056,0.0,0.0,0.0,RN_DRAIN_00123,0.03484430030503481,synthetic_manning_scenario,0.0,0.0,0.0,0.0,0.0
120_150,rajendra_nagar_heavy_rain_demo,120,150,1800,RN_DNODE_00137,0.0,0.0,0.0,RN_DRAIN_00124,0.24465918118318086,synthetic_manning_scenario,0.0,0.0,0.0,0.0,0.0
120_150,rajendra_nagar_heavy_rain_demo,120,150,1800,RN_DNODE_00289,0.024437501695421006,0.0,0.024437501695421006,RN_DRAIN_00129,0.12733816465846753,synthetic_manning_scenario,0.0,0.024437501695421006,0.0,0.0,0.0
120_150,rajendra_nagar_heavy_rain_demo,120,150,1800,RN_DNODE_00471,0.02515625105963813,0.0,0.02515625105963813,RN_DRAIN_00133,0.03485428291526828,synthetic_manning_scenario,0.0,0.02515625105963813,0.0,0.0,0.0
120_150,rajendra_nagar_heavy_rain_demo,120,150,1800,RN_DNODE_00038,0.024437501695421006,0.0,0.024437501695421006,RN_DRAIN_00136,0.02637752433631995,synthetic_manning_scenario,0.0,0.024437501695421006,0.0,0.0,0.0
120_150,rajendra_nagar_heavy_rain_demo,120,150,1800,RN_DNODE_00047,0.012218750847710503,0.0,0.012218750847710503,RN_DRAIN_00137,0.02637752433631995,synthetic_manning_scenario,0.0,0.012218750847710503,0.0,0.0,0.0
120_150,rajendra_nagar_heavy_rain_demo,120,150,1800,RN_DNODE_00154,0.0,0.0,0.0,RN_DRAIN_00138,0.1774601738083829,synthetic_manning_scenario,0.0,0.0,0.0,0.0,0.0
120_150,rajendra_nagar_heavy_rain_demo,120,150,1800,RN_DNODE_00175,0.0,0.0,0.0,RN_DRAIN_00139,0.02637752433631995,synthetic_manning_scenario,0.0,0.0,0.0,0.0,0.0
120_150,rajendra_nagar_heavy_rain_demo,120,150,1800,RN_DNODE_00001,0.0,0.0,0.0,RN_DRAIN_00148,0.23026234147550612,synthetic_manning_scenario,0.0,0.0,0.0,0.0,0.0
120_150,rajendra_nagar_heavy_rain_demo,120,150,1800,RN_DNODE_00173,0.0,0.0,0.0,RN_DRAIN_00163,0.03484430030503481,synthetic_manning_scenario,0.0,0.0,0.0,0.0,0.0
120_150,rajendra_nagar_heavy_rain_demo,120,150,1800,RN_DNODE_00227,0.0,0.0,0.0,RN_DRAIN_00165,0.03484430030503481,synthetic_manning_scenario,0.0,0.0,0.0,0.0,0.0
120_150,rajendra_nagar_heavy_rain_demo,120,150,1800,RN_DNODE_00287,0.03665625254313151,0.0,0.03665625254313151,RN_DRAIN_00166,0.03484430030503481,synthetic_manning_scenario,0.0,0.03484430030503481,0.0018119522380967007,0.0,3.2615140285740614
120_150,rajendra_nagar_heavy_rain_demo,120,150,1800,RN_DNODE_00320,0.0,0.0,0.0,RN_DRAIN_00168,0.03484430030503481,synthetic_manning_scenario,0.0,0.0,0.0,0.0,0.0
120_150,rajendra_nagar_heavy_rain_demo,120,150,1800,RN_DNODE_00437,0.35793751610649954,0.0,0.35793751610649954,RN_DRAIN_00172,0.05158812602898853,synthetic_manning_scenario,0.0,0.05158812602898853,0.306349390077511,0.0,551.4289021395198
120_150,rajendra_nagar_heavy_rain_demo,120,150,1800,RN_DNODE_00071,0.24078125953674318,0.0,0.24078125953674318,RN_DRAIN_00174,0.14154681932172938,synthetic_manning_scenario,0.0,0.14154681932172938,0.09923444021501379,0.0,178.62199238702482
120_150,rajendra_nagar_heavy_rain_demo,120,150,1800,RN_DNODE_00226,0.0,0.0,0.0,RN_DRAIN_00180,0.03484430030503481,synthetic_manning_scenario,0.0,0.0,0.0,0.0,0.0
120_150,rajendra_nagar_heavy_rain_demo,120,150,1800,RN_DNODE_00319,0.03737500190734863,0.0,0.03737500190734863,RN_DRAIN_00182,0.03484430030503481,synthetic_manning_scenario,0.0,0.03484430030503481,0.00253070160231382,0.0,4.555262884164876
120_150,rajendra_nagar_heavy_rain_demo,120,150,1800,RN_DNODE_00152,0.012218750847710503,0.0,0.012218750847710503,RN_DRAIN_00189,0.2781184424317617,synthetic_manning_scenario,0.0,0.012218750847710503,0.0,0.0,0.0
120_150,rajendra_nagar_heavy_rain_demo,120,150,1800,RN_DNODE_00171,0.012218750847710503,0.0,0.012218750847710503,RN_DRAIN_00190,0.21513777926228358,synthetic_manning_scenario,0.0,0.012218750847710503,0.0,0.0,0.0
120_150,rajendra_nagar_heavy_rain_demo,120,150,1800,RN_DNODE_00225,0.016531251271565756,0.0,0.016531251271565756,RN_DRAIN_00192,0.02637752433631995,synthetic_manning_scenario,0.0,0.016531251271565756,0.0,0.0,0.0
120_150,rajendra_nagar_heavy_rain_demo,120,150,1800,RN_DNODE_00300,0.03737500190734863,0.0,0.03737500190734863,RN_DRAIN_00193,0.03485428291526828,synthetic_manning_scenario,0.0,0.03485428291526828,0.0025207189920803535,0.0,4.537294185744637
120_150,rajendra_nagar_heavy_rain_demo,120,150,1800,RN_DNODE_00490,0.0,0.0,0.0,RN_DRAIN_00196,0.038632043432786596,synthetic_manning_scenario,0.0,0.0,0.0,0.0,0.0
120_150,rajendra_nagar_heavy_rain_demo,120,150,1800,RN_DNODE_00002,0.0,0.0,0.0,RN_DRAIN_00197,0.02637752433631995,synthetic_manning_scenario,0.0,0.0,0.0,0.0,0.0
120_150,rajendra_nagar_heavy_rain_demo,120,150,1800,RN_DNODE_00135,0.035218751695421005,0.0,0.035218751695421005,RN_DRAIN_00201,0.14808812947220454,synthetic_manning_scenario,0.0,0.035218751695421005,0.0,0.0,0.0
120_150,rajendra_nagar_heavy_rain_demo,120,150,1800,RN_DNODE_00151,0.0,0.0,0.0,RN_DRAIN_00202,0.22523069736860887,synthetic_manning_scenario,0.0,0.0,0.0,0.0,0.0
120_150,rajendra_nagar_heavy_rain_demo,120,150,1800,RN_DNODE_00170,0.0,0.0,0.0,RN_DRAIN_00203,0.22622629578712322,synthetic_manning_scenario,0.0,0.0,0.0,0.0,0.0
120_150,rajendra_nagar_heavy_rain_demo,120,150,1800,RN_DNODE_00224,0.0,0.0,0.0,RN_DRAIN_00205,0.03485428291526828,synthetic_manning_scenario,0.0,0.0,0.0,0.0,0.0
120_150,rajendra_nagar_heavy_rain_demo,120,150,1800,RN_DNODE_00299,0.04959375275505914,0.0,0.04959375275505914,RN_DRAIN_00206,0.02637752433631995,synthetic_manning_scenario,0.0,0.02637752433631995,0.023216228418739188,0.0,41.78921115373054
120_150,rajendra_nagar_heavy_rain_demo,120,150,1800,RN_DNODE_00359,0.2630625131395128,0.0,0.2630625131395128,RN_DRAIN_00208,0.09006678976697921,synthetic_manning_scenario,0.0,0.09006678976697921,0.17299572337253358,0.0,311.39230207056045
120_150,rajendra_nagar_heavy_rain_demo,120,150,1800,RN_DNODE_00124,0.0,0.0,0.0,RN_DRAIN_00211,0.02637752433631995,synthetic_manning_scenario,0.0,0.0,0.0,0.0,0.0
120_150,rajendra_nagar_heavy_rain_demo,120,150,1800,RN_DNODE_00223,0.0,0.0,0.0,RN_DRAIN_00215,0.03484430030503481,synthetic_manning_scenario,0.0,0.0,0.0,0.0,0.0
120_150,rajendra_nagar_heavy_rain_demo,120,150,1800,RN_DNODE_00316,0.0,0.0,0.0,RN_DRAIN_00216,0.03485428291526828,synthetic_manning_scenario,0.0,0.0,0.0,0.0,0.0
120_150,rajendra_nagar_heavy_rain_demo,120,150,1800,RN_DNODE_00546,0.3248750072055393,0.0,0.3248750072055393,RN_DRAIN_00219,0.07396532506289491,synthetic_manning_scenario,0.0,0.07396532506289491,0.2509096821426444,0.0,451.6374278567599
120_150,rajendra_nagar_heavy_rain_demo,120,150,1800,RN_DNODE_00022,0.06181250360276964,0.0,0.06181250360276964,RN_DRAIN_00221,0.03485428291526828,synthetic_manning_scenario,0.0,0.03485428291526828,0.02695822068750136,0.0,48.52479723750245
120_150,rajendra_nagar_heavy_rain_demo,120,150,1800,RN_DNODE_00149,0.0,0.0,0.0,RN_DRAIN_00229,0.11345402204017847,synthetic_manning_scenario,0.0,0.0,0.0,0.0,0.0
120_150,rajendra_nagar_heavy_rain_demo,120,150,1800,RN_DNODE_00168,0.0,0.0,0.0,RN_DRAIN_00230,0.2627180237045502,synthetic_manning_scenario,0.0,0.0,0.0,0.0,0.0
120_150,rajendra_nagar_heavy_rain_demo,120,150,1800,RN_DNODE_00222,0.0,0.0,0.0,RN_DRAIN_00232,0.03484430030503481,synthetic_manning_scenario,0.0,0.0,0.0,0.0,0.0
120_150,rajendra_nagar_heavy_rain_demo,120,150,1800,RN_DNODE_00331,0.0,0.0,0.0,RN_DRAIN_00233,0.03485428291526828,synthetic_manning_scenario,0.0,0.0,0.0,0.0,0.0
120_150,rajendra_nagar_heavy_rain_demo,120,150,1800,RN_DNODE_00351,0.0,0.0,0.0,RN_DRAIN_00235,0.03485428291526828,synthetic_manning_scenario,0.0,0.0,0.0,0.0,0.0
120_150,rajendra_nagar_heavy_rain_demo,120,150,1800,RN_DNODE_00556,0.04743750254313151,0.0,0.04743750254313151,RN_DRAIN_00238,0.03484430030503481,synthetic_manning_scenario,0.0,0.03484430030503481,0.0125932022380967,0.0,22.66776402857406
120_150,rajendra_nagar_heavy_rain_demo,120,150,1800,RN_DNODE_00014,0.0,0.0,0.0,RN_DRAIN_00239,0.02637752433631995,synthetic_manning_scenario,0.0,0.0,0.0,0.0,0.0
120_150,rajendra_nagar_heavy_rain_demo,120,150,1800,RN_DNODE_00065,0.0,0.0,0.0,RN_DRAIN_00242,0.03485428291526828,synthetic_manning_scenario,0.0,0.0,0.0,0.0,0.0
120_150,rajendra_nagar_heavy_rain_demo,120,150,1800,RN_DNODE_00076,0.0,0.0,0.0,RN_DRAIN_00244,0.03484430030503481,synthetic_manning_scenario,0.0,0.0,0.0,0.0,0.0
120_150,rajendra_nagar_heavy_rain_demo,120,150,1800,RN_DNODE_00085,0.0,0.0,0.0,RN_DRAIN_00245,0.03484430030503481,synthetic_manning_scenario,0.0,0.0,0.0,0.0,0.0
120_150,rajendra_nagar_heavy_rain_demo,120,150,1800,RN_DNODE_00193,0.0,0.0,0.0,RN_DRAIN_00246,0.03485428291526828,synthetic_manning_scenario,0.0,0.0,0.0,0.0,0.0
120_150,rajendra_nagar_heavy_rain_demo,120,150,1800,RN_DNODE_00342,0.0,0.0,0.0,RN_DRAIN_00248,0.03485428291526828,synthetic_manning_scenario,0.0,0.0,0.0,0.0,0.0
120_150,rajendra_nagar_heavy_rain_demo,120,150,1800,RN_DNODE_00247,0.0,0.0,0.0,RN_DRAIN_00261,0.02637752433631995,synthetic_manning_scenario,0.0,0.0,0.0,0.0,0.0
120_150,rajendra_nagar_heavy_rain_demo,120,150,1800,RN_DNODE_00349,0.0,0.0,0.0,RN_DRAIN_00262,0.03485428291526828,synthetic_manning_scenario,0.0,0.0,0.0,0.0,0.0
120_150,rajendra_nagar_heavy_rain_demo,120,150,1800,RN_DNODE_00054,0.0,0.0,0.0,RN_DRAIN_00272,0.16663623912470468,synthetic_manning_scenario,0.0,0.0,0.0,0.0,0.0
120_150,rajendra_nagar_heavy_rain_demo,120,150,1800,RN_DNODE_00063,0.0,0.0,0.0,RN_DRAIN_00273,0.11852287889848324,synthetic_manning_scenario,0.0,0.0,0.0,0.0,0.0
120_150,rajendra_nagar_heavy_rain_demo,120,150,1800,RN_DNODE_00246,0.0,0.0,0.0,RN_DRAIN_00275,0.03484430030503481,synthetic_manning_scenario,0.0,0.0,0.0,0.0,0.0
120_150,rajendra_nagar_heavy_rain_demo,120,150,1800,RN_DNODE_00357,0.0,0.0,0.0,RN_DRAIN_00276,0.03483431483404455,synthetic_manning_scenario,0.0,0.0,0.0,0.0,0.0
120_150,rajendra_nagar_heavy_rain_demo,120,150,1800,RN_DNODE_00372,0.0,0.0,0.0,RN_DRAIN_00278,0.03485428291526828,synthetic_manning_scenario,0.0,0.0,0.0,0.0,0.0
120_150,rajendra_nagar_heavy_rain_demo,120,150,1800,RN_DNODE_00541,0.0,0.0,0.0,RN_DRAIN_00280,0.03484430030503481,synthetic_manning_scenario,0.0,0.0,0.0,0.0,0.0
120_150,rajendra_nagar_heavy_rain_demo,120,150,1800,RN_DNODE_00245,0.0,0.0,0.0,RN_DRAIN_00287,0.02637752433631995,synthetic_manning_scenario,0.0,0.0,0.0,0.0,0.0
120_150,rajendra_nagar_heavy_rain_demo,120,150,1800,RN_DNODE_00363,0.0,0.0,0.0,RN_DRAIN_00288,0.03485428291526828,synthetic_manning_scenario,0.0,0.0,0.0,0.0,0.0
120_150,rajendra_nagar_heavy_rain_demo,120,150,1800,RN_DNODE_00377,0.0,0.0,0.0,RN_DRAIN_00290,0.03485428291526828,synthetic_manning_scenario,0.0,0.0,0.0,0.0,0.0
120_150,rajendra_nagar_heavy_rain_demo,120,150,1800,RN_DNODE_00396,0.5512812762790256,0.0,0.5512812762790256,RN_DRAIN_00291,0.1120128954947173,synthetic_manning_scenario,0.0,0.1120128954947173,0.4392683807843083,0.0,790.683085411755
120_150,rajendra_nagar_heavy_rain_demo,120,150,1800,RN_DNODE_00448,0.07403125233120389,0.0,0.07403125233120389,RN_DRAIN_00292,0.02637752433631995,synthetic_manning_scenario,0.0,0.02637752433631995,0.04765372799488394,0.0,85.7767103907911
120_150,rajendra_nagar_heavy_rain_demo,120,150,1800,RN_DNODE_00005,0.0,0.0,0.0,RN_DRAIN_00294,0.04614936155069056,synthetic_manning_scenario,0.0,0.0,0.0,0.0,0.0
120_150,rajendra_nagar_heavy_rain_demo,120,150,1800,RN_DNODE_00244,0.0,0.0,0.0,RN_DRAIN_00302,0.03484430030503481,synthetic_manning_scenario,0.0,0.0,0.0,0.0,0.0
120_150,rajendra_nagar_heavy_rain_demo,120,150,1800,RN_DNODE_00370,0.0,0.0,0.0,RN_DRAIN_00303,0.03485428291526828,synthetic_manning_scenario,0.0,0.0,0.0,0.0,0.0
120_150,rajendra_nagar_heavy_rain_demo,120,150,1800,RN_DNODE_00395,0.035218751695421005,0.0,0.035218751695421005,RN_DRAIN_00306,0.02637752433631995,synthetic_manning_scenario,0.0,0.02637752433631995,0.008841227359101055,0.0,15.914209246381898
120_150,rajendra_nagar_heavy_rain_demo,120,150,1800,RN_DNODE_00436,0.0,0.0,0.0,RN_DRAIN_00307,0.02637752433631995,synthetic_manning_scenario,0.0,0.0,0.0,0.0,0.0
120_150,rajendra_nagar_heavy_rain_demo,120,150,1800,RN_DNODE_00440,0.024437501695421006,0.0,0.024437501695421006,RN_DRAIN_00308,0.03485428291526828,synthetic_manning_scenario,0.0,0.024437501695421006,0.0,0.0,0.0
120_150,rajendra_nagar_heavy_rain_demo,120,150,1800,RN_DNODE_00243,0.0,0.0,0.0,RN_DRAIN_00317,0.03484430030503481,synthetic_manning_scenario,0.0,0.0,0.0,0.0,0.0
120_150,rajendra_nagar_heavy_rain_demo,120,150,1800,RN_DNODE_00375,0.024437501695421006,0.0,0.024437501695421006,RN_DRAIN_00318,0.03485428291526828,synthetic_manning_scenario,0.0,0.024437501695421006,0.0,0.0,0.0
120_150,rajendra_nagar_heavy_rain_demo,120,150,1800,RN_DNODE_00511,0.0,0.0,0.0,RN_DRAIN_00333,0.03485428291526828,synthetic_manning_scenario,0.0,0.0,0.0,0.0,0.0
120_150,rajendra_nagar_heavy_rain_demo,120,150,1800,RN_DNODE_00529,0.11284375190734863,0.0,0.11284375190734863,RN_DRAIN_00335,0.19300346415305064,synthetic_manning_scenario,0.0,0.11284375190734863,0.0,0.0,0.0
120_150,rajendra_nagar_heavy_rain_demo,120,150,1800,RN_DNODE_00074,0.0,0.0,0.0,RN_DRAIN_00336,0.03485428291526828,synthetic_manning_scenario,0.0,0.0,0.0,0.0,0.0
120_150,rajendra_nagar_heavy_rain_demo,120,150,1800,RN_DNODE_00242,0.0,0.0,0.0,RN_DRAIN_00338,0.03484430030503481,synthetic_manning_scenario,0.0,0.0,0.0,0.0,0.0
120_150,rajendra_nagar_heavy_rain_demo,120,150,1800,RN_DNODE_00383,0.0,0.0,0.0,RN_DRAIN_00339,0.03485428291526828,synthetic_manning_scenario,0.0,0.0,0.0,0.0,0.0
120_150,rajendra_nagar_heavy_rain_demo,120,150,1800,RN_DNODE_00393,0.0,0.0,0.0,RN_DRAIN_00340,0.03485428291526828,synthetic_manning_scenario,0.0,0.0,0.0,0.0,0.0
120_150,rajendra_nagar_heavy_rain_demo,120,150,1800,RN_DNODE_00428,0.023000000847710502,0.0,0.023000000847710502,RN_DRAIN_00344,0.03485428291526828,synthetic_manning_scenario,0.0,0.023000000847710502,0.0,0.0,0.0
120_150,rajendra_nagar_heavy_rain_demo,120,150,1800,RN_DNODE_00501,0.0,0.0,0.0,RN_DRAIN_00346,0.03484430030503481,synthetic_manning_scenario,0.0,0.0,0.0,0.0,0.0
120_150,rajendra_nagar_heavy_rain_demo,120,150,1800,RN_DNODE_00521,0.01078125,0.0,0.01078125,RN_DRAIN_00348,0.2764107810710812,synthetic_manning_scenario,0.0,0.01078125,0.0,0.0,0.0
120_150,rajendra_nagar_heavy_rain_demo,120,150,1800,RN_DNODE_00528,0.012218750847710503,0.0,0.012218750847710503,RN_DRAIN_00349,0.09203450505564478,synthetic_manning_scenario,0.0,0.012218750847710503,0.0,0.0,0.0
120_150,rajendra_nagar_heavy_rain_demo,120,150,1800,RN_DNODE_00241,0.0,0.0,0.0,RN_DRAIN_00351,0.03485428291526828,synthetic_manning_scenario,0.0,0.0,0.0,0.0,0.0
120_150,rajendra_nagar_heavy_rain_demo,120,150,1800,RN_DNODE_00527,0.033781250847710505,0.0,0.033781250847710505,RN_DRAIN_00355,0.18626342708702154,synthetic_manning_scenario,0.0,0.033781250847710505,0.0,0.0,0.0
120_150,rajendra_nagar_heavy_rain_demo,120,150,1800,RN_DNODE_00191,0.0,0.0,0.0,RN_DRAIN_00356,0.03484430030503481,synthetic_manning_scenario,0.0,0.0,0.0,0.0,0.0
120_150,rajendra_nagar_heavy_rain_demo,120,150,1800,RN_DNODE_00240,0.0,0.0,0.0,RN_DRAIN_00358,0.03484430030503481,synthetic_manning_scenario,0.0,0.0,0.0,0.0,0.0
120_150,rajendra_nagar_heavy_rain_demo,120,150,1800,RN_DNODE_00500,0.09200000339084201,0.0,0.09200000339084201,RN_DRAIN_00360,0.1948011871441529,synthetic_manning_scenario,0.0,0.09200000339084201,0.0,0.0,0.0
120_150,rajendra_nagar_heavy_rain_demo,120,150,1800,RN_DNODE_00508,0.12362500190734864,0.0,0.12362500190734864,RN_DRAIN_00361,0.2317547361496302,synthetic_manning_scenario,0.0,0.12362500190734864,0.0,0.0,0.0
120_150,rajendra_nagar_heavy_rain_demo,120,150,1800,RN_DNODE_00519,0.03665625254313151,0.0,0.03665625254313151,RN_DRAIN_00362,0.17218079283976848,synthetic_manning_scenario,0.0,0.03665625254313151,0.0,0.0,0.0
120_150,rajendra_nagar_heavy_rain_demo,120,150,1800,RN_DNODE_00190,0.0,0.0,0.0,RN_DRAIN_00364,0.03484430030503481,synthetic_manning_scenario,0.0,0.0,0.0,0.0,0.0
120_150,rajendra_nagar_heavy_rain_demo,120,150,1800,RN_DNODE_00239,0.0,0.0,0.0,RN_DRAIN_00366,0.03484430030503481,synthetic_manning_scenario,0.0,0.0,0.0,0.0,0.0
120_150,rajendra_nagar_heavy_rain_demo,120,150,1800,RN_DNODE_00453,0.02515625105963813,0.0,0.02515625105963813,RN_DRAIN_00367,0.12282979632326015,synthetic_manning_scenario,0.0,0.02515625105963813,0.0,0.0,0.0
120_150,rajendra_nagar_heavy_rain_demo,120,150,1800,RN_DNODE_00020,0.0,0.0,0.0,RN_DRAIN_00370,0.03484430030503481,synthetic_manning_scenario,0.0,0.0,0.0,0.0,0.0
120_150,rajendra_nagar_heavy_rain_demo,120,150,1800,RN_DNODE_00189,0.0,0.0,0.0,RN_DRAIN_00371,0.03484430030503481,synthetic_manning_scenario,0.0,0.0,0.0,0.0,0.0
120_150,rajendra_nagar_heavy_rain_demo,120,150,1800,RN_DNODE_00238,0.0,0.0,0.0,RN_DRAIN_00373,0.05960970345596315,synthetic_manning_scenario,0.0,0.0,0.0,0.0,0.0
120_150,rajendra_nagar_heavy_rain_demo,120,150,1800,RN_DNODE_00452,0.06971875190734864,0.0,0.06971875190734864,RN_DRAIN_00374,0.100407978859947,synthetic_manning_scenario,0.0,0.06971875190734864,0.0,0.0,0.0
120_150,rajendra_nagar_heavy_rain_demo,120,150,1800,RN_DNODE_00507,0.0,0.0,0.0,RN_DRAIN_00376,0.2407171307040971,synthetic_manning_scenario,0.0,0.0,0.0,0.0,0.0
120_150,rajendra_nagar_heavy_rain_demo,120,150,1800,RN_DNODE_00535,0.035218751695421005,0.0,0.035218751695421005,RN_DRAIN_00377,0.03485428291526828,synthetic_manning_scenario,0.0,0.03485428291526828,0.0003644687801527269,0.0,0.6560438042749084
120_150,rajendra_nagar_heavy_rain_demo,120,150,1800,RN_DNODE_00188,0.0,0.0,0.0,RN_DRAIN_00380,0.03484430030503481,synthetic_manning_scenario,0.0,0.0,0.0,0.0,0.0
120_150,rajendra_nagar_heavy_rain_demo,120,150,1800,RN_DNODE_00237,0.0,0.0,0.0,RN_DRAIN_00382,0.25236412953905973,synthetic_manning_scenario,0.0,0.0,0.0,0.0,0.0
120_150,rajendra_nagar_heavy_rain_demo,120,150,1800,RN_DNODE_00166,0.0,0.0,0.0,RN_DRAIN_00388,0.02637752433631995,synthetic_manning_scenario,0.0,0.0,0.0,0.0,0.0
120_150,rajendra_nagar_heavy_rain_demo,120,150,1800,RN_DNODE_00298,0.3665625211927626,0.0,0.3665625211927626,RN_DRAIN_00393,0.09803784543033917,synthetic_manning_scenario,0.0,0.09803784543033917,0.26852467576242345,0.0,483.3444163723622
120_150,rajendra_nagar_heavy_rain_demo,120,150,1800,RN_DNODE_00518,0.49162501335144043,0.0,0.49162501335144043,RN_DRAIN_00395,0.14778712746867345,synthetic_manning_scenario,0.0,0.14778712746867345,0.343837885882767,0.0,618.9081945889806
120_150,rajendra_nagar_heavy_rain_demo,120,150,1800,RN_DNODE_00028,0.0,0.0,0.0,RN_DRAIN_00398,0.07470010573424561,synthetic_manning_scenario,0.0,0.0,0.0,0.0,0.0
120_150,rajendra_nagar_heavy_rain_demo,120,150,1800,RN_DNODE_00186,0.0,0.0,0.0,RN_DRAIN_00403,0.03485428291526828,synthetic_manning_scenario,0.0,0.0,0.0,0.0,0.0
120_150,rajendra_nagar_heavy_rain_demo,120,150,1800,RN_DNODE_00208,0.0,0.0,0.0,RN_DRAIN_00404,0.02637752433631995,synthetic_manning_scenario,0.0,0.0,0.0,0.0,0.0
120_150,rajendra_nagar_heavy_rain_demo,120,150,1800,RN_DNODE_00235,0.0,0.0,0.0,RN_DRAIN_00405,0.33495301708709185,synthetic_manning_scenario,0.0,0.0,0.0,0.0,0.0
120_150,rajendra_nagar_heavy_rain_demo,120,150,1800,RN_DNODE_00256,0.0,0.0,0.0,RN_DRAIN_00406,0.11665905594771991,synthetic_manning_scenario,0.0,0.0,0.0,0.0,0.0
120_150,rajendra_nagar_heavy_rain_demo,120,150,1800,RN_DNODE_00475,0.0,0.0,0.0,RN_DRAIN_00410,0.17527859959571881,synthetic_manning_scenario,0.0,0.0,0.0,0.0,0.0
120_150,rajendra_nagar_heavy_rain_demo,120,150,1800,RN_DNODE_00555,0.0,0.0,0.0,RN_DRAIN_00411,0.03668278220199273,synthetic_manning_scenario,0.0,0.0,0.0,0.0,0.0
120_150,rajendra_nagar_heavy_rain_demo,120,150,1800,RN_DNODE_00093,0.0,0.0,0.0,RN_DRAIN_00413,0.05978452943539206,synthetic_manning_scenario,0.0,0.0,0.0,0.0,0.0
120_150,rajendra_nagar_heavy_rain_demo,120,150,1800,RN_DNODE_00147,0.0,0.0,0.0,RN_DRAIN_00414,0.02637752433631995,synthetic_manning_scenario,0.0,0.0,0.0,0.0,0.0
120_150,rajendra_nagar_heavy_rain_demo,120,150,1800,RN_DNODE_00185,0.0,0.0,0.0,RN_DRAIN_00416,0.02637752433631995,synthetic_manning_scenario,0.0,0.0,0.0,0.0,0.0
120_150,rajendra_nagar_heavy_rain_demo,120,150,1800,RN_DNODE_00297,0.024437501695421006,0.0,0.024437501695421006,RN_DRAIN_00418,0.03485428291526828,synthetic_manning_scenario,0.0,0.024437501695421006,0.0,0.0,0.0
120_150,rajendra_nagar_heavy_rain_demo,120,150,1800,RN_DNODE_00061,0.0,0.0,0.0,RN_DRAIN_00420,0.03484430030503481,synthetic_manning_scenario,0.0,0.0,0.0,0.0,0.0
120_150,rajendra_nagar_heavy_rain_demo,120,150,1800,RN_DNODE_00146,0.0,0.0,0.0,RN_DRAIN_00425,0.02637752433631995,synthetic_manning_scenario,0.0,0.0,0.0,0.0,0.0
120_150,rajendra_nagar_heavy_rain_demo,120,150,1800,RN_DNODE_00184,0.0,0.0,0.0,RN_DRAIN_00427,0.02637752433631995,synthetic_manning_scenario,0.0,0.0,0.0,0.0,0.0
120_150,rajendra_nagar_heavy_rain_demo,120,150,1800,RN_DNODE_00315,0.024437501695421006,0.0,0.024437501695421006,RN_DRAIN_00429,0.03485428291526828,synthetic_manning_scenario,0.0,0.024437501695421006,0.0,0.0,0.0
120_150,rajendra_nagar_heavy_rain_demo,120,150,1800,RN_DNODE_00492,0.0,0.0,0.0,RN_DRAIN_00430,0.1258874084942861,synthetic_manning_scenario,0.0,0.0,0.0,0.0,0.0
120_150,rajendra_nagar_heavy_rain_demo,120,150,1800,RN_DNODE_00052,0.0,0.0,0.0,RN_DRAIN_00431,0.03485428291526828,synthetic_manning_scenario,0.0,0.0,0.0,0.0,0.0
120_150,rajendra_nagar_heavy_rain_demo,120,150,1800,RN_DNODE_00121,0.0,0.0,0.0,RN_DRAIN_00436,0.3335187361648064,synthetic_manning_scenario,0.0,0.0,0.0,0.0,0.0
120_150,rajendra_nagar_heavy_rain_demo,120,150,1800,RN_DNODE_00132,0.0,0.0,0.0,RN_DRAIN_00437,0.1632724012023933,synthetic_manning_scenario,0.0,0.0,0.0,0.0,0.0
120_150,rajendra_nagar_heavy_rain_demo,120,150,1800,RN_DNODE_00162,0.0,0.0,0.0,RN_DRAIN_00439,0.03485428291526828,synthetic_manning_scenario,0.0,0.0,0.0,0.0,0.0
120_150,rajendra_nagar_heavy_rain_demo,120,150,1800,RN_DNODE_00183,0.0,0.0,0.0,RN_DRAIN_00440,0.02637752433631995,synthetic_manning_scenario,0.0,0.0,0.0,0.0,0.0
120_150,rajendra_nagar_heavy_rain_demo,120,150,1800,RN_DNODE_00059,0.024437501695421006,0.0,0.024437501695421006,RN_DRAIN_00447,0.05446815070334662,synthetic_manning_scenario,0.0,0.024437501695421006,0.0,0.0,0.0
120_150,rajendra_nagar_heavy_rain_demo,120,150,1800,RN_DNODE_00109,0.0,0.0,0.0,RN_DRAIN_00448,0.3250209820597582,synthetic_manning_scenario,0.0,0.0,0.0,0.0,0.0
120_150,rajendra_nagar_heavy_rain_demo,120,150,1800,RN_DNODE_00161,0.0,0.0,0.0,RN_DRAIN_00452,0.02637752433631995,synthetic_manning_scenario,0.0,0.0,0.0,0.0,0.0
120_150,rajendra_nagar_heavy_rain_demo,120,150,1800,RN_DNODE_00329,0.37303127076890735,0.0,0.37303127076890735,RN_DRAIN_00453,0.02637752433631995,synthetic_manning_scenario,0.0,0.02637752433631995,0.3466537464325874,0.0,623.9767435786573
120_150,rajendra_nagar_heavy_rain_demo,120,150,1800,RN_DNODE_00369,0.0,0.0,0.0,RN_DRAIN_00456,0.14438412066210826,synthetic_manning_scenario,0.0,0.0,0.0,0.0,0.0
120_150,rajendra_nagar_heavy_rain_demo,120,150,1800,RN_DNODE_00434,0.0,0.0,0.0,RN_DRAIN_00458,0.1495887056693421,synthetic_manning_scenario,0.0,0.0,0.0,0.0,0.0
120_150,rajendra_nagar_heavy_rain_demo,120,150,1800,RN_DNODE_00451,0.0,0.0,0.0,RN_DRAIN_00459,0.20938006290294106,synthetic_manning_scenario,0.0,0.0,0.0,0.0,0.0
120_150,rajendra_nagar_heavy_rain_demo,120,150,1800,RN_DNODE_00043,0.0,0.0,0.0,RN_DRAIN_00460,0.02637752433631995,synthetic_manning_scenario,0.0,0.0,0.0,0.0,0.0
120_150,rajendra_nagar_heavy_rain_demo,120,150,1800,RN_DNODE_00119,0.0,0.0,0.0,RN_DRAIN_00461,0.09743273367972305,synthetic_manning_scenario,0.0,0.0,0.0,0.0,0.0
120_150,rajendra_nagar_heavy_rain_demo,120,150,1800,RN_DNODE_00392,0.12650000360276964,0.0,0.12650000360276964,RN_DRAIN_00466,0.03484430030503481,synthetic_manning_scenario,0.0,0.03484430030503481,0.09165570329773483,0.0,164.9802659359227
120_150,rajendra_nagar_heavy_rain_demo,120,150,1800,RN_DNODE_00405,0.012218750847710503,0.0,0.012218750847710503,RN_DRAIN_00467,0.03484430030503481,synthetic_manning_scenario,0.0,0.012218750847710503,0.0,0.0,0.0
120_150,rajendra_nagar_heavy_rain_demo,120,150,1800,RN_DNODE_00412,0.023000000847710502,0.0,0.023000000847710502,RN_DRAIN_00468,0.03484430030503481,synthetic_manning_scenario,0.0,0.023000000847710502,0.0,0.0,0.0
120_150,rajendra_nagar_heavy_rain_demo,120,150,1800,RN_DNODE_00182,0.0,0.0,0.0,RN_DRAIN_00474,0.3460757329092977,synthetic_manning_scenario,0.0,0.0,0.0,0.0,0.0
120_150,rajendra_nagar_heavy_rain_demo,120,150,1800,RN_DNODE_00426,0.012218750847710503,0.0,0.012218750847710503,RN_DRAIN_00481,0.11954287044878092,synthetic_manning_scenario,0.0,0.012218750847710503,0.0,0.0,0.0
120_150,rajendra_nagar_heavy_rain_demo,120,150,1800,RN_DNODE_00117,0.0,0.0,0.0,RN_DRAIN_00483,0.03485428291526828,synthetic_manning_scenario,0.0,0.0,0.0,0.0,0.0
120_150,rajendra_nagar_heavy_rain_demo,120,150,1800,RN_DNODE_00128,0.0,0.0,0.0,RN_DRAIN_00484,0.02637752433631995,synthetic_manning_scenario,0.0,0.0,0.0,0.0,0.0
120_150,rajendra_nagar_heavy_rain_demo,120,150,1800,RN_DNODE_00158,0.0,0.0,0.0,RN_DRAIN_00486,0.22707203320513805,synthetic_manning_scenario,0.0,0.0,0.0,0.0,0.0
120_150,rajendra_nagar_heavy_rain_demo,120,150,1800,RN_DNODE_00433,0.023000000847710502,0.0,0.023000000847710502,RN_DRAIN_00494,0.0980023540468388,synthetic_manning_scenario,0.0,0.023000000847710502,0.0,0.0,0.0
120_150,rajendra_nagar_heavy_rain_demo,120,150,1800,RN_DNODE_00107,0.0,0.0,0.0,RN_DRAIN_00496,0.03483431483404455,synthetic_manning_scenario,0.0,0.0,0.0,0.0,0.0
120_150,rajendra_nagar_heavy_rain_demo,120,150,1800,RN_DNODE_00116,0.0,0.0,0.0,RN_DRAIN_00497,0.02637752433631995,synthetic_manning_scenario,0.0,0.0,0.0,0.0,0.0
120_150,rajendra_nagar_heavy_rain_demo,120,150,1800,RN_DNODE_00264,0.012218750847710503,0.0,0.012218750847710503,RN_DRAIN_00499,0.18405199949807394,synthetic_manning_scenario,0.0,0.012218750847710503,0.0,0.0,0.0
120_150,rajendra_nagar_heavy_rain_demo,120,150,1800,RN_DNODE_00410,0.0,0.0,0.0,RN_DRAIN_00502,0.10311891598683189,synthetic_manning_scenario,0.0,0.0,0.0,0.0,0.0
120_150,rajendra_nagar_heavy_rain_demo,120,150,1800,RN_DNODE_00099,0.0,0.0,0.0,RN_DRAIN_00505,0.03485428291526828,synthetic_manning_scenario,0.0,0.0,0.0,0.0,0.0
120_150,rajendra_nagar_heavy_rain_demo,120,150,1800,RN_DNODE_00106,0.0,0.0,0.0,RN_DRAIN_00506,0.02637752433631995,synthetic_manning_scenario,0.0,0.0,0.0,0.0,0.0
120_150,rajendra_nagar_heavy_rain_demo,120,150,1800,RN_DNODE_00263,0.0,0.0,0.0,RN_DRAIN_00508,0.13135106651046202,synthetic_manning_scenario,0.0,0.0,0.0,0.0,0.0
120_150,rajendra_nagar_heavy_rain_demo,120,150,1800,RN_DNODE_00089,0.0,0.0,0.0,RN_DRAIN_00513,0.02637752433631995,synthetic_manning_scenario,0.0,0.0,0.0,0.0,0.0
120_150,rajendra_nagar_heavy_rain_demo,120,150,1800,RN_DNODE_00090,0.0,0.0,0.0,RN_DRAIN_00514,0.02637752433631995,synthetic_manning_scenario,0.0,0.0,0.0,0.0,0.0
120_150,rajendra_nagar_heavy_rain_demo,120,150,1800,RN_DNODE_00098,0.0,0.0,0.0,RN_DRAIN_00515,0.02637752433631995,synthetic_manning_scenario,0.0,0.0,0.0,0.0,0.0
120_150,rajendra_nagar_heavy_rain_demo,120,150,1800,RN_DNODE_00262,0.012218750847710503,0.0,0.012218750847710503,RN_DRAIN_00520,0.19028600529539347,synthetic_manning_scenario,0.0,0.012218750847710503,0.0,0.0,0.0
120_150,rajendra_nagar_heavy_rain_demo,120,150,1800,RN_DNODE_00271,0.02515625105963813,0.0,0.02515625105963813,RN_DRAIN_00521,0.0954195777470258,synthetic_manning_scenario,0.0,0.02515625105963813,0.0,0.0,0.0
120_150,rajendra_nagar_heavy_rain_demo,120,150,1800,RN_DNODE_00389,0.0,0.0,0.0,RN_DRAIN_00526,0.03485428291526828,synthetic_manning_scenario,0.0,0.0,0.0,0.0,0.0
120_150,rajendra_nagar_heavy_rain_demo,120,150,1800,RN_DNODE_00438,0.13009375678168403,0.0,0.13009375678168403,RN_DRAIN_00528,0.22658585121858213,synthetic_manning_scenario,0.0,0.13009375678168403,0.0,0.0,0.0
120_150,rajendra_nagar_heavy_rain_demo,120,150,1800,RN_DNODE_00340,0.07043750339084201,0.0,0.07043750339084201,RN_DRAIN_00531,0.03485428291526828,synthetic_manning_scenario,0.0,0.03485428291526828,0.03558322047557373,0.0,64.04979685603271
120_150,rajendra_nagar_heavy_rain_demo,120,150,1800,RN_DNODE_00424,0.0,0.0,0.0,RN_DRAIN_00533,0.20569226626927573,synthetic_manning_scenario,0.0,0.0,0.0,0.0,0.0
120_150,rajendra_nagar_heavy_rain_demo,120,150,1800,RN_DNODE_00401,0.0,0.0,0.0,RN_DRAIN_00537,0.24741358548059755,synthetic_manning_scenario,0.0,0.0,0.0,0.0,0.0
120_150,rajendra_nagar_heavy_rain_demo,120,150,1800,RN_DNODE_00232,0.0,0.0,0.0,RN_DRAIN_00540,0.02637752433631995,synthetic_manning_scenario,0.0,0.0,0.0,0.0,0.0
120_150,rajendra_nagar_heavy_rain_demo,120,150,1800,RN_DNODE_00346,0.0,0.0,0.0,RN_DRAIN_00541,0.02637752433631995,synthetic_manning_scenario,0.0,0.0,0.0,0.0,0.0
120_150,rajendra_nagar_heavy_rain_demo,120,150,1800,RN_DNODE_00355,0.0,0.0,0.0,RN_DRAIN_00542,0.02637752433631995,synthetic_manning_scenario,0.0,0.0,0.0,0.0,0.0
120_150,rajendra_nagar_heavy_rain_demo,120,150,1800,RN_DNODE_00326,0.0,0.0,0.0,,,,,0.0,0.0,0.0,0.0
120_150,rajendra_nagar_heavy_rain_demo,120,150,1800,RN_DNODE_00327,0.0,0.0,0.0,,,,,0.0,0.0,0.0,0.0
120_150,rajendra_nagar_heavy_rain_demo,120,150,1800,RN_DNODE_00442,0.0,0.02637752433631995,0.02637752433631995,,,,,0.0,0.0,0.02637752433631995,0.0
120_150,rajendra_nagar_heavy_rain_demo,120,150,1800,RN_DNODE_00494,0.0,0.0,0.0,RN_DRAIN_00022,0.03485428291526828,synthetic_manning_scenario,0.0,0.0,0.0,0.0,0.0
120_150,rajendra_nagar_heavy_rain_demo,120,150,1800,RN_DNODE_00041,0.0,0.0,0.0,RN_DRAIN_00055,0.12723324562335805,synthetic_manning_scenario,0.0,0.0,0.0,0.0,0.0
120_150,rajendra_nagar_heavy_rain_demo,120,150,1800,RN_DNODE_00418,0.1185937531789144,0.04528125021192762,0.16387500339084202,RN_DRAIN_00043,0.03484430030503481,synthetic_manning_scenario,0.0,0.03484430030503481,0.12903070308580722,0.0,232.255265554453
120_150,rajendra_nagar_heavy_rain_demo,120,150,1800,RN_DNODE_00081,0.0,0.0,0.0,RN_DRAIN_00065,0.16428349070581968,synthetic_manning_scenario,0.0,0.0,0.0,0.0,0.0
120_150,rajendra_nagar_heavy_rain_demo,120,150,1800,RN_DNODE_00416,0.0,0.13572767824149176,0.13572767824149176,,,,,0.0,0.0,0.13572767824149176,0.0
120_150,rajendra_nagar_heavy_rain_demo,120,150,1800,RN_DNODE_00231,0.0,0.0,0.0,RN_DRAIN_00074,0.03484430030503481,synthetic_manning_scenario,0.0,0.0,0.0,0.0,0.0
120_150,rajendra_nagar_heavy_rain_demo,120,150,1800,RN_DNODE_00203,0.0,0.0,0.0,RN_DRAIN_00113,0.02637752433631995,synthetic_manning_scenario,0.0,0.0,0.0,0.0,0.0
120_150,rajendra_nagar_heavy_rain_demo,120,150,1800,RN_DNODE_00361,0.0,0.0,0.0,RN_DRAIN_00100,0.5915619686607586,synthetic_manning_scenario,0.0,0.0,0.0,0.0,0.0
120_150,rajendra_nagar_heavy_rain_demo,120,150,1800,RN_DNODE_00532,0.0,0.0,0.0,RN_DRAIN_00104,0.12723324562335805,synthetic_manning_scenario,0.0,0.0,0.0,0.0,0.0
120_150,rajendra_nagar_heavy_rain_demo,120,150,1800,RN_DNODE_00066,0.0,0.0,0.0,RN_DRAIN_00107,0.03484430030503481,synthetic_manning_scenario,0.0,0.0,0.0,0.0,0.0
120_150,rajendra_nagar_heavy_rain_demo,120,150,1800,RN_DNODE_00048,0.024437501695421006,0.012218750847710503,0.03665625254313151,RN_DRAIN_00122,0.03484430030503481,synthetic_manning_scenario,0.0,0.03484430030503481,0.0018119522380967007,0.0,3.2615140285740614
120_150,rajendra_nagar_heavy_rain_demo,120,150,1800,RN_DNODE_00004,0.03737500190734863,0.0,0.03737500190734863,RN_DRAIN_00149,0.13705656053423662,synthetic_manning_scenario,0.0,0.03737500190734863,0.0,0.0,0.0
120_150,rajendra_nagar_heavy_rain_demo,120,150,1800,RN_DNODE_00430,0.035218751695421005,0.05158812602898853,0.08680687772440954,RN_DRAIN_00184,0.1515365242075139,synthetic_manning_scenario,0.0,0.08680687772440954,0.0,0.0,0.0
120_150,rajendra_nagar_heavy_rain_demo,120,150,1800,RN_DNODE_00078,0.03737500190734863,0.14154681932172938,0.17892182122907802,RN_DRAIN_00175,0.2530359490024738,synthetic_manning_scenario,0.0,0.17892182122907802,0.0,0.0,0.0
120_150,rajendra_nagar_heavy_rain_demo,120,150,1800,RN_DNODE_00172,0.0,0.012218750847710503,0.012218750847710503,RN_DRAIN_00178,0.03484430030503481,synthetic_manning_scenario,0.0,0.012218750847710503,0.0,0.0,0.0
120_150,rajendra_nagar_heavy_rain_demo,120,150,1800,RN_DNODE_00486,0.39531252013312446,0.0,0.39531252013312446,RN_DRAIN_00209,0.03484430030503481,synthetic_manning_scenario,0.0,0.03484430030503481,0.36046821982808963,0.0,648.8427956905614
120_150,rajendra_nagar_heavy_rain_demo,120,150,1800,RN_DNODE_00003,0.012937500211927626,0.0,0.012937500211927626,RN_DRAIN_00198,0.03485428291526828,synthetic_manning_scenario,0.0,0.012937500211927626,0.0,0.0,0.0
120_150,rajendra_nagar_heavy_rain_demo,120,150,1800,RN_DNODE_00352,0.0,0.09006678976697921,0.09006678976697921,RN_DRAIN_00218,0.1521025124547665,synthetic_manning_scenario,0.0,0.09006678976697921,0.0,0.0,0.0
120_150,rajendra_nagar_heavy_rain_demo,120,150,1800,RN_DNODE_00543,0.0,0.07396532506289491,0.07396532506289491,RN_DRAIN_00237,0.03485428291526828,synthetic_manning_scenario,0.0,0.03485428291526828,0.03911104214762663,0.0,70.39987586572794
120_150,rajendra_nagar_heavy_rain_demo,120,150,1800,RN_DNODE_00554,0.0,0.03484430030503481,0.03484430030503481,RN_DRAIN_00255,0.03485428291526828,synthetic_manning_scenario,0.0,0.03484430030503481,0.0,0.0,0.0
120_150,rajendra_nagar_heavy_rain_demo,120,150,1800,RN_DNODE_00385,0.0,0.1120128954947173,0.1120128954947173,RN_DRAIN_00305,0.03485428291526828,synthetic_manning_scenario,0.0,0.03485428291526828,0.07715861257944902,0.0,138.88550264300824
120_150,rajendra_nagar_heavy_rain_demo,120,150,1800,RN_DNODE_00006,0.0,0.0,0.0,RN_DRAIN_00295,0.13383312250292473,synthetic_manning_scenario,0.0,0.0,0.0,0.0,0.0
120_150,rajendra_nagar_heavy_rain_demo,120,150,1800,RN_DNODE_00522,0.0,0.11284375190734863,0.11284375190734863,RN_DRAIN_00334,0.02637752433631995,synthetic_manning_scenario,0.0,0.02637752433631995,0.08646622757102868,0.0,155.6392096278516
120_150,rajendra_nagar_heavy_rain_demo,120,150,1800,RN_DNODE_00075,0.0,0.0,0.0,RN_DRAIN_00313,0.03484430030503481,synthetic_manning_scenario,0.0,0.0,0.0,0.0,0.0
120_150,rajendra_nagar_heavy_rain_demo,120,150,1800,RN_DNODE_00509,0.0,0.21562500529819065,0.21562500529819065,RN_DRAIN_00353,0.6213901470038218,synthetic_manning_scenario,0.0,0.21562500529819065,0.0,0.0,0.0
120_150,rajendra_nagar_heavy_rain_demo,120,150,1800,RN_DNODE_00024,0.0,0.0,0.0,RN_DRAIN_00379,0.07650391573267233,synthetic_manning_scenario,0.0,0.0,0.0,0.0,0.0
120_150,rajendra_nagar_heavy_rain_demo,120,150,1800,RN_DNODE_00499,0.0,0.0,0.0,,,,,0.0,0.0,0.0,0.0
120_150,rajendra_nagar_heavy_rain_demo,120,150,1800,RN_DNODE_00286,0.0,0.09803784543033917,0.09803784543033917,,,,,0.0,0.0,0.09803784543033917,0.0
120_150,rajendra_nagar_heavy_rain_demo,120,150,1800,RN_DNODE_00506,0.0,0.14778712746867345,0.14778712746867345,,,,,0.0,0.0,0.14778712746867345,0.0
120_150,rajendra_nagar_heavy_rain_demo,120,150,1800,RN_DNODE_00209,0.0,0.0,0.0,RN_DRAIN_00390,0.03485428291526828,synthetic_manning_scenario,0.0,0.0,0.0,0.0,0.0
120_150,rajendra_nagar_heavy_rain_demo,120,150,1800,RN_DNODE_00468,0.5563125112321642,0.0,0.5563125112321642,RN_DRAIN_00394,0.18293911365381266,synthetic_manning_scenario,0.0,0.18293911365381266,0.37337339757835153,0.0,672.0721156410327
120_150,rajendra_nagar_heavy_rain_demo,120,150,1800,RN_DNODE_00553,0.012218750847710503,0.0,0.012218750847710503,RN_DRAIN_00397,0.16888414661568568,synthetic_manning_scenario,0.0,0.012218750847710503,0.0,0.0,0.0
120_150,rajendra_nagar_heavy_rain_demo,120,150,1800,RN_DNODE_00488,0.0,0.0,0.0,RN_DRAIN_00419,0.3137595154941278,synthetic_manning_scenario,0.0,0.0,0.0,0.0,0.0
120_150,rajendra_nagar_heavy_rain_demo,120,150,1800,RN_DNODE_00427,0.42262501080830894,0.0,0.42262501080830894,RN_DRAIN_00457,0.03484430030503481,synthetic_manning_scenario,0.0,0.03484430030503481,0.3877807105032741,0.0,698.0052789058934
120_150,rajendra_nagar_heavy_rain_demo,120,150,1800,RN_DNODE_00444,0.0,0.0,0.0,,,,,0.0,0.0,0.0,0.0
120_150,rajendra_nagar_heavy_rain_demo,120,150,1800,RN_DNODE_00044,0.0,0.0,0.0,RN_DRAIN_00445,0.15060850351649752,synthetic_manning_scenario,0.0,0.0,0.0,0.0,0.0
120_150,rajendra_nagar_heavy_rain_demo,120,150,1800,RN_DNODE_00160,0.0,0.0,0.0,RN_DRAIN_00464,0.02637752433631995,synthetic_manning_scenario,0.0,0.0,0.0,0.0,0.0
120_150,rajendra_nagar_heavy_rain_demo,120,150,1800,RN_DNODE_00142,0.0,0.0,0.0,RN_DRAIN_00472,0.02637752433631995,synthetic_manning_scenario,0.0,0.0,0.0,0.0,0.0
120_150,rajendra_nagar_heavy_rain_demo,120,150,1800,RN_DNODE_00091,0.0,0.0,0.0,RN_DRAIN_00504,0.12723324562335805,synthetic_manning_scenario,0.0,0.0,0.0,0.0,0.0
120_150,rajendra_nagar_heavy_rain_demo,120,150,1800,RN_DNODE_00254,0.012218750847710503,0.012218750847710503,0.024437501695421006,RN_DRAIN_00519,0.16694910080064143,synthetic_manning_scenario,0.0,0.024437501695421006,0.0,0.0,0.0
120_150,rajendra_nagar_heavy_rain_demo,120,150,1800,RN_DNODE_00431,0.0,0.13009375678168403,0.13009375678168403,RN_DRAIN_00512,0.19810030056451727,synthetic_manning_scenario,0.0,0.13009375678168403,0.0,0.0,0.0
120_150,rajendra_nagar_heavy_rain_demo,120,150,1800,RN_DNODE_00419,0.0,0.0,0.0,RN_DRAIN_00527,0.21289946819313862,synthetic_manning_scenario,0.0,0.0,0.0,0.0,0.0
120_150,rajendra_nagar_heavy_rain_demo,120,150,1800,RN_DNODE_00388,0.0,0.0,0.0,RN_DRAIN_00535,0.21546094500843926,synthetic_manning_scenario,0.0,0.0,0.0,0.0,0.0
120_150,rajendra_nagar_heavy_rain_demo,120,150,1800,RN_DNODE_00205,0.0,0.0,0.0,RN_DRAIN_00539,0.03485428291526828,synthetic_manning_scenario,0.0,0.0,0.0,0.0,0.0
120_150,rajendra_nagar_heavy_rain_demo,120,150,1800,RN_DNODE_00347,0.0,0.0,0.0,RN_DRAIN_00536,0.12723324562335805,synthetic_manning_scenario,0.0,0.0,0.0,0.0,0.0
120_150,rajendra_nagar_heavy_rain_demo,120,150,1800,RN_DNODE_00491,0.0,0.0,0.0,RN_DRAIN_00021,0.12514738517223217,synthetic_manning_scenario,0.0,0.0,0.0,0.0,0.0
120_150,rajendra_nagar_heavy_rain_demo,120,150,1800,RN_DNODE_00033,0.16746875339084202,0.012218750847710503,0.17968750423855254,RN_DRAIN_00064,0.1272696969192279,synthetic_manning_scenario,0.0,0.1272696969192279,0.05241780731932463,0.0,94.35205317478434
120_150,rajendra_nagar_heavy_rain_demo,120,150,1800,RN_DNODE_00408,0.08625000317891439,0.03484430030503481,0.1210943034839492,RN_DRAIN_00035,0.03484430030503481,synthetic_manning_scenario,0.0,0.03484430030503481,0.08625000317891439,0.0,155.2500057220459
120_150,rajendra_nagar_heavy_rain_demo,120,150,1800,RN_DNODE_00080,0.0,0.0,0.0,RN_DRAIN_00073,0.136249552270857,synthetic_manning_scenario,0.0,0.0,0.0,0.0,0.0
120_150,rajendra_nagar_heavy_rain_demo,120,150,1800,RN_DNODE_00354,0.0,0.0,0.0,RN_DRAIN_00099,1.0609568644927327,synthetic_manning_scenario,0.0,0.0,0.0,0.0,0.0
120_150,rajendra_nagar_heavy_rain_demo,120,150,1800,RN_DNODE_00525,0.0,0.0,0.0,RN_DRAIN_00078,0.12723324562335805,synthetic_manning_scenario,0.0,0.0,0.0,0.0,0.0
120_150,rajendra_nagar_heavy_rain_demo,120,150,1800,RN_DNODE_00057,0.0,0.03484430030503481,0.03484430030503481,RN_DRAIN_00106,0.03484430030503481,synthetic_manning_scenario,0.0,0.03484430030503481,0.0,0.0,0.0
120_150,rajendra_nagar_heavy_rain_demo,120,150,1800,RN_DNODE_00008,0.012218750847710503,0.03737500190734863,0.04959375275505913,RN_DRAIN_00150,0.03485428291526828,synthetic_manning_scenario,0.0,0.03485428291526828,0.014739469839790853,0.0,26.531045711623534
120_150,rajendra_nagar_heavy_rain_demo,120,150,1800,RN_DNODE_00423,0.13009375678168403,0.08680687772440954,0.21690063450609356,RN_DRAIN_00183,0.04832201195748927,synthetic_manning_scenario,0.0,0.04832201195748927,0.16857862254860428,0.0,303.44152058748773
120_150,rajendra_nagar_heavy_rain_demo,120,150,1800,RN_DNODE_00087,0.0,0.17892182122907802,0.17892182122907802,RN_DRAIN_00176,0.2035500759701358,synthetic_manning_scenario,0.0,0.17892182122907802,0.0,0.0,0.0
120_150,rajendra_nagar_heavy_rain_demo,120,150,1800,RN_DNODE_00477,0.03737500190734863,0.03484430030503481,0.07221930221238344,RN_DRAIN_00195,0.03485428291526828,synthetic_manning_scenario,0.0,0.03485428291526828,0.037365019297115165,0.0,67.25703473480729
120_150,rajendra_nagar_heavy_rain_demo,120,150,1800,RN_DNODE_00007,0.09703125317891438,0.012937500211927626,0.109968753390842,RN_DRAIN_00199,0.03485428291526828,synthetic_manning_scenario,0.0,0.03485428291526828,0.07511447047557372,0.0,135.20604685603269
120_150,rajendra_nagar_heavy_rain_demo,120,150,1800,RN_DNODE_00538,0.0,0.03485428291526828,0.03485428291526828,RN_DRAIN_00236,0.17060773937777143,synthetic_manning_scenario,0.0,0.03485428291526828,0.0,0.0,0.0
120_150,rajendra_nagar_heavy_rain_demo,120,150,1800,RN_DNODE_00552,0.0,0.03484430030503481,0.03484430030503481,RN_DRAIN_00254,0.17430534728708405,synthetic_manning_scenario,0.0,0.03484430030503481,0.0,0.0,0.0
120_150,rajendra_nagar_heavy_rain_demo,120,150,1800,RN_DNODE_00009,0.0,0.0,0.0,RN_DRAIN_00281,0.07976312140829656,synthetic_manning_scenario,0.0,0.0,0.0,0.0,0.0
120_150,rajendra_nagar_heavy_rain_demo,120,150,1800,RN_DNODE_00084,0.0,0.0,0.0,RN_DRAIN_00296,0.08227504605900168,synthetic_manning_scenario,0.0,0.0,0.0,0.0,0.0
120_150,rajendra_nagar_heavy_rain_demo,120,150,1800,RN_DNODE_00029,0.0,0.0,0.0,RN_DRAIN_00387,0.19021651980638857,synthetic_manning_scenario,0.0,0.0,0.0,0.0,0.0
120_150,rajendra_nagar_heavy_rain_demo,120,150,1800,RN_DNODE_00469,0.06109375423855252,0.18293911365381266,0.24403286789236517,RN_DRAIN_00383,0.1353812142771686,synthetic_manning_scenario,0.0,0.1353812142771686,0.10865165361519658,0.0,195.57297650735384
120_150,rajendra_nagar_heavy_rain_demo,120,150,1800,RN_DNODE_00551,0.07043750339084201,0.012218750847710503,0.08265625423855251,RN_DRAIN_00396,0.08345058337269148,synthetic_manning_scenario,0.0,0.08265625423855251,0.0,0.0,0.0
120_150,rajendra_nagar_heavy_rain_demo,120,150,1800,RN_DNODE_00484,0.0,0.0,0.0,,,,,0.0,0.0,0.0,0.0
120_150,rajendra_nagar_heavy_rain_demo,120,150,1800,RN_DNODE_00421,0.0,0.04706305115274531,0.04706305115274531,RN_DRAIN_00469,0.12723324562335805,synthetic_manning_scenario,0.0,0.04706305115274531,0.0,0.0,0.0
120_150,rajendra_nagar_heavy_rain_demo,120,150,1800,RN_DNODE_00051,0.0,0.0,0.0,RN_DRAIN_00446,0.05962720912031859,synthetic_manning_scenario,0.0,0.0,0.0,0.0,0.0
120_150,rajendra_nagar_heavy_rain_demo,120,150,1800,RN_DNODE_00144,0.0,0.0,0.0,RN_DRAIN_00451,0.03485428291526828,synthetic_manning_scenario,0.0,0.0,0.0,0.0,0.0
120_150,rajendra_nagar_heavy_rain_demo,120,150,1800,RN_DNODE_00100,0.0,0.0,0.0,RN_DRAIN_00495,0.12723324562335805,synthetic_manning_scenario,0.0,0.0,0.0,0.0,0.0
120_150,rajendra_nagar_heavy_rain_demo,120,150,1800,RN_DNODE_00233,0.051031251483493384,0.024437501695421006,0.07546875317891438,RN_DRAIN_00518,0.14235556684174894,synthetic_manning_scenario,0.0,0.07546875317891438,0.0,0.0,0.0
120_150,rajendra_nagar_heavy_rain_demo,120,150,1800,RN_DNODE_00432,0.0,0.13009375678168403,0.13009375678168403,RN_DRAIN_00503,0.11140874580493448,synthetic_manning_scenario,0.0,0.11140874580493448,0.018685010976749544,0.0,33.63301975814918
120_150,rajendra_nagar_heavy_rain_demo,120,150,1800,RN_DNODE_00409,0.0,0.0,0.0,RN_DRAIN_00511,0.02637752433631995,synthetic_manning_scenario,0.0,0.0,0.0,0.0,0.0
120_150,rajendra_nagar_heavy_rain_demo,120,150,1800,RN_DNODE_00380,0.0,0.0,0.0,RN_DRAIN_00532,0.03485428291526828,synthetic_manning_scenario,0.0,0.0,0.0,0.0,0.0
120_150,rajendra_nagar_heavy_rain_demo,120,150,1800,RN_DNODE_00179,0.0,0.0,0.0,RN_DRAIN_00538,0.044130157925467595,synthetic_manning_scenario,0.0,0.0,0.0,0.0,0.0
120_150,rajendra_nagar_heavy_rain_demo,120,150,1800,RN_DNODE_00339,0.099906251695421,0.0,0.099906251695421,RN_DRAIN_00534,1.0125751333185353,synthetic_manning_scenario,0.0,0.099906251695421,0.0,0.0,0.0
120_150,rajendra_nagar_heavy_rain_demo,120,150,1800,RN_DNODE_00487,0.0,0.0,0.0,RN_DRAIN_00020,0.03485428291526828,synthetic_manning_scenario,0.0,0.0,0.0,0.0,0.0
120_150,rajendra_nagar_heavy_rain_demo,120,150,1800,RN_DNODE_00032,0.06037500275505914,0.1272696969192279,0.18764469967428704,RN_DRAIN_00072,0.12723324562335805,synthetic_manning_scenario,0.0,0.12723324562335805,0.06041145405092899,0.0,108.74061729167218
120_150,rajendra_nagar_heavy_rain_demo,120,150,1800,RN_DNODE_00398,0.0,0.03484430030503481,0.03484430030503481,RN_DRAIN_00028,0.03485428291526828,synthetic_manning_scenario,0.0,0.03484430030503481,0.0,0.0,0.0
120_150,rajendra_nagar_heavy_rain_demo,120,150,1800,RN_DNODE_00345,0.0,0.0,0.0,RN_DRAIN_00098,0.8518909483625728,synthetic_manning_scenario,0.0,0.0,0.0,0.0,0.0
120_150,rajendra_nagar_heavy_rain_demo,120,150,1800,RN_DNODE_00516,0.0,0.0,0.0,RN_DRAIN_00071,0.5640755664606801,synthetic_manning_scenario,0.0,0.0,0.0,0.0,0.0
120_150,rajendra_nagar_heavy_rain_demo,120,150,1800,RN_DNODE_00011,0.13656250529819064,0.03485428291526828,0.1714167882134589,RN_DRAIN_00151,0.03485428291526828,synthetic_manning_scenario,0.0,0.03485428291526828,0.13656250529819064,0.0,245.81250953674316
120_150,rajendra_nagar_heavy_rain_demo,120,150,1800,RN_DNODE_00414,0.03593750105963813,0.04832201195748927,0.0842595130171274,RN_DRAIN_00171,0.09781403471816273,synthetic_manning_scenario,0.0,0.0842595130171274,0.0,0.0,0.0
120_150,rajendra_nagar_heavy_rain_demo,120,150,1800,RN_DNODE_00096,0.22065626038445366,0.17892182122907802,0.3995780816135317,RN_DRAIN_00186,0.151090496238554,synthetic_manning_scenario,0.0,0.151090496238554,0.2484875853749777,0.0,447.2776536749599
120_150,rajendra_nagar_heavy_rain_demo,120,150,1800,RN_DNODE_00478,0.03809375127156576,0.03485428291526828,0.07294803418683404,RN_DRAIN_00185,0.03485428291526828,synthetic_manning_scenario,0.0,0.03485428291526828,0.038093751271565765,0.0,68.56875228881837
120_150,rajendra_nagar_heavy_rain_demo,120,150,1800,RN_DNODE_00010,0.06181250360276964,0.03485428291526828,0.09666678651803792,RN_DRAIN_00200,0.03484430030503481,synthetic_manning_scenario,0.0,0.03484430030503481,0.06182248621300311,0.0,111.2804751834056
120_150,rajendra_nagar_heavy_rain_demo,120,150,1800,RN_DNODE_00531,0.0,0.03485428291526828,0.03485428291526828,RN_DRAIN_00251,0.12440295982607016,synthetic_manning_scenario,0.0,0.03485428291526828,0.0,0.0,0.0
120_150,rajendra_nagar_heavy_rain_demo,120,150,1800,RN_DNODE_00550,0.0,0.03484430030503481,0.03484430030503481,RN_DRAIN_00253,0.0834630887675077,synthetic_manning_scenario,0.0,0.03484430030503481,0.0,0.0,0.0
120_150,rajendra_nagar_heavy_rain_demo,120,150,1800,RN_DNODE_00012,0.0,0.0,0.0,RN_DRAIN_00269,0.03485428291526828,synthetic_manning_scenario,0.0,0.0,0.0,0.0,0.0
120_150,rajendra_nagar_heavy_rain_demo,120,150,1800,RN_DNODE_00094,0.0,0.0,0.0,RN_DRAIN_00297,0.12393226543861699,synthetic_manning_scenario,0.0,0.0,0.0,0.0,0.0
120_150,rajendra_nagar_heavy_rain_demo,120,150,1800,RN_DNODE_00036,0.0,0.0,0.0,RN_DRAIN_00399,0.1272696969192279,synthetic_manning_scenario,0.0,0.0,0.0,0.0,0.0
120_150,rajendra_nagar_heavy_rain_demo,120,150,1800,RN_DNODE_00457,0.012218750847710503,0.1353812142771686,0.1475999651248791,RN_DRAIN_00375,0.17518330495315723,synthetic_manning_scenario,0.0,0.1475999651248791,0.0,0.0,0.0
120_150,rajendra_nagar_heavy_rain_demo,120,150,1800,RN_DNODE_00549,0.035218751695421005,0.08265625423855251,0.11787500593397351,RN_DRAIN_00386,0.03485428291526828,synthetic_manning_scenario,0.0,0.03485428291526828,0.08302072301870524,0.0,149.43730143366943
120_150,rajendra_nagar_heavy_rain_demo,120,150,1800,RN_DNODE_00060,0.0,0.0,0.0,RN_DRAIN_00432,0.1272696969192279,synthetic_manning_scenario,0.0,0.0,0.0,0.0,0.0
120_150,rajendra_nagar_heavy_rain_demo,120,150,1800,RN_DNODE_00108,0.0,0.0,0.0,RN_DRAIN_00482,0.1272696969192279,synthetic_manning_scenario,0.0,0.0,0.0,0.0,0.0
120_150,rajendra_nagar_heavy_rain_demo,120,150,1800,RN_DNODE_00206,0.04815625190734863,0.07546875317891438,0.123625005086263,RN_DRAIN_00517,0.03485428291526828,synthetic_manning_scenario,0.0,0.03485428291526828,0.08877072217099473,0.0,159.7872999077905
120_150,rajendra_nagar_heavy_rain_demo,120,150,1800,RN_DNODE_00425,0.31481250762939456,0.134408746652645,0.4492212542820395,RN_DRAIN_00493,0.36701701471119386,synthetic_manning_scenario,0.0,0.36701701471119386,0.08220423957084566,0.0,147.9676312275222
120_150,rajendra_nagar_heavy_rain_demo,120,150,1800,RN_DNODE_00381,0.0,0.0,0.0,RN_DRAIN_00525,0.03484430030503481,synthetic_manning_scenario,0.0,0.0,0.0,0.0,0.0
120_150,rajendra_nagar_heavy_rain_demo,120,150,1800,RN_DNODE_00178,0.0,0.0,0.0,,,,,0.0,0.0,0.0,0.0
120_150,rajendra_nagar_heavy_rain_demo,120,150,1800,RN_DNODE_00328,0.02515625105963813,0.13476053461068926,0.15991678567032738,RN_DRAIN_00530,0.1272696969192279,synthetic_manning_scenario,0.0,0.1272696969192279,0.03264708875109948,0.0,58.764759751979064
120_150,rajendra_nagar_heavy_rain_demo,120,150,1800,RN_DNODE_00483,0.0,0.0,0.0,RN_DRAIN_00019,0.1831443771284688,synthetic_manning_scenario,0.0,0.0,0.0,0.0,0.0
120_150,rajendra_nagar_heavy_rain_demo,120,150,1800,RN_DNODE_00040,0.05965625339084201,0.12723324562335805,0.18688949901420007,RN_DRAIN_00081,0.5017366265441451,synthetic_manning_scenario,0.0,0.18688949901420007,0.0,0.0,0.0
120_150,rajendra_nagar_heavy_rain_demo,120,150,1800,RN_DNODE_00399,0.0,0.03484430030503481,0.03484430030503481,RN_DRAIN_00015,0.13777301901343705,synthetic_manning_scenario,0.0,0.03484430030503481,0.0,0.0,0.0
120_150,rajendra_nagar_heavy_rain_demo,120,150,1800,RN_DNODE_00517,0.0,0.0,0.0,RN_DRAIN_00063,0.1272696969192279,synthetic_manning_scenario,0.0,0.0,0.0,0.0,0.0
120_150,rajendra_nagar_heavy_rain_demo,120,150,1800,RN_DNODE_00016,0.012218750847710503,0.03485428291526828,0.04707303376297878,RN_DRAIN_00152,0.04100835586442703,synthetic_manning_scenario,0.0,0.04100835586442703,0.006064677898551744,0.0,10.91642021739314
120_150,rajendra_nagar_heavy_rain_demo,120,150,1800,RN_DNODE_00407,0.04815625190734863,0.0842595130171274,0.13241576492447604,RN_DRAIN_00170,0.03485428291526828,synthetic_manning_scenario,0.0,0.03485428291526828,0.09756148200920776,0.0,175.61066761657398
120_150,rajendra_nagar_heavy_rain_demo,120,150,1800,RN_DNODE_00104,0.03593750105963813,0.151090496238554,0.18702799729819214,RN_DRAIN_00187,0.044467843567026905,synthetic_manning_scenario,0.0,0.044467843567026905,0.14256015373116523,0.0,256.6082767160974
120_150,rajendra_nagar_heavy_rain_demo,120,150,1800,RN_DNODE_00479,0.03737500190734863,0.03485428291526828,0.07222928482261691,RN_DRAIN_00173,0.09995654869004258,synthetic_manning_scenario,0.0,0.07222928482261691,0.0,0.0,0.0
120_150,rajendra_nagar_heavy_rain_demo,120,150,1800,RN_DNODE_00015,0.05965625339084201,0.03484430030503481,0.09450055369587682,RN_DRAIN_00210,0.03485428291526828,synthetic_manning_scenario,0.0,0.03485428291526828,0.05964627078060854,0.0,107.36328740509536
120_150,rajendra_nagar_heavy_rain_demo,120,150,1800,RN_DNODE_00548,0.21778125656975642,0.03484430030503481,0.2526255568747912,RN_DRAIN_00252,0.18704808214959012,synthetic_manning_scenario,0.0,0.18704808214959012,0.06557747472520109,0.0,118.03945450536196
120_150,rajendra_nagar_heavy_rain_demo,120,150,1800,RN_DNODE_00013,0.0,0.0,0.0,RN_DRAIN_00256,0.06221965419535514,synthetic_manning_scenario,0.0,0.0,0.0,0.0,0.0
120_150,rajendra_nagar_heavy_rain_demo,120,150,1800,RN_DNODE_00102,0.0,0.0,0.0,RN_DRAIN_00284,0.03485428291526828,synthetic_manning_scenario,0.0,0.0,0.0,0.0,0.0
120_150,rajendra_nagar_heavy_rain_demo,120,150,1800,RN_DNODE_00045,0.0,0.0,0.0,RN_DRAIN_00400,0.12719678388149364,synthetic_manning_scenario,0.0,0.0,0.0,0.0,0.0
120_150,rajendra_nagar_heavy_rain_demo,120,150,1800,RN_DNODE_00458,0.2724062622918023,0.21731871703222774,0.48972497932403003,RN_DRAIN_00368,0.391656185493259,synthetic_manning_scenario,0.0,0.391656185493259,0.09806879383077105,0.0,176.52382889538788
120_150,rajendra_nagar_heavy_rain_demo,120,150,1800,RN_DNODE_00547,0.03665625254313151,0.03485428291526828,0.07151053545839979,RN_DRAIN_00385,0.03485428291526828,synthetic_manning_scenario,0.0,0.03485428291526828,0.03665625254313151,0.0,65.98125457763672
120_150,rajendra_nagar_heavy_rain_demo,120,150,1800,RN_DNODE_00068,0.13440625190734865,0.024437501695421006,0.15884375360276964,RN_DRAIN_00433,0.1272696969192279,synthetic_manning_scenario,0.0,0.1272696969192279,0.03157405668354174,0.0,56.83330203037513
120_150,rajendra_nagar_heavy_rain_demo,120,150,1800,RN_DNODE_00118,0.0,0.0,0.0,RN_DRAIN_00470,0.12723324562335805,synthetic_manning_scenario,0.0,0.0,0.0,0.0,0.0
120_150,rajendra_nagar_heavy_rain_demo,120,150,1800,RN_DNODE_00180,0.13368750360276965,0.03485428291526828,0.16854178651803792,RN_DRAIN_00516,0.03484430030503481,synthetic_manning_scenario,0.0,0.03484430030503481,0.1336974862130031,0.0,240.65547518340557
120_150,rajendra_nagar_heavy_rain_demo,120,150,1800,RN_DNODE_00420,0.012218750847710503,0.36701701471119386,0.37923576555890437,RN_DRAIN_00480,0.4455532640291579,synthetic_manning_scenario,0.0,0.37923576555890437,0.0,0.0,0.0
120_150,rajendra_nagar_heavy_rain_demo,120,150,1800,RN_DNODE_00390,0.0,0.0,0.0,RN_DRAIN_00510,0.3236021441753258,synthetic_manning_scenario,0.0,0.0,0.0,0.0,0.0
120_150,rajendra_nagar_heavy_rain_demo,120,150,1800,RN_DNODE_00313,0.0,0.1272696969192279,0.1272696969192279,RN_DRAIN_00529,0.43897728400959335,synthetic_manning_scenario,0.0,0.1272696969192279,0.0,0.0,0.0
120_150,rajendra_nagar_heavy_rain_demo,120,150,1800,RN_DNODE_00474,0.0,0.0,0.0,RN_DRAIN_00018,0.07184184000329723,synthetic_manning_scenario,0.0,0.0,0.0,0.0,0.0
120_150,rajendra_nagar_heavy_rain_demo,120,150,1800,RN_DNODE_00050,0.0,0.18688949901420007,0.18688949901420007,RN_DRAIN_00082,0.1272696969192279,synthetic_manning_scenario,0.0,0.1272696969192279,0.05961980209497217,0.0,107.3156437709499
120_150,rajendra_nagar_heavy_rain_demo,120,150,1800,RN_DNODE_00400,0.0,0.03484430030503481,0.03484430030503481,RN_DRAIN_00010,0.12497491764534203,synthetic_manning_scenario,0.0,0.03484430030503481,0.0,0.0,0.0
120_150,rajendra_nagar_heavy_rain_demo,120,150,1800,RN_DNODE_00504,0.9049062707689073,0.024437501695421006,0.9293437724643283,RN_DRAIN_00053,0.15694054372586286,synthetic_manning_scenario,0.0,0.15694054372586286,0.7724032287384655,0.0,1390.3258117292378
120_150,rajendra_nagar_heavy_rain_demo,120,150,1800,RN_DNODE_00019,0.059656251271565756,0.04100835586442703,0.10066460713599279,RN_DRAIN_00153,0.03485428291526828,synthetic_manning_scenario,0.0,0.03485428291526828,0.06581032422072451,0.0,118.45858359730413
120_150,rajendra_nagar_heavy_rain_demo,120,150,1800,RN_DNODE_00397,0.1710625097486708,0.03485428291526828,0.20591679266393909,RN_DRAIN_00169,0.03484430030503481,synthetic_manning_scenario,0.0,0.03484430030503481,0.17107249235890426,0.0,307.93048624602767
120_150,rajendra_nagar_heavy_rain_demo,120,150,1800,RN_DNODE_00113,0.035218751695421005,0.044467843567026905,0.07968659526244791,RN_DRAIN_00188,0.13686859948507724,synthetic_manning_scenario,0.0,0.07968659526244791,0.0,0.0,0.0
120_150,rajendra_nagar_heavy_rain_demo,120,150,1800,RN_DNODE_00480,0.03809375127156576,0.07222928482261691,0.11032303609418267,RN_DRAIN_00160,0.06233696028667062,synthetic_manning_scenario,0.0,0.06233696028667062,0.04798607580751205,0.0,86.3749364535217
120_150,rajendra_nagar_heavy_rain_demo,120,150,1800,RN_DNODE_00018,0.15956250614590115,0.03485428291526828,0.19441678906116944,RN_DRAIN_00220,0.12723324562335805,synthetic_manning_scenario,0.0,0.12723324562335805,0.06718354343781138,0.0,120.93037818806049
120_150,rajendra_nagar_heavy_rain_demo,120,150,1800,RN_DNODE_00545,0.0,0.18704808214959012,0.18704808214959012,RN_DRAIN_00268,0.18815700295850665,synthetic_manning_scenario,0.0,0.18704808214959012,0.0,0.0,0.0
120_150,rajendra_nagar_heavy_rain_demo,120,150,1800,RN_DNODE_00017,0.21059375445048015,0.0,0.21059375445048015,RN_DRAIN_00240,0.03485428291526828,synthetic_manning_scenario,0.0,0.03485428291526828,0.17573947153521186,0.0,316.3310487633813
120_150,rajendra_nagar_heavy_rain_demo,120,150,1800,RN_DNODE_00111,0.7280937629275852,0.0,0.7280937629275852,RN_DRAIN_00285,0.03484430030503481,synthetic_manning_scenario,0.0,0.03484430030503481,0.6932494626225504,0.0,1247.8490327205907
120_150,rajendra_nagar_heavy_rain_demo,120,150,1800,RN_DNODE_00053,0.0,0.0,0.0,RN_DRAIN_00401,0.1272696969192279,synthetic_manning_scenario,0.0,0.0,0.0,0.0,0.0
120_150,rajendra_nagar_heavy_rain_demo,120,150,1800,RN_DNODE_00454,0.33493750784132215,0.4168124365528971,0.7517499443942193,RN_DRAIN_00359,0.48087166299014095,synthetic_manning_scenario,0.0,0.48087166299014095,0.2708782814040783,0.0,487.58090652734097
120_150,rajendra_nagar_heavy_rain_demo,120,150,1800,RN_DNODE_00544,0.28246875762939455,0.03485428291526828,0.3173230405446628,RN_DRAIN_00384,0.15013191509707569,synthetic_manning_scenario,0.0,0.15013191509707569,0.16719112544758713,0.0,300.94402580565685
120_150,rajendra_nagar_heavy_rain_demo,120,150,1800,RN_DNODE_00157,0.04959375275505914,0.03484430030503481,0.08443805306009394,RN_DRAIN_00507,0.3596921468391413,synthetic_manning_scenario,0.0,0.08443805306009394,0.0,0.0,0.0
120_150,rajendra_nagar_heavy_rain_demo,120,150,1800,RN_DNODE_00411,0.08265625423855252,0.4262988167116497,0.5089550709502022,RN_DRAIN_00479,0.30124813859248456,synthetic_manning_scenario,0.0,0.30124813859248456,0.20770693235771764,0.0,373.87247824389175
120_150,rajendra_nagar_heavy_rain_demo,120,150,1800,RN_DNODE_00402,0.0,0.0,0.0,RN_DRAIN_00501,0.5315703032862718,synthetic_manning_scenario,0.0,0.0,0.0,0.0,0.0
120_150,rajendra_nagar_heavy_rain_demo,120,150,1800,RN_DNODE_00295,0.10996875551011827,0.1272696969192279,0.23723845242934616,RN_DRAIN_00524,0.4840443716707854,synthetic_manning_scenario,0.0,0.23723845242934616,0.0,0.0,0.0
120_150,rajendra_nagar_heavy_rain_demo,120,150,1800,RN_DNODE_00467,0.2350312582651774,0.0,0.2350312582651774,RN_DRAIN_00017,0.03485428291526828,synthetic_manning_scenario,0.0,0.03485428291526828,0.20017697534990914,0.0,360.31855562983645
120_150,rajendra_nagar_heavy_rain_demo,120,150,1800,RN_DNODE_00387,0.0,0.03484430030503481,0.03484430030503481,RN_DRAIN_00004,0.02637752433631995,synthetic_manning_scenario,0.0,0.02637752433631995,0.008466775968714861,0.0,15.24019674368675
120_150,rajendra_nagar_heavy_rain_demo,120,150,1800,RN_DNODE_00505,0.0,0.15694054372586286,0.15694054372586286,,,,,0.0,0.0,0.15694054372586286,0.0
120_150,rajendra_nagar_heavy_rain_demo,120,150,1800,RN_DNODE_00023,0.18112500614590116,0.03485428291526828,0.21597928906116942,RN_DRAIN_00154,0.03485428291526828,synthetic_manning_scenario,0.0,0.03485428291526828,0.18112500614590116,0.0,326.02501106262207
120_150,rajendra_nagar_heavy_rain_demo,120,150,1800,RN_DNODE_00386,0.06325000233120388,0.03484430030503481,0.0980943026362387,RN_DRAIN_00159,0.06828671863062642,synthetic_manning_scenario,0.0,0.06828671863062642,0.029807584005612273,0.0,53.65365121010209
120_150,rajendra_nagar_heavy_rain_demo,120,150,1800,RN_DNODE_00125,0.0,0.07968659526244791,0.07968659526244791,RN_DRAIN_00177,0.29797263860351214,synthetic_manning_scenario,0.0,0.07968659526244791,0.0,0.0,0.0
120_150,rajendra_nagar_heavy_rain_demo,120,150,1800,RN_DNODE_00481,0.1092500040266249,0.06233696028667062,0.1715869643132955,RN_DRAIN_00147,0.03485428291526828,synthetic_manning_scenario,0.0,0.03485428291526828,0.13673268139802724,0.0,246.11882651644905
120_150,rajendra_nagar_heavy_rain_demo,120,150,1800,RN_DNODE_00542,0.0,0.18704808214959012,0.18704808214959012,RN_DRAIN_00267,0.03485428291526828,synthetic_manning_scenario,0.0,0.03485428291526828,0.15219379923432186,0.0,273.9488386217794
120_150,rajendra_nagar_heavy_rain_demo,120,150,1800,RN_DNODE_00021,0.03593750105963813,0.1969418114538946,0.23287931251353275,RN_DRAIN_00241,0.12723324562335805,synthetic_manning_scenario,0.0,0.12723324562335805,0.1056460668901747,0.0,190.16292040231446
120_150,rajendra_nagar_heavy_rain_demo,120,150,1800,RN_DNODE_00122,0.0,0.03484430030503481,0.03484430030503481,RN_DRAIN_00298,0.03484430030503481,synthetic_manning_scenario,0.0,0.03484430030503481,0.0,0.0,0.0
120_150,rajendra_nagar_heavy_rain_demo,120,150,1800,RN_DNODE_00062,0.0,0.0,0.0,RN_DRAIN_00412,0.12723324562335805,synthetic_manning_scenario,0.0,0.0,0.0,0.0,0.0
120_150,rajendra_nagar_heavy_rain_demo,120,150,1800,RN_DNODE_00445,0.0,0.48087166299014095,0.48087166299014095,RN_DRAIN_00352,0.7483774137344394,synthetic_manning_scenario,0.0,0.48087166299014095,0.0,0.0,0.0
120_150,rajendra_nagar_heavy_rain_demo,120,150,1800,RN_DNODE_00540,0.07331250296698676,0.15013191509707569,0.22344441806406246,RN_DRAIN_00378,0.1348146985507728,synthetic_manning_scenario,0.0,0.1348146985507728,0.08862971951328966,0.0,159.53349512392137
120_150,rajendra_nagar_heavy_rain_demo,120,150,1800,RN_DNODE_00140,0.0,0.08443805306009394,0.08443805306009394,RN_DRAIN_00498,0.31364418229729374,synthetic_manning_scenario,0.0,0.08443805306009394,0.0,0.0,0.0
120_150,rajendra_nagar_heavy_rain_demo,120,150,1800,RN_DNODE_00404,0.023000000847710502,0.32424813944019504,0.3472481402879055,RN_DRAIN_00478,0.30124813859248456,synthetic_manning_scenario,0.0,0.30124813859248456,0.046000001695420956,0.0,82.80000305175773
120_150,rajendra_nagar_heavy_rain_demo,120,150,1800,RN_DNODE_00403,0.0,0.0,0.0,RN_DRAIN_00492,0.48250869403237323,synthetic_manning_scenario,0.0,0.0,0.0,0.0,0.0
120_150,rajendra_nagar_heavy_rain_demo,120,150,1800,RN_DNODE_00284,0.04815625190734863,0.23723845242934616,0.2853947043366948,RN_DRAIN_00523,0.8030954072736205,synthetic_manning_scenario,0.0,0.2853947043366948,0.0,0.0,0.0
120_150,rajendra_nagar_heavy_rain_demo,120,150,1800,RN_DNODE_00379,0.0,0.02637752433631995,0.02637752433631995,,,,,0.0,0.0,0.02637752433631995,0.0
120_150,rajendra_nagar_heavy_rain_demo,120,150,1800,RN_DNODE_00027,0.07546875317891438,0.03485428291526828,0.11032303609418266,RN_DRAIN_00155,0.03484430030503481,synthetic_manning_scenario,0.0,0.03484430030503481,0.07547873578914785,0.0,135.86172442046612
120_150,rajendra_nagar_heavy_rain_demo,120,150,1800,RN_DNODE_00378,0.07546875317891438,0.06828671863062642,0.1437554718095408,RN_DRAIN_00146,0.12524186330580878,synthetic_manning_scenario,0.0,0.12524186330580878,0.018513608503732015,0.0,33.32449530671763
120_150,rajendra_nagar_heavy_rain_demo,120,150,1800,RN_DNODE_00136,0.0,0.07968659526244791,0.07968659526244791,RN_DRAIN_00161,0.16698035472771766,synthetic_manning_scenario,0.0,0.07968659526244791,0.0,0.0,0.0
120_150,rajendra_nagar_heavy_rain_demo,120,150,1800,RN_DNODE_00482,0.024437501695421006,0.03485428291526828,0.059291784610689284,RN_DRAIN_00134,0.03484430030503481,synthetic_manning_scenario,0.0,0.03484430030503481,0.024447484305654472,0.0,44.00547175017805
120_150,rajendra_nagar_heavy_rain_demo,120,150,1800,RN_DNODE_00537,0.0,0.03485428291526828,0.03485428291526828,RN_DRAIN_00266,0.1272696969192279,synthetic_manning_scenario,0.0,0.03485428291526828,0.0,0.0,0.0
120_150,rajendra_nagar_heavy_rain_demo,120,150,1800,RN_DNODE_00026,0.03809375127156576,0.12723324562335805,0.1653269968949238,RN_DRAIN_00257,0.7029886526903337,synthetic_manning_scenario,0.0,0.1653269968949238,0.0,0.0,0.0
120_150,rajendra_nagar_heavy_rain_demo,120,150,1800,RN_DNODE_00133,0.0,0.03484430030503481,0.03484430030503481,RN_DRAIN_00314,0.1550630537514668,synthetic_manning_scenario,0.0,0.03484430030503481,0.0,0.0,0.0
120_150,rajendra_nagar_heavy_rain_demo,120,150,1800,RN_DNODE_00069,0.9717500156826443,0.0,0.9717500156826443,RN_DRAIN_00421,0.12723324562335805,synthetic_manning_scenario,0.0,0.12723324562335805,0.8445167700592863,0.0,1520.1301861067152
120_150,rajendra_nagar_heavy_rain_demo,120,150,1800,RN_DNODE_00446,0.08193750275505914,0.48087166299014095,0.5628091657452001,RN_DRAIN_00345,0.6085297810986018,synthetic_manning_scenario,0.0,0.5628091657452001,0.0,0.0,0.0
120_150,rajendra_nagar_heavy_rain_demo,120,150,1800,RN_DNODE_00536,0.11787500381469726,0.1696689814660411,0.2875439852807383,RN_DRAIN_00369,0.18393770855067063,synthetic_manning_scenario,0.0,0.18393770855067063,0.1036062767300677,0.0,186.49129811412186
120_150,rajendra_nagar_heavy_rain_demo,120,150,1800,RN_DNODE_00141,0.0,0.08443805306009394,0.08443805306009394,RN_DRAIN_00485,0.02637752433631995,synthetic_manning_scenario,0.0,0.02637752433631995,0.05806052872377399,0.0,104.50895170279318
120_150,rajendra_nagar_heavy_rain_demo,120,150,1800,RN_DNODE_00391,0.4276562542385525,0.3134668894401951,0.7411231436787475,RN_DRAIN_00477,0.30124813859248456,synthetic_manning_scenario,0.0,0.30124813859248456,0.439875005086263,0.0,791.7750091552733
120_150,rajendra_nagar_heavy_rain_demo,120,150,1800,RN_DNODE_00278,0.13800000614590116,0.2853947043366948,0.4233947104825959,RN_DRAIN_00522,0.4808041363512746,synthetic_manning_scenario,0.0,0.4233947104825959,0.0,0.0,0.0
120_150,rajendra_nagar_heavy_rain_demo,120,150,1800,RN_DNODE_00031,0.0,0.03484430030503481,0.03484430030503481,RN_DRAIN_00135,0.03484430030503481,synthetic_manning_scenario,0.0,0.03484430030503481,0.0,0.0,0.0
120_150,rajendra_nagar_heavy_rain_demo,120,150,1800,RN_DNODE_00373,0.0,0.12524186330580878,0.12524186330580878,RN_DRAIN_00132,0.1267604035528174,synthetic_manning_scenario,0.0,0.12524186330580878,0.0,0.0,0.0
120_150,rajendra_nagar_heavy_rain_demo,120,150,1800,RN_DNODE_00153,0.0,0.07968659526244791,0.07968659526244791,RN_DRAIN_00162,0.20061316841502458,synthetic_manning_scenario,0.0,0.07968659526244791,0.0,0.0,0.0
120_150,rajendra_nagar_heavy_rain_demo,120,150,1800,RN_DNODE_00472,0.024437501695421006,0.060000551364672944,0.08443805306009394,RN_DRAIN_00119,0.1272696969192279,synthetic_manning_scenario,0.0,0.08443805306009394,0.0,0.0,0.0
120_150,rajendra_nagar_heavy_rain_demo,120,150,1800,RN_DNODE_00530,0.0,0.03485428291526828,0.03485428291526828,RN_DRAIN_00265,0.12723324562335805,synthetic_manning_scenario,0.0,0.03485428291526828,0.0,0.0,0.0
120_150,rajendra_nagar_heavy_rain_demo,120,150,1800,RN_DNODE_00025,0.0,0.1653269968949238,0.1653269968949238,RN_DRAIN_00270,0.12723324562335805,synthetic_manning_scenario,0.0,0.12723324562335805,0.03809375127156575,0.0,68.56875228881835
120_150,rajendra_nagar_heavy_rain_demo,120,150,1800,RN_DNODE_00148,0.0,0.03484430030503481,0.03484430030503481,RN_DRAIN_00315,0.1734811093212871,synthetic_manning_scenario,0.0,0.03484430030503481,0.0,0.0,0.0
120_150,rajendra_nagar_heavy_rain_demo,120,150,1800,RN_DNODE_00073,0.0,0.254502942542586,0.254502942542586,RN_DRAIN_00434,0.46733711847571097,synthetic_manning_scenario,0.0,0.254502942542586,0.0,0.0,0.0
120_150,rajendra_nagar_heavy_rain_demo,120,150,1800,RN_DNODE_00526,0.0,0.18393770855067063,0.18393770855067063,RN_DRAIN_00363,0.8884739605124451,synthetic_manning_scenario,0.0,0.18393770855067063,0.0,0.0,0.0
120_150,rajendra_nagar_heavy_rain_demo,120,150,1800,RN_DNODE_00129,0.0,0.02637752433631995,0.02637752433631995,RN_DRAIN_00471,0.03485428291526828,synthetic_manning_scenario,0.0,0.02637752433631995,0.0,0.0,0.0
120_150,rajendra_nagar_heavy_rain_demo,120,150,1800,RN_DNODE_00382,0.024437501695421006,0.3360924388975194,0.3605299405929404,RN_DRAIN_00476,1.5879626023456346,synthetic_manning_scenario,0.0,0.3605299405929404,0.0,0.0,0.0
120_150,rajendra_nagar_heavy_rain_demo,120,150,1800,RN_DNODE_00272,0.0,0.44855096154223406,0.44855096154223406,RN_DRAIN_00509,0.8534250354908414,synthetic_manning_scenario,0.0,0.44855096154223406,0.0,0.0,0.0
120_150,rajendra_nagar_heavy_rain_demo,120,150,1800,RN_DNODE_00039,0.08121875339084202,0.05928180200045582,0.14050055539129783,RN_DRAIN_00121,0.12723324562335805,synthetic_manning_scenario,0.0,0.12723324562335805,0.013267309767939772,0.0,23.88115758229159
120_150,rajendra_nagar_heavy_rain_demo,120,150,1800,RN_DNODE_00365,0.06109375211927626,0.12524186330580878,0.18633561542508503,RN_DRAIN_00145,0.21676002461835764,synthetic_manning_scenario,0.0,0.18633561542508503,0.0,0.0,0.0
120_150,rajendra_nagar_heavy_rain_demo,120,150,1800,RN_DNODE_00174,0.0,0.07968659526244791,0.07968659526244791,RN_DRAIN_00156,0.03484430030503481,synthetic_manning_scenario,0.0,0.03484430030503481,0.0448422949574131,0.0,80.71613092334357
120_150,rajendra_nagar_heavy_rain_demo,120,150,1800,RN_DNODE_00473,0.06109375211927626,0.08443805306009394,0.1455318051793702,RN_DRAIN_00102,0.12723324562335805,synthetic_manning_scenario,0.0,0.12723324562335805,0.018298559556012145,0.0,32.93740720082186
120_150,rajendra_nagar_heavy_rain_demo,120,150,1800,RN_DNODE_00523,0.0,0.06970856583053656,0.06970856583053656,RN_DRAIN_00250,0.33976832673800367,synthetic_manning_scenario,0.0,0.06970856583053656,0.0,0.0,0.0
120_150,rajendra_nagar_heavy_rain_demo,120,150,1800,RN_DNODE_00030,0.0,0.12723324562335805,0.12723324562335805,RN_DRAIN_00282,0.6385097114211645,synthetic_manning_scenario,0.0,0.12723324562335805,0.0,0.0,0.0
120_150,rajendra_nagar_heavy_rain_demo,120,150,1800,RN_DNODE_00167,0.0,0.03484430030503481,0.03484430030503481,RN_DRAIN_00299,0.30262734913588674,synthetic_manning_scenario,0.0,0.03484430030503481,0.0,0.0,0.0
120_150,rajendra_nagar_heavy_rain_demo,120,150,1800,RN_DNODE_00083,0.0,0.254502942542586,0.254502942542586,RN_DRAIN_00422,0.8950470007614398,synthetic_manning_scenario,0.0,0.254502942542586,0.0,0.0,0.0
120_150,rajendra_nagar_heavy_rain_demo,120,150,1800,RN_DNODE_00520,0.05678125169542101,0.26659396278922315,0.3233752144846442,RN_DRAIN_00354,0.8904712544361131,synthetic_manning_scenario,0.0,0.3233752144846442,0.0,0.0,0.0
120_150,rajendra_nagar_heavy_rain_demo,120,150,1800,RN_DNODE_00130,0.0,0.02637752433631995,0.02637752433631995,RN_DRAIN_00462,0.1272696969192279,synthetic_manning_scenario,0.0,0.02637752433631995,0.0,0.0,0.0
120_150,rajendra_nagar_heavy_rain_demo,120,150,1800,RN_DNODE_00374,0.0,0.3605299405929404,0.3605299405929404,RN_DRAIN_00475,1.3110899309156265,synthetic_manning_scenario,0.0,0.3605299405929404,0.0,0.0,0.0
120_150,rajendra_nagar_heavy_rain_demo,120,150,1800,RN_DNODE_00273,0.05821875360276964,0.44855096154223406,0.5067697151450037,RN_DRAIN_00500,0.3882542420713991,synthetic_manning_scenario,0.0,0.3882542420713991,0.1185154730736046,0.0,213.3278515324883
120_150,rajendra_nagar_heavy_rain_demo,120,150,1800,RN_DNODE_00049,0.012218750847710503,0.12723324562335805,0.13945199647106857,RN_DRAIN_00105,0.1272696969192279,synthetic_manning_scenario,0.0,0.1272696969192279,0.012182299551840664,0.0,21.928139193313196
120_150,rajendra_nagar_heavy_rain_demo,120,150,1800,RN_DNODE_00360,0.03665625042385525,0.18633561542508503,0.2229918658489403,RN_DRAIN_00144,0.10887560820568472,synthetic_manning_scenario,0.0,0.10887560820568472,0.11411625764325557,0.0,205.40926375786003
120_150,rajendra_nagar_heavy_rain_demo,120,150,1800,RN_DNODE_00460,0.03737500190734863,0.12723324562335805,0.1646082475307067,RN_DRAIN_00077,0.1272696969192279,synthetic_manning_scenario,0.0,0.1272696969192279,0.03733855061147878,0.0,67.2093911006618
120_150,rajendra_nagar_heavy_rain_demo,120,150,1800,RN_DNODE_00515,0.0,0.06970856583053656,0.06970856583053656,RN_DRAIN_00264,0.25964530282323023,synthetic_manning_scenario,0.0,0.06970856583053656,0.0,0.0,0.0
120_150,rajendra_nagar_heavy_rain_demo,120,150,1800,RN_DNODE_00037,0.0,0.12723324562335805,0.12723324562335805,RN_DRAIN_00283,0.4789095248259892,synthetic_manning_scenario,0.0,0.12723324562335805,0.0,0.0,0.0
120_150,rajendra_nagar_heavy_rain_demo,120,150,1800,RN_DNODE_00192,0.0,0.03484430030503481,0.03484430030503481,RN_DRAIN_00300,0.12619378157464736,synthetic_manning_scenario,0.0,0.03484430030503481,0.0,0.0,0.0
120_150,rajendra_nagar_heavy_rain_demo,120,150,1800,RN_DNODE_00092,0.0,0.254502942542586,0.254502942542586,RN_DRAIN_00423,0.30124813859248456,synthetic_manning_scenario,0.0,0.254502942542586,0.0,0.0,0.0
120_150,rajendra_nagar_heavy_rain_demo,120,150,1800,RN_DNODE_00510,0.0,0.5761589941191547,0.5761589941191547,RN_DRAIN_00347,0.30124813859248456,synthetic_manning_scenario,0.0,0.30124813859248456,0.27491085552667016,0.0,494.8395399480063
120_150,rajendra_nagar_heavy_rain_demo,120,150,1800,RN_DNODE_00368,0.0,0.3605299405929404,0.3605299405929404,RN_DRAIN_00465,1.8547357326579403,synthetic_manning_scenario,0.0,0.3605299405929404,0.0,0.0,0.0
120_150,rajendra_nagar_heavy_rain_demo,120,150,1800,RN_DNODE_00265,0.0,0.3882542420713991,0.3882542420713991,RN_DRAIN_00491,0.6913117801679162,synthetic_manning_scenario,0.0,0.3882542420713991,0.0,0.0,0.0
120_150,rajendra_nagar_heavy_rain_demo,120,150,1800,RN_DNODE_00058,0.0,0.2545393938384558,0.2545393938384558,RN_DRAIN_00083,0.30107555299333355,synthetic_manning_scenario,0.0,0.2545393938384558,0.0,0.0,0.0
120_150,rajendra_nagar_heavy_rain_demo,120,150,1800,RN_DNODE_00353,0.04743750042385525,0.10887560820568472,0.15631310862953995,RN_DRAIN_00143,0.03485428291526828,synthetic_manning_scenario,0.0,0.03485428291526828,0.12145882571427168,0.0,218.625886285689
120_150,rajendra_nagar_heavy_rain_demo,120,150,1800,RN_DNODE_00461,0.03665625254313151,0.1272696969192279,0.16392594946235942,RN_DRAIN_00070,0.3887914862481728,synthetic_manning_scenario,0.0,0.16392594946235942,0.0,0.0,0.0
120_150,rajendra_nagar_heavy_rain_demo,120,150,1800,RN_DNODE_00514,0.0,0.06970856583053656,0.06970856583053656,RN_DRAIN_00279,0.12719678388149364,synthetic_manning_scenario,0.0,0.06970856583053656,0.0,0.0,0.0
120_150,rajendra_nagar_heavy_rain_demo,120,150,1800,RN_DNODE_00046,0.0,0.12723324562335805,0.12723324562335805,RN_DRAIN_00271,0.3989314278310482,synthetic_manning_scenario,0.0,0.12723324562335805,0.0,0.0,0.0
120_150,rajendra_nagar_heavy_rain_demo,120,150,1800,RN_DNODE_00101,0.0,0.254502942542586,0.254502942542586,RN_DRAIN_00424,0.4805520220810709,synthetic_manning_scenario,0.0,0.254502942542586,0.0,0.0,0.0
120_150,rajendra_nagar_heavy_rain_demo,120,150,1800,RN_DNODE_00362,0.2012500074174669,0.3605299405929404,0.5617799480104073,RN_DRAIN_00455,0.3425817481644578,synthetic_manning_scenario,0.0,0.3425817481644578,0.21919819984594952,0.0,394.5567597227091
120_150,rajendra_nagar_heavy_rain_demo,120,150,1800,RN_DNODE_00255,0.0,0.4004729929191096,0.4004729929191096,RN_DRAIN_00490,0.1655419763093995,synthetic_manning_scenario,0.0,0.1655419763093995,0.23493101660971008,0.0,422.8758298974781
120_150,rajendra_nagar_heavy_rain_demo,120,150,1800,RN_DNODE_00067,0.0,0.28938369414349063,0.28938369414349063,RN_DRAIN_00084,0.30124813859248456,synthetic_manning_scenario,0.0,0.28938369414349063,0.0,0.0,0.0
120_150,rajendra_nagar_heavy_rain_demo,120,150,1800,RN_DNODE_00344,0.10996875339084201,0.03485428291526828,0.1448230363061103,RN_DRAIN_00142,0.10542103561186149,synthetic_manning_scenario,0.0,0.10542103561186149,0.039402000694248804,0.0,70.92360124964785
120_150,rajendra_nagar_heavy_rain_demo,120,150,1800,RN_DNODE_00462,0.035218751695421005,0.16392594946235942,0.19914470115778043,RN_DRAIN_00061,0.27705159099154153,synthetic_manning_scenario,0.0,0.19914470115778043,0.0,0.0,0.0
120_150,rajendra_nagar_heavy_rain_demo,120,150,1800,RN_DNODE_00513,0.0,0.06970856583053656,0.06970856583053656,RN_DRAIN_00293,0.1272696969192279,synthetic_manning_scenario,0.0,0.06970856583053656,0.0,0.0,0.0
120_150,rajendra_nagar_heavy_rain_demo,120,150,1800,RN_DNODE_00055,0.0,0.12723324562335805,0.12723324562335805,RN_DRAIN_00258,0.6419583207023042,synthetic_manning_scenario,0.0,0.12723324562335805,0.0,0.0,0.0
120_150,rajendra_nagar_heavy_rain_demo,120,150,1800,RN_DNODE_00110,0.0,0.254502942542586,0.254502942542586,RN_DRAIN_00435,2.759346514317241,synthetic_manning_scenario,0.0,0.254502942542586,0.0,0.0,0.0
120_150,rajendra_nagar_heavy_rain_demo,120,150,1800,RN_DNODE_00356,0.05965625339084201,0.3425817481644578,0.4022380015552998,RN_DRAIN_00454,1.4082442328435159,synthetic_manning_scenario,0.0,0.4022380015552998,0.0,0.0,0.0
120_150,rajendra_nagar_heavy_rain_demo,120,150,1800,RN_DNODE_00234,0.13081250190734864,0.1655419763093995,0.29635447821674815,RN_DRAIN_00489,0.5313346491245258,synthetic_manning_scenario,0.0,0.29635447821674815,0.0,0.0,0.0
120_150,rajendra_nagar_heavy_rain_demo,120,150,1800,RN_DNODE_00072,0.0,0.28938369414349063,0.28938369414349063,RN_DRAIN_00085,0.30124813859248456,synthetic_manning_scenario,0.0,0.28938369414349063,0.0,0.0,0.0
120_150,rajendra_nagar_heavy_rain_demo,120,150,1800,RN_DNODE_00333,0.03881250063578288,0.10542103561186149,0.14423353624764437,RN_DRAIN_00131,0.22781081406408252,synthetic_manning_scenario,0.0,0.14423353624764437,0.0,0.0,0.0
120_150,rajendra_nagar_heavy_rain_demo,120,150,1800,RN_DNODE_00463,0.26234375953674316,0.19914470115778043,0.4614884606945236,RN_DRAIN_00052,0.1272696969192279,synthetic_manning_scenario,0.0,0.1272696969192279,0.3342187637752957,0.0,601.5937747955322
120_150,rajendra_nagar_heavy_rain_demo,120,150,1800,RN_DNODE_00512,0.0,0.06970856583053656,0.06970856583053656,RN_DRAIN_00312,0.1272696969192279,synthetic_manning_scenario,0.0,0.06970856583053656,0.0,0.0,0.0
120_150,rajendra_nagar_heavy_rain_demo,120,150,1800,RN_DNODE_00064,0.0,0.12723324562335805,0.12723324562335805,RN_DRAIN_00259,0.12723324562335805,synthetic_manning_scenario,0.0,0.12723324562335805,0.0,0.0,0.0
120_150,rajendra_nagar_heavy_rain_demo,120,150,1800,RN_DNODE_00120,0.0,0.254502942542586,0.254502942542586,RN_DRAIN_00449,2.5437721438672827,synthetic_manning_scenario,0.0,0.254502942542586,0.0,0.0,0.0
120_150,rajendra_nagar_heavy_rain_demo,120,150,1800,RN_DNODE_00348,0.03737500190734863,0.4022380015552998,0.4396130034626484,RN_DRAIN_00444,1.036783363348529,synthetic_manning_scenario,0.0,0.4396130034626484,0.0,0.0,0.0
120_150,rajendra_nagar_heavy_rain_demo,120,150,1800,RN_DNODE_00207,0.07115625275505913,0.29635447821674815,0.3675107309718073,RN_DRAIN_00488,0.9868943284982327,synthetic_manning_scenario,0.0,0.3675107309718073,0.0,0.0,0.0
120_150,rajendra_nagar_heavy_rain_demo,120,150,1800,RN_DNODE_00079,0.20125000847710503,0.28938369414349063,0.4906337026205957,RN_DRAIN_00086,0.30124813859248456,synthetic_manning_scenario,0.0,0.30124813859248456,0.18938556402811113,0.0,340.89401525060003
120_150,rajendra_nagar_heavy_rain_demo,120,150,1800,RN_DNODE_00464,0.03809375127156576,0.1272696969192279,0.16536344819079365,RN_DRAIN_00044,0.642398926061122,synthetic_manning_scenario,0.0,0.16536344819079365,0.0,0.0,0.0
120_150,rajendra_nagar_heavy_rain_demo,120,150,1800,RN_DNODE_00502,0.0,0.3709567044230211,0.3709567044230211,RN_DRAIN_00332,0.30107555299333355,synthetic_manning_scenario,0.0,0.30107555299333355,0.06988115142968754,0.0,125.78607257343756
120_150,rajendra_nagar_heavy_rain_demo,120,150,1800,RN_DNODE_00070,0.0,0.12723324562335805,0.12723324562335805,RN_DRAIN_00243,0.12723324562335805,synthetic_manning_scenario,0.0,0.12723324562335805,0.0,0.0,0.0
120_150,rajendra_nagar_heavy_rain_demo,120,150,1800,RN_DNODE_00341,0.10493750360276964,0.4396130034626484,0.5445505070654181,RN_DRAIN_00443,0.5674438686929558,synthetic_manning_scenario,0.0,0.5445505070654181,0.0,0.0,0.0
120_150,rajendra_nagar_heavy_rain_demo,120,150,1800,RN_DNODE_00181,0.023000000847710502,0.3675107309718073,0.3905107318195178,RN_DRAIN_00487,1.2167317531808846,synthetic_manning_scenario,0.0,0.3905107318195178,0.0,0.0,0.0
120_150,rajendra_nagar_heavy_rain_demo,120,150,1800,RN_DNODE_00088,0.5390625201331245,0.30124813859248456,0.8403106587256091,RN_DRAIN_00087,2.002281704829388,synthetic_manning_scenario,0.0,0.8403106587256091,0.0,0.0,0.0
120_150,rajendra_nagar_heavy_rain_demo,120,150,1800,RN_DNODE_00465,0.044562500847710504,0.16536344819079365,0.20992594903850414,RN_DRAIN_00036,0.5725232749926845,synthetic_manning_scenario,0.0,0.20992594903850414,0.0,0.0,0.0
120_150,rajendra_nagar_heavy_rain_demo,120,150,1800,RN_DNODE_00498,0.0,0.30107555299333355,0.30107555299333355,RN_DRAIN_00331,0.30124813859248456,synthetic_manning_scenario,0.0,0.30107555299333355,0.0,0.0,0.0
120_150,rajendra_nagar_heavy_rain_demo,120,150,1800,RN_DNODE_00077,0.0,0.12723324562335805,0.12723324562335805,RN_DRAIN_00222,0.1272696969192279,synthetic_manning_scenario,0.0,0.12723324562335805,0.0,0.0,0.0
120_150,rajendra_nagar_heavy_rain_demo,120,150,1800,RN_DNODE_00330,0.012218750847710503,0.570928031401738,0.5831467822494485,RN_DRAIN_00442,0.30124813859248456,synthetic_manning_scenario,0.0,0.30124813859248456,0.28189864365696393,0.0,507.4175585825351
120_150,rajendra_nagar_heavy_rain_demo,120,150,1800,RN_DNODE_00159,0.0,0.3905107318195178,0.3905107318195178,RN_DRAIN_00473,0.5368494949865811,synthetic_manning_scenario,0.0,0.3905107318195178,0.0,0.0,0.0
120_150,rajendra_nagar_heavy_rain_demo,120,150,1800,RN_DNODE_00097,0.012218750847710503,0.8403106587256091,0.8525294095733196,RN_DRAIN_00088,1.878999507826128,synthetic_manning_scenario,0.0,0.8525294095733196,0.0,0.0,0.0
120_150,rajendra_nagar_heavy_rain_demo,120,150,1800,RN_DNODE_00466,0.03809375127156576,0.20992594903850414,0.2480197003100699,RN_DRAIN_00029,0.12723324562335805,synthetic_manning_scenario,0.0,0.12723324562335805,0.12078645468671184,0.0,217.4156184360813
120_150,rajendra_nagar_heavy_rain_demo,120,150,1800,RN_DNODE_00497,0.0,0.30107555299333355,0.30107555299333355,RN_DRAIN_00330,0.30124813859248456,synthetic_manning_scenario,0.0,0.30107555299333355,0.0,0.0,0.0
120_150,rajendra_nagar_heavy_rain_demo,120,150,1800,RN_DNODE_00086,0.0,0.12723324562335805,0.12723324562335805,RN_DRAIN_00223,0.1272696969192279,synthetic_manning_scenario,0.0,0.12723324562335805,0.0,0.0,0.0
120_150,rajendra_nagar_heavy_rain_demo,120,150,1800,RN_DNODE_00314,0.04887500339084201,0.30124813859248456,0.35012314198332656,RN_DRAIN_00441,0.30116185815577506,synthetic_manning_scenario,0.0,0.30116185815577506,0.048961283827551494,0.0,88.13031088959269
120_150,rajendra_nagar_heavy_rain_demo,120,150,1800,RN_DNODE_00143,0.0,0.3905107318195178,0.3905107318195178,RN_DRAIN_00463,0.09631698738212754,synthetic_manning_scenario,0.0,0.09631698738212754,0.2941937444373902,0.0,529.5487399873024
120_150,rajendra_nagar_heavy_rain_demo,120,150,1800,RN_DNODE_00105,0.10062500423855252,0.8525294095733196,0.953154413811872,RN_DRAIN_00089,1.8362178351593588,synthetic_manning_scenario,0.0,0.953154413811872,0.0,0.0,0.0
120_150,rajendra_nagar_heavy_rain_demo,120,150,1800,RN_DNODE_00456,0.18184375551011828,0.16208752853862635,0.3439312840487446,RN_DRAIN_00016,0.12723324562335805,synthetic_manning_scenario,0.0,0.12723324562335805,0.21669803842538657,0.0,390.05646916569583
120_150,rajendra_nagar_heavy_rain_demo,120,150,1800,RN_DNODE_00496,0.0,0.30107555299333355,0.30107555299333355,RN_DRAIN_00329,0.30124813859248456,synthetic_manning_scenario,0.0,0.30107555299333355,0.0,0.0,0.0
120_150,rajendra_nagar_heavy_rain_demo,120,150,1800,RN_DNODE_00095,0.0,0.12723324562335805,0.12723324562335805,RN_DRAIN_00224,0.5514010831518042,synthetic_manning_scenario,0.0,0.12723324562335805,0.0,0.0,0.0
120_150,rajendra_nagar_heavy_rain_demo,120,150,1800,RN_DNODE_00296,0.12865625381469725,0.3255993598511961,0.45425561366589334,RN_DRAIN_00428,0.30116185815577506,synthetic_manning_scenario,0.0,0.30116185815577506,0.15309375551011828,0.0,275.5687599182129
120_150,rajendra_nagar_heavy_rain_demo,120,150,1800,RN_DNODE_00131,0.0,0.37719745426103346,0.37719745426103346,RN_DRAIN_00450,0.30116185815577506,synthetic_manning_scenario,0.0,0.30116185815577506,0.0760355961052584,0.0,136.86407298946511
120_150,rajendra_nagar_heavy_rain_demo,120,150,1800,RN_DNODE_00115,0.05821875042385525,0.9761544146595825,1.0343731650834378,RN_DRAIN_00090,2.0143420369081957,synthetic_manning_scenario,0.0,1.0343731650834378,0.0,0.0,0.0
120_150,rajendra_nagar_heavy_rain_demo,120,150,1800,RN_DNODE_00449,0.08696875254313151,0.12723324562335805,0.21420199816648955,RN_DRAIN_00011,0.41271576218229383,synthetic_manning_scenario,0.0,0.21420199816648955,0.0,0.0,0.0
120_150,rajendra_nagar_heavy_rain_demo,120,150,1800,RN_DNODE_00493,1.3749687830607096,0.30107555299333355,1.6760443360540431,RN_DRAIN_00328,1.73635575785819,synthetic_manning_scenario,0.0,1.6760443360540431,0.0,0.0,0.0
120_150,rajendra_nagar_heavy_rain_demo,120,150,1800,RN_DNODE_00103,0.0,0.12723324562335805,0.12723324562335805,RN_DRAIN_00225,0.47636516340908275,synthetic_manning_scenario,0.0,0.12723324562335805,0.0,0.0,0.0
120_150,rajendra_nagar_heavy_rain_demo,120,150,1800,RN_DNODE_00285,0.09056250254313152,0.3255993598511961,0.4161618623943276,RN_DRAIN_00417,0.30116185815577506,synthetic_manning_scenario,0.0,0.30116185815577506,0.11500000423855256,0.0,207.0000076293946
120_150,rajendra_nagar_heavy_rain_demo,120,150,1800,RN_DNODE_00145,0.0,0.30116185815577506,0.30116185815577506,RN_DRAIN_00438,0.30116185815577506,synthetic_manning_scenario,0.0,0.30116185815577506,0.0,0.0,0.0
120_150,rajendra_nagar_heavy_rain_demo,120,150,1800,RN_DNODE_00127,0.0,1.0343731650834378,1.0343731650834378,RN_DRAIN_00091,1.8440278673135078,synthetic_manning_scenario,0.0,1.0343731650834378,0.0,0.0,0.0
120_150,rajendra_nagar_heavy_rain_demo,120,150,1800,RN_DNODE_00450,0.012218750847710503,0.21420199816648955,0.22642074901420006,RN_DRAIN_00006,0.09631698738212754,synthetic_manning_scenario,0.0,0.09631698738212754,0.13010376163207252,0.0,234.18677093773053
120_150,rajendra_nagar_heavy_rain_demo,120,150,1800,RN_DNODE_00489,0.06109375423855252,1.6760443360540431,1.7371380902925957,RN_DRAIN_00327,0.5266848835674651,synthetic_manning_scenario,0.0,0.5266848835674651,1.2104532067251306,0.0,2178.815772105235
120_150,rajendra_nagar_heavy_rain_demo,120,150,1800,RN_DNODE_00112,0.7970937591128879,0.12723324562335805,0.924327004736246,RN_DRAIN_00226,0.2262936821084416,synthetic_manning_scenario,0.0,0.2262936821084416,0.6980333226278044,0.0,1256.4599807300478
120_150,rajendra_nagar_heavy_rain_demo,120,150,1800,RN_DNODE_00279,0.04959375275505914,0.30116185815577506,0.3507556109108342,RN_DRAIN_00409,0.30124813859248456,synthetic_manning_scenario,0.0,0.30124813859248456,0.04950747231834962,0.0,89.11345017302932
120_150,rajendra_nagar_heavy_rain_demo,120,150,1800,RN_DNODE_00163,0.0,0.30116185815577506,0.30116185815577506,RN_DRAIN_00426,0.30124813859248456,synthetic_manning_scenario,0.0,0.30116185815577506,0.0,0.0,0.0
120_150,rajendra_nagar_heavy_rain_demo,120,150,1800,RN_DNODE_00138,0.0,1.0343731650834378,1.0343731650834378,RN_DRAIN_00110,2.117775746980934,synthetic_manning_scenario,0.0,1.0343731650834378,0.0,0.0,0.0
120_150,rajendra_nagar_heavy_rain_demo,120,150,1800,RN_DNODE_00443,0.0,0.09631698738212754,0.09631698738212754,,,,,0.0,0.0,0.09631698738212754,0.0
120_150,rajendra_nagar_heavy_rain_demo,120,150,1800,RN_DNODE_00485,0.0,0.5266848835674651,0.5266848835674651,RN_DRAIN_00326,0.30124813859248456,synthetic_manning_scenario,0.0,0.30124813859248456,0.22543674497498056,0.0,405.786140954965
120_150,rajendra_nagar_heavy_rain_demo,120,150,1800,RN_DNODE_00123,0.0,0.2262936821084416,0.2262936821084416,RN_DRAIN_00227,0.19248944506420465,synthetic_manning_scenario,0.0,0.19248944506420465,0.03380423704423696,0.0,60.84762667962653
120_150,rajendra_nagar_heavy_rain_demo,120,150,1800,RN_DNODE_00274,0.03737500190734863,0.30124813859248456,0.3386231404998332,RN_DRAIN_00408,0.3305358790663851,synthetic_manning_scenario,0.0,0.3305358790663851,0.008087261433448123,0.0,14.557070580206622
120_150,rajendra_nagar_heavy_rain_demo,120,150,1800,RN_DNODE_00164,0.0,0.30116185815577506,0.30116185815577506,RN_DRAIN_00415,0.30124813859248456,synthetic_manning_scenario,0.0,0.30116185815577506,0.0,0.0,0.0
120_150,rajendra_nagar_heavy_rain_demo,120,150,1800,RN_DNODE_00155,0.0,1.0343731650834378,1.0343731650834378,RN_DRAIN_00125,2.013400004775711,synthetic_manning_scenario,0.0,1.0343731650834378,0.0,0.0,0.0
120_150,rajendra_nagar_heavy_rain_demo,120,150,1800,RN_DNODE_00476,0.0,0.30124813859248456,0.30124813859248456,RN_DRAIN_00325,0.30124813859248456,synthetic_manning_scenario,0.0,0.30124813859248456,0.0,0.0,0.0
120_150,rajendra_nagar_heavy_rain_demo,120,150,1800,RN_DNODE_00134,0.0,0.19248944506420465,0.19248944506420465,RN_DRAIN_00228,0.5704535696123435,synthetic_manning_scenario,0.0,0.19248944506420465,0.0,0.0,0.0
120_150,rajendra_nagar_heavy_rain_demo,120,150,1800,RN_DNODE_00266,0.07403125445048014,0.3305358790663851,0.40456713351686524,RN_DRAIN_00407,1.4328865124290238,synthetic_manning_scenario,0.0,0.40456713351686524,0.0,0.0,0.0
120_150,rajendra_nagar_heavy_rain_demo,120,150,1800,RN_DNODE_00165,0.0,0.30116185815577506,0.30116185815577506,RN_DRAIN_00402,0.30116185815577506,synthetic_manning_scenario,0.0,0.30116185815577506,0.0,0.0,0.0
120_150,rajendra_nagar_heavy_rain_demo,120,150,1800,RN_DNODE_00176,0.0,1.0343731650834378,1.0343731650834378,RN_DRAIN_00126,0.22798288882636691,synthetic_manning_scenario,0.0,0.22798288882636691,0.8063902762570709,0.0,1451.5024972627277
120_150,rajendra_nagar_heavy_rain_demo,120,150,1800,RN_DNODE_00470,0.32200001504686143,0.30124813859248456,0.6232481536393459,RN_DRAIN_00324,0.9125867707273617,synthetic_manning_scenario,0.0,0.6232481536393459,0.0,0.0,0.0
120_150,rajendra_nagar_heavy_rain_demo,120,150,1800,RN_DNODE_00150,0.0,0.22770819675962567,0.22770819675962567,RN_DRAIN_00212,1.1484321568452578,synthetic_manning_scenario,0.0,0.22770819675962567,0.0,0.0,0.0
120_150,rajendra_nagar_heavy_rain_demo,120,150,1800,RN_DNODE_00257,0.0,0.40456713351686524,0.40456713351686524,RN_DRAIN_00392,3.3929032105727823,synthetic_manning_scenario,0.0,0.40456713351686524,0.0,0.0,0.0
120_150,rajendra_nagar_heavy_rain_demo,120,150,1800,RN_DNODE_00187,0.0,0.30116185815577506,0.30116185815577506,RN_DRAIN_00389,0.30116185815577506,synthetic_manning_scenario,0.0,0.30116185815577506,0.0,0.0,0.0
120_150,rajendra_nagar_heavy_rain_demo,120,150,1800,RN_DNODE_00202,0.0,0.22798288882636691,0.22798288882636691,RN_DRAIN_00127,0.22798288882636691,synthetic_manning_scenario,0.0,0.22798288882636691,0.0,0.0,0.0
120_150,rajendra_nagar_heavy_rain_demo,120,150,1800,RN_DNODE_00459,0.0,0.6232481536393459,0.6232481536393459,RN_DRAIN_00311,0.30124813859248456,synthetic_manning_scenario,0.0,0.30124813859248456,0.3220000150468614,0.0,579.6000270843505
120_150,rajendra_nagar_heavy_rain_demo,120,150,1800,RN_DNODE_00169,0.0,0.22770819675962567,0.22770819675962567,RN_DRAIN_00213,0.8428809574038368,synthetic_manning_scenario,0.0,0.22770819675962567,0.0,0.0,0.0
120_150,rajendra_nagar_heavy_rain_demo,120,150,1800,RN_DNODE_00236,0.0,0.40456713351686524,0.40456713351686524,RN_DRAIN_00391,2.681528497041292,synthetic_manning_scenario,0.0,0.40456713351686524,0.0,0.0,0.0
120_150,rajendra_nagar_heavy_rain_demo,120,150,1800,RN_DNODE_00455,0.0,0.30124813859248456,0.30124813859248456,RN_DRAIN_00310,0.30124813859248456,synthetic_manning_scenario,0.0,0.30124813859248456,0.0,0.0,0.0
120_150,rajendra_nagar_heavy_rain_demo,120,150,1800,RN_DNODE_00210,0.0,0.7057289916726404,0.7057289916726404,RN_DRAIN_00381,0.6932713877368187,synthetic_manning_scenario,0.0,0.6932713877368187,0.012457603935821626,0.0,22.423687084478928
120_150,rajendra_nagar_heavy_rain_demo,120,150,1800,RN_DNODE_00447,0.24581250826517742,0.3276256629288045,0.573438171193982,RN_DRAIN_00309,0.30116185815577506,synthetic_manning_scenario,0.0,0.30116185815577506,0.27227631303820693,0.0,490.09736346877247
120_150,rajendra_nagar_heavy_rain_demo,120,150,1800,RN_DNODE_00211,0.0,0.6932713877368187,0.6932713877368187,RN_DRAIN_00372,0.6932713877368187,synthetic_manning_scenario,0.0,0.6932713877368187,0.0,0.0,0.0
120_150,rajendra_nagar_heavy_rain_demo,120,150,1800,RN_DNODE_00439,0.012218750847710503,0.8639710239009752,0.8761897747486858,RN_DRAIN_00323,0.30124813859248456,synthetic_manning_scenario,0.0,0.30124813859248456,0.5749416361562012,0.0,1034.8949450811622
120_150,rajendra_nagar_heavy_rain_demo,120,150,1800,RN_DNODE_00212,0.0,0.6932713877368187,0.6932713877368187,RN_DRAIN_00365,0.6932713877368187,synthetic_manning_scenario,0.0,0.6932713877368187,0.0,0.0,0.0
120_150,rajendra_nagar_heavy_rain_demo,120,150,1800,RN_DNODE_00435,0.07115625275505913,0.3256856402879056,0.3968418930429647,RN_DRAIN_00322,0.30124813859248456,synthetic_manning_scenario,0.0,0.30124813859248456,0.09559375445048013,0.0,172.06875801086423
120_150,rajendra_nagar_heavy_rain_demo,120,150,1800,RN_DNODE_00213,0.0,0.6932713877368187,0.6932713877368187,RN_DRAIN_00357,0.6932713877368187,synthetic_manning_scenario,0.0,0.6932713877368187,0.0,0.0,0.0
120_150,rajendra_nagar_heavy_rain_demo,120,150,1800,RN_DNODE_00429,0.0,0.30124813859248456,0.30124813859248456,RN_DRAIN_00321,0.30116185815577506,synthetic_manning_scenario,0.0,0.30116185815577506,8.628043670949603e-05,0.0,0.15530478607709286
120_150,rajendra_nagar_heavy_rain_demo,120,150,1800,RN_DNODE_00214,0.0,0.6932713877368187,0.6932713877368187,RN_DRAIN_00350,0.6932713877368187,synthetic_manning_scenario,0.0,0.6932713877368187,0.0,0.0,0.0
120_150,rajendra_nagar_heavy_rain_demo,120,150,1800,RN_DNODE_00422,0.0,0.32416185900348554,0.32416185900348554,RN_DRAIN_00343,0.30124813859248456,synthetic_manning_scenario,0.0,0.30124813859248456,0.022913720411000982,0.0,41.24469673980177
120_150,rajendra_nagar_heavy_rain_demo,120,150,1800,RN_DNODE_00215,0.0,0.6932713877368187,0.6932713877368187,RN_DRAIN_00337,0.6928742113147971,synthetic_manning_scenario,0.0,0.6928742113147971,0.00039717642202163894,0.0,0.7149175596389501
120_150,rajendra_nagar_heavy_rain_demo,120,150,1800,RN_DNODE_00413,0.0,0.30124813859248456,0.30124813859248456,RN_DRAIN_00342,0.30107555299333355,synthetic_manning_scenario,0.0,0.30107555299333355,0.00017258559915100946,0.0,0.31065407847181703
120_150,rajendra_nagar_heavy_rain_demo,120,150,1800,RN_DNODE_00216,0.0,0.6928742113147971,0.6928742113147971,RN_DRAIN_00316,0.6932713877368187,synthetic_manning_scenario,0.0,0.6928742113147971,0.0,0.0,0.0
120_150,rajendra_nagar_heavy_rain_demo,120,150,1800,RN_DNODE_00406,0.0,0.30107555299333355,0.30107555299333355,RN_DRAIN_00341,0.30124813859248456,synthetic_manning_scenario,0.0,0.30107555299333355,0.0,0.0,0.0
120_150,rajendra_nagar_heavy_rain_demo,120,150,1800,RN_DNODE_00217,0.0,0.6928742113147971,0.6928742113147971,RN_DRAIN_00301,0.6932713877368187,synthetic_manning_scenario,0.0,0.6928742113147971,0.0,0.0,0.0
120_150,rajendra_nagar_heavy_rain_demo,120,150,1800,RN_DNODE_00394,0.0,0.30107555299333355,0.30107555299333355,RN_DRAIN_00320,0.30124813859248456,synthetic_manning_scenario,0.0,0.30107555299333355,0.0,0.0,0.0
120_150,rajendra_nagar_heavy_rain_demo,120,150,1800,RN_DNODE_00218,0.0,0.7277185116198319,0.7277185116198319,RN_DRAIN_00286,0.6932713877368187,synthetic_manning_scenario,0.0,0.6932713877368187,0.034447123883013187,0.0,62.00482298942374
120_150,rajendra_nagar_heavy_rain_demo,120,150,1800,RN_DNODE_00384,0.0,0.3274530773296535,0.3274530773296535,RN_DRAIN_00319,0.30116185815577506,synthetic_manning_scenario,0.0,0.30116185815577506,0.026291219173878444,0.0,47.3241945129812
120_150,rajendra_nagar_heavy_rain_demo,120,150,1800,RN_DNODE_00219,0.0,0.6932713877368187,0.6932713877368187,RN_DRAIN_00274,0.6932713877368187,synthetic_manning_scenario,0.0,0.6932713877368187,0.0,0.0,0.0
120_150,rajendra_nagar_heavy_rain_demo,120,150,1800,RN_DNODE_00376,0.0,0.36045364276646435,0.36045364276646435,RN_DRAIN_00304,0.30116185815577506,synthetic_manning_scenario,0.0,0.30116185815577506,0.05929178461068929,0.0,106.72521229924072
120_150,rajendra_nagar_heavy_rain_demo,120,150,1800,RN_DNODE_00220,0.0,0.6932713877368187,0.6932713877368187,RN_DRAIN_00260,0.6932713877368187,synthetic_manning_scenario,0.0,0.6932713877368187,0.0,0.0,0.0
120_150,rajendra_nagar_heavy_rain_demo,120,150,1800,RN_DNODE_00371,0.0,0.30116185815577506,0.30116185815577506,RN_DRAIN_00289,0.30116185815577506,synthetic_manning_scenario,0.0,0.30116185815577506,0.0,0.0,0.0
120_150,rajendra_nagar_heavy_rain_demo,120,150,1800,RN_DNODE_00221,0.0,0.6932713877368187,0.6932713877368187,RN_DRAIN_00247,0.6930728279768428,synthetic_manning_scenario,0.0,0.6930728279768428,0.0001985597599759581,0.0,0.35740756795672457
120_150,rajendra_nagar_heavy_rain_demo,120,150,1800,RN_DNODE_00364,1.2362500455644396,0.30116185815577506,1.5374119037202147,RN_DRAIN_00277,0.30116185815577506,synthetic_manning_scenario,0.0,0.30116185815577506,1.2362500455644396,0.0,2225.250082015991
120_150,rajendra_nagar_heavy_rain_demo,120,150,1800,RN_DNODE_00194,0.0,0.6930728279768428,0.6930728279768428,RN_DRAIN_00231,0.6932713877368187,synthetic_manning_scenario,0.0,0.6930728279768428,0.0,0.0,0.0
120_150,rajendra_nagar_heavy_rain_demo,120,150,1800,RN_DNODE_00358,0.0,0.30116185815577506,0.30116185815577506,RN_DRAIN_00263,0.30124813859248456,synthetic_manning_scenario,0.0,0.30116185815577506,0.0,0.0,0.0
120_150,rajendra_nagar_heavy_rain_demo,120,150,1800,RN_DNODE_00195,0.0,0.6930728279768428,0.6930728279768428,RN_DRAIN_00214,0.6932713877368187,synthetic_manning_scenario,0.0,0.6930728279768428,0.0,0.0,0.0
120_150,rajendra_nagar_heavy_rain_demo,120,150,1800,RN_DNODE_00350,0.0,0.30116185815577506,0.30116185815577506,RN_DRAIN_00249,0.30116185815577506,synthetic_manning_scenario,0.0,0.30116185815577506,0.0,0.0,0.0
120_150,rajendra_nagar_heavy_rain_demo,120,150,1800,RN_DNODE_00196,0.0,0.9207810247364685,0.9207810247364685,RN_DRAIN_00204,0.6932713877368187,synthetic_manning_scenario,0.0,0.6932713877368187,0.22750963699964977,0.0,409.5173465993696
120_150,rajendra_nagar_heavy_rain_demo,120,150,1800,RN_DNODE_00343,0.0,0.39122864792275425,0.39122864792275425,RN_DRAIN_00234,0.30116185815577506,synthetic_manning_scenario,0.0,0.30116185815577506,0.09006678976697918,0.0,162.12022158056254
120_150,rajendra_nagar_heavy_rain_demo,120,150,1800,RN_DNODE_00197,3.633281308280097,0.722021389856095,4.355302698136192,RN_DRAIN_00191,0.6928742113147971,synthetic_manning_scenario,0.0,0.6928742113147971,3.6624284868213954,0.0,6592.371276278512
120_150,rajendra_nagar_heavy_rain_demo,120,150,1800,RN_DNODE_00332,0.0,0.30116185815577506,0.30116185815577506,RN_DRAIN_00217,0.30116185815577506,synthetic_manning_scenario,0.0,0.30116185815577506,0.0,0.0,0.0
120_150,rajendra_nagar_heavy_rain_demo,120,150,1800,RN_DNODE_00198,0.0,0.6928742113147971,0.6928742113147971,RN_DRAIN_00179,0.6932713877368187,synthetic_manning_scenario,0.0,0.6928742113147971,0.0,0.0,0.0
120_150,rajendra_nagar_heavy_rain_demo,120,150,1800,RN_DNODE_00317,0.0,0.30116185815577506,0.30116185815577506,RN_DRAIN_00207,0.30124813859248456,synthetic_manning_scenario,0.0,0.30116185815577506,0.0,0.0,0.0
120_150,rajendra_nagar_heavy_rain_demo,120,150,1800,RN_DNODE_00199,0.0,0.7050929621625076,0.7050929621625076,RN_DRAIN_00164,0.6932713877368187,synthetic_manning_scenario,0.0,0.6932713877368187,0.011821574425688874,0.0,21.278833966239972
120_150,rajendra_nagar_heavy_rain_demo,120,150,1800,RN_DNODE_00318,0.6583750237358941,0.327539382492095,0.9859144062279891,RN_DRAIN_00194,0.30116185815577506,synthetic_manning_scenario,0.0,0.30116185815577506,0.6847525480722141,0.0,1232.5545865299853
120_150,rajendra_nagar_heavy_rain_demo,120,150,1800,RN_DNODE_00200,0.0,0.6932713877368187,0.6932713877368187,RN_DRAIN_00157,0.6932713877368187,synthetic_manning_scenario,0.0,0.6932713877368187,0.0,0.0,0.0
120_150,rajendra_nagar_heavy_rain_demo,120,150,1800,RN_DNODE_00301,0.0,0.33601614107104333,0.33601614107104333,RN_DRAIN_00181,0.30124813859248456,synthetic_manning_scenario,0.0,0.30124813859248456,0.03476800247855877,0.0,62.58240446140578
120_150,rajendra_nagar_heavy_rain_demo,120,150,1800,RN_DNODE_00201,0.0,0.7281156880418536,0.7281156880418536,RN_DRAIN_00140,0.6930728279768428,synthetic_manning_scenario,0.0,0.6930728279768428,0.035042860065010784,0.0,63.07714811701941
120_150,rajendra_nagar_heavy_rain_demo,120,150,1800,RN_DNODE_00302,0.0,0.3360924388975194,0.3360924388975194,RN_DRAIN_00167,0.30124813859248456,synthetic_manning_scenario,0.0,0.30124813859248456,0.034844300305034825,0.0,62.719740549062685
120_150,rajendra_nagar_heavy_rain_demo,120,150,1800,RN_DNODE_00228,0.0,0.9210557168032096,0.9210557168032096,RN_DRAIN_00128,0.6932713877368187,synthetic_manning_scenario,0.0,0.6932713877368187,0.2277843290663909,0.0,410.0117923195036
120_150,rajendra_nagar_heavy_rain_demo,120,150,1800,RN_DNODE_00303,0.0,0.3360924388975194,0.3360924388975194,RN_DRAIN_00158,0.7879109747337706,synthetic_manning_scenario,0.0,0.3360924388975194,0.0,0.0,0.0
120_150,rajendra_nagar_heavy_rain_demo,120,150,1800,RN_DNODE_00229,0.0,0.6932713877368187,0.6932713877368187,RN_DRAIN_00114,0.6930728279768428,synthetic_manning_scenario,0.0,0.6930728279768428,0.0001985597599759581,0.0,0.35740756795672457
120_150,rajendra_nagar_heavy_rain_demo,120,150,1800,RN_DNODE_00288,0.13800000614590116,0.3360924388975194,0.4740924450434205,RN_DRAIN_00141,1.2603351041610837,synthetic_manning_scenario,0.0,0.4740924450434205,0.0,0.0,0.0
120_150,rajendra_nagar_heavy_rain_demo,120,150,1800,RN_DNODE_00249,0.0,0.6930728279768428,0.6930728279768428,RN_DRAIN_00095,0.6932713877368187,synthetic_manning_scenario,0.0,0.6930728279768428,0.0,0.0,0.0
120_150,rajendra_nagar_heavy_rain_demo,120,150,1800,RN_DNODE_00304,0.04743750254313151,0.49852994673884155,0.545967449281973,RN_DRAIN_00130,1.0620185911123488,synthetic_manning_scenario,0.0,0.545967449281973,0.0,0.0,0.0
120_150,rajendra_nagar_heavy_rain_demo,120,150,1800,RN_DNODE_00250,0.0,0.6930728279768428,0.6930728279768428,RN_DRAIN_00075,0.6932713877368187,synthetic_manning_scenario,0.0,0.6930728279768428,0.0,0.0,0.0
120_150,rajendra_nagar_heavy_rain_demo,120,150,1800,RN_DNODE_00321,0.0,0.6902009855296174,0.6902009855296174,RN_DRAIN_00116,2.2522932556240725,synthetic_manning_scenario,0.0,0.6902009855296174,0.0,0.0,0.0
120_150,rajendra_nagar_heavy_rain_demo,120,150,1800,RN_DNODE_00251,0.0,0.6930728279768428,0.6930728279768428,RN_DRAIN_00066,0.6930728279768428,synthetic_manning_scenario,0.0,0.6930728279768428,0.0,0.0,0.0
120_150,rajendra_nagar_heavy_rain_demo,120,150,1800,RN_DNODE_00335,0.0,0.6902009855296174,0.6902009855296174,RN_DRAIN_00097,0.30124813859248456,synthetic_manning_scenario,0.0,0.30124813859248456,0.38895284693713283,0.0,700.1151244868391
120_150,rajendra_nagar_heavy_rain_demo,120,150,1800,RN_DNODE_00259,0.0,0.6930728279768428,0.6930728279768428,RN_DRAIN_00058,0.6932713877368187,synthetic_manning_scenario,0.0,0.6930728279768428,0.0,0.0,0.0
120_150,rajendra_nagar_heavy_rain_demo,120,150,1800,RN_DNODE_00336,0.0,0.30124813859248456,0.30124813859248456,RN_DRAIN_00076,0.30124813859248456,synthetic_manning_scenario,0.0,0.30124813859248456,0.0,0.0,0.0
120_150,rajendra_nagar_heavy_rain_demo,120,150,1800,RN_DNODE_00260,0.0,0.6930728279768428,0.6930728279768428,RN_DRAIN_00048,0.6930728279768428,synthetic_manning_scenario,0.0,0.6930728279768428,0.0,0.0,0.0
120_150,rajendra_nagar_heavy_rain_demo,120,150,1800,RN_DNODE_00337,0.0,0.30124813859248456,0.30124813859248456,RN_DRAIN_00068,0.30116185815577506,synthetic_manning_scenario,0.0,0.30116185815577506,8.628043670949603e-05,0.0,0.15530478607709286
120_150,rajendra_nagar_heavy_rain_demo,120,150,1800,RN_DNODE_00269,0.0,0.6930728279768428,0.6930728279768428,RN_DRAIN_00038,0.6932713877368187,synthetic_manning_scenario,0.0,0.6930728279768428,0.0,0.0,0.0
120_150,rajendra_nagar_heavy_rain_demo,120,150,1800,RN_DNODE_00323,0.0,0.30116185815577506,0.30116185815577506,RN_DRAIN_00060,0.48544832877206306,synthetic_manning_scenario,0.0,0.30116185815577506,0.0,0.0,0.0
120_150,rajendra_nagar_heavy_rain_demo,120,150,1800,RN_DNODE_00270,0.0,0.6930728279768428,0.6930728279768428,RN_DRAIN_00030,0.6930728279768428,synthetic_manning_scenario,0.0,0.6930728279768428,0.0,0.0,0.0
120_150,rajendra_nagar_heavy_rain_demo,120,150,1800,RN_DNODE_00305,0.0,0.30116185815577506,0.30116185815577506,RN_DRAIN_00050,2.4483706462315302,synthetic_manning_scenario,0.0,0.30116185815577506,0.0,0.0,0.0
120_150,rajendra_nagar_heavy_rain_demo,120,150,1800,RN_DNODE_00277,0.0,0.6930728279768428,0.6930728279768428,RN_DRAIN_00024,0.6932713877368187,synthetic_manning_scenario,0.0,0.6930728279768428,0.0,0.0,0.0
120_150,rajendra_nagar_heavy_rain_demo,120,150,1800,RN_DNODE_00306,0.0,0.30116185815577506,0.30116185815577506,RN_DRAIN_00042,1.8445915058171303,synthetic_manning_scenario,0.0,0.30116185815577506,0.0,0.0,0.0
120_150,rajendra_nagar_heavy_rain_demo,120,150,1800,RN_DNODE_00291,0.0,0.30116185815577506,0.30116185815577506,RN_DRAIN_00033,0.4733596812607943,synthetic_manning_scenario,0.0,0.30116185815577506,0.0,0.0,0.0
120_150,rajendra_nagar_heavy_rain_demo,120,150,1800,RN_DNODE_00292,0.0,0.30116185815577506,0.30116185815577506,RN_DRAIN_00026,0.22798288882636691,synthetic_manning_scenario,0.0,0.22798288882636691,0.07317896932940815,0.0,131.72214479293467
120_150,rajendra_nagar_heavy_rain_demo,120,150,1800,RN_DNODE_00283,0.0,0.9210557168032096,0.9210557168032096,RN_DRAIN_00012,0.6930728279768428,synthetic_manning_scenario,0.0,0.6930728279768428,0.22798288882636686,0.0,410.36919988746035
120_150,rajendra_nagar_heavy_rain_demo,120,150,1800,RN_DNODE_00294,0.0,0.6930728279768428,0.6930728279768428,RN_DRAIN_00007,0.6930728279768428,synthetic_manning_scenario,0.0,0.6930728279768428,0.0,0.0,0.0
120_150,rajendra_nagar_heavy_rain_demo,120,150,1800,RN_DNODE_00311,0.0,0.6930728279768428,0.6930728279768428,RN_DRAIN_00001,0.9581402312180723,synthetic_manning_scenario,0.0,0.6930728279768428,0.0,0.0,0.0
120_150,rajendra_nagar_heavy_rain_demo,120,150,1800,RN_DNODE_00312,0.0,0.6930728279768428,0.6930728279768428,,,,,0.0,0.0,0.6930728279768428,0.0
150_180,rajendra_nagar_heavy_rain_demo,150,180,1800,RN_DNODE_00325,0.0,0.0,0.0,RN_DRAIN_00002,0.04832921076750425,synthetic_manning_scenario,0.0,0.0,0.0,0.0,0.0
150_180,rajendra_nagar_heavy_rain_demo,150,180,1800,RN_DNODE_00338,0.0,0.0,0.0,RN_DRAIN_00003,0.03117685014218198,synthetic_manning_scenario,0.0,0.0,0.0,0.0,0.0
150_180,rajendra_nagar_heavy_rain_demo,150,180,1800,RN_DNODE_00441,0.028875001271565757,0.0,0.028875001271565757,RN_DRAIN_00005,0.02637752433631995,synthetic_manning_scenario,0.0,0.02637752433631995,0.0024974769352458064,0.0,4.495458483442452
150_180,rajendra_nagar_heavy_rain_demo,150,180,1800,RN_DNODE_00310,0.0,0.0,0.0,RN_DRAIN_00008,0.03485428291526828,synthetic_manning_scenario,0.0,0.0,0.0,0.0,0.0
150_180,rajendra_nagar_heavy_rain_demo,150,180,1800,RN_DNODE_00324,0.0,0.0,0.0,RN_DRAIN_00009,0.02637752433631995,synthetic_manning_scenario,0.0,0.0,0.0,0.0,0.0
150_180,rajendra_nagar_heavy_rain_demo,150,180,1800,RN_DNODE_00293,0.0,0.0,0.0,RN_DRAIN_00013,0.03485428291526828,synthetic_manning_scenario,0.0,0.0,0.0,0.0,0.0
150_180,rajendra_nagar_heavy_rain_demo,150,180,1800,RN_DNODE_00309,0.0,0.0,0.0,RN_DRAIN_00014,0.02637752433631995,synthetic_manning_scenario,0.0,0.0,0.0,0.0,0.0
150_180,rajendra_nagar_heavy_rain_demo,150,180,1800,RN_DNODE_00495,0.0,0.0,0.0,RN_DRAIN_00023,0.02637752433631995,synthetic_manning_scenario,0.0,0.0,0.0,0.0,0.0
150_180,rajendra_nagar_heavy_rain_demo,150,180,1800,RN_DNODE_00282,0.0,0.0,0.0,RN_DRAIN_00025,0.03485428291526828,synthetic_manning_scenario,0.0,0.0,0.0,0.0,0.0
150_180,rajendra_nagar_heavy_rain_demo,150,180,1800,RN_DNODE_00308,0.0,0.0,0.0,RN_DRAIN_00027,0.09079004401073118,synthetic_manning_scenario,0.0,0.0,0.0,0.0,0.0
150_180,rajendra_nagar_heavy_rain_demo,150,180,1800,RN_DNODE_00276,0.0,0.0,0.0,RN_DRAIN_00031,0.03483431483404455,synthetic_manning_scenario,0.0,0.0,0.0,0.0,0.0
150_180,rajendra_nagar_heavy_rain_demo,150,180,1800,RN_DNODE_00281,0.0,0.0,0.0,RN_DRAIN_00032,0.02637752433631995,synthetic_manning_scenario,0.0,0.0,0.0,0.0,0.0
150_180,rajendra_nagar_heavy_rain_demo,150,180,1800,RN_DNODE_00307,0.0,0.0,0.0,RN_DRAIN_00034,0.14733919378536192,synthetic_manning_scenario,0.0,0.0,0.0,0.0,0.0
150_180,rajendra_nagar_heavy_rain_demo,150,180,1800,RN_DNODE_00261,0.0,0.0,0.0,RN_DRAIN_00037,0.03484430030503481,synthetic_manning_scenario,0.0,0.0,0.0,0.0,0.0
150_180,rajendra_nagar_heavy_rain_demo,150,180,1800,RN_DNODE_00275,0.0,0.0,0.0,RN_DRAIN_00039,0.02637752433631995,synthetic_manning_scenario,0.0,0.0,0.0,0.0,0.0
150_180,rajendra_nagar_heavy_rain_demo,150,180,1800,RN_DNODE_00280,0.0,0.0,0.0,RN_DRAIN_00040,0.11520064788280598,synthetic_manning_scenario,0.0,0.0,0.0,0.0,0.0
150_180,rajendra_nagar_heavy_rain_demo,150,180,1800,RN_DNODE_00290,0.0,0.0,0.0,RN_DRAIN_00041,0.23403717670292817,synthetic_manning_scenario,0.0,0.0,0.0,0.0,0.0
150_180,rajendra_nagar_heavy_rain_demo,150,180,1800,RN_DNODE_00035,0.0,0.0,0.0,RN_DRAIN_00045,0.15492389313383287,synthetic_manning_scenario,0.0,0.0,0.0,0.0,0.0
150_180,rajendra_nagar_heavy_rain_demo,150,180,1800,RN_DNODE_00042,0.0,0.0,0.0,RN_DRAIN_00046,0.03485428291526828,synthetic_manning_scenario,0.0,0.0,0.0,0.0,0.0
150_180,rajendra_nagar_heavy_rain_demo,150,180,1800,RN_DNODE_00253,0.0,0.0,0.0,RN_DRAIN_00047,0.02637752433631995,synthetic_manning_scenario,0.0,0.0,0.0,0.0,0.0
150_180,rajendra_nagar_heavy_rain_demo,150,180,1800,RN_DNODE_00268,0.0,0.0,0.0,RN_DRAIN_00049,0.03485428291526828,synthetic_manning_scenario,0.0,0.0,0.0,0.0,0.0
150_180,rajendra_nagar_heavy_rain_demo,150,180,1800,RN_DNODE_00417,0.027562500105963814,0.0,0.027562500105963814,RN_DRAIN_00051,0.11248088992987894,synthetic_manning_scenario,0.0,0.027562500105963814,0.0,0.0,0.0
150_180,rajendra_nagar_heavy_rain_demo,150,180,1800,RN_DNODE_00034,0.007437500423855252,0.0,0.007437500423855252,RN_DRAIN_00054,0.08940774616670524,synthetic_manning_scenario,0.0,0.007437500423855252,0.0,0.0,0.0
150_180,rajendra_nagar_heavy_rain_demo,150,180,1800,RN_DNODE_00082,0.0,0.0,0.0,RN_DRAIN_00056,0.03485428291526828,synthetic_manning_scenario,0.0,0.0,0.0,0.0,0.0
150_180,rajendra_nagar_heavy_rain_demo,150,180,1800,RN_DNODE_00252,0.0,0.0,0.0,RN_DRAIN_00057,0.02637752433631995,synthetic_manning_scenario,0.0,0.0,0.0,0.0,0.0
150_180,rajendra_nagar_heavy_rain_demo,150,180,1800,RN_DNODE_00267,0.0,0.0,0.0,RN_DRAIN_00059,0.02637752433631995,synthetic_manning_scenario,0.0,0.0,0.0,0.0,0.0
150_180,rajendra_nagar_heavy_rain_demo,150,180,1800,RN_DNODE_00503,0.014875000847710504,0.0,0.014875000847710504,RN_DRAIN_00062,0.03485428291526828,synthetic_manning_scenario,0.0,0.014875000847710504,0.0,0.0,0.0
150_180,rajendra_nagar_heavy_rain_demo,150,180,1800,RN_DNODE_00258,0.0,0.0,0.0,RN_DRAIN_00067,0.03485428291526828,synthetic_manning_scenario,0.0,0.0,0.0,0.0,0.0
150_180,rajendra_nagar_heavy_rain_demo,150,180,1800,RN_DNODE_00415,0.21393750720553928,0.0,0.21393750720553928,RN_DRAIN_00069,0.13572767824149176,synthetic_manning_scenario,0.0,0.13572767824149176,0.07820982896404752,0.0,140.77769213528552
150_180,rajendra_nagar_heavy_rain_demo,150,180,1800,RN_DNODE_00533,0.0,0.0,0.0,RN_DRAIN_00079,0.03485428291526828,synthetic_manning_scenario,0.0,0.0,0.0,0.0,0.0
150_180,rajendra_nagar_heavy_rain_demo,150,180,1800,RN_DNODE_00534,0.0,0.0,0.0,RN_DRAIN_00080,0.02637752433631995,synthetic_manning_scenario,0.0,0.0,0.0,0.0,0.0
150_180,rajendra_nagar_heavy_rain_demo,150,180,1800,RN_DNODE_00139,0.0,0.0,0.0,RN_DRAIN_00092,0.17503430320954919,synthetic_manning_scenario,0.0,0.0,0.0,0.0,0.0
150_180,rajendra_nagar_heavy_rain_demo,150,180,1800,RN_DNODE_00204,0.0,0.0,0.0,RN_DRAIN_00093,0.03484430030503481,synthetic_manning_scenario,0.0,0.0,0.0,0.0,0.0
150_180,rajendra_nagar_heavy_rain_demo,150,180,1800,RN_DNODE_00230,0.0,0.0,0.0,RN_DRAIN_00094,0.03484430030503481,synthetic_manning_scenario,0.0,0.0,0.0,0.0,0.0
150_180,rajendra_nagar_heavy_rain_demo,150,180,1800,RN_DNODE_00322,0.0,0.0,0.0,RN_DRAIN_00096,0.2205372423203837,synthetic_manning_scenario,0.0,0.0,0.0,0.0,0.0
150_180,rajendra_nagar_heavy_rain_demo,150,180,1800,RN_DNODE_00367,0.0,0.0,0.0,RN_DRAIN_00101,0.11429110698380826,synthetic_manning_scenario,0.0,0.0,0.0,0.0,0.0
150_180,rajendra_nagar_heavy_rain_demo,150,180,1800,RN_DNODE_00524,0.0,0.0,0.0,RN_DRAIN_00103,0.03485428291526828,synthetic_manning_scenario,0.0,0.0,0.0,0.0,0.0
150_180,rajendra_nagar_heavy_rain_demo,150,180,1800,RN_DNODE_00114,0.014000000423855252,0.0,0.014000000423855252,RN_DRAIN_00108,0.05279460013290454,synthetic_manning_scenario,0.0,0.014000000423855252,0.0,0.0,0.0
150_180,rajendra_nagar_heavy_rain_demo,150,180,1800,RN_DNODE_00126,0.0,0.0,0.0,RN_DRAIN_00109,0.216149286911403,synthetic_manning_scenario,0.0,0.0,0.0,0.0,0.0
150_180,rajendra_nagar_heavy_rain_demo,150,180,1800,RN_DNODE_00156,0.0,0.0,0.0,RN_DRAIN_00111,0.2471983594008618,synthetic_manning_scenario,0.0,0.0,0.0,0.0,0.0
150_180,rajendra_nagar_heavy_rain_demo,150,180,1800,RN_DNODE_00177,0.0,0.0,0.0,RN_DRAIN_00112,0.02637752433631995,synthetic_manning_scenario,0.0,0.0,0.0,0.0,0.0
150_180,rajendra_nagar_heavy_rain_demo,150,180,1800,RN_DNODE_00248,0.0,0.0,0.0,RN_DRAIN_00115,0.03485428291526828,synthetic_manning_scenario,0.0,0.0,0.0,0.0,0.0
150_180,rajendra_nagar_heavy_rain_demo,150,180,1800,RN_DNODE_00334,0.0,0.0,0.0,RN_DRAIN_00117,0.2898108574113625,synthetic_manning_scenario,0.0,0.0,0.0,0.0,0.0
150_180,rajendra_nagar_heavy_rain_demo,150,180,1800,RN_DNODE_00366,0.0,0.0,0.0,RN_DRAIN_00118,0.20580724239131704,synthetic_manning_scenario,0.0,0.0,0.0,0.0,0.0
150_180,rajendra_nagar_heavy_rain_demo,150,180,1800,RN_DNODE_00539,0.0,0.0,0.0,RN_DRAIN_00120,0.03485428291526828,synthetic_manning_scenario,0.0,0.0,0.0,0.0,0.0
150_180,rajendra_nagar_heavy_rain_demo,150,180,1800,RN_DNODE_00056,0.0,0.0,0.0,RN_DRAIN_00123,0.03484430030503481,synthetic_manning_scenario,0.0,0.0,0.0,0.0,0.0
150_180,rajendra_nagar_heavy_rain_demo,150,180,1800,RN_DNODE_00137,0.0,0.0,0.0,RN_DRAIN_00124,0.24465918118318086,synthetic_manning_scenario,0.0,0.0,0.0,0.0,0.0
150_180,rajendra_nagar_heavy_rain_demo,150,180,1800,RN_DNODE_00289,0.014875000847710504,0.0,0.014875000847710504,RN_DRAIN_00129,0.12733816465846753,synthetic_manning_scenario,0.0,0.014875000847710504,0.0,0.0,0.0
150_180,rajendra_nagar_heavy_rain_demo,150,180,1800,RN_DNODE_00471,0.015312500529819065,0.0,0.015312500529819065,RN_DRAIN_00133,0.03485428291526828,synthetic_manning_scenario,0.0,0.015312500529819065,0.0,0.0,0.0
150_180,rajendra_nagar_heavy_rain_demo,150,180,1800,RN_DNODE_00038,0.014875000847710504,0.0,0.014875000847710504,RN_DRAIN_00136,0.02637752433631995,synthetic_manning_scenario,0.0,0.014875000847710504,0.0,0.0,0.0
150_180,rajendra_nagar_heavy_rain_demo,150,180,1800,RN_DNODE_00047,0.007437500423855252,0.0,0.007437500423855252,RN_DRAIN_00137,0.02637752433631995,synthetic_manning_scenario,0.0,0.007437500423855252,0.0,0.0,0.0
150_180,rajendra_nagar_heavy_rain_demo,150,180,1800,RN_DNODE_00154,0.0,0.0,0.0,RN_DRAIN_00138,0.1774601738083829,synthetic_manning_scenario,0.0,0.0,0.0,0.0,0.0
150_180,rajendra_nagar_heavy_rain_demo,150,180,1800,RN_DNODE_00175,0.0,0.0,0.0,RN_DRAIN_00139,0.02637752433631995,synthetic_manning_scenario,0.0,0.0,0.0,0.0,0.0
150_180,rajendra_nagar_heavy_rain_demo,150,180,1800,RN_DNODE_00001,0.0,0.0,0.0,RN_DRAIN_00148,0.23026234147550612,synthetic_manning_scenario,0.0,0.0,0.0,0.0,0.0
150_180,rajendra_nagar_heavy_rain_demo,150,180,1800,RN_DNODE_00173,0.0,0.0,0.0,RN_DRAIN_00163,0.03484430030503481,synthetic_manning_scenario,0.0,0.0,0.0,0.0,0.0
150_180,rajendra_nagar_heavy_rain_demo,150,180,1800,RN_DNODE_00227,0.0,0.0,0.0,RN_DRAIN_00165,0.03484430030503481,synthetic_manning_scenario,0.0,0.0,0.0,0.0,0.0
150_180,rajendra_nagar_heavy_rain_demo,150,180,1800,RN_DNODE_00287,0.022312501271565754,0.0,0.022312501271565754,RN_DRAIN_00166,0.03484430030503481,synthetic_manning_scenario,0.0,0.022312501271565754,0.0,0.0,0.0
150_180,rajendra_nagar_heavy_rain_demo,150,180,1800,RN_DNODE_00320,0.0,0.0,0.0,RN_DRAIN_00168,0.03484430030503481,synthetic_manning_scenario,0.0,0.0,0.0,0.0,0.0
150_180,rajendra_nagar_heavy_rain_demo,150,180,1800,RN_DNODE_00437,0.21787500805324977,0.0,0.21787500805324977,RN_DRAIN_00172,0.05158812602898853,synthetic_manning_scenario,0.0,0.05158812602898853,0.16628688202426123,0.0,299.3163876436702
150_180,rajendra_nagar_heavy_rain_demo,150,180,1800,RN_DNODE_00071,0.14656250476837157,0.0,0.14656250476837157,RN_DRAIN_00174,0.14154681932172938,synthetic_manning_scenario,0.0,0.14154681932172938,0.005015685446642187,0.0,9.028233803955937
150_180,rajendra_nagar_heavy_rain_demo,150,180,1800,RN_DNODE_00226,0.0,0.0,0.0,RN_DRAIN_00180,0.03484430030503481,synthetic_manning_scenario,0.0,0.0,0.0,0.0,0.0
150_180,rajendra_nagar_heavy_rain_demo,150,180,1800,RN_DNODE_00319,0.022750000953674316,0.0,0.022750000953674316,RN_DRAIN_00182,0.03484430030503481,synthetic_manning_scenario,0.0,0.022750000953674316,0.0,0.0,0.0
150_180,rajendra_nagar_heavy_rain_demo,150,180,1800,RN_DNODE_00152,0.007437500423855252,0.0,0.007437500423855252,RN_DRAIN_00189,0.2781184424317617,synthetic_manning_scenario,0.0,0.007437500423855252,0.0,0.0,0.0
150_180,rajendra_nagar_heavy_rain_demo,150,180,1800,RN_DNODE_00171,0.007437500423855252,0.0,0.007437500423855252,RN_DRAIN_00190,0.21513777926228358,synthetic_manning_scenario,0.0,0.007437500423855252,0.0,0.0,0.0
150_180,rajendra_nagar_heavy_rain_demo,150,180,1800,RN_DNODE_00225,0.010062500635782878,0.0,0.010062500635782878,RN_DRAIN_00192,0.02637752433631995,synthetic_manning_scenario,0.0,0.010062500635782878,0.0,0.0,0.0
150_180,rajendra_nagar_heavy_rain_demo,150,180,1800,RN_DNODE_00300,0.022750000953674316,0.0,0.022750000953674316,RN_DRAIN_00193,0.03485428291526828,synthetic_manning_scenario,0.0,0.022750000953674316,0.0,0.0,0.0
150_180,rajendra_nagar_heavy_rain_demo,150,180,1800,RN_DNODE_00490,0.0,0.0,0.0,RN_DRAIN_00196,0.038632043432786596,synthetic_manning_scenario,0.0,0.0,0.0,0.0,0.0
150_180,rajendra_nagar_heavy_rain_demo,150,180,1800,RN_DNODE_00002,0.0,0.0,0.0,RN_DRAIN_00197,0.02637752433631995,synthetic_manning_scenario,0.0,0.0,0.0,0.0,0.0
150_180,rajendra_nagar_heavy_rain_demo,150,180,1800,RN_DNODE_00135,0.021437500847710504,0.0,0.021437500847710504,RN_DRAIN_00201,0.14808812947220454,synthetic_manning_scenario,0.0,0.021437500847710504,0.0,0.0,0.0
150_180,rajendra_nagar_heavy_rain_demo,150,180,1800,RN_DNODE_00151,0.0,0.0,0.0,RN_DRAIN_00202,0.22523069736860887,synthetic_manning_scenario,0.0,0.0,0.0,0.0,0.0
150_180,rajendra_nagar_heavy_rain_demo,150,180,1800,RN_DNODE_00170,0.0,0.0,0.0,RN_DRAIN_00203,0.22622629578712322,synthetic_manning_scenario,0.0,0.0,0.0,0.0,0.0
150_180,rajendra_nagar_heavy_rain_demo,150,180,1800,RN_DNODE_00224,0.0,0.0,0.0,RN_DRAIN_00205,0.03485428291526828,synthetic_manning_scenario,0.0,0.0,0.0,0.0,0.0
150_180,rajendra_nagar_heavy_rain_demo,150,180,1800,RN_DNODE_00299,0.03018750137752957,0.0,0.03018750137752957,RN_DRAIN_00206,0.02637752433631995,synthetic_manning_scenario,0.0,0.02637752433631995,0.003809977041209618,0.0,6.857958674177313
150_180,rajendra_nagar_heavy_rain_demo,150,180,1800,RN_DNODE_00359,0.1601250065697564,0.0,0.1601250065697564,RN_DRAIN_00208,0.09006678976697921,synthetic_manning_scenario,0.0,0.09006678976697921,0.07005821680277718,0.0,126.10479024499894
150_180,rajendra_nagar_heavy_rain_demo,150,180,1800,RN_DNODE_00124,0.0,0.0,0.0,RN_DRAIN_00211,0.02637752433631995,synthetic_manning_scenario,0.0,0.0,0.0,0.0,0.0
150_180,rajendra_nagar_heavy_rain_demo,150,180,1800,RN_DNODE_00223,0.0,0.0,0.0,RN_DRAIN_00215,0.03484430030503481,synthetic_manning_scenario,0.0,0.0,0.0,0.0,0.0
150_180,rajendra_nagar_heavy_rain_demo,150,180,1800,RN_DNODE_00316,0.0,0.0,0.0,RN_DRAIN_00216,0.03485428291526828,synthetic_manning_scenario,0.0,0.0,0.0,0.0,0.0
150_180,rajendra_nagar_heavy_rain_demo,150,180,1800,RN_DNODE_00546,0.19775000360276965,0.0,0.19775000360276965,RN_DRAIN_00219,0.07396532506289491,synthetic_manning_scenario,0.0,0.07396532506289491,0.12378467853987474,0.0,222.81242137177452
150_180,rajendra_nagar_heavy_rain_demo,150,180,1800,RN_DNODE_00022,0.03762500180138482,0.0,0.03762500180138482,RN_DRAIN_00221,0.03485428291526828,synthetic_manning_scenario,0.0,0.03485428291526828,0.0027707188861165397,0.0,4.987293995009772
150_180,rajendra_nagar_heavy_rain_demo,150,180,1800,RN_DNODE_00149,0.0,0.0,0.0,RN_DRAIN_00229,0.11345402204017847,synthetic_manning_scenario,0.0,0.0,0.0,0.0,0.0
150_180,rajendra_nagar_heavy_rain_demo,150,180,1800,RN_DNODE_00168,0.0,0.0,0.0,RN_DRAIN_00230,0.2627180237045502,synthetic_manning_scenario,0.0,0.0,0.0,0.0,0.0
150_180,rajendra_nagar_heavy_rain_demo,150,180,1800,RN_DNODE_00222,0.0,0.0,0.0,RN_DRAIN_00232,0.03484430030503481,synthetic_manning_scenario,0.0,0.0,0.0,0.0,0.0
150_180,rajendra_nagar_heavy_rain_demo,150,180,1800,RN_DNODE_00331,0.0,0.0,0.0,RN_DRAIN_00233,0.03485428291526828,synthetic_manning_scenario,0.0,0.0,0.0,0.0,0.0
150_180,rajendra_nagar_heavy_rain_demo,150,180,1800,RN_DNODE_00351,0.0,0.0,0.0,RN_DRAIN_00235,0.03485428291526828,synthetic_manning_scenario,0.0,0.0,0.0,0.0,0.0
150_180,rajendra_nagar_heavy_rain_demo,150,180,1800,RN_DNODE_00556,0.028875001271565757,0.0,0.028875001271565757,RN_DRAIN_00238,0.03484430030503481,synthetic_manning_scenario,0.0,0.028875001271565757,0.0,0.0,0.0
150_180,rajendra_nagar_heavy_rain_demo,150,180,1800,RN_DNODE_00014,0.0,0.0,0.0,RN_DRAIN_00239,0.02637752433631995,synthetic_manning_scenario,0.0,0.0,0.0,0.0,0.0
150_180,rajendra_nagar_heavy_rain_demo,150,180,1800,RN_DNODE_00065,0.0,0.0,0.0,RN_DRAIN_00242,0.03485428291526828,synthetic_manning_scenario,0.0,0.0,0.0,0.0,0.0
150_180,rajendra_nagar_heavy_rain_demo,150,180,1800,RN_DNODE_00076,0.0,0.0,0.0,RN_DRAIN_00244,0.03484430030503481,synthetic_manning_scenario,0.0,0.0,0.0,0.0,0.0
150_180,rajendra_nagar_heavy_rain_demo,150,180,1800,RN_DNODE_00085,0.0,0.0,0.0,RN_DRAIN_00245,0.03484430030503481,synthetic_manning_scenario,0.0,0.0,0.0,0.0,0.0
150_180,rajendra_nagar_heavy_rain_demo,150,180,1800,RN_DNODE_00193,0.0,0.0,0.0,RN_DRAIN_00246,0.03485428291526828,synthetic_manning_scenario,0.0,0.0,0.0,0.0,0.0
150_180,rajendra_nagar_heavy_rain_demo,150,180,1800,RN_DNODE_00342,0.0,0.0,0.0,RN_DRAIN_00248,0.03485428291526828,synthetic_manning_scenario,0.0,0.0,0.0,0.0,0.0
150_180,rajendra_nagar_heavy_rain_demo,150,180,1800,RN_DNODE_00247,0.0,0.0,0.0,RN_DRAIN_00261,0.02637752433631995,synthetic_manning_scenario,0.0,0.0,0.0,0.0,0.0
150_180,rajendra_nagar_heavy_rain_demo,150,180,1800,RN_DNODE_00349,0.0,0.0,0.0,RN_DRAIN_00262,0.03485428291526828,synthetic_manning_scenario,0.0,0.0,0.0,0.0,0.0
150_180,rajendra_nagar_heavy_rain_demo,150,180,1800,RN_DNODE_00054,0.0,0.0,0.0,RN_DRAIN_00272,0.16663623912470468,synthetic_manning_scenario,0.0,0.0,0.0,0.0,0.0
150_180,rajendra_nagar_heavy_rain_demo,150,180,1800,RN_DNODE_00063,0.0,0.0,0.0,RN_DRAIN_00273,0.11852287889848324,synthetic_manning_scenario,0.0,0.0,0.0,0.0,0.0
150_180,rajendra_nagar_heavy_rain_demo,150,180,1800,RN_DNODE_00246,0.0,0.0,0.0,RN_DRAIN_00275,0.03484430030503481,synthetic_manning_scenario,0.0,0.0,0.0,0.0,0.0
150_180,rajendra_nagar_heavy_rain_demo,150,180,1800,RN_DNODE_00357,0.0,0.0,0.0,RN_DRAIN_00276,0.03483431483404455,synthetic_manning_scenario,0.0,0.0,0.0,0.0,0.0
150_180,rajendra_nagar_heavy_rain_demo,150,180,1800,RN_DNODE_00372,0.0,0.0,0.0,RN_DRAIN_00278,0.03485428291526828,synthetic_manning_scenario,0.0,0.0,0.0,0.0,0.0
150_180,rajendra_nagar_heavy_rain_demo,150,180,1800,RN_DNODE_00541,0.0,0.0,0.0,RN_DRAIN_00280,0.03484430030503481,synthetic_manning_scenario,0.0,0.0,0.0,0.0,0.0
150_180,rajendra_nagar_heavy_rain_demo,150,180,1800,RN_DNODE_00245,0.0,0.0,0.0,RN_DRAIN_00287,0.02637752433631995,synthetic_manning_scenario,0.0,0.0,0.0,0.0,0.0
150_180,rajendra_nagar_heavy_rain_demo,150,180,1800,RN_DNODE_00363,0.0,0.0,0.0,RN_DRAIN_00288,0.03485428291526828,synthetic_manning_scenario,0.0,0.0,0.0,0.0,0.0
150_180,rajendra_nagar_heavy_rain_demo,150,180,1800,RN_DNODE_00377,0.0,0.0,0.0,RN_DRAIN_00290,0.03485428291526828,synthetic_manning_scenario,0.0,0.0,0.0,0.0,0.0
150_180,rajendra_nagar_heavy_rain_demo,150,180,1800,RN_DNODE_00396,0.3355625131395128,0.0,0.3355625131395128,RN_DRAIN_00291,0.1120128954947173,synthetic_manning_scenario,0.0,0.1120128954947173,0.2235496176447955,0.0,402.3893117606319
150_180,rajendra_nagar_heavy_rain_demo,150,180,1800,RN_DNODE_00448,0.04506250116560194,0.0,0.04506250116560194,RN_DRAIN_00292,0.02637752433631995,synthetic_manning_scenario,0.0,0.02637752433631995,0.01868497682928199,0.0,33.63295829270758
150_180,rajendra_nagar_heavy_rain_demo,150,180,1800,RN_DNODE_00005,0.0,0.0,0.0,RN_DRAIN_00294,0.04614936155069056,synthetic_manning_scenario,0.0,0.0,0.0,0.0,0.0
150_180,rajendra_nagar_heavy_rain_demo,150,180,1800,RN_DNODE_00244,0.0,0.0,0.0,RN_DRAIN_00302,0.03484430030503481,synthetic_manning_scenario,0.0,0.0,0.0,0.0,0.0
150_180,rajendra_nagar_heavy_rain_demo,150,180,1800,RN_DNODE_00370,0.0,0.0,0.0,RN_DRAIN_00303,0.03485428291526828,synthetic_manning_scenario,0.0,0.0,0.0,0.0,0.0
150_180,rajendra_nagar_heavy_rain_demo,150,180,1800,RN_DNODE_00395,0.021437500847710504,0.0,0.021437500847710504,RN_DRAIN_00306,0.02637752433631995,synthetic_manning_scenario,0.0,0.021437500847710504,0.0,0.0,0.0
150_180,rajendra_nagar_heavy_rain_demo,150,180,1800,RN_DNODE_00436,0.0,0.0,0.0,RN_DRAIN_00307,0.02637752433631995,synthetic_manning_scenario,0.0,0.0,0.0,0.0,0.0
150_180,rajendra_nagar_heavy_rain_demo,150,180,1800,RN_DNODE_00440,0.014875000847710504,0.0,0.014875000847710504,RN_DRAIN_00308,0.03485428291526828,synthetic_manning_scenario,0.0,0.014875000847710504,0.0,0.0,0.0
150_180,rajendra_nagar_heavy_rain_demo,150,180,1800,RN_DNODE_00243,0.0,0.0,0.0,RN_DRAIN_00317,0.03484430030503481,synthetic_manning_scenario,0.0,0.0,0.0,0.0,0.0
150_180,rajendra_nagar_heavy_rain_demo,150,180,1800,RN_DNODE_00375,0.014875000847710504,0.0,0.014875000847710504,RN_DRAIN_00318,0.03485428291526828,synthetic_manning_scenario,0.0,0.014875000847710504,0.0,0.0,0.0
150_180,rajendra_nagar_heavy_rain_demo,150,180,1800,RN_DNODE_00511,0.0,0.0,0.0,RN_DRAIN_00333,0.03485428291526828,synthetic_manning_scenario,0.0,0.0,0.0,0.0,0.0
150_180,rajendra_nagar_heavy_rain_demo,150,180,1800,RN_DNODE_00529,0.06868750095367432,0.0,0.06868750095367432,RN_DRAIN_00335,0.19300346415305064,synthetic_manning_scenario,0.0,0.06868750095367432,0.0,0.0,0.0
150_180,rajendra_nagar_heavy_rain_demo,150,180,1800,RN_DNODE_00074,0.0,0.0,0.0,RN_DRAIN_00336,0.03485428291526828,synthetic_manning_scenario,0.0,0.0,0.0,0.0,0.0
150_180,rajendra_nagar_heavy_rain_demo,150,180,1800,RN_DNODE_00242,0.0,0.0,0.0,RN_DRAIN_00338,0.03484430030503481,synthetic_manning_scenario,0.0,0.0,0.0,0.0,0.0
150_180,rajendra_nagar_heavy_rain_demo,150,180,1800,RN_DNODE_00383,0.0,0.0,0.0,RN_DRAIN_00339,0.03485428291526828,synthetic_manning_scenario,0.0,0.0,0.0,0.0,0.0
150_180,rajendra_nagar_heavy_rain_demo,150,180,1800,RN_DNODE_00393,0.0,0.0,0.0,RN_DRAIN_00340,0.03485428291526828,synthetic_manning_scenario,0.0,0.0,0.0,0.0,0.0
150_180,rajendra_nagar_heavy_rain_demo,150,180,1800,RN_DNODE_00428,0.014000000423855252,0.0,0.014000000423855252,RN_DRAIN_00344,0.03485428291526828,synthetic_manning_scenario,0.0,0.014000000423855252,0.0,0.0,0.0
150_180,rajendra_nagar_heavy_rain_demo,150,180,1800,RN_DNODE_00501,0.0,0.0,0.0,RN_DRAIN_00346,0.03484430030503481,synthetic_manning_scenario,0.0,0.0,0.0,0.0,0.0
150_180,rajendra_nagar_heavy_rain_demo,150,180,1800,RN_DNODE_00521,0.0065625,0.0,0.0065625,RN_DRAIN_00348,0.2764107810710812,synthetic_manning_scenario,0.0,0.0065625,0.0,0.0,0.0
150_180,rajendra_nagar_heavy_rain_demo,150,180,1800,RN_DNODE_00528,0.007437500423855252,0.0,0.007437500423855252,RN_DRAIN_00349,0.09203450505564478,synthetic_manning_scenario,0.0,0.007437500423855252,0.0,0.0,0.0
150_180,rajendra_nagar_heavy_rain_demo,150,180,1800,RN_DNODE_00241,0.0,0.0,0.0,RN_DRAIN_00351,0.03485428291526828,synthetic_manning_scenario,0.0,0.0,0.0,0.0,0.0
150_180,rajendra_nagar_heavy_rain_demo,150,180,1800,RN_DNODE_00527,0.02056250042385525,0.0,0.02056250042385525,RN_DRAIN_00355,0.18626342708702154,synthetic_manning_scenario,0.0,0.02056250042385525,0.0,0.0,0.0
150_180,rajendra_nagar_heavy_rain_demo,150,180,1800,RN_DNODE_00191,0.0,0.0,0.0,RN_DRAIN_00356,0.03484430030503481,synthetic_manning_scenario,0.0,0.0,0.0,0.0,0.0
150_180,rajendra_nagar_heavy_rain_demo,150,180,1800,RN_DNODE_00240,0.0,0.0,0.0,RN_DRAIN_00358,0.03484430030503481,synthetic_manning_scenario,0.0,0.0,0.0,0.0,0.0
150_180,rajendra_nagar_heavy_rain_demo,150,180,1800,RN_DNODE_00500,0.056000001695421006,0.0,0.056000001695421006,RN_DRAIN_00360,0.1948011871441529,synthetic_manning_scenario,0.0,0.056000001695421006,0.0,0.0,0.0
150_180,rajendra_nagar_heavy_rain_demo,150,180,1800,RN_DNODE_00508,0.07525000095367432,0.0,0.07525000095367432,RN_DRAIN_00361,0.2317547361496302,synthetic_manning_scenario,0.0,0.07525000095367432,0.0,0.0,0.0
150_180,rajendra_nagar_heavy_rain_demo,150,180,1800,RN_DNODE_00519,0.022312501271565754,0.0,0.022312501271565754,RN_DRAIN_00362,0.17218079283976848,synthetic_manning_scenario,0.0,0.022312501271565754,0.0,0.0,0.0
150_180,rajendra_nagar_heavy_rain_demo,150,180,1800,RN_DNODE_00190,0.0,0.0,0.0,RN_DRAIN_00364,0.03484430030503481,synthetic_manning_scenario,0.0,0.0,0.0,0.0,0.0
150_180,rajendra_nagar_heavy_rain_demo,150,180,1800,RN_DNODE_00239,0.0,0.0,0.0,RN_DRAIN_00366,0.03484430030503481,synthetic_manning_scenario,0.0,0.0,0.0,0.0,0.0
150_180,rajendra_nagar_heavy_rain_demo,150,180,1800,RN_DNODE_00453,0.015312500529819065,0.0,0.015312500529819065,RN_DRAIN_00367,0.12282979632326015,synthetic_manning_scenario,0.0,0.015312500529819065,0.0,0.0,0.0
150_180,rajendra_nagar_heavy_rain_demo,150,180,1800,RN_DNODE_00020,0.0,0.0,0.0,RN_DRAIN_00370,0.03484430030503481,synthetic_manning_scenario,0.0,0.0,0.0,0.0,0.0
150_180,rajendra_nagar_heavy_rain_demo,150,180,1800,RN_DNODE_00189,0.0,0.0,0.0,RN_DRAIN_00371,0.03484430030503481,synthetic_manning_scenario,0.0,0.0,0.0,0.0,0.0
150_180,rajendra_nagar_heavy_rain_demo,150,180,1800,RN_DNODE_00238,0.0,0.0,0.0,RN_DRAIN_00373,0.05960970345596315,synthetic_manning_scenario,0.0,0.0,0.0,0.0,0.0
150_180,rajendra_nagar_heavy_rain_demo,150,180,1800,RN_DNODE_00452,0.042437500953674316,0.0,0.042437500953674316,RN_DRAIN_00374,0.100407978859947,synthetic_manning_scenario,0.0,0.042437500953674316,0.0,0.0,0.0
150_180,rajendra_nagar_heavy_rain_demo,150,180,1800,RN_DNODE_00507,0.0,0.0,0.0,RN_DRAIN_00376,0.2407171307040971,synthetic_manning_scenario,0.0,0.0,0.0,0.0,0.0
150_180,rajendra_nagar_heavy_rain_demo,150,180,1800,RN_DNODE_00535,0.021437500847710504,0.0,0.021437500847710504,RN_DRAIN_00377,0.03485428291526828,synthetic_manning_scenario,0.0,0.021437500847710504,0.0,0.0,0.0
150_180,rajendra_nagar_heavy_rain_demo,150,180,1800,RN_DNODE_00188,0.0,0.0,0.0,RN_DRAIN_00380,0.03484430030503481,synthetic_manning_scenario,0.0,0.0,0.0,0.0,0.0
150_180,rajendra_nagar_heavy_rain_demo,150,180,1800,RN_DNODE_00237,0.0,0.0,0.0,RN_DRAIN_00382,0.25236412953905973,synthetic_manning_scenario,0.0,0.0,0.0,0.0,0.0
150_180,rajendra_nagar_heavy_rain_demo,150,180,1800,RN_DNODE_00166,0.0,0.0,0.0,RN_DRAIN_00388,0.02637752433631995,synthetic_manning_scenario,0.0,0.0,0.0,0.0,0.0
150_180,rajendra_nagar_heavy_rain_demo,150,180,1800,RN_DNODE_00298,0.2231250105963813,0.0,0.2231250105963813,RN_DRAIN_00393,0.09803784543033917,synthetic_manning_scenario,0.0,0.09803784543033917,0.12508716516604212,0.0,225.15689729887583
150_180,rajendra_nagar_heavy_rain_demo,150,180,1800,RN_DNODE_00518,0.2992500066757202,0.0,0.2992500066757202,RN_DRAIN_00395,0.14778712746867345,synthetic_manning_scenario,0.0,0.14778712746867345,0.15146287920704676,0.0,272.6331825726842
150_180,rajendra_nagar_heavy_rain_demo,150,180,1800,RN_DNODE_00028,0.0,0.0,0.0,RN_DRAIN_00398,0.07470010573424561,synthetic_manning_scenario,0.0,0.0,0.0,0.0,0.0
150_180,rajendra_nagar_heavy_rain_demo,150,180,1800,RN_DNODE_00186,0.0,0.0,0.0,RN_DRAIN_00403,0.03485428291526828,synthetic_manning_scenario,0.0,0.0,0.0,0.0,0.0
150_180,rajendra_nagar_heavy_rain_demo,150,180,1800,RN_DNODE_00208,0.0,0.0,0.0,RN_DRAIN_00404,0.02637752433631995,synthetic_manning_scenario,0.0,0.0,0.0,0.0,0.0
150_180,rajendra_nagar_heavy_rain_demo,150,180,1800,RN_DNODE_00235,0.0,0.0,0.0,RN_DRAIN_00405,0.33495301708709185,synthetic_manning_scenario,0.0,0.0,0.0,0.0,0.0
150_180,rajendra_nagar_heavy_rain_demo,150,180,1800,RN_DNODE_00256,0.0,0.0,0.0,RN_DRAIN_00406,0.11665905594771991,synthetic_manning_scenario,0.0,0.0,0.0,0.0,0.0
150_180,rajendra_nagar_heavy_rain_demo,150,180,1800,RN_DNODE_00475,0.0,0.0,0.0,RN_DRAIN_00410,0.17527859959571881,synthetic_manning_scenario,0.0,0.0,0.0,0.0,0.0
150_180,rajendra_nagar_heavy_rain_demo,150,180,1800,RN_DNODE_00555,0.0,0.0,0.0,RN_DRAIN_00411,0.03668278220199273,synthetic_manning_scenario,0.0,0.0,0.0,0.0,0.0
150_180,rajendra_nagar_heavy_rain_demo,150,180,1800,RN_DNODE_00093,0.0,0.0,0.0,RN_DRAIN_00413,0.05978452943539206,synthetic_manning_scenario,0.0,0.0,0.0,0.0,0.0
150_180,rajendra_nagar_heavy_rain_demo,150,180,1800,RN_DNODE_00147,0.0,0.0,0.0,RN_DRAIN_00414,0.02637752433631995,synthetic_manning_scenario,0.0,0.0,0.0,0.0,0.0
150_180,rajendra_nagar_heavy_rain_demo,150,180,1800,RN_DNODE_00185,0.0,0.0,0.0,RN_DRAIN_00416,0.02637752433631995,synthetic_manning_scenario,0.0,0.0,0.0,0.0,0.0
150_180,rajendra_nagar_heavy_rain_demo,150,180,1800,RN_DNODE_00297,0.014875000847710504,0.0,0.014875000847710504,RN_DRAIN_00418,0.03485428291526828,synthetic_manning_scenario,0.0,0.014875000847710504,0.0,0.0,0.0
150_180,rajendra_nagar_heavy_rain_demo,150,180,1800,RN_DNODE_00061,0.0,0.0,0.0,RN_DRAIN_00420,0.03484430030503481,synthetic_manning_scenario,0.0,0.0,0.0,0.0,0.0
150_180,rajendra_nagar_heavy_rain_demo,150,180,1800,RN_DNODE_00146,0.0,0.0,0.0,RN_DRAIN_00425,0.02637752433631995,synthetic_manning_scenario,0.0,0.0,0.0,0.0,0.0
150_180,rajendra_nagar_heavy_rain_demo,150,180,1800,RN_DNODE_00184,0.0,0.0,0.0,RN_DRAIN_00427,0.02637752433631995,synthetic_manning_scenario,0.0,0.0,0.0,0.0,0.0
150_180,rajendra_nagar_heavy_rain_demo,150,180,1800,RN_DNODE_00315,0.014875000847710504,0.0,0.014875000847710504,RN_DRAIN_00429,0.03485428291526828,synthetic_manning_scenario,0.0,0.014875000847710504,0.0,0.0,0.0
150_180,rajendra_nagar_heavy_rain_demo,150,180,1800,RN_DNODE_00492,0.0,0.0,0.0,RN_DRAIN_00430,0.1258874084942861,synthetic_manning_scenario,0.0,0.0,0.0,0.0,0.0
150_180,rajendra_nagar_heavy_rain_demo,150,180,1800,RN_DNODE_00052,0.0,0.0,0.0,RN_DRAIN_00431,0.03485428291526828,synthetic_manning_scenario,0.0,0.0,0.0,0.0,0.0
150_180,rajendra_nagar_heavy_rain_demo,150,180,1800,RN_DNODE_00121,0.0,0.0,0.0,RN_DRAIN_00436,0.3335187361648064,synthetic_manning_scenario,0.0,0.0,0.0,0.0,0.0
150_180,rajendra_nagar_heavy_rain_demo,150,180,1800,RN_DNODE_00132,0.0,0.0,0.0,RN_DRAIN_00437,0.1632724012023933,synthetic_manning_scenario,0.0,0.0,0.0,0.0,0.0
150_180,rajendra_nagar_heavy_rain_demo,150,180,1800,RN_DNODE_00162,0.0,0.0,0.0,RN_DRAIN_00439,0.03485428291526828,synthetic_manning_scenario,0.0,0.0,0.0,0.0,0.0
150_180,rajendra_nagar_heavy_rain_demo,150,180,1800,RN_DNODE_00183,0.0,0.0,0.0,RN_DRAIN_00440,0.02637752433631995,synthetic_manning_scenario,0.0,0.0,0.0,0.0,0.0
150_180,rajendra_nagar_heavy_rain_demo,150,180,1800,RN_DNODE_00059,0.014875000847710504,0.0,0.014875000847710504,RN_DRAIN_00447,0.05446815070334662,synthetic_manning_scenario,0.0,0.014875000847710504,0.0,0.0,0.0
150_180,rajendra_nagar_heavy_rain_demo,150,180,1800,RN_DNODE_00109,0.0,0.0,0.0,RN_DRAIN_00448,0.3250209820597582,synthetic_manning_scenario,0.0,0.0,0.0,0.0,0.0
150_180,rajendra_nagar_heavy_rain_demo,150,180,1800,RN_DNODE_00161,0.0,0.0,0.0,RN_DRAIN_00452,0.02637752433631995,synthetic_manning_scenario,0.0,0.0,0.0,0.0,0.0
150_180,rajendra_nagar_heavy_rain_demo,150,180,1800,RN_DNODE_00329,0.22706251038445366,0.0,0.22706251038445366,RN_DRAIN_00453,0.02637752433631995,synthetic_manning_scenario,0.0,0.02637752433631995,0.2006849860481337,0.0,361.23297488664065
150_180,rajendra_nagar_heavy_rain_demo,150,180,1800,RN_DNODE_00369,0.0,0.0,0.0,RN_DRAIN_00456,0.14438412066210826,synthetic_manning_scenario,0.0,0.0,0.0,0.0,0.0
150_180,rajendra_nagar_heavy_rain_demo,150,180,1800,RN_DNODE_00434,0.0,0.0,0.0,RN_DRAIN_00458,0.1495887056693421,synthetic_manning_scenario,0.0,0.0,0.0,0.0,0.0
150_180,rajendra_nagar_heavy_rain_demo,150,180,1800,RN_DNODE_00451,0.0,0.0,0.0,RN_DRAIN_00459,0.20938006290294106,synthetic_manning_scenario,0.0,0.0,0.0,0.0,0.0
150_180,rajendra_nagar_heavy_rain_demo,150,180,1800,RN_DNODE_00043,0.0,0.0,0.0,RN_DRAIN_00460,0.02637752433631995,synthetic_manning_scenario,0.0,0.0,0.0,0.0,0.0
150_180,rajendra_nagar_heavy_rain_demo,150,180,1800,RN_DNODE_00119,0.0,0.0,0.0,RN_DRAIN_00461,0.09743273367972305,synthetic_manning_scenario,0.0,0.0,0.0,0.0,0.0
150_180,rajendra_nagar_heavy_rain_demo,150,180,1800,RN_DNODE_00392,0.07700000180138482,0.0,0.07700000180138482,RN_DRAIN_00466,0.03484430030503481,synthetic_manning_scenario,0.0,0.03484430030503481,0.042155701496350007,0.0,75.88026269343001
150_180,rajendra_nagar_heavy_rain_demo,150,180,1800,RN_DNODE_00405,0.007437500423855252,0.0,0.007437500423855252,RN_DRAIN_00467,0.03484430030503481,synthetic_manning_scenario,0.0,0.007437500423855252,0.0,0.0,0.0
150_180,rajendra_nagar_heavy_rain_demo,150,180,1800,RN_DNODE_00412,0.014000000423855252,0.0,0.014000000423855252,RN_DRAIN_00468,0.03484430030503481,synthetic_manning_scenario,0.0,0.014000000423855252,0.0,0.0,0.0
150_180,rajendra_nagar_heavy_rain_demo,150,180,1800,RN_DNODE_00182,0.0,0.0,0.0,RN_DRAIN_00474,0.3460757329092977,synthetic_manning_scenario,0.0,0.0,0.0,0.0,0.0
150_180,rajendra_nagar_heavy_rain_demo,150,180,1800,RN_DNODE_00426,0.007437500423855252,0.0,0.007437500423855252,RN_DRAIN_00481,0.11954287044878092,synthetic_manning_scenario,0.0,0.007437500423855252,0.0,0.0,0.0
150_180,rajendra_nagar_heavy_rain_demo,150,180,1800,RN_DNODE_00117,0.0,0.0,0.0,RN_DRAIN_00483,0.03485428291526828,synthetic_manning_scenario,0.0,0.0,0.0,0.0,0.0
150_180,rajendra_nagar_heavy_rain_demo,150,180,1800,RN_DNODE_00128,0.0,0.0,0.0,RN_DRAIN_00484,0.02637752433631995,synthetic_manning_scenario,0.0,0.0,0.0,0.0,0.0
150_180,rajendra_nagar_heavy_rain_demo,150,180,1800,RN_DNODE_00158,0.0,0.0,0.0,RN_DRAIN_00486,0.22707203320513805,synthetic_manning_scenario,0.0,0.0,0.0,0.0,0.0
150_180,rajendra_nagar_heavy_rain_demo,150,180,1800,RN_DNODE_00433,0.014000000423855252,0.0,0.014000000423855252,RN_DRAIN_00494,0.0980023540468388,synthetic_manning_scenario,0.0,0.014000000423855252,0.0,0.0,0.0
150_180,rajendra_nagar_heavy_rain_demo,150,180,1800,RN_DNODE_00107,0.0,0.0,0.0,RN_DRAIN_00496,0.03483431483404455,synthetic_manning_scenario,0.0,0.0,0.0,0.0,0.0
150_180,rajendra_nagar_heavy_rain_demo,150,180,1800,RN_DNODE_00116,0.0,0.0,0.0,RN_DRAIN_00497,0.02637752433631995,synthetic_manning_scenario,0.0,0.0,0.0,0.0,0.0
150_180,rajendra_nagar_heavy_rain_demo,150,180,1800,RN_DNODE_00264,0.007437500423855252,0.0,0.007437500423855252,RN_DRAIN_00499,0.18405199949807394,synthetic_manning_scenario,0.0,0.007437500423855252,0.0,0.0,0.0
150_180,rajendra_nagar_heavy_rain_demo,150,180,1800,RN_DNODE_00410,0.0,0.0,0.0,RN_DRAIN_00502,0.10311891598683189,synthetic_manning_scenario,0.0,0.0,0.0,0.0,0.0
150_180,rajendra_nagar_heavy_rain_demo,150,180,1800,RN_DNODE_00099,0.0,0.0,0.0,RN_DRAIN_00505,0.03485428291526828,synthetic_manning_scenario,0.0,0.0,0.0,0.0,0.0
150_180,rajendra_nagar_heavy_rain_demo,150,180,1800,RN_DNODE_00106,0.0,0.0,0.0,RN_DRAIN_00506,0.02637752433631995,synthetic_manning_scenario,0.0,0.0,0.0,0.0,0.0
150_180,rajendra_nagar_heavy_rain_demo,150,180,1800,RN_DNODE_00263,0.0,0.0,0.0,RN_DRAIN_00508,0.13135106651046202,synthetic_manning_scenario,0.0,0.0,0.0,0.0,0.0
150_180,rajendra_nagar_heavy_rain_demo,150,180,1800,RN_DNODE_00089,0.0,0.0,0.0,RN_DRAIN_00513,0.02637752433631995,synthetic_manning_scenario,0.0,0.0,0.0,0.0,0.0
150_180,rajendra_nagar_heavy_rain_demo,150,180,1800,RN_DNODE_00090,0.0,0.0,0.0,RN_DRAIN_00514,0.02637752433631995,synthetic_manning_scenario,0.0,0.0,0.0,0.0,0.0
150_180,rajendra_nagar_heavy_rain_demo,150,180,1800,RN_DNODE_00098,0.0,0.0,0.0,RN_DRAIN_00515,0.02637752433631995,synthetic_manning_scenario,0.0,0.0,0.0,0.0,0.0
150_180,rajendra_nagar_heavy_rain_demo,150,180,1800,RN_DNODE_00262,0.007437500423855252,0.0,0.007437500423855252,RN_DRAIN_00520,0.19028600529539347,synthetic_manning_scenario,0.0,0.007437500423855252,0.0,0.0,0.0
150_180,rajendra_nagar_heavy_rain_demo,150,180,1800,RN_DNODE_00271,0.015312500529819065,0.0,0.015312500529819065,RN_DRAIN_00521,0.0954195777470258,synthetic_manning_scenario,0.0,0.015312500529819065,0.0,0.0,0.0
150_180,rajendra_nagar_heavy_rain_demo,150,180,1800,RN_DNODE_00389,0.0,0.0,0.0,RN_DRAIN_00526,0.03485428291526828,synthetic_manning_scenario,0.0,0.0,0.0,0.0,0.0
150_180,rajendra_nagar_heavy_rain_demo,150,180,1800,RN_DNODE_00438,0.07918750339084202,0.0,0.07918750339084202,RN_DRAIN_00528,0.22658585121858213,synthetic_manning_scenario,0.0,0.07918750339084202,0.0,0.0,0.0
150_180,rajendra_nagar_heavy_rain_demo,150,180,1800,RN_DNODE_00340,0.04287500169542101,0.0,0.04287500169542101,RN_DRAIN_00531,0.03485428291526828,synthetic_manning_scenario,0.0,0.03485428291526828,0.00802071878015273,0.0,14.437293804274914
150_180,rajendra_nagar_heavy_rain_demo,150,180,1800,RN_DNODE_00424,0.0,0.0,0.0,RN_DRAIN_00533,0.20569226626927573,synthetic_manning_scenario,0.0,0.0,0.0,0.0,0.0
150_180,rajendra_nagar_heavy_rain_demo,150,180,1800,RN_DNODE_00401,0.0,0.0,0.0,RN_DRAIN_00537,0.24741358548059755,synthetic_manning_scenario,0.0,0.0,0.0,0.0,0.0
150_180,rajendra_nagar_heavy_rain_demo,150,180,1800,RN_DNODE_00232,0.0,0.0,0.0,RN_DRAIN_00540,0.02637752433631995,synthetic_manning_scenario,0.0,0.0,0.0,0.0,0.0
150_180,rajendra_nagar_heavy_rain_demo,150,180,1800,RN_DNODE_00346,0.0,0.0,0.0,RN_DRAIN_00541,0.02637752433631995,synthetic_manning_scenario,0.0,0.0,0.0,0.0,0.0
150_180,rajendra_nagar_heavy_rain_demo,150,180,1800,RN_DNODE_00355,0.0,0.0,0.0,RN_DRAIN_00542,0.02637752433631995,synthetic_manning_scenario,0.0,0.0,0.0,0.0,0.0
150_180,rajendra_nagar_heavy_rain_demo,150,180,1800,RN_DNODE_00326,0.0,0.0,0.0,,,,,0.0,0.0,0.0,0.0
150_180,rajendra_nagar_heavy_rain_demo,150,180,1800,RN_DNODE_00327,0.0,0.0,0.0,,,,,0.0,0.0,0.0,0.0
150_180,rajendra_nagar_heavy_rain_demo,150,180,1800,RN_DNODE_00442,0.0,0.02637752433631995,0.02637752433631995,,,,,0.0,0.0,0.02637752433631995,0.0
150_180,rajendra_nagar_heavy_rain_demo,150,180,1800,RN_DNODE_00494,0.0,0.0,0.0,RN_DRAIN_00022,0.03485428291526828,synthetic_manning_scenario,0.0,0.0,0.0,0.0,0.0
150_180,rajendra_nagar_heavy_rain_demo,150,180,1800,RN_DNODE_00041,0.0,0.0,0.0,RN_DRAIN_00055,0.12723324562335805,synthetic_manning_scenario,0.0,0.0,0.0,0.0,0.0
150_180,rajendra_nagar_heavy_rain_demo,150,180,1800,RN_DNODE_00418,0.07218750158945719,0.027562500105963814,0.099750001695421,RN_DRAIN_00043,0.03484430030503481,synthetic_manning_scenario,0.0,0.03484430030503481,0.06490570139038619,0.0,116.83026250269515
150_180,rajendra_nagar_heavy_rain_demo,150,180,1800,RN_DNODE_00081,0.0,0.0,0.0,RN_DRAIN_00065,0.16428349070581968,synthetic_manning_scenario,0.0,0.0,0.0,0.0,0.0
150_180,rajendra_nagar_heavy_rain_demo,150,180,1800,RN_DNODE_00416,0.0,0.13572767824149176,0.13572767824149176,,,,,0.0,0.0,0.13572767824149176,0.0
150_180,rajendra_nagar_heavy_rain_demo,150,180,1800,RN_DNODE_00231,0.0,0.0,0.0,RN_DRAIN_00074,0.03484430030503481,synthetic_manning_scenario,0.0,0.0,0.0,0.0,0.0
150_180,rajendra_nagar_heavy_rain_demo,150,180,1800,RN_DNODE_00203,0.0,0.0,0.0,RN_DRAIN_00113,0.02637752433631995,synthetic_manning_scenario,0.0,0.0,0.0,0.0,0.0
150_180,rajendra_nagar_heavy_rain_demo,150,180,1800,RN_DNODE_00361,0.0,0.0,0.0,RN_DRAIN_00100,0.5915619686607586,synthetic_manning_scenario,0.0,0.0,0.0,0.0,0.0
150_180,rajendra_nagar_heavy_rain_demo,150,180,1800,RN_DNODE_00532,0.0,0.0,0.0,RN_DRAIN_00104,0.12723324562335805,synthetic_manning_scenario,0.0,0.0,0.0,0.0,0.0
150_180,rajendra_nagar_heavy_rain_demo,150,180,1800,RN_DNODE_00066,0.0,0.0,0.0,RN_DRAIN_00107,0.03484430030503481,synthetic_manning_scenario,0.0,0.0,0.0,0.0,0.0
150_180,rajendra_nagar_heavy_rain_demo,150,180,1800,RN_DNODE_00048,0.014875000847710504,0.007437500423855252,0.022312501271565754,RN_DRAIN_00122,0.03484430030503481,synthetic_manning_scenario,0.0,0.022312501271565754,0.0,0.0,0.0
150_180,rajendra_nagar_heavy_rain_demo,150,180,1800,RN_DNODE_00004,0.022750000953674316,0.0,0.022750000953674316,RN_DRAIN_00149,0.13705656053423662,synthetic_manning_scenario,0.0,0.022750000953674316,0.0,0.0,0.0
150_180,rajendra_nagar_heavy_rain_demo,150,180,1800,RN_DNODE_00430,0.021437500847710504,0.05158812602898853,0.07302562687669903,RN_DRAIN_00184,0.1515365242075139,synthetic_manning_scenario,0.0,0.07302562687669903,0.0,0.0,0.0
150_180,rajendra_nagar_heavy_rain_demo,150,180,1800,RN_DNODE_00078,0.022750000953674316,0.14154681932172938,0.1642968202754037,RN_DRAIN_00175,0.2530359490024738,synthetic_manning_scenario,0.0,0.1642968202754037,0.0,0.0,0.0
150_180,rajendra_nagar_heavy_rain_demo,150,180,1800,RN_DNODE_00172,0.0,0.007437500423855252,0.007437500423855252,RN_DRAIN_00178,0.03484430030503481,synthetic_manning_scenario,0.0,0.007437500423855252,0.0,0.0,0.0
150_180,rajendra_nagar_heavy_rain_demo,150,180,1800,RN_DNODE_00486,0.24062501006656223,0.0,0.24062501006656223,RN_DRAIN_00209,0.03484430030503481,synthetic_manning_scenario,0.0,0.03484430030503481,0.2057807097615274,0.0,370.4052775707493
150_180,rajendra_nagar_heavy_rain_demo,150,180,1800,RN_DNODE_00003,0.007875000105963812,0.0,0.007875000105963812,RN_DRAIN_00198,0.03485428291526828,synthetic_manning_scenario,0.0,0.007875000105963812,0.0,0.0,0.0
150_180,rajendra_nagar_heavy_rain_demo,150,180,1800,RN_DNODE_00352,0.0,0.09006678976697921,0.09006678976697921,RN_DRAIN_00218,0.1521025124547665,synthetic_manning_scenario,0.0,0.09006678976697921,0.0,0.0,0.0
150_180,rajendra_nagar_heavy_rain_demo,150,180,1800,RN_DNODE_00543,0.0,0.07396532506289491,0.07396532506289491,RN_DRAIN_00237,0.03485428291526828,synthetic_manning_scenario,0.0,0.03485428291526828,0.03911104214762663,0.0,70.39987586572794
150_180,rajendra_nagar_heavy_rain_demo,150,180,1800,RN_DNODE_00554,0.0,0.028875001271565757,0.028875001271565757,RN_DRAIN_00255,0.03485428291526828,synthetic_manning_scenario,0.0,0.028875001271565757,0.0,0.0,0.0
150_180,rajendra_nagar_heavy_rain_demo,150,180,1800,RN_DNODE_00385,0.0,0.1120128954947173,0.1120128954947173,RN_DRAIN_00305,0.03485428291526828,synthetic_manning_scenario,0.0,0.03485428291526828,0.07715861257944902,0.0,138.88550264300824
150_180,rajendra_nagar_heavy_rain_demo,150,180,1800,RN_DNODE_00006,0.0,0.0,0.0,RN_DRAIN_00295,0.13383312250292473,synthetic_manning_scenario,0.0,0.0,0.0,0.0,0.0
150_180,rajendra_nagar_heavy_rain_demo,150,180,1800,RN_DNODE_00522,0.0,0.06868750095367432,0.06868750095367432,RN_DRAIN_00334,0.02637752433631995,synthetic_manning_scenario,0.0,0.02637752433631995,0.04230997661735437,0.0,76.15795791123786
150_180,rajendra_nagar_heavy_rain_demo,150,180,1800,RN_DNODE_00075,0.0,0.0,0.0,RN_DRAIN_00313,0.03484430030503481,synthetic_manning_scenario,0.0,0.0,0.0,0.0,0.0
150_180,rajendra_nagar_heavy_rain_demo,150,180,1800,RN_DNODE_00509,0.0,0.1312500026490953,0.1312500026490953,RN_DRAIN_00353,0.6213901470038218,synthetic_manning_scenario,0.0,0.1312500026490953,0.0,0.0,0.0
150_180,rajendra_nagar_heavy_rain_demo,150,180,1800,RN_DNODE_00024,0.0,0.0,0.0,RN_DRAIN_00379,0.07650391573267233,synthetic_manning_scenario,0.0,0.0,0.0,0.0,0.0
150_180,rajendra_nagar_heavy_rain_demo,150,180,1800,RN_DNODE_00499,0.0,0.0,0.0,,,,,0.0,0.0,0.0,0.0
150_180,rajendra_nagar_heavy_rain_demo,150,180,1800,RN_DNODE_00286,0.0,0.09803784543033917,0.09803784543033917,,,,,0.0,0.0,0.09803784543033917,0.0
150_180,rajendra_nagar_heavy_rain_demo,150,180,1800,RN_DNODE_00506,0.0,0.14778712746867345,0.14778712746867345,,,,,0.0,0.0,0.14778712746867345,0.0
150_180,rajendra_nagar_heavy_rain_demo,150,180,1800,RN_DNODE_00209,0.0,0.0,0.0,RN_DRAIN_00390,0.03485428291526828,synthetic_manning_scenario,0.0,0.0,0.0,0.0,0.0
150_180,rajendra_nagar_heavy_rain_demo,150,180,1800,RN_DNODE_00468,0.3386250056160821,0.0,0.3386250056160821,RN_DRAIN_00394,0.18293911365381266,synthetic_manning_scenario,0.0,0.18293911365381266,0.15568589196226945,0.0,280.234605532085
150_180,rajendra_nagar_heavy_rain_demo,150,180,1800,RN_DNODE_00553,0.007437500423855252,0.0,0.007437500423855252,RN_DRAIN_00397,0.16888414661568568,synthetic_manning_scenario,0.0,0.007437500423855252,0.0,0.0,0.0
150_180,rajendra_nagar_heavy_rain_demo,150,180,1800,RN_DNODE_00488,0.0,0.0,0.0,RN_DRAIN_00419,0.3137595154941278,synthetic_manning_scenario,0.0,0.0,0.0,0.0,0.0
150_180,rajendra_nagar_heavy_rain_demo,150,180,1800,RN_DNODE_00427,0.25725000540415444,0.0,0.25725000540415444,RN_DRAIN_00457,0.03484430030503481,synthetic_manning_scenario,0.0,0.03484430030503481,0.2224057050991196,0.0,400.3302691784153
150_180,rajendra_nagar_heavy_rain_demo,150,180,1800,RN_DNODE_00444,0.0,0.0,0.0,,,,,0.0,0.0,0.0,0.0
150_180,rajendra_nagar_heavy_rain_demo,150,180,1800,RN_DNODE_00044,0.0,0.0,0.0,RN_DRAIN_00445,0.15060850351649752,synthetic_manning_scenario,0.0,0.0,0.0,0.0,0.0
150_180,rajendra_nagar_heavy_rain_demo,150,180,1800,RN_DNODE_00160,0.0,0.0,0.0,RN_DRAIN_00464,0.02637752433631995,synthetic_manning_scenario,0.0,0.0,0.0,0.0,0.0
150_180,rajendra_nagar_heavy_rain_demo,150,180,1800,RN_DNODE_00142,0.0,0.0,0.0,RN_DRAIN_00472,0.02637752433631995,synthetic_manning_scenario,0.0,0.0,0.0,0.0,0.0
150_180,rajendra_nagar_heavy_rain_demo,150,180,1800,RN_DNODE_00091,0.0,0.0,0.0,RN_DRAIN_00504,0.12723324562335805,synthetic_manning_scenario,0.0,0.0,0.0,0.0,0.0
150_180,rajendra_nagar_heavy_rain_demo,150,180,1800,RN_DNODE_00254,0.007437500423855252,0.007437500423855252,0.014875000847710504,RN_DRAIN_00519,0.16694910080064143,synthetic_manning_scenario,0.0,0.014875000847710504,0.0,0.0,0.0
150_180,rajendra_nagar_heavy_rain_demo,150,180,1800,RN_DNODE_00431,0.0,0.07918750339084202,0.07918750339084202,RN_DRAIN_00512,0.19810030056451727,synthetic_manning_scenario,0.0,0.07918750339084202,0.0,0.0,0.0
150_180,rajendra_nagar_heavy_rain_demo,150,180,1800,RN_DNODE_00419,0.0,0.0,0.0,RN_DRAIN_00527,0.21289946819313862,synthetic_manning_scenario,0.0,0.0,0.0,0.0,0.0
150_180,rajendra_nagar_heavy_rain_demo,150,180,1800,RN_DNODE_00388,0.0,0.0,0.0,RN_DRAIN_00535,0.21546094500843926,synthetic_manning_scenario,0.0,0.0,0.0,0.0,0.0
150_180,rajendra_nagar_heavy_rain_demo,150,180,1800,RN_DNODE_00205,0.0,0.0,0.0,RN_DRAIN_00539,0.03485428291526828,synthetic_manning_scenario,0.0,0.0,0.0,0.0,0.0
150_180,rajendra_nagar_heavy_rain_demo,150,180,1800,RN_DNODE_00347,0.0,0.0,0.0,RN_DRAIN_00536,0.12723324562335805,synthetic_manning_scenario,0.0,0.0,0.0,0.0,0.0
150_180,rajendra_nagar_heavy_rain_demo,150,180,1800,RN_DNODE_00491,0.0,0.0,0.0,RN_DRAIN_00021,0.12514738517223217,synthetic_manning_scenario,0.0,0.0,0.0,0.0,0.0
150_180,rajendra_nagar_heavy_rain_demo,150,180,1800,RN_DNODE_00033,0.10193750169542101,0.007437500423855252,0.10937500211927627,RN_DRAIN_00064,0.1272696969192279,synthetic_manning_scenario,0.0,0.10937500211927627,0.0,0.0,0.0
150_180,rajendra_nagar_heavy_rain_demo,150,180,1800,RN_DNODE_00408,0.052500001589457196,0.03484430030503481,0.08734430189449201,RN_DRAIN_00035,0.03484430030503481,synthetic_manning_scenario,0.0,0.03484430030503481,0.052500001589457196,0.0,94.50000286102295
150_180,rajendra_nagar_heavy_rain_demo,150,180,1800,RN_DNODE_00080,0.0,0.0,0.0,RN_DRAIN_00073,0.136249552270857,synthetic_manning_scenario,0.0,0.0,0.0,0.0,0.0
150_180,rajendra_nagar_heavy_rain_demo,150,180,1800,RN_DNODE_00354,0.0,0.0,0.0,RN_DRAIN_00099,1.0609568644927327,synthetic_manning_scenario,0.0,0.0,0.0,0.0,0.0
150_180,rajendra_nagar_heavy_rain_demo,150,180,1800,RN_DNODE_00525,0.0,0.0,0.0,RN_DRAIN_00078,0.12723324562335805,synthetic_manning_scenario,0.0,0.0,0.0,0.0,0.0
150_180,rajendra_nagar_heavy_rain_demo,150,180,1800,RN_DNODE_00057,0.0,0.022312501271565754,0.022312501271565754,RN_DRAIN_00106,0.03484430030503481,synthetic_manning_scenario,0.0,0.022312501271565754,0.0,0.0,0.0
150_180,rajendra_nagar_heavy_rain_demo,150,180,1800,RN_DNODE_00008,0.007437500423855252,0.022750000953674316,0.03018750137752957,RN_DRAIN_00150,0.03485428291526828,synthetic_manning_scenario,0.0,0.03018750137752957,0.0,0.0,0.0
150_180,rajendra_nagar_heavy_rain_demo,150,180,1800,RN_DNODE_00423,0.07918750339084202,0.07302562687669903,0.15221313026754105,RN_DRAIN_00183,0.04832201195748927,synthetic_manning_scenario,0.0,0.04832201195748927,0.10389111831005177,0.0,187.00401295809317
150_180,rajendra_nagar_heavy_rain_demo,150,180,1800,RN_DNODE_00087,0.0,0.1642968202754037,0.1642968202754037,RN_DRAIN_00176,0.2035500759701358,synthetic_manning_scenario,0.0,0.1642968202754037,0.0,0.0,0.0
150_180,rajendra_nagar_heavy_rain_demo,150,180,1800,RN_DNODE_00477,0.022750000953674316,0.03484430030503481,0.057594301258709124,RN_DRAIN_00195,0.03485428291526828,synthetic_manning_scenario,0.0,0.03485428291526828,0.022740018343440846,0.0,40.93203301819352
150_180,rajendra_nagar_heavy_rain_demo,150,180,1800,RN_DNODE_00007,0.059062501589457195,0.007875000105963812,0.06693750169542101,RN_DRAIN_00199,0.03485428291526828,synthetic_manning_scenario,0.0,0.03485428291526828,0.03208321878015273,0.0,57.749793804274915
150_180,rajendra_nagar_heavy_rain_demo,150,180,1800,RN_DNODE_00538,0.0,0.03485428291526828,0.03485428291526828,RN_DRAIN_00236,0.17060773937777143,synthetic_manning_scenario,0.0,0.03485428291526828,0.0,0.0,0.0
150_180,rajendra_nagar_heavy_rain_demo,150,180,1800,RN_DNODE_00552,0.0,0.028875001271565757,0.028875001271565757,RN_DRAIN_00254,0.17430534728708405,synthetic_manning_scenario,0.0,0.028875001271565757,0.0,0.0,0.0
150_180,rajendra_nagar_heavy_rain_demo,150,180,1800,RN_DNODE_00009,0.0,0.0,0.0,RN_DRAIN_00281,0.07976312140829656,synthetic_manning_scenario,0.0,0.0,0.0,0.0,0.0
150_180,rajendra_nagar_heavy_rain_demo,150,180,1800,RN_DNODE_00084,0.0,0.0,0.0,RN_DRAIN_00296,0.08227504605900168,synthetic_manning_scenario,0.0,0.0,0.0,0.0,0.0
150_180,rajendra_nagar_heavy_rain_demo,150,180,1800,RN_DNODE_00029,0.0,0.0,0.0,RN_DRAIN_00387,0.19021651980638857,synthetic_manning_scenario,0.0,0.0,0.0,0.0,0.0
150_180,rajendra_nagar_heavy_rain_demo,150,180,1800,RN_DNODE_00469,0.03718750211927626,0.18293911365381266,0.22012661577308892,RN_DRAIN_00383,0.1353812142771686,synthetic_manning_scenario,0.0,0.1353812142771686,0.08474540149592033,0.0,152.5417226926566
150_180,rajendra_nagar_heavy_rain_demo,150,180,1800,RN_DNODE_00551,0.04287500169542101,0.007437500423855252,0.05031250211927626,RN_DRAIN_00396,0.08345058337269148,synthetic_manning_scenario,0.0,0.05031250211927626,0.0,0.0,0.0
150_180,rajendra_nagar_heavy_rain_demo,150,180,1800,RN_DNODE_00484,0.0,0.0,0.0,,,,,0.0,0.0,0.0,0.0
150_180,rajendra_nagar_heavy_rain_demo,150,180,1800,RN_DNODE_00421,0.0,0.04228180072889006,0.04228180072889006,RN_DRAIN_00469,0.12723324562335805,synthetic_manning_scenario,0.0,0.04228180072889006,0.0,0.0,0.0
150_180,rajendra_nagar_heavy_rain_demo,150,180,1800,RN_DNODE_00051,0.0,0.0,0.0,RN_DRAIN_00446,0.05962720912031859,synthetic_manning_scenario,0.0,0.0,0.0,0.0,0.0
150_180,rajendra_nagar_heavy_rain_demo,150,180,1800,RN_DNODE_00144,0.0,0.0,0.0,RN_DRAIN_00451,0.03485428291526828,synthetic_manning_scenario,0.0,0.0,0.0,0.0,0.0
150_180,rajendra_nagar_heavy_rain_demo,150,180,1800,RN_DNODE_00100,0.0,0.0,0.0,RN_DRAIN_00495,0.12723324562335805,synthetic_manning_scenario,0.0,0.0,0.0,0.0,0.0
150_180,rajendra_nagar_heavy_rain_demo,150,180,1800,RN_DNODE_00233,0.03106250074174669,0.014875000847710504,0.0459375015894572,RN_DRAIN_00518,0.14235556684174894,synthetic_manning_scenario,0.0,0.0459375015894572,0.0,0.0,0.0
150_180,rajendra_nagar_heavy_rain_demo,150,180,1800,RN_DNODE_00432,0.0,0.07918750339084202,0.07918750339084202,RN_DRAIN_00503,0.11140874580493448,synthetic_manning_scenario,0.0,0.07918750339084202,0.0,0.0,0.0
150_180,rajendra_nagar_heavy_rain_demo,150,180,1800,RN_DNODE_00409,0.0,0.0,0.0,RN_DRAIN_00511,0.02637752433631995,synthetic_manning_scenario,0.0,0.0,0.0,0.0,0.0
150_180,rajendra_nagar_heavy_rain_demo,150,180,1800,RN_DNODE_00380,0.0,0.0,0.0,RN_DRAIN_00532,0.03485428291526828,synthetic_manning_scenario,0.0,0.0,0.0,0.0,0.0
150_180,rajendra_nagar_heavy_rain_demo,150,180,1800,RN_DNODE_00179,0.0,0.0,0.0,RN_DRAIN_00538,0.044130157925467595,synthetic_manning_scenario,0.0,0.0,0.0,0.0,0.0
150_180,rajendra_nagar_heavy_rain_demo,150,180,1800,RN_DNODE_00339,0.060812500847710504,0.0,0.060812500847710504,RN_DRAIN_00534,1.0125751333185353,synthetic_manning_scenario,0.0,0.060812500847710504,0.0,0.0,0.0
150_180,rajendra_nagar_heavy_rain_demo,150,180,1800,RN_DNODE_00487,0.0,0.0,0.0,RN_DRAIN_00020,0.03485428291526828,synthetic_manning_scenario,0.0,0.0,0.0,0.0,0.0
150_180,rajendra_nagar_heavy_rain_demo,150,180,1800,RN_DNODE_00032,0.03675000137752957,0.10937500211927627,0.14612500349680585,RN_DRAIN_00072,0.12723324562335805,synthetic_manning_scenario,0.0,0.12723324562335805,0.018891757873447795,0.0,34.00516417220603
150_180,rajendra_nagar_heavy_rain_demo,150,180,1800,RN_DNODE_00398,0.0,0.03484430030503481,0.03484430030503481,RN_DRAIN_00028,0.03485428291526828,synthetic_manning_scenario,0.0,0.03484430030503481,0.0,0.0,0.0
150_180,rajendra_nagar_heavy_rain_demo,150,180,1800,RN_DNODE_00345,0.0,0.0,0.0,RN_DRAIN_00098,0.8518909483625728,synthetic_manning_scenario,0.0,0.0,0.0,0.0,0.0
150_180,rajendra_nagar_heavy_rain_demo,150,180,1800,RN_DNODE_00516,0.0,0.0,0.0,RN_DRAIN_00071,0.5640755664606801,synthetic_manning_scenario,0.0,0.0,0.0,0.0,0.0
150_180,rajendra_nagar_heavy_rain_demo,150,180,1800,RN_DNODE_00011,0.08312500264909532,0.03018750137752957,0.11331250402662489,RN_DRAIN_00151,0.03485428291526828,synthetic_manning_scenario,0.0,0.03485428291526828,0.07845822111135661,0.0,141.2247980004419
150_180,rajendra_nagar_heavy_rain_demo,150,180,1800,RN_DNODE_00414,0.021875000529819066,0.04832201195748927,0.07019701248730834,RN_DRAIN_00171,0.09781403471816273,synthetic_manning_scenario,0.0,0.07019701248730834,0.0,0.0,0.0
150_180,rajendra_nagar_heavy_rain_demo,150,180,1800,RN_DNODE_00096,0.13431250519222684,0.1642968202754037,0.2986093254676305,RN_DRAIN_00186,0.151090496238554,synthetic_manning_scenario,0.0,0.151090496238554,0.14751882922907653,0.0,265.53389261233775
150_180,rajendra_nagar_heavy_rain_demo,150,180,1800,RN_DNODE_00478,0.023187500635782878,0.03485428291526828,0.058041783551051156,RN_DRAIN_00185,0.03485428291526828,synthetic_manning_scenario,0.0,0.03485428291526828,0.023187500635782878,0.0,41.73750114440918
150_180,rajendra_nagar_heavy_rain_demo,150,180,1800,RN_DNODE_00010,0.03762500180138482,0.03485428291526828,0.0724792847166531,RN_DRAIN_00200,0.03484430030503481,synthetic_manning_scenario,0.0,0.03484430030503481,0.03763498441161829,0.0,67.74297194091292
150_180,rajendra_nagar_heavy_rain_demo,150,180,1800,RN_DNODE_00531,0.0,0.03485428291526828,0.03485428291526828,RN_DRAIN_00251,0.12440295982607016,synthetic_manning_scenario,0.0,0.03485428291526828,0.0,0.0,0.0
150_180,rajendra_nagar_heavy_rain_demo,150,180,1800,RN_DNODE_00550,0.0,0.028875001271565757,0.028875001271565757,RN_DRAIN_00253,0.0834630887675077,synthetic_manning_scenario,0.0,0.028875001271565757,0.0,0.0,0.0
150_180,rajendra_nagar_heavy_rain_demo,150,180,1800,RN_DNODE_00012,0.0,0.0,0.0,RN_DRAIN_00269,0.03485428291526828,synthetic_manning_scenario,0.0,0.0,0.0,0.0,0.0
150_180,rajendra_nagar_heavy_rain_demo,150,180,1800,RN_DNODE_00094,0.0,0.0,0.0,RN_DRAIN_00297,0.12393226543861699,synthetic_manning_scenario,0.0,0.0,0.0,0.0,0.0
150_180,rajendra_nagar_heavy_rain_demo,150,180,1800,RN_DNODE_00036,0.0,0.0,0.0,RN_DRAIN_00399,0.1272696969192279,synthetic_manning_scenario,0.0,0.0,0.0,0.0,0.0
150_180,rajendra_nagar_heavy_rain_demo,150,180,1800,RN_DNODE_00457,0.007437500423855252,0.1353812142771686,0.14281871470102384,RN_DRAIN_00375,0.17518330495315723,synthetic_manning_scenario,0.0,0.14281871470102384,0.0,0.0,0.0
150_180,rajendra_nagar_heavy_rain_demo,150,180,1800,RN_DNODE_00549,0.021437500847710504,0.05031250211927626,0.07175000296698676,RN_DRAIN_00386,0.03485428291526828,synthetic_manning_scenario,0.0,0.03485428291526828,0.036895720051718484,0.0,66.41229609309327
150_180,rajendra_nagar_heavy_rain_demo,150,180,1800,RN_DNODE_00060,0.0,0.0,0.0,RN_DRAIN_00432,0.1272696969192279,synthetic_manning_scenario,0.0,0.0,0.0,0.0,0.0
150_180,rajendra_nagar_heavy_rain_demo,150,180,1800,RN_DNODE_00108,0.0,0.0,0.0,RN_DRAIN_00482,0.1272696969192279,synthetic_manning_scenario,0.0,0.0,0.0,0.0,0.0
150_180,rajendra_nagar_heavy_rain_demo,150,180,1800,RN_DNODE_00206,0.029312500953674315,0.0459375015894572,0.07525000254313151,RN_DRAIN_00517,0.03485428291526828,synthetic_manning_scenario,0.0,0.03485428291526828,0.04039571962786323,0.0,72.71229533015381
150_180,rajendra_nagar_heavy_rain_demo,150,180,1800,RN_DNODE_00425,0.19162500381469727,0.09318750381469727,0.28481250762939453,RN_DRAIN_00493,0.36701701471119386,synthetic_manning_scenario,0.0,0.28481250762939453,0.0,0.0,0.0
150_180,rajendra_nagar_heavy_rain_demo,150,180,1800,RN_DNODE_00381,0.0,0.0,0.0,RN_DRAIN_00525,0.03484430030503481,synthetic_manning_scenario,0.0,0.0,0.0,0.0,0.0
150_180,rajendra_nagar_heavy_rain_demo,150,180,1800,RN_DNODE_00178,0.0,0.0,0.0,,,,,0.0,0.0,0.0,0.0
150_180,rajendra_nagar_heavy_rain_demo,150,180,1800,RN_DNODE_00328,0.015312500529819065,0.09566678376297878,0.11097928429279785,RN_DRAIN_00530,0.1272696969192279,synthetic_manning_scenario,0.0,0.11097928429279785,0.0,0.0,0.0
150_180,rajendra_nagar_heavy_rain_demo,150,180,1800,RN_DNODE_00483,0.0,0.0,0.0,RN_DRAIN_00019,0.1831443771284688,synthetic_manning_scenario,0.0,0.0,0.0,0.0,0.0
150_180,rajendra_nagar_heavy_rain_demo,150,180,1800,RN_DNODE_00040,0.03631250169542101,0.12723324562335805,0.16354574731877908,RN_DRAIN_00081,0.5017366265441451,synthetic_manning_scenario,0.0,0.16354574731877908,0.0,0.0,0.0
150_180,rajendra_nagar_heavy_rain_demo,150,180,1800,RN_DNODE_00399,0.0,0.03484430030503481,0.03484430030503481,RN_DRAIN_00015,0.13777301901343705,synthetic_manning_scenario,0.0,0.03484430030503481,0.0,0.0,0.0
150_180,rajendra_nagar_heavy_rain_demo,150,180,1800,RN_DNODE_00517,0.0,0.0,0.0,RN_DRAIN_00063,0.1272696969192279,synthetic_manning_scenario,0.0,0.0,0.0,0.0,0.0
150_180,rajendra_nagar_heavy_rain_demo,150,180,1800,RN_DNODE_00016,0.007437500423855252,0.03485428291526828,0.04229178333912353,RN_DRAIN_00152,0.04100835586442703,synthetic_manning_scenario,0.0,0.04100835586442703,0.001283427474696494,0.0,2.3101694544536895
150_180,rajendra_nagar_heavy_rain_demo,150,180,1800,RN_DNODE_00407,0.029312500953674315,0.07019701248730834,0.09950951344098265,RN_DRAIN_00170,0.03485428291526828,synthetic_manning_scenario,0.0,0.03485428291526828,0.06465523052571437,0.0,116.37941494628586
150_180,rajendra_nagar_heavy_rain_demo,150,180,1800,RN_DNODE_00104,0.021875000529819066,0.151090496238554,0.17296549676837306,RN_DRAIN_00187,0.044467843567026905,synthetic_manning_scenario,0.0,0.044467843567026905,0.12849765320134615,0.0,231.29577576242306
150_180,rajendra_nagar_heavy_rain_demo,150,180,1800,RN_DNODE_00479,0.022750000953674316,0.03485428291526828,0.05760428386894259,RN_DRAIN_00173,0.09995654869004258,synthetic_manning_scenario,0.0,0.05760428386894259,0.0,0.0,0.0
150_180,rajendra_nagar_heavy_rain_demo,150,180,1800,RN_DNODE_00015,0.03631250169542101,0.03484430030503481,0.07115680200045582,RN_DRAIN_00210,0.03485428291526828,synthetic_manning_scenario,0.0,0.03485428291526828,0.03630251908518754,0.0,65.34453435333758
150_180,rajendra_nagar_heavy_rain_demo,150,180,1800,RN_DNODE_00548,0.1325625032848782,0.028875001271565757,0.16143750455644396,RN_DRAIN_00252,0.18704808214959012,synthetic_manning_scenario,0.0,0.16143750455644396,0.0,0.0,0.0
150_180,rajendra_nagar_heavy_rain_demo,150,180,1800,RN_DNODE_00013,0.0,0.0,0.0,RN_DRAIN_00256,0.06221965419535514,synthetic_manning_scenario,0.0,0.0,0.0,0.0,0.0
150_180,rajendra_nagar_heavy_rain_demo,150,180,1800,RN_DNODE_00102,0.0,0.0,0.0,RN_DRAIN_00284,0.03485428291526828,synthetic_manning_scenario,0.0,0.0,0.0,0.0,0.0
150_180,rajendra_nagar_heavy_rain_demo,150,180,1800,RN_DNODE_00045,0.0,0.0,0.0,RN_DRAIN_00400,0.12719678388149364,synthetic_manning_scenario,0.0,0.0,0.0,0.0,0.0
150_180,rajendra_nagar_heavy_rain_demo,150,180,1800,RN_DNODE_00458,0.16581250614590115,0.18525621565469816,0.35106872180059934,RN_DRAIN_00368,0.391656185493259,synthetic_manning_scenario,0.0,0.35106872180059934,0.0,0.0,0.0
150_180,rajendra_nagar_heavy_rain_demo,150,180,1800,RN_DNODE_00547,0.022312501271565754,0.03485428291526828,0.05716678418683403,RN_DRAIN_00385,0.03485428291526828,synthetic_manning_scenario,0.0,0.03485428291526828,0.022312501271565754,0.0,40.16250228881836
150_180,rajendra_nagar_heavy_rain_demo,150,180,1800,RN_DNODE_00068,0.08181250095367432,0.014875000847710504,0.09668750180138481,RN_DRAIN_00433,0.1272696969192279,synthetic_manning_scenario,0.0,0.09668750180138481,0.0,0.0,0.0
150_180,rajendra_nagar_heavy_rain_demo,150,180,1800,RN_DNODE_00118,0.0,0.0,0.0,RN_DRAIN_00470,0.12723324562335805,synthetic_manning_scenario,0.0,0.0,0.0,0.0,0.0
150_180,rajendra_nagar_heavy_rain_demo,150,180,1800,RN_DNODE_00180,0.08137500180138482,0.03485428291526828,0.1162292847166531,RN_DRAIN_00516,0.03484430030503481,synthetic_manning_scenario,0.0,0.03484430030503481,0.08138498441161829,0.0,146.49297194091292
150_180,rajendra_nagar_heavy_rain_demo,150,180,1800,RN_DNODE_00420,0.007437500423855252,0.28481250762939453,0.2922500080532498,RN_DRAIN_00480,0.4455532640291579,synthetic_manning_scenario,0.0,0.2922500080532498,0.0,0.0,0.0
150_180,rajendra_nagar_heavy_rain_demo,150,180,1800,RN_DNODE_00390,0.0,0.0,0.0,RN_DRAIN_00510,0.3236021441753258,synthetic_manning_scenario,0.0,0.0,0.0,0.0,0.0
150_180,rajendra_nagar_heavy_rain_demo,150,180,1800,RN_DNODE_00313,0.0,0.11097928429279785,0.11097928429279785,RN_DRAIN_00529,0.43897728400959335,synthetic_manning_scenario,0.0,0.11097928429279785,0.0,0.0,0.0
150_180,rajendra_nagar_heavy_rain_demo,150,180,1800,RN_DNODE_00474,0.0,0.0,0.0,RN_DRAIN_00018,0.07184184000329723,synthetic_manning_scenario,0.0,0.0,0.0,0.0,0.0
150_180,rajendra_nagar_heavy_rain_demo,150,180,1800,RN_DNODE_00050,0.0,0.16354574731877908,0.16354574731877908,RN_DRAIN_00082,0.1272696969192279,synthetic_manning_scenario,0.0,0.1272696969192279,0.036276050399551174,0.0,65.2968907191921
150_180,rajendra_nagar_heavy_rain_demo,150,180,1800,RN_DNODE_00400,0.0,0.03484430030503481,0.03484430030503481,RN_DRAIN_00010,0.12497491764534203,synthetic_manning_scenario,0.0,0.03484430030503481,0.0,0.0,0.0
150_180,rajendra_nagar_heavy_rain_demo,150,180,1800,RN_DNODE_00504,0.5508125103844537,0.014875000847710504,0.5656875112321642,RN_DRAIN_00053,0.15694054372586286,synthetic_manning_scenario,0.0,0.15694054372586286,0.40874696750630135,0.0,735.7445415113424
150_180,rajendra_nagar_heavy_rain_demo,150,180,1800,RN_DNODE_00019,0.036312500635782875,0.04100835586442703,0.07732085650020991,RN_DRAIN_00153,0.03485428291526828,synthetic_manning_scenario,0.0,0.03485428291526828,0.04246657358494163,0.0,76.43983245289493
150_180,rajendra_nagar_heavy_rain_demo,150,180,1800,RN_DNODE_00397,0.10412500487433539,0.03485428291526828,0.13897928778960367,RN_DRAIN_00169,0.03484430030503481,synthetic_manning_scenario,0.0,0.03484430030503481,0.10413498748456886,0.0,187.44297747222393
150_180,rajendra_nagar_heavy_rain_demo,150,180,1800,RN_DNODE_00113,0.021437500847710504,0.044467843567026905,0.06590534441473742,RN_DRAIN_00188,0.13686859948507724,synthetic_manning_scenario,0.0,0.06590534441473742,0.0,0.0,0.0
150_180,rajendra_nagar_heavy_rain_demo,150,180,1800,RN_DNODE_00480,0.023187500635782878,0.05760428386894259,0.08079178450472546,RN_DRAIN_00160,0.06233696028667062,synthetic_manning_scenario,0.0,0.06233696028667062,0.01845482421805484,0.0,33.218683592498714
150_180,rajendra_nagar_heavy_rain_demo,150,180,1800,RN_DNODE_00018,0.09712500307295058,0.03485428291526828,0.13197928598821884,RN_DRAIN_00220,0.12723324562335805,synthetic_manning_scenario,0.0,0.12723324562335805,0.004746040364860787,0.0,8.542872656749417
150_180,rajendra_nagar_heavy_rain_demo,150,180,1800,RN_DNODE_00545,0.0,0.16143750455644396,0.16143750455644396,RN_DRAIN_00268,0.18815700295850665,synthetic_manning_scenario,0.0,0.16143750455644396,0.0,0.0,0.0
150_180,rajendra_nagar_heavy_rain_demo,150,180,1800,RN_DNODE_00017,0.12818750222524009,0.0,0.12818750222524009,RN_DRAIN_00240,0.03485428291526828,synthetic_manning_scenario,0.0,0.03485428291526828,0.09333321930997181,0.0,167.99979475794925
150_180,rajendra_nagar_heavy_rain_demo,150,180,1800,RN_DNODE_00111,0.44318750646379257,0.0,0.44318750646379257,RN_DRAIN_00285,0.03484430030503481,synthetic_manning_scenario,0.0,0.03484430030503481,0.40834320615875774,0.0,735.0177710857639
150_180,rajendra_nagar_heavy_rain_demo,150,180,1800,RN_DNODE_00053,0.0,0.0,0.0,RN_DRAIN_00401,0.1272696969192279,synthetic_manning_scenario,0.0,0.0,0.0,0.0,0.0
150_180,rajendra_nagar_heavy_rain_demo,150,180,1800,RN_DNODE_00454,0.20387500392066107,0.3663812223304184,0.5702562262510795,RN_DRAIN_00359,0.48087166299014095,synthetic_manning_scenario,0.0,0.48087166299014095,0.08938456326093858,0.0,160.89221386968944
150_180,rajendra_nagar_heavy_rain_demo,150,180,1800,RN_DNODE_00544,0.17193750381469727,0.03485428291526828,0.20679178672996557,RN_DRAIN_00384,0.15013191509707569,synthetic_manning_scenario,0.0,0.15013191509707569,0.05665987163288988,0.0,101.98776893920179
150_180,rajendra_nagar_heavy_rain_demo,150,180,1800,RN_DNODE_00157,0.03018750137752957,0.03484430030503481,0.06503180168256438,RN_DRAIN_00507,0.3596921468391413,synthetic_manning_scenario,0.0,0.06503180168256438,0.0,0.0,0.0
150_180,rajendra_nagar_heavy_rain_demo,150,180,1800,RN_DNODE_00411,0.05031250211927626,0.33453180878213984,0.3848443109014161,RN_DRAIN_00479,0.30124813859248456,synthetic_manning_scenario,0.0,0.30124813859248456,0.08359617230893152,0.0,150.47311015607673
150_180,rajendra_nagar_heavy_rain_demo,150,180,1800,RN_DNODE_00402,0.0,0.0,0.0,RN_DRAIN_00501,0.5315703032862718,synthetic_manning_scenario,0.0,0.0,0.0,0.0,0.0
150_180,rajendra_nagar_heavy_rain_demo,150,180,1800,RN_DNODE_00295,0.06693750275505914,0.11097928429279785,0.177916787047857,RN_DRAIN_00524,0.4840443716707854,synthetic_manning_scenario,0.0,0.177916787047857,0.0,0.0,0.0
150_180,rajendra_nagar_heavy_rain_demo,150,180,1800,RN_DNODE_00467,0.1430625041325887,0.0,0.1430625041325887,RN_DRAIN_00017,0.03485428291526828,synthetic_manning_scenario,0.0,0.03485428291526828,0.10820822121732042,0.0,194.77479819117676
150_180,rajendra_nagar_heavy_rain_demo,150,180,1800,RN_DNODE_00387,0.0,0.03484430030503481,0.03484430030503481,RN_DRAIN_00004,0.02637752433631995,synthetic_manning_scenario,0.0,0.02637752433631995,0.008466775968714861,0.0,15.24019674368675
150_180,rajendra_nagar_heavy_rain_demo,150,180,1800,RN_DNODE_00505,0.0,0.15694054372586286,0.15694054372586286,,,,,0.0,0.0,0.15694054372586286,0.0
150_180,rajendra_nagar_heavy_rain_demo,150,180,1800,RN_DNODE_00023,0.11025000307295058,0.03485428291526828,0.14510428598821884,RN_DRAIN_00154,0.03485428291526828,synthetic_manning_scenario,0.0,0.03485428291526828,0.11025000307295056,0.0,198.450005531311
150_180,rajendra_nagar_heavy_rain_demo,150,180,1800,RN_DNODE_00386,0.03850000116560194,0.03484430030503481,0.07334430147063675,RN_DRAIN_00159,0.06828671863062642,synthetic_manning_scenario,0.0,0.06828671863062642,0.00505758284001033,0.0,9.103649112018594
150_180,rajendra_nagar_heavy_rain_demo,150,180,1800,RN_DNODE_00125,0.0,0.06590534441473742,0.06590534441473742,RN_DRAIN_00177,0.29797263860351214,synthetic_manning_scenario,0.0,0.06590534441473742,0.0,0.0,0.0
150_180,rajendra_nagar_heavy_rain_demo,150,180,1800,RN_DNODE_00481,0.06650000201331245,0.06233696028667062,0.12883696229998307,RN_DRAIN_00147,0.03485428291526828,synthetic_manning_scenario,0.0,0.03485428291526828,0.09398267938471479,0.0,169.16882289248662
150_180,rajendra_nagar_heavy_rain_demo,150,180,1800,RN_DNODE_00542,0.0,0.16143750455644396,0.16143750455644396,RN_DRAIN_00267,0.03485428291526828,synthetic_manning_scenario,0.0,0.03485428291526828,0.1265832216411757,0.0,227.84979895411624
150_180,rajendra_nagar_heavy_rain_demo,150,180,1800,RN_DNODE_00021,0.021875000529819066,0.1969418114538946,0.21881681198371367,RN_DRAIN_00241,0.12723324562335805,synthetic_manning_scenario,0.0,0.12723324562335805,0.09158356636035561,0.0,164.8504194486401
150_180,rajendra_nagar_heavy_rain_demo,150,180,1800,RN_DNODE_00122,0.0,0.03484430030503481,0.03484430030503481,RN_DRAIN_00298,0.03484430030503481,synthetic_manning_scenario,0.0,0.03484430030503481,0.0,0.0,0.0
150_180,rajendra_nagar_heavy_rain_demo,150,180,1800,RN_DNODE_00062,0.0,0.0,0.0,RN_DRAIN_00412,0.12723324562335805,synthetic_manning_scenario,0.0,0.0,0.0,0.0,0.0
150_180,rajendra_nagar_heavy_rain_demo,150,180,1800,RN_DNODE_00445,0.0,0.48087166299014095,0.48087166299014095,RN_DRAIN_00352,0.7483774137344394,synthetic_manning_scenario,0.0,0.48087166299014095,0.0,0.0,0.0
150_180,rajendra_nagar_heavy_rain_demo,150,180,1800,RN_DNODE_00540,0.04462500148349338,0.15013191509707569,0.19475691658056907,RN_DRAIN_00378,0.1348146985507728,synthetic_manning_scenario,0.0,0.1348146985507728,0.05994221802979627,0.0,107.89599245363328
150_180,rajendra_nagar_heavy_rain_demo,150,180,1800,RN_DNODE_00140,0.0,0.06503180168256438,0.06503180168256438,RN_DRAIN_00498,0.31364418229729374,synthetic_manning_scenario,0.0,0.06503180168256438,0.0,0.0,0.0
150_180,rajendra_nagar_heavy_rain_demo,150,180,1800,RN_DNODE_00404,0.014000000423855252,0.3152481390163398,0.32924813944019504,RN_DRAIN_00478,0.30124813859248456,synthetic_manning_scenario,0.0,0.30124813859248456,0.028000000847710482,0.0,50.40000152587887
150_180,rajendra_nagar_heavy_rain_demo,150,180,1800,RN_DNODE_00403,0.0,0.0,0.0,RN_DRAIN_00492,0.48250869403237323,synthetic_manning_scenario,0.0,0.0,0.0,0.0,0.0
150_180,rajendra_nagar_heavy_rain_demo,150,180,1800,RN_DNODE_00284,0.029312500953674315,0.177916787047857,0.20722928800153131,RN_DRAIN_00523,0.8030954072736205,synthetic_manning_scenario,0.0,0.20722928800153131,0.0,0.0,0.0
150_180,rajendra_nagar_heavy_rain_demo,150,180,1800,RN_DNODE_00379,0.0,0.02637752433631995,0.02637752433631995,,,,,0.0,0.0,0.02637752433631995,0.0
150_180,rajendra_nagar_heavy_rain_demo,150,180,1800,RN_DNODE_00027,0.0459375015894572,0.03485428291526828,0.08079178450472548,RN_DRAIN_00155,0.03484430030503481,synthetic_manning_scenario,0.0,0.03484430030503481,0.045947484199690664,0.0,82.7054715594432
150_180,rajendra_nagar_heavy_rain_demo,150,180,1800,RN_DNODE_00378,0.0459375015894572,0.06828671863062642,0.11422422022008362,RN_DRAIN_00146,0.12524186330580878,synthetic_manning_scenario,0.0,0.11422422022008362,0.0,0.0,0.0
150_180,rajendra_nagar_heavy_rain_demo,150,180,1800,RN_DNODE_00136,0.0,0.06590534441473742,0.06590534441473742,RN_DRAIN_00161,0.16698035472771766,synthetic_manning_scenario,0.0,0.06590534441473742,0.0,0.0,0.0
150_180,rajendra_nagar_heavy_rain_demo,150,180,1800,RN_DNODE_00482,0.014875000847710504,0.03485428291526828,0.04972928376297878,RN_DRAIN_00134,0.03484430030503481,synthetic_manning_scenario,0.0,0.03484430030503481,0.014884983457943972,0.0,26.79297022429915
150_180,rajendra_nagar_heavy_rain_demo,150,180,1800,RN_DNODE_00537,0.0,0.03485428291526828,0.03485428291526828,RN_DRAIN_00266,0.1272696969192279,synthetic_manning_scenario,0.0,0.03485428291526828,0.0,0.0,0.0
150_180,rajendra_nagar_heavy_rain_demo,150,180,1800,RN_DNODE_00026,0.023187500635782878,0.12723324562335805,0.15042074625914093,RN_DRAIN_00257,0.7029886526903337,synthetic_manning_scenario,0.0,0.15042074625914093,0.0,0.0,0.0
150_180,rajendra_nagar_heavy_rain_demo,150,180,1800,RN_DNODE_00133,0.0,0.03484430030503481,0.03484430030503481,RN_DRAIN_00314,0.1550630537514668,synthetic_manning_scenario,0.0,0.03484430030503481,0.0,0.0,0.0
150_180,rajendra_nagar_heavy_rain_demo,150,180,1800,RN_DNODE_00069,0.5915000078413222,0.0,0.5915000078413222,RN_DRAIN_00421,0.12723324562335805,synthetic_manning_scenario,0.0,0.12723324562335805,0.46426676221796415,0.0,835.6801719923354
150_180,rajendra_nagar_heavy_rain_demo,150,180,1800,RN_DNODE_00446,0.049875001377529565,0.48087166299014095,0.5307466643676705,RN_DRAIN_00345,0.6085297810986018,synthetic_manning_scenario,0.0,0.5307466643676705,0.0,0.0,0.0
150_180,rajendra_nagar_heavy_rain_demo,150,180,1800,RN_DNODE_00536,0.07175000190734863,0.1562521993984833,0.22800220130583193,RN_DRAIN_00369,0.18393770855067063,synthetic_manning_scenario,0.0,0.18393770855067063,0.044064492755161305,0.0,79.31608695929035
150_180,rajendra_nagar_heavy_rain_demo,150,180,1800,RN_DNODE_00141,0.0,0.06503180168256438,0.06503180168256438,RN_DRAIN_00485,0.02637752433631995,synthetic_manning_scenario,0.0,0.02637752433631995,0.03865427734624443,0.0,69.57769922323997
150_180,rajendra_nagar_heavy_rain_demo,150,180,1800,RN_DNODE_00391,0.26031250211927626,0.30868563901633983,0.5689981411356161,RN_DRAIN_00477,0.30124813859248456,synthetic_manning_scenario,0.0,0.30124813859248456,0.2677500025431315,0.0,481.9500045776368
150_180,rajendra_nagar_heavy_rain_demo,150,180,1800,RN_DNODE_00278,0.08400000307295058,0.20722928800153131,0.2912292910744819,RN_DRAIN_00522,0.4808041363512746,synthetic_manning_scenario,0.0,0.2912292910744819,0.0,0.0,0.0
150_180,rajendra_nagar_heavy_rain_demo,150,180,1800,RN_DNODE_00031,0.0,0.03484430030503481,0.03484430030503481,RN_DRAIN_00135,0.03484430030503481,synthetic_manning_scenario,0.0,0.03484430030503481,0.0,0.0,0.0
150_180,rajendra_nagar_heavy_rain_demo,150,180,1800,RN_DNODE_00373,0.0,0.11422422022008362,0.11422422022008362,RN_DRAIN_00132,0.1267604035528174,synthetic_manning_scenario,0.0,0.11422422022008362,0.0,0.0,0.0
150_180,rajendra_nagar_heavy_rain_demo,150,180,1800,RN_DNODE_00153,0.0,0.06590534441473742,0.06590534441473742,RN_DRAIN_00162,0.20061316841502458,synthetic_manning_scenario,0.0,0.06590534441473742,0.0,0.0,0.0
150_180,rajendra_nagar_heavy_rain_demo,150,180,1800,RN_DNODE_00472,0.014875000847710504,0.050156800834853875,0.06503180168256438,RN_DRAIN_00119,0.1272696969192279,synthetic_manning_scenario,0.0,0.06503180168256438,0.0,0.0,0.0
150_180,rajendra_nagar_heavy_rain_demo,150,180,1800,RN_DNODE_00530,0.0,0.03485428291526828,0.03485428291526828,RN_DRAIN_00265,0.12723324562335805,synthetic_manning_scenario,0.0,0.03485428291526828,0.0,0.0,0.0
150_180,rajendra_nagar_heavy_rain_demo,150,180,1800,RN_DNODE_00025,0.0,0.15042074625914093,0.15042074625914093,RN_DRAIN_00270,0.12723324562335805,synthetic_manning_scenario,0.0,0.12723324562335805,0.02318750063578287,0.0,41.737501144409165
150_180,rajendra_nagar_heavy_rain_demo,150,180,1800,RN_DNODE_00148,0.0,0.03484430030503481,0.03484430030503481,RN_DRAIN_00315,0.1734811093212871,synthetic_manning_scenario,0.0,0.03484430030503481,0.0,0.0,0.0
150_180,rajendra_nagar_heavy_rain_demo,150,180,1800,RN_DNODE_00073,0.0,0.22392074742474288,0.22392074742474288,RN_DRAIN_00434,0.46733711847571097,synthetic_manning_scenario,0.0,0.22392074742474288,0.0,0.0,0.0
150_180,rajendra_nagar_heavy_rain_demo,150,180,1800,RN_DNODE_00526,0.0,0.18393770855067063,0.18393770855067063,RN_DRAIN_00363,0.8884739605124451,synthetic_manning_scenario,0.0,0.18393770855067063,0.0,0.0,0.0
150_180,rajendra_nagar_heavy_rain_demo,150,180,1800,RN_DNODE_00129,0.0,0.02637752433631995,0.02637752433631995,RN_DRAIN_00471,0.03485428291526828,synthetic_manning_scenario,0.0,0.02637752433631995,0.0,0.0,0.0
150_180,rajendra_nagar_heavy_rain_demo,150,180,1800,RN_DNODE_00382,0.014875000847710504,0.3360924388975194,0.35096743974522987,RN_DRAIN_00476,1.5879626023456346,synthetic_manning_scenario,0.0,0.35096743974522987,0.0,0.0,0.0
150_180,rajendra_nagar_heavy_rain_demo,150,180,1800,RN_DNODE_00272,0.0,0.306541791604301,0.306541791604301,RN_DRAIN_00509,0.8534250354908414,synthetic_manning_scenario,0.0,0.306541791604301,0.0,0.0,0.0
150_180,rajendra_nagar_heavy_rain_demo,150,180,1800,RN_DNODE_00039,0.04943750169542101,0.04971930115274532,0.09915680284816633,RN_DRAIN_00121,0.12723324562335805,synthetic_manning_scenario,0.0,0.09915680284816633,0.0,0.0,0.0
150_180,rajendra_nagar_heavy_rain_demo,150,180,1800,RN_DNODE_00365,0.03718750105963813,0.11422422022008362,0.15141172127972174,RN_DRAIN_00145,0.21676002461835764,synthetic_manning_scenario,0.0,0.15141172127972174,0.0,0.0,0.0
150_180,rajendra_nagar_heavy_rain_demo,150,180,1800,RN_DNODE_00174,0.0,0.06590534441473742,0.06590534441473742,RN_DRAIN_00156,0.03484430030503481,synthetic_manning_scenario,0.0,0.03484430030503481,0.031061044109702604,0.0,55.909879397464685
150_180,rajendra_nagar_heavy_rain_demo,150,180,1800,RN_DNODE_00473,0.03718750105963813,0.06503180168256438,0.1022193027422025,RN_DRAIN_00102,0.12723324562335805,synthetic_manning_scenario,0.0,0.1022193027422025,0.0,0.0,0.0
150_180,rajendra_nagar_heavy_rain_demo,150,180,1800,RN_DNODE_00523,0.0,0.06970856583053656,0.06970856583053656,RN_DRAIN_00250,0.33976832673800367,synthetic_manning_scenario,0.0,0.06970856583053656,0.0,0.0,0.0
150_180,rajendra_nagar_heavy_rain_demo,150,180,1800,RN_DNODE_00030,0.0,0.12723324562335805,0.12723324562335805,RN_DRAIN_00282,0.6385097114211645,synthetic_manning_scenario,0.0,0.12723324562335805,0.0,0.0,0.0
150_180,rajendra_nagar_heavy_rain_demo,150,180,1800,RN_DNODE_00167,0.0,0.03484430030503481,0.03484430030503481,RN_DRAIN_00299,0.30262734913588674,synthetic_manning_scenario,0.0,0.03484430030503481,0.0,0.0,0.0
150_180,rajendra_nagar_heavy_rain_demo,150,180,1800,RN_DNODE_00083,0.0,0.22392074742474288,0.22392074742474288,RN_DRAIN_00422,0.8950470007614398,synthetic_manning_scenario,0.0,0.22392074742474288,0.0,0.0,0.0
150_180,rajendra_nagar_heavy_rain_demo,150,180,1800,RN_DNODE_00520,0.0345625008477105,0.2342502106699469,0.2688127115176574,RN_DRAIN_00354,0.8904712544361131,synthetic_manning_scenario,0.0,0.2688127115176574,0.0,0.0,0.0
150_180,rajendra_nagar_heavy_rain_demo,150,180,1800,RN_DNODE_00130,0.0,0.02637752433631995,0.02637752433631995,RN_DRAIN_00462,0.1272696969192279,synthetic_manning_scenario,0.0,0.02637752433631995,0.0,0.0,0.0
150_180,rajendra_nagar_heavy_rain_demo,150,180,1800,RN_DNODE_00374,0.0,0.35096743974522987,0.35096743974522987,RN_DRAIN_00475,1.3110899309156265,synthetic_manning_scenario,0.0,0.35096743974522987,0.0,0.0,0.0
150_180,rajendra_nagar_heavy_rain_demo,150,180,1800,RN_DNODE_00273,0.03543750180138482,0.306541791604301,0.34197929340568584,RN_DRAIN_00500,0.3882542420713991,synthetic_manning_scenario,0.0,0.34197929340568584,0.0,0.0,0.0
150_180,rajendra_nagar_heavy_rain_demo,150,180,1800,RN_DNODE_00049,0.007437500423855252,0.09915680284816633,0.10659430327202159,RN_DRAIN_00105,0.1272696969192279,synthetic_manning_scenario,0.0,0.10659430327202159,0.0,0.0,0.0
150_180,rajendra_nagar_heavy_rain_demo,150,180,1800,RN_DNODE_00360,0.022312500211927627,0.15141172127972174,0.17372422149164937,RN_DRAIN_00144,0.10887560820568472,synthetic_manning_scenario,0.0,0.10887560820568472,0.06484861328596465,0.0,116.72750391473637
150_180,rajendra_nagar_heavy_rain_demo,150,180,1800,RN_DNODE_00460,0.022750000953674316,0.1022193027422025,0.12496930369587682,RN_DRAIN_00077,0.1272696969192279,synthetic_manning_scenario,0.0,0.12496930369587682,0.0,0.0,0.0
150_180,rajendra_nagar_heavy_rain_demo,150,180,1800,RN_DNODE_00515,0.0,0.06970856583053656,0.06970856583053656,RN_DRAIN_00264,0.25964530282323023,synthetic_manning_scenario,0.0,0.06970856583053656,0.0,0.0,0.0
150_180,rajendra_nagar_heavy_rain_demo,150,180,1800,RN_DNODE_00037,0.0,0.12723324562335805,0.12723324562335805,RN_DRAIN_00283,0.4789095248259892,synthetic_manning_scenario,0.0,0.12723324562335805,0.0,0.0,0.0
150_180,rajendra_nagar_heavy_rain_demo,150,180,1800,RN_DNODE_00192,0.0,0.03484430030503481,0.03484430030503481,RN_DRAIN_00300,0.12619378157464736,synthetic_manning_scenario,0.0,0.03484430030503481,0.0,0.0,0.0
150_180,rajendra_nagar_heavy_rain_demo,150,180,1800,RN_DNODE_00092,0.0,0.22392074742474288,0.22392074742474288,RN_DRAIN_00423,0.30124813859248456,synthetic_manning_scenario,0.0,0.22392074742474288,0.0,0.0,0.0
150_180,rajendra_nagar_heavy_rain_demo,150,180,1800,RN_DNODE_00510,0.0,0.4330027385030727,0.4330027385030727,RN_DRAIN_00347,0.30124813859248456,synthetic_manning_scenario,0.0,0.30124813859248456,0.13175459991058813,0.0,237.15827983905865
150_180,rajendra_nagar_heavy_rain_demo,150,180,1800,RN_DNODE_00368,0.0,0.35096743974522987,0.35096743974522987,RN_DRAIN_00465,1.8547357326579403,synthetic_manning_scenario,0.0,0.35096743974522987,0.0,0.0,0.0
150_180,rajendra_nagar_heavy_rain_demo,150,180,1800,RN_DNODE_00265,0.0,0.34197929340568584,0.34197929340568584,RN_DRAIN_00491,0.6913117801679162,synthetic_manning_scenario,0.0,0.34197929340568584,0.0,0.0,0.0
150_180,rajendra_nagar_heavy_rain_demo,150,180,1800,RN_DNODE_00058,0.0,0.23386400019124948,0.23386400019124948,RN_DRAIN_00083,0.30107555299333355,synthetic_manning_scenario,0.0,0.23386400019124948,0.0,0.0,0.0
150_180,rajendra_nagar_heavy_rain_demo,150,180,1800,RN_DNODE_00353,0.028875000211927626,0.10887560820568472,0.13775060841761233,RN_DRAIN_00143,0.03485428291526828,synthetic_manning_scenario,0.0,0.03485428291526828,0.10289632550234405,0.0,185.21338590421928
150_180,rajendra_nagar_heavy_rain_demo,150,180,1800,RN_DNODE_00461,0.022312501271565754,0.12496930369587682,0.1472818049674426,RN_DRAIN_00070,0.3887914862481728,synthetic_manning_scenario,0.0,0.1472818049674426,0.0,0.0,0.0
150_180,rajendra_nagar_heavy_rain_demo,150,180,1800,RN_DNODE_00514,0.0,0.06970856583053656,0.06970856583053656,RN_DRAIN_00279,0.12719678388149364,synthetic_manning_scenario,0.0,0.06970856583053656,0.0,0.0,0.0
150_180,rajendra_nagar_heavy_rain_demo,150,180,1800,RN_DNODE_00046,0.0,0.12723324562335805,0.12723324562335805,RN_DRAIN_00271,0.3989314278310482,synthetic_manning_scenario,0.0,0.12723324562335805,0.0,0.0,0.0
150_180,rajendra_nagar_heavy_rain_demo,150,180,1800,RN_DNODE_00101,0.0,0.22392074742474288,0.22392074742474288,RN_DRAIN_00424,0.4805520220810709,synthetic_manning_scenario,0.0,0.22392074742474288,0.0,0.0,0.0
150_180,rajendra_nagar_heavy_rain_demo,150,180,1800,RN_DNODE_00362,0.12250000370873346,0.35096743974522987,0.4734674434539633,RN_DRAIN_00455,0.3425817481644578,synthetic_manning_scenario,0.0,0.3425817481644578,0.1308856952895055,0.0,235.5942515211099
150_180,rajendra_nagar_heavy_rain_demo,150,180,1800,RN_DNODE_00255,0.0,0.3494167938295411,0.3494167938295411,RN_DRAIN_00490,0.1655419763093995,synthetic_manning_scenario,0.0,0.1655419763093995,0.1838748175201416,0.0,330.97467153625485
150_180,rajendra_nagar_heavy_rain_demo,150,180,1800,RN_DNODE_00067,0.0,0.25617650146281523,0.25617650146281523,RN_DRAIN_00084,0.30124813859248456,synthetic_manning_scenario,0.0,0.25617650146281523,0.0,0.0,0.0
150_180,rajendra_nagar_heavy_rain_demo,150,180,1800,RN_DNODE_00344,0.06693750169542101,0.03485428291526828,0.10179178461068929,RN_DRAIN_00142,0.10542103561186149,synthetic_manning_scenario,0.0,0.10179178461068929,0.0,0.0,0.0
150_180,rajendra_nagar_heavy_rain_demo,150,180,1800,RN_DNODE_00462,0.021437500847710504,0.1472818049674426,0.1687193058151531,RN_DRAIN_00061,0.27705159099154153,synthetic_manning_scenario,0.0,0.1687193058151531,0.0,0.0,0.0
150_180,rajendra_nagar_heavy_rain_demo,150,180,1800,RN_DNODE_00513,0.0,0.06970856583053656,0.06970856583053656,RN_DRAIN_00293,0.1272696969192279,synthetic_manning_scenario,0.0,0.06970856583053656,0.0,0.0,0.0
150_180,rajendra_nagar_heavy_rain_demo,150,180,1800,RN_DNODE_00055,0.0,0.12723324562335805,0.12723324562335805,RN_DRAIN_00258,0.6419583207023042,synthetic_manning_scenario,0.0,0.12723324562335805,0.0,0.0,0.0
150_180,rajendra_nagar_heavy_rain_demo,150,180,1800,RN_DNODE_00110,0.0,0.22392074742474288,0.22392074742474288,RN_DRAIN_00435,2.759346514317241,synthetic_manning_scenario,0.0,0.22392074742474288,0.0,0.0,0.0
150_180,rajendra_nagar_heavy_rain_demo,150,180,1800,RN_DNODE_00356,0.03631250169542101,0.3425817481644578,0.3788942498598788,RN_DRAIN_00454,1.4082442328435159,synthetic_manning_scenario,0.0,0.3788942498598788,0.0,0.0,0.0
150_180,rajendra_nagar_heavy_rain_demo,150,180,1800,RN_DNODE_00234,0.07962500095367432,0.1655419763093995,0.24516697726307385,RN_DRAIN_00489,0.5313346491245258,synthetic_manning_scenario,0.0,0.24516697726307385,0.0,0.0,0.0
150_180,rajendra_nagar_heavy_rain_demo,150,180,1800,RN_DNODE_00072,0.0,0.25617650146281523,0.25617650146281523,RN_DRAIN_00085,0.30124813859248456,synthetic_manning_scenario,0.0,0.25617650146281523,0.0,0.0,0.0
150_180,rajendra_nagar_heavy_rain_demo,150,180,1800,RN_DNODE_00333,0.02362500031789144,0.10179178461068929,0.12541678492858072,RN_DRAIN_00131,0.22781081406408252,synthetic_manning_scenario,0.0,0.12541678492858072,0.0,0.0,0.0
150_180,rajendra_nagar_heavy_rain_demo,150,180,1800,RN_DNODE_00463,0.15968750476837157,0.1687193058151531,0.32840681058352467,RN_DRAIN_00052,0.1272696969192279,synthetic_manning_scenario,0.0,0.1272696969192279,0.20113711366429676,0.0,362.04680459573416
150_180,rajendra_nagar_heavy_rain_demo,150,180,1800,RN_DNODE_00512,0.0,0.06970856583053656,0.06970856583053656,RN_DRAIN_00312,0.1272696969192279,synthetic_manning_scenario,0.0,0.06970856583053656,0.0,0.0,0.0
150_180,rajendra_nagar_heavy_rain_demo,150,180,1800,RN_DNODE_00064,0.0,0.12723324562335805,0.12723324562335805,RN_DRAIN_00259,0.12723324562335805,synthetic_manning_scenario,0.0,0.12723324562335805,0.0,0.0,0.0
150_180,rajendra_nagar_heavy_rain_demo,150,180,1800,RN_DNODE_00120,0.0,0.22392074742474288,0.22392074742474288,RN_DRAIN_00449,2.5437721438672827,synthetic_manning_scenario,0.0,0.22392074742474288,0.0,0.0,0.0
150_180,rajendra_nagar_heavy_rain_demo,150,180,1800,RN_DNODE_00348,0.022750000953674316,0.3788942498598788,0.4016442508135531,RN_DRAIN_00444,1.036783363348529,synthetic_manning_scenario,0.0,0.4016442508135531,0.0,0.0,0.0
150_180,rajendra_nagar_heavy_rain_demo,150,180,1800,RN_DNODE_00207,0.043312501377529566,0.24516697726307385,0.2884794786406034,RN_DRAIN_00488,0.9868943284982327,synthetic_manning_scenario,0.0,0.2884794786406034,0.0,0.0,0.0
150_180,rajendra_nagar_heavy_rain_demo,150,180,1800,RN_DNODE_00079,0.12250000423855252,0.25617650146281523,0.37867650570136774,RN_DRAIN_00086,0.30124813859248456,synthetic_manning_scenario,0.0,0.30124813859248456,0.07742836710888318,0.0,139.37106079598973
150_180,rajendra_nagar_heavy_rain_demo,150,180,1800,RN_DNODE_00464,0.023187500635782878,0.1272696969192279,0.15045719755501077,RN_DRAIN_00044,0.642398926061122,synthetic_manning_scenario,0.0,0.15045719755501077,0.0,0.0,0.0
150_180,rajendra_nagar_heavy_rain_demo,150,180,1800,RN_DNODE_00502,0.0,0.3709567044230211,0.3709567044230211,RN_DRAIN_00332,0.30107555299333355,synthetic_manning_scenario,0.0,0.30107555299333355,0.06988115142968754,0.0,125.78607257343756
150_180,rajendra_nagar_heavy_rain_demo,150,180,1800,RN_DNODE_00070,0.0,0.12723324562335805,0.12723324562335805,RN_DRAIN_00243,0.12723324562335805,synthetic_manning_scenario,0.0,0.12723324562335805,0.0,0.0,0.0
150_180,rajendra_nagar_heavy_rain_demo,150,180,1800,RN_DNODE_00341,0.06387500180138482,0.4016442508135531,0.46551925261493793,RN_DRAIN_00443,0.5674438686929558,synthetic_manning_scenario,0.0,0.46551925261493793,0.0,0.0,0.0
150_180,rajendra_nagar_heavy_rain_demo,150,180,1800,RN_DNODE_00181,0.014000000423855252,0.2884794786406034,0.30247947906445866,RN_DRAIN_00487,1.2167317531808846,synthetic_manning_scenario,0.0,0.30247947906445866,0.0,0.0,0.0
150_180,rajendra_nagar_heavy_rain_demo,150,180,1800,RN_DNODE_00088,0.32812501006656225,0.30124813859248456,0.6293731486590468,RN_DRAIN_00087,2.002281704829388,synthetic_manning_scenario,0.0,0.6293731486590468,0.0,0.0,0.0
150_180,rajendra_nagar_heavy_rain_demo,150,180,1800,RN_DNODE_00465,0.027125000423855253,0.15045719755501077,0.17758219797886604,RN_DRAIN_00036,0.5725232749926845,synthetic_manning_scenario,0.0,0.17758219797886604,0.0,0.0,0.0
150_180,rajendra_nagar_heavy_rain_demo,150,180,1800,RN_DNODE_00498,0.0,0.30107555299333355,0.30107555299333355,RN_DRAIN_00331,0.30124813859248456,synthetic_manning_scenario,0.0,0.30107555299333355,0.0,0.0,0.0
150_180,rajendra_nagar_heavy_rain_demo,150,180,1800,RN_DNODE_00077,0.0,0.12723324562335805,0.12723324562335805,RN_DRAIN_00222,0.1272696969192279,synthetic_manning_scenario,0.0,0.12723324562335805,0.0,0.0,0.0
150_180,rajendra_nagar_heavy_rain_demo,150,180,1800,RN_DNODE_00330,0.007437500423855252,0.4918967769512579,0.49933427737511316,RN_DRAIN_00442,0.30124813859248456,synthetic_manning_scenario,0.0,0.30124813859248456,0.1980861387826286,0.0,356.5550498087315
150_180,rajendra_nagar_heavy_rain_demo,150,180,1800,RN_DNODE_00159,0.0,0.30247947906445866,0.30247947906445866,RN_DRAIN_00473,0.5368494949865811,synthetic_manning_scenario,0.0,0.30247947906445866,0.0,0.0,0.0
150_180,rajendra_nagar_heavy_rain_demo,150,180,1800,RN_DNODE_00097,0.007437500423855252,0.6293731486590468,0.6368106490829021,RN_DRAIN_00088,1.878999507826128,synthetic_manning_scenario,0.0,0.6368106490829021,0.0,0.0,0.0
150_180,rajendra_nagar_heavy_rain_demo,150,180,1800,RN_DNODE_00466,0.023187500635782878,0.17758219797886604,0.2007696986146489,RN_DRAIN_00029,0.12723324562335805,synthetic_manning_scenario,0.0,0.12723324562335805,0.07353645299129086,0.0,132.36561538432355
150_180,rajendra_nagar_heavy_rain_demo,150,180,1800,RN_DNODE_00497,0.0,0.30107555299333355,0.30107555299333355,RN_DRAIN_00330,0.30124813859248456,synthetic_manning_scenario,0.0,0.30107555299333355,0.0,0.0,0.0
150_180,rajendra_nagar_heavy_rain_demo,150,180,1800,RN_DNODE_00086,0.0,0.12723324562335805,0.12723324562335805,RN_DRAIN_00223,0.1272696969192279,synthetic_manning_scenario,0.0,0.12723324562335805,0.0,0.0,0.0
150_180,rajendra_nagar_heavy_rain_demo,150,180,1800,RN_DNODE_00314,0.029750001695421007,0.30124813859248456,0.3309981402879056,RN_DRAIN_00441,0.30116185815577506,synthetic_manning_scenario,0.0,0.30116185815577506,0.02983628213213052,0.0,53.70530783783494
150_180,rajendra_nagar_heavy_rain_demo,150,180,1800,RN_DNODE_00143,0.0,0.30247947906445866,0.30247947906445866,RN_DRAIN_00463,0.09631698738212754,synthetic_manning_scenario,0.0,0.09631698738212754,0.2061624916823311,0.0,371.092485028196
150_180,rajendra_nagar_heavy_rain_demo,150,180,1800,RN_DNODE_00105,0.06125000211927626,0.6368106490829021,0.6980606512021783,RN_DRAIN_00089,1.8362178351593588,synthetic_manning_scenario,0.0,0.6980606512021783,0.0,0.0,0.0
150_180,rajendra_nagar_heavy_rain_demo,150,180,1800,RN_DNODE_00456,0.11068750275505913,0.16208752853862635,0.27277503129368547,RN_DRAIN_00016,0.12723324562335805,synthetic_manning_scenario,0.0,0.12723324562335805,0.1455417856703274,0.0,261.9752142065893
150_180,rajendra_nagar_heavy_rain_demo,150,180,1800,RN_DNODE_00496,0.0,0.30107555299333355,0.30107555299333355,RN_DRAIN_00329,0.30124813859248456,synthetic_manning_scenario,0.0,0.30107555299333355,0.0,0.0,0.0
150_180,rajendra_nagar_heavy_rain_demo,150,180,1800,RN_DNODE_00095,0.0,0.12723324562335805,0.12723324562335805,RN_DRAIN_00224,0.5514010831518042,synthetic_manning_scenario,0.0,0.12723324562335805,0.0,0.0,0.0
150_180,rajendra_nagar_heavy_rain_demo,150,180,1800,RN_DNODE_00296,0.07831250190734863,0.31603685900348555,0.39434936091083417,RN_DRAIN_00428,0.30116185815577506,synthetic_manning_scenario,0.0,0.30116185815577506,0.0931875027550591,0.0,167.7375049591064
150_180,rajendra_nagar_heavy_rain_demo,150,180,1800,RN_DNODE_00131,0.0,0.34661525914319036,0.34661525914319036,RN_DRAIN_00450,0.30116185815577506,synthetic_manning_scenario,0.0,0.30116185815577506,0.04545340098741529,0.0,81.81612177734753
150_180,rajendra_nagar_heavy_rain_demo,150,180,1800,RN_DNODE_00115,0.035437500211927625,0.7120606516260336,0.7474981518379612,RN_DRAIN_00090,2.0143420369081957,synthetic_manning_scenario,0.0,0.7474981518379612,0.0,0.0,0.0
150_180,rajendra_nagar_heavy_rain_demo,150,180,1800,RN_DNODE_00449,0.052937501271565754,0.12723324562335805,0.1801707468949238,RN_DRAIN_00011,0.41271576218229383,synthetic_manning_scenario,0.0,0.1801707468949238,0.0,0.0,0.0
150_180,rajendra_nagar_heavy_rain_demo,150,180,1800,RN_DNODE_00493,0.8369375165303549,0.30107555299333355,1.1380130695236885,RN_DRAIN_00328,1.73635575785819,synthetic_manning_scenario,0.0,1.1380130695236885,0.0,0.0,0.0
150_180,rajendra_nagar_heavy_rain_demo,150,180,1800,RN_DNODE_00103,0.0,0.12723324562335805,0.12723324562335805,RN_DRAIN_00225,0.47636516340908275,synthetic_manning_scenario,0.0,0.12723324562335805,0.0,0.0,0.0
150_180,rajendra_nagar_heavy_rain_demo,150,180,1800,RN_DNODE_00285,0.055125001271565756,0.31603685900348555,0.3711618602750513,RN_DRAIN_00417,0.30116185815577506,synthetic_manning_scenario,0.0,0.30116185815577506,0.07000000211927626,0.0,126.00000381469727
150_180,rajendra_nagar_heavy_rain_demo,150,180,1800,RN_DNODE_00145,0.0,0.30116185815577506,0.30116185815577506,RN_DRAIN_00438,0.30116185815577506,synthetic_manning_scenario,0.0,0.30116185815577506,0.0,0.0,0.0
150_180,rajendra_nagar_heavy_rain_demo,150,180,1800,RN_DNODE_00127,0.0,0.7474981518379612,0.7474981518379612,RN_DRAIN_00091,1.8440278673135078,synthetic_manning_scenario,0.0,0.7474981518379612,0.0,0.0,0.0
150_180,rajendra_nagar_heavy_rain_demo,150,180,1800,RN_DNODE_00450,0.007437500423855252,0.1801707468949238,0.18760824731877904,RN_DRAIN_00006,0.09631698738212754,synthetic_manning_scenario,0.0,0.09631698738212754,0.09129125993665149,0.0,164.3242678859727
150_180,rajendra_nagar_heavy_rain_demo,150,180,1800,RN_DNODE_00489,0.03718750211927626,1.1380130695236885,1.1752005716429648,RN_DRAIN_00327,0.5266848835674651,synthetic_manning_scenario,0.0,0.5266848835674651,0.6485156880754996,0.0,1167.3282385358993
150_180,rajendra_nagar_heavy_rain_demo,150,180,1800,RN_DNODE_00112,0.48518750455644394,0.12723324562335805,0.612420750179802,RN_DRAIN_00226,0.2262936821084416,synthetic_manning_scenario,0.0,0.2262936821084416,0.38612706807136044,0.0,695.0287225284488
150_180,rajendra_nagar_heavy_rain_demo,150,180,1800,RN_DNODE_00279,0.03018750137752957,0.30116185815577506,0.33134935953330463,RN_DRAIN_00409,0.30124813859248456,synthetic_manning_scenario,0.0,0.30124813859248456,0.030101220940820073,0.0,54.182197693476134
150_180,rajendra_nagar_heavy_rain_demo,150,180,1800,RN_DNODE_00163,0.0,0.30116185815577506,0.30116185815577506,RN_DRAIN_00426,0.30124813859248456,synthetic_manning_scenario,0.0,0.30116185815577506,0.0,0.0,0.0
150_180,rajendra_nagar_heavy_rain_demo,150,180,1800,RN_DNODE_00138,0.0,0.7474981518379612,0.7474981518379612,RN_DRAIN_00110,2.117775746980934,synthetic_manning_scenario,0.0,0.7474981518379612,0.0,0.0,0.0
150_180,rajendra_nagar_heavy_rain_demo,150,180,1800,RN_DNODE_00443,0.0,0.09631698738212754,0.09631698738212754,,,,,0.0,0.0,0.09631698738212754,0.0
150_180,rajendra_nagar_heavy_rain_demo,150,180,1800,RN_DNODE_00485,0.0,0.5266848835674651,0.5266848835674651,RN_DRAIN_00326,0.30124813859248456,synthetic_manning_scenario,0.0,0.30124813859248456,0.22543674497498056,0.0,405.786140954965
150_180,rajendra_nagar_heavy_rain_demo,150,180,1800,RN_DNODE_00123,0.0,0.2262936821084416,0.2262936821084416,RN_DRAIN_00227,0.19248944506420465,synthetic_manning_scenario,0.0,0.19248944506420465,0.03380423704423696,0.0,60.84762667962653
150_180,rajendra_nagar_heavy_rain_demo,150,180,1800,RN_DNODE_00274,0.022750000953674316,0.30124813859248456,0.32399813954615886,RN_DRAIN_00408,0.3305358790663851,synthetic_manning_scenario,0.0,0.32399813954615886,0.0,0.0,0.0
150_180,rajendra_nagar_heavy_rain_demo,150,180,1800,RN_DNODE_00164,0.0,0.30116185815577506,0.30116185815577506,RN_DRAIN_00415,0.30124813859248456,synthetic_manning_scenario,0.0,0.30116185815577506,0.0,0.0,0.0
150_180,rajendra_nagar_heavy_rain_demo,150,180,1800,RN_DNODE_00155,0.0,0.7474981518379612,0.7474981518379612,RN_DRAIN_00125,2.013400004775711,synthetic_manning_scenario,0.0,0.7474981518379612,0.0,0.0,0.0
150_180,rajendra_nagar_heavy_rain_demo,150,180,1800,RN_DNODE_00476,0.0,0.30124813859248456,0.30124813859248456,RN_DRAIN_00325,0.30124813859248456,synthetic_manning_scenario,0.0,0.30124813859248456,0.0,0.0,0.0
150_180,rajendra_nagar_heavy_rain_demo,150,180,1800,RN_DNODE_00134,0.0,0.19248944506420465,0.19248944506420465,RN_DRAIN_00228,0.5704535696123435,synthetic_manning_scenario,0.0,0.19248944506420465,0.0,0.0,0.0
150_180,rajendra_nagar_heavy_rain_demo,150,180,1800,RN_DNODE_00266,0.045062502225240074,0.32399813954615886,0.3690606417713989,RN_DRAIN_00407,1.4328865124290238,synthetic_manning_scenario,0.0,0.3690606417713989,0.0,0.0,0.0
150_180,rajendra_nagar_heavy_rain_demo,150,180,1800,RN_DNODE_00165,0.0,0.30116185815577506,0.30116185815577506,RN_DRAIN_00402,0.30116185815577506,synthetic_manning_scenario,0.0,0.30116185815577506,0.0,0.0,0.0
150_180,rajendra_nagar_heavy_rain_demo,150,180,1800,RN_DNODE_00176,0.0,0.7474981518379612,0.7474981518379612,RN_DRAIN_00126,0.22798288882636691,synthetic_manning_scenario,0.0,0.22798288882636691,0.5195152630115942,0.0,935.1274734208696
150_180,rajendra_nagar_heavy_rain_demo,150,180,1800,RN_DNODE_00470,0.19600000752343072,0.30124813859248456,0.4972481461159153,RN_DRAIN_00324,0.9125867707273617,synthetic_manning_scenario,0.0,0.4972481461159153,0.0,0.0,0.0
150_180,rajendra_nagar_heavy_rain_demo,150,180,1800,RN_DNODE_00150,0.0,0.21392694591191516,0.21392694591191516,RN_DRAIN_00212,1.1484321568452578,synthetic_manning_scenario,0.0,0.21392694591191516,0.0,0.0,0.0
150_180,rajendra_nagar_heavy_rain_demo,150,180,1800,RN_DNODE_00257,0.0,0.3690606417713989,0.3690606417713989,RN_DRAIN_00392,3.3929032105727823,synthetic_manning_scenario,0.0,0.3690606417713989,0.0,0.0,0.0
150_180,rajendra_nagar_heavy_rain_demo,150,180,1800,RN_DNODE_00187,0.0,0.30116185815577506,0.30116185815577506,RN_DRAIN_00389,0.30116185815577506,synthetic_manning_scenario,0.0,0.30116185815577506,0.0,0.0,0.0
150_180,rajendra_nagar_heavy_rain_demo,150,180,1800,RN_DNODE_00202,0.0,0.22798288882636691,0.22798288882636691,RN_DRAIN_00127,0.22798288882636691,synthetic_manning_scenario,0.0,0.22798288882636691,0.0,0.0,0.0
150_180,rajendra_nagar_heavy_rain_demo,150,180,1800,RN_DNODE_00459,0.0,0.4972481461159153,0.4972481461159153,RN_DRAIN_00311,0.30124813859248456,synthetic_manning_scenario,0.0,0.30124813859248456,0.19600000752343072,0.0,352.8000135421753
150_180,rajendra_nagar_heavy_rain_demo,150,180,1800,RN_DNODE_00169,0.0,0.21392694591191516,0.21392694591191516,RN_DRAIN_00213,0.8428809574038368,synthetic_manning_scenario,0.0,0.21392694591191516,0.0,0.0,0.0
150_180,rajendra_nagar_heavy_rain_demo,150,180,1800,RN_DNODE_00236,0.0,0.3690606417713989,0.3690606417713989,RN_DRAIN_00391,2.681528497041292,synthetic_manning_scenario,0.0,0.3690606417713989,0.0,0.0,0.0
150_180,rajendra_nagar_heavy_rain_demo,150,180,1800,RN_DNODE_00455,0.0,0.30124813859248456,0.30124813859248456,RN_DRAIN_00310,0.30124813859248456,synthetic_manning_scenario,0.0,0.30124813859248456,0.0,0.0,0.0
150_180,rajendra_nagar_heavy_rain_demo,150,180,1800,RN_DNODE_00210,0.0,0.670222499927174,0.670222499927174,RN_DRAIN_00381,0.6932713877368187,synthetic_manning_scenario,0.0,0.670222499927174,0.0,0.0,0.0
150_180,rajendra_nagar_heavy_rain_demo,150,180,1800,RN_DNODE_00447,0.1496250041325887,0.3276256629288045,0.4772506670613932,RN_DRAIN_00309,0.30116185815577506,synthetic_manning_scenario,0.0,0.30116185815577506,0.17608880890561812,0.0,316.95985603011263
150_180,rajendra_nagar_heavy_rain_demo,150,180,1800,RN_DNODE_00211,0.0,0.670222499927174,0.670222499927174,RN_DRAIN_00372,0.6932713877368187,synthetic_manning_scenario,0.0,0.670222499927174,0.0,0.0,0.0
150_180,rajendra_nagar_heavy_rain_demo,150,180,1800,RN_DNODE_00439,0.007437500423855252,0.8319085225234455,0.8393460229473008,RN_DRAIN_00323,0.30124813859248456,synthetic_manning_scenario,0.0,0.30124813859248456,0.5380978843548162,0.0,968.5761918386692
150_180,rajendra_nagar_heavy_rain_demo,150,180,1800,RN_DNODE_00212,0.0,0.670222499927174,0.670222499927174,RN_DRAIN_00365,0.6932713877368187,synthetic_manning_scenario,0.0,0.670222499927174,0.0,0.0,0.0
150_180,rajendra_nagar_heavy_rain_demo,150,180,1800,RN_DNODE_00435,0.043312501377529566,0.31612313944019504,0.3594356408177246,RN_DRAIN_00322,0.30124813859248456,synthetic_manning_scenario,0.0,0.30124813859248456,0.05818750222524005,0.0,104.73750400543209
150_180,rajendra_nagar_heavy_rain_demo,150,180,1800,RN_DNODE_00213,0.0,0.670222499927174,0.670222499927174,RN_DRAIN_00357,0.6932713877368187,synthetic_manning_scenario,0.0,0.670222499927174,0.0,0.0,0.0
150_180,rajendra_nagar_heavy_rain_demo,150,180,1800,RN_DNODE_00429,0.0,0.30124813859248456,0.30124813859248456,RN_DRAIN_00321,0.30116185815577506,synthetic_manning_scenario,0.0,0.30116185815577506,8.628043670949603e-05,0.0,0.15530478607709286
150_180,rajendra_nagar_heavy_rain_demo,150,180,1800,RN_DNODE_00214,0.0,0.670222499927174,0.670222499927174,RN_DRAIN_00350,0.6932713877368187,synthetic_manning_scenario,0.0,0.670222499927174,0.0,0.0,0.0
150_180,rajendra_nagar_heavy_rain_demo,150,180,1800,RN_DNODE_00422,0.0,0.3151618585796303,0.3151618585796303,RN_DRAIN_00343,0.30124813859248456,synthetic_manning_scenario,0.0,0.30124813859248456,0.013913719987145745,0.0,25.044695976862343
150_180,rajendra_nagar_heavy_rain_demo,150,180,1800,RN_DNODE_00215,0.0,0.670222499927174,0.670222499927174,RN_DRAIN_00337,0.6928742113147971,synthetic_manning_scenario,0.0,0.670222499927174,0.0,0.0,0.0
150_180,rajendra_nagar_heavy_rain_demo,150,180,1800,RN_DNODE_00413,0.0,0.30124813859248456,0.30124813859248456,RN_DRAIN_00342,0.30107555299333355,synthetic_manning_scenario,0.0,0.30107555299333355,0.00017258559915100946,0.0,0.31065407847181703
150_180,rajendra_nagar_heavy_rain_demo,150,180,1800,RN_DNODE_00216,0.0,0.670222499927174,0.670222499927174,RN_DRAIN_00316,0.6932713877368187,synthetic_manning_scenario,0.0,0.670222499927174,0.0,0.0,0.0
150_180,rajendra_nagar_heavy_rain_demo,150,180,1800,RN_DNODE_00406,0.0,0.30107555299333355,0.30107555299333355,RN_DRAIN_00341,0.30124813859248456,synthetic_manning_scenario,0.0,0.30107555299333355,0.0,0.0,0.0
150_180,rajendra_nagar_heavy_rain_demo,150,180,1800,RN_DNODE_00217,0.0,0.670222499927174,0.670222499927174,RN_DRAIN_00301,0.6932713877368187,synthetic_manning_scenario,0.0,0.670222499927174,0.0,0.0,0.0
150_180,rajendra_nagar_heavy_rain_demo,150,180,1800,RN_DNODE_00394,0.0,0.30107555299333355,0.30107555299333355,RN_DRAIN_00320,0.30124813859248456,synthetic_manning_scenario,0.0,0.30107555299333355,0.0,0.0,0.0
150_180,rajendra_nagar_heavy_rain_demo,150,180,1800,RN_DNODE_00218,0.0,0.7050668002322088,0.7050668002322088,RN_DRAIN_00286,0.6932713877368187,synthetic_manning_scenario,0.0,0.6932713877368187,0.011795412495390067,0.0,21.23174249170212
150_180,rajendra_nagar_heavy_rain_demo,150,180,1800,RN_DNODE_00384,0.0,0.32251305384104406,0.32251305384104406,RN_DRAIN_00319,0.30116185815577506,synthetic_manning_scenario,0.0,0.30116185815577506,0.021351195685268998,0.0,38.432152233484196
150_180,rajendra_nagar_heavy_rain_demo,150,180,1800,RN_DNODE_00219,0.0,0.6932713877368187,0.6932713877368187,RN_DRAIN_00274,0.6932713877368187,synthetic_manning_scenario,0.0,0.6932713877368187,0.0,0.0,0.0
150_180,rajendra_nagar_heavy_rain_demo,150,180,1800,RN_DNODE_00376,0.0,0.35089114191875387,0.35089114191875387,RN_DRAIN_00304,0.30116185815577506,synthetic_manning_scenario,0.0,0.30116185815577506,0.049729283762978804,0.0,89.51271077336185
150_180,rajendra_nagar_heavy_rain_demo,150,180,1800,RN_DNODE_00220,0.0,0.6932713877368187,0.6932713877368187,RN_DRAIN_00260,0.6932713877368187,synthetic_manning_scenario,0.0,0.6932713877368187,0.0,0.0,0.0
150_180,rajendra_nagar_heavy_rain_demo,150,180,1800,RN_DNODE_00371,0.0,0.30116185815577506,0.30116185815577506,RN_DRAIN_00289,0.30116185815577506,synthetic_manning_scenario,0.0,0.30116185815577506,0.0,0.0,0.0
150_180,rajendra_nagar_heavy_rain_demo,150,180,1800,RN_DNODE_00221,0.0,0.6932713877368187,0.6932713877368187,RN_DRAIN_00247,0.6930728279768428,synthetic_manning_scenario,0.0,0.6930728279768428,0.0001985597599759581,0.0,0.35740756795672457
150_180,rajendra_nagar_heavy_rain_demo,150,180,1800,RN_DNODE_00364,0.7525000227822198,0.30116185815577506,1.053661880937995,RN_DRAIN_00277,0.30116185815577506,synthetic_manning_scenario,0.0,0.30116185815577506,0.7525000227822198,0.0,1354.5000410079956
150_180,rajendra_nagar_heavy_rain_demo,150,180,1800,RN_DNODE_00194,0.0,0.6930728279768428,0.6930728279768428,RN_DRAIN_00231,0.6932713877368187,synthetic_manning_scenario,0.0,0.6930728279768428,0.0,0.0,0.0
150_180,rajendra_nagar_heavy_rain_demo,150,180,1800,RN_DNODE_00358,0.0,0.30116185815577506,0.30116185815577506,RN_DRAIN_00263,0.30124813859248456,synthetic_manning_scenario,0.0,0.30116185815577506,0.0,0.0,0.0
150_180,rajendra_nagar_heavy_rain_demo,150,180,1800,RN_DNODE_00195,0.0,0.6930728279768428,0.6930728279768428,RN_DRAIN_00214,0.6932713877368187,synthetic_manning_scenario,0.0,0.6930728279768428,0.0,0.0,0.0
150_180,rajendra_nagar_heavy_rain_demo,150,180,1800,RN_DNODE_00350,0.0,0.30116185815577506,0.30116185815577506,RN_DRAIN_00249,0.30116185815577506,synthetic_manning_scenario,0.0,0.30116185815577506,0.0,0.0,0.0
150_180,rajendra_nagar_heavy_rain_demo,150,180,1800,RN_DNODE_00196,0.0,0.906999773888758,0.906999773888758,RN_DRAIN_00204,0.6932713877368187,synthetic_manning_scenario,0.0,0.6932713877368187,0.21372838615193923,0.0,384.71109507349064
150_180,rajendra_nagar_heavy_rain_demo,150,180,1800,RN_DNODE_00343,0.0,0.39122864792275425,0.39122864792275425,RN_DRAIN_00234,0.30116185815577506,synthetic_manning_scenario,0.0,0.30116185815577506,0.09006678976697918,0.0,162.12022158056254
150_180,rajendra_nagar_heavy_rain_demo,150,180,1800,RN_DNODE_00197,2.2115625291400485,0.7107713887964568,2.9223339179365055,RN_DRAIN_00191,0.6928742113147971,synthetic_manning_scenario,0.0,0.6928742113147971,2.2294597066217086,0.0,4013.027471919075
150_180,rajendra_nagar_heavy_rain_demo,150,180,1800,RN_DNODE_00332,0.0,0.30116185815577506,0.30116185815577506,RN_DRAIN_00217,0.30116185815577506,synthetic_manning_scenario,0.0,0.30116185815577506,0.0,0.0,0.0
150_180,rajendra_nagar_heavy_rain_demo,150,180,1800,RN_DNODE_00198,0.0,0.6928742113147971,0.6928742113147971,RN_DRAIN_00179,0.6932713877368187,synthetic_manning_scenario,0.0,0.6928742113147971,0.0,0.0,0.0
150_180,rajendra_nagar_heavy_rain_demo,150,180,1800,RN_DNODE_00317,0.0,0.30116185815577506,0.30116185815577506,RN_DRAIN_00207,0.30124813859248456,synthetic_manning_scenario,0.0,0.30116185815577506,0.0,0.0,0.0
150_180,rajendra_nagar_heavy_rain_demo,150,180,1800,RN_DNODE_00199,0.0,0.7003117117386524,0.7003117117386524,RN_DRAIN_00164,0.6932713877368187,synthetic_manning_scenario,0.0,0.6932713877368187,0.007040324001833631,0.0,12.672583203300537
150_180,rajendra_nagar_heavy_rain_demo,150,180,1800,RN_DNODE_00318,0.40075001186794706,0.327539382492095,0.7282893943600421,RN_DRAIN_00194,0.30116185815577506,synthetic_manning_scenario,0.0,0.30116185815577506,0.4271275362042671,0.0,768.8295651676807
150_180,rajendra_nagar_heavy_rain_demo,150,180,1800,RN_DNODE_00200,0.0,0.6932713877368187,0.6932713877368187,RN_DRAIN_00157,0.6932713877368187,synthetic_manning_scenario,0.0,0.6932713877368187,0.0,0.0,0.0
150_180,rajendra_nagar_heavy_rain_demo,150,180,1800,RN_DNODE_00301,0.0,0.32391185910944936,0.32391185910944936,RN_DRAIN_00181,0.30124813859248456,synthetic_manning_scenario,0.0,0.30124813859248456,0.022663720516964803,0.0,40.794696930536645
150_180,rajendra_nagar_heavy_rain_demo,150,180,1800,RN_DNODE_00201,0.0,0.7281156880418536,0.7281156880418536,RN_DRAIN_00140,0.6930728279768428,synthetic_manning_scenario,0.0,0.6930728279768428,0.035042860065010784,0.0,63.07714811701941
150_180,rajendra_nagar_heavy_rain_demo,150,180,1800,RN_DNODE_00302,0.0,0.32399813954615886,0.32399813954615886,RN_DRAIN_00167,0.30124813859248456,synthetic_manning_scenario,0.0,0.30124813859248456,0.0227500009536743,0.0,40.95000171661374
150_180,rajendra_nagar_heavy_rain_demo,150,180,1800,RN_DNODE_00228,0.0,0.9210557168032096,0.9210557168032096,RN_DRAIN_00128,0.6932713877368187,synthetic_manning_scenario,0.0,0.6932713877368187,0.2277843290663909,0.0,410.0117923195036
150_180,rajendra_nagar_heavy_rain_demo,150,180,1800,RN_DNODE_00303,0.0,0.3235606398640503,0.3235606398640503,RN_DRAIN_00158,0.7879109747337706,synthetic_manning_scenario,0.0,0.3235606398640503,0.0,0.0,0.0
150_180,rajendra_nagar_heavy_rain_demo,150,180,1800,RN_DNODE_00229,0.0,0.6932713877368187,0.6932713877368187,RN_DRAIN_00114,0.6930728279768428,synthetic_manning_scenario,0.0,0.6930728279768428,0.0001985597599759581,0.0,0.35740756795672457
150_180,rajendra_nagar_heavy_rain_demo,150,180,1800,RN_DNODE_00288,0.08400000307295058,0.3235606398640503,0.4075606429370009,RN_DRAIN_00141,1.2603351041610837,synthetic_manning_scenario,0.0,0.4075606429370009,0.0,0.0,0.0
150_180,rajendra_nagar_heavy_rain_demo,150,180,1800,RN_DNODE_00249,0.0,0.6930728279768428,0.6930728279768428,RN_DRAIN_00095,0.6932713877368187,synthetic_manning_scenario,0.0,0.6930728279768428,0.0,0.0,0.0
150_180,rajendra_nagar_heavy_rain_demo,150,180,1800,RN_DNODE_00304,0.028875001271565757,0.4224356437847114,0.45131064505627716,RN_DRAIN_00130,1.0620185911123488,synthetic_manning_scenario,0.0,0.45131064505627716,0.0,0.0,0.0
150_180,rajendra_nagar_heavy_rain_demo,150,180,1800,RN_DNODE_00250,0.0,0.6930728279768428,0.6930728279768428,RN_DRAIN_00075,0.6932713877368187,synthetic_manning_scenario,0.0,0.6930728279768428,0.0,0.0,0.0
150_180,rajendra_nagar_heavy_rain_demo,150,180,1800,RN_DNODE_00321,0.0,0.5767274299848579,0.5767274299848579,RN_DRAIN_00116,2.2522932556240725,synthetic_manning_scenario,0.0,0.5767274299848579,0.0,0.0,0.0
150_180,rajendra_nagar_heavy_rain_demo,150,180,1800,RN_DNODE_00251,0.0,0.6930728279768428,0.6930728279768428,RN_DRAIN_00066,0.6930728279768428,synthetic_manning_scenario,0.0,0.6930728279768428,0.0,0.0,0.0
150_180,rajendra_nagar_heavy_rain_demo,150,180,1800,RN_DNODE_00335,0.0,0.5767274299848579,0.5767274299848579,RN_DRAIN_00097,0.30124813859248456,synthetic_manning_scenario,0.0,0.30124813859248456,0.27547929139237337,0.0,495.86272450627206
150_180,rajendra_nagar_heavy_rain_demo,150,180,1800,RN_DNODE_00259,0.0,0.6930728279768428,0.6930728279768428,RN_DRAIN_00058,0.6932713877368187,synthetic_manning_scenario,0.0,0.6930728279768428,0.0,0.0,0.0
150_180,rajendra_nagar_heavy_rain_demo,150,180,1800,RN_DNODE_00336,0.0,0.30124813859248456,0.30124813859248456,RN_DRAIN_00076,0.30124813859248456,synthetic_manning_scenario,0.0,0.30124813859248456,0.0,0.0,0.0
150_180,rajendra_nagar_heavy_rain_demo,150,180,1800,RN_DNODE_00260,0.0,0.6930728279768428,0.6930728279768428,RN_DRAIN_00048,0.6930728279768428,synthetic_manning_scenario,0.0,0.6930728279768428,0.0,0.0,0.0
150_180,rajendra_nagar_heavy_rain_demo,150,180,1800,RN_DNODE_00337,0.0,0.30124813859248456,0.30124813859248456,RN_DRAIN_00068,0.30116185815577506,synthetic_manning_scenario,0.0,0.30116185815577506,8.628043670949603e-05,0.0,0.15530478607709286
150_180,rajendra_nagar_heavy_rain_demo,150,180,1800,RN_DNODE_00269,0.0,0.6930728279768428,0.6930728279768428,RN_DRAIN_00038,0.6932713877368187,synthetic_manning_scenario,0.0,0.6930728279768428,0.0,0.0,0.0
150_180,rajendra_nagar_heavy_rain_demo,150,180,1800,RN_DNODE_00323,0.0,0.30116185815577506,0.30116185815577506,RN_DRAIN_00060,0.48544832877206306,synthetic_manning_scenario,0.0,0.30116185815577506,0.0,0.0,0.0
150_180,rajendra_nagar_heavy_rain_demo,150,180,1800,RN_DNODE_00270,0.0,0.6930728279768428,0.6930728279768428,RN_DRAIN_00030,0.6930728279768428,synthetic_manning_scenario,0.0,0.6930728279768428,0.0,0.0,0.0
150_180,rajendra_nagar_heavy_rain_demo,150,180,1800,RN_DNODE_00305,0.0,0.30116185815577506,0.30116185815577506,RN_DRAIN_00050,2.4483706462315302,synthetic_manning_scenario,0.0,0.30116185815577506,0.0,0.0,0.0
150_180,rajendra_nagar_heavy_rain_demo,150,180,1800,RN_DNODE_00277,0.0,0.6930728279768428,0.6930728279768428,RN_DRAIN_00024,0.6932713877368187,synthetic_manning_scenario,0.0,0.6930728279768428,0.0,0.0,0.0
150_180,rajendra_nagar_heavy_rain_demo,150,180,1800,RN_DNODE_00306,0.0,0.30116185815577506,0.30116185815577506,RN_DRAIN_00042,1.8445915058171303,synthetic_manning_scenario,0.0,0.30116185815577506,0.0,0.0,0.0
150_180,rajendra_nagar_heavy_rain_demo,150,180,1800,RN_DNODE_00291,0.0,0.30116185815577506,0.30116185815577506,RN_DRAIN_00033,0.4733596812607943,synthetic_manning_scenario,0.0,0.30116185815577506,0.0,0.0,0.0
150_180,rajendra_nagar_heavy_rain_demo,150,180,1800,RN_DNODE_00292,0.0,0.30116185815577506,0.30116185815577506,RN_DRAIN_00026,0.22798288882636691,synthetic_manning_scenario,0.0,0.22798288882636691,0.07317896932940815,0.0,131.72214479293467
150_180,rajendra_nagar_heavy_rain_demo,150,180,1800,RN_DNODE_00283,0.0,0.9210557168032096,0.9210557168032096,RN_DRAIN_00012,0.6930728279768428,synthetic_manning_scenario,0.0,0.6930728279768428,0.22798288882636686,0.0,410.36919988746035
150_180,rajendra_nagar_heavy_rain_demo,150,180,1800,RN_DNODE_00294,0.0,0.6930728279768428,0.6930728279768428,RN_DRAIN_00007,0.6930728279768428,synthetic_manning_scenario,0.0,0.6930728279768428,0.0,0.0,0.0
150_180,rajendra_nagar_heavy_rain_demo,150,180,1800,RN_DNODE_00311,0.0,0.6930728279768428,0.6930728279768428,RN_DRAIN_00001,0.9581402312180723,synthetic_manning_scenario,0.0,0.6930728279768428,0.0,0.0,0.0
150_180,rajendra_nagar_heavy_rain_demo,150,180,1800,RN_DNODE_00312,0.0,0.6930728279768428,0.6930728279768428,,,,,0.0,0.0,0.6930728279768428,0.0
