interval_id,scenario_id,start_min,end_min,duration_s,inlet_id,drain_node_id,drain_id,road_id,surface_row,surface_col,arrival_volume_m3,potential_inflow_q_m3s,entry_capacity_m3s,entry_capacity_source,entry_capacity_is_observed,coupling_method
000_030,rajendra_nagar_heavy_rain_demo,0,30,1800,RN_INLET_00003,RN_DNODE_00003,RN_DRAIN_00198,RN_ROAD_00503,86,68,11.137499809265137,0.006187499894036187,0.03485428291526828,synthetic_manning_scenario,0,first_eligible_inlet_on_d8_path
000_030,rajendra_nagar_heavy_rain_demo,0,30,1800,RN_INLET_00004,RN_DNODE_00004,RN_DRAIN_00149,RN_ROAD_00520,82,68,32.17500019073486,0.017875000105963813,0.13705656053423662,synthetic_manning_scenario,0,first_eligible_inlet_on_d8_path
000_030,rajendra_nagar_heavy_rain_demo,0,30,1800,RN_INLET_00005,RN_DNODE_00007,RN_DRAIN_00199,RN_ROAD_00508,86,69,83.53125,0.04640625,0.03485428291526828,synthetic_manning_scenario,0,first_eligible_inlet_on_d8_path
000_030,rajendra_nagar_heavy_rain_demo,0,30,1800,RN_INLET_00006,RN_DNODE_00008,RN_DRAIN_00150,RN_ROAD_00522,82,69,10.518750190734863,0.005843750105963813,0.03485428291526828,synthetic_manning_scenario,0,first_eligible_inlet_on_d8_path
000_030,rajendra_nagar_heavy_rain_demo,0,30,1800,RN_INLET_00007,RN_DNODE_00010,RN_DRAIN_00200,RN_ROAD_00507,86,70,53.21250057220459,0.029562500317891437,0.03484430030503481,synthetic_manning_scenario,0,first_eligible_inlet_on_d8_path
000_030,rajendra_nagar_heavy_rain_demo,0,30,1800,RN_INLET_00008,RN_DNODE_00011,RN_DRAIN_00151,RN_ROAD_00522,82,70,117.56250047683716,0.06531250026490953,0.03485428291526828,synthetic_manning_scenario,0,first_eligible_inlet_on_d8_path
000_030,rajendra_nagar_heavy_rain_demo,0,30,1800,RN_INLET_00010,RN_DNODE_00015,RN_DRAIN_00210,RN_ROAD_00498,87,71,51.35625076293945,0.02853125042385525,0.03485428291526828,synthetic_manning_scenario,0,first_eligible_inlet_on_d8_path
000_030,rajendra_nagar_heavy_rain_demo,0,30,1800,RN_INLET_00011,RN_DNODE_00016,RN_DRAIN_00152,RN_ROAD_00522,82,71,10.518750190734863,0.005843750105963813,0.04100835586442703,synthetic_manning_scenario,0,first_eligible_inlet_on_d8_path
000_030,rajendra_nagar_heavy_rain_demo,0,30,1800,RN_INLET_00012,RN_DNODE_00017,RN_DRAIN_00240,RN_ROAD_00273,89,72,181.29374980926514,0.10071874989403619,0.03485428291526828,synthetic_manning_scenario,0,first_eligible_inlet_on_d8_path
000_030,rajendra_nagar_heavy_rain_demo,0,30,1800,RN_INLET_00013,RN_DNODE_00018,RN_DRAIN_00220,RN_ROAD_00273,88,72,137.36250019073486,0.07631250010596381,0.12723324562335805,synthetic_manning_scenario,0,first_eligible_inlet_on_d8_path
000_030,rajendra_nagar_heavy_rain_demo,0,30,1800,RN_INLET_00014,RN_DNODE_00019,RN_DRAIN_00153,RN_ROAD_00522,82,72,51.35624980926514,0.028531249894036187,0.03485428291526828,synthetic_manning_scenario,0,first_eligible_inlet_on_d8_path
000_030,rajendra_nagar_heavy_rain_demo,0,30,1800,RN_INLET_00016,RN_DNODE_00021,RN_DRAIN_00241,RN_ROAD_00273,89,73,30.9375,0.0171875,0.12723324562335805,synthetic_manning_scenario,0,first_eligible_inlet_on_d8_path
000_030,rajendra_nagar_heavy_rain_demo,0,30,1800,RN_INLET_00017,RN_DNODE_00022,RN_DRAIN_00221,RN_ROAD_00499,88,73,53.21250057220459,0.029562500317891437,0.03485428291526828,synthetic_manning_scenario,0,first_eligible_inlet_on_d8_path
000_030,rajendra_nagar_heavy_rain_demo,0,30,1800,RN_INLET_00018,RN_DNODE_00023,RN_DRAIN_00154,RN_ROAD_00522,82,73,155.92500019073486,0.08662500010596381,0.03485428291526828,synthetic_manning_scenario,0,first_eligible_inlet_on_d8_path
000_030,rajendra_nagar_heavy_rain_demo,0,30,1800,RN_INLET_00020,RN_DNODE_00026,RN_DRAIN_00257,RN_ROAD_00502,90,74,32.79374980926514,0.018218749894036188,0.7029886526903337,synthetic_manning_scenario,0,first_eligible_inlet_on_d8_path
000_030,rajendra_nagar_heavy_rain_demo,0,30,1800,RN_INLET_00021,RN_DNODE_00027,RN_DRAIN_00155,RN_ROAD_00522,82,74,64.96875,0.03609375,0.03484430030503481,synthetic_manning_scenario,0,first_eligible_inlet_on_d8_path
000_030,rajendra_nagar_heavy_rain_demo,0,30,1800,RN_INLET_00025,RN_DNODE_00032,RN_DRAIN_00072,RN_ROAD_00562,77,75,51.97500038146973,0.028875000211927626,0.12723324562335805,synthetic_manning_scenario,0,first_eligible_inlet_on_d8_path
000_030,rajendra_nagar_heavy_rain_demo,0,30,1800,RN_INLET_00026,RN_DNODE_00033,RN_DRAIN_00064,RN_ROAD_00582,76,75,144.16875076293945,0.08009375042385525,0.1272696969192279,synthetic_manning_scenario,0,first_eligible_inlet_on_d8_path
000_030,rajendra_nagar_heavy_rain_demo,0,30,1800,RN_INLET_00027,RN_DNODE_00034,RN_DRAIN_00054,RN_ROAD_00583,75,75,10.518750190734863,0.005843750105963813,0.08940774616670524,synthetic_manning_scenario,0,first_eligible_inlet_on_d8_path
000_030,rajendra_nagar_heavy_rain_demo,0,30,1800,RN_INLET_00029,RN_DNODE_00038,RN_DRAIN_00136,RN_ROAD_00555,81,76,21.037500381469727,0.011687500211927626,0.02637752433631995,synthetic_manning_scenario,0,first_eligible_inlet_on_d8_path
000_030,rajendra_nagar_heavy_rain_demo,0,30,1800,RN_INLET_00030,RN_DNODE_00039,RN_DRAIN_00121,RN_ROAD_00568,80,76,69.91875076293945,0.03884375042385525,0.12723324562335805,synthetic_manning_scenario,0,first_eligible_inlet_on_d8_path
000_030,rajendra_nagar_heavy_rain_demo,0,30,1800,RN_INLET_00031,RN_DNODE_00040,RN_DRAIN_00081,RN_ROAD_00560,78,76,51.35625076293945,0.02853125042385525,0.5017366265441451,synthetic_manning_scenario,0,first_eligible_inlet_on_d8_path
000_030,rajendra_nagar_heavy_rain_demo,0,30,1800,RN_INLET_00032,RN_DNODE_00047,RN_DRAIN_00137,RN_ROAD_00543,81,77,10.518750190734863,0.005843750105963813,0.02637752433631995,synthetic_manning_scenario,0,first_eligible_inlet_on_d8_path
000_030,rajendra_nagar_heavy_rain_demo,0,30,1800,RN_INLET_00033,RN_DNODE_00048,RN_DRAIN_00122,RN_ROAD_00558,80,77,21.037500381469727,0.011687500211927626,0.03484430030503481,synthetic_manning_scenario,0,first_eligible_inlet_on_d8_path
000_030,rajendra_nagar_heavy_rain_demo,0,30,1800,RN_INLET_00034,RN_DNODE_00049,RN_DRAIN_00105,RN_ROAD_00558,79,77,10.518750190734863,0.005843750105963813,0.1272696969192279,synthetic_manning_scenario,0,first_eligible_inlet_on_d8_path
000_030,rajendra_nagar_heavy_rain_demo,0,30,1800,RN_INLET_00037,RN_DNODE_00059,RN_DRAIN_00447,RN_ROAD_00235,106,79,21.037500381469727,0.011687500211927626,0.05446815070334662,synthetic_manning_scenario,0,first_eligible_inlet_on_d8_path
000_030,rajendra_nagar_heavy_rain_demo,0,30,1800,RN_INLET_00039,RN_DNODE_00068,RN_DRAIN_00433,RN_ROAD_00234,105,80,115.70625019073486,0.06428125010596382,0.1272696969192279,synthetic_manning_scenario,0,first_eligible_inlet_on_d8_path
000_030,rajendra_nagar_heavy_rain_demo,0,30,1800,RN_INLET_00040,RN_DNODE_00069,RN_DRAIN_00421,RN_ROAD_00235,104,80,836.5499987602234,0.46474999931123523,0.12723324562335805,synthetic_manning_scenario,0,first_eligible_inlet_on_d8_path
000_030,rajendra_nagar_heavy_rain_demo,0,30,1800,RN_INLET_00041,RN_DNODE_00071,RN_DRAIN_00174,RN_ROAD_00290,84,80,207.28125095367432,0.11515625052981907,0.14154681932172938,synthetic_manning_scenario,0,first_eligible_inlet_on_d8_path
000_030,rajendra_nagar_heavy_rain_demo,0,30,1800,RN_INLET_00043,RN_DNODE_00078,RN_DRAIN_00175,RN_ROAD_00291,84,81,32.17500019073486,0.017875000105963813,0.2530359490024738,synthetic_manning_scenario,0,first_eligible_inlet_on_d8_path
000_030,rajendra_nagar_heavy_rain_demo,0,30,1800,RN_INLET_00044,RN_DNODE_00079,RN_DRAIN_00086,RN_ROAD_00571,78,81,173.25000190734863,0.09625000105963813,0.30124813859248456,synthetic_manning_scenario,0,first_eligible_inlet_on_d8_path
000_030,rajendra_nagar_heavy_rain_demo,0,30,1800,RN_INLET_00047,RN_DNODE_00088,RN_DRAIN_00087,RN_ROAD_00584,78,82,464.06250190734863,0.25781250105963815,2.002281704829388,synthetic_manning_scenario,0,first_eligible_inlet_on_d8_path
000_030,rajendra_nagar_heavy_rain_demo,0,30,1800,RN_INLET_00048,RN_DNODE_00096,RN_DRAIN_00186,RN_ROAD_00289,85,83,189.95625114440918,0.10553125063578288,0.151090496238554,synthetic_manning_scenario,0,first_eligible_inlet_on_d8_path
000_030,rajendra_nagar_heavy_rain_demo,0,30,1800,RN_INLET_00049,RN_DNODE_00097,RN_DRAIN_00088,RN_ROAD_00569,78,83,10.518750190734863,0.005843750105963813,1.878999507826128,synthetic_manning_scenario,0,first_eligible_inlet_on_d8_path
000_030,rajendra_nagar_heavy_rain_demo,0,30,1800,RN_INLET_00052,RN_DNODE_00104,RN_DRAIN_00187,RN_ROAD_00289,85,84,30.9375,0.0171875,0.044467843567026905,synthetic_manning_scenario,0,first_eligible_inlet_on_d8_path
000_030,rajendra_nagar_heavy_rain_demo,0,30,1800,RN_INLET_00053,RN_DNODE_00105,RN_DRAIN_00089,RN_ROAD_00573,78,84,86.625,0.048125,1.8362178351593588,synthetic_manning_scenario,0,first_eligible_inlet_on_d8_path
000_030,rajendra_nagar_heavy_rain_demo,0,30,1800,RN_INLET_00054,RN_DNODE_00111,RN_DRAIN_00285,RN_ROAD_00235,92,85,626.7937507629395,0.34821875042385525,0.03484430030503481,synthetic_manning_scenario,0,first_eligible_inlet_on_d8_path
000_030,rajendra_nagar_heavy_rain_demo,0,30,1800,RN_INLET_00055,RN_DNODE_00112,RN_DRAIN_00226,RN_ROAD_00285,88,85,686.1937484741211,0.3812187491522895,0.2262936821084416,synthetic_manning_scenario,0,first_eligible_inlet_on_d8_path
000_030,rajendra_nagar_heavy_rain_demo,0,30,1800,RN_INLET_00056,RN_DNODE_00113,RN_DRAIN_00188,RN_ROAD_00289,85,85,30.318750381469727,0.016843750211927626,0.13686859948507724,synthetic_manning_scenario,0,first_eligible_inlet_on_d8_path
000_030,rajendra_nagar_heavy_rain_demo,0,30,1800,RN_INLET_00057,RN_DNODE_00114,RN_DRAIN_00108,RN_ROAD_00572,79,85,19.800000190734863,0.011000000105963813,0.05279460013290454,synthetic_manning_scenario,0,first_eligible_inlet_on_d8_path
000_030,rajendra_nagar_heavy_rain_demo,0,30,1800,RN_INLET_00058,RN_DNODE_00115,RN_DRAIN_00090,RN_ROAD_00572,78,85,50.11874961853027,0.027843749788072376,2.0143420369081957,synthetic_manning_scenario,0,first_eligible_inlet_on_d8_path
000_030,rajendra_nagar_heavy_rain_demo,0,30,1800,RN_INLET_00064,RN_DNODE_00135,RN_DRAIN_00201,RN_ROAD_00288,86,87,30.318750381469727,0.016843750211927626,0.14808812947220454,synthetic_manning_scenario,0,first_eligible_inlet_on_d8_path
000_030,rajendra_nagar_heavy_rain_demo,0,30,1800,RN_INLET_00067,RN_DNODE_00152,RN_DRAIN_00189,RN_ROAD_00289,85,88,10.518750190734863,0.005843750105963813,0.2781184424317617,synthetic_manning_scenario,0,first_eligible_inlet_on_d8_path
000_030,rajendra_nagar_heavy_rain_demo,0,30,1800,RN_INLET_00068,RN_DNODE_00157,RN_DRAIN_00507,RN_ROAD_00216,111,89,42.69375038146973,0.023718750211927625,0.3596921468391413,synthetic_manning_scenario,0,first_eligible_inlet_on_d8_path
000_030,rajendra_nagar_heavy_rain_demo,0,30,1800,RN_INLET_00070,RN_DNODE_00171,RN_DRAIN_00190,RN_ROAD_00289,85,89,10.518750190734863,0.005843750105963813,0.21513777926228358,synthetic_manning_scenario,0,first_eligible_inlet_on_d8_path
000_030,rajendra_nagar_heavy_rain_demo,0,30,1800,RN_INLET_00071,RN_DNODE_00180,RN_DRAIN_00516,RN_ROAD_00213,112,90,115.08749961853027,0.06393749978807238,0.03484430030503481,synthetic_manning_scenario,0,first_eligible_inlet_on_d8_path
000_030,rajendra_nagar_heavy_rain_demo,0,30,1800,RN_INLET_00072,RN_DNODE_00181,RN_DRAIN_00487,RN_ROAD_00233,109,90,19.800000190734863,0.011000000105963813,1.2167317531808846,synthetic_manning_scenario,0,first_eligible_inlet_on_d8_path
000_030,rajendra_nagar_heavy_rain_demo,0,30,1800,RN_INLET_00074,RN_DNODE_00197,RN_DRAIN_00191,RN_ROAD_00289,85,90,3127.78125667572,1.7376562537087334,0.6928742113147971,synthetic_manning_scenario,0,first_eligible_inlet_on_d8_path
000_030,rajendra_nagar_heavy_rain_demo,0,30,1800,RN_INLET_00076,RN_DNODE_00206,RN_DRAIN_00517,RN_ROAD_00213,112,91,41.45625019073486,0.023031250105963814,0.03485428291526828,synthetic_manning_scenario,0,first_eligible_inlet_on_d8_path
000_030,rajendra_nagar_heavy_rain_demo,0,30,1800,RN_INLET_00077,RN_DNODE_00207,RN_DRAIN_00488,RN_ROAD_00233,109,91,61.25625038146973,0.03403125021192763,0.9868943284982327,synthetic_manning_scenario,0,first_eligible_inlet_on_d8_path
000_030,rajendra_nagar_heavy_rain_demo,0,30,1800,RN_INLET_00079,RN_DNODE_00225,RN_DRAIN_00192,RN_ROAD_00289,85,91,14.231250286102295,0.00790625015894572,0.02637752433631995,synthetic_manning_scenario,0,first_eligible_inlet_on_d8_path
000_030,rajendra_nagar_heavy_rain_demo,0,30,1800,RN_INLET_00081,RN_DNODE_00233,RN_DRAIN_00518,RN_ROAD_00213,112,92,43.93124961853027,0.024406249788072373,0.14235556684174894,synthetic_manning_scenario,0,first_eligible_inlet_on_d8_path
000_030,rajendra_nagar_heavy_rain_demo,0,30,1800,RN_INLET_00082,RN_DNODE_00234,RN_DRAIN_00489,RN_ROAD_00233,109,92,112.61249923706055,0.06256249957614475,0.5313346491245258,synthetic_manning_scenario,0,first_eligible_inlet_on_d8_path
000_030,rajendra_nagar_heavy_rain_demo,0,30,1800,RN_INLET_00084,RN_DNODE_00254,RN_DRAIN_00519,RN_ROAD_00213,112,93,10.518750190734863,0.005843750105963813,0.16694910080064143,synthetic_manning_scenario,0,first_eligible_inlet_on_d8_path
000_030,rajendra_nagar_heavy_rain_demo,0,30,1800,RN_INLET_00087,RN_DNODE_00262,RN_DRAIN_00520,RN_ROAD_00213,112,94,10.518750190734863,0.005843750105963813,0.19028600529539347,synthetic_manning_scenario,0,first_eligible_inlet_on_d8_path
000_030,rajendra_nagar_heavy_rain_demo,0,30,1800,RN_INLET_00089,RN_DNODE_00264,RN_DRAIN_00499,RN_ROAD_00221,110,94,10.518750190734863,0.005843750105963813,0.18405199949807394,synthetic_manning_scenario,0,first_eligible_inlet_on_d8_path
000_030,rajendra_nagar_heavy_rain_demo,0,30,1800,RN_INLET_00091,RN_DNODE_00266,RN_DRAIN_00407,RN_ROAD_00236,102,94,63.73125076293945,0.03540625042385525,1.4328865124290238,synthetic_manning_scenario,0,first_eligible_inlet_on_d8_path
000_030,rajendra_nagar_heavy_rain_demo,0,30,1800,RN_INLET_00092,RN_DNODE_00271,RN_DRAIN_00521,RN_ROAD_00206,112,95,21.65625,0.01203125,0.0954195777470258,synthetic_manning_scenario,0,first_eligible_inlet_on_d8_path
000_030,rajendra_nagar_heavy_rain_demo,0,30,1800,RN_INLET_00094,RN_DNODE_00273,RN_DRAIN_00500,RN_ROAD_00221,110,95,50.11875057220459,0.02784375031789144,0.3882542420713991,synthetic_manning_scenario,0,first_eligible_inlet_on_d8_path
000_030,rajendra_nagar_heavy_rain_demo,0,30,1800,RN_INLET_00095,RN_DNODE_00274,RN_DRAIN_00408,RN_ROAD_00238,102,95,32.17500019073486,0.017875000105963813,0.3305358790663851,synthetic_manning_scenario,0,first_eligible_inlet_on_d8_path
000_030,rajendra_nagar_heavy_rain_demo,0,30,1800,RN_INLET_00096,RN_DNODE_00278,RN_DRAIN_00522,RN_ROAD_00206,112,96,118.80000019073486,0.06600000010596381,0.4808041363512746,synthetic_manning_scenario,0,first_eligible_inlet_on_d8_path
000_030,rajendra_nagar_heavy_rain_demo,0,30,1800,RN_INLET_00097,RN_DNODE_00279,RN_DRAIN_00409,RN_ROAD_00237,102,96,42.69375038146973,0.023718750211927625,0.30124813859248456,synthetic_manning_scenario,0,first_eligible_inlet_on_d8_path
000_030,rajendra_nagar_heavy_rain_demo,0,30,1800,RN_INLET_00098,RN_DNODE_00284,RN_DRAIN_00523,RN_ROAD_00204,112,97,41.45625019073486,0.023031250105963814,0.8030954072736205,synthetic_manning_scenario,0,first_eligible_inlet_on_d8_path
000_030,rajendra_nagar_heavy_rain_demo,0,30,1800,RN_INLET_00099,RN_DNODE_00285,RN_DRAIN_00417,RN_ROAD_00226,103,97,77.96250057220459,0.04331250031789144,0.30116185815577506,synthetic_manning_scenario,0,first_eligible_inlet_on_d8_path
000_030,rajendra_nagar_heavy_rain_demo,0,30,1800,RN_INLET_00100,RN_DNODE_00287,RN_DRAIN_00166,RN_ROAD_00530,83,97,31.55625057220459,0.017531250317891437,0.03484430030503481,synthetic_manning_scenario,0,first_eligible_inlet_on_d8_path
000_030,rajendra_nagar_heavy_rain_demo,0,30,1800,RN_INLET_00101,RN_DNODE_00288,RN_DRAIN_00141,RN_ROAD_00547,81,97,118.80000114440918,0.06600000063578287,1.2603351041610837,synthetic_manning_scenario,0,first_eligible_inlet_on_d8_path
000_030,rajendra_nagar_heavy_rain_demo,0,30,1800,RN_INLET_00102,RN_DNODE_00289,RN_DRAIN_00129,RN_ROAD_00547,80,97,21.037500381469727,0.011687500211927626,0.12733816465846753,synthetic_manning_scenario,0,first_eligible_inlet_on_d8_path
000_030,rajendra_nagar_heavy_rain_demo,0,30,1800,RN_INLET_00103,RN_DNODE_00295,RN_DRAIN_00524,RN_ROAD_00004,112,98,94.66875076293945,0.05259375042385525,0.4840443716707854,synthetic_manning_scenario,0,first_eligible_inlet_on_d8_path
000_030,rajendra_nagar_heavy_rain_demo,0,30,1800,RN_INLET_00104,RN_DNODE_00296,RN_DRAIN_00428,RN_ROAD_00036,104,98,110.75625038146973,0.061531250211927624,0.30116185815577506,synthetic_manning_scenario,0,first_eligible_inlet_on_d8_path
000_030,rajendra_nagar_heavy_rain_demo,0,30,1800,RN_INLET_00105,RN_DNODE_00297,RN_DRAIN_00418,RN_ROAD_00040,103,98,21.037500381469727,0.011687500211927626,0.03485428291526828,synthetic_manning_scenario,0,first_eligible_inlet_on_d8_path
000_030,rajendra_nagar_heavy_rain_demo,0,30,1800,RN_INLET_00106,RN_DNODE_00298,RN_DRAIN_00393,RN_ROAD_00053,101,98,315.56250381469727,0.17531250211927626,0.09803784543033917,synthetic_manning_scenario,0,first_eligible_inlet_on_d8_path
000_030,rajendra_nagar_heavy_rain_demo,0,30,1800,RN_INLET_00107,RN_DNODE_00299,RN_DRAIN_00206,RN_ROAD_00344,86,98,42.69375038146973,0.023718750211927625,0.02637752433631995,synthetic_manning_scenario,0,first_eligible_inlet_on_d8_path
000_030,rajendra_nagar_heavy_rain_demo,0,30,1800,RN_INLET_00108,RN_DNODE_00300,RN_DRAIN_00193,RN_ROAD_00527,85,98,32.17500019073486,0.017875000105963813,0.03485428291526828,synthetic_manning_scenario,0,first_eligible_inlet_on_d8_path
000_030,rajendra_nagar_heavy_rain_demo,0,30,1800,RN_INLET_00112,RN_DNODE_00304,RN_DRAIN_00130,RN_ROAD_00547,80,98,40.83750057220459,0.022687500317891438,1.0620185911123488,synthetic_manning_scenario,0,first_eligible_inlet_on_d8_path
000_030,rajendra_nagar_heavy_rain_demo,0,30,1800,RN_INLET_00114,RN_DNODE_00314,RN_DRAIN_00441,RN_ROAD_00033,105,99,42.07500076293945,0.023375000423855253,0.30116185815577506,synthetic_manning_scenario,0,first_eligible_inlet_on_d8_path
000_030,rajendra_nagar_heavy_rain_demo,0,30,1800,RN_INLET_00115,RN_DNODE_00315,RN_DRAIN_00429,RN_ROAD_00033,104,99,21.037500381469727,0.011687500211927626,0.03485428291526828,synthetic_manning_scenario,0,first_eligible_inlet_on_d8_path
000_030,rajendra_nagar_heavy_rain_demo,0,30,1800,RN_INLET_00118,RN_DNODE_00318,RN_DRAIN_00194,RN_ROAD_00347,85,99,566.7750034332275,0.31487500190734863,0.30116185815577506,synthetic_manning_scenario,0,first_eligible_inlet_on_d8_path
000_030,rajendra_nagar_heavy_rain_demo,0,30,1800,RN_INLET_00119,RN_DNODE_00319,RN_DRAIN_00182,RN_ROAD_00348,84,99,32.17500019073486,0.017875000105963813,0.03484430030503481,synthetic_manning_scenario,0,first_eligible_inlet_on_d8_path
000_030,rajendra_nagar_heavy_rain_demo,0,30,1800,RN_INLET_00121,RN_DNODE_00328,RN_DRAIN_00530,RN_ROAD_00002,113,100,21.65625,0.01203125,0.1272696969192279,synthetic_manning_scenario,0,first_eligible_inlet_on_d8_path
000_030,rajendra_nagar_heavy_rain_demo,0,30,1800,RN_INLET_00122,RN_DNODE_00329,RN_DRAIN_00453,RN_ROAD_00034,106,100,321.131254196167,0.17840625233120389,0.02637752433631995,synthetic_manning_scenario,0,first_eligible_inlet_on_d8_path
000_030,rajendra_nagar_heavy_rain_demo,0,30,1800,RN_INLET_00123,RN_DNODE_00330,RN_DRAIN_00442,RN_ROAD_00034,105,100,10.518750190734863,0.005843750105963813,0.30124813859248456,synthetic_manning_scenario,0,first_eligible_inlet_on_d8_path
000_030,rajendra_nagar_heavy_rain_demo,0,30,1800,RN_INLET_00124,RN_DNODE_00333,RN_DRAIN_00131,RN_ROAD_00634,80,100,33.41249942779541,0.01856249968210856,0.22781081406408252,synthetic_manning_scenario,0,first_eligible_inlet_on_d8_path
000_030,rajendra_nagar_heavy_rain_demo,0,30,1800,RN_INLET_00125,RN_DNODE_00339,RN_DRAIN_00534,RN_ROAD_00011,114,101,86.00625038146973,0.047781250211927626,1.0125751333185353,synthetic_manning_scenario,0,first_eligible_inlet_on_d8_path
000_030,rajendra_nagar_heavy_rain_demo,0,30,1800,RN_INLET_00126,RN_DNODE_00340,RN_DRAIN_00531,RN_ROAD_00003,113,101,60.63750076293945,0.03368750042385525,0.03485428291526828,synthetic_manning_scenario,0,first_eligible_inlet_on_d8_path
000_030,rajendra_nagar_heavy_rain_demo,0,30,1800,RN_INLET_00127,RN_DNODE_00341,RN_DRAIN_00443,RN_ROAD_00034,105,101,90.33750057220459,0.05018750031789144,0.5674438686929558,synthetic_manning_scenario,0,first_eligible_inlet_on_d8_path
000_030,rajendra_nagar_heavy_rain_demo,0,30,1800,RN_INLET_00128,RN_DNODE_00344,RN_DRAIN_00142,RN_ROAD_00353,81,101,94.66874980926514,0.05259374989403619,0.10542103561186149,synthetic_manning_scenario,0,first_eligible_inlet_on_d8_path
000_030,rajendra_nagar_heavy_rain_demo,0,30,1800,RN_INLET_00129,RN_DNODE_00348,RN_DRAIN_00444,RN_ROAD_00035,105,102,32.17500019073486,0.017875000105963813,1.036783363348529,synthetic_manning_scenario,0,first_eligible_inlet_on_d8_path
000_030,rajendra_nagar_heavy_rain_demo,0,30,1800,RN_INLET_00131,RN_DNODE_00353,RN_DRAIN_00143,RN_ROAD_00388,81,102,40.83749961853027,0.022687499788072375,0.03485428291526828,synthetic_manning_scenario,0,first_eligible_inlet_on_d8_path
000_030,rajendra_nagar_heavy_rain_demo,0,30,1800,RN_INLET_00132,RN_DNODE_00356,RN_DRAIN_00454,RN_ROAD_00017,106,103,51.35625076293945,0.02853125042385525,1.4082442328435159,synthetic_manning_scenario,0,first_eligible_inlet_on_d8_path
000_030,rajendra_nagar_heavy_rain_demo,0,30,1800,RN_INLET_00134,RN_DNODE_00359,RN_DRAIN_00208,RN_ROAD_00356,86,103,226.46250247955322,0.12581250137752956,0.09006678976697921,synthetic_manning_scenario,0,first_eligible_inlet_on_d8_path
000_030,rajendra_nagar_heavy_rain_demo,0,30,1800,RN_INLET_00135,RN_DNODE_00360,RN_DRAIN_00144,RN_ROAD_00388,81,103,31.556249618530273,0.017531249788072373,0.10887560820568472,synthetic_manning_scenario,0,first_eligible_inlet_on_d8_path
000_030,rajendra_nagar_heavy_rain_demo,0,30,1800,RN_INLET_00136,RN_DNODE_00362,RN_DRAIN_00455,RN_ROAD_00016,106,104,173.25000095367432,0.09625000052981907,0.3425817481644578,synthetic_manning_scenario,0,first_eligible_inlet_on_d8_path
000_030,rajendra_nagar_heavy_rain_demo,0,30,1800,RN_INLET_00137,RN_DNODE_00364,RN_DRAIN_00277,RN_ROAD_00302,91,104,1064.2500066757202,0.5912500037087335,0.30116185815577506,synthetic_manning_scenario,0,first_eligible_inlet_on_d8_path
000_030,rajendra_nagar_heavy_rain_demo,0,30,1800,RN_INLET_00138,RN_DNODE_00365,RN_DRAIN_00145,RN_ROAD_00388,81,104,52.59375,0.02921875,0.21676002461835764,synthetic_manning_scenario,0,first_eligible_inlet_on_d8_path
000_030,rajendra_nagar_heavy_rain_demo,0,30,1800,RN_INLET_00144,RN_DNODE_00375,RN_DRAIN_00318,RN_ROAD_00298,94,106,21.037500381469727,0.011687500211927626,0.03485428291526828,synthetic_manning_scenario,0,first_eligible_inlet_on_d8_path
000_030,rajendra_nagar_heavy_rain_demo,0,30,1800,RN_INLET_00145,RN_DNODE_00378,RN_DRAIN_00146,RN_ROAD_00388,81,106,64.96875,0.03609375,0.12524186330580878,synthetic_manning_scenario,0,first_eligible_inlet_on_d8_path
000_030,rajendra_nagar_heavy_rain_demo,0,30,1800,RN_INLET_00146,RN_DNODE_00382,RN_DRAIN_00476,RN_ROAD_00014,108,107,21.037500381469727,0.011687500211927626,1.5879626023456346,synthetic_manning_scenario,0,first_eligible_inlet_on_d8_path
000_030,rajendra_nagar_heavy_rain_demo,0,30,1800,RN_INLET_00148,RN_DNODE_00386,RN_DRAIN_00159,RN_ROAD_00386,82,107,54.44999980926514,0.03024999989403619,0.06828671863062642,synthetic_manning_scenario,0,first_eligible_inlet_on_d8_path
000_030,rajendra_nagar_heavy_rain_demo,0,30,1800,RN_INLET_00149,RN_DNODE_00391,RN_DRAIN_00477,RN_ROAD_00011,108,108,368.1562509536743,0.20453125052981908,0.30124813859248456,synthetic_manning_scenario,0,first_eligible_inlet_on_d8_path
000_030,rajendra_nagar_heavy_rain_demo,0,30,1800,RN_INLET_00150,RN_DNODE_00392,RN_DRAIN_00466,RN_ROAD_00014,107,108,108.90000057220459,0.06050000031789144,0.03484430030503481,synthetic_manning_scenario,0,first_eligible_inlet_on_d8_path
000_030,rajendra_nagar_heavy_rain_demo,0,30,1800,RN_INLET_00152,RN_DNODE_00395,RN_DRAIN_00306,RN_ROAD_00089,93,108,30.318750381469727,0.016843750211927626,0.02637752433631995,synthetic_manning_scenario,0,first_eligible_inlet_on_d8_path
000_030,rajendra_nagar_heavy_rain_demo,0,30,1800,RN_INLET_00153,RN_DNODE_00396,RN_DRAIN_00291,RN_ROAD_00089,92,108,474.5812530517578,0.263656251695421,0.1120128954947173,synthetic_manning_scenario,0,first_eligible_inlet_on_d8_path
000_030,rajendra_nagar_heavy_rain_demo,0,30,1800,RN_INLET_00154,RN_DNODE_00397,RN_DRAIN_00169,RN_ROAD_00385,83,108,147.26250171661377,0.08181250095367432,0.03484430030503481,synthetic_manning_scenario,0,first_eligible_inlet_on_d8_path
000_030,rajendra_nagar_heavy_rain_demo,0,30,1800,RN_INLET_00155,RN_DNODE_00404,RN_DRAIN_00478,RN_ROAD_00011,108,109,19.800000190734863,0.011000000105963813,0.30124813859248456,synthetic_manning_scenario,0,first_eligible_inlet_on_d8_path
000_030,rajendra_nagar_heavy_rain_demo,0,30,1800,RN_INLET_00156,RN_DNODE_00405,RN_DRAIN_00467,RN_ROAD_00014,107,109,10.518750190734863,0.005843750105963813,0.03484430030503481,synthetic_manning_scenario,0,first_eligible_inlet_on_d8_path
000_030,rajendra_nagar_heavy_rain_demo,0,30,1800,RN_INLET_00158,RN_DNODE_00407,RN_DRAIN_00170,RN_ROAD_00363,83,109,41.45625019073486,0.023031250105963814,0.03485428291526828,synthetic_manning_scenario,0,first_eligible_inlet_on_d8_path
000_030,rajendra_nagar_heavy_rain_demo,0,30,1800,RN_INLET_00159,RN_DNODE_00408,RN_DRAIN_00035,RN_ROAD_00629,72,109,74.25,0.04125,0.03484430030503481,synthetic_manning_scenario,0,first_eligible_inlet_on_d8_path
000_030,rajendra_nagar_heavy_rain_demo,0,30,1800,RN_INLET_00160,RN_DNODE_00411,RN_DRAIN_00479,RN_ROAD_00024,108,110,71.15625095367432,0.03953125052981907,0.30124813859248456,synthetic_manning_scenario,0,first_eligible_inlet_on_d8_path
000_030,rajendra_nagar_heavy_rain_demo,0,30,1800,RN_INLET_00161,RN_DNODE_00412,RN_DRAIN_00468,RN_ROAD_00026,107,110,19.800000190734863,0.011000000105963813,0.03484430030503481,synthetic_manning_scenario,0,first_eligible_inlet_on_d8_path
000_030,rajendra_nagar_heavy_rain_demo,0,30,1800,RN_INLET_00163,RN_DNODE_00414,RN_DRAIN_00171,RN_ROAD_00374,83,110,30.9375,0.0171875,0.09781403471816273,synthetic_manning_scenario,0,first_eligible_inlet_on_d8_path
000_030,rajendra_nagar_heavy_rain_demo,0,30,1800,RN_INLET_00164,RN_DNODE_00415,RN_DRAIN_00069,RN_ROAD_00625,76,110,302.56875133514404,0.16809375074174668,0.13572767824149176,synthetic_manning_scenario,0,first_eligible_inlet_on_d8_path
000_030,rajendra_nagar_heavy_rain_demo,0,30,1800,RN_INLET_00165,RN_DNODE_00417,RN_DRAIN_00051,RN_ROAD_00625,74,110,38.98124980926514,0.021656249894036188,0.11248088992987894,synthetic_manning_scenario,0,first_eligible_inlet_on_d8_path
000_030,rajendra_nagar_heavy_rain_demo,0,30,1800,RN_INLET_00166,RN_DNODE_00418,RN_DRAIN_00043,RN_ROAD_00628,73,110,102.09375,0.05671875,0.03484430030503481,synthetic_manning_scenario,0,first_eligible_inlet_on_d8_path
000_030,rajendra_nagar_heavy_rain_demo,0,30,1800,RN_INLET_00167,RN_DNODE_00420,RN_DRAIN_00480,RN_ROAD_00024,108,111,10.518750190734863,0.005843750105963813,0.4455532640291579,synthetic_manning_scenario,0,first_eligible_inlet_on_d8_path
000_030,rajendra_nagar_heavy_rain_demo,0,30,1800,RN_INLET_00169,RN_DNODE_00423,RN_DRAIN_00183,RN_ROAD_00370,84,111,111.9937515258789,0.0622187508477105,0.04832201195748927,synthetic_manning_scenario,0,first_eligible_inlet_on_d8_path
000_030,rajendra_nagar_heavy_rain_demo,0,30,1800,RN_INLET_00170,RN_DNODE_00425,RN_DRAIN_00493,RN_ROAD_00024,109,112,271.01250171661377,0.15056250095367432,0.36701701471119386,synthetic_manning_scenario,0,first_eligible_inlet_on_d8_path
000_030,rajendra_nagar_heavy_rain_demo,0,30,1800,RN_INLET_00171,RN_DNODE_00426,RN_DRAIN_00481,RN_ROAD_00025,108,112,10.518750190734863,0.005843750105963813,0.11954287044878092,synthetic_manning_scenario,0,first_eligible_inlet_on_d8_path
000_030,rajendra_nagar_heavy_rain_demo,0,30,1800,RN_INLET_00172,RN_DNODE_00427,RN_DRAIN_00457,RN_ROAD_00105,106,112,363.82500171661377,0.2021250009536743,0.03484430030503481,synthetic_manning_scenario,0,first_eligible_inlet_on_d8_path
000_030,rajendra_nagar_heavy_rain_demo,0,30,1800,RN_INLET_00173,RN_DNODE_00428,RN_DRAIN_00344,RN_ROAD_00086,95,112,19.800000190734863,0.011000000105963813,0.03485428291526828,synthetic_manning_scenario,0,first_eligible_inlet_on_d8_path
000_030,rajendra_nagar_heavy_rain_demo,0,30,1800,RN_INLET_00174,RN_DNODE_00430,RN_DRAIN_00184,RN_ROAD_00369,84,112,30.318750381469727,0.016843750211927626,0.1515365242075139,synthetic_manning_scenario,0,first_eligible_inlet_on_d8_path
000_030,rajendra_nagar_heavy_rain_demo,0,30,1800,RN_INLET_00175,RN_DNODE_00433,RN_DRAIN_00494,RN_ROAD_00025,109,113,19.800000190734863,0.011000000105963813,0.0980023540468388,synthetic_manning_scenario,0,first_eligible_inlet_on_d8_path
000_030,rajendra_nagar_heavy_rain_demo,0,30,1800,RN_INLET_00177,RN_DNODE_00435,RN_DRAIN_00322,RN_ROAD_00086,94,113,61.25625038146973,0.03403125021192763,0.30124813859248456,synthetic_manning_scenario,0,first_eligible_inlet_on_d8_path
000_030,rajendra_nagar_heavy_rain_demo,0,30,1800,RN_INLET_00178,RN_DNODE_00437,RN_DRAIN_00172,RN_ROAD_00373,83,113,308.1375026702881,0.17118750148349338,0.05158812602898853,synthetic_manning_scenario,0,first_eligible_inlet_on_d8_path
000_030,rajendra_nagar_heavy_rain_demo,0,30,1800,RN_INLET_00179,RN_DNODE_00438,RN_DRAIN_00528,RN_ROAD_00103,112,114,111.9937515258789,0.0622187508477105,0.22658585121858213,synthetic_manning_scenario,0,first_eligible_inlet_on_d8_path
000_030,rajendra_nagar_heavy_rain_demo,0,30,1800,RN_INLET_00180,RN_DNODE_00439,RN_DRAIN_00323,RN_ROAD_00172,94,114,10.518750190734863,0.005843750105963813,0.30124813859248456,synthetic_manning_scenario,0,first_eligible_inlet_on_d8_path
000_030,rajendra_nagar_heavy_rain_demo,0,30,1800,RN_INLET_00181,RN_DNODE_00440,RN_DRAIN_00308,RN_ROAD_00173,93,114,21.037500381469727,0.011687500211927626,0.03485428291526828,synthetic_manning_scenario,0,first_eligible_inlet_on_d8_path
000_030,rajendra_nagar_heavy_rain_demo,0,30,1800,RN_INLET_00182,RN_DNODE_00441,RN_DRAIN_00005,RN_ROAD_00604,68,114,40.83750057220459,0.022687500317891438,0.02637752433631995,synthetic_manning_scenario,0,first_eligible_inlet_on_d8_path
000_030,rajendra_nagar_heavy_rain_demo,0,30,1800,RN_INLET_00184,RN_DNODE_00446,RN_DRAIN_00345,RN_ROAD_00168,95,115,70.53750038146973,0.03918750021192763,0.6085297810986018,synthetic_manning_scenario,0,first_eligible_inlet_on_d8_path
000_030,rajendra_nagar_heavy_rain_demo,0,30,1800,RN_INLET_00185,RN_DNODE_00447,RN_DRAIN_00309,RN_ROAD_00173,93,115,211.61250114440918,0.11756250063578287,0.30116185815577506,synthetic_manning_scenario,0,first_eligible_inlet_on_d8_path
000_030,rajendra_nagar_heavy_rain_demo,0,30,1800,RN_INLET_00186,RN_DNODE_00448,RN_DRAIN_00292,RN_ROAD_00174,92,115,63.73124980926514,0.035406249894036186,0.02637752433631995,synthetic_manning_scenario,0,first_eligible_inlet_on_d8_path
000_030,rajendra_nagar_heavy_rain_demo,0,30,1800,RN_INLET_00187,RN_DNODE_00449,RN_DRAIN_00011,RN_ROAD_00603,69,115,74.86874961853027,0.04159374978807238,0.41271576218229383,synthetic_manning_scenario,0,first_eligible_inlet_on_d8_path
000_030,rajendra_nagar_heavy_rain_demo,0,30,1800,RN_INLET_00188,RN_DNODE_00450,RN_DRAIN_00006,RN_ROAD_00608,68,115,10.518750190734863,0.005843750105963813,0.09631698738212754,synthetic_manning_scenario,0,first_eligible_inlet_on_d8_path
000_030,rajendra_nagar_heavy_rain_demo,0,30,1800,RN_INLET_00189,RN_DNODE_00452,RN_DRAIN_00374,RN_ROAD_00141,99,116,60.01875019073486,0.03334375010596381,0.100407978859947,synthetic_manning_scenario,0,first_eligible_inlet_on_d8_path
000_030,rajendra_nagar_heavy_rain_demo,0,30,1800,RN_INLET_00190,RN_DNODE_00453,RN_DRAIN_00367,RN_ROAD_00141,98,116,21.65625,0.01203125,0.12282979632326015,synthetic_manning_scenario,0,first_eligible_inlet_on_d8_path
000_030,rajendra_nagar_heavy_rain_demo,0,30,1800,RN_INLET_00191,RN_DNODE_00454,RN_DRAIN_00359,RN_ROAD_00143,97,116,288.3375005722046,0.16018750031789145,0.48087166299014095,synthetic_manning_scenario,0,first_eligible_inlet_on_d8_path
000_030,rajendra_nagar_heavy_rain_demo,0,30,1800,RN_INLET_00193,RN_DNODE_00456,RN_DRAIN_00016,RN_ROAD_00602,70,116,156.54374980926514,0.08696874989403619,0.12723324562335805,synthetic_manning_scenario,0,first_eligible_inlet_on_d8_path
000_030,rajendra_nagar_heavy_rain_demo,0,30,1800,RN_INLET_00194,RN_DNODE_00457,RN_DRAIN_00375,RN_ROAD_00140,99,117,10.518750190734863,0.005843750105963813,0.17518330495315723,synthetic_manning_scenario,0,first_eligible_inlet_on_d8_path
000_030,rajendra_nagar_heavy_rain_demo,0,30,1800,RN_INLET_00195,RN_DNODE_00458,RN_DRAIN_00368,RN_ROAD_00143,98,117,234.50625228881836,0.13028125127156576,0.391656185493259,synthetic_manning_scenario,0,first_eligible_inlet_on_d8_path
000_030,rajendra_nagar_heavy_rain_demo,0,30,1800,RN_INLET_00196,RN_DNODE_00460,RN_DRAIN_00077,RN_ROAD_00472,77,117,32.17500019073486,0.017875000105963813,0.1272696969192279,synthetic_manning_scenario,0,first_eligible_inlet_on_d8_path
000_030,rajendra_nagar_heavy_rain_demo,0,30,1800,RN_INLET_00197,RN_DNODE_00461,RN_DRAIN_00070,RN_ROAD_00473,76,117,31.55625057220459,0.017531250317891437,0.3887914862481728,synthetic_manning_scenario,0,first_eligible_inlet_on_d8_path
000_030,rajendra_nagar_heavy_rain_demo,0,30,1800,RN_INLET_00198,RN_DNODE_00462,RN_DRAIN_00061,RN_ROAD_00473,75,117,30.318750381469727,0.016843750211927626,0.27705159099154153,synthetic_manning_scenario,0,first_eligible_inlet_on_d8_path
000_030,rajendra_nagar_heavy_rain_demo,0,30,1800,RN_INLET_00199,RN_DNODE_00463,RN_DRAIN_00052,RN_ROAD_00599,74,117,225.84375095367432,0.12546875052981907,0.1272696969192279,synthetic_manning_scenario,0,first_eligible_inlet_on_d8_path
000_030,rajendra_nagar_heavy_rain_demo,0,30,1800,RN_INLET_00200,RN_DNODE_00464,RN_DRAIN_00044,RN_ROAD_00598,73,117,32.79374980926514,0.018218749894036188,0.642398926061122,synthetic_manning_scenario,0,first_eligible_inlet_on_d8_path
000_030,rajendra_nagar_heavy_rain_demo,0,30,1800,RN_INLET_00201,RN_DNODE_00465,RN_DRAIN_00036,RN_ROAD_00598,72,117,38.36250019073486,0.021312500105963812,0.5725232749926845,synthetic_manning_scenario,0,first_eligible_inlet_on_d8_path
000_030,rajendra_nagar_heavy_rain_demo,0,30,1800,RN_INLET_00202,RN_DNODE_00466,RN_DRAIN_00029,RN_ROAD_00602,71,117,32.79374980926514,0.018218749894036188,0.12723324562335805,synthetic_manning_scenario,0,first_eligible_inlet_on_d8_path
000_030,rajendra_nagar_heavy_rain_demo,0,30,1800,RN_INLET_00203,RN_DNODE_00467,RN_DRAIN_00017,RN_ROAD_00607,70,117,202.33125114440918,0.11240625063578288,0.03485428291526828,synthetic_manning_scenario,0,first_eligible_inlet_on_d8_path
000_030,rajendra_nagar_heavy_rain_demo,0,30,1800,RN_INLET_00204,RN_DNODE_00468,RN_DRAIN_00394,RN_ROAD_00104,101,118,478.9125018119812,0.26606250100665624,0.18293911365381266,synthetic_manning_scenario,0,first_eligible_inlet_on_d8_path
000_030,rajendra_nagar_heavy_rain_demo,0,30,1800,RN_INLET_00205,RN_DNODE_00469,RN_DRAIN_00383,RN_ROAD_00109,100,118,52.593750953674316,0.029218750529819065,0.1353812142771686,synthetic_manning_scenario,0,first_eligible_inlet_on_d8_path
000_030,rajendra_nagar_heavy_rain_demo,0,30,1800,RN_INLET_00206,RN_DNODE_00470,RN_DRAIN_00324,RN_ROAD_00171,94,118,277.2000026702881,0.15400000148349338,0.9125867707273617,synthetic_manning_scenario,0,first_eligible_inlet_on_d8_path
000_030,rajendra_nagar_heavy_rain_demo,0,30,1800,RN_INLET_00207,RN_DNODE_00471,RN_DRAIN_00133,RN_ROAD_00467,80,118,21.65625,0.01203125,0.03485428291526828,synthetic_manning_scenario,0,first_eligible_inlet_on_d8_path
000_030,rajendra_nagar_heavy_rain_demo,0,30,1800,RN_INLET_00208,RN_DNODE_00472,RN_DRAIN_00119,RN_ROAD_00468,79,118,21.037500381469727,0.011687500211927626,0.1272696969192279,synthetic_manning_scenario,0,first_eligible_inlet_on_d8_path
000_030,rajendra_nagar_heavy_rain_demo,0,30,1800,RN_INLET_00209,RN_DNODE_00473,RN_DRAIN_00102,RN_ROAD_00468,78,118,52.59375,0.02921875,0.12723324562335805,synthetic_manning_scenario,0,first_eligible_inlet_on_d8_path
000_030,rajendra_nagar_heavy_rain_demo,0,30,1800,RN_INLET_00212,RN_DNODE_00477,RN_DRAIN_00195,RN_ROAD_00437,85,119,32.17500019073486,0.017875000105963813,0.03485428291526828,synthetic_manning_scenario,0,first_eligible_inlet_on_d8_path
000_030,rajendra_nagar_heavy_rain_demo,0,30,1800,RN_INLET_00213,RN_DNODE_00478,RN_DRAIN_00185,RN_ROAD_00437,84,119,32.79374980926514,0.018218749894036188,0.03485428291526828,synthetic_manning_scenario,0,first_eligible_inlet_on_d8_path
000_030,rajendra_nagar_heavy_rain_demo,0,30,1800,RN_INLET_00214,RN_DNODE_00479,RN_DRAIN_00173,RN_ROAD_00442,83,119,32.17500019073486,0.017875000105963813,0.09995654869004258,synthetic_manning_scenario,0,first_eligible_inlet_on_d8_path
000_030,rajendra_nagar_heavy_rain_demo,0,30,1800,RN_INLET_00215,RN_DNODE_00480,RN_DRAIN_00160,RN_ROAD_00454,82,119,32.79374980926514,0.018218749894036188,0.06233696028667062,synthetic_manning_scenario,0,first_eligible_inlet_on_d8_path
000_030,rajendra_nagar_heavy_rain_demo,0,30,1800,RN_INLET_00216,RN_DNODE_00481,RN_DRAIN_00147,RN_ROAD_00457,81,119,94.05000019073486,0.05225000010596381,0.03485428291526828,synthetic_manning_scenario,0,first_eligible_inlet_on_d8_path
000_030,rajendra_nagar_heavy_rain_demo,0,30,1800,RN_INLET_00217,RN_DNODE_00482,RN_DRAIN_00134,RN_ROAD_00457,80,119,21.037500381469727,0.011687500211927626,0.03484430030503481,synthetic_manning_scenario,0,first_eligible_inlet_on_d8_path
000_030,rajendra_nagar_heavy_rain_demo,0,30,1800,RN_INLET_00219,RN_DNODE_00486,RN_DRAIN_00209,RN_ROAD_00401,86,120,340.3125023841858,0.18906250132454766,0.03484430030503481,synthetic_manning_scenario,0,first_eligible_inlet_on_d8_path
000_030,rajendra_nagar_heavy_rain_demo,0,30,1800,RN_INLET_00221,RN_DNODE_00489,RN_DRAIN_00327,RN_ROAD_00162,94,121,52.593750953674316,0.029218750529819065,0.5266848835674651,synthetic_manning_scenario,0,first_eligible_inlet_on_d8_path
000_030,rajendra_nagar_heavy_rain_demo,0,30,1800,RN_INLET_00224,RN_DNODE_00493,RN_DRAIN_00328,RN_ROAD_00161,94,122,1183.668752670288,0.6575937514834934,1.73635575785819,synthetic_manning_scenario,0,first_eligible_inlet_on_d8_path
000_030,rajendra_nagar_heavy_rain_demo,0,30,1800,RN_INLET_00227,RN_DNODE_00500,RN_DRAIN_00360,RN_ROAD_00153,97,126,79.20000076293945,0.044000000423855254,0.1948011871441529,synthetic_manning_scenario,0,first_eligible_inlet_on_d8_path
000_030,rajendra_nagar_heavy_rain_demo,0,30,1800,RN_INLET_00228,RN_DNODE_00503,RN_DRAIN_00062,RN_ROAD_00480,75,126,21.037500381469727,0.011687500211927626,0.03485428291526828,synthetic_manning_scenario,0,first_eligible_inlet_on_d8_path
000_030,rajendra_nagar_heavy_rain_demo,0,30,1800,RN_INLET_00229,RN_DNODE_00504,RN_DRAIN_00053,RN_ROAD_00480,74,126,779.0062522888184,0.43278125127156575,0.15694054372586286,synthetic_manning_scenario,0,first_eligible_inlet_on_d8_path
000_030,rajendra_nagar_heavy_rain_demo,0,30,1800,RN_INLET_00231,RN_DNODE_00508,RN_DRAIN_00361,RN_ROAD_00153,97,127,106.42500019073486,0.05912500010596381,0.2317547361496302,synthetic_manning_scenario,0,first_eligible_inlet_on_d8_path
000_030,rajendra_nagar_heavy_rain_demo,0,30,1800,RN_INLET_00234,RN_DNODE_00518,RN_DRAIN_00395,RN_ROAD_00120,101,128,423.2250027656555,0.23512500153647528,0.14778712746867345,synthetic_manning_scenario,0,first_eligible_inlet_on_d8_path
000_030,rajendra_nagar_heavy_rain_demo,0,30,1800,RN_INLET_00235,RN_DNODE_00519,RN_DRAIN_00362,RN_ROAD_00155,97,128,31.55625057220459,0.017531250317891437,0.17218079283976848,synthetic_manning_scenario,0,first_eligible_inlet_on_d8_path
000_030,rajendra_nagar_heavy_rain_demo,0,30,1800,RN_INLET_00236,RN_DNODE_00520,RN_DRAIN_00354,RN_ROAD_00155,96,128,48.88125038146973,0.027156250211927625,0.8904712544361131,synthetic_manning_scenario,0,first_eligible_inlet_on_d8_path
000_030,rajendra_nagar_heavy_rain_demo,0,30,1800,RN_INLET_00237,RN_DNODE_00521,RN_DRAIN_00348,RN_ROAD_00155,95,128,9.28125,0.00515625,0.2764107810710812,synthetic_manning_scenario,0,first_eligible_inlet_on_d8_path
000_030,rajendra_nagar_heavy_rain_demo,0,30,1800,RN_INLET_00239,RN_DNODE_00527,RN_DRAIN_00355,RN_ROAD_00155,96,129,29.081250190734863,0.016156250105963815,0.18626342708702154,synthetic_manning_scenario,0,first_eligible_inlet_on_d8_path
000_030,rajendra_nagar_heavy_rain_demo,0,30,1800,RN_INLET_00240,RN_DNODE_00528,RN_DRAIN_00349,RN_ROAD_00155,95,129,10.518750190734863,0.005843750105963813,0.09203450505564478,synthetic_manning_scenario,0,first_eligible_inlet_on_d8_path
000_030,rajendra_nagar_heavy_rain_demo,0,30,1800,RN_INLET_00241,RN_DNODE_00529,RN_DRAIN_00335,RN_ROAD_00155,94,129,97.14375019073486,0.05396875010596381,0.19300346415305064,synthetic_manning_scenario,0,first_eligible_inlet_on_d8_path
000_030,rajendra_nagar_heavy_rain_demo,0,30,1800,RN_INLET_00242,RN_DNODE_00535,RN_DRAIN_00377,RN_ROAD_00123,99,130,30.318750381469727,0.016843750211927626,0.03485428291526828,synthetic_manning_scenario,0,first_eligible_inlet_on_d8_path
000_030,rajendra_nagar_heavy_rain_demo,0,30,1800,RN_INLET_00243,RN_DNODE_00536,RN_DRAIN_00369,RN_ROAD_00127,98,130,101.47500038146973,0.05637500021192762,0.18393770855067063,synthetic_manning_scenario,0,first_eligible_inlet_on_d8_path
000_030,rajendra_nagar_heavy_rain_demo,0,30,1800,RN_INLET_00245,RN_DNODE_00540,RN_DRAIN_00378,RN_ROAD_00123,99,131,63.11250019073486,0.03506250010596381,0.1348146985507728,synthetic_manning_scenario,0,first_eligible_inlet_on_d8_path
000_030,rajendra_nagar_heavy_rain_demo,0,30,1800,RN_INLET_00247,RN_DNODE_00544,RN_DRAIN_00384,RN_ROAD_00123,100,132,243.16875171661377,0.13509375095367432,0.15013191509707569,synthetic_manning_scenario,0,first_eligible_inlet_on_d8_path
000_030,rajendra_nagar_heavy_rain_demo,0,30,1800,RN_INLET_00248,RN_DNODE_00546,RN_DRAIN_00219,RN_ROAD_00407,87,132,279.67500019073486,0.1553750001059638,0.07396532506289491,synthetic_manning_scenario,0,first_eligible_inlet_on_d8_path
000_030,rajendra_nagar_heavy_rain_demo,0,30,1800,RN_INLET_00249,RN_DNODE_00547,RN_DRAIN_00385,RN_ROAD_00123,100,133,31.55625057220459,0.017531250317891437,0.03485428291526828,synthetic_manning_scenario,0,first_eligible_inlet_on_d8_path
000_030,rajendra_nagar_heavy_rain_demo,0,30,1800,RN_INLET_00250,RN_DNODE_00548,RN_DRAIN_00252,RN_ROAD_00183,89,133,187.48124980926514,0.10415624989403618,0.18704808214959012,synthetic_manning_scenario,0,first_eligible_inlet_on_d8_path
000_030,rajendra_nagar_heavy_rain_demo,0,30,1800,RN_INLET_00251,RN_DNODE_00549,RN_DRAIN_00386,RN_ROAD_00118,100,134,30.318750381469727,0.016843750211927626,0.03485428291526828,synthetic_manning_scenario,0,first_eligible_inlet_on_d8_path
000_030,rajendra_nagar_heavy_rain_demo,0,30,1800,RN_INLET_00253,RN_DNODE_00551,RN_DRAIN_00396,RN_ROAD_00115,101,135,60.63750076293945,0.03368750042385525,0.08345058337269148,synthetic_manning_scenario,0,first_eligible_inlet_on_d8_path
000_030,rajendra_nagar_heavy_rain_demo,0,30,1800,RN_INLET_00255,RN_DNODE_00553,RN_DRAIN_00397,RN_ROAD_00119,101,136,10.518750190734863,0.005843750105963813,0.16888414661568568,synthetic_manning_scenario,0,first_eligible_inlet_on_d8_path
000_030,rajendra_nagar_heavy_rain_demo,0,30,1800,RN_INLET_00258,RN_DNODE_00556,RN_DRAIN_00238,RN_ROAD_00184,88,137,40.83750057220459,0.022687500317891438,0.03484430030503481,synthetic_manning_scenario,0,first_eligible_inlet_on_d8_path
030_060,rajendra_nagar_heavy_rain_demo,30,60,1800,RN_INLET_00003,RN_DNODE_00003,RN_DRAIN_00198,RN_ROAD_00503,86,68,19.237499237060547,0.010687499576144748,0.03485428291526828,synthetic_manning_scenario,0,first_eligible_inlet_on_d8_path
030_060,rajendra_nagar_heavy_rain_demo,30,60,1800,RN_INLET_00004,RN_DNODE_00004,RN_DRAIN_00149,RN_ROAD_00520,82,68,55.57500076293945,0.030875000423855253,0.13705656053423662,synthetic_manning_scenario,0,first_eligible_inlet_on_d8_path
030_060,rajendra_nagar_heavy_rain_demo,30,60,1800,RN_INLET_00005,RN_DNODE_00007,RN_DRAIN_00199,RN_ROAD_00508,86,69,144.28125,0.08015625,0.03485428291526828,synthetic_manning_scenario,0,first_eligible_inlet_on_d8_path
030_060,rajendra_nagar_heavy_rain_demo,30,60,1800,RN_INLET_00006,RN_DNODE_00008,RN_DRAIN_00150,RN_ROAD_00522,82,69,18.168750762939453,0.010093750423855252,0.03485428291526828,synthetic_manning_scenario,0,first_eligible_inlet_on_d8_path
030_060,rajendra_nagar_heavy_rain_demo,30,60,1800,RN_INLET_00007,RN_DNODE_00010,RN_DRAIN_00200,RN_ROAD_00507,86,70,91.91250228881836,0.05106250127156575,0.03484430030503481,synthetic_manning_scenario,0,first_eligible_inlet_on_d8_path
030_060,rajendra_nagar_heavy_rain_demo,30,60,1800,RN_INLET_00008,RN_DNODE_00011,RN_DRAIN_00151,RN_ROAD_00522,82,70,203.06250143051147,0.1128125007947286,0.03485428291526828,synthetic_manning_scenario,0,first_eligible_inlet_on_d8_path
030_060,rajendra_nagar_heavy_rain_demo,30,60,1800,RN_INLET_00010,RN_DNODE_00015,RN_DRAIN_00210,RN_ROAD_00498,87,71,88.70625305175781,0.049281251695421004,0.03485428291526828,synthetic_manning_scenario,0,first_eligible_inlet_on_d8_path
030_060,rajendra_nagar_heavy_rain_demo,30,60,1800,RN_INLET_00011,RN_DNODE_00016,RN_DRAIN_00152,RN_ROAD_00522,82,71,18.168750762939453,0.010093750423855252,0.04100835586442703,synthetic_manning_scenario,0,first_eligible_inlet_on_d8_path
030_060,rajendra_nagar_heavy_rain_demo,30,60,1800,RN_INLET_00012,RN_DNODE_00017,RN_DRAIN_00240,RN_ROAD_00273,89,72,313.14374923706055,0.17396874957614475,0.03485428291526828,synthetic_manning_scenario,0,first_eligible_inlet_on_d8_path
030_060,rajendra_nagar_heavy_rain_demo,30,60,1800,RN_INLET_00013,RN_DNODE_00018,RN_DRAIN_00220,RN_ROAD_00273,88,72,237.26250076293945,0.13181250042385526,0.12723324562335805,synthetic_manning_scenario,0,first_eligible_inlet_on_d8_path
030_060,rajendra_nagar_heavy_rain_demo,30,60,1800,RN_INLET_00014,RN_DNODE_00019,RN_DRAIN_00153,RN_ROAD_00522,82,72,88.70624923706055,0.04928124957614475,0.03485428291526828,synthetic_manning_scenario,0,first_eligible_inlet_on_d8_path
030_060,rajendra_nagar_heavy_rain_demo,30,60,1800,RN_INLET_00016,RN_DNODE_00021,RN_DRAIN_00241,RN_ROAD_00273,89,73,53.4375,0.0296875,0.12723324562335805,synthetic_manning_scenario,0,first_eligible_inlet_on_d8_path
030_060,rajendra_nagar_heavy_rain_demo,30,60,1800,RN_INLET_00017,RN_DNODE_00022,RN_DRAIN_00221,RN_ROAD_00499,88,73,91.91250228881836,0.05106250127156575,0.03485428291526828,synthetic_manning_scenario,0,first_eligible_inlet_on_d8_path
030_060,rajendra_nagar_heavy_rain_demo,30,60,1800,RN_INLET_00018,RN_DNODE_00023,RN_DRAIN_00154,RN_ROAD_00522,82,73,269.32500076293945,0.14962500042385526,0.03485428291526828,synthetic_manning_scenario,0,first_eligible_inlet_on_d8_path
030_060,rajendra_nagar_heavy_rain_demo,30,60,1800,RN_INLET_00020,RN_DNODE_00026,RN_DRAIN_00257,RN_ROAD_00502,90,74,56.64374923706055,0.03146874957614475,0.7029886526903337,synthetic_manning_scenario,0,first_eligible_inlet_on_d8_path
030_060,rajendra_nagar_heavy_rain_demo,30,60,1800,RN_INLET_00021,RN_DNODE_00027,RN_DRAIN_00155,RN_ROAD_00522,82,74,112.21875,0.06234375,0.03484430030503481,synthetic_manning_scenario,0,first_eligible_inlet_on_d8_path
030_060,rajendra_nagar_heavy_rain_demo,30,60,1800,RN_INLET_00025,RN_DNODE_00032,RN_DRAIN_00072,RN_ROAD_00562,77,75,89.7750015258789,0.0498750008477105,0.12723324562335805,synthetic_manning_scenario,0,first_eligible_inlet_on_d8_path
030_060,rajendra_nagar_heavy_rain_demo,30,60,1800,RN_INLET_00026,RN_DNODE_00033,RN_DRAIN_00064,RN_ROAD_00582,76,75,249.0187530517578,0.138343751695421,0.1272696969192279,synthetic_manning_scenario,0,first_eligible_inlet_on_d8_path
030_060,rajendra_nagar_heavy_rain_demo,30,60,1800,RN_INLET_00027,RN_DNODE_00034,RN_DRAIN_00054,RN_ROAD_00583,75,75,18.168750762939453,0.010093750423855252,0.08940774616670524,synthetic_manning_scenario,0,first_eligible_inlet_on_d8_path
030_060,rajendra_nagar_heavy_rain_demo,30,60,1800,RN_INLET_00029,RN_DNODE_00038,RN_DRAIN_00136,RN_ROAD_00555,81,76,36.337501525878906,0.020187500847710503,0.02637752433631995,synthetic_manning_scenario,0,first_eligible_inlet_on_d8_path
030_060,rajendra_nagar_heavy_rain_demo,30,60,1800,RN_INLET_00030,RN_DNODE_00039,RN_DRAIN_00121,RN_ROAD_00568,80,76,120.76875305175781,0.067093751695421,0.12723324562335805,synthetic_manning_scenario,0,first_eligible_inlet_on_d8_path
030_060,rajendra_nagar_heavy_rain_demo,30,60,1800,RN_INLET_00031,RN_DNODE_00040,RN_DRAIN_00081,RN_ROAD_00560,78,76,88.70625305175781,0.049281251695421004,0.5017366265441451,synthetic_manning_scenario,0,first_eligible_inlet_on_d8_path
030_060,rajendra_nagar_heavy_rain_demo,30,60,1800,RN_INLET_00032,RN_DNODE_00047,RN_DRAIN_00137,RN_ROAD_00543,81,77,18.168750762939453,0.010093750423855252,0.02637752433631995,synthetic_manning_scenario,0,first_eligible_inlet_on_d8_path
030_060,rajendra_nagar_heavy_rain_demo,30,60,1800,RN_INLET_00033,RN_DNODE_00048,RN_DRAIN_00122,RN_ROAD_00558,80,77,36.337501525878906,0.020187500847710503,0.03484430030503481,synthetic_manning_scenario,0,first_eligible_inlet_on_d8_path
030_060,rajendra_nagar_heavy_rain_demo,30,60,1800,RN_INLET_00034,RN_DNODE_00049,RN_DRAIN_00105,RN_ROAD_00558,79,77,18.168750762939453,0.010093750423855252,0.1272696969192279,synthetic_manning_scenario,0,first_eligible_inlet_on_d8_path
030_060,rajendra_nagar_heavy_rain_demo,30,60,1800,RN_INLET_00037,RN_DNODE_00059,RN_DRAIN_00447,RN_ROAD_00235,106,79,36.337501525878906,0.020187500847710503,0.05446815070334662,synthetic_manning_scenario,0,first_eligible_inlet_on_d8_path
030_060,rajendra_nagar_heavy_rain_demo,30,60,1800,RN_INLET_00039,RN_DNODE_00068,RN_DRAIN_00433,RN_ROAD_00234,105,80,199.85625076293945,0.11103125042385525,0.1272696969192279,synthetic_manning_scenario,0,first_eligible_inlet_on_d8_path
030_060,rajendra_nagar_heavy_rain_demo,30,60,1800,RN_INLET_00040,RN_DNODE_00069,RN_DRAIN_00421,RN_ROAD_00235,104,80,1444.9499945640564,0.8027499969800314,0.12723324562335805,synthetic_manning_scenario,0,first_eligible_inlet_on_d8_path
030_060,rajendra_nagar_heavy_rain_demo,30,60,1800,RN_INLET_00041,RN_DNODE_00071,RN_DRAIN_00174,RN_ROAD_00290,84,80,358.03125381469727,0.19890625211927626,0.14154681932172938,synthetic_manning_scenario,0,first_eligible_inlet_on_d8_path
030_060,rajendra_nagar_heavy_rain_demo,30,60,1800,RN_INLET_00043,RN_DNODE_00078,RN_DRAIN_00175,RN_ROAD_00291,84,81,55.57500076293945,0.030875000423855253,0.2530359490024738,synthetic_manning_scenario,0,first_eligible_inlet_on_d8_path
030_060,rajendra_nagar_heavy_rain_demo,30,60,1800,RN_INLET_00044,RN_DNODE_00079,RN_DRAIN_00086,RN_ROAD_00571,78,81,299.2500057220459,0.1662500031789144,0.30124813859248456,synthetic_manning_scenario,0,first_eligible_inlet_on_d8_path
030_060,rajendra_nagar_heavy_rain_demo,30,60,1800,RN_INLET_00047,RN_DNODE_00088,RN_DRAIN_00087,RN_ROAD_00584,78,82,801.5625076293945,0.4453125042385525,2.002281704829388,synthetic_manning_scenario,0,first_eligible_inlet_on_d8_path
030_060,rajendra_nagar_heavy_rain_demo,30,60,1800,RN_INLET_00048,RN_DNODE_00096,RN_DRAIN_00186,RN_ROAD_00289,85,83,328.1062545776367,0.18228125254313152,0.151090496238554,synthetic_manning_scenario,0,first_eligible_inlet_on_d8_path
030_060,rajendra_nagar_heavy_rain_demo,30,60,1800,RN_INLET_00049,RN_DNODE_00097,RN_DRAIN_00088,RN_ROAD_00569,78,83,18.168750762939453,0.010093750423855252,1.878999507826128,synthetic_manning_scenario,0,first_eligible_inlet_on_d8_path
030_060,rajendra_nagar_heavy_rain_demo,30,60,1800,RN_INLET_00052,RN_DNODE_00104,RN_DRAIN_00187,RN_ROAD_00289,85,84,53.4375,0.0296875,0.044467843567026905,synthetic_manning_scenario,0,first_eligible_inlet_on_d8_path
030_060,rajendra_nagar_heavy_rain_demo,30,60,1800,RN_INLET_00053,RN_DNODE_00105,RN_DRAIN_00089,RN_ROAD_00573,78,84,149.625,0.083125,1.8362178351593588,synthetic_manning_scenario,0,first_eligible_inlet_on_d8_path
030_060,rajendra_nagar_heavy_rain_demo,30,60,1800,RN_INLET_00054,RN_DNODE_00111,RN_DRAIN_00285,RN_ROAD_00235,92,85,1082.6437530517578,0.601468751695421,0.03484430030503481,synthetic_manning_scenario,0,first_eligible_inlet_on_d8_path
030_060,rajendra_nagar_heavy_rain_demo,30,60,1800,RN_INLET_00055,RN_DNODE_00112,RN_DRAIN_00226,RN_ROAD_00285,88,85,1185.2437438964844,0.658468746609158,0.2262936821084416,synthetic_manning_scenario,0,first_eligible_inlet_on_d8_path
030_060,rajendra_nagar_heavy_rain_demo,30,60,1800,RN_INLET_00056,RN_DNODE_00113,RN_DRAIN_00188,RN_ROAD_00289,85,85,52.368751525878906,0.029093750847710504,0.13686859948507724,synthetic_manning_scenario,0,first_eligible_inlet_on_d8_path
030_060,rajendra_nagar_heavy_rain_demo,30,60,1800,RN_INLET_00057,RN_DNODE_00114,RN_DRAIN_00108,RN_ROAD_00572,79,85,34.20000076293945,0.019000000423855253,0.05279460013290454,synthetic_manning_scenario,0,first_eligible_inlet_on_d8_path
030_060,rajendra_nagar_heavy_rain_demo,30,60,1800,RN_INLET_00058,RN_DNODE_00115,RN_DRAIN_00090,RN_ROAD_00572,78,85,86.5687484741211,0.0480937491522895,2.0143420369081957,synthetic_manning_scenario,0,first_eligible_inlet_on_d8_path
030_060,rajendra_nagar_heavy_rain_demo,30,60,1800,RN_INLET_00064,RN_DNODE_00135,RN_DRAIN_00201,RN_ROAD_00288,86,87,52.368751525878906,0.029093750847710504,0.14808812947220454,synthetic_manning_scenario,0,first_eligible_inlet_on_d8_path
030_060,rajendra_nagar_heavy_rain_demo,30,60,1800,RN_INLET_00067,RN_DNODE_00152,RN_DRAIN_00189,RN_ROAD_00289,85,88,18.168750762939453,0.010093750423855252,0.2781184424317617,synthetic_manning_scenario,0,first_eligible_inlet_on_d8_path
030_060,rajendra_nagar_heavy_rain_demo,30,60,1800,RN_INLET_00068,RN_DNODE_00157,RN_DRAIN_00507,RN_ROAD_00216,111,89,73.7437515258789,0.040968750847710504,0.3596921468391413,synthetic_manning_scenario,0,first_eligible_inlet_on_d8_path
030_060,rajendra_nagar_heavy_rain_demo,30,60,1800,RN_INLET_00070,RN_DNODE_00171,RN_DRAIN_00190,RN_ROAD_00289,85,89,18.168750762939453,0.010093750423855252,0.21513777926228358,synthetic_manning_scenario,0,first_eligible_inlet_on_d8_path
030_060,rajendra_nagar_heavy_rain_demo,30,60,1800,RN_INLET_00071,RN_DNODE_00180,RN_DRAIN_00516,RN_ROAD_00213,112,90,198.7874984741211,0.1104374991522895,0.03484430030503481,synthetic_manning_scenario,0,first_eligible_inlet_on_d8_path
030_060,rajendra_nagar_heavy_rain_demo,30,60,1800,RN_INLET_00072,RN_DNODE_00181,RN_DRAIN_00487,RN_ROAD_00233,109,90,34.20000076293945,0.019000000423855253,1.2167317531808846,synthetic_manning_scenario,0,first_eligible_inlet_on_d8_path
030_060,rajendra_nagar_heavy_rain_demo,30,60,1800,RN_INLET_00074,RN_DNODE_00197,RN_DRAIN_00191,RN_ROAD_00289,85,90,5402.531274795532,3.0014062637752956,0.6928742113147971,synthetic_manning_scenario,0,first_eligible_inlet_on_d8_path
030_060,rajendra_nagar_heavy_rain_demo,30,60,1800,RN_INLET_00076,RN_DNODE_00206,RN_DRAIN_00517,RN_ROAD_00213,112,91,71.60625076293945,0.039781250423855254,0.03485428291526828,synthetic_manning_scenario,0,first_eligible_inlet_on_d8_path
030_060,rajendra_nagar_heavy_rain_demo,30,60,1800,RN_INLET_00077,RN_DNODE_00207,RN_DRAIN_00488,RN_ROAD_00233,109,91,105.8062515258789,0.058781250847710506,0.9868943284982327,synthetic_manning_scenario,0,first_eligible_inlet_on_d8_path
030_060,rajendra_nagar_heavy_rain_demo,30,60,1800,RN_INLET_00079,RN_DNODE_00225,RN_DRAIN_00192,RN_ROAD_00289,85,91,24.58125066757202,0.013656250370873346,0.02637752433631995,synthetic_manning_scenario,0,first_eligible_inlet_on_d8_path
030_060,rajendra_nagar_heavy_rain_demo,30,60,1800,RN_INLET_00081,RN_DNODE_00233,RN_DRAIN_00518,RN_ROAD_00213,112,92,75.8812484741211,0.04215624915228949,0.14235556684174894,synthetic_manning_scenario,0,first_eligible_inlet_on_d8_path
030_060,rajendra_nagar_heavy_rain_demo,30,60,1800,RN_INLET_00082,RN_DNODE_00234,RN_DRAIN_00489,RN_ROAD_00233,109,92,194.5124969482422,0.108062498304579,0.5313346491245258,synthetic_manning_scenario,0,first_eligible_inlet_on_d8_path
030_060,rajendra_nagar_heavy_rain_demo,30,60,1800,RN_INLET_00084,RN_DNODE_00254,RN_DRAIN_00519,RN_ROAD_00213,112,93,18.168750762939453,0.010093750423855252,0.16694910080064143,synthetic_manning_scenario,0,first_eligible_inlet_on_d8_path
030_060,rajendra_nagar_heavy_rain_demo,30,60,1800,RN_INLET_00087,RN_DNODE_00262,RN_DRAIN_00520,RN_ROAD_00213,112,94,18.168750762939453,0.010093750423855252,0.19028600529539347,synthetic_manning_scenario,0,first_eligible_inlet_on_d8_path
030_060,rajendra_nagar_heavy_rain_demo,30,60,1800,RN_INLET_00089,RN_DNODE_00264,RN_DRAIN_00499,RN_ROAD_00221,110,94,18.168750762939453,0.010093750423855252,0.18405199949807394,synthetic_manning_scenario,0,first_eligible_inlet_on_d8_path
030_060,rajendra_nagar_heavy_rain_demo,30,60,1800,RN_INLET_00091,RN_DNODE_00266,RN_DRAIN_00407,RN_ROAD_00236,102,94,110.08125305175781,0.06115625169542101,1.4328865124290238,synthetic_manning_scenario,0,first_eligible_inlet_on_d8_path
030_060,rajendra_nagar_heavy_rain_demo,30,60,1800,RN_INLET_00092,RN_DNODE_00271,RN_DRAIN_00521,RN_ROAD_00206,112,95,37.40625,0.02078125,0.0954195777470258,synthetic_manning_scenario,0,first_eligible_inlet_on_d8_path
030_060,rajendra_nagar_heavy_rain_demo,30,60,1800,RN_INLET_00094,RN_DNODE_00273,RN_DRAIN_00500,RN_ROAD_00221,110,95,86.56875133514404,0.04809375074174669,0.3882542420713991,synthetic_manning_scenario,0,first_eligible_inlet_on_d8_path
030_060,rajendra_nagar_heavy_rain_demo,30,60,1800,RN_INLET_00095,RN_DNODE_00274,RN_DRAIN_00408,RN_ROAD_00238,102,95,55.57500076293945,0.030875000423855253,0.3305358790663851,synthetic_manning_scenario,0,first_eligible_inlet_on_d8_path
030_060,rajendra_nagar_heavy_rain_demo,30,60,1800,RN_INLET_00096,RN_DNODE_00278,RN_DRAIN_00522,RN_ROAD_00206,112,96,205.20000076293945,0.11400000042385525,0.4808041363512746,synthetic_manning_scenario,0,first_eligible_inlet_on_d8_path
030_060,rajendra_nagar_heavy_rain_demo,30,60,1800,RN_INLET_00097,RN_DNODE_00279,RN_DRAIN_00409,RN_ROAD_00237,102,96,73.7437515258789,0.040968750847710504,0.30124813859248456,synthetic_manning_scenario,0,first_eligible_inlet_on_d8_path
030_060,rajendra_nagar_heavy_rain_demo,30,60,1800,RN_INLET_00098,RN_DNODE_00284,RN_DRAIN_00523,RN_ROAD_00204,112,97,71.60625076293945,0.039781250423855254,0.8030954072736205,synthetic_manning_scenario,0,first_eligible_inlet_on_d8_path
030_060,rajendra_nagar_heavy_rain_demo,30,60,1800,RN_INLET_00099,RN_DNODE_00285,RN_DRAIN_00417,RN_ROAD_00226,103,97,134.66250228881836,0.07481250127156576,0.30116185815577506,synthetic_manning_scenario,0,first_eligible_inlet_on_d8_path
030_060,rajendra_nagar_heavy_rain_demo,30,60,1800,RN_INLET_00100,RN_DNODE_00287,RN_DRAIN_00166,RN_ROAD_00530,83,97,54.50625228881836,0.030281251271565755,0.03484430030503481,synthetic_manning_scenario,0,first_eligible_inlet_on_d8_path
030_060,rajendra_nagar_heavy_rain_demo,30,60,1800,RN_INLET_00101,RN_DNODE_00288,RN_DRAIN_00141,RN_ROAD_00547,81,97,205.2000036239624,0.11400000201331245,1.2603351041610837,synthetic_manning_scenario,0,first_eligible_inlet_on_d8_path
030_060,rajendra_nagar_heavy_rain_demo,30,60,1800,RN_INLET_00102,RN_DNODE_00289,RN_DRAIN_00129,RN_ROAD_00547,80,97,36.337501525878906,0.020187500847710503,0.12733816465846753,synthetic_manning_scenario,0,first_eligible_inlet_on_d8_path
030_060,rajendra_nagar_heavy_rain_demo,30,60,1800,RN_INLET_00103,RN_DNODE_00295,RN_DRAIN_00524,RN_ROAD_00004,112,98,163.5187530517578,0.09084375169542101,0.4840443716707854,synthetic_manning_scenario,0,first_eligible_inlet_on_d8_path
030_060,rajendra_nagar_heavy_rain_demo,30,60,1800,RN_INLET_00104,RN_DNODE_00296,RN_DRAIN_00428,RN_ROAD_00036,104,98,191.3062515258789,0.1062812508477105,0.30116185815577506,synthetic_manning_scenario,0,first_eligible_inlet_on_d8_path
030_060,rajendra_nagar_heavy_rain_demo,30,60,1800,RN_INLET_00105,RN_DNODE_00297,RN_DRAIN_00418,RN_ROAD_00040,103,98,36.337501525878906,0.020187500847710503,0.03485428291526828,synthetic_manning_scenario,0,first_eligible_inlet_on_d8_path
030_060,rajendra_nagar_heavy_rain_demo,30,60,1800,RN_INLET_00106,RN_DNODE_00298,RN_DRAIN_00393,RN_ROAD_00053,101,98,545.0625152587891,0.30281250847710506,0.09803784543033917,synthetic_manning_scenario,0,first_eligible_inlet_on_d8_path
030_060,rajendra_nagar_heavy_rain_demo,30,60,1800,RN_INLET_00107,RN_DNODE_00299,RN_DRAIN_00206,RN_ROAD_00344,86,98,73.7437515258789,0.040968750847710504,0.02637752433631995,synthetic_manning_scenario,0,first_eligible_inlet_on_d8_path
030_060,rajendra_nagar_heavy_rain_demo,30,60,1800,RN_INLET_00108,RN_DNODE_00300,RN_DRAIN_00193,RN_ROAD_00527,85,98,55.57500076293945,0.030875000423855253,0.03485428291526828,synthetic_manning_scenario,0,first_eligible_inlet_on_d8_path
030_060,rajendra_nagar_heavy_rain_demo,30,60,1800,RN_INLET_00112,RN_DNODE_00304,RN_DRAIN_00130,RN_ROAD_00547,80,98,70.53750228881836,0.039187501271565756,1.0620185911123488,synthetic_manning_scenario,0,first_eligible_inlet_on_d8_path
030_060,rajendra_nagar_heavy_rain_demo,30,60,1800,RN_INLET_00114,RN_DNODE_00314,RN_DRAIN_00441,RN_ROAD_00033,105,99,72.67500305175781,0.040375001695421006,0.30116185815577506,synthetic_manning_scenario,0,first_eligible_inlet_on_d8_path
030_060,rajendra_nagar_heavy_rain_demo,30,60,1800,RN_INLET_00115,RN_DNODE_00315,RN_DRAIN_00429,RN_ROAD_00033,104,99,36.337501525878906,0.020187500847710503,0.03485428291526828,synthetic_manning_scenario,0,first_eligible_inlet_on_d8_path
030_060,rajendra_nagar_heavy_rain_demo,30,60,1800,RN_INLET_00118,RN_DNODE_00318,RN_DRAIN_00194,RN_ROAD_00347,85,99,978.9750137329102,0.5438750076293946,0.30116185815577506,synthetic_manning_scenario,0,first_eligible_inlet_on_d8_path
030_060,rajendra_nagar_heavy_rain_demo,30,60,1800,RN_INLET_00119,RN_DNODE_00319,RN_DRAIN_00182,RN_ROAD_00348,84,99,55.57500076293945,0.030875000423855253,0.03484430030503481,synthetic_manning_scenario,0,first_eligible_inlet_on_d8_path
030_060,rajendra_nagar_heavy_rain_demo,30,60,1800,RN_INLET_00121,RN_DNODE_00328,RN_DRAIN_00530,RN_ROAD_00002,113,100,37.40625,0.02078125,0.1272696969192279,synthetic_manning_scenario,0,first_eligible_inlet_on_d8_path
030_060,rajendra_nagar_heavy_rain_demo,30,60,1800,RN_INLET_00122,RN_DNODE_00329,RN_DRAIN_00453,RN_ROAD_00034,106,100,554.681266784668,0.30815625932481555,0.02637752433631995,synthetic_manning_scenario,0,first_eligible_inlet_on_d8_path
030_060,rajendra_nagar_heavy_rain_demo,30,60,1800,RN_INLET_00123,RN_DNODE_00330,RN_DRAIN_00442,RN_ROAD_00034,105,100,18.168750762939453,0.010093750423855252,0.30124813859248456,synthetic_manning_scenario,0,first_eligible_inlet_on_d8_path
030_060,rajendra_nagar_heavy_rain_demo,30,60,1800,RN_INLET_00124,RN_DNODE_00333,RN_DRAIN_00131,RN_ROAD_00634,80,100,57.71249771118164,0.032062498728434245,0.22781081406408252,synthetic_manning_scenario,0,first_eligible_inlet_on_d8_path
030_060,rajendra_nagar_heavy_rain_demo,30,60,1800,RN_INLET_00125,RN_DNODE_00339,RN_DRAIN_00534,RN_ROAD_00011,114,101,148.5562515258789,0.0825312508477105,1.0125751333185353,synthetic_manning_scenario,0,first_eligible_inlet_on_d8_path
030_060,rajendra_nagar_heavy_rain_demo,30,60,1800,RN_INLET_00126,RN_DNODE_00340,RN_DRAIN_00531,RN_ROAD_00003,113,101,104.73750305175781,0.05818750169542101,0.03485428291526828,synthetic_manning_scenario,0,first_eligible_inlet_on_d8_path
030_060,rajendra_nagar_heavy_rain_demo,30,60,1800,RN_INLET_00127,RN_DNODE_00341,RN_DRAIN_00443,RN_ROAD_00034,105,101,156.03750228881836,0.08668750127156576,0.5674438686929558,synthetic_manning_scenario,0,first_eligible_inlet_on_d8_path
030_060,rajendra_nagar_heavy_rain_demo,30,60,1800,RN_INLET_00128,RN_DNODE_00344,RN_DRAIN_00142,RN_ROAD_00353,81,101,163.51874923706055,0.09084374957614474,0.10542103561186149,synthetic_manning_scenario,0,first_eligible_inlet_on_d8_path
030_060,rajendra_nagar_heavy_rain_demo,30,60,1800,RN_INLET_00129,RN_DNODE_00348,RN_DRAIN_00444,RN_ROAD_00035,105,102,55.57500076293945,0.030875000423855253,1.036783363348529,synthetic_manning_scenario,0,first_eligible_inlet_on_d8_path
030_060,rajendra_nagar_heavy_rain_demo,30,60,1800,RN_INLET_00131,RN_DNODE_00353,RN_DRAIN_00143,RN_ROAD_00388,81,102,70.5374984741211,0.039187499152289494,0.03485428291526828,synthetic_manning_scenario,0,first_eligible_inlet_on_d8_path
030_060,rajendra_nagar_heavy_rain_demo,30,60,1800,RN_INLET_00132,RN_DNODE_00356,RN_DRAIN_00454,RN_ROAD_00017,106,103,88.70625305175781,0.049281251695421004,1.4082442328435159,synthetic_manning_scenario,0,first_eligible_inlet_on_d8_path
030_060,rajendra_nagar_heavy_rain_demo,30,60,1800,RN_INLET_00134,RN_DNODE_00359,RN_DRAIN_00208,RN_ROAD_00356,86,103,391.1625099182129,0.21731250551011827,0.09006678976697921,synthetic_manning_scenario,0,first_eligible_inlet_on_d8_path
030_060,rajendra_nagar_heavy_rain_demo,30,60,1800,RN_INLET_00135,RN_DNODE_00360,RN_DRAIN_00144,RN_ROAD_00388,81,103,54.506248474121094,0.030281249152289497,0.10887560820568472,synthetic_manning_scenario,0,first_eligible_inlet_on_d8_path
030_060,rajendra_nagar_heavy_rain_demo,30,60,1800,RN_INLET_00136,RN_DNODE_00362,RN_DRAIN_00455,RN_ROAD_00016,106,104,299.25000381469727,0.16625000211927626,0.3425817481644578,synthetic_manning_scenario,0,first_eligible_inlet_on_d8_path
030_060,rajendra_nagar_heavy_rain_demo,30,60,1800,RN_INLET_00137,RN_DNODE_00364,RN_DRAIN_00277,RN_ROAD_00302,91,104,1838.2500267028809,1.0212500148349337,0.30116185815577506,synthetic_manning_scenario,0,first_eligible_inlet_on_d8_path
030_060,rajendra_nagar_heavy_rain_demo,30,60,1800,RN_INLET_00138,RN_DNODE_00365,RN_DRAIN_00145,RN_ROAD_00388,81,104,90.84375,0.05046875,0.21676002461835764,synthetic_manning_scenario,0,first_eligible_inlet_on_d8_path
030_060,rajendra_nagar_heavy_rain_demo,30,60,1800,RN_INLET_00144,RN_DNODE_00375,RN_DRAIN_00318,RN_ROAD_00298,94,106,36.337501525878906,0.020187500847710503,0.03485428291526828,synthetic_manning_scenario,0,first_eligible_inlet_on_d8_path
030_060,rajendra_nagar_heavy_rain_demo,30,60,1800,RN_INLET_00145,RN_DNODE_00378,RN_DRAIN_00146,RN_ROAD_00388,81,106,112.21875,0.06234375,0.12524186330580878,synthetic_manning_scenario,0,first_eligible_inlet_on_d8_path
030_060,rajendra_nagar_heavy_rain_demo,30,60,1800,RN_INLET_00146,RN_DNODE_00382,RN_DRAIN_00476,RN_ROAD_00014,108,107,36.337501525878906,0.020187500847710503,1.5879626023456346,synthetic_manning_scenario,0,first_eligible_inlet_on_d8_path
030_060,rajendra_nagar_heavy_rain_demo,30,60,1800,RN_INLET_00148,RN_DNODE_00386,RN_DRAIN_00159,RN_ROAD_00386,82,107,94.04999923706055,0.05224999957614475,0.06828671863062642,synthetic_manning_scenario,0,first_eligible_inlet_on_d8_path
030_060,rajendra_nagar_heavy_rain_demo,30,60,1800,RN_INLET_00149,RN_DNODE_00391,RN_DRAIN_00477,RN_ROAD_00011,108,108,635.9062538146973,0.35328125211927625,0.30124813859248456,synthetic_manning_scenario,0,first_eligible_inlet_on_d8_path
030_060,rajendra_nagar_heavy_rain_demo,30,60,1800,RN_INLET_00150,RN_DNODE_00392,RN_DRAIN_00466,RN_ROAD_00014,107,108,188.10000228881836,0.10450000127156575,0.03484430030503481,synthetic_manning_scenario,0,first_eligible_inlet_on_d8_path
030_060,rajendra_nagar_heavy_rain_demo,30,60,1800,RN_INLET_00152,RN_DNODE_00395,RN_DRAIN_00306,RN_ROAD_00089,93,108,52.368751525878906,0.029093750847710504,0.02637752433631995,synthetic_manning_scenario,0,first_eligible_inlet_on_d8_path
030_060,rajendra_nagar_heavy_rain_demo,30,60,1800,RN_INLET_00153,RN_DNODE_00396,RN_DRAIN_00291,RN_ROAD_00089,92,108,819.7312622070312,0.455406256781684,0.1120128954947173,synthetic_manning_scenario,0,first_eligible_inlet_on_d8_path
030_060,rajendra_nagar_heavy_rain_demo,30,60,1800,RN_INLET_00154,RN_DNODE_00397,RN_DRAIN_00169,RN_ROAD_00385,83,108,254.36250686645508,0.14131250381469726,0.03484430030503481,synthetic_manning_scenario,0,first_eligible_inlet_on_d8_path
030_060,rajendra_nagar_heavy_rain_demo,30,60,1800,RN_INLET_00155,RN_DNODE_00404,RN_DRAIN_00478,RN_ROAD_00011,108,109,34.20000076293945,0.019000000423855253,0.30124813859248456,synthetic_manning_scenario,0,first_eligible_inlet_on_d8_path
030_060,rajendra_nagar_heavy_rain_demo,30,60,1800,RN_INLET_00156,RN_DNODE_00405,RN_DRAIN_00467,RN_ROAD_00014,107,109,18.168750762939453,0.010093750423855252,0.03484430030503481,synthetic_manning_scenario,0,first_eligible_inlet_on_d8_path
030_060,rajendra_nagar_heavy_rain_demo,30,60,1800,RN_INLET_00158,RN_DNODE_00407,RN_DRAIN_00170,RN_ROAD_00363,83,109,71.60625076293945,0.039781250423855254,0.03485428291526828,synthetic_manning_scenario,0,first_eligible_inlet_on_d8_path
030_060,rajendra_nagar_heavy_rain_demo,30,60,1800,RN_INLET_00159,RN_DNODE_00408,RN_DRAIN_00035,RN_ROAD_00629,72,109,128.25,0.07125,0.03484430030503481,synthetic_manning_scenario,0,first_eligible_inlet_on_d8_path
030_060,rajendra_nagar_heavy_rain_demo,30,60,1800,RN_INLET_00160,RN_DNODE_00411,RN_DRAIN_00479,RN_ROAD_00024,108,110,122.90625381469727,0.06828125211927626,0.30124813859248456,synthetic_manning_scenario,0,first_eligible_inlet_on_d8_path
030_060,rajendra_nagar_heavy_rain_demo,30,60,1800,RN_INLET_00161,RN_DNODE_00412,RN_DRAIN_00468,RN_ROAD_00026,107,110,34.20000076293945,0.019000000423855253,0.03484430030503481,synthetic_manning_scenario,0,first_eligible_inlet_on_d8_path
030_060,rajendra_nagar_heavy_rain_demo,30,60,1800,RN_INLET_00163,RN_DNODE_00414,RN_DRAIN_00171,RN_ROAD_00374,83,110,53.4375,0.0296875,0.09781403471816273,synthetic_manning_scenario,0,first_eligible_inlet_on_d8_path
030_060,rajendra_nagar_heavy_rain_demo,30,60,1800,RN_INLET_00164,RN_DNODE_00415,RN_DRAIN_00069,RN_ROAD_00625,76,110,522.6187553405762,0.2903437529669868,0.13572767824149176,synthetic_manning_scenario,0,first_eligible_inlet_on_d8_path
030_060,rajendra_nagar_heavy_rain_demo,30,60,1800,RN_INLET_00165,RN_DNODE_00417,RN_DRAIN_00051,RN_ROAD_00625,74,110,67.33124923706055,0.037406249576144746,0.11248088992987894,synthetic_manning_scenario,0,first_eligible_inlet_on_d8_path
030_060,rajendra_nagar_heavy_rain_demo,30,60,1800,RN_INLET_00166,RN_DNODE_00418,RN_DRAIN_00043,RN_ROAD_00628,73,110,176.34375,0.09796875,0.03484430030503481,synthetic_manning_scenario,0,first_eligible_inlet_on_d8_path
030_060,rajendra_nagar_heavy_rain_demo,30,60,1800,RN_INLET_00167,RN_DNODE_00420,RN_DRAIN_00480,RN_ROAD_00024,108,111,18.168750762939453,0.010093750423855252,0.4455532640291579,synthetic_manning_scenario,0,first_eligible_inlet_on_d8_path
030_060,rajendra_nagar_heavy_rain_demo,30,60,1800,RN_INLET_00169,RN_DNODE_00423,RN_DRAIN_00183,RN_ROAD_00370,84,111,193.44375610351562,0.10746875339084201,0.04832201195748927,synthetic_manning_scenario,0,first_eligible_inlet_on_d8_path
030_060,rajendra_nagar_heavy_rain_demo,30,60,1800,RN_INLET_00170,RN_DNODE_00425,RN_DRAIN_00493,RN_ROAD_00024,109,112,468.1125068664551,0.26006250381469725,0.36701701471119386,synthetic_manning_scenario,0,first_eligible_inlet_on_d8_path
030_060,rajendra_nagar_heavy_rain_demo,30,60,1800,RN_INLET_00171,RN_DNODE_00426,RN_DRAIN_00481,RN_ROAD_00025,108,112,18.168750762939453,0.010093750423855252,0.11954287044878092,synthetic_manning_scenario,0,first_eligible_inlet_on_d8_path
030_060,rajendra_nagar_heavy_rain_demo,30,60,1800,RN_INLET_00172,RN_DNODE_00427,RN_DRAIN_00457,RN_ROAD_00105,106,112,628.4250068664551,0.34912500381469724,0.03484430030503481,synthetic_manning_scenario,0,first_eligible_inlet_on_d8_path
030_060,rajendra_nagar_heavy_rain_demo,30,60,1800,RN_INLET_00173,RN_DNODE_00428,RN_DRAIN_00344,RN_ROAD_00086,95,112,34.20000076293945,0.019000000423855253,0.03485428291526828,synthetic_manning_scenario,0,first_eligible_inlet_on_d8_path
030_060,rajendra_nagar_heavy_rain_demo,30,60,1800,RN_INLET_00174,RN_DNODE_00430,RN_DRAIN_00184,RN_ROAD_00369,84,112,52.368751525878906,0.029093750847710504,0.1515365242075139,synthetic_manning_scenario,0,first_eligible_inlet_on_d8_path
030_060,rajendra_nagar_heavy_rain_demo,30,60,1800,RN_INLET_00175,RN_DNODE_00433,RN_DRAIN_00494,RN_ROAD_00025,109,113,34.20000076293945,0.019000000423855253,0.0980023540468388,synthetic_manning_scenario,0,first_eligible_inlet_on_d8_path
030_060,rajendra_nagar_heavy_rain_demo,30,60,1800,RN_INLET_00177,RN_DNODE_00435,RN_DRAIN_00322,RN_ROAD_00086,94,113,105.8062515258789,0.058781250847710506,0.30124813859248456,synthetic_manning_scenario,0,first_eligible_inlet_on_d8_path
030_060,rajendra_nagar_heavy_rain_demo,30,60,1800,RN_INLET_00178,RN_DNODE_00437,RN_DRAIN_00172,RN_ROAD_00373,83,113,532.2375106811523,0.2956875059339735,0.05158812602898853,synthetic_manning_scenario,0,first_eligible_inlet_on_d8_path
030_060,rajendra_nagar_heavy_rain_demo,30,60,1800,RN_INLET_00179,RN_DNODE_00438,RN_DRAIN_00528,RN_ROAD_00103,112,114,193.44375610351562,0.10746875339084201,0.22658585121858213,synthetic_manning_scenario,0,first_eligible_inlet_on_d8_path
030_060,rajendra_nagar_heavy_rain_demo,30,60,1800,RN_INLET_00180,RN_DNODE_00439,RN_DRAIN_00323,RN_ROAD_00172,94,114,18.168750762939453,0.010093750423855252,0.30124813859248456,synthetic_manning_scenario,0,first_eligible_inlet_on_d8_path
030_060,rajendra_nagar_heavy_rain_demo,30,60,1800,RN_INLET_00181,RN_DNODE_00440,RN_DRAIN_00308,RN_ROAD_00173,93,114,36.337501525878906,0.020187500847710503,0.03485428291526828,synthetic_manning_scenario,0,first_eligible_inlet_on_d8_path
030_060,rajendra_nagar_heavy_rain_demo,30,60,1800,RN_INLET_00182,RN_DNODE_00441,RN_DRAIN_00005,RN_ROAD_00604,68,114,70.53750228881836,0.039187501271565756,0.02637752433631995,synthetic_manning_scenario,0,first_eligible_inlet_on_d8_path
030_060,rajendra_nagar_heavy_rain_demo,30,60,1800,RN_INLET_00184,RN_DNODE_00446,RN_DRAIN_00345,RN_ROAD_00168,95,115,121.8375015258789,0.0676875008477105,0.6085297810986018,synthetic_manning_scenario,0,first_eligible_inlet_on_d8_path
030_060,rajendra_nagar_heavy_rain_demo,30,60,1800,RN_INLET_00185,RN_DNODE_00447,RN_DRAIN_00309,RN_ROAD_00173,93,115,365.5125045776367,0.20306250254313152,0.30116185815577506,synthetic_manning_scenario,0,first_eligible_inlet_on_d8_path
030_060,rajendra_nagar_heavy_rain_demo,30,60,1800,RN_INLET_00186,RN_DNODE_00448,RN_DRAIN_00292,RN_ROAD_00174,92,115,110.08124923706055,0.061156249576144746,0.02637752433631995,synthetic_manning_scenario,0,first_eligible_inlet_on_d8_path
030_060,rajendra_nagar_heavy_rain_demo,30,60,1800,RN_INLET_00187,RN_DNODE_00449,RN_DRAIN_00011,RN_ROAD_00603,69,115,129.3187484741211,0.0718437491522895,0.41271576218229383,synthetic_manning_scenario,0,first_eligible_inlet_on_d8_path
030_060,rajendra_nagar_heavy_rain_demo,30,60,1800,RN_INLET_00188,RN_DNODE_00450,RN_DRAIN_00006,RN_ROAD_00608,68,115,18.168750762939453,0.010093750423855252,0.09631698738212754,synthetic_manning_scenario,0,first_eligible_inlet_on_d8_path
030_060,rajendra_nagar_heavy_rain_demo,30,60,1800,RN_INLET_00189,RN_DNODE_00452,RN_DRAIN_00374,RN_ROAD_00141,99,116,103.66875076293945,0.05759375042385525,0.100407978859947,synthetic_manning_scenario,0,first_eligible_inlet_on_d8_path
030_060,rajendra_nagar_heavy_rain_demo,30,60,1800,RN_INLET_00190,RN_DNODE_00453,RN_DRAIN_00367,RN_ROAD_00141,98,116,37.40625,0.02078125,0.12282979632326015,synthetic_manning_scenario,0,first_eligible_inlet_on_d8_path
030_060,rajendra_nagar_heavy_rain_demo,30,60,1800,RN_INLET_00191,RN_DNODE_00454,RN_DRAIN_00359,RN_ROAD_00143,97,116,498.03750228881836,0.27668750127156577,0.48087166299014095,synthetic_manning_scenario,0,first_eligible_inlet_on_d8_path
030_060,rajendra_nagar_heavy_rain_demo,30,60,1800,RN_INLET_00193,RN_DNODE_00456,RN_DRAIN_00016,RN_ROAD_00602,70,116,270.39374923706055,0.15021874957614476,0.12723324562335805,synthetic_manning_scenario,0,first_eligible_inlet_on_d8_path
030_060,rajendra_nagar_heavy_rain_demo,30,60,1800,RN_INLET_00194,RN_DNODE_00457,RN_DRAIN_00375,RN_ROAD_00140,99,117,18.168750762939453,0.010093750423855252,0.17518330495315723,synthetic_manning_scenario,0,first_eligible_inlet_on_d8_path
030_060,rajendra_nagar_heavy_rain_demo,30,60,1800,RN_INLET_00195,RN_DNODE_00458,RN_DRAIN_00368,RN_ROAD_00143,98,117,405.05625915527344,0.225031255086263,0.391656185493259,synthetic_manning_scenario,0,first_eligible_inlet_on_d8_path
030_060,rajendra_nagar_heavy_rain_demo,30,60,1800,RN_INLET_00196,RN_DNODE_00460,RN_DRAIN_00077,RN_ROAD_00472,77,117,55.57500076293945,0.030875000423855253,0.1272696969192279,synthetic_manning_scenario,0,first_eligible_inlet_on_d8_path
030_060,rajendra_nagar_heavy_rain_demo,30,60,1800,RN_INLET_00197,RN_DNODE_00461,RN_DRAIN_00070,RN_ROAD_00473,76,117,54.50625228881836,0.030281251271565755,0.3887914862481728,synthetic_manning_scenario,0,first_eligible_inlet_on_d8_path
030_060,rajendra_nagar_heavy_rain_demo,30,60,1800,RN_INLET_00198,RN_DNODE_00462,RN_DRAIN_00061,RN_ROAD_00473,75,117,52.368751525878906,0.029093750847710504,0.27705159099154153,synthetic_manning_scenario,0,first_eligible_inlet_on_d8_path
030_060,rajendra_nagar_heavy_rain_demo,30,60,1800,RN_INLET_00199,RN_DNODE_00463,RN_DRAIN_00052,RN_ROAD_00599,74,117,390.09375381469727,0.21671875211927627,0.1272696969192279,synthetic_manning_scenario,0,first_eligible_inlet_on_d8_path
030_060,rajendra_nagar_heavy_rain_demo,30,60,1800,RN_INLET_00200,RN_DNODE_00464,RN_DRAIN_00044,RN_ROAD_00598,73,117,56.64374923706055,0.03146874957614475,0.642398926061122,synthetic_manning_scenario,0,first_eligible_inlet_on_d8_path
030_060,rajendra_nagar_heavy_rain_demo,30,60,1800,RN_INLET_00201,RN_DNODE_00465,RN_DRAIN_00036,RN_ROAD_00598,72,117,66.26250076293945,0.036812500423855254,0.5725232749926845,synthetic_manning_scenario,0,first_eligible_inlet_on_d8_path
030_060,rajendra_nagar_heavy_rain_demo,30,60,1800,RN_INLET_00202,RN_DNODE_00466,RN_DRAIN_00029,RN_ROAD_00602,71,117,56.64374923706055,0.03146874957614475,0.12723324562335805,synthetic_manning_scenario,0,first_eligible_inlet_on_d8_path
030_060,rajendra_nagar_heavy_rain_demo,30,60,1800,RN_INLET_00203,RN_DNODE_00467,RN_DRAIN_00017,RN_ROAD_00607,70,117,349.4812545776367,0.1941562525431315,0.03485428291526828,synthetic_manning_scenario,0,first_eligible_inlet_on_d8_path
030_060,rajendra_nagar_heavy_rain_demo,30,60,1800,RN_INLET_00204,RN_DNODE_00468,RN_DRAIN_00394,RN_ROAD_00104,101,118,827.2125067710876,0.45956250376171537,0.18293911365381266,synthetic_manning_scenario,0,first_eligible_inlet_on_d8_path
030_060,rajendra_nagar_heavy_rain_demo,30,60,1800,RN_INLET_00205,RN_DNODE_00469,RN_DRAIN_00383,RN_ROAD_00109,100,118,90.84375381469727,0.05046875211927626,0.1353812142771686,synthetic_manning_scenario,0,first_eligible_inlet_on_d8_path
030_060,rajendra_nagar_heavy_rain_demo,30,60,1800,RN_INLET_00206,RN_DNODE_00470,RN_DRAIN_00324,RN_ROAD_00171,94,118,478.80001068115234,0.26600000593397355,0.9125867707273617,synthetic_manning_scenario,0,first_eligible_inlet_on_d8_path
030_060,rajendra_nagar_heavy_rain_demo,30,60,1800,RN_INLET_00207,RN_DNODE_00471,RN_DRAIN_00133,RN_ROAD_00467,80,118,37.40625,0.02078125,0.03485428291526828,synthetic_manning_scenario,0,first_eligible_inlet_on_d8_path
030_060,rajendra_nagar_heavy_rain_demo,30,60,1800,RN_INLET_00208,RN_DNODE_00472,RN_DRAIN_00119,RN_ROAD_00468,79,118,36.337501525878906,0.020187500847710503,0.1272696969192279,synthetic_manning_scenario,0,first_eligible_inlet_on_d8_path
030_060,rajendra_nagar_heavy_rain_demo,30,60,1800,RN_INLET_00209,RN_DNODE_00473,RN_DRAIN_00102,RN_ROAD_00468,78,118,90.84375,0.05046875,0.12723324562335805,synthetic_manning_scenario,0,first_eligible_inlet_on_d8_path
030_060,rajendra_nagar_heavy_rain_demo,30,60,1800,RN_INLET_00212,RN_DNODE_00477,RN_DRAIN_00195,RN_ROAD_00437,85,119,55.57500076293945,0.030875000423855253,0.03485428291526828,synthetic_manning_scenario,0,first_eligible_inlet_on_d8_path
030_060,rajendra_nagar_heavy_rain_demo,30,60,1800,RN_INLET_00213,RN_DNODE_00478,RN_DRAIN_00185,RN_ROAD_00437,84,119,56.64374923706055,0.03146874957614475,0.03485428291526828,synthetic_manning_scenario,0,first_eligible_inlet_on_d8_path
030_060,rajendra_nagar_heavy_rain_demo,30,60,1800,RN_INLET_00214,RN_DNODE_00479,RN_DRAIN_00173,RN_ROAD_00442,83,119,55.57500076293945,0.030875000423855253,0.09995654869004258,synthetic_manning_scenario,0,first_eligible_inlet_on_d8_path
030_060,rajendra_nagar_heavy_rain_demo,30,60,1800,RN_INLET_00215,RN_DNODE_00480,RN_DRAIN_00160,RN_ROAD_00454,82,119,56.64374923706055,0.03146874957614475,0.06233696028667062,synthetic_manning_scenario,0,first_eligible_inlet_on_d8_path
030_060,rajendra_nagar_heavy_rain_demo,30,60,1800,RN_INLET_00216,RN_DNODE_00481,RN_DRAIN_00147,RN_ROAD_00457,81,119,162.45000076293945,0.09025000042385525,0.03485428291526828,synthetic_manning_scenario,0,first_eligible_inlet_on_d8_path
030_060,rajendra_nagar_heavy_rain_demo,30,60,1800,RN_INLET_00217,RN_DNODE_00482,RN_DRAIN_00134,RN_ROAD_00457,80,119,36.337501525878906,0.020187500847710503,0.03484430030503481,synthetic_manning_scenario,0,first_eligible_inlet_on_d8_path
030_060,rajendra_nagar_heavy_rain_demo,30,60,1800,RN_INLET_00219,RN_DNODE_00486,RN_DRAIN_00209,RN_ROAD_00401,86,120,587.8125081062317,0.326562504503462,0.03484430030503481,synthetic_manning_scenario,0,first_eligible_inlet_on_d8_path
030_060,rajendra_nagar_heavy_rain_demo,30,60,1800,RN_INLET_00221,RN_DNODE_00489,RN_DRAIN_00327,RN_ROAD_00162,94,121,90.84375381469727,0.05046875211927626,0.5266848835674651,synthetic_manning_scenario,0,first_eligible_inlet_on_d8_path
030_060,rajendra_nagar_heavy_rain_demo,30,60,1800,RN_INLET_00224,RN_DNODE_00493,RN_DRAIN_00328,RN_ROAD_00161,94,122,2044.5187606811523,1.1358437559339736,1.73635575785819,synthetic_manning_scenario,0,first_eligible_inlet_on_d8_path
030_060,rajendra_nagar_heavy_rain_demo,30,60,1800,RN_INLET_00227,RN_DNODE_00500,RN_DRAIN_00360,RN_ROAD_00153,97,126,136.8000030517578,0.07600000169542101,0.1948011871441529,synthetic_manning_scenario,0,first_eligible_inlet_on_d8_path
030_060,rajendra_nagar_heavy_rain_demo,30,60,1800,RN_INLET_00228,RN_DNODE_00503,RN_DRAIN_00062,RN_ROAD_00480,75,126,36.337501525878906,0.020187500847710503,0.03485428291526828,synthetic_manning_scenario,0,first_eligible_inlet_on_d8_path
030_060,rajendra_nagar_heavy_rain_demo,30,60,1800,RN_INLET_00229,RN_DNODE_00504,RN_DRAIN_00053,RN_ROAD_00480,74,126,1345.5562591552734,0.7475312550862631,0.15694054372586286,synthetic_manning_scenario,0,first_eligible_inlet_on_d8_path
030_060,rajendra_nagar_heavy_rain_demo,30,60,1800,RN_INLET_00231,RN_DNODE_00508,RN_DRAIN_00361,RN_ROAD_00153,97,127,183.82500076293945,0.10212500042385525,0.2317547361496302,synthetic_manning_scenario,0,first_eligible_inlet_on_d8_path
030_060,rajendra_nagar_heavy_rain_demo,30,60,1800,RN_INLET_00234,RN_DNODE_00518,RN_DRAIN_00395,RN_ROAD_00120,101,128,731.0250105857849,0.4061250058809916,0.14778712746867345,synthetic_manning_scenario,0,first_eligible_inlet_on_d8_path
030_060,rajendra_nagar_heavy_rain_demo,30,60,1800,RN_INLET_00235,RN_DNODE_00519,RN_DRAIN_00362,RN_ROAD_00155,97,128,54.50625228881836,0.030281251271565755,0.17218079283976848,synthetic_manning_scenario,0,first_eligible_inlet_on_d8_path
030_060,rajendra_nagar_heavy_rain_demo,30,60,1800,RN_INLET_00236,RN_DNODE_00520,RN_DRAIN_00354,RN_ROAD_00155,96,128,84.4312515258789,0.0469062508477105,0.8904712544361131,synthetic_manning_scenario,0,first_eligible_inlet_on_d8_path
030_060,rajendra_nagar_heavy_rain_demo,30,60,1800,RN_INLET_00237,RN_DNODE_00521,RN_DRAIN_00348,RN_ROAD_00155,95,128,16.03125,0.00890625,0.2764107810710812,synthetic_manning_scenario,0,first_eligible_inlet_on_d8_path
030_060,rajendra_nagar_heavy_rain_demo,30,60,1800,RN_INLET_00239,RN_DNODE_00527,RN_DRAIN_00355,RN_ROAD_00155,96,129,50.23125076293945,0.02790625042385525,0.18626342708702154,synthetic_manning_scenario,0,first_eligible_inlet_on_d8_path
030_060,rajendra_nagar_heavy_rain_demo,30,60,1800,RN_INLET_00240,RN_DNODE_00528,RN_DRAIN_00349,RN_ROAD_00155,95,129,18.168750762939453,0.010093750423855252,0.09203450505564478,synthetic_manning_scenario,0,first_eligible_inlet_on_d8_path
030_060,rajendra_nagar_heavy_rain_demo,30,60,1800,RN_INLET_00241,RN_DNODE_00529,RN_DRAIN_00335,RN_ROAD_00155,94,129,167.79375076293945,0.09321875042385525,0.19300346415305064,synthetic_manning_scenario,0,first_eligible_inlet_on_d8_path
030_060,rajendra_nagar_heavy_rain_demo,30,60,1800,RN_INLET_00242,RN_DNODE_00535,RN_DRAIN_00377,RN_ROAD_00123,99,130,52.368751525878906,0.029093750847710504,0.03485428291526828,synthetic_manning_scenario,0,first_eligible_inlet_on_d8_path
030_060,rajendra_nagar_heavy_rain_demo,30,60,1800,RN_INLET_00243,RN_DNODE_00536,RN_DRAIN_00369,RN_ROAD_00127,98,130,175.2750015258789,0.0973750008477105,0.18393770855067063,synthetic_manning_scenario,0,first_eligible_inlet_on_d8_path
030_060,rajendra_nagar_heavy_rain_demo,30,60,1800,RN_INLET_00245,RN_DNODE_00540,RN_DRAIN_00378,RN_ROAD_00123,99,131,109.01250076293945,0.060562500423855255,0.1348146985507728,synthetic_manning_scenario,0,first_eligible_inlet_on_d8_path
030_060,rajendra_nagar_heavy_rain_demo,30,60,1800,RN_INLET_00247,RN_DNODE_00544,RN_DRAIN_00384,RN_ROAD_00123,100,132,420.0187568664551,0.23334375381469727,0.15013191509707569,synthetic_manning_scenario,0,first_eligible_inlet_on_d8_path
030_060,rajendra_nagar_heavy_rain_demo,30,60,1800,RN_INLET_00248,RN_DNODE_00546,RN_DRAIN_00219,RN_ROAD_00407,87,132,483.07500076293945,0.26837500042385526,0.07396532506289491,synthetic_manning_scenario,0,first_eligible_inlet_on_d8_path
030_060,rajendra_nagar_heavy_rain_demo,30,60,1800,RN_INLET_00249,RN_DNODE_00547,RN_DRAIN_00385,RN_ROAD_00123,100,133,54.50625228881836,0.030281251271565755,0.03485428291526828,synthetic_manning_scenario,0,first_eligible_inlet_on_d8_path
030_060,rajendra_nagar_heavy_rain_demo,30,60,1800,RN_INLET_00250,RN_DNODE_00548,RN_DRAIN_00252,RN_ROAD_00183,89,133,323.83124923706055,0.17990624957614476,0.18704808214959012,synthetic_manning_scenario,0,first_eligible_inlet_on_d8_path
030_060,rajendra_nagar_heavy_rain_demo,30,60,1800,RN_INLET_00251,RN_DNODE_00549,RN_DRAIN_00386,RN_ROAD_00118,100,134,52.368751525878906,0.029093750847710504,0.03485428291526828,synthetic_manning_scenario,0,first_eligible_inlet_on_d8_path
030_060,rajendra_nagar_heavy_rain_demo,30,60,1800,RN_INLET_00253,RN_DNODE_00551,RN_DRAIN_00396,RN_ROAD_00115,101,135,104.73750305175781,0.05818750169542101,0.08345058337269148,synthetic_manning_scenario,0,first_eligible_inlet_on_d8_path
030_060,rajendra_nagar_heavy_rain_demo,30,60,1800,RN_INLET_00255,RN_DNODE_00553,RN_DRAIN_00397,RN_ROAD_00119,101,136,18.168750762939453,0.010093750423855252,0.16888414661568568,synthetic_manning_scenario,0,first_eligible_inlet_on_d8_path
030_060,rajendra_nagar_heavy_rain_demo,30,60,1800,RN_INLET_00258,RN_DNODE_00556,RN_DRAIN_00238,RN_ROAD_00184,88,137,70.53750228881836,0.039187501271565756,0.03484430030503481,synthetic_manning_scenario,0,first_eligible_inlet_on_d8_path
060_090,rajendra_nagar_heavy_rain_demo,60,90,1800,RN_INLET_00003,RN_DNODE_00003,RN_DRAIN_00198,RN_ROAD_00503,86,68,28.350000381469727,0.015750000211927625,0.03485428291526828,synthetic_manning_scenario,0,first_eligible_inlet_on_d8_path
060_090,rajendra_nagar_heavy_rain_demo,60,90,1800,RN_INLET_00004,RN_DNODE_00004,RN_DRAIN_00149,RN_ROAD_00520,82,68,81.90000343322754,0.04550000190734863,0.13705656053423662,synthetic_manning_scenario,0,first_eligible_inlet_on_d8_path
060_090,rajendra_nagar_heavy_rain_demo,60,90,1800,RN_INLET_00005,RN_DNODE_00007,RN_DRAIN_00199,RN_ROAD_00508,86,69,212.6250057220459,0.11812500317891439,0.03485428291526828,synthetic_manning_scenario,0,first_eligible_inlet_on_d8_path
060_090,rajendra_nagar_heavy_rain_demo,60,90,1800,RN_INLET_00006,RN_DNODE_00008,RN_DRAIN_00150,RN_ROAD_00522,82,69,26.775001525878906,0.014875000847710504,0.03485428291526828,synthetic_manning_scenario,0,first_eligible_inlet_on_d8_path
060_090,rajendra_nagar_heavy_rain_demo,60,90,1800,RN_INLET_00007,RN_DNODE_00010,RN_DRAIN_00200,RN_ROAD_00507,86,70,135.45000648498535,0.07525000360276964,0.03484430030503481,synthetic_manning_scenario,0,first_eligible_inlet_on_d8_path
060_090,rajendra_nagar_heavy_rain_demo,60,90,1800,RN_INLET_00008,RN_DNODE_00011,RN_DRAIN_00151,RN_ROAD_00522,82,70,299.25000953674316,0.16625000529819065,0.03485428291526828,synthetic_manning_scenario,0,first_eligible_inlet_on_d8_path
060_090,rajendra_nagar_heavy_rain_demo,60,90,1800,RN_INLET_00010,RN_DNODE_00015,RN_DRAIN_00210,RN_ROAD_00498,87,71,130.72500610351562,0.07262500339084202,0.03485428291526828,synthetic_manning_scenario,0,first_eligible_inlet_on_d8_path
060_090,rajendra_nagar_heavy_rain_demo,60,90,1800,RN_INLET_00011,RN_DNODE_00016,RN_DRAIN_00152,RN_ROAD_00522,82,71,26.775001525878906,0.014875000847710504,0.04100835586442703,synthetic_manning_scenario,0,first_eligible_inlet_on_d8_path
060_090,rajendra_nagar_heavy_rain_demo,60,90,1800,RN_INLET_00012,RN_DNODE_00017,RN_DRAIN_00240,RN_ROAD_00273,89,72,461.47500801086426,0.25637500445048017,0.03485428291526828,synthetic_manning_scenario,0,first_eligible_inlet_on_d8_path
060_090,rajendra_nagar_heavy_rain_demo,60,90,1800,RN_INLET_00013,RN_DNODE_00018,RN_DRAIN_00220,RN_ROAD_00273,88,72,349.65001106262207,0.19425000614590116,0.12723324562335805,synthetic_manning_scenario,0,first_eligible_inlet_on_d8_path
060_090,rajendra_nagar_heavy_rain_demo,60,90,1800,RN_INLET_00014,RN_DNODE_00019,RN_DRAIN_00153,RN_ROAD_00522,82,72,130.72500228881836,0.07262500127156575,0.03485428291526828,synthetic_manning_scenario,0,first_eligible_inlet_on_d8_path
060_090,rajendra_nagar_heavy_rain_demo,60,90,1800,RN_INLET_00016,RN_DNODE_00021,RN_DRAIN_00241,RN_ROAD_00273,89,73,78.75000190734863,0.04375000105963813,0.12723324562335805,synthetic_manning_scenario,0,first_eligible_inlet_on_d8_path
060_090,rajendra_nagar_heavy_rain_demo,60,90,1800,RN_INLET_00017,RN_DNODE_00022,RN_DRAIN_00221,RN_ROAD_00499,88,73,135.45000648498535,0.07525000360276964,0.03485428291526828,synthetic_manning_scenario,0,first_eligible_inlet_on_d8_path
060_090,rajendra_nagar_heavy_rain_demo,60,90,1800,RN_INLET_00018,RN_DNODE_00023,RN_DRAIN_00154,RN_ROAD_00522,82,73,396.90001106262207,0.22050000614590115,0.03485428291526828,synthetic_manning_scenario,0,first_eligible_inlet_on_d8_path
060_090,rajendra_nagar_heavy_rain_demo,60,90,1800,RN_INLET_00020,RN_DNODE_00026,RN_DRAIN_00257,RN_ROAD_00502,90,74,83.47500228881836,0.046375001271565755,0.7029886526903337,synthetic_manning_scenario,0,first_eligible_inlet_on_d8_path
060_090,rajendra_nagar_heavy_rain_demo,60,90,1800,RN_INLET_00021,RN_DNODE_00027,RN_DRAIN_00155,RN_ROAD_00522,82,74,165.3750057220459,0.0918750031789144,0.03484430030503481,synthetic_manning_scenario,0,first_eligible_inlet_on_d8_path
060_090,rajendra_nagar_heavy_rain_demo,60,90,1800,RN_INLET_00025,RN_DNODE_00032,RN_DRAIN_00072,RN_ROAD_00562,77,75,132.30000495910645,0.07350000275505914,0.12723324562335805,synthetic_manning_scenario,0,first_eligible_inlet_on_d8_path
060_090,rajendra_nagar_heavy_rain_demo,60,90,1800,RN_INLET_00026,RN_DNODE_00033,RN_DRAIN_00064,RN_ROAD_00582,76,75,366.9750061035156,0.20387500339084202,0.1272696969192279,synthetic_manning_scenario,0,first_eligible_inlet_on_d8_path
060_090,rajendra_nagar_heavy_rain_demo,60,90,1800,RN_INLET_00027,RN_DNODE_00034,RN_DRAIN_00054,RN_ROAD_00583,75,75,26.775001525878906,0.014875000847710504,0.08940774616670524,synthetic_manning_scenario,0,first_eligible_inlet_on_d8_path
060_090,rajendra_nagar_heavy_rain_demo,60,90,1800,RN_INLET_00029,RN_DNODE_00038,RN_DRAIN_00136,RN_ROAD_00555,81,76,53.55000305175781,0.029750001695421007,0.02637752433631995,synthetic_manning_scenario,0,first_eligible_inlet_on_d8_path
060_090,rajendra_nagar_heavy_rain_demo,60,90,1800,RN_INLET_00030,RN_DNODE_00039,RN_DRAIN_00121,RN_ROAD_00568,80,76,177.97500610351562,0.09887500339084201,0.12723324562335805,synthetic_manning_scenario,0,first_eligible_inlet_on_d8_path
060_090,rajendra_nagar_heavy_rain_demo,60,90,1800,RN_INLET_00031,RN_DNODE_00040,RN_DRAIN_00081,RN_ROAD_00560,78,76,130.72500610351562,0.07262500339084202,0.5017366265441451,synthetic_manning_scenario,0,first_eligible_inlet_on_d8_path
060_090,rajendra_nagar_heavy_rain_demo,60,90,1800,RN_INLET_00032,RN_DNODE_00047,RN_DRAIN_00137,RN_ROAD_00543,81,77,26.775001525878906,0.014875000847710504,0.02637752433631995,synthetic_manning_scenario,0,first_eligible_inlet_on_d8_path
060_090,rajendra_nagar_heavy_rain_demo,60,90,1800,RN_INLET_00033,RN_DNODE_00048,RN_DRAIN_00122,RN_ROAD_00558,80,77,53.55000305175781,0.029750001695421007,0.03484430030503481,synthetic_manning_scenario,0,first_eligible_inlet_on_d8_path
060_090,rajendra_nagar_heavy_rain_demo,60,90,1800,RN_INLET_00034,RN_DNODE_00049,RN_DRAIN_00105,RN_ROAD_00558,79,77,26.775001525878906,0.014875000847710504,0.1272696969192279,synthetic_manning_scenario,0,first_eligible_inlet_on_d8_path
060_090,rajendra_nagar_heavy_rain_demo,60,90,1800,RN_INLET_00037,RN_DNODE_00059,RN_DRAIN_00447,RN_ROAD_00235,106,79,53.55000305175781,0.029750001695421007,0.05446815070334662,synthetic_manning_scenario,0,first_eligible_inlet_on_d8_path
060_090,rajendra_nagar_heavy_rain_demo,60,90,1800,RN_INLET_00039,RN_DNODE_00068,RN_DRAIN_00433,RN_ROAD_00234,105,80,294.52500343322754,0.16362500190734863,0.1272696969192279,synthetic_manning_scenario,0,first_eligible_inlet_on_d8_path
060_090,rajendra_nagar_heavy_rain_demo,60,90,1800,RN_INLET_00040,RN_DNODE_00069,RN_DRAIN_00421,RN_ROAD_00235,104,80,2129.4000282287598,1.1830000156826443,0.12723324562335805,synthetic_manning_scenario,0,first_eligible_inlet_on_d8_path
060_090,rajendra_nagar_heavy_rain_demo,60,90,1800,RN_INLET_00041,RN_DNODE_00071,RN_DRAIN_00174,RN_ROAD_00290,84,80,527.6250171661377,0.29312500953674314,0.14154681932172938,synthetic_manning_scenario,0,first_eligible_inlet_on_d8_path
060_090,rajendra_nagar_heavy_rain_demo,60,90,1800,RN_INLET_00043,RN_DNODE_00078,RN_DRAIN_00175,RN_ROAD_00291,84,81,81.90000343322754,0.04550000190734863,0.2530359490024738,synthetic_manning_scenario,0,first_eligible_inlet_on_d8_path
060_090,rajendra_nagar_heavy_rain_demo,60,90,1800,RN_INLET_00044,RN_DNODE_00079,RN_DRAIN_00086,RN_ROAD_00571,78,81,441.00001525878906,0.24500000847710504,0.30124813859248456,synthetic_manning_scenario,0,first_eligible_inlet_on_d8_path
060_090,rajendra_nagar_heavy_rain_demo,60,90,1800,RN_INLET_00047,RN_DNODE_00088,RN_DRAIN_00087,RN_ROAD_00584,78,82,1181.250036239624,0.6562500201331245,2.002281704829388,synthetic_manning_scenario,0,first_eligible_inlet_on_d8_path
060_090,rajendra_nagar_heavy_rain_demo,60,90,1800,RN_INLET_00048,RN_DNODE_00096,RN_DRAIN_00186,RN_ROAD_00289,85,83,483.5250186920166,0.2686250103844537,0.151090496238554,synthetic_manning_scenario,0,first_eligible_inlet_on_d8_path
060_090,rajendra_nagar_heavy_rain_demo,60,90,1800,RN_INLET_00049,RN_DNODE_00097,RN_DRAIN_00088,RN_ROAD_00569,78,83,26.775001525878906,0.014875000847710504,1.878999507826128,synthetic_manning_scenario,0,first_eligible_inlet_on_d8_path
060_090,rajendra_nagar_heavy_rain_demo,60,90,1800,RN_INLET_00052,RN_DNODE_00104,RN_DRAIN_00187,RN_ROAD_00289,85,84,78.75000190734863,0.04375000105963813,0.044467843567026905,synthetic_manning_scenario,0,first_eligible_inlet_on_d8_path
060_090,rajendra_nagar_heavy_rain_demo,60,90,1800,RN_INLET_00053,RN_DNODE_00105,RN_DRAIN_00089,RN_ROAD_00573,78,84,220.50000762939453,0.12250000423855252,1.8362178351593588,synthetic_manning_scenario,0,first_eligible_inlet_on_d8_path
060_090,rajendra_nagar_heavy_rain_demo,60,90,1800,RN_INLET_00054,RN_DNODE_00111,RN_DRAIN_00285,RN_ROAD_00235,92,85,1595.4750232696533,0.8863750129275851,0.03484430030503481,synthetic_manning_scenario,0,first_eligible_inlet_on_d8_path
060_090,rajendra_nagar_heavy_rain_demo,60,90,1800,RN_INLET_00055,RN_DNODE_00112,RN_DRAIN_00226,RN_ROAD_00285,88,85,1746.6750164031982,0.9703750091128879,0.2262936821084416,synthetic_manning_scenario,0,first_eligible_inlet_on_d8_path
060_090,rajendra_nagar_heavy_rain_demo,60,90,1800,RN_INLET_00056,RN_DNODE_00113,RN_DRAIN_00188,RN_ROAD_00289,85,85,77.17500305175781,0.04287500169542101,0.13686859948507724,synthetic_manning_scenario,0,first_eligible_inlet_on_d8_path
060_090,rajendra_nagar_heavy_rain_demo,60,90,1800,RN_INLET_00057,RN_DNODE_00114,RN_DRAIN_00108,RN_ROAD_00572,79,85,50.400001525878906,0.028000000847710503,0.05279460013290454,synthetic_manning_scenario,0,first_eligible_inlet_on_d8_path
060_090,rajendra_nagar_heavy_rain_demo,60,90,1800,RN_INLET_00058,RN_DNODE_00115,RN_DRAIN_00090,RN_ROAD_00572,78,85,127.57500076293945,0.07087500042385525,2.0143420369081957,synthetic_manning_scenario,0,first_eligible_inlet_on_d8_path
060_090,rajendra_nagar_heavy_rain_demo,60,90,1800,RN_INLET_00064,RN_DNODE_00135,RN_DRAIN_00201,RN_ROAD_00288,86,87,77.17500305175781,0.04287500169542101,0.14808812947220454,synthetic_manning_scenario,0,first_eligible_inlet_on_d8_path
060_090,rajendra_nagar_heavy_rain_demo,60,90,1800,RN_INLET_00067,RN_DNODE_00152,RN_DRAIN_00189,RN_ROAD_00289,85,88,26.775001525878906,0.014875000847710504,0.2781184424317617,synthetic_manning_scenario,0,first_eligible_inlet_on_d8_path
060_090,rajendra_nagar_heavy_rain_demo,60,90,1800,RN_INLET_00068,RN_DNODE_00157,RN_DRAIN_00507,RN_ROAD_00216,111,89,108.67500495910645,0.06037500275505914,0.3596921468391413,synthetic_manning_scenario,0,first_eligible_inlet_on_d8_path
060_090,rajendra_nagar_heavy_rain_demo,60,90,1800,RN_INLET_00070,RN_DNODE_00171,RN_DRAIN_00190,RN_ROAD_00289,85,89,26.775001525878906,0.014875000847710504,0.21513777926228358,synthetic_manning_scenario,0,first_eligible_inlet_on_d8_path
060_090,rajendra_nagar_heavy_rain_demo,60,90,1800,RN_INLET_00071,RN_DNODE_00180,RN_DRAIN_00516,RN_ROAD_00213,112,90,292.95000648498535,0.16275000360276964,0.03484430030503481,synthetic_manning_scenario,0,first_eligible_inlet_on_d8_path
060_090,rajendra_nagar_heavy_rain_demo,60,90,1800,RN_INLET_00072,RN_DNODE_00181,RN_DRAIN_00487,RN_ROAD_00233,109,90,50.400001525878906,0.028000000847710503,1.2167317531808846,synthetic_manning_scenario,0,first_eligible_inlet_on_d8_path
060_090,rajendra_nagar_heavy_rain_demo,60,90,1800,RN_INLET_00074,RN_DNODE_00197,RN_DRAIN_00191,RN_ROAD_00289,85,90,7961.625104904175,4.423125058280097,0.6928742113147971,synthetic_manning_scenario,0,first_eligible_inlet_on_d8_path
060_090,rajendra_nagar_heavy_rain_demo,60,90,1800,RN_INLET_00076,RN_DNODE_00206,RN_DRAIN_00517,RN_ROAD_00213,112,91,105.52500343322754,0.05862500190734863,0.03485428291526828,synthetic_manning_scenario,0,first_eligible_inlet_on_d8_path
060_090,rajendra_nagar_heavy_rain_demo,60,90,1800,RN_INLET_00077,RN_DNODE_00207,RN_DRAIN_00488,RN_ROAD_00233,109,91,155.92500495910645,0.08662500275505913,0.9868943284982327,synthetic_manning_scenario,0,first_eligible_inlet_on_d8_path
060_090,rajendra_nagar_heavy_rain_demo,60,90,1800,RN_INLET_00079,RN_DNODE_00225,RN_DRAIN_00192,RN_ROAD_00289,85,91,36.22500228881836,0.020125001271565756,0.02637752433631995,synthetic_manning_scenario,0,first_eligible_inlet_on_d8_path
060_090,rajendra_nagar_heavy_rain_demo,60,90,1800,RN_INLET_00081,RN_DNODE_00233,RN_DRAIN_00518,RN_ROAD_00213,112,92,111.82500267028809,0.06212500148349338,0.14235556684174894,synthetic_manning_scenario,0,first_eligible_inlet_on_d8_path
060_090,rajendra_nagar_heavy_rain_demo,60,90,1800,RN_INLET_00082,RN_DNODE_00234,RN_DRAIN_00489,RN_ROAD_00233,109,92,286.65000343322754,0.15925000190734864,0.5313346491245258,synthetic_manning_scenario,0,first_eligible_inlet_on_d8_path
060_090,rajendra_nagar_heavy_rain_demo,60,90,1800,RN_INLET_00084,RN_DNODE_00254,RN_DRAIN_00519,RN_ROAD_00213,112,93,26.775001525878906,0.014875000847710504,0.16694910080064143,synthetic_manning_scenario,0,first_eligible_inlet_on_d8_path
060_090,rajendra_nagar_heavy_rain_demo,60,90,1800,RN_INLET_00087,RN_DNODE_00262,RN_DRAIN_00520,RN_ROAD_00213,112,94,26.775001525878906,0.014875000847710504,0.19028600529539347,synthetic_manning_scenario,0,first_eligible_inlet_on_d8_path
060_090,rajendra_nagar_heavy_rain_demo,60,90,1800,RN_INLET_00089,RN_DNODE_00264,RN_DRAIN_00499,RN_ROAD_00221,110,94,26.775001525878906,0.014875000847710504,0.18405199949807394,synthetic_manning_scenario,0,first_eligible_inlet_on_d8_path
060_090,rajendra_nagar_heavy_rain_demo,60,90,1800,RN_INLET_00091,RN_DNODE_00266,RN_DRAIN_00407,RN_ROAD_00236,102,94,162.22500801086426,0.09012500445048015,1.4328865124290238,synthetic_manning_scenario,0,first_eligible_inlet_on_d8_path
060_090,rajendra_nagar_heavy_rain_demo,60,90,1800,RN_INLET_00092,RN_DNODE_00271,RN_DRAIN_00521,RN_ROAD_00206,112,95,55.12500190734863,0.03062500105963813,0.0954195777470258,synthetic_manning_scenario,0,first_eligible_inlet_on_d8_path
060_090,rajendra_nagar_heavy_rain_demo,60,90,1800,RN_INLET_00094,RN_DNODE_00273,RN_DRAIN_00500,RN_ROAD_00221,110,95,127.57500648498535,0.07087500360276965,0.3882542420713991,synthetic_manning_scenario,0,first_eligible_inlet_on_d8_path
060_090,rajendra_nagar_heavy_rain_demo,60,90,1800,RN_INLET_00095,RN_DNODE_00274,RN_DRAIN_00408,RN_ROAD_00238,102,95,81.90000343322754,0.04550000190734863,0.3305358790663851,synthetic_manning_scenario,0,first_eligible_inlet_on_d8_path
060_090,rajendra_nagar_heavy_rain_demo,60,90,1800,RN_INLET_00096,RN_DNODE_00278,RN_DRAIN_00522,RN_ROAD_00206,112,96,302.40001106262207,0.16800000614590116,0.4808041363512746,synthetic_manning_scenario,0,first_eligible_inlet_on_d8_path
060_090,rajendra_nagar_heavy_rain_demo,60,90,1800,RN_INLET_00097,RN_DNODE_00279,RN_DRAIN_00409,RN_ROAD_00237,102,96,108.67500495910645,0.06037500275505914,0.30124813859248456,synthetic_manning_scenario,0,first_eligible_inlet_on_d8_path
060_090,rajendra_nagar_heavy_rain_demo,60,90,1800,RN_INLET_00098,RN_DNODE_00284,RN_DRAIN_00523,RN_ROAD_00204,112,97,105.52500343322754,0.05862500190734863,0.8030954072736205,synthetic_manning_scenario,0,first_eligible_inlet_on_d8_path
060_090,rajendra_nagar_heavy_rain_demo,60,90,1800,RN_INLET_00099,RN_DNODE_00285,RN_DRAIN_00417,RN_ROAD_00226,103,97,198.45000457763672,0.11025000254313151,0.30116185815577506,synthetic_manning_scenario,0,first_eligible_inlet_on_d8_path
060_090,rajendra_nagar_heavy_rain_demo,60,90,1800,RN_INLET_00100,RN_DNODE_00287,RN_DRAIN_00166,RN_ROAD_00530,83,97,80.32500457763672,0.04462500254313151,0.03484430030503481,synthetic_manning_scenario,0,first_eligible_inlet_on_d8_path
060_090,rajendra_nagar_heavy_rain_demo,60,90,1800,RN_INLET_00101,RN_DNODE_00288,RN_DRAIN_00141,RN_ROAD_00547,81,97,302.40001106262207,0.16800000614590116,1.2603351041610837,synthetic_manning_scenario,0,first_eligible_inlet_on_d8_path
060_090,rajendra_nagar_heavy_rain_demo,60,90,1800,RN_INLET_00102,RN_DNODE_00289,RN_DRAIN_00129,RN_ROAD_00547,80,97,53.55000305175781,0.029750001695421007,0.12733816465846753,synthetic_manning_scenario,0,first_eligible_inlet_on_d8_path
060_090,rajendra_nagar_heavy_rain_demo,60,90,1800,RN_INLET_00103,RN_DNODE_00295,RN_DRAIN_00524,RN_ROAD_00004,112,98,240.9750099182129,0.13387500551011827,0.4840443716707854,synthetic_manning_scenario,0,first_eligible_inlet_on_d8_path
060_090,rajendra_nagar_heavy_rain_demo,60,90,1800,RN_INLET_00104,RN_DNODE_00296,RN_DRAIN_00428,RN_ROAD_00036,104,98,281.9250068664551,0.15662500381469727,0.30116185815577506,synthetic_manning_scenario,0,first_eligible_inlet_on_d8_path
060_090,rajendra_nagar_heavy_rain_demo,60,90,1800,RN_INLET_00105,RN_DNODE_00297,RN_DRAIN_00418,RN_ROAD_00040,103,98,53.55000305175781,0.029750001695421007,0.03485428291526828,synthetic_manning_scenario,0,first_eligible_inlet_on_d8_path
060_090,rajendra_nagar_heavy_rain_demo,60,90,1800,RN_INLET_00106,RN_DNODE_00298,RN_DRAIN_00393,RN_ROAD_00053,101,98,803.2500381469727,0.4462500211927626,0.09803784543033917,synthetic_manning_scenario,0,first_eligible_inlet_on_d8_path
060_090,rajendra_nagar_heavy_rain_demo,60,90,1800,RN_INLET_00107,RN_DNODE_00299,RN_DRAIN_00206,RN_ROAD_00344,86,98,108.67500495910645,0.06037500275505914,0.02637752433631995,synthetic_manning_scenario,0,first_eligible_inlet_on_d8_path
060_090,rajendra_nagar_heavy_rain_demo,60,90,1800,RN_INLET_00108,RN_DNODE_00300,RN_DRAIN_00193,RN_ROAD_00527,85,98,81.90000343322754,0.04550000190734863,0.03485428291526828,synthetic_manning_scenario,0,first_eligible_inlet_on_d8_path
060_090,rajendra_nagar_heavy_rain_demo,60,90,1800,RN_INLET_00112,RN_DNODE_00304,RN_DRAIN_00130,RN_ROAD_00547,80,98,103.95000457763672,0.057750002543131514,1.0620185911123488,synthetic_manning_scenario,0,first_eligible_inlet_on_d8_path
060_090,rajendra_nagar_heavy_rain_demo,60,90,1800,RN_INLET_00114,RN_DNODE_00314,RN_DRAIN_00441,RN_ROAD_00033,105,99,107.10000610351562,0.059500003390842014,0.30116185815577506,synthetic_manning_scenario,0,first_eligible_inlet_on_d8_path
060_090,rajendra_nagar_heavy_rain_demo,60,90,1800,RN_INLET_00115,RN_DNODE_00315,RN_DRAIN_00429,RN_ROAD_00033,104,99,53.55000305175781,0.029750001695421007,0.03485428291526828,synthetic_manning_scenario,0,first_eligible_inlet_on_d8_path
060_090,rajendra_nagar_heavy_rain_demo,60,90,1800,RN_INLET_00118,RN_DNODE_00318,RN_DRAIN_00194,RN_ROAD_00347,85,99,1442.7000427246094,0.8015000237358941,0.30116185815577506,synthetic_manning_scenario,0,first_eligible_inlet_on_d8_path
060_090,rajendra_nagar_heavy_rain_demo,60,90,1800,RN_INLET_00119,RN_DNODE_00319,RN_DRAIN_00182,RN_ROAD_00348,84,99,81.90000343322754,0.04550000190734863,0.03484430030503481,synthetic_manning_scenario,0,first_eligible_inlet_on_d8_path
060_090,rajendra_nagar_heavy_rain_demo,60,90,1800,RN_INLET_00121,RN_DNODE_00328,RN_DRAIN_00530,RN_ROAD_00002,113,100,55.12500190734863,0.03062500105963813,0.1272696969192279,synthetic_manning_scenario,0,first_eligible_inlet_on_d8_path
060_090,rajendra_nagar_heavy_rain_demo,60,90,1800,RN_INLET_00122,RN_DNODE_00329,RN_DRAIN_00453,RN_ROAD_00034,106,100,817.4250373840332,0.4541250207689073,0.02637752433631995,synthetic_manning_scenario,0,first_eligible_inlet_on_d8_path
060_090,rajendra_nagar_heavy_rain_demo,60,90,1800,RN_INLET_00123,RN_DNODE_00330,RN_DRAIN_00442,RN_ROAD_00034,105,100,26.775001525878906,0.014875000847710504,0.30124813859248456,synthetic_manning_scenario,0,first_eligible_inlet_on_d8_path
060_090,rajendra_nagar_heavy_rain_demo,60,90,1800,RN_INLET_00124,RN_DNODE_00333,RN_DRAIN_00131,RN_ROAD_00634,80,100,85.05000114440918,0.04725000063578288,0.22781081406408252,synthetic_manning_scenario,0,first_eligible_inlet_on_d8_path
060_090,rajendra_nagar_heavy_rain_demo,60,90,1800,RN_INLET_00125,RN_DNODE_00339,RN_DRAIN_00534,RN_ROAD_00011,114,101,218.9250030517578,0.12162500169542101,1.0125751333185353,synthetic_manning_scenario,0,first_eligible_inlet_on_d8_path
060_090,rajendra_nagar_heavy_rain_demo,60,90,1800,RN_INLET_00126,RN_DNODE_00340,RN_DRAIN_00531,RN_ROAD_00003,113,101,154.35000610351562,0.08575000339084202,0.03485428291526828,synthetic_manning_scenario,0,first_eligible_inlet_on_d8_path
060_090,rajendra_nagar_heavy_rain_demo,60,90,1800,RN_INLET_00127,RN_DNODE_00341,RN_DRAIN_00443,RN_ROAD_00034,105,101,229.95000648498535,0.12775000360276964,0.5674438686929558,synthetic_manning_scenario,0,first_eligible_inlet_on_d8_path
060_090,rajendra_nagar_heavy_rain_demo,60,90,1800,RN_INLET_00128,RN_DNODE_00344,RN_DRAIN_00142,RN_ROAD_00353,81,101,240.97500610351562,0.13387500339084202,0.10542103561186149,synthetic_manning_scenario,0,first_eligible_inlet_on_d8_path
060_090,rajendra_nagar_heavy_rain_demo,60,90,1800,RN_INLET_00129,RN_DNODE_00348,RN_DRAIN_00444,RN_ROAD_00035,105,102,81.90000343322754,0.04550000190734863,1.036783363348529,synthetic_manning_scenario,0,first_eligible_inlet_on_d8_path
060_090,rajendra_nagar_heavy_rain_demo,60,90,1800,RN_INLET_00131,RN_DNODE_00353,RN_DRAIN_00143,RN_ROAD_00388,81,102,103.95000076293945,0.05775000042385525,0.03485428291526828,synthetic_manning_scenario,0,first_eligible_inlet_on_d8_path
060_090,rajendra_nagar_heavy_rain_demo,60,90,1800,RN_INLET_00132,RN_DNODE_00356,RN_DRAIN_00454,RN_ROAD_00017,106,103,130.72500610351562,0.07262500339084202,1.4082442328435159,synthetic_manning_scenario,0,first_eligible_inlet_on_d8_path
060_090,rajendra_nagar_heavy_rain_demo,60,90,1800,RN_INLET_00134,RN_DNODE_00359,RN_DRAIN_00208,RN_ROAD_00356,86,103,576.450023651123,0.3202500131395128,0.09006678976697921,synthetic_manning_scenario,0,first_eligible_inlet_on_d8_path
060_090,rajendra_nagar_heavy_rain_demo,60,90,1800,RN_INLET_00135,RN_DNODE_00360,RN_DRAIN_00144,RN_ROAD_00388,81,103,80.32500076293945,0.044625000423855254,0.10887560820568472,synthetic_manning_scenario,0,first_eligible_inlet_on_d8_path
060_090,rajendra_nagar_heavy_rain_demo,60,90,1800,RN_INLET_00136,RN_DNODE_00362,RN_DRAIN_00455,RN_ROAD_00016,106,104,441.00001335144043,0.24500000741746691,0.3425817481644578,synthetic_manning_scenario,0,first_eligible_inlet_on_d8_path
060_090,rajendra_nagar_heavy_rain_demo,60,90,1800,RN_INLET_00137,RN_DNODE_00364,RN_DRAIN_00277,RN_ROAD_00302,91,104,2709.000082015991,1.5050000455644397,0.30116185815577506,synthetic_manning_scenario,0,first_eligible_inlet_on_d8_path
060_090,rajendra_nagar_heavy_rain_demo,60,90,1800,RN_INLET_00138,RN_DNODE_00365,RN_DRAIN_00145,RN_ROAD_00388,81,104,133.87500381469727,0.07437500211927627,0.21676002461835764,synthetic_manning_scenario,0,first_eligible_inlet_on_d8_path
060_090,rajendra_nagar_heavy_rain_demo,60,90,1800,RN_INLET_00144,RN_DNODE_00375,RN_DRAIN_00318,RN_ROAD_00298,94,106,53.55000305175781,0.029750001695421007,0.03485428291526828,synthetic_manning_scenario,0,first_eligible_inlet_on_d8_path
060_090,rajendra_nagar_heavy_rain_demo,60,90,1800,RN_INLET_00145,RN_DNODE_00378,RN_DRAIN_00146,RN_ROAD_00388,81,106,165.3750057220459,0.0918750031789144,0.12524186330580878,synthetic_manning_scenario,0,first_eligible_inlet_on_d8_path
060_090,rajendra_nagar_heavy_rain_demo,60,90,1800,RN_INLET_00146,RN_DNODE_00382,RN_DRAIN_00476,RN_ROAD_00014,108,107,53.55000305175781,0.029750001695421007,1.5879626023456346,synthetic_manning_scenario,0,first_eligible_inlet_on_d8_path
060_090,rajendra_nagar_heavy_rain_demo,60,90,1800,RN_INLET_00148,RN_DNODE_00386,RN_DRAIN_00159,RN_ROAD_00386,82,107,138.600004196167,0.07700000233120388,0.06828671863062642,synthetic_manning_scenario,0,first_eligible_inlet_on_d8_path
060_090,rajendra_nagar_heavy_rain_demo,60,90,1800,RN_INLET_00149,RN_DNODE_00391,RN_DRAIN_00477,RN_ROAD_00011,108,108,937.1250076293945,0.5206250042385525,0.30124813859248456,synthetic_manning_scenario,0,first_eligible_inlet_on_d8_path
060_090,rajendra_nagar_heavy_rain_demo,60,90,1800,RN_INLET_00150,RN_DNODE_00392,RN_DRAIN_00466,RN_ROAD_00014,107,108,277.20000648498535,0.15400000360276964,0.03484430030503481,synthetic_manning_scenario,0,first_eligible_inlet_on_d8_path
060_090,rajendra_nagar_heavy_rain_demo,60,90,1800,RN_INLET_00152,RN_DNODE_00395,RN_DRAIN_00306,RN_ROAD_00089,93,108,77.17500305175781,0.04287500169542101,0.02637752433631995,synthetic_manning_scenario,0,first_eligible_inlet_on_d8_path
060_090,rajendra_nagar_heavy_rain_demo,60,90,1800,RN_INLET_00153,RN_DNODE_00396,RN_DRAIN_00291,RN_ROAD_00089,92,108,1208.025047302246,0.6711250262790256,0.1120128954947173,synthetic_manning_scenario,0,first_eligible_inlet_on_d8_path
060_090,rajendra_nagar_heavy_rain_demo,60,90,1800,RN_INLET_00154,RN_DNODE_00397,RN_DRAIN_00169,RN_ROAD_00385,83,108,374.8500175476074,0.20825000974867078,0.03484430030503481,synthetic_manning_scenario,0,first_eligible_inlet_on_d8_path
060_090,rajendra_nagar_heavy_rain_demo,60,90,1800,RN_INLET_00155,RN_DNODE_00404,RN_DRAIN_00478,RN_ROAD_00011,108,109,50.400001525878906,0.028000000847710503,0.30124813859248456,synthetic_manning_scenario,0,first_eligible_inlet_on_d8_path
060_090,rajendra_nagar_heavy_rain_demo,60,90,1800,RN_INLET_00156,RN_DNODE_00405,RN_DRAIN_00467,RN_ROAD_00014,107,109,26.775001525878906,0.014875000847710504,0.03484430030503481,synthetic_manning_scenario,0,first_eligible_inlet_on_d8_path
060_090,rajendra_nagar_heavy_rain_demo,60,90,1800,RN_INLET_00158,RN_DNODE_00407,RN_DRAIN_00170,RN_ROAD_00363,83,109,105.52500343322754,0.05862500190734863,0.03485428291526828,synthetic_manning_scenario,0,first_eligible_inlet_on_d8_path
060_090,rajendra_nagar_heavy_rain_demo,60,90,1800,RN_INLET_00159,RN_DNODE_00408,RN_DRAIN_00035,RN_ROAD_00629,72,109,189.0000057220459,0.10500000317891439,0.03484430030503481,synthetic_manning_scenario,0,first_eligible_inlet_on_d8_path
060_090,rajendra_nagar_heavy_rain_demo,60,90,1800,RN_INLET_00160,RN_DNODE_00411,RN_DRAIN_00479,RN_ROAD_00024,108,110,181.12500762939453,0.10062500423855252,0.30124813859248456,synthetic_manning_scenario,0,first_eligible_inlet_on_d8_path
060_090,rajendra_nagar_heavy_rain_demo,60,90,1800,RN_INLET_00161,RN_DNODE_00412,RN_DRAIN_00468,RN_ROAD_00026,107,110,50.400001525878906,0.028000000847710503,0.03484430030503481,synthetic_manning_scenario,0,first_eligible_inlet_on_d8_path
060_090,rajendra_nagar_heavy_rain_demo,60,90,1800,RN_INLET_00163,RN_DNODE_00414,RN_DRAIN_00171,RN_ROAD_00374,83,110,78.75000190734863,0.04375000105963813,0.09781403471816273,synthetic_manning_scenario,0,first_eligible_inlet_on_d8_path
060_090,rajendra_nagar_heavy_rain_demo,60,90,1800,RN_INLET_00164,RN_DNODE_00415,RN_DRAIN_00069,RN_ROAD_00625,76,110,770.1750259399414,0.42787501441107856,0.13572767824149176,synthetic_manning_scenario,0,first_eligible_inlet_on_d8_path
060_090,rajendra_nagar_heavy_rain_demo,60,90,1800,RN_INLET_00165,RN_DNODE_00417,RN_DRAIN_00051,RN_ROAD_00625,74,110,99.22500038146973,0.05512500021192763,0.11248088992987894,synthetic_manning_scenario,0,first_eligible_inlet_on_d8_path
060_090,rajendra_nagar_heavy_rain_demo,60,90,1800,RN_INLET_00166,RN_DNODE_00418,RN_DRAIN_00043,RN_ROAD_00628,73,110,259.8750057220459,0.14437500317891439,0.03484430030503481,synthetic_manning_scenario,0,first_eligible_inlet_on_d8_path
060_090,rajendra_nagar_heavy_rain_demo,60,90,1800,RN_INLET_00167,RN_DNODE_00420,RN_DRAIN_00480,RN_ROAD_00024,108,111,26.775001525878906,0.014875000847710504,0.4455532640291579,synthetic_manning_scenario,0,first_eligible_inlet_on_d8_path
060_090,rajendra_nagar_heavy_rain_demo,60,90,1800,RN_INLET_00169,RN_DNODE_00423,RN_DRAIN_00183,RN_ROAD_00370,84,111,285.07501220703125,0.15837500678168404,0.04832201195748927,synthetic_manning_scenario,0,first_eligible_inlet_on_d8_path
060_090,rajendra_nagar_heavy_rain_demo,60,90,1800,RN_INLET_00170,RN_DNODE_00425,RN_DRAIN_00493,RN_ROAD_00024,109,112,689.8500137329102,0.38325000762939454,0.36701701471119386,synthetic_manning_scenario,0,first_eligible_inlet_on_d8_path
060_090,rajendra_nagar_heavy_rain_demo,60,90,1800,RN_INLET_00171,RN_DNODE_00426,RN_DRAIN_00481,RN_ROAD_00025,108,112,26.775001525878906,0.014875000847710504,0.11954287044878092,synthetic_manning_scenario,0,first_eligible_inlet_on_d8_path
060_090,rajendra_nagar_heavy_rain_demo,60,90,1800,RN_INLET_00172,RN_DNODE_00427,RN_DRAIN_00457,RN_ROAD_00105,106,112,926.100019454956,0.5145000108083089,0.03484430030503481,synthetic_manning_scenario,0,first_eligible_inlet_on_d8_path
060_090,rajendra_nagar_heavy_rain_demo,60,90,1800,RN_INLET_00173,RN_DNODE_00428,RN_DRAIN_00344,RN_ROAD_00086,95,112,50.400001525878906,0.028000000847710503,0.03485428291526828,synthetic_manning_scenario,0,first_eligible_inlet_on_d8_path
060_090,rajendra_nagar_heavy_rain_demo,60,90,1800,RN_INLET_00174,RN_DNODE_00430,RN_DRAIN_00184,RN_ROAD_00369,84,112,77.17500305175781,0.04287500169542101,0.1515365242075139,synthetic_manning_scenario,0,first_eligible_inlet_on_d8_path
060_090,rajendra_nagar_heavy_rain_demo,60,90,1800,RN_INLET_00175,RN_DNODE_00433,RN_DRAIN_00494,RN_ROAD_00025,109,113,50.400001525878906,0.028000000847710503,0.0980023540468388,synthetic_manning_scenario,0,first_eligible_inlet_on_d8_path
060_090,rajendra_nagar_heavy_rain_demo,60,90,1800,RN_INLET_00177,RN_DNODE_00435,RN_DRAIN_00322,RN_ROAD_00086,94,113,155.92500495910645,0.08662500275505913,0.30124813859248456,synthetic_manning_scenario,0,first_eligible_inlet_on_d8_path
060_090,rajendra_nagar_heavy_rain_demo,60,90,1800,RN_INLET_00178,RN_DNODE_00437,RN_DRAIN_00172,RN_ROAD_00373,83,113,784.3500289916992,0.43575001610649955,0.05158812602898853,synthetic_manning_scenario,0,first_eligible_inlet_on_d8_path
060_090,rajendra_nagar_heavy_rain_demo,60,90,1800,RN_INLET_00179,RN_DNODE_00438,RN_DRAIN_00528,RN_ROAD_00103,112,114,285.07501220703125,0.15837500678168404,0.22658585121858213,synthetic_manning_scenario,0,first_eligible_inlet_on_d8_path
060_090,rajendra_nagar_heavy_rain_demo,60,90,1800,RN_INLET_00180,RN_DNODE_00439,RN_DRAIN_00323,RN_ROAD_00172,94,114,26.775001525878906,0.014875000847710504,0.30124813859248456,synthetic_manning_scenario,0,first_eligible_inlet_on_d8_path
060_090,rajendra_nagar_heavy_rain_demo,60,90,1800,RN_INLET_00181,RN_DNODE_00440,RN_DRAIN_00308,RN_ROAD_00173,93,114,53.55000305175781,0.029750001695421007,0.03485428291526828,synthetic_manning_scenario,0,first_eligible_inlet_on_d8_path
060_090,rajendra_nagar_heavy_rain_demo,60,90,1800,RN_INLET_00182,RN_DNODE_00441,RN_DRAIN_00005,RN_ROAD_00604,68,114,103.95000457763672,0.057750002543131514,0.02637752433631995,synthetic_manning_scenario,0,first_eligible_inlet_on_d8_path
060_090,rajendra_nagar_heavy_rain_demo,60,90,1800,RN_INLET_00184,RN_DNODE_00446,RN_DRAIN_00345,RN_ROAD_00168,95,115,179.55000495910645,0.09975000275505913,0.6085297810986018,synthetic_manning_scenario,0,first_eligible_inlet_on_d8_path
060_090,rajendra_nagar_heavy_rain_demo,60,90,1800,RN_INLET_00185,RN_DNODE_00447,RN_DRAIN_00309,RN_ROAD_00173,93,115,538.6500148773193,0.2992500082651774,0.30116185815577506,synthetic_manning_scenario,0,first_eligible_inlet_on_d8_path
060_090,rajendra_nagar_heavy_rain_demo,60,90,1800,RN_INLET_00186,RN_DNODE_00448,RN_DRAIN_00292,RN_ROAD_00174,92,115,162.225004196167,0.09012500233120388,0.02637752433631995,synthetic_manning_scenario,0,first_eligible_inlet_on_d8_path
060_090,rajendra_nagar_heavy_rain_demo,60,90,1800,RN_INLET_00187,RN_DNODE_00449,RN_DRAIN_00011,RN_ROAD_00603,69,115,190.57500457763672,0.10587500254313151,0.41271576218229383,synthetic_manning_scenario,0,first_eligible_inlet_on_d8_path
060_090,rajendra_nagar_heavy_rain_demo,60,90,1800,RN_INLET_00188,RN_DNODE_00450,RN_DRAIN_00006,RN_ROAD_00608,68,115,26.775001525878906,0.014875000847710504,0.09631698738212754,synthetic_manning_scenario,0,first_eligible_inlet_on_d8_path
060_090,rajendra_nagar_heavy_rain_demo,60,90,1800,RN_INLET_00189,RN_DNODE_00452,RN_DRAIN_00374,RN_ROAD_00141,99,116,152.77500343322754,0.08487500190734863,0.100407978859947,synthetic_manning_scenario,0,first_eligible_inlet_on_d8_path
060_090,rajendra_nagar_heavy_rain_demo,60,90,1800,RN_INLET_00190,RN_DNODE_00453,RN_DRAIN_00367,RN_ROAD_00141,98,116,55.12500190734863,0.03062500105963813,0.12282979632326015,synthetic_manning_scenario,0,first_eligible_inlet_on_d8_path
060_090,rajendra_nagar_heavy_rain_demo,60,90,1800,RN_INLET_00191,RN_DNODE_00454,RN_DRAIN_00359,RN_ROAD_00143,97,116,733.9500141143799,0.40775000784132215,0.48087166299014095,synthetic_manning_scenario,0,first_eligible_inlet_on_d8_path
060_090,rajendra_nagar_heavy_rain_demo,60,90,1800,RN_INLET_00193,RN_DNODE_00456,RN_DRAIN_00016,RN_ROAD_00602,70,116,398.4750099182129,0.22137500551011827,0.12723324562335805,synthetic_manning_scenario,0,first_eligible_inlet_on_d8_path
060_090,rajendra_nagar_heavy_rain_demo,60,90,1800,RN_INLET_00194,RN_DNODE_00457,RN_DRAIN_00375,RN_ROAD_00140,99,117,26.775001525878906,0.014875000847710504,0.17518330495315723,synthetic_manning_scenario,0,first_eligible_inlet_on_d8_path
060_090,rajendra_nagar_heavy_rain_demo,60,90,1800,RN_INLET_00195,RN_DNODE_00458,RN_DRAIN_00368,RN_ROAD_00143,98,117,596.9250221252441,0.3316250122918023,0.391656185493259,synthetic_manning_scenario,0,first_eligible_inlet_on_d8_path
060_090,rajendra_nagar_heavy_rain_demo,60,90,1800,RN_INLET_00196,RN_DNODE_00460,RN_DRAIN_00077,RN_ROAD_00472,77,117,81.90000343322754,0.04550000190734863,0.1272696969192279,synthetic_manning_scenario,0,first_eligible_inlet_on_d8_path
060_090,rajendra_nagar_heavy_rain_demo,60,90,1800,RN_INLET_00197,RN_DNODE_00461,RN_DRAIN_00070,RN_ROAD_00473,76,117,80.32500457763672,0.04462500254313151,0.3887914862481728,synthetic_manning_scenario,0,first_eligible_inlet_on_d8_path
060_090,rajendra_nagar_heavy_rain_demo,60,90,1800,RN_INLET_00198,RN_DNODE_00462,RN_DRAIN_00061,RN_ROAD_00473,75,117,77.17500305175781,0.04287500169542101,0.27705159099154153,synthetic_manning_scenario,0,first_eligible_inlet_on_d8_path
060_090,rajendra_nagar_heavy_rain_demo,60,90,1800,RN_INLET_00199,RN_DNODE_00463,RN_DRAIN_00052,RN_ROAD_00599,74,117,574.8750171661377,0.31937500953674314,0.1272696969192279,synthetic_manning_scenario,0,first_eligible_inlet_on_d8_path
060_090,rajendra_nagar_heavy_rain_demo,60,90,1800,RN_INLET_00200,RN_DNODE_00464,RN_DRAIN_00044,RN_ROAD_00598,73,117,83.47500228881836,0.046375001271565755,0.642398926061122,synthetic_manning_scenario,0,first_eligible_inlet_on_d8_path
060_090,rajendra_nagar_heavy_rain_demo,60,90,1800,RN_INLET_00201,RN_DNODE_00465,RN_DRAIN_00036,RN_ROAD_00598,72,117,97.6500015258789,0.054250000847710506,0.5725232749926845,synthetic_manning_scenario,0,first_eligible_inlet_on_d8_path
060_090,rajendra_nagar_heavy_rain_demo,60,90,1800,RN_INLET_00202,RN_DNODE_00466,RN_DRAIN_00029,RN_ROAD_00602,71,117,83.47500228881836,0.046375001271565755,0.12723324562335805,synthetic_manning_scenario,0,first_eligible_inlet_on_d8_path
060_090,rajendra_nagar_heavy_rain_demo,60,90,1800,RN_INLET_00203,RN_DNODE_00467,RN_DRAIN_00017,RN_ROAD_00607,70,117,515.0250148773193,0.2861250082651774,0.03485428291526828,synthetic_manning_scenario,0,first_eligible_inlet_on_d8_path
060_090,rajendra_nagar_heavy_rain_demo,60,90,1800,RN_INLET_00204,RN_DNODE_00468,RN_DRAIN_00394,RN_ROAD_00104,101,118,1219.0500202178955,0.6772500112321642,0.18293911365381266,synthetic_manning_scenario,0,first_eligible_inlet_on_d8_path
060_090,rajendra_nagar_heavy_rain_demo,60,90,1800,RN_INLET_00205,RN_DNODE_00469,RN_DRAIN_00383,RN_ROAD_00109,100,118,133.87500762939453,0.07437500423855252,0.1353812142771686,synthetic_manning_scenario,0,first_eligible_inlet_on_d8_path
060_090,rajendra_nagar_heavy_rain_demo,60,90,1800,RN_INLET_00206,RN_DNODE_00470,RN_DRAIN_00324,RN_ROAD_00171,94,118,705.6000270843506,0.39200001504686144,0.9125867707273617,synthetic_manning_scenario,0,first_eligible_inlet_on_d8_path
060_090,rajendra_nagar_heavy_rain_demo,60,90,1800,RN_INLET_00207,RN_DNODE_00471,RN_DRAIN_00133,RN_ROAD_00467,80,118,55.12500190734863,0.03062500105963813,0.03485428291526828,synthetic_manning_scenario,0,first_eligible_inlet_on_d8_path
060_090,rajendra_nagar_heavy_rain_demo,60,90,1800,RN_INLET_00208,RN_DNODE_00472,RN_DRAIN_00119,RN_ROAD_00468,79,118,53.55000305175781,0.029750001695421007,0.1272696969192279,synthetic_manning_scenario,0,first_eligible_inlet_on_d8_path
060_090,rajendra_nagar_heavy_rain_demo,60,90,1800,RN_INLET_00209,RN_DNODE_00473,RN_DRAIN_00102,RN_ROAD_00468,78,118,133.87500381469727,0.07437500211927627,0.12723324562335805,synthetic_manning_scenario,0,first_eligible_inlet_on_d8_path
060_090,rajendra_nagar_heavy_rain_demo,60,90,1800,RN_INLET_00212,RN_DNODE_00477,RN_DRAIN_00195,RN_ROAD_00437,85,119,81.90000343322754,0.04550000190734863,0.03485428291526828,synthetic_manning_scenario,0,first_eligible_inlet_on_d8_path
060_090,rajendra_nagar_heavy_rain_demo,60,90,1800,RN_INLET_00213,RN_DNODE_00478,RN_DRAIN_00185,RN_ROAD_00437,84,119,83.47500228881836,0.046375001271565755,0.03485428291526828,synthetic_manning_scenario,0,first_eligible_inlet_on_d8_path
060_090,rajendra_nagar_heavy_rain_demo,60,90,1800,RN_INLET_00214,RN_DNODE_00479,RN_DRAIN_00173,RN_ROAD_00442,83,119,81.90000343322754,0.04550000190734863,0.09995654869004258,synthetic_manning_scenario,0,first_eligible_inlet_on_d8_path
060_090,rajendra_nagar_heavy_rain_demo,60,90,1800,RN_INLET_00215,RN_DNODE_00480,RN_DRAIN_00160,RN_ROAD_00454,82,119,83.47500228881836,0.046375001271565755,0.06233696028667062,synthetic_manning_scenario,0,first_eligible_inlet_on_d8_path
060_090,rajendra_nagar_heavy_rain_demo,60,90,1800,RN_INLET_00216,RN_DNODE_00481,RN_DRAIN_00147,RN_ROAD_00457,81,119,239.4000072479248,0.1330000040266249,0.03485428291526828,synthetic_manning_scenario,0,first_eligible_inlet_on_d8_path
060_090,rajendra_nagar_heavy_rain_demo,60,90,1800,RN_INLET_00217,RN_DNODE_00482,RN_DRAIN_00134,RN_ROAD_00457,80,119,53.55000305175781,0.029750001695421007,0.03484430030503481,synthetic_manning_scenario,0,first_eligible_inlet_on_d8_path
060_090,rajendra_nagar_heavy_rain_demo,60,90,1800,RN_INLET_00219,RN_DNODE_00486,RN_DRAIN_00209,RN_ROAD_00401,86,120,866.250036239624,0.48125002013312446,0.03484430030503481,synthetic_manning_scenario,0,first_eligible_inlet_on_d8_path
060_090,rajendra_nagar_heavy_rain_demo,60,90,1800,RN_INLET_00221,RN_DNODE_00489,RN_DRAIN_00327,RN_ROAD_00162,94,121,133.87500762939453,0.07437500423855252,0.5266848835674651,synthetic_manning_scenario,0,first_eligible_inlet_on_d8_path
060_090,rajendra_nagar_heavy_rain_demo,60,90,1800,RN_INLET_00224,RN_DNODE_00493,RN_DRAIN_00328,RN_ROAD_00161,94,122,3012.9750595092773,1.6738750330607097,1.73635575785819,synthetic_manning_scenario,0,first_eligible_inlet_on_d8_path
060_090,rajendra_nagar_heavy_rain_demo,60,90,1800,RN_INLET_00227,RN_DNODE_00500,RN_DRAIN_00360,RN_ROAD_00153,97,126,201.60000610351562,0.11200000339084201,0.1948011871441529,synthetic_manning_scenario,0,first_eligible_inlet_on_d8_path
060_090,rajendra_nagar_heavy_rain_demo,60,90,1800,RN_INLET_00228,RN_DNODE_00503,RN_DRAIN_00062,RN_ROAD_00480,75,126,53.55000305175781,0.029750001695421007,0.03485428291526828,synthetic_manning_scenario,0,first_eligible_inlet_on_d8_path
060_090,rajendra_nagar_heavy_rain_demo,60,90,1800,RN_INLET_00229,RN_DNODE_00504,RN_DRAIN_00053,RN_ROAD_00480,74,126,1982.9250373840332,1.1016250207689073,0.15694054372586286,synthetic_manning_scenario,0,first_eligible_inlet_on_d8_path
060_090,rajendra_nagar_heavy_rain_demo,60,90,1800,RN_INLET_00231,RN_DNODE_00508,RN_DRAIN_00361,RN_ROAD_00153,97,127,270.90000343322754,0.15050000190734864,0.2317547361496302,synthetic_manning_scenario,0,first_eligible_inlet_on_d8_path
060_090,rajendra_nagar_heavy_rain_demo,60,90,1800,RN_INLET_00234,RN_DNODE_00518,RN_DRAIN_00395,RN_ROAD_00120,101,128,1077.3000240325928,0.5985000133514404,0.14778712746867345,synthetic_manning_scenario,0,first_eligible_inlet_on_d8_path
060_090,rajendra_nagar_heavy_rain_demo,60,90,1800,RN_INLET_00235,RN_DNODE_00519,RN_DRAIN_00362,RN_ROAD_00155,97,128,80.32500457763672,0.04462500254313151,0.17218079283976848,synthetic_manning_scenario,0,first_eligible_inlet_on_d8_path
060_090,rajendra_nagar_heavy_rain_demo,60,90,1800,RN_INLET_00236,RN_DNODE_00520,RN_DRAIN_00354,RN_ROAD_00155,96,128,124.42500305175781,0.069125001695421,0.8904712544361131,synthetic_manning_scenario,0,first_eligible_inlet_on_d8_path
060_090,rajendra_nagar_heavy_rain_demo,60,90,1800,RN_INLET_00237,RN_DNODE_00521,RN_DRAIN_00348,RN_ROAD_00155,95,128,23.625,0.013125,0.2764107810710812,synthetic_manning_scenario,0,first_eligible_inlet_on_d8_path
060_090,rajendra_nagar_heavy_rain_demo,60,90,1800,RN_INLET_00239,RN_DNODE_00527,RN_DRAIN_00355,RN_ROAD_00155,96,129,74.0250015258789,0.0411250008477105,0.18626342708702154,synthetic_manning_scenario,0,first_eligible_inlet_on_d8_path
060_090,rajendra_nagar_heavy_rain_demo,60,90,1800,RN_INLET_00240,RN_DNODE_00528,RN_DRAIN_00349,RN_ROAD_00155,95,129,26.775001525878906,0.014875000847710504,0.09203450505564478,synthetic_manning_scenario,0,first_eligible_inlet_on_d8_path
060_090,rajendra_nagar_heavy_rain_demo,60,90,1800,RN_INLET_00241,RN_DNODE_00529,RN_DRAIN_00335,RN_ROAD_00155,94,129,247.27500343322754,0.13737500190734864,0.19300346415305064,synthetic_manning_scenario,0,first_eligible_inlet_on_d8_path
060_090,rajendra_nagar_heavy_rain_demo,60,90,1800,RN_INLET_00242,RN_DNODE_00535,RN_DRAIN_00377,RN_ROAD_00123,99,130,77.17500305175781,0.04287500169542101,0.03485428291526828,synthetic_manning_scenario,0,first_eligible_inlet_on_d8_path
060_090,rajendra_nagar_heavy_rain_demo,60,90,1800,RN_INLET_00243,RN_DNODE_00536,RN_DRAIN_00369,RN_ROAD_00127,98,130,258.3000068664551,0.14350000381469727,0.18393770855067063,synthetic_manning_scenario,0,first_eligible_inlet_on_d8_path
060_090,rajendra_nagar_heavy_rain_demo,60,90,1800,RN_INLET_00245,RN_DNODE_00540,RN_DRAIN_00378,RN_ROAD_00123,99,131,160.65000534057617,0.08925000296698676,0.1348146985507728,synthetic_manning_scenario,0,first_eligible_inlet_on_d8_path
060_090,rajendra_nagar_heavy_rain_demo,60,90,1800,RN_INLET_00247,RN_DNODE_00544,RN_DRAIN_00384,RN_ROAD_00123,100,132,618.9750137329102,0.34387500762939455,0.15013191509707569,synthetic_manning_scenario,0,first_eligible_inlet_on_d8_path
060_090,rajendra_nagar_heavy_rain_demo,60,90,1800,RN_INLET_00248,RN_DNODE_00546,RN_DRAIN_00219,RN_ROAD_00407,87,132,711.9000129699707,0.3955000072055393,0.07396532506289491,synthetic_manning_scenario,0,first_eligible_inlet_on_d8_path
060_090,rajendra_nagar_heavy_rain_demo,60,90,1800,RN_INLET_00249,RN_DNODE_00547,RN_DRAIN_00385,RN_ROAD_00123,100,133,80.32500457763672,0.04462500254313151,0.03485428291526828,synthetic_manning_scenario,0,first_eligible_inlet_on_d8_path
060_090,rajendra_nagar_heavy_rain_demo,60,90,1800,RN_INLET_00250,RN_DNODE_00548,RN_DRAIN_00252,RN_ROAD_00183,89,133,477.2250118255615,0.2651250065697564,0.18704808214959012,synthetic_manning_scenario,0,first_eligible_inlet_on_d8_path
060_090,rajendra_nagar_heavy_rain_demo,60,90,1800,RN_INLET_00251,RN_DNODE_00549,RN_DRAIN_00386,RN_ROAD_00118,100,134,77.17500305175781,0.04287500169542101,0.03485428291526828,synthetic_manning_scenario,0,first_eligible_inlet_on_d8_path
060_090,rajendra_nagar_heavy_rain_demo,60,90,1800,RN_INLET_00253,RN_DNODE_00551,RN_DRAIN_00396,RN_ROAD_00115,101,135,154.35000610351562,0.08575000339084202,0.08345058337269148,synthetic_manning_scenario,0,first_eligible_inlet_on_d8_path
060_090,rajendra_nagar_heavy_rain_demo,60,90,1800,RN_INLET_00255,RN_DNODE_00553,RN_DRAIN_00397,RN_ROAD_00119,101,136,26.775001525878906,0.014875000847710504,0.16888414661568568,synthetic_manning_scenario,0,first_eligible_inlet_on_d8_path
060_090,rajendra_nagar_heavy_rain_demo,60,90,1800,RN_INLET_00258,RN_DNODE_00556,RN_DRAIN_00238,RN_ROAD_00184,88,137,103.95000457763672,0.057750002543131514,0.03484430030503481,synthetic_manning_scenario,0,first_eligible_inlet_on_d8_path
090_120,rajendra_nagar_heavy_rain_demo,90,120,1800,RN_INLET_00003,RN_DNODE_00003,RN_DRAIN_00198,RN_ROAD_00503,86,68,30.375001907348633,0.01687500105963813,0.03485428291526828,synthetic_manning_scenario,0,first_eligible_inlet_on_d8_path
090_120,rajendra_nagar_heavy_rain_demo,90,120,1800,RN_INLET_00004,RN_DNODE_00004,RN_DRAIN_00149,RN_ROAD_00520,82,68,87.7500057220459,0.04875000317891439,0.13705656053423662,synthetic_manning_scenario,0,first_eligible_inlet_on_d8_path
090_120,rajendra_nagar_heavy_rain_demo,90,120,1800,RN_INLET_00005,RN_DNODE_00007,RN_DRAIN_00199,RN_ROAD_00508,86,69,227.81251525878906,0.12656250847710504,0.03485428291526828,synthetic_manning_scenario,0,first_eligible_inlet_on_d8_path
090_120,rajendra_nagar_heavy_rain_demo,90,120,1800,RN_INLET_00006,RN_DNODE_00008,RN_DRAIN_00150,RN_ROAD_00522,82,69,28.687501907348633,0.01593750105963813,0.03485428291526828,synthetic_manning_scenario,0,first_eligible_inlet_on_d8_path
090_120,rajendra_nagar_heavy_rain_demo,90,120,1800,RN_INLET_00007,RN_DNODE_00010,RN_DRAIN_00200,RN_ROAD_00507,86,70,145.12500953674316,0.08062500529819065,0.03484430030503481,synthetic_manning_scenario,0,first_eligible_inlet_on_d8_path
090_120,rajendra_nagar_heavy_rain_demo,90,120,1800,RN_INLET_00008,RN_DNODE_00011,RN_DRAIN_00151,RN_ROAD_00522,82,70,320.62502098083496,0.17812501165601943,0.03485428291526828,synthetic_manning_scenario,0,first_eligible_inlet_on_d8_path
090_120,rajendra_nagar_heavy_rain_demo,90,120,1800,RN_INLET_00010,RN_DNODE_00015,RN_DRAIN_00210,RN_ROAD_00498,87,71,140.06250953674316,0.07781250529819064,0.03485428291526828,synthetic_manning_scenario,0,first_eligible_inlet_on_d8_path
090_120,rajendra_nagar_heavy_rain_demo,90,120,1800,RN_INLET_00011,RN_DNODE_00016,RN_DRAIN_00152,RN_ROAD_00522,82,71,28.687501907348633,0.01593750105963813,0.04100835586442703,synthetic_manning_scenario,0,first_eligible_inlet_on_d8_path
090_120,rajendra_nagar_heavy_rain_demo,90,120,1800,RN_INLET_00012,RN_DNODE_00017,RN_DRAIN_00240,RN_ROAD_00273,89,72,494.4375343322754,0.2746875190734863,0.03485428291526828,synthetic_manning_scenario,0,first_eligible_inlet_on_d8_path
090_120,rajendra_nagar_heavy_rain_demo,90,120,1800,RN_INLET_00013,RN_DNODE_00018,RN_DRAIN_00220,RN_ROAD_00273,88,72,374.6250247955322,0.2081250137752957,0.12723324562335805,synthetic_manning_scenario,0,first_eligible_inlet_on_d8_path
090_120,rajendra_nagar_heavy_rain_demo,90,120,1800,RN_INLET_00014,RN_DNODE_00019,RN_DRAIN_00153,RN_ROAD_00522,82,72,140.06250953674316,0.07781250529819064,0.03485428291526828,synthetic_manning_scenario,0,first_eligible_inlet_on_d8_path
090_120,rajendra_nagar_heavy_rain_demo,90,120,1800,RN_INLET_00016,RN_DNODE_00021,RN_DRAIN_00241,RN_ROAD_00273,89,73,84.3750057220459,0.04687500317891439,0.12723324562335805,synthetic_manning_scenario,0,first_eligible_inlet_on_d8_path
090_120,rajendra_nagar_heavy_rain_demo,90,120,1800,RN_INLET_00017,RN_DNODE_00022,RN_DRAIN_00221,RN_ROAD_00499,88,73,145.12500953674316,0.08062500529819065,0.03485428291526828,synthetic_manning_scenario,0,first_eligible_inlet_on_d8_path
090_120,rajendra_nagar_heavy_rain_demo,90,120,1800,RN_INLET_00018,RN_DNODE_00023,RN_DRAIN_00154,RN_ROAD_00522,82,73,425.2500286102295,0.23625001589457195,0.03485428291526828,synthetic_manning_scenario,0,first_eligible_inlet_on_d8_path
090_120,rajendra_nagar_heavy_rain_demo,90,120,1800,RN_INLET_00020,RN_DNODE_00026,RN_DRAIN_00257,RN_ROAD_00502,90,74,89.4375057220459,0.04968750317891439,0.7029886526903337,synthetic_manning_scenario,0,first_eligible_inlet_on_d8_path
090_120,rajendra_nagar_heavy_rain_demo,90,120,1800,RN_INLET_00021,RN_DNODE_00027,RN_DRAIN_00155,RN_ROAD_00522,82,74,177.1875114440918,0.09843750635782877,0.03484430030503481,synthetic_manning_scenario,0,first_eligible_inlet_on_d8_path
090_120,rajendra_nagar_heavy_rain_demo,90,120,1800,RN_INLET_00025,RN_DNODE_00032,RN_DRAIN_00072,RN_ROAD_00562,77,75,141.75000953674316,0.07875000529819065,0.12723324562335805,synthetic_manning_scenario,0,first_eligible_inlet_on_d8_path
090_120,rajendra_nagar_heavy_rain_demo,90,120,1800,RN_INLET_00026,RN_DNODE_00033,RN_DRAIN_00064,RN_ROAD_00582,76,75,393.1875286102295,0.21843751589457194,0.1272696969192279,synthetic_manning_scenario,0,first_eligible_inlet_on_d8_path
090_120,rajendra_nagar_heavy_rain_demo,90,120,1800,RN_INLET_00027,RN_DNODE_00034,RN_DRAIN_00054,RN_ROAD_00583,75,75,28.687501907348633,0.01593750105963813,0.08940774616670524,synthetic_manning_scenario,0,first_eligible_inlet_on_d8_path
090_120,rajendra_nagar_heavy_rain_demo,90,120,1800,RN_INLET_00029,RN_DNODE_00038,RN_DRAIN_00136,RN_ROAD_00555,81,76,57.375003814697266,0.03187500211927626,0.02637752433631995,synthetic_manning_scenario,0,first_eligible_inlet_on_d8_path
090_120,rajendra_nagar_heavy_rain_demo,90,120,1800,RN_INLET_00030,RN_DNODE_00039,RN_DRAIN_00121,RN_ROAD_00568,80,76,190.68751335144043,0.10593750741746691,0.12723324562335805,synthetic_manning_scenario,0,first_eligible_inlet_on_d8_path
090_120,rajendra_nagar_heavy_rain_demo,90,120,1800,RN_INLET_00031,RN_DNODE_00040,RN_DRAIN_00081,RN_ROAD_00560,78,76,140.06250953674316,0.07781250529819064,0.5017366265441451,synthetic_manning_scenario,0,first_eligible_inlet_on_d8_path
090_120,rajendra_nagar_heavy_rain_demo,90,120,1800,RN_INLET_00032,RN_DNODE_00047,RN_DRAIN_00137,RN_ROAD_00543,81,77,28.687501907348633,0.01593750105963813,0.02637752433631995,synthetic_manning_scenario,0,first_eligible_inlet_on_d8_path
090_120,rajendra_nagar_heavy_rain_demo,90,120,1800,RN_INLET_00033,RN_DNODE_00048,RN_DRAIN_00122,RN_ROAD_00558,80,77,57.375003814697266,0.03187500211927626,0.03484430030503481,synthetic_manning_scenario,0,first_eligible_inlet_on_d8_path
090_120,rajendra_nagar_heavy_rain_demo,90,120,1800,RN_INLET_00034,RN_DNODE_00049,RN_DRAIN_00105,RN_ROAD_00558,79,77,28.687501907348633,0.01593750105963813,0.1272696969192279,synthetic_manning_scenario,0,first_eligible_inlet_on_d8_path
090_120,rajendra_nagar_heavy_rain_demo,90,120,1800,RN_INLET_00037,RN_DNODE_00059,RN_DRAIN_00447,RN_ROAD_00235,106,79,57.375003814697266,0.03187500211927626,0.05446815070334662,synthetic_manning_scenario,0,first_eligible_inlet_on_d8_path
090_120,rajendra_nagar_heavy_rain_demo,90,120,1800,RN_INLET_00039,RN_DNODE_00068,RN_DRAIN_00433,RN_ROAD_00234,105,80,315.5625228881836,0.17531251271565756,0.1272696969192279,synthetic_manning_scenario,0,first_eligible_inlet_on_d8_path
090_120,rajendra_nagar_heavy_rain_demo,90,120,1800,RN_INLET_00040,RN_DNODE_00069,RN_DRAIN_00421,RN_ROAD_00235,104,80,2281.500160217285,1.2675000890096029,0.12723324562335805,synthetic_manning_scenario,0,first_eligible_inlet_on_d8_path
090_120,rajendra_nagar_heavy_rain_demo,90,120,1800,RN_INLET_00041,RN_DNODE_00071,RN_DRAIN_00174,RN_ROAD_00290,84,80,565.3125381469727,0.31406252119276257,0.14154681932172938,synthetic_manning_scenario,0,first_eligible_inlet_on_d8_path
090_120,rajendra_nagar_heavy_rain_demo,90,120,1800,RN_INLET_00043,RN_DNODE_00078,RN_DRAIN_00175,RN_ROAD_00291,84,81,87.7500057220459,0.04875000317891439,0.2530359490024738,synthetic_manning_scenario,0,first_eligible_inlet_on_d8_path
090_120,rajendra_nagar_heavy_rain_demo,90,120,1800,RN_INLET_00044,RN_DNODE_00079,RN_DRAIN_00086,RN_ROAD_00571,78,81,472.5000305175781,0.26250001695421005,0.30124813859248456,synthetic_manning_scenario,0,first_eligible_inlet_on_d8_path
090_120,rajendra_nagar_heavy_rain_demo,90,120,1800,RN_INLET_00047,RN_DNODE_00088,RN_DRAIN_00087,RN_ROAD_00584,78,82,1265.6250858306885,0.7031250476837159,2.002281704829388,synthetic_manning_scenario,0,first_eligible_inlet_on_d8_path
090_120,rajendra_nagar_heavy_rain_demo,90,120,1800,RN_INLET_00048,RN_DNODE_00096,RN_DRAIN_00186,RN_ROAD_00289,85,83,518.0625343322754,0.2878125190734863,0.151090496238554,synthetic_manning_scenario,0,first_eligible_inlet_on_d8_path
090_120,rajendra_nagar_heavy_rain_demo,90,120,1800,RN_INLET_00049,RN_DNODE_00097,RN_DRAIN_00088,RN_ROAD_00569,78,83,28.687501907348633,0.01593750105963813,1.878999507826128,synthetic_manning_scenario,0,first_eligible_inlet_on_d8_path
090_120,rajendra_nagar_heavy_rain_demo,90,120,1800,RN_INLET_00052,RN_DNODE_00104,RN_DRAIN_00187,RN_ROAD_00289,85,84,84.3750057220459,0.04687500317891439,0.044467843567026905,synthetic_manning_scenario,0,first_eligible_inlet_on_d8_path
090_120,rajendra_nagar_heavy_rain_demo,90,120,1800,RN_INLET_00053,RN_DNODE_00105,RN_DRAIN_00089,RN_ROAD_00573,78,84,236.25001525878906,0.13125000847710502,1.8362178351593588,synthetic_manning_scenario,0,first_eligible_inlet_on_d8_path
090_120,rajendra_nagar_heavy_rain_demo,90,120,1800,RN_INLET_00054,RN_DNODE_00111,RN_DRAIN_00285,RN_ROAD_00235,92,85,1709.4376220703125,0.9496875678168403,0.03484430030503481,synthetic_manning_scenario,0,first_eligible_inlet_on_d8_path
090_120,rajendra_nagar_heavy_rain_demo,90,120,1800,RN_INLET_00055,RN_DNODE_00112,RN_DRAIN_00226,RN_ROAD_00285,88,85,1871.4376335144043,1.039687574174669,0.2262936821084416,synthetic_manning_scenario,0,first_eligible_inlet_on_d8_path
090_120,rajendra_nagar_heavy_rain_demo,90,120,1800,RN_INLET_00056,RN_DNODE_00113,RN_DRAIN_00188,RN_ROAD_00289,85,85,82.6875057220459,0.04593750317891439,0.13686859948507724,synthetic_manning_scenario,0,first_eligible_inlet_on_d8_path
090_120,rajendra_nagar_heavy_rain_demo,90,120,1800,RN_INLET_00057,RN_DNODE_00114,RN_DRAIN_00108,RN_ROAD_00572,79,85,54.000003814697266,0.03000000211927626,0.05279460013290454,synthetic_manning_scenario,0,first_eligible_inlet_on_d8_path
090_120,rajendra_nagar_heavy_rain_demo,90,120,1800,RN_INLET_00058,RN_DNODE_00115,RN_DRAIN_00090,RN_ROAD_00572,78,85,136.68750953674316,0.07593750529819064,2.0143420369081957,synthetic_manning_scenario,0,first_eligible_inlet_on_d8_path
090_120,rajendra_nagar_heavy_rain_demo,90,120,1800,RN_INLET_00064,RN_DNODE_00135,RN_DRAIN_00201,RN_ROAD_00288,86,87,82.6875057220459,0.04593750317891439,0.14808812947220454,synthetic_manning_scenario,0,first_eligible_inlet_on_d8_path
090_120,rajendra_nagar_heavy_rain_demo,90,120,1800,RN_INLET_00067,RN_DNODE_00152,RN_DRAIN_00189,RN_ROAD_00289,85,88,28.687501907348633,0.01593750105963813,0.2781184424317617,synthetic_manning_scenario,0,first_eligible_inlet_on_d8_path
090_120,rajendra_nagar_heavy_rain_demo,90,120,1800,RN_INLET_00068,RN_DNODE_00157,RN_DRAIN_00507,RN_ROAD_00216,111,89,116.43750762939453,0.06468750423855252,0.3596921468391413,synthetic_manning_scenario,0,first_eligible_inlet_on_d8_path
090_120,rajendra_nagar_heavy_rain_demo,90,120,1800,RN_INLET_00070,RN_DNODE_00171,RN_DRAIN_00190,RN_ROAD_00289,85,89,28.687501907348633,0.01593750105963813,0.21513777926228358,synthetic_manning_scenario,0,first_eligible_inlet_on_d8_path
090_120,rajendra_nagar_heavy_rain_demo,90,120,1800,RN_INLET_00071,RN_DNODE_00180,RN_DRAIN_00516,RN_ROAD_00213,112,90,313.87502098083496,0.17437501165601943,0.03484430030503481,synthetic_manning_scenario,0,first_eligible_inlet_on_d8_path
090_120,rajendra_nagar_heavy_rain_demo,90,120,1800,RN_INLET_00072,RN_DNODE_00181,RN_DRAIN_00487,RN_ROAD_00233,109,90,54.000003814697266,0.03000000211927626,1.2167317531808846,synthetic_manning_scenario,0,first_eligible_inlet_on_d8_path
090_120,rajendra_nagar_heavy_rain_demo,90,120,1800,RN_INLET_00074,RN_DNODE_00197,RN_DRAIN_00191,RN_ROAD_00289,85,90,8530.31311416626,4.739062841203477,0.6928742113147971,synthetic_manning_scenario,0,first_eligible_inlet_on_d8_path
090_120,rajendra_nagar_heavy_rain_demo,90,120,1800,RN_INLET_00076,RN_DNODE_00206,RN_DRAIN_00517,RN_ROAD_00213,112,91,113.06250762939453,0.06281250423855252,0.03485428291526828,synthetic_manning_scenario,0,first_eligible_inlet_on_d8_path
090_120,rajendra_nagar_heavy_rain_demo,90,120,1800,RN_INLET_00077,RN_DNODE_00207,RN_DRAIN_00488,RN_ROAD_00233,109,91,167.0625114440918,0.09281250635782877,0.9868943284982327,synthetic_manning_scenario,0,first_eligible_inlet_on_d8_path
090_120,rajendra_nagar_heavy_rain_demo,90,120,1800,RN_INLET_00079,RN_DNODE_00225,RN_DRAIN_00192,RN_ROAD_00289,85,91,38.81250190734863,0.02156250105963813,0.02637752433631995,synthetic_manning_scenario,0,first_eligible_inlet_on_d8_path
090_120,rajendra_nagar_heavy_rain_demo,90,120,1800,RN_INLET_00081,RN_DNODE_00233,RN_DRAIN_00518,RN_ROAD_00213,112,92,119.81250762939453,0.06656250423855252,0.14235556684174894,synthetic_manning_scenario,0,first_eligible_inlet_on_d8_path
090_120,rajendra_nagar_heavy_rain_demo,90,120,1800,RN_INLET_00082,RN_DNODE_00234,RN_DRAIN_00489,RN_ROAD_00233,109,92,307.12502098083496,0.17062501165601943,0.5313346491245258,synthetic_manning_scenario,0,first_eligible_inlet_on_d8_path
090_120,rajendra_nagar_heavy_rain_demo,90,120,1800,RN_INLET_00084,RN_DNODE_00254,RN_DRAIN_00519,RN_ROAD_00213,112,93,28.687501907348633,0.01593750105963813,0.16694910080064143,synthetic_manning_scenario,0,first_eligible_inlet_on_d8_path
090_120,rajendra_nagar_heavy_rain_demo,90,120,1800,RN_INLET_00087,RN_DNODE_00262,RN_DRAIN_00520,RN_ROAD_00213,112,94,28.687501907348633,0.01593750105963813,0.19028600529539347,synthetic_manning_scenario,0,first_eligible_inlet_on_d8_path
090_120,rajendra_nagar_heavy_rain_demo,90,120,1800,RN_INLET_00089,RN_DNODE_00264,RN_DRAIN_00499,RN_ROAD_00221,110,94,28.687501907348633,0.01593750105963813,0.18405199949807394,synthetic_manning_scenario,0,first_eligible_inlet_on_d8_path
090_120,rajendra_nagar_heavy_rain_demo,90,120,1800,RN_INLET_00091,RN_DNODE_00266,RN_DRAIN_00407,RN_ROAD_00236,102,94,173.8125114440918,0.09656250635782877,1.4328865124290238,synthetic_manning_scenario,0,first_eligible_inlet_on_d8_path
090_120,rajendra_nagar_heavy_rain_demo,90,120,1800,RN_INLET_00092,RN_DNODE_00271,RN_DRAIN_00521,RN_ROAD_00206,112,95,59.062503814697266,0.032812502119276256,0.0954195777470258,synthetic_manning_scenario,0,first_eligible_inlet_on_d8_path
090_120,rajendra_nagar_heavy_rain_demo,90,120,1800,RN_INLET_00094,RN_DNODE_00273,RN_DRAIN_00500,RN_ROAD_00221,110,95,136.68750762939453,0.07593750423855251,0.3882542420713991,synthetic_manning_scenario,0,first_eligible_inlet_on_d8_path
090_120,rajendra_nagar_heavy_rain_demo,90,120,1800,RN_INLET_00095,RN_DNODE_00274,RN_DRAIN_00408,RN_ROAD_00238,102,95,87.7500057220459,0.04875000317891439,0.3305358790663851,synthetic_manning_scenario,0,first_eligible_inlet_on_d8_path
090_120,rajendra_nagar_heavy_rain_demo,90,120,1800,RN_INLET_00096,RN_DNODE_00278,RN_DRAIN_00522,RN_ROAD_00206,112,96,324.00002098083496,0.18000001165601942,0.4808041363512746,synthetic_manning_scenario,0,first_eligible_inlet_on_d8_path
090_120,rajendra_nagar_heavy_rain_demo,90,120,1800,RN_INLET_00097,RN_DNODE_00279,RN_DRAIN_00409,RN_ROAD_00237,102,96,116.43750762939453,0.06468750423855252,0.30124813859248456,synthetic_manning_scenario,0,first_eligible_inlet_on_d8_path
090_120,rajendra_nagar_heavy_rain_demo,90,120,1800,RN_INLET_00098,RN_DNODE_00284,RN_DRAIN_00523,RN_ROAD_00204,112,97,113.06250762939453,0.06281250423855252,0.8030954072736205,synthetic_manning_scenario,0,first_eligible_inlet_on_d8_path
090_120,rajendra_nagar_heavy_rain_demo,90,120,1800,RN_INLET_00099,RN_DNODE_00285,RN_DRAIN_00417,RN_ROAD_00226,103,97,212.62501525878906,0.11812500847710504,0.30116185815577506,synthetic_manning_scenario,0,first_eligible_inlet_on_d8_path
090_120,rajendra_nagar_heavy_rain_demo,90,120,1800,RN_INLET_00100,RN_DNODE_00287,RN_DRAIN_00166,RN_ROAD_00530,83,97,86.0625057220459,0.04781250317891439,0.03484430030503481,synthetic_manning_scenario,0,first_eligible_inlet_on_d8_path
090_120,rajendra_nagar_heavy_rain_demo,90,120,1800,RN_INLET_00101,RN_DNODE_00288,RN_DRAIN_00141,RN_ROAD_00547,81,97,324.00002098083496,0.18000001165601942,1.2603351041610837,synthetic_manning_scenario,0,first_eligible_inlet_on_d8_path
090_120,rajendra_nagar_heavy_rain_demo,90,120,1800,RN_INLET_00102,RN_DNODE_00289,RN_DRAIN_00129,RN_ROAD_00547,80,97,57.375003814697266,0.03187500211927626,0.12733816465846753,synthetic_manning_scenario,0,first_eligible_inlet_on_d8_path
090_120,rajendra_nagar_heavy_rain_demo,90,120,1800,RN_INLET_00103,RN_DNODE_00295,RN_DRAIN_00524,RN_ROAD_00004,112,98,258.1875171661377,0.14343750953674317,0.4840443716707854,synthetic_manning_scenario,0,first_eligible_inlet_on_d8_path
090_120,rajendra_nagar_heavy_rain_demo,90,120,1800,RN_INLET_00104,RN_DNODE_00296,RN_DRAIN_00428,RN_ROAD_00036,104,98,302.06252098083496,0.16781251165601943,0.30116185815577506,synthetic_manning_scenario,0,first_eligible_inlet_on_d8_path
090_120,rajendra_nagar_heavy_rain_demo,90,120,1800,RN_INLET_00105,RN_DNODE_00297,RN_DRAIN_00418,RN_ROAD_00040,103,98,57.375003814697266,0.03187500211927626,0.03485428291526828,synthetic_manning_scenario,0,first_eligible_inlet_on_d8_path
090_120,rajendra_nagar_heavy_rain_demo,90,120,1800,RN_INLET_00106,RN_DNODE_00298,RN_DRAIN_00393,RN_ROAD_00053,101,98,860.625057220459,0.4781250317891439,0.09803784543033917,synthetic_manning_scenario,0,first_eligible_inlet_on_d8_path
090_120,rajendra_nagar_heavy_rain_demo,90,120,1800,RN_INLET_00107,RN_DNODE_00299,RN_DRAIN_00206,RN_ROAD_00344,86,98,116.43750762939453,0.06468750423855252,0.02637752433631995,synthetic_manning_scenario,0,first_eligible_inlet_on_d8_path
090_120,rajendra_nagar_heavy_rain_demo,90,120,1800,RN_INLET_00108,RN_DNODE_00300,RN_DRAIN_00193,RN_ROAD_00527,85,98,87.7500057220459,0.04875000317891439,0.03485428291526828,synthetic_manning_scenario,0,first_eligible_inlet_on_d8_path
090_120,rajendra_nagar_heavy_rain_demo,90,120,1800,RN_INLET_00112,RN_DNODE_00304,RN_DRAIN_00130,RN_ROAD_00547,80,98,111.37500762939453,0.061875004238552515,1.0620185911123488,synthetic_manning_scenario,0,first_eligible_inlet_on_d8_path
090_120,rajendra_nagar_heavy_rain_demo,90,120,1800,RN_INLET_00114,RN_DNODE_00314,RN_DRAIN_00441,RN_ROAD_00033,105,99,114.75000762939453,0.06375000423855252,0.30116185815577506,synthetic_manning_scenario,0,first_eligible_inlet_on_d8_path
090_120,rajendra_nagar_heavy_rain_demo,90,120,1800,RN_INLET_00115,RN_DNODE_00315,RN_DRAIN_00429,RN_ROAD_00033,104,99,57.375003814697266,0.03187500211927626,0.03485428291526828,synthetic_manning_scenario,0,first_eligible_inlet_on_d8_path
090_120,rajendra_nagar_heavy_rain_demo,90,120,1800,RN_INLET_00118,RN_DNODE_00318,RN_DRAIN_00194,RN_ROAD_00347,85,99,1545.7501068115234,0.8587500593397352,0.30116185815577506,synthetic_manning_scenario,0,first_eligible_inlet_on_d8_path
090_120,rajendra_nagar_heavy_rain_demo,90,120,1800,RN_INLET_00119,RN_DNODE_00319,RN_DRAIN_00182,RN_ROAD_00348,84,99,87.7500057220459,0.04875000317891439,0.03484430030503481,synthetic_manning_scenario,0,first_eligible_inlet_on_d8_path
090_120,rajendra_nagar_heavy_rain_demo,90,120,1800,RN_INLET_00121,RN_DNODE_00328,RN_DRAIN_00530,RN_ROAD_00002,113,100,59.062503814697266,0.032812502119276256,0.1272696969192279,synthetic_manning_scenario,0,first_eligible_inlet_on_d8_path
090_120,rajendra_nagar_heavy_rain_demo,90,120,1800,RN_INLET_00122,RN_DNODE_00329,RN_DRAIN_00453,RN_ROAD_00034,106,100,875.8125591278076,0.48656253284878204,0.02637752433631995,synthetic_manning_scenario,0,first_eligible_inlet_on_d8_path
090_120,rajendra_nagar_heavy_rain_demo,90,120,1800,RN_INLET_00123,RN_DNODE_00330,RN_DRAIN_00442,RN_ROAD_00034,105,100,28.687501907348633,0.01593750105963813,0.30124813859248456,synthetic_manning_scenario,0,first_eligible_inlet_on_d8_path
090_120,rajendra_nagar_heavy_rain_demo,90,120,1800,RN_INLET_00124,RN_DNODE_00333,RN_DRAIN_00131,RN_ROAD_00634,80,100,91.1250057220459,0.050625003178914385,0.22781081406408252,synthetic_manning_scenario,0,first_eligible_inlet_on_d8_path
090_120,rajendra_nagar_heavy_rain_demo,90,120,1800,RN_INLET_00125,RN_DNODE_00339,RN_DRAIN_00534,RN_ROAD_00011,114,101,234.5625171661377,0.13031250953674317,1.0125751333185353,synthetic_manning_scenario,0,first_eligible_inlet_on_d8_path
090_120,rajendra_nagar_heavy_rain_demo,90,120,1800,RN_INLET_00126,RN_DNODE_00340,RN_DRAIN_00531,RN_ROAD_00003,113,101,165.3750114440918,0.09187500635782878,0.03485428291526828,synthetic_manning_scenario,0,first_eligible_inlet_on_d8_path
090_120,rajendra_nagar_heavy_rain_demo,90,120,1800,RN_INLET_00127,RN_DNODE_00341,RN_DRAIN_00443,RN_ROAD_00034,105,101,246.3750171661377,0.13687500953674317,0.5674438686929558,synthetic_manning_scenario,0,first_eligible_inlet_on_d8_path
090_120,rajendra_nagar_heavy_rain_demo,90,120,1800,RN_INLET_00128,RN_DNODE_00344,RN_DRAIN_00142,RN_ROAD_00353,81,101,258.1875171661377,0.14343750953674317,0.10542103561186149,synthetic_manning_scenario,0,first_eligible_inlet_on_d8_path
090_120,rajendra_nagar_heavy_rain_demo,90,120,1800,RN_INLET_00129,RN_DNODE_00348,RN_DRAIN_00444,RN_ROAD_00035,105,102,87.7500057220459,0.04875000317891439,1.036783363348529,synthetic_manning_scenario,0,first_eligible_inlet_on_d8_path
090_120,rajendra_nagar_heavy_rain_demo,90,120,1800,RN_INLET_00131,RN_DNODE_00353,RN_DRAIN_00143,RN_ROAD_00388,81,102,111.37500762939453,0.061875004238552515,0.03485428291526828,synthetic_manning_scenario,0,first_eligible_inlet_on_d8_path
090_120,rajendra_nagar_heavy_rain_demo,90,120,1800,RN_INLET_00132,RN_DNODE_00356,RN_DRAIN_00454,RN_ROAD_00017,106,103,140.06250953674316,0.07781250529819064,1.4082442328435159,synthetic_manning_scenario,0,first_eligible_inlet_on_d8_path
090_120,rajendra_nagar_heavy_rain_demo,90,120,1800,RN_INLET_00134,RN_DNODE_00359,RN_DRAIN_00208,RN_ROAD_00356,86,103,617.6250419616699,0.34312502331203887,0.09006678976697921,synthetic_manning_scenario,0,first_eligible_inlet_on_d8_path
090_120,rajendra_nagar_heavy_rain_demo,90,120,1800,RN_INLET_00135,RN_DNODE_00360,RN_DRAIN_00144,RN_ROAD_00388,81,103,86.0625057220459,0.04781250317891439,0.10887560820568472,synthetic_manning_scenario,0,first_eligible_inlet_on_d8_path
090_120,rajendra_nagar_heavy_rain_demo,90,120,1800,RN_INLET_00136,RN_DNODE_00362,RN_DRAIN_00455,RN_ROAD_00016,106,104,472.50003242492676,0.2625000180138482,0.3425817481644578,synthetic_manning_scenario,0,first_eligible_inlet_on_d8_path
090_120,rajendra_nagar_heavy_rain_demo,90,120,1800,RN_INLET_00137,RN_DNODE_00364,RN_DRAIN_00277,RN_ROAD_00302,91,104,2902.5002002716064,1.6125001112620037,0.30116185815577506,synthetic_manning_scenario,0,first_eligible_inlet_on_d8_path
090_120,rajendra_nagar_heavy_rain_demo,90,120,1800,RN_INLET_00138,RN_DNODE_00365,RN_DRAIN_00145,RN_ROAD_00388,81,104,143.43750953674316,0.07968750529819064,0.21676002461835764,synthetic_manning_scenario,0,first_eligible_inlet_on_d8_path
090_120,rajendra_nagar_heavy_rain_demo,90,120,1800,RN_INLET_00144,RN_DNODE_00375,RN_DRAIN_00318,RN_ROAD_00298,94,106,57.375003814697266,0.03187500211927626,0.03485428291526828,synthetic_manning_scenario,0,first_eligible_inlet_on_d8_path
090_120,rajendra_nagar_heavy_rain_demo,90,120,1800,RN_INLET_00145,RN_DNODE_00378,RN_DRAIN_00146,RN_ROAD_00388,81,106,177.1875114440918,0.09843750635782877,0.12524186330580878,synthetic_manning_scenario,0,first_eligible_inlet_on_d8_path
090_120,rajendra_nagar_heavy_rain_demo,90,120,1800,RN_INLET_00146,RN_DNODE_00382,RN_DRAIN_00476,RN_ROAD_00014,108,107,57.375003814697266,0.03187500211927626,1.5879626023456346,synthetic_manning_scenario,0,first_eligible_inlet_on_d8_path
090_120,rajendra_nagar_heavy_rain_demo,90,120,1800,RN_INLET_00148,RN_DNODE_00386,RN_DRAIN_00159,RN_ROAD_00386,82,107,148.50000953674316,0.08250000529819064,0.06828671863062642,synthetic_manning_scenario,0,first_eligible_inlet_on_d8_path
090_120,rajendra_nagar_heavy_rain_demo,90,120,1800,RN_INLET_00149,RN_DNODE_00391,RN_DRAIN_00477,RN_ROAD_00011,108,108,1004.0625743865967,0.5578125413258871,0.30124813859248456,synthetic_manning_scenario,0,first_eligible_inlet_on_d8_path
090_120,rajendra_nagar_heavy_rain_demo,90,120,1800,RN_INLET_00150,RN_DNODE_00392,RN_DRAIN_00466,RN_ROAD_00014,107,108,297.00002098083496,0.16500001165601944,0.03484430030503481,synthetic_manning_scenario,0,first_eligible_inlet_on_d8_path
090_120,rajendra_nagar_heavy_rain_demo,90,120,1800,RN_INLET_00152,RN_DNODE_00395,RN_DRAIN_00306,RN_ROAD_00089,93,108,82.6875057220459,0.04593750317891439,0.02637752433631995,synthetic_manning_scenario,0,first_eligible_inlet_on_d8_path
090_120,rajendra_nagar_heavy_rain_demo,90,120,1800,RN_INLET_00153,RN_DNODE_00396,RN_DRAIN_00291,RN_ROAD_00089,92,108,1294.3125858306885,0.7190625476837158,0.1120128954947173,synthetic_manning_scenario,0,first_eligible_inlet_on_d8_path
090_120,rajendra_nagar_heavy_rain_demo,90,120,1800,RN_INLET_00154,RN_DNODE_00397,RN_DRAIN_00169,RN_ROAD_00385,83,108,401.62502670288086,0.2231250148349338,0.03484430030503481,synthetic_manning_scenario,0,first_eligible_inlet_on_d8_path
090_120,rajendra_nagar_heavy_rain_demo,90,120,1800,RN_INLET_00155,RN_DNODE_00404,RN_DRAIN_00478,RN_ROAD_00011,108,109,54.000003814697266,0.03000000211927626,0.30124813859248456,synthetic_manning_scenario,0,first_eligible_inlet_on_d8_path
090_120,rajendra_nagar_heavy_rain_demo,90,120,1800,RN_INLET_00156,RN_DNODE_00405,RN_DRAIN_00467,RN_ROAD_00014,107,109,28.687501907348633,0.01593750105963813,0.03484430030503481,synthetic_manning_scenario,0,first_eligible_inlet_on_d8_path
090_120,rajendra_nagar_heavy_rain_demo,90,120,1800,RN_INLET_00158,RN_DNODE_00407,RN_DRAIN_00170,RN_ROAD_00363,83,109,113.06250762939453,0.06281250423855252,0.03485428291526828,synthetic_manning_scenario,0,first_eligible_inlet_on_d8_path
090_120,rajendra_nagar_heavy_rain_demo,90,120,1800,RN_INLET_00159,RN_DNODE_00408,RN_DRAIN_00035,RN_ROAD_00629,72,109,202.50001335144043,0.11250000741746691,0.03484430030503481,synthetic_manning_scenario,0,first_eligible_inlet_on_d8_path
090_120,rajendra_nagar_heavy_rain_demo,90,120,1800,RN_INLET_00160,RN_DNODE_00411,RN_DRAIN_00479,RN_ROAD_00024,108,110,194.06251335144043,0.10781250741746691,0.30124813859248456,synthetic_manning_scenario,0,first_eligible_inlet_on_d8_path
090_120,rajendra_nagar_heavy_rain_demo,90,120,1800,RN_INLET_00161,RN_DNODE_00412,RN_DRAIN_00468,RN_ROAD_00026,107,110,54.000003814697266,0.03000000211927626,0.03484430030503481,synthetic_manning_scenario,0,first_eligible_inlet_on_d8_path
090_120,rajendra_nagar_heavy_rain_demo,90,120,1800,RN_INLET_00163,RN_DNODE_00414,RN_DRAIN_00171,RN_ROAD_00374,83,110,84.3750057220459,0.04687500317891439,0.09781403471816273,synthetic_manning_scenario,0,first_eligible_inlet_on_d8_path
090_120,rajendra_nagar_heavy_rain_demo,90,120,1800,RN_INLET_00164,RN_DNODE_00415,RN_DRAIN_00069,RN_ROAD_00625,76,110,825.1875553131104,0.45843753072950577,0.13572767824149176,synthetic_manning_scenario,0,first_eligible_inlet_on_d8_path
090_120,rajendra_nagar_heavy_rain_demo,90,120,1800,RN_INLET_00165,RN_DNODE_00417,RN_DRAIN_00051,RN_ROAD_00625,74,110,106.31250762939453,0.05906250423855252,0.11248088992987894,synthetic_manning_scenario,0,first_eligible_inlet_on_d8_path
090_120,rajendra_nagar_heavy_rain_demo,90,120,1800,RN_INLET_00166,RN_DNODE_00418,RN_DRAIN_00043,RN_ROAD_00628,73,110,278.4375190734863,0.1546875105963813,0.03484430030503481,synthetic_manning_scenario,0,first_eligible_inlet_on_d8_path
090_120,rajendra_nagar_heavy_rain_demo,90,120,1800,RN_INLET_00167,RN_DNODE_00420,RN_DRAIN_00480,RN_ROAD_00024,108,111,28.687501907348633,0.01593750105963813,0.4455532640291579,synthetic_manning_scenario,0,first_eligible_inlet_on_d8_path
090_120,rajendra_nagar_heavy_rain_demo,90,120,1800,RN_INLET_00169,RN_DNODE_00423,RN_DRAIN_00183,RN_ROAD_00370,84,111,305.43752098083496,0.16968751165601942,0.04832201195748927,synthetic_manning_scenario,0,first_eligible_inlet_on_d8_path
090_120,rajendra_nagar_heavy_rain_demo,90,120,1800,RN_INLET_00170,RN_DNODE_00425,RN_DRAIN_00493,RN_ROAD_00024,109,112,739.1250534057617,0.41062502966986764,0.36701701471119386,synthetic_manning_scenario,0,first_eligible_inlet_on_d8_path
090_120,rajendra_nagar_heavy_rain_demo,90,120,1800,RN_INLET_00171,RN_DNODE_00426,RN_DRAIN_00481,RN_ROAD_00025,108,112,28.687501907348633,0.01593750105963813,0.11954287044878092,synthetic_manning_scenario,0,first_eligible_inlet_on_d8_path
090_120,rajendra_nagar_heavy_rain_demo,90,120,1800,RN_INLET_00172,RN_DNODE_00427,RN_DRAIN_00457,RN_ROAD_00105,106,112,992.2500705718994,0.5512500392066108,0.03484430030503481,synthetic_manning_scenario,0,first_eligible_inlet_on_d8_path
090_120,rajendra_nagar_heavy_rain_demo,90,120,1800,RN_INLET_00173,RN_DNODE_00428,RN_DRAIN_00344,RN_ROAD_00086,95,112,54.000003814697266,0.03000000211927626,0.03485428291526828,synthetic_manning_scenario,0,first_eligible_inlet_on_d8_path
090_120,rajendra_nagar_heavy_rain_demo,90,120,1800,RN_INLET_00174,RN_DNODE_00430,RN_DRAIN_00184,RN_ROAD_00369,84,112,82.6875057220459,0.04593750317891439,0.1515365242075139,synthetic_manning_scenario,0,first_eligible_inlet_on_d8_path
090_120,rajendra_nagar_heavy_rain_demo,90,120,1800,RN_INLET_00175,RN_DNODE_00433,RN_DRAIN_00494,RN_ROAD_00025,109,113,54.000003814697266,0.03000000211927626,0.0980023540468388,synthetic_manning_scenario,0,first_eligible_inlet_on_d8_path
090_120,rajendra_nagar_heavy_rain_demo,90,120,1800,RN_INLET_00177,RN_DNODE_00435,RN_DRAIN_00322,RN_ROAD_00086,94,113,167.0625114440918,0.09281250635782877,0.30124813859248456,synthetic_manning_scenario,0,first_eligible_inlet_on_d8_path
090_120,rajendra_nagar_heavy_rain_demo,90,120,1800,RN_INLET_00178,RN_DNODE_00437,RN_DRAIN_00172,RN_ROAD_00373,83,113,840.375057220459,0.46687503178914386,0.05158812602898853,synthetic_manning_scenario,0,first_eligible_inlet_on_d8_path
090_120,rajendra_nagar_heavy_rain_demo,90,120,1800,RN_INLET_00179,RN_DNODE_00438,RN_DRAIN_00528,RN_ROAD_00103,112,114,305.43752098083496,0.16968751165601942,0.22658585121858213,synthetic_manning_scenario,0,first_eligible_inlet_on_d8_path
090_120,rajendra_nagar_heavy_rain_demo,90,120,1800,RN_INLET_00180,RN_DNODE_00439,RN_DRAIN_00323,RN_ROAD_00172,94,114,28.687501907348633,0.01593750105963813,0.30124813859248456,synthetic_manning_scenario,0,first_eligible_inlet_on_d8_path
090_120,rajendra_nagar_heavy_rain_demo,90,120,1800,RN_INLET_00181,RN_DNODE_00440,RN_DRAIN_00308,RN_ROAD_00173,93,114,57.375003814697266,0.03187500211927626,0.03485428291526828,synthetic_manning_scenario,0,first_eligible_inlet_on_d8_path
090_120,rajendra_nagar_heavy_rain_demo,90,120,1800,RN_INLET_00182,RN_DNODE_00441,RN_DRAIN_00005,RN_ROAD_00604,68,114,111.37500762939453,0.061875004238552515,0.02637752433631995,synthetic_manning_scenario,0,first_eligible_inlet_on_d8_path
090_120,rajendra_nagar_heavy_rain_demo,90,120,1800,RN_INLET_00184,RN_DNODE_00446,RN_DRAIN_00345,RN_ROAD_00168,95,115,192.37501335144043,0.1068750074174669,0.6085297810986018,synthetic_manning_scenario,0,first_eligible_inlet_on_d8_path
090_120,rajendra_nagar_heavy_rain_demo,90,120,1800,RN_INLET_00185,RN_DNODE_00447,RN_DRAIN_00309,RN_ROAD_00173,93,115,577.1250400543213,0.3206250222524007,0.30116185815577506,synthetic_manning_scenario,0,first_eligible_inlet_on_d8_path
090_120,rajendra_nagar_heavy_rain_demo,90,120,1800,RN_INLET_00186,RN_DNODE_00448,RN_DRAIN_00292,RN_ROAD_00174,92,115,173.8125114440918,0.09656250635782877,0.02637752433631995,synthetic_manning_scenario,0,first_eligible_inlet_on_d8_path
090_120,rajendra_nagar_heavy_rain_demo,90,120,1800,RN_INLET_00187,RN_DNODE_00449,RN_DRAIN_00011,RN_ROAD_00603,69,115,204.18751335144043,0.1134375074174669,0.41271576218229383,synthetic_manning_scenario,0,first_eligible_inlet_on_d8_path
090_120,rajendra_nagar_heavy_rain_demo,90,120,1800,RN_INLET_00188,RN_DNODE_00450,RN_DRAIN_00006,RN_ROAD_00608,68,115,28.687501907348633,0.01593750105963813,0.09631698738212754,synthetic_manning_scenario,0,first_eligible_inlet_on_d8_path
090_120,rajendra_nagar_heavy_rain_demo,90,120,1800,RN_INLET_00189,RN_DNODE_00452,RN_DRAIN_00374,RN_ROAD_00141,99,116,163.6875114440918,0.09093750635782878,0.100407978859947,synthetic_manning_scenario,0,first_eligible_inlet_on_d8_path
090_120,rajendra_nagar_heavy_rain_demo,90,120,1800,RN_INLET_00190,RN_DNODE_00453,RN_DRAIN_00367,RN_ROAD_00141,98,116,59.062503814697266,0.032812502119276256,0.12282979632326015,synthetic_manning_scenario,0,first_eligible_inlet_on_d8_path
090_120,rajendra_nagar_heavy_rain_demo,90,120,1800,RN_INLET_00191,RN_DNODE_00454,RN_DRAIN_00359,RN_ROAD_00143,97,116,786.3750553131104,0.43687503072950573,0.48087166299014095,synthetic_manning_scenario,0,first_eligible_inlet_on_d8_path
090_120,rajendra_nagar_heavy_rain_demo,90,120,1800,RN_INLET_00193,RN_DNODE_00456,RN_DRAIN_00016,RN_ROAD_00602,70,116,426.9375286102295,0.23718751589457193,0.12723324562335805,synthetic_manning_scenario,0,first_eligible_inlet_on_d8_path
090_120,rajendra_nagar_heavy_rain_demo,90,120,1800,RN_INLET_00194,RN_DNODE_00457,RN_DRAIN_00375,RN_ROAD_00140,99,117,28.687501907348633,0.01593750105963813,0.17518330495315723,synthetic_manning_scenario,0,first_eligible_inlet_on_d8_path
090_120,rajendra_nagar_heavy_rain_demo,90,120,1800,RN_INLET_00195,RN_DNODE_00458,RN_DRAIN_00368,RN_ROAD_00143,98,117,639.5625438690186,0.355312524371677,0.391656185493259,synthetic_manning_scenario,0,first_eligible_inlet_on_d8_path
090_120,rajendra_nagar_heavy_rain_demo,90,120,1800,RN_INLET_00196,RN_DNODE_00460,RN_DRAIN_00077,RN_ROAD_00472,77,117,87.7500057220459,0.04875000317891439,0.1272696969192279,synthetic_manning_scenario,0,first_eligible_inlet_on_d8_path
090_120,rajendra_nagar_heavy_rain_demo,90,120,1800,RN_INLET_00197,RN_DNODE_00461,RN_DRAIN_00070,RN_ROAD_00473,76,117,86.0625057220459,0.04781250317891439,0.3887914862481728,synthetic_manning_scenario,0,first_eligible_inlet_on_d8_path
090_120,rajendra_nagar_heavy_rain_demo,90,120,1800,RN_INLET_00198,RN_DNODE_00462,RN_DRAIN_00061,RN_ROAD_00473,75,117,82.6875057220459,0.04593750317891439,0.27705159099154153,synthetic_manning_scenario,0,first_eligible_inlet_on_d8_path
090_120,rajendra_nagar_heavy_rain_demo,90,120,1800,RN_INLET_00199,RN_DNODE_00463,RN_DRAIN_00052,RN_ROAD_00599,74,117,615.9375419616699,0.34218752331203883,0.1272696969192279,synthetic_manning_scenario,0,first_eligible_inlet_on_d8_path
090_120,rajendra_nagar_heavy_rain_demo,90,120,1800,RN_INLET_00200,RN_DNODE_00464,RN_DRAIN_00044,RN_ROAD_00598,73,117,89.4375057220459,0.04968750317891439,0.642398926061122,synthetic_manning_scenario,0,first_eligible_inlet_on_d8_path
090_120,rajendra_nagar_heavy_rain_demo,90,120,1800,RN_INLET_00201,RN_DNODE_00465,RN_DRAIN_00036,RN_ROAD_00598,72,117,104.62500762939453,0.05812500423855252,0.5725232749926845,synthetic_manning_scenario,0,first_eligible_inlet_on_d8_path
090_120,rajendra_nagar_heavy_rain_demo,90,120,1800,RN_INLET_00202,RN_DNODE_00466,RN_DRAIN_00029,RN_ROAD_00602,71,117,89.4375057220459,0.04968750317891439,0.12723324562335805,synthetic_manning_scenario,0,first_eligible_inlet_on_d8_path
090_120,rajendra_nagar_heavy_rain_demo,90,120,1800,RN_INLET_00203,RN_DNODE_00467,RN_DRAIN_00017,RN_ROAD_00607,70,117,551.8125381469727,0.30656252119276256,0.03485428291526828,synthetic_manning_scenario,0,first_eligible_inlet_on_d8_path
090_120,rajendra_nagar_heavy_rain_demo,90,120,1800,RN_INLET_00204,RN_DNODE_00468,RN_DRAIN_00394,RN_ROAD_00104,101,118,1306.125093460083,0.7256250519222683,0.18293911365381266,synthetic_manning_scenario,0,first_eligible_inlet_on_d8_path
090_120,rajendra_nagar_heavy_rain_demo,90,120,1800,RN_INLET_00205,RN_DNODE_00469,RN_DRAIN_00383,RN_ROAD_00109,100,118,143.43750953674316,0.07968750529819064,0.1353812142771686,synthetic_manning_scenario,0,first_eligible_inlet_on_d8_path
090_120,rajendra_nagar_heavy_rain_demo,90,120,1800,RN_INLET_00206,RN_DNODE_00470,RN_DRAIN_00324,RN_ROAD_00171,94,118,756.0000514984131,0.4200000286102295,0.9125867707273617,synthetic_manning_scenario,0,first_eligible_inlet_on_d8_path
090_120,rajendra_nagar_heavy_rain_demo,90,120,1800,RN_INLET_00207,RN_DNODE_00471,RN_DRAIN_00133,RN_ROAD_00467,80,118,59.062503814697266,0.032812502119276256,0.03485428291526828,synthetic_manning_scenario,0,first_eligible_inlet_on_d8_path
090_120,rajendra_nagar_heavy_rain_demo,90,120,1800,RN_INLET_00208,RN_DNODE_00472,RN_DRAIN_00119,RN_ROAD_00468,79,118,57.375003814697266,0.03187500211927626,0.1272696969192279,synthetic_manning_scenario,0,first_eligible_inlet_on_d8_path
090_120,rajendra_nagar_heavy_rain_demo,90,120,1800,RN_INLET_00209,RN_DNODE_00473,RN_DRAIN_00102,RN_ROAD_00468,78,118,143.43750953674316,0.07968750529819064,0.12723324562335805,synthetic_manning_scenario,0,first_eligible_inlet_on_d8_path
090_120,rajendra_nagar_heavy_rain_demo,90,120,1800,RN_INLET_00212,RN_DNODE_00477,RN_DRAIN_00195,RN_ROAD_00437,85,119,87.7500057220459,0.04875000317891439,0.03485428291526828,synthetic_manning_scenario,0,first_eligible_inlet_on_d8_path
090_120,rajendra_nagar_heavy_rain_demo,90,120,1800,RN_INLET_00213,RN_DNODE_00478,RN_DRAIN_00185,RN_ROAD_00437,84,119,89.4375057220459,0.04968750317891439,0.03485428291526828,synthetic_manning_scenario,0,first_eligible_inlet_on_d8_path
090_120,rajendra_nagar_heavy_rain_demo,90,120,1800,RN_INLET_00214,RN_DNODE_00479,RN_DRAIN_00173,RN_ROAD_00442,83,119,87.7500057220459,0.04875000317891439,0.09995654869004258,synthetic_manning_scenario,0,first_eligible_inlet_on_d8_path
090_120,rajendra_nagar_heavy_rain_demo,90,120,1800,RN_INLET_00215,RN_DNODE_00480,RN_DRAIN_00160,RN_ROAD_00454,82,119,89.4375057220459,0.04968750317891439,0.06233696028667062,synthetic_manning_scenario,0,first_eligible_inlet_on_d8_path
090_120,rajendra_nagar_heavy_rain_demo,90,120,1800,RN_INLET_00216,RN_DNODE_00481,RN_DRAIN_00147,RN_ROAD_00457,81,119,256.5000171661377,0.14250000953674316,0.03485428291526828,synthetic_manning_scenario,0,first_eligible_inlet_on_d8_path
090_120,rajendra_nagar_heavy_rain_demo,90,120,1800,RN_INLET_00217,RN_DNODE_00482,RN_DRAIN_00134,RN_ROAD_00457,80,119,57.375003814697266,0.03187500211927626,0.03484430030503481,synthetic_manning_scenario,0,first_eligible_inlet_on_d8_path
090_120,rajendra_nagar_heavy_rain_demo,90,120,1800,RN_INLET_00219,RN_DNODE_00486,RN_DRAIN_00209,RN_ROAD_00401,86,120,928.1250591278076,0.515625032848782,0.03484430030503481,synthetic_manning_scenario,0,first_eligible_inlet_on_d8_path
090_120,rajendra_nagar_heavy_rain_demo,90,120,1800,RN_INLET_00221,RN_DNODE_00489,RN_DRAIN_00327,RN_ROAD_00162,94,121,143.43750953674316,0.07968750529819064,0.5266848835674651,synthetic_manning_scenario,0,first_eligible_inlet_on_d8_path
090_120,rajendra_nagar_heavy_rain_demo,90,120,1800,RN_INLET_00224,RN_DNODE_00493,RN_DRAIN_00328,RN_ROAD_00161,94,122,3228.1877269744873,1.7934376260969374,1.73635575785819,synthetic_manning_scenario,0,first_eligible_inlet_on_d8_path
090_120,rajendra_nagar_heavy_rain_demo,90,120,1800,RN_INLET_00227,RN_DNODE_00500,RN_DRAIN_00360,RN_ROAD_00153,97,126,216.00001525878906,0.12000000847710504,0.1948011871441529,synthetic_manning_scenario,0,first_eligible_inlet_on_d8_path
090_120,rajendra_nagar_heavy_rain_demo,90,120,1800,RN_INLET_00228,RN_DNODE_00503,RN_DRAIN_00062,RN_ROAD_00480,75,126,57.375003814697266,0.03187500211927626,0.03485428291526828,synthetic_manning_scenario,0,first_eligible_inlet_on_d8_path
090_120,rajendra_nagar_heavy_rain_demo,90,120,1800,RN_INLET_00229,RN_DNODE_00504,RN_DRAIN_00053,RN_ROAD_00480,74,126,2124.562650680542,1.1803125837114121,0.15694054372586286,synthetic_manning_scenario,0,first_eligible_inlet_on_d8_path
090_120,rajendra_nagar_heavy_rain_demo,90,120,1800,RN_INLET_00231,RN_DNODE_00508,RN_DRAIN_00361,RN_ROAD_00153,97,127,290.25002098083496,0.16125001165601943,0.2317547361496302,synthetic_manning_scenario,0,first_eligible_inlet_on_d8_path
090_120,rajendra_nagar_heavy_rain_demo,90,120,1800,RN_INLET_00234,RN_DNODE_00518,RN_DRAIN_00395,RN_ROAD_00120,101,128,1154.2500820159912,0.6412500455644395,0.14778712746867345,synthetic_manning_scenario,0,first_eligible_inlet_on_d8_path
090_120,rajendra_nagar_heavy_rain_demo,90,120,1800,RN_INLET_00235,RN_DNODE_00519,RN_DRAIN_00362,RN_ROAD_00155,97,128,86.0625057220459,0.04781250317891439,0.17218079283976848,synthetic_manning_scenario,0,first_eligible_inlet_on_d8_path
090_120,rajendra_nagar_heavy_rain_demo,90,120,1800,RN_INLET_00236,RN_DNODE_00520,RN_DRAIN_00354,RN_ROAD_00155,96,128,133.31250953674316,0.07406250529819065,0.8904712544361131,synthetic_manning_scenario,0,first_eligible_inlet_on_d8_path
090_120,rajendra_nagar_heavy_rain_demo,90,120,1800,RN_INLET_00237,RN_DNODE_00521,RN_DRAIN_00348,RN_ROAD_00155,95,128,25.312501907348633,0.01406250105963813,0.2764107810710812,synthetic_manning_scenario,0,first_eligible_inlet_on_d8_path
090_120,rajendra_nagar_heavy_rain_demo,90,120,1800,RN_INLET_00239,RN_DNODE_00527,RN_DRAIN_00355,RN_ROAD_00155,96,129,79.3125057220459,0.044062503178914386,0.18626342708702154,synthetic_manning_scenario,0,first_eligible_inlet_on_d8_path
090_120,rajendra_nagar_heavy_rain_demo,90,120,1800,RN_INLET_00240,RN_DNODE_00528,RN_DRAIN_00349,RN_ROAD_00155,95,129,28.687501907348633,0.01593750105963813,0.09203450505564478,synthetic_manning_scenario,0,first_eligible_inlet_on_d8_path
090_120,rajendra_nagar_heavy_rain_demo,90,120,1800,RN_INLET_00241,RN_DNODE_00529,RN_DRAIN_00335,RN_ROAD_00155,94,129,264.9375190734863,0.1471875105963813,0.19300346415305064,synthetic_manning_scenario,0,first_eligible_inlet_on_d8_path
090_120,rajendra_nagar_heavy_rain_demo,90,120,1800,RN_INLET_00242,RN_DNODE_00535,RN_DRAIN_00377,RN_ROAD_00123,99,130,82.6875057220459,0.04593750317891439,0.03485428291526828,synthetic_manning_scenario,0,first_eligible_inlet_on_d8_path
090_120,rajendra_nagar_heavy_rain_demo,90,120,1800,RN_INLET_00243,RN_DNODE_00536,RN_DRAIN_00369,RN_ROAD_00127,98,130,276.7500190734863,0.1537500105963813,0.18393770855067063,synthetic_manning_scenario,0,first_eligible_inlet_on_d8_path
090_120,rajendra_nagar_heavy_rain_demo,90,120,1800,RN_INLET_00245,RN_DNODE_00540,RN_DRAIN_00378,RN_ROAD_00123,99,131,172.1250114440918,0.09562500635782878,0.1348146985507728,synthetic_manning_scenario,0,first_eligible_inlet_on_d8_path
090_120,rajendra_nagar_heavy_rain_demo,90,120,1800,RN_INLET_00247,RN_DNODE_00544,RN_DRAIN_00384,RN_ROAD_00123,100,132,663.1875476837158,0.36843752649095324,0.15013191509707569,synthetic_manning_scenario,0,first_eligible_inlet_on_d8_path
090_120,rajendra_nagar_heavy_rain_demo,90,120,1800,RN_INLET_00248,RN_DNODE_00546,RN_DRAIN_00219,RN_ROAD_00407,87,132,762.7500534057617,0.42375002966986763,0.07396532506289491,synthetic_manning_scenario,0,first_eligible_inlet_on_d8_path
090_120,rajendra_nagar_heavy_rain_demo,90,120,1800,RN_INLET_00249,RN_DNODE_00547,RN_DRAIN_00385,RN_ROAD_00123,100,133,86.0625057220459,0.04781250317891439,0.03485428291526828,synthetic_manning_scenario,0,first_eligible_inlet_on_d8_path
090_120,rajendra_nagar_heavy_rain_demo,90,120,1800,RN_INLET_00250,RN_DNODE_00548,RN_DRAIN_00252,RN_ROAD_00183,89,133,511.3125343322754,0.28406251907348634,0.18704808214959012,synthetic_manning_scenario,0,first_eligible_inlet_on_d8_path
090_120,rajendra_nagar_heavy_rain_demo,90,120,1800,RN_INLET_00251,RN_DNODE_00549,RN_DRAIN_00386,RN_ROAD_00118,100,134,82.6875057220459,0.04593750317891439,0.03485428291526828,synthetic_manning_scenario,0,first_eligible_inlet_on_d8_path
090_120,rajendra_nagar_heavy_rain_demo,90,120,1800,RN_INLET_00253,RN_DNODE_00551,RN_DRAIN_00396,RN_ROAD_00115,101,135,165.3750114440918,0.09187500635782878,0.08345058337269148,synthetic_manning_scenario,0,first_eligible_inlet_on_d8_path
090_120,rajendra_nagar_heavy_rain_demo,90,120,1800,RN_INLET_00255,RN_DNODE_00553,RN_DRAIN_00397,RN_ROAD_00119,101,136,28.687501907348633,0.01593750105963813,0.16888414661568568,synthetic_manning_scenario,0,first_eligible_inlet_on_d8_path
090_120,rajendra_nagar_heavy_rain_demo,90,120,1800,RN_INLET_00258,RN_DNODE_00556,RN_DRAIN_00238,RN_ROAD_00184,88,137,111.37500762939453,0.061875004238552515,0.03484430030503481,synthetic_manning_scenario,0,first_eligible_inlet_on_d8_path
120_150,rajendra_nagar_heavy_rain_demo,120,150,1800,RN_INLET_00003,RN_DNODE_00003,RN_DRAIN_00198,RN_ROAD_00503,86,68,23.287500381469727,0.012937500211927626,0.03485428291526828,synthetic_manning_scenario,0,first_eligible_inlet_on_d8_path
120_150,rajendra_nagar_heavy_rain_demo,120,150,1800,RN_INLET_00004,RN_DNODE_00004,RN_DRAIN_00149,RN_ROAD_00520,82,68,67.27500343322754,0.03737500190734863,0.13705656053423662,synthetic_manning_scenario,0,first_eligible_inlet_on_d8_path
120_150,rajendra_nagar_heavy_rain_demo,120,150,1800,RN_INLET_00005,RN_DNODE_00007,RN_DRAIN_00199,RN_ROAD_00508,86,69,174.6562557220459,0.09703125317891438,0.03485428291526828,synthetic_manning_scenario,0,first_eligible_inlet_on_d8_path
120_150,rajendra_nagar_heavy_rain_demo,120,150,1800,RN_INLET_00006,RN_DNODE_00008,RN_DRAIN_00150,RN_ROAD_00522,82,69,21.993751525878906,0.012218750847710503,0.03485428291526828,synthetic_manning_scenario,0,first_eligible_inlet_on_d8_path
120_150,rajendra_nagar_heavy_rain_demo,120,150,1800,RN_INLET_00007,RN_DNODE_00010,RN_DRAIN_00200,RN_ROAD_00507,86,70,111.26250648498535,0.06181250360276964,0.03484430030503481,synthetic_manning_scenario,0,first_eligible_inlet_on_d8_path
120_150,rajendra_nagar_heavy_rain_demo,120,150,1800,RN_INLET_00008,RN_DNODE_00011,RN_DRAIN_00151,RN_ROAD_00522,82,70,245.81250953674316,0.13656250529819064,0.03485428291526828,synthetic_manning_scenario,0,first_eligible_inlet_on_d8_path
120_150,rajendra_nagar_heavy_rain_demo,120,150,1800,RN_INLET_00010,RN_DNODE_00015,RN_DRAIN_00210,RN_ROAD_00498,87,71,107.38125610351562,0.05965625339084201,0.03485428291526828,synthetic_manning_scenario,0,first_eligible_inlet_on_d8_path
120_150,rajendra_nagar_heavy_rain_demo,120,150,1800,RN_INLET_00011,RN_DNODE_00016,RN_DRAIN_00152,RN_ROAD_00522,82,71,21.993751525878906,0.012218750847710503,0.04100835586442703,synthetic_manning_scenario,0,first_eligible_inlet_on_d8_path
120_150,rajendra_nagar_heavy_rain_demo,120,150,1800,RN_INLET_00012,RN_DNODE_00017,RN_DRAIN_00240,RN_ROAD_00273,89,72,379.06875801086426,0.21059375445048015,0.03485428291526828,synthetic_manning_scenario,0,first_eligible_inlet_on_d8_path
120_150,rajendra_nagar_heavy_rain_demo,120,150,1800,RN_INLET_00013,RN_DNODE_00018,RN_DRAIN_00220,RN_ROAD_00273,88,72,287.21251106262207,0.15956250614590115,0.12723324562335805,synthetic_manning_scenario,0,first_eligible_inlet_on_d8_path
120_150,rajendra_nagar_heavy_rain_demo,120,150,1800,RN_INLET_00014,RN_DNODE_00019,RN_DRAIN_00153,RN_ROAD_00522,82,72,107.38125228881836,0.059656251271565756,0.03485428291526828,synthetic_manning_scenario,0,first_eligible_inlet_on_d8_path
120_150,rajendra_nagar_heavy_rain_demo,120,150,1800,RN_INLET_00016,RN_DNODE_00021,RN_DRAIN_00241,RN_ROAD_00273,89,73,64.68750190734863,0.03593750105963813,0.12723324562335805,synthetic_manning_scenario,0,first_eligible_inlet_on_d8_path
120_150,rajendra_nagar_heavy_rain_demo,120,150,1800,RN_INLET_00017,RN_DNODE_00022,RN_DRAIN_00221,RN_ROAD_00499,88,73,111.26250648498535,0.06181250360276964,0.03485428291526828,synthetic_manning_scenario,0,first_eligible_inlet_on_d8_path
120_150,rajendra_nagar_heavy_rain_demo,120,150,1800,RN_INLET_00018,RN_DNODE_00023,RN_DRAIN_00154,RN_ROAD_00522,82,73,326.02501106262207,0.18112500614590116,0.03485428291526828,synthetic_manning_scenario,0,first_eligible_inlet_on_d8_path
120_150,rajendra_nagar_heavy_rain_demo,120,150,1800,RN_INLET_00020,RN_DNODE_00026,RN_DRAIN_00257,RN_ROAD_00502,90,74,68.56875228881836,0.03809375127156576,0.7029886526903337,synthetic_manning_scenario,0,first_eligible_inlet_on_d8_path
120_150,rajendra_nagar_heavy_rain_demo,120,150,1800,RN_INLET_00021,RN_DNODE_00027,RN_DRAIN_00155,RN_ROAD_00522,82,74,135.8437557220459,0.07546875317891438,0.03484430030503481,synthetic_manning_scenario,0,first_eligible_inlet_on_d8_path
120_150,rajendra_nagar_heavy_rain_demo,120,150,1800,RN_INLET_00025,RN_DNODE_00032,RN_DRAIN_00072,RN_ROAD_00562,77,75,108.67500495910645,0.06037500275505914,0.12723324562335805,synthetic_manning_scenario,0,first_eligible_inlet_on_d8_path
120_150,rajendra_nagar_heavy_rain_demo,120,150,1800,RN_INLET_00026,RN_DNODE_00033,RN_DRAIN_00064,RN_ROAD_00582,76,75,301.4437561035156,0.16746875339084202,0.1272696969192279,synthetic_manning_scenario,0,first_eligible_inlet_on_d8_path
120_150,rajendra_nagar_heavy_rain_demo,120,150,1800,RN_INLET_00027,RN_DNODE_00034,RN_DRAIN_00054,RN_ROAD_00583,75,75,21.993751525878906,0.012218750847710503,0.08940774616670524,synthetic_manning_scenario,0,first_eligible_inlet_on_d8_path
120_150,rajendra_nagar_heavy_rain_demo,120,150,1800,RN_INLET_00029,RN_DNODE_00038,RN_DRAIN_00136,RN_ROAD_00555,81,76,43.98750305175781,0.024437501695421006,0.02637752433631995,synthetic_manning_scenario,0,first_eligible_inlet_on_d8_path
120_150,rajendra_nagar_heavy_rain_demo,120,150,1800,RN_INLET_00030,RN_DNODE_00039,RN_DRAIN_00121,RN_ROAD_00568,80,76,146.19375610351562,0.08121875339084202,0.12723324562335805,synthetic_manning_scenario,0,first_eligible_inlet_on_d8_path
120_150,rajendra_nagar_heavy_rain_demo,120,150,1800,RN_INLET_00031,RN_DNODE_00040,RN_DRAIN_00081,RN_ROAD_00560,78,76,107.38125610351562,0.05965625339084201,0.5017366265441451,synthetic_manning_scenario,0,first_eligible_inlet_on_d8_path
120_150,rajendra_nagar_heavy_rain_demo,120,150,1800,RN_INLET_00032,RN_DNODE_00047,RN_DRAIN_00137,RN_ROAD_00543,81,77,21.993751525878906,0.012218750847710503,0.02637752433631995,synthetic_manning_scenario,0,first_eligible_inlet_on_d8_path
120_150,rajendra_nagar_heavy_rain_demo,120,150,1800,RN_INLET_00033,RN_DNODE_00048,RN_DRAIN_00122,RN_ROAD_00558,80,77,43.98750305175781,0.024437501695421006,0.03484430030503481,synthetic_manning_scenario,0,first_eligible_inlet_on_d8_path
120_150,rajendra_nagar_heavy_rain_demo,120,150,1800,RN_INLET_00034,RN_DNODE_00049,RN_DRAIN_00105,RN_ROAD_00558,79,77,21.993751525878906,0.012218750847710503,0.1272696969192279,synthetic_manning_scenario,0,first_eligible_inlet_on_d8_path
120_150,rajendra_nagar_heavy_rain_demo,120,150,1800,RN_INLET_00037,RN_DNODE_00059,RN_DRAIN_00447,RN_ROAD_00235,106,79,43.98750305175781,0.024437501695421006,0.05446815070334662,synthetic_manning_scenario,0,first_eligible_inlet_on_d8_path
120_150,rajendra_nagar_heavy_rain_demo,120,150,1800,RN_INLET_00039,RN_DNODE_00068,RN_DRAIN_00433,RN_ROAD_00234,105,80,241.93125343322754,0.13440625190734865,0.1272696969192279,synthetic_manning_scenario,0,first_eligible_inlet_on_d8_path
120_150,rajendra_nagar_heavy_rain_demo,120,150,1800,RN_INLET_00040,RN_DNODE_00069,RN_DRAIN_00421,RN_ROAD_00235,104,80,1749.1500282287598,0.9717500156826443,0.12723324562335805,synthetic_manning_scenario,0,first_eligible_inlet_on_d8_path
120_150,rajendra_nagar_heavy_rain_demo,120,150,1800,RN_INLET_00041,RN_DNODE_00071,RN_DRAIN_00174,RN_ROAD_00290,84,80,433.4062671661377,0.24078125953674318,0.14154681932172938,synthetic_manning_scenario,0,first_eligible_inlet_on_d8_path
120_150,rajendra_nagar_heavy_rain_demo,120,150,1800,RN_INLET_00043,RN_DNODE_00078,RN_DRAIN_00175,RN_ROAD_00291,84,81,67.27500343322754,0.03737500190734863,0.2530359490024738,synthetic_manning_scenario,0,first_eligible_inlet_on_d8_path
120_150,rajendra_nagar_heavy_rain_demo,120,150,1800,RN_INLET_00044,RN_DNODE_00079,RN_DRAIN_00086,RN_ROAD_00571,78,81,362.25001525878906,0.20125000847710503,0.30124813859248456,synthetic_manning_scenario,0,first_eligible_inlet_on_d8_path
120_150,rajendra_nagar_heavy_rain_demo,120,150,1800,RN_INLET_00047,RN_DNODE_00088,RN_DRAIN_00087,RN_ROAD_00584,78,82,970.312536239624,0.5390625201331245,2.002281704829388,synthetic_manning_scenario,0,first_eligible_inlet_on_d8_path
120_150,rajendra_nagar_heavy_rain_demo,120,150,1800,RN_INLET_00048,RN_DNODE_00096,RN_DRAIN_00186,RN_ROAD_00289,85,83,397.1812686920166,0.22065626038445366,0.151090496238554,synthetic_manning_scenario,0,first_eligible_inlet_on_d8_path
120_150,rajendra_nagar_heavy_rain_demo,120,150,1800,RN_INLET_00049,RN_DNODE_00097,RN_DRAIN_00088,RN_ROAD_00569,78,83,21.993751525878906,0.012218750847710503,1.878999507826128,synthetic_manning_scenario,0,first_eligible_inlet_on_d8_path
120_150,rajendra_nagar_heavy_rain_demo,120,150,1800,RN_INLET_00052,RN_DNODE_00104,RN_DRAIN_00187,RN_ROAD_00289,85,84,64.68750190734863,0.03593750105963813,0.044467843567026905,synthetic_manning_scenario,0,first_eligible_inlet_on_d8_path
120_150,rajendra_nagar_heavy_rain_demo,120,150,1800,RN_INLET_00053,RN_DNODE_00105,RN_DRAIN_00089,RN_ROAD_00573,78,84,181.12500762939453,0.10062500423855252,1.8362178351593588,synthetic_manning_scenario,0,first_eligible_inlet_on_d8_path
120_150,rajendra_nagar_heavy_rain_demo,120,150,1800,RN_INLET_00054,RN_DNODE_00111,RN_DRAIN_00285,RN_ROAD_00235,92,85,1310.5687732696533,0.7280937629275852,0.03484430030503481,synthetic_manning_scenario,0,first_eligible_inlet_on_d8_path
120_150,rajendra_nagar_heavy_rain_demo,120,150,1800,RN_INLET_00055,RN_DNODE_00112,RN_DRAIN_00226,RN_ROAD_00285,88,85,1434.7687664031982,0.7970937591128879,0.2262936821084416,synthetic_manning_scenario,0,first_eligible_inlet_on_d8_path
120_150,rajendra_nagar_heavy_rain_demo,120,150,1800,RN_INLET_00056,RN_DNODE_00113,RN_DRAIN_00188,RN_ROAD_00289,85,85,63.39375305175781,0.035218751695421005,0.13686859948507724,synthetic_manning_scenario,0,first_eligible_inlet_on_d8_path
120_150,rajendra_nagar_heavy_rain_demo,120,150,1800,RN_INLET_00057,RN_DNODE_00114,RN_DRAIN_00108,RN_ROAD_00572,79,85,41.400001525878906,0.023000000847710502,0.05279460013290454,synthetic_manning_scenario,0,first_eligible_inlet_on_d8_path
120_150,rajendra_nagar_heavy_rain_demo,120,150,1800,RN_INLET_00058,RN_DNODE_00115,RN_DRAIN_00090,RN_ROAD_00572,78,85,104.79375076293945,0.05821875042385525,2.0143420369081957,synthetic_manning_scenario,0,first_eligible_inlet_on_d8_path
120_150,rajendra_nagar_heavy_rain_demo,120,150,1800,RN_INLET_00064,RN_DNODE_00135,RN_DRAIN_00201,RN_ROAD_00288,86,87,63.39375305175781,0.035218751695421005,0.14808812947220454,synthetic_manning_scenario,0,first_eligible_inlet_on_d8_path
120_150,rajendra_nagar_heavy_rain_demo,120,150,1800,RN_INLET_00067,RN_DNODE_00152,RN_DRAIN_00189,RN_ROAD_00289,85,88,21.993751525878906,0.012218750847710503,0.2781184424317617,synthetic_manning_scenario,0,first_eligible_inlet_on_d8_path
120_150,rajendra_nagar_heavy_rain_demo,120,150,1800,RN_INLET_00068,RN_DNODE_00157,RN_DRAIN_00507,RN_ROAD_00216,111,89,89.26875495910645,0.04959375275505914,0.3596921468391413,synthetic_manning_scenario,0,first_eligible_inlet_on_d8_path
120_150,rajendra_nagar_heavy_rain_demo,120,150,1800,RN_INLET_00070,RN_DNODE_00171,RN_DRAIN_00190,RN_ROAD_00289,85,89,21.993751525878906,0.012218750847710503,0.21513777926228358,synthetic_manning_scenario,0,first_eligible_inlet_on_d8_path
120_150,rajendra_nagar_heavy_rain_demo,120,150,1800,RN_INLET_00071,RN_DNODE_00180,RN_DRAIN_00516,RN_ROAD_00213,112,90,240.63750648498535,0.13368750360276965,0.03484430030503481,synthetic_manning_scenario,0,first_eligible_inlet_on_d8_path
120_150,rajendra_nagar_heavy_rain_demo,120,150,1800,RN_INLET_00072,RN_DNODE_00181,RN_DRAIN_00487,RN_ROAD_00233,109,90,41.400001525878906,0.023000000847710502,1.2167317531808846,synthetic_manning_scenario,0,first_eligible_inlet_on_d8_path
120_150,rajendra_nagar_heavy_rain_demo,120,150,1800,RN_INLET_00074,RN_DNODE_00197,RN_DRAIN_00191,RN_ROAD_00289,85,90,6539.906354904175,3.633281308280097,0.6928742113147971,synthetic_manning_scenario,0,first_eligible_inlet_on_d8_path
120_150,rajendra_nagar_heavy_rain_demo,120,150,1800,RN_INLET_00076,RN_DNODE_00206,RN_DRAIN_00517,RN_ROAD_00213,112,91,86.68125343322754,0.04815625190734863,0.03485428291526828,synthetic_manning_scenario,0,first_eligible_inlet_on_d8_path
120_150,rajendra_nagar_heavy_rain_demo,120,150,1800,RN_INLET_00077,RN_DNODE_00207,RN_DRAIN_00488,RN_ROAD_00233,109,91,128.08125495910645,0.07115625275505913,0.9868943284982327,synthetic_manning_scenario,0,first_eligible_inlet_on_d8_path
120_150,rajendra_nagar_heavy_rain_demo,120,150,1800,RN_INLET_00079,RN_DNODE_00225,RN_DRAIN_00192,RN_ROAD_00289,85,91,29.75625228881836,0.016531251271565756,0.02637752433631995,synthetic_manning_scenario,0,first_eligible_inlet_on_d8_path
120_150,rajendra_nagar_heavy_rain_demo,120,150,1800,RN_INLET_00081,RN_DNODE_00233,RN_DRAIN_00518,RN_ROAD_00213,112,92,91.85625267028809,0.051031251483493384,0.14235556684174894,synthetic_manning_scenario,0,first_eligible_inlet_on_d8_path
120_150,rajendra_nagar_heavy_rain_demo,120,150,1800,RN_INLET_00082,RN_DNODE_00234,RN_DRAIN_00489,RN_ROAD_00233,109,92,235.46250343322754,0.13081250190734864,0.5313346491245258,synthetic_manning_scenario,0,first_eligible_inlet_on_d8_path
120_150,rajendra_nagar_heavy_rain_demo,120,150,1800,RN_INLET_00084,RN_DNODE_00254,RN_DRAIN_00519,RN_ROAD_00213,112,93,21.993751525878906,0.012218750847710503,0.16694910080064143,synthetic_manning_scenario,0,first_eligible_inlet_on_d8_path
120_150,rajendra_nagar_heavy_rain_demo,120,150,1800,RN_INLET_00087,RN_DNODE_00262,RN_DRAIN_00520,RN_ROAD_00213,112,94,21.993751525878906,0.012218750847710503,0.19028600529539347,synthetic_manning_scenario,0,first_eligible_inlet_on_d8_path
120_150,rajendra_nagar_heavy_rain_demo,120,150,1800,RN_INLET_00089,RN_DNODE_00264,RN_DRAIN_00499,RN_ROAD_00221,110,94,21.993751525878906,0.012218750847710503,0.18405199949807394,synthetic_manning_scenario,0,first_eligible_inlet_on_d8_path
120_150,rajendra_nagar_heavy_rain_demo,120,150,1800,RN_INLET_00091,RN_DNODE_00266,RN_DRAIN_00407,RN_ROAD_00236,102,94,133.25625801086426,0.07403125445048014,1.4328865124290238,synthetic_manning_scenario,0,first_eligible_inlet_on_d8_path
120_150,rajendra_nagar_heavy_rain_demo,120,150,1800,RN_INLET_00092,RN_DNODE_00271,RN_DRAIN_00521,RN_ROAD_00206,112,95,45.28125190734863,0.02515625105963813,0.0954195777470258,synthetic_manning_scenario,0,first_eligible_inlet_on_d8_path
120_150,rajendra_nagar_heavy_rain_demo,120,150,1800,RN_INLET_00094,RN_DNODE_00273,RN_DRAIN_00500,RN_ROAD_00221,110,95,104.79375648498535,0.05821875360276964,0.3882542420713991,synthetic_manning_scenario,0,first_eligible_inlet_on_d8_path
120_150,rajendra_nagar_heavy_rain_demo,120,150,1800,RN_INLET_00095,RN_DNODE_00274,RN_DRAIN_00408,RN_ROAD_00238,102,95,67.27500343322754,0.03737500190734863,0.3305358790663851,synthetic_manning_scenario,0,first_eligible_inlet_on_d8_path
120_150,rajendra_nagar_heavy_rain_demo,120,150,1800,RN_INLET_00096,RN_DNODE_00278,RN_DRAIN_00522,RN_ROAD_00206,112,96,248.40001106262207,0.13800000614590116,0.4808041363512746,synthetic_manning_scenario,0,first_eligible_inlet_on_d8_path
120_150,rajendra_nagar_heavy_rain_demo,120,150,1800,RN_INLET_00097,RN_DNODE_00279,RN_DRAIN_00409,RN_ROAD_00237,102,96,89.26875495910645,0.04959375275505914,0.30124813859248456,synthetic_manning_scenario,0,first_eligible_inlet_on_d8_path
120_150,rajendra_nagar_heavy_rain_demo,120,150,1800,RN_INLET_00098,RN_DNODE_00284,RN_DRAIN_00523,RN_ROAD_00204,112,97,86.68125343322754,0.04815625190734863,0.8030954072736205,synthetic_manning_scenario,0,first_eligible_inlet_on_d8_path
120_150,rajendra_nagar_heavy_rain_demo,120,150,1800,RN_INLET_00099,RN_DNODE_00285,RN_DRAIN_00417,RN_ROAD_00226,103,97,163.01250457763672,0.09056250254313152,0.30116185815577506,synthetic_manning_scenario,0,first_eligible_inlet_on_d8_path
120_150,rajendra_nagar_heavy_rain_demo,120,150,1800,RN_INLET_00100,RN_DNODE_00287,RN_DRAIN_00166,RN_ROAD_00530,83,97,65.98125457763672,0.03665625254313151,0.03484430030503481,synthetic_manning_scenario,0,first_eligible_inlet_on_d8_path
120_150,rajendra_nagar_heavy_rain_demo,120,150,1800,RN_INLET_00101,RN_DNODE_00288,RN_DRAIN_00141,RN_ROAD_00547,81,97,248.40001106262207,0.13800000614590116,1.2603351041610837,synthetic_manning_scenario,0,first_eligible_inlet_on_d8_path
120_150,rajendra_nagar_heavy_rain_demo,120,150,1800,RN_INLET_00102,RN_DNODE_00289,RN_DRAIN_00129,RN_ROAD_00547,80,97,43.98750305175781,0.024437501695421006,0.12733816465846753,synthetic_manning_scenario,0,first_eligible_inlet_on_d8_path
120_150,rajendra_nagar_heavy_rain_demo,120,150,1800,RN_INLET_00103,RN_DNODE_00295,RN_DRAIN_00524,RN_ROAD_00004,112,98,197.9437599182129,0.10996875551011827,0.4840443716707854,synthetic_manning_scenario,0,first_eligible_inlet_on_d8_path
120_150,rajendra_nagar_heavy_rain_demo,120,150,1800,RN_INLET_00104,RN_DNODE_00296,RN_DRAIN_00428,RN_ROAD_00036,104,98,231.58125686645508,0.12865625381469725,0.30116185815577506,synthetic_manning_scenario,0,first_eligible_inlet_on_d8_path
120_150,rajendra_nagar_heavy_rain_demo,120,150,1800,RN_INLET_00105,RN_DNODE_00297,RN_DRAIN_00418,RN_ROAD_00040,103,98,43.98750305175781,0.024437501695421006,0.03485428291526828,synthetic_manning_scenario,0,first_eligible_inlet_on_d8_path
120_150,rajendra_nagar_heavy_rain_demo,120,150,1800,RN_INLET_00106,RN_DNODE_00298,RN_DRAIN_00393,RN_ROAD_00053,101,98,659.8125381469727,0.3665625211927626,0.09803784543033917,synthetic_manning_scenario,0,first_eligible_inlet_on_d8_path
120_150,rajendra_nagar_heavy_rain_demo,120,150,1800,RN_INLET_00107,RN_DNODE_00299,RN_DRAIN_00206,RN_ROAD_00344,86,98,89.26875495910645,0.04959375275505914,0.02637752433631995,synthetic_manning_scenario,0,first_eligible_inlet_on_d8_path
120_150,rajendra_nagar_heavy_rain_demo,120,150,1800,RN_INLET_00108,RN_DNODE_00300,RN_DRAIN_00193,RN_ROAD_00527,85,98,67.27500343322754,0.03737500190734863,0.03485428291526828,synthetic_manning_scenario,0,first_eligible_inlet_on_d8_path
120_150,rajendra_nagar_heavy_rain_demo,120,150,1800,RN_INLET_00112,RN_DNODE_00304,RN_DRAIN_00130,RN_ROAD_00547,80,98,85.38750457763672,0.04743750254313151,1.0620185911123488,synthetic_manning_scenario,0,first_eligible_inlet_on_d8_path
120_150,rajendra_nagar_heavy_rain_demo,120,150,1800,RN_INLET_00114,RN_DNODE_00314,RN_DRAIN_00441,RN_ROAD_00033,105,99,87.97500610351562,0.04887500339084201,0.30116185815577506,synthetic_manning_scenario,0,first_eligible_inlet_on_d8_path
120_150,rajendra_nagar_heavy_rain_demo,120,150,1800,RN_INLET_00115,RN_DNODE_00315,RN_DRAIN_00429,RN_ROAD_00033,104,99,43.98750305175781,0.024437501695421006,0.03485428291526828,synthetic_manning_scenario,0,first_eligible_inlet_on_d8_path
120_150,rajendra_nagar_heavy_rain_demo,120,150,1800,RN_INLET_00118,RN_DNODE_00318,RN_DRAIN_00194,RN_ROAD_00347,85,99,1185.0750427246094,0.6583750237358941,0.30116185815577506,synthetic_manning_scenario,0,first_eligible_inlet_on_d8_path
120_150,rajendra_nagar_heavy_rain_demo,120,150,1800,RN_INLET_00119,RN_DNODE_00319,RN_DRAIN_00182,RN_ROAD_00348,84,99,67.27500343322754,0.03737500190734863,0.03484430030503481,synthetic_manning_scenario,0,first_eligible_inlet_on_d8_path
120_150,rajendra_nagar_heavy_rain_demo,120,150,1800,RN_INLET_00121,RN_DNODE_00328,RN_DRAIN_00530,RN_ROAD_00002,113,100,45.28125190734863,0.02515625105963813,0.1272696969192279,synthetic_manning_scenario,0,first_eligible_inlet_on_d8_path
120_150,rajendra_nagar_heavy_rain_demo,120,150,1800,RN_INLET_00122,RN_DNODE_00329,RN_DRAIN_00453,RN_ROAD_00034,106,100,671.4562873840332,0.37303127076890735,0.02637752433631995,synthetic_manning_scenario,0,first_eligible_inlet_on_d8_path
120_150,rajendra_nagar_heavy_rain_demo,120,150,1800,RN_INLET_00123,RN_DNODE_00330,RN_DRAIN_00442,RN_ROAD_00034,105,100,21.993751525878906,0.012218750847710503,0.30124813859248456,synthetic_manning_scenario,0,first_eligible_inlet_on_d8_path
120_150,rajendra_nagar_heavy_rain_demo,120,150,1800,RN_INLET_00124,RN_DNODE_00333,RN_DRAIN_00131,RN_ROAD_00634,80,100,69.86250114440918,0.03881250063578288,0.22781081406408252,synthetic_manning_scenario,0,first_eligible_inlet_on_d8_path
120_150,rajendra_nagar_heavy_rain_demo,120,150,1800,RN_INLET_00125,RN_DNODE_00339,RN_DRAIN_00534,RN_ROAD_00011,114,101,179.8312530517578,0.099906251695421,1.0125751333185353,synthetic_manning_scenario,0,first_eligible_inlet_on_d8_path
120_150,rajendra_nagar_heavy_rain_demo,120,150,1800,RN_INLET_00126,RN_DNODE_00340,RN_DRAIN_00531,RN_ROAD_00003,113,101,126.78750610351562,0.07043750339084201,0.03485428291526828,synthetic_manning_scenario,0,first_eligible_inlet_on_d8_path
120_150,rajendra_nagar_heavy_rain_demo,120,150,1800,RN_INLET_00127,RN_DNODE_00341,RN_DRAIN_00443,RN_ROAD_00034,105,101,188.88750648498535,0.10493750360276964,0.5674438686929558,synthetic_manning_scenario,0,first_eligible_inlet_on_d8_path
120_150,rajendra_nagar_heavy_rain_demo,120,150,1800,RN_INLET_00128,RN_DNODE_00344,RN_DRAIN_00142,RN_ROAD_00353,81,101,197.94375610351562,0.10996875339084201,0.10542103561186149,synthetic_manning_scenario,0,first_eligible_inlet_on_d8_path
120_150,rajendra_nagar_heavy_rain_demo,120,150,1800,RN_INLET_00129,RN_DNODE_00348,RN_DRAIN_00444,RN_ROAD_00035,105,102,67.27500343322754,0.03737500190734863,1.036783363348529,synthetic_manning_scenario,0,first_eligible_inlet_on_d8_path
120_150,rajendra_nagar_heavy_rain_demo,120,150,1800,RN_INLET_00131,RN_DNODE_00353,RN_DRAIN_00143,RN_ROAD_00388,81,102,85.38750076293945,0.04743750042385525,0.03485428291526828,synthetic_manning_scenario,0,first_eligible_inlet_on_d8_path
120_150,rajendra_nagar_heavy_rain_demo,120,150,1800,RN_INLET_00132,RN_DNODE_00356,RN_DRAIN_00454,RN_ROAD_00017,106,103,107.38125610351562,0.05965625339084201,1.4082442328435159,synthetic_manning_scenario,0,first_eligible_inlet_on_d8_path
120_150,rajendra_nagar_heavy_rain_demo,120,150,1800,RN_INLET_00134,RN_DNODE_00359,RN_DRAIN_00208,RN_ROAD_00356,86,103,473.51252365112305,0.2630625131395128,0.09006678976697921,synthetic_manning_scenario,0,first_eligible_inlet_on_d8_path
120_150,rajendra_nagar_heavy_rain_demo,120,150,1800,RN_INLET_00135,RN_DNODE_00360,RN_DRAIN_00144,RN_ROAD_00388,81,103,65.98125076293945,0.03665625042385525,0.10887560820568472,synthetic_manning_scenario,0,first_eligible_inlet_on_d8_path
120_150,rajendra_nagar_heavy_rain_demo,120,150,1800,RN_INLET_00136,RN_DNODE_00362,RN_DRAIN_00455,RN_ROAD_00016,106,104,362.25001335144043,0.2012500074174669,0.3425817481644578,synthetic_manning_scenario,0,first_eligible_inlet_on_d8_path
120_150,rajendra_nagar_heavy_rain_demo,120,150,1800,RN_INLET_00137,RN_DNODE_00364,RN_DRAIN_00277,RN_ROAD_00302,91,104,2225.250082015991,1.2362500455644396,0.30116185815577506,synthetic_manning_scenario,0,first_eligible_inlet_on_d8_path
120_150,rajendra_nagar_heavy_rain_demo,120,150,1800,RN_INLET_00138,RN_DNODE_00365,RN_DRAIN_00145,RN_ROAD_00388,81,104,109.96875381469727,0.06109375211927626,0.21676002461835764,synthetic_manning_scenario,0,first_eligible_inlet_on_d8_path
120_150,rajendra_nagar_heavy_rain_demo,120,150,1800,RN_INLET_00144,RN_DNODE_00375,RN_DRAIN_00318,RN_ROAD_00298,94,106,43.98750305175781,0.024437501695421006,0.03485428291526828,synthetic_manning_scenario,0,first_eligible_inlet_on_d8_path
120_150,rajendra_nagar_heavy_rain_demo,120,150,1800,RN_INLET_00145,RN_DNODE_00378,RN_DRAIN_00146,RN_ROAD_00388,81,106,135.8437557220459,0.07546875317891438,0.12524186330580878,synthetic_manning_scenario,0,first_eligible_inlet_on_d8_path
120_150,rajendra_nagar_heavy_rain_demo,120,150,1800,RN_INLET_00146,RN_DNODE_00382,RN_DRAIN_00476,RN_ROAD_00014,108,107,43.98750305175781,0.024437501695421006,1.5879626023456346,synthetic_manning_scenario,0,first_eligible_inlet_on_d8_path
120_150,rajendra_nagar_heavy_rain_demo,120,150,1800,RN_INLET_00148,RN_DNODE_00386,RN_DRAIN_00159,RN_ROAD_00386,82,107,113.85000419616699,0.06325000233120388,0.06828671863062642,synthetic_manning_scenario,0,first_eligible_inlet_on_d8_path
120_150,rajendra_nagar_heavy_rain_demo,120,150,1800,RN_INLET_00149,RN_DNODE_00391,RN_DRAIN_00477,RN_ROAD_00011,108,108,769.7812576293945,0.4276562542385525,0.30124813859248456,synthetic_manning_scenario,0,first_eligible_inlet_on_d8_path
120_150,rajendra_nagar_heavy_rain_demo,120,150,1800,RN_INLET_00150,RN_DNODE_00392,RN_DRAIN_00466,RN_ROAD_00014,107,108,227.70000648498535,0.12650000360276964,0.03484430030503481,synthetic_manning_scenario,0,first_eligible_inlet_on_d8_path
120_150,rajendra_nagar_heavy_rain_demo,120,150,1800,RN_INLET_00152,RN_DNODE_00395,RN_DRAIN_00306,RN_ROAD_00089,93,108,63.39375305175781,0.035218751695421005,0.02637752433631995,synthetic_manning_scenario,0,first_eligible_inlet_on_d8_path
120_150,rajendra_nagar_heavy_rain_demo,120,150,1800,RN_INLET_00153,RN_DNODE_00396,RN_DRAIN_00291,RN_ROAD_00089,92,108,992.3062973022461,0.5512812762790256,0.1120128954947173,synthetic_manning_scenario,0,first_eligible_inlet_on_d8_path
120_150,rajendra_nagar_heavy_rain_demo,120,150,1800,RN_INLET_00154,RN_DNODE_00397,RN_DRAIN_00169,RN_ROAD_00385,83,108,307.9125175476074,0.1710625097486708,0.03484430030503481,synthetic_manning_scenario,0,first_eligible_inlet_on_d8_path
120_150,rajendra_nagar_heavy_rain_demo,120,150,1800,RN_INLET_00155,RN_DNODE_00404,RN_DRAIN_00478,RN_ROAD_00011,108,109,41.400001525878906,0.023000000847710502,0.30124813859248456,synthetic_manning_scenario,0,first_eligible_inlet_on_d8_path
120_150,rajendra_nagar_heavy_rain_demo,120,150,1800,RN_INLET_00156,RN_DNODE_00405,RN_DRAIN_00467,RN_ROAD_00014,107,109,21.993751525878906,0.012218750847710503,0.03484430030503481,synthetic_manning_scenario,0,first_eligible_inlet_on_d8_path
120_150,rajendra_nagar_heavy_rain_demo,120,150,1800,RN_INLET_00158,RN_DNODE_00407,RN_DRAIN_00170,RN_ROAD_00363,83,109,86.68125343322754,0.04815625190734863,0.03485428291526828,synthetic_manning_scenario,0,first_eligible_inlet_on_d8_path
120_150,rajendra_nagar_heavy_rain_demo,120,150,1800,RN_INLET_00159,RN_DNODE_00408,RN_DRAIN_00035,RN_ROAD_00629,72,109,155.2500057220459,0.08625000317891439,0.03484430030503481,synthetic_manning_scenario,0,first_eligible_inlet_on_d8_path
120_150,rajendra_nagar_heavy_rain_demo,120,150,1800,RN_INLET_00160,RN_DNODE_00411,RN_DRAIN_00479,RN_ROAD_00024,108,110,148.78125762939453,0.08265625423855252,0.30124813859248456,synthetic_manning_scenario,0,first_eligible_inlet_on_d8_path
120_150,rajendra_nagar_heavy_rain_demo,120,150,1800,RN_INLET_00161,RN_DNODE_00412,RN_DRAIN_00468,RN_ROAD_00026,107,110,41.400001525878906,0.023000000847710502,0.03484430030503481,synthetic_manning_scenario,0,first_eligible_inlet_on_d8_path
120_150,rajendra_nagar_heavy_rain_demo,120,150,1800,RN_INLET_00163,RN_DNODE_00414,RN_DRAIN_00171,RN_ROAD_00374,83,110,64.68750190734863,0.03593750105963813,0.09781403471816273,synthetic_manning_scenario,0,first_eligible_inlet_on_d8_path
120_150,rajendra_nagar_heavy_rain_demo,120,150,1800,RN_INLET_00164,RN_DNODE_00415,RN_DRAIN_00069,RN_ROAD_00625,76,110,632.6437759399414,0.35146876441107855,0.13572767824149176,synthetic_manning_scenario,0,first_eligible_inlet_on_d8_path
120_150,rajendra_nagar_heavy_rain_demo,120,150,1800,RN_INLET_00165,RN_DNODE_00417,RN_DRAIN_00051,RN_ROAD_00625,74,110,81.50625038146973,0.04528125021192762,0.11248088992987894,synthetic_manning_scenario,0,first_eligible_inlet_on_d8_path
120_150,rajendra_nagar_heavy_rain_demo,120,150,1800,RN_INLET_00166,RN_DNODE_00418,RN_DRAIN_00043,RN_ROAD_00628,73,110,213.4687557220459,0.1185937531789144,0.03484430030503481,synthetic_manning_scenario,0,first_eligible_inlet_on_d8_path
120_150,rajendra_nagar_heavy_rain_demo,120,150,1800,RN_INLET_00167,RN_DNODE_00420,RN_DRAIN_00480,RN_ROAD_00024,108,111,21.993751525878906,0.012218750847710503,0.4455532640291579,synthetic_manning_scenario,0,first_eligible_inlet_on_d8_path
120_150,rajendra_nagar_heavy_rain_demo,120,150,1800,RN_INLET_00169,RN_DNODE_00423,RN_DRAIN_00183,RN_ROAD_00370,84,111,234.16876220703125,0.13009375678168403,0.04832201195748927,synthetic_manning_scenario,0,first_eligible_inlet_on_d8_path
120_150,rajendra_nagar_heavy_rain_demo,120,150,1800,RN_INLET_00170,RN_DNODE_00425,RN_DRAIN_00493,RN_ROAD_00024,109,112,566.6625137329102,0.31481250762939456,0.36701701471119386,synthetic_manning_scenario,0,first_eligible_inlet_on_d8_path
120_150,rajendra_nagar_heavy_rain_demo,120,150,1800,RN_INLET_00171,RN_DNODE_00426,RN_DRAIN_00481,RN_ROAD_00025,108,112,21.993751525878906,0.012218750847710503,0.11954287044878092,synthetic_manning_scenario,0,first_eligible_inlet_on_d8_path
120_150,rajendra_nagar_heavy_rain_demo,120,150,1800,RN_INLET_00172,RN_DNODE_00427,RN_DRAIN_00457,RN_ROAD_00105,106,112,760.725019454956,0.42262501080830894,0.03484430030503481,synthetic_manning_scenario,0,first_eligible_inlet_on_d8_path
120_150,rajendra_nagar_heavy_rain_demo,120,150,1800,RN_INLET_00173,RN_DNODE_00428,RN_DRAIN_00344,RN_ROAD_00086,95,112,41.400001525878906,0.023000000847710502,0.03485428291526828,synthetic_manning_scenario,0,first_eligible_inlet_on_d8_path
120_150,rajendra_nagar_heavy_rain_demo,120,150,1800,RN_INLET_00174,RN_DNODE_00430,RN_DRAIN_00184,RN_ROAD_00369,84,112,63.39375305175781,0.035218751695421005,0.1515365242075139,synthetic_manning_scenario,0,first_eligible_inlet_on_d8_path
120_150,rajendra_nagar_heavy_rain_demo,120,150,1800,RN_INLET_00175,RN_DNODE_00433,RN_DRAIN_00494,RN_ROAD_00025,109,113,41.400001525878906,0.023000000847710502,0.0980023540468388,synthetic_manning_scenario,0,first_eligible_inlet_on_d8_path
120_150,rajendra_nagar_heavy_rain_demo,120,150,1800,RN_INLET_00177,RN_DNODE_00435,RN_DRAIN_00322,RN_ROAD_00086,94,113,128.08125495910645,0.07115625275505913,0.30124813859248456,synthetic_manning_scenario,0,first_eligible_inlet_on_d8_path
120_150,rajendra_nagar_heavy_rain_demo,120,150,1800,RN_INLET_00178,RN_DNODE_00437,RN_DRAIN_00172,RN_ROAD_00373,83,113,644.2875289916992,0.35793751610649954,0.05158812602898853,synthetic_manning_scenario,0,first_eligible_inlet_on_d8_path
120_150,rajendra_nagar_heavy_rain_demo,120,150,1800,RN_INLET_00179,RN_DNODE_00438,RN_DRAIN_00528,RN_ROAD_00103,112,114,234.16876220703125,0.13009375678168403,0.22658585121858213,synthetic_manning_scenario,0,first_eligible_inlet_on_d8_path
120_150,rajendra_nagar_heavy_rain_demo,120,150,1800,RN_INLET_00180,RN_DNODE_00439,RN_DRAIN_00323,RN_ROAD_00172,94,114,21.993751525878906,0.012218750847710503,0.30124813859248456,synthetic_manning_scenario,0,first_eligible_inlet_on_d8_path
120_150,rajendra_nagar_heavy_rain_demo,120,150,1800,RN_INLET_00181,RN_DNODE_00440,RN_DRAIN_00308,RN_ROAD_00173,93,114,43.98750305175781,0.024437501695421006,0.03485428291526828,synthetic_manning_scenario,0,first_eligible_inlet_on_d8_path
120_150,rajendra_nagar_heavy_rain_demo,120,150,1800,RN_INLET_00182,RN_DNODE_00441,RN_DRAIN_00005,RN_ROAD_00604,68,114,85.38750457763672,0.04743750254313151,0.02637752433631995,synthetic_manning_scenario,0,first_eligible_inlet_on_d8_path
120_150,rajendra_nagar_heavy_rain_demo,120,150,1800,RN_INLET_00184,RN_DNODE_00446,RN_DRAIN_00345,RN_ROAD_00168,95,115,147.48750495910645,0.08193750275505914,0.6085297810986018,synthetic_manning_scenario,0,first_eligible_inlet_on_d8_path
120_150,rajendra_nagar_heavy_rain_demo,120,150,1800,RN_INLET_00185,RN_DNODE_00447,RN_DRAIN_00309,RN_ROAD_00173,93,115,442.46251487731934,0.24581250826517742,0.30116185815577506,synthetic_manning_scenario,0,first_eligible_inlet_on_d8_path
120_150,rajendra_nagar_heavy_rain_demo,120,150,1800,RN_INLET_00186,RN_DNODE_00448,RN_DRAIN_00292,RN_ROAD_00174,92,115,133.256254196167,0.07403125233120389,0.02637752433631995,synthetic_manning_scenario,0,first_eligible_inlet_on_d8_path
120_150,rajendra_nagar_heavy_rain_demo,120,150,1800,RN_INLET_00187,RN_DNODE_00449,RN_DRAIN_00011,RN_ROAD_00603,69,115,156.54375457763672,0.08696875254313151,0.41271576218229383,synthetic_manning_scenario,0,first_eligible_inlet_on_d8_path
120_150,rajendra_nagar_heavy_rain_demo,120,150,1800,RN_INLET_00188,RN_DNODE_00450,RN_DRAIN_00006,RN_ROAD_00608,68,115,21.993751525878906,0.012218750847710503,0.09631698738212754,synthetic_manning_scenario,0,first_eligible_inlet_on_d8_path
120_150,rajendra_nagar_heavy_rain_demo,120,150,1800,RN_INLET_00189,RN_DNODE_00452,RN_DRAIN_00374,RN_ROAD_00141,99,116,125.49375343322754,0.06971875190734864,0.100407978859947,synthetic_manning_scenario,0,first_eligible_inlet_on_d8_path
120_150,rajendra_nagar_heavy_rain_demo,120,150,1800,RN_INLET_00190,RN_DNODE_00453,RN_DRAIN_00367,RN_ROAD_00141,98,116,45.28125190734863,0.02515625105963813,0.12282979632326015,synthetic_manning_scenario,0,first_eligible_inlet_on_d8_path
120_150,rajendra_nagar_heavy_rain_demo,120,150,1800,RN_INLET_00191,RN_DNODE_00454,RN_DRAIN_00359,RN_ROAD_00143,97,116,602.8875141143799,0.33493750784132215,0.48087166299014095,synthetic_manning_scenario,0,first_eligible_inlet_on_d8_path
120_150,rajendra_nagar_heavy_rain_demo,120,150,1800,RN_INLET_00193,RN_DNODE_00456,RN_DRAIN_00016,RN_ROAD_00602,70,116,327.3187599182129,0.18184375551011828,0.12723324562335805,synthetic_manning_scenario,0,first_eligible_inlet_on_d8_path
120_150,rajendra_nagar_heavy_rain_demo,120,150,1800,RN_INLET_00194,RN_DNODE_00457,RN_DRAIN_00375,RN_ROAD_00140,99,117,21.993751525878906,0.012218750847710503,0.17518330495315723,synthetic_manning_scenario,0,first_eligible_inlet_on_d8_path
120_150,rajendra_nagar_heavy_rain_demo,120,150,1800,RN_INLET_00195,RN_DNODE_00458,RN_DRAIN_00368,RN_ROAD_00143,98,117,490.33127212524414,0.2724062622918023,0.391656185493259,synthetic_manning_scenario,0,first_eligible_inlet_on_d8_path
120_150,rajendra_nagar_heavy_rain_demo,120,150,1800,RN_INLET_00196,RN_DNODE_00460,RN_DRAIN_00077,RN_ROAD_00472,77,117,67.27500343322754,0.03737500190734863,0.1272696969192279,synthetic_manning_scenario,0,first_eligible_inlet_on_d8_path
120_150,rajendra_nagar_heavy_rain_demo,120,150,1800,RN_INLET_00197,RN_DNODE_00461,RN_DRAIN_00070,RN_ROAD_00473,76,117,65.98125457763672,0.03665625254313151,0.3887914862481728,synthetic_manning_scenario,0,first_eligible_inlet_on_d8_path
120_150,rajendra_nagar_heavy_rain_demo,120,150,1800,RN_INLET_00198,RN_DNODE_00462,RN_DRAIN_00061,RN_ROAD_00473,75,117,63.39375305175781,0.035218751695421005,0.27705159099154153,synthetic_manning_scenario,0,first_eligible_inlet_on_d8_path
120_150,rajendra_nagar_heavy_rain_demo,120,150,1800,RN_INLET_00199,RN_DNODE_00463,RN_DRAIN_00052,RN_ROAD_00599,74,117,472.2187671661377,0.26234375953674316,0.1272696969192279,synthetic_manning_scenario,0,first_eligible_inlet_on_d8_path
120_150,rajendra_nagar_heavy_rain_demo,120,150,1800,RN_INLET_00200,RN_DNODE_00464,RN_DRAIN_00044,RN_ROAD_00598,73,117,68.56875228881836,0.03809375127156576,0.642398926061122,synthetic_manning_scenario,0,first_eligible_inlet_on_d8_path
120_150,rajendra_nagar_heavy_rain_demo,120,150,1800,RN_INLET_00201,RN_DNODE_00465,RN_DRAIN_00036,RN_ROAD_00598,72,117,80.2125015258789,0.044562500847710504,0.5725232749926845,synthetic_manning_scenario,0,first_eligible_inlet_on_d8_path
120_150,rajendra_nagar_heavy_rain_demo,120,150,1800,RN_INLET_00202,RN_DNODE_00466,RN_DRAIN_00029,RN_ROAD_00602,71,117,68.56875228881836,0.03809375127156576,0.12723324562335805,synthetic_manning_scenario,0,first_eligible_inlet_on_d8_path
120_150,rajendra_nagar_heavy_rain_demo,120,150,1800,RN_INLET_00203,RN_DNODE_00467,RN_DRAIN_00017,RN_ROAD_00607,70,117,423.05626487731934,0.2350312582651774,0.03485428291526828,synthetic_manning_scenario,0,first_eligible_inlet_on_d8_path
120_150,rajendra_nagar_heavy_rain_demo,120,150,1800,RN_INLET_00204,RN_DNODE_00468,RN_DRAIN_00394,RN_ROAD_00104,101,118,1001.3625202178955,0.5563125112321642,0.18293911365381266,synthetic_manning_scenario,0,first_eligible_inlet_on_d8_path
120_150,rajendra_nagar_heavy_rain_demo,120,150,1800,RN_INLET_00205,RN_DNODE_00469,RN_DRAIN_00383,RN_ROAD_00109,100,118,109.96875762939453,0.06109375423855252,0.1353812142771686,synthetic_manning_scenario,0,first_eligible_inlet_on_d8_path
120_150,rajendra_nagar_heavy_rain_demo,120,150,1800,RN_INLET_00206,RN_DNODE_00470,RN_DRAIN_00324,RN_ROAD_00171,94,118,579.6000270843506,0.32200001504686143,0.9125867707273617,synthetic_manning_scenario,0,first_eligible_inlet_on_d8_path
120_150,rajendra_nagar_heavy_rain_demo,120,150,1800,RN_INLET_00207,RN_DNODE_00471,RN_DRAIN_00133,RN_ROAD_00467,80,118,45.28125190734863,0.02515625105963813,0.03485428291526828,synthetic_manning_scenario,0,first_eligible_inlet_on_d8_path
120_150,rajendra_nagar_heavy_rain_demo,120,150,1800,RN_INLET_00208,RN_DNODE_00472,RN_DRAIN_00119,RN_ROAD_00468,79,118,43.98750305175781,0.024437501695421006,0.1272696969192279,synthetic_manning_scenario,0,first_eligible_inlet_on_d8_path
120_150,rajendra_nagar_heavy_rain_demo,120,150,1800,RN_INLET_00209,RN_DNODE_00473,RN_DRAIN_00102,RN_ROAD_00468,78,118,109.96875381469727,0.06109375211927626,0.12723324562335805,synthetic_manning_scenario,0,first_eligible_inlet_on_d8_path
120_150,rajendra_nagar_heavy_rain_demo,120,150,1800,RN_INLET_00212,RN_DNODE_00477,RN_DRAIN_00195,RN_ROAD_00437,85,119,67.27500343322754,0.03737500190734863,0.03485428291526828,synthetic_manning_scenario,0,first_eligible_inlet_on_d8_path
120_150,rajendra_nagar_heavy_rain_demo,120,150,1800,RN_INLET_00213,RN_DNODE_00478,RN_DRAIN_00185,RN_ROAD_00437,84,119,68.56875228881836,0.03809375127156576,0.03485428291526828,synthetic_manning_scenario,0,first_eligible_inlet_on_d8_path
120_150,rajendra_nagar_heavy_rain_demo,120,150,1800,RN_INLET_00214,RN_DNODE_00479,RN_DRAIN_00173,RN_ROAD_00442,83,119,67.27500343322754,0.03737500190734863,0.09995654869004258,synthetic_manning_scenario,0,first_eligible_inlet_on_d8_path
120_150,rajendra_nagar_heavy_rain_demo,120,150,1800,RN_INLET_00215,RN_DNODE_00480,RN_DRAIN_00160,RN_ROAD_00454,82,119,68.56875228881836,0.03809375127156576,0.06233696028667062,synthetic_manning_scenario,0,first_eligible_inlet_on_d8_path
120_150,rajendra_nagar_heavy_rain_demo,120,150,1800,RN_INLET_00216,RN_DNODE_00481,RN_DRAIN_00147,RN_ROAD_00457,81,119,196.6500072479248,0.1092500040266249,0.03485428291526828,synthetic_manning_scenario,0,first_eligible_inlet_on_d8_path
120_150,rajendra_nagar_heavy_rain_demo,120,150,1800,RN_INLET_00217,RN_DNODE_00482,RN_DRAIN_00134,RN_ROAD_00457,80,119,43.98750305175781,0.024437501695421006,0.03484430030503481,synthetic_manning_scenario,0,first_eligible_inlet_on_d8_path
120_150,rajendra_nagar_heavy_rain_demo,120,150,1800,RN_INLET_00219,RN_DNODE_00486,RN_DRAIN_00209,RN_ROAD_00401,86,120,711.562536239624,0.39531252013312446,0.03484430030503481,synthetic_manning_scenario,0,first_eligible_inlet_on_d8_path
120_150,rajendra_nagar_heavy_rain_demo,120,150,1800,RN_INLET_00221,RN_DNODE_00489,RN_DRAIN_00327,RN_ROAD_00162,94,121,109.96875762939453,0.06109375423855252,0.5266848835674651,synthetic_manning_scenario,0,first_eligible_inlet_on_d8_path
120_150,rajendra_nagar_heavy_rain_demo,120,150,1800,RN_INLET_00224,RN_DNODE_00493,RN_DRAIN_00328,RN_ROAD_00161,94,122,2474.9438095092773,1.3749687830607096,1.73635575785819,synthetic_manning_scenario,0,first_eligible_inlet_on_d8_path
120_150,rajendra_nagar_heavy_rain_demo,120,150,1800,RN_INLET_00227,RN_DNODE_00500,RN_DRAIN_00360,RN_ROAD_00153,97,126,165.60000610351562,0.09200000339084201,0.1948011871441529,synthetic_manning_scenario,0,first_eligible_inlet_on_d8_path
120_150,rajendra_nagar_heavy_rain_demo,120,150,1800,RN_INLET_00228,RN_DNODE_00503,RN_DRAIN_00062,RN_ROAD_00480,75,126,43.98750305175781,0.024437501695421006,0.03485428291526828,synthetic_manning_scenario,0,first_eligible_inlet_on_d8_path
120_150,rajendra_nagar_heavy_rain_demo,120,150,1800,RN_INLET_00229,RN_DNODE_00504,RN_DRAIN_00053,RN_ROAD_00480,74,126,1628.8312873840332,0.9049062707689073,0.15694054372586286,synthetic_manning_scenario,0,first_eligible_inlet_on_d8_path
120_150,rajendra_nagar_heavy_rain_demo,120,150,1800,RN_INLET_00231,RN_DNODE_00508,RN_DRAIN_00361,RN_ROAD_00153,97,127,222.52500343322754,0.12362500190734864,0.2317547361496302,synthetic_manning_scenario,0,first_eligible_inlet_on_d8_path
120_150,rajendra_nagar_heavy_rain_demo,120,150,1800,RN_INLET_00234,RN_DNODE_00518,RN_DRAIN_00395,RN_ROAD_00120,101,128,884.9250240325928,0.49162501335144043,0.14778712746867345,synthetic_manning_scenario,0,first_eligible_inlet_on_d8_path
120_150,rajendra_nagar_heavy_rain_demo,120,150,1800,RN_INLET_00235,RN_DNODE_00519,RN_DRAIN_00362,RN_ROAD_00155,97,128,65.98125457763672,0.03665625254313151,0.17218079283976848,synthetic_manning_scenario,0,first_eligible_inlet_on_d8_path
120_150,rajendra_nagar_heavy_rain_demo,120,150,1800,RN_INLET_00236,RN_DNODE_00520,RN_DRAIN_00354,RN_ROAD_00155,96,128,102.20625305175781,0.05678125169542101,0.8904712544361131,synthetic_manning_scenario,0,first_eligible_inlet_on_d8_path
120_150,rajendra_nagar_heavy_rain_demo,120,150,1800,RN_INLET_00237,RN_DNODE_00521,RN_DRAIN_00348,RN_ROAD_00155,95,128,19.40625,0.01078125,0.2764107810710812,synthetic_manning_scenario,0,first_eligible_inlet_on_d8_path
120_150,rajendra_nagar_heavy_rain_demo,120,150,1800,RN_INLET_00239,RN_DNODE_00527,RN_DRAIN_00355,RN_ROAD_00155,96,129,60.806251525878906,0.033781250847710505,0.18626342708702154,synthetic_manning_scenario,0,first_eligible_inlet_on_d8_path
120_150,rajendra_nagar_heavy_rain_demo,120,150,1800,RN_INLET_00240,RN_DNODE_00528,RN_DRAIN_00349,RN_ROAD_00155,95,129,21.993751525878906,0.012218750847710503,0.09203450505564478,synthetic_manning_scenario,0,first_eligible_inlet_on_d8_path
120_150,rajendra_nagar_heavy_rain_demo,120,150,1800,RN_INLET_00241,RN_DNODE_00529,RN_DRAIN_00335,RN_ROAD_00155,94,129,203.11875343322754,0.11284375190734863,0.19300346415305064,synthetic_manning_scenario,0,first_eligible_inlet_on_d8_path
120_150,rajendra_nagar_heavy_rain_demo,120,150,1800,RN_INLET_00242,RN_DNODE_00535,RN_DRAIN_00377,RN_ROAD_00123,99,130,63.39375305175781,0.035218751695421005,0.03485428291526828,synthetic_manning_scenario,0,first_eligible_inlet_on_d8_path
120_150,rajendra_nagar_heavy_rain_demo,120,150,1800,RN_INLET_00243,RN_DNODE_00536,RN_DRAIN_00369,RN_ROAD_00127,98,130,212.17500686645508,0.11787500381469726,0.18393770855067063,synthetic_manning_scenario,0,first_eligible_inlet_on_d8_path
120_150,rajendra_nagar_heavy_rain_demo,120,150,1800,RN_INLET_00245,RN_DNODE_00540,RN_DRAIN_00378,RN_ROAD_00123,99,131,131.96250534057617,0.07331250296698676,0.1348146985507728,synthetic_manning_scenario,0,first_eligible_inlet_on_d8_path
120_150,rajendra_nagar_heavy_rain_demo,120,150,1800,RN_INLET_00247,RN_DNODE_00544,RN_DRAIN_00384,RN_ROAD_00123,100,132,508.44376373291016,0.28246875762939455,0.15013191509707569,synthetic_manning_scenario,0,first_eligible_inlet_on_d8_path
120_150,rajendra_nagar_heavy_rain_demo,120,150,1800,RN_INLET_00248,RN_DNODE_00546,RN_DRAIN_00219,RN_ROAD_00407,87,132,584.7750129699707,0.3248750072055393,0.07396532506289491,synthetic_manning_scenario,0,first_eligible_inlet_on_d8_path
120_150,rajendra_nagar_heavy_rain_demo,120,150,1800,RN_INLET_00249,RN_DNODE_00547,RN_DRAIN_00385,RN_ROAD_00123,100,133,65.98125457763672,0.03665625254313151,0.03485428291526828,synthetic_manning_scenario,0,first_eligible_inlet_on_d8_path
120_150,rajendra_nagar_heavy_rain_demo,120,150,1800,RN_INLET_00250,RN_DNODE_00548,RN_DRAIN_00252,RN_ROAD_00183,89,133,392.0062618255615,0.21778125656975642,0.18704808214959012,synthetic_manning_scenario,0,first_eligible_inlet_on_d8_path
120_150,rajendra_nagar_heavy_rain_demo,120,150,1800,RN_INLET_00251,RN_DNODE_00549,RN_DRAIN_00386,RN_ROAD_00118,100,134,63.39375305175781,0.035218751695421005,0.03485428291526828,synthetic_manning_scenario,0,first_eligible_inlet_on_d8_path
120_150,rajendra_nagar_heavy_rain_demo,120,150,1800,RN_INLET_00253,RN_DNODE_00551,RN_DRAIN_00396,RN_ROAD_00115,101,135,126.78750610351562,0.07043750339084201,0.08345058337269148,synthetic_manning_scenario,0,first_eligible_inlet_on_d8_path
120_150,rajendra_nagar_heavy_rain_demo,120,150,1800,RN_INLET_00255,RN_DNODE_00553,RN_DRAIN_00397,RN_ROAD_00119,101,136,21.993751525878906,0.012218750847710503,0.16888414661568568,synthetic_manning_scenario,0,first_eligible_inlet_on_d8_path
120_150,rajendra_nagar_heavy_rain_demo,120,150,1800,RN_INLET_00258,RN_DNODE_00556,RN_DRAIN_00238,RN_ROAD_00184,88,137,85.38750457763672,0.04743750254313151,0.03484430030503481,synthetic_manning_scenario,0,first_eligible_inlet_on_d8_path
150_180,rajendra_nagar_heavy_rain_demo,150,180,1800,RN_INLET_00003,RN_DNODE_00003,RN_DRAIN_00198,RN_ROAD_00503,86,68,14.175000190734863,0.007875000105963812,0.03485428291526828,synthetic_manning_scenario,0,first_eligible_inlet_on_d8_path
150_180,rajendra_nagar_heavy_rain_demo,150,180,1800,RN_INLET_00004,RN_DNODE_00004,RN_DRAIN_00149,RN_ROAD_00520,82,68,40.95000171661377,0.022750000953674316,0.13705656053423662,synthetic_manning_scenario,0,first_eligible_inlet_on_d8_path
150_180,rajendra_nagar_heavy_rain_demo,150,180,1800,RN_INLET_00005,RN_DNODE_00007,RN_DRAIN_00199,RN_ROAD_00508,86,69,106.31250286102295,0.059062501589457195,0.03485428291526828,synthetic_manning_scenario,0,first_eligible_inlet_on_d8_path
150_180,rajendra_nagar_heavy_rain_demo,150,180,1800,RN_INLET_00006,RN_DNODE_00008,RN_DRAIN_00150,RN_ROAD_00522,82,69,13.387500762939453,0.007437500423855252,0.03485428291526828,synthetic_manning_scenario,0,first_eligible_inlet_on_d8_path
150_180,rajendra_nagar_heavy_rain_demo,150,180,1800,RN_INLET_00007,RN_DNODE_00010,RN_DRAIN_00200,RN_ROAD_00507,86,70,67.72500324249268,0.03762500180138482,0.03484430030503481,synthetic_manning_scenario,0,first_eligible_inlet_on_d8_path
150_180,rajendra_nagar_heavy_rain_demo,150,180,1800,RN_INLET_00008,RN_DNODE_00011,RN_DRAIN_00151,RN_ROAD_00522,82,70,149.62500476837158,0.08312500264909532,0.03485428291526828,synthetic_manning_scenario,0,first_eligible_inlet_on_d8_path
150_180,rajendra_nagar_heavy_rain_demo,150,180,1800,RN_INLET_00010,RN_DNODE_00015,RN_DRAIN_00210,RN_ROAD_00498,87,71,65.36250305175781,0.03631250169542101,0.03485428291526828,synthetic_manning_scenario,0,first_eligible_inlet_on_d8_path
150_180,rajendra_nagar_heavy_rain_demo,150,180,1800,RN_INLET_00011,RN_DNODE_00016,RN_DRAIN_00152,RN_ROAD_00522,82,71,13.387500762939453,0.007437500423855252,0.04100835586442703,synthetic_manning_scenario,0,first_eligible_inlet_on_d8_path
150_180,rajendra_nagar_heavy_rain_demo,150,180,1800,RN_INLET_00012,RN_DNODE_00017,RN_DRAIN_00240,RN_ROAD_00273,89,72,230.73750400543213,0.12818750222524009,0.03485428291526828,synthetic_manning_scenario,0,first_eligible_inlet_on_d8_path
150_180,rajendra_nagar_heavy_rain_demo,150,180,1800,RN_INLET_00013,RN_DNODE_00018,RN_DRAIN_00220,RN_ROAD_00273,88,72,174.82500553131104,0.09712500307295058,0.12723324562335805,synthetic_manning_scenario,0,first_eligible_inlet_on_d8_path
150_180,rajendra_nagar_heavy_rain_demo,150,180,1800,RN_INLET_00014,RN_DNODE_00019,RN_DRAIN_00153,RN_ROAD_00522,82,72,65.36250114440918,0.036312500635782875,0.03485428291526828,synthetic_manning_scenario,0,first_eligible_inlet_on_d8_path
150_180,rajendra_nagar_heavy_rain_demo,150,180,1800,RN_INLET_00016,RN_DNODE_00021,RN_DRAIN_00241,RN_ROAD_00273,89,73,39.375000953674316,0.021875000529819066,0.12723324562335805,synthetic_manning_scenario,0,first_eligible_inlet_on_d8_path
150_180,rajendra_nagar_heavy_rain_demo,150,180,1800,RN_INLET_00017,RN_DNODE_00022,RN_DRAIN_00221,RN_ROAD_00499,88,73,67.72500324249268,0.03762500180138482,0.03485428291526828,synthetic_manning_scenario,0,first_eligible_inlet_on_d8_path
150_180,rajendra_nagar_heavy_rain_demo,150,180,1800,RN_INLET_00018,RN_DNODE_00023,RN_DRAIN_00154,RN_ROAD_00522,82,73,198.45000553131104,0.11025000307295058,0.03485428291526828,synthetic_manning_scenario,0,first_eligible_inlet_on_d8_path
150_180,rajendra_nagar_heavy_rain_demo,150,180,1800,RN_INLET_00020,RN_DNODE_00026,RN_DRAIN_00257,RN_ROAD_00502,90,74,41.73750114440918,0.023187500635782878,0.7029886526903337,synthetic_manning_scenario,0,first_eligible_inlet_on_d8_path
150_180,rajendra_nagar_heavy_rain_demo,150,180,1800,RN_INLET_00021,RN_DNODE_00027,RN_DRAIN_00155,RN_ROAD_00522,82,74,82.68750286102295,0.0459375015894572,0.03484430030503481,synthetic_manning_scenario,0,first_eligible_inlet_on_d8_path
150_180,rajendra_nagar_heavy_rain_demo,150,180,1800,RN_INLET_00025,RN_DNODE_00032,RN_DRAIN_00072,RN_ROAD_00562,77,75,66.15000247955322,0.03675000137752957,0.12723324562335805,synthetic_manning_scenario,0,first_eligible_inlet_on_d8_path
150_180,rajendra_nagar_heavy_rain_demo,150,180,1800,RN_INLET_00026,RN_DNODE_00033,RN_DRAIN_00064,RN_ROAD_00582,76,75,183.4875030517578,0.10193750169542101,0.1272696969192279,synthetic_manning_scenario,0,first_eligible_inlet_on_d8_path
150_180,rajendra_nagar_heavy_rain_demo,150,180,1800,RN_INLET_00027,RN_DNODE_00034,RN_DRAIN_00054,RN_ROAD_00583,75,75,13.387500762939453,0.007437500423855252,0.08940774616670524,synthetic_manning_scenario,0,first_eligible_inlet_on_d8_path
150_180,rajendra_nagar_heavy_rain_demo,150,180,1800,RN_INLET_00029,RN_DNODE_00038,RN_DRAIN_00136,RN_ROAD_00555,81,76,26.775001525878906,0.014875000847710504,0.02637752433631995,synthetic_manning_scenario,0,first_eligible_inlet_on_d8_path
150_180,rajendra_nagar_heavy_rain_demo,150,180,1800,RN_INLET_00030,RN_DNODE_00039,RN_DRAIN_00121,RN_ROAD_00568,80,76,88.98750305175781,0.04943750169542101,0.12723324562335805,synthetic_manning_scenario,0,first_eligible_inlet_on_d8_path
150_180,rajendra_nagar_heavy_rain_demo,150,180,1800,RN_INLET_00031,RN_DNODE_00040,RN_DRAIN_00081,RN_ROAD_00560,78,76,65.36250305175781,0.03631250169542101,0.5017366265441451,synthetic_manning_scenario,0,first_eligible_inlet_on_d8_path
150_180,rajendra_nagar_heavy_rain_demo,150,180,1800,RN_INLET_00032,RN_DNODE_00047,RN_DRAIN_00137,RN_ROAD_00543,81,77,13.387500762939453,0.007437500423855252,0.02637752433631995,synthetic_manning_scenario,0,first_eligible_inlet_on_d8_path
150_180,rajendra_nagar_heavy_rain_demo,150,180,1800,RN_INLET_00033,RN_DNODE_00048,RN_DRAIN_00122,RN_ROAD_00558,80,77,26.775001525878906,0.014875000847710504,0.03484430030503481,synthetic_manning_scenario,0,first_eligible_inlet_on_d8_path
150_180,rajendra_nagar_heavy_rain_demo,150,180,1800,RN_INLET_00034,RN_DNODE_00049,RN_DRAIN_00105,RN_ROAD_00558,79,77,13.387500762939453,0.007437500423855252,0.1272696969192279,synthetic_manning_scenario,0,first_eligible_inlet_on_d8_path
150_180,rajendra_nagar_heavy_rain_demo,150,180,1800,RN_INLET_00037,RN_DNODE_00059,RN_DRAIN_00447,RN_ROAD_00235,106,79,26.775001525878906,0.014875000847710504,0.05446815070334662,synthetic_manning_scenario,0,first_eligible_inlet_on_d8_path
150_180,rajendra_nagar_heavy_rain_demo,150,180,1800,RN_INLET_00039,RN_DNODE_00068,RN_DRAIN_00433,RN_ROAD_00234,105,80,147.26250171661377,0.08181250095367432,0.1272696969192279,synthetic_manning_scenario,0,first_eligible_inlet_on_d8_path
150_180,rajendra_nagar_heavy_rain_demo,150,180,1800,RN_INLET_00040,RN_DNODE_00069,RN_DRAIN_00421,RN_ROAD_00235,104,80,1064.7000141143799,0.5915000078413222,0.12723324562335805,synthetic_manning_scenario,0,first_eligible_inlet_on_d8_path
150_180,rajendra_nagar_heavy_rain_demo,150,180,1800,RN_INLET_00041,RN_DNODE_00071,RN_DRAIN_00174,RN_ROAD_00290,84,80,263.81250858306885,0.14656250476837157,0.14154681932172938,synthetic_manning_scenario,0,first_eligible_inlet_on_d8_path
150_180,rajendra_nagar_heavy_rain_demo,150,180,1800,RN_INLET_00043,RN_DNODE_00078,RN_DRAIN_00175,RN_ROAD_00291,84,81,40.95000171661377,0.022750000953674316,0.2530359490024738,synthetic_manning_scenario,0,first_eligible_inlet_on_d8_path
150_180,rajendra_nagar_heavy_rain_demo,150,180,1800,RN_INLET_00044,RN_DNODE_00079,RN_DRAIN_00086,RN_ROAD_00571,78,81,220.50000762939453,0.12250000423855252,0.30124813859248456,synthetic_manning_scenario,0,first_eligible_inlet_on_d8_path
150_180,rajendra_nagar_heavy_rain_demo,150,180,1800,RN_INLET_00047,RN_DNODE_00088,RN_DRAIN_00087,RN_ROAD_00584,78,82,590.625018119812,0.32812501006656225,2.002281704829388,synthetic_manning_scenario,0,first_eligible_inlet_on_d8_path
150_180,rajendra_nagar_heavy_rain_demo,150,180,1800,RN_INLET_00048,RN_DNODE_00096,RN_DRAIN_00186,RN_ROAD_00289,85,83,241.7625093460083,0.13431250519222684,0.151090496238554,synthetic_manning_scenario,0,first_eligible_inlet_on_d8_path
150_180,rajendra_nagar_heavy_rain_demo,150,180,1800,RN_INLET_00049,RN_DNODE_00097,RN_DRAIN_00088,RN_ROAD_00569,78,83,13.387500762939453,0.007437500423855252,1.878999507826128,synthetic_manning_scenario,0,first_eligible_inlet_on_d8_path
150_180,rajendra_nagar_heavy_rain_demo,150,180,1800,RN_INLET_00052,RN_DNODE_00104,RN_DRAIN_00187,RN_ROAD_00289,85,84,39.375000953674316,0.021875000529819066,0.044467843567026905,synthetic_manning_scenario,0,first_eligible_inlet_on_d8_path
150_180,rajendra_nagar_heavy_rain_demo,150,180,1800,RN_INLET_00053,RN_DNODE_00105,RN_DRAIN_00089,RN_ROAD_00573,78,84,110.25000381469727,0.06125000211927626,1.8362178351593588,synthetic_manning_scenario,0,first_eligible_inlet_on_d8_path
150_180,rajendra_nagar_heavy_rain_demo,150,180,1800,RN_INLET_00054,RN_DNODE_00111,RN_DRAIN_00285,RN_ROAD_00235,92,85,797.7375116348267,0.44318750646379257,0.03484430030503481,synthetic_manning_scenario,0,first_eligible_inlet_on_d8_path
150_180,rajendra_nagar_heavy_rain_demo,150,180,1800,RN_INLET_00055,RN_DNODE_00112,RN_DRAIN_00226,RN_ROAD_00285,88,85,873.3375082015991,0.48518750455644394,0.2262936821084416,synthetic_manning_scenario,0,first_eligible_inlet_on_d8_path
150_180,rajendra_nagar_heavy_rain_demo,150,180,1800,RN_INLET_00056,RN_DNODE_00113,RN_DRAIN_00188,RN_ROAD_00289,85,85,38.587501525878906,0.021437500847710504,0.13686859948507724,synthetic_manning_scenario,0,first_eligible_inlet_on_d8_path
150_180,rajendra_nagar_heavy_rain_demo,150,180,1800,RN_INLET_00057,RN_DNODE_00114,RN_DRAIN_00108,RN_ROAD_00572,79,85,25.200000762939453,0.014000000423855252,0.05279460013290454,synthetic_manning_scenario,0,first_eligible_inlet_on_d8_path
150_180,rajendra_nagar_heavy_rain_demo,150,180,1800,RN_INLET_00058,RN_DNODE_00115,RN_DRAIN_00090,RN_ROAD_00572,78,85,63.78750038146973,0.035437500211927625,2.0143420369081957,synthetic_manning_scenario,0,first_eligible_inlet_on_d8_path
150_180,rajendra_nagar_heavy_rain_demo,150,180,1800,RN_INLET_00064,RN_DNODE_00135,RN_DRAIN_00201,RN_ROAD_00288,86,87,38.587501525878906,0.021437500847710504,0.14808812947220454,synthetic_manning_scenario,0,first_eligible_inlet_on_d8_path
150_180,rajendra_nagar_heavy_rain_demo,150,180,1800,RN_INLET_00067,RN_DNODE_00152,RN_DRAIN_00189,RN_ROAD_00289,85,88,13.387500762939453,0.007437500423855252,0.2781184424317617,synthetic_manning_scenario,0,first_eligible_inlet_on_d8_path
150_180,rajendra_nagar_heavy_rain_demo,150,180,1800,RN_INLET_00068,RN_DNODE_00157,RN_DRAIN_00507,RN_ROAD_00216,111,89,54.33750247955322,0.03018750137752957,0.3596921468391413,synthetic_manning_scenario,0,first_eligible_inlet_on_d8_path
150_180,rajendra_nagar_heavy_rain_demo,150,180,1800,RN_INLET_00070,RN_DNODE_00171,RN_DRAIN_00190,RN_ROAD_00289,85,89,13.387500762939453,0.007437500423855252,0.21513777926228358,synthetic_manning_scenario,0,first_eligible_inlet_on_d8_path
150_180,rajendra_nagar_heavy_rain_demo,150,180,1800,RN_INLET_00071,RN_DNODE_00180,RN_DRAIN_00516,RN_ROAD_00213,112,90,146.47500324249268,0.08137500180138482,0.03484430030503481,synthetic_manning_scenario,0,first_eligible_inlet_on_d8_path
150_180,rajendra_nagar_heavy_rain_demo,150,180,1800,RN_INLET_00072,RN_DNODE_00181,RN_DRAIN_00487,RN_ROAD_00233,109,90,25.200000762939453,0.014000000423855252,1.2167317531808846,synthetic_manning_scenario,0,first_eligible_inlet_on_d8_path
150_180,rajendra_nagar_heavy_rain_demo,150,180,1800,RN_INLET_00074,RN_DNODE_00197,RN_DRAIN_00191,RN_ROAD_00289,85,90,3980.8125524520874,2.2115625291400485,0.6928742113147971,synthetic_manning_scenario,0,first_eligible_inlet_on_d8_path
150_180,rajendra_nagar_heavy_rain_demo,150,180,1800,RN_INLET_00076,RN_DNODE_00206,RN_DRAIN_00517,RN_ROAD_00213,112,91,52.76250171661377,0.029312500953674315,0.03485428291526828,synthetic_manning_scenario,0,first_eligible_inlet_on_d8_path
150_180,rajendra_nagar_heavy_rain_demo,150,180,1800,RN_INLET_00077,RN_DNODE_00207,RN_DRAIN_00488,RN_ROAD_00233,109,91,77.96250247955322,0.043312501377529566,0.9868943284982327,synthetic_manning_scenario,0,first_eligible_inlet_on_d8_path
150_180,rajendra_nagar_heavy_rain_demo,150,180,1800,RN_INLET_00079,RN_DNODE_00225,RN_DRAIN_00192,RN_ROAD_00289,85,91,18.11250114440918,0.010062500635782878,0.02637752433631995,synthetic_manning_scenario,0,first_eligible_inlet_on_d8_path
150_180,rajendra_nagar_heavy_rain_demo,150,180,1800,RN_INLET_00081,RN_DNODE_00233,RN_DRAIN_00518,RN_ROAD_00213,112,92,55.91250133514404,0.03106250074174669,0.14235556684174894,synthetic_manning_scenario,0,first_eligible_inlet_on_d8_path
150_180,rajendra_nagar_heavy_rain_demo,150,180,1800,RN_INLET_00082,RN_DNODE_00234,RN_DRAIN_00489,RN_ROAD_00233,109,92,143.32500171661377,0.07962500095367432,0.5313346491245258,synthetic_manning_scenario,0,first_eligible_inlet_on_d8_path
150_180,rajendra_nagar_heavy_rain_demo,150,180,1800,RN_INLET_00084,RN_DNODE_00254,RN_DRAIN_00519,RN_ROAD_00213,112,93,13.387500762939453,0.007437500423855252,0.16694910080064143,synthetic_manning_scenario,0,first_eligible_inlet_on_d8_path
150_180,rajendra_nagar_heavy_rain_demo,150,180,1800,RN_INLET_00087,RN_DNODE_00262,RN_DRAIN_00520,RN_ROAD_00213,112,94,13.387500762939453,0.007437500423855252,0.19028600529539347,synthetic_manning_scenario,0,first_eligible_inlet_on_d8_path
150_180,rajendra_nagar_heavy_rain_demo,150,180,1800,RN_INLET_00089,RN_DNODE_00264,RN_DRAIN_00499,RN_ROAD_00221,110,94,13.387500762939453,0.007437500423855252,0.18405199949807394,synthetic_manning_scenario,0,first_eligible_inlet_on_d8_path
150_180,rajendra_nagar_heavy_rain_demo,150,180,1800,RN_INLET_00091,RN_DNODE_00266,RN_DRAIN_00407,RN_ROAD_00236,102,94,81.11250400543213,0.045062502225240074,1.4328865124290238,synthetic_manning_scenario,0,first_eligible_inlet_on_d8_path
150_180,rajendra_nagar_heavy_rain_demo,150,180,1800,RN_INLET_00092,RN_DNODE_00271,RN_DRAIN_00521,RN_ROAD_00206,112,95,27.562500953674316,0.015312500529819065,0.0954195777470258,synthetic_manning_scenario,0,first_eligible_inlet_on_d8_path
150_180,rajendra_nagar_heavy_rain_demo,150,180,1800,RN_INLET_00094,RN_DNODE_00273,RN_DRAIN_00500,RN_ROAD_00221,110,95,63.787503242492676,0.03543750180138482,0.3882542420713991,synthetic_manning_scenario,0,first_eligible_inlet_on_d8_path
150_180,rajendra_nagar_heavy_rain_demo,150,180,1800,RN_INLET_00095,RN_DNODE_00274,RN_DRAIN_00408,RN_ROAD_00238,102,95,40.95000171661377,0.022750000953674316,0.3305358790663851,synthetic_manning_scenario,0,first_eligible_inlet_on_d8_path
150_180,rajendra_nagar_heavy_rain_demo,150,180,1800,RN_INLET_00096,RN_DNODE_00278,RN_DRAIN_00522,RN_ROAD_00206,112,96,151.20000553131104,0.08400000307295058,0.4808041363512746,synthetic_manning_scenario,0,first_eligible_inlet_on_d8_path
150_180,rajendra_nagar_heavy_rain_demo,150,180,1800,RN_INLET_00097,RN_DNODE_00279,RN_DRAIN_00409,RN_ROAD_00237,102,96,54.33750247955322,0.03018750137752957,0.30124813859248456,synthetic_manning_scenario,0,first_eligible_inlet_on_d8_path
150_180,rajendra_nagar_heavy_rain_demo,150,180,1800,RN_INLET_00098,RN_DNODE_00284,RN_DRAIN_00523,RN_ROAD_00204,112,97,52.76250171661377,0.029312500953674315,0.8030954072736205,synthetic_manning_scenario,0,first_eligible_inlet_on_d8_path
150_180,rajendra_nagar_heavy_rain_demo,150,180,1800,RN_INLET_00099,RN_DNODE_00285,RN_DRAIN_00417,RN_ROAD_00226,103,97,99.22500228881836,0.055125001271565756,0.30116185815577506,synthetic_manning_scenario,0,first_eligible_inlet_on_d8_path
150_180,rajendra_nagar_heavy_rain_demo,150,180,1800,RN_INLET_00100,RN_DNODE_00287,RN_DRAIN_00166,RN_ROAD_00530,83,97,40.16250228881836,0.022312501271565754,0.03484430030503481,synthetic_manning_scenario,0,first_eligible_inlet_on_d8_path
150_180,rajendra_nagar_heavy_rain_demo,150,180,1800,RN_INLET_00101,RN_DNODE_00288,RN_DRAIN_00141,RN_ROAD_00547,81,97,151.20000553131104,0.08400000307295058,1.2603351041610837,synthetic_manning_scenario,0,first_eligible_inlet_on_d8_path
150_180,rajendra_nagar_heavy_rain_demo,150,180,1800,RN_INLET_00102,RN_DNODE_00289,RN_DRAIN_00129,RN_ROAD_00547,80,97,26.775001525878906,0.014875000847710504,0.12733816465846753,synthetic_manning_scenario,0,first_eligible_inlet_on_d8_path
150_180,rajendra_nagar_heavy_rain_demo,150,180,1800,RN_INLET_00103,RN_DNODE_00295,RN_DRAIN_00524,RN_ROAD_00004,112,98,120.48750495910645,0.06693750275505914,0.4840443716707854,synthetic_manning_scenario,0,first_eligible_inlet_on_d8_path
150_180,rajendra_nagar_heavy_rain_demo,150,180,1800,RN_INLET_00104,RN_DNODE_00296,RN_DRAIN_00428,RN_ROAD_00036,104,98,140.96250343322754,0.07831250190734863,0.30116185815577506,synthetic_manning_scenario,0,first_eligible_inlet_on_d8_path
150_180,rajendra_nagar_heavy_rain_demo,150,180,1800,RN_INLET_00105,RN_DNODE_00297,RN_DRAIN_00418,RN_ROAD_00040,103,98,26.775001525878906,0.014875000847710504,0.03485428291526828,synthetic_manning_scenario,0,first_eligible_inlet_on_d8_path
150_180,rajendra_nagar_heavy_rain_demo,150,180,1800,RN_INLET_00106,RN_DNODE_00298,RN_DRAIN_00393,RN_ROAD_00053,101,98,401.6250190734863,0.2231250105963813,0.09803784543033917,synthetic_manning_scenario,0,first_eligible_inlet_on_d8_path
150_180,rajendra_nagar_heavy_rain_demo,150,180,1800,RN_INLET_00107,RN_DNODE_00299,RN_DRAIN_00206,RN_ROAD_00344,86,98,54.33750247955322,0.03018750137752957,0.02637752433631995,synthetic_manning_scenario,0,first_eligible_inlet_on_d8_path
150_180,rajendra_nagar_heavy_rain_demo,150,180,1800,RN_INLET_00108,RN_DNODE_00300,RN_DRAIN_00193,RN_ROAD_00527,85,98,40.95000171661377,0.022750000953674316,0.03485428291526828,synthetic_manning_scenario,0,first_eligible_inlet_on_d8_path
150_180,rajendra_nagar_heavy_rain_demo,150,180,1800,RN_INLET_00112,RN_DNODE_00304,RN_DRAIN_00130,RN_ROAD_00547,80,98,51.97500228881836,0.028875001271565757,1.0620185911123488,synthetic_manning_scenario,0,first_eligible_inlet_on_d8_path
150_180,rajendra_nagar_heavy_rain_demo,150,180,1800,RN_INLET_00114,RN_DNODE_00314,RN_DRAIN_00441,RN_ROAD_00033,105,99,53.55000305175781,0.029750001695421007,0.30116185815577506,synthetic_manning_scenario,0,first_eligible_inlet_on_d8_path
150_180,rajendra_nagar_heavy_rain_demo,150,180,1800,RN_INLET_00115,RN_DNODE_00315,RN_DRAIN_00429,RN_ROAD_00033,104,99,26.775001525878906,0.014875000847710504,0.03485428291526828,synthetic_manning_scenario,0,first_eligible_inlet_on_d8_path
150_180,rajendra_nagar_heavy_rain_demo,150,180,1800,RN_INLET_00118,RN_DNODE_00318,RN_DRAIN_00194,RN_ROAD_00347,85,99,721.3500213623047,0.40075001186794706,0.30116185815577506,synthetic_manning_scenario,0,first_eligible_inlet_on_d8_path
150_180,rajendra_nagar_heavy_rain_demo,150,180,1800,RN_INLET_00119,RN_DNODE_00319,RN_DRAIN_00182,RN_ROAD_00348,84,99,40.95000171661377,0.022750000953674316,0.03484430030503481,synthetic_manning_scenario,0,first_eligible_inlet_on_d8_path
150_180,rajendra_nagar_heavy_rain_demo,150,180,1800,RN_INLET_00121,RN_DNODE_00328,RN_DRAIN_00530,RN_ROAD_00002,113,100,27.562500953674316,0.015312500529819065,0.1272696969192279,synthetic_manning_scenario,0,first_eligible_inlet_on_d8_path
150_180,rajendra_nagar_heavy_rain_demo,150,180,1800,RN_INLET_00122,RN_DNODE_00329,RN_DRAIN_00453,RN_ROAD_00034,106,100,408.7125186920166,0.22706251038445366,0.02637752433631995,synthetic_manning_scenario,0,first_eligible_inlet_on_d8_path
150_180,rajendra_nagar_heavy_rain_demo,150,180,1800,RN_INLET_00123,RN_DNODE_00330,RN_DRAIN_00442,RN_ROAD_00034,105,100,13.387500762939453,0.007437500423855252,0.30124813859248456,synthetic_manning_scenario,0,first_eligible_inlet_on_d8_path
150_180,rajendra_nagar_heavy_rain_demo,150,180,1800,RN_INLET_00124,RN_DNODE_00333,RN_DRAIN_00131,RN_ROAD_00634,80,100,42.52500057220459,0.02362500031789144,0.22781081406408252,synthetic_manning_scenario,0,first_eligible_inlet_on_d8_path
150_180,rajendra_nagar_heavy_rain_demo,150,180,1800,RN_INLET_00125,RN_DNODE_00339,RN_DRAIN_00534,RN_ROAD_00011,114,101,109.4625015258789,0.060812500847710504,1.0125751333185353,synthetic_manning_scenario,0,first_eligible_inlet_on_d8_path
150_180,rajendra_nagar_heavy_rain_demo,150,180,1800,RN_INLET_00126,RN_DNODE_00340,RN_DRAIN_00531,RN_ROAD_00003,113,101,77.17500305175781,0.04287500169542101,0.03485428291526828,synthetic_manning_scenario,0,first_eligible_inlet_on_d8_path
150_180,rajendra_nagar_heavy_rain_demo,150,180,1800,RN_INLET_00127,RN_DNODE_00341,RN_DRAIN_00443,RN_ROAD_00034,105,101,114.97500324249268,0.06387500180138482,0.5674438686929558,synthetic_manning_scenario,0,first_eligible_inlet_on_d8_path
150_180,rajendra_nagar_heavy_rain_demo,150,180,1800,RN_INLET_00128,RN_DNODE_00344,RN_DRAIN_00142,RN_ROAD_00353,81,101,120.48750305175781,0.06693750169542101,0.10542103561186149,synthetic_manning_scenario,0,first_eligible_inlet_on_d8_path
150_180,rajendra_nagar_heavy_rain_demo,150,180,1800,RN_INLET_00129,RN_DNODE_00348,RN_DRAIN_00444,RN_ROAD_00035,105,102,40.95000171661377,0.022750000953674316,1.036783363348529,synthetic_manning_scenario,0,first_eligible_inlet_on_d8_path
150_180,rajendra_nagar_heavy_rain_demo,150,180,1800,RN_INLET_00131,RN_DNODE_00353,RN_DRAIN_00143,RN_ROAD_00388,81,102,51.97500038146973,0.028875000211927626,0.03485428291526828,synthetic_manning_scenario,0,first_eligible_inlet_on_d8_path
150_180,rajendra_nagar_heavy_rain_demo,150,180,1800,RN_INLET_00132,RN_DNODE_00356,RN_DRAIN_00454,RN_ROAD_00017,106,103,65.36250305175781,0.03631250169542101,1.4082442328435159,synthetic_manning_scenario,0,first_eligible_inlet_on_d8_path
150_180,rajendra_nagar_heavy_rain_demo,150,180,1800,RN_INLET_00134,RN_DNODE_00359,RN_DRAIN_00208,RN_ROAD_00356,86,103,288.2250118255615,0.1601250065697564,0.09006678976697921,synthetic_manning_scenario,0,first_eligible_inlet_on_d8_path
150_180,rajendra_nagar_heavy_rain_demo,150,180,1800,RN_INLET_00135,RN_DNODE_00360,RN_DRAIN_00144,RN_ROAD_00388,81,103,40.16250038146973,0.022312500211927627,0.10887560820568472,synthetic_manning_scenario,0,first_eligible_inlet_on_d8_path
150_180,rajendra_nagar_heavy_rain_demo,150,180,1800,RN_INLET_00136,RN_DNODE_00362,RN_DRAIN_00455,RN_ROAD_00016,106,104,220.50000667572021,0.12250000370873346,0.3425817481644578,synthetic_manning_scenario,0,first_eligible_inlet_on_d8_path
150_180,rajendra_nagar_heavy_rain_demo,150,180,1800,RN_INLET_00137,RN_DNODE_00364,RN_DRAIN_00277,RN_ROAD_00302,91,104,1354.5000410079956,0.7525000227822198,0.30116185815577506,synthetic_manning_scenario,0,first_eligible_inlet_on_d8_path
150_180,rajendra_nagar_heavy_rain_demo,150,180,1800,RN_INLET_00138,RN_DNODE_00365,RN_DRAIN_00145,RN_ROAD_00388,81,104,66.93750190734863,0.03718750105963813,0.21676002461835764,synthetic_manning_scenario,0,first_eligible_inlet_on_d8_path
150_180,rajendra_nagar_heavy_rain_demo,150,180,1800,RN_INLET_00144,RN_DNODE_00375,RN_DRAIN_00318,RN_ROAD_00298,94,106,26.775001525878906,0.014875000847710504,0.03485428291526828,synthetic_manning_scenario,0,first_eligible_inlet_on_d8_path
150_180,rajendra_nagar_heavy_rain_demo,150,180,1800,RN_INLET_00145,RN_DNODE_00378,RN_DRAIN_00146,RN_ROAD_00388,81,106,82.68750286102295,0.0459375015894572,0.12524186330580878,synthetic_manning_scenario,0,first_eligible_inlet_on_d8_path
150_180,rajendra_nagar_heavy_rain_demo,150,180,1800,RN_INLET_00146,RN_DNODE_00382,RN_DRAIN_00476,RN_ROAD_00014,108,107,26.775001525878906,0.014875000847710504,1.5879626023456346,synthetic_manning_scenario,0,first_eligible_inlet_on_d8_path
150_180,rajendra_nagar_heavy_rain_demo,150,180,1800,RN_INLET_00148,RN_DNODE_00386,RN_DRAIN_00159,RN_ROAD_00386,82,107,69.3000020980835,0.03850000116560194,0.06828671863062642,synthetic_manning_scenario,0,first_eligible_inlet_on_d8_path
150_180,rajendra_nagar_heavy_rain_demo,150,180,1800,RN_INLET_00149,RN_DNODE_00391,RN_DRAIN_00477,RN_ROAD_00011,108,108,468.56250381469727,0.26031250211927626,0.30124813859248456,synthetic_manning_scenario,0,first_eligible_inlet_on_d8_path
150_180,rajendra_nagar_heavy_rain_demo,150,180,1800,RN_INLET_00150,RN_DNODE_00392,RN_DRAIN_00466,RN_ROAD_00014,107,108,138.60000324249268,0.07700000180138482,0.03484430030503481,synthetic_manning_scenario,0,first_eligible_inlet_on_d8_path
150_180,rajendra_nagar_heavy_rain_demo,150,180,1800,RN_INLET_00152,RN_DNODE_00395,RN_DRAIN_00306,RN_ROAD_00089,93,108,38.587501525878906,0.021437500847710504,0.02637752433631995,synthetic_manning_scenario,0,first_eligible_inlet_on_d8_path
150_180,rajendra_nagar_heavy_rain_demo,150,180,1800,RN_INLET_00153,RN_DNODE_00396,RN_DRAIN_00291,RN_ROAD_00089,92,108,604.012523651123,0.3355625131395128,0.1120128954947173,synthetic_manning_scenario,0,first_eligible_inlet_on_d8_path
150_180,rajendra_nagar_heavy_rain_demo,150,180,1800,RN_INLET_00154,RN_DNODE_00397,RN_DRAIN_00169,RN_ROAD_00385,83,108,187.4250087738037,0.10412500487433539,0.03484430030503481,synthetic_manning_scenario,0,first_eligible_inlet_on_d8_path
150_180,rajendra_nagar_heavy_rain_demo,150,180,1800,RN_INLET_00155,RN_DNODE_00404,RN_DRAIN_00478,RN_ROAD_00011,108,109,25.200000762939453,0.014000000423855252,0.30124813859248456,synthetic_manning_scenario,0,first_eligible_inlet_on_d8_path
150_180,rajendra_nagar_heavy_rain_demo,150,180,1800,RN_INLET_00156,RN_DNODE_00405,RN_DRAIN_00467,RN_ROAD_00014,107,109,13.387500762939453,0.007437500423855252,0.03484430030503481,synthetic_manning_scenario,0,first_eligible_inlet_on_d8_path
150_180,rajendra_nagar_heavy_rain_demo,150,180,1800,RN_INLET_00158,RN_DNODE_00407,RN_DRAIN_00170,RN_ROAD_00363,83,109,52.76250171661377,0.029312500953674315,0.03485428291526828,synthetic_manning_scenario,0,first_eligible_inlet_on_d8_path
150_180,rajendra_nagar_heavy_rain_demo,150,180,1800,RN_INLET_00159,RN_DNODE_00408,RN_DRAIN_00035,RN_ROAD_00629,72,109,94.50000286102295,0.052500001589457196,0.03484430030503481,synthetic_manning_scenario,0,first_eligible_inlet_on_d8_path
150_180,rajendra_nagar_heavy_rain_demo,150,180,1800,RN_INLET_00160,RN_DNODE_00411,RN_DRAIN_00479,RN_ROAD_00024,108,110,90.56250381469727,0.05031250211927626,0.30124813859248456,synthetic_manning_scenario,0,first_eligible_inlet_on_d8_path
150_180,rajendra_nagar_heavy_rain_demo,150,180,1800,RN_INLET_00161,RN_DNODE_00412,RN_DRAIN_00468,RN_ROAD_00026,107,110,25.200000762939453,0.014000000423855252,0.03484430030503481,synthetic_manning_scenario,0,first_eligible_inlet_on_d8_path
150_180,rajendra_nagar_heavy_rain_demo,150,180,1800,RN_INLET_00163,RN_DNODE_00414,RN_DRAIN_00171,RN_ROAD_00374,83,110,39.375000953674316,0.021875000529819066,0.09781403471816273,synthetic_manning_scenario,0,first_eligible_inlet_on_d8_path
150_180,rajendra_nagar_heavy_rain_demo,150,180,1800,RN_INLET_00164,RN_DNODE_00415,RN_DRAIN_00069,RN_ROAD_00625,76,110,385.0875129699707,0.21393750720553928,0.13572767824149176,synthetic_manning_scenario,0,first_eligible_inlet_on_d8_path
150_180,rajendra_nagar_heavy_rain_demo,150,180,1800,RN_INLET_00165,RN_DNODE_00417,RN_DRAIN_00051,RN_ROAD_00625,74,110,49.61250019073486,0.027562500105963814,0.11248088992987894,synthetic_manning_scenario,0,first_eligible_inlet_on_d8_path
150_180,rajendra_nagar_heavy_rain_demo,150,180,1800,RN_INLET_00166,RN_DNODE_00418,RN_DRAIN_00043,RN_ROAD_00628,73,110,129.93750286102295,0.07218750158945719,0.03484430030503481,synthetic_manning_scenario,0,first_eligible_inlet_on_d8_path
150_180,rajendra_nagar_heavy_rain_demo,150,180,1800,RN_INLET_00167,RN_DNODE_00420,RN_DRAIN_00480,RN_ROAD_00024,108,111,13.387500762939453,0.007437500423855252,0.4455532640291579,synthetic_manning_scenario,0,first_eligible_inlet_on_d8_path
150_180,rajendra_nagar_heavy_rain_demo,150,180,1800,RN_INLET_00169,RN_DNODE_00423,RN_DRAIN_00183,RN_ROAD_00370,84,111,142.53750610351562,0.07918750339084202,0.04832201195748927,synthetic_manning_scenario,0,first_eligible_inlet_on_d8_path
150_180,rajendra_nagar_heavy_rain_demo,150,180,1800,RN_INLET_00170,RN_DNODE_00425,RN_DRAIN_00493,RN_ROAD_00024,109,112,344.9250068664551,0.19162500381469727,0.36701701471119386,synthetic_manning_scenario,0,first_eligible_inlet_on_d8_path
150_180,rajendra_nagar_heavy_rain_demo,150,180,1800,RN_INLET_00171,RN_DNODE_00426,RN_DRAIN_00481,RN_ROAD_00025,108,112,13.387500762939453,0.007437500423855252,0.11954287044878092,synthetic_manning_scenario,0,first_eligible_inlet_on_d8_path
150_180,rajendra_nagar_heavy_rain_demo,150,180,1800,RN_INLET_00172,RN_DNODE_00427,RN_DRAIN_00457,RN_ROAD_00105,106,112,463.050009727478,0.25725000540415444,0.03484430030503481,synthetic_manning_scenario,0,first_eligible_inlet_on_d8_path
150_180,rajendra_nagar_heavy_rain_demo,150,180,1800,RN_INLET_00173,RN_DNODE_00428,RN_DRAIN_00344,RN_ROAD_00086,95,112,25.200000762939453,0.014000000423855252,0.03485428291526828,synthetic_manning_scenario,0,first_eligible_inlet_on_d8_path
150_180,rajendra_nagar_heavy_rain_demo,150,180,1800,RN_INLET_00174,RN_DNODE_00430,RN_DRAIN_00184,RN_ROAD_00369,84,112,38.587501525878906,0.021437500847710504,0.1515365242075139,synthetic_manning_scenario,0,first_eligible_inlet_on_d8_path
150_180,rajendra_nagar_heavy_rain_demo,150,180,1800,RN_INLET_00175,RN_DNODE_00433,RN_DRAIN_00494,RN_ROAD_00025,109,113,25.200000762939453,0.014000000423855252,0.0980023540468388,synthetic_manning_scenario,0,first_eligible_inlet_on_d8_path
150_180,rajendra_nagar_heavy_rain_demo,150,180,1800,RN_INLET_00177,RN_DNODE_00435,RN_DRAIN_00322,RN_ROAD_00086,94,113,77.96250247955322,0.043312501377529566,0.30124813859248456,synthetic_manning_scenario,0,first_eligible_inlet_on_d8_path
150_180,rajendra_nagar_heavy_rain_demo,150,180,1800,RN_INLET_00178,RN_DNODE_00437,RN_DRAIN_00172,RN_ROAD_00373,83,113,392.1750144958496,0.21787500805324977,0.05158812602898853,synthetic_manning_scenario,0,first_eligible_inlet_on_d8_path
150_180,rajendra_nagar_heavy_rain_demo,150,180,1800,RN_INLET_00179,RN_DNODE_00438,RN_DRAIN_00528,RN_ROAD_00103,112,114,142.53750610351562,0.07918750339084202,0.22658585121858213,synthetic_manning_scenario,0,first_eligible_inlet_on_d8_path
150_180,rajendra_nagar_heavy_rain_demo,150,180,1800,RN_INLET_00180,RN_DNODE_00439,RN_DRAIN_00323,RN_ROAD_00172,94,114,13.387500762939453,0.007437500423855252,0.30124813859248456,synthetic_manning_scenario,0,first_eligible_inlet_on_d8_path
150_180,rajendra_nagar_heavy_rain_demo,150,180,1800,RN_INLET_00181,RN_DNODE_00440,RN_DRAIN_00308,RN_ROAD_00173,93,114,26.775001525878906,0.014875000847710504,0.03485428291526828,synthetic_manning_scenario,0,first_eligible_inlet_on_d8_path
150_180,rajendra_nagar_heavy_rain_demo,150,180,1800,RN_INLET_00182,RN_DNODE_00441,RN_DRAIN_00005,RN_ROAD_00604,68,114,51.97500228881836,0.028875001271565757,0.02637752433631995,synthetic_manning_scenario,0,first_eligible_inlet_on_d8_path
150_180,rajendra_nagar_heavy_rain_demo,150,180,1800,RN_INLET_00184,RN_DNODE_00446,RN_DRAIN_00345,RN_ROAD_00168,95,115,89.77500247955322,0.049875001377529565,0.6085297810986018,synthetic_manning_scenario,0,first_eligible_inlet_on_d8_path
150_180,rajendra_nagar_heavy_rain_demo,150,180,1800,RN_INLET_00185,RN_DNODE_00447,RN_DRAIN_00309,RN_ROAD_00173,93,115,269.32500743865967,0.1496250041325887,0.30116185815577506,synthetic_manning_scenario,0,first_eligible_inlet_on_d8_path
150_180,rajendra_nagar_heavy_rain_demo,150,180,1800,RN_INLET_00186,RN_DNODE_00448,RN_DRAIN_00292,RN_ROAD_00174,92,115,81.1125020980835,0.04506250116560194,0.02637752433631995,synthetic_manning_scenario,0,first_eligible_inlet_on_d8_path
150_180,rajendra_nagar_heavy_rain_demo,150,180,1800,RN_INLET_00187,RN_DNODE_00449,RN_DRAIN_00011,RN_ROAD_00603,69,115,95.28750228881836,0.052937501271565754,0.41271576218229383,synthetic_manning_scenario,0,first_eligible_inlet_on_d8_path
150_180,rajendra_nagar_heavy_rain_demo,150,180,1800,RN_INLET_00188,RN_DNODE_00450,RN_DRAIN_00006,RN_ROAD_00608,68,115,13.387500762939453,0.007437500423855252,0.09631698738212754,synthetic_manning_scenario,0,first_eligible_inlet_on_d8_path
150_180,rajendra_nagar_heavy_rain_demo,150,180,1800,RN_INLET_00189,RN_DNODE_00452,RN_DRAIN_00374,RN_ROAD_00141,99,116,76.38750171661377,0.042437500953674316,0.100407978859947,synthetic_manning_scenario,0,first_eligible_inlet_on_d8_path
150_180,rajendra_nagar_heavy_rain_demo,150,180,1800,RN_INLET_00190,RN_DNODE_00453,RN_DRAIN_00367,RN_ROAD_00141,98,116,27.562500953674316,0.015312500529819065,0.12282979632326015,synthetic_manning_scenario,0,first_eligible_inlet_on_d8_path
150_180,rajendra_nagar_heavy_rain_demo,150,180,1800,RN_INLET_00191,RN_DNODE_00454,RN_DRAIN_00359,RN_ROAD_00143,97,116,366.97500705718994,0.20387500392066107,0.48087166299014095,synthetic_manning_scenario,0,first_eligible_inlet_on_d8_path
150_180,rajendra_nagar_heavy_rain_demo,150,180,1800,RN_INLET_00193,RN_DNODE_00456,RN_DRAIN_00016,RN_ROAD_00602,70,116,199.23750495910645,0.11068750275505913,0.12723324562335805,synthetic_manning_scenario,0,first_eligible_inlet_on_d8_path
150_180,rajendra_nagar_heavy_rain_demo,150,180,1800,RN_INLET_00194,RN_DNODE_00457,RN_DRAIN_00375,RN_ROAD_00140,99,117,13.387500762939453,0.007437500423855252,0.17518330495315723,synthetic_manning_scenario,0,first_eligible_inlet_on_d8_path
150_180,rajendra_nagar_heavy_rain_demo,150,180,1800,RN_INLET_00195,RN_DNODE_00458,RN_DRAIN_00368,RN_ROAD_00143,98,117,298.46251106262207,0.16581250614590115,0.391656185493259,synthetic_manning_scenario,0,first_eligible_inlet_on_d8_path
150_180,rajendra_nagar_heavy_rain_demo,150,180,1800,RN_INLET_00196,RN_DNODE_00460,RN_DRAIN_00077,RN_ROAD_00472,77,117,40.95000171661377,0.022750000953674316,0.1272696969192279,synthetic_manning_scenario,0,first_eligible_inlet_on_d8_path
150_180,rajendra_nagar_heavy_rain_demo,150,180,1800,RN_INLET_00197,RN_DNODE_00461,RN_DRAIN_00070,RN_ROAD_00473,76,117,40.16250228881836,0.022312501271565754,0.3887914862481728,synthetic_manning_scenario,0,first_eligible_inlet_on_d8_path
150_180,rajendra_nagar_heavy_rain_demo,150,180,1800,RN_INLET_00198,RN_DNODE_00462,RN_DRAIN_00061,RN_ROAD_00473,75,117,38.587501525878906,0.021437500847710504,0.27705159099154153,synthetic_manning_scenario,0,first_eligible_inlet_on_d8_path
150_180,rajendra_nagar_heavy_rain_demo,150,180,1800,RN_INLET_00199,RN_DNODE_00463,RN_DRAIN_00052,RN_ROAD_00599,74,117,287.43750858306885,0.15968750476837157,0.1272696969192279,synthetic_manning_scenario,0,first_eligible_inlet_on_d8_path
150_180,rajendra_nagar_heavy_rain_demo,150,180,1800,RN_INLET_00200,RN_DNODE_00464,RN_DRAIN_00044,RN_ROAD_00598,73,117,41.73750114440918,0.023187500635782878,0.642398926061122,synthetic_manning_scenario,0,first_eligible_inlet_on_d8_path
150_180,rajendra_nagar_heavy_rain_demo,150,180,1800,RN_INLET_00201,RN_DNODE_00465,RN_DRAIN_00036,RN_ROAD_00598,72,117,48.82500076293945,0.027125000423855253,0.5725232749926845,synthetic_manning_scenario,0,first_eligible_inlet_on_d8_path
150_180,rajendra_nagar_heavy_rain_demo,150,180,1800,RN_INLET_00202,RN_DNODE_00466,RN_DRAIN_00029,RN_ROAD_00602,71,117,41.73750114440918,0.023187500635782878,0.12723324562335805,synthetic_manning_scenario,0,first_eligible_inlet_on_d8_path
150_180,rajendra_nagar_heavy_rain_demo,150,180,1800,RN_INLET_00203,RN_DNODE_00467,RN_DRAIN_00017,RN_ROAD_00607,70,117,257.51250743865967,0.1430625041325887,0.03485428291526828,synthetic_manning_scenario,0,first_eligible_inlet_on_d8_path
150_180,rajendra_nagar_heavy_rain_demo,150,180,1800,RN_INLET_00204,RN_DNODE_00468,RN_DRAIN_00394,RN_ROAD_00104,101,118,609.5250101089478,0.3386250056160821,0.18293911365381266,synthetic_manning_scenario,0,first_eligible_inlet_on_d8_path
150_180,rajendra_nagar_heavy_rain_demo,150,180,1800,RN_INLET_00205,RN_DNODE_00469,RN_DRAIN_00383,RN_ROAD_00109,100,118,66.93750381469727,0.03718750211927626,0.1353812142771686,synthetic_manning_scenario,0,first_eligible_inlet_on_d8_path
150_180,rajendra_nagar_heavy_rain_demo,150,180,1800,RN_INLET_00206,RN_DNODE_00470,RN_DRAIN_00324,RN_ROAD_00171,94,118,352.8000135421753,0.19600000752343072,0.9125867707273617,synthetic_manning_scenario,0,first_eligible_inlet_on_d8_path
150_180,rajendra_nagar_heavy_rain_demo,150,180,1800,RN_INLET_00207,RN_DNODE_00471,RN_DRAIN_00133,RN_ROAD_00467,80,118,27.562500953674316,0.015312500529819065,0.03485428291526828,synthetic_manning_scenario,0,first_eligible_inlet_on_d8_path
150_180,rajendra_nagar_heavy_rain_demo,150,180,1800,RN_INLET_00208,RN_DNODE_00472,RN_DRAIN_00119,RN_ROAD_00468,79,118,26.775001525878906,0.014875000847710504,0.1272696969192279,synthetic_manning_scenario,0,first_eligible_inlet_on_d8_path
150_180,rajendra_nagar_heavy_rain_demo,150,180,1800,RN_INLET_00209,RN_DNODE_00473,RN_DRAIN_00102,RN_ROAD_00468,78,118,66.93750190734863,0.03718750105963813,0.12723324562335805,synthetic_manning_scenario,0,first_eligible_inlet_on_d8_path
150_180,rajendra_nagar_heavy_rain_demo,150,180,1800,RN_INLET_00212,RN_DNODE_00477,RN_DRAIN_00195,RN_ROAD_00437,85,119,40.95000171661377,0.022750000953674316,0.03485428291526828,synthetic_manning_scenario,0,first_eligible_inlet_on_d8_path
150_180,rajendra_nagar_heavy_rain_demo,150,180,1800,RN_INLET_00213,RN_DNODE_00478,RN_DRAIN_00185,RN_ROAD_00437,84,119,41.73750114440918,0.023187500635782878,0.03485428291526828,synthetic_manning_scenario,0,first_eligible_inlet_on_d8_path
150_180,rajendra_nagar_heavy_rain_demo,150,180,1800,RN_INLET_00214,RN_DNODE_00479,RN_DRAIN_00173,RN_ROAD_00442,83,119,40.95000171661377,0.022750000953674316,0.09995654869004258,synthetic_manning_scenario,0,first_eligible_inlet_on_d8_path
150_180,rajendra_nagar_heavy_rain_demo,150,180,1800,RN_INLET_00215,RN_DNODE_00480,RN_DRAIN_00160,RN_ROAD_00454,82,119,41.73750114440918,0.023187500635782878,0.06233696028667062,synthetic_manning_scenario,0,first_eligible_inlet_on_d8_path
150_180,rajendra_nagar_heavy_rain_demo,150,180,1800,RN_INLET_00216,RN_DNODE_00481,RN_DRAIN_00147,RN_ROAD_00457,81,119,119.7000036239624,0.06650000201331245,0.03485428291526828,synthetic_manning_scenario,0,first_eligible_inlet_on_d8_path
150_180,rajendra_nagar_heavy_rain_demo,150,180,1800,RN_INLET_00217,RN_DNODE_00482,RN_DRAIN_00134,RN_ROAD_00457,80,119,26.775001525878906,0.014875000847710504,0.03484430030503481,synthetic_manning_scenario,0,first_eligible_inlet_on_d8_path
150_180,rajendra_nagar_heavy_rain_demo,150,180,1800,RN_INLET_00219,RN_DNODE_00486,RN_DRAIN_00209,RN_ROAD_00401,86,120,433.125018119812,0.24062501006656223,0.03484430030503481,synthetic_manning_scenario,0,first_eligible_inlet_on_d8_path
150_180,rajendra_nagar_heavy_rain_demo,150,180,1800,RN_INLET_00221,RN_DNODE_00489,RN_DRAIN_00327,RN_ROAD_00162,94,121,66.93750381469727,0.03718750211927626,0.5266848835674651,synthetic_manning_scenario,0,first_eligible_inlet_on_d8_path
150_180,rajendra_nagar_heavy_rain_demo,150,180,1800,RN_INLET_00224,RN_DNODE_00493,RN_DRAIN_00328,RN_ROAD_00161,94,122,1506.4875297546387,0.8369375165303549,1.73635575785819,synthetic_manning_scenario,0,first_eligible_inlet_on_d8_path
150_180,rajendra_nagar_heavy_rain_demo,150,180,1800,RN_INLET_00227,RN_DNODE_00500,RN_DRAIN_00360,RN_ROAD_00153,97,126,100.80000305175781,0.056000001695421006,0.1948011871441529,synthetic_manning_scenario,0,first_eligible_inlet_on_d8_path
150_180,rajendra_nagar_heavy_rain_demo,150,180,1800,RN_INLET_00228,RN_DNODE_00503,RN_DRAIN_00062,RN_ROAD_00480,75,126,26.775001525878906,0.014875000847710504,0.03485428291526828,synthetic_manning_scenario,0,first_eligible_inlet_on_d8_path
150_180,rajendra_nagar_heavy_rain_demo,150,180,1800,RN_INLET_00229,RN_DNODE_00504,RN_DRAIN_00053,RN_ROAD_00480,74,126,991.4625186920166,0.5508125103844537,0.15694054372586286,synthetic_manning_scenario,0,first_eligible_inlet_on_d8_path
150_180,rajendra_nagar_heavy_rain_demo,150,180,1800,RN_INLET_00231,RN_DNODE_00508,RN_DRAIN_00361,RN_ROAD_00153,97,127,135.45000171661377,0.07525000095367432,0.2317547361496302,synthetic_manning_scenario,0,first_eligible_inlet_on_d8_path
150_180,rajendra_nagar_heavy_rain_demo,150,180,1800,RN_INLET_00234,RN_DNODE_00518,RN_DRAIN_00395,RN_ROAD_00120,101,128,538.6500120162964,0.2992500066757202,0.14778712746867345,synthetic_manning_scenario,0,first_eligible_inlet_on_d8_path
150_180,rajendra_nagar_heavy_rain_demo,150,180,1800,RN_INLET_00235,RN_DNODE_00519,RN_DRAIN_00362,RN_ROAD_00155,97,128,40.16250228881836,0.022312501271565754,0.17218079283976848,synthetic_manning_scenario,0,first_eligible_inlet_on_d8_path
150_180,rajendra_nagar_heavy_rain_demo,150,180,1800,RN_INLET_00236,RN_DNODE_00520,RN_DRAIN_00354,RN_ROAD_00155,96,128,62.212501525878906,0.0345625008477105,0.8904712544361131,synthetic_manning_scenario,0,first_eligible_inlet_on_d8_path
150_180,rajendra_nagar_heavy_rain_demo,150,180,1800,RN_INLET_00237,RN_DNODE_00521,RN_DRAIN_00348,RN_ROAD_00155,95,128,11.8125,0.0065625,0.2764107810710812,synthetic_manning_scenario,0,first_eligible_inlet_on_d8_path
150_180,rajendra_nagar_heavy_rain_demo,150,180,1800,RN_INLET_00239,RN_DNODE_00527,RN_DRAIN_00355,RN_ROAD_00155,96,129,37.01250076293945,0.02056250042385525,0.18626342708702154,synthetic_manning_scenario,0,first_eligible_inlet_on_d8_path
150_180,rajendra_nagar_heavy_rain_demo,150,180,1800,RN_INLET_00240,RN_DNODE_00528,RN_DRAIN_00349,RN_ROAD_00155,95,129,13.387500762939453,0.007437500423855252,0.09203450505564478,synthetic_manning_scenario,0,first_eligible_inlet_on_d8_path
150_180,rajendra_nagar_heavy_rain_demo,150,180,1800,RN_INLET_00241,RN_DNODE_00529,RN_DRAIN_00335,RN_ROAD_00155,94,129,123.63750171661377,0.06868750095367432,0.19300346415305064,synthetic_manning_scenario,0,first_eligible_inlet_on_d8_path
150_180,rajendra_nagar_heavy_rain_demo,150,180,1800,RN_INLET_00242,RN_DNODE_00535,RN_DRAIN_00377,RN_ROAD_00123,99,130,38.587501525878906,0.021437500847710504,0.03485428291526828,synthetic_manning_scenario,0,first_eligible_inlet_on_d8_path
150_180,rajendra_nagar_heavy_rain_demo,150,180,1800,RN_INLET_00243,RN_DNODE_00536,RN_DRAIN_00369,RN_ROAD_00127,98,130,129.15000343322754,0.07175000190734863,0.18393770855067063,synthetic_manning_scenario,0,first_eligible_inlet_on_d8_path
150_180,rajendra_nagar_heavy_rain_demo,150,180,1800,RN_INLET_00245,RN_DNODE_00540,RN_DRAIN_00378,RN_ROAD_00123,99,131,80.32500267028809,0.04462500148349338,0.1348146985507728,synthetic_manning_scenario,0,first_eligible_inlet_on_d8_path
150_180,rajendra_nagar_heavy_rain_demo,150,180,1800,RN_INLET_00247,RN_DNODE_00544,RN_DRAIN_00384,RN_ROAD_00123,100,132,309.4875068664551,0.17193750381469727,0.15013191509707569,synthetic_manning_scenario,0,first_eligible_inlet_on_d8_path
150_180,rajendra_nagar_heavy_rain_demo,150,180,1800,RN_INLET_00248,RN_DNODE_00546,RN_DRAIN_00219,RN_ROAD_00407,87,132,355.95000648498535,0.19775000360276965,0.07396532506289491,synthetic_manning_scenario,0,first_eligible_inlet_on_d8_path
150_180,rajendra_nagar_heavy_rain_demo,150,180,1800,RN_INLET_00249,RN_DNODE_00547,RN_DRAIN_00385,RN_ROAD_00123,100,133,40.16250228881836,0.022312501271565754,0.03485428291526828,synthetic_manning_scenario,0,first_eligible_inlet_on_d8_path
150_180,rajendra_nagar_heavy_rain_demo,150,180,1800,RN_INLET_00250,RN_DNODE_00548,RN_DRAIN_00252,RN_ROAD_00183,89,133,238.61250591278076,0.1325625032848782,0.18704808214959012,synthetic_manning_scenario,0,first_eligible_inlet_on_d8_path
150_180,rajendra_nagar_heavy_rain_demo,150,180,1800,RN_INLET_00251,RN_DNODE_00549,RN_DRAIN_00386,RN_ROAD_00118,100,134,38.587501525878906,0.021437500847710504,0.03485428291526828,synthetic_manning_scenario,0,first_eligible_inlet_on_d8_path
150_180,rajendra_nagar_heavy_rain_demo,150,180,1800,RN_INLET_00253,RN_DNODE_00551,RN_DRAIN_00396,RN_ROAD_00115,101,135,77.17500305175781,0.04287500169542101,0.08345058337269148,synthetic_manning_scenario,0,first_eligible_inlet_on_d8_path
150_180,rajendra_nagar_heavy_rain_demo,150,180,1800,RN_INLET_00255,RN_DNODE_00553,RN_DRAIN_00397,RN_ROAD_00119,101,136,13.387500762939453,0.007437500423855252,0.16888414661568568,synthetic_manning_scenario,0,first_eligible_inlet_on_d8_path
150_180,rajendra_nagar_heavy_rain_demo,150,180,1800,RN_INLET_00258,RN_DNODE_00556,RN_DRAIN_00238,RN_ROAD_00184,88,137,51.97500228881836,0.028875001271565757,0.03484430030503481,synthetic_manning_scenario,0,first_eligible_inlet_on_d8_path
