interval_id,start_min,end_min,edge_id,graph_u,graph_v,graph_key,road_id,source_road_id,road_class,name,length_m,sampling_method,sampling_status,sample_cell_count,max_depth_m,mean_depth_m,p90_depth_m,fraction_gt_0m,fraction_gt_0_02m,fraction_gt_0_10m,fraction_gt_0_30m
000_030,0,30,RN_ROAD_00001,RN_NODE_00183,RN_NODE_00222,0,RN_ROAD_00001,RN_ROAD_00001,primary,['Sinhagad Road'],110.33464311551056,road_line_intersected_raster_cells_all_touched,mapped,5,0.0,0.0,0.0,0.0,0.0,0.0,0.0
000_030,0,30,RN_ROAD_00002,RN_NODE_00222,RN_NODE_00207,0,RN_ROAD_00002,RN_ROAD_00002,residential,,68.71572842918026,road_line_intersected_raster_cells_all_touched,mapped,4,0.0,0.0,0.0,0.0,0.0,0.0,0.0
000_030,0,30,RN_ROAD_00003,RN_NODE_00222,RN_NODE_00249,0,RN_ROAD_00003,RN_ROAD_00003,primary,['Sinhagad Road'],126.32174974243749,road_line_intersected_raster_cells_all_touched,mapped,7,0.0002850496384780854,4.072137692544077e-05,0.00011401985539123427,0.14285714285714285,0.0,0.0,0.0
000_030,0,30,RN_ROAD_00004,RN_NODE_00207,RN_NODE_00167,0,RN_ROAD_00004,RN_ROAD_00004,residential,,89.17801673037181,road_line_intersected_raster_cells_all_touched,mapped,6,5.449118134492892e-07,9.081863557488153e-08,2.724559067246446e-07,0.16666666666666666,0.0,0.0,0.0
000_030,0,30,RN_ROAD_00005,RN_NODE_00207,RN_NODE_00219,0,RN_ROAD_00005,RN_ROAD_00005,residential,,41.194797475628484,road_line_intersected_raster_cells_all_touched,mapped,2,5.6600933021400124e-05,2.8300466510700062e-05,5.094083971926011e-05,0.5,0.0,0.0,0.0
000_030,0,30,RN_ROAD_00012,RN_NODE_00249,RN_NODE_00250,0,RN_ROAD_00012,RN_ROAD_00012,tertiary,,45.82566466269537,road_line_intersected_raster_cells_all_touched,mapped,3,0.013420391827821732,0.009005017180849487,0.013398235477507115,1.0,0.0,0.0,0.0
000_030,0,30,RN_ROAD_00014,RN_NODE_00249,RN_NODE_00307,0,RN_ROAD_00014,RN_ROAD_00014,primary,['Sinhagad Road'],224.8085898385542,road_line_intersected_raster_cells_all_touched,mapped,12,0.03801041096448898,0.014253062193650598,0.031011415645480156,1.0,0.3333333333333333,0.0,0.0
000_030,0,30,RN_ROAD_00201,RN_NODE_00167,RN_NODE_00166,0,RN_ROAD_00201,RN_ROAD_00201,tertiary,['Dattawadi Road'],68.61200462070468,road_line_intersected_raster_cells_all_touched,mapped,3,5.449118134492892e-07,1.8163727114976305e-07,4.3592945075943135e-07,0.3333333333333333,0.0,0.0,0.0
000_030,0,30,RN_ROAD_00203,RN_NODE_00167,RN_NODE_00138,0,RN_ROAD_00203,RN_ROAD_00203,residential,,62.633549990759064,road_line_intersected_raster_cells_all_touched,mapped,3,1.6778581084508915e-06,9.67271053771886e-07,1.4780951346438088e-06,1.0,0.0,0.0,0.0
000_030,0,30,RN_ROAD_00204,RN_NODE_00167,RN_NODE_00168,0,RN_ROAD_00204,RN_ROAD_00204,tertiary,['Dattawadi Road'],23.648846865110738,road_line_intersected_raster_cells_all_touched,mapped,2,2.9695677312702173e-06,1.7572397723597533e-06,2.7271021394881247e-06,1.0,0.0,0.0,0.0
000_030,0,30,RN_ROAD_00006,RN_NODE_00199,RN_NODE_00172,0,RN_ROAD_00006,RN_ROAD_00006,residential,,47.47580518040966,road_line_intersected_raster_cells_all_touched,mapped,2,0.00027066614711657166,0.00025199508672812954,0.0002669319350388832,1.0,0.0,0.0,0.0
000_030,0,30,RN_ROAD_00007,RN_NODE_00199,RN_NODE_00218,0,RN_ROAD_00007,RN_ROAD_00007,residential,,59.27071050901246,road_line_intersected_raster_cells_all_touched,mapped,3,0.0005463749985210598,0.0003512756520649418,0.0004919255850836634,1.0,0.0,0.0,0.0
000_030,0,30,RN_ROAD_00008,RN_NODE_00199,RN_NODE_00200,0,RN_ROAD_00008,RN_ROAD_00008,residential,,27.145839404120867,road_line_intersected_raster_cells_all_touched,mapped,2,0.0002513627696316689,0.00024234339798567817,0.00024955889530247076,1.0,0.0,0.0,0.0
000_030,0,30,RN_ROAD_00219,RN_NODE_00172,RN_NODE_00171,0,RN_ROAD_00219,RN_ROAD_00219,tertiary,['Dattawadi Road'],21.238265775773673,road_line_intersected_raster_cells_all_touched,mapped,2,0.00027066614711657166,0.00013556999464015007,0.00024364691662128734,1.0,0.0,0.0,0.0
000_030,0,30,RN_ROAD_00220,RN_NODE_00172,RN_NODE_00173,0,RN_ROAD_00220,RN_ROAD_00220,tertiary,['Dattawadi Road'],7.048386967157587,road_line_intersected_raster_cells_all_touched,mapped,1,0.00027066614711657166,0.00027066614711657166,0.00027066614711657166,1.0,0.0,0.0,0.0
000_030,0,30,RN_ROAD_00009,RN_NODE_00250,RN_NODE_00220,0,RN_ROAD_00009,RN_ROAD_00009,residential,,106.81149895405065,road_line_intersected_raster_cells_all_touched,mapped,5,0.013309610076248646,0.004625135194510221,0.009727491065859795,1.0,0.0,0.0,0.0
000_030,0,30,RN_ROAD_00013,RN_NODE_00250,RN_NODE_00251,0,RN_ROAD_00013,RN_ROAD_00013,tertiary,,38.80812375658153,road_line_intersected_raster_cells_all_touched,mapped,2,0.013309610076248646,0.011245860252529383,0.012896860111504793,1.0,0.0,0.0,0.0
000_030,0,30,RN_ROAD_00010,RN_NODE_00215,RN_NODE_00178,0,RN_ROAD_00010,RN_ROAD_00010,residential,,76.99211485840236,road_line_intersected_raster_cells_all_touched,mapped,3,0.00037034283741377294,0.0003288955000850062,0.0003692704485729337,1.0,0.0,0.0,0.0
000_030,0,30,RN_ROAD_00033,RN_NODE_00178,RN_NODE_00208,0,RN_ROAD_00033,RN_ROAD_00033,tertiary,['Dattawadi Road'],182.87135369775038,road_line_intersected_raster_cells_all_touched,mapped,9,0.06389608234167099,0.019479916198179126,0.04169832319021226,1.0,0.3333333333333333,0.0,0.0
000_030,0,30,RN_ROAD_00222,RN_NODE_00178,RN_NODE_00173,0,RN_ROAD_00222,RN_ROAD_00222,tertiary,['Dattawadi Road'],32.88828427926349,road_line_intersected_raster_cells_all_touched,mapped,2,0.0003649808932095766,0.00031782352016307414,0.0003555494186002761,1.0,0.0,0.0,0.0
000_030,0,30,RN_ROAD_00011,RN_NODE_00298,RN_NODE_00205,0,RN_ROAD_00011,RN_ROAD_00011,primary,['Sinhagad Road'],420.18865859382316,road_line_intersected_raster_cells_all_touched,mapped,20,0.03801041096448898,0.005353672874480253,0.027349613606929786,0.5,0.15,0.0,0.0
000_030,0,30,RN_ROAD_00024,RN_NODE_00298,RN_NODE_00339,0,RN_ROAD_00024,RN_ROAD_00024,living_street,,117.7024406571944,road_line_intersected_raster_cells_all_touched,mapped,6,0.030779588967561722,0.016737130625794332,0.028874047100543976,1.0,0.3333333333333333,0.0,0.0
000_030,0,30,RN_ROAD_00026,RN_NODE_00298,RN_NODE_00311,0,RN_ROAD_00026,RN_ROAD_00026,primary,['Sinhagad Road'],20.820195650817585,road_line_intersected_raster_cells_all_touched,mapped,2,0.03146062791347504,0.029214566573500633,0.031011415645480156,1.0,1.0,0.0,0.0
000_030,0,30,RN_ROAD_00015,RN_NODE_00251,RN_NODE_00252,0,RN_ROAD_00015,RN_ROAD_00015,tertiary,,36.90402520875027,road_line_intersected_raster_cells_all_touched,mapped,2,0.021446468308568,0.01531428936868906,0.020220032520592214,1.0,0.5,0.0,0.0
000_030,0,30,RN_ROAD_00031,RN_NODE_00251,RN_NODE_00221,0,RN_ROAD_00031,RN_ROAD_00031,residential,,107.05914643211815,road_line_intersected_raster_cells_all_touched,mapped,5,0.018387075513601303,0.010083580855280161,0.014705089479684831,1.0,0.0,0.0,0.0
000_030,0,30,RN_ROAD_00027,RN_NODE_00307,RN_NODE_00311,0,RN_ROAD_00027,RN_ROAD_00027,tertiary,['Panmla road'],12.950108180473846,road_line_intersected_raster_cells_all_touched,mapped,2,0.03146062791347504,0.021604477893561125,0.029489397909492253,1.0,0.5,0.0,0.0
000_030,0,30,RN_ROAD_00029,RN_NODE_00307,RN_NODE_00306,0,RN_ROAD_00029,RN_ROAD_00029,tertiary,['Panmla road'],165.88450329250958,road_line_intersected_raster_cells_all_touched,mapped,6,0.011748327873647213,0.005457042144068207,0.010777066461741924,0.8333333333333334,0.0,0.0,0.0
000_030,0,30,RN_ROAD_00104,RN_NODE_00307,RN_NODE_00398,0,RN_ROAD_00104,RN_ROAD_00104,primary,['Sinhagad Road'],310.8681955303079,road_line_intersected_raster_cells_all_touched,mapped,14,0.03378748521208763,0.007337610727907824,0.011610534694045783,1.0,0.07142857142857142,0.0,0.0
000_030,0,30,RN_ROAD_00016,RN_NODE_00252,RN_NODE_00253,0,RN_ROAD_00016,RN_ROAD_00016,tertiary,,37.78957596580244,road_line_intersected_raster_cells_all_touched,mapped,3,0.057546913623809814,0.03417359230419,0.05074300989508629,1.0,1.0,0.0,0.0
000_030,0,30,RN_ROAD_00032,RN_NODE_00252,RN_NODE_00224,0,RN_ROAD_00032,RN_ROAD_00032,residential,,102.18258890538435,road_line_intersected_raster_cells_all_touched,mapped,5,0.0247122161090374,0.016189052909612655,0.02340591698884964,1.0,0.4,0.0,0.0
000_030,0,30,RN_ROAD_00017,RN_NODE_00253,RN_NODE_00240,0,RN_ROAD_00017,RN_ROAD_00017,residential,,56.818705917843346,road_line_intersected_raster_cells_all_touched,mapped,3,0.023527394980192184,0.01780026002476613,0.023074476420879363,1.0,0.6666666666666666,0.0,0.0
000_030,0,30,RN_ROAD_00018,RN_NODE_00253,RN_NODE_00254,0,RN_ROAD_00018,RN_ROAD_00018,tertiary,,10.404856598863448,road_line_intersected_raster_cells_all_touched,mapped,1,0.023527394980192184,0.023527394980192184,0.023527394980192184,1.0,1.0,0.0,0.0
000_030,0,30,RN_ROAD_00034,RN_NODE_00240,RN_NODE_00210,0,RN_ROAD_00034,RN_ROAD_00034,residential,,95.66029435012692,road_line_intersected_raster_cells_all_touched,mapped,5,0.06089727208018303,0.0401179701089859,0.056954463571310045,1.0,1.0,0.0,0.0
000_030,0,30,RN_ROAD_00035,RN_NODE_00240,RN_NODE_00242,0,RN_ROAD_00035,RN_ROAD_00035,residential,,55.25679009630857,road_line_intersected_raster_cells_all_touched,mapped,2,0.021262802183628082,0.01766698621213436,0.020543638989329337,1.0,0.5,0.0,0.0
000_030,0,30,RN_ROAD_00041,RN_NODE_00254,RN_NODE_00265,0,RN_ROAD_00041,RN_ROAD_00041,residential,,37.37936461896842,road_line_intersected_raster_cells_all_touched,mapped,2,0.025563107803463936,0.02454525139182806,0.02535953652113676,1.0,1.0,0.0,0.0
000_030,0,30,RN_ROAD_00043,RN_NODE_00254,RN_NODE_00256,0,RN_ROAD_00043,RN_ROAD_00043,tertiary,,44.90716795876552,road_line_intersected_raster_cells_all_touched,mapped,2,0.023527394980192184,0.013834649696946144,0.021588845923542977,1.0,0.5,0.0,0.0
000_030,0,30,RN_ROAD_00019,RN_NODE_00279,RN_NODE_00284,0,RN_ROAD_00019,RN_ROAD_00019,residential,,15.457018790921675,road_line_intersected_raster_cells_all_touched,mapped,1,0.0033844998106360435,0.0033844998106360435,0.0033844998106360435,1.0,0.0,0.0,0.0
000_030,0,30,RN_ROAD_00020,RN_NODE_00279,RN_NODE_00265,0,RN_ROAD_00020,RN_ROAD_00020,residential,,51.109121332944376,road_line_intersected_raster_cells_all_touched,mapped,3,0.025563107803463936,0.01586263347417116,0.02417854480445385,1.0,0.3333333333333333,0.0,0.0
000_030,0,30,RN_ROAD_00042,RN_NODE_00279,RN_NODE_00280,0,RN_ROAD_00042,RN_ROAD_00042,residential,,12.671054645406425,road_line_intersected_raster_cells_all_touched,mapped,1,0.0033844998106360435,0.0033844998106360435,0.0033844998106360435,1.0,0.0,0.0,0.0
000_030,0,30,RN_ROAD_00044,RN_NODE_00265,RN_NODE_00267,0,RN_ROAD_00044,RN_ROAD_00044,residential,,78.53311568005444,road_line_intersected_raster_cells_all_touched,mapped,3,0.025563107803463936,0.010459327895659953,0.02146892221644521,1.0,0.3333333333333333,0.0,0.0
000_030,0,30,RN_ROAD_00021,RN_NODE_00337,RN_NODE_00336,0,RN_ROAD_00021,RN_ROAD_00021,residential,,4.010574873213283,road_line_intersected_raster_cells_all_touched,outside_valid_flood_grid,0,,,,,,,
000_030,0,30,RN_ROAD_00022,RN_NODE_00337,RN_NODE_00338,0,RN_ROAD_00022,RN_ROAD_00022,residential,,3.5777701642730535,road_line_intersected_raster_cells_all_touched,outside_valid_flood_grid,0,,,,,,,
000_030,0,30,RN_ROAD_00023,RN_NODE_00337,RN_NODE_00349,0,RN_ROAD_00023,RN_ROAD_00023,residential,,59.620737404387555,road_line_intersected_raster_cells_all_touched,mapped,3,0.0,0.0,0.0,0.0,0.0,0.0,0.0
000_030,0,30,RN_ROAD_00101,RN_NODE_00349,RN_NODE_00357,0,RN_ROAD_00101,RN_ROAD_00101,residential,,47.76723768710115,road_line_intersected_raster_cells_all_touched,mapped,3,0.0,0.0,0.0,0.0,0.0,0.0,0.0
000_030,0,30,RN_ROAD_00103,RN_NODE_00349,RN_NODE_00451,0,RN_ROAD_00103,RN_ROAD_00103,residential,,393.37092434710667,road_line_intersected_raster_cells_all_touched,mapped,19,3.819002358795842e-06,2.010001241471496e-07,0.0,0.05263157894736842,0.0,0.0,0.0
000_030,0,30,RN_ROAD_00025,RN_NODE_00366,RN_NODE_00321,0,RN_ROAD_00025,RN_ROAD_00025,living_street,,160.56974852956768,road_line_intersected_raster_cells_all_touched,mapped,7,0.02307857573032379,0.007171017130271399,0.015640677697956566,1.0,0.14285714285714285,0.0,0.0
000_030,0,30,RN_ROAD_00028,RN_NODE_00321,RN_NODE_00311,0,RN_ROAD_00028,RN_ROAD_00028,primary,['Sinhagad Road'],53.368993155301965,road_line_intersected_raster_cells_all_touched,mapped,4,0.03378748521208763,0.025018754182383418,0.03308942802250385,1.0,0.75,0.0,0.0
000_030,0,30,RN_ROAD_00105,RN_NODE_00321,RN_NODE_00403,0,RN_ROAD_00105,RN_ROAD_00105,primary,['Sinhagad Road'],260.06086779730686,road_line_intersected_raster_cells_all_touched,mapped,13,0.02307857573032379,0.005006769101153343,0.0106794273480773,1.0,0.07692307692307693,0.0,0.0
000_030,0,30,RN_ROAD_00030,RN_NODE_00306,RN_NODE_00317,0,RN_ROAD_00030,RN_ROAD_00030,residential,,35.17916299023046,road_line_intersected_raster_cells_all_touched,mapped,2,0.0,0.0,0.0,0.0,0.0,0.0,0.0
000_030,0,30,RN_ROAD_00081,RN_NODE_00306,RN_NODE_00305,0,RN_ROAD_00081,RN_ROAD_00081,tertiary,,66.4260344158254,road_line_intersected_raster_cells_all_touched,mapped,3,3.9368414945784025e-06,1.3150341707420428e-06,3.1511253991922673e-06,0.6666666666666666,0.0,0.0,0.0
000_030,0,30,RN_ROAD_00037,RN_NODE_00208,RN_NODE_00190,0,RN_ROAD_00037,RN_ROAD_00037,residential,,36.35525499430467,road_line_intersected_raster_cells_all_touched,mapped,2,0.022047149017453194,0.01480344426818192,0.02059840806759894,1.0,0.5,0.0,0.0
000_030,0,30,RN_ROAD_00039,RN_NODE_00208,RN_NODE_00209,0,RN_ROAD_00039,RN_ROAD_00039,tertiary,['Dattawadi Road'],26.03044550460261,road_line_intersected_raster_cells_all_touched,mapped,2,0.0075597395189106464,0.005594205926172435,0.007166632800363004,1.0,0.0,0.0,0.0
000_030,0,30,RN_ROAD_00038,RN_NODE_00242,RN_NODE_00225,0,RN_ROAD_00038,RN_ROAD_00038,residential,,84.51756534679647,road_line_intersected_raster_cells_all_touched,mapped,6,0.02856207638978958,0.012689895384634534,0.023618916980922222,1.0,0.16666666666666666,0.0,0.0
000_030,0,30,RN_ROAD_00045,RN_NODE_00242,RN_NODE_00256,0,RN_ROAD_00045,RN_ROAD_00045,residential,,56.395339779681436,road_line_intersected_raster_cells_all_touched,mapped,3,0.01407117024064064,0.008881928088764349,0.012943478114902974,1.0,0.0,0.0,0.0
000_030,0,30,RN_ROAD_00036,RN_NODE_00191,RN_NODE_00190,0,RN_ROAD_00036,RN_ROAD_00036,residential,,43.636454570990736,road_line_intersected_raster_cells_all_touched,mapped,3,0.04673023149371147,0.036346616223454475,0.04543667882680893,1.0,1.0,0.0,0.0
000_030,0,30,RN_ROAD_00040,RN_NODE_00190,RN_NODE_00188,0,RN_ROAD_00040,RN_ROAD_00040,residential,,40.90975146529643,road_line_intersected_raster_cells_all_touched,mapped,2,0.022047149017453194,0.01665801089257002,0.020969321392476557,1.0,0.5,0.0,0.0
000_030,0,30,RN_ROAD_00226,RN_NODE_00190,RN_NODE_00132,0,RN_ROAD_00226,RN_ROAD_00226,residential,,135.162456334921,road_line_intersected_raster_cells_all_touched,mapped,6,0.022047149017453194,0.01079013761288176,0.022040911950170994,1.0,0.3333333333333333,0.0,0.0
000_030,0,30,RN_ROAD_00049,RN_NODE_00225,RN_NODE_00257,0,RN_ROAD_00049,RN_ROAD_00049,residential,,104.09119651047976,road_line_intersected_raster_cells_all_touched,mapped,4,0.006573630962520838,0.004383754334412515,0.006176697975024581,1.0,0.0,0.0,0.0
000_030,0,30,RN_ROAD_00051,RN_NODE_00225,RN_NODE_00209,0,RN_ROAD_00051,RN_ROAD_00051,residential,,40.48572136886673,road_line_intersected_raster_cells_all_touched,mapped,3,0.005250521004199982,0.003612982497240106,0.0049261512700468305,1.0,0.0,0.0,0.0
000_030,0,30,RN_ROAD_00052,RN_NODE_00225,RN_NODE_00226,0,RN_ROAD_00052,RN_ROAD_00052,residential,,35.95601353641846,road_line_intersected_raster_cells_all_touched,mapped,2,0.00592432776466012,0.005587424384430051,0.005856947088614106,1.0,0.0,0.0,0.0
000_030,0,30,RN_ROAD_00054,RN_NODE_00209,RN_NODE_00211,0,RN_ROAD_00054,RN_ROAD_00054,tertiary,['Dattawadi Road'],74.6477816696061,road_line_intersected_raster_cells_all_touched,mapped,3,0.013788090087473392,0.007582088699564338,0.012096372805535794,1.0,0.0,0.0,0.0
000_030,0,30,RN_ROAD_00053,RN_NODE_00188,RN_NODE_00186,0,RN_ROAD_00053,RN_ROAD_00053,residential,,34.9736689686955,road_line_intersected_raster_cells_all_touched,mapped,2,0.011268872767686844,0.01059648860245943,0.011134395934641361,1.0,0.0,0.0,0.0
000_030,0,30,RN_ROAD_00237,RN_NODE_00188,RN_NODE_00150,0,RN_ROAD_00237,RN_ROAD_00237,residential,,74.85030696139879,road_line_intersected_raster_cells_all_touched,mapped,4,0.0149441072717309,0.011059547890909016,0.014017592929303647,1.0,0.0,0.0,0.0
000_030,0,30,RN_ROAD_00047,RN_NODE_00280,RN_NODE_00280,0,RN_ROAD_00047,RN_ROAD_00047,residential,,271.48317612441605,road_line_intersected_raster_cells_all_touched,mapped,10,0.018640292808413506,0.0029767032559902874,0.005749727878719563,0.8,0.0,0.0,0.0
000_030,0,30,RN_ROAD_00046,RN_NODE_00256,RN_NODE_00257,0,RN_ROAD_00046,RN_ROAD_00046,tertiary,,38.72242276576632,road_line_intersected_raster_cells_all_touched,mapped,3,0.004141904413700104,0.0023125691805034876,0.0036502762697637084,1.0,0.0,0.0,0.0
000_030,0,30,RN_ROAD_00048,RN_NODE_00267,RN_NODE_00270,0,RN_ROAD_00048,RN_ROAD_00048,residential,,25.878026259087473,road_line_intersected_raster_cells_all_touched,mapped,2,0.0007226960151456296,0.00039249324618140236,0.0006566554613527842,1.0,0.0,0.0,0.0
000_030,0,30,RN_ROAD_00050,RN_NODE_00267,RN_NODE_00268,0,RN_ROAD_00050,RN_ROAD_00050,residential,,32.81439084825519,road_line_intersected_raster_cells_all_touched,mapped,3,0.0007226960151456296,0.0004168106437039872,0.0006837039953097701,0.6666666666666666,0.0,0.0,0.0
000_030,0,30,RN_ROAD_00061,RN_NODE_00257,RN_NODE_00258,0,RN_ROAD_00061,RN_ROAD_00061,tertiary,,36.24842936221222,road_line_intersected_raster_cells_all_touched,mapped,2,0.0016837636940181255,0.0012771386827807873,0.001602438691770658,1.0,0.0,0.0,0.0
000_030,0,30,RN_ROAD_00062,RN_NODE_00268,RN_NODE_00278,0,RN_ROAD_00062,RN_ROAD_00062,residential,,34.0388930170019,road_line_intersected_raster_cells_all_touched,mapped,2,0.0,0.0,0.0,0.0,0.0,0.0,0.0
000_030,0,30,RN_ROAD_00064,RN_NODE_00268,RN_NODE_00269,0,RN_ROAD_00064,RN_ROAD_00064,residential,,21.492524537581243,road_line_intersected_raster_cells_all_touched,mapped,1,0.0,0.0,0.0,0.0,0.0,0.0,0.0
000_030,0,30,RN_ROAD_00055,RN_NODE_00226,RN_NODE_00227,0,RN_ROAD_00055,RN_ROAD_00055,residential,,39.2116910610255,road_line_intersected_raster_cells_all_touched,mapped,2,0.00592432776466012,0.004381641745567322,0.0056157905608415605,1.0,0.0,0.0,0.0
000_030,0,30,RN_ROAD_00063,RN_NODE_00226,RN_NODE_00258,0,RN_ROAD_00063,RN_ROAD_00063,residential,,104.41866178505872,road_line_intersected_raster_cells_all_touched,mapped,4,0.00592432776466012,0.003145894399494864,0.0055174587294459345,1.0,0.0,0.0,0.0
000_030,0,30,RN_ROAD_00056,RN_NODE_00186,RN_NODE_00187,0,RN_ROAD_00056,RN_ROAD_00056,residential,,25.120377643736735,road_line_intersected_raster_cells_all_touched,mapped,2,0.009924104437232018,0.006326956674456596,0.009204674884676934,1.0,0.0,0.0,0.0
000_030,0,30,RN_ROAD_00241,RN_NODE_00186,RN_NODE_00156,0,RN_ROAD_00241,RN_ROAD_00241,residential,,61.68449622986819,road_line_intersected_raster_cells_all_touched,mapped,3,0.010160202160477638,0.008357192700107893,0.010112982615828514,1.0,0.0,0.0,0.0
000_030,0,30,RN_ROAD_00058,RN_NODE_00211,RN_NODE_00187,0,RN_ROAD_00058,RN_ROAD_00058,residential,,45.06280672272299,road_line_intersected_raster_cells_all_touched,mapped,2,0.005329503677785397,0.004029656294733286,0.005069534201174975,1.0,0.0,0.0,0.0
000_030,0,30,RN_ROAD_00059,RN_NODE_00211,RN_NODE_00227,0,RN_ROAD_00059,RN_ROAD_00059,residential,,38.98029653189591,road_line_intersected_raster_cells_all_touched,mapped,3,0.008496014401316643,0.005554824601858854,0.007862712256610394,1.0,0.0,0.0,0.0
000_030,0,30,RN_ROAD_00060,RN_NODE_00211,RN_NODE_00212,0,RN_ROAD_00060,RN_ROAD_00060,tertiary,['Dattawadi Road'],36.97983102056298,road_line_intersected_raster_cells_all_touched,mapped,2,0.005329503677785397,0.003549120156094432,0.0049734269734472035,1.0,0.0,0.0,0.0
000_030,0,30,RN_ROAD_00057,RN_NODE_00227,RN_NODE_00238,0,RN_ROAD_00057,RN_ROAD_00057,residential,,28.855080650982604,road_line_intersected_raster_cells_all_touched,mapped,2,0.0028389557264745235,0.0018717831699177623,0.002645521215163171,1.0,0.0,0.0,0.0
000_030,0,30,RN_ROAD_00244,RN_NODE_00187,RN_NODE_00175,0,RN_ROAD_00244,RN_ROAD_00244,residential,,33.110798205839764,road_line_intersected_raster_cells_all_touched,mapped,2,0.0028277861420065165,0.002778797526843846,0.0028179884189739822,1.0,0.0,0.0,0.0
000_030,0,30,RN_ROAD_00066,RN_NODE_00238,RN_NODE_00259,0,RN_ROAD_00066,RN_ROAD_00066,residential,,75.86989844292557,road_line_intersected_raster_cells_all_touched,mapped,3,0.000904610613361001,0.00030153687112033367,0.0007236884906888009,0.3333333333333333,0.0,0.0,0.0
000_030,0,30,RN_ROAD_00071,RN_NODE_00238,RN_NODE_00239,0,RN_ROAD_00071,RN_ROAD_00071,residential,,40.63568578815476,road_line_intersected_raster_cells_all_touched,mapped,3,0.000904610613361001,0.0005199751370431235,0.0008266636868938804,1.0,0.0,0.0,0.0
000_030,0,30,RN_ROAD_00072,RN_NODE_00212,RN_NODE_00193,0,RN_ROAD_00072,RN_ROAD_00072,tertiary,,38.410056230253225,road_line_intersected_raster_cells_all_touched,mapped,2,0.0017687366344034672,0.0016271349741145968,0.001740416302345693,1.0,0.0,0.0,0.0
000_030,0,30,RN_ROAD_00073,RN_NODE_00212,RN_NODE_00228,0,RN_ROAD_00073,RN_ROAD_00073,tertiary,,40.09538264547372,road_line_intersected_raster_cells_all_touched,mapped,4,0.0017687366344034672,0.001010096566460561,0.0017097808420658111,1.0,0.0,0.0,0.0
000_030,0,30,RN_ROAD_00080,RN_NODE_00212,RN_NODE_00213,0,RN_ROAD_00080,RN_ROAD_00080,tertiary,['Dattawadi Road'],126.01139667967246,road_line_intersected_raster_cells_all_touched,mapped,6,0.0017687366344034672,0.0006676472742886593,0.0015612220158800483,0.5,0.0,0.0,0.0
000_030,0,30,RN_ROAD_00065,RN_NODE_00258,RN_NODE_00259,0,RN_ROAD_00065,RN_ROAD_00065,tertiary,,38.55343416567287,road_line_intersected_raster_cells_all_touched,mapped,2,0.0008705136715434492,0.0004352568357717246,0.0007834623043891043,0.5,0.0,0.0,0.0
000_030,0,30,RN_ROAD_00067,RN_NODE_00259,RN_NODE_00260,0,RN_ROAD_00067,RN_ROAD_00067,tertiary,,40.74518304705443,road_line_intersected_raster_cells_all_touched,mapped,3,5.009158030588878e-06,1.669719343529626e-06,4.007326424471103e-06,0.3333333333333333,0.0,0.0,0.0
000_030,0,30,RN_ROAD_00069,RN_NODE_00260,RN_NODE_00264,0,RN_ROAD_00069,RN_ROAD_00069,tertiary,,26.62863146932078,road_line_intersected_raster_cells_all_touched,mapped,3,5.009158030588878e-06,1.669719343529626e-06,4.007326424471103e-06,0.3333333333333333,0.0,0.0,0.0
000_030,0,30,RN_ROAD_00070,RN_NODE_00260,RN_NODE_00244,0,RN_ROAD_00070,RN_ROAD_00070,tertiary,,24.938363724921295,road_line_intersected_raster_cells_all_touched,mapped,2,5.009158030588878e-06,2.504579015294439e-06,4.5082422275299905e-06,0.5,0.0,0.0,0.0
000_030,0,30,RN_ROAD_00068,RN_NODE_00297,RN_NODE_00264,0,RN_ROAD_00068,RN_ROAD_00068,tertiary,,130.87283489357,road_line_intersected_raster_cells_all_touched,mapped,5,1.4971318705647718e-05,5.678942034137435e-06,1.2676450023718645e-05,0.6,0.0,0.0,0.0
000_030,0,30,RN_ROAD_00082,RN_NODE_00297,RN_NODE_00305,0,RN_ROAD_00082,RN_ROAD_00082,tertiary,,11.181496939700613,road_line_intersected_raster_cells_all_touched,mapped,2,4.1892444642144255e-06,4.063042979396414e-06,4.164004167250823e-06,1.0,0.0,0.0,0.0
000_030,0,30,RN_ROAD_00083,RN_NODE_00297,RN_NODE_00294,0,RN_ROAD_00083,RN_ROAD_00083,residential,,70.2922251484159,road_line_intersected_raster_cells_all_touched,mapped,4,0.001593741006217897,0.0004925732471292577,0.0012168505723821003,1.0,0.0,0.0,0.0
000_030,0,30,RN_ROAD_00296,RN_NODE_00264,RN_NODE_00263,0,RN_ROAD_00296,RN_ROAD_00296,residential,,72.78052268614596,road_line_intersected_raster_cells_all_touched,mapped,4,0.00041486413101665676,0.00011272343397195073,0.0002999084550538101,0.75,0.0,0.0,0.0
000_030,0,30,RN_ROAD_00294,RN_NODE_00244,RN_NODE_00239,0,RN_ROAD_00294,RN_ROAD_00294,tertiary,,51.659918278362944,road_line_intersected_raster_cells_all_touched,mapped,2,0.00014043881674297154,7.021940837148577e-05,0.0001263949350686744,0.5,0.0,0.0,0.0
000_030,0,30,RN_ROAD_00295,RN_NODE_00244,RN_NODE_00247,0,RN_ROAD_00295,RN_ROAD_00295,residential,,40.36964816219208,road_line_intersected_raster_cells_all_touched,mapped,2,5.953344953013584e-05,2.976672476506792e-05,5.3580104577122256e-05,0.5,0.0,0.0,0.0
000_030,0,30,RN_ROAD_00074,RN_NODE_00239,RN_NODE_00228,0,RN_ROAD_00074,RN_ROAD_00074,tertiary,,26.901590919768886,road_line_intersected_raster_cells_all_touched,mapped,2,0.00019008226809091866,0.0001652605424169451,0.00018511792295612396,1.0,0.0,0.0,0.0
000_030,0,30,RN_ROAD_00075,RN_NODE_00193,RN_NODE_00194,0,RN_ROAD_00075,RN_ROAD_00075,residential,,37.31989973867388,road_line_intersected_raster_cells_all_touched,mapped,3,0.0015304923290386796,0.0013764836282158892,0.001521500525996089,1.0,0.0,0.0,0.0
000_030,0,30,RN_ROAD_00256,RN_NODE_00193,RN_NODE_00174,0,RN_ROAD_00256,RN_ROAD_00256,tertiary,,41.693740805285216,road_line_intersected_raster_cells_all_touched,mapped,2,0.001888639060780406,0.0016870861873030663,0.0018483284860849381,1.0,0.0,0.0,0.0
000_030,0,30,RN_ROAD_00076,RN_NODE_00228,RN_NODE_00229,0,RN_ROAD_00076,RN_ROAD_00076,residential,,40.45446256118045,road_line_intersected_raster_cells_all_touched,mapped,2,0.0005102975992485881,0.00035018993366975337,0.00047827606613282114,1.0,0.0,0.0,0.0
000_030,0,30,RN_ROAD_00078,RN_NODE_00194,RN_NODE_00195,0,RN_ROAD_00078,RN_ROAD_00078,residential,,36.19111684470716,road_line_intersected_raster_cells_all_touched,mapped,2,0.0011134252417832613,0.0009150179394055158,0.0010737437813077122,1.0,0.0,0.0,0.0
000_030,0,30,RN_ROAD_00257,RN_NODE_00194,RN_NODE_00146,0,RN_ROAD_00257,RN_ROAD_00257,residential,,105.88544834265709,road_line_intersected_raster_cells_all_touched,mapped,4,0.0021537505090236664,0.0016848818340804428,0.0020534451119601726,1.0,0.0,0.0,0.0
000_030,0,30,RN_ROAD_00077,RN_NODE_00229,RN_NODE_00247,0,RN_ROAD_00077,RN_ROAD_00077,residential,,77.80122283607632,road_line_intersected_raster_cells_all_touched,mapped,3,0.0005102975992485881,0.0001899436829262413,0.0004201447693048977,0.6666666666666666,0.0,0.0,0.0
000_030,0,30,RN_ROAD_00079,RN_NODE_00229,RN_NODE_00230,0,RN_ROAD_00079,RN_ROAD_00079,residential,,37.931014123628856,road_line_intersected_raster_cells_all_touched,mapped,2,0.0005102975992485881,0.00025514879962429404,0.0004592678393237293,0.5,0.0,0.0,0.0
000_030,0,30,RN_ROAD_00297,RN_NODE_00247,RN_NODE_00246,0,RN_ROAD_00297,RN_ROAD_00297,residential,,37.670645354702565,road_line_intersected_raster_cells_all_touched,mapped,2,0.00017998604744207114,0.00011975974848610349,0.00016794078765087762,1.0,0.0,0.0,0.0
000_030,0,30,RN_ROAD_00091,RN_NODE_00195,RN_NODE_00176,0,RN_ROAD_00091,RN_ROAD_00091,residential,,38.41929687467551,road_line_intersected_raster_cells_all_touched,mapped,2,0.0007166106370277703,0.00035830531851388514,0.0006449495733249933,0.5,0.0,0.0,0.0
000_030,0,30,RN_ROAD_00093,RN_NODE_00195,RN_NODE_00197,0,RN_ROAD_00093,RN_ROAD_00093,residential,,53.33428004208454,road_line_intersected_raster_cells_all_touched,mapped,3,0.0007166106370277703,0.0002388702123425901,0.0005732885096222163,0.3333333333333333,0.0,0.0,0.0
000_030,0,30,RN_ROAD_00092,RN_NODE_00230,RN_NODE_00246,0,RN_ROAD_00092,RN_ROAD_00092,residential,,76.77767014268143,road_line_intersected_raster_cells_all_touched,mapped,3,0.00017998604744207114,6.771864112427768e-05,0.0001486228131398093,0.6666666666666666,0.0,0.0,0.0
000_030,0,30,RN_ROAD_00094,RN_NODE_00230,RN_NODE_00234,0,RN_ROAD_00094,RN_ROAD_00094,residential,,43.564722645993555,road_line_intersected_raster_cells_all_touched,mapped,3,0.0005936966626904905,0.00036138614329199,0.0005730496835894882,0.6666666666666666,0.0,0.0,0.0
000_030,0,30,RN_ROAD_00096,RN_NODE_00213,RN_NODE_00234,0,RN_ROAD_00096,RN_ROAD_00096,residential,,39.92478066992536,road_line_intersected_raster_cells_all_touched,mapped,3,0.0005936966626904905,0.0003020844402878235,0.0005374686617869884,0.6666666666666666,0.0,0.0,0.0
000_030,0,30,RN_ROAD_00097,RN_NODE_00213,RN_NODE_00197,0,RN_ROAD_00097,RN_ROAD_00097,residential,,38.82730769015813,road_line_intersected_raster_cells_all_touched,mapped,2,0.0,0.0,0.0,0.0,0.0,0.0,0.0
000_030,0,30,RN_ROAD_00304,RN_NODE_00213,RN_NODE_00214,0,RN_ROAD_00304,RN_ROAD_00304,tertiary,['Dattawadi Road'],89.95960034883794,road_line_intersected_raster_cells_all_touched,mapped,4,0.0009919153526425362,0.000270848635409493,0.0007217845035484062,0.5,0.0,0.0,0.0
000_030,0,30,RN_ROAD_00084,RN_NODE_00305,RN_NODE_00328,0,RN_ROAD_00084,RN_ROAD_00084,tertiary,,90.13771843891129,road_line_intersected_raster_cells_all_touched,mapped,6,0.00418164674192667,0.000755647452933772,0.0021690717403544113,1.0,0.0,0.0,0.0
000_030,0,30,RN_ROAD_00085,RN_NODE_00328,RN_NODE_00293,0,RN_ROAD_00085,RN_ROAD_00085,residential,,105.33721628543579,road_line_intersected_raster_cells_all_touched,mapped,5,0.011306460946798325,0.005235590529628098,0.009630181640386582,1.0,0.0,0.0,0.0
000_030,0,30,RN_ROAD_00086,RN_NODE_00328,RN_NODE_00356,0,RN_ROAD_00086,RN_ROAD_00086,tertiary,,98.16696127727685,road_line_intersected_raster_cells_all_touched,mapped,5,0.15566366910934448,0.07182128597050905,0.13765280842781066,1.0,0.6,0.4,0.0
000_030,0,30,RN_ROAD_00172,RN_NODE_00356,RN_NODE_00361,0,RN_ROAD_00172,RN_ROAD_00172,residential,,46.82523189296001,road_line_intersected_raster_cells_all_touched,mapped,3,0.07129312306642532,0.033406369388103485,0.060435414686799055,1.0,0.3333333333333333,0.0,0.0
000_030,0,30,RN_ROAD_00173,RN_NODE_00356,RN_NODE_00427,0,RN_ROAD_00173,RN_ROAD_00173,tertiary,,234.03133514478208,road_line_intersected_raster_cells_all_touched,mapped,11,0.1802673637866974,0.046060586094178936,0.08691476285457611,1.0,0.5454545454545454,0.09090909090909091,0.0
000_030,0,30,RN_ROAD_00087,RN_NODE_00314,RN_NODE_00315,0,RN_ROAD_00087,RN_ROAD_00087,residential,,45.05843580903861,road_line_intersected_raster_cells_all_touched,mapped,2,0.009999513626098633,0.005733113910537213,0.009146233682986348,1.0,0.0,0.0,0.0
000_030,0,30,RN_ROAD_00088,RN_NODE_00314,RN_NODE_00319,0,RN_ROAD_00088,RN_ROAD_00088,residential,,33.693765674940465,road_line_intersected_raster_cells_all_touched,mapped,2,0.0017300889594480395,0.0015984015772119164,0.001703751483000815,1.0,0.0,0.0,0.0
000_030,0,30,RN_ROAD_00089,RN_NODE_00314,RN_NODE_00290,0,RN_ROAD_00089,RN_ROAD_00089,residential,,121.67517705552382,road_line_intersected_raster_cells_all_touched,mapped,5,0.008077997714281082,0.0038050052884500475,0.0073099564760923386,1.0,0.0,0.0,0.0
000_030,0,30,RN_ROAD_00090,RN_NODE_00314,RN_NODE_00313,0,RN_ROAD_00090,RN_ROAD_00090,residential,,63.21236636402831,road_line_intersected_raster_cells_all_touched,mapped,3,0.0014667141949757934,0.0013544461301838358,0.0014596155611798166,1.0,0.0,0.0,0.0
000_030,0,30,RN_ROAD_00303,RN_NODE_00290,RN_NODE_00281,0,RN_ROAD_00303,RN_ROAD_00303,residential,,75.55398586526928,road_line_intersected_raster_cells_all_touched,mapped,4,0.0030502108857035637,0.0011970444611506537,0.0024377792724408214,1.0,0.0,0.0,0.0
000_030,0,30,RN_ROAD_00316,RN_NODE_00290,RN_NODE_00313,0,RN_ROAD_00316,RN_ROAD_00316,residential,,61.77604347682732,road_line_intersected_raster_cells_all_touched,mapped,3,0.0030502108857035637,0.0016837955530111988,0.0026732493424788117,1.0,0.0,0.0,0.0
000_030,0,30,RN_ROAD_00324,RN_NODE_00290,RN_NODE_00286,0,RN_ROAD_00324,RN_ROAD_00324,residential,,53.980157249501374,road_line_intersected_raster_cells_all_touched,mapped,3,0.0030502108857035637,0.0012887409247923642,0.0025396141107194127,1.0,0.0,0.0,0.0
000_030,0,30,RN_ROAD_00317,RN_NODE_00313,RN_NODE_00333,0,RN_ROAD_00317,RN_ROAD_00317,residential,,50.072254927188524,road_line_intersected_raster_cells_all_touched,mapped,3,0.001165403169579804,0.0009320812532678246,0.0011524946661666037,1.0,0.0,0.0,0.0
000_030,0,30,RN_ROAD_00320,RN_NODE_00313,RN_NODE_00312,0,RN_ROAD_00320,RN_ROAD_00320,residential,,42.21382632969337,road_line_intersected_raster_cells_all_touched,mapped,3,0.001165403169579804,0.00042236896994533407,0.0009502038796199487,1.0,0.0,0.0,0.0
000_030,0,30,RN_ROAD_00258,RN_NODE_00176,RN_NODE_00152,0,RN_ROAD_00258,RN_ROAD_00258,residential,,37.12096600182516,road_line_intersected_raster_cells_all_touched,mapped,2,0.0,0.0,0.0,0.0,0.0,0.0,0.0
000_030,0,30,RN_ROAD_00260,RN_NODE_00176,RN_NODE_00177,0,RN_ROAD_00260,RN_ROAD_00260,residential,,99.19862013661967,road_line_intersected_raster_cells_all_touched,mapped,4,0.0,0.0,0.0,0.0,0.0,0.0,0.0
000_030,0,30,RN_ROAD_00299,RN_NODE_00246,RN_NODE_00245,0,RN_ROAD_00299,RN_ROAD_00299,residential,,42.58423840088509,road_line_intersected_raster_cells_all_touched,mapped,3,0.002299447311088443,0.0013177855241034802,0.0021343424916267393,1.0,0.0,0.0,0.0
000_030,0,30,RN_ROAD_00099,RN_NODE_00197,RN_NODE_00198,0,RN_ROAD_00099,RN_ROAD_00099,residential,,45.50958373134193,road_line_intersected_raster_cells_all_touched,mapped,2,0.0,0.0,0.0,0.0,0.0,0.0,0.0
000_030,0,30,RN_ROAD_00095,RN_NODE_00234,RN_NODE_00245,0,RN_ROAD_00095,RN_ROAD_00095,residential,,75.61627595530594,road_line_intersected_raster_cells_all_touched,mapped,3,0.002299447311088443,0.0013471344524684052,0.0020692097255960106,1.0,0.0,0.0,0.0
000_030,0,30,RN_ROAD_00098,RN_NODE_00234,RN_NODE_00235,0,RN_ROAD_00098,RN_ROAD_00098,residential,,36.270777899434066,road_line_intersected_raster_cells_all_touched,mapped,2,0.0007221560808829963,0.0006579263717867434,0.0007093101390637458,1.0,0.0,0.0,0.0
000_030,0,30,RN_ROAD_00301,RN_NODE_00245,RN_NODE_00241,0,RN_ROAD_00301,RN_ROAD_00301,residential,,70.53375969539323,road_line_intersected_raster_cells_all_touched,mapped,3,0.005672897212207317,0.0030546237248927355,0.004998207231983543,1.0,0.0,0.0,0.0
000_030,0,30,RN_ROAD_00100,RN_NODE_00235,RN_NODE_00241,0,RN_ROAD_00100,RN_ROAD_00100,residential,,37.98293668808784,road_line_intersected_raster_cells_all_touched,mapped,2,0.0011915266513824463,0.0009568413661327213,0.0011445895943325013,1.0,0.0,0.0,0.0
000_030,0,30,RN_ROAD_00307,RN_NODE_00235,RN_NODE_00214,0,RN_ROAD_00307,RN_ROAD_00307,residential,,92.55852863842196,road_line_intersected_raster_cells_all_touched,mapped,5,0.0020719775930047035,0.0012599105830304325,0.0017732148990035057,1.0,0.0,0.0,0.0
000_030,0,30,RN_ROAD_00305,RN_NODE_00198,RN_NODE_00177,0,RN_ROAD_00305,RN_ROAD_00305,residential,,39.526505477982745,road_line_intersected_raster_cells_all_touched,mapped,2,0.0,0.0,0.0,0.0,0.0,0.0,0.0
000_030,0,30,RN_ROAD_00308,RN_NODE_00198,RN_NODE_00203,0,RN_ROAD_00308,RN_ROAD_00308,residential,,42.156257641141636,road_line_intersected_raster_cells_all_touched,mapped,3,0.00023628682538401335,0.00013313749514054507,0.00022165459231473505,0.6666666666666666,0.0,0.0,0.0
000_030,0,30,RN_ROAD_00306,RN_NODE_00241,RN_NODE_00243,0,RN_ROAD_00306,RN_ROAD_00306,residential,,43.674198984804306,road_line_intersected_raster_cells_all_touched,mapped,2,0.0047162496484816074,0.002953888149932027,0.004363777348771691,1.0,0.0,0.0,0.0
000_030,0,30,RN_ROAD_00102,RN_NODE_00358,RN_NODE_00451,0,RN_ROAD_00102,RN_ROAD_00102,residential,['Janata Vasahat Road'],400.63554354988895,road_line_intersected_raster_cells_all_touched,mapped,19,0.0,0.0,0.0,0.0,0.0,0.0,0.0
000_030,0,30,RN_ROAD_00111,RN_NODE_00451,RN_NODE_00480,0,RN_ROAD_00111,RN_ROAD_00111,residential,['Janata Vasahat Road'],116.53808923417535,road_line_intersected_raster_cells_all_touched,mapped,6,1.5302985048037954e-05,6.051387799743679e-06,1.1593316230573691e-05,0.6666666666666666,0.0,0.0,0.0
000_030,0,30,RN_ROAD_00106,RN_NODE_00398,RN_NODE_00403,0,RN_ROAD_00106,RN_ROAD_00106,primary_link,,11.685241840114362,road_line_intersected_raster_cells_all_touched,mapped,2,0.00664473045617342,0.004369689035229385,0.006189722171984613,1.0,0.0,0.0,0.0
000_030,0,30,RN_ROAD_00107,RN_NODE_00398,RN_NODE_00404,0,RN_ROAD_00107,RN_ROAD_00107,primary,['Sinhagad Road'],11.529812368176284,road_line_intersected_raster_cells_all_touched,mapped,3,0.01263460423797369,0.009173537604510784,0.011755939014256,1.0,0.0,0.0,0.0
000_030,0,30,RN_ROAD_00129,RN_NODE_00403,RN_NODE_00438,0,RN_ROAD_00129,RN_ROAD_00129,primary,['Sinhagad Road'],124.9679812493694,road_line_intersected_raster_cells_all_touched,mapped,7,0.008241278119385242,0.003650230704806745,0.006372839864343406,1.0,0.0,0.0,0.0
000_030,0,30,RN_ROAD_00108,RN_NODE_00404,RN_NODE_00399,0,RN_ROAD_00108,RN_ROAD_00108,residential,,14.315540964381475,road_line_intersected_raster_cells_all_touched,mapped,2,0.01263460423797369,0.010437941178679466,0.012195271626114845,1.0,0.0,0.0,0.0
000_030,0,30,RN_ROAD_00130,RN_NODE_00404,RN_NODE_00425,0,RN_ROAD_00130,RN_ROAD_00130,primary,['Sinhagad Road'],81.92638639387098,road_line_intersected_raster_cells_all_touched,mapped,4,0.008241278119385242,0.0040207686542999,0.0071951495483517655,1.0,0.0,0.0,0.0
000_030,0,30,RN_ROAD_00109,RN_NODE_00399,RN_NODE_00394,0,RN_ROAD_00109,RN_ROAD_00109,residential,,13.965206832105686,road_line_intersected_raster_cells_all_touched,mapped,1,0.01263460423797369,0.01263460423797369,0.01263460423797369,1.0,0.0,0.0,0.0
000_030,0,30,RN_ROAD_00142,RN_NODE_00399,RN_NODE_00391,0,RN_ROAD_00142,RN_ROAD_00142,residential,,113.12604300619051,road_line_intersected_raster_cells_all_touched,mapped,5,0.013201005756855011,0.01109631871804595,0.012974445149302483,1.0,0.0,0.0,0.0
000_030,0,30,RN_ROAD_00139,RN_NODE_00394,RN_NODE_00374,0,RN_ROAD_00139,RN_ROAD_00139,residential,,53.585187061784524,road_line_intersected_raster_cells_all_touched,mapped,3,0.01263460423797369,0.012029110454022884,0.012611110135912896,1.0,0.0,0.0,0.0
000_030,0,30,RN_ROAD_00140,RN_NODE_00394,RN_NODE_00385,0,RN_ROAD_00140,RN_ROAD_00140,residential,,43.14864233841997,road_line_intersected_raster_cells_all_touched,mapped,3,0.01424313522875309,0.01271505964299043,0.01392142903059721,1.0,0.0,0.0,0.0
000_030,0,30,RN_ROAD_00110,RN_NODE_00487,RN_NODE_00502,0,RN_ROAD_00110,RN_ROAD_00110,residential,['Janata Vasahat Road'],160.44199789733528,road_line_intersected_raster_cells_all_touched,mapped,7,0.0001863429497461766,0.00012519048063300682,0.00018446706235408783,1.0,0.0,0.0,0.0
000_030,0,30,RN_ROAD_00112,RN_NODE_00487,RN_NODE_00480,0,RN_ROAD_00112,RN_ROAD_00112,residential,['Janata Vasahat Road'],75.96312059419445,road_line_intersected_raster_cells_all_touched,mapped,4,0.00013894318544771522,4.116555294331192e-05,0.00010056720466309347,1.0,0.0,0.0,0.0
000_030,0,30,RN_ROAD_00113,RN_NODE_00487,RN_NODE_00480,1,RN_ROAD_00113,RN_ROAD_00113,residential,,80.27344559609085,road_line_intersected_raster_cells_all_touched,mapped,4,0.00013894318544771522,6.728816572376672e-05,0.00012354847349342892,1.0,0.0,0.0,0.0
000_030,0,30,RN_ROAD_00114,RN_NODE_00505,RN_NODE_00516,0,RN_ROAD_00114,RN_ROAD_00114,primary,['Tanaji Malusare Path'],45.48058410980653,road_line_intersected_raster_cells_all_touched,mapped,2,0.0012256238842383027,0.000974967289948836,0.0011754925653804094,1.0,0.0,0.0,0.0
000_030,0,30,RN_ROAD_00117,RN_NODE_00505,RN_NODE_00503,0,RN_ROAD_00117,RN_ROAD_00117,primary,['Tanaji Malusare Path'],30.053876706228625,road_line_intersected_raster_cells_all_touched,mapped,2,0.0032697911374270916,0.002247707510832697,0.0030653744121082126,1.0,0.0,0.0,0.0
000_030,0,30,RN_ROAD_00119,RN_NODE_00505,RN_NODE_00517,0,RN_ROAD_00119,RN_ROAD_00119,residential,,54.96034822555883,road_line_intersected_raster_cells_all_touched,mapped,2,0.0012256238842383027,0.0010302422742825001,0.0011865475622471421,1.0,0.0,0.0,0.0
000_030,0,30,RN_ROAD_00115,RN_NODE_00515,RN_NODE_00497,0,RN_ROAD_00115,RN_ROAD_00115,primary,['Tanaji Malusare Path'],136.05104111833137,road_line_intersected_raster_cells_all_touched,mapped,6,0.006955067627131939,0.00346106668196929,0.006649758899584413,1.0,0.0,0.0,0.0
000_030,0,30,RN_ROAD_00121,RN_NODE_00497,RN_NODE_00498,0,RN_ROAD_00121,RN_ROAD_00121,residential,,10.468915959375558,road_line_intersected_raster_cells_all_touched,mapped,1,0.006955067627131939,0.006955067627131939,0.006955067627131939,1.0,0.0,0.0,0.0
000_030,0,30,RN_ROAD_00123,RN_NODE_00497,RN_NODE_00488,0,RN_ROAD_00123,RN_ROAD_00123,primary,['Tanaji Malusare Path'],108.90698269835133,road_line_intersected_raster_cells_all_touched,mapped,5,0.01718769036233425,0.00971443522721529,0.015014573186635972,1.0,0.0,0.0,0.0
000_030,0,30,RN_ROAD_00116,RN_NODE_00456,RN_NODE_00463,0,RN_ROAD_00116,RN_ROAD_00116,residential,,59.08667461095608,road_line_intersected_raster_cells_all_touched,mapped,3,4.116804484510794e-05,2.888906055886764e-05,3.856900621030945e-05,1.0,0.0,0.0,0.0
000_030,0,30,RN_ROAD_00120,RN_NODE_00456,RN_NODE_00488,0,RN_ROAD_00120,RN_ROAD_00120,residential,,242.8930941847801,road_line_intersected_raster_cells_all_touched,mapped,9,0.01718769036233425,0.0030594096747841425,0.008006570488214494,1.0,0.0,0.0,0.0
000_030,0,30,RN_ROAD_00131,RN_NODE_00456,RN_NODE_00449,0,RN_ROAD_00131,RN_ROAD_00131,residential,,84.1763534833191,road_line_intersected_raster_cells_all_touched,mapped,5,0.0006716172210872173,0.00019047738060180565,0.0004917642858345062,0.8,0.0,0.0,0.0
000_030,0,30,RN_ROAD_00118,RN_NODE_00503,RN_NODE_00498,0,RN_ROAD_00118,RN_ROAD_00118,primary,['Tanaji Malusare Path'],53.84887709569401,road_line_intersected_raster_cells_all_touched,mapped,4,0.006955067627131939,0.004662759834900498,0.006771882390603424,1.0,0.0,0.0,0.0
000_030,0,30,RN_ROAD_00122,RN_NODE_00503,RN_NODE_00507,0,RN_ROAD_00122,RN_ROAD_00122,residential,,72.64796298078082,road_line_intersected_raster_cells_all_touched,mapped,4,0.0032697911374270916,0.0017365412932122126,0.0029133729171007872,1.0,0.0,0.0,0.0
000_030,0,30,RN_ROAD_00124,RN_NODE_00498,RN_NODE_00490,0,RN_ROAD_00124,RN_ROAD_00124,primary,['Tanaji Malusare Path'],56.45914523801046,road_line_intersected_raster_cells_all_touched,mapped,3,0.006955067627131939,0.005205028147126238,0.006706190574914217,1.0,0.0,0.0,0.0
000_030,0,30,RN_ROAD_00126,RN_NODE_00498,RN_NODE_00500,0,RN_ROAD_00126,RN_ROAD_00126,residential,,61.6793681996395,road_line_intersected_raster_cells_all_touched,mapped,4,0.006955067627131939,0.002967004300444387,0.005753347673453391,1.0,0.0,0.0,0.0
000_030,0,30,RN_ROAD_00128,RN_NODE_00488,RN_NODE_00469,0,RN_ROAD_00128,RN_ROAD_00128,primary,['Tanaji Malusare Path'],142.270319038286,road_line_intersected_raster_cells_all_touched,mapped,7,0.01718769036233425,0.011130976224584239,0.014832491241395475,1.0,0.0,0.0,0.0
000_030,0,30,RN_ROAD_00125,RN_NODE_00507,RN_NODE_00510,0,RN_ROAD_00125,RN_ROAD_00125,residential,,13.576181017408409,road_line_intersected_raster_cells_all_touched,mapped,1,0.0007597829680889845,0.0007597829680889845,0.0007597829680889845,1.0,0.0,0.0,0.0
000_030,0,30,RN_ROAD_00150,RN_NODE_00507,RN_NODE_00500,0,RN_ROAD_00150,RN_ROAD_00150,residential,,73.06208550697029,road_line_intersected_raster_cells_all_touched,mapped,4,0.0007597829680889845,0.0005356356050469913,0.0007368130784016103,1.0,0.0,0.0,0.0
000_030,0,30,RN_ROAD_00127,RN_NODE_00490,RN_NODE_00485,0,RN_ROAD_00127,RN_ROAD_00127,primary,['Tanaji Malusare Path'],106.52342091402076,road_line_intersected_raster_cells_all_touched,mapped,6,0.01718769036233425,0.01132100036678215,0.01588771166279912,1.0,0.0,0.0,0.0
000_030,0,30,RN_ROAD_00149,RN_NODE_00490,RN_NODE_00500,0,RN_ROAD_00149,RN_ROAD_00149,residential,,105.59200991133739,road_line_intersected_raster_cells_all_touched,mapped,4,0.005710682366043329,0.0025632232864154503,0.004715801519341768,1.0,0.0,0.0,0.0
000_030,0,30,RN_ROAD_00154,RN_NODE_00500,RN_NODE_00511,0,RN_ROAD_00154,RN_ROAD_00154,residential,,137.25765877616305,road_line_intersected_raster_cells_all_touched,mapped,5,0.0006832166691310704,0.00039317761547863483,0.0005920901545323432,1.0,0.0,0.0,0.0
000_030,0,30,RN_ROAD_00153,RN_NODE_00485,RN_NODE_00468,0,RN_ROAD_00153,RN_ROAD_00153,primary,['Tanaji Malusare Path'],94.32401822308833,road_line_intersected_raster_cells_all_touched,mapped,4,0.013262358494102955,0.011209405492991209,0.0129629029892385,1.0,0.0,0.0,0.0
000_030,0,30,RN_ROAD_00155,RN_NODE_00485,RN_NODE_00486,0,RN_ROAD_00155,RN_ROAD_00155,residential,,127.4605055943359,road_line_intersected_raster_cells_all_touched,mapped,6,0.025293603539466858,0.013074558461084962,0.02325192093849182,1.0,0.3333333333333333,0.0,0.0
000_030,0,30,RN_ROAD_00151,RN_NODE_00469,RN_NODE_00449,0,RN_ROAD_00151,RN_ROAD_00151,primary,['Tanaji Malusare Path'],72.05548324266864,road_line_intersected_raster_cells_all_touched,mapped,3,0.010294458828866482,0.006955253115544717,0.010215503722429275,1.0,0.0,0.0,0.0
000_030,0,30,RN_ROAD_00152,RN_NODE_00469,RN_NODE_00468,0,RN_ROAD_00152,RN_ROAD_00152,primary_link,,10.44398647907111,road_line_intersected_raster_cells_all_touched,mapped,1,0.010294458828866482,0.010294458828866482,0.010294458828866482,1.0,0.0,0.0,0.0
000_030,0,30,RN_ROAD_00133,RN_NODE_00438,RN_NODE_00443,0,RN_ROAD_00133,RN_ROAD_00133,primary,['Tanaji Malusare Path' 'Sinhagad Road'],11.786148110048545,road_line_intersected_raster_cells_all_touched,mapped,1,0.002246678341180086,0.002246678341180086,0.002246678341180086,1.0,0.0,0.0,0.0
000_030,0,30,RN_ROAD_00135,RN_NODE_00438,RN_NODE_00437,0,RN_ROAD_00135,RN_ROAD_00135,primary,['Lalbahadur Shashtri Marg'],11.829410221436186,road_line_intersected_raster_cells_all_touched,mapped,1,0.002246678341180086,0.002246678341180086,0.002246678341180086,1.0,0.0,0.0,0.0
000_030,0,30,RN_ROAD_00132,RN_NODE_00425,RN_NODE_00437,0,RN_ROAD_00132,RN_ROAD_00132,primary,['Sinhagad Road'],37.83754513399506,road_line_intersected_raster_cells_all_touched,mapped,3,0.00512721436098218,0.003011581914809843,0.004551107157021761,1.0,0.0,0.0,0.0
000_030,0,30,RN_ROAD_00158,RN_NODE_00425,RN_NODE_00414,0,RN_ROAD_00158,RN_ROAD_00158,residential,,82.72842717984496,road_line_intersected_raster_cells_all_touched,mapped,5,0.008135859854519367,0.004893371253274381,0.00702471174299717,1.0,0.0,0.0,0.0
000_030,0,30,RN_ROAD_00134,RN_NODE_00449,RN_NODE_00443,0,RN_ROAD_00134,RN_ROAD_00134,primary,['Tanaji Malusare Path'],16.12908526003169,road_line_intersected_raster_cells_all_touched,mapped,2,0.002246678341180086,0.0014591477811336517,0.0020891722291707993,1.0,0.0,0.0,0.0
000_030,0,30,RN_ROAD_00137,RN_NODE_00437,RN_NODE_00441,0,RN_ROAD_00137,RN_ROAD_00137,primary,['Sinhagad Road'],10.250288392928798,road_line_intersected_raster_cells_all_touched,mapped,1,0.002246678341180086,0.002246678341180086,0.002246678341180086,1.0,0.0,0.0,0.0
000_030,0,30,RN_ROAD_00159,RN_NODE_00437,RN_NODE_00434,0,RN_ROAD_00159,RN_ROAD_00159,primary,['Lalbahadur Shashtri Marg'],70.49584305613865,road_line_intersected_raster_cells_all_touched,mapped,5,0.008050734177231789,0.0036071720998734234,0.006141453888267279,1.0,0.0,0.0,0.0
000_030,0,30,RN_ROAD_00136,RN_NODE_00443,RN_NODE_00441,0,RN_ROAD_00136,RN_ROAD_00136,primary,['Lalbahadur Shashtri Marg'],10.827742355347945,road_line_intersected_raster_cells_all_touched,mapped,1,0.002246678341180086,0.002246678341180086,0.002246678341180086,1.0,0.0,0.0,0.0
000_030,0,30,RN_ROAD_00138,RN_NODE_00441,RN_NODE_00468,0,RN_ROAD_00138,RN_ROAD_00138,primary,['Tanaji Malusare Path'],91.3417858176492,road_line_intersected_raster_cells_all_touched,mapped,4,0.010294458828866482,0.005778109421953559,0.010176026169210673,1.0,0.0,0.0,0.0
000_030,0,30,RN_ROAD_00161,RN_NODE_00441,RN_NODE_00432,0,RN_ROAD_00161,RN_ROAD_00161,primary,['Lalbahadur Shashtri Marg' 'Dandekar Bridge'],188.44953123666878,road_line_intersected_raster_cells_all_touched,mapped,9,0.0331408753991127,0.01165923916010393,0.027380645275115967,1.0,0.2222222222222222,0.0,0.0
000_030,0,30,RN_ROAD_00141,RN_NODE_00385,RN_NODE_00371,0,RN_ROAD_00141,RN_ROAD_00141,residential,,45.3290526689984,road_line_intersected_raster_cells_all_touched,mapped,3,0.018472477793693542,0.016275885204474132,0.018000390753149985,1.0,0.0,0.0,0.0
000_030,0,30,RN_ROAD_00143,RN_NODE_00385,RN_NODE_00377,0,RN_ROAD_00143,RN_ROAD_00143,residential,,63.74843124119214,road_line_intersected_raster_cells_all_touched,mapped,3,0.022152429446578026,0.01615295900652806,0.02057057060301304,1.0,0.3333333333333333,0.0,0.0
000_030,0,30,RN_ROAD_00145,RN_NODE_00391,RN_NODE_00384,0,RN_ROAD_00145,RN_ROAD_00145,residential,,17.87403692737785,road_line_intersected_raster_cells_all_touched,mapped,2,0.011055809445679188,0.009705502074211836,0.010785747971385717,1.0,0.0,0.0,0.0
000_030,0,30,RN_ROAD_00146,RN_NODE_00391,RN_NODE_00414,0,RN_ROAD_00146,RN_ROAD_00146,residential,,69.01046780628735,road_line_intersected_raster_cells_all_touched,mapped,3,0.011055809445679188,0.0071262891093889875,0.01007227124646306,1.0,0.0,0.0,0.0
000_030,0,30,RN_ROAD_00144,RN_NODE_00377,RN_NODE_00384,0,RN_ROAD_00144,RN_ROAD_00144,residential,,17.99821886477529,road_line_intersected_raster_cells_all_touched,mapped,2,0.012063312344253063,0.010209253523498774,0.011692500580102206,1.0,0.0,0.0,0.0
000_030,0,30,RN_ROAD_00147,RN_NODE_00377,RN_NODE_00370,0,RN_ROAD_00147,RN_ROAD_00147,residential,,47.10927462532197,road_line_intersected_raster_cells_all_touched,mapped,4,0.02189917489886284,0.012803562916815281,0.018948416132479908,1.0,0.25,0.0,0.0
000_030,0,30,RN_ROAD_00148,RN_NODE_00384,RN_NODE_00381,0,RN_ROAD_00148,RN_ROAD_00148,residential,,49.69367043246291,road_line_intersected_raster_cells_all_touched,mapped,2,0.008355194702744484,0.0077152305748313665,0.00822720187716186,1.0,0.0,0.0,0.0
000_030,0,30,RN_ROAD_00160,RN_NODE_00414,RN_NODE_00434,0,RN_ROAD_00160,RN_ROAD_00160,residential,,47.74695991320392,road_line_intersected_raster_cells_all_touched,mapped,3,0.008050734177231789,0.005171069021647175,0.007277575228363276,1.0,0.0,0.0,0.0
000_030,0,30,RN_ROAD_00168,RN_NODE_00370,RN_NODE_00361,0,RN_ROAD_00168,RN_ROAD_00168,residential,,24.556447207799554,road_line_intersected_raster_cells_all_touched,mapped,2,0.017004581168293953,0.012946451548486948,0.016192955244332553,1.0,0.0,0.0,0.0
000_030,0,30,RN_ROAD_00169,RN_NODE_00370,RN_NODE_00381,0,RN_ROAD_00169,RN_ROAD_00169,residential,,47.772894267869745,road_line_intersected_raster_cells_all_touched,mapped,2,0.008888321928679943,0.007981794187799096,0.008707016380503774,1.0,0.0,0.0,0.0
000_030,0,30,RN_ROAD_00171,RN_NODE_00381,RN_NODE_00397,0,RN_ROAD_00171,RN_ROAD_00171,residential,,45.38918699815148,road_line_intersected_raster_cells_all_touched,mapped,3,0.07168331742286682,0.03125336688632766,0.06034695729613304,1.0,0.3333333333333333,0.0,0.0
000_030,0,30,RN_ROAD_00156,RN_NODE_00508,RN_NODE_00518,0,RN_ROAD_00156,RN_ROAD_00156,residential,,24.280471587472228,road_line_intersected_raster_cells_all_touched,mapped,1,0.0,0.0,0.0,0.0,0.0,0.0,0.0
000_030,0,30,RN_ROAD_00157,RN_NODE_00491,RN_NODE_00499,0,RN_ROAD_00157,RN_ROAD_00157,residential,,75.27168155756657,road_line_intersected_raster_cells_all_touched,mapped,4,0.00020701909670606256,0.00010295811478044925,0.00018596382578834892,1.0,0.0,0.0,0.0
000_030,0,30,RN_ROAD_00162,RN_NODE_00434,RN_NODE_00428,0,RN_ROAD_00162,RN_ROAD_00162,primary,['Lalbahadur Shashtri Marg' 'Dandekar Bridge'],120.7233951065441,road_line_intersected_raster_cells_all_touched,mapped,4,0.11086118966341019,0.037613195134326816,0.08538500908762219,1.0,0.5,0.25,0.0
000_030,0,30,RN_ROAD_00163,RN_NODE_00432,RN_NODE_00428,0,RN_ROAD_00163,RN_ROAD_00163,primary,['Barrister Nath Pai Chowk'],16.512293120111337,road_line_intersected_raster_cells_all_touched,mapped,2,0.005600268952548504,0.0039865851867944,0.005277532199397683,1.0,0.0,0.0,0.0
000_030,0,30,RN_ROAD_00164,RN_NODE_00432,RN_NODE_00435,0,RN_ROAD_00164,RN_ROAD_00164,primary,['Barrister Nath Pai Chowk'],5.293753326220019,road_line_intersected_raster_cells_all_touched,mapped,1,0.0023729014210402966,0.0023729014210402966,0.0023729014210402966,1.0,0.0,0.0,0.0
000_030,0,30,RN_ROAD_00165,RN_NODE_00428,RN_NODE_00427,0,RN_ROAD_00165,RN_ROAD_00165,primary,['Barrister Nath Pai Chowk'],8.975350119755786,road_line_intersected_raster_cells_all_touched,mapped,2,0.005600268952548504,0.0039865851867944,0.005277532199397683,1.0,0.0,0.0,0.0
000_030,0,30,RN_ROAD_00166,RN_NODE_00435,RN_NODE_00433,0,RN_ROAD_00166,RN_ROAD_00166,primary,['Barrister Nath Pai Chowk'],29.565301722604882,road_line_intersected_raster_cells_all_touched,mapped,2,0.002407361753284931,0.002390131587162614,0.002403915720060468,1.0,0.0,0.0,0.0
000_030,0,30,RN_ROAD_00167,RN_NODE_00435,RN_NODE_00447,0,RN_ROAD_00167,RN_ROAD_00167,tertiary,['Madhavrao Peshve Marg'],45.54545036986926,road_line_intersected_raster_cells_all_touched,mapped,4,0.012722202576696873,0.005418160755652934,0.01008878042921424,1.0,0.0,0.0,0.0
000_030,0,30,RN_ROAD_00188,RN_NODE_00427,RN_NODE_00422,0,RN_ROAD_00188,RN_ROAD_00188,primary,['Barrister Nath Pai Chowk'],27.465265817507753,road_line_intersected_raster_cells_all_touched,mapped,2,0.002407361753284931,0.002390131587162614,0.002403915720060468,1.0,0.0,0.0,0.0
000_030,0,30,RN_ROAD_00190,RN_NODE_00433,RN_NODE_00447,0,RN_ROAD_00190,RN_ROAD_00190,tertiary,['Madhavrao Peshve Marg'],34.139300763499996,road_line_intersected_raster_cells_all_touched,mapped,3,0.012722202576696873,0.0063578976939121885,0.01096658781170845,1.0,0.0,0.0,0.0
000_030,0,30,RN_ROAD_00193,RN_NODE_00433,RN_NODE_00430,0,RN_ROAD_00193,RN_ROAD_00193,primary,['Barrister Nath Pai Chowk'],7.5684092656252675,road_line_intersected_raster_cells_all_touched,mapped,1,0.002407361753284931,0.002407361753284931,0.002407361753284931,1.0,0.0,0.0,0.0
000_030,0,30,RN_ROAD_00195,RN_NODE_00447,RN_NODE_00450,0,RN_ROAD_00195,RN_ROAD_00195,tertiary,['Madhavrao Peshve Marg'],20.1726046626495,road_line_intersected_raster_cells_all_touched,mapped,1,0.012722202576696873,0.012722202576696873,0.012722202576696873,1.0,0.0,0.0,0.0
000_030,0,30,RN_ROAD_00170,RN_NODE_00361,RN_NODE_00376,0,RN_ROAD_00170,RN_ROAD_00170,residential,,52.085846791904686,road_line_intersected_raster_cells_all_touched,mapped,3,0.039362117648124695,0.02175167358169953,0.03489061035215855,1.0,0.3333333333333333,0.0,0.0
000_030,0,30,RN_ROAD_00174,RN_NODE_00359,RN_NODE_00360,0,RN_ROAD_00174,RN_ROAD_00174,residential,,39.24696699102281,road_line_intersected_raster_cells_all_touched,mapped,3,0.0456768162548542,0.015621507259008164,0.03673048017080874,1.0,0.3333333333333333,0.0,0.0
000_030,0,30,RN_ROAD_00175,RN_NODE_00359,RN_NODE_00348,0,RN_ROAD_00175,RN_ROAD_00175,residential,,40.585040476822286,road_line_intersected_raster_cells_all_touched,mapped,4,0.0011282108025625348,0.0005163189343875274,0.0009232900512870403,1.0,0.0,0.0,0.0
000_030,0,30,RN_ROAD_00176,RN_NODE_00359,RN_NODE_00396,0,RN_ROAD_00176,RN_ROAD_00176,residential,,101.24939391440986,road_line_intersected_raster_cells_all_touched,mapped,4,0.004129516892135143,0.0017913405681611039,0.003672196832485497,1.0,0.0,0.0,0.0
000_030,0,30,RN_ROAD_00314,RN_NODE_00348,RN_NODE_00351,0,RN_ROAD_00314,RN_ROAD_00314,residential,,37.968675117771724,road_line_intersected_raster_cells_all_touched,mapped,2,0.0047134109772741795,0.0025792763044591993,0.004286584042711183,1.0,0.0,0.0,0.0
000_030,0,30,RN_ROAD_00319,RN_NODE_00348,RN_NODE_00335,0,RN_ROAD_00319,RN_ROAD_00319,residential,,44.68106970370976,road_line_intersected_raster_cells_all_touched,mapped,2,0.000529979937709868,0.00048756078467704356,0.0005214961071033031,1.0,0.0,0.0,0.0
000_030,0,30,RN_ROAD_00322,RN_NODE_00348,RN_NODE_00347,0,RN_ROAD_00322,RN_ROAD_00322,residential,,68.87895886951469,road_line_intersected_raster_cells_all_touched,mapped,4,0.0028285165317356586,0.0008941587793742656,0.0021135040617082275,1.0,0.0,0.0,0.0
000_030,0,30,RN_ROAD_00177,RN_NODE_00396,RN_NODE_00395,0,RN_ROAD_00177,RN_ROAD_00177,residential,,72.96437348805723,road_line_intersected_raster_cells_all_touched,mapped,3,0.0034175266046077013,0.003061579540371895,0.0033664403483271597,1.0,0.0,0.0,0.0
000_030,0,30,RN_ROAD_00191,RN_NODE_00396,RN_NODE_00422,0,RN_ROAD_00191,RN_ROAD_00191,residential,,77.28031718830532,road_line_intersected_raster_cells_all_touched,mapped,4,0.004933502990752459,0.0035875405301339924,0.004774706298485398,1.0,0.0,0.0,0.0
000_030,0,30,RN_ROAD_00396,RN_NODE_00395,RN_NODE_00419,0,RN_ROAD_00396,RN_ROAD_00396,residential,,75.56282543703307,road_line_intersected_raster_cells_all_touched,mapped,4,0.0124416658654809,0.0060005339328199625,0.01015106705017388,1.0,0.0,0.0,0.0
000_030,0,30,RN_ROAD_00415,RN_NODE_00395,RN_NODE_00369,0,RN_ROAD_00415,RN_ROAD_00415,residential,,74.84001520024054,road_line_intersected_raster_cells_all_touched,mapped,4,0.003162095323204994,0.0022367186611518264,0.003148611355572939,1.0,0.0,0.0,0.0
000_030,0,30,RN_ROAD_00417,RN_NODE_00395,RN_NODE_00389,0,RN_ROAD_00417,RN_ROAD_00417,residential,,36.64959388201751,road_line_intersected_raster_cells_all_touched,mapped,2,0.004721819888800383,0.003941957606002688,0.004565847432240843,1.0,0.0,0.0,0.0
000_030,0,30,RN_ROAD_00178,RN_NODE_00519,RN_NODE_00501,0,RN_ROAD_00178,RN_ROAD_00178,residential,,93.88153007625391,road_line_intersected_raster_cells_all_touched,mapped,4,4.791976971318945e-05,2.1194373402977362e-05,4.460115596884862e-05,0.5,0.0,0.0,0.0
000_030,0,30,RN_ROAD_00179,RN_NODE_00509,RN_NODE_00514,0,RN_ROAD_00179,RN_ROAD_00179,residential,,66.49556106324535,road_line_intersected_raster_cells_all_touched,mapped,3,0.0,0.0,0.0,0.0,0.0,0.0,0.0
000_030,0,30,RN_ROAD_00181,RN_NODE_00514,RN_NODE_00496,0,RN_ROAD_00181,RN_ROAD_00181,residential,,112.52595144851557,road_line_intersected_raster_cells_all_touched,mapped,5,0.0017164313467219472,0.0006662060564849526,0.001317644794471562,0.8,0.0,0.0,0.0
000_030,0,30,RN_ROAD_00184,RN_NODE_00514,RN_NODE_00513,0,RN_ROAD_00184,RN_ROAD_00184,residential,,60.51136740802053,road_line_intersected_raster_cells_all_touched,mapped,3,0.0,0.0,0.0,0.0,0.0,0.0,0.0
000_030,0,30,RN_ROAD_00180,RN_NODE_00496,RN_NODE_00492,0,RN_ROAD_00180,RN_ROAD_00180,residential,,24.837175012920326,road_line_intersected_raster_cells_all_touched,mapped,2,0.0017164313467219472,0.001684123300947249,0.0017099697375670075,1.0,0.0,0.0,0.0
000_030,0,30,RN_ROAD_00183,RN_NODE_00496,RN_NODE_00495,0,RN_ROAD_00183,RN_ROAD_00183,residential,,38.61771156641344,road_line_intersected_raster_cells_all_touched,mapped,3,0.0038943698164075613,0.002992178197018802,0.003788642538711429,1.0,0.0,0.0,0.0
000_030,0,30,RN_ROAD_00182,RN_NODE_00450,RN_NODE_00464,0,RN_ROAD_00182,RN_ROAD_00182,tertiary,['Madhavrao Peshve Marg'],49.44877547787121,road_line_intersected_raster_cells_all_touched,mapped,3,0.012722202576696873,0.005494875988612573,0.010727160004898907,1.0,0.0,0.0,0.0
000_030,0,30,RN_ROAD_00189,RN_NODE_00450,RN_NODE_00459,0,RN_ROAD_00189,RN_ROAD_00189,residential,,40.03954017674623,road_line_intersected_raster_cells_all_touched,mapped,3,0.012722202576696873,0.005602456008394559,0.010791708016768098,1.0,0.0,0.0,0.0
000_030,0,30,RN_ROAD_00197,RN_NODE_00450,RN_NODE_00448,0,RN_ROAD_00197,RN_ROAD_00197,residential,,53.21906804539485,road_line_intersected_raster_cells_all_touched,mapped,3,0.012722202576696873,0.006572994248320659,0.010983434971421957,1.0,0.0,0.0,0.0
000_030,0,30,RN_ROAD_00186,RN_NODE_00464,RN_NODE_00462,0,RN_ROAD_00186,RN_ROAD_00186,residential,,42.44714316652112,road_line_intersected_raster_cells_all_touched,mapped,2,0.0030201731715351343,0.002883581444621086,0.0029928548261523246,1.0,0.0,0.0,0.0
000_030,0,30,RN_ROAD_00187,RN_NODE_00464,RN_NODE_00484,0,RN_ROAD_00187,RN_ROAD_00187,tertiary,['Madhavrao Peshve Marg'],120.54935301446274,road_line_intersected_raster_cells_all_touched,mapped,7,0.004282576963305473,0.0012885532757666493,0.0033612246159464127,0.7142857142857143,0.0,0.0,0.0
000_030,0,30,RN_ROAD_00185,RN_NODE_00495,RN_NODE_00489,0,RN_ROAD_00185,RN_ROAD_00185,residential,,51.88566217261621,road_line_intersected_raster_cells_all_touched,mapped,3,0.007951131090521812,0.0061722982209175825,0.007695183623582125,1.0,0.0,0.0,0.0
000_030,0,30,RN_ROAD_00404,RN_NODE_00495,RN_NODE_00494,0,RN_ROAD_00404,RN_ROAD_00404,residential,,22.845177254038568,road_line_intersected_raster_cells_all_touched,mapped,1,0.0038943698164075613,0.0038943698164075613,0.0038943698164075613,1.0,0.0,0.0,0.0
000_030,0,30,RN_ROAD_00405,RN_NODE_00513,RN_NODE_00494,0,RN_ROAD_00405,RN_ROAD_00405,residential,,113.3340964507249,road_line_intersected_raster_cells_all_touched,mapped,5,0.0038943698164075613,0.0014010690618306398,0.0030632015317678452,0.8,0.0,0.0,0.0
000_030,0,30,RN_ROAD_00408,RN_NODE_00513,RN_NODE_00512,0,RN_ROAD_00408,RN_ROAD_00408,residential,,38.977716564484794,road_line_intersected_raster_cells_all_touched,mapped,3,0.00022299401462078094,7.433133820692699e-05,0.00017839521169662478,0.3333333333333333,0.0,0.0,0.0
000_030,0,30,RN_ROAD_00409,RN_NODE_00462,RN_NODE_00482,0,RN_ROAD_00409,RN_ROAD_00409,residential,,125.91349719515188,road_line_intersected_raster_cells_all_touched,mapped,7,0.0030201731715351343,0.0006688164864629341,0.0018325853860005742,0.5714285714285714,0.0,0.0,0.0
000_030,0,30,RN_ROAD_00412,RN_NODE_00462,RN_NODE_00454,0,RN_ROAD_00412,RN_ROAD_00412,residential,,68.15802449183667,road_line_intersected_raster_cells_all_touched,mapped,5,0.0030201731715351343,0.0019606079324148594,0.002942984690889716,1.0,0.0,0.0,0.0
000_030,0,30,RN_ROAD_00407,RN_NODE_00484,RN_NODE_00493,0,RN_ROAD_00407,RN_ROAD_00407,tertiary,['Madhavrao Peshve Marg'],151.42783042971755,road_line_intersected_raster_cells_all_touched,mapped,6,0.009078346192836761,0.004964760000196596,0.008274590829387307,1.0,0.0,0.0,0.0
000_030,0,30,RN_ROAD_00410,RN_NODE_00484,RN_NODE_00482,0,RN_ROAD_00410,RN_ROAD_00410,tertiary,['Baburao Phule Path'],43.36285704283589,road_line_intersected_raster_cells_all_touched,mapped,2,0.0009910918306559324,0.000790648307884112,0.0009510031261015684,1.0,0.0,0.0,0.0
000_030,0,30,RN_ROAD_00192,RN_NODE_00422,RN_NODE_00424,0,RN_ROAD_00192,RN_ROAD_00192,primary,['Barrister Nath Pai Chowk'],3.454841232823886,road_line_intersected_raster_cells_all_touched,mapped,1,0.002407361753284931,0.002407361753284931,0.002407361753284931,1.0,0.0,0.0,0.0
000_030,0,30,RN_ROAD_00194,RN_NODE_00424,RN_NODE_00430,0,RN_ROAD_00194,RN_ROAD_00194,primary,['Barrister Nath Pai Chowk'],16.27953871942635,road_line_intersected_raster_cells_all_touched,mapped,1,0.002407361753284931,0.002407361753284931,0.002407361753284931,1.0,0.0,0.0,0.0
000_030,0,30,RN_ROAD_00394,RN_NODE_00424,RN_NODE_00419,0,RN_ROAD_00394,RN_ROAD_00394,primary,['Lalbahadur Shashtri Marg'],83.34327025328123,road_line_intersected_raster_cells_all_touched,mapped,5,0.0124416658654809,0.0043988327728584405,0.008901814743876458,1.0,0.0,0.0,0.0
000_030,0,30,RN_ROAD_00196,RN_NODE_00430,RN_NODE_00429,0,RN_ROAD_00196,RN_ROAD_00196,primary,['Lalbahadur Shashtri Marg'],53.98639280086231,road_line_intersected_raster_cells_all_touched,mapped,3,0.002407361753284931,0.0019868199791138372,0.0023597058840095996,1.0,0.0,0.0,0.0
000_030,0,30,RN_ROAD_00395,RN_NODE_00429,RN_NODE_00448,0,RN_ROAD_00395,RN_ROAD_00395,residential,,51.865832973703135,road_line_intersected_raster_cells_all_touched,mapped,3,0.00296841561794281,0.002590151969343424,0.0029013240709900856,1.0,0.0,0.0,0.0
000_030,0,30,RN_ROAD_00397,RN_NODE_00429,RN_NODE_00420,0,RN_ROAD_00397,RN_ROAD_00397,primary,['Lalbahadur Shashtri Marg'],77.30501554487705,road_line_intersected_raster_cells_all_touched,mapped,4,0.02158265933394432,0.010327474330551922,0.017797544691711666,1.0,0.25,0.0,0.0
000_030,0,30,RN_ROAD_00398,RN_NODE_00448,RN_NODE_00439,0,RN_ROAD_00398,RN_ROAD_00398,residential,,76.575133742593,road_line_intersected_raster_cells_all_touched,mapped,4,0.006049529183655977,0.004115997930057347,0.005678597139194608,1.0,0.0,0.0,0.0
000_030,0,30,RN_ROAD_00198,RN_NODE_00166,RN_NODE_00165,0,RN_ROAD_00198,RN_ROAD_00198,tertiary,['Dattawadi Road'],23.711591631033937,road_line_intersected_raster_cells_all_touched,mapped,1,0.0,0.0,0.0,0.0,0.0,0.0,0.0
000_030,0,30,RN_ROAD_00199,RN_NODE_00166,RN_NODE_00141,0,RN_ROAD_00199,RN_ROAD_00199,residential,,61.1673939522506,road_line_intersected_raster_cells_all_touched,mapped,3,5.359493684409244e-07,2.1401272457903056e-07,4.4997725581197304e-07,0.6666666666666666,0.0,0.0,0.0
000_030,0,30,RN_ROAD_00200,RN_NODE_00141,RN_NODE_00140,0,RN_ROAD_00200,RN_ROAD_00200,residential,,42.2760922799476,road_line_intersected_raster_cells_all_touched,mapped,3,1.6778581084508915e-06,9.003411491903535e-07,1.449476360448898e-06,1.0,0.0,0.0,0.0
000_030,0,30,RN_ROAD_00207,RN_NODE_00141,RN_NODE_00110,0,RN_ROAD_00207,RN_ROAD_00207,residential,,148.47841605228805,road_line_intersected_raster_cells_all_touched,mapped,6,6.814836069679586e-06,3.627978486520078e-06,6.77099001222814e-06,1.0,0.0,0.0,0.0
000_030,0,30,RN_ROAD_00202,RN_NODE_00140,RN_NODE_00138,0,RN_ROAD_00202,RN_ROAD_00202,residential,,29.08650734321614,road_line_intersected_raster_cells_all_touched,mapped,1,1.6778581084508915e-06,1.6778581084508915e-06,1.6778581084508915e-06,1.0,0.0,0.0,0.0
000_030,0,30,RN_ROAD_00212,RN_NODE_00140,RN_NODE_00122,0,RN_ROAD_00212,RN_ROAD_00212,residential,,100.78909039161152,road_line_intersected_raster_cells_all_touched,mapped,4,9.805049921851605e-05,3.094208386755781e-05,7.436349515046461e-05,1.0,0.0,0.0,0.0
000_030,0,30,RN_ROAD_00205,RN_NODE_00138,RN_NODE_00139,0,RN_ROAD_00205,RN_ROAD_00205,residential,,20.0521726676243,road_line_intersected_raster_cells_all_touched,mapped,2,1.3999905604578089e-05,7.83888185651449e-06,1.276770085496537e-05,1.0,0.0,0.0,0.0
000_030,0,30,RN_ROAD_00206,RN_NODE_00168,RN_NODE_00139,0,RN_ROAD_00206,RN_ROAD_00206,residential,,62.80789832791941,road_line_intersected_raster_cells_all_touched,mapped,3,1.3999905604578089e-05,7.693477603728146e-06,1.2422116378729698e-05,1.0,0.0,0.0,0.0
000_030,0,30,RN_ROAD_00217,RN_NODE_00168,RN_NODE_00171,0,RN_ROAD_00217,RN_ROAD_00217,tertiary,['Dattawadi Road'],33.763713386290256,road_line_intersected_raster_cells_all_touched,mapped,3,2.9695677312702173e-06,1.8786220816006487e-06,2.814145454976824e-06,1.0,0.0,0.0,0.0
000_030,0,30,RN_ROAD_00213,RN_NODE_00139,RN_NODE_00104,0,RN_ROAD_00213,RN_ROAD_00213,residential,,180.55598741026415,road_line_intersected_raster_cells_all_touched,mapped,7,0.0001649046753300354,7.647412024068347e-05,0.00015734526386950167,1.0,0.0,0.0,0.0
000_030,0,30,RN_ROAD_00208,RN_NODE_00110,RN_NODE_00101,0,RN_ROAD_00208,RN_ROAD_00208,residential,,43.93787846212482,road_line_intersected_raster_cells_all_touched,mapped,1,3.7736515423603123e-06,3.7736515423603123e-06,3.7736515423603123e-06,1.0,0.0,0.0,0.0
000_030,0,30,RN_ROAD_00209,RN_NODE_00110,RN_NODE_00109,0,RN_ROAD_00209,RN_ROAD_00209,residential,,38.916777274479244,road_line_intersected_raster_cells_all_touched,mapped,2,6.257627774175489e-06,5.015639658267901e-06,6.0092301509939715e-06,1.0,0.0,0.0,0.0
000_030,0,30,RN_ROAD_00210,RN_NODE_00109,RN_NODE_00103,0,RN_ROAD_00210,RN_ROAD_00210,residential,,35.50854082983085,road_line_intersected_raster_cells_all_touched,mapped,2,6.257627774175489e-06,5.011257371734246e-06,6.008353693687241e-06,1.0,0.0,0.0,0.0
000_030,0,30,RN_ROAD_00211,RN_NODE_00109,RN_NODE_00119,0,RN_ROAD_00211,RN_ROAD_00211,residential,,23.86233557837472,road_line_intersected_raster_cells_all_touched,mapped,2,1.1069250831496902e-05,8.663439302836196e-06,1.058808852576476e-05,1.0,0.0,0.0,0.0
000_030,0,30,RN_ROAD_00214,RN_NODE_00114,RN_NODE_00113,0,RN_ROAD_00214,RN_ROAD_00214,residential,,25.95861190557072,road_line_intersected_raster_cells_all_touched,mapped,2,0.0001259432319784537,8.817382877168711e-05,0.00011838935133710038,1.0,0.0,0.0,0.0
000_030,0,30,RN_ROAD_00216,RN_NODE_00113,RN_NODE_00107,0,RN_ROAD_00216,RN_ROAD_00216,residential,,51.616018334058886,road_line_intersected_raster_cells_all_touched,mapped,3,0.0004211015475448221,0.00021640373597620055,0.0003620698844315484,1.0,0.0,0.0,0.0
000_030,0,30,RN_ROAD_00229,RN_NODE_00113,RN_NODE_00120,0,RN_ROAD_00229,RN_ROAD_00229,residential,,25.687960609079266,road_line_intersected_raster_cells_all_touched,mapped,2,0.0001259432319784537,9.420685091754422e-05,0.0001195959557662718,1.0,0.0,0.0,0.0
000_030,0,30,RN_ROAD_00215,RN_NODE_00121,RN_NODE_00120,0,RN_ROAD_00215,RN_ROAD_00215,residential,,25.484884391371224,road_line_intersected_raster_cells_all_touched,mapped,2,6.247046985663474e-05,5.384943506214768e-05,6.074626289773732e-05,1.0,0.0,0.0,0.0
000_030,0,30,RN_ROAD_00230,RN_NODE_00120,RN_NODE_00123,0,RN_ROAD_00230,RN_ROAD_00230,residential,,26.342550618373256,road_line_intersected_raster_cells_all_touched,mapped,2,7.188739255070686e-05,6.71789312036708e-05,7.094570028129966e-05,1.0,0.0,0.0,0.0
000_030,0,30,RN_ROAD_00218,RN_NODE_00171,RN_NODE_00185,0,RN_ROAD_00218,RN_ROAD_00218,residential,,34.60001570096885,road_line_intersected_raster_cells_all_touched,mapped,2,4.738421637284773e-07,2.3692108186423866e-07,4.264579473556296e-07,0.5,0.0,0.0,0.0
000_030,0,30,RN_ROAD_00221,RN_NODE_00173,RN_NODE_00127,0,RN_ROAD_00221,RN_ROAD_00221,residential,,110.36880758273932,road_line_intersected_raster_cells_all_touched,mapped,5,0.00027066614711657166,8.564002873754362e-05,0.00019252923084422946,1.0,0.0,0.0,0.0
000_030,0,30,RN_ROAD_00232,RN_NODE_00127,RN_NODE_00125,0,RN_ROAD_00232,RN_ROAD_00232,residential,,33.8522105579885,road_line_intersected_raster_cells_all_touched,mapped,2,7.532385643571615e-05,7.360562449321151e-05,7.498021004721522e-05,1.0,0.0,0.0,0.0
000_030,0,30,RN_ROAD_00233,RN_NODE_00127,RN_NODE_00118,0,RN_ROAD_00233,RN_ROAD_00233,residential,,83.00094768295304,road_line_intersected_raster_cells_all_touched,mapped,4,0.0001259432319784537,8.390623770537786e-05,0.00011075741931563244,1.0,0.0,0.0,0.0
000_030,0,30,RN_ROAD_00223,RN_NODE_00129,RN_NODE_00130,0,RN_ROAD_00223,RN_ROAD_00223,residential,,32.89279538752702,road_line_intersected_raster_cells_all_touched,mapped,2,0.0009640366770327091,0.0008717839955352247,0.0009455861407332122,1.0,0.0,0.0,0.0
000_030,0,30,RN_ROAD_00224,RN_NODE_00130,RN_NODE_00149,0,RN_ROAD_00224,RN_ROAD_00224,residential,,55.605474866051736,road_line_intersected_raster_cells_all_touched,mapped,3,0.005105971824377775,0.002644766898204883,0.004457635898143054,1.0,0.0,0.0,0.0
000_030,0,30,RN_ROAD_00225,RN_NODE_00130,RN_NODE_00132,0,RN_ROAD_00225,RN_ROAD_00225,residential,,34.538218934489144,road_line_intersected_raster_cells_all_touched,mapped,2,0.0009640366770327091,0.0008623808389529586,0.000943705509416759,1.0,0.0,0.0,0.0
000_030,0,30,RN_ROAD_00236,RN_NODE_00132,RN_NODE_00136,0,RN_ROAD_00236,RN_ROAD_00236,residential,,43.04473956607721,road_line_intersected_raster_cells_all_touched,mapped,3,0.00439305929467082,0.0027324536349624395,0.004123162757605314,1.0,0.0,0.0,0.0
000_030,0,30,RN_ROAD_00227,RN_NODE_00124,RN_NODE_00123,0,RN_ROAD_00227,RN_ROAD_00227,residential,,23.141031158802942,road_line_intersected_raster_cells_all_touched,mapped,2,7.188739255070686e-05,5.7781862778938375e-05,6.906628659635317e-05,1.0,0.0,0.0,0.0
000_030,0,30,RN_ROAD_00231,RN_NODE_00123,RN_NODE_00125,0,RN_ROAD_00231,RN_ROAD_00231,residential,,27.65176740977875,road_line_intersected_raster_cells_all_touched,mapped,1,7.188739255070686e-05,7.188739255070686e-05,7.188739255070686e-05,1.0,0.0,0.0,0.0
000_030,0,30,RN_ROAD_00228,RN_NODE_00126,RN_NODE_00125,0,RN_ROAD_00228,RN_ROAD_00228,residential,,22.284229795471415,road_line_intersected_raster_cells_all_touched,mapped,3,7.188739255070686e-05,5.2031661956182994e-05,6.624518064199947e-05,1.0,0.0,0.0,0.0
000_030,0,30,RN_ROAD_00234,RN_NODE_00090,RN_NODE_00068,0,RN_ROAD_00234,RN_ROAD_00234,secondary,['Raja Mantri Path'],542.1684999454002,road_line_intersected_raster_cells_all_touched,mapped,23,0.05338158831000328,0.010029448788491603,0.02449646778404713,0.8260869565217391,0.17391304347826086,0.0,0.0
000_030,0,30,RN_ROAD_00284,RN_NODE_00090,RN_NODE_00088,0,RN_ROAD_00284,RN_ROAD_00284,secondary_link,,8.880744024180427,road_line_intersected_raster_cells_all_touched,mapped,1,0.01759667508304119,0.01759667508304119,0.01759667508304119,1.0,0.0,0.0,0.0
000_030,0,30,RN_ROAD_00286,RN_NODE_00090,RN_NODE_00092,0,RN_ROAD_00286,RN_ROAD_00286,secondary,['Raja Mantri Path'],181.64061004240045,road_line_intersected_raster_cells_all_touched,mapped,7,0.01759667508304119,0.009378213368888413,0.014704613387584688,1.0,0.0,0.0,0.0
000_030,0,30,RN_ROAD_00235,RN_NODE_00066,RN_NODE_00088,0,RN_ROAD_00235,RN_ROAD_00235,secondary,['Raja Mantri Path'],535.0824107204273,road_line_intersected_raster_cells_all_touched,mapped,23,0.05338158831000328,0.010186066456220073,0.02449646778404713,0.8260869565217391,0.17391304347826086,0.0,0.0
000_030,0,30,RN_ROAD_00285,RN_NODE_00088,RN_NODE_00086,0,RN_ROAD_00285,RN_ROAD_00285,secondary,['Raja Mantri Path'],181.77458684106534,road_line_intersected_raster_cells_all_touched,mapped,7,0.01759667508304119,0.009378213368888413,0.014704613387584688,1.0,0.0,0.0,0.0
000_030,0,30,RN_ROAD_00238,RN_NODE_00136,RN_NODE_00150,0,RN_ROAD_00238,RN_ROAD_00238,residential,,44.72295405595635,road_line_intersected_raster_cells_all_touched,mapped,2,0.0061694853939116,0.00528127234429121,0.005991842783987522,1.0,0.0,0.0,0.0
000_030,0,30,RN_ROAD_00240,RN_NODE_00136,RN_NODE_00164,0,RN_ROAD_00240,RN_ROAD_00240,residential,,102.0335001644682,road_line_intersected_raster_cells_all_touched,mapped,5,0.005007426720112562,0.0038522802293300628,0.004761679749935866,1.0,0.0,0.0,0.0
000_030,0,30,RN_ROAD_00239,RN_NODE_00150,RN_NODE_00156,0,RN_ROAD_00239,RN_ROAD_00239,residential,,39.195136141472005,road_line_intersected_raster_cells_all_touched,mapped,3,0.0061694853939116,0.004942088698347409,0.005933042615652084,1.0,0.0,0.0,0.0
000_030,0,30,RN_ROAD_00242,RN_NODE_00156,RN_NODE_00164,0,RN_ROAD_00242,RN_ROAD_00242,residential,,26.861595267278346,road_line_intersected_raster_cells_all_touched,mapped,2,0.004987271502614021,0.004183738143183291,0.004826564830727876,1.0,0.0,0.0,0.0
000_030,0,30,RN_ROAD_00243,RN_NODE_00164,RN_NODE_00175,0,RN_ROAD_00243,RN_ROAD_00243,residential,,20.050148555016975,road_line_intersected_raster_cells_all_touched,mapped,2,0.0033802047837525606,0.0031039954628795385,0.003324962919577956,1.0,0.0,0.0,0.0
000_030,0,30,RN_ROAD_00245,RN_NODE_00175,RN_NODE_00174,0,RN_ROAD_00245,RN_ROAD_00245,residential,,37.245679728321754,road_line_intersected_raster_cells_all_touched,mapped,2,0.0028277861420065165,0.0023582126013934612,0.0027338714338839055,1.0,0.0,0.0,0.0
000_030,0,30,RN_ROAD_00255,RN_NODE_00174,RN_NODE_00137,0,RN_ROAD_00255,RN_ROAD_00255,tertiary,,80.72682467278436,road_line_intersected_raster_cells_all_touched,mapped,4,0.00595178734511137,0.0034581065992824733,0.0050997454440221196,1.0,0.0,0.0,0.0
000_030,0,30,RN_ROAD_00246,RN_NODE_00048,RN_NODE_00047,0,RN_ROAD_00246,RN_ROAD_00246,residential,,17.21816858329121,road_line_intersected_raster_cells_all_touched,mapped,2,0.0,0.0,0.0,0.0,0.0,0.0,0.0
000_030,0,30,RN_ROAD_00247,RN_NODE_00048,RN_NODE_00042,0,RN_ROAD_00247,RN_ROAD_00247,residential,,22.173895446461863,road_line_intersected_raster_cells_all_touched,mapped,2,0.0,0.0,0.0,0.0,0.0,0.0,0.0
000_030,0,30,RN_ROAD_00248,RN_NODE_00048,RN_NODE_00051,0,RN_ROAD_00248,RN_ROAD_00248,residential,,17.273740242986737,road_line_intersected_raster_cells_all_touched,mapped,1,0.0,0.0,0.0,0.0,0.0,0.0,0.0
000_030,0,30,RN_ROAD_00249,RN_NODE_00026,RN_NODE_00025,0,RN_ROAD_00249,RN_ROAD_00249,tertiary,['Maai Mangeshkar Path'],7.738915070888369,road_line_intersected_raster_cells_all_touched,outside_valid_flood_grid,0,,,,,,,
000_030,0,30,RN_ROAD_00250,RN_NODE_00026,RN_NODE_00050,0,RN_ROAD_00250,RN_ROAD_00250,residential,,89.55329276010445,road_line_intersected_raster_cells_all_touched,mapped,3,0.0,0.0,0.0,0.0,0.0,0.0,0.0
000_030,0,30,RN_ROAD_00251,RN_NODE_00026,RN_NODE_00037,0,RN_ROAD_00251,RN_ROAD_00251,tertiary,['Maai Mangeshkar Path'],116.09553120361898,road_line_intersected_raster_cells_all_touched,mapped,5,0.0,0.0,0.0,0.0,0.0,0.0,0.0
000_030,0,30,RN_ROAD_00252,RN_NODE_00037,RN_NODE_00022,0,RN_ROAD_00252,RN_ROAD_00252,residential,,40.722524358066856,road_line_intersected_raster_cells_all_touched,mapped,2,0.0,0.0,0.0,0.0,0.0,0.0,0.0
000_030,0,30,RN_ROAD_00253,RN_NODE_00037,RN_NODE_00038,0,RN_ROAD_00253,RN_ROAD_00253,tertiary,['Maai Mangeshkar Path'],79.60523347943776,road_line_intersected_raster_cells_all_touched,mapped,5,0.00035882298834621906,7.176459766924381e-05,0.00021529379300773148,0.2,0.0,0.0,0.0
000_030,0,30,RN_ROAD_00254,RN_NODE_00038,RN_NODE_00029,0,RN_ROAD_00254,RN_ROAD_00254,residential,,31.286873855373255,road_line_intersected_raster_cells_all_touched,mapped,2,0.00035882298834621906,0.0002156655209546443,0.0003301914948679041,1.0,0.0,0.0,0.0
000_030,0,30,RN_ROAD_00265,RN_NODE_00038,RN_NODE_00040,0,RN_ROAD_00265,RN_ROAD_00265,tertiary,['Maai Mangeshkar Path'],33.64313860129337,road_line_intersected_raster_cells_all_touched,mapped,2,0.0013781669549643993,0.0008684949716553092,0.0012762325583025812,1.0,0.0,0.0,0.0
000_030,0,30,RN_ROAD_00259,RN_NODE_00152,RN_NODE_00142,0,RN_ROAD_00259,RN_ROAD_00259,residential,,34.20403509709737,road_line_intersected_raster_cells_all_touched,mapped,3,0.0,0.0,0.0,0.0,0.0,0.0,0.0
000_030,0,30,RN_ROAD_00261,RN_NODE_00152,RN_NODE_00151,0,RN_ROAD_00261,RN_ROAD_00261,residential,,98.24234308064158,road_line_intersected_raster_cells_all_touched,mapped,4,0.0,0.0,0.0,0.0,0.0,0.0,0.0
000_030,0,30,RN_ROAD_00262,RN_NODE_00177,RN_NODE_00151,0,RN_ROAD_00262,RN_ROAD_00262,residential,,38.66015217871509,road_line_intersected_raster_cells_all_touched,mapped,2,0.0,0.0,0.0,0.0,0.0,0.0,0.0
000_030,0,30,RN_ROAD_00263,RN_NODE_00151,RN_NODE_00147,0,RN_ROAD_00263,RN_ROAD_00263,residential,,64.18004141029843,road_line_intersected_raster_cells_all_touched,mapped,4,0.0,0.0,0.0,0.0,0.0,0.0,0.0
000_030,0,30,RN_ROAD_00264,RN_NODE_00147,RN_NODE_00203,0,RN_ROAD_00264,RN_ROAD_00264,residential,,109.35263911703977,road_line_intersected_raster_cells_all_touched,mapped,4,0.00023628682538401335,8.726676969672553e-05,0.000199234853789676,0.5,0.0,0.0,0.0
000_030,0,30,RN_ROAD_00274,RN_NODE_00147,RN_NODE_00145,0,RN_ROAD_00274,RN_ROAD_00274,residential,,35.43034675538185,road_line_intersected_raster_cells_all_touched,mapped,2,0.0,0.0,0.0,0.0,0.0,0.0,0.0
000_030,0,30,RN_ROAD_00309,RN_NODE_00203,RN_NODE_00214,0,RN_ROAD_00309,RN_ROAD_00309,residential,,38.13737210872941,road_line_intersected_raster_cells_all_touched,mapped,2,0.0009919153526425362,0.0006141010890132748,0.0009163524999166838,1.0,0.0,0.0,0.0
000_030,0,30,RN_ROAD_00310,RN_NODE_00203,RN_NODE_00204,0,RN_ROAD_00310,RN_ROAD_00310,residential,,37.89528305371548,road_line_intersected_raster_cells_all_touched,mapped,2,0.0002561170840635896,0.00024620195472380146,0.00025413405819563195,1.0,0.0,0.0,0.0
000_030,0,30,RN_ROAD_00266,RN_NODE_00040,RN_NODE_00033,0,RN_ROAD_00266,RN_ROAD_00266,residential,,32.29472785222386,road_line_intersected_raster_cells_all_touched,mapped,2,0.0013781669549643993,0.0008933191711548716,0.0012811973982024937,1.0,0.0,0.0,0.0
000_030,0,30,RN_ROAD_00267,RN_NODE_00040,RN_NODE_00041,0,RN_ROAD_00267,RN_ROAD_00267,tertiary,['Maai Mangeshkar Path'],35.86743204986393,road_line_intersected_raster_cells_all_touched,mapped,2,0.004266707692295313,0.002822437323629856,0.003977853618562221,1.0,0.0,0.0,0.0
000_030,0,30,RN_ROAD_00268,RN_NODE_00041,RN_NODE_00032,0,RN_ROAD_00268,RN_ROAD_00268,living_street,,38.09073575062562,road_line_intersected_raster_cells_all_touched,mapped,2,0.004266707692295313,0.0024797516234684736,0.003909316478529945,1.0,0.0,0.0,0.0
000_030,0,30,RN_ROAD_00269,RN_NODE_00041,RN_NODE_00043,0,RN_ROAD_00269,RN_ROAD_00269,tertiary,['Maai Mangeshkar Path'],35.921159646361346,road_line_intersected_raster_cells_all_touched,mapped,2,0.006425853352993727,0.00534628052264452,0.006209938786923885,1.0,0.0,0.0,0.0
000_030,0,30,RN_ROAD_00270,RN_NODE_00043,RN_NODE_00035,0,RN_ROAD_00270,RN_ROAD_00270,living_street,,28.321194704419977,road_line_intersected_raster_cells_all_touched,mapped,2,0.006425853352993727,0.0038355099968612194,0.005907784681767225,1.0,0.0,0.0,0.0
000_030,0,30,RN_ROAD_00271,RN_NODE_00043,RN_NODE_00045,0,RN_ROAD_00271,RN_ROAD_00271,tertiary,['Maai Mangeshkar Path'],45.21227035628405,road_line_intersected_raster_cells_all_touched,mapped,3,0.006425853352993727,0.005016155696163575,0.006018933933228254,1.0,0.0,0.0,0.0
000_030,0,30,RN_ROAD_00273,RN_NODE_00045,RN_NODE_00024,0,RN_ROAD_00273,RN_ROAD_00273,tertiary,['Imambhai Shekh Path'],97.52583126789406,road_line_intersected_raster_cells_all_touched,mapped,5,0.018180230632424355,0.009926284570246935,0.015234460309147836,1.0,0.0,0.0,0.0
000_030,0,30,RN_ROAD_00502,RN_NODE_00045,RN_NODE_00067,0,RN_ROAD_00502,RN_ROAD_00502,tertiary,,338.9663293358875,road_line_intersected_raster_cells_all_touched,mapped,14,0.004557077307254076,0.0011973139904820787,0.003988681547343732,0.9285714285714286,0.0,0.0,0.0
000_030,0,30,RN_ROAD_00272,RN_NODE_00015,RN_NODE_00007,0,RN_ROAD_00272,RN_ROAD_00272,residential,,43.72583879407543,road_line_intersected_raster_cells_all_touched,mapped,2,0.0010632288176566362,0.0006486678685178049,0.00098031662782887,1.0,0.0,0.0,0.0
000_030,0,30,RN_ROAD_00497,RN_NODE_00024,RN_NODE_00036,0,RN_ROAD_00497,RN_ROAD_00497,residential,,42.04807444879407,road_line_intersected_raster_cells_all_touched,mapped,3,0.020348889753222466,0.015241947335501512,0.019915157929062843,1.0,0.3333333333333333,0.0,0.0
000_030,0,30,RN_ROAD_00498,RN_NODE_00024,RN_NODE_00017,0,RN_ROAD_00498,RN_ROAD_00498,tertiary,['Imambhai Shekh Path'],54.42305386220086,road_line_intersected_raster_cells_all_touched,mapped,3,0.010718666017055511,0.007393007942785819,0.010014277137815952,1.0,0.0,0.0,0.0
000_030,0,30,RN_ROAD_00275,RN_NODE_00145,RN_NODE_00158,0,RN_ROAD_00275,RN_ROAD_00275,residential,,36.58495124293622,road_line_intersected_raster_cells_all_touched,mapped,2,0.0,0.0,0.0,0.0,0.0,0.0,0.0
000_030,0,30,RN_ROAD_00277,RN_NODE_00145,RN_NODE_00144,0,RN_ROAD_00277,RN_ROAD_00277,residential,,35.00719862840988,road_line_intersected_raster_cells_all_touched,mapped,2,0.0,0.0,0.0,0.0,0.0,0.0,0.0
000_030,0,30,RN_ROAD_00276,RN_NODE_00158,RN_NODE_00179,0,RN_ROAD_00276,RN_ROAD_00276,residential,,36.16329374852845,road_line_intersected_raster_cells_all_touched,mapped,2,0.00012405282177496701,6.202641088748351e-05,0.00011164753959747031,0.5,0.0,0.0,0.0
000_030,0,30,RN_ROAD_00278,RN_NODE_00158,RN_NODE_00157,0,RN_ROAD_00278,RN_ROAD_00278,residential,,80.44428386777018,road_line_intersected_raster_cells_all_touched,mapped,3,0.000890164403244853,0.0005435595909754435,0.000860234396532178,0.6666666666666666,0.0,0.0,0.0
000_030,0,30,RN_ROAD_00279,RN_NODE_00179,RN_NODE_00155,0,RN_ROAD_00279,RN_ROAD_00279,residential,,148.95690401777097,road_line_intersected_raster_cells_all_touched,mapped,6,0.006417591590434313,0.0027470124308213903,0.005457503721117973,1.0,0.0,0.0,0.0
000_030,0,30,RN_ROAD_00312,RN_NODE_00179,RN_NODE_00204,0,RN_ROAD_00312,RN_ROAD_00312,residential,,37.95511146599418,road_line_intersected_raster_cells_all_touched,mapped,2,0.0002561170840635896,0.0001900849529192783,0.00024291065783472733,1.0,0.0,0.0,0.0
000_030,0,30,RN_ROAD_00280,RN_NODE_00157,RN_NODE_00134,0,RN_ROAD_00280,RN_ROAD_00280,residential,,60.58073034544784,road_line_intersected_raster_cells_all_touched,mapped,3,0.001045714132487774,0.0006726482170051895,0.0010146041866391897,1.0,0.0,0.0,0.0
000_030,0,30,RN_ROAD_00281,RN_NODE_00157,RN_NODE_00155,0,RN_ROAD_00281,RN_ROAD_00281,residential,,38.5710901617012,road_line_intersected_raster_cells_all_touched,mapped,3,0.00270275236107409,0.0018143043853342533,0.002532201167196035,1.0,0.0,0.0,0.0
000_030,0,30,RN_ROAD_00282,RN_NODE_00155,RN_NODE_00128,0,RN_ROAD_00282,RN_ROAD_00282,residential,,72.84714857744858,road_line_intersected_raster_cells_all_touched,mapped,4,0.00270275236107409,0.0015436727844644338,0.0026432826183736325,1.0,0.0,0.0,0.0
000_030,0,30,RN_ROAD_00283,RN_NODE_00155,RN_NODE_00153,0,RN_ROAD_00283,RN_ROAD_00283,residential,,34.60886720259333,road_line_intersected_raster_cells_all_touched,mapped,2,0.00270275236107409,0.0026511253090575337,0.0026924269506707786,1.0,0.0,0.0,0.0
000_030,0,30,RN_ROAD_00288,RN_NODE_00153,RN_NODE_00092,0,RN_ROAD_00288,RN_ROAD_00288,secondary,['Anant Kanhere Path' 'Raveendra Mhatre Bridge'],311.4579766061257,road_line_intersected_raster_cells_all_touched,mapped,12,0.3257938325405121,0.05742621415750667,0.16910031363368036,1.0,0.3333333333333333,0.25,0.08333333333333333
000_030,0,30,RN_ROAD_00524,RN_NODE_00153,RN_NODE_00202,0,RN_ROAD_00524,RN_ROAD_00524,secondary,['Anant Kanhere Path'],75.421502231172,road_line_intersected_raster_cells_all_touched,mapped,3,0.06221486255526543,0.024094689171761274,0.05126583138480783,1.0,0.3333333333333333,0.0,0.0
000_030,0,30,RN_ROAD_00525,RN_NODE_00153,RN_NODE_00154,0,RN_ROAD_00525,RN_ROAD_00525,residential,,6.764455261674849,road_line_intersected_raster_cells_all_touched,mapped,1,0.0025994982570409775,0.0025994982570409775,0.0025994982570409775,1.0,0.0,0.0,0.0
000_030,0,30,RN_ROAD_00287,RN_NODE_00086,RN_NODE_00092,0,RN_ROAD_00287,RN_ROAD_00287,secondary,['Raveendra Mhatre Bridge'],14.257326710582095,road_line_intersected_raster_cells_all_touched,mapped,1,0.006677133031189442,0.006677133031189442,0.006677133031189442,1.0,0.0,0.0,0.0
000_030,0,30,RN_ROAD_00290,RN_NODE_00086,RN_NODE_00067,0,RN_ROAD_00290,RN_ROAD_00290,secondary,['Amrutrao Khilare Path' 'Raveendra Mhatre Bridge'],198.1201234455136,road_line_intersected_raster_cells_all_touched,mapped,9,0.008153588511049747,0.0023515384442463175,0.006972424127161503,1.0,0.0,0.0,0.0
000_030,0,30,RN_ROAD_00289,RN_NODE_00069,RN_NODE_00154,0,RN_ROAD_00289,RN_ROAD_00289,secondary,['Anant Kanhere Path' 'Amrutrao Khilare Path' 'Raveendra Mhatre Bridge'],443.911033396087,road_line_intersected_raster_cells_all_touched,mapped,16,0.3257938325405121,0.04395155539916118,0.14164188131690025,1.0,0.25,0.1875,0.0625
000_030,0,30,RN_ROAD_00291,RN_NODE_00069,RN_NODE_00071,0,RN_ROAD_00291,RN_ROAD_00291,residential,['Gangaram Dhanvat Path'],42.18128420734655,road_line_intersected_raster_cells_all_touched,mapped,3,0.00016081480134744197,0.00010212229108219617,0.00015643571969121696,1.0,0.0,0.0,0.0
000_030,0,30,RN_ROAD_00535,RN_NODE_00069,RN_NODE_00064,0,RN_ROAD_00535,RN_ROAD_00535,secondary,['Amrutrao Khilare Path'],152.1298739438697,road_line_intersected_raster_cells_all_touched,mapped,8,0.003335904097184539,0.0006309013019176746,0.0016873648157343264,1.0,0.0,0.0,0.0
000_030,0,30,RN_ROAD_00526,RN_NODE_00154,RN_NODE_00169,0,RN_ROAD_00526,RN_ROAD_00526,secondary,['Anant Kanhere Path'],23.53416301472962,road_line_intersected_raster_cells_all_touched,mapped,1,0.0025994982570409775,0.0025994982570409775,0.0025994982570409775,1.0,0.0,0.0,0.0
000_030,0,30,RN_ROAD_00529,RN_NODE_00154,RN_NODE_00159,0,RN_ROAD_00529,RN_ROAD_00529,residential,,45.867397533557956,road_line_intersected_raster_cells_all_touched,mapped,3,0.0025994982570409775,0.002125706640072167,0.002488413313403726,1.0,0.0,0.0,0.0
000_030,0,30,RN_ROAD_00539,RN_NODE_00067,RN_NODE_00063,0,RN_ROAD_00539,RN_ROAD_00539,secondary,['Amrutrao Khilare Path'],86.28041586152774,road_line_intersected_raster_cells_all_touched,mapped,5,0.005514702294021845,0.002697732976230327,0.004643183015286922,1.0,0.0,0.0,0.0
000_030,0,30,RN_ROAD_00293,RN_NODE_00071,RN_NODE_00079,0,RN_ROAD_00293,RN_ROAD_00293,residential,,82.84060098201485,road_line_intersected_raster_cells_all_touched,mapped,4,0.0004497492336668074,0.0003097817752859555,0.0004425122984685004,1.0,0.0,0.0,0.0
000_030,0,30,RN_ROAD_00536,RN_NODE_00071,RN_NODE_00072,0,RN_ROAD_00536,RN_ROAD_00536,residential,['Gangaram Dhanvat Path'],35.06478297071743,road_line_intersected_raster_cells_all_touched,mapped,2,0.00013891939306631684,0.00010909764023381285,0.00013295504249981603,1.0,0.0,0.0,0.0
000_030,0,30,RN_ROAD_00292,RN_NODE_00082,RN_NODE_00079,0,RN_ROAD_00292,RN_ROAD_00292,residential,,31.523164508787627,road_line_intersected_raster_cells_all_touched,mapped,2,0.0020989396143704653,0.0012622828653547913,0.0019316082645673305,1.0,0.0,0.0,0.0
000_030,0,30,RN_ROAD_00537,RN_NODE_00079,RN_NODE_00085,0,RN_ROAD_00537,RN_ROAD_00537,residential,,25.94260677024421,road_line_intersected_raster_cells_all_touched,mapped,3,0.000860111671499908,0.0005316595973757406,0.0007732145604677498,1.0,0.0,0.0,0.0
000_030,0,30,RN_ROAD_00298,RN_NODE_00263,RN_NODE_00271,0,RN_ROAD_00298,RN_ROAD_00298,residential,,83.57971270753288,road_line_intersected_raster_cells_all_touched,mapped,4,0.01129189133644104,0.003539704812283162,0.008462610829155894,1.0,0.0,0.0,0.0
000_030,0,30,RN_ROAD_00300,RN_NODE_00263,RN_NODE_00262,0,RN_ROAD_00300,RN_ROAD_00300,residential,,64.60159491377381,road_line_intersected_raster_cells_all_touched,mapped,3,0.006053340155631304,0.002328344223011906,0.004946037800982595,1.0,0.0,0.0,0.0
000_030,0,30,RN_ROAD_00302,RN_NODE_00255,RN_NODE_00266,0,RN_ROAD_00302,RN_ROAD_00302,residential,,60.614729101893765,road_line_intersected_raster_cells_all_touched,mapped,4,0.0860995352268219,0.022859394302940927,0.06128041825722905,1.0,0.25,0.0,0.0
000_030,0,30,RN_ROAD_00325,RN_NODE_00266,RN_NODE_00281,0,RN_ROAD_00325,RN_ROAD_00325,residential,,54.02302575307796,road_line_intersected_raster_cells_all_touched,mapped,3,0.0014947871677577496,0.0010490927379578352,0.0014096040511503815,1.0,0.0,0.0,0.0
000_030,0,30,RN_ROAD_00327,RN_NODE_00266,RN_NODE_00248,0,RN_ROAD_00327,RN_ROAD_00327,residential,,78.48356376330446,road_line_intersected_raster_cells_all_touched,mapped,4,0.002396453870460391,0.0011122254691144917,0.0019981791847385466,1.0,0.0,0.0,0.0
000_030,0,30,RN_ROAD_00329,RN_NODE_00266,RN_NODE_00261,0,RN_ROAD_00329,RN_ROAD_00329,residential,,53.80249370302222,road_line_intersected_raster_cells_all_touched,mapped,3,0.0010688715847209096,0.0004669539484893903,0.0008905129390768707,1.0,0.0,0.0,0.0
000_030,0,30,RN_ROAD_00326,RN_NODE_00281,RN_NODE_00286,0,RN_ROAD_00326,RN_ROAD_00326,residential,,31.860041724128912,road_line_intersected_raster_cells_all_touched,mapped,2,0.0005836194613948464,0.0004512021696427837,0.0005571360030444339,1.0,0.0,0.0,0.0
000_030,0,30,RN_ROAD_00311,RN_NODE_00214,RN_NODE_00206,0,RN_ROAD_00311,RN_ROAD_00311,tertiary,['Dattawadi Road'],59.030518953440364,road_line_intersected_raster_cells_all_touched,mapped,2,0.0020060501992702484,0.0014989827759563923,0.0019046367146074773,1.0,0.0,0.0,0.0
000_030,0,30,RN_ROAD_00313,RN_NODE_00204,RN_NODE_00206,0,RN_ROAD_00313,RN_ROAD_00313,residential,,18.035376463423137,road_line_intersected_raster_cells_all_touched,mapped,2,0.0020060501992702484,0.001131083641666919,0.0018310568877495826,1.0,0.0,0.0,0.0
000_030,0,30,RN_ROAD_00344,RN_NODE_00206,RN_NODE_00202,0,RN_ROAD_00344,RN_ROAD_00344,tertiary,['Dattawadi Road'],131.89614971042946,road_line_intersected_raster_cells_all_touched,mapped,7,0.06221486255526543,0.016583747263731703,0.04368194267153741,1.0,0.2857142857142857,0.0,0.0
000_030,0,30,RN_ROAD_00315,RN_NODE_00334,RN_NODE_00335,0,RN_ROAD_00315,RN_ROAD_00315,residential,,31.58303292093578,road_line_intersected_raster_cells_all_touched,mapped,2,0.0011787473922595382,0.0008543636649847031,0.0011138706468045712,1.0,0.0,0.0,0.0
000_030,0,30,RN_ROAD_00318,RN_NODE_00335,RN_NODE_00333,0,RN_ROAD_00318,RN_ROAD_00318,residential,,3.484928869378495,road_line_intersected_raster_cells_all_touched,mapped,1,0.000529979937709868,0.000529979937709868,0.000529979937709868,1.0,0.0,0.0,0.0
000_030,0,30,RN_ROAD_00321,RN_NODE_00333,RN_NODE_00332,0,RN_ROAD_00321,RN_ROAD_00321,residential,,43.10430892436066,road_line_intersected_raster_cells_all_touched,mapped,3,0.0006774452049285173,0.0004127520151087083,0.0006479521514847874,1.0,0.0,0.0,0.0
000_030,0,30,RN_ROAD_00323,RN_NODE_00312,RN_NODE_00332,0,RN_ROAD_00323,RN_ROAD_00323,residential,,52.250203462147866,road_line_intersected_raster_cells_all_touched,mapped,3,0.0002994563546963036,0.00011419475928657145,0.00024573126429459083,1.0,0.0,0.0,0.0
000_030,0,30,RN_ROAD_00334,RN_NODE_00312,RN_NODE_00310,0,RN_ROAD_00334,RN_ROAD_00334,residential,,28.0576508861656,road_line_intersected_raster_cells_all_touched,mapped,2,0.0003073654661420733,0.00015983124330887222,0.0002778586215754331,1.0,0.0,0.0,0.0
000_030,0,30,RN_ROAD_00335,RN_NODE_00332,RN_NODE_00331,0,RN_ROAD_00335,RN_ROAD_00335,residential,,26.537672219220823,road_line_intersected_raster_cells_all_touched,mapped,2,0.0006172945722937584,0.000324062737490749,0.0005586482053331565,1.0,0.0,0.0,0.0
000_030,0,30,RN_ROAD_00338,RN_NODE_00347,RN_NODE_00331,0,RN_ROAD_00338,RN_ROAD_00338,residential,,48.091512749697046,road_line_intersected_raster_cells_all_touched,mapped,2,0.0028285165317356586,0.0017229055520147085,0.0026073943357914687,1.0,0.0,0.0,0.0
000_030,0,30,RN_ROAD_00339,RN_NODE_00347,RN_NODE_00350,0,RN_ROAD_00339,RN_ROAD_00339,residential,,47.93089131735309,road_line_intersected_raster_cells_all_touched,mapped,2,0.0028285165317356586,0.0020487576839514077,0.0026725647621788085,1.0,0.0,0.0,0.0
000_030,0,30,RN_ROAD_00414,RN_NODE_00347,RN_NODE_00369,0,RN_ROAD_00414,RN_ROAD_00414,residential,,61.737807633745184,road_line_intersected_raster_cells_all_touched,mapped,3,0.0028285165317356586,0.0015495748569567998,0.002526992093771696,1.0,0.0,0.0,0.0
000_030,0,30,RN_ROAD_00328,RN_NODE_00286,RN_NODE_00289,0,RN_ROAD_00328,RN_ROAD_00328,residential,,17.343312796122525,road_line_intersected_raster_cells_all_touched,mapped,2,0.0009386067395098507,0.0006286958087002859,0.0008766245533479378,1.0,0.0,0.0,0.0
000_030,0,30,RN_ROAD_00330,RN_NODE_00289,RN_NODE_00287,0,RN_ROAD_00330,RN_ROAD_00330,residential,,37.882267862748435,road_line_intersected_raster_cells_all_touched,mapped,2,0.0029291706159710884,0.0019338886777404696,0.0027301142283249645,1.0,0.0,0.0,0.0
000_030,0,30,RN_ROAD_00336,RN_NODE_00289,RN_NODE_00310,0,RN_ROAD_00336,RN_ROAD_00336,residential,,58.816214549128475,road_line_intersected_raster_cells_all_touched,mapped,3,0.0019924084190279245,0.0010794602082266163,0.0017816480831243098,1.0,0.0,0.0,0.0
000_030,0,30,RN_ROAD_00331,RN_NODE_00287,RN_NODE_00272,0,RN_ROAD_00331,RN_ROAD_00331,residential,['Krushnaji Gopal Ghanekar Path'],54.09113582582423,road_line_intersected_raster_cells_all_touched,mapped,3,0.007907025516033173,0.005566800478845835,0.007498461473733187,1.0,0.0,0.0,0.0
000_030,0,30,RN_ROAD_00332,RN_NODE_00287,RN_NODE_00288,0,RN_ROAD_00332,RN_ROAD_00332,residential,,40.303744394483715,road_line_intersected_raster_cells_all_touched,mapped,2,0.008857944048941135,0.005893557332456112,0.008265066705644131,1.0,0.0,0.0,0.0
000_030,0,30,RN_ROAD_00333,RN_NODE_00272,RN_NODE_00273,0,RN_ROAD_00333,RN_ROAD_00333,residential,,40.38747778918996,road_line_intersected_raster_cells_all_touched,mapped,2,0.007897250354290009,0.006880727829411626,0.007693945849314332,1.0,0.0,0.0,0.0
000_030,0,30,RN_ROAD_00354,RN_NODE_00272,RN_NODE_00237,0,RN_ROAD_00354,RN_ROAD_00354,residential,['Krushnaji Gopal Ghanekar Path'],155.52628067151952,road_line_intersected_raster_cells_all_touched,mapped,7,0.005864205304533243,0.002136302588041872,0.00406894930638373,1.0,0.0,0.0,0.0
000_030,0,30,RN_ROAD_00355,RN_NODE_00288,RN_NODE_00273,0,RN_ROAD_00355,RN_ROAD_00355,residential,['Kushaba Ganapati Ovhal Path'],53.153520018738426,road_line_intersected_raster_cells_all_touched,mapped,3,0.018235964700579643,0.011663719701270262,0.01636036057025194,1.0,0.0,0.0,0.0
000_030,0,30,RN_ROAD_00365,RN_NODE_00288,RN_NODE_00309,0,RN_ROAD_00365,RN_ROAD_00365,residential,['Kushaba Ganapati Ovhal Path'],55.15465322981308,road_line_intersected_raster_cells_all_touched,mapped,3,0.008857944048941135,0.005985862575471401,0.008026753459125758,1.0,0.0,0.0,0.0
000_030,0,30,RN_ROAD_00356,RN_NODE_00273,RN_NODE_00237,0,RN_ROAD_00356,RN_ROAD_00356,residential,['Kushaba Ganapati Ovhal Path'],142.83177131115704,road_line_intersected_raster_cells_all_touched,mapped,6,0.007897250354290009,0.003873845300404355,0.006633925950154662,1.0,0.0,0.0,0.0
000_030,0,30,RN_ROAD_00357,RN_NODE_00273,RN_NODE_00274,0,RN_ROAD_00357,RN_ROAD_00357,residential,,51.19311605536175,road_line_intersected_raster_cells_all_touched,mapped,3,0.008447476662695408,0.008079851356645426,0.008337431401014329,1.0,0.0,0.0,0.0
000_030,0,30,RN_ROAD_00337,RN_NODE_00310,RN_NODE_00331,0,RN_ROAD_00337,RN_ROAD_00337,residential,,53.66610792366498,road_line_intersected_raster_cells_all_touched,mapped,3,0.0006172945722937584,0.00039348907497090596,0.0005553087510634213,1.0,0.0,0.0,0.0
000_030,0,30,RN_ROAD_00341,RN_NODE_00310,RN_NODE_00309,0,RN_ROAD_00341,RN_ROAD_00341,residential,,75.7363203987582,road_line_intersected_raster_cells_all_touched,mapped,3,0.004397652577608824,0.0019247225039483358,0.0037319519557058815,1.0,0.0,0.0,0.0
000_030,0,30,RN_ROAD_00340,RN_NODE_00331,RN_NODE_00330,0,RN_ROAD_00340,RN_ROAD_00340,residential,,74.51475791982269,road_line_intersected_raster_cells_all_touched,mapped,3,0.000986504484899342,0.0007200197627147039,0.0009126625023782253,1.0,0.0,0.0,0.0
000_030,0,30,RN_ROAD_00342,RN_NODE_00350,RN_NODE_00353,0,RN_ROAD_00342,RN_ROAD_00342,residential,,27.225136423844823,road_line_intersected_raster_cells_all_touched,mapped,3,0.0015960602322593331,0.0012994134643425543,0.001530647953040898,1.0,0.0,0.0,0.0
000_030,0,30,RN_ROAD_00418,RN_NODE_00350,RN_NODE_00368,0,RN_ROAD_00418,RN_ROAD_00418,residential,,56.929987482394445,road_line_intersected_raster_cells_all_touched,mapped,3,0.003141804365441203,0.0020942591363564134,0.0028878383338451384,1.0,0.0,0.0,0.0
000_030,0,30,RN_ROAD_00343,RN_NODE_00330,RN_NODE_00309,0,RN_ROAD_00343,RN_ROAD_00343,residential,['Kushaba Ganapati Ovhal Path'],57.20658022555833,road_line_intersected_raster_cells_all_touched,mapped,3,0.004397652577608824,0.002471530460752547,0.003924208926036954,1.0,0.0,0.0,0.0
000_030,0,30,RN_ROAD_00364,RN_NODE_00330,RN_NODE_00353,0,RN_ROAD_00364,RN_ROAD_00364,residential,['Kushaba Ganapati Ovhal Path'],52.95372397223445,road_line_intersected_raster_cells_all_touched,mapped,3,0.0015960602322593331,0.0012052486805866163,0.0014834844507277012,1.0,0.0,0.0,0.0
000_030,0,30,RN_ROAD_00367,RN_NODE_00309,RN_NODE_00308,0,RN_ROAD_00367,RN_ROAD_00367,residential,,48.685081982286476,road_line_intersected_raster_cells_all_touched,mapped,3,0.019647037610411644,0.012788268271833658,0.018581653013825417,1.0,0.0,0.0,0.0
000_030,0,30,RN_ROAD_00366,RN_NODE_00353,RN_NODE_00354,0,RN_ROAD_00366,RN_ROAD_00366,residential,,45.58737320488795,road_line_intersected_raster_cells_all_touched,mapped,3,0.004631081596016884,0.002283706950644652,0.003942236863076687,1.0,0.0,0.0,0.0
000_030,0,30,RN_ROAD_00345,RN_NODE_00202,RN_NODE_00201,0,RN_ROAD_00345,RN_ROAD_00345,tertiary,['Dattawadi Road'],14.590834250767971,road_line_intersected_raster_cells_all_touched,mapped,1,0.06221486255526543,0.06221486255526543,0.06221486255526543,1.0,1.0,0.0,0.0
000_030,0,30,RN_ROAD_00347,RN_NODE_00202,RN_NODE_00223,0,RN_ROAD_00347,RN_ROAD_00347,secondary,['Anant Kanhere Path'],77.6513222661988,road_line_intersected_raster_cells_all_touched,mapped,4,0.06221486255526543,0.02895713433099445,0.05762666687369347,1.0,0.5,0.0,0.0
000_030,0,30,RN_ROAD_00348,RN_NODE_00201,RN_NODE_00223,0,RN_ROAD_00348,RN_ROAD_00348,secondary,['Anant Kanhere Path'],70.49281105699869,road_line_intersected_raster_cells_all_touched,mapped,4,0.1618688404560089,0.06921582587528974,0.13197264708578588,1.0,0.75,0.25,0.0
000_030,0,30,RN_ROAD_00527,RN_NODE_00201,RN_NODE_00169,0,RN_ROAD_00527,RN_ROAD_00527,secondary,['Anant Kanhere Path'],51.49587636613036,road_line_intersected_raster_cells_all_touched,mapped,3,0.06221486255526543,0.024094689171761274,0.05126583138480783,1.0,0.3333333333333333,0.0,0.0
000_030,0,30,RN_ROAD_00346,RN_NODE_00237,RN_NODE_00236,0,RN_ROAD_00346,RN_ROAD_00346,residential,['Oval Path'],50.88101900609627,road_line_intersected_raster_cells_all_touched,mapped,3,0.0008733422146178782,0.0005921421494955817,0.0008344949339516461,1.0,0.0,0.0,0.0
000_030,0,30,RN_ROAD_00349,RN_NODE_00236,RN_NODE_00223,0,RN_ROAD_00349,RN_ROAD_00349,secondary,['Anant Kanhere Path'],22.888554038441548,road_line_intersected_raster_cells_all_touched,mapped,2,0.0058587235398590565,0.003268914675572887,0.005340761767001823,1.0,0.0,0.0,0.0
000_030,0,30,RN_ROAD_00350,RN_NODE_00236,RN_NODE_00232,0,RN_ROAD_00350,RN_ROAD_00350,residential,['Oval Path'],51.52542500920623,road_line_intersected_raster_cells_all_touched,mapped,3,0.0034159820061177015,0.0019537278567440808,0.003086004755459726,1.0,0.0,0.0,0.0
000_030,0,30,RN_ROAD_00361,RN_NODE_00236,RN_NODE_00274,0,RN_ROAD_00361,RN_ROAD_00361,secondary,['Anant Kanhere Path'],153.02556378227789,road_line_intersected_raster_cells_all_touched,mapped,6,0.007894827052950859,0.0028852796337256827,0.0063485740683972836,1.0,0.0,0.0,0.0
000_030,0,30,RN_ROAD_00351,RN_NODE_00232,RN_NODE_00231,0,RN_ROAD_00351,RN_ROAD_00351,residential,['Oval Path'],9.606205677849413,road_line_intersected_raster_cells_all_touched,mapped,1,0.0034159820061177015,0.0034159820061177015,0.0034159820061177015,1.0,0.0,0.0,0.0
000_030,0,30,RN_ROAD_00384,RN_NODE_00232,RN_NODE_00275,0,RN_ROAD_00384,RN_ROAD_00384,residential,['Navi Peth'],166.71370209157016,road_line_intersected_raster_cells_all_touched,mapped,6,0.004152943380177021,0.0031287140445783734,0.003877442446537316,1.0,0.0,0.0,0.0
000_030,0,30,RN_ROAD_00352,RN_NODE_00231,RN_NODE_00217,0,RN_ROAD_00352,RN_ROAD_00352,residential,,31.320340411873552,road_line_intersected_raster_cells_all_touched,mapped,2,0.0034159820061177015,0.003156021819449961,0.0033639899687841535,1.0,0.0,0.0,0.0
000_030,0,30,RN_ROAD_00353,RN_NODE_00231,RN_NODE_00233,0,RN_ROAD_00353,RN_ROAD_00353,residential,['Oval Path'],36.63339705354481,road_line_intersected_raster_cells_all_touched,mapped,2,0.005024253856390715,0.004220117931254208,0.004863426671363413,1.0,0.0,0.0,0.0
000_030,0,30,RN_ROAD_00388,RN_NODE_00233,RN_NODE_00276,0,RN_ROAD_00388,RN_ROAD_00388,residential,['Oval Path'],166.0919306471388,road_line_intersected_raster_cells_all_touched,mapped,6,0.005338063929229975,0.004511659460452695,0.005183014087378979,1.0,0.0,0.0,0.0
000_030,0,30,RN_ROAD_00634,RN_NODE_00233,RN_NODE_00216,0,RN_ROAD_00634,RN_ROAD_00634,residential,,37.77862694551565,road_line_intersected_raster_cells_all_touched,mapped,3,0.005024253856390715,0.0034669100617369017,0.004569042241200805,1.0,0.0,0.0,0.0
000_030,0,30,RN_ROAD_00360,RN_NODE_00274,RN_NODE_00283,0,RN_ROAD_00360,RN_ROAD_00360,secondary,['Anant Kanhere Path'],30.835908769960856,road_line_intersected_raster_cells_all_touched,mapped,2,0.008714932948350906,0.008304880000650883,0.008632922358810902,1.0,0.0,0.0,0.0
000_030,0,30,RN_ROAD_00362,RN_NODE_00274,RN_NODE_00275,0,RN_ROAD_00362,RN_ROAD_00362,residential,['Sant Tukaram Maharaj Road'],46.125753014015864,road_line_intersected_raster_cells_all_touched,mapped,3,0.007894827052950859,0.005249239504337311,0.007146450318396092,1.0,0.0,0.0,0.0
000_030,0,30,RN_ROAD_00358,RN_NODE_00296,RN_NODE_00292,0,RN_ROAD_00358,RN_ROAD_00358,secondary,['Anant Kanhere Path'],22.11040559802123,road_line_intersected_raster_cells_all_touched,mapped,2,0.019117038697004318,0.01339968922547996,0.017973568802699447,1.0,0.0,0.0,0.0
000_030,0,30,RN_ROAD_00363,RN_NODE_00296,RN_NODE_00295,0,RN_ROAD_00363,RN_ROAD_00363,residential,,76.73583658315671,road_line_intersected_raster_cells_all_touched,mapped,4,0.024906624108552933,0.01758232875727117,0.02316974848508835,1.0,0.25,0.0,0.0
000_030,0,30,RN_ROAD_00372,RN_NODE_00296,RN_NODE_00303,0,RN_ROAD_00372,RN_ROAD_00372,secondary,['Anant Kanhere Path'],22.97638368976205,road_line_intersected_raster_cells_all_touched,mapped,2,0.019647037610411644,0.01938203815370798,0.019594037719070912,1.0,0.0,0.0,0.0
000_030,0,30,RN_ROAD_00359,RN_NODE_00292,RN_NODE_00283,0,RN_ROAD_00359,RN_ROAD_00359,secondary,['Anant Kanhere Path'],26.186261774119217,road_line_intersected_raster_cells_all_touched,mapped,2,0.008714932948350906,0.008198636351153255,0.008611673628911376,1.0,0.0,0.0,0.0
000_030,0,30,RN_ROAD_00385,RN_NODE_00292,RN_NODE_00291,0,RN_ROAD_00385,RN_ROAD_00385,residential,['Bapu Eliya Ranbhise Path'],114.74911845768395,road_line_intersected_raster_cells_all_touched,mapped,5,0.0201326385140419,0.0087700966745615,0.015438387915492058,1.0,0.2,0.0,0.0
000_030,0,30,RN_ROAD_00386,RN_NODE_00283,RN_NODE_00282,0,RN_ROAD_00386,RN_ROAD_00386,residential,,113.75327527325297,road_line_intersected_raster_cells_all_touched,mapped,5,0.010254881344735622,0.007315156213007867,0.009956838004291058,1.0,0.0,0.0,0.0
000_030,0,30,RN_ROAD_00387,RN_NODE_00275,RN_NODE_00276,0,RN_ROAD_00387,RN_ROAD_00387,residential,['Sant Tukaram Maharaj Road'],46.58922877272555,road_line_intersected_raster_cells_all_touched,mapped,2,0.004847938660532236,0.0045004410203546286,0.004778439132496715,1.0,0.0,0.0,0.0
000_030,0,30,RN_ROAD_00368,RN_NODE_00354,RN_NODE_00341,0,RN_ROAD_00368,RN_ROAD_00368,secondary,['Anant Kanhere Path'],31.22431018041233,road_line_intersected_raster_cells_all_touched,mapped,2,0.009541263803839684,0.007086172699928284,0.009050245583057403,1.0,0.0,0.0,0.0
000_030,0,30,RN_ROAD_00425,RN_NODE_00354,RN_NODE_00365,0,RN_ROAD_00425,RN_ROAD_00425,secondary,['Anant Kanhere Path'],46.78394768455451,road_line_intersected_raster_cells_all_touched,mapped,2,0.010676912032067776,0.00765399681404233,0.010072328988462687,1.0,0.0,0.0,0.0
000_030,0,30,RN_ROAD_00428,RN_NODE_00354,RN_NODE_00355,0,RN_ROAD_00428,RN_ROAD_00428,residential,,44.76295201103551,road_line_intersected_raster_cells_all_touched,mapped,2,0.009645460173487663,0.0071382708847522736,0.009144022315740585,1.0,0.0,0.0,0.0
000_030,0,30,RN_ROAD_00370,RN_NODE_00308,RN_NODE_00318,0,RN_ROAD_00370,RN_ROAD_00370,secondary,['Anant Kanhere Path'],43.97002413105344,road_line_intersected_raster_cells_all_touched,mapped,2,0.02299024909734726,0.021318643353879452,0.022655927948653697,1.0,0.5,0.0,0.0
000_030,0,30,RN_ROAD_00371,RN_NODE_00308,RN_NODE_00303,0,RN_ROAD_00371,RN_ROAD_00371,secondary,['Anant Kanhere Path'],5.852343388251984,road_line_intersected_raster_cells_all_touched,mapped,1,0.019647037610411644,0.019647037610411644,0.019647037610411644,1.0,0.0,0.0,0.0
000_030,0,30,RN_ROAD_00369,RN_NODE_00341,RN_NODE_00318,0,RN_ROAD_00369,RN_ROAD_00369,secondary,['Anant Kanhere Path'],37.55108276168134,road_line_intersected_raster_cells_all_touched,mapped,3,0.02299024909734726,0.015456056532760462,0.021159530617296696,1.0,0.3333333333333333,0.0,0.0
000_030,0,30,RN_ROAD_00373,RN_NODE_00341,RN_NODE_00343,0,RN_ROAD_00373,RN_ROAD_00373,residential,,57.62190011561909,road_line_intersected_raster_cells_all_touched,mapped,3,0.01574697531759739,0.010425811633467674,0.014505833014845848,1.0,0.0,0.0,0.0
000_030,0,30,RN_ROAD_00375,RN_NODE_00318,RN_NODE_00320,0,RN_ROAD_00375,RN_ROAD_00375,residential,['Dattatrey Malvadkar Path'],103.95219945977442,road_line_intersected_raster_cells_all_touched,mapped,4,0.02299024909734726,0.01394054270349443,0.021520508080720903,1.0,0.25,0.0,0.0
000_030,0,30,RN_ROAD_00374,RN_NODE_00303,RN_NODE_00302,0,RN_ROAD_00374,RN_ROAD_00374,residential,['Bala Raut Path'],100.86042901901577,road_line_intersected_raster_cells_all_touched,mapped,4,0.020251581445336342,0.016559039009734988,0.020070218294858933,1.0,0.25,0.0,0.0
000_030,0,30,RN_ROAD_00377,RN_NODE_00302,RN_NODE_00320,0,RN_ROAD_00377,RN_ROAD_00377,residential,,54.41554678839753,road_line_intersected_raster_cells_all_touched,mapped,2,0.010805241763591766,0.008045610971748829,0.01025331560522318,1.0,0.0,0.0,0.0
000_030,0,30,RN_ROAD_00378,RN_NODE_00302,RN_NODE_00301,0,RN_ROAD_00378,RN_ROAD_00378,residential,['Bala Raut Path'],17.25889386682857,road_line_intersected_raster_cells_all_touched,mapped,2,0.010805241763591766,0.008652752032503486,0.01037474381737411,1.0,0.0,0.0,0.0
000_030,0,30,RN_ROAD_00379,RN_NODE_00320,RN_NODE_00325,0,RN_ROAD_00379,RN_ROAD_00379,residential,['Dattatrey Malvadkar Path'],64.52860259913493,road_line_intersected_raster_cells_all_touched,mapped,4,0.005285980179905891,0.003916876390576363,0.0050629832781851295,1.0,0.0,0.0,0.0
000_030,0,30,RN_ROAD_00376,RN_NODE_00352,RN_NODE_00355,0,RN_ROAD_00376,RN_ROAD_00376,residential,,33.30389947901987,road_line_intersected_raster_cells_all_touched,mapped,2,0.009645460173487663,0.00858371309004724,0.00943311075679958,1.0,0.0,0.0,0.0
000_030,0,30,RN_ROAD_00432,RN_NODE_00355,RN_NODE_00363,0,RN_ROAD_00432,RN_ROAD_00432,residential,,44.58497188028427,road_line_intersected_raster_cells_all_touched,mapped,2,0.009645460173487663,0.007919536670669913,0.009300275472924113,1.0,0.0,0.0,0.0
000_030,0,30,RN_ROAD_00380,RN_NODE_00301,RN_NODE_00300,0,RN_ROAD_00380,RN_ROAD_00380,residential,['Bala Raut Path'],50.21898246564194,road_line_intersected_raster_cells_all_touched,mapped,3,0.006500262301415205,0.0028529741102829576,0.005521769868209958,1.0,0.0,0.0,0.0
000_030,0,30,RN_ROAD_00392,RN_NODE_00301,RN_NODE_00291,0,RN_ROAD_00392,RN_ROAD_00392,residential,,44.18831364726318,road_line_intersected_raster_cells_all_touched,mapped,3,0.006500262301415205,0.0047199867355326814,0.00627141036093235,1.0,0.0,0.0,0.0
000_030,0,30,RN_ROAD_00381,RN_NODE_00325,RN_NODE_00300,0,RN_ROAD_00381,RN_ROAD_00381,residential,,61.35590635660984,road_line_intersected_raster_cells_all_touched,mapped,4,0.003912725020200014,0.0023109874746296555,0.003720676968805492,1.0,0.0,0.0,0.0
000_030,0,30,RN_ROAD_00382,RN_NODE_00325,RN_NODE_00322,0,RN_ROAD_00382,RN_ROAD_00382,residential,['Dattatrey Malvadkar Path'],12.588276999794445,road_line_intersected_raster_cells_all_touched,mapped,2,0.00327256484888494,0.0018714033212745562,0.0029923325433628633,1.0,0.0,0.0,0.0
000_030,0,30,RN_ROAD_00625,RN_NODE_00300,RN_NODE_00299,0,RN_ROAD_00625,RN_ROAD_00625,residential,['Bala Raut Path'],169.33262027577143,road_line_intersected_raster_cells_all_touched,mapped,7,0.012616841122508049,0.003720390044951013,0.007726592384278777,1.0,0.0,0.0,0.0
000_030,0,30,RN_ROAD_00383,RN_NODE_00322,RN_NODE_00324,0,RN_ROAD_00383,RN_ROAD_00383,residential,['Dattatrey Malvadkar Path'],34.971618717144,road_line_intersected_raster_cells_all_touched,mapped,2,0.0008413378964178264,0.0006557898450409994,0.000804228286142461,1.0,0.0,0.0,0.0
000_030,0,30,RN_ROAD_00469,RN_NODE_00322,RN_NODE_00393,0,RN_ROAD_00469,RN_ROAD_00469,residential,['M. K. Hardikar Path'],188.1514134905197,road_line_intersected_raster_cells_all_touched,mapped,7,0.006281072273850441,0.0019082317053939082,0.0039628277067095055,1.0,0.0,0.0,0.0
000_030,0,30,RN_ROAD_00472,RN_NODE_00324,RN_NODE_00390,0,RN_ROAD_00472,RN_ROAD_00472,residential,['Nanasaheb Shendkar Path'],180.15976327610346,road_line_intersected_raster_cells_all_touched,mapped,7,0.005461081396788359,0.002740328175215317,0.004449680168181659,1.0,0.0,0.0,0.0
000_030,0,30,RN_ROAD_00624,RN_NODE_00324,RN_NODE_00323,0,RN_ROAD_00624,RN_ROAD_00624,residential,['Dattatrey Malvadkar Path'],15.360988617277298,road_line_intersected_raster_cells_all_touched,mapped,2,0.0008413378964178264,0.0007790210365783423,0.0008288745244499296,1.0,0.0,0.0,0.0
000_030,0,30,RN_ROAD_00390,RN_NODE_00291,RN_NODE_00282,0,RN_ROAD_00390,RN_ROAD_00390,residential,,26.172660671500964,road_line_intersected_raster_cells_all_touched,mapped,2,0.0023036953061819077,0.0018397492240183055,0.002210906089749187,1.0,0.0,0.0,0.0
000_030,0,30,RN_ROAD_00393,RN_NODE_00291,RN_NODE_00285,0,RN_ROAD_00393,RN_ROAD_00393,residential,,220.02800234651528,road_line_intersected_raster_cells_all_touched,mapped,8,0.006821270566433668,0.00262587925317348,0.005031497264280915,1.0,0.0,0.0,0.0
000_030,0,30,RN_ROAD_00391,RN_NODE_00282,RN_NODE_00277,0,RN_ROAD_00391,RN_ROAD_00391,residential,,29.66736049448955,road_line_intersected_raster_cells_all_touched,mapped,2,0.0034702313132584095,0.0024230172275565565,0.0032607884961180387,1.0,0.0,0.0,0.0
000_030,0,30,RN_ROAD_00389,RN_NODE_00276,RN_NODE_00277,0,RN_ROAD_00389,RN_ROAD_00389,residential,['Sant Tukaram Maharaj Road'],19.87504316425158,road_line_intersected_raster_cells_all_touched,mapped,2,0.004847938660532236,0.004159084986895323,0.004710167925804853,1.0,0.0,0.0,0.0
000_030,0,30,RN_ROAD_00622,RN_NODE_00277,RN_NODE_00285,0,RN_ROAD_00622,RN_ROAD_00622,residential,['Sant Tukaram Maharaj Road'],265.5831756601439,road_line_intersected_raster_cells_all_touched,mapped,10,0.006821270566433668,0.0028012295893859117,0.0046455686446279275,1.0,0.0,0.0,0.0
000_030,0,30,RN_ROAD_00623,RN_NODE_00285,RN_NODE_00299,0,RN_ROAD_00623,RN_ROAD_00623,residential,,46.43267755042668,road_line_intersected_raster_cells_all_touched,mapped,2,0.012616841122508049,0.009719055844470859,0.01203728406690061,1.0,0.0,0.0,0.0
000_030,0,30,RN_ROAD_00399,RN_NODE_00419,RN_NODE_00417,0,RN_ROAD_00399,RN_ROAD_00399,primary,['Lalbahadur Shashtri Marg'],37.048235669761226,road_line_intersected_raster_cells_all_touched,mapped,2,0.02158265933394432,0.01701216259971261,0.02066855998709798,1.0,0.5,0.0,0.0
000_030,0,30,RN_ROAD_00402,RN_NODE_00420,RN_NODE_00439,0,RN_ROAD_00402,RN_ROAD_00402,residential,['Pradeep Deshpande Path'],45.670575313635425,road_line_intersected_raster_cells_all_touched,mapped,3,0.02158265933394432,0.011787119631965956,0.01905924957245588,1.0,0.3333333333333333,0.0,0.0
000_030,0,30,RN_ROAD_00436,RN_NODE_00420,RN_NODE_00413,0,RN_ROAD_00436,RN_ROAD_00436,primary,['Lalbahadur Shashtri Marg'],84.37336997027148,road_line_intersected_raster_cells_all_touched,mapped,4,0.02158265933394432,0.01124275429174304,0.017931538913398982,1.0,0.25,0.0,0.0
000_030,0,30,RN_ROAD_00434,RN_NODE_00439,RN_NODE_00454,0,RN_ROAD_00434,RN_ROAD_00434,residential,['Pradeep Deshpande Path'],45.17923150069771,road_line_intersected_raster_cells_all_touched,mapped,3,0.004813089035451412,0.003309222791964809,0.0044159116223454475,1.0,0.0,0.0,0.0
000_030,0,30,RN_ROAD_00439,RN_NODE_00439,RN_NODE_00426,0,RN_ROAD_00439,RN_ROAD_00439,residential,,127.12545991830288,road_line_intersected_raster_cells_all_touched,mapped,6,0.012614650651812553,0.008047465855876604,0.011919653974473476,1.0,0.0,0.0,0.0
000_030,0,30,RN_ROAD_00400,RN_NODE_00417,RN_NODE_00409,0,RN_ROAD_00400,RN_ROAD_00400,residential,,29.52819449223829,road_line_intersected_raster_cells_all_touched,mapped,3,0.02158265933394432,0.011327210037658611,0.018610984552651644,1.0,0.3333333333333333,0.0,0.0
000_030,0,30,RN_ROAD_00401,RN_NODE_00417,RN_NODE_00415,0,RN_ROAD_00401,RN_ROAD_00401,primary,['Lalbahadur Shashtri Marg'],21.926627960400815,road_line_intersected_raster_cells_all_touched,mapped,1,0.02158265933394432,0.02158265933394432,0.02158265933394432,1.0,1.0,0.0,0.0
000_030,0,30,RN_ROAD_00403,RN_NODE_00415,RN_NODE_00408,0,RN_ROAD_00403,RN_ROAD_00403,residential,,32.51968597027993,road_line_intersected_raster_cells_all_touched,mapped,2,0.02158265933394432,0.01362867234274745,0.019991861935704947,1.0,0.5,0.0,0.0
000_030,0,30,RN_ROAD_00435,RN_NODE_00415,RN_NODE_00412,0,RN_ROAD_00435,RN_ROAD_00435,primary,['Lalbahadur Shashtri Marg'],42.87310654856027,road_line_intersected_raster_cells_all_touched,mapped,4,0.02158265933394432,0.0138713160995394,0.020296613313257696,1.0,0.25,0.0,0.0
000_030,0,30,RN_ROAD_00406,RN_NODE_00494,RN_NODE_00493,0,RN_ROAD_00406,RN_ROAD_00406,residential,,29.8624998855163,road_line_intersected_raster_cells_all_touched,mapped,2,0.00451545137912035,0.004204910597763956,0.004453343222849071,1.0,0.0,0.0,0.0
000_030,0,30,RN_ROAD_00411,RN_NODE_00493,RN_NODE_00506,0,RN_ROAD_00411,RN_ROAD_00411,tertiary,['Madhavrao Peshve Marg'],81.29225901791045,road_line_intersected_raster_cells_all_touched,mapped,5,0.00451545137912035,0.0011843652042443863,0.003098379168659449,1.0,0.0,0.0,0.0
000_030,0,30,RN_ROAD_00413,RN_NODE_00512,RN_NODE_00506,0,RN_ROAD_00413,RN_ROAD_00413,tertiary,['Madhavrao Peshve Marg'],32.75289325275549,road_line_intersected_raster_cells_all_touched,mapped,2,4.6571258280891925e-05,2.3285629140445963e-05,4.191413245280273e-05,0.5,0.0,0.0,0.0
000_030,0,30,RN_ROAD_00444,RN_NODE_00512,RN_NODE_00520,0,RN_ROAD_00444,RN_ROAD_00444,tertiary,['Madhavrao Peshve Marg'],5.836942469150605,road_line_intersected_raster_cells_all_touched,mapped,1,0.0,0.0,0.0,0.0,0.0,0.0,0.0
000_030,0,30,RN_ROAD_00445,RN_NODE_00482,RN_NODE_00483,0,RN_ROAD_00445,RN_ROAD_00445,tertiary,['Baburao Phule Path'],36.95206416045516,road_line_intersected_raster_cells_all_touched,mapped,2,0.0005902047851122916,0.00042175030102953315,0.0005565138882957399,1.0,0.0,0.0,0.0
000_030,0,30,RN_ROAD_00450,RN_NODE_00506,RN_NODE_00504,0,RN_ROAD_00450,RN_ROAD_00450,residential,['Dake Road'],119.32477565561615,road_line_intersected_raster_cells_all_touched,mapped,4,6.152139394544065e-05,2.9425571938190842e-05,5.7036353246076034e-05,0.75,0.0,0.0,0.0
000_030,0,30,RN_ROAD_00440,RN_NODE_00454,RN_NODE_00444,0,RN_ROAD_00440,RN_ROAD_00440,residential,,116.7417009508058,road_line_intersected_raster_cells_all_touched,mapped,5,0.006712387315928936,0.0030754591105505826,0.005075282696634532,1.0,0.0,0.0,0.0
000_030,0,30,RN_ROAD_00446,RN_NODE_00454,RN_NODE_00473,0,RN_ROAD_00446,RN_ROAD_00446,residential,['Pradeep Deshpande Path'],59.204013992992756,road_line_intersected_raster_cells_all_touched,mapped,3,0.002287377370521426,0.0008858853931693981,0.0019039576582144946,0.6666666666666666,0.0,0.0,0.0
000_030,0,30,RN_ROAD_00416,RN_NODE_00369,RN_NODE_00368,0,RN_ROAD_00416,RN_ROAD_00416,residential,,46.71954841931958,road_line_intersected_raster_cells_all_touched,mapped,2,0.003141804365441203,0.001820559031330049,0.0028775552986189724,1.0,0.0,0.0,0.0
000_030,0,30,RN_ROAD_00421,RN_NODE_00368,RN_NODE_00388,0,RN_ROAD_00421,RN_ROAD_00421,residential,,63.604879904668465,road_line_intersected_raster_cells_all_touched,mapped,5,0.0037426685448735952,0.0025258615612983705,0.003502322873100638,1.0,0.0,0.0,0.0
000_030,0,30,RN_ROAD_00419,RN_NODE_00389,RN_NODE_00388,0,RN_ROAD_00419,RN_ROAD_00419,residential,,9.46226028981026,road_line_intersected_raster_cells_all_touched,mapped,2,0.004721819888800383,0.0029069738229736686,0.00435885067563504,1.0,0.0,0.0,0.0
000_030,0,30,RN_ROAD_00420,RN_NODE_00389,RN_NODE_00406,0,RN_ROAD_00420,RN_ROAD_00420,residential,,37.35535506606383,road_line_intersected_raster_cells_all_touched,mapped,3,0.006724285427480936,0.005706930222610633,0.006514365412294864,1.0,0.0,0.0,0.0
000_030,0,30,RN_ROAD_00422,RN_NODE_00388,RN_NODE_00386,0,RN_ROAD_00422,RN_ROAD_00422,residential,,41.858169417278205,road_line_intersected_raster_cells_all_touched,mapped,3,0.004391748458147049,0.0030755149200558662,0.0042619324754923586,1.0,0.0,0.0,0.0
000_030,0,30,RN_ROAD_00423,RN_NODE_00386,RN_NODE_00372,0,RN_ROAD_00423,RN_ROAD_00423,residential,,39.76098143899691,road_line_intersected_raster_cells_all_touched,mapped,2,0.004391748458147049,0.003630559891462326,0.004239510744810104,1.0,0.0,0.0,0.0
000_030,0,30,RN_ROAD_00424,RN_NODE_00386,RN_NODE_00382,0,RN_ROAD_00424,RN_ROAD_00424,residential,,36.68756445483834,road_line_intersected_raster_cells_all_touched,mapped,2,0.013921154662966728,0.009156451560556889,0.012968214042484761,1.0,0.0,0.0,0.0
000_030,0,30,RN_ROAD_00426,RN_NODE_00382,RN_NODE_00365,0,RN_ROAD_00426,RN_ROAD_00426,secondary,['Anant Kanhere Path'],52.09119030933215,road_line_intersected_raster_cells_all_touched,mapped,3,0.015078673139214516,0.013225579944749674,0.014847169443964959,1.0,0.0,0.0,0.0
000_030,0,30,RN_ROAD_00427,RN_NODE_00382,RN_NODE_00392,0,RN_ROAD_00427,RN_ROAD_00427,secondary,['Anant Kanhere Path'],29.14387282663369,road_line_intersected_raster_cells_all_touched,mapped,2,0.013921154662966728,0.010027146898210049,0.013142353110015392,1.0,0.0,0.0,0.0
000_030,0,30,RN_ROAD_00430,RN_NODE_00365,RN_NODE_00363,0,RN_ROAD_00430,RN_ROAD_00430,residential,,42.26531024380577,road_line_intersected_raster_cells_all_touched,mapped,2,0.010676912032067776,0.00843526259995997,0.010228582145646214,1.0,0.0,0.0,0.0
000_030,0,30,RN_ROAD_00429,RN_NODE_00392,RN_NODE_00410,0,RN_ROAD_00429,RN_ROAD_00429,secondary,['Anant Kanhere Path'],43.015859018720306,road_line_intersected_raster_cells_all_touched,mapped,3,0.011295126751065254,0.008020749470839897,0.010362897906452418,1.0,0.0,0.0,0.0
000_030,0,30,RN_ROAD_00431,RN_NODE_00392,RN_NODE_00379,0,RN_ROAD_00431,RN_ROAD_00431,residential,,67.47958640276215,road_line_intersected_raster_cells_all_touched,mapped,5,0.00663398252800107,0.005420727701857686,0.00643364517018199,1.0,0.0,0.0,0.0
000_030,0,30,RN_ROAD_00438,RN_NODE_00410,RN_NODE_00412,0,RN_ROAD_00438,RN_ROAD_00438,primary,['Lalbahadur Shashtri Marg'],28.276852390253246,road_line_intersected_raster_cells_all_touched,mapped,2,0.0172958392649889,0.014295483008027077,0.016695768013596533,1.0,0.0,0.0,0.0
000_030,0,30,RN_ROAD_00441,RN_NODE_00410,RN_NODE_00413,0,RN_ROAD_00441,RN_ROAD_00441,secondary,['Anant Kanhere Path'],10.832316891595964,road_line_intersected_raster_cells_all_touched,mapped,2,0.011295126751065254,0.009038359392434359,0.010843773279339075,1.0,0.0,0.0,0.0
000_030,0,30,RN_ROAD_00442,RN_NODE_00410,RN_NODE_00407,0,RN_ROAD_00442,RN_ROAD_00442,primary,['Lalbahadur Shashtri Marg'],36.96143514401809,road_line_intersected_raster_cells_all_touched,mapped,2,0.013371411710977554,0.012333269231021404,0.013163783214986324,1.0,0.0,0.0,0.0
000_030,0,30,RN_ROAD_00433,RN_NODE_00363,RN_NODE_00379,0,RN_ROAD_00433,RN_ROAD_00433,residential,,48.569567192436125,road_line_intersected_raster_cells_all_touched,mapped,3,0.011125952005386353,0.0077707190066576,0.010139484237879515,1.0,0.0,0.0,0.0
000_030,0,30,RN_ROAD_00465,RN_NODE_00379,RN_NODE_00378,0,RN_ROAD_00465,RN_ROAD_00465,residential,,28.477795101738316,road_line_intersected_raster_cells_all_touched,mapped,2,0.005992591846734285,0.004656091216020286,0.005725291720591485,1.0,0.0,0.0,0.0
000_030,0,30,RN_ROAD_00437,RN_NODE_00412,RN_NODE_00401,0,RN_ROAD_00437,RN_ROAD_00437,residential,,30.235439957684452,road_line_intersected_raster_cells_all_touched,mapped,2,0.0172958392649889,0.015700924210250378,0.016976856254041196,1.0,0.0,0.0,0.0
000_030,0,30,RN_ROAD_00443,RN_NODE_00413,RN_NODE_00411,0,RN_ROAD_00443,RN_ROAD_00443,primary,['Lalbahadur Shashtri Marg'],37.66370862797395,road_line_intersected_raster_cells_all_touched,mapped,3,0.013371411710977554,0.010482710165282091,0.012956154718995094,1.0,0.0,0.0,0.0
000_030,0,30,RN_ROAD_00455,RN_NODE_00426,RN_NODE_00411,0,RN_ROAD_00455,RN_ROAD_00455,residential,['Madanlal Dangi Path'],47.704587631400855,road_line_intersected_raster_cells_all_touched,mapped,3,0.013371411710977554,0.007494953460991383,0.011630199570208789,1.0,0.0,0.0,0.0
000_030,0,30,RN_ROAD_00456,RN_NODE_00426,RN_NODE_00444,0,RN_ROAD_00456,RN_ROAD_00456,residential,['Madanlal Dangi Path'],45.50539702809692,road_line_intersected_raster_cells_all_touched,mapped,2,0.004448097664862871,0.0035338617162778974,0.004265250475145877,1.0,0.0,0.0,0.0
000_030,0,30,RN_ROAD_00458,RN_NODE_00426,RN_NODE_00416,0,RN_ROAD_00458,RN_ROAD_00458,residential,,82.27627804726039,road_line_intersected_raster_cells_all_touched,mapped,5,0.00874085072427988,0.004263303778134287,0.007464592158794404,1.0,0.0,0.0,0.0
000_030,0,30,RN_ROAD_00453,RN_NODE_00444,RN_NODE_00467,0,RN_ROAD_00453,RN_ROAD_00453,residential,['Madanlal Dangi Path'],85.03726839063847,road_line_intersected_raster_cells_all_touched,mapped,5,0.0026196257676929235,0.0008522293181158602,0.0020436750724911693,0.8,0.0,0.0,0.0
000_030,0,30,RN_ROAD_00459,RN_NODE_00444,RN_NODE_00436,0,RN_ROAD_00459,RN_ROAD_00459,residential,,86.17395499310577,road_line_intersected_raster_cells_all_touched,mapped,4,0.0026196257676929235,0.0011409709331928752,0.0021282847155816857,1.0,0.0,0.0,0.0
000_030,0,30,RN_ROAD_00454,RN_NODE_00407,RN_NODE_00411,0,RN_ROAD_00454,RN_ROAD_00454,residential,,11.035372286912024,road_line_intersected_raster_cells_all_touched,mapped,1,0.013371411710977554,0.013371411710977554,0.013371411710977554,1.0,0.0,0.0,0.0
000_030,0,30,RN_ROAD_00464,RN_NODE_00407,RN_NODE_00405,0,RN_ROAD_00464,RN_ROAD_00464,residential,,5.901275599726542,road_line_intersected_raster_cells_all_touched,mapped,1,0.013371411710977554,0.013371411710977554,0.013371411710977554,1.0,0.0,0.0,0.0
000_030,0,30,RN_ROAD_00466,RN_NODE_00407,RN_NODE_00400,0,RN_ROAD_00466,RN_ROAD_00466,primary,['Lalbahadur Shashtri Marg'],55.290121821909146,road_line_intersected_raster_cells_all_touched,mapped,4,0.022686192765831947,0.01704370672814548,0.02155457213521004,1.0,0.25,0.0,0.0
000_030,0,30,RN_ROAD_00457,RN_NODE_00411,RN_NODE_00402,0,RN_ROAD_00457,RN_ROAD_00457,primary,['Lalbahadur Shashtri Marg'],87.68406882970186,road_line_intersected_raster_cells_all_touched,mapped,4,0.022686192765831947,0.013218380219768733,0.01989175844937563,1.0,0.25,0.0,0.0
000_030,0,30,RN_ROAD_00447,RN_NODE_00483,RN_NODE_00473,0,RN_ROAD_00447,RN_ROAD_00447,residential,['Pradeep Deshpande Path'],76.54612951029117,road_line_intersected_raster_cells_all_touched,mapped,4,0.0002532958169467747,7.056475351419067e-05,0.00018599603099573873,0.5,0.0,0.0,0.0
000_030,0,30,RN_ROAD_00448,RN_NODE_00483,RN_NODE_00481,0,RN_ROAD_00448,RN_ROAD_00448,tertiary,['Baburao Phule Path'],46.54619336879503,road_line_intersected_raster_cells_all_touched,mapped,4,0.0002532958169467747,0.00011154688763781451,0.0002351745919440873,0.5,0.0,0.0,0.0
000_030,0,30,RN_ROAD_00451,RN_NODE_00473,RN_NODE_00467,0,RN_ROAD_00451,RN_ROAD_00451,residential,['R. D. Khaniwale Path'],121.62995956819663,road_line_intersected_raster_cells_all_touched,mapped,7,0.0,0.0,0.0,0.0,0.0,0.0,0.0
000_030,0,30,RN_ROAD_00449,RN_NODE_00481,RN_NODE_00477,0,RN_ROAD_00449,RN_ROAD_00449,residential,,28.661201723806187,road_line_intersected_raster_cells_all_touched,mapped,2,0.0,0.0,0.0,0.0,0.0,0.0,0.0
000_030,0,30,RN_ROAD_00452,RN_NODE_00481,RN_NODE_00479,0,RN_ROAD_00452,RN_ROAD_00452,tertiary,['Baburao Phule Path'],74.58997696108264,road_line_intersected_raster_cells_all_touched,mapped,3,0.0,0.0,0.0,0.0,0.0,0.0,0.0
000_030,0,30,RN_ROAD_00474,RN_NODE_00467,RN_NODE_00479,0,RN_ROAD_00474,RN_ROAD_00474,residential,['Madanlal Dangi Path'],50.36408338670827,road_line_intersected_raster_cells_all_touched,mapped,3,0.0,0.0,0.0,0.0,0.0,0.0,0.0
000_030,0,30,RN_ROAD_00475,RN_NODE_00479,RN_NODE_00478,0,RN_ROAD_00475,RN_ROAD_00475,tertiary,['Baburao Phule Path'],68.19172798126247,road_line_intersected_raster_cells_all_touched,mapped,3,0.0,0.0,0.0,0.0,0.0,0.0,0.0
000_030,0,30,RN_ROAD_00460,RN_NODE_00402,RN_NODE_00416,0,RN_ROAD_00460,RN_ROAD_00460,residential,['Vishwasrao Himmatbahaddar Chavan Path'],45.69150205960466,road_line_intersected_raster_cells_all_touched,mapped,2,0.0036128179635852575,0.002463789947796613,0.0033830123604275284,1.0,0.0,0.0,0.0
000_030,0,30,RN_ROAD_00471,RN_NODE_00402,RN_NODE_00387,0,RN_ROAD_00471,RN_ROAD_00471,primary,['Lalbahadur Shashtri Marg'],135.2528321927307,road_line_intersected_raster_cells_all_touched,mapped,7,0.009193625301122665,0.005337353679351509,0.008737228997051717,1.0,0.0,0.0,0.0
000_030,0,30,RN_ROAD_00461,RN_NODE_00416,RN_NODE_00423,0,RN_ROAD_00461,RN_ROAD_00461,residential,['Vishwasrao Himmatbahaddar Chavan Path'],19.96035429863072,road_line_intersected_raster_cells_all_touched,mapped,2,0.0013147619320079684,0.0009353875939268619,0.001238887064391747,1.0,0.0,0.0,0.0
000_030,0,30,RN_ROAD_00462,RN_NODE_00436,RN_NODE_00423,0,RN_ROAD_00462,RN_ROAD_00462,residential,['Vishwasrao Himmatbahaddar Chavan Path'],23.589763046897893,road_line_intersected_raster_cells_all_touched,mapped,2,0.0005560132558457553,0.0004433618887560442,0.0005334829824278131,1.0,0.0,0.0,0.0
000_030,0,30,RN_ROAD_00463,RN_NODE_00436,RN_NODE_00461,0,RN_ROAD_00463,RN_ROAD_00463,residential,['Vishwasrao Himmatbahaddar Chavan Path'],71.26018059149224,road_line_intersected_raster_cells_all_touched,mapped,3,0.0003307105216663331,0.0002105623425450176,0.0003247637185268104,0.6666666666666666,0.0,0.0,0.0
000_030,0,30,RN_ROAD_00484,RN_NODE_00423,RN_NODE_00421,0,RN_ROAD_00484,RN_ROAD_00484,residential,['Vishwanath Mahadev Phule Path'],133.9052562918176,road_line_intersected_raster_cells_all_touched,mapped,7,0.001923404517583549,0.0008958378166425973,0.001726550003513694,1.0,0.0,0.0,0.0
000_030,0,30,RN_ROAD_00476,RN_NODE_00461,RN_NODE_00478,0,RN_ROAD_00476,RN_ROAD_00476,residential,['Vishwasrao Himmatbahaddar Chavan Path'],81.7819111117199,road_line_intersected_raster_cells_all_touched,mapped,4,0.0010130234295502305,0.0002532558573875576,0.0007091164006851616,0.25,0.0,0.0,0.0
000_030,0,30,RN_ROAD_00477,RN_NODE_00461,RN_NODE_00460,0,RN_ROAD_00477,RN_ROAD_00477,residential,,22.929729575729656,road_line_intersected_raster_cells_all_touched,mapped,2,0.0015302571700885892,0.0007651285850442946,0.0013772314530797302,0.5,0.0,0.0,0.0
000_030,0,30,RN_ROAD_00467,RN_NODE_00400,RN_NODE_00344,0,RN_ROAD_00467,RN_ROAD_00467,living_street,,164.3411147314753,road_line_intersected_raster_cells_all_touched,mapped,7,0.018914123997092247,0.00626718598817076,0.011356152966618543,1.0,0.0,0.0,0.0
000_030,0,30,RN_ROAD_00468,RN_NODE_00400,RN_NODE_00393,0,RN_ROAD_00468,RN_ROAD_00468,primary,['Lalbahadur Shashtri Marg'],81.2642520848542,road_line_intersected_raster_cells_all_touched,mapped,3,0.018914123997092247,0.011462940524021784,0.01697002425789833,1.0,0.0,0.0,0.0
000_030,0,30,RN_ROAD_00470,RN_NODE_00393,RN_NODE_00390,0,RN_ROAD_00470,RN_ROAD_00470,primary,['Lalbahadur Shashtri Marg'],30.03376256075307,road_line_intersected_raster_cells_all_touched,mapped,2,0.006281072273850441,0.005028242478147149,0.006030506314709782,1.0,0.0,0.0,0.0
000_030,0,30,RN_ROAD_00473,RN_NODE_00390,RN_NODE_00383,0,RN_ROAD_00473,RN_ROAD_00473,primary,['Lalbahadur Shashtri Marg'],64.96917422512529,road_line_intersected_raster_cells_all_touched,mapped,4,0.00843296479433775,0.004639963823137805,0.007320851925760508,1.0,0.0,0.0,0.0
000_030,0,30,RN_ROAD_00486,RN_NODE_00387,RN_NODE_00421,0,RN_ROAD_00486,RN_ROAD_00486,residential,['Vishwanath Mahadev Phule Path'],89.00137413042468,road_line_intersected_raster_cells_all_touched,mapped,5,0.00843296479433775,0.004162170435301959,0.007025236450135708,1.0,0.0,0.0,0.0
000_030,0,30,RN_ROAD_00597,RN_NODE_00387,RN_NODE_00383,0,RN_ROAD_00597,RN_ROAD_00597,residential,['Vishwanath Mahadev Phule Path'],13.132554076222565,road_line_intersected_raster_cells_all_touched,mapped,1,0.00843296479433775,0.00843296479433775,0.00843296479433775,1.0,0.0,0.0,0.0
000_030,0,30,RN_ROAD_00598,RN_NODE_00387,RN_NODE_00380,0,RN_ROAD_00598,RN_ROAD_00598,primary,['Lalbahadur Shashtri Marg'],95.89038736893353,road_line_intersected_raster_cells_all_touched,mapped,4,0.025572480633854866,0.015826093964278698,0.022818703018128873,1.0,0.25,0.0,0.0
000_030,0,30,RN_ROAD_00596,RN_NODE_00383,RN_NODE_00342,0,RN_ROAD_00596,RN_ROAD_00596,residential,,134.566479891982,road_line_intersected_raster_cells_all_touched,mapped,5,0.00843296479433775,0.0022987226897384972,0.00558101567439735,1.0,0.0,0.0,0.0
000_030,0,30,RN_ROAD_00599,RN_NODE_00383,RN_NODE_00375,0,RN_ROAD_00599,RN_ROAD_00599,primary,['Lalbahadur Shashtri Marg'],87.97317194069409,road_line_intersected_raster_cells_all_touched,mapped,5,0.025572480633854866,0.01624780595302582,0.02251734994351864,1.0,0.2,0.0,0.0
000_030,0,30,RN_ROAD_00478,RN_NODE_00478,RN_NODE_00476,0,RN_ROAD_00478,RN_ROAD_00478,tertiary,['Baburao Phule Path'],82.40688144646668,road_line_intersected_raster_cells_all_touched,mapped,5,0.016220157966017723,0.004024477361235767,0.010497940098866822,0.8,0.0,0.0,0.0
000_030,0,30,RN_ROAD_00479,RN_NODE_00476,RN_NODE_00466,0,RN_ROAD_00479,RN_ROAD_00479,residential,,43.009772517146956,road_line_intersected_raster_cells_all_touched,mapped,2,0.016220157966017723,0.011840806808322668,0.015344287734478712,1.0,0.0,0.0,0.0
000_030,0,30,RN_ROAD_00480,RN_NODE_00476,RN_NODE_00475,0,RN_ROAD_00480,RN_ROAD_00480,tertiary,['Baburao Phule Path'],57.324997418681235,road_line_intersected_raster_cells_all_touched,mapped,3,0.09126277267932892,0.054581637804706894,0.08426261469721794,1.0,0.6666666666666666,0.0,0.0
000_030,0,30,RN_ROAD_00483,RN_NODE_00475,RN_NODE_00470,0,RN_ROAD_00483,RN_ROAD_00483,residential,['Vishwanath Mahadev Phule Path'],21.353698598834608,road_line_intersected_raster_cells_all_touched,mapped,2,0.09126277267932892,0.05707844067364931,0.08442590627819299,1.0,1.0,0.0,0.0
000_030,0,30,RN_ROAD_00594,RN_NODE_00475,RN_NODE_00474,0,RN_ROAD_00594,RN_ROAD_00594,tertiary,['Baburao Phule Path'],28.69165843571568,road_line_intersected_raster_cells_all_touched,mapped,1,0.09126277267932892,0.09126277267932892,0.09126277267932892,1.0,1.0,0.0,0.0
000_030,0,30,RN_ROAD_00481,RN_NODE_00471,RN_NODE_00470,0,RN_ROAD_00481,RN_ROAD_00481,residential,,34.541271597331985,road_line_intersected_raster_cells_all_touched,mapped,2,0.022894108667969704,0.022806997410953045,0.022876686416566372,1.0,1.0,0.0,0.0
000_030,0,30,RN_ROAD_00482,RN_NODE_00470,RN_NODE_00458,0,RN_ROAD_00482,RN_ROAD_00482,residential,['Vishwanath Mahadev Phule Path'],41.428757139059755,road_line_intersected_raster_cells_all_touched,mapped,2,0.022894108667969704,0.016281829681247473,0.021571652870625256,1.0,0.5,0.0,0.0
000_030,0,30,RN_ROAD_00489,RN_NODE_00458,RN_NODE_00445,0,RN_ROAD_00489,RN_ROAD_00489,residential,['Vishwanath Mahadev Phule Path'],43.372933928021475,road_line_intersected_raster_cells_all_touched,mapped,3,0.009669550694525242,0.006711750756949186,0.009006887674331665,1.0,0.0,0.0,0.0
000_030,0,30,RN_ROAD_00491,RN_NODE_00458,RN_NODE_00457,0,RN_ROAD_00491,RN_ROAD_00491,residential,['Vishwanath Mahadev Phule Path'],47.16485696932285,road_line_intersected_raster_cells_all_touched,mapped,3,0.03491968289017677,0.02115559298545122,0.03171125538647175,1.0,0.3333333333333333,0.0,0.0
000_030,0,30,RN_ROAD_00487,RN_NODE_00421,RN_NODE_00442,0,RN_ROAD_00487,RN_ROAD_00487,residential,['Vishwanath Mahadev Phule Path'],51.35203397291668,road_line_intersected_raster_cells_all_touched,mapped,3,0.004109465982764959,0.0031106423508996763,0.003947384096682072,1.0,0.0,0.0,0.0
000_030,0,30,RN_ROAD_00490,RN_NODE_00421,RN_NODE_00418,0,RN_ROAD_00490,RN_ROAD_00490,residential,,46.14214901544006,road_line_intersected_raster_cells_all_touched,mapped,2,0.001923404517583549,0.001597437891177833,0.0018582111923024058,1.0,0.0,0.0,0.0
000_030,0,30,RN_ROAD_00485,RN_NODE_00446,RN_NODE_00445,0,RN_ROAD_00485,RN_ROAD_00485,residential,,36.19906931731336,road_line_intersected_raster_cells_all_touched,mapped,2,0.004109465982764959,0.0028822701424360275,0.003864026814699173,1.0,0.0,0.0,0.0
000_030,0,30,RN_ROAD_00488,RN_NODE_00445,RN_NODE_00442,0,RN_ROAD_00488,RN_ROAD_00488,residential,['Vishwanath Mahadev Phule Path'],5.936139407664445,road_line_intersected_raster_cells_all_touched,mapped,1,0.004109465982764959,0.004109465982764959,0.004109465982764959,1.0,0.0,0.0,0.0
000_030,0,30,RN_ROAD_00492,RN_NODE_00442,RN_NODE_00440,0,RN_ROAD_00492,RN_ROAD_00492,residential,,58.178094656387266,road_line_intersected_raster_cells_all_touched,mapped,3,0.004109465982764959,0.0034472860861569643,0.003961951751261949,1.0,0.0,0.0,0.0
000_030,0,30,RN_ROAD_00493,RN_NODE_00455,RN_NODE_00453,0,RN_ROAD_00493,RN_ROAD_00493,residential,,30.918971372978657,road_line_intersected_raster_cells_all_touched,mapped,2,0.00988056231290102,0.008590885903686285,0.009622627031058073,1.0,0.0,0.0,0.0
000_030,0,30,RN_ROAD_00494,RN_NODE_00012,RN_NODE_00006,0,RN_ROAD_00494,RN_ROAD_00494,tertiary,['Gulwani Maharaj Path'],42.8285125913505,road_line_intersected_raster_cells_all_touched,mapped,3,0.002268170239403844,0.0017199000964562099,0.002190484828315675,1.0,0.0,0.0,0.0
000_030,0,30,RN_ROAD_00496,RN_NODE_00012,RN_NODE_00011,0,RN_ROAD_00496,RN_ROAD_00496,residential,['Shramasafalya Society Road'],6.988515553938803,road_line_intersected_raster_cells_all_touched,mapped,2,0.003022101940587163,0.002016944403294474,0.002821070433128625,1.0,0.0,0.0,0.0
000_030,0,30,RN_ROAD_00500,RN_NODE_00012,RN_NODE_00017,0,RN_ROAD_00500,RN_ROAD_00500,tertiary,['Gulwani Maharaj Path'],42.45967987531039,road_line_intersected_raster_cells_all_touched,mapped,3,0.004263636190444231,0.0027658416656777263,0.004015329340472817,1.0,0.0,0.0,0.0
000_030,0,30,RN_ROAD_00495,RN_NODE_00005,RN_NODE_00011,0,RN_ROAD_00495,RN_ROAD_00495,tertiary,['Gulwani Maharaj Path'],38.274991653769185,road_line_intersected_raster_cells_all_touched,mapped,3,0.003022101940587163,0.0019712106635173163,0.0027936301892623307,1.0,0.0,0.0,0.0
000_030,0,30,RN_ROAD_00501,RN_NODE_00011,RN_NODE_00016,0,RN_ROAD_00501,RN_ROAD_00501,tertiary,['Gulwani Maharaj Path'],43.8042330338447,road_line_intersected_raster_cells_all_touched,mapped,3,0.013146591372787952,0.006810776501273115,0.011370000336319208,1.0,0.0,0.0,0.0
000_030,0,30,RN_ROAD_00508,RN_NODE_00011,RN_NODE_00010,0,RN_ROAD_00508,RN_ROAD_00508,residential,['Shramasafalya Society Road'],86.54621941414499,road_line_intersected_raster_cells_all_touched,mapped,3,0.00715590501204133,0.004243378449852268,0.006329144397750497,1.0,0.0,0.0,0.0
000_030,0,30,RN_ROAD_00499,RN_NODE_00036,RN_NODE_00039,0,RN_ROAD_00499,RN_ROAD_00499,residential,,22.301565943594664,road_line_intersected_raster_cells_all_touched,mapped,3,0.020348889753222466,0.014044972757498423,0.018688837811350823,1.0,0.3333333333333333,0.0,0.0
000_030,0,30,RN_ROAD_00505,RN_NODE_00036,RN_NODE_00023,0,RN_ROAD_00505,RN_ROAD_00505,residential,,54.02351430842665,road_line_intersected_raster_cells_all_touched,mapped,3,0.03959003835916519,0.030164053042729694,0.03778267689049244,1.0,1.0,0.0,0.0
000_030,0,30,RN_ROAD_00509,RN_NODE_00036,RN_NODE_00034,0,RN_ROAD_00509,RN_ROAD_00509,residential,,110.59063402340144,road_line_intersected_raster_cells_all_touched,mapped,5,0.03277239948511124,0.021592780575156213,0.030478008836507798,1.0,0.6,0.0,0.0
000_030,0,30,RN_ROAD_00504,RN_NODE_00017,RN_NODE_00016,0,RN_ROAD_00504,RN_ROAD_00504,tertiary,['Imambhai Shekh Path'],7.192496022473638,road_line_intersected_raster_cells_all_touched,mapped,2,0.013146591372787952,0.008705113781616092,0.01225829585455358,1.0,0.0,0.0,0.0
000_030,0,30,RN_ROAD_00506,RN_NODE_00017,RN_NODE_00020,0,RN_ROAD_00506,RN_ROAD_00506,tertiary,['Gulwani Maharaj Path'],32.841819270007306,road_line_intersected_raster_cells_all_touched,mapped,3,0.03055323101580143,0.015987819526344538,0.027071903087198736,1.0,0.3333333333333333,0.0,0.0
000_030,0,30,RN_ROAD_00507,RN_NODE_00016,RN_NODE_00019,0,RN_ROAD_00507,RN_ROAD_00507,tertiary,['Gulwani Maharaj Path'],31.00075468075208,road_line_intersected_raster_cells_all_touched,mapped,2,0.03055323101580143,0.02184991119429469,0.028812567051500083,1.0,0.5,0.0,0.0
000_030,0,30,RN_ROAD_00503,RN_NODE_00004,RN_NODE_00003,0,RN_ROAD_00503,RN_ROAD_00503,residential,,32.28406437020715,road_line_intersected_raster_cells_all_touched,mapped,2,0.006807719357311726,0.0042638282175175846,0.006298941129352897,1.0,0.0,0.0,0.0
000_030,0,30,RN_ROAD_00511,RN_NODE_00023,RN_NODE_00020,0,RN_ROAD_00511,RN_ROAD_00511,tertiary,['Gulwani Maharaj Path'],7.242539992536353,road_line_intersected_raster_cells_all_touched,mapped,1,0.03055323101580143,0.03055323101580143,0.03055323101580143,1.0,1.0,0.0,0.0
000_030,0,30,RN_ROAD_00513,RN_NODE_00023,RN_NODE_00021,0,RN_ROAD_00513,RN_ROAD_00513,residential,,6.983165191134959,road_line_intersected_raster_cells_all_touched,mapped,1,0.03055323101580143,0.03055323101580143,0.03055323101580143,1.0,1.0,0.0,0.0
000_030,0,30,RN_ROAD_00514,RN_NODE_00023,RN_NODE_00034,0,RN_ROAD_00514,RN_ROAD_00514,tertiary,['Gulwani Maharaj Path'],34.96737715662887,road_line_intersected_raster_cells_all_touched,mapped,3,0.03055323101580143,0.01898052574445804,0.027594096958637238,1.0,0.3333333333333333,0.0,0.0
000_030,0,30,RN_ROAD_00510,RN_NODE_00020,RN_NODE_00019,0,RN_ROAD_00510,RN_ROAD_00510,residential,,6.983467125765223,road_line_intersected_raster_cells_all_touched,mapped,1,0.03055323101580143,0.03055323101580143,0.03055323101580143,1.0,1.0,0.0,0.0
000_030,0,30,RN_ROAD_00512,RN_NODE_00019,RN_NODE_00021,0,RN_ROAD_00512,RN_ROAD_00512,tertiary,['Gulwani Maharaj Path'],7.227252123885603,road_line_intersected_raster_cells_all_touched,mapped,1,0.03055323101580143,0.03055323101580143,0.03055323101580143,1.0,1.0,0.0,0.0
000_030,0,30,RN_ROAD_00517,RN_NODE_00019,RN_NODE_00018,0,RN_ROAD_00517,RN_ROAD_00517,residential,,64.14110905468871,road_line_intersected_raster_cells_all_touched,mapped,4,0.03055323101580143,0.015074963332153857,0.02533123912289739,1.0,0.25,0.0,0.0
000_030,0,30,RN_ROAD_00516,RN_NODE_00034,RN_NODE_00027,0,RN_ROAD_00516,RN_ROAD_00516,residential,,7.010767954611743,road_line_intersected_raster_cells_all_touched,mapped,1,0.01575756072998047,0.01575756072998047,0.01575756072998047,1.0,0.0,0.0,0.0
000_030,0,30,RN_ROAD_00518,RN_NODE_00034,RN_NODE_00057,0,RN_ROAD_00518,RN_ROAD_00518,tertiary,['Gulwani Maharaj Path'],137.5377317476224,road_line_intersected_raster_cells_all_touched,mapped,7,0.02398066595196724,0.012490269212451364,0.023480839654803277,1.0,0.2857142857142857,0.0,0.0
000_030,0,30,RN_ROAD_00515,RN_NODE_00021,RN_NODE_00027,0,RN_ROAD_00515,RN_ROAD_00515,tertiary,['Gulwani Maharaj Path'],34.40198774129008,road_line_intersected_raster_cells_all_touched,mapped,3,0.03055323101580143,0.01898052574445804,0.027594096958637238,1.0,0.3333333333333333,0.0,0.0
000_030,0,30,RN_ROAD_00519,RN_NODE_00027,RN_NODE_00055,0,RN_ROAD_00519,RN_ROAD_00519,tertiary,['Gulwani Maharaj Path'],139.24373942661734,road_line_intersected_raster_cells_all_touched,mapped,7,0.02398066595196724,0.014630850870162249,0.023480839654803277,1.0,0.2857142857142857,0.0,0.0
000_030,0,30,RN_ROAD_00521,RN_NODE_00057,RN_NODE_00055,0,RN_ROAD_00521,RN_ROAD_00521,residential,,6.9826804461109715,road_line_intersected_raster_cells_all_touched,mapped,1,0.005050333682447672,0.005050333682447672,0.005050333682447672,1.0,0.0,0.0,0.0
000_030,0,30,RN_ROAD_00554,RN_NODE_00057,RN_NODE_00063,0,RN_ROAD_00554,RN_ROAD_00554,tertiary,['Gulwani Maharaj Path'],61.83276020804142,road_line_intersected_raster_cells_all_touched,mapped,4,0.006206257734447718,0.004699380660895258,0.005998791102319956,1.0,0.0,0.0,0.0
000_030,0,30,RN_ROAD_00522,RN_NODE_00055,RN_NODE_00009,0,RN_ROAD_00522,RN_ROAD_00522,residential,,202.98961960729056,road_line_intersected_raster_cells_all_touched,mapped,8,0.020472588017582893,0.01274119975278154,0.01898437049239874,1.0,0.125,0.0,0.0
000_030,0,30,RN_ROAD_00555,RN_NODE_00055,RN_NODE_00062,0,RN_ROAD_00555,RN_ROAD_00555,tertiary,['Gulwani Maharaj Path'],63.005569179776785,road_line_intersected_raster_cells_all_touched,mapped,4,0.006477062590420246,0.00581208907533437,0.006395821133628488,1.0,0.0,0.0,0.0
000_030,0,30,RN_ROAD_00520,RN_NODE_00009,RN_NODE_00002,0,RN_ROAD_00520,RN_ROAD_00520,residential,,41.31404716190531,road_line_intersected_raster_cells_all_touched,mapped,1,0.0029735583811998367,0.0029735583811998367,0.0029735583811998367,1.0,0.0,0.0,0.0
000_030,0,30,RN_ROAD_00523,RN_NODE_00009,RN_NODE_00008,0,RN_ROAD_00523,RN_ROAD_00523,residential,,12.441899887466713,road_line_intersected_raster_cells_all_touched,mapped,2,0.0029735583811998367,0.0018890190112870187,0.002756650507217273,1.0,0.0,0.0,0.0
000_030,0,30,RN_ROAD_00556,RN_NODE_00008,RN_NODE_00001,0,RN_ROAD_00556,RN_ROAD_00556,residential,,43.988610861901286,road_line_intersected_raster_cells_all_touched,mapped,2,0.0008044796413742006,0.0004891754069831222,0.0007414187944959849,1.0,0.0,0.0,0.0
000_030,0,30,RN_ROAD_00557,RN_NODE_00008,RN_NODE_00013,0,RN_ROAD_00557,RN_ROAD_00557,residential,,83.46063841947745,road_line_intersected_raster_cells_all_touched,mapped,4,0.0008044796413742006,0.00039646629011258483,0.0007100309245288372,1.0,0.0,0.0,0.0
000_030,0,30,RN_ROAD_00528,RN_NODE_00169,RN_NODE_00170,0,RN_ROAD_00528,RN_ROAD_00528,residential,,26.96845598273519,road_line_intersected_raster_cells_all_touched,mapped,2,0.0025994982570409775,0.0021665231906808913,0.0025129032437689602,1.0,0.0,0.0,0.0
000_030,0,30,RN_ROAD_00530,RN_NODE_00159,RN_NODE_00182,0,RN_ROAD_00530,RN_ROAD_00530,residential,,49.242204549989836,road_line_intersected_raster_cells_all_touched,mapped,2,0.007757614366710186,0.004900843952782452,0.007186260283924639,1.0,0.0,0.0,0.0
000_030,0,30,RN_ROAD_00531,RN_NODE_00159,RN_NODE_00131,0,RN_ROAD_00531,RN_ROAD_00531,residential,,71.74036240348227,road_line_intersected_raster_cells_all_touched,mapped,4,0.002044073538854718,0.0013468208344420418,0.0019777987035922706,1.0,0.0,0.0,0.0
000_030,0,30,RN_ROAD_00532,RN_NODE_00159,RN_NODE_00160,0,RN_ROAD_00532,RN_ROAD_00532,residential,,44.15789584900035,road_line_intersected_raster_cells_all_touched,mapped,2,0.0022554409224539995,0.002149757230654359,0.0022343041840940715,1.0,0.0,0.0,0.0
000_030,0,30,RN_ROAD_00533,RN_NODE_00160,RN_NODE_00181,0,RN_ROAD_00533,RN_ROAD_00533,residential,,46.16862330443982,road_line_intersected_raster_cells_all_touched,mapped,2,0.005274095106869936,0.0037647680146619678,0.004972229688428342,1.0,0.0,0.0,0.0
000_030,0,30,RN_ROAD_00544,RN_NODE_00160,RN_NODE_00133,0,RN_ROAD_00544,RN_ROAD_00544,residential,,70.15361406693266,road_line_intersected_raster_cells_all_touched,mapped,4,0.0022554409224539995,0.001427306873665657,0.002219050540588796,1.0,0.0,0.0,0.0
000_030,0,30,RN_ROAD_00545,RN_NODE_00160,RN_NODE_00161,0,RN_ROAD_00545,RN_ROAD_00545,residential,,41.14857876089963,road_line_intersected_raster_cells_all_touched,mapped,3,0.003293425077572465,0.0021296404496145747,0.003085828246548772,1.0,0.0,0.0,0.0
000_030,0,30,RN_ROAD_00534,RN_NODE_00089,RN_NODE_00085,0,RN_ROAD_00534,RN_ROAD_00534,residential,,27.759811584576703,road_line_intersected_raster_cells_all_touched,mapped,2,0.0010164849227294326,0.0006628629635088146,0.0009457605308853089,1.0,0.0,0.0,0.0
000_030,0,30,RN_ROAD_00538,RN_NODE_00085,RN_NODE_00093,0,RN_ROAD_00538,RN_ROAD_00538,residential,,25.9033233881176,road_line_intersected_raster_cells_all_touched,mapped,2,0.003764161141589284,0.0020367010729387403,0.003418669127859175,1.0,0.0,0.0,0.0
000_030,0,30,RN_ROAD_00542,RN_NODE_00064,RN_NODE_00063,0,RN_ROAD_00542,RN_ROAD_00542,tertiary,['Gulwani Maharaj Path'],13.296628666610653,road_line_intersected_raster_cells_all_touched,mapped,2,0.005514702294021845,0.003247775137424469,0.005061316862702369,1.0,0.0,0.0,0.0
000_030,0,30,RN_ROAD_00558,RN_NODE_00064,RN_NODE_00060,0,RN_ROAD_00558,RN_ROAD_00558,secondary,['Amrutrao Khilare Path'],139.93713144357974,road_line_intersected_raster_cells_all_touched,mapped,7,0.009348563849925995,0.004259661268276561,0.009033583663403988,1.0,0.0,0.0,0.0
000_030,0,30,RN_ROAD_00564,RN_NODE_00064,RN_NODE_00062,0,RN_ROAD_00564,RN_ROAD_00564,tertiary,['Gulwani Maharaj Path'],15.765751341295015,road_line_intersected_raster_cells_all_touched,mapped,2,0.005514702294021845,0.003247775137424469,0.005061316862702369,1.0,0.0,0.0,0.0
000_030,0,30,RN_ROAD_00565,RN_NODE_00064,RN_NODE_00065,0,RN_ROAD_00565,RN_ROAD_00565,residential,,35.965093906912095,road_line_intersected_raster_cells_all_touched,mapped,2,0.0009808479808270931,0.0005922186173847876,0.0009031221081386321,1.0,0.0,0.0,0.0
000_030,0,30,RN_ROAD_00540,RN_NODE_00072,RN_NODE_00077,0,RN_ROAD_00540,RN_ROAD_00540,residential,,73.58795605910393,road_line_intersected_raster_cells_all_touched,mapped,4,0.0014190213987603784,0.0008135826265061041,0.0012620914436411114,1.0,0.0,0.0,0.0
000_030,0,30,RN_ROAD_00541,RN_NODE_00072,RN_NODE_00073,0,RN_ROAD_00541,RN_ROAD_00541,residential,['Gangaram Dhanvat Path'],31.66509960770544,road_line_intersected_raster_cells_all_touched,mapped,2,0.000538223423063755,0.00030874965523253195,0.0004923286694975104,1.0,0.0,0.0,0.0
000_030,0,30,RN_ROAD_00543,RN_NODE_00063,RN_NODE_00062,0,RN_ROAD_00543,RN_ROAD_00543,secondary,['Amrutrao Khilare Path'],5.440303004341488,road_line_intersected_raster_cells_all_touched,mapped,1,0.005514702294021845,0.005514702294021845,0.005514702294021845,1.0,0.0,0.0,0.0
000_030,0,30,RN_ROAD_00567,RN_NODE_00077,RN_NODE_00080,0,RN_ROAD_00567,RN_ROAD_00567,residential,,101.71214144917526,road_line_intersected_raster_cells_all_touched,mapped,5,0.002853678772225976,0.001548831502441317,0.002472069161012769,1.0,0.0,0.0,0.0
000_030,0,30,RN_ROAD_00569,RN_NODE_00077,RN_NODE_00075,0,RN_ROAD_00569,RN_ROAD_00569,residential,,112.99827839520864,road_line_intersected_raster_cells_all_touched,mapped,6,0.001437666593119502,0.0008870491777391484,0.0011707751255016774,1.0,0.0,0.0,0.0
000_030,0,30,RN_ROAD_00566,RN_NODE_00073,RN_NODE_00065,0,RN_ROAD_00566,RN_ROAD_00566,residential,,88.39093749500239,road_line_intersected_raster_cells_all_touched,mapped,3,0.000538223423063755,0.000363532206392847,0.0005003355268854648,1.0,0.0,0.0,0.0
000_030,0,30,RN_ROAD_00570,RN_NODE_00073,RN_NODE_00074,0,RN_ROAD_00570,RN_ROAD_00570,residential,['Gangaram Dhanvat Path'],85.39203546796787,road_line_intersected_raster_cells_all_touched,mapped,4,0.002179133938625455,0.0011011644382961094,0.0018323054886423052,1.0,0.0,0.0,0.0
000_030,0,30,RN_ROAD_00568,RN_NODE_00062,RN_NODE_00061,0,RN_ROAD_00568,RN_ROAD_00568,secondary,['Amrutrao Khilare Path'],70.52753780674752,road_line_intersected_raster_cells_all_touched,mapped,4,0.008823596872389317,0.005374912521801889,0.007830928498879076,1.0,0.0,0.0,0.0
000_030,0,30,RN_ROAD_00546,RN_NODE_00161,RN_NODE_00135,0,RN_ROAD_00546,RN_ROAD_00546,residential,,58.21174425169593,road_line_intersected_raster_cells_all_touched,mapped,3,0.0008400553488172591,0.0005026998987887055,0.0007545390690211207,1.0,0.0,0.0,0.0
000_030,0,30,RN_ROAD_00547,RN_NODE_00161,RN_NODE_00184,0,RN_ROAD_00547,RN_ROAD_00547,residential,,59.52396858604021,road_line_intersected_raster_cells_all_touched,mapped,5,0.007112703751772642,0.0038808908429928124,0.006684950459748507,1.0,0.0,0.0,0.0
000_030,0,30,RN_ROAD_00548,RN_NODE_00161,RN_NODE_00162,0,RN_ROAD_00548,RN_ROAD_00548,residential,,43.52759274574052,road_line_intersected_raster_cells_all_touched,mapped,2,0.0008400553488172591,0.0006854308012407273,0.0008091304393019527,1.0,0.0,0.0,0.0
000_030,0,30,RN_ROAD_00549,RN_NODE_00162,RN_NODE_00192,0,RN_ROAD_00549,RN_ROAD_00549,residential,,64.37362164101229,road_line_intersected_raster_cells_all_touched,mapped,3,0.004839885048568249,0.002142229350283742,0.004083107388578355,1.0,0.0,0.0,0.0
000_030,0,30,RN_ROAD_00550,RN_NODE_00162,RN_NODE_00143,0,RN_ROAD_00550,RN_ROAD_00550,residential,,40.817344900923175,road_line_intersected_raster_cells_all_touched,mapped,3,0.0005308062536641955,0.00022503207825745145,0.00044604785798583183,1.0,0.0,0.0,0.0
000_030,0,30,RN_ROAD_00551,RN_NODE_00162,RN_NODE_00163,0,RN_ROAD_00551,RN_ROAD_00551,residential,,41.39157416787474,road_line_intersected_raster_cells_all_touched,mapped,2,0.0005308062536641955,0.0004993401962565258,0.0005245130421826615,1.0,0.0,0.0,0.0
000_030,0,30,RN_ROAD_00552,RN_NODE_00163,RN_NODE_00148,0,RN_ROAD_00552,RN_ROAD_00552,residential,,29.88852414830567,road_line_intersected_raster_cells_all_touched,mapped,2,0.0005698707536794245,0.0005188724462641403,0.0005596710921963677,1.0,0.0,0.0,0.0
000_030,0,30,RN_ROAD_00553,RN_NODE_00163,RN_NODE_00196,0,RN_ROAD_00553,RN_ROAD_00553,residential,,67.04065348407521,road_line_intersected_raster_cells_all_touched,mapped,3,0.0023095232900232077,0.0010920465671612571,0.0019473670865409077,1.0,0.0,0.0,0.0
000_030,0,30,RN_ROAD_00609,RN_NODE_00163,RN_NODE_00189,0,RN_ROAD_00609,RN_ROAD_00609,residential,,102.89476584709024,road_line_intersected_raster_cells_all_touched,mapped,5,0.003217223333194852,0.0011555284203495831,0.002295438130386174,1.0,0.0,0.0,0.0
000_030,0,30,RN_ROAD_00563,RN_NODE_00060,RN_NODE_00056,0,RN_ROAD_00563,RN_ROAD_00563,secondary,['Keshavrao Sadoba Padale Chowk'],13.515402583682846,road_line_intersected_raster_cells_all_touched,mapped,2,0.000502918497659266,0.00044965783308725804,0.0004922663647448644,1.0,0.0,0.0,0.0
000_030,0,30,RN_ROAD_00576,RN_NODE_00060,RN_NODE_00059,0,RN_ROAD_00576,RN_ROAD_00576,secondary,['Keshavrao Sadoba Padale Chowk'],5.39808589718017,road_line_intersected_raster_cells_all_touched,mapped,1,0.0003963971685152501,0.0003963971685152501,0.0003963971685152501,1.0,0.0,0.0,0.0
000_030,0,30,RN_ROAD_00559,RN_NODE_00014,RN_NODE_00061,0,RN_ROAD_00559,RN_ROAD_00559,residential,['Theerthankar Vasupujya Swami Marg'],207.24278569203318,road_line_intersected_raster_cells_all_touched,mapped,8,0.002725629135966301,0.0009306138927058782,0.0016424197005107995,1.0,0.0,0.0,0.0
000_030,0,30,RN_ROAD_00560,RN_NODE_00061,RN_NODE_00056,0,RN_ROAD_00560,RN_ROAD_00560,secondary,['Amrutrao Khilare Path'],61.492190964871924,road_line_intersected_raster_cells_all_touched,mapped,4,0.002725629135966301,0.001413209094607737,0.00251630786806345,1.0,0.0,0.0,0.0
000_030,0,30,RN_ROAD_00562,RN_NODE_00056,RN_NODE_00054,0,RN_ROAD_00562,RN_ROAD_00562,secondary,['Keshavrao Sadoba Padale Chowk'],5.410139302658532,road_line_intersected_raster_cells_all_touched,mapped,1,0.000502918497659266,0.000502918497659266,0.000502918497659266,1.0,0.0,0.0,0.0
000_030,0,30,RN_ROAD_00561,RN_NODE_00031,RN_NODE_00046,0,RN_ROAD_00561,RN_ROAD_00561,residential,['Shankarrao Joshi Path'],60.005988546510665,road_line_intersected_raster_cells_all_touched,mapped,3,0.00010926953109446913,8.239412272814661e-05,0.00010213730565737933,1.0,0.0,0.0,0.0
000_030,0,30,RN_ROAD_00577,RN_NODE_00031,RN_NODE_00028,0,RN_ROAD_00577,RN_ROAD_00577,residential,['Shankarrao Joshi Path'],0.5795982088234387,road_line_intersected_raster_cells_all_touched,mapped,1,6.430443318095058e-05,6.430443318095058e-05,6.430443318095058e-05,1.0,0.0,0.0,0.0
000_030,0,30,RN_ROAD_00580,RN_NODE_00031,RN_NODE_00030,0,RN_ROAD_00580,RN_ROAD_00580,residential,,0.3967736106851837,road_line_intersected_raster_cells_all_touched,mapped,1,6.430443318095058e-05,6.430443318095058e-05,6.430443318095058e-05,1.0,0.0,0.0,0.0
000_030,0,30,RN_ROAD_00574,RN_NODE_00046,RN_NODE_00054,0,RN_ROAD_00574,RN_ROAD_00574,residential,['Shankarrao Joshi Path'],42.881738794034206,road_line_intersected_raster_cells_all_touched,mapped,2,0.000502918497659266,0.00030609401437686756,0.0004635536010027863,1.0,0.0,0.0,0.0
000_030,0,30,RN_ROAD_00581,RN_NODE_00046,RN_NODE_00044,0,RN_ROAD_00581,RN_ROAD_00581,residential,,36.766391024180386,road_line_intersected_raster_cells_all_touched,mapped,3,0.00012027147749904543,8.491262815368827e-05,0.00011807108821813018,1.0,0.0,0.0,0.0
000_030,0,30,RN_ROAD_00575,RN_NODE_00054,RN_NODE_00053,0,RN_ROAD_00575,RN_ROAD_00575,secondary,['Keshavrao Sadoba Padale Chowk'],5.384491161976374,road_line_intersected_raster_cells_all_touched,mapped,1,0.000502918497659266,0.000502918497659266,0.000502918497659266,1.0,0.0,0.0,0.0
000_030,0,30,RN_ROAD_00571,RN_NODE_00065,RN_NODE_00074,0,RN_ROAD_00571,RN_ROAD_00571,residential,,114.22292169782816,road_line_intersected_raster_cells_all_touched,mapped,6,0.002179133938625455,0.0009333358636164727,0.001601086521986872,1.0,0.0,0.0,0.0
000_030,0,30,RN_ROAD_00572,RN_NODE_00080,RN_NODE_00091,0,RN_ROAD_00572,RN_ROAD_00572,residential,,30.22855226126164,road_line_intersected_raster_cells_all_touched,mapped,2,0.005429232958704233,0.004141455865465105,0.005171677540056407,1.0,0.0,0.0,0.0
000_030,0,30,RN_ROAD_00573,RN_NODE_00080,RN_NODE_00081,0,RN_ROAD_00573,RN_ROAD_00573,residential,,48.659667273090214,road_line_intersected_raster_cells_all_touched,mapped,2,0.002853678772225976,0.0022312026703730226,0.002729183551855385,1.0,0.0,0.0,0.0
000_030,0,30,RN_ROAD_00584,RN_NODE_00074,RN_NODE_00087,0,RN_ROAD_00584,RN_ROAD_00584,residential,['Gangaram Dhanvat Path'],150.95288944080505,road_line_intersected_raster_cells_all_touched,mapped,9,0.002179133938625455,0.0005091962671536345,0.0012034670915454628,0.8888888888888888,0.0,0.0,0.0
000_030,0,30,RN_ROAD_00578,RN_NODE_00053,RN_NODE_00058,0,RN_ROAD_00578,RN_ROAD_00578,secondary,['Keshavrao Sadoba Padale Chowk'],13.518326852438197,road_line_intersected_raster_cells_all_touched,mapped,2,0.0005600685835815966,0.0005314935406204313,0.0005543535749893636,1.0,0.0,0.0,0.0
000_030,0,30,RN_ROAD_00582,RN_NODE_00053,RN_NODE_00049,0,RN_ROAD_00582,RN_ROAD_00582,secondary,['Amrutrao Khilare Path'],58.77131978587884,road_line_intersected_raster_cells_all_touched,mapped,4,0.0005600685835815966,0.00033356930089212256,0.0005429235578048974,1.0,0.0,0.0,0.0
000_030,0,30,RN_ROAD_00579,RN_NODE_00059,RN_NODE_00058,0,RN_ROAD_00579,RN_ROAD_00579,secondary,['Keshavrao Sadoba Padale Chowk'],5.395050967995674,road_line_intersected_raster_cells_all_touched,mapped,3,0.0005600685835815966,0.0004322801639015476,0.0005273343005683274,1.0,0.0,0.0,0.0
000_030,0,30,RN_ROAD_00586,RN_NODE_00059,RN_NODE_00076,0,RN_ROAD_00586,RN_ROAD_00586,tertiary,['Kashibai Amrutrao Khilare Path'],269.4592788008161,road_line_intersected_raster_cells_all_touched,mapped,13,0.0004436481394805014,0.00020767147501688809,0.000412315659923479,0.7692307692307693,0.0,0.0,0.0
000_030,0,30,RN_ROAD_00583,RN_NODE_00058,RN_NODE_00052,0,RN_ROAD_00583,RN_ROAD_00583,secondary,['Amrutrao Khilare Path'],61.846162077050124,road_line_intersected_raster_cells_all_touched,mapped,2,0.0005600685835815966,0.000385482439014595,0.0005251513546681962,1.0,0.0,0.0,0.0
000_030,0,30,RN_ROAD_00585,RN_NODE_00087,RN_NODE_00097,0,RN_ROAD_00585,RN_ROAD_00585,residential,['Patil Regency Internal Road'],84.39089320427311,road_line_intersected_raster_cells_all_touched,mapped,5,4.746329068439081e-06,9.492658136878163e-07,2.847797441063449e-06,0.2,0.0,0.0,0.0
000_030,0,30,RN_ROAD_00587,RN_NODE_00087,RN_NODE_00076,0,RN_ROAD_00587,RN_ROAD_00587,residential,['Gangaram Dhanvat Path'],60.675276322509475,road_line_intersected_raster_cells_all_touched,mapped,3,2.3927119400468655e-05,7.975706466822885e-06,1.9141695520374925e-05,0.3333333333333333,0.0,0.0,0.0
000_030,0,30,RN_ROAD_00589,RN_NODE_00076,RN_NODE_00094,0,RN_ROAD_00589,RN_ROAD_00589,tertiary,['Kashibai Amrutrao Khilare Path'],87.78838652884335,road_line_intersected_raster_cells_all_touched,mapped,5,0.0,0.0,0.0,0.0,0.0,0.0,0.0
000_030,0,30,RN_ROAD_00593,RN_NODE_00076,RN_NODE_00070,0,RN_ROAD_00593,RN_ROAD_00593,residential,,124.94624191224,road_line_intersected_raster_cells_all_touched,mapped,7,0.0,0.0,0.0,0.0,0.0,0.0,0.0
000_030,0,30,RN_ROAD_00588,RN_NODE_00094,RN_NODE_00100,0,RN_ROAD_00588,RN_ROAD_00588,residential,,81.15438832370462,road_line_intersected_raster_cells_all_touched,mapped,5,0.0,0.0,0.0,0.0,0.0,0.0,0.0
000_030,0,30,RN_ROAD_00590,RN_NODE_00094,RN_NODE_00095,0,RN_ROAD_00590,RN_ROAD_00590,tertiary,['Kashibai Amrutrao Khilare Path'],11.806116707497281,road_line_intersected_raster_cells_all_touched,mapped,1,0.0,0.0,0.0,0.0,0.0,0.0,0.0
000_030,0,30,RN_ROAD_00611,RN_NODE_00095,RN_NODE_00096,0,RN_ROAD_00611,RN_ROAD_00611,tertiary,['Kashibai Amrutrao Khilare Path'],24.306499584060276,road_line_intersected_raster_cells_all_touched,mapped,3,0.0,0.0,0.0,0.0,0.0,0.0,0.0
000_030,0,30,RN_ROAD_00614,RN_NODE_00095,RN_NODE_00084,0,RN_ROAD_00614,RN_ROAD_00614,residential,['Major K. G. Pawar Path'],80.83749221229549,road_line_intersected_raster_cells_all_touched,mapped,4,0.0,0.0,0.0,0.0,0.0,0.0,0.0
000_030,0,30,RN_ROAD_00591,RN_NODE_00108,RN_NODE_00111,0,RN_ROAD_00591,RN_ROAD_00591,residential,,15.249774140478227,road_line_intersected_raster_cells_all_touched,mapped,2,0.0,0.0,0.0,0.0,0.0,0.0,0.0
000_030,0,30,RN_ROAD_00612,RN_NODE_00108,RN_NODE_00099,0,RN_ROAD_00612,RN_ROAD_00612,residential,,58.08767654573444,road_line_intersected_raster_cells_all_touched,mapped,3,0.0,0.0,0.0,0.0,0.0,0.0,0.0
000_030,0,30,RN_ROAD_00615,RN_NODE_00108,RN_NODE_00117,0,RN_ROAD_00615,RN_ROAD_00615,residential,,69.05333066717392,road_line_intersected_raster_cells_all_touched,mapped,4,0.0,0.0,0.0,0.0,0.0,0.0,0.0
000_030,0,30,RN_ROAD_00592,RN_NODE_00096,RN_NODE_00106,0,RN_ROAD_00592,RN_ROAD_00592,residential,,64.25106186309215,road_line_intersected_raster_cells_all_touched,mapped,4,0.0,0.0,0.0,0.0,0.0,0.0,0.0
000_030,0,30,RN_ROAD_00613,RN_NODE_00096,RN_NODE_00099,0,RN_ROAD_00613,RN_ROAD_00613,tertiary,['Kashibai Amrutrao Khilare Path'],20.40269168991895,road_line_intersected_raster_cells_all_touched,mapped,2,0.0,0.0,0.0,0.0,0.0,0.0,0.0
000_030,0,30,RN_ROAD_00595,RN_NODE_00465,RN_NODE_00472,0,RN_ROAD_00595,RN_ROAD_00595,residential,,16.1517627782782,road_line_intersected_raster_cells_all_touched,mapped,1,0.029057402163743973,0.029057402163743973,0.029057402163743973,1.0,1.0,0.0,0.0
000_030,0,30,RN_ROAD_00626,RN_NODE_00342,RN_NODE_00327,0,RN_ROAD_00626,RN_ROAD_00626,residential,,29.773849021989466,road_line_intersected_raster_cells_all_touched,mapped,2,0.0010489880805835128,0.0009422731236554682,0.0010276450891979038,1.0,0.0,0.0,0.0
000_030,0,30,RN_ROAD_00627,RN_NODE_00342,RN_NODE_00340,0,RN_ROAD_00627,RN_ROAD_00627,residential,,74.11052414354627,road_line_intersected_raster_cells_all_touched,mapped,4,0.012404379434883595,0.004137108917348087,0.009465027251280846,1.0,0.0,0.0,0.0
000_030,0,30,RN_ROAD_00601,RN_NODE_00380,RN_NODE_00375,0,RN_ROAD_00601,RN_ROAD_00601,residential,['Sharad Pandit Path'],10.832138813331897,road_line_intersected_raster_cells_all_touched,mapped,2,0.025572480633854866,0.021753567270934582,0.02480869796127081,1.0,0.5,0.0,0.0
000_030,0,30,RN_ROAD_00602,RN_NODE_00380,RN_NODE_00373,0,RN_ROAD_00602,RN_ROAD_00602,primary,['Lalbahadur Shashtri Marg'],67.62470858029033,road_line_intersected_raster_cells_all_touched,mapped,4,0.06518736481666565,0.047406531404703856,0.06447644755244256,1.0,1.0,0.0,0.0
000_030,0,30,RN_ROAD_00606,RN_NODE_00380,RN_NODE_00452,0,RN_ROAD_00606,RN_ROAD_00606,residential,['Sharad Pandit Path'],196.60592350884028,road_line_intersected_raster_cells_all_touched,mapped,8,0.025572480633854866,0.009889225446386263,0.018741952814161775,1.0,0.125,0.0,0.0
000_030,0,30,RN_ROAD_00600,RN_NODE_00375,RN_NODE_00340,0,RN_ROAD_00600,RN_ROAD_00600,residential,,117.67074755191624,road_line_intersected_raster_cells_all_touched,mapped,4,0.02073340304195881,0.01678622351028025,0.019893778301775456,1.0,0.25,0.0,0.0
000_030,0,30,RN_ROAD_00603,RN_NODE_00375,RN_NODE_00364,0,RN_ROAD_00603,RN_ROAD_00603,primary,['Lalbahadur Shashtri Marg'],113.09060593358764,road_line_intersected_raster_cells_all_touched,mapped,6,0.06281764060258865,0.035103145986795425,0.051665954291820526,1.0,0.8333333333333334,0.0,0.0
000_030,0,30,RN_ROAD_00628,RN_NODE_00340,RN_NODE_00299,0,RN_ROAD_00628,RN_ROAD_00628,residential,,92.93811844487087,road_line_intersected_raster_cells_all_touched,mapped,6,0.017026634886860847,0.008456346326662848,0.014821738004684448,1.0,0.0,0.0,0.0
000_030,0,30,RN_ROAD_00605,RN_NODE_00373,RN_NODE_00367,0,RN_ROAD_00605,RN_ROAD_00605,primary,['Lalbahadur Shashtri Marg'],62.30303901072023,road_line_intersected_raster_cells_all_touched,mapped,4,0.06281764060258865,0.034877154510468245,0.05612662881612778,1.0,0.75,0.0,0.0
000_030,0,30,RN_ROAD_00607,RN_NODE_00373,RN_NODE_00431,0,RN_ROAD_00607,RN_ROAD_00607,residential,['Tukaram Buaa Navle Path'],162.4431478561837,road_line_intersected_raster_cells_all_touched,mapped,7,0.06281764060258865,0.01858730471160795,0.04301983565092088,1.0,0.42857142857142855,0.0,0.0
000_030,0,30,RN_ROAD_00604,RN_NODE_00364,RN_NODE_00345,0,RN_ROAD_00604,RN_ROAD_00604,residential,['Ashok Balkavade Path'],58.24822493468268,road_line_intersected_raster_cells_all_touched,mapped,3,0.0405142679810524,0.02880769254018863,0.038995441794395444,1.0,0.6666666666666666,0.0,0.0
000_030,0,30,RN_ROAD_00608,RN_NODE_00364,RN_NODE_00362,0,RN_ROAD_00608,RN_ROAD_00608,primary,['Lalbahadur Shashtri Marg'],19.762200586789664,road_line_intersected_raster_cells_all_touched,mapped,1,0.0405142679810524,0.0405142679810524,0.0405142679810524,1.0,1.0,0.0,0.0
000_030,0,30,RN_ROAD_00630,RN_NODE_00345,RN_NODE_00346,0,RN_ROAD_00630,RN_ROAD_00630,residential,,36.18423993781001,road_line_intersected_raster_cells_all_touched,mapped,3,0.012988672591745853,0.011749655939638615,0.012807933986186982,1.0,0.0,0.0,0.0
000_030,0,30,RN_ROAD_00631,RN_NODE_00345,RN_NODE_00329,0,RN_ROAD_00631,RN_ROAD_00631,residential,['Ashok Balkavade Path'],44.38757753592839,road_line_intersected_raster_cells_all_touched,mapped,3,0.012988672591745853,0.00942820954757432,0.012807933986186982,1.0,0.0,0.0,0.0
000_030,0,30,RN_ROAD_00610,RN_NODE_00115,RN_NODE_00116,0,RN_ROAD_00610,RN_ROAD_00610,tertiary,['Kashibai Amrutrao Khilare Path'],3.2633816455871374,road_line_intersected_raster_cells_all_touched,mapped,1,0.0,0.0,0.0,0.0,0.0,0.0,0.0
000_030,0,30,RN_ROAD_00618,RN_NODE_00115,RN_NODE_00102,0,RN_ROAD_00618,RN_ROAD_00618,tertiary,['Kashibai Amrutrao Khilare Path'],62.21208426569458,road_line_intersected_raster_cells_all_touched,mapped,3,0.0,0.0,0.0,0.0,0.0,0.0,0.0
000_030,0,30,RN_ROAD_00621,RN_NODE_00115,RN_NODE_00112,0,RN_ROAD_00621,RN_ROAD_00621,residential,['Dhondumama Sathe Path'],2.1579800510360094,road_line_intersected_raster_cells_all_touched,mapped,1,0.0,0.0,0.0,0.0,0.0,0.0,0.0
000_030,0,30,RN_ROAD_00616,RN_NODE_00099,RN_NODE_00102,0,RN_ROAD_00616,RN_ROAD_00616,tertiary,['Kashibai Amrutrao Khilare Path'],26.666867328266726,road_line_intersected_raster_cells_all_touched,mapped,2,0.0,0.0,0.0,0.0,0.0,0.0,0.0
000_030,0,30,RN_ROAD_00617,RN_NODE_00084,RN_NODE_00078,0,RN_ROAD_00617,RN_ROAD_00617,residential,,32.119561669057084,road_line_intersected_raster_cells_all_touched,mapped,2,0.0,0.0,0.0,0.0,0.0,0.0,0.0
000_030,0,30,RN_ROAD_00619,RN_NODE_00084,RN_NODE_00083,0,RN_ROAD_00619,RN_ROAD_00619,residential,['Major K. G. Pawar Path'],3.6328997085326886,road_line_intersected_raster_cells_all_touched,mapped,2,0.0,0.0,0.0,0.0,0.0,0.0,0.0
000_030,0,30,RN_ROAD_00620,RN_NODE_00102,RN_NODE_00098,0,RN_ROAD_00620,RN_ROAD_00620,residential,,40.54465189522412,road_line_intersected_raster_cells_all_touched,mapped,1,0.0,0.0,0.0,0.0,0.0,0.0,0.0
000_030,0,30,RN_ROAD_00629,RN_NODE_00299,RN_NODE_00304,0,RN_ROAD_00629,RN_ROAD_00629,residential,['Nanasaheb Kale Path'],158.77267008788334,road_line_intersected_raster_cells_all_touched,mapped,7,0.0201399065554142,0.006619324159276273,0.015626067295670513,1.0,0.14285714285714285,0.0,0.0
000_030,0,30,RN_ROAD_00632,RN_NODE_00329,RN_NODE_00316,0,RN_ROAD_00632,RN_ROAD_00632,residential,['Ashok Balkavade Path'],56.395993070836,road_line_intersected_raster_cells_all_touched,mapped,3,0.0032109764870256186,0.0020753329542155066,0.0029019682202488183,1.0,0.0,0.0,0.0
000_030,0,30,RN_ROAD_00633,RN_NODE_00329,RN_NODE_00326,0,RN_ROAD_00633,RN_ROAD_00633,residential,,32.94248645921549,road_line_intersected_raster_cells_all_touched,mapped,2,0.0039036094676703215,0.00355729297734797,0.0038343461696058513,1.0,0.0,0.0,0.0
000_030,0,30,RN_ROAD_00635,RN_NODE_00180,RN_NODE_00105,0,RN_ROAD_00635,RN_ROAD_00635,tertiary,['Riverside Road'],408.7877077292009,road_line_intersected_raster_cells_all_touched,mapped,19,0.0066553810611367226,0.0013871928128087287,0.0032218873500823968,0.9473684210526315,0.0,0.0,0.0
030_060,30,60,RN_ROAD_00001,RN_NODE_00183,RN_NODE_00222,0,RN_ROAD_00001,RN_ROAD_00001,primary,['Sinhagad Road'],110.33464311551056,road_line_intersected_raster_cells_all_touched,mapped,5,0.004244509618729353,0.001244972215499729,0.002886394620873034,1.0,0.0,0.0,0.0
030_060,30,60,RN_ROAD_00002,RN_NODE_00222,RN_NODE_00207,0,RN_ROAD_00002,RN_ROAD_00002,residential,,68.71572842918026,road_line_intersected_raster_cells_all_touched,mapped,4,0.004244509618729353,0.001870418680482544,0.003336011338979006,1.0,0.0,0.0,0.0
030_060,30,60,RN_ROAD_00003,RN_NODE_00222,RN_NODE_00249,0,RN_ROAD_00003,RN_ROAD_00003,primary,['Sinhagad Road'],126.32174974243749,road_line_intersected_raster_cells_all_touched,mapped,7,0.004244509618729353,0.0013925818462407083,0.002878480404615403,1.0,0.0,0.0,0.0
030_060,30,60,RN_ROAD_00004,RN_NODE_00207,RN_NODE_00167,0,RN_ROAD_00004,RN_ROAD_00004,residential,,89.17801673037181,road_line_intersected_raster_cells_all_touched,mapped,6,0.001365693286061287,0.001083025912521407,0.0012295126216486096,1.0,0.0,0.0,0.0
030_060,30,60,RN_ROAD_00005,RN_NODE_00207,RN_NODE_00219,0,RN_ROAD_00005,RN_ROAD_00005,residential,,41.194797475628484,road_line_intersected_raster_cells_all_touched,mapped,2,0.0010373509721830487,0.0009825010492932051,0.00102638098760508,1.0,0.0,0.0,0.0
030_060,30,60,RN_ROAD_00012,RN_NODE_00249,RN_NODE_00250,0,RN_ROAD_00012,RN_ROAD_00012,tertiary,,45.82566466269537,road_line_intersected_raster_cells_all_touched,mapped,3,0.02593955025076866,0.017152869821681332,0.02574525251984596,1.0,0.6666666666666666,0.0,0.0
030_060,30,60,RN_ROAD_00014,RN_NODE_00249,RN_NODE_00307,0,RN_ROAD_00014,RN_ROAD_00014,primary,['Sinhagad Road'],224.8085898385542,road_line_intersected_raster_cells_all_touched,mapped,12,0.08990611135959625,0.03425096405650644,0.08246750608086587,1.0,0.5833333333333334,0.0,0.0
030_060,30,60,RN_ROAD_00201,RN_NODE_00167,RN_NODE_00166,0,RN_ROAD_00201,RN_ROAD_00201,tertiary,['Dattawadi Road'],68.61200462070468,road_line_intersected_raster_cells_all_touched,mapped,3,0.0009945860365405679,0.0004048150949529372,0.0008180335076758638,1.0,0.0,0.0,0.0
030_060,30,60,RN_ROAD_00203,RN_NODE_00167,RN_NODE_00138,0,RN_ROAD_00203,RN_ROAD_00203,residential,,62.633549990759064,road_line_intersected_raster_cells_all_touched,mapped,3,0.0009945860365405679,0.0004504996904870495,0.0008431410096818581,1.0,0.0,0.0,0.0
030_060,30,60,RN_ROAD_00204,RN_NODE_00167,RN_NODE_00168,0,RN_ROAD_00204,RN_ROAD_00204,tertiary,['Dattawadi Road'],23.648846865110738,road_line_intersected_raster_cells_all_touched,mapped,2,0.0013992860913276672,0.0011969360639341176,0.0013588160858489574,1.0,0.0,0.0,0.0
030_060,30,60,RN_ROAD_00006,RN_NODE_00199,RN_NODE_00172,0,RN_ROAD_00006,RN_ROAD_00006,residential,,47.47580518040966,road_line_intersected_raster_cells_all_touched,mapped,2,0.002656415803357959,0.0024806885048747063,0.0026212703436613084,1.0,0.0,0.0,0.0
030_060,30,60,RN_ROAD_00007,RN_NODE_00199,RN_NODE_00218,0,RN_ROAD_00007,RN_ROAD_00007,residential,,59.27071050901246,road_line_intersected_raster_cells_all_touched,mapped,3,0.0037488406524062157,0.0028883733320981264,0.0035213361494243144,1.0,0.0,0.0,0.0
030_060,30,60,RN_ROAD_00008,RN_NODE_00199,RN_NODE_00200,0,RN_ROAD_00008,RN_ROAD_00008,residential,,27.145839404120867,road_line_intersected_raster_cells_all_touched,mapped,2,0.0023049612063914537,0.0016508098924532533,0.002174130943603814,1.0,0.0,0.0,0.0
030_060,30,60,RN_ROAD_00219,RN_NODE_00172,RN_NODE_00171,0,RN_ROAD_00219,RN_ROAD_00219,tertiary,['Dattawadi Road'],21.238265775773673,road_line_intersected_raster_cells_all_touched,mapped,2,0.002656415803357959,0.0017605558678042144,0.00247724381624721,1.0,0.0,0.0,0.0
030_060,30,60,RN_ROAD_00220,RN_NODE_00172,RN_NODE_00173,0,RN_ROAD_00220,RN_ROAD_00220,tertiary,['Dattawadi Road'],7.048386967157587,road_line_intersected_raster_cells_all_touched,mapped,1,0.002656415803357959,0.002656415803357959,0.002656415803357959,1.0,0.0,0.0,0.0
030_060,30,60,RN_ROAD_00009,RN_NODE_00250,RN_NODE_00220,0,RN_ROAD_00009,RN_ROAD_00009,residential,,106.81149895405065,road_line_intersected_raster_cells_all_touched,mapped,5,0.024968061596155167,0.01092812055721879,0.020179015025496485,1.0,0.2,0.0,0.0
030_060,30,60,RN_ROAD_00013,RN_NODE_00250,RN_NODE_00251,0,RN_ROAD_00013,RN_ROAD_00013,tertiary,,38.80812375658153,road_line_intersected_raster_cells_all_touched,mapped,2,0.024968061596155167,0.02076233085244894,0.02412691544741392,1.0,0.5,0.0,0.0
030_060,30,60,RN_ROAD_00010,RN_NODE_00215,RN_NODE_00178,0,RN_ROAD_00010,RN_ROAD_00010,residential,,76.99211485840236,road_line_intersected_raster_cells_all_touched,mapped,3,0.0015551430406048894,0.0011923648416996002,0.0014491730136796833,1.0,0.0,0.0,0.0
030_060,30,60,RN_ROAD_00033,RN_NODE_00178,RN_NODE_00208,0,RN_ROAD_00033,RN_ROAD_00033,tertiary,['Dattawadi Road'],182.87135369775038,road_line_intersected_raster_cells_all_touched,mapped,9,0.10904698073863983,0.033652196754701436,0.07182832658290864,1.0,0.4444444444444444,0.1111111111111111,0.0
030_060,30,60,RN_ROAD_00222,RN_NODE_00178,RN_NODE_00173,0,RN_ROAD_00222,RN_ROAD_00222,tertiary,['Dattawadi Road'],32.88828427926349,road_line_intersected_raster_cells_all_touched,mapped,2,0.002656415803357959,0.0018408543546684086,0.002493303513620049,1.0,0.0,0.0,0.0
030_060,30,60,RN_ROAD_00011,RN_NODE_00298,RN_NODE_00205,0,RN_ROAD_00011,RN_ROAD_00011,primary,['Sinhagad Road'],420.18865859382316,road_line_intersected_raster_cells_all_touched,mapped,20,0.08990611135959625,0.013568848785052979,0.07071004733443262,1.0,0.15,0.0,0.0
030_060,30,60,RN_ROAD_00024,RN_NODE_00298,RN_NODE_00339,0,RN_ROAD_00024,RN_ROAD_00024,living_street,,117.7024406571944,road_line_intersected_raster_cells_all_touched,mapped,6,0.08146120607852936,0.04563222670306762,0.07548834010958672,1.0,0.8333333333333334,0.0,0.0
030_060,30,60,RN_ROAD_00026,RN_NODE_00298,RN_NODE_00311,0,RN_ROAD_00026,RN_ROAD_00026,primary,['Sinhagad Road'],20.820195650817585,road_line_intersected_raster_cells_all_touched,mapped,2,0.0839066207408905,0.07671104744076729,0.08246750608086587,1.0,1.0,0.0,0.0
030_060,30,60,RN_ROAD_00015,RN_NODE_00251,RN_NODE_00252,0,RN_ROAD_00015,RN_ROAD_00015,tertiary,,36.90402520875027,road_line_intersected_raster_cells_all_touched,mapped,2,0.038893215358257294,0.027724907733500004,0.03665955383330584,1.0,0.5,0.0,0.0
030_060,30,60,RN_ROAD_00031,RN_NODE_00251,RN_NODE_00221,0,RN_ROAD_00031,RN_ROAD_00031,residential,,107.05914643211815,road_line_intersected_raster_cells_all_touched,mapped,5,0.031795043498277664,0.018702362664043903,0.026360908895730974,1.0,0.2,0.0,0.0
030_060,30,60,RN_ROAD_00027,RN_NODE_00307,RN_NODE_00311,0,RN_ROAD_00027,RN_ROAD_00027,tertiary,['Panmla road'],12.950108180473846,road_line_intersected_raster_cells_all_touched,mapped,2,0.0839066207408905,0.05645580682903528,0.07841645795851945,1.0,1.0,0.0,0.0
030_060,30,60,RN_ROAD_00029,RN_NODE_00307,RN_NODE_00306,0,RN_ROAD_00029,RN_ROAD_00029,tertiary,['Panmla road'],165.88450329250958,road_line_intersected_raster_cells_all_touched,mapped,6,0.02900499291718006,0.01294912095181644,0.025637428276240826,0.8333333333333334,0.5,0.0,0.0
030_060,30,60,RN_ROAD_00104,RN_NODE_00307,RN_NODE_00398,0,RN_ROAD_00104,RN_ROAD_00104,primary,['Sinhagad Road'],310.8681955303079,road_line_intersected_raster_cells_all_touched,mapped,14,0.0796191543340683,0.017267345284510936,0.02782161515206099,1.0,0.2857142857142857,0.0,0.0
030_060,30,60,RN_ROAD_00016,RN_NODE_00252,RN_NODE_00253,0,RN_ROAD_00016,RN_ROAD_00016,tertiary,,37.78957596580244,road_line_intersected_raster_cells_all_touched,mapped,3,0.10446478426456451,0.06205364937583605,0.09213241711258889,1.0,1.0,0.3333333333333333,0.0
030_060,30,60,RN_ROAD_00032,RN_NODE_00252,RN_NODE_00224,0,RN_ROAD_00032,RN_ROAD_00032,residential,,102.18258890538435,road_line_intersected_raster_cells_all_touched,mapped,5,0.04231061413884163,0.028864657506346703,0.040943654626607894,1.0,0.8,0.0,0.0
030_060,30,60,RN_ROAD_00017,RN_NODE_00253,RN_NODE_00240,0,RN_ROAD_00017,RN_ROAD_00017,residential,,56.818705917843346,road_line_intersected_raster_cells_all_touched,mapped,3,0.042802948504686356,0.031357853983839355,0.041517455130815506,1.0,0.6666666666666666,0.0,0.0
030_060,30,60,RN_ROAD_00018,RN_NODE_00253,RN_NODE_00254,0,RN_ROAD_00018,RN_ROAD_00018,tertiary,,10.404856598863448,road_line_intersected_raster_cells_all_touched,mapped,1,0.042802948504686356,0.042802948504686356,0.042802948504686356,1.0,1.0,0.0,0.0
030_060,30,60,RN_ROAD_00034,RN_NODE_00240,RN_NODE_00210,0,RN_ROAD_00034,RN_ROAD_00034,residential,,95.66029435012692,road_line_intersected_raster_cells_all_touched,mapped,5,0.10314580798149109,0.06831428408622742,0.09673824608325958,1.0,1.0,0.2,0.0
030_060,30,60,RN_ROAD_00035,RN_NODE_00240,RN_NODE_00242,0,RN_ROAD_00035,RN_ROAD_00035,residential,,55.25679009630857,road_line_intersected_raster_cells_all_touched,mapped,2,0.03637548163533211,0.03041817992925644,0.03518402129411698,1.0,1.0,0.0,0.0
030_060,30,60,RN_ROAD_00041,RN_NODE_00254,RN_NODE_00265,0,RN_ROAD_00041,RN_ROAD_00041,residential,,37.37936461896842,road_line_intersected_raster_cells_all_touched,mapped,2,0.046521078795194626,0.04466201364994049,0.046149265766143796,1.0,1.0,0.0,0.0
030_060,30,60,RN_ROAD_00043,RN_NODE_00254,RN_NODE_00256,0,RN_ROAD_00043,RN_ROAD_00043,tertiary,,44.90716795876552,road_line_intersected_raster_cells_all_touched,mapped,2,0.042802948504686356,0.025690213311463594,0.039380401466041805,1.0,0.5,0.0,0.0
030_060,30,60,RN_ROAD_00019,RN_NODE_00279,RN_NODE_00284,0,RN_ROAD_00019,RN_ROAD_00019,residential,,15.457018790921675,road_line_intersected_raster_cells_all_touched,mapped,1,0.008998233824968338,0.008998233824968338,0.008998233824968338,1.0,0.0,0.0,0.0
030_060,30,60,RN_ROAD_00020,RN_NODE_00279,RN_NODE_00265,0,RN_ROAD_00020,RN_ROAD_00020,residential,,51.109121332944376,road_line_intersected_raster_cells_all_touched,mapped,3,0.04784001410007477,0.03445310890674591,0.04757622703909874,1.0,0.6666666666666666,0.0,0.0
030_060,30,60,RN_ROAD_00042,RN_NODE_00279,RN_NODE_00280,0,RN_ROAD_00042,RN_ROAD_00042,residential,,12.671054645406425,road_line_intersected_raster_cells_all_touched,mapped,1,0.008998233824968338,0.008998233824968338,0.008998233824968338,1.0,0.0,0.0,0.0
030_060,30,60,RN_ROAD_00044,RN_NODE_00265,RN_NODE_00267,0,RN_ROAD_00044,RN_ROAD_00044,residential,,78.53311568005444,road_line_intersected_raster_cells_all_touched,mapped,3,0.046521078795194626,0.019170950166881084,0.03908834233880043,1.0,0.3333333333333333,0.0,0.0
030_060,30,60,RN_ROAD_00021,RN_NODE_00337,RN_NODE_00336,0,RN_ROAD_00021,RN_ROAD_00021,residential,,4.010574873213283,road_line_intersected_raster_cells_all_touched,outside_valid_flood_grid,0,,,,,,,
030_060,30,60,RN_ROAD_00022,RN_NODE_00337,RN_NODE_00338,0,RN_ROAD_00022,RN_ROAD_00022,residential,,3.5777701642730535,road_line_intersected_raster_cells_all_touched,outside_valid_flood_grid,0,,,,,,,
030_060,30,60,RN_ROAD_00023,RN_NODE_00337,RN_NODE_00349,0,RN_ROAD_00023,RN_ROAD_00023,residential,,59.620737404387555,road_line_intersected_raster_cells_all_touched,mapped,3,1.4678917068522424e-05,7.611337423441e-06,1.3374152695178055e-05,0.6666666666666666,0.0,0.0,0.0
030_060,30,60,RN_ROAD_00101,RN_NODE_00349,RN_NODE_00357,0,RN_ROAD_00101,RN_ROAD_00101,residential,,47.76723768710115,road_line_intersected_raster_cells_all_touched,mapped,3,1.4678917068522424e-05,8.546323139550319e-06,1.3935144124843646e-05,0.6666666666666666,0.0,0.0,0.0
030_060,30,60,RN_ROAD_00103,RN_NODE_00349,RN_NODE_00451,0,RN_ROAD_00103,RN_ROAD_00103,residential,,393.37092434710667,road_line_intersected_raster_cells_all_touched,mapped,19,3.12360207317397e-05,5.409380240675282e-06,1.3103081437293439e-05,0.47368421052631576,0.0,0.0,0.0
030_060,30,60,RN_ROAD_00025,RN_NODE_00366,RN_NODE_00321,0,RN_ROAD_00025,RN_ROAD_00025,living_street,,160.56974852956768,road_line_intersected_raster_cells_all_touched,mapped,7,0.05092771723866463,0.017254271868815913,0.035782350227236755,1.0,0.42857142857142855,0.0,0.0
030_060,30,60,RN_ROAD_00028,RN_NODE_00321,RN_NODE_00311,0,RN_ROAD_00028,RN_ROAD_00028,primary,['Sinhagad Road'],53.368993155301965,road_line_intersected_raster_cells_all_touched,mapped,4,0.0839066207408905,0.06086462130770087,0.08262038081884385,1.0,1.0,0.0,0.0
030_060,30,60,RN_ROAD_00105,RN_NODE_00321,RN_NODE_00403,0,RN_ROAD_00105,RN_ROAD_00105,primary,['Sinhagad Road'],260.06086779730686,road_line_intersected_raster_cells_all_touched,mapped,13,0.05092771723866463,0.011433591000520838,0.02367307431995869,1.0,0.15384615384615385,0.0,0.0
030_060,30,60,RN_ROAD_00030,RN_NODE_00306,RN_NODE_00317,0,RN_ROAD_00030,RN_ROAD_00030,residential,,35.17916299023046,road_line_intersected_raster_cells_all_touched,mapped,2,0.0,0.0,0.0,0.0,0.0,0.0,0.0
030_060,30,60,RN_ROAD_00081,RN_NODE_00306,RN_NODE_00305,0,RN_ROAD_00081,RN_ROAD_00081,tertiary,,66.4260344158254,road_line_intersected_raster_cells_all_touched,mapped,3,6.782529453630559e-06,2.2635968237594284e-06,5.427675766433993e-06,0.6666666666666666,0.0,0.0,0.0
030_060,30,60,RN_ROAD_00037,RN_NODE_00208,RN_NODE_00190,0,RN_ROAD_00037,RN_ROAD_00037,residential,,36.35525499430467,road_line_intersected_raster_cells_all_touched,mapped,2,0.03986512869596481,0.026669020298868418,0.03722590701654553,1.0,0.5,0.0,0.0
030_060,30,60,RN_ROAD_00039,RN_NODE_00208,RN_NODE_00209,0,RN_ROAD_00039,RN_ROAD_00039,tertiary,['Dattawadi Road'],26.03044550460261,road_line_intersected_raster_cells_all_touched,mapped,2,0.013472911901772022,0.010113373165950179,0.012801004154607654,1.0,0.0,0.0,0.0
030_060,30,60,RN_ROAD_00038,RN_NODE_00242,RN_NODE_00225,0,RN_ROAD_00038,RN_ROAD_00038,residential,,84.51756534679647,road_line_intersected_raster_cells_all_touched,mapped,6,0.04919937252998352,0.022014950091640156,0.040724895894527435,1.0,0.5,0.0,0.0
030_060,30,60,RN_ROAD_00045,RN_NODE_00242,RN_NODE_00256,0,RN_ROAD_00045,RN_ROAD_00045,residential,,56.395339779681436,road_line_intersected_raster_cells_all_touched,mapped,3,0.02446087822318077,0.015851258921126526,0.02247178666293621,1.0,0.3333333333333333,0.0,0.0
030_060,30,60,RN_ROAD_00036,RN_NODE_00191,RN_NODE_00190,0,RN_ROAD_00036,RN_ROAD_00036,residential,,43.636454570990736,road_line_intersected_raster_cells_all_touched,mapped,3,0.08088520169258118,0.06380603710810344,0.0788417175412178,1.0,1.0,0.0,0.0
030_060,30,60,RN_ROAD_00040,RN_NODE_00190,RN_NODE_00188,0,RN_ROAD_00040,RN_ROAD_00040,residential,,40.90975146529643,road_line_intersected_raster_cells_all_touched,mapped,2,0.03986512869596481,0.030627721920609474,0.038017647340893745,1.0,1.0,0.0,0.0
030_060,30,60,RN_ROAD_00226,RN_NODE_00190,RN_NODE_00132,0,RN_ROAD_00226,RN_ROAD_00226,residential,,135.162456334921,road_line_intersected_raster_cells_all_touched,mapped,6,0.04013027250766754,0.019870510965120047,0.03999770060181618,1.0,0.5,0.0,0.0
030_060,30,60,RN_ROAD_00049,RN_NODE_00225,RN_NODE_00257,0,RN_ROAD_00049,RN_ROAD_00049,residential,,104.09119651047976,road_line_intersected_raster_cells_all_touched,mapped,4,0.01165034994482994,0.007687422155868262,0.010963629838079214,1.0,0.0,0.0,0.0
030_060,30,60,RN_ROAD_00051,RN_NODE_00225,RN_NODE_00209,0,RN_ROAD_00051,RN_ROAD_00051,residential,,40.48572136886673,road_line_intersected_raster_cells_all_touched,mapped,3,0.009361282922327518,0.006559301322946946,0.008839793223887681,1.0,0.0,0.0,0.0
030_060,30,60,RN_ROAD_00052,RN_NODE_00225,RN_NODE_00226,0,RN_ROAD_00052,RN_ROAD_00052,residential,,35.95601353641846,road_line_intersected_raster_cells_all_touched,mapped,2,0.010858570225536823,0.010109926573932171,0.010708841495215893,1.0,0.0,0.0,0.0
030_060,30,60,RN_ROAD_00054,RN_NODE_00209,RN_NODE_00211,0,RN_ROAD_00054,RN_ROAD_00054,tertiary,['Dattawadi Road'],74.6477816696061,road_line_intersected_raster_cells_all_touched,mapped,3,0.027110539376735687,0.01530691251779596,0.024099704250693323,1.0,0.3333333333333333,0.0,0.0
030_060,30,60,RN_ROAD_00053,RN_NODE_00188,RN_NODE_00186,0,RN_ROAD_00053,RN_ROAD_00053,residential,,34.9736689686955,road_line_intersected_raster_cells_all_touched,mapped,2,0.021390315145254135,0.020928326062858105,0.02129791732877493,1.0,1.0,0.0,0.0
030_060,30,60,RN_ROAD_00237,RN_NODE_00188,RN_NODE_00150,0,RN_ROAD_00237,RN_ROAD_00237,residential,,74.85030696139879,road_line_intersected_raster_cells_all_touched,mapped,4,0.028375938534736633,0.02125434996560216,0.02661307342350483,1.0,0.75,0.0,0.0
030_060,30,60,RN_ROAD_00047,RN_NODE_00280,RN_NODE_00280,0,RN_ROAD_00047,RN_ROAD_00047,residential,,271.48317612441605,road_line_intersected_raster_cells_all_touched,mapped,10,0.04784001410007477,0.007507784455810906,0.015291966777294861,0.8,0.1,0.0,0.0
030_060,30,60,RN_ROAD_00046,RN_NODE_00256,RN_NODE_00257,0,RN_ROAD_00046,RN_ROAD_00046,tertiary,,38.72242276576632,road_line_intersected_raster_cells_all_touched,mapped,3,0.008577478118240833,0.0044506551542629795,0.007432907866314054,1.0,0.0,0.0,0.0
030_060,30,60,RN_ROAD_00048,RN_NODE_00267,RN_NODE_00270,0,RN_ROAD_00048,RN_ROAD_00048,residential,,25.878026259087473,road_line_intersected_raster_cells_all_touched,mapped,2,0.0016343751922249794,0.0008899576423573308,0.0014854916822514496,1.0,0.0,0.0,0.0
030_060,30,60,RN_ROAD_00050,RN_NODE_00267,RN_NODE_00268,0,RN_ROAD_00050,RN_ROAD_00050,residential,,32.81439084825519,road_line_intersected_raster_cells_all_touched,mapped,3,0.0016343751922249794,0.0008568233073068162,0.0014947190997190774,0.6666666666666666,0.0,0.0,0.0
030_060,30,60,RN_ROAD_00061,RN_NODE_00257,RN_NODE_00258,0,RN_ROAD_00061,RN_ROAD_00061,tertiary,,36.24842936221222,road_line_intersected_raster_cells_all_touched,mapped,2,0.0028546268586069345,0.0021993693662807345,0.0027235753601416945,1.0,0.0,0.0,0.0
030_060,30,60,RN_ROAD_00062,RN_NODE_00268,RN_NODE_00278,0,RN_ROAD_00062,RN_ROAD_00062,residential,,34.0388930170019,road_line_intersected_raster_cells_all_touched,mapped,2,0.0,0.0,0.0,0.0,0.0,0.0,0.0
030_060,30,60,RN_ROAD_00064,RN_NODE_00268,RN_NODE_00269,0,RN_ROAD_00064,RN_ROAD_00064,residential,,21.492524537581243,road_line_intersected_raster_cells_all_touched,mapped,1,0.0,0.0,0.0,0.0,0.0,0.0,0.0
030_060,30,60,RN_ROAD_00055,RN_NODE_00226,RN_NODE_00227,0,RN_ROAD_00055,RN_ROAD_00055,residential,,39.2116910610255,road_line_intersected_raster_cells_all_touched,mapped,2,0.010858570225536823,0.008618060033768415,0.010410468187183141,1.0,0.0,0.0,0.0
030_060,30,60,RN_ROAD_00063,RN_NODE_00226,RN_NODE_00258,0,RN_ROAD_00063,RN_ROAD_00063,residential,,104.41866178505872,road_line_intersected_raster_cells_all_touched,mapped,4,0.010858570225536823,0.005696244945283979,0.01006499705836177,1.0,0.0,0.0,0.0
030_060,30,60,RN_ROAD_00056,RN_NODE_00186,RN_NODE_00187,0,RN_ROAD_00056,RN_ROAD_00056,residential,,25.120377643736735,road_line_intersected_raster_cells_all_touched,mapped,2,0.020466336980462074,0.013376665068790317,0.019048402598127723,1.0,0.5,0.0,0.0
030_060,30,60,RN_ROAD_00241,RN_NODE_00186,RN_NODE_00156,0,RN_ROAD_00241,RN_ROAD_00241,residential,,61.68449622986819,road_line_intersected_raster_cells_all_touched,mapped,3,0.020466336980462074,0.01719153517236312,0.020446883887052535,1.0,0.6666666666666666,0.0,0.0
030_060,30,60,RN_ROAD_00058,RN_NODE_00211,RN_NODE_00187,0,RN_ROAD_00058,RN_ROAD_00058,residential,,45.06280672272299,road_line_intersected_raster_cells_all_touched,mapped,2,0.012056363746523857,0.009171678451821208,0.011479426687583328,1.0,0.0,0.0,0.0
030_060,30,60,RN_ROAD_00059,RN_NODE_00211,RN_NODE_00227,0,RN_ROAD_00059,RN_ROAD_00059,residential,,38.98029653189591,road_line_intersected_raster_cells_all_touched,mapped,3,0.0166213009506464,0.011685071513056755,0.01570831350982189,1.0,0.0,0.0,0.0
030_060,30,60,RN_ROAD_00060,RN_NODE_00211,RN_NODE_00212,0,RN_ROAD_00060,RN_ROAD_00060,tertiary,['Dattawadi Road'],36.97983102056298,road_line_intersected_raster_cells_all_touched,mapped,2,0.012056363746523857,0.008193669142201543,0.011283824825659395,1.0,0.0,0.0,0.0
030_060,30,60,RN_ROAD_00057,RN_NODE_00227,RN_NODE_00238,0,RN_ROAD_00057,RN_ROAD_00057,residential,,28.855080650982604,road_line_intersected_raster_cells_all_touched,mapped,2,0.006377549842000008,0.004387365421280265,0.005979512957856059,1.0,0.0,0.0,0.0
030_060,30,60,RN_ROAD_00244,RN_NODE_00187,RN_NODE_00175,0,RN_ROAD_00244,RN_ROAD_00244,residential,,33.110798205839764,road_line_intersected_raster_cells_all_touched,mapped,2,0.006422326434403658,0.006354659795761108,0.006408793106675148,1.0,0.0,0.0,0.0
030_060,30,60,RN_ROAD_00066,RN_NODE_00238,RN_NODE_00259,0,RN_ROAD_00066,RN_ROAD_00066,residential,,75.86989844292557,road_line_intersected_raster_cells_all_touched,mapped,3,0.002397181000560522,0.000799060333520174,0.0019177448004484177,0.3333333333333333,0.0,0.0,0.0
030_060,30,60,RN_ROAD_00071,RN_NODE_00238,RN_NODE_00239,0,RN_ROAD_00071,RN_ROAD_00071,residential,,40.63568578815476,road_line_intersected_raster_cells_all_touched,mapped,3,0.002397181000560522,0.0013779127815117438,0.0021906248526647686,1.0,0.0,0.0,0.0
030_060,30,60,RN_ROAD_00072,RN_NODE_00212,RN_NODE_00193,0,RN_ROAD_00072,RN_ROAD_00072,tertiary,,38.410056230253225,road_line_intersected_raster_cells_all_touched,mapped,2,0.004330974537879229,0.0038750305538997054,0.004239785741083324,1.0,0.0,0.0,0.0
030_060,30,60,RN_ROAD_00073,RN_NODE_00212,RN_NODE_00228,0,RN_ROAD_00073,RN_ROAD_00073,tertiary,,40.09538264547372,road_line_intersected_raster_cells_all_touched,mapped,4,0.004330974537879229,0.00250731005507987,0.004185121809132397,1.0,0.0,0.0,0.0
030_060,30,60,RN_ROAD_00080,RN_NODE_00212,RN_NODE_00213,0,RN_ROAD_00080,RN_ROAD_00080,tertiary,['Dattawadi Road'],126.01139667967246,road_line_intersected_raster_cells_all_touched,mapped,6,0.004330974537879229,0.0017084924038499594,0.00395493779797107,0.5,0.0,0.0,0.0
030_060,30,60,RN_ROAD_00065,RN_NODE_00258,RN_NODE_00259,0,RN_ROAD_00065,RN_ROAD_00065,tertiary,,38.55343416567287,road_line_intersected_raster_cells_all_touched,mapped,2,0.0015441118739545345,0.0007720559369772673,0.001389700686559081,0.5,0.0,0.0,0.0
030_060,30,60,RN_ROAD_00067,RN_NODE_00259,RN_NODE_00260,0,RN_ROAD_00067,RN_ROAD_00067,tertiary,,40.74518304705443,road_line_intersected_raster_cells_all_touched,mapped,3,7.859007382648997e-06,2.6196691275496655e-06,6.287205906119198e-06,0.3333333333333333,0.0,0.0,0.0
030_060,30,60,RN_ROAD_00069,RN_NODE_00260,RN_NODE_00264,0,RN_ROAD_00069,RN_ROAD_00069,tertiary,,26.62863146932078,road_line_intersected_raster_cells_all_touched,mapped,3,7.859007382648997e-06,2.6196691275496655e-06,6.287205906119198e-06,0.3333333333333333,0.0,0.0,0.0
030_060,30,60,RN_ROAD_00070,RN_NODE_00260,RN_NODE_00244,0,RN_ROAD_00070,RN_ROAD_00070,tertiary,,24.938363724921295,road_line_intersected_raster_cells_all_touched,mapped,2,7.859007382648997e-06,3.9295036913244985e-06,7.073106644384097e-06,0.5,0.0,0.0,0.0
030_060,30,60,RN_ROAD_00068,RN_NODE_00297,RN_NODE_00264,0,RN_ROAD_00068,RN_ROAD_00068,tertiary,,130.87283489357,road_line_intersected_raster_cells_all_touched,mapped,5,2.332783151359763e-05,9.287492866860703e-06,2.0354915977804922e-05,0.6,0.0,0.0,0.0
030_060,30,60,RN_ROAD_00082,RN_NODE_00297,RN_NODE_00305,0,RN_ROAD_00082,RN_ROAD_00082,tertiary,,11.181496939700613,road_line_intersected_raster_cells_all_touched,mapped,2,7.214090146590024e-06,6.998309800110292e-06,7.170934077294078e-06,1.0,0.0,0.0,0.0
030_060,30,60,RN_ROAD_00083,RN_NODE_00297,RN_NODE_00294,0,RN_ROAD_00083,RN_ROAD_00083,residential,,70.2922251484159,road_line_intersected_raster_cells_all_touched,mapped,4,0.0028147173579782248,0.000844657511152036,0.0021198451344389474,1.0,0.0,0.0,0.0
030_060,30,60,RN_ROAD_00296,RN_NODE_00264,RN_NODE_00263,0,RN_ROAD_00296,RN_ROAD_00296,residential,,72.78052268614596,road_line_intersected_raster_cells_all_touched,mapped,4,0.0006952479598112404,0.0001847550818183663,0.0004977573324140396,0.75,0.0,0.0,0.0
030_060,30,60,RN_ROAD_00294,RN_NODE_00244,RN_NODE_00239,0,RN_ROAD_00294,RN_ROAD_00294,tertiary,,51.659918278362944,road_line_intersected_raster_cells_all_touched,mapped,2,0.00037215708289295435,0.00018607854144647717,0.0003349413746036589,0.5,0.0,0.0,0.0
030_060,30,60,RN_ROAD_00295,RN_NODE_00244,RN_NODE_00247,0,RN_ROAD_00295,RN_ROAD_00295,residential,,40.36964816219208,road_line_intersected_raster_cells_all_touched,mapped,2,7.733983511570841e-05,3.8669917557854205e-05,6.960585160413757e-05,0.5,0.0,0.0,0.0
030_060,30,60,RN_ROAD_00074,RN_NODE_00239,RN_NODE_00228,0,RN_ROAD_00074,RN_ROAD_00074,tertiary,,26.901590919768886,road_line_intersected_raster_cells_all_touched,mapped,2,0.0005037101800553501,0.0004379336314741522,0.0004905548703391105,1.0,0.0,0.0,0.0
030_060,30,60,RN_ROAD_00075,RN_NODE_00193,RN_NODE_00194,0,RN_ROAD_00075,RN_ROAD_00075,residential,,37.31989973867388,road_line_intersected_raster_cells_all_touched,mapped,3,0.004045131150633097,0.003471582972755035,0.003919922234490514,1.0,0.0,0.0,0.0
030_060,30,60,RN_ROAD_00256,RN_NODE_00193,RN_NODE_00174,0,RN_ROAD_00256,RN_ROAD_00256,tertiary,,41.693740805285216,road_line_intersected_raster_cells_all_touched,mapped,2,0.004574086517095566,0.003996586543507874,0.004458586522378028,1.0,0.0,0.0,0.0
030_060,30,60,RN_ROAD_00076,RN_NODE_00228,RN_NODE_00229,0,RN_ROAD_00076,RN_ROAD_00076,residential,,40.45446256118045,road_line_intersected_raster_cells_all_touched,mapped,2,0.0013522676890715957,0.0009279889345634729,0.0012674119381699712,1.0,0.0,0.0,0.0
030_060,30,60,RN_ROAD_00078,RN_NODE_00194,RN_NODE_00195,0,RN_ROAD_00078,RN_ROAD_00078,residential,,36.19111684470716,road_line_intersected_raster_cells_all_touched,mapped,2,0.0029505311977118254,0.0024247599649243057,0.0028453769511543213,1.0,0.0,0.0,0.0
030_060,30,60,RN_ROAD_00257,RN_NODE_00194,RN_NODE_00146,0,RN_ROAD_00257,RN_ROAD_00257,residential,,105.88544834265709,road_line_intersected_raster_cells_all_touched,mapped,4,0.005707534030079842,0.004460578609723598,0.0054364718031138185,1.0,0.0,0.0,0.0
030_060,30,60,RN_ROAD_00077,RN_NODE_00229,RN_NODE_00247,0,RN_ROAD_00077,RN_ROAD_00077,residential,,77.80122283607632,road_line_intersected_raster_cells_all_touched,mapped,3,0.0013522676890715957,0.00047653584139576804,0.0010972821182804182,0.6666666666666666,0.0,0.0,0.0
030_060,30,60,RN_ROAD_00079,RN_NODE_00229,RN_NODE_00230,0,RN_ROAD_00079,RN_ROAD_00079,residential,,37.931014123628856,road_line_intersected_raster_cells_all_touched,mapped,2,0.0013522676890715957,0.0006761338445357978,0.0012170409201644361,0.5,0.0,0.0,0.0
030_060,30,60,RN_ROAD_00297,RN_NODE_00247,RN_NODE_00246,0,RN_ROAD_00297,RN_ROAD_00297,residential,,37.670645354702565,road_line_intersected_raster_cells_all_touched,mapped,2,0.00020552705973386765,0.00014143344742478803,0.00019270833727205172,1.0,0.0,0.0,0.0
030_060,30,60,RN_ROAD_00091,RN_NODE_00195,RN_NODE_00176,0,RN_ROAD_00091,RN_ROAD_00091,residential,,38.41929687467551,road_line_intersected_raster_cells_all_touched,mapped,2,0.001898988732136786,0.000949494366068393,0.0017090898589231073,0.5,0.0,0.0,0.0
030_060,30,60,RN_ROAD_00093,RN_NODE_00195,RN_NODE_00197,0,RN_ROAD_00093,RN_ROAD_00093,residential,,53.33428004208454,road_line_intersected_raster_cells_all_touched,mapped,3,0.001898988732136786,0.0006329962440455953,0.001519190985709429,0.3333333333333333,0.0,0.0,0.0
030_060,30,60,RN_ROAD_00092,RN_NODE_00230,RN_NODE_00246,0,RN_ROAD_00092,RN_ROAD_00092,residential,,76.77767014268143,road_line_intersected_raster_cells_all_touched,mapped,3,0.00020552705973386765,7.764282963762525e-05,0.00016990193362289576,0.6666666666666666,0.0,0.0,0.0
030_060,30,60,RN_ROAD_00094,RN_NODE_00230,RN_NODE_00234,0,RN_ROAD_00094,RN_ROAD_00094,residential,,43.564722645993555,road_line_intersected_raster_cells_all_touched,mapped,3,0.0010254760272800922,0.0006242124169754485,0.0009898130665533245,0.6666666666666666,0.0,0.0,0.0
030_060,30,60,RN_ROAD_00096,RN_NODE_00213,RN_NODE_00234,0,RN_ROAD_00096,RN_ROAD_00096,residential,,39.92478066992536,road_line_intersected_raster_cells_all_touched,mapped,3,0.0010254760272800922,0.0005217822229800125,0.0009283549501560628,0.6666666666666666,0.0,0.0,0.0
030_060,30,60,RN_ROAD_00097,RN_NODE_00213,RN_NODE_00197,0,RN_ROAD_00097,RN_ROAD_00097,residential,,38.82730769015813,road_line_intersected_raster_cells_all_touched,mapped,2,0.0,0.0,0.0,0.0,0.0,0.0,0.0
030_060,30,60,RN_ROAD_00304,RN_NODE_00213,RN_NODE_00214,0,RN_ROAD_00304,RN_ROAD_00304,tertiary,['Dattawadi Road'],89.95960034883794,road_line_intersected_raster_cells_all_touched,mapped,4,0.0015238828491419554,0.0004038405095343478,0.0010941617510979997,0.5,0.0,0.0,0.0
030_060,30,60,RN_ROAD_00084,RN_NODE_00305,RN_NODE_00328,0,RN_ROAD_00084,RN_ROAD_00084,tertiary,,90.13771843891129,road_line_intersected_raster_cells_all_touched,mapped,6,0.007439850829541683,0.001349088718901233,0.0038728465151507407,1.0,0.0,0.0,0.0
030_060,30,60,RN_ROAD_00085,RN_NODE_00328,RN_NODE_00293,0,RN_ROAD_00085,RN_ROAD_00085,residential,,105.33721628543579,road_line_intersected_raster_cells_all_touched,mapped,5,0.014192827045917511,0.0073288317769765856,0.012009252607822419,1.0,0.0,0.0,0.0
030_060,30,60,RN_ROAD_00086,RN_NODE_00328,RN_NODE_00356,0,RN_ROAD_00086,RN_ROAD_00086,tertiary,,98.16696127727685,road_line_intersected_raster_cells_all_touched,mapped,5,0.24081628024578094,0.1149065064266324,0.21751515567302704,1.0,0.8,0.6,0.0
030_060,30,60,RN_ROAD_00172,RN_NODE_00356,RN_NODE_00361,0,RN_ROAD_00172,RN_ROAD_00172,residential,,46.82523189296001,road_line_intersected_raster_cells_all_touched,mapped,3,0.11305459588766098,0.05632880702614784,0.0972745954990387,1.0,1.0,0.3333333333333333,0.0
030_060,30,60,RN_ROAD_00173,RN_NODE_00356,RN_NODE_00427,0,RN_ROAD_00173,RN_ROAD_00173,tertiary,,234.03133514478208,road_line_intersected_raster_cells_all_touched,mapped,11,0.27944615483283997,0.07264110348610715,0.14121200144290924,1.0,0.6363636363636364,0.2727272727272727,0.0
030_060,30,60,RN_ROAD_00087,RN_NODE_00314,RN_NODE_00315,0,RN_ROAD_00087,RN_ROAD_00087,residential,,45.05843580903861,road_line_intersected_raster_cells_all_touched,mapped,2,0.012615028768777847,0.00728564674500376,0.01154915236402303,1.0,0.0,0.0,0.0
030_060,30,60,RN_ROAD_00088,RN_NODE_00314,RN_NODE_00319,0,RN_ROAD_00088,RN_ROAD_00088,residential,,33.693765674940465,road_line_intersected_raster_cells_all_touched,mapped,2,0.0022761805448681116,0.002116222633048892,0.0022441889625042675,1.0,0.0,0.0,0.0
030_060,30,60,RN_ROAD_00089,RN_NODE_00314,RN_NODE_00290,0,RN_ROAD_00089,RN_ROAD_00089,residential,,121.67517705552382,road_line_intersected_raster_cells_all_touched,mapped,5,0.014588316902518272,0.006859477492980659,0.013389791548252105,1.0,0.0,0.0,0.0
030_060,30,60,RN_ROAD_00090,RN_NODE_00314,RN_NODE_00313,0,RN_ROAD_00090,RN_ROAD_00090,residential,,63.21236636402831,road_line_intersected_raster_cells_all_touched,mapped,3,0.0019562647212296724,0.0018079940928146243,0.001950315060093999,1.0,0.0,0.0,0.0
030_060,30,60,RN_ROAD_00303,RN_NODE_00290,RN_NODE_00281,0,RN_ROAD_00303,RN_ROAD_00303,residential,,75.55398586526928,road_line_intersected_raster_cells_all_touched,mapped,4,0.005653700325638056,0.0022129304707050323,0.004503491253126413,1.0,0.0,0.0,0.0
030_060,30,60,RN_ROAD_00316,RN_NODE_00290,RN_NODE_00313,0,RN_ROAD_00316,RN_ROAD_00316,residential,,61.77604347682732,road_line_intersected_raster_cells_all_touched,mapped,3,0.005653700325638056,0.00291623225590835,0.004833719320595265,1.0,0.0,0.0,0.0
030_060,30,60,RN_ROAD_00324,RN_NODE_00290,RN_NODE_00286,0,RN_ROAD_00324,RN_ROAD_00324,residential,,53.980157249501374,road_line_intersected_raster_cells_all_touched,mapped,3,0.005653700325638056,0.002382970182225108,0.00470554888015613,1.0,0.0,0.0,0.0
030_060,30,60,RN_ROAD_00317,RN_NODE_00313,RN_NODE_00333,0,RN_ROAD_00317,RN_ROAD_00317,residential,,50.072254927188524,road_line_intersected_raster_cells_all_touched,mapped,3,0.0015412011416628957,0.0012486643390730023,0.0015320717822760344,1.0,0.0,0.0,0.0
030_060,30,60,RN_ROAD_00320,RN_NODE_00313,RN_NODE_00312,0,RN_ROAD_00320,RN_ROAD_00320,residential,,42.21382632969337,road_line_intersected_raster_cells_all_touched,mapped,3,0.0015412011416628957,0.0005790041941509116,0.0012671304168179632,1.0,0.0,0.0,0.0
030_060,30,60,RN_ROAD_00258,RN_NODE_00176,RN_NODE_00152,0,RN_ROAD_00258,RN_ROAD_00258,residential,,37.12096600182516,road_line_intersected_raster_cells_all_touched,mapped,2,0.0,0.0,0.0,0.0,0.0,0.0,0.0
030_060,30,60,RN_ROAD_00260,RN_NODE_00176,RN_NODE_00177,0,RN_ROAD_00260,RN_ROAD_00260,residential,,99.19862013661967,road_line_intersected_raster_cells_all_touched,mapped,4,0.0,0.0,0.0,0.0,0.0,0.0,0.0
030_060,30,60,RN_ROAD_00299,RN_NODE_00246,RN_NODE_00245,0,RN_ROAD_00299,RN_ROAD_00299,residential,,42.58423840088509,road_line_intersected_raster_cells_all_touched,mapped,3,0.003733681747689843,0.0021021408028900623,0.00346038811840117,1.0,0.0,0.0,0.0
030_060,30,60,RN_ROAD_00099,RN_NODE_00197,RN_NODE_00198,0,RN_ROAD_00099,RN_ROAD_00099,residential,,45.50958373134193,road_line_intersected_raster_cells_all_touched,mapped,2,0.0,0.0,0.0,0.0,0.0,0.0,0.0
030_060,30,60,RN_ROAD_00095,RN_NODE_00234,RN_NODE_00245,0,RN_ROAD_00095,RN_ROAD_00095,residential,,75.61627595530594,road_line_intersected_raster_cells_all_touched,mapped,3,0.003733681747689843,0.0022337351692840457,0.003375354944728315,1.0,0.0,0.0,0.0
030_060,30,60,RN_ROAD_00098,RN_NODE_00234,RN_NODE_00235,0,RN_ROAD_00098,RN_ROAD_00098,residential,,36.270777899434066,road_line_intersected_raster_cells_all_touched,mapped,2,0.0011691050603985786,0.0010972905438393354,0.00115474215708673,1.0,0.0,0.0,0.0
030_060,30,60,RN_ROAD_00301,RN_NODE_00245,RN_NODE_00241,0,RN_ROAD_00301,RN_ROAD_00301,residential,,70.53375969539323,road_line_intersected_raster_cells_all_touched,mapped,3,0.009341142140328884,0.005015538539737463,0.008219650061801077,1.0,0.0,0.0,0.0
030_060,30,60,RN_ROAD_00100,RN_NODE_00235,RN_NODE_00241,0,RN_ROAD_00100,RN_ROAD_00100,residential,,37.98293668808784,road_line_intersected_raster_cells_all_touched,mapped,2,0.0019717917311936617,0.0015704483957961202,0.0018915230641141534,1.0,0.0,0.0,0.0
030_060,30,60,RN_ROAD_00307,RN_NODE_00235,RN_NODE_00214,0,RN_ROAD_00307,RN_ROAD_00307,residential,,92.55852863842196,road_line_intersected_raster_cells_all_touched,mapped,5,0.0033033904619514942,0.002000226639211178,0.002841752488166094,1.0,0.0,0.0,0.0
030_060,30,60,RN_ROAD_00305,RN_NODE_00198,RN_NODE_00177,0,RN_ROAD_00305,RN_ROAD_00305,residential,,39.526505477982745,road_line_intersected_raster_cells_all_touched,mapped,2,0.0,0.0,0.0,0.0,0.0,0.0,0.0
030_060,30,60,RN_ROAD_00308,RN_NODE_00198,RN_NODE_00203,0,RN_ROAD_00308,RN_ROAD_00308,residential,,42.156257641141636,road_line_intersected_raster_cells_all_touched,mapped,3,0.00027007824974134564,0.00014440130325965583,0.0002486877318006009,0.6666666666666666,0.0,0.0,0.0
030_060,30,60,RN_ROAD_00306,RN_NODE_00241,RN_NODE_00243,0,RN_ROAD_00306,RN_ROAD_00306,residential,,43.674198984804306,road_line_intersected_raster_cells_all_touched,mapped,2,0.0077018458396196365,0.004836818785406649,0.007128840428777039,1.0,0.0,0.0,0.0
030_060,30,60,RN_ROAD_00102,RN_NODE_00358,RN_NODE_00451,0,RN_ROAD_00102,RN_ROAD_00102,residential,['Janata Vasahat Road'],400.63554354988895,road_line_intersected_raster_cells_all_touched,mapped,19,5.892150511499494e-06,7.535314149495925e-07,3.6250863558962e-06,0.15789473684210525,0.0,0.0,0.0
030_060,30,60,RN_ROAD_00111,RN_NODE_00451,RN_NODE_00480,0,RN_ROAD_00111,RN_ROAD_00111,residential,['Janata Vasahat Road'],116.53808923417535,road_line_intersected_raster_cells_all_touched,mapped,6,4.526490738498978e-05,1.7899481463246047e-05,3.429202661209274e-05,0.6666666666666666,0.0,0.0,0.0
030_060,30,60,RN_ROAD_00106,RN_NODE_00398,RN_NODE_00403,0,RN_ROAD_00106,RN_ROAD_00106,primary_link,,11.685241840114362,road_line_intersected_raster_cells_all_touched,mapped,2,0.018123770132660866,0.011829413007944822,0.01686489870771766,1.0,0.0,0.0,0.0
030_060,30,60,RN_ROAD_00107,RN_NODE_00398,RN_NODE_00404,0,RN_ROAD_00107,RN_ROAD_00107,primary,['Sinhagad Road'],11.529812368176284,road_line_intersected_raster_cells_all_touched,mapped,3,0.030574167147278786,0.023152777304251988,0.02861141264438629,1.0,0.6666666666666666,0.0,0.0
030_060,30,60,RN_ROAD_00129,RN_NODE_00403,RN_NODE_00438,0,RN_ROAD_00129,RN_ROAD_00129,primary,['Sinhagad Road'],124.9679812493694,road_line_intersected_raster_cells_all_touched,mapped,7,0.020760394632816315,0.00897407385387591,0.015460459142923358,1.0,0.14285714285714285,0.0,0.0
030_060,30,60,RN_ROAD_00108,RN_NODE_00404,RN_NODE_00399,0,RN_ROAD_00108,RN_ROAD_00108,residential,,14.315540964381475,road_line_intersected_raster_cells_all_touched,mapped,2,0.030574167147278786,0.02566728089004755,0.029592789895832538,1.0,1.0,0.0,0.0
030_060,30,60,RN_ROAD_00130,RN_NODE_00404,RN_NODE_00425,0,RN_ROAD_00130,RN_ROAD_00130,primary,['Sinhagad Road'],81.92638639387098,road_line_intersected_raster_cells_all_touched,mapped,4,0.020760394632816315,0.010037598782218993,0.018034315016120673,1.0,0.25,0.0,0.0
030_060,30,60,RN_ROAD_00109,RN_NODE_00399,RN_NODE_00394,0,RN_ROAD_00109,RN_ROAD_00109,residential,,13.965206832105686,road_line_intersected_raster_cells_all_touched,mapped,1,0.030574167147278786,0.030574167147278786,0.030574167147278786,1.0,1.0,0.0,0.0
030_060,30,60,RN_ROAD_00142,RN_NODE_00399,RN_NODE_00391,0,RN_ROAD_00142,RN_ROAD_00142,residential,,113.12604300619051,road_line_intersected_raster_cells_all_touched,mapped,5,0.03182390332221985,0.026408202201128005,0.03132400885224342,1.0,0.8,0.0,0.0
030_060,30,60,RN_ROAD_00139,RN_NODE_00394,RN_NODE_00374,0,RN_ROAD_00139,RN_ROAD_00139,residential,,53.585187061784524,road_line_intersected_raster_cells_all_touched,mapped,3,0.03232411667704582,0.030203627422451973,0.03197412677109242,1.0,1.0,0.0,0.0
030_060,30,60,RN_ROAD_00140,RN_NODE_00394,RN_NODE_00385,0,RN_ROAD_00140,RN_ROAD_00140,residential,,43.14864233841997,road_line_intersected_raster_cells_all_touched,mapped,3,0.03567430377006531,0.03129168848196665,0.034654276445508,1.0,1.0,0.0,0.0
030_060,30,60,RN_ROAD_00110,RN_NODE_00487,RN_NODE_00502,0,RN_ROAD_00110,RN_ROAD_00110,residential,['Janata Vasahat Road'],160.44199789733528,road_line_intersected_raster_cells_all_touched,mapped,7,0.0005676216096617281,0.0003823436553440323,0.0005627905251458287,1.0,0.0,0.0,0.0
030_060,30,60,RN_ROAD_00112,RN_NODE_00487,RN_NODE_00480,0,RN_ROAD_00112,RN_ROAD_00112,residential,['Janata Vasahat Road'],75.96312059419445,road_line_intersected_raster_cells_all_touched,mapped,4,0.00042312598088756204,0.00012647448738789535,0.00030797912659181754,1.0,0.0,0.0,0.0
030_060,30,60,RN_ROAD_00113,RN_NODE_00487,RN_NODE_00480,1,RN_ROAD_00113,RN_ROAD_00113,residential,,80.27344559609085,road_line_intersected_raster_cells_all_touched,mapped,4,0.00042312598088756204,0.00020718167706945678,0.0003800822451012209,1.0,0.0,0.0,0.0
030_060,30,60,RN_ROAD_00114,RN_NODE_00505,RN_NODE_00516,0,RN_ROAD_00114,RN_ROAD_00114,primary,['Tanaji Malusare Path'],45.48058410980653,road_line_intersected_raster_cells_all_touched,mapped,2,0.003719337983056903,0.002965013962239027,0.0035684731788933276,1.0,0.0,0.0,0.0
030_060,30,60,RN_ROAD_00117,RN_NODE_00505,RN_NODE_00503,0,RN_ROAD_00117,RN_ROAD_00117,primary,['Tanaji Malusare Path'],30.053876706228625,road_line_intersected_raster_cells_all_touched,mapped,2,0.009577198885381222,0.006648268434219062,0.00899141279514879,1.0,0.0,0.0,0.0
030_060,30,60,RN_ROAD_00119,RN_NODE_00505,RN_NODE_00517,0,RN_ROAD_00119,RN_ROAD_00119,residential,,54.96034822555883,road_line_intersected_raster_cells_all_touched,mapped,2,0.003719337983056903,0.0031234013149514794,0.0036001506494358184,1.0,0.0,0.0,0.0
030_060,30,60,RN_ROAD_00115,RN_NODE_00515,RN_NODE_00497,0,RN_ROAD_00115,RN_ROAD_00115,primary,['Tanaji Malusare Path'],136.05104111833137,road_line_intersected_raster_cells_all_touched,mapped,6,0.02034316211938858,0.01014507688038672,0.01942525152117014,1.0,0.16666666666666666,0.0,0.0
030_060,30,60,RN_ROAD_00121,RN_NODE_00497,RN_NODE_00498,0,RN_ROAD_00121,RN_ROAD_00121,residential,,10.468915959375558,road_line_intersected_raster_cells_all_touched,mapped,1,0.02034316211938858,0.02034316211938858,0.02034316211938858,1.0,1.0,0.0,0.0
030_060,30,60,RN_ROAD_00123,RN_NODE_00497,RN_NODE_00488,0,RN_ROAD_00123,RN_ROAD_00123,primary,['Tanaji Malusare Path'],108.90698269835133,road_line_intersected_raster_cells_all_touched,mapped,5,0.050634369254112244,0.028956076130270958,0.04409403502941132,1.0,0.8,0.0,0.0
030_060,30,60,RN_ROAD_00116,RN_NODE_00456,RN_NODE_00463,0,RN_ROAD_00116,RN_ROAD_00116,residential,,59.08667461095608,road_line_intersected_raster_cells_all_touched,mapped,3,0.00012177151074865833,8.545134066177222e-05,0.00011408378049964085,1.0,0.0,0.0,0.0
030_060,30,60,RN_ROAD_00120,RN_NODE_00456,RN_NODE_00488,0,RN_ROAD_00120,RN_ROAD_00120,residential,,242.8930941847801,road_line_intersected_raster_cells_all_touched,mapped,9,0.050634369254112244,0.009093510030652396,0.023873016238212592,1.0,0.1111111111111111,0.0,0.0
030_060,30,60,RN_ROAD_00131,RN_NODE_00456,RN_NODE_00449,0,RN_ROAD_00131,RN_ROAD_00131,residential,,84.1763534833191,road_line_intersected_raster_cells_all_touched,mapped,5,0.0012314008781686425,0.00040208608115790414,0.0010014853440225124,0.8,0.0,0.0,0.0
030_060,30,60,RN_ROAD_00118,RN_NODE_00503,RN_NODE_00498,0,RN_ROAD_00118,RN_ROAD_00118,primary,['Tanaji Malusare Path'],53.84887709569401,road_line_intersected_raster_cells_all_touched,mapped,4,0.02034316211938858,0.0136237918632105,0.019792415760457517,1.0,0.25,0.0,0.0
030_060,30,60,RN_ROAD_00122,RN_NODE_00503,RN_NODE_00507,0,RN_ROAD_00122,RN_ROAD_00122,residential,,72.64796298078082,road_line_intersected_raster_cells_all_touched,mapped,4,0.009577198885381222,0.005095670756418258,0.008524278877303004,1.0,0.0,0.0,0.0
030_060,30,60,RN_ROAD_00124,RN_NODE_00498,RN_NODE_00490,0,RN_ROAD_00124,RN_ROAD_00124,primary,['Tanaji Malusare Path'],56.45914523801046,road_line_intersected_raster_cells_all_touched,mapped,3,0.02034316211938858,0.015433644875884056,0.019718819111585618,1.0,0.3333333333333333,0.0,0.0
030_060,30,60,RN_ROAD_00126,RN_NODE_00498,RN_NODE_00500,0,RN_ROAD_00126,RN_ROAD_00126,residential,,61.6793681996395,road_line_intersected_raster_cells_all_touched,mapped,4,0.02034316211938858,0.008704320178367198,0.016861111111938956,1.0,0.25,0.0,0.0
030_060,30,60,RN_ROAD_00128,RN_NODE_00488,RN_NODE_00469,0,RN_ROAD_00128,RN_ROAD_00128,primary,['Tanaji Malusare Path'],142.270319038286,road_line_intersected_raster_cells_all_touched,mapped,7,0.050634369254112244,0.03246328420937061,0.04362783804535866,1.0,0.8571428571428571,0.0,0.0
030_060,30,60,RN_ROAD_00125,RN_NODE_00507,RN_NODE_00510,0,RN_ROAD_00125,RN_ROAD_00125,residential,,13.576181017408409,road_line_intersected_raster_cells_all_touched,mapped,1,0.0022105539683252573,0.0022105539683252573,0.0022105539683252573,1.0,0.0,0.0,0.0
030_060,30,60,RN_ROAD_00150,RN_NODE_00507,RN_NODE_00500,0,RN_ROAD_00150,RN_ROAD_00150,residential,,73.06208550697029,road_line_intersected_raster_cells_all_touched,mapped,4,0.0022105539683252573,0.0015752792678540573,0.0021467410726472734,1.0,0.0,0.0,0.0
030_060,30,60,RN_ROAD_00127,RN_NODE_00490,RN_NODE_00485,0,RN_ROAD_00127,RN_ROAD_00127,primary,['Tanaji Malusare Path'],106.52342091402076,road_line_intersected_raster_cells_all_touched,mapped,6,0.050634369254112244,0.033565579913556576,0.04661979898810387,1.0,0.8333333333333334,0.0,0.0
030_060,30,60,RN_ROAD_00149,RN_NODE_00490,RN_NODE_00500,0,RN_ROAD_00149,RN_ROAD_00149,residential,,105.59200991133739,road_line_intersected_raster_cells_all_touched,mapped,4,0.017221447080373764,0.0076473786029964685,0.014172887150198224,1.0,0.0,0.0,0.0
030_060,30,60,RN_ROAD_00154,RN_NODE_00500,RN_NODE_00511,0,RN_ROAD_00154,RN_ROAD_00154,residential,,137.25765877616305,road_line_intersected_raster_cells_all_touched,mapped,5,0.0019978443160653114,0.001133978646248579,0.0017306479159742594,1.0,0.0,0.0,0.0
030_060,30,60,RN_ROAD_00153,RN_NODE_00485,RN_NODE_00468,0,RN_ROAD_00153,RN_ROAD_00153,primary,['Tanaji Malusare Path'],94.32401822308833,road_line_intersected_raster_cells_all_touched,mapped,4,0.038956817239522934,0.03244822518900037,0.03697685636579991,1.0,1.0,0.0,0.0
030_060,30,60,RN_ROAD_00155,RN_NODE_00485,RN_NODE_00486,0,RN_ROAD_00155,RN_ROAD_00155,residential,,127.4605055943359,road_line_intersected_raster_cells_all_touched,mapped,6,0.06645336747169495,0.0358697158905367,0.06459720060229301,1.0,0.6666666666666666,0.0,0.0
030_060,30,60,RN_ROAD_00151,RN_NODE_00469,RN_NODE_00449,0,RN_ROAD_00151,RN_ROAD_00151,primary,['Tanaji Malusare Path'],72.05548324266864,road_line_intersected_raster_cells_all_touched,mapped,3,0.030191464349627495,0.019972599615963798,0.029852158203721047,1.0,0.6666666666666666,0.0,0.0
030_060,30,60,RN_ROAD_00152,RN_NODE_00469,RN_NODE_00468,0,RN_ROAD_00152,RN_ROAD_00152,primary_link,,10.44398647907111,road_line_intersected_raster_cells_all_touched,mapped,1,0.030191464349627495,0.030191464349627495,0.030191464349627495,1.0,1.0,0.0,0.0
030_060,30,60,RN_ROAD_00133,RN_NODE_00438,RN_NODE_00443,0,RN_ROAD_00133,RN_ROAD_00133,primary,['Tanaji Malusare Path' 'Sinhagad Road'],11.786148110048545,road_line_intersected_raster_cells_all_touched,mapped,1,0.005205897148698568,0.005205897148698568,0.005205897148698568,1.0,0.0,0.0,0.0
030_060,30,60,RN_ROAD_00135,RN_NODE_00438,RN_NODE_00437,0,RN_ROAD_00135,RN_ROAD_00135,primary,['Lalbahadur Shashtri Marg'],11.829410221436186,road_line_intersected_raster_cells_all_touched,mapped,1,0.005205897148698568,0.005205897148698568,0.005205897148698568,1.0,0.0,0.0,0.0
030_060,30,60,RN_ROAD_00132,RN_NODE_00425,RN_NODE_00437,0,RN_ROAD_00132,RN_ROAD_00132,primary,['Sinhagad Road'],37.83754513399506,road_line_intersected_raster_cells_all_touched,mapped,3,0.011927168816328049,0.007070366603632768,0.010582914482802153,1.0,0.0,0.0,0.0
030_060,30,60,RN_ROAD_00158,RN_NODE_00425,RN_NODE_00414,0,RN_ROAD_00158,RN_ROAD_00158,residential,,82.72842717984496,road_line_intersected_raster_cells_all_touched,mapped,5,0.019276075065135956,0.010919606033712625,0.016475701332092287,1.0,0.0,0.0,0.0
030_060,30,60,RN_ROAD_00134,RN_NODE_00449,RN_NODE_00443,0,RN_ROAD_00134,RN_ROAD_00134,primary,['Tanaji Malusare Path'],16.12908526003169,road_line_intersected_raster_cells_all_touched,mapped,2,0.005205897148698568,0.0032186490134336054,0.004808447521645576,1.0,0.0,0.0,0.0
030_060,30,60,RN_ROAD_00137,RN_NODE_00437,RN_NODE_00441,0,RN_ROAD_00137,RN_ROAD_00137,primary,['Sinhagad Road'],10.250288392928798,road_line_intersected_raster_cells_all_touched,mapped,1,0.005205897148698568,0.005205897148698568,0.005205897148698568,1.0,0.0,0.0,0.0
030_060,30,60,RN_ROAD_00159,RN_NODE_00437,RN_NODE_00434,0,RN_ROAD_00159,RN_ROAD_00159,primary,['Lalbahadur Shashtri Marg'],70.49584305613865,road_line_intersected_raster_cells_all_touched,mapped,5,0.014768584631383419,0.006561440695077181,0.011029293388128282,1.0,0.0,0.0,0.0
030_060,30,60,RN_ROAD_00136,RN_NODE_00443,RN_NODE_00441,0,RN_ROAD_00136,RN_ROAD_00136,primary,['Lalbahadur Shashtri Marg'],10.827742355347945,road_line_intersected_raster_cells_all_touched,mapped,1,0.005205897148698568,0.005205897148698568,0.005205897148698568,1.0,0.0,0.0,0.0
030_060,30,60,RN_ROAD_00138,RN_NODE_00441,RN_NODE_00468,0,RN_ROAD_00138,RN_ROAD_00138,primary,['Tanaji Malusare Path'],91.3417858176492,road_line_intersected_raster_cells_all_touched,mapped,4,0.030191464349627495,0.01628092399914749,0.02968250513076782,1.0,0.5,0.0,0.0
030_060,30,60,RN_ROAD_00161,RN_NODE_00441,RN_NODE_00432,0,RN_ROAD_00161,RN_ROAD_00161,primary,['Lalbahadur Shashtri Marg' 'Dandekar Bridge'],188.44953123666878,road_line_intersected_raster_cells_all_touched,mapped,9,0.059785932302474976,0.021090855511526268,0.049399346113204956,1.0,0.4444444444444444,0.0,0.0
030_060,30,60,RN_ROAD_00141,RN_NODE_00385,RN_NODE_00371,0,RN_ROAD_00141,RN_ROAD_00141,residential,,45.3290526689984,road_line_intersected_raster_cells_all_touched,mapped,3,0.04721542075276375,0.04141145199537277,0.04604126289486885,1.0,1.0,0.0,0.0
030_060,30,60,RN_ROAD_00143,RN_NODE_00385,RN_NODE_00377,0,RN_ROAD_00143,RN_ROAD_00143,residential,,63.74843124119214,road_line_intersected_raster_cells_all_touched,mapped,3,0.05458260700106621,0.03969407081604004,0.050800946354866025,1.0,1.0,0.0,0.0
030_060,30,60,RN_ROAD_00145,RN_NODE_00391,RN_NODE_00384,0,RN_ROAD_00145,RN_ROAD_00145,residential,,17.87403692737785,road_line_intersected_raster_cells_all_touched,mapped,2,0.024914000183343887,0.01961532235145569,0.02385426461696625,1.0,0.5,0.0,0.0
030_060,30,60,RN_ROAD_00146,RN_NODE_00391,RN_NODE_00414,0,RN_ROAD_00146,RN_ROAD_00146,residential,,69.01046780628735,road_line_intersected_raster_cells_all_touched,mapped,3,0.024914000183343887,0.014086003415286541,0.021991679817438128,1.0,0.3333333333333333,0.0,0.0
030_060,30,60,RN_ROAD_00144,RN_NODE_00377,RN_NODE_00384,0,RN_ROAD_00144,RN_ROAD_00144,residential,,17.99821886477529,road_line_intersected_raster_cells_all_touched,mapped,2,0.0288253016769886,0.021570973098278046,0.02737443596124649,1.0,0.5,0.0,0.0
030_060,30,60,RN_ROAD_00147,RN_NODE_00377,RN_NODE_00370,0,RN_ROAD_00147,RN_ROAD_00147,residential,,47.10927462532197,road_line_intersected_raster_cells_all_touched,mapped,4,0.05459952726960182,0.02850205497816205,0.04686725959181786,1.0,0.5,0.0,0.0
030_060,30,60,RN_ROAD_00148,RN_NODE_00384,RN_NODE_00381,0,RN_ROAD_00148,RN_ROAD_00148,residential,,49.69367043246291,road_line_intersected_raster_cells_all_touched,mapped,2,0.01431664451956749,0.014016725588589907,0.014256660733371973,1.0,0.0,0.0,0.0
030_060,30,60,RN_ROAD_00160,RN_NODE_00414,RN_NODE_00434,0,RN_ROAD_00160,RN_ROAD_00160,residential,,47.74695991320392,road_line_intersected_raster_cells_all_touched,mapped,3,0.014768584631383419,0.009076850954443216,0.013223190046846868,1.0,0.0,0.0,0.0
030_060,30,60,RN_ROAD_00168,RN_NODE_00370,RN_NODE_00361,0,RN_ROAD_00168,RN_ROAD_00168,residential,,24.556447207799554,road_line_intersected_raster_cells_all_touched,mapped,2,0.03415459394454956,0.025399240665137768,0.032403523288667205,1.0,0.5,0.0,0.0
030_060,30,60,RN_ROAD_00169,RN_NODE_00370,RN_NODE_00381,0,RN_ROAD_00169,RN_ROAD_00169,residential,,47.772894267869745,road_line_intersected_raster_cells_all_touched,mapped,2,0.016643887385725975,0.01518034702166915,0.01635117931291461,1.0,0.0,0.0,0.0
030_060,30,60,RN_ROAD_00171,RN_NODE_00381,RN_NODE_00397,0,RN_ROAD_00171,RN_ROAD_00171,residential,,45.38918699815148,road_line_intersected_raster_cells_all_touched,mapped,3,0.13003908097743988,0.05632152439405521,0.10907300189137459,1.0,0.6666666666666666,0.3333333333333333,0.0
030_060,30,60,RN_ROAD_00156,RN_NODE_00508,RN_NODE_00518,0,RN_ROAD_00156,RN_ROAD_00156,residential,,24.280471587472228,road_line_intersected_raster_cells_all_touched,mapped,1,0.0,0.0,0.0,0.0,0.0,0.0,0.0
030_060,30,60,RN_ROAD_00157,RN_NODE_00491,RN_NODE_00499,0,RN_ROAD_00157,RN_ROAD_00157,residential,,75.27168155756657,road_line_intersected_raster_cells_all_touched,mapped,4,0.0004530623846221715,0.00023421456194228085,0.000410441288840957,1.0,0.0,0.0,0.0
030_060,30,60,RN_ROAD_00162,RN_NODE_00434,RN_NODE_00428,0,RN_ROAD_00162,RN_ROAD_00162,primary,['Lalbahadur Shashtri Marg' 'Dandekar Bridge'],120.7233951065441,road_line_intersected_raster_cells_all_touched,mapped,4,0.2018783837556839,0.0683706768322736,0.155355678498745,1.0,0.5,0.25,0.0
030_060,30,60,RN_ROAD_00163,RN_NODE_00432,RN_NODE_00428,0,RN_ROAD_00163,RN_ROAD_00163,primary,['Barrister Nath Pai Chowk'],16.512293120111337,road_line_intersected_raster_cells_all_touched,mapped,2,0.01003303937613964,0.007135358173400164,0.009453503135591745,1.0,0.0,0.0,0.0
030_060,30,60,RN_ROAD_00164,RN_NODE_00432,RN_NODE_00435,0,RN_ROAD_00164,RN_ROAD_00164,primary,['Barrister Nath Pai Chowk'],5.293753326220019,road_line_intersected_raster_cells_all_touched,mapped,1,0.0042376769706606865,0.0042376769706606865,0.0042376769706606865,1.0,0.0,0.0,0.0
030_060,30,60,RN_ROAD_00165,RN_NODE_00428,RN_NODE_00427,0,RN_ROAD_00165,RN_ROAD_00165,primary,['Barrister Nath Pai Chowk'],8.975350119755786,road_line_intersected_raster_cells_all_touched,mapped,2,0.01003303937613964,0.007135358173400164,0.009453503135591745,1.0,0.0,0.0,0.0
030_060,30,60,RN_ROAD_00166,RN_NODE_00435,RN_NODE_00433,0,RN_ROAD_00166,RN_ROAD_00166,primary,['Barrister Nath Pai Chowk'],29.565301722604882,road_line_intersected_raster_cells_all_touched,mapped,2,0.004513139370828867,0.004375408170744777,0.004485593130812049,1.0,0.0,0.0,0.0
030_060,30,60,RN_ROAD_00167,RN_NODE_00435,RN_NODE_00447,0,RN_ROAD_00167,RN_ROAD_00167,tertiary,['Madhavrao Peshve Marg'],45.54545036986926,road_line_intersected_raster_cells_all_touched,mapped,4,0.023713823407888412,0.009994722553528845,0.018821894656866792,1.0,0.25,0.0,0.0
030_060,30,60,RN_ROAD_00188,RN_NODE_00427,RN_NODE_00422,0,RN_ROAD_00188,RN_ROAD_00188,primary,['Barrister Nath Pai Chowk'],27.465265817507753,road_line_intersected_raster_cells_all_touched,mapped,2,0.004513139370828867,0.004375408170744777,0.004485593130812049,1.0,0.0,0.0,0.0
030_060,30,60,RN_ROAD_00190,RN_NODE_00433,RN_NODE_00447,0,RN_ROAD_00190,RN_ROAD_00190,tertiary,['Madhavrao Peshve Marg'],34.139300763499996,road_line_intersected_raster_cells_all_touched,mapped,3,0.023713823407888412,0.011878119005511204,0.020452537573873997,1.0,0.3333333333333333,0.0,0.0
030_060,30,60,RN_ROAD_00193,RN_NODE_00433,RN_NODE_00430,0,RN_ROAD_00193,RN_ROAD_00193,primary,['Barrister Nath Pai Chowk'],7.5684092656252675,road_line_intersected_raster_cells_all_touched,mapped,1,0.004513139370828867,0.004513139370828867,0.004513139370828867,1.0,0.0,0.0,0.0
030_060,30,60,RN_ROAD_00195,RN_NODE_00447,RN_NODE_00450,0,RN_ROAD_00195,RN_ROAD_00195,tertiary,['Madhavrao Peshve Marg'],20.1726046626495,road_line_intersected_raster_cells_all_touched,mapped,1,0.023713823407888412,0.023713823407888412,0.023713823407888412,1.0,1.0,0.0,0.0
030_060,30,60,RN_ROAD_00170,RN_NODE_00361,RN_NODE_00376,0,RN_ROAD_00170,RN_ROAD_00170,residential,,52.085846791904686,road_line_intersected_raster_cells_all_touched,mapped,3,0.07138317823410034,0.04072721985479196,0.06393746137619019,1.0,0.6666666666666666,0.0,0.0
030_060,30,60,RN_ROAD_00174,RN_NODE_00359,RN_NODE_00360,0,RN_ROAD_00174,RN_ROAD_00174,residential,,39.24696699102281,road_line_intersected_raster_cells_all_touched,mapped,3,0.0661073848605156,0.022611503896769136,0.05316063049249351,1.0,0.3333333333333333,0.0,0.0
030_060,30,60,RN_ROAD_00175,RN_NODE_00359,RN_NODE_00348,0,RN_ROAD_00175,RN_ROAD_00175,residential,,40.585040476822286,road_line_intersected_raster_cells_all_touched,mapped,4,0.0015983929624781013,0.0007312450834433548,0.0013039105630014093,1.0,0.0,0.0,0.0
030_060,30,60,RN_ROAD_00176,RN_NODE_00359,RN_NODE_00396,0,RN_ROAD_00176,RN_ROAD_00176,residential,,101.24939391440986,road_line_intersected_raster_cells_all_touched,mapped,4,0.007540177088230848,0.0032595806478639133,0.00673782080411911,1.0,0.0,0.0,0.0
030_060,30,60,RN_ROAD_00314,RN_NODE_00348,RN_NODE_00351,0,RN_ROAD_00314,RN_ROAD_00314,residential,,37.968675117771724,road_line_intersected_raster_cells_all_touched,mapped,2,0.006495604757219553,0.003556194860721007,0.005907722777919844,1.0,0.0,0.0,0.0
030_060,30,60,RN_ROAD_00319,RN_NODE_00348,RN_NODE_00335,0,RN_ROAD_00319,RN_ROAD_00319,residential,,44.68106970370976,road_line_intersected_raster_cells_all_touched,mapped,2,0.0007092375308275223,0.0006630112475249916,0.0006999922741670161,1.0,0.0,0.0,0.0
030_060,30,60,RN_ROAD_00322,RN_NODE_00348,RN_NODE_00347,0,RN_ROAD_00322,RN_ROAD_00322,residential,,68.87895886951469,road_line_intersected_raster_cells_all_touched,mapped,4,0.005458683241158724,0.0016261527734968695,0.004006113758077846,1.0,0.0,0.0,0.0
030_060,30,60,RN_ROAD_00177,RN_NODE_00396,RN_NODE_00395,0,RN_ROAD_00177,RN_ROAD_00177,residential,,72.96437348805723,road_line_intersected_raster_cells_all_touched,mapped,3,0.0064088767394423485,0.005728482113530238,0.006309284083545208,1.0,0.0,0.0,0.0
030_060,30,60,RN_ROAD_00191,RN_NODE_00396,RN_NODE_00422,0,RN_ROAD_00191,RN_ROAD_00191,residential,,77.28031718830532,road_line_intersected_raster_cells_all_touched,mapped,4,0.009179974906146526,0.0067015220411121845,0.008900177758187055,1.0,0.0,0.0,0.0
030_060,30,60,RN_ROAD_00396,RN_NODE_00395,RN_NODE_00419,0,RN_ROAD_00396,RN_ROAD_00396,residential,,75.56282543703307,road_line_intersected_raster_cells_all_touched,mapped,4,0.02331472374498844,0.01123764249496162,0.019018766749650244,1.0,0.25,0.0,0.0
030_060,30,60,RN_ROAD_00415,RN_NODE_00395,RN_NODE_00369,0,RN_ROAD_00415,RN_ROAD_00415,residential,,74.84001520024054,road_line_intersected_raster_cells_all_touched,mapped,4,0.005910913459956646,0.004159456002525985,0.005882401298731565,1.0,0.0,0.0,0.0
030_060,30,60,RN_ROAD_00417,RN_NODE_00395,RN_NODE_00389,0,RN_ROAD_00417,RN_ROAD_00417,residential,,36.64959388201751,road_line_intersected_raster_cells_all_touched,mapped,2,0.008812341839075089,0.007361627649515867,0.008522199001163244,1.0,0.0,0.0,0.0
030_060,30,60,RN_ROAD_00178,RN_NODE_00519,RN_NODE_00501,0,RN_ROAD_00178,RN_ROAD_00178,residential,,93.88153007625391,road_line_intersected_raster_cells_all_touched,mapped,4,0.00011444676056271419,5.857305450263084e-05,0.00010770402805064805,1.0,0.0,0.0,0.0
030_060,30,60,RN_ROAD_00179,RN_NODE_00509,RN_NODE_00514,0,RN_ROAD_00179,RN_ROAD_00179,residential,,66.49556106324535,road_line_intersected_raster_cells_all_touched,mapped,3,0.0004370030073914677,0.0002754397040310626,0.0003948019031668082,1.0,0.0,0.0,0.0
030_060,30,60,RN_ROAD_00181,RN_NODE_00514,RN_NODE_00496,0,RN_ROAD_00181,RN_ROAD_00181,residential,,112.52595144851557,road_line_intersected_raster_cells_all_touched,mapped,5,0.004021155182272196,0.0017689675150904804,0.0031263753306120636,1.0,0.0,0.0,0.0
030_060,30,60,RN_ROAD_00184,RN_NODE_00514,RN_NODE_00513,0,RN_ROAD_00184,RN_ROAD_00184,residential,,60.51136740802053,road_line_intersected_raster_cells_all_touched,mapped,3,0.0009246215340681374,0.000677205651300028,0.0008736957097426057,1.0,0.0,0.0,0.0
030_060,30,60,RN_ROAD_00180,RN_NODE_00496,RN_NODE_00492,0,RN_ROAD_00180,RN_ROAD_00180,residential,,24.837175012920326,road_line_intersected_raster_cells_all_touched,mapped,2,0.004021155182272196,0.0038992493646219373,0.003996774018742144,1.0,0.0,0.0,0.0
030_060,30,60,RN_ROAD_00183,RN_NODE_00496,RN_NODE_00495,0,RN_ROAD_00183,RN_ROAD_00183,residential,,38.61771156641344,road_line_intersected_raster_cells_all_touched,mapped,3,0.009172034449875355,0.007132526952773333,0.008978505805134773,1.0,0.0,0.0,0.0
030_060,30,60,RN_ROAD_00182,RN_NODE_00450,RN_NODE_00464,0,RN_ROAD_00182,RN_ROAD_00182,tertiary,['Madhavrao Peshve Marg'],49.44877547787121,road_line_intersected_raster_cells_all_touched,mapped,3,0.023713823407888412,0.010276968940161169,0.020010296534746886,1.0,0.3333333333333333,0.0,0.0
030_060,30,60,RN_ROAD_00189,RN_NODE_00450,RN_NODE_00459,0,RN_ROAD_00189,RN_ROAD_00189,residential,,40.03954017674623,road_line_intersected_raster_cells_all_touched,mapped,3,0.023713823407888412,0.01041309756692499,0.020091973710805178,1.0,0.3333333333333333,0.0,0.0
030_060,30,60,RN_ROAD_00197,RN_NODE_00450,RN_NODE_00448,0,RN_ROAD_00197,RN_ROAD_00197,residential,,53.21906804539485,road_line_intersected_raster_cells_all_touched,mapped,3,0.023713823407888412,0.01230596782018741,0.020495064556598663,1.0,0.3333333333333333,0.0,0.0
030_060,30,60,RN_ROAD_00186,RN_NODE_00464,RN_NODE_00462,0,RN_ROAD_00186,RN_ROAD_00186,residential,,42.44714316652112,road_line_intersected_raster_cells_all_touched,mapped,2,0.005712940823286772,0.005454564932733774,0.005661265645176172,1.0,0.0,0.0,0.0
030_060,30,60,RN_ROAD_00187,RN_NODE_00464,RN_NODE_00484,0,RN_ROAD_00187,RN_ROAD_00187,tertiary,['Madhavrao Peshve Marg'],120.54935301446274,road_line_intersected_raster_cells_all_touched,mapped,7,0.008056371472775936,0.0023519438441975842,0.006340262014418841,0.7142857142857143,0.0,0.0,0.0
030_060,30,60,RN_ROAD_00185,RN_NODE_00495,RN_NODE_00489,0,RN_ROAD_00185,RN_ROAD_00185,residential,,51.88566217261621,road_line_intersected_raster_cells_all_touched,mapped,3,0.017605634406208992,0.013678952741126219,0.016936345398426055,1.0,0.0,0.0,0.0
030_060,30,60,RN_ROAD_00404,RN_NODE_00495,RN_NODE_00494,0,RN_ROAD_00404,RN_ROAD_00404,residential,,22.845177254038568,road_line_intersected_raster_cells_all_touched,mapped,1,0.009172034449875355,0.009172034449875355,0.009172034449875355,1.0,0.0,0.0,0.0
030_060,30,60,RN_ROAD_00405,RN_NODE_00513,RN_NODE_00494,0,RN_ROAD_00405,RN_ROAD_00405,residential,,113.3340964507249,road_line_intersected_raster_cells_all_touched,mapped,5,0.009172034449875355,0.00367504091700539,0.0073060434311628345,1.0,0.0,0.0,0.0
030_060,30,60,RN_ROAD_00408,RN_NODE_00513,RN_NODE_00512,0,RN_ROAD_00408,RN_ROAD_00408,residential,,38.977716564484794,road_line_intersected_raster_cells_all_touched,mapped,3,0.0009246215340681374,0.0006267818486473212,0.0009211927070282399,1.0,0.0,0.0,0.0
030_060,30,60,RN_ROAD_00409,RN_NODE_00462,RN_NODE_00482,0,RN_ROAD_00409,RN_ROAD_00409,residential,,125.91349719515188,road_line_intersected_raster_cells_all_touched,mapped,7,0.005712940823286772,0.0012661070065535438,0.0034665070939809096,0.5714285714285714,0.0,0.0,0.0
030_060,30,60,RN_ROAD_00412,RN_NODE_00462,RN_NODE_00454,0,RN_ROAD_00412,RN_ROAD_00412,residential,,68.15802449183667,road_line_intersected_raster_cells_all_touched,mapped,5,0.005712940823286772,0.0037075132597237824,0.005544697586447001,1.0,0.0,0.0,0.0
030_060,30,60,RN_ROAD_00407,RN_NODE_00484,RN_NODE_00493,0,RN_ROAD_00407,RN_ROAD_00407,tertiary,['Madhavrao Peshve Marg'],151.42783042971755,road_line_intersected_raster_cells_all_touched,mapped,6,0.02012033760547638,0.010698857018724084,0.017951345071196556,1.0,0.16666666666666666,0.0,0.0
030_060,30,60,RN_ROAD_00410,RN_NODE_00484,RN_NODE_00482,0,RN_ROAD_00410,RN_ROAD_00410,tertiary,['Baburao Phule Path'],43.36285704283589,road_line_intersected_raster_cells_all_touched,mapped,2,0.001898257527500391,0.001524351944681257,0.0018234764109365642,1.0,0.0,0.0,0.0
030_060,30,60,RN_ROAD_00192,RN_NODE_00422,RN_NODE_00424,0,RN_ROAD_00192,RN_ROAD_00192,primary,['Barrister Nath Pai Chowk'],3.454841232823886,road_line_intersected_raster_cells_all_touched,mapped,1,0.004513139370828867,0.004513139370828867,0.004513139370828867,1.0,0.0,0.0,0.0
030_060,30,60,RN_ROAD_00194,RN_NODE_00424,RN_NODE_00430,0,RN_ROAD_00194,RN_ROAD_00194,primary,['Barrister Nath Pai Chowk'],16.27953871942635,road_line_intersected_raster_cells_all_touched,mapped,1,0.004513139370828867,0.004513139370828867,0.004513139370828867,1.0,0.0,0.0,0.0
030_060,30,60,RN_ROAD_00394,RN_NODE_00424,RN_NODE_00419,0,RN_ROAD_00394,RN_ROAD_00394,primary,['Lalbahadur Shashtri Marg'],83.34327025328123,road_line_intersected_raster_cells_all_touched,mapped,5,0.02331472374498844,0.008248572750017048,0.01668086051940918,1.0,0.2,0.0,0.0
030_060,30,60,RN_ROAD_00196,RN_NODE_00430,RN_NODE_00429,0,RN_ROAD_00196,RN_ROAD_00196,primary,['Lalbahadur Shashtri Marg'],53.98639280086231,road_line_intersected_raster_cells_all_touched,mapped,3,0.004513139370828867,0.0037326914413521686,0.0044236952438950535,1.0,0.0,0.0,0.0
030_060,30,60,RN_ROAD_00395,RN_NODE_00429,RN_NODE_00448,0,RN_ROAD_00395,RN_ROAD_00395,residential,,51.865832973703135,road_line_intersected_raster_cells_all_touched,mapped,3,0.00558405090123415,0.00486180263881882,0.005454328376799822,1.0,0.0,0.0,0.0
030_060,30,60,RN_ROAD_00397,RN_NODE_00429,RN_NODE_00420,0,RN_ROAD_00397,RN_ROAD_00397,primary,['Lalbahadur Shashtri Marg'],77.30501554487705,road_line_intersected_raster_cells_all_touched,mapped,4,0.04091989994049072,0.019530471181496978,0.033752663061022765,1.0,0.25,0.0,0.0
030_060,30,60,RN_ROAD_00398,RN_NODE_00448,RN_NODE_00439,0,RN_ROAD_00398,RN_ROAD_00398,residential,,76.575133742593,road_line_intersected_raster_cells_all_touched,mapped,4,0.01133674755692482,0.007753720856271684,0.01068331729620695,1.0,0.0,0.0,0.0
030_060,30,60,RN_ROAD_00198,RN_NODE_00166,RN_NODE_00165,0,RN_ROAD_00198,RN_ROAD_00198,tertiary,['Dattawadi Road'],23.711591631033937,road_line_intersected_raster_cells_all_touched,mapped,1,0.00010803585610119626,0.00010803585610119626,0.00010803585610119626,1.0,0.0,0.0,0.0
030_060,30,60,RN_ROAD_00199,RN_NODE_00166,RN_NODE_00141,0,RN_ROAD_00199,RN_ROAD_00199,residential,,61.1673939522506,road_line_intersected_raster_cells_all_touched,mapped,3,0.00010803585610119626,4.528237597393551e-05,9.173990365525243e-05,1.0,0.0,0.0,0.0
030_060,30,60,RN_ROAD_00200,RN_NODE_00141,RN_NODE_00140,0,RN_ROAD_00200,RN_ROAD_00200,residential,,42.2760922799476,road_line_intersected_raster_cells_all_touched,mapped,3,0.00011955213267356157,6.08622924573865e-05,0.00010799761948874221,1.0,0.0,0.0,0.0
030_060,30,60,RN_ROAD_00207,RN_NODE_00141,RN_NODE_00110,0,RN_ROAD_00207,RN_ROAD_00207,residential,,148.47841605228805,road_line_intersected_raster_cells_all_touched,mapped,6,1.5421341231558472e-05,8.270934245047101e-06,1.541685651318403e-05,1.0,0.0,0.0,0.0
030_060,30,60,RN_ROAD_00202,RN_NODE_00140,RN_NODE_00138,0,RN_ROAD_00202,RN_ROAD_00202,residential,,29.08650734321614,road_line_intersected_raster_cells_all_touched,mapped,1,0.00011955213267356157,0.00011955213267356157,0.00011955213267356157,1.0,0.0,0.0,0.0
030_060,30,60,RN_ROAD_00212,RN_NODE_00140,RN_NODE_00122,0,RN_ROAD_00212,RN_ROAD_00212,residential,,100.78909039161152,road_line_intersected_raster_cells_all_touched,mapped,4,0.002647251123562455,0.000933458999497816,0.0020657652174122633,1.0,0.0,0.0,0.0
030_060,30,60,RN_ROAD_00205,RN_NODE_00138,RN_NODE_00139,0,RN_ROAD_00205,RN_ROAD_00205,residential,,20.0521726676243,road_line_intersected_raster_cells_all_touched,mapped,2,0.0011038302909582853,0.0006116912118159235,0.001005402475129813,1.0,0.0,0.0,0.0
030_060,30,60,RN_ROAD_00206,RN_NODE_00168,RN_NODE_00139,0,RN_ROAD_00206,RN_ROAD_00206,residential,,62.80789832791941,road_line_intersected_raster_cells_all_touched,mapped,3,0.0013992860913276672,0.001048695994541049,0.001340194931253791,1.0,0.0,0.0,0.0
030_060,30,60,RN_ROAD_00217,RN_NODE_00168,RN_NODE_00171,0,RN_ROAD_00217,RN_ROAD_00217,tertiary,['Dattawadi Road'],33.763713386290256,road_line_intersected_raster_cells_all_touched,mapped,3,0.0013992860913276672,0.0011205987733167906,0.0013389917323365808,1.0,0.0,0.0,0.0
030_060,30,60,RN_ROAD_00213,RN_NODE_00139,RN_NODE_00104,0,RN_ROAD_00213,RN_ROAD_00213,residential,,180.55598741026415,road_line_intersected_raster_cells_all_touched,mapped,7,0.0037986990064382553,0.0014756172890234406,0.003246016008779407,1.0,0.0,0.0,0.0
030_060,30,60,RN_ROAD_00208,RN_NODE_00110,RN_NODE_00101,0,RN_ROAD_00208,RN_ROAD_00208,residential,,43.93787846212482,road_line_intersected_raster_cells_all_touched,mapped,1,8.447141226497479e-06,8.447141226497479e-06,8.447141226497479e-06,1.0,0.0,0.0,0.0
030_060,30,60,RN_ROAD_00209,RN_NODE_00110,RN_NODE_00109,0,RN_ROAD_00209,RN_ROAD_00209,residential,,38.916777274479244,road_line_intersected_raster_cells_all_touched,mapped,2,1.3926293831900693e-05,1.1186717529199086e-05,1.3378378571360373e-05,1.0,0.0,0.0,0.0
030_060,30,60,RN_ROAD_00210,RN_NODE_00109,RN_NODE_00103,0,RN_ROAD_00210,RN_ROAD_00210,residential,,35.50854082983085,road_line_intersected_raster_cells_all_touched,mapped,2,1.3926293831900693e-05,1.11038511931838e-05,1.3361805304157315e-05,1.0,0.0,0.0,0.0
030_060,30,60,RN_ROAD_00211,RN_NODE_00109,RN_NODE_00119,0,RN_ROAD_00211,RN_ROAD_00211,residential,,23.86233557837472,road_line_intersected_raster_cells_all_touched,mapped,2,2.497761852282565e-05,1.9451956177363172e-05,2.3872486053733155e-05,1.0,0.0,0.0,0.0
030_060,30,60,RN_ROAD_00214,RN_NODE_00114,RN_NODE_00113,0,RN_ROAD_00214,RN_ROAD_00214,residential,,25.95861190557072,road_line_intersected_raster_cells_all_touched,mapped,2,0.003294763620942831,0.0017012224125210196,0.002976055379258469,1.0,0.0,0.0,0.0
030_060,30,60,RN_ROAD_00216,RN_NODE_00113,RN_NODE_00107,0,RN_ROAD_00216,RN_ROAD_00216,residential,,51.616018334058886,road_line_intersected_raster_cells_all_touched,mapped,3,0.003294763620942831,0.0014645515620941296,0.0028124577132984997,1.0,0.0,0.0,0.0
030_060,30,60,RN_ROAD_00229,RN_NODE_00113,RN_NODE_00120,0,RN_ROAD_00229,RN_ROAD_00229,residential,,25.687960609079266,road_line_intersected_raster_cells_all_touched,mapped,2,0.003294763620942831,0.0026145337033085525,0.003158717637415975,1.0,0.0,0.0,0.0
030_060,30,60,RN_ROAD_00215,RN_NODE_00121,RN_NODE_00120,0,RN_ROAD_00215,RN_ROAD_00215,residential,,25.484884391371224,road_line_intersected_raster_cells_all_touched,mapped,2,0.001934303785674274,0.0016157751088030636,0.001870598050300032,1.0,0.0,0.0,0.0
030_060,30,60,RN_ROAD_00230,RN_NODE_00120,RN_NODE_00123,0,RN_ROAD_00230,RN_ROAD_00230,residential,,26.342550618373256,road_line_intersected_raster_cells_all_touched,mapped,2,0.0027388304006308317,0.002336567093152553,0.0026583777391351758,1.0,0.0,0.0,0.0
030_060,30,60,RN_ROAD_00218,RN_NODE_00171,RN_NODE_00185,0,RN_ROAD_00218,RN_ROAD_00218,residential,,34.60001570096885,road_line_intersected_raster_cells_all_touched,mapped,2,0.0011358134215697646,0.0010002546769101173,0.001108701672637835,1.0,0.0,0.0,0.0
030_060,30,60,RN_ROAD_00221,RN_NODE_00173,RN_NODE_00127,0,RN_ROAD_00221,RN_ROAD_00221,residential,,110.36880758273932,road_line_intersected_raster_cells_all_touched,mapped,5,0.004909299314022064,0.0036463235970586537,0.004501545708626509,1.0,0.0,0.0,0.0
030_060,30,60,RN_ROAD_00232,RN_NODE_00127,RN_NODE_00125,0,RN_ROAD_00232,RN_ROAD_00232,residential,,33.8522105579885,road_line_intersected_raster_cells_all_touched,mapped,2,0.0038899153005331755,0.0033143728505820036,0.0037748068105429413,1.0,0.0,0.0,0.0
030_060,30,60,RN_ROAD_00233,RN_NODE_00127,RN_NODE_00118,0,RN_ROAD_00233,RN_ROAD_00233,residential,,83.00094768295304,road_line_intersected_raster_cells_all_touched,mapped,4,0.0038899153005331755,0.002964453276945278,0.0037113697966560722,1.0,0.0,0.0,0.0
030_060,30,60,RN_ROAD_00223,RN_NODE_00129,RN_NODE_00130,0,RN_ROAD_00223,RN_ROAD_00223,residential,,32.89279538752702,road_line_intersected_raster_cells_all_touched,mapped,2,0.0016671644989401102,0.0015093640540726483,0.0016356044099666179,1.0,0.0,0.0,0.0
030_060,30,60,RN_ROAD_00224,RN_NODE_00130,RN_NODE_00149,0,RN_ROAD_00224,RN_ROAD_00224,residential,,55.605474866051736,road_line_intersected_raster_cells_all_touched,mapped,3,0.010069058276712894,0.005160020353893439,0.008804014278575778,1.0,0.0,0.0,0.0
030_060,30,60,RN_ROAD_00225,RN_NODE_00130,RN_NODE_00132,0,RN_ROAD_00225,RN_ROAD_00225,residential,,34.538218934489144,road_line_intersected_raster_cells_all_touched,mapped,2,0.0016671644989401102,0.001490699069108814,0.0016318714129738509,1.0,0.0,0.0,0.0
030_060,30,60,RN_ROAD_00236,RN_NODE_00132,RN_NODE_00136,0,RN_ROAD_00236,RN_ROAD_00236,residential,,43.04473956607721,road_line_intersected_raster_cells_all_touched,mapped,3,0.009158366359770298,0.0055627553180481,0.008569826278835535,1.0,0.0,0.0,0.0
030_060,30,60,RN_ROAD_00227,RN_NODE_00124,RN_NODE_00123,0,RN_ROAD_00227,RN_ROAD_00227,residential,,23.141031158802942,road_line_intersected_raster_cells_all_touched,mapped,2,0.0027388304006308317,0.0022271748748607934,0.002636499295476824,1.0,0.0,0.0,0.0
030_060,30,60,RN_ROAD_00231,RN_NODE_00123,RN_NODE_00125,0,RN_ROAD_00231,RN_ROAD_00231,residential,,27.65176740977875,road_line_intersected_raster_cells_all_touched,mapped,1,0.0027388304006308317,0.0027388304006308317,0.0027388304006308317,1.0,0.0,0.0,0.0
030_060,30,60,RN_ROAD_00228,RN_NODE_00126,RN_NODE_00125,0,RN_ROAD_00228,RN_ROAD_00228,residential,,22.284229795471415,road_line_intersected_raster_cells_all_touched,mapped,3,0.0027388304006308317,0.002250762229474882,0.0026506517082452775,1.0,0.0,0.0,0.0
030_060,30,60,RN_ROAD_00234,RN_NODE_00090,RN_NODE_00068,0,RN_ROAD_00234,RN_ROAD_00234,secondary,['Raja Mantri Path'],542.1684999454002,road_line_intersected_raster_cells_all_touched,mapped,23,0.10773476213216782,0.01954881531064925,0.04924167916178704,0.8260869565217391,0.2608695652173913,0.043478260869565216,0.0
030_060,30,60,RN_ROAD_00284,RN_NODE_00090,RN_NODE_00088,0,RN_ROAD_00284,RN_ROAD_00284,secondary_link,,8.880744024180427,road_line_intersected_raster_cells_all_touched,mapped,1,0.03227520361542702,0.03227520361542702,0.03227520361542702,1.0,1.0,0.0,0.0
030_060,30,60,RN_ROAD_00286,RN_NODE_00090,RN_NODE_00092,0,RN_ROAD_00286,RN_ROAD_00286,secondary,['Raja Mantri Path'],181.64061004240045,road_line_intersected_raster_cells_all_touched,mapped,7,0.03227520361542702,0.017497000816677297,0.027440657094120982,1.0,0.2857142857142857,0.0,0.0
030_060,30,60,RN_ROAD_00235,RN_NODE_00066,RN_NODE_00088,0,RN_ROAD_00235,RN_ROAD_00235,secondary,['Raja Mantri Path'],535.0824107204273,road_line_intersected_raster_cells_all_touched,mapped,23,0.10773476213216782,0.01985470355366883,0.04924167916178704,0.8260869565217391,0.30434782608695654,0.043478260869565216,0.0
030_060,30,60,RN_ROAD_00285,RN_NODE_00088,RN_NODE_00086,0,RN_ROAD_00285,RN_ROAD_00285,secondary,['Raja Mantri Path'],181.77458684106534,road_line_intersected_raster_cells_all_touched,mapped,7,0.03227520361542702,0.017497000816677297,0.027440657094120982,1.0,0.2857142857142857,0.0,0.0
030_060,30,60,RN_ROAD_00238,RN_NODE_00136,RN_NODE_00150,0,RN_ROAD_00238,RN_ROAD_00238,residential,,44.72295405595635,road_line_intersected_raster_cells_all_touched,mapped,2,0.012751424685120583,0.01095489552244544,0.012392118852585555,1.0,0.0,0.0,0.0
030_060,30,60,RN_ROAD_00240,RN_NODE_00136,RN_NODE_00164,0,RN_ROAD_00240,RN_ROAD_00240,residential,,102.0335001644682,road_line_intersected_raster_cells_all_touched,mapped,5,0.010984797030687332,0.008434191904962062,0.010254224762320518,1.0,0.0,0.0,0.0
030_060,30,60,RN_ROAD_00239,RN_NODE_00150,RN_NODE_00156,0,RN_ROAD_00239,RN_ROAD_00239,residential,,39.195136141472005,road_line_intersected_raster_cells_all_touched,mapped,3,0.012751424685120583,0.010456614817182222,0.012348979152739048,1.0,0.0,0.0,0.0
030_060,30,60,RN_ROAD_00242,RN_NODE_00156,RN_NODE_00164,0,RN_ROAD_00242,RN_ROAD_00242,residential,,26.861595267278346,road_line_intersected_raster_cells_all_touched,mapped,2,0.01073919702321291,0.009134917985647917,0.01041834121569991,1.0,0.0,0.0,0.0
030_060,30,60,RN_ROAD_00243,RN_NODE_00164,RN_NODE_00175,0,RN_ROAD_00243,RN_ROAD_00243,residential,,20.050148555016975,road_line_intersected_raster_cells_all_touched,mapped,2,0.007530638948082924,0.006976482691243291,0.007419807696714997,1.0,0.0,0.0,0.0
030_060,30,60,RN_ROAD_00245,RN_NODE_00175,RN_NODE_00174,0,RN_ROAD_00245,RN_ROAD_00245,residential,,37.245679728321754,road_line_intersected_raster_cells_all_touched,mapped,2,0.006422326434403658,0.005498206475749612,0.006237502442672849,1.0,0.0,0.0,0.0
030_060,30,60,RN_ROAD_00255,RN_NODE_00174,RN_NODE_00137,0,RN_ROAD_00255,RN_ROAD_00255,tertiary,,80.72682467278436,road_line_intersected_raster_cells_all_touched,mapped,4,0.013945269398391247,0.008193811867386103,0.011970225349068643,1.0,0.0,0.0,0.0
030_060,30,60,RN_ROAD_00246,RN_NODE_00048,RN_NODE_00047,0,RN_ROAD_00246,RN_ROAD_00246,residential,,17.21816858329121,road_line_intersected_raster_cells_all_touched,mapped,2,0.0,0.0,0.0,0.0,0.0,0.0,0.0
030_060,30,60,RN_ROAD_00247,RN_NODE_00048,RN_NODE_00042,0,RN_ROAD_00247,RN_ROAD_00247,residential,,22.173895446461863,road_line_intersected_raster_cells_all_touched,mapped,2,0.0,0.0,0.0,0.0,0.0,0.0,0.0
030_060,30,60,RN_ROAD_00248,RN_NODE_00048,RN_NODE_00051,0,RN_ROAD_00248,RN_ROAD_00248,residential,,17.273740242986737,road_line_intersected_raster_cells_all_touched,mapped,1,0.0,0.0,0.0,0.0,0.0,0.0,0.0
030_060,30,60,RN_ROAD_00249,RN_NODE_00026,RN_NODE_00025,0,RN_ROAD_00249,RN_ROAD_00249,tertiary,['Maai Mangeshkar Path'],7.738915070888369,road_line_intersected_raster_cells_all_touched,outside_valid_flood_grid,0,,,,,,,
030_060,30,60,RN_ROAD_00250,RN_NODE_00026,RN_NODE_00050,0,RN_ROAD_00250,RN_ROAD_00250,residential,,89.55329276010445,road_line_intersected_raster_cells_all_touched,mapped,3,0.0,0.0,0.0,0.0,0.0,0.0,0.0
030_060,30,60,RN_ROAD_00251,RN_NODE_00026,RN_NODE_00037,0,RN_ROAD_00251,RN_ROAD_00251,tertiary,['Maai Mangeshkar Path'],116.09553120361898,road_line_intersected_raster_cells_all_touched,mapped,5,0.0,0.0,0.0,0.0,0.0,0.0,0.0
030_060,30,60,RN_ROAD_00252,RN_NODE_00037,RN_NODE_00022,0,RN_ROAD_00252,RN_ROAD_00252,residential,,40.722524358066856,road_line_intersected_raster_cells_all_touched,mapped,2,0.0,0.0,0.0,0.0,0.0,0.0,0.0
030_060,30,60,RN_ROAD_00253,RN_NODE_00037,RN_NODE_00038,0,RN_ROAD_00253,RN_ROAD_00253,tertiary,['Maai Mangeshkar Path'],79.60523347943776,road_line_intersected_raster_cells_all_touched,mapped,5,0.0006197851034812629,0.00012395702069625258,0.0003718710620887578,0.2,0.0,0.0,0.0
030_060,30,60,RN_ROAD_00254,RN_NODE_00038,RN_NODE_00029,0,RN_ROAD_00254,RN_ROAD_00254,residential,,31.286873855373255,road_line_intersected_raster_cells_all_touched,mapped,2,0.0006197851034812629,0.00037251313915476203,0.0005703307106159627,1.0,0.0,0.0,0.0
030_060,30,60,RN_ROAD_00265,RN_NODE_00038,RN_NODE_00040,0,RN_ROAD_00265,RN_ROAD_00265,tertiary,['Maai Mangeshkar Path'],33.64313860129337,road_line_intersected_raster_cells_all_touched,mapped,2,0.002168877050280571,0.001394331076880917,0.00201396785560064,1.0,0.0,0.0,0.0
030_060,30,60,RN_ROAD_00259,RN_NODE_00152,RN_NODE_00142,0,RN_ROAD_00259,RN_ROAD_00259,residential,,34.20403509709737,road_line_intersected_raster_cells_all_touched,mapped,3,2.566617922639125e-06,8.55539307546375e-07,2.0532943381113e-06,0.3333333333333333,0.0,0.0,0.0
030_060,30,60,RN_ROAD_00261,RN_NODE_00152,RN_NODE_00151,0,RN_ROAD_00261,RN_ROAD_00261,residential,,98.24234308064158,road_line_intersected_raster_cells_all_touched,mapped,4,0.0,0.0,0.0,0.0,0.0,0.0,0.0
030_060,30,60,RN_ROAD_00262,RN_NODE_00177,RN_NODE_00151,0,RN_ROAD_00262,RN_ROAD_00262,residential,,38.66015217871509,road_line_intersected_raster_cells_all_touched,mapped,2,0.0,0.0,0.0,0.0,0.0,0.0,0.0
030_060,30,60,RN_ROAD_00263,RN_NODE_00151,RN_NODE_00147,0,RN_ROAD_00263,RN_ROAD_00263,residential,,64.18004141029843,road_line_intersected_raster_cells_all_touched,mapped,4,5.236091737970128e-07,2.8183947620163963e-07,4.861983143200633e-07,0.75,0.0,0.0,0.0
030_060,30,60,RN_ROAD_00264,RN_NODE_00147,RN_NODE_00203,0,RN_ROAD_00264,RN_ROAD_00264,residential,,109.35263911703977,road_line_intersected_raster_cells_all_touched,mapped,4,0.00027007824974134564,9.576583639159253e-05,0.00022288885083980863,0.75,0.0,0.0,0.0
030_060,30,60,RN_ROAD_00274,RN_NODE_00147,RN_NODE_00145,0,RN_ROAD_00274,RN_ROAD_00274,residential,,35.43034675538185,road_line_intersected_raster_cells_all_touched,mapped,2,3.5297263821121305e-05,1.77510531216285e-05,3.178802168122274e-05,1.0,0.0,0.0,0.0
030_060,30,60,RN_ROAD_00309,RN_NODE_00203,RN_NODE_00214,0,RN_ROAD_00309,RN_ROAD_00309,residential,,38.13737210872941,road_line_intersected_raster_cells_all_touched,mapped,2,0.0015238828491419554,0.0008969805494416505,0.0013985023892018945,1.0,0.0,0.0,0.0
030_060,30,60,RN_ROAD_00310,RN_NODE_00203,RN_NODE_00204,0,RN_ROAD_00310,RN_ROAD_00310,residential,,37.89528305371548,road_line_intersected_raster_cells_all_touched,mapped,2,0.00029745438951067626,0.00028376631962601095,0.0002947167755337432,1.0,0.0,0.0,0.0
030_060,30,60,RN_ROAD_00266,RN_NODE_00040,RN_NODE_00033,0,RN_ROAD_00266,RN_ROAD_00266,residential,,32.29472785222386,road_line_intersected_raster_cells_all_touched,mapped,2,0.002168877050280571,0.0014993250952102244,0.0020349666592665017,1.0,0.0,0.0,0.0
030_060,30,60,RN_ROAD_00267,RN_NODE_00040,RN_NODE_00041,0,RN_ROAD_00267,RN_ROAD_00267,tertiary,['Maai Mangeshkar Path'],35.86743204986393,road_line_intersected_raster_cells_all_touched,mapped,2,0.008092805743217468,0.00513084139674902,0.0075004128739237785,1.0,0.0,0.0,0.0
030_060,30,60,RN_ROAD_00268,RN_NODE_00041,RN_NODE_00032,0,RN_ROAD_00268,RN_ROAD_00268,living_street,,38.09073575062562,road_line_intersected_raster_cells_all_touched,mapped,2,0.008092805743217468,0.004755811009090394,0.007425406796392054,1.0,0.0,0.0,0.0
030_060,30,60,RN_ROAD_00269,RN_NODE_00041,RN_NODE_00043,0,RN_ROAD_00269,RN_ROAD_00269,tertiary,['Maai Mangeshkar Path'],35.921159646361346,road_line_intersected_raster_cells_all_touched,mapped,2,0.013497809879481792,0.01079530781134963,0.01295730946585536,1.0,0.0,0.0,0.0
030_060,30,60,RN_ROAD_00270,RN_NODE_00043,RN_NODE_00035,0,RN_ROAD_00270,RN_ROAD_00270,living_street,,28.321194704419977,road_line_intersected_raster_cells_all_touched,mapped,2,0.013497809879481792,0.00807614775840193,0.01241347745526582,1.0,0.0,0.0,0.0
030_060,30,60,RN_ROAD_00271,RN_NODE_00043,RN_NODE_00045,0,RN_ROAD_00271,RN_ROAD_00271,tertiary,['Maai Mangeshkar Path'],45.21227035628405,road_line_intersected_raster_cells_all_touched,mapped,3,0.013497809879481792,0.010425535961985588,0.012602969817817212,1.0,0.0,0.0,0.0
030_060,30,60,RN_ROAD_00273,RN_NODE_00045,RN_NODE_00024,0,RN_ROAD_00273,RN_ROAD_00273,tertiary,['Imambhai Shekh Path'],97.52583126789406,road_line_intersected_raster_cells_all_touched,mapped,5,0.04182407632470131,0.021897723712027074,0.03452322110533714,1.0,0.4,0.0,0.0
030_060,30,60,RN_ROAD_00502,RN_NODE_00045,RN_NODE_00067,0,RN_ROAD_00502,RN_ROAD_00502,tertiary,,338.9663293358875,road_line_intersected_raster_cells_all_touched,mapped,14,0.009410405531525612,0.0029502074502098757,0.008211601525545124,1.0,0.0,0.0,0.0
030_060,30,60,RN_ROAD_00272,RN_NODE_00015,RN_NODE_00007,0,RN_ROAD_00272,RN_ROAD_00272,residential,,43.72583879407543,road_line_intersected_raster_cells_all_touched,mapped,2,0.002223591785877943,0.0013766891497652978,0.002054211258655414,1.0,0.0,0.0,0.0
030_060,30,60,RN_ROAD_00497,RN_NODE_00024,RN_NODE_00036,0,RN_ROAD_00497,RN_ROAD_00497,residential,,42.04807444879407,road_line_intersected_raster_cells_all_touched,mapped,3,0.04472140222787857,0.03421210932234923,0.04414193704724312,1.0,0.6666666666666666,0.0,0.0
030_060,30,60,RN_ROAD_00498,RN_NODE_00024,RN_NODE_00017,0,RN_ROAD_00498,RN_ROAD_00498,tertiary,['Imambhai Shekh Path'],54.42305386220086,road_line_intersected_raster_cells_all_touched,mapped,3,0.023651624098420143,0.01638615131378174,0.022139469161629677,1.0,0.3333333333333333,0.0,0.0
030_060,30,60,RN_ROAD_00275,RN_NODE_00145,RN_NODE_00158,0,RN_ROAD_00275,RN_ROAD_00275,residential,,36.58495124293622,road_line_intersected_raster_cells_all_touched,mapped,2,3.5297263821121305e-05,2.970088189613307e-05,3.417798743612366e-05,1.0,0.0,0.0,0.0
030_060,30,60,RN_ROAD_00277,RN_NODE_00145,RN_NODE_00144,0,RN_ROAD_00277,RN_ROAD_00277,residential,,35.00719862840988,road_line_intersected_raster_cells_all_touched,mapped,2,6.206848047440872e-05,4.868287214776501e-05,5.9391358809079976e-05,1.0,0.0,0.0,0.0
030_060,30,60,RN_ROAD_00276,RN_NODE_00158,RN_NODE_00179,0,RN_ROAD_00276,RN_ROAD_00276,residential,,36.16329374852845,road_line_intersected_raster_cells_all_touched,mapped,2,0.00014970592746976763,8.690521372045623e-05,0.00013714578471990535,1.0,0.0,0.0,0.0
030_060,30,60,RN_ROAD_00278,RN_NODE_00158,RN_NODE_00157,0,RN_ROAD_00278,RN_ROAD_00278,residential,,80.44428386777018,road_line_intersected_raster_cells_all_touched,mapped,3,0.0014597901608794928,0.0009276768766236879,0.0014276593225076794,1.0,0.0,0.0,0.0
030_060,30,60,RN_ROAD_00279,RN_NODE_00179,RN_NODE_00155,0,RN_ROAD_00279,RN_ROAD_00279,residential,,148.95690401777097,road_line_intersected_raster_cells_all_touched,mapped,6,0.010769665241241455,0.004587244361270375,0.009113225853070617,1.0,0.0,0.0,0.0
030_060,30,60,RN_ROAD_00312,RN_NODE_00179,RN_NODE_00204,0,RN_ROAD_00312,RN_ROAD_00312,residential,,37.95511146599418,road_line_intersected_raster_cells_all_touched,mapped,2,0.00029745438951067626,0.00022358015849022195,0.0002826795433065854,1.0,0.0,0.0,0.0
030_060,30,60,RN_ROAD_00280,RN_NODE_00157,RN_NODE_00134,0,RN_ROAD_00280,RN_ROAD_00280,residential,,60.58073034544784,road_line_intersected_raster_cells_all_touched,mapped,3,0.0018334070919081569,0.0012407436831078182,0.001758683705702424,1.0,0.0,0.0,0.0
030_060,30,60,RN_ROAD_00281,RN_NODE_00157,RN_NODE_00155,0,RN_ROAD_00281,RN_ROAD_00281,residential,,38.5710901617012,road_line_intersected_raster_cells_all_touched,mapped,3,0.004722593352198601,0.003141064507265886,0.0044262366835027935,1.0,0.0,0.0,0.0
030_060,30,60,RN_ROAD_00282,RN_NODE_00155,RN_NODE_00128,0,RN_ROAD_00282,RN_ROAD_00282,residential,,72.84714857744858,road_line_intersected_raster_cells_all_touched,mapped,4,0.004722593352198601,0.0029844690288882703,0.004617452435195446,1.0,0.0,0.0,0.0
030_060,30,60,RN_ROAD_00283,RN_NODE_00155,RN_NODE_00153,0,RN_ROAD_00283,RN_ROAD_00283,residential,,34.60886720259333,road_line_intersected_raster_cells_all_touched,mapped,2,0.004722593352198601,0.004622599575668573,0.004702594596892595,1.0,0.0,0.0,0.0
030_060,30,60,RN_ROAD_00288,RN_NODE_00153,RN_NODE_00092,0,RN_ROAD_00288,RN_ROAD_00288,secondary,['Anant Kanhere Path' 'Raveendra Mhatre Bridge'],311.4579766061257,road_line_intersected_raster_cells_all_touched,mapped,12,0.5392863750457764,0.09551142702306,0.27795839905738834,1.0,0.3333333333333333,0.25,0.08333333333333333
030_060,30,60,RN_ROAD_00524,RN_NODE_00153,RN_NODE_00202,0,RN_ROAD_00524,RN_ROAD_00524,secondary,['Anant Kanhere Path'],75.421502231172,road_line_intersected_raster_cells_all_touched,mapped,3,0.10498493909835815,0.04069218380997578,0.08650175258517266,1.0,0.3333333333333333,0.3333333333333333,0.0
030_060,30,60,RN_ROAD_00525,RN_NODE_00153,RN_NODE_00154,0,RN_ROAD_00525,RN_ROAD_00525,residential,,6.764455261674849,road_line_intersected_raster_cells_all_touched,mapped,1,0.004522605799138546,0.004522605799138546,0.004522605799138546,1.0,0.0,0.0,0.0
030_060,30,60,RN_ROAD_00287,RN_NODE_00086,RN_NODE_00092,0,RN_ROAD_00287,RN_ROAD_00287,secondary,['Raveendra Mhatre Bridge'],14.257326710582095,road_line_intersected_raster_cells_all_touched,mapped,1,0.01235809363424778,0.01235809363424778,0.01235809363424778,1.0,0.0,0.0,0.0
030_060,30,60,RN_ROAD_00290,RN_NODE_00086,RN_NODE_00067,0,RN_ROAD_00290,RN_ROAD_00290,secondary,['Amrutrao Khilare Path' 'Raveendra Mhatre Bridge'],198.1201234455136,road_line_intersected_raster_cells_all_touched,mapped,9,0.024392150342464447,0.0070823695322259385,0.019781953096389773,1.0,0.1111111111111111,0.0,0.0
030_060,30,60,RN_ROAD_00289,RN_NODE_00069,RN_NODE_00154,0,RN_ROAD_00289,RN_ROAD_00289,secondary,['Anant Kanhere Path' 'Amrutrao Khilare Path' 'Raveendra Mhatre Bridge'],443.911033396087,road_line_intersected_raster_cells_all_touched,mapped,16,0.5392863750457764,0.07449381726178217,0.23077884316444397,1.0,0.3125,0.1875,0.0625
030_060,30,60,RN_ROAD_00291,RN_NODE_00069,RN_NODE_00071,0,RN_ROAD_00291,RN_ROAD_00291,residential,['Gangaram Dhanvat Path'],42.18128420734655,road_line_intersected_raster_cells_all_touched,mapped,3,0.0014710291288793087,0.0008061484974556757,0.0013570442562922836,1.0,0.0,0.0,0.0
030_060,30,60,RN_ROAD_00535,RN_NODE_00069,RN_NODE_00064,0,RN_ROAD_00535,RN_ROAD_00535,secondary,['Amrutrao Khilare Path'],152.1298739438697,road_line_intersected_raster_cells_all_touched,mapped,8,0.007615606300532818,0.0022735974539500603,0.004939561057835816,1.0,0.0,0.0,0.0
030_060,30,60,RN_ROAD_00526,RN_NODE_00154,RN_NODE_00169,0,RN_ROAD_00526,RN_ROAD_00526,secondary,['Anant Kanhere Path'],23.53416301472962,road_line_intersected_raster_cells_all_touched,mapped,1,0.004522605799138546,0.004522605799138546,0.004522605799138546,1.0,0.0,0.0,0.0
030_060,30,60,RN_ROAD_00529,RN_NODE_00154,RN_NODE_00159,0,RN_ROAD_00529,RN_ROAD_00529,residential,,45.867397533557956,road_line_intersected_raster_cells_all_touched,mapped,3,0.004522605799138546,0.003686535249774655,0.004324667062610388,1.0,0.0,0.0,0.0
030_060,30,60,RN_ROAD_00539,RN_NODE_00067,RN_NODE_00063,0,RN_ROAD_00539,RN_ROAD_00539,secondary,['Amrutrao Khilare Path'],86.28041586152774,road_line_intersected_raster_cells_all_touched,mapped,5,0.014453514479100704,0.0069538663607090715,0.01171835120767355,1.0,0.0,0.0,0.0
030_060,30,60,RN_ROAD_00293,RN_NODE_00071,RN_NODE_00079,0,RN_ROAD_00293,RN_ROAD_00293,residential,,82.84060098201485,road_line_intersected_raster_cells_all_touched,mapped,4,0.002225498901680112,0.0015911056543700397,0.0020865518483333292,1.0,0.0,0.0,0.0
030_060,30,60,RN_ROAD_00536,RN_NODE_00071,RN_NODE_00072,0,RN_ROAD_00536,RN_ROAD_00536,residential,['Gangaram Dhanvat Path'],35.06478297071743,road_line_intersected_raster_cells_all_touched,mapped,2,0.0009011047659441829,0.0006938351725693792,0.0008596508472692221,1.0,0.0,0.0,0.0
030_060,30,60,RN_ROAD_00292,RN_NODE_00082,RN_NODE_00079,0,RN_ROAD_00292,RN_ROAD_00292,residential,,31.523164508787627,road_line_intersected_raster_cells_all_touched,mapped,2,0.0071217333897948265,0.004442037723492831,0.006585794256534427,1.0,0.0,0.0,0.0
030_060,30,60,RN_ROAD_00537,RN_NODE_00079,RN_NODE_00085,0,RN_ROAD_00537,RN_ROAD_00537,residential,,25.94260677024421,road_line_intersected_raster_cells_all_touched,mapped,3,0.00409757811576128,0.002146823661557088,0.003630530904047191,1.0,0.0,0.0,0.0
030_060,30,60,RN_ROAD_00298,RN_NODE_00263,RN_NODE_00271,0,RN_ROAD_00298,RN_ROAD_00298,residential,,83.57971270753288,road_line_intersected_raster_cells_all_touched,mapped,4,0.019196467474102974,0.006015870094415732,0.014389232685789469,1.0,0.0,0.0,0.0
030_060,30,60,RN_ROAD_00300,RN_NODE_00263,RN_NODE_00262,0,RN_ROAD_00300,RN_ROAD_00300,residential,,64.60159491377381,road_line_intersected_raster_cells_all_touched,mapped,3,0.010302861221134663,0.003959123433257143,0.008418141200672836,1.0,0.0,0.0,0.0
030_060,30,60,RN_ROAD_00302,RN_NODE_00255,RN_NODE_00266,0,RN_ROAD_00302,RN_ROAD_00302,residential,,60.614729101893765,road_line_intersected_raster_cells_all_touched,mapped,4,0.14626064896583557,0.03895310201914981,0.10417618127539757,1.0,0.25,0.25,0.0
030_060,30,60,RN_ROAD_00325,RN_NODE_00266,RN_NODE_00281,0,RN_ROAD_00325,RN_ROAD_00325,residential,,54.02302575307796,road_line_intersected_raster_cells_all_touched,mapped,3,0.002850413089618087,0.001976132703324159,0.002672690758481622,1.0,0.0,0.0,0.0
030_060,30,60,RN_ROAD_00327,RN_NODE_00266,RN_NODE_00248,0,RN_ROAD_00327,RN_ROAD_00327,residential,,78.48356376330446,road_line_intersected_raster_cells_all_touched,mapped,4,0.004418374039232731,0.002046697889454663,0.00368140225764364,1.0,0.0,0.0,0.0
030_060,30,60,RN_ROAD_00329,RN_NODE_00266,RN_NODE_00261,0,RN_ROAD_00329,RN_ROAD_00329,residential,,53.80249370302222,road_line_intersected_raster_cells_all_touched,mapped,3,0.0019618014339357615,0.0008689511062887808,0.0016389841795898974,1.0,0.0,0.0,0.0
030_060,30,60,RN_ROAD_00326,RN_NODE_00281,RN_NODE_00286,0,RN_ROAD_00326,RN_ROAD_00326,residential,,31.860041724128912,road_line_intersected_raster_cells_all_touched,mapped,2,0.0011161835864186287,0.0008492253546137363,0.0010627919400576502,1.0,0.0,0.0,0.0
030_060,30,60,RN_ROAD_00311,RN_NODE_00214,RN_NODE_00206,0,RN_ROAD_00311,RN_ROAD_00311,tertiary,['Dattawadi Road'],59.030518953440364,road_line_intersected_raster_cells_all_touched,mapped,2,0.003004007041454315,0.0022639449452981353,0.002855994622223079,1.0,0.0,0.0,0.0
030_060,30,60,RN_ROAD_00313,RN_NODE_00204,RN_NODE_00206,0,RN_ROAD_00313,RN_ROAD_00313,residential,,18.035376463423137,road_line_intersected_raster_cells_all_touched,mapped,2,0.003004007041454315,0.0016507307154824957,0.0027333517762599515,1.0,0.0,0.0,0.0
030_060,30,60,RN_ROAD_00344,RN_NODE_00206,RN_NODE_00202,0,RN_ROAD_00344,RN_ROAD_00344,tertiary,['Dattawadi Road'],131.89614971042946,road_line_intersected_raster_cells_all_touched,mapped,7,0.10498493909835815,0.02818122549381639,0.07529460191726686,1.0,0.2857142857142857,0.14285714285714285,0.0
030_060,30,60,RN_ROAD_00315,RN_NODE_00334,RN_NODE_00335,0,RN_ROAD_00315,RN_ROAD_00315,residential,,31.58303292093578,road_line_intersected_raster_cells_all_touched,mapped,2,0.001549477456137538,0.0011293574934825301,0.0014654534636065364,1.0,0.0,0.0,0.0
030_060,30,60,RN_ROAD_00318,RN_NODE_00335,RN_NODE_00333,0,RN_ROAD_00318,RN_ROAD_00318,residential,,3.484928869378495,road_line_intersected_raster_cells_all_touched,mapped,1,0.0007092375308275223,0.0007092375308275223,0.0007092375308275223,1.0,0.0,0.0,0.0
030_060,30,60,RN_ROAD_00321,RN_NODE_00333,RN_NODE_00332,0,RN_ROAD_00321,RN_ROAD_00321,residential,,43.10430892436066,road_line_intersected_raster_cells_all_touched,mapped,3,0.0009182372014038265,0.0005618440324421196,0.0008764372672885656,1.0,0.0,0.0,0.0
030_060,30,60,RN_ROAD_00323,RN_NODE_00312,RN_NODE_00332,0,RN_ROAD_00323,RN_ROAD_00323,residential,,52.250203462147866,road_line_intersected_raster_cells_all_touched,mapped,3,0.0005183130851946771,0.0002004447912137645,0.0004262619411747437,1.0,0.0,0.0,0.0
030_060,30,60,RN_ROAD_00334,RN_NODE_00312,RN_NODE_00310,0,RN_ROAD_00334,RN_ROAD_00334,residential,,28.0576508861656,road_line_intersected_raster_cells_all_touched,mapped,2,0.0005259818863123655,0.00027547290483198594,0.00047588009001628965,1.0,0.0,0.0,0.0
030_060,30,60,RN_ROAD_00335,RN_NODE_00332,RN_NODE_00331,0,RN_ROAD_00335,RN_ROAD_00335,residential,,26.537672219220823,road_line_intersected_raster_cells_all_touched,mapped,2,0.0010549885919317603,0.0005565229785133852,0.0009552954692480853,1.0,0.0,0.0,0.0
030_060,30,60,RN_ROAD_00338,RN_NODE_00347,RN_NODE_00331,0,RN_ROAD_00338,RN_ROAD_00338,residential,,48.091512749697046,road_line_intersected_raster_cells_all_touched,mapped,2,0.005458683241158724,0.003256835916545242,0.005018313776236028,1.0,0.0,0.0,0.0
030_060,30,60,RN_ROAD_00339,RN_NODE_00347,RN_NODE_00350,0,RN_ROAD_00339,RN_ROAD_00339,residential,,47.93089131735309,road_line_intersected_raster_cells_all_touched,mapped,2,0.005458683241158724,0.003953259089030325,0.005157598410733044,1.0,0.0,0.0,0.0
030_060,30,60,RN_ROAD_00414,RN_NODE_00347,RN_NODE_00369,0,RN_ROAD_00414,RN_ROAD_00414,residential,,61.737807633745184,road_line_intersected_raster_cells_all_touched,mapped,3,0.005458683241158724,0.00286443290921549,0.0048206530977040534,1.0,0.0,0.0,0.0
030_060,30,60,RN_ROAD_00328,RN_NODE_00286,RN_NODE_00289,0,RN_ROAD_00328,RN_ROAD_00328,residential,,17.343312796122525,road_line_intersected_raster_cells_all_touched,mapped,2,0.0016159769147634506,0.0010991220187861472,0.00151260593556799,1.0,0.0,0.0,0.0
030_060,30,60,RN_ROAD_00330,RN_NODE_00289,RN_NODE_00287,0,RN_ROAD_00330,RN_ROAD_00330,residential,,37.882267862748435,road_line_intersected_raster_cells_all_touched,mapped,2,0.004917507991194725,0.003266742452979088,0.004587354883551597,1.0,0.0,0.0,0.0
030_060,30,60,RN_ROAD_00336,RN_NODE_00289,RN_NODE_00310,0,RN_ROAD_00336,RN_ROAD_00336,residential,,58.816214549128475,road_line_intersected_raster_cells_all_touched,mapped,3,0.0033312183804810047,0.0018243923938522737,0.002988170087337494,1.0,0.0,0.0,0.0
030_060,30,60,RN_ROAD_00331,RN_NODE_00287,RN_NODE_00272,0,RN_ROAD_00331,RN_ROAD_00331,residential,['Krushnaji Gopal Ghanekar Path'],54.09113582582423,road_line_intersected_raster_cells_all_touched,mapped,3,0.013624487444758415,0.00949868963410457,0.012890404649078846,1.0,0.0,0.0,0.0
030_060,30,60,RN_ROAD_00332,RN_NODE_00287,RN_NODE_00288,0,RN_ROAD_00332,RN_ROAD_00332,residential,,40.303744394483715,road_line_intersected_raster_cells_all_touched,mapped,2,0.015149238519370556,0.01003337325528264,0.014126065466552973,1.0,0.0,0.0,0.0
030_060,30,60,RN_ROAD_00333,RN_NODE_00272,RN_NODE_00273,0,RN_ROAD_00333,RN_ROAD_00333,residential,,40.38747778918996,road_line_intersected_raster_cells_all_touched,mapped,2,0.014036617241799831,0.0119953453540802,0.013628362864255904,1.0,0.0,0.0,0.0
030_060,30,60,RN_ROAD_00354,RN_NODE_00272,RN_NODE_00237,0,RN_ROAD_00354,RN_ROAD_00354,residential,['Krushnaji Gopal Ghanekar Path'],155.52628067151952,road_line_intersected_raster_cells_all_touched,mapped,7,0.009954073466360569,0.004053624380113823,0.007914836611598731,1.0,0.0,0.0,0.0
030_060,30,60,RN_ROAD_00355,RN_NODE_00288,RN_NODE_00273,0,RN_ROAD_00355,RN_ROAD_00355,residential,['Kushaba Ganapati Ovhal Path'],53.153520018738426,road_line_intersected_raster_cells_all_touched,mapped,3,0.031415682286024094,0.02020051268239816,0.028162393532693387,1.0,0.3333333333333333,0.0,0.0
030_060,30,60,RN_ROAD_00365,RN_NODE_00288,RN_NODE_00309,0,RN_ROAD_00365,RN_ROAD_00365,residential,['Kushaba Ganapati Ovhal Path'],55.15465322981308,road_line_intersected_raster_cells_all_touched,mapped,3,0.015149238519370556,0.010617664704720179,0.013839630410075188,1.0,0.0,0.0,0.0
030_060,30,60,RN_ROAD_00356,RN_NODE_00273,RN_NODE_00237,0,RN_ROAD_00356,RN_ROAD_00356,residential,['Kushaba Ganapati Ovhal Path'],142.83177131115704,road_line_intersected_raster_cells_all_touched,mapped,6,0.014036617241799831,0.007342143702165534,0.012287098914384842,1.0,0.0,0.0,0.0
030_060,30,60,RN_ROAD_00357,RN_NODE_00273,RN_NODE_00274,0,RN_ROAD_00357,RN_ROAD_00357,residential,,51.19311605536175,road_line_intersected_raster_cells_all_touched,mapped,3,0.015056921169161797,0.01432426863660415,0.014852860383689404,1.0,0.0,0.0,0.0
030_060,30,60,RN_ROAD_00337,RN_NODE_00310,RN_NODE_00331,0,RN_ROAD_00337,RN_ROAD_00337,residential,,53.66610792366498,road_line_intersected_raster_cells_all_touched,mapped,3,0.0010549885919317603,0.0006726979821299514,0.0009491872508078814,1.0,0.0,0.0,0.0
030_060,30,60,RN_ROAD_00341,RN_NODE_00310,RN_NODE_00309,0,RN_ROAD_00341,RN_ROAD_00341,residential,,75.7363203987582,road_line_intersected_raster_cells_all_touched,mapped,3,0.008102557621896267,0.00353070255368948,0.006874759728088976,1.0,0.0,0.0,0.0
030_060,30,60,RN_ROAD_00340,RN_NODE_00331,RN_NODE_00330,0,RN_ROAD_00340,RN_ROAD_00340,residential,,74.51475791982269,road_line_intersected_raster_cells_all_touched,mapped,3,0.0018531656824052334,0.0013191170680026214,0.001693530264310539,1.0,0.0,0.0,0.0
030_060,30,60,RN_ROAD_00342,RN_NODE_00350,RN_NODE_00353,0,RN_ROAD_00342,RN_ROAD_00342,residential,,27.225136423844823,road_line_intersected_raster_cells_all_touched,mapped,3,0.0030512595549225807,0.0025042233367760978,0.00293057463131845,1.0,0.0,0.0,0.0
030_060,30,60,RN_ROAD_00418,RN_NODE_00350,RN_NODE_00368,0,RN_ROAD_00418,RN_ROAD_00418,residential,,56.929987482394445,road_line_intersected_raster_cells_all_touched,mapped,3,0.005890666041523218,0.0039909575910617905,0.00543940719217062,1.0,0.0,0.0,0.0
030_060,30,60,RN_ROAD_00343,RN_NODE_00330,RN_NODE_00309,0,RN_ROAD_00343,RN_ROAD_00343,residential,['Kushaba Ganapati Ovhal Path'],57.20658022555833,road_line_intersected_raster_cells_all_touched,mapped,3,0.008102557621896267,0.00457276776432991,0.00723456209525466,1.0,0.0,0.0,0.0
030_060,30,60,RN_ROAD_00364,RN_NODE_00330,RN_NODE_00353,0,RN_ROAD_00364,RN_ROAD_00364,residential,['Kushaba Ganapati Ovhal Path'],52.95372397223445,road_line_intersected_raster_cells_all_touched,mapped,3,0.0030512595549225807,0.0023060002519438663,0.0028437227476388214,1.0,0.0,0.0,0.0
030_060,30,60,RN_ROAD_00367,RN_NODE_00309,RN_NODE_00308,0,RN_ROAD_00367,RN_ROAD_00367,residential,,48.685081982286476,road_line_intersected_raster_cells_all_touched,mapped,3,0.03602525219321251,0.023473591543734074,0.0340787947177887,1.0,0.6666666666666666,0.0,0.0
030_060,30,60,RN_ROAD_00366,RN_NODE_00353,RN_NODE_00354,0,RN_ROAD_00366,RN_ROAD_00366,residential,,45.58737320488795,road_line_intersected_raster_cells_all_touched,mapped,3,0.009037612937390804,0.004448744390780727,0.007689099293202162,1.0,0.0,0.0,0.0
030_060,30,60,RN_ROAD_00345,RN_NODE_00202,RN_NODE_00201,0,RN_ROAD_00345,RN_ROAD_00345,tertiary,['Dattawadi Road'],14.590834250767971,road_line_intersected_raster_cells_all_touched,mapped,1,0.10498493909835815,0.10498493909835815,0.10498493909835815,1.0,1.0,1.0,0.0
030_060,30,60,RN_ROAD_00347,RN_NODE_00202,RN_NODE_00223,0,RN_ROAD_00347,RN_ROAD_00347,secondary,['Anant Kanhere Path'],77.6513222661988,road_line_intersected_raster_cells_all_touched,mapped,4,0.10498493909835815,0.04958706771139987,0.09790514111518861,1.0,0.5,0.25,0.0
030_060,30,60,RN_ROAD_00348,RN_NODE_00201,RN_NODE_00223,0,RN_ROAD_00348,RN_ROAD_00348,secondary,['Anant Kanhere Path'],70.49281105699869,road_line_intersected_raster_cells_all_touched,mapped,4,0.2852267920970917,0.12052142713218927,0.23115423619747166,1.0,0.75,0.5,0.0
030_060,30,60,RN_ROAD_00527,RN_NODE_00201,RN_NODE_00169,0,RN_ROAD_00527,RN_ROAD_00527,secondary,['Anant Kanhere Path'],51.49587636613036,road_line_intersected_raster_cells_all_touched,mapped,3,0.10498493909835815,0.04069218380997578,0.08650175258517266,1.0,0.3333333333333333,0.3333333333333333,0.0
030_060,30,60,RN_ROAD_00346,RN_NODE_00237,RN_NODE_00236,0,RN_ROAD_00346,RN_ROAD_00346,residential,['Oval Path'],50.88101900609627,road_line_intersected_raster_cells_all_touched,mapped,3,0.0016331356018781662,0.0011001144400021683,0.0015568757196888327,1.0,0.0,0.0,0.0
030_060,30,60,RN_ROAD_00349,RN_NODE_00236,RN_NODE_00223,0,RN_ROAD_00349,RN_ROAD_00349,secondary,['Anant Kanhere Path'],22.888554038441548,road_line_intersected_raster_cells_all_touched,mapped,2,0.010488364845514297,0.005870100518222898,0.009564711980056017,1.0,0.0,0.0,0.0
030_060,30,60,RN_ROAD_00350,RN_NODE_00236,RN_NODE_00232,0,RN_ROAD_00350,RN_ROAD_00350,residential,['Oval Path'],51.52542500920623,road_line_intersected_raster_cells_all_touched,mapped,3,0.0062529477290809155,0.0035773522298162184,0.00564781273715198,1.0,0.0,0.0,0.0
030_060,30,60,RN_ROAD_00361,RN_NODE_00236,RN_NODE_00274,0,RN_ROAD_00361,RN_ROAD_00361,secondary,['Anant Kanhere Path'],153.02556378227789,road_line_intersected_raster_cells_all_touched,mapped,6,0.013879267498850822,0.005364788637962192,0.011303127743303776,1.0,0.0,0.0,0.0
030_060,30,60,RN_ROAD_00351,RN_NODE_00232,RN_NODE_00231,0,RN_ROAD_00351,RN_ROAD_00351,residential,['Oval Path'],9.606205677849413,road_line_intersected_raster_cells_all_touched,mapped,1,0.0062529477290809155,0.0062529477290809155,0.0062529477290809155,1.0,0.0,0.0,0.0
030_060,30,60,RN_ROAD_00384,RN_NODE_00232,RN_NODE_00275,0,RN_ROAD_00384,RN_ROAD_00384,residential,['Navi Peth'],166.71370209157016,road_line_intersected_raster_cells_all_touched,mapped,6,0.008344934321939945,0.0064475934486836195,0.007998878136277199,1.0,0.0,0.0,0.0
030_060,30,60,RN_ROAD_00352,RN_NODE_00231,RN_NODE_00217,0,RN_ROAD_00352,RN_ROAD_00352,residential,,31.320340411873552,road_line_intersected_raster_cells_all_touched,mapped,2,0.0062529477290809155,0.005752502707764506,0.006152858724817634,1.0,0.0,0.0,0.0
030_060,30,60,RN_ROAD_00353,RN_NODE_00231,RN_NODE_00233,0,RN_ROAD_00353,RN_ROAD_00353,residential,['Oval Path'],36.63339705354481,road_line_intersected_raster_cells_all_touched,mapped,2,0.008874665014445782,0.007563806371763349,0.008612493285909295,1.0,0.0,0.0,0.0
030_060,30,60,RN_ROAD_00388,RN_NODE_00233,RN_NODE_00276,0,RN_ROAD_00388,RN_ROAD_00388,residential,['Oval Path'],166.0919306471388,road_line_intersected_raster_cells_all_touched,mapped,6,0.010092554613947868,0.008827562055860957,0.009710966143757105,1.0,0.0,0.0,0.0
030_060,30,60,RN_ROAD_00634,RN_NODE_00233,RN_NODE_00216,0,RN_ROAD_00634,RN_ROAD_00634,residential,,37.77862694551565,road_line_intersected_raster_cells_all_touched,mapped,3,0.008874665014445782,0.005973768575737874,0.008025325089693069,1.0,0.0,0.0,0.0
030_060,30,60,RN_ROAD_00360,RN_NODE_00274,RN_NODE_00283,0,RN_ROAD_00360,RN_ROAD_00360,secondary,['Anant Kanhere Path'],30.835908769960856,road_line_intersected_raster_cells_all_touched,mapped,2,0.015147675760090351,0.014513471629470587,0.015020834933966398,1.0,0.0,0.0,0.0
030_060,30,60,RN_ROAD_00362,RN_NODE_00274,RN_NODE_00275,0,RN_ROAD_00362,RN_ROAD_00362,residential,['Sant Tukaram Maharaj Road'],46.125753014015864,road_line_intersected_raster_cells_all_touched,mapped,3,0.013879267498850822,0.009409710920105377,0.012633978389203548,1.0,0.0,0.0,0.0
030_060,30,60,RN_ROAD_00358,RN_NODE_00296,RN_NODE_00292,0,RN_ROAD_00358,RN_ROAD_00358,secondary,['Anant Kanhere Path'],22.11040559802123,road_line_intersected_raster_cells_all_touched,mapped,2,0.03471680358052254,0.023930180817842484,0.032559479027986525,1.0,0.5,0.0,0.0
030_060,30,60,RN_ROAD_00363,RN_NODE_00296,RN_NODE_00295,0,RN_ROAD_00363,RN_ROAD_00363,residential,,76.73583658315671,road_line_intersected_raster_cells_all_touched,mapped,4,0.044989392161369324,0.03202475840225816,0.04190761558711529,1.0,0.75,0.0,0.0
030_060,30,60,RN_ROAD_00372,RN_NODE_00296,RN_NODE_00303,0,RN_ROAD_00372,RN_ROAD_00372,secondary,['Anant Kanhere Path'],22.97638368976205,road_line_intersected_raster_cells_all_touched,mapped,2,0.03602525219321251,0.03537102788686752,0.03589440733194351,1.0,1.0,0.0,0.0
030_060,30,60,RN_ROAD_00359,RN_NODE_00292,RN_NODE_00283,0,RN_ROAD_00359,RN_ROAD_00359,secondary,['Anant Kanhere Path'],26.186261774119217,road_line_intersected_raster_cells_all_touched,mapped,2,0.015147675760090351,0.01414561690762639,0.014947263989597559,1.0,0.0,0.0,0.0
030_060,30,60,RN_ROAD_00385,RN_NODE_00292,RN_NODE_00291,0,RN_ROAD_00385,RN_ROAD_00385,residential,['Bapu Eliya Ranbhise Path'],114.74911845768395,road_line_intersected_raster_cells_all_touched,mapped,5,0.03642779961228371,0.01565135093405843,0.027685326337814335,1.0,0.2,0.0,0.0
030_060,30,60,RN_ROAD_00386,RN_NODE_00283,RN_NODE_00282,0,RN_ROAD_00386,RN_ROAD_00386,residential,,113.75327527325297,road_line_intersected_raster_cells_all_touched,mapped,5,0.017998477444052696,0.01305275191552937,0.01761325038969517,1.0,0.0,0.0,0.0
030_060,30,60,RN_ROAD_00387,RN_NODE_00275,RN_NODE_00276,0,RN_ROAD_00387,RN_ROAD_00387,residential,['Sant Tukaram Maharaj Road'],46.58922877272555,road_line_intersected_raster_cells_all_touched,mapped,2,0.008992534130811691,0.008322678040713072,0.008858562912791967,1.0,0.0,0.0,0.0
030_060,30,60,RN_ROAD_00368,RN_NODE_00354,RN_NODE_00341,0,RN_ROAD_00368,RN_ROAD_00368,secondary,['Anant Kanhere Path'],31.22431018041233,road_line_intersected_raster_cells_all_touched,mapped,2,0.018529508262872696,0.01378356060013175,0.017580318730324507,1.0,0.0,0.0,0.0
030_060,30,60,RN_ROAD_00425,RN_NODE_00354,RN_NODE_00365,0,RN_ROAD_00425,RN_ROAD_00425,secondary,['Anant Kanhere Path'],46.78394768455451,road_line_intersected_raster_cells_all_touched,mapped,2,0.020021546632051468,0.014529579784721136,0.018923153262585403,1.0,0.5,0.0,0.0
030_060,30,60,RN_ROAD_00428,RN_NODE_00354,RN_NODE_00355,0,RN_ROAD_00428,RN_ROAD_00428,residential,,44.76295201103551,road_line_intersected_raster_cells_all_touched,mapped,2,0.018963603302836418,0.014000608120113611,0.017971004266291855,1.0,0.0,0.0,0.0
030_060,30,60,RN_ROAD_00370,RN_NODE_00308,RN_NODE_00318,0,RN_ROAD_00370,RN_ROAD_00370,secondary,['Anant Kanhere Path'],43.97002413105344,road_line_intersected_raster_cells_all_touched,mapped,2,0.042515065521001816,0.03927015885710716,0.041866084188222887,1.0,1.0,0.0,0.0
030_060,30,60,RN_ROAD_00371,RN_NODE_00308,RN_NODE_00303,0,RN_ROAD_00371,RN_ROAD_00371,secondary,['Anant Kanhere Path'],5.852343388251984,road_line_intersected_raster_cells_all_touched,mapped,1,0.03602525219321251,0.03602525219321251,0.03602525219321251,1.0,1.0,0.0,0.0
030_060,30,60,RN_ROAD_00369,RN_NODE_00341,RN_NODE_00318,0,RN_ROAD_00369,RN_ROAD_00369,secondary,['Anant Kanhere Path'],37.55108276168134,road_line_intersected_raster_cells_all_touched,mapped,3,0.042515065521001816,0.02909194678068161,0.039258305728435514,1.0,0.6666666666666666,0.0,0.0
030_060,30,60,RN_ROAD_00373,RN_NODE_00341,RN_NODE_00343,0,RN_ROAD_00373,RN_ROAD_00373,residential,,57.62190011561909,road_line_intersected_raster_cells_all_touched,mapped,3,0.03086034208536148,0.02036806723723809,0.028394175320863725,1.0,0.3333333333333333,0.0,0.0
030_060,30,60,RN_ROAD_00375,RN_NODE_00318,RN_NODE_00320,0,RN_ROAD_00375,RN_ROAD_00375,residential,['Dattatrey Malvadkar Path'],103.95219945977442,road_line_intersected_raster_cells_all_touched,mapped,4,0.042515065521001816,0.026042703306302428,0.039929408207535745,1.0,0.5,0.0,0.0
030_060,30,60,RN_ROAD_00374,RN_NODE_00303,RN_NODE_00302,0,RN_ROAD_00374,RN_ROAD_00374,residential,['Bala Raut Path'],100.86042901901577,road_line_intersected_raster_cells_all_touched,mapped,4,0.03726493939757347,0.030854009091854095,0.03689303323626518,1.0,1.0,0.0,0.0
030_060,30,60,RN_ROAD_00377,RN_NODE_00302,RN_NODE_00320,0,RN_ROAD_00377,RN_ROAD_00377,residential,,54.41554678839753,road_line_intersected_raster_cells_all_touched,mapped,2,0.02130664326250553,0.015666319523006678,0.02017857851460576,1.0,0.5,0.0,0.0
030_060,30,60,RN_ROAD_00378,RN_NODE_00302,RN_NODE_00301,0,RN_ROAD_00378,RN_ROAD_00378,residential,['Bala Raut Path'],17.25889386682857,road_line_intersected_raster_cells_all_touched,mapped,2,0.02130664326250553,0.017345180734992027,0.02051435075700283,1.0,0.5,0.0,0.0
030_060,30,60,RN_ROAD_00379,RN_NODE_00320,RN_NODE_00325,0,RN_ROAD_00379,RN_ROAD_00379,residential,['Dattatrey Malvadkar Path'],64.52860259913493,road_line_intersected_raster_cells_all_touched,mapped,4,0.010025995783507824,0.008026023162528872,0.009819722175598145,1.0,0.0,0.0,0.0
030_060,30,60,RN_ROAD_00376,RN_NODE_00352,RN_NODE_00355,0,RN_ROAD_00376,RN_ROAD_00376,residential,,33.30389947901987,road_line_intersected_raster_cells_all_touched,mapped,2,0.018963603302836418,0.01724866544827819,0.01862061573192477,1.0,0.0,0.0,0.0
030_060,30,60,RN_ROAD_00432,RN_NODE_00355,RN_NODE_00363,0,RN_ROAD_00432,RN_ROAD_00432,residential,,44.58497188028427,road_line_intersected_raster_cells_all_touched,mapped,2,0.018963603302836418,0.015269813127815723,0.01822484526783228,1.0,0.0,0.0,0.0
030_060,30,60,RN_ROAD_00380,RN_NODE_00301,RN_NODE_00300,0,RN_ROAD_00380,RN_ROAD_00380,residential,['Bala Raut Path'],50.21898246564194,road_line_intersected_raster_cells_all_touched,mapped,3,0.013383718207478523,0.006344458165888985,0.011453353427350522,1.0,0.0,0.0,0.0
030_060,30,60,RN_ROAD_00392,RN_NODE_00301,RN_NODE_00291,0,RN_ROAD_00392,RN_ROAD_00392,residential,,44.18831364726318,road_line_intersected_raster_cells_all_touched,mapped,3,0.013383718207478523,0.009733487386256456,0.012913314811885356,1.0,0.0,0.0,0.0
030_060,30,60,RN_ROAD_00381,RN_NODE_00325,RN_NODE_00300,0,RN_ROAD_00381,RN_ROAD_00381,residential,,61.35590635660984,road_line_intersected_raster_cells_all_touched,mapped,4,0.008523575030267239,0.005416811734903604,0.00821470720693469,1.0,0.0,0.0,0.0
030_060,30,60,RN_ROAD_00382,RN_NODE_00325,RN_NODE_00322,0,RN_ROAD_00382,RN_ROAD_00382,residential,['Dattatrey Malvadkar Path'],12.588276999794445,road_line_intersected_raster_cells_all_touched,mapped,2,0.007494015619158745,0.004870204604230821,0.00696925341617316,1.0,0.0,0.0,0.0
030_060,30,60,RN_ROAD_00625,RN_NODE_00300,RN_NODE_00299,0,RN_ROAD_00625,RN_ROAD_00625,residential,['Bala Raut Path'],169.33262027577143,road_line_intersected_raster_cells_all_touched,mapped,7,0.03463921695947647,0.01169877968329404,0.02204020284116269,1.0,0.14285714285714285,0.0,0.0
030_060,30,60,RN_ROAD_00383,RN_NODE_00322,RN_NODE_00324,0,RN_ROAD_00383,RN_ROAD_00383,residential,['Dattatrey Malvadkar Path'],34.971618717144,road_line_intersected_raster_cells_all_touched,mapped,2,0.0043974947184324265,0.003321944153867662,0.004182384605519474,1.0,0.0,0.0,0.0
030_060,30,60,RN_ROAD_00469,RN_NODE_00322,RN_NODE_00393,0,RN_ROAD_00469,RN_ROAD_00469,residential,['M. K. Hardikar Path'],188.1514134905197,road_line_intersected_raster_cells_all_touched,mapped,7,0.013245188631117344,0.004418343604941454,0.008499545603990558,1.0,0.0,0.0,0.0
030_060,30,60,RN_ROAD_00472,RN_NODE_00324,RN_NODE_00390,0,RN_ROAD_00472,RN_ROAD_00472,residential,['Nanasaheb Shendkar Path'],180.15976327610346,road_line_intersected_raster_cells_all_touched,mapped,7,0.012933307327330112,0.007038974801876715,0.010080628842115405,1.0,0.0,0.0,0.0
030_060,30,60,RN_ROAD_00624,RN_NODE_00324,RN_NODE_00323,0,RN_ROAD_00624,RN_ROAD_00624,residential,['Dattatrey Malvadkar Path'],15.360988617277298,road_line_intersected_raster_cells_all_touched,mapped,2,0.0043974947184324265,0.0035076391650363803,0.004219523607753217,1.0,0.0,0.0,0.0
030_060,30,60,RN_ROAD_00390,RN_NODE_00291,RN_NODE_00282,0,RN_ROAD_00390,RN_ROAD_00390,residential,,26.172660671500964,road_line_intersected_raster_cells_all_touched,mapped,2,0.004785042721778154,0.003948244615457952,0.0046176831005141136,1.0,0.0,0.0,0.0
030_060,30,60,RN_ROAD_00393,RN_NODE_00291,RN_NODE_00285,0,RN_ROAD_00393,RN_ROAD_00393,residential,,220.02800234651528,road_line_intersected_raster_cells_all_touched,mapped,8,0.01895562931895256,0.007826087734429166,0.01563113499432802,1.0,0.0,0.0,0.0
030_060,30,60,RN_ROAD_00391,RN_NODE_00282,RN_NODE_00277,0,RN_ROAD_00391,RN_ROAD_00391,residential,,29.66736049448955,road_line_intersected_raster_cells_all_touched,mapped,2,0.006392002571374178,0.004751724540255964,0.006063946965150535,1.0,0.0,0.0,0.0
030_060,30,60,RN_ROAD_00389,RN_NODE_00276,RN_NODE_00277,0,RN_ROAD_00389,RN_ROAD_00389,residential,['Sant Tukaram Maharaj Road'],19.87504316425158,road_line_intersected_raster_cells_all_touched,mapped,2,0.008992534130811691,0.007692268351092935,0.00873248097486794,1.0,0.0,0.0,0.0
030_060,30,60,RN_ROAD_00622,RN_NODE_00277,RN_NODE_00285,0,RN_ROAD_00622,RN_ROAD_00622,residential,['Sant Tukaram Maharaj Road'],265.5831756601439,road_line_intersected_raster_cells_all_touched,mapped,10,0.01895562931895256,0.00843634995399043,0.014636761508882044,1.0,0.0,0.0,0.0
030_060,30,60,RN_ROAD_00623,RN_NODE_00285,RN_NODE_00299,0,RN_ROAD_00623,RN_ROAD_00623,residential,,46.43267755042668,road_line_intersected_raster_cells_all_touched,mapped,2,0.03463921695947647,0.026797423139214516,0.03307085819542408,1.0,0.5,0.0,0.0
030_060,30,60,RN_ROAD_00399,RN_NODE_00419,RN_NODE_00417,0,RN_ROAD_00399,RN_ROAD_00399,primary,['Lalbahadur Shashtri Marg'],37.048235669761226,road_line_intersected_raster_cells_all_touched,mapped,2,0.04091989994049072,0.03211731184273958,0.039159382320940496,1.0,1.0,0.0,0.0
030_060,30,60,RN_ROAD_00402,RN_NODE_00420,RN_NODE_00439,0,RN_ROAD_00402,RN_ROAD_00402,residential,['Pradeep Deshpande Path'],45.670575313635425,road_line_intersected_raster_cells_all_touched,mapped,3,0.04091989994049072,0.02236921899020672,0.03614174202084541,1.0,0.3333333333333333,0.0,0.0
030_060,30,60,RN_ROAD_00436,RN_NODE_00420,RN_NODE_00413,0,RN_ROAD_00436,RN_ROAD_00436,primary,['Lalbahadur Shashtri Marg'],84.37336997027148,road_line_intersected_raster_cells_all_touched,mapped,4,0.04091989994049072,0.02104446478188038,0.033896191418170935,1.0,0.25,0.0,0.0
030_060,30,60,RN_ROAD_00434,RN_NODE_00439,RN_NODE_00454,0,RN_ROAD_00434,RN_ROAD_00434,residential,['Pradeep Deshpande Path'],45.17923150069771,road_line_intersected_raster_cells_all_touched,mapped,3,0.009158646687865257,0.006275850192954143,0.008385383896529675,1.0,0.0,0.0,0.0
030_060,30,60,RN_ROAD_00439,RN_NODE_00439,RN_NODE_00426,0,RN_ROAD_00439,RN_ROAD_00439,residential,,127.12545991830288,road_line_intersected_raster_cells_all_touched,mapped,6,0.02315714582800865,0.01488856365904212,0.02195999026298523,1.0,0.3333333333333333,0.0,0.0
030_060,30,60,RN_ROAD_00400,RN_NODE_00417,RN_NODE_00409,0,RN_ROAD_00400,RN_ROAD_00400,residential,,29.52819449223829,road_line_intersected_raster_cells_all_touched,mapped,3,0.04091989994049072,0.02141206804662943,0.03528467658907175,1.0,0.3333333333333333,0.0,0.0
030_060,30,60,RN_ROAD_00401,RN_NODE_00417,RN_NODE_00415,0,RN_ROAD_00401,RN_ROAD_00401,primary,['Lalbahadur Shashtri Marg'],21.926627960400815,road_line_intersected_raster_cells_all_touched,mapped,1,0.04091989994049072,0.04091989994049072,0.04091989994049072,1.0,1.0,0.0,0.0
030_060,30,60,RN_ROAD_00403,RN_NODE_00415,RN_NODE_00408,0,RN_ROAD_00403,RN_ROAD_00403,residential,,32.51968597027993,road_line_intersected_raster_cells_all_touched,mapped,2,0.04091989994049072,0.025746210478246212,0.03788516204804182,1.0,0.5,0.0,0.0
030_060,30,60,RN_ROAD_00435,RN_NODE_00415,RN_NODE_00412,0,RN_ROAD_00435,RN_ROAD_00435,primary,['Lalbahadur Shashtri Marg'],42.87310654856027,road_line_intersected_raster_cells_all_touched,mapped,4,0.04091989994049072,0.025890835793688893,0.038196864351630215,1.0,0.5,0.0,0.0
030_060,30,60,RN_ROAD_00406,RN_NODE_00494,RN_NODE_00493,0,RN_ROAD_00406,RN_ROAD_00406,residential,,29.8624998855163,road_line_intersected_raster_cells_all_touched,mapped,2,0.010546164587140083,0.009859099518507719,0.01040875157341361,1.0,0.0,0.0,0.0
030_060,30,60,RN_ROAD_00411,RN_NODE_00493,RN_NODE_00506,0,RN_ROAD_00411,RN_ROAD_00411,tertiary,['Madhavrao Peshve Marg'],81.29225901791045,road_line_intersected_raster_cells_all_touched,mapped,5,0.010546164587140083,0.0028194223035825417,0.007278913725167513,1.0,0.0,0.0,0.0
030_060,30,60,RN_ROAD_00413,RN_NODE_00512,RN_NODE_00506,0,RN_ROAD_00413,RN_ROAD_00413,tertiary,['Madhavrao Peshve Marg'],32.75289325275549,road_line_intersected_raster_cells_all_touched,mapped,2,0.0001551856694277376,0.00010171614121645689,0.00014449176378548146,1.0,0.0,0.0,0.0
030_060,30,60,RN_ROAD_00444,RN_NODE_00512,RN_NODE_00520,0,RN_ROAD_00444,RN_ROAD_00444,tertiary,['Madhavrao Peshve Marg'],5.836942469150605,road_line_intersected_raster_cells_all_touched,mapped,1,4.8246613005176187e-05,4.8246613005176187e-05,4.8246613005176187e-05,1.0,0.0,0.0,0.0
030_060,30,60,RN_ROAD_00445,RN_NODE_00482,RN_NODE_00483,0,RN_ROAD_00445,RN_ROAD_00445,tertiary,['Baburao Phule Path'],36.95206416045516,road_line_intersected_raster_cells_all_touched,mapped,2,0.001150446361862123,0.0008341199718415737,0.0010871810838580132,1.0,0.0,0.0,0.0
030_060,30,60,RN_ROAD_00450,RN_NODE_00506,RN_NODE_00504,0,RN_ROAD_00450,RN_ROAD_00450,residential,['Dake Road'],119.32477565561615,road_line_intersected_raster_cells_all_touched,mapped,4,0.0001956940977834165,9.457615260544117e-05,0.00018354156927671283,0.75,0.0,0.0,0.0
030_060,30,60,RN_ROAD_00440,RN_NODE_00454,RN_NODE_00444,0,RN_ROAD_00440,RN_ROAD_00440,residential,,116.7417009508058,road_line_intersected_raster_cells_all_touched,mapped,5,0.012328831478953362,0.005677875736728311,0.009306135773658753,1.0,0.0,0.0,0.0
030_060,30,60,RN_ROAD_00446,RN_NODE_00454,RN_NODE_00473,0,RN_ROAD_00446,RN_ROAD_00446,residential,['Pradeep Deshpande Path'],59.204013992992756,road_line_intersected_raster_cells_all_touched,mapped,3,0.004376571159809828,0.001690816580473135,0.0036404326441697777,0.6666666666666666,0.0,0.0,0.0
030_060,30,60,RN_ROAD_00416,RN_NODE_00369,RN_NODE_00368,0,RN_ROAD_00416,RN_ROAD_00416,residential,,46.71954841931958,road_line_intersected_raster_cells_all_touched,mapped,2,0.005890666041523218,0.0033783745020627975,0.005388207733631134,1.0,0.0,0.0,0.0
030_060,30,60,RN_ROAD_00421,RN_NODE_00368,RN_NODE_00388,0,RN_ROAD_00421,RN_ROAD_00421,residential,,63.604879904668465,road_line_intersected_raster_cells_all_touched,mapped,5,0.007179343141615391,0.00477379783987999,0.006663872301578522,1.0,0.0,0.0,0.0
030_060,30,60,RN_ROAD_00419,RN_NODE_00389,RN_NODE_00388,0,RN_ROAD_00419,RN_ROAD_00419,residential,,9.46226028981026,road_line_intersected_raster_cells_all_touched,mapped,2,0.008812341839075089,0.005443301051855087,0.008138533681631088,1.0,0.0,0.0,0.0
030_060,30,60,RN_ROAD_00420,RN_NODE_00389,RN_NODE_00406,0,RN_ROAD_00420,RN_ROAD_00420,residential,,37.35535506606383,road_line_intersected_raster_cells_all_touched,mapped,3,0.012743783183395863,0.010709548679490885,0.01230953074991703,1.0,0.0,0.0,0.0
030_060,30,60,RN_ROAD_00422,RN_NODE_00388,RN_NODE_00386,0,RN_ROAD_00422,RN_ROAD_00422,residential,,41.858169417278205,road_line_intersected_raster_cells_all_touched,mapped,3,0.008194751106202602,0.005816118170817693,0.00799166951328516,1.0,0.0,0.0,0.0
030_060,30,60,RN_ROAD_00423,RN_NODE_00386,RN_NODE_00372,0,RN_ROAD_00423,RN_ROAD_00423,residential,,39.76098143899691,road_line_intersected_raster_cells_all_touched,mapped,2,0.008194751106202602,0.00678882235661149,0.00791356535628438,1.0,0.0,0.0,0.0
030_060,30,60,RN_ROAD_00424,RN_NODE_00386,RN_NODE_00382,0,RN_ROAD_00424,RN_ROAD_00424,residential,,36.68756445483834,road_line_intersected_raster_cells_all_touched,mapped,2,0.025874823331832886,0.017034787219017744,0.024106816109269857,1.0,0.5,0.0,0.0
030_060,30,60,RN_ROAD_00426,RN_NODE_00382,RN_NODE_00365,0,RN_ROAD_00426,RN_ROAD_00426,secondary,['Anant Kanhere Path'],52.09119030933215,road_line_intersected_raster_cells_all_touched,mapped,3,0.02810109779238701,0.024665822585423786,0.027655842900276183,1.0,1.0,0.0,0.0
030_060,30,60,RN_ROAD_00427,RN_NODE_00382,RN_NODE_00392,0,RN_ROAD_00427,RN_ROAD_00427,secondary,['Anant Kanhere Path'],29.14387282663369,road_line_intersected_raster_cells_all_touched,mapped,2,0.025874823331832886,0.01857937779277563,0.024415734224021435,1.0,0.5,0.0,0.0
030_060,30,60,RN_ROAD_00430,RN_NODE_00365,RN_NODE_00363,0,RN_ROAD_00430,RN_ROAD_00430,residential,,42.26531024380577,road_line_intersected_raster_cells_all_touched,mapped,2,0.020021546632051468,0.01579878479242325,0.019176994264125825,1.0,0.5,0.0,0.0
030_060,30,60,RN_ROAD_00429,RN_NODE_00392,RN_NODE_00410,0,RN_ROAD_00429,RN_ROAD_00429,secondary,['Anant Kanhere Path'],43.015859018720306,road_line_intersected_raster_cells_all_touched,mapped,3,0.02076275274157524,0.014765085652470589,0.019059916585683824,1.0,0.3333333333333333,0.0,0.0
030_060,30,60,RN_ROAD_00431,RN_NODE_00392,RN_NODE_00379,0,RN_ROAD_00431,RN_ROAD_00431,residential,,67.47958640276215,road_line_intersected_raster_cells_all_touched,mapped,5,0.012248571962118149,0.009987793862819672,0.01186271607875824,1.0,0.0,0.0,0.0
030_060,30,60,RN_ROAD_00438,RN_NODE_00410,RN_NODE_00412,0,RN_ROAD_00438,RN_ROAD_00438,primary,['Lalbahadur Shashtri Marg'],28.276852390253246,road_line_intersected_raster_cells_all_touched,mapped,2,0.03184311464428902,0.02630293369293213,0.03073507845401764,1.0,1.0,0.0,0.0
030_060,30,60,RN_ROAD_00441,RN_NODE_00410,RN_NODE_00413,0,RN_ROAD_00441,RN_ROAD_00441,secondary,['Anant Kanhere Path'],10.832316891595964,road_line_intersected_raster_cells_all_touched,mapped,2,0.02076275274157524,0.0166101916693151,0.019932240527123214,1.0,0.5,0.0,0.0
030_060,30,60,RN_ROAD_00442,RN_NODE_00410,RN_NODE_00407,0,RN_ROAD_00442,RN_ROAD_00442,primary,['Lalbahadur Shashtri Marg'],36.96143514401809,road_line_intersected_raster_cells_all_touched,mapped,2,0.02452434040606022,0.02264354657381773,0.024148181639611722,1.0,1.0,0.0,0.0
030_060,30,60,RN_ROAD_00433,RN_NODE_00363,RN_NODE_00379,0,RN_ROAD_00433,RN_ROAD_00433,residential,,48.569567192436125,road_line_intersected_raster_cells_all_touched,mapped,3,0.02073391154408455,0.014465320544938246,0.018902333825826644,1.0,0.3333333333333333,0.0,0.0
030_060,30,60,RN_ROAD_00465,RN_NODE_00379,RN_NODE_00378,0,RN_ROAD_00465,RN_ROAD_00465,residential,,28.477795101738316,road_line_intersected_raster_cells_all_touched,mapped,2,0.011086027137935162,0.008659499697387218,0.010600721649825572,1.0,0.0,0.0,0.0
030_060,30,60,RN_ROAD_00437,RN_NODE_00412,RN_NODE_00401,0,RN_ROAD_00437,RN_ROAD_00437,residential,,30.235439957684452,road_line_intersected_raster_cells_all_touched,mapped,2,0.03184311464428902,0.028970076702535152,0.03126850705593824,1.0,1.0,0.0,0.0
030_060,30,60,RN_ROAD_00443,RN_NODE_00413,RN_NODE_00411,0,RN_ROAD_00443,RN_ROAD_00443,primary,['Lalbahadur Shashtri Marg'],37.66370862797395,road_line_intersected_raster_cells_all_touched,mapped,3,0.02452434040606022,0.01924824124823014,0.023772022873163223,1.0,0.6666666666666666,0.0,0.0
030_060,30,60,RN_ROAD_00455,RN_NODE_00426,RN_NODE_00411,0,RN_ROAD_00455,RN_ROAD_00455,residential,['Madanlal Dangi Path'],47.704587631400855,road_line_intersected_raster_cells_all_touched,mapped,3,0.02452434040606022,0.013685023101667563,0.02131169643253088,1.0,0.3333333333333333,0.0,0.0
030_060,30,60,RN_ROAD_00456,RN_NODE_00426,RN_NODE_00444,0,RN_ROAD_00456,RN_ROAD_00456,residential,['Madanlal Dangi Path'],45.50539702809692,road_line_intersected_raster_cells_all_touched,mapped,2,0.008069608360528946,0.006416131975129247,0.007738913083449006,1.0,0.0,0.0,0.0
030_060,30,60,RN_ROAD_00458,RN_NODE_00426,RN_NODE_00416,0,RN_ROAD_00458,RN_ROAD_00458,residential,,82.27627804726039,road_line_intersected_raster_cells_all_touched,mapped,5,0.01584388129413128,0.007690980192273855,0.013478028401732445,1.0,0.0,0.0,0.0
030_060,30,60,RN_ROAD_00453,RN_NODE_00444,RN_NODE_00467,0,RN_ROAD_00453,RN_ROAD_00453,residential,['Madanlal Dangi Path'],85.03726839063847,road_line_intersected_raster_cells_all_touched,mapped,5,0.0047626555897295475,0.0015329753921832889,0.0037172846496105194,0.8,0.0,0.0,0.0
030_060,30,60,RN_ROAD_00459,RN_NODE_00444,RN_NODE_00436,0,RN_ROAD_00459,RN_ROAD_00459,residential,,86.17395499310577,road_line_intersected_raster_cells_all_touched,mapped,4,0.0047626555897295475,0.0020250561938155442,0.00384249211056158,1.0,0.0,0.0,0.0
030_060,30,60,RN_ROAD_00454,RN_NODE_00407,RN_NODE_00411,0,RN_ROAD_00454,RN_ROAD_00454,residential,,11.035372286912024,road_line_intersected_raster_cells_all_touched,mapped,1,0.02452434040606022,0.02452434040606022,0.02452434040606022,1.0,1.0,0.0,0.0
030_060,30,60,RN_ROAD_00464,RN_NODE_00407,RN_NODE_00405,0,RN_ROAD_00464,RN_ROAD_00464,residential,,5.901275599726542,road_line_intersected_raster_cells_all_touched,mapped,1,0.02452434040606022,0.02452434040606022,0.02452434040606022,1.0,1.0,0.0,0.0
030_060,30,60,RN_ROAD_00466,RN_NODE_00407,RN_NODE_00400,0,RN_ROAD_00466,RN_ROAD_00466,primary,['Lalbahadur Shashtri Marg'],55.290121821909146,road_line_intersected_raster_cells_all_touched,mapped,4,0.039451245218515396,0.030544078908860683,0.03800941146910191,1.0,1.0,0.0,0.0
030_060,30,60,RN_ROAD_00457,RN_NODE_00411,RN_NODE_00402,0,RN_ROAD_00457,RN_ROAD_00457,primary,['Lalbahadur Shashtri Marg'],87.68406882970186,road_line_intersected_raster_cells_all_touched,mapped,4,0.039451245218515396,0.02357322524767369,0.03497317377477885,1.0,0.75,0.0,0.0
030_060,30,60,RN_ROAD_00447,RN_NODE_00483,RN_NODE_00473,0,RN_ROAD_00447,RN_ROAD_00447,residential,['Pradeep Deshpande Path'],76.54612951029117,road_line_intersected_raster_cells_all_touched,mapped,4,0.0005177935818210244,0.0001366891947327531,0.00037114446640771357,0.5,0.0,0.0,0.0
030_060,30,60,RN_ROAD_00448,RN_NODE_00483,RN_NODE_00481,0,RN_ROAD_00448,RN_ROAD_00448,tertiary,['Baburao Phule Path'],46.54619336879503,road_line_intersected_raster_cells_all_touched,mapped,4,0.0005177935818210244,0.00022896256268722937,0.000481872507953085,0.5,0.0,0.0,0.0
030_060,30,60,RN_ROAD_00451,RN_NODE_00473,RN_NODE_00467,0,RN_ROAD_00451,RN_ROAD_00451,residential,['R. D. Khaniwale Path'],121.62995956819663,road_line_intersected_raster_cells_all_touched,mapped,7,0.0,0.0,0.0,0.0,0.0,0.0,0.0
030_060,30,60,RN_ROAD_00449,RN_NODE_00481,RN_NODE_00477,0,RN_ROAD_00449,RN_ROAD_00449,residential,,28.661201723806187,road_line_intersected_raster_cells_all_touched,mapped,2,0.0,0.0,0.0,0.0,0.0,0.0,0.0
030_060,30,60,RN_ROAD_00452,RN_NODE_00481,RN_NODE_00479,0,RN_ROAD_00452,RN_ROAD_00452,tertiary,['Baburao Phule Path'],74.58997696108264,road_line_intersected_raster_cells_all_touched,mapped,3,0.0,0.0,0.0,0.0,0.0,0.0,0.0
030_060,30,60,RN_ROAD_00474,RN_NODE_00467,RN_NODE_00479,0,RN_ROAD_00474,RN_ROAD_00474,residential,['Madanlal Dangi Path'],50.36408338670827,road_line_intersected_raster_cells_all_touched,mapped,3,0.0,0.0,0.0,0.0,0.0,0.0,0.0
030_060,30,60,RN_ROAD_00475,RN_NODE_00479,RN_NODE_00478,0,RN_ROAD_00475,RN_ROAD_00475,tertiary,['Baburao Phule Path'],68.19172798126247,road_line_intersected_raster_cells_all_touched,mapped,3,0.0,0.0,0.0,0.0,0.0,0.0,0.0
030_060,30,60,RN_ROAD_00460,RN_NODE_00402,RN_NODE_00416,0,RN_ROAD_00460,RN_ROAD_00460,residential,['Vishwasrao Himmatbahaddar Chavan Path'],45.69150205960466,road_line_intersected_raster_cells_all_touched,mapped,2,0.006761718075722456,0.00459932500962168,0.006329239462502301,1.0,0.0,0.0,0.0
030_060,30,60,RN_ROAD_00471,RN_NODE_00402,RN_NODE_00387,0,RN_ROAD_00471,RN_ROAD_00471,primary,['Lalbahadur Shashtri Marg'],135.2528321927307,road_line_intersected_raster_cells_all_touched,mapped,7,0.018831703811883926,0.011285880048360144,0.01830240786075592,1.0,0.0,0.0,0.0
030_060,30,60,RN_ROAD_00461,RN_NODE_00416,RN_NODE_00423,0,RN_ROAD_00461,RN_ROAD_00461,residential,['Vishwasrao Himmatbahaddar Chavan Path'],19.96035429863072,road_line_intersected_raster_cells_all_touched,mapped,2,0.0024369319435209036,0.001732017903123051,0.002295949135441333,1.0,0.0,0.0,0.0
030_060,30,60,RN_ROAD_00462,RN_NODE_00436,RN_NODE_00423,0,RN_ROAD_00462,RN_ROAD_00462,residential,['Vishwasrao Himmatbahaddar Chavan Path'],23.589763046897893,road_line_intersected_raster_cells_all_touched,mapped,2,0.0010271038627251983,0.0007942682132124901,0.0009805367328226567,1.0,0.0,0.0,0.0
030_060,30,60,RN_ROAD_00463,RN_NODE_00436,RN_NODE_00461,0,RN_ROAD_00463,RN_ROAD_00463,residential,['Vishwasrao Himmatbahaddar Chavan Path'],71.26018059149224,road_line_intersected_raster_cells_all_touched,mapped,3,0.0005614325636997819,0.00035808852408081293,0.0005517126526683569,0.6666666666666666,0.0,0.0,0.0
030_060,30,60,RN_ROAD_00484,RN_NODE_00423,RN_NODE_00421,0,RN_ROAD_00484,RN_ROAD_00484,residential,['Vishwanath Mahadev Phule Path'],133.9052562918176,road_line_intersected_raster_cells_all_touched,mapped,7,0.0041921259835362434,0.0018796889801576202,0.003502810560166836,1.0,0.0,0.0,0.0
030_060,30,60,RN_ROAD_00476,RN_NODE_00461,RN_NODE_00478,0,RN_ROAD_00476,RN_ROAD_00476,residential,['Vishwasrao Himmatbahaddar Chavan Path'],81.7819111117199,road_line_intersected_raster_cells_all_touched,mapped,4,0.002151902299374342,0.0005379755748435855,0.0015063316095620398,0.25,0.0,0.0,0.0
030_060,30,60,RN_ROAD_00477,RN_NODE_00461,RN_NODE_00460,0,RN_ROAD_00477,RN_ROAD_00477,residential,,22.929729575729656,road_line_intersected_raster_cells_all_touched,mapped,2,0.0032506294082850218,0.0016253147041425109,0.0029255664674565198,0.5,0.0,0.0,0.0
030_060,30,60,RN_ROAD_00467,RN_NODE_00400,RN_NODE_00344,0,RN_ROAD_00467,RN_ROAD_00467,living_street,,164.3411147314753,road_line_intersected_raster_cells_all_touched,mapped,7,0.03464513272047043,0.011819376876311643,0.021167662180960188,1.0,0.14285714285714285,0.0,0.0
030_060,30,60,RN_ROAD_00468,RN_NODE_00400,RN_NODE_00393,0,RN_ROAD_00468,RN_ROAD_00468,primary,['Lalbahadur Shashtri Marg'],81.2642520848542,road_line_intersected_raster_cells_all_touched,mapped,3,0.03464513272047043,0.021946621748308342,0.031306014955043794,1.0,0.3333333333333333,0.0,0.0
030_060,30,60,RN_ROAD_00470,RN_NODE_00393,RN_NODE_00390,0,RN_ROAD_00470,RN_ROAD_00470,primary,['Lalbahadur Shashtri Marg'],30.03376256075307,road_line_intersected_raster_cells_all_touched,mapped,2,0.013245188631117344,0.01071201590821147,0.01273855408653617,1.0,0.0,0.0,0.0
030_060,30,60,RN_ROAD_00473,RN_NODE_00390,RN_NODE_00383,0,RN_ROAD_00473,RN_ROAD_00473,primary,['Lalbahadur Shashtri Marg'],64.96917422512529,road_line_intersected_raster_cells_all_touched,mapped,4,0.018831703811883926,0.010649896576069295,0.016656604409217835,1.0,0.0,0.0,0.0
030_060,30,60,RN_ROAD_00486,RN_NODE_00387,RN_NODE_00421,0,RN_ROAD_00486,RN_ROAD_00486,residential,['Vishwanath Mahadev Phule Path'],89.00137413042468,road_line_intersected_raster_cells_all_touched,mapped,5,0.018831703811883926,0.009314322704449296,0.015703349933028223,1.0,0.0,0.0,0.0
030_060,30,60,RN_ROAD_00597,RN_NODE_00387,RN_NODE_00383,0,RN_ROAD_00597,RN_ROAD_00597,residential,['Vishwanath Mahadev Phule Path'],13.132554076222565,road_line_intersected_raster_cells_all_touched,mapped,1,0.018831703811883926,0.018831703811883926,0.018831703811883926,1.0,0.0,0.0,0.0
030_060,30,60,RN_ROAD_00598,RN_NODE_00387,RN_NODE_00380,0,RN_ROAD_00598,RN_ROAD_00598,primary,['Lalbahadur Shashtri Marg'],95.89038736893353,road_line_intersected_raster_cells_all_touched,mapped,4,0.04897826164960861,0.03185876924544573,0.04440986290574074,1.0,0.75,0.0,0.0
030_060,30,60,RN_ROAD_00596,RN_NODE_00383,RN_NODE_00342,0,RN_ROAD_00596,RN_ROAD_00596,residential,,134.566479891982,road_line_intersected_raster_cells_all_touched,mapped,5,0.018831703811883926,0.0052077608648687605,0.012434093095362187,1.0,0.0,0.0,0.0
030_060,30,60,RN_ROAD_00599,RN_NODE_00383,RN_NODE_00375,0,RN_ROAD_00599,RN_ROAD_00599,primary,['Lalbahadur Shashtri Marg'],87.97317194069409,road_line_intersected_raster_cells_all_touched,mapped,5,0.04897826164960861,0.03206465169787407,0.04288706332445145,1.0,0.8,0.0,0.0
030_060,30,60,RN_ROAD_00478,RN_NODE_00478,RN_NODE_00476,0,RN_ROAD_00478,RN_ROAD_00478,tertiary,['Baburao Phule Path'],82.40688144646668,road_line_intersected_raster_cells_all_touched,mapped,5,0.03445546701550484,0.00854894551448524,0.022300117462873463,0.8,0.2,0.0,0.0
030_060,30,60,RN_ROAD_00479,RN_NODE_00476,RN_NODE_00466,0,RN_ROAD_00479,RN_ROAD_00479,residential,,43.009772517146956,road_line_intersected_raster_cells_all_touched,mapped,2,0.03445546701550484,0.02515268512070179,0.032594910636544225,1.0,0.5,0.0,0.0
030_060,30,60,RN_ROAD_00480,RN_NODE_00476,RN_NODE_00475,0,RN_ROAD_00480,RN_ROAD_00480,tertiary,['Baburao Phule Path'],57.324997418681235,road_line_intersected_raster_cells_all_touched,mapped,3,0.19386380910873413,0.11594436193505923,0.17899380922317504,1.0,1.0,0.6666666666666666,0.0
030_060,30,60,RN_ROAD_00483,RN_NODE_00475,RN_NODE_00470,0,RN_ROAD_00483,RN_ROAD_00483,residential,['Vishwanath Mahadev Phule Path'],21.353698598834608,road_line_intersected_raster_cells_all_touched,mapped,2,0.19386380910873413,0.12124816700816154,0.1793406806886196,1.0,1.0,0.5,0.0
030_060,30,60,RN_ROAD_00594,RN_NODE_00475,RN_NODE_00474,0,RN_ROAD_00594,RN_ROAD_00594,tertiary,['Baburao Phule Path'],28.69165843571568,road_line_intersected_raster_cells_all_touched,mapped,1,0.19386380910873413,0.19386380910873413,0.19386380910873413,1.0,1.0,1.0,0.0
030_060,30,60,RN_ROAD_00481,RN_NODE_00471,RN_NODE_00470,0,RN_ROAD_00481,RN_ROAD_00481,residential,,34.541271597331985,road_line_intersected_raster_cells_all_touched,mapped,2,0.04863252490758896,0.04844747856259346,0.04859551563858986,1.0,1.0,0.0,0.0
030_060,30,60,RN_ROAD_00482,RN_NODE_00470,RN_NODE_00458,0,RN_ROAD_00482,RN_ROAD_00482,residential,['Vishwanath Mahadev Phule Path'],41.428757139059755,road_line_intersected_raster_cells_all_touched,mapped,2,0.04863252490758896,0.03458647336810827,0.04582331459969282,1.0,1.0,0.0,0.0
030_060,30,60,RN_ROAD_00489,RN_NODE_00458,RN_NODE_00445,0,RN_ROAD_00489,RN_ROAD_00489,residential,['Vishwanath Mahadev Phule Path'],43.372933928021475,road_line_intersected_raster_cells_all_touched,mapped,3,0.020540421828627586,0.014241873597105345,0.019132768362760545,1.0,0.3333333333333333,0.0,0.0
030_060,30,60,RN_ROAD_00491,RN_NODE_00458,RN_NODE_00457,0,RN_ROAD_00491,RN_ROAD_00491,residential,['Vishwanath Mahadev Phule Path'],47.16485696932285,road_line_intersected_raster_cells_all_touched,mapped,3,0.07417769730091095,0.044939503694574036,0.06736223623156548,1.0,1.0,0.0,0.0
030_060,30,60,RN_ROAD_00487,RN_NODE_00421,RN_NODE_00442,0,RN_ROAD_00487,RN_ROAD_00487,residential,['Vishwanath Mahadev Phule Path'],51.35203397291668,road_line_intersected_raster_cells_all_touched,mapped,3,0.008683044463396072,0.006644898404677709,0.00835834052413702,1.0,0.0,0.0,0.0
030_060,30,60,RN_ROAD_00490,RN_NODE_00421,RN_NODE_00418,0,RN_ROAD_00490,RN_ROAD_00490,residential,,46.14214901544006,road_line_intersected_raster_cells_all_touched,mapped,2,0.0041921259835362434,0.0033909683115780354,0.004031894449144602,1.0,0.0,0.0,0.0
030_060,30,60,RN_ROAD_00485,RN_NODE_00446,RN_NODE_00445,0,RN_ROAD_00485,RN_ROAD_00485,residential,,36.19906931731336,road_line_intersected_raster_cells_all_touched,mapped,2,0.008683044463396072,0.006099407561123371,0.008166317082941531,1.0,0.0,0.0,0.0
030_060,30,60,RN_ROAD_00488,RN_NODE_00445,RN_NODE_00442,0,RN_ROAD_00488,RN_ROAD_00488,residential,['Vishwanath Mahadev Phule Path'],5.936139407664445,road_line_intersected_raster_cells_all_touched,mapped,1,0.008683044463396072,0.008683044463396072,0.008683044463396072,1.0,0.0,0.0,0.0
030_060,30,60,RN_ROAD_00492,RN_NODE_00442,RN_NODE_00440,0,RN_ROAD_00492,RN_ROAD_00492,residential,,58.178094656387266,road_line_intersected_raster_cells_all_touched,mapped,3,0.008683044463396072,0.007307375160356362,0.008378976583480835,1.0,0.0,0.0,0.0
030_060,30,60,RN_ROAD_00493,RN_NODE_00455,RN_NODE_00453,0,RN_ROAD_00493,RN_ROAD_00493,residential,,30.918971372978657,road_line_intersected_raster_cells_all_touched,mapped,2,0.02098866179585457,0.018249082379043102,0.020440745912492276,1.0,0.5,0.0,0.0
030_060,30,60,RN_ROAD_00494,RN_NODE_00012,RN_NODE_00006,0,RN_ROAD_00494,RN_ROAD_00494,tertiary,['Gulwani Maharaj Path'],42.8285125913505,road_line_intersected_raster_cells_all_touched,mapped,3,0.0050221821293234825,0.0039491376373916864,0.004925746563822031,1.0,0.0,0.0,0.0
030_060,30,60,RN_ROAD_00496,RN_NODE_00012,RN_NODE_00011,0,RN_ROAD_00496,RN_ROAD_00496,residential,['Shramasafalya Society Road'],6.988515553938803,road_line_intersected_raster_cells_all_touched,mapped,2,0.006976380478590727,0.004630803479813039,0.006507265078835189,1.0,0.0,0.0,0.0
030_060,30,60,RN_ROAD_00500,RN_NODE_00012,RN_NODE_00017,0,RN_ROAD_00500,RN_ROAD_00500,tertiary,['Gulwani Maharaj Path'],42.45967987531039,road_line_intersected_raster_cells_all_touched,mapped,3,0.00941598042845726,0.0062258624626944465,0.008928060438483954,1.0,0.0,0.0,0.0
030_060,30,60,RN_ROAD_00495,RN_NODE_00005,RN_NODE_00011,0,RN_ROAD_00495,RN_ROAD_00495,tertiary,['Gulwani Maharaj Path'],38.274991653769185,road_line_intersected_raster_cells_all_touched,mapped,3,0.006976380478590727,0.004600537087147434,0.006489105243235827,1.0,0.0,0.0,0.0
030_060,30,60,RN_ROAD_00501,RN_NODE_00011,RN_NODE_00016,0,RN_ROAD_00501,RN_ROAD_00501,tertiary,['Gulwani Maharaj Path'],43.8042330338447,road_line_intersected_raster_cells_all_touched,mapped,3,0.027745623141527176,0.014712661349525055,0.024079694598913192,1.0,0.3333333333333333,0.0,0.0
030_060,30,60,RN_ROAD_00508,RN_NODE_00011,RN_NODE_00010,0,RN_ROAD_00508,RN_ROAD_00508,residential,['Shramasafalya Society Road'],86.54621941414499,road_line_intersected_raster_cells_all_touched,mapped,3,0.016261639073491096,0.009601760345200697,0.014404587354511023,1.0,0.0,0.0,0.0
030_060,30,60,RN_ROAD_00499,RN_NODE_00036,RN_NODE_00039,0,RN_ROAD_00499,RN_ROAD_00499,residential,,22.301565943594664,road_line_intersected_raster_cells_all_touched,mapped,3,0.04472140222787857,0.030796299998958904,0.04095268882811069,1.0,1.0,0.0,0.0
030_060,30,60,RN_ROAD_00505,RN_NODE_00036,RN_NODE_00023,0,RN_ROAD_00505,RN_ROAD_00505,residential,,54.02351430842665,road_line_intersected_raster_cells_all_touched,mapped,3,0.0816669762134552,0.06325430919726689,0.07800849080085755,1.0,1.0,0.0,0.0
030_060,30,60,RN_ROAD_00509,RN_NODE_00036,RN_NODE_00034,0,RN_ROAD_00509,RN_ROAD_00509,residential,,110.59063402340144,road_line_intersected_raster_cells_all_touched,mapped,5,0.06502440571784973,0.04444569610059261,0.06099510043859482,1.0,1.0,0.0,0.0
030_060,30,60,RN_ROAD_00504,RN_NODE_00017,RN_NODE_00016,0,RN_ROAD_00504,RN_ROAD_00504,tertiary,['Imambhai Shekh Path'],7.192496022473638,road_line_intersected_raster_cells_all_touched,mapped,2,0.027745623141527176,0.018580801784992218,0.025912658870220186,1.0,0.5,0.0,0.0
030_060,30,60,RN_ROAD_00506,RN_NODE_00017,RN_NODE_00020,0,RN_ROAD_00506,RN_ROAD_00506,tertiary,['Gulwani Maharaj Path'],32.841819270007306,road_line_intersected_raster_cells_all_touched,mapped,3,0.06337454915046692,0.033512050906817116,0.05624876394867897,1.0,0.6666666666666666,0.0,0.0
030_060,30,60,RN_ROAD_00507,RN_NODE_00016,RN_NODE_00019,0,RN_ROAD_00507,RN_ROAD_00507,tertiary,['Gulwani Maharaj Path'],31.00075468075208,road_line_intersected_raster_cells_all_touched,mapped,2,0.06337454915046692,0.04556008614599705,0.05981165654957295,1.0,1.0,0.0,0.0
030_060,30,60,RN_ROAD_00503,RN_NODE_00004,RN_NODE_00003,0,RN_ROAD_00503,RN_ROAD_00503,residential,,32.28406437020715,road_line_intersected_raster_cells_all_touched,mapped,2,0.01612502709031105,0.010034685488790274,0.014906958770006895,1.0,0.0,0.0,0.0
030_060,30,60,RN_ROAD_00511,RN_NODE_00023,RN_NODE_00020,0,RN_ROAD_00511,RN_ROAD_00511,tertiary,['Gulwani Maharaj Path'],7.242539992536353,road_line_intersected_raster_cells_all_touched,mapped,1,0.06337454915046692,0.06337454915046692,0.06337454915046692,1.0,1.0,0.0,0.0
030_060,30,60,RN_ROAD_00513,RN_NODE_00023,RN_NODE_00021,0,RN_ROAD_00513,RN_ROAD_00513,residential,,6.983165191134959,road_line_intersected_raster_cells_all_touched,mapped,1,0.06337454915046692,0.06337454915046692,0.06337454915046692,1.0,1.0,0.0,0.0
030_060,30,60,RN_ROAD_00514,RN_NODE_00023,RN_NODE_00034,0,RN_ROAD_00514,RN_ROAD_00514,tertiary,['Gulwani Maharaj Path'],34.96737715662887,road_line_intersected_raster_cells_all_touched,mapped,3,0.06337454915046692,0.03889854376514753,0.05703037828207016,1.0,1.0,0.0,0.0
030_060,30,60,RN_ROAD_00510,RN_NODE_00020,RN_NODE_00019,0,RN_ROAD_00510,RN_ROAD_00510,residential,,6.983467125765223,road_line_intersected_raster_cells_all_touched,mapped,1,0.06337454915046692,0.06337454915046692,0.06337454915046692,1.0,1.0,0.0,0.0
030_060,30,60,RN_ROAD_00512,RN_NODE_00019,RN_NODE_00021,0,RN_ROAD_00512,RN_ROAD_00512,tertiary,['Gulwani Maharaj Path'],7.227252123885603,road_line_intersected_raster_cells_all_touched,mapped,1,0.06337454915046692,0.06337454915046692,0.06337454915046692,1.0,1.0,0.0,0.0
030_060,30,60,RN_ROAD_00517,RN_NODE_00019,RN_NODE_00018,0,RN_ROAD_00517,RN_ROAD_00517,residential,,64.14110905468871,road_line_intersected_raster_cells_all_touched,mapped,4,0.06337454915046692,0.03138114558532834,0.052685871347785004,1.0,0.5,0.0,0.0
030_060,30,60,RN_ROAD_00516,RN_NODE_00034,RN_NODE_00027,0,RN_ROAD_00516,RN_ROAD_00516,residential,,7.010767954611743,road_line_intersected_raster_cells_all_touched,mapped,1,0.031653694808483124,0.031653694808483124,0.031653694808483124,1.0,1.0,0.0,0.0
030_060,30,60,RN_ROAD_00518,RN_NODE_00034,RN_NODE_00057,0,RN_ROAD_00518,RN_ROAD_00518,tertiary,['Gulwani Maharaj Path'],137.5377317476224,road_line_intersected_raster_cells_all_touched,mapped,7,0.04434172809123993,0.0238258084282279,0.044318276643753055,1.0,0.42857142857142855,0.0,0.0
030_060,30,60,RN_ROAD_00515,RN_NODE_00021,RN_NODE_00027,0,RN_ROAD_00515,RN_ROAD_00515,tertiary,['Gulwani Maharaj Path'],34.40198774129008,road_line_intersected_raster_cells_all_touched,mapped,3,0.06337454915046692,0.03889854376514753,0.05703037828207016,1.0,1.0,0.0,0.0
030_060,30,60,RN_ROAD_00519,RN_NODE_00027,RN_NODE_00055,0,RN_ROAD_00519,RN_ROAD_00519,tertiary,['Gulwani Maharaj Path'],139.24373942661734,road_line_intersected_raster_cells_all_touched,mapped,7,0.04434172809123993,0.02774763386696577,0.044318276643753055,1.0,0.5714285714285714,0.0,0.0
030_060,30,60,RN_ROAD_00521,RN_NODE_00057,RN_NODE_00055,0,RN_ROAD_00521,RN_ROAD_00521,residential,,6.9826804461109715,road_line_intersected_raster_cells_all_touched,mapped,1,0.010045207105576992,0.010045207105576992,0.010045207105576992,1.0,0.0,0.0,0.0
030_060,30,60,RN_ROAD_00554,RN_NODE_00057,RN_NODE_00063,0,RN_ROAD_00554,RN_ROAD_00554,tertiary,['Gulwani Maharaj Path'],61.83276020804142,road_line_intersected_raster_cells_all_touched,mapped,4,0.014453514479100704,0.010555665532592684,0.014292383007705212,1.0,0.0,0.0,0.0
030_060,30,60,RN_ROAD_00522,RN_NODE_00055,RN_NODE_00009,0,RN_ROAD_00522,RN_ROAD_00522,residential,,202.98961960729056,road_line_intersected_raster_cells_all_touched,mapped,8,0.03681251034140587,0.02441674779402092,0.036787593737244606,1.0,0.625,0.0,0.0
030_060,30,60,RN_ROAD_00555,RN_NODE_00055,RN_NODE_00062,0,RN_ROAD_00555,RN_ROAD_00555,tertiary,['Gulwani Maharaj Path'],63.005569179776785,road_line_intersected_raster_cells_all_touched,mapped,4,0.014453514479100704,0.013151967665180564,0.014375281985849142,1.0,0.0,0.0,0.0
030_060,30,60,RN_ROAD_00520,RN_NODE_00009,RN_NODE_00002,0,RN_ROAD_00520,RN_ROAD_00520,residential,,41.31404716190531,road_line_intersected_raster_cells_all_touched,mapped,1,0.006241453345865011,0.006241453345865011,0.006241453345865011,1.0,0.0,0.0,0.0
030_060,30,60,RN_ROAD_00523,RN_NODE_00009,RN_NODE_00008,0,RN_ROAD_00523,RN_ROAD_00523,residential,,12.441899887466713,road_line_intersected_raster_cells_all_touched,mapped,2,0.006241453345865011,0.003987839678302407,0.005790730612352491,1.0,0.0,0.0,0.0
030_060,30,60,RN_ROAD_00556,RN_NODE_00008,RN_NODE_00001,0,RN_ROAD_00556,RN_ROAD_00556,residential,,43.988610861901286,road_line_intersected_raster_cells_all_touched,mapped,2,0.0017342260107398033,0.0010684675798984244,0.0016010743245715275,1.0,0.0,0.0,0.0
030_060,30,60,RN_ROAD_00557,RN_NODE_00008,RN_NODE_00013,0,RN_ROAD_00557,RN_ROAD_00557,residential,,83.46063841947745,road_line_intersected_raster_cells_all_touched,mapped,4,0.0017342260107398033,0.0008254873646365013,0.0015070018707774582,1.0,0.0,0.0,0.0
030_060,30,60,RN_ROAD_00528,RN_NODE_00169,RN_NODE_00170,0,RN_ROAD_00528,RN_ROAD_00528,residential,,26.96845598273519,road_line_intersected_raster_cells_all_touched,mapped,2,0.004522605799138546,0.0037633468164131045,0.004370754002593458,1.0,0.0,0.0,0.0
030_060,30,60,RN_ROAD_00530,RN_NODE_00159,RN_NODE_00182,0,RN_ROAD_00530,RN_ROAD_00530,residential,,49.242204549989836,road_line_intersected_raster_cells_all_touched,mapped,2,0.013542834669351578,0.008537873392924666,0.012541842414066195,1.0,0.0,0.0,0.0
030_060,30,60,RN_ROAD_00531,RN_NODE_00159,RN_NODE_00131,0,RN_ROAD_00531,RN_ROAD_00531,residential,,71.74036240348227,road_line_intersected_raster_cells_all_touched,mapped,4,0.003532912116497755,0.002334120639716275,0.0034197138156741858,1.0,0.0,0.0,0.0
030_060,30,60,RN_ROAD_00532,RN_NODE_00159,RN_NODE_00160,0,RN_ROAD_00532,RN_ROAD_00532,residential,,44.15789584900035,road_line_intersected_raster_cells_all_touched,mapped,2,0.0038920084480196238,0.0037124602822586894,0.003856098814867437,1.0,0.0,0.0,0.0
030_060,30,60,RN_ROAD_00533,RN_NODE_00160,RN_NODE_00181,0,RN_ROAD_00533,RN_ROAD_00533,residential,,46.16862330443982,road_line_intersected_raster_cells_all_touched,mapped,2,0.009153789840638638,0.006522899144329131,0.008627611701376737,1.0,0.0,0.0,0.0
030_060,30,60,RN_ROAD_00544,RN_NODE_00160,RN_NODE_00133,0,RN_ROAD_00544,RN_ROAD_00544,residential,,70.15361406693266,road_line_intersected_raster_cells_all_touched,mapped,4,0.0038920084480196238,0.0024333014007424936,0.0038304803892970085,1.0,0.0,0.0,0.0
030_060,30,60,RN_ROAD_00545,RN_NODE_00160,RN_NODE_00161,0,RN_ROAD_00545,RN_ROAD_00545,residential,,41.14857876089963,road_line_intersected_raster_cells_all_touched,mapped,3,0.005611637141555548,0.003618736402131617,0.005267711402848363,1.0,0.0,0.0,0.0
030_060,30,60,RN_ROAD_00534,RN_NODE_00089,RN_NODE_00085,0,RN_ROAD_00534,RN_ROAD_00534,residential,,27.759811584576703,road_line_intersected_raster_cells_all_touched,mapped,2,0.0019134139874950051,0.0012469823996070772,0.0017801276699174196,1.0,0.0,0.0,0.0
030_060,30,60,RN_ROAD_00538,RN_NODE_00085,RN_NODE_00093,0,RN_ROAD_00538,RN_ROAD_00538,residential,,25.9033233881176,road_line_intersected_raster_cells_all_touched,mapped,2,0.006960371043533087,0.003770460927626118,0.006322389020351693,1.0,0.0,0.0,0.0
030_060,30,60,RN_ROAD_00542,RN_NODE_00064,RN_NODE_00063,0,RN_ROAD_00542,RN_ROAD_00542,tertiary,['Gulwani Maharaj Path'],13.296628666610653,road_line_intersected_raster_cells_all_touched,mapped,2,0.014453514479100704,0.009123099502176046,0.013387431483715772,1.0,0.0,0.0,0.0
030_060,30,60,RN_ROAD_00558,RN_NODE_00064,RN_NODE_00060,0,RN_ROAD_00558,RN_ROAD_00558,secondary,['Amrutrao Khilare Path'],139.93713144357974,road_line_intersected_raster_cells_all_touched,mapped,7,0.033375438302755356,0.014428967876093728,0.02997439838945866,1.0,0.2857142857142857,0.0,0.0
030_060,30,60,RN_ROAD_00564,RN_NODE_00064,RN_NODE_00062,0,RN_ROAD_00564,RN_ROAD_00564,tertiary,['Gulwani Maharaj Path'],15.765751341295015,road_line_intersected_raster_cells_all_touched,mapped,2,0.014453514479100704,0.009123099502176046,0.013387431483715772,1.0,0.0,0.0,0.0
030_060,30,60,RN_ROAD_00565,RN_NODE_00064,RN_NODE_00065,0,RN_ROAD_00565,RN_ROAD_00565,residential,,35.965093906912095,road_line_intersected_raster_cells_all_touched,mapped,2,0.0037926845252513885,0.002351421455387026,0.003504431911278516,1.0,0.0,0.0,0.0
030_060,30,60,RN_ROAD_00540,RN_NODE_00072,RN_NODE_00077,0,RN_ROAD_00540,RN_ROAD_00540,residential,,73.58795605910393,road_line_intersected_raster_cells_all_touched,mapped,4,0.007168293930590153,0.004155413087573834,0.006478570168837905,1.0,0.0,0.0,0.0
030_060,30,60,RN_ROAD_00541,RN_NODE_00072,RN_NODE_00073,0,RN_ROAD_00541,RN_ROAD_00541,residential,['Gangaram Dhanvat Path'],31.66509960770544,road_line_intersected_raster_cells_all_touched,mapped,2,0.0024506724439561367,0.0014686190115753561,0.0022542617574799807,1.0,0.0,0.0,0.0
030_060,30,60,RN_ROAD_00543,RN_NODE_00063,RN_NODE_00062,0,RN_ROAD_00543,RN_ROAD_00543,secondary,['Amrutrao Khilare Path'],5.440303004341488,road_line_intersected_raster_cells_all_touched,mapped,1,0.014453514479100704,0.014453514479100704,0.014453514479100704,1.0,0.0,0.0,0.0
030_060,30,60,RN_ROAD_00567,RN_NODE_00077,RN_NODE_00080,0,RN_ROAD_00567,RN_ROAD_00567,residential,,101.71214144917526,road_line_intersected_raster_cells_all_touched,mapped,5,0.013781954534351826,0.007425857987254858,0.011938955821096898,1.0,0.0,0.0,0.0
030_060,30,60,RN_ROAD_00569,RN_NODE_00077,RN_NODE_00075,0,RN_ROAD_00569,RN_ROAD_00569,residential,,112.99827839520864,road_line_intersected_raster_cells_all_touched,mapped,6,0.006943267770111561,0.004344927845522761,0.0056818705052137375,1.0,0.0,0.0,0.0
030_060,30,60,RN_ROAD_00566,RN_NODE_00073,RN_NODE_00065,0,RN_ROAD_00566,RN_ROAD_00566,residential,,88.39093749500239,road_line_intersected_raster_cells_all_touched,mapped,3,0.0024506724439561367,0.0016487499233335257,0.002277621743269265,1.0,0.0,0.0,0.0
030_060,30,60,RN_ROAD_00570,RN_NODE_00073,RN_NODE_00074,0,RN_ROAD_00570,RN_ROAD_00570,residential,['Gangaram Dhanvat Path'],85.39203546796787,road_line_intersected_raster_cells_all_touched,mapped,4,0.009499792009592056,0.004835603875108063,0.00796000105328858,1.0,0.0,0.0,0.0
030_060,30,60,RN_ROAD_00568,RN_NODE_00062,RN_NODE_00061,0,RN_ROAD_00568,RN_ROAD_00568,secondary,['Amrutrao Khilare Path'],70.52753780674752,road_line_intersected_raster_cells_all_touched,mapped,4,0.027707038447260857,0.015620840946212411,0.023730981256812812,1.0,0.25,0.0,0.0
030_060,30,60,RN_ROAD_00546,RN_NODE_00161,RN_NODE_00135,0,RN_ROAD_00546,RN_ROAD_00546,residential,,58.21174425169593,road_line_intersected_raster_cells_all_touched,mapped,3,0.0013525636168196797,0.0008301854541059583,0.0012217475101351737,1.0,0.0,0.0,0.0
030_060,30,60,RN_ROAD_00547,RN_NODE_00161,RN_NODE_00184,0,RN_ROAD_00547,RN_ROAD_00547,residential,,59.52396858604021,road_line_intersected_raster_cells_all_touched,mapped,5,0.01163326296955347,0.00629401442129165,0.010652424581348897,1.0,0.0,0.0,0.0
030_060,30,60,RN_ROAD_00548,RN_NODE_00161,RN_NODE_00162,0,RN_ROAD_00548,RN_ROAD_00548,residential,,43.52759274574052,road_line_intersected_raster_cells_all_touched,mapped,2,0.0013525636168196797,0.001092941703973338,0.0013006392342504113,1.0,0.0,0.0,0.0
030_060,30,60,RN_ROAD_00549,RN_NODE_00162,RN_NODE_00192,0,RN_ROAD_00549,RN_ROAD_00549,residential,,64.37362164101229,road_line_intersected_raster_cells_all_touched,mapped,3,0.007305670063942671,0.003313887534507861,0.00620507060084492,1.0,0.0,0.0,0.0
030_060,30,60,RN_ROAD_00550,RN_NODE_00162,RN_NODE_00143,0,RN_ROAD_00550,RN_ROAD_00550,residential,,40.817344900923175,road_line_intersected_raster_cells_all_touched,mapped,3,0.0008333197911269963,0.0003511296915045629,0.0007032145484117792,1.0,0.0,0.0,0.0
030_060,30,60,RN_ROAD_00551,RN_NODE_00162,RN_NODE_00163,0,RN_ROAD_00551,RN_ROAD_00551,residential,,41.39157416787474,road_line_intersected_raster_cells_all_touched,mapped,2,0.0008333197911269963,0.0007730557408649474,0.0008212669810745866,1.0,0.0,0.0,0.0
030_060,30,60,RN_ROAD_00552,RN_NODE_00163,RN_NODE_00148,0,RN_ROAD_00552,RN_ROAD_00552,residential,,29.88852414830567,road_line_intersected_raster_cells_all_touched,mapped,2,0.0008658421575091779,0.0007893169240560383,0.00085053711081855,1.0,0.0,0.0,0.0
030_060,30,60,RN_ROAD_00553,RN_NODE_00163,RN_NODE_00196,0,RN_ROAD_00553,RN_ROAD_00553,residential,,67.04065348407521,road_line_intersected_raster_cells_all_touched,mapped,3,0.0034486055374145508,0.0016640144361493487,0.0029250136460177603,1.0,0.0,0.0,0.0
030_060,30,60,RN_ROAD_00609,RN_NODE_00163,RN_NODE_00189,0,RN_ROAD_00609,RN_ROAD_00609,residential,,102.89476584709024,road_line_intersected_raster_cells_all_touched,mapped,5,0.004901265259832144,0.001760304847266525,0.003496978199109435,1.0,0.0,0.0,0.0
030_060,30,60,RN_ROAD_00563,RN_NODE_00060,RN_NODE_00056,0,RN_ROAD_00563,RN_ROAD_00563,secondary,['Keshavrao Sadoba Padale Chowk'],13.515402583682846,road_line_intersected_raster_cells_all_touched,mapped,2,0.008749615401029587,0.006633255165070295,0.008326343353837728,1.0,0.0,0.0,0.0
030_060,30,60,RN_ROAD_00576,RN_NODE_00060,RN_NODE_00059,0,RN_ROAD_00576,RN_ROAD_00576,secondary,['Keshavrao Sadoba Padale Chowk'],5.39808589718017,road_line_intersected_raster_cells_all_touched,mapped,1,0.004516894929111004,0.004516894929111004,0.004516894929111004,1.0,0.0,0.0,0.0
030_060,30,60,RN_ROAD_00559,RN_NODE_00014,RN_NODE_00061,0,RN_ROAD_00559,RN_ROAD_00559,residential,['Theerthankar Vasupujya Swami Marg'],207.24278569203318,road_line_intersected_raster_cells_all_touched,mapped,8,0.008581587113440037,0.0024545339147152845,0.004161038785241543,1.0,0.0,0.0,0.0
030_060,30,60,RN_ROAD_00560,RN_NODE_00061,RN_NODE_00056,0,RN_ROAD_00560,RN_ROAD_00560,secondary,['Amrutrao Khilare Path'],61.492190964871924,road_line_intersected_raster_cells_all_touched,mapped,4,0.008749615401029587,0.007605928694829345,0.008699206914752722,1.0,0.0,0.0,0.0
030_060,30,60,RN_ROAD_00562,RN_NODE_00056,RN_NODE_00054,0,RN_ROAD_00562,RN_ROAD_00562,secondary,['Keshavrao Sadoba Padale Chowk'],5.410139302658532,road_line_intersected_raster_cells_all_touched,mapped,1,0.008749615401029587,0.008749615401029587,0.008749615401029587,1.0,0.0,0.0,0.0
030_060,30,60,RN_ROAD_00561,RN_NODE_00031,RN_NODE_00046,0,RN_ROAD_00561,RN_ROAD_00561,residential,['Shankarrao Joshi Path'],60.005988546510665,road_line_intersected_raster_cells_all_touched,mapped,3,0.0010125641711056232,0.0006327270433151474,0.0009130090358667076,1.0,0.0,0.0,0.0
030_060,30,60,RN_ROAD_00577,RN_NODE_00031,RN_NODE_00028,0,RN_ROAD_00577,RN_ROAD_00577,residential,['Shankarrao Joshi Path'],0.5795982088234387,road_line_intersected_raster_cells_all_touched,mapped,1,0.0005147884949110448,0.0005147884949110448,0.0005147884949110448,1.0,0.0,0.0,0.0
030_060,30,60,RN_ROAD_00580,RN_NODE_00031,RN_NODE_00030,0,RN_ROAD_00580,RN_ROAD_00580,residential,,0.3967736106851837,road_line_intersected_raster_cells_all_touched,mapped,1,0.0005147884949110448,0.0005147884949110448,0.0005147884949110448,1.0,0.0,0.0,0.0
030_060,30,60,RN_ROAD_00574,RN_NODE_00046,RN_NODE_00054,0,RN_ROAD_00574,RN_ROAD_00574,residential,['Shankarrao Joshi Path'],42.881738794034206,road_line_intersected_raster_cells_all_touched,mapped,2,0.008749615401029587,0.004881089786067605,0.00797591027803719,1.0,0.0,0.0,0.0
030_060,30,60,RN_ROAD_00581,RN_NODE_00046,RN_NODE_00044,0,RN_ROAD_00581,RN_ROAD_00581,residential,,36.766391024180386,road_line_intersected_raster_cells_all_touched,mapped,3,0.002331668045371771,0.001276794452375422,0.0020678472705185414,1.0,0.0,0.0,0.0
030_060,30,60,RN_ROAD_00575,RN_NODE_00054,RN_NODE_00053,0,RN_ROAD_00575,RN_ROAD_00575,secondary,['Keshavrao Sadoba Padale Chowk'],5.384491161976374,road_line_intersected_raster_cells_all_touched,mapped,1,0.008749615401029587,0.008749615401029587,0.008749615401029587,1.0,0.0,0.0,0.0
030_060,30,60,RN_ROAD_00571,RN_NODE_00065,RN_NODE_00074,0,RN_ROAD_00571,RN_ROAD_00571,residential,,114.22292169782816,road_line_intersected_raster_cells_all_touched,mapped,6,0.009499792009592056,0.004244562451882909,0.007157158805057406,1.0,0.0,0.0,0.0
030_060,30,60,RN_ROAD_00572,RN_NODE_00080,RN_NODE_00091,0,RN_ROAD_00572,RN_ROAD_00572,residential,,30.22855226126164,road_line_intersected_raster_cells_all_touched,mapped,2,0.026159999892115593,0.01997097721323371,0.024922195356339216,1.0,0.5,0.0,0.0
030_060,30,60,RN_ROAD_00573,RN_NODE_00080,RN_NODE_00081,0,RN_ROAD_00573,RN_ROAD_00573,residential,,48.659667273090214,road_line_intersected_raster_cells_all_touched,mapped,2,0.013781954534351826,0.010775681585073471,0.013180699944496155,1.0,0.0,0.0,0.0
030_060,30,60,RN_ROAD_00584,RN_NODE_00074,RN_NODE_00087,0,RN_ROAD_00584,RN_ROAD_00584,residential,['Gangaram Dhanvat Path'],150.95288944080505,road_line_intersected_raster_cells_all_touched,mapped,9,0.009499792009592056,0.002289015447685314,0.005607307329773904,0.8888888888888888,0.0,0.0,0.0
030_060,30,60,RN_ROAD_00578,RN_NODE_00053,RN_NODE_00058,0,RN_ROAD_00578,RN_ROAD_00578,secondary,['Keshavrao Sadoba Padale Chowk'],13.518326852438197,road_line_intersected_raster_cells_all_touched,mapped,2,0.010451370850205421,0.009600493125617504,0.010281195305287838,1.0,0.0,0.0,0.0
030_060,30,60,RN_ROAD_00582,RN_NODE_00053,RN_NODE_00049,0,RN_ROAD_00582,RN_ROAD_00582,secondary,['Amrutrao Khilare Path'],58.77131978587884,road_line_intersected_raster_cells_all_touched,mapped,4,0.010451370850205421,0.006015872175339609,0.009940844215452672,1.0,0.0,0.0,0.0
030_060,30,60,RN_ROAD_00579,RN_NODE_00059,RN_NODE_00058,0,RN_ROAD_00579,RN_ROAD_00579,secondary,['Keshavrao Sadoba Padale Chowk'],5.395050967995674,road_line_intersected_raster_cells_all_touched,mapped,3,0.010451370850205421,0.006517155561596155,0.009277736861258745,1.0,0.0,0.0,0.0
030_060,30,60,RN_ROAD_00586,RN_NODE_00059,RN_NODE_00076,0,RN_ROAD_00586,RN_ROAD_00586,tertiary,['Kashibai Amrutrao Khilare Path'],269.4592788008161,road_line_intersected_raster_cells_all_touched,mapped,13,0.00458320090547204,0.0017147441025232323,0.004257090575993062,0.7692307692307693,0.0,0.0,0.0
030_060,30,60,RN_ROAD_00583,RN_NODE_00058,RN_NODE_00052,0,RN_ROAD_00583,RN_ROAD_00583,secondary,['Amrutrao Khilare Path'],61.846162077050124,road_line_intersected_raster_cells_all_touched,mapped,2,0.010451370850205421,0.007076622219756246,0.009776421124115586,1.0,0.0,0.0,0.0
030_060,30,60,RN_ROAD_00585,RN_NODE_00087,RN_NODE_00097,0,RN_ROAD_00585,RN_ROAD_00585,residential,['Patil Regency Internal Road'],84.39089320427311,road_line_intersected_raster_cells_all_touched,mapped,5,7.60063130655908e-06,1.520126261311816e-06,4.560378783935449e-06,0.2,0.0,0.0,0.0
030_060,30,60,RN_ROAD_00587,RN_NODE_00087,RN_NODE_00076,0,RN_ROAD_00587,RN_ROAD_00587,residential,['Gangaram Dhanvat Path'],60.675276322509475,road_line_intersected_raster_cells_all_touched,mapped,3,0.00011555696983123198,3.8518989943743996e-05,9.24455758649856e-05,0.3333333333333333,0.0,0.0,0.0
030_060,30,60,RN_ROAD_00589,RN_NODE_00076,RN_NODE_00094,0,RN_ROAD_00589,RN_ROAD_00589,tertiary,['Kashibai Amrutrao Khilare Path'],87.78838652884335,road_line_intersected_raster_cells_all_touched,mapped,5,0.0,0.0,0.0,0.0,0.0,0.0,0.0
030_060,30,60,RN_ROAD_00593,RN_NODE_00076,RN_NODE_00070,0,RN_ROAD_00593,RN_ROAD_00593,residential,,124.94624191224,road_line_intersected_raster_cells_all_touched,mapped,7,0.0,0.0,0.0,0.0,0.0,0.0,0.0
030_060,30,60,RN_ROAD_00588,RN_NODE_00094,RN_NODE_00100,0,RN_ROAD_00588,RN_ROAD_00588,residential,,81.15438832370462,road_line_intersected_raster_cells_all_touched,mapped,5,0.0,0.0,0.0,0.0,0.0,0.0,0.0
030_060,30,60,RN_ROAD_00590,RN_NODE_00094,RN_NODE_00095,0,RN_ROAD_00590,RN_ROAD_00590,tertiary,['Kashibai Amrutrao Khilare Path'],11.806116707497281,road_line_intersected_raster_cells_all_touched,mapped,1,0.0,0.0,0.0,0.0,0.0,0.0,0.0
030_060,30,60,RN_ROAD_00611,RN_NODE_00095,RN_NODE_00096,0,RN_ROAD_00611,RN_ROAD_00611,tertiary,['Kashibai Amrutrao Khilare Path'],24.306499584060276,road_line_intersected_raster_cells_all_touched,mapped,3,0.0,0.0,0.0,0.0,0.0,0.0,0.0
030_060,30,60,RN_ROAD_00614,RN_NODE_00095,RN_NODE_00084,0,RN_ROAD_00614,RN_ROAD_00614,residential,['Major K. G. Pawar Path'],80.83749221229549,road_line_intersected_raster_cells_all_touched,mapped,4,0.0,0.0,0.0,0.0,0.0,0.0,0.0
030_060,30,60,RN_ROAD_00591,RN_NODE_00108,RN_NODE_00111,0,RN_ROAD_00591,RN_ROAD_00591,residential,,15.249774140478227,road_line_intersected_raster_cells_all_touched,mapped,2,0.0,0.0,0.0,0.0,0.0,0.0,0.0
030_060,30,60,RN_ROAD_00612,RN_NODE_00108,RN_NODE_00099,0,RN_ROAD_00612,RN_ROAD_00612,residential,,58.08767654573444,road_line_intersected_raster_cells_all_touched,mapped,3,0.0,0.0,0.0,0.0,0.0,0.0,0.0
030_060,30,60,RN_ROAD_00615,RN_NODE_00108,RN_NODE_00117,0,RN_ROAD_00615,RN_ROAD_00615,residential,,69.05333066717392,road_line_intersected_raster_cells_all_touched,mapped,4,0.0,0.0,0.0,0.0,0.0,0.0,0.0
030_060,30,60,RN_ROAD_00592,RN_NODE_00096,RN_NODE_00106,0,RN_ROAD_00592,RN_ROAD_00592,residential,,64.25106186309215,road_line_intersected_raster_cells_all_touched,mapped,4,0.0,0.0,0.0,0.0,0.0,0.0,0.0
030_060,30,60,RN_ROAD_00613,RN_NODE_00096,RN_NODE_00099,0,RN_ROAD_00613,RN_ROAD_00613,tertiary,['Kashibai Amrutrao Khilare Path'],20.40269168991895,road_line_intersected_raster_cells_all_touched,mapped,2,0.0,0.0,0.0,0.0,0.0,0.0,0.0
030_060,30,60,RN_ROAD_00595,RN_NODE_00465,RN_NODE_00472,0,RN_ROAD_00595,RN_ROAD_00595,residential,,16.1517627782782,road_line_intersected_raster_cells_all_touched,mapped,1,0.06172482296824455,0.06172482296824455,0.06172482296824455,1.0,1.0,0.0,0.0
030_060,30,60,RN_ROAD_00626,RN_NODE_00342,RN_NODE_00327,0,RN_ROAD_00626,RN_ROAD_00626,residential,,29.773849021989466,road_line_intersected_raster_cells_all_touched,mapped,2,0.00286852871067822,0.0027898334665223956,0.002852789661847055,1.0,0.0,0.0,0.0
030_060,30,60,RN_ROAD_00627,RN_NODE_00342,RN_NODE_00340,0,RN_ROAD_00627,RN_ROAD_00627,residential,,74.11052414354627,road_line_intersected_raster_cells_all_touched,mapped,4,0.023797374218702316,0.008212249726057053,0.018232282390818002,1.0,0.25,0.0,0.0
030_060,30,60,RN_ROAD_00601,RN_NODE_00380,RN_NODE_00375,0,RN_ROAD_00601,RN_ROAD_00601,residential,['Sharad Pandit Path'],10.832138813331897,road_line_intersected_raster_cells_all_touched,mapped,2,0.04897826164960861,0.04093322157859802,0.04736925363540649,1.0,1.0,0.0,0.0
030_060,30,60,RN_ROAD_00602,RN_NODE_00380,RN_NODE_00373,0,RN_ROAD_00602,RN_ROAD_00602,primary,['Lalbahadur Shashtri Marg'],67.62470858029033,road_line_intersected_raster_cells_all_touched,mapped,4,0.1177932471036911,0.08520250767469406,0.11531480103731155,1.0,1.0,0.5,0.0
030_060,30,60,RN_ROAD_00606,RN_NODE_00380,RN_NODE_00452,0,RN_ROAD_00606,RN_ROAD_00606,residential,['Sharad Pandit Path'],196.60592350884028,road_line_intersected_raster_cells_all_touched,mapped,8,0.04897826164960861,0.019163725548423827,0.03489971663802862,1.0,0.5,0.0,0.0
030_060,30,60,RN_ROAD_00600,RN_NODE_00375,RN_NODE_00340,0,RN_ROAD_00600,RN_ROAD_00600,residential,,117.67074755191624,road_line_intersected_raster_cells_all_touched,mapped,4,0.03789855167269707,0.030968959908932447,0.03639544062316418,1.0,1.0,0.0,0.0
030_060,30,60,RN_ROAD_00603,RN_NODE_00375,RN_NODE_00364,0,RN_ROAD_00603,RN_ROAD_00603,primary,['Lalbahadur Shashtri Marg'],113.09060593358764,road_line_intersected_raster_cells_all_touched,mapped,6,0.10953176021575928,0.060370988522966705,0.08794670552015305,1.0,1.0,0.16666666666666666,0.0
030_060,30,60,RN_ROAD_00628,RN_NODE_00340,RN_NODE_00299,0,RN_ROAD_00628,RN_ROAD_00628,residential,,92.93811844487087,road_line_intersected_raster_cells_all_touched,mapped,6,0.046562548726797104,0.021107604765954118,0.04060088284313679,1.0,0.5,0.0,0.0
030_060,30,60,RN_ROAD_00605,RN_NODE_00373,RN_NODE_00367,0,RN_ROAD_00605,RN_ROAD_00605,primary,['Lalbahadur Shashtri Marg'],62.30303901072023,road_line_intersected_raster_cells_all_touched,mapped,4,0.10953176021575928,0.05909116333350539,0.09658072739839554,1.0,1.0,0.25,0.0
030_060,30,60,RN_ROAD_00607,RN_NODE_00373,RN_NODE_00431,0,RN_ROAD_00607,RN_ROAD_00607,residential,['Tukaram Buaa Navle Path'],162.4431478561837,road_line_intersected_raster_cells_all_touched,mapped,7,0.10953176021575928,0.03227882689264204,0.07537214308977129,1.0,0.42857142857142855,0.14285714285714285,0.0
030_060,30,60,RN_ROAD_00604,RN_NODE_00364,RN_NODE_00345,0,RN_ROAD_00604,RN_ROAD_00604,residential,['Ashok Balkavade Path'],58.24822493468268,road_line_intersected_raster_cells_all_touched,mapped,3,0.06636165082454681,0.047909354170163475,0.06418654769659042,1.0,1.0,0.0,0.0
030_060,30,60,RN_ROAD_00608,RN_NODE_00364,RN_NODE_00362,0,RN_ROAD_00608,RN_ROAD_00608,primary,['Lalbahadur Shashtri Marg'],19.762200586789664,road_line_intersected_raster_cells_all_touched,mapped,1,0.06636165082454681,0.06636165082454681,0.06636165082454681,1.0,1.0,0.0,0.0
030_060,30,60,RN_ROAD_00630,RN_NODE_00345,RN_NODE_00346,0,RN_ROAD_00630,RN_ROAD_00630,residential,,36.18423993781001,road_line_intersected_raster_cells_all_touched,mapped,3,0.02188027650117874,0.019948444639643032,0.021621257066726685,1.0,0.6666666666666666,0.0,0.0
030_060,30,60,RN_ROAD_00631,RN_NODE_00345,RN_NODE_00329,0,RN_ROAD_00631,RN_ROAD_00631,residential,['Ashok Balkavade Path'],44.38757753592839,road_line_intersected_raster_cells_all_touched,mapped,3,0.02188027650117874,0.015920137831320364,0.021621257066726685,1.0,0.6666666666666666,0.0,0.0
030_060,30,60,RN_ROAD_00610,RN_NODE_00115,RN_NODE_00116,0,RN_ROAD_00610,RN_ROAD_00610,tertiary,['Kashibai Amrutrao Khilare Path'],3.2633816455871374,road_line_intersected_raster_cells_all_touched,mapped,1,0.0,0.0,0.0,0.0,0.0,0.0,0.0
030_060,30,60,RN_ROAD_00618,RN_NODE_00115,RN_NODE_00102,0,RN_ROAD_00618,RN_ROAD_00618,tertiary,['Kashibai Amrutrao Khilare Path'],62.21208426569458,road_line_intersected_raster_cells_all_touched,mapped,3,0.0,0.0,0.0,0.0,0.0,0.0,0.0
030_060,30,60,RN_ROAD_00621,RN_NODE_00115,RN_NODE_00112,0,RN_ROAD_00621,RN_ROAD_00621,residential,['Dhondumama Sathe Path'],2.1579800510360094,road_line_intersected_raster_cells_all_touched,mapped,1,0.0,0.0,0.0,0.0,0.0,0.0,0.0
030_060,30,60,RN_ROAD_00616,RN_NODE_00099,RN_NODE_00102,0,RN_ROAD_00616,RN_ROAD_00616,tertiary,['Kashibai Amrutrao Khilare Path'],26.666867328266726,road_line_intersected_raster_cells_all_touched,mapped,2,0.0,0.0,0.0,0.0,0.0,0.0,0.0
030_060,30,60,RN_ROAD_00617,RN_NODE_00084,RN_NODE_00078,0,RN_ROAD_00617,RN_ROAD_00617,residential,,32.119561669057084,road_line_intersected_raster_cells_all_touched,mapped,2,0.0,0.0,0.0,0.0,0.0,0.0,0.0
030_060,30,60,RN_ROAD_00619,RN_NODE_00084,RN_NODE_00083,0,RN_ROAD_00619,RN_ROAD_00619,residential,['Major K. G. Pawar Path'],3.6328997085326886,road_line_intersected_raster_cells_all_touched,mapped,2,0.0,0.0,0.0,0.0,0.0,0.0,0.0
030_060,30,60,RN_ROAD_00620,RN_NODE_00102,RN_NODE_00098,0,RN_ROAD_00620,RN_ROAD_00620,residential,,40.54465189522412,road_line_intersected_raster_cells_all_touched,mapped,1,0.0,0.0,0.0,0.0,0.0,0.0,0.0
030_060,30,60,RN_ROAD_00629,RN_NODE_00299,RN_NODE_00304,0,RN_ROAD_00629,RN_ROAD_00629,residential,['Nanasaheb Kale Path'],158.77267008788334,road_line_intersected_raster_cells_all_touched,mapped,7,0.050599634647369385,0.01693687997093158,0.04102338403463364,1.0,0.2857142857142857,0.0,0.0
030_060,30,60,RN_ROAD_00632,RN_NODE_00329,RN_NODE_00316,0,RN_ROAD_00632,RN_ROAD_00632,residential,['Ashok Balkavade Path'],56.395993070836,road_line_intersected_raster_cells_all_touched,mapped,3,0.005294957663863897,0.0035035405308008194,0.004829157656058669,1.0,0.0,0.0,0.0
030_060,30,60,RN_ROAD_00633,RN_NODE_00329,RN_NODE_00326,0,RN_ROAD_00633,RN_ROAD_00633,residential,,32.94248645921549,road_line_intersected_raster_cells_all_touched,mapped,2,0.006257804576307535,0.005776381120085716,0.006161519885063171,1.0,0.0,0.0,0.0
030_060,30,60,RN_ROAD_00635,RN_NODE_00180,RN_NODE_00105,0,RN_ROAD_00635,RN_ROAD_00635,tertiary,['Riverside Road'],408.7877077292009,road_line_intersected_raster_cells_all_touched,mapped,19,0.00946871004998684,0.0016239872312067256,0.0034906104207038874,0.9473684210526315,0.0,0.0,0.0
060_090,60,90,RN_ROAD_00001,RN_NODE_00183,RN_NODE_00222,0,RN_ROAD_00001,RN_ROAD_00001,primary,['Sinhagad Road'],110.33464311551056,road_line_intersected_raster_cells_all_touched,mapped,5,0.014125566929578781,0.00411365854088217,0.009592637419700623,1.0,0.0,0.0,0.0
060_090,60,90,RN_ROAD_00002,RN_NODE_00222,RN_NODE_00207,0,RN_ROAD_00002,RN_ROAD_00002,residential,,68.71572842918026,road_line_intersected_raster_cells_all_touched,mapped,4,0.014125566929578781,0.006158548581879586,0.011051218677312138,1.0,0.0,0.0,0.0
060_090,60,90,RN_ROAD_00003,RN_NODE_00222,RN_NODE_00249,0,RN_ROAD_00003,RN_ROAD_00003,primary,['Sinhagad Road'],126.32174974243749,road_line_intersected_raster_cells_all_touched,mapped,7,0.014125566929578781,0.004216752021290761,0.009056177362799647,1.0,0.0,0.0,0.0
060_090,60,90,RN_ROAD_00004,RN_NODE_00207,RN_NODE_00167,0,RN_ROAD_00004,RN_ROAD_00004,residential,,89.17801673037181,road_line_intersected_raster_cells_all_touched,mapped,6,0.004570633638650179,0.0036222630878910422,0.004131351714022458,1.0,0.0,0.0,0.0
060_090,60,90,RN_ROAD_00005,RN_NODE_00207,RN_NODE_00219,0,RN_ROAD_00005,RN_ROAD_00005,residential,,41.194797475628484,road_line_intersected_raster_cells_all_touched,mapped,2,0.003096252214163542,0.003058232832700014,0.003088648337870836,1.0,0.0,0.0,0.0
060_090,60,90,RN_ROAD_00012,RN_NODE_00249,RN_NODE_00250,0,RN_ROAD_00012,RN_ROAD_00012,tertiary,,45.82566466269537,road_line_intersected_raster_cells_all_touched,mapped,3,0.04139981046319008,0.026819373131729662,0.04075237438082695,1.0,0.6666666666666666,0.0,0.0
060_090,60,90,RN_ROAD_00014,RN_NODE_00249,RN_NODE_00307,0,RN_ROAD_00014,RN_ROAD_00014,primary,['Sinhagad Road'],224.8085898385542,road_line_intersected_raster_cells_all_touched,mapped,12,0.14188598096370697,0.05491453272406943,0.13869850784540178,1.0,0.6666666666666666,0.25,0.0
060_090,60,90,RN_ROAD_00201,RN_NODE_00167,RN_NODE_00166,0,RN_ROAD_00201,RN_ROAD_00201,tertiary,['Dattawadi Road'],68.61200462070468,road_line_intersected_raster_cells_all_touched,mapped,3,0.003396501997485757,0.0015307544963434339,0.002838371018879116,1.0,0.0,0.0,0.0
060_090,60,90,RN_ROAD_00203,RN_NODE_00167,RN_NODE_00138,0,RN_ROAD_00203,RN_ROAD_00203,residential,,62.633549990759064,road_line_intersected_raster_cells_all_touched,mapped,3,0.003396501997485757,0.0016947712283581495,0.0029582365415990355,1.0,0.0,0.0,0.0
060_090,60,90,RN_ROAD_00204,RN_NODE_00167,RN_NODE_00168,0,RN_ROAD_00204,RN_ROAD_00204,tertiary,['Dattawadi Road'],23.648846865110738,road_line_intersected_raster_cells_all_touched,mapped,2,0.0071816290728747845,0.005289065535180271,0.006803116365335882,1.0,0.0,0.0,0.0
060_090,60,90,RN_ROAD_00006,RN_NODE_00199,RN_NODE_00172,0,RN_ROAD_00006,RN_ROAD_00006,residential,,47.47580518040966,road_line_intersected_raster_cells_all_touched,mapped,2,0.00800029095262289,0.007415981963276863,0.007883429154753685,1.0,0.0,0.0,0.0
060_090,60,90,RN_ROAD_00007,RN_NODE_00199,RN_NODE_00218,0,RN_ROAD_00007,RN_ROAD_00007,residential,,59.27071050901246,road_line_intersected_raster_cells_all_touched,mapped,3,0.010234935209155083,0.008211817592382431,0.009701717086136341,1.0,0.0,0.0,0.0
060_090,60,90,RN_ROAD_00008,RN_NODE_00199,RN_NODE_00200,0,RN_ROAD_00008,RN_ROAD_00008,residential,,27.145839404120867,road_line_intersected_raster_cells_all_touched,mapped,2,0.006831672973930836,0.004665300482884049,0.006398398475721478,1.0,0.0,0.0,0.0
060_090,60,90,RN_ROAD_00219,RN_NODE_00172,RN_NODE_00171,0,RN_ROAD_00219,RN_ROAD_00219,tertiary,['Dattawadi Road'],21.238265775773673,road_line_intersected_raster_cells_all_touched,mapped,2,0.00800029095262289,0.005458982544951141,0.00749202927108854,1.0,0.0,0.0,0.0
060_090,60,90,RN_ROAD_00220,RN_NODE_00172,RN_NODE_00173,0,RN_ROAD_00220,RN_ROAD_00220,tertiary,['Dattawadi Road'],7.048386967157587,road_line_intersected_raster_cells_all_touched,mapped,1,0.00800029095262289,0.00800029095262289,0.00800029095262289,1.0,0.0,0.0,0.0
060_090,60,90,RN_ROAD_00009,RN_NODE_00250,RN_NODE_00220,0,RN_ROAD_00009,RN_ROAD_00009,residential,,106.81149895405065,road_line_intersected_raster_cells_all_touched,mapped,5,0.038162630051374435,0.02036921214312315,0.03393676280975342,1.0,0.4,0.0,0.0
060_090,60,90,RN_ROAD_00013,RN_NODE_00250,RN_NODE_00251,0,RN_ROAD_00013,RN_ROAD_00013,tertiary,,38.80812375658153,road_line_intersected_raster_cells_all_touched,mapped,2,0.038162630051374435,0.03151202015578747,0.03683250807225704,1.0,1.0,0.0,0.0
060_090,60,90,RN_ROAD_00010,RN_NODE_00215,RN_NODE_00178,0,RN_ROAD_00010,RN_ROAD_00010,residential,,76.99211485840236,road_line_intersected_raster_cells_all_touched,mapped,3,0.003909912426024675,0.0031046284517894187,0.003708938928321004,1.0,0.0,0.0,0.0
060_090,60,90,RN_ROAD_00033,RN_NODE_00178,RN_NODE_00208,0,RN_ROAD_00033,RN_ROAD_00033,tertiary,['Dattawadi Road'],182.87135369775038,road_line_intersected_raster_cells_all_touched,mapped,9,0.1595555990934372,0.050079581482956805,0.10561616718769075,1.0,0.6666666666666666,0.1111111111111111,0.0
060_090,60,90,RN_ROAD_00222,RN_NODE_00178,RN_NODE_00173,0,RN_ROAD_00222,RN_ROAD_00222,tertiary,['Dattawadi Road'],32.88828427926349,road_line_intersected_raster_cells_all_touched,mapped,2,0.00800029095262289,0.005452667945064604,0.007490766351111233,1.0,0.0,0.0,0.0
060_090,60,90,RN_ROAD_00011,RN_NODE_00298,RN_NODE_00205,0,RN_ROAD_00011,RN_ROAD_00011,primary,['Sinhagad Road'],420.18865859382316,road_line_intersected_raster_cells_all_touched,mapped,20,0.14135457575321198,0.022221585754414262,0.1168654263019562,1.0,0.15,0.15,0.0
060_090,60,90,RN_ROAD_00024,RN_NODE_00298,RN_NODE_00339,0,RN_ROAD_00024,RN_ROAD_00024,living_street,,117.7024406571944,road_line_intersected_raster_cells_all_touched,mapped,6,0.135509192943573,0.08028491462270419,0.12515154480934143,1.0,1.0,0.3333333333333333,0.0
060_090,60,90,RN_ROAD_00026,RN_NODE_00298,RN_NODE_00311,0,RN_ROAD_00026,RN_ROAD_00026,primary,['Sinhagad Road'],20.820195650817585,road_line_intersected_raster_cells_all_touched,mapped,2,0.14188598096370697,0.12833993881940842,0.13917677253484725,1.0,1.0,1.0,0.0
060_090,60,90,RN_ROAD_00015,RN_NODE_00251,RN_NODE_00252,0,RN_ROAD_00015,RN_ROAD_00015,tertiary,,36.90402520875027,road_line_intersected_raster_cells_all_touched,mapped,2,0.058548830449581146,0.04170512035489082,0.05518008843064308,1.0,1.0,0.0,0.0
060_090,60,90,RN_ROAD_00031,RN_NODE_00251,RN_NODE_00221,0,RN_ROAD_00031,RN_ROAD_00031,residential,,107.05914643211815,road_line_intersected_raster_cells_all_touched,mapped,5,0.0469098761677742,0.029464033991098405,0.04012783914804459,1.0,1.0,0.0,0.0
060_090,60,90,RN_ROAD_00027,RN_NODE_00307,RN_NODE_00311,0,RN_ROAD_00027,RN_ROAD_00027,tertiary,['Panmla road'],12.950108180473846,road_line_intersected_raster_cells_all_touched,mapped,2,0.14188598096370697,0.09523607231676579,0.13255599923431874,1.0,1.0,0.5,0.0
060_090,60,90,RN_ROAD_00029,RN_NODE_00307,RN_NODE_00306,0,RN_ROAD_00029,RN_ROAD_00029,tertiary,['Panmla road'],165.88450329250958,road_line_intersected_raster_cells_all_touched,mapped,6,0.0485861636698246,0.020467178197577596,0.04058852232992649,0.8333333333333334,0.5,0.0,0.0
060_090,60,90,RN_ROAD_00104,RN_NODE_00307,RN_NODE_00398,0,RN_ROAD_00104,RN_ROAD_00104,primary,['Sinhagad Road'],310.8681955303079,road_line_intersected_raster_cells_all_touched,mapped,14,0.1352330893278122,0.028777474263084253,0.04625604487955571,1.0,0.5,0.07142857142857142,0.0
060_090,60,90,RN_ROAD_00016,RN_NODE_00252,RN_NODE_00253,0,RN_ROAD_00016,RN_ROAD_00016,tertiary,,37.78957596580244,road_line_intersected_raster_cells_all_touched,mapped,3,0.15734222531318665,0.0934763898452123,0.13878140300512315,1.0,1.0,0.3333333333333333,0.0
060_090,60,90,RN_ROAD_00032,RN_NODE_00252,RN_NODE_00224,0,RN_ROAD_00032,RN_ROAD_00032,residential,,102.18258890538435,road_line_intersected_raster_cells_all_touched,mapped,5,0.062238965183496475,0.04322758391499519,0.060762911289930346,1.0,1.0,0.0,0.0
060_090,60,90,RN_ROAD_00017,RN_NODE_00253,RN_NODE_00240,0,RN_ROAD_00017,RN_ROAD_00017,residential,,56.818705917843346,road_line_intersected_raster_cells_all_touched,mapped,3,0.06453811377286911,0.046825497721632324,0.062398158758878705,1.0,1.0,0.0,0.0
060_090,60,90,RN_ROAD_00018,RN_NODE_00253,RN_NODE_00254,0,RN_ROAD_00018,RN_ROAD_00018,tertiary,,10.404856598863448,road_line_intersected_raster_cells_all_touched,mapped,1,0.06453811377286911,0.06453811377286911,0.06453811377286911,1.0,1.0,0.0,0.0
060_090,60,90,RN_ROAD_00034,RN_NODE_00240,RN_NODE_00210,0,RN_ROAD_00034,RN_ROAD_00034,residential,,95.66029435012692,road_line_intersected_raster_cells_all_touched,mapped,5,0.15041345357894897,0.10027539357542992,0.14140799641609192,1.0,1.0,0.4,0.0
060_090,60,90,RN_ROAD_00035,RN_NODE_00240,RN_NODE_00242,0,RN_ROAD_00035,RN_ROAD_00035,residential,,55.25679009630857,road_line_intersected_raster_cells_all_touched,mapped,2,0.0538383387029171,0.045131437480449677,0.05209695845842362,1.0,1.0,0.0,0.0
060_090,60,90,RN_ROAD_00041,RN_NODE_00254,RN_NODE_00265,0,RN_ROAD_00041,RN_ROAD_00041,residential,,37.37936461896842,road_line_intersected_raster_cells_all_touched,mapped,2,0.0701289027929306,0.06733350828289986,0.06956982389092445,1.0,1.0,0.0,0.0
060_090,60,90,RN_ROAD_00043,RN_NODE_00254,RN_NODE_00256,0,RN_ROAD_00043,RN_ROAD_00043,tertiary,,44.90716795876552,road_line_intersected_raster_cells_all_touched,mapped,2,0.06453811377286911,0.03907147143036127,0.059444785304367545,1.0,0.5,0.0,0.0
060_090,60,90,RN_ROAD_00019,RN_NODE_00279,RN_NODE_00284,0,RN_ROAD_00019,RN_ROAD_00019,residential,,15.457018790921675,road_line_intersected_raster_cells_all_touched,mapped,1,0.012723962776362896,0.012723962776362896,0.012723962776362896,1.0,0.0,0.0,0.0
060_090,60,90,RN_ROAD_00020,RN_NODE_00279,RN_NODE_00265,0,RN_ROAD_00020,RN_ROAD_00020,residential,,51.109121332944376,road_line_intersected_raster_cells_all_touched,mapped,3,0.0701289027929306,0.050272731420894466,0.06969618797302246,1.0,0.6666666666666666,0.0,0.0
060_090,60,90,RN_ROAD_00042,RN_NODE_00279,RN_NODE_00280,0,RN_ROAD_00042,RN_ROAD_00042,residential,,12.671054645406425,road_line_intersected_raster_cells_all_touched,mapped,1,0.012723962776362896,0.012723962776362896,0.012723962776362896,1.0,0.0,0.0,0.0
060_090,60,90,RN_ROAD_00044,RN_NODE_00265,RN_NODE_00267,0,RN_ROAD_00044,RN_ROAD_00044,residential,,78.53311568005444,road_line_intersected_raster_cells_all_touched,mapped,3,0.0701289027929306,0.02899283783820768,0.05893805678933859,1.0,0.3333333333333333,0.0,0.0
060_090,60,90,RN_ROAD_00021,RN_NODE_00337,RN_NODE_00336,0,RN_ROAD_00021,RN_ROAD_00021,residential,,4.010574873213283,road_line_intersected_raster_cells_all_touched,outside_valid_flood_grid,0,,,,,,,
060_090,60,90,RN_ROAD_00022,RN_NODE_00337,RN_NODE_00338,0,RN_ROAD_00022,RN_ROAD_00022,residential,,3.5777701642730535,road_line_intersected_raster_cells_all_touched,outside_valid_flood_grid,0,,,,,,,
060_090,60,90,RN_ROAD_00023,RN_NODE_00337,RN_NODE_00349,0,RN_ROAD_00023,RN_ROAD_00023,residential,,59.620737404387555,road_line_intersected_raster_cells_all_touched,mapped,3,0.00020038378715980798,0.00011922572108839329,0.00018184293003287166,1.0,0.0,0.0,0.0
060_090,60,90,RN_ROAD_00101,RN_NODE_00349,RN_NODE_00357,0,RN_ROAD_00101,RN_ROAD_00101,residential,,47.76723768710115,road_line_intersected_raster_cells_all_touched,mapped,3,0.00020038378715980798,0.00012894708925159648,0.00019102948426734655,1.0,0.0,0.0,0.0
060_090,60,90,RN_ROAD_00103,RN_NODE_00349,RN_NODE_00451,0,RN_ROAD_00103,RN_ROAD_00103,residential,,393.37092434710667,road_line_intersected_raster_cells_all_touched,mapped,19,0.00044158034143038094,6.809679684681071e-05,0.00016296657558996226,0.5263157894736842,0.0,0.0,0.0
060_090,60,90,RN_ROAD_00025,RN_NODE_00366,RN_NODE_00321,0,RN_ROAD_00025,RN_ROAD_00025,living_street,,160.56974852956768,road_line_intersected_raster_cells_all_touched,mapped,7,0.08655359596014023,0.03292994628593858,0.06266652867197992,1.0,0.5714285714285714,0.0,0.0
060_090,60,90,RN_ROAD_00028,RN_NODE_00321,RN_NODE_00311,0,RN_ROAD_00028,RN_ROAD_00028,primary,['Sinhagad Road'],53.368993155301965,road_line_intersected_raster_cells_all_touched,mapped,4,0.14188598096370697,0.103064707480371,0.13989011347293853,1.0,1.0,0.5,0.0
060_090,60,90,RN_ROAD_00105,RN_NODE_00321,RN_NODE_00403,0,RN_ROAD_00105,RN_ROAD_00105,primary,['Sinhagad Road'],260.06086779730686,road_line_intersected_raster_cells_all_touched,mapped,13,0.08655359596014023,0.019147115517765857,0.038897566124796876,1.0,0.3076923076923077,0.0,0.0
060_090,60,90,RN_ROAD_00030,RN_NODE_00306,RN_NODE_00317,0,RN_ROAD_00030,RN_ROAD_00030,residential,,35.17916299023046,road_line_intersected_raster_cells_all_touched,mapped,2,0.0,0.0,0.0,0.0,0.0,0.0,0.0
060_090,60,90,RN_ROAD_00081,RN_NODE_00306,RN_NODE_00305,0,RN_ROAD_00081,RN_ROAD_00081,tertiary,,66.4260344158254,road_line_intersected_raster_cells_all_touched,mapped,3,9.983928975998424e-06,3.33072999788205e-06,7.988795384328284e-06,0.6666666666666666,0.0,0.0,0.0
060_090,60,90,RN_ROAD_00037,RN_NODE_00208,RN_NODE_00190,0,RN_ROAD_00037,RN_ROAD_00037,residential,,36.35525499430467,road_line_intersected_raster_cells_all_touched,mapped,2,0.05989252030849457,0.04001499805599451,0.05591701585799456,1.0,1.0,0.0,0.0
060_090,60,90,RN_ROAD_00039,RN_NODE_00208,RN_NODE_00209,0,RN_ROAD_00039,RN_ROAD_00039,tertiary,['Dattawadi Road'],26.03044550460261,road_line_intersected_raster_cells_all_touched,mapped,2,0.020137475803494453,0.015209774021059275,0.01915193544700742,1.0,0.5,0.0,0.0
060_090,60,90,RN_ROAD_00038,RN_NODE_00242,RN_NODE_00225,0,RN_ROAD_00038,RN_ROAD_00038,residential,,84.51756534679647,road_line_intersected_raster_cells_all_touched,mapped,6,0.07253206521272659,0.0326450962262849,0.060178885236382484,1.0,0.5,0.0,0.0
060_090,60,90,RN_ROAD_00045,RN_NODE_00242,RN_NODE_00256,0,RN_ROAD_00045,RN_ROAD_00045,residential,,56.395339779681436,road_line_intersected_raster_cells_all_touched,mapped,3,0.036424536257982254,0.023842855046192806,0.03343946896493435,1.0,0.6666666666666666,0.0,0.0
060_090,60,90,RN_ROAD_00036,RN_NODE_00191,RN_NODE_00190,0,RN_ROAD_00036,RN_ROAD_00036,residential,,43.636454570990736,road_line_intersected_raster_cells_all_touched,mapped,3,0.11912774294614792,0.09459570795297623,0.11625556647777557,1.0,1.0,0.6666666666666666,0.0
060_090,60,90,RN_ROAD_00040,RN_NODE_00190,RN_NODE_00188,0,RN_ROAD_00040,RN_ROAD_00040,residential,,40.90975146529643,road_line_intersected_raster_cells_all_touched,mapped,2,0.05989252030849457,0.04633917845785618,0.05718185193836689,1.0,1.0,0.0,0.0
060_090,60,90,RN_ROAD_00226,RN_NODE_00190,RN_NODE_00132,0,RN_ROAD_00226,RN_ROAD_00226,residential,,135.162456334921,road_line_intersected_raster_cells_all_touched,mapped,6,0.060454096645116806,0.030016387269521754,0.06017330847680569,1.0,0.5,0.0,0.0
060_090,60,90,RN_ROAD_00049,RN_NODE_00225,RN_NODE_00257,0,RN_ROAD_00049,RN_ROAD_00049,residential,,104.09119651047976,road_line_intersected_raster_cells_all_touched,mapped,4,0.017451856285333633,0.01146413036622107,0.016428536269813776,1.0,0.0,0.0,0.0
060_090,60,90,RN_ROAD_00051,RN_NODE_00225,RN_NODE_00209,0,RN_ROAD_00051,RN_ROAD_00051,residential,,40.48572136886673,road_line_intersected_raster_cells_all_touched,mapped,3,0.014040789566934109,0.009901873301714659,0.013289046101272106,1.0,0.0,0.0,0.0
060_090,60,90,RN_ROAD_00052,RN_NODE_00225,RN_NODE_00226,0,RN_ROAD_00052,RN_ROAD_00052,residential,,35.95601353641846,road_line_intersected_raster_cells_all_touched,mapped,2,0.016515376046299934,0.015278082806617022,0.016267917398363353,1.0,0.0,0.0,0.0
060_090,60,90,RN_ROAD_00054,RN_NODE_00209,RN_NODE_00211,0,RN_ROAD_00054,RN_ROAD_00054,tertiary,['Dattawadi Road'],74.6477816696061,road_line_intersected_raster_cells_all_touched,mapped,3,0.04216964915394783,0.024025524345537026,0.037660689651966096,1.0,0.3333333333333333,0.0,0.0
060_090,60,90,RN_ROAD_00053,RN_NODE_00188,RN_NODE_00186,0,RN_ROAD_00053,RN_ROAD_00053,residential,,34.9736689686955,road_line_intersected_raster_cells_all_touched,mapped,2,0.03278583660721779,0.032566070556640625,0.03274188339710236,1.0,1.0,0.0,0.0
060_090,60,90,RN_ROAD_00237,RN_NODE_00188,RN_NODE_00150,0,RN_ROAD_00237,RN_ROAD_00237,residential,,74.85030696139879,road_line_intersected_raster_cells_all_touched,mapped,4,0.04348084703087807,0.032624063082039356,0.0406572263687849,1.0,1.0,0.0,0.0
060_090,60,90,RN_ROAD_00047,RN_NODE_00280,RN_NODE_00280,0,RN_ROAD_00047,RN_ROAD_00047,residential,,271.48317612441605,road_line_intersected_raster_cells_all_touched,mapped,10,0.06796532869338989,0.010725285858643473,0.021617548167705516,0.8,0.1,0.0,0.0
060_090,60,90,RN_ROAD_00046,RN_NODE_00256,RN_NODE_00257,0,RN_ROAD_00046,RN_ROAD_00046,tertiary,,38.72242276576632,road_line_intersected_raster_cells_all_touched,mapped,3,0.013604829087853432,0.006884119551007946,0.011724316515028477,1.0,0.0,0.0,0.0
060_090,60,90,RN_ROAD_00048,RN_NODE_00267,RN_NODE_00270,0,RN_ROAD_00048,RN_ROAD_00048,residential,,25.878026259087473,road_line_intersected_raster_cells_all_touched,mapped,2,0.0026749379467219114,0.0014570669227396138,0.002431363741925452,1.0,0.0,0.0,0.0
060_090,60,90,RN_ROAD_00050,RN_NODE_00267,RN_NODE_00268,0,RN_ROAD_00050,RN_ROAD_00050,residential,,32.81439084825519,road_line_intersected_raster_cells_all_touched,mapped,3,0.0026749379467219114,0.0013655215734615922,0.0024242757121101023,0.6666666666666666,0.0,0.0,0.0
060_090,60,90,RN_ROAD_00061,RN_NODE_00257,RN_NODE_00258,0,RN_ROAD_00061,RN_ROAD_00061,tertiary,,36.24842936221222,road_line_intersected_raster_cells_all_touched,mapped,2,0.004202266223728657,0.003280953853391111,0.004018003749661147,1.0,0.0,0.0,0.0
060_090,60,90,RN_ROAD_00062,RN_NODE_00268,RN_NODE_00278,0,RN_ROAD_00062,RN_ROAD_00062,residential,,34.0388930170019,road_line_intersected_raster_cells_all_touched,mapped,2,0.0,0.0,0.0,0.0,0.0,0.0,0.0
060_090,60,90,RN_ROAD_00064,RN_NODE_00268,RN_NODE_00269,0,RN_ROAD_00064,RN_ROAD_00064,residential,,21.492524537581243,road_line_intersected_raster_cells_all_touched,mapped,1,0.0,0.0,0.0,0.0,0.0,0.0,0.0
060_090,60,90,RN_ROAD_00055,RN_NODE_00226,RN_NODE_00227,0,RN_ROAD_00055,RN_ROAD_00055,residential,,39.2116910610255,road_line_intersected_raster_cells_all_touched,mapped,2,0.016515376046299934,0.013610877562314272,0.0159344763495028,1.0,0.0,0.0,0.0
060_090,60,90,RN_ROAD_00063,RN_NODE_00226,RN_NODE_00258,0,RN_ROAD_00063,RN_ROAD_00063,residential,,104.41866178505872,road_line_intersected_raster_cells_all_touched,mapped,4,0.016515376046299934,0.008652291086036712,0.015293741039931774,1.0,0.0,0.0,0.0
060_090,60,90,RN_ROAD_00056,RN_NODE_00186,RN_NODE_00187,0,RN_ROAD_00056,RN_ROAD_00056,residential,,25.120377643736735,road_line_intersected_raster_cells_all_touched,mapped,2,0.03234630450606346,0.021317812148481607,0.03014060603454709,1.0,0.5,0.0,0.0
060_090,60,90,RN_ROAD_00241,RN_NODE_00186,RN_NODE_00156,0,RN_ROAD_00241,RN_ROAD_00241,residential,,61.68449622986819,road_line_intersected_raster_cells_all_touched,mapped,3,0.03234630450606346,0.02702955591181914,0.03218310698866844,1.0,0.6666666666666666,0.0,0.0
060_090,60,90,RN_ROAD_00058,RN_NODE_00211,RN_NODE_00187,0,RN_ROAD_00058,RN_ROAD_00058,residential,,45.06280672272299,road_line_intersected_raster_cells_all_touched,mapped,2,0.019624851644039154,0.014957085717469454,0.018691298458725213,1.0,0.0,0.0,0.0
060_090,60,90,RN_ROAD_00059,RN_NODE_00211,RN_NODE_00227,0,RN_ROAD_00059,RN_ROAD_00059,residential,,38.98029653189591,road_line_intersected_raster_cells_all_touched,mapped,3,0.025368819013237953,0.018566683245201904,0.024220025539398192,1.0,0.3333333333333333,0.0,0.0
060_090,60,90,RN_ROAD_00060,RN_NODE_00211,RN_NODE_00212,0,RN_ROAD_00060,RN_ROAD_00060,tertiary,['Dattawadi Road'],36.97983102056298,road_line_intersected_raster_cells_all_touched,mapped,2,0.019624851644039154,0.013419361785054207,0.018383753672242164,1.0,0.0,0.0,0.0
060_090,60,90,RN_ROAD_00057,RN_NODE_00227,RN_NODE_00238,0,RN_ROAD_00057,RN_ROAD_00057,residential,,28.855080650982604,road_line_intersected_raster_cells_all_touched,mapped,2,0.01070637907832861,0.007391351042315364,0.01004337347112596,1.0,0.0,0.0,0.0
060_090,60,90,RN_ROAD_00244,RN_NODE_00187,RN_NODE_00175,0,RN_ROAD_00244,RN_ROAD_00244,residential,,33.110798205839764,road_line_intersected_raster_cells_all_touched,mapped,2,0.010466902516782284,0.010378111153841019,0.01044914424419403,1.0,0.0,0.0,0.0
060_090,60,90,RN_ROAD_00066,RN_NODE_00238,RN_NODE_00259,0,RN_ROAD_00066,RN_ROAD_00066,residential,,75.86989844292557,road_line_intersected_raster_cells_all_touched,mapped,3,0.004076323006302118,0.0013587743354340394,0.003261058405041695,0.3333333333333333,0.0,0.0,0.0
060_090,60,90,RN_ROAD_00071,RN_NODE_00238,RN_NODE_00239,0,RN_ROAD_00071,RN_ROAD_00071,residential,,40.63568578815476,road_line_intersected_raster_cells_all_touched,mapped,3,0.004076323006302118,0.0023430927152124545,0.003725081402808428,1.0,0.0,0.0,0.0
060_090,60,90,RN_ROAD_00072,RN_NODE_00212,RN_NODE_00193,0,RN_ROAD_00072,RN_ROAD_00072,tertiary,,38.410056230253225,road_line_intersected_raster_cells_all_touched,mapped,2,0.00721387192606926,0.0064042541198432446,0.007051948364824057,1.0,0.0,0.0,0.0
060_090,60,90,RN_ROAD_00073,RN_NODE_00212,RN_NODE_00228,0,RN_ROAD_00073,RN_ROAD_00073,tertiary,,40.09538264547372,road_line_intersected_raster_cells_all_touched,mapped,4,0.00721387192606926,0.0041917702910723165,0.006970146298408509,1.0,0.0,0.0,0.0
060_090,60,90,RN_ROAD_00080,RN_NODE_00212,RN_NODE_00213,0,RN_ROAD_00080,RN_ROAD_00080,tertiary,['Dattawadi Road'],126.01139667967246,road_line_intersected_raster_cells_all_touched,mapped,6,0.00721387192606926,0.002879506520306071,0.006648058071732521,0.5,0.0,0.0,0.0
060_090,60,90,RN_ROAD_00065,RN_NODE_00258,RN_NODE_00259,0,RN_ROAD_00065,RN_ROAD_00065,tertiary,,38.55343416567287,road_line_intersected_raster_cells_all_touched,mapped,2,0.002359641483053565,0.0011798207415267825,0.0021236773347482083,0.5,0.0,0.0,0.0
060_090,60,90,RN_ROAD_00067,RN_NODE_00259,RN_NODE_00260,0,RN_ROAD_00067,RN_ROAD_00067,tertiary,,40.74518304705443,road_line_intersected_raster_cells_all_touched,mapped,3,7.859007382648997e-06,2.6196691275496655e-06,6.287205906119198e-06,0.3333333333333333,0.0,0.0,0.0
060_090,60,90,RN_ROAD_00069,RN_NODE_00260,RN_NODE_00264,0,RN_ROAD_00069,RN_ROAD_00069,tertiary,,26.62863146932078,road_line_intersected_raster_cells_all_touched,mapped,3,7.859007382648997e-06,2.6196691275496655e-06,6.287205906119198e-06,0.3333333333333333,0.0,0.0,0.0
060_090,60,90,RN_ROAD_00070,RN_NODE_00260,RN_NODE_00244,0,RN_ROAD_00070,RN_ROAD_00070,tertiary,,24.938363724921295,road_line_intersected_raster_cells_all_touched,mapped,2,7.859007382648997e-06,3.9295036913244985e-06,7.073106644384097e-06,0.5,0.0,0.0,0.0
060_090,60,90,RN_ROAD_00068,RN_NODE_00297,RN_NODE_00264,0,RN_ROAD_00068,RN_ROAD_00068,tertiary,,130.87283489357,road_line_intersected_raster_cells_all_touched,mapped,5,2.3389613488689065e-05,1.1466897376521956e-05,2.336490069865249e-05,0.6,0.0,0.0,0.0
060_090,60,90,RN_ROAD_00082,RN_NODE_00297,RN_NODE_00305,0,RN_ROAD_00082,RN_ROAD_00082,tertiary,,11.181496939700613,road_line_intersected_raster_cells_all_touched,mapped,2,1.0617041880323086e-05,1.0300485428160755e-05,1.055373058989062e-05,1.0,0.0,0.0,0.0
060_090,60,90,RN_ROAD_00083,RN_NODE_00297,RN_NODE_00294,0,RN_ROAD_00083,RN_ROAD_00083,residential,,70.2922251484159,road_line_intersected_raster_cells_all_touched,mapped,4,0.004190624691545963,0.0012393611070820043,0.0031372466648463167,1.0,0.0,0.0,0.0
060_090,60,90,RN_ROAD_00296,RN_NODE_00264,RN_NODE_00263,0,RN_ROAD_00296,RN_ROAD_00296,residential,,72.78052268614596,road_line_intersected_raster_cells_all_touched,mapped,4,0.0010047672549262643,0.00026340167073612974,0.0007159409571613652,0.75,0.0,0.0,0.0
060_090,60,90,RN_ROAD_00294,RN_NODE_00244,RN_NODE_00239,0,RN_ROAD_00294,RN_ROAD_00294,tertiary,,51.659918278362944,road_line_intersected_raster_cells_all_touched,mapped,2,0.000632840150501579,0.0003164200752507895,0.0005695561354514212,0.5,0.0,0.0,0.0
060_090,60,90,RN_ROAD_00295,RN_NODE_00244,RN_NODE_00247,0,RN_ROAD_00295,RN_ROAD_00295,residential,,40.36964816219208,road_line_intersected_raster_cells_all_touched,mapped,2,8.588376658735797e-05,4.2941883293678984e-05,7.729538992862217e-05,0.5,0.0,0.0,0.0
060_090,60,90,RN_ROAD_00074,RN_NODE_00239,RN_NODE_00228,0,RN_ROAD_00074,RN_ROAD_00074,tertiary,,26.901590919768886,road_line_intersected_raster_cells_all_touched,mapped,2,0.0008565416210331023,0.0007446908857673407,0.00083417147397995,1.0,0.0,0.0,0.0
060_090,60,90,RN_ROAD_00075,RN_NODE_00193,RN_NODE_00194,0,RN_ROAD_00075,RN_ROAD_00075,residential,,37.31989973867388,road_line_intersected_raster_cells_all_touched,mapped,3,0.006874638143926859,0.005828849971294403,0.006618637777864933,1.0,0.0,0.0,0.0
060_090,60,90,RN_ROAD_00256,RN_NODE_00193,RN_NODE_00174,0,RN_ROAD_00256,RN_ROAD_00256,tertiary,,41.693740805285216,road_line_intersected_raster_cells_all_touched,mapped,2,0.007595837581902742,0.006595236947759986,0.0073957174550741914,1.0,0.0,0.0,0.0
060_090,60,90,RN_ROAD_00076,RN_NODE_00228,RN_NODE_00229,0,RN_ROAD_00076,RN_ROAD_00076,residential,,40.45446256118045,road_line_intersected_raster_cells_all_touched,mapped,2,0.00229948409833014,0.0015780128596816212,0.0021551898506004365,1.0,0.0,0.0,0.0
060_090,60,90,RN_ROAD_00078,RN_NODE_00194,RN_NODE_00195,0,RN_ROAD_00078,RN_ROAD_00078,residential,,36.19111684470716,road_line_intersected_raster_cells_all_touched,mapped,2,0.005017275456339121,0.0041232198709622025,0.0048384643392637375,1.0,0.0,0.0,0.0
060_090,60,90,RN_ROAD_00257,RN_NODE_00194,RN_NODE_00146,0,RN_ROAD_00257,RN_ROAD_00257,residential,,105.88544834265709,road_line_intersected_raster_cells_all_touched,mapped,4,0.009707304649055004,0.007583678816445172,0.00924361189827323,1.0,0.0,0.0,0.0
060_090,60,90,RN_ROAD_00077,RN_NODE_00229,RN_NODE_00247,0,RN_ROAD_00077,RN_ROAD_00077,residential,,77.80122283607632,road_line_intersected_raster_cells_all_touched,mapped,3,0.00229948409833014,0.000795122621639166,0.0018567640319815837,0.6666666666666666,0.0,0.0,0.0
060_090,60,90,RN_ROAD_00079,RN_NODE_00229,RN_NODE_00230,0,RN_ROAD_00079,RN_ROAD_00079,residential,,37.931014123628856,road_line_intersected_raster_cells_all_touched,mapped,2,0.00229948409833014,0.00114974204916507,0.002069535688497126,0.5,0.0,0.0,0.0
060_090,60,90,RN_ROAD_00297,RN_NODE_00247,RN_NODE_00246,0,RN_ROAD_00297,RN_ROAD_00297,residential,,37.670645354702565,road_line_intersected_raster_cells_all_touched,mapped,2,0.00021832267520949244,0.0001521032208984252,0.000205078784347279,1.0,0.0,0.0,0.0
060_090,60,90,RN_ROAD_00091,RN_NODE_00195,RN_NODE_00176,0,RN_ROAD_00091,RN_ROAD_00091,residential,,38.41929687467551,road_line_intersected_raster_cells_all_touched,mapped,2,0.0032291642855852842,0.0016145821427926421,0.002906247857026756,0.5,0.0,0.0,0.0
060_090,60,90,RN_ROAD_00093,RN_NODE_00195,RN_NODE_00197,0,RN_ROAD_00093,RN_ROAD_00093,residential,,53.33428004208454,road_line_intersected_raster_cells_all_touched,mapped,3,0.0032291642855852842,0.0010763880951950948,0.0025833314284682274,0.3333333333333333,0.0,0.0,0.0
060_090,60,90,RN_ROAD_00092,RN_NODE_00230,RN_NODE_00246,0,RN_ROAD_00092,RN_ROAD_00092,residential,,76.77767014268143,road_line_intersected_raster_cells_all_touched,mapped,3,0.00021832267520949244,8.349486597580835e-05,0.0001810905247111805,0.6666666666666666,0.0,0.0,0.0
060_090,60,90,RN_ROAD_00094,RN_NODE_00230,RN_NODE_00234,0,RN_ROAD_00094,RN_ROAD_00094,residential,,43.564722645993555,road_line_intersected_raster_cells_all_touched,mapped,3,0.0015112279215827584,0.0009198920258010427,0.0014586719684302808,0.6666666666666666,0.0,0.0,0.0
060_090,60,90,RN_ROAD_00096,RN_NODE_00213,RN_NODE_00234,0,RN_ROAD_00096,RN_ROAD_00096,residential,,39.92478066992536,road_line_intersected_raster_cells_all_touched,mapped,3,0.0015112279215827584,0.0007689422345720232,0.001368102093692869,0.6666666666666666,0.0,0.0,0.0
060_090,60,90,RN_ROAD_00097,RN_NODE_00213,RN_NODE_00197,0,RN_ROAD_00097,RN_ROAD_00097,residential,,38.82730769015813,road_line_intersected_raster_cells_all_touched,mapped,2,0.0,0.0,0.0,0.0,0.0,0.0,0.0
060_090,60,90,RN_ROAD_00304,RN_NODE_00213,RN_NODE_00214,0,RN_ROAD_00304,RN_ROAD_00304,tertiary,['Dattawadi Road'],89.95960034883794,road_line_intersected_raster_cells_all_touched,mapped,4,0.0021223463118076324,0.0005534563752007671,0.0015130861749639737,0.5,0.0,0.0,0.0
060_090,60,90,RN_ROAD_00084,RN_NODE_00305,RN_NODE_00328,0,RN_ROAD_00084,RN_ROAD_00084,tertiary,,90.13771843891129,road_line_intersected_raster_cells_all_touched,mapped,6,0.010058741085231304,0.0018243601792467719,0.005239494770648889,1.0,0.0,0.0,0.0
060_090,60,90,RN_ROAD_00085,RN_NODE_00328,RN_NODE_00293,0,RN_ROAD_00085,RN_ROAD_00085,residential,,105.33721628543579,road_line_intersected_raster_cells_all_touched,mapped,5,0.017382897436618805,0.009453896153718232,0.014635933190584184,1.0,0.0,0.0,0.0
060_090,60,90,RN_ROAD_00086,RN_NODE_00328,RN_NODE_00356,0,RN_ROAD_00086,RN_ROAD_00086,tertiary,,98.16696127727685,road_line_intersected_raster_cells_all_touched,mapped,5,0.3185969293117523,0.15761062707751988,0.28869017362594607,1.0,0.8,0.6,0.2
060_090,60,90,RN_ROAD_00172,RN_NODE_00356,RN_NODE_00361,0,RN_ROAD_00172,RN_ROAD_00172,residential,,46.82523189296001,road_line_intersected_raster_cells_all_touched,mapped,3,0.16716216504573822,0.0864873578151067,0.14519981518387795,1.0,1.0,0.3333333333333333,0.0
060_090,60,90,RN_ROAD_00173,RN_NODE_00356,RN_NODE_00427,0,RN_ROAD_00173,RN_ROAD_00173,tertiary,,234.03133514478208,road_line_intersected_raster_cells_all_touched,mapped,11,0.37361031770706177,0.09953960454599424,0.19353027641773224,1.0,0.7272727272727273,0.36363636363636365,0.09090909090909091
060_090,60,90,RN_ROAD_00087,RN_NODE_00314,RN_NODE_00315,0,RN_ROAD_00087,RN_ROAD_00087,residential,,45.05843580903861,road_line_intersected_raster_cells_all_touched,mapped,2,0.015524148009717464,0.009014241630211473,0.014222166733816266,1.0,0.0,0.0,0.0
060_090,60,90,RN_ROAD_00088,RN_NODE_00314,RN_NODE_00319,0,RN_ROAD_00088,RN_ROAD_00088,residential,,33.693765674940465,road_line_intersected_raster_cells_all_touched,mapped,2,0.0028842580504715443,0.0026942966505885124,0.002846265770494938,1.0,0.0,0.0,0.0
060_090,60,90,RN_ROAD_00089,RN_NODE_00314,RN_NODE_00290,0,RN_ROAD_00089,RN_ROAD_00089,residential,,121.67517705552382,road_line_intersected_raster_cells_all_touched,mapped,5,0.02204982377588749,0.010340557678136974,0.020335986837744714,1.0,0.2,0.0,0.0
060_090,60,90,RN_ROAD_00090,RN_NODE_00314,RN_NODE_00313,0,RN_ROAD_00090,RN_ROAD_00090,residential,,63.21236636402831,road_line_intersected_raster_cells_all_touched,mapped,3,0.0025043352507054806,0.002315965946763754,0.0024997594766318796,1.0,0.0,0.0,0.0
060_090,60,90,RN_ROAD_00303,RN_NODE_00290,RN_NODE_00281,0,RN_ROAD_00303,RN_ROAD_00303,residential,,75.55398586526928,road_line_intersected_raster_cells_all_touched,mapped,4,0.00860738568007946,0.0033641671907389536,0.006846395321190358,1.0,0.0,0.0,0.0
060_090,60,90,RN_ROAD_00316,RN_NODE_00290,RN_NODE_00313,0,RN_ROAD_00316,RN_ROAD_00316,residential,,61.77604347682732,road_line_intersected_raster_cells_all_touched,mapped,3,0.00860738568007946,0.004312937225525578,0.007359772501513363,1.0,0.0,0.0,0.0
060_090,60,90,RN_ROAD_00324,RN_NODE_00290,RN_NODE_00286,0,RN_ROAD_00324,RN_ROAD_00324,residential,,53.980157249501374,road_line_intersected_raster_cells_all_touched,mapped,3,0.00860738568007946,0.00362506287638098,0.007162736775353552,1.0,0.0,0.0,0.0
060_090,60,90,RN_ROAD_00317,RN_NODE_00313,RN_NODE_00333,0,RN_ROAD_00317,RN_ROAD_00317,residential,,50.072254927188524,road_line_intersected_raster_cells_all_touched,mapped,3,0.0019621062092483044,0.0016027188200193148,0.001956962700933218,1.0,0.0,0.0,0.0
060_090,60,90,RN_ROAD_00320,RN_NODE_00313,RN_NODE_00312,0,RN_ROAD_00320,RN_ROAD_00320,residential,,42.21382632969337,road_line_intersected_raster_cells_all_touched,mapped,3,0.0019621062092483044,0.0007551504677394405,0.0016224158520344646,1.0,0.0,0.0,0.0
060_090,60,90,RN_ROAD_00258,RN_NODE_00176,RN_NODE_00152,0,RN_ROAD_00258,RN_ROAD_00258,residential,,37.12096600182516,road_line_intersected_raster_cells_all_touched,mapped,2,0.0,0.0,0.0,0.0,0.0,0.0,0.0
060_090,60,90,RN_ROAD_00260,RN_NODE_00176,RN_NODE_00177,0,RN_ROAD_00260,RN_ROAD_00260,residential,,99.19862013661967,road_line_intersected_raster_cells_all_touched,mapped,4,0.0,0.0,0.0,0.0,0.0,0.0,0.0
060_090,60,90,RN_ROAD_00299,RN_NODE_00246,RN_NODE_00245,0,RN_ROAD_00299,RN_ROAD_00299,residential,,42.58423840088509,road_line_intersected_raster_cells_all_touched,mapped,3,0.00531627656891942,0.002960516430903226,0.004922411264851689,1.0,0.0,0.0,0.0
060_090,60,90,RN_ROAD_00099,RN_NODE_00197,RN_NODE_00198,0,RN_ROAD_00099,RN_ROAD_00099,residential,,45.50958373134193,road_line_intersected_raster_cells_all_touched,mapped,2,0.0,0.0,0.0,0.0,0.0,0.0,0.0
060_090,60,90,RN_ROAD_00095,RN_NODE_00234,RN_NODE_00245,0,RN_ROAD_00095,RN_ROAD_00095,residential,,75.61627595530594,road_line_intersected_raster_cells_all_touched,mapped,3,0.00531627656891942,0.003216087003238499,0.0048171725589782,1.0,0.0,0.0,0.0
060_090,60,90,RN_ROAD_00098,RN_NODE_00234,RN_NODE_00235,0,RN_ROAD_00098,RN_ROAD_00098,residential,,36.270777899434066,road_line_intersected_raster_cells_all_touched,mapped,2,0.0016719227423891425,0.0015915753319859505,0.001655853260308504,1.0,0.0,0.0,0.0
060_090,60,90,RN_ROAD_00301,RN_NODE_00245,RN_NODE_00241,0,RN_ROAD_00301,RN_ROAD_00301,residential,,70.53375969539323,road_line_intersected_raster_cells_all_touched,mapped,3,0.013460754416882992,0.007208873595421513,0.011831858847290279,1.0,0.0,0.0,0.0
060_090,60,90,RN_ROAD_00100,RN_NODE_00235,RN_NODE_00241,0,RN_ROAD_00100,RN_ROAD_00100,residential,,37.98293668808784,road_line_intersected_raster_cells_all_touched,mapped,2,0.0028495898004621267,0.0022607562714256346,0.0027318230946548282,1.0,0.0,0.0,0.0
060_090,60,90,RN_ROAD_00307,RN_NODE_00235,RN_NODE_00214,0,RN_ROAD_00307,RN_ROAD_00307,residential,,92.55852863842196,road_line_intersected_raster_cells_all_touched,mapped,5,0.004688729997724295,0.0028330822708085178,0.004043857380747795,1.0,0.0,0.0,0.0
060_090,60,90,RN_ROAD_00305,RN_NODE_00198,RN_NODE_00177,0,RN_ROAD_00305,RN_ROAD_00305,residential,,39.526505477982745,road_line_intersected_raster_cells_all_touched,mapped,2,0.0,0.0,0.0,0.0,0.0,0.0,0.0
060_090,60,90,RN_ROAD_00308,RN_NODE_00198,RN_NODE_00203,0,RN_ROAD_00308,RN_ROAD_00308,residential,,42.156257641141636,road_line_intersected_raster_cells_all_touched,mapped,3,0.0003150206757709384,0.00015938211193618676,0.0002846416726242751,0.6666666666666666,0.0,0.0,0.0
060_090,60,90,RN_ROAD_00306,RN_NODE_00241,RN_NODE_00243,0,RN_ROAD_00306,RN_ROAD_00306,residential,,43.674198984804306,road_line_intersected_raster_cells_all_touched,mapped,2,0.011060641147196293,0.00695511547382921,0.010239536012522876,1.0,0.0,0.0,0.0
060_090,60,90,RN_ROAD_00102,RN_NODE_00358,RN_NODE_00451,0,RN_ROAD_00102,RN_ROAD_00102,residential,['Janata Vasahat Road'],400.63554354988895,road_line_intersected_raster_cells_all_touched,mapped,19,8.25823299237527e-05,1.4755578329066721e-05,5.143409798620267e-05,0.47368421052631576,0.0,0.0,0.0
060_090,60,90,RN_ROAD_00111,RN_NODE_00451,RN_NODE_00480,0,RN_ROAD_00111,RN_ROAD_00111,residential,['Janata Vasahat Road'],116.53808923417535,road_line_intersected_raster_cells_all_touched,mapped,6,7.897207251517102e-05,3.122858773470701e-05,5.982807670079637e-05,0.6666666666666666,0.0,0.0,0.0
060_090,60,90,RN_ROAD_00106,RN_NODE_00398,RN_NODE_00403,0,RN_ROAD_00106,RN_ROAD_00106,primary_link,,11.685241840114362,road_line_intersected_raster_cells_all_touched,mapped,2,0.031211426481604576,0.020339614246040583,0.02903706403449178,1.0,0.5,0.0,0.0
060_090,60,90,RN_ROAD_00107,RN_NODE_00398,RN_NODE_00404,0,RN_ROAD_00107,RN_ROAD_00107,primary,['Sinhagad Road'],11.529812368176284,road_line_intersected_raster_cells_all_touched,mapped,3,0.05124532803893089,0.039209941402077675,0.04803087636828422,1.0,1.0,0.0,0.0
060_090,60,90,RN_ROAD_00129,RN_NODE_00403,RN_NODE_00438,0,RN_ROAD_00129,RN_ROAD_00129,primary,['Sinhagad Road'],124.9679812493694,road_line_intersected_raster_cells_all_touched,mapped,7,0.035173069685697556,0.015147984293954713,0.026053072884678848,1.0,0.14285714285714285,0.0,0.0
060_090,60,90,RN_ROAD_00108,RN_NODE_00404,RN_NODE_00399,0,RN_ROAD_00108,RN_ROAD_00108,residential,,14.315540964381475,road_line_intersected_raster_cells_all_touched,mapped,2,0.05124532803893089,0.043209198862314224,0.04963810220360756,1.0,1.0,0.0,0.0
060_090,60,90,RN_ROAD_00130,RN_NODE_00404,RN_NODE_00425,0,RN_ROAD_00130,RN_ROAD_00130,primary,['Sinhagad Road'],81.92638639387098,road_line_intersected_raster_cells_all_touched,mapped,4,0.035173069685697556,0.016968950862064958,0.03053463399410248,1.0,0.25,0.0,0.0
060_090,60,90,RN_ROAD_00109,RN_NODE_00399,RN_NODE_00394,0,RN_ROAD_00109,RN_ROAD_00109,residential,,13.965206832105686,road_line_intersected_raster_cells_all_touched,mapped,1,0.05124532803893089,0.05124532803893089,0.05124532803893089,1.0,1.0,0.0,0.0
060_090,60,90,RN_ROAD_00142,RN_NODE_00399,RN_NODE_00391,0,RN_ROAD_00142,RN_ROAD_00142,residential,,113.12604300619051,road_line_intersected_raster_cells_all_touched,mapped,5,0.05355283245444298,0.044344814494252205,0.05262983068823814,1.0,1.0,0.0,0.0
060_090,60,90,RN_ROAD_00139,RN_NODE_00394,RN_NODE_00374,0,RN_ROAD_00139,RN_ROAD_00139,residential,,53.585187061784524,road_line_intersected_raster_cells_all_touched,mapped,3,0.05537889152765274,0.051257907102505364,0.05455217882990837,1.0,1.0,0.0,0.0
060_090,60,90,RN_ROAD_00140,RN_NODE_00394,RN_NODE_00385,0,RN_ROAD_00140,RN_ROAD_00140,residential,,43.14864233841997,road_line_intersected_raster_cells_all_touched,mapped,3,0.06106150895357132,0.053047007570664086,0.05909827277064324,1.0,1.0,0.0,0.0
060_090,60,90,RN_ROAD_00110,RN_NODE_00487,RN_NODE_00502,0,RN_ROAD_00110,RN_ROAD_00110,residential,['Janata Vasahat Road'],160.44199789733528,road_line_intersected_raster_cells_all_touched,mapped,7,0.001029114704579115,0.0006861254265199282,0.0010147627908736467,1.0,0.0,0.0,0.0
060_090,60,90,RN_ROAD_00112,RN_NODE_00487,RN_NODE_00480,0,RN_ROAD_00112,RN_ROAD_00112,residential,['Janata Vasahat Road'],75.96312059419445,road_line_intersected_raster_cells_all_touched,mapped,4,0.0007443015347234905,0.00022281451583694434,0.0005423464754130692,1.0,0.0,0.0,0.0
060_090,60,90,RN_ROAD_00113,RN_NODE_00487,RN_NODE_00480,1,RN_ROAD_00113,RN_ROAD_00113,residential,,80.27344559609085,road_line_intersected_raster_cells_all_touched,mapped,4,0.0007443015347234905,0.0003652896557468921,0.0006700023717712612,1.0,0.0,0.0,0.0
060_090,60,90,RN_ROAD_00114,RN_NODE_00505,RN_NODE_00516,0,RN_ROAD_00114,RN_ROAD_00114,primary,['Tanaji Malusare Path'],45.48058410980653,road_line_intersected_raster_cells_all_touched,mapped,2,0.007427409756928682,0.005941511830314994,0.007130230171605944,1.0,0.0,0.0,0.0
060_090,60,90,RN_ROAD_00117,RN_NODE_00505,RN_NODE_00503,0,RN_ROAD_00117,RN_ROAD_00117,primary,['Tanaji Malusare Path'],30.053876706228625,road_line_intersected_raster_cells_all_touched,mapped,2,0.019089912995696068,0.013258661376312375,0.01792366267181933,1.0,0.0,0.0,0.0
060_090,60,90,RN_ROAD_00119,RN_NODE_00505,RN_NODE_00517,0,RN_ROAD_00119,RN_ROAD_00119,residential,,54.96034822555883,road_line_intersected_raster_cells_all_touched,mapped,2,0.007427409756928682,0.006140671204775572,0.00717006204649806,1.0,0.0,0.0,0.0
060_090,60,90,RN_ROAD_00115,RN_NODE_00515,RN_NODE_00497,0,RN_ROAD_00115,RN_ROAD_00115,primary,['Tanaji Malusare Path'],136.05104111833137,road_line_intersected_raster_cells_all_touched,mapped,6,0.035689081996679306,0.01843738784858336,0.034022681415081024,1.0,0.3333333333333333,0.0,0.0
060_090,60,90,RN_ROAD_00121,RN_NODE_00497,RN_NODE_00498,0,RN_ROAD_00121,RN_ROAD_00121,residential,,10.468915959375558,road_line_intersected_raster_cells_all_touched,mapped,1,0.035689081996679306,0.035689081996679306,0.035689081996679306,1.0,1.0,0.0,0.0
060_090,60,90,RN_ROAD_00123,RN_NODE_00497,RN_NODE_00488,0,RN_ROAD_00123,RN_ROAD_00123,primary,['Tanaji Malusare Path'],108.90698269835133,road_line_intersected_raster_cells_all_touched,mapped,5,0.0859798789024353,0.050341667234897615,0.0755608856678009,1.0,1.0,0.0,0.0
060_090,60,90,RN_ROAD_00116,RN_NODE_00456,RN_NODE_00463,0,RN_ROAD_00116,RN_ROAD_00116,residential,,59.08667461095608,road_line_intersected_raster_cells_all_touched,mapped,3,0.00021245040989015251,0.0001490839058533311,0.00019903790089301766,1.0,0.0,0.0,0.0
060_090,60,90,RN_ROAD_00120,RN_NODE_00456,RN_NODE_00488,0,RN_ROAD_00120,RN_ROAD_00120,residential,,242.8930941847801,road_line_intersected_raster_cells_all_touched,mapped,9,0.0859798789024353,0.01554961683965909,0.04064296036958696,1.0,0.2222222222222222,0.0,0.0
060_090,60,90,RN_ROAD_00131,RN_NODE_00456,RN_NODE_00449,0,RN_ROAD_00131,RN_ROAD_00131,residential,,84.1763534833191,road_line_intersected_raster_cells_all_touched,mapped,5,0.0019311669748276472,0.0006541477720020339,0.0016169272363185884,0.8,0.0,0.0,0.0
060_090,60,90,RN_ROAD_00118,RN_NODE_00503,RN_NODE_00498,0,RN_ROAD_00118,RN_ROAD_00118,primary,['Tanaji Malusare Path'],53.84887709569401,road_line_intersected_raster_cells_all_touched,mapped,4,0.035689081996679306,0.024580907775089145,0.03468924164772034,1.0,0.5,0.0,0.0
060_090,60,90,RN_ROAD_00122,RN_NODE_00503,RN_NODE_00507,0,RN_ROAD_00122,RN_ROAD_00122,residential,,72.64796298078082,road_line_intersected_raster_cells_all_touched,mapped,4,0.019089912995696068,0.00980068021453917,0.016719445679336788,1.0,0.0,0.0,0.0
060_090,60,90,RN_ROAD_00124,RN_NODE_00498,RN_NODE_00490,0,RN_ROAD_00124,RN_ROAD_00124,primary,['Tanaji Malusare Path'],56.45914523801046,road_line_intersected_raster_cells_all_touched,mapped,3,0.035689081996679306,0.02709964911142985,0.03461088240146637,1.0,0.6666666666666666,0.0,0.0
060_090,60,90,RN_ROAD_00126,RN_NODE_00498,RN_NODE_00500,0,RN_ROAD_00126,RN_ROAD_00126,residential,,61.6793681996395,road_line_intersected_raster_cells_all_touched,mapped,4,0.035689081996679306,0.015272020595148206,0.029575891792774204,1.0,0.25,0.0,0.0
060_090,60,90,RN_ROAD_00128,RN_NODE_00488,RN_NODE_00469,0,RN_ROAD_00128,RN_ROAD_00128,primary,['Tanaji Malusare Path'],142.270319038286,road_line_intersected_raster_cells_all_touched,mapped,7,0.0859798789024353,0.05628504657319614,0.07525077015161515,1.0,1.0,0.0,0.0
060_090,60,90,RN_ROAD_00125,RN_NODE_00507,RN_NODE_00510,0,RN_ROAD_00125,RN_ROAD_00125,residential,,13.576181017408409,road_line_intersected_raster_cells_all_touched,mapped,1,0.004070519935339689,0.004070519935339689,0.004070519935339689,1.0,0.0,0.0,0.0
060_090,60,90,RN_ROAD_00150,RN_NODE_00507,RN_NODE_00500,0,RN_ROAD_00150,RN_ROAD_00150,residential,,73.06208550697029,road_line_intersected_raster_cells_all_touched,mapped,4,0.004070519935339689,0.002844219998223707,0.0039042884949594737,1.0,0.0,0.0,0.0
060_090,60,90,RN_ROAD_00127,RN_NODE_00490,RN_NODE_00485,0,RN_ROAD_00127,RN_ROAD_00127,primary,['Tanaji Malusare Path'],106.52342091402076,road_line_intersected_raster_cells_all_touched,mapped,6,0.0859798789024353,0.05797351524233818,0.07897697016596794,1.0,1.0,0.0,0.0
060_090,60,90,RN_ROAD_00149,RN_NODE_00490,RN_NODE_00500,0,RN_ROAD_00149,RN_ROAD_00149,residential,,105.59200991133739,road_line_intersected_raster_cells_all_touched,mapped,4,0.030298084020614624,0.013430551858618855,0.024915010388940576,1.0,0.25,0.0,0.0
060_090,60,90,RN_ROAD_00154,RN_NODE_00500,RN_NODE_00511,0,RN_ROAD_00154,RN_ROAD_00154,residential,,137.25765877616305,road_line_intersected_raster_cells_all_touched,mapped,5,0.0035164151340723038,0.0019401073455810546,0.003046537190675736,1.0,0.0,0.0,0.0
060_090,60,90,RN_ROAD_00153,RN_NODE_00485,RN_NODE_00468,0,RN_ROAD_00153,RN_ROAD_00153,primary,['Tanaji Malusare Path'],94.32401822308833,road_line_intersected_raster_cells_all_touched,mapped,4,0.0680980309844017,0.05653838440775871,0.06421754620969296,1.0,1.0,0.0,0.0
060_090,60,90,RN_ROAD_00155,RN_NODE_00485,RN_NODE_00486,0,RN_ROAD_00155,RN_ROAD_00155,residential,,127.4605055943359,road_line_intersected_raster_cells_all_touched,mapped,6,0.11769136786460876,0.06144615293790897,0.11151877418160439,1.0,0.8333333333333334,0.3333333333333333,0.0
060_090,60,90,RN_ROAD_00151,RN_NODE_00469,RN_NODE_00449,0,RN_ROAD_00151,RN_ROAD_00151,primary,['Tanaji Malusare Path'],72.05548324266864,road_line_intersected_raster_cells_all_touched,mapped,3,0.05277757719159126,0.03474771813489497,0.05212894380092621,1.0,0.6666666666666666,0.0,0.0
060_090,60,90,RN_ROAD_00152,RN_NODE_00469,RN_NODE_00468,0,RN_ROAD_00152,RN_ROAD_00152,primary_link,,10.44398647907111,road_line_intersected_raster_cells_all_touched,mapped,1,0.05277757719159126,0.05277757719159126,0.05277757719159126,1.0,1.0,0.0,0.0
060_090,60,90,RN_ROAD_00133,RN_NODE_00438,RN_NODE_00443,0,RN_ROAD_00133,RN_ROAD_00133,primary,['Tanaji Malusare Path' 'Sinhagad Road'],11.786148110048545,road_line_intersected_raster_cells_all_touched,mapped,1,0.00871920958161354,0.00871920958161354,0.00871920958161354,1.0,0.0,0.0,0.0
060_090,60,90,RN_ROAD_00135,RN_NODE_00438,RN_NODE_00437,0,RN_ROAD_00135,RN_ROAD_00135,primary,['Lalbahadur Shashtri Marg'],11.829410221436186,road_line_intersected_raster_cells_all_touched,mapped,1,0.00871920958161354,0.00871920958161354,0.00871920958161354,1.0,0.0,0.0,0.0
060_090,60,90,RN_ROAD_00132,RN_NODE_00425,RN_NODE_00437,0,RN_ROAD_00132,RN_ROAD_00132,primary,['Sinhagad Road'],37.83754513399506,road_line_intersected_raster_cells_all_touched,mapped,3,0.01997307501733303,0.011832537595182657,0.017722301930189133,1.0,0.0,0.0,0.0
060_090,60,90,RN_ROAD_00158,RN_NODE_00425,RN_NODE_00414,0,RN_ROAD_00158,RN_ROAD_00158,residential,,82.72842717984496,road_line_intersected_raster_cells_all_touched,mapped,5,0.03232840076088905,0.01801909161731601,0.02756031081080437,1.0,0.4,0.0,0.0
060_090,60,90,RN_ROAD_00134,RN_NODE_00449,RN_NODE_00443,0,RN_ROAD_00134,RN_ROAD_00134,primary,['Tanaji Malusare Path'],16.12908526003169,road_line_intersected_raster_cells_all_touched,mapped,2,0.00871920958161354,0.005325188278220594,0.008040405320934951,1.0,0.0,0.0,0.0
060_090,60,90,RN_ROAD_00137,RN_NODE_00437,RN_NODE_00441,0,RN_ROAD_00137,RN_ROAD_00137,primary,['Sinhagad Road'],10.250288392928798,road_line_intersected_raster_cells_all_touched,mapped,1,0.00871920958161354,0.00871920958161354,0.00871920958161354,1.0,0.0,0.0,0.0
060_090,60,90,RN_ROAD_00159,RN_NODE_00437,RN_NODE_00434,0,RN_ROAD_00159,RN_ROAD_00159,primary,['Lalbahadur Shashtri Marg'],70.49584305613865,road_line_intersected_raster_cells_all_touched,mapped,5,0.023091476410627365,0.0102210215292871,0.017342569679021837,1.0,0.2,0.0,0.0
060_090,60,90,RN_ROAD_00136,RN_NODE_00443,RN_NODE_00441,0,RN_ROAD_00136,RN_ROAD_00136,primary,['Lalbahadur Shashtri Marg'],10.827742355347945,road_line_intersected_raster_cells_all_touched,mapped,1,0.00871920958161354,0.00871920958161354,0.00871920958161354,1.0,0.0,0.0,0.0
060_090,60,90,RN_ROAD_00138,RN_NODE_00441,RN_NODE_00468,0,RN_ROAD_00138,RN_ROAD_00138,primary,['Tanaji Malusare Path'],91.3417858176492,road_line_intersected_raster_cells_all_touched,mapped,4,0.05277757719159126,0.02824059099657461,0.05180462710559368,1.0,0.5,0.0,0.0
060_090,60,90,RN_ROAD_00161,RN_NODE_00441,RN_NODE_00432,0,RN_ROAD_00161,RN_ROAD_00161,primary,['Lalbahadur Shashtri Marg' 'Dandekar Bridge'],188.44953123666878,road_line_intersected_raster_cells_all_touched,mapped,9,0.09826324880123138,0.0332519359783166,0.076186141371727,1.0,0.4444444444444444,0.0,0.0
060_090,60,90,RN_ROAD_00141,RN_NODE_00385,RN_NODE_00371,0,RN_ROAD_00141,RN_ROAD_00141,residential,,45.3290526689984,road_line_intersected_raster_cells_all_touched,mapped,3,0.08175165206193924,0.07134362558523814,0.07964486479759217,1.0,1.0,0.0,0.0
060_090,60,90,RN_ROAD_00143,RN_NODE_00385,RN_NODE_00377,0,RN_ROAD_00143,RN_ROAD_00143,residential,,63.74843124119214,road_line_intersected_raster_cells_all_touched,mapped,3,0.09456788748502731,0.06800745179255803,0.08786661177873611,1.0,1.0,0.0,0.0
060_090,60,90,RN_ROAD_00145,RN_NODE_00391,RN_NODE_00384,0,RN_ROAD_00145,RN_ROAD_00145,residential,,17.87403692737785,road_line_intersected_raster_cells_all_touched,mapped,2,0.04130159690976143,0.031235995702445507,0.039288476668298246,1.0,1.0,0.0,0.0
060_090,60,90,RN_ROAD_00146,RN_NODE_00391,RN_NODE_00414,0,RN_ROAD_00146,RN_ROAD_00146,residential,,69.01046780628735,road_line_intersected_raster_cells_all_touched,mapped,3,0.04130159690976143,0.022477324431141216,0.03615125715732575,1.0,0.3333333333333333,0.0,0.0
060_090,60,90,RN_ROAD_00144,RN_NODE_00377,RN_NODE_00384,0,RN_ROAD_00144,RN_ROAD_00144,residential,,17.99821886477529,road_line_intersected_raster_cells_all_touched,mapped,2,0.04839295893907547,0.03478167671710253,0.04567070249468088,1.0,1.0,0.0,0.0
060_090,60,90,RN_ROAD_00147,RN_NODE_00377,RN_NODE_00370,0,RN_ROAD_00147,RN_ROAD_00147,residential,,47.10927462532197,road_line_intersected_raster_cells_all_touched,mapped,4,0.09332021325826645,0.04764423705637455,0.07984203696250916,1.0,1.0,0.0,0.0
060_090,60,90,RN_ROAD_00148,RN_NODE_00384,RN_NODE_00381,0,RN_ROAD_00148,RN_ROAD_00148,residential,,49.69367043246291,road_line_intersected_raster_cells_all_touched,mapped,2,0.021170394495129585,0.020949840545654297,0.021126283705234526,1.0,1.0,0.0,0.0
060_090,60,90,RN_ROAD_00160,RN_NODE_00414,RN_NODE_00434,0,RN_ROAD_00160,RN_ROAD_00160,residential,,47.74695991320392,road_line_intersected_raster_cells_all_touched,mapped,3,0.023091476410627365,0.013957191569109758,0.020589276775717737,1.0,0.3333333333333333,0.0,0.0
060_090,60,90,RN_ROAD_00168,RN_NODE_00370,RN_NODE_00361,0,RN_ROAD_00168,RN_ROAD_00168,residential,,24.556447207799554,road_line_intersected_raster_cells_all_touched,mapped,2,0.057350415736436844,0.042378902435302734,0.05435611307621002,1.0,1.0,0.0,0.0
060_090,60,90,RN_ROAD_00169,RN_NODE_00370,RN_NODE_00381,0,RN_ROAD_00169,RN_ROAD_00169,residential,,47.772894267869745,road_line_intersected_raster_cells_all_touched,mapped,2,0.027407389134168625,0.024068337865173817,0.026739578880369663,1.0,1.0,0.0,0.0
060_090,60,90,RN_ROAD_00171,RN_NODE_00381,RN_NODE_00397,0,RN_ROAD_00171,RN_ROAD_00171,residential,,45.38918699815148,road_line_intersected_raster_cells_all_touched,mapped,3,0.1993693709373474,0.08593371572593848,0.16703599467873576,1.0,1.0,0.3333333333333333,0.0
060_090,60,90,RN_ROAD_00156,RN_NODE_00508,RN_NODE_00518,0,RN_ROAD_00156,RN_ROAD_00156,residential,,24.280471587472228,road_line_intersected_raster_cells_all_touched,mapped,1,0.0,0.0,0.0,0.0,0.0,0.0,0.0
060_090,60,90,RN_ROAD_00157,RN_NODE_00491,RN_NODE_00499,0,RN_ROAD_00157,RN_ROAD_00157,residential,,75.27168155756657,road_line_intersected_raster_cells_all_touched,mapped,4,0.0007795250276103616,0.00041074442401622946,0.0007170421478804201,1.0,0.0,0.0,0.0
060_090,60,90,RN_ROAD_00162,RN_NODE_00434,RN_NODE_00428,0,RN_ROAD_00162,RN_ROAD_00162,primary,['Lalbahadur Shashtri Marg' 'Dandekar Bridge'],120.7233951065441,road_line_intersected_raster_cells_all_touched,mapped,4,0.2981824576854706,0.10179299954324961,0.2299277797341347,1.0,0.75,0.25,0.0
060_090,60,90,RN_ROAD_00163,RN_NODE_00432,RN_NODE_00428,0,RN_ROAD_00163,RN_ROAD_00163,primary,['Barrister Nath Pai Chowk'],16.512293120111337,road_line_intersected_raster_cells_all_touched,mapped,2,0.015231199562549591,0.010838861111551523,0.014352731872349977,1.0,0.0,0.0,0.0
060_090,60,90,RN_ROAD_00164,RN_NODE_00432,RN_NODE_00435,0,RN_ROAD_00164,RN_ROAD_00164,primary,['Barrister Nath Pai Chowk'],5.293753326220019,road_line_intersected_raster_cells_all_touched,mapped,1,0.006446522660553455,0.006446522660553455,0.006446522660553455,1.0,0.0,0.0,0.0
060_090,60,90,RN_ROAD_00165,RN_NODE_00428,RN_NODE_00427,0,RN_ROAD_00165,RN_ROAD_00165,primary,['Barrister Nath Pai Chowk'],8.975350119755786,road_line_intersected_raster_cells_all_touched,mapped,2,0.015231199562549591,0.010838861111551523,0.014352731872349977,1.0,0.0,0.0,0.0
060_090,60,90,RN_ROAD_00166,RN_NODE_00435,RN_NODE_00433,0,RN_ROAD_00166,RN_ROAD_00166,primary,['Barrister Nath Pai Chowk'],29.565301722604882,road_line_intersected_raster_cells_all_touched,mapped,2,0.0069012693129479885,0.006673895986750722,0.006855794647708535,1.0,0.0,0.0,0.0
060_090,60,90,RN_ROAD_00167,RN_NODE_00435,RN_NODE_00447,0,RN_ROAD_00167,RN_ROAD_00167,tertiary,['Madhavrao Peshve Marg'],45.54545036986926,road_line_intersected_raster_cells_all_touched,mapped,4,0.036343079060316086,0.015313199954107404,0.028848175983875995,1.0,0.25,0.0,0.0
060_090,60,90,RN_ROAD_00188,RN_NODE_00427,RN_NODE_00422,0,RN_ROAD_00188,RN_ROAD_00188,primary,['Barrister Nath Pai Chowk'],27.465265817507753,road_line_intersected_raster_cells_all_touched,mapped,2,0.0069012693129479885,0.006673895986750722,0.006855794647708535,1.0,0.0,0.0,0.0
060_090,60,90,RN_ROAD_00190,RN_NODE_00433,RN_NODE_00447,0,RN_ROAD_00190,RN_ROAD_00190,tertiary,['Madhavrao Peshve Marg'],34.139300763499996,road_line_intersected_raster_cells_all_touched,mapped,3,0.036343079060316086,0.018201472392926615,0.03134647700935602,1.0,0.3333333333333333,0.0,0.0
060_090,60,90,RN_ROAD_00193,RN_NODE_00433,RN_NODE_00430,0,RN_ROAD_00193,RN_ROAD_00193,primary,['Barrister Nath Pai Chowk'],7.5684092656252675,road_line_intersected_raster_cells_all_touched,mapped,1,0.0069012693129479885,0.0069012693129479885,0.0069012693129479885,1.0,0.0,0.0,0.0
060_090,60,90,RN_ROAD_00195,RN_NODE_00447,RN_NODE_00450,0,RN_ROAD_00195,RN_ROAD_00195,tertiary,['Madhavrao Peshve Marg'],20.1726046626495,road_line_intersected_raster_cells_all_touched,mapped,1,0.036343079060316086,0.036343079060316086,0.036343079060316086,1.0,1.0,0.0,0.0
060_090,60,90,RN_ROAD_00170,RN_NODE_00361,RN_NODE_00376,0,RN_ROAD_00170,RN_ROAD_00170,residential,,52.085846791904686,road_line_intersected_raster_cells_all_touched,mapped,3,0.10468125343322754,0.06314635276794434,0.0952150858938694,1.0,1.0,0.3333333333333333,0.0
060_090,60,90,RN_ROAD_00174,RN_NODE_00359,RN_NODE_00360,0,RN_ROAD_00174,RN_ROAD_00174,residential,,39.24696699102281,road_line_intersected_raster_cells_all_touched,mapped,3,0.08892177045345306,0.030417147451468434,0.07150785918347538,1.0,0.3333333333333333,0.0,0.0
060_090,60,90,RN_ROAD_00175,RN_NODE_00359,RN_NODE_00348,0,RN_ROAD_00175,RN_ROAD_00175,residential,,40.585040476822286,road_line_intersected_raster_cells_all_touched,mapped,4,0.0021227747201919556,0.0009709434598335065,0.0017283207853324713,1.0,0.0,0.0,0.0
060_090,60,90,RN_ROAD_00176,RN_NODE_00359,RN_NODE_00396,0,RN_ROAD_00176,RN_ROAD_00176,residential,,101.24939391440986,road_line_intersected_raster_cells_all_touched,mapped,4,0.011376251466572285,0.004882487162831239,0.010152087640017272,1.0,0.0,0.0,0.0
060_090,60,90,RN_ROAD_00314,RN_NODE_00348,RN_NODE_00351,0,RN_ROAD_00314,RN_ROAD_00314,residential,,37.968675117771724,road_line_intersected_raster_cells_all_touched,mapped,2,0.00847903173416853,0.004643480002414435,0.007711921387817711,1.0,0.0,0.0,0.0
060_090,60,90,RN_ROAD_00319,RN_NODE_00348,RN_NODE_00335,0,RN_ROAD_00319,RN_ROAD_00319,residential,,44.68106970370976,road_line_intersected_raster_cells_all_touched,mapped,2,0.0009096615831367671,0.000858794926898554,0.0008994882518891245,1.0,0.0,0.0,0.0
060_090,60,90,RN_ROAD_00322,RN_NODE_00348,RN_NODE_00347,0,RN_ROAD_00322,RN_ROAD_00322,residential,,68.87895886951469,road_line_intersected_raster_cells_all_touched,mapped,4,0.008417620323598385,0.0024488494018441997,0.006134712707716973,1.0,0.0,0.0,0.0
060_090,60,90,RN_ROAD_00177,RN_NODE_00396,RN_NODE_00395,0,RN_ROAD_00177,RN_ROAD_00177,residential,,72.96437348805723,road_line_intersected_raster_cells_all_touched,mapped,3,0.009774145670235157,0.008691061598559221,0.009619983285665512,1.0,0.0,0.0,0.0
060_090,60,90,RN_ROAD_00191,RN_NODE_00396,RN_NODE_00422,0,RN_ROAD_00191,RN_ROAD_00191,residential,,77.28031718830532,road_line_intersected_raster_cells_all_touched,mapped,4,0.013957750983536243,0.010184913757257164,0.013545904494822026,1.0,0.0,0.0,0.0
060_090,60,90,RN_ROAD_00396,RN_NODE_00395,RN_NODE_00419,0,RN_ROAD_00396,RN_ROAD_00396,residential,,75.56282543703307,road_line_intersected_raster_cells_all_touched,mapped,4,0.035546913743019104,0.01712938933633268,0.02899492867290974,1.0,0.25,0.0,0.0
060_090,60,90,RN_ROAD_00415,RN_NODE_00395,RN_NODE_00369,0,RN_ROAD_00415,RN_ROAD_00415,residential,,74.84001520024054,road_line_intersected_raster_cells_all_touched,mapped,4,0.009003333747386932,0.006322535336948931,0.008957914728671312,1.0,0.0,0.0,0.0
060_090,60,90,RN_ROAD_00417,RN_NODE_00395,RN_NODE_00389,0,RN_ROAD_00417,RN_ROAD_00417,residential,,36.64959388201751,road_line_intersected_raster_cells_all_touched,mapped,2,0.013414178974926472,0.011208756361156702,0.012973094452172517,1.0,0.0,0.0,0.0
060_090,60,90,RN_ROAD_00178,RN_NODE_00519,RN_NODE_00501,0,RN_ROAD_00178,RN_ROAD_00178,residential,,93.88153007625391,road_line_intersected_raster_cells_all_touched,mapped,4,0.0002226217184215784,0.0001327360450886772,0.00021202698844717817,1.0,0.0,0.0,0.0
060_090,60,90,RN_ROAD_00179,RN_NODE_00509,RN_NODE_00514,0,RN_ROAD_00179,RN_ROAD_00179,residential,,66.49556106324535,road_line_intersected_raster_cells_all_touched,mapped,3,0.002147252904251218,0.0013407131579394143,0.0019373221322894097,1.0,0.0,0.0,0.0
060_090,60,90,RN_ROAD_00181,RN_NODE_00514,RN_NODE_00496,0,RN_ROAD_00181,RN_ROAD_00181,residential,,112.52595144851557,road_line_intersected_raster_cells_all_touched,mapped,5,0.007881613448262215,0.0040143105201423165,0.0062269652262330055,1.0,0.0,0.0,0.0
060_090,60,90,RN_ROAD_00184,RN_NODE_00514,RN_NODE_00513,0,RN_ROAD_00184,RN_ROAD_00184,residential,,60.51136740802053,road_line_intersected_raster_cells_all_touched,mapped,3,0.004675989970564842,0.003387207087750236,0.004408467654138803,1.0,0.0,0.0,0.0
060_090,60,90,RN_ROAD_00180,RN_NODE_00496,RN_NODE_00492,0,RN_ROAD_00180,RN_ROAD_00180,residential,,24.837175012920326,road_line_intersected_raster_cells_all_touched,mapped,2,0.007881613448262215,0.007567489519715309,0.007818788662552834,1.0,0.0,0.0,0.0
060_090,60,90,RN_ROAD_00183,RN_NODE_00496,RN_NODE_00495,0,RN_ROAD_00183,RN_ROAD_00183,residential,,38.61771156641344,road_line_intersected_raster_cells_all_touched,mapped,3,0.01753086782991886,0.013999649633963903,0.017341987788677217,1.0,0.0,0.0,0.0
060_090,60,90,RN_ROAD_00182,RN_NODE_00450,RN_NODE_00464,0,RN_ROAD_00182,RN_ROAD_00182,tertiary,['Madhavrao Peshve Marg'],49.44877547787121,road_line_intersected_raster_cells_all_touched,mapped,3,0.036343079060316086,0.015806001688664157,0.030664770863950253,1.0,0.3333333333333333,0.0,0.0
060_090,60,90,RN_ROAD_00189,RN_NODE_00450,RN_NODE_00459,0,RN_ROAD_00189,RN_ROAD_00189,residential,,40.03954017674623,road_line_intersected_raster_cells_all_touched,mapped,3,0.036343079060316086,0.016115283050263923,0.03085033968091011,1.0,0.3333333333333333,0.0,0.0
060_090,60,90,RN_ROAD_00197,RN_NODE_00450,RN_NODE_00448,0,RN_ROAD_00197,RN_ROAD_00197,residential,,53.21906804539485,road_line_intersected_raster_cells_all_touched,mapped,3,0.036343079060316086,0.018843457102775574,0.03140659369528294,1.0,0.3333333333333333,0.0,0.0
060_090,60,90,RN_ROAD_00186,RN_NODE_00464,RN_NODE_00462,0,RN_ROAD_00186,RN_ROAD_00186,residential,,42.44714316652112,road_line_intersected_raster_cells_all_touched,mapped,2,0.008742304518818855,0.008346921298652887,0.008663227874785661,1.0,0.0,0.0,0.0
060_090,60,90,RN_ROAD_00187,RN_NODE_00464,RN_NODE_00484,0,RN_ROAD_00187,RN_ROAD_00187,tertiary,['Madhavrao Peshve Marg'],120.54935301446274,road_line_intersected_raster_cells_all_touched,mapped,7,0.011476591229438782,0.0033569642691873014,0.009361559338867665,0.7142857142857143,0.0,0.0,0.0
060_090,60,90,RN_ROAD_00185,RN_NODE_00495,RN_NODE_00489,0,RN_ROAD_00185,RN_ROAD_00185,residential,,51.88566217261621,road_line_intersected_raster_cells_all_touched,mapped,3,0.03144097328186035,0.024440766001741093,0.030022870004177093,1.0,0.6666666666666666,0.0,0.0
060_090,60,90,RN_ROAD_00404,RN_NODE_00495,RN_NODE_00494,0,RN_ROAD_00404,RN_ROAD_00404,residential,,22.845177254038568,road_line_intersected_raster_cells_all_touched,mapped,1,0.01753086782991886,0.01753086782991886,0.01753086782991886,1.0,0.0,0.0,0.0
060_090,60,90,RN_ROAD_00405,RN_NODE_00513,RN_NODE_00494,0,RN_ROAD_00405,RN_ROAD_00405,residential,,113.3340964507249,road_line_intersected_raster_cells_all_touched,mapped,5,0.01753086782991886,0.008170178532600403,0.014219272509217264,1.0,0.0,0.0,0.0
060_090,60,90,RN_ROAD_00408,RN_NODE_00513,RN_NODE_00512,0,RN_ROAD_00408,RN_ROAD_00408,residential,,38.977716564484794,road_line_intersected_raster_cells_all_touched,mapped,3,0.004675989970564842,0.0025593031120176115,0.00429309606552124,1.0,0.0,0.0,0.0
060_090,60,90,RN_ROAD_00409,RN_NODE_00462,RN_NODE_00482,0,RN_ROAD_00409,RN_ROAD_00409,residential,,125.91349719515188,road_line_intersected_raster_cells_all_touched,mapped,7,0.008742304518818855,0.0019262061289607249,0.005304669216275217,0.5714285714285714,0.0,0.0,0.0
060_090,60,90,RN_ROAD_00412,RN_NODE_00462,RN_NODE_00454,0,RN_ROAD_00412,RN_ROAD_00412,residential,,68.15802449183667,road_line_intersected_raster_cells_all_touched,mapped,5,0.008742304518818855,0.005672781844623387,0.008471624553203582,1.0,0.0,0.0,0.0
060_090,60,90,RN_ROAD_00407,RN_NODE_00484,RN_NODE_00493,0,RN_ROAD_00407,RN_ROAD_00407,tertiary,['Madhavrao Peshve Marg'],151.42783042971755,road_line_intersected_raster_cells_all_touched,mapped,6,0.03369869291782379,0.017908544939321775,0.02980576828122139,1.0,0.3333333333333333,0.0,0.0
060_090,60,90,RN_ROAD_00410,RN_NODE_00484,RN_NODE_00482,0,RN_ROAD_00410,RN_ROAD_00410,tertiary,['Baburao Phule Path'],43.36285704283589,road_line_intersected_raster_cells_all_touched,mapped,2,0.002757831709459424,0.0022277902462519705,0.0026518234168179332,1.0,0.0,0.0,0.0
060_090,60,90,RN_ROAD_00192,RN_NODE_00422,RN_NODE_00424,0,RN_ROAD_00192,RN_ROAD_00192,primary,['Barrister Nath Pai Chowk'],3.454841232823886,road_line_intersected_raster_cells_all_touched,mapped,1,0.0069012693129479885,0.0069012693129479885,0.0069012693129479885,1.0,0.0,0.0,0.0
060_090,60,90,RN_ROAD_00194,RN_NODE_00424,RN_NODE_00430,0,RN_ROAD_00194,RN_ROAD_00194,primary,['Barrister Nath Pai Chowk'],16.27953871942635,road_line_intersected_raster_cells_all_touched,mapped,1,0.0069012693129479885,0.0069012693129479885,0.0069012693129479885,1.0,0.0,0.0,0.0
060_090,60,90,RN_ROAD_00394,RN_NODE_00424,RN_NODE_00419,0,RN_ROAD_00394,RN_ROAD_00394,primary,['Lalbahadur Shashtri Marg'],83.34327025328123,road_line_intersected_raster_cells_all_touched,mapped,5,0.035546913743019104,0.01257524210959673,0.02543228678405285,1.0,0.2,0.0,0.0
060_090,60,90,RN_ROAD_00196,RN_NODE_00430,RN_NODE_00429,0,RN_ROAD_00196,RN_ROAD_00196,primary,['Lalbahadur Shashtri Marg'],53.98639280086231,road_line_intersected_raster_cells_all_touched,mapped,3,0.0069012693129479885,0.0056896501531203585,0.006760987360030413,1.0,0.0,0.0,0.0
060_090,60,90,RN_ROAD_00395,RN_NODE_00429,RN_NODE_00448,0,RN_ROAD_00395,RN_ROAD_00395,residential,,51.865832973703135,road_line_intersected_raster_cells_all_touched,mapped,3,0.008526640012860298,0.007417409525563319,0.008326457813382149,1.0,0.0,0.0,0.0
060_090,60,90,RN_ROAD_00397,RN_NODE_00429,RN_NODE_00420,0,RN_ROAD_00397,RN_ROAD_00397,primary,['Lalbahadur Shashtri Marg'],77.30501554487705,road_line_intersected_raster_cells_all_touched,mapped,4,0.06267429143190384,0.029883842100389302,0.05170216895639897,1.0,0.75,0.0,0.0
060_090,60,90,RN_ROAD_00398,RN_NODE_00448,RN_NODE_00439,0,RN_ROAD_00398,RN_ROAD_00398,residential,,76.575133742593,road_line_intersected_raster_cells_all_touched,mapped,4,0.01728486828505993,0.011846159119158983,0.016313627548515796,1.0,0.0,0.0,0.0
060_090,60,90,RN_ROAD_00198,RN_NODE_00166,RN_NODE_00165,0,RN_ROAD_00198,RN_ROAD_00198,tertiary,['Dattawadi Road'],23.711591631033937,road_line_intersected_raster_cells_all_touched,mapped,1,0.0006058471044525504,0.0006058471044525504,0.0006058471044525504,1.0,0.0,0.0,0.0
060_090,60,90,RN_ROAD_00199,RN_NODE_00166,RN_NODE_00141,0,RN_ROAD_00199,RN_ROAD_00199,residential,,61.1673939522506,road_line_intersected_raster_cells_all_touched,mapped,3,0.0006058471044525504,0.0002503142641216982,0.0005072265674243682,1.0,0.0,0.0,0.0
060_090,60,90,RN_ROAD_00200,RN_NODE_00141,RN_NODE_00140,0,RN_ROAD_00200,RN_ROAD_00200,residential,,42.2760922799476,road_line_intersected_raster_cells_all_touched,mapped,3,0.0004826369695365429,0.00025673419319597696,0.0004371524439193308,1.0,0.0,0.0,0.0
060_090,60,90,RN_ROAD_00207,RN_NODE_00141,RN_NODE_00110,0,RN_ROAD_00207,RN_ROAD_00207,residential,,148.47841605228805,road_line_intersected_raster_cells_all_touched,mapped,6,7.053453009575605e-05,3.6852499154823214e-05,6.238599780772347e-05,1.0,0.0,0.0,0.0
060_090,60,90,RN_ROAD_00202,RN_NODE_00140,RN_NODE_00138,0,RN_ROAD_00202,RN_ROAD_00202,residential,,29.08650734321614,road_line_intersected_raster_cells_all_touched,mapped,1,0.0004826369695365429,0.0004826369695365429,0.0004826369695365429,1.0,0.0,0.0,0.0
060_090,60,90,RN_ROAD_00212,RN_NODE_00140,RN_NODE_00122,0,RN_ROAD_00212,RN_ROAD_00212,residential,,100.78909039161152,road_line_intersected_raster_cells_all_touched,mapped,4,0.009296069853007793,0.0033844943391159177,0.0073295523645356304,1.0,0.0,0.0,0.0
060_090,60,90,RN_ROAD_00205,RN_NODE_00138,RN_NODE_00139,0,RN_ROAD_00205,RN_ROAD_00205,residential,,20.0521726676243,road_line_intersected_raster_cells_all_touched,mapped,2,0.004370596259832382,0.0024266166146844625,0.003981800330802798,1.0,0.0,0.0,0.0
060_090,60,90,RN_ROAD_00206,RN_NODE_00168,RN_NODE_00139,0,RN_ROAD_00206,RN_ROAD_00206,residential,,62.80789832791941,road_line_intersected_raster_cells_all_touched,mapped,3,0.0071816290728747845,0.004723998950794339,0.006619422510266304,1.0,0.0,0.0,0.0
060_090,60,90,RN_ROAD_00217,RN_NODE_00168,RN_NODE_00171,0,RN_ROAD_00217,RN_ROAD_00217,tertiary,['Dattawadi Road'],33.763713386290256,road_line_intersected_raster_cells_all_touched,mapped,3,0.0071816290728747845,0.005166397197172046,0.0068252809345722195,1.0,0.0,0.0,0.0
060_090,60,90,RN_ROAD_00213,RN_NODE_00139,RN_NODE_00104,0,RN_ROAD_00213,RN_ROAD_00213,residential,,180.55598741026415,road_line_intersected_raster_cells_all_touched,mapped,7,0.014182436279952526,0.005445953851449303,0.012265097163617612,1.0,0.0,0.0,0.0
060_090,60,90,RN_ROAD_00208,RN_NODE_00110,RN_NODE_00101,0,RN_ROAD_00208,RN_ROAD_00208,residential,,43.93787846212482,road_line_intersected_raster_cells_all_touched,mapped,1,1.3704817320103757e-05,1.3704817320103757e-05,1.3704817320103757e-05,1.0,0.0,0.0,0.0
060_090,60,90,RN_ROAD_00209,RN_NODE_00110,RN_NODE_00109,0,RN_ROAD_00209,RN_ROAD_00209,residential,,38.916777274479244,road_line_intersected_raster_cells_all_touched,mapped,2,2.2553545932169072e-05,1.8129181626136415e-05,2.166867307096254e-05,1.0,0.0,0.0,0.0
060_090,60,90,RN_ROAD_00210,RN_NODE_00109,RN_NODE_00103,0,RN_ROAD_00210,RN_ROAD_00210,residential,,35.50854082983085,road_line_intersected_raster_cells_all_touched,mapped,2,2.2553545932169072e-05,1.795802063497831e-05,2.163444087273092e-05,1.0,0.0,0.0,0.0
060_090,60,90,RN_ROAD_00211,RN_NODE_00109,RN_NODE_00119,0,RN_ROAD_00211,RN_ROAD_00211,residential,,23.86233557837472,road_line_intersected_raster_cells_all_touched,mapped,2,4.062453444930725e-05,3.158904019073816e-05,3.881743559759343e-05,1.0,0.0,0.0,0.0
060_090,60,90,RN_ROAD_00214,RN_NODE_00114,RN_NODE_00113,0,RN_ROAD_00214,RN_ROAD_00214,residential,,25.95861190557072,road_line_intersected_raster_cells_all_touched,mapped,2,0.011547592468559742,0.005849387947819196,0.010407951564411632,1.0,0.0,0.0,0.0
060_090,60,90,RN_ROAD_00216,RN_NODE_00113,RN_NODE_00107,0,RN_ROAD_00216,RN_ROAD_00216,residential,,51.616018334058886,road_line_intersected_raster_cells_all_touched,mapped,3,0.011547592468559742,0.004351188360791032,0.009478542231954636,1.0,0.0,0.0,0.0
060_090,60,90,RN_ROAD_00229,RN_NODE_00113,RN_NODE_00120,0,RN_ROAD_00229,RN_ROAD_00229,residential,,25.687960609079266,road_line_intersected_raster_cells_all_touched,mapped,2,0.011547592468559742,0.009189143078401685,0.01107590259052813,1.0,0.0,0.0,0.0
060_090,60,90,RN_ROAD_00215,RN_NODE_00121,RN_NODE_00120,0,RN_ROAD_00215,RN_ROAD_00215,residential,,25.484884391371224,road_line_intersected_raster_cells_all_touched,mapped,2,0.0068306936882436275,0.0056987362913787365,0.006604302208870649,1.0,0.0,0.0,0.0
060_090,60,90,RN_ROAD_00230,RN_NODE_00120,RN_NODE_00123,0,RN_ROAD_00230,RN_ROAD_00230,residential,,26.342550618373256,road_line_intersected_raster_cells_all_touched,mapped,2,0.010245872661471367,0.008538283174857497,0.009904354764148592,1.0,0.0,0.0,0.0
060_090,60,90,RN_ROAD_00218,RN_NODE_00171,RN_NODE_00185,0,RN_ROAD_00218,RN_ROAD_00218,residential,,34.60001570096885,road_line_intersected_raster_cells_all_touched,mapped,2,0.0037715272046625614,0.0033446006709709764,0.0036861418979242445,1.0,0.0,0.0,0.0
060_090,60,90,RN_ROAD_00221,RN_NODE_00173,RN_NODE_00127,0,RN_ROAD_00221,RN_ROAD_00221,residential,,110.36880758273932,road_line_intersected_raster_cells_all_touched,mapped,5,0.018704203888773918,0.013969612121582032,0.017112509161233903,1.0,0.0,0.0,0.0
060_090,60,90,RN_ROAD_00232,RN_NODE_00127,RN_NODE_00125,0,RN_ROAD_00232,RN_ROAD_00232,residential,,33.8522105579885,road_line_intersected_raster_cells_all_touched,mapped,2,0.014663703739643097,0.012454788200557232,0.014221920631825924,1.0,0.0,0.0,0.0
060_090,60,90,RN_ROAD_00233,RN_NODE_00127,RN_NODE_00118,0,RN_ROAD_00233,RN_ROAD_00233,residential,,83.00094768295304,road_line_intersected_raster_cells_all_touched,mapped,4,0.014663703739643097,0.010821965639479458,0.013728870358318091,1.0,0.0,0.0,0.0
060_090,60,90,RN_ROAD_00223,RN_NODE_00129,RN_NODE_00130,0,RN_ROAD_00223,RN_ROAD_00223,residential,,32.89279538752702,road_line_intersected_raster_cells_all_touched,mapped,2,0.002451988635584712,0.0022148528369143605,0.002404561475850642,1.0,0.0,0.0,0.0
060_090,60,90,RN_ROAD_00224,RN_NODE_00130,RN_NODE_00149,0,RN_ROAD_00224,RN_ROAD_00224,residential,,55.605474866051736,road_line_intersected_raster_cells_all_touched,mapped,3,0.015654506161808968,0.007988626059765616,0.013695481605827809,1.0,0.0,0.0,0.0
060_090,60,90,RN_ROAD_00225,RN_NODE_00130,RN_NODE_00132,0,RN_ROAD_00225,RN_ROAD_00225,residential,,34.538218934489144,road_line_intersected_raster_cells_all_touched,mapped,2,0.002451988635584712,0.002195351873524487,0.002400661283172667,1.0,0.0,0.0,0.0
060_090,60,90,RN_ROAD_00236,RN_NODE_00132,RN_NODE_00136,0,RN_ROAD_00236,RN_ROAD_00236,residential,,43.04473956607721,road_line_intersected_raster_cells_all_touched,mapped,3,0.014522918500006199,0.008749342989176512,0.013575613871216774,1.0,0.0,0.0,0.0
060_090,60,90,RN_ROAD_00227,RN_NODE_00124,RN_NODE_00123,0,RN_ROAD_00227,RN_ROAD_00227,residential,,23.141031158802942,road_line_intersected_raster_cells_all_touched,mapped,2,0.010245872661471367,0.008365066489204764,0.009869711427018046,1.0,0.0,0.0,0.0
060_090,60,90,RN_ROAD_00231,RN_NODE_00123,RN_NODE_00125,0,RN_ROAD_00231,RN_ROAD_00231,residential,,27.65176740977875,road_line_intersected_raster_cells_all_touched,mapped,1,0.010245872661471367,0.010245872661471367,0.010245872661471367,1.0,0.0,0.0,0.0
060_090,60,90,RN_ROAD_00228,RN_NODE_00126,RN_NODE_00125,0,RN_ROAD_00228,RN_ROAD_00228,residential,,22.284229795471415,road_line_intersected_raster_cells_all_touched,mapped,3,0.010245872661471367,0.00850672476614515,0.009954706393182277,1.0,0.0,0.0,0.0
060_090,60,90,RN_ROAD_00234,RN_NODE_00090,RN_NODE_00068,0,RN_ROAD_00234,RN_ROAD_00234,secondary,['Raja Mantri Path'],542.1684999454002,road_line_intersected_raster_cells_all_touched,mapped,23,0.18196427822113037,0.03144365131004673,0.08020270615816118,0.8260869565217391,0.391304347826087,0.08695652173913043,0.0
060_090,60,90,RN_ROAD_00284,RN_NODE_00090,RN_NODE_00088,0,RN_ROAD_00284,RN_ROAD_00284,secondary_link,,8.880744024180427,road_line_intersected_raster_cells_all_touched,mapped,1,0.04878854379057884,0.04878854379057884,0.04878854379057884,1.0,1.0,0.0,0.0
060_090,60,90,RN_ROAD_00286,RN_NODE_00090,RN_NODE_00092,0,RN_ROAD_00286,RN_ROAD_00286,secondary,['Raja Mantri Path'],181.64061004240045,road_line_intersected_raster_cells_all_touched,mapped,7,0.04878854379057884,0.026035490046654428,0.04124049693346024,1.0,0.5714285714285714,0.0,0.0
060_090,60,90,RN_ROAD_00235,RN_NODE_00066,RN_NODE_00088,0,RN_ROAD_00235,RN_ROAD_00235,secondary,['Raja Mantri Path'],535.0824107204273,road_line_intersected_raster_cells_all_touched,mapped,23,0.18196427822113037,0.03194865522622738,0.08020270615816118,0.8260869565217391,0.391304347826087,0.08695652173913043,0.0
060_090,60,90,RN_ROAD_00285,RN_NODE_00088,RN_NODE_00086,0,RN_ROAD_00285,RN_ROAD_00285,secondary,['Raja Mantri Path'],181.77458684106534,road_line_intersected_raster_cells_all_touched,mapped,7,0.04878854379057884,0.026035490046654428,0.04124049693346024,1.0,0.5714285714285714,0.0,0.0
060_090,60,90,RN_ROAD_00238,RN_NODE_00136,RN_NODE_00150,0,RN_ROAD_00238,RN_ROAD_00238,residential,,44.72295405595635,road_line_intersected_raster_cells_all_touched,mapped,2,0.020160790532827377,0.017341854516416788,0.01959700332954526,1.0,0.5,0.0,0.0
060_090,60,90,RN_ROAD_00240,RN_NODE_00136,RN_NODE_00164,0,RN_ROAD_00240,RN_ROAD_00240,residential,,102.0335001644682,road_line_intersected_raster_cells_all_touched,mapped,5,0.017712153494358063,0.013591528497636318,0.016436459496617317,1.0,0.0,0.0,0.0
060_090,60,90,RN_ROAD_00239,RN_NODE_00150,RN_NODE_00156,0,RN_ROAD_00239,RN_ROAD_00239,residential,,39.195136141472005,road_line_intersected_raster_cells_all_touched,mapped,3,0.020160790532827377,0.01666345912963152,0.01957104168832302,1.0,0.3333333333333333,0.0,0.0
060_090,60,90,RN_ROAD_00242,RN_NODE_00156,RN_NODE_00164,0,RN_ROAD_00242,RN_ROAD_00242,residential,,26.861595267278346,road_line_intersected_raster_cells_all_touched,mapped,2,0.017212046310305595,0.014706640969961882,0.016710965242236853,1.0,0.0,0.0,0.0
060_090,60,90,RN_ROAD_00243,RN_NODE_00164,RN_NODE_00175,0,RN_ROAD_00243,RN_ROAD_00243,residential,,20.050148555016975,road_line_intersected_raster_cells_all_touched,mapped,2,0.012201235629618168,0.011334069073200226,0.01202780231833458,1.0,0.0,0.0,0.0
060_090,60,90,RN_ROAD_00245,RN_NODE_00175,RN_NODE_00174,0,RN_ROAD_00245,RN_ROAD_00245,residential,,37.245679728321754,road_line_intersected_raster_cells_all_touched,mapped,2,0.010466902516782284,0.009031370049342513,0.01017979602329433,1.0,0.0,0.0,0.0
060_090,60,90,RN_ROAD_00255,RN_NODE_00174,RN_NODE_00137,0,RN_ROAD_00255,RN_ROAD_00255,tertiary,,80.72682467278436,road_line_intersected_raster_cells_all_touched,mapped,4,0.022942960262298584,0.013523725210689008,0.01970364609733224,1.0,0.25,0.0,0.0
060_090,60,90,RN_ROAD_00246,RN_NODE_00048,RN_NODE_00047,0,RN_ROAD_00246,RN_ROAD_00246,residential,,17.21816858329121,road_line_intersected_raster_cells_all_touched,mapped,2,0.0,0.0,0.0,0.0,0.0,0.0,0.0
060_090,60,90,RN_ROAD_00247,RN_NODE_00048,RN_NODE_00042,0,RN_ROAD_00247,RN_ROAD_00247,residential,,22.173895446461863,road_line_intersected_raster_cells_all_touched,mapped,2,0.0,0.0,0.0,0.0,0.0,0.0,0.0
060_090,60,90,RN_ROAD_00248,RN_NODE_00048,RN_NODE_00051,0,RN_ROAD_00248,RN_ROAD_00248,residential,,17.273740242986737,road_line_intersected_raster_cells_all_touched,mapped,1,0.0,0.0,0.0,0.0,0.0,0.0,0.0
060_090,60,90,RN_ROAD_00249,RN_NODE_00026,RN_NODE_00025,0,RN_ROAD_00249,RN_ROAD_00249,tertiary,['Maai Mangeshkar Path'],7.738915070888369,road_line_intersected_raster_cells_all_touched,outside_valid_flood_grid,0,,,,,,,
060_090,60,90,RN_ROAD_00250,RN_NODE_00026,RN_NODE_00050,0,RN_ROAD_00250,RN_ROAD_00250,residential,,89.55329276010445,road_line_intersected_raster_cells_all_touched,mapped,3,0.0,0.0,0.0,0.0,0.0,0.0,0.0
060_090,60,90,RN_ROAD_00251,RN_NODE_00026,RN_NODE_00037,0,RN_ROAD_00251,RN_ROAD_00251,tertiary,['Maai Mangeshkar Path'],116.09553120361898,road_line_intersected_raster_cells_all_touched,mapped,5,0.0,0.0,0.0,0.0,0.0,0.0,0.0
060_090,60,90,RN_ROAD_00252,RN_NODE_00037,RN_NODE_00022,0,RN_ROAD_00252,RN_ROAD_00252,residential,,40.722524358066856,road_line_intersected_raster_cells_all_touched,mapped,2,0.0,0.0,0.0,0.0,0.0,0.0,0.0
060_090,60,90,RN_ROAD_00253,RN_NODE_00037,RN_NODE_00038,0,RN_ROAD_00253,RN_ROAD_00253,tertiary,['Maai Mangeshkar Path'],79.60523347943776,road_line_intersected_raster_cells_all_touched,mapped,5,0.0009133676066994667,0.00018267352133989335,0.0005480205640196801,0.2,0.0,0.0,0.0
060_090,60,90,RN_ROAD_00254,RN_NODE_00038,RN_NODE_00029,0,RN_ROAD_00254,RN_ROAD_00254,residential,,31.286873855373255,road_line_intersected_raster_cells_all_touched,mapped,2,0.0009133676066994667,0.0005489667819347233,0.0008404874417465181,1.0,0.0,0.0,0.0
060_090,60,90,RN_ROAD_00265,RN_NODE_00038,RN_NODE_00040,0,RN_ROAD_00265,RN_ROAD_00265,tertiary,['Maai Mangeshkar Path'],33.64313860129337,road_line_intersected_raster_cells_all_touched,mapped,2,0.0026901583187282085,0.0018017629627138376,0.002512479247525334,1.0,0.0,0.0,0.0
060_090,60,90,RN_ROAD_00259,RN_NODE_00152,RN_NODE_00142,0,RN_ROAD_00259,RN_ROAD_00259,residential,,34.20403509709737,road_line_intersected_raster_cells_all_touched,mapped,3,4.425118731887778e-06,1.477524203134332e-06,3.5415857610132662e-06,0.6666666666666666,0.0,0.0,0.0
060_090,60,90,RN_ROAD_00261,RN_NODE_00152,RN_NODE_00151,0,RN_ROAD_00261,RN_ROAD_00261,residential,,98.24234308064158,road_line_intersected_raster_cells_all_touched,mapped,4,1.8628478759552536e-09,4.657119689888134e-10,1.3039935131686778e-09,0.25,0.0,0.0,0.0
060_090,60,90,RN_ROAD_00262,RN_NODE_00177,RN_NODE_00151,0,RN_ROAD_00262,RN_ROAD_00262,residential,,38.66015217871509,road_line_intersected_raster_cells_all_touched,mapped,2,0.0,0.0,0.0,0.0,0.0,0.0,0.0
060_090,60,90,RN_ROAD_00263,RN_NODE_00151,RN_NODE_00147,0,RN_ROAD_00263,RN_ROAD_00263,residential,,64.18004141029843,road_line_intersected_raster_cells_all_touched,mapped,4,5.288563329486351e-07,2.839934190035365e-07,4.908460084607214e-07,0.75,0.0,0.0,0.0
060_090,60,90,RN_ROAD_00264,RN_NODE_00147,RN_NODE_00203,0,RN_ROAD_00264,RN_ROAD_00264,residential,,109.35263911703977,road_line_intersected_raster_cells_all_touched,mapped,4,0.0003150206757709384,0.0001070014728163926,0.00025434854906052355,0.75,0.0,0.0,0.0
060_090,60,90,RN_ROAD_00274,RN_NODE_00147,RN_NODE_00145,0,RN_ROAD_00274,RN_ROAD_00274,residential,,35.43034675538185,road_line_intersected_raster_cells_all_touched,mapped,2,8.193751273211092e-05,4.1071237411927086e-05,7.376425766807415e-05,1.0,0.0,0.0,0.0
060_090,60,90,RN_ROAD_00309,RN_NODE_00203,RN_NODE_00214,0,RN_ROAD_00309,RN_ROAD_00309,residential,,38.13737210872941,road_line_intersected_raster_cells_all_touched,mapped,2,0.0021223463118076324,0.0012186834937892854,0.001941613748203963,1.0,0.0,0.0,0.0
060_090,60,90,RN_ROAD_00310,RN_NODE_00203,RN_NODE_00204,0,RN_ROAD_00310,RN_ROAD_00310,residential,,37.89528305371548,road_line_intersected_raster_cells_all_touched,mapped,2,0.00037284460267983377,0.0003439326392253861,0.00036706220998894423,1.0,0.0,0.0,0.0
060_090,60,90,RN_ROAD_00266,RN_NODE_00040,RN_NODE_00033,0,RN_ROAD_00266,RN_ROAD_00266,residential,,32.29472785222386,road_line_intersected_raster_cells_all_touched,mapped,2,0.0026901583187282085,0.001996947976294905,0.0025515162502415477,1.0,0.0,0.0,0.0
060_090,60,90,RN_ROAD_00267,RN_NODE_00040,RN_NODE_00041,0,RN_ROAD_00267,RN_ROAD_00267,tertiary,['Maai Mangeshkar Path'],35.86743204986393,road_line_intersected_raster_cells_all_touched,mapped,2,0.011896300129592419,0.007293229224160314,0.010975685948505998,1.0,0.0,0.0,0.0
060_090,60,90,RN_ROAD_00268,RN_NODE_00041,RN_NODE_00032,0,RN_ROAD_00268,RN_ROAD_00268,living_street,,38.09073575062562,road_line_intersected_raster_cells_all_touched,mapped,2,0.011896300129592419,0.0070505120093002915,0.010927142505533994,1.0,0.0,0.0,0.0
060_090,60,90,RN_ROAD_00269,RN_NODE_00041,RN_NODE_00043,0,RN_ROAD_00269,RN_ROAD_00269,tertiary,['Maai Mangeshkar Path'],35.921159646361346,road_line_intersected_raster_cells_all_touched,mapped,2,0.021288469433784485,0.016592384781688452,0.020349252503365278,1.0,0.5,0.0,0.0
060_090,60,90,RN_ROAD_00270,RN_NODE_00043,RN_NODE_00035,0,RN_ROAD_00270,RN_ROAD_00270,living_street,,28.321194704419977,road_line_intersected_raster_cells_all_touched,mapped,2,0.021288469433784485,0.012754485476762056,0.019581672642379998,1.0,0.5,0.0,0.0
060_090,60,90,RN_ROAD_00271,RN_NODE_00043,RN_NODE_00045,0,RN_ROAD_00271,RN_ROAD_00271,tertiary,['Maai Mangeshkar Path'],45.21227035628405,road_line_intersected_raster_cells_all_touched,mapped,3,0.021288469433784485,0.01638073877741893,0.019853894039988516,1.0,0.3333333333333333,0.0,0.0
060_090,60,90,RN_ROAD_00273,RN_NODE_00045,RN_NODE_00024,0,RN_ROAD_00273,RN_ROAD_00273,tertiary,['Imambhai Shekh Path'],97.52583126789406,road_line_intersected_raster_cells_all_touched,mapped,5,0.06980522722005844,0.03566462621092796,0.057118971645832066,1.0,0.8,0.0,0.0
060_090,60,90,RN_ROAD_00502,RN_NODE_00045,RN_NODE_00067,0,RN_ROAD_00502,RN_ROAD_00502,tertiary,,338.9663293358875,road_line_intersected_raster_cells_all_touched,mapped,14,0.015291674993932247,0.005635233033639712,0.014535536337643862,1.0,0.0,0.0,0.0
060_090,60,90,RN_ROAD_00272,RN_NODE_00015,RN_NODE_00007,0,RN_ROAD_00272,RN_ROAD_00272,residential,,43.72583879407543,road_line_intersected_raster_cells_all_touched,mapped,2,0.0035435364115983248,0.0022054394939914346,0.0032759170280769467,1.0,0.0,0.0,0.0
060_090,60,90,RN_ROAD_00497,RN_NODE_00024,RN_NODE_00036,0,RN_ROAD_00497,RN_ROAD_00497,residential,,42.04807444879407,road_line_intersected_raster_cells_all_touched,mapped,3,0.07328090816736221,0.05652070107559363,0.07258577197790146,1.0,1.0,0.0,0.0
060_090,60,90,RN_ROAD_00498,RN_NODE_00024,RN_NODE_00017,0,RN_ROAD_00498,RN_ROAD_00498,tertiary,['Imambhai Shekh Path'],54.42305386220086,road_line_intersected_raster_cells_all_touched,mapped,3,0.038746580481529236,0.026814173596600693,0.036292457953095436,1.0,0.6666666666666666,0.0,0.0
060_090,60,90,RN_ROAD_00275,RN_NODE_00145,RN_NODE_00158,0,RN_ROAD_00275,RN_ROAD_00275,residential,,36.58495124293622,road_line_intersected_raster_cells_all_touched,mapped,2,8.193751273211092e-05,6.905043301230762e-05,7.936009678815026e-05,1.0,0.0,0.0,0.0
060_090,60,90,RN_ROAD_00277,RN_NODE_00145,RN_NODE_00144,0,RN_ROAD_00277,RN_ROAD_00277,residential,,35.00719862840988,road_line_intersected_raster_cells_all_touched,mapped,2,0.00017735765140969306,0.000129647582070902,0.00016781563754193486,1.0,0.0,0.0,0.0
060_090,60,90,RN_ROAD_00276,RN_NODE_00158,RN_NODE_00179,0,RN_ROAD_00276,RN_ROAD_00276,residential,,36.16329374852845,road_line_intersected_raster_cells_all_touched,mapped,2,0.00018382443522568792,0.00011999389425909612,0.00017105832703236956,1.0,0.0,0.0,0.0
060_090,60,90,RN_ROAD_00278,RN_NODE_00158,RN_NODE_00157,0,RN_ROAD_00278,RN_ROAD_00278,residential,,80.44428386777018,road_line_intersected_raster_cells_all_touched,mapped,3,0.002128652995452285,0.0013811152712150943,0.0020946282893419266,1.0,0.0,0.0,0.0
060_090,60,90,RN_ROAD_00279,RN_NODE_00179,RN_NODE_00155,0,RN_ROAD_00279,RN_ROAD_00279,residential,,148.95690401777097,road_line_intersected_raster_cells_all_touched,mapped,6,0.01581200398504734,0.006726259984134231,0.013350469525903463,1.0,0.0,0.0,0.0
060_090,60,90,RN_ROAD_00312,RN_NODE_00179,RN_NODE_00204,0,RN_ROAD_00312,RN_ROAD_00312,residential,,37.95511146599418,road_line_intersected_raster_cells_all_touched,mapped,2,0.00037284460267983377,0.00027833451895276085,0.0003539425859344192,1.0,0.0,0.0,0.0
060_090,60,90,RN_ROAD_00280,RN_NODE_00157,RN_NODE_00134,0,RN_ROAD_00280,RN_ROAD_00280,residential,,60.58073034544784,road_line_intersected_raster_cells_all_touched,mapped,3,0.0027345428243279457,0.001970088186984261,0.0026133648585528134,1.0,0.0,0.0,0.0
060_090,60,90,RN_ROAD_00281,RN_NODE_00157,RN_NODE_00155,0,RN_ROAD_00281,RN_ROAD_00281,residential,,38.5710901617012,road_line_intersected_raster_cells_all_touched,mapped,3,0.0070571438409388065,0.00467933986025552,0.0066161596216261385,1.0,0.0,0.0,0.0
060_090,60,90,RN_ROAD_00282,RN_NODE_00155,RN_NODE_00128,0,RN_ROAD_00282,RN_ROAD_00282,residential,,72.84714857744858,road_line_intersected_raster_cells_all_touched,mapped,4,0.0070571438409388065,0.004776248475536704,0.006898124469444156,1.0,0.0,0.0,0.0
060_090,60,90,RN_ROAD_00283,RN_NODE_00155,RN_NODE_00153,0,RN_ROAD_00283,RN_ROAD_00283,residential,,34.60886720259333,road_line_intersected_raster_cells_all_touched,mapped,2,0.0070571438409388065,0.006894877413287759,0.007024690555408597,1.0,0.0,0.0,0.0
060_090,60,90,RN_ROAD_00288,RN_NODE_00153,RN_NODE_00092,0,RN_ROAD_00288,RN_ROAD_00288,secondary,['Anant Kanhere Path' 'Raveendra Mhatre Bridge'],311.4579766061257,road_line_intersected_raster_cells_all_touched,mapped,12,0.7790951132774353,0.13766802245906243,0.40020250827074055,1.0,0.3333333333333333,0.3333333333333333,0.16666666666666666
060_090,60,90,RN_ROAD_00524,RN_NODE_00153,RN_NODE_00202,0,RN_ROAD_00524,RN_ROAD_00524,secondary,['Anant Kanhere Path'],75.421502231172,road_line_intersected_raster_cells_all_touched,mapped,3,0.15507739782333374,0.060082382832964264,0.12774934619665146,1.0,0.3333333333333333,0.3333333333333333,0.0
060_090,60,90,RN_ROAD_00525,RN_NODE_00153,RN_NODE_00154,0,RN_ROAD_00525,RN_ROAD_00525,residential,,6.764455261674849,road_line_intersected_raster_cells_all_touched,mapped,1,0.006732610985636711,0.006732610985636711,0.006732610985636711,1.0,0.0,0.0,0.0
060_090,60,90,RN_ROAD_00287,RN_NODE_00086,RN_NODE_00092,0,RN_ROAD_00287,RN_ROAD_00287,secondary,['Raveendra Mhatre Bridge'],14.257326710582095,road_line_intersected_raster_cells_all_touched,mapped,1,0.01770937629044056,0.01770937629044056,0.01770937629044056,1.0,0.0,0.0,0.0
060_090,60,90,RN_ROAD_00290,RN_NODE_00086,RN_NODE_00067,0,RN_ROAD_00290,RN_ROAD_00290,secondary,['Amrutrao Khilare Path' 'Raveendra Mhatre Bridge'],198.1201234455136,road_line_intersected_raster_cells_all_touched,mapped,9,0.0461026132106781,0.013731895356613677,0.03835431337356567,1.0,0.2222222222222222,0.0,0.0
060_090,60,90,RN_ROAD_00289,RN_NODE_00069,RN_NODE_00154,0,RN_ROAD_00289,RN_ROAD_00289,secondary,['Anant Kanhere Path' 'Amrutrao Khilare Path' 'Raveendra Mhatre Bridge'],443.911033396087,road_line_intersected_raster_cells_all_touched,mapped,16,0.7790951132774353,0.10877585877778984,0.33091387897729874,1.0,0.375,0.25,0.125
060_090,60,90,RN_ROAD_00291,RN_NODE_00069,RN_NODE_00071,0,RN_ROAD_00291,RN_ROAD_00291,residential,['Gangaram Dhanvat Path'],42.18128420734655,road_line_intersected_raster_cells_all_touched,mapped,3,0.0034998678602278233,0.0018257636281002003,0.0031740557635203006,1.0,0.0,0.0,0.0
060_090,60,90,RN_ROAD_00535,RN_NODE_00069,RN_NODE_00064,0,RN_ROAD_00535,RN_ROAD_00535,secondary,['Amrutrao Khilare Path'],152.1298739438697,road_line_intersected_raster_cells_all_touched,mapped,8,0.013989767991006374,0.005147209106326045,0.010993639566004276,1.0,0.0,0.0,0.0
060_090,60,90,RN_ROAD_00526,RN_NODE_00154,RN_NODE_00169,0,RN_ROAD_00526,RN_ROAD_00526,secondary,['Anant Kanhere Path'],23.53416301472962,road_line_intersected_raster_cells_all_touched,mapped,1,0.006732610985636711,0.006732610985636711,0.006732610985636711,1.0,0.0,0.0,0.0
060_090,60,90,RN_ROAD_00529,RN_NODE_00154,RN_NODE_00159,0,RN_ROAD_00529,RN_ROAD_00529,residential,,45.867397533557956,road_line_intersected_raster_cells_all_touched,mapped,3,0.006732610985636711,0.005468495190143585,0.0064301200211048124,1.0,0.0,0.0,0.0
060_090,60,90,RN_ROAD_00539,RN_NODE_00067,RN_NODE_00063,0,RN_ROAD_00539,RN_ROAD_00539,secondary,['Amrutrao Khilare Path'],86.28041586152774,road_line_intersected_raster_cells_all_touched,mapped,5,0.025937579572200775,0.014292282331734896,0.021197456866502762,1.0,0.2,0.0,0.0
060_090,60,90,RN_ROAD_00293,RN_NODE_00071,RN_NODE_00079,0,RN_ROAD_00293,RN_ROAD_00293,residential,,82.84060098201485,road_line_intersected_raster_cells_all_touched,mapped,4,0.004818189889192581,0.0034292433119844645,0.004472446860745549,1.0,0.0,0.0,0.0
060_090,60,90,RN_ROAD_00536,RN_NODE_00071,RN_NODE_00072,0,RN_ROAD_00536,RN_ROAD_00536,residential,['Gangaram Dhanvat Path'],35.06478297071743,road_line_intersected_raster_cells_all_touched,mapped,2,0.001870807376690209,0.0014231675886549056,0.0017812794190831482,1.0,0.0,0.0,0.0
060_090,60,90,RN_ROAD_00292,RN_NODE_00082,RN_NODE_00079,0,RN_ROAD_00292,RN_ROAD_00292,residential,,31.523164508787627,road_line_intersected_raster_cells_all_touched,mapped,2,0.014009525068104267,0.00883761909790337,0.012975143874064088,1.0,0.0,0.0,0.0
060_090,60,90,RN_ROAD_00537,RN_NODE_00079,RN_NODE_00085,0,RN_ROAD_00537,RN_ROAD_00537,residential,,25.94260677024421,road_line_intersected_raster_cells_all_touched,mapped,3,0.007201331667602062,0.0038956133260702095,0.006494207959622145,1.0,0.0,0.0,0.0
060_090,60,90,RN_ROAD_00298,RN_NODE_00263,RN_NODE_00271,0,RN_ROAD_00298,RN_ROAD_00298,residential,,83.57971270753288,road_line_intersected_raster_cells_all_touched,mapped,4,0.028026258572936058,0.008778750780038536,0.021008487511426213,1.0,0.25,0.0,0.0
060_090,60,90,RN_ROAD_00300,RN_NODE_00263,RN_NODE_00262,0,RN_ROAD_00300,RN_ROAD_00300,residential,,64.60159491377381,road_line_intersected_raster_cells_all_touched,mapped,3,0.015060622245073318,0.005783133984853824,0.012305300286971034,1.0,0.0,0.0,0.0
060_090,60,90,RN_ROAD_00302,RN_NODE_00255,RN_NODE_00266,0,RN_ROAD_00302,RN_ROAD_00302,residential,,60.614729101893765,road_line_intersected_raster_cells_all_touched,mapped,4,0.21397194266319275,0.057068656547926366,0.15245564626529817,1.0,0.25,0.25,0.0
060_090,60,90,RN_ROAD_00325,RN_NODE_00266,RN_NODE_00281,0,RN_ROAD_00325,RN_ROAD_00325,residential,,54.02302575307796,road_line_intersected_raster_cells_all_touched,mapped,3,0.004389348905533552,0.00302680271367232,0.00410612877458334,1.0,0.0,0.0,0.0
060_090,60,90,RN_ROAD_00327,RN_NODE_00266,RN_NODE_00248,0,RN_ROAD_00327,RN_ROAD_00327,residential,,78.48356376330446,road_line_intersected_raster_cells_all_touched,mapped,4,0.006687962915748358,0.0030984367040218785,0.005573548516258598,1.0,0.0,0.0,0.0
060_090,60,90,RN_ROAD_00329,RN_NODE_00266,RN_NODE_00261,0,RN_ROAD_00329,RN_ROAD_00329,residential,,53.80249370302222,road_line_intersected_raster_cells_all_touched,mapped,3,0.0029732482507824898,0.0013234981646140416,0.0024865349172614516,1.0,0.0,0.0,0.0
060_090,60,90,RN_ROAD_00326,RN_NODE_00281,RN_NODE_00286,0,RN_ROAD_00326,RN_ROAD_00326,residential,,31.860041724128912,road_line_intersected_raster_cells_all_touched,mapped,2,0.0017178109847009182,0.001300736388657242,0.001634396065492183,1.0,0.0,0.0,0.0
060_090,60,90,RN_ROAD_00311,RN_NODE_00214,RN_NODE_00206,0,RN_ROAD_00311,RN_ROAD_00311,tertiary,['Dattawadi Road'],59.030518953440364,road_line_intersected_raster_cells_all_touched,mapped,2,0.00413110526278615,0.003126725787296891,0.003930229367688299,1.0,0.0,0.0,0.0
060_090,60,90,RN_ROAD_00313,RN_NODE_00204,RN_NODE_00206,0,RN_ROAD_00313,RN_ROAD_00313,residential,,18.035376463423137,road_line_intersected_raster_cells_all_touched,mapped,2,0.00413110526278615,0.002251974932732992,0.0037552791967755184,1.0,0.0,0.0,0.0
060_090,60,90,RN_ROAD_00344,RN_NODE_00206,RN_NODE_00202,0,RN_ROAD_00344,RN_ROAD_00344,tertiary,['Dattawadi Road'],131.89614971042946,road_line_intersected_raster_cells_all_touched,mapped,7,0.15507739782333374,0.04167692938686481,0.1120727673172951,1.0,0.42857142857142855,0.14285714285714285,0.0
060_090,60,90,RN_ROAD_00315,RN_NODE_00334,RN_NODE_00335,0,RN_ROAD_00315,RN_ROAD_00315,residential,,31.58303292093578,road_line_intersected_raster_cells_all_touched,mapped,2,0.001963207498192787,0.0014364345406647772,0.001857852906687185,1.0,0.0,0.0,0.0
060_090,60,90,RN_ROAD_00318,RN_NODE_00335,RN_NODE_00333,0,RN_ROAD_00318,RN_ROAD_00318,residential,,3.484928869378495,road_line_intersected_raster_cells_all_touched,mapped,1,0.0009096615831367671,0.0009096615831367671,0.0009096615831367671,1.0,0.0,0.0,0.0
060_090,60,90,RN_ROAD_00321,RN_NODE_00333,RN_NODE_00332,0,RN_ROAD_00321,RN_ROAD_00321,residential,,43.10430892436066,road_line_intersected_raster_cells_all_touched,mapped,3,0.0011878132354468107,0.0007287206535693258,0.001132182904984802,1.0,0.0,0.0,0.0
060_090,60,90,RN_ROAD_00323,RN_NODE_00312,RN_NODE_00332,0,RN_ROAD_00323,RN_ROAD_00323,residential,,52.250203462147866,road_line_intersected_raster_cells_all_touched,mapped,3,0.0007650081533938646,0.00029779535543639213,0.0006297439511399717,1.0,0.0,0.0,0.0
060_090,60,90,RN_ROAD_00334,RN_NODE_00312,RN_NODE_00310,0,RN_ROAD_00334,RN_ROAD_00334,residential,,28.0576508861656,road_line_intersected_raster_cells_all_touched,mapped,2,0.0007719254354014993,0.00040580810309620574,0.0006987019689404406,1.0,0.0,0.0,0.0
060_090,60,90,RN_ROAD_00335,RN_NODE_00332,RN_NODE_00331,0,RN_ROAD_00335,RN_ROAD_00335,residential,,26.537672219220823,road_line_intersected_raster_cells_all_touched,mapped,2,0.0015473943203687668,0.0008180407312465832,0.00140152360254433,1.0,0.0,0.0,0.0
060_090,60,90,RN_ROAD_00338,RN_NODE_00347,RN_NODE_00331,0,RN_ROAD_00338,RN_ROAD_00338,residential,,48.091512749697046,road_line_intersected_raster_cells_all_touched,mapped,2,0.008417620323598385,0.004982507321983576,0.007730597723275424,1.0,0.0,0.0,0.0
060_090,60,90,RN_ROAD_00339,RN_NODE_00347,RN_NODE_00350,0,RN_ROAD_00339,RN_ROAD_00339,residential,,47.93089131735309,road_line_intersected_raster_cells_all_touched,mapped,2,0.008417620323598385,0.006095823016948998,0.007953260862268507,1.0,0.0,0.0,0.0
060_090,60,90,RN_ROAD_00414,RN_NODE_00347,RN_NODE_00369,0,RN_ROAD_00414,RN_ROAD_00414,residential,,61.737807633745184,road_line_intersected_raster_cells_all_touched,mapped,3,0.008417620323598385,0.004343648130695025,0.007401021383702755,1.0,0.0,0.0,0.0
060_090,60,90,RN_ROAD_00328,RN_NODE_00286,RN_NODE_00289,0,RN_ROAD_00328,RN_ROAD_00328,residential,,17.343312796122525,road_line_intersected_raster_cells_all_touched,mapped,2,0.0023790020495653152,0.0016313319210894406,0.0022294680238701403,1.0,0.0,0.0,0.0
060_090,60,90,RN_ROAD_00330,RN_NODE_00289,RN_NODE_00287,0,RN_ROAD_00330,RN_ROAD_00330,residential,,37.882267862748435,road_line_intersected_raster_cells_all_touched,mapped,2,0.007154387887567282,0.0047666949685662985,0.006676849303767085,1.0,0.0,0.0,0.0
060_090,60,90,RN_ROAD_00336,RN_NODE_00289,RN_NODE_00310,0,RN_ROAD_00336,RN_ROAD_00336,residential,,58.816214549128475,road_line_intersected_raster_cells_all_touched,mapped,3,0.004837379790842533,0.002662769091936449,0.00434570424258709,1.0,0.0,0.0,0.0
060_090,60,90,RN_ROAD_00331,RN_NODE_00287,RN_NODE_00272,0,RN_ROAD_00331,RN_ROAD_00331,residential,['Krushnaji Gopal Ghanekar Path'],54.09113582582423,road_line_intersected_raster_cells_all_touched,mapped,3,0.02010961063206196,0.013939724769443274,0.018998723663389682,1.0,0.3333333333333333,0.0,0.0
060_090,60,90,RN_ROAD_00332,RN_NODE_00287,RN_NODE_00288,0,RN_ROAD_00332,RN_ROAD_00332,residential,,40.303744394483715,road_line_intersected_raster_cells_all_touched,mapped,2,0.022280383855104446,0.014717385871335864,0.02076778425835073,1.0,0.5,0.0,0.0
060_090,60,90,RN_ROAD_00333,RN_NODE_00272,RN_NODE_00273,0,RN_ROAD_00333,RN_ROAD_00333,residential,,40.38747778918996,road_line_intersected_raster_cells_all_touched,mapped,2,0.021425386890769005,0.017990281339734793,0.02073836578056216,1.0,0.5,0.0,0.0
060_090,60,90,RN_ROAD_00354,RN_NODE_00272,RN_NODE_00237,0,RN_ROAD_00354,RN_ROAD_00354,residential,['Krushnaji Gopal Ghanekar Path'],155.52628067151952,road_line_intersected_raster_cells_all_touched,mapped,7,0.01455517578870058,0.006206363206729293,0.012203205376863481,1.0,0.0,0.0,0.0
060_090,60,90,RN_ROAD_00355,RN_NODE_00288,RN_NODE_00273,0,RN_ROAD_00355,RN_ROAD_00355,residential,['Kushaba Ganapati Ovhal Path'],53.153520018738426,road_line_intersected_raster_cells_all_touched,mapped,3,0.0463801845908165,0.03002865177889665,0.04156022444367409,1.0,1.0,0.0,0.0
060_090,60,90,RN_ROAD_00365,RN_NODE_00288,RN_NODE_00309,0,RN_ROAD_00365,RN_ROAD_00365,residential,['Kushaba Ganapati Ovhal Path'],55.15465322981308,road_line_intersected_raster_cells_all_touched,mapped,3,0.022280383855104446,0.015853923745453358,0.020424609817564488,1.0,0.3333333333333333,0.0,0.0
060_090,60,90,RN_ROAD_00356,RN_NODE_00273,RN_NODE_00237,0,RN_ROAD_00356,RN_ROAD_00356,residential,['Kushaba Ganapati Ovhal Path'],142.83177131115704,road_line_intersected_raster_cells_all_touched,mapped,6,0.021425386890769005,0.011353286060815057,0.018951700069010258,1.0,0.16666666666666666,0.0,0.0
060_090,60,90,RN_ROAD_00357,RN_NODE_00273,RN_NODE_00274,0,RN_ROAD_00357,RN_ROAD_00357,residential,,51.19311605536175,road_line_intersected_raster_cells_all_touched,mapped,3,0.02302529476583004,0.021816798796256382,0.02270531319081783,1.0,1.0,0.0,0.0
060_090,60,90,RN_ROAD_00337,RN_NODE_00310,RN_NODE_00331,0,RN_ROAD_00337,RN_ROAD_00337,residential,,53.66610792366498,road_line_intersected_raster_cells_all_touched,mapped,3,0.0015473943203687668,0.0009868080184484522,0.0013923005433753132,1.0,0.0,0.0,0.0
060_090,60,90,RN_ROAD_00341,RN_NODE_00310,RN_NODE_00309,0,RN_ROAD_00341,RN_ROAD_00341,residential,,75.7363203987582,road_line_intersected_raster_cells_all_touched,mapped,3,0.012279873713850975,0.005340529489330947,0.010417856834828855,1.0,0.0,0.0,0.0
060_090,60,90,RN_ROAD_00340,RN_NODE_00331,RN_NODE_00330,0,RN_ROAD_00340,RN_ROAD_00340,residential,,74.51475791982269,road_line_intersected_raster_cells_all_touched,mapped,3,0.0028281596023589373,0.0019931015946591892,0.0025832778541371227,1.0,0.0,0.0,0.0
060_090,60,90,RN_ROAD_00342,RN_NODE_00350,RN_NODE_00353,0,RN_ROAD_00342,RN_ROAD_00342,residential,,27.225136423844823,road_line_intersected_raster_cells_all_touched,mapped,3,0.00468835886567831,0.0038596345111727715,0.004505492234602571,1.0,0.0,0.0,0.0
060_090,60,90,RN_ROAD_00418,RN_NODE_00350,RN_NODE_00368,0,RN_ROAD_00418,RN_ROAD_00418,residential,,56.929987482394445,road_line_intersected_raster_cells_all_touched,mapped,3,0.008983135223388672,0.006124743338053425,0.008309921994805337,1.0,0.0,0.0,0.0
060_090,60,90,RN_ROAD_00343,RN_NODE_00330,RN_NODE_00309,0,RN_ROAD_00343,RN_ROAD_00343,residential,['Kushaba Ganapati Ovhal Path'],57.20658022555833,road_line_intersected_raster_cells_all_touched,mapped,3,0.012279873713850975,0.006939759089921911,0.010966147761791945,1.0,0.0,0.0,0.0
060_090,60,90,RN_ROAD_00364,RN_NODE_00330,RN_NODE_00353,0,RN_ROAD_00364,RN_ROAD_00364,residential,['Kushaba Ganapati Ovhal Path'],52.95372397223445,road_line_intersected_raster_cells_all_touched,mapped,3,0.00468835886567831,0.0035443458085258803,0.004373990884050727,1.0,0.0,0.0,0.0
060_090,60,90,RN_ROAD_00367,RN_NODE_00309,RN_NODE_00308,0,RN_ROAD_00367,RN_ROAD_00367,residential,,48.685081982286476,road_line_intersected_raster_cells_all_touched,mapped,3,0.054607219994068146,0.03555995163818201,0.0516443282365799,1.0,0.6666666666666666,0.0,0.0
060_090,60,90,RN_ROAD_00366,RN_NODE_00353,RN_NODE_00354,0,RN_ROAD_00366,RN_ROAD_00366,residential,,45.58737320488795,road_line_intersected_raster_cells_all_touched,mapped,3,0.01399496104568243,0.006884411675855517,0.011904319841414691,1.0,0.0,0.0,0.0
060_090,60,90,RN_ROAD_00345,RN_NODE_00202,RN_NODE_00201,0,RN_ROAD_00345,RN_ROAD_00345,tertiary,['Dattawadi Road'],14.590834250767971,road_line_intersected_raster_cells_all_touched,mapped,1,0.15507739782333374,0.15507739782333374,0.15507739782333374,1.0,1.0,1.0,0.0
060_090,60,90,RN_ROAD_00347,RN_NODE_00202,RN_NODE_00223,0,RN_ROAD_00347,RN_ROAD_00347,secondary,['Anant Kanhere Path'],77.6513222661988,road_line_intersected_raster_cells_all_touched,mapped,4,0.15507739782333374,0.07349677948514,0.1448510155081749,1.0,0.5,0.5,0.0
060_090,60,90,RN_ROAD_00348,RN_NODE_00201,RN_NODE_00223,0,RN_ROAD_00348,RN_ROAD_00348,secondary,['Anant Kanhere Path'],70.49281105699869,road_line_intersected_raster_cells_all_touched,mapped,4,0.425104558467865,0.1792158461175859,0.34409641027450566,1.0,0.75,0.75,0.25
060_090,60,90,RN_ROAD_00527,RN_NODE_00201,RN_NODE_00169,0,RN_ROAD_00527,RN_ROAD_00527,secondary,['Anant Kanhere Path'],51.49587636613036,road_line_intersected_raster_cells_all_touched,mapped,3,0.15507739782333374,0.060082382832964264,0.12774934619665146,1.0,0.3333333333333333,0.3333333333333333,0.0
060_090,60,90,RN_ROAD_00346,RN_NODE_00237,RN_NODE_00236,0,RN_ROAD_00346,RN_ROAD_00346,residential,['Oval Path'],50.88101900609627,road_line_intersected_raster_cells_all_touched,mapped,3,0.002506593707948923,0.0016751312068663538,0.0023831052938476207,1.0,0.0,0.0,0.0
060_090,60,90,RN_ROAD_00349,RN_NODE_00236,RN_NODE_00223,0,RN_ROAD_00349,RN_ROAD_00349,secondary,['Anant Kanhere Path'],22.888554038441548,road_line_intersected_raster_cells_all_touched,mapped,2,0.0156919714063406,0.008790561521891505,0.014311689429450781,1.0,0.0,0.0,0.0
060_090,60,90,RN_ROAD_00350,RN_NODE_00236,RN_NODE_00232,0,RN_ROAD_00350,RN_ROAD_00350,residential,['Oval Path'],51.52542500920623,road_line_intersected_raster_cells_all_touched,mapped,3,0.00933793280273676,0.005355282259794573,0.008438098710030317,1.0,0.0,0.0,0.0
060_090,60,90,RN_ROAD_00361,RN_NODE_00236,RN_NODE_00274,0,RN_ROAD_00361,RN_ROAD_00361,secondary,['Anant Kanhere Path'],153.02556378227789,road_line_intersected_raster_cells_all_touched,mapped,6,0.020999714732170105,0.008449410379398614,0.01728792628273368,1.0,0.16666666666666666,0.0,0.0
060_090,60,90,RN_ROAD_00351,RN_NODE_00232,RN_NODE_00231,0,RN_ROAD_00351,RN_ROAD_00351,residential,['Oval Path'],9.606205677849413,road_line_intersected_raster_cells_all_touched,mapped,1,0.00933793280273676,0.00933793280273676,0.00933793280273676,1.0,0.0,0.0,0.0
060_090,60,90,RN_ROAD_00384,RN_NODE_00232,RN_NODE_00275,0,RN_ROAD_00384,RN_ROAD_00384,residential,['Navi Peth'],166.71370209157016,road_line_intersected_raster_cells_all_touched,mapped,6,0.015151351690292358,0.01092625199817121,0.01365386787801981,1.0,0.0,0.0,0.0
060_090,60,90,RN_ROAD_00352,RN_NODE_00231,RN_NODE_00217,0,RN_ROAD_00352,RN_ROAD_00352,residential,,31.320340411873552,road_line_intersected_raster_cells_all_touched,mapped,2,0.00933793280273676,0.008591474033892155,0.009188641048967838,1.0,0.0,0.0,0.0
060_090,60,90,RN_ROAD_00353,RN_NODE_00231,RN_NODE_00233,0,RN_ROAD_00353,RN_ROAD_00353,residential,['Oval Path'],36.63339705354481,road_line_intersected_raster_cells_all_touched,mapped,2,0.01473958045244217,0.012038756627589464,0.014199415687471628,1.0,0.0,0.0,0.0
060_090,60,90,RN_ROAD_00388,RN_NODE_00233,RN_NODE_00276,0,RN_ROAD_00388,RN_ROAD_00388,residential,['Oval Path'],166.0919306471388,road_line_intersected_raster_cells_all_touched,mapped,6,0.01709997095167637,0.015158340179671844,0.016737069003283978,1.0,0.0,0.0,0.0
060_090,60,90,RN_ROAD_00634,RN_NODE_00233,RN_NODE_00216,0,RN_ROAD_00634,RN_ROAD_00634,residential,,37.77862694551565,road_line_intersected_raster_cells_all_touched,mapped,3,0.01473958045244217,0.009251521434634924,0.013124079909175634,1.0,0.0,0.0,0.0
060_090,60,90,RN_ROAD_00360,RN_NODE_00274,RN_NODE_00283,0,RN_ROAD_00360,RN_ROAD_00360,secondary,['Anant Kanhere Path'],30.835908769960856,road_line_intersected_raster_cells_all_touched,mapped,2,0.02270081825554371,0.021850266493856907,0.022530707903206347,1.0,1.0,0.0,0.0
060_090,60,90,RN_ROAD_00362,RN_NODE_00274,RN_NODE_00275,0,RN_ROAD_00362,RN_ROAD_00362,residential,['Sant Tukaram Maharaj Road'],46.125753014015864,road_line_intersected_raster_cells_all_touched,mapped,3,0.020999714732170105,0.01452492798368136,0.019231048598885535,1.0,0.3333333333333333,0.0,0.0
060_090,60,90,RN_ROAD_00358,RN_NODE_00296,RN_NODE_00292,0,RN_ROAD_00358,RN_ROAD_00358,secondary,['Anant Kanhere Path'],22.11040559802123,road_line_intersected_raster_cells_all_touched,mapped,2,0.052499137818813324,0.03599394112825394,0.04919809848070145,1.0,0.5,0.0,0.0
060_090,60,90,RN_ROAD_00363,RN_NODE_00296,RN_NODE_00295,0,RN_ROAD_00363,RN_ROAD_00363,residential,,76.73583658315671,road_line_intersected_raster_cells_all_touched,mapped,4,0.06792594492435455,0.04854863928630948,0.06329790279269219,1.0,1.0,0.0,0.0
060_090,60,90,RN_ROAD_00372,RN_NODE_00296,RN_NODE_00303,0,RN_ROAD_00372,RN_ROAD_00372,secondary,['Anant Kanhere Path'],22.97638368976205,road_line_intersected_raster_cells_all_touched,mapped,2,0.054607219994068146,0.053553178906440735,0.05439641177654266,1.0,1.0,0.0,0.0
060_090,60,90,RN_ROAD_00359,RN_NODE_00292,RN_NODE_00283,0,RN_ROAD_00359,RN_ROAD_00359,secondary,['Anant Kanhere Path'],26.186261774119217,road_line_intersected_raster_cells_all_touched,mapped,2,0.02270081825554371,0.02109478134661913,0.022379610873758792,1.0,0.5,0.0,0.0
060_090,60,90,RN_ROAD_00385,RN_NODE_00292,RN_NODE_00291,0,RN_ROAD_00385,RN_ROAD_00385,residential,['Bapu Eliya Ranbhise Path'],114.74911845768395,road_line_intersected_raster_cells_all_touched,mapped,5,0.055184751749038696,0.023682060092687605,0.041865475475788116,1.0,0.4,0.0,0.0
060_090,60,90,RN_ROAD_00386,RN_NODE_00283,RN_NODE_00282,0,RN_ROAD_00386,RN_ROAD_00386,residential,,113.75327527325297,road_line_intersected_raster_cells_all_touched,mapped,5,0.02719126269221306,0.019958762265741826,0.026785507798194885,1.0,0.6,0.0,0.0
060_090,60,90,RN_ROAD_00387,RN_NODE_00275,RN_NODE_00276,0,RN_ROAD_00387,RN_ROAD_00387,residential,['Sant Tukaram Maharaj Road'],46.58922877272555,road_line_intersected_raster_cells_all_touched,mapped,2,0.01469348929822445,0.013424936681985855,0.01443977877497673,1.0,0.0,0.0,0.0
060_090,60,90,RN_ROAD_00368,RN_NODE_00354,RN_NODE_00341,0,RN_ROAD_00368,RN_ROAD_00368,secondary,['Anant Kanhere Path'],31.22431018041233,road_line_intersected_raster_cells_all_touched,mapped,2,0.02864128164947033,0.02131812134757638,0.02717664958909154,1.0,0.5,0.0,0.0
060_090,60,90,RN_ROAD_00425,RN_NODE_00354,RN_NODE_00365,0,RN_ROAD_00425,RN_ROAD_00425,secondary,['Anant Kanhere Path'],46.78394768455451,road_line_intersected_raster_cells_all_touched,mapped,2,0.03053426183760166,0.022264611441642046,0.02888033175840974,1.0,0.5,0.0,0.0
060_090,60,90,RN_ROAD_00428,RN_NODE_00354,RN_NODE_00355,0,RN_ROAD_00428,RN_ROAD_00428,residential,,44.76295201103551,road_line_intersected_raster_cells_all_touched,mapped,2,0.029446516185998917,0.021720738615840673,0.027901360671967267,1.0,0.5,0.0,0.0
060_090,60,90,RN_ROAD_00370,RN_NODE_00308,RN_NODE_00318,0,RN_ROAD_00370,RN_ROAD_00370,secondary,['Anant Kanhere Path'],43.97002413105344,road_line_intersected_raster_cells_all_touched,mapped,2,0.06451170891523361,0.05955946445465088,0.06352126002311706,1.0,1.0,0.0,0.0
060_090,60,90,RN_ROAD_00371,RN_NODE_00308,RN_NODE_00303,0,RN_ROAD_00371,RN_ROAD_00371,secondary,['Anant Kanhere Path'],5.852343388251984,road_line_intersected_raster_cells_all_touched,mapped,1,0.054607219994068146,0.054607219994068146,0.054607219994068146,1.0,1.0,0.0,0.0
060_090,60,90,RN_ROAD_00369,RN_NODE_00341,RN_NODE_00318,0,RN_ROAD_00369,RN_ROAD_00369,secondary,['Anant Kanhere Path'],37.55108276168134,road_line_intersected_raster_cells_all_touched,mapped,3,0.06451170891523361,0.04444273126622041,0.05964440777897835,1.0,1.0,0.0,0.0
060_090,60,90,RN_ROAD_00373,RN_NODE_00341,RN_NODE_00343,0,RN_ROAD_00373,RN_ROAD_00373,residential,,57.62190011561909,road_line_intersected_raster_cells_all_touched,mapped,3,0.04786287993192673,0.031553104519844055,0.04401856027543545,1.0,0.6666666666666666,0.0,0.0
060_090,60,90,RN_ROAD_00375,RN_NODE_00318,RN_NODE_00320,0,RN_ROAD_00375,RN_ROAD_00375,residential,['Dattatrey Malvadkar Path'],103.95219945977442,road_line_intersected_raster_cells_all_touched,mapped,4,0.06451170891523361,0.039690292440354824,0.06067015752196312,1.0,0.75,0.0,0.0
060_090,60,90,RN_ROAD_00374,RN_NODE_00303,RN_NODE_00302,0,RN_ROAD_00374,RN_ROAD_00374,residential,['Bala Raut Path'],100.86042901901577,road_line_intersected_raster_cells_all_touched,mapped,4,0.056594837456941605,0.04710714612156153,0.05599855221807957,1.0,1.0,0.0,0.0
060_090,60,90,RN_ROAD_00377,RN_NODE_00302,RN_NODE_00320,0,RN_ROAD_00377,RN_ROAD_00377,residential,,54.41554678839753,road_line_intersected_raster_cells_all_touched,mapped,2,0.03327590599656105,0.024342824704945087,0.031489289738237856,1.0,0.5,0.0,0.0
060_090,60,90,RN_ROAD_00378,RN_NODE_00302,RN_NODE_00301,0,RN_ROAD_00378,RN_ROAD_00378,residential,['Bala Raut Path'],17.25889386682857,road_line_intersected_raster_cells_all_touched,mapped,2,0.03327590599656105,0.02725669927895069,0.03207206465303898,1.0,1.0,0.0,0.0
060_090,60,90,RN_ROAD_00379,RN_NODE_00320,RN_NODE_00325,0,RN_ROAD_00379,RN_ROAD_00379,residential,['Dattatrey Malvadkar Path'],64.52860259913493,road_line_intersected_raster_cells_all_touched,mapped,4,0.015409743413329124,0.01266460563056171,0.015210496075451375,1.0,0.0,0.0,0.0
060_090,60,90,RN_ROAD_00376,RN_NODE_00352,RN_NODE_00355,0,RN_ROAD_00376,RN_ROAD_00376,residential,,33.30389947901987,road_line_intersected_raster_cells_all_touched,mapped,2,0.029446516185998917,0.026996737346053123,0.028956560418009758,1.0,1.0,0.0,0.0
060_090,60,90,RN_ROAD_00432,RN_NODE_00355,RN_NODE_00363,0,RN_ROAD_00432,RN_ROAD_00432,residential,,44.58497188028427,road_line_intersected_raster_cells_all_touched,mapped,2,0.029446516185998917,0.02353887539356947,0.028264988027513028,1.0,0.5,0.0,0.0
060_090,60,90,RN_ROAD_00380,RN_NODE_00301,RN_NODE_00300,0,RN_ROAD_00380,RN_ROAD_00380,residential,['Bala Raut Path'],50.21898246564194,road_line_intersected_raster_cells_all_touched,mapped,3,0.021237492561340332,0.010332897227878371,0.018221705313771965,1.0,0.3333333333333333,0.0,0.0
060_090,60,90,RN_ROAD_00392,RN_NODE_00301,RN_NODE_00291,0,RN_ROAD_00392,RN_ROAD_00392,residential,,44.18831364726318,road_line_intersected_raster_cells_all_touched,mapped,3,0.021237492561340332,0.015504697027305761,0.020500913634896277,1.0,0.3333333333333333,0.0,0.0
060_090,60,90,RN_ROAD_00381,RN_NODE_00325,RN_NODE_00300,0,RN_ROAD_00381,RN_ROAD_00381,residential,,61.35590635660984,road_line_intersected_raster_cells_all_touched,mapped,4,0.013721848838031292,0.008931548974942416,0.01327823856845498,1.0,0.0,0.0,0.0
060_090,60,90,RN_ROAD_00382,RN_NODE_00325,RN_NODE_00322,0,RN_ROAD_00382,RN_ROAD_00382,residential,['Dattatrey Malvadkar Path'],12.588276999794445,road_line_intersected_raster_cells_all_touched,mapped,2,0.012243147939443588,0.008243856485933065,0.011443289648741483,1.0,0.0,0.0,0.0
060_090,60,90,RN_ROAD_00625,RN_NODE_00300,RN_NODE_00299,0,RN_ROAD_00625,RN_ROAD_00625,residential,['Bala Raut Path'],169.33262027577143,road_line_intersected_raster_cells_all_touched,mapped,7,0.059414397925138474,0.02067941550298461,0.03814301975071431,1.0,0.2857142857142857,0.0,0.0
060_090,60,90,RN_ROAD_00383,RN_NODE_00322,RN_NODE_00324,0,RN_ROAD_00383,RN_ROAD_00383,residential,['Dattatrey Malvadkar Path'],34.971618717144,road_line_intersected_raster_cells_all_touched,mapped,2,0.007793098222464323,0.006018831627443433,0.007438244903460145,1.0,0.0,0.0,0.0
060_090,60,90,RN_ROAD_00469,RN_NODE_00322,RN_NODE_00393,0,RN_ROAD_00469,RN_ROAD_00469,residential,['M. K. Hardikar Path'],188.1514134905197,road_line_intersected_raster_cells_all_touched,mapped,7,0.0245320126414299,0.007963018026202917,0.015443539619445806,1.0,0.14285714285714285,0.0,0.0
060_090,60,90,RN_ROAD_00472,RN_NODE_00324,RN_NODE_00390,0,RN_ROAD_00472,RN_ROAD_00472,residential,['Nanasaheb Shendkar Path'],180.15976327610346,road_line_intersected_raster_cells_all_touched,mapped,7,0.02198418602347374,0.012054752292377608,0.017351995967328553,1.0,0.14285714285714285,0.0,0.0
060_090,60,90,RN_ROAD_00624,RN_NODE_00324,RN_NODE_00323,0,RN_ROAD_00624,RN_ROAD_00624,residential,['Dattatrey Malvadkar Path'],15.360988617277298,road_line_intersected_raster_cells_all_touched,mapped,2,0.007793098222464323,0.0062747981864959,0.007489438215270638,1.0,0.0,0.0,0.0
060_090,60,90,RN_ROAD_00390,RN_NODE_00291,RN_NODE_00282,0,RN_ROAD_00390,RN_ROAD_00390,residential,,26.172660671500964,road_line_intersected_raster_cells_all_touched,mapped,2,0.00772200059145689,0.006480705924332142,0.0074737416580319405,1.0,0.0,0.0,0.0
060_090,60,90,RN_ROAD_00393,RN_NODE_00291,RN_NODE_00285,0,RN_ROAD_00393,RN_ROAD_00393,residential,,220.02800234651528,road_line_intersected_raster_cells_all_touched,mapped,8,0.032606784254312515,0.01370950587443076,0.027555729635059832,1.0,0.375,0.0,0.0
060_090,60,90,RN_ROAD_00391,RN_NODE_00282,RN_NODE_00277,0,RN_ROAD_00391,RN_ROAD_00391,residential,,29.66736049448955,road_line_intersected_raster_cells_all_touched,mapped,2,0.010346481576561928,0.007792946416884661,0.009835774544626474,1.0,0.0,0.0,0.0
060_090,60,90,RN_ROAD_00389,RN_NODE_00276,RN_NODE_00277,0,RN_ROAD_00389,RN_ROAD_00389,residential,['Sant Tukaram Maharaj Road'],19.87504316425158,road_line_intersected_raster_cells_all_touched,mapped,2,0.01469348929822445,0.012519985437393188,0.014258788526058197,1.0,0.0,0.0,0.0
060_090,60,90,RN_ROAD_00622,RN_NODE_00277,RN_NODE_00285,0,RN_ROAD_00622,RN_ROAD_00622,residential,['Sant Tukaram Maharaj Road'],265.5831756601439,road_line_intersected_raster_cells_all_touched,mapped,10,0.032606784254312515,0.015027180570177734,0.02587685529142618,1.0,0.2,0.0,0.0
060_090,60,90,RN_ROAD_00623,RN_NODE_00285,RN_NODE_00299,0,RN_ROAD_00623,RN_ROAD_00623,residential,,46.43267755042668,road_line_intersected_raster_cells_all_touched,mapped,2,0.059414397925138474,0.046010591089725494,0.056733636558055876,1.0,1.0,0.0,0.0
060_090,60,90,RN_ROAD_00399,RN_NODE_00419,RN_NODE_00417,0,RN_ROAD_00399,RN_ROAD_00399,primary,['Lalbahadur Shashtri Marg'],37.048235669761226,road_line_intersected_raster_cells_all_touched,mapped,2,0.06267429143190384,0.04911060258746147,0.059961553663015366,1.0,1.0,0.0,0.0
060_090,60,90,RN_ROAD_00402,RN_NODE_00420,RN_NODE_00439,0,RN_ROAD_00402,RN_ROAD_00402,residential,['Pradeep Deshpande Path'],45.670575313635425,road_line_intersected_raster_cells_all_touched,mapped,3,0.06267429143190384,0.03427408014734586,0.05535954311490059,1.0,0.6666666666666666,0.0,0.0
060_090,60,90,RN_ROAD_00436,RN_NODE_00420,RN_NODE_00413,0,RN_ROAD_00436,RN_ROAD_00436,primary,['Lalbahadur Shashtri Marg'],84.37336997027148,road_line_intersected_raster_cells_all_touched,mapped,4,0.06267429143190384,0.03207138832658529,0.05185642279684544,1.0,0.75,0.0,0.0
060_090,60,90,RN_ROAD_00434,RN_NODE_00439,RN_NODE_00454,0,RN_ROAD_00434,RN_ROAD_00434,residential,['Pradeep Deshpande Path'],45.17923150069771,road_line_intersected_raster_cells_all_touched,mapped,3,0.014047399163246155,0.009613306106378635,0.012851040251553059,1.0,0.0,0.0,0.0
060_090,60,90,RN_ROAD_00439,RN_NODE_00439,RN_NODE_00426,0,RN_ROAD_00439,RN_ROAD_00439,residential,,127.12545991830288,road_line_intersected_raster_cells_all_touched,mapped,6,0.035017453134059906,0.022636537129680317,0.03325536847114563,1.0,0.5,0.0,0.0
060_090,60,90,RN_ROAD_00400,RN_NODE_00417,RN_NODE_00409,0,RN_ROAD_00400,RN_ROAD_00400,residential,,29.52819449223829,road_line_intersected_raster_cells_all_touched,mapped,3,0.06267429143190384,0.032757531851530075,0.054042576998472217,1.0,0.3333333333333333,0.0,0.0
060_090,60,90,RN_ROAD_00401,RN_NODE_00417,RN_NODE_00415,0,RN_ROAD_00401,RN_ROAD_00401,primary,['Lalbahadur Shashtri Marg'],21.926627960400815,road_line_intersected_raster_cells_all_touched,mapped,1,0.06267429143190384,0.06267429143190384,0.06267429143190384,1.0,1.0,0.0,0.0
060_090,60,90,RN_ROAD_00403,RN_NODE_00415,RN_NODE_00408,0,RN_ROAD_00403,RN_ROAD_00403,residential,,32.51968597027993,road_line_intersected_raster_cells_all_touched,mapped,2,0.06267429143190384,0.039378438144922256,0.058015120774507524,1.0,0.5,0.0,0.0
060_090,60,90,RN_ROAD_00435,RN_NODE_00415,RN_NODE_00412,0,RN_ROAD_00435,RN_ROAD_00435,primary,['Lalbahadur Shashtri Marg'],42.87310654856027,road_line_intersected_raster_cells_all_touched,mapped,4,0.06267429143190384,0.03941279463469982,0.05833464376628399,1.0,1.0,0.0,0.0
060_090,60,90,RN_ROAD_00406,RN_NODE_00494,RN_NODE_00493,0,RN_ROAD_00406,RN_ROAD_00406,residential,,29.8624998855163,road_line_intersected_raster_cells_all_touched,mapped,2,0.01954558677971363,0.018538227304816246,0.019344114884734153,1.0,0.0,0.0,0.0
060_090,60,90,RN_ROAD_00411,RN_NODE_00493,RN_NODE_00506,0,RN_ROAD_00411,RN_ROAD_00411,tertiary,['Madhavrao Peshve Marg'],81.29225901791045,road_line_intersected_raster_cells_all_touched,mapped,5,0.01954558677971363,0.00538743800134398,0.0136255806311965,1.0,0.0,0.0,0.0
060_090,60,90,RN_ROAD_00413,RN_NODE_00512,RN_NODE_00506,0,RN_ROAD_00413,RN_ROAD_00413,tertiary,['Madhavrao Peshve Marg'],32.75289325275549,road_line_intersected_raster_cells_all_touched,mapped,2,0.0003995619190391153,0.0003199804195901379,0.0003836456191493198,1.0,0.0,0.0,0.0
060_090,60,90,RN_ROAD_00444,RN_NODE_00512,RN_NODE_00520,0,RN_ROAD_00444,RN_ROAD_00444,tertiary,['Madhavrao Peshve Marg'],5.836942469150605,road_line_intersected_raster_cells_all_touched,mapped,1,0.0002403989201411605,0.0002403989201411605,0.0002403989201411605,1.0,0.0,0.0,0.0
060_090,60,90,RN_ROAD_00445,RN_NODE_00482,RN_NODE_00483,0,RN_ROAD_00445,RN_ROAD_00445,tertiary,['Baburao Phule Path'],36.95206416045516,road_line_intersected_raster_cells_all_touched,mapped,2,0.001697748783044517,0.001256551215192303,0.0016095092694740742,1.0,0.0,0.0,0.0
060_090,60,90,RN_ROAD_00450,RN_NODE_00506,RN_NODE_00504,0,RN_ROAD_00450,RN_ROAD_00450,residential,['Dake Road'],119.32477565561615,road_line_intersected_raster_cells_all_touched,mapped,4,0.00048147080815397203,0.00023564906405226793,0.000456898141419515,0.75,0.0,0.0,0.0
060_090,60,90,RN_ROAD_00440,RN_NODE_00454,RN_NODE_00444,0,RN_ROAD_00440,RN_ROAD_00440,residential,,116.7417009508058,road_line_intersected_raster_cells_all_touched,mapped,5,0.01864733174443245,0.00860559456050396,0.014084507152438166,1.0,0.0,0.0,0.0
060_090,60,90,RN_ROAD_00446,RN_NODE_00454,RN_NODE_00473,0,RN_ROAD_00446,RN_ROAD_00446,residential,['Pradeep Deshpande Path'],59.204013992992756,road_line_intersected_raster_cells_all_touched,mapped,3,0.0067269145511090755,0.0025963642789671817,0.005593967298045755,0.6666666666666666,0.0,0.0,0.0
060_090,60,90,RN_ROAD_00416,RN_NODE_00369,RN_NODE_00368,0,RN_ROAD_00416,RN_ROAD_00416,residential,,46.71954841931958,road_line_intersected_raster_cells_all_touched,mapped,2,0.008983135223388672,0.0051309168338775635,0.00821269154548645,1.0,0.0,0.0,0.0
060_090,60,90,RN_ROAD_00421,RN_NODE_00368,RN_NODE_00388,0,RN_ROAD_00421,RN_ROAD_00421,residential,,63.604879904668465,road_line_intersected_raster_cells_all_touched,mapped,5,0.011045602150261402,0.007302726153284311,0.01022061537951231,1.0,0.0,0.0,0.0
060_090,60,90,RN_ROAD_00419,RN_NODE_00389,RN_NODE_00388,0,RN_ROAD_00419,RN_ROAD_00419,residential,,9.46226028981026,road_line_intersected_raster_cells_all_touched,mapped,2,0.013414178974926472,0.008296669228002429,0.012390677025541664,1.0,0.0,0.0,0.0
060_090,60,90,RN_ROAD_00420,RN_NODE_00389,RN_NODE_00406,0,RN_ROAD_00420,RN_ROAD_00420,residential,,37.35535506606383,road_line_intersected_raster_cells_all_touched,mapped,3,0.019515719264745712,0.016337494365870953,0.018829092383384705,1.0,0.0,0.0,0.0
060_090,60,90,RN_ROAD_00422,RN_NODE_00388,RN_NODE_00386,0,RN_ROAD_00422,RN_ROAD_00422,residential,,41.858169417278205,road_line_intersected_raster_cells_all_touched,mapped,3,0.01247312966734171,0.0088992970995605,0.012187624163925648,1.0,0.0,0.0,0.0
060_090,60,90,RN_ROAD_00423,RN_NODE_00386,RN_NODE_00372,0,RN_ROAD_00423,RN_ROAD_00423,residential,,39.76098143899691,road_line_intersected_raster_cells_all_touched,mapped,2,0.01247312966734171,0.010341867804527283,0.012046877294778824,1.0,0.0,0.0,0.0
060_090,60,90,RN_ROAD_00424,RN_NODE_00386,RN_NODE_00382,0,RN_ROAD_00424,RN_ROAD_00424,residential,,36.68756445483834,road_line_intersected_raster_cells_all_touched,mapped,2,0.03932270035147667,0.02589791500940919,0.03663774328306317,1.0,0.5,0.0,0.0
060_090,60,90,RN_ROAD_00426,RN_NODE_00382,RN_NODE_00365,0,RN_ROAD_00426,RN_ROAD_00426,secondary,['Anant Kanhere Path'],52.09119030933215,road_line_intersected_raster_cells_all_touched,mapped,3,0.04275132343173027,0.0375360952069362,0.04206559881567955,1.0,1.0,0.0,0.0
060_090,60,90,RN_ROAD_00427,RN_NODE_00382,RN_NODE_00392,0,RN_ROAD_00427,RN_ROAD_00427,secondary,['Anant Kanhere Path'],29.14387282663369,road_line_intersected_raster_cells_all_touched,mapped,2,0.03932270035147667,0.02820063754916191,0.03709828779101372,1.0,0.5,0.0,0.0
060_090,60,90,RN_ROAD_00430,RN_NODE_00365,RN_NODE_00363,0,RN_ROAD_00430,RN_ROAD_00430,residential,,42.26531024380577,road_line_intersected_raster_cells_all_touched,mapped,2,0.03053426183760166,0.024082748219370842,0.029243959113955498,1.0,0.5,0.0,0.0
060_090,60,90,RN_ROAD_00429,RN_NODE_00392,RN_NODE_00410,0,RN_ROAD_00429,RN_ROAD_00429,secondary,['Anant Kanhere Path'],43.015859018720306,road_line_intersected_raster_cells_all_touched,mapped,3,0.03141383081674576,0.022475109125177067,0.028917649015784263,1.0,0.3333333333333333,0.0,0.0
060_090,60,90,RN_ROAD_00431,RN_NODE_00392,RN_NODE_00379,0,RN_ROAD_00431,RN_ROAD_00431,residential,,67.47958640276215,road_line_intersected_raster_cells_all_touched,mapped,5,0.018932921811938286,0.015331711247563362,0.018191182985901833,1.0,0.0,0.0,0.0
060_090,60,90,RN_ROAD_00438,RN_NODE_00410,RN_NODE_00412,0,RN_ROAD_00438,RN_ROAD_00438,primary,['Lalbahadur Shashtri Marg'],28.276852390253246,road_line_intersected_raster_cells_all_touched,mapped,2,0.048208799213171005,0.03981131501495838,0.04652930237352848,1.0,1.0,0.0,0.0
060_090,60,90,RN_ROAD_00441,RN_NODE_00410,RN_NODE_00413,0,RN_ROAD_00441,RN_ROAD_00441,secondary,['Anant Kanhere Path'],10.832316891595964,road_line_intersected_raster_cells_all_touched,mapped,2,0.03141383081674576,0.025128502398729324,0.03015676513314247,1.0,0.5,0.0,0.0
060_090,60,90,RN_ROAD_00442,RN_NODE_00410,RN_NODE_00407,0,RN_ROAD_00442,RN_ROAD_00442,primary,['Lalbahadur Shashtri Marg'],36.96143514401809,road_line_intersected_raster_cells_all_touched,mapped,2,0.038066886365413666,0.03474035859107971,0.037401580810546876,1.0,1.0,0.0,0.0
060_090,60,90,RN_ROAD_00433,RN_NODE_00363,RN_NODE_00379,0,RN_ROAD_00433,RN_ROAD_00433,residential,,48.569567192436125,road_line_intersected_raster_cells_all_touched,mapped,3,0.03154286742210388,0.02199674832324187,0.02876054085791111,1.0,0.3333333333333333,0.0,0.0
060_090,60,90,RN_ROAD_00465,RN_NODE_00379,RN_NODE_00378,0,RN_ROAD_00465,RN_ROAD_00465,residential,,28.477795101738316,road_line_intersected_raster_cells_all_touched,mapped,2,0.016816142946481705,0.013272561598569155,0.016107426676899194,1.0,0.0,0.0,0.0
060_090,60,90,RN_ROAD_00437,RN_NODE_00412,RN_NODE_00401,0,RN_ROAD_00437,RN_ROAD_00437,residential,,30.235439957684452,road_line_intersected_raster_cells_all_touched,mapped,2,0.048208799213171005,0.04389787279069424,0.04734661392867565,1.0,1.0,0.0,0.0
060_090,60,90,RN_ROAD_00443,RN_NODE_00413,RN_NODE_00411,0,RN_ROAD_00443,RN_ROAD_00443,primary,['Lalbahadur Shashtri Marg'],37.66370862797395,road_line_intersected_raster_cells_all_touched,mapped,3,0.038066886365413666,0.02944129705429077,0.03673627525568009,1.0,0.6666666666666666,0.0,0.0
060_090,60,90,RN_ROAD_00455,RN_NODE_00426,RN_NODE_00411,0,RN_ROAD_00455,RN_ROAD_00455,residential,['Madanlal Dangi Path'],47.704587631400855,road_line_intersected_raster_cells_all_touched,mapped,3,0.038066886365413666,0.021194472908973694,0.033065968006849286,1.0,0.3333333333333333,0.0,0.0
060_090,60,90,RN_ROAD_00456,RN_NODE_00426,RN_NODE_00444,0,RN_ROAD_00456,RN_ROAD_00456,residential,['Madanlal Dangi Path'],45.50539702809692,road_line_intersected_raster_cells_all_touched,mapped,2,0.012454237788915634,0.009813900804147124,0.011926170391961931,1.0,0.0,0.0,0.0
060_090,60,90,RN_ROAD_00458,RN_NODE_00426,RN_NODE_00416,0,RN_ROAD_00458,RN_ROAD_00458,residential,,82.27627804726039,road_line_intersected_raster_cells_all_touched,mapped,5,0.02451987937092781,0.012074025021865964,0.021061991900205614,1.0,0.2,0.0,0.0
060_090,60,90,RN_ROAD_00453,RN_NODE_00444,RN_NODE_00467,0,RN_ROAD_00453,RN_ROAD_00453,residential,['Madanlal Dangi Path'],85.03726839063847,road_line_intersected_raster_cells_all_touched,mapped,5,0.007173563819378614,0.0022988146694842724,0.005600095260888338,0.8,0.0,0.0,0.0
060_090,60,90,RN_ROAD_00459,RN_NODE_00444,RN_NODE_00436,0,RN_ROAD_00459,RN_ROAD_00459,residential,,86.17395499310577,road_line_intersected_raster_cells_all_touched,mapped,4,0.007173563819378614,0.0031304086005548015,0.005822235275991261,1.0,0.0,0.0,0.0
060_090,60,90,RN_ROAD_00454,RN_NODE_00407,RN_NODE_00411,0,RN_ROAD_00454,RN_ROAD_00454,residential,,11.035372286912024,road_line_intersected_raster_cells_all_touched,mapped,1,0.038066886365413666,0.038066886365413666,0.038066886365413666,1.0,1.0,0.0,0.0
060_090,60,90,RN_ROAD_00464,RN_NODE_00407,RN_NODE_00405,0,RN_ROAD_00464,RN_ROAD_00464,residential,,5.901275599726542,road_line_intersected_raster_cells_all_touched,mapped,1,0.038066886365413666,0.038066886365413666,0.038066886365413666,1.0,1.0,0.0,0.0
060_090,60,90,RN_ROAD_00466,RN_NODE_00407,RN_NODE_00400,0,RN_ROAD_00466,RN_ROAD_00466,primary,['Lalbahadur Shashtri Marg'],55.290121821909146,road_line_intersected_raster_cells_all_touched,mapped,4,0.06061841547489166,0.04826801270246506,0.059470409899950026,1.0,1.0,0.0,0.0
060_090,60,90,RN_ROAD_00457,RN_NODE_00411,RN_NODE_00402,0,RN_ROAD_00457,RN_ROAD_00457,primary,['Lalbahadur Shashtri Marg'],87.68406882970186,road_line_intersected_raster_cells_all_touched,mapped,4,0.06061841547489166,0.03696427121758461,0.05385295674204827,1.0,0.75,0.0,0.0
060_090,60,90,RN_ROAD_00447,RN_NODE_00483,RN_NODE_00473,0,RN_ROAD_00447,RN_ROAD_00447,residential,['Pradeep Deshpande Path'],76.54612951029117,road_line_intersected_raster_cells_all_touched,mapped,4,0.0008153536473400891,0.00021107921111251926,0.0005794365122710589,0.5,0.0,0.0,0.0
060_090,60,90,RN_ROAD_00448,RN_NODE_00483,RN_NODE_00481,0,RN_ROAD_00448,RN_ROAD_00448,tertiary,['Baburao Phule Path'],46.54619336879503,road_line_intersected_raster_cells_all_touched,mapped,4,0.0008153536473400891,0.0003610552230384201,0.0007594077265821398,0.5,0.0,0.0,0.0
060_090,60,90,RN_ROAD_00451,RN_NODE_00473,RN_NODE_00467,0,RN_ROAD_00451,RN_ROAD_00451,residential,['R. D. Khaniwale Path'],121.62995956819663,road_line_intersected_raster_cells_all_touched,mapped,7,0.0,0.0,0.0,0.0,0.0,0.0,0.0
060_090,60,90,RN_ROAD_00449,RN_NODE_00481,RN_NODE_00477,0,RN_ROAD_00449,RN_ROAD_00449,residential,,28.661201723806187,road_line_intersected_raster_cells_all_touched,mapped,2,0.0,0.0,0.0,0.0,0.0,0.0,0.0
060_090,60,90,RN_ROAD_00452,RN_NODE_00481,RN_NODE_00479,0,RN_ROAD_00452,RN_ROAD_00452,tertiary,['Baburao Phule Path'],74.58997696108264,road_line_intersected_raster_cells_all_touched,mapped,3,0.0,0.0,0.0,0.0,0.0,0.0,0.0
060_090,60,90,RN_ROAD_00474,RN_NODE_00467,RN_NODE_00479,0,RN_ROAD_00474,RN_ROAD_00474,residential,['Madanlal Dangi Path'],50.36408338670827,road_line_intersected_raster_cells_all_touched,mapped,3,0.0,0.0,0.0,0.0,0.0,0.0,0.0
060_090,60,90,RN_ROAD_00475,RN_NODE_00479,RN_NODE_00478,0,RN_ROAD_00475,RN_ROAD_00475,tertiary,['Baburao Phule Path'],68.19172798126247,road_line_intersected_raster_cells_all_touched,mapped,3,0.0,0.0,0.0,0.0,0.0,0.0,0.0
060_090,60,90,RN_ROAD_00460,RN_NODE_00402,RN_NODE_00416,0,RN_ROAD_00460,RN_ROAD_00460,residential,['Vishwasrao Himmatbahaddar Chavan Path'],45.69150205960466,road_line_intersected_raster_cells_all_touched,mapped,2,0.011576764285564423,0.007843385450541973,0.010830088518559933,1.0,0.0,0.0,0.0
060_090,60,90,RN_ROAD_00471,RN_NODE_00402,RN_NODE_00387,0,RN_ROAD_00471,RN_ROAD_00471,primary,['Lalbahadur Shashtri Marg'],135.2528321927307,road_line_intersected_raster_cells_all_touched,mapped,7,0.03207024559378624,0.01941834277074252,0.030942275002598763,1.0,0.42857142857142855,0.0,0.0
060_090,60,90,RN_ROAD_00461,RN_NODE_00416,RN_NODE_00423,0,RN_ROAD_00461,RN_ROAD_00461,residential,['Vishwasrao Himmatbahaddar Chavan Path'],19.96035429863072,road_line_intersected_raster_cells_all_touched,mapped,2,0.004110006615519524,0.002911316987592727,0.003870268689934164,1.0,0.0,0.0,0.0
060_090,60,90,RN_ROAD_00462,RN_NODE_00436,RN_NODE_00423,0,RN_ROAD_00462,RN_ROAD_00462,residential,['Vishwasrao Himmatbahaddar Chavan Path'],23.589763046897893,road_line_intersected_raster_cells_all_touched,mapped,2,0.0017126273596659303,0.0013252907956484705,0.0016351600468624383,1.0,0.0,0.0,0.0
060_090,60,90,RN_ROAD_00463,RN_NODE_00436,RN_NODE_00461,0,RN_ROAD_00463,RN_ROAD_00463,residential,['Vishwasrao Himmatbahaddar Chavan Path'],71.26018059149224,road_line_intersected_raster_cells_all_touched,mapped,3,0.0009379542316310108,0.0005630419473163784,0.0009005977073684335,0.6666666666666666,0.0,0.0,0.0
060_090,60,90,RN_ROAD_00484,RN_NODE_00423,RN_NODE_00421,0,RN_ROAD_00484,RN_ROAD_00484,residential,['Vishwanath Mahadev Phule Path'],133.9052562918176,road_line_intersected_raster_cells_all_touched,mapped,7,0.006812235806137323,0.003145183893918459,0.005755873769521714,1.0,0.0,0.0,0.0
060_090,60,90,RN_ROAD_00476,RN_NODE_00461,RN_NODE_00478,0,RN_ROAD_00476,RN_ROAD_00476,residential,['Vishwasrao Himmatbahaddar Chavan Path'],81.7819111117199,road_line_intersected_raster_cells_all_touched,mapped,4,0.0034331411588937044,0.0008582852897234261,0.0024031988112255937,0.25,0.0,0.0,0.0
060_090,60,90,RN_ROAD_00477,RN_NODE_00461,RN_NODE_00460,0,RN_ROAD_00477,RN_ROAD_00477,residential,,22.929729575729656,road_line_intersected_raster_cells_all_touched,mapped,2,0.005186048801988363,0.0025930244009941816,0.004667443921789527,0.5,0.0,0.0,0.0
060_090,60,90,RN_ROAD_00467,RN_NODE_00400,RN_NODE_00344,0,RN_ROAD_00467,RN_ROAD_00467,living_street,,164.3411147314753,road_line_intersected_raster_cells_all_touched,mapped,7,0.05679173022508621,0.019140347971447876,0.034379211813211456,1.0,0.14285714285714285,0.0,0.0
060_090,60,90,RN_ROAD_00468,RN_NODE_00400,RN_NODE_00393,0,RN_ROAD_00468,RN_ROAD_00468,primary,['Lalbahadur Shashtri Marg'],81.2642520848542,road_line_intersected_raster_cells_all_touched,mapped,3,0.05679173022508621,0.03779799615343412,0.05184743329882622,1.0,1.0,0.0,0.0
060_090,60,90,RN_ROAD_00470,RN_NODE_00393,RN_NODE_00390,0,RN_ROAD_00470,RN_ROAD_00470,primary,['Lalbahadur Shashtri Marg'],30.03376256075307,road_line_intersected_raster_cells_all_touched,mapped,2,0.0245320126414299,0.019397940952330828,0.023505198303610086,1.0,0.5,0.0,0.0
060_090,60,90,RN_ROAD_00473,RN_NODE_00390,RN_NODE_00383,0,RN_ROAD_00473,RN_ROAD_00473,primary,['Lalbahadur Shashtri Marg'],64.96917422512529,road_line_intersected_raster_cells_all_touched,mapped,4,0.030190294608473778,0.017737905378453434,0.026995916664600373,1.0,0.25,0.0,0.0
060_090,60,90,RN_ROAD_00486,RN_NODE_00387,RN_NODE_00421,0,RN_ROAD_00486,RN_ROAD_00486,residential,['Vishwanath Mahadev Phule Path'],89.00137413042468,road_line_intersected_raster_cells_all_touched,mapped,5,0.030190294608473778,0.015161390230059624,0.02540121115744114,1.0,0.2,0.0,0.0
060_090,60,90,RN_ROAD_00597,RN_NODE_00387,RN_NODE_00383,0,RN_ROAD_00597,RN_ROAD_00597,residential,['Vishwanath Mahadev Phule Path'],13.132554076222565,road_line_intersected_raster_cells_all_touched,mapped,1,0.030190294608473778,0.030190294608473778,0.030190294608473778,1.0,1.0,0.0,0.0
060_090,60,90,RN_ROAD_00598,RN_NODE_00387,RN_NODE_00380,0,RN_ROAD_00598,RN_ROAD_00598,primary,['Lalbahadur Shashtri Marg'],95.89038736893353,road_line_intersected_raster_cells_all_touched,mapped,4,0.07224506139755249,0.04813605872914195,0.06613916903734207,1.0,1.0,0.0,0.0
060_090,60,90,RN_ROAD_00596,RN_NODE_00383,RN_NODE_00342,0,RN_ROAD_00596,RN_ROAD_00596,residential,,134.566479891982,road_line_intersected_raster_cells_all_touched,mapped,5,0.030190294608473778,0.008328174287453294,0.019914064183831216,1.0,0.2,0.0,0.0
060_090,60,90,RN_ROAD_00599,RN_NODE_00383,RN_NODE_00375,0,RN_ROAD_00599,RN_ROAD_00599,primary,['Lalbahadur Shashtri Marg'],87.97317194069409,road_line_intersected_raster_cells_all_touched,mapped,5,0.07224506139755249,0.04818415157496929,0.0641038715839386,1.0,1.0,0.0,0.0
060_090,60,90,RN_ROAD_00478,RN_NODE_00478,RN_NODE_00476,0,RN_ROAD_00478,RN_ROAD_00478,tertiary,['Baburao Phule Path'],82.40688144646668,road_line_intersected_raster_cells_all_touched,mapped,5,0.05497019365429878,0.013638973189517855,0.0355775697156787,0.8,0.2,0.0,0.0
060_090,60,90,RN_ROAD_00479,RN_NODE_00476,RN_NODE_00466,0,RN_ROAD_00479,RN_ROAD_00479,residential,,43.009772517146956,road_line_intersected_raster_cells_all_touched,mapped,2,0.05497019365429878,0.04012855142354965,0.05200186520814896,1.0,1.0,0.0,0.0
060_090,60,90,RN_ROAD_00480,RN_NODE_00476,RN_NODE_00475,0,RN_ROAD_00480,RN_ROAD_00480,tertiary,['Baburao Phule Path'],57.324997418681235,road_line_intersected_raster_cells_all_touched,mapped,3,0.30928999185562134,0.184977438300848,0.28556641936302185,1.0,1.0,0.6666666666666666,0.3333333333333333
060_090,60,90,RN_ROAD_00483,RN_NODE_00475,RN_NODE_00470,0,RN_ROAD_00483,RN_ROAD_00483,residential,['Vishwanath Mahadev Phule Path'],21.353698598834608,road_line_intersected_raster_cells_all_touched,mapped,2,0.30928999185562134,0.19343911856412888,0.2861198171973228,1.0,1.0,0.5,0.5
060_090,60,90,RN_ROAD_00594,RN_NODE_00475,RN_NODE_00474,0,RN_ROAD_00594,RN_ROAD_00594,tertiary,['Baburao Phule Path'],28.69165843571568,road_line_intersected_raster_cells_all_touched,mapped,1,0.30928999185562134,0.30928999185562134,0.30928999185562134,1.0,1.0,1.0,1.0
060_090,60,90,RN_ROAD_00481,RN_NODE_00471,RN_NODE_00470,0,RN_ROAD_00481,RN_ROAD_00481,residential,,34.541271597331985,road_line_intersected_raster_cells_all_touched,mapped,2,0.07758824527263641,0.0772930234670639,0.0775292009115219,1.0,1.0,0.0,0.0
060_090,60,90,RN_ROAD_00482,RN_NODE_00470,RN_NODE_00458,0,RN_ROAD_00482,RN_ROAD_00482,residential,['Vishwanath Mahadev Phule Path'],41.428757139059755,road_line_intersected_raster_cells_all_touched,mapped,2,0.07758824527263641,0.05517919920384884,0.0731064360588789,1.0,1.0,0.0,0.0
060_090,60,90,RN_ROAD_00489,RN_NODE_00458,RN_NODE_00445,0,RN_ROAD_00489,RN_ROAD_00489,residential,['Vishwanath Mahadev Phule Path'],43.372933928021475,road_line_intersected_raster_cells_all_touched,mapped,3,0.032770153135061264,0.022691805846989155,0.03052438497543335,1.0,0.6666666666666666,0.0,0.0
060_090,60,90,RN_ROAD_00491,RN_NODE_00458,RN_NODE_00457,0,RN_ROAD_00491,RN_ROAD_00491,residential,['Vishwanath Mahadev Phule Path'],47.16485696932285,road_line_intersected_raster_cells_all_touched,mapped,3,0.11834297329187393,0.07169640685121219,0.10746959745883942,1.0,1.0,0.3333333333333333,0.0
060_090,60,90,RN_ROAD_00487,RN_NODE_00421,RN_NODE_00442,0,RN_ROAD_00487,RN_ROAD_00487,residential,['Vishwanath Mahadev Phule Path'],51.35203397291668,road_line_intersected_raster_cells_all_touched,mapped,3,0.013763952068984509,0.010638830407212177,0.013279222324490548,1.0,0.0,0.0,0.0
060_090,60,90,RN_ROAD_00490,RN_NODE_00421,RN_NODE_00418,0,RN_ROAD_00490,RN_ROAD_00490,residential,,46.14214901544006,road_line_intersected_raster_cells_all_touched,mapped,2,0.006812235806137323,0.005322802695445716,0.006514349183999002,1.0,0.0,0.0,0.0
060_090,60,90,RN_ROAD_00485,RN_NODE_00446,RN_NODE_00445,0,RN_ROAD_00485,RN_ROAD_00485,residential,,36.19906931731336,road_line_intersected_raster_cells_all_touched,mapped,2,0.013763952068984509,0.009739443426951766,0.01295905034057796,1.0,0.0,0.0,0.0
060_090,60,90,RN_ROAD_00488,RN_NODE_00445,RN_NODE_00442,0,RN_ROAD_00488,RN_ROAD_00488,residential,['Vishwanath Mahadev Phule Path'],5.936139407664445,road_line_intersected_raster_cells_all_touched,mapped,1,0.013763952068984509,0.013763952068984509,0.013763952068984509,1.0,0.0,0.0,0.0
060_090,60,90,RN_ROAD_00492,RN_NODE_00442,RN_NODE_00440,0,RN_ROAD_00492,RN_ROAD_00492,residential,,58.178094656387266,road_line_intersected_raster_cells_all_touched,mapped,3,0.013763952068984509,0.011628519433240095,0.013296635076403617,1.0,0.0,0.0,0.0
060_090,60,90,RN_ROAD_00493,RN_NODE_00455,RN_NODE_00453,0,RN_ROAD_00493,RN_ROAD_00493,residential,,30.918971372978657,road_line_intersected_raster_cells_all_touched,mapped,2,0.03348527476191521,0.0291145546361804,0.032611130736768246,1.0,1.0,0.0,0.0
060_090,60,90,RN_ROAD_00494,RN_NODE_00012,RN_NODE_00006,0,RN_ROAD_00494,RN_ROAD_00494,tertiary,['Gulwani Maharaj Path'],42.8285125913505,road_line_intersected_raster_cells_all_touched,mapped,3,0.008154426701366901,0.006545846350491047,0.008069153781980276,1.0,0.0,0.0,0.0
060_090,60,90,RN_ROAD_00496,RN_NODE_00012,RN_NODE_00011,0,RN_ROAD_00496,RN_ROAD_00496,residential,['Shramasafalya Society Road'],6.988515553938803,road_line_intersected_raster_cells_all_touched,mapped,2,0.011702446267008781,0.007728748256340623,0.01090770666487515,1.0,0.0,0.0,0.0
060_090,60,90,RN_ROAD_00500,RN_NODE_00012,RN_NODE_00017,0,RN_ROAD_00500,RN_ROAD_00500,tertiary,['Gulwani Maharaj Path'],42.45967987531039,road_line_intersected_raster_cells_all_touched,mapped,3,0.015219972468912601,0.010225822993864616,0.014516467228531837,1.0,0.0,0.0,0.0
060_090,60,90,RN_ROAD_00495,RN_NODE_00005,RN_NODE_00011,0,RN_ROAD_00495,RN_ROAD_00495,tertiary,['Gulwani Maharaj Path'],38.274991653769185,road_line_intersected_raster_cells_all_touched,mapped,3,0.011702446267008781,0.0077285195390383405,0.01090756943449378,1.0,0.0,0.0,0.0
060_090,60,90,RN_ROAD_00501,RN_NODE_00011,RN_NODE_00016,0,RN_ROAD_00501,RN_ROAD_00501,tertiary,['Gulwani Maharaj Path'],43.8042330338447,road_line_intersected_raster_cells_all_touched,mapped,3,0.04454158619046211,0.023821334975461166,0.03867726344615221,1.0,0.3333333333333333,0.0,0.0
060_090,60,90,RN_ROAD_00508,RN_NODE_00011,RN_NODE_00010,0,RN_ROAD_00508,RN_ROAD_00508,residential,['Shramasafalya Society Road'],86.54621941414499,road_line_intersected_raster_cells_all_touched,mapped,3,0.026748880743980408,0.01585040707141161,0.023739593848586083,1.0,0.3333333333333333,0.0,0.0
060_090,60,90,RN_ROAD_00499,RN_NODE_00036,RN_NODE_00039,0,RN_ROAD_00499,RN_ROAD_00499,residential,,22.301565943594664,road_line_intersected_raster_cells_all_touched,mapped,3,0.07328090816736221,0.05030340452988943,0.06701090633869171,1.0,1.0,0.0,0.0
060_090,60,90,RN_ROAD_00505,RN_NODE_00036,RN_NODE_00023,0,RN_ROAD_00505,RN_ROAD_00505,residential,,54.02351430842665,road_line_intersected_raster_cells_all_touched,mapped,3,0.13016819953918457,0.10154542078574498,0.12437199056148529,1.0,1.0,0.6666666666666666,0.0
060_090,60,90,RN_ROAD_00509,RN_NODE_00036,RN_NODE_00034,0,RN_ROAD_00509,RN_ROAD_00509,residential,,110.59063402340144,road_line_intersected_raster_cells_all_touched,mapped,5,0.10199975222349167,0.07067171111702919,0.09572588950395584,1.0,1.0,0.2,0.0
060_090,60,90,RN_ROAD_00504,RN_NODE_00017,RN_NODE_00016,0,RN_ROAD_00504,RN_ROAD_00504,tertiary,['Imambhai Shekh Path'],7.192496022473638,road_line_intersected_raster_cells_all_touched,mapped,2,0.04454158619046211,0.029880779329687357,0.041609424818307164,1.0,0.5,0.0,0.0
060_090,60,90,RN_ROAD_00506,RN_NODE_00017,RN_NODE_00020,0,RN_ROAD_00506,RN_ROAD_00506,tertiary,['Gulwani Maharaj Path'],32.841819270007306,road_line_intersected_raster_cells_all_touched,mapped,3,0.10118715465068817,0.0536495711033543,0.08985804095864296,1.0,0.6666666666666666,0.3333333333333333,0.0
060_090,60,90,RN_ROAD_00507,RN_NODE_00016,RN_NODE_00019,0,RN_ROAD_00507,RN_ROAD_00507,tertiary,['Gulwani Maharaj Path'],31.00075468075208,road_line_intersected_raster_cells_all_touched,mapped,2,0.10118715465068817,0.07286437042057514,0.09552259780466557,1.0,1.0,0.5,0.0
060_090,60,90,RN_ROAD_00503,RN_NODE_00004,RN_NODE_00003,0,RN_ROAD_00503,RN_ROAD_00503,residential,,32.28406437020715,road_line_intersected_raster_cells_all_touched,mapped,2,0.02709040604531765,0.01683191047050059,0.02503870693035424,1.0,0.5,0.0,0.0
060_090,60,90,RN_ROAD_00511,RN_NODE_00023,RN_NODE_00020,0,RN_ROAD_00511,RN_ROAD_00511,tertiary,['Gulwani Maharaj Path'],7.242539992536353,road_line_intersected_raster_cells_all_touched,mapped,1,0.10118715465068817,0.10118715465068817,0.10118715465068817,1.0,1.0,1.0,0.0
060_090,60,90,RN_ROAD_00513,RN_NODE_00023,RN_NODE_00021,0,RN_ROAD_00513,RN_ROAD_00513,residential,,6.983165191134959,road_line_intersected_raster_cells_all_touched,mapped,1,0.10118715465068817,0.10118715465068817,0.10118715465068817,1.0,1.0,1.0,0.0
060_090,60,90,RN_ROAD_00514,RN_NODE_00023,RN_NODE_00034,0,RN_ROAD_00514,RN_ROAD_00514,tertiary,['Gulwani Maharaj Path'],34.96737715662887,road_line_intersected_raster_cells_all_touched,mapped,3,0.10118715465068817,0.061774954199790955,0.09091610386967659,1.0,1.0,0.3333333333333333,0.0
060_090,60,90,RN_ROAD_00510,RN_NODE_00020,RN_NODE_00019,0,RN_ROAD_00510,RN_ROAD_00510,residential,,6.983467125765223,road_line_intersected_raster_cells_all_touched,mapped,1,0.10118715465068817,0.10118715465068817,0.10118715465068817,1.0,1.0,1.0,0.0
060_090,60,90,RN_ROAD_00512,RN_NODE_00019,RN_NODE_00021,0,RN_ROAD_00512,RN_ROAD_00512,tertiary,['Gulwani Maharaj Path'],7.227252123885603,road_line_intersected_raster_cells_all_touched,mapped,1,0.10118715465068817,0.10118715465068817,0.10118715465068817,1.0,1.0,1.0,0.0
060_090,60,90,RN_ROAD_00517,RN_NODE_00019,RN_NODE_00018,0,RN_ROAD_00517,RN_ROAD_00517,residential,,64.14110905468871,road_line_intersected_raster_cells_all_touched,mapped,4,0.10118715465068817,0.05017027864232659,0.08419348411262037,1.0,1.0,0.25,0.0
060_090,60,90,RN_ROAD_00516,RN_NODE_00034,RN_NODE_00027,0,RN_ROAD_00516,RN_ROAD_00516,residential,,7.010767954611743,road_line_intersected_raster_cells_all_touched,mapped,1,0.049831900745630264,0.049831900745630264,0.049831900745630264,1.0,1.0,0.0,0.0
060_090,60,90,RN_ROAD_00518,RN_NODE_00034,RN_NODE_00057,0,RN_ROAD_00518,RN_ROAD_00518,tertiary,['Gulwani Maharaj Path'],137.5377317476224,road_line_intersected_raster_cells_all_touched,mapped,7,0.06961427628993988,0.037283778589751036,0.06913507282733918,1.0,0.7142857142857143,0.0,0.0
060_090,60,90,RN_ROAD_00515,RN_NODE_00021,RN_NODE_00027,0,RN_ROAD_00515,RN_ROAD_00515,tertiary,['Gulwani Maharaj Path'],34.40198774129008,road_line_intersected_raster_cells_all_touched,mapped,3,0.10118715465068817,0.061774954199790955,0.09091610386967659,1.0,1.0,0.3333333333333333,0.0
060_090,60,90,RN_ROAD_00519,RN_NODE_00027,RN_NODE_00055,0,RN_ROAD_00519,RN_ROAD_00519,tertiary,['Gulwani Maharaj Path'],139.24373942661734,road_line_intersected_raster_cells_all_touched,mapped,7,0.06961427628993988,0.04339726721601827,0.06913507282733918,1.0,0.8571428571428571,0.0,0.0
060_090,60,90,RN_ROAD_00521,RN_NODE_00057,RN_NODE_00055,0,RN_ROAD_00521,RN_ROAD_00521,residential,,6.9826804461109715,road_line_intersected_raster_cells_all_touched,mapped,1,0.015905393287539482,0.015905393287539482,0.015905393287539482,1.0,0.0,0.0,0.0
060_090,60,90,RN_ROAD_00554,RN_NODE_00057,RN_NODE_00063,0,RN_ROAD_00554,RN_ROAD_00554,tertiary,['Gulwani Maharaj Path'],61.83276020804142,road_line_intersected_raster_cells_all_touched,mapped,4,0.025937579572200775,0.01810706837568432,0.025385456904768944,1.0,0.5,0.0,0.0
060_090,60,90,RN_ROAD_00522,RN_NODE_00055,RN_NODE_00009,0,RN_ROAD_00522,RN_ROAD_00522,residential,,202.98961960729056,road_line_intersected_raster_cells_all_touched,mapped,8,0.057323042303323746,0.03817503689788282,0.05682118460536003,1.0,0.75,0.0,0.0
060_090,60,90,RN_ROAD_00555,RN_NODE_00055,RN_NODE_00062,0,RN_ROAD_00555,RN_ROAD_00555,tertiary,['Gulwani Maharaj Path'],63.005569179776785,road_line_intersected_raster_cells_all_touched,mapped,4,0.025937579572200775,0.022717395331710577,0.025635137036442757,1.0,0.75,0.0,0.0
060_090,60,90,RN_ROAD_00520,RN_NODE_00009,RN_NODE_00002,0,RN_ROAD_00520,RN_ROAD_00520,residential,,41.31404716190531,road_line_intersected_raster_cells_all_touched,mapped,1,0.010151542723178864,0.010151542723178864,0.010151542723178864,1.0,0.0,0.0,0.0
060_090,60,90,RN_ROAD_00523,RN_NODE_00009,RN_NODE_00008,0,RN_ROAD_00523,RN_ROAD_00523,residential,,12.441899887466713,road_line_intersected_raster_cells_all_touched,mapped,2,0.010151542723178864,0.006509110564365983,0.009423056291416288,1.0,0.0,0.0,0.0
060_090,60,90,RN_ROAD_00556,RN_NODE_00008,RN_NODE_00001,0,RN_ROAD_00556,RN_ROAD_00556,residential,,43.988610861901286,road_line_intersected_raster_cells_all_touched,mapped,2,0.0028666784055531025,0.0017768019170034677,0.0026487031078431754,1.0,0.0,0.0,0.0
060_090,60,90,RN_ROAD_00557,RN_NODE_00008,RN_NODE_00013,0,RN_ROAD_00557,RN_ROAD_00557,residential,,83.46063841947745,road_line_intersected_raster_cells_all_touched,mapped,4,0.0028666784055531025,0.0013378483054111712,0.0024696605163626374,1.0,0.0,0.0,0.0
060_090,60,90,RN_ROAD_00528,RN_NODE_00169,RN_NODE_00170,0,RN_ROAD_00528,RN_ROAD_00528,residential,,26.96845598273519,road_line_intersected_raster_cells_all_touched,mapped,2,0.006732610985636711,0.0055926647037267685,0.006504621729254723,1.0,0.0,0.0,0.0
060_090,60,90,RN_ROAD_00530,RN_NODE_00159,RN_NODE_00182,0,RN_ROAD_00530,RN_ROAD_00530,residential,,49.242204549989836,road_line_intersected_raster_cells_all_touched,mapped,2,0.02023746632039547,0.012728811241686344,0.018735735304653646,1.0,0.5,0.0,0.0
060_090,60,90,RN_ROAD_00531,RN_NODE_00159,RN_NODE_00131,0,RN_ROAD_00531,RN_ROAD_00531,residential,,71.74036240348227,road_line_intersected_raster_cells_all_touched,mapped,4,0.005220156162977219,0.0034000627347268164,0.005055027082562447,1.0,0.0,0.0,0.0
060_090,60,90,RN_ROAD_00532,RN_NODE_00159,RN_NODE_00160,0,RN_ROAD_00532,RN_ROAD_00532,residential,,44.15789584900035,road_line_intersected_raster_cells_all_touched,mapped,2,0.005735269747674465,0.005477712955325842,0.00568375838920474,1.0,0.0,0.0,0.0
060_090,60,90,RN_ROAD_00533,RN_NODE_00160,RN_NODE_00181,0,RN_ROAD_00533,RN_ROAD_00533,residential,,46.16862330443982,road_line_intersected_raster_cells_all_touched,mapped,2,0.013589350506663322,0.009662310127168894,0.012803942430764437,1.0,0.0,0.0,0.0
060_090,60,90,RN_ROAD_00544,RN_NODE_00160,RN_NODE_00133,0,RN_ROAD_00544,RN_ROAD_00544,residential,,70.15361406693266,road_line_intersected_raster_cells_all_touched,mapped,4,0.005735269747674465,0.0037250787136144936,0.005647478951141238,1.0,0.0,0.0,0.0
060_090,60,90,RN_ROAD_00545,RN_NODE_00160,RN_NODE_00161,0,RN_ROAD_00545,RN_ROAD_00545,residential,,41.14857876089963,road_line_intersected_raster_cells_all_touched,mapped,3,0.008247267454862595,0.005257451518749197,0.007744867913424968,1.0,0.0,0.0,0.0
060_090,60,90,RN_ROAD_00534,RN_NODE_00089,RN_NODE_00085,0,RN_ROAD_00534,RN_ROAD_00534,residential,,27.759811584576703,road_line_intersected_raster_cells_all_touched,mapped,2,0.0027414141222834587,0.001780604652594775,0.002549252228345722,1.0,0.0,0.0,0.0
060_090,60,90,RN_ROAD_00538,RN_NODE_00085,RN_NODE_00093,0,RN_ROAD_00538,RN_ROAD_00538,residential,,25.9033233881176,road_line_intersected_raster_cells_all_touched,mapped,2,0.009821847081184387,0.005320821132045239,0.008921641891356557,1.0,0.0,0.0,0.0
060_090,60,90,RN_ROAD_00542,RN_NODE_00064,RN_NODE_00063,0,RN_ROAD_00542,RN_ROAD_00542,tertiary,['Gulwani Maharaj Path'],13.296628666610653,road_line_intersected_raster_cells_all_touched,mapped,2,0.025937579572200775,0.016632070066407323,0.024076477671042085,1.0,0.5,0.0,0.0
060_090,60,90,RN_ROAD_00558,RN_NODE_00064,RN_NODE_00060,0,RN_ROAD_00558,RN_ROAD_00558,secondary,['Amrutrao Khilare Path'],139.93713144357974,road_line_intersected_raster_cells_all_touched,mapped,7,0.06581714004278183,0.02834019750090582,0.05957251936197281,1.0,0.42857142857142855,0.0,0.0
060_090,60,90,RN_ROAD_00564,RN_NODE_00064,RN_NODE_00062,0,RN_ROAD_00564,RN_ROAD_00564,tertiary,['Gulwani Maharaj Path'],15.765751341295015,road_line_intersected_raster_cells_all_touched,mapped,2,0.025937579572200775,0.016632070066407323,0.024076477671042085,1.0,0.5,0.0,0.0
060_090,60,90,RN_ROAD_00565,RN_NODE_00064,RN_NODE_00065,0,RN_ROAD_00565,RN_ROAD_00565,residential,,35.965093906912095,road_line_intersected_raster_cells_all_touched,mapped,2,0.007326560560613871,0.004653036477975547,0.006791855744086206,1.0,0.0,0.0,0.0
060_090,60,90,RN_ROAD_00540,RN_NODE_00072,RN_NODE_00077,0,RN_ROAD_00540,RN_ROAD_00540,residential,,73.58795605910393,road_line_intersected_raster_cells_all_touched,mapped,4,0.01280269492417574,0.007464397000148892,0.011625296529382469,1.0,0.0,0.0,0.0
060_090,60,90,RN_ROAD_00541,RN_NODE_00072,RN_NODE_00073,0,RN_ROAD_00541,RN_ROAD_00541,residential,['Gangaram Dhanvat Path'],31.66509960770544,road_line_intersected_raster_cells_all_touched,mapped,2,0.004391471389681101,0.0026834995951503515,0.004049877030774951,1.0,0.0,0.0,0.0
060_090,60,90,RN_ROAD_00543,RN_NODE_00063,RN_NODE_00062,0,RN_ROAD_00543,RN_ROAD_00543,secondary,['Amrutrao Khilare Path'],5.440303004341488,road_line_intersected_raster_cells_all_touched,mapped,1,0.025937579572200775,0.025937579572200775,0.025937579572200775,1.0,1.0,0.0,0.0
060_090,60,90,RN_ROAD_00567,RN_NODE_00077,RN_NODE_00080,0,RN_ROAD_00567,RN_ROAD_00567,residential,,101.71214144917526,road_line_intersected_raster_cells_all_touched,mapped,5,0.021445801481604576,0.011848770547658205,0.018577951192855834,1.0,0.2,0.0,0.0
060_090,60,90,RN_ROAD_00569,RN_NODE_00077,RN_NODE_00075,0,RN_ROAD_00569,RN_ROAD_00569,residential,,112.99827839520864,road_line_intersected_raster_cells_all_touched,mapped,6,0.010804268531501293,0.007176206059133013,0.009180475259199739,1.0,0.0,0.0,0.0
060_090,60,90,RN_ROAD_00566,RN_NODE_00073,RN_NODE_00065,0,RN_ROAD_00566,RN_ROAD_00566,residential,,88.39093749500239,road_line_intersected_raster_cells_all_touched,mapped,3,0.004391471389681101,0.0032062089691559472,0.004162705736234784,1.0,0.0,0.0,0.0
060_090,60,90,RN_ROAD_00570,RN_NODE_00073,RN_NODE_00074,0,RN_ROAD_00570,RN_ROAD_00570,residential,['Gangaram Dhanvat Path'],85.39203546796787,road_line_intersected_raster_cells_all_touched,mapped,4,0.015161396935582161,0.00805976300034672,0.012728554569184782,1.0,0.0,0.0,0.0
060_090,60,90,RN_ROAD_00568,RN_NODE_00062,RN_NODE_00061,0,RN_ROAD_00568,RN_ROAD_00568,secondary,['Amrutrao Khilare Path'],70.52753780674752,road_line_intersected_raster_cells_all_touched,mapped,4,0.05540943890810013,0.03029336128383875,0.04656788110733033,1.0,0.75,0.0,0.0
060_090,60,90,RN_ROAD_00546,RN_NODE_00161,RN_NODE_00135,0,RN_ROAD_00546,RN_ROAD_00546,residential,,58.21174425169593,road_line_intersected_raster_cells_all_touched,mapped,3,0.0017898173537105322,0.0010853697701046865,0.001616474147886038,1.0,0.0,0.0,0.0
060_090,60,90,RN_ROAD_00547,RN_NODE_00161,RN_NODE_00184,0,RN_ROAD_00547,RN_ROAD_00547,residential,,59.52396858604021,road_line_intersected_raster_cells_all_touched,mapped,5,0.01677798479795456,0.009031773777678609,0.015239379182457925,1.0,0.0,0.0,0.0
060_090,60,90,RN_ROAD_00548,RN_NODE_00161,RN_NODE_00162,0,RN_ROAD_00548,RN_ROAD_00548,residential,,43.52759274574052,road_line_intersected_raster_cells_all_touched,mapped,2,0.0017898173537105322,0.0014362033689394593,0.0017190945567563177,1.0,0.0,0.0,0.0
060_090,60,90,RN_ROAD_00549,RN_NODE_00162,RN_NODE_00192,0,RN_ROAD_00549,RN_ROAD_00549,residential,,64.37362164101229,road_line_intersected_raster_cells_all_touched,mapped,3,0.009851615875959396,0.004516308195888996,0.008404236566275359,1.0,0.0,0.0,0.0
060_090,60,90,RN_ROAD_00550,RN_NODE_00162,RN_NODE_00143,0,RN_ROAD_00550,RN_ROAD_00550,residential,,40.817344900923175,road_line_intersected_raster_cells_all_touched,mapped,3,0.0010825893841683865,0.0005331129650585353,0.0009216601320076734,1.0,0.0,0.0,0.0
060_090,60,90,RN_ROAD_00551,RN_NODE_00162,RN_NODE_00163,0,RN_ROAD_00551,RN_ROAD_00551,residential,,41.39157416787474,road_line_intersected_raster_cells_all_touched,mapped,2,0.0010825893841683865,0.00100411637686193,0.0010668947827070952,1.0,0.0,0.0,0.0
060_090,60,90,RN_ROAD_00552,RN_NODE_00163,RN_NODE_00148,0,RN_ROAD_00552,RN_ROAD_00552,residential,,29.88852414830567,road_line_intersected_raster_cells_all_touched,mapped,2,0.001123063382692635,0.0010243533761240542,0.0011033213813789189,1.0,0.0,0.0,0.0
060_090,60,90,RN_ROAD_00553,RN_NODE_00163,RN_NODE_00196,0,RN_ROAD_00553,RN_ROAD_00553,residential,,67.04065348407521,road_line_intersected_raster_cells_all_touched,mapped,3,0.0046273497864604,0.002261101578672727,0.003947942145168782,1.0,0.0,0.0,0.0
060_090,60,90,RN_ROAD_00609,RN_NODE_00163,RN_NODE_00189,0,RN_ROAD_00609,RN_ROAD_00609,residential,,102.89476584709024,road_line_intersected_raster_cells_all_touched,mapped,5,0.006364823319017887,0.002285900712013245,0.004541206173598766,1.0,0.0,0.0,0.0
060_090,60,90,RN_ROAD_00563,RN_NODE_00060,RN_NODE_00056,0,RN_ROAD_00563,RN_ROAD_00563,secondary,['Keshavrao Sadoba Padale Chowk'],13.515402583682846,road_line_intersected_raster_cells_all_touched,mapped,2,0.019280634820461273,0.014708227943629026,0.018366153445094825,1.0,0.0,0.0,0.0
060_090,60,90,RN_ROAD_00576,RN_NODE_00060,RN_NODE_00059,0,RN_ROAD_00576,RN_ROAD_00576,secondary,['Keshavrao Sadoba Padale Chowk'],5.39808589718017,road_line_intersected_raster_cells_all_touched,mapped,1,0.01013582106679678,0.01013582106679678,0.01013582106679678,1.0,0.0,0.0,0.0
060_090,60,90,RN_ROAD_00559,RN_NODE_00014,RN_NODE_00061,0,RN_ROAD_00559,RN_ROAD_00559,residential,['Theerthankar Vasupujya Swami Marg'],207.24278569203318,road_line_intersected_raster_cells_all_touched,mapped,8,0.016772940754890442,0.004470294319617096,0.007704405440017579,1.0,0.0,0.0,0.0
060_090,60,90,RN_ROAD_00560,RN_NODE_00061,RN_NODE_00056,0,RN_ROAD_00560,RN_ROAD_00560,secondary,['Amrutrao Khilare Path'],61.492190964871924,road_line_intersected_raster_cells_all_touched,mapped,4,0.019280634820461273,0.015792824560776353,0.018591014854609966,1.0,0.0,0.0,0.0
060_090,60,90,RN_ROAD_00562,RN_NODE_00056,RN_NODE_00054,0,RN_ROAD_00562,RN_ROAD_00562,secondary,['Keshavrao Sadoba Padale Chowk'],5.410139302658532,road_line_intersected_raster_cells_all_touched,mapped,1,0.019280634820461273,0.019280634820461273,0.019280634820461273,1.0,0.0,0.0,0.0
060_090,60,90,RN_ROAD_00561,RN_NODE_00031,RN_NODE_00046,0,RN_ROAD_00561,RN_ROAD_00561,residential,['Shankarrao Joshi Path'],60.005988546510665,road_line_intersected_raster_cells_all_touched,mapped,3,0.002257588552311063,0.0014081984797182183,0.0020426258211955427,1.0,0.0,0.0,0.0
060_090,60,90,RN_ROAD_00577,RN_NODE_00031,RN_NODE_00028,0,RN_ROAD_00577,RN_ROAD_00577,residential,['Shankarrao Joshi Path'],0.5795982088234387,road_line_intersected_raster_cells_all_touched,mapped,1,0.0011827748967334628,0.0011827748967334628,0.0011827748967334628,1.0,0.0,0.0,0.0
060_090,60,90,RN_ROAD_00580,RN_NODE_00031,RN_NODE_00030,0,RN_ROAD_00580,RN_ROAD_00580,residential,,0.3967736106851837,road_line_intersected_raster_cells_all_touched,mapped,1,0.0011827748967334628,0.0011827748967334628,0.0011827748967334628,1.0,0.0,0.0,0.0
060_090,60,90,RN_ROAD_00574,RN_NODE_00046,RN_NODE_00054,0,RN_ROAD_00574,RN_ROAD_00574,residential,['Shankarrao Joshi Path'],42.881738794034206,road_line_intersected_raster_cells_all_touched,mapped,2,0.019280634820461273,0.010769111686386168,0.01757833019364625,1.0,0.0,0.0,0.0
060_090,60,90,RN_ROAD_00581,RN_NODE_00046,RN_NODE_00044,0,RN_ROAD_00581,RN_ROAD_00581,residential,,36.766391024180386,road_line_intersected_raster_cells_all_touched,mapped,3,0.005689095240086317,0.0030378139733026424,0.005002793902531266,1.0,0.0,0.0,0.0
060_090,60,90,RN_ROAD_00575,RN_NODE_00054,RN_NODE_00053,0,RN_ROAD_00575,RN_ROAD_00575,secondary,['Keshavrao Sadoba Padale Chowk'],5.384491161976374,road_line_intersected_raster_cells_all_touched,mapped,1,0.019280634820461273,0.019280634820461273,0.019280634820461273,1.0,0.0,0.0,0.0
060_090,60,90,RN_ROAD_00571,RN_NODE_00065,RN_NODE_00074,0,RN_ROAD_00571,RN_ROAD_00571,residential,,114.22292169782816,road_line_intersected_raster_cells_all_touched,mapped,6,0.015161396935582161,0.0074052147489661975,0.012161562219262123,1.0,0.0,0.0,0.0
060_090,60,90,RN_ROAD_00572,RN_NODE_00080,RN_NODE_00091,0,RN_ROAD_00572,RN_ROAD_00572,residential,,30.22855226126164,road_line_intersected_raster_cells_all_touched,mapped,2,0.04070299118757248,0.031074396334588528,0.03877727221697569,1.0,1.0,0.0,0.0
060_090,60,90,RN_ROAD_00573,RN_NODE_00080,RN_NODE_00081,0,RN_ROAD_00573,RN_ROAD_00573,residential,,48.659667273090214,road_line_intersected_raster_cells_all_touched,mapped,2,0.021445801481604576,0.016767804976552725,0.020510202180594204,1.0,0.5,0.0,0.0
060_090,60,90,RN_ROAD_00584,RN_NODE_00074,RN_NODE_00087,0,RN_ROAD_00584,RN_ROAD_00584,residential,['Gangaram Dhanvat Path'],150.95288944080505,road_line_intersected_raster_cells_all_touched,mapped,9,0.015161396935582161,0.0035959763513852116,0.008801205083727838,0.8888888888888888,0.0,0.0,0.0
060_090,60,90,RN_ROAD_00578,RN_NODE_00053,RN_NODE_00058,0,RN_ROAD_00578,RN_ROAD_00578,secondary,['Keshavrao Sadoba Padale Chowk'],13.518326852438197,road_line_intersected_raster_cells_all_touched,mapped,2,0.026486705988645554,0.022883670404553413,0.025766098871827126,1.0,0.5,0.0,0.0
060_090,60,90,RN_ROAD_00582,RN_NODE_00053,RN_NODE_00049,0,RN_ROAD_00582,RN_ROAD_00582,secondary,['Amrutrao Khilare Path'],58.77131978587884,road_line_intersected_raster_cells_all_touched,mapped,4,0.026486705988645554,0.014405121095478535,0.02432488463819027,1.0,0.25,0.0,0.0
060_090,60,90,RN_ROAD_00579,RN_NODE_00059,RN_NODE_00058,0,RN_ROAD_00579,RN_ROAD_00579,secondary,['Keshavrao Sadoba Padale Chowk'],5.395050967995674,road_line_intersected_raster_cells_all_touched,mapped,3,0.026486705988645554,0.015849143887559574,0.02337434571236372,1.0,0.3333333333333333,0.0,0.0
060_090,60,90,RN_ROAD_00586,RN_NODE_00059,RN_NODE_00076,0,RN_ROAD_00586,RN_ROAD_00586,tertiary,['Kashibai Amrutrao Khilare Path'],269.4592788008161,road_line_intersected_raster_cells_all_touched,mapped,13,0.010924904607236385,0.0036525292223534333,0.00950691504403949,0.7692307692307693,0.0,0.0,0.0
060_090,60,90,RN_ROAD_00583,RN_NODE_00058,RN_NODE_00052,0,RN_ROAD_00583,RN_ROAD_00583,secondary,['Amrutrao Khilare Path'],61.846162077050124,road_line_intersected_raster_cells_all_touched,mapped,2,0.026486705988645554,0.01776252593845129,0.024741869978606702,1.0,0.5,0.0,0.0
060_090,60,90,RN_ROAD_00585,RN_NODE_00087,RN_NODE_00097,0,RN_ROAD_00585,RN_ROAD_00585,residential,['Patil Regency Internal Road'],84.39089320427311,road_line_intersected_raster_cells_all_touched,mapped,5,1.0811721040226985e-05,2.162344208045397e-06,6.4870326241361915e-06,0.2,0.0,0.0,0.0
060_090,60,90,RN_ROAD_00587,RN_NODE_00087,RN_NODE_00076,0,RN_ROAD_00587,RN_ROAD_00587,residential,['Gangaram Dhanvat Path'],60.675276322509475,road_line_intersected_raster_cells_all_touched,mapped,3,0.00017981570272240788,5.993856757413596e-05,0.0001438525621779263,0.3333333333333333,0.0,0.0,0.0
060_090,60,90,RN_ROAD_00589,RN_NODE_00076,RN_NODE_00094,0,RN_ROAD_00589,RN_ROAD_00589,tertiary,['Kashibai Amrutrao Khilare Path'],87.78838652884335,road_line_intersected_raster_cells_all_touched,mapped,5,0.0,0.0,0.0,0.0,0.0,0.0,0.0
060_090,60,90,RN_ROAD_00593,RN_NODE_00076,RN_NODE_00070,0,RN_ROAD_00593,RN_ROAD_00593,residential,,124.94624191224,road_line_intersected_raster_cells_all_touched,mapped,7,0.0,0.0,0.0,0.0,0.0,0.0,0.0
060_090,60,90,RN_ROAD_00588,RN_NODE_00094,RN_NODE_00100,0,RN_ROAD_00588,RN_ROAD_00588,residential,,81.15438832370462,road_line_intersected_raster_cells_all_touched,mapped,5,0.0,0.0,0.0,0.0,0.0,0.0,0.0
060_090,60,90,RN_ROAD_00590,RN_NODE_00094,RN_NODE_00095,0,RN_ROAD_00590,RN_ROAD_00590,tertiary,['Kashibai Amrutrao Khilare Path'],11.806116707497281,road_line_intersected_raster_cells_all_touched,mapped,1,0.0,0.0,0.0,0.0,0.0,0.0,0.0
060_090,60,90,RN_ROAD_00611,RN_NODE_00095,RN_NODE_00096,0,RN_ROAD_00611,RN_ROAD_00611,tertiary,['Kashibai Amrutrao Khilare Path'],24.306499584060276,road_line_intersected_raster_cells_all_touched,mapped,3,0.0,0.0,0.0,0.0,0.0,0.0,0.0
060_090,60,90,RN_ROAD_00614,RN_NODE_00095,RN_NODE_00084,0,RN_ROAD_00614,RN_ROAD_00614,residential,['Major K. G. Pawar Path'],80.83749221229549,road_line_intersected_raster_cells_all_touched,mapped,4,0.0,0.0,0.0,0.0,0.0,0.0,0.0
060_090,60,90,RN_ROAD_00591,RN_NODE_00108,RN_NODE_00111,0,RN_ROAD_00591,RN_ROAD_00591,residential,,15.249774140478227,road_line_intersected_raster_cells_all_touched,mapped,2,0.0,0.0,0.0,0.0,0.0,0.0,0.0
060_090,60,90,RN_ROAD_00612,RN_NODE_00108,RN_NODE_00099,0,RN_ROAD_00612,RN_ROAD_00612,residential,,58.08767654573444,road_line_intersected_raster_cells_all_touched,mapped,3,0.0,0.0,0.0,0.0,0.0,0.0,0.0
060_090,60,90,RN_ROAD_00615,RN_NODE_00108,RN_NODE_00117,0,RN_ROAD_00615,RN_ROAD_00615,residential,,69.05333066717392,road_line_intersected_raster_cells_all_touched,mapped,4,0.0,0.0,0.0,0.0,0.0,0.0,0.0
060_090,60,90,RN_ROAD_00592,RN_NODE_00096,RN_NODE_00106,0,RN_ROAD_00592,RN_ROAD_00592,residential,,64.25106186309215,road_line_intersected_raster_cells_all_touched,mapped,4,0.0,0.0,0.0,0.0,0.0,0.0,0.0
060_090,60,90,RN_ROAD_00613,RN_NODE_00096,RN_NODE_00099,0,RN_ROAD_00613,RN_ROAD_00613,tertiary,['Kashibai Amrutrao Khilare Path'],20.40269168991895,road_line_intersected_raster_cells_all_touched,mapped,2,0.0,0.0,0.0,0.0,0.0,0.0,0.0
060_090,60,90,RN_ROAD_00595,RN_NODE_00465,RN_NODE_00472,0,RN_ROAD_00595,RN_ROAD_00595,residential,,16.1517627782782,road_line_intersected_raster_cells_all_touched,mapped,1,0.09847567230463028,0.09847567230463028,0.09847567230463028,1.0,1.0,0.0,0.0
060_090,60,90,RN_ROAD_00626,RN_NODE_00342,RN_NODE_00327,0,RN_ROAD_00626,RN_ROAD_00626,residential,,29.773849021989466,road_line_intersected_raster_cells_all_touched,mapped,2,0.005155621096491814,0.004705849336460233,0.0050656667444854975,1.0,0.0,0.0,0.0
060_090,60,90,RN_ROAD_00627,RN_NODE_00342,RN_NODE_00340,0,RN_ROAD_00627,RN_ROAD_00627,residential,,74.11052414354627,road_line_intersected_raster_cells_all_touched,mapped,4,0.03591100126504898,0.012461020931368694,0.027538126241415745,1.0,0.25,0.0,0.0
060_090,60,90,RN_ROAD_00601,RN_NODE_00380,RN_NODE_00375,0,RN_ROAD_00601,RN_ROAD_00601,residential,['Sharad Pandit Path'],10.832138813331897,road_line_intersected_raster_cells_all_touched,mapped,2,0.07224506139755249,0.06031079217791557,0.06985820755362511,1.0,1.0,0.0,0.0
060_090,60,90,RN_ROAD_00602,RN_NODE_00380,RN_NODE_00373,0,RN_ROAD_00602,RN_ROAD_00602,primary,['Lalbahadur Shashtri Marg'],67.62470858029033,road_line_intersected_raster_cells_all_touched,mapped,4,0.1736467480659485,0.1251873131841421,0.16958983540534972,1.0,1.0,0.5,0.0
060_090,60,90,RN_ROAD_00606,RN_NODE_00380,RN_NODE_00452,0,RN_ROAD_00606,RN_ROAD_00606,residential,['Sharad Pandit Path'],196.60592350884028,road_line_intersected_raster_cells_all_touched,mapped,8,0.07224506139755249,0.02892834006343037,0.05150761976838111,1.0,0.5,0.0,0.0
060_090,60,90,RN_ROAD_00600,RN_NODE_00375,RN_NODE_00340,0,RN_ROAD_00600,RN_ROAD_00600,residential,,117.67074755191624,road_line_intersected_raster_cells_all_touched,mapped,4,0.05588950589299202,0.04580244980752468,0.053635611012578015,1.0,1.0,0.0,0.0
060_090,60,90,RN_ROAD_00603,RN_NODE_00375,RN_NODE_00364,0,RN_ROAD_00603,RN_ROAD_00603,primary,['Lalbahadur Shashtri Marg'],113.09060593358764,road_line_intersected_raster_cells_all_touched,mapped,6,0.16012370586395264,0.08817623307307561,0.12812450528144836,1.0,1.0,0.16666666666666666,0.0
060_090,60,90,RN_ROAD_00628,RN_NODE_00340,RN_NODE_00299,0,RN_ROAD_00628,RN_ROAD_00628,residential,,92.93811844487087,road_line_intersected_raster_cells_all_touched,mapped,6,0.07979045808315277,0.03523012747367223,0.06960242800414562,1.0,0.6666666666666666,0.0,0.0
060_090,60,90,RN_ROAD_00605,RN_NODE_00373,RN_NODE_00367,0,RN_ROAD_00605,RN_ROAD_00605,primary,['Lalbahadur Shashtri Marg'],62.30303901072023,road_line_intersected_raster_cells_all_touched,mapped,4,0.16012370586395264,0.08611363172531128,0.14092418551445007,1.0,1.0,0.25,0.0
060_090,60,90,RN_ROAD_00607,RN_NODE_00373,RN_NODE_00431,0,RN_ROAD_00607,RN_ROAD_00607,residential,['Tukaram Buaa Navle Path'],162.4431478561837,road_line_intersected_raster_cells_all_touched,mapped,7,0.16012370586395264,0.04732003315751042,0.11047385782003405,1.0,0.5714285714285714,0.14285714285714285,0.0
060_090,60,90,RN_ROAD_00604,RN_NODE_00364,RN_NODE_00345,0,RN_ROAD_00604,RN_ROAD_00604,residential,['Ashok Balkavade Path'],58.24822493468268,road_line_intersected_raster_cells_all_touched,mapped,3,0.09612530469894409,0.07009521126747131,0.09327836781740188,1.0,1.0,0.0,0.0
060_090,60,90,RN_ROAD_00608,RN_NODE_00364,RN_NODE_00362,0,RN_ROAD_00608,RN_ROAD_00608,primary,['Lalbahadur Shashtri Marg'],19.762200586789664,road_line_intersected_raster_cells_all_touched,mapped,1,0.09612530469894409,0.09612530469894409,0.09612530469894409,1.0,1.0,0.0,0.0
060_090,60,90,RN_ROAD_00630,RN_NODE_00345,RN_NODE_00346,0,RN_ROAD_00630,RN_ROAD_00630,residential,,36.18423993781001,road_line_intersected_raster_cells_all_touched,mapped,3,0.032269708812236786,0.029453869288166363,0.03190111853182316,1.0,1.0,0.0,0.0
060_090,60,90,RN_ROAD_00631,RN_NODE_00345,RN_NODE_00329,0,RN_ROAD_00631,RN_ROAD_00631,residential,['Ashok Balkavade Path'],44.38757753592839,road_line_intersected_raster_cells_all_touched,mapped,3,0.032269708812236786,0.023478696898867685,0.03190111853182316,1.0,0.6666666666666666,0.0,0.0
060_090,60,90,RN_ROAD_00610,RN_NODE_00115,RN_NODE_00116,0,RN_ROAD_00610,RN_ROAD_00610,tertiary,['Kashibai Amrutrao Khilare Path'],3.2633816455871374,road_line_intersected_raster_cells_all_touched,mapped,1,0.0,0.0,0.0,0.0,0.0,0.0,0.0
060_090,60,90,RN_ROAD_00618,RN_NODE_00115,RN_NODE_00102,0,RN_ROAD_00618,RN_ROAD_00618,tertiary,['Kashibai Amrutrao Khilare Path'],62.21208426569458,road_line_intersected_raster_cells_all_touched,mapped,3,0.0,0.0,0.0,0.0,0.0,0.0,0.0
060_090,60,90,RN_ROAD_00621,RN_NODE_00115,RN_NODE_00112,0,RN_ROAD_00621,RN_ROAD_00621,residential,['Dhondumama Sathe Path'],2.1579800510360094,road_line_intersected_raster_cells_all_touched,mapped,1,0.0,0.0,0.0,0.0,0.0,0.0,0.0
060_090,60,90,RN_ROAD_00616,RN_NODE_00099,RN_NODE_00102,0,RN_ROAD_00616,RN_ROAD_00616,tertiary,['Kashibai Amrutrao Khilare Path'],26.666867328266726,road_line_intersected_raster_cells_all_touched,mapped,2,0.0,0.0,0.0,0.0,0.0,0.0,0.0
060_090,60,90,RN_ROAD_00617,RN_NODE_00084,RN_NODE_00078,0,RN_ROAD_00617,RN_ROAD_00617,residential,,32.119561669057084,road_line_intersected_raster_cells_all_touched,mapped,2,0.0,0.0,0.0,0.0,0.0,0.0,0.0
060_090,60,90,RN_ROAD_00619,RN_NODE_00084,RN_NODE_00083,0,RN_ROAD_00619,RN_ROAD_00619,residential,['Major K. G. Pawar Path'],3.6328997085326886,road_line_intersected_raster_cells_all_touched,mapped,2,0.0,0.0,0.0,0.0,0.0,0.0,0.0
060_090,60,90,RN_ROAD_00620,RN_NODE_00102,RN_NODE_00098,0,RN_ROAD_00620,RN_ROAD_00620,residential,,40.54465189522412,road_line_intersected_raster_cells_all_touched,mapped,1,0.0,0.0,0.0,0.0,0.0,0.0,0.0
060_090,60,90,RN_ROAD_00629,RN_NODE_00299,RN_NODE_00304,0,RN_ROAD_00629,RN_ROAD_00629,residential,['Nanasaheb Kale Path'],158.77267008788334,road_line_intersected_raster_cells_all_touched,mapped,7,0.08486683666706085,0.02859685736309205,0.06959537342190744,1.0,0.42857142857142855,0.0,0.0
060_090,60,90,RN_ROAD_00632,RN_NODE_00329,RN_NODE_00316,0,RN_ROAD_00632,RN_ROAD_00632,residential,['Ashok Balkavade Path'],56.395993070836,road_line_intersected_raster_cells_all_touched,mapped,3,0.007739624474197626,0.005198575556278229,0.007093525398522616,1.0,0.0,0.0,0.0
060_090,60,90,RN_ROAD_00633,RN_NODE_00329,RN_NODE_00326,0,RN_ROAD_00633,RN_ROAD_00633,residential,,32.94248645921549,road_line_intersected_raster_cells_all_touched,mapped,2,0.009053802117705345,0.008396713295951486,0.008922384353354573,1.0,0.0,0.0,0.0
060_090,60,90,RN_ROAD_00635,RN_NODE_00180,RN_NODE_00105,0,RN_ROAD_00635,RN_ROAD_00635,tertiary,['Riverside Road'],408.7877077292009,road_line_intersected_raster_cells_all_touched,mapped,19,0.012633705511689186,0.001890380975838543,0.0040501666255295275,0.9473684210526315,0.0,0.0,0.0
090_120,90,120,RN_ROAD_00001,RN_NODE_00183,RN_NODE_00222,0,RN_ROAD_00001,RN_ROAD_00001,primary,['Sinhagad Road'],110.33464311551056,road_line_intersected_raster_cells_all_touched,mapped,5,0.016413412988185883,0.004785127786453814,0.011151632852852346,1.0,0.0,0.0,0.0
090_120,90,120,RN_ROAD_00002,RN_NODE_00222,RN_NODE_00207,0,RN_ROAD_00002,RN_ROAD_00002,residential,,68.71572842918026,road_line_intersected_raster_cells_all_touched,mapped,4,0.016413412988185883,0.007161356450524181,0.012840229459106924,1.0,0.0,0.0,0.0
090_120,90,120,RN_ROAD_00003,RN_NODE_00222,RN_NODE_00249,0,RN_ROAD_00003,RN_ROAD_00003,primary,['Sinhagad Road'],126.32174974243749,road_line_intersected_raster_cells_all_touched,mapped,7,0.016413412988185883,0.0048607856920820525,0.010465821251273159,1.0,0.0,0.0,0.0
090_120,90,120,RN_ROAD_00004,RN_NODE_00207,RN_NODE_00167,0,RN_ROAD_00004,RN_ROAD_00004,residential,,89.17801673037181,road_line_intersected_raster_cells_all_touched,mapped,6,0.005372221115976572,0.00427152996417135,0.004880500957369804,1.0,0.0,0.0,0.0
090_120,90,120,RN_ROAD_00005,RN_NODE_00207,RN_NODE_00219,0,RN_ROAD_00005,RN_ROAD_00005,residential,,41.194797475628484,road_line_intersected_raster_cells_all_touched,mapped,2,0.003586883656680584,0.003553846967406571,0.003580276318825781,1.0,0.0,0.0,0.0
090_120,90,120,RN_ROAD_00012,RN_NODE_00249,RN_NODE_00250,0,RN_ROAD_00012,RN_ROAD_00012,tertiary,,45.82566466269537,road_line_intersected_raster_cells_all_touched,mapped,3,0.04483542591333389,0.028973503697973985,0.04409090280532837,1.0,0.6666666666666666,0.0,0.0
090_120,90,120,RN_ROAD_00014,RN_NODE_00249,RN_NODE_00307,0,RN_ROAD_00014,RN_ROAD_00014,primary,['Sinhagad Road'],224.8085898385542,road_line_intersected_raster_cells_all_touched,mapped,12,0.15477165579795837,0.05949553363219214,0.14991980567574503,1.0,0.6666666666666666,0.25,0.0
090_120,90,120,RN_ROAD_00201,RN_NODE_00167,RN_NODE_00166,0,RN_ROAD_00201,RN_ROAD_00201,tertiary,['Dattawadi Road'],68.61200462070468,road_line_intersected_raster_cells_all_touched,mapped,3,0.004096821416169405,0.0018632445329179366,0.003429531794972718,1.0,0.0,0.0,0.0
090_120,90,120,RN_ROAD_00203,RN_NODE_00167,RN_NODE_00138,0,RN_ROAD_00203,RN_ROAD_00203,residential,,62.633549990759064,road_line_intersected_raster_cells_all_touched,mapped,3,0.004096821416169405,0.0020999013213440776,0.003581655165180564,1.0,0.0,0.0,0.0
090_120,90,120,RN_ROAD_00204,RN_NODE_00167,RN_NODE_00168,0,RN_ROAD_00204,RN_ROAD_00204,tertiary,['Dattawadi Road'],23.648846865110738,road_line_intersected_raster_cells_all_touched,mapped,2,0.009233037941157818,0.006664929678663611,0.008719416288658976,1.0,0.0,0.0,0.0
090_120,90,120,RN_ROAD_00006,RN_NODE_00199,RN_NODE_00172,0,RN_ROAD_00006,RN_ROAD_00006,residential,,47.47580518040966,road_line_intersected_raster_cells_all_touched,mapped,2,0.009347944520413876,0.008645681664347649,0.00920749194920063,1.0,0.0,0.0,0.0
090_120,90,120,RN_ROAD_00007,RN_NODE_00199,RN_NODE_00218,0,RN_ROAD_00007,RN_ROAD_00007,residential,,59.27071050901246,road_line_intersected_raster_cells_all_touched,mapped,3,0.011735611595213413,0.009477226374049982,0.011139019019901752,1.0,0.0,0.0,0.0
090_120,90,120,RN_ROAD_00008,RN_NODE_00199,RN_NODE_00200,0,RN_ROAD_00008,RN_ROAD_00008,residential,,27.145839404120867,road_line_intersected_raster_cells_all_touched,mapped,2,0.007943418808281422,0.0054018598748371005,0.007435107021592557,1.0,0.0,0.0,0.0
090_120,90,120,RN_ROAD_00219,RN_NODE_00172,RN_NODE_00171,0,RN_ROAD_00219,RN_ROAD_00219,tertiary,['Dattawadi Road'],21.238265775773673,road_line_intersected_raster_cells_all_touched,mapped,2,0.009347944520413876,0.006406102562323213,0.008759576128795743,1.0,0.0,0.0,0.0
090_120,90,120,RN_ROAD_00220,RN_NODE_00172,RN_NODE_00173,0,RN_ROAD_00220,RN_ROAD_00220,tertiary,['Dattawadi Road'],7.048386967157587,road_line_intersected_raster_cells_all_touched,mapped,1,0.009347944520413876,0.009347944520413876,0.009347944520413876,1.0,0.0,0.0,0.0
090_120,90,120,RN_ROAD_00009,RN_NODE_00250,RN_NODE_00220,0,RN_ROAD_00009,RN_ROAD_00009,residential,,106.81149895405065,road_line_intersected_raster_cells_all_touched,mapped,5,0.041112810373306274,0.02250015754252672,0.03701480627059937,1.0,0.4,0.0,0.0
090_120,90,120,RN_ROAD_00013,RN_NODE_00250,RN_NODE_00251,0,RN_ROAD_00013,RN_ROAD_00013,tertiary,,38.80812375658153,road_line_intersected_raster_cells_all_touched,mapped,2,0.041112810373306274,0.033912478014826775,0.03967274390161037,1.0,1.0,0.0,0.0
090_120,90,120,RN_ROAD_00010,RN_NODE_00215,RN_NODE_00178,0,RN_ROAD_00010,RN_ROAD_00010,residential,,76.99211485840236,road_line_intersected_raster_cells_all_touched,mapped,3,0.004469355568289757,0.0035640838711212077,0.004248003475368023,1.0,0.0,0.0,0.0
090_120,90,120,RN_ROAD_00033,RN_NODE_00178,RN_NODE_00208,0,RN_ROAD_00033,RN_ROAD_00033,tertiary,['Dattawadi Road'],182.87135369775038,road_line_intersected_raster_cells_all_touched,mapped,9,0.17060309648513794,0.05360832357675665,0.11305720210075379,1.0,0.6666666666666666,0.1111111111111111,0.0
090_120,90,120,RN_ROAD_00222,RN_NODE_00178,RN_NODE_00173,0,RN_ROAD_00222,RN_ROAD_00222,tertiary,['Dattawadi Road'],32.88828427926349,road_line_intersected_raster_cells_all_touched,mapped,2,0.009347944520413876,0.0063552698120474815,0.008749409578740597,1.0,0.0,0.0,0.0
090_120,90,120,RN_ROAD_00011,RN_NODE_00298,RN_NODE_00205,0,RN_ROAD_00011,RN_ROAD_00011,primary,['Sinhagad Road'],420.18865859382316,road_line_intersected_raster_cells_all_touched,mapped,20,0.15270453691482544,0.02414243243620149,0.1271239630877972,1.0,0.15,0.15,0.0
090_120,90,120,RN_ROAD_00024,RN_NODE_00298,RN_NODE_00339,0,RN_ROAD_00024,RN_ROAD_00024,living_street,,117.7024406571944,road_line_intersected_raster_cells_all_touched,mapped,6,0.1475246101617813,0.0879880003631115,0.13619091734290123,1.0,1.0,0.5,0.0
090_120,90,120,RN_ROAD_00026,RN_NODE_00298,RN_NODE_00311,0,RN_ROAD_00026,RN_ROAD_00026,primary,['Sinhagad Road'],20.820195650817585,road_line_intersected_raster_cells_all_touched,mapped,2,0.15477165579795837,0.13981444016098976,0.15178021267056466,1.0,1.0,1.0,0.0
090_120,90,120,RN_ROAD_00015,RN_NODE_00251,RN_NODE_00252,0,RN_ROAD_00015,RN_ROAD_00015,tertiary,,36.90402520875027,road_line_intersected_raster_cells_all_touched,mapped,2,0.06293394416570663,0.044823044911026955,0.0593117643147707,1.0,1.0,0.0,0.0
090_120,90,120,RN_ROAD_00031,RN_NODE_00251,RN_NODE_00221,0,RN_ROAD_00031,RN_ROAD_00031,residential,,107.05914643211815,road_line_intersected_raster_cells_all_touched,mapped,5,0.05028767138719559,0.03188440948724747,0.043215954303741456,1.0,1.0,0.0,0.0
090_120,90,120,RN_ROAD_00027,RN_NODE_00307,RN_NODE_00311,0,RN_ROAD_00027,RN_ROAD_00027,tertiary,['Panmla road'],12.950108180473846,road_line_intersected_raster_cells_all_touched,mapped,2,0.15477165579795837,0.10385491140186787,0.14458830691874028,1.0,1.0,0.5,0.0
090_120,90,120,RN_ROAD_00029,RN_NODE_00307,RN_NODE_00306,0,RN_ROAD_00029,RN_ROAD_00029,tertiary,['Panmla road'],165.88450329250958,road_line_intersected_raster_cells_all_touched,mapped,6,0.05293816700577736,0.0221344922708037,0.044091787189245224,0.8333333333333334,0.5,0.0,0.0
090_120,90,120,RN_ROAD_00104,RN_NODE_00307,RN_NODE_00398,0,RN_ROAD_00104,RN_ROAD_00104,primary,['Sinhagad Road'],310.8681955303079,road_line_intersected_raster_cells_all_touched,mapped,14,0.14759626984596252,0.0313322278504659,0.05034519620239736,1.0,0.5,0.07142857142857142,0.0
090_120,90,120,RN_ROAD_00016,RN_NODE_00252,RN_NODE_00253,0,RN_ROAD_00016,RN_ROAD_00016,tertiary,,37.78957596580244,road_line_intersected_raster_cells_all_touched,mapped,3,0.16915097832679749,0.10049461821715037,0.14920056909322738,1.0,1.0,0.3333333333333333,0.0
090_120,90,120,RN_ROAD_00032,RN_NODE_00252,RN_NODE_00224,0,RN_ROAD_00032,RN_ROAD_00032,residential,,102.18258890538435,road_line_intersected_raster_cells_all_touched,mapped,5,0.06674734503030777,0.04648246429860592,0.06522198468446731,1.0,1.0,0.0,0.0
090_120,90,120,RN_ROAD_00017,RN_NODE_00253,RN_NODE_00240,0,RN_ROAD_00017,RN_ROAD_00017,residential,,56.818705917843346,road_line_intersected_raster_cells_all_touched,mapped,3,0.06939893215894699,0.05039488462110361,0.06711952313780785,1.0,1.0,0.0,0.0
090_120,90,120,RN_ROAD_00018,RN_NODE_00253,RN_NODE_00254,0,RN_ROAD_00018,RN_ROAD_00018,tertiary,,10.404856598863448,road_line_intersected_raster_cells_all_touched,mapped,1,0.06939893215894699,0.06939893215894699,0.06939893215894699,1.0,1.0,0.0,0.0
090_120,90,120,RN_ROAD_00034,RN_NODE_00240,RN_NODE_00210,0,RN_ROAD_00034,RN_ROAD_00034,residential,,95.66029435012692,road_line_intersected_raster_cells_all_touched,mapped,5,0.16075663268566132,0.1075252763926983,0.1512812167406082,1.0,1.0,0.4,0.0
090_120,90,120,RN_ROAD_00035,RN_NODE_00240,RN_NODE_00242,0,RN_ROAD_00035,RN_ROAD_00035,residential,,55.25679009630857,road_line_intersected_raster_cells_all_touched,mapped,2,0.058001887053251266,0.04862694628536701,0.05612689889967441,1.0,1.0,0.0,0.0
090_120,90,120,RN_ROAD_00041,RN_NODE_00254,RN_NODE_00265,0,RN_ROAD_00041,RN_ROAD_00041,residential,,37.37936461896842,road_line_intersected_raster_cells_all_touched,mapped,2,0.07539356499910355,0.07239624857902527,0.0747941017150879,1.0,1.0,0.0,0.0
090_120,90,120,RN_ROAD_00043,RN_NODE_00254,RN_NODE_00256,0,RN_ROAD_00043,RN_ROAD_00043,tertiary,,44.90716795876552,road_line_intersected_raster_cells_all_touched,mapped,2,0.06939893215894699,0.042071927804499865,0.06393353128805757,1.0,0.5,0.0,0.0
090_120,90,120,RN_ROAD_00019,RN_NODE_00279,RN_NODE_00284,0,RN_ROAD_00019,RN_ROAD_00019,residential,,15.457018790921675,road_line_intersected_raster_cells_all_touched,mapped,1,0.013551902957260609,0.013551902957260609,0.013551902957260609,1.0,0.0,0.0,0.0
090_120,90,120,RN_ROAD_00020,RN_NODE_00279,RN_NODE_00265,0,RN_ROAD_00020,RN_ROAD_00020,residential,,51.109121332944376,road_line_intersected_raster_cells_all_touched,mapped,3,0.07539356499910355,0.05380040562401215,0.0748060017824173,1.0,0.6666666666666666,0.0,0.0
090_120,90,120,RN_ROAD_00042,RN_NODE_00279,RN_NODE_00280,0,RN_ROAD_00042,RN_ROAD_00042,residential,,12.671054645406425,road_line_intersected_raster_cells_all_touched,mapped,1,0.013551902957260609,0.013551902957260609,0.013551902957260609,1.0,0.0,0.0,0.0
090_120,90,120,RN_ROAD_00044,RN_NODE_00265,RN_NODE_00267,0,RN_ROAD_00044,RN_ROAD_00044,residential,,78.53311568005444,road_line_intersected_raster_cells_all_touched,mapped,3,0.07539356499910355,0.031188558709497254,0.06336620803922415,1.0,0.3333333333333333,0.0,0.0
090_120,90,120,RN_ROAD_00021,RN_NODE_00337,RN_NODE_00336,0,RN_ROAD_00021,RN_ROAD_00021,residential,,4.010574873213283,road_line_intersected_raster_cells_all_touched,outside_valid_flood_grid,0,,,,,,,
090_120,90,120,RN_ROAD_00022,RN_NODE_00337,RN_NODE_00338,0,RN_ROAD_00022,RN_ROAD_00022,residential,,3.5777701642730535,road_line_intersected_raster_cells_all_touched,outside_valid_flood_grid,0,,,,,,,
090_120,90,120,RN_ROAD_00023,RN_NODE_00337,RN_NODE_00349,0,RN_ROAD_00023,RN_ROAD_00023,residential,,59.620737404387555,road_line_intersected_raster_cells_all_touched,mapped,3,0.00024254601157736033,0.00014477836521109566,0.00022008180676493793,1.0,0.0,0.0,0.0
090_120,90,120,RN_ROAD_00101,RN_NODE_00349,RN_NODE_00357,0,RN_ROAD_00101,RN_ROAD_00101,residential,,47.76723768710115,road_line_intersected_raster_cells_all_touched,mapped,3,0.00024254601157736033,0.00015645252157507153,0.00023124782892409713,1.0,0.0,0.0,0.0
090_120,90,120,RN_ROAD_00103,RN_NODE_00349,RN_NODE_00451,0,RN_ROAD_00103,RN_ROAD_00103,residential,,393.37092434710667,road_line_intersected_raster_cells_all_touched,mapped,19,0.0005349541897885501,8.235699629279368e-05,0.00019735328096430745,0.5263157894736842,0.0,0.0,0.0
090_120,90,120,RN_ROAD_00025,RN_NODE_00366,RN_NODE_00321,0,RN_ROAD_00025,RN_ROAD_00025,living_street,,160.56974852956768,road_line_intersected_raster_cells_all_touched,mapped,7,0.09447676688432693,0.03642357912446771,0.06864606365561488,1.0,0.5714285714285714,0.0,0.0
090_120,90,120,RN_ROAD_00028,RN_NODE_00321,RN_NODE_00311,0,RN_ROAD_00028,RN_ROAD_00028,primary,['Sinhagad Road'],53.368993155301965,road_line_intersected_raster_cells_all_touched,mapped,4,0.15477165579795837,0.1124457148835063,0.15261904001235962,1.0,1.0,0.5,0.0
090_120,90,120,RN_ROAD_00105,RN_NODE_00321,RN_NODE_00403,0,RN_ROAD_00105,RN_ROAD_00105,primary,['Sinhagad Road'],260.06086779730686,road_line_intersected_raster_cells_all_touched,mapped,13,0.09447676688432693,0.02085955880689793,0.04225990399718285,1.0,0.3076923076923077,0.0,0.0
090_120,90,120,RN_ROAD_00030,RN_NODE_00306,RN_NODE_00317,0,RN_ROAD_00030,RN_ROAD_00030,residential,,35.17916299023046,road_line_intersected_raster_cells_all_touched,mapped,2,0.0,0.0,0.0,0.0,0.0,0.0,0.0
090_120,90,120,RN_ROAD_00081,RN_NODE_00306,RN_NODE_00305,0,RN_ROAD_00081,RN_ROAD_00081,tertiary,,66.4260344158254,road_line_intersected_raster_cells_all_touched,mapped,3,1.0695351193135139e-05,3.5678707369276217e-06,8.557933158037657e-06,0.6666666666666666,0.0,0.0,0.0
090_120,90,120,RN_ROAD_00037,RN_NODE_00208,RN_NODE_00190,0,RN_ROAD_00037,RN_ROAD_00037,residential,,36.35525499430467,road_line_intersected_raster_cells_all_touched,mapped,2,0.06433117389678955,0.04297847580164671,0.06006063427776098,1.0,1.0,0.0,0.0
090_120,90,120,RN_ROAD_00039,RN_NODE_00208,RN_NODE_00209,0,RN_ROAD_00039,RN_ROAD_00039,tertiary,['Dattawadi Road'],26.03044550460261,road_line_intersected_raster_cells_all_touched,mapped,2,0.021625777706503868,0.016349696554243565,0.020570561476051807,1.0,0.5,0.0,0.0
090_120,90,120,RN_ROAD_00038,RN_NODE_00242,RN_NODE_00225,0,RN_ROAD_00038,RN_ROAD_00038,residential,,84.51756534679647,road_line_intersected_raster_cells_all_touched,mapped,6,0.07778812944889069,0.03509292130668958,0.06463070400059223,1.0,0.5,0.0,0.0
090_120,90,120,RN_ROAD_00045,RN_NODE_00242,RN_NODE_00256,0,RN_ROAD_00045,RN_ROAD_00045,residential,,56.395339779681436,road_line_intersected_raster_cells_all_touched,mapped,3,0.03925200551748276,0.02571147649238507,0.03602910451591015,1.0,0.6666666666666666,0.0,0.0
090_120,90,120,RN_ROAD_00036,RN_NODE_00191,RN_NODE_00190,0,RN_ROAD_00036,RN_ROAD_00036,residential,,43.636454570990736,road_line_intersected_raster_cells_all_touched,mapped,3,0.1275133192539215,0.10137401521205902,0.12446616590023041,1.0,1.0,0.6666666666666666,0.0
090_120,90,120,RN_ROAD_00040,RN_NODE_00190,RN_NODE_00188,0,RN_ROAD_00040,RN_ROAD_00040,residential,,40.90975146529643,road_line_intersected_raster_cells_all_touched,mapped,2,0.06433117389678955,0.04982711188495159,0.06143036149442196,1.0,1.0,0.0,0.0
090_120,90,120,RN_ROAD_00226,RN_NODE_00190,RN_NODE_00132,0,RN_ROAD_00226,RN_ROAD_00226,residential,,135.162456334921,road_line_intersected_raster_cells_all_touched,mapped,6,0.06494839489459991,0.03222709296581646,0.06463978439569473,1.0,0.5,0.0,0.0
090_120,90,120,RN_ROAD_00049,RN_NODE_00225,RN_NODE_00257,0,RN_ROAD_00049,RN_ROAD_00049,residential,,104.09119651047976,road_line_intersected_raster_cells_all_touched,mapped,4,0.018796423450112343,0.012340263347141445,0.01769180567935109,1.0,0.0,0.0,0.0
090_120,90,120,RN_ROAD_00051,RN_NODE_00225,RN_NODE_00209,0,RN_ROAD_00051,RN_ROAD_00051,residential,,40.48572136886673,road_line_intersected_raster_cells_all_touched,mapped,3,0.015114364214241505,0.01066175987944007,0.014306214451789857,1.0,0.0,0.0,0.0
090_120,90,120,RN_ROAD_00052,RN_NODE_00225,RN_NODE_00226,0,RN_ROAD_00052,RN_ROAD_00052,residential,,35.95601353641846,road_line_intersected_raster_cells_all_touched,mapped,2,0.017837349325418472,0.01647585676982999,0.017565050814300775,1.0,0.0,0.0,0.0
090_120,90,120,RN_ROAD_00054,RN_NODE_00209,RN_NODE_00211,0,RN_ROAD_00054,RN_ROAD_00054,tertiary,['Dattawadi Road'],74.6477816696061,road_line_intersected_raster_cells_all_touched,mapped,3,0.045559149235486984,0.025979834298292797,0.040708667039871214,1.0,0.6666666666666666,0.0,0.0
090_120,90,120,RN_ROAD_00053,RN_NODE_00188,RN_NODE_00186,0,RN_ROAD_00053,RN_ROAD_00053,residential,,34.9736689686955,road_line_intersected_raster_cells_all_touched,mapped,2,0.03532304987311363,0.03516047075390816,0.035290534049272536,1.0,1.0,0.0,0.0
090_120,90,120,RN_ROAD_00237,RN_NODE_00188,RN_NODE_00150,0,RN_ROAD_00237,RN_ROAD_00237,residential,,74.85030696139879,road_line_intersected_raster_cells_all_touched,mapped,4,0.046832647174596786,0.03508796542882919,0.04369950741529465,1.0,1.0,0.0,0.0
090_120,90,120,RN_ROAD_00047,RN_NODE_00280,RN_NODE_00280,0,RN_ROAD_00047,RN_ROAD_00047,residential,,271.48317612441605,road_line_intersected_raster_cells_all_touched,mapped,10,0.0724557489156723,0.011442099118721672,0.02302504573017357,0.8,0.1,0.0,0.0
090_120,90,120,RN_ROAD_00046,RN_NODE_00256,RN_NODE_00257,0,RN_ROAD_00046,RN_ROAD_00046,tertiary,,38.72242276576632,road_line_intersected_raster_cells_all_touched,mapped,3,0.014744923450052738,0.007442141727854808,0.012700019869953394,1.0,0.0,0.0,0.0
090_120,90,120,RN_ROAD_00048,RN_NODE_00267,RN_NODE_00270,0,RN_ROAD_00048,RN_ROAD_00048,residential,,25.878026259087473,road_line_intersected_raster_cells_all_touched,mapped,2,0.0029153309296816587,0.0015876696270424873,0.0026497986691538244,1.0,0.0,0.0,0.0
090_120,90,120,RN_ROAD_00050,RN_NODE_00267,RN_NODE_00268,0,RN_ROAD_00050,RN_ROAD_00050,residential,,32.81439084825519,road_line_intersected_raster_cells_all_touched,mapped,3,0.0029153309296816587,0.0014869618074347575,0.0026413756422698498,0.6666666666666666,0.0,0.0,0.0
090_120,90,120,RN_ROAD_00061,RN_NODE_00257,RN_NODE_00258,0,RN_ROAD_00061,RN_ROAD_00061,tertiary,,36.24842936221222,road_line_intersected_raster_cells_all_touched,mapped,2,0.004520405549556017,0.003548349253833294,0.004325994290411472,1.0,0.0,0.0,0.0
090_120,90,120,RN_ROAD_00062,RN_NODE_00268,RN_NODE_00278,0,RN_ROAD_00062,RN_ROAD_00062,residential,,34.0388930170019,road_line_intersected_raster_cells_all_touched,mapped,2,0.0,0.0,0.0,0.0,0.0,0.0,0.0
090_120,90,120,RN_ROAD_00064,RN_NODE_00268,RN_NODE_00269,0,RN_ROAD_00064,RN_ROAD_00064,residential,,21.492524537581243,road_line_intersected_raster_cells_all_touched,mapped,1,0.0,0.0,0.0,0.0,0.0,0.0,0.0
090_120,90,120,RN_ROAD_00055,RN_NODE_00226,RN_NODE_00227,0,RN_ROAD_00055,RN_ROAD_00055,residential,,39.2116910610255,road_line_intersected_raster_cells_all_touched,mapped,2,0.017837349325418472,0.014859579969197512,0.01724179545417428,1.0,0.0,0.0,0.0
090_120,90,120,RN_ROAD_00063,RN_NODE_00226,RN_NODE_00258,0,RN_ROAD_00063,RN_ROAD_00063,residential,,104.41866178505872,road_line_intersected_raster_cells_all_touched,mapped,4,0.017837349325418472,0.00936251092934981,0.016524872649461033,1.0,0.0,0.0,0.0
090_120,90,120,RN_ROAD_00056,RN_NODE_00186,RN_NODE_00187,0,RN_ROAD_00056,RN_ROAD_00056,residential,,25.120377643736735,road_line_intersected_raster_cells_all_touched,mapped,2,0.03499789163470268,0.02308830851688981,0.03261597501114011,1.0,0.5,0.0,0.0
090_120,90,120,RN_ROAD_00241,RN_NODE_00186,RN_NODE_00156,0,RN_ROAD_00241,RN_ROAD_00241,residential,,61.68449622986819,road_line_intersected_raster_cells_all_touched,mapped,3,0.03499789163470268,0.029153073206543922,0.03476048707962036,1.0,0.6666666666666666,0.0,0.0
090_120,90,120,RN_ROAD_00058,RN_NODE_00211,RN_NODE_00187,0,RN_ROAD_00058,RN_ROAD_00058,residential,,45.06280672272299,road_line_intersected_raster_cells_all_touched,mapped,2,0.021306738257408142,0.01624273182824254,0.02029393697157502,1.0,0.5,0.0,0.0
090_120,90,120,RN_ROAD_00059,RN_NODE_00211,RN_NODE_00227,0,RN_ROAD_00059,RN_ROAD_00059,residential,,38.98029653189591,road_line_intersected_raster_cells_all_touched,mapped,3,0.027071312069892883,0.020086620313425858,0.025918397307395934,1.0,0.6666666666666666,0.0,0.0
090_120,90,120,RN_ROAD_00060,RN_NODE_00211,RN_NODE_00212,0,RN_ROAD_00060,RN_ROAD_00060,tertiary,['Dattawadi Road'],36.97983102056298,road_line_intersected_raster_cells_all_touched,mapped,2,0.021306738257408142,0.014580626972019672,0.01996151600033045,1.0,0.5,0.0,0.0
090_120,90,120,RN_ROAD_00057,RN_NODE_00227,RN_NODE_00238,0,RN_ROAD_00057,RN_ROAD_00057,residential,,28.855080650982604,road_line_intersected_raster_cells_all_touched,mapped,2,0.011881810612976551,0.008165637962520123,0.011138576082885265,1.0,0.0,0.0,0.0
090_120,90,120,RN_ROAD_00244,RN_NODE_00187,RN_NODE_00175,0,RN_ROAD_00244,RN_ROAD_00244,residential,,33.110798205839764,road_line_intersected_raster_cells_all_touched,mapped,2,0.011365696787834167,0.011272211093455553,0.011346999648958444,1.0,0.0,0.0,0.0
090_120,90,120,RN_ROAD_00066,RN_NODE_00238,RN_NODE_00259,0,RN_ROAD_00066,RN_ROAD_00066,residential,,75.86989844292557,road_line_intersected_raster_cells_all_touched,mapped,3,0.004449465312063694,0.0014831551040212314,0.0035595722496509553,0.3333333333333333,0.0,0.0,0.0
090_120,90,120,RN_ROAD_00071,RN_NODE_00238,RN_NODE_00239,0,RN_ROAD_00071,RN_ROAD_00071,residential,,40.63568578815476,road_line_intersected_raster_cells_all_touched,mapped,3,0.004449465312063694,0.002557577060845991,0.004066071473062038,1.0,0.0,0.0,0.0
090_120,90,120,RN_ROAD_00072,RN_NODE_00212,RN_NODE_00193,0,RN_ROAD_00072,RN_ROAD_00072,tertiary,,38.410056230253225,road_line_intersected_raster_cells_all_touched,mapped,2,0.007854515686631203,0.006966303801164031,0.0076768733095377685,1.0,0.0,0.0,0.0
090_120,90,120,RN_ROAD_00073,RN_NODE_00212,RN_NODE_00228,0,RN_ROAD_00073,RN_ROAD_00073,tertiary,,40.09538264547372,road_line_intersected_raster_cells_all_touched,mapped,4,0.007854515686631203,0.004566094707115553,0.007589040556922555,1.0,0.0,0.0,0.0
090_120,90,120,RN_ROAD_00080,RN_NODE_00212,RN_NODE_00213,0,RN_ROAD_00080,RN_ROAD_00080,tertiary,['Dattawadi Road'],126.01139667967246,road_line_intersected_raster_cells_all_touched,mapped,6,0.007854515686631203,0.0031397318622718253,0.007246529217809439,0.5,0.0,0.0,0.0
090_120,90,120,RN_ROAD_00065,RN_NODE_00258,RN_NODE_00259,0,RN_ROAD_00065,RN_ROAD_00065,tertiary,,38.55343416567287,road_line_intersected_raster_cells_all_touched,mapped,2,0.002576292958110571,0.0012881464790552855,0.0023186636622995137,0.5,0.0,0.0,0.0
090_120,90,120,RN_ROAD_00067,RN_NODE_00259,RN_NODE_00260,0,RN_ROAD_00067,RN_ROAD_00067,tertiary,,40.74518304705443,road_line_intersected_raster_cells_all_touched,mapped,3,7.859007382648997e-06,2.6196691275496655e-06,6.287205906119198e-06,0.3333333333333333,0.0,0.0,0.0
090_120,90,120,RN_ROAD_00069,RN_NODE_00260,RN_NODE_00264,0,RN_ROAD_00069,RN_ROAD_00069,tertiary,,26.62863146932078,road_line_intersected_raster_cells_all_touched,mapped,3,7.859007382648997e-06,2.6196691275496655e-06,6.287205906119198e-06,0.3333333333333333,0.0,0.0,0.0
090_120,90,120,RN_ROAD_00070,RN_NODE_00260,RN_NODE_00244,0,RN_ROAD_00070,RN_ROAD_00070,tertiary,,24.938363724921295,road_line_intersected_raster_cells_all_touched,mapped,2,7.859007382648997e-06,3.9295036913244985e-06,7.073106644384097e-06,0.5,0.0,0.0,0.0
090_120,90,120,RN_ROAD_00068,RN_NODE_00297,RN_NODE_00264,0,RN_ROAD_00068,RN_ROAD_00068,tertiary,,130.87283489357,road_line_intersected_raster_cells_all_touched,mapped,5,2.505496195226442e-05,1.1951209489780013e-05,2.4364109776797704e-05,0.6,0.0,0.0,0.0
090_120,90,120,RN_ROAD_00082,RN_NODE_00297,RN_NODE_00305,0,RN_ROAD_00082,RN_ROAD_00082,tertiary,,11.181496939700613,road_line_intersected_raster_cells_all_touched,mapped,2,1.1373253983038012e-05,1.1034302588086575e-05,1.1305463704047725e-05,1.0,0.0,0.0,0.0
090_120,90,120,RN_ROAD_00083,RN_NODE_00297,RN_NODE_00294,0,RN_ROAD_00083,RN_ROAD_00083,residential,,70.2922251484159,road_line_intersected_raster_cells_all_touched,mapped,4,0.004496382083743811,0.0013270730853491841,0.0033633360581006863,1.0,0.0,0.0,0.0
090_120,90,120,RN_ROAD_00296,RN_NODE_00264,RN_NODE_00263,0,RN_ROAD_00296,RN_ROAD_00296,residential,,72.78052268614596,road_line_intersected_raster_cells_all_touched,mapped,4,0.0010735492687672377,0.00028087867735848704,0.0007644261706445834,0.75,0.0,0.0,0.0
090_120,90,120,RN_ROAD_00294,RN_NODE_00244,RN_NODE_00239,0,RN_ROAD_00294,RN_ROAD_00294,tertiary,,51.659918278362944,road_line_intersected_raster_cells_all_touched,mapped,2,0.0006907697534188628,0.0003453848767094314,0.0006216927780769765,0.5,0.0,0.0,0.0
090_120,90,120,RN_ROAD_00295,RN_NODE_00244,RN_NODE_00247,0,RN_ROAD_00295,RN_ROAD_00295,residential,,40.36964816219208,road_line_intersected_raster_cells_all_touched,mapped,2,8.778242045082152e-05,4.389121022541076e-05,7.900417840573936e-05,0.5,0.0,0.0,0.0
090_120,90,120,RN_ROAD_00074,RN_NODE_00239,RN_NODE_00228,0,RN_ROAD_00074,RN_ROAD_00074,tertiary,,26.901590919768886,road_line_intersected_raster_cells_all_touched,mapped,2,0.000934948620852083,0.0008128591871354729,0.000910530734108761,1.0,0.0,0.0,0.0
090_120,90,120,RN_ROAD_00075,RN_NODE_00193,RN_NODE_00194,0,RN_ROAD_00075,RN_ROAD_00075,residential,,37.31989973867388,road_line_intersected_raster_cells_all_touched,mapped,3,0.007503417786210775,0.006352687099327643,0.007218352612107992,1.0,0.0,0.0,0.0
090_120,90,120,RN_ROAD_00256,RN_NODE_00193,RN_NODE_00174,0,RN_ROAD_00256,RN_ROAD_00256,tertiary,,41.693740805285216,road_line_intersected_raster_cells_all_touched,mapped,2,0.008267337456345558,0.007172714686021209,0.008048412902280689,1.0,0.0,0.0,0.0
090_120,90,120,RN_ROAD_00076,RN_NODE_00228,RN_NODE_00229,0,RN_ROAD_00076,RN_ROAD_00076,residential,,40.45446256118045,road_line_intersected_raster_cells_all_touched,mapped,2,0.00250997650437057,0.0017224625626113266,0.0023524737160187216,1.0,0.0,0.0,0.0
090_120,90,120,RN_ROAD_00078,RN_NODE_00194,RN_NODE_00195,0,RN_ROAD_00078,RN_ROAD_00078,residential,,36.19111684470716,road_line_intersected_raster_cells_all_touched,mapped,2,0.005476551596075296,0.00450065522454679,0.005281372321769595,1.0,0.0,0.0,0.0
090_120,90,120,RN_ROAD_00257,RN_NODE_00194,RN_NODE_00146,0,RN_ROAD_00257,RN_ROAD_00257,residential,,105.88544834265709,road_line_intersected_raster_cells_all_touched,mapped,4,0.010596142150461674,0.008277700864709914,0.010089642740786076,1.0,0.0,0.0,0.0
090_120,90,120,RN_ROAD_00077,RN_NODE_00229,RN_NODE_00247,0,RN_ROAD_00077,RN_ROAD_00077,residential,,77.80122283607632,road_line_intersected_raster_cells_all_touched,mapped,3,0.00250997650437057,0.0008659196416071305,0.0020255376875866205,0.6666666666666666,0.0,0.0,0.0
090_120,90,120,RN_ROAD_00079,RN_NODE_00229,RN_NODE_00230,0,RN_ROAD_00079,RN_ROAD_00079,residential,,37.931014123628856,road_line_intersected_raster_cells_all_touched,mapped,2,0.00250997650437057,0.001254988252185285,0.0022589788539335133,0.5,0.0,0.0,0.0
090_120,90,120,RN_ROAD_00297,RN_NODE_00247,RN_NODE_00246,0,RN_ROAD_00297,RN_ROAD_00297,residential,,37.670645354702565,road_line_intersected_raster_cells_all_touched,mapped,2,0.00022116614854894578,0.00015447428449988365,0.00020782777573913336,1.0,0.0,0.0,0.0
090_120,90,120,RN_ROAD_00091,RN_NODE_00195,RN_NODE_00176,0,RN_ROAD_00091,RN_ROAD_00091,residential,,38.41929687467551,road_line_intersected_raster_cells_all_touched,mapped,2,0.003524758853018284,0.001762379426509142,0.0031722829677164554,0.5,0.0,0.0,0.0
090_120,90,120,RN_ROAD_00093,RN_NODE_00195,RN_NODE_00197,0,RN_ROAD_00093,RN_ROAD_00093,residential,,53.33428004208454,road_line_intersected_raster_cells_all_touched,mapped,3,0.003524758853018284,0.0011749196176727612,0.0028198070824146273,0.3333333333333333,0.0,0.0,0.0
090_120,90,120,RN_ROAD_00092,RN_NODE_00230,RN_NODE_00246,0,RN_ROAD_00092,RN_ROAD_00092,residential,,76.77767014268143,road_line_intersected_raster_cells_all_touched,mapped,3,0.00022116614854894578,8.47953209207238e-05,0.00018357688168180175,0.6666666666666666,0.0,0.0,0.0
090_120,90,120,RN_ROAD_00094,RN_NODE_00230,RN_NODE_00234,0,RN_ROAD_00094,RN_ROAD_00094,residential,,43.564722645993555,road_line_intersected_raster_cells_all_touched,mapped,3,0.0016191728645935655,0.0009855986572802067,0.0015628629131242632,0.6666666666666666,0.0,0.0,0.0
090_120,90,120,RN_ROAD_00096,RN_NODE_00213,RN_NODE_00234,0,RN_ROAD_00096,RN_ROAD_00096,residential,,39.92478066992536,road_line_intersected_raster_cells_all_touched,mapped,3,0.0016191728645935655,0.0008238667311767737,0.0014658237574622034,0.6666666666666666,0.0,0.0,0.0
090_120,90,120,RN_ROAD_00097,RN_NODE_00213,RN_NODE_00197,0,RN_ROAD_00097,RN_ROAD_00097,residential,,38.82730769015813,road_line_intersected_raster_cells_all_touched,mapped,2,0.0,0.0,0.0,0.0,0.0,0.0,0.0
090_120,90,120,RN_ROAD_00304,RN_NODE_00213,RN_NODE_00214,0,RN_ROAD_00304,RN_ROAD_00304,tertiary,['Dattawadi Road'],89.95960034883794,road_line_intersected_raster_cells_all_touched,mapped,4,0.002255338244140148,0.000586704358283896,0.001606180527596735,0.5,0.0,0.0,0.0
090_120,90,120,RN_ROAD_00084,RN_NODE_00305,RN_NODE_00328,0,RN_ROAD_00084,RN_ROAD_00084,tertiary,,90.13771843891129,road_line_intersected_raster_cells_all_touched,mapped,6,0.01064071711152792,0.0019299761296072877,0.005543194594793022,1.0,0.0,0.0,0.0
090_120,90,120,RN_ROAD_00085,RN_NODE_00328,RN_NODE_00293,0,RN_ROAD_00085,RN_ROAD_00085,residential,,105.33721628543579,road_line_intersected_raster_cells_all_touched,mapped,5,0.018091803416609764,0.009926133137196303,0.015219641104340554,1.0,0.0,0.0,0.0
090_120,90,120,RN_ROAD_00086,RN_NODE_00328,RN_NODE_00356,0,RN_ROAD_00086,RN_ROAD_00086,tertiary,,98.16696127727685,road_line_intersected_raster_cells_all_touched,mapped,5,0.3358815014362335,0.16710042860358953,0.30450683236122134,1.0,0.8,0.6,0.2
090_120,90,120,RN_ROAD_00172,RN_NODE_00356,RN_NODE_00361,0,RN_ROAD_00172,RN_ROAD_00172,residential,,46.82523189296001,road_line_intersected_raster_cells_all_touched,mapped,3,0.17918607592582703,0.09318926061193149,0.15584986954927446,1.0,1.0,0.3333333333333333,0.0
090_120,90,120,RN_ROAD_00173,RN_NODE_00356,RN_NODE_00427,0,RN_ROAD_00173,RN_ROAD_00173,tertiary,,234.03133514478208,road_line_intersected_raster_cells_all_touched,mapped,11,0.39453569054603577,0.10522994953631,0.2051565796136856,1.0,0.8181818181818182,0.36363636363636365,0.09090909090909091
090_120,90,120,RN_ROAD_00087,RN_NODE_00314,RN_NODE_00315,0,RN_ROAD_00087,RN_ROAD_00087,residential,,45.05843580903861,road_line_intersected_raster_cells_all_touched,mapped,2,0.016170619055628777,0.009398373891599476,0.014816170022822917,1.0,0.0,0.0,0.0
090_120,90,120,RN_ROAD_00088,RN_NODE_00314,RN_NODE_00319,0,RN_ROAD_00088,RN_ROAD_00088,residential,,33.693765674940465,road_line_intersected_raster_cells_all_touched,mapped,2,0.003019386436790228,0.002822757582180202,0.0029800606658682226,1.0,0.0,0.0,0.0
090_120,90,120,RN_ROAD_00089,RN_NODE_00314,RN_NODE_00290,0,RN_ROAD_00089,RN_ROAD_00089,residential,,121.67517705552382,road_line_intersected_raster_cells_all_touched,mapped,5,0.023707935586571693,0.011114131007343531,0.021879585459828377,1.0,0.2,0.0,0.0
090_120,90,120,RN_ROAD_00090,RN_NODE_00314,RN_NODE_00313,0,RN_ROAD_00090,RN_ROAD_00090,residential,,63.21236636402831,road_line_intersected_raster_cells_all_touched,mapped,3,0.002626128727570176,0.0024288486068447432,0.002621858287602663,1.0,0.0,0.0,0.0
090_120,90,120,RN_ROAD_00303,RN_NODE_00290,RN_NODE_00281,0,RN_ROAD_00303,RN_ROAD_00303,residential,,75.55398586526928,road_line_intersected_raster_cells_all_touched,mapped,4,0.009263760410249233,0.003619997682108078,0.007367040845565499,1.0,0.0,0.0,0.0
090_120,90,120,RN_ROAD_00316,RN_NODE_00290,RN_NODE_00313,0,RN_ROAD_00316,RN_ROAD_00316,residential,,61.77604347682732,road_line_intersected_raster_cells_all_touched,mapped,3,0.009263760410249233,0.004623316073169311,0.007921117777004839,1.0,0.0,0.0,0.0
090_120,90,120,RN_ROAD_00324,RN_NODE_00290,RN_NODE_00286,0,RN_ROAD_00324,RN_ROAD_00324,residential,,53.980157249501374,road_line_intersected_raster_cells_all_touched,mapped,3,0.009263760410249233,0.0039010835656275353,0.007708778697997332,1.0,0.0,0.0,0.0
090_120,90,120,RN_ROAD_00317,RN_NODE_00313,RN_NODE_00333,0,RN_ROAD_00317,RN_ROAD_00317,residential,,50.072254927188524,road_line_intersected_raster_cells_all_touched,mapped,3,0.0020556405652314425,0.001681397610809654,0.0020513828378170727,1.0,0.0,0.0,0.0
090_120,90,120,RN_ROAD_00320,RN_NODE_00313,RN_NODE_00312,0,RN_ROAD_00320,RN_ROAD_00320,residential,,42.21382632969337,road_line_intersected_raster_cells_all_touched,mapped,3,0.0020556405652314425,0.000794294050137978,0.0017013680888339879,1.0,0.0,0.0,0.0
090_120,90,120,RN_ROAD_00258,RN_NODE_00176,RN_NODE_00152,0,RN_ROAD_00258,RN_ROAD_00258,residential,,37.12096600182516,road_line_intersected_raster_cells_all_touched,mapped,2,0.0,0.0,0.0,0.0,0.0,0.0,0.0
090_120,90,120,RN_ROAD_00260,RN_NODE_00176,RN_NODE_00177,0,RN_ROAD_00260,RN_ROAD_00260,residential,,99.19862013661967,road_line_intersected_raster_cells_all_touched,mapped,4,0.0,0.0,0.0,0.0,0.0,0.0,0.0
090_120,90,120,RN_ROAD_00299,RN_NODE_00246,RN_NODE_00245,0,RN_ROAD_00299,RN_ROAD_00299,residential,,42.58423840088509,road_line_intersected_raster_cells_all_touched,mapped,3,0.005667964927852154,0.0031512668647337705,0.005247305845841765,1.0,0.0,0.0,0.0
090_120,90,120,RN_ROAD_00099,RN_NODE_00197,RN_NODE_00198,0,RN_ROAD_00099,RN_ROAD_00099,residential,,45.50958373134193,road_line_intersected_raster_cells_all_touched,mapped,2,0.0,0.0,0.0,0.0,0.0,0.0,0.0
090_120,90,120,RN_ROAD_00095,RN_NODE_00234,RN_NODE_00245,0,RN_ROAD_00095,RN_ROAD_00095,residential,,75.61627595530594,road_line_intersected_raster_cells_all_touched,mapped,3,0.005667964927852154,0.0034343877729649344,0.0051375770475715395,1.0,0.0,0.0,0.0
090_120,90,120,RN_ROAD_00098,RN_NODE_00234,RN_NODE_00235,0,RN_ROAD_00098,RN_ROAD_00098,residential,,36.270777899434066,road_line_intersected_raster_cells_all_touched,mapped,2,0.0017836601473391056,0.0017014165059663355,0.0017672114190645516,1.0,0.0,0.0,0.0
090_120,90,120,RN_ROAD_00301,RN_NODE_00245,RN_NODE_00241,0,RN_ROAD_00301,RN_ROAD_00301,residential,,70.53375969539323,road_line_intersected_raster_cells_all_touched,mapped,3,0.014376224018633366,0.007696281730507811,0.012634572200477123,1.0,0.0,0.0,0.0
090_120,90,120,RN_ROAD_00100,RN_NODE_00235,RN_NODE_00241,0,RN_ROAD_00100,RN_ROAD_00100,residential,,37.98293668808784,road_line_intersected_raster_cells_all_touched,mapped,2,0.0030446562450379133,0.0024141581961885095,0.0029185566352680327,1.0,0.0,0.0,0.0
090_120,90,120,RN_ROAD_00307,RN_NODE_00235,RN_NODE_00214,0,RN_ROAD_00307,RN_ROAD_00307,residential,,92.55852863842196,road_line_intersected_raster_cells_all_touched,mapped,5,0.004996583331376314,0.0030181614682078363,0.004310991987586022,1.0,0.0,0.0,0.0
090_120,90,120,RN_ROAD_00305,RN_NODE_00198,RN_NODE_00177,0,RN_ROAD_00305,RN_ROAD_00305,residential,,39.526505477982745,road_line_intersected_raster_cells_all_touched,mapped,2,0.0,0.0,0.0,0.0,0.0,0.0,0.0
090_120,90,120,RN_ROAD_00308,RN_NODE_00198,RN_NODE_00203,0,RN_ROAD_00308,RN_ROAD_00308,residential,,42.156257641141636,road_line_intersected_raster_cells_all_touched,mapped,3,0.0003250078880228102,0.0001627111826868107,0.00029263144242577257,0.6666666666666666,0.0,0.0,0.0
090_120,90,120,RN_ROAD_00306,RN_NODE_00241,RN_NODE_00243,0,RN_ROAD_00306,RN_ROAD_00306,residential,,43.674198984804306,road_line_intersected_raster_cells_all_touched,mapped,2,0.011807041242718697,0.007425848743878305,0.010930802742950618,1.0,0.0,0.0,0.0
090_120,90,120,RN_ROAD_00102,RN_NODE_00358,RN_NODE_00451,0,RN_ROAD_00102,RN_ROAD_00102,residential,['Janata Vasahat Road'],400.63554354988895,road_line_intersected_raster_cells_all_touched,mapped,19,0.00010002367343986407,1.7996374086387252e-05,6.231552688404916e-05,0.47368421052631576,0.0,0.0,0.0
090_120,90,120,RN_ROAD_00111,RN_NODE_00451,RN_NODE_00480,0,RN_ROAD_00111,RN_ROAD_00111,residential,['Janata Vasahat Road'],116.53808923417535,road_line_intersected_raster_cells_all_touched,mapped,6,8.646256173960865e-05,3.419061431486625e-05,6.550276157213375e-05,0.6666666666666666,0.0,0.0,0.0
090_120,90,120,RN_ROAD_00106,RN_NODE_00398,RN_NODE_00403,0,RN_ROAD_00106,RN_ROAD_00106,primary_link,,11.685241840114362,road_line_intersected_raster_cells_all_touched,mapped,2,0.03411979600787163,0.022230771370232105,0.03174199108034372,1.0,0.5,0.0,0.0
090_120,90,120,RN_ROAD_00107,RN_NODE_00398,RN_NODE_00404,0,RN_ROAD_00107,RN_ROAD_00107,primary,['Sinhagad Road'],11.529812368176284,road_line_intersected_raster_cells_all_touched,mapped,3,0.055838920176029205,0.04277820140123367,0.0523463137447834,1.0,1.0,0.0,0.0
090_120,90,120,RN_ROAD_00129,RN_NODE_00403,RN_NODE_00438,0,RN_ROAD_00129,RN_ROAD_00129,primary,['Sinhagad Road'],124.9679812493694,road_line_intersected_raster_cells_all_touched,mapped,7,0.038375888019800186,0.016520886615450894,0.028417148813605315,1.0,0.42857142857142855,0.0,0.0
090_120,90,120,RN_ROAD_00108,RN_NODE_00404,RN_NODE_00399,0,RN_ROAD_00108,RN_ROAD_00108,residential,,14.315540964381475,road_line_intersected_raster_cells_all_touched,mapped,2,0.055838920176029205,0.047107404097914696,0.054092616960406306,1.0,1.0,0.0,0.0
090_120,90,120,RN_ROAD_00130,RN_NODE_00404,RN_NODE_00425,0,RN_ROAD_00130,RN_ROAD_00130,primary,['Sinhagad Road'],81.92638639387098,road_line_intersected_raster_cells_all_touched,mapped,4,0.038375888019800186,0.018502932623960078,0.03331248424947262,1.0,0.5,0.0,0.0
090_120,90,120,RN_ROAD_00109,RN_NODE_00399,RN_NODE_00394,0,RN_ROAD_00109,RN_ROAD_00109,residential,,13.965206832105686,road_line_intersected_raster_cells_all_touched,mapped,1,0.055838920176029205,0.055838920176029205,0.055838920176029205,1.0,1.0,0.0,0.0
090_120,90,120,RN_ROAD_00142,RN_NODE_00399,RN_NODE_00391,0,RN_ROAD_00142,RN_ROAD_00142,residential,,113.12604300619051,road_line_intersected_raster_cells_all_touched,mapped,5,0.058231793344020844,0.04829295873641968,0.057274644076824185,1.0,1.0,0.0,0.0
090_120,90,120,RN_ROAD_00139,RN_NODE_00394,RN_NODE_00374,0,RN_ROAD_00139,RN_ROAD_00139,residential,,53.585187061784524,road_line_intersected_raster_cells_all_touched,mapped,3,0.060502178966999054,0.05593663826584816,0.05956952720880508,1.0,1.0,0.0,0.0
090_120,90,120,RN_ROAD_00140,RN_NODE_00394,RN_NODE_00385,0,RN_ROAD_00140,RN_ROAD_00140,residential,,43.14864233841997,road_line_intersected_raster_cells_all_touched,mapped,3,0.06670311838388443,0.05788152664899826,0.06453027874231339,1.0,1.0,0.0,0.0
090_120,90,120,RN_ROAD_00110,RN_NODE_00487,RN_NODE_00502,0,RN_ROAD_00110,RN_ROAD_00110,residential,['Janata Vasahat Road'],160.44199789733528,road_line_intersected_raster_cells_all_touched,mapped,7,0.001138008781708777,0.000756441178964451,0.0011203212197870016,1.0,0.0,0.0,0.0
090_120,90,120,RN_ROAD_00112,RN_NODE_00487,RN_NODE_00480,0,RN_ROAD_00112,RN_ROAD_00112,residential,['Janata Vasahat Road'],75.96312059419445,road_line_intersected_raster_cells_all_touched,mapped,4,0.0008159085409715772,0.00024428208143945085,0.000594592374545755,1.0,0.0,0.0,0.0
090_120,90,120,RN_ROAD_00113,RN_NODE_00487,RN_NODE_00480,1,RN_ROAD_00113,RN_ROAD_00113,residential,,80.27344559609085,road_line_intersected_raster_cells_all_touched,mapped,4,0.0008159085409715772,0.0004005409482488176,0.0007346397382207216,1.0,0.0,0.0,0.0
090_120,90,120,RN_ROAD_00114,RN_NODE_00505,RN_NODE_00516,0,RN_ROAD_00114,RN_ROAD_00114,primary,['Tanaji Malusare Path'],45.48058410980653,road_line_intersected_raster_cells_all_touched,mapped,2,0.008428595028817654,0.006747749168425798,0.008092425856739282,1.0,0.0,0.0,0.0
090_120,90,120,RN_ROAD_00117,RN_NODE_00505,RN_NODE_00503,0,RN_ROAD_00117,RN_ROAD_00117,primary,['Tanaji Malusare Path'],30.053876706228625,road_line_intersected_raster_cells_all_touched,mapped,2,0.021678229793906212,0.015053412411361933,0.020353266317397357,1.0,0.5,0.0,0.0
090_120,90,120,RN_ROAD_00119,RN_NODE_00505,RN_NODE_00517,0,RN_ROAD_00119,RN_ROAD_00119,residential,,54.96034822555883,road_line_intersected_raster_cells_all_touched,mapped,2,0.008428595028817654,0.006941203493624926,0.008131116721779108,1.0,0.0,0.0,0.0
090_120,90,120,RN_ROAD_00115,RN_NODE_00515,RN_NODE_00497,0,RN_ROAD_00115,RN_ROAD_00115,primary,['Tanaji Malusare Path'],136.05104111833137,road_line_intersected_raster_cells_all_touched,mapped,6,0.03915396332740784,0.020431429070110124,0.03730977699160576,1.0,0.5,0.0,0.0
090_120,90,120,RN_ROAD_00121,RN_NODE_00497,RN_NODE_00498,0,RN_ROAD_00121,RN_ROAD_00121,residential,,10.468915959375558,road_line_intersected_raster_cells_all_touched,mapped,1,0.03915396332740784,0.03915396332740784,0.03915396332740784,1.0,1.0,0.0,0.0
090_120,90,120,RN_ROAD_00123,RN_NODE_00497,RN_NODE_00488,0,RN_ROAD_00123,RN_ROAD_00123,primary,['Tanaji Malusare Path'],108.90698269835133,road_line_intersected_raster_cells_all_touched,mapped,5,0.09337496012449265,0.05503871515393257,0.08229992538690567,1.0,1.0,0.0,0.0
090_120,90,120,RN_ROAD_00116,RN_NODE_00456,RN_NODE_00463,0,RN_ROAD_00116,RN_ROAD_00116,residential,,59.08667461095608,road_line_intersected_raster_cells_all_touched,mapped,3,0.00023260130546987057,0.00016322449422053373,0.00021791662147734313,1.0,0.0,0.0,0.0
090_120,90,120,RN_ROAD_00120,RN_NODE_00456,RN_NODE_00488,0,RN_ROAD_00120,RN_ROAD_00120,residential,,242.8930941847801,road_line_intersected_raster_cells_all_touched,mapped,9,0.09337496012449265,0.016917353808013205,0.044153274595737466,1.0,0.2222222222222222,0.0,0.0
090_120,90,120,RN_ROAD_00131,RN_NODE_00456,RN_NODE_00449,0,RN_ROAD_00131,RN_ROAD_00131,residential,,84.1763534833191,road_line_intersected_raster_cells_all_touched,mapped,5,0.0021061955485492945,0.0007140665125916712,0.0017654071561992168,0.8,0.0,0.0,0.0
090_120,90,120,RN_ROAD_00118,RN_NODE_00503,RN_NODE_00498,0,RN_ROAD_00118,RN_ROAD_00118,primary,['Tanaji Malusare Path'],53.84887709569401,road_line_intersected_raster_cells_all_touched,mapped,4,0.03915396332740784,0.027187282918021083,0.03804745152592659,1.0,0.75,0.0,0.0
090_120,90,120,RN_ROAD_00122,RN_NODE_00503,RN_NODE_00507,0,RN_ROAD_00122,RN_ROAD_00122,residential,,72.64796298078082,road_line_intersected_raster_cells_all_touched,mapped,4,0.021678229793906212,0.01102798932697624,0.01891016522422433,1.0,0.25,0.0,0.0
090_120,90,120,RN_ROAD_00124,RN_NODE_00498,RN_NODE_00490,0,RN_ROAD_00124,RN_ROAD_00124,primary,['Tanaji Malusare Path'],56.45914523801046,road_line_intersected_raster_cells_all_touched,mapped,3,0.03915396332740784,0.02972221312423547,0.0379686675965786,1.0,0.6666666666666666,0.0,0.0
090_120,90,120,RN_ROAD_00126,RN_NODE_00498,RN_NODE_00500,0,RN_ROAD_00126,RN_ROAD_00126,residential,,61.6793681996395,road_line_intersected_raster_cells_all_touched,mapped,4,0.03915396332740784,0.016753227973822504,0.03244333174079657,1.0,0.25,0.0,0.0
090_120,90,120,RN_ROAD_00128,RN_NODE_00488,RN_NODE_00469,0,RN_ROAD_00128,RN_ROAD_00128,primary,['Tanaji Malusare Path'],142.270319038286,road_line_intersected_raster_cells_all_touched,mapped,7,0.09337496012449265,0.06154169089027813,0.08211679905653001,1.0,1.0,0.0,0.0
090_120,90,120,RN_ROAD_00125,RN_NODE_00507,RN_NODE_00510,0,RN_ROAD_00125,RN_ROAD_00125,residential,,13.576181017408409,road_line_intersected_raster_cells_all_touched,mapped,1,0.004528567660599947,0.004528567660599947,0.004528567660599947,1.0,0.0,0.0,0.0
090_120,90,120,RN_ROAD_00150,RN_NODE_00507,RN_NODE_00500,0,RN_ROAD_00150,RN_ROAD_00150,residential,,73.06208550697029,road_line_intersected_raster_cells_all_touched,mapped,4,0.004528567660599947,0.0031456806464120746,0.004328456078656018,1.0,0.0,0.0,0.0
090_120,90,120,RN_ROAD_00127,RN_NODE_00490,RN_NODE_00485,0,RN_ROAD_00127,RN_ROAD_00127,primary,['Tanaji Malusare Path'],106.52342091402076,road_line_intersected_raster_cells_all_touched,mapped,6,0.09337496012449265,0.06327061665554841,0.0857236310839653,1.0,1.0,0.0,0.0
090_120,90,120,RN_ROAD_00149,RN_NODE_00490,RN_NODE_00500,0,RN_ROAD_00149,RN_ROAD_00149,residential,,105.59200991133739,road_line_intersected_raster_cells_all_touched,mapped,4,0.03322748467326164,0.014727524074260145,0.027321134135127073,1.0,0.25,0.0,0.0
090_120,90,120,RN_ROAD_00154,RN_NODE_00500,RN_NODE_00511,0,RN_ROAD_00154,RN_ROAD_00154,residential,,137.25765877616305,road_line_intersected_raster_cells_all_touched,mapped,5,0.003861529054120183,0.0021138329175300896,0.0033457189332693816,1.0,0.0,0.0,0.0
090_120,90,120,RN_ROAD_00153,RN_NODE_00485,RN_NODE_00468,0,RN_ROAD_00153,RN_ROAD_00153,primary,['Tanaji Malusare Path'],94.32401822308833,road_line_intersected_raster_cells_all_touched,mapped,4,0.0746113583445549,0.061931497417390347,0.07030694708228112,1.0,1.0,0.0,0.0
090_120,90,120,RN_ROAD_00155,RN_NODE_00485,RN_NODE_00486,0,RN_ROAD_00155,RN_ROAD_00155,residential,,127.4605055943359,road_line_intersected_raster_cells_all_touched,mapped,6,0.12913177907466888,0.06715465678522985,0.12201093882322311,1.0,1.0,0.3333333333333333,0.0
090_120,90,120,RN_ROAD_00151,RN_NODE_00469,RN_NODE_00449,0,RN_ROAD_00151,RN_ROAD_00151,primary,['Tanaji Malusare Path'],72.05548324266864,road_line_intersected_raster_cells_all_touched,mapped,3,0.057862475514411926,0.038070645881816745,0.05713863372802734,1.0,0.6666666666666666,0.0,0.0
090_120,90,120,RN_ROAD_00152,RN_NODE_00469,RN_NODE_00468,0,RN_ROAD_00152,RN_ROAD_00152,primary_link,,10.44398647907111,road_line_intersected_raster_cells_all_touched,mapped,1,0.057862475514411926,0.057862475514411926,0.057862475514411926,1.0,1.0,0.0,0.0
090_120,90,120,RN_ROAD_00133,RN_NODE_00438,RN_NODE_00443,0,RN_ROAD_00133,RN_ROAD_00133,primary,['Tanaji Malusare Path' 'Sinhagad Road'],11.786148110048545,road_line_intersected_raster_cells_all_touched,mapped,1,0.009514739736914635,0.009514739736914635,0.009514739736914635,1.0,0.0,0.0,0.0
090_120,90,120,RN_ROAD_00135,RN_NODE_00438,RN_NODE_00437,0,RN_ROAD_00135,RN_ROAD_00135,primary,['Lalbahadur Shashtri Marg'],11.829410221436186,road_line_intersected_raster_cells_all_touched,mapped,1,0.009514739736914635,0.009514739736914635,0.009514739736914635,1.0,0.0,0.0,0.0
090_120,90,120,RN_ROAD_00132,RN_NODE_00425,RN_NODE_00437,0,RN_ROAD_00132,RN_ROAD_00132,primary,['Sinhagad Road'],37.83754513399506,road_line_intersected_raster_cells_all_touched,mapped,3,0.021777989342808723,0.012892948153118292,0.019325339421629905,1.0,0.3333333333333333,0.0,0.0
090_120,90,120,RN_ROAD_00158,RN_NODE_00425,RN_NODE_00414,0,RN_ROAD_00158,RN_ROAD_00158,residential,,82.72842717984496,road_line_intersected_raster_cells_all_touched,mapped,5,0.03523823618888855,0.01959692742675543,0.030031008273363115,1.0,0.6,0.0,0.0
090_120,90,120,RN_ROAD_00134,RN_NODE_00449,RN_NODE_00443,0,RN_ROAD_00134,RN_ROAD_00134,primary,['Tanaji Malusare Path'],16.12908526003169,road_line_intersected_raster_cells_all_touched,mapped,2,0.009514739736914635,0.005810467642731965,0.0087738853180781,1.0,0.0,0.0,0.0
090_120,90,120,RN_ROAD_00137,RN_NODE_00437,RN_NODE_00441,0,RN_ROAD_00137,RN_ROAD_00137,primary,['Sinhagad Road'],10.250288392928798,road_line_intersected_raster_cells_all_touched,mapped,1,0.009514739736914635,0.009514739736914635,0.009514739736914635,1.0,0.0,0.0,0.0
090_120,90,120,RN_ROAD_00159,RN_NODE_00437,RN_NODE_00434,0,RN_ROAD_00159,RN_ROAD_00159,primary,['Lalbahadur Shashtri Marg'],70.49584305613865,road_line_intersected_raster_cells_all_touched,mapped,5,0.024975331500172615,0.011068950034677982,0.018791094794869425,1.0,0.2,0.0,0.0
090_120,90,120,RN_ROAD_00136,RN_NODE_00443,RN_NODE_00441,0,RN_ROAD_00136,RN_ROAD_00136,primary,['Lalbahadur Shashtri Marg'],10.827742355347945,road_line_intersected_raster_cells_all_touched,mapped,1,0.009514739736914635,0.009514739736914635,0.009514739736914635,1.0,0.0,0.0,0.0
090_120,90,120,RN_ROAD_00138,RN_NODE_00441,RN_NODE_00468,0,RN_ROAD_00138,RN_ROAD_00138,primary,['Tanaji Malusare Path'],91.3417858176492,road_line_intersected_raster_cells_all_touched,mapped,4,0.057862475514411926,0.030931669345591217,0.056776712834835055,1.0,0.5,0.0,0.0
090_120,90,120,RN_ROAD_00161,RN_NODE_00441,RN_NODE_00432,0,RN_ROAD_00161,RN_ROAD_00161,primary,['Lalbahadur Shashtri Marg' 'Dandekar Bridge'],188.44953123666878,road_line_intersected_raster_cells_all_touched,mapped,9,0.10918478667736053,0.036382757851647005,0.08270094096660614,1.0,0.4444444444444444,0.1111111111111111,0.0
090_120,90,120,RN_ROAD_00141,RN_NODE_00385,RN_NODE_00371,0,RN_ROAD_00141,RN_ROAD_00141,residential,,45.3290526689984,road_line_intersected_raster_cells_all_touched,mapped,3,0.08942636847496033,0.07799522330363591,0.08711233139038085,1.0,1.0,0.0,0.0
090_120,90,120,RN_ROAD_00143,RN_NODE_00385,RN_NODE_00377,0,RN_ROAD_00143,RN_ROAD_00143,residential,,63.74843124119214,road_line_intersected_raster_cells_all_touched,mapped,3,0.10345350950956345,0.07424049451947212,0.09610343128442764,1.0,1.0,0.3333333333333333,0.0
090_120,90,120,RN_ROAD_00145,RN_NODE_00391,RN_NODE_00384,0,RN_ROAD_00145,RN_ROAD_00145,residential,,17.87403692737785,road_line_intersected_raster_cells_all_touched,mapped,2,0.044913362711668015,0.03366644121706486,0.04266397841274738,1.0,1.0,0.0,0.0
090_120,90,120,RN_ROAD_00146,RN_NODE_00391,RN_NODE_00414,0,RN_ROAD_00146,RN_ROAD_00146,residential,,69.01046780628735,road_line_intersected_raster_cells_all_touched,mapped,3,0.044913362711668015,0.024322539567947388,0.039269115403294565,1.0,0.3333333333333333,0.0,0.0
090_120,90,120,RN_ROAD_00144,RN_NODE_00377,RN_NODE_00384,0,RN_ROAD_00144,RN_ROAD_00144,residential,,17.99821886477529,road_line_intersected_raster_cells_all_touched,mapped,2,0.05256485566496849,0.037492187693715096,0.049550322070717814,1.0,1.0,0.0,0.0
090_120,90,120,RN_ROAD_00147,RN_NODE_00377,RN_NODE_00370,0,RN_ROAD_00147,RN_ROAD_00147,residential,,47.10927462532197,road_line_intersected_raster_cells_all_touched,mapped,4,0.10192480683326721,0.05185393709689379,0.0871168214827776,1.0,1.0,0.25,0.0
090_120,90,120,RN_ROAD_00148,RN_NODE_00384,RN_NODE_00381,0,RN_ROAD_00148,RN_ROAD_00148,residential,,49.69367043246291,road_line_intersected_raster_cells_all_touched,mapped,2,0.0224195197224617,0.022137180902063847,0.02236305195838213,1.0,1.0,0.0,0.0
090_120,90,120,RN_ROAD_00160,RN_NODE_00414,RN_NODE_00434,0,RN_ROAD_00160,RN_ROAD_00160,residential,,47.74695991320392,road_line_intersected_raster_cells_all_touched,mapped,3,0.024975331500172615,0.01505934881667296,0.02225269116461277,1.0,0.3333333333333333,0.0,0.0
090_120,90,120,RN_ROAD_00168,RN_NODE_00370,RN_NODE_00361,0,RN_ROAD_00168,RN_ROAD_00168,residential,,24.556447207799554,road_line_intersected_raster_cells_all_touched,mapped,2,0.06250504404306412,0.04615216143429279,0.059234467521309855,1.0,1.0,0.0,0.0
090_120,90,120,RN_ROAD_00169,RN_NODE_00370,RN_NODE_00381,0,RN_ROAD_00169,RN_ROAD_00169,residential,,47.772894267869745,road_line_intersected_raster_cells_all_touched,mapped,2,0.02979927882552147,0.02582706045359373,0.029004835151135923,1.0,1.0,0.0,0.0
090_120,90,120,RN_ROAD_00171,RN_NODE_00381,RN_NODE_00397,0,RN_ROAD_00171,RN_ROAD_00171,residential,,45.38918699815148,road_line_intersected_raster_cells_all_touched,mapped,3,0.21406279504299164,0.09210076617697875,0.17932716831564904,1.0,1.0,0.3333333333333333,0.0
090_120,90,120,RN_ROAD_00156,RN_NODE_00508,RN_NODE_00518,0,RN_ROAD_00156,RN_ROAD_00156,residential,,24.280471587472228,road_line_intersected_raster_cells_all_touched,mapped,1,0.0,0.0,0.0,0.0,0.0,0.0,0.0
090_120,90,120,RN_ROAD_00157,RN_NODE_00491,RN_NODE_00499,0,RN_ROAD_00157,RN_ROAD_00157,residential,,75.27168155756657,road_line_intersected_raster_cells_all_touched,mapped,4,0.0008520723204128444,0.0004496534149893705,0.0007851757225580514,1.0,0.0,0.0,0.0
090_120,90,120,RN_ROAD_00162,RN_NODE_00434,RN_NODE_00428,0,RN_ROAD_00162,RN_ROAD_00162,primary,['Lalbahadur Shashtri Marg' 'Dandekar Bridge'],120.7233951065441,road_line_intersected_raster_cells_all_touched,mapped,4,0.3178848922252655,0.10884636919945478,0.24534341841936114,1.0,0.75,0.25,0.25
090_120,90,120,RN_ROAD_00163,RN_NODE_00432,RN_NODE_00428,0,RN_ROAD_00163,RN_ROAD_00163,primary,['Barrister Nath Pai Chowk'],16.512293120111337,road_line_intersected_raster_cells_all_touched,mapped,2,0.016445273533463478,0.011706800200045109,0.015497578866779804,1.0,0.0,0.0,0.0
090_120,90,120,RN_ROAD_00164,RN_NODE_00432,RN_NODE_00435,0,RN_ROAD_00164,RN_ROAD_00164,primary,['Barrister Nath Pai Chowk'],5.293753326220019,road_line_intersected_raster_cells_all_touched,mapped,1,0.0069683268666267395,0.0069683268666267395,0.0069683268666267395,1.0,0.0,0.0,0.0
090_120,90,120,RN_ROAD_00165,RN_NODE_00428,RN_NODE_00427,0,RN_ROAD_00165,RN_ROAD_00165,primary,['Barrister Nath Pai Chowk'],8.975350119755786,road_line_intersected_raster_cells_all_touched,mapped,2,0.016445273533463478,0.011706800200045109,0.015497578866779804,1.0,0.0,0.0,0.0
090_120,90,120,RN_ROAD_00166,RN_NODE_00435,RN_NODE_00433,0,RN_ROAD_00166,RN_ROAD_00166,primary,['Barrister Nath Pai Chowk'],29.565301722604882,road_line_intersected_raster_cells_all_touched,mapped,2,0.007437300868332386,0.007202813867479563,0.007390403468161821,1.0,0.0,0.0,0.0
090_120,90,120,RN_ROAD_00167,RN_NODE_00435,RN_NODE_00447,0,RN_ROAD_00167,RN_ROAD_00167,tertiary,['Madhavrao Peshve Marg'],45.54545036986926,road_line_intersected_raster_cells_all_touched,mapped,4,0.039223119616508484,0.016542452736757696,0.03113244371488691,1.0,0.25,0.0,0.0
090_120,90,120,RN_ROAD_00188,RN_NODE_00427,RN_NODE_00422,0,RN_ROAD_00188,RN_ROAD_00188,primary,['Barrister Nath Pai Chowk'],27.465265817507753,road_line_intersected_raster_cells_all_touched,mapped,2,0.007437300868332386,0.007202813867479563,0.007390403468161821,1.0,0.0,0.0,0.0
090_120,90,120,RN_ROAD_00190,RN_NODE_00433,RN_NODE_00447,0,RN_ROAD_00190,RN_ROAD_00190,tertiary,['Madhavrao Peshve Marg'],34.139300763499996,road_line_intersected_raster_cells_all_touched,mapped,3,0.039223119616508484,0.01963820680975914,0.0338293356820941,1.0,0.3333333333333333,0.0,0.0
090_120,90,120,RN_ROAD_00193,RN_NODE_00433,RN_NODE_00430,0,RN_ROAD_00193,RN_ROAD_00193,primary,['Barrister Nath Pai Chowk'],7.5684092656252675,road_line_intersected_raster_cells_all_touched,mapped,1,0.007437300868332386,0.007437300868332386,0.007437300868332386,1.0,0.0,0.0,0.0
090_120,90,120,RN_ROAD_00195,RN_NODE_00447,RN_NODE_00450,0,RN_ROAD_00195,RN_ROAD_00195,tertiary,['Madhavrao Peshve Marg'],20.1726046626495,road_line_intersected_raster_cells_all_touched,mapped,1,0.039223119616508484,0.039223119616508484,0.039223119616508484,1.0,1.0,0.0,0.0
090_120,90,120,RN_ROAD_00170,RN_NODE_00361,RN_NODE_00376,0,RN_ROAD_00170,RN_ROAD_00170,residential,,52.085846791904686,road_line_intersected_raster_cells_all_touched,mapped,3,0.11023837327957153,0.06751423204938571,0.10069170743227004,1.0,1.0,0.3333333333333333,0.0
090_120,90,120,RN_ROAD_00174,RN_NODE_00359,RN_NODE_00360,0,RN_ROAD_00174,RN_ROAD_00174,residential,,39.24696699102281,road_line_intersected_raster_cells_all_touched,mapped,3,0.09399163722991943,0.032151736047429345,0.07558502377942206,1.0,0.3333333333333333,0.0,0.0
090_120,90,120,RN_ROAD_00175,RN_NODE_00359,RN_NODE_00348,0,RN_ROAD_00175,RN_ROAD_00175,residential,,40.585040476822286,road_line_intersected_raster_cells_all_touched,mapped,4,0.0022393041290342808,0.0010242098214803264,0.0018226342741400007,1.0,0.0,0.0,0.0
090_120,90,120,RN_ROAD_00176,RN_NODE_00359,RN_NODE_00396,0,RN_ROAD_00176,RN_ROAD_00176,residential,,101.24939391440986,road_line_intersected_raster_cells_all_touched,mapped,4,0.012228713370859623,0.005235250857367646,0.010901355324313045,1.0,0.0,0.0,0.0
090_120,90,120,RN_ROAD_00314,RN_NODE_00348,RN_NODE_00351,0,RN_ROAD_00314,RN_ROAD_00314,residential,,37.968675117771724,road_line_intersected_raster_cells_all_touched,mapped,2,0.008919794112443924,0.004885099362581968,0.008112855162471533,1.0,0.0,0.0,0.0
090_120,90,120,RN_ROAD_00319,RN_NODE_00348,RN_NODE_00335,0,RN_ROAD_00319,RN_ROAD_00319,residential,,44.68106970370976,road_line_intersected_raster_cells_all_touched,mapped,2,0.000954200339037925,0.0009023024758789688,0.0009438207664061338,1.0,0.0,0.0,0.0
090_120,90,120,RN_ROAD_00322,RN_NODE_00348,RN_NODE_00347,0,RN_ROAD_00322,RN_ROAD_00322,residential,,68.87895886951469,road_line_intersected_raster_cells_all_touched,mapped,4,0.009075162000954151,0.0026316709199818433,0.006607734784483911,1.0,0.0,0.0,0.0
090_120,90,120,RN_ROAD_00177,RN_NODE_00396,RN_NODE_00395,0,RN_ROAD_00177,RN_ROAD_00177,residential,,72.96437348805723,road_line_intersected_raster_cells_all_touched,mapped,3,0.010521983727812767,0.00933890308563908,0.010355694778263569,1.0,0.0,0.0,0.0
090_120,90,120,RN_ROAD_00191,RN_NODE_00396,RN_NODE_00422,0,RN_ROAD_00191,RN_ROAD_00191,residential,,77.28031718830532,road_line_intersected_raster_cells_all_touched,mapped,4,0.015019618906080723,0.010953469318337739,0.014579564519226552,1.0,0.0,0.0,0.0
090_120,90,120,RN_ROAD_00396,RN_NODE_00395,RN_NODE_00419,0,RN_ROAD_00396,RN_ROAD_00396,residential,,75.56282543703307,road_line_intersected_raster_cells_all_touched,mapped,4,0.038265179842710495,0.01843866752460599,0.03121185498312116,1.0,0.25,0.0,0.0
090_120,90,120,RN_ROAD_00415,RN_NODE_00395,RN_NODE_00369,0,RN_ROAD_00415,RN_ROAD_00415,residential,,74.84001520024054,road_line_intersected_raster_cells_all_touched,mapped,4,0.009690538980066776,0.006803220108849928,0.0096413629129529,1.0,0.0,0.0,0.0
090_120,90,120,RN_ROAD_00417,RN_NODE_00395,RN_NODE_00389,0,RN_ROAD_00417,RN_ROAD_00417,residential,,36.64959388201751,road_line_intersected_raster_cells_all_touched,mapped,2,0.014436810277402401,0.012063674628734589,0.013962183147668839,1.0,0.0,0.0,0.0
090_120,90,120,RN_ROAD_00178,RN_NODE_00519,RN_NODE_00501,0,RN_ROAD_00178,RN_ROAD_00178,residential,,93.88153007625391,road_line_intersected_raster_cells_all_touched,mapped,4,0.00024666060926392674,0.0001492167220931151,0.0002352098817937076,1.0,0.0,0.0,0.0
090_120,90,120,RN_ROAD_00179,RN_NODE_00509,RN_NODE_00514,0,RN_ROAD_00179,RN_ROAD_00179,residential,,66.49556106324535,road_line_intersected_raster_cells_all_touched,mapped,3,0.002527308650314808,0.0015774407268812258,0.0022801046026870607,1.0,0.0,0.0,0.0
090_120,90,120,RN_ROAD_00181,RN_NODE_00514,RN_NODE_00496,0,RN_ROAD_00181,RN_ROAD_00181,residential,,112.52595144851557,road_line_intersected_raster_cells_all_touched,mapped,5,0.008739493787288666,0.004513275949284435,0.00694393701851368,1.0,0.0,0.0,0.0
090_120,90,120,RN_ROAD_00184,RN_NODE_00514,RN_NODE_00513,0,RN_ROAD_00184,RN_ROAD_00184,residential,,60.51136740802053,road_line_intersected_raster_cells_all_touched,mapped,3,0.005509627982974052,0.0039894299892087775,0.005193973053246736,1.0,0.0,0.0,0.0
090_120,90,120,RN_ROAD_00180,RN_NODE_00496,RN_NODE_00492,0,RN_ROAD_00180,RN_ROAD_00180,residential,,24.837175012920326,road_line_intersected_raster_cells_all_touched,mapped,2,0.008739493787288666,0.008382654748857021,0.008668125979602337,1.0,0.0,0.0,0.0
090_120,90,120,RN_ROAD_00183,RN_NODE_00496,RN_NODE_00495,0,RN_ROAD_00183,RN_ROAD_00183,residential,,38.61771156641344,road_line_intersected_raster_cells_all_touched,mapped,3,0.019388386979699135,0.015525678172707558,0.01920054033398628,1.0,0.0,0.0,0.0
090_120,90,120,RN_ROAD_00182,RN_NODE_00450,RN_NODE_00464,0,RN_ROAD_00182,RN_ROAD_00182,tertiary,['Madhavrao Peshve Marg'],49.44877547787121,road_line_intersected_raster_cells_all_touched,mapped,3,0.039223119616508484,0.017076280356074374,0.03309126328676939,1.0,0.3333333333333333,0.0,0.0
090_120,90,120,RN_ROAD_00189,RN_NODE_00450,RN_NODE_00459,0,RN_ROAD_00189,RN_ROAD_00189,residential,,40.03954017674623,road_line_intersected_raster_cells_all_touched,mapped,3,0.039223119616508484,0.017463373408342402,0.03332351911813021,1.0,0.3333333333333333,0.0,0.0
090_120,90,120,RN_ROAD_00197,RN_NODE_00450,RN_NODE_00448,0,RN_ROAD_00197,RN_ROAD_00197,residential,,53.21906804539485,road_line_intersected_raster_cells_all_touched,mapped,3,0.039223119616508484,0.02032074611634016,0.03389020953327417,1.0,0.3333333333333333,0.0,0.0
090_120,90,120,RN_ROAD_00186,RN_NODE_00464,RN_NODE_00462,0,RN_ROAD_00186,RN_ROAD_00186,residential,,42.44714316652112,road_line_intersected_raster_cells_all_touched,mapped,2,0.009415497072041035,0.008989667519927025,0.009330331161618233,1.0,0.0,0.0,0.0
090_120,90,120,RN_ROAD_00187,RN_NODE_00464,RN_NODE_00484,0,RN_ROAD_00187,RN_ROAD_00187,tertiary,['Madhavrao Peshve Marg'],120.54935301446274,road_line_intersected_raster_cells_all_touched,mapped,7,0.01223664078861475,0.003580302274453321,0.01003295909613371,0.7142857142857143,0.0,0.0,0.0
090_120,90,120,RN_ROAD_00185,RN_NODE_00495,RN_NODE_00489,0,RN_ROAD_00185,RN_ROAD_00185,residential,,51.88566217261621,road_line_intersected_raster_cells_all_touched,mapped,3,0.034515492618083954,0.026832280059655506,0.03293098621070385,1.0,0.6666666666666666,0.0,0.0
090_120,90,120,RN_ROAD_00404,RN_NODE_00495,RN_NODE_00494,0,RN_ROAD_00404,RN_ROAD_00404,residential,,22.845177254038568,road_line_intersected_raster_cells_all_touched,mapped,1,0.019388386979699135,0.019388386979699135,0.019388386979699135,1.0,0.0,0.0,0.0
090_120,90,120,RN_ROAD_00405,RN_NODE_00513,RN_NODE_00494,0,RN_ROAD_00405,RN_ROAD_00405,residential,,113.3340964507249,road_line_intersected_raster_cells_all_touched,mapped,5,0.019388386979699135,0.009169098362326622,0.01575554609298706,1.0,0.0,0.0,0.0
090_120,90,120,RN_ROAD_00408,RN_NODE_00513,RN_NODE_00512,0,RN_ROAD_00408,RN_ROAD_00408,residential,,38.977716564484794,road_line_intersected_raster_cells_all_touched,mapped,3,0.005509627982974052,0.0029887525112523385,0.005042408406734466,1.0,0.0,0.0,0.0
090_120,90,120,RN_ROAD_00409,RN_NODE_00462,RN_NODE_00482,0,RN_ROAD_00409,RN_ROAD_00409,residential,,125.91349719515188,road_line_intersected_raster_cells_all_touched,mapped,7,0.009415497072041035,0.002072894922613549,0.005713149951770904,0.5714285714285714,0.0,0.0,0.0
090_120,90,120,RN_ROAD_00412,RN_NODE_00462,RN_NODE_00454,0,RN_ROAD_00412,RN_ROAD_00412,residential,,68.15802449183667,road_line_intersected_raster_cells_all_touched,mapped,5,0.009415497072041035,0.0061095084995031355,0.00912205334752798,1.0,0.0,0.0,0.0
090_120,90,120,RN_ROAD_00407,RN_NODE_00484,RN_NODE_00493,0,RN_ROAD_00407,RN_ROAD_00407,tertiary,['Madhavrao Peshve Marg'],151.42783042971755,road_line_intersected_raster_cells_all_touched,mapped,6,0.03671610727906227,0.019510698776381712,0.032440085895359516,1.0,0.5,0.0,0.0
090_120,90,120,RN_ROAD_00410,RN_NODE_00484,RN_NODE_00482,0,RN_ROAD_00410,RN_ROAD_00410,tertiary,['Baburao Phule Path'],43.36285704283589,road_line_intersected_raster_cells_all_touched,mapped,2,0.002948848297819495,0.0023841099464334548,0.002835900627542287,1.0,0.0,0.0,0.0
090_120,90,120,RN_ROAD_00192,RN_NODE_00422,RN_NODE_00424,0,RN_ROAD_00192,RN_ROAD_00192,primary,['Barrister Nath Pai Chowk'],3.454841232823886,road_line_intersected_raster_cells_all_touched,mapped,1,0.007437300868332386,0.007437300868332386,0.007437300868332386,1.0,0.0,0.0,0.0
090_120,90,120,RN_ROAD_00194,RN_NODE_00424,RN_NODE_00430,0,RN_ROAD_00194,RN_ROAD_00194,primary,['Barrister Nath Pai Chowk'],16.27953871942635,road_line_intersected_raster_cells_all_touched,mapped,1,0.007437300868332386,0.007437300868332386,0.007437300868332386,1.0,0.0,0.0,0.0
090_120,90,120,RN_ROAD_00394,RN_NODE_00424,RN_NODE_00419,0,RN_ROAD_00394,RN_ROAD_00394,primary,['Lalbahadur Shashtri Marg'],83.34327025328123,road_line_intersected_raster_cells_all_touched,mapped,5,0.038265179842710495,0.013535529281944037,0.027377049624919894,1.0,0.2,0.0,0.0
090_120,90,120,RN_ROAD_00196,RN_NODE_00430,RN_NODE_00429,0,RN_ROAD_00196,RN_ROAD_00196,primary,['Lalbahadur Shashtri Marg'],53.98639280086231,road_line_intersected_raster_cells_all_touched,mapped,3,0.007437300868332386,0.006122537422925234,0.0072846544906497,1.0,0.0,0.0,0.0
090_120,90,120,RN_ROAD_00395,RN_NODE_00429,RN_NODE_00448,0,RN_ROAD_00395,RN_ROAD_00395,residential,,51.865832973703135,road_line_intersected_raster_cells_all_touched,mapped,3,0.009180549532175064,0.00798532273620367,0.008964709565043449,1.0,0.0,0.0,0.0
090_120,90,120,RN_ROAD_00397,RN_NODE_00429,RN_NODE_00420,0,RN_ROAD_00397,RN_ROAD_00397,primary,['Lalbahadur Shashtri Marg'],77.30501554487705,road_line_intersected_raster_cells_all_touched,mapped,4,0.06750860810279846,0.03218459407798946,0.05569095388054848,1.0,0.75,0.0,0.0
090_120,90,120,RN_ROAD_00398,RN_NODE_00448,RN_NODE_00439,0,RN_ROAD_00398,RN_ROAD_00398,residential,,76.575133742593,road_line_intersected_raster_cells_all_touched,mapped,4,0.018606675788760185,0.012755591189488769,0.01756480997428298,1.0,0.0,0.0,0.0
090_120,90,120,RN_ROAD_00198,RN_NODE_00166,RN_NODE_00165,0,RN_ROAD_00198,RN_ROAD_00198,tertiary,['Dattawadi Road'],23.711591631033937,road_line_intersected_raster_cells_all_touched,mapped,1,0.0007603733101859689,0.0007603733101859689,0.0007603733101859689,1.0,0.0,0.0,0.0
090_120,90,120,RN_ROAD_00199,RN_NODE_00166,RN_NODE_00141,0,RN_ROAD_00199,RN_ROAD_00199,residential,,61.1673939522506,road_line_intersected_raster_cells_all_touched,mapped,3,0.0007603733101859689,0.0003591560380300507,0.0006428187072742731,1.0,0.0,0.0,0.0
090_120,90,120,RN_ROAD_00200,RN_NODE_00141,RN_NODE_00140,0,RN_ROAD_00200,RN_ROAD_00200,residential,,42.2760922799476,road_line_intersected_raster_cells_all_touched,mapped,3,0.0006818923866376281,0.000399458353058435,0.0006199115421622991,1.0,0.0,0.0,0.0
090_120,90,120,RN_ROAD_00207,RN_NODE_00141,RN_NODE_00110,0,RN_ROAD_00207,RN_ROAD_00207,residential,,148.47841605228805,road_line_intersected_raster_cells_all_touched,mapped,6,0.00029612574144266546,0.00012436289186249874,0.00026609990163706243,1.0,0.0,0.0,0.0
090_120,90,120,RN_ROAD_00202,RN_NODE_00140,RN_NODE_00138,0,RN_ROAD_00202,RN_ROAD_00202,residential,,29.08650734321614,road_line_intersected_raster_cells_all_touched,mapped,1,0.0006818923866376281,0.0006818923866376281,0.0006818923866376281,1.0,0.0,0.0,0.0
090_120,90,120,RN_ROAD_00212,RN_NODE_00140,RN_NODE_00122,0,RN_ROAD_00212,RN_ROAD_00212,residential,,100.78909039161152,road_line_intersected_raster_cells_all_touched,mapped,4,0.009653696790337563,0.00384060776559636,0.007849978492595257,1.0,0.0,0.0,0.0
090_120,90,120,RN_ROAD_00205,RN_NODE_00138,RN_NODE_00139,0,RN_ROAD_00205,RN_ROAD_00205,residential,,20.0521726676243,road_line_intersected_raster_cells_all_touched,mapped,2,0.005867523606866598,0.003274707996752113,0.0053489604848437015,1.0,0.0,0.0,0.0
090_120,90,120,RN_ROAD_00206,RN_NODE_00168,RN_NODE_00139,0,RN_ROAD_00206,RN_ROAD_00206,residential,,62.80789832791941,road_line_intersected_raster_cells_all_touched,mapped,3,0.009233037941157818,0.006275765520210068,0.008559935074299575,1.0,0.0,0.0,0.0
090_120,90,120,RN_ROAD_00217,RN_NODE_00168,RN_NODE_00171,0,RN_ROAD_00217,RN_ROAD_00217,tertiary,['Dattawadi Road'],33.763713386290256,road_line_intersected_raster_cells_all_touched,mapped,3,0.009233037941157818,0.006462667758266131,0.008724571298807859,1.0,0.0,0.0,0.0
090_120,90,120,RN_ROAD_00213,RN_NODE_00139,RN_NODE_00104,0,RN_ROAD_00213,RN_ROAD_00213,residential,,180.55598741026415,road_line_intersected_raster_cells_all_touched,mapped,7,0.01805591769516468,0.007009593858258866,0.015699267946183683,1.0,0.0,0.0,0.0
090_120,90,120,RN_ROAD_00208,RN_NODE_00110,RN_NODE_00101,0,RN_ROAD_00208,RN_ROAD_00208,residential,,43.93787846212482,road_line_intersected_raster_cells_all_touched,mapped,1,1.4873190593789332e-05,1.4873190593789332e-05,1.4873190593789332e-05,1.0,0.0,0.0,0.0
090_120,90,120,RN_ROAD_00209,RN_NODE_00110,RN_NODE_00109,0,RN_ROAD_00209,RN_ROAD_00209,residential,,38.916777274479244,road_line_intersected_raster_cells_all_touched,mapped,2,2.4470713469781913e-05,1.9671952031785622e-05,2.3510961182182654e-05,1.0,0.0,0.0,0.0
090_120,90,120,RN_ROAD_00210,RN_NODE_00109,RN_NODE_00103,0,RN_ROAD_00210,RN_ROAD_00210,residential,,35.50854082983085,road_line_intersected_raster_cells_all_touched,mapped,2,2.4470713469781913e-05,1.948116960193147e-05,2.3472804696211824e-05,1.0,0.0,0.0,0.0
090_120,90,120,RN_ROAD_00211,RN_NODE_00109,RN_NODE_00119,0,RN_ROAD_00211,RN_ROAD_00211,residential,,23.86233557837472,road_line_intersected_raster_cells_all_touched,mapped,2,4.410162728163414e-05,3.4286170375708025e-05,4.213853590044892e-05,1.0,0.0,0.0,0.0
090_120,90,120,RN_ROAD_00214,RN_NODE_00114,RN_NODE_00113,0,RN_ROAD_00214,RN_ROAD_00214,residential,,25.95861190557072,road_line_intersected_raster_cells_all_touched,mapped,2,0.011985872872173786,0.006073361735616345,0.010803370644862299,1.0,0.0,0.0,0.0
090_120,90,120,RN_ROAD_00216,RN_NODE_00113,RN_NODE_00107,0,RN_ROAD_00216,RN_ROAD_00216,residential,,51.616018334058886,road_line_intersected_raster_cells_all_touched,mapped,3,0.011985872872173786,0.004527436006659021,0.009843349084258081,1.0,0.0,0.0,0.0
090_120,90,120,RN_ROAD_00229,RN_NODE_00113,RN_NODE_00120,0,RN_ROAD_00229,RN_ROAD_00229,residential,,25.687960609079266,road_line_intersected_raster_cells_all_touched,mapped,2,0.011985872872173786,0.009537128964439034,0.011496124090626836,1.0,0.0,0.0,0.0
090_120,90,120,RN_ROAD_00215,RN_NODE_00121,RN_NODE_00120,0,RN_ROAD_00215,RN_ROAD_00215,residential,,25.484884391371224,road_line_intersected_raster_cells_all_touched,mapped,2,0.007088385056704283,0.0059145239647477865,0.0068536128383129835,1.0,0.0,0.0,0.0
090_120,90,120,RN_ROAD_00230,RN_NODE_00120,RN_NODE_00123,0,RN_ROAD_00230,RN_ROAD_00230,residential,,26.342550618373256,road_line_intersected_raster_cells_all_touched,mapped,2,0.012447736226022243,0.009768060641363263,0.011911801109090448,1.0,0.0,0.0,0.0
090_120,90,120,RN_ROAD_00218,RN_NODE_00171,RN_NODE_00185,0,RN_ROAD_00218,RN_ROAD_00218,residential,,34.60001570096885,road_line_intersected_raster_cells_all_touched,mapped,2,0.004430199041962624,0.003947229823097587,0.0043336051981896166,1.0,0.0,0.0,0.0
090_120,90,120,RN_ROAD_00221,RN_NODE_00173,RN_NODE_00127,0,RN_ROAD_00221,RN_ROAD_00221,residential,,110.36880758273932,road_line_intersected_raster_cells_all_touched,mapped,5,0.02204257994890213,0.01666769664734602,0.02031325697898865,1.0,0.2,0.0,0.0
090_120,90,120,RN_ROAD_00232,RN_NODE_00127,RN_NODE_00125,0,RN_ROAD_00232,RN_ROAD_00232,residential,,33.8522105579885,road_line_intersected_raster_cells_all_touched,mapped,2,0.017719272524118423,0.015083504375070333,0.017192118894308807,1.0,0.0,0.0,0.0
090_120,90,120,RN_ROAD_00233,RN_NODE_00127,RN_NODE_00118,0,RN_ROAD_00233,RN_ROAD_00233,residential,,83.00094768295304,road_line_intersected_raster_cells_all_touched,mapped,4,0.017719272524118423,0.012310316669754684,0.01613781163468957,1.0,0.0,0.0,0.0
090_120,90,120,RN_ROAD_00223,RN_NODE_00129,RN_NODE_00130,0,RN_ROAD_00223,RN_ROAD_00223,residential,,32.89279538752702,road_line_intersected_raster_cells_all_touched,mapped,2,0.002626394620165229,0.002371628535911441,0.002575441403314471,1.0,0.0,0.0,0.0
090_120,90,120,RN_ROAD_00224,RN_NODE_00130,RN_NODE_00149,0,RN_ROAD_00224,RN_ROAD_00224,residential,,55.605474866051736,road_line_intersected_raster_cells_all_touched,mapped,3,0.01689571887254715,0.008617206243798137,0.014782476145774126,1.0,0.0,0.0,0.0
090_120,90,120,RN_ROAD_00225,RN_NODE_00130,RN_NODE_00132,0,RN_ROAD_00225,RN_ROAD_00225,residential,,34.538218934489144,road_line_intersected_raster_cells_all_touched,mapped,2,0.002626394620165229,0.002351942122913897,0.0025715041207149624,1.0,0.0,0.0,0.0
090_120,90,120,RN_ROAD_00236,RN_NODE_00132,RN_NODE_00136,0,RN_ROAD_00236,RN_ROAD_00236,residential,,43.04473956607721,road_line_intersected_raster_cells_all_touched,mapped,3,0.015715042129158974,0.00945747441922625,0.014688012003898621,1.0,0.0,0.0,0.0
090_120,90,120,RN_ROAD_00227,RN_NODE_00124,RN_NODE_00123,0,RN_ROAD_00227,RN_ROAD_00227,residential,,23.141031158802942,road_line_intersected_raster_cells_all_touched,mapped,2,0.012447736226022243,0.010263499803841114,0.012010888941586018,1.0,0.0,0.0,0.0
090_120,90,120,RN_ROAD_00231,RN_NODE_00123,RN_NODE_00125,0,RN_ROAD_00231,RN_ROAD_00231,residential,,27.65176740977875,road_line_intersected_raster_cells_all_touched,mapped,1,0.012447736226022243,0.012447736226022243,0.012447736226022243,1.0,0.0,0.0,0.0
090_120,90,120,RN_ROAD_00228,RN_NODE_00126,RN_NODE_00125,0,RN_ROAD_00228,RN_ROAD_00228,residential,,22.284229795471415,road_line_intersected_raster_cells_all_touched,mapped,3,0.012447736226022243,0.010503399185836315,0.012154828570783139,1.0,0.0,0.0,0.0
090_120,90,120,RN_ROAD_00234,RN_NODE_00090,RN_NODE_00068,0,RN_ROAD_00234,RN_ROAD_00234,secondary,['Raja Mantri Path'],542.1684999454002,road_line_intersected_raster_cells_all_touched,mapped,23,0.19845972955226898,0.034086950194171586,0.087082938849926,0.8260869565217391,0.43478260869565216,0.08695652173913043,0.0
090_120,90,120,RN_ROAD_00284,RN_NODE_00090,RN_NODE_00088,0,RN_ROAD_00284,RN_ROAD_00284,secondary_link,,8.880744024180427,road_line_intersected_raster_cells_all_touched,mapped,1,0.052458181977272034,0.052458181977272034,0.052458181977272034,1.0,1.0,0.0,0.0
090_120,90,120,RN_ROAD_00286,RN_NODE_00090,RN_NODE_00092,0,RN_ROAD_00286,RN_ROAD_00286,secondary,['Raja Mantri Path'],181.64061004240045,road_line_intersected_raster_cells_all_touched,mapped,7,0.052458181977272034,0.027932934995208467,0.044307134300470355,1.0,0.5714285714285714,0.0,0.0
090_120,90,120,RN_ROAD_00235,RN_NODE_00066,RN_NODE_00088,0,RN_ROAD_00235,RN_ROAD_00235,secondary,['Raja Mantri Path'],535.0824107204273,road_line_intersected_raster_cells_all_touched,mapped,23,0.19845972955226898,0.03463620227842551,0.087082938849926,0.8260869565217391,0.43478260869565216,0.08695652173913043,0.0
090_120,90,120,RN_ROAD_00285,RN_NODE_00088,RN_NODE_00086,0,RN_ROAD_00285,RN_ROAD_00285,secondary,['Raja Mantri Path'],181.77458684106534,road_line_intersected_raster_cells_all_touched,mapped,7,0.052458181977272034,0.027932934995208467,0.044307134300470355,1.0,0.5714285714285714,0.0,0.0
090_120,90,120,RN_ROAD_00238,RN_NODE_00136,RN_NODE_00150,0,RN_ROAD_00238,RN_ROAD_00238,residential,,44.72295405595635,road_line_intersected_raster_cells_all_touched,mapped,2,0.021807316690683365,0.01876117940992117,0.021198089234530926,1.0,0.5,0.0,0.0
090_120,90,120,RN_ROAD_00240,RN_NODE_00136,RN_NODE_00164,0,RN_ROAD_00240,RN_ROAD_00240,residential,,102.0335001644682,road_line_intersected_raster_cells_all_touched,mapped,5,0.019207123667001724,0.01473760474473238,0.017810291051864623,1.0,0.0,0.0,0.0
090_120,90,120,RN_ROAD_00239,RN_NODE_00150,RN_NODE_00156,0,RN_ROAD_00239,RN_ROAD_00239,residential,,39.195136141472005,road_line_intersected_raster_cells_all_touched,mapped,3,0.021807316690683365,0.01804275903850794,0.021175945177674294,1.0,0.3333333333333333,0.0,0.0
090_120,90,120,RN_ROAD_00242,RN_NODE_00156,RN_NODE_00164,0,RN_ROAD_00242,RN_ROAD_00242,residential,,26.861595267278346,road_line_intersected_raster_cells_all_touched,mapped,2,0.018650459125638008,0.01594480313360691,0.01810932792723179,1.0,0.0,0.0,0.0
090_120,90,120,RN_ROAD_00243,RN_NODE_00164,RN_NODE_00175,0,RN_ROAD_00243,RN_ROAD_00243,residential,,20.050148555016975,road_line_intersected_raster_cells_all_touched,mapped,2,0.013239147141575813,0.01230242196470499,0.01305180210620165,1.0,0.0,0.0,0.0
090_120,90,120,RN_ROAD_00245,RN_NODE_00175,RN_NODE_00174,0,RN_ROAD_00245,RN_ROAD_00245,residential,,37.245679728321754,road_line_intersected_raster_cells_all_touched,mapped,2,0.011365696787834167,0.009816517122089863,0.011055860854685306,1.0,0.0,0.0,0.0
090_120,90,120,RN_ROAD_00255,RN_NODE_00174,RN_NODE_00137,0,RN_ROAD_00255,RN_ROAD_00255,tertiary,,80.72682467278436,road_line_intersected_raster_cells_all_touched,mapped,4,0.02494245022535324,0.014708151342347264,0.021422186680138112,1.0,0.25,0.0,0.0
090_120,90,120,RN_ROAD_00246,RN_NODE_00048,RN_NODE_00047,0,RN_ROAD_00246,RN_ROAD_00246,residential,,17.21816858329121,road_line_intersected_raster_cells_all_touched,mapped,2,0.0,0.0,0.0,0.0,0.0,0.0,0.0
090_120,90,120,RN_ROAD_00247,RN_NODE_00048,RN_NODE_00042,0,RN_ROAD_00247,RN_ROAD_00247,residential,,22.173895446461863,road_line_intersected_raster_cells_all_touched,mapped,2,0.0,0.0,0.0,0.0,0.0,0.0,0.0
090_120,90,120,RN_ROAD_00248,RN_NODE_00048,RN_NODE_00051,0,RN_ROAD_00248,RN_ROAD_00248,residential,,17.273740242986737,road_line_intersected_raster_cells_all_touched,mapped,1,0.0,0.0,0.0,0.0,0.0,0.0,0.0
090_120,90,120,RN_ROAD_00249,RN_NODE_00026,RN_NODE_00025,0,RN_ROAD_00249,RN_ROAD_00249,tertiary,['Maai Mangeshkar Path'],7.738915070888369,road_line_intersected_raster_cells_all_touched,outside_valid_flood_grid,0,,,,,,,
090_120,90,120,RN_ROAD_00250,RN_NODE_00026,RN_NODE_00050,0,RN_ROAD_00250,RN_ROAD_00250,residential,,89.55329276010445,road_line_intersected_raster_cells_all_touched,mapped,3,0.0,0.0,0.0,0.0,0.0,0.0,0.0
090_120,90,120,RN_ROAD_00251,RN_NODE_00026,RN_NODE_00037,0,RN_ROAD_00251,RN_ROAD_00251,tertiary,['Maai Mangeshkar Path'],116.09553120361898,road_line_intersected_raster_cells_all_touched,mapped,5,0.0,0.0,0.0,0.0,0.0,0.0,0.0
090_120,90,120,RN_ROAD_00252,RN_NODE_00037,RN_NODE_00022,0,RN_ROAD_00252,RN_ROAD_00252,residential,,40.722524358066856,road_line_intersected_raster_cells_all_touched,mapped,2,0.0,0.0,0.0,0.0,0.0,0.0,0.0
090_120,90,120,RN_ROAD_00253,RN_NODE_00037,RN_NODE_00038,0,RN_ROAD_00253,RN_ROAD_00253,tertiary,['Maai Mangeshkar Path'],79.60523347943776,road_line_intersected_raster_cells_all_touched,mapped,5,0.000978608150035143,0.00019572163000702858,0.0005871648900210858,0.2,0.0,0.0,0.0
090_120,90,120,RN_ROAD_00254,RN_NODE_00038,RN_NODE_00029,0,RN_ROAD_00254,RN_ROAD_00254,residential,,31.286873855373255,road_line_intersected_raster_cells_all_touched,mapped,2,0.000978608150035143,0.0005881787001271732,0.000900522260053549,1.0,0.0,0.0,0.0
090_120,90,120,RN_ROAD_00265,RN_NODE_00038,RN_NODE_00040,0,RN_ROAD_00265,RN_ROAD_00265,tertiary,['Maai Mangeshkar Path'],33.64313860129337,road_line_intersected_raster_cells_all_touched,mapped,2,0.0028059985488653183,0.0018923033494502306,0.002623259508982301,1.0,0.0,0.0,0.0
090_120,90,120,RN_ROAD_00259,RN_NODE_00152,RN_NODE_00142,0,RN_ROAD_00259,RN_ROAD_00259,residential,,34.20403509709737,road_line_intersected_raster_cells_all_touched,mapped,3,4.83250050820061e-06,1.6133181285719427e-06,3.867491182063532e-06,0.6666666666666666,0.0,0.0,0.0
090_120,90,120,RN_ROAD_00261,RN_NODE_00152,RN_NODE_00151,0,RN_ROAD_00261,RN_ROAD_00261,residential,,98.24234308064158,road_line_intersected_raster_cells_all_touched,mapped,4,1.8628478759552536e-09,4.657119689888134e-10,1.3039935131686778e-09,0.25,0.0,0.0,0.0
090_120,90,120,RN_ROAD_00262,RN_NODE_00177,RN_NODE_00151,0,RN_ROAD_00262,RN_ROAD_00262,residential,,38.66015217871509,road_line_intersected_raster_cells_all_touched,mapped,2,0.0,0.0,0.0,0.0,0.0,0.0,0.0
090_120,90,120,RN_ROAD_00263,RN_NODE_00151,RN_NODE_00147,0,RN_ROAD_00263,RN_ROAD_00263,residential,,64.18004141029843,road_line_intersected_raster_cells_all_touched,mapped,4,5.288563329486351e-07,2.839934190035365e-07,4.908460084607214e-07,0.75,0.0,0.0,0.0
090_120,90,120,RN_ROAD_00264,RN_NODE_00147,RN_NODE_00203,0,RN_ROAD_00264,RN_ROAD_00264,residential,,109.35263911703977,road_line_intersected_raster_cells_all_touched,mapped,4,0.0003250078880228102,0.00010949827587936056,0.0002613395976368338,0.75,0.0,0.0,0.0
090_120,90,120,RN_ROAD_00274,RN_NODE_00147,RN_NODE_00145,0,RN_ROAD_00274,RN_ROAD_00274,residential,,35.43034675538185,road_line_intersected_raster_cells_all_touched,mapped,2,9.230198338627815e-05,4.6253472739010704e-05,8.309228125682466e-05,1.0,0.0,0.0,0.0
090_120,90,120,RN_ROAD_00309,RN_NODE_00203,RN_NODE_00214,0,RN_ROAD_00309,RN_ROAD_00309,residential,,38.13737210872941,road_line_intersected_raster_cells_all_touched,mapped,2,0.002255338244140148,0.0012901730660814792,0.0020623052085284145,1.0,0.0,0.0,0.0
090_120,90,120,RN_ROAD_00310,RN_NODE_00203,RN_NODE_00204,0,RN_ROAD_00310,RN_ROAD_00310,residential,,37.89528305371548,road_line_intersected_raster_cells_all_touched,mapped,2,0.00039129346259869635,0.0003581506753107533,0.00038466490514110774,1.0,0.0,0.0,0.0
090_120,90,120,RN_ROAD_00266,RN_NODE_00040,RN_NODE_00033,0,RN_ROAD_00266,RN_ROAD_00266,residential,,32.29472785222386,road_line_intersected_raster_cells_all_touched,mapped,2,0.0028059985488653183,0.0021075308322906494,0.0026663050055503847,1.0,0.0,0.0,0.0
090_120,90,120,RN_ROAD_00267,RN_NODE_00040,RN_NODE_00041,0,RN_ROAD_00267,RN_ROAD_00267,tertiary,['Maai Mangeshkar Path'],35.86743204986393,road_line_intersected_raster_cells_all_touched,mapped,2,0.012741521000862122,0.00777375977486372,0.011747968755662442,1.0,0.0,0.0,0.0
090_120,90,120,RN_ROAD_00268,RN_NODE_00041,RN_NODE_00032,0,RN_ROAD_00268,RN_ROAD_00268,living_street,,38.09073575062562,road_line_intersected_raster_cells_all_touched,mapped,2,0.012741521000862122,0.007560445577837527,0.011705305916257203,1.0,0.0,0.0,0.0
090_120,90,120,RN_ROAD_00269,RN_NODE_00041,RN_NODE_00043,0,RN_ROAD_00269,RN_ROAD_00269,tertiary,['Maai Mangeshkar Path'],35.921159646361346,road_line_intersected_raster_cells_all_touched,mapped,2,0.02301972731947899,0.017880624160170555,0.021991906687617302,1.0,0.5,0.0,0.0
090_120,90,120,RN_ROAD_00270,RN_NODE_00043,RN_NODE_00035,0,RN_ROAD_00270,RN_ROAD_00270,living_street,,28.321194704419977,road_line_intersected_raster_cells_all_touched,mapped,2,0.02301972731947899,0.013794116210192442,0.02117460509762168,1.0,0.5,0.0,0.0
090_120,90,120,RN_ROAD_00271,RN_NODE_00043,RN_NODE_00045,0,RN_ROAD_00271,RN_ROAD_00271,tertiary,['Maai Mangeshkar Path'],45.21227035628405,road_line_intersected_raster_cells_all_touched,mapped,3,0.02301972731947899,0.01770411804318428,0.021465210989117623,1.0,0.3333333333333333,0.0,0.0
090_120,90,120,RN_ROAD_00273,RN_NODE_00045,RN_NODE_00024,0,RN_ROAD_00273,RN_ROAD_00273,tertiary,['Imambhai Shekh Path'],97.52583126789406,road_line_intersected_raster_cells_all_touched,mapped,5,0.07602325826883316,0.03872393891215324,0.06214024871587753,1.0,0.8,0.0,0.0
090_120,90,120,RN_ROAD_00502,RN_NODE_00045,RN_NODE_00067,0,RN_ROAD_00502,RN_ROAD_00502,tertiary,,338.9663293358875,road_line_intersected_raster_cells_all_touched,mapped,14,0.017897168174386024,0.006254332269236329,0.015700241923332216,1.0,0.0,0.0,0.0
090_120,90,120,RN_ROAD_00272,RN_NODE_00015,RN_NODE_00007,0,RN_ROAD_00272,RN_ROAD_00272,residential,,43.72583879407543,road_line_intersected_raster_cells_all_touched,mapped,2,0.0038368578534573317,0.0023896064958535135,0.003547407581936568,1.0,0.0,0.0,0.0
090_120,90,120,RN_ROAD_00497,RN_NODE_00024,RN_NODE_00036,0,RN_ROAD_00497,RN_ROAD_00497,residential,,42.04807444879407,road_line_intersected_raster_cells_all_touched,mapped,3,0.07962746918201447,0.06147816715141138,0.0789066269993782,1.0,1.0,0.0,0.0
090_120,90,120,RN_ROAD_00498,RN_NODE_00024,RN_NODE_00017,0,RN_ROAD_00498,RN_ROAD_00498,tertiary,['Imambhai Shekh Path'],54.42305386220086,road_line_intersected_raster_cells_all_touched,mapped,3,0.042101018130779266,0.029131514330705006,0.039437569305300714,1.0,0.6666666666666666,0.0,0.0
090_120,90,120,RN_ROAD_00275,RN_NODE_00145,RN_NODE_00158,0,RN_ROAD_00275,RN_ROAD_00275,residential,,36.58495124293622,road_line_intersected_raster_cells_all_touched,mapped,2,9.230198338627815e-05,7.779476436553523e-05,8.940053958212957e-05,1.0,0.0,0.0,0.0
090_120,90,120,RN_ROAD_00277,RN_NODE_00145,RN_NODE_00144,0,RN_ROAD_00277,RN_ROAD_00277,residential,,35.00719862840988,road_line_intersected_raster_cells_all_touched,mapped,2,0.0002057259698631242,0.00014901397662470117,0.0001943835712154396,1.0,0.0,0.0,0.0
090_120,90,120,RN_ROAD_00276,RN_NODE_00158,RN_NODE_00179,0,RN_ROAD_00276,RN_ROAD_00276,residential,,36.16329374852845,road_line_intersected_raster_cells_all_touched,mapped,2,0.0001914063177537173,0.0001273469315492548,0.0001785944405128248,1.0,0.0,0.0,0.0
090_120,90,120,RN_ROAD_00278,RN_NODE_00158,RN_NODE_00157,0,RN_ROAD_00278,RN_ROAD_00278,residential,,80.44428386777018,road_line_intersected_raster_cells_all_touched,mapped,3,0.002279273932799697,0.0014832838545165334,0.00224487716332078,1.0,0.0,0.0,0.0
090_120,90,120,RN_ROAD_00279,RN_NODE_00179,RN_NODE_00155,0,RN_ROAD_00279,RN_ROAD_00279,residential,,148.95690401777097,road_line_intersected_raster_cells_all_touched,mapped,6,0.016943708062171936,0.007206748816921997,0.014301436487585306,1.0,0.0,0.0,0.0
090_120,90,120,RN_ROAD_00312,RN_NODE_00179,RN_NODE_00204,0,RN_ROAD_00312,RN_ROAD_00312,residential,,37.95511146599418,road_line_intersected_raster_cells_all_touched,mapped,2,0.00039129346259869635,0.00029134989017620683,0.00037130474811419845,1.0,0.0,0.0,0.0
090_120,90,120,RN_ROAD_00280,RN_NODE_00157,RN_NODE_00134,0,RN_ROAD_00280,RN_ROAD_00280,residential,,60.58073034544784,road_line_intersected_raster_cells_all_touched,mapped,3,0.002935579977929592,0.002137775804537038,0.002804318768903613,1.0,0.0,0.0,0.0
090_120,90,120,RN_ROAD_00281,RN_NODE_00157,RN_NODE_00155,0,RN_ROAD_00281,RN_ROAD_00281,residential,,38.5710901617012,road_line_intersected_raster_cells_all_touched,mapped,3,0.007580884266644716,0.005024664492035906,0.007107474468648433,1.0,0.0,0.0,0.0
090_120,90,120,RN_ROAD_00282,RN_NODE_00155,RN_NODE_00128,0,RN_ROAD_00282,RN_ROAD_00282,residential,,72.84714857744858,road_line_intersected_raster_cells_all_touched,mapped,4,0.007580884266644716,0.005185315414564684,0.007409736979752779,1.0,0.0,0.0,0.0
090_120,90,120,RN_ROAD_00283,RN_NODE_00155,RN_NODE_00153,0,RN_ROAD_00283,RN_ROAD_00283,residential,,34.60886720259333,road_line_intersected_raster_cells_all_touched,mapped,2,0.007580884266644716,0.007404389092698693,0.007545585231855512,1.0,0.0,0.0,0.0
090_120,90,120,RN_ROAD_00288,RN_NODE_00153,RN_NODE_00092,0,RN_ROAD_00288,RN_ROAD_00288,secondary,['Anant Kanhere Path' 'Raveendra Mhatre Bridge'],311.4579766061257,road_line_intersected_raster_cells_all_touched,mapped,12,0.8323860168457031,0.14704110297801284,0.42736791074275976,1.0,0.4166666666666667,0.3333333333333333,0.16666666666666666
090_120,90,120,RN_ROAD_00524,RN_NODE_00153,RN_NODE_00202,0,RN_ROAD_00524,RN_ROAD_00524,secondary,['Anant Kanhere Path'],75.421502231172,road_line_intersected_raster_cells_all_touched,mapped,3,0.16633182764053345,0.06443748747309049,0.13701601028442384,1.0,0.3333333333333333,0.3333333333333333,0.0
090_120,90,120,RN_ROAD_00525,RN_NODE_00153,RN_NODE_00154,0,RN_ROAD_00525,RN_ROAD_00525,residential,,6.764455261674849,road_line_intersected_raster_cells_all_touched,mapped,1,0.00722789391875267,0.00722789391875267,0.00722789391875267,1.0,0.0,0.0,0.0
090_120,90,120,RN_ROAD_00287,RN_NODE_00086,RN_NODE_00092,0,RN_ROAD_00287,RN_ROAD_00287,secondary,['Raveendra Mhatre Bridge'],14.257326710582095,road_line_intersected_raster_cells_all_touched,mapped,1,0.018898550420999527,0.018898550420999527,0.018898550420999527,1.0,0.0,0.0,0.0
090_120,90,120,RN_ROAD_00290,RN_NODE_00086,RN_NODE_00067,0,RN_ROAD_00290,RN_ROAD_00290,secondary,['Amrutrao Khilare Path' 'Raveendra Mhatre Bridge'],198.1201234455136,road_line_intersected_raster_cells_all_touched,mapped,9,0.050927162170410156,0.015224830911190819,0.042481508851051335,1.0,0.2222222222222222,0.0,0.0
090_120,90,120,RN_ROAD_00289,RN_NODE_00069,RN_NODE_00154,0,RN_ROAD_00289,RN_ROAD_00289,secondary,['Anant Kanhere Path' 'Amrutrao Khilare Path' 'Raveendra Mhatre Bridge'],443.911033396087,road_line_intersected_raster_cells_all_touched,mapped,16,0.8323860168457031,0.11639780182531467,0.3531661480665207,1.0,0.4375,0.25,0.125
090_120,90,120,RN_ROAD_00291,RN_NODE_00069,RN_NODE_00071,0,RN_ROAD_00291,RN_ROAD_00291,residential,['Gangaram Dhanvat Path'],42.18128420734655,road_line_intersected_raster_cells_all_touched,mapped,3,0.003950721584260464,0.002054042815871071,0.0035788553301244973,1.0,0.0,0.0,0.0
090_120,90,120,RN_ROAD_00535,RN_NODE_00069,RN_NODE_00064,0,RN_ROAD_00535,RN_ROAD_00535,secondary,['Amrutrao Khilare Path'],152.1298739438697,road_line_intersected_raster_cells_all_touched,mapped,8,0.015458553098142147,0.005814238994389598,0.012604532111436128,1.0,0.0,0.0,0.0
090_120,90,120,RN_ROAD_00526,RN_NODE_00154,RN_NODE_00169,0,RN_ROAD_00526,RN_ROAD_00526,secondary,['Anant Kanhere Path'],23.53416301472962,road_line_intersected_raster_cells_all_touched,mapped,1,0.00722789391875267,0.00722789391875267,0.00722789391875267,1.0,0.0,0.0,0.0
090_120,90,120,RN_ROAD_00529,RN_NODE_00154,RN_NODE_00159,0,RN_ROAD_00529,RN_ROAD_00529,residential,,45.867397533557956,road_line_intersected_raster_cells_all_touched,mapped,3,0.00722789391875267,0.005867343240727981,0.006901771947741509,1.0,0.0,0.0,0.0
090_120,90,120,RN_ROAD_00539,RN_NODE_00067,RN_NODE_00063,0,RN_ROAD_00539,RN_ROAD_00539,secondary,['Amrutrao Khilare Path'],86.28041586152774,road_line_intersected_raster_cells_all_touched,mapped,5,0.028592396527528763,0.016003806516528128,0.023581814765930176,1.0,0.2,0.0,0.0
090_120,90,120,RN_ROAD_00293,RN_NODE_00071,RN_NODE_00079,0,RN_ROAD_00293,RN_ROAD_00293,residential,,82.84060098201485,road_line_intersected_raster_cells_all_touched,mapped,4,0.005394343752413988,0.003838991979137063,0.005002646101638675,1.0,0.0,0.0,0.0
090_120,90,120,RN_ROAD_00536,RN_NODE_00071,RN_NODE_00072,0,RN_ROAD_00536,RN_ROAD_00536,residential,['Gangaram Dhanvat Path'],35.06478297071743,road_line_intersected_raster_cells_all_touched,mapped,2,0.002091390313580632,0.0015867665642872453,0.001990465563721955,1.0,0.0,0.0,0.0
090_120,90,120,RN_ROAD_00292,RN_NODE_00082,RN_NODE_00079,0,RN_ROAD_00292,RN_ROAD_00292,residential,,31.523164508787627,road_line_intersected_raster_cells_all_touched,mapped,2,0.01554014626890421,0.009814415592700243,0.014395000133663415,1.0,0.0,0.0,0.0
090_120,90,120,RN_ROAD_00537,RN_NODE_00079,RN_NODE_00085,0,RN_ROAD_00537,RN_ROAD_00537,residential,,25.94260677024421,road_line_intersected_raster_cells_all_touched,mapped,3,0.007872887887060642,0.004278177802916616,0.00711604729294777,1.0,0.0,0.0,0.0
090_120,90,120,RN_ROAD_00298,RN_NODE_00263,RN_NODE_00271,0,RN_ROAD_00298,RN_ROAD_00298,residential,,83.57971270753288,road_line_intersected_raster_cells_all_touched,mapped,4,0.02998843602836132,0.009392724663484842,0.022479434171691542,1.0,0.25,0.0,0.0
090_120,90,120,RN_ROAD_00300,RN_NODE_00263,RN_NODE_00262,0,RN_ROAD_00300,RN_ROAD_00300,residential,,64.60159491377381,road_line_intersected_raster_cells_all_touched,mapped,3,0.016117902472615242,0.006188469667298098,0.013169113430194557,1.0,0.0,0.0,0.0
090_120,90,120,RN_ROAD_00302,RN_NODE_00255,RN_NODE_00266,0,RN_ROAD_00302,RN_ROAD_00302,residential,,60.614729101893765,road_line_intersected_raster_cells_all_touched,mapped,4,0.2290189117193222,0.06109433912206441,0.1631844267249108,1.0,0.25,0.25,0.0
090_120,90,120,RN_ROAD_00325,RN_NODE_00266,RN_NODE_00281,0,RN_ROAD_00325,RN_ROAD_00325,residential,,54.02302575307796,road_line_intersected_raster_cells_all_touched,mapped,3,0.004731334745883942,0.0032602850502977767,0.0044246706645935776,1.0,0.0,0.0,0.0
090_120,90,120,RN_ROAD_00327,RN_NODE_00266,RN_NODE_00248,0,RN_ROAD_00327,RN_ROAD_00327,residential,,78.48356376330446,road_line_intersected_raster_cells_all_touched,mapped,4,0.007192316465079784,0.0033321566152153537,0.005994025827385486,1.0,0.0,0.0,0.0
090_120,90,120,RN_ROAD_00329,RN_NODE_00266,RN_NODE_00261,0,RN_ROAD_00329,RN_ROAD_00329,residential,,53.80249370302222,road_line_intersected_raster_cells_all_touched,mapped,3,0.0031980143394321203,0.0014245086737597983,0.0026748796342872085,1.0,0.0,0.0,0.0
090_120,90,120,RN_ROAD_00326,RN_NODE_00281,RN_NODE_00286,0,RN_ROAD_00326,RN_ROAD_00326,residential,,31.860041724128912,road_line_intersected_raster_cells_all_touched,mapped,2,0.0018515060655772686,0.001401072251610458,0.0017614193027839064,1.0,0.0,0.0,0.0
090_120,90,120,RN_ROAD_00311,RN_NODE_00214,RN_NODE_00206,0,RN_ROAD_00311,RN_ROAD_00311,tertiary,['Dattawadi Road'],59.030518953440364,road_line_intersected_raster_cells_all_touched,mapped,2,0.004381571430712938,0.0033184548374265432,0.0041689481120556595,1.0,0.0,0.0,0.0
090_120,90,120,RN_ROAD_00313,RN_NODE_00204,RN_NODE_00206,0,RN_ROAD_00313,RN_ROAD_00313,residential,,18.035376463423137,road_line_intersected_raster_cells_all_touched,mapped,2,0.004381571430712938,0.0023864324466558173,0.0039825436339015145,1.0,0.0,0.0,0.0
090_120,90,120,RN_ROAD_00344,RN_NODE_00206,RN_NODE_00202,0,RN_ROAD_00344,RN_ROAD_00344,tertiary,['Dattawadi Road'],131.89614971042946,road_line_intersected_raster_cells_all_touched,mapped,7,0.16633182764053345,0.04470552653739495,0.12032527774572375,1.0,0.42857142857142855,0.14285714285714285,0.0
090_120,90,120,RN_ROAD_00315,RN_NODE_00334,RN_NODE_00335,0,RN_ROAD_00315,RN_ROAD_00315,residential,,31.58303292093578,road_line_intersected_raster_cells_all_touched,mapped,2,0.002055147662758827,0.001504674000898376,0.001945052930386737,1.0,0.0,0.0,0.0
090_120,90,120,RN_ROAD_00318,RN_NODE_00335,RN_NODE_00333,0,RN_ROAD_00318,RN_ROAD_00318,residential,,3.484928869378495,road_line_intersected_raster_cells_all_touched,mapped,1,0.000954200339037925,0.000954200339037925,0.000954200339037925,1.0,0.0,0.0,0.0
090_120,90,120,RN_ROAD_00321,RN_NODE_00333,RN_NODE_00332,0,RN_ROAD_00321,RN_ROAD_00321,residential,,43.10430892436066,road_line_intersected_raster_cells_all_touched,mapped,3,0.0012477191630750895,0.0007658044196432456,0.0011890153982676566,1.0,0.0,0.0,0.0
090_120,90,120,RN_ROAD_00323,RN_NODE_00312,RN_NODE_00332,0,RN_ROAD_00323,RN_ROAD_00323,residential,,52.250203462147866,road_line_intersected_raster_cells_all_touched,mapped,3,0.0008198292343877256,0.000319428797714257,0.000674962138873525,1.0,0.0,0.0,0.0
090_120,90,120,RN_ROAD_00334,RN_NODE_00312,RN_NODE_00310,0,RN_ROAD_00334,RN_ROAD_00334,residential,,28.0576508861656,road_line_intersected_raster_cells_all_touched,mapped,2,0.0008265795186161995,0.0004347714602772612,0.0007482179069484118,1.0,0.0,0.0,0.0
090_120,90,120,RN_ROAD_00335,RN_NODE_00332,RN_NODE_00331,0,RN_ROAD_00335,RN_ROAD_00335,residential,,26.537672219220823,road_line_intersected_raster_cells_all_touched,mapped,2,0.001656817737966776,0.0008761557473917492,0.0015006853398517705,1.0,0.0,0.0,0.0
090_120,90,120,RN_ROAD_00338,RN_NODE_00347,RN_NODE_00331,0,RN_ROAD_00338,RN_ROAD_00338,residential,,48.091512749697046,road_line_intersected_raster_cells_all_touched,mapped,2,0.009075162000954151,0.0053659898694604635,0.008333327574655413,1.0,0.0,0.0,0.0
090_120,90,120,RN_ROAD_00339,RN_NODE_00347,RN_NODE_00350,0,RN_ROAD_00339,RN_ROAD_00339,residential,,47.93089131735309,road_line_intersected_raster_cells_all_touched,mapped,2,0.009075162000954151,0.006571948528289795,0.00857451930642128,1.0,0.0,0.0,0.0
090_120,90,120,RN_ROAD_00414,RN_NODE_00347,RN_NODE_00369,0,RN_ROAD_00414,RN_ROAD_00414,residential,,61.737807633745184,road_line_intersected_raster_cells_all_touched,mapped,3,0.009075162000954151,0.004672362663162251,0.007974436646327377,1.0,0.0,0.0,0.0
090_120,90,120,RN_ROAD_00328,RN_NODE_00286,RN_NODE_00289,0,RN_ROAD_00328,RN_ROAD_00328,residential,,17.343312796122525,road_line_intersected_raster_cells_all_touched,mapped,2,0.0025485632941126823,0.0017496008658781648,0.002388770808465779,1.0,0.0,0.0,0.0
090_120,90,120,RN_ROAD_00330,RN_NODE_00289,RN_NODE_00287,0,RN_ROAD_00330,RN_ROAD_00330,residential,,37.882267862748435,road_line_intersected_raster_cells_all_touched,mapped,2,0.007651471998542547,0.005100017646327615,0.00714118112809956,1.0,0.0,0.0,0.0
090_120,90,120,RN_ROAD_00336,RN_NODE_00289,RN_NODE_00310,0,RN_ROAD_00336,RN_ROAD_00336,residential,,58.816214549128475,road_line_intersected_raster_cells_all_touched,mapped,3,0.005172082222998142,0.002849075011909008,0.00464737843722105,1.0,0.0,0.0,0.0
090_120,90,120,RN_ROAD_00331,RN_NODE_00287,RN_NODE_00272,0,RN_ROAD_00331,RN_ROAD_00331,residential,['Krushnaji Gopal Ghanekar Path'],54.09113582582423,road_line_intersected_raster_cells_all_touched,mapped,3,0.021550748497247696,0.014926621535172066,0.02035612761974335,1.0,0.3333333333333333,0.0,0.0
090_120,90,120,RN_ROAD_00332,RN_NODE_00287,RN_NODE_00288,0,RN_ROAD_00332,RN_ROAD_00332,residential,,40.303744394483715,road_line_intersected_raster_cells_all_touched,mapped,2,0.02386508323252201,0.01575827761553228,0.022243722109124064,1.0,0.5,0.0,0.0
090_120,90,120,RN_ROAD_00333,RN_NODE_00272,RN_NODE_00273,0,RN_ROAD_00333,RN_ROAD_00333,residential,,40.38747778918996,road_line_intersected_raster_cells_all_touched,mapped,2,0.023067336529493332,0.019322490319609642,0.022318367287516593,1.0,0.5,0.0,0.0
090_120,90,120,RN_ROAD_00354,RN_NODE_00272,RN_NODE_00237,0,RN_ROAD_00354,RN_ROAD_00354,residential,['Krushnaji Gopal Ghanekar Path'],155.52628067151952,road_line_intersected_raster_cells_all_touched,mapped,7,0.015577644109725952,0.006685534192781363,0.013157832249999047,1.0,0.0,0.0,0.0
090_120,90,120,RN_ROAD_00355,RN_NODE_00288,RN_NODE_00273,0,RN_ROAD_00355,RN_ROAD_00355,residential,['Kushaba Ganapati Ovhal Path'],53.153520018738426,road_line_intersected_raster_cells_all_touched,mapped,3,0.0497056283056736,0.032212682689229645,0.044537519291043284,1.0,1.0,0.0,0.0
090_120,90,120,RN_ROAD_00365,RN_NODE_00288,RN_NODE_00309,0,RN_ROAD_00365,RN_ROAD_00365,residential,['Kushaba Ganapati Ovhal Path'],55.15465322981308,road_line_intersected_raster_cells_all_touched,mapped,3,0.02386508323252201,0.017017537417511146,0.02188793905079365,1.0,0.3333333333333333,0.0,0.0
090_120,90,120,RN_ROAD_00356,RN_NODE_00273,RN_NODE_00237,0,RN_ROAD_00356,RN_ROAD_00356,residential,['Kushaba Ganapati Ovhal Path'],142.83177131115704,road_line_intersected_raster_cells_all_touched,mapped,6,0.023067336529493332,0.012245333559500674,0.020432723686099052,1.0,0.16666666666666666,0.0,0.0
090_120,90,120,RN_ROAD_00357,RN_NODE_00273,RN_NODE_00274,0,RN_ROAD_00357,RN_ROAD_00357,residential,,51.19311605536175,road_line_intersected_raster_cells_all_touched,mapped,3,0.024796046316623688,0.023481806740164757,0.024450304359197615,1.0,1.0,0.0,0.0
090_120,90,120,RN_ROAD_00337,RN_NODE_00310,RN_NODE_00331,0,RN_ROAD_00337,RN_ROAD_00337,residential,,53.66610792366498,road_line_intersected_raster_cells_all_touched,mapped,3,0.001656817737966776,0.0010566102185597022,0.0014907700940966606,1.0,0.0,0.0,0.0
090_120,90,120,RN_ROAD_00341,RN_NODE_00310,RN_NODE_00309,0,RN_ROAD_00341,RN_ROAD_00341,residential,,75.7363203987582,road_line_intersected_raster_cells_all_touched,mapped,3,0.01320816669613123,0.005742713498572509,0.011205212213099003,1.0,0.0,0.0,0.0
090_120,90,120,RN_ROAD_00340,RN_NODE_00331,RN_NODE_00330,0,RN_ROAD_00340,RN_ROAD_00340,residential,,74.51475791982269,road_line_intersected_raster_cells_all_touched,mapped,3,0.0030448250472545624,0.002142875959786276,0.0027812570566311478,1.0,0.0,0.0,0.0
090_120,90,120,RN_ROAD_00342,RN_NODE_00350,RN_NODE_00353,0,RN_ROAD_00342,RN_ROAD_00342,residential,,27.225136423844823,road_line_intersected_raster_cells_all_touched,mapped,3,0.005052158609032631,0.004160837115099032,0.004855473898351193,1.0,0.0,0.0,0.0
090_120,90,120,RN_ROAD_00418,RN_NODE_00350,RN_NODE_00368,0,RN_ROAD_00418,RN_ROAD_00418,residential,,56.929987482394445,road_line_intersected_raster_cells_all_touched,mapped,3,0.009670351631939411,0.006598918543507655,0.008947815094143153,1.0,0.0,0.0,0.0
090_120,90,120,RN_ROAD_00343,RN_NODE_00330,RN_NODE_00309,0,RN_ROAD_00343,RN_ROAD_00343,residential,['Kushaba Ganapati Ovhal Path'],57.20658022555833,road_line_intersected_raster_cells_all_touched,mapped,3,0.01320816669613123,0.007465757429599762,0.011795389465987682,1.0,0.0,0.0,0.0
090_120,90,120,RN_ROAD_00364,RN_NODE_00330,RN_NODE_00353,0,RN_ROAD_00364,RN_ROAD_00364,residential,['Kushaba Ganapati Ovhal Path'],52.95372397223445,road_line_intersected_raster_cells_all_touched,mapped,3,0.005052158609032631,0.003819533778975407,0.00471405042335391,1.0,0.0,0.0,0.0
090_120,90,120,RN_ROAD_00367,RN_NODE_00309,RN_NODE_00308,0,RN_ROAD_00367,RN_ROAD_00367,residential,,48.685081982286476,road_line_intersected_raster_cells_all_touched,mapped,3,0.05873654782772064,0.03824581112712622,0.05554778203368187,1.0,0.6666666666666666,0.0,0.0
090_120,90,120,RN_ROAD_00366,RN_NODE_00353,RN_NODE_00354,0,RN_ROAD_00366,RN_ROAD_00366,residential,,45.58737320488795,road_line_intersected_raster_cells_all_touched,mapped,3,0.015096594579517841,0.007425671365732948,0.012841036031022669,1.0,0.0,0.0,0.0
090_120,90,120,RN_ROAD_00345,RN_NODE_00202,RN_NODE_00201,0,RN_ROAD_00345,RN_ROAD_00345,tertiary,['Dattawadi Road'],14.590834250767971,road_line_intersected_raster_cells_all_touched,mapped,1,0.16633182764053345,0.16633182764053345,0.16633182764053345,1.0,1.0,1.0,0.0
090_120,90,120,RN_ROAD_00347,RN_NODE_00202,RN_NODE_00223,0,RN_ROAD_00347,RN_ROAD_00347,secondary,['Anant Kanhere Path'],77.6513222661988,road_line_intersected_raster_cells_all_touched,mapped,4,0.16633182764053345,0.07885563344461843,0.1553850844502449,1.0,0.5,0.5,0.0
090_120,90,120,RN_ROAD_00348,RN_NODE_00201,RN_NODE_00223,0,RN_ROAD_00348,RN_ROAD_00348,secondary,['Anant Kanhere Path'],70.49281105699869,road_line_intersected_raster_cells_all_touched,mapped,4,0.45641177892684937,0.19236022559925914,0.36938779354095463,1.0,0.75,0.75,0.25
090_120,90,120,RN_ROAD_00527,RN_NODE_00201,RN_NODE_00169,0,RN_ROAD_00527,RN_ROAD_00527,secondary,['Anant Kanhere Path'],51.49587636613036,road_line_intersected_raster_cells_all_touched,mapped,3,0.16633182764053345,0.06443748747309049,0.13701601028442384,1.0,0.3333333333333333,0.3333333333333333,0.0
090_120,90,120,RN_ROAD_00346,RN_NODE_00237,RN_NODE_00236,0,RN_ROAD_00346,RN_ROAD_00346,residential,['Oval Path'],50.88101900609627,road_line_intersected_raster_cells_all_touched,mapped,3,0.002701584016904235,0.0018034823200044532,0.0025675441604107617,1.0,0.0,0.0,0.0
090_120,90,120,RN_ROAD_00349,RN_NODE_00236,RN_NODE_00223,0,RN_ROAD_00349,RN_ROAD_00349,secondary,['Anant Kanhere Path'],22.888554038441548,road_line_intersected_raster_cells_all_touched,mapped,2,0.01685461215674877,0.00944299844559282,0.015372289414517583,1.0,0.0,0.0,0.0
090_120,90,120,RN_ROAD_00350,RN_NODE_00236,RN_NODE_00232,0,RN_ROAD_00350,RN_ROAD_00350,residential,['Oval Path'],51.52542500920623,road_line_intersected_raster_cells_all_touched,mapped,3,0.01002410426735878,0.005751201029246052,0.009058906231075525,1.0,0.0,0.0,0.0
090_120,90,120,RN_ROAD_00361,RN_NODE_00236,RN_NODE_00274,0,RN_ROAD_00361,RN_ROAD_00361,secondary,['Anant Kanhere Path'],153.02556378227789,road_line_intersected_raster_cells_all_touched,mapped,6,0.02258203737437725,0.009135152717741827,0.018617882393300533,1.0,0.16666666666666666,0.0,0.0
090_120,90,120,RN_ROAD_00351,RN_NODE_00232,RN_NODE_00231,0,RN_ROAD_00351,RN_ROAD_00351,residential,['Oval Path'],9.606205677849413,road_line_intersected_raster_cells_all_touched,mapped,1,0.01002410426735878,0.01002410426735878,0.01002410426735878,1.0,0.0,0.0,0.0
090_120,90,120,RN_ROAD_00384,RN_NODE_00232,RN_NODE_00275,0,RN_ROAD_00384,RN_ROAD_00384,residential,['Navi Peth'],166.71370209157016,road_line_intersected_raster_cells_all_touched,mapped,6,0.01666302978992462,0.011921764972309271,0.01491010282188654,1.0,0.0,0.0,0.0
090_120,90,120,RN_ROAD_00352,RN_NODE_00231,RN_NODE_00217,0,RN_ROAD_00352,RN_ROAD_00352,residential,,31.320340411873552,road_line_intersected_raster_cells_all_touched,mapped,2,0.01002410426735878,0.00922279478982091,0.009863842371851205,1.0,0.0,0.0,0.0
090_120,90,120,RN_ROAD_00353,RN_NODE_00231,RN_NODE_00233,0,RN_ROAD_00353,RN_ROAD_00353,residential,['Oval Path'],36.63339705354481,road_line_intersected_raster_cells_all_touched,mapped,2,0.01604216732084751,0.013033135794103146,0.015440361015498639,1.0,0.0,0.0,0.0
090_120,90,120,RN_ROAD_00388,RN_NODE_00233,RN_NODE_00276,0,RN_ROAD_00388,RN_ROAD_00388,residential,['Oval Path'],166.0919306471388,road_line_intersected_raster_cells_all_touched,mapped,6,0.01865684799849987,0.01656437199562788,0.018443871289491653,1.0,0.0,0.0,0.0
090_120,90,120,RN_ROAD_00634,RN_NODE_00233,RN_NODE_00216,0,RN_ROAD_00634,RN_ROAD_00634,residential,,37.77862694551565,road_line_intersected_raster_cells_all_touched,mapped,3,0.01604216732084751,0.009979008076091608,0.014256400149315595,1.0,0.0,0.0,0.0
090_120,90,120,RN_ROAD_00360,RN_NODE_00274,RN_NODE_00283,0,RN_ROAD_00360,RN_ROAD_00360,secondary,['Anant Kanhere Path'],30.835908769960856,road_line_intersected_raster_cells_all_touched,mapped,2,0.024379294365644455,0.023480665870010853,0.024199568666517735,1.0,1.0,0.0,0.0
090_120,90,120,RN_ROAD_00362,RN_NODE_00274,RN_NODE_00275,0,RN_ROAD_00362,RN_ROAD_00362,residential,['Sant Tukaram Maharaj Road'],46.125753014015864,road_line_intersected_raster_cells_all_touched,mapped,3,0.02258203737437725,0.015661643507579964,0.02069706507027149,1.0,0.3333333333333333,0.0,0.0
090_120,90,120,RN_ROAD_00358,RN_NODE_00296,RN_NODE_00292,0,RN_ROAD_00358,RN_ROAD_00358,secondary,['Anant Kanhere Path'],22.11040559802123,road_line_intersected_raster_cells_all_touched,mapped,2,0.05645076930522919,0.03867477737367153,0.05289557091891765,1.0,1.0,0.0,0.0
090_120,90,120,RN_ROAD_00363,RN_NODE_00296,RN_NODE_00295,0,RN_ROAD_00363,RN_ROAD_00363,residential,,76.73583658315671,road_line_intersected_raster_cells_all_touched,mapped,4,0.07302296161651611,0.052220615558326244,0.06805130392313004,1.0,1.0,0.0,0.0
090_120,90,120,RN_ROAD_00372,RN_NODE_00296,RN_NODE_00303,0,RN_ROAD_00372,RN_ROAD_00372,secondary,['Anant Kanhere Path'],22.97638368976205,road_line_intersected_raster_cells_all_touched,mapped,2,0.05873654782772064,0.057593658566474915,0.058507969975471495,1.0,1.0,0.0,0.0
090_120,90,120,RN_ROAD_00359,RN_NODE_00292,RN_NODE_00283,0,RN_ROAD_00359,RN_ROAD_00359,secondary,['Anant Kanhere Path'],26.186261774119217,road_line_intersected_raster_cells_all_touched,mapped,2,0.024379294365644455,0.022639039903879166,0.024031243473291396,1.0,1.0,0.0,0.0
090_120,90,120,RN_ROAD_00385,RN_NODE_00292,RN_NODE_00291,0,RN_ROAD_00385,RN_ROAD_00385,residential,['Bapu Eliya Ranbhise Path'],114.74911845768395,road_line_intersected_raster_cells_all_touched,mapped,5,0.05935296416282654,0.025466662459075452,0.04501662030816078,1.0,0.6,0.0,0.0
090_120,90,120,RN_ROAD_00386,RN_NODE_00283,RN_NODE_00282,0,RN_ROAD_00386,RN_ROAD_00386,residential,,113.75327527325297,road_line_intersected_raster_cells_all_touched,mapped,5,0.029234105721116066,0.021493432205170394,0.028823788836598398,1.0,0.6,0.0,0.0
090_120,90,120,RN_ROAD_00387,RN_NODE_00275,RN_NODE_00276,0,RN_ROAD_00387,RN_ROAD_00387,residential,['Sant Tukaram Maharaj Road'],46.58922877272555,road_line_intersected_raster_cells_all_touched,mapped,2,0.015960369259119034,0.014558772556483746,0.015680049918591975,1.0,0.0,0.0,0.0
090_120,90,120,RN_ROAD_00368,RN_NODE_00354,RN_NODE_00341,0,RN_ROAD_00368,RN_ROAD_00368,secondary,['Anant Kanhere Path'],31.22431018041233,road_line_intersected_raster_cells_all_touched,mapped,2,0.03088834322988987,0.022992468904703856,0.029309168364852665,1.0,0.5,0.0,0.0
090_120,90,120,RN_ROAD_00425,RN_NODE_00354,RN_NODE_00365,0,RN_ROAD_00425,RN_ROAD_00425,secondary,['Anant Kanhere Path'],46.78394768455451,road_line_intersected_raster_cells_all_touched,mapped,2,0.032870423048734665,0.023983508814126253,0.031093040201812982,1.0,0.5,0.0,0.0
090_120,90,120,RN_ROAD_00428,RN_NODE_00354,RN_NODE_00355,0,RN_ROAD_00428,RN_ROAD_00428,residential,,44.76295201103551,road_line_intersected_raster_cells_all_touched,mapped,2,0.031776055693626404,0.023436325136572123,0.030108109582215548,1.0,0.5,0.0,0.0
090_120,90,120,RN_ROAD_00370,RN_NODE_00308,RN_NODE_00318,0,RN_ROAD_00370,RN_ROAD_00370,secondary,['Anant Kanhere Path'],43.97002413105344,road_line_intersected_raster_cells_all_touched,mapped,2,0.06939985603094101,0.06406820192933083,0.06833352521061897,1.0,1.0,0.0,0.0
090_120,90,120,RN_ROAD_00371,RN_NODE_00308,RN_NODE_00303,0,RN_ROAD_00371,RN_ROAD_00371,secondary,['Anant Kanhere Path'],5.852343388251984,road_line_intersected_raster_cells_all_touched,mapped,1,0.05873654782772064,0.05873654782772064,0.05873654782772064,1.0,1.0,0.0,0.0
090_120,90,120,RN_ROAD_00369,RN_NODE_00341,RN_NODE_00318,0,RN_ROAD_00369,RN_ROAD_00369,secondary,['Anant Kanhere Path'],37.55108276168134,road_line_intersected_raster_cells_all_touched,mapped,3,0.06939985603094101,0.0478540180871884,0.06417465582489967,1.0,1.0,0.0,0.0
090_120,90,120,RN_ROAD_00373,RN_NODE_00341,RN_NODE_00343,0,RN_ROAD_00373,RN_ROAD_00373,residential,,57.62190011561909,road_line_intersected_raster_cells_all_touched,mapped,3,0.051641225814819336,0.03403867036104202,0.04749064929783344,1.0,0.6666666666666666,0.0,0.0
090_120,90,120,RN_ROAD_00375,RN_NODE_00318,RN_NODE_00320,0,RN_ROAD_00375,RN_ROAD_00375,residential,['Dattatrey Malvadkar Path'],103.95219945977442,road_line_intersected_raster_cells_all_touched,mapped,4,0.06939985603094101,0.04272309085354209,0.0652792152017355,1.0,0.75,0.0,0.0
090_120,90,120,RN_ROAD_00374,RN_NODE_00303,RN_NODE_00302,0,RN_ROAD_00374,RN_ROAD_00374,residential,['Bala Raut Path'],100.86042901901577,road_line_intersected_raster_cells_all_touched,mapped,4,0.06089037284255028,0.05071895569562912,0.060244225338101386,1.0,1.0,0.0,0.0
090_120,90,120,RN_ROAD_00377,RN_NODE_00302,RN_NODE_00320,0,RN_ROAD_00377,RN_ROAD_00377,residential,,54.41554678839753,road_line_intersected_raster_cells_all_touched,mapped,2,0.035935740917921066,0.026270936243236065,0.034002779982984066,1.0,0.5,0.0,0.0
090_120,90,120,RN_ROAD_00378,RN_NODE_00302,RN_NODE_00301,0,RN_ROAD_00378,RN_ROAD_00378,residential,['Bala Raut Path'],17.25889386682857,road_line_intersected_raster_cells_all_touched,mapped,2,0.035935740917921066,0.029459258541464806,0.034640444442629814,1.0,1.0,0.0,0.0
090_120,90,120,RN_ROAD_00379,RN_NODE_00320,RN_NODE_00325,0,RN_ROAD_00379,RN_ROAD_00379,residential,['Dattatrey Malvadkar Path'],64.52860259913493,road_line_intersected_raster_cells_all_touched,mapped,4,0.016606131568551064,0.013695401605218649,0.016408445499837398,1.0,0.0,0.0,0.0
090_120,90,120,RN_ROAD_00376,RN_NODE_00352,RN_NODE_00355,0,RN_ROAD_00376,RN_ROAD_00376,residential,,33.30389947901987,road_line_intersected_raster_cells_all_touched,mapped,2,0.031776055693626404,0.029162977822124958,0.03125344011932611,1.0,1.0,0.0,0.0
090_120,90,120,RN_ROAD_00432,RN_NODE_00355,RN_NODE_00363,0,RN_ROAD_00432,RN_ROAD_00432,residential,,44.58497188028427,road_line_intersected_raster_cells_all_touched,mapped,2,0.031776055693626404,0.025376446545124054,0.030496133863925932,1.0,0.5,0.0,0.0
090_120,90,120,RN_ROAD_00380,RN_NODE_00301,RN_NODE_00300,0,RN_ROAD_00380,RN_ROAD_00380,residential,['Bala Raut Path'],50.21898246564194,road_line_intersected_raster_cells_all_touched,mapped,3,0.022982776165008545,0.011219217131535212,0.019725783821195365,1.0,0.3333333333333333,0.0,0.0
090_120,90,120,RN_ROAD_00392,RN_NODE_00301,RN_NODE_00291,0,RN_ROAD_00392,RN_ROAD_00392,residential,,44.18831364726318,road_line_intersected_raster_cells_all_touched,mapped,3,0.022982776165008545,0.016787188438077767,0.02218704707920551,1.0,0.3333333333333333,0.0,0.0
090_120,90,120,RN_ROAD_00381,RN_NODE_00325,RN_NODE_00300,0,RN_ROAD_00381,RN_ROAD_00381,residential,,61.35590635660984,road_line_intersected_raster_cells_all_touched,mapped,4,0.014877021312713623,0.009712602011859417,0.014403468370437622,1.0,0.0,0.0,0.0
090_120,90,120,RN_ROAD_00382,RN_NODE_00325,RN_NODE_00322,0,RN_ROAD_00382,RN_ROAD_00382,residential,['Dattatrey Malvadkar Path'],12.588276999794445,road_line_intersected_raster_cells_all_touched,mapped,2,0.013298511505126953,0.008993557188659906,0.012437520641833543,1.0,0.0,0.0,0.0
090_120,90,120,RN_ROAD_00625,RN_NODE_00300,RN_NODE_00299,0,RN_ROAD_00625,RN_ROAD_00625,residential,['Bala Raut Path'],169.33262027577143,road_line_intersected_raster_cells_all_touched,mapped,7,0.06491999328136444,0.02267511248854654,0.041721423342824,1.0,0.42857142857142855,0.0,0.0
090_120,90,120,RN_ROAD_00383,RN_NODE_00322,RN_NODE_00324,0,RN_ROAD_00383,RN_ROAD_00383,residential,['Dattatrey Malvadkar Path'],34.971618717144,road_line_intersected_raster_cells_all_touched,mapped,2,0.00854058749973774,0.0066145951859653,0.008155389036983252,1.0,0.0,0.0,0.0
090_120,90,120,RN_ROAD_00469,RN_NODE_00322,RN_NODE_00393,0,RN_ROAD_00469,RN_ROAD_00469,residential,['M. K. Hardikar Path'],188.1514134905197,road_line_intersected_raster_cells_all_touched,mapped,7,0.027050912380218506,0.008752033314002412,0.016991298645734794,1.0,0.14285714285714285,0.0,0.0
090_120,90,120,RN_ROAD_00472,RN_NODE_00324,RN_NODE_00390,0,RN_ROAD_00472,RN_ROAD_00472,residential,['Nanasaheb Shendkar Path'],180.15976327610346,road_line_intersected_raster_cells_all_touched,mapped,7,0.023988112807273865,0.013165588091526712,0.018965476937592034,1.0,0.14285714285714285,0.0,0.0
090_120,90,120,RN_ROAD_00624,RN_NODE_00324,RN_NODE_00323,0,RN_ROAD_00624,RN_ROAD_00624,residential,['Dattatrey Malvadkar Path'],15.360988617277298,road_line_intersected_raster_cells_all_touched,mapped,2,0.00854058749973774,0.006886177929118276,0.008209705585613847,1.0,0.0,0.0,0.0
090_120,90,120,RN_ROAD_00390,RN_NODE_00291,RN_NODE_00282,0,RN_ROAD_00390,RN_ROAD_00390,residential,,26.172660671500964,road_line_intersected_raster_cells_all_touched,mapped,2,0.008374658413231373,0.007043475518003106,0.00810842183418572,1.0,0.0,0.0,0.0
090_120,90,120,RN_ROAD_00393,RN_NODE_00291,RN_NODE_00285,0,RN_ROAD_00393,RN_ROAD_00393,residential,,220.02800234651528,road_line_intersected_raster_cells_all_touched,mapped,8,0.035640373826026917,0.0150169322732836,0.030205640010535717,1.0,0.375,0.0,0.0
090_120,90,120,RN_ROAD_00391,RN_NODE_00282,RN_NODE_00277,0,RN_ROAD_00391,RN_ROAD_00391,residential,,29.66736049448955,road_line_intersected_raster_cells_all_touched,mapped,2,0.011225255206227303,0.008468773914501071,0.010673958947882057,1.0,0.0,0.0,0.0
090_120,90,120,RN_ROAD_00389,RN_NODE_00276,RN_NODE_00277,0,RN_ROAD_00389,RN_ROAD_00389,residential,['Sant Tukaram Maharaj Road'],19.87504316425158,road_line_intersected_raster_cells_all_touched,mapped,2,0.015960369259119034,0.013592812232673168,0.01548685785382986,1.0,0.0,0.0,0.0
090_120,90,120,RN_ROAD_00622,RN_NODE_00277,RN_NODE_00285,0,RN_ROAD_00622,RN_ROAD_00622,residential,['Sant Tukaram Maharaj Road'],265.5831756601439,road_line_intersected_raster_cells_all_touched,mapped,10,0.035640373826026917,0.016491809766739605,0.028374653495848175,1.0,0.4,0.0,0.0
090_120,90,120,RN_ROAD_00623,RN_NODE_00285,RN_NODE_00299,0,RN_ROAD_00623,RN_ROAD_00623,residential,,46.43267755042668,road_line_intersected_raster_cells_all_touched,mapped,2,0.06491999328136444,0.05028018355369568,0.061992031335830686,1.0,1.0,0.0,0.0
090_120,90,120,RN_ROAD_00399,RN_NODE_00419,RN_NODE_00417,0,RN_ROAD_00399,RN_ROAD_00399,primary,['Lalbahadur Shashtri Marg'],37.048235669761226,road_line_intersected_raster_cells_all_touched,mapped,2,0.06750860810279846,0.05288689397275448,0.06458426527678966,1.0,1.0,0.0,0.0
090_120,90,120,RN_ROAD_00402,RN_NODE_00420,RN_NODE_00439,0,RN_ROAD_00402,RN_ROAD_00402,residential,['Pradeep Deshpande Path'],45.670575313635425,road_line_intersected_raster_cells_all_touched,mapped,3,0.06750860810279846,0.03691960840175549,0.05963017195463181,1.0,0.6666666666666666,0.0,0.0
090_120,90,120,RN_ROAD_00436,RN_NODE_00420,RN_NODE_00413,0,RN_ROAD_00436,RN_ROAD_00436,primary,['Lalbahadur Shashtri Marg'],84.37336997027148,road_line_intersected_raster_cells_all_touched,mapped,4,0.06750860810279846,0.03452181862667203,0.05584759097546339,1.0,1.0,0.0,0.0
090_120,90,120,RN_ROAD_00434,RN_NODE_00439,RN_NODE_00454,0,RN_ROAD_00434,RN_ROAD_00434,residential,['Pradeep Deshpande Path'],45.17923150069771,road_line_intersected_raster_cells_all_touched,mapped,3,0.015133789740502834,0.010354963596910238,0.013843409344553947,1.0,0.0,0.0,0.0
090_120,90,120,RN_ROAD_00439,RN_NODE_00439,RN_NODE_00426,0,RN_ROAD_00439,RN_ROAD_00439,residential,,127.12545991830288,road_line_intersected_raster_cells_all_touched,mapped,6,0.03765307739377022,0.024358568557848532,0.035765454173088074,1.0,0.5,0.0,0.0
090_120,90,120,RN_ROAD_00400,RN_NODE_00417,RN_NODE_00409,0,RN_ROAD_00400,RN_ROAD_00400,residential,,29.52819449223829,road_line_intersected_raster_cells_all_touched,mapped,3,0.06750860810279846,0.03527874934176604,0.05821100547909737,1.0,0.6666666666666666,0.0,0.0
090_120,90,120,RN_ROAD_00401,RN_NODE_00417,RN_NODE_00415,0,RN_ROAD_00401,RN_ROAD_00401,primary,['Lalbahadur Shashtri Marg'],21.926627960400815,road_line_intersected_raster_cells_all_touched,mapped,1,0.06750860810279846,0.06750860810279846,0.06750860810279846,1.0,1.0,0.0,0.0
090_120,90,120,RN_ROAD_00403,RN_NODE_00415,RN_NODE_00408,0,RN_ROAD_00403,RN_ROAD_00403,residential,,32.51968597027993,road_line_intersected_raster_cells_all_touched,mapped,2,0.06750860810279846,0.04240782652050257,0.062488451786339286,1.0,0.5,0.0,0.0
090_120,90,120,RN_ROAD_00435,RN_NODE_00415,RN_NODE_00412,0,RN_ROAD_00435,RN_ROAD_00435,primary,['Lalbahadur Shashtri Marg'],42.87310654856027,road_line_intersected_raster_cells_all_touched,mapped,4,0.06750860810279846,0.04241767758503556,0.06280971206724643,1.0,1.0,0.0,0.0
090_120,90,120,RN_ROAD_00406,RN_NODE_00494,RN_NODE_00493,0,RN_ROAD_00406,RN_ROAD_00406,residential,,29.8624998855163,road_line_intersected_raster_cells_all_touched,mapped,2,0.02154545858502388,0.020466922782361507,0.021329751424491405,1.0,0.5,0.0,0.0
090_120,90,120,RN_ROAD_00411,RN_NODE_00493,RN_NODE_00506,0,RN_ROAD_00411,RN_ROAD_00411,tertiary,['Madhavrao Peshve Marg'],81.29225901791045,road_line_intersected_raster_cells_all_touched,mapped,5,0.02154545858502388,0.005958108277991414,0.01503595132380724,1.0,0.2,0.0,0.0
090_120,90,120,RN_ROAD_00413,RN_NODE_00512,RN_NODE_00506,0,RN_ROAD_00413,RN_ROAD_00413,tertiary,['Madhavrao Peshve Marg'],32.75289325275549,road_line_intersected_raster_cells_all_touched,mapped,2,0.0004538677749224007,0.00036848361196462065,0.0004367909423308447,1.0,0.0,0.0,0.0
090_120,90,120,RN_ROAD_00444,RN_NODE_00512,RN_NODE_00520,0,RN_ROAD_00444,RN_ROAD_00444,tertiary,['Madhavrao Peshve Marg'],5.836942469150605,road_line_intersected_raster_cells_all_touched,mapped,1,0.0002830994490068406,0.0002830994490068406,0.0002830994490068406,1.0,0.0,0.0,0.0
090_120,90,120,RN_ROAD_00445,RN_NODE_00482,RN_NODE_00483,0,RN_ROAD_00445,RN_ROAD_00445,tertiary,['Baburao Phule Path'],36.95206416045516,road_line_intersected_raster_cells_all_touched,mapped,2,0.0018193715950474143,0.0013504248927347362,0.0017255822545848786,1.0,0.0,0.0,0.0
090_120,90,120,RN_ROAD_00450,RN_NODE_00506,RN_NODE_00504,0,RN_ROAD_00450,RN_ROAD_00450,residential,['Dake Road'],119.32477565561615,road_line_intersected_raster_cells_all_touched,mapped,4,0.0005449767922982574,0.00026699861882661935,0.0005176440870855004,0.75,0.0,0.0,0.0
090_120,90,120,RN_ROAD_00440,RN_NODE_00454,RN_NODE_00444,0,RN_ROAD_00440,RN_ROAD_00440,residential,,116.7417009508058,road_line_intersected_raster_cells_all_touched,mapped,5,0.020051443949341774,0.009256199188530444,0.015146368183195591,1.0,0.2,0.0,0.0
090_120,90,120,RN_ROAD_00446,RN_NODE_00454,RN_NODE_00473,0,RN_ROAD_00446,RN_ROAD_00446,residential,['Pradeep Deshpande Path'],59.204013992992756,road_line_intersected_raster_cells_all_touched,mapped,3,0.0072492132894694805,0.002797597204335034,0.006028086296282709,0.6666666666666666,0.0,0.0,0.0
090_120,90,120,RN_ROAD_00416,RN_NODE_00369,RN_NODE_00368,0,RN_ROAD_00416,RN_ROAD_00416,residential,,46.71954841931958,road_line_intersected_raster_cells_all_touched,mapped,2,0.009670351631939411,0.005520371196325868,0.008840355544816703,1.0,0.0,0.0,0.0
090_120,90,120,RN_ROAD_00421,RN_NODE_00368,RN_NODE_00388,0,RN_ROAD_00421,RN_ROAD_00421,residential,,63.604879904668465,road_line_intersected_raster_cells_all_touched,mapped,5,0.011904771439731121,0.007864710735157132,0.011011003516614437,1.0,0.0,0.0,0.0
090_120,90,120,RN_ROAD_00419,RN_NODE_00389,RN_NODE_00388,0,RN_ROAD_00419,RN_ROAD_00419,residential,,9.46226028981026,road_line_intersected_raster_cells_all_touched,mapped,2,0.014436810277402401,0.00893075147178024,0.013335598516277969,1.0,0.0,0.0,0.0
090_120,90,120,RN_ROAD_00420,RN_NODE_00389,RN_NODE_00406,0,RN_ROAD_00420,RN_ROAD_00420,residential,,37.35535506606383,road_line_intersected_raster_cells_all_touched,mapped,3,0.021020594984292984,0.017588150066634018,0.02027788497507572,1.0,0.3333333333333333,0.0,0.0
090_120,90,120,RN_ROAD_00422,RN_NODE_00388,RN_NODE_00386,0,RN_ROAD_00422,RN_ROAD_00422,residential,,41.858169417278205,road_line_intersected_raster_cells_all_touched,mapped,3,0.013423881493508816,0.009584448533132672,0.013120059482753276,1.0,0.0,0.0,0.0
090_120,90,120,RN_ROAD_00423,RN_NODE_00386,RN_NODE_00372,0,RN_ROAD_00423,RN_ROAD_00423,residential,,39.76098143899691,road_line_intersected_raster_cells_all_touched,mapped,2,0.013423881493508816,0.011131434235721827,0.012965392041951417,1.0,0.0,0.0,0.0
090_120,90,120,RN_ROAD_00424,RN_NODE_00386,RN_NODE_00382,0,RN_ROAD_00424,RN_ROAD_00424,residential,,36.68756445483834,road_line_intersected_raster_cells_all_touched,mapped,2,0.04231112077832222,0.027867501135915518,0.03942239684984088,1.0,0.5,0.0,0.0
090_120,90,120,RN_ROAD_00426,RN_NODE_00382,RN_NODE_00365,0,RN_ROAD_00426,RN_ROAD_00426,secondary,['Anant Kanhere Path'],52.09119030933215,road_line_intersected_raster_cells_all_touched,mapped,3,0.046006932854652405,0.0403961588939031,0.045267770439386366,1.0,1.0,0.0,0.0
090_120,90,120,RN_ROAD_00427,RN_NODE_00382,RN_NODE_00392,0,RN_ROAD_00427,RN_ROAD_00427,secondary,['Anant Kanhere Path'],29.14387282663369,road_line_intersected_raster_cells_all_touched,mapped,2,0.04231112077832222,0.030338697135448456,0.03991663604974747,1.0,0.5,0.0,0.0
090_120,90,120,RN_ROAD_00430,RN_NODE_00365,RN_NODE_00363,0,RN_ROAD_00430,RN_ROAD_00430,residential,,42.26531024380577,road_line_intersected_raster_cells_all_touched,mapped,2,0.032870423048734665,0.025923630222678185,0.03148106448352337,1.0,0.5,0.0,0.0
090_120,90,120,RN_ROAD_00429,RN_NODE_00392,RN_NODE_00410,0,RN_ROAD_00429,RN_ROAD_00429,secondary,['Anant Kanhere Path'],43.015859018720306,road_line_intersected_raster_cells_all_touched,mapped,3,0.03378073871135712,0.024189061174790066,0.03110862523317337,1.0,0.6666666666666666,0.0,0.0
090_120,90,120,RN_ROAD_00431,RN_NODE_00392,RN_NODE_00379,0,RN_ROAD_00431,RN_ROAD_00431,residential,,67.47958640276215,road_line_intersected_raster_cells_all_touched,mapped,5,0.020420171320438385,0.01652015559375286,0.01959861218929291,1.0,0.2,0.0,0.0
090_120,90,120,RN_ROAD_00438,RN_NODE_00410,RN_NODE_00412,0,RN_ROAD_00438,RN_ROAD_00438,primary,['Lalbahadur Shashtri Marg'],28.276852390253246,road_line_intersected_raster_cells_all_touched,mapped,2,0.051845621317625046,0.04281318001449108,0.05003913305699825,1.0,1.0,0.0,0.0
090_120,90,120,RN_ROAD_00441,RN_NODE_00410,RN_NODE_00413,0,RN_ROAD_00441,RN_ROAD_00441,secondary,['Anant Kanhere Path'],10.832316891595964,road_line_intersected_raster_cells_all_touched,mapped,2,0.03378073871135712,0.027021462097764015,0.032428883388638495,1.0,1.0,0.0,0.0
090_120,90,120,RN_ROAD_00442,RN_NODE_00410,RN_NODE_00407,0,RN_ROAD_00442,RN_ROAD_00442,primary,['Lalbahadur Shashtri Marg'],36.96143514401809,road_line_intersected_raster_cells_all_touched,mapped,2,0.04108130931854248,0.0374310240149498,0.04035125225782395,1.0,1.0,0.0,0.0
090_120,90,120,RN_ROAD_00433,RN_NODE_00363,RN_NODE_00379,0,RN_ROAD_00433,RN_ROAD_00433,residential,,48.569567192436125,road_line_intersected_raster_cells_all_touched,mapped,3,0.033944860100746155,0.02367039956152439,0.030951255559921266,1.0,0.3333333333333333,0.0,0.0
090_120,90,120,RN_ROAD_00465,RN_NODE_00379,RN_NODE_00378,0,RN_ROAD_00465,RN_ROAD_00465,residential,,28.477795101738316,road_line_intersected_raster_cells_all_touched,mapped,2,0.018089501187205315,0.014297927729785442,0.01733118649572134,1.0,0.0,0.0,0.0
090_120,90,120,RN_ROAD_00437,RN_NODE_00412,RN_NODE_00401,0,RN_ROAD_00437,RN_ROAD_00437,residential,,30.235439957684452,road_line_intersected_raster_cells_all_touched,mapped,2,0.051845621317625046,0.047215163707733154,0.050919529795646665,1.0,1.0,0.0,0.0
090_120,90,120,RN_ROAD_00443,RN_NODE_00413,RN_NODE_00411,0,RN_ROAD_00443,RN_ROAD_00443,primary,['Lalbahadur Shashtri Marg'],37.66370862797395,road_line_intersected_raster_cells_all_touched,mapped,3,0.04108130931854248,0.031708077838023506,0.039621195197105406,1.0,1.0,0.0,0.0
090_120,90,120,RN_ROAD_00455,RN_NODE_00426,RN_NODE_00411,0,RN_ROAD_00455,RN_ROAD_00455,residential,['Madanlal Dangi Path'],47.704587631400855,road_line_intersected_raster_cells_all_touched,mapped,3,0.04108130931854248,0.02286596316844225,0.03568233344703913,1.0,0.3333333333333333,0.0,0.0
090_120,90,120,RN_ROAD_00456,RN_NODE_00426,RN_NODE_00444,0,RN_ROAD_00456,RN_ROAD_00456,residential,['Madanlal Dangi Path'],45.50539702809692,road_line_intersected_raster_cells_all_touched,mapped,2,0.013430150225758553,0.010569735895842314,0.012858067359775304,1.0,0.0,0.0,0.0
090_120,90,120,RN_ROAD_00458,RN_NODE_00426,RN_NODE_00416,0,RN_ROAD_00458,RN_ROAD_00458,residential,,82.27627804726039,road_line_intersected_raster_cells_all_touched,mapped,5,0.026449793949723244,0.013049737736582755,0.022749613597989084,1.0,0.2,0.0,0.0
090_120,90,120,RN_ROAD_00453,RN_NODE_00444,RN_NODE_00467,0,RN_ROAD_00453,RN_ROAD_00453,residential,['Madanlal Dangi Path'],85.03726839063847,road_line_intersected_raster_cells_all_touched,mapped,5,0.007709321565926075,0.0024690013262443243,0.006018497981131077,0.8,0.0,0.0,0.0
090_120,90,120,RN_ROAD_00459,RN_NODE_00444,RN_NODE_00436,0,RN_ROAD_00459,RN_ROAD_00459,residential,,86.17395499310577,road_line_intersected_raster_cells_all_touched,mapped,4,0.007709321565926075,0.0033765953849069774,0.006262434297241271,1.0,0.0,0.0,0.0
090_120,90,120,RN_ROAD_00454,RN_NODE_00407,RN_NODE_00411,0,RN_ROAD_00454,RN_ROAD_00454,residential,,11.035372286912024,road_line_intersected_raster_cells_all_touched,mapped,1,0.04108130931854248,0.04108130931854248,0.04108130931854248,1.0,1.0,0.0,0.0
090_120,90,120,RN_ROAD_00464,RN_NODE_00407,RN_NODE_00405,0,RN_ROAD_00464,RN_ROAD_00464,residential,,5.901275599726542,road_line_intersected_raster_cells_all_touched,mapped,1,0.04108130931854248,0.04108130931854248,0.04108130931854248,1.0,1.0,0.0,0.0
090_120,90,120,RN_ROAD_00466,RN_NODE_00407,RN_NODE_00400,0,RN_ROAD_00466,RN_ROAD_00466,primary,['Lalbahadur Shashtri Marg'],55.290121821909146,road_line_intersected_raster_cells_all_touched,mapped,4,0.06532847881317139,0.052213964983820915,0.06424730159342289,1.0,1.0,0.0,0.0
090_120,90,120,RN_ROAD_00457,RN_NODE_00411,RN_NODE_00402,0,RN_ROAD_00457,RN_ROAD_00457,primary,['Lalbahadur Shashtri Marg'],87.68406882970186,road_line_intersected_raster_cells_all_touched,mapped,4,0.06532847881317139,0.0399454147554934,0.05805432796478272,1.0,0.75,0.0,0.0
090_120,90,120,RN_ROAD_00447,RN_NODE_00483,RN_NODE_00473,0,RN_ROAD_00447,RN_ROAD_00447,residential,['Pradeep Deshpande Path'],76.54612951029117,road_line_intersected_raster_cells_all_touched,mapped,4,0.0008814781904220581,0.00022761034688301152,0.0006257236924284372,0.5,0.0,0.0,0.0
090_120,90,120,RN_ROAD_00448,RN_NODE_00483,RN_NODE_00481,0,RN_ROAD_00448,RN_ROAD_00448,tertiary,['Baburao Phule Path'],46.54619336879503,road_line_intersected_raster_cells_all_touched,mapped,4,0.0008814781904220581,0.0003904091863660142,0.0008210822998080403,0.5,0.0,0.0,0.0
090_120,90,120,RN_ROAD_00451,RN_NODE_00473,RN_NODE_00467,0,RN_ROAD_00451,RN_ROAD_00451,residential,['R. D. Khaniwale Path'],121.62995956819663,road_line_intersected_raster_cells_all_touched,mapped,7,0.0,0.0,0.0,0.0,0.0,0.0,0.0
090_120,90,120,RN_ROAD_00449,RN_NODE_00481,RN_NODE_00477,0,RN_ROAD_00449,RN_ROAD_00449,residential,,28.661201723806187,road_line_intersected_raster_cells_all_touched,mapped,2,0.0,0.0,0.0,0.0,0.0,0.0,0.0
090_120,90,120,RN_ROAD_00452,RN_NODE_00481,RN_NODE_00479,0,RN_ROAD_00452,RN_ROAD_00452,tertiary,['Baburao Phule Path'],74.58997696108264,road_line_intersected_raster_cells_all_touched,mapped,3,0.0,0.0,0.0,0.0,0.0,0.0,0.0
090_120,90,120,RN_ROAD_00474,RN_NODE_00467,RN_NODE_00479,0,RN_ROAD_00474,RN_ROAD_00474,residential,['Madanlal Dangi Path'],50.36408338670827,road_line_intersected_raster_cells_all_touched,mapped,3,0.0,0.0,0.0,0.0,0.0,0.0,0.0
090_120,90,120,RN_ROAD_00475,RN_NODE_00479,RN_NODE_00478,0,RN_ROAD_00475,RN_ROAD_00475,tertiary,['Baburao Phule Path'],68.19172798126247,road_line_intersected_raster_cells_all_touched,mapped,3,0.0,0.0,0.0,0.0,0.0,0.0,0.0
090_120,90,120,RN_ROAD_00460,RN_NODE_00402,RN_NODE_00416,0,RN_ROAD_00460,RN_ROAD_00460,residential,['Vishwasrao Himmatbahaddar Chavan Path'],45.69150205960466,road_line_intersected_raster_cells_all_touched,mapped,2,0.012650353834033012,0.00856664590537548,0.011833612248301506,1.0,0.0,0.0,0.0
090_120,90,120,RN_ROAD_00471,RN_NODE_00402,RN_NODE_00387,0,RN_ROAD_00471,RN_ROAD_00471,primary,['Lalbahadur Shashtri Marg'],135.2528321927307,road_line_intersected_raster_cells_all_touched,mapped,7,0.03521942347288132,0.02122849379000919,0.033714064955711366,1.0,0.42857142857142855,0.0,0.0
090_120,90,120,RN_ROAD_00461,RN_NODE_00416,RN_NODE_00423,0,RN_ROAD_00461,RN_ROAD_00461,residential,['Vishwasrao Himmatbahaddar Chavan Path'],19.96035429863072,road_line_intersected_raster_cells_all_touched,mapped,2,0.004482937976717949,0.0031741626444272697,0.004221182910259813,1.0,0.0,0.0,0.0
090_120,90,120,RN_ROAD_00462,RN_NODE_00436,RN_NODE_00423,0,RN_ROAD_00462,RN_ROAD_00462,residential,['Vishwasrao Himmatbahaddar Chavan Path'],23.589763046897893,road_line_intersected_raster_cells_all_touched,mapped,2,0.0018653873121365905,0.0014437984209507704,0.0017810695338994265,1.0,0.0,0.0,0.0
090_120,90,120,RN_ROAD_00463,RN_NODE_00436,RN_NODE_00461,0,RN_ROAD_00463,RN_ROAD_00463,residential,['Vishwasrao Himmatbahaddar Chavan Path'],71.26018059149224,road_line_intersected_raster_cells_all_touched,mapped,3,0.0010222095297649503,0.000608781740690271,0.0009785947622731328,0.6666666666666666,0.0,0.0,0.0
090_120,90,120,RN_ROAD_00484,RN_NODE_00423,RN_NODE_00421,0,RN_ROAD_00484,RN_ROAD_00484,residential,['Vishwanath Mahadev Phule Path'],133.9052562918176,road_line_intersected_raster_cells_all_touched,mapped,7,0.007394501939415932,0.003426772026744272,0.006257188599556685,1.0,0.0,0.0,0.0
090_120,90,120,RN_ROAD_00476,RN_NODE_00461,RN_NODE_00478,0,RN_ROAD_00476,RN_ROAD_00476,residential,['Vishwasrao Himmatbahaddar Chavan Path'],81.7819111117199,road_line_intersected_raster_cells_all_touched,mapped,4,0.0037178611382842064,0.0009294652845710516,0.002602502796798945,0.25,0.0,0.0,0.0
090_120,90,120,RN_ROAD_00477,RN_NODE_00461,RN_NODE_00460,0,RN_ROAD_00477,RN_ROAD_00477,residential,,22.929729575729656,road_line_intersected_raster_cells_all_touched,mapped,2,0.00561614241451025,0.002808071207255125,0.005054528173059225,0.5,0.0,0.0,0.0
090_120,90,120,RN_ROAD_00467,RN_NODE_00400,RN_NODE_00344,0,RN_ROAD_00467,RN_ROAD_00467,living_street,,164.3411147314753,road_line_intersected_raster_cells_all_touched,mapped,7,0.06172455474734306,0.02076951800180333,0.03731991276144983,1.0,0.2857142857142857,0.0,0.0
090_120,90,120,RN_ROAD_00468,RN_NODE_00400,RN_NODE_00393,0,RN_ROAD_00468,RN_ROAD_00468,primary,['Lalbahadur Shashtri Marg'],81.2642520848542,road_line_intersected_raster_cells_all_touched,mapped,3,0.06172455474734306,0.04133163020014763,0.05642352849245071,1.0,1.0,0.0,0.0
090_120,90,120,RN_ROAD_00470,RN_NODE_00393,RN_NODE_00390,0,RN_ROAD_00470,RN_ROAD_00470,primary,['Lalbahadur Shashtri Marg'],30.03376256075307,road_line_intersected_raster_cells_all_touched,mapped,2,0.027050912380218506,0.021333982702344656,0.025907526444643735,1.0,0.5,0.0,0.0
090_120,90,120,RN_ROAD_00473,RN_NODE_00390,RN_NODE_00383,0,RN_ROAD_00473,RN_ROAD_00473,primary,['Lalbahadur Shashtri Marg'],64.96917422512529,road_line_intersected_raster_cells_all_touched,mapped,4,0.032710492610931396,0.019310975330881774,0.029289409331977368,1.0,0.5,0.0,0.0
090_120,90,120,RN_ROAD_00486,RN_NODE_00387,RN_NODE_00421,0,RN_ROAD_00486,RN_ROAD_00486,residential,['Vishwanath Mahadev Phule Path'],89.00137413042468,road_line_intersected_raster_cells_all_touched,mapped,5,0.032710492610931396,0.016459662467241287,0.02755382210016251,1.0,0.2,0.0,0.0
090_120,90,120,RN_ROAD_00597,RN_NODE_00387,RN_NODE_00383,0,RN_ROAD_00597,RN_ROAD_00597,residential,['Vishwanath Mahadev Phule Path'],13.132554076222565,road_line_intersected_raster_cells_all_touched,mapped,1,0.032710492610931396,0.032710492610931396,0.032710492610931396,1.0,1.0,0.0,0.0
090_120,90,120,RN_ROAD_00598,RN_NODE_00387,RN_NODE_00380,0,RN_ROAD_00598,RN_ROAD_00598,primary,['Lalbahadur Shashtri Marg'],95.89038736893353,road_line_intersected_raster_cells_all_touched,mapped,4,0.07740296423435211,0.051746027544140816,0.07095812112092972,1.0,1.0,0.0,0.0
090_120,90,120,RN_ROAD_00596,RN_NODE_00383,RN_NODE_00342,0,RN_ROAD_00596,RN_ROAD_00596,residential,,134.566479891982,road_line_intersected_raster_cells_all_touched,mapped,5,0.032710492610931396,0.009020151407457887,0.02157362960278988,1.0,0.2,0.0,0.0
090_120,90,120,RN_ROAD_00599,RN_NODE_00383,RN_NODE_00375,0,RN_ROAD_00599,RN_ROAD_00599,primary,['Lalbahadur Shashtri Marg'],87.97317194069409,road_line_intersected_raster_cells_all_touched,mapped,5,0.07740296423435211,0.051760497689247134,0.06880984008312226,1.0,1.0,0.0,0.0
090_120,90,120,RN_ROAD_00478,RN_NODE_00478,RN_NODE_00476,0,RN_ROAD_00478,RN_ROAD_00478,tertiary,['Baburao Phule Path'],82.40688144646668,road_line_intersected_raster_cells_all_touched,mapped,5,0.05952902510762215,0.014770091278478503,0.03852811679244042,0.8,0.2,0.0,0.0
090_120,90,120,RN_ROAD_00479,RN_NODE_00476,RN_NODE_00466,0,RN_ROAD_00479,RN_ROAD_00479,residential,,43.009772517146956,road_line_intersected_raster_cells_all_touched,mapped,2,0.05952902510762215,0.043456523679196835,0.056314524821937086,1.0,1.0,0.0,0.0
090_120,90,120,RN_ROAD_00480,RN_NODE_00476,RN_NODE_00475,0,RN_ROAD_00480,RN_ROAD_00480,tertiary,['Baburao Phule Path'],57.324997418681235,road_line_intersected_raster_cells_all_touched,mapped,3,0.33494025468826294,0.2003181241452694,0.30924922227859497,1.0,1.0,0.6666666666666666,0.3333333333333333
090_120,90,120,RN_ROAD_00483,RN_NODE_00475,RN_NODE_00470,0,RN_ROAD_00483,RN_ROAD_00483,residential,['Vishwanath Mahadev Phule Path'],21.353698598834608,road_line_intersected_raster_cells_all_touched,mapped,2,0.33494025468826294,0.20948155596852303,0.309848514944315,1.0,1.0,0.5,0.5
090_120,90,120,RN_ROAD_00594,RN_NODE_00475,RN_NODE_00474,0,RN_ROAD_00594,RN_ROAD_00594,tertiary,['Baburao Phule Path'],28.69165843571568,road_line_intersected_raster_cells_all_touched,mapped,1,0.33494025468826294,0.33494025468826294,0.33494025468826294,1.0,1.0,1.0,1.0
090_120,90,120,RN_ROAD_00481,RN_NODE_00471,RN_NODE_00470,0,RN_ROAD_00481,RN_ROAD_00481,residential,,34.541271597331985,road_line_intersected_raster_cells_all_touched,mapped,2,0.08402285724878311,0.08370314911007881,0.08395891562104225,1.0,1.0,0.0,0.0
090_120,90,120,RN_ROAD_00482,RN_NODE_00470,RN_NODE_00458,0,RN_ROAD_00482,RN_ROAD_00482,residential,['Vishwanath Mahadev Phule Path'],41.428757139059755,road_line_intersected_raster_cells_all_touched,mapped,2,0.08402285724878311,0.059755364432930946,0.07916935868561267,1.0,1.0,0.0,0.0
090_120,90,120,RN_ROAD_00489,RN_NODE_00458,RN_NODE_00445,0,RN_ROAD_00489,RN_ROAD_00489,residential,['Vishwanath Mahadev Phule Path'],43.372933928021475,road_line_intersected_raster_cells_all_touched,mapped,3,0.03548787161707878,0.024569569776455562,0.03305585607886315,1.0,0.6666666666666666,0.0,0.0
090_120,90,120,RN_ROAD_00491,RN_NODE_00458,RN_NODE_00457,0,RN_ROAD_00491,RN_ROAD_00491,residential,['Vishwanath Mahadev Phule Path'],47.16485696932285,road_line_intersected_raster_cells_all_touched,mapped,3,0.12815748155117035,0.07764238740007083,0.11638234704732896,1.0,1.0,0.3333333333333333,0.0
090_120,90,120,RN_ROAD_00487,RN_NODE_00421,RN_NODE_00442,0,RN_ROAD_00487,RN_ROAD_00487,residential,['Vishwanath Mahadev Phule Path'],51.35203397291668,road_line_intersected_raster_cells_all_touched,mapped,3,0.014893043786287308,0.011526408915718397,0.014372771233320236,1.0,0.0,0.0,0.0
090_120,90,120,RN_ROAD_00490,RN_NODE_00421,RN_NODE_00418,0,RN_ROAD_00490,RN_ROAD_00490,residential,,46.14214901544006,road_line_intersected_raster_cells_all_touched,mapped,2,0.007394501939415932,0.005751503631472588,0.007065902277827263,1.0,0.0,0.0,0.0
090_120,90,120,RN_ROAD_00485,RN_NODE_00446,RN_NODE_00445,0,RN_ROAD_00485,RN_ROAD_00485,residential,,36.19906931731336,road_line_intersected_raster_cells_all_touched,mapped,2,0.014893043786287308,0.010548605117946863,0.01402415605261922,1.0,0.0,0.0,0.0
090_120,90,120,RN_ROAD_00488,RN_NODE_00445,RN_NODE_00442,0,RN_ROAD_00488,RN_ROAD_00488,residential,['Vishwanath Mahadev Phule Path'],5.936139407664445,road_line_intersected_raster_cells_all_touched,mapped,1,0.014893043786287308,0.014893043786287308,0.014893043786287308,1.0,0.0,0.0,0.0
090_120,90,120,RN_ROAD_00492,RN_NODE_00442,RN_NODE_00440,0,RN_ROAD_00492,RN_ROAD_00492,residential,,58.178094656387266,road_line_intersected_raster_cells_all_touched,mapped,3,0.014893043786287308,0.012588774785399437,0.014389449171721936,1.0,0.0,0.0,0.0
090_120,90,120,RN_ROAD_00493,RN_NODE_00455,RN_NODE_00453,0,RN_ROAD_00493,RN_ROAD_00493,residential,,30.918971372978657,road_line_intersected_raster_cells_all_touched,mapped,2,0.03626229986548424,0.031529104337096214,0.03531566075980663,1.0,1.0,0.0,0.0
090_120,90,120,RN_ROAD_00494,RN_NODE_00012,RN_NODE_00006,0,RN_ROAD_00494,RN_ROAD_00494,tertiary,['Gulwani Maharaj Path'],42.8285125913505,road_line_intersected_raster_cells_all_touched,mapped,3,0.008850482292473316,0.007122893662502368,0.00876768995076418,1.0,0.0,0.0,0.0
090_120,90,120,RN_ROAD_00496,RN_NODE_00012,RN_NODE_00011,0,RN_ROAD_00496,RN_ROAD_00496,residential,['Shramasafalya Society Road'],6.988515553938803,road_line_intersected_raster_cells_all_touched,mapped,2,0.012752683833241463,0.00841718097217381,0.011885583261027932,1.0,0.0,0.0,0.0
090_120,90,120,RN_ROAD_00500,RN_NODE_00012,RN_NODE_00017,0,RN_ROAD_00500,RN_ROAD_00500,tertiary,['Gulwani Maharaj Path'],42.45967987531039,road_line_intersected_raster_cells_all_touched,mapped,3,0.016509750857949257,0.011114704267432293,0.015758337453007698,1.0,0.0,0.0,0.0
090_120,90,120,RN_ROAD_00495,RN_NODE_00005,RN_NODE_00011,0,RN_ROAD_00495,RN_ROAD_00495,tertiary,['Gulwani Maharaj Path'],38.274991653769185,road_line_intersected_raster_cells_all_touched,mapped,3,0.012752683833241463,0.008423627509425083,0.011889451183378696,1.0,0.0,0.0,0.0
090_120,90,120,RN_ROAD_00501,RN_NODE_00011,RN_NODE_00016,0,RN_ROAD_00501,RN_ROAD_00501,tertiary,['Gulwani Maharaj Path'],43.8042330338447,road_line_intersected_raster_cells_all_touched,mapped,3,0.04827402904629707,0.02584548791249593,0.04192117340862751,1.0,0.3333333333333333,0.0,0.0
090_120,90,120,RN_ROAD_00508,RN_NODE_00011,RN_NODE_00010,0,RN_ROAD_00508,RN_ROAD_00508,residential,['Shramasafalya Society Road'],86.54621941414499,road_line_intersected_raster_cells_all_touched,mapped,3,0.02907937951385975,0.017238995991647243,0.025814040377736092,1.0,0.3333333333333333,0.0,0.0
090_120,90,120,RN_ROAD_00499,RN_NODE_00036,RN_NODE_00039,0,RN_ROAD_00499,RN_ROAD_00499,residential,,22.301565943594664,road_line_intersected_raster_cells_all_touched,mapped,3,0.07962746918201447,0.05463831995924314,0.07280162498354911,1.0,1.0,0.0,0.0
090_120,90,120,RN_ROAD_00505,RN_NODE_00036,RN_NODE_00023,0,RN_ROAD_00505,RN_ROAD_00505,residential,,54.02351430842665,road_line_intersected_raster_cells_all_touched,mapped,3,0.14094625413417816,0.1100545624891917,0.13467499613761902,1.0,1.0,0.6666666666666666,0.0
090_120,90,120,RN_ROAD_00509,RN_NODE_00036,RN_NODE_00034,0,RN_ROAD_00509,RN_ROAD_00509,residential,,110.59063402340144,road_line_intersected_raster_cells_all_touched,mapped,5,0.11028259247541428,0.0765129379928112,0.10348350554704666,1.0,1.0,0.2,0.0
090_120,90,120,RN_ROAD_00504,RN_NODE_00017,RN_NODE_00016,0,RN_ROAD_00504,RN_ROAD_00504,tertiary,['Imambhai Shekh Path'],7.192496022473638,road_line_intersected_raster_cells_all_touched,mapped,2,0.04827402904629707,0.032391889952123165,0.04509760122746229,1.0,0.5,0.0,0.0
090_120,90,120,RN_ROAD_00506,RN_NODE_00017,RN_NODE_00020,0,RN_ROAD_00506,RN_ROAD_00506,tertiary,['Gulwani Maharaj Path'],32.841819270007306,road_line_intersected_raster_cells_all_touched,mapped,3,0.10958996415138245,0.05812458135187626,0.09732677713036537,1.0,0.6666666666666666,0.3333333333333333,0.0
090_120,90,120,RN_ROAD_00507,RN_NODE_00016,RN_NODE_00019,0,RN_ROAD_00507,RN_ROAD_00507,tertiary,['Gulwani Maharaj Path'],31.00075468075208,road_line_intersected_raster_cells_all_touched,mapped,2,0.10958996415138245,0.07893199659883976,0.1034583706408739,1.0,1.0,0.5,0.0
090_120,90,120,RN_ROAD_00503,RN_NODE_00004,RN_NODE_00003,0,RN_ROAD_00503,RN_ROAD_00503,residential,,32.28406437020715,road_line_intersected_raster_cells_all_touched,mapped,2,0.02952715754508972,0.018342405557632446,0.027290207147598267,1.0,0.5,0.0,0.0
090_120,90,120,RN_ROAD_00511,RN_NODE_00023,RN_NODE_00020,0,RN_ROAD_00511,RN_ROAD_00511,tertiary,['Gulwani Maharaj Path'],7.242539992536353,road_line_intersected_raster_cells_all_touched,mapped,1,0.10958996415138245,0.10958996415138245,0.10958996415138245,1.0,1.0,1.0,0.0
090_120,90,120,RN_ROAD_00513,RN_NODE_00023,RN_NODE_00021,0,RN_ROAD_00513,RN_ROAD_00513,residential,,6.983165191134959,road_line_intersected_raster_cells_all_touched,mapped,1,0.10958996415138245,0.10958996415138245,0.10958996415138245,1.0,1.0,1.0,0.0
090_120,90,120,RN_ROAD_00514,RN_NODE_00023,RN_NODE_00034,0,RN_ROAD_00514,RN_ROAD_00514,tertiary,['Gulwani Maharaj Path'],34.96737715662887,road_line_intersected_raster_cells_all_touched,mapped,3,0.10958996415138245,0.06685860579212506,0.09844627231359482,1.0,1.0,0.3333333333333333,0.0
090_120,90,120,RN_ROAD_00510,RN_NODE_00020,RN_NODE_00019,0,RN_ROAD_00510,RN_ROAD_00510,residential,,6.983467125765223,road_line_intersected_raster_cells_all_touched,mapped,1,0.10958996415138245,0.10958996415138245,0.10958996415138245,1.0,1.0,1.0,0.0
090_120,90,120,RN_ROAD_00512,RN_NODE_00019,RN_NODE_00021,0,RN_ROAD_00512,RN_ROAD_00512,tertiary,['Gulwani Maharaj Path'],7.227252123885603,road_line_intersected_raster_cells_all_touched,mapped,1,0.10958996415138245,0.10958996415138245,0.10958996415138245,1.0,1.0,1.0,0.0
090_120,90,120,RN_ROAD_00517,RN_NODE_00019,RN_NODE_00018,0,RN_ROAD_00517,RN_ROAD_00517,residential,,64.14110905468871,road_line_intersected_raster_cells_all_touched,mapped,4,0.10958996415138245,0.05434564687311649,0.09119518361985685,1.0,1.0,0.25,0.0
090_120,90,120,RN_ROAD_00516,RN_NODE_00034,RN_NODE_00027,0,RN_ROAD_00516,RN_ROAD_00516,residential,,7.010767954611743,road_line_intersected_raster_cells_all_touched,mapped,1,0.053871504962444305,0.053871504962444305,0.053871504962444305,1.0,1.0,0.0,0.0
090_120,90,120,RN_ROAD_00518,RN_NODE_00034,RN_NODE_00057,0,RN_ROAD_00518,RN_ROAD_00518,tertiary,['Gulwani Maharaj Path'],137.5377317476224,road_line_intersected_raster_cells_all_touched,mapped,7,0.07527896016836166,0.04030635520549757,0.07471726089715958,1.0,0.7142857142857143,0.0,0.0
090_120,90,120,RN_ROAD_00515,RN_NODE_00021,RN_NODE_00027,0,RN_ROAD_00515,RN_ROAD_00515,tertiary,['Gulwani Maharaj Path'],34.40198774129008,road_line_intersected_raster_cells_all_touched,mapped,3,0.10958996415138245,0.06685860579212506,0.09844627231359482,1.0,1.0,0.3333333333333333,0.0
090_120,90,120,RN_ROAD_00519,RN_NODE_00027,RN_NODE_00055,0,RN_ROAD_00519,RN_ROAD_00519,tertiary,['Gulwani Maharaj Path'],139.24373942661734,road_line_intersected_raster_cells_all_touched,mapped,7,0.07527896016836166,0.04691406339406967,0.07471726089715958,1.0,0.8571428571428571,0.0,0.0
090_120,90,120,RN_ROAD_00521,RN_NODE_00057,RN_NODE_00055,0,RN_ROAD_00521,RN_ROAD_00521,residential,,6.9826804461109715,road_line_intersected_raster_cells_all_touched,mapped,1,0.017243104055523872,0.017243104055523872,0.017243104055523872,1.0,0.0,0.0,0.0
090_120,90,120,RN_ROAD_00554,RN_NODE_00057,RN_NODE_00063,0,RN_ROAD_00554,RN_ROAD_00554,tertiary,['Gulwani Maharaj Path'],61.83276020804142,road_line_intersected_raster_cells_all_touched,mapped,4,0.028592396527528763,0.019854911835864186,0.027956843189895154,1.0,0.5,0.0,0.0
090_120,90,120,RN_ROAD_00522,RN_NODE_00055,RN_NODE_00009,0,RN_ROAD_00522,RN_ROAD_00522,residential,,202.98961960729056,road_line_intersected_raster_cells_all_touched,mapped,8,0.061880942434072495,0.041253133793361485,0.06130439750850201,1.0,0.75,0.0,0.0
090_120,90,120,RN_ROAD_00555,RN_NODE_00055,RN_NODE_00062,0,RN_ROAD_00555,RN_ROAD_00555,tertiary,['Gulwani Maharaj Path'],63.005569179776785,road_line_intersected_raster_cells_all_touched,mapped,4,0.028592396527528763,0.024921498727053404,0.028227660246193408,1.0,0.75,0.0,0.0
090_120,90,120,RN_ROAD_00520,RN_NODE_00009,RN_NODE_00002,0,RN_ROAD_00520,RN_ROAD_00520,residential,,41.31404716190531,road_line_intersected_raster_cells_all_touched,mapped,1,0.011020452715456486,0.011020452715456486,0.011020452715456486,1.0,0.0,0.0,0.0
090_120,90,120,RN_ROAD_00523,RN_NODE_00009,RN_NODE_00008,0,RN_ROAD_00523,RN_ROAD_00523,residential,,12.441899887466713,road_line_intersected_raster_cells_all_touched,mapped,2,0.011020452715456486,0.007069393643178046,0.010230240901000798,1.0,0.0,0.0,0.0
090_120,90,120,RN_ROAD_00556,RN_NODE_00008,RN_NODE_00001,0,RN_ROAD_00556,RN_ROAD_00556,residential,,43.988610861901286,road_line_intersected_raster_cells_all_touched,mapped,2,0.0031183345708996058,0.001934209605678916,0.002881509577855468,1.0,0.0,0.0,0.0
090_120,90,120,RN_ROAD_00557,RN_NODE_00008,RN_NODE_00013,0,RN_ROAD_00557,RN_ROAD_00557,residential,,83.46063841947745,road_line_intersected_raster_cells_all_touched,mapped,4,0.0031183345708996058,0.0014517063536914065,0.002683584741316736,1.0,0.0,0.0,0.0
090_120,90,120,RN_ROAD_00528,RN_NODE_00169,RN_NODE_00170,0,RN_ROAD_00528,RN_ROAD_00528,residential,,26.96845598273519,road_line_intersected_raster_cells_all_touched,mapped,2,0.00722789391875267,0.006002372829243541,0.006982789700850844,1.0,0.0,0.0,0.0
090_120,90,120,RN_ROAD_00530,RN_NODE_00159,RN_NODE_00182,0,RN_ROAD_00530,RN_ROAD_00530,residential,,49.242204549989836,road_line_intersected_raster_cells_all_touched,mapped,2,0.021732177585363388,0.013664730824530125,0.020118688233196735,1.0,0.5,0.0,0.0
090_120,90,120,RN_ROAD_00531,RN_NODE_00159,RN_NODE_00131,0,RN_ROAD_00531,RN_ROAD_00531,residential,,71.74036240348227,road_line_intersected_raster_cells_all_touched,mapped,4,0.005597284063696861,0.0036352760798763484,0.005420607514679432,1.0,0.0,0.0,0.0
090_120,90,120,RN_ROAD_00532,RN_NODE_00159,RN_NODE_00160,0,RN_ROAD_00532,RN_ROAD_00532,residential,,44.15789584900035,road_line_intersected_raster_cells_all_touched,mapped,2,0.0061465357430279255,0.005871909903362393,0.006091610575094819,1.0,0.0,0.0,0.0
090_120,90,120,RN_ROAD_00533,RN_NODE_00160,RN_NODE_00181,0,RN_ROAD_00533,RN_ROAD_00533,residential,,46.16862330443982,road_line_intersected_raster_cells_all_touched,mapped,2,0.014574402943253517,0.010360469343140721,0.013731616223230958,1.0,0.0,0.0,0.0
090_120,90,120,RN_ROAD_00544,RN_NODE_00160,RN_NODE_00133,0,RN_ROAD_00544,RN_ROAD_00544,residential,,70.15361406693266,road_line_intersected_raster_cells_all_touched,mapped,4,0.0061465357430279255,0.0040301249246113,0.006053015356883407,1.0,0.0,0.0,0.0
090_120,90,120,RN_ROAD_00545,RN_NODE_00160,RN_NODE_00161,0,RN_ROAD_00545,RN_ROAD_00545,residential,,41.14857876089963,road_line_intersected_raster_cells_all_touched,mapped,3,0.008832552470266819,0.0056196635123342276,0.008295349124819041,1.0,0.0,0.0,0.0
090_120,90,120,RN_ROAD_00534,RN_NODE_00089,RN_NODE_00085,0,RN_ROAD_00534,RN_ROAD_00534,residential,,27.759811584576703,road_line_intersected_raster_cells_all_touched,mapped,2,0.002925414126366377,0.0018991873657796532,0.0027201687742490323,1.0,0.0,0.0,0.0
090_120,90,120,RN_ROAD_00538,RN_NODE_00085,RN_NODE_00093,0,RN_ROAD_00538,RN_ROAD_00538,residential,,25.9033233881176,road_line_intersected_raster_cells_all_touched,mapped,2,0.01045773085206747,0.0056653457286302,0.009499253827380016,1.0,0.0,0.0,0.0
090_120,90,120,RN_ROAD_00542,RN_NODE_00064,RN_NODE_00063,0,RN_ROAD_00542,RN_ROAD_00542,tertiary,['Gulwani Maharaj Path'],13.296628666610653,road_line_intersected_raster_cells_all_touched,mapped,2,0.028592396527528763,0.018366745207458735,0.02654726626351476,1.0,0.5,0.0,0.0
090_120,90,120,RN_ROAD_00558,RN_NODE_00064,RN_NODE_00060,0,RN_ROAD_00558,RN_ROAD_00558,secondary,['Amrutrao Khilare Path'],139.93713144357974,road_line_intersected_raster_cells_all_touched,mapped,7,0.07301456481218338,0.03147222420998982,0.06623189076781273,1.0,0.42857142857142855,0.0,0.0
090_120,90,120,RN_ROAD_00564,RN_NODE_00064,RN_NODE_00062,0,RN_ROAD_00564,RN_ROAD_00564,tertiary,['Gulwani Maharaj Path'],15.765751341295015,road_line_intersected_raster_cells_all_touched,mapped,2,0.028592396527528763,0.018366745207458735,0.02654726626351476,1.0,0.5,0.0,0.0
090_120,90,120,RN_ROAD_00565,RN_NODE_00064,RN_NODE_00065,0,RN_ROAD_00565,RN_ROAD_00565,residential,,35.965093906912095,road_line_intersected_raster_cells_all_touched,mapped,2,0.008141093887388706,0.00518289243336767,0.007549453596584499,1.0,0.0,0.0,0.0
090_120,90,120,RN_ROAD_00540,RN_NODE_00072,RN_NODE_00077,0,RN_ROAD_00540,RN_ROAD_00540,residential,,73.58795605910393,road_line_intersected_raster_cells_all_touched,mapped,4,0.01402317639440298,0.008181478595361114,0.012740535661578178,1.0,0.0,0.0,0.0
090_120,90,120,RN_ROAD_00541,RN_NODE_00072,RN_NODE_00073,0,RN_ROAD_00541,RN_ROAD_00541,residential,['Gangaram Dhanvat Path'],31.66509960770544,road_line_intersected_raster_cells_all_touched,mapped,2,0.004830560181289911,0.002956351498141885,0.004455718444660306,1.0,0.0,0.0,0.0
090_120,90,120,RN_ROAD_00543,RN_NODE_00063,RN_NODE_00062,0,RN_ROAD_00543,RN_ROAD_00543,secondary,['Amrutrao Khilare Path'],5.440303004341488,road_line_intersected_raster_cells_all_touched,mapped,1,0.028592396527528763,0.028592396527528763,0.028592396527528763,1.0,1.0,0.0,0.0
090_120,90,120,RN_ROAD_00567,RN_NODE_00077,RN_NODE_00080,0,RN_ROAD_00567,RN_ROAD_00567,residential,,101.71214144917526,road_line_intersected_raster_cells_all_touched,mapped,5,0.023055601865053177,0.012784868851304055,0.019972480461001398,1.0,0.2,0.0,0.0
090_120,90,120,RN_ROAD_00569,RN_NODE_00077,RN_NODE_00075,0,RN_ROAD_00569,RN_ROAD_00569,residential,,112.99827839520864,road_line_intersected_raster_cells_all_touched,mapped,6,0.011615277267992496,0.007780337395767371,0.009923147037625313,1.0,0.0,0.0,0.0
090_120,90,120,RN_ROAD_00566,RN_NODE_00073,RN_NODE_00065,0,RN_ROAD_00566,RN_ROAD_00566,residential,,88.39093749500239,road_line_intersected_raster_cells_all_touched,mapped,3,0.004830560181289911,0.003559701998407642,0.004589219111949205,1.0,0.0,0.0,0.0
090_120,90,120,RN_ROAD_00570,RN_NODE_00073,RN_NODE_00074,0,RN_ROAD_00570,RN_ROAD_00570,residential,['Gangaram Dhanvat Path'],85.39203546796787,road_line_intersected_raster_cells_all_touched,mapped,4,0.016359727829694748,0.00875212624669075,0.013738566730171443,1.0,0.0,0.0,0.0
090_120,90,120,RN_ROAD_00568,RN_NODE_00062,RN_NODE_00061,0,RN_ROAD_00568,RN_ROAD_00568,secondary,['Amrutrao Khilare Path'],70.52753780674752,road_line_intersected_raster_cells_all_touched,mapped,4,0.06171010807156563,0.03363233106210828,0.051774794608354574,1.0,0.75,0.0,0.0
090_120,90,120,RN_ROAD_00546,RN_NODE_00161,RN_NODE_00135,0,RN_ROAD_00546,RN_ROAD_00546,residential,,58.21174425169593,road_line_intersected_raster_cells_all_touched,mapped,3,0.0018799023237079382,0.0011354134185239673,0.00169745801249519,1.0,0.0,0.0,0.0
090_120,90,120,RN_ROAD_00547,RN_NODE_00161,RN_NODE_00184,0,RN_ROAD_00547,RN_ROAD_00547,residential,,59.52396858604021,road_line_intersected_raster_cells_all_touched,mapped,5,0.01791844516992569,0.009632433811202646,0.016252779215574265,1.0,0.0,0.0,0.0
090_120,90,120,RN_ROAD_00548,RN_NODE_00161,RN_NODE_00162,0,RN_ROAD_00548,RN_ROAD_00548,residential,,43.52759274574052,road_line_intersected_raster_cells_all_touched,mapped,2,0.0018799023237079382,0.0015068939537741244,0.0018053006497211754,1.0,0.0,0.0,0.0
090_120,90,120,RN_ROAD_00549,RN_NODE_00162,RN_NODE_00192,0,RN_ROAD_00549,RN_ROAD_00549,residential,,64.37362164101229,road_line_intersected_raster_cells_all_touched,mapped,3,0.010382251814007759,0.004767734596195321,0.008863214729353785,1.0,0.0,0.0,0.0
090_120,90,120,RN_ROAD_00550,RN_NODE_00162,RN_NODE_00143,0,RN_ROAD_00550,RN_ROAD_00550,residential,,40.817344900923175,road_line_intersected_raster_cells_all_touched,mapped,3,0.0011338855838403106,0.0005799272427490602,0.0009783836430869997,1.0,0.0,0.0,0.0
090_120,90,120,RN_ROAD_00551,RN_NODE_00162,RN_NODE_00163,0,RN_ROAD_00551,RN_ROAD_00551,residential,,41.39157416787474,road_line_intersected_raster_cells_all_touched,mapped,2,0.0011338855838403106,0.0010523553646635264,0.0011175795400049538,1.0,0.0,0.0,0.0
090_120,90,120,RN_ROAD_00552,RN_NODE_00163,RN_NODE_00148,0,RN_ROAD_00552,RN_ROAD_00552,residential,,29.88852414830567,road_line_intersected_raster_cells_all_touched,mapped,2,0.0011776635656133294,0.0010742443555500358,0.0011569797236006707,1.0,0.0,0.0,0.0
090_120,90,120,RN_ROAD_00553,RN_NODE_00163,RN_NODE_00196,0,RN_ROAD_00553,RN_ROAD_00553,residential,,67.04065348407521,road_line_intersected_raster_cells_all_touched,mapped,3,0.004875050857663155,0.002388357592280954,0.004163880040869117,1.0,0.0,0.0,0.0
090_120,90,120,RN_ROAD_00609,RN_NODE_00163,RN_NODE_00189,0,RN_ROAD_00609,RN_ROAD_00609,residential,,102.89476584709024,road_line_intersected_raster_cells_all_touched,mapped,5,0.006675491109490395,0.002397468371782452,0.004762863274663687,1.0,0.0,0.0,0.0
090_120,90,120,RN_ROAD_00563,RN_NODE_00060,RN_NODE_00056,0,RN_ROAD_00563,RN_ROAD_00563,secondary,['Keshavrao Sadoba Padale Chowk'],13.515402583682846,road_line_intersected_raster_cells_all_touched,mapped,2,0.021626735106110573,0.01650662673637271,0.020602713432163,1.0,0.5,0.0,0.0
090_120,90,120,RN_ROAD_00576,RN_NODE_00060,RN_NODE_00059,0,RN_ROAD_00576,RN_ROAD_00576,secondary,['Keshavrao Sadoba Padale Chowk'],5.39808589718017,road_line_intersected_raster_cells_all_touched,mapped,1,0.011386518366634846,0.011386518366634846,0.011386518366634846,1.0,0.0,0.0,0.0
090_120,90,120,RN_ROAD_00559,RN_NODE_00014,RN_NODE_00061,0,RN_ROAD_00559,RN_ROAD_00559,residential,['Theerthankar Vasupujya Swami Marg'],207.24278569203318,road_line_intersected_raster_cells_all_touched,mapped,8,0.018608519807457924,0.004921196159557439,0.008505491027608511,1.0,0.0,0.0,0.0
090_120,90,120,RN_ROAD_00560,RN_NODE_00061,RN_NODE_00056,0,RN_ROAD_00560,RN_ROAD_00560,secondary,['Amrutrao Khilare Path'],61.492190964871924,road_line_intersected_raster_cells_all_touched,mapped,4,0.021626735106110573,0.01761853531934321,0.02079442497342825,1.0,0.25,0.0,0.0
090_120,90,120,RN_ROAD_00562,RN_NODE_00056,RN_NODE_00054,0,RN_ROAD_00562,RN_ROAD_00562,secondary,['Keshavrao Sadoba Padale Chowk'],5.410139302658532,road_line_intersected_raster_cells_all_touched,mapped,1,0.021626735106110573,0.021626735106110573,0.021626735106110573,1.0,1.0,0.0,0.0
090_120,90,120,RN_ROAD_00561,RN_NODE_00031,RN_NODE_00046,0,RN_ROAD_00561,RN_ROAD_00561,residential,['Shankarrao Joshi Path'],60.005988546510665,road_line_intersected_raster_cells_all_touched,mapped,3,0.002535241423174739,0.0015808512495520215,0.002294356725178659,1.0,0.0,0.0,0.0
090_120,90,120,RN_ROAD_00577,RN_NODE_00031,RN_NODE_00028,0,RN_ROAD_00577,RN_ROAD_00577,residential,['Shankarrao Joshi Path'],0.5795982088234387,road_line_intersected_raster_cells_all_touched,mapped,1,0.0013308179331943393,0.0013308179331943393,0.0013308179331943393,1.0,0.0,0.0,0.0
090_120,90,120,RN_ROAD_00580,RN_NODE_00031,RN_NODE_00030,0,RN_ROAD_00580,RN_ROAD_00580,residential,,0.3967736106851837,road_line_intersected_raster_cells_all_touched,mapped,1,0.0013308179331943393,0.0013308179331943393,0.0013308179331943393,1.0,0.0,0.0,0.0
090_120,90,120,RN_ROAD_00574,RN_NODE_00046,RN_NODE_00054,0,RN_ROAD_00574,RN_ROAD_00574,residential,['Shankarrao Joshi Path'],42.881738794034206,road_line_intersected_raster_cells_all_touched,mapped,2,0.021626735106110573,0.012080988264642656,0.01971758573781699,1.0,0.5,0.0,0.0
090_120,90,120,RN_ROAD_00581,RN_NODE_00046,RN_NODE_00044,0,RN_ROAD_00581,RN_ROAD_00581,residential,,36.766391024180386,road_line_intersected_raster_cells_all_touched,mapped,3,0.006431768648326397,0.0034277988985801735,0.005652463203296066,1.0,0.0,0.0,0.0
090_120,90,120,RN_ROAD_00575,RN_NODE_00054,RN_NODE_00053,0,RN_ROAD_00575,RN_ROAD_00575,secondary,['Keshavrao Sadoba Padale Chowk'],5.384491161976374,road_line_intersected_raster_cells_all_touched,mapped,1,0.021626735106110573,0.021626735106110573,0.021626735106110573,1.0,1.0,0.0,0.0
090_120,90,120,RN_ROAD_00571,RN_NODE_00065,RN_NODE_00074,0,RN_ROAD_00571,RN_ROAD_00571,residential,,114.22292169782816,road_line_intersected_raster_cells_all_touched,mapped,6,0.016359727829694748,0.008096852689050138,0.013251150958240032,1.0,0.0,0.0,0.0
090_120,90,120,RN_ROAD_00572,RN_NODE_00080,RN_NODE_00091,0,RN_ROAD_00572,RN_ROAD_00572,residential,,30.22855226126164,road_line_intersected_raster_cells_all_touched,mapped,2,0.04375791922211647,0.033406760543584824,0.04168768748641014,1.0,1.0,0.0,0.0
090_120,90,120,RN_ROAD_00573,RN_NODE_00080,RN_NODE_00081,0,RN_ROAD_00573,RN_ROAD_00573,residential,,48.659667273090214,road_line_intersected_raster_cells_all_touched,mapped,2,0.023055601865053177,0.018026458099484444,0.02204977311193943,1.0,0.5,0.0,0.0
090_120,90,120,RN_ROAD_00584,RN_NODE_00074,RN_NODE_00087,0,RN_ROAD_00584,RN_ROAD_00584,residential,['Gangaram Dhanvat Path'],150.95288944080505,road_line_intersected_raster_cells_all_touched,mapped,9,0.016359727829694748,0.0038720806567451088,0.009473908320069314,0.8888888888888888,0.0,0.0,0.0
090_120,90,120,RN_ROAD_00578,RN_NODE_00053,RN_NODE_00058,0,RN_ROAD_00578,RN_ROAD_00578,secondary,['Keshavrao Sadoba Padale Chowk'],13.518326852438197,road_line_intersected_raster_cells_all_touched,mapped,2,0.030034786090254784,0.025830760598182678,0.02919398099184036,1.0,1.0,0.0,0.0
090_120,90,120,RN_ROAD_00582,RN_NODE_00053,RN_NODE_00049,0,RN_ROAD_00582,RN_ROAD_00582,secondary,['Amrutrao Khilare Path'],58.77131978587884,road_line_intersected_raster_cells_all_touched,mapped,4,0.030034786090254784,0.01626381668029353,0.027512370795011523,1.0,0.5,0.0,0.0
090_120,90,120,RN_ROAD_00579,RN_NODE_00059,RN_NODE_00058,0,RN_ROAD_00579,RN_ROAD_00579,secondary,['Keshavrao Sadoba Padale Chowk'],5.395050967995674,road_line_intersected_raster_cells_all_touched,mapped,3,0.030034786090254784,0.017918957707782585,0.026494942605495453,1.0,0.3333333333333333,0.0,0.0
090_120,90,120,RN_ROAD_00586,RN_NODE_00059,RN_NODE_00076,0,RN_ROAD_00586,RN_ROAD_00586,tertiary,['Kashibai Amrutrao Khilare Path'],269.4592788008161,road_line_intersected_raster_cells_all_touched,mapped,13,0.01233556866645813,0.004078377049434214,0.010676355287432673,0.7692307692307693,0.0,0.0,0.0
090_120,90,120,RN_ROAD_00583,RN_NODE_00058,RN_NODE_00052,0,RN_ROAD_00583,RN_ROAD_00583,secondary,['Amrutrao Khilare Path'],61.846162077050124,road_line_intersected_raster_cells_all_touched,mapped,2,0.030034786090254784,0.020124544389545918,0.02805273775011301,1.0,0.5,0.0,0.0
090_120,90,120,RN_ROAD_00585,RN_NODE_00087,RN_NODE_00097,0,RN_ROAD_00585,RN_ROAD_00585,residential,['Patil Regency Internal Road'],84.39089320427311,road_line_intersected_raster_cells_all_touched,mapped,5,1.15252978503122e-05,2.3050595700624397e-06,6.915178710187321e-06,0.2,0.0,0.0,0.0
090_120,90,120,RN_ROAD_00587,RN_NODE_00087,RN_NODE_00076,0,RN_ROAD_00587,RN_ROAD_00587,residential,['Gangaram Dhanvat Path'],60.675276322509475,road_line_intersected_raster_cells_all_touched,mapped,3,0.00019331333169247955,6.443777723082651e-05,0.00015465066535398365,0.3333333333333333,0.0,0.0,0.0
090_120,90,120,RN_ROAD_00589,RN_NODE_00076,RN_NODE_00094,0,RN_ROAD_00589,RN_ROAD_00589,tertiary,['Kashibai Amrutrao Khilare Path'],87.78838652884335,road_line_intersected_raster_cells_all_touched,mapped,5,0.0,0.0,0.0,0.0,0.0,0.0,0.0
090_120,90,120,RN_ROAD_00593,RN_NODE_00076,RN_NODE_00070,0,RN_ROAD_00593,RN_ROAD_00593,residential,,124.94624191224,road_line_intersected_raster_cells_all_touched,mapped,7,0.0,0.0,0.0,0.0,0.0,0.0,0.0
090_120,90,120,RN_ROAD_00588,RN_NODE_00094,RN_NODE_00100,0,RN_ROAD_00588,RN_ROAD_00588,residential,,81.15438832370462,road_line_intersected_raster_cells_all_touched,mapped,5,0.0,0.0,0.0,0.0,0.0,0.0,0.0
090_120,90,120,RN_ROAD_00590,RN_NODE_00094,RN_NODE_00095,0,RN_ROAD_00590,RN_ROAD_00590,tertiary,['Kashibai Amrutrao Khilare Path'],11.806116707497281,road_line_intersected_raster_cells_all_touched,mapped,1,0.0,0.0,0.0,0.0,0.0,0.0,0.0
090_120,90,120,RN_ROAD_00611,RN_NODE_00095,RN_NODE_00096,0,RN_ROAD_00611,RN_ROAD_00611,tertiary,['Kashibai Amrutrao Khilare Path'],24.306499584060276,road_line_intersected_raster_cells_all_touched,mapped,3,0.0,0.0,0.0,0.0,0.0,0.0,0.0
090_120,90,120,RN_ROAD_00614,RN_NODE_00095,RN_NODE_00084,0,RN_ROAD_00614,RN_ROAD_00614,residential,['Major K. G. Pawar Path'],80.83749221229549,road_line_intersected_raster_cells_all_touched,mapped,4,0.0,0.0,0.0,0.0,0.0,0.0,0.0
090_120,90,120,RN_ROAD_00591,RN_NODE_00108,RN_NODE_00111,0,RN_ROAD_00591,RN_ROAD_00591,residential,,15.249774140478227,road_line_intersected_raster_cells_all_touched,mapped,2,0.0,0.0,0.0,0.0,0.0,0.0,0.0
090_120,90,120,RN_ROAD_00612,RN_NODE_00108,RN_NODE_00099,0,RN_ROAD_00612,RN_ROAD_00612,residential,,58.08767654573444,road_line_intersected_raster_cells_all_touched,mapped,3,0.0,0.0,0.0,0.0,0.0,0.0,0.0
090_120,90,120,RN_ROAD_00615,RN_NODE_00108,RN_NODE_00117,0,RN_ROAD_00615,RN_ROAD_00615,residential,,69.05333066717392,road_line_intersected_raster_cells_all_touched,mapped,4,0.0,0.0,0.0,0.0,0.0,0.0,0.0
090_120,90,120,RN_ROAD_00592,RN_NODE_00096,RN_NODE_00106,0,RN_ROAD_00592,RN_ROAD_00592,residential,,64.25106186309215,road_line_intersected_raster_cells_all_touched,mapped,4,0.0,0.0,0.0,0.0,0.0,0.0,0.0
090_120,90,120,RN_ROAD_00613,RN_NODE_00096,RN_NODE_00099,0,RN_ROAD_00613,RN_ROAD_00613,tertiary,['Kashibai Amrutrao Khilare Path'],20.40269168991895,road_line_intersected_raster_cells_all_touched,mapped,2,0.0,0.0,0.0,0.0,0.0,0.0,0.0
090_120,90,120,RN_ROAD_00595,RN_NODE_00465,RN_NODE_00472,0,RN_ROAD_00595,RN_ROAD_00595,residential,,16.1517627782782,road_line_intersected_raster_cells_all_touched,mapped,1,0.10664253681898117,0.10664253681898117,0.10664253681898117,1.0,1.0,1.0,0.0
090_120,90,120,RN_ROAD_00626,RN_NODE_00342,RN_NODE_00327,0,RN_ROAD_00626,RN_ROAD_00626,residential,,29.773849021989466,road_line_intersected_raster_cells_all_touched,mapped,2,0.0056638638488948345,0.005130574572831392,0.005557205993682146,1.0,0.0,0.0,0.0
090_120,90,120,RN_ROAD_00627,RN_NODE_00342,RN_NODE_00340,0,RN_ROAD_00627,RN_ROAD_00627,residential,,74.11052414354627,road_line_intersected_raster_cells_all_touched,mapped,4,0.03860291838645935,0.013404520199401304,0.029606091696769005,1.0,0.25,0.0,0.0
090_120,90,120,RN_ROAD_00601,RN_NODE_00380,RN_NODE_00375,0,RN_ROAD_00601,RN_ROAD_00601,residential,['Sharad Pandit Path'],10.832138813331897,road_line_intersected_raster_cells_all_touched,mapped,2,0.07740296423435211,0.06461067125201225,0.07484450563788414,1.0,1.0,0.0,0.0
090_120,90,120,RN_ROAD_00602,RN_NODE_00380,RN_NODE_00373,0,RN_ROAD_00602,RN_ROAD_00602,primary,['Lalbahadur Shashtri Marg'],67.62470858029033,road_line_intersected_raster_cells_all_touched,mapped,4,0.1860586553812027,0.13406971283257008,0.181650972366333,1.0,1.0,0.75,0.0
090_120,90,120,RN_ROAD_00606,RN_NODE_00380,RN_NODE_00452,0,RN_ROAD_00606,RN_ROAD_00606,residential,['Sharad Pandit Path'],196.60592350884028,road_line_intersected_raster_cells_all_touched,mapped,8,0.07740296423435211,0.031096693594008684,0.055194519832730285,1.0,0.5,0.0,0.0
090_120,90,120,RN_ROAD_00600,RN_NODE_00375,RN_NODE_00340,0,RN_ROAD_00600,RN_ROAD_00600,residential,,117.67074755191624,road_line_intersected_raster_cells_all_touched,mapped,4,0.05988749861717224,0.049098783172667027,0.057466762512922286,1.0,1.0,0.0,0.0
090_120,90,120,RN_ROAD_00603,RN_NODE_00375,RN_NODE_00364,0,RN_ROAD_00603,RN_ROAD_00603,primary,['Lalbahadur Shashtri Marg'],113.09060593358764,road_line_intersected_raster_cells_all_touched,mapped,6,0.1713663786649704,0.09435518396397431,0.13705291971564293,1.0,1.0,0.5,0.0
090_120,90,120,RN_ROAD_00628,RN_NODE_00340,RN_NODE_00299,0,RN_ROAD_00628,RN_ROAD_00628,residential,,92.93811844487087,road_line_intersected_raster_cells_all_touched,mapped,6,0.0871744379401207,0.038368465922152005,0.07604721561074257,1.0,0.6666666666666666,0.0,0.0
090_120,90,120,RN_ROAD_00605,RN_NODE_00373,RN_NODE_00367,0,RN_ROAD_00605,RN_ROAD_00605,primary,['Lalbahadur Shashtri Marg'],62.30303901072023,road_line_intersected_raster_cells_all_touched,mapped,4,0.1713663786649704,0.09211863297969103,0.15077830329537392,1.0,1.0,0.5,0.0
090_120,90,120,RN_ROAD_00607,RN_NODE_00373,RN_NODE_00431,0,RN_ROAD_00607,RN_ROAD_00607,residential,['Tukaram Buaa Navle Path'],162.4431478561837,road_line_intersected_raster_cells_all_touched,mapped,7,0.1713663786649704,0.05066252752606358,0.11827425062656405,1.0,0.5714285714285714,0.14285714285714285,0.0
090_120,90,120,RN_ROAD_00604,RN_NODE_00364,RN_NODE_00345,0,RN_ROAD_00604,RN_ROAD_00604,residential,['Ashok Balkavade Path'],58.24822493468268,road_line_intersected_raster_cells_all_touched,mapped,3,0.10273946076631546,0.07502540946006775,0.09974322766065598,1.0,1.0,0.3333333333333333,0.0
090_120,90,120,RN_ROAD_00608,RN_NODE_00364,RN_NODE_00362,0,RN_ROAD_00608,RN_ROAD_00608,primary,['Lalbahadur Shashtri Marg'],19.762200586789664,road_line_intersected_raster_cells_all_touched,mapped,1,0.10273946076631546,0.10273946076631546,0.10273946076631546,1.0,1.0,1.0,0.0
090_120,90,120,RN_ROAD_00630,RN_NODE_00345,RN_NODE_00346,0,RN_ROAD_00630,RN_ROAD_00630,residential,,36.18423993781001,road_line_intersected_raster_cells_all_touched,mapped,3,0.03457847237586975,0.03156618711849054,0.034185533225536344,1.0,1.0,0.0,0.0
090_120,90,120,RN_ROAD_00631,RN_NODE_00345,RN_NODE_00329,0,RN_ROAD_00631,RN_ROAD_00631,residential,['Ashok Balkavade Path'],44.38757753592839,road_line_intersected_raster_cells_all_touched,mapped,3,0.03457847237586975,0.025158377674718697,0.034185533225536344,1.0,0.6666666666666666,0.0,0.0
090_120,90,120,RN_ROAD_00610,RN_NODE_00115,RN_NODE_00116,0,RN_ROAD_00610,RN_ROAD_00610,tertiary,['Kashibai Amrutrao Khilare Path'],3.2633816455871374,road_line_intersected_raster_cells_all_touched,mapped,1,0.0,0.0,0.0,0.0,0.0,0.0,0.0
090_120,90,120,RN_ROAD_00618,RN_NODE_00115,RN_NODE_00102,0,RN_ROAD_00618,RN_ROAD_00618,tertiary,['Kashibai Amrutrao Khilare Path'],62.21208426569458,road_line_intersected_raster_cells_all_touched,mapped,3,0.0,0.0,0.0,0.0,0.0,0.0,0.0
090_120,90,120,RN_ROAD_00621,RN_NODE_00115,RN_NODE_00112,0,RN_ROAD_00621,RN_ROAD_00621,residential,['Dhondumama Sathe Path'],2.1579800510360094,road_line_intersected_raster_cells_all_touched,mapped,1,0.0,0.0,0.0,0.0,0.0,0.0,0.0
090_120,90,120,RN_ROAD_00616,RN_NODE_00099,RN_NODE_00102,0,RN_ROAD_00616,RN_ROAD_00616,tertiary,['Kashibai Amrutrao Khilare Path'],26.666867328266726,road_line_intersected_raster_cells_all_touched,mapped,2,0.0,0.0,0.0,0.0,0.0,0.0,0.0
090_120,90,120,RN_ROAD_00617,RN_NODE_00084,RN_NODE_00078,0,RN_ROAD_00617,RN_ROAD_00617,residential,,32.119561669057084,road_line_intersected_raster_cells_all_touched,mapped,2,0.0,0.0,0.0,0.0,0.0,0.0,0.0
090_120,90,120,RN_ROAD_00619,RN_NODE_00084,RN_NODE_00083,0,RN_ROAD_00619,RN_ROAD_00619,residential,['Major K. G. Pawar Path'],3.6328997085326886,road_line_intersected_raster_cells_all_touched,mapped,2,0.0,0.0,0.0,0.0,0.0,0.0,0.0
090_120,90,120,RN_ROAD_00620,RN_NODE_00102,RN_NODE_00098,0,RN_ROAD_00620,RN_ROAD_00620,residential,,40.54465189522412,road_line_intersected_raster_cells_all_touched,mapped,1,0.0,0.0,0.0,0.0,0.0,0.0,0.0
090_120,90,120,RN_ROAD_00629,RN_NODE_00299,RN_NODE_00304,0,RN_ROAD_00629,RN_ROAD_00629,residential,['Nanasaheb Kale Path'],158.77267008788334,road_line_intersected_raster_cells_all_touched,mapped,7,0.09248176962137222,0.031187963938074454,0.07594470381736756,1.0,0.42857142857142855,0.0,0.0
090_120,90,120,RN_ROAD_00632,RN_NODE_00329,RN_NODE_00316,0,RN_ROAD_00632,RN_ROAD_00632,residential,['Ashok Balkavade Path'],56.395993070836,road_line_intersected_raster_cells_all_touched,mapped,3,0.008282884024083614,0.005575250368565321,0.0075967185199260715,1.0,0.0,0.0,0.0
090_120,90,120,RN_ROAD_00633,RN_NODE_00329,RN_NODE_00326,0,RN_ROAD_00633,RN_ROAD_00633,residential,,32.94248645921549,road_line_intersected_raster_cells_all_touched,mapped,2,0.009675135836005211,0.008979009930044413,0.009535910654813051,1.0,0.0,0.0,0.0
090_120,90,120,RN_ROAD_00635,RN_NODE_00180,RN_NODE_00105,0,RN_ROAD_00635,RN_ROAD_00635,tertiary,['Riverside Road'],408.7877077292009,road_line_intersected_raster_cells_all_touched,mapped,19,0.013337038457393646,0.0019495796344333066,0.004097325447946786,0.9473684210526315,0.0,0.0,0.0
120_150,120,150,RN_ROAD_00001,RN_NODE_00183,RN_NODE_00222,0,RN_ROAD_00001,RN_ROAD_00001,primary,['Sinhagad Road'],110.33464311551056,road_line_intersected_raster_cells_all_touched,mapped,5,0.00862431526184082,0.0025155969546176494,0.005858156736940146,1.0,0.0,0.0,0.0
120_150,120,150,RN_ROAD_00002,RN_NODE_00222,RN_NODE_00207,0,RN_ROAD_00002,RN_ROAD_00002,residential,,68.71572842918026,road_line_intersected_raster_cells_all_touched,mapped,4,0.00862431526184082,0.0037698725354857743,0.006755460076965393,1.0,0.0,0.0,0.0
120_150,120,150,RN_ROAD_00003,RN_NODE_00222,RN_NODE_00249,0,RN_ROAD_00003,RN_ROAD_00003,primary,['Sinhagad Road'],126.32174974243749,road_line_intersected_raster_cells_all_touched,mapped,7,0.00862431526184082,0.0026456656362695086,0.005619413452222945,1.0,0.0,0.0,0.0
120_150,120,150,RN_ROAD_00004,RN_NODE_00207,RN_NODE_00167,0,RN_ROAD_00004,RN_ROAD_00004,residential,,89.17801673037181,road_line_intersected_raster_cells_all_touched,mapped,6,0.002778678433969617,0.0022007040679454803,0.002505306852981448,1.0,0.0,0.0,0.0
120_150,120,150,RN_ROAD_00005,RN_NODE_00207,RN_NODE_00219,0,RN_ROAD_00005,RN_ROAD_00005,residential,,41.194797475628484,road_line_intersected_raster_cells_all_touched,mapped,2,0.0019481844501569867,0.0019006558577530086,0.001938678731676191,1.0,0.0,0.0,0.0
120_150,120,150,RN_ROAD_00012,RN_NODE_00249,RN_NODE_00250,0,RN_ROAD_00012,RN_ROAD_00012,tertiary,,45.82566466269537,road_line_intersected_raster_cells_all_touched,mapped,3,0.03281077742576599,0.021444734651595354,0.03241246938705444,1.0,0.6666666666666666,0.0,0.0
120_150,120,150,RN_ROAD_00014,RN_NODE_00249,RN_NODE_00307,0,RN_ROAD_00014,RN_ROAD_00014,primary,['Sinhagad Road'],224.8085898385542,road_line_intersected_raster_cells_all_touched,mapped,12,0.1129797101020813,0.04346204576237748,0.10766822248697282,1.0,0.6666666666666666,0.16666666666666666,0.0
120_150,120,150,RN_ROAD_00201,RN_NODE_00167,RN_NODE_00166,0,RN_ROAD_00201,RN_ROAD_00201,tertiary,['Dattawadi Road'],68.61200462070468,road_line_intersected_raster_cells_all_touched,mapped,3,0.0020407987758517265,0.000894707627594471,0.0016973729478195311,1.0,0.0,0.0,0.0
120_150,120,150,RN_ROAD_00203,RN_NODE_00167,RN_NODE_00138,0,RN_ROAD_00203,RN_ROAD_00203,residential,,62.633549990759064,road_line_intersected_raster_cells_all_touched,mapped,3,0.0020407987758517265,0.0009870562159145873,0.0017635617288760841,1.0,0.0,0.0,0.0
120_150,120,150,RN_ROAD_00204,RN_NODE_00167,RN_NODE_00168,0,RN_ROAD_00204,RN_ROAD_00204,tertiary,['Dattawadi Road'],23.648846865110738,road_line_intersected_raster_cells_all_touched,mapped,2,0.0038711768575012684,0.0029559878166764975,0.003688139049336314,1.0,0.0,0.0,0.0
120_150,120,150,RN_ROAD_00006,RN_NODE_00199,RN_NODE_00172,0,RN_ROAD_00006,RN_ROAD_00006,residential,,47.47580518040966,road_line_intersected_raster_cells_all_touched,mapped,2,0.005010989028960466,0.004657143726944923,0.004940219968557358,1.0,0.0,0.0,0.0
120_150,120,150,RN_ROAD_00007,RN_NODE_00199,RN_NODE_00218,0,RN_ROAD_00007,RN_ROAD_00007,residential,,59.27071050901246,road_line_intersected_raster_cells_all_touched,mapped,3,0.006634270306676626,0.0052472421278556185,0.006268247775733471,1.0,0.0,0.0,0.0
120_150,120,150,RN_ROAD_00008,RN_NODE_00199,RN_NODE_00200,0,RN_ROAD_00008,RN_ROAD_00008,residential,,27.145839404120867,road_line_intersected_raster_cells_all_touched,mapped,2,0.00430329842492938,0.002981931495014578,0.00403902503894642,1.0,0.0,0.0,0.0
120_150,120,150,RN_ROAD_00219,RN_NODE_00172,RN_NODE_00171,0,RN_ROAD_00219,RN_ROAD_00219,tertiary,['Dattawadi Road'],21.238265775773673,road_line_intersected_raster_cells_all_touched,mapped,2,0.005010989028960466,0.0033882801071740687,0.0046864472446031865,1.0,0.0,0.0,0.0
120_150,120,150,RN_ROAD_00220,RN_NODE_00172,RN_NODE_00173,0,RN_ROAD_00220,RN_ROAD_00220,tertiary,['Dattawadi Road'],7.048386967157587,road_line_intersected_raster_cells_all_touched,mapped,1,0.005010989028960466,0.005010989028960466,0.005010989028960466,1.0,0.0,0.0,0.0
120_150,120,150,RN_ROAD_00009,RN_NODE_00250,RN_NODE_00220,0,RN_ROAD_00009,RN_ROAD_00009,residential,,106.81149895405065,road_line_intersected_raster_cells_all_touched,mapped,5,0.030819237232208252,0.01511157676577568,0.026278527826070788,1.0,0.2,0.0,0.0
120_150,120,150,RN_ROAD_00013,RN_NODE_00250,RN_NODE_00251,0,RN_ROAD_00013,RN_ROAD_00013,tertiary,,38.80812375658153,road_line_intersected_raster_cells_all_touched,mapped,2,0.030819237232208252,0.02553154155611992,0.029761698096990585,1.0,1.0,0.0,0.0
120_150,120,150,RN_ROAD_00010,RN_NODE_00215,RN_NODE_00178,0,RN_ROAD_00010,RN_ROAD_00010,residential,,76.99211485840236,road_line_intersected_raster_cells_all_touched,mapped,3,0.0025962453801184893,0.0020397419963652887,0.002449479512870312,1.0,0.0,0.0,0.0
120_150,120,150,RN_ROAD_00033,RN_NODE_00178,RN_NODE_00208,0,RN_ROAD_00033,RN_ROAD_00033,tertiary,['Dattawadi Road'],182.87135369775038,road_line_intersected_raster_cells_all_touched,mapped,9,0.13162320852279663,0.040988443600427776,0.08689395189285279,1.0,0.5555555555555556,0.1111111111111111,0.0
120_150,120,150,RN_ROAD_00222,RN_NODE_00178,RN_NODE_00173,0,RN_ROAD_00222,RN_ROAD_00222,tertiary,['Dattawadi Road'],32.88828427926349,road_line_intersected_raster_cells_all_touched,mapped,2,0.005010989028960466,0.003436702536419034,0.00469613173045218,1.0,0.0,0.0,0.0
120_150,120,150,RN_ROAD_00011,RN_NODE_00298,RN_NODE_00205,0,RN_ROAD_00011,RN_ROAD_00011,primary,['Sinhagad Road'],420.18865859382316,road_line_intersected_raster_cells_all_touched,mapped,20,0.1129797101020813,0.017424879600366695,0.09121911972761157,1.0,0.15,0.1,0.0
120_150,120,150,RN_ROAD_00024,RN_NODE_00298,RN_NODE_00339,0,RN_ROAD_00024,RN_ROAD_00024,living_street,,117.7024406571944,road_line_intersected_raster_cells_all_touched,mapped,6,0.1054707020521164,0.06102722821136316,0.09755315631628036,1.0,1.0,0.16666666666666666,0.0
120_150,120,150,RN_ROAD_00026,RN_NODE_00298,RN_NODE_00311,0,RN_ROAD_00026,RN_ROAD_00026,primary,['Sinhagad Road'],20.820195650817585,road_line_intersected_raster_cells_all_touched,mapped,2,0.10967184603214264,0.09965372830629349,0.1076682224869728,1.0,1.0,0.5,0.0
120_150,120,150,RN_ROAD_00015,RN_NODE_00251,RN_NODE_00252,0,RN_ROAD_00015,RN_ROAD_00015,tertiary,,36.90402520875027,road_line_intersected_raster_cells_all_touched,mapped,2,0.047616589814424515,0.03393021784722805,0.04487931542098522,1.0,1.0,0.0,0.0
120_150,120,150,RN_ROAD_00031,RN_NODE_00251,RN_NODE_00221,0,RN_ROAD_00031,RN_ROAD_00031,residential,,107.05914643211815,road_line_intersected_raster_cells_all_touched,mapped,5,0.038499027490615845,0.023464399948716165,0.03245868682861328,1.0,0.6,0.0,0.0
120_150,120,150,RN_ROAD_00027,RN_NODE_00307,RN_NODE_00311,0,RN_ROAD_00027,RN_ROAD_00027,tertiary,['Panmla road'],12.950108180473846,road_line_intersected_raster_cells_all_touched,mapped,2,0.10967184603214264,0.07368900999426842,0.10247527882456779,1.0,1.0,0.5,0.0
120_150,120,150,RN_ROAD_00029,RN_NODE_00307,RN_NODE_00306,0,RN_ROAD_00029,RN_ROAD_00029,tertiary,['Panmla road'],165.88450329250958,road_line_intersected_raster_cells_all_touched,mapped,6,0.037706173956394196,0.016298900552404422,0.03228157851845026,0.8333333333333334,0.5,0.0,0.0
120_150,120,150,RN_ROAD_00104,RN_NODE_00307,RN_NODE_00398,0,RN_ROAD_00104,RN_ROAD_00104,primary,['Sinhagad Road'],310.8681955303079,road_line_intersected_raster_cells_all_touched,mapped,14,0.10432517528533936,0.02239059765789924,0.03603318184614182,1.0,0.5,0.07142857142857142,0.0
120_150,120,150,RN_ROAD_00016,RN_NODE_00252,RN_NODE_00253,0,RN_ROAD_00016,RN_ROAD_00016,tertiary,,37.78957596580244,road_line_intersected_raster_cells_all_touched,mapped,3,0.12792372703552246,0.07599367946386337,0.1128271259367466,1.0,1.0,0.3333333333333333,0.0
120_150,120,150,RN_ROAD_00032,RN_NODE_00252,RN_NODE_00224,0,RN_ROAD_00032,RN_ROAD_00032,residential,,102.18258890538435,road_line_intersected_raster_cells_all_touched,mapped,5,0.05110981687903404,0.03520246148109436,0.04971252605319023,1.0,1.0,0.0,0.0
120_150,120,150,RN_ROAD_00017,RN_NODE_00253,RN_NODE_00240,0,RN_ROAD_00017,RN_ROAD_00017,residential,,56.818705917843346,road_line_intersected_raster_cells_all_touched,mapped,3,0.05244072154164314,0.03813665173947811,0.050738942623138425,1.0,0.6666666666666666,0.0,0.0
120_150,120,150,RN_ROAD_00018,RN_NODE_00253,RN_NODE_00254,0,RN_ROAD_00018,RN_ROAD_00018,tertiary,,10.404856598863448,road_line_intersected_raster_cells_all_touched,mapped,1,0.05244072154164314,0.05244072154164314,0.05244072154164314,1.0,1.0,0.0,0.0
120_150,120,150,RN_ROAD_00034,RN_NODE_00240,RN_NODE_00210,0,RN_ROAD_00034,RN_ROAD_00034,residential,,95.66029435012692,road_line_intersected_raster_cells_all_touched,mapped,5,0.12427008152008057,0.08241244405508041,0.11663013994693756,1.0,1.0,0.4,0.0
120_150,120,150,RN_ROAD_00035,RN_NODE_00240,RN_NODE_00242,0,RN_ROAD_00035,RN_ROAD_00035,residential,,55.25679009630857,road_line_intersected_raster_cells_all_touched,mapped,2,0.04393182694911957,0.03679378051310778,0.04250421766191721,1.0,1.0,0.0,0.0
120_150,120,150,RN_ROAD_00041,RN_NODE_00254,RN_NODE_00265,0,RN_ROAD_00041,RN_ROAD_00041,residential,,37.37936461896842,road_line_intersected_raster_cells_all_touched,mapped,2,0.057000067085027695,0.05472039431333542,0.05654413253068924,1.0,1.0,0.0,0.0
120_150,120,150,RN_ROAD_00043,RN_NODE_00254,RN_NODE_00256,0,RN_ROAD_00043,RN_ROAD_00043,tertiary,,44.90716795876552,road_line_intersected_raster_cells_all_touched,mapped,2,0.05244072154164314,0.031617993488907814,0.04827617593109608,1.0,0.5,0.0,0.0
120_150,120,150,RN_ROAD_00019,RN_NODE_00279,RN_NODE_00284,0,RN_ROAD_00019,RN_ROAD_00019,residential,,15.457018790921675,road_line_intersected_raster_cells_all_touched,mapped,1,0.010654113255441189,0.010654113255441189,0.010654113255441189,1.0,0.0,0.0,0.0
120_150,120,150,RN_ROAD_00020,RN_NODE_00279,RN_NODE_00265,0,RN_ROAD_00020,RN_ROAD_00020,residential,,51.109121332944376,road_line_intersected_raster_cells_all_touched,mapped,3,0.057000067085027695,0.04147521499544382,0.05695434659719467,1.0,0.6666666666666666,0.0,0.0
120_150,120,150,RN_ROAD_00042,RN_NODE_00279,RN_NODE_00280,0,RN_ROAD_00042,RN_ROAD_00042,residential,,12.671054645406425,road_line_intersected_raster_cells_all_touched,mapped,1,0.010654113255441189,0.010654113255441189,0.010654113255441189,1.0,0.0,0.0,0.0
120_150,120,150,RN_ROAD_00044,RN_NODE_00265,RN_NODE_00267,0,RN_ROAD_00044,RN_ROAD_00044,residential,,78.53311568005444,road_line_intersected_raster_cells_all_touched,mapped,3,0.057000067085027695,0.023526762301723163,0.04789805468171835,1.0,0.3333333333333333,0.0,0.0
120_150,120,150,RN_ROAD_00021,RN_NODE_00337,RN_NODE_00336,0,RN_ROAD_00021,RN_ROAD_00021,residential,,4.010574873213283,road_line_intersected_raster_cells_all_touched,outside_valid_flood_grid,0,,,,,,,
120_150,120,150,RN_ROAD_00022,RN_NODE_00337,RN_NODE_00338,0,RN_ROAD_00022,RN_ROAD_00022,residential,,3.5777701642730535,road_line_intersected_raster_cells_all_touched,outside_valid_flood_grid,0,,,,,,,
120_150,120,150,RN_ROAD_00023,RN_NODE_00337,RN_NODE_00349,0,RN_ROAD_00023,RN_ROAD_00023,residential,,59.620737404387555,road_line_intersected_raster_cells_all_touched,mapped,3,9.497834253124893e-05,5.5344172627277054e-05,8.624584224889987e-05,1.0,0.0,0.0,0.0
120_150,120,150,RN_ROAD_00101,RN_NODE_00349,RN_NODE_00357,0,RN_ROAD_00101,RN_ROAD_00101,residential,,47.76723768710115,road_line_intersected_raster_cells_all_touched,mapped,3,9.497834253124893e-05,6.0183573926527366e-05,9.048372885445133e-05,1.0,0.0,0.0,0.0
120_150,120,150,RN_ROAD_00103,RN_NODE_00349,RN_NODE_00451,0,RN_ROAD_00103,RN_ROAD_00103,residential,,393.37092434710667,road_line_intersected_raster_cells_all_touched,mapped,19,0.000208145851502195,3.244632522948546e-05,7.699988782405852e-05,0.5263157894736842,0.0,0.0,0.0
120_150,120,150,RN_ROAD_00025,RN_NODE_00366,RN_NODE_00321,0,RN_ROAD_00025,RN_ROAD_00025,living_street,,160.56974852956768,road_line_intersected_raster_cells_all_touched,mapped,7,0.06674569845199585,0.02419587625523231,0.04771771207451821,1.0,0.42857142857142855,0.0,0.0
120_150,120,150,RN_ROAD_00028,RN_NODE_00321,RN_NODE_00311,0,RN_ROAD_00028,RN_ROAD_00028,primary,['Sinhagad Road'],53.368993155301965,road_line_intersected_raster_cells_all_touched,mapped,4,0.10967184603214264,0.07961222343146801,0.10806784480810165,1.0,1.0,0.5,0.0
120_150,120,150,RN_ROAD_00105,RN_NODE_00321,RN_NODE_00403,0,RN_ROAD_00105,RN_ROAD_00105,primary,['Sinhagad Road'],260.06086779730686,road_line_intersected_raster_cells_all_touched,mapped,13,0.06674569845199585,0.014866012766455801,0.03049172833561898,1.0,0.3076923076923077,0.0,0.0
120_150,120,150,RN_ROAD_00030,RN_NODE_00306,RN_NODE_00317,0,RN_ROAD_00030,RN_ROAD_00030,residential,,35.17916299023046,road_line_intersected_raster_cells_all_touched,mapped,2,0.0,0.0,0.0,0.0,0.0,0.0,0.0
120_150,120,150,RN_ROAD_00081,RN_NODE_00306,RN_NODE_00305,0,RN_ROAD_00081,RN_ROAD_00081,tertiary,,66.4260344158254,road_line_intersected_raster_cells_all_touched,mapped,3,8.205373887903988e-06,2.7378783018505715e-06,6.565951313852736e-06,0.6666666666666666,0.0,0.0,0.0
120_150,120,150,RN_ROAD_00037,RN_NODE_00208,RN_NODE_00190,0,RN_ROAD_00037,RN_ROAD_00037,residential,,36.35525499430467,road_line_intersected_raster_cells_all_touched,mapped,2,0.048774801194667816,0.03260223101824522,0.0455402871593833,1.0,0.5,0.0,0.0
120_150,120,150,RN_ROAD_00039,RN_NODE_00208,RN_NODE_00209,0,RN_ROAD_00039,RN_ROAD_00039,tertiary,['Dattawadi Road'],26.03044550460261,road_line_intersected_raster_cells_all_touched,mapped,2,0.016429660841822624,0.012373087462037802,0.01561834616586566,1.0,0.0,0.0,0.0
120_150,120,150,RN_ROAD_00038,RN_NODE_00242,RN_NODE_00225,0,RN_ROAD_00038,RN_ROAD_00038,residential,,84.51756534679647,road_line_intersected_raster_cells_all_touched,mapped,6,0.05951802060008049,0.026677477949609358,0.049277884885668755,1.0,0.5,0.0,0.0
120_150,120,150,RN_ROAD_00045,RN_NODE_00242,RN_NODE_00256,0,RN_ROAD_00045,RN_ROAD_00045,residential,,56.395339779681436,road_line_intersected_raster_cells_all_touched,mapped,3,0.029655734077095985,0.019335924958189327,0.02723594233393669,1.0,0.3333333333333333,0.0,0.0
120_150,120,150,RN_ROAD_00036,RN_NODE_00191,RN_NODE_00190,0,RN_ROAD_00036,RN_ROAD_00036,residential,,43.636454570990736,road_line_intersected_raster_cells_all_touched,mapped,3,0.09796357154846191,0.07753658046325047,0.09554513096809387,1.0,1.0,0.0,0.0
120_150,120,150,RN_ROAD_00040,RN_NODE_00190,RN_NODE_00188,0,RN_ROAD_00040,RN_ROAD_00040,residential,,40.90975146529643,road_line_intersected_raster_cells_all_touched,mapped,2,0.048774801194667816,0.037613132037222385,0.04654246736317873,1.0,1.0,0.0,0.0
120_150,120,150,RN_ROAD_00226,RN_NODE_00190,RN_NODE_00132,0,RN_ROAD_00226,RN_ROAD_00226,residential,,135.162456334921,road_line_intersected_raster_cells_all_touched,mapped,6,0.04917910322546959,0.02441161504248157,0.0489769522100687,1.0,0.5,0.0,0.0
120_150,120,150,RN_ROAD_00049,RN_NODE_00225,RN_NODE_00257,0,RN_ROAD_00049,RN_ROAD_00049,residential,,104.09119651047976,road_line_intersected_raster_cells_all_touched,mapped,4,0.014188709668815136,0.009339256444945931,0.013357096072286368,1.0,0.0,0.0,0.0
120_150,120,150,RN_ROAD_00051,RN_NODE_00225,RN_NODE_00209,0,RN_ROAD_00051,RN_ROAD_00051,residential,,40.48572136886673,road_line_intersected_raster_cells_all_touched,mapped,3,0.011416664347052574,0.008032507573564848,0.010796634294092656,1.0,0.0,0.0,0.0
120_150,120,150,RN_ROAD_00052,RN_NODE_00225,RN_NODE_00226,0,RN_ROAD_00052,RN_ROAD_00052,residential,,35.95601353641846,road_line_intersected_raster_cells_all_touched,mapped,2,0.013325692154467106,0.01237117825075984,0.013134789373725652,1.0,0.0,0.0,0.0
120_150,120,150,RN_ROAD_00054,RN_NODE_00209,RN_NODE_00211,0,RN_ROAD_00054,RN_ROAD_00054,tertiary,['Dattawadi Road'],74.6477816696061,road_line_intersected_raster_cells_all_touched,mapped,3,0.0337723046541214,0.019169651592771213,0.03010187093168497,1.0,0.3333333333333333,0.0,0.0
120_150,120,150,RN_ROAD_00053,RN_NODE_00188,RN_NODE_00186,0,RN_ROAD_00053,RN_ROAD_00053,residential,,34.9736689686955,road_line_intersected_raster_cells_all_touched,mapped,2,0.026451462879776955,0.026094693690538406,0.026380109041929244,1.0,1.0,0.0,0.0
120_150,120,150,RN_ROAD_00237,RN_NODE_00188,RN_NODE_00150,0,RN_ROAD_00237,RN_ROAD_00237,residential,,74.85030696139879,road_line_intersected_raster_cells_all_touched,mapped,4,0.03509274125099182,0.02635297365486622,0.032911883480846886,1.0,0.75,0.0,0.0
120_150,120,150,RN_ROAD_00047,RN_NODE_00280,RN_NODE_00280,0,RN_ROAD_00047,RN_ROAD_00047,residential,,271.48317612441605,road_line_intersected_raster_cells_all_touched,mapped,10,0.05677146464586258,0.008936471729248297,0.01810202291235326,0.8,0.1,0.0,0.0
120_150,120,150,RN_ROAD_00046,RN_NODE_00256,RN_NODE_00257,0,RN_ROAD_00046,RN_ROAD_00046,tertiary,,38.72242276576632,road_line_intersected_raster_cells_all_touched,mapped,3,0.010795265436172485,0.005519698451583584,0.00932422410696745,1.0,0.0,0.0,0.0
120_150,120,150,RN_ROAD_00048,RN_NODE_00267,RN_NODE_00270,0,RN_ROAD_00048,RN_ROAD_00048,residential,,25.878026259087473,road_line_intersected_raster_cells_all_touched,mapped,2,0.002090214751660824,0.0011386898258933797,0.001899909766507335,1.0,0.0,0.0,0.0
120_150,120,150,RN_ROAD_00050,RN_NODE_00267,RN_NODE_00268,0,RN_ROAD_00050,RN_ROAD_00050,residential,,32.81439084825519,road_line_intersected_raster_cells_all_touched,mapped,3,0.002090214751660824,0.0010768296585107844,0.0019002266461029648,0.6666666666666666,0.0,0.0,0.0
120_150,120,150,RN_ROAD_00061,RN_NODE_00257,RN_NODE_00258,0,RN_ROAD_00061,RN_ROAD_00061,tertiary,,36.24842936221222,road_line_intersected_raster_cells_all_touched,mapped,2,0.0034400587901473045,0.0026604849263094366,0.003284144017379731,1.0,0.0,0.0,0.0
120_150,120,150,RN_ROAD_00062,RN_NODE_00268,RN_NODE_00278,0,RN_ROAD_00062,RN_ROAD_00062,residential,,34.0388930170019,road_line_intersected_raster_cells_all_touched,mapped,2,0.0,0.0,0.0,0.0,0.0,0.0,0.0
120_150,120,150,RN_ROAD_00064,RN_NODE_00268,RN_NODE_00269,0,RN_ROAD_00064,RN_ROAD_00064,residential,,21.492524537581243,road_line_intersected_raster_cells_all_touched,mapped,1,0.0,0.0,0.0,0.0,0.0,0.0,0.0
120_150,120,150,RN_ROAD_00055,RN_NODE_00226,RN_NODE_00227,0,RN_ROAD_00055,RN_ROAD_00055,residential,,39.2116910610255,road_line_intersected_raster_cells_all_touched,mapped,2,0.013325692154467106,0.010736269876360893,0.012807807698845864,1.0,0.0,0.0,0.0
120_150,120,150,RN_ROAD_00063,RN_NODE_00226,RN_NODE_00258,0,RN_ROAD_00063,RN_ROAD_00063,residential,,104.41866178505872,road_line_intersected_raster_cells_all_touched,mapped,4,0.013325692154467106,0.006971420341869816,0.012338766641914845,1.0,0.0,0.0,0.0
120_150,120,150,RN_ROAD_00056,RN_NODE_00186,RN_NODE_00187,0,RN_ROAD_00056,RN_ROAD_00056,residential,,25.120377643736735,road_line_intersected_raster_cells_all_touched,mapped,2,0.025737924501299858,0.016901865135878325,0.02397071262821555,1.0,0.5,0.0,0.0
120_150,120,150,RN_ROAD_00241,RN_NODE_00186,RN_NODE_00156,0,RN_ROAD_00241,RN_ROAD_00241,residential,,61.68449622986819,road_line_intersected_raster_cells_all_touched,mapped,3,0.025737924501299858,0.021609413747986157,0.025685198977589606,1.0,0.6666666666666666,0.0,0.0
120_150,120,150,RN_ROAD_00058,RN_NODE_00211,RN_NODE_00187,0,RN_ROAD_00058,RN_ROAD_00058,residential,,45.06280672272299,road_line_intersected_raster_cells_all_touched,mapped,2,0.015420136041939259,0.011742970906198025,0.014684703014791013,1.0,0.0,0.0,0.0
120_150,120,150,RN_ROAD_00059,RN_NODE_00211,RN_NODE_00227,0,RN_ROAD_00059,RN_ROAD_00059,residential,,38.98029653189591,road_line_intersected_raster_cells_all_touched,mapped,3,0.02068394608795643,0.014750309909383455,0.019631184078752993,1.0,0.3333333333333333,0.0,0.0
120_150,120,150,RN_ROAD_00060,RN_NODE_00211,RN_NODE_00212,0,RN_ROAD_00060,RN_ROAD_00060,tertiary,['Dattawadi Road'],36.97983102056298,road_line_intersected_raster_cells_all_touched,mapped,2,0.015420136041939259,0.01051619928330183,0.014439348690211773,1.0,0.0,0.0,0.0
120_150,120,150,RN_ROAD_00057,RN_NODE_00227,RN_NODE_00238,0,RN_ROAD_00057,RN_ROAD_00057,residential,,28.855080650982604,road_line_intersected_raster_cells_all_touched,mapped,2,0.00814684759825468,0.0056451569544151425,0.007646509469486773,1.0,0.0,0.0,0.0
120_150,120,150,RN_ROAD_00244,RN_NODE_00187,RN_NODE_00175,0,RN_ROAD_00244,RN_ROAD_00244,residential,,33.110798205839764,road_line_intersected_raster_cells_all_touched,mapped,2,0.008219915442168713,0.008142860606312752,0.00820450447499752,1.0,0.0,0.0,0.0
120_150,120,150,RN_ROAD_00066,RN_NODE_00238,RN_NODE_00259,0,RN_ROAD_00066,RN_ROAD_00066,residential,,75.86989844292557,road_line_intersected_raster_cells_all_touched,mapped,3,0.0031434663105756044,0.0010478221035252016,0.0025147730484604836,0.3333333333333333,0.0,0.0,0.0
120_150,120,150,RN_ROAD_00071,RN_NODE_00238,RN_NODE_00239,0,RN_ROAD_00071,RN_ROAD_00071,residential,,40.63568578815476,road_line_intersected_raster_cells_all_touched,mapped,3,0.0031434663105756044,0.0018068816571030766,0.0028726055286824705,1.0,0.0,0.0,0.0
120_150,120,150,RN_ROAD_00072,RN_NODE_00212,RN_NODE_00193,0,RN_ROAD_00072,RN_ROAD_00072,tertiary,,38.410056230253225,road_line_intersected_raster_cells_all_touched,mapped,2,0.005612262524664402,0.0049991300329566,0.0054896360263228415,1.0,0.0,0.0,0.0
120_150,120,150,RN_ROAD_00073,RN_NODE_00212,RN_NODE_00228,0,RN_ROAD_00073,RN_ROAD_00073,tertiary,,40.09538264547372,road_line_intersected_raster_cells_all_touched,mapped,4,0.005612262524664402,0.003255959178204648,0.0054229107219725846,1.0,0.0,0.0,0.0
120_150,120,150,RN_ROAD_00080,RN_NODE_00212,RN_NODE_00213,0,RN_ROAD_00080,RN_ROAD_00080,tertiary,['Dattawadi Road'],126.01139667967246,road_line_intersected_raster_cells_all_touched,mapped,6,0.005612262524664402,0.0022289432430018983,0.005151880439370871,0.5,0.0,0.0,0.0
120_150,120,150,RN_ROAD_00065,RN_NODE_00258,RN_NODE_00259,0,RN_ROAD_00065,RN_ROAD_00065,tertiary,,38.55343416567287,road_line_intersected_raster_cells_all_touched,mapped,2,0.0018809110624715686,0.0009404555312357843,0.0016928199562244119,0.5,0.0,0.0,0.0
120_150,120,150,RN_ROAD_00067,RN_NODE_00259,RN_NODE_00260,0,RN_ROAD_00067,RN_ROAD_00067,tertiary,,40.74518304705443,road_line_intersected_raster_cells_all_touched,mapped,3,7.859007382648997e-06,2.6196691275496655e-06,6.287205906119198e-06,0.3333333333333333,0.0,0.0,0.0
120_150,120,150,RN_ROAD_00069,RN_NODE_00260,RN_NODE_00264,0,RN_ROAD_00069,RN_ROAD_00069,tertiary,,26.62863146932078,road_line_intersected_raster_cells_all_touched,mapped,3,7.859007382648997e-06,2.6196691275496655e-06,6.287205906119198e-06,0.3333333333333333,0.0,0.0,0.0
120_150,120,150,RN_ROAD_00070,RN_NODE_00260,RN_NODE_00244,0,RN_ROAD_00070,RN_ROAD_00070,tertiary,,24.938363724921295,road_line_intersected_raster_cells_all_touched,mapped,2,7.859007382648997e-06,3.9295036913244985e-06,7.073106644384097e-06,0.5,0.0,0.0,0.0
120_150,120,150,RN_ROAD_00068,RN_NODE_00297,RN_NODE_00264,0,RN_ROAD_00068,RN_ROAD_00068,tertiary,,130.87283489357,road_line_intersected_raster_cells_all_touched,mapped,5,2.332783151359763e-05,1.0256117275275755e-05,2.168719547626097e-05,0.6,0.0,0.0,0.0
120_150,120,150,RN_ROAD_00082,RN_NODE_00297,RN_NODE_00305,0,RN_ROAD_00082,RN_ROAD_00082,tertiary,,11.181496939700613,road_line_intersected_raster_cells_all_touched,mapped,2,8.726513442525174e-06,8.465943665214581e-06,8.674399487063056e-06,1.0,0.0,0.0,0.0
120_150,120,150,RN_ROAD_00083,RN_NODE_00297,RN_NODE_00294,0,RN_ROAD_00083,RN_ROAD_00083,residential,,70.2922251484159,road_line_intersected_raster_cells_all_touched,mapped,4,0.003426231909543276,0.0010200813810570253,0.0025720237230416393,1.0,0.0,0.0,0.0
120_150,120,150,RN_ROAD_00296,RN_NODE_00264,RN_NODE_00263,0,RN_ROAD_00296,RN_ROAD_00296,residential,,72.78052268614596,road_line_intersected_raster_cells_all_touched,mapped,4,0.000832812103908509,0.00021970912416691135,0.000594727840871201,0.75,0.0,0.0,0.0
120_150,120,150,RN_ROAD_00294,RN_NODE_00244,RN_NODE_00239,0,RN_ROAD_00294,RN_ROAD_00294,tertiary,,51.659918278362944,road_line_intersected_raster_cells_all_touched,mapped,2,0.00048801625962369144,0.00024400812981184572,0.0004392146336613223,0.5,0.0,0.0,0.0
120_150,120,150,RN_ROAD_00295,RN_NODE_00244,RN_NODE_00247,0,RN_ROAD_00295,RN_ROAD_00295,residential,,40.36964816219208,road_line_intersected_raster_cells_all_touched,mapped,2,8.11371355666779e-05,4.056856778333895e-05,7.30234220100101e-05,0.5,0.0,0.0,0.0
120_150,120,150,RN_ROAD_00074,RN_NODE_00239,RN_NODE_00228,0,RN_ROAD_00074,RN_ROAD_00074,tertiary,,26.901590919768886,road_line_intersected_raster_cells_all_touched,mapped,2,0.0006605241796933115,0.0005742702196585014,0.0006432733876863495,1.0,0.0,0.0,0.0
120_150,120,150,RN_ROAD_00075,RN_NODE_00193,RN_NODE_00194,0,RN_ROAD_00075,RN_ROAD_00075,residential,,37.31989973867388,road_line_intersected_raster_cells_all_touched,mapped,3,0.005302689969539642,0.004519257228821516,0.005119351483881473,1.0,0.0,0.0,0.0
120_150,120,150,RN_ROAD_00256,RN_NODE_00193,RN_NODE_00174,0,RN_ROAD_00256,RN_ROAD_00256,tertiary,,41.693740805285216,road_line_intersected_raster_cells_all_touched,mapped,2,0.005917087197303772,0.005151542369276285,0.005763978231698275,1.0,0.0,0.0,0.0
120_150,120,150,RN_ROAD_00076,RN_NODE_00228,RN_NODE_00229,0,RN_ROAD_00076,RN_ROAD_00076,residential,,40.45446256118045,road_line_intersected_raster_cells_all_touched,mapped,2,0.0017732528503984213,0.0012168885150458664,0.0016619799833279103,1.0,0.0,0.0,0.0
120_150,120,150,RN_ROAD_00078,RN_NODE_00194,RN_NODE_00195,0,RN_ROAD_00078,RN_ROAD_00078,residential,,36.19111684470716,road_line_intersected_raster_cells_all_touched,mapped,2,0.0038690841756761074,0.0031796310795471072,0.0037311935564503075,1.0,0.0,0.0,0.0
120_150,120,150,RN_ROAD_00257,RN_NODE_00194,RN_NODE_00146,0,RN_ROAD_00257,RN_ROAD_00257,residential,,105.88544834265709,road_line_intersected_raster_cells_all_touched,mapped,4,0.007485210429877043,0.005848623346537352,0.007128534466028214,1.0,0.0,0.0,0.0
120_150,120,150,RN_ROAD_00077,RN_NODE_00229,RN_NODE_00247,0,RN_ROAD_00077,RN_ROAD_00077,residential,,77.80122283607632,road_line_intersected_raster_cells_all_touched,mapped,3,0.0017732528503984213,0.0006181299953216998,0.0014348297074320727,0.6666666666666666,0.0,0.0,0.0
120_150,120,150,RN_ROAD_00079,RN_NODE_00229,RN_NODE_00230,0,RN_ROAD_00079,RN_ROAD_00079,residential,,37.931014123628856,road_line_intersected_raster_cells_all_touched,mapped,2,0.0017732528503984213,0.0008866264251992106,0.0015959275653585792,0.5,0.0,0.0,0.0
120_150,120,150,RN_ROAD_00297,RN_NODE_00247,RN_NODE_00246,0,RN_ROAD_00297,RN_ROAD_00297,residential,,37.670645354702565,road_line_intersected_raster_cells_all_touched,mapped,2,0.00021121400641277432,0.0001461755709897261,0.0001982063193281647,1.0,0.0,0.0,0.0
120_150,120,150,RN_ROAD_00091,RN_NODE_00195,RN_NODE_00176,0,RN_ROAD_00091,RN_ROAD_00091,residential,,38.41929687467551,road_line_intersected_raster_cells_all_touched,mapped,2,0.002490177983418107,0.0012450889917090535,0.002241160185076296,0.5,0.0,0.0,0.0
120_150,120,150,RN_ROAD_00093,RN_NODE_00195,RN_NODE_00197,0,RN_ROAD_00093,RN_ROAD_00093,residential,,53.33428004208454,road_line_intersected_raster_cells_all_touched,mapped,3,0.002490177983418107,0.0008300593278060356,0.0019921423867344857,0.3333333333333333,0.0,0.0,0.0
120_150,120,150,RN_ROAD_00092,RN_NODE_00230,RN_NODE_00246,0,RN_ROAD_00092,RN_ROAD_00092,residential,,76.77767014268143,road_line_intersected_raster_cells_all_touched,mapped,3,0.00021121400641277432,8.024373710213695e-05,0.00017487464610894677,0.6666666666666666,0.0,0.0,0.0
120_150,120,150,RN_ROAD_00094,RN_NODE_00230,RN_NODE_00234,0,RN_ROAD_00094,RN_ROAD_00094,residential,,43.564722645993555,road_line_intersected_raster_cells_all_touched,mapped,3,0.0012413657968863845,0.0007556255829210082,0.0011981948278844356,0.6666666666666666,0.0,0.0,0.0
120_150,120,150,RN_ROAD_00096,RN_NODE_00213,RN_NODE_00234,0,RN_ROAD_00096,RN_ROAD_00096,residential,,39.92478066992536,road_line_intersected_raster_cells_all_touched,mapped,3,0.0012413657968863845,0.0006316311191767454,0.001123798149637878,0.6666666666666666,0.0,0.0,0.0
120_150,120,150,RN_ROAD_00097,RN_NODE_00213,RN_NODE_00197,0,RN_ROAD_00097,RN_ROAD_00097,residential,,38.82730769015813,road_line_intersected_raster_cells_all_touched,mapped,2,0.0,0.0,0.0,0.0,0.0,0.0,0.0
120_150,120,150,RN_ROAD_00304,RN_NODE_00213,RN_NODE_00214,0,RN_ROAD_00304,RN_ROAD_00304,tertiary,['Dattawadi Road'],89.95960034883794,road_line_intersected_raster_cells_all_touched,mapped,4,0.001789866597391665,0.0004703364465967752,0.0012803503748727964,0.5,0.0,0.0,0.0
120_150,120,150,RN_ROAD_00084,RN_NODE_00305,RN_NODE_00328,0,RN_ROAD_00084,RN_ROAD_00084,tertiary,,90.13771843891129,road_line_intersected_raster_cells_all_touched,mapped,6,0.00860380195081234,0.0015603204619765165,0.004480245683225803,1.0,0.0,0.0,0.0
120_150,120,150,RN_ROAD_00085,RN_NODE_00328,RN_NODE_00293,0,RN_ROAD_00085,RN_ROAD_00085,residential,,105.33721628543579,road_line_intersected_raster_cells_all_touched,mapped,5,0.015610636211931705,0.008273304998874664,0.013176666386425496,1.0,0.0,0.0,0.0
120_150,120,150,RN_ROAD_00086,RN_NODE_00328,RN_NODE_00356,0,RN_ROAD_00086,RN_ROAD_00086,tertiary,,98.16696127727685,road_line_intersected_raster_cells_all_touched,mapped,5,0.27538543939590454,0.13388611413538457,0.24914848804473877,1.0,0.8,0.6,0.0
120_150,120,150,RN_ROAD_00172,RN_NODE_00356,RN_NODE_00361,0,RN_ROAD_00172,RN_ROAD_00172,residential,,46.82523189296001,road_line_intersected_raster_cells_all_touched,mapped,3,0.137102410197258,0.06973261013627052,0.11857469826936723,1.0,1.0,0.3333333333333333,0.0
120_150,120,150,RN_ROAD_00173,RN_NODE_00356,RN_NODE_00427,0,RN_ROAD_00173,RN_ROAD_00173,tertiary,,234.03133514478208,road_line_intersected_raster_cells_all_touched,mapped,11,0.3212968707084656,0.08505352764305743,0.1644645780324936,1.0,0.6363636363636364,0.36363636363636365,0.09090909090909091
120_150,120,150,RN_ROAD_00087,RN_NODE_00314,RN_NODE_00315,0,RN_ROAD_00087,RN_ROAD_00087,residential,,45.05843580903861,road_line_intersected_raster_cells_all_touched,mapped,2,0.013907970860600471,0.008053911267779768,0.012737158942036331,1.0,0.0,0.0,0.0
120_150,120,150,RN_ROAD_00088,RN_NODE_00314,RN_NODE_00319,0,RN_ROAD_00088,RN_ROAD_00088,residential,,33.693765674940465,road_line_intersected_raster_cells_all_touched,mapped,2,0.002546437317505479,0.002373144496232271,0.0025117787532508372,1.0,0.0,0.0,0.0
120_150,120,150,RN_ROAD_00089,RN_NODE_00314,RN_NODE_00290,0,RN_ROAD_00089,RN_ROAD_00089,residential,,121.67517705552382,road_line_intersected_raster_cells_all_touched,mapped,5,0.01790454238653183,0.008406624547205865,0.016476989910006522,1.0,0.0,0.0,0.0
120_150,120,150,RN_ROAD_00090,RN_NODE_00314,RN_NODE_00313,0,RN_ROAD_00090,RN_ROAD_00090,residential,,63.21236636402831,road_line_intersected_raster_cells_all_touched,mapped,3,0.0021998516749590635,0.0020337594129766026,0.0021945126354694366,1.0,0.0,0.0,0.0
120_150,120,150,RN_ROAD_00303,RN_NODE_00290,RN_NODE_00281,0,RN_ROAD_00303,RN_ROAD_00303,residential,,75.55398586526928,road_line_intersected_raster_cells_all_touched,mapped,4,0.006966449785977602,0.002724591387959663,0.005544782266952098,1.0,0.0,0.0,0.0
120_150,120,150,RN_ROAD_00316,RN_NODE_00290,RN_NODE_00313,0,RN_ROAD_00316,RN_ROAD_00316,residential,,61.77604347682732,road_line_intersected_raster_cells_all_touched,mapped,3,0.006966449785977602,0.0035369901840264597,0.005956409964710474,1.0,0.0,0.0,0.0
120_150,120,150,RN_ROAD_00324,RN_NODE_00290,RN_NODE_00286,0,RN_ROAD_00324,RN_ROAD_00324,residential,,53.980157249501374,road_line_intersected_raster_cells_all_touched,mapped,3,0.006966449785977602,0.0029350115607182183,0.005797632737085223,1.0,0.0,0.0,0.0
120_150,120,150,RN_ROAD_00317,RN_NODE_00313,RN_NODE_00333,0,RN_ROAD_00317,RN_ROAD_00317,residential,,50.072254927188524,road_line_intersected_raster_cells_all_touched,mapped,3,0.0017282700864598155,0.001406021920653681,0.0017209122190251947,1.0,0.0,0.0,0.0
120_150,120,150,RN_ROAD_00320,RN_NODE_00313,RN_NODE_00312,0,RN_ROAD_00320,RN_ROAD_00320,residential,,42.21382632969337,road_line_intersected_raster_cells_all_touched,mapped,3,0.0017282700864598155,0.0006572914377708609,0.0014250350766815247,1.0,0.0,0.0,0.0
120_150,120,150,RN_ROAD_00258,RN_NODE_00176,RN_NODE_00152,0,RN_ROAD_00258,RN_ROAD_00258,residential,,37.12096600182516,road_line_intersected_raster_cells_all_touched,mapped,2,0.0,0.0,0.0,0.0,0.0,0.0,0.0
120_150,120,150,RN_ROAD_00260,RN_NODE_00176,RN_NODE_00177,0,RN_ROAD_00260,RN_ROAD_00260,residential,,99.19862013661967,road_line_intersected_raster_cells_all_touched,mapped,4,0.0,0.0,0.0,0.0,0.0,0.0,0.0
120_150,120,150,RN_ROAD_00299,RN_NODE_00246,RN_NODE_00245,0,RN_ROAD_00299,RN_ROAD_00299,residential,,42.58423840088509,road_line_intersected_raster_cells_all_touched,mapped,3,0.004437057301402092,0.002483641127279649,0.00411017625592649,1.0,0.0,0.0,0.0
120_150,120,150,RN_ROAD_00099,RN_NODE_00197,RN_NODE_00198,0,RN_ROAD_00099,RN_ROAD_00099,residential,,45.50958373134193,road_line_intersected_raster_cells_all_touched,mapped,2,0.0,0.0,0.0,0.0,0.0,0.0,0.0
120_150,120,150,RN_ROAD_00095,RN_NODE_00234,RN_NODE_00245,0,RN_ROAD_00095,RN_ROAD_00095,residential,,75.61627595530594,road_line_intersected_raster_cells_all_touched,mapped,3,0.004437057301402092,0.0026703360102449856,0.0040161628276109695,1.0,0.0,0.0,0.0
120_150,120,150,RN_ROAD_00098,RN_NODE_00234,RN_NODE_00235,0,RN_ROAD_00098,RN_ROAD_00098,residential,,36.270777899434066,road_line_intersected_raster_cells_all_touched,mapped,2,0.0013925796374678612,0.0013169727171771228,0.0013774582534097136,1.0,0.0,0.0,0.0
120_150,120,150,RN_ROAD_00301,RN_NODE_00245,RN_NODE_00241,0,RN_ROAD_00301,RN_ROAD_00301,residential,,70.53375969539323,road_line_intersected_raster_cells_all_touched,mapped,3,0.011172080412507057,0.005990353956197699,0.009825075790286065,1.0,0.0,0.0,0.0
120_150,120,150,RN_ROAD_00100,RN_NODE_00235,RN_NODE_00241,0,RN_ROAD_00100,RN_ROAD_00100,residential,,37.98293668808784,road_line_intersected_raster_cells_all_touched,mapped,2,0.0023619241546839476,0.0018772518960759044,0.0022649897029623388,1.0,0.0,0.0,0.0
120_150,120,150,RN_ROAD_00307,RN_NODE_00235,RN_NODE_00214,0,RN_ROAD_00307,RN_ROAD_00307,residential,,92.55852863842196,road_line_intersected_raster_cells_all_touched,mapped,5,0.003919097129255533,0.002370384777896106,0.0033760215155780315,1.0,0.0,0.0,0.0
120_150,120,150,RN_ROAD_00305,RN_NODE_00198,RN_NODE_00177,0,RN_ROAD_00305,RN_ROAD_00305,residential,,39.526505477982745,road_line_intersected_raster_cells_all_touched,mapped,2,0.0,0.0,0.0,0.0,0.0,0.0,0.0
120_150,120,150,RN_ROAD_00308,RN_NODE_00198,RN_NODE_00203,0,RN_ROAD_00308,RN_ROAD_00308,residential,,42.156257641141636,road_line_intersected_raster_cells_all_touched,mapped,3,0.0002900526742450893,0.00015105944476090372,0.0002646672714035958,0.6666666666666666,0.0,0.0,0.0
120_150,120,150,RN_ROAD_00306,RN_NODE_00241,RN_NODE_00243,0,RN_ROAD_00306,RN_ROAD_00306,residential,,43.674198984804306,road_line_intersected_raster_cells_all_touched,mapped,2,0.00919464323669672,0.005778283695690334,0.008511371328495443,1.0,0.0,0.0,0.0
120_150,120,150,RN_ROAD_00102,RN_NODE_00358,RN_NODE_00451,0,RN_ROAD_00102,RN_ROAD_00102,residential,['Janata Vasahat Road'],400.63554354988895,road_line_intersected_raster_cells_all_touched,mapped,19,3.897901115124114e-05,6.65359561037947e-06,2.4230551935033864e-05,0.47368421052631576,0.0,0.0,0.0
120_150,120,150,RN_ROAD_00111,RN_NODE_00451,RN_NODE_00480,0,RN_ROAD_00111,RN_ROAD_00111,residential,['Janata Vasahat Road'],116.53808923417535,road_line_intersected_raster_cells_all_touched,mapped,6,6.02458712819498e-05,2.3823529469761222e-05,4.564138362184167e-05,0.6666666666666666,0.0,0.0,0.0
120_150,120,150,RN_ROAD_00106,RN_NODE_00398,RN_NODE_00403,0,RN_ROAD_00106,RN_ROAD_00106,primary_link,,11.685241840114362,road_line_intersected_raster_cells_all_touched,mapped,2,0.02394050732254982,0.015611725393682718,0.0222747509367764,1.0,0.5,0.0,0.0
120_150,120,150,RN_ROAD_00107,RN_NODE_00398,RN_NODE_00404,0,RN_ROAD_00107,RN_ROAD_00107,primary,['Sinhagad Road'],11.529812368176284,road_line_intersected_raster_cells_all_touched,mapped,3,0.03976135328412056,0.03028929668168227,0.03724228851497173,1.0,1.0,0.0,0.0
120_150,120,150,RN_ROAD_00129,RN_NODE_00403,RN_NODE_00438,0,RN_ROAD_00129,RN_ROAD_00129,primary,['Sinhagad Road'],124.9679812493694,road_line_intersected_raster_cells_all_touched,mapped,7,0.027166029438376427,0.01171656631465469,0.020152095891535285,1.0,0.14285714285714285,0.0,0.0
120_150,120,150,RN_ROAD_00108,RN_NODE_00404,RN_NODE_00399,0,RN_ROAD_00108,RN_ROAD_00108,residential,,14.315540964381475,road_line_intersected_raster_cells_all_touched,mapped,2,0.03976135328412056,0.03346369136124849,0.038501820899546145,1.0,1.0,0.0,0.0
120_150,120,150,RN_ROAD_00130,RN_NODE_00404,RN_NODE_00425,0,RN_ROAD_00130,RN_ROAD_00130,primary,['Sinhagad Road'],81.92638639387098,road_line_intersected_raster_cells_all_touched,mapped,4,0.027166029438376427,0.013128271442838013,0.023590013664215804,1.0,0.25,0.0,0.0
120_150,120,150,RN_ROAD_00109,RN_NODE_00399,RN_NODE_00394,0,RN_ROAD_00109,RN_ROAD_00109,residential,,13.965206832105686,road_line_intersected_raster_cells_all_touched,mapped,1,0.03976135328412056,0.03976135328412056,0.03976135328412056,1.0,1.0,0.0,0.0
120_150,120,150,RN_ROAD_00142,RN_NODE_00399,RN_NODE_00391,0,RN_ROAD_00142,RN_ROAD_00142,residential,,113.12604300619051,road_line_intersected_raster_cells_all_touched,mapped,5,0.04171975702047348,0.03444022499024868,0.04093639552593231,1.0,1.0,0.0,0.0
120_150,120,150,RN_ROAD_00139,RN_NODE_00394,RN_NODE_00374,0,RN_ROAD_00139,RN_ROAD_00139,residential,,53.585187061784524,road_line_intersected_raster_cells_all_touched,mapped,3,0.04257068410515785,0.03956108664472898,0.04200881794095039,1.0,1.0,0.0,0.0
120_150,120,150,RN_ROAD_00140,RN_NODE_00394,RN_NODE_00385,0,RN_ROAD_00140,RN_ROAD_00140,residential,,43.14864233841997,road_line_intersected_raster_cells_all_touched,mapped,3,0.046957507729530334,0.04096072167158127,0.04551827684044838,1.0,1.0,0.0,0.0
120_150,120,150,RN_ROAD_00110,RN_NODE_00487,RN_NODE_00502,0,RN_ROAD_00110,RN_ROAD_00110,residential,['Janata Vasahat Road'],160.44199789733528,road_line_intersected_raster_cells_all_touched,mapped,7,0.0007583225378766656,0.0005109627974369298,0.0007520185085013509,1.0,0.0,0.0,0.0
120_150,120,150,RN_ROAD_00112,RN_NODE_00487,RN_NODE_00480,0,RN_ROAD_00112,RN_ROAD_00112,residential,['Janata Vasahat Road'],75.96312059419445,road_line_intersected_raster_cells_all_touched,mapped,4,0.000565284222830087,0.00016914566685954924,0.00041173188001266694,1.0,0.0,0.0,0.0
120_150,120,150,RN_ROAD_00113,RN_NODE_00487,RN_NODE_00480,1,RN_ROAD_00113,RN_ROAD_00113,residential,,80.27344559609085,road_line_intersected_raster_cells_all_touched,mapped,4,0.000565284222830087,0.0002771615249912429,0.0005084091419121251,1.0,0.0,0.0,0.0
120_150,120,150,RN_ROAD_00114,RN_NODE_00505,RN_NODE_00516,0,RN_ROAD_00114,RN_ROAD_00114,primary,['Tanaji Malusare Path'],45.48058410980653,road_line_intersected_raster_cells_all_touched,mapped,2,0.004966195672750473,0.003960037720389664,0.004764964082278311,1.0,0.0,0.0,0.0
120_150,120,150,RN_ROAD_00117,RN_NODE_00505,RN_NODE_00503,0,RN_ROAD_00117,RN_ROAD_00117,primary,['Tanaji Malusare Path'],30.053876706228625,road_line_intersected_raster_cells_all_touched,mapped,2,0.012730903923511505,0.008848549798130989,0.011954433098435403,1.0,0.0,0.0,0.0
120_150,120,150,RN_ROAD_00119,RN_NODE_00505,RN_NODE_00517,0,RN_ROAD_00119,RN_ROAD_00119,residential,,54.96034822555883,road_line_intersected_raster_cells_all_touched,mapped,2,0.004966195672750473,0.00416998122818768,0.0048069527838379145,1.0,0.0,0.0,0.0
120_150,120,150,RN_ROAD_00115,RN_NODE_00515,RN_NODE_00497,0,RN_ROAD_00115,RN_ROAD_00115,primary,['Tanaji Malusare Path'],136.05104111833137,road_line_intersected_raster_cells_all_touched,mapped,6,0.027038609609007835,0.013487551050881544,0.025814163498580456,1.0,0.3333333333333333,0.0,0.0
120_150,120,150,RN_ROAD_00121,RN_NODE_00497,RN_NODE_00498,0,RN_ROAD_00121,RN_ROAD_00121,residential,,10.468915959375558,road_line_intersected_raster_cells_all_touched,mapped,1,0.027038609609007835,0.027038609609007835,0.027038609609007835,1.0,1.0,0.0,0.0
120_150,120,150,RN_ROAD_00123,RN_NODE_00497,RN_NODE_00488,0,RN_ROAD_00123,RN_ROAD_00123,primary,['Tanaji Malusare Path'],108.90698269835133,road_line_intersected_raster_cells_all_touched,mapped,5,0.06737204641103745,0.03858188912272453,0.0586445838212967,1.0,1.0,0.0,0.0
120_150,120,150,RN_ROAD_00116,RN_NODE_00456,RN_NODE_00463,0,RN_ROAD_00116,RN_ROAD_00116,residential,,59.08667461095608,road_line_intersected_raster_cells_all_touched,mapped,3,0.00016207325097639114,0.00011373248465436821,0.00015184117364697158,1.0,0.0,0.0,0.0
120_150,120,150,RN_ROAD_00120,RN_NODE_00456,RN_NODE_00488,0,RN_ROAD_00120,RN_ROAD_00120,residential,,242.8930941847801,road_line_intersected_raster_cells_all_touched,mapped,9,0.06737204641103745,0.012112715601688251,0.03181168884038926,1.0,0.2222222222222222,0.0,0.0
120_150,120,150,RN_ROAD_00131,RN_NODE_00456,RN_NODE_00449,0,RN_ROAD_00131,RN_ROAD_00131,residential,,84.1763534833191,road_line_intersected_raster_cells_all_touched,mapped,5,0.0015112926485016942,0.0005078904338006396,0.0012563458643853665,0.8,0.0,0.0,0.0
120_150,120,150,RN_ROAD_00118,RN_NODE_00503,RN_NODE_00498,0,RN_ROAD_00118,RN_ROAD_00118,primary,['Tanaji Malusare Path'],53.84887709569401,road_line_intersected_raster_cells_all_touched,mapped,4,0.027038609609007835,0.018104891059920192,0.02630394194275141,1.0,0.5,0.0,0.0
120_150,120,150,RN_ROAD_00122,RN_NODE_00503,RN_NODE_00507,0,RN_ROAD_00122,RN_ROAD_00122,residential,,72.64796298078082,road_line_intersected_raster_cells_all_touched,mapped,4,0.012730903923511505,0.006775235873647034,0.011329732742160559,1.0,0.0,0.0,0.0
120_150,120,150,RN_ROAD_00124,RN_NODE_00498,RN_NODE_00490,0,RN_ROAD_00124,RN_ROAD_00124,primary,['Tanaji Malusare Path'],56.45914523801046,road_line_intersected_raster_cells_all_touched,mapped,3,0.027038609609007835,0.020549259148538113,0.02622661367058754,1.0,0.6666666666666666,0.0,0.0
120_150,120,150,RN_ROAD_00126,RN_NODE_00498,RN_NODE_00500,0,RN_ROAD_00126,RN_ROAD_00126,residential,,61.6793681996395,road_line_intersected_raster_cells_all_touched,mapped,4,0.027038609609007835,0.011573603958822787,0.02241618810221553,1.0,0.25,0.0,0.0
120_150,120,150,RN_ROAD_00128,RN_NODE_00488,RN_NODE_00469,0,RN_ROAD_00128,RN_ROAD_00128,primary,['Tanaji Malusare Path'],142.270319038286,road_line_intersected_raster_cells_all_touched,mapped,7,0.06737204641103745,0.043136430105992725,0.05803765282034874,1.0,1.0,0.0,0.0
120_150,120,150,RN_ROAD_00125,RN_NODE_00507,RN_NODE_00510,0,RN_ROAD_00125,RN_ROAD_00125,residential,,13.576181017408409,road_line_intersected_raster_cells_all_touched,mapped,1,0.0029359394684433937,0.0029359394684433937,0.0029359394684433937,1.0,0.0,0.0,0.0
120_150,120,150,RN_ROAD_00150,RN_NODE_00507,RN_NODE_00500,0,RN_ROAD_00150,RN_ROAD_00150,residential,,73.06208550697029,road_line_intersected_raster_cells_all_touched,mapped,4,0.0029359394684433937,0.00209513190202415,0.002851750375702977,1.0,0.0,0.0,0.0
120_150,120,150,RN_ROAD_00127,RN_NODE_00490,RN_NODE_00485,0,RN_ROAD_00127,RN_ROAD_00127,primary,['Tanaji Malusare Path'],106.52342091402076,road_line_intersected_raster_cells_all_touched,mapped,6,0.06737204641103745,0.04469498308996359,0.06199673376977444,1.0,1.0,0.0,0.0
120_150,120,150,RN_ROAD_00149,RN_NODE_00490,RN_NODE_00500,0,RN_ROAD_00149,RN_ROAD_00149,residential,,105.59200991133739,road_line_intersected_raster_cells_all_touched,mapped,4,0.022978629916906357,0.010190251050516963,0.018902933690696958,1.0,0.25,0.0,0.0
120_150,120,150,RN_ROAD_00154,RN_NODE_00500,RN_NODE_00511,0,RN_ROAD_00154,RN_ROAD_00154,residential,,137.25765877616305,road_line_intersected_raster_cells_all_touched,mapped,5,0.002655309159308672,0.0015044550993479789,0.002300063520669937,1.0,0.0,0.0,0.0
120_150,120,150,RN_ROAD_00153,RN_NODE_00485,RN_NODE_00468,0,RN_ROAD_00153,RN_ROAD_00153,primary,['Tanaji Malusare Path'],94.32401822308833,road_line_intersected_raster_cells_all_touched,mapped,4,0.0518147237598896,0.043073372915387154,0.04899405799806118,1.0,1.0,0.0,0.0
120_150,120,150,RN_ROAD_00155,RN_NODE_00485,RN_NODE_00486,0,RN_ROAD_00155,RN_ROAD_00155,residential,,127.4605055943359,road_line_intersected_raster_cells_all_touched,mapped,6,0.08909036219120026,0.047174904961138964,0.0852883867919445,1.0,0.6666666666666666,0.0,0.0
120_150,120,150,RN_ROAD_00151,RN_NODE_00469,RN_NODE_00449,0,RN_ROAD_00151,RN_ROAD_00151,primary,['Tanaji Malusare Path'],72.05548324266864,road_line_intersected_raster_cells_all_touched,mapped,3,0.04013637825846672,0.02648007687336455,0.03966761454939842,1.0,0.6666666666666666,0.0,0.0
120_150,120,150,RN_ROAD_00152,RN_NODE_00469,RN_NODE_00468,0,RN_ROAD_00152,RN_ROAD_00152,primary_link,,10.44398647907111,road_line_intersected_raster_cells_all_touched,mapped,1,0.04013637825846672,0.04013637825846672,0.04013637825846672,1.0,1.0,0.0,0.0
120_150,120,150,RN_ROAD_00133,RN_NODE_00438,RN_NODE_00443,0,RN_ROAD_00133,RN_ROAD_00133,primary,['Tanaji Malusare Path' 'Sinhagad Road'],11.786148110048545,road_line_intersected_raster_cells_all_touched,mapped,1,0.006743794772773981,0.006743794772773981,0.006743794772773981,1.0,0.0,0.0,0.0
120_150,120,150,RN_ROAD_00135,RN_NODE_00438,RN_NODE_00437,0,RN_ROAD_00135,RN_ROAD_00135,primary,['Lalbahadur Shashtri Marg'],11.829410221436186,road_line_intersected_raster_cells_all_touched,mapped,1,0.006743794772773981,0.006743794772773981,0.006743794772773981,1.0,0.0,0.0,0.0
120_150,120,150,RN_ROAD_00132,RN_NODE_00425,RN_NODE_00437,0,RN_ROAD_00132,RN_ROAD_00132,primary,['Sinhagad Road'],37.83754513399506,road_line_intersected_raster_cells_all_touched,mapped,3,0.015476140193641186,0.0091834613122046,0.013729671109467744,1.0,0.0,0.0,0.0
120_150,120,150,RN_ROAD_00158,RN_NODE_00425,RN_NODE_00414,0,RN_ROAD_00158,RN_ROAD_00158,residential,,82.72842717984496,road_line_intersected_raster_cells_all_touched,mapped,5,0.025062261149287224,0.014074659533798694,0.021390322968363764,1.0,0.2,0.0,0.0
120_150,120,150,RN_ROAD_00134,RN_NODE_00449,RN_NODE_00443,0,RN_ROAD_00134,RN_ROAD_00134,primary,['Tanaji Malusare Path'],16.12908526003169,road_line_intersected_raster_cells_all_touched,mapped,2,0.006743794772773981,0.004127543710637838,0.006220544560346752,1.0,0.0,0.0,0.0
120_150,120,150,RN_ROAD_00137,RN_NODE_00437,RN_NODE_00441,0,RN_ROAD_00137,RN_ROAD_00137,primary,['Sinhagad Road'],10.250288392928798,road_line_intersected_raster_cells_all_touched,mapped,1,0.006743794772773981,0.006743794772773981,0.006743794772773981,1.0,0.0,0.0,0.0
120_150,120,150,RN_ROAD_00159,RN_NODE_00437,RN_NODE_00434,0,RN_ROAD_00159,RN_ROAD_00159,primary,['Lalbahadur Shashtri Marg'],70.49584305613865,road_line_intersected_raster_cells_all_touched,mapped,5,0.01841294765472412,0.008132641017436982,0.013745286501944065,1.0,0.0,0.0,0.0
120_150,120,150,RN_ROAD_00136,RN_NODE_00443,RN_NODE_00441,0,RN_ROAD_00136,RN_ROAD_00136,primary,['Lalbahadur Shashtri Marg'],10.827742355347945,road_line_intersected_raster_cells_all_touched,mapped,1,0.006743794772773981,0.006743794772773981,0.006743794772773981,1.0,0.0,0.0,0.0
120_150,120,150,RN_ROAD_00138,RN_NODE_00441,RN_NODE_00468,0,RN_ROAD_00138,RN_ROAD_00138,primary,['Tanaji Malusare Path'],91.3417858176492,road_line_intersected_raster_cells_all_touched,mapped,4,0.04013637825846672,0.021546006348216906,0.039433232694864276,1.0,0.5,0.0,0.0
120_150,120,150,RN_ROAD_00161,RN_NODE_00441,RN_NODE_00432,0,RN_ROAD_00161,RN_ROAD_00161,primary,['Lalbahadur Shashtri Marg' 'Dandekar Bridge'],188.44953123666878,road_line_intersected_raster_cells_all_touched,mapped,9,0.07310845702886581,0.025813139457669523,0.06040869504213334,1.0,0.4444444444444444,0.0,0.0
120_150,120,150,RN_ROAD_00141,RN_NODE_00385,RN_NODE_00371,0,RN_ROAD_00141,RN_ROAD_00141,residential,,45.3290526689984,road_line_intersected_raster_cells_all_touched,mapped,3,0.06256485730409622,0.054714642465114594,0.06097619831562042,1.0,1.0,0.0,0.0
120_150,120,150,RN_ROAD_00143,RN_NODE_00385,RN_NODE_00377,0,RN_ROAD_00143,RN_ROAD_00143,residential,,63.74843124119214,road_line_intersected_raster_cells_all_touched,mapped,3,0.07235384732484818,0.052371542900800705,0.0672745794057846,1.0,1.0,0.0,0.0
120_150,120,150,RN_ROAD_00145,RN_NODE_00391,RN_NODE_00384,0,RN_ROAD_00145,RN_ROAD_00145,residential,,17.87403692737785,road_line_intersected_raster_cells_all_touched,mapped,2,0.03224506974220276,0.02502218261361122,0.030800492316484452,1.0,0.5,0.0,0.0
120_150,120,150,RN_ROAD_00146,RN_NODE_00391,RN_NODE_00414,0,RN_ROAD_00146,RN_ROAD_00146,residential,,69.01046780628735,road_line_intersected_raster_cells_all_touched,mapped,3,0.03224506974220276,0.01784659456461668,0.02833059225231409,1.0,0.3333333333333333,0.0,0.0
120_150,120,150,RN_ROAD_00144,RN_NODE_00377,RN_NODE_00384,0,RN_ROAD_00144,RN_ROAD_00144,residential,,17.99821886477529,road_line_intersected_raster_cells_all_touched,mapped,2,0.037803273648023605,0.027801284566521645,0.035802875831723216,1.0,0.5,0.0,0.0
120_150,120,150,RN_ROAD_00147,RN_NODE_00377,RN_NODE_00370,0,RN_ROAD_00147,RN_ROAD_00147,residential,,47.10927462532197,road_line_intersected_raster_cells_all_touched,mapped,4,0.07180872559547424,0.037080001551657915,0.061607090011239055,1.0,0.75,0.0,0.0
120_150,120,150,RN_ROAD_00148,RN_NODE_00384,RN_NODE_00381,0,RN_ROAD_00148,RN_ROAD_00148,residential,,49.69367043246291,road_line_intersected_raster_cells_all_touched,mapped,2,0.017799295485019684,0.017661220394074917,0.017771680466830732,1.0,0.0,0.0,0.0
120_150,120,150,RN_ROAD_00160,RN_NODE_00414,RN_NODE_00434,0,RN_ROAD_00160,RN_ROAD_00160,residential,,47.74695991320392,road_line_intersected_raster_cells_all_touched,mapped,3,0.01841294765472412,0.01121778367087245,0.01645476445555687,1.0,0.0,0.0,0.0
120_150,120,150,RN_ROAD_00168,RN_NODE_00370,RN_NODE_00361,0,RN_ROAD_00168,RN_ROAD_00168,residential,,24.556447207799554,road_line_intersected_raster_cells_all_touched,mapped,2,0.04446385055780411,0.03294575773179531,0.04216023199260235,1.0,1.0,0.0,0.0
120_150,120,150,RN_ROAD_00169,RN_NODE_00370,RN_NODE_00381,0,RN_ROAD_00169,RN_ROAD_00169,residential,,47.772894267869745,road_line_intersected_raster_cells_all_touched,mapped,2,0.021427664905786514,0.019475405104458332,0.021037212945520876,1.0,0.5,0.0,0.0
120_150,120,150,RN_ROAD_00171,RN_NODE_00381,RN_NODE_00397,0,RN_ROAD_00171,RN_ROAD_00171,residential,,45.38918699815148,road_line_intersected_raster_cells_all_touched,mapped,3,0.16198930144309998,0.07014136699338754,0.13577377200126647,1.0,0.6666666666666666,0.3333333333333333,0.0
120_150,120,150,RN_ROAD_00156,RN_NODE_00508,RN_NODE_00518,0,RN_ROAD_00156,RN_ROAD_00156,residential,,24.280471587472228,road_line_intersected_raster_cells_all_touched,mapped,1,0.0,0.0,0.0,0.0,0.0,0.0,0.0
120_150,120,150,RN_ROAD_00157,RN_NODE_00491,RN_NODE_00499,0,RN_ROAD_00157,RN_ROAD_00157,residential,,75.27168155756657,road_line_intersected_raster_cells_all_touched,mapped,4,0.0005981568829156458,0.000313472019342953,0.0005467083334224299,1.0,0.0,0.0,0.0
120_150,120,150,RN_ROAD_00162,RN_NODE_00434,RN_NODE_00428,0,RN_ROAD_00162,RN_ROAD_00162,primary,['Lalbahadur Shashtri Marg' 'Dandekar Bridge'],120.7233951065441,road_line_intersected_raster_cells_all_touched,mapped,4,0.24738697707653046,0.08382077584974468,0.1903410103172064,1.0,0.5,0.25,0.0
120_150,120,150,RN_ROAD_00163,RN_NODE_00432,RN_NODE_00428,0,RN_ROAD_00163,RN_ROAD_00163,primary,['Barrister Nath Pai Chowk'],16.512293120111337,road_line_intersected_raster_cells_all_touched,mapped,2,0.012249424122273922,0.00870974431745708,0.011541488161310554,1.0,0.0,0.0,0.0
120_150,120,150,RN_ROAD_00164,RN_NODE_00432,RN_NODE_00435,0,RN_ROAD_00164,RN_ROAD_00164,primary,['Barrister Nath Pai Chowk'],5.293753326220019,road_line_intersected_raster_cells_all_touched,mapped,1,0.005170064512640238,0.005170064512640238,0.005170064512640238,1.0,0.0,0.0,0.0
120_150,120,150,RN_ROAD_00165,RN_NODE_00428,RN_NODE_00427,0,RN_ROAD_00165,RN_ROAD_00165,primary,['Barrister Nath Pai Chowk'],8.975350119755786,road_line_intersected_raster_cells_all_touched,mapped,2,0.012249424122273922,0.00870974431745708,0.011541488161310554,1.0,0.0,0.0,0.0
120_150,120,150,RN_ROAD_00166,RN_NODE_00435,RN_NODE_00433,0,RN_ROAD_00166,RN_ROAD_00166,primary,['Barrister Nath Pai Chowk'],29.565301722604882,road_line_intersected_raster_cells_all_touched,mapped,2,0.0055660284124314785,0.005368046462535858,0.005526432022452355,1.0,0.0,0.0,0.0
120_150,120,150,RN_ROAD_00167,RN_NODE_00435,RN_NODE_00447,0,RN_ROAD_00167,RN_ROAD_00167,tertiary,['Madhavrao Peshve Marg'],45.54545036986926,road_line_intersected_raster_cells_all_touched,mapped,4,0.02920963428914547,0.012283003306947649,0.02318845195695758,1.0,0.25,0.0,0.0
120_150,120,150,RN_ROAD_00188,RN_NODE_00427,RN_NODE_00422,0,RN_ROAD_00188,RN_ROAD_00188,primary,['Barrister Nath Pai Chowk'],27.465265817507753,road_line_intersected_raster_cells_all_touched,mapped,2,0.0055660284124314785,0.005368046462535858,0.005526432022452355,1.0,0.0,0.0,0.0
120_150,120,150,RN_ROAD_00190,RN_NODE_00433,RN_NODE_00447,0,RN_ROAD_00190,RN_ROAD_00190,tertiary,['Madhavrao Peshve Marg'],34.139300763499996,road_line_intersected_raster_cells_all_touched,mapped,3,0.02920963428914547,0.014638229738920927,0.025195512734353543,1.0,0.3333333333333333,0.0,0.0
120_150,120,150,RN_ROAD_00193,RN_NODE_00433,RN_NODE_00430,0,RN_ROAD_00193,RN_ROAD_00193,primary,['Barrister Nath Pai Chowk'],7.5684092656252675,road_line_intersected_raster_cells_all_touched,mapped,1,0.0055660284124314785,0.0055660284124314785,0.0055660284124314785,1.0,0.0,0.0,0.0
120_150,120,150,RN_ROAD_00195,RN_NODE_00447,RN_NODE_00450,0,RN_ROAD_00195,RN_ROAD_00195,tertiary,['Madhavrao Peshve Marg'],20.1726046626495,road_line_intersected_raster_cells_all_touched,mapped,1,0.02920963428914547,0.02920963428914547,0.02920963428914547,1.0,1.0,0.0,0.0
120_150,120,150,RN_ROAD_00170,RN_NODE_00361,RN_NODE_00376,0,RN_ROAD_00170,RN_ROAD_00170,residential,,52.085846791904686,road_line_intersected_raster_cells_all_touched,mapped,3,0.08911851048469543,0.05167000864942869,0.08018757849931717,1.0,1.0,0.0,0.0
120_150,120,150,RN_ROAD_00174,RN_NODE_00359,RN_NODE_00360,0,RN_ROAD_00174,RN_ROAD_00174,residential,,39.24696699102281,road_line_intersected_raster_cells_all_touched,mapped,3,0.07624711096286774,0.02608067854695643,0.06131495370063931,1.0,0.3333333333333333,0.0,0.0
120_150,120,150,RN_ROAD_00175,RN_NODE_00359,RN_NODE_00348,0,RN_ROAD_00175,RN_ROAD_00175,residential,,40.585040476822286,road_line_intersected_raster_cells_all_touched,mapped,4,0.001831451547332108,0.0008377777121495456,0.0014925373601727189,1.0,0.0,0.0,0.0
120_150,120,150,RN_ROAD_00176,RN_NODE_00359,RN_NODE_00396,0,RN_ROAD_00176,RN_ROAD_00176,residential,,101.24939391440986,road_line_intersected_raster_cells_all_touched,mapped,4,0.009245099499821663,0.003993434540461749,0.008270347444340588,1.0,0.0,0.0,0.0
120_150,120,150,RN_ROAD_00314,RN_NODE_00348,RN_NODE_00351,0,RN_ROAD_00314,RN_ROAD_00314,residential,,37.968675117771724,road_line_intersected_raster_cells_all_touched,mapped,2,0.00737712811678648,0.004039432853460312,0.006709589064121247,1.0,0.0,0.0,0.0
120_150,120,150,RN_ROAD_00319,RN_NODE_00348,RN_NODE_00335,0,RN_ROAD_00319,RN_ROAD_00319,residential,,44.68106970370976,road_line_intersected_raster_cells_all_touched,mapped,2,0.0007983149262145162,0.00075002625817433,0.000788657192606479,1.0,0.0,0.0,0.0
120_150,120,150,RN_ROAD_00322,RN_NODE_00348,RN_NODE_00347,0,RN_ROAD_00322,RN_ROAD_00322,residential,,68.87895886951469,road_line_intersected_raster_cells_all_touched,mapped,4,0.006773766595870256,0.0019917957811230735,0.004952157894149423,1.0,0.0,0.0,0.0
120_150,120,150,RN_ROAD_00177,RN_NODE_00396,RN_NODE_00395,0,RN_ROAD_00177,RN_ROAD_00177,residential,,72.96437348805723,road_line_intersected_raster_cells_all_touched,mapped,3,0.007904551923274994,0.0070619334777196245,0.0077807060442864895,1.0,0.0,0.0,0.0
120_150,120,150,RN_ROAD_00191,RN_NODE_00396,RN_NODE_00422,0,RN_ROAD_00191,RN_ROAD_00191,residential,,77.28031718830532,road_line_intersected_raster_cells_all_touched,mapped,4,0.011303210631012917,0.008258512942120433,0.010962913464754821,1.0,0.0,0.0,0.0
120_150,120,150,RN_ROAD_00396,RN_NODE_00395,RN_NODE_00419,0,RN_ROAD_00396,RN_ROAD_00396,residential,,75.56282543703307,road_line_intersected_raster_cells_all_touched,mapped,4,0.028751252219080925,0.013856196659617126,0.02345261620357633,1.0,0.25,0.0,0.0
120_150,120,150,RN_ROAD_00415,RN_NODE_00395,RN_NODE_00369,0,RN_ROAD_00415,RN_ROAD_00415,residential,,74.84001520024054,road_line_intersected_raster_cells_all_touched,mapped,4,0.007285322528332472,0.005120824498590082,0.007249296130612493,1.0,0.0,0.0,0.0
120_150,120,150,RN_ROAD_00417,RN_NODE_00395,RN_NODE_00389,0,RN_ROAD_00417,RN_ROAD_00417,residential,,36.64959388201751,road_line_intersected_raster_cells_all_touched,mapped,2,0.010857602581381798,0.009071462554857135,0.010500374576076865,1.0,0.0,0.0,0.0
120_150,120,150,RN_ROAD_00178,RN_NODE_00519,RN_NODE_00501,0,RN_ROAD_00178,RN_ROAD_00178,residential,,93.88153007625391,road_line_intersected_raster_cells_all_touched,mapped,4,0.00016252452041953802,9.153438713838113e-05,0.00015406979073304684,1.0,0.0,0.0,0.0
120_150,120,150,RN_ROAD_00179,RN_NODE_00509,RN_NODE_00514,0,RN_ROAD_00179,RN_ROAD_00179,residential,,66.49556106324535,road_line_intersected_raster_cells_all_touched,mapped,3,0.0011971142375841737,0.000748894662441065,0.0010803665965795517,1.0,0.0,0.0,0.0
120_150,120,150,RN_ROAD_00181,RN_NODE_00514,RN_NODE_00496,0,RN_ROAD_00181,RN_ROAD_00181,residential,,112.52595144851557,road_line_intersected_raster_cells_all_touched,mapped,5,0.005736914929002523,0.0027668978553265335,0.004504035133868456,1.0,0.0,0.0,0.0
120_150,120,150,RN_ROAD_00184,RN_NODE_00514,RN_NODE_00513,0,RN_ROAD_00184,RN_ROAD_00184,residential,,60.51136740802053,road_line_intersected_raster_cells_all_touched,mapped,3,0.0025918965693563223,0.001881650920646886,0.0024447056464850904,1.0,0.0,0.0,0.0
120_150,120,150,RN_ROAD_00180,RN_NODE_00496,RN_NODE_00492,0,RN_ROAD_00180,RN_ROAD_00180,residential,,24.837175012920326,road_line_intersected_raster_cells_all_touched,mapped,2,0.005736914929002523,0.0055295785423368216,0.005695447651669383,1.0,0.0,0.0,0.0
120_150,120,150,RN_ROAD_00183,RN_NODE_00496,RN_NODE_00495,0,RN_ROAD_00183,RN_ROAD_00183,residential,,38.61771156641344,road_line_intersected_raster_cells_all_touched,mapped,3,0.012887071818113327,0.010184581857174635,0.012695609219372272,1.0,0.0,0.0,0.0
120_150,120,150,RN_ROAD_00182,RN_NODE_00450,RN_NODE_00464,0,RN_ROAD_00182,RN_ROAD_00182,tertiary,['Madhavrao Peshve Marg'],49.44877547787121,road_line_intersected_raster_cells_all_touched,mapped,3,0.02920963428914547,0.01266801543533802,0.024651865102350713,1.0,0.3333333333333333,0.0,0.0
120_150,120,150,RN_ROAD_00189,RN_NODE_00450,RN_NODE_00459,0,RN_ROAD_00189,RN_ROAD_00189,residential,,40.03954017674623,road_line_intersected_raster_cells_all_touched,mapped,3,0.02920963428914547,0.012818418598423401,0.024742107000201942,1.0,0.3333333333333333,0.0,0.0
120_150,120,150,RN_ROAD_00197,RN_NODE_00450,RN_NODE_00448,0,RN_ROAD_00197,RN_ROAD_00197,residential,,53.21906804539485,road_line_intersected_raster_cells_all_touched,mapped,3,0.02920963428914547,0.01517245452851057,0.02525087967514992,1.0,0.3333333333333333,0.0,0.0
120_150,120,150,RN_ROAD_00186,RN_NODE_00464,RN_NODE_00462,0,RN_ROAD_00186,RN_ROAD_00186,residential,,42.44714316652112,road_line_intersected_raster_cells_all_touched,mapped,2,0.007059324532747269,0.0067400564439594746,0.00699547091498971,1.0,0.0,0.0,0.0
120_150,120,150,RN_ROAD_00187,RN_NODE_00464,RN_NODE_00484,0,RN_ROAD_00187,RN_ROAD_00187,tertiary,['Madhavrao Peshve Marg'],120.54935301446274,road_line_intersected_raster_cells_all_touched,mapped,7,0.009576469659805298,0.002798619621898979,0.007683060877025128,0.7142857142857143,0.0,0.0,0.0
120_150,120,150,RN_ROAD_00185,RN_NODE_00495,RN_NODE_00489,0,RN_ROAD_00185,RN_ROAD_00185,residential,,51.88566217261621,road_line_intersected_raster_cells_all_touched,mapped,3,0.023754673078656197,0.018461980546514194,0.022752577811479567,1.0,0.3333333333333333,0.0,0.0
120_150,120,150,RN_ROAD_00404,RN_NODE_00495,RN_NODE_00494,0,RN_ROAD_00404,RN_ROAD_00404,residential,,22.845177254038568,road_line_intersected_raster_cells_all_touched,mapped,1,0.012887071818113327,0.012887071818113327,0.012887071818113327,1.0,0.0,0.0,0.0
120_150,120,150,RN_ROAD_00405,RN_NODE_00513,RN_NODE_00494,0,RN_ROAD_00405,RN_ROAD_00405,residential,,113.3340964507249,road_line_intersected_raster_cells_all_touched,mapped,5,0.012887071818113327,0.005672879936173558,0.010378589853644371,1.0,0.0,0.0,0.0
120_150,120,150,RN_ROAD_00408,RN_NODE_00513,RN_NODE_00512,0,RN_ROAD_00408,RN_ROAD_00408,residential,,38.977716564484794,road_line_intersected_raster_cells_all_touched,mapped,3,0.0025918965693563223,0.0014856802930201714,0.002419816586188972,1.0,0.0,0.0,0.0
120_150,120,150,RN_ROAD_00409,RN_NODE_00462,RN_NODE_00482,0,RN_ROAD_00409,RN_ROAD_00409,residential,,125.91349719515188,road_line_intersected_raster_cells_all_touched,mapped,7,0.007059324532747269,0.0015594843776593084,0.004283468006178738,0.5714285714285714,0.0,0.0,0.0
120_150,120,150,RN_ROAD_00412,RN_NODE_00462,RN_NODE_00454,0,RN_ROAD_00412,RN_ROAD_00412,residential,,68.15802449183667,road_line_intersected_raster_cells_all_touched,mapped,5,0.007059324532747269,0.004580965964123607,0.006845553964376449,1.0,0.0,0.0,0.0
120_150,120,150,RN_ROAD_00407,RN_NODE_00484,RN_NODE_00493,0,RN_ROAD_00407,RN_ROAD_00407,tertiary,['Madhavrao Peshve Marg'],151.42783042971755,road_line_intersected_raster_cells_all_touched,mapped,6,0.02615516074001789,0.013903162558563054,0.02321997657418251,1.0,0.3333333333333333,0.0,0.0
120_150,120,150,RN_ROAD_00410,RN_NODE_00484,RN_NODE_00482,0,RN_ROAD_00410,RN_ROAD_00410,tertiary,['Baburao Phule Path'],43.36285704283589,road_line_intersected_raster_cells_all_touched,mapped,2,0.0022802904713898897,0.0018369911704212427,0.0021916306111961605,1.0,0.0,0.0,0.0
120_150,120,150,RN_ROAD_00192,RN_NODE_00422,RN_NODE_00424,0,RN_ROAD_00192,RN_ROAD_00192,primary,['Barrister Nath Pai Chowk'],3.454841232823886,road_line_intersected_raster_cells_all_touched,mapped,1,0.0055660284124314785,0.0055660284124314785,0.0055660284124314785,1.0,0.0,0.0,0.0
120_150,120,150,RN_ROAD_00194,RN_NODE_00424,RN_NODE_00430,0,RN_ROAD_00194,RN_ROAD_00194,primary,['Barrister Nath Pai Chowk'],16.27953871942635,road_line_intersected_raster_cells_all_touched,mapped,1,0.0055660284124314785,0.0055660284124314785,0.0055660284124314785,1.0,0.0,0.0,0.0
120_150,120,150,RN_ROAD_00394,RN_NODE_00424,RN_NODE_00419,0,RN_ROAD_00394,RN_ROAD_00394,primary,['Lalbahadur Shashtri Marg'],83.34327025328123,road_line_intersected_raster_cells_all_touched,mapped,5,0.028751252219080925,0.010173442773520947,0.02057038322091103,1.0,0.2,0.0,0.0
120_150,120,150,RN_ROAD_00196,RN_NODE_00430,RN_NODE_00429,0,RN_ROAD_00196,RN_ROAD_00196,primary,['Lalbahadur Shashtri Marg'],53.98639280086231,road_line_intersected_raster_cells_all_touched,mapped,3,0.0055660284124314785,0.00460562730828921,0.005455690156668425,1.0,0.0,0.0,0.0
120_150,120,150,RN_ROAD_00395,RN_NODE_00429,RN_NODE_00448,0,RN_ROAD_00395,RN_ROAD_00395,residential,,51.865832973703135,road_line_intersected_raster_cells_all_touched,mapped,3,0.0068918680772185326,0.0059976279735565186,0.006730830203741789,1.0,0.0,0.0,0.0
120_150,120,150,RN_ROAD_00397,RN_NODE_00429,RN_NODE_00420,0,RN_ROAD_00397,RN_ROAD_00397,primary,['Lalbahadur Shashtri Marg'],77.30501554487705,road_line_intersected_raster_cells_all_touched,mapped,4,0.050588518381118774,0.024131969432346523,0.04173022136092187,1.0,0.5,0.0,0.0
120_150,120,150,RN_ROAD_00398,RN_NODE_00448,RN_NODE_00439,0,RN_ROAD_00398,RN_ROAD_00398,residential,,76.575133742593,road_line_intersected_raster_cells_all_touched,mapped,4,0.01398035790771246,0.009572582668624818,0.013185678329318763,1.0,0.0,0.0,0.0
120_150,120,150,RN_ROAD_00198,RN_NODE_00166,RN_NODE_00165,0,RN_ROAD_00198,RN_ROAD_00198,tertiary,['Dattawadi Road'],23.711591631033937,road_line_intersected_raster_cells_all_touched,mapped,1,0.0003236696356907487,0.0003236696356907487,0.0003236696356907487,1.0,0.0,0.0,0.0
120_150,120,150,RN_ROAD_00199,RN_NODE_00166,RN_NODE_00141,0,RN_ROAD_00199,RN_ROAD_00199,residential,,61.1673939522506,road_line_intersected_raster_cells_all_touched,mapped,3,0.0003236696356907487,0.0001283133117719141,0.00027086681002401746,1.0,0.0,0.0,0.0
120_150,120,150,RN_ROAD_00200,RN_NODE_00141,RN_NODE_00140,0,RN_ROAD_00200,RN_ROAD_00200,residential,,42.2760922799476,road_line_intersected_raster_cells_all_touched,mapped,3,0.0002657563309185207,0.0001352276967357587,0.00024026745813898742,1.0,0.0,0.0,0.0
120_150,120,150,RN_ROAD_00207,RN_NODE_00141,RN_NODE_00110,0,RN_ROAD_00207,RN_ROAD_00207,residential,,148.47841605228805,road_line_intersected_raster_cells_all_touched,mapped,6,1.9754985260078683e-05,1.0592412062730242e-05,1.973978942260146e-05,1.0,0.0,0.0,0.0
120_150,120,150,RN_ROAD_00202,RN_NODE_00140,RN_NODE_00138,0,RN_ROAD_00202,RN_ROAD_00202,residential,,29.08650734321614,road_line_intersected_raster_cells_all_touched,mapped,1,0.0002657563309185207,0.0002657563309185207,0.0002657563309185207,1.0,0.0,0.0,0.0
120_150,120,150,RN_ROAD_00212,RN_NODE_00140,RN_NODE_00122,0,RN_ROAD_00212,RN_ROAD_00212,residential,,100.78909039161152,road_line_intersected_raster_cells_all_touched,mapped,4,0.0057455324567854404,0.0020341364288469777,0.004488282150123269,1.0,0.0,0.0,0.0
120_150,120,150,RN_ROAD_00205,RN_NODE_00138,RN_NODE_00139,0,RN_ROAD_00205,RN_ROAD_00205,residential,,20.0521726676243,road_line_intersected_raster_cells_all_touched,mapped,2,0.0024571067187935114,0.001361431524856016,0.0022379716800060125,1.0,0.0,0.0,0.0
120_150,120,150,RN_ROAD_00206,RN_NODE_00168,RN_NODE_00139,0,RN_ROAD_00206,RN_ROAD_00206,residential,,62.80789832791941,road_line_intersected_raster_cells_all_touched,mapped,3,0.0038711768575012684,0.002588142485668262,0.003588362829759717,1.0,0.0,0.0,0.0
120_150,120,150,RN_ROAD_00217,RN_NODE_00168,RN_NODE_00171,0,RN_ROAD_00217,RN_ROAD_00217,tertiary,['Dattawadi Road'],33.763713386290256,road_line_intersected_raster_cells_all_touched,mapped,3,0.0038711768575012684,0.002867923156979183,0.003690345771610737,1.0,0.0,0.0,0.0
120_150,120,150,RN_ROAD_00213,RN_NODE_00139,RN_NODE_00104,0,RN_ROAD_00213,RN_ROAD_00213,residential,,180.55598741026415,road_line_intersected_raster_cells_all_touched,mapped,7,0.00821338128298521,0.0031530575470242184,0.007071587536484004,1.0,0.0,0.0,0.0
120_150,120,150,RN_ROAD_00208,RN_NODE_00110,RN_NODE_00101,0,RN_ROAD_00208,RN_ROAD_00208,residential,,43.93787846212482,road_line_intersected_raster_cells_all_touched,mapped,1,1.0783885954879224e-05,1.0783885954879224e-05,1.0783885954879224e-05,1.0,0.0,0.0,0.0
120_150,120,150,RN_ROAD_00209,RN_NODE_00110,RN_NODE_00109,0,RN_ROAD_00209,RN_ROAD_00209,residential,,38.916777274479244,road_line_intersected_raster_cells_all_touched,mapped,2,1.7760628907126375e-05,1.42722574310028e-05,1.706295461190166e-05,1.0,0.0,0.0,0.0
120_150,120,150,RN_ROAD_00210,RN_NODE_00109,RN_NODE_00103,0,RN_ROAD_00210,RN_ROAD_00210,residential,,35.50854082983085,road_line_intersected_raster_cells_all_touched,mapped,2,1.7760628907126375e-05,1.4150149127090117e-05,1.7038532951119124e-05,1.0,0.0,0.0,0.0
120_150,120,150,RN_ROAD_00211,RN_NODE_00109,RN_NODE_00119,0,RN_ROAD_00211,RN_ROAD_00211,residential,,23.86233557837472,road_line_intersected_raster_cells_all_touched,mapped,2,3.1931802368490025e-05,2.48462156378082e-05,3.051468502235366e-05,1.0,0.0,0.0,0.0
120_150,120,150,RN_ROAD_00214,RN_NODE_00114,RN_NODE_00113,0,RN_ROAD_00214,RN_ROAD_00214,residential,,25.95861190557072,road_line_intersected_raster_cells_all_touched,mapped,2,0.007141216192394495,0.0036341158556751907,0.006439796125050634,1.0,0.0,0.0,0.0
120_150,120,150,RN_ROAD_00216,RN_NODE_00113,RN_NODE_00107,0,RN_ROAD_00216,RN_ROAD_00216,residential,,51.616018334058886,road_line_intersected_raster_cells_all_touched,mapped,3,0.007141216192394495,0.00280701078978988,0.005917984852567316,1.0,0.0,0.0,0.0
120_150,120,150,RN_ROAD_00229,RN_NODE_00113,RN_NODE_00120,0,RN_ROAD_00229,RN_ROAD_00229,residential,,25.687960609079266,road_line_intersected_raster_cells_all_touched,mapped,2,0.007141216192394495,0.005678956629708409,0.006848764279857278,1.0,0.0,0.0,0.0
120_150,120,150,RN_ROAD_00215,RN_NODE_00121,RN_NODE_00120,0,RN_ROAD_00215,RN_ROAD_00215,residential,,25.484884391371224,road_line_intersected_raster_cells_all_touched,mapped,2,0.004216697067022324,0.0035188825568184257,0.004077134164981544,1.0,0.0,0.0,0.0
120_150,120,150,RN_ROAD_00230,RN_NODE_00120,RN_NODE_00123,0,RN_ROAD_00230,RN_ROAD_00230,residential,,26.342550618373256,road_line_intersected_raster_cells_all_touched,mapped,2,0.006007034331560135,0.005111865699291229,0.005828000605106354,1.0,0.0,0.0,0.0
120_150,120,150,RN_ROAD_00218,RN_NODE_00171,RN_NODE_00185,0,RN_ROAD_00218,RN_ROAD_00218,residential,,34.60001570096885,road_line_intersected_raster_cells_all_touched,mapped,2,0.002297909464687109,0.00203174032503739,0.002244675636757165,1.0,0.0,0.0,0.0
120_150,120,150,RN_ROAD_00221,RN_NODE_00173,RN_NODE_00127,0,RN_ROAD_00221,RN_ROAD_00221,residential,,110.36880758273932,road_line_intersected_raster_cells_all_touched,mapped,5,0.011005468666553497,0.008182771876454354,0.010057003051042557,1.0,0.0,0.0,0.0
120_150,120,150,RN_ROAD_00232,RN_NODE_00127,RN_NODE_00125,0,RN_ROAD_00232,RN_ROAD_00232,residential,,33.8522105579885,road_line_intersected_raster_cells_all_touched,mapped,2,0.008593663573265076,0.007300348952412605,0.008335000649094582,1.0,0.0,0.0,0.0
120_150,120,150,RN_ROAD_00233,RN_NODE_00127,RN_NODE_00118,0,RN_ROAD_00233,RN_ROAD_00233,residential,,83.00094768295304,road_line_intersected_raster_cells_all_touched,mapped,4,0.008593663573265076,0.006489652791060507,0.008157929359003903,1.0,0.0,0.0,0.0
120_150,120,150,RN_ROAD_00223,RN_NODE_00129,RN_NODE_00130,0,RN_ROAD_00223,RN_ROAD_00223,residential,,32.89279538752702,road_line_intersected_raster_cells_all_touched,mapped,2,0.0020159746054559946,0.0018229143461212516,0.001977362553589046,1.0,0.0,0.0,0.0
120_150,120,150,RN_ROAD_00224,RN_NODE_00130,RN_NODE_00149,0,RN_ROAD_00224,RN_ROAD_00224,residential,,55.605474866051736,road_line_intersected_raster_cells_all_touched,mapped,3,0.012551480904221535,0.006417178626482685,0.010978000797331333,1.0,0.0,0.0,0.0
120_150,120,150,RN_ROAD_00225,RN_NODE_00130,RN_NODE_00132,0,RN_ROAD_00225,RN_ROAD_00225,residential,,34.538218934489144,road_line_intersected_raster_cells_all_touched,mapped,2,0.0020159746054559946,0.0018038771231658757,0.001973555108997971,1.0,0.0,0.0,0.0
120_150,120,150,RN_ROAD_00236,RN_NODE_00132,RN_NODE_00136,0,RN_ROAD_00236,RN_ROAD_00236,residential,,43.04473956607721,road_line_intersected_raster_cells_all_touched,mapped,3,0.01154260989278555,0.0069790151513492065,0.010794619098305702,1.0,0.0,0.0,0.0
120_150,120,150,RN_ROAD_00227,RN_NODE_00124,RN_NODE_00123,0,RN_ROAD_00227,RN_ROAD_00227,residential,,23.141031158802942,road_line_intersected_raster_cells_all_touched,mapped,2,0.006007034331560135,0.004886761773377657,0.005782979819923639,1.0,0.0,0.0,0.0
120_150,120,150,RN_ROAD_00231,RN_NODE_00123,RN_NODE_00125,0,RN_ROAD_00231,RN_ROAD_00231,residential,,27.65176740977875,road_line_intersected_raster_cells_all_touched,mapped,1,0.006007034331560135,0.006007034331560135,0.006007034331560135,1.0,0.0,0.0,0.0
120_150,120,150,RN_ROAD_00228,RN_NODE_00126,RN_NODE_00125,0,RN_ROAD_00228,RN_ROAD_00228,residential,,22.284229795471415,road_line_intersected_raster_cells_all_touched,mapped,3,0.006007034331560135,0.0049536147465308504,0.005823091603815556,1.0,0.0,0.0,0.0
120_150,120,150,RN_ROAD_00234,RN_NODE_00090,RN_NODE_00068,0,RN_ROAD_00234,RN_ROAD_00234,secondary,['Raja Mantri Path'],542.1684999454002,road_line_intersected_raster_cells_all_touched,mapped,23,0.14072565734386444,0.02483540894868581,0.06300213411450387,0.8260869565217391,0.34782608695652173,0.043478260869565216,0.0
120_150,120,150,RN_ROAD_00284,RN_NODE_00090,RN_NODE_00088,0,RN_ROAD_00284,RN_ROAD_00284,secondary_link,,8.880744024180427,road_line_intersected_raster_cells_all_touched,mapped,1,0.039614465087652206,0.039614465087652206,0.039614465087652206,1.0,1.0,0.0,0.0
120_150,120,150,RN_ROAD_00286,RN_NODE_00090,RN_NODE_00092,0,RN_ROAD_00286,RN_ROAD_00286,secondary,['Raja Mantri Path'],181.64061004240045,road_line_intersected_raster_cells_all_touched,mapped,7,0.039614465087652206,0.021291884992803847,0.0335739191621542,1.0,0.42857142857142855,0.0,0.0
120_150,120,150,RN_ROAD_00235,RN_NODE_00066,RN_NODE_00088,0,RN_ROAD_00235,RN_ROAD_00235,secondary,['Raja Mantri Path'],535.0824107204273,road_line_intersected_raster_cells_all_touched,mapped,23,0.14072565734386444,0.02522979301157529,0.06300213411450387,0.8260869565217391,0.34782608695652173,0.043478260869565216,0.0
120_150,120,150,RN_ROAD_00285,RN_NODE_00088,RN_NODE_00086,0,RN_ROAD_00285,RN_ROAD_00285,secondary,['Raja Mantri Path'],181.77458684106534,road_line_intersected_raster_cells_all_touched,mapped,7,0.039614465087652206,0.021291884992803847,0.0335739191621542,1.0,0.42857142857142855,0.0,0.0
120_150,120,150,RN_ROAD_00238,RN_NODE_00136,RN_NODE_00150,0,RN_ROAD_00238,RN_ROAD_00238,residential,,44.72295405595635,road_line_intersected_raster_cells_all_touched,mapped,2,0.01604447513818741,0.013793542515486479,0.015594288613647223,1.0,0.0,0.0,0.0
120_150,120,150,RN_ROAD_00240,RN_NODE_00136,RN_NODE_00164,0,RN_ROAD_00240,RN_ROAD_00240,residential,,102.0335001644682,road_line_intersected_raster_cells_all_touched,mapped,5,0.013974731788039207,0.010726340021938086,0.013001883029937744,1.0,0.0,0.0,0.0
120_150,120,150,RN_ROAD_00239,RN_NODE_00150,RN_NODE_00156,0,RN_ROAD_00239,RN_ROAD_00239,residential,,39.195136141472005,road_line_intersected_raster_cells_all_touched,mapped,3,0.01604447513818741,0.013215212151408195,0.015558784082531928,1.0,0.0,0.0,0.0
120_150,120,150,RN_ROAD_00242,RN_NODE_00156,RN_NODE_00164,0,RN_ROAD_00242,RN_ROAD_00242,residential,,26.861595267278346,road_line_intersected_raster_cells_all_touched,mapped,2,0.013616019859910011,0.011611239518970251,0.013215063791722059,1.0,0.0,0.0,0.0
120_150,120,150,RN_ROAD_00243,RN_NODE_00164,RN_NODE_00175,0,RN_ROAD_00243,RN_ROAD_00243,residential,,20.050148555016975,road_line_intersected_raster_cells_all_touched,mapped,2,0.009606459178030491,0.008913187310099602,0.009467804804444313,1.0,0.0,0.0,0.0
120_150,120,150,RN_ROAD_00245,RN_NODE_00175,RN_NODE_00174,0,RN_ROAD_00245,RN_ROAD_00245,residential,,37.245679728321754,road_line_intersected_raster_cells_all_touched,mapped,2,0.008219915442168713,0.007068501319736242,0.007989632617682218,1.0,0.0,0.0,0.0
120_150,120,150,RN_ROAD_00255,RN_NODE_00174,RN_NODE_00137,0,RN_ROAD_00255,RN_ROAD_00255,tertiary,,80.72682467278436,road_line_intersected_raster_cells_all_touched,mapped,4,0.01794424094259739,0.010562661336734891,0.015407299250364305,1.0,0.0,0.0,0.0
120_150,120,150,RN_ROAD_00246,RN_NODE_00048,RN_NODE_00047,0,RN_ROAD_00246,RN_ROAD_00246,residential,,17.21816858329121,road_line_intersected_raster_cells_all_touched,mapped,2,0.0,0.0,0.0,0.0,0.0,0.0,0.0
120_150,120,150,RN_ROAD_00247,RN_NODE_00048,RN_NODE_00042,0,RN_ROAD_00247,RN_ROAD_00247,residential,,22.173895446461863,road_line_intersected_raster_cells_all_touched,mapped,2,0.0,0.0,0.0,0.0,0.0,0.0,0.0
120_150,120,150,RN_ROAD_00248,RN_NODE_00048,RN_NODE_00051,0,RN_ROAD_00248,RN_ROAD_00248,residential,,17.273740242986737,road_line_intersected_raster_cells_all_touched,mapped,1,0.0,0.0,0.0,0.0,0.0,0.0,0.0
120_150,120,150,RN_ROAD_00249,RN_NODE_00026,RN_NODE_00025,0,RN_ROAD_00249,RN_ROAD_00249,tertiary,['Maai Mangeshkar Path'],7.738915070888369,road_line_intersected_raster_cells_all_touched,outside_valid_flood_grid,0,,,,,,,
120_150,120,150,RN_ROAD_00250,RN_NODE_00026,RN_NODE_00050,0,RN_ROAD_00250,RN_ROAD_00250,residential,,89.55329276010445,road_line_intersected_raster_cells_all_touched,mapped,3,0.0,0.0,0.0,0.0,0.0,0.0,0.0
120_150,120,150,RN_ROAD_00251,RN_NODE_00026,RN_NODE_00037,0,RN_ROAD_00251,RN_ROAD_00251,tertiary,['Maai Mangeshkar Path'],116.09553120361898,road_line_intersected_raster_cells_all_touched,mapped,5,0.0,0.0,0.0,0.0,0.0,0.0,0.0
120_150,120,150,RN_ROAD_00252,RN_NODE_00037,RN_NODE_00022,0,RN_ROAD_00252,RN_ROAD_00252,residential,,40.722524358066856,road_line_intersected_raster_cells_all_touched,mapped,2,0.0,0.0,0.0,0.0,0.0,0.0,0.0
120_150,120,150,RN_ROAD_00253,RN_NODE_00037,RN_NODE_00038,0,RN_ROAD_00253,RN_ROAD_00253,tertiary,['Maai Mangeshkar Path'],79.60523347943776,road_line_intersected_raster_cells_all_touched,mapped,5,0.0007502661901526153,0.00015005323803052306,0.00045015971409156924,0.2,0.0,0.0,0.0
120_150,120,150,RN_ROAD_00254,RN_NODE_00038,RN_NODE_00029,0,RN_ROAD_00254,RN_ROAD_00254,residential,,31.286873855373255,road_line_intersected_raster_cells_all_touched,mapped,2,0.0007502661901526153,0.00045093696826370433,0.0006904003457748331,1.0,0.0,0.0,0.0
120_150,120,150,RN_ROAD_00265,RN_NODE_00038,RN_NODE_00040,0,RN_ROAD_00265,RN_ROAD_00265,tertiary,['Maai Mangeshkar Path'],33.64313860129337,road_line_intersected_raster_cells_all_touched,mapped,2,0.0024005575105547905,0.001575411850353703,0.002235528378514573,1.0,0.0,0.0,0.0
120_150,120,150,RN_ROAD_00259,RN_NODE_00152,RN_NODE_00142,0,RN_ROAD_00259,RN_ROAD_00259,residential,,34.20403509709737,road_line_intersected_raster_cells_all_touched,mapped,3,3.4066645184793742e-06,1.1380394653315307e-06,2.726822390286543e-06,0.6666666666666666,0.0,0.0,0.0
120_150,120,150,RN_ROAD_00261,RN_NODE_00152,RN_NODE_00151,0,RN_ROAD_00261,RN_ROAD_00261,residential,,98.24234308064158,road_line_intersected_raster_cells_all_touched,mapped,4,1.8628478759552536e-09,4.657119689888134e-10,1.3039935131686778e-09,0.25,0.0,0.0,0.0
120_150,120,150,RN_ROAD_00262,RN_NODE_00177,RN_NODE_00151,0,RN_ROAD_00262,RN_ROAD_00262,residential,,38.66015217871509,road_line_intersected_raster_cells_all_touched,mapped,2,0.0,0.0,0.0,0.0,0.0,0.0,0.0
120_150,120,150,RN_ROAD_00263,RN_NODE_00151,RN_NODE_00147,0,RN_ROAD_00263,RN_ROAD_00263,residential,,64.18004141029843,road_line_intersected_raster_cells_all_touched,mapped,4,5.288563329486351e-07,2.839934190035365e-07,4.908460084607214e-07,0.75,0.0,0.0,0.0
120_150,120,150,RN_ROAD_00264,RN_NODE_00147,RN_NODE_00203,0,RN_ROAD_00264,RN_ROAD_00264,residential,,109.35263911703977,road_line_intersected_raster_cells_all_touched,mapped,4,0.0002900526742450893,0.00010075947243493033,0.00023687094799242916,0.75,0.0,0.0,0.0
120_150,120,150,RN_ROAD_00274,RN_NODE_00147,RN_NODE_00145,0,RN_ROAD_00274,RN_ROAD_00274,residential,,35.43034675538185,road_line_intersected_raster_cells_all_touched,mapped,2,5.602633973467164e-05,2.8115650913207446e-05,5.04442019703788e-05,1.0,0.0,0.0,0.0
120_150,120,150,RN_ROAD_00309,RN_NODE_00203,RN_NODE_00214,0,RN_ROAD_00309,RN_ROAD_00309,residential,,38.13737210872941,road_line_intersected_raster_cells_all_touched,mapped,2,0.001789866597391665,0.0010399596358183771,0.0016398852050770075,1.0,0.0,0.0,0.0
120_150,120,150,RN_ROAD_00310,RN_NODE_00203,RN_NODE_00204,0,RN_ROAD_00310,RN_ROAD_00310,residential,,37.89528305371548,road_line_intersected_raster_cells_all_touched,mapped,2,0.0003267223946750164,0.00030838753446005285,0.0003230554226320237,1.0,0.0,0.0,0.0
120_150,120,150,RN_ROAD_00266,RN_NODE_00040,RN_NODE_00033,0,RN_ROAD_00266,RN_ROAD_00266,residential,,32.29472785222386,road_line_intersected_raster_cells_all_touched,mapped,2,0.0024005575105547905,0.0017204907489940524,0.002264544158242643,1.0,0.0,0.0,0.0
120_150,120,150,RN_ROAD_00267,RN_NODE_00040,RN_NODE_00041,0,RN_ROAD_00267,RN_ROAD_00267,tertiary,['Maai Mangeshkar Path'],35.86743204986393,road_line_intersected_raster_cells_all_touched,mapped,2,0.009783247485756874,0.006091902498155832,0.009044978488236665,1.0,0.0,0.0,0.0
120_150,120,150,RN_ROAD_00268,RN_NODE_00041,RN_NODE_00032,0,RN_ROAD_00268,RN_ROAD_00268,living_street,,38.09073575062562,road_line_intersected_raster_cells_all_touched,mapped,2,0.009783247485756874,0.0057756780297495425,0.008981733594555407,1.0,0.0,0.0,0.0
120_150,120,150,RN_ROAD_00269,RN_NODE_00041,RN_NODE_00043,0,RN_ROAD_00269,RN_ROAD_00269,tertiary,['Maai Mangeshkar Path'],35.921159646361346,road_line_intersected_raster_cells_all_touched,mapped,2,0.016960326582193375,0.013371787033975124,0.016242618672549725,1.0,0.0,0.0,0.0
120_150,120,150,RN_ROAD_00270,RN_NODE_00043,RN_NODE_00035,0,RN_ROAD_00270,RN_ROAD_00270,living_street,,28.321194704419977,road_line_intersected_raster_cells_all_touched,mapped,2,0.016960326582193375,0.010155409690923989,0.015599343203939497,1.0,0.0,0.0,0.0
120_150,120,150,RN_ROAD_00271,RN_NODE_00043,RN_NODE_00045,0,RN_ROAD_00271,RN_ROAD_00271,tertiary,['Maai Mangeshkar Path'],45.21227035628405,road_line_intersected_raster_cells_all_touched,mapped,3,0.016960326582193375,0.013072293562193712,0.015825603902339936,1.0,0.0,0.0,0.0
120_150,120,150,RN_ROAD_00273,RN_NODE_00045,RN_NODE_00024,0,RN_ROAD_00273,RN_ROAD_00273,tertiary,['Imambhai Shekh Path'],97.52583126789406,road_line_intersected_raster_cells_all_touched,mapped,5,0.054260145872831345,0.02801634781062603,0.044565778225660324,1.0,0.8,0.0,0.0
120_150,120,150,RN_ROAD_00502,RN_NODE_00045,RN_NODE_00067,0,RN_ROAD_00502,RN_ROAD_00502,tertiary,,338.9663293358875,road_line_intersected_raster_cells_all_touched,mapped,14,0.01176823116838932,0.0040927181121982615,0.010545829776674513,1.0,0.0,0.0,0.0
120_150,120,150,RN_ROAD_00272,RN_NODE_00015,RN_NODE_00007,0,RN_ROAD_00272,RN_ROAD_00272,residential,,43.72583879407543,road_line_intersected_raster_cells_all_touched,mapped,2,0.002810233971104026,0.0017450227169319987,0.0025971917202696204,1.0,0.0,0.0,0.0
120_150,120,150,RN_ROAD_00497,RN_NODE_00024,RN_NODE_00036,0,RN_ROAD_00497,RN_ROAD_00497,residential,,42.04807444879407,road_line_intersected_raster_cells_all_touched,mapped,3,0.05741451680660248,0.04412704023222128,0.05678364261984825,1.0,1.0,0.0,0.0
120_150,120,150,RN_ROAD_00498,RN_NODE_00024,RN_NODE_00017,0,RN_ROAD_00498,RN_ROAD_00498,tertiary,['Imambhai Shekh Path'],54.42305386220086,road_line_intersected_raster_cells_all_touched,mapped,3,0.030360493808984756,0.021020828125377495,0.028429686650633813,1.0,0.6666666666666666,0.0,0.0
120_150,120,150,RN_ROAD_00275,RN_NODE_00145,RN_NODE_00158,0,RN_ROAD_00275,RN_ROAD_00275,residential,,36.58495124293622,road_line_intersected_raster_cells_all_touched,mapped,2,5.602633973467164e-05,4.7189610995701514e-05,5.425899398687761e-05,1.0,0.0,0.0,0.0
120_150,120,150,RN_ROAD_00277,RN_NODE_00145,RN_NODE_00144,0,RN_ROAD_00277,RN_ROAD_00277,residential,,35.00719862840988,road_line_intersected_raster_cells_all_touched,mapped,2,0.00010643684072420001,8.123159022943582e-05,0.00010139579062524717,1.0,0.0,0.0,0.0
120_150,120,150,RN_ROAD_00276,RN_NODE_00158,RN_NODE_00179,0,RN_ROAD_00276,RN_ROAD_00276,residential,,36.16329374852845,road_line_intersected_raster_cells_all_touched,mapped,2,0.00016486970707774162,0.00010161129466723651,0.0001522180245956406,1.0,0.0,0.0,0.0
120_150,120,150,RN_ROAD_00278,RN_NODE_00158,RN_NODE_00157,0,RN_ROAD_00278,RN_ROAD_00278,residential,,80.44428386777018,road_line_intersected_raster_cells_all_touched,mapped,3,0.0017521004192531109,0.001125693660772716,0.0017190058715641499,1.0,0.0,0.0,0.0
120_150,120,150,RN_ROAD_00279,RN_NODE_00179,RN_NODE_00155,0,RN_ROAD_00279,RN_ROAD_00279,residential,,148.95690401777097,road_line_intersected_raster_cells_all_touched,mapped,6,0.012982745654881,0.005525038635823876,0.010973053984344006,1.0,0.0,0.0,0.0
120_150,120,150,RN_ROAD_00312,RN_NODE_00179,RN_NODE_00204,0,RN_ROAD_00312,RN_ROAD_00312,residential,,37.95511146599418,road_line_intersected_raster_cells_all_touched,mapped,2,0.0003267223946750164,0.000245796050876379,0.00031053712591528894,1.0,0.0,0.0,0.0
120_150,120,150,RN_ROAD_00280,RN_NODE_00157,RN_NODE_00134,0,RN_ROAD_00280,RN_ROAD_00280,residential,,60.58073034544784,road_line_intersected_raster_cells_all_touched,mapped,3,0.0022319494746625423,0.0015508688908691208,0.0021359796635806562,1.0,0.0,0.0,0.0
120_150,120,150,RN_ROAD_00281,RN_NODE_00157,RN_NODE_00155,0,RN_ROAD_00281,RN_ROAD_00281,residential,,38.5710901617012,road_line_intersected_raster_cells_all_touched,mapped,3,0.0057477932423353195,0.003816028436024984,0.00538787292316556,1.0,0.0,0.0,0.0
120_150,120,150,RN_ROAD_00282,RN_NODE_00155,RN_NODE_00128,0,RN_ROAD_00282,RN_ROAD_00282,residential,,72.84714857744858,road_line_intersected_raster_cells_all_touched,mapped,4,0.0057477932423353195,0.0037535812880378217,0.005619093449786306,1.0,0.0,0.0,0.0
120_150,120,150,RN_ROAD_00283,RN_NODE_00155,RN_NODE_00153,0,RN_ROAD_00283,RN_ROAD_00283,residential,,34.60886720259333,road_line_intersected_raster_cells_all_touched,mapped,2,0.0057477932423353195,0.005621098913252354,0.005722454376518726,1.0,0.0,0.0,0.0
120_150,120,150,RN_ROAD_00288,RN_NODE_00153,RN_NODE_00092,0,RN_ROAD_00288,RN_ROAD_00288,secondary,['Anant Kanhere Path' 'Raveendra Mhatre Bridge'],311.4579766061257,road_line_intersected_raster_cells_all_touched,mapped,12,0.6458680033683777,0.11423535297217313,0.3322891175746918,1.0,0.3333333333333333,0.3333333333333333,0.16666666666666666
120_150,120,150,RN_ROAD_00524,RN_NODE_00153,RN_NODE_00202,0,RN_ROAD_00524,RN_ROAD_00524,secondary,['Anant Kanhere Path'],75.421502231172,road_line_intersected_raster_cells_all_touched,mapped,3,0.12694136798381805,0.04919463706513246,0.10458272211253644,1.0,0.3333333333333333,0.3333333333333333,0.0
120_150,120,150,RN_ROAD_00525,RN_NODE_00153,RN_NODE_00154,0,RN_ROAD_00525,RN_ROAD_00525,residential,,6.764455261674849,road_line_intersected_raster_cells_all_touched,mapped,1,0.005494404584169388,0.005494404584169388,0.005494404584169388,1.0,0.0,0.0,0.0
120_150,120,150,RN_ROAD_00287,RN_NODE_00086,RN_NODE_00092,0,RN_ROAD_00287,RN_ROAD_00287,secondary,['Raveendra Mhatre Bridge'],14.257326710582095,road_line_intersected_raster_cells_all_touched,mapped,1,0.014736441895365715,0.014736441895365715,0.014736441895365715,1.0,0.0,0.0,0.0
120_150,120,150,RN_ROAD_00290,RN_NODE_00086,RN_NODE_00067,0,RN_ROAD_00290,RN_ROAD_00290,secondary,['Amrutrao Khilare Path' 'Raveendra Mhatre Bridge'],198.1201234455136,road_line_intersected_raster_cells_all_touched,mapped,9,0.03404124826192856,0.010005596796367576,0.02803633660078049,1.0,0.2222222222222222,0.0,0.0
120_150,120,150,RN_ROAD_00289,RN_NODE_00069,RN_NODE_00154,0,RN_ROAD_00289,RN_ROAD_00289,secondary,['Anant Kanhere Path' 'Amrutrao Khilare Path' 'Raveendra Mhatre Bridge'],443.911033396087,road_line_intersected_raster_cells_all_touched,mapped,16,0.6458680033683777,0.08972102639972945,0.2752833068370819,1.0,0.375,0.25,0.125
120_150,120,150,RN_ROAD_00291,RN_NODE_00069,RN_NODE_00071,0,RN_ROAD_00291,RN_ROAD_00291,residential,['Gangaram Dhanvat Path'],42.18128420734655,road_line_intersected_raster_cells_all_touched,mapped,3,0.0023727354127913713,0.0012550664954081487,0.0021620584651827813,1.0,0.0,0.0,0.0
120_150,120,150,RN_ROAD_00535,RN_NODE_00069,RN_NODE_00064,0,RN_ROAD_00535,RN_ROAD_00535,secondary,['Amrutrao Khilare Path'],152.1298739438697,road_line_intersected_raster_cells_all_touched,mapped,8,0.010331209748983383,0.003488613602712576,0.006987112993374466,1.0,0.0,0.0,0.0
120_150,120,150,RN_ROAD_00526,RN_NODE_00154,RN_NODE_00169,0,RN_ROAD_00526,RN_ROAD_00526,secondary,['Anant Kanhere Path'],23.53416301472962,road_line_intersected_raster_cells_all_touched,mapped,1,0.005494404584169388,0.005494404584169388,0.005494404584169388,1.0,0.0,0.0,0.0
120_150,120,150,RN_ROAD_00529,RN_NODE_00154,RN_NODE_00159,0,RN_ROAD_00529,RN_ROAD_00529,residential,,45.867397533557956,road_line_intersected_raster_cells_all_touched,mapped,3,0.005494404584169388,0.004471375917394956,0.005250991135835647,1.0,0.0,0.0,0.0
120_150,120,150,RN_ROAD_00539,RN_NODE_00067,RN_NODE_00063,0,RN_ROAD_00539,RN_ROAD_00539,secondary,['Amrutrao Khilare Path'],86.28041586152774,road_line_intersected_raster_cells_all_touched,mapped,5,0.019317016005516052,0.010033664014190435,0.015722693502902986,1.0,0.0,0.0,0.0
120_150,120,150,RN_ROAD_00293,RN_NODE_00071,RN_NODE_00079,0,RN_ROAD_00293,RN_ROAD_00293,residential,,82.84060098201485,road_line_intersected_raster_cells_all_touched,mapped,4,0.0033778061624616385,0.0024048726190812886,0.0031469498295336965,1.0,0.0,0.0,0.0
120_150,120,150,RN_ROAD_00536,RN_NODE_00071,RN_NODE_00072,0,RN_ROAD_00536,RN_ROAD_00536,residential,['Gangaram Dhanvat Path'],35.06478297071743,road_line_intersected_raster_cells_all_touched,mapped,2,0.0013193506747484207,0.0010141705861315131,0.0012583146570250392,1.0,0.0,0.0,0.0
120_150,120,150,RN_ROAD_00292,RN_NODE_00082,RN_NODE_00079,0,RN_ROAD_00292,RN_ROAD_00292,residential,,31.523164508787627,road_line_intersected_raster_cells_all_touched,mapped,2,0.010182973928749561,0.006395629490725696,0.009425505041144788,1.0,0.0,0.0,0.0
120_150,120,150,RN_ROAD_00537,RN_NODE_00079,RN_NODE_00085,0,RN_ROAD_00537,RN_ROAD_00537,residential,,25.94260677024421,road_line_intersected_raster_cells_all_touched,mapped,3,0.005522442050278187,0.0029392029197576144,0.0049396106507629154,1.0,0.0,0.0,0.0
120_150,120,150,RN_ROAD_00298,RN_NODE_00263,RN_NODE_00271,0,RN_ROAD_00298,RN_ROAD_00298,residential,,83.57971270753288,road_line_intersected_raster_cells_all_touched,mapped,4,0.0231208186596632,0.0072438170172972605,0.017331123468466107,1.0,0.25,0.0,0.0
120_150,120,150,RN_ROAD_00300,RN_NODE_00263,RN_NODE_00262,0,RN_ROAD_00300,RN_ROAD_00300,residential,,64.60159491377381,road_line_intersected_raster_cells_all_touched,mapped,3,0.01241742167621851,0.004769794817548245,0.010145767475478351,1.0,0.0,0.0,0.0
120_150,120,150,RN_ROAD_00302,RN_NODE_00255,RN_NODE_00266,0,RN_ROAD_00302,RN_ROAD_00302,residential,,60.614729101893765,road_line_intersected_raster_cells_all_touched,mapped,4,0.1763545572757721,0.04700445954222232,0.12563372119329874,1.0,0.25,0.25,0.0
120_150,120,150,RN_ROAD_00325,RN_NODE_00266,RN_NODE_00281,0,RN_ROAD_00325,RN_ROAD_00325,residential,,54.02302575307796,road_line_intersected_raster_cells_all_touched,mapped,3,0.003534384537488222,0.0024430971825495362,0.0033097743056714536,1.0,0.0,0.0,0.0
120_150,120,150,RN_ROAD_00327,RN_NODE_00266,RN_NODE_00248,0,RN_ROAD_00327,RN_ROAD_00327,residential,,78.48356376330446,road_line_intersected_raster_cells_all_touched,mapped,4,0.0054270802065730095,0.0025141373625956476,0.0045223561581224205,1.0,0.0,0.0,0.0
120_150,120,150,RN_ROAD_00329,RN_NODE_00266,RN_NODE_00261,0,RN_ROAD_00329,RN_ROAD_00329,residential,,53.80249370302222,road_line_intersected_raster_cells_all_touched,mapped,3,0.002411333378404379,0.0010709720372688025,0.0020156734215561302,1.0,0.0,0.0,0.0
120_150,120,150,RN_ROAD_00326,RN_NODE_00281,RN_NODE_00286,0,RN_ROAD_00326,RN_ROAD_00326,residential,,31.860041724128912,road_line_intersected_raster_cells_all_touched,mapped,2,0.0013835736317560077,0.0010498969932086766,0.0013168383040465415,1.0,0.0,0.0,0.0
120_150,120,150,RN_ROAD_00311,RN_NODE_00214,RN_NODE_00206,0,RN_ROAD_00311,RN_ROAD_00311,tertiary,['Dattawadi Road'],59.030518953440364,road_line_intersected_raster_cells_all_touched,mapped,2,0.003504939377307892,0.0026474029873497784,0.003333432099316269,1.0,0.0,0.0,0.0
120_150,120,150,RN_ROAD_00313,RN_NODE_00204,RN_NODE_00206,0,RN_ROAD_00313,RN_ROAD_00313,residential,,18.035376463423137,road_line_intersected_raster_cells_all_touched,mapped,2,0.003504939377307892,0.0019158308859914541,0.0031871176790446046,1.0,0.0,0.0,0.0
120_150,120,150,RN_ROAD_00344,RN_NODE_00206,RN_NODE_00202,0,RN_ROAD_00344,RN_ROAD_00344,tertiary,['Dattawadi Road'],131.89614971042946,road_line_intersected_raster_cells_all_touched,mapped,7,0.12694136798381805,0.034105445723980665,0.09144151806831362,1.0,0.42857142857142855,0.14285714285714285,0.0
120_150,120,150,RN_ROAD_00315,RN_NODE_00334,RN_NODE_00335,0,RN_ROAD_00315,RN_ROAD_00315,residential,,31.58303292093578,road_line_intersected_raster_cells_all_touched,mapped,2,0.0017333574360236526,0.0012658361811190844,0.0016398531850427389,1.0,0.0,0.0,0.0
120_150,120,150,RN_ROAD_00318,RN_NODE_00335,RN_NODE_00333,0,RN_ROAD_00318,RN_ROAD_00318,residential,,3.484928869378495,road_line_intersected_raster_cells_all_touched,mapped,1,0.0007983149262145162,0.0007983149262145162,0.0007983149262145162,1.0,0.0,0.0,0.0
120_150,120,150,RN_ROAD_00321,RN_NODE_00333,RN_NODE_00332,0,RN_ROAD_00321,RN_ROAD_00321,residential,,43.10430892436066,road_line_intersected_raster_cells_all_touched,mapped,3,0.0010380487656220794,0.0006360114299847434,0.0009901019977405668,1.0,0.0,0.0,0.0
120_150,120,150,RN_ROAD_00323,RN_NODE_00312,RN_NODE_00332,0,RN_ROAD_00323,RN_ROAD_00323,residential,,52.250203462147866,road_line_intersected_raster_cells_all_touched,mapped,3,0.0006279553635977209,0.0002437117169999207,0.0005166984105017036,1.0,0.0,0.0,0.0
120_150,120,150,RN_ROAD_00334,RN_NODE_00312,RN_NODE_00310,0,RN_ROAD_00334,RN_ROAD_00334,residential,,28.0576508861656,road_line_intersected_raster_cells_all_touched,mapped,2,0.0006352901691570878,0.0003333996792207472,0.0005749120711698197,1.0,0.0,0.0,0.0
120_150,120,150,RN_ROAD_00335,RN_NODE_00332,RN_NODE_00331,0,RN_ROAD_00335,RN_ROAD_00335,residential,,26.537672219220823,road_line_intersected_raster_cells_all_touched,mapped,2,0.0012738355435431004,0.0006727530708303675,0.0011536190490005539,1.0,0.0,0.0,0.0
120_150,120,150,RN_ROAD_00338,RN_NODE_00347,RN_NODE_00331,0,RN_ROAD_00338,RN_ROAD_00338,residential,,48.091512749697046,road_line_intersected_raster_cells_all_touched,mapped,2,0.006773766595870256,0.004023801069706678,0.006223773490637541,1.0,0.0,0.0,0.0
120_150,120,150,RN_ROAD_00339,RN_NODE_00347,RN_NODE_00350,0,RN_ROAD_00339,RN_ROAD_00339,residential,,47.93089131735309,road_line_intersected_raster_cells_all_touched,mapped,2,0.006773766595870256,0.004905509878881276,0.00640011525247246,1.0,0.0,0.0,0.0
120_150,120,150,RN_ROAD_00414,RN_NODE_00347,RN_NODE_00369,0,RN_ROAD_00414,RN_ROAD_00414,residential,,61.737807633745184,road_line_intersected_raster_cells_all_touched,mapped,3,0.006773766595870256,0.0035218619741499424,0.005967483622953296,1.0,0.0,0.0,0.0
120_150,120,150,RN_ROAD_00328,RN_NODE_00286,RN_NODE_00289,0,RN_ROAD_00328,RN_ROAD_00328,residential,,17.343312796122525,road_line_intersected_raster_cells_all_touched,mapped,2,0.001955099171027541,0.0013356597628444433,0.0018312112893909215,1.0,0.0,0.0,0.0
120_150,120,150,RN_ROAD_00330,RN_NODE_00289,RN_NODE_00287,0,RN_ROAD_00330,RN_ROAD_00330,residential,,37.882267862748435,road_line_intersected_raster_cells_all_touched,mapped,2,0.005911676678806543,0.003933387924917042,0.005516018928028643,1.0,0.0,0.0,0.0
120_150,120,150,RN_ROAD_00336,RN_NODE_00289,RN_NODE_00310,0,RN_ROAD_00336,RN_ROAD_00336,residential,,58.816214549128475,road_line_intersected_raster_cells_all_touched,mapped,3,0.00400062371045351,0.0021970043502127132,0.0035915188025683166,1.0,0.0,0.0,0.0
120_150,120,150,RN_ROAD_00331,RN_NODE_00287,RN_NODE_00272,0,RN_ROAD_00331,RN_ROAD_00331,residential,['Krushnaji Gopal Ghanekar Path'],54.09113582582423,road_line_intersected_raster_cells_all_touched,mapped,3,0.01650676503777504,0.011472483320782581,0.015605213679373264,1.0,0.0,0.0,0.0
120_150,120,150,RN_ROAD_00332,RN_NODE_00287,RN_NODE_00288,0,RN_ROAD_00332,RN_ROAD_00332,residential,,40.303744394483715,road_line_intersected_raster_cells_all_touched,mapped,2,0.01831863634288311,0.012115156510844827,0.017077940376475455,1.0,0.0,0.0,0.0
120_150,120,150,RN_ROAD_00333,RN_NODE_00272,RN_NODE_00273,0,RN_ROAD_00333,RN_ROAD_00333,residential,,40.38747778918996,road_line_intersected_raster_cells_all_touched,mapped,2,0.01732051558792591,0.014659761916846037,0.016788364853709936,1.0,0.0,0.0,0.0
120_150,120,150,RN_ROAD_00354,RN_NODE_00272,RN_NODE_00237,0,RN_ROAD_00354,RN_ROAD_00354,residential,['Krushnaji Gopal Ghanekar Path'],155.52628067151952,road_line_intersected_raster_cells_all_touched,mapped,7,0.011999008245766163,0.005008436556506369,0.009816638939082623,1.0,0.0,0.0,0.0
120_150,120,150,RN_ROAD_00355,RN_NODE_00288,RN_NODE_00273,0,RN_ROAD_00355,RN_ROAD_00355,residential,['Kushaba Ganapati Ovhal Path'],53.153520018738426,road_line_intersected_raster_cells_all_touched,mapped,3,0.038066573441028595,0.024568575123945873,0.034116986021399495,1.0,0.3333333333333333,0.0,0.0
120_150,120,150,RN_ROAD_00365,RN_NODE_00288,RN_NODE_00309,0,RN_ROAD_00365,RN_ROAD_00365,residential,['Kushaba Ganapati Ovhal Path'],55.15465322981308,road_line_intersected_raster_cells_all_touched,mapped,3,0.01831863634288311,0.01294489111751318,0.016766287945210935,1.0,0.0,0.0,0.0
120_150,120,150,RN_ROAD_00356,RN_NODE_00273,RN_NODE_00237,0,RN_ROAD_00356,RN_ROAD_00356,residential,['Kushaba Ganapati Ovhal Path'],142.83177131115704,road_line_intersected_raster_cells_all_touched,mapped,6,0.01732051558792591,0.009123168614072105,0.015249144285917282,1.0,0.0,0.0,0.0
120_150,120,150,RN_ROAD_00357,RN_NODE_00273,RN_NODE_00274,0,RN_ROAD_00357,RN_ROAD_00357,residential,,51.19311605536175,road_line_intersected_raster_cells_all_touched,mapped,3,0.018598420545458794,0.01765428235133489,0.018342839553952217,1.0,0.0,0.0,0.0
120_150,120,150,RN_ROAD_00337,RN_NODE_00310,RN_NODE_00331,0,RN_ROAD_00337,RN_ROAD_00337,residential,,53.66610792366498,road_line_intersected_raster_cells_all_touched,mapped,3,0.0012738355435431004,0.000812302459962666,0.0011461264686658979,1.0,0.0,0.0,0.0
120_150,120,150,RN_ROAD_00341,RN_NODE_00310,RN_NODE_00309,0,RN_ROAD_00341,RN_ROAD_00341,residential,,75.7363203987582,road_line_intersected_raster_cells_all_touched,mapped,3,0.009959142655134201,0.004335070145316422,0.008449469646438957,1.0,0.0,0.0,0.0
120_150,120,150,RN_ROAD_00340,RN_NODE_00331,RN_NODE_00330,0,RN_ROAD_00340,RN_ROAD_00340,residential,,74.51475791982269,road_line_intersected_raster_cells_all_touched,mapped,3,0.00228649633936584,0.0016186657594516873,0.002088330150581896,1.0,0.0,0.0,0.0
120_150,120,150,RN_ROAD_00342,RN_NODE_00350,RN_NODE_00353,0,RN_ROAD_00342,RN_ROAD_00342,residential,,27.225136423844823,road_line_intersected_raster_cells_all_touched,mapped,3,0.0037788592744618654,0.0031066283117979765,0.003630538051947951,1.0,0.0,0.0,0.0
120_150,120,150,RN_ROAD_00418,RN_NODE_00350,RN_NODE_00368,0,RN_ROAD_00418,RN_ROAD_00418,residential,,56.929987482394445,road_line_intersected_raster_cells_all_touched,mapped,3,0.0072650969959795475,0.004939306915427248,0.006715191714465618,1.0,0.0,0.0,0.0
120_150,120,150,RN_ROAD_00343,RN_NODE_00330,RN_NODE_00309,0,RN_ROAD_00343,RN_ROAD_00343,residential,['Kushaba Ganapati Ovhal Path'],57.20658022555833,road_line_intersected_raster_cells_all_touched,mapped,3,0.009959142655134201,0.005624763900414109,0.008893044665455818,1.0,0.0,0.0,0.0
120_150,120,150,RN_ROAD_00364,RN_NODE_00330,RN_NODE_00353,0,RN_ROAD_00364,RN_ROAD_00364,residential,['Kushaba Ganapati Ovhal Path'],52.95372397223445,road_line_intersected_raster_cells_all_touched,mapped,3,0.0037788592744618654,0.0028563760376224914,0.0035238419193774463,1.0,0.0,0.0,0.0
120_150,120,150,RN_ROAD_00367,RN_NODE_00309,RN_NODE_00308,0,RN_ROAD_00367,RN_ROAD_00367,residential,,48.685081982286476,road_line_intersected_raster_cells_all_touched,mapped,3,0.0442839078605175,0.02884530896941821,0.04188570156693459,1.0,0.6666666666666666,0.0,0.0
120_150,120,150,RN_ROAD_00366,RN_NODE_00353,RN_NODE_00354,0,RN_ROAD_00366,RN_ROAD_00366,residential,,45.58737320488795,road_line_intersected_raster_cells_all_touched,mapped,3,0.011240879073739052,0.005531263304874301,0.009562530927360058,1.0,0.0,0.0,0.0
120_150,120,150,RN_ROAD_00345,RN_NODE_00202,RN_NODE_00201,0,RN_ROAD_00345,RN_ROAD_00345,tertiary,['Dattawadi Road'],14.590834250767971,road_line_intersected_raster_cells_all_touched,mapped,1,0.12694136798381805,0.12694136798381805,0.12694136798381805,1.0,1.0,1.0,0.0
120_150,120,150,RN_ROAD_00347,RN_NODE_00202,RN_NODE_00223,0,RN_ROAD_00347,RN_ROAD_00347,secondary,['Anant Kanhere Path'],77.6513222661988,road_line_intersected_raster_cells_all_touched,mapped,4,0.12694136798381805,0.060099653725046664,0.11851587221026422,1.0,0.5,0.25,0.0
120_150,120,150,RN_ROAD_00348,RN_NODE_00201,RN_NODE_00223,0,RN_ROAD_00348,RN_ROAD_00348,secondary,['Anant Kanhere Path'],70.49281105699869,road_line_intersected_raster_cells_all_touched,mapped,4,0.34683650732040405,0.1463549064937979,0.2808679655194283,1.0,0.75,0.5,0.25
120_150,120,150,RN_ROAD_00527,RN_NODE_00201,RN_NODE_00169,0,RN_ROAD_00527,RN_ROAD_00527,secondary,['Anant Kanhere Path'],51.49587636613036,road_line_intersected_raster_cells_all_touched,mapped,3,0.12694136798381805,0.04919463706513246,0.10458272211253644,1.0,0.3333333333333333,0.3333333333333333,0.0
120_150,120,150,RN_ROAD_00346,RN_NODE_00237,RN_NODE_00236,0,RN_ROAD_00346,RN_ROAD_00346,residential,['Oval Path'],50.88101900609627,road_line_intersected_raster_cells_all_touched,mapped,3,0.002019118284806609,0.0013542536568517487,0.0019220084650442004,1.0,0.0,0.0,0.0
120_150,120,150,RN_ROAD_00349,RN_NODE_00236,RN_NODE_00223,0,RN_ROAD_00349,RN_ROAD_00349,secondary,['Anant Kanhere Path'],22.888554038441548,road_line_intersected_raster_cells_all_touched,mapped,2,0.012785368598997593,0.007159468892496079,0.011660188657697291,1.0,0.0,0.0,0.0
120_150,120,150,RN_ROAD_00350,RN_NODE_00236,RN_NODE_00232,0,RN_ROAD_00350,RN_ROAD_00350,residential,['Oval Path'],51.52542500920623,road_line_intersected_raster_cells_all_touched,mapped,3,0.007622506469488144,0.004365486364501218,0.006886081863194705,1.0,0.0,0.0,0.0
120_150,120,150,RN_ROAD_00361,RN_NODE_00236,RN_NODE_00274,0,RN_ROAD_00361,RN_ROAD_00361,secondary,['Anant Kanhere Path'],153.02556378227789,road_line_intersected_raster_cells_all_touched,mapped,6,0.017043910920619965,0.006735055979030828,0.013963038567453623,1.0,0.0,0.0,0.0
120_150,120,150,RN_ROAD_00351,RN_NODE_00232,RN_NODE_00231,0,RN_ROAD_00351,RN_ROAD_00351,residential,['Oval Path'],9.606205677849413,road_line_intersected_raster_cells_all_touched,mapped,1,0.007622506469488144,0.007622506469488144,0.007622506469488144,1.0,0.0,0.0,0.0
120_150,120,150,RN_ROAD_00384,RN_NODE_00232,RN_NODE_00275,0,RN_ROAD_00384,RN_ROAD_00384,residential,['Navi Peth'],166.71370209157016,road_line_intersected_raster_cells_all_touched,mapped,6,0.01137215830385685,0.008437471464276314,0.010513281915336847,1.0,0.0,0.0,0.0
120_150,120,150,RN_ROAD_00352,RN_NODE_00231,RN_NODE_00217,0,RN_ROAD_00352,RN_ROAD_00352,residential,,31.320340411873552,road_line_intersected_raster_cells_all_touched,mapped,2,0.007622506469488144,0.007013174006715417,0.007500639976933598,1.0,0.0,0.0,0.0
120_150,120,150,RN_ROAD_00353,RN_NODE_00231,RN_NODE_00233,0,RN_ROAD_00353,RN_ROAD_00353,residential,['Oval Path'],36.63339705354481,road_line_intersected_raster_cells_all_touched,mapped,2,0.011483117938041687,0.009552812203764915,0.011097056791186333,1.0,0.0,0.0,0.0
120_150,120,150,RN_ROAD_00388,RN_NODE_00233,RN_NODE_00276,0,RN_ROAD_00388,RN_ROAD_00388,residential,['Oval Path'],166.0919306471388,road_line_intersected_raster_cells_all_touched,mapped,6,0.013207783922553062,0.011643263977020979,0.012676514219492674,1.0,0.0,0.0,0.0
120_150,120,150,RN_ROAD_00634,RN_NODE_00233,RN_NODE_00216,0,RN_ROAD_00634,RN_ROAD_00634,residential,,37.77862694551565,road_line_intersected_raster_cells_all_touched,mapped,3,0.011483117938041687,0.007432807236909866,0.010293283127248287,1.0,0.0,0.0,0.0
120_150,120,150,RN_ROAD_00360,RN_NODE_00274,RN_NODE_00283,0,RN_ROAD_00360,RN_ROAD_00360,secondary,['Anant Kanhere Path'],30.835908769960856,road_line_intersected_raster_cells_all_touched,mapped,2,0.018504628911614418,0.01777426991611719,0.018358557112514974,1.0,0.0,0.0,0.0
120_150,120,150,RN_ROAD_00362,RN_NODE_00274,RN_NODE_00275,0,RN_ROAD_00362,RN_ROAD_00362,residential,['Sant Tukaram Maharaj Road'],46.125753014015864,road_line_intersected_raster_cells_all_touched,mapped,3,0.017043910920619965,0.011683141191800436,0.015566009841859341,1.0,0.0,0.0,0.0
120_150,120,150,RN_ROAD_00358,RN_NODE_00296,RN_NODE_00292,0,RN_ROAD_00358,RN_ROAD_00358,secondary,['Anant Kanhere Path'],22.11040559802123,road_line_intersected_raster_cells_all_touched,mapped,2,0.042620062828063965,0.029291851446032524,0.039954420551657675,1.0,0.5,0.0,0.0
120_150,120,150,RN_ROAD_00363,RN_NODE_00296,RN_NODE_00295,0,RN_ROAD_00363,RN_ROAD_00363,residential,,76.73583658315671,road_line_intersected_raster_cells_all_touched,mapped,4,0.05518341809511185,0.03936870628967881,0.05141441151499748,1.0,1.0,0.0,0.0
120_150,120,150,RN_ROAD_00372,RN_NODE_00296,RN_NODE_00303,0,RN_ROAD_00372,RN_ROAD_00372,secondary,['Anant Kanhere Path'],22.97638368976205,road_line_intersected_raster_cells_all_touched,mapped,2,0.0442839078605175,0.04345198534429073,0.04411752335727215,1.0,1.0,0.0,0.0
120_150,120,150,RN_ROAD_00359,RN_NODE_00292,RN_NODE_00283,0,RN_ROAD_00359,RN_ROAD_00359,secondary,['Anant Kanhere Path'],26.186261774119217,road_line_intersected_raster_cells_all_touched,mapped,2,0.018504628911614418,0.01723413448780775,0.018250530026853083,1.0,0.0,0.0,0.0
120_150,120,150,RN_ROAD_00385,RN_NODE_00292,RN_NODE_00291,0,RN_ROAD_00385,RN_ROAD_00385,residential,['Bapu Eliya Ranbhise Path'],114.74911845768395,road_line_intersected_raster_cells_all_touched,mapped,5,0.04476422443985939,0.019220555294305088,0.033987616002559666,1.0,0.2,0.0,0.0
120_150,120,150,RN_ROAD_00386,RN_NODE_00283,RN_NODE_00282,0,RN_ROAD_00386,RN_ROAD_00386,residential,,113.75327527325297,road_line_intersected_raster_cells_all_touched,mapped,5,0.022084159776568413,0.016122090164572,0.021689809486269952,1.0,0.4,0.0,0.0
120_150,120,150,RN_ROAD_00387,RN_NODE_00275,RN_NODE_00276,0,RN_ROAD_00387,RN_ROAD_00387,residential,['Sant Tukaram Maharaj Road'],46.58922877272555,road_line_intersected_raster_cells_all_touched,mapped,2,0.011526292189955711,0.010590348858386278,0.011339103523641824,1.0,0.0,0.0,0.0
120_150,120,150,RN_ROAD_00368,RN_NODE_00354,RN_NODE_00341,0,RN_ROAD_00368,RN_ROAD_00368,secondary,['Anant Kanhere Path'],31.22431018041233,road_line_intersected_raster_cells_all_touched,mapped,2,0.023023629561066628,0.01713225431740284,0.02184535451233387,1.0,0.5,0.0,0.0
120_150,120,150,RN_ROAD_00425,RN_NODE_00354,RN_NODE_00365,0,RN_ROAD_00425,RN_ROAD_00425,secondary,['Anant Kanhere Path'],46.78394768455451,road_line_intersected_raster_cells_all_touched,mapped,2,0.024693865329027176,0.017967372201383114,0.023348566703498365,1.0,0.5,0.0,0.0
120_150,120,150,RN_ROAD_00428,RN_NODE_00354,RN_NODE_00355,0,RN_ROAD_00428,RN_ROAD_00428,residential,,44.76295201103551,road_line_intersected_raster_cells_all_touched,mapped,2,0.023622676730155945,0.0174317779019475,0.022384496964514257,1.0,0.5,0.0,0.0
120_150,120,150,RN_ROAD_00370,RN_NODE_00308,RN_NODE_00318,0,RN_ROAD_00370,RN_ROAD_00370,secondary,['Anant Kanhere Path'],43.97002413105344,road_line_intersected_raster_cells_all_touched,mapped,2,0.052291352301836014,0.04828763008117676,0.051490607857704165,1.0,1.0,0.0,0.0
120_150,120,150,RN_ROAD_00371,RN_NODE_00308,RN_NODE_00303,0,RN_ROAD_00371,RN_ROAD_00371,secondary,['Anant Kanhere Path'],5.852343388251984,road_line_intersected_raster_cells_all_touched,mapped,1,0.0442839078605175,0.0442839078605175,0.0442839078605175,1.0,1.0,0.0,0.0
120_150,120,150,RN_ROAD_00369,RN_NODE_00341,RN_NODE_00318,0,RN_ROAD_00369,RN_ROAD_00369,secondary,['Anant Kanhere Path'],37.55108276168134,road_line_intersected_raster_cells_all_touched,mapped,3,0.052291352301836014,0.03591451855997244,0.04831879660487175,1.0,1.0,0.0,0.0
120_150,120,150,RN_ROAD_00373,RN_NODE_00341,RN_NODE_00343,0,RN_ROAD_00373,RN_ROAD_00373,residential,,57.62190011561909,road_line_intersected_raster_cells_all_touched,mapped,3,0.0384170264005661,0.025339195194343727,0.03533834703266621,1.0,0.6666666666666666,0.0,0.0
120_150,120,150,RN_ROAD_00375,RN_NODE_00318,RN_NODE_00320,0,RN_ROAD_00375,RN_ROAD_00375,residential,['Dattatrey Malvadkar Path'],103.95219945977442,road_line_intersected_raster_cells_all_touched,mapped,4,0.052291352301836014,0.03210829896852374,0.04914751946926117,1.0,0.75,0.0,0.0
120_150,120,150,RN_ROAD_00374,RN_NODE_00303,RN_NODE_00302,0,RN_ROAD_00374,RN_ROAD_00374,residential,['Bala Raut Path'],100.86042901901577,road_line_intersected_raster_cells_all_touched,mapped,4,0.04585600644350052,0.03807762684300542,0.045384376868605615,1.0,1.0,0.0,0.0
120_150,120,150,RN_ROAD_00377,RN_NODE_00302,RN_NODE_00320,0,RN_ROAD_00377,RN_ROAD_00377,residential,,54.41554678839753,road_line_intersected_raster_cells_all_touched,mapped,2,0.02662631683051586,0.01952254492789507,0.025205562449991704,1.0,0.5,0.0,0.0
120_150,120,150,RN_ROAD_00378,RN_NODE_00302,RN_NODE_00301,0,RN_ROAD_00378,RN_ROAD_00378,residential,['Bala Raut Path'],17.25889386682857,road_line_intersected_raster_cells_all_touched,mapped,2,0.02662631683051586,0.021750301122665405,0.02565111368894577,1.0,0.5,0.0,0.0
120_150,120,150,RN_ROAD_00379,RN_NODE_00320,RN_NODE_00325,0,RN_ROAD_00379,RN_ROAD_00379,residential,['Dattatrey Malvadkar Path'],64.52860259913493,road_line_intersected_raster_cells_all_touched,mapped,4,0.012418773025274277,0.010087615577504039,0.012215621955692767,1.0,0.0,0.0,0.0
120_150,120,150,RN_ROAD_00376,RN_NODE_00352,RN_NODE_00355,0,RN_ROAD_00376,RN_ROAD_00376,residential,,33.30389947901987,road_line_intersected_raster_cells_all_touched,mapped,2,0.023622676730155945,0.021581142209470272,0.02321436982601881,1.0,0.5,0.0,0.0
120_150,120,150,RN_ROAD_00432,RN_NODE_00355,RN_NODE_00363,0,RN_ROAD_00432,RN_ROAD_00432,residential,,44.58497188028427,road_line_intersected_raster_cells_all_touched,mapped,2,0.023622676730155945,0.01894495263695717,0.022687131911516188,1.0,0.5,0.0,0.0
120_150,120,150,RN_ROAD_00380,RN_NODE_00301,RN_NODE_00300,0,RN_ROAD_00380,RN_ROAD_00380,residential,['Bala Raut Path'],50.21898246564194,road_line_intersected_raster_cells_all_touched,mapped,3,0.01687428541481495,0.008117097973202666,0.014461510442197324,1.0,0.0,0.0,0.0
120_150,120,150,RN_ROAD_00392,RN_NODE_00301,RN_NODE_00291,0,RN_ROAD_00392,RN_ROAD_00392,residential,,44.18831364726318,road_line_intersected_raster_cells_all_touched,mapped,3,0.01687428541481495,0.01229846989735961,0.016285581700503825,1.0,0.0,0.0,0.0
120_150,120,150,RN_ROAD_00381,RN_NODE_00325,RN_NODE_00300,0,RN_ROAD_00381,RN_ROAD_00381,residential,,61.35590635660984,road_line_intersected_raster_cells_all_touched,mapped,4,0.010833919048309326,0.0069789173430763185,0.010465165879577399,1.0,0.0,0.0,0.0
120_150,120,150,RN_ROAD_00382,RN_NODE_00325,RN_NODE_00322,0,RN_ROAD_00382,RN_ROAD_00382,residential,['Dattatrey Malvadkar Path'],12.588276999794445,road_line_intersected_raster_cells_all_touched,mapped,2,0.0096047418192029,0.006369605776853859,0.008957714610733091,1.0,0.0,0.0,0.0
120_150,120,150,RN_ROAD_00625,RN_NODE_00300,RN_NODE_00299,0,RN_ROAD_00625,RN_ROAD_00625,residential,['Bala Raut Path'],169.33262027577143,road_line_intersected_raster_cells_all_touched,mapped,7,0.045650407671928406,0.01569017325527966,0.029197010025382053,1.0,0.14285714285714285,0.0,0.0
120_150,120,150,RN_ROAD_00383,RN_NODE_00322,RN_NODE_00324,0,RN_ROAD_00383,RN_ROAD_00383,residential,['Dattatrey Malvadkar Path'],34.971618717144,road_line_intersected_raster_cells_all_touched,mapped,2,0.005924374330788851,0.004529422032646835,0.005645383871160448,1.0,0.0,0.0,0.0
120_150,120,150,RN_ROAD_00469,RN_NODE_00322,RN_NODE_00393,0,RN_ROAD_00469,RN_ROAD_00469,residential,['M. K. Hardikar Path'],188.1514134905197,road_line_intersected_raster_cells_all_touched,mapped,7,0.018234767019748688,0.005990480970857399,0.011574144661426547,1.0,0.0,0.0,0.0
120_150,120,150,RN_ROAD_00472,RN_NODE_00324,RN_NODE_00390,0,RN_ROAD_00472,RN_ROAD_00472,residential,['Nanasaheb Shendkar Path'],180.15976327610346,road_line_intersected_raster_cells_all_touched,mapped,7,0.016974374651908875,0.009277665056288242,0.013318298012018205,1.0,0.0,0.0,0.0
120_150,120,150,RN_ROAD_00624,RN_NODE_00324,RN_NODE_00323,0,RN_ROAD_00624,RN_ROAD_00624,residential,['Dattatrey Malvadkar Path'],15.360988617277298,road_line_intersected_raster_cells_all_touched,mapped,2,0.005924374330788851,0.004746348829939961,0.005688769230619073,1.0,0.0,0.0,0.0
120_150,120,150,RN_ROAD_00390,RN_NODE_00291,RN_NODE_00282,0,RN_ROAD_00390,RN_ROAD_00390,residential,,26.172660671500964,road_line_intersected_raster_cells_all_touched,mapped,2,0.006090357434004545,0.005073782987892628,0.0058870425447821615,1.0,0.0,0.0,0.0
120_150,120,150,RN_ROAD_00393,RN_NODE_00291,RN_NODE_00285,0,RN_ROAD_00393,RN_ROAD_00393,residential,,220.02800234651528,road_line_intersected_raster_cells_all_touched,mapped,8,0.025022808462381363,0.01044094021199271,0.020930954441428184,1.0,0.125,0.0,0.0
120_150,120,150,RN_ROAD_00391,RN_NODE_00282,RN_NODE_00277,0,RN_ROAD_00391,RN_ROAD_00391,residential,,29.66736049448955,road_line_intersected_raster_cells_all_touched,mapped,2,0.00814954936504364,0.006103378953412175,0.007740315282717347,1.0,0.0,0.0,0.0
120_150,120,150,RN_ROAD_00389,RN_NODE_00276,RN_NODE_00277,0,RN_ROAD_00389,RN_ROAD_00389,residential,['Sant Tukaram Maharaj Road'],19.87504316425158,road_line_intersected_raster_cells_all_touched,mapped,2,0.011526292189955711,0.009837920777499676,0.011188617907464504,1.0,0.0,0.0,0.0
120_150,120,150,RN_ROAD_00622,RN_NODE_00277,RN_NODE_00285,0,RN_ROAD_00622,RN_ROAD_00622,residential,['Sant Tukaram Maharaj Road'],265.5831756601439,road_line_intersected_raster_cells_all_touched,mapped,10,0.025022808462381363,0.011365607928019017,0.019632357917726037,1.0,0.1,0.0,0.0
120_150,120,150,RN_ROAD_00623,RN_NODE_00285,RN_NODE_00299,0,RN_ROAD_00623,RN_ROAD_00623,residential,,46.43267755042668,road_line_intersected_raster_cells_all_touched,mapped,2,0.045650407671928406,0.035336608067154884,0.0435876477509737,1.0,1.0,0.0,0.0
120_150,120,150,RN_ROAD_00399,RN_NODE_00419,RN_NODE_00417,0,RN_ROAD_00399,RN_ROAD_00399,primary,['Lalbahadur Shashtri Marg'],37.048235669761226,road_line_intersected_raster_cells_all_touched,mapped,2,0.050588518381118774,0.03966988530009985,0.04840479176491499,1.0,1.0,0.0,0.0
120_150,120,150,RN_ROAD_00402,RN_NODE_00420,RN_NODE_00439,0,RN_ROAD_00402,RN_ROAD_00402,residential,['Pradeep Deshpande Path'],45.670575313635425,road_line_intersected_raster_cells_all_touched,mapped,3,0.050588518381118774,0.0276602686693271,0.04468298703432083,1.0,0.6666666666666666,0.0,0.0
120_150,120,150,RN_ROAD_00436,RN_NODE_00420,RN_NODE_00413,0,RN_ROAD_00436,RN_ROAD_00436,primary,['Lalbahadur Shashtri Marg'],84.37336997027148,road_line_intersected_raster_cells_all_touched,mapped,4,0.050588518381118774,0.025945319794118404,0.04187851622700692,1.0,0.5,0.0,0.0
120_150,120,150,RN_ROAD_00434,RN_NODE_00439,RN_NODE_00454,0,RN_ROAD_00434,RN_ROAD_00434,residential,['Pradeep Deshpande Path'],45.17923150069771,road_line_intersected_raster_cells_all_touched,mapped,3,0.011331425979733467,0.007759164087474346,0.010370120406150818,1.0,0.0,0.0,0.0
120_150,120,150,RN_ROAD_00439,RN_NODE_00439,RN_NODE_00426,0,RN_ROAD_00439,RN_ROAD_00439,residential,,127.12545991830288,road_line_intersected_raster_cells_all_touched,mapped,6,0.028428392484784126,0.01833146174127857,0.02698015794157982,1.0,0.5,0.0,0.0
120_150,120,150,RN_ROAD_00400,RN_NODE_00417,RN_NODE_00409,0,RN_ROAD_00400,RN_ROAD_00400,residential,,29.52819449223829,road_line_intersected_raster_cells_all_touched,mapped,3,0.050588518381118774,0.026454496197402477,0.04362152107059956,1.0,0.3333333333333333,0.0,0.0
120_150,120,150,RN_ROAD_00401,RN_NODE_00417,RN_NODE_00415,0,RN_ROAD_00401,RN_ROAD_00401,primary,['Lalbahadur Shashtri Marg'],21.926627960400815,road_line_intersected_raster_cells_all_touched,mapped,1,0.050588518381118774,0.050588518381118774,0.050588518381118774,1.0,1.0,0.0,0.0
120_150,120,150,RN_ROAD_00403,RN_NODE_00415,RN_NODE_00408,0,RN_ROAD_00403,RN_ROAD_00403,residential,,32.51968597027993,road_line_intersected_raster_cells_all_touched,mapped,2,0.050588518381118774,0.031804978381842375,0.046831810381263494,1.0,0.5,0.0,0.0
120_150,120,150,RN_ROAD_00435,RN_NODE_00415,RN_NODE_00412,0,RN_ROAD_00435,RN_ROAD_00435,primary,['Lalbahadur Shashtri Marg'],42.87310654856027,road_line_intersected_raster_cells_all_touched,mapped,4,0.050588518381118774,0.03190059494227171,0.047146988287568095,1.0,0.75,0.0,0.0
120_150,120,150,RN_ROAD_00406,RN_NODE_00494,RN_NODE_00493,0,RN_ROAD_00406,RN_ROAD_00406,residential,,29.8624998855163,road_line_intersected_raster_cells_all_touched,mapped,2,0.014545908197760582,0.013716490007936954,0.014380024559795857,1.0,0.0,0.0,0.0
120_150,120,150,RN_ROAD_00411,RN_NODE_00493,RN_NODE_00506,0,RN_ROAD_00411,RN_ROAD_00411,tertiary,['Madhavrao Peshve Marg'],81.29225901791045,road_line_intersected_raster_cells_all_touched,mapped,5,0.014545908197760582,0.0039607627142686395,0.010099654830992223,1.0,0.0,0.0,0.0
120_150,120,150,RN_ROAD_00413,RN_NODE_00512,RN_NODE_00506,0,RN_ROAD_00413,RN_ROAD_00413,tertiary,['Madhavrao Peshve Marg'],32.75289325275549,road_line_intersected_raster_cells_all_touched,mapped,2,0.00026379735209047794,0.00019872250413754955,0.0002507823824998923,1.0,0.0,0.0,0.0
120_150,120,150,RN_ROAD_00444,RN_NODE_00512,RN_NODE_00520,0,RN_ROAD_00444,RN_ROAD_00444,tertiary,['Madhavrao Peshve Marg'],5.836942469150605,road_line_intersected_raster_cells_all_touched,mapped,1,0.00013364765618462116,0.00013364765618462116,0.00013364765618462116,1.0,0.0,0.0,0.0
120_150,120,150,RN_ROAD_00445,RN_NODE_00482,RN_NODE_00483,0,RN_ROAD_00445,RN_ROAD_00445,tertiary,['Baburao Phule Path'],36.95206416045516,road_line_intersected_raster_cells_all_touched,mapped,2,0.0013936918694525957,0.0010218671814072877,0.0013193269318435342,1.0,0.0,0.0,0.0
120_150,120,150,RN_ROAD_00450,RN_NODE_00506,RN_NODE_00504,0,RN_ROAD_00450,RN_ROAD_00450,residential,['Dake Road'],119.32477565561615,road_line_intersected_raster_cells_all_touched,mapped,4,0.0003227059787604958,0.0001572752307765768,0.00030503339075949043,0.75,0.0,0.0,0.0
120_150,120,150,RN_ROAD_00440,RN_NODE_00454,RN_NODE_00444,0,RN_ROAD_00440,RN_ROAD_00440,residential,,116.7417009508058,road_line_intersected_raster_cells_all_touched,mapped,5,0.015137054026126862,0.006979084108024836,0.011429856531322002,1.0,0.0,0.0,0.0
120_150,120,150,RN_ROAD_00446,RN_NODE_00454,RN_NODE_00473,0,RN_ROAD_00446,RN_ROAD_00446,residential,['Pradeep Deshpande Path'],59.204013992992756,road_line_intersected_raster_cells_all_touched,mapped,3,0.00542116817086935,0.002093282217780749,0.0045086702331900595,0.6666666666666666,0.0,0.0,0.0
120_150,120,150,RN_ROAD_00416,RN_NODE_00369,RN_NODE_00368,0,RN_ROAD_00416,RN_ROAD_00416,residential,,46.71954841931958,road_line_intersected_raster_cells_all_touched,mapped,2,0.0072650969959795475,0.004157282295636833,0.0066435340559110045,1.0,0.0,0.0,0.0
120_150,120,150,RN_ROAD_00421,RN_NODE_00368,RN_NODE_00388,0,RN_ROAD_00421,RN_ROAD_00421,residential,,63.604879904668465,road_line_intersected_raster_cells_all_touched,mapped,5,0.008897680789232254,0.005897766165435314,0.008244647271931171,1.0,0.0,0.0,0.0
120_150,120,150,RN_ROAD_00419,RN_NODE_00389,RN_NODE_00388,0,RN_ROAD_00419,RN_ROAD_00419,residential,,9.46226028981026,road_line_intersected_raster_cells_all_touched,mapped,2,0.010857602581381798,0.006711464608088136,0.010028374986723066,1.0,0.0,0.0,0.0
120_150,120,150,RN_ROAD_00420,RN_NODE_00389,RN_NODE_00406,0,RN_ROAD_00420,RN_ROAD_00420,residential,,37.35535506606383,road_line_intersected_raster_cells_all_touched,mapped,3,0.015753531828522682,0.013210857597490152,0.015207113139331341,1.0,0.0,0.0,0.0
120_150,120,150,RN_ROAD_00422,RN_NODE_00388,RN_NODE_00386,0,RN_ROAD_00422,RN_ROAD_00422,residential,,41.858169417278205,road_line_intersected_raster_cells_all_touched,mapped,3,0.010096252895891666,0.007186420106639464,0.009856538474559784,1.0,0.0,0.0,0.0
120_150,120,150,RN_ROAD_00423,RN_NODE_00386,RN_NODE_00372,0,RN_ROAD_00423,RN_ROAD_00423,residential,,39.76098143899691,road_line_intersected_raster_cells_all_touched,mapped,2,0.010096252895891666,0.008367953822016716,0.009750593081116676,1.0,0.0,0.0,0.0
120_150,120,150,RN_ROAD_00424,RN_NODE_00386,RN_NODE_00382,0,RN_ROAD_00424,RN_ROAD_00424,residential,,36.68756445483834,road_line_intersected_raster_cells_all_touched,mapped,2,0.03185165673494339,0.020973954815417528,0.029676116351038218,1.0,0.5,0.0,0.0
120_150,120,150,RN_ROAD_00426,RN_NODE_00382,RN_NODE_00365,0,RN_ROAD_00426,RN_ROAD_00426,secondary,['Anant Kanhere Path'],52.09119030933215,road_line_intersected_raster_cells_all_touched,mapped,3,0.03461230918765068,0.030385943750540417,0.03406017869710922,1.0,1.0,0.0,0.0
120_150,120,150,RN_ROAD_00427,RN_NODE_00382,RN_NODE_00392,0,RN_ROAD_00427,RN_ROAD_00427,secondary,['Anant Kanhere Path'],29.14387282663369,road_line_intersected_raster_cells_all_touched,mapped,2,0.03185165673494339,0.022855492774397135,0.03005242394283414,1.0,0.5,0.0,0.0
120_150,120,150,RN_ROAD_00430,RN_NODE_00365,RN_NODE_00363,0,RN_ROAD_00430,RN_ROAD_00430,residential,,42.26531024380577,road_line_intersected_raster_cells_all_touched,mapped,2,0.024693865329027176,0.019480546936392784,0.023651201650500296,1.0,0.5,0.0,0.0
120_150,120,150,RN_ROAD_00429,RN_NODE_00392,RN_NODE_00410,0,RN_ROAD_00429,RN_ROAD_00429,secondary,['Anant Kanhere Path'],43.015859018720306,road_line_intersected_raster_cells_all_touched,mapped,3,0.02549656666815281,0.018190233036875725,0.023440214060246944,1.0,0.3333333333333333,0.0,0.0
120_150,120,150,RN_ROAD_00431,RN_NODE_00392,RN_NODE_00379,0,RN_ROAD_00431,RN_ROAD_00431,residential,,67.47958640276215,road_line_intersected_raster_cells_all_touched,mapped,5,0.015214803628623486,0.012360602244734764,0.014672613702714443,1.0,0.0,0.0,0.0
120_150,120,150,RN_ROAD_00438,RN_NODE_00410,RN_NODE_00412,0,RN_ROAD_00438,RN_ROAD_00438,primary,['Lalbahadur Shashtri Marg'],28.276852390253246,road_line_intersected_raster_cells_all_touched,mapped,2,0.0391167514026165,0.032306659035384655,0.03775473292917013,1.0,1.0,0.0,0.0
120_150,120,150,RN_ROAD_00441,RN_NODE_00410,RN_NODE_00413,0,RN_ROAD_00441,RN_ROAD_00441,secondary,['Anant Kanhere Path'],10.832316891595964,road_line_intersected_raster_cells_all_touched,mapped,2,0.02549656666815281,0.020396108739078045,0.024476475082337856,1.0,0.5,0.0,0.0
120_150,120,150,RN_ROAD_00442,RN_NODE_00410,RN_NODE_00407,0,RN_ROAD_00442,RN_ROAD_00442,primary,['Lalbahadur Shashtri Marg'],36.96143514401809,road_line_intersected_raster_cells_all_touched,mapped,2,0.03053082711994648,0.028013696894049644,0.03002740107476711,1.0,1.0,0.0,0.0
120_150,120,150,RN_ROAD_00433,RN_NODE_00363,RN_NODE_00379,0,RN_ROAD_00433,RN_ROAD_00433,residential,,48.569567192436125,road_line_intersected_raster_cells_all_touched,mapped,3,0.025537893176078796,0.017812622090180714,0.023283760249614715,1.0,0.3333333333333333,0.0,0.0
120_150,120,150,RN_ROAD_00465,RN_NODE_00379,RN_NODE_00378,0,RN_ROAD_00465,RN_ROAD_00465,residential,,28.477795101738316,road_line_intersected_raster_cells_all_touched,mapped,2,0.013632744550704956,0.010709146037697792,0.013048024848103523,1.0,0.0,0.0,0.0
120_150,120,150,RN_ROAD_00437,RN_NODE_00412,RN_NODE_00401,0,RN_ROAD_00437,RN_ROAD_00437,residential,,30.235439957684452,road_line_intersected_raster_cells_all_touched,mapped,2,0.0391167514026165,0.035604652017354965,0.03841433152556419,1.0,1.0,0.0,0.0
120_150,120,150,RN_ROAD_00443,RN_NODE_00413,RN_NODE_00411,0,RN_ROAD_00443,RN_ROAD_00443,primary,['Lalbahadur Shashtri Marg'],37.66370862797395,road_line_intersected_raster_cells_all_touched,mapped,3,0.03053082711994648,0.023774348199367523,0.029523975029587746,1.0,0.6666666666666666,0.0,0.0
120_150,120,150,RN_ROAD_00455,RN_NODE_00426,RN_NODE_00411,0,RN_ROAD_00455,RN_ROAD_00455,residential,['Madanlal Dangi Path'],47.704587631400855,road_line_intersected_raster_cells_all_touched,mapped,3,0.03053082711994648,0.017015747725963593,0.026525053195655346,1.0,0.3333333333333333,0.0,0.0
120_150,120,150,RN_ROAD_00456,RN_NODE_00426,RN_NODE_00444,0,RN_ROAD_00456,RN_ROAD_00456,residential,['Madanlal Dangi Path'],45.50539702809692,road_line_intersected_raster_cells_all_touched,mapped,2,0.010014458559453487,0.00792431435547769,0.009596429718658327,1.0,0.0,0.0,0.0
120_150,120,150,RN_ROAD_00458,RN_NODE_00426,RN_NODE_00416,0,RN_ROAD_00458,RN_ROAD_00458,residential,,82.27627804726039,road_line_intersected_raster_cells_all_touched,mapped,5,0.019695095717906952,0.00963474465534091,0.016842940449714662,1.0,0.0,0.0,0.0
120_150,120,150,RN_ROAD_00453,RN_NODE_00444,RN_NODE_00467,0,RN_ROAD_00453,RN_ROAD_00453,residential,['Madanlal Dangi Path'],85.03726839063847,road_line_intersected_raster_cells_all_touched,mapped,5,0.005834170151501894,0.0018733483680989592,0.00455408925190568,0.8,0.0,0.0,0.0
120_150,120,150,RN_ROAD_00459,RN_NODE_00444,RN_NODE_00436,0,RN_ROAD_00459,RN_ROAD_00459,residential,,86.17395499310577,road_line_intersected_raster_cells_all_touched,mapped,4,0.005834170151501894,0.002514941879780963,0.0047217382118105895,1.0,0.0,0.0,0.0
120_150,120,150,RN_ROAD_00454,RN_NODE_00407,RN_NODE_00411,0,RN_ROAD_00454,RN_ROAD_00454,residential,,11.035372286912024,road_line_intersected_raster_cells_all_touched,mapped,1,0.03053082711994648,0.03053082711994648,0.03053082711994648,1.0,1.0,0.0,0.0
120_150,120,150,RN_ROAD_00464,RN_NODE_00407,RN_NODE_00405,0,RN_ROAD_00464,RN_ROAD_00464,residential,,5.901275599726542,road_line_intersected_raster_cells_all_touched,mapped,1,0.03053082711994648,0.03053082711994648,0.03053082711994648,1.0,1.0,0.0,0.0
120_150,120,150,RN_ROAD_00466,RN_NODE_00407,RN_NODE_00400,0,RN_ROAD_00466,RN_ROAD_00466,primary,['Lalbahadur Shashtri Marg'],55.290121821909146,road_line_intersected_raster_cells_all_touched,mapped,4,0.048843253403902054,0.038403131533414125,0.04752817861735821,1.0,1.0,0.0,0.0
120_150,120,150,RN_ROAD_00457,RN_NODE_00411,RN_NODE_00402,0,RN_ROAD_00457,RN_ROAD_00457,primary,['Lalbahadur Shashtri Marg'],87.68406882970186,road_line_intersected_raster_cells_all_touched,mapped,4,0.048843253403902054,0.029511411441490054,0.04334952551871538,1.0,0.75,0.0,0.0
120_150,120,150,RN_ROAD_00447,RN_NODE_00483,RN_NODE_00473,0,RN_ROAD_00447,RN_ROAD_00447,residential,['Pradeep Deshpande Path'],76.54612951029117,road_line_intersected_raster_cells_all_touched,mapped,4,0.0006500424933619797,0.00016975142261799192,0.0004637187044863823,0.5,0.0,0.0,0.0
120_150,120,150,RN_ROAD_00448,RN_NODE_00483,RN_NODE_00481,0,RN_ROAD_00448,RN_ROAD_00448,tertiary,['Baburao Phule Path'],46.54619336879503,road_line_intersected_raster_cells_all_touched,mapped,4,0.0006500424933619797,0.0002876704093068838,0.0006052214885130525,0.5,0.0,0.0,0.0
120_150,120,150,RN_ROAD_00451,RN_NODE_00473,RN_NODE_00467,0,RN_ROAD_00451,RN_ROAD_00451,residential,['R. D. Khaniwale Path'],121.62995956819663,road_line_intersected_raster_cells_all_touched,mapped,7,0.0,0.0,0.0,0.0,0.0,0.0,0.0
120_150,120,150,RN_ROAD_00449,RN_NODE_00481,RN_NODE_00477,0,RN_ROAD_00449,RN_ROAD_00449,residential,,28.661201723806187,road_line_intersected_raster_cells_all_touched,mapped,2,0.0,0.0,0.0,0.0,0.0,0.0,0.0
120_150,120,150,RN_ROAD_00452,RN_NODE_00481,RN_NODE_00479,0,RN_ROAD_00452,RN_ROAD_00452,tertiary,['Baburao Phule Path'],74.58997696108264,road_line_intersected_raster_cells_all_touched,mapped,3,0.0,0.0,0.0,0.0,0.0,0.0,0.0
120_150,120,150,RN_ROAD_00474,RN_NODE_00467,RN_NODE_00479,0,RN_ROAD_00474,RN_ROAD_00474,residential,['Madanlal Dangi Path'],50.36408338670827,road_line_intersected_raster_cells_all_touched,mapped,3,0.0,0.0,0.0,0.0,0.0,0.0,0.0
120_150,120,150,RN_ROAD_00475,RN_NODE_00479,RN_NODE_00478,0,RN_ROAD_00475,RN_ROAD_00475,tertiary,['Baburao Phule Path'],68.19172798126247,road_line_intersected_raster_cells_all_touched,mapped,3,0.0,0.0,0.0,0.0,0.0,0.0,0.0
120_150,120,150,RN_ROAD_00460,RN_NODE_00402,RN_NODE_00416,0,RN_ROAD_00460,RN_ROAD_00460,residential,['Vishwasrao Himmatbahaddar Chavan Path'],45.69150205960466,road_line_intersected_raster_cells_all_touched,mapped,2,0.008892790414392948,0.006035234080627561,0.00832127914763987,1.0,0.0,0.0,0.0
120_150,120,150,RN_ROAD_00471,RN_NODE_00402,RN_NODE_00387,0,RN_ROAD_00471,RN_ROAD_00471,primary,['Lalbahadur Shashtri Marg'],135.2528321927307,road_line_intersected_raster_cells_all_touched,mapped,7,0.024197304621338844,0.014892968615250928,0.02401280775666237,1.0,0.2857142857142857,0.0,0.0
120_150,120,150,RN_ROAD_00461,RN_NODE_00416,RN_NODE_00423,0,RN_ROAD_00461,RN_ROAD_00461,residential,['Vishwasrao Himmatbahaddar Chavan Path'],19.96035429863072,road_line_intersected_raster_cells_all_touched,mapped,2,0.003177677746862173,0.0022542025544680655,0.0029929827083833515,1.0,0.0,0.0,0.0
120_150,120,150,RN_ROAD_00462,RN_NODE_00436,RN_NODE_00423,0,RN_ROAD_00462,RN_ROAD_00462,residential,['Vishwasrao Himmatbahaddar Chavan Path'],23.589763046897893,road_line_intersected_raster_cells_all_touched,mapped,2,0.001330727362073958,0.001029021746944636,0.0012703862390480935,1.0,0.0,0.0,0.0
120_150,120,150,RN_ROAD_00463,RN_NODE_00436,RN_NODE_00461,0,RN_ROAD_00463,RN_ROAD_00463,residential,['Vishwasrao Himmatbahaddar Chavan Path'],71.26018059149224,road_line_intersected_raster_cells_all_touched,mapped,3,0.0007273161318153143,0.0004486924541803698,0.0007056051515974104,0.6666666666666666,0.0,0.0,0.0
120_150,120,150,RN_ROAD_00484,RN_NODE_00423,RN_NODE_00421,0,RN_ROAD_00484,RN_ROAD_00484,residential,['Vishwanath Mahadev Phule Path'],133.9052562918176,road_line_intersected_raster_cells_all_touched,mapped,7,0.0053565725684165955,0.0024412141231420848,0.004502588231116534,1.0,0.0,0.0,0.0
120_150,120,150,RN_ROAD_00476,RN_NODE_00461,RN_NODE_00478,0,RN_ROAD_00476,RN_ROAD_00476,residential,['Vishwasrao Himmatbahaddar Chavan Path'],81.7819111117199,road_line_intersected_raster_cells_all_touched,mapped,4,0.0027213417924940586,0.0006803354481235147,0.0019049392547458416,0.25,0.0,0.0,0.0
120_150,120,150,RN_ROAD_00477,RN_NODE_00461,RN_NODE_00460,0,RN_ROAD_00477,RN_ROAD_00477,residential,,22.929729575729656,road_line_intersected_raster_cells_all_touched,mapped,2,0.0041108159348368645,0.0020554079674184322,0.003699734341353178,0.5,0.0,0.0,0.0
120_150,120,150,RN_ROAD_00467,RN_NODE_00400,RN_NODE_00344,0,RN_ROAD_00467,RN_ROAD_00467,living_street,,164.3411147314753,road_line_intersected_raster_cells_all_touched,mapped,7,0.04445967078208923,0.01506742336122053,0.027027459628880035,1.0,0.14285714285714285,0.0,0.0
120_150,120,150,RN_ROAD_00468,RN_NODE_00400,RN_NODE_00393,0,RN_ROAD_00468,RN_ROAD_00468,primary,['Lalbahadur Shashtri Marg'],81.2642520848542,road_line_intersected_raster_cells_all_touched,mapped,3,0.04445967078208923,0.028963914141058922,0.040407197549939156,1.0,0.6666666666666666,0.0,0.0
120_150,120,150,RN_ROAD_00470,RN_NODE_00393,RN_NODE_00390,0,RN_ROAD_00470,RN_ROAD_00470,primary,['Lalbahadur Shashtri Marg'],30.03376256075307,road_line_intersected_raster_cells_all_touched,mapped,2,0.018234767019748688,0.014557840302586555,0.01749938167631626,1.0,0.0,0.0,0.0
120_150,120,150,RN_ROAD_00473,RN_NODE_00390,RN_NODE_00383,0,RN_ROAD_00473,RN_ROAD_00473,primary,['Lalbahadur Shashtri Marg'],64.96917422512529,road_line_intersected_raster_cells_all_touched,mapped,4,0.023889809846878052,0.013805234804749489,0.021262192726135255,1.0,0.25,0.0,0.0
120_150,120,150,RN_ROAD_00486,RN_NODE_00387,RN_NODE_00421,0,RN_ROAD_00486,RN_ROAD_00486,residential,['Vishwanath Mahadev Phule Path'],89.00137413042468,road_line_intersected_raster_cells_all_touched,mapped,5,0.023889809846878052,0.011915712663903833,0.020019690692424777,1.0,0.2,0.0,0.0
120_150,120,150,RN_ROAD_00597,RN_NODE_00387,RN_NODE_00383,0,RN_ROAD_00597,RN_ROAD_00597,residential,['Vishwanath Mahadev Phule Path'],13.132554076222565,road_line_intersected_raster_cells_all_touched,mapped,1,0.023889809846878052,0.023889809846878052,0.023889809846878052,1.0,1.0,0.0,0.0
120_150,120,150,RN_ROAD_00598,RN_NODE_00387,RN_NODE_00380,0,RN_ROAD_00598,RN_ROAD_00598,primary,['Lalbahadur Shashtri Marg'],95.89038736893353,road_line_intersected_raster_cells_all_touched,mapped,4,0.05935032293200493,0.03911115042865276,0.054091804102063185,1.0,1.0,0.0,0.0
120_150,120,150,RN_ROAD_00596,RN_NODE_00383,RN_NODE_00342,0,RN_ROAD_00596,RN_ROAD_00596,residential,,134.566479891982,road_line_intersected_raster_cells_all_touched,mapped,5,0.023889809846878052,0.0065982339438050985,0.01576515706256032,1.0,0.2,0.0,0.0
120_150,120,150,RN_ROAD_00599,RN_NODE_00383,RN_NODE_00375,0,RN_ROAD_00599,RN_ROAD_00599,primary,['Lalbahadur Shashtri Marg'],87.97317194069409,road_line_intersected_raster_cells_all_touched,mapped,5,0.05935032293200493,0.03924329802393913,0.0523389644920826,1.0,1.0,0.0,0.0
120_150,120,150,RN_ROAD_00478,RN_NODE_00478,RN_NODE_00476,0,RN_ROAD_00478,RN_ROAD_00478,tertiary,['Baburao Phule Path'],82.40688144646668,road_line_intersected_raster_cells_all_touched,mapped,5,0.04357312247157097,0.010811179922893644,0.028201206959784036,0.8,0.2,0.0,0.0
120_150,120,150,RN_ROAD_00479,RN_NODE_00476,RN_NODE_00466,0,RN_ROAD_00479,RN_ROAD_00479,residential,,43.009772517146956,road_line_intersected_raster_cells_all_touched,mapped,2,0.04357312247157097,0.03180862497538328,0.04122022297233343,1.0,1.0,0.0,0.0
120_150,120,150,RN_ROAD_00480,RN_NODE_00476,RN_NODE_00475,0,RN_ROAD_00480,RN_ROAD_00480,tertiary,['Baburao Phule Path'],57.324997418681235,road_line_intersected_raster_cells_all_touched,mapped,3,0.24516433477401733,0.1466257261733214,0.22635941207408905,1.0,1.0,0.6666666666666666,0.0
120_150,120,150,RN_ROAD_00483,RN_NODE_00475,RN_NODE_00470,0,RN_ROAD_00483,RN_ROAD_00483,residential,['Vishwanath Mahadev Phule Path'],21.353698598834608,road_line_intersected_raster_cells_all_touched,mapped,2,0.24516433477401733,0.15333303436636925,0.22679807469248772,1.0,1.0,0.5,0.0
120_150,120,150,RN_ROAD_00594,RN_NODE_00475,RN_NODE_00474,0,RN_ROAD_00594,RN_ROAD_00594,tertiary,['Baburao Phule Path'],28.69165843571568,road_line_intersected_raster_cells_all_touched,mapped,1,0.24516433477401733,0.24516433477401733,0.24516433477401733,1.0,1.0,1.0,0.0
120_150,120,150,RN_ROAD_00481,RN_NODE_00471,RN_NODE_00470,0,RN_ROAD_00481,RN_ROAD_00481,residential,,34.541271597331985,road_line_intersected_raster_cells_all_touched,mapped,2,0.06150173395872116,0.06126772053539753,0.061454931274056435,1.0,1.0,0.0,0.0
120_150,120,150,RN_ROAD_00482,RN_NODE_00470,RN_NODE_00458,0,RN_ROAD_00482,RN_ROAD_00482,residential,['Vishwanath Mahadev Phule Path'],41.428757139059755,road_line_intersected_raster_cells_all_touched,mapped,2,0.06150173395872116,0.04373879637569189,0.05794914644211531,1.0,1.0,0.0,0.0
120_150,120,150,RN_ROAD_00489,RN_NODE_00458,RN_NODE_00445,0,RN_ROAD_00489,RN_ROAD_00489,residential,['Vishwanath Mahadev Phule Path'],43.372933928021475,road_line_intersected_raster_cells_all_touched,mapped,3,0.02597585879266262,0.01799739928295215,0.024195709824562074,1.0,0.3333333333333333,0.0,0.0
120_150,120,150,RN_ROAD_00491,RN_NODE_00458,RN_NODE_00457,0,RN_ROAD_00491,RN_ROAD_00491,residential,['Vishwanath Mahadev Phule Path'],47.16485696932285,road_line_intersected_raster_cells_all_touched,mapped,3,0.09380670636892319,0.056831459825237594,0.08518772795796395,1.0,1.0,0.0,0.0
120_150,120,150,RN_ROAD_00487,RN_NODE_00421,RN_NODE_00442,0,RN_ROAD_00487,RN_ROAD_00487,residential,['Vishwanath Mahadev Phule Path'],51.35203397291668,road_line_intersected_raster_cells_all_touched,mapped,3,0.010941225104033947,0.00841988685230414,0.010545352660119533,1.0,0.0,0.0,0.0
120_150,120,150,RN_ROAD_00490,RN_NODE_00421,RN_NODE_00418,0,RN_ROAD_00490,RN_ROAD_00490,residential,,46.14214901544006,road_line_intersected_raster_cells_all_touched,mapped,2,0.0053565725684165955,0.0042510515777394176,0.00513546837028116,1.0,0.0,0.0,0.0
120_150,120,150,RN_ROAD_00485,RN_NODE_00446,RN_NODE_00445,0,RN_ROAD_00485,RN_ROAD_00485,residential,,36.19906931731336,road_line_intersected_raster_cells_all_touched,mapped,2,0.010941225104033947,0.007716540480032563,0.01029628817923367,1.0,0.0,0.0,0.0
120_150,120,150,RN_ROAD_00488,RN_NODE_00445,RN_NODE_00442,0,RN_ROAD_00488,RN_ROAD_00488,residential,['Vishwanath Mahadev Phule Path'],5.936139407664445,road_line_intersected_raster_cells_all_touched,mapped,1,0.010941225104033947,0.010941225104033947,0.010941225104033947,1.0,0.0,0.0,0.0
120_150,120,150,RN_ROAD_00492,RN_NODE_00442,RN_NODE_00440,0,RN_ROAD_00492,RN_ROAD_00492,residential,,58.178094656387266,road_line_intersected_raster_cells_all_touched,mapped,3,0.010941225104033947,0.009227883536368608,0.01056460216641426,1.0,0.0,0.0,0.0
120_150,120,150,RN_ROAD_00493,RN_NODE_00455,RN_NODE_00453,0,RN_ROAD_00493,RN_ROAD_00493,residential,,30.918971372978657,road_line_intersected_raster_cells_all_touched,mapped,2,0.02654271200299263,0.023078180849552155,0.025849805772304536,1.0,0.5,0.0,0.0
120_150,120,150,RN_ROAD_00494,RN_NODE_00012,RN_NODE_00006,0,RN_ROAD_00494,RN_ROAD_00494,tertiary,['Gulwani Maharaj Path'],42.8285125913505,road_line_intersected_raster_cells_all_touched,mapped,3,0.0064142909832298756,0.0051032304763793945,0.0063228165730834,1.0,0.0,0.0,0.0
120_150,120,150,RN_ROAD_00496,RN_NODE_00012,RN_NODE_00011,0,RN_ROAD_00496,RN_ROAD_00496,residential,['Shramasafalya Society Road'],6.988515553938803,road_line_intersected_raster_cells_all_touched,mapped,2,0.009076854214072227,0.006007667863741517,0.008463016944006085,1.0,0.0,0.0,0.0
120_150,120,150,RN_ROAD_00500,RN_NODE_00012,RN_NODE_00017,0,RN_ROAD_00500,RN_ROAD_00500,tertiary,['Gulwani Maharaj Path'],42.45967987531039,road_line_intersected_raster_cells_all_touched,mapped,3,0.011995532549917698,0.008003622759133577,0.011411796882748603,1.0,0.0,0.0,0.0
120_150,120,150,RN_ROAD_00495,RN_NODE_00005,RN_NODE_00011,0,RN_ROAD_00495,RN_ROAD_00495,tertiary,['Gulwani Maharaj Path'],38.274991653769185,road_line_intersected_raster_cells_all_touched,mapped,3,0.009076854214072227,0.005990751553326845,0.008452867157757282,1.0,0.0,0.0,0.0
120_150,120,150,RN_ROAD_00501,RN_NODE_00011,RN_NODE_00016,0,RN_ROAD_00501,RN_ROAD_00501,tertiary,['Gulwani Maharaj Path'],43.8042330338447,road_line_intersected_raster_cells_all_touched,mapped,3,0.0352104976773262,0.01876096148043871,0.030567504651844504,1.0,0.3333333333333333,0.0,0.0
120_150,120,150,RN_ROAD_00508,RN_NODE_00011,RN_NODE_00010,0,RN_ROAD_00508,RN_ROAD_00508,residential,['Shramasafalya Society Road'],86.54621941414499,road_line_intersected_raster_cells_all_touched,mapped,3,0.02092263661324978,0.012378937099128962,0.01855348013341427,1.0,0.3333333333333333,0.0,0.0
120_150,120,150,RN_ROAD_00499,RN_NODE_00036,RN_NODE_00039,0,RN_ROAD_00499,RN_ROAD_00499,residential,,22.301565943594664,road_line_intersected_raster_cells_all_touched,mapped,3,0.05741451680660248,0.03946612526973089,0.052534119784832,1.0,1.0,0.0,0.0
120_150,120,150,RN_ROAD_00505,RN_NODE_00036,RN_NODE_00023,0,RN_ROAD_00505,RN_ROAD_00505,residential,,54.02351430842665,road_line_intersected_raster_cells_all_touched,mapped,3,0.10322307795286179,0.08027258267005284,0.09861449301242828,1.0,1.0,0.3333333333333333,0.0
120_150,120,150,RN_ROAD_00509,RN_NODE_00036,RN_NODE_00034,0,RN_ROAD_00509,RN_ROAD_00509,residential,,110.59063402340144,road_line_intersected_raster_cells_all_touched,mapped,5,0.08138588070869446,0.05608730241656303,0.07638780176639556,1.0,1.0,0.0,0.0
120_150,120,150,RN_ROAD_00504,RN_NODE_00017,RN_NODE_00016,0,RN_ROAD_00504,RN_ROAD_00504,tertiary,['Imambhai Shekh Path'],7.192496022473638,road_line_intersected_raster_cells_all_touched,mapped,2,0.0352104976773262,0.02360301511362195,0.03288900116458535,1.0,0.5,0.0,0.0
120_150,120,150,RN_ROAD_00506,RN_NODE_00017,RN_NODE_00020,0,RN_ROAD_00506,RN_ROAD_00506,tertiary,['Gulwani Maharaj Path'],32.841819270007306,road_line_intersected_raster_cells_all_touched,mapped,3,0.08018015325069427,0.042462061159312725,0.07118622213602066,1.0,0.6666666666666666,0.0,0.0
120_150,120,150,RN_ROAD_00507,RN_NODE_00016,RN_NODE_00019,0,RN_ROAD_00507,RN_ROAD_00507,tertiary,['Gulwani Maharaj Path'],31.00075468075208,road_line_intersected_raster_cells_all_touched,mapped,2,0.08018015325069427,0.05769532546401024,0.07568318769335747,1.0,1.0,0.0,0.0
120_150,120,150,RN_ROAD_00503,RN_NODE_00004,RN_NODE_00003,0,RN_ROAD_00503,RN_ROAD_00503,residential,,32.28406437020715,road_line_intersected_raster_cells_all_touched,mapped,2,0.020998530089855194,0.013055674964562058,0.01940995906479657,1.0,0.5,0.0,0.0
120_150,120,150,RN_ROAD_00511,RN_NODE_00023,RN_NODE_00020,0,RN_ROAD_00511,RN_ROAD_00511,tertiary,['Gulwani Maharaj Path'],7.242539992536353,road_line_intersected_raster_cells_all_touched,mapped,1,0.08018015325069427,0.08018015325069427,0.08018015325069427,1.0,1.0,0.0,0.0
120_150,120,150,RN_ROAD_00513,RN_NODE_00023,RN_NODE_00021,0,RN_ROAD_00513,RN_ROAD_00513,residential,,6.983165191134959,road_line_intersected_raster_cells_all_touched,mapped,1,0.08018015325069427,0.08018015325069427,0.08018015325069427,1.0,1.0,0.0,0.0
120_150,120,150,RN_ROAD_00514,RN_NODE_00023,RN_NODE_00034,0,RN_ROAD_00514,RN_ROAD_00514,tertiary,['Gulwani Maharaj Path'],34.96737715662887,road_line_intersected_raster_cells_all_touched,mapped,3,0.08018015325069427,0.04906583887835344,0.07209070250391961,1.0,1.0,0.0,0.0
120_150,120,150,RN_ROAD_00510,RN_NODE_00020,RN_NODE_00019,0,RN_ROAD_00510,RN_ROAD_00510,residential,,6.983467125765223,road_line_intersected_raster_cells_all_touched,mapped,1,0.08018015325069427,0.08018015325069427,0.08018015325069427,1.0,1.0,0.0,0.0
120_150,120,150,RN_ROAD_00512,RN_NODE_00019,RN_NODE_00021,0,RN_ROAD_00512,RN_ROAD_00512,tertiary,['Gulwani Maharaj Path'],7.227252123885603,road_line_intersected_raster_cells_all_touched,mapped,1,0.08018015325069427,0.08018015325069427,0.08018015325069427,1.0,1.0,0.0,0.0
120_150,120,150,RN_ROAD_00517,RN_NODE_00019,RN_NODE_00018,0,RN_ROAD_00517,RN_ROAD_00517,residential,,64.14110905468871,road_line_intersected_raster_cells_all_touched,mapped,4,0.08018015325069427,0.039731872733682394,0.06668925657868387,1.0,0.75,0.0,0.0
120_150,120,150,RN_ROAD_00516,RN_NODE_00034,RN_NODE_00027,0,RN_ROAD_00516,RN_ROAD_00516,residential,,7.010767954611743,road_line_intersected_raster_cells_all_touched,mapped,1,0.03973289951682091,0.03973289951682091,0.03973289951682091,1.0,1.0,0.0,0.0
120_150,120,150,RN_ROAD_00518,RN_NODE_00034,RN_NODE_00057,0,RN_ROAD_00518,RN_ROAD_00518,tertiary,['Gulwani Maharaj Path'],137.5377317476224,road_line_intersected_raster_cells_all_touched,mapped,7,0.05546819046139717,0.029738636587613394,0.05519444867968559,1.0,0.5714285714285714,0.0,0.0
120_150,120,150,RN_ROAD_00515,RN_NODE_00021,RN_NODE_00027,0,RN_ROAD_00515,RN_ROAD_00515,tertiary,['Gulwani Maharaj Path'],34.40198774129008,road_line_intersected_raster_cells_all_touched,mapped,3,0.08018015325069427,0.04906583887835344,0.07209070250391961,1.0,1.0,0.0,0.0
120_150,120,150,RN_ROAD_00519,RN_NODE_00027,RN_NODE_00055,0,RN_ROAD_00519,RN_ROAD_00519,tertiary,['Gulwani Maharaj Path'],139.24373942661734,road_line_intersected_raster_cells_all_touched,mapped,7,0.05546819046139717,0.034618123567530086,0.05519444867968559,1.0,0.7142857142857143,0.0,0.0
120_150,120,150,RN_ROAD_00521,RN_NODE_00057,RN_NODE_00055,0,RN_ROAD_00521,RN_ROAD_00521,residential,,6.9826804461109715,road_line_intersected_raster_cells_all_touched,mapped,1,0.012573076412081718,0.012573076412081718,0.012573076412081718,1.0,0.0,0.0,0.0
120_150,120,150,RN_ROAD_00554,RN_NODE_00057,RN_NODE_00063,0,RN_ROAD_00554,RN_ROAD_00554,tertiary,['Gulwani Maharaj Path'],61.83276020804142,road_line_intersected_raster_cells_all_touched,mapped,4,0.019317016005516052,0.01375870406627655,0.01898234784603119,1.0,0.0,0.0,0.0
120_150,120,150,RN_ROAD_00522,RN_NODE_00055,RN_NODE_00009,0,RN_ROAD_00522,RN_ROAD_00522,residential,,202.98961960729056,road_line_intersected_raster_cells_all_touched,mapped,8,0.04592830315232277,0.030484613846056163,0.04561881572008133,1.0,0.75,0.0,0.0
120_150,120,150,RN_ROAD_00555,RN_NODE_00055,RN_NODE_00062,0,RN_ROAD_00555,RN_ROAD_00555,tertiary,['Gulwani Maharaj Path'],63.005569179776785,road_line_intersected_raster_cells_all_touched,mapped,4,0.019317016005516052,0.017228282056748867,0.019168385304510593,1.0,0.0,0.0,0.0
120_150,120,150,RN_ROAD_00520,RN_NODE_00009,RN_NODE_00002,0,RN_ROAD_00520,RN_ROAD_00520,residential,,41.31404716190531,road_line_intersected_raster_cells_all_touched,mapped,1,0.007979271002113819,0.007979271002113819,0.007979271002113819,1.0,0.0,0.0,0.0
120_150,120,150,RN_ROAD_00523,RN_NODE_00009,RN_NODE_00008,0,RN_ROAD_00523,RN_ROAD_00523,residential,,12.441899887466713,road_line_intersected_raster_cells_all_touched,mapped,2,0.007979271002113819,0.0051084046717733145,0.0074050977360457185,1.0,0.0,0.0,0.0
120_150,120,150,RN_ROAD_00556,RN_NODE_00008,RN_NODE_00001,0,RN_ROAD_00556,RN_ROAD_00556,residential,,43.988610861901286,road_line_intersected_raster_cells_all_touched,mapped,2,0.00223753834143281,0.0013832829426974058,0.002066687261685729,1.0,0.0,0.0,0.0
120_150,120,150,RN_ROAD_00557,RN_NODE_00008,RN_NODE_00013,0,RN_ROAD_00557,RN_ROAD_00557,residential,,83.46063841947745,road_line_intersected_raster_cells_all_touched,mapped,4,0.00223753834143281,0.00105320340662729,0.0019348502857610586,1.0,0.0,0.0,0.0
120_150,120,150,RN_ROAD_00528,RN_NODE_00169,RN_NODE_00170,0,RN_ROAD_00528,RN_ROAD_00528,residential,,26.96845598273519,road_line_intersected_raster_cells_all_touched,mapped,2,0.005494404584169388,0.004568395204842091,0.005309202708303928,1.0,0.0,0.0,0.0
120_150,120,150,RN_ROAD_00530,RN_NODE_00159,RN_NODE_00182,0,RN_ROAD_00530,RN_ROAD_00530,residential,,49.242204549989836,road_line_intersected_raster_cells_all_touched,mapped,2,0.01650068908929825,0.010389013215899467,0.015278353914618492,1.0,0.0,0.0,0.0
120_150,120,150,RN_ROAD_00531,RN_NODE_00159,RN_NODE_00131,0,RN_ROAD_00531,RN_ROAD_00531,residential,,71.74036240348227,road_line_intersected_raster_cells_all_touched,mapped,4,0.004277337342500687,0.0028120297647546977,0.004141076933592558,1.0,0.0,0.0,0.0
120_150,120,150,RN_ROAD_00532,RN_NODE_00159,RN_NODE_00160,0,RN_ROAD_00532,RN_ROAD_00532,residential,,44.15789584900035,road_line_intersected_raster_cells_all_touched,mapped,2,0.004707105457782745,0.004492221400141716,0.0046641286462545395,1.0,0.0,0.0,0.0
120_150,120,150,RN_ROAD_00533,RN_NODE_00160,RN_NODE_00181,0,RN_ROAD_00533,RN_ROAD_00533,residential,,46.16862330443982,road_line_intersected_raster_cells_all_touched,mapped,2,0.01112672034651041,0.007916912902146578,0.010484758857637643,1.0,0.0,0.0,0.0
120_150,120,150,RN_ROAD_00544,RN_NODE_00160,RN_NODE_00133,0,RN_ROAD_00544,RN_ROAD_00544,residential,,70.15361406693266,road_line_intersected_raster_cells_all_touched,mapped,4,0.004707105457782745,0.002962463491712697,0.004633638495579362,1.0,0.0,0.0,0.0
120_150,120,150,RN_ROAD_00545,RN_NODE_00160,RN_NODE_00161,0,RN_ROAD_00545,RN_ROAD_00545,residential,,41.14857876089963,road_line_intersected_raster_cells_all_touched,mapped,3,0.006784054450690746,0.004351921651201944,0.006368664652109146,1.0,0.0,0.0,0.0
120_150,120,150,RN_ROAD_00534,RN_NODE_00089,RN_NODE_00085,0,RN_ROAD_00534,RN_ROAD_00534,residential,,27.759811584576703,road_line_intersected_raster_cells_all_touched,mapped,2,0.0022814141120761633,0.0014841478841844946,0.0021219608664978296,1.0,0.0,0.0,0.0
120_150,120,150,RN_ROAD_00538,RN_NODE_00085,RN_NODE_00093,0,RN_ROAD_00538,RN_ROAD_00538,residential,,25.9033233881176,road_line_intersected_raster_cells_all_touched,mapped,2,0.008232138119637966,0.004459509887965396,0.007477612473303453,1.0,0.0,0.0,0.0
120_150,120,150,RN_ROAD_00542,RN_NODE_00064,RN_NODE_00063,0,RN_ROAD_00542,RN_ROAD_00542,tertiary,['Gulwani Maharaj Path'],13.296628666610653,road_line_intersected_raster_cells_all_touched,mapped,2,0.019317016005516052,0.01230476819910109,0.01791456644423306,1.0,0.0,0.0,0.0
120_150,120,150,RN_ROAD_00558,RN_NODE_00064,RN_NODE_00060,0,RN_ROAD_00558,RN_ROAD_00558,secondary,['Amrutrao Khilare Path'],139.93713144357974,road_line_intersected_raster_cells_all_touched,mapped,7,0.04775101691484451,0.020489413091646775,0.04286795258522034,1.0,0.2857142857142857,0.0,0.0
120_150,120,150,RN_ROAD_00564,RN_NODE_00064,RN_NODE_00062,0,RN_ROAD_00564,RN_ROAD_00564,tertiary,['Gulwani Maharaj Path'],15.765751341295015,road_line_intersected_raster_cells_all_touched,mapped,2,0.019317016005516052,0.01230476819910109,0.01791456644423306,1.0,0.0,0.0,0.0
120_150,120,150,RN_ROAD_00565,RN_NODE_00064,RN_NODE_00065,0,RN_ROAD_00565,RN_ROAD_00565,residential,,35.965093906912095,road_line_intersected_raster_cells_all_touched,mapped,2,0.005292520392686129,0.0033297089976258576,0.004899958113674075,1.0,0.0,0.0,0.0
120_150,120,150,RN_ROAD_00540,RN_NODE_00072,RN_NODE_00077,0,RN_ROAD_00540,RN_ROAD_00540,residential,,73.58795605910393,road_line_intersected_raster_cells_all_touched,mapped,4,0.009751494973897934,0.0056716950493864715,0.008837202284485103,1.0,0.0,0.0,0.0
120_150,120,150,RN_ROAD_00541,RN_NODE_00072,RN_NODE_00073,0,RN_ROAD_00541,RN_ROAD_00541,residential,['Gangaram Dhanvat Path'],31.66509960770544,road_line_intersected_raster_cells_all_touched,mapped,2,0.003318572184070945,0.002013781340792775,0.0030576140154153107,1.0,0.0,0.0,0.0
120_150,120,150,RN_ROAD_00543,RN_NODE_00063,RN_NODE_00062,0,RN_ROAD_00543,RN_ROAD_00543,secondary,['Amrutrao Khilare Path'],5.440303004341488,road_line_intersected_raster_cells_all_touched,mapped,1,0.019317016005516052,0.019317016005516052,0.019317016005516052,1.0,0.0,0.0,0.0
120_150,120,150,RN_ROAD_00567,RN_NODE_00077,RN_NODE_00080,0,RN_ROAD_00567,RN_ROAD_00567,residential,,101.71214144917526,road_line_intersected_raster_cells_all_touched,mapped,5,0.017421303316950798,0.00950852632522583,0.015091630816459657,1.0,0.0,0.0,0.0
120_150,120,150,RN_ROAD_00569,RN_NODE_00077,RN_NODE_00075,0,RN_ROAD_00569,RN_ROAD_00569,residential,,112.99827839520864,road_line_intersected_raster_cells_all_touched,mapped,6,0.008776750415563583,0.005665879230946302,0.0073237980250269175,1.0,0.0,0.0,0.0
120_150,120,150,RN_ROAD_00566,RN_NODE_00073,RN_NODE_00065,0,RN_ROAD_00566,RN_ROAD_00566,residential,,88.39093749500239,road_line_intersected_raster_cells_all_touched,mapped,3,0.003318572184070945,0.0023309088234479227,0.003116309083998203,1.0,0.0,0.0,0.0
120_150,120,150,RN_ROAD_00570,RN_NODE_00073,RN_NODE_00074,0,RN_ROAD_00570,RN_ROAD_00570,residential,['Gangaram Dhanvat Path'],85.39203546796787,road_line_intersected_raster_cells_all_touched,mapped,4,0.012165574356913567,0.0063284210045821965,0.010203527566045523,1.0,0.0,0.0,0.0
120_150,120,150,RN_ROAD_00568,RN_NODE_00062,RN_NODE_00061,0,RN_ROAD_00568,RN_ROAD_00568,secondary,['Amrutrao Khilare Path'],70.52753780674752,road_line_intersected_raster_cells_all_touched,mapped,4,0.039612576365470886,0.02192187774926424,0.03352390825748444,1.0,0.25,0.0,0.0
120_150,120,150,RN_ROAD_00546,RN_NODE_00161,RN_NODE_00135,0,RN_ROAD_00546,RN_ROAD_00546,residential,,58.21174425169593,road_line_intersected_raster_cells_all_touched,mapped,3,0.001564605045132339,0.0009602606878615916,0.0014140145853161813,1.0,0.0,0.0,0.0
120_150,120,150,RN_ROAD_00547,RN_NODE_00161,RN_NODE_00184,0,RN_ROAD_00547,RN_ROAD_00547,residential,,59.52396858604021,road_line_intersected_raster_cells_all_touched,mapped,5,0.013926835730671883,0.007530123996548355,0.012705880030989648,1.0,0.0,0.0,0.0
120_150,120,150,RN_ROAD_00548,RN_NODE_00161,RN_NODE_00162,0,RN_ROAD_00548,RN_ROAD_00548,residential,,43.52759274574052,road_line_intersected_raster_cells_all_touched,mapped,2,0.001564605045132339,0.001259476994164288,0.0015035794349387288,1.0,0.0,0.0,0.0
120_150,120,150,RN_ROAD_00549,RN_NODE_00162,RN_NODE_00192,0,RN_ROAD_00549,RN_ROAD_00549,residential,,64.37362164101229,road_line_intersected_raster_cells_all_touched,mapped,3,0.008525026962161064,0.0038877426413819194,0.007256791973486543,1.0,0.0,0.0,0.0
120_150,120,150,RN_ROAD_00550,RN_NODE_00162,RN_NODE_00143,0,RN_ROAD_00550,RN_ROAD_00550,residential,,40.817344900923175,road_line_intersected_raster_cells_all_touched,mapped,3,0.0009543489431962371,0.000416077292660096,0.0008058834937401116,1.0,0.0,0.0,0.0
120_150,120,150,RN_ROAD_00551,RN_NODE_00162,RN_NODE_00163,0,RN_ROAD_00551,RN_ROAD_00551,residential,,41.39157416787474,road_line_intersected_raster_cells_all_touched,mapped,2,0.0009543489431962371,0.0008835189510136843,0.0009401829447597265,1.0,0.0,0.0,0.0
120_150,120,150,RN_ROAD_00552,RN_NODE_00163,RN_NODE_00148,0,RN_ROAD_00552,RN_ROAD_00552,residential,,29.88852414830567,road_line_intersected_raster_cells_all_touched,mapped,2,0.0009865632746368647,0.0008996261167339981,0.0009691758430562913,1.0,0.0,0.0,0.0
120_150,120,150,RN_ROAD_00553,RN_NODE_00163,RN_NODE_00196,0,RN_ROAD_00553,RN_ROAD_00553,residential,,67.04065348407521,road_line_intersected_raster_cells_all_touched,mapped,3,0.004008097108453512,0.0019429616707687576,0.003408097475767136,1.0,0.0,0.0,0.0
120_150,120,150,RN_ROAD_00609,RN_NODE_00163,RN_NODE_00189,0,RN_ROAD_00609,RN_ROAD_00609,residential,,102.89476584709024,road_line_intersected_raster_cells_all_touched,mapped,5,0.005588153842836618,0.0020069816731847824,0.003987063514068723,1.0,0.0,0.0,0.0
120_150,120,150,RN_ROAD_00563,RN_NODE_00060,RN_NODE_00056,0,RN_ROAD_00563,RN_ROAD_00563,secondary,['Keshavrao Sadoba Padale Chowk'],13.515402583682846,road_line_intersected_raster_cells_all_touched,mapped,2,0.013403196819126606,0.0102021642960608,0.012762990314513445,1.0,0.0,0.0,0.0
120_150,120,150,RN_ROAD_00576,RN_NODE_00060,RN_NODE_00059,0,RN_ROAD_00576,RN_ROAD_00576,secondary,['Keshavrao Sadoba Padale Chowk'],5.39808589718017,road_line_intersected_raster_cells_all_touched,mapped,1,0.007001131772994995,0.007001131772994995,0.007001131772994995,1.0,0.0,0.0,0.0
120_150,120,150,RN_ROAD_00559,RN_NODE_00014,RN_NODE_00061,0,RN_ROAD_00559,RN_ROAD_00559,residential,['Theerthankar Vasupujya Swami Marg'],207.24278569203318,road_line_intersected_raster_cells_all_touched,mapped,8,0.01216140016913414,0.0033394440470146947,0.005694337771274148,1.0,0.0,0.0,0.0
120_150,120,150,RN_ROAD_00560,RN_NODE_00061,RN_NODE_00056,0,RN_ROAD_00560,RN_ROAD_00560,secondary,['Amrutrao Khilare Path'],61.492190964871924,road_line_intersected_raster_cells_all_touched,mapped,4,0.013403196819126606,0.01121398969553411,0.013069306779652835,1.0,0.0,0.0,0.0
120_150,120,150,RN_ROAD_00562,RN_NODE_00056,RN_NODE_00054,0,RN_ROAD_00562,RN_ROAD_00562,secondary,['Keshavrao Sadoba Padale Chowk'],5.410139302658532,road_line_intersected_raster_cells_all_touched,mapped,1,0.013403196819126606,0.013403196819126606,0.013403196819126606,1.0,0.0,0.0,0.0
120_150,120,150,RN_ROAD_00561,RN_NODE_00031,RN_NODE_00046,0,RN_ROAD_00561,RN_ROAD_00561,residential,['Shankarrao Joshi Path'],60.005988546510665,road_line_intersected_raster_cells_all_touched,mapped,3,0.0015621100319549441,0.0009749134575637678,0.001411578559782356,1.0,0.0,0.0,0.0
120_150,120,150,RN_ROAD_00577,RN_NODE_00031,RN_NODE_00028,0,RN_ROAD_00577,RN_ROAD_00577,residential,['Shankarrao Joshi Path'],0.5795982088234387,road_line_intersected_raster_cells_all_touched,mapped,1,0.0008094526710920036,0.0008094526710920036,0.0008094526710920036,1.0,0.0,0.0,0.0
120_150,120,150,RN_ROAD_00580,RN_NODE_00031,RN_NODE_00030,0,RN_ROAD_00580,RN_ROAD_00580,residential,,0.3967736106851837,road_line_intersected_raster_cells_all_touched,mapped,1,0.0008094526710920036,0.0008094526710920036,0.0008094526710920036,1.0,0.0,0.0,0.0
120_150,120,150,RN_ROAD_00574,RN_NODE_00046,RN_NODE_00054,0,RN_ROAD_00574,RN_ROAD_00574,residential,['Shankarrao Joshi Path'],42.881738794034206,road_line_intersected_raster_cells_all_touched,mapped,2,0.013403196819126606,0.007482653425540775,0.01221908814040944,1.0,0.0,0.0,0.0
120_150,120,150,RN_ROAD_00581,RN_NODE_00046,RN_NODE_00044,0,RN_ROAD_00581,RN_ROAD_00581,residential,,36.766391024180386,road_line_intersected_raster_cells_all_touched,mapped,3,0.00382244517095387,0.0020583015866577625,0.0033703781431540848,1.0,0.0,0.0,0.0
120_150,120,150,RN_ROAD_00575,RN_NODE_00054,RN_NODE_00053,0,RN_ROAD_00575,RN_ROAD_00575,secondary,['Keshavrao Sadoba Padale Chowk'],5.384491161976374,road_line_intersected_raster_cells_all_touched,mapped,1,0.013403196819126606,0.013403196819126606,0.013403196819126606,1.0,0.0,0.0,0.0
120_150,120,150,RN_ROAD_00571,RN_NODE_00065,RN_NODE_00074,0,RN_ROAD_00571,RN_ROAD_00571,residential,,114.22292169782816,road_line_intersected_raster_cells_all_touched,mapped,6,0.012165574356913567,0.0056742931677338975,0.009435245301574469,1.0,0.0,0.0,0.0
120_150,120,150,RN_ROAD_00572,RN_NODE_00080,RN_NODE_00091,0,RN_ROAD_00572,RN_ROAD_00572,residential,,30.22855226126164,road_line_intersected_raster_cells_all_touched,mapped,2,0.03306567668914795,0.025243490003049374,0.03150123935192824,1.0,0.5,0.0,0.0
120_150,120,150,RN_ROAD_00573,RN_NODE_00080,RN_NODE_00081,0,RN_ROAD_00573,RN_ROAD_00573,residential,,48.659667273090214,road_line_intersected_raster_cells_all_touched,mapped,2,0.017421303316950798,0.013621175196021795,0.016661277692764997,1.0,0.0,0.0,0.0
120_150,120,150,RN_ROAD_00584,RN_NODE_00074,RN_NODE_00087,0,RN_ROAD_00584,RN_ROAD_00584,residential,['Gangaram Dhanvat Path'],150.95288944080505,road_line_intersected_raster_cells_all_touched,mapped,9,0.012165574356913567,0.0029057165205207034,0.007119449600577355,0.8888888888888888,0.0,0.0,0.0
120_150,120,150,RN_ROAD_00578,RN_NODE_00053,RN_NODE_00058,0,RN_ROAD_00578,RN_ROAD_00578,secondary,['Keshavrao Sadoba Padale Chowk'],13.518326852438197,road_line_intersected_raster_cells_all_touched,mapped,2,0.017576266080141068,0.015489731449633837,0.017158959154039623,1.0,0.0,0.0,0.0
120_150,120,150,RN_ROAD_00582,RN_NODE_00053,RN_NODE_00049,0,RN_ROAD_00582,RN_ROAD_00582,secondary,['Amrutrao Khilare Path'],58.77131978587884,road_line_intersected_raster_cells_all_touched,mapped,4,0.017576266080141068,0.009745276882313192,0.01632434530183673,1.0,0.0,0.0,0.0
120_150,120,150,RN_ROAD_00579,RN_NODE_00059,RN_NODE_00058,0,RN_ROAD_00579,RN_ROAD_00579,secondary,['Keshavrao Sadoba Padale Chowk'],5.395050967995674,road_line_intersected_raster_cells_all_touched,mapped,3,0.017576266080141068,0.010656403688093027,0.015539375506341458,1.0,0.0,0.0,0.0
120_150,120,150,RN_ROAD_00586,RN_NODE_00059,RN_NODE_00076,0,RN_ROAD_00586,RN_ROAD_00586,tertiary,['Kashibai Amrutrao Khilare Path'],269.4592788008161,road_line_intersected_raster_cells_all_touched,mapped,13,0.007391813211143017,0.002584425880251309,0.006573972292244436,0.7692307692307693,0.0,0.0,0.0
120_150,120,150,RN_ROAD_00583,RN_NODE_00058,RN_NODE_00052,0,RN_ROAD_00583,RN_ROAD_00583,secondary,['Amrutrao Khilare Path'],61.846162077050124,road_line_intersected_raster_cells_all_touched,mapped,2,0.017576266080141068,0.011837362311780453,0.016428485326468945,1.0,0.0,0.0,0.0
120_150,120,150,RN_ROAD_00585,RN_NODE_00087,RN_NODE_00097,0,RN_ROAD_00585,RN_ROAD_00585,residential,['Patil Regency Internal Road'],84.39089320427311,road_line_intersected_raster_cells_all_touched,mapped,5,9.027782652992755e-06,1.805556530598551e-06,5.416669591795654e-06,0.2,0.0,0.0,0.0
120_150,120,150,RN_ROAD_00587,RN_NODE_00087,RN_NODE_00076,0,RN_ROAD_00587,RN_ROAD_00587,residential,['Gangaram Dhanvat Path'],60.675276322509475,road_line_intersected_raster_cells_all_touched,mapped,3,0.00014607165940105915,4.8690553133686386e-05,0.00011685732752084733,0.3333333333333333,0.0,0.0,0.0
120_150,120,150,RN_ROAD_00589,RN_NODE_00076,RN_NODE_00094,0,RN_ROAD_00589,RN_ROAD_00589,tertiary,['Kashibai Amrutrao Khilare Path'],87.78838652884335,road_line_intersected_raster_cells_all_touched,mapped,5,0.0,0.0,0.0,0.0,0.0,0.0,0.0
120_150,120,150,RN_ROAD_00593,RN_NODE_00076,RN_NODE_00070,0,RN_ROAD_00593,RN_ROAD_00593,residential,,124.94624191224,road_line_intersected_raster_cells_all_touched,mapped,7,0.0,0.0,0.0,0.0,0.0,0.0,0.0
120_150,120,150,RN_ROAD_00588,RN_NODE_00094,RN_NODE_00100,0,RN_ROAD_00588,RN_ROAD_00588,residential,,81.15438832370462,road_line_intersected_raster_cells_all_touched,mapped,5,0.0,0.0,0.0,0.0,0.0,0.0,0.0
120_150,120,150,RN_ROAD_00590,RN_NODE_00094,RN_NODE_00095,0,RN_ROAD_00590,RN_ROAD_00590,tertiary,['Kashibai Amrutrao Khilare Path'],11.806116707497281,road_line_intersected_raster_cells_all_touched,mapped,1,0.0,0.0,0.0,0.0,0.0,0.0,0.0
120_150,120,150,RN_ROAD_00611,RN_NODE_00095,RN_NODE_00096,0,RN_ROAD_00611,RN_ROAD_00611,tertiary,['Kashibai Amrutrao Khilare Path'],24.306499584060276,road_line_intersected_raster_cells_all_touched,mapped,3,0.0,0.0,0.0,0.0,0.0,0.0,0.0
120_150,120,150,RN_ROAD_00614,RN_NODE_00095,RN_NODE_00084,0,RN_ROAD_00614,RN_ROAD_00614,residential,['Major K. G. Pawar Path'],80.83749221229549,road_line_intersected_raster_cells_all_touched,mapped,4,0.0,0.0,0.0,0.0,0.0,0.0,0.0
120_150,120,150,RN_ROAD_00591,RN_NODE_00108,RN_NODE_00111,0,RN_ROAD_00591,RN_ROAD_00591,residential,,15.249774140478227,road_line_intersected_raster_cells_all_touched,mapped,2,0.0,0.0,0.0,0.0,0.0,0.0,0.0
120_150,120,150,RN_ROAD_00612,RN_NODE_00108,RN_NODE_00099,0,RN_ROAD_00612,RN_ROAD_00612,residential,,58.08767654573444,road_line_intersected_raster_cells_all_touched,mapped,3,0.0,0.0,0.0,0.0,0.0,0.0,0.0
120_150,120,150,RN_ROAD_00615,RN_NODE_00108,RN_NODE_00117,0,RN_ROAD_00615,RN_ROAD_00615,residential,,69.05333066717392,road_line_intersected_raster_cells_all_touched,mapped,4,0.0,0.0,0.0,0.0,0.0,0.0,0.0
120_150,120,150,RN_ROAD_00592,RN_NODE_00096,RN_NODE_00106,0,RN_ROAD_00592,RN_ROAD_00592,residential,,64.25106186309215,road_line_intersected_raster_cells_all_touched,mapped,4,0.0,0.0,0.0,0.0,0.0,0.0,0.0
120_150,120,150,RN_ROAD_00613,RN_NODE_00096,RN_NODE_00099,0,RN_ROAD_00613,RN_ROAD_00613,tertiary,['Kashibai Amrutrao Khilare Path'],20.40269168991895,road_line_intersected_raster_cells_all_touched,mapped,2,0.0,0.0,0.0,0.0,0.0,0.0,0.0
120_150,120,150,RN_ROAD_00595,RN_NODE_00465,RN_NODE_00472,0,RN_ROAD_00595,RN_ROAD_00595,residential,,16.1517627782782,road_line_intersected_raster_cells_all_touched,mapped,1,0.07805853337049484,0.07805853337049484,0.07805853337049484,1.0,1.0,0.0,0.0
120_150,120,150,RN_ROAD_00626,RN_NODE_00342,RN_NODE_00327,0,RN_ROAD_00626,RN_ROAD_00626,residential,,29.773849021989466,road_line_intersected_raster_cells_all_touched,mapped,2,0.0038850142154842615,0.0036440365947782993,0.0038368186913430693,1.0,0.0,0.0,0.0
120_150,120,150,RN_ROAD_00627,RN_NODE_00342,RN_NODE_00340,0,RN_ROAD_00627,RN_ROAD_00627,residential,,74.11052414354627,road_line_intersected_raster_cells_all_touched,mapped,4,0.029181208461523056,0.010102273343363777,0.022368213022127752,1.0,0.25,0.0,0.0
120_150,120,150,RN_ROAD_00601,RN_NODE_00380,RN_NODE_00375,0,RN_ROAD_00601,RN_ROAD_00601,residential,['Sharad Pandit Path'],10.832138813331897,road_line_intersected_raster_cells_all_touched,mapped,2,0.05935032293200493,0.04956110566854477,0.0573924794793129,1.0,1.0,0.0,0.0
120_150,120,150,RN_ROAD_00602,RN_NODE_00380,RN_NODE_00373,0,RN_ROAD_00602,RN_ROAD_00602,primary,['Lalbahadur Shashtri Marg'],67.62470858029033,road_line_intersected_raster_cells_all_touched,mapped,4,0.14261701703071594,0.10298134852200747,0.13943703472614288,1.0,1.0,0.5,0.0
120_150,120,150,RN_ROAD_00606,RN_NODE_00380,RN_NODE_00452,0,RN_ROAD_00606,RN_ROAD_00606,residential,['Sharad Pandit Path'],196.60592350884028,road_line_intersected_raster_cells_all_touched,mapped,8,0.05935032293200493,0.023507461592089385,0.04229038432240486,1.0,0.5,0.0,0.0
120_150,120,150,RN_ROAD_00600,RN_NODE_00375,RN_NODE_00340,0,RN_ROAD_00600,RN_ROAD_00600,residential,,117.67074755191624,road_line_intersected_raster_cells_all_touched,mapped,4,0.04589452967047691,0.03756162151694298,0.044057737290859225,1.0,1.0,0.0,0.0
120_150,120,150,RN_ROAD_00603,RN_NODE_00375,RN_NODE_00364,0,RN_ROAD_00603,RN_ROAD_00603,primary,['Lalbahadur Shashtri Marg'],113.09060593358764,road_line_intersected_raster_cells_all_touched,mapped,6,0.1320170760154724,0.07272887726624806,0.10580350831151009,1.0,1.0,0.16666666666666666,0.0
120_150,120,150,RN_ROAD_00628,RN_NODE_00340,RN_NODE_00299,0,RN_ROAD_00628,RN_ROAD_00628,residential,,92.93811844487087,road_line_intersected_raster_cells_all_touched,mapped,6,0.061330508440732956,0.02738428154649834,0.05349045805633068,1.0,0.5,0.0,0.0
120_150,120,150,RN_ROAD_00605,RN_NODE_00373,RN_NODE_00367,0,RN_ROAD_00605,RN_ROAD_00605,primary,['Lalbahadur Shashtri Marg'],62.30303901072023,road_line_intersected_raster_cells_all_touched,mapped,4,0.1320170760154724,0.07110115047544241,0.11628893539309502,1.0,1.0,0.25,0.0
120_150,120,150,RN_ROAD_00607,RN_NODE_00373,RN_NODE_00431,0,RN_ROAD_00607,RN_ROAD_00607,residential,['Tukaram Buaa Navle Path'],162.4431478561837,road_line_intersected_raster_cells_all_touched,mapped,7,0.1320170760154724,0.03896380814590624,0.09097290784120562,1.0,0.42857142857142855,0.14285714285714285,0.0
120_150,120,150,RN_ROAD_00604,RN_NODE_00364,RN_NODE_00345,0,RN_ROAD_00604,RN_ROAD_00604,residential,['Ashok Balkavade Path'],58.24822493468268,road_line_intersected_raster_cells_all_touched,mapped,3,0.07958994060754776,0.05776973503331343,0.0771162450313568,1.0,1.0,0.0,0.0
120_150,120,150,RN_ROAD_00608,RN_NODE_00364,RN_NODE_00362,0,RN_ROAD_00608,RN_ROAD_00608,primary,['Lalbahadur Shashtri Marg'],19.762200586789664,road_line_intersected_raster_cells_all_touched,mapped,1,0.07958994060754776,0.07958994060754776,0.07958994060754776,1.0,1.0,0.0,0.0
120_150,120,150,RN_ROAD_00630,RN_NODE_00345,RN_NODE_00346,0,RN_ROAD_00630,RN_ROAD_00630,residential,,36.18423993781001,road_line_intersected_raster_cells_all_touched,mapped,3,0.026497801765799522,0.024173077195882797,0.026190084218978883,1.0,1.0,0.0,0.0
120_150,120,150,RN_ROAD_00631,RN_NODE_00345,RN_NODE_00329,0,RN_ROAD_00631,RN_ROAD_00631,residential,['Ashok Balkavade Path'],44.38757753592839,road_line_intersected_raster_cells_all_touched,mapped,3,0.026497801765799522,0.01927949736515681,0.026190084218978883,1.0,0.6666666666666666,0.0,0.0
120_150,120,150,RN_ROAD_00610,RN_NODE_00115,RN_NODE_00116,0,RN_ROAD_00610,RN_ROAD_00610,tertiary,['Kashibai Amrutrao Khilare Path'],3.2633816455871374,road_line_intersected_raster_cells_all_touched,mapped,1,0.0,0.0,0.0,0.0,0.0,0.0,0.0
120_150,120,150,RN_ROAD_00618,RN_NODE_00115,RN_NODE_00102,0,RN_ROAD_00618,RN_ROAD_00618,tertiary,['Kashibai Amrutrao Khilare Path'],62.21208426569458,road_line_intersected_raster_cells_all_touched,mapped,3,0.0,0.0,0.0,0.0,0.0,0.0,0.0
120_150,120,150,RN_ROAD_00621,RN_NODE_00115,RN_NODE_00112,0,RN_ROAD_00621,RN_ROAD_00621,residential,['Dhondumama Sathe Path'],2.1579800510360094,road_line_intersected_raster_cells_all_touched,mapped,1,0.0,0.0,0.0,0.0,0.0,0.0,0.0
120_150,120,150,RN_ROAD_00616,RN_NODE_00099,RN_NODE_00102,0,RN_ROAD_00616,RN_ROAD_00616,tertiary,['Kashibai Amrutrao Khilare Path'],26.666867328266726,road_line_intersected_raster_cells_all_touched,mapped,2,0.0,0.0,0.0,0.0,0.0,0.0,0.0
120_150,120,150,RN_ROAD_00617,RN_NODE_00084,RN_NODE_00078,0,RN_ROAD_00617,RN_ROAD_00617,residential,,32.119561669057084,road_line_intersected_raster_cells_all_touched,mapped,2,0.0,0.0,0.0,0.0,0.0,0.0,0.0
120_150,120,150,RN_ROAD_00619,RN_NODE_00084,RN_NODE_00083,0,RN_ROAD_00619,RN_ROAD_00619,residential,['Major K. G. Pawar Path'],3.6328997085326886,road_line_intersected_raster_cells_all_touched,mapped,2,0.0,0.0,0.0,0.0,0.0,0.0,0.0
120_150,120,150,RN_ROAD_00620,RN_NODE_00102,RN_NODE_00098,0,RN_ROAD_00620,RN_ROAD_00620,residential,,40.54465189522412,road_line_intersected_raster_cells_all_touched,mapped,1,0.0,0.0,0.0,0.0,0.0,0.0,0.0
120_150,120,150,RN_ROAD_00629,RN_NODE_00299,RN_NODE_00304,0,RN_ROAD_00629,RN_ROAD_00629,residential,['Nanasaheb Kale Path'],158.77267008788334,road_line_intersected_raster_cells_all_touched,mapped,7,0.06582950055599213,0.022119091723912528,0.0537220448255539,1.0,0.42857142857142855,0.0,0.0
120_150,120,150,RN_ROAD_00632,RN_NODE_00329,RN_NODE_00316,0,RN_ROAD_00632,RN_ROAD_00632,residential,['Ashok Balkavade Path'],56.395993070836,road_line_intersected_raster_cells_all_touched,mapped,3,0.0063814762979745865,0.004256889534493287,0.0058355433866381645,1.0,0.0,0.0,0.0
120_150,120,150,RN_ROAD_00633,RN_NODE_00329,RN_NODE_00326,0,RN_ROAD_00633,RN_ROAD_00633,residential,,32.94248645921549,road_line_intersected_raster_cells_all_touched,mapped,2,0.007500470150262117,0.006940973224118352,0.0073885707650333645,1.0,0.0,0.0,0.0
120_150,120,150,RN_ROAD_00635,RN_NODE_00180,RN_NODE_00105,0,RN_ROAD_00635,RN_ROAD_00635,tertiary,['Riverside Road'],408.7877077292009,road_line_intersected_raster_cells_all_touched,mapped,19,0.010875375010073185,0.0017423844687436641,0.0038678808137774467,0.9473684210526315,0.0,0.0,0.0
150_180,150,180,RN_ROAD_00001,RN_NODE_00183,RN_NODE_00222,0,RN_ROAD_00001,RN_ROAD_00001,primary,['Sinhagad Road'],110.33464311551056,road_line_intersected_raster_cells_all_touched,mapped,5,0.0009562668274156749,0.00028376509799272754,0.0006518415175378323,1.0,0.0,0.0,0.0
150_180,150,180,RN_ROAD_00002,RN_NODE_00222,RN_NODE_00207,0,RN_ROAD_00002,RN_ROAD_00002,residential,,68.71572842918026,road_line_intersected_raster_cells_all_touched,mapped,4,0.0009562668274156749,0.00042581201341818087,0.0007569381676148625,1.0,0.0,0.0,0.0
150_180,150,180,RN_ROAD_00003,RN_NODE_00222,RN_NODE_00249,0,RN_ROAD_00003,RN_ROAD_00003,primary,['Sinhagad Road'],126.32174974243749,road_line_intersected_raster_cells_all_touched,mapped,7,0.0009562668274156749,0.00037919704975917867,0.0007020928082056344,1.0,0.0,0.0,0.0
150_180,150,180,RN_ROAD_00004,RN_NODE_00207,RN_NODE_00167,0,RN_ROAD_00004,RN_ROAD_00004,residential,,89.17801673037181,road_line_intersected_raster_cells_all_touched,mapped,6,0.0002957784163299948,0.00023471816287686428,0.0002702084311749786,1.0,0.0,0.0,0.0
150_180,150,180,RN_ROAD_00005,RN_NODE_00207,RN_NODE_00219,0,RN_ROAD_00005,RN_ROAD_00005,residential,,41.194797475628484,road_line_intersected_raster_cells_all_touched,mapped,2,0.0003024310281034559,0.0002564679234637879,0.0002932384071755223,1.0,0.0,0.0,0.0
150_180,150,180,RN_ROAD_00012,RN_NODE_00249,RN_NODE_00250,0,RN_ROAD_00012,RN_ROAD_00012,tertiary,,45.82566466269537,road_line_intersected_raster_cells_all_touched,mapped,3,0.017928730696439743,0.011987134726950899,0.017873802781105043,1.0,0.0,0.0,0.0
150_180,150,180,RN_ROAD_00014,RN_NODE_00249,RN_NODE_00307,0,RN_ROAD_00014,RN_ROAD_00014,primary,['Sinhagad Road'],224.8085898385542,road_line_intersected_raster_cells_all_touched,mapped,12,0.05758390575647354,0.02179786650958704,0.05036429353058339,1.0,0.3333333333333333,0.0,0.0
150_180,150,180,RN_ROAD_00201,RN_NODE_00167,RN_NODE_00166,0,RN_ROAD_00201,RN_ROAD_00201,tertiary,['Dattawadi Road'],68.61200462070468,road_line_intersected_raster_cells_all_touched,mapped,3,0.00020361017959658056,6.787005986552685e-05,0.00016288814367726445,0.3333333333333333,0.0,0.0,0.0
150_180,150,180,RN_ROAD_00203,RN_NODE_00167,RN_NODE_00138,0,RN_ROAD_00203,RN_ROAD_00203,residential,,62.633549990759064,road_line_intersected_raster_cells_all_touched,mapped,3,0.00020361017959658056,6.910565923590184e-05,0.00016341011632903246,1.0,0.0,0.0,0.0
150_180,150,180,RN_ROAD_00204,RN_NODE_00167,RN_NODE_00168,0,RN_ROAD_00204,RN_ROAD_00204,tertiary,['Dattawadi Road'],23.648846865110738,road_line_intersected_raster_cells_all_touched,mapped,2,0.00020361017959658056,0.00010419629666102992,0.00018372740300947045,1.0,0.0,0.0,0.0
150_180,150,180,RN_ROAD_00006,RN_NODE_00199,RN_NODE_00172,0,RN_ROAD_00006,RN_ROAD_00006,residential,,47.47580518040966,road_line_intersected_raster_cells_all_touched,mapped,2,0.000788627308793366,0.000749964005080983,0.0007808946480508894,1.0,0.0,0.0,0.0
150_180,150,180,RN_ROAD_00007,RN_NODE_00199,RN_NODE_00218,0,RN_ROAD_00007,RN_ROAD_00007,residential,,59.27071050901246,road_line_intersected_raster_cells_all_touched,mapped,3,0.0013594772899523377,0.0009701118106022477,0.0012554933200590312,1.0,0.0,0.0,0.0
150_180,150,180,RN_ROAD_00008,RN_NODE_00199,RN_NODE_00200,0,RN_ROAD_00008,RN_ROAD_00008,residential,,27.145839404120867,road_line_intersected_raster_cells_all_touched,mapped,2,0.0007113007013686001,0.0005748841940658167,0.0006840173999080434,1.0,0.0,0.0,0.0
150_180,150,180,RN_ROAD_00219,RN_NODE_00172,RN_NODE_00171,0,RN_ROAD_00219,RN_ROAD_00219,tertiary,['Dattawadi Road'],21.238265775773673,road_line_intersected_raster_cells_all_touched,mapped,2,0.000788627308793366,0.00048284090735251084,0.000727470028505195,1.0,0.0,0.0,0.0
150_180,150,180,RN_ROAD_00220,RN_NODE_00172,RN_NODE_00173,0,RN_ROAD_00220,RN_ROAD_00220,tertiary,['Dattawadi Road'],7.048386967157587,road_line_intersected_raster_cells_all_touched,mapped,1,0.000788627308793366,0.000788627308793366,0.000788627308793366,1.0,0.0,0.0,0.0
150_180,150,180,RN_ROAD_00009,RN_NODE_00250,RN_NODE_00220,0,RN_ROAD_00009,RN_ROAD_00009,residential,,106.81149895405065,road_line_intersected_raster_cells_all_touched,mapped,5,0.017654091119766235,0.006678611319512129,0.013373794779181481,1.0,0.0,0.0,0.0
150_180,150,180,RN_ROAD_00013,RN_NODE_00250,RN_NODE_00251,0,RN_ROAD_00013,RN_ROAD_00013,tertiary,,38.80812375658153,road_line_intersected_raster_cells_all_touched,mapped,2,0.017654091119766235,0.01480081770569086,0.01708343643695116,1.0,0.0,0.0,0.0
150_180,150,180,RN_ROAD_00010,RN_NODE_00215,RN_NODE_00178,0,RN_ROAD_00010,RN_ROAD_00010,residential,,76.99211485840236,road_line_intersected_raster_cells_all_touched,mapped,3,0.0006758458912372589,0.0005239882448222488,0.000632206944283098,1.0,0.0,0.0,0.0
150_180,150,180,RN_ROAD_00033,RN_NODE_00178,RN_NODE_00208,0,RN_ROAD_00033,RN_ROAD_00033,tertiary,['Dattawadi Road'],182.87135369775038,road_line_intersected_raster_cells_all_touched,mapped,9,0.08082758635282516,0.024681360079234257,0.05299700945615769,1.0,0.4444444444444444,0.0,0.0
150_180,150,180,RN_ROAD_00222,RN_NODE_00178,RN_NODE_00173,0,RN_ROAD_00222,RN_ROAD_00222,tertiary,['Dattawadi Road'],32.88828427926349,road_line_intersected_raster_cells_all_touched,mapped,2,0.000788627308793366,0.0006231392326299101,0.0007555296935606748,1.0,0.0,0.0,0.0
150_180,150,180,RN_ROAD_00011,RN_NODE_00298,RN_NODE_00205,0,RN_ROAD_00011,RN_ROAD_00011,primary,['Sinhagad Road'],420.18865859382316,road_line_intersected_raster_cells_all_touched,mapped,20,0.05758390575647354,0.008432223920112846,0.043733308464288724,1.0,0.15,0.0,0.0
150_180,150,180,RN_ROAD_00024,RN_NODE_00298,RN_NODE_00339,0,RN_ROAD_00024,RN_ROAD_00024,living_street,,117.7024406571944,road_line_intersected_raster_cells_all_touched,mapped,6,0.049931544810533524,0.02748138519624869,0.04648808017373085,1.0,0.5,0.0,0.0
150_180,150,180,RN_ROAD_00026,RN_NODE_00298,RN_NODE_00311,0,RN_ROAD_00026,RN_ROAD_00026,primary,['Sinhagad Road'],20.820195650817585,road_line_intersected_raster_cells_all_touched,mapped,2,0.05117759108543396,0.04711110331118107,0.05036429353058338,1.0,1.0,0.0,0.0
150_180,150,180,RN_ROAD_00015,RN_NODE_00251,RN_NODE_00252,0,RN_ROAD_00015,RN_ROAD_00015,tertiary,,36.90402520875027,road_line_intersected_raster_cells_all_touched,mapped,2,0.02798900008201599,0.01996827218681574,0.02638485450297594,1.0,0.5,0.0,0.0
150_180,150,180,RN_ROAD_00031,RN_NODE_00251,RN_NODE_00221,0,RN_ROAD_00031,RN_ROAD_00031,residential,,107.05914643211815,road_line_intersected_raster_cells_all_touched,mapped,5,0.023415064439177513,0.013180441781878471,0.018828056380152704,1.0,0.2,0.0,0.0
150_180,150,180,RN_ROAD_00027,RN_NODE_00307,RN_NODE_00311,0,RN_ROAD_00027,RN_ROAD_00027,tertiary,['Panmla road'],12.950108180473846,road_line_intersected_raster_cells_all_touched,mapped,2,0.05117759108543396,0.03469554428011179,0.047881181724369525,1.0,0.5,0.0,0.0
150_180,150,180,RN_ROAD_00029,RN_NODE_00307,RN_NODE_00306,0,RN_ROAD_00029,RN_ROAD_00029,tertiary,['Panmla road'],165.88450329250958,road_line_intersected_raster_cells_all_touched,mapped,6,0.01821349747478962,0.008299716583375508,0.016430699732154608,0.8333333333333334,0.0,0.0,0.0
150_180,150,180,RN_ROAD_00104,RN_NODE_00307,RN_NODE_00398,0,RN_ROAD_00104,RN_ROAD_00104,primary,['Sinhagad Road'],310.8681955303079,road_line_intersected_raster_cells_all_touched,mapped,14,0.05080128461122513,0.011034702977797548,0.017662732675671578,1.0,0.07142857142857142,0.0,0.0
150_180,150,180,RN_ROAD_00016,RN_NODE_00252,RN_NODE_00253,0,RN_ROAD_00016,RN_ROAD_00016,tertiary,,37.78957596580244,road_line_intersected_raster_cells_all_touched,mapped,3,0.07514111697673798,0.044628615180651345,0.0662640392780304,1.0,1.0,0.0,0.0
150_180,150,180,RN_ROAD_00032,RN_NODE_00252,RN_NODE_00224,0,RN_ROAD_00032,RN_ROAD_00032,residential,,102.18258890538435,road_line_intersected_raster_cells_all_touched,mapped,5,0.03131161630153656,0.020942405425012113,0.029982569813728332,1.0,0.4,0.0,0.0
150_180,150,180,RN_ROAD_00017,RN_NODE_00253,RN_NODE_00240,0,RN_ROAD_00017,RN_ROAD_00017,residential,,56.818705917843346,road_line_intersected_raster_cells_all_touched,mapped,3,0.030755728483200073,0.022884358651936054,0.02999059446156025,1.0,0.6666666666666666,0.0,0.0
150_180,150,180,RN_ROAD_00018,RN_NODE_00253,RN_NODE_00254,0,RN_ROAD_00018,RN_ROAD_00018,tertiary,,10.404856598863448,road_line_intersected_raster_cells_all_touched,mapped,1,0.030755728483200073,0.030755728483200073,0.030755728483200073,1.0,1.0,0.0,0.0
150_180,150,180,RN_ROAD_00034,RN_NODE_00240,RN_NODE_00210,0,RN_ROAD_00034,RN_ROAD_00034,residential,,95.66029435012692,road_line_intersected_raster_cells_all_touched,mapped,5,0.07674047350883484,0.050691588595509526,0.07187338173389435,1.0,1.0,0.0,0.0
150_180,150,180,RN_ROAD_00035,RN_NODE_00240,RN_NODE_00242,0,RN_ROAD_00035,RN_ROAD_00035,residential,,55.25679009630857,road_line_intersected_raster_cells_all_touched,mapped,2,0.026930058375000954,0.02244868502020836,0.026033783704042433,1.0,0.5,0.0,0.0
150_180,150,180,RN_ROAD_00041,RN_NODE_00254,RN_NODE_00265,0,RN_ROAD_00041,RN_ROAD_00041,residential,,37.37936461896842,road_line_intersected_raster_cells_all_touched,mapped,2,0.03342234715819359,0.03208903782069683,0.03315568529069424,1.0,1.0,0.0,0.0
150_180,150,180,RN_ROAD_00043,RN_NODE_00254,RN_NODE_00256,0,RN_ROAD_00043,RN_ROAD_00043,tertiary,,44.90716795876552,road_line_intersected_raster_cells_all_touched,mapped,2,0.030755728483200073,0.018280486576259136,0.028260680101811885,1.0,0.5,0.0,0.0
150_180,150,180,RN_ROAD_00019,RN_NODE_00279,RN_NODE_00284,0,RN_ROAD_00019,RN_ROAD_00019,residential,,15.457018790921675,road_line_intersected_raster_cells_all_touched,mapped,1,0.005607257131487131,0.005607257131487131,0.005607257131487131,1.0,0.0,0.0,0.0
150_180,150,180,RN_ROAD_00020,RN_NODE_00279,RN_NODE_00265,0,RN_ROAD_00020,RN_ROAD_00020,residential,,51.109121332944376,road_line_intersected_raster_cells_all_touched,mapped,3,0.03342234715819359,0.02306632837280631,0.03277175389230251,1.0,0.6666666666666666,0.0,0.0
150_180,150,180,RN_ROAD_00042,RN_NODE_00279,RN_NODE_00280,0,RN_ROAD_00042,RN_ROAD_00042,residential,,12.671054645406425,road_line_intersected_raster_cells_all_touched,mapped,1,0.005607257131487131,0.005607257131487131,0.005607257131487131,1.0,0.0,0.0,0.0
150_180,150,180,RN_ROAD_00044,RN_NODE_00265,RN_NODE_00267,0,RN_ROAD_00044,RN_ROAD_00044,residential,,78.53311568005444,road_line_intersected_raster_cells_all_touched,mapped,3,0.03342234715819359,0.013726186472922564,0.028076205030083658,1.0,0.3333333333333333,0.0,0.0
150_180,150,180,RN_ROAD_00021,RN_NODE_00337,RN_NODE_00336,0,RN_ROAD_00021,RN_ROAD_00021,residential,,4.010574873213283,road_line_intersected_raster_cells_all_touched,outside_valid_flood_grid,0,,,,,,,
150_180,150,180,RN_ROAD_00022,RN_NODE_00337,RN_NODE_00338,0,RN_ROAD_00022,RN_ROAD_00022,residential,,3.5777701642730535,road_line_intersected_raster_cells_all_touched,outside_valid_flood_grid,0,,,,,,,
150_180,150,180,RN_ROAD_00023,RN_NODE_00337,RN_NODE_00349,0,RN_ROAD_00023,RN_ROAD_00023,residential,,59.620737404387555,road_line_intersected_raster_cells_all_touched,mapped,3,0.0,0.0,0.0,0.0,0.0,0.0,0.0
150_180,150,180,RN_ROAD_00101,RN_NODE_00349,RN_NODE_00357,0,RN_ROAD_00101,RN_ROAD_00101,residential,,47.76723768710115,road_line_intersected_raster_cells_all_touched,mapped,3,0.0,0.0,0.0,0.0,0.0,0.0,0.0
150_180,150,180,RN_ROAD_00103,RN_NODE_00349,RN_NODE_00451,0,RN_ROAD_00103,RN_ROAD_00103,residential,,393.37092434710667,road_line_intersected_raster_cells_all_touched,mapped,19,7.152797934395494e-06,3.764630491787102e-07,0.0,0.05263157894736842,0.0,0.0,0.0
150_180,150,180,RN_ROAD_00025,RN_NODE_00366,RN_NODE_00321,0,RN_ROAD_00025,RN_ROAD_00025,living_street,,160.56974852956768,road_line_intersected_raster_cells_all_touched,mapped,7,0.03334227576851845,0.010780222851151069,0.02301477305591107,1.0,0.14285714285714285,0.0,0.0
150_180,150,180,RN_ROAD_00028,RN_NODE_00321,RN_NODE_00311,0,RN_ROAD_00028,RN_ROAD_00028,primary,['Sinhagad Road'],53.368993155301965,road_line_intersected_raster_cells_all_touched,mapped,4,0.05117759108543396,0.03838366223499179,0.05106469914317131,1.0,0.75,0.0,0.0
150_180,150,180,RN_ROAD_00105,RN_NODE_00321,RN_NODE_00403,0,RN_ROAD_00105,RN_ROAD_00105,primary,['Sinhagad Road'],260.06086779730686,road_line_intersected_raster_cells_all_touched,mapped,13,0.03334227576851845,0.007387774441247949,0.01536560989916325,1.0,0.07692307692307693,0.0,0.0
150_180,150,180,RN_ROAD_00030,RN_NODE_00306,RN_NODE_00317,0,RN_ROAD_00030,RN_ROAD_00030,residential,,35.17916299023046,road_line_intersected_raster_cells_all_touched,mapped,2,0.0,0.0,0.0,0.0,0.0,0.0,0.0
150_180,150,180,RN_ROAD_00081,RN_NODE_00306,RN_NODE_00305,0,RN_ROAD_00081,RN_ROAD_00081,tertiary,,66.4260344158254,road_line_intersected_raster_cells_all_touched,mapped,3,5.0039743655361235e-06,1.67074512772795e-06,4.0048316959584445e-06,0.6666666666666666,0.0,0.0,0.0
150_180,150,180,RN_ROAD_00037,RN_NODE_00208,RN_NODE_00190,0,RN_ROAD_00037,RN_ROAD_00037,residential,,36.35525499430467,road_line_intersected_raster_cells_all_touched,mapped,2,0.028728822246193886,0.01925299223512411,0.02683365624397993,1.0,0.5,0.0,0.0
150_180,150,180,RN_ROAD_00039,RN_NODE_00208,RN_NODE_00209,0,RN_ROAD_00039,RN_ROAD_00039,tertiary,['Dattawadi Road'],26.03044550460261,road_line_intersected_raster_cells_all_touched,mapped,2,0.009777162224054337,0.007288879947736859,0.00927950576879084,1.0,0.0,0.0,0.0
150_180,150,180,RN_ROAD_00038,RN_NODE_00242,RN_NODE_00225,0,RN_ROAD_00038,RN_ROAD_00038,residential,,84.51756534679647,road_line_intersected_raster_cells_all_touched,mapped,6,0.036301061511039734,0.016186791161696117,0.0300336591899395,1.0,0.3333333333333333,0.0,0.0
150_180,150,180,RN_ROAD_00045,RN_NODE_00242,RN_NODE_00256,0,RN_ROAD_00045,RN_ROAD_00045,residential,,56.395339779681436,road_line_intersected_raster_cells_all_touched,mapped,3,0.017967311665415764,0.011495427538951239,0.01651659458875656,1.0,0.0,0.0,0.0
150_180,150,180,RN_ROAD_00036,RN_NODE_00191,RN_NODE_00190,0,RN_ROAD_00036,RN_ROAD_00036,residential,,43.636454570990736,road_line_intersected_raster_cells_all_touched,mapped,3,0.05953825265169144,0.046643812830249466,0.05796347483992577,1.0,1.0,0.0,0.0
150_180,150,180,RN_ROAD_00040,RN_NODE_00190,RN_NODE_00188,0,RN_ROAD_00040,RN_ROAD_00040,residential,,40.90975146529643,road_line_intersected_raster_cells_all_touched,mapped,2,0.028728822246193886,0.02189659560099244,0.027362376917153597,1.0,0.5,0.0,0.0
150_180,150,180,RN_ROAD_00226,RN_NODE_00190,RN_NODE_00132,0,RN_ROAD_00226,RN_ROAD_00226,residential,,135.162456334921,road_line_intersected_raster_cells_all_touched,mapped,6,0.02882041595876217,0.014195185649441555,0.028774619102478027,1.0,0.3333333333333333,0.0,0.0
150_180,150,180,RN_ROAD_00049,RN_NODE_00225,RN_NODE_00257,0,RN_ROAD_00049,RN_ROAD_00049,residential,,104.09119651047976,road_line_intersected_raster_cells_all_touched,mapped,4,0.008477400988340378,0.0056226300075650215,0.007971797743812204,1.0,0.0,0.0,0.0
150_180,150,180,RN_ROAD_00051,RN_NODE_00225,RN_NODE_00209,0,RN_ROAD_00051,RN_ROAD_00051,residential,,40.48572136886673,road_line_intersected_raster_cells_all_touched,mapped,3,0.00679205683991313,0.004717847177137931,0.006393765006214381,1.0,0.0,0.0,0.0
150_180,150,180,RN_ROAD_00052,RN_NODE_00225,RN_NODE_00226,0,RN_ROAD_00052,RN_ROAD_00052,residential,,35.95601353641846,road_line_intersected_raster_cells_all_touched,mapped,2,0.007774668745696545,0.007283362792804837,0.007676407555118203,1.0,0.0,0.0,0.0
150_180,150,180,RN_ROAD_00054,RN_NODE_00209,RN_NODE_00211,0,RN_ROAD_00054,RN_ROAD_00054,tertiary,['Dattawadi Road'],74.6477816696061,road_line_intersected_raster_cells_all_touched,mapped,3,0.01878395304083824,0.010478863958269358,0.016597570665180684,1.0,0.0,0.0,0.0
150_180,150,180,RN_ROAD_00053,RN_NODE_00188,RN_NODE_00186,0,RN_ROAD_00053,RN_ROAD_00053,residential,,34.9736689686955,road_line_intersected_raster_cells_all_touched,mapped,2,0.015064368955790997,0.014470880851149559,0.01494567133486271,1.0,0.0,0.0,0.0
150_180,150,180,RN_ROAD_00237,RN_NODE_00188,RN_NODE_00150,0,RN_ROAD_00237,RN_ROAD_00237,residential,,74.85030696139879,road_line_intersected_raster_cells_all_touched,mapped,4,0.01998095214366913,0.014882473275065422,0.018740786984562875,1.0,0.0,0.0,0.0
150_180,150,180,RN_ROAD_00047,RN_NODE_00280,RN_NODE_00280,0,RN_ROAD_00047,RN_ROAD_00047,residential,,271.48317612441605,road_line_intersected_raster_cells_all_touched,mapped,10,0.030169380828738213,0.004761367626997526,0.00952844722196459,0.8,0.1,0.0,0.0
150_180,150,180,RN_ROAD_00046,RN_NODE_00256,RN_NODE_00257,0,RN_ROAD_00046,RN_ROAD_00046,tertiary,,38.72242276576632,road_line_intersected_raster_cells_all_touched,mapped,3,0.005805244669318199,0.003114351537078619,0.005068763252347708,1.0,0.0,0.0,0.0
150_180,150,180,RN_ROAD_00048,RN_NODE_00267,RN_NODE_00270,0,RN_ROAD_00048,RN_ROAD_00048,residential,,25.878026259087473,road_line_intersected_raster_cells_all_touched,mapped,2,0.0010645757429301739,0.000579042414756259,0.0009674690772953909,1.0,0.0,0.0,0.0
150_180,150,180,RN_ROAD_00050,RN_NODE_00267,RN_NODE_00268,0,RN_ROAD_00050,RN_ROAD_00050,residential,,32.81439084825519,road_line_intersected_raster_cells_all_touched,mapped,3,0.0010645757429301739,0.0005818154119576017,0.0009878346929326654,0.6666666666666666,0.0,0.0,0.0
150_180,150,180,RN_ROAD_00061,RN_NODE_00257,RN_NODE_00258,0,RN_ROAD_00061,RN_ROAD_00061,tertiary,,36.24842936221222,road_line_intersected_raster_cells_all_touched,mapped,2,0.002122837584465742,0.0016229753382503986,0.0020228651352226733,1.0,0.0,0.0,0.0
150_180,150,180,RN_ROAD_00062,RN_NODE_00268,RN_NODE_00278,0,RN_ROAD_00062,RN_ROAD_00062,residential,,34.0388930170019,road_line_intersected_raster_cells_all_touched,mapped,2,0.0,0.0,0.0,0.0,0.0,0.0,0.0
150_180,150,180,RN_ROAD_00064,RN_NODE_00268,RN_NODE_00269,0,RN_ROAD_00064,RN_ROAD_00064,residential,,21.492524537581243,road_line_intersected_raster_cells_all_touched,mapped,1,0.0,0.0,0.0,0.0,0.0,0.0,0.0
150_180,150,180,RN_ROAD_00055,RN_NODE_00226,RN_NODE_00227,0,RN_ROAD_00055,RN_ROAD_00055,residential,,39.2116910610255,road_line_intersected_raster_cells_all_touched,mapped,2,0.007774668745696545,0.005970298778265715,0.007413794752210379,1.0,0.0,0.0,0.0
150_180,150,180,RN_ROAD_00063,RN_NODE_00226,RN_NODE_00258,0,RN_ROAD_00063,RN_ROAD_00063,residential,,104.41866178505872,road_line_intersected_raster_cells_all_touched,mapped,4,0.007774668745696545,0.004102275910554454,0.007222785660997034,1.0,0.0,0.0,0.0
150_180,150,180,RN_ROAD_00056,RN_NODE_00186,RN_NODE_00187,0,RN_ROAD_00056,RN_ROAD_00056,residential,,25.120377643736735,road_line_intersected_raster_cells_all_touched,mapped,2,0.013877392746508121,0.008970561437308788,0.012896026484668255,1.0,0.0,0.0,0.0
150_180,150,180,RN_ROAD_00241,RN_NODE_00186,RN_NODE_00156,0,RN_ROAD_00241,RN_ROAD_00241,residential,,61.68449622986819,road_line_intersected_raster_cells_all_touched,mapped,3,0.013988446444272995,0.011669997746745745,0.01396623570472002,1.0,0.0,0.0,0.0
150_180,150,180,RN_ROAD_00058,RN_NODE_00211,RN_NODE_00187,0,RN_ROAD_00058,RN_ROAD_00058,residential,,45.06280672272299,road_line_intersected_raster_cells_all_touched,mapped,2,0.00785204116255045,0.005957885645329952,0.00747321005910635,1.0,0.0,0.0,0.0
150_180,150,180,RN_ROAD_00059,RN_NODE_00211,RN_NODE_00227,0,RN_ROAD_00059,RN_ROAD_00059,residential,,38.98029653189591,road_line_intersected_raster_cells_all_touched,mapped,3,0.01154299732297659,0.007853655765453974,0.01080480609089136,1.0,0.0,0.0,0.0
150_180,150,180,RN_ROAD_00060,RN_NODE_00211,RN_NODE_00212,0,RN_ROAD_00060,RN_ROAD_00060,tertiary,['Dattawadi Road'],36.97983102056298,road_line_intersected_raster_cells_all_touched,mapped,2,0.00785204116255045,0.005290799657814205,0.007339792861603201,1.0,0.0,0.0,0.0
150_180,150,180,RN_ROAD_00057,RN_NODE_00227,RN_NODE_00238,0,RN_ROAD_00057,RN_ROAD_00057,residential,,28.855080650982604,road_line_intersected_raster_cells_all_touched,mapped,2,0.004165928810834885,0.0028151266742497683,0.0038957683835178615,1.0,0.0,0.0,0.0
150_180,150,180,RN_ROAD_00244,RN_NODE_00187,RN_NODE_00175,0,RN_ROAD_00244,RN_ROAD_00244,residential,,33.110798205839764,road_line_intersected_raster_cells_all_touched,mapped,2,0.004175705369561911,0.004119717748835683,0.004164507845416665,1.0,0.0,0.0,0.0
150_180,150,180,RN_ROAD_00066,RN_NODE_00238,RN_NODE_00259,0,RN_ROAD_00066,RN_ROAD_00066,residential,,75.86989844292557,road_line_intersected_raster_cells_all_touched,mapped,3,0.0014643245376646519,0.00048810817922155064,0.0011714596301317217,0.3333333333333333,0.0,0.0,0.0
150_180,150,180,RN_ROAD_00071,RN_NODE_00238,RN_NODE_00239,0,RN_ROAD_00071,RN_ROAD_00071,residential,,40.63568578815476,road_line_intersected_raster_cells_all_touched,mapped,3,0.0014643245376646519,0.0008417017767593885,0.0013381491531617939,1.0,0.0,0.0,0.0
150_180,150,180,RN_ROAD_00072,RN_NODE_00212,RN_NODE_00193,0,RN_ROAD_00072,RN_ROAD_00072,tertiary,,38.410056230253225,road_line_intersected_raster_cells_all_touched,mapped,2,0.00272955815307796,0.002470080042257905,0.002677662530913949,1.0,0.0,0.0,0.0
150_180,150,180,RN_ROAD_00073,RN_NODE_00212,RN_NODE_00228,0,RN_ROAD_00073,RN_ROAD_00073,tertiary,,40.09538264547372,road_line_intersected_raster_cells_all_touched,mapped,4,0.00272955815307796,0.0015715472400188446,0.002638021344318986,1.0,0.0,0.0,0.0
150_180,150,180,RN_ROAD_00080,RN_NODE_00212,RN_NODE_00213,0,RN_ROAD_00080,RN_ROAD_00080,tertiary,['Dattawadi Road'],126.01139667967246,road_line_intersected_raster_cells_all_touched,mapped,6,0.00272955815307796,0.0010579612959797184,0.002458856673911214,0.5,0.0,0.0,0.0
150_180,150,180,RN_ROAD_00065,RN_NODE_00258,RN_NODE_00259,0,RN_ROAD_00065,RN_ROAD_00065,tertiary,,38.55343416567287,road_line_intersected_raster_cells_all_touched,mapped,2,0.0011231130920350552,0.0005615565460175276,0.0010108017828315496,0.5,0.0,0.0,0.0
150_180,150,180,RN_ROAD_00067,RN_NODE_00259,RN_NODE_00260,0,RN_ROAD_00067,RN_ROAD_00067,tertiary,,40.74518304705443,road_line_intersected_raster_cells_all_touched,mapped,3,6.382328137988225e-06,2.1274427126627415e-06,5.10586251039058e-06,0.3333333333333333,0.0,0.0,0.0
150_180,150,180,RN_ROAD_00069,RN_NODE_00260,RN_NODE_00264,0,RN_ROAD_00069,RN_ROAD_00069,tertiary,,26.62863146932078,road_line_intersected_raster_cells_all_touched,mapped,3,6.382328137988225e-06,2.1274427126627415e-06,5.10586251039058e-06,0.3333333333333333,0.0,0.0,0.0
150_180,150,180,RN_ROAD_00070,RN_NODE_00260,RN_NODE_00244,0,RN_ROAD_00070,RN_ROAD_00070,tertiary,,24.938363724921295,road_line_intersected_raster_cells_all_touched,mapped,2,6.382328137988225e-06,3.1911640689941123e-06,5.744095324189403e-06,0.5,0.0,0.0,0.0
150_180,150,180,RN_ROAD_00068,RN_NODE_00297,RN_NODE_00264,0,RN_ROAD_00068,RN_ROAD_00068,tertiary,,130.87283489357,road_line_intersected_raster_cells_all_touched,mapped,5,1.8997818187926896e-05,7.210710100480355e-06,1.6091559155029247e-05,0.6,0.0,0.0,0.0
150_180,150,180,RN_ROAD_00082,RN_NODE_00297,RN_NODE_00305,0,RN_ROAD_00082,RN_ROAD_00082,tertiary,,11.181496939700613,road_line_intersected_raster_cells_all_touched,mapped,2,5.323561708792113e-06,5.163768037164118e-06,5.291602974466514e-06,1.0,0.0,0.0,0.0
150_180,150,180,RN_ROAD_00083,RN_NODE_00297,RN_NODE_00294,0,RN_ROAD_00083,RN_ROAD_00083,residential,,70.2922251484159,road_line_intersected_raster_cells_all_touched,mapped,4,0.0020513879135251045,0.0006247369797165447,0.0015553280158201236,1.0,0.0,0.0,0.0
150_180,150,180,RN_ROAD_00296,RN_NODE_00264,RN_NODE_00263,0,RN_ROAD_00296,RN_ROAD_00296,residential,,72.78052268614596,road_line_intersected_raster_cells_all_touched,mapped,4,0.0005205696215853095,0.00013996219604450744,0.00037451933640113576,0.75,0.0,0.0,0.0
150_180,150,180,RN_ROAD_00294,RN_NODE_00244,RN_NODE_00239,0,RN_ROAD_00294,RN_ROAD_00294,tertiary,,51.659918278362944,road_line_intersected_raster_cells_all_touched,mapped,2,0.00022733317746315151,0.00011366658873157576,0.00020459985971683637,0.5,0.0,0.0,0.0
150_180,150,180,RN_ROAD_00295,RN_NODE_00244,RN_NODE_00247,0,RN_ROAD_00295,RN_ROAD_00295,residential,,40.36964816219208,road_line_intersected_raster_cells_all_touched,mapped,2,6.730186578352004e-05,3.365093289176002e-05,6.057167920516804e-05,0.5,0.0,0.0,0.0
150_180,150,180,RN_ROAD_00074,RN_NODE_00239,RN_NODE_00228,0,RN_ROAD_00074,RN_ROAD_00074,tertiary,,26.901590919768886,road_line_intersected_raster_cells_all_touched,mapped,2,0.00030769273871555924,0.0002675129580893554,0.0002996567825903185,1.0,0.0,0.0,0.0
150_180,150,180,RN_ROAD_00075,RN_NODE_00193,RN_NODE_00194,0,RN_ROAD_00075,RN_ROAD_00075,residential,,37.31989973867388,road_line_intersected_raster_cells_all_touched,mapped,3,0.0024734570179134607,0.002162132994271815,0.0024208860006183384,1.0,0.0,0.0,0.0
150_180,150,180,RN_ROAD_00256,RN_NODE_00193,RN_NODE_00174,0,RN_ROAD_00256,RN_ROAD_00256,tertiary,,41.693740805285216,road_line_intersected_raster_cells_all_touched,mapped,2,0.002895653247833252,0.002553127589635551,0.0028271481161937116,1.0,0.0,0.0,0.0
150_180,150,180,RN_ROAD_00076,RN_NODE_00228,RN_NODE_00229,0,RN_ROAD_00076,RN_ROAD_00076,residential,,40.45446256118045,road_line_intersected_raster_cells_all_touched,mapped,2,0.0008260364411398768,0.000566864589927718,0.0007742020708974451,1.0,0.0,0.0,0.0
150_180,150,180,RN_ROAD_00078,RN_NODE_00194,RN_NODE_00195,0,RN_ROAD_00078,RN_ROAD_00078,residential,,36.19111684470716,road_line_intersected_raster_cells_all_touched,mapped,2,0.0018023400334641337,0.0014811712899245322,0.0017381062847562135,1.0,0.0,0.0,0.0
150_180,150,180,RN_ROAD_00257,RN_NODE_00194,RN_NODE_00146,0,RN_ROAD_00257,RN_ROAD_00257,residential,,105.88544834265709,road_line_intersected_raster_cells_all_touched,mapped,4,0.003486350644379854,0.0027257510519120842,0.0033220320940017703,1.0,0.0,0.0,0.0
150_180,150,180,RN_ROAD_00077,RN_NODE_00229,RN_NODE_00247,0,RN_ROAD_00077,RN_ROAD_00077,residential,,77.80122283607632,road_line_intersected_raster_cells_all_touched,mapped,3,0.0008260364411398768,0.0002977794356411323,0.0006742895260686056,0.6666666666666666,0.0,0.0,0.0
150_180,150,180,RN_ROAD_00079,RN_NODE_00229,RN_NODE_00230,0,RN_ROAD_00079,RN_ROAD_00079,residential,,37.931014123628856,road_line_intersected_raster_cells_all_touched,mapped,2,0.0008260364411398768,0.0004130182205699384,0.0007434327970258892,0.5,0.0,0.0,0.0
150_180,150,180,RN_ROAD_00297,RN_NODE_00247,RN_NODE_00246,0,RN_ROAD_00297,RN_ROAD_00297,residential,,37.670645354702565,road_line_intersected_raster_cells_all_touched,mapped,2,0.0001910775463329628,0.00012918970605824143,0.00017869997827801853,1.0,0.0,0.0,0.0
150_180,150,180,RN_ROAD_00091,RN_NODE_00195,RN_NODE_00176,0,RN_ROAD_00091,RN_ROAD_00091,residential,,38.41929687467551,road_line_intersected_raster_cells_all_touched,mapped,2,0.0011600025463849306,0.0005800012731924653,0.0010440022917464376,0.5,0.0,0.0,0.0
150_180,150,180,RN_ROAD_00093,RN_NODE_00195,RN_NODE_00197,0,RN_ROAD_00093,RN_ROAD_00093,residential,,53.33428004208454,road_line_intersected_raster_cells_all_touched,mapped,3,0.0011600025463849306,0.0003866675154616435,0.0009280020371079446,0.3333333333333333,0.0,0.0,0.0
150_180,150,180,RN_ROAD_00092,RN_NODE_00230,RN_NODE_00246,0,RN_ROAD_00092,RN_ROAD_00092,residential,,76.77767014268143,road_line_intersected_raster_cells_all_touched,mapped,3,0.0001910775463329628,7.194475195622847e-05,0.0001578133789735148,0.6666666666666666,0.0,0.0,0.0
150_180,150,180,RN_ROAD_00094,RN_NODE_00230,RN_NODE_00234,0,RN_ROAD_00094,RN_ROAD_00094,residential,,43.564722645993555,road_line_intersected_raster_cells_all_touched,mapped,3,0.0007556139607913792,0.00045994601290052134,0.0007293359842151404,0.6666666666666666,0.0,0.0,0.0
150_180,150,180,RN_ROAD_00096,RN_NODE_00213,RN_NODE_00234,0,RN_ROAD_00096,RN_ROAD_00096,residential,,39.92478066992536,road_line_intersected_raster_cells_all_touched,mapped,3,0.0007556139607913792,0.0003844711172860116,0.0006840510468464345,0.6666666666666666,0.0,0.0,0.0
150_180,150,180,RN_ROAD_00097,RN_NODE_00213,RN_NODE_00197,0,RN_ROAD_00097,RN_ROAD_00097,residential,,38.82730769015813,road_line_intersected_raster_cells_all_touched,mapped,2,0.0,0.0,0.0,0.0,0.0,0.0,0.0
150_180,150,180,RN_ROAD_00304,RN_NODE_00213,RN_NODE_00214,0,RN_ROAD_00304,RN_ROAD_00304,tertiary,['Dattawadi Road'],89.95960034883794,road_line_intersected_raster_cells_all_touched,mapped,4,0.0011914032511413097,0.0003207206100341864,0.0008614260324975478,0.5,0.0,0.0,0.0
150_180,150,180,RN_ROAD_00084,RN_NODE_00305,RN_NODE_00328,0,RN_ROAD_00084,RN_ROAD_00084,tertiary,,90.13771843891129,road_line_intersected_raster_cells_all_touched,mapped,6,0.005541482474654913,0.0010035185820621944,0.002880445019400213,1.0,0.0,0.0,0.0
150_180,150,180,RN_ROAD_00085,RN_NODE_00328,RN_NODE_00293,0,RN_ROAD_00085,RN_ROAD_00085,residential,,105.33721628543579,road_line_intersected_raster_cells_all_touched,mapped,5,0.012424335815012455,0.006060294853523373,0.010553450882434846,1.0,0.0,0.0,0.0
150_180,150,180,RN_ROAD_00086,RN_NODE_00328,RN_NODE_00356,0,RN_ROAD_00086,RN_ROAD_00086,tertiary,,98.16696127727685,road_line_intersected_raster_cells_all_touched,mapped,5,0.19013285636901855,0.08877280307933688,0.17019090056419373,1.0,0.8,0.4,0.0
150_180,150,180,RN_ROAD_00172,RN_NODE_00356,RN_NODE_00361,0,RN_ROAD_00172,RN_ROAD_00172,residential,,46.82523189296001,road_line_intersected_raster_cells_all_touched,mapped,3,0.08598186075687408,0.04138161273052295,0.07335573695600033,1.0,0.6666666666666666,0.0,0.0
150_180,150,180,RN_ROAD_00173,RN_NODE_00356,RN_NODE_00427,0,RN_ROAD_00173,RN_ROAD_00173,tertiary,,234.03133514478208,road_line_intersected_raster_cells_all_touched,mapped,11,0.2199375331401825,0.05631695973517543,0.10848329216241837,1.0,0.5454545454545454,0.18181818181818182,0.0
150_180,150,180,RN_ROAD_00087,RN_NODE_00314,RN_NODE_00315,0,RN_ROAD_00087,RN_ROAD_00087,residential,,45.05843580903861,road_line_intersected_raster_cells_all_touched,mapped,2,0.011011597700417042,0.006332768069114536,0.010075831774156541,1.0,0.0,0.0,0.0
150_180,150,180,RN_ROAD_00088,RN_NODE_00314,RN_NODE_00319,0,RN_ROAD_00088,RN_ROAD_00088,residential,,33.693765674940465,road_line_intersected_raster_cells_all_touched,mapped,2,0.0019397522555664182,0.0017968453466892242,0.0019111708737909795,1.0,0.0,0.0,0.0
150_180,150,180,RN_ROAD_00089,RN_NODE_00314,RN_NODE_00290,0,RN_ROAD_00089,RN_ROAD_00089,residential,,121.67517705552382,road_line_intersected_raster_cells_all_touched,mapped,5,0.01050631981343031,0.004946855880552903,0.009579792432487012,1.0,0.0,0.0,0.0
150_180,150,180,RN_ROAD_00090,RN_NODE_00314,RN_NODE_00313,0,RN_ROAD_00090,RN_ROAD_00090,residential,,63.21236636402831,road_line_intersected_raster_cells_all_touched,mapped,3,0.0016539384378120303,0.0015281459006170432,0.001647336920723319,1.0,0.0,0.0,0.0
150_180,150,180,RN_ROAD_00303,RN_NODE_00290,RN_NODE_00281,0,RN_ROAD_00303,RN_ROAD_00303,residential,,75.55398586526928,road_line_intersected_raster_cells_all_touched,mapped,4,0.004024168010801077,0.001577207316586282,0.003210618952289224,1.0,0.0,0.0,0.0
150_180,150,180,RN_ROAD_00316,RN_NODE_00290,RN_NODE_00313,0,RN_ROAD_00316,RN_ROAD_00316,residential,,61.77604347682732,road_line_intersected_raster_cells_all_touched,mapped,3,0.004024168010801077,0.002146010558741788,0.003481248090974987,1.0,0.0,0.0,0.0
150_180,150,180,RN_ROAD_00324,RN_NODE_00290,RN_NODE_00286,0,RN_ROAD_00324,RN_ROAD_00324,residential,,53.980157249501374,road_line_intersected_raster_cells_all_touched,mapped,3,0.004024168010801077,0.0016980241925921291,0.0033498917124234143,1.0,0.0,0.0,0.0
150_180,150,180,RN_ROAD_00317,RN_NODE_00313,RN_NODE_00333,0,RN_ROAD_00317,RN_ROAD_00317,residential,,50.072254927188524,road_line_intersected_raster_cells_all_touched,mapped,3,0.0013095684116706252,0.001053312230700006,0.0012980042956769466,1.0,0.0,0.0,0.0
150_180,150,180,RN_ROAD_00320,RN_NODE_00313,RN_NODE_00312,0,RN_ROAD_00320,RN_ROAD_00320,residential,,42.21382632969337,road_line_intersected_raster_cells_all_touched,mapped,3,0.0013095684116706252,0.00048213488359275897,0.001071621607115958,1.0,0.0,0.0,0.0
150_180,150,180,RN_ROAD_00258,RN_NODE_00176,RN_NODE_00152,0,RN_ROAD_00258,RN_ROAD_00258,residential,,37.12096600182516,road_line_intersected_raster_cells_all_touched,mapped,2,0.0,0.0,0.0,0.0,0.0,0.0,0.0
150_180,150,180,RN_ROAD_00260,RN_NODE_00176,RN_NODE_00177,0,RN_ROAD_00260,RN_ROAD_00260,residential,,99.19862013661967,road_line_intersected_raster_cells_all_touched,mapped,4,0.0,0.0,0.0,0.0,0.0,0.0,0.0
150_180,150,180,RN_ROAD_00299,RN_NODE_00246,RN_NODE_00245,0,RN_ROAD_00299,RN_ROAD_00299,residential,,42.58423840088509,road_line_intersected_raster_cells_all_touched,mapped,3,0.002840221393853426,0.0016142002859851345,0.002634437498636544,1.0,0.0,0.0,0.0
150_180,150,180,RN_ROAD_00099,RN_NODE_00197,RN_NODE_00198,0,RN_ROAD_00099,RN_ROAD_00099,residential,,45.50958373134193,road_line_intersected_raster_cells_all_touched,mapped,2,0.0,0.0,0.0,0.0,0.0,0.0,0.0
150_180,150,180,RN_ROAD_00095,RN_NODE_00234,RN_NODE_00245,0,RN_ROAD_00095,RN_ROAD_00095,residential,,75.61627595530594,road_line_intersected_raster_cells_all_touched,mapped,3,0.002840221393853426,0.0016810412247044344,0.0025616347789764403,1.0,0.0,0.0,0.0
150_180,150,180,RN_ROAD_00098,RN_NODE_00234,RN_NODE_00235,0,RN_ROAD_00098,RN_ROAD_00098,residential,,36.270777899434066,road_line_intersected_raster_cells_all_touched,mapped,2,0.0008897619554772973,0.0008226879581343383,0.0008763471560087055,1.0,0.0,0.0,0.0
150_180,150,180,RN_ROAD_00301,RN_NODE_00245,RN_NODE_00241,0,RN_ROAD_00301,RN_ROAD_00301,residential,,70.53375969539323,road_line_intersected_raster_cells_all_touched,mapped,3,0.0070491693913936615,0.0037911722514157495,0.006207379791885614,1.0,0.0,0.0,0.0
150_180,150,180,RN_ROAD_00100,RN_NODE_00235,RN_NODE_00241,0,RN_ROAD_00100,RN_ROAD_00100,residential,,37.98293668808784,road_line_intersected_raster_cells_all_touched,mapped,2,0.0014841259690001607,0.001186943962238729,0.0014246895676478743,1.0,0.0,0.0,0.0
150_180,150,180,RN_ROAD_00307,RN_NODE_00235,RN_NODE_00214,0,RN_ROAD_00307,RN_ROAD_00307,residential,,92.55852863842196,road_line_intersected_raster_cells_all_touched,mapped,5,0.002533757360652089,0.0015375291230157017,0.0021739164832979443,1.0,0.0,0.0,0.0
150_180,150,180,RN_ROAD_00305,RN_NODE_00198,RN_NODE_00177,0,RN_ROAD_00305,RN_ROAD_00305,residential,,39.526505477982745,road_line_intersected_raster_cells_all_touched,mapped,2,0.0,0.0,0.0,0.0,0.0,0.0,0.0
150_180,150,180,RN_ROAD_00308,RN_NODE_00198,RN_NODE_00203,0,RN_ROAD_00308,RN_ROAD_00308,residential,,42.156257641141636,road_line_intersected_raster_cells_all_touched,mapped,3,0.00024511024821549654,0.0001360786360843728,0.0002287133305799216,0.6666666666666666,0.0,0.0,0.0
150_180,150,180,RN_ROAD_00306,RN_NODE_00241,RN_NODE_00243,0,RN_ROAD_00306,RN_ROAD_00306,residential,,43.674198984804306,road_line_intersected_raster_cells_all_touched,mapped,2,0.005835848394781351,0.003659987181890756,0.005400676152203232,1.0,0.0,0.0,0.0
150_180,150,180,RN_ROAD_00102,RN_NODE_00358,RN_NODE_00451,0,RN_ROAD_00102,RN_ROAD_00102,residential,['Janata Vasahat Road'],400.63554354988895,road_line_intersected_raster_cells_all_touched,mapped,19,0.0,0.0,0.0,0.0,0.0,0.0,0.0
150_180,150,180,RN_ROAD_00111,RN_NODE_00451,RN_NODE_00480,0,RN_ROAD_00111,RN_ROAD_00111,residential,['Janata Vasahat Road'],116.53808923417535,road_line_intersected_raster_cells_all_touched,mapped,6,2.6538706151768565e-05,1.0494422895135358e-05,2.0105332623643335e-05,0.6666666666666666,0.0,0.0,0.0
150_180,150,180,RN_ROAD_00106,RN_NODE_00398,RN_NODE_00403,0,RN_ROAD_00106,RN_ROAD_00106,primary_link,,11.685241840114362,road_line_intersected_raster_cells_all_touched,mapped,2,0.010924232192337513,0.007150015328079462,0.010169388819485902,1.0,0.0,0.0,0.0
150_180,150,180,RN_ROAD_00107,RN_NODE_00398,RN_NODE_00404,0,RN_ROAD_00107,RN_ROAD_00107,primary,['Sinhagad Road'],11.529812368176284,road_line_intersected_raster_cells_all_touched,mapped,3,0.019291218370199203,0.014367968775331974,0.018010665848851203,1.0,0.0,0.0,0.0
150_180,150,180,RN_ROAD_00129,RN_NODE_00403,RN_NODE_00438,0,RN_ROAD_00129,RN_ROAD_00129,primary,['Sinhagad Road'],124.9679812493694,road_line_intersected_raster_cells_all_touched,mapped,7,0.012888455763459206,0.005620836978778243,0.009733552951365711,1.0,0.0,0.0,0.0
150_180,150,180,RN_ROAD_00108,RN_NODE_00404,RN_NODE_00399,0,RN_ROAD_00108,RN_ROAD_00108,residential,,14.315540964381475,road_line_intersected_raster_cells_all_touched,mapped,2,0.019291218370199203,0.016089837066829205,0.018650942109525205,1.0,0.0,0.0,0.0
150_180,150,180,RN_ROAD_00130,RN_NODE_00404,RN_NODE_00425,0,RN_ROAD_00130,RN_ROAD_00130,primary,['Sinhagad Road'],81.92638639387098,road_line_intersected_raster_cells_all_touched,mapped,4,0.012888455763459206,0.0062504359520971775,0.01121556842699647,1.0,0.0,0.0,0.0
150_180,150,180,RN_ROAD_00109,RN_NODE_00399,RN_NODE_00394,0,RN_ROAD_00109,RN_ROAD_00109,residential,,13.965206832105686,road_line_intersected_raster_cells_all_touched,mapped,1,0.019291218370199203,0.019291218370199203,0.019291218370199203,1.0,0.0,0.0,0.0
150_180,150,180,RN_ROAD_00142,RN_NODE_00399,RN_NODE_00391,0,RN_ROAD_00142,RN_ROAD_00142,residential,,113.12604300619051,road_line_intersected_raster_cells_all_touched,mapped,5,0.019994130358099937,0.016715282388031483,0.019712965562939645,1.0,0.0,0.0,0.0
150_180,150,180,RN_ROAD_00139,RN_NODE_00394,RN_NODE_00374,0,RN_ROAD_00139,RN_ROAD_00139,residential,,53.585187061784524,road_line_intersected_raster_cells_all_touched,mapped,3,0.01983209326863289,0.018756226326028507,0.01972391828894615,1.0,0.0,0.0,0.0
150_180,150,180,RN_ROAD_00140,RN_NODE_00394,RN_NODE_00385,0,RN_ROAD_00140,RN_ROAD_00140,residential,,43.14864233841997,road_line_intersected_raster_cells_all_touched,mapped,3,0.022094832733273506,0.019557354971766472,0.021534109860658644,1.0,0.3333333333333333,0.0,0.0
150_180,150,180,RN_ROAD_00110,RN_NODE_00487,RN_NODE_00502,0,RN_ROAD_00110,RN_ROAD_00110,residential,['Janata Vasahat Road'],160.44199789733528,road_line_intersected_raster_cells_all_touched,mapped,7,0.0003293224435765296,0.0002216229232934503,0.00032633836381137373,1.0,0.0,0.0,0.0
150_180,150,180,RN_ROAD_00112,RN_NODE_00487,RN_NODE_00480,0,RN_ROAD_00112,RN_ROAD_00112,residential,['Janata Vasahat Road'],75.96312059419445,road_line_intersected_raster_cells_all_touched,mapped,4,0.0002455117355566472,7.315640368688037e-05,0.00017834667669376362,1.0,0.0,0.0,0.0
150_180,150,180,RN_ROAD_00113,RN_NODE_00487,RN_NODE_00480,1,RN_ROAD_00113,RN_ROAD_00113,residential,,80.27344559609085,road_line_intersected_raster_cells_all_touched,mapped,4,0.0002455117355566472,0.00011974823451055272,0.00021974864212097602,1.0,0.0,0.0,0.0
150_180,150,180,RN_ROAD_00114,RN_NODE_00505,RN_NODE_00516,0,RN_ROAD_00114,RN_ROAD_00114,primary,['Tanaji Malusare Path'],45.48058410980653,road_line_intersected_raster_cells_all_touched,mapped,2,0.0021607668604701757,0.0017212348757311702,0.0020728604635223747,1.0,0.0,0.0,0.0
150_180,150,180,RN_ROAD_00117,RN_NODE_00505,RN_NODE_00503,0,RN_ROAD_00117,RN_ROAD_00117,primary,['Tanaji Malusare Path'],30.053876706228625,road_line_intersected_raster_cells_all_touched,mapped,2,0.005635069217532873,0.0038979180390015244,0.005287638981826603,1.0,0.0,0.0,0.0
150_180,150,180,RN_ROAD_00119,RN_NODE_00505,RN_NODE_00517,0,RN_ROAD_00119,RN_ROAD_00119,residential,,54.96034822555883,road_line_intersected_raster_cells_all_touched,mapped,2,0.0021607668604701757,0.001815177034586668,0.002091648895293474,1.0,0.0,0.0,0.0
150_180,150,180,RN_ROAD_00115,RN_NODE_00515,RN_NODE_00497,0,RN_ROAD_00115,RN_ROAD_00115,primary,['Tanaji Malusare Path'],136.05104111833137,road_line_intersected_raster_cells_all_touched,mapped,6,0.011975603178143501,0.0059675707792242365,0.011440569069236517,1.0,0.0,0.0,0.0
150_180,150,180,RN_ROAD_00121,RN_NODE_00497,RN_NODE_00498,0,RN_ROAD_00121,RN_ROAD_00121,residential,,10.468915959375558,road_line_intersected_raster_cells_all_touched,mapped,1,0.011975603178143501,0.011975603178143501,0.011975603178143501,1.0,0.0,0.0,0.0
150_180,150,180,RN_ROAD_00123,RN_NODE_00497,RN_NODE_00488,0,RN_ROAD_00123,RN_ROAD_00123,primary,['Tanaji Malusare Path'],108.90698269835133,road_line_intersected_raster_cells_all_touched,mapped,5,0.029730195179581642,0.016930050775408746,0.025919371470808986,1.0,0.4,0.0,0.0
150_180,150,180,RN_ROAD_00116,RN_NODE_00456,RN_NODE_00463,0,RN_ROAD_00116,RN_ROAD_00116,residential,,59.08667461095608,road_line_intersected_raster_cells_all_touched,mapped,3,7.139434455893934e-05,5.009991643116033e-05,6.688704670523293e-05,1.0,0.0,0.0,0.0
150_180,150,180,RN_ROAD_00120,RN_NODE_00456,RN_NODE_00488,0,RN_ROAD_00120,RN_ROAD_00120,residential,,242.8930941847801,road_line_intersected_raster_cells_all_touched,mapped,9,0.029730195179581642,0.005322197337389096,0.013956487551331524,1.0,0.1111111111111111,0.0,0.0
150_180,150,180,RN_ROAD_00131,RN_NODE_00456,RN_NODE_00449,0,RN_ROAD_00131,RN_ROAD_00131,residential,,84.1763534833191,road_line_intersected_raster_cells_all_touched,mapped,5,0.000881536107044667,0.00026983064744854344,0.000682909693568945,0.8,0.0,0.0,0.0
150_180,150,180,RN_ROAD_00118,RN_NODE_00503,RN_NODE_00498,0,RN_ROAD_00118,RN_ROAD_00118,primary,['Tanaji Malusare Path'],53.84887709569401,road_line_intersected_raster_cells_all_touched,mapped,4,0.011975603178143501,0.008023147122003138,0.011654582712799311,1.0,0.0,0.0,0.0
150_180,150,180,RN_ROAD_00122,RN_NODE_00503,RN_NODE_00507,0,RN_ROAD_00122,RN_ROAD_00122,residential,,72.64796298078082,road_line_intersected_raster_cells_all_touched,mapped,4,0.005635069217532873,0.002996214898303151,0.005017462791875005,1.0,0.0,0.0,0.0
150_180,150,180,RN_ROAD_00124,RN_NODE_00498,RN_NODE_00490,0,RN_ROAD_00124,RN_ROAD_00124,primary,['Tanaji Malusare Path'],56.45914523801046,road_line_intersected_raster_cells_all_touched,mapped,3,0.011975603178143501,0.009040759565929571,0.011585926450788975,1.0,0.0,0.0,0.0
150_180,150,180,RN_ROAD_00126,RN_NODE_00498,RN_NODE_00500,0,RN_ROAD_00126,RN_ROAD_00126,residential,,61.6793681996395,road_line_intersected_raster_cells_all_touched,mapped,4,0.011975603178143501,0.005118497792864218,0.009918759018182757,1.0,0.0,0.0,0.0
150_180,150,180,RN_ROAD_00128,RN_NODE_00488,RN_NODE_00469,0,RN_ROAD_00128,RN_ROAD_00128,primary,['Tanaji Malusare Path'],142.270319038286,road_line_intersected_raster_cells_all_touched,mapped,7,0.029730195179581642,0.01913059196834053,0.025630746036767963,1.0,0.2857142857142857,0.0,0.0
150_180,150,180,RN_ROAD_00125,RN_NODE_00507,RN_NODE_00510,0,RN_ROAD_00125,RN_ROAD_00125,residential,,13.576181017408409,road_line_intersected_raster_cells_all_touched,mapped,1,0.0013038220349699259,0.0013038220349699259,0.0013038220349699259,1.0,0.0,0.0,0.0
150_180,150,180,RN_ROAD_00150,RN_NODE_00507,RN_NODE_00500,0,RN_ROAD_00150,RN_ROAD_00150,residential,,73.06208550697029,road_line_intersected_raster_cells_all_touched,mapped,4,0.0013038220349699259,0.0009255019831471145,0.0012655360507778824,1.0,0.0,0.0,0.0
150_180,150,180,RN_ROAD_00127,RN_NODE_00490,RN_NODE_00485,0,RN_ROAD_00127,RN_ROAD_00127,primary,['Tanaji Malusare Path'],106.52342091402076,road_line_intersected_raster_cells_all_touched,mapped,6,0.029730195179581642,0.019662718133380015,0.02741224505007267,1.0,0.5,0.0,0.0
150_180,150,180,RN_ROAD_00149,RN_NODE_00490,RN_NODE_00500,0,RN_ROAD_00149,RN_ROAD_00149,residential,,105.59200991133739,road_line_intersected_raster_cells_all_touched,mapped,4,0.010027219541370869,0.004469781677471474,0.008262208942323924,1.0,0.0,0.0,0.0
150_180,150,180,RN_ROAD_00154,RN_NODE_00500,RN_NODE_00511,0,RN_ROAD_00154,RN_ROAD_00154,residential,,137.25765877616305,road_line_intersected_raster_cells_all_touched,mapped,5,0.001176202087663114,0.0006709780194796622,0.001019049366004765,1.0,0.0,0.0,0.0
150_180,150,180,RN_ROAD_00153,RN_NODE_00485,RN_NODE_00468,0,RN_ROAD_00153,RN_ROAD_00153,primary,['Tanaji Malusare Path'],94.32401822308833,road_line_intersected_raster_cells_all_touched,mapped,4,0.022897779941558838,0.019173962995409966,0.021968135237693788,1.0,0.25,0.0,0.0
150_180,150,180,RN_ROAD_00155,RN_NODE_00485,RN_NODE_00486,0,RN_ROAD_00155,RN_ROAD_00155,residential,,127.4605055943359,road_line_intersected_raster_cells_all_touched,mapped,6,0.03933639079332352,0.021662450550744932,0.03875640220940113,1.0,0.3333333333333333,0.0,0.0
150_180,150,180,RN_ROAD_00151,RN_NODE_00469,RN_NODE_00449,0,RN_ROAD_00151,RN_ROAD_00151,primary,['Tanaji Malusare Path'],72.05548324266864,road_line_intersected_raster_cells_all_touched,mapped,3,0.017755836248397827,0.011836757941637188,0.017579249292612075,1.0,0.0,0.0,0.0
150_180,150,180,RN_ROAD_00152,RN_NODE_00469,RN_NODE_00468,0,RN_ROAD_00152,RN_ROAD_00152,primary_link,,10.44398647907111,road_line_intersected_raster_cells_all_touched,mapped,1,0.017755836248397827,0.017755836248397827,0.017755836248397827,1.0,0.0,0.0,0.0
150_180,150,180,RN_ROAD_00133,RN_NODE_00438,RN_NODE_00443,0,RN_ROAD_00133,RN_ROAD_00133,primary,['Tanaji Malusare Path' 'Sinhagad Road'],11.786148110048545,road_line_intersected_raster_cells_all_touched,mapped,1,0.003338032169267535,0.003338032169267535,0.003338032169267535,1.0,0.0,0.0,0.0
150_180,150,180,RN_ROAD_00135,RN_NODE_00438,RN_NODE_00437,0,RN_ROAD_00135,RN_ROAD_00135,primary,['Lalbahadur Shashtri Marg'],11.829410221436186,road_line_intersected_raster_cells_all_touched,mapped,1,0.003338032169267535,0.003338032169267535,0.003338032169267535,1.0,0.0,0.0,0.0
150_180,150,180,RN_ROAD_00132,RN_NODE_00425,RN_NODE_00437,0,RN_ROAD_00132,RN_ROAD_00132,primary,['Sinhagad Road'],37.83754513399506,road_line_intersected_raster_cells_all_touched,mapped,3,0.007630284409970045,0.004507271184896429,0.006771833961829544,1.0,0.0,0.0,0.0
150_180,150,180,RN_ROAD_00158,RN_NODE_00425,RN_NODE_00414,0,RN_ROAD_00158,RN_ROAD_00158,residential,,82.72842717984496,road_line_intersected_raster_cells_all_touched,mapped,5,0.012242903932929039,0.007107170205563307,0.010507003962993621,1.0,0.0,0.0,0.0
150_180,150,180,RN_ROAD_00134,RN_NODE_00449,RN_NODE_00443,0,RN_ROAD_00134,RN_ROAD_00134,primary,['Tanaji Malusare Path'],16.12908526003169,road_line_intersected_raster_cells_all_touched,mapped,2,0.003338032169267535,0.002109784138156101,0.0030923825630452483,1.0,0.0,0.0,0.0
150_180,150,180,RN_ROAD_00137,RN_NODE_00437,RN_NODE_00441,0,RN_ROAD_00137,RN_ROAD_00137,primary,['Sinhagad Road'],10.250288392928798,road_line_intersected_raster_cells_all_touched,mapped,1,0.003338032169267535,0.003338032169267535,0.003338032169267535,1.0,0.0,0.0,0.0
150_180,150,180,RN_ROAD_00159,RN_NODE_00437,RN_NODE_00434,0,RN_ROAD_00159,RN_ROAD_00159,primary,['Lalbahadur Shashtri Marg'],70.49584305613865,road_line_intersected_raster_cells_all_touched,mapped,5,0.01048005186021328,0.004685404244810343,0.007904522493481636,1.0,0.0,0.0,0.0
150_180,150,180,RN_ROAD_00136,RN_NODE_00443,RN_NODE_00441,0,RN_ROAD_00136,RN_ROAD_00136,primary,['Lalbahadur Shashtri Marg'],10.827742355347945,road_line_intersected_raster_cells_all_touched,mapped,1,0.003338032169267535,0.003338032169267535,0.003338032169267535,1.0,0.0,0.0,0.0
150_180,150,180,RN_ROAD_00138,RN_NODE_00441,RN_NODE_00468,0,RN_ROAD_00138,RN_ROAD_00138,primary,['Tanaji Malusare Path'],91.3417858176492,road_line_intersected_raster_cells_all_touched,mapped,4,0.017755836248397827,0.009712076498544775,0.0174909558147192,1.0,0.0,0.0,0.0
150_180,150,180,RN_ROAD_00161,RN_NODE_00441,RN_NODE_00432,0,RN_ROAD_00161,RN_ROAD_00161,primary,['Lalbahadur Shashtri Marg' 'Dandekar Bridge'],188.44953123666878,road_line_intersected_raster_cells_all_touched,mapped,9,0.04313277453184128,0.015194056814329492,0.035637660324573515,1.0,0.3333333333333333,0.0,0.0
150_180,150,180,RN_ROAD_00141,RN_NODE_00385,RN_NODE_00371,0,RN_ROAD_00141,RN_ROAD_00141,residential,,45.3290526689984,road_line_intersected_raster_cells_all_touched,mapped,3,0.028926443308591843,0.02545928830901782,0.028212472423911096,1.0,1.0,0.0,0.0
150_180,150,180,RN_ROAD_00143,RN_NODE_00385,RN_NODE_00377,0,RN_ROAD_00143,RN_ROAD_00143,residential,,63.74843124119214,road_line_intersected_raster_cells_all_touched,mapped,3,0.03380950912833214,0.024685110275944073,0.03146657384932041,1.0,0.6666666666666666,0.0,0.0
150_180,150,180,RN_ROAD_00145,RN_NODE_00391,RN_NODE_00384,0,RN_ROAD_00145,RN_ROAD_00145,residential,,17.87403692737785,road_line_intersected_raster_cells_all_touched,mapped,2,0.01611962728202343,0.013270766008645296,0.015549855027347802,1.0,0.0,0.0,0.0
150_180,150,180,RN_ROAD_00146,RN_NODE_00391,RN_NODE_00414,0,RN_ROAD_00146,RN_ROAD_00146,residential,,69.01046780628735,road_line_intersected_raster_cells_all_touched,mapped,3,0.01611962728202343,0.009643303230404854,0.01441655596718192,1.0,0.0,0.0,0.0
150_180,150,180,RN_ROAD_00144,RN_NODE_00377,RN_NODE_00384,0,RN_ROAD_00144,RN_ROAD_00144,residential,,17.99821886477529,road_line_intersected_raster_cells_all_touched,mapped,2,0.018150988966226578,0.01428644685074687,0.017378080543130635,1.0,0.0,0.0,0.0
150_180,150,180,RN_ROAD_00147,RN_NODE_00377,RN_NODE_00370,0,RN_ROAD_00147,RN_ROAD_00147,residential,,47.10927462532197,road_line_intersected_raster_cells_all_touched,mapped,4,0.03385887295007706,0.018440670100972056,0.029146507754921915,1.0,0.25,0.0,0.0
150_180,150,180,RN_ROAD_00148,RN_NODE_00384,RN_NODE_00381,0,RN_ROAD_00148,RN_ROAD_00148,residential,,49.69367043246291,road_line_intersected_raster_cells_all_touched,mapped,2,0.010421904735267162,0.009912284556776285,0.010319980699568987,1.0,0.0,0.0,0.0
150_180,150,180,RN_ROAD_00160,RN_NODE_00414,RN_NODE_00434,0,RN_ROAD_00160,RN_ROAD_00160,residential,,47.74695991320392,road_line_intersected_raster_cells_all_touched,mapped,3,0.01048005186021328,0.006575764001657565,0.009425243828445673,1.0,0.0,0.0,0.0
150_180,150,180,RN_ROAD_00168,RN_NODE_00370,RN_NODE_00361,0,RN_ROAD_00168,RN_ROAD_00168,residential,,24.556447207799554,road_line_intersected_raster_cells_all_touched,mapped,2,0.022851241752505302,0.01717026624828577,0.021715046651661397,1.0,0.5,0.0,0.0
150_180,150,180,RN_ROAD_00169,RN_NODE_00370,RN_NODE_00381,0,RN_ROAD_00169,RN_ROAD_00169,residential,,47.772894267869745,road_line_intersected_raster_cells_all_touched,mapped,2,0.011489290744066238,0.010445977561175823,0.011280628107488155,1.0,0.0,0.0,0.0
150_180,150,180,RN_ROAD_00171,RN_NODE_00381,RN_NODE_00397,0,RN_ROAD_00171,RN_ROAD_00171,residential,,45.38918699815148,road_line_intersected_raster_cells_all_touched,mapped,3,0.09264589101076126,0.04022617886463801,0.07784270904958249,1.0,0.3333333333333333,0.0,0.0
150_180,150,180,RN_ROAD_00156,RN_NODE_00508,RN_NODE_00518,0,RN_ROAD_00156,RN_ROAD_00156,residential,,24.280471587472228,road_line_intersected_raster_cells_all_touched,mapped,1,0.0,0.0,0.0,0.0,0.0,0.0,0.0
150_180,150,180,RN_ROAD_00157,RN_NODE_00491,RN_NODE_00499,0,RN_ROAD_00157,RN_ROAD_00157,residential,,75.27168155756657,road_line_intersected_raster_cells_all_touched,mapped,4,0.0002876849321182817,0.0001452514200082078,0.00025786743353819477,1.0,0.0,0.0,0.0
150_180,150,180,RN_ROAD_00162,RN_NODE_00434,RN_NODE_00428,0,RN_ROAD_00162,RN_ROAD_00162,primary,['Lalbahadur Shashtri Marg' 'Dandekar Bridge'],120.7233951065441,road_line_intersected_raster_cells_all_touched,mapped,4,0.1449926495552063,0.049124785349704325,0.11162401922047141,1.0,0.5,0.25,0.0
150_180,150,180,RN_ROAD_00163,RN_NODE_00432,RN_NODE_00428,0,RN_ROAD_00163,RN_ROAD_00163,primary,['Barrister Nath Pai Chowk'],16.512293120111337,road_line_intersected_raster_cells_all_touched,mapped,2,0.007262558210641146,0.005167375318706036,0.006843521632254124,1.0,0.0,0.0,0.0
150_180,150,180,RN_ROAD_00164,RN_NODE_00432,RN_NODE_00435,0,RN_ROAD_00164,RN_ROAD_00164,primary,['Barrister Nath Pai Chowk'],5.293753326220019,road_line_intersected_raster_cells_all_touched,mapped,1,0.0030721924267709255,0.0030721924267709255,0.0030721924267709255,1.0,0.0,0.0,0.0
150_180,150,180,RN_ROAD_00165,RN_NODE_00428,RN_NODE_00427,0,RN_ROAD_00165,RN_ROAD_00165,primary,['Barrister Nath Pai Chowk'],8.975350119755786,road_line_intersected_raster_cells_all_touched,mapped,2,0.007262558210641146,0.005167375318706036,0.006843521632254124,1.0,0.0,0.0,0.0
150_180,150,180,RN_ROAD_00166,RN_NODE_00435,RN_NODE_00433,0,RN_ROAD_00166,RN_ROAD_00166,primary,['Barrister Nath Pai Chowk'],29.565301722604882,road_line_intersected_raster_cells_all_touched,mapped,2,0.003197028301656246,0.003134610364213586,0.003184544714167714,1.0,0.0,0.0,0.0
150_180,150,180,RN_ROAD_00167,RN_NODE_00435,RN_NODE_00447,0,RN_ROAD_00167,RN_ROAD_00167,tertiary,['Madhavrao Peshve Marg'],45.54545036986926,road_line_intersected_raster_cells_all_touched,mapped,4,0.01684406027197838,0.0071343714953400195,0.01336369821801782,1.0,0.0,0.0,0.0
150_180,150,180,RN_ROAD_00188,RN_NODE_00427,RN_NODE_00422,0,RN_ROAD_00188,RN_ROAD_00188,primary,['Barrister Nath Pai Chowk'],27.465265817507753,road_line_intersected_raster_cells_all_touched,mapped,2,0.003197028301656246,0.003134610364213586,0.003184544714167714,1.0,0.0,0.0,0.0
150_180,150,180,RN_ROAD_00190,RN_NODE_00433,RN_NODE_00447,0,RN_ROAD_00190,RN_ROAD_00190,tertiary,['Madhavrao Peshve Marg'],34.139300763499996,road_line_intersected_raster_cells_all_touched,mapped,3,0.01684406027197838,0.008427980666359266,0.014523818902671338,1.0,0.0,0.0,0.0
150_180,150,180,RN_ROAD_00193,RN_NODE_00433,RN_NODE_00430,0,RN_ROAD_00193,RN_ROAD_00193,primary,['Barrister Nath Pai Chowk'],7.5684092656252675,road_line_intersected_raster_cells_all_touched,mapped,1,0.003197028301656246,0.003197028301656246,0.003197028301656246,1.0,0.0,0.0,0.0
150_180,150,180,RN_ROAD_00195,RN_NODE_00447,RN_NODE_00450,0,RN_ROAD_00195,RN_ROAD_00195,tertiary,['Madhavrao Peshve Marg'],20.1726046626495,road_line_intersected_raster_cells_all_touched,mapped,1,0.01684406027197838,0.01684406027197838,0.01684406027197838,1.0,0.0,0.0,0.0
150_180,150,180,RN_ROAD_00170,RN_NODE_00361,RN_NODE_00376,0,RN_ROAD_00170,RN_ROAD_00170,residential,,52.085846791904686,road_line_intersected_raster_cells_all_touched,mapped,3,0.050795916467905045,0.028378816321492195,0.0452069815248251,1.0,0.6666666666666666,0.0,0.0
150_180,150,180,RN_ROAD_00174,RN_NODE_00359,RN_NODE_00360,0,RN_ROAD_00174,RN_ROAD_00174,residential,,39.24696699102281,road_line_intersected_raster_cells_all_touched,mapped,3,0.053432729095220566,0.018275036234020565,0.04296772798988968,1.0,0.3333333333333333,0.0,0.0
150_180,150,180,RN_ROAD_00175,RN_NODE_00359,RN_NODE_00348,0,RN_ROAD_00175,RN_ROAD_00175,residential,,40.585040476822286,road_line_intersected_raster_cells_all_touched,mapped,4,0.0013070697896182537,0.0005980793430353515,0.001068127137841657,1.0,0.0,0.0,0.0
150_180,150,180,RN_ROAD_00176,RN_NODE_00359,RN_NODE_00396,0,RN_ROAD_00176,RN_ROAD_00176,residential,,101.24939391440986,road_line_intersected_raster_cells_all_touched,mapped,4,0.005409024190157652,0.0023422633748850785,0.004822162655182183,1.0,0.0,0.0,0.0
150_180,150,180,RN_ROAD_00314,RN_NODE_00348,RN_NODE_00351,0,RN_ROAD_00314,RN_ROAD_00314,residential,,37.968675117771724,road_line_intersected_raster_cells_all_touched,mapped,2,0.005393701139837503,0.0029521477117668837,0.004905390454223379,1.0,0.0,0.0,0.0
150_180,150,180,RN_ROAD_00319,RN_NODE_00348,RN_NODE_00335,0,RN_ROAD_00319,RN_ROAD_00319,residential,,44.68106970370976,road_line_intersected_raster_cells_all_touched,mapped,2,0.0005986204487271607,0.0005546073662117124,0.000589817832224071,1.0,0.0,0.0,0.0
150_180,150,180,RN_ROAD_00322,RN_NODE_00348,RN_NODE_00347,0,RN_ROAD_00322,RN_ROAD_00322,residential,,68.87895886951469,road_line_intersected_raster_cells_all_touched,mapped,4,0.003814829047769308,0.0011690990365877951,0.0028235586185473955,1.0,0.0,0.0,0.0
150_180,150,180,RN_ROAD_00177,RN_NODE_00396,RN_NODE_00395,0,RN_ROAD_00177,RN_ROAD_00177,residential,,72.96437348805723,road_line_intersected_raster_cells_all_touched,mapped,3,0.004539282992482185,0.004061668102319042,0.004470006842166185,1.0,0.0,0.0,0.0
150_180,150,180,RN_ROAD_00191,RN_NODE_00396,RN_NODE_00422,0,RN_ROAD_00191,RN_ROAD_00191,residential,,77.28031718830532,road_line_intersected_raster_cells_all_touched,mapped,4,0.006525930017232895,0.004755283647682518,0.006321758171543479,1.0,0.0,0.0,0.0
150_180,150,180,RN_ROAD_00396,RN_NODE_00395,RN_NODE_00419,0,RN_ROAD_00396,RN_ROAD_00396,residential,,75.56282543703307,road_line_intersected_raster_cells_all_touched,mapped,4,0.016519062221050262,0.007964449585415423,0.013476454280316831,1.0,0.0,0.0,0.0
150_180,150,180,RN_ROAD_00415,RN_NODE_00395,RN_NODE_00369,0,RN_ROAD_00415,RN_ROAD_00415,residential,,74.84001520024054,road_line_intersected_raster_cells_all_touched,mapped,4,0.0041929022409021854,0.0029577452514786273,0.0041737827006727455,1.0,0.0,0.0,0.0
150_180,150,180,RN_ROAD_00417,RN_NODE_00395,RN_NODE_00389,0,RN_ROAD_00417,RN_ROAD_00417,residential,,36.64959388201751,road_line_intersected_raster_cells_all_touched,mapped,2,0.006255765445530415,0.0052243338432163,0.006049479125067592,1.0,0.0,0.0,0.0
150_180,150,180,RN_ROAD_00178,RN_NODE_00519,RN_NODE_00501,0,RN_ROAD_00178,RN_ROAD_00178,residential,,93.88153007625391,road_line_intersected_raster_cells_all_touched,mapped,4,6.594057776965201e-05,2.9164773877710104e-05,6.137395976111293e-05,0.5,0.0,0.0,0.0
150_180,150,180,RN_ROAD_00179,RN_NODE_00509,RN_NODE_00514,0,RN_ROAD_00179,RN_ROAD_00179,residential,,66.49556106324535,road_line_intersected_raster_cells_all_touched,mapped,3,0.0,0.0,0.0,0.0,0.0,0.0,0.0
150_180,150,180,RN_ROAD_00181,RN_NODE_00514,RN_NODE_00496,0,RN_ROAD_00181,RN_ROAD_00181,residential,,112.52595144851557,road_line_intersected_raster_cells_all_touched,mapped,5,0.0023760362528264523,0.0009331495151855051,0.0018263068050146103,0.8,0.0,0.0,0.0
150_180,150,180,RN_ROAD_00184,RN_NODE_00514,RN_NODE_00513,0,RN_ROAD_00184,RN_ROAD_00184,residential,,60.51136740802053,road_line_intersected_raster_cells_all_touched,mapped,3,0.0,0.0,0.0,0.0,0.0,0.0,0.0
150_180,150,180,RN_ROAD_00180,RN_NODE_00496,RN_NODE_00492,0,RN_ROAD_00180,RN_ROAD_00180,residential,,24.837175012920326,road_line_intersected_raster_cells_all_touched,mapped,2,0.0023760362528264523,0.0023276214487850666,0.002366353292018175,1.0,0.0,0.0,0.0
150_180,150,180,RN_ROAD_00183,RN_NODE_00496,RN_NODE_00495,0,RN_ROAD_00183,RN_ROAD_00183,residential,,38.61771156641344,road_line_intersected_raster_cells_all_touched,mapped,3,0.005487274844199419,0.004184154172738393,0.005327650159597397,1.0,0.0,0.0,0.0
150_180,150,180,RN_ROAD_00182,RN_NODE_00450,RN_NODE_00464,0,RN_ROAD_00182,RN_ROAD_00182,tertiary,['Madhavrao Peshve Marg'],49.44877547787121,road_line_intersected_raster_cells_all_touched,mapped,3,0.01684406027197838,0.007288160850293934,0.014208336127921939,1.0,0.0,0.0,0.0
150_180,150,180,RN_ROAD_00189,RN_NODE_00450,RN_NODE_00459,0,RN_ROAD_00189,RN_ROAD_00189,residential,,40.03954017674623,road_line_intersected_raster_cells_all_touched,mapped,3,0.01684406027197838,0.00740644665590177,0.01427930761128664,1.0,0.0,0.0,0.0
150_180,150,180,RN_ROAD_00197,RN_NODE_00450,RN_NODE_00448,0,RN_ROAD_00197,RN_ROAD_00197,residential,,53.21906804539485,road_line_intersected_raster_cells_all_touched,mapped,3,0.01684406027197838,0.00872285927956303,0.014550295937806369,1.0,0.0,0.0,0.0
150_180,150,180,RN_ROAD_00186,RN_NODE_00464,RN_NODE_00462,0,RN_ROAD_00186,RN_ROAD_00186,residential,,42.44714316652112,road_line_intersected_raster_cells_all_touched,mapped,2,0.004029960837215185,0.0038477001944556832,0.003993508708663285,1.0,0.0,0.0,0.0
150_180,150,180,RN_ROAD_00187,RN_NODE_00464,RN_NODE_00484,0,RN_ROAD_00187,RN_ROAD_00187,tertiary,['Madhavrao Peshve Marg'],120.54935301446274,road_line_intersected_raster_cells_all_touched,mapped,7,0.005844180937856436,0.001721265584429992,0.004536936106160284,0.7142857142857143,0.0,0.0,0.0
150_180,150,180,RN_ROAD_00185,RN_NODE_00495,RN_NODE_00489,0,RN_ROAD_00185,RN_ROAD_00185,residential,,51.88566217261621,road_line_intersected_raster_cells_all_touched,mapped,3,0.011090007610619068,0.008591736511637768,0.010711591504514218,1.0,0.0,0.0,0.0
150_180,150,180,RN_ROAD_00404,RN_NODE_00495,RN_NODE_00494,0,RN_ROAD_00404,RN_ROAD_00404,residential,,22.845177254038568,road_line_intersected_raster_cells_all_touched,mapped,1,0.005487274844199419,0.005487274844199419,0.005487274844199419,1.0,0.0,0.0,0.0
150_180,150,180,RN_ROAD_00405,RN_NODE_00513,RN_NODE_00494,0,RN_ROAD_00405,RN_ROAD_00405,residential,,113.3340964507249,road_line_intersected_raster_cells_all_touched,mapped,5,0.005487274844199419,0.0019779504742473363,0.004318920057266951,0.8,0.0,0.0,0.0
150_180,150,180,RN_ROAD_00408,RN_NODE_00513,RN_NODE_00512,0,RN_ROAD_00408,RN_ROAD_00408,residential,,38.977716564484794,road_line_intersected_raster_cells_all_touched,mapped,3,0.00033906588214449584,0.00011302196071483195,0.0002712527057155967,0.3333333333333333,0.0,0.0,0.0
150_180,150,180,RN_ROAD_00409,RN_NODE_00462,RN_NODE_00482,0,RN_ROAD_00409,RN_ROAD_00409,residential,,125.91349719515188,road_line_intersected_raster_cells_all_touched,mapped,7,0.004029960837215185,0.0008949034150386329,0.0024453059537336242,0.5714285714285714,0.0,0.0,0.0
150_180,150,180,RN_ROAD_00412,RN_NODE_00462,RN_NODE_00454,0,RN_ROAD_00412,RN_ROAD_00412,residential,,68.15802449183667,road_line_intersected_raster_cells_all_touched,mapped,5,0.004029960837215185,0.002615697437431663,0.0039186269044876095,1.0,0.0,0.0,0.0
150_180,150,180,RN_ROAD_00407,RN_NODE_00484,RN_NODE_00493,0,RN_ROAD_00407,RN_ROAD_00407,tertiary,['Madhavrao Peshve Marg'],151.42783042971755,road_line_intersected_raster_cells_all_touched,mapped,6,0.012985854409635067,0.006976747516697894,0.011705916374921799,1.0,0.0,0.0,0.0
150_180,150,180,RN_ROAD_00410,RN_NODE_00484,RN_NODE_00482,0,RN_ROAD_00410,RN_ROAD_00410,tertiary,['Baburao Phule Path'],43.36285704283589,road_line_intersected_raster_cells_all_touched,mapped,2,0.0013598426012322307,0.001087429525796324,0.0013053599861450494,1.0,0.0,0.0,0.0
150_180,150,180,RN_ROAD_00192,RN_NODE_00422,RN_NODE_00424,0,RN_ROAD_00192,RN_ROAD_00192,primary,['Barrister Nath Pai Chowk'],3.454841232823886,road_line_intersected_raster_cells_all_touched,mapped,1,0.003197028301656246,0.003197028301656246,0.003197028301656246,1.0,0.0,0.0,0.0
150_180,150,180,RN_ROAD_00194,RN_NODE_00424,RN_NODE_00430,0,RN_ROAD_00194,RN_ROAD_00194,primary,['Barrister Nath Pai Chowk'],16.27953871942635,road_line_intersected_raster_cells_all_touched,mapped,1,0.003197028301656246,0.003197028301656246,0.003197028301656246,1.0,0.0,0.0,0.0
150_180,150,180,RN_ROAD_00394,RN_NODE_00424,RN_NODE_00419,0,RN_ROAD_00394,RN_ROAD_00394,primary,['Lalbahadur Shashtri Marg'],83.34327025328123,road_line_intersected_raster_cells_all_touched,mapped,5,0.016519062221050262,0.0058424851391464475,0.011818956583738327,1.0,0.0,0.0,0.0
150_180,150,180,RN_ROAD_00196,RN_NODE_00430,RN_NODE_00429,0,RN_ROAD_00196,RN_ROAD_00196,primary,['Lalbahadur Shashtri Marg'],53.98639280086231,road_line_intersected_raster_cells_all_touched,mapped,3,0.003197028301656246,0.0026415217823038497,0.0031337018590420485,1.0,0.0,0.0,0.0
150_180,150,180,RN_ROAD_00395,RN_NODE_00429,RN_NODE_00448,0,RN_ROAD_00395,RN_ROAD_00395,residential,,51.865832973703135,road_line_intersected_raster_cells_all_touched,mapped,3,0.003949278965592384,0.0034420210092018047,0.003858700767159462,1.0,0.0,0.0,0.0
150_180,150,180,RN_ROAD_00397,RN_NODE_00429,RN_NODE_00420,0,RN_ROAD_00397,RN_ROAD_00397,primary,['Lalbahadur Shashtri Marg'],77.30501554487705,road_line_intersected_raster_cells_all_touched,mapped,4,0.02883412316441536,0.013778597756754607,0.023780713137239222,1.0,0.25,0.0,0.0
150_180,150,180,RN_ROAD_00398,RN_NODE_00448,RN_NODE_00439,0,RN_ROAD_00398,RN_ROAD_00398,residential,,76.575133742593,road_line_intersected_raster_cells_all_touched,mapped,4,0.008032236248254776,0.005480144172906876,0.007555367425084114,1.0,0.0,0.0,0.0
150_180,150,180,RN_ROAD_00198,RN_NODE_00166,RN_NODE_00165,0,RN_ROAD_00198,RN_ROAD_00198,tertiary,['Dattawadi Road'],23.711591631033937,road_line_intersected_raster_cells_all_touched,mapped,1,0.0,0.0,0.0,0.0,0.0,0.0,0.0
150_180,150,180,RN_ROAD_00199,RN_NODE_00166,RN_NODE_00141,0,RN_ROAD_00199,RN_ROAD_00199,residential,,61.1673939522506,road_line_intersected_raster_cells_all_touched,mapped,3,8.056600790951052e-07,3.274107598372211e-07,6.798425033593958e-07,0.6666666666666666,0.0,0.0,0.0
150_180,150,180,RN_ROAD_00200,RN_NODE_00141,RN_NODE_00140,0,RN_ROAD_00200,RN_ROAD_00200,residential,,42.2760922799476,road_line_intersected_raster_cells_all_touched,mapped,3,2.6098632588400505e-06,1.3832008107783622e-06,2.2490226228910614e-06,1.0,0.0,0.0,0.0
150_180,150,180,RN_ROAD_00207,RN_NODE_00141,RN_NODE_00110,0,RN_ROAD_00207,RN_ROAD_00207,residential,,148.47841605228805,road_line_intersected_raster_cells_all_touched,mapped,6,1.0042275789601263e-05,5.369087015575739e-06,1.0013190149038564e-05,1.0,0.0,0.0,0.0
150_180,150,180,RN_ROAD_00202,RN_NODE_00140,RN_NODE_00138,0,RN_ROAD_00202,RN_ROAD_00202,residential,,29.08650734321614,road_line_intersected_raster_cells_all_touched,mapped,1,2.6098632588400505e-06,2.6098632588400505e-06,2.6098632588400505e-06,1.0,0.0,0.0,0.0
150_180,150,180,RN_ROAD_00212,RN_NODE_00140,RN_NODE_00122,0,RN_ROAD_00212,RN_ROAD_00212,residential,,100.78909039161152,road_line_intersected_raster_cells_all_touched,mapped,4,0.00014936248771846294,4.726064548776776e-05,0.000113376155604783,1.0,0.0,0.0,0.0
150_180,150,180,RN_ROAD_00205,RN_NODE_00138,RN_NODE_00139,0,RN_ROAD_00205,RN_ROAD_00205,residential,,20.0521726676243,road_line_intersected_raster_cells_all_touched,mapped,2,2.1862235371372662e-05,1.2236049315106357e-05,1.9936998160119402e-05,1.0,0.0,0.0,0.0
150_180,150,180,RN_ROAD_00206,RN_NODE_00168,RN_NODE_00139,0,RN_ROAD_00206,RN_ROAD_00206,residential,,62.80789832791941,road_line_intersected_raster_cells_all_touched,mapped,3,2.1862235371372662e-05,1.2069916465407005e-05,1.9402808356971944e-05,1.0,0.0,0.0,0.0
150_180,150,180,RN_ROAD_00217,RN_NODE_00168,RN_NODE_00171,0,RN_ROAD_00217,RN_ROAD_00217,tertiary,['Dattawadi Road'],33.763713386290256,road_line_intersected_raster_cells_all_touched,mapped,3,0.00017705450591165572,6.177776276672375e-05,0.00014260008747442044,1.0,0.0,0.0,0.0
150_180,150,180,RN_ROAD_00213,RN_NODE_00139,RN_NODE_00104,0,RN_ROAD_00213,RN_ROAD_00213,residential,,180.55598741026415,road_line_intersected_raster_cells_all_touched,mapped,7,0.00024518073769286275,0.00011580481727183464,0.00023849059944041075,1.0,0.0,0.0,0.0
150_180,150,180,RN_ROAD_00208,RN_NODE_00110,RN_NODE_00101,0,RN_ROAD_00208,RN_ROAD_00208,residential,,43.93787846212482,road_line_intersected_raster_cells_all_touched,mapped,1,5.526210316020297e-06,5.526210316020297e-06,5.526210316020297e-06,1.0,0.0,0.0,0.0
150_180,150,180,RN_ROAD_00209,RN_NODE_00110,RN_NODE_00109,0,RN_ROAD_00209,RN_ROAD_00209,residential,,38.916777274479244,road_line_intersected_raster_cells_all_touched,mapped,2,9.133377716352697e-06,7.329794016186497e-06,8.772660976319457e-06,1.0,0.0,0.0,0.0
150_180,150,180,RN_ROAD_00210,RN_NODE_00109,RN_NODE_00103,0,RN_ROAD_00210,RN_ROAD_00210,residential,,35.50854082983085,road_line_intersected_raster_cells_all_touched,mapped,2,9.133377716352697e-06,7.295980140042957e-06,8.76589820109075e-06,1.0,0.0,0.0,0.0
150_180,150,180,RN_ROAD_00211,RN_NODE_00109,RN_NODE_00119,0,RN_ROAD_00211,RN_ROAD_00211,residential,,23.86233557837472,road_line_intersected_raster_cells_all_touched,mapped,2,1.6284890079987235e-05,1.2709133898169966e-05,1.556973884362378e-05,1.0,0.0,0.0,0.0
150_180,150,180,RN_ROAD_00214,RN_NODE_00114,RN_NODE_00113,0,RN_ROAD_00214,RN_ROAD_00214,residential,,25.95861190557072,road_line_intersected_raster_cells_all_touched,mapped,2,0.00019136191986035556,0.0001336360328423325,0.00017981674245675093,1.0,0.0,0.0,0.0
150_180,150,180,RN_ROAD_00216,RN_NODE_00113,RN_NODE_00107,0,RN_ROAD_00216,RN_ROAD_00216,residential,,51.616018334058886,road_line_intersected_raster_cells_all_touched,mapped,3,0.0006324337446130812,0.0003253860922995955,0.0005442193796625361,1.0,0.0,0.0,0.0
150_180,150,180,RN_ROAD_00229,RN_NODE_00113,RN_NODE_00120,0,RN_ROAD_00229,RN_ROAD_00229,residential,,25.687960609079266,road_line_intersected_raster_cells_all_touched,mapped,2,0.00019136191986035556,0.00014374185047927313,0.00018183790598413907,1.0,0.0,0.0,0.0
150_180,150,180,RN_ROAD_00215,RN_NODE_00121,RN_NODE_00120,0,RN_ROAD_00215,RN_ROAD_00215,residential,,25.484884391371224,road_line_intersected_raster_cells_all_touched,mapped,2,9.61217810981907e-05,8.267871089628898e-05,9.343316705781035e-05,1.0,0.0,0.0,0.0
150_180,150,180,RN_ROAD_00230,RN_NODE_00120,RN_NODE_00123,0,RN_ROAD_00230,RN_ROAD_00230,residential,,26.342550618373256,road_line_intersected_raster_cells_all_touched,mapped,2,0.00011183037713635713,0.00010397607911727391,0.00011025951753254048,1.0,0.0,0.0,0.0
150_180,150,180,RN_ROAD_00218,RN_NODE_00171,RN_NODE_00185,0,RN_ROAD_00218,RN_ROAD_00218,residential,,34.60001570096885,road_line_intersected_raster_cells_all_touched,mapped,2,0.0002458928502164781,0.00021147367806406692,0.00023900901578599587,1.0,0.0,0.0,0.0
150_180,150,180,RN_ROAD_00221,RN_NODE_00173,RN_NODE_00127,0,RN_ROAD_00221,RN_ROAD_00221,residential,,110.36880758273932,road_line_intersected_raster_cells_all_touched,mapped,5,0.000788627308793366,0.00020749065370182507,0.0005205204855883495,1.0,0.0,0.0,0.0
150_180,150,180,RN_ROAD_00232,RN_NODE_00127,RN_NODE_00125,0,RN_ROAD_00232,RN_ROAD_00232,residential,,33.8522105579885,road_line_intersected_raster_cells_all_touched,mapped,2,0.00011836025078082457,0.00011509531395859085,0.00011770726341637782,1.0,0.0,0.0,0.0
150_180,150,180,RN_ROAD_00233,RN_NODE_00127,RN_NODE_00118,0,RN_ROAD_00233,RN_ROAD_00233,residential,,83.00094768295304,road_line_intersected_raster_cells_all_touched,mapped,4,0.00019136191986035556,0.000129418582218932,0.00016946141913649627,1.0,0.0,0.0,0.0
150_180,150,180,RN_ROAD_00223,RN_NODE_00129,RN_NODE_00130,0,RN_ROAD_00223,RN_ROAD_00223,residential,,32.89279538752702,road_line_intersected_raster_cells_all_touched,mapped,2,0.001229038811288774,0.00111330026993528,0.0012058911030180751,1.0,0.0,0.0,0.0
150_180,150,180,RN_ROAD_00224,RN_NODE_00130,RN_NODE_00149,0,RN_ROAD_00224,RN_ROAD_00224,residential,,55.605474866051736,road_line_intersected_raster_cells_all_touched,mapped,3,0.006967037916183472,0.003588384366594255,0.006087445607408881,1.0,0.0,0.0,0.0
150_180,150,180,RN_ROAD_00225,RN_NODE_00130,RN_NODE_00132,0,RN_ROAD_00225,RN_ROAD_00225,residential,,34.538218934489144,road_line_intersected_raster_cells_all_touched,mapped,2,0.001229038811288774,0.00109862771932967,0.0012029565928969531,1.0,0.0,0.0,0.0
150_180,150,180,RN_ROAD_00236,RN_NODE_00132,RN_NODE_00136,0,RN_ROAD_00236,RN_ROAD_00236,residential,,43.04473956607721,road_line_intersected_raster_cells_all_touched,mapped,3,0.006179895251989365,0.003793709969613701,0.005790519807487726,1.0,0.0,0.0,0.0
150_180,150,180,RN_ROAD_00227,RN_NODE_00124,RN_NODE_00123,0,RN_ROAD_00227,RN_ROAD_00227,residential,,23.141031158802942,road_line_intersected_raster_cells_all_touched,mapped,2,0.00011183037713635713,8.981531573226675e-05,0.00010742736485553905,1.0,0.0,0.0,0.0
150_180,150,180,RN_ROAD_00231,RN_NODE_00123,RN_NODE_00125,0,RN_ROAD_00231,RN_ROAD_00231,residential,,27.65176740977875,road_line_intersected_raster_cells_all_touched,mapped,1,0.00011183037713635713,0.00011183037713635713,0.00011183037713635713,1.0,0.0,0.0,0.0
150_180,150,180,RN_ROAD_00228,RN_NODE_00126,RN_NODE_00125,0,RN_ROAD_00228,RN_ROAD_00228,residential,,22.284229795471415,road_line_intersected_raster_cells_all_touched,mapped,3,0.00011183037713635713,8.099620996896799e-05,0.00010302435257472097,1.0,0.0,0.0,0.0
150_180,150,180,RN_ROAD_00234,RN_NODE_00090,RN_NODE_00068,0,RN_ROAD_00234,RN_ROAD_00234,secondary,['Raja Mantri Path'],542.1684999454002,road_line_intersected_raster_cells_all_touched,mapped,23,0.07342834770679474,0.01356879079653679,0.03369579538702965,0.8260869565217391,0.21739130434782608,0.0,0.0
150_180,150,180,RN_ROAD_00284,RN_NODE_00090,RN_NODE_00088,0,RN_ROAD_00284,RN_ROAD_00284,secondary_link,,8.880744024180427,road_line_intersected_raster_cells_all_touched,mapped,1,0.023101123049855232,0.023101123049855232,0.023101123049855232,1.0,1.0,0.0,0.0
150_180,150,180,RN_ROAD_00286,RN_NODE_00090,RN_NODE_00092,0,RN_ROAD_00286,RN_ROAD_00286,secondary,['Raja Mantri Path'],181.64061004240045,road_line_intersected_raster_cells_all_touched,mapped,7,0.023101123049855232,0.01275339543021151,0.019774077460169796,1.0,0.14285714285714285,0.0,0.0
150_180,150,180,RN_ROAD_00235,RN_NODE_00066,RN_NODE_00088,0,RN_ROAD_00235,RN_ROAD_00235,secondary,['Raja Mantri Path'],535.0824107204273,road_line_intersected_raster_cells_all_touched,mapped,23,0.07342834770679474,0.013780584655013745,0.03369579538702965,0.8260869565217391,0.21739130434782608,0.0,0.0
150_180,150,180,RN_ROAD_00285,RN_NODE_00088,RN_NODE_00086,0,RN_ROAD_00285,RN_ROAD_00285,secondary,['Raja Mantri Path'],181.77458684106534,road_line_intersected_raster_cells_all_touched,mapped,7,0.023101123049855232,0.01275339543021151,0.019774077460169796,1.0,0.14285714285714285,0.0,0.0
150_180,150,180,RN_ROAD_00238,RN_NODE_00136,RN_NODE_00150,0,RN_ROAD_00238,RN_ROAD_00238,residential,,44.72295405595635,road_line_intersected_raster_cells_all_touched,mapped,2,0.00863750372081995,0.007408699486404657,0.008391742873936892,1.0,0.0,0.0,0.0
150_180,150,180,RN_ROAD_00240,RN_NODE_00136,RN_NODE_00164,0,RN_ROAD_00240,RN_ROAD_00240,residential,,102.0335001644682,road_line_intersected_raster_cells_all_touched,mapped,5,0.007248821202665567,0.0055703840684145686,0.006821250822395086,1.0,0.0,0.0,0.0
150_180,150,180,RN_ROAD_00239,RN_NODE_00150,RN_NODE_00156,0,RN_ROAD_00239,RN_ROAD_00239,residential,,39.195136141472005,road_line_intersected_raster_cells_all_touched,mapped,3,0.00863750372081995,0.00700990188245972,0.008338833786547184,1.0,0.0,0.0,0.0
150_180,150,180,RN_ROAD_00242,RN_NODE_00156,RN_NODE_00164,0,RN_ROAD_00242,RN_ROAD_00242,residential,,26.861595267278346,road_line_intersected_raster_cells_all_touched,mapped,2,0.0071441540494561195,0.006040356587618589,0.006923394557088613,1.0,0.0,0.0,0.0
150_180,150,180,RN_ROAD_00243,RN_NODE_00164,RN_NODE_00175,0,RN_ROAD_00243,RN_ROAD_00243,residential,,20.050148555016975,road_line_intersected_raster_cells_all_touched,mapped,2,0.004936559125781059,0.004556132247671485,0.004860473750159145,1.0,0.0,0.0,0.0
150_180,150,180,RN_ROAD_00245,RN_NODE_00175,RN_NODE_00174,0,RN_ROAD_00245,RN_ROAD_00245,residential,,37.245679728321754,road_line_intersected_raster_cells_all_touched,mapped,2,0.004175705369561911,0.0035356793086975813,0.004047700157389045,1.0,0.0,0.0,0.0
150_180,150,180,RN_ROAD_00255,RN_NODE_00174,RN_NODE_00137,0,RN_ROAD_00255,RN_ROAD_00255,tertiary,,80.72682467278436,road_line_intersected_raster_cells_all_touched,mapped,4,0.00894914660602808,0.005233903997577727,0.007676012627780438,1.0,0.0,0.0,0.0
150_180,150,180,RN_ROAD_00246,RN_NODE_00048,RN_NODE_00047,0,RN_ROAD_00246,RN_ROAD_00246,residential,,17.21816858329121,road_line_intersected_raster_cells_all_touched,mapped,2,0.0,0.0,0.0,0.0,0.0,0.0,0.0
150_180,150,180,RN_ROAD_00247,RN_NODE_00048,RN_NODE_00042,0,RN_ROAD_00247,RN_ROAD_00247,residential,,22.173895446461863,road_line_intersected_raster_cells_all_touched,mapped,2,0.0,0.0,0.0,0.0,0.0,0.0,0.0
150_180,150,180,RN_ROAD_00248,RN_NODE_00048,RN_NODE_00051,0,RN_ROAD_00248,RN_ROAD_00248,residential,,17.273740242986737,road_line_intersected_raster_cells_all_touched,mapped,1,0.0,0.0,0.0,0.0,0.0,0.0,0.0
150_180,150,180,RN_ROAD_00249,RN_NODE_00026,RN_NODE_00025,0,RN_ROAD_00249,RN_ROAD_00249,tertiary,['Maai Mangeshkar Path'],7.738915070888369,road_line_intersected_raster_cells_all_touched,outside_valid_flood_grid,0,,,,,,,
150_180,150,180,RN_ROAD_00250,RN_NODE_00026,RN_NODE_00050,0,RN_ROAD_00250,RN_ROAD_00250,residential,,89.55329276010445,road_line_intersected_raster_cells_all_touched,mapped,3,0.0,0.0,0.0,0.0,0.0,0.0,0.0
150_180,150,180,RN_ROAD_00251,RN_NODE_00026,RN_NODE_00037,0,RN_ROAD_00251,RN_ROAD_00251,tertiary,['Maai Mangeshkar Path'],116.09553120361898,road_line_intersected_raster_cells_all_touched,mapped,5,0.0,0.0,0.0,0.0,0.0,0.0,0.0
150_180,150,180,RN_ROAD_00252,RN_NODE_00037,RN_NODE_00022,0,RN_ROAD_00252,RN_ROAD_00252,residential,,40.722524358066856,road_line_intersected_raster_cells_all_touched,mapped,2,0.0,0.0,0.0,0.0,0.0,0.0,0.0
150_180,150,180,RN_ROAD_00253,RN_NODE_00037,RN_NODE_00038,0,RN_ROAD_00253,RN_ROAD_00253,tertiary,['Maai Mangeshkar Path'],79.60523347943776,road_line_intersected_raster_cells_all_touched,mapped,5,0.0004566837742459029,9.133675484918058e-05,0.00027401026454754174,0.2,0.0,0.0,0.0
150_180,150,180,RN_ROAD_00254,RN_NODE_00038,RN_NODE_00029,0,RN_ROAD_00254,RN_ROAD_00254,residential,,31.286873855373255,road_line_intersected_raster_cells_all_touched,mapped,2,0.0004566837742459029,0.0002744833727774676,0.00042024369395221584,1.0,0.0,0.0,0.0
150_180,150,180,RN_ROAD_00265,RN_NODE_00038,RN_NODE_00040,0,RN_ROAD_00265,RN_ROAD_00265,tertiary,['Maai Mangeshkar Path'],33.64313860129337,road_line_intersected_raster_cells_all_touched,mapped,2,0.001879276242107153,0.001167980008176528,0.001737016995321028,1.0,0.0,0.0,0.0
150_180,150,180,RN_ROAD_00259,RN_NODE_00152,RN_NODE_00142,0,RN_ROAD_00259,RN_ROAD_00259,residential,,34.20403509709737,road_line_intersected_raster_cells_all_touched,mapped,3,8.793797405814985e-07,2.931265801938328e-07,7.035037924651989e-07,0.3333333333333333,0.0,0.0,0.0
150_180,150,180,RN_ROAD_00261,RN_NODE_00152,RN_NODE_00151,0,RN_ROAD_00261,RN_ROAD_00261,residential,,98.24234308064158,road_line_intersected_raster_cells_all_touched,mapped,4,0.0,0.0,0.0,0.0,0.0,0.0,0.0
150_180,150,180,RN_ROAD_00262,RN_NODE_00177,RN_NODE_00151,0,RN_ROAD_00262,RN_ROAD_00262,residential,,38.66015217871509,road_line_intersected_raster_cells_all_touched,mapped,2,0.0,0.0,0.0,0.0,0.0,0.0,0.0
150_180,150,180,RN_ROAD_00263,RN_NODE_00151,RN_NODE_00147,0,RN_ROAD_00263,RN_ROAD_00263,residential,,64.18004141029843,road_line_intersected_raster_cells_all_touched,mapped,4,1.7940000418548152e-07,9.704105430330401e-08,1.6693157789404722e-07,0.75,0.0,0.0,0.0
150_180,150,180,RN_ROAD_00264,RN_NODE_00147,RN_NODE_00203,0,RN_ROAD_00264,RN_ROAD_00264,residential,,109.35263911703977,road_line_intersected_raster_cells_all_touched,mapped,4,0.00024511024821549654,8.949035681204975e-05,0.00020541124977171423,0.75,0.0,0.0,0.0
150_180,150,180,RN_ROAD_00274,RN_NODE_00147,RN_NODE_00145,0,RN_ROAD_00274,RN_ROAD_00274,residential,,35.43034675538185,road_line_intersected_raster_cells_all_touched,mapped,2,9.236359801434446e-06,4.653642715624073e-06,8.319816384272372e-06,1.0,0.0,0.0,0.0
150_180,150,180,RN_ROAD_00309,RN_NODE_00203,RN_NODE_00214,0,RN_ROAD_00309,RN_ROAD_00309,residential,,38.13737210872941,road_line_intersected_raster_cells_all_touched,mapped,2,0.0011914032511413097,0.0007182567496784031,0.0010967739508487284,1.0,0.0,0.0,0.0
150_180,150,180,RN_ROAD_00310,RN_NODE_00203,RN_NODE_00204,0,RN_ROAD_00310,RN_ROAD_00310,residential,,37.89528305371548,road_line_intersected_raster_cells_all_touched,mapped,2,0.00026691085076890886,0.0002560105494922027,0.0002647307905135676,1.0,0.0,0.0,0.0
150_180,150,180,RN_ROAD_00266,RN_NODE_00040,RN_NODE_00033,0,RN_ROAD_00266,RN_ROAD_00266,residential,,32.29472785222386,road_line_intersected_raster_cells_all_touched,mapped,2,0.001879276242107153,0.0012228678970132023,0.001747994573088363,1.0,0.0,0.0,0.0
150_180,150,180,RN_ROAD_00267,RN_NODE_00040,RN_NODE_00041,0,RN_ROAD_00267,RN_ROAD_00267,tertiary,['Maai Mangeshkar Path'],35.86743204986393,road_line_intersected_raster_cells_all_touched,mapped,2,0.005979754030704498,0.003929515136405826,0.005569706251844764,1.0,0.0,0.0,0.0
150_180,150,180,RN_ROAD_00268,RN_NODE_00041,RN_NODE_00032,0,RN_ROAD_00268,RN_ROAD_00268,living_street,,38.09073575062562,road_line_intersected_raster_cells_all_touched,mapped,2,0.005979754030704498,0.003480977553408593,0.005479998735245318,1.0,0.0,0.0,0.0
150_180,150,180,RN_ROAD_00269,RN_NODE_00041,RN_NODE_00043,0,RN_ROAD_00269,RN_ROAD_00269,tertiary,['Maai Mangeshkar Path'],35.921159646361346,road_line_intersected_raster_cells_all_touched,mapped,2,0.009169667027890682,0.00757471052929759,0.008850675728172063,1.0,0.0,0.0,0.0
150_180,150,180,RN_ROAD_00270,RN_NODE_00043,RN_NODE_00035,0,RN_ROAD_00270,RN_ROAD_00270,living_street,,28.321194704419977,road_line_intersected_raster_cells_all_touched,mapped,2,0.009169667027890682,0.005477072088979185,0.008431148040108383,1.0,0.0,0.0,0.0
150_180,150,180,RN_ROAD_00271,RN_NODE_00043,RN_NODE_00045,0,RN_ROAD_00271,RN_ROAD_00271,tertiary,['Maai Mangeshkar Path'],45.21227035628405,road_line_intersected_raster_cells_all_touched,mapped,3,0.009169667027890682,0.007117090901980798,0.008574679773300887,1.0,0.0,0.0,0.0
150_180,150,180,RN_ROAD_00273,RN_NODE_00045,RN_NODE_00024,0,RN_ROAD_00273,RN_ROAD_00273,tertiary,['Imambhai Shekh Path'],97.52583126789406,road_line_intersected_raster_cells_all_touched,mapped,5,0.02627899870276451,0.014249446522444486,0.021970031037926677,1.0,0.2,0.0,0.0
150_180,150,180,RN_ROAD_00502,RN_NODE_00045,RN_NODE_00067,0,RN_ROAD_00502,RN_ROAD_00502,tertiary,,338.9663293358875,road_line_intersected_raster_cells_all_touched,mapped,14,0.006463124882429838,0.0017369892474334847,0.005630618194118144,1.0,0.0,0.0,0.0
150_180,150,180,RN_ROAD_00272,RN_NODE_00015,RN_NODE_00007,0,RN_ROAD_00272,RN_ROAD_00272,residential,,43.72583879407543,road_line_intersected_raster_cells_all_touched,mapped,2,0.0014902891125530005,0.0009162722562905401,0.0013754857413005085,1.0,0.0,0.0,0.0
150_180,150,180,RN_ROAD_00497,RN_NODE_00024,RN_NODE_00036,0,RN_ROAD_00497,RN_ROAD_00497,residential,,42.04807444879407,road_line_intersected_raster_cells_all_touched,mapped,3,0.028855010867118835,0.02181844972074032,0.028339808434247972,1.0,0.6666666666666666,0.0,0.0
150_180,150,180,RN_ROAD_00498,RN_NODE_00024,RN_NODE_00017,0,RN_ROAD_00498,RN_ROAD_00498,tertiary,['Imambhai Shekh Path'],54.42305386220086,road_line_intersected_raster_cells_all_touched,mapped,3,0.015265537425875664,0.010574982035905123,0.014276697859168052,1.0,0.0,0.0,0.0
150_180,150,180,RN_ROAD_00275,RN_NODE_00145,RN_NODE_00158,0,RN_ROAD_00275,RN_ROAD_00275,residential,,36.58495124293622,road_line_intersected_raster_cells_all_touched,mapped,2,9.236359801434446e-06,7.765194141029497e-06,8.942126669353456e-06,1.0,0.0,0.0,0.0
150_180,150,180,RN_ROAD_00277,RN_NODE_00145,RN_NODE_00144,0,RN_ROAD_00277,RN_ROAD_00277,residential,,35.00719862840988,road_line_intersected_raster_cells_all_touched,mapped,2,1.622996205696836e-05,1.2733160929201404e-05,1.553060183141497e-05,1.0,0.0,0.0,0.0
150_180,150,180,RN_ROAD_00276,RN_NODE_00158,RN_NODE_00179,0,RN_ROAD_00276,RN_ROAD_00276,residential,,36.16329374852845,road_line_intersected_raster_cells_all_touched,mapped,2,0.00013075121387373656,6.852262117718055e-05,0.00011830549533442536,1.0,0.0,0.0,0.0
150_180,150,180,RN_ROAD_00278,RN_NODE_00158,RN_NODE_00157,0,RN_ROAD_00278,RN_ROAD_00278,residential,,80.44428386777018,road_line_intersected_raster_cells_all_touched,mapped,3,0.0011015062918886542,0.0006851711579353529,0.0010707476641982794,1.0,0.0,0.0,0.0
150_180,150,180,RN_ROAD_00279,RN_NODE_00179,RN_NODE_00155,0,RN_ROAD_00279,RN_ROAD_00279,residential,,148.95690401777097,road_line_intersected_raster_cells_all_touched,mapped,6,0.008035331033170223,0.003430227756325621,0.006815534550696611,1.0,0.0,0.0,0.0
150_180,150,180,RN_ROAD_00312,RN_NODE_00179,RN_NODE_00204,0,RN_ROAD_00312,RN_ROAD_00312,residential,,37.95511146599418,road_line_intersected_raster_cells_all_touched,mapped,2,0.00026691085076890886,0.0001988310323213227,0.00025329488707939165,1.0,0.0,0.0,0.0
150_180,150,180,RN_ROAD_00280,RN_NODE_00157,RN_NODE_00134,0,RN_ROAD_00280,RN_ROAD_00280,residential,,60.58073034544784,road_line_intersected_raster_cells_all_touched,mapped,3,0.0013380256714299321,0.000872798656928353,0.0012907217955216766,1.0,0.0,0.0,0.0
150_180,150,180,RN_ROAD_00281,RN_NODE_00157,RN_NODE_00155,0,RN_ROAD_00281,RN_ROAD_00281,residential,,38.5710901617012,road_line_intersected_raster_cells_all_touched,mapped,3,0.0034540744964033365,0.002307333401404321,0.003236543480306864,1.0,0.0,0.0,0.0
150_180,150,180,RN_ROAD_00282,RN_NODE_00155,RN_NODE_00128,0,RN_ROAD_00282,RN_ROAD_00282,residential,,72.84714857744858,road_line_intersected_raster_cells_all_touched,mapped,4,0.0034540744964033365,0.0020463736000237986,0.0033776994328945874,1.0,0.0,0.0,0.0
150_180,150,180,RN_ROAD_00283,RN_NODE_00155,RN_NODE_00153,0,RN_ROAD_00283,RN_ROAD_00283,residential,,34.60886720259333,road_line_intersected_raster_cells_all_touched,mapped,2,0.0034540744964033365,0.0033855446381494403,0.0034403685247525575,1.0,0.0,0.0,0.0
150_180,150,180,RN_ROAD_00288,RN_NODE_00153,RN_NODE_00092,0,RN_ROAD_00288,RN_ROAD_00288,secondary,['Anant Kanhere Path' 'Raveendra Mhatre Bridge'],311.4579766061257,road_line_intersected_raster_cells_all_touched,mapped,12,0.40605929493904114,0.07212044087888596,0.21004499644041064,1.0,0.3333333333333333,0.25,0.08333333333333333
150_180,150,180,RN_ROAD_00524,RN_NODE_00153,RN_NODE_00202,0,RN_ROAD_00524,RN_ROAD_00524,secondary,['Anant Kanhere Path'],75.421502231172,road_line_intersected_raster_cells_all_touched,mapped,3,0.07801927626132965,0.030236920497069757,0.06429031509906054,1.0,0.3333333333333333,0.0,0.0
150_180,150,180,RN_ROAD_00525,RN_NODE_00153,RN_NODE_00154,0,RN_ROAD_00525,RN_ROAD_00525,residential,,6.764455261674849,road_line_intersected_raster_cells_all_touched,mapped,1,0.003317014779895544,0.003317014779895544,0.003317014779895544,1.0,0.0,0.0,0.0
150_180,150,180,RN_ROAD_00287,RN_NODE_00086,RN_NODE_00092,0,RN_ROAD_00287,RN_ROAD_00287,secondary,['Raveendra Mhatre Bridge'],14.257326710582095,road_line_intersected_raster_cells_all_touched,mapped,1,0.00938516017049551,0.00938516017049551,0.00938516017049551,1.0,0.0,0.0,0.0
150_180,150,180,RN_ROAD_00290,RN_NODE_00086,RN_NODE_00067,0,RN_ROAD_00290,RN_ROAD_00290,secondary,['Amrutrao Khilare Path' 'Raveendra Mhatre Bridge'],198.1201234455136,road_line_intersected_raster_cells_all_touched,mapped,9,0.01233078446239233,0.003605434580701209,0.009974285028874874,1.0,0.0,0.0,0.0
150_180,150,180,RN_ROAD_00289,RN_NODE_00069,RN_NODE_00154,0,RN_ROAD_00289,RN_ROAD_00289,secondary,['Anant Kanhere Path' 'Amrutrao Khilare Path' 'Raveendra Mhatre Bridge'],443.911033396087,road_line_intersected_raster_cells_all_touched,mapped,16,0.40605929493904114,0.05547024728195993,0.17514827102422714,1.0,0.25,0.1875,0.0625
150_180,150,180,RN_ROAD_00291,RN_NODE_00069,RN_NODE_00071,0,RN_ROAD_00291,RN_ROAD_00291,residential,['Gangaram Dhanvat Path'],42.18128420734655,road_line_intersected_raster_cells_all_touched,mapped,3,0.0003438965359237045,0.00022894923131389078,0.0003411455894820392,1.0,0.0,0.0,0.0
150_180,150,180,RN_ROAD_00535,RN_NODE_00069,RN_NODE_00064,0,RN_ROAD_00535,RN_ROAD_00535,secondary,['Amrutrao Khilare Path'],152.1298739438697,road_line_intersected_raster_cells_all_touched,mapped,8,0.004960733465850353,0.0010863053905723064,0.0029588675126433366,1.0,0.0,0.0,0.0
150_180,150,180,RN_ROAD_00526,RN_NODE_00154,RN_NODE_00169,0,RN_ROAD_00526,RN_ROAD_00526,secondary,['Anant Kanhere Path'],23.53416301472962,road_line_intersected_raster_cells_all_touched,mapped,1,0.003317014779895544,0.003317014779895544,0.003317014779895544,1.0,0.0,0.0,0.0
150_180,150,180,RN_ROAD_00529,RN_NODE_00154,RN_NODE_00159,0,RN_ROAD_00529,RN_ROAD_00529,residential,,45.867397533557956,road_line_intersected_raster_cells_all_touched,mapped,3,0.003317014779895544,0.002709378177920977,0.0031740494538098573,1.0,0.0,0.0,0.0
150_180,150,180,RN_ROAD_00539,RN_NODE_00067,RN_NODE_00063,0,RN_ROAD_00539,RN_ROAD_00539,secondary,['Amrutrao Khilare Path'],86.28041586152774,road_line_intersected_raster_cells_all_touched,mapped,5,0.009050912223756313,0.00409617512486875,0.00741484072059393,1.0,0.0,0.0,0.0
150_180,150,180,RN_ROAD_00293,RN_NODE_00071,RN_NODE_00079,0,RN_ROAD_00293,RN_ROAD_00293,residential,,82.84060098201485,road_line_intersected_raster_cells_all_touched,mapped,4,0.0007851153495721519,0.0005618584109470248,0.0007610549044329674,1.0,0.0,0.0,0.0
150_180,150,180,RN_ROAD_00536,RN_NODE_00071,RN_NODE_00072,0,RN_ROAD_00536,RN_ROAD_00536,residential,['Gangaram Dhanvat Path'],35.06478297071743,road_line_intersected_raster_cells_all_touched,mapped,2,0.00033014180371537805,0.00026063005498144776,0.000316239453968592,1.0,0.0,0.0,0.0
150_180,150,180,RN_ROAD_00292,RN_NODE_00082,RN_NODE_00079,0,RN_ROAD_00292,RN_ROAD_00292,residential,,31.523164508787627,road_line_intersected_raster_cells_all_touched,mapped,2,0.0032951829489320517,0.002000048407353461,0.0030361560406163336,1.0,0.0,0.0,0.0
150_180,150,180,RN_ROAD_00537,RN_NODE_00079,RN_NODE_00085,0,RN_ROAD_00537,RN_ROAD_00537,residential,,25.94260677024421,road_line_intersected_raster_cells_all_touched,mapped,3,0.0019054979784414172,0.0010193497291766107,0.0016653811559081079,1.0,0.0,0.0,0.0
150_180,150,180,RN_ROAD_00298,RN_NODE_00263,RN_NODE_00271,0,RN_ROAD_00298,RN_ROAD_00298,residential,,83.57971270753288,road_line_intersected_raster_cells_all_touched,mapped,4,0.01426207646727562,0.004470432526431978,0.01068967077881098,1.0,0.0,0.0,0.0
150_180,150,180,RN_ROAD_00300,RN_NODE_00263,RN_NODE_00262,0,RN_ROAD_00300,RN_ROAD_00300,residential,,64.60159491377381,road_line_intersected_raster_cells_all_touched,mapped,3,0.007649090141057968,0.00294089464781185,0.006249876949004829,1.0,0.0,0.0,0.0
150_180,150,180,RN_ROAD_00302,RN_NODE_00255,RN_NODE_00266,0,RN_ROAD_00302,RN_ROAD_00302,residential,,60.614729101893765,road_line_intersected_raster_cells_all_touched,mapped,4,0.1086570993065834,0.02889357224921696,0.07736426517367365,1.0,0.25,0.25,0.0
150_180,150,180,RN_ROAD_00325,RN_NODE_00266,RN_NODE_00281,0,RN_ROAD_00325,RN_ROAD_00325,residential,,54.02302575307796,road_line_intersected_raster_cells_all_touched,mapped,3,0.002001830842345953,0.001395996679396679,0.0018820776604115963,1.0,0.0,0.0,0.0
150_180,150,180,RN_ROAD_00327,RN_NODE_00266,RN_NODE_00248,0,RN_ROAD_00327,RN_ROAD_00327,residential,,78.48356376330446,road_line_intersected_raster_cells_all_touched,mapped,4,0.00315749179571867,0.0014631932608608622,0.00263116373680532,1.0,0.0,0.0,0.0
150_180,150,180,RN_ROAD_00329,RN_NODE_00266,RN_NODE_00261,0,RN_ROAD_00329,RN_ROAD_00329,residential,,53.80249370302222,road_line_intersected_raster_cells_all_touched,mapped,3,0.0014030649326741695,0.0006174844408330197,0.0011706653807777912,1.0,0.0,0.0,0.0
150_180,150,180,RN_ROAD_00326,RN_NODE_00281,RN_NODE_00286,0,RN_ROAD_00326,RN_ROAD_00326,residential,,31.860041724128912,road_line_intersected_raster_cells_all_touched,mapped,2,0.0007830942631699145,0.0006001061556162313,0.0007464966416591779,1.0,0.0,0.0,0.0
150_180,150,180,RN_ROAD_00311,RN_NODE_00214,RN_NODE_00206,0,RN_ROAD_00311,RN_ROAD_00311,tertiary,['Dattawadi Road'],59.030518953440364,road_line_intersected_raster_cells_all_touched,mapped,2,0.0023778413888067007,0.0017846223199740052,0.0022591975750401614,1.0,0.0,0.0,0.0
150_180,150,180,RN_ROAD_00313,RN_NODE_00204,RN_NODE_00206,0,RN_ROAD_00313,RN_ROAD_00313,residential,,18.035376463423137,road_line_intersected_raster_cells_all_touched,mapped,2,0.0023778413888067007,0.0013223761197878048,0.0021667483350029217,1.0,0.0,0.0,0.0
150_180,150,180,RN_ROAD_00344,RN_NODE_00206,RN_NODE_00202,0,RN_ROAD_00344,RN_ROAD_00344,tertiary,['Dattawadi Road'],131.89614971042946,road_line_intersected_raster_cells_all_touched,mapped,7,0.07801927626132965,0.02088228887545743,0.05539566129446031,1.0,0.2857142857142857,0.0,0.0
150_180,150,180,RN_ROAD_00315,RN_NODE_00334,RN_NODE_00335,0,RN_ROAD_00315,RN_ROAD_00315,residential,,31.58303292093578,road_line_intersected_raster_cells_all_touched,mapped,2,0.0013210836332291365,0.0009598520409781486,0.0012488373147789388,1.0,0.0,0.0,0.0
150_180,150,180,RN_ROAD_00318,RN_NODE_00335,RN_NODE_00333,0,RN_ROAD_00318,RN_ROAD_00318,residential,,3.484928869378495,road_line_intersected_raster_cells_all_touched,mapped,1,0.0005986204487271607,0.0005986204487271607,0.0005986204487271607,1.0,0.0,0.0,0.0
150_180,150,180,RN_ROAD_00321,RN_NODE_00333,RN_NODE_00332,0,RN_ROAD_00321,RN_ROAD_00321,residential,,43.10430892436066,road_line_intersected_raster_cells_all_touched,mapped,3,0.0007694942178204656,0.0004697184995166026,0.0007353194640018045,1.0,0.0,0.0,0.0
150_180,150,180,RN_ROAD_00323,RN_NODE_00312,RN_NODE_00332,0,RN_ROAD_00323,RN_ROAD_00323,residential,,52.250203462147866,road_line_intersected_raster_cells_all_touched,mapped,3,0.00038148195017129183,0.00014650821079461215,0.0003133937265374698,1.0,0.0,0.0,0.0
150_180,150,180,RN_ROAD_00334,RN_NODE_00312,RN_NODE_00310,0,RN_ROAD_00334,RN_ROAD_00334,residential,,28.0576508861656,road_line_intersected_raster_cells_all_touched,mapped,2,0.00038934662006795406,0.00020317423513915855,0.000352112143082195,1.0,0.0,0.0,0.0
150_180,150,180,RN_ROAD_00335,RN_NODE_00332,RN_NODE_00331,0,RN_ROAD_00335,RN_ROAD_00335,residential,,26.537672219220823,road_line_intersected_raster_cells_all_touched,mapped,2,0.0007814298151060939,0.0004112353235541377,0.0007073909167957026,1.0,0.0,0.0,0.0
150_180,150,180,RN_ROAD_00338,RN_NODE_00347,RN_NODE_00331,0,RN_ROAD_00338,RN_ROAD_00338,residential,,48.091512749697046,road_line_intersected_raster_cells_all_touched,mapped,2,0.003814829047769308,0.002298129431437701,0.0035114891245029865,1.0,0.0,0.0,0.0
150_180,150,180,RN_ROAD_00339,RN_NODE_00347,RN_NODE_00350,0,RN_ROAD_00339,RN_ROAD_00339,residential,,47.93089131735309,road_line_intersected_raster_cells_all_touched,mapped,2,0.003814829047769308,0.0027629457181319594,0.0036044523818418383,1.0,0.0,0.0,0.0
150_180,150,180,RN_ROAD_00414,RN_NODE_00347,RN_NODE_00369,0,RN_ROAD_00414,RN_ROAD_00414,residential,,61.737807633745184,road_line_intersected_raster_cells_all_touched,mapped,3,0.003814829047769308,0.0020426466750601926,0.003387114987708628,1.0,0.0,0.0,0.0
150_180,150,180,RN_ROAD_00328,RN_NODE_00286,RN_NODE_00289,0,RN_ROAD_00328,RN_ROAD_00328,residential,,17.343312796122525,road_line_intersected_raster_cells_all_touched,mapped,2,0.001192527124658227,0.0008048225863603875,0.0011149862169986592,1.0,0.0,0.0,0.0
150_180,150,180,RN_ROAD_00330,RN_NODE_00289,RN_NODE_00287,0,RN_ROAD_00330,RN_ROAD_00330,residential,,37.882267862748435,road_line_intersected_raster_cells_all_touched,mapped,2,0.003674797248095274,0.0024336621863767505,0.003426570235751569,1.0,0.0,0.0,0.0
150_180,150,180,RN_ROAD_00336,RN_NODE_00289,RN_NODE_00310,0,RN_ROAD_00336,RN_ROAD_00336,residential,,58.816214549128475,road_line_intersected_raster_cells_all_touched,mapped,3,0.002494462300091982,0.0013587786816060543,0.0022340752650052307,1.0,0.0,0.0,0.0
150_180,150,180,RN_ROAD_00331,RN_NODE_00287,RN_NODE_00272,0,RN_ROAD_00331,RN_ROAD_00331,residential,['Krushnaji Gopal Ghanekar Path'],54.09113582582423,road_line_intersected_raster_cells_all_touched,mapped,3,0.010021641850471497,0.007031448495884736,0.009496894758194685,1.0,0.0,0.0,0.0
150_180,150,180,RN_ROAD_00332,RN_NODE_00287,RN_NODE_00288,0,RN_ROAD_00332,RN_ROAD_00332,residential,,40.303744394483715,road_line_intersected_raster_cells_all_touched,mapped,2,0.011187491938471794,0.007431144593283534,0.010436222469434143,1.0,0.0,0.0,0.0
150_180,150,180,RN_ROAD_00333,RN_NODE_00272,RN_NODE_00273,0,RN_ROAD_00333,RN_ROAD_00333,residential,,40.38747778918996,road_line_intersected_raster_cells_all_touched,mapped,2,0.010102449916303158,0.008750178152695298,0.009831995563581586,1.0,0.0,0.0,0.0
150_180,150,180,RN_ROAD_00354,RN_NODE_00272,RN_NODE_00237,0,RN_ROAD_00354,RN_ROAD_00354,residential,['Krushnaji Gopal Ghanekar Path'],155.52628067151952,road_line_intersected_raster_cells_all_touched,mapped,7,0.007397906389087439,0.002857615955040923,0.005520447250455619,1.0,0.0,0.0,0.0
150_180,150,180,RN_ROAD_00355,RN_NODE_00288,RN_NODE_00273,0,RN_ROAD_00355,RN_ROAD_00355,residential,['Kushaba Ganapati Ovhal Path'],53.153520018738426,road_line_intersected_raster_cells_all_touched,mapped,3,0.02310206927359104,0.014797337042788664,0.020719153806567192,1.0,0.3333333333333333,0.0,0.0
150_180,150,180,RN_ROAD_00365,RN_NODE_00288,RN_NODE_00309,0,RN_ROAD_00365,RN_ROAD_00365,residential,['Kushaba Ganapati Ovhal Path'],55.15465322981308,road_line_intersected_raster_cells_all_touched,mapped,3,0.011187491938471794,0.0077086323872208595,0.010181309189647436,1.0,0.0,0.0,0.0
150_180,150,180,RN_ROAD_00356,RN_NODE_00273,RN_NODE_00237,0,RN_ROAD_00356,RN_ROAD_00356,residential,['Kushaba Ganapati Ovhal Path'],142.83177131115704,road_line_intersected_raster_cells_all_touched,mapped,6,0.010102449916303158,0.005140568653587252,0.008669894887134433,1.0,0.0,0.0,0.0
150_180,150,180,RN_ROAD_00357,RN_NODE_00273,RN_NODE_00274,0,RN_ROAD_00357,RN_ROAD_00357,residential,,51.19311605536175,road_line_intersected_raster_cells_all_touched,mapped,3,0.010817736387252808,0.010327092992762724,0.010674679093062878,1.0,0.0,0.0,0.0
150_180,150,180,RN_ROAD_00337,RN_NODE_00310,RN_NODE_00331,0,RN_ROAD_00337,RN_ROAD_00337,residential,,53.66610792366498,road_line_intersected_raster_cells_all_touched,mapped,3,0.0007814298151060939,0.0004981924042416116,0.0007030131760984659,1.0,0.0,0.0,0.0
150_180,150,180,RN_ROAD_00341,RN_NODE_00310,RN_NODE_00309,0,RN_ROAD_00341,RN_ROAD_00341,residential,,75.7363203987582,road_line_intersected_raster_cells_all_touched,mapped,3,0.00578182702884078,0.002525243403700491,0.004906372935511172,1.0,0.0,0.0,0.0
150_180,150,180,RN_ROAD_00340,RN_NODE_00331,RN_NODE_00330,0,RN_ROAD_00340,RN_ROAD_00340,residential,,74.51475791982269,road_line_intersected_raster_cells_all_touched,mapped,3,0.001311502419412136,0.000944681252197673,0.0012054878985509276,1.0,0.0,0.0,0.0
150_180,150,180,RN_ROAD_00342,RN_NODE_00350,RN_NODE_00353,0,RN_ROAD_00342,RN_ROAD_00342,residential,,27.225136423844823,road_line_intersected_raster_cells_all_touched,mapped,3,0.0021417599637061357,0.0017512171374013026,0.0020556204486638307,1.0,0.0,0.0,0.0
150_180,150,180,RN_ROAD_00418,RN_NODE_00350,RN_NODE_00368,0,RN_ROAD_00418,RN_ROAD_00418,residential,,56.929987482394445,road_line_intersected_raster_cells_all_touched,mapped,3,0.004172627814114094,0.002805521168435613,0.003844676911830902,1.0,0.0,0.0,0.0
150_180,150,180,RN_ROAD_00343,RN_NODE_00330,RN_NODE_00309,0,RN_ROAD_00343,RN_ROAD_00343,residential,['Kushaba Ganapati Ovhal Path'],57.20658022555833,road_line_intersected_raster_cells_all_touched,mapped,3,0.00578182702884078,0.0032577728076527515,0.0051614594180136916,1.0,0.0,0.0,0.0
150_180,150,180,RN_ROAD_00364,RN_NODE_00330,RN_NODE_00353,0,RN_ROAD_00364,RN_ROAD_00364,residential,['Kushaba Ganapati Ovhal Path'],52.95372397223445,road_line_intersected_raster_cells_all_touched,mapped,3,0.0021417599637061357,0.0016180304810404778,0.0019935737829655407,1.0,0.0,0.0,0.0
150_180,150,180,RN_ROAD_00367,RN_NODE_00309,RN_NODE_00308,0,RN_ROAD_00367,RN_ROAD_00367,residential,,48.685081982286476,road_line_intersected_raster_cells_all_touched,mapped,3,0.025754908099770546,0.01677660442267855,0.0243625421077013,1.0,0.3333333333333333,0.0,0.0
150_180,150,180,RN_ROAD_00366,RN_NODE_00353,RN_NODE_00354,0,RN_ROAD_00366,RN_ROAD_00366,residential,,45.58737320488795,road_line_intersected_raster_cells_all_touched,mapped,3,0.006283530965447426,0.0030955960197995105,0.00534731037914753,1.0,0.0,0.0,0.0
150_180,150,180,RN_ROAD_00345,RN_NODE_00202,RN_NODE_00201,0,RN_ROAD_00345,RN_ROAD_00345,tertiary,['Dattawadi Road'],14.590834250767971,road_line_intersected_raster_cells_all_touched,mapped,1,0.07801927626132965,0.07801927626132965,0.07801927626132965,1.0,1.0,0.0,0.0
150_180,150,180,RN_ROAD_00347,RN_NODE_00202,RN_NODE_00223,0,RN_ROAD_00347,RN_ROAD_00347,secondary,['Anant Kanhere Path'],77.6513222661988,road_line_intersected_raster_cells_all_touched,mapped,4,0.07801927626132965,0.036615131015423685,0.0725453570485115,1.0,0.5,0.0,0.0
150_180,150,180,RN_ROAD_00348,RN_NODE_00201,RN_NODE_00223,0,RN_ROAD_00348,RN_ROAD_00348,secondary,['Anant Kanhere Path'],70.49281105699869,road_line_intersected_raster_cells_all_touched,mapped,4,0.20797008275985718,0.0883377370191738,0.16898484081029894,1.0,0.75,0.25,0.0
150_180,150,180,RN_ROAD_00527,RN_NODE_00201,RN_NODE_00169,0,RN_ROAD_00527,RN_ROAD_00527,secondary,['Anant Kanhere Path'],51.49587636613036,road_line_intersected_raster_cells_all_touched,mapped,3,0.07801927626132965,0.030236920497069757,0.06429031509906054,1.0,0.3333333333333333,0.0,0.0
150_180,150,180,RN_ROAD_00346,RN_NODE_00237,RN_NODE_00236,0,RN_ROAD_00346,RN_ROAD_00346,residential,['Oval Path'],50.88101900609627,road_line_intersected_raster_cells_all_touched,mapped,3,0.0011551602510735393,0.0007813805132173002,0.0011027835309505463,1.0,0.0,0.0,0.0
150_180,150,180,RN_ROAD_00349,RN_NODE_00236,RN_NODE_00223,0,RN_ROAD_00349,RN_ROAD_00349,secondary,['Anant Kanhere Path'],22.888554038441548,road_line_intersected_raster_cells_all_touched,mapped,2,0.00758871017023921,0.004240993410348892,0.006919166818261146,1.0,0.0,0.0,0.0
150_180,150,180,RN_ROAD_00350,RN_NODE_00236,RN_NODE_00232,0,RN_ROAD_00350,RN_ROAD_00350,residential,['Oval Path'],51.52542500920623,road_line_intersected_raster_cells_all_touched,mapped,3,0.0044653769582509995,0.002556006656959653,0.0040341748390346766,1.0,0.0,0.0,0.0
150_180,150,180,RN_ROAD_00361,RN_NODE_00236,RN_NODE_00274,0,RN_ROAD_00361,RN_ROAD_00361,secondary,['Anant Kanhere Path'],153.02556378227789,road_line_intersected_raster_cells_all_touched,mapped,6,0.010061092674732208,0.003761628099406759,0.008125751744955778,1.0,0.0,0.0,0.0
150_180,150,180,RN_ROAD_00351,RN_NODE_00232,RN_NODE_00231,0,RN_ROAD_00351,RN_ROAD_00351,residential,['Oval Path'],9.606205677849413,road_line_intersected_raster_cells_all_touched,mapped,1,0.0044653769582509995,0.0044653769582509995,0.0044653769582509995,1.0,0.0,0.0,0.0
150_180,150,180,RN_ROAD_00384,RN_NODE_00232,RN_NODE_00275,0,RN_ROAD_00384,RN_ROAD_00384,residential,['Navi Peth'],166.71370209157016,road_line_intersected_raster_cells_all_touched,mapped,6,0.005363998934626579,0.004239146946929395,0.005241050384938717,1.0,0.0,0.0,0.0
150_180,150,180,RN_ROAD_00352,RN_NODE_00231,RN_NODE_00217,0,RN_ROAD_00352,RN_ROAD_00352,residential,,31.320340411873552,road_line_intersected_raster_cells_all_touched,mapped,2,0.0044653769582509995,0.004115721094422042,0.004395445785485208,1.0,0.0,0.0,0.0
150_180,150,180,RN_ROAD_00353,RN_NODE_00231,RN_NODE_00233,0,RN_ROAD_00353,RN_ROAD_00353,residential,['Oval Path'],36.63339705354481,road_line_intersected_raster_cells_all_touched,mapped,2,0.006272866856306791,0.005369121907278895,0.006092117866501212,1.0,0.0,0.0,0.0
150_180,150,180,RN_ROAD_00388,RN_NODE_00233,RN_NODE_00276,0,RN_ROAD_00388,RN_ROAD_00388,residential,['Oval Path'],166.0919306471388,road_line_intersected_raster_cells_all_touched,mapped,6,0.006718883756548166,0.005920940622066458,0.006685097934678197,1.0,0.0,0.0,0.0
150_180,150,180,RN_ROAD_00634,RN_NODE_00233,RN_NODE_00216,0,RN_ROAD_00634,RN_ROAD_00634,residential,,37.77862694551565,road_line_intersected_raster_cells_all_touched,mapped,3,0.006272866856306791,0.004334411583840847,0.005705806193873286,1.0,0.0,0.0,0.0
150_180,150,180,RN_ROAD_00360,RN_NODE_00274,RN_NODE_00283,0,RN_ROAD_00360,RN_ROAD_00360,secondary,['Anant Kanhere Path'],30.835908769960856,road_line_intersected_raster_cells_all_touched,mapped,2,0.011060018092393875,0.010560555383563042,0.010960125550627708,1.0,0.0,0.0,0.0
150_180,150,180,RN_ROAD_00362,RN_NODE_00274,RN_NODE_00275,0,RN_ROAD_00362,RN_ROAD_00362,residential,['Sant Tukaram Maharaj Road'],46.125753014015864,road_line_intersected_raster_cells_all_touched,mapped,3,0.010061092674732208,0.0067268721759319305,0.009121673926711083,1.0,0.0,0.0,0.0
150_180,150,180,RN_ROAD_00358,RN_NODE_00296,RN_NODE_00292,0,RN_ROAD_00358,RN_ROAD_00358,secondary,['Anant Kanhere Path'],22.11040559802123,road_line_intersected_raster_cells_all_touched,mapped,2,0.02491632290184498,0.017301542218774557,0.023393366765230895,1.0,0.5,0.0,0.0
150_180,150,180,RN_ROAD_00363,RN_NODE_00296,RN_NODE_00295,0,RN_ROAD_00363,RN_ROAD_00363,residential,,76.73583658315671,road_line_intersected_raster_cells_all_touched,mapped,4,0.032363392412662506,0.022939905524253845,0.030129271559417248,1.0,0.75,0.0,0.0
150_180,150,180,RN_ROAD_00372,RN_NODE_00296,RN_NODE_00303,0,RN_ROAD_00372,RN_ROAD_00372,secondary,['Anant Kanhere Path'],22.97638368976205,road_line_intersected_raster_cells_all_touched,mapped,2,0.025754908099770546,0.025335615500807762,0.02567104957997799,1.0,1.0,0.0,0.0
150_180,150,180,RN_ROAD_00359,RN_NODE_00292,RN_NODE_00283,0,RN_ROAD_00359,RN_ROAD_00359,secondary,['Anant Kanhere Path'],26.186261774119217,road_line_intersected_raster_cells_all_touched,mapped,2,0.011060018092393875,0.010373389814049006,0.0109226924367249,1.0,0.0,0.0,0.0
150_180,150,180,RN_ROAD_00385,RN_NODE_00292,RN_NODE_00291,0,RN_ROAD_00385,RN_ROAD_00385,residential,['Bapu Eliya Ranbhise Path'],114.74911845768395,road_line_intersected_raster_cells_all_touched,mapped,5,0.026150843128561974,0.01129064243286848,0.01994423530995846,1.0,0.2,0.0,0.0
150_180,150,180,RN_ROAD_00386,RN_NODE_00283,RN_NODE_00282,0,RN_ROAD_00386,RN_ROAD_00386,residential,,113.75327527325297,road_line_intersected_raster_cells_all_touched,mapped,5,0.013055541552603245,0.009375481493771076,0.012706734426319598,1.0,0.0,0.0,0.0
150_180,150,180,RN_ROAD_00387,RN_NODE_00275,RN_NODE_00276,0,RN_ROAD_00387,RN_ROAD_00387,residential,['Sant Tukaram Maharaj Road'],46.58922877272555,road_line_intersected_raster_cells_all_touched,mapped,2,0.006246855948120356,0.0058054274413734674,0.006158570246770978,1.0,0.0,0.0,0.0
150_180,150,180,RN_ROAD_00368,RN_NODE_00354,RN_NODE_00341,0,RN_ROAD_00368,RN_ROAD_00368,secondary,['Anant Kanhere Path'],31.22431018041233,road_line_intersected_raster_cells_all_touched,mapped,2,0.01291185524314642,0.009597693104296923,0.01224902281537652,1.0,0.0,0.0,0.0
150_180,150,180,RN_ROAD_00425,RN_NODE_00354,RN_NODE_00365,0,RN_ROAD_00425,RN_ROAD_00425,secondary,['Anant Kanhere Path'],46.78394768455451,road_line_intersected_raster_cells_all_touched,mapped,2,0.014181150123476982,0.010232340544462204,0.013391388207674026,1.0,0.0,0.0,0.0
150_180,150,180,RN_ROAD_00428,RN_NODE_00354,RN_NODE_00355,0,RN_ROAD_00428,RN_ROAD_00428,residential,,44.76295201103551,road_line_intersected_raster_cells_all_touched,mapped,2,0.013139763846993446,0.009711647406220436,0.012454140558838844,1.0,0.0,0.0,0.0
150_180,150,180,RN_ROAD_00370,RN_NODE_00308,RN_NODE_00318,0,RN_ROAD_00370,RN_ROAD_00370,secondary,['Anant Kanhere Path'],43.97002413105344,road_line_intersected_raster_cells_all_touched,mapped,2,0.03029470704495907,0.028024807572364807,0.029840727150440217,1.0,1.0,0.0,0.0
150_180,150,180,RN_ROAD_00371,RN_NODE_00308,RN_NODE_00303,0,RN_ROAD_00371,RN_ROAD_00371,secondary,['Anant Kanhere Path'],5.852343388251984,road_line_intersected_raster_cells_all_touched,mapped,1,0.025754908099770546,0.025754908099770546,0.025754908099770546,1.0,1.0,0.0,0.0
150_180,150,180,RN_ROAD_00369,RN_NODE_00341,RN_NODE_00318,0,RN_ROAD_00369,RN_ROAD_00369,secondary,['Anant Kanhere Path'],37.55108276168134,road_line_intersected_raster_cells_all_touched,mapped,3,0.03029470704495907,0.020563732522229355,0.027932692691683768,1.0,0.3333333333333333,0.0,0.0
150_180,150,180,RN_ROAD_00373,RN_NODE_00341,RN_NODE_00343,0,RN_ROAD_00373,RN_ROAD_00373,residential,,57.62190011561909,road_line_intersected_raster_cells_all_touched,mapped,3,0.021414488554000854,0.014154157601296902,0.019713961891829966,1.0,0.3333333333333333,0.0,0.0
150_180,150,180,RN_ROAD_00375,RN_NODE_00318,RN_NODE_00320,0,RN_ROAD_00375,RN_ROAD_00375,residential,['Dattatrey Malvadkar Path'],103.95219945977442,road_line_intersected_raster_cells_all_touched,mapped,4,0.03029470704495907,0.018465246306732297,0.02840676996856928,1.0,0.5,0.0,0.0
150_180,150,180,RN_ROAD_00374,RN_NODE_00303,RN_NODE_00302,0,RN_ROAD_00374,RN_ROAD_00374,residential,['Bala Raut Path'],100.86042901901577,road_line_intersected_raster_cells_all_touched,mapped,4,0.02659088373184204,0.021883636713027954,0.02634009104222059,1.0,0.75,0.0,0.0
150_180,150,180,RN_ROAD_00377,RN_NODE_00302,RN_NODE_00320,0,RN_ROAD_00377,RN_ROAD_00377,residential,,54.41554678839753,road_line_intersected_raster_cells_all_touched,mapped,2,0.014712192118167877,0.010882680770009756,0.013946289848536252,1.0,0.0,0.0,0.0
150_180,150,180,RN_ROAD_00378,RN_NODE_00302,RN_NODE_00301,0,RN_ROAD_00378,RN_ROAD_00378,residential,['Bala Raut Path'],17.25889386682857,road_line_intersected_raster_cells_all_touched,mapped,2,0.014712192118167877,0.011886365711688995,0.014147026836872101,1.0,0.0,0.0,0.0
150_180,150,180,RN_ROAD_00379,RN_NODE_00320,RN_NODE_00325,0,RN_ROAD_00379,RN_ROAD_00379,residential,['Dattatrey Malvadkar Path'],64.52860259913493,road_line_intersected_raster_cells_all_touched,mapped,4,0.007053169421851635,0.005453569407109171,0.006837549293413759,1.0,0.0,0.0,0.0
150_180,150,180,RN_ROAD_00376,RN_NODE_00352,RN_NODE_00355,0,RN_ROAD_00376,RN_ROAD_00376,residential,,33.30389947901987,road_line_intersected_raster_cells_all_touched,mapped,2,0.013139763846993446,0.011833070311695337,0.012878425139933824,1.0,0.0,0.0,0.0
150_180,150,180,RN_ROAD_00432,RN_NODE_00355,RN_NODE_00363,0,RN_ROAD_00432,RN_ROAD_00432,residential,,44.58497188028427,road_line_intersected_raster_cells_all_touched,mapped,2,0.013139763846993446,0.010675890371203423,0.012646989151835441,1.0,0.0,0.0,0.0
150_180,150,180,RN_ROAD_00380,RN_NODE_00301,RN_NODE_00300,0,RN_ROAD_00380,RN_ROAD_00380,residential,['Bala Raut Path'],50.21898246564194,road_line_intersected_raster_cells_all_touched,mapped,3,0.009060539305210114,0.004150953415470819,0.007727937446907163,1.0,0.0,0.0,0.0
150_180,150,180,RN_ROAD_00392,RN_NODE_00301,RN_NODE_00291,0,RN_ROAD_00392,RN_ROAD_00392,residential,,44.18831364726318,road_line_intersected_raster_cells_all_touched,mapped,3,0.009060539305210114,0.006575863032291333,0.008740175422281027,1.0,0.0,0.0,0.0
150_180,150,180,RN_ROAD_00381,RN_NODE_00325,RN_NODE_00300,0,RN_ROAD_00381,RN_ROAD_00381,residential,,61.35590635660984,road_line_intersected_raster_cells_all_touched,mapped,4,0.005635645240545273,0.003470893803751096,0.005401634378358722,1.0,0.0,0.0,0.0
150_180,150,180,RN_ROAD_00382,RN_NODE_00325,RN_NODE_00322,0,RN_ROAD_00382,RN_ROAD_00382,residential,['Dattatrey Malvadkar Path'],12.588276999794445,road_line_intersected_raster_cells_all_touched,mapped,2,0.004855609033256769,0.002995953953359276,0.00448367801727727,1.0,0.0,0.0,0.0
150_180,150,180,RN_ROAD_00625,RN_NODE_00300,RN_NODE_00299,0,RN_ROAD_00625,RN_ROAD_00625,residential,['Bala Raut Path'],169.33262027577143,road_line_intersected_raster_cells_all_touched,mapped,7,0.020875234156847,0.006711407015765352,0.013094197213649754,1.0,0.14285714285714285,0.0,0.0
150_180,150,180,RN_ROAD_00383,RN_NODE_00322,RN_NODE_00324,0,RN_ROAD_00383,RN_ROAD_00383,residential,['Dattatrey Malvadkar Path'],34.971618717144,road_line_intersected_raster_cells_all_touched,mapped,2,0.0017991206841543317,0.0014677097788080573,0.0017328385030850769,1.0,0.0,0.0,0.0
150_180,150,180,RN_ROAD_00469,RN_NODE_00322,RN_NODE_00393,0,RN_ROAD_00469,RN_ROAD_00469,residential,['M. K. Hardikar Path'],188.1514134905197,road_line_intersected_raster_cells_all_touched,mapped,7,0.00829092226922512,0.002638204804887729,0.005245147366076709,1.0,0.0,0.0,0.0
150_180,150,180,RN_ROAD_00472,RN_NODE_00324,RN_NODE_00390,0,RN_ROAD_00472,RN_ROAD_00472,residential,['Nanasaheb Shendkar Path'],180.15976327610346,road_line_intersected_raster_cells_all_touched,mapped,7,0.007284336723387241,0.003920146713166365,0.005909806303679944,1.0,0.0,0.0,0.0
150_180,150,180,RN_ROAD_00624,RN_NODE_00324,RN_NODE_00323,0,RN_ROAD_00624,RN_ROAD_00624,residential,['Dattatrey Malvadkar Path'],15.360988617277298,road_line_intersected_raster_cells_all_touched,mapped,2,0.0017991206841543317,0.0016143648535944521,0.0017621695180423558,1.0,0.0,0.0,0.0
150_180,150,180,RN_ROAD_00390,RN_NODE_00291,RN_NODE_00282,0,RN_ROAD_00390,RN_ROAD_00390,residential,,26.172660671500964,road_line_intersected_raster_cells_all_touched,mapped,2,0.003208329901099205,0.0026030433364212513,0.0030872725881636144,1.0,0.0,0.0,0.0
150_180,150,180,RN_ROAD_00393,RN_NODE_00291,RN_NODE_00285,0,RN_ROAD_00393,RN_ROAD_00393,residential,,220.02800234651528,road_line_intersected_raster_cells_all_touched,mapped,8,0.011371655389666557,0.004570571632939391,0.009006362315267323,1.0,0.0,0.0,0.0
150_180,150,180,RN_ROAD_00391,RN_NODE_00282,RN_NODE_00277,0,RN_ROAD_00391,RN_ROAD_00391,residential,,29.66736049448955,road_line_intersected_raster_cells_all_touched,mapped,2,0.0044649019837379456,0.0032313293777406216,0.004218187462538481,1.0,0.0,0.0,0.0
150_180,150,180,RN_ROAD_00389,RN_NODE_00276,RN_NODE_00277,0,RN_ROAD_00389,RN_ROAD_00389,residential,['Sant Tukaram Maharaj Road'],19.87504316425158,road_line_intersected_raster_cells_all_touched,mapped,2,0.006246855948120356,0.005355878965929151,0.006068660551682115,1.0,0.0,0.0,0.0
150_180,150,180,RN_ROAD_00622,RN_NODE_00277,RN_NODE_00285,0,RN_ROAD_00622,RN_ROAD_00622,residential,['Sant Tukaram Maharaj Road'],265.5831756601439,road_line_intersected_raster_cells_all_touched,mapped,10,0.011371655389666557,0.004879578406689689,0.008392265997827051,1.0,0.0,0.0,0.0
150_180,150,180,RN_ROAD_00623,RN_NODE_00285,RN_NODE_00299,0,RN_ROAD_00623,RN_ROAD_00623,residential,,46.43267755042668,road_line_intersected_raster_cells_all_touched,mapped,2,0.020875234156847,0.01612344477325678,0.019924876280128956,1.0,0.5,0.0,0.0
150_180,150,180,RN_ROAD_00399,RN_NODE_00419,RN_NODE_00417,0,RN_ROAD_00399,RN_ROAD_00399,primary,['Lalbahadur Shashtri Marg'],37.048235669761226,road_line_intersected_raster_cells_all_touched,mapped,2,0.02883412316441536,0.02267659269273281,0.02760261707007885,1.0,0.5,0.0,0.0
150_180,150,180,RN_ROAD_00402,RN_NODE_00420,RN_NODE_00439,0,RN_ROAD_00402,RN_ROAD_00402,residential,['Pradeep Deshpande Path'],45.670575313635425,road_line_intersected_raster_cells_all_touched,mapped,3,0.02883412316441536,0.015755406580865383,0.02546518314629793,1.0,0.3333333333333333,0.0,0.0
150_180,150,180,RN_ROAD_00436,RN_NODE_00420,RN_NODE_00413,0,RN_ROAD_00436,RN_ROAD_00436,primary,['Lalbahadur Shashtri Marg'],84.37336997027148,road_line_intersected_raster_cells_all_touched,mapped,4,0.02883412316441536,0.014918395318090916,0.023918282520025973,1.0,0.25,0.0,0.0
150_180,150,180,RN_ROAD_00434,RN_NODE_00439,RN_NODE_00454,0,RN_ROAD_00434,RN_ROAD_00434,residential,['Pradeep Deshpande Path'],45.17923150069771,road_line_intersected_raster_cells_all_touched,mapped,3,0.00644267350435257,0.0044217082516600685,0.005904464004561305,1.0,0.0,0.0,0.0
150_180,150,180,RN_ROAD_00439,RN_NODE_00439,RN_NODE_00426,0,RN_ROAD_00439,RN_ROAD_00439,residential,,127.12545991830288,road_line_intersected_raster_cells_all_touched,mapped,6,0.01656808704137802,0.01061287778429687,0.015684780664741993,1.0,0.0,0.0,0.0
150_180,150,180,RN_ROAD_00400,RN_NODE_00417,RN_NODE_00409,0,RN_ROAD_00400,RN_ROAD_00400,residential,,29.52819449223829,road_line_intersected_raster_cells_all_touched,mapped,3,0.02883412316441536,0.015109031461179256,0.024863618053495885,1.0,0.3333333333333333,0.0,0.0
150_180,150,180,RN_ROAD_00401,RN_NODE_00417,RN_NODE_00415,0,RN_ROAD_00401,RN_ROAD_00401,primary,['Lalbahadur Shashtri Marg'],21.926627960400815,road_line_intersected_raster_cells_all_touched,mapped,1,0.02883412316441536,0.02883412316441536,0.02883412316441536,1.0,1.0,0.0,0.0
150_180,150,180,RN_ROAD_00403,RN_NODE_00415,RN_NODE_00408,0,RN_ROAD_00403,RN_ROAD_00403,residential,,32.51968597027993,road_line_intersected_raster_cells_all_touched,mapped,2,0.02883412316441536,0.018172748386859894,0.026701848208904266,1.0,0.5,0.0,0.0
150_180,150,180,RN_ROAD_00435,RN_NODE_00415,RN_NODE_00412,0,RN_ROAD_00435,RN_ROAD_00435,primary,['Lalbahadur Shashtri Marg'],42.87310654856027,road_line_intersected_raster_cells_all_touched,mapped,4,0.02883412316441536,0.01837863540276885,0.027009206265211107,1.0,0.5,0.0,0.0
150_180,150,180,RN_ROAD_00406,RN_NODE_00494,RN_NODE_00493,0,RN_ROAD_00406,RN_ROAD_00406,residential,,29.8624998855163,road_line_intersected_raster_cells_all_touched,mapped,2,0.006437191739678383,0.005962233291938901,0.006342200050130487,1.0,0.0,0.0,0.0
150_180,150,180,RN_ROAD_00411,RN_NODE_00493,RN_NODE_00506,0,RN_ROAD_00411,RN_ROAD_00411,tertiary,['Madhavrao Peshve Marg'],81.29225901791045,road_line_intersected_raster_cells_all_touched,mapped,5,0.006437191739678383,0.0016887798468815164,0.00441611702553928,1.0,0.0,0.0,0.0
150_180,150,180,RN_ROAD_00413,RN_NODE_00512,RN_NODE_00506,0,RN_ROAD_00413,RN_ROAD_00413,tertiary,['Madhavrao Peshve Marg'],32.75289325275549,road_line_intersected_raster_cells_all_touched,mapped,2,7.081232615746558e-05,3.540616307873279e-05,6.373109354171902e-05,0.5,0.0,0.0,0.0
150_180,150,180,RN_ROAD_00444,RN_NODE_00512,RN_NODE_00520,0,RN_ROAD_00444,RN_ROAD_00444,tertiary,['Madhavrao Peshve Marg'],5.836942469150605,road_line_intersected_raster_cells_all_touched,mapped,1,0.0,0.0,0.0,0.0,0.0,0.0,0.0
150_180,150,180,RN_ROAD_00445,RN_NODE_00482,RN_NODE_00483,0,RN_ROAD_00445,RN_ROAD_00445,tertiary,['Baburao Phule Path'],36.95206416045516,road_line_intersected_raster_cells_all_touched,mapped,2,0.0008150164503604174,0.0005837494827574119,0.0007687630568398163,1.0,0.0,0.0,0.0
150_180,150,180,RN_ROAD_00450,RN_NODE_00506,RN_NODE_00504,0,RN_ROAD_00450,RN_ROAD_00450,residential,['Dake Road'],119.32477565561615,road_line_intersected_raster_cells_all_touched,mapped,4,9.354424400953576e-05,4.4742042518919334e-05,8.672466865391471e-05,0.75,0.0,0.0,0.0
150_180,150,180,RN_ROAD_00440,RN_NODE_00454,RN_NODE_00444,0,RN_ROAD_00440,RN_ROAD_00440,residential,,116.7417009508058,road_line_intersected_raster_cells_all_touched,mapped,5,0.008818554691970348,0.004051365563645959,0.00666043758392334,1.0,0.0,0.0,0.0
150_180,150,180,RN_ROAD_00446,RN_NODE_00454,RN_NODE_00473,0,RN_ROAD_00446,RN_ROAD_00446,residential,['Pradeep Deshpande Path'],59.204013992992756,road_line_intersected_raster_cells_all_touched,mapped,3,0.00307082524523139,0.0011877346551045775,0.0025551359402015807,0.6666666666666666,0.0,0.0,0.0
150_180,150,180,RN_ROAD_00416,RN_NODE_00369,RN_NODE_00368,0,RN_ROAD_00416,RN_ROAD_00416,residential,,46.71954841931958,road_line_intersected_raster_cells_all_touched,mapped,2,0.004172627814114094,0.0024047400220297277,0.003819050255697221,1.0,0.0,0.0,0.0
150_180,150,180,RN_ROAD_00421,RN_NODE_00368,RN_NODE_00388,0,RN_ROAD_00421,RN_ROAD_00421,residential,,63.604879904668465,road_line_intersected_raster_cells_all_touched,mapped,5,0.005031421314924955,0.0033688377123326065,0.004687903914600611,1.0,0.0,0.0,0.0
150_180,150,180,RN_ROAD_00419,RN_NODE_00389,RN_NODE_00388,0,RN_ROAD_00419,RN_ROAD_00419,residential,,9.46226028981026,road_line_intersected_raster_cells_all_touched,mapped,2,0.006255765445530415,0.003858096431940794,0.0057762316428124905,1.0,0.0,0.0,0.0
150_180,150,180,RN_ROAD_00420,RN_NODE_00389,RN_NODE_00406,0,RN_ROAD_00420,RN_ROAD_00420,residential,,37.35535506606383,road_line_intersected_raster_cells_all_touched,mapped,3,0.008981597609817982,0.0075829122215509415,0.008687552809715272,1.0,0.0,0.0,0.0
150_180,150,180,RN_ROAD_00422,RN_NODE_00388,RN_NODE_00386,0,RN_ROAD_00422,RN_ROAD_00422,residential,,41.858169417278205,road_line_intersected_raster_cells_all_touched,mapped,3,0.005817874800413847,0.004103241177896659,0.005660584103316069,1.0,0.0,0.0,0.0
150_180,150,180,RN_ROAD_00423,RN_NODE_00386,RN_NODE_00372,0,RN_ROAD_00423,RN_ROAD_00423,residential,,39.76098143899691,road_line_intersected_raster_cells_all_touched,mapped,2,0.005817874800413847,0.004814908490516245,0.005617281538434327,1.0,0.0,0.0,0.0
150_180,150,180,RN_ROAD_00424,RN_NODE_00386,RN_NODE_00382,0,RN_ROAD_00424,RN_ROAD_00424,residential,,36.68756445483834,road_line_intersected_raster_cells_all_touched,mapped,2,0.018403781577944756,0.012110828189179301,0.017145190900191665,1.0,0.0,0.0,0.0
150_180,150,180,RN_ROAD_00426,RN_NODE_00382,RN_NODE_00365,0,RN_ROAD_00426,RN_ROAD_00426,secondary,['Anant Kanhere Path'],52.09119030933215,road_line_intersected_raster_cells_all_touched,mapped,3,0.01996208168566227,0.017515671129028004,0.019650421664118768,1.0,0.0,0.0,0.0
150_180,150,180,RN_ROAD_00427,RN_NODE_00382,RN_NODE_00392,0,RN_ROAD_00427,RN_ROAD_00427,secondary,['Anant Kanhere Path'],29.14387282663369,road_line_intersected_raster_cells_all_touched,mapped,2,0.018403781577944756,0.013234234414994717,0.017369872145354747,1.0,0.0,0.0,0.0
150_180,150,180,RN_ROAD_00430,RN_NODE_00365,RN_NODE_00363,0,RN_ROAD_00430,RN_ROAD_00430,residential,,42.26531024380577,road_line_intersected_raster_cells_all_touched,mapped,2,0.014181150123476982,0.01119658350944519,0.013584236800670623,1.0,0.0,0.0,0.0
150_180,150,180,RN_ROAD_00429,RN_NODE_00392,RN_NODE_00410,0,RN_ROAD_00429,RN_ROAD_00429,secondary,['Anant Kanhere Path'],43.015859018720306,road_line_intersected_raster_cells_all_touched,mapped,3,0.014845486730337143,0.010549875907599926,0.013624280132353306,1.0,0.0,0.0,0.0
150_180,150,180,RN_ROAD_00431,RN_NODE_00392,RN_NODE_00379,0,RN_ROAD_00431,RN_ROAD_00431,residential,,67.47958640276215,road_line_intersected_raster_cells_all_touched,mapped,5,0.008739453740417957,0.007122150622308254,0.008469547145068645,1.0,0.0,0.0,0.0
150_180,150,180,RN_ROAD_00438,RN_NODE_00410,RN_NODE_00412,0,RN_ROAD_00438,RN_ROAD_00438,primary,['Lalbahadur Shashtri Marg'],28.276852390253246,road_line_intersected_raster_cells_all_touched,mapped,2,0.022751066833734512,0.018798276782035828,0.021960508823394776,1.0,0.5,0.0,0.0
150_180,150,180,RN_ROAD_00441,RN_NODE_00410,RN_NODE_00413,0,RN_ROAD_00441,RN_ROAD_00441,secondary,['Anant Kanhere Path'],10.832316891595964,road_line_intersected_raster_cells_all_touched,mapped,2,0.014845486730337143,0.011877796612679958,0.014251948706805706,1.0,0.0,0.0,0.0
150_180,150,180,RN_ROAD_00442,RN_NODE_00410,RN_NODE_00407,0,RN_ROAD_00442,RN_ROAD_00442,primary,['Lalbahadur Shashtri Marg'],36.96143514401809,road_line_intersected_raster_cells_all_touched,mapped,2,0.01755376160144806,0.0161996241658926,0.017282934114336967,1.0,0.0,0.0,0.0
150_180,150,180,RN_ROAD_00433,RN_NODE_00363,RN_NODE_00379,0,RN_ROAD_00433,RN_ROAD_00433,residential,,48.569567192436125,road_line_intersected_raster_cells_all_touched,mapped,3,0.014728937298059464,0.010281194932758808,0.01342555321753025,1.0,0.0,0.0,0.0
150_180,150,180,RN_ROAD_00465,RN_NODE_00379,RN_NODE_00378,0,RN_ROAD_00465,RN_ROAD_00465,residential,,28.477795101738316,road_line_intersected_raster_cells_all_touched,mapped,2,0.007902630604803562,0.006129301618784666,0.007547964807599783,1.0,0.0,0.0,0.0
150_180,150,180,RN_ROAD_00437,RN_NODE_00412,RN_NODE_00401,0,RN_ROAD_00437,RN_ROAD_00437,residential,,30.235439957684452,road_line_intersected_raster_cells_all_touched,mapped,2,0.022751066833734512,0.02067685592919588,0.022336224652826787,1.0,0.5,0.0,0.0
150_180,150,180,RN_ROAD_00443,RN_NODE_00413,RN_NODE_00411,0,RN_ROAD_00443,RN_ROAD_00443,primary,['Lalbahadur Shashtri Marg'],37.66370862797395,road_line_intersected_raster_cells_all_touched,mapped,3,0.01755376160144806,0.013769784942269325,0.017012106627225874,1.0,0.0,0.0,0.0
150_180,150,180,RN_ROAD_00455,RN_NODE_00426,RN_NODE_00411,0,RN_ROAD_00455,RN_ROAD_00455,residential,['Madanlal Dangi Path'],47.704587631400855,road_line_intersected_raster_cells_all_touched,mapped,3,0.01755376160144806,0.009816230274736881,0.015260762255638839,1.0,0.0,0.0,0.0
150_180,150,180,RN_ROAD_00456,RN_NODE_00426,RN_NODE_00444,0,RN_ROAD_00456,RN_ROAD_00456,residential,['Madanlal Dangi Path'],45.50539702809692,road_line_intersected_raster_cells_all_touched,mapped,2,0.005806164350360632,0.0046147131361067295,0.005567874107509851,1.0,0.0,0.0,0.0
150_180,150,180,RN_ROAD_00458,RN_NODE_00426,RN_NODE_00416,0,RN_ROAD_00458,RN_ROAD_00458,residential,,82.27627804726039,road_line_intersected_raster_cells_all_touched,mapped,5,0.011265452019870281,0.005463002645410597,0.00955416914075613,1.0,0.0,0.0,0.0
150_180,150,180,RN_ROAD_00453,RN_NODE_00444,RN_NODE_00467,0,RN_ROAD_00453,RN_ROAD_00453,residential,['Madanlal Dangi Path'],85.03726839063847,road_line_intersected_raster_cells_all_touched,mapped,5,0.003423261921852827,0.0011075090907979757,0.002671278640627861,0.8,0.0,0.0,0.0
150_180,150,180,RN_ROAD_00459,RN_NODE_00444,RN_NODE_00436,0,RN_ROAD_00459,RN_ROAD_00459,residential,,86.17395499310577,road_line_intersected_raster_cells_all_touched,mapped,4,0.003423261921852827,0.00147250293957768,0.002771112485788763,1.0,0.0,0.0,0.0
150_180,150,180,RN_ROAD_00454,RN_NODE_00407,RN_NODE_00411,0,RN_ROAD_00454,RN_ROAD_00454,residential,,11.035372286912024,road_line_intersected_raster_cells_all_touched,mapped,1,0.01755376160144806,0.01755376160144806,0.01755376160144806,1.0,0.0,0.0,0.0
150_180,150,180,RN_ROAD_00464,RN_NODE_00407,RN_NODE_00405,0,RN_ROAD_00464,RN_ROAD_00464,residential,,5.901275599726542,road_line_intersected_raster_cells_all_touched,mapped,1,0.01755376160144806,0.01755376160144806,0.01755376160144806,1.0,0.0,0.0,0.0
150_180,150,180,RN_ROAD_00466,RN_NODE_00407,RN_NODE_00400,0,RN_ROAD_00466,RN_ROAD_00466,primary,['Lalbahadur Shashtri Marg'],55.290121821909146,road_line_intersected_raster_cells_all_touched,mapped,4,0.0284870695322752,0.02161160157993436,0.02708434071391821,1.0,0.5,0.0,0.0
150_180,150,180,RN_ROAD_00457,RN_NODE_00411,RN_NODE_00402,0,RN_ROAD_00457,RN_ROAD_00457,primary,['Lalbahadur Shashtri Marg'],87.68406882970186,road_line_intersected_raster_cells_all_touched,mapped,4,0.0284870695322752,0.016793186427094042,0.025207077153027058,1.0,0.25,0.0,0.0
150_180,150,180,RN_ROAD_00447,RN_NODE_00483,RN_NODE_00473,0,RN_ROAD_00447,RN_ROAD_00447,residential,['Pradeep Deshpande Path'],76.54612951029117,road_line_intersected_raster_cells_all_touched,mapped,4,0.00035248251515440643,9.53614280660986e-05,0.000255426719741081,0.5,0.0,0.0,0.0
150_180,150,180,RN_ROAD_00448,RN_NODE_00483,RN_NODE_00481,0,RN_ROAD_00448,RN_ROAD_00448,tertiary,['Baburao Phule Path'],46.54619336879503,road_line_intersected_raster_cells_all_touched,mapped,4,0.00035248251515440643,0.00015557777805952355,0.00032768633973319085,0.5,0.0,0.0,0.0
150_180,150,180,RN_ROAD_00451,RN_NODE_00473,RN_NODE_00467,0,RN_ROAD_00451,RN_ROAD_00451,residential,['R. D. Khaniwale Path'],121.62995956819663,road_line_intersected_raster_cells_all_touched,mapped,7,0.0,0.0,0.0,0.0,0.0,0.0,0.0
150_180,150,180,RN_ROAD_00449,RN_NODE_00481,RN_NODE_00477,0,RN_ROAD_00449,RN_ROAD_00449,residential,,28.661201723806187,road_line_intersected_raster_cells_all_touched,mapped,2,0.0,0.0,0.0,0.0,0.0,0.0,0.0
150_180,150,180,RN_ROAD_00452,RN_NODE_00481,RN_NODE_00479,0,RN_ROAD_00452,RN_ROAD_00452,tertiary,['Baburao Phule Path'],74.58997696108264,road_line_intersected_raster_cells_all_touched,mapped,3,0.0,0.0,0.0,0.0,0.0,0.0,0.0
150_180,150,180,RN_ROAD_00474,RN_NODE_00467,RN_NODE_00479,0,RN_ROAD_00474,RN_ROAD_00474,residential,['Madanlal Dangi Path'],50.36408338670827,road_line_intersected_raster_cells_all_touched,mapped,3,0.0,0.0,0.0,0.0,0.0,0.0,0.0
150_180,150,180,RN_ROAD_00475,RN_NODE_00479,RN_NODE_00478,0,RN_ROAD_00475,RN_ROAD_00475,tertiary,['Baburao Phule Path'],68.19172798126247,road_line_intersected_raster_cells_all_touched,mapped,3,0.0,0.0,0.0,0.0,0.0,0.0,0.0
150_180,150,180,RN_ROAD_00460,RN_NODE_00402,RN_NODE_00416,0,RN_ROAD_00460,RN_ROAD_00460,residential,['Vishwasrao Himmatbahaddar Chavan Path'],45.69150205960466,road_line_intersected_raster_cells_all_touched,mapped,2,0.004537646193057299,0.003094479558058083,0.004249012866057456,1.0,0.0,0.0,0.0
150_180,150,180,RN_ROAD_00471,RN_NODE_00402,RN_NODE_00387,0,RN_ROAD_00471,RN_ROAD_00471,primary,['Lalbahadur Shashtri Marg'],135.2528321927307,road_line_intersected_raster_cells_all_touched,mapped,7,0.012125598266720772,0.007175246619486383,0.011778437718749047,1.0,0.0,0.0,0.0
150_180,150,180,RN_ROAD_00461,RN_NODE_00416,RN_NODE_00423,0,RN_ROAD_00461,RN_ROAD_00461,residential,['Vishwasrao Himmatbahaddar Chavan Path'],19.96035429863072,road_line_intersected_raster_cells_all_touched,mapped,2,0.0016513129230588675,0.0011756043240893632,0.0015561712032649666,1.0,0.0,0.0,0.0
150_180,150,180,RN_ROAD_00462,RN_NODE_00436,RN_NODE_00423,0,RN_ROAD_00462,RN_ROAD_00462,residential,['Vishwasrao Himmatbahaddar Chavan Path'],23.589763046897893,road_line_intersected_raster_cells_all_touched,mapped,2,0.000699895725119859,0.0005585635226452723,0.0006716292846249416,1.0,0.0,0.0,0.0
150_180,150,180,RN_ROAD_00463,RN_NODE_00436,RN_NODE_00461,0,RN_ROAD_00463,RN_ROAD_00463,residential,['Vishwasrao Himmatbahaddar Chavan Path'],71.26018059149224,road_line_intersected_raster_cells_all_touched,mapped,3,0.00041723132017068565,0.00026588466910955805,0.00040986959356814623,0.6666666666666666,0.0,0.0,0.0
150_180,150,180,RN_ROAD_00484,RN_NODE_00423,RN_NODE_00421,0,RN_ROAD_00484,RN_ROAD_00484,residential,['Vishwanath Mahadev Phule Path'],133.9052562918176,road_line_intersected_raster_cells_all_touched,mapped,7,0.0027446532621979713,0.0012255249520032002,0.002333719423040748,1.0,0.0,0.0,0.0
150_180,150,180,RN_ROAD_00476,RN_NODE_00461,RN_NODE_00478,0,RN_ROAD_00476,RN_ROAD_00476,residential,['Vishwasrao Himmatbahaddar Chavan Path'],81.7819111117199,road_line_intersected_raster_cells_all_touched,mapped,4,0.001440103049390018,0.0003600257623475045,0.001008072134573013,0.25,0.0,0.0,0.0
150_180,150,180,RN_ROAD_00477,RN_NODE_00461,RN_NODE_00460,0,RN_ROAD_00477,RN_ROAD_00477,residential,,22.929729575729656,road_line_intersected_raster_cells_all_touched,mapped,2,0.0021753970067948103,0.0010876985033974051,0.001957857306115329,0.5,0.0,0.0,0.0
150_180,150,180,RN_ROAD_00467,RN_NODE_00400,RN_NODE_00344,0,RN_ROAD_00467,RN_ROAD_00467,living_street,,164.3411147314753,road_line_intersected_raster_cells_all_touched,mapped,7,0.023811306804418564,0.008065103120835764,0.014476939477026468,1.0,0.14285714285714285,0.0,0.0
150_180,150,180,RN_ROAD_00468,RN_NODE_00400,RN_NODE_00393,0,RN_ROAD_00468,RN_ROAD_00468,primary,['Lalbahadur Shashtri Marg'],81.2642520848542,road_line_intersected_raster_cells_all_touched,mapped,3,0.023811306804418564,0.014549742142359415,0.021358444914221765,1.0,0.3333333333333333,0.0,0.0
150_180,150,180,RN_ROAD_00470,RN_NODE_00393,RN_NODE_00390,0,RN_ROAD_00470,RN_ROAD_00470,primary,['Lalbahadur Shashtri Marg'],30.03376256075307,road_line_intersected_raster_cells_all_touched,mapped,2,0.00829092226922512,0.006642187479883432,0.007961175311356783,1.0,0.0,0.0,0.0
150_180,150,180,RN_ROAD_00473,RN_NODE_00390,RN_NODE_00383,0,RN_ROAD_00473,RN_ROAD_00473,primary,['Lalbahadur Shashtri Marg'],64.96917422512529,road_line_intersected_raster_cells_all_touched,mapped,4,0.012125598266720772,0.00655420235125348,0.010515182930976153,1.0,0.0,0.0,0.0
150_180,150,180,RN_ROAD_00486,RN_NODE_00387,RN_NODE_00421,0,RN_ROAD_00486,RN_ROAD_00486,residential,['Vishwanath Mahadev Phule Path'],89.00137413042468,road_line_intersected_raster_cells_all_touched,mapped,5,0.012125598266720772,0.005971274501644075,0.010081195645034314,1.0,0.0,0.0,0.0
150_180,150,180,RN_ROAD_00597,RN_NODE_00387,RN_NODE_00383,0,RN_ROAD_00597,RN_ROAD_00597,residential,['Vishwanath Mahadev Phule Path'],13.132554076222565,road_line_intersected_raster_cells_all_touched,mapped,1,0.012125598266720772,0.012125598266720772,0.012125598266720772,1.0,0.0,0.0,0.0
150_180,150,180,RN_ROAD_00598,RN_NODE_00387,RN_NODE_00380,0,RN_ROAD_00598,RN_ROAD_00598,primary,['Lalbahadur Shashtri Marg'],95.89038736893353,road_line_intersected_raster_cells_all_touched,mapped,4,0.03460041806101799,0.021981547120958567,0.031186782941222194,1.0,0.5,0.0,0.0
150_180,150,180,RN_ROAD_00596,RN_NODE_00383,RN_NODE_00342,0,RN_ROAD_00596,RN_ROAD_00596,residential,,134.566479891982,road_line_intersected_raster_cells_all_touched,mapped,5,0.012125598266720772,0.003325972403399646,0.008011820260435343,1.0,0.0,0.0,0.0
150_180,150,180,RN_ROAD_00599,RN_NODE_00383,RN_NODE_00375,0,RN_ROAD_00599,RN_ROAD_00599,primary,['Lalbahadur Shashtri Marg'],87.97317194069409,road_line_intersected_raster_cells_all_touched,mapped,5,0.03460041806101799,0.022415462136268615,0.03042069971561432,1.0,0.6,0.0,0.0
150_180,150,180,RN_ROAD_00478,RN_NODE_00478,RN_NODE_00476,0,RN_ROAD_00478,RN_ROAD_00478,tertiary,['Baburao Phule Path'],82.40688144646668,road_line_intersected_raster_cells_all_touched,mapped,5,0.023058399558067322,0.005721153132617474,0.014923757128417493,0.8,0.2,0.0,0.0
150_180,150,180,RN_ROAD_00479,RN_NODE_00476,RN_NODE_00466,0,RN_ROAD_00479,RN_ROAD_00479,residential,,43.009772517146956,road_line_intersected_raster_cells_all_touched,mapped,2,0.023058399558067322,0.01683276193216443,0.021813272032886744,1.0,0.5,0.0,0.0
150_180,150,180,RN_ROAD_00480,RN_NODE_00476,RN_NODE_00475,0,RN_ROAD_00480,RN_ROAD_00480,tertiary,['Baburao Phule Path'],57.324997418681235,road_line_intersected_raster_cells_all_touched,mapped,3,0.12973816692829132,0.07759266346693039,0.11978681832551956,1.0,1.0,0.3333333333333333,0.0
150_180,150,180,RN_ROAD_00483,RN_NODE_00475,RN_NODE_00470,0,RN_ROAD_00483,RN_ROAD_00483,residential,['Vishwanath Mahadev Phule Path'],21.353698598834608,road_line_intersected_raster_cells_all_touched,mapped,2,0.12973816692829132,0.08114209212362766,0.1200189519673586,1.0,1.0,0.5,0.0
150_180,150,180,RN_ROAD_00594,RN_NODE_00475,RN_NODE_00474,0,RN_ROAD_00594,RN_ROAD_00594,tertiary,['Baburao Phule Path'],28.69165843571568,road_line_intersected_raster_cells_all_touched,mapped,1,0.12973816692829132,0.12973816692829132,0.12973816692829132,1.0,1.0,1.0,0.0
150_180,150,180,RN_ROAD_00481,RN_NODE_00471,RN_NODE_00470,0,RN_ROAD_00481,RN_ROAD_00481,residential,,34.541271597331985,road_line_intersected_raster_cells_all_touched,mapped,2,0.032546017318964005,0.032422179356217384,0.03252124972641468,1.0,1.0,0.0,0.0
150_180,150,180,RN_ROAD_00482,RN_NODE_00470,RN_NODE_00458,0,RN_ROAD_00482,RN_ROAD_00482,residential,['Vishwanath Mahadev Phule Path'],41.428757139059755,road_line_intersected_raster_cells_all_touched,mapped,2,0.032546017318964005,0.02314607286825776,0.030666028428822757,1.0,0.5,0.0,0.0
150_180,150,180,RN_ROAD_00489,RN_NODE_00458,RN_NODE_00445,0,RN_ROAD_00489,RN_ROAD_00489,residential,['Vishwanath Mahadev Phule Path'],43.372933928021475,road_line_intersected_raster_cells_all_touched,mapped,3,0.013746128417551517,0.009545437681178251,0.012804093956947326,1.0,0.0,0.0,0.0
150_180,150,180,RN_ROAD_00491,RN_NODE_00458,RN_NODE_00457,0,RN_ROAD_00491,RN_ROAD_00491,residential,['Vishwanath Mahadev Phule Path'],47.16485696932285,road_line_intersected_raster_cells_all_touched,mapped,3,0.0496414415538311,0.03007456132521232,0.04508037604391575,1.0,0.6666666666666666,0.0,0.0
150_180,150,180,RN_ROAD_00487,RN_NODE_00421,RN_NODE_00442,0,RN_ROAD_00487,RN_ROAD_00487,residential,['Vishwanath Mahadev Phule Path'],51.35203397291668,road_line_intersected_raster_cells_all_touched,mapped,3,0.005854228511452675,0.004431153181940317,0.005622298363596201,1.0,0.0,0.0,0.0
150_180,150,180,RN_ROAD_00490,RN_NODE_00421,RN_NODE_00418,0,RN_ROAD_00490,RN_ROAD_00490,residential,,46.14214901544006,road_line_intersected_raster_cells_all_touched,mapped,2,0.0027446532621979713,0.002254553372040391,0.0026466332841664554,1.0,0.0,0.0,0.0
150_180,150,180,RN_ROAD_00485,RN_NODE_00446,RN_NODE_00445,0,RN_ROAD_00485,RN_ROAD_00485,residential,,36.19906931731336,road_line_intersected_raster_cells_all_touched,mapped,2,0.005854228511452675,0.004103532060980797,0.005504089221358299,1.0,0.0,0.0,0.0
150_180,150,180,RN_ROAD_00488,RN_NODE_00445,RN_NODE_00442,0,RN_ROAD_00488,RN_ROAD_00488,residential,['Vishwanath Mahadev Phule Path'],5.936139407664445,road_line_intersected_raster_cells_all_touched,mapped,1,0.005854228511452675,0.005854228511452675,0.005854228511452675,1.0,0.0,0.0,0.0
150_180,150,180,RN_ROAD_00492,RN_NODE_00442,RN_NODE_00440,0,RN_ROAD_00492,RN_ROAD_00492,residential,,58.178094656387266,road_line_intersected_raster_cells_all_touched,mapped,3,0.005854228511452675,0.004904709756374359,0.0056420725770294665,1.0,0.0,0.0,0.0
150_180,150,180,RN_ROAD_00493,RN_NODE_00455,RN_NODE_00453,0,RN_ROAD_00493,RN_ROAD_00493,residential,,30.918971372978657,road_line_intersected_raster_cells_all_touched,mapped,2,0.01404610089957714,0.012212710455060005,0.013679422810673714,1.0,0.0,0.0,0.0
150_180,150,180,RN_ROAD_00494,RN_NODE_00012,RN_NODE_00006,0,RN_ROAD_00494,RN_ROAD_00494,tertiary,['Gulwani Maharaj Path'],42.8285125913505,road_line_intersected_raster_cells_all_touched,mapped,3,0.003282046178355813,0.0025065216856698194,0.003179409168660641,1.0,0.0,0.0,0.0
150_180,150,180,RN_ROAD_00496,RN_NODE_00012,RN_NODE_00011,0,RN_ROAD_00496,RN_ROAD_00496,residential,['Shramasafalya Society Road'],6.988515553938803,road_line_intersected_raster_cells_all_touched,mapped,2,0.004414626397192478,0.002941642072983086,0.0041200295323506,1.0,0.0,0.0,0.0
150_180,150,180,RN_ROAD_00500,RN_NODE_00012,RN_NODE_00017,0,RN_ROAD_00500,RN_ROAD_00500,tertiary,['Gulwani Maharaj Path'],42.45967987531039,road_line_intersected_raster_cells_all_touched,mapped,3,0.006138069089502096,0.00400711774515609,0.005793380551040173,1.0,0.0,0.0,0.0
150_180,150,180,RN_ROAD_00495,RN_NODE_00005,RN_NODE_00011,0,RN_ROAD_00495,RN_ROAD_00495,tertiary,['Gulwani Maharaj Path'],38.274991653769185,road_line_intersected_raster_cells_all_touched,mapped,3,0.004414626397192478,0.002884048425282041,0.0040854733437299725,1.0,0.0,0.0,0.0
150_180,150,180,RN_ROAD_00501,RN_NODE_00011,RN_NODE_00016,0,RN_ROAD_00501,RN_ROAD_00501,tertiary,['Gulwani Maharaj Path'],43.8042330338447,road_line_intersected_raster_cells_all_touched,mapped,3,0.018442142754793167,0.009664946080495914,0.015981328021734954,1.0,0.0,0.0,0.0
150_180,150,180,RN_ROAD_00508,RN_NODE_00011,RN_NODE_00010,0,RN_ROAD_00508,RN_ROAD_00508,residential,['Shramasafalya Society Road'],86.54621941414499,road_line_intersected_raster_cells_all_touched,mapped,3,0.010465949773788452,0.0061667740034560365,0.009255685098469257,1.0,0.0,0.0,0.0
150_180,150,180,RN_ROAD_00499,RN_NODE_00036,RN_NODE_00039,0,RN_ROAD_00499,RN_ROAD_00499,residential,,22.301565943594664,road_line_intersected_raster_cells_all_touched,mapped,3,0.028855010867118835,0.01995902011791865,0.026475901901721954,1.0,0.3333333333333333,0.0,0.0
150_180,150,180,RN_ROAD_00505,RN_NODE_00036,RN_NODE_00023,0,RN_ROAD_00505,RN_ROAD_00505,residential,,54.02351430842665,road_line_intersected_raster_cells_all_touched,mapped,3,0.05472836643457413,0.04199305176734924,0.05226184874773025,1.0,1.0,0.0,0.0
150_180,150,180,RN_ROAD_00509,RN_NODE_00036,RN_NODE_00034,0,RN_ROAD_00509,RN_ROAD_00509,residential,,110.59063402340144,road_line_intersected_raster_cells_all_touched,mapped,5,0.04454854130744934,0.029832499101758003,0.04162895381450653,1.0,0.8,0.0,0.0
150_180,150,180,RN_ROAD_00504,RN_NODE_00017,RN_NODE_00016,0,RN_ROAD_00504,RN_ROAD_00504,tertiary,['Imambhai Shekh Path'],7.192496022473638,road_line_intersected_raster_cells_all_touched,mapped,2,0.018442142754793167,0.012290105922147632,0.01721173538826406,1.0,0.0,0.0,0.0
150_180,150,180,RN_ROAD_00506,RN_NODE_00017,RN_NODE_00020,0,RN_ROAD_00506,RN_ROAD_00506,tertiary,['Gulwani Maharaj Path'],32.841819270007306,road_line_intersected_raster_cells_all_touched,mapped,3,0.04239577800035477,0.022325329948216677,0.03760505095124245,1.0,0.3333333333333333,0.0,0.0
150_180,150,180,RN_ROAD_00507,RN_NODE_00016,RN_NODE_00019,0,RN_ROAD_00507,RN_ROAD_00507,tertiary,['Gulwani Maharaj Path'],31.00075468075208,road_line_intersected_raster_cells_all_touched,mapped,2,0.04239577800035477,0.030418960377573967,0.04000041447579861,1.0,0.5,0.0,0.0
150_180,150,180,RN_ROAD_00503,RN_NODE_00004,RN_NODE_00003,0,RN_ROAD_00503,RN_ROAD_00503,residential,,32.28406437020715,road_line_intersected_raster_cells_all_touched,mapped,2,0.01008809544146061,0.006296367500908673,0.009329749853350222,1.0,0.0,0.0,0.0
150_180,150,180,RN_ROAD_00511,RN_NODE_00023,RN_NODE_00020,0,RN_ROAD_00511,RN_ROAD_00511,tertiary,['Gulwani Maharaj Path'],7.242539992536353,road_line_intersected_raster_cells_all_touched,mapped,1,0.04239577800035477,0.04239577800035477,0.04239577800035477,1.0,1.0,0.0,0.0
150_180,150,180,RN_ROAD_00513,RN_NODE_00023,RN_NODE_00021,0,RN_ROAD_00513,RN_ROAD_00513,residential,,6.983165191134959,road_line_intersected_raster_cells_all_touched,mapped,1,0.04239577800035477,0.04239577800035477,0.04239577800035477,1.0,1.0,0.0,0.0
150_180,150,180,RN_ROAD_00514,RN_NODE_00023,RN_NODE_00034,0,RN_ROAD_00514,RN_ROAD_00514,tertiary,['Gulwani Maharaj Path'],34.96737715662887,road_line_intersected_raster_cells_all_touched,mapped,3,0.04239577800035477,0.02619973166535298,0.03822660334408283,1.0,0.6666666666666666,0.0,0.0
150_180,150,180,RN_ROAD_00510,RN_NODE_00020,RN_NODE_00019,0,RN_ROAD_00510,RN_ROAD_00510,residential,,6.983467125765223,road_line_intersected_raster_cells_all_touched,mapped,1,0.04239577800035477,0.04239577800035477,0.04239577800035477,1.0,1.0,0.0,0.0
150_180,150,180,RN_ROAD_00512,RN_NODE_00019,RN_NODE_00021,0,RN_ROAD_00512,RN_ROAD_00512,tertiary,['Gulwani Maharaj Path'],7.227252123885603,road_line_intersected_raster_cells_all_touched,mapped,1,0.04239577800035477,0.04239577800035477,0.04239577800035477,1.0,1.0,0.0,0.0
150_180,150,180,RN_ROAD_00517,RN_NODE_00019,RN_NODE_00018,0,RN_ROAD_00517,RN_ROAD_00517,residential,,64.14110905468871,road_line_intersected_raster_cells_all_touched,mapped,4,0.04239577800035477,0.020968479802832007,0.035209687426686294,1.0,0.25,0.0,0.0
150_180,150,180,RN_ROAD_00516,RN_NODE_00034,RN_NODE_00027,0,RN_ROAD_00516,RN_ROAD_00516,residential,,7.010767954611743,road_line_intersected_raster_cells_all_touched,mapped,1,0.021549904718995094,0.021549904718995094,0.021549904718995094,1.0,1.0,0.0,0.0
150_180,150,180,RN_ROAD_00518,RN_NODE_00034,RN_NODE_00057,0,RN_ROAD_00518,RN_ROAD_00518,tertiary,['Gulwani Maharaj Path'],137.5377317476224,road_line_intersected_raster_cells_all_touched,mapped,7,0.031561944633722305,0.01668564273443605,0.03119511678814888,1.0,0.42857142857142855,0.0,0.0
150_180,150,180,RN_ROAD_00515,RN_NODE_00021,RN_NODE_00027,0,RN_ROAD_00515,RN_ROAD_00515,tertiary,['Gulwani Maharaj Path'],34.40198774129008,road_line_intersected_raster_cells_all_touched,mapped,3,0.04239577800035477,0.02619973166535298,0.03822660334408283,1.0,0.6666666666666666,0.0,0.0
150_180,150,180,RN_ROAD_00519,RN_NODE_00027,RN_NODE_00055,0,RN_ROAD_00519,RN_ROAD_00519,tertiary,['Gulwani Maharaj Path'],139.24373942661734,road_line_intersected_raster_cells_all_touched,mapped,7,0.031561944633722305,0.019516771592731987,0.03119511678814888,1.0,0.5714285714285714,0.0,0.0
150_180,150,180,RN_ROAD_00521,RN_NODE_00057,RN_NODE_00055,0,RN_ROAD_00521,RN_ROAD_00521,residential,,6.9826804461109715,road_line_intersected_raster_cells_all_touched,mapped,1,0.007020389195531607,0.007020389195531607,0.007020389195531607,1.0,0.0,0.0,0.0
150_180,150,180,RN_ROAD_00554,RN_NODE_00057,RN_NODE_00063,0,RN_ROAD_00554,RN_ROAD_00554,tertiary,['Gulwani Maharaj Path'],61.83276020804142,road_line_intersected_raster_cells_all_touched,mapped,4,0.009243492968380451,0.007007534732110798,0.00918571874499321,1.0,0.0,0.0,0.0
150_180,150,180,RN_ROAD_00522,RN_NODE_00055,RN_NODE_00009,0,RN_ROAD_00522,RN_ROAD_00522,residential,,202.98961960729056,road_line_intersected_raster_cells_all_touched,mapped,8,0.026568949222564697,0.017125798505730927,0.025691082887351512,1.0,0.5,0.0,0.0
150_180,150,180,RN_ROAD_00555,RN_NODE_00055,RN_NODE_00062,0,RN_ROAD_00555,RN_ROAD_00555,tertiary,['Gulwani Maharaj Path'],63.005569179776785,road_line_intersected_raster_cells_all_touched,mapped,4,0.009285969659686089,0.008650191011838615,0.009273226652294398,1.0,0.0,0.0,0.0
150_180,150,180,RN_ROAD_00520,RN_NODE_00009,RN_NODE_00002,0,RN_ROAD_00520,RN_ROAD_00520,residential,,41.31404716190531,road_line_intersected_raster_cells_all_touched,mapped,1,0.00415548263117671,0.00415548263117671,0.00415548263117671,1.0,0.0,0.0,0.0
150_180,150,180,RN_ROAD_00523,RN_NODE_00009,RN_NODE_00008,0,RN_ROAD_00523,RN_ROAD_00523,residential,,12.441899887466713,road_line_intersected_raster_cells_all_touched,mapped,2,0.00415548263117671,0.002646230161190033,0.0038536321371793747,1.0,0.0,0.0,0.0
150_180,150,180,RN_ROAD_00556,RN_NODE_00008,RN_NODE_00001,0,RN_ROAD_00556,RN_ROAD_00556,residential,,43.988610861901286,road_line_intersected_raster_cells_all_touched,mapped,2,0.0011369776912033558,0.0006957439181860536,0.0010487309365998954,1.0,0.0,0.0,0.0
150_180,150,180,RN_ROAD_00557,RN_NODE_00008,RN_NODE_00013,0,RN_ROAD_00557,RN_ROAD_00557,residential,,83.46063841947745,road_line_intersected_raster_cells_all_touched,mapped,4,0.0011369776912033558,0.0005517768731806427,0.0009965354984160513,1.0,0.0,0.0,0.0
150_180,150,180,RN_ROAD_00528,RN_NODE_00169,RN_NODE_00170,0,RN_ROAD_00528,RN_ROAD_00528,residential,,26.96845598273519,road_line_intersected_raster_cells_all_touched,mapped,2,0.003317014779895544,0.0027629731921479106,0.0032062064623460174,1.0,0.0,0.0,0.0
150_180,150,180,RN_ROAD_00530,RN_NODE_00159,RN_NODE_00182,0,RN_ROAD_00530,RN_ROAD_00530,residential,,49.242204549989836,road_line_intersected_raster_cells_all_touched,mapped,2,0.009867743588984013,0.006234965869225562,0.009141188045032323,1.0,0.0,0.0,0.0
150_180,150,180,RN_ROAD_00531,RN_NODE_00159,RN_NODE_00131,0,RN_ROAD_00531,RN_ROAD_00531,residential,,71.74036240348227,road_line_intersected_raster_cells_all_touched,mapped,4,0.0026021881494671106,0.0017147462494904175,0.0025181354023516176,1.0,0.0,0.0,0.0
150_180,150,180,RN_ROAD_00532,RN_NODE_00159,RN_NODE_00160,0,RN_ROAD_00532,RN_ROAD_00532,residential,,44.15789584900035,road_line_intersected_raster_cells_all_touched,mapped,2,0.0028696421068161726,0.0027359151281416416,0.0028428967110812665,1.0,0.0,0.0,0.0
150_180,150,180,RN_ROAD_00533,RN_NODE_00160,RN_NODE_00181,0,RN_ROAD_00533,RN_ROAD_00533,residential,,46.16862330443982,road_line_intersected_raster_cells_all_touched,mapped,2,0.006689329631626606,0.004779485869221389,0.0063073608791455625,1.0,0.0,0.0,0.0
150_180,150,180,RN_ROAD_00544,RN_NODE_00160,RN_NODE_00133,0,RN_ROAD_00544,RN_ROAD_00544,residential,,70.15361406693266,road_line_intersected_raster_cells_all_touched,mapped,4,0.0028696421068161726,0.0018047416087938473,0.0028236164478585126,1.0,0.0,0.0,0.0
150_180,150,180,RN_ROAD_00545,RN_NODE_00160,RN_NODE_00161,0,RN_ROAD_00545,RN_ROAD_00545,residential,,41.14857876089963,road_line_intersected_raster_cells_all_touched,mapped,3,0.004147967789322138,0.002688675536774099,0.0038923026528209447,1.0,0.0,0.0,0.0
150_180,150,180,RN_ROAD_00534,RN_NODE_00089,RN_NODE_00085,0,RN_ROAD_00534,RN_ROAD_00534,residential,,27.759811584576703,road_line_intersected_raster_cells_all_touched,mapped,2,0.0014534142101183534,0.0009505257767159492,0.0013528365234378725,1.0,0.0,0.0,0.0
150_180,150,180,RN_ROAD_00538,RN_NODE_00085,RN_NODE_00093,0,RN_ROAD_00538,RN_ROAD_00538,residential,,25.9033233881176,road_line_intersected_raster_cells_all_touched,mapped,2,0.005370662547647953,0.002909149945480749,0.004878360027214512,1.0,0.0,0.0,0.0
150_180,150,180,RN_ROAD_00542,RN_NODE_00064,RN_NODE_00063,0,RN_ROAD_00542,RN_ROAD_00542,tertiary,['Gulwani Maharaj Path'],13.296628666610653,road_line_intersected_raster_cells_all_touched,mapped,2,0.009050912223756313,0.005575918592512608,0.008355913497507573,1.0,0.0,0.0,0.0
150_180,150,180,RN_ROAD_00558,RN_NODE_00064,RN_NODE_00060,0,RN_ROAD_00558,RN_ROAD_00558,secondary,['Amrutrao Khilare Path'],139.93713144357974,road_line_intersected_raster_cells_all_touched,mapped,7,0.018286462873220444,0.008011211009163941,0.016728461533784867,1.0,0.0,0.0,0.0
150_180,150,180,RN_ROAD_00564,RN_NODE_00064,RN_NODE_00062,0,RN_ROAD_00564,RN_ROAD_00564,tertiary,['Gulwani Maharaj Path'],15.765751341295015,road_line_intersected_raster_cells_all_touched,mapped,2,0.009050912223756313,0.005575918592512608,0.008355913497507573,1.0,0.0,0.0,0.0
150_180,150,180,RN_ROAD_00565,RN_NODE_00064,RN_NODE_00065,0,RN_ROAD_00565,RN_ROAD_00565,residential,,35.965093906912095,road_line_intersected_raster_cells_all_touched,mapped,2,0.002100924961268902,0.0012938769068568945,0.0019395153503865004,1.0,0.0,0.0,0.0
150_180,150,180,RN_ROAD_00540,RN_NODE_00072,RN_NODE_00077,0,RN_ROAD_00540,RN_ROAD_00540,residential,,73.58795605910393,road_line_intersected_raster_cells_all_touched,mapped,4,0.0032241970766335726,0.001854414374975022,0.002885991195216775,1.0,0.0,0.0,0.0
150_180,150,180,RN_ROAD_00541,RN_NODE_00072,RN_NODE_00073,0,RN_ROAD_00541,RN_ROAD_00541,residential,['Gangaram Dhanvat Path'],31.66509960770544,road_line_intersected_raster_cells_all_touched,mapped,2,0.0012709383154287934,0.0007310283108381554,0.001162956314510666,1.0,0.0,0.0,0.0
150_180,150,180,RN_ROAD_00543,RN_NODE_00063,RN_NODE_00062,0,RN_ROAD_00543,RN_ROAD_00543,secondary,['Amrutrao Khilare Path'],5.440303004341488,road_line_intersected_raster_cells_all_touched,mapped,1,0.009050912223756313,0.009050912223756313,0.009050912223756313,1.0,0.0,0.0,0.0
150_180,150,180,RN_ROAD_00567,RN_NODE_00077,RN_NODE_00080,0,RN_ROAD_00567,RN_ROAD_00567,residential,,101.71214144917526,road_line_intersected_raster_cells_all_touched,mapped,5,0.0071225231513381,0.003764393017627299,0.006170060113072396,1.0,0.0,0.0,0.0
150_180,150,180,RN_ROAD_00569,RN_NODE_00077,RN_NODE_00075,0,RN_ROAD_00569,RN_ROAD_00569,residential,,112.99827839520864,road_line_intersected_raster_cells_all_touched,mapped,6,0.0035882852971553802,0.002127202673970411,0.002842245972715318,1.0,0.0,0.0,0.0
150_180,150,180,RN_ROAD_00566,RN_NODE_00073,RN_NODE_00065,0,RN_ROAD_00566,RN_ROAD_00566,residential,,88.39093749500239,road_line_intersected_raster_cells_all_touched,mapped,3,0.0012709383154287934,0.0008631448921126624,0.001183084154035896,1.0,0.0,0.0,0.0
150_180,150,180,RN_ROAD_00570,RN_NODE_00073,RN_NODE_00074,0,RN_ROAD_00570,RN_ROAD_00570,residential,['Gangaram Dhanvat Path'],85.39203546796787,road_line_intersected_raster_cells_all_touched,mapped,4,0.005275942850857973,0.0026544003922026604,0.0044313886435702445,1.0,0.0,0.0,0.0
150_180,150,180,RN_ROAD_00568,RN_NODE_00062,RN_NODE_00061,0,RN_ROAD_00568,RN_ROAD_00568,secondary,['Amrutrao Khilare Path'],70.52753780674752,road_line_intersected_raster_cells_all_touched,mapped,4,0.015689793974161148,0.009170683682896197,0.0136981294490397,1.0,0.0,0.0,0.0
150_180,150,180,RN_ROAD_00546,RN_NODE_00161,RN_NODE_00135,0,RN_ROAD_00546,RN_ROAD_00546,residential,,58.21174425169593,road_line_intersected_raster_cells_all_touched,mapped,3,0.0010484167141839862,0.0006308972563905021,0.0009426788543350995,1.0,0.0,0.0,0.0
150_180,150,180,RN_ROAD_00547,RN_NODE_00161,RN_NODE_00184,0,RN_ROAD_00547,RN_ROAD_00547,residential,,59.52396858604021,road_line_intersected_raster_cells_all_touched,mapped,5,0.00876985676586628,0.004737083311192691,0.008094472996890544,1.0,0.0,0.0,0.0
150_180,150,180,RN_ROAD_00548,RN_NODE_00161,RN_NODE_00162,0,RN_ROAD_00548,RN_ROAD_00548,residential,,43.52759274574052,road_line_intersected_raster_cells_all_touched,mapped,2,0.0010484167141839862,0.0008532911888323724,0.0010093916091136635,1.0,0.0,0.0,0.0
150_180,150,180,RN_ROAD_00549,RN_NODE_00162,RN_NODE_00192,0,RN_ROAD_00549,RN_ROAD_00549,residential,,64.37362164101229,road_line_intersected_raster_cells_all_touched,mapped,3,0.005690266378223896,0.0025520940932134786,0.004813783150166273,1.0,0.0,0.0,0.0
150_180,150,180,RN_ROAD_00550,RN_NODE_00162,RN_NODE_00143,0,RN_ROAD_00550,RN_ROAD_00550,residential,,40.817344900923175,road_line_intersected_raster_cells_all_touched,mapped,3,0.0006581656634807587,0.0002769576288604488,0.0005536188342375681,1.0,0.0,0.0,0.0
150_180,150,180,RN_ROAD_00551,RN_NODE_00162,RN_NODE_00163,0,RN_ROAD_00551,RN_ROAD_00551,residential,,41.39157416787474,road_line_intersected_raster_cells_all_touched,mapped,2,0.0006581656634807587,0.0006168854597490281,0.0006499096227344126,1.0,0.0,0.0,0.0
150_180,150,180,RN_ROAD_00552,RN_NODE_00163,RN_NODE_00148,0,RN_ROAD_00552,RN_ROAD_00552,residential,,29.88852414830567,road_line_intersected_raster_cells_all_touched,mapped,2,0.0007000587647780776,0.0006378320103976876,0.0006876134139019996,1.0,0.0,0.0,0.0
150_180,150,180,RN_ROAD_00553,RN_NODE_00163,RN_NODE_00196,0,RN_ROAD_00553,RN_ROAD_00553,residential,,67.04065348407521,road_line_intersected_raster_cells_all_touched,mapped,3,0.002716206479817629,0.0013017976889386773,0.002295681450050324,1.0,0.0,0.0,0.0
150_180,150,180,RN_ROAD_00609,RN_NODE_00163,RN_NODE_00189,0,RN_ROAD_00609,RN_ROAD_00609,residential,,102.89476584709024,road_line_intersected_raster_cells_all_touched,mapped,5,0.003957977518439293,0.0014215495088137687,0.0028239557519555095,1.0,0.0,0.0,0.0
150_180,150,180,RN_ROAD_00563,RN_NODE_00060,RN_NODE_00056,0,RN_ROAD_00563,RN_ROAD_00563,secondary,['Keshavrao Sadoba Padale Chowk'],13.515402583682846,road_line_intersected_raster_cells_all_touched,mapped,2,0.003114571562036872,0.002429627813398838,0.0029775828123092653,1.0,0.0,0.0,0.0
150_180,150,180,RN_ROAD_00576,RN_NODE_00060,RN_NODE_00059,0,RN_ROAD_00576,RN_ROAD_00576,secondary,['Keshavrao Sadoba Padale Chowk'],5.39808589718017,road_line_intersected_raster_cells_all_touched,mapped,1,0.0017446840647608042,0.0017446840647608042,0.0017446840647608042,1.0,0.0,0.0,0.0
150_180,150,180,RN_ROAD_00559,RN_NODE_00014,RN_NODE_00061,0,RN_ROAD_00559,RN_ROAD_00559,residential,['Theerthankar Vasupujya Swami Marg'],207.24278569203318,road_line_intersected_raster_cells_all_touched,mapped,8,0.004844934679567814,0.0014741585509909783,0.0025616796221584076,1.0,0.0,0.0,0.0
150_180,150,180,RN_ROAD_00560,RN_NODE_00061,RN_NODE_00056,0,RN_ROAD_00560,RN_ROAD_00560,secondary,['Amrutrao Khilare Path'],61.492190964871924,road_line_intersected_raster_cells_all_touched,mapped,4,0.004844934679567814,0.003516238648444414,0.0046996835619211195,1.0,0.0,0.0,0.0
150_180,150,180,RN_ROAD_00562,RN_NODE_00056,RN_NODE_00054,0,RN_ROAD_00562,RN_ROAD_00562,secondary,['Keshavrao Sadoba Padale Chowk'],5.410139302658532,road_line_intersected_raster_cells_all_touched,mapped,1,0.003114571562036872,0.003114571562036872,0.003114571562036872,1.0,0.0,0.0,0.0
150_180,150,180,RN_ROAD_00561,RN_NODE_00031,RN_NODE_00046,0,RN_ROAD_00561,RN_ROAD_00561,residential,['Shankarrao Joshi Path'],60.005988546510665,road_line_intersected_raster_cells_all_touched,mapped,3,0.0003856426337733865,0.0002454345958540216,0.0003455484053120017,1.0,0.0,0.0,0.0
150_180,150,180,RN_ROAD_00577,RN_NODE_00031,RN_NODE_00028,0,RN_ROAD_00577,RN_ROAD_00577,residential,['Shankarrao Joshi Path'],0.5795982088234387,road_line_intersected_raster_cells_all_touched,mapped,1,0.0001851714914664626,0.0001851714914664626,0.0001851714914664626,1.0,0.0,0.0,0.0
150_180,150,180,RN_ROAD_00580,RN_NODE_00031,RN_NODE_00030,0,RN_ROAD_00580,RN_ROAD_00580,residential,,0.3967736106851837,road_line_intersected_raster_cells_all_touched,mapped,1,0.0001851714914664626,0.0001851714914664626,0.0001851714914664626,1.0,0.0,0.0,0.0
150_180,150,180,RN_ROAD_00574,RN_NODE_00046,RN_NODE_00054,0,RN_ROAD_00574,RN_ROAD_00574,residential,['Shankarrao Joshi Path'],42.881738794034206,road_line_intersected_raster_cells_all_touched,mapped,2,0.003114571562036872,0.0017501070979051292,0.002841678669210523,1.0,0.0,0.0,0.0
150_180,150,180,RN_ROAD_00581,RN_NODE_00046,RN_NODE_00044,0,RN_ROAD_00581,RN_ROAD_00581,residential,,36.766391024180386,road_line_intersected_raster_cells_all_touched,mapped,3,0.0007378344307653606,0.00042650706503385055,0.0006673960713669657,1.0,0.0,0.0,0.0
150_180,150,180,RN_ROAD_00575,RN_NODE_00054,RN_NODE_00053,0,RN_ROAD_00575,RN_ROAD_00575,secondary,['Keshavrao Sadoba Padale Chowk'],5.384491161976374,road_line_intersected_raster_cells_all_touched,mapped,1,0.003114571562036872,0.003114571562036872,0.003114571562036872,1.0,0.0,0.0,0.0
150_180,150,180,RN_ROAD_00571,RN_NODE_00065,RN_NODE_00074,0,RN_ROAD_00571,RN_ROAD_00571,residential,,114.22292169782816,road_line_intersected_raster_cells_all_touched,mapped,6,0.005275942850857973,0.002323753413899491,0.0038732863031327724,1.0,0.0,0.0,0.0
150_180,150,180,RN_ROAD_00572,RN_NODE_00080,RN_NODE_00091,0,RN_ROAD_00572,RN_ROAD_00572,residential,,30.22855226126164,road_line_intersected_raster_cells_all_touched,mapped,2,0.013526986353099346,0.010324754752218723,0.012886540032923222,1.0,0.0,0.0,0.0
150_180,150,180,RN_ROAD_00573,RN_NODE_00080,RN_NODE_00081,0,RN_ROAD_00573,RN_ROAD_00573,residential,,48.659667273090214,road_line_intersected_raster_cells_all_touched,mapped,2,0.0071225231513381,0.0055688791908323765,0.006811794359236956,1.0,0.0,0.0,0.0
150_180,150,180,RN_ROAD_00584,RN_NODE_00074,RN_NODE_00087,0,RN_ROAD_00584,RN_ROAD_00584,residential,['Gangaram Dhanvat Path'],150.95288944080505,road_line_intersected_raster_cells_all_touched,mapped,9,0.005275942850857973,0.0012451702219146278,0.0029711489565670494,0.8888888888888888,0.0,0.0,0.0
150_180,150,180,RN_ROAD_00578,RN_NODE_00053,RN_NODE_00058,0,RN_ROAD_00578,RN_ROAD_00578,secondary,['Keshavrao Sadoba Padale Chowk'],13.518326852438197,road_line_intersected_raster_cells_all_touched,mapped,2,0.003188409609720111,0.0031514905858784914,0.003181025804951787,1.0,0.0,0.0,0.0
150_180,150,180,RN_ROAD_00582,RN_NODE_00053,RN_NODE_00049,0,RN_ROAD_00582,RN_ROAD_00582,secondary,['Amrutrao Khilare Path'],58.77131978587884,road_line_intersected_raster_cells_all_touched,mapped,4,0.003188409609720111,0.0019520543210092,0.0031662581954151393,1.0,0.0,0.0,0.0
150_180,150,180,RN_ROAD_00579,RN_NODE_00059,RN_NODE_00058,0,RN_ROAD_00579,RN_ROAD_00579,secondary,['Keshavrao Sadoba Padale Chowk'],5.395050967995674,road_line_intersected_raster_cells_all_touched,mapped,3,0.003188409609720111,0.002179147869658967,0.0028996645007282494,1.0,0.0,0.0,0.0
150_180,150,180,RN_ROAD_00586,RN_NODE_00059,RN_NODE_00076,0,RN_ROAD_00586,RN_ROAD_00586,tertiary,['Kashibai Amrutrao Khilare Path'],269.4592788008161,road_line_intersected_raster_cells_all_touched,mapped,13,0.0017446840647608042,0.0007180736524437984,0.0015602818457409742,0.7692307692307693,0.0,0.0,0.0
150_180,150,180,RN_ROAD_00583,RN_NODE_00058,RN_NODE_00052,0,RN_ROAD_00583,RN_ROAD_00583,secondary,['Amrutrao Khilare Path'],61.846162077050124,road_line_intersected_raster_cells_all_touched,mapped,2,0.003188409609720111,0.0021685670944862068,0.00298444110667333,1.0,0.0,0.0,0.0
150_180,150,180,RN_ROAD_00585,RN_NODE_00087,RN_NODE_00097,0,RN_ROAD_00585,RN_ROAD_00585,residential,['Patil Regency Internal Road'],84.39089320427311,road_line_intersected_raster_cells_all_touched,mapped,5,5.816692919324851e-06,1.1633385838649702e-06,3.4900157515949107e-06,0.2,0.0,0.0,0.0
150_180,150,180,RN_ROAD_00587,RN_NODE_00087,RN_NODE_00076,0,RN_ROAD_00587,RN_ROAD_00587,residential,['Gangaram Dhanvat Path'],60.675276322509475,road_line_intersected_raster_cells_all_touched,mapped,3,5.971991777187213e-05,1.990663925729071e-05,4.777593421749771e-05,0.3333333333333333,0.0,0.0,0.0
150_180,150,180,RN_ROAD_00589,RN_NODE_00076,RN_NODE_00094,0,RN_ROAD_00589,RN_ROAD_00589,tertiary,['Kashibai Amrutrao Khilare Path'],87.78838652884335,road_line_intersected_raster_cells_all_touched,mapped,5,0.0,0.0,0.0,0.0,0.0,0.0,0.0
150_180,150,180,RN_ROAD_00593,RN_NODE_00076,RN_NODE_00070,0,RN_ROAD_00593,RN_ROAD_00593,residential,,124.94624191224,road_line_intersected_raster_cells_all_touched,mapped,7,0.0,0.0,0.0,0.0,0.0,0.0,0.0
150_180,150,180,RN_ROAD_00588,RN_NODE_00094,RN_NODE_00100,0,RN_ROAD_00588,RN_ROAD_00588,residential,,81.15438832370462,road_line_intersected_raster_cells_all_touched,mapped,5,0.0,0.0,0.0,0.0,0.0,0.0,0.0
150_180,150,180,RN_ROAD_00590,RN_NODE_00094,RN_NODE_00095,0,RN_ROAD_00590,RN_ROAD_00590,tertiary,['Kashibai Amrutrao Khilare Path'],11.806116707497281,road_line_intersected_raster_cells_all_touched,mapped,1,0.0,0.0,0.0,0.0,0.0,0.0,0.0
150_180,150,180,RN_ROAD_00611,RN_NODE_00095,RN_NODE_00096,0,RN_ROAD_00611,RN_ROAD_00611,tertiary,['Kashibai Amrutrao Khilare Path'],24.306499584060276,road_line_intersected_raster_cells_all_touched,mapped,3,0.0,0.0,0.0,0.0,0.0,0.0,0.0
150_180,150,180,RN_ROAD_00614,RN_NODE_00095,RN_NODE_00084,0,RN_ROAD_00614,RN_ROAD_00614,residential,['Major K. G. Pawar Path'],80.83749221229549,road_line_intersected_raster_cells_all_touched,mapped,4,0.0,0.0,0.0,0.0,0.0,0.0,0.0
150_180,150,180,RN_ROAD_00591,RN_NODE_00108,RN_NODE_00111,0,RN_ROAD_00591,RN_ROAD_00591,residential,,15.249774140478227,road_line_intersected_raster_cells_all_touched,mapped,2,0.0,0.0,0.0,0.0,0.0,0.0,0.0
150_180,150,180,RN_ROAD_00612,RN_NODE_00108,RN_NODE_00099,0,RN_ROAD_00612,RN_ROAD_00612,residential,,58.08767654573444,road_line_intersected_raster_cells_all_touched,mapped,3,0.0,0.0,0.0,0.0,0.0,0.0,0.0
150_180,150,180,RN_ROAD_00615,RN_NODE_00108,RN_NODE_00117,0,RN_ROAD_00615,RN_ROAD_00615,residential,,69.05333066717392,road_line_intersected_raster_cells_all_touched,mapped,4,0.0,0.0,0.0,0.0,0.0,0.0,0.0
150_180,150,180,RN_ROAD_00592,RN_NODE_00096,RN_NODE_00106,0,RN_ROAD_00592,RN_ROAD_00592,residential,,64.25106186309215,road_line_intersected_raster_cells_all_touched,mapped,4,0.0,0.0,0.0,0.0,0.0,0.0,0.0
150_180,150,180,RN_ROAD_00613,RN_NODE_00096,RN_NODE_00099,0,RN_ROAD_00613,RN_ROAD_00613,tertiary,['Kashibai Amrutrao Khilare Path'],20.40269168991895,road_line_intersected_raster_cells_all_touched,mapped,2,0.0,0.0,0.0,0.0,0.0,0.0,0.0
150_180,150,180,RN_ROAD_00595,RN_NODE_00465,RN_NODE_00472,0,RN_ROAD_00595,RN_ROAD_00595,residential,,16.1517627782782,road_line_intersected_raster_cells_all_touched,mapped,1,0.041307687759399414,0.041307687759399414,0.041307687759399414,1.0,1.0,0.0,0.0
150_180,150,180,RN_ROAD_00626,RN_NODE_00342,RN_NODE_00327,0,RN_ROAD_00626,RN_ROAD_00626,residential,,29.773849021989466,road_line_intersected_raster_cells_all_touched,mapped,2,0.001627011108212173,0.001612466643564403,0.001624102215282619,1.0,0.0,0.0,0.0
150_180,150,180,RN_ROAD_00627,RN_NODE_00342,RN_NODE_00340,0,RN_ROAD_00627,RN_ROAD_00627,residential,,74.11052414354627,road_line_intersected_raster_cells_all_touched,mapped,4,0.016992760822176933,0.005755898979259655,0.013003857037983837,1.0,0.0,0.0,0.0
150_180,150,180,RN_ROAD_00601,RN_NODE_00380,RN_NODE_00375,0,RN_ROAD_00601,RN_ROAD_00601,residential,['Sharad Pandit Path'],10.832138813331897,road_line_intersected_raster_cells_all_touched,mapped,2,0.03460041806101799,0.0293757701292634,0.03355548847466707,1.0,1.0,0.0,0.0
150_180,150,180,RN_ROAD_00602,RN_NODE_00380,RN_NODE_00373,0,RN_ROAD_00602,RN_ROAD_00602,primary,['Lalbahadur Shashtri Marg'],67.62470858029033,road_line_intersected_raster_cells_all_touched,mapped,4,0.0864267647266388,0.062440686859190464,0.08486066982150078,1.0,1.0,0.0,0.0
150_180,150,180,RN_ROAD_00606,RN_NODE_00380,RN_NODE_00452,0,RN_ROAD_00606,RN_ROAD_00606,residential,['Sharad Pandit Path'],196.60592350884028,road_line_intersected_raster_cells_all_touched,mapped,8,0.03460041806101799,0.013529772579204291,0.025172574818134306,1.0,0.25,0.0,0.0
150_180,150,180,RN_ROAD_00600,RN_NODE_00375,RN_NODE_00340,0,RN_ROAD_00600,RN_ROAD_00600,residential,,117.67074755191624,road_line_intersected_raster_cells_all_touched,mapped,4,0.02776692435145378,0.022613590583205223,0.026682183705270292,1.0,0.75,0.0,0.0
150_180,150,180,RN_ROAD_00603,RN_NODE_00375,RN_NODE_00364,0,RN_ROAD_00603,RN_ROAD_00603,primary,['Lalbahadur Shashtri Marg'],113.09060593358764,road_line_intersected_raster_cells_all_touched,mapped,6,0.08120644837617874,0.0448343005652229,0.06551636755466461,1.0,1.0,0.0,0.0
150_180,150,180,RN_ROAD_00628,RN_NODE_00340,RN_NODE_00299,0,RN_ROAD_00628,RN_ROAD_00628,residential,,92.93811844487087,road_line_intersected_raster_cells_all_touched,mapped,6,0.028102602809667587,0.013249290796617666,0.024488918483257294,1.0,0.3333333333333333,0.0,0.0
150_180,150,180,RN_ROAD_00605,RN_NODE_00373,RN_NODE_00367,0,RN_ROAD_00605,RN_ROAD_00605,primary,['Lalbahadur Shashtri Marg'],62.30303901072023,road_line_intersected_raster_cells_all_touched,mapped,4,0.08120644837617874,0.04402401251718402,0.07179239988327027,1.0,0.75,0.0,0.0
150_180,150,180,RN_ROAD_00607,RN_NODE_00373,RN_NODE_00431,0,RN_ROAD_00607,RN_ROAD_00607,residential,['Tukaram Buaa Navle Path'],162.4431478561837,road_line_intersected_raster_cells_all_touched,mapped,7,0.08120644837617874,0.02387732536798077,0.055724765360355394,1.0,0.42857142857142855,0.0,0.0
150_180,150,180,RN_ROAD_00604,RN_NODE_00364,RN_NODE_00345,0,RN_ROAD_00604,RN_ROAD_00604,residential,['Ashok Balkavade Path'],58.24822493468268,road_line_intersected_raster_cells_all_touched,mapped,3,0.04982628673315048,0.035583878556887306,0.04802442491054535,1.0,0.6666666666666666,0.0,0.0
150_180,150,180,RN_ROAD_00608,RN_NODE_00364,RN_NODE_00362,0,RN_ROAD_00608,RN_ROAD_00608,primary,['Lalbahadur Shashtri Marg'],19.762200586789664,road_line_intersected_raster_cells_all_touched,mapped,1,0.04982628673315048,0.04982628673315048,0.04982628673315048,1.0,1.0,0.0,0.0
150_180,150,180,RN_ROAD_00630,RN_NODE_00345,RN_NODE_00346,0,RN_ROAD_00630,RN_ROAD_00630,residential,,36.18423993781001,road_line_intersected_raster_cells_all_touched,mapped,3,0.016108371317386627,0.014667653168241182,0.015910224057734013,1.0,0.0,0.0,0.0
150_180,150,180,RN_ROAD_00631,RN_NODE_00345,RN_NODE_00329,0,RN_ROAD_00631,RN_ROAD_00631,residential,['Ashok Balkavade Path'],44.38757753592839,road_line_intersected_raster_cells_all_touched,mapped,3,0.016108371317386627,0.011720938608050346,0.015910224057734013,1.0,0.0,0.0,0.0
150_180,150,180,RN_ROAD_00610,RN_NODE_00115,RN_NODE_00116,0,RN_ROAD_00610,RN_ROAD_00610,tertiary,['Kashibai Amrutrao Khilare Path'],3.2633816455871374,road_line_intersected_raster_cells_all_touched,mapped,1,0.0,0.0,0.0,0.0,0.0,0.0,0.0
150_180,150,180,RN_ROAD_00618,RN_NODE_00115,RN_NODE_00102,0,RN_ROAD_00618,RN_ROAD_00618,tertiary,['Kashibai Amrutrao Khilare Path'],62.21208426569458,road_line_intersected_raster_cells_all_touched,mapped,3,0.0,0.0,0.0,0.0,0.0,0.0,0.0
150_180,150,180,RN_ROAD_00621,RN_NODE_00115,RN_NODE_00112,0,RN_ROAD_00621,RN_ROAD_00621,residential,['Dhondumama Sathe Path'],2.1579800510360094,road_line_intersected_raster_cells_all_touched,mapped,1,0.0,0.0,0.0,0.0,0.0,0.0,0.0
150_180,150,180,RN_ROAD_00616,RN_NODE_00099,RN_NODE_00102,0,RN_ROAD_00616,RN_ROAD_00616,tertiary,['Kashibai Amrutrao Khilare Path'],26.666867328266726,road_line_intersected_raster_cells_all_touched,mapped,2,0.0,0.0,0.0,0.0,0.0,0.0,0.0
150_180,150,180,RN_ROAD_00617,RN_NODE_00084,RN_NODE_00078,0,RN_ROAD_00617,RN_ROAD_00617,residential,,32.119561669057084,road_line_intersected_raster_cells_all_touched,mapped,2,0.0,0.0,0.0,0.0,0.0,0.0,0.0
150_180,150,180,RN_ROAD_00619,RN_NODE_00084,RN_NODE_00083,0,RN_ROAD_00619,RN_ROAD_00619,residential,['Major K. G. Pawar Path'],3.6328997085326886,road_line_intersected_raster_cells_all_touched,mapped,2,0.0,0.0,0.0,0.0,0.0,0.0,0.0
150_180,150,180,RN_ROAD_00620,RN_NODE_00102,RN_NODE_00098,0,RN_ROAD_00620,RN_ROAD_00620,residential,,40.54465189522412,road_line_intersected_raster_cells_all_touched,mapped,1,0.0,0.0,0.0,0.0,0.0,0.0,0.0
150_180,150,180,RN_ROAD_00629,RN_NODE_00299,RN_NODE_00304,0,RN_ROAD_00629,RN_ROAD_00629,residential,['Nanasaheb Kale Path'],158.77267008788334,road_line_intersected_raster_cells_all_touched,mapped,7,0.031562305986881256,0.010459116660058498,0.025150062888860708,1.0,0.2857142857142857,0.0,0.0
150_180,150,180,RN_ROAD_00632,RN_NODE_00329,RN_NODE_00316,0,RN_ROAD_00632,RN_ROAD_00632,residential,['Ashok Balkavade Path'],56.395993070836,road_line_intersected_raster_cells_all_touched,mapped,3,0.003936809487640858,0.0025618543926005564,0.0035711755976080895,1.0,0.0,0.0,0.0
150_180,150,180,RN_ROAD_00633,RN_NODE_00329,RN_NODE_00326,0,RN_ROAD_00633,RN_ROAD_00633,residential,,32.94248645921549,road_line_intersected_raster_cells_all_touched,mapped,2,0.00470447214320302,0.004320640815421939,0.0046277058776468035,1.0,0.0,0.0,0.0
150_180,150,180,RN_ROAD_00635,RN_NODE_00180,RN_NODE_00105,0,RN_ROAD_00635,RN_ROAD_00635,tertiary,['Riverside Road'],408.7877077292009,road_line_intersected_raster_cells_all_touched,mapped,19,0.0077103800140321255,0.0014759907685334827,0.0032218873500823968,0.9473684210526315,0.0,0.0,0.0
