{
"type": "FeatureCollection",
"name": "road_flood_risk_peak",
"crs": { "type": "name", "properties": { "name": "urn:ogc:def:crs:EPSG::32643" } },
"features": [
{ "type": "Feature", "properties": { "edge_id": "RN_ROAD_00001", "road_id": "RN_ROAD_00001", "source_road_id": "RN_ROAD_00001", "road_class": "primary", "name": [ "Sinhagad Road" ], "length_m": 110.33464311551056, "sampling_status": "mapped", "sampling_method": "road_line_intersected_raster_cells_all_touched", "sampled_intervals": 6, "scenario_peak_max_depth_m": 0.016413412988185883, "scenario_peak_mean_depth_m": 0.0047851277864538137, "scenario_peak_p90_depth_m": 0.011151632852852346, "scenario_peak_interval": "090_120", "scenario_max_fraction_gt_0_02m": 0.0, "scenario_max_fraction_gt_0_10m": 0.0, "scenario_max_fraction_gt_0_30m": 0.0, "flood_risk": "minimal", "flood_risk_rank": 0, "risk_policy": "prototype_depth_band_v1" }, "geometry": { "type": "LineString", "coordinates": [ [ 377402.41610963223502, 2045494.150320648914203 ], [ 377431.811523598677013, 2045517.092158772284165 ], [ 377474.618849018588662, 2045550.492235957412049 ], [ 377489.400832478946541, 2045562.028088851599023 ] ] } },
{ "type": "Feature", "properties": { "edge_id": "RN_ROAD_00002", "road_id": "RN_ROAD_00002", "source_road_id": "RN_ROAD_00002", "road_class": "residential", "name": null, "length_m": 68.71572842918026, "sampling_status": "mapped", "sampling_method": "road_line_intersected_raster_cells_all_touched", "sampled_intervals": 6, "scenario_peak_max_depth_m": 0.016413412988185883, "scenario_peak_mean_depth_m": 0.0071613564505241811, "scenario_peak_p90_depth_m": 0.012840229459106924, "scenario_peak_interval": "090_120", "scenario_max_fraction_gt_0_02m": 0.0, "scenario_max_fraction_gt_0_10m": 0.0, "scenario_max_fraction_gt_0_30m": 0.0, "flood_risk": "minimal", "flood_risk_rank": 0, "risk_policy": "prototype_depth_band_v1" }, "geometry": { "type": "LineString", "coordinates": [ [ 377449.405891132773831, 2045617.905239819316193 ], [ 377489.400832478946541, 2045562.028088851599023 ] ] } },
{ "type": "Feature", "properties": { "edge_id": "RN_ROAD_00003", "road_id": "RN_ROAD_00003", "source_road_id": "RN_ROAD_00003", "road_class": "primary", "name": [ "Sinhagad Road" ], "length_m": 126.32174974243749, "sampling_status": "mapped", "sampling_method": "road_line_intersected_raster_cells_all_touched", "sampled_intervals": 6, "scenario_peak_max_depth_m": 0.016413412988185883, "scenario_peak_mean_depth_m": 0.0048607856920820525, "scenario_peak_p90_depth_m": 0.010465821251273159, "scenario_peak_interval": "090_120", "scenario_max_fraction_gt_0_02m": 0.0, "scenario_max_fraction_gt_0_10m": 0.0, "scenario_max_fraction_gt_0_30m": 0.0, "flood_risk": "minimal", "flood_risk_rank": 0, "risk_policy": "prototype_depth_band_v1" }, "geometry": { "type": "LineString", "coordinates": [ [ 377489.400832478946541, 2045562.028088851599023 ], [ 377501.254013305762783, 2045571.280947588849813 ], [ 377590.100231327523943, 2045638.293116989778355 ] ] } },
{ "type": "Feature", "properties": { "edge_id": "RN_ROAD_00004", "road_id": "RN_ROAD_00004", "source_road_id": "RN_ROAD_00004", "road_class": "residential", "name": null, "length_m": 89.178016730371809, "sampling_status": "mapped", "sampling_method": "road_line_intersected_raster_cells_all_touched", "sampled_intervals": 6, "scenario_peak_max_depth_m": 0.005372221115976572, "scenario_peak_mean_depth_m": 0.00427152996417135, "scenario_peak_p90_depth_m": 0.0048805009573698044, "scenario_peak_interval": "090_120", "scenario_max_fraction_gt_0_02m": 0.0, "scenario_max_fraction_gt_0_10m": 0.0, "scenario_max_fraction_gt_0_30m": 0.0, "flood_risk": "minimal", "flood_risk_rank": 0, "risk_policy": "prototype_depth_band_v1" }, "geometry": { "type": "LineString", "coordinates": [ [ 377449.405891132773831, 2045617.905239819316193 ], [ 377407.035735413548537, 2045585.155334185808897 ], [ 377371.41745419986546, 2045584.399515508674085 ] ] } },
{ "type": "Feature", "properties": { "edge_id": "RN_ROAD_00005", "road_id": "RN_ROAD_00005", "source_road_id": "RN_ROAD_00005", "road_class": "residential", "name": null, "length_m": 41.194797475628484, "sampling_status": "mapped", "sampling_method": "road_line_intersected_raster_cells_all_touched", "sampled_intervals": 6, "scenario_peak_max_depth_m": 0.003586883656680584, "scenario_peak_mean_depth_m": 0.0035538469674065709, "scenario_peak_p90_depth_m": 0.0035802763188257812, "scenario_peak_interval": "090_120", "scenario_max_fraction_gt_0_02m": 0.0, "scenario_max_fraction_gt_0_10m": 0.0, "scenario_max_fraction_gt_0_30m": 0.0, "flood_risk": "minimal", "flood_risk_rank": 0, "risk_policy": "prototype_depth_band_v1" }, "geometry": { "type": "LineString", "coordinates": [ [ 377482.003063690674026, 2045643.093246494885534 ], [ 377449.405891132773831, 2045617.905239819316193 ] ] } },
{ "type": "Feature", "properties": { "edge_id": "RN_ROAD_00012", "road_id": "RN_ROAD_00012", "source_road_id": "RN_ROAD_00012", "road_class": "tertiary", "name": null, "length_m": 45.825664662695367, "sampling_status": "mapped", "sampling_method": "road_line_intersected_raster_cells_all_touched", "sampled_intervals": 6, "scenario_peak_max_depth_m": 0.044835425913333893, "scenario_peak_mean_depth_m": 0.028973503697973985, "scenario_peak_p90_depth_m": 0.044090902805328368, "scenario_peak_interval": "090_120", "scenario_max_fraction_gt_0_02m": 0.66666666666666663, "scenario_max_fraction_gt_0_10m": 0.0, "scenario_max_fraction_gt_0_30m": 0.0, "flood_risk": "low", "flood_risk_rank": 1, "risk_policy": "prototype_depth_band_v1" }, "geometry": { "type": "LineString", "coordinates": [ [ 377591.418546366505325, 2045684.099815050605685 ], [ 377590.100231327523943, 2045638.293116989778355 ] ] } },
{ "type": "Feature", "properties": { "edge_id": "RN_ROAD_00014", "road_id": "RN_ROAD_00014", "source_road_id": "RN_ROAD_00014", "road_class": "primary", "name": [ "Sinhagad Road" ], "length_m": 224.80858983855421, "sampling_status": "mapped", "sampling_method": "road_line_intersected_raster_cells_all_touched", "sampled_intervals": 6, "scenario_peak_max_depth_m": 0.15477165579795837, "scenario_peak_mean_depth_m": 0.059495533632192142, "scenario_peak_p90_depth_m": 0.14991980567574503, "scenario_peak_interval": "090_120", "scenario_max_fraction_gt_0_02m": 0.66666666666666663, "scenario_max_fraction_gt_0_10m": 0.25, "scenario_max_fraction_gt_0_30m": 0.0, "flood_risk": "moderate", "flood_risk_rank": 2, "risk_policy": "prototype_depth_band_v1" }, "geometry": { "type": "LineString", "coordinates": [ [ 377590.100231327523943, 2045638.293116989778355 ], [ 377611.170335853181314, 2045654.060332073597237 ], [ 377652.896692566690035, 2045685.287621464114636 ], [ 377752.740203114517499, 2045760.009623276302591 ], [ 377770.881369449663907, 2045771.856125194579363 ] ] } },
{ "type": "Feature", "properties": { "edge_id": "RN_ROAD_00201", "road_id": "RN_ROAD_00201", "source_road_id": "RN_ROAD_00201", "road_class": "tertiary", "name": [ "Dattawadi Road" ], "length_m": 68.612004620704681, "sampling_status": "mapped", "sampling_method": "road_line_intersected_raster_cells_all_touched", "sampled_intervals": 6, "scenario_peak_max_depth_m": 0.004096821416169405, "scenario_peak_mean_depth_m": 0.0018632445329179366, "scenario_peak_p90_depth_m": 0.0034295317949727178, "scenario_peak_interval": "090_120", "scenario_max_fraction_gt_0_02m": 0.0, "scenario_max_fraction_gt_0_10m": 0.0, "scenario_max_fraction_gt_0_30m": 0.0, "flood_risk": "minimal", "flood_risk_rank": 0, "risk_policy": "prototype_depth_band_v1" }, "geometry": { "type": "LineString", "coordinates": [ [ 377371.41745419986546, 2045584.399515508674085 ], [ 377370.553782144328579, 2045515.792946955421939 ] ] } },
{ "type": "Feature", "properties": { "edge_id": "RN_ROAD_00203", "road_id": "RN_ROAD_00203", "source_road_id": "RN_ROAD_00203", "road_class": "residential", "name": null, "length_m": 62.633549990759064, "sampling_status": "mapped", "sampling_method": "road_line_intersected_raster_cells_all_touched", "sampled_intervals": 6, "scenario_peak_max_depth_m": 0.004096821416169405, "scenario_peak_mean_depth_m": 0.0020999013213440776, "scenario_peak_p90_depth_m": 0.0035816551651805641, "scenario_peak_interval": "090_120", "scenario_max_fraction_gt_0_02m": 0.0, "scenario_max_fraction_gt_0_10m": 0.0, "scenario_max_fraction_gt_0_30m": 0.0, "flood_risk": "minimal", "flood_risk_rank": 0, "risk_policy": "prototype_depth_band_v1" }, "geometry": { "type": "LineString", "coordinates": [ [ 377308.832710697315633, 2045586.871653280919418 ], [ 377371.41745419986546, 2045584.399515508674085 ] ] } },
{ "type": "Feature", "properties": { "edge_id": "RN_ROAD_00204", "road_id": "RN_ROAD_00204", "source_road_id": "RN_ROAD_00204", "road_class": "tertiary", "name": [ "Dattawadi Road" ], "length_m": 23.648846865110738, "sampling_status": "mapped", "sampling_method": "road_line_intersected_raster_cells_all_touched", "sampled_intervals": 6, "scenario_peak_max_depth_m": 0.0092330379411578178, "scenario_peak_mean_depth_m": 0.0066649296786636114, "scenario_peak_p90_depth_m": 0.0087194162886589759, "scenario_peak_interval": "090_120", "scenario_max_fraction_gt_0_02m": 0.0, "scenario_max_fraction_gt_0_10m": 0.0, "scenario_max_fraction_gt_0_30m": 0.0, "flood_risk": "minimal", "flood_risk_rank": 0, "risk_policy": "prototype_depth_band_v1" }, "geometry": { "type": "LineString", "coordinates": [ [ 377371.41745419986546, 2045584.399515508674085 ], [ 377371.685719084809534, 2045608.046840769704431 ] ] } },
{ "type": "Feature", "properties": { "edge_id": "RN_ROAD_00006", "road_id": "RN_ROAD_00006", "source_road_id": "RN_ROAD_00006", "road_class": "residential", "name": null, "length_m": 47.475805180409658, "sampling_status": "mapped", "sampling_method": "road_line_intersected_raster_cells_all_touched", "sampled_intervals": 6, "scenario_peak_max_depth_m": 0.0093479445204138756, "scenario_peak_mean_depth_m": 0.0086456816643476486, "scenario_peak_p90_depth_m": 0.0092074919492006295, "scenario_peak_interval": "090_120", "scenario_max_fraction_gt_0_02m": 0.0, "scenario_max_fraction_gt_0_10m": 0.0, "scenario_max_fraction_gt_0_30m": 0.0, "flood_risk": "minimal", "flood_risk_rank": 0, "risk_policy": "prototype_depth_band_v1" }, "geometry": { "type": "LineString", "coordinates": [ [ 377422.679702792840544, 2045663.416411006357521 ], [ 377375.206328034983017, 2045662.936029253760353 ] ] } },
{ "type": "Feature", "properties": { "edge_id": "RN_ROAD_00007", "road_id": "RN_ROAD_00007", "source_road_id": "RN_ROAD_00007", "road_class": "residential", "name": null, "length_m": 59.27071050901246, "sampling_status": "mapped", "sampling_method": "road_line_intersected_raster_cells_all_touched", "sampled_intervals": 6, "scenario_peak_max_depth_m": 0.011735611595213413, "scenario_peak_mean_depth_m": 0.009477226374049982, "scenario_peak_p90_depth_m": 0.011139019019901752, "scenario_peak_interval": "090_120", "scenario_max_fraction_gt_0_02m": 0.0, "scenario_max_fraction_gt_0_10m": 0.0, "scenario_max_fraction_gt_0_30m": 0.0, "flood_risk": "minimal", "flood_risk_rank": 0, "risk_policy": "prototype_depth_band_v1" }, "geometry": { "type": "LineString", "coordinates": [ [ 377481.947448575810995, 2045664.009229737799615 ], [ 377422.679702792840544, 2045663.416411006357521 ] ] } },
{ "type": "Feature", "properties": { "edge_id": "RN_ROAD_00008", "road_id": "RN_ROAD_00008", "source_road_id": "RN_ROAD_00008", "road_class": "residential", "name": null, "length_m": 27.145839404120867, "sampling_status": "mapped", "sampling_method": "road_line_intersected_raster_cells_all_touched", "sampled_intervals": 6, "scenario_peak_max_depth_m": 0.0079434188082814217, "scenario_peak_mean_depth_m": 0.0054018598748371005, "scenario_peak_p90_depth_m": 0.0074351070215925574, "scenario_peak_interval": "090_120", "scenario_max_fraction_gt_0_02m": 0.0, "scenario_max_fraction_gt_0_10m": 0.0, "scenario_max_fraction_gt_0_30m": 0.0, "flood_risk": "minimal", "flood_risk_rank": 0, "risk_policy": "prototype_depth_band_v1" }, "geometry": { "type": "LineString", "coordinates": [ [ 377422.99151254852768, 2045690.560459555359557 ], [ 377422.679702792840544, 2045663.416411006357521 ] ] } },
{ "type": "Feature", "properties": { "edge_id": "RN_ROAD_00219", "road_id": "RN_ROAD_00219", "source_road_id": "RN_ROAD_00219", "road_class": "tertiary", "name": [ "Dattawadi Road" ], "length_m": 21.238265775773673, "sampling_status": "mapped", "sampling_method": "road_line_intersected_raster_cells_all_touched", "sampled_intervals": 6, "scenario_peak_max_depth_m": 0.0093479445204138756, "scenario_peak_mean_depth_m": 0.0064061025623232126, "scenario_peak_p90_depth_m": 0.008759576128795743, "scenario_peak_interval": "090_120", "scenario_max_fraction_gt_0_02m": 0.0, "scenario_max_fraction_gt_0_10m": 0.0, "scenario_max_fraction_gt_0_30m": 0.0, "flood_risk": "minimal", "flood_risk_rank": 0, "risk_policy": "prototype_depth_band_v1" }, "geometry": { "type": "LineString", "coordinates": [ [ 377373.845214924716856, 2045641.741423707455397 ], [ 377375.206328034983017, 2045662.936029253760353 ] ] } },
{ "type": "Feature", "properties": { "edge_id": "RN_ROAD_00220", "road_id": "RN_ROAD_00220", "source_road_id": "RN_ROAD_00220", "road_class": "tertiary", "name": [ "Dattawadi Road" ], "length_m": 7.0483869671575867, "sampling_status": "mapped", "sampling_method": "road_line_intersected_raster_cells_all_touched", "sampled_intervals": 6, "scenario_peak_max_depth_m": 0.0093479445204138756, "scenario_peak_mean_depth_m": 0.0093479445204138756, "scenario_peak_p90_depth_m": 0.0093479445204138756, "scenario_peak_interval": "090_120", "scenario_max_fraction_gt_0_02m": 0.0, "scenario_max_fraction_gt_0_10m": 0.0, "scenario_max_fraction_gt_0_30m": 0.0, "flood_risk": "minimal", "flood_risk_rank": 0, "risk_policy": "prototype_depth_band_v1" }, "geometry": { "type": "LineString", "coordinates": [ [ 377375.206328034983017, 2045662.936029253760353 ], [ 377375.631687873799819, 2045669.971569591667503 ] ] } },
{ "type": "Feature", "properties": { "edge_id": "RN_ROAD_00009", "road_id": "RN_ROAD_00009", "source_road_id": "RN_ROAD_00009", "road_class": "residential", "name": null, "length_m": 106.81149895405065, "sampling_status": "mapped", "sampling_method": "road_line_intersected_raster_cells_all_touched", "sampled_intervals": 6, "scenario_peak_max_depth_m": 0.041112810373306274, "scenario_peak_mean_depth_m": 0.022500157542526721, "scenario_peak_p90_depth_m": 0.037014806270599367, "scenario_peak_interval": "090_120", "scenario_max_fraction_gt_0_02m": 0.4, "scenario_max_fraction_gt_0_10m": 0.0, "scenario_max_fraction_gt_0_30m": 0.0, "flood_risk": "low", "flood_risk_rank": 1, "risk_policy": "prototype_depth_band_v1" }, "geometry": { "type": "LineString", "coordinates": [ [ 377591.418546366505325, 2045684.099815050605685 ], [ 377484.607874887995422, 2045683.679378228960559 ] ] } },
{ "type": "Feature", "properties": { "edge_id": "RN_ROAD_00013", "road_id": "RN_ROAD_00013", "source_road_id": "RN_ROAD_00013", "road_class": "tertiary", "name": null, "length_m": 38.80812375658153, "sampling_status": "mapped", "sampling_method": "road_line_intersected_raster_cells_all_touched", "sampled_intervals": 6, "scenario_peak_max_depth_m": 0.041112810373306274, "scenario_peak_mean_depth_m": 0.033912478014826775, "scenario_peak_p90_depth_m": 0.039672743901610373, "scenario_peak_interval": "090_120", "scenario_max_fraction_gt_0_02m": 1.0, "scenario_max_fraction_gt_0_10m": 0.0, "scenario_max_fraction_gt_0_30m": 0.0, "flood_risk": "low", "flood_risk_rank": 1, "risk_policy": "prototype_depth_band_v1" }, "geometry": { "type": "LineString", "coordinates": [ [ 377592.543998276814818, 2045722.891614349326119 ], [ 377591.92160992056597, 2045701.603732149815187 ], [ 377591.69110255362466, 2045693.659490500576794 ], [ 377591.418546366505325, 2045684.099815050605685 ] ] } },
{ "type": "Feature", "properties": { "edge_id": "RN_ROAD_00010", "road_id": "RN_ROAD_00010", "source_road_id": "RN_ROAD_00010", "road_class": "residential", "name": null, "length_m": 76.99211485840236, "sampling_status": "mapped", "sampling_method": "road_line_intersected_raster_cells_all_touched", "sampled_intervals": 6, "scenario_peak_max_depth_m": 0.0044693555682897568, "scenario_peak_mean_depth_m": 0.0035640838711212077, "scenario_peak_p90_depth_m": 0.0042480034753680229, "scenario_peak_interval": "090_120", "scenario_max_fraction_gt_0_02m": 0.0, "scenario_max_fraction_gt_0_10m": 0.0, "scenario_max_fraction_gt_0_30m": 0.0, "flood_risk": "minimal", "flood_risk_rank": 0, "risk_policy": "prototype_depth_band_v1" }, "geometry": { "type": "LineString", "coordinates": [ [ 377461.932981109013781, 2045702.427866873331368 ], [ 377423.1387849887833, 2045701.969044435536489 ], [ 377384.946381086949259, 2045701.506429664092138 ] ] } },
{ "type": "Feature", "properties": { "edge_id": "RN_ROAD_00033", "road_id": "RN_ROAD_00033", "source_road_id": "RN_ROAD_00033", "road_class": "tertiary", "name": [ "Dattawadi Road" ], "length_m": 182.87135369775038, "sampling_status": "mapped", "sampling_method": "road_line_intersected_raster_cells_all_touched", "sampled_intervals": 6, "scenario_peak_max_depth_m": 0.17060309648513794, "scenario_peak_mean_depth_m": 0.053608323576756649, "scenario_peak_p90_depth_m": 0.11305720210075379, "scenario_peak_interval": "090_120", "scenario_max_fraction_gt_0_02m": 0.66666666666666663, "scenario_max_fraction_gt_0_10m": 0.1111111111111111, "scenario_max_fraction_gt_0_30m": 0.0, "flood_risk": "moderate", "flood_risk_rank": 2, "risk_policy": "prototype_depth_band_v1" }, "geometry": { "type": "LineString", "coordinates": [ [ 377384.946381086949259, 2045701.506429664092138 ], [ 377389.717409751028754, 2045716.072417479008436 ], [ 377405.109354561544023, 2045740.374987575458363 ], [ 377430.911815859377384, 2045781.110730713233352 ], [ 377450.138532045530155, 2045820.538672157563269 ], [ 377451.958896889642347, 2045867.194279746385291 ] ] } },
{ "type": "Feature", "properties": { "edge_id": "RN_ROAD_00222", "road_id": "RN_ROAD_00222", "source_road_id": "RN_ROAD_00222", "road_class": "tertiary", "name": [ "Dattawadi Road" ], "length_m": 32.888284279263488, "sampling_status": "mapped", "sampling_method": "road_line_intersected_raster_cells_all_touched", "sampled_intervals": 6, "scenario_peak_max_depth_m": 0.0093479445204138756, "scenario_peak_mean_depth_m": 0.0063552698120474815, "scenario_peak_p90_depth_m": 0.0087494095787405968, "scenario_peak_interval": "090_120", "scenario_max_fraction_gt_0_02m": 0.0, "scenario_max_fraction_gt_0_10m": 0.0, "scenario_max_fraction_gt_0_30m": 0.0, "flood_risk": "minimal", "flood_risk_rank": 0, "risk_policy": "prototype_depth_band_v1" }, "geometry": { "type": "LineString", "coordinates": [ [ 377384.946381086949259, 2045701.506429664092138 ], [ 377381.62913476547692, 2045691.357680013636127 ], [ 377375.631687873799819, 2045669.971569591667503 ] ] } },
{ "type": "Feature", "properties": { "edge_id": "RN_ROAD_00011", "road_id": "RN_ROAD_00011", "source_road_id": "RN_ROAD_00011", "road_class": "primary", "name": [ "Sinhagad Road" ], "length_m": 420.18865859382316, "sampling_status": "mapped", "sampling_method": "road_line_intersected_raster_cells_all_touched", "sampled_intervals": 6, "scenario_peak_max_depth_m": 0.15270453691482544, "scenario_peak_mean_depth_m": 0.02414243243620149, "scenario_peak_p90_depth_m": 0.12712396308779719, "scenario_peak_interval": "090_120", "scenario_max_fraction_gt_0_02m": 0.15, "scenario_max_fraction_gt_0_10m": 0.15, "scenario_max_fraction_gt_0_30m": 0.0, "flood_risk": "moderate", "flood_risk_rank": 2, "risk_policy": "prototype_depth_band_v1" }, "geometry": { "type": "LineString", "coordinates": [ [ 377760.232123156485613, 2045749.437372126150876 ], [ 377597.931676496111322, 2045627.984215474221855 ], [ 377558.229984639212489, 2045598.038805792341009 ], [ 377509.202078106056433, 2045561.048724866937846 ], [ 377425.379465448262636, 2045495.626815154682845 ] ] } },
{ "type": "Feature", "properties": { "edge_id": "RN_ROAD_00024", "road_id": "RN_ROAD_00024", "source_road_id": "RN_ROAD_00024", "road_class": "living_street", "name": null, "length_m": 117.7024406571944, "sampling_status": "mapped", "sampling_method": "road_line_intersected_raster_cells_all_touched", "sampled_intervals": 6, "scenario_peak_max_depth_m": 0.14752461016178131, "scenario_peak_mean_depth_m": 0.087988000363111496, "scenario_peak_p90_depth_m": 0.13619091734290123, "scenario_peak_interval": "090_120", "scenario_max_fraction_gt_0_02m": 1.0, "scenario_max_fraction_gt_0_10m": 0.5, "scenario_max_fraction_gt_0_30m": 0.0, "flood_risk": "moderate", "flood_risk_rank": 2, "risk_policy": "prototype_depth_band_v1" }, "geometry": { "type": "LineString", "coordinates": [ [ 377844.107291874359362, 2045696.754515565000474 ], [ 377840.868199234770145, 2045705.351776957511902 ], [ 377838.541303585399874, 2045708.011572533752769 ], [ 377835.347661550506018, 2045708.873091081390157 ], [ 377830.568354708724655, 2045709.434912320226431 ], [ 377824.19099143135827, 2045711.058291020104662 ], [ 377819.728077391104307, 2045713.211656847503036 ], [ 377815.605296994443052, 2045717.36587220756337 ], [ 377810.427666879608296, 2045723.319616619031876 ], [ 377805.562093502783682, 2045728.540975991869345 ], [ 377799.839621624792926, 2045731.85333315609023 ], [ 377791.115729364915751, 2045733.071241882396862 ], [ 377779.304192004958168, 2045733.5674998620525 ], [ 377765.990743526257575, 2045733.652871083468199 ], [ 377760.455733402690385, 2045733.267841097200289 ], [ 377757.595565974479541, 2045735.090016554808244 ], [ 377757.404067306313664, 2045738.156653910176829 ], [ 377758.267004934197757, 2045741.006266229087487 ], [ 377759.771983751677908, 2045743.541900222189724 ], [ 377760.328743383171968, 2045746.393476170254871 ], [ 377760.232123156485613, 2045749.437372126150876 ] ] } },
{ "type": "Feature", "properties": { "edge_id": "RN_ROAD_00026", "road_id": "RN_ROAD_00026", "source_road_id": "RN_ROAD_00026", "road_class": "primary", "name": [ "Sinhagad Road" ], "length_m": 20.820195650817585, "sampling_status": "mapped", "sampling_method": "road_line_intersected_raster_cells_all_touched", "sampled_intervals": 6, "scenario_peak_max_depth_m": 0.15477165579795837, "scenario_peak_mean_depth_m": 0.13981444016098976, "scenario_peak_p90_depth_m": 0.15178021267056466, "scenario_peak_interval": "090_120", "scenario_max_fraction_gt_0_02m": 1.0, "scenario_max_fraction_gt_0_10m": 1.0, "scenario_max_fraction_gt_0_30m": 0.0, "flood_risk": "moderate", "flood_risk_rank": 2, "risk_policy": "prototype_depth_band_v1" }, "geometry": { "type": "LineString", "coordinates": [ [ 377777.662938856577966, 2045760.823645044350997 ], [ 377760.232123156485613, 2045749.437372126150876 ] ] } },
{ "type": "Feature", "properties": { "edge_id": "RN_ROAD_00015", "road_id": "RN_ROAD_00015", "source_road_id": "RN_ROAD_00015", "road_class": "tertiary", "name": null, "length_m": 36.904025208750269, "sampling_status": "mapped", "sampling_method": "road_line_intersected_raster_cells_all_touched", "sampled_intervals": 6, "scenario_peak_max_depth_m": 0.062933944165706635, "scenario_peak_mean_depth_m": 0.044823044911026955, "scenario_peak_p90_depth_m": 0.059311764314770699, "scenario_peak_interval": "090_120", "scenario_max_fraction_gt_0_02m": 1.0, "scenario_max_fraction_gt_0_10m": 0.0, "scenario_max_fraction_gt_0_30m": 0.0, "flood_risk": "low", "flood_risk_rank": 1, "risk_policy": "prototype_depth_band_v1" }, "geometry": { "type": "LineString", "coordinates": [ [ 377593.604438861249946, 2045759.780400287592784 ], [ 377593.372865217213985, 2045751.670168121578172 ], [ 377592.543998276814818, 2045722.891614349326119 ] ] } },
{ "type": "Feature", "properties": { "edge_id": "RN_ROAD_00031", "road_id": "RN_ROAD_00031", "source_road_id": "RN_ROAD_00031", "road_class": "residential", "name": null, "length_m": 107.05914643211815, "sampling_status": "mapped", "sampling_method": "road_line_intersected_raster_cells_all_touched", "sampled_intervals": 6, "scenario_peak_max_depth_m": 0.050287671387195587, "scenario_peak_mean_depth_m": 0.031884409487247467, "scenario_peak_p90_depth_m": 0.043215954303741456, "scenario_peak_interval": "090_120", "scenario_max_fraction_gt_0_02m": 1.0, "scenario_max_fraction_gt_0_10m": 0.0, "scenario_max_fraction_gt_0_30m": 0.0, "flood_risk": "low", "flood_risk_rank": 1, "risk_policy": "prototype_depth_band_v1" }, "geometry": { "type": "LineString", "coordinates": [ [ 377592.543998276814818, 2045722.891614349326119 ], [ 377485.485916911857203, 2045723.369159350171685 ] ] } },
{ "type": "Feature", "properties": { "edge_id": "RN_ROAD_00027", "road_id": "RN_ROAD_00027", "source_road_id": "RN_ROAD_00027", "road_class": "tertiary", "name": [ "Panmla road" ], "length_m": 12.950108180473846, "sampling_status": "mapped", "sampling_method": "road_line_intersected_raster_cells_all_touched", "sampled_intervals": 6, "scenario_peak_max_depth_m": 0.15477165579795837, "scenario_peak_mean_depth_m": 0.10385491140186787, "scenario_peak_p90_depth_m": 0.14458830691874028, "scenario_peak_interval": "090_120", "scenario_max_fraction_gt_0_02m": 1.0, "scenario_max_fraction_gt_0_10m": 0.5, "scenario_max_fraction_gt_0_30m": 0.0, "flood_risk": "moderate", "flood_risk_rank": 2, "risk_policy": "prototype_depth_band_v1" }, "geometry": { "type": "LineString", "coordinates": [ [ 377777.662938856577966, 2045760.823645044350997 ], [ 377770.881369449663907, 2045771.856125194579363 ] ] } },
{ "type": "Feature", "properties": { "edge_id": "RN_ROAD_00029", "road_id": "RN_ROAD_00029", "source_road_id": "RN_ROAD_00029", "road_class": "tertiary", "name": [ "Panmla road" ], "length_m": 165.88450329250958, "sampling_status": "mapped", "sampling_method": "road_line_intersected_raster_cells_all_touched", "sampled_intervals": 6, "scenario_peak_max_depth_m": 0.052938167005777359, "scenario_peak_mean_depth_m": 0.022134492270803701, "scenario_peak_p90_depth_m": 0.044091787189245224, "scenario_peak_interval": "090_120", "scenario_max_fraction_gt_0_02m": 0.5, "scenario_max_fraction_gt_0_10m": 0.0, "scenario_max_fraction_gt_0_30m": 0.0, "flood_risk": "low", "flood_risk_rank": 1, "risk_policy": "prototype_depth_band_v1" }, "geometry": { "type": "LineString", "coordinates": [ [ 377769.907419535098597, 2045937.737541884183884 ], [ 377770.115329159540124, 2045910.888974403962493 ], [ 377770.483385172090493, 2045862.913507885066792 ], [ 377770.580806280428078, 2045840.237706416752189 ], [ 377770.881369449663907, 2045771.856125194579363 ] ] } },
{ "type": "Feature", "properties": { "edge_id": "RN_ROAD_00104", "road_id": "RN_ROAD_00104", "source_road_id": "RN_ROAD_00104", "road_class": "primary", "name": [ "Sinhagad Road" ], "length_m": 310.8681955303079, "sampling_status": "mapped", "sampling_method": "road_line_intersected_raster_cells_all_touched", "sampled_intervals": 6, "scenario_peak_max_depth_m": 0.14759626984596252, "scenario_peak_mean_depth_m": 0.031332227850465903, "scenario_peak_p90_depth_m": 0.050345196202397358, "scenario_peak_interval": "090_120", "scenario_max_fraction_gt_0_02m": 0.5, "scenario_max_fraction_gt_0_10m": 0.071428571428571425, "scenario_max_fraction_gt_0_30m": 0.0, "flood_risk": "moderate", "flood_risk_rank": 2, "risk_policy": "prototype_depth_band_v1" }, "geometry": { "type": "LineString", "coordinates": [ [ 377770.881369449663907, 2045771.856125194579363 ], [ 377880.364784242585301, 2045833.580238858703524 ], [ 377909.091863334702794, 2045849.774556674296036 ], [ 377921.998589495138731, 2045858.73317855107598 ], [ 378028.161373912822455, 2045944.526751243043691 ] ] } },
{ "type": "Feature", "properties": { "edge_id": "RN_ROAD_00016", "road_id": "RN_ROAD_00016", "source_road_id": "RN_ROAD_00016", "road_class": "tertiary", "name": null, "length_m": 37.789575965802442, "sampling_status": "mapped", "sampling_method": "road_line_intersected_raster_cells_all_touched", "sampled_intervals": 6, "scenario_peak_max_depth_m": 0.16915097832679749, "scenario_peak_mean_depth_m": 0.10049461821715037, "scenario_peak_p90_depth_m": 0.14920056909322738, "scenario_peak_interval": "090_120", "scenario_max_fraction_gt_0_02m": 1.0, "scenario_max_fraction_gt_0_10m": 0.33333333333333331, "scenario_max_fraction_gt_0_30m": 0.0, "flood_risk": "moderate", "flood_risk_rank": 2, "risk_policy": "prototype_depth_band_v1" }, "geometry": { "type": "LineString", "coordinates": [ [ 377594.691681253199931, 2045797.554332511499524 ], [ 377593.604438861249946, 2045759.780400287592784 ] ] } },
{ "type": "Feature", "properties": { "edge_id": "RN_ROAD_00032", "road_id": "RN_ROAD_00032", "source_road_id": "RN_ROAD_00032", "road_class": "residential", "name": null, "length_m": 102.18258890538435, "sampling_status": "mapped", "sampling_method": "road_line_intersected_raster_cells_all_touched", "sampled_intervals": 6, "scenario_peak_max_depth_m": 0.06674734503030777, "scenario_peak_mean_depth_m": 0.046482464298605919, "scenario_peak_p90_depth_m": 0.065221984684467313, "scenario_peak_interval": "090_120", "scenario_max_fraction_gt_0_02m": 1.0, "scenario_max_fraction_gt_0_10m": 0.0, "scenario_max_fraction_gt_0_30m": 0.0, "flood_risk": "low", "flood_risk_rank": 1, "risk_policy": "prototype_depth_band_v1" }, "geometry": { "type": "LineString", "coordinates": [ [ 377491.429409899166785, 2045761.023353224853054 ], [ 377593.604438861249946, 2045759.780400287592784 ] ] } },
{ "type": "Feature", "properties": { "edge_id": "RN_ROAD_00017", "road_id": "RN_ROAD_00017", "source_road_id": "RN_ROAD_00017", "road_class": "residential", "name": null, "length_m": 56.818705917843346, "sampling_status": "mapped", "sampling_method": "road_line_intersected_raster_cells_all_touched", "sampled_intervals": 6, "scenario_peak_max_depth_m": 0.069398932158946991, "scenario_peak_mean_depth_m": 0.050394884621103607, "scenario_peak_p90_depth_m": 0.067119523137807849, "scenario_peak_interval": "090_120", "scenario_max_fraction_gt_0_02m": 1.0, "scenario_max_fraction_gt_0_10m": 0.0, "scenario_max_fraction_gt_0_30m": 0.0, "flood_risk": "low", "flood_risk_rank": 1, "risk_policy": "prototype_depth_band_v1" }, "geometry": { "type": "LineString", "coordinates": [ [ 377537.885308959172107, 2045798.738143717171624 ], [ 377594.691681253199931, 2045797.554332511499524 ] ] } },
{ "type": "Feature", "properties": { "edge_id": "RN_ROAD_00018", "road_id": "RN_ROAD_00018", "source_road_id": "RN_ROAD_00018", "road_class": "tertiary", "name": null, "length_m": 10.404856598863448, "sampling_status": "mapped", "sampling_method": "road_line_intersected_raster_cells_all_touched", "sampled_intervals": 6, "scenario_peak_max_depth_m": 0.069398932158946991, "scenario_peak_mean_depth_m": 0.069398932158946991, "scenario_peak_p90_depth_m": 0.069398932158946991, "scenario_peak_interval": "090_120", "scenario_max_fraction_gt_0_02m": 1.0, "scenario_max_fraction_gt_0_10m": 0.0, "scenario_max_fraction_gt_0_30m": 0.0, "flood_risk": "low", "flood_risk_rank": 1, "risk_policy": "prototype_depth_band_v1" }, "geometry": { "type": "LineString", "coordinates": [ [ 377594.990754807018675, 2045807.954889989458025 ], [ 377594.691681253199931, 2045797.554332511499524 ] ] } },
{ "type": "Feature", "properties": { "edge_id": "RN_ROAD_00034", "road_id": "RN_ROAD_00034", "source_road_id": "RN_ROAD_00034", "road_class": "residential", "name": null, "length_m": 95.660294350126918, "sampling_status": "mapped", "sampling_method": "road_line_intersected_raster_cells_all_touched", "sampled_intervals": 6, "scenario_peak_max_depth_m": 0.16075663268566132, "scenario_peak_mean_depth_m": 0.10752527639269829, "scenario_peak_p90_depth_m": 0.15128121674060821, "scenario_peak_interval": "090_120", "scenario_max_fraction_gt_0_02m": 1.0, "scenario_max_fraction_gt_0_10m": 0.4, "scenario_max_fraction_gt_0_30m": 0.0, "flood_risk": "moderate", "flood_risk_rank": 2, "risk_policy": "prototype_depth_band_v1" }, "geometry": { "type": "LineString", "coordinates": [ [ 377453.560631571046542, 2045778.032486374722794 ], [ 377467.948566953884438, 2045784.137211105553433 ], [ 377478.774247389461379, 2045792.887597466586158 ], [ 377483.92069416330196, 2045800.169453469803557 ], [ 377485.455784640449565, 2045804.09924968960695 ], [ 377493.38115102739539, 2045803.494985923636705 ], [ 377508.68607257748954, 2045799.501225752290338 ], [ 377537.885308959172107, 2045798.738143717171624 ] ] } },
{ "type": "Feature", "properties": { "edge_id": "RN_ROAD_00035", "road_id": "RN_ROAD_00035", "source_road_id": "RN_ROAD_00035", "road_class": "residential", "name": null, "length_m": 55.256790096308571, "sampling_status": "mapped", "sampling_method": "road_line_intersected_raster_cells_all_touched", "sampled_intervals": 6, "scenario_peak_max_depth_m": 0.058001887053251266, "scenario_peak_mean_depth_m": 0.048626946285367012, "scenario_peak_p90_depth_m": 0.056126898899674413, "scenario_peak_interval": "090_120", "scenario_max_fraction_gt_0_02m": 1.0, "scenario_max_fraction_gt_0_10m": 0.0, "scenario_max_fraction_gt_0_30m": 0.0, "flood_risk": "low", "flood_risk_rank": 1, "risk_policy": "prototype_depth_band_v1" }, "geometry": { "type": "LineString", "coordinates": [ [ 377539.908296747482382, 2045853.957889933139086 ], [ 377537.885308959172107, 2045798.738143717171624 ] ] } },
{ "type": "Feature", "properties": { "edge_id": "RN_ROAD_00041", "road_id": "RN_ROAD_00041", "source_road_id": "RN_ROAD_00041", "road_class": "residential", "name": null, "length_m": 37.379364618968417, "sampling_status": "mapped", "sampling_method": "road_line_intersected_raster_cells_all_touched", "sampled_intervals": 6, "scenario_peak_max_depth_m": 0.075393564999103546, "scenario_peak_mean_depth_m": 0.072396248579025269, "scenario_peak_p90_depth_m": 0.074794101715087893, "scenario_peak_interval": "090_120", "scenario_max_fraction_gt_0_02m": 1.0, "scenario_max_fraction_gt_0_10m": 0.0, "scenario_max_fraction_gt_0_30m": 0.0, "flood_risk": "low", "flood_risk_rank": 1, "risk_policy": "prototype_depth_band_v1" }, "geometry": { "type": "LineString", "coordinates": [ [ 377594.990754807018675, 2045807.954889989458025 ], [ 377632.361934024957009, 2045807.172673153458163 ] ] } },
{ "type": "Feature", "properties": { "edge_id": "RN_ROAD_00043", "road_id": "RN_ROAD_00043", "source_road_id": "RN_ROAD_00043", "road_class": "tertiary", "name": null, "length_m": 44.90716795876552, "sampling_status": "mapped", "sampling_method": "road_line_intersected_raster_cells_all_touched", "sampled_intervals": 6, "scenario_peak_max_depth_m": 0.069398932158946991, "scenario_peak_mean_depth_m": 0.042071927804499865, "scenario_peak_p90_depth_m": 0.063933531288057566, "scenario_peak_interval": "090_120", "scenario_max_fraction_gt_0_02m": 0.5, "scenario_max_fraction_gt_0_10m": 0.0, "scenario_max_fraction_gt_0_30m": 0.0, "flood_risk": "low", "flood_risk_rank": 1, "risk_policy": "prototype_depth_band_v1" }, "geometry": { "type": "LineString", "coordinates": [ [ 377594.990754807018675, 2045807.954889989458025 ], [ 377596.29261884308653, 2045852.843183386605233 ] ] } },
{ "type": "Feature", "properties": { "edge_id": "RN_ROAD_00019", "road_id": "RN_ROAD_00019", "source_road_id": "RN_ROAD_00019", "road_class": "residential", "name": null, "length_m": 15.457018790921675, "sampling_status": "mapped", "sampling_method": "road_line_intersected_raster_cells_all_touched", "sampled_intervals": 6, "scenario_peak_max_depth_m": 0.013551902957260609, "scenario_peak_mean_depth_m": 0.013551902957260609, "scenario_peak_p90_depth_m": 0.013551902957260609, "scenario_peak_interval": "090_120", "scenario_max_fraction_gt_0_02m": 0.0, "scenario_max_fraction_gt_0_10m": 0.0, "scenario_max_fraction_gt_0_30m": 0.0, "flood_risk": "minimal", "flood_risk_rank": 0, "risk_policy": "prototype_depth_band_v1" }, "geometry": { "type": "LineString", "coordinates": [ [ 377683.455853354535066, 2045805.926201746566221 ], [ 377698.912206500186585, 2045805.782753707841039 ] ] } },
{ "type": "Feature", "properties": { "edge_id": "RN_ROAD_00020", "road_id": "RN_ROAD_00020", "source_road_id": "RN_ROAD_00020", "road_class": "residential", "name": null, "length_m": 51.109121332944376, "sampling_status": "mapped", "sampling_method": "road_line_intersected_raster_cells_all_touched", "sampled_intervals": 6, "scenario_peak_max_depth_m": 0.075393564999103546, "scenario_peak_mean_depth_m": 0.05380040562401215, "scenario_peak_p90_depth_m": 0.074806001782417295, "scenario_peak_interval": "090_120", "scenario_max_fraction_gt_0_02m": 0.66666666666666663, "scenario_max_fraction_gt_0_10m": 0.0, "scenario_max_fraction_gt_0_30m": 0.0, "flood_risk": "low", "flood_risk_rank": 1, "risk_policy": "prototype_depth_band_v1" }, "geometry": { "type": "LineString", "coordinates": [ [ 377683.455853354535066, 2045805.926201746566221 ], [ 377632.361934024957009, 2045807.172673153458163 ] ] } },
{ "type": "Feature", "properties": { "edge_id": "RN_ROAD_00042", "road_id": "RN_ROAD_00042", "source_road_id": "RN_ROAD_00042", "road_class": "residential", "name": null, "length_m": 12.671054645406425, "sampling_status": "mapped", "sampling_method": "road_line_intersected_raster_cells_all_touched", "sampled_intervals": 6, "scenario_peak_max_depth_m": 0.013551902957260609, "scenario_peak_mean_depth_m": 0.013551902957260609, "scenario_peak_p90_depth_m": 0.013551902957260609, "scenario_peak_interval": "090_120", "scenario_max_fraction_gt_0_02m": 0.0, "scenario_max_fraction_gt_0_10m": 0.0, "scenario_max_fraction_gt_0_30m": 0.0, "flood_risk": "minimal", "flood_risk_rank": 0, "risk_policy": "prototype_depth_band_v1" }, "geometry": { "type": "LineString", "coordinates": [ [ 377683.463260189804714, 2045818.597254227148369 ], [ 377683.455853354535066, 2045805.926201746566221 ] ] } },
{ "type": "Feature", "properties": { "edge_id": "RN_ROAD_00044", "road_id": "RN_ROAD_00044", "source_road_id": "RN_ROAD_00044", "road_class": "residential", "name": null, "length_m": 78.533115680054436, "sampling_status": "mapped", "sampling_method": "road_line_intersected_raster_cells_all_touched", "sampled_intervals": 6, "scenario_peak_max_depth_m": 0.075393564999103546, "scenario_peak_mean_depth_m": 0.031188558709497254, "scenario_peak_p90_depth_m": 0.063366208039224145, "scenario_peak_interval": "090_120", "scenario_max_fraction_gt_0_02m": 0.33333333333333331, "scenario_max_fraction_gt_0_10m": 0.0, "scenario_max_fraction_gt_0_30m": 0.0, "flood_risk": "low", "flood_risk_rank": 1, "risk_policy": "prototype_depth_band_v1" }, "geometry": { "type": "LineString", "coordinates": [ [ 377633.921847798745148, 2045885.690294917207211 ], [ 377632.361934024957009, 2045807.172673153458163 ] ] } },
{ "type": "Feature", "properties": { "edge_id": "RN_ROAD_00021", "road_id": "RN_ROAD_00021", "source_road_id": "RN_ROAD_00021", "road_class": "residential", "name": null, "length_m": 4.0105748732132831, "sampling_status": "outside_valid_flood_grid", "sampling_method": "road_line_intersected_raster_cells_all_touched", "sampled_intervals": 0, "scenario_peak_max_depth_m": -1.0, "scenario_peak_mean_depth_m": -1.0, "scenario_peak_p90_depth_m": -1.0, "scenario_peak_interval": "", "scenario_max_fraction_gt_0_02m": -1.0, "scenario_max_fraction_gt_0_10m": -1.0, "scenario_max_fraction_gt_0_30m": -1.0, "flood_risk": "unknown", "flood_risk_rank": -1, "risk_policy": "prototype_depth_band_v1" }, "geometry": { "type": "LineString", "coordinates": [ [ 377839.025433297269046, 2045524.891838807379827 ], [ 377836.199158904259093, 2045522.046336414292455 ] ] } },
{ "type": "Feature", "properties": { "edge_id": "RN_ROAD_00022", "road_id": "RN_ROAD_00022", "source_road_id": "RN_ROAD_00022", "road_class": "residential", "name": null, "length_m": 3.5777701642730535, "sampling_status": "outside_valid_flood_grid", "sampling_method": "road_line_intersected_raster_cells_all_touched", "sampled_intervals": 0, "scenario_peak_max_depth_m": -1.0, "scenario_peak_mean_depth_m": -1.0, "scenario_peak_p90_depth_m": -1.0, "scenario_peak_interval": "", "scenario_max_fraction_gt_0_02m": -1.0, "scenario_max_fraction_gt_0_10m": -1.0, "scenario_max_fraction_gt_0_30m": -1.0, "flood_risk": "unknown", "flood_risk_rank": -1, "risk_policy": "prototype_depth_band_v1" }, "geometry": { "type": "LineString", "coordinates": [ [ 377841.585758209985215, 2045522.392803855706006 ], [ 377839.025433297269046, 2045524.891838807379827 ] ] } },
{ "type": "Feature", "properties": { "edge_id": "RN_ROAD_00023", "road_id": "RN_ROAD_00023", "source_road_id": "RN_ROAD_00023", "road_class": "residential", "name": null, "length_m": 59.620737404387555, "sampling_status": "mapped", "sampling_method": "road_line_intersected_raster_cells_all_touched", "sampled_intervals": 6, "scenario_peak_max_depth_m": 0.00024254601157736033, "scenario_peak_mean_depth_m": 0.00014477836521109566, "scenario_peak_p90_depth_m": 0.00022008180676493793, "scenario_peak_interval": "090_120", "scenario_max_fraction_gt_0_02m": 0.0, "scenario_max_fraction_gt_0_10m": 0.0, "scenario_max_fraction_gt_0_30m": 0.0, "flood_risk": "minimal", "flood_risk_rank": 0, "risk_policy": "prototype_depth_band_v1" }, "geometry": { "type": "LineString", "coordinates": [ [ 377839.025433297269046, 2045524.891838807379827 ], [ 377859.046670034178533, 2045545.059424290666357 ], [ 377879.868859875074122, 2045568.298371305922046 ] ] } },
{ "type": "Feature", "properties": { "edge_id": "RN_ROAD_00101", "road_id": "RN_ROAD_00101", "source_road_id": "RN_ROAD_00101", "road_class": "residential", "name": null, "length_m": 47.767237687101151, "sampling_status": "mapped", "sampling_method": "road_line_intersected_raster_cells_all_touched", "sampled_intervals": 6, "scenario_peak_max_depth_m": 0.00024254601157736033, "scenario_peak_mean_depth_m": 0.00015645252157507153, "scenario_peak_p90_depth_m": 0.00023124782892409713, "scenario_peak_interval": "090_120", "scenario_max_fraction_gt_0_02m": 0.0, "scenario_max_fraction_gt_0_10m": 0.0, "scenario_max_fraction_gt_0_30m": 0.0, "flood_risk": "minimal", "flood_risk_rank": 0, "risk_policy": "prototype_depth_band_v1" }, "geometry": { "type": "LineString", "coordinates": [ [ 377902.038873033015989, 2045526.281268520979211 ], [ 377891.895492356037721, 2045540.378135591512546 ], [ 377879.868859875074122, 2045568.298371305922046 ] ] } },
{ "type": "Feature", "properties": { "edge_id": "RN_ROAD_00103", "road_id": "RN_ROAD_00103", "source_road_id": "RN_ROAD_00103", "road_class": "residential", "name": null, "length_m": 393.37092434710667, "sampling_status": "mapped", "sampling_method": "road_line_intersected_raster_cells_all_touched", "sampled_intervals": 6, "scenario_peak_max_depth_m": 0.00053495418978855014, "scenario_peak_mean_depth_m": 8.2356996292793676e-05, "scenario_peak_p90_depth_m": 0.00019735328096430745, "scenario_peak_interval": "090_120", "scenario_max_fraction_gt_0_02m": 0.0, "scenario_max_fraction_gt_0_10m": 0.0, "scenario_max_fraction_gt_0_30m": 0.0, "flood_risk": "minimal", "flood_risk_rank": 0, "risk_policy": "prototype_depth_band_v1" }, "geometry": { "type": "LineString", "coordinates": [ [ 377879.868859875074122, 2045568.298371305922046 ], [ 377917.507099342707079, 2045609.147024916717783 ], [ 377939.724067561211996, 2045629.278490539640188 ], [ 377957.404356264858507, 2045648.299180232221261 ], [ 377991.03809602727415, 2045682.146405094768852 ], [ 378016.986404336756095, 2045709.568991433829069 ], [ 378040.072709170053713, 2045731.941487478325143 ], [ 378069.99266500963131, 2045761.308554151793942 ], [ 378087.364284976269118, 2045776.679397507803515 ], [ 378096.736248555767816, 2045782.694935861509293 ], [ 378101.619181776186451, 2045785.131525042466819 ], [ 378107.543714183673728, 2045788.645966120762751 ], [ 378133.430509228492156, 2045806.496611209586263 ], [ 378157.30904666724382, 2045820.708199406741187 ], [ 378166.663441587879788, 2045822.33050318993628 ], [ 378173.324010121403262, 2045820.417700584745035 ] ] } },
{ "type": "Feature", "properties": { "edge_id": "RN_ROAD_00025", "road_id": "RN_ROAD_00025", "source_road_id": "RN_ROAD_00025", "road_class": "living_street", "name": null, "length_m": 160.56974852956768, "sampling_status": "mapped", "sampling_method": "road_line_intersected_raster_cells_all_touched", "sampled_intervals": 6, "scenario_peak_max_depth_m": 0.094476766884326935, "scenario_peak_mean_depth_m": 0.036423579124467712, "scenario_peak_p90_depth_m": 0.068646063655614875, "scenario_peak_interval": "090_120", "scenario_max_fraction_gt_0_02m": 0.5714285714285714, "scenario_max_fraction_gt_0_10m": 0.0, "scenario_max_fraction_gt_0_30m": 0.0, "flood_risk": "low", "flood_risk_rank": 1, "risk_policy": "prototype_depth_band_v1" }, "geometry": { "type": "LineString", "coordinates": [ [ 377933.56431100575719, 2045701.161340828053653 ], [ 377902.802738595346455, 2045701.989146183244884 ], [ 377884.394863693451043, 2045704.541686138836667 ], [ 377872.602949362713844, 2045708.103167291963473 ], [ 377860.405033488641493, 2045714.212542280554771 ], [ 377852.559434961003717, 2045719.03245878405869 ], [ 377843.768606732715853, 2045726.281990270595998 ], [ 377835.634306030231528, 2045737.123916859505698 ], [ 377832.63557321857661, 2045745.33231419022195 ], [ 377824.254479626135435, 2045786.852047975175083 ] ] } },
{ "type": "Feature", "properties": { "edge_id": "RN_ROAD_00028", "road_id": "RN_ROAD_00028", "source_road_id": "RN_ROAD_00028", "road_class": "primary", "name": [ "Sinhagad Road" ], "length_m": 53.368993155301965, "sampling_status": "mapped", "sampling_method": "road_line_intersected_raster_cells_all_touched", "sampled_intervals": 6, "scenario_peak_max_depth_m": 0.15477165579795837, "scenario_peak_mean_depth_m": 0.1124457148835063, "scenario_peak_p90_depth_m": 0.15261904001235962, "scenario_peak_interval": "090_120", "scenario_max_fraction_gt_0_02m": 1.0, "scenario_max_fraction_gt_0_10m": 0.5, "scenario_max_fraction_gt_0_30m": 0.0, "flood_risk": "moderate", "flood_risk_rank": 2, "risk_policy": "prototype_depth_band_v1" }, "geometry": { "type": "LineString", "coordinates": [ [ 377824.254479626135435, 2045786.852047975175083 ], [ 377777.662938856577966, 2045760.823645044350997 ] ] } },
{ "type": "Feature", "properties": { "edge_id": "RN_ROAD_00105", "road_id": "RN_ROAD_00105", "source_road_id": "RN_ROAD_00105", "road_class": "primary", "name": [ "Sinhagad Road" ], "length_m": 260.06086779730686, "sampling_status": "mapped", "sampling_method": "road_line_intersected_raster_cells_all_touched", "sampled_intervals": 6, "scenario_peak_max_depth_m": 0.094476766884326935, "scenario_peak_mean_depth_m": 0.020859558806897931, "scenario_peak_p90_depth_m": 0.042259903997182852, "scenario_peak_interval": "090_120", "scenario_max_fraction_gt_0_02m": 0.30769230769230771, "scenario_max_fraction_gt_0_10m": 0.0, "scenario_max_fraction_gt_0_30m": 0.0, "flood_risk": "low", "flood_risk_rank": 1, "risk_policy": "prototype_depth_band_v1" }, "geometry": { "type": "LineString", "coordinates": [ [ 378036.173373339581303, 2045936.020709740230814 ], [ 378016.112743083387613, 2045919.505150001496077 ], [ 377944.507838366262149, 2045860.248988362727687 ], [ 377929.448183608707041, 2045848.139134558849037 ], [ 377923.849151935894042, 2045844.346001540310681 ], [ 377916.043041187222116, 2045838.840639875503257 ], [ 377893.766564361052588, 2045825.869589464506134 ], [ 377885.447358691482805, 2045821.031513781752437 ], [ 377824.254479626135435, 2045786.852047975175083 ] ] } },
{ "type": "Feature", "properties": { "edge_id": "RN_ROAD_00030", "road_id": "RN_ROAD_00030", "source_road_id": "RN_ROAD_00030", "road_class": "residential", "name": null, "length_m": 35.179162990230459, "sampling_status": "mapped", "sampling_method": "road_line_intersected_raster_cells_all_touched", "sampled_intervals": 6, "scenario_peak_max_depth_m": 0.0, "scenario_peak_mean_depth_m": 0.0, "scenario_peak_p90_depth_m": 0.0, "scenario_peak_interval": "000_030", "scenario_max_fraction_gt_0_02m": 0.0, "scenario_max_fraction_gt_0_10m": 0.0, "scenario_max_fraction_gt_0_30m": 0.0, "flood_risk": "minimal", "flood_risk_rank": 0, "risk_policy": "prototype_depth_band_v1" }, "geometry": { "type": "LineString", "coordinates": [ [ 377805.08537089364836, 2045937.445571151562035 ], [ 377769.907419535098597, 2045937.737541884183884 ] ] } },
{ "type": "Feature", "properties": { "edge_id": "RN_ROAD_00081", "road_id": "RN_ROAD_00081", "source_road_id": "RN_ROAD_00081", "road_class": "tertiary", "name": null, "length_m": 66.426034415825399, "sampling_status": "mapped", "sampling_method": "road_line_intersected_raster_cells_all_touched", "sampled_intervals": 6, "scenario_peak_max_depth_m": 1.0695351193135139e-05, "scenario_peak_mean_depth_m": 3.5678707369276217e-06, "scenario_peak_p90_depth_m": 8.5579331580376574e-06, "scenario_peak_interval": "090_120", "scenario_max_fraction_gt_0_02m": 0.0, "scenario_max_fraction_gt_0_10m": 0.0, "scenario_max_fraction_gt_0_30m": 0.0, "flood_risk": "minimal", "flood_risk_rank": 0, "risk_policy": "prototype_depth_band_v1" }, "geometry": { "type": "LineString", "coordinates": [ [ 377769.907419535098597, 2045937.737541884183884 ], [ 377769.624236688716337, 2045975.896516410401091 ], [ 377769.404303894378245, 2046004.161669903667644 ] ] } },
{ "type": "Feature", "properties": { "edge_id": "RN_ROAD_00037", "road_id": "RN_ROAD_00037", "source_road_id": "RN_ROAD_00037", "road_class": "residential", "name": null, "length_m": 36.355254994304673, "sampling_status": "mapped", "sampling_method": "road_line_intersected_raster_cells_all_touched", "sampled_intervals": 6, "scenario_peak_max_depth_m": 0.064331173896789551, "scenario_peak_mean_depth_m": 0.042978475801646709, "scenario_peak_p90_depth_m": 0.060060634277760983, "scenario_peak_interval": "090_120", "scenario_max_fraction_gt_0_02m": 1.0, "scenario_max_fraction_gt_0_10m": 0.0, "scenario_max_fraction_gt_0_30m": 0.0, "flood_risk": "low", "flood_risk_rank": 1, "risk_policy": "prototype_depth_band_v1" }, "geometry": { "type": "LineString", "coordinates": [ [ 377451.958896889642347, 2045867.194279746385291 ], [ 377415.604950656299479, 2045866.88580128015019 ] ] } },
{ "type": "Feature", "properties": { "edge_id": "RN_ROAD_00039", "road_id": "RN_ROAD_00039", "source_road_id": "RN_ROAD_00039", "road_class": "tertiary", "name": [ "Dattawadi Road" ], "length_m": 26.030445504602611, "sampling_status": "mapped", "sampling_method": "road_line_intersected_raster_cells_all_touched", "sampled_intervals": 6, "scenario_peak_max_depth_m": 0.021625777706503868, "scenario_peak_mean_depth_m": 0.016349696554243565, "scenario_peak_p90_depth_m": 0.020570561476051807, "scenario_peak_interval": "090_120", "scenario_max_fraction_gt_0_02m": 0.5, "scenario_max_fraction_gt_0_10m": 0.0, "scenario_max_fraction_gt_0_30m": 0.0, "flood_risk": "low", "flood_risk_rank": 1, "risk_policy": "prototype_depth_band_v1" }, "geometry": { "type": "LineString", "coordinates": [ [ 377452.970795349334367, 2045893.205049721058458 ], [ 377451.958896889642347, 2045867.194279746385291 ] ] } },
{ "type": "Feature", "properties": { "edge_id": "RN_ROAD_00038", "road_id": "RN_ROAD_00038", "source_road_id": "RN_ROAD_00038", "road_class": "residential", "name": null, "length_m": 84.517565346796474, "sampling_status": "mapped", "sampling_method": "road_line_intersected_raster_cells_all_touched", "sampled_intervals": 6, "scenario_peak_max_depth_m": 0.077788129448890686, "scenario_peak_mean_depth_m": 0.035092921306689583, "scenario_peak_p90_depth_m": 0.064630704000592232, "scenario_peak_interval": "090_120", "scenario_max_fraction_gt_0_02m": 0.5, "scenario_max_fraction_gt_0_10m": 0.0, "scenario_max_fraction_gt_0_30m": 0.0, "flood_risk": "low", "flood_risk_rank": 1, "risk_policy": "prototype_depth_band_v1" }, "geometry": { "type": "LineString", "coordinates": [ [ 377493.444665800954681, 2045892.225536871235818 ], [ 377492.729653491929639, 2045854.902927208459005 ], [ 377539.908296747482382, 2045853.957889933139086 ] ] } },
{ "type": "Feature", "properties": { "edge_id": "RN_ROAD_00045", "road_id": "RN_ROAD_00045", "source_road_id": "RN_ROAD_00045", "road_class": "residential", "name": null, "length_m": 56.395339779681436, "sampling_status": "mapped", "sampling_method": "road_line_intersected_raster_cells_all_touched", "sampled_intervals": 6, "scenario_peak_max_depth_m": 0.039252005517482758, "scenario_peak_mean_depth_m": 0.025711476492385071, "scenario_peak_p90_depth_m": 0.036029104515910147, "scenario_peak_interval": "090_120", "scenario_max_fraction_gt_0_02m": 0.66666666666666663, "scenario_max_fraction_gt_0_10m": 0.0, "scenario_max_fraction_gt_0_30m": 0.0, "flood_risk": "low", "flood_risk_rank": 1, "risk_policy": "prototype_depth_band_v1" }, "geometry": { "type": "LineString", "coordinates": [ [ 377539.908296747482382, 2045853.957889933139086 ], [ 377596.29261884308653, 2045852.843183386605233 ] ] } },
{ "type": "Feature", "properties": { "edge_id": "RN_ROAD_00036", "road_id": "RN_ROAD_00036", "source_road_id": "RN_ROAD_00036", "road_class": "residential", "name": null, "length_m": 43.636454570990736, "sampling_status": "mapped", "sampling_method": "road_line_intersected_raster_cells_all_touched", "sampled_intervals": 6, "scenario_peak_max_depth_m": 0.12751331925392151, "scenario_peak_mean_depth_m": 0.10137401521205902, "scenario_peak_p90_depth_m": 0.12446616590023041, "scenario_peak_interval": "090_120", "scenario_max_fraction_gt_0_02m": 1.0, "scenario_max_fraction_gt_0_10m": 0.66666666666666663, "scenario_max_fraction_gt_0_30m": 0.0, "flood_risk": "moderate", "flood_risk_rank": 2, "risk_policy": "prototype_depth_band_v1" }, "geometry": { "type": "LineString", "coordinates": [ [ 377415.76775053597521, 2045823.249650398967788 ], [ 377415.604950656299479, 2045866.88580128015019 ] ] } },
{ "type": "Feature", "properties": { "edge_id": "RN_ROAD_00040", "road_id": "RN_ROAD_00040", "source_road_id": "RN_ROAD_00040", "road_class": "residential", "name": null, "length_m": 40.909751465296431, "sampling_status": "mapped", "sampling_method": "road_line_intersected_raster_cells_all_touched", "sampled_intervals": 6, "scenario_peak_max_depth_m": 0.064331173896789551, "scenario_peak_mean_depth_m": 0.049827111884951591, "scenario_peak_p90_depth_m": 0.061430361494421958, "scenario_peak_interval": "090_120", "scenario_max_fraction_gt_0_02m": 1.0, "scenario_max_fraction_gt_0_10m": 0.0, "scenario_max_fraction_gt_0_30m": 0.0, "flood_risk": "low", "flood_risk_rank": 1, "risk_policy": "prototype_depth_band_v1" }, "geometry": { "type": "LineString", "coordinates": [ [ 377413.386503070069011, 2045907.735357645666227 ], [ 377415.604950656299479, 2045866.88580128015019 ] ] } },
{ "type": "Feature", "properties": { "edge_id": "RN_ROAD_00226", "road_id": "RN_ROAD_00226", "source_road_id": "RN_ROAD_00226", "road_class": "residential", "name": null, "length_m": 135.16245633492099, "sampling_status": "mapped", "sampling_method": "road_line_intersected_raster_cells_all_touched", "sampled_intervals": 6, "scenario_peak_max_depth_m": 0.064948394894599915, "scenario_peak_mean_depth_m": 0.03222709296581646, "scenario_peak_p90_depth_m": 0.064639784395694733, "scenario_peak_interval": "090_120", "scenario_max_fraction_gt_0_02m": 0.5, "scenario_max_fraction_gt_0_10m": 0.0, "scenario_max_fraction_gt_0_30m": 0.0, "flood_risk": "low", "flood_risk_rank": 1, "risk_policy": "prototype_depth_band_v1" }, "geometry": { "type": "LineString", "coordinates": [ [ 377280.869936132454313, 2045868.295094162458554 ], [ 377292.168438204796985, 2045865.201201875228435 ], [ 377415.604950656299479, 2045866.88580128015019 ] ] } },
{ "type": "Feature", "properties": { "edge_id": "RN_ROAD_00049", "road_id": "RN_ROAD_00049", "source_road_id": "RN_ROAD_00049", "road_class": "residential", "name": null, "length_m": 104.09119651047976, "sampling_status": "mapped", "sampling_method": "road_line_intersected_raster_cells_all_touched", "sampled_intervals": 6, "scenario_peak_max_depth_m": 0.018796423450112343, "scenario_peak_mean_depth_m": 0.012340263347141445, "scenario_peak_p90_depth_m": 0.017691805679351091, "scenario_peak_interval": "090_120", "scenario_max_fraction_gt_0_02m": 0.0, "scenario_max_fraction_gt_0_10m": 0.0, "scenario_max_fraction_gt_0_30m": 0.0, "flood_risk": "minimal", "flood_risk_rank": 0, "risk_policy": "prototype_depth_band_v1" }, "geometry": { "type": "LineString", "coordinates": [ [ 377493.444665800954681, 2045892.225536871235818 ], [ 377528.253634350607172, 2045892.001831124071032 ], [ 377597.533642030844931, 2045891.54571413458325 ] ] } },
{ "type": "Feature", "properties": { "edge_id": "RN_ROAD_00051", "road_id": "RN_ROAD_00051", "source_road_id": "RN_ROAD_00051", "road_class": "residential", "name": null, "length_m": 40.485721368866727, "sampling_status": "mapped", "sampling_method": "road_line_intersected_raster_cells_all_touched", "sampled_intervals": 6, "scenario_peak_max_depth_m": 0.015114364214241505, "scenario_peak_mean_depth_m": 0.010661759879440069, "scenario_peak_p90_depth_m": 0.014306214451789857, "scenario_peak_interval": "090_120", "scenario_max_fraction_gt_0_02m": 0.0, "scenario_max_fraction_gt_0_10m": 0.0, "scenario_max_fraction_gt_0_30m": 0.0, "flood_risk": "minimal", "flood_risk_rank": 0, "risk_policy": "prototype_depth_band_v1" }, "geometry": { "type": "LineString", "coordinates": [ [ 377452.970795349334367, 2045893.205049721058458 ], [ 377493.444665800954681, 2045892.225536871235818 ] ] } },
{ "type": "Feature", "properties": { "edge_id": "RN_ROAD_00052", "road_id": "RN_ROAD_00052", "source_road_id": "RN_ROAD_00052", "road_class": "residential", "name": null, "length_m": 35.95601353641846, "sampling_status": "mapped", "sampling_method": "road_line_intersected_raster_cells_all_touched", "sampled_intervals": 6, "scenario_peak_max_depth_m": 0.017837349325418472, "scenario_peak_mean_depth_m": 0.016475856769829988, "scenario_peak_p90_depth_m": 0.017565050814300775, "scenario_peak_interval": "090_120", "scenario_max_fraction_gt_0_02m": 0.0, "scenario_max_fraction_gt_0_10m": 0.0, "scenario_max_fraction_gt_0_30m": 0.0, "flood_risk": "minimal", "flood_risk_rank": 0, "risk_policy": "prototype_depth_band_v1" }, "geometry": { "type": "LineString", "coordinates": [ [ 377494.034725261677522, 2045928.176708469167352 ], [ 377493.444665800954681, 2045892.225536871235818 ] ] } },
{ "type": "Feature", "properties": { "edge_id": "RN_ROAD_00054", "road_id": "RN_ROAD_00054", "source_road_id": "RN_ROAD_00054", "road_class": "tertiary", "name": [ "Dattawadi Road" ], "length_m": 74.647781669606104, "sampling_status": "mapped", "sampling_method": "road_line_intersected_raster_cells_all_touched", "sampled_intervals": 6, "scenario_peak_max_depth_m": 0.045559149235486984, "scenario_peak_mean_depth_m": 0.025979834298292797, "scenario_peak_p90_depth_m": 0.040708667039871214, "scenario_peak_interval": "090_120", "scenario_max_fraction_gt_0_02m": 0.66666666666666663, "scenario_max_fraction_gt_0_10m": 0.0, "scenario_max_fraction_gt_0_30m": 0.0, "flood_risk": "low", "flood_risk_rank": 1, "risk_policy": "prototype_depth_band_v1" }, "geometry": { "type": "LineString", "coordinates": [ [ 377452.970795349334367, 2045893.205049721058458 ], [ 377455.868225796613842, 2045967.796578764216974 ] ] } },
{ "type": "Feature", "properties": { "edge_id": "RN_ROAD_00053", "road_id": "RN_ROAD_00053", "source_road_id": "RN_ROAD_00053", "road_class": "residential", "name": null, "length_m": 34.973668968695499, "sampling_status": "mapped", "sampling_method": "road_line_intersected_raster_cells_all_touched", "sampled_intervals": 6, "scenario_peak_max_depth_m": 0.035323049873113632, "scenario_peak_mean_depth_m": 0.035160470753908157, "scenario_peak_p90_depth_m": 0.035290534049272536, "scenario_peak_interval": "090_120", "scenario_max_fraction_gt_0_02m": 1.0, "scenario_max_fraction_gt_0_10m": 0.0, "scenario_max_fraction_gt_0_30m": 0.0, "flood_risk": "low", "flood_risk_rank": 1, "risk_policy": "prototype_depth_band_v1" }, "geometry": { "type": "LineString", "coordinates": [ [ 377410.643907849211246, 2045942.601325186900795 ], [ 377413.386503070069011, 2045907.735357645666227 ] ] } },
{ "type": "Feature", "properties": { "edge_id": "RN_ROAD_00237", "road_id": "RN_ROAD_00237", "source_road_id": "RN_ROAD_00237", "road_class": "residential", "name": null, "length_m": 74.850306961398786, "sampling_status": "mapped", "sampling_method": "road_line_intersected_raster_cells_all_touched", "sampled_intervals": 6, "scenario_peak_max_depth_m": 0.046832647174596786, "scenario_peak_mean_depth_m": 0.035087965428829193, "scenario_peak_p90_depth_m": 0.043699507415294651, "scenario_peak_interval": "090_120", "scenario_max_fraction_gt_0_02m": 1.0, "scenario_max_fraction_gt_0_10m": 0.0, "scenario_max_fraction_gt_0_30m": 0.0, "flood_risk": "low", "flood_risk_rank": 1, "risk_policy": "prototype_depth_band_v1" }, "geometry": { "type": "LineString", "coordinates": [ [ 377413.386503070069011, 2045907.735357645666227 ], [ 377338.594328130013309, 2045904.785947543336079 ] ] } },
{ "type": "Feature", "properties": { "edge_id": "RN_ROAD_00047", "road_id": "RN_ROAD_00047", "source_road_id": "RN_ROAD_00047", "road_class": "residential", "name": null, "length_m": 271.48317612441605, "sampling_status": "mapped", "sampling_method": "road_line_intersected_raster_cells_all_touched", "sampled_intervals": 6, "scenario_peak_max_depth_m": 0.072455748915672302, "scenario_peak_mean_depth_m": 0.011442099118721672, "scenario_peak_p90_depth_m": 0.023025045730173568, "scenario_peak_interval": "090_120", "scenario_max_fraction_gt_0_02m": 0.1, "scenario_max_fraction_gt_0_10m": 0.0, "scenario_max_fraction_gt_0_30m": 0.0, "flood_risk": "low", "flood_risk_rank": 1, "risk_policy": "prototype_depth_band_v1" }, "geometry": { "type": "LineString", "coordinates": [ [ 377683.463260189804714, 2045818.597254227148369 ], [ 377683.471237222198397, 2045821.485549872275442 ], [ 377698.429514825402293, 2045821.057568954769522 ], [ 377700.932757693750318, 2045924.867061753990129 ], [ 377672.004415390314534, 2045926.679481651633978 ], [ 377670.195223459159024, 2045819.169329115888104 ], [ 377683.463260189804714, 2045818.597254227148369 ] ] } },
{ "type": "Feature", "properties": { "edge_id": "RN_ROAD_00046", "road_id": "RN_ROAD_00046", "source_road_id": "RN_ROAD_00046", "road_class": "tertiary", "name": null, "length_m": 38.722422765766318, "sampling_status": "mapped", "sampling_method": "road_line_intersected_raster_cells_all_touched", "sampled_intervals": 6, "scenario_peak_max_depth_m": 0.014744923450052738, "scenario_peak_mean_depth_m": 0.0074421417278548079, "scenario_peak_p90_depth_m": 0.012700019869953394, "scenario_peak_interval": "090_120", "scenario_max_fraction_gt_0_02m": 0.0, "scenario_max_fraction_gt_0_10m": 0.0, "scenario_max_fraction_gt_0_30m": 0.0, "flood_risk": "minimal", "flood_risk_rank": 0, "risk_policy": "prototype_depth_band_v1" }, "geometry": { "type": "LineString", "coordinates": [ [ 377597.533642030844931, 2045891.54571413458325 ], [ 377596.29261884308653, 2045852.843183386605233 ] ] } },
{ "type": "Feature", "properties": { "edge_id": "RN_ROAD_00048", "road_id": "RN_ROAD_00048", "source_road_id": "RN_ROAD_00048", "road_class": "residential", "name": null, "length_m": 25.878026259087473, "sampling_status": "mapped", "sampling_method": "road_line_intersected_raster_cells_all_touched", "sampled_intervals": 6, "scenario_peak_max_depth_m": 0.0029153309296816587, "scenario_peak_mean_depth_m": 0.0015876696270424873, "scenario_peak_p90_depth_m": 0.0026497986691538244, "scenario_peak_interval": "090_120", "scenario_max_fraction_gt_0_02m": 0.0, "scenario_max_fraction_gt_0_10m": 0.0, "scenario_max_fraction_gt_0_30m": 0.0, "flood_risk": "minimal", "flood_risk_rank": 0, "risk_policy": "prototype_depth_band_v1" }, "geometry": { "type": "LineString", "coordinates": [ [ 377659.79801748553291, 2045885.380318455863744 ], [ 377633.921847798745148, 2045885.690294917207211 ] ] } },
{ "type": "Feature", "properties": { "edge_id": "RN_ROAD_00050", "road_id": "RN_ROAD_00050", "source_road_id": "RN_ROAD_00050", "road_class": "residential", "name": null, "length_m": 32.814390848255186, "sampling_status": "mapped", "sampling_method": "road_line_intersected_raster_cells_all_touched", "sampled_intervals": 6, "scenario_peak_max_depth_m": 0.0029153309296816587, "scenario_peak_mean_depth_m": 0.0014869618074347575, "scenario_peak_p90_depth_m": 0.0026413756422698498, "scenario_peak_interval": "090_120", "scenario_max_fraction_gt_0_02m": 0.0, "scenario_max_fraction_gt_0_10m": 0.0, "scenario_max_fraction_gt_0_30m": 0.0, "flood_risk": "minimal", "flood_risk_rank": 0, "risk_policy": "prototype_depth_band_v1" }, "geometry": { "type": "LineString", "coordinates": [ [ 377633.921847798745148, 2045885.690294917207211 ], [ 377634.57592612633016, 2045918.498166355071589 ] ] } },
{ "type": "Feature", "properties": { "edge_id": "RN_ROAD_00061", "road_id": "RN_ROAD_00061", "source_road_id": "RN_ROAD_00061", "road_class": "tertiary", "name": null, "length_m": 36.248429362212221, "sampling_status": "mapped", "sampling_method": "road_line_intersected_raster_cells_all_touched", "sampled_intervals": 6, "scenario_peak_max_depth_m": 0.0045204055495560169, "scenario_peak_mean_depth_m": 0.0035483492538332939, "scenario_peak_p90_depth_m": 0.0043259942904114723, "scenario_peak_interval": "090_120", "scenario_max_fraction_gt_0_02m": 0.0, "scenario_max_fraction_gt_0_10m": 0.0, "scenario_max_fraction_gt_0_30m": 0.0, "flood_risk": "minimal", "flood_risk_rank": 0, "risk_policy": "prototype_depth_band_v1" }, "geometry": { "type": "LineString", "coordinates": [ [ 377598.452642892429139, 2045927.78249198035337 ], [ 377597.533642030844931, 2045891.54571413458325 ] ] } },
{ "type": "Feature", "properties": { "edge_id": "RN_ROAD_00062", "road_id": "RN_ROAD_00062", "source_road_id": "RN_ROAD_00062", "road_class": "residential", "name": null, "length_m": 34.038893017001897, "sampling_status": "mapped", "sampling_method": "road_line_intersected_raster_cells_all_touched", "sampled_intervals": 6, "scenario_peak_max_depth_m": 0.0, "scenario_peak_mean_depth_m": 0.0, "scenario_peak_p90_depth_m": 0.0, "scenario_peak_interval": "000_030", "scenario_max_fraction_gt_0_02m": 0.0, "scenario_max_fraction_gt_0_10m": 0.0, "scenario_max_fraction_gt_0_30m": 0.0, "flood_risk": "minimal", "flood_risk_rank": 0, "risk_policy": "prototype_depth_band_v1" }, "geometry": { "type": "LineString", "coordinates": [ [ 377668.614044985501096, 2045918.268596427049488 ], [ 377634.57592612633016, 2045918.498166355071589 ] ] } },
{ "type": "Feature", "properties": { "edge_id": "RN_ROAD_00064", "road_id": "RN_ROAD_00064", "source_road_id": "RN_ROAD_00064", "road_class": "residential", "name": null, "length_m": 21.492524537581243, "sampling_status": "mapped", "sampling_method": "road_line_intersected_raster_cells_all_touched", "sampled_intervals": 6, "scenario_peak_max_depth_m": 0.0, "scenario_peak_mean_depth_m": 0.0, "scenario_peak_p90_depth_m": 0.0, "scenario_peak_interval": "000_030", "scenario_max_fraction_gt_0_02m": 0.0, "scenario_max_fraction_gt_0_10m": 0.0, "scenario_max_fraction_gt_0_30m": 0.0, "flood_risk": "minimal", "flood_risk_rank": 0, "risk_policy": "prototype_depth_band_v1" }, "geometry": { "type": "LineString", "coordinates": [ [ 377634.57592612633016, 2045918.498166355071589 ], [ 377634.998958596843295, 2045939.986527263419703 ] ] } },
{ "type": "Feature", "properties": { "edge_id": "RN_ROAD_00055", "road_id": "RN_ROAD_00055", "source_road_id": "RN_ROAD_00055", "road_class": "residential", "name": null, "length_m": 39.211691061025498, "sampling_status": "mapped", "sampling_method": "road_line_intersected_raster_cells_all_touched", "sampled_intervals": 6, "scenario_peak_max_depth_m": 0.017837349325418472, "scenario_peak_mean_depth_m": 0.014859579969197512, "scenario_peak_p90_depth_m": 0.017241795454174279, "scenario_peak_interval": "090_120", "scenario_max_fraction_gt_0_02m": 0.0, "scenario_max_fraction_gt_0_10m": 0.0, "scenario_max_fraction_gt_0_30m": 0.0, "flood_risk": "minimal", "flood_risk_rank": 0, "risk_policy": "prototype_depth_band_v1" }, "geometry": { "type": "LineString", "coordinates": [ [ 377494.84629629610572, 2045967.380000018747523 ], [ 377494.034725261677522, 2045928.176708469167352 ] ] } },
{ "type": "Feature", "properties": { "edge_id": "RN_ROAD_00063", "road_id": "RN_ROAD_00063", "source_road_id": "RN_ROAD_00063", "road_class": "residential", "name": null, "length_m": 104.41866178505872, "sampling_status": "mapped", "sampling_method": "road_line_intersected_raster_cells_all_touched", "sampled_intervals": 6, "scenario_peak_max_depth_m": 0.017837349325418472, "scenario_peak_mean_depth_m": 0.0093625109293498099, "scenario_peak_p90_depth_m": 0.016524872649461033, "scenario_peak_interval": "090_120", "scenario_max_fraction_gt_0_02m": 0.0, "scenario_max_fraction_gt_0_10m": 0.0, "scenario_max_fraction_gt_0_30m": 0.0, "flood_risk": "minimal", "flood_risk_rank": 0, "risk_policy": "prototype_depth_band_v1" }, "geometry": { "type": "LineString", "coordinates": [ [ 377598.452642892429139, 2045927.78249198035337 ], [ 377494.034725261677522, 2045928.176708469167352 ] ] } },
{ "type": "Feature", "properties": { "edge_id": "RN_ROAD_00056", "road_id": "RN_ROAD_00056", "source_road_id": "RN_ROAD_00056", "road_class": "residential", "name": null, "length_m": 25.120377643736735, "sampling_status": "mapped", "sampling_method": "road_line_intersected_raster_cells_all_touched", "sampled_intervals": 6, "scenario_peak_max_depth_m": 0.034997891634702682, "scenario_peak_mean_depth_m": 0.023088308516889811, "scenario_peak_p90_depth_m": 0.032615975011140108, "scenario_peak_interval": "090_120", "scenario_max_fraction_gt_0_02m": 0.5, "scenario_max_fraction_gt_0_10m": 0.0, "scenario_max_fraction_gt_0_30m": 0.0, "flood_risk": "low", "flood_risk_rank": 1, "risk_policy": "prototype_depth_band_v1" }, "geometry": { "type": "LineString", "coordinates": [ [ 377410.805482146912254, 2045967.72118320222944 ], [ 377410.643907849211246, 2045942.601325186900795 ] ] } },
{ "type": "Feature", "properties": { "edge_id": "RN_ROAD_00241", "road_id": "RN_ROAD_00241", "source_road_id": "RN_ROAD_00241", "road_class": "residential", "name": null, "length_m": 61.684496229868188, "sampling_status": "mapped", "sampling_method": "road_line_intersected_raster_cells_all_touched", "sampled_intervals": 6, "scenario_peak_max_depth_m": 0.034997891634702682, "scenario_peak_mean_depth_m": 0.029153073206543922, "scenario_peak_p90_depth_m": 0.034760487079620359, "scenario_peak_interval": "090_120", "scenario_max_fraction_gt_0_02m": 0.66666666666666663, "scenario_max_fraction_gt_0_10m": 0.0, "scenario_max_fraction_gt_0_30m": 0.0, "flood_risk": "low", "flood_risk_rank": 1, "risk_policy": "prototype_depth_band_v1" }, "geometry": { "type": "LineString", "coordinates": [ [ 377410.643907849211246, 2045942.601325186900795 ], [ 377348.960568591253832, 2045942.223524815868586 ] ] } },
{ "type": "Feature", "properties": { "edge_id": "RN_ROAD_00058", "road_id": "RN_ROAD_00058", "source_road_id": "RN_ROAD_00058", "road_class": "residential", "name": null, "length_m": 45.062806722722989, "sampling_status": "mapped", "sampling_method": "road_line_intersected_raster_cells_all_touched", "sampled_intervals": 6, "scenario_peak_max_depth_m": 0.021306738257408142, "scenario_peak_mean_depth_m": 0.01624273182824254, "scenario_peak_p90_depth_m": 0.02029393697157502, "scenario_peak_interval": "090_120", "scenario_max_fraction_gt_0_02m": 0.5, "scenario_max_fraction_gt_0_10m": 0.0, "scenario_max_fraction_gt_0_30m": 0.0, "flood_risk": "low", "flood_risk_rank": 1, "risk_policy": "prototype_depth_band_v1" }, "geometry": { "type": "LineString", "coordinates": [ [ 377455.868225796613842, 2045967.796578764216974 ], [ 377410.805482146912254, 2045967.72118320222944 ] ] } },
{ "type": "Feature", "properties": { "edge_id": "RN_ROAD_00059", "road_id": "RN_ROAD_00059", "source_road_id": "RN_ROAD_00059", "road_class": "residential", "name": null, "length_m": 38.98029653189591, "sampling_status": "mapped", "sampling_method": "road_line_intersected_raster_cells_all_touched", "sampled_intervals": 6, "scenario_peak_max_depth_m": 0.027071312069892883, "scenario_peak_mean_depth_m": 0.020086620313425858, "scenario_peak_p90_depth_m": 0.025918397307395934, "scenario_peak_interval": "090_120", "scenario_max_fraction_gt_0_02m": 0.66666666666666663, "scenario_max_fraction_gt_0_10m": 0.0, "scenario_max_fraction_gt_0_30m": 0.0, "flood_risk": "low", "flood_risk_rank": 1, "risk_policy": "prototype_depth_band_v1" }, "geometry": { "type": "LineString", "coordinates": [ [ 377494.84629629610572, 2045967.380000018747523 ], [ 377455.868225796613842, 2045967.796578764216974 ] ] } },
{ "type": "Feature", "properties": { "edge_id": "RN_ROAD_00060", "road_id": "RN_ROAD_00060", "source_road_id": "RN_ROAD_00060", "road_class": "tertiary", "name": [ "Dattawadi Road" ], "length_m": 36.979831020562983, "sampling_status": "mapped", "sampling_method": "road_line_intersected_raster_cells_all_touched", "sampled_intervals": 6, "scenario_peak_max_depth_m": 0.021306738257408142, "scenario_peak_mean_depth_m": 0.014580626972019672, "scenario_peak_p90_depth_m": 0.01996151600033045, "scenario_peak_interval": "090_120", "scenario_max_fraction_gt_0_02m": 0.5, "scenario_max_fraction_gt_0_10m": 0.0, "scenario_max_fraction_gt_0_30m": 0.0, "flood_risk": "low", "flood_risk_rank": 1, "risk_policy": "prototype_depth_band_v1" }, "geometry": { "type": "LineString", "coordinates": [ [ 377455.868225796613842, 2045967.796578764216974 ], [ 377457.277782527497038, 2046004.749536049552262 ] ] } },
{ "type": "Feature", "properties": { "edge_id": "RN_ROAD_00057", "road_id": "RN_ROAD_00057", "source_road_id": "RN_ROAD_00057", "road_class": "residential", "name": null, "length_m": 28.855080650982604, "sampling_status": "mapped", "sampling_method": "road_line_intersected_raster_cells_all_touched", "sampled_intervals": 6, "scenario_peak_max_depth_m": 0.011881810612976551, "scenario_peak_mean_depth_m": 0.0081656379625201225, "scenario_peak_p90_depth_m": 0.011138576082885265, "scenario_peak_interval": "090_120", "scenario_max_fraction_gt_0_02m": 0.0, "scenario_max_fraction_gt_0_10m": 0.0, "scenario_max_fraction_gt_0_30m": 0.0, "flood_risk": "minimal", "flood_risk_rank": 0, "risk_policy": "prototype_depth_band_v1" }, "geometry": { "type": "LineString", "coordinates": [ [ 377523.699857604806311, 2045967.083893315400928 ], [ 377494.84629629610572, 2045967.380000018747523 ] ] } },
{ "type": "Feature", "properties": { "edge_id": "RN_ROAD_00244", "road_id": "RN_ROAD_00244", "source_road_id": "RN_ROAD_00244", "road_class": "residential", "name": null, "length_m": 33.110798205839764, "sampling_status": "mapped", "sampling_method": "road_line_intersected_raster_cells_all_touched", "sampled_intervals": 6, "scenario_peak_max_depth_m": 0.011365696787834167, "scenario_peak_mean_depth_m": 0.011272211093455553, "scenario_peak_p90_depth_m": 0.011346999648958444, "scenario_peak_interval": "090_120", "scenario_max_fraction_gt_0_02m": 0.0, "scenario_max_fraction_gt_0_10m": 0.0, "scenario_max_fraction_gt_0_30m": 0.0, "flood_risk": "minimal", "flood_risk_rank": 0, "risk_policy": "prototype_depth_band_v1" }, "geometry": { "type": "LineString", "coordinates": [ [ 377377.694725709618069, 2045967.668590635992587 ], [ 377410.805482146912254, 2045967.72118320222944 ] ] } },
{ "type": "Feature", "properties": { "edge_id": "RN_ROAD_00066", "road_id": "RN_ROAD_00066", "source_road_id": "RN_ROAD_00066", "road_class": "residential", "name": null, "length_m": 75.869898442925574, "sampling_status": "mapped", "sampling_method": "road_line_intersected_raster_cells_all_touched", "sampled_intervals": 6, "scenario_peak_max_depth_m": 0.004449465312063694, "scenario_peak_mean_depth_m": 0.0014831551040212314, "scenario_peak_p90_depth_m": 0.0035595722496509553, "scenario_peak_interval": "090_120", "scenario_max_fraction_gt_0_02m": 0.0, "scenario_max_fraction_gt_0_10m": 0.0, "scenario_max_fraction_gt_0_30m": 0.0, "flood_risk": "minimal", "flood_risk_rank": 0, "risk_policy": "prototype_depth_band_v1" }, "geometry": { "type": "LineString", "coordinates": [ [ 377523.699857604806311, 2045967.083893315400928 ], [ 377599.565908809425309, 2045966.319848579820246 ] ] } },
{ "type": "Feature", "properties": { "edge_id": "RN_ROAD_00071", "road_id": "RN_ROAD_00071", "source_road_id": "RN_ROAD_00071", "road_class": "residential", "name": null, "length_m": 40.63568578815476, "sampling_status": "mapped", "sampling_method": "road_line_intersected_raster_cells_all_touched", "sampled_intervals": 6, "scenario_peak_max_depth_m": 0.004449465312063694, "scenario_peak_mean_depth_m": 0.0025575770608459911, "scenario_peak_p90_depth_m": 0.0040660714730620384, "scenario_peak_interval": "090_120", "scenario_max_fraction_gt_0_02m": 0.0, "scenario_max_fraction_gt_0_10m": 0.0, "scenario_max_fraction_gt_0_30m": 0.0, "flood_risk": "minimal", "flood_risk_rank": 0, "risk_policy": "prototype_depth_band_v1" }, "geometry": { "type": "LineString", "coordinates": [ [ 377523.699857604806311, 2045967.083893315400928 ], [ 377524.151025560102426, 2046007.717074423329905 ] ] } },
{ "type": "Feature", "properties": { "edge_id": "RN_ROAD_00072", "road_id": "RN_ROAD_00072", "source_road_id": "RN_ROAD_00072", "road_class": "tertiary", "name": null, "length_m": 38.410056230253225, "sampling_status": "mapped", "sampling_method": "road_line_intersected_raster_cells_all_touched", "sampled_intervals": 6, "scenario_peak_max_depth_m": 0.0078545156866312027, "scenario_peak_mean_depth_m": 0.006966303801164031, "scenario_peak_p90_depth_m": 0.0076768733095377685, "scenario_peak_interval": "090_120", "scenario_max_fraction_gt_0_02m": 0.0, "scenario_max_fraction_gt_0_10m": 0.0, "scenario_max_fraction_gt_0_30m": 0.0, "flood_risk": "minimal", "flood_risk_rank": 0, "risk_policy": "prototype_depth_band_v1" }, "geometry": { "type": "LineString", "coordinates": [ [ 377457.277782527497038, 2046004.749536049552262 ], [ 377418.867836665245704, 2046004.841614658012986 ] ] } },
{ "type": "Feature", "properties": { "edge_id": "RN_ROAD_00073", "road_id": "RN_ROAD_00073", "source_road_id": "RN_ROAD_00073", "road_class": "tertiary", "name": null, "length_m": 40.09538264547372, "sampling_status": "mapped", "sampling_method": "road_line_intersected_raster_cells_all_touched", "sampled_intervals": 6, "scenario_peak_max_depth_m": 0.0078545156866312027, "scenario_peak_mean_depth_m": 0.0045660947071155533, "scenario_peak_p90_depth_m": 0.007589040556922555, "scenario_peak_interval": "090_120", "scenario_max_fraction_gt_0_02m": 0.0, "scenario_max_fraction_gt_0_10m": 0.0, "scenario_max_fraction_gt_0_30m": 0.0, "flood_risk": "minimal", "flood_risk_rank": 0, "risk_policy": "prototype_depth_band_v1" }, "geometry": { "type": "LineString", "coordinates": [ [ 377497.24999023770215, 2046007.889969181967899 ], [ 377457.277782527497038, 2046004.749536049552262 ] ] } },
{ "type": "Feature", "properties": { "edge_id": "RN_ROAD_00080", "road_id": "RN_ROAD_00080", "source_road_id": "RN_ROAD_00080", "road_class": "tertiary", "name": [ "Dattawadi Road" ], "length_m": 126.01139667967246, "sampling_status": "mapped", "sampling_method": "road_line_intersected_raster_cells_all_touched", "sampled_intervals": 6, "scenario_peak_max_depth_m": 0.0078545156866312027, "scenario_peak_mean_depth_m": 0.0031397318622718253, "scenario_peak_p90_depth_m": 0.0072465292178094387, "scenario_peak_interval": "090_120", "scenario_max_fraction_gt_0_02m": 0.0, "scenario_max_fraction_gt_0_10m": 0.0, "scenario_max_fraction_gt_0_30m": 0.0, "flood_risk": "minimal", "flood_risk_rank": 0, "risk_policy": "prototype_depth_band_v1" }, "geometry": { "type": "LineString", "coordinates": [ [ 377460.452793962787837, 2046130.720927228452638 ], [ 377457.277782527497038, 2046004.749536049552262 ] ] } },
{ "type": "Feature", "properties": { "edge_id": "RN_ROAD_00065", "road_id": "RN_ROAD_00065", "source_road_id": "RN_ROAD_00065", "road_class": "tertiary", "name": null, "length_m": 38.553434165672869, "sampling_status": "mapped", "sampling_method": "road_line_intersected_raster_cells_all_touched", "sampled_intervals": 6, "scenario_peak_max_depth_m": 0.0025762929581105709, "scenario_peak_mean_depth_m": 0.0012881464790552855, "scenario_peak_p90_depth_m": 0.0023186636622995137, "scenario_peak_interval": "090_120", "scenario_max_fraction_gt_0_02m": 0.0, "scenario_max_fraction_gt_0_10m": 0.0, "scenario_max_fraction_gt_0_30m": 0.0, "flood_risk": "minimal", "flood_risk_rank": 0, "risk_policy": "prototype_depth_band_v1" }, "geometry": { "type": "LineString", "coordinates": [ [ 377599.565908809425309, 2045966.319848579820246 ], [ 377599.429345530050341, 2045961.495745729887858 ], [ 377598.452642892429139, 2045927.78249198035337 ] ] } },
{ "type": "Feature", "properties": { "edge_id": "RN_ROAD_00067", "road_id": "RN_ROAD_00067", "source_road_id": "RN_ROAD_00067", "road_class": "tertiary", "name": null, "length_m": 40.745183047054432, "sampling_status": "mapped", "sampling_method": "road_line_intersected_raster_cells_all_touched", "sampled_intervals": 6, "scenario_peak_max_depth_m": 7.859007382648997e-06, "scenario_peak_mean_depth_m": 2.6196691275496655e-06, "scenario_peak_p90_depth_m": 6.2872059061191976e-06, "scenario_peak_interval": "030_060", "scenario_max_fraction_gt_0_02m": 0.0, "scenario_max_fraction_gt_0_10m": 0.0, "scenario_max_fraction_gt_0_30m": 0.0, "flood_risk": "minimal", "flood_risk_rank": 0, "risk_policy": "prototype_depth_band_v1" }, "geometry": { "type": "LineString", "coordinates": [ [ 377599.565908809425309, 2045966.319848579820246 ], [ 377600.746036046184599, 2046007.047937673749402 ] ] } },
{ "type": "Feature", "properties": { "edge_id": "RN_ROAD_00069", "road_id": "RN_ROAD_00069", "source_road_id": "RN_ROAD_00069", "road_class": "tertiary", "name": null, "length_m": 26.62863146932078, "sampling_status": "mapped", "sampling_method": "road_line_intersected_raster_cells_all_touched", "sampled_intervals": 6, "scenario_peak_max_depth_m": 7.859007382648997e-06, "scenario_peak_mean_depth_m": 2.6196691275496655e-06, "scenario_peak_p90_depth_m": 6.2872059061191976e-06, "scenario_peak_interval": "030_060", "scenario_max_fraction_gt_0_02m": 0.0, "scenario_max_fraction_gt_0_10m": 0.0, "scenario_max_fraction_gt_0_30m": 0.0, "flood_risk": "minimal", "flood_risk_rank": 0, "risk_policy": "prototype_depth_band_v1" }, "geometry": { "type": "LineString", "coordinates": [ [ 377627.370716440724209, 2046006.589235354680568 ], [ 377600.746036046184599, 2046007.047937673749402 ] ] } },
{ "type": "Feature", "properties": { "edge_id": "RN_ROAD_00070", "road_id": "RN_ROAD_00070", "source_road_id": "RN_ROAD_00070", "road_class": "tertiary", "name": null, "length_m": 24.938363724921295, "sampling_status": "mapped", "sampling_method": "road_line_intersected_raster_cells_all_touched", "sampled_intervals": 6, "scenario_peak_max_depth_m": 7.859007382648997e-06, "scenario_peak_mean_depth_m": 3.9295036913244985e-06, "scenario_peak_p90_depth_m": 7.0731066443840973e-06, "scenario_peak_interval": "030_060", "scenario_max_fraction_gt_0_02m": 0.0, "scenario_max_fraction_gt_0_10m": 0.0, "scenario_max_fraction_gt_0_30m": 0.0, "flood_risk": "minimal", "flood_risk_rank": 0, "risk_policy": "prototype_depth_band_v1" }, "geometry": { "type": "LineString", "coordinates": [ [ 377575.809805308294017, 2046007.374100000131875 ], [ 377600.746036046184599, 2046007.047937673749402 ] ] } },
{ "type": "Feature", "properties": { "edge_id": "RN_ROAD_00068", "road_id": "RN_ROAD_00068", "source_road_id": "RN_ROAD_00068", "road_class": "tertiary", "name": null, "length_m": 130.87283489357, "sampling_status": "mapped", "sampling_method": "road_line_intersected_raster_cells_all_touched", "sampled_intervals": 6, "scenario_peak_max_depth_m": 2.5054961952264421e-05, "scenario_peak_mean_depth_m": 1.1951209489780013e-05, "scenario_peak_p90_depth_m": 2.4364109776797704e-05, "scenario_peak_interval": "090_120", "scenario_max_fraction_gt_0_02m": 0.0, "scenario_max_fraction_gt_0_10m": 0.0, "scenario_max_fraction_gt_0_30m": 0.0, "flood_risk": "minimal", "flood_risk_rank": 0, "risk_policy": "prototype_depth_band_v1" }, "geometry": { "type": "LineString", "coordinates": [ [ 377758.22448026726488, 2046004.355105885770172 ], [ 377710.126861451310106, 2046005.172725470969453 ], [ 377669.936460750410333, 2046005.862245605094358 ], [ 377627.370716440724209, 2046006.589235354680568 ] ] } },
{ "type": "Feature", "properties": { "edge_id": "RN_ROAD_00082", "road_id": "RN_ROAD_00082", "source_road_id": "RN_ROAD_00082", "road_class": "tertiary", "name": null, "length_m": 11.181496939700613, "sampling_status": "mapped", "sampling_method": "road_line_intersected_raster_cells_all_touched", "sampled_intervals": 6, "scenario_peak_max_depth_m": 1.1373253983038012e-05, "scenario_peak_mean_depth_m": 1.1034302588086575e-05, "scenario_peak_p90_depth_m": 1.1305463704047725e-05, "scenario_peak_interval": "090_120", "scenario_max_fraction_gt_0_02m": 0.0, "scenario_max_fraction_gt_0_10m": 0.0, "scenario_max_fraction_gt_0_30m": 0.0, "flood_risk": "minimal", "flood_risk_rank": 0, "risk_policy": "prototype_depth_band_v1" }, "geometry": { "type": "LineString", "coordinates": [ [ 377758.22448026726488, 2046004.355105885770172 ], [ 377769.404303894378245, 2046004.161669903667644 ] ] } },
{ "type": "Feature", "properties": { "edge_id": "RN_ROAD_00083", "road_id": "RN_ROAD_00083", "source_road_id": "RN_ROAD_00083", "road_class": "residential", "name": null, "length_m": 70.292225148415895, "sampling_status": "mapped", "sampling_method": "road_line_intersected_raster_cells_all_touched", "sampled_intervals": 6, "scenario_peak_max_depth_m": 0.0044963820837438107, "scenario_peak_mean_depth_m": 0.0013270730853491841, "scenario_peak_p90_depth_m": 0.0033633360581006863, "scenario_peak_interval": "090_120", "scenario_max_fraction_gt_0_02m": 0.0, "scenario_max_fraction_gt_0_10m": 0.0, "scenario_max_fraction_gt_0_30m": 0.0, "flood_risk": "minimal", "flood_risk_rank": 0, "risk_policy": "prototype_depth_band_v1" }, "geometry": { "type": "LineString", "coordinates": [ [ 377740.585290496121161, 2046072.372071338584647 ], [ 377746.085257445927709, 2046047.558977411128581 ], [ 377758.22448026726488, 2046004.355105885770172 ] ] } },
{ "type": "Feature", "properties": { "edge_id": "RN_ROAD_00296", "road_id": "RN_ROAD_00296", "source_road_id": "RN_ROAD_00296", "road_class": "residential", "name": null, "length_m": 72.780522686145957, "sampling_status": "mapped", "sampling_method": "road_line_intersected_raster_cells_all_touched", "sampled_intervals": 6, "scenario_peak_max_depth_m": 0.0010735492687672377, "scenario_peak_mean_depth_m": 0.00028087867735848704, "scenario_peak_p90_depth_m": 0.00076442617064458344, "scenario_peak_interval": "090_120", "scenario_max_fraction_gt_0_02m": 0.0, "scenario_max_fraction_gt_0_10m": 0.0, "scenario_max_fraction_gt_0_30m": 0.0, "flood_risk": "minimal", "flood_risk_rank": 0, "risk_policy": "prototype_depth_band_v1" }, "geometry": { "type": "LineString", "coordinates": [ [ 377626.697749451675918, 2046079.366646670969203 ], [ 377627.370716440724209, 2046006.589235354680568 ] ] } },
{ "type": "Feature", "properties": { "edge_id": "RN_ROAD_00294", "road_id": "RN_ROAD_00294", "source_road_id": "RN_ROAD_00294", "road_class": "tertiary", "name": null, "length_m": 51.659918278362944, "sampling_status": "mapped", "sampling_method": "road_line_intersected_raster_cells_all_touched", "sampled_intervals": 6, "scenario_peak_max_depth_m": 0.00069076975341886282, "scenario_peak_mean_depth_m": 0.00034538487670943141, "scenario_peak_p90_depth_m": 0.00062169277807697652, "scenario_peak_interval": "090_120", "scenario_max_fraction_gt_0_02m": 0.0, "scenario_max_fraction_gt_0_10m": 0.0, "scenario_max_fraction_gt_0_30m": 0.0, "flood_risk": "minimal", "flood_risk_rank": 0, "risk_policy": "prototype_depth_band_v1" }, "geometry": { "type": "LineString", "coordinates": [ [ 377524.151025560102426, 2046007.717074423329905 ], [ 377575.809805308294017, 2046007.374100000131875 ] ] } },
{ "type": "Feature", "properties": { "edge_id": "RN_ROAD_00295", "road_id": "RN_ROAD_00295", "source_road_id": "RN_ROAD_00295", "road_class": "residential", "name": null, "length_m": 40.369648162192078, "sampling_status": "mapped", "sampling_method": "road_line_intersected_raster_cells_all_touched", "sampled_intervals": 6, "scenario_peak_max_depth_m": 8.7782420450821519e-05, "scenario_peak_mean_depth_m": 4.3891210225410759e-05, "scenario_peak_p90_depth_m": 7.9004178405739364e-05, "scenario_peak_interval": "090_120", "scenario_max_fraction_gt_0_02m": 0.0, "scenario_max_fraction_gt_0_10m": 0.0, "scenario_max_fraction_gt_0_30m": 0.0, "flood_risk": "minimal", "flood_risk_rank": 0, "risk_policy": "prototype_depth_band_v1" }, "geometry": { "type": "LineString", "coordinates": [ [ 377576.079680594441015, 2046047.742846080102026 ], [ 377575.809805308294017, 2046007.374100000131875 ] ] } },
{ "type": "Feature", "properties": { "edge_id": "RN_ROAD_00074", "road_id": "RN_ROAD_00074", "source_road_id": "RN_ROAD_00074", "road_class": "tertiary", "name": null, "length_m": 26.901590919768886, "sampling_status": "mapped", "sampling_method": "road_line_intersected_raster_cells_all_touched", "sampled_intervals": 6, "scenario_peak_max_depth_m": 0.00093494862085208297, "scenario_peak_mean_depth_m": 0.00081285918713547289, "scenario_peak_p90_depth_m": 0.00091053073410876097, "scenario_peak_interval": "090_120", "scenario_max_fraction_gt_0_02m": 0.0, "scenario_max_fraction_gt_0_10m": 0.0, "scenario_max_fraction_gt_0_30m": 0.0, "flood_risk": "minimal", "flood_risk_rank": 0, "risk_policy": "prototype_depth_band_v1" }, "geometry": { "type": "LineString", "coordinates": [ [ 377524.151025560102426, 2046007.717074423329905 ], [ 377497.24999023770215, 2046007.889969181967899 ] ] } },
{ "type": "Feature", "properties": { "edge_id": "RN_ROAD_00075", "road_id": "RN_ROAD_00075", "source_road_id": "RN_ROAD_00075", "road_class": "residential", "name": null, "length_m": 37.319899738673882, "sampling_status": "mapped", "sampling_method": "road_line_intersected_raster_cells_all_touched", "sampled_intervals": 6, "scenario_peak_max_depth_m": 0.0075034177862107754, "scenario_peak_mean_depth_m": 0.0063526870993276434, "scenario_peak_p90_depth_m": 0.0072183526121079918, "scenario_peak_interval": "090_120", "scenario_max_fraction_gt_0_02m": 0.0, "scenario_max_fraction_gt_0_10m": 0.0, "scenario_max_fraction_gt_0_30m": 0.0, "flood_risk": "minimal", "flood_risk_rank": 0, "risk_policy": "prototype_depth_band_v1" }, "geometry": { "type": "LineString", "coordinates": [ [ 377419.688514614128508, 2046042.152489804662764 ], [ 377418.867836665245704, 2046004.841614658012986 ] ] } },
{ "type": "Feature", "properties": { "edge_id": "RN_ROAD_00256", "road_id": "RN_ROAD_00256", "source_road_id": "RN_ROAD_00256", "road_class": "tertiary", "name": null, "length_m": 41.693740805285216, "sampling_status": "mapped", "sampling_method": "road_line_intersected_raster_cells_all_touched", "sampled_intervals": 6, "scenario_peak_max_depth_m": 0.0082673374563455582, "scenario_peak_mean_depth_m": 0.0071727146860212088, "scenario_peak_p90_depth_m": 0.008048412902280689, "scenario_peak_interval": "090_120", "scenario_max_fraction_gt_0_02m": 0.0, "scenario_max_fraction_gt_0_10m": 0.0, "scenario_max_fraction_gt_0_30m": 0.0, "flood_risk": "minimal", "flood_risk_rank": 0, "risk_policy": "prototype_depth_band_v1" }, "geometry": { "type": "LineString", "coordinates": [ [ 377377.174152983992826, 2046004.910632234998047 ], [ 377418.867836665245704, 2046004.841614658012986 ] ] } },
{ "type": "Feature", "properties": { "edge_id": "RN_ROAD_00076", "road_id": "RN_ROAD_00076", "source_road_id": "RN_ROAD_00076", "road_class": "residential", "name": null, "length_m": 40.454462561180449, "sampling_status": "mapped", "sampling_method": "road_line_intersected_raster_cells_all_touched", "sampled_intervals": 6, "scenario_peak_max_depth_m": 0.0025099765043705702, "scenario_peak_mean_depth_m": 0.0017224625626113266, "scenario_peak_p90_depth_m": 0.0023524737160187216, "scenario_peak_interval": "090_120", "scenario_max_fraction_gt_0_02m": 0.0, "scenario_max_fraction_gt_0_10m": 0.0, "scenario_max_fraction_gt_0_30m": 0.0, "flood_risk": "minimal", "flood_risk_rank": 0, "risk_policy": "prototype_depth_band_v1" }, "geometry": { "type": "LineString", "coordinates": [ [ 377498.280683189979754, 2046048.331299688667059 ], [ 377497.24999023770215, 2046007.889969181967899 ] ] } },
{ "type": "Feature", "properties": { "edge_id": "RN_ROAD_00078", "road_id": "RN_ROAD_00078", "source_road_id": "RN_ROAD_00078", "road_class": "residential", "name": null, "length_m": 36.19111684470716, "sampling_status": "mapped", "sampling_method": "road_line_intersected_raster_cells_all_touched", "sampled_intervals": 6, "scenario_peak_max_depth_m": 0.0054765515960752964, "scenario_peak_mean_depth_m": 0.0045006552245467901, "scenario_peak_p90_depth_m": 0.0052813723217695948, "scenario_peak_interval": "090_120", "scenario_max_fraction_gt_0_02m": 0.0, "scenario_max_fraction_gt_0_10m": 0.0, "scenario_max_fraction_gt_0_30m": 0.0, "flood_risk": "minimal", "flood_risk_rank": 0, "risk_policy": "prototype_depth_band_v1" }, "geometry": { "type": "LineString", "coordinates": [ [ 377420.491376789403148, 2046078.334700223524123 ], [ 377419.688514614128508, 2046042.152489804662764 ] ] } },
{ "type": "Feature", "properties": { "edge_id": "RN_ROAD_00257", "road_id": "RN_ROAD_00257", "source_road_id": "RN_ROAD_00257", "road_class": "residential", "name": null, "length_m": 105.88544834265709, "sampling_status": "mapped", "sampling_method": "road_line_intersected_raster_cells_all_touched", "sampled_intervals": 6, "scenario_peak_max_depth_m": 0.010596142150461674, "scenario_peak_mean_depth_m": 0.0082777008647099137, "scenario_peak_p90_depth_m": 0.010089642740786076, "scenario_peak_interval": "090_120", "scenario_max_fraction_gt_0_02m": 0.0, "scenario_max_fraction_gt_0_10m": 0.0, "scenario_max_fraction_gt_0_30m": 0.0, "flood_risk": "minimal", "flood_risk_rank": 0, "risk_policy": "prototype_depth_band_v1" }, "geometry": { "type": "LineString", "coordinates": [ [ 377419.688514614128508, 2046042.152489804662764 ], [ 377313.804214940988459, 2046042.645697118248791 ] ] } },
{ "type": "Feature", "properties": { "edge_id": "RN_ROAD_00077", "road_id": "RN_ROAD_00077", "source_road_id": "RN_ROAD_00077", "road_class": "residential", "name": null, "length_m": 77.80122283607632, "sampling_status": "mapped", "sampling_method": "road_line_intersected_raster_cells_all_touched", "sampled_intervals": 6, "scenario_peak_max_depth_m": 0.0025099765043705702, "scenario_peak_mean_depth_m": 0.00086591964160713053, "scenario_peak_p90_depth_m": 0.0020255376875866205, "scenario_peak_interval": "090_120", "scenario_max_fraction_gt_0_02m": 0.0, "scenario_max_fraction_gt_0_10m": 0.0, "scenario_max_fraction_gt_0_30m": 0.0, "flood_risk": "minimal", "flood_risk_rank": 0, "risk_policy": "prototype_depth_band_v1" }, "geometry": { "type": "LineString", "coordinates": [ [ 377498.280683189979754, 2046048.331299688667059 ], [ 377576.079680594441015, 2046047.742846080102026 ] ] } },
{ "type": "Feature", "properties": { "edge_id": "RN_ROAD_00079", "road_id": "RN_ROAD_00079", "source_road_id": "RN_ROAD_00079", "road_class": "residential", "name": null, "length_m": 37.931014123628856, "sampling_status": "mapped", "sampling_method": "road_line_intersected_raster_cells_all_touched", "sampled_intervals": 6, "scenario_peak_max_depth_m": 0.0025099765043705702, "scenario_peak_mean_depth_m": 0.0012549882521852851, "scenario_peak_p90_depth_m": 0.0022589788539335133, "scenario_peak_interval": "090_120", "scenario_max_fraction_gt_0_02m": 0.0, "scenario_max_fraction_gt_0_10m": 0.0, "scenario_max_fraction_gt_0_30m": 0.0, "flood_risk": "minimal", "flood_risk_rank": 0, "risk_policy": "prototype_depth_band_v1" }, "geometry": { "type": "LineString", "coordinates": [ [ 377499.252929175214376, 2046086.249851483153179 ], [ 377498.280683189979754, 2046048.331299688667059 ] ] } },
{ "type": "Feature", "properties": { "edge_id": "RN_ROAD_00297", "road_id": "RN_ROAD_00297", "source_road_id": "RN_ROAD_00297", "road_class": "residential", "name": null, "length_m": 37.670645354702565, "sampling_status": "mapped", "sampling_method": "road_line_intersected_raster_cells_all_touched", "sampled_intervals": 6, "scenario_peak_max_depth_m": 0.00022116614854894578, "scenario_peak_mean_depth_m": 0.00015447428449988365, "scenario_peak_p90_depth_m": 0.00020782777573913336, "scenario_peak_interval": "090_120", "scenario_max_fraction_gt_0_02m": 0.0, "scenario_max_fraction_gt_0_10m": 0.0, "scenario_max_fraction_gt_0_30m": 0.0, "flood_risk": "minimal", "flood_risk_rank": 0, "risk_policy": "prototype_depth_band_v1" }, "geometry": { "type": "LineString", "coordinates": [ [ 377576.026043417979963, 2046085.413453249260783 ], [ 377576.079680594441015, 2046047.742846080102026 ] ] } },
{ "type": "Feature", "properties": { "edge_id": "RN_ROAD_00091", "road_id": "RN_ROAD_00091", "source_road_id": "RN_ROAD_00091", "road_class": "residential", "name": null, "length_m": 38.41929687467551, "sampling_status": "mapped", "sampling_method": "road_line_intersected_raster_cells_all_touched", "sampled_intervals": 6, "scenario_peak_max_depth_m": 0.0035247588530182838, "scenario_peak_mean_depth_m": 0.0017623794265091419, "scenario_peak_p90_depth_m": 0.0031722829677164554, "scenario_peak_interval": "090_120", "scenario_max_fraction_gt_0_02m": 0.0, "scenario_max_fraction_gt_0_10m": 0.0, "scenario_max_fraction_gt_0_30m": 0.0, "flood_risk": "minimal", "flood_risk_rank": 0, "risk_policy": "prototype_depth_band_v1" }, "geometry": { "type": "LineString", "coordinates": [ [ 377420.491376789403148, 2046078.334700223524123 ], [ 377382.088124967296608, 2046079.444935258245096 ] ] } },
{ "type": "Feature", "properties": { "edge_id": "RN_ROAD_00093", "road_id": "RN_ROAD_00093", "source_road_id": "RN_ROAD_00093", "road_class": "residential", "name": null, "length_m": 53.334280042084544, "sampling_status": "mapped", "sampling_method": "road_line_intersected_raster_cells_all_touched", "sampled_intervals": 6, "scenario_peak_max_depth_m": 0.0035247588530182838, "scenario_peak_mean_depth_m": 0.0011749196176727612, "scenario_peak_p90_depth_m": 0.0028198070824146273, "scenario_peak_interval": "090_120", "scenario_max_fraction_gt_0_02m": 0.0, "scenario_max_fraction_gt_0_10m": 0.0, "scenario_max_fraction_gt_0_30m": 0.0, "flood_risk": "minimal", "flood_risk_rank": 0, "risk_policy": "prototype_depth_band_v1" }, "geometry": { "type": "LineString", "coordinates": [ [ 377421.636763905407861, 2046131.65667989384383 ], [ 377420.491376789403148, 2046078.334700223524123 ] ] } },
{ "type": "Feature", "properties": { "edge_id": "RN_ROAD_00092", "road_id": "RN_ROAD_00092", "source_road_id": "RN_ROAD_00092", "road_class": "residential", "name": null, "length_m": 76.77767014268143, "sampling_status": "mapped", "sampling_method": "road_line_intersected_raster_cells_all_touched", "sampled_intervals": 6, "scenario_peak_max_depth_m": 0.00022116614854894578, "scenario_peak_mean_depth_m": 8.4795320920723796e-05, "scenario_peak_p90_depth_m": 0.00018357688168180175, "scenario_peak_interval": "090_120", "scenario_max_fraction_gt_0_02m": 0.0, "scenario_max_fraction_gt_0_10m": 0.0, "scenario_max_fraction_gt_0_30m": 0.0, "flood_risk": "minimal", "flood_risk_rank": 0, "risk_policy": "prototype_depth_band_v1" }, "geometry": { "type": "LineString", "coordinates": [ [ 377499.252929175214376, 2046086.249851483153179 ], [ 377576.026043417979963, 2046085.413453249260783 ] ] } },
{ "type": "Feature", "properties": { "edge_id": "RN_ROAD_00094", "road_id": "RN_ROAD_00094", "source_road_id": "RN_ROAD_00094", "road_class": "residential", "name": null, "length_m": 43.564722645993555, "sampling_status": "mapped", "sampling_method": "road_line_intersected_raster_cells_all_touched", "sampled_intervals": 6, "scenario_peak_max_depth_m": 0.0016191728645935655, "scenario_peak_mean_depth_m": 0.00098559865728020668, "scenario_peak_p90_depth_m": 0.0015628629131242632, "scenario_peak_interval": "090_120", "scenario_max_fraction_gt_0_02m": 0.0, "scenario_max_fraction_gt_0_10m": 0.0, "scenario_max_fraction_gt_0_30m": 0.0, "flood_risk": "minimal", "flood_risk_rank": 0, "risk_policy": "prototype_depth_band_v1" }, "geometry": { "type": "LineString", "coordinates": [ [ 377500.366959473409224, 2046129.800327895209193 ], [ 377499.252929175214376, 2046086.249851483153179 ] ] } },
{ "type": "Feature", "properties": { "edge_id": "RN_ROAD_00096", "road_id": "RN_ROAD_00096", "source_road_id": "RN_ROAD_00096", "road_class": "residential", "name": null, "length_m": 39.924780669925362, "sampling_status": "mapped", "sampling_method": "road_line_intersected_raster_cells_all_touched", "sampled_intervals": 6, "scenario_peak_max_depth_m": 0.0016191728645935655, "scenario_peak_mean_depth_m": 0.00082386673117677367, "scenario_peak_p90_depth_m": 0.0014658237574622034, "scenario_peak_interval": "090_120", "scenario_max_fraction_gt_0_02m": 0.0, "scenario_max_fraction_gt_0_10m": 0.0, "scenario_max_fraction_gt_0_30m": 0.0, "flood_risk": "minimal", "flood_risk_rank": 0, "risk_policy": "prototype_depth_band_v1" }, "geometry": { "type": "LineString", "coordinates": [ [ 377460.452793962787837, 2046130.720927228452638 ], [ 377500.366959473409224, 2046129.800327895209193 ] ] } },
{ "type": "Feature", "properties": { "edge_id": "RN_ROAD_00097", "road_id": "RN_ROAD_00097", "source_road_id": "RN_ROAD_00097", "road_class": "residential", "name": null, "length_m": 38.827307690158129, "sampling_status": "mapped", "sampling_method": "road_line_intersected_raster_cells_all_touched", "sampled_intervals": 6, "scenario_peak_max_depth_m": 0.0, "scenario_peak_mean_depth_m": 0.0, "scenario_peak_p90_depth_m": 0.0, "scenario_peak_interval": "000_030", "scenario_max_fraction_gt_0_02m": 0.0, "scenario_max_fraction_gt_0_10m": 0.0, "scenario_max_fraction_gt_0_30m": 0.0, "flood_risk": "minimal", "flood_risk_rank": 0, "risk_policy": "prototype_depth_band_v1" }, "geometry": { "type": "LineString", "coordinates": [ [ 377421.636763905407861, 2046131.65667989384383 ], [ 377460.452793962787837, 2046130.720927228452638 ] ] } },
{ "type": "Feature", "properties": { "edge_id": "RN_ROAD_00304", "road_id": "RN_ROAD_00304", "source_road_id": "RN_ROAD_00304", "road_class": "tertiary", "name": [ "Dattawadi Road" ], "length_m": 89.959600348837938, "sampling_status": "mapped", "sampling_method": "road_line_intersected_raster_cells_all_touched", "sampled_intervals": 6, "scenario_peak_max_depth_m": 0.0022553382441401482, "scenario_peak_mean_depth_m": 0.000586704358283896, "scenario_peak_p90_depth_m": 0.001606180527596735, "scenario_peak_interval": "090_120", "scenario_max_fraction_gt_0_02m": 0.0, "scenario_max_fraction_gt_0_10m": 0.0, "scenario_max_fraction_gt_0_30m": 0.0, "flood_risk": "minimal", "flood_risk_rank": 0, "risk_policy": "prototype_depth_band_v1" }, "geometry": { "type": "LineString", "coordinates": [ [ 377460.452793962787837, 2046130.720927228452638 ], [ 377461.643571821681689, 2046220.672646183753386 ] ] } },
{ "type": "Feature", "properties": { "edge_id": "RN_ROAD_00084", "road_id": "RN_ROAD_00084", "source_road_id": "RN_ROAD_00084", "road_class": "tertiary", "name": null, "length_m": 90.137718438911293, "sampling_status": "mapped", "sampling_method": "road_line_intersected_raster_cells_all_touched", "sampled_intervals": 6, "scenario_peak_max_depth_m": 0.01064071711152792, "scenario_peak_mean_depth_m": 0.0019299761296072877, "scenario_peak_p90_depth_m": 0.0055431945947930217, "scenario_peak_interval": "090_120", "scenario_max_fraction_gt_0_02m": 0.0, "scenario_max_fraction_gt_0_10m": 0.0, "scenario_max_fraction_gt_0_30m": 0.0, "flood_risk": "minimal", "flood_risk_rank": 0, "risk_policy": "prototype_depth_band_v1" }, "geometry": { "type": "LineString", "coordinates": [ [ 377828.029095190519001, 2046072.630218382924795 ], [ 377769.404303894378245, 2046004.161669903667644 ] ] } },
{ "type": "Feature", "properties": { "edge_id": "RN_ROAD_00085", "road_id": "RN_ROAD_00085", "source_road_id": "RN_ROAD_00085", "road_class": "residential", "name": null, "length_m": 105.33721628543579, "sampling_status": "mapped", "sampling_method": "road_line_intersected_raster_cells_all_touched", "sampled_intervals": 6, "scenario_peak_max_depth_m": 0.018091803416609764, "scenario_peak_mean_depth_m": 0.0099261331371963031, "scenario_peak_p90_depth_m": 0.015219641104340554, "scenario_peak_interval": "090_120", "scenario_max_fraction_gt_0_02m": 0.0, "scenario_max_fraction_gt_0_10m": 0.0, "scenario_max_fraction_gt_0_30m": 0.0, "flood_risk": "minimal", "flood_risk_rank": 0, "risk_policy": "prototype_depth_band_v1" }, "geometry": { "type": "LineString", "coordinates": [ [ 377723.691873638657853, 2046087.110319680999964 ], [ 377828.029095190519001, 2046072.630218382924795 ] ] } },
{ "type": "Feature", "properties": { "edge_id": "RN_ROAD_00086", "road_id": "RN_ROAD_00086", "source_road_id": "RN_ROAD_00086", "road_class": "tertiary", "name": null, "length_m": 98.166961277276855, "sampling_status": "mapped", "sampling_method": "road_line_intersected_raster_cells_all_touched", "sampled_intervals": 6, "scenario_peak_max_depth_m": 0.33588150143623352, "scenario_peak_mean_depth_m": 0.16710042860358953, "scenario_peak_p90_depth_m": 0.30450683236122134, "scenario_peak_interval": "090_120", "scenario_max_fraction_gt_0_02m": 0.8, "scenario_max_fraction_gt_0_10m": 0.6, "scenario_max_fraction_gt_0_30m": 0.2, "flood_risk": "high", "flood_risk_rank": 3, "risk_policy": "prototype_depth_band_v1" }, "geometry": { "type": "LineString", "coordinates": [ [ 377828.029095190519001, 2046072.630218382924795 ], [ 377874.696714222547598, 2046127.132210768992081 ], [ 377891.120366858609486, 2046147.820844844449311 ] ] } },
{ "type": "Feature", "properties": { "edge_id": "RN_ROAD_00172", "road_id": "RN_ROAD_00172", "source_road_id": "RN_ROAD_00172", "road_class": "residential", "name": null, "length_m": 46.825231892960012, "sampling_status": "mapped", "sampling_method": "road_line_intersected_raster_cells_all_touched", "sampled_intervals": 6, "scenario_peak_max_depth_m": 0.17918607592582703, "scenario_peak_mean_depth_m": 0.093189260611931488, "scenario_peak_p90_depth_m": 0.15584986954927446, "scenario_peak_interval": "090_120", "scenario_max_fraction_gt_0_02m": 1.0, "scenario_max_fraction_gt_0_10m": 0.33333333333333331, "scenario_max_fraction_gt_0_30m": 0.0, "flood_risk": "moderate", "flood_risk_rank": 2, "risk_policy": "prototype_depth_band_v1" }, "geometry": { "type": "LineString", "coordinates": [ [ 377924.282812824007124, 2046114.796336449449882 ], [ 377918.780598832294345, 2046119.512694447068498 ], [ 377891.120366858609486, 2046147.820844844449311 ] ] } },
{ "type": "Feature", "properties": { "edge_id": "RN_ROAD_00173", "road_id": "RN_ROAD_00173", "source_road_id": "RN_ROAD_00173", "road_class": "tertiary", "name": null, "length_m": 234.03133514478208, "sampling_status": "mapped", "sampling_method": "road_line_intersected_raster_cells_all_touched", "sampled_intervals": 6, "scenario_peak_max_depth_m": 0.39453569054603577, "scenario_peak_mean_depth_m": 0.10522994953631, "scenario_peak_p90_depth_m": 0.20515657961368561, "scenario_peak_interval": "090_120", "scenario_max_fraction_gt_0_02m": 0.81818181818181823, "scenario_max_fraction_gt_0_10m": 0.36363636363636365, "scenario_max_fraction_gt_0_30m": 0.090909090909090912, "flood_risk": "high", "flood_risk_rank": 3, "risk_policy": "prototype_depth_band_v1" }, "geometry": { "type": "LineString", "coordinates": [ [ 377891.120366858609486, 2046147.820844844449311 ], [ 377903.64989783463534, 2046160.555523820919916 ], [ 377922.359943010262214, 2046177.223474977072328 ], [ 377952.376644475967623, 2046198.688266698969528 ], [ 377959.296046539617237, 2046200.945775404572487 ], [ 378023.644159001298249, 2046203.776258166180924 ], [ 378062.737662316358183, 2046206.635741254547611 ], [ 378071.637551358959172, 2046208.205563503783196 ], [ 378079.529920825210866, 2046212.371385690523311 ], [ 378094.124616840272211, 2046221.175443118438125 ], [ 378096.296068329480477, 2046222.279263735981658 ], [ 378101.528850009955931, 2046224.957070701057091 ] ] } },
{ "type": "Feature", "properties": { "edge_id": "RN_ROAD_00087", "road_id": "RN_ROAD_00087", "source_road_id": "RN_ROAD_00087", "road_class": "residential", "name": null, "length_m": 45.058435809038613, "sampling_status": "mapped", "sampling_method": "road_line_intersected_raster_cells_all_touched", "sampled_intervals": 6, "scenario_peak_max_depth_m": 0.016170619055628777, "scenario_peak_mean_depth_m": 0.0093983738915994763, "scenario_peak_p90_depth_m": 0.014816170022822917, "scenario_peak_interval": "090_120", "scenario_max_fraction_gt_0_02m": 0.0, "scenario_max_fraction_gt_0_10m": 0.0, "scenario_max_fraction_gt_0_30m": 0.0, "flood_risk": "minimal", "flood_risk_rank": 0, "risk_policy": "prototype_depth_band_v1" }, "geometry": { "type": "LineString", "coordinates": [ [ 377783.580806862039026, 2046181.4882764571812 ], [ 377785.213591824052855, 2046136.459434024523944 ] ] } },
{ "type": "Feature", "properties": { "edge_id": "RN_ROAD_00088", "road_id": "RN_ROAD_00088", "source_road_id": "RN_ROAD_00088", "road_class": "residential", "name": null, "length_m": 33.693765674940465, "sampling_status": "mapped", "sampling_method": "road_line_intersected_raster_cells_all_touched", "sampled_intervals": 6, "scenario_peak_max_depth_m": 0.0030193864367902279, "scenario_peak_mean_depth_m": 0.002822757582180202, "scenario_peak_p90_depth_m": 0.0029800606658682226, "scenario_peak_interval": "090_120", "scenario_max_fraction_gt_0_02m": 0.0, "scenario_max_fraction_gt_0_10m": 0.0, "scenario_max_fraction_gt_0_30m": 0.0, "flood_risk": "minimal", "flood_risk_rank": 0, "risk_policy": "prototype_depth_band_v1" }, "geometry": { "type": "LineString", "coordinates": [ [ 377817.25729684100952, 2046182.567103623179719 ], [ 377783.580806862039026, 2046181.4882764571812 ] ] } },
{ "type": "Feature", "properties": { "edge_id": "RN_ROAD_00089", "road_id": "RN_ROAD_00089", "source_road_id": "RN_ROAD_00089", "road_class": "residential", "name": null, "length_m": 121.67517705552382, "sampling_status": "mapped", "sampling_method": "road_line_intersected_raster_cells_all_touched", "sampled_intervals": 6, "scenario_peak_max_depth_m": 0.023707935586571693, "scenario_peak_mean_depth_m": 0.011114131007343531, "scenario_peak_p90_depth_m": 0.021879585459828377, "scenario_peak_interval": "090_120", "scenario_max_fraction_gt_0_02m": 0.2, "scenario_max_fraction_gt_0_10m": 0.0, "scenario_max_fraction_gt_0_30m": 0.0, "flood_risk": "low", "flood_risk_rank": 1, "risk_policy": "prototype_depth_band_v1" }, "geometry": { "type": "LineString", "coordinates": [ [ 377719.584775676892605, 2046241.779458759818226 ], [ 377722.144673679838888, 2046184.947796991560608 ], [ 377723.365405846794602, 2046181.033501826226711 ], [ 377727.091223977680784, 2046179.2057616696693 ], [ 377783.580806862039026, 2046181.4882764571812 ] ] } },
{ "type": "Feature", "properties": { "edge_id": "RN_ROAD_00090", "road_id": "RN_ROAD_00090", "source_road_id": "RN_ROAD_00090", "road_class": "residential", "name": null, "length_m": 63.212366364028313, "sampling_status": "mapped", "sampling_method": "road_line_intersected_raster_cells_all_touched", "sampled_intervals": 6, "scenario_peak_max_depth_m": 0.0026261287275701761, "scenario_peak_mean_depth_m": 0.0024288486068447432, "scenario_peak_p90_depth_m": 0.002621858287602663, "scenario_peak_interval": "090_120", "scenario_max_fraction_gt_0_02m": 0.0, "scenario_max_fraction_gt_0_10m": 0.0, "scenario_max_fraction_gt_0_30m": 0.0, "flood_risk": "minimal", "flood_risk_rank": 0, "risk_policy": "prototype_depth_band_v1" }, "geometry": { "type": "LineString", "coordinates": [ [ 377781.293659441638738, 2046244.659252530196682 ], [ 377783.580806862039026, 2046181.4882764571812 ] ] } },
{ "type": "Feature", "properties": { "edge_id": "RN_ROAD_00303", "road_id": "RN_ROAD_00303", "source_road_id": "RN_ROAD_00303", "road_class": "residential", "name": null, "length_m": 75.553985865269283, "sampling_status": "mapped", "sampling_method": "road_line_intersected_raster_cells_all_touched", "sampled_intervals": 6, "scenario_peak_max_depth_m": 0.0092637604102492332, "scenario_peak_mean_depth_m": 0.0036199976821080782, "scenario_peak_p90_depth_m": 0.0073670408455654987, "scenario_peak_interval": "090_120", "scenario_max_fraction_gt_0_02m": 0.0, "scenario_max_fraction_gt_0_10m": 0.0, "scenario_max_fraction_gt_0_30m": 0.0, "flood_risk": "minimal", "flood_risk_rank": 0, "risk_policy": "prototype_depth_band_v1" }, "geometry": { "type": "LineString", "coordinates": [ [ 377686.474950821022503, 2046291.138132809894159 ], [ 377690.40605123504065, 2046250.565363044850528 ], [ 377691.020231728150975, 2046245.913504691328853 ], [ 377693.165640642866492, 2046242.956054426729679 ], [ 377719.584775676892605, 2046241.779458759818226 ] ] } },
{ "type": "Feature", "properties": { "edge_id": "RN_ROAD_00316", "road_id": "RN_ROAD_00316", "source_road_id": "RN_ROAD_00316", "road_class": "residential", "name": null, "length_m": 61.776043476827319, "sampling_status": "mapped", "sampling_method": "road_line_intersected_raster_cells_all_touched", "sampled_intervals": 6, "scenario_peak_max_depth_m": 0.0092637604102492332, "scenario_peak_mean_depth_m": 0.0046233160731693106, "scenario_peak_p90_depth_m": 0.007921117777004839, "scenario_peak_interval": "090_120", "scenario_max_fraction_gt_0_02m": 0.0, "scenario_max_fraction_gt_0_10m": 0.0, "scenario_max_fraction_gt_0_30m": 0.0, "flood_risk": "minimal", "flood_risk_rank": 0, "risk_policy": "prototype_depth_band_v1" }, "geometry": { "type": "LineString", "coordinates": [ [ 377781.293659441638738, 2046244.659252530196682 ], [ 377719.584775676892605, 2046241.779458759818226 ] ] } },
{ "type": "Feature", "properties": { "edge_id": "RN_ROAD_00324", "road_id": "RN_ROAD_00324", "source_road_id": "RN_ROAD_00324", "road_class": "residential", "name": null, "length_m": 53.980157249501374, "sampling_status": "mapped", "sampling_method": "road_line_intersected_raster_cells_all_touched", "sampled_intervals": 6, "scenario_peak_max_depth_m": 0.0092637604102492332, "scenario_peak_mean_depth_m": 0.0039010835656275353, "scenario_peak_p90_depth_m": 0.0077087786979973321, "scenario_peak_interval": "090_120", "scenario_max_fraction_gt_0_02m": 0.0, "scenario_max_fraction_gt_0_10m": 0.0, "scenario_max_fraction_gt_0_30m": 0.0, "flood_risk": "minimal", "flood_risk_rank": 0, "risk_policy": "prototype_depth_band_v1" }, "geometry": { "type": "LineString", "coordinates": [ [ 377718.009123752592131, 2046295.683261651312932 ], [ 377717.78922336990945, 2046263.060729076620191 ], [ 377719.584775676892605, 2046241.779458759818226 ] ] } },
{ "type": "Feature", "properties": { "edge_id": "RN_ROAD_00317", "road_id": "RN_ROAD_00317", "source_road_id": "RN_ROAD_00317", "road_class": "residential", "name": null, "length_m": 50.072254927188524, "sampling_status": "mapped", "sampling_method": "road_line_intersected_raster_cells_all_touched", "sampled_intervals": 6, "scenario_peak_max_depth_m": 0.0020556405652314425, "scenario_peak_mean_depth_m": 0.001681397610809654, "scenario_peak_p90_depth_m": 0.0020513828378170727, "scenario_peak_interval": "090_120", "scenario_max_fraction_gt_0_02m": 0.0, "scenario_max_fraction_gt_0_10m": 0.0, "scenario_max_fraction_gt_0_30m": 0.0, "flood_risk": "minimal", "flood_risk_rank": 0, "risk_policy": "prototype_depth_band_v1" }, "geometry": { "type": "LineString", "coordinates": [ [ 377831.363098169211298, 2046245.190307140583172 ], [ 377781.293659441638738, 2046244.659252530196682 ] ] } },
{ "type": "Feature", "properties": { "edge_id": "RN_ROAD_00320", "road_id": "RN_ROAD_00320", "source_road_id": "RN_ROAD_00320", "road_class": "residential", "name": null, "length_m": 42.213826329693369, "sampling_status": "mapped", "sampling_method": "road_line_intersected_raster_cells_all_touched", "sampled_intervals": 6, "scenario_peak_max_depth_m": 0.0020556405652314425, "scenario_peak_mean_depth_m": 0.00079429405013797805, "scenario_peak_p90_depth_m": 0.0017013680888339879, "scenario_peak_interval": "090_120", "scenario_max_fraction_gt_0_02m": 0.0, "scenario_max_fraction_gt_0_10m": 0.0, "scenario_max_fraction_gt_0_30m": 0.0, "flood_risk": "minimal", "flood_risk_rank": 0, "risk_policy": "prototype_depth_band_v1" }, "geometry": { "type": "LineString", "coordinates": [ [ 377781.293659441638738, 2046244.659252530196682 ], [ 377779.072349863126874, 2046286.814595218282193 ] ] } },
{ "type": "Feature", "properties": { "edge_id": "RN_ROAD_00258", "road_id": "RN_ROAD_00258", "source_road_id": "RN_ROAD_00258", "road_class": "residential", "name": null, "length_m": 37.12096600182516, "sampling_status": "mapped", "sampling_method": "road_line_intersected_raster_cells_all_touched", "sampled_intervals": 6, "scenario_peak_max_depth_m": 0.0, "scenario_peak_mean_depth_m": 0.0, "scenario_peak_p90_depth_m": 0.0, "scenario_peak_interval": "000_030", "scenario_max_fraction_gt_0_02m": 0.0, "scenario_max_fraction_gt_0_10m": 0.0, "scenario_max_fraction_gt_0_30m": 0.0, "flood_risk": "minimal", "flood_risk_rank": 0, "risk_policy": "prototype_depth_band_v1" }, "geometry": { "type": "LineString", "coordinates": [ [ 377382.088124967296608, 2046079.444935258245096 ], [ 377345.044587418669835, 2046081.841274715028703 ] ] } },
{ "type": "Feature", "properties": { "edge_id": "RN_ROAD_00260", "road_id": "RN_ROAD_00260", "source_road_id": "RN_ROAD_00260", "road_class": "residential", "name": null, "length_m": 99.198620136619667, "sampling_status": "mapped", "sampling_method": "road_line_intersected_raster_cells_all_touched", "sampled_intervals": 6, "scenario_peak_max_depth_m": 0.0, "scenario_peak_mean_depth_m": 0.0, "scenario_peak_p90_depth_m": 0.0, "scenario_peak_interval": "000_030", "scenario_max_fraction_gt_0_02m": 0.0, "scenario_max_fraction_gt_0_10m": 0.0, "scenario_max_fraction_gt_0_30m": 0.0, "flood_risk": "minimal", "flood_risk_rank": 0, "risk_policy": "prototype_depth_band_v1" }, "geometry": { "type": "LineString", "coordinates": [ [ 377383.117002902901731, 2046178.638219543034211 ], [ 377382.088124967296608, 2046079.444935258245096 ] ] } },
{ "type": "Feature", "properties": { "edge_id": "RN_ROAD_00299", "road_id": "RN_ROAD_00299", "source_road_id": "RN_ROAD_00299", "road_class": "residential", "name": null, "length_m": 42.584238400885091, "sampling_status": "mapped", "sampling_method": "road_line_intersected_raster_cells_all_touched", "sampled_intervals": 6, "scenario_peak_max_depth_m": 0.0056679649278521538, "scenario_peak_mean_depth_m": 0.0031512668647337705, "scenario_peak_p90_depth_m": 0.0052473058458417654, "scenario_peak_interval": "090_120", "scenario_max_fraction_gt_0_02m": 0.0, "scenario_max_fraction_gt_0_10m": 0.0, "scenario_max_fraction_gt_0_30m": 0.0, "flood_risk": "minimal", "flood_risk_rank": 0, "risk_policy": "prototype_depth_band_v1" }, "geometry": { "type": "LineString", "coordinates": [ [ 377575.961744458239991, 2046127.997643106849864 ], [ 377576.026043417979963, 2046085.413453249260783 ] ] } },
{ "type": "Feature", "properties": { "edge_id": "RN_ROAD_00099", "road_id": "RN_ROAD_00099", "source_road_id": "RN_ROAD_00099", "road_class": "residential", "name": null, "length_m": 45.509583731341927, "sampling_status": "mapped", "sampling_method": "road_line_intersected_raster_cells_all_touched", "sampled_intervals": 6, "scenario_peak_max_depth_m": 0.0, "scenario_peak_mean_depth_m": 0.0, "scenario_peak_p90_depth_m": 0.0, "scenario_peak_interval": "000_030", "scenario_max_fraction_gt_0_02m": 0.0, "scenario_max_fraction_gt_0_10m": 0.0, "scenario_max_fraction_gt_0_30m": 0.0, "flood_risk": "minimal", "flood_risk_rank": 0, "risk_policy": "prototype_depth_band_v1" }, "geometry": { "type": "LineString", "coordinates": [ [ 377422.615697452623863, 2046177.155733735766262 ], [ 377421.636763905407861, 2046131.65667989384383 ] ] } },
{ "type": "Feature", "properties": { "edge_id": "RN_ROAD_00095", "road_id": "RN_ROAD_00095", "source_road_id": "RN_ROAD_00095", "road_class": "residential", "name": null, "length_m": 75.616275955305937, "sampling_status": "mapped", "sampling_method": "road_line_intersected_raster_cells_all_touched", "sampled_intervals": 6, "scenario_peak_max_depth_m": 0.0056679649278521538, "scenario_peak_mean_depth_m": 0.0034343877729649344, "scenario_peak_p90_depth_m": 0.0051375770475715395, "scenario_peak_interval": "090_120", "scenario_max_fraction_gt_0_02m": 0.0, "scenario_max_fraction_gt_0_10m": 0.0, "scenario_max_fraction_gt_0_30m": 0.0, "flood_risk": "minimal", "flood_risk_rank": 0, "risk_policy": "prototype_depth_band_v1" }, "geometry": { "type": "LineString", "coordinates": [ [ 377500.366959473409224, 2046129.800327895209193 ], [ 377575.961744458239991, 2046127.997643106849864 ] ] } },
{ "type": "Feature", "properties": { "edge_id": "RN_ROAD_00098", "road_id": "RN_ROAD_00098", "source_road_id": "RN_ROAD_00098", "road_class": "residential", "name": null, "length_m": 36.270777899434066, "sampling_status": "mapped", "sampling_method": "road_line_intersected_raster_cells_all_touched", "sampled_intervals": 6, "scenario_peak_max_depth_m": 0.0017836601473391056, "scenario_peak_mean_depth_m": 0.0017014165059663355, "scenario_peak_p90_depth_m": 0.0017672114190645516, "scenario_peak_interval": "090_120", "scenario_max_fraction_gt_0_02m": 0.0, "scenario_max_fraction_gt_0_10m": 0.0, "scenario_max_fraction_gt_0_30m": 0.0, "flood_risk": "minimal", "flood_risk_rank": 0, "risk_policy": "prototype_depth_band_v1" }, "geometry": { "type": "LineString", "coordinates": [ [ 377501.296865743526723, 2046166.059183417120948 ], [ 377500.366959473409224, 2046129.800327895209193 ] ] } },
{ "type": "Feature", "properties": { "edge_id": "RN_ROAD_00301", "road_id": "RN_ROAD_00301", "source_road_id": "RN_ROAD_00301", "road_class": "residential", "name": null, "length_m": 70.533759695393229, "sampling_status": "mapped", "sampling_method": "road_line_intersected_raster_cells_all_touched", "sampled_intervals": 6, "scenario_peak_max_depth_m": 0.014376224018633366, "scenario_peak_mean_depth_m": 0.0076962817305078106, "scenario_peak_p90_depth_m": 0.012634572200477123, "scenario_peak_interval": "090_120", "scenario_max_fraction_gt_0_02m": 0.0, "scenario_max_fraction_gt_0_10m": 0.0, "scenario_max_fraction_gt_0_30m": 0.0, "flood_risk": "minimal", "flood_risk_rank": 0, "risk_policy": "prototype_depth_band_v1" }, "geometry": { "type": "LineString", "coordinates": [ [ 377539.268138573097531, 2046165.117950633168221 ], [ 377570.789416940591764, 2046164.328894927399233 ], [ 377573.94888216390973, 2046163.09128560568206 ], [ 377575.611974715546239, 2046160.657044443069026 ], [ 377575.961744458239991, 2046127.997643106849864 ] ] } },
{ "type": "Feature", "properties": { "edge_id": "RN_ROAD_00100", "road_id": "RN_ROAD_00100", "source_road_id": "RN_ROAD_00100", "road_class": "residential", "name": null, "length_m": 37.98293668808784, "sampling_status": "mapped", "sampling_method": "road_line_intersected_raster_cells_all_touched", "sampled_intervals": 6, "scenario_peak_max_depth_m": 0.0030446562450379133, "scenario_peak_mean_depth_m": 0.0024141581961885095, "scenario_peak_p90_depth_m": 0.0029185566352680327, "scenario_peak_interval": "090_120", "scenario_max_fraction_gt_0_02m": 0.0, "scenario_max_fraction_gt_0_10m": 0.0, "scenario_max_fraction_gt_0_30m": 0.0, "flood_risk": "minimal", "flood_risk_rank": 0, "risk_policy": "prototype_depth_band_v1" }, "geometry": { "type": "LineString", "coordinates": [ [ 377539.268138573097531, 2046165.117950633168221 ], [ 377501.296865743526723, 2046166.059183417120948 ] ] } },
{ "type": "Feature", "properties": { "edge_id": "RN_ROAD_00307", "road_id": "RN_ROAD_00307", "source_road_id": "RN_ROAD_00307", "road_class": "residential", "name": null, "length_m": 92.558528638421961, "sampling_status": "mapped", "sampling_method": "road_line_intersected_raster_cells_all_touched", "sampled_intervals": 6, "scenario_peak_max_depth_m": 0.0049965833313763142, "scenario_peak_mean_depth_m": 0.0030181614682078363, "scenario_peak_p90_depth_m": 0.0043109919875860218, "scenario_peak_interval": "090_120", "scenario_max_fraction_gt_0_02m": 0.0, "scenario_max_fraction_gt_0_10m": 0.0, "scenario_max_fraction_gt_0_30m": 0.0, "flood_risk": "minimal", "flood_risk_rank": 0, "risk_policy": "prototype_depth_band_v1" }, "geometry": { "type": "LineString", "coordinates": [ [ 377501.296865743526723, 2046166.059183417120948 ], [ 377502.535580986295827, 2046214.223580871941522 ], [ 377501.041892369044945, 2046218.372043933020905 ], [ 377496.706748642376624, 2046220.668539172504097 ], [ 377461.643571821681689, 2046220.672646183753386 ] ] } },
{ "type": "Feature", "properties": { "edge_id": "RN_ROAD_00305", "road_id": "RN_ROAD_00305", "source_road_id": "RN_ROAD_00305", "road_class": "residential", "name": null, "length_m": 39.526505477982745, "sampling_status": "mapped", "sampling_method": "road_line_intersected_raster_cells_all_touched", "sampled_intervals": 6, "scenario_peak_max_depth_m": 0.0, "scenario_peak_mean_depth_m": 0.0, "scenario_peak_p90_depth_m": 0.0, "scenario_peak_interval": "000_030", "scenario_max_fraction_gt_0_02m": 0.0, "scenario_max_fraction_gt_0_10m": 0.0, "scenario_max_fraction_gt_0_30m": 0.0, "flood_risk": "minimal", "flood_risk_rank": 0, "risk_policy": "prototype_depth_band_v1" }, "geometry": { "type": "LineString", "coordinates": [ [ 377383.117002902901731, 2046178.638219543034211 ], [ 377422.615697452623863, 2046177.155733735766262 ] ] } },
{ "type": "Feature", "properties": { "edge_id": "RN_ROAD_00308", "road_id": "RN_ROAD_00308", "source_road_id": "RN_ROAD_00308", "road_class": "residential", "name": null, "length_m": 42.156257641141636, "sampling_status": "mapped", "sampling_method": "road_line_intersected_raster_cells_all_touched", "sampled_intervals": 6, "scenario_peak_max_depth_m": 0.00032500788802281022, "scenario_peak_mean_depth_m": 0.0001627111826868107, "scenario_peak_p90_depth_m": 0.00029263144242577257, "scenario_peak_interval": "090_120", "scenario_max_fraction_gt_0_02m": 0.0, "scenario_max_fraction_gt_0_10m": 0.0, "scenario_max_fraction_gt_0_30m": 0.0, "flood_risk": "minimal", "flood_risk_rank": 0, "risk_policy": "prototype_depth_band_v1" }, "geometry": { "type": "LineString", "coordinates": [ [ 377423.530835930083413, 2046219.302057180088013 ], [ 377422.615697452623863, 2046177.155733735766262 ] ] } },
{ "type": "Feature", "properties": { "edge_id": "RN_ROAD_00306", "road_id": "RN_ROAD_00306", "source_road_id": "RN_ROAD_00306", "road_class": "residential", "name": null, "length_m": 43.674198984804306, "sampling_status": "mapped", "sampling_method": "road_line_intersected_raster_cells_all_touched", "sampled_intervals": 6, "scenario_peak_max_depth_m": 0.011807041242718697, "scenario_peak_mean_depth_m": 0.007425848743878305, "scenario_peak_p90_depth_m": 0.010930802742950618, "scenario_peak_interval": "090_120", "scenario_max_fraction_gt_0_02m": 0.0, "scenario_max_fraction_gt_0_10m": 0.0, "scenario_max_fraction_gt_0_30m": 0.0, "flood_risk": "minimal", "flood_risk_rank": 0, "risk_policy": "prototype_depth_band_v1" }, "geometry": { "type": "LineString", "coordinates": [ [ 377540.319450995884836, 2046208.779494343325496 ], [ 377539.268138573097531, 2046165.117950633168221 ] ] } },
{ "type": "Feature", "properties": { "edge_id": "RN_ROAD_00102", "road_id": "RN_ROAD_00102", "source_road_id": "RN_ROAD_00102", "road_class": "residential", "name": [ "Janata Vasahat Road" ], "length_m": 400.63554354988895, "sampling_status": "mapped", "sampling_method": "road_line_intersected_raster_cells_all_touched", "sampled_intervals": 6, "scenario_peak_max_depth_m": 0.00010002367343986407, "scenario_peak_mean_depth_m": 1.7996374086387252e-05, "scenario_peak_p90_depth_m": 6.2315526884049155e-05, "scenario_peak_interval": "090_120", "scenario_max_fraction_gt_0_02m": 0.0, "scenario_max_fraction_gt_0_10m": 0.0, "scenario_max_fraction_gt_0_30m": 0.0, "flood_risk": "minimal", "flood_risk_rank": 0, "risk_policy": "prototype_depth_band_v1" }, "geometry": { "type": "LineString", "coordinates": [ [ 377905.396573652978987, 2045526.497248154133558 ], [ 377910.335900311649311, 2045529.691563277738169 ], [ 377924.205168112704996, 2045545.483099797274917 ], [ 377945.408059595269151, 2045586.968252407154068 ], [ 377957.640708892489783, 2045604.408123455941677 ], [ 377980.371283816930372, 2045627.258692369796336 ], [ 377995.912037954316474, 2045645.230731840245426 ], [ 378016.432529530720785, 2045665.915393864735961 ], [ 378035.295320774777792, 2045686.599615769693628 ], [ 378048.625843838672154, 2045704.032512791221961 ], [ 378064.701464297366329, 2045719.810022889869288 ], [ 378084.655241358443163, 2045737.75389636401087 ], [ 378113.452703181421384, 2045761.661381552461535 ], [ 378133.399369864608161, 2045780.158668796997517 ], [ 378155.562977045134176, 2045800.268570215674117 ], [ 378173.324010121403262, 2045820.417700584745035 ] ] } },
{ "type": "Feature", "properties": { "edge_id": "RN_ROAD_00111", "road_id": "RN_ROAD_00111", "source_road_id": "RN_ROAD_00111", "road_class": "residential", "name": [ "Janata Vasahat Road" ], "length_m": 116.53808923417535, "sampling_status": "mapped", "sampling_method": "road_line_intersected_raster_cells_all_touched", "sampled_intervals": 6, "scenario_peak_max_depth_m": 8.6462561739608645e-05, "scenario_peak_mean_depth_m": 3.4190614314866252e-05, "scenario_peak_p90_depth_m": 6.550276157213375e-05, "scenario_peak_interval": "090_120", "scenario_max_fraction_gt_0_02m": 0.0, "scenario_max_fraction_gt_0_10m": 0.0, "scenario_max_fraction_gt_0_30m": 0.0, "flood_risk": "minimal", "flood_risk_rank": 0, "risk_policy": "prototype_depth_band_v1" }, "geometry": { "type": "LineString", "coordinates": [ [ 378283.959865158074535, 2045851.250229324679822 ], [ 378262.764839999203105, 2045850.511343210237101 ], [ 378210.356506389915012, 2045839.348116947337985 ], [ 378205.424066110164858, 2045837.420874338131398 ], [ 378193.791577661177143, 2045832.880502863321453 ], [ 378173.324010121403262, 2045820.417700584745035 ] ] } },
{ "type": "Feature", "properties": { "edge_id": "RN_ROAD_00106", "road_id": "RN_ROAD_00106", "source_road_id": "RN_ROAD_00106", "road_class": "primary_link", "name": null, "length_m": 11.685241840114362, "sampling_status": "mapped", "sampling_method": "road_line_intersected_raster_cells_all_touched", "sampled_intervals": 6, "scenario_peak_max_depth_m": 0.034119796007871628, "scenario_peak_mean_depth_m": 0.022230771370232105, "scenario_peak_p90_depth_m": 0.031741991080343722, "scenario_peak_interval": "090_120", "scenario_max_fraction_gt_0_02m": 0.5, "scenario_max_fraction_gt_0_10m": 0.0, "scenario_max_fraction_gt_0_30m": 0.0, "flood_risk": "low", "flood_risk_rank": 1, "risk_policy": "prototype_depth_band_v1" }, "geometry": { "type": "LineString", "coordinates": [ [ 378028.161373912822455, 2045944.526751243043691 ], [ 378036.173373339581303, 2045936.020709740230814 ] ] } },
{ "type": "Feature", "properties": { "edge_id": "RN_ROAD_00107", "road_id": "RN_ROAD_00107", "source_road_id": "RN_ROAD_00107", "road_class": "primary", "name": [ "Sinhagad Road" ], "length_m": 11.529812368176284, "sampling_status": "mapped", "sampling_method": "road_line_intersected_raster_cells_all_touched", "sampled_intervals": 6, "scenario_peak_max_depth_m": 0.055838920176029205, "scenario_peak_mean_depth_m": 0.042778201401233673, "scenario_peak_p90_depth_m": 0.0523463137447834, "scenario_peak_interval": "090_120", "scenario_max_fraction_gt_0_02m": 1.0, "scenario_max_fraction_gt_0_10m": 0.0, "scenario_max_fraction_gt_0_30m": 0.0, "flood_risk": "low", "flood_risk_rank": 1, "risk_policy": "prototype_depth_band_v1" }, "geometry": { "type": "LineString", "coordinates": [ [ 378028.161373912822455, 2045944.526751243043691 ], [ 378037.129388509318233, 2045951.77321848180145 ] ] } },
{ "type": "Feature", "properties": { "edge_id": "RN_ROAD_00129", "road_id": "RN_ROAD_00129", "source_road_id": "RN_ROAD_00129", "road_class": "primary", "name": [ "Sinhagad Road" ], "length_m": 124.9679812493694, "sampling_status": "mapped", "sampling_method": "road_line_intersected_raster_cells_all_touched", "sampled_intervals": 6, "scenario_peak_max_depth_m": 0.038375888019800186, "scenario_peak_mean_depth_m": 0.016520886615450894, "scenario_peak_p90_depth_m": 0.028417148813605315, "scenario_peak_interval": "090_120", "scenario_max_fraction_gt_0_02m": 0.42857142857142855, "scenario_max_fraction_gt_0_10m": 0.0, "scenario_max_fraction_gt_0_30m": 0.0, "flood_risk": "low", "flood_risk_rank": 1, "risk_policy": "prototype_depth_band_v1" }, "geometry": { "type": "LineString", "coordinates": [ [ 378132.644437884155195, 2046015.458295245654881 ], [ 378126.25481689843582, 2046010.198325635865331 ], [ 378122.81586909404723, 2046007.365173504920676 ], [ 378036.173373339581303, 2045936.020709740230814 ] ] } },
{ "type": "Feature", "properties": { "edge_id": "RN_ROAD_00108", "road_id": "RN_ROAD_00108", "source_road_id": "RN_ROAD_00108", "road_class": "residential", "name": null, "length_m": 14.315540964381475, "sampling_status": "mapped", "sampling_method": "road_line_intersected_raster_cells_all_touched", "sampled_intervals": 6, "scenario_peak_max_depth_m": 0.055838920176029205, "scenario_peak_mean_depth_m": 0.047107404097914696, "scenario_peak_p90_depth_m": 0.054092616960406306, "scenario_peak_interval": "090_120", "scenario_max_fraction_gt_0_02m": 1.0, "scenario_max_fraction_gt_0_10m": 0.0, "scenario_max_fraction_gt_0_30m": 0.0, "flood_risk": "low", "flood_risk_rank": 1, "risk_policy": "prototype_depth_band_v1" }, "geometry": { "type": "LineString", "coordinates": [ [ 378037.129388509318233, 2045951.77321848180145 ], [ 378028.842034108180087, 2045963.446027489611879 ] ] } },
{ "type": "Feature", "properties": { "edge_id": "RN_ROAD_00130", "road_id": "RN_ROAD_00130", "source_road_id": "RN_ROAD_00130", "road_class": "primary", "name": [ "Sinhagad Road" ], "length_m": 81.926386393870985, "sampling_status": "mapped", "sampling_method": "road_line_intersected_raster_cells_all_touched", "sampled_intervals": 6, "scenario_peak_max_depth_m": 0.038375888019800186, "scenario_peak_mean_depth_m": 0.018502932623960078, "scenario_peak_p90_depth_m": 0.033312484249472619, "scenario_peak_interval": "090_120", "scenario_max_fraction_gt_0_02m": 0.5, "scenario_max_fraction_gt_0_10m": 0.0, "scenario_max_fraction_gt_0_30m": 0.0, "flood_risk": "low", "flood_risk_rank": 1, "risk_policy": "prototype_depth_band_v1" }, "geometry": { "type": "LineString", "coordinates": [ [ 378037.129388509318233, 2045951.77321848180145 ], [ 378100.849886657088064, 2046003.267207483993843 ] ] } },
{ "type": "Feature", "properties": { "edge_id": "RN_ROAD_00109", "road_id": "RN_ROAD_00109", "source_road_id": "RN_ROAD_00109", "road_class": "residential", "name": null, "length_m": 13.965206832105686, "sampling_status": "mapped", "sampling_method": "road_line_intersected_raster_cells_all_touched", "sampled_intervals": 6, "scenario_peak_max_depth_m": 0.055838920176029205, "scenario_peak_mean_depth_m": 0.055838920176029205, "scenario_peak_p90_depth_m": 0.055838920176029205, "scenario_peak_interval": "090_120", "scenario_max_fraction_gt_0_02m": 1.0, "scenario_max_fraction_gt_0_10m": 0.0, "scenario_max_fraction_gt_0_30m": 0.0, "flood_risk": "low", "flood_risk_rank": 1, "risk_policy": "prototype_depth_band_v1" }, "geometry": { "type": "LineString", "coordinates": [ [ 378015.469509068061598, 2045967.471269831992686 ], [ 378028.842034108180087, 2045963.446027489611879 ] ] } },
{ "type": "Feature", "properties": { "edge_id": "RN_ROAD_00142", "road_id": "RN_ROAD_00142", "source_road_id": "RN_ROAD_00142", "road_class": "residential", "name": null, "length_m": 113.12604300619051, "sampling_status": "mapped", "sampling_method": "road_line_intersected_raster_cells_all_touched", "sampled_intervals": 6, "scenario_peak_max_depth_m": 0.058231793344020844, "scenario_peak_mean_depth_m": 0.048292958736419679, "scenario_peak_p90_depth_m": 0.057274644076824185, "scenario_peak_interval": "090_120", "scenario_max_fraction_gt_0_02m": 1.0, "scenario_max_fraction_gt_0_10m": 0.0, "scenario_max_fraction_gt_0_30m": 0.0, "flood_risk": "low", "flood_risk_rank": 1, "risk_policy": "prototype_depth_band_v1" }, "geometry": { "type": "LineString", "coordinates": [ [ 378007.370247385115363, 2046074.502512939507142 ], [ 378020.752164931385778, 2046001.024141727015376 ], [ 378028.842034108180087, 2045963.446027489611879 ] ] } },
{ "type": "Feature", "properties": { "edge_id": "RN_ROAD_00139", "road_id": "RN_ROAD_00139", "source_road_id": "RN_ROAD_00139", "road_class": "residential", "name": null, "length_m": 53.585187061784524, "sampling_status": "mapped", "sampling_method": "road_line_intersected_raster_cells_all_touched", "sampled_intervals": 6, "scenario_peak_max_depth_m": 0.060502178966999054, "scenario_peak_mean_depth_m": 0.05593663826584816, "scenario_peak_p90_depth_m": 0.059569527208805081, "scenario_peak_interval": "090_120", "scenario_max_fraction_gt_0_02m": 1.0, "scenario_max_fraction_gt_0_10m": 0.0, "scenario_max_fraction_gt_0_30m": 0.0, "flood_risk": "low", "flood_risk_rank": 1, "risk_policy": "prototype_depth_band_v1" }, "geometry": { "type": "LineString", "coordinates": [ [ 377963.169715790776536, 2045966.644106273772195 ], [ 377975.269421358243562, 2045969.952968206489459 ], [ 377984.306259680888616, 2045966.50877661514096 ], [ 377989.778558103134856, 2045965.35603151191026 ], [ 378015.469509068061598, 2045967.471269831992686 ] ] } },
{ "type": "Feature", "properties": { "edge_id": "RN_ROAD_00140", "road_id": "RN_ROAD_00140", "source_road_id": "RN_ROAD_00140", "road_class": "residential", "name": null, "length_m": 43.148642338419968, "sampling_status": "mapped", "sampling_method": "road_line_intersected_raster_cells_all_touched", "sampled_intervals": 6, "scenario_peak_max_depth_m": 0.06670311838388443, "scenario_peak_mean_depth_m": 0.05788152664899826, "scenario_peak_p90_depth_m": 0.064530278742313388, "scenario_peak_interval": "090_120", "scenario_max_fraction_gt_0_02m": 1.0, "scenario_max_fraction_gt_0_10m": 0.0, "scenario_max_fraction_gt_0_30m": 0.0, "flood_risk": "low", "flood_risk_rank": 1, "risk_policy": "prototype_depth_band_v1" }, "geometry": { "type": "LineString", "coordinates": [ [ 378015.469509068061598, 2045967.471269831992686 ], [ 377995.716062379244249, 2045990.693398722913116 ], [ 377992.680104318016674, 2046002.98553069261834 ] ] } },
{ "type": "Feature", "properties": { "edge_id": "RN_ROAD_00110", "road_id": "RN_ROAD_00110", "source_road_id": "RN_ROAD_00110", "road_class": "residential", "name": [ "Janata Vasahat Road" ], "length_m": 160.44199789733528, "sampling_status": "mapped", "sampling_method": "road_line_intersected_raster_cells_all_touched", "sampled_intervals": 6, "scenario_peak_max_depth_m": 0.001138008781708777, "scenario_peak_mean_depth_m": 0.00075644117896445096, "scenario_peak_p90_depth_m": 0.0011203212197870016, "scenario_peak_interval": "090_120", "scenario_max_fraction_gt_0_02m": 0.0, "scenario_max_fraction_gt_0_10m": 0.0, "scenario_max_fraction_gt_0_30m": 0.0, "flood_risk": "minimal", "flood_risk_rank": 0, "risk_policy": "prototype_depth_band_v1" }, "geometry": { "type": "LineString", "coordinates": [ [ 378355.401598811382428, 2045863.6090735392645 ], [ 378389.017357061966322, 2045866.681290102656931 ], [ 378425.913295609236229, 2045864.254756190348417 ], [ 378457.277131612761877, 2045858.576840128516778 ], [ 378502.873693634057418, 2045838.034557047532871 ], [ 378509.388630374742206, 2045833.697469162056223 ] ] } },
{ "type": "Feature", "properties": { "edge_id": "RN_ROAD_00112", "road_id": "RN_ROAD_00112", "source_road_id": "RN_ROAD_00112", "road_class": "residential", "name": [ "Janata Vasahat Road" ], "length_m": 75.96312059419445, "sampling_status": "mapped", "sampling_method": "road_line_intersected_raster_cells_all_touched", "sampled_intervals": 6, "scenario_peak_max_depth_m": 0.00081590854097157717, "scenario_peak_mean_depth_m": 0.00024428208143945085, "scenario_peak_p90_depth_m": 0.00059459237454575499, "scenario_peak_interval": "090_120", "scenario_max_fraction_gt_0_02m": 0.0, "scenario_max_fraction_gt_0_10m": 0.0, "scenario_max_fraction_gt_0_30m": 0.0, "flood_risk": "minimal", "flood_risk_rank": 0, "risk_policy": "prototype_depth_band_v1" }, "geometry": { "type": "LineString", "coordinates": [ [ 378283.959865158074535, 2045851.250229324679822 ], [ 378289.208489226410165, 2045851.43804125697352 ], [ 378310.273991177848075, 2045851.735125977778807 ], [ 378343.207903426955454, 2045852.188870871439576 ], [ 378355.401598811382428, 2045863.6090735392645 ] ] } },
{ "type": "Feature", "properties": { "edge_id": "RN_ROAD_00113", "road_id": "RN_ROAD_00113", "source_road_id": "RN_ROAD_00113", "road_class": "residential", "name": null, "length_m": 80.273445596090852, "sampling_status": "mapped", "sampling_method": "road_line_intersected_raster_cells_all_touched", "sampled_intervals": 6, "scenario_peak_max_depth_m": 0.00081590854097157717, "scenario_peak_mean_depth_m": 0.00040054094824881759, "scenario_peak_p90_depth_m": 0.00073463973822072157, "scenario_peak_interval": "090_120", "scenario_max_fraction_gt_0_02m": 0.0, "scenario_max_fraction_gt_0_10m": 0.0, "scenario_max_fraction_gt_0_30m": 0.0, "flood_risk": "minimal", "flood_risk_rank": 0, "risk_policy": "prototype_depth_band_v1" }, "geometry": { "type": "LineString", "coordinates": [ [ 378283.959865158074535, 2045851.250229324679822 ], [ 378290.789237943128683, 2045864.198619912611321 ], [ 378302.157696158741601, 2045867.080767765408382 ], [ 378346.734246741922107, 2045867.061789668165147 ], [ 378355.401598811382428, 2045863.6090735392645 ] ] } },
{ "type": "Feature", "properties": { "edge_id": "RN_ROAD_00114", "road_id": "RN_ROAD_00114", "source_road_id": "RN_ROAD_00114", "road_class": "primary", "name": [ "Tanaji Malusare Path" ], "length_m": 45.480584109806529, "sampling_status": "mapped", "sampling_method": "road_line_intersected_raster_cells_all_touched", "sampled_intervals": 6, "scenario_peak_max_depth_m": 0.0084285950288176537, "scenario_peak_mean_depth_m": 0.0067477491684257984, "scenario_peak_p90_depth_m": 0.0080924258567392823, "scenario_peak_interval": "090_120", "scenario_max_fraction_gt_0_02m": 0.0, "scenario_max_fraction_gt_0_10m": 0.0, "scenario_max_fraction_gt_0_30m": 0.0, "flood_risk": "minimal", "flood_risk_rank": 0, "risk_policy": "prototype_depth_band_v1" }, "geometry": { "type": "LineString", "coordinates": [ [ 378548.217307804967277, 2045925.247845253907144 ], [ 378563.717602368211374, 2045913.79491931386292 ], [ 378584.794022357382346, 2045898.217723624547943 ] ] } },
{ "type": "Feature", "properties": { "edge_id": "RN_ROAD_00117", "road_id": "RN_ROAD_00117", "source_road_id": "RN_ROAD_00117", "road_class": "primary", "name": [ "Tanaji Malusare Path" ], "length_m": 30.053876706228625, "sampling_status": "mapped", "sampling_method": "road_line_intersected_raster_cells_all_touched", "sampled_intervals": 6, "scenario_peak_max_depth_m": 0.021678229793906212, "scenario_peak_mean_depth_m": 0.015053412411361933, "scenario_peak_p90_depth_m": 0.020353266317397357, "scenario_peak_interval": "090_120", "scenario_max_fraction_gt_0_02m": 0.5, "scenario_max_fraction_gt_0_10m": 0.0, "scenario_max_fraction_gt_0_30m": 0.0, "flood_risk": "low", "flood_risk_rank": 1, "risk_policy": "prototype_depth_band_v1" }, "geometry": { "type": "LineString", "coordinates": [ [ 378523.472137919685338, 2045942.303989965468645 ], [ 378548.217307804967277, 2045925.247845253907144 ] ] } },
{ "type": "Feature", "properties": { "edge_id": "RN_ROAD_00119", "road_id": "RN_ROAD_00119", "source_road_id": "RN_ROAD_00119", "road_class": "residential", "name": null, "length_m": 54.960348225558832, "sampling_status": "mapped", "sampling_method": "road_line_intersected_raster_cells_all_touched", "sampled_intervals": 6, "scenario_peak_max_depth_m": 0.0084285950288176537, "scenario_peak_mean_depth_m": 0.0069412034936249256, "scenario_peak_p90_depth_m": 0.0081311167217791077, "scenario_peak_interval": "090_120", "scenario_max_fraction_gt_0_02m": 0.0, "scenario_max_fraction_gt_0_10m": 0.0, "scenario_max_fraction_gt_0_30m": 0.0, "flood_risk": "minimal", "flood_risk_rank": 0, "risk_policy": "prototype_depth_band_v1" }, "geometry": { "type": "LineString", "coordinates": [ [ 378585.498781368252821, 2045962.245675005251542 ], [ 378565.954374583438039, 2045953.32102774688974 ], [ 378561.110659450758249, 2045948.737188124330714 ], [ 378557.82482902117772, 2045943.413038307102397 ], [ 378548.217307804967277, 2045925.247845253907144 ] ] } },
{ "type": "Feature", "properties": { "edge_id": "RN_ROAD_00115", "road_id": "RN_ROAD_00115", "source_road_id": "RN_ROAD_00115", "road_class": "primary", "name": [ "Tanaji Malusare Path" ], "length_m": 136.05104111833137, "sampling_status": "mapped", "sampling_method": "road_line_intersected_raster_cells_all_touched", "sampled_intervals": 6, "scenario_peak_max_depth_m": 0.039153963327407837, "scenario_peak_mean_depth_m": 0.020431429070110124, "scenario_peak_p90_depth_m": 0.037309776991605759, "scenario_peak_interval": "090_120", "scenario_max_fraction_gt_0_02m": 0.5, "scenario_max_fraction_gt_0_10m": 0.0, "scenario_max_fraction_gt_0_30m": 0.0, "flood_risk": "low", "flood_risk_rank": 1, "risk_policy": "prototype_depth_band_v1" }, "geometry": { "type": "LineString", "coordinates": [ [ 378584.651925425510854, 2045885.307983956532553 ], [ 378561.564895743795205, 2045902.377011761534959 ], [ 378542.092319104936905, 2045916.765724039170891 ], [ 378535.690381029911805, 2045921.155630456516519 ], [ 378519.270387812692206, 2045932.426313395146281 ], [ 378473.553084101877175, 2045963.803382368991151 ] ] } },
{ "type": "Feature", "properties": { "edge_id": "RN_ROAD_00121", "road_id": "RN_ROAD_00121", "source_road_id": "RN_ROAD_00121", "road_class": "residential", "name": null, "length_m": 10.468915959375558, "sampling_status": "mapped", "sampling_method": "road_line_intersected_raster_cells_all_touched", "sampled_intervals": 6, "scenario_peak_max_depth_m": 0.039153963327407837, "scenario_peak_mean_depth_m": 0.039153963327407837, "scenario_peak_p90_depth_m": 0.039153963327407837, "scenario_peak_interval": "090_120", "scenario_max_fraction_gt_0_02m": 1.0, "scenario_max_fraction_gt_0_10m": 0.0, "scenario_max_fraction_gt_0_30m": 0.0, "flood_risk": "low", "flood_risk_rank": 1, "risk_policy": "prototype_depth_band_v1" }, "geometry": { "type": "LineString", "coordinates": [ [ 378479.036823435861152, 2045972.721162601839751 ], [ 378473.553084101877175, 2045963.803382368991151 ] ] } },
{ "type": "Feature", "properties": { "edge_id": "RN_ROAD_00123", "road_id": "RN_ROAD_00123", "source_road_id": "RN_ROAD_00123", "road_class": "primary", "name": [ "Tanaji Malusare Path" ], "length_m": 108.90698269835133, "sampling_status": "mapped", "sampling_method": "road_line_intersected_raster_cells_all_touched", "sampled_intervals": 6, "scenario_peak_max_depth_m": 0.093374960124492645, "scenario_peak_mean_depth_m": 0.05503871515393257, "scenario_peak_p90_depth_m": 0.08229992538690567, "scenario_peak_interval": "090_120", "scenario_max_fraction_gt_0_02m": 1.0, "scenario_max_fraction_gt_0_10m": 0.0, "scenario_max_fraction_gt_0_30m": 0.0, "flood_risk": "low", "flood_risk_rank": 1, "risk_policy": "prototype_depth_band_v1" }, "geometry": { "type": "LineString", "coordinates": [ [ 378473.553084101877175, 2045963.803382368991151 ], [ 378461.115588700864464, 2045970.422956555616111 ], [ 378445.032521341054235, 2045976.567800736287609 ], [ 378370.492622513789684, 2045998.147058086236939 ] ] } },
{ "type": "Feature", "properties": { "edge_id": "RN_ROAD_00116", "road_id": "RN_ROAD_00116", "source_road_id": "RN_ROAD_00116", "road_class": "residential", "name": null, "length_m": 59.086674610956081, "sampling_status": "mapped", "sampling_method": "road_line_intersected_raster_cells_all_touched", "sampled_intervals": 6, "scenario_peak_max_depth_m": 0.00023260130546987057, "scenario_peak_mean_depth_m": 0.00016322449422053373, "scenario_peak_p90_depth_m": 0.00021791662147734313, "scenario_peak_interval": "090_120", "scenario_max_fraction_gt_0_02m": 0.0, "scenario_max_fraction_gt_0_10m": 0.0, "scenario_max_fraction_gt_0_30m": 0.0, "flood_risk": "minimal", "flood_risk_rank": 0, "risk_policy": "prototype_depth_band_v1" }, "geometry": { "type": "LineString", "coordinates": [ [ 378186.822422218043357, 2045941.796727965120226 ], [ 378208.177933463826776, 2045886.704285143874586 ] ] } },
{ "type": "Feature", "properties": { "edge_id": "RN_ROAD_00120", "road_id": "RN_ROAD_00120", "source_road_id": "RN_ROAD_00120", "road_class": "residential", "name": null, "length_m": 242.8930941847801, "sampling_status": "mapped", "sampling_method": "road_line_intersected_raster_cells_all_touched", "sampled_intervals": 6, "scenario_peak_max_depth_m": 0.093374960124492645, "scenario_peak_mean_depth_m": 0.016917353808013205, "scenario_peak_p90_depth_m": 0.044153274595737466, "scenario_peak_interval": "090_120", "scenario_max_fraction_gt_0_02m": 0.22222222222222221, "scenario_max_fraction_gt_0_10m": 0.0, "scenario_max_fraction_gt_0_30m": 0.0, "flood_risk": "low", "flood_risk_rank": 1, "risk_policy": "prototype_depth_band_v1" }, "geometry": { "type": "LineString", "coordinates": [ [ 378370.492622513789684, 2045998.147058086236939 ], [ 378366.323658822453581, 2045935.515485411742702 ], [ 378289.478183925850317, 2045944.925615782849491 ], [ 378260.997307327459566, 2045944.056203976739198 ], [ 378186.822422218043357, 2045941.796727965120226 ] ] } },
{ "type": "Feature", "properties": { "edge_id": "RN_ROAD_00131", "road_id": "RN_ROAD_00131", "source_road_id": "RN_ROAD_00131", "road_class": "residential", "name": null, "length_m": 84.176353483319104, "sampling_status": "mapped", "sampling_method": "road_line_intersected_raster_cells_all_touched", "sampled_intervals": 6, "scenario_peak_max_depth_m": 0.0021061955485492945, "scenario_peak_mean_depth_m": 0.00071406651259167122, "scenario_peak_p90_depth_m": 0.0017654071561992168, "scenario_peak_interval": "090_120", "scenario_max_fraction_gt_0_02m": 0.0, "scenario_max_fraction_gt_0_10m": 0.0, "scenario_max_fraction_gt_0_30m": 0.0, "flood_risk": "minimal", "flood_risk_rank": 0, "risk_policy": "prototype_depth_band_v1" }, "geometry": { "type": "LineString", "coordinates": [ [ 378159.510487970197573, 2046021.384132673498243 ], [ 378160.979312001145445, 2046018.276137142907828 ], [ 378162.933594545233063, 2046013.482938291504979 ], [ 378165.90875386481639, 2046004.876355733256787 ], [ 378186.822422218043357, 2045941.796727965120226 ] ] } },
{ "type": "Feature", "properties": { "edge_id": "RN_ROAD_00118", "road_id": "RN_ROAD_00118", "source_road_id": "RN_ROAD_00118", "road_class": "primary", "name": [ "Tanaji Malusare Path" ], "length_m": 53.848877095694007, "sampling_status": "mapped", "sampling_method": "road_line_intersected_raster_cells_all_touched", "sampled_intervals": 6, "scenario_peak_max_depth_m": 0.039153963327407837, "scenario_peak_mean_depth_m": 0.027187282918021083, "scenario_peak_p90_depth_m": 0.03804745152592659, "scenario_peak_interval": "090_120", "scenario_max_fraction_gt_0_02m": 0.75, "scenario_max_fraction_gt_0_10m": 0.0, "scenario_max_fraction_gt_0_30m": 0.0, "flood_risk": "low", "flood_risk_rank": 1, "risk_policy": "prototype_depth_band_v1" }, "geometry": { "type": "LineString", "coordinates": [ [ 378479.036823435861152, 2045972.721162601839751 ], [ 378523.472137919685338, 2045942.303989965468645 ] ] } },
{ "type": "Feature", "properties": { "edge_id": "RN_ROAD_00122", "road_id": "RN_ROAD_00122", "source_road_id": "RN_ROAD_00122", "road_class": "residential", "name": null, "length_m": 72.647962980780818, "sampling_status": "mapped", "sampling_method": "road_line_intersected_raster_cells_all_touched", "sampled_intervals": 6, "scenario_peak_max_depth_m": 0.021678229793906212, "scenario_peak_mean_depth_m": 0.01102798932697624, "scenario_peak_p90_depth_m": 0.01891016522422433, "scenario_peak_interval": "090_120", "scenario_max_fraction_gt_0_02m": 0.25, "scenario_max_fraction_gt_0_10m": 0.0, "scenario_max_fraction_gt_0_30m": 0.0, "flood_risk": "low", "flood_risk_rank": 1, "risk_policy": "prototype_depth_band_v1" }, "geometry": { "type": "LineString", "coordinates": [ [ 378523.472137919685338, 2045942.303989965468645 ], [ 378559.875985269842204, 2046005.172793225618079 ] ] } },
{ "type": "Feature", "properties": { "edge_id": "RN_ROAD_00124", "road_id": "RN_ROAD_00124", "source_road_id": "RN_ROAD_00124", "road_class": "primary", "name": [ "Tanaji Malusare Path" ], "length_m": 56.459145238010457, "sampling_status": "mapped", "sampling_method": "road_line_intersected_raster_cells_all_touched", "sampled_intervals": 6, "scenario_peak_max_depth_m": 0.039153963327407837, "scenario_peak_mean_depth_m": 0.02972221312423547, "scenario_peak_p90_depth_m": 0.037968667596578597, "scenario_peak_interval": "090_120", "scenario_max_fraction_gt_0_02m": 0.66666666666666663, "scenario_max_fraction_gt_0_10m": 0.0, "scenario_max_fraction_gt_0_30m": 0.0, "flood_risk": "low", "flood_risk_rank": 1, "risk_policy": "prototype_depth_band_v1" }, "geometry": { "type": "LineString", "coordinates": [ [ 378426.479854275705293, 2045992.79887037887238 ], [ 378448.379200669412967, 2045986.461983095854521 ], [ 378465.494514813297428, 2045979.93429984874092 ], [ 378479.036823435861152, 2045972.721162601839751 ] ] } },
{ "type": "Feature", "properties": { "edge_id": "RN_ROAD_00126", "road_id": "RN_ROAD_00126", "source_road_id": "RN_ROAD_00126", "road_class": "residential", "name": null, "length_m": 61.679368199639498, "sampling_status": "mapped", "sampling_method": "road_line_intersected_raster_cells_all_touched", "sampled_intervals": 6, "scenario_peak_max_depth_m": 0.039153963327407837, "scenario_peak_mean_depth_m": 0.016753227973822504, "scenario_peak_p90_depth_m": 0.032443331740796569, "scenario_peak_interval": "090_120", "scenario_max_fraction_gt_0_02m": 0.25, "scenario_max_fraction_gt_0_10m": 0.0, "scenario_max_fraction_gt_0_30m": 0.0, "flood_risk": "low", "flood_risk_rank": 1, "risk_policy": "prototype_depth_band_v1" }, "geometry": { "type": "LineString", "coordinates": [ [ 378494.626354666484986, 2046031.583732994040474 ], [ 378490.607234358089045, 2045997.35874049901031 ], [ 378479.036823435861152, 2045972.721162601839751 ] ] } },
{ "type": "Feature", "properties": { "edge_id": "RN_ROAD_00128", "road_id": "RN_ROAD_00128", "source_road_id": "RN_ROAD_00128", "road_class": "primary", "name": [ "Tanaji Malusare Path" ], "length_m": 142.270319038286, "sampling_status": "mapped", "sampling_method": "road_line_intersected_raster_cells_all_touched", "sampled_intervals": 6, "scenario_peak_max_depth_m": 0.093374960124492645, "scenario_peak_mean_depth_m": 0.061541690890278132, "scenario_peak_p90_depth_m": 0.082116799056530007, "scenario_peak_interval": "090_120", "scenario_max_fraction_gt_0_02m": 1.0, "scenario_max_fraction_gt_0_10m": 0.0, "scenario_max_fraction_gt_0_30m": 0.0, "flood_risk": "low", "flood_risk_rank": 1, "risk_policy": "prototype_depth_band_v1" }, "geometry": { "type": "LineString", "coordinates": [ [ 378370.492622513789684, 2045998.147058086236939 ], [ 378300.674163426505402, 2046018.35742833185941 ], [ 378291.96518400660716, 2046020.239005949581042 ], [ 378285.501951615791768, 2046021.630388083867729 ], [ 378275.089019361534156, 2046022.86993578216061 ], [ 378262.432984062237665, 2046023.360232745530084 ], [ 378249.069726126152091, 2046023.877189036924392 ], [ 378231.539674392086454, 2046023.314132730476558 ] ] } },
{ "type": "Feature", "properties": { "edge_id": "RN_ROAD_00125", "road_id": "RN_ROAD_00125", "source_road_id": "RN_ROAD_00125", "road_class": "residential", "name": null, "length_m": 13.576181017408409, "sampling_status": "mapped", "sampling_method": "road_line_intersected_raster_cells_all_touched", "sampled_intervals": 6, "scenario_peak_max_depth_m": 0.004528567660599947, "scenario_peak_mean_depth_m": 0.004528567660599947, "scenario_peak_p90_depth_m": 0.004528567660599947, "scenario_peak_interval": "090_120", "scenario_max_fraction_gt_0_02m": 0.0, "scenario_max_fraction_gt_0_10m": 0.0, "scenario_max_fraction_gt_0_30m": 0.0, "flood_risk": "minimal", "flood_risk_rank": 0, "risk_policy": "prototype_depth_band_v1" }, "geometry": { "type": "LineString", "coordinates": [ [ 378559.875985269842204, 2046005.172793225618079 ], [ 378567.808828968205489, 2045994.155412326566875 ] ] } },
{ "type": "Feature", "properties": { "edge_id": "RN_ROAD_00150", "road_id": "RN_ROAD_00150", "source_road_id": "RN_ROAD_00150", "road_class": "residential", "name": null, "length_m": 73.062085506970291, "sampling_status": "mapped", "sampling_method": "road_line_intersected_raster_cells_all_touched", "sampled_intervals": 6, "scenario_peak_max_depth_m": 0.004528567660599947, "scenario_peak_mean_depth_m": 0.0031456806464120746, "scenario_peak_p90_depth_m": 0.004328456078656018, "scenario_peak_interval": "090_120", "scenario_max_fraction_gt_0_02m": 0.0, "scenario_max_fraction_gt_0_10m": 0.0, "scenario_max_fraction_gt_0_30m": 0.0, "flood_risk": "minimal", "flood_risk_rank": 0, "risk_policy": "prototype_depth_band_v1" }, "geometry": { "type": "LineString", "coordinates": [ [ 378494.626354666484986, 2046031.583732994040474 ], [ 378531.113213285570964, 2046026.315917386673391 ], [ 378539.738993575389031, 2046022.974211314925924 ], [ 378546.098242863779888, 2046018.518177155638114 ], [ 378559.875985269842204, 2046005.172793225618079 ] ] } },
{ "type": "Feature", "properties": { "edge_id": "RN_ROAD_00127", "road_id": "RN_ROAD_00127", "source_road_id": "RN_ROAD_00127", "road_class": "primary", "name": [ "Tanaji Malusare Path" ], "length_m": 106.52342091402076, "sampling_status": "mapped", "sampling_method": "road_line_intersected_raster_cells_all_touched", "sampled_intervals": 6, "scenario_peak_max_depth_m": 0.093374960124492645, "scenario_peak_mean_depth_m": 0.063270616655548409, "scenario_peak_p90_depth_m": 0.085723631083965302, "scenario_peak_interval": "090_120", "scenario_max_fraction_gt_0_02m": 1.0, "scenario_max_fraction_gt_0_10m": 0.0, "scenario_max_fraction_gt_0_30m": 0.0, "flood_risk": "low", "flood_risk_rank": 1, "risk_policy": "prototype_depth_band_v1" }, "geometry": { "type": "LineString", "coordinates": [ [ 378324.170792219578288, 2046022.423715462442487 ], [ 378329.629210594459437, 2046020.751033981796354 ], [ 378345.614613964338787, 2046015.857218677410856 ], [ 378351.663135455106385, 2046014.003713917918503 ], [ 378373.106974372756667, 2046007.437249195529148 ], [ 378426.479854275705293, 2045992.79887037887238 ] ] } },
{ "type": "Feature", "properties": { "edge_id": "RN_ROAD_00149", "road_id": "RN_ROAD_00149", "source_road_id": "RN_ROAD_00149", "road_class": "residential", "name": null, "length_m": 105.59200991133739, "sampling_status": "mapped", "sampling_method": "road_line_intersected_raster_cells_all_touched", "sampled_intervals": 6, "scenario_peak_max_depth_m": 0.033227484673261642, "scenario_peak_mean_depth_m": 0.014727524074260145, "scenario_peak_p90_depth_m": 0.027321134135127073, "scenario_peak_interval": "090_120", "scenario_max_fraction_gt_0_02m": 0.25, "scenario_max_fraction_gt_0_10m": 0.0, "scenario_max_fraction_gt_0_30m": 0.0, "flood_risk": "low", "flood_risk_rank": 1, "risk_policy": "prototype_depth_band_v1" }, "geometry": { "type": "LineString", "coordinates": [ [ 378426.479854275705293, 2045992.79887037887238 ], [ 378425.963287137798034, 2046026.023611027514562 ], [ 378426.777136486431118, 2046029.471147968433797 ], [ 378428.892017978709191, 2046031.637745297048241 ], [ 378432.718198061338626, 2046032.288391241570935 ], [ 378494.626354666484986, 2046031.583732994040474 ] ] } },
{ "type": "Feature", "properties": { "edge_id": "RN_ROAD_00154", "road_id": "RN_ROAD_00154", "source_road_id": "RN_ROAD_00154", "road_class": "residential", "name": null, "length_m": 137.25765877616305, "sampling_status": "mapped", "sampling_method": "road_line_intersected_raster_cells_all_touched", "sampled_intervals": 6, "scenario_peak_max_depth_m": 0.003861529054120183, "scenario_peak_mean_depth_m": 0.0021138329175300896, "scenario_peak_p90_depth_m": 0.0033457189332693816, "scenario_peak_interval": "090_120", "scenario_max_fraction_gt_0_02m": 0.0, "scenario_max_fraction_gt_0_10m": 0.0, "scenario_max_fraction_gt_0_30m": 0.0, "flood_risk": "minimal", "flood_risk_rank": 0, "risk_policy": "prototype_depth_band_v1" }, "geometry": { "type": "LineString", "coordinates": [ [ 378567.847539894166403, 2046081.425053198356181 ], [ 378503.106877235812135, 2046096.544974280754104 ], [ 378498.910772984381765, 2046095.830274986103177 ], [ 378494.955633951234631, 2046093.16634754720144 ], [ 378493.681304475467186, 2046087.043666866607964 ], [ 378494.271225126693025, 2046075.243085131747648 ], [ 378495.128011249704286, 2046047.339138546958566 ], [ 378494.626354666484986, 2046031.583732994040474 ] ] } },
{ "type": "Feature", "properties": { "edge_id": "RN_ROAD_00153", "road_id": "RN_ROAD_00153", "source_road_id": "RN_ROAD_00153", "road_class": "primary", "name": [ "Tanaji Malusare Path" ], "length_m": 94.324018223088331, "sampling_status": "mapped", "sampling_method": "road_line_intersected_raster_cells_all_touched", "sampled_intervals": 6, "scenario_peak_max_depth_m": 0.074611358344554901, "scenario_peak_mean_depth_m": 0.061931497417390347, "scenario_peak_p90_depth_m": 0.070306947082281121, "scenario_peak_interval": "090_120", "scenario_max_fraction_gt_0_02m": 1.0, "scenario_max_fraction_gt_0_10m": 0.0, "scenario_max_fraction_gt_0_30m": 0.0, "flood_risk": "low", "flood_risk_rank": 1, "risk_policy": "prototype_depth_band_v1" }, "geometry": { "type": "LineString", "coordinates": [ [ 378231.184041684493423, 2046033.752062551677227 ], [ 378249.104788281489164, 2046034.323688444215804 ], [ 378275.915750936488621, 2046033.289245014544576 ], [ 378287.246487873431761, 2046031.933171466691419 ], [ 378303.262174518895335, 2046028.477763411821797 ], [ 378324.170792219578288, 2046022.423715462442487 ] ] } },
{ "type": "Feature", "properties": { "edge_id": "RN_ROAD_00155", "road_id": "RN_ROAD_00155", "source_road_id": "RN_ROAD_00155", "road_class": "residential", "name": null, "length_m": 127.4605055943359, "sampling_status": "mapped", "sampling_method": "road_line_intersected_raster_cells_all_touched", "sampled_intervals": 6, "scenario_peak_max_depth_m": 0.12913177907466888, "scenario_peak_mean_depth_m": 0.067154656785229846, "scenario_peak_p90_depth_m": 0.12201093882322311, "scenario_peak_interval": "090_120", "scenario_max_fraction_gt_0_02m": 1.0, "scenario_max_fraction_gt_0_10m": 0.33333333333333331, "scenario_max_fraction_gt_0_30m": 0.0, "flood_risk": "moderate", "flood_risk_rank": 2, "risk_policy": "prototype_depth_band_v1" }, "geometry": { "type": "LineString", "coordinates": [ [ 378347.955112550000194, 2046129.450363002251834 ], [ 378346.12013755767839, 2046093.396543639712036 ], [ 378328.610081540537067, 2046095.95401132828556 ], [ 378324.170792219578288, 2046022.423715462442487 ] ] } },
{ "type": "Feature", "properties": { "edge_id": "RN_ROAD_00151", "road_id": "RN_ROAD_00151", "source_road_id": "RN_ROAD_00151", "road_class": "primary", "name": [ "Tanaji Malusare Path" ], "length_m": 72.055483242668643, "sampling_status": "mapped", "sampling_method": "road_line_intersected_raster_cells_all_touched", "sampled_intervals": 6, "scenario_peak_max_depth_m": 0.057862475514411926, "scenario_peak_mean_depth_m": 0.038070645881816745, "scenario_peak_p90_depth_m": 0.057138633728027341, "scenario_peak_interval": "090_120", "scenario_max_fraction_gt_0_02m": 0.66666666666666663, "scenario_max_fraction_gt_0_10m": 0.0, "scenario_max_fraction_gt_0_30m": 0.0, "flood_risk": "low", "flood_risk_rank": 1, "risk_policy": "prototype_depth_band_v1" }, "geometry": { "type": "LineString", "coordinates": [ [ 378231.539674392086454, 2046023.314132730476558 ], [ 378210.017829217656981, 2046022.621671101776883 ], [ 378168.349032827536575, 2046021.604290400631726 ], [ 378159.510487970197573, 2046021.384132673498243 ] ] } },
{ "type": "Feature", "properties": { "edge_id": "RN_ROAD_00152", "road_id": "RN_ROAD_00152", "source_road_id": "RN_ROAD_00152", "road_class": "primary_link", "name": null, "length_m": 10.443986479071111, "sampling_status": "mapped", "sampling_method": "road_line_intersected_raster_cells_all_touched", "sampled_intervals": 6, "scenario_peak_max_depth_m": 0.057862475514411926, "scenario_peak_mean_depth_m": 0.057862475514411926, "scenario_peak_p90_depth_m": 0.057862475514411926, "scenario_peak_interval": "090_120", "scenario_max_fraction_gt_0_02m": 1.0, "scenario_max_fraction_gt_0_10m": 0.0, "scenario_max_fraction_gt_0_30m": 0.0, "flood_risk": "low", "flood_risk_rank": 1, "risk_policy": "prototype_depth_band_v1" }, "geometry": { "type": "LineString", "coordinates": [ [ 378231.184041684493423, 2046033.752062551677227 ], [ 378231.539674392086454, 2046023.314132730476558 ] ] } },
{ "type": "Feature", "properties": { "edge_id": "RN_ROAD_00133", "road_id": "RN_ROAD_00133", "source_road_id": "RN_ROAD_00133", "road_class": "primary", "name": [ "['Tanaji Malusare Path' 'Sinhagad Road']" ], "length_m": 11.786148110048545, "sampling_status": "mapped", "sampling_method": "road_line_intersected_raster_cells_all_touched", "sampled_intervals": 6, "scenario_peak_max_depth_m": 0.0095147397369146347, "scenario_peak_mean_depth_m": 0.0095147397369146347, "scenario_peak_p90_depth_m": 0.0095147397369146347, "scenario_peak_interval": "090_120", "scenario_max_fraction_gt_0_02m": 0.0, "scenario_max_fraction_gt_0_10m": 0.0, "scenario_max_fraction_gt_0_30m": 0.0, "flood_risk": "minimal", "flood_risk_rank": 0, "risk_policy": "prototype_depth_band_v1" }, "geometry": { "type": "LineString", "coordinates": [ [ 378143.423078025050927, 2046020.225412438856438 ], [ 378142.237009420467075, 2046019.668607246130705 ], [ 378137.440724213607609, 2046017.563450670568272 ], [ 378132.644437884155195, 2046015.458295245654881 ] ] } },
{ "type": "Feature", "properties": { "edge_id": "RN_ROAD_00135", "road_id": "RN_ROAD_00135", "source_road_id": "RN_ROAD_00135", "road_class": "primary", "name": [ "Lalbahadur Shashtri Marg" ], "length_m": 11.829410221436186, "sampling_status": "mapped", "sampling_method": "road_line_intersected_raster_cells_all_touched", "sampled_intervals": 6, "scenario_peak_max_depth_m": 0.0095147397369146347, "scenario_peak_mean_depth_m": 0.0095147397369146347, "scenario_peak_p90_depth_m": 0.0095147397369146347, "scenario_peak_interval": "090_120", "scenario_max_fraction_gt_0_02m": 0.0, "scenario_max_fraction_gt_0_10m": 0.0, "scenario_max_fraction_gt_0_30m": 0.0, "flood_risk": "minimal", "flood_risk_rank": 0, "risk_policy": "prototype_depth_band_v1" }, "geometry": { "type": "LineString", "coordinates": [ [ 378132.644437884155195, 2046015.458295245654881 ], [ 378130.279631157347467, 2046027.048922292189673 ] ] } },
{ "type": "Feature", "properties": { "edge_id": "RN_ROAD_00132", "road_id": "RN_ROAD_00132", "source_road_id": "RN_ROAD_00132", "road_class": "primary", "name": [ "Sinhagad Road" ], "length_m": 37.837545133995057, "sampling_status": "mapped", "sampling_method": "road_line_intersected_raster_cells_all_touched", "sampled_intervals": 6, "scenario_peak_max_depth_m": 0.021777989342808723, "scenario_peak_mean_depth_m": 0.012892948153118292, "scenario_peak_p90_depth_m": 0.019325339421629905, "scenario_peak_interval": "090_120", "scenario_max_fraction_gt_0_02m": 0.33333333333333331, "scenario_max_fraction_gt_0_10m": 0.0, "scenario_max_fraction_gt_0_30m": 0.0, "flood_risk": "low", "flood_risk_rank": 1, "risk_policy": "prototype_depth_band_v1" }, "geometry": { "type": "LineString", "coordinates": [ [ 378100.849886657088064, 2046003.267207483993843 ], [ 378121.598231644020416, 2046020.032977737719193 ], [ 378130.279631157347467, 2046027.048922292189673 ] ] } },
{ "type": "Feature", "properties": { "edge_id": "RN_ROAD_00158", "road_id": "RN_ROAD_00158", "source_road_id": "RN_ROAD_00158", "road_class": "residential", "name": null, "length_m": 82.728427179844957, "sampling_status": "mapped", "sampling_method": "road_line_intersected_raster_cells_all_touched", "sampled_intervals": 6, "scenario_peak_max_depth_m": 0.03523823618888855, "scenario_peak_mean_depth_m": 0.01959692742675543, "scenario_peak_p90_depth_m": 0.030031008273363115, "scenario_peak_interval": "090_120", "scenario_max_fraction_gt_0_02m": 0.6, "scenario_max_fraction_gt_0_10m": 0.0, "scenario_max_fraction_gt_0_30m": 0.0, "flood_risk": "low", "flood_risk_rank": 1, "risk_policy": "prototype_depth_band_v1" }, "geometry": { "type": "LineString", "coordinates": [ [ 378100.849886657088064, 2046003.267207483993843 ], [ 378096.710404027020559, 2046016.363161555258557 ], [ 378075.930605958041269, 2046082.153341045603156 ] ] } },
{ "type": "Feature", "properties": { "edge_id": "RN_ROAD_00134", "road_id": "RN_ROAD_00134", "source_road_id": "RN_ROAD_00134", "road_class": "primary", "name": [ "Tanaji Malusare Path" ], "length_m": 16.12908526003169, "sampling_status": "mapped", "sampling_method": "road_line_intersected_raster_cells_all_touched", "sampled_intervals": 6, "scenario_peak_max_depth_m": 0.0095147397369146347, "scenario_peak_mean_depth_m": 0.0058104676427319646, "scenario_peak_p90_depth_m": 0.0087738853180781007, "scenario_peak_interval": "090_120", "scenario_max_fraction_gt_0_02m": 0.0, "scenario_max_fraction_gt_0_10m": 0.0, "scenario_max_fraction_gt_0_30m": 0.0, "flood_risk": "minimal", "flood_risk_rank": 0, "risk_policy": "prototype_depth_band_v1" }, "geometry": { "type": "LineString", "coordinates": [ [ 378159.510487970197573, 2046021.384132673498243 ], [ 378143.423078025050927, 2046020.225412438856438 ] ] } },
{ "type": "Feature", "properties": { "edge_id": "RN_ROAD_00137", "road_id": "RN_ROAD_00137", "source_road_id": "RN_ROAD_00137", "road_class": "primary", "name": [ "Sinhagad Road" ], "length_m": 10.250288392928798, "sampling_status": "mapped", "sampling_method": "road_line_intersected_raster_cells_all_touched", "sampled_intervals": 6, "scenario_peak_max_depth_m": 0.0095147397369146347, "scenario_peak_mean_depth_m": 0.0095147397369146347, "scenario_peak_p90_depth_m": 0.0095147397369146347, "scenario_peak_interval": "090_120", "scenario_max_fraction_gt_0_02m": 0.0, "scenario_max_fraction_gt_0_10m": 0.0, "scenario_max_fraction_gt_0_30m": 0.0, "flood_risk": "minimal", "flood_risk_rank": 0, "risk_policy": "prototype_depth_band_v1" }, "geometry": { "type": "LineString", "coordinates": [ [ 378130.279631157347467, 2046027.048922292189673 ], [ 378135.115669048100244, 2046028.766497093485668 ], [ 378139.941077569150366, 2046030.473074585665017 ] ] } },
{ "type": "Feature", "properties": { "edge_id": "RN_ROAD_00159", "road_id": "RN_ROAD_00159", "source_road_id": "RN_ROAD_00159", "road_class": "primary", "name": [ "Lalbahadur Shashtri Marg" ], "length_m": 70.495843056138654, "sampling_status": "mapped", "sampling_method": "road_line_intersected_raster_cells_all_touched", "sampled_intervals": 6, "scenario_peak_max_depth_m": 0.024975331500172615, "scenario_peak_mean_depth_m": 0.011068950034677982, "scenario_peak_p90_depth_m": 0.018791094794869425, "scenario_peak_interval": "090_120", "scenario_max_fraction_gt_0_02m": 0.2, "scenario_max_fraction_gt_0_10m": 0.0, "scenario_max_fraction_gt_0_30m": 0.0, "flood_risk": "low", "flood_risk_rank": 1, "risk_policy": "prototype_depth_band_v1" }, "geometry": { "type": "LineString", "coordinates": [ [ 378130.279631157347467, 2046027.048922292189673 ], [ 378127.953040800872259, 2046044.615187962306663 ], [ 378121.04479943565093, 2046096.937273373128846 ] ] } },
{ "type": "Feature", "properties": { "edge_id": "RN_ROAD_00136", "road_id": "RN_ROAD_00136", "source_road_id": "RN_ROAD_00136", "road_class": "primary", "name": [ "Lalbahadur Shashtri Marg" ], "length_m": 10.827742355347945, "sampling_status": "mapped", "sampling_method": "road_line_intersected_raster_cells_all_touched", "sampled_intervals": 6, "scenario_peak_max_depth_m": 0.0095147397369146347, "scenario_peak_mean_depth_m": 0.0095147397369146347, "scenario_peak_p90_depth_m": 0.0095147397369146347, "scenario_peak_interval": "090_120", "scenario_max_fraction_gt_0_02m": 0.0, "scenario_max_fraction_gt_0_10m": 0.0, "scenario_max_fraction_gt_0_30m": 0.0, "flood_risk": "minimal", "flood_risk_rank": 0, "risk_policy": "prototype_depth_band_v1" }, "geometry": { "type": "LineString", "coordinates": [ [ 378139.941077569150366, 2046030.473074585665017 ], [ 378141.176850523450412, 2046027.244836481986567 ], [ 378141.80869864608394, 2046025.337367325322703 ], [ 378142.263118310540449, 2046023.751959673129022 ], [ 378143.423078025050927, 2046020.225412438856438 ] ] } },
{ "type": "Feature", "properties": { "edge_id": "RN_ROAD_00138", "road_id": "RN_ROAD_00138", "source_road_id": "RN_ROAD_00138", "road_class": "primary", "name": [ "Tanaji Malusare Path" ], "length_m": 91.341785817649196, "sampling_status": "mapped", "sampling_method": "road_line_intersected_raster_cells_all_touched", "sampled_intervals": 6, "scenario_peak_max_depth_m": 0.057862475514411926, "scenario_peak_mean_depth_m": 0.030931669345591217, "scenario_peak_p90_depth_m": 0.056776712834835055, "scenario_peak_interval": "090_120", "scenario_max_fraction_gt_0_02m": 0.5, "scenario_max_fraction_gt_0_10m": 0.0, "scenario_max_fraction_gt_0_30m": 0.0, "flood_risk": "low", "flood_risk_rank": 1, "risk_policy": "prototype_depth_band_v1" }, "geometry": { "type": "LineString", "coordinates": [ [ 378139.941077569150366, 2046030.473074585665017 ], [ 378163.220110300462693, 2046030.224641512380913 ], [ 378167.233723791432567, 2046030.464577991049737 ], [ 378173.085220985347405, 2046030.825564102968201 ], [ 378200.293523739092052, 2046032.488687310600653 ], [ 378209.514330133213662, 2046033.049480560002849 ], [ 378231.184041684493423, 2046033.752062551677227 ] ] } },
{ "type": "Feature", "properties": { "edge_id": "RN_ROAD_00161", "road_id": "RN_ROAD_00161", "source_road_id": "RN_ROAD_00161", "road_class": "primary", "name": [ "['Lalbahadur Shashtri Marg' 'Dandekar Bridge']" ], "length_m": 188.44953123666878, "sampling_status": "mapped", "sampling_method": "road_line_intersected_raster_cells_all_touched", "sampled_intervals": 6, "scenario_peak_max_depth_m": 0.10918478667736053, "scenario_peak_mean_depth_m": 0.036382757851647005, "scenario_peak_p90_depth_m": 0.082700940966606143, "scenario_peak_interval": "090_120", "scenario_max_fraction_gt_0_02m": 0.44444444444444442, "scenario_max_fraction_gt_0_10m": 0.1111111111111111, "scenario_max_fraction_gt_0_30m": 0.0, "flood_risk": "moderate", "flood_risk_rank": 2, "risk_policy": "prototype_depth_band_v1" }, "geometry": { "type": "LineString", "coordinates": [ [ 378119.142611001851037, 2046217.175356466788799 ], [ 378117.384946264850441, 2046208.134241285966709 ], [ 378117.052883863681927, 2046202.437142833834514 ], [ 378116.898648814298213, 2046199.782181063434109 ], [ 378117.710497598687652, 2046193.004320592153817 ], [ 378127.381704432773404, 2046125.326456896262243 ], [ 378137.816009036148898, 2046046.533012994332239 ], [ 378139.941077569150366, 2046030.473074585665017 ] ] } },
{ "type": "Feature", "properties": { "edge_id": "RN_ROAD_00141", "road_id": "RN_ROAD_00141", "source_road_id": "RN_ROAD_00141", "road_class": "residential", "name": null, "length_m": 45.329052668998401, "sampling_status": "mapped", "sampling_method": "road_line_intersected_raster_cells_all_touched", "sampled_intervals": 6, "scenario_peak_max_depth_m": 0.089426368474960327, "scenario_peak_mean_depth_m": 0.07799522330363591, "scenario_peak_p90_depth_m": 0.087112331390380854, "scenario_peak_interval": "090_120", "scenario_max_fraction_gt_0_02m": 1.0, "scenario_max_fraction_gt_0_10m": 0.0, "scenario_max_fraction_gt_0_30m": 0.0, "flood_risk": "low", "flood_risk_rank": 1, "risk_policy": "prototype_depth_band_v1" }, "geometry": { "type": "LineString", "coordinates": [ [ 377992.680104318016674, 2046002.98553069261834 ], [ 377978.158245158789214, 2046002.292783554643393 ], [ 377959.933327126316726, 2046005.3420882942155 ], [ 377948.130679637251887, 2046008.848271226510406 ] ] } },
{ "type": "Feature", "properties": { "edge_id": "RN_ROAD_00143", "road_id": "RN_ROAD_00143", "source_road_id": "RN_ROAD_00143", "road_class": "residential", "name": null, "length_m": 63.748431241192137, "sampling_status": "mapped", "sampling_method": "road_line_intersected_raster_cells_all_touched", "sampled_intervals": 6, "scenario_peak_max_depth_m": 0.10345350950956345, "scenario_peak_mean_depth_m": 0.074240494519472122, "scenario_peak_p90_depth_m": 0.096103431284427637, "scenario_peak_interval": "090_120", "scenario_max_fraction_gt_0_02m": 1.0, "scenario_max_fraction_gt_0_10m": 0.33333333333333331, "scenario_max_fraction_gt_0_30m": 0.0, "flood_risk": "moderate", "flood_risk_rank": 2, "risk_policy": "prototype_depth_band_v1" }, "geometry": { "type": "LineString", "coordinates": [ [ 377992.680104318016674, 2046002.98553069261834 ], [ 377988.491090435360093, 2046019.877623729640618 ], [ 377977.400545988930389, 2046057.098716638982296 ], [ 377973.270231128728483, 2046063.36664298013784 ] ] } },
{ "type": "Feature", "properties": { "edge_id": "RN_ROAD_00145", "road_id": "RN_ROAD_00145", "source_road_id": "RN_ROAD_00145", "road_class": "residential", "name": null, "length_m": 17.874036927377851, "sampling_status": "mapped", "sampling_method": "road_line_intersected_raster_cells_all_touched", "sampled_intervals": 6, "scenario_peak_max_depth_m": 0.044913362711668015, "scenario_peak_mean_depth_m": 0.033666441217064857, "scenario_peak_p90_depth_m": 0.042663978412747383, "scenario_peak_interval": "090_120", "scenario_max_fraction_gt_0_02m": 1.0, "scenario_max_fraction_gt_0_10m": 0.0, "scenario_max_fraction_gt_0_30m": 0.0, "flood_risk": "low", "flood_risk_rank": 1, "risk_policy": "prototype_depth_band_v1" }, "geometry": { "type": "LineString", "coordinates": [ [ 377990.378453472512774, 2046068.956330855144188 ], [ 378007.370247385115363, 2046074.502512939507142 ] ] } },
{ "type": "Feature", "properties": { "edge_id": "RN_ROAD_00146", "road_id": "RN_ROAD_00146", "source_road_id": "RN_ROAD_00146", "road_class": "residential", "name": null, "length_m": 69.010467806287352, "sampling_status": "mapped", "sampling_method": "road_line_intersected_raster_cells_all_touched", "sampled_intervals": 6, "scenario_peak_max_depth_m": 0.044913362711668015, "scenario_peak_mean_depth_m": 0.024322539567947388, "scenario_peak_p90_depth_m": 0.039269115403294565, "scenario_peak_interval": "090_120", "scenario_max_fraction_gt_0_02m": 0.33333333333333331, "scenario_max_fraction_gt_0_10m": 0.0, "scenario_max_fraction_gt_0_30m": 0.0, "flood_risk": "low", "flood_risk_rank": 1, "risk_policy": "prototype_depth_band_v1" }, "geometry": { "type": "LineString", "coordinates": [ [ 378075.930605958041269, 2046082.153341045603156 ], [ 378034.253992434591055, 2046076.599065501941368 ], [ 378007.370247385115363, 2046074.502512939507142 ] ] } },
{ "type": "Feature", "properties": { "edge_id": "RN_ROAD_00144", "road_id": "RN_ROAD_00144", "source_road_id": "RN_ROAD_00144", "road_class": "residential", "name": null, "length_m": 17.998218864775289, "sampling_status": "mapped", "sampling_method": "road_line_intersected_raster_cells_all_touched", "sampled_intervals": 6, "scenario_peak_max_depth_m": 0.052564855664968491, "scenario_peak_mean_depth_m": 0.037492187693715096, "scenario_peak_p90_depth_m": 0.049550322070717814, "scenario_peak_interval": "090_120", "scenario_max_fraction_gt_0_02m": 1.0, "scenario_max_fraction_gt_0_10m": 0.0, "scenario_max_fraction_gt_0_30m": 0.0, "flood_risk": "low", "flood_risk_rank": 1, "risk_policy": "prototype_depth_band_v1" }, "geometry": { "type": "LineString", "coordinates": [ [ 377990.378453472512774, 2046068.956330855144188 ], [ 377973.270231128728483, 2046063.36664298013784 ] ] } },
{ "type": "Feature", "properties": { "edge_id": "RN_ROAD_00147", "road_id": "RN_ROAD_00147", "source_road_id": "RN_ROAD_00147", "road_class": "residential", "name": null, "length_m": 47.109274625321973, "sampling_status": "mapped", "sampling_method": "road_line_intersected_raster_cells_all_touched", "sampled_intervals": 6, "scenario_peak_max_depth_m": 0.10192480683326721, "scenario_peak_mean_depth_m": 0.051853937096893787, "scenario_peak_p90_depth_m": 0.087116821482777607, "scenario_peak_interval": "090_120", "scenario_max_fraction_gt_0_02m": 1.0, "scenario_max_fraction_gt_0_10m": 0.25, "scenario_max_fraction_gt_0_30m": 0.0, "flood_risk": "moderate", "flood_risk_rank": 2, "risk_policy": "prototype_depth_band_v1" }, "geometry": { "type": "LineString", "coordinates": [ [ 377942.920977853820659, 2046098.807655960088596 ], [ 377958.923589221260045, 2046085.082363810855895 ], [ 377973.270231128728483, 2046063.36664298013784 ] ] } },
{ "type": "Feature", "properties": { "edge_id": "RN_ROAD_00148", "road_id": "RN_ROAD_00148", "source_road_id": "RN_ROAD_00148", "road_class": "residential", "name": null, "length_m": 49.693670432462909, "sampling_status": "mapped", "sampling_method": "road_line_intersected_raster_cells_all_touched", "sampled_intervals": 6, "scenario_peak_max_depth_m": 0.0224195197224617, "scenario_peak_mean_depth_m": 0.022137180902063847, "scenario_peak_p90_depth_m": 0.022363051958382129, "scenario_peak_interval": "090_120", "scenario_max_fraction_gt_0_02m": 1.0, "scenario_max_fraction_gt_0_10m": 0.0, "scenario_max_fraction_gt_0_30m": 0.0, "flood_risk": "low", "flood_risk_rank": 1, "risk_policy": "prototype_depth_band_v1" }, "geometry": { "type": "LineString", "coordinates": [ [ 377983.51368298928719, 2046116.464305702131242 ], [ 377985.504901832377072, 2046104.25632346351631 ], [ 377983.38877237169072, 2046096.954945388250053 ], [ 377984.029043187503703, 2046079.875306378351524 ], [ 377990.378453472512774, 2046068.956330855144188 ] ] } },
{ "type": "Feature", "properties": { "edge_id": "RN_ROAD_00160", "road_id": "RN_ROAD_00160", "source_road_id": "RN_ROAD_00160", "road_class": "residential", "name": null, "length_m": 47.746959913203924, "sampling_status": "mapped", "sampling_method": "road_line_intersected_raster_cells_all_touched", "sampled_intervals": 6, "scenario_peak_max_depth_m": 0.024975331500172615, "scenario_peak_mean_depth_m": 0.01505934881667296, "scenario_peak_p90_depth_m": 0.022252691164612769, "scenario_peak_interval": "090_120", "scenario_max_fraction_gt_0_02m": 0.33333333333333331, "scenario_max_fraction_gt_0_10m": 0.0, "scenario_max_fraction_gt_0_30m": 0.0, "flood_risk": "low", "flood_risk_rank": 1, "risk_policy": "prototype_depth_band_v1" }, "geometry": { "type": "LineString", "coordinates": [ [ 378121.04479943565093, 2046096.937273373128846 ], [ 378117.073795527103357, 2046095.103506159968674 ], [ 378101.337861983338371, 2046087.811763738980517 ], [ 378075.930605958041269, 2046082.153341045603156 ] ] } },
{ "type": "Feature", "properties": { "edge_id": "RN_ROAD_00168", "road_id": "RN_ROAD_00168", "source_road_id": "RN_ROAD_00168", "road_class": "residential", "name": null, "length_m": 24.556447207799554, "sampling_status": "mapped", "sampling_method": "road_line_intersected_raster_cells_all_touched", "sampled_intervals": 6, "scenario_peak_max_depth_m": 0.062505044043064117, "scenario_peak_mean_depth_m": 0.046152161434292793, "scenario_peak_p90_depth_m": 0.059234467521309855, "scenario_peak_interval": "090_120", "scenario_max_fraction_gt_0_02m": 1.0, "scenario_max_fraction_gt_0_10m": 0.0, "scenario_max_fraction_gt_0_30m": 0.0, "flood_risk": "low", "flood_risk_rank": 1, "risk_policy": "prototype_depth_band_v1" }, "geometry": { "type": "LineString", "coordinates": [ [ 377942.920977853820659, 2046098.807655960088596 ], [ 377924.282812824007124, 2046114.796336449449882 ] ] } },
{ "type": "Feature", "properties": { "edge_id": "RN_ROAD_00169", "road_id": "RN_ROAD_00169", "source_road_id": "RN_ROAD_00169", "road_class": "residential", "name": null, "length_m": 47.772894267869745, "sampling_status": "mapped", "sampling_method": "road_line_intersected_raster_cells_all_touched", "sampled_intervals": 6, "scenario_peak_max_depth_m": 0.029799278825521469, "scenario_peak_mean_depth_m": 0.025827060453593731, "scenario_peak_p90_depth_m": 0.029004835151135923, "scenario_peak_interval": "090_120", "scenario_max_fraction_gt_0_02m": 1.0, "scenario_max_fraction_gt_0_10m": 0.0, "scenario_max_fraction_gt_0_30m": 0.0, "flood_risk": "low", "flood_risk_rank": 1, "risk_policy": "prototype_depth_band_v1" }, "geometry": { "type": "LineString", "coordinates": [ [ 377942.920977853820659, 2046098.807655960088596 ], [ 377949.688007285585627, 2046103.644623529864475 ], [ 377970.801940904173534, 2046116.490366230485961 ], [ 377979.376649672864005, 2046120.032059711171314 ], [ 377983.51368298928719, 2046116.464305702131242 ] ] } },
{ "type": "Feature", "properties": { "edge_id": "RN_ROAD_00171", "road_id": "RN_ROAD_00171", "source_road_id": "RN_ROAD_00171", "road_class": "residential", "name": null, "length_m": 45.38918699815148, "sampling_status": "mapped", "sampling_method": "road_line_intersected_raster_cells_all_touched", "sampled_intervals": 6, "scenario_peak_max_depth_m": 0.21406279504299164, "scenario_peak_mean_depth_m": 0.092100766176978752, "scenario_peak_p90_depth_m": 0.17932716831564904, "scenario_peak_interval": "090_120", "scenario_max_fraction_gt_0_02m": 1.0, "scenario_max_fraction_gt_0_10m": 0.33333333333333331, "scenario_max_fraction_gt_0_30m": 0.0, "flood_risk": "moderate", "flood_risk_rank": 2, "risk_policy": "prototype_depth_band_v1" }, "geometry": { "type": "LineString", "coordinates": [ [ 378023.298109224997461, 2046138.165466444101185 ], [ 377998.274305248633027, 2046123.131408355897292 ], [ 377983.51368298928719, 2046116.464305702131242 ] ] } },
{ "type": "Feature", "properties": { "edge_id": "RN_ROAD_00156", "road_id": "RN_ROAD_00156", "source_road_id": "RN_ROAD_00156", "road_class": "residential", "name": null, "length_m": 24.280471587472228, "sampling_status": "mapped", "sampling_method": "road_line_intersected_raster_cells_all_touched", "sampled_intervals": 6, "scenario_peak_max_depth_m": 0.0, "scenario_peak_mean_depth_m": 0.0, "scenario_peak_p90_depth_m": 0.0, "scenario_peak_interval": "000_030", "scenario_max_fraction_gt_0_02m": 0.0, "scenario_max_fraction_gt_0_10m": 0.0, "scenario_max_fraction_gt_0_30m": 0.0, "flood_risk": "minimal", "flood_risk_rank": 0, "risk_policy": "prototype_depth_band_v1" }, "geometry": { "type": "LineString", "coordinates": [ [ 378563.174790731340181, 2046140.117992188083008 ], [ 378587.453212385706138, 2046139.802488649496809 ] ] } },
{ "type": "Feature", "properties": { "edge_id": "RN_ROAD_00157", "road_id": "RN_ROAD_00157", "source_road_id": "RN_ROAD_00157", "road_class": "residential", "name": null, "length_m": 75.271681557566566, "sampling_status": "mapped", "sampling_method": "road_line_intersected_raster_cells_all_touched", "sampled_intervals": 6, "scenario_peak_max_depth_m": 0.00085207232041284442, "scenario_peak_mean_depth_m": 0.0004496534149893705, "scenario_peak_p90_depth_m": 0.00078517572255805141, "scenario_peak_interval": "090_120", "scenario_max_fraction_gt_0_02m": 0.0, "scenario_max_fraction_gt_0_10m": 0.0, "scenario_max_fraction_gt_0_30m": 0.0, "flood_risk": "minimal", "flood_risk_rank": 0, "risk_policy": "prototype_depth_band_v1" }, "geometry": { "type": "LineString", "coordinates": [ [ 378437.594299381948076, 2046185.947981703095138 ], [ 378461.952283568680286, 2046143.009767899056897 ], [ 378470.973021082696505, 2046137.042761708376929 ], [ 378484.722160784993321, 2046130.824280749773607 ] ] } },
{ "type": "Feature", "properties": { "edge_id": "RN_ROAD_00162", "road_id": "RN_ROAD_00162", "source_road_id": "RN_ROAD_00162", "road_class": "primary", "name": [ "['Lalbahadur Shashtri Marg' 'Dandekar Bridge']" ], "length_m": 120.7233951065441, "sampling_status": "mapped", "sampling_method": "road_line_intersected_raster_cells_all_touched", "sampled_intervals": 6, "scenario_peak_max_depth_m": 0.3178848922252655, "scenario_peak_mean_depth_m": 0.10884636919945478, "scenario_peak_p90_depth_m": 0.24534341841936114, "scenario_peak_interval": "090_120", "scenario_max_fraction_gt_0_02m": 0.75, "scenario_max_fraction_gt_0_10m": 0.25, "scenario_max_fraction_gt_0_30m": 0.25, "flood_risk": "high", "flood_risk_rank": 3, "risk_policy": "prototype_depth_band_v1" }, "geometry": { "type": "LineString", "coordinates": [ [ 378121.04479943565093, 2046096.937273373128846 ], [ 378117.459675714373589, 2046124.07300438452512 ], [ 378111.881360678118654, 2046163.117920346790925 ], [ 378109.728782022953965, 2046178.170995323685929 ], [ 378107.808697836182546, 2046191.606881976826116 ], [ 378106.594580817036331, 2046201.519121906952932 ], [ 378106.343453109962866, 2046203.523755944333971 ], [ 378104.082276696804911, 2046216.452768648741767 ] ] } },
{ "type": "Feature", "properties": { "edge_id": "RN_ROAD_00163", "road_id": "RN_ROAD_00163", "source_road_id": "RN_ROAD_00163", "road_class": "primary", "name": [ "Barrister Nath Pai Chowk" ], "length_m": 16.512293120111337, "sampling_status": "mapped", "sampling_method": "road_line_intersected_raster_cells_all_touched", "sampled_intervals": 6, "scenario_peak_max_depth_m": 0.016445273533463478, "scenario_peak_mean_depth_m": 0.011706800200045109, "scenario_peak_p90_depth_m": 0.015497578866779804, "scenario_peak_interval": "090_120", "scenario_max_fraction_gt_0_02m": 0.0, "scenario_max_fraction_gt_0_10m": 0.0, "scenario_max_fraction_gt_0_30m": 0.0, "flood_risk": "minimal", "flood_risk_rank": 0, "risk_policy": "prototype_depth_band_v1" }, "geometry": { "type": "LineString", "coordinates": [ [ 378119.142611001851037, 2046217.175356466788799 ], [ 378117.708845674525946, 2046215.856552531244233 ], [ 378115.31398717185948, 2046214.488563605118543 ], [ 378112.650081480562221, 2046213.974412583047524 ], [ 378109.505340432049707, 2046214.215856203110889 ], [ 378106.111464722314849, 2046215.122881036717445 ], [ 378104.082276696804911, 2046216.452768648741767 ] ] } },
{ "type": "Feature", "properties": { "edge_id": "RN_ROAD_00164", "road_id": "RN_ROAD_00164", "source_road_id": "RN_ROAD_00164", "road_class": "primary", "name": [ "Barrister Nath Pai Chowk" ], "length_m": 5.2937533262200187, "sampling_status": "mapped", "sampling_method": "road_line_intersected_raster_cells_all_touched", "sampled_intervals": 6, "scenario_peak_max_depth_m": 0.0069683268666267395, "scenario_peak_mean_depth_m": 0.0069683268666267395, "scenario_peak_p90_depth_m": 0.0069683268666267395, "scenario_peak_interval": "090_120", "scenario_max_fraction_gt_0_02m": 0.0, "scenario_max_fraction_gt_0_10m": 0.0, "scenario_max_fraction_gt_0_30m": 0.0, "flood_risk": "minimal", "flood_risk_rank": 0, "risk_policy": "prototype_depth_band_v1" }, "geometry": { "type": "LineString", "coordinates": [ [ 378121.516683485766407, 2046221.896613450255245 ], [ 378120.273957723751664, 2046219.082616612082347 ], [ 378119.142611001851037, 2046217.175356466788799 ] ] } },
{ "type": "Feature", "properties": { "edge_id": "RN_ROAD_00165", "road_id": "RN_ROAD_00165", "source_road_id": "RN_ROAD_00165", "road_class": "primary", "name": [ "Barrister Nath Pai Chowk" ], "length_m": 8.9753501197557863, "sampling_status": "mapped", "sampling_method": "road_line_intersected_raster_cells_all_touched", "sampled_intervals": 6, "scenario_peak_max_depth_m": 0.016445273533463478, "scenario_peak_mean_depth_m": 0.011706800200045109, "scenario_peak_p90_depth_m": 0.015497578866779804, "scenario_peak_interval": "090_120", "scenario_max_fraction_gt_0_02m": 0.0, "scenario_max_fraction_gt_0_10m": 0.0, "scenario_max_fraction_gt_0_30m": 0.0, "flood_risk": "minimal", "flood_risk_rank": 0, "risk_policy": "prototype_depth_band_v1" }, "geometry": { "type": "LineString", "coordinates": [ [ 378104.082276696804911, 2046216.452768648741767 ], [ 378102.372778686112724, 2046219.894303807755932 ], [ 378101.528850009955931, 2046224.957070701057091 ] ] } },
{ "type": "Feature", "properties": { "edge_id": "RN_ROAD_00166", "road_id": "RN_ROAD_00166", "source_road_id": "RN_ROAD_00166", "road_class": "primary", "name": [ "Barrister Nath Pai Chowk" ], "length_m": 29.565301722604882, "sampling_status": "mapped", "sampling_method": "road_line_intersected_raster_cells_all_touched", "sampled_intervals": 6, "scenario_peak_max_depth_m": 0.007437300868332386, "scenario_peak_mean_depth_m": 0.0072028138674795628, "scenario_peak_p90_depth_m": 0.0073904034681618212, "scenario_peak_interval": "090_120", "scenario_max_fraction_gt_0_02m": 0.0, "scenario_max_fraction_gt_0_10m": 0.0, "scenario_max_fraction_gt_0_30m": 0.0, "flood_risk": "minimal", "flood_risk_rank": 0, "risk_policy": "prototype_depth_band_v1" }, "geometry": { "type": "LineString", "coordinates": [ [ 378120.279677532147616, 2046251.341285467846319 ], [ 378121.367707200755831, 2046246.476154410978779 ], [ 378121.516683485766407, 2046221.896613450255245 ] ] } },
{ "type": "Feature", "properties": { "edge_id": "RN_ROAD_00167", "road_id": "RN_ROAD_00167", "source_road_id": "RN_ROAD_00167", "road_class": "tertiary", "name": [ "Madhavrao Peshve Marg" ], "length_m": 45.545450369869258, "sampling_status": "mapped", "sampling_method": "road_line_intersected_raster_cells_all_touched", "sampled_intervals": 6, "scenario_peak_max_depth_m": 0.039223119616508484, "scenario_peak_mean_depth_m": 0.016542452736757696, "scenario_peak_p90_depth_m": 0.031132443714886909, "scenario_peak_interval": "090_120", "scenario_max_fraction_gt_0_02m": 0.25, "scenario_max_fraction_gt_0_10m": 0.0, "scenario_max_fraction_gt_0_30m": 0.0, "flood_risk": "low", "flood_risk_rank": 1, "risk_policy": "prototype_depth_band_v1" }, "geometry": { "type": "LineString", "coordinates": [ [ 378154.353267841914203, 2046253.458405453013256 ], [ 378148.733580678177532, 2046248.060712128411978 ], [ 378137.791577624273486, 2046237.540089516667649 ], [ 378121.516683485766407, 2046221.896613450255245 ] ] } },
{ "type": "Feature", "properties": { "edge_id": "RN_ROAD_00188", "road_id": "RN_ROAD_00188", "source_road_id": "RN_ROAD_00188", "road_class": "primary", "name": [ "Barrister Nath Pai Chowk" ], "length_m": 27.465265817507753, "sampling_status": "mapped", "sampling_method": "road_line_intersected_raster_cells_all_touched", "sampled_intervals": 6, "scenario_peak_max_depth_m": 0.007437300868332386, "scenario_peak_mean_depth_m": 0.0072028138674795628, "scenario_peak_p90_depth_m": 0.0073904034681618212, "scenario_peak_interval": "090_120", "scenario_max_fraction_gt_0_02m": 0.0, "scenario_max_fraction_gt_0_10m": 0.0, "scenario_max_fraction_gt_0_30m": 0.0, "flood_risk": "minimal", "flood_risk_rank": 0, "risk_policy": "prototype_depth_band_v1" }, "geometry": { "type": "LineString", "coordinates": [ [ 378101.528850009955931, 2046224.957070701057091 ], [ 378097.758951954892837, 2046247.955140945967287 ], [ 378098.207729538611602, 2046252.091123225865886 ] ] } },
{ "type": "Feature", "properties": { "edge_id": "RN_ROAD_00190", "road_id": "RN_ROAD_00190", "source_road_id": "RN_ROAD_00190", "road_class": "tertiary", "name": [ "Madhavrao Peshve Marg" ], "length_m": 34.139300763499996, "sampling_status": "mapped", "sampling_method": "road_line_intersected_raster_cells_all_touched", "sampled_intervals": 6, "scenario_peak_max_depth_m": 0.039223119616508484, "scenario_peak_mean_depth_m": 0.01963820680975914, "scenario_peak_p90_depth_m": 0.033829335682094099, "scenario_peak_interval": "090_120", "scenario_max_fraction_gt_0_02m": 0.33333333333333331, "scenario_max_fraction_gt_0_10m": 0.0, "scenario_max_fraction_gt_0_30m": 0.0, "flood_risk": "low", "flood_risk_rank": 1, "risk_policy": "prototype_depth_band_v1" }, "geometry": { "type": "LineString", "coordinates": [ [ 378120.279677532147616, 2046251.341285467846319 ], [ 378146.019681535661221, 2046252.936237843474373 ], [ 378154.353267841914203, 2046253.458405453013256 ] ] } },
{ "type": "Feature", "properties": { "edge_id": "RN_ROAD_00193", "road_id": "RN_ROAD_00193", "source_road_id": "RN_ROAD_00193", "road_class": "primary", "name": [ "Barrister Nath Pai Chowk" ], "length_m": 7.5684092656252675, "sampling_status": "mapped", "sampling_method": "road_line_intersected_raster_cells_all_touched", "sampled_intervals": 6, "scenario_peak_max_depth_m": 0.007437300868332386, "scenario_peak_mean_depth_m": 0.007437300868332386, "scenario_peak_p90_depth_m": 0.007437300868332386, "scenario_peak_interval": "090_120", "scenario_max_fraction_gt_0_02m": 0.0, "scenario_max_fraction_gt_0_10m": 0.0, "scenario_max_fraction_gt_0_30m": 0.0, "flood_risk": "minimal", "flood_risk_rank": 0, "risk_policy": "prototype_depth_band_v1" }, "geometry": { "type": "LineString", "coordinates": [ [ 378115.22583214082988, 2046256.829370723105967 ], [ 378118.062780857144389, 2046254.686466571874917 ], [ 378120.279677532147616, 2046251.341285467846319 ] ] } },
{ "type": "Feature", "properties": { "edge_id": "RN_ROAD_00195", "road_id": "RN_ROAD_00195", "source_road_id": "RN_ROAD_00195", "road_class": "tertiary", "name": [ "Madhavrao Peshve Marg" ], "length_m": 20.172604662649501, "sampling_status": "mapped", "sampling_method": "road_line_intersected_raster_cells_all_touched", "sampled_intervals": 6, "scenario_peak_max_depth_m": 0.039223119616508484, "scenario_peak_mean_depth_m": 0.039223119616508484, "scenario_peak_p90_depth_m": 0.039223119616508484, "scenario_peak_interval": "090_120", "scenario_max_fraction_gt_0_02m": 1.0, "scenario_max_fraction_gt_0_10m": 0.0, "scenario_max_fraction_gt_0_30m": 0.0, "flood_risk": "low", "flood_risk_rank": 1, "risk_policy": "prototype_depth_band_v1" }, "geometry": { "type": "LineString", "coordinates": [ [ 378169.368380764964968, 2046266.929870213149115 ], [ 378154.353267841914203, 2046253.458405453013256 ] ] } },
{ "type": "Feature", "properties": { "edge_id": "RN_ROAD_00170", "road_id": "RN_ROAD_00170", "source_road_id": "RN_ROAD_00170", "road_class": "residential", "name": null, "length_m": 52.085846791904686, "sampling_status": "mapped", "sampling_method": "road_line_intersected_raster_cells_all_touched", "sampled_intervals": 6, "scenario_peak_max_depth_m": 0.11023837327957153, "scenario_peak_mean_depth_m": 0.067514232049385711, "scenario_peak_p90_depth_m": 0.10069170743227004, "scenario_peak_interval": "090_120", "scenario_max_fraction_gt_0_02m": 1.0, "scenario_max_fraction_gt_0_10m": 0.33333333333333331, "scenario_max_fraction_gt_0_30m": 0.0, "flood_risk": "moderate", "flood_risk_rank": 2, "risk_policy": "prototype_depth_band_v1" }, "geometry": { "type": "LineString", "coordinates": [ [ 377969.89576299599139, 2046139.857456713914871 ], [ 377942.821611367748119, 2046126.153506412869319 ], [ 377924.282812824007124, 2046114.796336449449882 ] ] } },
{ "type": "Feature", "properties": { "edge_id": "RN_ROAD_00174", "road_id": "RN_ROAD_00174", "source_road_id": "RN_ROAD_00174", "road_class": "residential", "name": null, "length_m": 39.246966991022809, "sampling_status": "mapped", "sampling_method": "road_line_intersected_raster_cells_all_touched", "sampled_intervals": 6, "scenario_peak_max_depth_m": 0.093991637229919434, "scenario_peak_mean_depth_m": 0.032151736047429345, "scenario_peak_p90_depth_m": 0.075585023779422056, "scenario_peak_interval": "090_120", "scenario_max_fraction_gt_0_02m": 0.33333333333333331, "scenario_max_fraction_gt_0_10m": 0.0, "scenario_max_fraction_gt_0_30m": 0.0, "flood_risk": "low", "flood_risk_rank": 1, "risk_policy": "prototype_depth_band_v1" }, "geometry": { "type": "LineString", "coordinates": [ [ 377920.085041629266925, 2046247.321929469704628 ], [ 377921.32241752918344, 2046208.094473283039406 ] ] } },
{ "type": "Feature", "properties": { "edge_id": "RN_ROAD_00175", "road_id": "RN_ROAD_00175", "source_road_id": "RN_ROAD_00175", "road_class": "residential", "name": null, "length_m": 40.585040476822286, "sampling_status": "mapped", "sampling_method": "road_line_intersected_raster_cells_all_touched", "sampled_intervals": 6, "scenario_peak_max_depth_m": 0.0022393041290342808, "scenario_peak_mean_depth_m": 0.0010242098214803264, "scenario_peak_p90_depth_m": 0.0018226342741400007, "scenario_peak_interval": "090_120", "scenario_max_fraction_gt_0_02m": 0.0, "scenario_max_fraction_gt_0_10m": 0.0, "scenario_max_fraction_gt_0_30m": 0.0, "flood_risk": "minimal", "flood_risk_rank": 0, "risk_policy": "prototype_depth_band_v1" }, "geometry": { "type": "LineString", "coordinates": [ [ 377920.085041629266925, 2046247.321929469704628 ], [ 377879.523025204602163, 2046245.955059296451509 ] ] } },
{ "type": "Feature", "properties": { "edge_id": "RN_ROAD_00176", "road_id": "RN_ROAD_00176", "source_road_id": "RN_ROAD_00176", "road_class": "residential", "name": null, "length_m": 101.24939391440986, "sampling_status": "mapped", "sampling_method": "road_line_intersected_raster_cells_all_touched", "sampled_intervals": 6, "scenario_peak_max_depth_m": 0.012228713370859623, "scenario_peak_mean_depth_m": 0.0052352508573676459, "scenario_peak_p90_depth_m": 0.010901355324313045, "scenario_peak_interval": "090_120", "scenario_max_fraction_gt_0_02m": 0.0, "scenario_max_fraction_gt_0_10m": 0.0, "scenario_max_fraction_gt_0_30m": 0.0, "flood_risk": "minimal", "flood_risk_rank": 0, "risk_policy": "prototype_depth_band_v1" }, "geometry": { "type": "LineString", "coordinates": [ [ 378021.265135304653086, 2046251.067381111904979 ], [ 377981.272547361906618, 2046249.585985940182582 ], [ 377920.085041629266925, 2046247.321929469704628 ] ] } },
{ "type": "Feature", "properties": { "edge_id": "RN_ROAD_00314", "road_id": "RN_ROAD_00314", "source_road_id": "RN_ROAD_00314", "road_class": "residential", "name": null, "length_m": 37.968675117771724, "sampling_status": "mapped", "sampling_method": "road_line_intersected_raster_cells_all_touched", "sampled_intervals": 6, "scenario_peak_max_depth_m": 0.008919794112443924, "scenario_peak_mean_depth_m": 0.0048850993625819683, "scenario_peak_p90_depth_m": 0.0081128551624715332, "scenario_peak_interval": "090_120", "scenario_max_fraction_gt_0_02m": 0.0, "scenario_max_fraction_gt_0_10m": 0.0, "scenario_max_fraction_gt_0_30m": 0.0, "flood_risk": "minimal", "flood_risk_rank": 0, "risk_policy": "prototype_depth_band_v1" }, "geometry": { "type": "LineString", "coordinates": [ [ 377882.45839574362617, 2046208.100021454738453 ], [ 377879.523025204602163, 2046245.955059296451509 ] ] } },
{ "type": "Feature", "properties": { "edge_id": "RN_ROAD_00319", "road_id": "RN_ROAD_00319", "source_road_id": "RN_ROAD_00319", "road_class": "residential", "name": null, "length_m": 44.68106970370976, "sampling_status": "mapped", "sampling_method": "road_line_intersected_raster_cells_all_touched", "sampled_intervals": 6, "scenario_peak_max_depth_m": 0.000954200339037925, "scenario_peak_mean_depth_m": 0.00090230247587896883, "scenario_peak_p90_depth_m": 0.00094382076640613381, "scenario_peak_interval": "090_120", "scenario_max_fraction_gt_0_02m": 0.0, "scenario_max_fraction_gt_0_10m": 0.0, "scenario_max_fraction_gt_0_30m": 0.0, "flood_risk": "minimal", "flood_risk_rank": 0, "risk_policy": "prototype_depth_band_v1" }, "geometry": { "type": "LineString", "coordinates": [ [ 377879.523025204602163, 2046245.955059296451509 ], [ 377834.847591003694106, 2046245.245433459756896 ] ] } },
{ "type": "Feature", "properties": { "edge_id": "RN_ROAD_00322", "road_id": "RN_ROAD_00322", "source_road_id": "RN_ROAD_00322", "road_class": "residential", "name": null, "length_m": 68.87895886951469, "sampling_status": "mapped", "sampling_method": "road_line_intersected_raster_cells_all_touched", "sampled_intervals": 6, "scenario_peak_max_depth_m": 0.0090751620009541512, "scenario_peak_mean_depth_m": 0.0026316709199818433, "scenario_peak_p90_depth_m": 0.0066077347844839106, "scenario_peak_interval": "090_120", "scenario_max_fraction_gt_0_02m": 0.0, "scenario_max_fraction_gt_0_10m": 0.0, "scenario_max_fraction_gt_0_30m": 0.0, "flood_risk": "minimal", "flood_risk_rank": 0, "risk_policy": "prototype_depth_band_v1" }, "geometry": { "type": "LineString", "coordinates": [ [ 377879.352081558783539, 2046314.833806041860953 ], [ 377879.523025204602163, 2046245.955059296451509 ] ] } },
{ "type": "Feature", "properties": { "edge_id": "RN_ROAD_00177", "road_id": "RN_ROAD_00177", "source_road_id": "RN_ROAD_00177", "road_class": "residential", "name": null, "length_m": 72.964373488057234, "sampling_status": "mapped", "sampling_method": "road_line_intersected_raster_cells_all_touched", "sampled_intervals": 6, "scenario_peak_max_depth_m": 0.010521983727812767, "scenario_peak_mean_depth_m": 0.00933890308563908, "scenario_peak_p90_depth_m": 0.010355694778263569, "scenario_peak_interval": "090_120", "scenario_max_fraction_gt_0_02m": 0.0, "scenario_max_fraction_gt_0_10m": 0.0, "scenario_max_fraction_gt_0_30m": 0.0, "flood_risk": "minimal", "flood_risk_rank": 0, "risk_policy": "prototype_depth_band_v1" }, "geometry": { "type": "LineString", "coordinates": [ [ 378015.596539491205476, 2046323.799214720958844 ], [ 378018.877576773404144, 2046287.126109447795898 ], [ 378019.88821322680451, 2046276.772504163440317 ], [ 378021.265135304653086, 2046251.067381111904979 ] ] } },
{ "type": "Feature", "properties": { "edge_id": "RN_ROAD_00191", "road_id": "RN_ROAD_00191", "source_road_id": "RN_ROAD_00191", "road_class": "residential", "name": null, "length_m": 77.280317188305318, "sampling_status": "mapped", "sampling_method": "road_line_intersected_raster_cells_all_touched", "sampled_intervals": 6, "scenario_peak_max_depth_m": 0.015019618906080723, "scenario_peak_mean_depth_m": 0.010953469318337739, "scenario_peak_p90_depth_m": 0.014579564519226552, "scenario_peak_interval": "090_120", "scenario_max_fraction_gt_0_02m": 0.0, "scenario_max_fraction_gt_0_10m": 0.0, "scenario_max_fraction_gt_0_30m": 0.0, "flood_risk": "minimal", "flood_risk_rank": 0, "risk_policy": "prototype_depth_band_v1" }, "geometry": { "type": "LineString", "coordinates": [ [ 378098.207729538611602, 2046252.091123225865886 ], [ 378092.976280767994467, 2046252.921374446013942 ], [ 378080.910264944133814, 2046254.846666352357715 ], [ 378021.265135304653086, 2046251.067381111904979 ] ] } },
{ "type": "Feature", "properties": { "edge_id": "RN_ROAD_00396", "road_id": "RN_ROAD_00396", "source_road_id": "RN_ROAD_00396", "road_class": "residential", "name": null, "length_m": 75.562825437033069, "sampling_status": "mapped", "sampling_method": "road_line_intersected_raster_cells_all_touched", "sampled_intervals": 6, "scenario_peak_max_depth_m": 0.038265179842710495, "scenario_peak_mean_depth_m": 0.018438667524605989, "scenario_peak_p90_depth_m": 0.031211854983121162, "scenario_peak_interval": "090_120", "scenario_max_fraction_gt_0_02m": 0.25, "scenario_max_fraction_gt_0_10m": 0.0, "scenario_max_fraction_gt_0_30m": 0.0, "flood_risk": "low", "flood_risk_rank": 1, "risk_policy": "prototype_depth_band_v1" }, "geometry": { "type": "LineString", "coordinates": [ [ 378089.865740125300363, 2046337.721370631596074 ], [ 378015.596539491205476, 2046323.799214720958844 ] ] } },
{ "type": "Feature", "properties": { "edge_id": "RN_ROAD_00415", "road_id": "RN_ROAD_00415", "source_road_id": "RN_ROAD_00415", "road_class": "residential", "name": null, "length_m": 74.840015200240543, "sampling_status": "mapped", "sampling_method": "road_line_intersected_raster_cells_all_touched", "sampled_intervals": 6, "scenario_peak_max_depth_m": 0.0096905389800667763, "scenario_peak_mean_depth_m": 0.0068032201088499278, "scenario_peak_p90_depth_m": 0.0096413629129528996, "scenario_peak_interval": "090_120", "scenario_max_fraction_gt_0_02m": 0.0, "scenario_max_fraction_gt_0_10m": 0.0, "scenario_max_fraction_gt_0_30m": 0.0, "flood_risk": "minimal", "flood_risk_rank": 0, "risk_policy": "prototype_depth_band_v1" }, "geometry": { "type": "LineString", "coordinates": [ [ 377941.028220077278093, 2046317.592579114949331 ], [ 377991.528380861622281, 2046321.120292644947767 ], [ 378015.596539491205476, 2046323.799214720958844 ] ] } },
{ "type": "Feature", "properties": { "edge_id": "RN_ROAD_00417", "road_id": "RN_ROAD_00417", "source_road_id": "RN_ROAD_00417", "road_class": "residential", "name": null, "length_m": 36.649593882017513, "sampling_status": "mapped", "sampling_method": "road_line_intersected_raster_cells_all_touched", "sampled_intervals": 6, "scenario_peak_max_depth_m": 0.014436810277402401, "scenario_peak_mean_depth_m": 0.012063674628734589, "scenario_peak_p90_depth_m": 0.013962183147668839, "scenario_peak_interval": "090_120", "scenario_max_fraction_gt_0_02m": 0.0, "scenario_max_fraction_gt_0_10m": 0.0, "scenario_max_fraction_gt_0_30m": 0.0, "flood_risk": "minimal", "flood_risk_rank": 0, "risk_policy": "prototype_depth_band_v1" }, "geometry": { "type": "LineString", "coordinates": [ [ 378005.432955316849984, 2046359.011347409104928 ], [ 378015.596539491205476, 2046323.799214720958844 ] ] } },
{ "type": "Feature", "properties": { "edge_id": "RN_ROAD_00178", "road_id": "RN_ROAD_00178", "source_road_id": "RN_ROAD_00178", "road_class": "residential", "name": null, "length_m": 93.88153007625391, "sampling_status": "mapped", "sampling_method": "road_line_intersected_raster_cells_all_touched", "sampled_intervals": 6, "scenario_peak_max_depth_m": 0.00024666060926392674, "scenario_peak_mean_depth_m": 0.0001492167220931151, "scenario_peak_p90_depth_m": 0.00023520988179370761, "scenario_peak_interval": "090_120", "scenario_max_fraction_gt_0_02m": 0.0, "scenario_max_fraction_gt_0_10m": 0.0, "scenario_max_fraction_gt_0_30m": 0.0, "flood_risk": "minimal", "flood_risk_rank": 0, "risk_policy": "prototype_depth_band_v1" }, "geometry": { "type": "LineString", "coordinates": [ [ 378587.934422564692795, 2046183.518530738539994 ], [ 378508.612343223241623, 2046183.403530675452203 ], [ 378502.380827429355122, 2046178.07603777712211 ], [ 378497.414338838018011, 2046174.101652757031843 ] ] } },
{ "type": "Feature", "properties": { "edge_id": "RN_ROAD_00179", "road_id": "RN_ROAD_00179", "source_road_id": "RN_ROAD_00179", "road_class": "residential", "name": null, "length_m": 66.495561063245347, "sampling_status": "mapped", "sampling_method": "road_line_intersected_raster_cells_all_touched", "sampled_intervals": 6, "scenario_peak_max_depth_m": 0.0025273086503148079, "scenario_peak_mean_depth_m": 0.0015774407268812258, "scenario_peak_p90_depth_m": 0.0022801046026870607, "scenario_peak_interval": "090_120", "scenario_max_fraction_gt_0_02m": 0.0, "scenario_max_fraction_gt_0_10m": 0.0, "scenario_max_fraction_gt_0_30m": 0.0, "flood_risk": "minimal", "flood_risk_rank": 0, "risk_policy": "prototype_depth_band_v1" }, "geometry": { "type": "LineString", "coordinates": [ [ 378563.95111710409401, 2046227.15055116196163 ], [ 378586.028718442132231, 2046227.286534228362143 ], [ 378584.379422073834576, 2046271.673444070154801 ] ] } },
{ "type": "Feature", "properties": { "edge_id": "RN_ROAD_00181", "road_id": "RN_ROAD_00181", "source_road_id": "RN_ROAD_00181", "road_class": "residential", "name": null, "length_m": 112.52595144851557, "sampling_status": "mapped", "sampling_method": "road_line_intersected_raster_cells_all_touched", "sampled_intervals": 6, "scenario_peak_max_depth_m": 0.0087394937872886658, "scenario_peak_mean_depth_m": 0.0045132759492844347, "scenario_peak_p90_depth_m": 0.00694393701851368, "scenario_peak_interval": "090_120", "scenario_max_fraction_gt_0_02m": 0.0, "scenario_max_fraction_gt_0_10m": 0.0, "scenario_max_fraction_gt_0_30m": 0.0, "flood_risk": "minimal", "flood_risk_rank": 0, "risk_policy": "prototype_depth_band_v1" }, "geometry": { "type": "LineString", "coordinates": [ [ 378584.379422073834576, 2046271.673444070154801 ], [ 378471.864013448124751, 2046270.133128783199936 ] ] } },
{ "type": "Feature", "properties": { "edge_id": "RN_ROAD_00184", "road_id": "RN_ROAD_00184", "source_road_id": "RN_ROAD_00184", "road_class": "residential", "name": null, "length_m": 60.511367408020533, "sampling_status": "mapped", "sampling_method": "road_line_intersected_raster_cells_all_touched", "sampled_intervals": 6, "scenario_peak_max_depth_m": 0.0055096279829740524, "scenario_peak_mean_depth_m": 0.0039894299892087775, "scenario_peak_p90_depth_m": 0.0051939730532467362, "scenario_peak_interval": "090_120", "scenario_max_fraction_gt_0_02m": 0.0, "scenario_max_fraction_gt_0_10m": 0.0, "scenario_max_fraction_gt_0_30m": 0.0, "flood_risk": "minimal", "flood_risk_rank": 0, "risk_policy": "prototype_depth_band_v1" }, "geometry": { "type": "LineString", "coordinates": [ [ 378584.363782294094563, 2046332.184809457045048 ], [ 378584.379422073834576, 2046271.673444070154801 ] ] } },
{ "type": "Feature", "properties": { "edge_id": "RN_ROAD_00180", "road_id": "RN_ROAD_00180", "source_road_id": "RN_ROAD_00180", "road_class": "residential", "name": null, "length_m": 24.837175012920326, "sampling_status": "mapped", "sampling_method": "road_line_intersected_raster_cells_all_touched", "sampled_intervals": 6, "scenario_peak_max_depth_m": 0.0087394937872886658, "scenario_peak_mean_depth_m": 0.0083826547488570213, "scenario_peak_p90_depth_m": 0.0086681259796023372, "scenario_peak_interval": "090_120", "scenario_max_fraction_gt_0_02m": 0.0, "scenario_max_fraction_gt_0_10m": 0.0, "scenario_max_fraction_gt_0_30m": 0.0, "flood_risk": "minimal", "flood_risk_rank": 0, "risk_policy": "prototype_depth_band_v1" }, "geometry": { "type": "LineString", "coordinates": [ [ 378471.864013448124751, 2046270.133128783199936 ], [ 378468.708433922904078, 2046245.497228546300903 ] ] } },
{ "type": "Feature", "properties": { "edge_id": "RN_ROAD_00183", "road_id": "RN_ROAD_00183", "source_road_id": "RN_ROAD_00183", "road_class": "residential", "name": null, "length_m": 38.61771156641344, "sampling_status": "mapped", "sampling_method": "road_line_intersected_raster_cells_all_touched", "sampled_intervals": 6, "scenario_peak_max_depth_m": 0.019388386979699135, "scenario_peak_mean_depth_m": 0.015525678172707558, "scenario_peak_p90_depth_m": 0.019200540333986282, "scenario_peak_interval": "090_120", "scenario_max_fraction_gt_0_02m": 0.0, "scenario_max_fraction_gt_0_10m": 0.0, "scenario_max_fraction_gt_0_30m": 0.0, "flood_risk": "minimal", "flood_risk_rank": 0, "risk_policy": "prototype_depth_band_v1" }, "geometry": { "type": "LineString", "coordinates": [ [ 378471.339548819465563, 2046308.747278825379908 ], [ 378471.864013448124751, 2046270.133128783199936 ] ] } },
{ "type": "Feature", "properties": { "edge_id": "RN_ROAD_00182", "road_id": "RN_ROAD_00182", "source_road_id": "RN_ROAD_00182", "road_class": "tertiary", "name": [ "Madhavrao Peshve Marg" ], "length_m": 49.448775477871209, "sampling_status": "mapped", "sampling_method": "road_line_intersected_raster_cells_all_touched", "sampled_intervals": 6, "scenario_peak_max_depth_m": 0.039223119616508484, "scenario_peak_mean_depth_m": 0.017076280356074374, "scenario_peak_p90_depth_m": 0.033091263286769389, "scenario_peak_interval": "090_120", "scenario_max_fraction_gt_0_02m": 0.33333333333333331, "scenario_max_fraction_gt_0_10m": 0.0, "scenario_max_fraction_gt_0_30m": 0.0, "flood_risk": "low", "flood_risk_rank": 1, "risk_policy": "prototype_depth_band_v1" }, "geometry": { "type": "LineString", "coordinates": [ [ 378169.368380764964968, 2046266.929870213149115 ], [ 378182.462052199814934, 2046275.466925908112898 ], [ 378198.500943242688663, 2046287.238700089044869 ], [ 378209.723924894991796, 2046295.477869840571657 ] ] } },
{ "type": "Feature", "properties": { "edge_id": "RN_ROAD_00189", "road_id": "RN_ROAD_00189", "source_road_id": "RN_ROAD_00189", "road_class": "residential", "name": null, "length_m": 40.039540176746229, "sampling_status": "mapped", "sampling_method": "road_line_intersected_raster_cells_all_touched", "sampled_intervals": 6, "scenario_peak_max_depth_m": 0.039223119616508484, "scenario_peak_mean_depth_m": 0.017463373408342402, "scenario_peak_p90_depth_m": 0.03332351911813021, "scenario_peak_interval": "090_120", "scenario_max_fraction_gt_0_02m": 0.33333333333333331, "scenario_max_fraction_gt_0_10m": 0.0, "scenario_max_fraction_gt_0_30m": 0.0, "flood_risk": "low", "flood_risk_rank": 1, "risk_policy": "prototype_depth_band_v1" }, "geometry": { "type": "LineString", "coordinates": [ [ 378192.121373685193248, 2046233.983461052877828 ], [ 378173.720275521045551, 2046260.638436910463497 ], [ 378169.368380764964968, 2046266.929870213149115 ] ] } },
{ "type": "Feature", "properties": { "edge_id": "RN_ROAD_00197", "road_id": "RN_ROAD_00197", "source_road_id": "RN_ROAD_00197", "road_class": "residential", "name": null, "length_m": 53.219068045394849, "sampling_status": "mapped", "sampling_method": "road_line_intersected_raster_cells_all_touched", "sampled_intervals": 6, "scenario_peak_max_depth_m": 0.039223119616508484, "scenario_peak_mean_depth_m": 0.02032074611634016, "scenario_peak_p90_depth_m": 0.033890209533274172, "scenario_peak_interval": "090_120", "scenario_max_fraction_gt_0_02m": 0.33333333333333331, "scenario_max_fraction_gt_0_10m": 0.0, "scenario_max_fraction_gt_0_30m": 0.0, "flood_risk": "low", "flood_risk_rank": 1, "risk_policy": "prototype_depth_band_v1" }, "geometry": { "type": "LineString", "coordinates": [ [ 378155.306062563962769, 2046318.257447408977896 ], [ 378168.388337245967705, 2046270.521665781736374 ], [ 378169.368380764964968, 2046266.929870213149115 ] ] } },
{ "type": "Feature", "properties": { "edge_id": "RN_ROAD_00186", "road_id": "RN_ROAD_00186", "source_road_id": "RN_ROAD_00186", "road_class": "residential", "name": null, "length_m": 42.447143166521123, "sampling_status": "mapped", "sampling_method": "road_line_intersected_raster_cells_all_touched", "sampled_intervals": 6, "scenario_peak_max_depth_m": 0.0094154970720410347, "scenario_peak_mean_depth_m": 0.0089896675199270248, "scenario_peak_p90_depth_m": 0.0093303311616182334, "scenario_peak_interval": "090_120", "scenario_max_fraction_gt_0_02m": 0.0, "scenario_max_fraction_gt_0_10m": 0.0, "scenario_max_fraction_gt_0_30m": 0.0, "flood_risk": "minimal", "flood_risk_rank": 0, "risk_policy": "prototype_depth_band_v1" }, "geometry": { "type": "LineString", "coordinates": [ [ 378198.011994576780125, 2046336.277261891635135 ], [ 378208.567297699628398, 2046299.524516062345356 ], [ 378209.723924894991796, 2046295.477869840571657 ] ] } },
{ "type": "Feature", "properties": { "edge_id": "RN_ROAD_00187", "road_id": "RN_ROAD_00187", "source_road_id": "RN_ROAD_00187", "road_class": "tertiary", "name": [ "Madhavrao Peshve Marg" ], "length_m": 120.54935301446274, "sampling_status": "mapped", "sampling_method": "road_line_intersected_raster_cells_all_touched", "sampled_intervals": 6, "scenario_peak_max_depth_m": 0.01223664078861475, "scenario_peak_mean_depth_m": 0.0035803022744533208, "scenario_peak_p90_depth_m": 0.01003295909613371, "scenario_peak_interval": "090_120", "scenario_max_fraction_gt_0_02m": 0.0, "scenario_max_fraction_gt_0_10m": 0.0, "scenario_max_fraction_gt_0_30m": 0.0, "flood_risk": "minimal", "flood_risk_rank": 0, "risk_policy": "prototype_depth_band_v1" }, "geometry": { "type": "LineString", "coordinates": [ [ 378209.723924894991796, 2046295.477869840571657 ], [ 378258.198680915287696, 2046320.764803644735366 ], [ 378263.919035786413588, 2046323.749397717416286 ], [ 378305.150544907490257, 2046337.407618601806462 ], [ 378320.838223127415404, 2046340.494571942137554 ] ] } },
{ "type": "Feature", "properties": { "edge_id": "RN_ROAD_00185", "road_id": "RN_ROAD_00185", "source_road_id": "RN_ROAD_00185", "road_class": "residential", "name": null, "length_m": 51.885662172616207, "sampling_status": "mapped", "sampling_method": "road_line_intersected_raster_cells_all_touched", "sampled_intervals": 6, "scenario_peak_max_depth_m": 0.034515492618083954, "scenario_peak_mean_depth_m": 0.026832280059655506, "scenario_peak_p90_depth_m": 0.032930986210703853, "scenario_peak_interval": "090_120", "scenario_max_fraction_gt_0_02m": 0.66666666666666663, "scenario_max_fraction_gt_0_10m": 0.0, "scenario_max_fraction_gt_0_30m": 0.0, "flood_risk": "low", "flood_risk_rank": 1, "risk_policy": "prototype_depth_band_v1" }, "geometry": { "type": "LineString", "coordinates": [ [ 378423.285629944643006, 2046298.075902632204816 ], [ 378436.785900935414247, 2046299.207081887871027 ], [ 378443.890840790932998, 2046307.395188921829686 ], [ 378455.099205924372654, 2046308.39713741838932 ], [ 378471.339548819465563, 2046308.747278825379908 ] ] } },
{ "type": "Feature", "properties": { "edge_id": "RN_ROAD_00404", "road_id": "RN_ROAD_00404", "source_road_id": "RN_ROAD_00404", "road_class": "residential", "name": null, "length_m": 22.845177254038568, "sampling_status": "mapped", "sampling_method": "road_line_intersected_raster_cells_all_touched", "sampled_intervals": 6, "scenario_peak_max_depth_m": 0.019388386979699135, "scenario_peak_mean_depth_m": 0.019388386979699135, "scenario_peak_p90_depth_m": 0.019388386979699135, "scenario_peak_interval": "090_120", "scenario_max_fraction_gt_0_02m": 0.0, "scenario_max_fraction_gt_0_10m": 0.0, "scenario_max_fraction_gt_0_30m": 0.0, "flood_risk": "minimal", "flood_risk_rank": 0, "risk_policy": "prototype_depth_band_v1" }, "geometry": { "type": "LineString", "coordinates": [ [ 378471.339548819465563, 2046308.747278825379908 ], [ 378471.031244747515302, 2046331.590375646250322 ] ] } },
{ "type": "Feature", "properties": { "edge_id": "RN_ROAD_00405", "road_id": "RN_ROAD_00405", "source_road_id": "RN_ROAD_00405", "road_class": "residential", "name": null, "length_m": 113.3340964507249, "sampling_status": "mapped", "sampling_method": "road_line_intersected_raster_cells_all_touched", "sampled_intervals": 6, "scenario_peak_max_depth_m": 0.019388386979699135, "scenario_peak_mean_depth_m": 0.0091690983623266224, "scenario_peak_p90_depth_m": 0.015755546092987061, "scenario_peak_interval": "090_120", "scenario_max_fraction_gt_0_02m": 0.0, "scenario_max_fraction_gt_0_10m": 0.0, "scenario_max_fraction_gt_0_30m": 0.0, "flood_risk": "minimal", "flood_risk_rank": 0, "risk_policy": "prototype_depth_band_v1" }, "geometry": { "type": "LineString", "coordinates": [ [ 378584.363782294094563, 2046332.184809457045048 ], [ 378471.031244747515302, 2046331.590375646250322 ] ] } },
{ "type": "Feature", "properties": { "edge_id": "RN_ROAD_00408", "road_id": "RN_ROAD_00408", "source_road_id": "RN_ROAD_00408", "road_class": "residential", "name": null, "length_m": 38.977716564484794, "sampling_status": "mapped", "sampling_method": "road_line_intersected_raster_cells_all_touched", "sampled_intervals": 6, "scenario_peak_max_depth_m": 0.0055096279829740524, "scenario_peak_mean_depth_m": 0.0029887525112523385, "scenario_peak_p90_depth_m": 0.0050424084067344664, "scenario_peak_interval": "090_120", "scenario_max_fraction_gt_0_02m": 0.0, "scenario_max_fraction_gt_0_10m": 0.0, "scenario_max_fraction_gt_0_30m": 0.0, "flood_risk": "minimal", "flood_risk_rank": 0, "risk_policy": "prototype_depth_band_v1" }, "geometry": { "type": "LineString", "coordinates": [ [ 378584.168708984041587, 2046371.162037872942165 ], [ 378584.363782294094563, 2046332.184809457045048 ] ] } },
{ "type": "Feature", "properties": { "edge_id": "RN_ROAD_00409", "road_id": "RN_ROAD_00409", "source_road_id": "RN_ROAD_00409", "road_class": "residential", "name": null, "length_m": 125.91349719515188, "sampling_status": "mapped", "sampling_method": "road_line_intersected_raster_cells_all_touched", "sampled_intervals": 6, "scenario_peak_max_depth_m": 0.0094154970720410347, "scenario_peak_mean_depth_m": 0.002072894922613549, "scenario_peak_p90_depth_m": 0.0057131499517709041, "scenario_peak_interval": "090_120", "scenario_max_fraction_gt_0_02m": 0.0, "scenario_max_fraction_gt_0_10m": 0.0, "scenario_max_fraction_gt_0_30m": 0.0, "flood_risk": "minimal", "flood_risk_rank": 0, "risk_policy": "prototype_depth_band_v1" }, "geometry": { "type": "LineString", "coordinates": [ [ 378198.011994576780125, 2046336.277261891635135 ], [ 378233.17525372991804, 2046360.243782856035978 ], [ 378241.829712561098859, 2046364.725723563693464 ], [ 378313.097230970510282, 2046383.16088665695861 ] ] } },
{ "type": "Feature", "properties": { "edge_id": "RN_ROAD_00412", "road_id": "RN_ROAD_00412", "source_road_id": "RN_ROAD_00412", "road_class": "residential", "name": null, "length_m": 68.15802449183667, "sampling_status": "mapped", "sampling_method": "road_line_intersected_raster_cells_all_touched", "sampled_intervals": 6, "scenario_peak_max_depth_m": 0.0094154970720410347, "scenario_peak_mean_depth_m": 0.0061095084995031355, "scenario_peak_p90_depth_m": 0.0091220533475279801, "scenario_peak_interval": "090_120", "scenario_max_fraction_gt_0_02m": 0.0, "scenario_max_fraction_gt_0_10m": 0.0, "scenario_max_fraction_gt_0_30m": 0.0, "flood_risk": "minimal", "flood_risk_rank": 0, "risk_policy": "prototype_depth_band_v1" }, "geometry": { "type": "LineString", "coordinates": [ [ 378179.204828609246761, 2046401.78914486640133 ], [ 378198.011994576780125, 2046336.277261891635135 ] ] } },
{ "type": "Feature", "properties": { "edge_id": "RN_ROAD_00407", "road_id": "RN_ROAD_00407", "source_road_id": "RN_ROAD_00407", "road_class": "tertiary", "name": [ "Madhavrao Peshve Marg" ], "length_m": 151.42783042971755, "sampling_status": "mapped", "sampling_method": "road_line_intersected_raster_cells_all_touched", "sampled_intervals": 6, "scenario_peak_max_depth_m": 0.036716107279062271, "scenario_peak_mean_depth_m": 0.019510698776381712, "scenario_peak_p90_depth_m": 0.032440085895359516, "scenario_peak_interval": "090_120", "scenario_max_fraction_gt_0_02m": 0.5, "scenario_max_fraction_gt_0_10m": 0.0, "scenario_max_fraction_gt_0_30m": 0.0, "flood_risk": "low", "flood_risk_rank": 1, "risk_policy": "prototype_depth_band_v1" }, "geometry": { "type": "LineString", "coordinates": [ [ 378470.630442233348731, 2046361.450185705209151 ], [ 378405.832337529631332, 2046350.86352788284421 ], [ 378360.967199233011343, 2046343.536163504468277 ], [ 378348.728340298868716, 2046341.533803781261668 ], [ 378320.838223127415404, 2046340.494571942137554 ] ] } },
{ "type": "Feature", "properties": { "edge_id": "RN_ROAD_00410", "road_id": "RN_ROAD_00410", "source_road_id": "RN_ROAD_00410", "road_class": "tertiary", "name": [ "Baburao Phule Path" ], "length_m": 43.362857042835891, "sampling_status": "mapped", "sampling_method": "road_line_intersected_raster_cells_all_touched", "sampled_intervals": 6, "scenario_peak_max_depth_m": 0.0029488482978194952, "scenario_peak_mean_depth_m": 0.0023841099464334548, "scenario_peak_p90_depth_m": 0.0028359006275422869, "scenario_peak_interval": "090_120", "scenario_max_fraction_gt_0_02m": 0.0, "scenario_max_fraction_gt_0_10m": 0.0, "scenario_max_fraction_gt_0_30m": 0.0, "flood_risk": "minimal", "flood_risk_rank": 0, "risk_policy": "prototype_depth_band_v1" }, "geometry": { "type": "LineString", "coordinates": [ [ 378320.838223127415404, 2046340.494571942137554 ], [ 378313.097230970510282, 2046383.16088665695861 ] ] } },
{ "type": "Feature", "properties": { "edge_id": "RN_ROAD_00192", "road_id": "RN_ROAD_00192", "source_road_id": "RN_ROAD_00192", "road_class": "primary", "name": [ "Barrister Nath Pai Chowk" ], "length_m": 3.454841232823886, "sampling_status": "mapped", "sampling_method": "road_line_intersected_raster_cells_all_touched", "sampled_intervals": 6, "scenario_peak_max_depth_m": 0.007437300868332386, "scenario_peak_mean_depth_m": 0.007437300868332386, "scenario_peak_p90_depth_m": 0.007437300868332386, "scenario_peak_interval": "090_120", "scenario_max_fraction_gt_0_02m": 0.0, "scenario_max_fraction_gt_0_10m": 0.0, "scenario_max_fraction_gt_0_30m": 0.0, "flood_risk": "minimal", "flood_risk_rank": 0, "risk_policy": "prototype_depth_band_v1" }, "geometry": { "type": "LineString", "coordinates": [ [ 378098.207729538611602, 2046252.091123225865886 ], [ 378100.052945106232073, 2046255.011929185362533 ] ] } },
{ "type": "Feature", "properties": { "edge_id": "RN_ROAD_00194", "road_id": "RN_ROAD_00194", "source_road_id": "RN_ROAD_00194", "road_class": "primary", "name": [ "Barrister Nath Pai Chowk" ], "length_m": 16.279538719426348, "sampling_status": "mapped", "sampling_method": "road_line_intersected_raster_cells_all_touched", "sampled_intervals": 6, "scenario_peak_max_depth_m": 0.007437300868332386, "scenario_peak_mean_depth_m": 0.007437300868332386, "scenario_peak_p90_depth_m": 0.007437300868332386, "scenario_peak_interval": "090_120", "scenario_max_fraction_gt_0_02m": 0.0, "scenario_max_fraction_gt_0_10m": 0.0, "scenario_max_fraction_gt_0_30m": 0.0, "flood_risk": "minimal", "flood_risk_rank": 0, "risk_policy": "prototype_depth_band_v1" }, "geometry": { "type": "LineString", "coordinates": [ [ 378100.052945106232073, 2046255.011929185362533 ], [ 378103.6152888557408, 2046257.335229125339538 ], [ 378107.253597901435569, 2046258.330069521442056 ], [ 378111.750830333447084, 2046258.25703719095327 ], [ 378115.22583214082988, 2046256.829370723105967 ] ] } },
{ "type": "Feature", "properties": { "edge_id": "RN_ROAD_00394", "road_id": "RN_ROAD_00394", "source_road_id": "RN_ROAD_00394", "road_class": "primary", "name": [ "Lalbahadur Shashtri Marg" ], "length_m": 83.343270253281233, "sampling_status": "mapped", "sampling_method": "road_line_intersected_raster_cells_all_touched", "sampled_intervals": 6, "scenario_peak_max_depth_m": 0.038265179842710495, "scenario_peak_mean_depth_m": 0.013535529281944037, "scenario_peak_p90_depth_m": 0.027377049624919894, "scenario_peak_interval": "090_120", "scenario_max_fraction_gt_0_02m": 0.2, "scenario_max_fraction_gt_0_10m": 0.0, "scenario_max_fraction_gt_0_30m": 0.0, "flood_risk": "low", "flood_risk_rank": 1, "risk_policy": "prototype_depth_band_v1" }, "geometry": { "type": "LineString", "coordinates": [ [ 378100.052945106232073, 2046255.011929185362533 ], [ 378099.236646994890179, 2046261.092633351916447 ], [ 378098.341613452939782, 2046269.719125362345949 ], [ 378096.164229245390743, 2046290.792513852473348 ], [ 378093.96717973559862, 2046307.140653691021726 ], [ 378089.865740125300363, 2046337.721370631596074 ] ] } },
{ "type": "Feature", "properties": { "edge_id": "RN_ROAD_00196", "road_id": "RN_ROAD_00196", "source_road_id": "RN_ROAD_00196", "road_class": "primary", "name": [ "Lalbahadur Shashtri Marg" ], "length_m": 53.986392800862312, "sampling_status": "mapped", "sampling_method": "road_line_intersected_raster_cells_all_touched", "sampled_intervals": 6, "scenario_peak_max_depth_m": 0.007437300868332386, "scenario_peak_mean_depth_m": 0.0061225374229252338, "scenario_peak_p90_depth_m": 0.0072846544906497003, "scenario_peak_interval": "090_120", "scenario_max_fraction_gt_0_02m": 0.0, "scenario_max_fraction_gt_0_10m": 0.0, "scenario_max_fraction_gt_0_30m": 0.0, "flood_risk": "minimal", "flood_risk_rank": 0, "risk_policy": "prototype_depth_band_v1" }, "geometry": { "type": "LineString", "coordinates": [ [ 378104.211929777869955, 2046309.343738724011928 ], [ 378106.889324971765745, 2046292.162543990416452 ], [ 378110.514731858274899, 2046271.334423529682681 ], [ 378112.032241250271909, 2046262.637552111875266 ], [ 378115.22583214082988, 2046256.829370723105967 ] ] } },
{ "type": "Feature", "properties": { "edge_id": "RN_ROAD_00395", "road_id": "RN_ROAD_00395", "source_road_id": "RN_ROAD_00395", "road_class": "residential", "name": null, "length_m": 51.865832973703135, "sampling_status": "mapped", "sampling_method": "road_line_intersected_raster_cells_all_touched", "sampled_intervals": 6, "scenario_peak_max_depth_m": 0.0091805495321750641, "scenario_peak_mean_depth_m": 0.0079853227362036705, "scenario_peak_p90_depth_m": 0.0089647095650434491, "scenario_peak_interval": "090_120", "scenario_max_fraction_gt_0_02m": 0.0, "scenario_max_fraction_gt_0_10m": 0.0, "scenario_max_fraction_gt_0_30m": 0.0, "flood_risk": "minimal", "flood_risk_rank": 0, "risk_policy": "prototype_depth_band_v1" }, "geometry": { "type": "LineString", "coordinates": [ [ 378155.306062563962769, 2046318.257447408977896 ], [ 378111.441626056097448, 2046310.603333523264155 ], [ 378104.211929777869955, 2046309.343738724011928 ] ] } },
{ "type": "Feature", "properties": { "edge_id": "RN_ROAD_00397", "road_id": "RN_ROAD_00397", "source_road_id": "RN_ROAD_00397", "road_class": "primary", "name": [ "Lalbahadur Shashtri Marg" ], "length_m": 77.305015544877051, "sampling_status": "mapped", "sampling_method": "road_line_intersected_raster_cells_all_touched", "sampled_intervals": 6, "scenario_peak_max_depth_m": 0.067508608102798462, "scenario_peak_mean_depth_m": 0.032184594077989459, "scenario_peak_p90_depth_m": 0.055690953880548483, "scenario_peak_interval": "090_120", "scenario_max_fraction_gt_0_02m": 0.75, "scenario_max_fraction_gt_0_10m": 0.0, "scenario_max_fraction_gt_0_30m": 0.0, "flood_risk": "low", "flood_risk_rank": 1, "risk_policy": "prototype_depth_band_v1" }, "geometry": { "type": "LineString", "coordinates": [ [ 378090.032644342456479, 2046385.261788110947236 ], [ 378096.098151421814691, 2046361.330508888699114 ], [ 378098.801670082728378, 2046344.934862272348255 ], [ 378104.211929777869955, 2046309.343738724011928 ] ] } },
{ "type": "Feature", "properties": { "edge_id": "RN_ROAD_00398", "road_id": "RN_ROAD_00398", "source_road_id": "RN_ROAD_00398", "road_class": "residential", "name": null, "length_m": 76.575133742592996, "sampling_status": "mapped", "sampling_method": "road_line_intersected_raster_cells_all_touched", "sampled_intervals": 6, "scenario_peak_max_depth_m": 0.018606675788760185, "scenario_peak_mean_depth_m": 0.012755591189488769, "scenario_peak_p90_depth_m": 0.017564809974282981, "scenario_peak_interval": "090_120", "scenario_max_fraction_gt_0_02m": 0.0, "scenario_max_fraction_gt_0_10m": 0.0, "scenario_max_fraction_gt_0_30m": 0.0, "flood_risk": "minimal", "flood_risk_rank": 0, "risk_policy": "prototype_depth_band_v1" }, "geometry": { "type": "LineString", "coordinates": [ [ 378155.306062563962769, 2046318.257447408977896 ], [ 378135.074264147784561, 2046392.111529493471608 ] ] } },
{ "type": "Feature", "properties": { "edge_id": "RN_ROAD_00198", "road_id": "RN_ROAD_00198", "source_road_id": "RN_ROAD_00198", "road_class": "tertiary", "name": [ "Dattawadi Road" ], "length_m": 23.711591631033937, "sampling_status": "mapped", "sampling_method": "road_line_intersected_raster_cells_all_touched", "sampled_intervals": 6, "scenario_peak_max_depth_m": 0.00076037331018596888, "scenario_peak_mean_depth_m": 0.00076037331018596888, "scenario_peak_p90_depth_m": 0.00076037331018596888, "scenario_peak_interval": "090_120", "scenario_max_fraction_gt_0_02m": 0.0, "scenario_max_fraction_gt_0_10m": 0.0, "scenario_max_fraction_gt_0_30m": 0.0, "flood_risk": "minimal", "flood_risk_rank": 0, "risk_policy": "prototype_depth_band_v1" }, "geometry": { "type": "LineString", "coordinates": [ [ 377370.553782144328579, 2045515.792946955421939 ], [ 377370.264920695160981, 2045492.083114886423573 ] ] } },
{ "type": "Feature", "properties": { "edge_id": "RN_ROAD_00199", "road_id": "RN_ROAD_00199", "source_road_id": "RN_ROAD_00199", "road_class": "residential", "name": null, "length_m": 61.167393952250599, "sampling_status": "mapped", "sampling_method": "road_line_intersected_raster_cells_all_touched", "sampled_intervals": 6, "scenario_peak_max_depth_m": 0.00076037331018596888, "scenario_peak_mean_depth_m": 0.00035915603803005069, "scenario_peak_p90_depth_m": 0.00064281870727427308, "scenario_peak_interval": "090_120", "scenario_max_fraction_gt_0_02m": 0.0, "scenario_max_fraction_gt_0_10m": 0.0, "scenario_max_fraction_gt_0_30m": 0.0, "flood_risk": "minimal", "flood_risk_rank": 0, "risk_policy": "prototype_depth_band_v1" }, "geometry": { "type": "LineString", "coordinates": [ [ 377309.387035878840834, 2045515.511461248388514 ], [ 377370.553782144328579, 2045515.792946955421939 ] ] } },
{ "type": "Feature", "properties": { "edge_id": "RN_ROAD_00200", "road_id": "RN_ROAD_00200", "source_road_id": "RN_ROAD_00200", "road_class": "residential", "name": null, "length_m": 42.276092279947598, "sampling_status": "mapped", "sampling_method": "road_line_intersected_raster_cells_all_touched", "sampled_intervals": 6, "scenario_peak_max_depth_m": 0.00068189238663762808, "scenario_peak_mean_depth_m": 0.00039945835305843502, "scenario_peak_p90_depth_m": 0.00061991154216229911, "scenario_peak_interval": "090_120", "scenario_max_fraction_gt_0_02m": 0.0, "scenario_max_fraction_gt_0_10m": 0.0, "scenario_max_fraction_gt_0_30m": 0.0, "flood_risk": "minimal", "flood_risk_rank": 0, "risk_policy": "prototype_depth_band_v1" }, "geometry": { "type": "LineString", "coordinates": [ [ 377309.152318788052071, 2045557.786901948042214 ], [ 377309.387035878840834, 2045515.511461248388514 ] ] } },
{ "type": "Feature", "properties": { "edge_id": "RN_ROAD_00207", "road_id": "RN_ROAD_00207", "source_road_id": "RN_ROAD_00207", "road_class": "residential", "name": null, "length_m": 148.47841605228805, "sampling_status": "mapped", "sampling_method": "road_line_intersected_raster_cells_all_touched", "sampled_intervals": 6, "scenario_peak_max_depth_m": 0.00029612574144266546, "scenario_peak_mean_depth_m": 0.00012436289186249874, "scenario_peak_p90_depth_m": 0.00026609990163706243, "scenario_peak_interval": "090_120", "scenario_max_fraction_gt_0_02m": 0.0, "scenario_max_fraction_gt_0_10m": 0.0, "scenario_max_fraction_gt_0_30m": 0.0, "flood_risk": "minimal", "flood_risk_rank": 0, "risk_policy": "prototype_depth_band_v1" }, "geometry": { "type": "LineString", "coordinates": [ [ 377309.387035878840834, 2045515.511461248388514 ], [ 377203.081739690271206, 2045515.033954987069592 ], [ 377160.910134331905283, 2045514.840859640389681 ] ] } },
{ "type": "Feature", "properties": { "edge_id": "RN_ROAD_00202", "road_id": "RN_ROAD_00202", "source_road_id": "RN_ROAD_00202", "road_class": "residential", "name": null, "length_m": 29.086507343216141, "sampling_status": "mapped", "sampling_method": "road_line_intersected_raster_cells_all_touched", "sampled_intervals": 6, "scenario_peak_max_depth_m": 0.00068189238663762808, "scenario_peak_mean_depth_m": 0.00068189238663762808, "scenario_peak_p90_depth_m": 0.00068189238663762808, "scenario_peak_interval": "090_120", "scenario_max_fraction_gt_0_02m": 0.0, "scenario_max_fraction_gt_0_10m": 0.0, "scenario_max_fraction_gt_0_30m": 0.0, "flood_risk": "minimal", "flood_risk_rank": 0, "risk_policy": "prototype_depth_band_v1" }, "geometry": { "type": "LineString", "coordinates": [ [ 377308.832710697315633, 2045586.871653280919418 ], [ 377309.152318788052071, 2045557.786901948042214 ] ] } },
{ "type": "Feature", "properties": { "edge_id": "RN_ROAD_00212", "road_id": "RN_ROAD_00212", "source_road_id": "RN_ROAD_00212", "road_class": "residential", "name": null, "length_m": 100.78909039161152, "sampling_status": "mapped", "sampling_method": "road_line_intersected_raster_cells_all_touched", "sampled_intervals": 6, "scenario_peak_max_depth_m": 0.0096536967903375626, "scenario_peak_mean_depth_m": 0.00384060776559636, "scenario_peak_p90_depth_m": 0.0078499784925952568, "scenario_peak_interval": "090_120", "scenario_max_fraction_gt_0_02m": 0.0, "scenario_max_fraction_gt_0_10m": 0.0, "scenario_max_fraction_gt_0_30m": 0.0, "flood_risk": "minimal", "flood_risk_rank": 0, "risk_policy": "prototype_depth_band_v1" }, "geometry": { "type": "LineString", "coordinates": [ [ 377309.152318788052071, 2045557.786901948042214 ], [ 377208.366864367388189, 2045556.93079495197162 ] ] } },
{ "type": "Feature", "properties": { "edge_id": "RN_ROAD_00205", "road_id": "RN_ROAD_00205", "source_road_id": "RN_ROAD_00205", "road_class": "residential", "name": null, "length_m": 20.052172667624301, "sampling_status": "mapped", "sampling_method": "road_line_intersected_raster_cells_all_touched", "sampled_intervals": 6, "scenario_peak_max_depth_m": 0.0058675236068665981, "scenario_peak_mean_depth_m": 0.0032747079967521131, "scenario_peak_p90_depth_m": 0.0053489604848437015, "scenario_peak_interval": "090_120", "scenario_max_fraction_gt_0_02m": 0.0, "scenario_max_fraction_gt_0_10m": 0.0, "scenario_max_fraction_gt_0_30m": 0.0, "flood_risk": "minimal", "flood_risk_rank": 0, "risk_policy": "prototype_depth_band_v1" }, "geometry": { "type": "LineString", "coordinates": [ [ 377308.832710697315633, 2045586.871653280919418 ], [ 377308.887862754170783, 2045606.923750102519989 ] ] } },
{ "type": "Feature", "properties": { "edge_id": "RN_ROAD_00206", "road_id": "RN_ROAD_00206", "source_road_id": "RN_ROAD_00206", "road_class": "residential", "name": null, "length_m": 62.807898327919411, "sampling_status": "mapped", "sampling_method": "road_line_intersected_raster_cells_all_touched", "sampled_intervals": 6, "scenario_peak_max_depth_m": 0.0092330379411578178, "scenario_peak_mean_depth_m": 0.0062757655202100677, "scenario_peak_p90_depth_m": 0.0085599350742995746, "scenario_peak_interval": "090_120", "scenario_max_fraction_gt_0_02m": 0.0, "scenario_max_fraction_gt_0_10m": 0.0, "scenario_max_fraction_gt_0_30m": 0.0, "flood_risk": "minimal", "flood_risk_rank": 0, "risk_policy": "prototype_depth_band_v1" }, "geometry": { "type": "LineString", "coordinates": [ [ 377308.887862754170783, 2045606.923750102519989 ], [ 377371.685719084809534, 2045608.046840769704431 ] ] } },
{ "type": "Feature", "properties": { "edge_id": "RN_ROAD_00217", "road_id": "RN_ROAD_00217", "source_road_id": "RN_ROAD_00217", "road_class": "tertiary", "name": [ "Dattawadi Road" ], "length_m": 33.763713386290256, "sampling_status": "mapped", "sampling_method": "road_line_intersected_raster_cells_all_touched", "sampled_intervals": 6, "scenario_peak_max_depth_m": 0.0092330379411578178, "scenario_peak_mean_depth_m": 0.0064626677582661314, "scenario_peak_p90_depth_m": 0.0087245712988078591, "scenario_peak_interval": "090_120", "scenario_max_fraction_gt_0_02m": 0.0, "scenario_max_fraction_gt_0_10m": 0.0, "scenario_max_fraction_gt_0_30m": 0.0, "flood_risk": "minimal", "flood_risk_rank": 0, "risk_policy": "prototype_depth_band_v1" }, "geometry": { "type": "LineString", "coordinates": [ [ 377373.845214924716856, 2045641.741423707455397 ], [ 377371.685719084809534, 2045608.046840769704431 ] ] } },
{ "type": "Feature", "properties": { "edge_id": "RN_ROAD_00213", "road_id": "RN_ROAD_00213", "source_road_id": "RN_ROAD_00213", "road_class": "residential", "name": null, "length_m": 180.55598741026415, "sampling_status": "mapped", "sampling_method": "road_line_intersected_raster_cells_all_touched", "sampled_intervals": 6, "scenario_peak_max_depth_m": 0.01805591769516468, "scenario_peak_mean_depth_m": 0.0070095938582588656, "scenario_peak_p90_depth_m": 0.015699267946183683, "scenario_peak_interval": "090_120", "scenario_max_fraction_gt_0_02m": 0.0, "scenario_max_fraction_gt_0_10m": 0.0, "scenario_max_fraction_gt_0_30m": 0.0, "flood_risk": "minimal", "flood_risk_rank": 0, "risk_policy": "prototype_depth_band_v1" }, "geometry": { "type": "LineString", "coordinates": [ [ 377308.887862754170783, 2045606.923750102519989 ], [ 377128.36097803467419, 2045603.68207103619352 ] ] } },
{ "type": "Feature", "properties": { "edge_id": "RN_ROAD_00208", "road_id": "RN_ROAD_00208", "source_road_id": "RN_ROAD_00208", "road_class": "residential", "name": null, "length_m": 43.937878462124822, "sampling_status": "mapped", "sampling_method": "road_line_intersected_raster_cells_all_touched", "sampled_intervals": 6, "scenario_peak_max_depth_m": 1.4873190593789332e-05, "scenario_peak_mean_depth_m": 1.4873190593789332e-05, "scenario_peak_p90_depth_m": 1.4873190593789332e-05, "scenario_peak_interval": "090_120", "scenario_max_fraction_gt_0_02m": 0.0, "scenario_max_fraction_gt_0_10m": 0.0, "scenario_max_fraction_gt_0_30m": 0.0, "flood_risk": "minimal", "flood_risk_rank": 0, "risk_policy": "prototype_depth_band_v1" }, "geometry": { "type": "LineString", "coordinates": [ [ 377116.972697798686568, 2045514.64379457035102 ], [ 377160.910134331905283, 2045514.840859640389681 ] ] } },
{ "type": "Feature", "properties": { "edge_id": "RN_ROAD_00209", "road_id": "RN_ROAD_00209", "source_road_id": "RN_ROAD_00209", "road_class": "residential", "name": null, "length_m": 38.916777274479244, "sampling_status": "mapped", "sampling_method": "road_line_intersected_raster_cells_all_touched", "sampled_intervals": 6, "scenario_peak_max_depth_m": 2.4470713469781913e-05, "scenario_peak_mean_depth_m": 1.9671952031785622e-05, "scenario_peak_p90_depth_m": 2.3510961182182654e-05, "scenario_peak_interval": "090_120", "scenario_max_fraction_gt_0_02m": 0.0, "scenario_max_fraction_gt_0_10m": 0.0, "scenario_max_fraction_gt_0_30m": 0.0, "flood_risk": "minimal", "flood_risk_rank": 0, "risk_policy": "prototype_depth_band_v1" }, "geometry": { "type": "LineString", "coordinates": [ [ 377160.37956124386983, 2045553.754019954474643 ], [ 377160.910134331905283, 2045514.840859640389681 ] ] } },
{ "type": "Feature", "properties": { "edge_id": "RN_ROAD_00210", "road_id": "RN_ROAD_00210", "source_road_id": "RN_ROAD_00210", "road_class": "residential", "name": null, "length_m": 35.508540829830849, "sampling_status": "mapped", "sampling_method": "road_line_intersected_raster_cells_all_touched", "sampled_intervals": 6, "scenario_peak_max_depth_m": 2.4470713469781913e-05, "scenario_peak_mean_depth_m": 1.948116960193147e-05, "scenario_peak_p90_depth_m": 2.3472804696211824e-05, "scenario_peak_interval": "090_120", "scenario_max_fraction_gt_0_02m": 0.0, "scenario_max_fraction_gt_0_10m": 0.0, "scenario_max_fraction_gt_0_30m": 0.0, "flood_risk": "minimal", "flood_risk_rank": 0, "risk_policy": "prototype_depth_band_v1" }, "geometry": { "type": "LineString", "coordinates": [ [ 377160.37956124386983, 2045553.754019954474643 ], [ 377124.871112834836822, 2045553.673004852142185 ] ] } },
{ "type": "Feature", "properties": { "edge_id": "RN_ROAD_00211", "road_id": "RN_ROAD_00211", "source_road_id": "RN_ROAD_00211", "road_class": "residential", "name": null, "length_m": 23.862335578374719, "sampling_status": "mapped", "sampling_method": "road_line_intersected_raster_cells_all_touched", "sampled_intervals": 6, "scenario_peak_max_depth_m": 4.4101627281634137e-05, "scenario_peak_mean_depth_m": 3.4286170375708025e-05, "scenario_peak_p90_depth_m": 4.2138535900448917e-05, "scenario_peak_interval": "090_120", "scenario_max_fraction_gt_0_02m": 0.0, "scenario_max_fraction_gt_0_10m": 0.0, "scenario_max_fraction_gt_0_30m": 0.0, "flood_risk": "minimal", "flood_risk_rank": 0, "risk_policy": "prototype_depth_band_v1" }, "geometry": { "type": "LineString", "coordinates": [ [ 377184.241853547864594, 2045553.799465016694739 ], [ 377160.37956124386983, 2045553.754019954474643 ] ] } },
{ "type": "Feature", "properties": { "edge_id": "RN_ROAD_00214", "road_id": "RN_ROAD_00214", "source_road_id": "RN_ROAD_00214", "road_class": "residential", "name": null, "length_m": 25.95861190557072, "sampling_status": "mapped", "sampling_method": "road_line_intersected_raster_cells_all_touched", "sampled_intervals": 6, "scenario_peak_max_depth_m": 0.011985872872173786, "scenario_peak_mean_depth_m": 0.006073361735616345, "scenario_peak_p90_depth_m": 0.010803370644862299, "scenario_peak_interval": "090_120", "scenario_max_fraction_gt_0_02m": 0.0, "scenario_max_fraction_gt_0_10m": 0.0, "scenario_max_fraction_gt_0_30m": 0.0, "flood_risk": "minimal", "flood_risk_rank": 0, "risk_policy": "prototype_depth_band_v1" }, "geometry": { "type": "LineString", "coordinates": [ [ 377172.830820437753573, 2045624.665255119558424 ], [ 377172.343438326613978, 2045650.61929123615846 ] ] } },
{ "type": "Feature", "properties": { "edge_id": "RN_ROAD_00216", "road_id": "RN_ROAD_00216", "source_road_id": "RN_ROAD_00216", "road_class": "residential", "name": null, "length_m": 51.616018334058886, "sampling_status": "mapped", "sampling_method": "road_line_intersected_raster_cells_all_touched", "sampled_intervals": 6, "scenario_peak_max_depth_m": 0.011985872872173786, "scenario_peak_mean_depth_m": 0.0045274360066590207, "scenario_peak_p90_depth_m": 0.0098433490842580809, "scenario_peak_interval": "090_120", "scenario_max_fraction_gt_0_02m": 0.0, "scenario_max_fraction_gt_0_10m": 0.0, "scenario_max_fraction_gt_0_30m": 0.0, "flood_risk": "minimal", "flood_risk_rank": 0, "risk_policy": "prototype_depth_band_v1" }, "geometry": { "type": "LineString", "coordinates": [ [ 377172.343438326613978, 2045650.61929123615846 ], [ 377145.473330011242069, 2045650.759251251118258 ], [ 377145.049909544584807, 2045626.017328573390841 ] ] } },
{ "type": "Feature", "properties": { "edge_id": "RN_ROAD_00229", "road_id": "RN_ROAD_00229", "source_road_id": "RN_ROAD_00229", "road_class": "residential", "name": null, "length_m": 25.687960609079266, "sampling_status": "mapped", "sampling_method": "road_line_intersected_raster_cells_all_touched", "sampled_intervals": 6, "scenario_peak_max_depth_m": 0.011985872872173786, "scenario_peak_mean_depth_m": 0.0095371289644390345, "scenario_peak_p90_depth_m": 0.011496124090626836, "scenario_peak_interval": "090_120", "scenario_max_fraction_gt_0_02m": 0.0, "scenario_max_fraction_gt_0_10m": 0.0, "scenario_max_fraction_gt_0_30m": 0.0, "flood_risk": "minimal", "flood_risk_rank": 0, "risk_policy": "prototype_depth_band_v1" }, "geometry": { "type": "LineString", "coordinates": [ [ 377198.031058220891282, 2045650.486986962845549 ], [ 377172.343438326613978, 2045650.61929123615846 ] ] } },
{ "type": "Feature", "properties": { "edge_id": "RN_ROAD_00215", "road_id": "RN_ROAD_00215", "source_road_id": "RN_ROAD_00215", "road_class": "residential", "name": null, "length_m": 25.484884391371224, "sampling_status": "mapped", "sampling_method": "road_line_intersected_raster_cells_all_touched", "sampled_intervals": 6, "scenario_peak_max_depth_m": 0.0070883850567042828, "scenario_peak_mean_depth_m": 0.0059145239647477865, "scenario_peak_p90_depth_m": 0.0068536128383129835, "scenario_peak_interval": "090_120", "scenario_max_fraction_gt_0_02m": 0.0, "scenario_max_fraction_gt_0_10m": 0.0, "scenario_max_fraction_gt_0_30m": 0.0, "flood_risk": "minimal", "flood_risk_rank": 0, "risk_policy": "prototype_depth_band_v1" }, "geometry": { "type": "LineString", "coordinates": [ [ 377198.912255326402374, 2045625.01734181214124 ], [ 377198.031058220891282, 2045650.486986962845549 ] ] } },
{ "type": "Feature", "properties": { "edge_id": "RN_ROAD_00230", "road_id": "RN_ROAD_00230", "source_road_id": "RN_ROAD_00230", "road_class": "residential", "name": null, "length_m": 26.342550618373256, "sampling_status": "mapped", "sampling_method": "road_line_intersected_raster_cells_all_touched", "sampled_intervals": 6, "scenario_peak_max_depth_m": 0.012447736226022243, "scenario_peak_mean_depth_m": 0.0097680606413632631, "scenario_peak_p90_depth_m": 0.011911801109090448, "scenario_peak_interval": "090_120", "scenario_max_fraction_gt_0_02m": 0.0, "scenario_max_fraction_gt_0_10m": 0.0, "scenario_max_fraction_gt_0_30m": 0.0, "flood_risk": "minimal", "flood_risk_rank": 0, "risk_policy": "prototype_depth_band_v1" }, "geometry": { "type": "LineString", "coordinates": [ [ 377224.373195597028825, 2045650.339435147354379 ], [ 377198.031058220891282, 2045650.486986962845549 ] ] } },
{ "type": "Feature", "properties": { "edge_id": "RN_ROAD_00218", "road_id": "RN_ROAD_00218", "source_road_id": "RN_ROAD_00218", "road_class": "residential", "name": null, "length_m": 34.600015700968846, "sampling_status": "mapped", "sampling_method": "road_line_intersected_raster_cells_all_touched", "sampled_intervals": 6, "scenario_peak_max_depth_m": 0.0044301990419626236, "scenario_peak_mean_depth_m": 0.0039472298230975866, "scenario_peak_p90_depth_m": 0.0043336051981896166, "scenario_peak_interval": "090_120", "scenario_max_fraction_gt_0_02m": 0.0, "scenario_max_fraction_gt_0_10m": 0.0, "scenario_max_fraction_gt_0_30m": 0.0, "flood_risk": "minimal", "flood_risk_rank": 0, "risk_policy": "prototype_depth_band_v1" }, "geometry": { "type": "LineString", "coordinates": [ [ 377408.441787318210118, 2045641.253299615578726 ], [ 377373.845214924716856, 2045641.741423707455397 ] ] } },
{ "type": "Feature", "properties": { "edge_id": "RN_ROAD_00221", "road_id": "RN_ROAD_00221", "source_road_id": "RN_ROAD_00221", "road_class": "residential", "name": null, "length_m": 110.36880758273932, "sampling_status": "mapped", "sampling_method": "road_line_intersected_raster_cells_all_touched", "sampled_intervals": 6, "scenario_peak_max_depth_m": 0.02204257994890213, "scenario_peak_mean_depth_m": 0.01666769664734602, "scenario_peak_p90_depth_m": 0.020313256978988649, "scenario_peak_interval": "090_120", "scenario_max_fraction_gt_0_02m": 0.2, "scenario_max_fraction_gt_0_10m": 0.0, "scenario_max_fraction_gt_0_30m": 0.0, "flood_risk": "low", "flood_risk_rank": 1, "risk_policy": "prototype_depth_band_v1" }, "geometry": { "type": "LineString", "coordinates": [ [ 377265.263340896635782, 2045669.652707922505215 ], [ 377375.631687873799819, 2045669.971569591667503 ] ] } },
{ "type": "Feature", "properties": { "edge_id": "RN_ROAD_00232", "road_id": "RN_ROAD_00232", "source_road_id": "RN_ROAD_00232", "road_class": "residential", "name": null, "length_m": 33.852210557988499, "sampling_status": "mapped", "sampling_method": "road_line_intersected_raster_cells_all_touched", "sampled_intervals": 6, "scenario_peak_max_depth_m": 0.017719272524118423, "scenario_peak_mean_depth_m": 0.015083504375070333, "scenario_peak_p90_depth_m": 0.017192118894308807, "scenario_peak_interval": "090_120", "scenario_max_fraction_gt_0_02m": 0.0, "scenario_max_fraction_gt_0_10m": 0.0, "scenario_max_fraction_gt_0_30m": 0.0, "flood_risk": "minimal", "flood_risk_rank": 0, "risk_policy": "prototype_depth_band_v1" }, "geometry": { "type": "LineString", "coordinates": [ [ 377252.024583459598944, 2045650.194555341266096 ], [ 377266.309510135441087, 2045650.113640384050086 ], [ 377265.263340896635782, 2045669.652707922505215 ] ] } },
{ "type": "Feature", "properties": { "edge_id": "RN_ROAD_00233", "road_id": "RN_ROAD_00233", "source_road_id": "RN_ROAD_00233", "road_class": "residential", "name": null, "length_m": 83.00094768295304, "sampling_status": "mapped", "sampling_method": "road_line_intersected_raster_cells_all_touched", "sampled_intervals": 6, "scenario_peak_max_depth_m": 0.017719272524118423, "scenario_peak_mean_depth_m": 0.012310316669754684, "scenario_peak_p90_depth_m": 0.01613781163468957, "scenario_peak_interval": "090_120", "scenario_max_fraction_gt_0_02m": 0.0, "scenario_max_fraction_gt_0_10m": 0.0, "scenario_max_fraction_gt_0_30m": 0.0, "flood_risk": "minimal", "flood_risk_rank": 0, "risk_policy": "prototype_depth_band_v1" }, "geometry": { "type": "LineString", "coordinates": [ [ 377182.95234203065047, 2045676.49076345609501 ], [ 377236.59588882670505, 2045675.968142333207652 ], [ 377265.263340896635782, 2045669.652707922505215 ] ] } },
{ "type": "Feature", "properties": { "edge_id": "RN_ROAD_00223", "road_id": "RN_ROAD_00223", "source_road_id": "RN_ROAD_00223", "road_class": "residential", "name": null, "length_m": 32.892795387527023, "sampling_status": "mapped", "sampling_method": "road_line_intersected_raster_cells_all_touched", "sampled_intervals": 6, "scenario_peak_max_depth_m": 0.0026263946201652288, "scenario_peak_mean_depth_m": 0.0023716285359114408, "scenario_peak_p90_depth_m": 0.0025754414033144712, "scenario_peak_interval": "090_120", "scenario_max_fraction_gt_0_02m": 0.0, "scenario_max_fraction_gt_0_10m": 0.0, "scenario_max_fraction_gt_0_30m": 0.0, "flood_risk": "minimal", "flood_risk_rank": 0, "risk_policy": "prototype_depth_band_v1" }, "geometry": { "type": "LineString", "coordinates": [ [ 377276.816688878112473, 2045801.236200826009735 ], [ 377277.535220712248702, 2045834.121147236321121 ] ] } },
{ "type": "Feature", "properties": { "edge_id": "RN_ROAD_00224", "road_id": "RN_ROAD_00224", "source_road_id": "RN_ROAD_00224", "road_class": "residential", "name": null, "length_m": 55.605474866051736, "sampling_status": "mapped", "sampling_method": "road_line_intersected_raster_cells_all_touched", "sampled_intervals": 6, "scenario_peak_max_depth_m": 0.01689571887254715, "scenario_peak_mean_depth_m": 0.0086172062437981367, "scenario_peak_p90_depth_m": 0.014782476145774126, "scenario_peak_interval": "090_120", "scenario_max_fraction_gt_0_02m": 0.0, "scenario_max_fraction_gt_0_10m": 0.0, "scenario_max_fraction_gt_0_30m": 0.0, "flood_risk": "minimal", "flood_risk_rank": 0, "risk_policy": "prototype_depth_band_v1" }, "geometry": { "type": "LineString", "coordinates": [ [ 377277.535220712248702, 2045834.121147236321121 ], [ 377293.357487152097747, 2045830.134945136494935 ], [ 377332.645879413350485, 2045830.313644674373791 ] ] } },
{ "type": "Feature", "properties": { "edge_id": "RN_ROAD_00225", "road_id": "RN_ROAD_00225", "source_road_id": "RN_ROAD_00225", "road_class": "residential", "name": null, "length_m": 34.538218934489144, "sampling_status": "mapped", "sampling_method": "road_line_intersected_raster_cells_all_touched", "sampled_intervals": 6, "scenario_peak_max_depth_m": 0.0026263946201652288, "scenario_peak_mean_depth_m": 0.002351942122913897, "scenario_peak_p90_depth_m": 0.0025715041207149624, "scenario_peak_interval": "090_120", "scenario_max_fraction_gt_0_02m": 0.0, "scenario_max_fraction_gt_0_10m": 0.0, "scenario_max_fraction_gt_0_30m": 0.0, "flood_risk": "minimal", "flood_risk_rank": 0, "risk_policy": "prototype_depth_band_v1" }, "geometry": { "type": "LineString", "coordinates": [ [ 377280.869936132454313, 2045868.295094162458554 ], [ 377278.857509794353973, 2045862.387485577957705 ], [ 377277.535220712248702, 2045834.121147236321121 ] ] } },
{ "type": "Feature", "properties": { "edge_id": "RN_ROAD_00236", "road_id": "RN_ROAD_00236", "source_road_id": "RN_ROAD_00236", "road_class": "residential", "name": null, "length_m": 43.044739566077212, "sampling_status": "mapped", "sampling_method": "road_line_intersected_raster_cells_all_touched", "sampled_intervals": 6, "scenario_peak_max_depth_m": 0.015715042129158974, "scenario_peak_mean_depth_m": 0.0094574744192262496, "scenario_peak_p90_depth_m": 0.014688012003898621, "scenario_peak_interval": "090_120", "scenario_max_fraction_gt_0_02m": 0.0, "scenario_max_fraction_gt_0_10m": 0.0, "scenario_max_fraction_gt_0_30m": 0.0, "flood_risk": "minimal", "flood_risk_rank": 0, "risk_policy": "prototype_depth_band_v1" }, "geometry": { "type": "LineString", "coordinates": [ [ 377294.615406831493601, 2045909.08616720023565 ], [ 377280.869936132454313, 2045868.295094162458554 ] ] } },
{ "type": "Feature", "properties": { "edge_id": "RN_ROAD_00227", "road_id": "RN_ROAD_00227", "source_road_id": "RN_ROAD_00227", "road_class": "residential", "name": null, "length_m": 23.141031158802942, "sampling_status": "mapped", "sampling_method": "road_line_intersected_raster_cells_all_touched", "sampled_intervals": 6, "scenario_peak_max_depth_m": 0.012447736226022243, "scenario_peak_mean_depth_m": 0.010263499803841114, "scenario_peak_p90_depth_m": 0.012010888941586018, "scenario_peak_interval": "090_120", "scenario_max_fraction_gt_0_02m": 0.0, "scenario_max_fraction_gt_0_10m": 0.0, "scenario_max_fraction_gt_0_30m": 0.0, "flood_risk": "minimal", "flood_risk_rank": 0, "risk_policy": "prototype_depth_band_v1" }, "geometry": { "type": "LineString", "coordinates": [ [ 377224.488108726160135, 2045627.198689306620508 ], [ 377224.373195597028825, 2045650.339435147354379 ] ] } },
{ "type": "Feature", "properties": { "edge_id": "RN_ROAD_00231", "road_id": "RN_ROAD_00231", "source_road_id": "RN_ROAD_00231", "road_class": "residential", "name": null, "length_m": 27.651767409778749, "sampling_status": "mapped", "sampling_method": "road_line_intersected_raster_cells_all_touched", "sampled_intervals": 6, "scenario_peak_max_depth_m": 0.012447736226022243, "scenario_peak_mean_depth_m": 0.012447736226022243, "scenario_peak_p90_depth_m": 0.012447736226022243, "scenario_peak_interval": "090_120", "scenario_max_fraction_gt_0_02m": 0.0, "scenario_max_fraction_gt_0_10m": 0.0, "scenario_max_fraction_gt_0_30m": 0.0, "flood_risk": "minimal", "flood_risk_rank": 0, "risk_policy": "prototype_depth_band_v1" }, "geometry": { "type": "LineString", "coordinates": [ [ 377252.024583459598944, 2045650.194555341266096 ], [ 377224.373195597028825, 2045650.339435147354379 ] ] } },
{ "type": "Feature", "properties": { "edge_id": "RN_ROAD_00228", "road_id": "RN_ROAD_00228", "source_road_id": "RN_ROAD_00228", "road_class": "residential", "name": null, "length_m": 22.284229795471415, "sampling_status": "mapped", "sampling_method": "road_line_intersected_raster_cells_all_touched", "sampled_intervals": 6, "scenario_peak_max_depth_m": 0.012447736226022243, "scenario_peak_mean_depth_m": 0.010503399185836315, "scenario_peak_p90_depth_m": 0.012154828570783139, "scenario_peak_interval": "090_120", "scenario_max_fraction_gt_0_02m": 0.0, "scenario_max_fraction_gt_0_10m": 0.0, "scenario_max_fraction_gt_0_30m": 0.0, "flood_risk": "minimal", "flood_risk_rank": 0, "risk_policy": "prototype_depth_band_v1" }, "geometry": { "type": "LineString", "coordinates": [ [ 377252.799750868638512, 2045627.923811908112839 ], [ 377252.024583459598944, 2045650.194555341266096 ] ] } },
{ "type": "Feature", "properties": { "edge_id": "RN_ROAD_00234", "road_id": "RN_ROAD_00234", "source_road_id": "RN_ROAD_00234", "road_class": "secondary", "name": [ "Raja Mantri Path" ], "length_m": 542.16849994540019, "sampling_status": "mapped", "sampling_method": "road_line_intersected_raster_cells_all_touched", "sampled_intervals": 6, "scenario_peak_max_depth_m": 0.19845972955226898, "scenario_peak_mean_depth_m": 0.034086950194171586, "scenario_peak_p90_depth_m": 0.087082938849926003, "scenario_peak_interval": "090_120", "scenario_max_fraction_gt_0_02m": 0.43478260869565216, "scenario_max_fraction_gt_0_10m": 0.086956521739130432, "scenario_max_fraction_gt_0_30m": 0.0, "flood_risk": "moderate", "flood_risk_rank": 2, "risk_policy": "prototype_depth_band_v1" }, "geometry": { "type": "LineString", "coordinates": [ [ 377034.149927088117693, 2046217.583271459676325 ], [ 377033.020833956019487, 2046150.594020014395937 ], [ 377031.827207752503455, 2046143.961827590595931 ], [ 377026.919863291434012, 2046116.482197533594444 ], [ 377026.098261796520092, 2046111.872772600036114 ], [ 377011.454528606962413, 2046046.486845847219229 ], [ 376998.03788736689603, 2045997.836608384968713 ], [ 376984.354874687909614, 2045965.179176311008632 ], [ 376980.335675768787041, 2045959.17388136102818 ], [ 376949.386813345074188, 2045912.949740728130564 ], [ 376907.852053148439154, 2045855.926710342057049 ], [ 376884.534693019872066, 2045811.058819188503549 ], [ 376881.104270010138862, 2045801.408862814307213 ], [ 376874.595268172968645, 2045772.832957874983549 ], [ 376869.933557631215081, 2045752.367927000159398 ], [ 376858.434481308213435, 2045715.67756344913505 ] ] } },
{ "type": "Feature", "properties": { "edge_id": "RN_ROAD_00284", "road_id": "RN_ROAD_00284", "source_road_id": "RN_ROAD_00284", "road_class": "secondary_link", "name": null, "length_m": 8.8807440241804265, "sampling_status": "mapped", "sampling_method": "road_line_intersected_raster_cells_all_touched", "sampled_intervals": 6, "scenario_peak_max_depth_m": 0.052458181977272034, "scenario_peak_mean_depth_m": 0.052458181977272034, "scenario_peak_p90_depth_m": 0.052458181977272034, "scenario_peak_interval": "090_120", "scenario_max_fraction_gt_0_02m": 1.0, "scenario_max_fraction_gt_0_10m": 0.0, "scenario_max_fraction_gt_0_30m": 0.0, "flood_risk": "low", "flood_risk_rank": 1, "risk_policy": "prototype_depth_band_v1" }, "geometry": { "type": "LineString", "coordinates": [ [ 377034.149927088117693, 2046217.583271459676325 ], [ 377025.278539312246721, 2046217.175725936889648 ] ] } },
{ "type": "Feature", "properties": { "edge_id": "RN_ROAD_00286", "road_id": "RN_ROAD_00286", "source_road_id": "RN_ROAD_00286", "road_class": "secondary", "name": [ "Raja Mantri Path" ], "length_m": 181.64061004240045, "sampling_status": "mapped", "sampling_method": "road_line_intersected_raster_cells_all_touched", "sampled_intervals": 6, "scenario_peak_max_depth_m": 0.052458181977272034, "scenario_peak_mean_depth_m": 0.027932934995208467, "scenario_peak_p90_depth_m": 0.044307134300470355, "scenario_peak_interval": "090_120", "scenario_max_fraction_gt_0_02m": 0.5714285714285714, "scenario_max_fraction_gt_0_10m": 0.0, "scenario_max_fraction_gt_0_30m": 0.0, "flood_risk": "low", "flood_risk_rank": 1, "risk_policy": "prototype_depth_band_v1" }, "geometry": { "type": "LineString", "coordinates": [ [ 377037.232882237818558, 2046399.197716345312074 ], [ 377035.40926240303088, 2046291.665307866642252 ], [ 377034.149927088117693, 2046217.583271459676325 ] ] } },
{ "type": "Feature", "properties": { "edge_id": "RN_ROAD_00235", "road_id": "RN_ROAD_00235", "source_road_id": "RN_ROAD_00235", "road_class": "secondary", "name": [ "Raja Mantri Path" ], "length_m": 535.08241072042733, "sampling_status": "mapped", "sampling_method": "road_line_intersected_raster_cells_all_touched", "sampled_intervals": 6, "scenario_peak_max_depth_m": 0.19845972955226898, "scenario_peak_mean_depth_m": 0.03463620227842551, "scenario_peak_p90_depth_m": 0.087082938849926003, "scenario_peak_interval": "090_120", "scenario_max_fraction_gt_0_02m": 0.43478260869565216, "scenario_max_fraction_gt_0_10m": 0.086956521739130432, "scenario_max_fraction_gt_0_30m": 0.0, "flood_risk": "moderate", "flood_risk_rank": 2, "risk_policy": "prototype_depth_band_v1" }, "geometry": { "type": "LineString", "coordinates": [ [ 376849.466796523891389, 2045722.650786967249587 ], [ 376850.239969308720902, 2045725.858105115359649 ], [ 376862.72768044291297, 2045784.263843848137185 ], [ 376869.037126536830328, 2045809.731350496876985 ], [ 376875.030170669662766, 2045823.81348117813468 ], [ 376903.236835833115038, 2045865.540099280886352 ], [ 376925.591279799526092, 2045898.650545378448442 ], [ 376941.634861682076007, 2045922.41737479204312 ], [ 376965.564924689067993, 2045955.9271478690207 ], [ 376973.908734098775312, 2045969.451870718272403 ], [ 376986.543605911603663, 2046000.024494852172211 ], [ 377004.852160174283199, 2046072.115181425819173 ], [ 377008.50746506213909, 2046090.450899547198787 ], [ 377015.414498151221778, 2046125.121907079825178 ], [ 377019.233506844844669, 2046144.286557275569066 ], [ 377022.05449880019296, 2046159.318780760746449 ], [ 377024.377899459912442, 2046170.868270851438865 ], [ 377025.474582487135194, 2046198.472089916933328 ], [ 377025.278539312246721, 2046217.175725936889648 ] ] } },
{ "type": "Feature", "properties": { "edge_id": "RN_ROAD_00285", "road_id": "RN_ROAD_00285", "source_road_id": "RN_ROAD_00285", "road_class": "secondary", "name": [ "Raja Mantri Path" ], "length_m": 181.77458684106534, "sampling_status": "mapped", "sampling_method": "road_line_intersected_raster_cells_all_touched", "sampled_intervals": 6, "scenario_peak_max_depth_m": 0.052458181977272034, "scenario_peak_mean_depth_m": 0.027932934995208467, "scenario_peak_p90_depth_m": 0.044307134300470355, "scenario_peak_interval": "090_120", "scenario_max_fraction_gt_0_02m": 0.5714285714285714, "scenario_max_fraction_gt_0_10m": 0.0, "scenario_max_fraction_gt_0_30m": 0.0, "flood_risk": "low", "flood_risk_rank": 1, "risk_policy": "prototype_depth_band_v1" }, "geometry": { "type": "LineString", "coordinates": [ [ 377025.278539312246721, 2046217.175725936889648 ], [ 377024.694764454849064, 2046272.323823264800012 ], [ 377022.97796548565384, 2046398.93558408645913 ] ] } },
{ "type": "Feature", "properties": { "edge_id": "RN_ROAD_00238", "road_id": "RN_ROAD_00238", "source_road_id": "RN_ROAD_00238", "road_class": "residential", "name": null, "length_m": 44.72295405595635, "sampling_status": "mapped", "sampling_method": "road_line_intersected_raster_cells_all_touched", "sampled_intervals": 6, "scenario_peak_max_depth_m": 0.021807316690683365, "scenario_peak_mean_depth_m": 0.018761179409921169, "scenario_peak_p90_depth_m": 0.021198089234530926, "scenario_peak_interval": "090_120", "scenario_max_fraction_gt_0_02m": 0.5, "scenario_max_fraction_gt_0_10m": 0.0, "scenario_max_fraction_gt_0_30m": 0.0, "flood_risk": "low", "flood_risk_rank": 1, "risk_policy": "prototype_depth_band_v1" }, "geometry": { "type": "LineString", "coordinates": [ [ 377294.615406831493601, 2045909.08616720023565 ], [ 377308.596429055498447, 2045904.469972094520926 ], [ 377338.594328130013309, 2045904.785947543336079 ] ] } },
{ "type": "Feature", "properties": { "edge_id": "RN_ROAD_00240", "road_id": "RN_ROAD_00240", "source_road_id": "RN_ROAD_00240", "road_class": "residential", "name": null, "length_m": 102.03350016446819, "sampling_status": "mapped", "sampling_method": "road_line_intersected_raster_cells_all_touched", "sampled_intervals": 6, "scenario_peak_max_depth_m": 0.019207123667001724, "scenario_peak_mean_depth_m": 0.01473760474473238, "scenario_peak_p90_depth_m": 0.017810291051864623, "scenario_peak_interval": "090_120", "scenario_max_fraction_gt_0_02m": 0.0, "scenario_max_fraction_gt_0_10m": 0.0, "scenario_max_fraction_gt_0_30m": 0.0, "flood_risk": "minimal", "flood_risk_rank": 0, "risk_policy": "prototype_depth_band_v1" }, "geometry": { "type": "LineString", "coordinates": [ [ 377357.644593907985836, 2045967.642671233508736 ], [ 377324.417696176911704, 2045967.590918510919437 ], [ 377318.553950840316247, 2045966.975740392459556 ], [ 377315.928168216021731, 2045964.192823771154508 ], [ 377294.615406831493601, 2045909.08616720023565 ] ] } },
{ "type": "Feature", "properties": { "edge_id": "RN_ROAD_00239", "road_id": "RN_ROAD_00239", "source_road_id": "RN_ROAD_00239", "road_class": "residential", "name": null, "length_m": 39.195136141472005, "sampling_status": "mapped", "sampling_method": "road_line_intersected_raster_cells_all_touched", "sampled_intervals": 6, "scenario_peak_max_depth_m": 0.021807316690683365, "scenario_peak_mean_depth_m": 0.018042759038507938, "scenario_peak_p90_depth_m": 0.021175945177674294, "scenario_peak_interval": "090_120", "scenario_max_fraction_gt_0_02m": 0.33333333333333331, "scenario_max_fraction_gt_0_10m": 0.0, "scenario_max_fraction_gt_0_30m": 0.0, "flood_risk": "low", "flood_risk_rank": 1, "risk_policy": "prototype_depth_band_v1" }, "geometry": { "type": "LineString", "coordinates": [ [ 377348.960568591253832, 2045942.223524815868586 ], [ 377338.404289698053617, 2045911.349591301521286 ], [ 377338.594328130013309, 2045904.785947543336079 ] ] } },
{ "type": "Feature", "properties": { "edge_id": "RN_ROAD_00242", "road_id": "RN_ROAD_00242", "source_road_id": "RN_ROAD_00242", "road_class": "residential", "name": null, "length_m": 26.861595267278346, "sampling_status": "mapped", "sampling_method": "road_line_intersected_raster_cells_all_touched", "sampled_intervals": 6, "scenario_peak_max_depth_m": 0.018650459125638008, "scenario_peak_mean_depth_m": 0.015944803133606911, "scenario_peak_p90_depth_m": 0.018109327927231789, "scenario_peak_interval": "090_120", "scenario_max_fraction_gt_0_02m": 0.0, "scenario_max_fraction_gt_0_10m": 0.0, "scenario_max_fraction_gt_0_30m": 0.0, "flood_risk": "minimal", "flood_risk_rank": 0, "risk_policy": "prototype_depth_band_v1" }, "geometry": { "type": "LineString", "coordinates": [ [ 377357.644593907985836, 2045967.642671233508736 ], [ 377348.960568591253832, 2045942.223524815868586 ] ] } },
{ "type": "Feature", "properties": { "edge_id": "RN_ROAD_00243", "road_id": "RN_ROAD_00243", "source_road_id": "RN_ROAD_00243", "road_class": "residential", "name": null, "length_m": 20.050148555016975, "sampling_status": "mapped", "sampling_method": "road_line_intersected_raster_cells_all_touched", "sampled_intervals": 6, "scenario_peak_max_depth_m": 0.013239147141575813, "scenario_peak_mean_depth_m": 0.01230242196470499, "scenario_peak_p90_depth_m": 0.013051802106201649, "scenario_peak_interval": "090_120", "scenario_max_fraction_gt_0_02m": 0.0, "scenario_max_fraction_gt_0_10m": 0.0, "scenario_max_fraction_gt_0_30m": 0.0, "flood_risk": "minimal", "flood_risk_rank": 0, "risk_policy": "prototype_depth_band_v1" }, "geometry": { "type": "LineString", "coordinates": [ [ 377377.694725709618069, 2045967.668590635992587 ], [ 377357.644593907985836, 2045967.642671233508736 ] ] } },
{ "type": "Feature", "properties": { "edge_id": "RN_ROAD_00245", "road_id": "RN_ROAD_00245", "source_road_id": "RN_ROAD_00245", "road_class": "residential", "name": null, "length_m": 37.245679728321754, "sampling_status": "mapped", "sampling_method": "road_line_intersected_raster_cells_all_touched", "sampled_intervals": 6, "scenario_peak_max_depth_m": 0.011365696787834167, "scenario_peak_mean_depth_m": 0.0098165171220898628, "scenario_peak_p90_depth_m": 0.011055860854685306, "scenario_peak_interval": "090_120", "scenario_max_fraction_gt_0_02m": 0.0, "scenario_max_fraction_gt_0_10m": 0.0, "scenario_max_fraction_gt_0_30m": 0.0, "flood_risk": "minimal", "flood_risk_rank": 0, "risk_policy": "prototype_depth_band_v1" }, "geometry": { "type": "LineString", "coordinates": [ [ 377377.694725709618069, 2045967.668590635992587 ], [ 377377.174152983992826, 2046004.910632234998047 ] ] } },
{ "type": "Feature", "properties": { "edge_id": "RN_ROAD_00255", "road_id": "RN_ROAD_00255", "source_road_id": "RN_ROAD_00255", "road_class": "tertiary", "name": null, "length_m": 80.72682467278436, "sampling_status": "mapped", "sampling_method": "road_line_intersected_raster_cells_all_touched", "sampled_intervals": 6, "scenario_peak_max_depth_m": 0.024942450225353241, "scenario_peak_mean_depth_m": 0.014708151342347264, "scenario_peak_p90_depth_m": 0.021422186680138112, "scenario_peak_interval": "090_120", "scenario_max_fraction_gt_0_02m": 0.25, "scenario_max_fraction_gt_0_10m": 0.0, "scenario_max_fraction_gt_0_30m": 0.0, "flood_risk": "low", "flood_risk_rank": 1, "risk_policy": "prototype_depth_band_v1" }, "geometry": { "type": "LineString", "coordinates": [ [ 377377.174152983992826, 2046004.910632234998047 ], [ 377296.447455518820789, 2046005.053943494334817 ] ] } },
{ "type": "Feature", "properties": { "edge_id": "RN_ROAD_00246", "road_id": "RN_ROAD_00246", "source_road_id": "RN_ROAD_00246", "road_class": "residential", "name": null, "length_m": 17.218168583291209, "sampling_status": "mapped", "sampling_method": "road_line_intersected_raster_cells_all_touched", "sampled_intervals": 6, "scenario_peak_max_depth_m": 0.0, "scenario_peak_mean_depth_m": 0.0, "scenario_peak_p90_depth_m": 0.0, "scenario_peak_interval": "000_030", "scenario_max_fraction_gt_0_02m": 0.0, "scenario_max_fraction_gt_0_10m": 0.0, "scenario_max_fraction_gt_0_30m": 0.0, "flood_risk": "minimal", "flood_risk_rank": 0, "risk_policy": "prototype_depth_band_v1" }, "geometry": { "type": "LineString", "coordinates": [ [ 376691.462959654687438, 2045862.814402200747281 ], [ 376691.358483834133949, 2045845.596550587797537 ] ] } },
{ "type": "Feature", "properties": { "edge_id": "RN_ROAD_00247", "road_id": "RN_ROAD_00247", "source_road_id": "RN_ROAD_00247", "road_class": "residential", "name": null, "length_m": 22.173895446461863, "sampling_status": "mapped", "sampling_method": "road_line_intersected_raster_cells_all_touched", "sampled_intervals": 6, "scenario_peak_max_depth_m": 0.0, "scenario_peak_mean_depth_m": 0.0, "scenario_peak_p90_depth_m": 0.0, "scenario_peak_interval": "000_030", "scenario_max_fraction_gt_0_02m": 0.0, "scenario_max_fraction_gt_0_10m": 0.0, "scenario_max_fraction_gt_0_30m": 0.0, "flood_risk": "minimal", "flood_risk_rank": 0, "risk_policy": "prototype_depth_band_v1" }, "geometry": { "type": "LineString", "coordinates": [ [ 376691.462959654687438, 2045862.814402200747281 ], [ 376669.289135895785876, 2045862.758017984917387 ] ] } },
{ "type": "Feature", "properties": { "edge_id": "RN_ROAD_00248", "road_id": "RN_ROAD_00248", "source_road_id": "RN_ROAD_00248", "road_class": "residential", "name": null, "length_m": 17.273740242986737, "sampling_status": "mapped", "sampling_method": "road_line_intersected_raster_cells_all_touched", "sampled_intervals": 6, "scenario_peak_max_depth_m": 0.0, "scenario_peak_mean_depth_m": 0.0, "scenario_peak_p90_depth_m": 0.0, "scenario_peak_interval": "000_030", "scenario_max_fraction_gt_0_02m": 0.0, "scenario_max_fraction_gt_0_10m": 0.0, "scenario_max_fraction_gt_0_30m": 0.0, "flood_risk": "minimal", "flood_risk_rank": 0, "risk_policy": "prototype_depth_band_v1" }, "geometry": { "type": "LineString", "coordinates": [ [ 376708.736614700581413, 2045862.868654736550525 ], [ 376691.462959654687438, 2045862.814402200747281 ] ] } },
{ "type": "Feature", "properties": { "edge_id": "RN_ROAD_00249", "road_id": "RN_ROAD_00249", "source_road_id": "RN_ROAD_00249", "road_class": "tertiary", "name": [ "Maai Mangeshkar Path" ], "length_m": 7.7389150708883694, "sampling_status": "outside_valid_flood_grid", "sampling_method": "road_line_intersected_raster_cells_all_touched", "sampled_intervals": 0, "scenario_peak_max_depth_m": -1.0, "scenario_peak_mean_depth_m": -1.0, "scenario_peak_p90_depth_m": -1.0, "scenario_peak_interval": "", "scenario_max_fraction_gt_0_02m": -1.0, "scenario_max_fraction_gt_0_10m": -1.0, "scenario_max_fraction_gt_0_30m": -1.0, "flood_risk": "unknown", "flood_risk_rank": -1, "risk_policy": "prototype_depth_band_v1" }, "geometry": { "type": "LineString", "coordinates": [ [ 376616.28188596497057, 2045912.40301435184665 ], [ 376615.322134834539611, 2045904.723842245293781 ] ] } },
{ "type": "Feature", "properties": { "edge_id": "RN_ROAD_00250", "road_id": "RN_ROAD_00250", "source_road_id": "RN_ROAD_00250", "road_class": "residential", "name": null, "length_m": 89.553292760104455, "sampling_status": "mapped", "sampling_method": "road_line_intersected_raster_cells_all_touched", "sampled_intervals": 6, "scenario_peak_max_depth_m": 0.0, "scenario_peak_mean_depth_m": 0.0, "scenario_peak_p90_depth_m": 0.0, "scenario_peak_interval": "000_030", "scenario_max_fraction_gt_0_02m": 0.0, "scenario_max_fraction_gt_0_10m": 0.0, "scenario_max_fraction_gt_0_30m": 0.0, "flood_risk": "minimal", "flood_risk_rank": 0, "risk_policy": "prototype_depth_band_v1" }, "geometry": { "type": "LineString", "coordinates": [ [ 376705.834462377650198, 2045912.044821626972407 ], [ 376616.28188596497057, 2045912.40301435184665 ] ] } },
{ "type": "Feature", "properties": { "edge_id": "RN_ROAD_00251", "road_id": "RN_ROAD_00251", "source_road_id": "RN_ROAD_00251", "road_class": "tertiary", "name": [ "Maai Mangeshkar Path" ], "length_m": 116.09553120361898, "sampling_status": "mapped", "sampling_method": "road_line_intersected_raster_cells_all_touched", "sampled_intervals": 6, "scenario_peak_max_depth_m": 0.0, "scenario_peak_mean_depth_m": 0.0, "scenario_peak_p90_depth_m": 0.0, "scenario_peak_interval": "000_030", "scenario_max_fraction_gt_0_02m": 0.0, "scenario_max_fraction_gt_0_10m": 0.0, "scenario_max_fraction_gt_0_30m": 0.0, "flood_risk": "minimal", "flood_risk_rank": 0, "risk_policy": "prototype_depth_band_v1" }, "geometry": { "type": "LineString", "coordinates": [ [ 376645.255842925223988, 2046023.666223383741453 ], [ 376639.273032223340124, 2045996.503481430467218 ], [ 376636.678834646765608, 2045988.829052982386202 ], [ 376630.949325963156298, 2045977.965633672429249 ], [ 376625.102243056171574, 2045966.881646798923612 ], [ 376621.287429324234836, 2045954.954517497681081 ], [ 376616.28188596497057, 2045912.40301435184665 ] ] } },
{ "type": "Feature", "properties": { "edge_id": "RN_ROAD_00252", "road_id": "RN_ROAD_00252", "source_road_id": "RN_ROAD_00252", "road_class": "residential", "name": null, "length_m": 40.722524358066856, "sampling_status": "mapped", "sampling_method": "road_line_intersected_raster_cells_all_touched", "sampled_intervals": 6, "scenario_peak_max_depth_m": 0.0, "scenario_peak_mean_depth_m": 0.0, "scenario_peak_p90_depth_m": 0.0, "scenario_peak_interval": "000_030", "scenario_max_fraction_gt_0_02m": 0.0, "scenario_max_fraction_gt_0_10m": 0.0, "scenario_max_fraction_gt_0_30m": 0.0, "flood_risk": "minimal", "flood_risk_rank": 0, "risk_policy": "prototype_depth_band_v1" }, "geometry": { "type": "LineString", "coordinates": [ [ 376645.255842925223988, 2046023.666223383741453 ], [ 376605.09393778006779, 2046030.400120116304606 ] ] } },
{ "type": "Feature", "properties": { "edge_id": "RN_ROAD_00253", "road_id": "RN_ROAD_00253", "source_road_id": "RN_ROAD_00253", "road_class": "tertiary", "name": [ "Maai Mangeshkar Path" ], "length_m": 79.605233479437757, "sampling_status": "mapped", "sampling_method": "road_line_intersected_raster_cells_all_touched", "sampled_intervals": 6, "scenario_peak_max_depth_m": 0.0009786081500351429, "scenario_peak_mean_depth_m": 0.00019572163000702858, "scenario_peak_p90_depth_m": 0.00058716489002108585, "scenario_peak_interval": "090_120", "scenario_max_fraction_gt_0_02m": 0.0, "scenario_max_fraction_gt_0_10m": 0.0, "scenario_max_fraction_gt_0_30m": 0.0, "flood_risk": "minimal", "flood_risk_rank": 0, "risk_policy": "prototype_depth_band_v1" }, "geometry": { "type": "LineString", "coordinates": [ [ 376645.255842925223988, 2046023.666223383741453 ], [ 376646.920380803814624, 2046031.258137859636918 ], [ 376652.958693465043325, 2046070.261681829113513 ], [ 376654.005579148884863, 2046077.038673141971231 ], [ 376655.834289977210574, 2046088.790531265316531 ], [ 376657.674243532237597, 2046102.279757958604023 ] ] } },
{ "type": "Feature", "properties": { "edge_id": "RN_ROAD_00254", "road_id": "RN_ROAD_00254", "source_road_id": "RN_ROAD_00254", "road_class": "residential", "name": null, "length_m": 31.286873855373255, "sampling_status": "mapped", "sampling_method": "road_line_intersected_raster_cells_all_touched", "sampled_intervals": 6, "scenario_peak_max_depth_m": 0.0009786081500351429, "scenario_peak_mean_depth_m": 0.00058817870012717322, "scenario_peak_p90_depth_m": 0.00090052226005354896, "scenario_peak_interval": "090_120", "scenario_max_fraction_gt_0_02m": 0.0, "scenario_max_fraction_gt_0_10m": 0.0, "scenario_max_fraction_gt_0_30m": 0.0, "flood_risk": "minimal", "flood_risk_rank": 0, "risk_policy": "prototype_depth_band_v1" }, "geometry": { "type": "LineString", "coordinates": [ [ 376626.726446260465309, 2046106.873484078794718 ], [ 376657.674243532237597, 2046102.279757958604023 ] ] } },
{ "type": "Feature", "properties": { "edge_id": "RN_ROAD_00265", "road_id": "RN_ROAD_00265", "source_road_id": "RN_ROAD_00265", "road_class": "tertiary", "name": [ "Maai Mangeshkar Path" ], "length_m": 33.643138601293373, "sampling_status": "mapped", "sampling_method": "road_line_intersected_raster_cells_all_touched", "sampled_intervals": 6, "scenario_peak_max_depth_m": 0.0028059985488653183, "scenario_peak_mean_depth_m": 0.0018923033494502306, "scenario_peak_p90_depth_m": 0.0026232595089823009, "scenario_peak_interval": "090_120", "scenario_max_fraction_gt_0_02m": 0.0, "scenario_max_fraction_gt_0_10m": 0.0, "scenario_max_fraction_gt_0_30m": 0.0, "flood_risk": "minimal", "flood_risk_rank": 0, "risk_policy": "prototype_depth_band_v1" }, "geometry": { "type": "LineString", "coordinates": [ [ 376661.459245213598479, 2046135.709303830750287 ], [ 376657.674243532237597, 2046102.279757958604023 ] ] } },
{ "type": "Feature", "properties": { "edge_id": "RN_ROAD_00259", "road_id": "RN_ROAD_00259", "source_road_id": "RN_ROAD_00259", "road_class": "residential", "name": null, "length_m": 34.204035097097368, "sampling_status": "mapped", "sampling_method": "road_line_intersected_raster_cells_all_touched", "sampled_intervals": 6, "scenario_peak_max_depth_m": 4.8325005082006101e-06, "scenario_peak_mean_depth_m": 1.6133181285719427e-06, "scenario_peak_p90_depth_m": 3.8674911820635319e-06, "scenario_peak_interval": "090_120", "scenario_max_fraction_gt_0_02m": 0.0, "scenario_max_fraction_gt_0_10m": 0.0, "scenario_max_fraction_gt_0_30m": 0.0, "flood_risk": "minimal", "flood_risk_rank": 0, "risk_policy": "prototype_depth_band_v1" }, "geometry": { "type": "LineString", "coordinates": [ [ 377310.890436668065377, 2046083.687894174596295 ], [ 377345.044587418669835, 2046081.841274715028703 ] ] } },
{ "type": "Feature", "properties": { "edge_id": "RN_ROAD_00261", "road_id": "RN_ROAD_00261", "source_road_id": "RN_ROAD_00261", "road_class": "residential", "name": null, "length_m": 98.242343080641575, "sampling_status": "mapped", "sampling_method": "road_line_intersected_raster_cells_all_touched", "sampled_intervals": 6, "scenario_peak_max_depth_m": 1.8628478759552536e-09, "scenario_peak_mean_depth_m": 4.657119689888134e-10, "scenario_peak_p90_depth_m": 1.3039935131686778e-09, "scenario_peak_interval": "060_090", "scenario_max_fraction_gt_0_02m": 0.0, "scenario_max_fraction_gt_0_10m": 0.0, "scenario_max_fraction_gt_0_30m": 0.0, "flood_risk": "minimal", "flood_risk_rank": 0, "risk_policy": "prototype_depth_band_v1" }, "geometry": { "type": "LineString", "coordinates": [ [ 377344.483820088556968, 2046180.082017352571711 ], [ 377345.044587418669835, 2046081.841274715028703 ] ] } },
{ "type": "Feature", "properties": { "edge_id": "RN_ROAD_00262", "road_id": "RN_ROAD_00262", "source_road_id": "RN_ROAD_00262", "road_class": "residential", "name": null, "length_m": 38.660152178715087, "sampling_status": "mapped", "sampling_method": "road_line_intersected_raster_cells_all_touched", "sampled_intervals": 6, "scenario_peak_max_depth_m": 0.0, "scenario_peak_mean_depth_m": 0.0, "scenario_peak_p90_depth_m": 0.0, "scenario_peak_interval": "000_030", "scenario_max_fraction_gt_0_02m": 0.0, "scenario_max_fraction_gt_0_10m": 0.0, "scenario_max_fraction_gt_0_30m": 0.0, "flood_risk": "minimal", "flood_risk_rank": 0, "risk_policy": "prototype_depth_band_v1" }, "geometry": { "type": "LineString", "coordinates": [ [ 377344.483820088556968, 2046180.082017352571711 ], [ 377383.117002902901731, 2046178.638219543034211 ] ] } },
{ "type": "Feature", "properties": { "edge_id": "RN_ROAD_00263", "road_id": "RN_ROAD_00263", "source_road_id": "RN_ROAD_00263", "road_class": "residential", "name": null, "length_m": 64.180041410298429, "sampling_status": "mapped", "sampling_method": "road_line_intersected_raster_cells_all_touched", "sampled_intervals": 6, "scenario_peak_max_depth_m": 5.288563329486351e-07, "scenario_peak_mean_depth_m": 2.8399341900353647e-07, "scenario_peak_p90_depth_m": 4.9084600846072139e-07, "scenario_peak_interval": "060_090", "scenario_max_fraction_gt_0_02m": 0.0, "scenario_max_fraction_gt_0_10m": 0.0, "scenario_max_fraction_gt_0_30m": 0.0, "flood_risk": "minimal", "flood_risk_rank": 0, "risk_policy": "prototype_depth_band_v1" }, "geometry": { "type": "LineString", "coordinates": [ [ 377314.178859885199927, 2046218.921246281126514 ], [ 377316.181715853861533, 2046187.269283302361146 ], [ 377316.80120934091974, 2046185.096264899009839 ], [ 377317.706684726814274, 2046183.065269685583189 ], [ 377319.246757135202643, 2046181.207252865191549 ], [ 377321.635072370117996, 2046179.908166053239256 ], [ 377344.483820088556968, 2046180.082017352571711 ] ] } },
{ "type": "Feature", "properties": { "edge_id": "RN_ROAD_00264", "road_id": "RN_ROAD_00264", "source_road_id": "RN_ROAD_00264", "road_class": "residential", "name": null, "length_m": 109.35263911703977, "sampling_status": "mapped", "sampling_method": "road_line_intersected_raster_cells_all_touched", "sampled_intervals": 6, "scenario_peak_max_depth_m": 0.00032500788802281022, "scenario_peak_mean_depth_m": 0.00010949827587936056, "scenario_peak_p90_depth_m": 0.00026133959763683382, "scenario_peak_interval": "090_120", "scenario_max_fraction_gt_0_02m": 0.0, "scenario_max_fraction_gt_0_10m": 0.0, "scenario_max_fraction_gt_0_30m": 0.0, "flood_risk": "minimal", "flood_risk_rank": 0, "risk_policy": "prototype_depth_band_v1" }, "geometry": { "type": "LineString", "coordinates": [ [ 377423.530835930083413, 2046219.302057180088013 ], [ 377314.178859885199927, 2046218.921246281126514 ] ] } },
{ "type": "Feature", "properties": { "edge_id": "RN_ROAD_00274", "road_id": "RN_ROAD_00274", "source_road_id": "RN_ROAD_00274", "road_class": "residential", "name": null, "length_m": 35.430346755381848, "sampling_status": "mapped", "sampling_method": "road_line_intersected_raster_cells_all_touched", "sampled_intervals": 6, "scenario_peak_max_depth_m": 9.2301983386278152e-05, "scenario_peak_mean_depth_m": 4.6253472739010704e-05, "scenario_peak_p90_depth_m": 8.3092281256824657e-05, "scenario_peak_interval": "090_120", "scenario_max_fraction_gt_0_02m": 0.0, "scenario_max_fraction_gt_0_10m": 0.0, "scenario_max_fraction_gt_0_30m": 0.0, "flood_risk": "minimal", "flood_risk_rank": 0, "risk_policy": "prototype_depth_band_v1" }, "geometry": { "type": "LineString", "coordinates": [ [ 377313.688998760655522, 2046254.348206456750631 ], [ 377314.178859885199927, 2046218.921246281126514 ] ] } },
{ "type": "Feature", "properties": { "edge_id": "RN_ROAD_00309", "road_id": "RN_ROAD_00309", "source_road_id": "RN_ROAD_00309", "road_class": "residential", "name": null, "length_m": 38.137372108729409, "sampling_status": "mapped", "sampling_method": "road_line_intersected_raster_cells_all_touched", "sampled_intervals": 6, "scenario_peak_max_depth_m": 0.0022553382441401482, "scenario_peak_mean_depth_m": 0.0012901730660814792, "scenario_peak_p90_depth_m": 0.0020623052085284145, "scenario_peak_interval": "090_120", "scenario_max_fraction_gt_0_02m": 0.0, "scenario_max_fraction_gt_0_10m": 0.0, "scenario_max_fraction_gt_0_30m": 0.0, "flood_risk": "minimal", "flood_risk_rank": 0, "risk_policy": "prototype_depth_band_v1" }, "geometry": { "type": "LineString", "coordinates": [ [ 377423.530835930083413, 2046219.302057180088013 ], [ 377461.643571821681689, 2046220.672646183753386 ] ] } },
{ "type": "Feature", "properties": { "edge_id": "RN_ROAD_00310", "road_id": "RN_ROAD_00310", "source_road_id": "RN_ROAD_00310", "road_class": "residential", "name": null, "length_m": 37.895283053715481, "sampling_status": "mapped", "sampling_method": "road_line_intersected_raster_cells_all_touched", "sampled_intervals": 6, "scenario_peak_max_depth_m": 0.00039129346259869635, "scenario_peak_mean_depth_m": 0.00035815067531075329, "scenario_peak_p90_depth_m": 0.00038466490514110774, "scenario_peak_interval": "090_120", "scenario_max_fraction_gt_0_02m": 0.0, "scenario_max_fraction_gt_0_10m": 0.0, "scenario_max_fraction_gt_0_30m": 0.0, "flood_risk": "minimal", "flood_risk_rank": 0, "risk_policy": "prototype_depth_band_v1" }, "geometry": { "type": "LineString", "coordinates": [ [ 377424.355226648738608, 2046257.188372092787176 ], [ 377423.530835930083413, 2046219.302057180088013 ] ] } },
{ "type": "Feature", "properties": { "edge_id": "RN_ROAD_00266", "road_id": "RN_ROAD_00266", "source_road_id": "RN_ROAD_00266", "road_class": "residential", "name": null, "length_m": 32.294727852223858, "sampling_status": "mapped", "sampling_method": "road_line_intersected_raster_cells_all_touched", "sampled_intervals": 6, "scenario_peak_max_depth_m": 0.0028059985488653183, "scenario_peak_mean_depth_m": 0.0021075308322906494, "scenario_peak_p90_depth_m": 0.0026663050055503847, "scenario_peak_interval": "090_120", "scenario_max_fraction_gt_0_02m": 0.0, "scenario_max_fraction_gt_0_10m": 0.0, "scenario_max_fraction_gt_0_30m": 0.0, "flood_risk": "minimal", "flood_risk_rank": 0, "risk_policy": "prototype_depth_band_v1" }, "geometry": { "type": "LineString", "coordinates": [ [ 376629.420552884286735, 2046139.767830765107647 ], [ 376661.459245213598479, 2046135.709303830750287 ] ] } },
{ "type": "Feature", "properties": { "edge_id": "RN_ROAD_00267", "road_id": "RN_ROAD_00267", "source_road_id": "RN_ROAD_00267", "road_class": "tertiary", "name": [ "Maai Mangeshkar Path" ], "length_m": 35.867432049863929, "sampling_status": "mapped", "sampling_method": "road_line_intersected_raster_cells_all_touched", "sampled_intervals": 6, "scenario_peak_max_depth_m": 0.012741521000862122, "scenario_peak_mean_depth_m": 0.0077737597748637199, "scenario_peak_p90_depth_m": 0.011747968755662442, "scenario_peak_interval": "090_120", "scenario_max_fraction_gt_0_02m": 0.0, "scenario_max_fraction_gt_0_10m": 0.0, "scenario_max_fraction_gt_0_30m": 0.0, "flood_risk": "minimal", "flood_risk_rank": 0, "risk_policy": "prototype_depth_band_v1" }, "geometry": { "type": "LineString", "coordinates": [ [ 376665.480272054264788, 2046171.350624085636809 ], [ 376664.998290326737333, 2046167.026740111177787 ], [ 376661.459245213598479, 2046135.709303830750287 ] ] } },
{ "type": "Feature", "properties": { "edge_id": "RN_ROAD_00268", "road_id": "RN_ROAD_00268", "source_road_id": "RN_ROAD_00268", "road_class": "living_street", "name": null, "length_m": 38.090735750625619, "sampling_status": "mapped", "sampling_method": "road_line_intersected_raster_cells_all_touched", "sampled_intervals": 6, "scenario_peak_max_depth_m": 0.012741521000862122, "scenario_peak_mean_depth_m": 0.0075604455778375268, "scenario_peak_p90_depth_m": 0.011705305916257203, "scenario_peak_interval": "090_120", "scenario_max_fraction_gt_0_02m": 0.0, "scenario_max_fraction_gt_0_10m": 0.0, "scenario_max_fraction_gt_0_30m": 0.0, "flood_risk": "minimal", "flood_risk_rank": 0, "risk_policy": "prototype_depth_band_v1" }, "geometry": { "type": "LineString", "coordinates": [ [ 376665.480272054264788, 2046171.350624085636809 ], [ 376627.614036534912884, 2046175.480074123712257 ] ] } },
{ "type": "Feature", "properties": { "edge_id": "RN_ROAD_00269", "road_id": "RN_ROAD_00269", "source_road_id": "RN_ROAD_00269", "road_class": "tertiary", "name": [ "Maai Mangeshkar Path" ], "length_m": 35.921159646361346, "sampling_status": "mapped", "sampling_method": "road_line_intersected_raster_cells_all_touched", "sampled_intervals": 6, "scenario_peak_max_depth_m": 0.023019727319478989, "scenario_peak_mean_depth_m": 0.017880624160170555, "scenario_peak_p90_depth_m": 0.021991906687617302, "scenario_peak_interval": "090_120", "scenario_max_fraction_gt_0_02m": 0.5, "scenario_max_fraction_gt_0_10m": 0.0, "scenario_max_fraction_gt_0_30m": 0.0, "flood_risk": "low", "flood_risk_rank": 1, "risk_policy": "prototype_depth_band_v1" }, "geometry": { "type": "LineString", "coordinates": [ [ 376671.073371704667807, 2046206.826840203488246 ], [ 376666.174236179736909, 2046177.432710394263268 ], [ 376665.816338419390377, 2046174.336405358277261 ], [ 376665.480272054264788, 2046171.350624085636809 ] ] } },
{ "type": "Feature", "properties": { "edge_id": "RN_ROAD_00270", "road_id": "RN_ROAD_00270", "source_road_id": "RN_ROAD_00270", "road_class": "living_street", "name": null, "length_m": 28.321194704419977, "sampling_status": "mapped", "sampling_method": "road_line_intersected_raster_cells_all_touched", "sampled_intervals": 6, "scenario_peak_max_depth_m": 0.023019727319478989, "scenario_peak_mean_depth_m": 0.013794116210192442, "scenario_peak_p90_depth_m": 0.021174605097621681, "scenario_peak_interval": "090_120", "scenario_max_fraction_gt_0_02m": 0.5, "scenario_max_fraction_gt_0_10m": 0.0, "scenario_max_fraction_gt_0_30m": 0.0, "flood_risk": "low", "flood_risk_rank": 1, "risk_policy": "prototype_depth_band_v1" }, "geometry": { "type": "LineString", "coordinates": [ [ 376642.786821083340328, 2046208.227241371991113 ], [ 376671.073371704667807, 2046206.826840203488246 ] ] } },
{ "type": "Feature", "properties": { "edge_id": "RN_ROAD_00271", "road_id": "RN_ROAD_00271", "source_road_id": "RN_ROAD_00271", "road_class": "tertiary", "name": [ "Maai Mangeshkar Path" ], "length_m": 45.212270356284051, "sampling_status": "mapped", "sampling_method": "road_line_intersected_raster_cells_all_touched", "sampled_intervals": 6, "scenario_peak_max_depth_m": 0.023019727319478989, "scenario_peak_mean_depth_m": 0.01770411804318428, "scenario_peak_p90_depth_m": 0.021465210989117623, "scenario_peak_interval": "090_120", "scenario_max_fraction_gt_0_02m": 0.33333333333333331, "scenario_max_fraction_gt_0_10m": 0.0, "scenario_max_fraction_gt_0_30m": 0.0, "flood_risk": "low", "flood_risk_rank": 1, "risk_policy": "prototype_depth_band_v1" }, "geometry": { "type": "LineString", "coordinates": [ [ 376671.073371704667807, 2046206.826840203488246 ], [ 376675.577382179384585, 2046233.899562189588323 ], [ 376680.786847121838946, 2046250.886133679654449 ] ] } },
{ "type": "Feature", "properties": { "edge_id": "RN_ROAD_00273", "road_id": "RN_ROAD_00273", "source_road_id": "RN_ROAD_00273", "road_class": "tertiary", "name": [ "Imambhai Shekh Path" ], "length_m": 97.525831267894063, "sampling_status": "mapped", "sampling_method": "road_line_intersected_raster_cells_all_touched", "sampled_intervals": 6, "scenario_peak_max_depth_m": 0.07602325826883316, "scenario_peak_mean_depth_m": 0.038723938912153241, "scenario_peak_p90_depth_m": 0.062140248715877533, "scenario_peak_interval": "090_120", "scenario_max_fraction_gt_0_02m": 0.8, "scenario_max_fraction_gt_0_10m": 0.0, "scenario_max_fraction_gt_0_30m": 0.0, "flood_risk": "low", "flood_risk_rank": 1, "risk_policy": "prototype_depth_band_v1" }, "geometry": { "type": "LineString", "coordinates": [ [ 376614.097378275182564, 2046321.877880713669583 ], [ 376620.492755465442315, 2046316.55774634052068 ], [ 376634.957999578560703, 2046302.000166974961758 ], [ 376646.381195832975209, 2046290.494515068363398 ], [ 376674.485345273744315, 2046257.666416143998504 ], [ 376680.786847121838946, 2046250.886133679654449 ] ] } },
{ "type": "Feature", "properties": { "edge_id": "RN_ROAD_00502", "road_id": "RN_ROAD_00502", "source_road_id": "RN_ROAD_00502", "road_class": "tertiary", "name": null, "length_m": 338.96632933588751, "sampling_status": "mapped", "sampling_method": "road_line_intersected_raster_cells_all_touched", "sampled_intervals": 6, "scenario_peak_max_depth_m": 0.017897168174386024, "scenario_peak_mean_depth_m": 0.006254332269236329, "scenario_peak_p90_depth_m": 0.015700241923332216, "scenario_peak_interval": "090_120", "scenario_max_fraction_gt_0_02m": 0.0, "scenario_max_fraction_gt_0_10m": 0.0, "scenario_max_fraction_gt_0_30m": 0.0, "flood_risk": "minimal", "flood_risk_rank": 0, "risk_policy": "prototype_depth_band_v1" }, "geometry": { "type": "LineString", "coordinates": [ [ 376850.632680382113904, 2046469.590565646765754 ], [ 376838.12521889351774, 2046437.490022851154208 ], [ 376832.838338578410912, 2046405.232146539958194 ], [ 376832.926214931590948, 2046392.693232968449593 ], [ 376741.089281721855514, 2046392.10296535002999 ], [ 376734.419899606495164, 2046390.973059541778639 ], [ 376728.700188058661297, 2046386.494927790947258 ], [ 376709.605758840509225, 2046269.767242469126359 ], [ 376708.158432503929362, 2046266.368123408174142 ], [ 376680.786847121838946, 2046250.886133679654449 ] ] } },
{ "type": "Feature", "properties": { "edge_id": "RN_ROAD_00272", "road_id": "RN_ROAD_00272", "source_road_id": "RN_ROAD_00272", "road_class": "residential", "name": null, "length_m": 43.725838794075429, "sampling_status": "mapped", "sampling_method": "road_line_intersected_raster_cells_all_touched", "sampled_intervals": 6, "scenario_peak_max_depth_m": 0.0038368578534573317, "scenario_peak_mean_depth_m": 0.0023896064958535135, "scenario_peak_p90_depth_m": 0.0035474075819365682, "scenario_peak_interval": "090_120", "scenario_max_fraction_gt_0_02m": 0.0, "scenario_max_fraction_gt_0_10m": 0.0, "scenario_max_fraction_gt_0_30m": 0.0, "flood_risk": "minimal", "flood_risk_rank": 0, "risk_policy": "prototype_depth_band_v1" }, "geometry": { "type": "LineString", "coordinates": [ [ 376566.04653770045843, 2046236.91055532800965 ], [ 376522.323904217453673, 2046237.439988568658009 ] ] } },
{ "type": "Feature", "properties": { "edge_id": "RN_ROAD_00497", "road_id": "RN_ROAD_00497", "source_road_id": "RN_ROAD_00497", "road_class": "residential", "name": null, "length_m": 42.048074448794068, "sampling_status": "mapped", "sampling_method": "road_line_intersected_raster_cells_all_touched", "sampled_intervals": 6, "scenario_peak_max_depth_m": 0.079627469182014465, "scenario_peak_mean_depth_m": 0.061478167151411377, "scenario_peak_p90_depth_m": 0.078906626999378199, "scenario_peak_interval": "090_120", "scenario_max_fraction_gt_0_02m": 1.0, "scenario_max_fraction_gt_0_10m": 0.0, "scenario_max_fraction_gt_0_30m": 0.0, "flood_risk": "low", "flood_risk_rank": 1, "risk_policy": "prototype_depth_band_v1" }, "geometry": { "type": "LineString", "coordinates": [ [ 376644.334607955359388, 2046351.096890041837469 ], [ 376614.097378275182564, 2046321.877880713669583 ] ] } },
{ "type": "Feature", "properties": { "edge_id": "RN_ROAD_00498", "road_id": "RN_ROAD_00498", "source_road_id": "RN_ROAD_00498", "road_class": "tertiary", "name": [ "Imambhai Shekh Path" ], "length_m": 54.423053862200859, "sampling_status": "mapped", "sampling_method": "road_line_intersected_raster_cells_all_touched", "sampled_intervals": 6, "scenario_peak_max_depth_m": 0.042101018130779266, "scenario_peak_mean_depth_m": 0.029131514330705006, "scenario_peak_p90_depth_m": 0.039437569305300714, "scenario_peak_interval": "090_120", "scenario_max_fraction_gt_0_02m": 0.66666666666666663, "scenario_max_fraction_gt_0_10m": 0.0, "scenario_max_fraction_gt_0_30m": 0.0, "flood_risk": "low", "flood_risk_rank": 1, "risk_policy": "prototype_depth_band_v1" }, "geometry": { "type": "LineString", "coordinates": [ [ 376577.327107437478844, 2046361.501718419836834 ], [ 376581.148305489274208, 2046354.859195104800165 ], [ 376591.215412573656067, 2046342.642965701641515 ], [ 376601.779216327588074, 2046332.127768417121843 ], [ 376614.097378275182564, 2046321.877880713669583 ] ] } },
{ "type": "Feature", "properties": { "edge_id": "RN_ROAD_00275", "road_id": "RN_ROAD_00275", "source_road_id": "RN_ROAD_00275", "road_class": "residential", "name": null, "length_m": 36.584951242936221, "sampling_status": "mapped", "sampling_method": "road_line_intersected_raster_cells_all_touched", "sampled_intervals": 6, "scenario_peak_max_depth_m": 9.2301983386278152e-05, "scenario_peak_mean_depth_m": 7.7794764365535229e-05, "scenario_peak_p90_depth_m": 8.9400539582129565e-05, "scenario_peak_interval": "090_120", "scenario_max_fraction_gt_0_02m": 0.0, "scenario_max_fraction_gt_0_10m": 0.0, "scenario_max_fraction_gt_0_30m": 0.0, "flood_risk": "minimal", "flood_risk_rank": 0, "risk_policy": "prototype_depth_band_v1" }, "geometry": { "type": "LineString", "coordinates": [ [ 377313.688998760655522, 2046254.348206456750631 ], [ 377350.258286689699162, 2046255.418644596356899 ] ] } },
{ "type": "Feature", "properties": { "edge_id": "RN_ROAD_00277", "road_id": "RN_ROAD_00277", "source_road_id": "RN_ROAD_00277", "road_class": "residential", "name": null, "length_m": 35.007198628409881, "sampling_status": "mapped", "sampling_method": "road_line_intersected_raster_cells_all_touched", "sampled_intervals": 6, "scenario_peak_max_depth_m": 0.00020572596986312419, "scenario_peak_mean_depth_m": 0.00014901397662470117, "scenario_peak_p90_depth_m": 0.0001943835712154396, "scenario_peak_interval": "090_120", "scenario_max_fraction_gt_0_02m": 0.0, "scenario_max_fraction_gt_0_10m": 0.0, "scenario_max_fraction_gt_0_30m": 0.0, "flood_risk": "minimal", "flood_risk_rank": 0, "risk_policy": "prototype_depth_band_v1" }, "geometry": { "type": "LineString", "coordinates": [ [ 377313.34424251364544, 2046289.353707437869161 ], [ 377313.688998760655522, 2046254.348206456750631 ] ] } },
{ "type": "Feature", "properties": { "edge_id": "RN_ROAD_00276", "road_id": "RN_ROAD_00276", "source_road_id": "RN_ROAD_00276", "road_class": "residential", "name": null, "length_m": 36.163293748528453, "sampling_status": "mapped", "sampling_method": "road_line_intersected_raster_cells_all_touched", "sampled_intervals": 6, "scenario_peak_max_depth_m": 0.0001914063177537173, "scenario_peak_mean_depth_m": 0.0001273469315492548, "scenario_peak_p90_depth_m": 0.0001785944405128248, "scenario_peak_interval": "090_120", "scenario_max_fraction_gt_0_02m": 0.0, "scenario_max_fraction_gt_0_10m": 0.0, "scenario_max_fraction_gt_0_30m": 0.0, "flood_risk": "minimal", "flood_risk_rank": 0, "risk_policy": "prototype_depth_band_v1" }, "geometry": { "type": "LineString", "coordinates": [ [ 377386.413755784975365, 2046256.17088740481995 ], [ 377350.258286689699162, 2046255.418644596356899 ] ] } },
{ "type": "Feature", "properties": { "edge_id": "RN_ROAD_00278", "road_id": "RN_ROAD_00278", "source_road_id": "RN_ROAD_00278", "road_class": "residential", "name": null, "length_m": 80.444283867770181, "sampling_status": "mapped", "sampling_method": "road_line_intersected_raster_cells_all_touched", "sampled_intervals": 6, "scenario_peak_max_depth_m": 0.0022792739327996969, "scenario_peak_mean_depth_m": 0.0014832838545165334, "scenario_peak_p90_depth_m": 0.0022448771633207798, "scenario_peak_interval": "090_120", "scenario_max_fraction_gt_0_02m": 0.0, "scenario_max_fraction_gt_0_10m": 0.0, "scenario_max_fraction_gt_0_30m": 0.0, "flood_risk": "minimal", "flood_risk_rank": 0, "risk_policy": "prototype_depth_band_v1" }, "geometry": { "type": "LineString", "coordinates": [ [ 377349.234556408599019, 2046335.856414227979258 ], [ 377350.258286689699162, 2046255.418644596356899 ] ] } },
{ "type": "Feature", "properties": { "edge_id": "RN_ROAD_00279", "road_id": "RN_ROAD_00279", "source_road_id": "RN_ROAD_00279", "road_class": "residential", "name": null, "length_m": 148.95690401777097, "sampling_status": "mapped", "sampling_method": "road_line_intersected_raster_cells_all_touched", "sampled_intervals": 6, "scenario_peak_max_depth_m": 0.016943708062171936, "scenario_peak_mean_depth_m": 0.0072067488169219969, "scenario_peak_p90_depth_m": 0.014301436487585306, "scenario_peak_interval": "090_120", "scenario_max_fraction_gt_0_02m": 0.0, "scenario_max_fraction_gt_0_10m": 0.0, "scenario_max_fraction_gt_0_30m": 0.0, "flood_risk": "minimal", "flood_risk_rank": 0, "risk_policy": "prototype_depth_band_v1" }, "geometry": { "type": "LineString", "coordinates": [ [ 377348.84933788550552, 2046374.425580707844347 ], [ 377358.954883757047355, 2046373.032558356178924 ], [ 377379.959483006619848, 2046372.144858252024278 ], [ 377383.160154060693458, 2046369.114179129246622 ], [ 377385.388860403443687, 2046362.703412178438157 ], [ 377386.413755784975365, 2046256.17088740481995 ] ] } },
{ "type": "Feature", "properties": { "edge_id": "RN_ROAD_00312", "road_id": "RN_ROAD_00312", "source_road_id": "RN_ROAD_00312", "road_class": "residential", "name": null, "length_m": 37.955111465994179, "sampling_status": "mapped", "sampling_method": "road_line_intersected_raster_cells_all_touched", "sampled_intervals": 6, "scenario_peak_max_depth_m": 0.00039129346259869635, "scenario_peak_mean_depth_m": 0.00029134989017620683, "scenario_peak_p90_depth_m": 0.00037130474811419845, "scenario_peak_interval": "090_120", "scenario_max_fraction_gt_0_02m": 0.0, "scenario_max_fraction_gt_0_10m": 0.0, "scenario_max_fraction_gt_0_30m": 0.0, "flood_risk": "minimal", "flood_risk_rank": 0, "risk_policy": "prototype_depth_band_v1" }, "geometry": { "type": "LineString", "coordinates": [ [ 377424.355226648738608, 2046257.188372092787176 ], [ 377386.413755784975365, 2046256.17088740481995 ] ] } },
{ "type": "Feature", "properties": { "edge_id": "RN_ROAD_00280", "road_id": "RN_ROAD_00280", "source_road_id": "RN_ROAD_00280", "road_class": "residential", "name": null, "length_m": 60.58073034544784, "sampling_status": "mapped", "sampling_method": "road_line_intersected_raster_cells_all_touched", "sampled_intervals": 6, "scenario_peak_max_depth_m": 0.0029355799779295921, "scenario_peak_mean_depth_m": 0.0021377758045370379, "scenario_peak_p90_depth_m": 0.0028043187689036132, "scenario_peak_interval": "090_120", "scenario_max_fraction_gt_0_02m": 0.0, "scenario_max_fraction_gt_0_10m": 0.0, "scenario_max_fraction_gt_0_30m": 0.0, "flood_risk": "minimal", "flood_risk_rank": 0, "risk_policy": "prototype_depth_band_v1" }, "geometry": { "type": "LineString", "coordinates": [ [ 377349.234556408599019, 2046335.856414227979258 ], [ 377288.654092786484398, 2046336.036182182608172 ] ] } },
{ "type": "Feature", "properties": { "edge_id": "RN_ROAD_00281", "road_id": "RN_ROAD_00281", "source_road_id": "RN_ROAD_00281", "road_class": "residential", "name": null, "length_m": 38.5710901617012, "sampling_status": "mapped", "sampling_method": "road_line_intersected_raster_cells_all_touched", "sampled_intervals": 6, "scenario_peak_max_depth_m": 0.0075808842666447163, "scenario_peak_mean_depth_m": 0.0050246644920359058, "scenario_peak_p90_depth_m": 0.0071074744686484333, "scenario_peak_interval": "090_120", "scenario_max_fraction_gt_0_02m": 0.0, "scenario_max_fraction_gt_0_10m": 0.0, "scenario_max_fraction_gt_0_30m": 0.0, "flood_risk": "minimal", "flood_risk_rank": 0, "risk_policy": "prototype_depth_band_v1" }, "geometry": { "type": "LineString", "coordinates": [ [ 377348.84933788550552, 2046374.425580707844347 ], [ 377349.234556408599019, 2046335.856414227979258 ] ] } },
{ "type": "Feature", "properties": { "edge_id": "RN_ROAD_00282", "road_id": "RN_ROAD_00282", "source_road_id": "RN_ROAD_00282", "road_class": "residential", "name": null, "length_m": 72.847148577448579, "sampling_status": "mapped", "sampling_method": "road_line_intersected_raster_cells_all_touched", "sampled_intervals": 6, "scenario_peak_max_depth_m": 0.0075808842666447163, "scenario_peak_mean_depth_m": 0.005185315414564684, "scenario_peak_p90_depth_m": 0.007409736979752779, "scenario_peak_interval": "090_120", "scenario_max_fraction_gt_0_02m": 0.0, "scenario_max_fraction_gt_0_10m": 0.0, "scenario_max_fraction_gt_0_30m": 0.0, "flood_risk": "minimal", "flood_risk_rank": 0, "risk_policy": "prototype_depth_band_v1" }, "geometry": { "type": "LineString", "coordinates": [ [ 377348.84933788550552, 2046374.425580707844347 ], [ 377276.012663215515204, 2046373.190316006308421 ] ] } },
{ "type": "Feature", "properties": { "edge_id": "RN_ROAD_00283", "road_id": "RN_ROAD_00283", "source_road_id": "RN_ROAD_00283", "road_class": "residential", "name": null, "length_m": 34.608867202593331, "sampling_status": "mapped", "sampling_method": "road_line_intersected_raster_cells_all_touched", "sampled_intervals": 6, "scenario_peak_max_depth_m": 0.0075808842666447163, "scenario_peak_mean_depth_m": 0.0074043890926986933, "scenario_peak_p90_depth_m": 0.0075455852318555118, "scenario_peak_interval": "090_120", "scenario_max_fraction_gt_0_02m": 0.0, "scenario_max_fraction_gt_0_10m": 0.0, "scenario_max_fraction_gt_0_30m": 0.0, "flood_risk": "minimal", "flood_risk_rank": 0, "risk_policy": "prototype_depth_band_v1" }, "geometry": { "type": "LineString", "coordinates": [ [ 377348.84933788550552, 2046374.425580707844347 ], [ 377348.501970575482119, 2046409.032704613171518 ] ] } },
{ "type": "Feature", "properties": { "edge_id": "RN_ROAD_00288", "road_id": "RN_ROAD_00288", "source_road_id": "RN_ROAD_00288", "road_class": "secondary", "name": [ "['Anant Kanhere Path' 'Raveendra Mhatre Bridge']" ], "length_m": 311.45797660612573, "sampling_status": "mapped", "sampling_method": "road_line_intersected_raster_cells_all_touched", "sampled_intervals": 6, "scenario_peak_max_depth_m": 0.83238601684570312, "scenario_peak_mean_depth_m": 0.14704110297801284, "scenario_peak_p90_depth_m": 0.42736791074275976, "scenario_peak_interval": "090_120", "scenario_max_fraction_gt_0_02m": 0.41666666666666669, "scenario_max_fraction_gt_0_10m": 0.33333333333333331, "scenario_max_fraction_gt_0_30m": 0.16666666666666666, "flood_risk": "high", "flood_risk_rank": 3, "risk_policy": "prototype_depth_band_v1" }, "geometry": { "type": "LineString", "coordinates": [ [ 377348.501970575482119, 2046409.032704613171518 ], [ 377340.044638156541623, 2046408.965414429083467 ], [ 377267.602996487345081, 2046408.391636360203847 ], [ 377078.924901220365427, 2046400.632953639607877 ], [ 377049.597719094657805, 2046399.427789061563089 ], [ 377037.232882237818558, 2046399.197716345312074 ] ] } },
{ "type": "Feature", "properties": { "edge_id": "RN_ROAD_00524", "road_id": "RN_ROAD_00524", "source_road_id": "RN_ROAD_00524", "road_class": "secondary", "name": [ "Anant Kanhere Path" ], "length_m": 75.421502231171999, "sampling_status": "mapped", "sampling_method": "road_line_intersected_raster_cells_all_touched", "sampled_intervals": 6, "scenario_peak_max_depth_m": 0.16633182764053345, "scenario_peak_mean_depth_m": 0.064437487473090485, "scenario_peak_p90_depth_m": 0.13701601028442384, "scenario_peak_interval": "090_120", "scenario_max_fraction_gt_0_02m": 0.33333333333333331, "scenario_max_fraction_gt_0_10m": 0.33333333333333331, "scenario_max_fraction_gt_0_30m": 0.0, "flood_risk": "moderate", "flood_risk_rank": 2, "risk_policy": "prototype_depth_band_v1" }, "geometry": { "type": "LineString", "coordinates": [ [ 377423.505633804597892, 2046404.134533955249935 ], [ 377399.589086932886858, 2046408.615397172514349 ], [ 377356.842315599846188, 2046408.967953755287454 ], [ 377348.501970575482119, 2046409.032704613171518 ] ] } },
{ "type": "Feature", "properties": { "edge_id": "RN_ROAD_00525", "road_id": "RN_ROAD_00525", "source_road_id": "RN_ROAD_00525", "road_class": "residential", "name": null, "length_m": 6.7644552616748488, "sampling_status": "mapped", "sampling_method": "road_line_intersected_raster_cells_all_touched", "sampled_intervals": 6, "scenario_peak_max_depth_m": 0.0072278939187526703, "scenario_peak_mean_depth_m": 0.0072278939187526703, "scenario_peak_p90_depth_m": 0.0072278939187526703, "scenario_peak_interval": "090_120", "scenario_max_fraction_gt_0_02m": 0.0, "scenario_max_fraction_gt_0_10m": 0.0, "scenario_max_fraction_gt_0_30m": 0.0, "flood_risk": "minimal", "flood_risk_rank": 0, "risk_policy": "prototype_depth_band_v1" }, "geometry": { "type": "LineString", "coordinates": [ [ 377348.746085126709659, 2046415.792753656860441 ], [ 377348.501970575482119, 2046409.032704613171518 ] ] } },
{ "type": "Feature", "properties": { "edge_id": "RN_ROAD_00287", "road_id": "RN_ROAD_00287", "source_road_id": "RN_ROAD_00287", "road_class": "secondary", "name": [ "Raveendra Mhatre Bridge" ], "length_m": 14.257326710582095, "sampling_status": "mapped", "sampling_method": "road_line_intersected_raster_cells_all_touched", "sampled_intervals": 6, "scenario_peak_max_depth_m": 0.018898550420999527, "scenario_peak_mean_depth_m": 0.018898550420999527, "scenario_peak_p90_depth_m": 0.018898550420999527, "scenario_peak_interval": "090_120", "scenario_max_fraction_gt_0_02m": 0.0, "scenario_max_fraction_gt_0_10m": 0.0, "scenario_max_fraction_gt_0_30m": 0.0, "flood_risk": "minimal", "flood_risk_rank": 0, "risk_policy": "prototype_depth_band_v1" }, "geometry": { "type": "LineString", "coordinates": [ [ 377037.232882237818558, 2046399.197716345312074 ], [ 377022.97796548565384, 2046398.93558408645913 ] ] } },
{ "type": "Feature", "properties": { "edge_id": "RN_ROAD_00290", "road_id": "RN_ROAD_00290", "source_road_id": "RN_ROAD_00290", "road_class": "secondary", "name": [ "['Amrutrao Khilare Path' 'Raveendra Mhatre Bridge']" ], "length_m": 198.1201234455136, "sampling_status": "mapped", "sampling_method": "road_line_intersected_raster_cells_all_touched", "sampled_intervals": 6, "scenario_peak_max_depth_m": 0.050927162170410156, "scenario_peak_mean_depth_m": 0.015224830911190819, "scenario_peak_p90_depth_m": 0.042481508851051335, "scenario_peak_interval": "090_120", "scenario_max_fraction_gt_0_02m": 0.22222222222222221, "scenario_max_fraction_gt_0_10m": 0.0, "scenario_max_fraction_gt_0_30m": 0.0, "flood_risk": "low", "flood_risk_rank": 1, "risk_policy": "prototype_depth_band_v1" }, "geometry": { "type": "LineString", "coordinates": [ [ 377022.97796548565384, 2046398.93558408645913 ], [ 377010.867864120518789, 2046398.914147764444351 ], [ 376983.115610442822799, 2046399.624489702749997 ], [ 376958.329658252187073, 2046400.260384949157014 ], [ 376938.533566931728274, 2046401.90433601429686 ], [ 376922.3067937438027, 2046405.295891948277131 ], [ 376910.662790638220031, 2046410.417430491186678 ], [ 376902.596187766990624, 2046418.537019085604697 ], [ 376850.632680382113904, 2046469.590565646765754 ] ] } },
{ "type": "Feature", "properties": { "edge_id": "RN_ROAD_00289", "road_id": "RN_ROAD_00289", "source_road_id": "RN_ROAD_00289", "road_class": "secondary", "name": [ "['Anant Kanhere Path' 'Amrutrao Khilare Path' 'Raveendra Mhatre Bridge']" ], "length_m": 443.91103339608702, "sampling_status": "mapped", "sampling_method": "road_line_intersected_raster_cells_all_touched", "sampled_intervals": 6, "scenario_peak_max_depth_m": 0.83238601684570312, "scenario_peak_mean_depth_m": 0.11639780182531467, "scenario_peak_p90_depth_m": 0.35316614806652069, "scenario_peak_interval": "090_120", "scenario_max_fraction_gt_0_02m": 0.4375, "scenario_max_fraction_gt_0_10m": 0.25, "scenario_max_fraction_gt_0_30m": 0.125, "flood_risk": "high", "flood_risk_rank": 3, "risk_policy": "prototype_depth_band_v1" }, "geometry": { "type": "LineString", "coordinates": [ [ 376910.725287396868225, 2046426.629446663195267 ], [ 376918.854805938259233, 2046418.443056053714827 ], [ 376925.167554198647849, 2046413.400222944095731 ], [ 376939.693062139500398, 2046409.787259912816808 ], [ 376958.761034894443583, 2046408.203343719709665 ], [ 376983.304225622909144, 2046407.580082148080692 ], [ 377010.961450176662765, 2046406.870353111531585 ], [ 377022.965971476456616, 2046406.892470582388341 ], [ 377049.1422276031808, 2046407.376470055431128 ], [ 377078.585458698275033, 2046408.569818024057895 ], [ 377267.274104749085382, 2046416.339490933809429 ], [ 377339.3710380702978, 2046415.853102561784908 ], [ 377348.746085126709659, 2046415.792753656860441 ] ] } },
{ "type": "Feature", "properties": { "edge_id": "RN_ROAD_00291", "road_id": "RN_ROAD_00291", "source_road_id": "RN_ROAD_00291", "road_class": "residential", "name": [ "Gangaram Dhanvat Path" ], "length_m": 42.18128420734655, "sampling_status": "mapped", "sampling_method": "road_line_intersected_raster_cells_all_touched", "sampled_intervals": 6, "scenario_peak_max_depth_m": 0.0039507215842604637, "scenario_peak_mean_depth_m": 0.0020540428158710711, "scenario_peak_p90_depth_m": 0.0035788553301244973, "scenario_peak_interval": "090_120", "scenario_max_fraction_gt_0_02m": 0.0, "scenario_max_fraction_gt_0_10m": 0.0, "scenario_max_fraction_gt_0_30m": 0.0, "flood_risk": "minimal", "flood_risk_rank": 0, "risk_policy": "prototype_depth_band_v1" }, "geometry": { "type": "LineString", "coordinates": [ [ 376915.460531118733343, 2046468.308490089140832 ], [ 376914.02979525225237, 2046438.050859158160165 ], [ 376910.725287396868225, 2046426.629446663195267 ] ] } },
{ "type": "Feature", "properties": { "edge_id": "RN_ROAD_00535", "road_id": "RN_ROAD_00535", "source_road_id": "RN_ROAD_00535", "road_class": "secondary", "name": [ "Amrutrao Khilare Path" ], "length_m": 152.12987394386971, "sampling_status": "mapped", "sampling_method": "road_line_intersected_raster_cells_all_touched", "sampled_intervals": 6, "scenario_peak_max_depth_m": 0.015458553098142147, "scenario_peak_mean_depth_m": 0.0058142389943895978, "scenario_peak_p90_depth_m": 0.012604532111436128, "scenario_peak_interval": "090_120", "scenario_max_fraction_gt_0_02m": 0.0, "scenario_max_fraction_gt_0_10m": 0.0, "scenario_max_fraction_gt_0_30m": 0.0, "flood_risk": "minimal", "flood_risk_rank": 0, "risk_policy": "prototype_depth_band_v1" }, "geometry": { "type": "LineString", "coordinates": [ [ 376802.998048249457497, 2046533.685824154177681 ], [ 376809.39759641548153, 2046524.11618667235598 ], [ 376858.625394424016122, 2046477.816650941735134 ], [ 376910.725287396868225, 2046426.629446663195267 ] ] } },
{ "type": "Feature", "properties": { "edge_id": "RN_ROAD_00526", "road_id": "RN_ROAD_00526", "source_road_id": "RN_ROAD_00526", "road_class": "secondary", "name": [ "Anant Kanhere Path" ], "length_m": 23.534163014729621, "sampling_status": "mapped", "sampling_method": "road_line_intersected_raster_cells_all_touched", "sampled_intervals": 6, "scenario_peak_max_depth_m": 0.0072278939187526703, "scenario_peak_mean_depth_m": 0.0072278939187526703, "scenario_peak_p90_depth_m": 0.0072278939187526703, "scenario_peak_interval": "090_120", "scenario_max_fraction_gt_0_02m": 0.0, "scenario_max_fraction_gt_0_10m": 0.0, "scenario_max_fraction_gt_0_30m": 0.0, "flood_risk": "minimal", "flood_risk_rank": 0, "risk_policy": "prototype_depth_band_v1" }, "geometry": { "type": "LineString", "coordinates": [ [ 377348.746085126709659, 2046415.792753656860441 ], [ 377356.684815393353347, 2046415.664188824826851 ], [ 377372.277294739615172, 2046415.419969629030675 ] ] } },
{ "type": "Feature", "properties": { "edge_id": "RN_ROAD_00529", "road_id": "RN_ROAD_00529", "source_road_id": "RN_ROAD_00529", "road_class": "residential", "name": null, "length_m": 45.867397533557956, "sampling_status": "mapped", "sampling_method": "road_line_intersected_raster_cells_all_touched", "sampled_intervals": 6, "scenario_peak_max_depth_m": 0.0072278939187526703, "scenario_peak_mean_depth_m": 0.0058673432407279806, "scenario_peak_p90_depth_m": 0.0069017719477415087, "scenario_peak_interval": "090_120", "scenario_max_fraction_gt_0_02m": 0.0, "scenario_max_fraction_gt_0_10m": 0.0, "scenario_max_fraction_gt_0_30m": 0.0, "flood_risk": "minimal", "flood_risk_rank": 0, "risk_policy": "prototype_depth_band_v1" }, "geometry": { "type": "LineString", "coordinates": [ [ 377348.746085126709659, 2046415.792753656860441 ], [ 377350.392554491758347, 2046461.630590594606474 ] ] } },
{ "type": "Feature", "properties": { "edge_id": "RN_ROAD_00539", "road_id": "RN_ROAD_00539", "source_road_id": "RN_ROAD_00539", "road_class": "secondary", "name": [ "Amrutrao Khilare Path" ], "length_m": 86.280415861527743, "sampling_status": "mapped", "sampling_method": "road_line_intersected_raster_cells_all_touched", "sampled_intervals": 6, "scenario_peak_max_depth_m": 0.028592396527528763, "scenario_peak_mean_depth_m": 0.016003806516528128, "scenario_peak_p90_depth_m": 0.023581814765930176, "scenario_peak_interval": "090_120", "scenario_max_fraction_gt_0_02m": 0.2, "scenario_max_fraction_gt_0_10m": 0.0, "scenario_max_fraction_gt_0_30m": 0.0, "flood_risk": "low", "flood_risk_rank": 1, "risk_policy": "prototype_depth_band_v1" }, "geometry": { "type": "LineString", "coordinates": [ [ 376850.632680382113904, 2046469.590565646765754 ], [ 376800.922168894496281, 2046516.346969392616302 ], [ 376790.034950629458763, 2046530.726359001128003 ] ] } },
{ "type": "Feature", "properties": { "edge_id": "RN_ROAD_00293", "road_id": "RN_ROAD_00293", "source_road_id": "RN_ROAD_00293", "road_class": "residential", "name": null, "length_m": 82.840600982014848, "sampling_status": "mapped", "sampling_method": "road_line_intersected_raster_cells_all_touched", "sampled_intervals": 6, "scenario_peak_max_depth_m": 0.0053943437524139881, "scenario_peak_mean_depth_m": 0.003838991979137063, "scenario_peak_p90_depth_m": 0.0050026461016386753, "scenario_peak_interval": "090_120", "scenario_max_fraction_gt_0_02m": 0.0, "scenario_max_fraction_gt_0_10m": 0.0, "scenario_max_fraction_gt_0_30m": 0.0, "flood_risk": "minimal", "flood_risk_rank": 0, "risk_policy": "prototype_depth_band_v1" }, "geometry": { "type": "LineString", "coordinates": [ [ 376996.411396831274033, 2046480.279805205529556 ], [ 376971.199002335895784, 2046470.449537691427395 ], [ 376915.460531118733343, 2046468.308490089140832 ] ] } },
{ "type": "Feature", "properties": { "edge_id": "RN_ROAD_00536", "road_id": "RN_ROAD_00536", "source_road_id": "RN_ROAD_00536", "road_class": "residential", "name": [ "Gangaram Dhanvat Path" ], "length_m": 35.064782970717431, "sampling_status": "mapped", "sampling_method": "road_line_intersected_raster_cells_all_touched", "sampled_intervals": 6, "scenario_peak_max_depth_m": 0.0020913903135806322, "scenario_peak_mean_depth_m": 0.0015867665642872453, "scenario_peak_p90_depth_m": 0.0019904655637219548, "scenario_peak_interval": "090_120", "scenario_max_fraction_gt_0_02m": 0.0, "scenario_max_fraction_gt_0_10m": 0.0, "scenario_max_fraction_gt_0_30m": 0.0, "flood_risk": "minimal", "flood_risk_rank": 0, "risk_policy": "prototype_depth_band_v1" }, "geometry": { "type": "LineString", "coordinates": [ [ 376915.460531118733343, 2046468.308490089140832 ], [ 376917.112110132700764, 2046503.334356124745682 ] ] } },
{ "type": "Feature", "properties": { "edge_id": "RN_ROAD_00292", "road_id": "RN_ROAD_00292", "source_road_id": "RN_ROAD_00292", "road_class": "residential", "name": null, "length_m": 31.523164508787627, "sampling_status": "mapped", "sampling_method": "road_line_intersected_raster_cells_all_touched", "sampled_intervals": 6, "scenario_peak_max_depth_m": 0.015540146268904209, "scenario_peak_mean_depth_m": 0.009814415592700243, "scenario_peak_p90_depth_m": 0.014395000133663415, "scenario_peak_interval": "090_120", "scenario_max_fraction_gt_0_02m": 0.0, "scenario_max_fraction_gt_0_10m": 0.0, "scenario_max_fraction_gt_0_30m": 0.0, "flood_risk": "minimal", "flood_risk_rank": 0, "risk_policy": "prototype_depth_band_v1" }, "geometry": { "type": "LineString", "coordinates": [ [ 377009.847017484076787, 2046451.76324864057824 ], [ 376996.411396831274033, 2046480.279805205529556 ] ] } },
{ "type": "Feature", "properties": { "edge_id": "RN_ROAD_00537", "road_id": "RN_ROAD_00537", "source_road_id": "RN_ROAD_00537", "road_class": "residential", "name": null, "length_m": 25.942606770244211, "sampling_status": "mapped", "sampling_method": "road_line_intersected_raster_cells_all_touched", "sampled_intervals": 6, "scenario_peak_max_depth_m": 0.0078728878870606422, "scenario_peak_mean_depth_m": 0.0042781778029166162, "scenario_peak_p90_depth_m": 0.0071160472929477697, "scenario_peak_interval": "090_120", "scenario_max_fraction_gt_0_02m": 0.0, "scenario_max_fraction_gt_0_10m": 0.0, "scenario_max_fraction_gt_0_30m": 0.0, "flood_risk": "minimal", "flood_risk_rank": 0, "risk_policy": "prototype_depth_band_v1" }, "geometry": { "type": "LineString", "coordinates": [ [ 377020.368140680133365, 2046490.228873884072527 ], [ 377002.740974053856917, 2046482.751039238413796 ], [ 376996.411396831274033, 2046480.279805205529556 ] ] } },
{ "type": "Feature", "properties": { "edge_id": "RN_ROAD_00298", "road_id": "RN_ROAD_00298", "source_road_id": "RN_ROAD_00298", "road_class": "residential", "name": null, "length_m": 83.579712707532877, "sampling_status": "mapped", "sampling_method": "road_line_intersected_raster_cells_all_touched", "sampled_intervals": 6, "scenario_peak_max_depth_m": 0.02998843602836132, "scenario_peak_mean_depth_m": 0.0093927246634848416, "scenario_peak_p90_depth_m": 0.022479434171691542, "scenario_peak_interval": "090_120", "scenario_max_fraction_gt_0_02m": 0.25, "scenario_max_fraction_gt_0_10m": 0.0, "scenario_max_fraction_gt_0_30m": 0.0, "flood_risk": "low", "flood_risk_rank": 1, "risk_policy": "prototype_depth_band_v1" }, "geometry": { "type": "LineString", "coordinates": [ [ 377660.289022705866955, 2046129.636201255489141 ], [ 377660.720575674262363, 2046080.088858560891822 ], [ 377626.697749451675918, 2046079.366646670969203 ] ] } },
{ "type": "Feature", "properties": { "edge_id": "RN_ROAD_00300", "road_id": "RN_ROAD_00300", "source_road_id": "RN_ROAD_00300", "road_class": "residential", "name": null, "length_m": 64.601594913773809, "sampling_status": "mapped", "sampling_method": "road_line_intersected_raster_cells_all_touched", "sampled_intervals": 6, "scenario_peak_max_depth_m": 0.016117902472615242, "scenario_peak_mean_depth_m": 0.0061884696672980981, "scenario_peak_p90_depth_m": 0.013169113430194557, "scenario_peak_interval": "090_120", "scenario_max_fraction_gt_0_02m": 0.0, "scenario_max_fraction_gt_0_10m": 0.0, "scenario_max_fraction_gt_0_30m": 0.0, "flood_risk": "minimal", "flood_risk_rank": 0, "risk_policy": "prototype_depth_band_v1" }, "geometry": { "type": "LineString", "coordinates": [ [ 377626.697749451675918, 2046079.366646670969203 ], [ 377626.098985196789727, 2046143.965466681635007 ] ] } },
{ "type": "Feature", "properties": { "edge_id": "RN_ROAD_00302", "road_id": "RN_ROAD_00302", "source_road_id": "RN_ROAD_00302", "road_class": "residential", "name": null, "length_m": 60.614729101893765, "sampling_status": "mapped", "sampling_method": "road_line_intersected_raster_cells_all_touched", "sampled_intervals": 6, "scenario_peak_max_depth_m": 0.2290189117193222, "scenario_peak_mean_depth_m": 0.061094339122064412, "scenario_peak_p90_depth_m": 0.16318442672491079, "scenario_peak_interval": "090_120", "scenario_max_fraction_gt_0_02m": 0.25, "scenario_max_fraction_gt_0_10m": 0.25, "scenario_max_fraction_gt_0_30m": 0.0, "flood_risk": "moderate", "flood_risk_rank": 2, "risk_policy": "prototype_depth_band_v1" }, "geometry": { "type": "LineString", "coordinates": [ [ 377595.038319391896948, 2046236.193713827989995 ], [ 377633.002185964433011, 2046283.447181626223028 ] ] } },
{ "type": "Feature", "properties": { "edge_id": "RN_ROAD_00325", "road_id": "RN_ROAD_00325", "source_road_id": "RN_ROAD_00325", "road_class": "residential", "name": null, "length_m": 54.02302575307796, "sampling_status": "mapped", "sampling_method": "road_line_intersected_raster_cells_all_touched", "sampled_intervals": 6, "scenario_peak_max_depth_m": 0.0047313347458839417, "scenario_peak_mean_depth_m": 0.0032602850502977767, "scenario_peak_p90_depth_m": 0.0044246706645935776, "scenario_peak_interval": "090_120", "scenario_max_fraction_gt_0_02m": 0.0, "scenario_max_fraction_gt_0_10m": 0.0, "scenario_max_fraction_gt_0_30m": 0.0, "flood_risk": "minimal", "flood_risk_rank": 0, "risk_policy": "prototype_depth_band_v1" }, "geometry": { "type": "LineString", "coordinates": [ [ 377686.474950821022503, 2046291.138132809894159 ], [ 377633.002185964433011, 2046283.447181626223028 ] ] } },
{ "type": "Feature", "properties": { "edge_id": "RN_ROAD_00327", "road_id": "RN_ROAD_00327", "source_road_id": "RN_ROAD_00327", "road_class": "residential", "name": null, "length_m": 78.48356376330446, "sampling_status": "mapped", "sampling_method": "road_line_intersected_raster_cells_all_touched", "sampled_intervals": 6, "scenario_peak_max_depth_m": 0.0071923164650797844, "scenario_peak_mean_depth_m": 0.0033321566152153537, "scenario_peak_p90_depth_m": 0.0059940258273854857, "scenario_peak_interval": "090_120", "scenario_max_fraction_gt_0_02m": 0.0, "scenario_max_fraction_gt_0_10m": 0.0, "scenario_max_fraction_gt_0_30m": 0.0, "flood_risk": "minimal", "flood_risk_rank": 0, "risk_policy": "prototype_depth_band_v1" }, "geometry": { "type": "LineString", "coordinates": [ [ 377633.002185964433011, 2046283.447181626223028 ], [ 377595.264709045703057, 2046278.012453430099413 ], [ 377582.302189693495166, 2046316.230785215040669 ] ] } },
{ "type": "Feature", "properties": { "edge_id": "RN_ROAD_00329", "road_id": "RN_ROAD_00329", "source_road_id": "RN_ROAD_00329", "road_class": "residential", "name": null, "length_m": 53.802493703022222, "sampling_status": "mapped", "sampling_method": "road_line_intersected_raster_cells_all_touched", "sampled_intervals": 6, "scenario_peak_max_depth_m": 0.0031980143394321203, "scenario_peak_mean_depth_m": 0.0014245086737597983, "scenario_peak_p90_depth_m": 0.0026748796342872085, "scenario_peak_interval": "090_120", "scenario_max_fraction_gt_0_02m": 0.0, "scenario_max_fraction_gt_0_10m": 0.0, "scenario_max_fraction_gt_0_30m": 0.0, "flood_risk": "minimal", "flood_risk_rank": 0, "risk_policy": "prototype_depth_band_v1" }, "geometry": { "type": "LineString", "coordinates": [ [ 377610.076685174019076, 2046332.12088851374574 ], [ 377633.002185964433011, 2046283.447181626223028 ] ] } },
{ "type": "Feature", "properties": { "edge_id": "RN_ROAD_00326", "road_id": "RN_ROAD_00326", "source_road_id": "RN_ROAD_00326", "road_class": "residential", "name": null, "length_m": 31.860041724128912, "sampling_status": "mapped", "sampling_method": "road_line_intersected_raster_cells_all_touched", "sampled_intervals": 6, "scenario_peak_max_depth_m": 0.0018515060655772686, "scenario_peak_mean_depth_m": 0.0014010722516104579, "scenario_peak_p90_depth_m": 0.0017614193027839064, "scenario_peak_interval": "090_120", "scenario_max_fraction_gt_0_02m": 0.0, "scenario_max_fraction_gt_0_10m": 0.0, "scenario_max_fraction_gt_0_30m": 0.0, "flood_risk": "minimal", "flood_risk_rank": 0, "risk_policy": "prototype_depth_band_v1" }, "geometry": { "type": "LineString", "coordinates": [ [ 377686.474950821022503, 2046291.138132809894159 ], [ 377718.009123752592131, 2046295.683261651312932 ] ] } },
{ "type": "Feature", "properties": { "edge_id": "RN_ROAD_00311", "road_id": "RN_ROAD_00311", "source_road_id": "RN_ROAD_00311", "road_class": "tertiary", "name": [ "Dattawadi Road" ], "length_m": 59.030518953440364, "sampling_status": "mapped", "sampling_method": "road_line_intersected_raster_cells_all_touched", "sampled_intervals": 6, "scenario_peak_max_depth_m": 0.0043815714307129383, "scenario_peak_mean_depth_m": 0.0033184548374265432, "scenario_peak_p90_depth_m": 0.0041689481120556595, "scenario_peak_interval": "090_120", "scenario_max_fraction_gt_0_02m": 0.0, "scenario_max_fraction_gt_0_10m": 0.0, "scenario_max_fraction_gt_0_30m": 0.0, "flood_risk": "minimal", "flood_risk_rank": 0, "risk_policy": "prototype_depth_band_v1" }, "geometry": { "type": "LineString", "coordinates": [ [ 377433.650659959064797, 2046272.643782917177305 ], [ 377461.643571821681689, 2046220.672646183753386 ] ] } },
{ "type": "Feature", "properties": { "edge_id": "RN_ROAD_00313", "road_id": "RN_ROAD_00313", "source_road_id": "RN_ROAD_00313", "road_class": "residential", "name": null, "length_m": 18.035376463423137, "sampling_status": "mapped", "sampling_method": "road_line_intersected_raster_cells_all_touched", "sampled_intervals": 6, "scenario_peak_max_depth_m": 0.0043815714307129383, "scenario_peak_mean_depth_m": 0.0023864324466558173, "scenario_peak_p90_depth_m": 0.0039825436339015145, "scenario_peak_interval": "090_120", "scenario_max_fraction_gt_0_02m": 0.0, "scenario_max_fraction_gt_0_10m": 0.0, "scenario_max_fraction_gt_0_30m": 0.0, "flood_risk": "minimal", "flood_risk_rank": 0, "risk_policy": "prototype_depth_band_v1" }, "geometry": { "type": "LineString", "coordinates": [ [ 377424.355226648738608, 2046257.188372092787176 ], [ 377433.650659959064797, 2046272.643782917177305 ] ] } },
{ "type": "Feature", "properties": { "edge_id": "RN_ROAD_00344", "road_id": "RN_ROAD_00344", "source_road_id": "RN_ROAD_00344", "road_class": "tertiary", "name": [ "Dattawadi Road" ], "length_m": 131.89614971042946, "sampling_status": "mapped", "sampling_method": "road_line_intersected_raster_cells_all_touched", "sampled_intervals": 6, "scenario_peak_max_depth_m": 0.16633182764053345, "scenario_peak_mean_depth_m": 0.04470552653739495, "scenario_peak_p90_depth_m": 0.12032527774572375, "scenario_peak_interval": "090_120", "scenario_max_fraction_gt_0_02m": 0.42857142857142855, "scenario_max_fraction_gt_0_10m": 0.14285714285714285, "scenario_max_fraction_gt_0_30m": 0.0, "flood_risk": "moderate", "flood_risk_rank": 2, "risk_policy": "prototype_depth_band_v1" }, "geometry": { "type": "LineString", "coordinates": [ [ 377423.505633804597892, 2046404.134533955249935 ], [ 377423.79553699248936, 2046393.398184508318081 ], [ 377433.650659959064797, 2046272.643782917177305 ] ] } },
{ "type": "Feature", "properties": { "edge_id": "RN_ROAD_00315", "road_id": "RN_ROAD_00315", "source_road_id": "RN_ROAD_00315", "road_class": "residential", "name": null, "length_m": 31.583032920935779, "sampling_status": "mapped", "sampling_method": "road_line_intersected_raster_cells_all_touched", "sampled_intervals": 6, "scenario_peak_max_depth_m": 0.0020551476627588272, "scenario_peak_mean_depth_m": 0.0015046740008983761, "scenario_peak_p90_depth_m": 0.0019450529303867369, "scenario_peak_interval": "090_120", "scenario_max_fraction_gt_0_02m": 0.0, "scenario_max_fraction_gt_0_10m": 0.0, "scenario_max_fraction_gt_0_30m": 0.0, "flood_risk": "minimal", "flood_risk_rank": 0, "risk_policy": "prototype_depth_band_v1" }, "geometry": { "type": "LineString", "coordinates": [ [ 377834.645122258516494, 2046213.663049526745453 ], [ 377834.847591003694106, 2046245.245433459756896 ] ] } },
{ "type": "Feature", "properties": { "edge_id": "RN_ROAD_00318", "road_id": "RN_ROAD_00318", "source_road_id": "RN_ROAD_00318", "road_class": "residential", "name": null, "length_m": 3.484928869378495, "sampling_status": "mapped", "sampling_method": "road_line_intersected_raster_cells_all_touched", "sampled_intervals": 6, "scenario_peak_max_depth_m": 0.000954200339037925, "scenario_peak_mean_depth_m": 0.000954200339037925, "scenario_peak_p90_depth_m": 0.000954200339037925, "scenario_peak_interval": "090_120", "scenario_max_fraction_gt_0_02m": 0.0, "scenario_max_fraction_gt_0_10m": 0.0, "scenario_max_fraction_gt_0_30m": 0.0, "flood_risk": "minimal", "flood_risk_rank": 0, "risk_policy": "prototype_depth_band_v1" }, "geometry": { "type": "LineString", "coordinates": [ [ 377834.847591003694106, 2046245.245433459756896 ], [ 377831.363098169211298, 2046245.190307140583172 ] ] } },
{ "type": "Feature", "properties": { "edge_id": "RN_ROAD_00321", "road_id": "RN_ROAD_00321", "source_road_id": "RN_ROAD_00321", "road_class": "residential", "name": null, "length_m": 43.104308924360659, "sampling_status": "mapped", "sampling_method": "road_line_intersected_raster_cells_all_touched", "sampled_intervals": 6, "scenario_peak_max_depth_m": 0.0012477191630750895, "scenario_peak_mean_depth_m": 0.00076580441964324564, "scenario_peak_p90_depth_m": 0.0011890153982676566, "scenario_peak_interval": "090_120", "scenario_max_fraction_gt_0_02m": 0.0, "scenario_max_fraction_gt_0_10m": 0.0, "scenario_max_fraction_gt_0_30m": 0.0, "flood_risk": "minimal", "flood_risk_rank": 0, "risk_policy": "prototype_depth_band_v1" }, "geometry": { "type": "LineString", "coordinates": [ [ 377831.301589088223409, 2046288.294572178740054 ], [ 377831.363098169211298, 2046245.190307140583172 ] ] } },
{ "type": "Feature", "properties": { "edge_id": "RN_ROAD_00323", "road_id": "RN_ROAD_00323", "source_road_id": "RN_ROAD_00323", "road_class": "residential", "name": null, "length_m": 52.250203462147866, "sampling_status": "mapped", "sampling_method": "road_line_intersected_raster_cells_all_touched", "sampled_intervals": 6, "scenario_peak_max_depth_m": 0.00081982923438772559, "scenario_peak_mean_depth_m": 0.00031942879771425697, "scenario_peak_p90_depth_m": 0.00067496213887352496, "scenario_peak_interval": "090_120", "scenario_max_fraction_gt_0_02m": 0.0, "scenario_max_fraction_gt_0_10m": 0.0, "scenario_max_fraction_gt_0_30m": 0.0, "flood_risk": "minimal", "flood_risk_rank": 0, "risk_policy": "prototype_depth_band_v1" }, "geometry": { "type": "LineString", "coordinates": [ [ 377831.301589088223409, 2046288.294572178740054 ], [ 377779.072349863126874, 2046286.814595218282193 ] ] } },
{ "type": "Feature", "properties": { "edge_id": "RN_ROAD_00334", "road_id": "RN_ROAD_00334", "source_road_id": "RN_ROAD_00334", "road_class": "residential", "name": null, "length_m": 28.0576508861656, "sampling_status": "mapped", "sampling_method": "road_line_intersected_raster_cells_all_touched", "sampled_intervals": 6, "scenario_peak_max_depth_m": 0.00082657951861619949, "scenario_peak_mean_depth_m": 0.00043477146027726121, "scenario_peak_p90_depth_m": 0.00074821790694841179, "scenario_peak_interval": "090_120", "scenario_max_fraction_gt_0_02m": 0.0, "scenario_max_fraction_gt_0_10m": 0.0, "scenario_max_fraction_gt_0_30m": 0.0, "flood_risk": "minimal", "flood_risk_rank": 0, "risk_policy": "prototype_depth_band_v1" }, "geometry": { "type": "LineString", "coordinates": [ [ 377779.072349863126874, 2046286.814595218282193 ], [ 377777.594460922759026, 2046314.833296428900212 ] ] } },
{ "type": "Feature", "properties": { "edge_id": "RN_ROAD_00335", "road_id": "RN_ROAD_00335", "source_road_id": "RN_ROAD_00335", "road_class": "residential", "name": null, "length_m": 26.537672219220823, "sampling_status": "mapped", "sampling_method": "road_line_intersected_raster_cells_all_touched", "sampled_intervals": 6, "scenario_peak_max_depth_m": 0.0016568177379667759, "scenario_peak_mean_depth_m": 0.00087615574739174917, "scenario_peak_p90_depth_m": 0.0015006853398517705, "scenario_peak_interval": "090_120", "scenario_max_fraction_gt_0_02m": 0.0, "scenario_max_fraction_gt_0_10m": 0.0, "scenario_max_fraction_gt_0_30m": 0.0, "flood_risk": "minimal", "flood_risk_rank": 0, "risk_policy": "prototype_depth_band_v1" }, "geometry": { "type": "LineString", "coordinates": [ [ 377831.301589088223409, 2046288.294572178740054 ], [ 377831.260568835481536, 2046314.832212694687769 ] ] } },
{ "type": "Feature", "properties": { "edge_id": "RN_ROAD_00338", "road_id": "RN_ROAD_00338", "source_road_id": "RN_ROAD_00338", "road_class": "residential", "name": null, "length_m": 48.091512749697046, "sampling_status": "mapped", "sampling_method": "road_line_intersected_raster_cells_all_touched", "sampled_intervals": 6, "scenario_peak_max_depth_m": 0.0090751620009541512, "scenario_peak_mean_depth_m": 0.0053659898694604635, "scenario_peak_p90_depth_m": 0.0083333275746554133, "scenario_peak_interval": "090_120", "scenario_max_fraction_gt_0_02m": 0.0, "scenario_max_fraction_gt_0_10m": 0.0, "scenario_max_fraction_gt_0_30m": 0.0, "flood_risk": "minimal", "flood_risk_rank": 0, "risk_policy": "prototype_depth_band_v1" }, "geometry": { "type": "LineString", "coordinates": [ [ 377879.352081558783539, 2046314.833806041860953 ], [ 377831.260568835481536, 2046314.832212694687769 ] ] } },
{ "type": "Feature", "properties": { "edge_id": "RN_ROAD_00339", "road_id": "RN_ROAD_00339", "source_road_id": "RN_ROAD_00339", "road_class": "residential", "name": null, "length_m": 47.930891317353087, "sampling_status": "mapped", "sampling_method": "road_line_intersected_raster_cells_all_touched", "sampled_intervals": 6, "scenario_peak_max_depth_m": 0.0090751620009541512, "scenario_peak_mean_depth_m": 0.0065719485282897949, "scenario_peak_p90_depth_m": 0.0085745193064212799, "scenario_peak_interval": "090_120", "scenario_max_fraction_gt_0_02m": 0.0, "scenario_max_fraction_gt_0_10m": 0.0, "scenario_max_fraction_gt_0_30m": 0.0, "flood_risk": "minimal", "flood_risk_rank": 0, "risk_policy": "prototype_depth_band_v1" }, "geometry": { "type": "LineString", "coordinates": [ [ 377882.435362273419742, 2046362.665424481034279 ], [ 377879.352081558783539, 2046314.833806041860953 ] ] } },
{ "type": "Feature", "properties": { "edge_id": "RN_ROAD_00414", "road_id": "RN_ROAD_00414", "source_road_id": "RN_ROAD_00414", "road_class": "residential", "name": null, "length_m": 61.737807633745184, "sampling_status": "mapped", "sampling_method": "road_line_intersected_raster_cells_all_touched", "sampled_intervals": 6, "scenario_peak_max_depth_m": 0.0090751620009541512, "scenario_peak_mean_depth_m": 0.004672362663162251, "scenario_peak_p90_depth_m": 0.0079744366463273767, "scenario_peak_interval": "090_120", "scenario_max_fraction_gt_0_02m": 0.0, "scenario_max_fraction_gt_0_10m": 0.0, "scenario_max_fraction_gt_0_30m": 0.0, "flood_risk": "minimal", "flood_risk_rank": 0, "risk_policy": "prototype_depth_band_v1" }, "geometry": { "type": "LineString", "coordinates": [ [ 377941.028220077278093, 2046317.592579114949331 ], [ 377879.352081558783539, 2046314.833806041860953 ] ] } },
{ "type": "Feature", "properties": { "edge_id": "RN_ROAD_00328", "road_id": "RN_ROAD_00328", "source_road_id": "RN_ROAD_00328", "road_class": "residential", "name": null, "length_m": 17.343312796122525, "sampling_status": "mapped", "sampling_method": "road_line_intersected_raster_cells_all_touched", "sampled_intervals": 6, "scenario_peak_max_depth_m": 0.0025485632941126823, "scenario_peak_mean_depth_m": 0.0017496008658781648, "scenario_peak_p90_depth_m": 0.0023887708084657788, "scenario_peak_interval": "090_120", "scenario_max_fraction_gt_0_02m": 0.0, "scenario_max_fraction_gt_0_10m": 0.0, "scenario_max_fraction_gt_0_30m": 0.0, "flood_risk": "minimal", "flood_risk_rank": 0, "risk_policy": "prototype_depth_band_v1" }, "geometry": { "type": "LineString", "coordinates": [ [ 377718.806569041509647, 2046313.008231485495344 ], [ 377718.009123752592131, 2046295.683261651312932 ] ] } },
{ "type": "Feature", "properties": { "edge_id": "RN_ROAD_00330", "road_id": "RN_ROAD_00330", "source_road_id": "RN_ROAD_00330", "road_class": "residential", "name": null, "length_m": 37.882267862748435, "sampling_status": "mapped", "sampling_method": "road_line_intersected_raster_cells_all_touched", "sampled_intervals": 6, "scenario_peak_max_depth_m": 0.0076514719985425472, "scenario_peak_mean_depth_m": 0.0051000176463276148, "scenario_peak_p90_depth_m": 0.0071411811280995604, "scenario_peak_interval": "090_120", "scenario_max_fraction_gt_0_02m": 0.0, "scenario_max_fraction_gt_0_10m": 0.0, "scenario_max_fraction_gt_0_30m": 0.0, "flood_risk": "minimal", "flood_risk_rank": 0, "risk_policy": "prototype_depth_band_v1" }, "geometry": { "type": "LineString", "coordinates": [ [ 377718.405568060523365, 2046350.880255555501208 ], [ 377718.378372140054125, 2046321.963751147966832 ], [ 377718.806569041509647, 2046313.008231485495344 ] ] } },
{ "type": "Feature", "properties": { "edge_id": "RN_ROAD_00336", "road_id": "RN_ROAD_00336", "source_road_id": "RN_ROAD_00336", "road_class": "residential", "name": null, "length_m": 58.816214549128475, "sampling_status": "mapped", "sampling_method": "road_line_intersected_raster_cells_all_touched", "sampled_intervals": 6, "scenario_peak_max_depth_m": 0.0051720822229981422, "scenario_peak_mean_depth_m": 0.002849075011909008, "scenario_peak_p90_depth_m": 0.0046473784372210499, "scenario_peak_interval": "090_120", "scenario_max_fraction_gt_0_02m": 0.0, "scenario_max_fraction_gt_0_10m": 0.0, "scenario_max_fraction_gt_0_30m": 0.0, "flood_risk": "minimal", "flood_risk_rank": 0, "risk_policy": "prototype_depth_band_v1" }, "geometry": { "type": "LineString", "coordinates": [ [ 377777.594460922759026, 2046314.833296428900212 ], [ 377718.806569041509647, 2046313.008231485495344 ] ] } },
{ "type": "Feature", "properties": { "edge_id": "RN_ROAD_00331", "road_id": "RN_ROAD_00331", "source_road_id": "RN_ROAD_00331", "road_class": "residential", "name": [ "Krushnaji Gopal Ghanekar Path" ], "length_m": 54.091135825824232, "sampling_status": "mapped", "sampling_method": "road_line_intersected_raster_cells_all_touched", "sampled_intervals": 6, "scenario_peak_max_depth_m": 0.021550748497247696, "scenario_peak_mean_depth_m": 0.014926621535172066, "scenario_peak_p90_depth_m": 0.020356127619743349, "scenario_peak_interval": "090_120", "scenario_max_fraction_gt_0_02m": 0.33333333333333331, "scenario_max_fraction_gt_0_10m": 0.0, "scenario_max_fraction_gt_0_30m": 0.0, "flood_risk": "low", "flood_risk_rank": 1, "risk_policy": "prototype_depth_band_v1" }, "geometry": { "type": "LineString", "coordinates": [ [ 377664.338028931117151, 2046352.477812258061022 ], [ 377718.405568060523365, 2046350.880255555501208 ] ] } },
{ "type": "Feature", "properties": { "edge_id": "RN_ROAD_00332", "road_id": "RN_ROAD_00332", "source_road_id": "RN_ROAD_00332", "road_class": "residential", "name": null, "length_m": 40.303744394483715, "sampling_status": "mapped", "sampling_method": "road_line_intersected_raster_cells_all_touched", "sampled_intervals": 6, "scenario_peak_max_depth_m": 0.023865083232522011, "scenario_peak_mean_depth_m": 0.015758277615532279, "scenario_peak_p90_depth_m": 0.022243722109124064, "scenario_peak_interval": "090_120", "scenario_max_fraction_gt_0_02m": 0.5, "scenario_max_fraction_gt_0_10m": 0.0, "scenario_max_fraction_gt_0_30m": 0.0, "flood_risk": "low", "flood_risk_rank": 1, "risk_policy": "prototype_depth_band_v1" }, "geometry": { "type": "LineString", "coordinates": [ [ 377718.463611934741493, 2046391.183958153706044 ], [ 377718.405568060523365, 2046350.880255555501208 ] ] } },
{ "type": "Feature", "properties": { "edge_id": "RN_ROAD_00333", "road_id": "RN_ROAD_00333", "source_road_id": "RN_ROAD_00333", "road_class": "residential", "name": null, "length_m": 40.387477789189958, "sampling_status": "mapped", "sampling_method": "road_line_intersected_raster_cells_all_touched", "sampled_intervals": 6, "scenario_peak_max_depth_m": 0.023067336529493332, "scenario_peak_mean_depth_m": 0.019322490319609642, "scenario_peak_p90_depth_m": 0.022318367287516593, "scenario_peak_interval": "090_120", "scenario_max_fraction_gt_0_02m": 0.5, "scenario_max_fraction_gt_0_10m": 0.0, "scenario_max_fraction_gt_0_30m": 0.0, "flood_risk": "low", "flood_risk_rank": 1, "risk_policy": "prototype_depth_band_v1" }, "geometry": { "type": "LineString", "coordinates": [ [ 377665.336301125469618, 2046392.852950831176713 ], [ 377664.338028931117151, 2046352.477812258061022 ] ] } },
{ "type": "Feature", "properties": { "edge_id": "RN_ROAD_00354", "road_id": "RN_ROAD_00354", "source_road_id": "RN_ROAD_00354", "road_class": "residential", "name": [ "Krushnaji Gopal Ghanekar Path" ], "length_m": 155.52628067151952, "sampling_status": "mapped", "sampling_method": "road_line_intersected_raster_cells_all_touched", "sampled_intervals": 6, "scenario_peak_max_depth_m": 0.015577644109725952, "scenario_peak_mean_depth_m": 0.0066855341927813628, "scenario_peak_p90_depth_m": 0.013157832249999047, "scenario_peak_interval": "090_120", "scenario_max_fraction_gt_0_02m": 0.0, "scenario_max_fraction_gt_0_10m": 0.0, "scenario_max_fraction_gt_0_30m": 0.0, "flood_risk": "minimal", "flood_risk_rank": 0, "risk_policy": "prototype_depth_band_v1" }, "geometry": { "type": "LineString", "coordinates": [ [ 377522.539574492548127, 2046396.016771117690951 ], [ 377523.173552202351857, 2046394.452323082368821 ], [ 377528.162055935652461, 2046382.114338991697878 ], [ 377552.477095930313226, 2046372.274907127721235 ], [ 377583.644266110030003, 2046362.435751575278118 ], [ 377626.31548930273857, 2046353.596212433418259 ], [ 377664.338028931117151, 2046352.477812258061022 ] ] } },
{ "type": "Feature", "properties": { "edge_id": "RN_ROAD_00355", "road_id": "RN_ROAD_00355", "source_road_id": "RN_ROAD_00355", "road_class": "residential", "name": [ "Kushaba Ganapati Ovhal Path" ], "length_m": 53.153520018738426, "sampling_status": "mapped", "sampling_method": "road_line_intersected_raster_cells_all_touched", "sampled_intervals": 6, "scenario_peak_max_depth_m": 0.049705628305673599, "scenario_peak_mean_depth_m": 0.032212682689229645, "scenario_peak_p90_depth_m": 0.044537519291043284, "scenario_peak_interval": "090_120", "scenario_max_fraction_gt_0_02m": 1.0, "scenario_max_fraction_gt_0_10m": 0.0, "scenario_max_fraction_gt_0_30m": 0.0, "flood_risk": "low", "flood_risk_rank": 1, "risk_policy": "prototype_depth_band_v1" }, "geometry": { "type": "LineString", "coordinates": [ [ 377718.463611934741493, 2046391.183958153706044 ], [ 377665.336301125469618, 2046392.852950831176713 ] ] } },
{ "type": "Feature", "properties": { "edge_id": "RN_ROAD_00365", "road_id": "RN_ROAD_00365", "source_road_id": "RN_ROAD_00365", "road_class": "residential", "name": [ "Kushaba Ganapati Ovhal Path" ], "length_m": 55.154653229813078, "sampling_status": "mapped", "sampling_method": "road_line_intersected_raster_cells_all_touched", "sampled_intervals": 6, "scenario_peak_max_depth_m": 0.023865083232522011, "scenario_peak_mean_depth_m": 0.017017537417511146, "scenario_peak_p90_depth_m": 0.021887939050793649, "scenario_peak_interval": "090_120", "scenario_max_fraction_gt_0_02m": 0.33333333333333331, "scenario_max_fraction_gt_0_10m": 0.0, "scenario_max_fraction_gt_0_30m": 0.0, "flood_risk": "low", "flood_risk_rank": 1, "risk_policy": "prototype_depth_band_v1" }, "geometry": { "type": "LineString", "coordinates": [ [ 377773.613578027463518, 2046390.464922081911936 ], [ 377718.463611934741493, 2046391.183958153706044 ] ] } },
{ "type": "Feature", "properties": { "edge_id": "RN_ROAD_00356", "road_id": "RN_ROAD_00356", "source_road_id": "RN_ROAD_00356", "road_class": "residential", "name": [ "Kushaba Ganapati Ovhal Path" ], "length_m": 142.83177131115704, "sampling_status": "mapped", "sampling_method": "road_line_intersected_raster_cells_all_touched", "sampled_intervals": 6, "scenario_peak_max_depth_m": 0.023067336529493332, "scenario_peak_mean_depth_m": 0.012245333559500674, "scenario_peak_p90_depth_m": 0.020432723686099052, "scenario_peak_interval": "090_120", "scenario_max_fraction_gt_0_02m": 0.16666666666666666, "scenario_max_fraction_gt_0_10m": 0.0, "scenario_max_fraction_gt_0_30m": 0.0, "flood_risk": "low", "flood_risk_rank": 1, "risk_policy": "prototype_depth_band_v1" }, "geometry": { "type": "LineString", "coordinates": [ [ 377665.336301125469618, 2046392.852950831176713 ], [ 377522.539574492548127, 2046396.016771117690951 ] ] } },
{ "type": "Feature", "properties": { "edge_id": "RN_ROAD_00357", "road_id": "RN_ROAD_00357", "source_road_id": "RN_ROAD_00357", "road_class": "residential", "name": null, "length_m": 51.193116055361749, "sampling_status": "mapped", "sampling_method": "road_line_intersected_raster_cells_all_touched", "sampled_intervals": 6, "scenario_peak_max_depth_m": 0.024796046316623688, "scenario_peak_mean_depth_m": 0.023481806740164757, "scenario_peak_p90_depth_m": 0.024450304359197615, "scenario_peak_interval": "090_120", "scenario_max_fraction_gt_0_02m": 1.0, "scenario_max_fraction_gt_0_10m": 0.0, "scenario_max_fraction_gt_0_30m": 0.0, "flood_risk": "low", "flood_risk_rank": 1, "risk_policy": "prototype_depth_band_v1" }, "geometry": { "type": "LineString", "coordinates": [ [ 377665.401030058972538, 2046444.046025964664295 ], [ 377665.336301125469618, 2046392.852950831176713 ] ] } },
{ "type": "Feature", "properties": { "edge_id": "RN_ROAD_00337", "road_id": "RN_ROAD_00337", "source_road_id": "RN_ROAD_00337", "road_class": "residential", "name": null, "length_m": 53.666107923664981, "sampling_status": "mapped", "sampling_method": "road_line_intersected_raster_cells_all_touched", "sampled_intervals": 6, "scenario_peak_max_depth_m": 0.0016568177379667759, "scenario_peak_mean_depth_m": 0.0010566102185597022, "scenario_peak_p90_depth_m": 0.0014907700940966606, "scenario_peak_interval": "090_120", "scenario_max_fraction_gt_0_02m": 0.0, "scenario_max_fraction_gt_0_10m": 0.0, "scenario_max_fraction_gt_0_30m": 0.0, "flood_risk": "minimal", "flood_risk_rank": 0, "risk_policy": "prototype_depth_band_v1" }, "geometry": { "type": "LineString", "coordinates": [ [ 377831.260568835481536, 2046314.832212694687769 ], [ 377777.594460922759026, 2046314.833296428900212 ] ] } },
{ "type": "Feature", "properties": { "edge_id": "RN_ROAD_00341", "road_id": "RN_ROAD_00341", "source_road_id": "RN_ROAD_00341", "road_class": "residential", "name": null, "length_m": 75.736320398758195, "sampling_status": "mapped", "sampling_method": "road_line_intersected_raster_cells_all_touched", "sampled_intervals": 6, "scenario_peak_max_depth_m": 0.013208166696131229, "scenario_peak_mean_depth_m": 0.0057427134985725088, "scenario_peak_p90_depth_m": 0.011205212213099003, "scenario_peak_interval": "090_120", "scenario_max_fraction_gt_0_02m": 0.0, "scenario_max_fraction_gt_0_10m": 0.0, "scenario_max_fraction_gt_0_30m": 0.0, "flood_risk": "minimal", "flood_risk_rank": 0, "risk_policy": "prototype_depth_band_v1" }, "geometry": { "type": "LineString", "coordinates": [ [ 377777.594460922759026, 2046314.833296428900212 ], [ 377773.613578027463518, 2046390.464922081911936 ] ] } },
{ "type": "Feature", "properties": { "edge_id": "RN_ROAD_00340", "road_id": "RN_ROAD_00340", "source_road_id": "RN_ROAD_00340", "road_class": "residential", "name": null, "length_m": 74.514757919822685, "sampling_status": "mapped", "sampling_method": "road_line_intersected_raster_cells_all_touched", "sampled_intervals": 6, "scenario_peak_max_depth_m": 0.0030448250472545624, "scenario_peak_mean_depth_m": 0.0021428759597862759, "scenario_peak_p90_depth_m": 0.0027812570566311478, "scenario_peak_interval": "090_120", "scenario_max_fraction_gt_0_02m": 0.0, "scenario_max_fraction_gt_0_10m": 0.0, "scenario_max_fraction_gt_0_30m": 0.0, "flood_risk": "minimal", "flood_risk_rank": 0, "risk_policy": "prototype_depth_band_v1" }, "geometry": { "type": "LineString", "coordinates": [ [ 377830.809206769336015, 2046389.34560357267037 ], [ 377831.260568835481536, 2046314.832212694687769 ] ] } },
{ "type": "Feature", "properties": { "edge_id": "RN_ROAD_00342", "road_id": "RN_ROAD_00342", "source_road_id": "RN_ROAD_00342", "road_class": "residential", "name": null, "length_m": 27.225136423844823, "sampling_status": "mapped", "sampling_method": "road_line_intersected_raster_cells_all_touched", "sampled_intervals": 6, "scenario_peak_max_depth_m": 0.0050521586090326309, "scenario_peak_mean_depth_m": 0.0041608371150990324, "scenario_peak_p90_depth_m": 0.0048554738983511928, "scenario_peak_interval": "090_120", "scenario_max_fraction_gt_0_02m": 0.0, "scenario_max_fraction_gt_0_10m": 0.0, "scenario_max_fraction_gt_0_30m": 0.0, "flood_risk": "minimal", "flood_risk_rank": 0, "risk_policy": "prototype_depth_band_v1" }, "geometry": { "type": "LineString", "coordinates": [ [ 377883.76044877723325, 2046389.858294852776453 ], [ 377882.435362273419742, 2046362.665424481034279 ] ] } },
{ "type": "Feature", "properties": { "edge_id": "RN_ROAD_00418", "road_id": "RN_ROAD_00418", "source_road_id": "RN_ROAD_00418", "road_class": "residential", "name": null, "length_m": 56.929987482394445, "sampling_status": "mapped", "sampling_method": "road_line_intersected_raster_cells_all_touched", "sampled_intervals": 6, "scenario_peak_max_depth_m": 0.0096703516319394112, "scenario_peak_mean_depth_m": 0.0065989185435076552, "scenario_peak_p90_depth_m": 0.0089478150941431529, "scenario_peak_interval": "090_120", "scenario_max_fraction_gt_0_02m": 0.0, "scenario_max_fraction_gt_0_10m": 0.0, "scenario_max_fraction_gt_0_30m": 0.0, "flood_risk": "minimal", "flood_risk_rank": 0, "risk_policy": "prototype_depth_band_v1" }, "geometry": { "type": "LineString", "coordinates": [ [ 377939.342401564470492, 2046364.281702264212072 ], [ 377882.435362273419742, 2046362.665424481034279 ] ] } },
{ "type": "Feature", "properties": { "edge_id": "RN_ROAD_00343", "road_id": "RN_ROAD_00343", "source_road_id": "RN_ROAD_00343", "road_class": "residential", "name": [ "Kushaba Ganapati Ovhal Path" ], "length_m": 57.206580225558334, "sampling_status": "mapped", "sampling_method": "road_line_intersected_raster_cells_all_touched", "sampled_intervals": 6, "scenario_peak_max_depth_m": 0.013208166696131229, "scenario_peak_mean_depth_m": 0.007465757429599762, "scenario_peak_p90_depth_m": 0.011795389465987682, "scenario_peak_interval": "090_120", "scenario_max_fraction_gt_0_02m": 0.0, "scenario_max_fraction_gt_0_10m": 0.0, "scenario_max_fraction_gt_0_30m": 0.0, "flood_risk": "minimal", "flood_risk_rank": 0, "risk_policy": "prototype_depth_band_v1" }, "geometry": { "type": "LineString", "coordinates": [ [ 377830.809206769336015, 2046389.34560357267037 ], [ 377773.613578027463518, 2046390.464922081911936 ] ] } },
{ "type": "Feature", "properties": { "edge_id": "RN_ROAD_00364", "road_id": "RN_ROAD_00364", "source_road_id": "RN_ROAD_00364", "road_class": "residential", "name": [ "Kushaba Ganapati Ovhal Path" ], "length_m": 52.953723972234449, "sampling_status": "mapped", "sampling_method": "road_line_intersected_raster_cells_all_touched", "sampled_intervals": 6, "scenario_peak_max_depth_m": 0.0050521586090326309, "scenario_peak_mean_depth_m": 0.0038195337789754071, "scenario_peak_p90_depth_m": 0.0047140504233539101, "scenario_peak_interval": "090_120", "scenario_max_fraction_gt_0_02m": 0.0, "scenario_max_fraction_gt_0_10m": 0.0, "scenario_max_fraction_gt_0_30m": 0.0, "flood_risk": "minimal", "flood_risk_rank": 0, "risk_policy": "prototype_depth_band_v1" }, "geometry": { "type": "LineString", "coordinates": [ [ 377830.809206769336015, 2046389.34560357267037 ], [ 377883.76044877723325, 2046389.858294852776453 ] ] } },
{ "type": "Feature", "properties": { "edge_id": "RN_ROAD_00367", "road_id": "RN_ROAD_00367", "source_road_id": "RN_ROAD_00367", "road_class": "residential", "name": null, "length_m": 48.685081982286476, "sampling_status": "mapped", "sampling_method": "road_line_intersected_raster_cells_all_touched", "sampled_intervals": 6, "scenario_peak_max_depth_m": 0.058736547827720642, "scenario_peak_mean_depth_m": 0.038245811127126217, "scenario_peak_p90_depth_m": 0.055547782033681867, "scenario_peak_interval": "090_120", "scenario_max_fraction_gt_0_02m": 0.66666666666666663, "scenario_max_fraction_gt_0_10m": 0.0, "scenario_max_fraction_gt_0_30m": 0.0, "flood_risk": "low", "flood_risk_rank": 1, "risk_policy": "prototype_depth_band_v1" }, "geometry": { "type": "LineString", "coordinates": [ [ 377773.613578027463518, 2046390.464922081911936 ], [ 377773.421720417856704, 2046416.516613573767245 ], [ 377773.408129853603896, 2046417.689746156800538 ], [ 377773.25016109587159, 2046439.148637454258278 ] ] } },
{ "type": "Feature", "properties": { "edge_id": "RN_ROAD_00366", "road_id": "RN_ROAD_00366", "source_road_id": "RN_ROAD_00366", "road_class": "residential", "name": null, "length_m": 45.587373204887953, "sampling_status": "mapped", "sampling_method": "road_line_intersected_raster_cells_all_touched", "sampled_intervals": 6, "scenario_peak_max_depth_m": 0.015096594579517841, "scenario_peak_mean_depth_m": 0.0074256713657329483, "scenario_peak_p90_depth_m": 0.012841036031022669, "scenario_peak_interval": "090_120", "scenario_max_fraction_gt_0_02m": 0.0, "scenario_max_fraction_gt_0_10m": 0.0, "scenario_max_fraction_gt_0_30m": 0.0, "flood_risk": "minimal", "flood_risk_rank": 0, "risk_policy": "prototype_depth_band_v1" }, "geometry": { "type": "LineString", "coordinates": [ [ 377885.931584388192277, 2046435.393937660148367 ], [ 377883.76044877723325, 2046389.858294852776453 ] ] } },
{ "type": "Feature", "properties": { "edge_id": "RN_ROAD_00345", "road_id": "RN_ROAD_00345", "source_road_id": "RN_ROAD_00345", "road_class": "tertiary", "name": [ "Dattawadi Road" ], "length_m": 14.590834250767971, "sampling_status": "mapped", "sampling_method": "road_line_intersected_raster_cells_all_touched", "sampled_intervals": 6, "scenario_peak_max_depth_m": 0.16633182764053345, "scenario_peak_mean_depth_m": 0.16633182764053345, "scenario_peak_p90_depth_m": 0.16633182764053345, "scenario_peak_interval": "090_120", "scenario_max_fraction_gt_0_02m": 1.0, "scenario_max_fraction_gt_0_10m": 1.0, "scenario_max_fraction_gt_0_30m": 0.0, "flood_risk": "moderate", "flood_risk_rank": 2, "risk_policy": "prototype_depth_band_v1" }, "geometry": { "type": "LineString", "coordinates": [ [ 377423.198274900438264, 2046418.722130557755008 ], [ 377423.505633804597892, 2046404.134533955249935 ] ] } },
{ "type": "Feature", "properties": { "edge_id": "RN_ROAD_00347", "road_id": "RN_ROAD_00347", "source_road_id": "RN_ROAD_00347", "road_class": "secondary", "name": [ "Anant Kanhere Path" ], "length_m": 77.651322266198804, "sampling_status": "mapped", "sampling_method": "road_line_intersected_raster_cells_all_touched", "sampled_intervals": 6, "scenario_peak_max_depth_m": 0.16633182764053345, "scenario_peak_mean_depth_m": 0.078855633444618434, "scenario_peak_p90_depth_m": 0.1553850844502449, "scenario_peak_interval": "090_120", "scenario_max_fraction_gt_0_02m": 0.5, "scenario_max_fraction_gt_0_10m": 0.5, "scenario_max_fraction_gt_0_30m": 0.0, "flood_risk": "moderate", "flood_risk_rank": 2, "risk_policy": "prototype_depth_band_v1" }, "geometry": { "type": "LineString", "coordinates": [ [ 377490.139104293601122, 2046440.634831558447331 ], [ 377480.499673320562579, 2046434.056925402954221 ], [ 377440.001248756074347, 2046406.418784518027678 ], [ 377433.682483953656629, 2046403.980537408497185 ], [ 377423.505633804597892, 2046404.134533955249935 ] ] } },
{ "type": "Feature", "properties": { "edge_id": "RN_ROAD_00348", "road_id": "RN_ROAD_00348", "source_road_id": "RN_ROAD_00348", "road_class": "secondary", "name": [ "Anant Kanhere Path" ], "length_m": 70.49281105699869, "sampling_status": "mapped", "sampling_method": "road_line_intersected_raster_cells_all_touched", "sampled_intervals": 6, "scenario_peak_max_depth_m": 0.45641177892684937, "scenario_peak_mean_depth_m": 0.19236022559925914, "scenario_peak_p90_depth_m": 0.36938779354095463, "scenario_peak_interval": "090_120", "scenario_max_fraction_gt_0_02m": 0.75, "scenario_max_fraction_gt_0_10m": 0.75, "scenario_max_fraction_gt_0_30m": 0.25, "flood_risk": "high", "flood_risk_rank": 3, "risk_policy": "prototype_depth_band_v1" }, "geometry": { "type": "LineString", "coordinates": [ [ 377423.198274900438264, 2046418.722130557755008 ], [ 377439.838694688805845, 2046425.46523952181451 ], [ 377479.867453075537924, 2046437.535864481702447 ], [ 377490.139104293601122, 2046440.634831558447331 ] ] } },
{ "type": "Feature", "properties": { "edge_id": "RN_ROAD_00527", "road_id": "RN_ROAD_00527", "source_road_id": "RN_ROAD_00527", "road_class": "secondary", "name": [ "Anant Kanhere Path" ], "length_m": 51.495876366130361, "sampling_status": "mapped", "sampling_method": "road_line_intersected_raster_cells_all_touched", "sampled_intervals": 6, "scenario_peak_max_depth_m": 0.16633182764053345, "scenario_peak_mean_depth_m": 0.064437487473090485, "scenario_peak_p90_depth_m": 0.13701601028442384, "scenario_peak_interval": "090_120", "scenario_max_fraction_gt_0_02m": 0.33333333333333331, "scenario_max_fraction_gt_0_10m": 0.33333333333333331, "scenario_max_fraction_gt_0_30m": 0.0, "flood_risk": "moderate", "flood_risk_rank": 2, "risk_policy": "prototype_depth_band_v1" }, "geometry": { "type": "LineString", "coordinates": [ [ 377372.277294739615172, 2046415.419969629030675 ], [ 377402.744343261641916, 2046414.936188661959022 ], [ 377415.567180021316744, 2046415.794340282911435 ], [ 377423.198274900438264, 2046418.722130557755008 ] ] } },
{ "type": "Feature", "properties": { "edge_id": "RN_ROAD_00346", "road_id": "RN_ROAD_00346", "source_road_id": "RN_ROAD_00346", "road_class": "residential", "name": [ "Oval Path" ], "length_m": 50.881019006096267, "sampling_status": "mapped", "sampling_method": "road_line_intersected_raster_cells_all_touched", "sampled_intervals": 6, "scenario_peak_max_depth_m": 0.0027015840169042349, "scenario_peak_mean_depth_m": 0.0018034823200044532, "scenario_peak_p90_depth_m": 0.0025675441604107617, "scenario_peak_interval": "090_120", "scenario_max_fraction_gt_0_02m": 0.0, "scenario_max_fraction_gt_0_10m": 0.0, "scenario_max_fraction_gt_0_30m": 0.0, "flood_risk": "minimal", "flood_risk_rank": 0, "risk_policy": "prototype_depth_band_v1" }, "geometry": { "type": "LineString", "coordinates": [ [ 377522.539574492548127, 2046396.016771117690951 ], [ 377512.418330448737834, 2046445.880971844308078 ] ] } },
{ "type": "Feature", "properties": { "edge_id": "RN_ROAD_00349", "road_id": "RN_ROAD_00349", "source_road_id": "RN_ROAD_00349", "road_class": "secondary", "name": [ "Anant Kanhere Path" ], "length_m": 22.888554038441548, "sampling_status": "mapped", "sampling_method": "road_line_intersected_raster_cells_all_touched", "sampled_intervals": 6, "scenario_peak_max_depth_m": 0.016854612156748772, "scenario_peak_mean_depth_m": 0.0094429984455928206, "scenario_peak_p90_depth_m": 0.015372289414517583, "scenario_peak_interval": "090_120", "scenario_max_fraction_gt_0_02m": 0.0, "scenario_max_fraction_gt_0_10m": 0.0, "scenario_max_fraction_gt_0_30m": 0.0, "flood_risk": "minimal", "flood_risk_rank": 0, "risk_policy": "prototype_depth_band_v1" }, "geometry": { "type": "LineString", "coordinates": [ [ 377512.418330448737834, 2046445.880971844308078 ], [ 377490.139104293601122, 2046440.634831558447331 ] ] } },
{ "type": "Feature", "properties": { "edge_id": "RN_ROAD_00350", "road_id": "RN_ROAD_00350", "source_road_id": "RN_ROAD_00350", "road_class": "residential", "name": [ "Oval Path" ], "length_m": 51.525425009206231, "sampling_status": "mapped", "sampling_method": "road_line_intersected_raster_cells_all_touched", "sampled_intervals": 6, "scenario_peak_max_depth_m": 0.01002410426735878, "scenario_peak_mean_depth_m": 0.0057512010292460518, "scenario_peak_p90_depth_m": 0.0090589062310755253, "scenario_peak_interval": "090_120", "scenario_max_fraction_gt_0_02m": 0.0, "scenario_max_fraction_gt_0_10m": 0.0, "scenario_max_fraction_gt_0_30m": 0.0, "flood_risk": "minimal", "flood_risk_rank": 0, "risk_policy": "prototype_depth_band_v1" }, "geometry": { "type": "LineString", "coordinates": [ [ 377499.467684217495844, 2046495.752308146562427 ], [ 377512.418330448737834, 2046445.880971844308078 ] ] } },
{ "type": "Feature", "properties": { "edge_id": "RN_ROAD_00361", "road_id": "RN_ROAD_00361", "source_road_id": "RN_ROAD_00361", "road_class": "secondary", "name": [ "Anant Kanhere Path" ], "length_m": 153.02556378227789, "sampling_status": "mapped", "sampling_method": "road_line_intersected_raster_cells_all_touched", "sampled_intervals": 6, "scenario_peak_max_depth_m": 0.022582037374377251, "scenario_peak_mean_depth_m": 0.0091351527177418266, "scenario_peak_p90_depth_m": 0.018617882393300533, "scenario_peak_interval": "090_120", "scenario_max_fraction_gt_0_02m": 0.16666666666666666, "scenario_max_fraction_gt_0_10m": 0.0, "scenario_max_fraction_gt_0_30m": 0.0, "flood_risk": "low", "flood_risk_rank": 1, "risk_policy": "prototype_depth_band_v1" }, "geometry": { "type": "LineString", "coordinates": [ [ 377665.401030058972538, 2046444.046025964664295 ], [ 377646.876099003711715, 2046444.696163395419717 ], [ 377561.51799834909616, 2046446.727380068041384 ], [ 377512.418330448737834, 2046445.880971844308078 ] ] } },
{ "type": "Feature", "properties": { "edge_id": "RN_ROAD_00351", "road_id": "RN_ROAD_00351", "source_road_id": "RN_ROAD_00351", "road_class": "residential", "name": [ "Oval Path" ], "length_m": 9.6062056778494131, "sampling_status": "mapped", "sampling_method": "road_line_intersected_raster_cells_all_touched", "sampled_intervals": 6, "scenario_peak_max_depth_m": 0.01002410426735878, "scenario_peak_mean_depth_m": 0.01002410426735878, "scenario_peak_p90_depth_m": 0.01002410426735878, "scenario_peak_interval": "090_120", "scenario_max_fraction_gt_0_02m": 0.0, "scenario_max_fraction_gt_0_10m": 0.0, "scenario_max_fraction_gt_0_30m": 0.0, "flood_risk": "minimal", "flood_risk_rank": 0, "risk_policy": "prototype_depth_band_v1" }, "geometry": { "type": "LineString", "coordinates": [ [ 377499.413307997165248, 2046505.358359924051911 ], [ 377499.467684217495844, 2046495.752308146562427 ] ] } },
{ "type": "Feature", "properties": { "edge_id": "RN_ROAD_00384", "road_id": "RN_ROAD_00384", "source_road_id": "RN_ROAD_00384", "road_class": "residential", "name": [ "Navi Peth" ], "length_m": 166.71370209157016, "sampling_status": "mapped", "sampling_method": "road_line_intersected_raster_cells_all_touched", "sampled_intervals": 6, "scenario_peak_max_depth_m": 0.016663029789924622, "scenario_peak_mean_depth_m": 0.011921764972309271, "scenario_peak_p90_depth_m": 0.014910102821886539, "scenario_peak_interval": "090_120", "scenario_max_fraction_gt_0_02m": 0.0, "scenario_max_fraction_gt_0_10m": 0.0, "scenario_max_fraction_gt_0_30m": 0.0, "flood_risk": "minimal", "flood_risk_rank": 0, "risk_policy": "prototype_depth_band_v1" }, "geometry": { "type": "LineString", "coordinates": [ [ 377499.467684217495844, 2046495.752308146562427 ], [ 377666.087788253440522, 2046490.166666184552014 ] ] } },
{ "type": "Feature", "properties": { "edge_id": "RN_ROAD_00352", "road_id": "RN_ROAD_00352", "source_road_id": "RN_ROAD_00352", "road_class": "residential", "name": null, "length_m": 31.320340411873552, "sampling_status": "mapped", "sampling_method": "road_line_intersected_raster_cells_all_touched", "sampled_intervals": 6, "scenario_peak_max_depth_m": 0.01002410426735878, "scenario_peak_mean_depth_m": 0.0092227947898209095, "scenario_peak_p90_depth_m": 0.0098638423718512055, "scenario_peak_interval": "090_120", "scenario_max_fraction_gt_0_02m": 0.0, "scenario_max_fraction_gt_0_10m": 0.0, "scenario_max_fraction_gt_0_30m": 0.0, "flood_risk": "minimal", "flood_risk_rank": 0, "risk_policy": "prototype_depth_band_v1" }, "geometry": { "type": "LineString", "coordinates": [ [ 377468.104023244755808, 2046506.190472781891003 ], [ 377499.413307997165248, 2046505.358359924051911 ] ] } },
{ "type": "Feature", "properties": { "edge_id": "RN_ROAD_00353", "road_id": "RN_ROAD_00353", "source_road_id": "RN_ROAD_00353", "road_class": "residential", "name": [ "Oval Path" ], "length_m": 36.633397053544812, "sampling_status": "mapped", "sampling_method": "road_line_intersected_raster_cells_all_touched", "sampled_intervals": 6, "scenario_peak_max_depth_m": 0.016042167320847511, "scenario_peak_mean_depth_m": 0.013033135794103146, "scenario_peak_p90_depth_m": 0.015440361015498639, "scenario_peak_interval": "090_120", "scenario_max_fraction_gt_0_02m": 0.0, "scenario_max_fraction_gt_0_10m": 0.0, "scenario_max_fraction_gt_0_30m": 0.0, "flood_risk": "minimal", "flood_risk_rank": 0, "risk_policy": "prototype_depth_band_v1" }, "geometry": { "type": "LineString", "coordinates": [ [ 377499.413307997165248, 2046505.358359924051911 ], [ 377500.197792419814505, 2046541.983356359181926 ] ] } },
{ "type": "Feature", "properties": { "edge_id": "RN_ROAD_00388", "road_id": "RN_ROAD_00388", "source_road_id": "RN_ROAD_00388", "road_class": "residential", "name": [ "Oval Path" ], "length_m": 166.09193064713881, "sampling_status": "mapped", "sampling_method": "road_line_intersected_raster_cells_all_touched", "sampled_intervals": 6, "scenario_peak_max_depth_m": 0.01865684799849987, "scenario_peak_mean_depth_m": 0.01656437199562788, "scenario_peak_p90_depth_m": 0.018443871289491653, "scenario_peak_interval": "090_120", "scenario_max_fraction_gt_0_02m": 0.0, "scenario_max_fraction_gt_0_10m": 0.0, "scenario_max_fraction_gt_0_30m": 0.0, "flood_risk": "minimal", "flood_risk_rank": 0, "risk_policy": "prototype_depth_band_v1" }, "geometry": { "type": "LineString", "coordinates": [ [ 377500.197792419814505, 2046541.983356359181926 ], [ 377666.207435113028623, 2046536.755741323111579 ] ] } },
{ "type": "Feature", "properties": { "edge_id": "RN_ROAD_00634", "road_id": "RN_ROAD_00634", "source_road_id": "RN_ROAD_00634", "road_class": "residential", "name": null, "length_m": 37.778626945515647, "sampling_status": "mapped", "sampling_method": "road_line_intersected_raster_cells_all_touched", "sampled_intervals": 6, "scenario_peak_max_depth_m": 0.016042167320847511, "scenario_peak_mean_depth_m": 0.009979008076091608, "scenario_peak_p90_depth_m": 0.014256400149315595, "scenario_peak_interval": "090_120", "scenario_max_fraction_gt_0_02m": 0.0, "scenario_max_fraction_gt_0_10m": 0.0, "scenario_max_fraction_gt_0_30m": 0.0, "flood_risk": "minimal", "flood_risk_rank": 0, "risk_policy": "prototype_depth_band_v1" }, "geometry": { "type": "LineString", "coordinates": [ [ 377462.42664950247854, 2046542.735298249637708 ], [ 377500.197792419814505, 2046541.983356359181926 ] ] } },
{ "type": "Feature", "properties": { "edge_id": "RN_ROAD_00360", "road_id": "RN_ROAD_00360", "source_road_id": "RN_ROAD_00360", "road_class": "secondary", "name": [ "Anant Kanhere Path" ], "length_m": 30.835908769960856, "sampling_status": "mapped", "sampling_method": "road_line_intersected_raster_cells_all_touched", "sampled_intervals": 6, "scenario_peak_max_depth_m": 0.024379294365644455, "scenario_peak_mean_depth_m": 0.023480665870010853, "scenario_peak_p90_depth_m": 0.024199568666517735, "scenario_peak_interval": "090_120", "scenario_max_fraction_gt_0_02m": 1.0, "scenario_max_fraction_gt_0_10m": 0.0, "scenario_max_fraction_gt_0_30m": 0.0, "flood_risk": "low", "flood_risk_rank": 1, "risk_policy": "prototype_depth_band_v1" }, "geometry": { "type": "LineString", "coordinates": [ [ 377696.199171961401589, 2046442.520337586523965 ], [ 377665.401030058972538, 2046444.046025964664295 ] ] } },
{ "type": "Feature", "properties": { "edge_id": "RN_ROAD_00362", "road_id": "RN_ROAD_00362", "source_road_id": "RN_ROAD_00362", "road_class": "residential", "name": [ "Sant Tukaram Maharaj Road" ], "length_m": 46.125753014015864, "sampling_status": "mapped", "sampling_method": "road_line_intersected_raster_cells_all_touched", "sampled_intervals": 6, "scenario_peak_max_depth_m": 0.022582037374377251, "scenario_peak_mean_depth_m": 0.015661643507579964, "scenario_peak_p90_depth_m": 0.020697065070271491, "scenario_peak_interval": "090_120", "scenario_max_fraction_gt_0_02m": 0.33333333333333331, "scenario_max_fraction_gt_0_10m": 0.0, "scenario_max_fraction_gt_0_30m": 0.0, "flood_risk": "low", "flood_risk_rank": 1, "risk_policy": "prototype_depth_band_v1" }, "geometry": { "type": "LineString", "coordinates": [ [ 377666.087788253440522, 2046490.166666184552014 ], [ 377665.401030058972538, 2046444.046025964664295 ] ] } },
{ "type": "Feature", "properties": { "edge_id": "RN_ROAD_00358", "road_id": "RN_ROAD_00358", "source_road_id": "RN_ROAD_00358", "road_class": "secondary", "name": [ "Anant Kanhere Path" ], "length_m": 22.110405598021231, "sampling_status": "mapped", "sampling_method": "road_line_intersected_raster_cells_all_touched", "sampled_intervals": 6, "scenario_peak_max_depth_m": 0.056450769305229187, "scenario_peak_mean_depth_m": 0.038674777373671532, "scenario_peak_p90_depth_m": 0.052895570918917653, "scenario_peak_interval": "090_120", "scenario_max_fraction_gt_0_02m": 1.0, "scenario_max_fraction_gt_0_10m": 0.0, "scenario_max_fraction_gt_0_30m": 0.0, "flood_risk": "low", "flood_risk_rank": 1, "risk_policy": "prototype_depth_band_v1" }, "geometry": { "type": "LineString", "coordinates": [ [ 377744.445174189284444, 2046440.318351428024471 ], [ 377722.353311797778588, 2046441.223697651177645 ] ] } },
{ "type": "Feature", "properties": { "edge_id": "RN_ROAD_00363", "road_id": "RN_ROAD_00363", "source_road_id": "RN_ROAD_00363", "road_class": "residential", "name": null, "length_m": 76.735836583156711, "sampling_status": "mapped", "sampling_method": "road_line_intersected_raster_cells_all_touched", "sampled_intervals": 6, "scenario_peak_max_depth_m": 0.073022961616516113, "scenario_peak_mean_depth_m": 0.052220615558326244, "scenario_peak_p90_depth_m": 0.068051303923130038, "scenario_peak_interval": "090_120", "scenario_max_fraction_gt_0_02m": 1.0, "scenario_max_fraction_gt_0_10m": 0.0, "scenario_max_fraction_gt_0_30m": 0.0, "flood_risk": "low", "flood_risk_rank": 1, "risk_policy": "prototype_depth_band_v1" }, "geometry": { "type": "LineString", "coordinates": [ [ 377744.314626139530446, 2046517.054076962638646 ], [ 377744.445174189284444, 2046440.318351428024471 ] ] } },
{ "type": "Feature", "properties": { "edge_id": "RN_ROAD_00372", "road_id": "RN_ROAD_00372", "source_road_id": "RN_ROAD_00372", "road_class": "secondary", "name": [ "Anant Kanhere Path" ], "length_m": 22.976383689762049, "sampling_status": "mapped", "sampling_method": "road_line_intersected_raster_cells_all_touched", "sampled_intervals": 6, "scenario_peak_max_depth_m": 0.058736547827720642, "scenario_peak_mean_depth_m": 0.057593658566474915, "scenario_peak_p90_depth_m": 0.058507969975471495, "scenario_peak_interval": "090_120", "scenario_max_fraction_gt_0_02m": 1.0, "scenario_max_fraction_gt_0_10m": 0.0, "scenario_max_fraction_gt_0_30m": 0.0, "flood_risk": "low", "flood_risk_rank": 1, "risk_policy": "prototype_depth_band_v1" }, "geometry": { "type": "LineString", "coordinates": [ [ 377744.445174189284444, 2046440.318351428024471 ], [ 377767.402606690418907, 2046439.385345310671255 ] ] } },
{ "type": "Feature", "properties": { "edge_id": "RN_ROAD_00359", "road_id": "RN_ROAD_00359", "source_road_id": "RN_ROAD_00359", "road_class": "secondary", "name": [ "Anant Kanhere Path" ], "length_m": 26.186261774119217, "sampling_status": "mapped", "sampling_method": "road_line_intersected_raster_cells_all_touched", "sampled_intervals": 6, "scenario_peak_max_depth_m": 0.024379294365644455, "scenario_peak_mean_depth_m": 0.022639039903879166, "scenario_peak_p90_depth_m": 0.024031243473291396, "scenario_peak_interval": "090_120", "scenario_max_fraction_gt_0_02m": 1.0, "scenario_max_fraction_gt_0_10m": 0.0, "scenario_max_fraction_gt_0_30m": 0.0, "flood_risk": "low", "flood_risk_rank": 1, "risk_policy": "prototype_depth_band_v1" }, "geometry": { "type": "LineString", "coordinates": [ [ 377696.199171961401589, 2046442.520337586523965 ], [ 377722.353311797778588, 2046441.223697651177645 ] ] } },
{ "type": "Feature", "properties": { "edge_id": "RN_ROAD_00385", "road_id": "RN_ROAD_00385", "source_road_id": "RN_ROAD_00385", "road_class": "residential", "name": [ "Bapu Eliya Ranbhise Path" ], "length_m": 114.74911845768395, "sampling_status": "mapped", "sampling_method": "road_line_intersected_raster_cells_all_touched", "sampled_intervals": 6, "scenario_peak_max_depth_m": 0.059352964162826538, "scenario_peak_mean_depth_m": 0.025466662459075452, "scenario_peak_p90_depth_m": 0.045016620308160782, "scenario_peak_interval": "090_120", "scenario_max_fraction_gt_0_02m": 0.6, "scenario_max_fraction_gt_0_10m": 0.0, "scenario_max_fraction_gt_0_30m": 0.0, "flood_risk": "low", "flood_risk_rank": 1, "risk_policy": "prototype_depth_band_v1" }, "geometry": { "type": "LineString", "coordinates": [ [ 377722.22398253006395, 2046555.972743227845058 ], [ 377722.353311797778588, 2046441.223697651177645 ] ] } },
{ "type": "Feature", "properties": { "edge_id": "RN_ROAD_00386", "road_id": "RN_ROAD_00386", "source_road_id": "RN_ROAD_00386", "road_class": "residential", "name": null, "length_m": 113.75327527325297, "sampling_status": "mapped", "sampling_method": "road_line_intersected_raster_cells_all_touched", "sampled_intervals": 6, "scenario_peak_max_depth_m": 0.029234105721116066, "scenario_peak_mean_depth_m": 0.021493432205170394, "scenario_peak_p90_depth_m": 0.028823788836598398, "scenario_peak_interval": "090_120", "scenario_max_fraction_gt_0_02m": 0.6, "scenario_max_fraction_gt_0_10m": 0.0, "scenario_max_fraction_gt_0_30m": 0.0, "flood_risk": "low", "flood_risk_rank": 1, "risk_policy": "prototype_depth_band_v1" }, "geometry": { "type": "LineString", "coordinates": [ [ 377696.199171961401589, 2046442.520337586523965 ], [ 377696.053050170768984, 2046556.27351900935173 ] ] } },
{ "type": "Feature", "properties": { "edge_id": "RN_ROAD_00387", "road_id": "RN_ROAD_00387", "source_road_id": "RN_ROAD_00387", "road_class": "residential", "name": [ "Sant Tukaram Maharaj Road" ], "length_m": 46.589228772725548, "sampling_status": "mapped", "sampling_method": "road_line_intersected_raster_cells_all_touched", "sampled_intervals": 6, "scenario_peak_max_depth_m": 0.015960369259119034, "scenario_peak_mean_depth_m": 0.014558772556483746, "scenario_peak_p90_depth_m": 0.015680049918591975, "scenario_peak_interval": "090_120", "scenario_max_fraction_gt_0_02m": 0.0, "scenario_max_fraction_gt_0_10m": 0.0, "scenario_max_fraction_gt_0_30m": 0.0, "flood_risk": "minimal", "flood_risk_rank": 0, "risk_policy": "prototype_depth_band_v1" }, "geometry": { "type": "LineString", "coordinates": [ [ 377666.207435113028623, 2046536.755741323111579 ], [ 377666.087788253440522, 2046490.166666184552014 ] ] } },
{ "type": "Feature", "properties": { "edge_id": "RN_ROAD_00368", "road_id": "RN_ROAD_00368", "source_road_id": "RN_ROAD_00368", "road_class": "secondary", "name": [ "Anant Kanhere Path" ], "length_m": 31.224310180412331, "sampling_status": "mapped", "sampling_method": "road_line_intersected_raster_cells_all_touched", "sampled_intervals": 6, "scenario_peak_max_depth_m": 0.03088834322988987, "scenario_peak_mean_depth_m": 0.022992468904703856, "scenario_peak_p90_depth_m": 0.029309168364852665, "scenario_peak_interval": "090_120", "scenario_max_fraction_gt_0_02m": 0.5, "scenario_max_fraction_gt_0_10m": 0.0, "scenario_max_fraction_gt_0_30m": 0.0, "flood_risk": "low", "flood_risk_rank": 1, "risk_policy": "prototype_depth_band_v1" }, "geometry": { "type": "LineString", "coordinates": [ [ 377854.7300529073691, 2046436.578843392431736 ], [ 377858.994698269409128, 2046436.462973827961832 ], [ 377885.931584388192277, 2046435.393937660148367 ] ] } },
{ "type": "Feature", "properties": { "edge_id": "RN_ROAD_00425", "road_id": "RN_ROAD_00425", "source_road_id": "RN_ROAD_00425", "road_class": "secondary", "name": [ "Anant Kanhere Path" ], "length_m": 46.783947684554512, "sampling_status": "mapped", "sampling_method": "road_line_intersected_raster_cells_all_touched", "sampled_intervals": 6, "scenario_peak_max_depth_m": 0.032870423048734665, "scenario_peak_mean_depth_m": 0.023983508814126253, "scenario_peak_p90_depth_m": 0.031093040201812982, "scenario_peak_interval": "090_120", "scenario_max_fraction_gt_0_02m": 0.5, "scenario_max_fraction_gt_0_10m": 0.0, "scenario_max_fraction_gt_0_30m": 0.0, "flood_risk": "low", "flood_risk_rank": 1, "risk_policy": "prototype_depth_band_v1" }, "geometry": { "type": "LineString", "coordinates": [ [ 377932.590449471841566, 2046437.595986650325358 ], [ 377912.590013879351318, 2046435.355904811294749 ], [ 377885.931584388192277, 2046435.393937660148367 ] ] } },
{ "type": "Feature", "properties": { "edge_id": "RN_ROAD_00428", "road_id": "RN_ROAD_00428", "source_road_id": "RN_ROAD_00428", "road_class": "residential", "name": null, "length_m": 44.762952011035509, "sampling_status": "mapped", "sampling_method": "road_line_intersected_raster_cells_all_touched", "sampled_intervals": 6, "scenario_peak_max_depth_m": 0.031776055693626404, "scenario_peak_mean_depth_m": 0.023436325136572123, "scenario_peak_p90_depth_m": 0.030108109582215548, "scenario_peak_interval": "090_120", "scenario_max_fraction_gt_0_02m": 0.5, "scenario_max_fraction_gt_0_10m": 0.0, "scenario_max_fraction_gt_0_30m": 0.0, "flood_risk": "low", "flood_risk_rank": 1, "risk_policy": "prototype_depth_band_v1" }, "geometry": { "type": "LineString", "coordinates": [ [ 377886.271246116317343, 2046480.155600974336267 ], [ 377885.931584388192277, 2046435.393937660148367 ] ] } },
{ "type": "Feature", "properties": { "edge_id": "RN_ROAD_00370", "road_id": "RN_ROAD_00370", "source_road_id": "RN_ROAD_00370", "road_class": "secondary", "name": [ "Anant Kanhere Path" ], "length_m": 43.970024131053442, "sampling_status": "mapped", "sampling_method": "road_line_intersected_raster_cells_all_touched", "sampled_intervals": 6, "scenario_peak_max_depth_m": 0.06939985603094101, "scenario_peak_mean_depth_m": 0.064068201929330826, "scenario_peak_p90_depth_m": 0.068333525210618973, "scenario_peak_interval": "090_120", "scenario_max_fraction_gt_0_02m": 1.0, "scenario_max_fraction_gt_0_10m": 0.0, "scenario_max_fraction_gt_0_30m": 0.0, "flood_risk": "low", "flood_risk_rank": 1, "risk_policy": "prototype_depth_band_v1" }, "geometry": { "type": "LineString", "coordinates": [ [ 377817.192698985687457, 2046437.594164589419961 ], [ 377773.25016109587159, 2046439.148637454258278 ] ] } },
{ "type": "Feature", "properties": { "edge_id": "RN_ROAD_00371", "road_id": "RN_ROAD_00371", "source_road_id": "RN_ROAD_00371", "road_class": "secondary", "name": [ "Anant Kanhere Path" ], "length_m": 5.8523433882519837, "sampling_status": "mapped", "sampling_method": "road_line_intersected_raster_cells_all_touched", "sampled_intervals": 6, "scenario_peak_max_depth_m": 0.058736547827720642, "scenario_peak_mean_depth_m": 0.058736547827720642, "scenario_peak_p90_depth_m": 0.058736547827720642, "scenario_peak_interval": "090_120", "scenario_max_fraction_gt_0_02m": 1.0, "scenario_max_fraction_gt_0_10m": 0.0, "scenario_max_fraction_gt_0_30m": 0.0, "flood_risk": "low", "flood_risk_rank": 1, "risk_policy": "prototype_depth_band_v1" }, "geometry": { "type": "LineString", "coordinates": [ [ 377767.402606690418907, 2046439.385345310671255 ], [ 377773.25016109587159, 2046439.148637454258278 ] ] } },
{ "type": "Feature", "properties": { "edge_id": "RN_ROAD_00369", "road_id": "RN_ROAD_00369", "source_road_id": "RN_ROAD_00369", "road_class": "secondary", "name": [ "Anant Kanhere Path" ], "length_m": 37.551082761681343, "sampling_status": "mapped", "sampling_method": "road_line_intersected_raster_cells_all_touched", "sampled_intervals": 6, "scenario_peak_max_depth_m": 0.06939985603094101, "scenario_peak_mean_depth_m": 0.0478540180871884, "scenario_peak_p90_depth_m": 0.064174655824899673, "scenario_peak_interval": "090_120", "scenario_max_fraction_gt_0_02m": 1.0, "scenario_max_fraction_gt_0_10m": 0.0, "scenario_max_fraction_gt_0_30m": 0.0, "flood_risk": "low", "flood_risk_rank": 1, "risk_policy": "prototype_depth_band_v1" }, "geometry": { "type": "LineString", "coordinates": [ [ 377854.7300529073691, 2046436.578843392431736 ], [ 377817.192698985687457, 2046437.594164589419961 ] ] } },
{ "type": "Feature", "properties": { "edge_id": "RN_ROAD_00373", "road_id": "RN_ROAD_00373", "source_road_id": "RN_ROAD_00373", "road_class": "residential", "name": null, "length_m": 57.621900115619091, "sampling_status": "mapped", "sampling_method": "road_line_intersected_raster_cells_all_touched", "sampled_intervals": 6, "scenario_peak_max_depth_m": 0.051641225814819336, "scenario_peak_mean_depth_m": 0.034038670361042023, "scenario_peak_p90_depth_m": 0.047490649297833441, "scenario_peak_interval": "090_120", "scenario_max_fraction_gt_0_02m": 0.66666666666666663, "scenario_max_fraction_gt_0_10m": 0.0, "scenario_max_fraction_gt_0_30m": 0.0, "flood_risk": "low", "flood_risk_rank": 1, "risk_policy": "prototype_depth_band_v1" }, "geometry": { "type": "LineString", "coordinates": [ [ 377856.229006744979415, 2046494.181243605678901 ], [ 377854.7300529073691, 2046436.578843392431736 ] ] } },
{ "type": "Feature", "properties": { "edge_id": "RN_ROAD_00375", "road_id": "RN_ROAD_00375", "source_road_id": "RN_ROAD_00375", "road_class": "residential", "name": [ "Dattatrey Malvadkar Path" ], "length_m": 103.95219945977442, "sampling_status": "mapped", "sampling_method": "road_line_intersected_raster_cells_all_touched", "sampled_intervals": 6, "scenario_peak_max_depth_m": 0.06939985603094101, "scenario_peak_mean_depth_m": 0.042723090853542089, "scenario_peak_p90_depth_m": 0.065279215201735505, "scenario_peak_interval": "090_120", "scenario_max_fraction_gt_0_02m": 0.75, "scenario_max_fraction_gt_0_10m": 0.0, "scenario_max_fraction_gt_0_30m": 0.0, "flood_risk": "low", "flood_risk_rank": 1, "risk_policy": "prototype_depth_band_v1" }, "geometry": { "type": "LineString", "coordinates": [ [ 377821.458961782744154, 2046541.458782117580995 ], [ 377817.192698985687457, 2046437.594164589419961 ] ] } },
{ "type": "Feature", "properties": { "edge_id": "RN_ROAD_00374", "road_id": "RN_ROAD_00374", "source_road_id": "RN_ROAD_00374", "road_class": "residential", "name": [ "Bala Raut Path" ], "length_m": 100.86042901901577, "sampling_status": "mapped", "sampling_method": "road_line_intersected_raster_cells_all_touched", "sampled_intervals": 6, "scenario_peak_max_depth_m": 0.060890372842550278, "scenario_peak_mean_depth_m": 0.05071895569562912, "scenario_peak_p90_depth_m": 0.060244225338101386, "scenario_peak_interval": "090_120", "scenario_max_fraction_gt_0_02m": 1.0, "scenario_max_fraction_gt_0_10m": 0.0, "scenario_max_fraction_gt_0_30m": 0.0, "flood_risk": "low", "flood_risk_rank": 1, "risk_policy": "prototype_depth_band_v1" }, "geometry": { "type": "LineString", "coordinates": [ [ 377767.402606690418907, 2046439.385345310671255 ], [ 377767.913060384453274, 2046469.582458324031904 ], [ 377767.057149208034389, 2046540.236276139505208 ] ] } },
{ "type": "Feature", "properties": { "edge_id": "RN_ROAD_00377", "road_id": "RN_ROAD_00377", "source_road_id": "RN_ROAD_00377", "road_class": "residential", "name": null, "length_m": 54.415546788397528, "sampling_status": "mapped", "sampling_method": "road_line_intersected_raster_cells_all_touched", "sampled_intervals": 6, "scenario_peak_max_depth_m": 0.035935740917921066, "scenario_peak_mean_depth_m": 0.026270936243236065, "scenario_peak_p90_depth_m": 0.034002779982984066, "scenario_peak_interval": "090_120", "scenario_max_fraction_gt_0_02m": 0.5, "scenario_max_fraction_gt_0_10m": 0.0, "scenario_max_fraction_gt_0_30m": 0.0, "flood_risk": "low", "flood_risk_rank": 1, "risk_policy": "prototype_depth_band_v1" }, "geometry": { "type": "LineString", "coordinates": [ [ 377821.458961782744154, 2046541.458782117580995 ], [ 377767.057149208034389, 2046540.236276139505208 ] ] } },
{ "type": "Feature", "properties": { "edge_id": "RN_ROAD_00378", "road_id": "RN_ROAD_00378", "source_road_id": "RN_ROAD_00378", "road_class": "residential", "name": [ "Bala Raut Path" ], "length_m": 17.258893866828569, "sampling_status": "mapped", "sampling_method": "road_line_intersected_raster_cells_all_touched", "sampled_intervals": 6, "scenario_peak_max_depth_m": 0.035935740917921066, "scenario_peak_mean_depth_m": 0.029459258541464806, "scenario_peak_p90_depth_m": 0.034640444442629814, "scenario_peak_interval": "090_120", "scenario_max_fraction_gt_0_02m": 1.0, "scenario_max_fraction_gt_0_10m": 0.0, "scenario_max_fraction_gt_0_30m": 0.0, "flood_risk": "low", "flood_risk_rank": 1, "risk_policy": "prototype_depth_band_v1" }, "geometry": { "type": "LineString", "coordinates": [ [ 377766.386509613541421, 2046557.48213535384275 ], [ 377767.057149208034389, 2046540.236276139505208 ] ] } },
{ "type": "Feature", "properties": { "edge_id": "RN_ROAD_00379", "road_id": "RN_ROAD_00379", "source_road_id": "RN_ROAD_00379", "road_class": "residential", "name": [ "Dattatrey Malvadkar Path" ], "length_m": 64.528602599134928, "sampling_status": "mapped", "sampling_method": "road_line_intersected_raster_cells_all_touched", "sampled_intervals": 6, "scenario_peak_max_depth_m": 0.016606131568551064, "scenario_peak_mean_depth_m": 0.013695401605218649, "scenario_peak_p90_depth_m": 0.016408445499837398, "scenario_peak_interval": "090_120", "scenario_max_fraction_gt_0_02m": 0.0, "scenario_max_fraction_gt_0_10m": 0.0, "scenario_max_fraction_gt_0_30m": 0.0, "flood_risk": "minimal", "flood_risk_rank": 0, "risk_policy": "prototype_depth_band_v1" }, "geometry": { "type": "LineString", "coordinates": [ [ 377825.672685861587524, 2046605.849659443367273 ], [ 377821.458961782744154, 2046541.458782117580995 ] ] } },
{ "type": "Feature", "properties": { "edge_id": "RN_ROAD_00376", "road_id": "RN_ROAD_00376", "source_road_id": "RN_ROAD_00376", "road_class": "residential", "name": null, "length_m": 33.303899479019869, "sampling_status": "mapped", "sampling_method": "road_line_intersected_raster_cells_all_touched", "sampled_intervals": 6, "scenario_peak_max_depth_m": 0.031776055693626404, "scenario_peak_mean_depth_m": 0.029162977822124958, "scenario_peak_p90_depth_m": 0.031253440119326112, "scenario_peak_interval": "090_120", "scenario_max_fraction_gt_0_02m": 1.0, "scenario_max_fraction_gt_0_10m": 0.0, "scenario_max_fraction_gt_0_30m": 0.0, "flood_risk": "low", "flood_risk_rank": 1, "risk_policy": "prototype_depth_band_v1" }, "geometry": { "type": "LineString", "coordinates": [ [ 377883.474936501297634, 2046513.339711777633056 ], [ 377885.058305493264925, 2046496.818401068914682 ], [ 377886.271246116317343, 2046480.155600974336267 ] ] } },
{ "type": "Feature", "properties": { "edge_id": "RN_ROAD_00432", "road_id": "RN_ROAD_00432", "source_road_id": "RN_ROAD_00432", "road_class": "residential", "name": null, "length_m": 44.584971880284272, "sampling_status": "mapped", "sampling_method": "road_line_intersected_raster_cells_all_touched", "sampled_intervals": 6, "scenario_peak_max_depth_m": 0.031776055693626404, "scenario_peak_mean_depth_m": 0.025376446545124054, "scenario_peak_p90_depth_m": 0.030496133863925932, "scenario_peak_interval": "090_120", "scenario_max_fraction_gt_0_02m": 0.5, "scenario_max_fraction_gt_0_10m": 0.0, "scenario_max_fraction_gt_0_30m": 0.0, "flood_risk": "low", "flood_risk_rank": 1, "risk_policy": "prototype_depth_band_v1" }, "geometry": { "type": "LineString", "coordinates": [ [ 377930.854997095710132, 2046479.825652230996639 ], [ 377886.271246116317343, 2046480.155600974336267 ] ] } },
{ "type": "Feature", "properties": { "edge_id": "RN_ROAD_00380", "road_id": "RN_ROAD_00380", "source_road_id": "RN_ROAD_00380", "road_class": "residential", "name": [ "Bala Raut Path" ], "length_m": 50.218982465641943, "sampling_status": "mapped", "sampling_method": "road_line_intersected_raster_cells_all_touched", "sampled_intervals": 6, "scenario_peak_max_depth_m": 0.022982776165008545, "scenario_peak_mean_depth_m": 0.011219217131535212, "scenario_peak_p90_depth_m": 0.019725783821195365, "scenario_peak_interval": "090_120", "scenario_max_fraction_gt_0_02m": 0.33333333333333331, "scenario_max_fraction_gt_0_10m": 0.0, "scenario_max_fraction_gt_0_30m": 0.0, "flood_risk": "low", "flood_risk_rank": 1, "risk_policy": "prototype_depth_band_v1" }, "geometry": { "type": "LineString", "coordinates": [ [ 377764.343479387520347, 2046607.659542893292382 ], [ 377766.386509613541421, 2046557.48213535384275 ] ] } },
{ "type": "Feature", "properties": { "edge_id": "RN_ROAD_00392", "road_id": "RN_ROAD_00392", "source_road_id": "RN_ROAD_00392", "road_class": "residential", "name": null, "length_m": 44.188313647263179, "sampling_status": "mapped", "sampling_method": "road_line_intersected_raster_cells_all_touched", "sampled_intervals": 6, "scenario_peak_max_depth_m": 0.022982776165008545, "scenario_peak_mean_depth_m": 0.016787188438077767, "scenario_peak_p90_depth_m": 0.022187047079205512, "scenario_peak_interval": "090_120", "scenario_max_fraction_gt_0_02m": 0.33333333333333331, "scenario_max_fraction_gt_0_10m": 0.0, "scenario_max_fraction_gt_0_30m": 0.0, "flood_risk": "low", "flood_risk_rank": 1, "risk_policy": "prototype_depth_band_v1" }, "geometry": { "type": "LineString", "coordinates": [ [ 377766.386509613541421, 2046557.48213535384275 ], [ 377722.22398253006395, 2046555.972743227845058 ] ] } },
{ "type": "Feature", "properties": { "edge_id": "RN_ROAD_00381", "road_id": "RN_ROAD_00381", "source_road_id": "RN_ROAD_00381", "road_class": "residential", "name": null, "length_m": 61.355906356609843, "sampling_status": "mapped", "sampling_method": "road_line_intersected_raster_cells_all_touched", "sampled_intervals": 6, "scenario_peak_max_depth_m": 0.014877021312713623, "scenario_peak_mean_depth_m": 0.009712602011859417, "scenario_peak_p90_depth_m": 0.014403468370437622, "scenario_peak_interval": "090_120", "scenario_max_fraction_gt_0_02m": 0.0, "scenario_max_fraction_gt_0_10m": 0.0, "scenario_max_fraction_gt_0_30m": 0.0, "flood_risk": "minimal", "flood_risk_rank": 0, "risk_policy": "prototype_depth_band_v1" }, "geometry": { "type": "LineString", "coordinates": [ [ 377764.343479387520347, 2046607.659542893292382 ], [ 377825.672685861587524, 2046605.849659443367273 ] ] } },
{ "type": "Feature", "properties": { "edge_id": "RN_ROAD_00382", "road_id": "RN_ROAD_00382", "source_road_id": "RN_ROAD_00382", "road_class": "residential", "name": [ "Dattatrey Malvadkar Path" ], "length_m": 12.588276999794445, "sampling_status": "mapped", "sampling_method": "road_line_intersected_raster_cells_all_touched", "sampled_intervals": 6, "scenario_peak_max_depth_m": 0.013298511505126953, "scenario_peak_mean_depth_m": 0.0089935571886599064, "scenario_peak_p90_depth_m": 0.012437520641833543, "scenario_peak_interval": "090_120", "scenario_max_fraction_gt_0_02m": 0.0, "scenario_max_fraction_gt_0_10m": 0.0, "scenario_max_fraction_gt_0_30m": 0.0, "flood_risk": "minimal", "flood_risk_rank": 0, "risk_policy": "prototype_depth_band_v1" }, "geometry": { "type": "LineString", "coordinates": [ [ 377825.672685861587524, 2046605.849659443367273 ], [ 377825.098742044647224, 2046618.42484557791613 ] ] } },
{ "type": "Feature", "properties": { "edge_id": "RN_ROAD_00625", "road_id": "RN_ROAD_00625", "source_road_id": "RN_ROAD_00625", "road_class": "residential", "name": [ "Bala Raut Path" ], "length_m": 169.33262027577143, "sampling_status": "mapped", "sampling_method": "road_line_intersected_raster_cells_all_touched", "sampled_intervals": 6, "scenario_peak_max_depth_m": 0.064919993281364441, "scenario_peak_mean_depth_m": 0.022675112488546541, "scenario_peak_p90_depth_m": 0.041721423342823999, "scenario_peak_interval": "090_120", "scenario_max_fraction_gt_0_02m": 0.42857142857142855, "scenario_max_fraction_gt_0_10m": 0.0, "scenario_max_fraction_gt_0_30m": 0.0, "flood_risk": "low", "flood_risk_rank": 1, "risk_policy": "prototype_depth_band_v1" }, "geometry": { "type": "LineString", "coordinates": [ [ 377764.343479387520347, 2046607.659542893292382 ], [ 377762.172181432426441, 2046713.535317244939506 ], [ 377761.248885298264213, 2046776.963181359693408 ] ] } },
{ "type": "Feature", "properties": { "edge_id": "RN_ROAD_00383", "road_id": "RN_ROAD_00383", "source_road_id": "RN_ROAD_00383", "road_class": "residential", "name": [ "Dattatrey Malvadkar Path" ], "length_m": 34.971618717143997, "sampling_status": "mapped", "sampling_method": "road_line_intersected_raster_cells_all_touched", "sampled_intervals": 6, "scenario_peak_max_depth_m": 0.0085405874997377396, "scenario_peak_mean_depth_m": 0.0066145951859652996, "scenario_peak_p90_depth_m": 0.0081553890369832523, "scenario_peak_interval": "090_120", "scenario_max_fraction_gt_0_02m": 0.0, "scenario_max_fraction_gt_0_10m": 0.0, "scenario_max_fraction_gt_0_30m": 0.0, "flood_risk": "minimal", "flood_risk_rank": 0, "risk_policy": "prototype_depth_band_v1" }, "geometry": { "type": "LineString", "coordinates": [ [ 377825.65026187361218, 2046653.391343050869182 ], [ 377825.499530243338086, 2046636.471682206960395 ], [ 377825.098742044647224, 2046618.42484557791613 ] ] } },
{ "type": "Feature", "properties": { "edge_id": "RN_ROAD_00469", "road_id": "RN_ROAD_00469", "source_road_id": "RN_ROAD_00469", "road_class": "residential", "name": [ "M. K. Hardikar Path" ], "length_m": 188.1514134905197, "sampling_status": "mapped", "sampling_method": "road_line_intersected_raster_cells_all_touched", "sampled_intervals": 6, "scenario_peak_max_depth_m": 0.027050912380218506, "scenario_peak_mean_depth_m": 0.008752033314002412, "scenario_peak_p90_depth_m": 0.016991298645734794, "scenario_peak_interval": "090_120", "scenario_max_fraction_gt_0_02m": 0.14285714285714285, "scenario_max_fraction_gt_0_10m": 0.0, "scenario_max_fraction_gt_0_30m": 0.0, "flood_risk": "low", "flood_risk_rank": 1, "risk_policy": "prototype_depth_band_v1" }, "geometry": { "type": "LineString", "coordinates": [ [ 378012.813757536117919, 2046631.232162139844149 ], [ 377825.098742044647224, 2046618.42484557791613 ] ] } },
{ "type": "Feature", "properties": { "edge_id": "RN_ROAD_00472", "road_id": "RN_ROAD_00472", "source_road_id": "RN_ROAD_00472", "road_class": "residential", "name": [ "Nanasaheb Shendkar Path" ], "length_m": 180.15976327610346, "sampling_status": "mapped", "sampling_method": "road_line_intersected_raster_cells_all_touched", "sampled_intervals": 6, "scenario_peak_max_depth_m": 0.023988112807273865, "scenario_peak_mean_depth_m": 0.013165588091526712, "scenario_peak_p90_depth_m": 0.018965476937592034, "scenario_peak_interval": "090_120", "scenario_max_fraction_gt_0_02m": 0.14285714285714285, "scenario_max_fraction_gt_0_10m": 0.0, "scenario_max_fraction_gt_0_30m": 0.0, "flood_risk": "low", "flood_risk_rank": 1, "risk_policy": "prototype_depth_band_v1" }, "geometry": { "type": "LineString", "coordinates": [ [ 378005.673459456302226, 2046660.404804064892232 ], [ 378000.308777449768968, 2046660.195694309426472 ], [ 377825.65026187361218, 2046653.391343050869182 ] ] } },
{ "type": "Feature", "properties": { "edge_id": "RN_ROAD_00624", "road_id": "RN_ROAD_00624", "source_road_id": "RN_ROAD_00624", "road_class": "residential", "name": [ "Dattatrey Malvadkar Path" ], "length_m": 15.360988617277298, "sampling_status": "mapped", "sampling_method": "road_line_intersected_raster_cells_all_touched", "sampled_intervals": 6, "scenario_peak_max_depth_m": 0.0085405874997377396, "scenario_peak_mean_depth_m": 0.0068861779291182756, "scenario_peak_p90_depth_m": 0.0082097055856138468, "scenario_peak_interval": "090_120", "scenario_max_fraction_gt_0_02m": 0.0, "scenario_max_fraction_gt_0_10m": 0.0, "scenario_max_fraction_gt_0_30m": 0.0, "flood_risk": "minimal", "flood_risk_rank": 0, "risk_policy": "prototype_depth_band_v1" }, "geometry": { "type": "LineString", "coordinates": [ [ 377825.56928449193947, 2046668.752118225442246 ], [ 377825.65026187361218, 2046653.391343050869182 ] ] } },
{ "type": "Feature", "properties": { "edge_id": "RN_ROAD_00390", "road_id": "RN_ROAD_00390", "source_road_id": "RN_ROAD_00390", "road_class": "residential", "name": null, "length_m": 26.172660671500964, "sampling_status": "mapped", "sampling_method": "road_line_intersected_raster_cells_all_touched", "sampled_intervals": 6, "scenario_peak_max_depth_m": 0.0083746584132313728, "scenario_peak_mean_depth_m": 0.0070434755180031061, "scenario_peak_p90_depth_m": 0.0081084218341857198, "scenario_peak_interval": "090_120", "scenario_max_fraction_gt_0_02m": 0.0, "scenario_max_fraction_gt_0_10m": 0.0, "scenario_max_fraction_gt_0_30m": 0.0, "flood_risk": "minimal", "flood_risk_rank": 0, "risk_policy": "prototype_depth_band_v1" }, "geometry": { "type": "LineString", "coordinates": [ [ 377696.053050170768984, 2046556.27351900935173 ], [ 377722.22398253006395, 2046555.972743227845058 ] ] } },
{ "type": "Feature", "properties": { "edge_id": "RN_ROAD_00393", "road_id": "RN_ROAD_00393", "source_road_id": "RN_ROAD_00393", "road_class": "residential", "name": null, "length_m": 220.02800234651528, "sampling_status": "mapped", "sampling_method": "road_line_intersected_raster_cells_all_touched", "sampled_intervals": 6, "scenario_peak_max_depth_m": 0.035640373826026917, "scenario_peak_mean_depth_m": 0.015016932273283601, "scenario_peak_p90_depth_m": 0.030205640010535717, "scenario_peak_interval": "090_120", "scenario_max_fraction_gt_0_02m": 0.375, "scenario_max_fraction_gt_0_10m": 0.0, "scenario_max_fraction_gt_0_30m": 0.0, "flood_risk": "low", "flood_risk_rank": 1, "risk_policy": "prototype_depth_band_v1" }, "geometry": { "type": "LineString", "coordinates": [ [ 377714.829951788298786, 2046775.833510478725657 ], [ 377716.959501556179021, 2046665.144060162128881 ], [ 377718.806955706328154, 2046609.191194155951962 ], [ 377721.234748984628823, 2046577.857502438127995 ], [ 377722.22398253006395, 2046555.972743227845058 ] ] } },
{ "type": "Feature", "properties": { "edge_id": "RN_ROAD_00391", "road_id": "RN_ROAD_00391", "source_road_id": "RN_ROAD_00391", "road_class": "residential", "name": null, "length_m": 29.66736049448955, "sampling_status": "mapped", "sampling_method": "road_line_intersected_raster_cells_all_touched", "sampled_intervals": 6, "scenario_peak_max_depth_m": 0.011225255206227303, "scenario_peak_mean_depth_m": 0.008468773914501071, "scenario_peak_p90_depth_m": 0.010673958947882057, "scenario_peak_interval": "090_120", "scenario_max_fraction_gt_0_02m": 0.0, "scenario_max_fraction_gt_0_10m": 0.0, "scenario_max_fraction_gt_0_30m": 0.0, "flood_risk": "minimal", "flood_risk_rank": 0, "risk_policy": "prototype_depth_band_v1" }, "geometry": { "type": "LineString", "coordinates": [ [ 377696.053050170768984, 2046556.27351900935173 ], [ 377666.38783106819028, 2046556.629965787986293 ] ] } },
{ "type": "Feature", "properties": { "edge_id": "RN_ROAD_00389", "road_id": "RN_ROAD_00389", "source_road_id": "RN_ROAD_00389", "road_class": "residential", "name": [ "Sant Tukaram Maharaj Road" ], "length_m": 19.875043164251579, "sampling_status": "mapped", "sampling_method": "road_line_intersected_raster_cells_all_touched", "sampled_intervals": 6, "scenario_peak_max_depth_m": 0.015960369259119034, "scenario_peak_mean_depth_m": 0.013592812232673168, "scenario_peak_p90_depth_m": 0.015486857853829861, "scenario_peak_interval": "090_120", "scenario_max_fraction_gt_0_02m": 0.0, "scenario_max_fraction_gt_0_10m": 0.0, "scenario_max_fraction_gt_0_30m": 0.0, "flood_risk": "minimal", "flood_risk_rank": 0, "risk_policy": "prototype_depth_band_v1" }, "geometry": { "type": "LineString", "coordinates": [ [ 377666.38783106819028, 2046556.629965787986293 ], [ 377666.207435113028623, 2046536.755741323111579 ] ] } },
{ "type": "Feature", "properties": { "edge_id": "RN_ROAD_00622", "road_id": "RN_ROAD_00622", "source_road_id": "RN_ROAD_00622", "road_class": "residential", "name": [ "Sant Tukaram Maharaj Road" ], "length_m": 265.58317566014392, "sampling_status": "mapped", "sampling_method": "road_line_intersected_raster_cells_all_touched", "sampled_intervals": 6, "scenario_peak_max_depth_m": 0.035640373826026917, "scenario_peak_mean_depth_m": 0.016491809766739605, "scenario_peak_p90_depth_m": 0.028374653495848175, "scenario_peak_interval": "090_120", "scenario_max_fraction_gt_0_02m": 0.4, "scenario_max_fraction_gt_0_10m": 0.0, "scenario_max_fraction_gt_0_30m": 0.0, "flood_risk": "low", "flood_risk_rank": 1, "risk_policy": "prototype_depth_band_v1" }, "geometry": { "type": "LineString", "coordinates": [ [ 377666.38783106819028, 2046556.629965787986293 ], [ 377666.626959310553502, 2046584.006881391163915 ], [ 377666.983097638585605, 2046624.673879488371313 ], [ 377668.492367666854989, 2046775.865409656660631 ], [ 377714.829951788298786, 2046775.833510478725657 ] ] } },
{ "type": "Feature", "properties": { "edge_id": "RN_ROAD_00623", "road_id": "RN_ROAD_00623", "source_road_id": "RN_ROAD_00623", "road_class": "residential", "name": null, "length_m": 46.432677550426682, "sampling_status": "mapped", "sampling_method": "road_line_intersected_raster_cells_all_touched", "sampled_intervals": 6, "scenario_peak_max_depth_m": 0.064919993281364441, "scenario_peak_mean_depth_m": 0.050280183553695679, "scenario_peak_p90_depth_m": 0.061992031335830686, "scenario_peak_interval": "090_120", "scenario_max_fraction_gt_0_02m": 1.0, "scenario_max_fraction_gt_0_10m": 0.0, "scenario_max_fraction_gt_0_30m": 0.0, "flood_risk": "low", "flood_risk_rank": 1, "risk_policy": "prototype_depth_band_v1" }, "geometry": { "type": "LineString", "coordinates": [ [ 377714.829951788298786, 2046775.833510478725657 ], [ 377761.248885298264213, 2046776.963181359693408 ] ] } },
{ "type": "Feature", "properties": { "edge_id": "RN_ROAD_00399", "road_id": "RN_ROAD_00399", "source_road_id": "RN_ROAD_00399", "road_class": "primary", "name": [ "Lalbahadur Shashtri Marg" ], "length_m": 37.048235669761226, "sampling_status": "mapped", "sampling_method": "road_line_intersected_raster_cells_all_touched", "sampled_intervals": 6, "scenario_peak_max_depth_m": 0.067508608102798462, "scenario_peak_mean_depth_m": 0.052886893972754478, "scenario_peak_p90_depth_m": 0.064584265276789662, "scenario_peak_interval": "090_120", "scenario_max_fraction_gt_0_02m": 1.0, "scenario_max_fraction_gt_0_10m": 0.0, "scenario_max_fraction_gt_0_30m": 0.0, "flood_risk": "low", "flood_risk_rank": 1, "risk_policy": "prototype_depth_band_v1" }, "geometry": { "type": "LineString", "coordinates": [ [ 378089.865740125300363, 2046337.721370631596074 ], [ 378085.504747201339342, 2046359.085394726833329 ], [ 378081.756201076321304, 2046373.860961961327121 ] ] } },
{ "type": "Feature", "properties": { "edge_id": "RN_ROAD_00402", "road_id": "RN_ROAD_00402", "source_road_id": "RN_ROAD_00402", "road_class": "residential", "name": [ "Pradeep Deshpande Path" ], "length_m": 45.670575313635425, "sampling_status": "mapped", "sampling_method": "road_line_intersected_raster_cells_all_touched", "sampled_intervals": 6, "scenario_peak_max_depth_m": 0.067508608102798462, "scenario_peak_mean_depth_m": 0.03691960840175549, "scenario_peak_p90_depth_m": 0.059630171954631807, "scenario_peak_interval": "090_120", "scenario_max_fraction_gt_0_02m": 0.66666666666666663, "scenario_max_fraction_gt_0_10m": 0.0, "scenario_max_fraction_gt_0_30m": 0.0, "flood_risk": "low", "flood_risk_rank": 1, "risk_policy": "prototype_depth_band_v1" }, "geometry": { "type": "LineString", "coordinates": [ [ 378135.074264147784561, 2046392.111529493471608 ], [ 378123.997067953518126, 2046391.806118645472452 ], [ 378114.504351988376584, 2046389.974474651739001 ], [ 378094.789527390967123, 2046386.172003022627905 ], [ 378090.032644342456479, 2046385.261788110947236 ] ] } },
{ "type": "Feature", "properties": { "edge_id": "RN_ROAD_00436", "road_id": "RN_ROAD_00436", "source_road_id": "RN_ROAD_00436", "road_class": "primary", "name": [ "Lalbahadur Shashtri Marg" ], "length_m": 84.373369970271483, "sampling_status": "mapped", "sampling_method": "road_line_intersected_raster_cells_all_touched", "sampled_intervals": 6, "scenario_peak_max_depth_m": 0.067508608102798462, "scenario_peak_mean_depth_m": 0.034521818626672029, "scenario_peak_p90_depth_m": 0.055847590975463393, "scenario_peak_interval": "090_120", "scenario_max_fraction_gt_0_02m": 1.0, "scenario_max_fraction_gt_0_10m": 0.0, "scenario_max_fraction_gt_0_30m": 0.0, "flood_risk": "low", "flood_risk_rank": 1, "risk_policy": "prototype_depth_band_v1" }, "geometry": { "type": "LineString", "coordinates": [ [ 378064.437345172511414, 2046465.64629761967808 ], [ 378068.971991990925744, 2046451.629278596723452 ], [ 378088.539617477916181, 2046391.180826953146607 ], [ 378090.032644342456479, 2046385.261788110947236 ] ] } },
{ "type": "Feature", "properties": { "edge_id": "RN_ROAD_00434", "road_id": "RN_ROAD_00434", "source_road_id": "RN_ROAD_00434", "road_class": "residential", "name": [ "Pradeep Deshpande Path" ], "length_m": 45.179231500697711, "sampling_status": "mapped", "sampling_method": "road_line_intersected_raster_cells_all_touched", "sampled_intervals": 6, "scenario_peak_max_depth_m": 0.015133789740502834, "scenario_peak_mean_depth_m": 0.010354963596910238, "scenario_peak_p90_depth_m": 0.013843409344553947, "scenario_peak_interval": "090_120", "scenario_max_fraction_gt_0_02m": 0.0, "scenario_max_fraction_gt_0_10m": 0.0, "scenario_max_fraction_gt_0_30m": 0.0, "flood_risk": "minimal", "flood_risk_rank": 0, "risk_policy": "prototype_depth_band_v1" }, "geometry": { "type": "LineString", "coordinates": [ [ 378179.204828609246761, 2046401.78914486640133 ], [ 378135.074264147784561, 2046392.111529493471608 ] ] } },
{ "type": "Feature", "properties": { "edge_id": "RN_ROAD_00439", "road_id": "RN_ROAD_00439", "source_road_id": "RN_ROAD_00439", "road_class": "residential", "name": null, "length_m": 127.12545991830288, "sampling_status": "mapped", "sampling_method": "road_line_intersected_raster_cells_all_touched", "sampled_intervals": 6, "scenario_peak_max_depth_m": 0.037653077393770218, "scenario_peak_mean_depth_m": 0.024358568557848532, "scenario_peak_p90_depth_m": 0.035765454173088074, "scenario_peak_interval": "090_120", "scenario_max_fraction_gt_0_02m": 0.5, "scenario_max_fraction_gt_0_10m": 0.0, "scenario_max_fraction_gt_0_30m": 0.0, "flood_risk": "low", "flood_risk_rank": 1, "risk_policy": "prototype_depth_band_v1" }, "geometry": { "type": "LineString", "coordinates": [ [ 378101.492687736521475, 2046514.721318193944171 ], [ 378135.074264147784561, 2046392.111529493471608 ] ] } },
{ "type": "Feature", "properties": { "edge_id": "RN_ROAD_00400", "road_id": "RN_ROAD_00400", "source_road_id": "RN_ROAD_00400", "road_class": "residential", "name": null, "length_m": 29.528194492238288, "sampling_status": "mapped", "sampling_method": "road_line_intersected_raster_cells_all_touched", "sampled_intervals": 6, "scenario_peak_max_depth_m": 0.067508608102798462, "scenario_peak_mean_depth_m": 0.035278749341766037, "scenario_peak_p90_depth_m": 0.058211005479097369, "scenario_peak_interval": "090_120", "scenario_max_fraction_gt_0_02m": 0.66666666666666663, "scenario_max_fraction_gt_0_10m": 0.0, "scenario_max_fraction_gt_0_30m": 0.0, "flood_risk": "low", "flood_risk_rank": 1, "risk_policy": "prototype_depth_band_v1" }, "geometry": { "type": "LineString", "coordinates": [ [ 378053.780595909338444, 2046364.412163862492889 ], [ 378081.756201076321304, 2046373.860961961327121 ] ] } },
{ "type": "Feature", "properties": { "edge_id": "RN_ROAD_00401", "road_id": "RN_ROAD_00401", "source_road_id": "RN_ROAD_00401", "road_class": "primary", "name": [ "Lalbahadur Shashtri Marg" ], "length_m": 21.926627960400815, "sampling_status": "mapped", "sampling_method": "road_line_intersected_raster_cells_all_touched", "sampled_intervals": 6, "scenario_peak_max_depth_m": 0.067508608102798462, "scenario_peak_mean_depth_m": 0.067508608102798462, "scenario_peak_p90_depth_m": 0.067508608102798462, "scenario_peak_interval": "090_120", "scenario_max_fraction_gt_0_02m": 1.0, "scenario_max_fraction_gt_0_10m": 0.0, "scenario_max_fraction_gt_0_30m": 0.0, "flood_risk": "low", "flood_risk_rank": 1, "risk_policy": "prototype_depth_band_v1" }, "geometry": { "type": "LineString", "coordinates": [ [ 378081.756201076321304, 2046373.860961961327121 ], [ 378078.121173923311289, 2046388.226345339557156 ], [ 378075.93673912785016, 2046394.990860039368272 ] ] } },
{ "type": "Feature", "properties": { "edge_id": "RN_ROAD_00403", "road_id": "RN_ROAD_00403", "source_road_id": "RN_ROAD_00403", "road_class": "residential", "name": null, "length_m": 32.51968597027993, "sampling_status": "mapped", "sampling_method": "road_line_intersected_raster_cells_all_touched", "sampled_intervals": 6, "scenario_peak_max_depth_m": 0.067508608102798462, "scenario_peak_mean_depth_m": 0.042407826520502567, "scenario_peak_p90_depth_m": 0.062488451786339286, "scenario_peak_interval": "090_120", "scenario_max_fraction_gt_0_02m": 0.5, "scenario_max_fraction_gt_0_10m": 0.0, "scenario_max_fraction_gt_0_30m": 0.0, "flood_risk": "low", "flood_risk_rank": 1, "risk_policy": "prototype_depth_band_v1" }, "geometry": { "type": "LineString", "coordinates": [ [ 378045.063382720923983, 2046384.774899987736717 ], [ 378075.93673912785016, 2046394.990860039368272 ] ] } },
{ "type": "Feature", "properties": { "edge_id": "RN_ROAD_00435", "road_id": "RN_ROAD_00435", "source_road_id": "RN_ROAD_00435", "road_class": "primary", "name": [ "Lalbahadur Shashtri Marg" ], "length_m": 42.873106548560273, "sampling_status": "mapped", "sampling_method": "road_line_intersected_raster_cells_all_touched", "sampled_intervals": 6, "scenario_peak_max_depth_m": 0.067508608102798462, "scenario_peak_mean_depth_m": 0.042417677585035563, "scenario_peak_p90_depth_m": 0.062809712067246434, "scenario_peak_interval": "090_120", "scenario_max_fraction_gt_0_02m": 1.0, "scenario_max_fraction_gt_0_10m": 0.0, "scenario_max_fraction_gt_0_30m": 0.0, "flood_risk": "low", "flood_risk_rank": 1, "risk_policy": "prototype_depth_band_v1" }, "geometry": { "type": "LineString", "coordinates": [ [ 378075.93673912785016, 2046394.990860039368272 ], [ 378069.362330037751235, 2046415.28454155405052 ], [ 378062.725866327935364, 2046435.777819951763377 ] ] } },
{ "type": "Feature", "properties": { "edge_id": "RN_ROAD_00406", "road_id": "RN_ROAD_00406", "source_road_id": "RN_ROAD_00406", "road_class": "residential", "name": null, "length_m": 29.8624998855163, "sampling_status": "mapped", "sampling_method": "road_line_intersected_raster_cells_all_touched", "sampled_intervals": 6, "scenario_peak_max_depth_m": 0.02154545858502388, "scenario_peak_mean_depth_m": 0.020466922782361507, "scenario_peak_p90_depth_m": 0.021329751424491405, "scenario_peak_interval": "090_120", "scenario_max_fraction_gt_0_02m": 0.5, "scenario_max_fraction_gt_0_10m": 0.0, "scenario_max_fraction_gt_0_30m": 0.0, "flood_risk": "low", "flood_risk_rank": 1, "risk_policy": "prototype_depth_band_v1" }, "geometry": { "type": "LineString", "coordinates": [ [ 378471.031244747515302, 2046331.590375646250322 ], [ 378470.630442233348731, 2046361.450185705209151 ] ] } },
{ "type": "Feature", "properties": { "edge_id": "RN_ROAD_00411", "road_id": "RN_ROAD_00411", "source_road_id": "RN_ROAD_00411", "road_class": "tertiary", "name": [ "Madhavrao Peshve Marg" ], "length_m": 81.292259017910453, "sampling_status": "mapped", "sampling_method": "road_line_intersected_raster_cells_all_touched", "sampled_intervals": 6, "scenario_peak_max_depth_m": 0.02154545858502388, "scenario_peak_mean_depth_m": 0.0059581082779914139, "scenario_peak_p90_depth_m": 0.01503595132380724, "scenario_peak_interval": "090_120", "scenario_max_fraction_gt_0_02m": 0.2, "scenario_max_fraction_gt_0_10m": 0.0, "scenario_max_fraction_gt_0_30m": 0.0, "flood_risk": "low", "flood_risk_rank": 1, "risk_policy": "prototype_depth_band_v1" }, "geometry": { "type": "LineString", "coordinates": [ [ 378551.423995895078406, 2046370.430067144101486 ], [ 378518.112721051322296, 2046366.946221493184566 ], [ 378470.630442233348731, 2046361.450185705209151 ] ] } },
{ "type": "Feature", "properties": { "edge_id": "RN_ROAD_00413", "road_id": "RN_ROAD_00413", "source_road_id": "RN_ROAD_00413", "road_class": "tertiary", "name": [ "Madhavrao Peshve Marg" ], "length_m": 32.752893252755491, "sampling_status": "mapped", "sampling_method": "road_line_intersected_raster_cells_all_touched", "sampled_intervals": 6, "scenario_peak_max_depth_m": 0.00045386777492240071, "scenario_peak_mean_depth_m": 0.00036848361196462065, "scenario_peak_p90_depth_m": 0.0004367909423308447, "scenario_peak_interval": "090_120", "scenario_max_fraction_gt_0_02m": 0.0, "scenario_max_fraction_gt_0_10m": 0.0, "scenario_max_fraction_gt_0_30m": 0.0, "flood_risk": "minimal", "flood_risk_rank": 0, "risk_policy": "prototype_depth_band_v1" }, "geometry": { "type": "LineString", "coordinates": [ [ 378584.168708984041587, 2046371.162037872942165 ], [ 378551.423995895078406, 2046370.430067144101486 ] ] } },
{ "type": "Feature", "properties": { "edge_id": "RN_ROAD_00444", "road_id": "RN_ROAD_00444", "source_road_id": "RN_ROAD_00444", "road_class": "tertiary", "name": [ "Madhavrao Peshve Marg" ], "length_m": 5.8369424691506051, "sampling_status": "mapped", "sampling_method": "road_line_intersected_raster_cells_all_touched", "sampled_intervals": 6, "scenario_peak_max_depth_m": 0.00028309944900684059, "scenario_peak_mean_depth_m": 0.00028309944900684059, "scenario_peak_p90_depth_m": 0.00028309944900684059, "scenario_peak_interval": "090_120", "scenario_max_fraction_gt_0_02m": 0.0, "scenario_max_fraction_gt_0_10m": 0.0, "scenario_max_fraction_gt_0_30m": 0.0, "flood_risk": "minimal", "flood_risk_rank": 0, "risk_policy": "prototype_depth_band_v1" }, "geometry": { "type": "LineString", "coordinates": [ [ 378584.168708984041587, 2046371.162037872942165 ], [ 378590.002198035712354, 2046371.362793625565246 ] ] } },
{ "type": "Feature", "properties": { "edge_id": "RN_ROAD_00445", "road_id": "RN_ROAD_00445", "source_road_id": "RN_ROAD_00445", "road_class": "tertiary", "name": [ "Baburao Phule Path" ], "length_m": 36.952064160455159, "sampling_status": "mapped", "sampling_method": "road_line_intersected_raster_cells_all_touched", "sampled_intervals": 6, "scenario_peak_max_depth_m": 0.0018193715950474143, "scenario_peak_mean_depth_m": 0.0013504248927347362, "scenario_peak_p90_depth_m": 0.0017255822545848786, "scenario_peak_interval": "090_120", "scenario_max_fraction_gt_0_02m": 0.0, "scenario_max_fraction_gt_0_10m": 0.0, "scenario_max_fraction_gt_0_30m": 0.0, "flood_risk": "minimal", "flood_risk_rank": 0, "risk_policy": "prototype_depth_band_v1" }, "geometry": { "type": "LineString", "coordinates": [ [ 378313.713268407271244, 2046420.107815400697291 ], [ 378313.097230970510282, 2046383.16088665695861 ] ] } },
{ "type": "Feature", "properties": { "edge_id": "RN_ROAD_00450", "road_id": "RN_ROAD_00450", "source_road_id": "RN_ROAD_00450", "road_class": "residential", "name": [ "Dake Road" ], "length_m": 119.32477565561615, "sampling_status": "mapped", "sampling_method": "road_line_intersected_raster_cells_all_touched", "sampled_intervals": 6, "scenario_peak_max_depth_m": 0.00054497679229825735, "scenario_peak_mean_depth_m": 0.00026699861882661935, "scenario_peak_p90_depth_m": 0.00051764408708550042, "scenario_peak_interval": "090_120", "scenario_max_fraction_gt_0_02m": 0.0, "scenario_max_fraction_gt_0_10m": 0.0, "scenario_max_fraction_gt_0_30m": 0.0, "flood_risk": "minimal", "flood_risk_rank": 0, "risk_policy": "prototype_depth_band_v1" }, "geometry": { "type": "LineString", "coordinates": [ [ 378547.180882243614178, 2046489.669139082776383 ], [ 378549.114052286720835, 2046455.257965923054144 ], [ 378551.423995895078406, 2046370.430067144101486 ] ] } },
{ "type": "Feature", "properties": { "edge_id": "RN_ROAD_00440", "road_id": "RN_ROAD_00440", "source_road_id": "RN_ROAD_00440", "road_class": "residential", "name": null, "length_m": 116.74170095080579, "sampling_status": "mapped", "sampling_method": "road_line_intersected_raster_cells_all_touched", "sampled_intervals": 6, "scenario_peak_max_depth_m": 0.020051443949341774, "scenario_peak_mean_depth_m": 0.0092561991885304444, "scenario_peak_p90_depth_m": 0.015146368183195591, "scenario_peak_interval": "090_120", "scenario_max_fraction_gt_0_02m": 0.2, "scenario_max_fraction_gt_0_10m": 0.0, "scenario_max_fraction_gt_0_30m": 0.0, "flood_risk": "low", "flood_risk_rank": 1, "risk_policy": "prototype_depth_band_v1" }, "geometry": { "type": "LineString", "coordinates": [ [ 378146.992346625076607, 2046513.9986843240913 ], [ 378179.204828609246761, 2046401.78914486640133 ] ] } },
{ "type": "Feature", "properties": { "edge_id": "RN_ROAD_00446", "road_id": "RN_ROAD_00446", "source_road_id": "RN_ROAD_00446", "road_class": "residential", "name": [ "Pradeep Deshpande Path" ], "length_m": 59.204013992992756, "sampling_status": "mapped", "sampling_method": "road_line_intersected_raster_cells_all_touched", "sampled_intervals": 6, "scenario_peak_max_depth_m": 0.0072492132894694805, "scenario_peak_mean_depth_m": 0.0027975972043350339, "scenario_peak_p90_depth_m": 0.0060280862962827086, "scenario_peak_interval": "090_120", "scenario_max_fraction_gt_0_02m": 0.0, "scenario_max_fraction_gt_0_10m": 0.0, "scenario_max_fraction_gt_0_30m": 0.0, "flood_risk": "minimal", "flood_risk_rank": 0, "risk_policy": "prototype_depth_band_v1" }, "geometry": { "type": "LineString", "coordinates": [ [ 378179.204828609246761, 2046401.78914486640133 ], [ 378237.873055603122339, 2046409.736120031680912 ] ] } },
{ "type": "Feature", "properties": { "edge_id": "RN_ROAD_00416", "road_id": "RN_ROAD_00416", "source_road_id": "RN_ROAD_00416", "road_class": "residential", "name": null, "length_m": 46.71954841931958, "sampling_status": "mapped", "sampling_method": "road_line_intersected_raster_cells_all_touched", "sampled_intervals": 6, "scenario_peak_max_depth_m": 0.0096703516319394112, "scenario_peak_mean_depth_m": 0.0055203711963258684, "scenario_peak_p90_depth_m": 0.0088403555448167033, "scenario_peak_interval": "090_120", "scenario_max_fraction_gt_0_02m": 0.0, "scenario_max_fraction_gt_0_10m": 0.0, "scenario_max_fraction_gt_0_30m": 0.0, "flood_risk": "minimal", "flood_risk_rank": 0, "risk_policy": "prototype_depth_band_v1" }, "geometry": { "type": "LineString", "coordinates": [ [ 377939.342401564470492, 2046364.281702264212072 ], [ 377941.028220077278093, 2046317.592579114949331 ] ] } },
{ "type": "Feature", "properties": { "edge_id": "RN_ROAD_00421", "road_id": "RN_ROAD_00421", "source_road_id": "RN_ROAD_00421", "road_class": "residential", "name": null, "length_m": 63.604879904668465, "sampling_status": "mapped", "sampling_method": "road_line_intersected_raster_cells_all_touched", "sampled_intervals": 6, "scenario_peak_max_depth_m": 0.011904771439731121, "scenario_peak_mean_depth_m": 0.0078647107351571318, "scenario_peak_p90_depth_m": 0.011011003516614437, "scenario_peak_interval": "090_120", "scenario_max_fraction_gt_0_02m": 0.0, "scenario_max_fraction_gt_0_10m": 0.0, "scenario_max_fraction_gt_0_30m": 0.0, "flood_risk": "minimal", "flood_risk_rank": 0, "risk_policy": "prototype_depth_band_v1" }, "geometry": { "type": "LineString", "coordinates": [ [ 377939.342401564470492, 2046364.281702264212072 ], [ 377981.54297506948933, 2046366.014450384536758 ], [ 378002.809447964944411, 2046368.102638789685443 ] ] } },
{ "type": "Feature", "properties": { "edge_id": "RN_ROAD_00419", "road_id": "RN_ROAD_00419", "source_road_id": "RN_ROAD_00419", "road_class": "residential", "name": null, "length_m": 9.4622602898102599, "sampling_status": "mapped", "sampling_method": "road_line_intersected_raster_cells_all_touched", "sampled_intervals": 6, "scenario_peak_max_depth_m": 0.014436810277402401, "scenario_peak_mean_depth_m": 0.0089307514717802405, "scenario_peak_p90_depth_m": 0.013335598516277969, "scenario_peak_interval": "090_120", "scenario_max_fraction_gt_0_02m": 0.0, "scenario_max_fraction_gt_0_10m": 0.0, "scenario_max_fraction_gt_0_30m": 0.0, "flood_risk": "minimal", "flood_risk_rank": 0, "risk_policy": "prototype_depth_band_v1" }, "geometry": { "type": "LineString", "coordinates": [ [ 378005.432955316849984, 2046359.011347409104928 ], [ 378002.809447964944411, 2046368.102638789685443 ] ] } },
{ "type": "Feature", "properties": { "edge_id": "RN_ROAD_00420", "road_id": "RN_ROAD_00420", "source_road_id": "RN_ROAD_00420", "road_class": "residential", "name": null, "length_m": 37.355355066063829, "sampling_status": "mapped", "sampling_method": "road_line_intersected_raster_cells_all_touched", "sampled_intervals": 6, "scenario_peak_max_depth_m": 0.021020594984292984, "scenario_peak_mean_depth_m": 0.017588150066634018, "scenario_peak_p90_depth_m": 0.020277884975075721, "scenario_peak_interval": "090_120", "scenario_max_fraction_gt_0_02m": 0.33333333333333331, "scenario_max_fraction_gt_0_10m": 0.0, "scenario_max_fraction_gt_0_30m": 0.0, "flood_risk": "low", "flood_risk_rank": 1, "risk_policy": "prototype_depth_band_v1" }, "geometry": { "type": "LineString", "coordinates": [ [ 378041.508103534579277, 2046368.707028570352122 ], [ 378005.432955316849984, 2046359.011347409104928 ] ] } },
{ "type": "Feature", "properties": { "edge_id": "RN_ROAD_00422", "road_id": "RN_ROAD_00422", "source_road_id": "RN_ROAD_00422", "road_class": "residential", "name": null, "length_m": 41.858169417278205, "sampling_status": "mapped", "sampling_method": "road_line_intersected_raster_cells_all_touched", "sampled_intervals": 6, "scenario_peak_max_depth_m": 0.013423881493508816, "scenario_peak_mean_depth_m": 0.0095844485331326723, "scenario_peak_p90_depth_m": 0.013120059482753276, "scenario_peak_interval": "090_120", "scenario_max_fraction_gt_0_02m": 0.0, "scenario_max_fraction_gt_0_10m": 0.0, "scenario_max_fraction_gt_0_30m": 0.0, "flood_risk": "minimal", "flood_risk_rank": 0, "risk_policy": "prototype_depth_band_v1" }, "geometry": { "type": "LineString", "coordinates": [ [ 377992.891998212668113, 2046408.768970511620864 ], [ 377995.607960524968803, 2046397.629790099104866 ], [ 378002.809447964944411, 2046368.102638789685443 ] ] } },
{ "type": "Feature", "properties": { "edge_id": "RN_ROAD_00423", "road_id": "RN_ROAD_00423", "source_road_id": "RN_ROAD_00423", "road_class": "residential", "name": null, "length_m": 39.760981438996907, "sampling_status": "mapped", "sampling_method": "road_line_intersected_raster_cells_all_touched", "sampled_intervals": 6, "scenario_peak_max_depth_m": 0.013423881493508816, "scenario_peak_mean_depth_m": 0.011131434235721827, "scenario_peak_p90_depth_m": 0.012965392041951417, "scenario_peak_interval": "090_120", "scenario_max_fraction_gt_0_02m": 0.0, "scenario_max_fraction_gt_0_10m": 0.0, "scenario_max_fraction_gt_0_30m": 0.0, "flood_risk": "minimal", "flood_risk_rank": 0, "risk_policy": "prototype_depth_band_v1" }, "geometry": { "type": "LineString", "coordinates": [ [ 377953.945405810372904, 2046400.762811305001378 ], [ 377992.891998212668113, 2046408.768970511620864 ] ] } },
{ "type": "Feature", "properties": { "edge_id": "RN_ROAD_00424", "road_id": "RN_ROAD_00424", "source_road_id": "RN_ROAD_00424", "road_class": "residential", "name": null, "length_m": 36.687564454838338, "sampling_status": "mapped", "sampling_method": "road_line_intersected_raster_cells_all_touched", "sampled_intervals": 6, "scenario_peak_max_depth_m": 0.04231112077832222, "scenario_peak_mean_depth_m": 0.027867501135915518, "scenario_peak_p90_depth_m": 0.039422396849840877, "scenario_peak_interval": "090_120", "scenario_max_fraction_gt_0_02m": 0.5, "scenario_max_fraction_gt_0_10m": 0.0, "scenario_max_fraction_gt_0_30m": 0.0, "flood_risk": "low", "flood_risk_rank": 1, "risk_policy": "prototype_depth_band_v1" }, "geometry": { "type": "LineString", "coordinates": [ [ 377992.891998212668113, 2046408.768970511620864 ], [ 377990.649495104677044, 2046418.001689156983048 ], [ 377985.927343831572216, 2046437.353963150875643 ], [ 377984.209389017196372, 2046444.414298365823925 ] ] } },
{ "type": "Feature", "properties": { "edge_id": "RN_ROAD_00426", "road_id": "RN_ROAD_00426", "source_road_id": "RN_ROAD_00426", "road_class": "secondary", "name": [ "Anant Kanhere Path" ], "length_m": 52.091190309332148, "sampling_status": "mapped", "sampling_method": "road_line_intersected_raster_cells_all_touched", "sampled_intervals": 6, "scenario_peak_max_depth_m": 0.046006932854652405, "scenario_peak_mean_depth_m": 0.040396158893903099, "scenario_peak_p90_depth_m": 0.045267770439386366, "scenario_peak_interval": "090_120", "scenario_max_fraction_gt_0_02m": 1.0, "scenario_max_fraction_gt_0_10m": 0.0, "scenario_max_fraction_gt_0_30m": 0.0, "flood_risk": "low", "flood_risk_rank": 1, "risk_policy": "prototype_depth_band_v1" }, "geometry": { "type": "LineString", "coordinates": [ [ 377932.590449471841566, 2046437.595986650325358 ], [ 377969.073049186030403, 2046441.689285766566172 ], [ 377984.209389017196372, 2046444.414298365823925 ] ] } },
{ "type": "Feature", "properties": { "edge_id": "RN_ROAD_00427", "road_id": "RN_ROAD_00427", "source_road_id": "RN_ROAD_00427", "road_class": "secondary", "name": [ "Anant Kanhere Path" ], "length_m": 29.143872826633689, "sampling_status": "mapped", "sampling_method": "road_line_intersected_raster_cells_all_touched", "sampled_intervals": 6, "scenario_peak_max_depth_m": 0.04231112077832222, "scenario_peak_mean_depth_m": 0.030338697135448456, "scenario_peak_p90_depth_m": 0.039916636049747468, "scenario_peak_interval": "090_120", "scenario_max_fraction_gt_0_02m": 0.5, "scenario_max_fraction_gt_0_10m": 0.0, "scenario_max_fraction_gt_0_30m": 0.0, "flood_risk": "low", "flood_risk_rank": 1, "risk_policy": "prototype_depth_band_v1" }, "geometry": { "type": "LineString", "coordinates": [ [ 378012.403935884358361, 2046451.792160541983321 ], [ 377984.209389017196372, 2046444.414298365823925 ] ] } },
{ "type": "Feature", "properties": { "edge_id": "RN_ROAD_00430", "road_id": "RN_ROAD_00430", "source_road_id": "RN_ROAD_00430", "road_class": "residential", "name": null, "length_m": 42.265310243805772, "sampling_status": "mapped", "sampling_method": "road_line_intersected_raster_cells_all_touched", "sampled_intervals": 6, "scenario_peak_max_depth_m": 0.032870423048734665, "scenario_peak_mean_depth_m": 0.025923630222678185, "scenario_peak_p90_depth_m": 0.03148106448352337, "scenario_peak_interval": "090_120", "scenario_max_fraction_gt_0_02m": 0.5, "scenario_max_fraction_gt_0_10m": 0.0, "scenario_max_fraction_gt_0_30m": 0.0, "flood_risk": "low", "flood_risk_rank": 1, "risk_policy": "prototype_depth_band_v1" }, "geometry": { "type": "LineString", "coordinates": [ [ 377930.854997095710132, 2046479.825652230996639 ], [ 377932.590449471841566, 2046437.595986650325358 ] ] } },
{ "type": "Feature", "properties": { "edge_id": "RN_ROAD_00429", "road_id": "RN_ROAD_00429", "source_road_id": "RN_ROAD_00429", "road_class": "secondary", "name": [ "Anant Kanhere Path" ], "length_m": 43.015859018720306, "sampling_status": "mapped", "sampling_method": "road_line_intersected_raster_cells_all_touched", "sampled_intervals": 6, "scenario_peak_max_depth_m": 0.033780738711357117, "scenario_peak_mean_depth_m": 0.024189061174790066, "scenario_peak_p90_depth_m": 0.03110862523317337, "scenario_peak_interval": "090_120", "scenario_max_fraction_gt_0_02m": 0.66666666666666663, "scenario_max_fraction_gt_0_10m": 0.0, "scenario_max_fraction_gt_0_30m": 0.0, "flood_risk": "low", "flood_risk_rank": 1, "risk_policy": "prototype_depth_band_v1" }, "geometry": { "type": "LineString", "coordinates": [ [ 378012.403935884358361, 2046451.792160541983321 ], [ 378048.487835861276835, 2046461.233259833185002 ], [ 378054.018866106111091, 2046462.680765090277418 ] ] } },
{ "type": "Feature", "properties": { "edge_id": "RN_ROAD_00431", "road_id": "RN_ROAD_00431", "source_road_id": "RN_ROAD_00431", "road_class": "residential", "name": null, "length_m": 67.479586402762152, "sampling_status": "mapped", "sampling_method": "road_line_intersected_raster_cells_all_touched", "sampled_intervals": 6, "scenario_peak_max_depth_m": 0.020420171320438385, "scenario_peak_mean_depth_m": 0.016520155593752861, "scenario_peak_p90_depth_m": 0.019598612189292909, "scenario_peak_interval": "090_120", "scenario_max_fraction_gt_0_02m": 0.2, "scenario_max_fraction_gt_0_10m": 0.0, "scenario_max_fraction_gt_0_30m": 0.0, "flood_risk": "low", "flood_risk_rank": 1, "risk_policy": "prototype_depth_band_v1" }, "geometry": { "type": "LineString", "coordinates": [ [ 378012.403935884358361, 2046451.792160541983321 ], [ 378011.556786454399116, 2046456.345898307859898 ], [ 378004.880718721018638, 2046492.077969073317945 ], [ 377978.937228339142166, 2046486.688734331168234 ] ] } },
{ "type": "Feature", "properties": { "edge_id": "RN_ROAD_00438", "road_id": "RN_ROAD_00438", "source_road_id": "RN_ROAD_00438", "road_class": "primary", "name": [ "Lalbahadur Shashtri Marg" ], "length_m": 28.276852390253246, "sampling_status": "mapped", "sampling_method": "road_line_intersected_raster_cells_all_touched", "sampled_intervals": 6, "scenario_peak_max_depth_m": 0.051845621317625046, "scenario_peak_mean_depth_m": 0.042813180014491081, "scenario_peak_p90_depth_m": 0.050039133056998253, "scenario_peak_interval": "090_120", "scenario_max_fraction_gt_0_02m": 1.0, "scenario_max_fraction_gt_0_10m": 0.0, "scenario_max_fraction_gt_0_30m": 0.0, "flood_risk": "low", "flood_risk_rank": 1, "risk_policy": "prototype_depth_band_v1" }, "geometry": { "type": "LineString", "coordinates": [ [ 378062.725866327935364, 2046435.777819951763377 ], [ 378058.615576183772646, 2046448.464149787789211 ], [ 378054.018866106111091, 2046462.680765090277418 ] ] } },
{ "type": "Feature", "properties": { "edge_id": "RN_ROAD_00441", "road_id": "RN_ROAD_00441", "source_road_id": "RN_ROAD_00441", "road_class": "secondary", "name": [ "Anant Kanhere Path" ], "length_m": 10.832316891595964, "sampling_status": "mapped", "sampling_method": "road_line_intersected_raster_cells_all_touched", "sampled_intervals": 6, "scenario_peak_max_depth_m": 0.033780738711357117, "scenario_peak_mean_depth_m": 0.027021462097764015, "scenario_peak_p90_depth_m": 0.032428883388638495, "scenario_peak_interval": "090_120", "scenario_max_fraction_gt_0_02m": 1.0, "scenario_max_fraction_gt_0_10m": 0.0, "scenario_max_fraction_gt_0_30m": 0.0, "flood_risk": "low", "flood_risk_rank": 1, "risk_policy": "prototype_depth_band_v1" }, "geometry": { "type": "LineString", "coordinates": [ [ 378054.018866106111091, 2046462.680765090277418 ], [ 378064.437345172511414, 2046465.64629761967808 ] ] } },
{ "type": "Feature", "properties": { "edge_id": "RN_ROAD_00442", "road_id": "RN_ROAD_00442", "source_road_id": "RN_ROAD_00442", "road_class": "primary", "name": [ "Lalbahadur Shashtri Marg" ], "length_m": 36.96143514401809, "sampling_status": "mapped", "sampling_method": "road_line_intersected_raster_cells_all_touched", "sampled_intervals": 6, "scenario_peak_max_depth_m": 0.04108130931854248, "scenario_peak_mean_depth_m": 0.037431024014949799, "scenario_peak_p90_depth_m": 0.040351252257823947, "scenario_peak_interval": "090_120", "scenario_max_fraction_gt_0_02m": 1.0, "scenario_max_fraction_gt_0_10m": 0.0, "scenario_max_fraction_gt_0_30m": 0.0, "flood_risk": "low", "flood_risk_rank": 1, "risk_policy": "prototype_depth_band_v1" }, "geometry": { "type": "LineString", "coordinates": [ [ 378054.018866106111091, 2046462.680765090277418 ], [ 378052.093919410428498, 2046470.39533859398216 ], [ 378045.052471534581855, 2046498.538140354678035 ] ] } },
{ "type": "Feature", "properties": { "edge_id": "RN_ROAD_00433", "road_id": "RN_ROAD_00433", "source_road_id": "RN_ROAD_00433", "road_class": "residential", "name": null, "length_m": 48.569567192436125, "sampling_status": "mapped", "sampling_method": "road_line_intersected_raster_cells_all_touched", "sampled_intervals": 6, "scenario_peak_max_depth_m": 0.033944860100746155, "scenario_peak_mean_depth_m": 0.023670399561524391, "scenario_peak_p90_depth_m": 0.030951255559921266, "scenario_peak_interval": "090_120", "scenario_max_fraction_gt_0_02m": 0.33333333333333331, "scenario_max_fraction_gt_0_10m": 0.0, "scenario_max_fraction_gt_0_30m": 0.0, "flood_risk": "low", "flood_risk_rank": 1, "risk_policy": "prototype_depth_band_v1" }, "geometry": { "type": "LineString", "coordinates": [ [ 377978.937228339142166, 2046486.688734331168234 ], [ 377930.854997095710132, 2046479.825652230996639 ] ] } },
{ "type": "Feature", "properties": { "edge_id": "RN_ROAD_00465", "road_id": "RN_ROAD_00465", "source_road_id": "RN_ROAD_00465", "road_class": "residential", "name": null, "length_m": 28.477795101738316, "sampling_status": "mapped", "sampling_method": "road_line_intersected_raster_cells_all_touched", "sampled_intervals": 6, "scenario_peak_max_depth_m": 0.018089501187205315, "scenario_peak_mean_depth_m": 0.014297927729785442, "scenario_peak_p90_depth_m": 0.017331186495721341, "scenario_peak_interval": "090_120", "scenario_max_fraction_gt_0_02m": 0.0, "scenario_max_fraction_gt_0_10m": 0.0, "scenario_max_fraction_gt_0_30m": 0.0, "flood_risk": "minimal", "flood_risk_rank": 0, "risk_policy": "prototype_depth_band_v1" }, "geometry": { "type": "LineString", "coordinates": [ [ 377978.937228339142166, 2046486.688734331168234 ], [ 377975.908986113907304, 2046515.005064652767032 ] ] } },
{ "type": "Feature", "properties": { "edge_id": "RN_ROAD_00437", "road_id": "RN_ROAD_00437", "source_road_id": "RN_ROAD_00437", "road_class": "residential", "name": null, "length_m": 30.235439957684452, "sampling_status": "mapped", "sampling_method": "road_line_intersected_raster_cells_all_touched", "sampled_intervals": 6, "scenario_peak_max_depth_m": 0.051845621317625046, "scenario_peak_mean_depth_m": 0.047215163707733154, "scenario_peak_p90_depth_m": 0.050919529795646665, "scenario_peak_interval": "090_120", "scenario_max_fraction_gt_0_02m": 1.0, "scenario_max_fraction_gt_0_10m": 0.0, "scenario_max_fraction_gt_0_30m": 0.0, "flood_risk": "low", "flood_risk_rank": 1, "risk_policy": "prototype_depth_band_v1" }, "geometry": { "type": "LineString", "coordinates": [ [ 378034.073315535497386, 2046426.123124850681052 ], [ 378057.446083488990553, 2046433.996710140490904 ], [ 378062.725866327935364, 2046435.777819951763377 ] ] } },
{ "type": "Feature", "properties": { "edge_id": "RN_ROAD_00443", "road_id": "RN_ROAD_00443", "source_road_id": "RN_ROAD_00443", "road_class": "primary", "name": [ "Lalbahadur Shashtri Marg" ], "length_m": 37.663708627973953, "sampling_status": "mapped", "sampling_method": "road_line_intersected_raster_cells_all_touched", "sampled_intervals": 6, "scenario_peak_max_depth_m": 0.04108130931854248, "scenario_peak_mean_depth_m": 0.031708077838023506, "scenario_peak_p90_depth_m": 0.039621195197105406, "scenario_peak_interval": "090_120", "scenario_max_fraction_gt_0_02m": 1.0, "scenario_max_fraction_gt_0_10m": 0.0, "scenario_max_fraction_gt_0_30m": 0.0, "flood_risk": "low", "flood_risk_rank": 1, "risk_policy": "prototype_depth_band_v1" }, "geometry": { "type": "LineString", "coordinates": [ [ 378055.454421833041124, 2046502.223092389525846 ], [ 378062.595366958645172, 2046473.127943298080936 ], [ 378064.437345172511414, 2046465.64629761967808 ] ] } },
{ "type": "Feature", "properties": { "edge_id": "RN_ROAD_00455", "road_id": "RN_ROAD_00455", "source_road_id": "RN_ROAD_00455", "road_class": "residential", "name": [ "Madanlal Dangi Path" ], "length_m": 47.704587631400855, "sampling_status": "mapped", "sampling_method": "road_line_intersected_raster_cells_all_touched", "sampled_intervals": 6, "scenario_peak_max_depth_m": 0.04108130931854248, "scenario_peak_mean_depth_m": 0.022865963168442249, "scenario_peak_p90_depth_m": 0.035682333447039132, "scenario_peak_interval": "090_120", "scenario_max_fraction_gt_0_02m": 0.33333333333333331, "scenario_max_fraction_gt_0_10m": 0.0, "scenario_max_fraction_gt_0_30m": 0.0, "flood_risk": "low", "flood_risk_rank": 1, "risk_policy": "prototype_depth_band_v1" }, "geometry": { "type": "LineString", "coordinates": [ [ 378101.492687736521475, 2046514.721318193944171 ], [ 378060.182013971032575, 2046503.50974399712868 ], [ 378055.454421833041124, 2046502.223092389525846 ] ] } },
{ "type": "Feature", "properties": { "edge_id": "RN_ROAD_00456", "road_id": "RN_ROAD_00456", "source_road_id": "RN_ROAD_00456", "road_class": "residential", "name": [ "Madanlal Dangi Path" ], "length_m": 45.505397028096922, "sampling_status": "mapped", "sampling_method": "road_line_intersected_raster_cells_all_touched", "sampled_intervals": 6, "scenario_peak_max_depth_m": 0.013430150225758553, "scenario_peak_mean_depth_m": 0.010569735895842314, "scenario_peak_p90_depth_m": 0.012858067359775304, "scenario_peak_interval": "090_120", "scenario_max_fraction_gt_0_02m": 0.0, "scenario_max_fraction_gt_0_10m": 0.0, "scenario_max_fraction_gt_0_30m": 0.0, "flood_risk": "minimal", "flood_risk_rank": 0, "risk_policy": "prototype_depth_band_v1" }, "geometry": { "type": "LineString", "coordinates": [ [ 378101.492687736521475, 2046514.721318193944171 ], [ 378146.992346625076607, 2046513.9986843240913 ] ] } },
{ "type": "Feature", "properties": { "edge_id": "RN_ROAD_00458", "road_id": "RN_ROAD_00458", "source_road_id": "RN_ROAD_00458", "road_class": "residential", "name": null, "length_m": 82.276278047260391, "sampling_status": "mapped", "sampling_method": "road_line_intersected_raster_cells_all_touched", "sampled_intervals": 6, "scenario_peak_max_depth_m": 0.026449793949723244, "scenario_peak_mean_depth_m": 0.013049737736582755, "scenario_peak_p90_depth_m": 0.022749613597989084, "scenario_peak_interval": "090_120", "scenario_max_fraction_gt_0_02m": 0.2, "scenario_max_fraction_gt_0_10m": 0.0, "scenario_max_fraction_gt_0_30m": 0.0, "flood_risk": "low", "flood_risk_rank": 1, "risk_policy": "prototype_depth_band_v1" }, "geometry": { "type": "LineString", "coordinates": [ [ 378079.755104208248667, 2046594.074096290627494 ], [ 378101.492687736521475, 2046514.721318193944171 ] ] } },
{ "type": "Feature", "properties": { "edge_id": "RN_ROAD_00453", "road_id": "RN_ROAD_00453", "source_road_id": "RN_ROAD_00453", "road_class": "residential", "name": [ "Madanlal Dangi Path" ], "length_m": 85.037268390638474, "sampling_status": "mapped", "sampling_method": "road_line_intersected_raster_cells_all_touched", "sampled_intervals": 6, "scenario_peak_max_depth_m": 0.007709321565926075, "scenario_peak_mean_depth_m": 0.0024690013262443243, "scenario_peak_p90_depth_m": 0.0060184979811310768, "scenario_peak_interval": "090_120", "scenario_max_fraction_gt_0_02m": 0.0, "scenario_max_fraction_gt_0_10m": 0.0, "scenario_max_fraction_gt_0_30m": 0.0, "flood_risk": "minimal", "flood_risk_rank": 0, "risk_policy": "prototype_depth_band_v1" }, "geometry": { "type": "LineString", "coordinates": [ [ 378230.630208485410549, 2046527.009306802647188 ], [ 378164.408810097142123, 2046513.378250492503867 ], [ 378159.489979184640106, 2046513.553568321047351 ], [ 378146.992346625076607, 2046513.9986843240913 ] ] } },
{ "type": "Feature", "properties": { "edge_id": "RN_ROAD_00459", "road_id": "RN_ROAD_00459", "source_road_id": "RN_ROAD_00459", "road_class": "residential", "name": null, "length_m": 86.173954993105767, "sampling_status": "mapped", "sampling_method": "road_line_intersected_raster_cells_all_touched", "sampled_intervals": 6, "scenario_peak_max_depth_m": 0.007709321565926075, "scenario_peak_mean_depth_m": 0.0033765953849069774, "scenario_peak_p90_depth_m": 0.0062624342972412714, "scenario_peak_interval": "090_120", "scenario_max_fraction_gt_0_02m": 0.0, "scenario_max_fraction_gt_0_10m": 0.0, "scenario_max_fraction_gt_0_30m": 0.0, "flood_risk": "minimal", "flood_risk_rank": 0, "risk_policy": "prototype_depth_band_v1" }, "geometry": { "type": "LineString", "coordinates": [ [ 378123.218047010654118, 2046596.828227344667539 ], [ 378146.992346625076607, 2046513.9986843240913 ] ] } },
{ "type": "Feature", "properties": { "edge_id": "RN_ROAD_00454", "road_id": "RN_ROAD_00454", "source_road_id": "RN_ROAD_00454", "road_class": "residential", "name": null, "length_m": 11.035372286912024, "sampling_status": "mapped", "sampling_method": "road_line_intersected_raster_cells_all_touched", "sampled_intervals": 6, "scenario_peak_max_depth_m": 0.04108130931854248, "scenario_peak_mean_depth_m": 0.04108130931854248, "scenario_peak_p90_depth_m": 0.04108130931854248, "scenario_peak_interval": "090_120", "scenario_max_fraction_gt_0_02m": 1.0, "scenario_max_fraction_gt_0_10m": 0.0, "scenario_max_fraction_gt_0_30m": 0.0, "flood_risk": "low", "flood_risk_rank": 1, "risk_policy": "prototype_depth_band_v1" }, "geometry": { "type": "LineString", "coordinates": [ [ 378045.052471534581855, 2046498.538140354678035 ], [ 378055.454421833041124, 2046502.223092389525846 ] ] } },
{ "type": "Feature", "properties": { "edge_id": "RN_ROAD_00464", "road_id": "RN_ROAD_00464", "source_road_id": "RN_ROAD_00464", "road_class": "residential", "name": null, "length_m": 5.9012755997265423, "sampling_status": "mapped", "sampling_method": "road_line_intersected_raster_cells_all_touched", "sampled_intervals": 6, "scenario_peak_max_depth_m": 0.04108130931854248, "scenario_peak_mean_depth_m": 0.04108130931854248, "scenario_peak_p90_depth_m": 0.04108130931854248, "scenario_peak_interval": "090_120", "scenario_max_fraction_gt_0_02m": 1.0, "scenario_max_fraction_gt_0_10m": 0.0, "scenario_max_fraction_gt_0_30m": 0.0, "flood_risk": "low", "flood_risk_rank": 1, "risk_policy": "prototype_depth_band_v1" }, "geometry": { "type": "LineString", "coordinates": [ [ 378039.372655136219691, 2046496.93666024482809 ], [ 378041.868809905834496, 2046497.64000229164958 ], [ 378045.052471534581855, 2046498.538140354678035 ] ] } },
{ "type": "Feature", "properties": { "edge_id": "RN_ROAD_00466", "road_id": "RN_ROAD_00466", "source_road_id": "RN_ROAD_00466", "road_class": "primary", "name": [ "Lalbahadur Shashtri Marg" ], "length_m": 55.290121821909146, "sampling_status": "mapped", "sampling_method": "road_line_intersected_raster_cells_all_touched", "sampled_intervals": 6, "scenario_peak_max_depth_m": 0.065328478813171387, "scenario_peak_mean_depth_m": 0.052213964983820915, "scenario_peak_p90_depth_m": 0.064247301593422887, "scenario_peak_interval": "090_120", "scenario_max_fraction_gt_0_02m": 1.0, "scenario_max_fraction_gt_0_10m": 0.0, "scenario_max_fraction_gt_0_30m": 0.0, "flood_risk": "low", "flood_risk_rank": 1, "risk_policy": "prototype_depth_band_v1" }, "geometry": { "type": "LineString", "coordinates": [ [ 378045.052471534581855, 2046498.538140354678035 ], [ 378032.11480754573131, 2046552.293274263851345 ] ] } },
{ "type": "Feature", "properties": { "edge_id": "RN_ROAD_00457", "road_id": "RN_ROAD_00457", "source_road_id": "RN_ROAD_00457", "road_class": "primary", "name": [ "Lalbahadur Shashtri Marg" ], "length_m": 87.684068829701857, "sampling_status": "mapped", "sampling_method": "road_line_intersected_raster_cells_all_touched", "sampled_intervals": 6, "scenario_peak_max_depth_m": 0.065328478813171387, "scenario_peak_mean_depth_m": 0.039945414755493402, "scenario_peak_p90_depth_m": 0.058054327964782722, "scenario_peak_interval": "090_120", "scenario_max_fraction_gt_0_02m": 0.75, "scenario_max_fraction_gt_0_10m": 0.0, "scenario_max_fraction_gt_0_30m": 0.0, "flood_risk": "low", "flood_risk_rank": 1, "risk_policy": "prototype_depth_band_v1" }, "geometry": { "type": "LineString", "coordinates": [ [ 378034.556559562508482, 2046587.380448378622532 ], [ 378055.454421833041124, 2046502.223092389525846 ] ] } },
{ "type": "Feature", "properties": { "edge_id": "RN_ROAD_00447", "road_id": "RN_ROAD_00447", "source_road_id": "RN_ROAD_00447", "road_class": "residential", "name": [ "Pradeep Deshpande Path" ], "length_m": 76.546129510291166, "sampling_status": "mapped", "sampling_method": "road_line_intersected_raster_cells_all_touched", "sampled_intervals": 6, "scenario_peak_max_depth_m": 0.00088147819042205811, "scenario_peak_mean_depth_m": 0.00022761034688301152, "scenario_peak_p90_depth_m": 0.00062572369242843719, "scenario_peak_interval": "090_120", "scenario_max_fraction_gt_0_02m": 0.0, "scenario_max_fraction_gt_0_10m": 0.0, "scenario_max_fraction_gt_0_30m": 0.0, "flood_risk": "minimal", "flood_risk_rank": 0, "risk_policy": "prototype_depth_band_v1" }, "geometry": { "type": "LineString", "coordinates": [ [ 378313.713268407271244, 2046420.107815400697291 ], [ 378237.873055603122339, 2046409.736120031680912 ] ] } },
{ "type": "Feature", "properties": { "edge_id": "RN_ROAD_00448", "road_id": "RN_ROAD_00448", "source_road_id": "RN_ROAD_00448", "road_class": "tertiary", "name": [ "Baburao Phule Path" ], "length_m": 46.546193368795031, "sampling_status": "mapped", "sampling_method": "road_line_intersected_raster_cells_all_touched", "sampled_intervals": 6, "scenario_peak_max_depth_m": 0.00088147819042205811, "scenario_peak_mean_depth_m": 0.00039040918636601418, "scenario_peak_p90_depth_m": 0.00082108229980804026, "scenario_peak_interval": "090_120", "scenario_max_fraction_gt_0_02m": 0.0, "scenario_max_fraction_gt_0_10m": 0.0, "scenario_max_fraction_gt_0_30m": 0.0, "flood_risk": "minimal", "flood_risk_rank": 0, "risk_policy": "prototype_depth_band_v1" }, "geometry": { "type": "LineString", "coordinates": [ [ 378301.604927814449184, 2046464.982123647583649 ], [ 378309.297852507850621, 2046441.250793882878497 ], [ 378313.713268407271244, 2046420.107815400697291 ] ] } },
{ "type": "Feature", "properties": { "edge_id": "RN_ROAD_00451", "road_id": "RN_ROAD_00451", "source_road_id": "RN_ROAD_00451", "road_class": "residential", "name": [ "R. D. Khaniwale Path" ], "length_m": 121.62995956819663, "sampling_status": "mapped", "sampling_method": "road_line_intersected_raster_cells_all_touched", "sampled_intervals": 6, "scenario_peak_max_depth_m": 0.0, "scenario_peak_mean_depth_m": 0.0, "scenario_peak_p90_depth_m": 0.0, "scenario_peak_interval": "000_030", "scenario_max_fraction_gt_0_02m": 0.0, "scenario_max_fraction_gt_0_10m": 0.0, "scenario_max_fraction_gt_0_30m": 0.0, "flood_risk": "minimal", "flood_risk_rank": 0, "risk_policy": "prototype_depth_band_v1" }, "geometry": { "type": "LineString", "coordinates": [ [ 378230.630208485410549, 2046527.009306802647188 ], [ 378231.631884912902024, 2046515.239268479403108 ], [ 378232.586110990960151, 2046507.608385982224718 ], [ 378246.849329291027971, 2046434.843865488655865 ], [ 378247.289972928410862, 2046424.493920330889523 ], [ 378243.17217856424395, 2046416.198263311758637 ], [ 378237.873055603122339, 2046409.736120031680912 ] ] } },
{ "type": "Feature", "properties": { "edge_id": "RN_ROAD_00449", "road_id": "RN_ROAD_00449", "source_road_id": "RN_ROAD_00449", "road_class": "residential", "name": null, "length_m": 28.661201723806187, "sampling_status": "mapped", "sampling_method": "road_line_intersected_raster_cells_all_touched", "sampled_intervals": 6, "scenario_peak_max_depth_m": 0.0, "scenario_peak_mean_depth_m": 0.0, "scenario_peak_p90_depth_m": 0.0, "scenario_peak_interval": "000_030", "scenario_max_fraction_gt_0_02m": 0.0, "scenario_max_fraction_gt_0_10m": 0.0, "scenario_max_fraction_gt_0_30m": 0.0, "flood_risk": "minimal", "flood_risk_rank": 0, "risk_policy": "prototype_depth_band_v1" }, "geometry": { "type": "LineString", "coordinates": [ [ 378274.682922536390834, 2046455.150027428520843 ], [ 378301.604927814449184, 2046464.982123647583649 ] ] } },
{ "type": "Feature", "properties": { "edge_id": "RN_ROAD_00452", "road_id": "RN_ROAD_00452", "source_road_id": "RN_ROAD_00452", "road_class": "tertiary", "name": [ "Baburao Phule Path" ], "length_m": 74.589976961082641, "sampling_status": "mapped", "sampling_method": "road_line_intersected_raster_cells_all_touched", "sampled_intervals": 6, "scenario_peak_max_depth_m": 0.0, "scenario_peak_mean_depth_m": 0.0, "scenario_peak_p90_depth_m": 0.0, "scenario_peak_interval": "000_030", "scenario_max_fraction_gt_0_02m": 0.0, "scenario_max_fraction_gt_0_10m": 0.0, "scenario_max_fraction_gt_0_30m": 0.0, "flood_risk": "minimal", "flood_risk_rank": 0, "risk_policy": "prototype_depth_band_v1" }, "geometry": { "type": "LineString", "coordinates": [ [ 378301.604927814449184, 2046464.982123647583649 ], [ 378293.270117140375078, 2046490.698452523211017 ], [ 378280.111372871790081, 2046536.398410399444401 ] ] } },
{ "type": "Feature", "properties": { "edge_id": "RN_ROAD_00474", "road_id": "RN_ROAD_00474", "source_road_id": "RN_ROAD_00474", "road_class": "residential", "name": [ "Madanlal Dangi Path" ], "length_m": 50.364083386708273, "sampling_status": "mapped", "sampling_method": "road_line_intersected_raster_cells_all_touched", "sampled_intervals": 6, "scenario_peak_max_depth_m": 0.0, "scenario_peak_mean_depth_m": 0.0, "scenario_peak_p90_depth_m": 0.0, "scenario_peak_interval": "000_030", "scenario_max_fraction_gt_0_02m": 0.0, "scenario_max_fraction_gt_0_10m": 0.0, "scenario_max_fraction_gt_0_30m": 0.0, "flood_risk": "minimal", "flood_risk_rank": 0, "risk_policy": "prototype_depth_band_v1" }, "geometry": { "type": "LineString", "coordinates": [ [ 378280.111372871790081, 2046536.398410399444401 ], [ 378230.630208485410549, 2046527.009306802647188 ] ] } },
{ "type": "Feature", "properties": { "edge_id": "RN_ROAD_00475", "road_id": "RN_ROAD_00475", "source_road_id": "RN_ROAD_00475", "road_class": "tertiary", "name": [ "Baburao Phule Path" ], "length_m": 68.191727981262474, "sampling_status": "mapped", "sampling_method": "road_line_intersected_raster_cells_all_touched", "sampled_intervals": 6, "scenario_peak_max_depth_m": 0.0, "scenario_peak_mean_depth_m": 0.0, "scenario_peak_p90_depth_m": 0.0, "scenario_peak_interval": "000_030", "scenario_max_fraction_gt_0_02m": 0.0, "scenario_max_fraction_gt_0_10m": 0.0, "scenario_max_fraction_gt_0_30m": 0.0, "flood_risk": "minimal", "flood_risk_rank": 0, "risk_policy": "prototype_depth_band_v1" }, "geometry": { "type": "LineString", "coordinates": [ [ 378276.069694824633189, 2046604.460760182933882 ], [ 378277.845233915490098, 2046565.086056657601148 ], [ 378280.111372871790081, 2046536.398410399444401 ] ] } },
{ "type": "Feature", "properties": { "edge_id": "RN_ROAD_00460", "road_id": "RN_ROAD_00460", "source_road_id": "RN_ROAD_00460", "road_class": "residential", "name": [ "Vishwasrao Himmatbahaddar Chavan Path" ], "length_m": 45.691502059604659, "sampling_status": "mapped", "sampling_method": "road_line_intersected_raster_cells_all_touched", "sampled_intervals": 6, "scenario_peak_max_depth_m": 0.012650353834033012, "scenario_peak_mean_depth_m": 0.0085666459053754807, "scenario_peak_p90_depth_m": 0.011833612248301506, "scenario_peak_interval": "090_120", "scenario_max_fraction_gt_0_02m": 0.0, "scenario_max_fraction_gt_0_10m": 0.0, "scenario_max_fraction_gt_0_30m": 0.0, "flood_risk": "minimal", "flood_risk_rank": 0, "risk_policy": "prototype_depth_band_v1" }, "geometry": { "type": "LineString", "coordinates": [ [ 378079.755104208248667, 2046594.074096290627494 ], [ 378034.556559562508482, 2046587.380448378622532 ] ] } },
{ "type": "Feature", "properties": { "edge_id": "RN_ROAD_00471", "road_id": "RN_ROAD_00471", "source_road_id": "RN_ROAD_00471", "road_class": "primary", "name": [ "Lalbahadur Shashtri Marg" ], "length_m": 135.25283219273069, "sampling_status": "mapped", "sampling_method": "road_line_intersected_raster_cells_all_touched", "sampled_intervals": 6, "scenario_peak_max_depth_m": 0.035219423472881317, "scenario_peak_mean_depth_m": 0.021228493790009191, "scenario_peak_p90_depth_m": 0.033714064955711366, "scenario_peak_interval": "090_120", "scenario_max_fraction_gt_0_02m": 0.42857142857142855, "scenario_max_fraction_gt_0_10m": 0.0, "scenario_max_fraction_gt_0_30m": 0.0, "flood_risk": "low", "flood_risk_rank": 1, "risk_policy": "prototype_depth_band_v1" }, "geometry": { "type": "LineString", "coordinates": [ [ 378002.3200942161493, 2046718.735457492759451 ], [ 378004.182424598722719, 2046711.14300624281168 ], [ 378006.991511285305023, 2046699.715497545199469 ], [ 378011.919998848694377, 2046679.620447030523792 ], [ 378017.548116800258867, 2046656.665772750740871 ], [ 378034.556559562508482, 2046587.380448378622532 ] ] } },
{ "type": "Feature", "properties": { "edge_id": "RN_ROAD_00461", "road_id": "RN_ROAD_00461", "source_road_id": "RN_ROAD_00461", "road_class": "residential", "name": [ "Vishwasrao Himmatbahaddar Chavan Path" ], "length_m": 19.960354298630719, "sampling_status": "mapped", "sampling_method": "road_line_intersected_raster_cells_all_touched", "sampled_intervals": 6, "scenario_peak_max_depth_m": 0.0044829379767179489, "scenario_peak_mean_depth_m": 0.0031741626444272697, "scenario_peak_p90_depth_m": 0.0042211829102598132, "scenario_peak_interval": "090_120", "scenario_max_fraction_gt_0_02m": 0.0, "scenario_max_fraction_gt_0_10m": 0.0, "scenario_max_fraction_gt_0_30m": 0.0, "flood_risk": "minimal", "flood_risk_rank": 0, "risk_policy": "prototype_depth_band_v1" }, "geometry": { "type": "LineString", "coordinates": [ [ 378099.675211612076964, 2046595.341007789829746 ], [ 378079.755104208248667, 2046594.074096290627494 ] ] } },
{ "type": "Feature", "properties": { "edge_id": "RN_ROAD_00462", "road_id": "RN_ROAD_00462", "source_road_id": "RN_ROAD_00462", "road_class": "residential", "name": [ "Vishwasrao Himmatbahaddar Chavan Path" ], "length_m": 23.589763046897893, "sampling_status": "mapped", "sampling_method": "road_line_intersected_raster_cells_all_touched", "sampled_intervals": 6, "scenario_peak_max_depth_m": 0.0018653873121365905, "scenario_peak_mean_depth_m": 0.0014437984209507704, "scenario_peak_p90_depth_m": 0.0017810695338994265, "scenario_peak_interval": "090_120", "scenario_max_fraction_gt_0_02m": 0.0, "scenario_max_fraction_gt_0_10m": 0.0, "scenario_max_fraction_gt_0_30m": 0.0, "flood_risk": "minimal", "flood_risk_rank": 0, "risk_policy": "prototype_depth_band_v1" }, "geometry": { "type": "LineString", "coordinates": [ [ 378099.675211612076964, 2046595.341007789829746 ], [ 378123.218047010654118, 2046596.828227344667539 ] ] } },
{ "type": "Feature", "properties": { "edge_id": "RN_ROAD_00463", "road_id": "RN_ROAD_00463", "source_road_id": "RN_ROAD_00463", "road_class": "residential", "name": [ "Vishwasrao Himmatbahaddar Chavan Path" ], "length_m": 71.260180591492244, "sampling_status": "mapped", "sampling_method": "road_line_intersected_raster_cells_all_touched", "sampled_intervals": 6, "scenario_peak_max_depth_m": 0.0010222095297649503, "scenario_peak_mean_depth_m": 0.00060878174069027102, "scenario_peak_p90_depth_m": 0.0009785947622731328, "scenario_peak_interval": "090_120", "scenario_max_fraction_gt_0_02m": 0.0, "scenario_max_fraction_gt_0_10m": 0.0, "scenario_max_fraction_gt_0_30m": 0.0, "flood_risk": "minimal", "flood_risk_rank": 0, "risk_policy": "prototype_depth_band_v1" }, "geometry": { "type": "LineString", "coordinates": [ [ 378194.389701305364724, 2046600.379137493669987 ], [ 378123.218047010654118, 2046596.828227344667539 ] ] } },
{ "type": "Feature", "properties": { "edge_id": "RN_ROAD_00484", "road_id": "RN_ROAD_00484", "source_road_id": "RN_ROAD_00484", "road_class": "residential", "name": [ "Vishwanath Mahadev Phule Path" ], "length_m": 133.90525629181761, "sampling_status": "mapped", "sampling_method": "road_line_intersected_raster_cells_all_touched", "sampled_intervals": 6, "scenario_peak_max_depth_m": 0.0073945019394159317, "scenario_peak_mean_depth_m": 0.003426772026744272, "scenario_peak_p90_depth_m": 0.006257188599556685, "scenario_peak_interval": "090_120", "scenario_max_fraction_gt_0_02m": 0.0, "scenario_max_fraction_gt_0_10m": 0.0, "scenario_max_fraction_gt_0_30m": 0.0, "flood_risk": "minimal", "flood_risk_rank": 0, "risk_policy": "prototype_depth_band_v1" }, "geometry": { "type": "LineString", "coordinates": [ [ 378090.584568168502301, 2046728.92704298067838 ], [ 378091.151359020033851, 2046721.80768380057998 ], [ 378096.001875341287814, 2046661.46445477870293 ], [ 378097.860757963440847, 2046626.925216403324157 ], [ 378099.675211612076964, 2046595.341007789829746 ] ] } },
{ "type": "Feature", "properties": { "edge_id": "RN_ROAD_00476", "road_id": "RN_ROAD_00476", "source_road_id": "RN_ROAD_00476", "road_class": "residential", "name": [ "Vishwasrao Himmatbahaddar Chavan Path" ], "length_m": 81.781911111719893, "sampling_status": "mapped", "sampling_method": "road_line_intersected_raster_cells_all_touched", "sampled_intervals": 6, "scenario_peak_max_depth_m": 0.0037178611382842064, "scenario_peak_mean_depth_m": 0.0009294652845710516, "scenario_peak_p90_depth_m": 0.002602502796798945, "scenario_peak_interval": "090_120", "scenario_max_fraction_gt_0_02m": 0.0, "scenario_max_fraction_gt_0_10m": 0.0, "scenario_max_fraction_gt_0_30m": 0.0, "flood_risk": "minimal", "flood_risk_rank": 0, "risk_policy": "prototype_depth_band_v1" }, "geometry": { "type": "LineString", "coordinates": [ [ 378194.389701305364724, 2046600.379137493669987 ], [ 378276.069694824633189, 2046604.460760182933882 ] ] } },
{ "type": "Feature", "properties": { "edge_id": "RN_ROAD_00477", "road_id": "RN_ROAD_00477", "source_road_id": "RN_ROAD_00477", "road_class": "residential", "name": null, "length_m": 22.929729575729656, "sampling_status": "mapped", "sampling_method": "road_line_intersected_raster_cells_all_touched", "sampled_intervals": 6, "scenario_peak_max_depth_m": 0.0056161424145102501, "scenario_peak_mean_depth_m": 0.002808071207255125, "scenario_peak_p90_depth_m": 0.0050545281730592249, "scenario_peak_interval": "090_120", "scenario_max_fraction_gt_0_02m": 0.0, "scenario_max_fraction_gt_0_10m": 0.0, "scenario_max_fraction_gt_0_30m": 0.0, "flood_risk": "minimal", "flood_risk_rank": 0, "risk_policy": "prototype_depth_band_v1" }, "geometry": { "type": "LineString", "coordinates": [ [ 378194.389701305364724, 2046600.379137493669987 ], [ 378193.807762443495449, 2046623.301481300033629 ] ] } },
{ "type": "Feature", "properties": { "edge_id": "RN_ROAD_00467", "road_id": "RN_ROAD_00467", "source_road_id": "RN_ROAD_00467", "road_class": "living_street", "name": null, "length_m": 164.3411147314753, "sampling_status": "mapped", "sampling_method": "road_line_intersected_raster_cells_all_touched", "sampled_intervals": 6, "scenario_peak_max_depth_m": 0.061724554747343063, "scenario_peak_mean_depth_m": 0.020769518001803329, "scenario_peak_p90_depth_m": 0.03731991276144983, "scenario_peak_interval": "090_120", "scenario_max_fraction_gt_0_02m": 0.2857142857142857, "scenario_max_fraction_gt_0_10m": 0.0, "scenario_max_fraction_gt_0_30m": 0.0, "flood_risk": "low", "flood_risk_rank": 1, "risk_policy": "prototype_depth_band_v1" }, "geometry": { "type": "LineString", "coordinates": [ [ 377868.854688790510409, 2046533.47478735097684 ], [ 378027.856850656098686, 2046551.800408690935001 ], [ 378032.11480754573131, 2046552.293274263851345 ] ] } },
{ "type": "Feature", "properties": { "edge_id": "RN_ROAD_00468", "road_id": "RN_ROAD_00468", "source_road_id": "RN_ROAD_00468", "road_class": "primary", "name": [ "Lalbahadur Shashtri Marg" ], "length_m": 81.264252084854206, "sampling_status": "mapped", "sampling_method": "road_line_intersected_raster_cells_all_touched", "sampled_intervals": 6, "scenario_peak_max_depth_m": 0.061724554747343063, "scenario_peak_mean_depth_m": 0.041331630200147629, "scenario_peak_p90_depth_m": 0.056423528492450713, "scenario_peak_interval": "090_120", "scenario_max_fraction_gt_0_02m": 1.0, "scenario_max_fraction_gt_0_10m": 0.0, "scenario_max_fraction_gt_0_30m": 0.0, "flood_risk": "low", "flood_risk_rank": 1, "risk_policy": "prototype_depth_band_v1" }, "geometry": { "type": "LineString", "coordinates": [ [ 378032.11480754573131, 2046552.293274263851345 ], [ 378027.125037675024942, 2046572.720699675614014 ], [ 378012.813757536117919, 2046631.232162139844149 ] ] } },
{ "type": "Feature", "properties": { "edge_id": "RN_ROAD_00470", "road_id": "RN_ROAD_00470", "source_road_id": "RN_ROAD_00470", "road_class": "primary", "name": [ "Lalbahadur Shashtri Marg" ], "length_m": 30.033762560753068, "sampling_status": "mapped", "sampling_method": "road_line_intersected_raster_cells_all_touched", "sampled_intervals": 6, "scenario_peak_max_depth_m": 0.027050912380218506, "scenario_peak_mean_depth_m": 0.021333982702344656, "scenario_peak_p90_depth_m": 0.025907526444643735, "scenario_peak_interval": "090_120", "scenario_max_fraction_gt_0_02m": 0.5, "scenario_max_fraction_gt_0_10m": 0.0, "scenario_max_fraction_gt_0_30m": 0.0, "flood_risk": "low", "flood_risk_rank": 1, "risk_policy": "prototype_depth_band_v1" }, "geometry": { "type": "LineString", "coordinates": [ [ 378012.813757536117919, 2046631.232162139844149 ], [ 378005.673459456302226, 2046660.404804064892232 ] ] } },
{ "type": "Feature", "properties": { "edge_id": "RN_ROAD_00473", "road_id": "RN_ROAD_00473", "source_road_id": "RN_ROAD_00473", "road_class": "primary", "name": [ "Lalbahadur Shashtri Marg" ], "length_m": 64.969174225125286, "sampling_status": "mapped", "sampling_method": "road_line_intersected_raster_cells_all_touched", "sampled_intervals": 6, "scenario_peak_max_depth_m": 0.032710492610931396, "scenario_peak_mean_depth_m": 0.019310975330881774, "scenario_peak_p90_depth_m": 0.029289409331977368, "scenario_peak_interval": "090_120", "scenario_max_fraction_gt_0_02m": 0.5, "scenario_max_fraction_gt_0_10m": 0.0, "scenario_max_fraction_gt_0_30m": 0.0, "flood_risk": "low", "flood_risk_rank": 1, "risk_policy": "prototype_depth_band_v1" }, "geometry": { "type": "LineString", "coordinates": [ [ 378005.673459456302226, 2046660.404804064892232 ], [ 377993.663453271845356, 2046708.952809725422412 ], [ 377990.071794494637288, 2046723.472875618375838 ] ] } },
{ "type": "Feature", "properties": { "edge_id": "RN_ROAD_00486", "road_id": "RN_ROAD_00486", "source_road_id": "RN_ROAD_00486", "road_class": "residential", "name": [ "Vishwanath Mahadev Phule Path" ], "length_m": 89.001374130424679, "sampling_status": "mapped", "sampling_method": "road_line_intersected_raster_cells_all_touched", "sampled_intervals": 6, "scenario_peak_max_depth_m": 0.032710492610931396, "scenario_peak_mean_depth_m": 0.016459662467241287, "scenario_peak_p90_depth_m": 0.027553822100162509, "scenario_peak_interval": "090_120", "scenario_max_fraction_gt_0_02m": 0.2, "scenario_max_fraction_gt_0_10m": 0.0, "scenario_max_fraction_gt_0_30m": 0.0, "flood_risk": "low", "flood_risk_rank": 1, "risk_policy": "prototype_depth_band_v1" }, "geometry": { "type": "LineString", "coordinates": [ [ 378090.584568168502301, 2046728.92704298067838 ], [ 378071.538733542023692, 2046725.673658210784197 ], [ 378056.356786217424087, 2046724.033395471749827 ], [ 378051.527570389444008, 2046723.3560537584126 ], [ 378023.311045711336192, 2046719.076907889684662 ], [ 378009.500118670170195, 2046718.855477307224646 ], [ 378002.3200942161493, 2046718.735457492759451 ] ] } },
{ "type": "Feature", "properties": { "edge_id": "RN_ROAD_00597", "road_id": "RN_ROAD_00597", "source_road_id": "RN_ROAD_00597", "road_class": "residential", "name": [ "Vishwanath Mahadev Phule Path" ], "length_m": 13.132554076222565, "sampling_status": "mapped", "sampling_method": "road_line_intersected_raster_cells_all_touched", "sampled_intervals": 6, "scenario_peak_max_depth_m": 0.032710492610931396, "scenario_peak_mean_depth_m": 0.032710492610931396, "scenario_peak_p90_depth_m": 0.032710492610931396, "scenario_peak_interval": "090_120", "scenario_max_fraction_gt_0_02m": 1.0, "scenario_max_fraction_gt_0_10m": 0.0, "scenario_max_fraction_gt_0_30m": 0.0, "flood_risk": "low", "flood_risk_rank": 1, "risk_policy": "prototype_depth_band_v1" }, "geometry": { "type": "LineString", "coordinates": [ [ 377990.071794494637288, 2046723.472875618375838 ], [ 378002.3200942161493, 2046718.735457492759451 ] ] } },
{ "type": "Feature", "properties": { "edge_id": "RN_ROAD_00598", "road_id": "RN_ROAD_00598", "source_road_id": "RN_ROAD_00598", "road_class": "primary", "name": [ "Lalbahadur Shashtri Marg" ], "length_m": 95.890387368933531, "sampling_status": "mapped", "sampling_method": "road_line_intersected_raster_cells_all_touched", "sampled_intervals": 6, "scenario_peak_max_depth_m": 0.077402964234352112, "scenario_peak_mean_depth_m": 0.051746027544140816, "scenario_peak_p90_depth_m": 0.070958121120929724, "scenario_peak_interval": "090_120", "scenario_max_fraction_gt_0_02m": 1.0, "scenario_max_fraction_gt_0_10m": 0.0, "scenario_max_fraction_gt_0_30m": 0.0, "flood_risk": "low", "flood_risk_rank": 1, "risk_policy": "prototype_depth_band_v1" }, "geometry": { "type": "LineString", "coordinates": [ [ 377979.774512360745575, 2046811.937725662253797 ], [ 377981.543508008937351, 2046804.611463279696181 ], [ 377988.846308712789323, 2046774.452846538973972 ], [ 377999.501944767660461, 2046730.395421167602763 ], [ 378002.3200942161493, 2046718.735457492759451 ] ] } },
{ "type": "Feature", "properties": { "edge_id": "RN_ROAD_00596", "road_id": "RN_ROAD_00596", "source_road_id": "RN_ROAD_00596", "road_class": "residential", "name": null, "length_m": 134.566479891982, "sampling_status": "mapped", "sampling_method": "road_line_intersected_raster_cells_all_touched", "sampled_intervals": 6, "scenario_peak_max_depth_m": 0.032710492610931396, "scenario_peak_mean_depth_m": 0.0090201514074578874, "scenario_peak_p90_depth_m": 0.021573629602789881, "scenario_peak_interval": "090_120", "scenario_max_fraction_gt_0_02m": 0.2, "scenario_max_fraction_gt_0_10m": 0.0, "scenario_max_fraction_gt_0_30m": 0.0, "flood_risk": "low", "flood_risk_rank": 1, "risk_policy": "prototype_depth_band_v1" }, "geometry": { "type": "LineString", "coordinates": [ [ 377990.071794494637288, 2046723.472875618375838 ], [ 377985.804592264757957, 2046723.179277241928503 ], [ 377855.775609365606215, 2046714.949061414925382 ] ] } },
{ "type": "Feature", "properties": { "edge_id": "RN_ROAD_00599", "road_id": "RN_ROAD_00599", "source_road_id": "RN_ROAD_00599", "road_class": "primary", "name": [ "Lalbahadur Shashtri Marg" ], "length_m": 87.973171940694087, "sampling_status": "mapped", "sampling_method": "road_line_intersected_raster_cells_all_touched", "sampled_intervals": 6, "scenario_peak_max_depth_m": 0.077402964234352112, "scenario_peak_mean_depth_m": 0.051760497689247134, "scenario_peak_p90_depth_m": 0.068809840083122256, "scenario_peak_interval": "090_120", "scenario_max_fraction_gt_0_02m": 1.0, "scenario_max_fraction_gt_0_10m": 0.0, "scenario_max_fraction_gt_0_30m": 0.0, "flood_risk": "low", "flood_risk_rank": 1, "risk_policy": "prototype_depth_band_v1" }, "geometry": { "type": "LineString", "coordinates": [ [ 377990.071794494637288, 2046723.472875618375838 ], [ 377988.909365651372354, 2046728.249965093564242 ], [ 377971.094515357981436, 2046801.801112002460286 ], [ 377969.356202673108783, 2046808.972248546546325 ] ] } },
{ "type": "Feature", "properties": { "edge_id": "RN_ROAD_00478", "road_id": "RN_ROAD_00478", "source_road_id": "RN_ROAD_00478", "road_class": "tertiary", "name": [ "Baburao Phule Path" ], "length_m": 82.406881446466684, "sampling_status": "mapped", "sampling_method": "road_line_intersected_raster_cells_all_touched", "sampled_intervals": 6, "scenario_peak_max_depth_m": 0.059529025107622147, "scenario_peak_mean_depth_m": 0.014770091278478503, "scenario_peak_p90_depth_m": 0.03852811679244042, "scenario_peak_interval": "090_120", "scenario_max_fraction_gt_0_02m": 0.2, "scenario_max_fraction_gt_0_10m": 0.0, "scenario_max_fraction_gt_0_30m": 0.0, "flood_risk": "low", "flood_risk_rank": 1, "risk_policy": "prototype_depth_band_v1" }, "geometry": { "type": "LineString", "coordinates": [ [ 378263.085775124840438, 2046685.760397292906418 ], [ 378271.499728852126282, 2046644.362376742297783 ], [ 378276.069694824633189, 2046604.460760182933882 ] ] } },
{ "type": "Feature", "properties": { "edge_id": "RN_ROAD_00479", "road_id": "RN_ROAD_00479", "source_road_id": "RN_ROAD_00479", "road_class": "residential", "name": null, "length_m": 43.009772517146956, "sampling_status": "mapped", "sampling_method": "road_line_intersected_raster_cells_all_touched", "sampled_intervals": 6, "scenario_peak_max_depth_m": 0.059529025107622147, "scenario_peak_mean_depth_m": 0.043456523679196835, "scenario_peak_p90_depth_m": 0.056314524821937086, "scenario_peak_interval": "090_120", "scenario_max_fraction_gt_0_02m": 1.0, "scenario_max_fraction_gt_0_10m": 0.0, "scenario_max_fraction_gt_0_30m": 0.0, "flood_risk": "low", "flood_risk_rank": 1, "risk_policy": "prototype_depth_band_v1" }, "geometry": { "type": "LineString", "coordinates": [ [ 378220.279131213319488, 2046681.585260288091376 ], [ 378263.085775124840438, 2046685.760397292906418 ] ] } },
{ "type": "Feature", "properties": { "edge_id": "RN_ROAD_00480", "road_id": "RN_ROAD_00480", "source_road_id": "RN_ROAD_00480", "road_class": "tertiary", "name": [ "Baburao Phule Path" ], "length_m": 57.324997418681235, "sampling_status": "mapped", "sampling_method": "road_line_intersected_raster_cells_all_touched", "sampled_intervals": 6, "scenario_peak_max_depth_m": 0.33494025468826294, "scenario_peak_mean_depth_m": 0.20031812414526939, "scenario_peak_p90_depth_m": 0.30924922227859497, "scenario_peak_interval": "090_120", "scenario_max_fraction_gt_0_02m": 1.0, "scenario_max_fraction_gt_0_10m": 0.66666666666666663, "scenario_max_fraction_gt_0_30m": 0.33333333333333331, "flood_risk": "high", "flood_risk_rank": 3, "risk_policy": "prototype_depth_band_v1" }, "geometry": { "type": "LineString", "coordinates": [ [ 378263.085775124840438, 2046685.760397292906418 ], [ 378260.670266083907336, 2046697.672267052810639 ], [ 378259.449282797577325, 2046704.862196011003107 ], [ 378253.121033371251542, 2046742.207643765490502 ] ] } },
{ "type": "Feature", "properties": { "edge_id": "RN_ROAD_00483", "road_id": "RN_ROAD_00483", "source_road_id": "RN_ROAD_00483", "road_class": "residential", "name": [ "Vishwanath Mahadev Phule Path" ], "length_m": 21.353698598834608, "sampling_status": "mapped", "sampling_method": "road_line_intersected_raster_cells_all_touched", "sampled_intervals": 6, "scenario_peak_max_depth_m": 0.33494025468826294, "scenario_peak_mean_depth_m": 0.20948155596852303, "scenario_peak_p90_depth_m": 0.30984851494431498, "scenario_peak_interval": "090_120", "scenario_max_fraction_gt_0_02m": 1.0, "scenario_max_fraction_gt_0_10m": 0.5, "scenario_max_fraction_gt_0_30m": 0.5, "flood_risk": "high", "flood_risk_rank": 3, "risk_policy": "prototype_depth_band_v1" }, "geometry": { "type": "LineString", "coordinates": [ [ 378231.779332641046494, 2046741.491924691945314 ], [ 378253.121033371251542, 2046742.207643765490502 ] ] } },
{ "type": "Feature", "properties": { "edge_id": "RN_ROAD_00594", "road_id": "RN_ROAD_00594", "source_road_id": "RN_ROAD_00594", "road_class": "tertiary", "name": [ "Baburao Phule Path" ], "length_m": 28.691658435715681, "sampling_status": "mapped", "sampling_method": "road_line_intersected_raster_cells_all_touched", "sampled_intervals": 6, "scenario_peak_max_depth_m": 0.33494025468826294, "scenario_peak_mean_depth_m": 0.33494025468826294, "scenario_peak_p90_depth_m": 0.33494025468826294, "scenario_peak_interval": "090_120", "scenario_max_fraction_gt_0_02m": 1.0, "scenario_max_fraction_gt_0_10m": 1.0, "scenario_max_fraction_gt_0_30m": 1.0, "flood_risk": "high", "flood_risk_rank": 3, "risk_policy": "prototype_depth_band_v1" }, "geometry": { "type": "LineString", "coordinates": [ [ 378248.320309522096068, 2046770.494819557992741 ], [ 378253.121033371251542, 2046742.207643765490502 ] ] } },
{ "type": "Feature", "properties": { "edge_id": "RN_ROAD_00481", "road_id": "RN_ROAD_00481", "source_road_id": "RN_ROAD_00481", "road_class": "residential", "name": null, "length_m": 34.541271597331985, "sampling_status": "mapped", "sampling_method": "road_line_intersected_raster_cells_all_touched", "sampled_intervals": 6, "scenario_peak_max_depth_m": 0.084022857248783112, "scenario_peak_mean_depth_m": 0.083703149110078812, "scenario_peak_p90_depth_m": 0.083958915621042254, "scenario_peak_interval": "090_120", "scenario_max_fraction_gt_0_02m": 1.0, "scenario_max_fraction_gt_0_10m": 0.0, "scenario_max_fraction_gt_0_30m": 0.0, "flood_risk": "low", "flood_risk_rank": 1, "risk_policy": "prototype_depth_band_v1" }, "geometry": { "type": "LineString", "coordinates": [ [ 378233.575381627073511, 2046706.997379447799176 ], [ 378231.779332641046494, 2046741.491924691945314 ] ] } },
{ "type": "Feature", "properties": { "edge_id": "RN_ROAD_00482", "road_id": "RN_ROAD_00482", "source_road_id": "RN_ROAD_00482", "road_class": "residential", "name": [ "Vishwanath Mahadev Phule Path" ], "length_m": 41.428757139059755, "sampling_status": "mapped", "sampling_method": "road_line_intersected_raster_cells_all_touched", "sampled_intervals": 6, "scenario_peak_max_depth_m": 0.084022857248783112, "scenario_peak_mean_depth_m": 0.059755364432930946, "scenario_peak_p90_depth_m": 0.079169358685612673, "scenario_peak_interval": "090_120", "scenario_max_fraction_gt_0_02m": 1.0, "scenario_max_fraction_gt_0_10m": 0.0, "scenario_max_fraction_gt_0_30m": 0.0, "flood_risk": "low", "flood_risk_rank": 1, "risk_policy": "prototype_depth_band_v1" }, "geometry": { "type": "LineString", "coordinates": [ [ 378231.779332641046494, 2046741.491924691945314 ], [ 378215.685939821240027, 2046740.95294128684327 ], [ 378190.373706307436805, 2046740.10772022488527 ] ] } },
{ "type": "Feature", "properties": { "edge_id": "RN_ROAD_00489", "road_id": "RN_ROAD_00489", "source_road_id": "RN_ROAD_00489", "road_class": "residential", "name": [ "Vishwanath Mahadev Phule Path" ], "length_m": 43.372933928021475, "sampling_status": "mapped", "sampling_method": "road_line_intersected_raster_cells_all_touched", "sampled_intervals": 6, "scenario_peak_max_depth_m": 0.035487871617078781, "scenario_peak_mean_depth_m": 0.024569569776455562, "scenario_peak_p90_depth_m": 0.033055856078863147, "scenario_peak_interval": "090_120", "scenario_max_fraction_gt_0_02m": 0.66666666666666663, "scenario_max_fraction_gt_0_10m": 0.0, "scenario_max_fraction_gt_0_30m": 0.0, "flood_risk": "low", "flood_risk_rank": 1, "risk_policy": "prototype_depth_band_v1" }, "geometry": { "type": "LineString", "coordinates": [ [ 378147.080803368706256, 2046737.474100536666811 ], [ 378190.373706307436805, 2046740.10772022488527 ] ] } },
{ "type": "Feature", "properties": { "edge_id": "RN_ROAD_00491", "road_id": "RN_ROAD_00491", "source_road_id": "RN_ROAD_00491", "road_class": "residential", "name": [ "Vishwanath Mahadev Phule Path" ], "length_m": 47.164856969322848, "sampling_status": "mapped", "sampling_method": "road_line_intersected_raster_cells_all_touched", "sampled_intervals": 6, "scenario_peak_max_depth_m": 0.12815748155117035, "scenario_peak_mean_depth_m": 0.077642387400070831, "scenario_peak_p90_depth_m": 0.11638234704732896, "scenario_peak_interval": "090_120", "scenario_max_fraction_gt_0_02m": 1.0, "scenario_max_fraction_gt_0_10m": 0.33333333333333331, "scenario_max_fraction_gt_0_30m": 0.0, "flood_risk": "moderate", "flood_risk_rank": 2, "risk_policy": "prototype_depth_band_v1" }, "geometry": { "type": "LineString", "coordinates": [ [ 378187.601689757197164, 2046787.069344215793535 ], [ 378189.984576092043426, 2046771.716001771856099 ], [ 378190.659934102906846, 2046758.454071203712374 ], [ 378190.373706307436805, 2046740.10772022488527 ] ] } },
{ "type": "Feature", "properties": { "edge_id": "RN_ROAD_00487", "road_id": "RN_ROAD_00487", "source_road_id": "RN_ROAD_00487", "road_class": "residential", "name": [ "Vishwanath Mahadev Phule Path" ], "length_m": 51.352033972916679, "sampling_status": "mapped", "sampling_method": "road_line_intersected_raster_cells_all_touched", "sampled_intervals": 6, "scenario_peak_max_depth_m": 0.014893043786287308, "scenario_peak_mean_depth_m": 0.011526408915718397, "scenario_peak_p90_depth_m": 0.014372771233320236, "scenario_peak_interval": "090_120", "scenario_max_fraction_gt_0_02m": 0.0, "scenario_max_fraction_gt_0_10m": 0.0, "scenario_max_fraction_gt_0_30m": 0.0, "flood_risk": "minimal", "flood_risk_rank": 0, "risk_policy": "prototype_depth_band_v1" }, "geometry": { "type": "LineString", "coordinates": [ [ 378141.155620192235801, 2046737.113607273902744 ], [ 378122.312225551810116, 2046735.795507833594456 ], [ 378117.353779995639343, 2046734.720584070775658 ], [ 378090.584568168502301, 2046728.92704298067838 ] ] } },
{ "type": "Feature", "properties": { "edge_id": "RN_ROAD_00490", "road_id": "RN_ROAD_00490", "source_road_id": "RN_ROAD_00490", "road_class": "residential", "name": null, "length_m": 46.142149015440062, "sampling_status": "mapped", "sampling_method": "road_line_intersected_raster_cells_all_touched", "sampled_intervals": 6, "scenario_peak_max_depth_m": 0.0073945019394159317, "scenario_peak_mean_depth_m": 0.0057515036314725876, "scenario_peak_p90_depth_m": 0.0070659022778272627, "scenario_peak_interval": "090_120", "scenario_max_fraction_gt_0_02m": 0.0, "scenario_max_fraction_gt_0_10m": 0.0, "scenario_max_fraction_gt_0_30m": 0.0, "flood_risk": "minimal", "flood_risk_rank": 0, "risk_policy": "prototype_depth_band_v1" }, "geometry": { "type": "LineString", "coordinates": [ [ 378089.61284459073795, 2046775.0582579751499 ], [ 378090.028880692785606, 2046760.879462782293558 ], [ 378090.584568168502301, 2046728.92704298067838 ] ] } },
{ "type": "Feature", "properties": { "edge_id": "RN_ROAD_00485", "road_id": "RN_ROAD_00485", "source_road_id": "RN_ROAD_00485", "road_class": "residential", "name": null, "length_m": 36.199069317313359, "sampling_status": "mapped", "sampling_method": "road_line_intersected_raster_cells_all_touched", "sampled_intervals": 6, "scenario_peak_max_depth_m": 0.014893043786287308, "scenario_peak_mean_depth_m": 0.010548605117946863, "scenario_peak_p90_depth_m": 0.014024156052619219, "scenario_peak_interval": "090_120", "scenario_max_fraction_gt_0_02m": 0.0, "scenario_max_fraction_gt_0_10m": 0.0, "scenario_max_fraction_gt_0_30m": 0.0, "flood_risk": "minimal", "flood_risk_rank": 0, "risk_policy": "prototype_depth_band_v1" }, "geometry": { "type": "LineString", "coordinates": [ [ 378149.964538655010983, 2046701.390077891759574 ], [ 378147.080803368706256, 2046737.474100536666811 ] ] } },
{ "type": "Feature", "properties": { "edge_id": "RN_ROAD_00488", "road_id": "RN_ROAD_00488", "source_road_id": "RN_ROAD_00488", "road_class": "residential", "name": [ "Vishwanath Mahadev Phule Path" ], "length_m": 5.9361394076644451, "sampling_status": "mapped", "sampling_method": "road_line_intersected_raster_cells_all_touched", "sampled_intervals": 6, "scenario_peak_max_depth_m": 0.014893043786287308, "scenario_peak_mean_depth_m": 0.014893043786287308, "scenario_peak_p90_depth_m": 0.014893043786287308, "scenario_peak_interval": "090_120", "scenario_max_fraction_gt_0_02m": 0.0, "scenario_max_fraction_gt_0_10m": 0.0, "scenario_max_fraction_gt_0_30m": 0.0, "flood_risk": "minimal", "flood_risk_rank": 0, "risk_policy": "prototype_depth_band_v1" }, "geometry": { "type": "LineString", "coordinates": [ [ 378147.080803368706256, 2046737.474100536666811 ], [ 378141.155620192235801, 2046737.113607273902744 ] ] } },
{ "type": "Feature", "properties": { "edge_id": "RN_ROAD_00492", "road_id": "RN_ROAD_00492", "source_road_id": "RN_ROAD_00492", "road_class": "residential", "name": null, "length_m": 58.178094656387266, "sampling_status": "mapped", "sampling_method": "road_line_intersected_raster_cells_all_touched", "sampled_intervals": 6, "scenario_peak_max_depth_m": 0.014893043786287308, "scenario_peak_mean_depth_m": 0.012588774785399437, "scenario_peak_p90_depth_m": 0.014389449171721936, "scenario_peak_interval": "090_120", "scenario_max_fraction_gt_0_02m": 0.0, "scenario_max_fraction_gt_0_10m": 0.0, "scenario_max_fraction_gt_0_30m": 0.0, "flood_risk": "minimal", "flood_risk_rank": 0, "risk_policy": "prototype_depth_band_v1" }, "geometry": { "type": "LineString", "coordinates": [ [ 378138.074873779900372, 2046795.210076180286705 ], [ 378141.155620192235801, 2046737.113607273902744 ] ] } },
{ "type": "Feature", "properties": { "edge_id": "RN_ROAD_00493", "road_id": "RN_ROAD_00493", "source_road_id": "RN_ROAD_00493", "road_class": "residential", "name": null, "length_m": 30.918971372978657, "sampling_status": "mapped", "sampling_method": "road_line_intersected_raster_cells_all_touched", "sampled_intervals": 6, "scenario_peak_max_depth_m": 0.036262299865484238, "scenario_peak_mean_depth_m": 0.031529104337096214, "scenario_peak_p90_depth_m": 0.035315660759806633, "scenario_peak_interval": "090_120", "scenario_max_fraction_gt_0_02m": 1.0, "scenario_max_fraction_gt_0_10m": 0.0, "scenario_max_fraction_gt_0_30m": 0.0, "flood_risk": "low", "flood_risk_rank": 1, "risk_policy": "prototype_depth_band_v1" }, "geometry": { "type": "LineString", "coordinates": [ [ 378179.617032270296477, 2046809.707036083796993 ], [ 378174.196977527579293, 2046840.147236433811486 ] ] } },
{ "type": "Feature", "properties": { "edge_id": "RN_ROAD_00494", "road_id": "RN_ROAD_00494", "source_road_id": "RN_ROAD_00494", "road_class": "tertiary", "name": [ "Gulwani Maharaj Path" ], "length_m": 42.828512591350503, "sampling_status": "mapped", "sampling_method": "road_line_intersected_raster_cells_all_touched", "sampled_intervals": 6, "scenario_peak_max_depth_m": 0.0088504822924733162, "scenario_peak_mean_depth_m": 0.007122893662502368, "scenario_peak_p90_depth_m": 0.0087676899507641796, "scenario_peak_interval": "090_120", "scenario_max_fraction_gt_0_02m": 0.0, "scenario_max_fraction_gt_0_10m": 0.0, "scenario_max_fraction_gt_0_30m": 0.0, "flood_risk": "minimal", "flood_risk_rank": 0, "risk_policy": "prototype_depth_band_v1" }, "geometry": { "type": "LineString", "coordinates": [ [ 376546.739878573687747, 2046332.052680310793221 ], [ 376513.737807796220295, 2046304.755339502822608 ] ] } },
{ "type": "Feature", "properties": { "edge_id": "RN_ROAD_00496", "road_id": "RN_ROAD_00496", "source_road_id": "RN_ROAD_00496", "road_class": "residential", "name": [ "Shramasafalya Society Road" ], "length_m": 6.9885155539388029, "sampling_status": "mapped", "sampling_method": "road_line_intersected_raster_cells_all_touched", "sampled_intervals": 6, "scenario_peak_max_depth_m": 0.012752683833241463, "scenario_peak_mean_depth_m": 0.00841718097217381, "scenario_peak_p90_depth_m": 0.011885583261027932, "scenario_peak_interval": "090_120", "scenario_max_fraction_gt_0_02m": 0.0, "scenario_max_fraction_gt_0_10m": 0.0, "scenario_max_fraction_gt_0_30m": 0.0, "flood_risk": "minimal", "flood_risk_rank": 0, "risk_policy": "prototype_depth_band_v1" }, "geometry": { "type": "LineString", "coordinates": [ [ 376546.739878573687747, 2046332.052680310793221 ], [ 376542.181468692841008, 2046337.349872869672254 ] ] } },
{ "type": "Feature", "properties": { "edge_id": "RN_ROAD_00500", "road_id": "RN_ROAD_00500", "source_road_id": "RN_ROAD_00500", "road_class": "tertiary", "name": [ "Gulwani Maharaj Path" ], "length_m": 42.459679875310393, "sampling_status": "mapped", "sampling_method": "road_line_intersected_raster_cells_all_touched", "sampled_intervals": 6, "scenario_peak_max_depth_m": 0.016509750857949257, "scenario_peak_mean_depth_m": 0.011114704267432293, "scenario_peak_p90_depth_m": 0.015758337453007698, "scenario_peak_interval": "090_120", "scenario_max_fraction_gt_0_02m": 0.0, "scenario_max_fraction_gt_0_10m": 0.0, "scenario_max_fraction_gt_0_30m": 0.0, "flood_risk": "minimal", "flood_risk_rank": 0, "risk_policy": "prototype_depth_band_v1" }, "geometry": { "type": "LineString", "coordinates": [ [ 376577.327107437478844, 2046361.501718419836834 ], [ 376546.739878573687747, 2046332.052680310793221 ] ] } },
{ "type": "Feature", "properties": { "edge_id": "RN_ROAD_00495", "road_id": "RN_ROAD_00495", "source_road_id": "RN_ROAD_00495", "road_class": "tertiary", "name": [ "Gulwani Maharaj Path" ], "length_m": 38.274991653769185, "sampling_status": "mapped", "sampling_method": "road_line_intersected_raster_cells_all_touched", "sampled_intervals": 6, "scenario_peak_max_depth_m": 0.012752683833241463, "scenario_peak_mean_depth_m": 0.0084236275094250832, "scenario_peak_p90_depth_m": 0.011889451183378696, "scenario_peak_interval": "090_120", "scenario_max_fraction_gt_0_02m": 0.0, "scenario_max_fraction_gt_0_10m": 0.0, "scenario_max_fraction_gt_0_30m": 0.0, "flood_risk": "minimal", "flood_risk_rank": 0, "risk_policy": "prototype_depth_band_v1" }, "geometry": { "type": "LineString", "coordinates": [ [ 376512.692663932102732, 2046312.949352795723826 ], [ 376542.181468692841008, 2046337.349872869672254 ] ] } },
{ "type": "Feature", "properties": { "edge_id": "RN_ROAD_00501", "road_id": "RN_ROAD_00501", "source_road_id": "RN_ROAD_00501", "road_class": "tertiary", "name": [ "Gulwani Maharaj Path" ], "length_m": 43.804233033844703, "sampling_status": "mapped", "sampling_method": "road_line_intersected_raster_cells_all_touched", "sampled_intervals": 6, "scenario_peak_max_depth_m": 0.048274029046297073, "scenario_peak_mean_depth_m": 0.02584548791249593, "scenario_peak_p90_depth_m": 0.041921173408627513, "scenario_peak_interval": "090_120", "scenario_max_fraction_gt_0_02m": 0.33333333333333331, "scenario_max_fraction_gt_0_10m": 0.0, "scenario_max_fraction_gt_0_30m": 0.0, "flood_risk": "low", "flood_risk_rank": 1, "risk_policy": "prototype_depth_band_v1" }, "geometry": { "type": "LineString", "coordinates": [ [ 376542.181468692841008, 2046337.349872869672254 ], [ 376573.73552582168486, 2046367.733294507022947 ] ] } },
{ "type": "Feature", "properties": { "edge_id": "RN_ROAD_00508", "road_id": "RN_ROAD_00508", "source_road_id": "RN_ROAD_00508", "road_class": "residential", "name": [ "Shramasafalya Society Road" ], "length_m": 86.546219414144986, "sampling_status": "mapped", "sampling_method": "road_line_intersected_raster_cells_all_touched", "sampled_intervals": 6, "scenario_peak_max_depth_m": 0.029079379513859749, "scenario_peak_mean_depth_m": 0.017238995991647243, "scenario_peak_p90_depth_m": 0.025814040377736092, "scenario_peak_interval": "090_120", "scenario_max_fraction_gt_0_02m": 0.33333333333333331, "scenario_max_fraction_gt_0_10m": 0.0, "scenario_max_fraction_gt_0_30m": 0.0, "flood_risk": "low", "flood_risk_rank": 1, "risk_policy": "prototype_depth_band_v1" }, "geometry": { "type": "LineString", "coordinates": [ [ 376540.650328931224067, 2046423.678584139095619 ], [ 376542.188909776043147, 2046418.345622882945463 ], [ 376542.181468692841008, 2046337.349872869672254 ] ] } },
{ "type": "Feature", "properties": { "edge_id": "RN_ROAD_00499", "road_id": "RN_ROAD_00499", "source_road_id": "RN_ROAD_00499", "road_class": "residential", "name": null, "length_m": 22.301565943594664, "sampling_status": "mapped", "sampling_method": "road_line_intersected_raster_cells_all_touched", "sampled_intervals": 6, "scenario_peak_max_depth_m": 0.079627469182014465, "scenario_peak_mean_depth_m": 0.054638319959243141, "scenario_peak_p90_depth_m": 0.072801624983549112, "scenario_peak_interval": "090_120", "scenario_max_fraction_gt_0_02m": 1.0, "scenario_max_fraction_gt_0_10m": 0.0, "scenario_max_fraction_gt_0_30m": 0.0, "flood_risk": "low", "flood_risk_rank": 1, "risk_policy": "prototype_depth_band_v1" }, "geometry": { "type": "LineString", "coordinates": [ [ 376644.334607955359388, 2046351.096890041837469 ], [ 376660.090540721314028, 2046335.313657603226602 ] ] } },
{ "type": "Feature", "properties": { "edge_id": "RN_ROAD_00505", "road_id": "RN_ROAD_00505", "source_road_id": "RN_ROAD_00505", "road_class": "residential", "name": null, "length_m": 54.023514308426648, "sampling_status": "mapped", "sampling_method": "road_line_intersected_raster_cells_all_touched", "sampled_intervals": 6, "scenario_peak_max_depth_m": 0.14094625413417816, "scenario_peak_mean_depth_m": 0.1100545624891917, "scenario_peak_p90_depth_m": 0.13467499613761902, "scenario_peak_interval": "090_120", "scenario_max_fraction_gt_0_02m": 1.0, "scenario_max_fraction_gt_0_10m": 0.66666666666666663, "scenario_max_fraction_gt_0_30m": 0.0, "flood_risk": "moderate", "flood_risk_rank": 2, "risk_policy": "prototype_depth_band_v1" }, "geometry": { "type": "LineString", "coordinates": [ [ 376644.334607955359388, 2046351.096890041837469 ], [ 376606.172273842559662, 2046389.33530467026867 ] ] } },
{ "type": "Feature", "properties": { "edge_id": "RN_ROAD_00509", "road_id": "RN_ROAD_00509", "source_road_id": "RN_ROAD_00509", "road_class": "residential", "name": null, "length_m": 110.59063402340144, "sampling_status": "mapped", "sampling_method": "road_line_intersected_raster_cells_all_touched", "sampled_intervals": 6, "scenario_peak_max_depth_m": 0.11028259247541428, "scenario_peak_mean_depth_m": 0.076512937992811197, "scenario_peak_p90_depth_m": 0.10348350554704666, "scenario_peak_interval": "090_120", "scenario_max_fraction_gt_0_02m": 1.0, "scenario_max_fraction_gt_0_10m": 0.2, "scenario_max_fraction_gt_0_30m": 0.0, "flood_risk": "moderate", "flood_risk_rank": 2, "risk_policy": "prototype_depth_band_v1" }, "geometry": { "type": "LineString", "coordinates": [ [ 376644.334607955359388, 2046351.096890041837469 ], [ 376662.645017010625452, 2046369.481562633998692 ], [ 376670.945399254211225, 2046381.18046803586185 ], [ 376677.497318689245731, 2046396.786102993646637 ], [ 376666.002719069365412, 2046403.777067569550127 ], [ 376660.516807143692859, 2046401.167681860504672 ], [ 376654.89161280891858, 2046399.876113657606766 ], [ 376644.256200562929735, 2046402.589858144754544 ], [ 376631.257357651309576, 2046413.69625776167959 ] ] } },
{ "type": "Feature", "properties": { "edge_id": "RN_ROAD_00504", "road_id": "RN_ROAD_00504", "source_road_id": "RN_ROAD_00504", "road_class": "tertiary", "name": [ "Imambhai Shekh Path" ], "length_m": 7.1924960224736383, "sampling_status": "mapped", "sampling_method": "road_line_intersected_raster_cells_all_touched", "sampled_intervals": 6, "scenario_peak_max_depth_m": 0.048274029046297073, "scenario_peak_mean_depth_m": 0.032391889952123165, "scenario_peak_p90_depth_m": 0.045097601227462293, "scenario_peak_interval": "090_120", "scenario_max_fraction_gt_0_02m": 0.5, "scenario_max_fraction_gt_0_10m": 0.0, "scenario_max_fraction_gt_0_30m": 0.0, "flood_risk": "low", "flood_risk_rank": 1, "risk_policy": "prototype_depth_band_v1" }, "geometry": { "type": "LineString", "coordinates": [ [ 376577.327107437478844, 2046361.501718419836834 ], [ 376573.73552582168486, 2046367.733294507022947 ] ] } },
{ "type": "Feature", "properties": { "edge_id": "RN_ROAD_00506", "road_id": "RN_ROAD_00506", "source_road_id": "RN_ROAD_00506", "road_class": "tertiary", "name": [ "Gulwani Maharaj Path" ], "length_m": 32.841819270007306, "sampling_status": "mapped", "sampling_method": "road_line_intersected_raster_cells_all_touched", "sampled_intervals": 6, "scenario_peak_max_depth_m": 0.10958996415138245, "scenario_peak_mean_depth_m": 0.058124581351876259, "scenario_peak_p90_depth_m": 0.097326777130365374, "scenario_peak_interval": "090_120", "scenario_max_fraction_gt_0_02m": 0.66666666666666663, "scenario_max_fraction_gt_0_10m": 0.33333333333333331, "scenario_max_fraction_gt_0_30m": 0.0, "flood_risk": "moderate", "flood_risk_rank": 2, "risk_policy": "prototype_depth_band_v1" }, "geometry": { "type": "LineString", "coordinates": [ [ 376600.976750651141629, 2046384.289422754198313 ], [ 376577.327107437478844, 2046361.501718419836834 ] ] } },
{ "type": "Feature", "properties": { "edge_id": "RN_ROAD_00507", "road_id": "RN_ROAD_00507", "source_road_id": "RN_ROAD_00507", "road_class": "tertiary", "name": [ "Gulwani Maharaj Path" ], "length_m": 31.000754680752081, "sampling_status": "mapped", "sampling_method": "road_line_intersected_raster_cells_all_touched", "sampled_intervals": 6, "scenario_peak_max_depth_m": 0.10958996415138245, "scenario_peak_mean_depth_m": 0.07893199659883976, "scenario_peak_p90_depth_m": 0.1034583706408739, "scenario_peak_interval": "090_120", "scenario_max_fraction_gt_0_02m": 1.0, "scenario_max_fraction_gt_0_10m": 0.5, "scenario_max_fraction_gt_0_30m": 0.0, "flood_risk": "moderate", "flood_risk_rank": 2, "risk_policy": "prototype_depth_band_v1" }, "geometry": { "type": "LineString", "coordinates": [ [ 376573.73552582168486, 2046367.733294507022947 ], [ 376596.057162555109244, 2046389.245879761176184 ] ] } },
{ "type": "Feature", "properties": { "edge_id": "RN_ROAD_00503", "road_id": "RN_ROAD_00503", "source_road_id": "RN_ROAD_00503", "road_class": "residential", "name": null, "length_m": 32.284064370207147, "sampling_status": "mapped", "sampling_method": "road_line_intersected_raster_cells_all_touched", "sampled_intervals": 6, "scenario_peak_max_depth_m": 0.029527157545089722, "scenario_peak_mean_depth_m": 0.018342405557632446, "scenario_peak_p90_depth_m": 0.027290207147598267, "scenario_peak_interval": "090_120", "scenario_max_fraction_gt_0_02m": 0.5, "scenario_max_fraction_gt_0_10m": 0.0, "scenario_max_fraction_gt_0_30m": 0.0, "flood_risk": "low", "flood_risk_rank": 1, "risk_policy": "prototype_depth_band_v1" }, "geometry": { "type": "LineString", "coordinates": [ [ 376505.435160635621287, 2046422.999334499239922 ], [ 376503.608969816181343, 2046418.164037607144564 ], [ 376502.729362987913191, 2046391.062906142789871 ] ] } },
{ "type": "Feature", "properties": { "edge_id": "RN_ROAD_00511", "road_id": "RN_ROAD_00511", "source_road_id": "RN_ROAD_00511", "road_class": "tertiary", "name": [ "Gulwani Maharaj Path" ], "length_m": 7.2425399925363534, "sampling_status": "mapped", "sampling_method": "road_line_intersected_raster_cells_all_touched", "sampled_intervals": 6, "scenario_peak_max_depth_m": 0.10958996415138245, "scenario_peak_mean_depth_m": 0.10958996415138245, "scenario_peak_p90_depth_m": 0.10958996415138245, "scenario_peak_interval": "090_120", "scenario_max_fraction_gt_0_02m": 1.0, "scenario_max_fraction_gt_0_10m": 1.0, "scenario_max_fraction_gt_0_30m": 0.0, "flood_risk": "moderate", "flood_risk_rank": 2, "risk_policy": "prototype_depth_band_v1" }, "geometry": { "type": "LineString", "coordinates": [ [ 376606.172273842559662, 2046389.33530467026867 ], [ 376600.976750651141629, 2046384.289422754198313 ] ] } },
{ "type": "Feature", "properties": { "edge_id": "RN_ROAD_00513", "road_id": "RN_ROAD_00513", "source_road_id": "RN_ROAD_00513", "road_class": "residential", "name": null, "length_m": 6.983165191134959, "sampling_status": "mapped", "sampling_method": "road_line_intersected_raster_cells_all_touched", "sampled_intervals": 6, "scenario_peak_max_depth_m": 0.10958996415138245, "scenario_peak_mean_depth_m": 0.10958996415138245, "scenario_peak_p90_depth_m": 0.10958996415138245, "scenario_peak_interval": "090_120", "scenario_max_fraction_gt_0_02m": 1.0, "scenario_max_fraction_gt_0_10m": 1.0, "scenario_max_fraction_gt_0_30m": 0.0, "flood_risk": "moderate", "flood_risk_rank": 2, "risk_policy": "prototype_depth_band_v1" }, "geometry": { "type": "LineString", "coordinates": [ [ 376601.242056693765335, 2046394.280762682668865 ], [ 376606.172273842559662, 2046389.33530467026867 ] ] } },
{ "type": "Feature", "properties": { "edge_id": "RN_ROAD_00514", "road_id": "RN_ROAD_00514", "source_road_id": "RN_ROAD_00514", "road_class": "tertiary", "name": [ "Gulwani Maharaj Path" ], "length_m": 34.967377156628871, "sampling_status": "mapped", "sampling_method": "road_line_intersected_raster_cells_all_touched", "sampled_intervals": 6, "scenario_peak_max_depth_m": 0.10958996415138245, "scenario_peak_mean_depth_m": 0.066858605792125061, "scenario_peak_p90_depth_m": 0.098446272313594818, "scenario_peak_interval": "090_120", "scenario_max_fraction_gt_0_02m": 1.0, "scenario_max_fraction_gt_0_10m": 0.33333333333333331, "scenario_max_fraction_gt_0_30m": 0.0, "flood_risk": "moderate", "flood_risk_rank": 2, "risk_policy": "prototype_depth_band_v1" }, "geometry": { "type": "LineString", "coordinates": [ [ 376631.257357651309576, 2046413.69625776167959 ], [ 376606.172273842559662, 2046389.33530467026867 ] ] } },
{ "type": "Feature", "properties": { "edge_id": "RN_ROAD_00510", "road_id": "RN_ROAD_00510", "source_road_id": "RN_ROAD_00510", "road_class": "residential", "name": null, "length_m": 6.9834671257652232, "sampling_status": "mapped", "sampling_method": "road_line_intersected_raster_cells_all_touched", "sampled_intervals": 6, "scenario_peak_max_depth_m": 0.10958996415138245, "scenario_peak_mean_depth_m": 0.10958996415138245, "scenario_peak_p90_depth_m": 0.10958996415138245, "scenario_peak_interval": "090_120", "scenario_max_fraction_gt_0_02m": 1.0, "scenario_max_fraction_gt_0_10m": 1.0, "scenario_max_fraction_gt_0_30m": 0.0, "flood_risk": "moderate", "flood_risk_rank": 2, "risk_policy": "prototype_depth_band_v1" }, "geometry": { "type": "LineString", "coordinates": [ [ 376600.976750651141629, 2046384.289422754198313 ], [ 376596.057162555109244, 2046389.245879761176184 ] ] } },
{ "type": "Feature", "properties": { "edge_id": "RN_ROAD_00512", "road_id": "RN_ROAD_00512", "source_road_id": "RN_ROAD_00512", "road_class": "tertiary", "name": [ "Gulwani Maharaj Path" ], "length_m": 7.2272521238856031, "sampling_status": "mapped", "sampling_method": "road_line_intersected_raster_cells_all_touched", "sampled_intervals": 6, "scenario_peak_max_depth_m": 0.10958996415138245, "scenario_peak_mean_depth_m": 0.10958996415138245, "scenario_peak_p90_depth_m": 0.10958996415138245, "scenario_peak_interval": "090_120", "scenario_max_fraction_gt_0_02m": 1.0, "scenario_max_fraction_gt_0_10m": 1.0, "scenario_max_fraction_gt_0_30m": 0.0, "flood_risk": "moderate", "flood_risk_rank": 2, "risk_policy": "prototype_depth_band_v1" }, "geometry": { "type": "LineString", "coordinates": [ [ 376596.057162555109244, 2046389.245879761176184 ], [ 376601.242056693765335, 2046394.280762682668865 ] ] } },
{ "type": "Feature", "properties": { "edge_id": "RN_ROAD_00517", "road_id": "RN_ROAD_00517", "source_road_id": "RN_ROAD_00517", "road_class": "residential", "name": null, "length_m": 64.141109054688712, "sampling_status": "mapped", "sampling_method": "road_line_intersected_raster_cells_all_touched", "sampled_intervals": 6, "scenario_peak_max_depth_m": 0.10958996415138245, "scenario_peak_mean_depth_m": 0.054345646873116493, "scenario_peak_p90_depth_m": 0.091195183619856846, "scenario_peak_interval": "090_120", "scenario_max_fraction_gt_0_02m": 1.0, "scenario_max_fraction_gt_0_10m": 0.25, "scenario_max_fraction_gt_0_30m": 0.0, "flood_risk": "moderate", "flood_risk_rank": 2, "risk_policy": "prototype_depth_band_v1" }, "geometry": { "type": "LineString", "coordinates": [ [ 376592.525651298055891, 2046452.026930428808555 ], [ 376591.509648436971474, 2046396.225099764531478 ], [ 376596.057162555109244, 2046389.245879761176184 ] ] } },
{ "type": "Feature", "properties": { "edge_id": "RN_ROAD_00516", "road_id": "RN_ROAD_00516", "source_road_id": "RN_ROAD_00516", "road_class": "residential", "name": null, "length_m": 7.010767954611743, "sampling_status": "mapped", "sampling_method": "road_line_intersected_raster_cells_all_touched", "sampled_intervals": 6, "scenario_peak_max_depth_m": 0.053871504962444305, "scenario_peak_mean_depth_m": 0.053871504962444305, "scenario_peak_p90_depth_m": 0.053871504962444305, "scenario_peak_interval": "090_120", "scenario_max_fraction_gt_0_02m": 1.0, "scenario_max_fraction_gt_0_10m": 0.0, "scenario_max_fraction_gt_0_30m": 0.0, "flood_risk": "low", "flood_risk_rank": 1, "risk_policy": "prototype_depth_band_v1" }, "geometry": { "type": "LineString", "coordinates": [ [ 376625.923376456543338, 2046418.245929390192032 ], [ 376631.257357651309576, 2046413.69625776167959 ] ] } },
{ "type": "Feature", "properties": { "edge_id": "RN_ROAD_00518", "road_id": "RN_ROAD_00518", "source_road_id": "RN_ROAD_00518", "road_class": "tertiary", "name": [ "Gulwani Maharaj Path" ], "length_m": 137.53773174762239, "sampling_status": "mapped", "sampling_method": "road_line_intersected_raster_cells_all_touched", "sampled_intervals": 6, "scenario_peak_max_depth_m": 0.075278960168361664, "scenario_peak_mean_depth_m": 0.040306355205497572, "scenario_peak_p90_depth_m": 0.074717260897159576, "scenario_peak_interval": "090_120", "scenario_max_fraction_gt_0_02m": 0.7142857142857143, "scenario_max_fraction_gt_0_10m": 0.0, "scenario_max_fraction_gt_0_30m": 0.0, "flood_risk": "low", "flood_risk_rank": 1, "risk_policy": "prototype_depth_band_v1" }, "geometry": { "type": "LineString", "coordinates": [ [ 376735.745941321772989, 2046502.924313129391521 ], [ 376702.014284884440713, 2046476.948144861496985 ], [ 376680.287255156843457, 2046459.183145631104708 ], [ 376655.534850084979553, 2046437.265679558739066 ], [ 376631.257357651309576, 2046413.69625776167959 ] ] } },
{ "type": "Feature", "properties": { "edge_id": "RN_ROAD_00515", "road_id": "RN_ROAD_00515", "source_road_id": "RN_ROAD_00515", "road_class": "tertiary", "name": [ "Gulwani Maharaj Path" ], "length_m": 34.401987741290078, "sampling_status": "mapped", "sampling_method": "road_line_intersected_raster_cells_all_touched", "sampled_intervals": 6, "scenario_peak_max_depth_m": 0.10958996415138245, "scenario_peak_mean_depth_m": 0.066858605792125061, "scenario_peak_p90_depth_m": 0.098446272313594818, "scenario_peak_interval": "090_120", "scenario_max_fraction_gt_0_02m": 1.0, "scenario_max_fraction_gt_0_10m": 0.33333333333333331, "scenario_max_fraction_gt_0_30m": 0.0, "flood_risk": "moderate", "flood_risk_rank": 2, "risk_policy": "prototype_depth_band_v1" }, "geometry": { "type": "LineString", "coordinates": [ [ 376601.242056693765335, 2046394.280762682668865 ], [ 376625.923376456543338, 2046418.245929390192032 ] ] } },
{ "type": "Feature", "properties": { "edge_id": "RN_ROAD_00519", "road_id": "RN_ROAD_00519", "source_road_id": "RN_ROAD_00519", "road_class": "tertiary", "name": [ "Gulwani Maharaj Path" ], "length_m": 139.24373942661734, "sampling_status": "mapped", "sampling_method": "road_line_intersected_raster_cells_all_touched", "sampled_intervals": 6, "scenario_peak_max_depth_m": 0.075278960168361664, "scenario_peak_mean_depth_m": 0.046914063394069672, "scenario_peak_p90_depth_m": 0.074717260897159576, "scenario_peak_interval": "090_120", "scenario_max_fraction_gt_0_02m": 0.8571428571428571, "scenario_max_fraction_gt_0_10m": 0.0, "scenario_max_fraction_gt_0_30m": 0.0, "flood_risk": "low", "flood_risk_rank": 1, "risk_policy": "prototype_depth_band_v1" }, "geometry": { "type": "LineString", "coordinates": [ [ 376625.923376456543338, 2046418.245929390192032 ], [ 376650.753370428457856, 2046442.354026743443683 ], [ 376662.465904787473846, 2046452.724990868940949 ], [ 376675.728771522466559, 2046464.469240458449349 ], [ 376697.646837177220732, 2046482.387929310789332 ], [ 376731.686232177133206, 2046508.605561924632639 ] ] } },
{ "type": "Feature", "properties": { "edge_id": "RN_ROAD_00521", "road_id": "RN_ROAD_00521", "source_road_id": "RN_ROAD_00521", "road_class": "residential", "name": null, "length_m": 6.9826804461109715, "sampling_status": "mapped", "sampling_method": "road_line_intersected_raster_cells_all_touched", "sampled_intervals": 6, "scenario_peak_max_depth_m": 0.017243104055523872, "scenario_peak_mean_depth_m": 0.017243104055523872, "scenario_peak_p90_depth_m": 0.017243104055523872, "scenario_peak_interval": "090_120", "scenario_max_fraction_gt_0_02m": 0.0, "scenario_max_fraction_gt_0_10m": 0.0, "scenario_max_fraction_gt_0_30m": 0.0, "flood_risk": "minimal", "flood_risk_rank": 0, "risk_policy": "prototype_depth_band_v1" }, "geometry": { "type": "LineString", "coordinates": [ [ 376735.745941321772989, 2046502.924313129391521 ], [ 376731.686232177133206, 2046508.605561924632639 ] ] } },
{ "type": "Feature", "properties": { "edge_id": "RN_ROAD_00554", "road_id": "RN_ROAD_00554", "source_road_id": "RN_ROAD_00554", "road_class": "tertiary", "name": [ "Gulwani Maharaj Path" ], "length_m": 61.832760208041421, "sampling_status": "mapped", "sampling_method": "road_line_intersected_raster_cells_all_touched", "sampled_intervals": 6, "scenario_peak_max_depth_m": 0.028592396527528763, "scenario_peak_mean_depth_m": 0.019854911835864186, "scenario_peak_p90_depth_m": 0.027956843189895154, "scenario_peak_interval": "090_120", "scenario_max_fraction_gt_0_02m": 0.5, "scenario_max_fraction_gt_0_10m": 0.0, "scenario_max_fraction_gt_0_30m": 0.0, "flood_risk": "low", "flood_risk_rank": 1, "risk_policy": "prototype_depth_band_v1" }, "geometry": { "type": "LineString", "coordinates": [ [ 376790.034950629458763, 2046530.726359001128003 ], [ 376777.938489028369077, 2046527.90516218286939 ], [ 376765.005587822699454, 2046523.086345464922488 ], [ 376757.229008740163408, 2046518.898173978086561 ], [ 376748.977590313530527, 2046513.119500303408131 ], [ 376735.745941321772989, 2046502.924313129391521 ] ] } },
{ "type": "Feature", "properties": { "edge_id": "RN_ROAD_00522", "road_id": "RN_ROAD_00522", "source_road_id": "RN_ROAD_00522", "road_class": "residential", "name": null, "length_m": 202.98961960729056, "sampling_status": "mapped", "sampling_method": "road_line_intersected_raster_cells_all_touched", "sampled_intervals": 6, "scenario_peak_max_depth_m": 0.061880942434072495, "scenario_peak_mean_depth_m": 0.041253133793361485, "scenario_peak_p90_depth_m": 0.061304397508502008, "scenario_peak_interval": "090_120", "scenario_max_fraction_gt_0_02m": 0.75, "scenario_max_fraction_gt_0_10m": 0.0, "scenario_max_fraction_gt_0_30m": 0.0, "flood_risk": "low", "flood_risk_rank": 1, "risk_policy": "prototype_depth_band_v1" }, "geometry": { "type": "LineString", "coordinates": [ [ 376528.972986757347826, 2046505.104186583310366 ], [ 376543.265533063269686, 2046507.922065518330783 ], [ 376649.227136738889385, 2046508.309231964871287 ], [ 376731.686232177133206, 2046508.605561924632639 ] ] } },
{ "type": "Feature", "properties": { "edge_id": "RN_ROAD_00555", "road_id": "RN_ROAD_00555", "source_road_id": "RN_ROAD_00555", "road_class": "tertiary", "name": [ "Gulwani Maharaj Path" ], "length_m": 63.005569179776785, "sampling_status": "mapped", "sampling_method": "road_line_intersected_raster_cells_all_touched", "sampled_intervals": 6, "scenario_peak_max_depth_m": 0.028592396527528763, "scenario_peak_mean_depth_m": 0.024921498727053404, "scenario_peak_p90_depth_m": 0.028227660246193408, "scenario_peak_interval": "090_120", "scenario_max_fraction_gt_0_02m": 0.75, "scenario_max_fraction_gt_0_10m": 0.0, "scenario_max_fraction_gt_0_30m": 0.0, "flood_risk": "low", "flood_risk_rank": 1, "risk_policy": "prototype_depth_band_v1" }, "geometry": { "type": "LineString", "coordinates": [ [ 376731.686232177133206, 2046508.605561924632639 ], [ 376744.822361664031632, 2046518.723898597992957 ], [ 376753.529825113364495, 2046524.820549133699387 ], [ 376761.889137773774564, 2046529.325878481613472 ], [ 376773.645937533292454, 2046533.499375537736341 ], [ 376787.330987545661628, 2046535.447108986089006 ] ] } },
{ "type": "Feature", "properties": { "edge_id": "RN_ROAD_00520", "road_id": "RN_ROAD_00520", "source_road_id": "RN_ROAD_00520", "road_class": "residential", "name": null, "length_m": 41.314047161905307, "sampling_status": "mapped", "sampling_method": "road_line_intersected_raster_cells_all_touched", "sampled_intervals": 6, "scenario_peak_max_depth_m": 0.011020452715456486, "scenario_peak_mean_depth_m": 0.011020452715456486, "scenario_peak_p90_depth_m": 0.011020452715456486, "scenario_peak_interval": "090_120", "scenario_max_fraction_gt_0_02m": 0.0, "scenario_max_fraction_gt_0_10m": 0.0, "scenario_max_fraction_gt_0_30m": 0.0, "flood_risk": "minimal", "flood_risk_rank": 0, "risk_policy": "prototype_depth_band_v1" }, "geometry": { "type": "LineString", "coordinates": [ [ 376528.972986757347826, 2046505.104186583310366 ], [ 376520.896471706219018, 2046503.518682127818465 ], [ 376489.840333385393023, 2046492.11578105809167 ] ] } },
{ "type": "Feature", "properties": { "edge_id": "RN_ROAD_00523", "road_id": "RN_ROAD_00523", "source_road_id": "RN_ROAD_00523", "road_class": "residential", "name": null, "length_m": 12.441899887466713, "sampling_status": "mapped", "sampling_method": "road_line_intersected_raster_cells_all_touched", "sampled_intervals": 6, "scenario_peak_max_depth_m": 0.011020452715456486, "scenario_peak_mean_depth_m": 0.0070693936431780457, "scenario_peak_p90_depth_m": 0.010230240901000798, "scenario_peak_interval": "090_120", "scenario_max_fraction_gt_0_02m": 0.0, "scenario_max_fraction_gt_0_10m": 0.0, "scenario_max_fraction_gt_0_30m": 0.0, "flood_risk": "minimal", "flood_risk_rank": 0, "risk_policy": "prototype_depth_band_v1" }, "geometry": { "type": "LineString", "coordinates": [ [ 376525.830840975278988, 2046517.142782543553039 ], [ 376528.972986757347826, 2046505.104186583310366 ] ] } },
{ "type": "Feature", "properties": { "edge_id": "RN_ROAD_00556", "road_id": "RN_ROAD_00556", "source_road_id": "RN_ROAD_00556", "road_class": "residential", "name": null, "length_m": 43.988610861901286, "sampling_status": "mapped", "sampling_method": "road_line_intersected_raster_cells_all_touched", "sampled_intervals": 6, "scenario_peak_max_depth_m": 0.0031183345708996058, "scenario_peak_mean_depth_m": 0.001934209605678916, "scenario_peak_p90_depth_m": 0.0028815095778554679, "scenario_peak_interval": "090_120", "scenario_max_fraction_gt_0_02m": 0.0, "scenario_max_fraction_gt_0_10m": 0.0, "scenario_max_fraction_gt_0_30m": 0.0, "flood_risk": "minimal", "flood_risk_rank": 0, "risk_policy": "prototype_depth_band_v1" }, "geometry": { "type": "LineString", "coordinates": [ [ 376525.830840975278988, 2046517.142782543553039 ], [ 376505.467447583912872, 2046525.718508136924356 ], [ 376484.678738509770483, 2046532.584229966625571 ] ] } },
{ "type": "Feature", "properties": { "edge_id": "RN_ROAD_00557", "road_id": "RN_ROAD_00557", "source_road_id": "RN_ROAD_00557", "road_class": "residential", "name": null, "length_m": 83.460638419477448, "sampling_status": "mapped", "sampling_method": "road_line_intersected_raster_cells_all_touched", "sampled_intervals": 6, "scenario_peak_max_depth_m": 0.0031183345708996058, "scenario_peak_mean_depth_m": 0.0014517063536914065, "scenario_peak_p90_depth_m": 0.002683584741316736, "scenario_peak_interval": "090_120", "scenario_max_fraction_gt_0_02m": 0.0, "scenario_max_fraction_gt_0_10m": 0.0, "scenario_max_fraction_gt_0_30m": 0.0, "flood_risk": "minimal", "flood_risk_rank": 0, "risk_policy": "prototype_depth_band_v1" }, "geometry": { "type": "LineString", "coordinates": [ [ 376525.830840975278988, 2046517.142782543553039 ], [ 376523.98673843202414, 2046524.204102555522695 ], [ 376549.269333331263624, 2046596.047790125012398 ] ] } },
{ "type": "Feature", "properties": { "edge_id": "RN_ROAD_00528", "road_id": "RN_ROAD_00528", "source_road_id": "RN_ROAD_00528", "road_class": "residential", "name": null, "length_m": 26.96845598273519, "sampling_status": "mapped", "sampling_method": "road_line_intersected_raster_cells_all_touched", "sampled_intervals": 6, "scenario_peak_max_depth_m": 0.0072278939187526703, "scenario_peak_mean_depth_m": 0.0060023728292435408, "scenario_peak_p90_depth_m": 0.006982789700850844, "scenario_peak_interval": "090_120", "scenario_max_fraction_gt_0_02m": 0.0, "scenario_max_fraction_gt_0_10m": 0.0, "scenario_max_fraction_gt_0_30m": 0.0, "flood_risk": "minimal", "flood_risk_rank": 0, "risk_policy": "prototype_depth_band_v1" }, "geometry": { "type": "LineString", "coordinates": [ [ 377372.450853201095015, 2046442.387867128709331 ], [ 377372.277294739615172, 2046415.419969629030675 ] ] } },
{ "type": "Feature", "properties": { "edge_id": "RN_ROAD_00530", "road_id": "RN_ROAD_00530", "source_road_id": "RN_ROAD_00530", "road_class": "residential", "name": null, "length_m": 49.242204549989836, "sampling_status": "mapped", "sampling_method": "road_line_intersected_raster_cells_all_touched", "sampled_intervals": 6, "scenario_peak_max_depth_m": 0.021732177585363388, "scenario_peak_mean_depth_m": 0.013664730824530125, "scenario_peak_p90_depth_m": 0.020118688233196735, "scenario_peak_interval": "090_120", "scenario_max_fraction_gt_0_02m": 0.5, "scenario_max_fraction_gt_0_10m": 0.0, "scenario_max_fraction_gt_0_30m": 0.0, "flood_risk": "low", "flood_risk_rank": 1, "risk_policy": "prototype_depth_band_v1" }, "geometry": { "type": "LineString", "coordinates": [ [ 377350.392554491758347, 2046461.630590594606474 ], [ 377399.630336596397683, 2046460.970649416092783 ] ] } },
{ "type": "Feature", "properties": { "edge_id": "RN_ROAD_00531", "road_id": "RN_ROAD_00531", "source_road_id": "RN_ROAD_00531", "road_class": "residential", "name": null, "length_m": 71.740362403482266, "sampling_status": "mapped", "sampling_method": "road_line_intersected_raster_cells_all_touched", "sampled_intervals": 6, "scenario_peak_max_depth_m": 0.0055972840636968613, "scenario_peak_mean_depth_m": 0.0036352760798763484, "scenario_peak_p90_depth_m": 0.0054206075146794319, "scenario_peak_interval": "090_120", "scenario_max_fraction_gt_0_02m": 0.0, "scenario_max_fraction_gt_0_10m": 0.0, "scenario_max_fraction_gt_0_30m": 0.0, "flood_risk": "minimal", "flood_risk_rank": 0, "risk_policy": "prototype_depth_band_v1" }, "geometry": { "type": "LineString", "coordinates": [ [ 377278.656959998013917, 2046462.457682132488117 ], [ 377350.392554491758347, 2046461.630590594606474 ] ] } },
{ "type": "Feature", "properties": { "edge_id": "RN_ROAD_00532", "road_id": "RN_ROAD_00532", "source_road_id": "RN_ROAD_00532", "road_class": "residential", "name": null, "length_m": 44.157895849000347, "sampling_status": "mapped", "sampling_method": "road_line_intersected_raster_cells_all_touched", "sampled_intervals": 6, "scenario_peak_max_depth_m": 0.0061465357430279255, "scenario_peak_mean_depth_m": 0.0058719099033623934, "scenario_peak_p90_depth_m": 0.0060916105750948189, "scenario_peak_interval": "090_120", "scenario_max_fraction_gt_0_02m": 0.0, "scenario_max_fraction_gt_0_10m": 0.0, "scenario_max_fraction_gt_0_30m": 0.0, "flood_risk": "minimal", "flood_risk_rank": 0, "risk_policy": "prototype_depth_band_v1" }, "geometry": { "type": "LineString", "coordinates": [ [ 377351.236317465896718, 2046505.780424454482272 ], [ 377350.392554491758347, 2046461.630590594606474 ] ] } },
{ "type": "Feature", "properties": { "edge_id": "RN_ROAD_00533", "road_id": "RN_ROAD_00533", "source_road_id": "RN_ROAD_00533", "road_class": "residential", "name": null, "length_m": 46.168623304439819, "sampling_status": "mapped", "sampling_method": "road_line_intersected_raster_cells_all_touched", "sampled_intervals": 6, "scenario_peak_max_depth_m": 0.014574402943253517, "scenario_peak_mean_depth_m": 0.010360469343140721, "scenario_peak_p90_depth_m": 0.013731616223230958, "scenario_peak_interval": "090_120", "scenario_max_fraction_gt_0_02m": 0.0, "scenario_max_fraction_gt_0_10m": 0.0, "scenario_max_fraction_gt_0_30m": 0.0, "flood_risk": "minimal", "flood_risk_rank": 0, "risk_policy": "prototype_depth_band_v1" }, "geometry": { "type": "LineString", "coordinates": [ [ 377397.404121764178853, 2046505.505426085786894 ], [ 377351.236317465896718, 2046505.780424454482272 ] ] } },
{ "type": "Feature", "properties": { "edge_id": "RN_ROAD_00544", "road_id": "RN_ROAD_00544", "source_road_id": "RN_ROAD_00544", "road_class": "residential", "name": null, "length_m": 70.153614066932661, "sampling_status": "mapped", "sampling_method": "road_line_intersected_raster_cells_all_touched", "sampled_intervals": 6, "scenario_peak_max_depth_m": 0.0061465357430279255, "scenario_peak_mean_depth_m": 0.0040301249246113002, "scenario_peak_p90_depth_m": 0.0060530153568834066, "scenario_peak_interval": "090_120", "scenario_max_fraction_gt_0_02m": 0.0, "scenario_max_fraction_gt_0_10m": 0.0, "scenario_max_fraction_gt_0_30m": 0.0, "flood_risk": "minimal", "flood_risk_rank": 0, "risk_policy": "prototype_depth_band_v1" }, "geometry": { "type": "LineString", "coordinates": [ [ 377281.099766536906827, 2046507.327612367225811 ], [ 377351.236317465896718, 2046505.780424454482272 ] ] } },
{ "type": "Feature", "properties": { "edge_id": "RN_ROAD_00545", "road_id": "RN_ROAD_00545", "source_road_id": "RN_ROAD_00545", "road_class": "residential", "name": null, "length_m": 41.148578760899632, "sampling_status": "mapped", "sampling_method": "road_line_intersected_raster_cells_all_touched", "sampled_intervals": 6, "scenario_peak_max_depth_m": 0.008832552470266819, "scenario_peak_mean_depth_m": 0.0056196635123342276, "scenario_peak_p90_depth_m": 0.008295349124819041, "scenario_peak_interval": "090_120", "scenario_max_fraction_gt_0_02m": 0.0, "scenario_max_fraction_gt_0_10m": 0.0, "scenario_max_fraction_gt_0_30m": 0.0, "flood_risk": "minimal", "flood_risk_rank": 0, "risk_policy": "prototype_depth_band_v1" }, "geometry": { "type": "LineString", "coordinates": [ [ 377352.092380267684348, 2046546.920097405556589 ], [ 377351.236317465896718, 2046505.780424454482272 ] ] } },
{ "type": "Feature", "properties": { "edge_id": "RN_ROAD_00534", "road_id": "RN_ROAD_00534", "source_road_id": "RN_ROAD_00534", "road_class": "residential", "name": null, "length_m": 27.759811584576703, "sampling_status": "mapped", "sampling_method": "road_line_intersected_raster_cells_all_touched", "sampled_intervals": 6, "scenario_peak_max_depth_m": 0.0029254141263663769, "scenario_peak_mean_depth_m": 0.0018991873657796532, "scenario_peak_p90_depth_m": 0.0027201687742490323, "scenario_peak_interval": "090_120", "scenario_max_fraction_gt_0_02m": 0.0, "scenario_max_fraction_gt_0_10m": 0.0, "scenario_max_fraction_gt_0_30m": 0.0, "flood_risk": "minimal", "flood_risk_rank": 0, "risk_policy": "prototype_depth_band_v1" }, "geometry": { "type": "LineString", "coordinates": [ [ 377032.019814353843685, 2046465.0327305321116 ], [ 377020.368140680133365, 2046490.228873884072527 ] ] } },
{ "type": "Feature", "properties": { "edge_id": "RN_ROAD_00538", "road_id": "RN_ROAD_00538", "source_road_id": "RN_ROAD_00538", "road_class": "residential", "name": null, "length_m": 25.903323388117599, "sampling_status": "mapped", "sampling_method": "road_line_intersected_raster_cells_all_touched", "sampled_intervals": 6, "scenario_peak_max_depth_m": 0.010457730852067471, "scenario_peak_mean_depth_m": 0.0056653457286302, "scenario_peak_p90_depth_m": 0.0094992538273800161, "scenario_peak_interval": "090_120", "scenario_max_fraction_gt_0_02m": 0.0, "scenario_max_fraction_gt_0_10m": 0.0, "scenario_max_fraction_gt_0_30m": 0.0, "flood_risk": "minimal", "flood_risk_rank": 0, "risk_policy": "prototype_depth_band_v1" }, "geometry": { "type": "LineString", "coordinates": [ [ 377020.368140680133365, 2046490.228873884072527 ], [ 377044.209868598962203, 2046500.355777280172333 ] ] } },
{ "type": "Feature", "properties": { "edge_id": "RN_ROAD_00542", "road_id": "RN_ROAD_00542", "source_road_id": "RN_ROAD_00542", "road_class": "tertiary", "name": [ "Gulwani Maharaj Path" ], "length_m": 13.296628666610653, "sampling_status": "mapped", "sampling_method": "road_line_intersected_raster_cells_all_touched", "sampled_intervals": 6, "scenario_peak_max_depth_m": 0.028592396527528763, "scenario_peak_mean_depth_m": 0.018366745207458735, "scenario_peak_p90_depth_m": 0.026547266263514759, "scenario_peak_interval": "090_120", "scenario_max_fraction_gt_0_02m": 0.5, "scenario_max_fraction_gt_0_10m": 0.0, "scenario_max_fraction_gt_0_30m": 0.0, "flood_risk": "low", "flood_risk_rank": 1, "risk_policy": "prototype_depth_band_v1" }, "geometry": { "type": "LineString", "coordinates": [ [ 376802.998048249457497, 2046533.685824154177681 ], [ 376790.034950629458763, 2046530.726359001128003 ] ] } },
{ "type": "Feature", "properties": { "edge_id": "RN_ROAD_00558", "road_id": "RN_ROAD_00558", "source_road_id": "RN_ROAD_00558", "road_class": "secondary", "name": [ "Amrutrao Khilare Path" ], "length_m": 139.93713144357974, "sampling_status": "mapped", "sampling_method": "road_line_intersected_raster_cells_all_touched", "sampled_intervals": 6, "scenario_peak_max_depth_m": 0.07301456481218338, "scenario_peak_mean_depth_m": 0.031472224209989817, "scenario_peak_p90_depth_m": 0.066231890767812732, "scenario_peak_interval": "090_120", "scenario_max_fraction_gt_0_02m": 0.42857142857142855, "scenario_max_fraction_gt_0_10m": 0.0, "scenario_max_fraction_gt_0_30m": 0.0, "flood_risk": "low", "flood_risk_rank": 1, "risk_policy": "prototype_depth_band_v1" }, "geometry": { "type": "LineString", "coordinates": [ [ 376744.759004746563733, 2046660.707583985524252 ], [ 376763.90451149083674, 2046625.447575567988679 ], [ 376765.375566580507439, 2046622.72676640865393 ], [ 376772.686758880794514, 2046605.570659712189808 ], [ 376779.781592624261975, 2046587.60810136469081 ], [ 376787.4996523433947, 2046568.05900634243153 ], [ 376793.856889033981133, 2046551.949331797659397 ], [ 376802.998048249457497, 2046533.685824154177681 ] ] } },
{ "type": "Feature", "properties": { "edge_id": "RN_ROAD_00564", "road_id": "RN_ROAD_00564", "source_road_id": "RN_ROAD_00564", "road_class": "tertiary", "name": [ "Gulwani Maharaj Path" ], "length_m": 15.765751341295015, "sampling_status": "mapped", "sampling_method": "road_line_intersected_raster_cells_all_touched", "sampled_intervals": 6, "scenario_peak_max_depth_m": 0.028592396527528763, "scenario_peak_mean_depth_m": 0.018366745207458735, "scenario_peak_p90_depth_m": 0.026547266263514759, "scenario_peak_interval": "090_120", "scenario_max_fraction_gt_0_02m": 0.5, "scenario_max_fraction_gt_0_10m": 0.0, "scenario_max_fraction_gt_0_30m": 0.0, "flood_risk": "low", "flood_risk_rank": 1, "risk_policy": "prototype_depth_band_v1" }, "geometry": { "type": "LineString", "coordinates": [ [ 376787.330987545661628, 2046535.447108986089006 ], [ 376802.998048249457497, 2046533.685824154177681 ] ] } },
{ "type": "Feature", "properties": { "edge_id": "RN_ROAD_00565", "road_id": "RN_ROAD_00565", "source_road_id": "RN_ROAD_00565", "road_class": "residential", "name": null, "length_m": 35.965093906912095, "sampling_status": "mapped", "sampling_method": "road_line_intersected_raster_cells_all_touched", "sampled_intervals": 6, "scenario_peak_max_depth_m": 0.0081410938873887062, "scenario_peak_mean_depth_m": 0.0051828924333676696, "scenario_peak_p90_depth_m": 0.0075494535965844991, "scenario_peak_interval": "090_120", "scenario_max_fraction_gt_0_02m": 0.0, "scenario_max_fraction_gt_0_10m": 0.0, "scenario_max_fraction_gt_0_30m": 0.0, "flood_risk": "minimal", "flood_risk_rank": 0, "risk_policy": "prototype_depth_band_v1" }, "geometry": { "type": "LineString", "coordinates": [ [ 376836.799334664246999, 2046545.972443560604006 ], [ 376802.998048249457497, 2046533.685824154177681 ] ] } },
{ "type": "Feature", "properties": { "edge_id": "RN_ROAD_00540", "road_id": "RN_ROAD_00540", "source_road_id": "RN_ROAD_00540", "road_class": "residential", "name": null, "length_m": 73.587956059103931, "sampling_status": "mapped", "sampling_method": "road_line_intersected_raster_cells_all_touched", "sampled_intervals": 6, "scenario_peak_max_depth_m": 0.014023176394402981, "scenario_peak_mean_depth_m": 0.0081814785953611135, "scenario_peak_p90_depth_m": 0.012740535661578178, "scenario_peak_interval": "090_120", "scenario_max_fraction_gt_0_02m": 0.0, "scenario_max_fraction_gt_0_10m": 0.0, "scenario_max_fraction_gt_0_30m": 0.0, "flood_risk": "minimal", "flood_risk_rank": 0, "risk_policy": "prototype_depth_band_v1" }, "geometry": { "type": "LineString", "coordinates": [ [ 376988.083544351160526, 2046514.982768226414919 ], [ 376974.622932667494752, 2046506.913669176865369 ], [ 376948.495264421508182, 2046502.489793646149337 ], [ 376917.112110132700764, 2046503.334356124745682 ] ] } },
{ "type": "Feature", "properties": { "edge_id": "RN_ROAD_00541", "road_id": "RN_ROAD_00541", "source_road_id": "RN_ROAD_00541", "road_class": "residential", "name": [ "Gangaram Dhanvat Path" ], "length_m": 31.665099607705439, "sampling_status": "mapped", "sampling_method": "road_line_intersected_raster_cells_all_touched", "sampled_intervals": 6, "scenario_peak_max_depth_m": 0.0048305601812899113, "scenario_peak_mean_depth_m": 0.0029563514981418848, "scenario_peak_p90_depth_m": 0.004455718444660306, "scenario_peak_interval": "090_120", "scenario_max_fraction_gt_0_02m": 0.0, "scenario_max_fraction_gt_0_10m": 0.0, "scenario_max_fraction_gt_0_30m": 0.0, "flood_risk": "minimal", "flood_risk_rank": 0, "risk_policy": "prototype_depth_band_v1" }, "geometry": { "type": "LineString", "coordinates": [ [ 376918.615052369248588, 2046534.963768035173416 ], [ 376917.112110132700764, 2046503.334356124745682 ] ] } },
{ "type": "Feature", "properties": { "edge_id": "RN_ROAD_00543", "road_id": "RN_ROAD_00543", "source_road_id": "RN_ROAD_00543", "road_class": "secondary", "name": [ "Amrutrao Khilare Path" ], "length_m": 5.4403030043414882, "sampling_status": "mapped", "sampling_method": "road_line_intersected_raster_cells_all_touched", "sampled_intervals": 6, "scenario_peak_max_depth_m": 0.028592396527528763, "scenario_peak_mean_depth_m": 0.028592396527528763, "scenario_peak_p90_depth_m": 0.028592396527528763, "scenario_peak_interval": "090_120", "scenario_max_fraction_gt_0_02m": 1.0, "scenario_max_fraction_gt_0_10m": 0.0, "scenario_max_fraction_gt_0_30m": 0.0, "flood_risk": "low", "flood_risk_rank": 1, "risk_policy": "prototype_depth_band_v1" }, "geometry": { "type": "LineString", "coordinates": [ [ 376790.034950629458763, 2046530.726359001128003 ], [ 376787.330987545661628, 2046535.447108986089006 ] ] } },
{ "type": "Feature", "properties": { "edge_id": "RN_ROAD_00567", "road_id": "RN_ROAD_00567", "source_road_id": "RN_ROAD_00567", "road_class": "residential", "name": null, "length_m": 101.71214144917526, "sampling_status": "mapped", "sampling_method": "road_line_intersected_raster_cells_all_touched", "sampled_intervals": 6, "scenario_peak_max_depth_m": 0.023055601865053177, "scenario_peak_mean_depth_m": 0.012784868851304055, "scenario_peak_p90_depth_m": 0.019972480461001398, "scenario_peak_interval": "090_120", "scenario_max_fraction_gt_0_02m": 0.2, "scenario_max_fraction_gt_0_10m": 0.0, "scenario_max_fraction_gt_0_30m": 0.0, "flood_risk": "low", "flood_risk_rank": 1, "risk_policy": "prototype_depth_band_v1" }, "geometry": { "type": "LineString", "coordinates": [ [ 377005.516687198658474, 2046610.163823483744636 ], [ 377002.469330410764087, 2046528.988611980108544 ], [ 376996.341868282295763, 2046520.208171286387369 ], [ 376988.083544351160526, 2046514.982768226414919 ] ] } },
{ "type": "Feature", "properties": { "edge_id": "RN_ROAD_00569", "road_id": "RN_ROAD_00569", "source_road_id": "RN_ROAD_00569", "road_class": "residential", "name": null, "length_m": 112.99827839520864, "sampling_status": "mapped", "sampling_method": "road_line_intersected_raster_cells_all_touched", "sampled_intervals": 6, "scenario_peak_max_depth_m": 0.011615277267992496, "scenario_peak_mean_depth_m": 0.0077803373957673711, "scenario_peak_p90_depth_m": 0.0099231470376253128, "scenario_peak_interval": "090_120", "scenario_max_fraction_gt_0_02m": 0.0, "scenario_max_fraction_gt_0_10m": 0.0, "scenario_max_fraction_gt_0_30m": 0.0, "flood_risk": "minimal", "flood_risk_rank": 0, "risk_policy": "prototype_depth_band_v1" }, "geometry": { "type": "LineString", "coordinates": [ [ 376975.515733153093606, 2046623.925047870725393 ], [ 376974.957888422068208, 2046537.532503450289369 ], [ 376979.540318571496755, 2046524.49978160741739 ], [ 376988.083544351160526, 2046514.982768226414919 ] ] } },
{ "type": "Feature", "properties": { "edge_id": "RN_ROAD_00566", "road_id": "RN_ROAD_00566", "source_road_id": "RN_ROAD_00566", "road_class": "residential", "name": null, "length_m": 88.39093749500239, "sampling_status": "mapped", "sampling_method": "road_line_intersected_raster_cells_all_touched", "sampled_intervals": 6, "scenario_peak_max_depth_m": 0.0048305601812899113, "scenario_peak_mean_depth_m": 0.0035597019984076419, "scenario_peak_p90_depth_m": 0.0045892191119492054, "scenario_peak_interval": "090_120", "scenario_max_fraction_gt_0_02m": 0.0, "scenario_max_fraction_gt_0_10m": 0.0, "scenario_max_fraction_gt_0_30m": 0.0, "flood_risk": "minimal", "flood_risk_rank": 0, "risk_policy": "prototype_depth_band_v1" }, "geometry": { "type": "LineString", "coordinates": [ [ 376918.615052369248588, 2046534.963768035173416 ], [ 376840.958572424133308, 2046536.085304285632446 ], [ 376836.799334664246999, 2046545.972443560604006 ] ] } },
{ "type": "Feature", "properties": { "edge_id": "RN_ROAD_00570", "road_id": "RN_ROAD_00570", "source_road_id": "RN_ROAD_00570", "road_class": "residential", "name": [ "Gangaram Dhanvat Path" ], "length_m": 85.392035467967872, "sampling_status": "mapped", "sampling_method": "road_line_intersected_raster_cells_all_touched", "sampled_intervals": 6, "scenario_peak_max_depth_m": 0.016359727829694748, "scenario_peak_mean_depth_m": 0.0087521262466907501, "scenario_peak_p90_depth_m": 0.013738566730171443, "scenario_peak_interval": "090_120", "scenario_max_fraction_gt_0_02m": 0.0, "scenario_max_fraction_gt_0_10m": 0.0, "scenario_max_fraction_gt_0_30m": 0.0, "flood_risk": "minimal", "flood_risk_rank": 0, "risk_policy": "prototype_depth_band_v1" }, "geometry": { "type": "LineString", "coordinates": [ [ 376918.615052369248588, 2046534.963768035173416 ], [ 376922.650154747418128, 2046620.260413163574412 ] ] } },
{ "type": "Feature", "properties": { "edge_id": "RN_ROAD_00568", "road_id": "RN_ROAD_00568", "source_road_id": "RN_ROAD_00568", "road_class": "secondary", "name": [ "Amrutrao Khilare Path" ], "length_m": 70.527537806747517, "sampling_status": "mapped", "sampling_method": "road_line_intersected_raster_cells_all_touched", "sampled_intervals": 6, "scenario_peak_max_depth_m": 0.061710108071565628, "scenario_peak_mean_depth_m": 0.033632331062108278, "scenario_peak_p90_depth_m": 0.051774794608354574, "scenario_peak_interval": "090_120", "scenario_max_fraction_gt_0_02m": 0.75, "scenario_max_fraction_gt_0_10m": 0.0, "scenario_max_fraction_gt_0_30m": 0.0, "flood_risk": "low", "flood_risk_rank": 1, "risk_policy": "prototype_depth_band_v1" }, "geometry": { "type": "LineString", "coordinates": [ [ 376787.330987545661628, 2046535.447108986089006 ], [ 376781.944071548234206, 2046546.50418419833295 ], [ 376761.10611379169859, 2046600.875900593353435 ] ] } },
{ "type": "Feature", "properties": { "edge_id": "RN_ROAD_00546", "road_id": "RN_ROAD_00546", "source_road_id": "RN_ROAD_00546", "road_class": "residential", "name": null, "length_m": 58.211744251695933, "sampling_status": "mapped", "sampling_method": "road_line_intersected_raster_cells_all_touched", "sampled_intervals": 6, "scenario_peak_max_depth_m": 0.0018799023237079382, "scenario_peak_mean_depth_m": 0.0011354134185239673, "scenario_peak_p90_depth_m": 0.00169745801249519, "scenario_peak_interval": "090_120", "scenario_max_fraction_gt_0_02m": 0.0, "scenario_max_fraction_gt_0_10m": 0.0, "scenario_max_fraction_gt_0_30m": 0.0, "flood_risk": "minimal", "flood_risk_rank": 0, "risk_policy": "prototype_depth_band_v1" }, "geometry": { "type": "LineString", "coordinates": [ [ 377293.934787478414364, 2046549.430390173802152 ], [ 377352.092380267684348, 2046546.920097405556589 ] ] } },
{ "type": "Feature", "properties": { "edge_id": "RN_ROAD_00547", "road_id": "RN_ROAD_00547", "source_road_id": "RN_ROAD_00547", "road_class": "residential", "name": null, "length_m": 59.523968586040212, "sampling_status": "mapped", "sampling_method": "road_line_intersected_raster_cells_all_touched", "sampled_intervals": 6, "scenario_peak_max_depth_m": 0.01791844516992569, "scenario_peak_mean_depth_m": 0.009632433811202646, "scenario_peak_p90_depth_m": 0.016252779215574265, "scenario_peak_interval": "090_120", "scenario_max_fraction_gt_0_02m": 0.0, "scenario_max_fraction_gt_0_10m": 0.0, "scenario_max_fraction_gt_0_30m": 0.0, "flood_risk": "minimal", "flood_risk_rank": 0, "risk_policy": "prototype_depth_band_v1" }, "geometry": { "type": "LineString", "coordinates": [ [ 377407.781399684550706, 2046556.200602245982736 ], [ 377395.869338823249564, 2046545.919025167590007 ], [ 377352.092380267684348, 2046546.920097405556589 ] ] } },
{ "type": "Feature", "properties": { "edge_id": "RN_ROAD_00548", "road_id": "RN_ROAD_00548", "source_road_id": "RN_ROAD_00548", "road_class": "residential", "name": null, "length_m": 43.52759274574052, "sampling_status": "mapped", "sampling_method": "road_line_intersected_raster_cells_all_touched", "sampled_intervals": 6, "scenario_peak_max_depth_m": 0.0018799023237079382, "scenario_peak_mean_depth_m": 0.0015068939537741244, "scenario_peak_p90_depth_m": 0.0018053006497211754, "scenario_peak_interval": "090_120", "scenario_max_fraction_gt_0_02m": 0.0, "scenario_max_fraction_gt_0_10m": 0.0, "scenario_max_fraction_gt_0_30m": 0.0, "flood_risk": "minimal", "flood_risk_rank": 0, "risk_policy": "prototype_depth_band_v1" }, "geometry": { "type": "LineString", "coordinates": [ [ 377352.963761257822625, 2046590.438967168098316 ], [ 377352.092380267684348, 2046546.920097405556589 ] ] } },
{ "type": "Feature", "properties": { "edge_id": "RN_ROAD_00549", "road_id": "RN_ROAD_00549", "source_road_id": "RN_ROAD_00549", "road_class": "residential", "name": null, "length_m": 64.373621641012292, "sampling_status": "mapped", "sampling_method": "road_line_intersected_raster_cells_all_touched", "sampled_intervals": 6, "scenario_peak_max_depth_m": 0.010382251814007759, "scenario_peak_mean_depth_m": 0.0047677345961953206, "scenario_peak_p90_depth_m": 0.0088632147293537852, "scenario_peak_interval": "090_120", "scenario_max_fraction_gt_0_02m": 0.0, "scenario_max_fraction_gt_0_10m": 0.0, "scenario_max_fraction_gt_0_30m": 0.0, "flood_risk": "minimal", "flood_risk_rank": 0, "risk_policy": "prototype_depth_band_v1" }, "geometry": { "type": "LineString", "coordinates": [ [ 377352.963761257822625, 2046590.438967168098316 ], [ 377417.327595912152901, 2046589.316491435514763 ] ] } },
{ "type": "Feature", "properties": { "edge_id": "RN_ROAD_00550", "road_id": "RN_ROAD_00550", "source_road_id": "RN_ROAD_00550", "road_class": "residential", "name": null, "length_m": 40.817344900923175, "sampling_status": "mapped", "sampling_method": "road_line_intersected_raster_cells_all_touched", "sampled_intervals": 6, "scenario_peak_max_depth_m": 0.0011338855838403106, "scenario_peak_mean_depth_m": 0.00057992724274906016, "scenario_peak_p90_depth_m": 0.00097838364308699965, "scenario_peak_interval": "090_120", "scenario_max_fraction_gt_0_02m": 0.0, "scenario_max_fraction_gt_0_10m": 0.0, "scenario_max_fraction_gt_0_30m": 0.0, "flood_risk": "minimal", "flood_risk_rank": 0, "risk_policy": "prototype_depth_band_v1" }, "geometry": { "type": "LineString", "coordinates": [ [ 377312.151247116271406, 2046591.066927522420883 ], [ 377352.963761257822625, 2046590.438967168098316 ] ] } },
{ "type": "Feature", "properties": { "edge_id": "RN_ROAD_00551", "road_id": "RN_ROAD_00551", "source_road_id": "RN_ROAD_00551", "road_class": "residential", "name": null, "length_m": 41.391574167874737, "sampling_status": "mapped", "sampling_method": "road_line_intersected_raster_cells_all_touched", "sampled_intervals": 6, "scenario_peak_max_depth_m": 0.0011338855838403106, "scenario_peak_mean_depth_m": 0.0010523553646635264, "scenario_peak_p90_depth_m": 0.0011175795400049538, "scenario_peak_interval": "090_120", "scenario_max_fraction_gt_0_02m": 0.0, "scenario_max_fraction_gt_0_10m": 0.0, "scenario_max_fraction_gt_0_30m": 0.0, "flood_risk": "minimal", "flood_risk_rank": 0, "risk_policy": "prototype_depth_band_v1" }, "geometry": { "type": "LineString", "coordinates": [ [ 377353.789724568719976, 2046631.822299521882087 ], [ 377352.963761257822625, 2046590.438967168098316 ] ] } },
{ "type": "Feature", "properties": { "edge_id": "RN_ROAD_00552", "road_id": "RN_ROAD_00552", "source_road_id": "RN_ROAD_00552", "road_class": "residential", "name": null, "length_m": 29.88852414830567, "sampling_status": "mapped", "sampling_method": "road_line_intersected_raster_cells_all_touched", "sampled_intervals": 6, "scenario_peak_max_depth_m": 0.0011776635656133294, "scenario_peak_mean_depth_m": 0.0010742443555500358, "scenario_peak_p90_depth_m": 0.0011569797236006707, "scenario_peak_interval": "090_120", "scenario_max_fraction_gt_0_02m": 0.0, "scenario_max_fraction_gt_0_10m": 0.0, "scenario_max_fraction_gt_0_30m": 0.0, "flood_risk": "minimal", "flood_risk_rank": 0, "risk_policy": "prototype_depth_band_v1" }, "geometry": { "type": "LineString", "coordinates": [ [ 377323.901893138187006, 2046632.025789432926103 ], [ 377353.789724568719976, 2046631.822299521882087 ] ] } },
{ "type": "Feature", "properties": { "edge_id": "RN_ROAD_00553", "road_id": "RN_ROAD_00553", "source_road_id": "RN_ROAD_00553", "road_class": "residential", "name": null, "length_m": 67.040653484075207, "sampling_status": "mapped", "sampling_method": "road_line_intersected_raster_cells_all_touched", "sampled_intervals": 6, "scenario_peak_max_depth_m": 0.0048750508576631546, "scenario_peak_mean_depth_m": 0.0023883575922809541, "scenario_peak_p90_depth_m": 0.0041638800408691171, "scenario_peak_interval": "090_120", "scenario_max_fraction_gt_0_02m": 0.0, "scenario_max_fraction_gt_0_10m": 0.0, "scenario_max_fraction_gt_0_30m": 0.0, "flood_risk": "minimal", "flood_risk_rank": 0, "risk_policy": "prototype_depth_band_v1" }, "geometry": { "type": "LineString", "coordinates": [ [ 377420.829060071788263, 2046631.401924833189696 ], [ 377353.789724568719976, 2046631.822299521882087 ] ] } },
{ "type": "Feature", "properties": { "edge_id": "RN_ROAD_00609", "road_id": "RN_ROAD_00609", "source_road_id": "RN_ROAD_00609", "road_class": "residential", "name": null, "length_m": 102.89476584709024, "sampling_status": "mapped", "sampling_method": "road_line_intersected_raster_cells_all_touched", "sampled_intervals": 6, "scenario_peak_max_depth_m": 0.0066754911094903946, "scenario_peak_mean_depth_m": 0.0023974683717824519, "scenario_peak_p90_depth_m": 0.0047628632746636868, "scenario_peak_interval": "090_120", "scenario_max_fraction_gt_0_02m": 0.0, "scenario_max_fraction_gt_0_10m": 0.0, "scenario_max_fraction_gt_0_30m": 0.0, "flood_risk": "minimal", "flood_risk_rank": 0, "risk_policy": "prototype_depth_band_v1" }, "geometry": { "type": "LineString", "coordinates": [ [ 377414.307482969015837, 2046677.834577514091507 ], [ 377361.092069997452199, 2046678.818916183663532 ], [ 377357.836149819660932, 2046676.538046653615311 ], [ 377354.584104052046314, 2046671.57906346488744 ], [ 377353.789724568719976, 2046631.822299521882087 ] ] } },
{ "type": "Feature", "properties": { "edge_id": "RN_ROAD_00563", "road_id": "RN_ROAD_00563", "source_road_id": "RN_ROAD_00563", "road_class": "secondary", "name": [ "Keshavrao Sadoba Padale Chowk" ], "length_m": 13.515402583682846, "sampling_status": "mapped", "sampling_method": "road_line_intersected_raster_cells_all_touched", "sampled_intervals": 6, "scenario_peak_max_depth_m": 0.021626735106110573, "scenario_peak_mean_depth_m": 0.016506626736372709, "scenario_peak_p90_depth_m": 0.020602713432163001, "scenario_peak_interval": "090_120", "scenario_max_fraction_gt_0_02m": 0.5, "scenario_max_fraction_gt_0_10m": 0.0, "scenario_max_fraction_gt_0_30m": 0.0, "flood_risk": "low", "flood_risk_rank": 1, "risk_policy": "prototype_depth_band_v1" }, "geometry": { "type": "LineString", "coordinates": [ [ 376744.759004746563733, 2046660.707583985524252 ], [ 376743.550415005360264, 2046658.302904402138665 ], [ 376741.595688047411386, 2046656.434244422940537 ], [ 376739.118175279407296, 2046655.354688912397251 ], [ 376736.414270880573895, 2046655.184052028227597 ], [ 376733.811325350485276, 2046655.931282432517037 ] ] } },
{ "type": "Feature", "properties": { "edge_id": "RN_ROAD_00576", "road_id": "RN_ROAD_00576", "source_road_id": "RN_ROAD_00576", "road_class": "secondary", "name": [ "Keshavrao Sadoba Padale Chowk" ], "length_m": 5.3980858971801702, "sampling_status": "mapped", "sampling_method": "road_line_intersected_raster_cells_all_touched", "sampled_intervals": 6, "scenario_peak_max_depth_m": 0.011386518366634846, "scenario_peak_mean_depth_m": 0.011386518366634846, "scenario_peak_p90_depth_m": 0.011386518366634846, "scenario_peak_interval": "090_120", "scenario_max_fraction_gt_0_02m": 0.0, "scenario_max_fraction_gt_0_10m": 0.0, "scenario_max_fraction_gt_0_30m": 0.0, "flood_risk": "minimal", "flood_risk_rank": 0, "risk_policy": "prototype_depth_band_v1" }, "geometry": { "type": "LineString", "coordinates": [ [ 376744.40267448418308, 2046666.010746145388111 ], [ 376745.050893000559881, 2046663.394856840604916 ], [ 376744.759004746563733, 2046660.707583985524252 ] ] } },
{ "type": "Feature", "properties": { "edge_id": "RN_ROAD_00559", "road_id": "RN_ROAD_00559", "source_road_id": "RN_ROAD_00559", "road_class": "residential", "name": [ "Theerthankar Vasupujya Swami Marg" ], "length_m": 207.24278569203318, "sampling_status": "mapped", "sampling_method": "road_line_intersected_raster_cells_all_touched", "sampled_intervals": 6, "scenario_peak_max_depth_m": 0.018608519807457924, "scenario_peak_mean_depth_m": 0.0049211961595574394, "scenario_peak_p90_depth_m": 0.0085054910276085114, "scenario_peak_interval": "090_120", "scenario_max_fraction_gt_0_02m": 0.0, "scenario_max_fraction_gt_0_10m": 0.0, "scenario_max_fraction_gt_0_30m": 0.0, "flood_risk": "minimal", "flood_risk_rank": 0, "risk_policy": "prototype_depth_band_v1" }, "geometry": { "type": "LineString", "coordinates": [ [ 376553.900129722664133, 2046599.681361328577623 ], [ 376567.88425003667362, 2046598.828895543701947 ], [ 376761.10611379169859, 2046600.875900593353435 ] ] } },
{ "type": "Feature", "properties": { "edge_id": "RN_ROAD_00560", "road_id": "RN_ROAD_00560", "source_road_id": "RN_ROAD_00560", "road_class": "secondary", "name": [ "Amrutrao Khilare Path" ], "length_m": 61.492190964871924, "sampling_status": "mapped", "sampling_method": "road_line_intersected_raster_cells_all_touched", "sampled_intervals": 6, "scenario_peak_max_depth_m": 0.021626735106110573, "scenario_peak_mean_depth_m": 0.017618535319343209, "scenario_peak_p90_depth_m": 0.02079442497342825, "scenario_peak_interval": "090_120", "scenario_max_fraction_gt_0_02m": 0.25, "scenario_max_fraction_gt_0_10m": 0.0, "scenario_max_fraction_gt_0_30m": 0.0, "flood_risk": "low", "flood_risk_rank": 1, "risk_policy": "prototype_depth_band_v1" }, "geometry": { "type": "LineString", "coordinates": [ [ 376761.10611379169859, 2046600.875900593353435 ], [ 376754.107069902704097, 2046617.321736574172974 ], [ 376733.811325350485276, 2046655.931282432517037 ] ] } },
{ "type": "Feature", "properties": { "edge_id": "RN_ROAD_00562", "road_id": "RN_ROAD_00562", "source_road_id": "RN_ROAD_00562", "road_class": "secondary", "name": [ "Keshavrao Sadoba Padale Chowk" ], "length_m": 5.410139302658532, "sampling_status": "mapped", "sampling_method": "road_line_intersected_raster_cells_all_touched", "sampled_intervals": 6, "scenario_peak_max_depth_m": 0.021626735106110573, "scenario_peak_mean_depth_m": 0.021626735106110573, "scenario_peak_p90_depth_m": 0.021626735106110573, "scenario_peak_interval": "090_120", "scenario_max_fraction_gt_0_02m": 1.0, "scenario_max_fraction_gt_0_10m": 0.0, "scenario_max_fraction_gt_0_30m": 0.0, "flood_risk": "low", "flood_risk_rank": 1, "risk_policy": "prototype_depth_band_v1" }, "geometry": { "type": "LineString", "coordinates": [ [ 376733.811325350485276, 2046655.931282432517037 ], [ 376731.625630605150945, 2046657.527934610610828 ], [ 376730.119832306052558, 2046659.773111919639632 ] ] } },
{ "type": "Feature", "properties": { "edge_id": "RN_ROAD_00561", "road_id": "RN_ROAD_00561", "source_road_id": "RN_ROAD_00561", "road_class": "residential", "name": [ "Shankarrao Joshi Path" ], "length_m": 60.005988546510665, "sampling_status": "mapped", "sampling_method": "road_line_intersected_raster_cells_all_touched", "sampled_intervals": 6, "scenario_peak_max_depth_m": 0.0025352414231747389, "scenario_peak_mean_depth_m": 0.0015808512495520215, "scenario_peak_p90_depth_m": 0.0022943567251786589, "scenario_peak_interval": "090_120", "scenario_max_fraction_gt_0_02m": 0.0, "scenario_max_fraction_gt_0_10m": 0.0, "scenario_max_fraction_gt_0_30m": 0.0, "flood_risk": "minimal", "flood_risk_rank": 0, "risk_policy": "prototype_depth_band_v1" }, "geometry": { "type": "LineString", "coordinates": [ [ 376627.277801168733276, 2046656.764718654099852 ], [ 376687.248885887151118, 2046658.811095730867237 ] ] } },
{ "type": "Feature", "properties": { "edge_id": "RN_ROAD_00577", "road_id": "RN_ROAD_00577", "source_road_id": "RN_ROAD_00577", "road_class": "residential", "name": [ "Shankarrao Joshi Path" ], "length_m": 0.57959820882343871, "sampling_status": "mapped", "sampling_method": "road_line_intersected_raster_cells_all_touched", "sampled_intervals": 6, "scenario_peak_max_depth_m": 0.0013308179331943393, "scenario_peak_mean_depth_m": 0.0013308179331943393, "scenario_peak_p90_depth_m": 0.0013308179331943393, "scenario_peak_interval": "090_120", "scenario_max_fraction_gt_0_02m": 0.0, "scenario_max_fraction_gt_0_10m": 0.0, "scenario_max_fraction_gt_0_30m": 0.0, "flood_risk": "minimal", "flood_risk_rank": 0, "risk_policy": "prototype_depth_band_v1" }, "geometry": { "type": "LineString", "coordinates": [ [ 376627.277801168733276, 2046656.764718654099852 ], [ 376626.699535613472108, 2046656.804000090807676 ] ] } },
{ "type": "Feature", "properties": { "edge_id": "RN_ROAD_00580", "road_id": "RN_ROAD_00580", "source_road_id": "RN_ROAD_00580", "road_class": "residential", "name": null, "length_m": 0.39677361068518369, "sampling_status": "mapped", "sampling_method": "road_line_intersected_raster_cells_all_touched", "sampled_intervals": 6, "scenario_peak_max_depth_m": 0.0013308179331943393, "scenario_peak_mean_depth_m": 0.0013308179331943393, "scenario_peak_p90_depth_m": 0.0013308179331943393, "scenario_peak_interval": "090_120", "scenario_max_fraction_gt_0_02m": 0.0, "scenario_max_fraction_gt_0_10m": 0.0, "scenario_max_fraction_gt_0_30m": 0.0, "flood_risk": "minimal", "flood_risk_rank": 0, "risk_policy": "prototype_depth_band_v1" }, "geometry": { "type": "LineString", "coordinates": [ [ 376627.10411161230877, 2046657.121455582557246 ], [ 376627.277801168733276, 2046656.764718654099852 ] ] } },
{ "type": "Feature", "properties": { "edge_id": "RN_ROAD_00574", "road_id": "RN_ROAD_00574", "source_road_id": "RN_ROAD_00574", "road_class": "residential", "name": [ "Shankarrao Joshi Path" ], "length_m": 42.881738794034206, "sampling_status": "mapped", "sampling_method": "road_line_intersected_raster_cells_all_touched", "sampled_intervals": 6, "scenario_peak_max_depth_m": 0.021626735106110573, "scenario_peak_mean_depth_m": 0.012080988264642656, "scenario_peak_p90_depth_m": 0.019717585737816991, "scenario_peak_interval": "090_120", "scenario_max_fraction_gt_0_02m": 0.5, "scenario_max_fraction_gt_0_10m": 0.0, "scenario_max_fraction_gt_0_30m": 0.0, "flood_risk": "low", "flood_risk_rank": 1, "risk_policy": "prototype_depth_band_v1" }, "geometry": { "type": "LineString", "coordinates": [ [ 376730.119832306052558, 2046659.773111919639632 ], [ 376687.248885887151118, 2046658.811095730867237 ] ] } },
{ "type": "Feature", "properties": { "edge_id": "RN_ROAD_00581", "road_id": "RN_ROAD_00581", "source_road_id": "RN_ROAD_00581", "road_class": "residential", "name": null, "length_m": 36.766391024180386, "sampling_status": "mapped", "sampling_method": "road_line_intersected_raster_cells_all_touched", "sampled_intervals": 6, "scenario_peak_max_depth_m": 0.0064317686483263969, "scenario_peak_mean_depth_m": 0.0034277988985801735, "scenario_peak_p90_depth_m": 0.0056524632032960657, "scenario_peak_interval": "090_120", "scenario_max_fraction_gt_0_02m": 0.0, "scenario_max_fraction_gt_0_10m": 0.0, "scenario_max_fraction_gt_0_30m": 0.0, "flood_risk": "minimal", "flood_risk_rank": 0, "risk_policy": "prototype_depth_band_v1" }, "geometry": { "type": "LineString", "coordinates": [ [ 376671.742277599987574, 2046692.147451386088505 ], [ 376687.248885887151118, 2046658.811095730867237 ] ] } },
{ "type": "Feature", "properties": { "edge_id": "RN_ROAD_00575", "road_id": "RN_ROAD_00575", "source_road_id": "RN_ROAD_00575", "road_class": "secondary", "name": [ "Keshavrao Sadoba Padale Chowk" ], "length_m": 5.3844911619763742, "sampling_status": "mapped", "sampling_method": "road_line_intersected_raster_cells_all_touched", "sampled_intervals": 6, "scenario_peak_max_depth_m": 0.021626735106110573, "scenario_peak_mean_depth_m": 0.021626735106110573, "scenario_peak_p90_depth_m": 0.021626735106110573, "scenario_peak_interval": "090_120", "scenario_max_fraction_gt_0_02m": 1.0, "scenario_max_fraction_gt_0_10m": 0.0, "scenario_max_fraction_gt_0_30m": 0.0, "flood_risk": "low", "flood_risk_rank": 1, "risk_policy": "prototype_depth_band_v1" }, "geometry": { "type": "LineString", "coordinates": [ [ 376730.119832306052558, 2046659.773111919639632 ], [ 376729.482173016062006, 2046662.38893352705054 ], [ 376729.773991830123123, 2046665.065140231745318 ] ] } },
{ "type": "Feature", "properties": { "edge_id": "RN_ROAD_00571", "road_id": "RN_ROAD_00571", "source_road_id": "RN_ROAD_00571", "road_class": "residential", "name": null, "length_m": 114.22292169782816, "sampling_status": "mapped", "sampling_method": "road_line_intersected_raster_cells_all_touched", "sampled_intervals": 6, "scenario_peak_max_depth_m": 0.016359727829694748, "scenario_peak_mean_depth_m": 0.008096852689050138, "scenario_peak_p90_depth_m": 0.013251150958240032, "scenario_peak_interval": "090_120", "scenario_max_fraction_gt_0_02m": 0.0, "scenario_max_fraction_gt_0_10m": 0.0, "scenario_max_fraction_gt_0_30m": 0.0, "flood_risk": "minimal", "flood_risk_rank": 0, "risk_policy": "prototype_depth_band_v1" }, "geometry": { "type": "LineString", "coordinates": [ [ 376836.799334664246999, 2046545.972443560604006 ], [ 376843.475192997779232, 2046549.747233614791185 ], [ 376894.390322049264796, 2046588.11774331680499 ], [ 376903.101183257007506, 2046598.02131164399907 ], [ 376922.650154747418128, 2046620.260413163574412 ] ] } },
{ "type": "Feature", "properties": { "edge_id": "RN_ROAD_00572", "road_id": "RN_ROAD_00572", "source_road_id": "RN_ROAD_00572", "road_class": "residential", "name": null, "length_m": 30.22855226126164, "sampling_status": "mapped", "sampling_method": "road_line_intersected_raster_cells_all_touched", "sampled_intervals": 6, "scenario_peak_max_depth_m": 0.04375791922211647, "scenario_peak_mean_depth_m": 0.033406760543584824, "scenario_peak_p90_depth_m": 0.041687687486410142, "scenario_peak_interval": "090_120", "scenario_max_fraction_gt_0_02m": 1.0, "scenario_max_fraction_gt_0_10m": 0.0, "scenario_max_fraction_gt_0_30m": 0.0, "flood_risk": "low", "flood_risk_rank": 1, "risk_policy": "prototype_depth_band_v1" }, "geometry": { "type": "LineString", "coordinates": [ [ 377035.586531288921833, 2046607.070306359324604 ], [ 377005.516687198658474, 2046610.163823483744636 ] ] } },
{ "type": "Feature", "properties": { "edge_id": "RN_ROAD_00573", "road_id": "RN_ROAD_00573", "source_road_id": "RN_ROAD_00573", "road_class": "residential", "name": null, "length_m": 48.659667273090214, "sampling_status": "mapped", "sampling_method": "road_line_intersected_raster_cells_all_touched", "sampled_intervals": 6, "scenario_peak_max_depth_m": 0.023055601865053177, "scenario_peak_mean_depth_m": 0.018026458099484444, "scenario_peak_p90_depth_m": 0.022049773111939432, "scenario_peak_interval": "090_120", "scenario_max_fraction_gt_0_02m": 0.5, "scenario_max_fraction_gt_0_10m": 0.0, "scenario_max_fraction_gt_0_30m": 0.0, "flood_risk": "low", "flood_risk_rank": 1, "risk_policy": "prototype_depth_band_v1" }, "geometry": { "type": "LineString", "coordinates": [ [ 377005.516687198658474, 2046610.163823483744636 ], [ 377007.340363277297001, 2046658.789304712088779 ] ] } },
{ "type": "Feature", "properties": { "edge_id": "RN_ROAD_00584", "road_id": "RN_ROAD_00584", "source_road_id": "RN_ROAD_00584", "road_class": "residential", "name": [ "Gangaram Dhanvat Path" ], "length_m": 150.95288944080505, "sampling_status": "mapped", "sampling_method": "road_line_intersected_raster_cells_all_touched", "sampled_intervals": 6, "scenario_peak_max_depth_m": 0.016359727829694748, "scenario_peak_mean_depth_m": 0.0038720806567451088, "scenario_peak_p90_depth_m": 0.0094739083200693144, "scenario_peak_interval": "090_120", "scenario_max_fraction_gt_0_02m": 0.0, "scenario_max_fraction_gt_0_10m": 0.0, "scenario_max_fraction_gt_0_30m": 0.0, "flood_risk": "minimal", "flood_risk_rank": 0, "risk_policy": "prototype_depth_band_v1" }, "geometry": { "type": "LineString", "coordinates": [ [ 376922.650154747418128, 2046620.260413163574412 ], [ 376925.309088033041917, 2046623.275457640876994 ], [ 376974.358046608744189, 2046680.083936054958031 ], [ 377023.652205509890337, 2046732.397944262484089 ] ] } },
{ "type": "Feature", "properties": { "edge_id": "RN_ROAD_00578", "road_id": "RN_ROAD_00578", "source_road_id": "RN_ROAD_00578", "road_class": "secondary", "name": [ "Keshavrao Sadoba Padale Chowk" ], "length_m": 13.518326852438197, "sampling_status": "mapped", "sampling_method": "road_line_intersected_raster_cells_all_touched", "sampled_intervals": 6, "scenario_peak_max_depth_m": 0.030034786090254784, "scenario_peak_mean_depth_m": 0.025830760598182678, "scenario_peak_p90_depth_m": 0.029193980991840361, "scenario_peak_interval": "090_120", "scenario_max_fraction_gt_0_02m": 1.0, "scenario_max_fraction_gt_0_10m": 0.0, "scenario_max_fraction_gt_0_30m": 0.0, "flood_risk": "low", "flood_risk_rank": 1, "risk_policy": "prototype_depth_band_v1" }, "geometry": { "type": "LineString", "coordinates": [ [ 376729.773991830123123, 2046665.065140231745318 ], [ 376730.972025632450823, 2046667.469887340907007 ], [ 376732.937310011824593, 2046669.338477936806157 ], [ 376735.414821420330554, 2046670.418032573536038 ], [ 376738.118723685620353, 2046670.588669194141403 ], [ 376740.721667303820141, 2046669.841439260402694 ] ] } },
{ "type": "Feature", "properties": { "edge_id": "RN_ROAD_00582", "road_id": "RN_ROAD_00582", "source_road_id": "RN_ROAD_00582", "road_class": "secondary", "name": [ "Amrutrao Khilare Path" ], "length_m": 58.771319785878838, "sampling_status": "mapped", "sampling_method": "road_line_intersected_raster_cells_all_touched", "sampled_intervals": 6, "scenario_peak_max_depth_m": 0.030034786090254784, "scenario_peak_mean_depth_m": 0.01626381668029353, "scenario_peak_p90_depth_m": 0.027512370795011523, "scenario_peak_interval": "090_120", "scenario_max_fraction_gt_0_02m": 0.5, "scenario_max_fraction_gt_0_10m": 0.0, "scenario_max_fraction_gt_0_30m": 0.0, "flood_risk": "low", "flood_risk_rank": 1, "risk_policy": "prototype_depth_band_v1" }, "geometry": { "type": "LineString", "coordinates": [ [ 376729.773991830123123, 2046665.065140231745318 ], [ 376705.358161066076718, 2046718.52480013971217 ] ] } },
{ "type": "Feature", "properties": { "edge_id": "RN_ROAD_00579", "road_id": "RN_ROAD_00579", "source_road_id": "RN_ROAD_00579", "road_class": "secondary", "name": [ "Keshavrao Sadoba Padale Chowk" ], "length_m": 5.3950509679956742, "sampling_status": "mapped", "sampling_method": "road_line_intersected_raster_cells_all_touched", "sampled_intervals": 6, "scenario_peak_max_depth_m": 0.030034786090254784, "scenario_peak_mean_depth_m": 0.017918957707782585, "scenario_peak_p90_depth_m": 0.026494942605495453, "scenario_peak_interval": "090_120", "scenario_max_fraction_gt_0_02m": 0.33333333333333331, "scenario_max_fraction_gt_0_10m": 0.0, "scenario_max_fraction_gt_0_30m": 0.0, "flood_risk": "low", "flood_risk_rank": 1, "risk_policy": "prototype_depth_band_v1" }, "geometry": { "type": "LineString", "coordinates": [ [ 376740.721667303820141, 2046669.841439260402694 ], [ 376742.907361258286983, 2046668.24478806881234 ], [ 376744.40267448418308, 2046666.010746145388111 ] ] } },
{ "type": "Feature", "properties": { "edge_id": "RN_ROAD_00586", "road_id": "RN_ROAD_00586", "source_road_id": "RN_ROAD_00586", "road_class": "tertiary", "name": [ "Kashibai Amrutrao Khilare Path" ], "length_m": 269.45927880081609, "sampling_status": "mapped", "sampling_method": "road_line_intersected_raster_cells_all_touched", "sampled_intervals": 6, "scenario_peak_max_depth_m": 0.01233556866645813, "scenario_peak_mean_depth_m": 0.0040783770494342139, "scenario_peak_p90_depth_m": 0.010676355287432673, "scenario_peak_interval": "090_120", "scenario_max_fraction_gt_0_02m": 0.0, "scenario_max_fraction_gt_0_10m": 0.0, "scenario_max_fraction_gt_0_30m": 0.0, "flood_risk": "minimal", "flood_risk_rank": 0, "risk_policy": "prototype_depth_band_v1" }, "geometry": { "type": "LineString", "coordinates": [ [ 376744.40267448418308, 2046666.010746145388111 ], [ 376857.41928936552722, 2046707.753159924410284 ], [ 376867.464623673353344, 2046713.409614536445588 ], [ 376870.304431633325294, 2046715.006969934795052 ], [ 376889.007062542252243, 2046725.554211211390793 ], [ 376895.068164351687301, 2046728.967793348245323 ], [ 376937.760890467790887, 2046753.038270783144981 ], [ 376953.411647177883424, 2046761.856778145767748 ], [ 376975.854630053858273, 2046774.504708975320682 ], [ 376987.203297627915163, 2046780.905327937798575 ] ] } },
{ "type": "Feature", "properties": { "edge_id": "RN_ROAD_00583", "road_id": "RN_ROAD_00583", "source_road_id": "RN_ROAD_00583", "road_class": "secondary", "name": [ "Amrutrao Khilare Path" ], "length_m": 61.846162077050124, "sampling_status": "mapped", "sampling_method": "road_line_intersected_raster_cells_all_touched", "sampled_intervals": 6, "scenario_peak_max_depth_m": 0.030034786090254784, "scenario_peak_mean_depth_m": 0.020124544389545918, "scenario_peak_p90_depth_m": 0.028052737750113011, "scenario_peak_interval": "090_120", "scenario_max_fraction_gt_0_02m": 0.5, "scenario_max_fraction_gt_0_10m": 0.0, "scenario_max_fraction_gt_0_30m": 0.0, "flood_risk": "low", "flood_risk_rank": 1, "risk_policy": "prototype_depth_band_v1" }, "geometry": { "type": "LineString", "coordinates": [ [ 376714.983404903730843, 2046726.077456298284233 ], [ 376740.721667303820141, 2046669.841439260402694 ] ] } },
{ "type": "Feature", "properties": { "edge_id": "RN_ROAD_00585", "road_id": "RN_ROAD_00585", "source_road_id": "RN_ROAD_00585", "road_class": "residential", "name": [ "Patil Regency Internal Road" ], "length_m": 84.390893204273112, "sampling_status": "mapped", "sampling_method": "road_line_intersected_raster_cells_all_touched", "sampled_intervals": 6, "scenario_peak_max_depth_m": 1.1525297850312199e-05, "scenario_peak_mean_depth_m": 2.3050595700624397e-06, "scenario_peak_p90_depth_m": 6.9151787101873209e-06, "scenario_peak_interval": "090_120", "scenario_max_fraction_gt_0_02m": 0.0, "scenario_max_fraction_gt_0_10m": 0.0, "scenario_max_fraction_gt_0_30m": 0.0, "flood_risk": "minimal", "flood_risk_rank": 0, "risk_policy": "prototype_depth_band_v1" }, "geometry": { "type": "LineString", "coordinates": [ [ 377089.903590656991582, 2046691.710494731552899 ], [ 377043.468892305798363, 2046735.634251545183361 ], [ 377038.722956042620353, 2046736.417404369916767 ], [ 377033.767288505972829, 2046735.785400498425588 ], [ 377023.652205509890337, 2046732.397944262484089 ] ] } },
{ "type": "Feature", "properties": { "edge_id": "RN_ROAD_00587", "road_id": "RN_ROAD_00587", "source_road_id": "RN_ROAD_00587", "road_class": "residential", "name": [ "Gangaram Dhanvat Path" ], "length_m": 60.675276322509475, "sampling_status": "mapped", "sampling_method": "road_line_intersected_raster_cells_all_touched", "sampled_intervals": 6, "scenario_peak_max_depth_m": 0.00019331333169247955, "scenario_peak_mean_depth_m": 6.4437777230826512e-05, "scenario_peak_p90_depth_m": 0.00015465066535398365, "scenario_peak_interval": "090_120", "scenario_max_fraction_gt_0_02m": 0.0, "scenario_max_fraction_gt_0_10m": 0.0, "scenario_max_fraction_gt_0_30m": 0.0, "flood_risk": "minimal", "flood_risk_rank": 0, "risk_policy": "prototype_depth_band_v1" }, "geometry": { "type": "LineString", "coordinates": [ [ 376987.203297627915163, 2046780.905327937798575 ], [ 377023.652205509890337, 2046732.397944262484089 ] ] } },
{ "type": "Feature", "properties": { "edge_id": "RN_ROAD_00589", "road_id": "RN_ROAD_00589", "source_road_id": "RN_ROAD_00589", "road_class": "tertiary", "name": [ "Kashibai Amrutrao Khilare Path" ], "length_m": 87.788386528843347, "sampling_status": "mapped", "sampling_method": "road_line_intersected_raster_cells_all_touched", "sampled_intervals": 6, "scenario_peak_max_depth_m": 0.0, "scenario_peak_mean_depth_m": 0.0, "scenario_peak_p90_depth_m": 0.0, "scenario_peak_interval": "000_030", "scenario_max_fraction_gt_0_02m": 0.0, "scenario_max_fraction_gt_0_10m": 0.0, "scenario_max_fraction_gt_0_30m": 0.0, "flood_risk": "minimal", "flood_risk_rank": 0, "risk_policy": "prototype_depth_band_v1" }, "geometry": { "type": "LineString", "coordinates": [ [ 377058.492445117153693, 2046832.136744145536795 ], [ 377031.126627606339753, 2046812.471140074543655 ], [ 377027.870328851917293, 2046810.134995485888794 ], [ 376987.203297627915163, 2046780.905327937798575 ] ] } },
{ "type": "Feature", "properties": { "edge_id": "RN_ROAD_00593", "road_id": "RN_ROAD_00593", "source_road_id": "RN_ROAD_00593", "road_class": "residential", "name": null, "length_m": 124.94624191224, "sampling_status": "mapped", "sampling_method": "road_line_intersected_raster_cells_all_touched", "sampled_intervals": 6, "scenario_peak_max_depth_m": 0.0, "scenario_peak_mean_depth_m": 0.0, "scenario_peak_p90_depth_m": 0.0, "scenario_peak_interval": "000_030", "scenario_max_fraction_gt_0_02m": 0.0, "scenario_max_fraction_gt_0_10m": 0.0, "scenario_max_fraction_gt_0_30m": 0.0, "flood_risk": "minimal", "flood_risk_rank": 0, "risk_policy": "prototype_depth_band_v1" }, "geometry": { "type": "LineString", "coordinates": [ [ 376987.203297627915163, 2046780.905327937798575 ], [ 376938.63477445411263, 2046845.825239157071337 ], [ 376912.358174169959966, 2046880.954170207958668 ] ] } },
{ "type": "Feature", "properties": { "edge_id": "RN_ROAD_00588", "road_id": "RN_ROAD_00588", "source_road_id": "RN_ROAD_00588", "road_class": "residential", "name": null, "length_m": 81.154388323704623, "sampling_status": "mapped", "sampling_method": "road_line_intersected_raster_cells_all_touched", "sampled_intervals": 6, "scenario_peak_max_depth_m": 0.0, "scenario_peak_mean_depth_m": 0.0, "scenario_peak_p90_depth_m": 0.0, "scenario_peak_interval": "000_030", "scenario_max_fraction_gt_0_02m": 0.0, "scenario_max_fraction_gt_0_10m": 0.0, "scenario_max_fraction_gt_0_30m": 0.0, "flood_risk": "minimal", "flood_risk_rank": 0, "risk_policy": "prototype_depth_band_v1" }, "geometry": { "type": "LineString", "coordinates": [ [ 377058.492445117153693, 2046832.136744145536795 ], [ 377114.927252694731578, 2046773.817388543160632 ] ] } },
{ "type": "Feature", "properties": { "edge_id": "RN_ROAD_00590", "road_id": "RN_ROAD_00590", "source_road_id": "RN_ROAD_00590", "road_class": "tertiary", "name": [ "Kashibai Amrutrao Khilare Path" ], "length_m": 11.806116707497281, "sampling_status": "mapped", "sampling_method": "road_line_intersected_raster_cells_all_touched", "sampled_intervals": 6, "scenario_peak_max_depth_m": 0.0, "scenario_peak_mean_depth_m": 0.0, "scenario_peak_p90_depth_m": 0.0, "scenario_peak_interval": "000_030", "scenario_max_fraction_gt_0_02m": 0.0, "scenario_max_fraction_gt_0_10m": 0.0, "scenario_max_fraction_gt_0_30m": 0.0, "flood_risk": "minimal", "flood_risk_rank": 0, "risk_policy": "prototype_depth_band_v1" }, "geometry": { "type": "LineString", "coordinates": [ [ 377058.492445117153693, 2046832.136744145536795 ], [ 377068.08105703786714, 2046839.024625760735944 ] ] } },
{ "type": "Feature", "properties": { "edge_id": "RN_ROAD_00611", "road_id": "RN_ROAD_00611", "source_road_id": "RN_ROAD_00611", "road_class": "tertiary", "name": [ "Kashibai Amrutrao Khilare Path" ], "length_m": 24.306499584060276, "sampling_status": "mapped", "sampling_method": "road_line_intersected_raster_cells_all_touched", "sampled_intervals": 6, "scenario_peak_max_depth_m": 0.0, "scenario_peak_mean_depth_m": 0.0, "scenario_peak_p90_depth_m": 0.0, "scenario_peak_interval": "000_030", "scenario_max_fraction_gt_0_02m": 0.0, "scenario_max_fraction_gt_0_10m": 0.0, "scenario_max_fraction_gt_0_30m": 0.0, "flood_risk": "minimal", "flood_risk_rank": 0, "risk_policy": "prototype_depth_band_v1" }, "geometry": { "type": "LineString", "coordinates": [ [ 377087.684405307867564, 2046853.395243654027581 ], [ 377068.08105703786714, 2046839.024625760735944 ] ] } },
{ "type": "Feature", "properties": { "edge_id": "RN_ROAD_00614", "road_id": "RN_ROAD_00614", "source_road_id": "RN_ROAD_00614", "road_class": "residential", "name": [ "Major K. G. Pawar Path" ], "length_m": 80.837492212295487, "sampling_status": "mapped", "sampling_method": "road_line_intersected_raster_cells_all_touched", "sampled_intervals": 6, "scenario_peak_max_depth_m": 0.0, "scenario_peak_mean_depth_m": 0.0, "scenario_peak_p90_depth_m": 0.0, "scenario_peak_interval": "000_030", "scenario_max_fraction_gt_0_02m": 0.0, "scenario_max_fraction_gt_0_10m": 0.0, "scenario_max_fraction_gt_0_30m": 0.0, "flood_risk": "minimal", "flood_risk_rank": 0, "risk_policy": "prototype_depth_band_v1" }, "geometry": { "type": "LineString", "coordinates": [ [ 377014.150457016774453, 2046899.242482173489407 ], [ 377031.162900848081335, 2046880.242141783237457 ], [ 377045.209033644525334, 2046864.569847448030487 ], [ 377068.08105703786714, 2046839.024625760735944 ] ] } },
{ "type": "Feature", "properties": { "edge_id": "RN_ROAD_00591", "road_id": "RN_ROAD_00591", "source_road_id": "RN_ROAD_00591", "road_class": "residential", "name": null, "length_m": 15.249774140478227, "sampling_status": "mapped", "sampling_method": "road_line_intersected_raster_cells_all_touched", "sampled_intervals": 6, "scenario_peak_max_depth_m": 0.0, "scenario_peak_mean_depth_m": 0.0, "scenario_peak_p90_depth_m": 0.0, "scenario_peak_interval": "000_030", "scenario_max_fraction_gt_0_02m": 0.0, "scenario_max_fraction_gt_0_10m": 0.0, "scenario_max_fraction_gt_0_30m": 0.0, "flood_risk": "minimal", "flood_risk_rank": 0, "risk_policy": "prototype_depth_band_v1" }, "geometry": { "type": "LineString", "coordinates": [ [ 377155.386163430288434, 2046839.568087123567238 ], [ 377168.960786337964237, 2046832.619330094428733 ] ] } },
{ "type": "Feature", "properties": { "edge_id": "RN_ROAD_00612", "road_id": "RN_ROAD_00612", "source_road_id": "RN_ROAD_00612", "road_class": "residential", "name": null, "length_m": 58.087676545734439, "sampling_status": "mapped", "sampling_method": "road_line_intersected_raster_cells_all_touched", "sampled_intervals": 6, "scenario_peak_max_depth_m": 0.0, "scenario_peak_mean_depth_m": 0.0, "scenario_peak_p90_depth_m": 0.0, "scenario_peak_interval": "000_030", "scenario_max_fraction_gt_0_02m": 0.0, "scenario_max_fraction_gt_0_10m": 0.0, "scenario_max_fraction_gt_0_30m": 0.0, "flood_risk": "minimal", "flood_risk_rank": 0, "risk_policy": "prototype_depth_band_v1" }, "geometry": { "type": "LineString", "coordinates": [ [ 377103.687052683671936, 2046866.051669103559107 ], [ 377155.386163430288434, 2046839.568087123567238 ] ] } },
{ "type": "Feature", "properties": { "edge_id": "RN_ROAD_00615", "road_id": "RN_ROAD_00615", "source_road_id": "RN_ROAD_00615", "road_class": "residential", "name": null, "length_m": 69.053330667173924, "sampling_status": "mapped", "sampling_method": "road_line_intersected_raster_cells_all_touched", "sampled_intervals": 6, "scenario_peak_max_depth_m": 0.0, "scenario_peak_mean_depth_m": 0.0, "scenario_peak_p90_depth_m": 0.0, "scenario_peak_interval": "000_030", "scenario_max_fraction_gt_0_02m": 0.0, "scenario_max_fraction_gt_0_10m": 0.0, "scenario_max_fraction_gt_0_30m": 0.0, "flood_risk": "minimal", "flood_risk_rank": 0, "risk_policy": "prototype_depth_band_v1" }, "geometry": { "type": "LineString", "coordinates": [ [ 377176.660340522939805, 2046905.1326822580304 ], [ 377166.286795802880079, 2046866.555373654235154 ], [ 377155.386163430288434, 2046839.568087123567238 ] ] } },
{ "type": "Feature", "properties": { "edge_id": "RN_ROAD_00592", "road_id": "RN_ROAD_00592", "source_road_id": "RN_ROAD_00592", "road_class": "residential", "name": null, "length_m": 64.251061863092147, "sampling_status": "mapped", "sampling_method": "road_line_intersected_raster_cells_all_touched", "sampled_intervals": 6, "scenario_peak_max_depth_m": 0.0, "scenario_peak_mean_depth_m": 0.0, "scenario_peak_p90_depth_m": 0.0, "scenario_peak_interval": "000_030", "scenario_max_fraction_gt_0_02m": 0.0, "scenario_max_fraction_gt_0_10m": 0.0, "scenario_max_fraction_gt_0_30m": 0.0, "flood_risk": "minimal", "flood_risk_rank": 0, "risk_policy": "prototype_depth_band_v1" }, "geometry": { "type": "LineString", "coordinates": [ [ 377087.684405307867564, 2046853.395243654027581 ], [ 377143.444852773915045, 2046821.473911461886019 ] ] } },
{ "type": "Feature", "properties": { "edge_id": "RN_ROAD_00613", "road_id": "RN_ROAD_00613", "source_road_id": "RN_ROAD_00613", "road_class": "tertiary", "name": [ "Kashibai Amrutrao Khilare Path" ], "length_m": 20.402691689918949, "sampling_status": "mapped", "sampling_method": "road_line_intersected_raster_cells_all_touched", "sampled_intervals": 6, "scenario_peak_max_depth_m": 0.0, "scenario_peak_mean_depth_m": 0.0, "scenario_peak_p90_depth_m": 0.0, "scenario_peak_interval": "000_030", "scenario_max_fraction_gt_0_02m": 0.0, "scenario_max_fraction_gt_0_10m": 0.0, "scenario_max_fraction_gt_0_30m": 0.0, "flood_risk": "minimal", "flood_risk_rank": 0, "risk_policy": "prototype_depth_band_v1" }, "geometry": { "type": "LineString", "coordinates": [ [ 377103.687052683671936, 2046866.051669103559107 ], [ 377087.684405307867564, 2046853.395243654027581 ] ] } },
{ "type": "Feature", "properties": { "edge_id": "RN_ROAD_00595", "road_id": "RN_ROAD_00595", "source_road_id": "RN_ROAD_00595", "road_class": "residential", "name": null, "length_m": 16.151762778278201, "sampling_status": "mapped", "sampling_method": "road_line_intersected_raster_cells_all_touched", "sampled_intervals": 6, "scenario_peak_max_depth_m": 0.10664253681898117, "scenario_peak_mean_depth_m": 0.10664253681898117, "scenario_peak_p90_depth_m": 0.10664253681898117, "scenario_peak_interval": "090_120", "scenario_max_fraction_gt_0_02m": 1.0, "scenario_max_fraction_gt_0_10m": 1.0, "scenario_max_fraction_gt_0_30m": 0.0, "flood_risk": "moderate", "flood_risk_rank": 2, "risk_policy": "prototype_depth_band_v1" }, "geometry": { "type": "LineString", "coordinates": [ [ 378218.843638646183535, 2046780.738788325106725 ], [ 378234.808005676197354, 2046783.192036412190646 ] ] } },
{ "type": "Feature", "properties": { "edge_id": "RN_ROAD_00626", "road_id": "RN_ROAD_00626", "source_road_id": "RN_ROAD_00626", "road_class": "residential", "name": null, "length_m": 29.773849021989466, "sampling_status": "mapped", "sampling_method": "road_line_intersected_raster_cells_all_touched", "sampled_intervals": 6, "scenario_peak_max_depth_m": 0.0056638638488948345, "scenario_peak_mean_depth_m": 0.0051305745728313923, "scenario_peak_p90_depth_m": 0.0055572059936821461, "scenario_peak_interval": "090_120", "scenario_max_fraction_gt_0_02m": 0.0, "scenario_max_fraction_gt_0_10m": 0.0, "scenario_max_fraction_gt_0_30m": 0.0, "flood_risk": "minimal", "flood_risk_rank": 0, "risk_policy": "prototype_depth_band_v1" }, "geometry": { "type": "LineString", "coordinates": [ [ 377826.035881165298633, 2046713.524051886517555 ], [ 377855.775609365606215, 2046714.949061414925382 ] ] } },
{ "type": "Feature", "properties": { "edge_id": "RN_ROAD_00627", "road_id": "RN_ROAD_00627", "source_road_id": "RN_ROAD_00627", "road_class": "residential", "name": null, "length_m": 74.110524143546272, "sampling_status": "mapped", "sampling_method": "road_line_intersected_raster_cells_all_touched", "sampled_intervals": 6, "scenario_peak_max_depth_m": 0.038602918386459351, "scenario_peak_mean_depth_m": 0.013404520199401304, "scenario_peak_p90_depth_m": 0.029606091696769005, "scenario_peak_interval": "090_120", "scenario_max_fraction_gt_0_02m": 0.25, "scenario_max_fraction_gt_0_10m": 0.0, "scenario_max_fraction_gt_0_30m": 0.0, "flood_risk": "low", "flood_risk_rank": 1, "risk_policy": "prototype_depth_band_v1" }, "geometry": { "type": "LineString", "coordinates": [ [ 377855.775609365606215, 2046714.949061414925382 ], [ 377853.511784163187258, 2046785.058575798058882 ], [ 377853.389383287110832, 2046789.021155819296837 ] ] } },
{ "type": "Feature", "properties": { "edge_id": "RN_ROAD_00601", "road_id": "RN_ROAD_00601", "source_road_id": "RN_ROAD_00601", "road_class": "residential", "name": [ "Sharad Pandit Path" ], "length_m": 10.832138813331897, "sampling_status": "mapped", "sampling_method": "road_line_intersected_raster_cells_all_touched", "sampled_intervals": 6, "scenario_peak_max_depth_m": 0.077402964234352112, "scenario_peak_mean_depth_m": 0.064610671252012253, "scenario_peak_p90_depth_m": 0.07484450563788414, "scenario_peak_interval": "090_120", "scenario_max_fraction_gt_0_02m": 1.0, "scenario_max_fraction_gt_0_10m": 0.0, "scenario_max_fraction_gt_0_30m": 0.0, "flood_risk": "low", "flood_risk_rank": 1, "risk_policy": "prototype_depth_band_v1" }, "geometry": { "type": "LineString", "coordinates": [ [ 377969.356202673108783, 2046808.972248546546325 ], [ 377979.774512360745575, 2046811.937725662253797 ] ] } },
{ "type": "Feature", "properties": { "edge_id": "RN_ROAD_00602", "road_id": "RN_ROAD_00602", "source_road_id": "RN_ROAD_00602", "road_class": "primary", "name": [ "Lalbahadur Shashtri Marg" ], "length_m": 67.624708580290331, "sampling_status": "mapped", "sampling_method": "road_line_intersected_raster_cells_all_touched", "sampled_intervals": 6, "scenario_peak_max_depth_m": 0.1860586553812027, "scenario_peak_mean_depth_m": 0.13406971283257008, "scenario_peak_p90_depth_m": 0.18165097236633301, "scenario_peak_interval": "090_120", "scenario_max_fraction_gt_0_02m": 1.0, "scenario_max_fraction_gt_0_10m": 0.75, "scenario_max_fraction_gt_0_30m": 0.0, "flood_risk": "moderate", "flood_risk_rank": 2, "risk_policy": "prototype_depth_band_v1" }, "geometry": { "type": "LineString", "coordinates": [ [ 377955.706491286808159, 2046875.10434592072852 ], [ 377975.624768738343846, 2046825.033798579592258 ], [ 377977.404747825639788, 2046819.422766928095371 ], [ 377979.774512360745575, 2046811.937725662253797 ] ] } },
{ "type": "Feature", "properties": { "edge_id": "RN_ROAD_00606", "road_id": "RN_ROAD_00606", "source_road_id": "RN_ROAD_00606", "road_class": "residential", "name": [ "Sharad Pandit Path" ], "length_m": 196.60592350884028, "sampling_status": "mapped", "sampling_method": "road_line_intersected_raster_cells_all_touched", "sampled_intervals": 6, "scenario_peak_max_depth_m": 0.077402964234352112, "scenario_peak_mean_depth_m": 0.031096693594008684, "scenario_peak_p90_depth_m": 0.055194519832730285, "scenario_peak_interval": "090_120", "scenario_max_fraction_gt_0_02m": 0.5, "scenario_max_fraction_gt_0_10m": 0.0, "scenario_max_fraction_gt_0_30m": 0.0, "flood_risk": "low", "flood_risk_rank": 1, "risk_policy": "prototype_depth_band_v1" }, "geometry": { "type": "LineString", "coordinates": [ [ 378174.018853814224713, 2046840.314617218915373 ], [ 378166.156542324344628, 2046839.506550295511261 ], [ 378106.469799879472703, 2046827.283672563964501 ], [ 378089.58709548425395, 2046823.828305316157639 ], [ 378052.531697738042567, 2046820.845135053619742 ], [ 378014.557307820534334, 2046817.790455468231812 ], [ 377987.468762958480511, 2046813.227486282819882 ], [ 377979.774512360745575, 2046811.937725662253797 ] ] } },
{ "type": "Feature", "properties": { "edge_id": "RN_ROAD_00600", "road_id": "RN_ROAD_00600", "source_road_id": "RN_ROAD_00600", "road_class": "residential", "name": null, "length_m": 117.67074755191624, "sampling_status": "mapped", "sampling_method": "road_line_intersected_raster_cells_all_touched", "sampled_intervals": 6, "scenario_peak_max_depth_m": 0.059887498617172241, "scenario_peak_mean_depth_m": 0.049098783172667027, "scenario_peak_p90_depth_m": 0.057466762512922286, "scenario_peak_interval": "090_120", "scenario_max_fraction_gt_0_02m": 1.0, "scenario_max_fraction_gt_0_10m": 0.0, "scenario_max_fraction_gt_0_30m": 0.0, "flood_risk": "low", "flood_risk_rank": 1, "risk_policy": "prototype_depth_band_v1" }, "geometry": { "type": "LineString", "coordinates": [ [ 377969.356202673108783, 2046808.972248546546325 ], [ 377962.211421834712382, 2046807.756440351018682 ], [ 377915.558962284238078, 2046799.82190622901544 ], [ 377880.436912387725897, 2046793.761264995671809 ], [ 377853.389383287110832, 2046789.021155819296837 ] ] } },
{ "type": "Feature", "properties": { "edge_id": "RN_ROAD_00603", "road_id": "RN_ROAD_00603", "source_road_id": "RN_ROAD_00603", "road_class": "primary", "name": [ "Lalbahadur Shashtri Marg" ], "length_m": 113.09060593358764, "sampling_status": "mapped", "sampling_method": "road_line_intersected_raster_cells_all_touched", "sampled_intervals": 6, "scenario_peak_max_depth_m": 0.1713663786649704, "scenario_peak_mean_depth_m": 0.094355183963974312, "scenario_peak_p90_depth_m": 0.13705291971564293, "scenario_peak_interval": "090_120", "scenario_max_fraction_gt_0_02m": 1.0, "scenario_max_fraction_gt_0_10m": 0.5, "scenario_max_fraction_gt_0_30m": 0.0, "flood_risk": "moderate", "flood_risk_rank": 2, "risk_policy": "prototype_depth_band_v1" }, "geometry": { "type": "LineString", "coordinates": [ [ 377969.356202673108783, 2046808.972248546546325 ], [ 377967.006776426103897, 2046816.335429943865165 ], [ 377965.423276039771736, 2046821.303349220426753 ], [ 377945.692072104662657, 2046870.907918379409239 ], [ 377940.784162665833719, 2046884.307654226664454 ], [ 377930.857643724884838, 2046915.246699063805863 ] ] } },
{ "type": "Feature", "properties": { "edge_id": "RN_ROAD_00628", "road_id": "RN_ROAD_00628", "source_road_id": "RN_ROAD_00628", "road_class": "residential", "name": null, "length_m": 92.938118444870867, "sampling_status": "mapped", "sampling_method": "road_line_intersected_raster_cells_all_touched", "sampled_intervals": 6, "scenario_peak_max_depth_m": 0.087174437940120697, "scenario_peak_mean_depth_m": 0.038368465922152005, "scenario_peak_p90_depth_m": 0.076047215610742569, "scenario_peak_interval": "090_120", "scenario_max_fraction_gt_0_02m": 0.66666666666666663, "scenario_max_fraction_gt_0_10m": 0.0, "scenario_max_fraction_gt_0_30m": 0.0, "flood_risk": "low", "flood_risk_rank": 1, "risk_policy": "prototype_depth_band_v1" }, "geometry": { "type": "LineString", "coordinates": [ [ 377853.389383287110832, 2046789.021155819296837 ], [ 377839.649401768343523, 2046786.685701185138896 ], [ 377761.248885298264213, 2046776.963181359693408 ] ] } },
{ "type": "Feature", "properties": { "edge_id": "RN_ROAD_00605", "road_id": "RN_ROAD_00605", "source_road_id": "RN_ROAD_00605", "road_class": "primary", "name": [ "Lalbahadur Shashtri Marg" ], "length_m": 62.303039010720227, "sampling_status": "mapped", "sampling_method": "road_line_intersected_raster_cells_all_touched", "sampled_intervals": 6, "scenario_peak_max_depth_m": 0.1713663786649704, "scenario_peak_mean_depth_m": 0.092118632979691029, "scenario_peak_p90_depth_m": 0.15077830329537392, "scenario_peak_interval": "090_120", "scenario_max_fraction_gt_0_02m": 1.0, "scenario_max_fraction_gt_0_10m": 0.5, "scenario_max_fraction_gt_0_30m": 0.0, "flood_risk": "moderate", "flood_risk_rank": 2, "risk_policy": "prototype_depth_band_v1" }, "geometry": { "type": "LineString", "coordinates": [ [ 377936.487642014282756, 2046934.366643416462466 ], [ 377937.265372284688056, 2046931.606140786549076 ], [ 377955.706491286808159, 2046875.10434592072852 ] ] } },
{ "type": "Feature", "properties": { "edge_id": "RN_ROAD_00607", "road_id": "RN_ROAD_00607", "source_road_id": "RN_ROAD_00607", "road_class": "residential", "name": [ "Tukaram Buaa Navle Path" ], "length_m": 162.44314785618371, "sampling_status": "mapped", "sampling_method": "road_line_intersected_raster_cells_all_touched", "sampled_intervals": 6, "scenario_peak_max_depth_m": 0.1713663786649704, "scenario_peak_mean_depth_m": 0.05066252752606358, "scenario_peak_p90_depth_m": 0.11827425062656405, "scenario_peak_interval": "090_120", "scenario_max_fraction_gt_0_02m": 0.5714285714285714, "scenario_max_fraction_gt_0_10m": 0.14285714285714285, "scenario_max_fraction_gt_0_30m": 0.0, "flood_risk": "moderate", "flood_risk_rank": 2, "risk_policy": "prototype_depth_band_v1" }, "geometry": { "type": "LineString", "coordinates": [ [ 378116.922284810512792, 2046893.967847832245752 ], [ 378107.208387444319669, 2046893.212906389730051 ], [ 378060.699972657777835, 2046889.593031484866515 ], [ 377979.375841977482196, 2046879.910495407413691 ], [ 377961.520755660778377, 2046876.284407999133691 ], [ 377955.706491286808159, 2046875.10434592072852 ] ] } },
{ "type": "Feature", "properties": { "edge_id": "RN_ROAD_00604", "road_id": "RN_ROAD_00604", "source_road_id": "RN_ROAD_00604", "road_class": "residential", "name": [ "Ashok Balkavade Path" ], "length_m": 58.248224934682682, "sampling_status": "mapped", "sampling_method": "road_line_intersected_raster_cells_all_touched", "sampled_intervals": 6, "scenario_peak_max_depth_m": 0.10273946076631546, "scenario_peak_mean_depth_m": 0.075025409460067749, "scenario_peak_p90_depth_m": 0.099743227660655978, "scenario_peak_interval": "090_120", "scenario_max_fraction_gt_0_02m": 1.0, "scenario_max_fraction_gt_0_10m": 0.33333333333333331, "scenario_max_fraction_gt_0_30m": 0.0, "flood_risk": "moderate", "flood_risk_rank": 2, "risk_policy": "prototype_depth_band_v1" }, "geometry": { "type": "LineString", "coordinates": [ [ 377930.857643724884838, 2046915.246699063805863 ], [ 377924.982669291552156, 2046914.476495218696073 ], [ 377873.10124255286064, 2046907.693302877945825 ] ] } },
{ "type": "Feature", "properties": { "edge_id": "RN_ROAD_00608", "road_id": "RN_ROAD_00608", "source_road_id": "RN_ROAD_00608", "road_class": "primary", "name": [ "Lalbahadur Shashtri Marg" ], "length_m": 19.762200586789664, "sampling_status": "mapped", "sampling_method": "road_line_intersected_raster_cells_all_touched", "sampled_intervals": 6, "scenario_peak_max_depth_m": 0.10273946076631546, "scenario_peak_mean_depth_m": 0.10273946076631546, "scenario_peak_p90_depth_m": 0.10273946076631546, "scenario_peak_interval": "090_120", "scenario_max_fraction_gt_0_02m": 1.0, "scenario_max_fraction_gt_0_10m": 1.0, "scenario_max_fraction_gt_0_30m": 0.0, "flood_risk": "moderate", "flood_risk_rank": 2, "risk_policy": "prototype_depth_band_v1" }, "geometry": { "type": "LineString", "coordinates": [ [ 377930.857643724884838, 2046915.246699063805863 ], [ 377926.953337760118302, 2046930.388510880293325 ], [ 377926.141402155859396, 2046934.43294327496551 ] ] } },
{ "type": "Feature", "properties": { "edge_id": "RN_ROAD_00630", "road_id": "RN_ROAD_00630", "source_road_id": "RN_ROAD_00630", "road_class": "residential", "name": null, "length_m": 36.184239937810013, "sampling_status": "mapped", "sampling_method": "road_line_intersected_raster_cells_all_touched", "sampled_intervals": 6, "scenario_peak_max_depth_m": 0.034578472375869751, "scenario_peak_mean_depth_m": 0.031566187118490539, "scenario_peak_p90_depth_m": 0.034185533225536344, "scenario_peak_interval": "090_120", "scenario_max_fraction_gt_0_02m": 1.0, "scenario_max_fraction_gt_0_10m": 0.0, "scenario_max_fraction_gt_0_30m": 0.0, "flood_risk": "low", "flood_risk_rank": 1, "risk_policy": "prototype_depth_band_v1" }, "geometry": { "type": "LineString", "coordinates": [ [ 377873.10124255286064, 2046907.693302877945825 ], [ 377876.639457221142948, 2046871.682467608014122 ] ] } },
{ "type": "Feature", "properties": { "edge_id": "RN_ROAD_00631", "road_id": "RN_ROAD_00631", "source_road_id": "RN_ROAD_00631", "road_class": "residential", "name": [ "Ashok Balkavade Path" ], "length_m": 44.387577535928394, "sampling_status": "mapped", "sampling_method": "road_line_intersected_raster_cells_all_touched", "sampled_intervals": 6, "scenario_peak_max_depth_m": 0.034578472375869751, "scenario_peak_mean_depth_m": 0.025158377674718697, "scenario_peak_p90_depth_m": 0.034185533225536344, "scenario_peak_interval": "090_120", "scenario_max_fraction_gt_0_02m": 0.66666666666666663, "scenario_max_fraction_gt_0_10m": 0.0, "scenario_max_fraction_gt_0_30m": 0.0, "flood_risk": "low", "flood_risk_rank": 1, "risk_policy": "prototype_depth_band_v1" }, "geometry": { "type": "LineString", "coordinates": [ [ 377829.062368502956815, 2046902.287525194697082 ], [ 377833.846199571387842, 2046902.478174697840586 ], [ 377873.10124255286064, 2046907.693302877945825 ] ] } },
{ "type": "Feature", "properties": { "edge_id": "RN_ROAD_00610", "road_id": "RN_ROAD_00610", "source_road_id": "RN_ROAD_00610", "road_class": "tertiary", "name": [ "Kashibai Amrutrao Khilare Path" ], "length_m": 3.2633816455871374, "sampling_status": "mapped", "sampling_method": "road_line_intersected_raster_cells_all_touched", "sampled_intervals": 6, "scenario_peak_max_depth_m": 0.0, "scenario_peak_mean_depth_m": 0.0, "scenario_peak_p90_depth_m": 0.0, "scenario_peak_interval": "000_030", "scenario_max_fraction_gt_0_02m": 0.0, "scenario_max_fraction_gt_0_10m": 0.0, "scenario_max_fraction_gt_0_30m": 0.0, "flood_risk": "minimal", "flood_risk_rank": 0, "risk_policy": "prototype_depth_band_v1" }, "geometry": { "type": "LineString", "coordinates": [ [ 377173.395976209256332, 2046921.189079370116815 ], [ 377175.856803123722784, 2046923.332439037039876 ] ] } },
{ "type": "Feature", "properties": { "edge_id": "RN_ROAD_00618", "road_id": "RN_ROAD_00618", "source_road_id": "RN_ROAD_00618", "road_class": "tertiary", "name": [ "Kashibai Amrutrao Khilare Path" ], "length_m": 62.212084265694578, "sampling_status": "mapped", "sampling_method": "road_line_intersected_raster_cells_all_touched", "sampled_intervals": 6, "scenario_peak_max_depth_m": 0.0, "scenario_peak_mean_depth_m": 0.0, "scenario_peak_p90_depth_m": 0.0, "scenario_peak_interval": "000_030", "scenario_max_fraction_gt_0_02m": 0.0, "scenario_max_fraction_gt_0_10m": 0.0, "scenario_max_fraction_gt_0_30m": 0.0, "flood_risk": "minimal", "flood_risk_rank": 0, "risk_policy": "prototype_depth_band_v1" }, "geometry": { "type": "LineString", "coordinates": [ [ 377124.602946942322887, 2046882.593953724019229 ], [ 377173.395976209256332, 2046921.189079370116815 ] ] } },
{ "type": "Feature", "properties": { "edge_id": "RN_ROAD_00621", "road_id": "RN_ROAD_00621", "source_road_id": "RN_ROAD_00621", "road_class": "residential", "name": [ "Dhondumama Sathe Path" ], "length_m": 2.1579800510360094, "sampling_status": "mapped", "sampling_method": "road_line_intersected_raster_cells_all_touched", "sampled_intervals": 6, "scenario_peak_max_depth_m": 0.0, "scenario_peak_mean_depth_m": 0.0, "scenario_peak_p90_depth_m": 0.0, "scenario_peak_interval": "000_030", "scenario_max_fraction_gt_0_02m": 0.0, "scenario_max_fraction_gt_0_10m": 0.0, "scenario_max_fraction_gt_0_30m": 0.0, "flood_risk": "minimal", "flood_risk_rank": 0, "risk_policy": "prototype_depth_band_v1" }, "geometry": { "type": "LineString", "coordinates": [ [ 377171.993376293743495, 2046922.829076741356403 ], [ 377173.395976209256332, 2046921.189079370116815 ] ] } },
{ "type": "Feature", "properties": { "edge_id": "RN_ROAD_00616", "road_id": "RN_ROAD_00616", "source_road_id": "RN_ROAD_00616", "road_class": "tertiary", "name": [ "Kashibai Amrutrao Khilare Path" ], "length_m": 26.666867328266726, "sampling_status": "mapped", "sampling_method": "road_line_intersected_raster_cells_all_touched", "sampled_intervals": 6, "scenario_peak_max_depth_m": 0.0, "scenario_peak_mean_depth_m": 0.0, "scenario_peak_p90_depth_m": 0.0, "scenario_peak_interval": "000_030", "scenario_max_fraction_gt_0_02m": 0.0, "scenario_max_fraction_gt_0_10m": 0.0, "scenario_max_fraction_gt_0_30m": 0.0, "flood_risk": "minimal", "flood_risk_rank": 0, "risk_policy": "prototype_depth_band_v1" }, "geometry": { "type": "LineString", "coordinates": [ [ 377124.602946942322887, 2046882.593953724019229 ], [ 377103.687052683671936, 2046866.051669103559107 ] ] } },
{ "type": "Feature", "properties": { "edge_id": "RN_ROAD_00617", "road_id": "RN_ROAD_00617", "source_road_id": "RN_ROAD_00617", "road_class": "residential", "name": null, "length_m": 32.119561669057084, "sampling_status": "mapped", "sampling_method": "road_line_intersected_raster_cells_all_touched", "sampled_intervals": 6, "scenario_peak_max_depth_m": 0.0, "scenario_peak_mean_depth_m": 0.0, "scenario_peak_p90_depth_m": 0.0, "scenario_peak_interval": "000_030", "scenario_max_fraction_gt_0_02m": 0.0, "scenario_max_fraction_gt_0_10m": 0.0, "scenario_max_fraction_gt_0_30m": 0.0, "flood_risk": "minimal", "flood_risk_rank": 0, "risk_policy": "prototype_depth_band_v1" }, "geometry": { "type": "LineString", "coordinates": [ [ 377014.150457016774453, 2046899.242482173489407 ], [ 376988.696113170590252, 2046879.653132486157119 ] ] } },
{ "type": "Feature", "properties": { "edge_id": "RN_ROAD_00619", "road_id": "RN_ROAD_00619", "source_road_id": "RN_ROAD_00619", "road_class": "residential", "name": [ "Major K. G. Pawar Path" ], "length_m": 3.6328997085326886, "sampling_status": "mapped", "sampling_method": "road_line_intersected_raster_cells_all_touched", "sampled_intervals": 6, "scenario_peak_max_depth_m": 0.0, "scenario_peak_mean_depth_m": 0.0, "scenario_peak_p90_depth_m": 0.0, "scenario_peak_interval": "000_030", "scenario_max_fraction_gt_0_02m": 0.0, "scenario_max_fraction_gt_0_10m": 0.0, "scenario_max_fraction_gt_0_30m": 0.0, "flood_risk": "minimal", "flood_risk_rank": 0, "risk_policy": "prototype_depth_band_v1" }, "geometry": { "type": "LineString", "coordinates": [ [ 377014.150457016774453, 2046899.242482173489407 ], [ 377011.726877888431773, 2046901.948812622809783 ] ] } },
{ "type": "Feature", "properties": { "edge_id": "RN_ROAD_00620", "road_id": "RN_ROAD_00620", "source_road_id": "RN_ROAD_00620", "road_class": "residential", "name": null, "length_m": 40.544651895224121, "sampling_status": "mapped", "sampling_method": "road_line_intersected_raster_cells_all_touched", "sampled_intervals": 6, "scenario_peak_max_depth_m": 0.0, "scenario_peak_mean_depth_m": 0.0, "scenario_peak_p90_depth_m": 0.0, "scenario_peak_interval": "000_030", "scenario_max_fraction_gt_0_02m": 0.0, "scenario_max_fraction_gt_0_10m": 0.0, "scenario_max_fraction_gt_0_30m": 0.0, "flood_risk": "minimal", "flood_risk_rank": 0, "risk_policy": "prototype_depth_band_v1" }, "geometry": { "type": "LineString", "coordinates": [ [ 377124.602946942322887, 2046882.593953724019229 ], [ 377097.997495768591762, 2046913.188377483049408 ] ] } },
{ "type": "Feature", "properties": { "edge_id": "RN_ROAD_00629", "road_id": "RN_ROAD_00629", "source_road_id": "RN_ROAD_00629", "road_class": "residential", "name": [ "Nanasaheb Kale Path" ], "length_m": 158.77267008788334, "sampling_status": "mapped", "sampling_method": "road_line_intersected_raster_cells_all_touched", "sampled_intervals": 6, "scenario_peak_max_depth_m": 0.092481769621372223, "scenario_peak_mean_depth_m": 0.031187963938074454, "scenario_peak_p90_depth_m": 0.075944703817367565, "scenario_peak_interval": "090_120", "scenario_max_fraction_gt_0_02m": 0.42857142857142855, "scenario_max_fraction_gt_0_10m": 0.0, "scenario_max_fraction_gt_0_30m": 0.0, "flood_risk": "low", "flood_risk_rank": 1, "risk_policy": "prototype_depth_band_v1" }, "geometry": { "type": "LineString", "coordinates": [ [ 377767.985606937843841, 2046935.447122857207432 ], [ 377767.94330798718147, 2046854.429787704721093 ], [ 377761.248885298264213, 2046776.963181359693408 ] ] } },
{ "type": "Feature", "properties": { "edge_id": "RN_ROAD_00632", "road_id": "RN_ROAD_00632", "source_road_id": "RN_ROAD_00632", "road_class": "residential", "name": [ "Ashok Balkavade Path" ], "length_m": 56.395993070835999, "sampling_status": "mapped", "sampling_method": "road_line_intersected_raster_cells_all_touched", "sampled_intervals": 6, "scenario_peak_max_depth_m": 0.0082828840240836143, "scenario_peak_mean_depth_m": 0.005575250368565321, "scenario_peak_p90_depth_m": 0.0075967185199260715, "scenario_peak_interval": "090_120", "scenario_max_fraction_gt_0_02m": 0.0, "scenario_max_fraction_gt_0_10m": 0.0, "scenario_max_fraction_gt_0_30m": 0.0, "flood_risk": "minimal", "flood_risk_rank": 0, "risk_policy": "prototype_depth_band_v1" }, "geometry": { "type": "LineString", "coordinates": [ [ 377829.062368502956815, 2046902.287525194697082 ], [ 377808.691424053395167, 2046901.466466075740755 ], [ 377805.798273373453412, 2046903.056462983367965 ], [ 377803.784939610166475, 2046906.843044152716175 ], [ 377802.370764874562155, 2046935.226515099406242 ] ] } },
{ "type": "Feature", "properties": { "edge_id": "RN_ROAD_00633", "road_id": "RN_ROAD_00633", "source_road_id": "RN_ROAD_00633", "road_class": "residential", "name": null, "length_m": 32.942486459215488, "sampling_status": "mapped", "sampling_method": "road_line_intersected_raster_cells_all_touched", "sampled_intervals": 6, "scenario_peak_max_depth_m": 0.0096751358360052109, "scenario_peak_mean_depth_m": 0.0089790099300444126, "scenario_peak_p90_depth_m": 0.0095359106548130509, "scenario_peak_interval": "090_120", "scenario_max_fraction_gt_0_02m": 0.0, "scenario_max_fraction_gt_0_10m": 0.0, "scenario_max_fraction_gt_0_30m": 0.0, "flood_risk": "minimal", "flood_risk_rank": 0, "risk_policy": "prototype_depth_band_v1" }, "geometry": { "type": "LineString", "coordinates": [ [ 377829.062368502956815, 2046902.287525194697082 ], [ 377825.877910289273132, 2046935.075734050944448 ] ] } },
{ "type": "Feature", "properties": { "edge_id": "RN_ROAD_00635", "road_id": "RN_ROAD_00635", "source_road_id": "RN_ROAD_00635", "road_class": "tertiary", "name": [ "Riverside Road" ], "length_m": 408.78770772920092, "sampling_status": "mapped", "sampling_method": "road_line_intersected_raster_cells_all_touched", "sampled_intervals": 6, "scenario_peak_max_depth_m": 0.013337038457393646, "scenario_peak_mean_depth_m": 0.0019495796344333066, "scenario_peak_p90_depth_m": 0.0040973254479467862, "scenario_peak_interval": "090_120", "scenario_max_fraction_gt_0_02m": 0.0, "scenario_max_fraction_gt_0_10m": 0.0, "scenario_max_fraction_gt_0_30m": 0.0, "flood_risk": "minimal", "flood_risk_rank": 0, "risk_policy": "prototype_depth_band_v1" }, "geometry": { "type": "LineString", "coordinates": [ [ 377388.26685083261691, 2046937.887444509658962 ], [ 377228.291744843998458, 2046774.768584319390357 ], [ 377213.208816521335393, 2046757.380736482096836 ], [ 377206.240789991861675, 2046747.565404797671363 ], [ 377136.624334931140766, 2046620.07452573440969 ] ] } }
]
}
