{
"type": "FeatureCollection",
"name": "roads",
"crs": { "type": "name", "properties": { "name": "urn:ogc:def:crs:EPSG::32643" } },
"features": [
{ "type": "Feature", "properties": { "road_id": "RN_ROAD_00001", "osm_id": "1157871403", "road_class": "primary", "name": "Sinhagad Road", "oneway": true, "lanes": "3", "maxspeed": "", "surface": null, "bridge": "", "tunnel": null, "access": "", "length_m": 110.33 }, "geometry": { "type": "LineString", "coordinates": [ [ 377402.41610963223502, 2045494.150320648914203 ], [ 377431.811523598677013, 2045517.092158772284165 ], [ 377474.618849018588662, 2045550.492235957412049 ], [ 377489.400832478946541, 2045562.028088851599023 ] ] } },
{ "type": "Feature", "properties": { "road_id": "RN_ROAD_00002", "osm_id": "210718016", "road_class": "residential", "name": "", "oneway": false, "lanes": "", "maxspeed": "", "surface": null, "bridge": "", "tunnel": null, "access": "", "length_m": 68.72 }, "geometry": { "type": "LineString", "coordinates": [ [ 377449.405891132773831, 2045617.905239819316193 ], [ 377489.400832478946541, 2045562.028088851599023 ] ] } },
{ "type": "Feature", "properties": { "road_id": "RN_ROAD_00003", "osm_id": "1157871403", "road_class": "primary", "name": "Sinhagad Road", "oneway": true, "lanes": "3", "maxspeed": "", "surface": null, "bridge": "", "tunnel": null, "access": "", "length_m": 126.32 }, "geometry": { "type": "LineString", "coordinates": [ [ 377489.400832478946541, 2045562.028088851599023 ], [ 377501.254013305762783, 2045571.280947588849813 ], [ 377590.100231327523943, 2045638.293116989778355 ] ] } },
{ "type": "Feature", "properties": { "road_id": "RN_ROAD_00004", "osm_id": "210718039", "road_class": "residential", "name": "", "oneway": false, "lanes": "", "maxspeed": "", "surface": null, "bridge": "", "tunnel": null, "access": "", "length_m": 89.18 }, "geometry": { "type": "LineString", "coordinates": [ [ 377449.405891132773831, 2045617.905239819316193 ], [ 377407.035735413548537, 2045585.155334185808897 ], [ 377371.41745419986546, 2045584.399515508674085 ] ] } },
{ "type": "Feature", "properties": { "road_id": "RN_ROAD_00005", "osm_id": "210718039", "road_class": "residential", "name": "", "oneway": false, "lanes": "", "maxspeed": "", "surface": null, "bridge": "", "tunnel": null, "access": "", "length_m": 41.19 }, "geometry": { "type": "LineString", "coordinates": [ [ 377482.003063690674026, 2045643.093246494885534 ], [ 377449.405891132773831, 2045617.905239819316193 ] ] } },
{ "type": "Feature", "properties": { "road_id": "RN_ROAD_00006", "osm_id": "210718024", "road_class": "residential", "name": "", "oneway": false, "lanes": "", "maxspeed": "", "surface": null, "bridge": "", "tunnel": null, "access": "", "length_m": 47.48 }, "geometry": { "type": "LineString", "coordinates": [ [ 377422.679702792840544, 2045663.416411006357521 ], [ 377375.206328034983017, 2045662.936029253760353 ] ] } },
{ "type": "Feature", "properties": { "road_id": "RN_ROAD_00007", "osm_id": "210718024", "road_class": "residential", "name": "", "oneway": false, "lanes": "", "maxspeed": "", "surface": null, "bridge": "", "tunnel": null, "access": "", "length_m": 59.27 }, "geometry": { "type": "LineString", "coordinates": [ [ 377481.947448575810995, 2045664.009229737799615 ], [ 377422.679702792840544, 2045663.416411006357521 ] ] } },
{ "type": "Feature", "properties": { "road_id": "RN_ROAD_00008", "osm_id": "210717995", "road_class": "residential", "name": "", "oneway": false, "lanes": "", "maxspeed": "", "surface": null, "bridge": "", "tunnel": null, "access": "", "length_m": 27.15 }, "geometry": { "type": "LineString", "coordinates": [ [ 377422.99151254852768, 2045690.560459555359557 ], [ 377422.679702792840544, 2045663.416411006357521 ] ] } },
{ "type": "Feature", "properties": { "road_id": "RN_ROAD_00009", "osm_id": "210718010", "road_class": "residential", "name": "", "oneway": false, "lanes": "", "maxspeed": "", "surface": null, "bridge": "", "tunnel": null, "access": "", "length_m": 106.81 }, "geometry": { "type": "LineString", "coordinates": [ [ 377591.418546366505325, 2045684.099815050605685 ], [ 377484.607874887995422, 2045683.679378228960559 ] ] } },
{ "type": "Feature", "properties": { "road_id": "RN_ROAD_00010", "osm_id": "210718033", "road_class": "residential", "name": "", "oneway": false, "lanes": "", "maxspeed": "", "surface": null, "bridge": "", "tunnel": null, "access": "", "length_m": 76.99 }, "geometry": { "type": "LineString", "coordinates": [ [ 377461.932981109013781, 2045702.427866873331368 ], [ 377423.1387849887833, 2045701.969044435536489 ], [ 377384.946381086949259, 2045701.506429664092138 ] ] } },
{ "type": "Feature", "properties": { "road_id": "RN_ROAD_00011", "osm_id": "199637816", "road_class": "primary", "name": "Sinhagad Road", "oneway": true, "lanes": "3", "maxspeed": "", "surface": null, "bridge": "", "tunnel": null, "access": "", "length_m": 420.19 }, "geometry": { "type": "LineString", "coordinates": [ [ 377760.232123156485613, 2045749.437372126150876 ], [ 377597.931676496111322, 2045627.984215474221855 ], [ 377558.229984639212489, 2045598.038805792341009 ], [ 377509.202078106056433, 2045561.048724866937846 ], [ 377425.379465448262636, 2045495.626815154682845 ] ] } },
{ "type": "Feature", "properties": { "road_id": "RN_ROAD_00012", "osm_id": "68338501", "road_class": "tertiary", "name": "", "oneway": false, "lanes": "", "maxspeed": "", "surface": null, "bridge": "", "tunnel": null, "access": "", "length_m": 45.83 }, "geometry": { "type": "LineString", "coordinates": [ [ 377591.418546366505325, 2045684.099815050605685 ], [ 377590.100231327523943, 2045638.293116989778355 ] ] } },
{ "type": "Feature", "properties": { "road_id": "RN_ROAD_00013", "osm_id": "68338501", "road_class": "tertiary", "name": "", "oneway": false, "lanes": "", "maxspeed": "", "surface": null, "bridge": "", "tunnel": null, "access": "", "length_m": 38.81 }, "geometry": { "type": "LineString", "coordinates": [ [ 377592.543998276814818, 2045722.891614349326119 ], [ 377591.92160992056597, 2045701.603732149815187 ], [ 377591.69110255362466, 2045693.659490500576794 ], [ 377591.418546366505325, 2045684.099815050605685 ] ] } },
{ "type": "Feature", "properties": { "road_id": "RN_ROAD_00014", "osm_id": "1157871403", "road_class": "primary", "name": "Sinhagad Road", "oneway": true, "lanes": "3", "maxspeed": "", "surface": null, "bridge": "", "tunnel": null, "access": "", "length_m": 224.81 }, "geometry": { "type": "LineString", "coordinates": [ [ 377590.100231327523943, 2045638.293116989778355 ], [ 377611.170335853181314, 2045654.060332073597237 ], [ 377652.896692566690035, 2045685.287621464114636 ], [ 377752.740203114517499, 2045760.009623276302591 ], [ 377770.881369449663907, 2045771.856125194579363 ] ] } },
{ "type": "Feature", "properties": { "road_id": "RN_ROAD_00015", "osm_id": "68338501", "road_class": "tertiary", "name": "", "oneway": false, "lanes": "", "maxspeed": "", "surface": null, "bridge": "", "tunnel": null, "access": "", "length_m": 36.9 }, "geometry": { "type": "LineString", "coordinates": [ [ 377593.604438861249946, 2045759.780400287592784 ], [ 377593.372865217213985, 2045751.670168121578172 ], [ 377592.543998276814818, 2045722.891614349326119 ] ] } },
{ "type": "Feature", "properties": { "road_id": "RN_ROAD_00016", "osm_id": "68338501", "road_class": "tertiary", "name": "", "oneway": false, "lanes": "", "maxspeed": "", "surface": null, "bridge": "", "tunnel": null, "access": "", "length_m": 37.79 }, "geometry": { "type": "LineString", "coordinates": [ [ 377594.691681253199931, 2045797.554332511499524 ], [ 377593.604438861249946, 2045759.780400287592784 ] ] } },
{ "type": "Feature", "properties": { "road_id": "RN_ROAD_00017", "osm_id": "210718030", "road_class": "residential", "name": "", "oneway": false, "lanes": "", "maxspeed": "", "surface": null, "bridge": "", "tunnel": null, "access": "", "length_m": 56.82 }, "geometry": { "type": "LineString", "coordinates": [ [ 377537.885308959172107, 2045798.738143717171624 ], [ 377594.691681253199931, 2045797.554332511499524 ] ] } },
{ "type": "Feature", "properties": { "road_id": "RN_ROAD_00018", "osm_id": "68338501", "road_class": "tertiary", "name": "", "oneway": false, "lanes": "", "maxspeed": "", "surface": null, "bridge": "", "tunnel": null, "access": "", "length_m": 10.4 }, "geometry": { "type": "LineString", "coordinates": [ [ 377594.990754807018675, 2045807.954889989458025 ], [ 377594.691681253199931, 2045797.554332511499524 ] ] } },
{ "type": "Feature", "properties": { "road_id": "RN_ROAD_00019", "osm_id": "217318317", "road_class": "residential", "name": "", "oneway": false, "lanes": "", "maxspeed": "", "surface": null, "bridge": "", "tunnel": null, "access": "", "length_m": 15.46 }, "geometry": { "type": "LineString", "coordinates": [ [ 377683.455853354535066, 2045805.926201746566221 ], [ 377698.912206500186585, 2045805.782753707841039 ] ] } },
{ "type": "Feature", "properties": { "road_id": "RN_ROAD_00020", "osm_id": "217318317", "road_class": "residential", "name": "", "oneway": false, "lanes": "", "maxspeed": "", "surface": null, "bridge": "", "tunnel": null, "access": "", "length_m": 51.11 }, "geometry": { "type": "LineString", "coordinates": [ [ 377683.455853354535066, 2045805.926201746566221 ], [ 377632.361934024957009, 2045807.172673153458163 ] ] } },
{ "type": "Feature", "properties": { "road_id": "RN_ROAD_00021", "osm_id": "436369810", "road_class": "residential", "name": "", "oneway": false, "lanes": "", "maxspeed": "", "surface": null, "bridge": "", "tunnel": null, "access": "", "length_m": 4.01 }, "geometry": { "type": "LineString", "coordinates": [ [ 377839.025433297269046, 2045524.891838807379827 ], [ 377836.199158904259093, 2045522.046336414292455 ] ] } },
{ "type": "Feature", "properties": { "road_id": "RN_ROAD_00022", "osm_id": "1119543104", "road_class": "residential", "name": "", "oneway": false, "lanes": "", "maxspeed": "", "surface": null, "bridge": "", "tunnel": null, "access": "", "length_m": 3.58 }, "geometry": { "type": "LineString", "coordinates": [ [ 377841.585758209985215, 2045522.392803855706006 ], [ 377839.025433297269046, 2045524.891838807379827 ] ] } },
{ "type": "Feature", "properties": { "road_id": "RN_ROAD_00023", "osm_id": "436369810", "road_class": "residential", "name": "", "oneway": false, "lanes": "", "maxspeed": "", "surface": null, "bridge": "", "tunnel": null, "access": "", "length_m": 59.62 }, "geometry": { "type": "LineString", "coordinates": [ [ 377839.025433297269046, 2045524.891838807379827 ], [ 377859.046670034178533, 2045545.059424290666357 ], [ 377879.868859875074122, 2045568.298371305922046 ] ] } },
{ "type": "Feature", "properties": { "road_id": "RN_ROAD_00024", "osm_id": "1119543103", "road_class": "living_street", "name": "", "oneway": false, "lanes": "", "maxspeed": "", "surface": null, "bridge": "", "tunnel": null, "access": "", "length_m": 117.7 }, "geometry": { "type": "LineString", "coordinates": [ [ 377844.107291874359362, 2045696.754515565000474 ], [ 377840.868199234770145, 2045705.351776957511902 ], [ 377838.541303585399874, 2045708.011572533752769 ], [ 377835.347661550506018, 2045708.873091081390157 ], [ 377830.568354708724655, 2045709.434912320226431 ], [ 377824.19099143135827, 2045711.058291020104662 ], [ 377819.728077391104307, 2045713.211656847503036 ], [ 377815.605296994443052, 2045717.36587220756337 ], [ 377810.427666879608296, 2045723.319616619031876 ], [ 377805.562093502783682, 2045728.540975991869345 ], [ 377799.839621624792926, 2045731.85333315609023 ], [ 377791.115729364915751, 2045733.071241882396862 ], [ 377779.304192004958168, 2045733.5674998620525 ], [ 377765.990743526257575, 2045733.652871083468199 ], [ 377760.455733402690385, 2045733.267841097200289 ], [ 377757.595565974479541, 2045735.090016554808244 ], [ 377757.404067306313664, 2045738.156653910176829 ], [ 377758.267004934197757, 2045741.006266229087487 ], [ 377759.771983751677908, 2045743.541900222189724 ], [ 377760.328743383171968, 2045746.393476170254871 ], [ 377760.232123156485613, 2045749.437372126150876 ] ] } },
{ "type": "Feature", "properties": { "road_id": "RN_ROAD_00025", "osm_id": "773104840", "road_class": "living_street", "name": "", "oneway": false, "lanes": "", "maxspeed": "", "surface": null, "bridge": "", "tunnel": null, "access": "", "length_m": 160.57 }, "geometry": { "type": "LineString", "coordinates": [ [ 377933.56431100575719, 2045701.161340828053653 ], [ 377902.802738595346455, 2045701.989146183244884 ], [ 377884.394863693451043, 2045704.541686138836667 ], [ 377872.602949362713844, 2045708.103167291963473 ], [ 377860.405033488641493, 2045714.212542280554771 ], [ 377852.559434961003717, 2045719.03245878405869 ], [ 377843.768606732715853, 2045726.281990270595998 ], [ 377835.634306030231528, 2045737.123916859505698 ], [ 377832.63557321857661, 2045745.33231419022195 ], [ 377824.254479626135435, 2045786.852047975175083 ] ] } },
{ "type": "Feature", "properties": { "road_id": "RN_ROAD_00026", "osm_id": "199637816", "road_class": "primary", "name": "Sinhagad Road", "oneway": true, "lanes": "3", "maxspeed": "", "surface": null, "bridge": "", "tunnel": null, "access": "", "length_m": 20.82 }, "geometry": { "type": "LineString", "coordinates": [ [ 377777.662938856577966, 2045760.823645044350997 ], [ 377760.232123156485613, 2045749.437372126150876 ] ] } },
{ "type": "Feature", "properties": { "road_id": "RN_ROAD_00027", "osm_id": "1207737158", "road_class": "tertiary", "name": "Panmla road", "oneway": false, "lanes": "", "maxspeed": "", "surface": null, "bridge": "", "tunnel": null, "access": "", "length_m": 12.95 }, "geometry": { "type": "LineString", "coordinates": [ [ 377777.662938856577966, 2045760.823645044350997 ], [ 377770.881369449663907, 2045771.856125194579363 ] ] } },
{ "type": "Feature", "properties": { "road_id": "RN_ROAD_00028", "osm_id": "199637816", "road_class": "primary", "name": "Sinhagad Road", "oneway": true, "lanes": "3", "maxspeed": "", "surface": null, "bridge": "", "tunnel": null, "access": "", "length_m": 53.37 }, "geometry": { "type": "LineString", "coordinates": [ [ 377824.254479626135435, 2045786.852047975175083 ], [ 377777.662938856577966, 2045760.823645044350997 ] ] } },
{ "type": "Feature", "properties": { "road_id": "RN_ROAD_00029", "osm_id": [ 1207737158, 68338431 ], "road_class": "tertiary", "name": "Panmla road", "oneway": false, "lanes": "", "maxspeed": "", "surface": null, "bridge": "", "tunnel": null, "access": "", "length_m": 165.88 }, "geometry": { "type": "LineString", "coordinates": [ [ 377769.907419535098597, 2045937.737541884183884 ], [ 377770.115329159540124, 2045910.888974403962493 ], [ 377770.483385172090493, 2045862.913507885066792 ], [ 377770.580806280428078, 2045840.237706416752189 ], [ 377770.881369449663907, 2045771.856125194579363 ] ] } },
{ "type": "Feature", "properties": { "road_id": "RN_ROAD_00030", "osm_id": "1118553951", "road_class": "residential", "name": "", "oneway": false, "lanes": "", "maxspeed": "", "surface": null, "bridge": "", "tunnel": null, "access": "", "length_m": 35.18 }, "geometry": { "type": "LineString", "coordinates": [ [ 377805.08537089364836, 2045937.445571151562035 ], [ 377769.907419535098597, 2045937.737541884183884 ] ] } },
{ "type": "Feature", "properties": { "road_id": "RN_ROAD_00031", "osm_id": "210717994", "road_class": "residential", "name": "", "oneway": false, "lanes": "", "maxspeed": "", "surface": null, "bridge": "", "tunnel": null, "access": "", "length_m": 107.06 }, "geometry": { "type": "LineString", "coordinates": [ [ 377592.543998276814818, 2045722.891614349326119 ], [ 377485.485916911857203, 2045723.369159350171685 ] ] } },
{ "type": "Feature", "properties": { "road_id": "RN_ROAD_00032", "osm_id": "210718012", "road_class": "residential", "name": "", "oneway": false, "lanes": "", "maxspeed": "", "surface": null, "bridge": "", "tunnel": null, "access": "", "length_m": 102.18 }, "geometry": { "type": "LineString", "coordinates": [ [ 377491.429409899166785, 2045761.023353224853054 ], [ 377593.604438861249946, 2045759.780400287592784 ] ] } },
{ "type": "Feature", "properties": { "road_id": "RN_ROAD_00033", "osm_id": "68338295", "road_class": "tertiary", "name": "Dattawadi Road", "oneway": false, "lanes": "", "maxspeed": "", "surface": null, "bridge": "", "tunnel": null, "access": "", "length_m": 182.87 }, "geometry": { "type": "LineString", "coordinates": [ [ 377384.946381086949259, 2045701.506429664092138 ], [ 377389.717409751028754, 2045716.072417479008436 ], [ 377405.109354561544023, 2045740.374987575458363 ], [ 377430.911815859377384, 2045781.110730713233352 ], [ 377450.138532045530155, 2045820.538672157563269 ], [ 377451.958896889642347, 2045867.194279746385291 ] ] } },
{ "type": "Feature", "properties": { "road_id": "RN_ROAD_00034", "osm_id": [ 1118548868, 210718030 ], "road_class": "residential", "name": "", "oneway": false, "lanes": "", "maxspeed": "", "surface": null, "bridge": "", "tunnel": null, "access": "", "length_m": 95.66 }, "geometry": { "type": "LineString", "coordinates": [ [ 377453.560631571046542, 2045778.032486374722794 ], [ 377467.948566953884438, 2045784.137211105553433 ], [ 377478.774247389461379, 2045792.887597466586158 ], [ 377483.92069416330196, 2045800.169453469803557 ], [ 377485.455784640449565, 2045804.09924968960695 ], [ 377493.38115102739539, 2045803.494985923636705 ], [ 377508.68607257748954, 2045799.501225752290338 ], [ 377537.885308959172107, 2045798.738143717171624 ] ] } },
{ "type": "Feature", "properties": { "road_id": "RN_ROAD_00035", "osm_id": "210718015", "road_class": "residential", "name": "", "oneway": false, "lanes": "", "maxspeed": "", "surface": null, "bridge": "", "tunnel": null, "access": "", "length_m": 55.26 }, "geometry": { "type": "LineString", "coordinates": [ [ 377539.908296747482382, 2045853.957889933139086 ], [ 377537.885308959172107, 2045798.738143717171624 ] ] } },
{ "type": "Feature", "properties": { "road_id": "RN_ROAD_00036", "osm_id": "209172186", "road_class": "residential", "name": "", "oneway": false, "lanes": "", "maxspeed": "", "surface": null, "bridge": "", "tunnel": null, "access": "", "length_m": 43.64 }, "geometry": { "type": "LineString", "coordinates": [ [ 377415.76775053597521, 2045823.249650398967788 ], [ 377415.604950656299479, 2045866.88580128015019 ] ] } },
{ "type": "Feature", "properties": { "road_id": "RN_ROAD_00037", "osm_id": "209172216", "road_class": "residential", "name": "", "oneway": false, "lanes": "", "maxspeed": "", "surface": null, "bridge": "", "tunnel": null, "access": "", "length_m": 36.36 }, "geometry": { "type": "LineString", "coordinates": [ [ 377451.958896889642347, 2045867.194279746385291 ], [ 377415.604950656299479, 2045866.88580128015019 ] ] } },
{ "type": "Feature", "properties": { "road_id": "RN_ROAD_00038", "osm_id": [ 210718040, 210718026 ], "road_class": "residential", "name": "", "oneway": false, "lanes": "", "maxspeed": "", "surface": null, "bridge": "", "tunnel": null, "access": "", "length_m": 84.52 }, "geometry": { "type": "LineString", "coordinates": [ [ 377493.444665800954681, 2045892.225536871235818 ], [ 377492.729653491929639, 2045854.902927208459005 ], [ 377539.908296747482382, 2045853.957889933139086 ] ] } },
{ "type": "Feature", "properties": { "road_id": "RN_ROAD_00039", "osm_id": "68338295", "road_class": "tertiary", "name": "Dattawadi Road", "oneway": false, "lanes": "", "maxspeed": "", "surface": null, "bridge": "", "tunnel": null, "access": "", "length_m": 26.03 }, "geometry": { "type": "LineString", "coordinates": [ [ 377452.970795349334367, 2045893.205049721058458 ], [ 377451.958896889642347, 2045867.194279746385291 ] ] } },
{ "type": "Feature", "properties": { "road_id": "RN_ROAD_00040", "osm_id": "209172186", "road_class": "residential", "name": "", "oneway": false, "lanes": "", "maxspeed": "", "surface": null, "bridge": "", "tunnel": null, "access": "", "length_m": 40.91 }, "geometry": { "type": "LineString", "coordinates": [ [ 377413.386503070069011, 2045907.735357645666227 ], [ 377415.604950656299479, 2045866.88580128015019 ] ] } },
{ "type": "Feature", "properties": { "road_id": "RN_ROAD_00041", "osm_id": "217318317", "road_class": "residential", "name": "", "oneway": false, "lanes": "", "maxspeed": "", "surface": null, "bridge": "", "tunnel": null, "access": "", "length_m": 37.38 }, "geometry": { "type": "LineString", "coordinates": [ [ 377594.990754807018675, 2045807.954889989458025 ], [ 377632.361934024957009, 2045807.172673153458163 ] ] } },
{ "type": "Feature", "properties": { "road_id": "RN_ROAD_00042", "osm_id": "1118548281", "road_class": "residential", "name": "", "oneway": false, "lanes": "", "maxspeed": "", "surface": null, "bridge": "", "tunnel": null, "access": "", "length_m": 12.67 }, "geometry": { "type": "LineString", "coordinates": [ [ 377683.463260189804714, 2045818.597254227148369 ], [ 377683.455853354535066, 2045805.926201746566221 ] ] } },
{ "type": "Feature", "properties": { "road_id": "RN_ROAD_00043", "osm_id": "68338501", "road_class": "tertiary", "name": "", "oneway": false, "lanes": "", "maxspeed": "", "surface": null, "bridge": "", "tunnel": null, "access": "", "length_m": 44.91 }, "geometry": { "type": "LineString", "coordinates": [ [ 377594.990754807018675, 2045807.954889989458025 ], [ 377596.29261884308653, 2045852.843183386605233 ] ] } },
{ "type": "Feature", "properties": { "road_id": "RN_ROAD_00044", "osm_id": "217318313", "road_class": "residential", "name": "", "oneway": false, "lanes": "", "maxspeed": "", "surface": null, "bridge": "", "tunnel": null, "access": "", "length_m": 78.53 }, "geometry": { "type": "LineString", "coordinates": [ [ 377633.921847798745148, 2045885.690294917207211 ], [ 377632.361934024957009, 2045807.172673153458163 ] ] } },
{ "type": "Feature", "properties": { "road_id": "RN_ROAD_00045", "osm_id": "210718026", "road_class": "residential", "name": "", "oneway": false, "lanes": "", "maxspeed": "", "surface": null, "bridge": "", "tunnel": null, "access": "", "length_m": 56.4 }, "geometry": { "type": "LineString", "coordinates": [ [ 377539.908296747482382, 2045853.957889933139086 ], [ 377596.29261884308653, 2045852.843183386605233 ] ] } },
{ "type": "Feature", "properties": { "road_id": "RN_ROAD_00046", "osm_id": "68338501", "road_class": "tertiary", "name": "", "oneway": false, "lanes": "", "maxspeed": "", "surface": null, "bridge": "", "tunnel": null, "access": "", "length_m": 38.72 }, "geometry": { "type": "LineString", "coordinates": [ [ 377597.533642030844931, 2045891.54571413458325 ], [ 377596.29261884308653, 2045852.843183386605233 ] ] } },
{ "type": "Feature", "properties": { "road_id": "RN_ROAD_00047", "osm_id": [ 1118548281, 1207738670 ], "road_class": "residential", "name": "", "oneway": false, "lanes": "", "maxspeed": "", "surface": null, "bridge": "", "tunnel": null, "access": "", "length_m": 271.48 }, "geometry": { "type": "LineString", "coordinates": [ [ 377683.463260189804714, 2045818.597254227148369 ], [ 377683.471237222198397, 2045821.485549872275442 ], [ 377698.429514825402293, 2045821.057568954769522 ], [ 377700.932757693750318, 2045924.867061753990129 ], [ 377672.004415390314534, 2045926.679481651633978 ], [ 377670.195223459159024, 2045819.169329115888104 ], [ 377683.463260189804714, 2045818.597254227148369 ] ] } },
{ "type": "Feature", "properties": { "road_id": "RN_ROAD_00048", "osm_id": "1183640411", "road_class": "residential", "name": "", "oneway": false, "lanes": "", "maxspeed": "", "surface": null, "bridge": "", "tunnel": null, "access": "", "length_m": 25.88 }, "geometry": { "type": "LineString", "coordinates": [ [ 377659.79801748553291, 2045885.380318455863744 ], [ 377633.921847798745148, 2045885.690294917207211 ] ] } },
{ "type": "Feature", "properties": { "road_id": "RN_ROAD_00049", "osm_id": "210718018", "road_class": "residential", "name": "", "oneway": false, "lanes": "", "maxspeed": "", "surface": null, "bridge": "", "tunnel": null, "access": "", "length_m": 104.09 }, "geometry": { "type": "LineString", "coordinates": [ [ 377493.444665800954681, 2045892.225536871235818 ], [ 377528.253634350607172, 2045892.001831124071032 ], [ 377597.533642030844931, 2045891.54571413458325 ] ] } },
{ "type": "Feature", "properties": { "road_id": "RN_ROAD_00050", "osm_id": "217318313", "road_class": "residential", "name": "", "oneway": false, "lanes": "", "maxspeed": "", "surface": null, "bridge": "", "tunnel": null, "access": "", "length_m": 32.81 }, "geometry": { "type": "LineString", "coordinates": [ [ 377633.921847798745148, 2045885.690294917207211 ], [ 377634.57592612633016, 2045918.498166355071589 ] ] } },
{ "type": "Feature", "properties": { "road_id": "RN_ROAD_00051", "osm_id": "690365842", "road_class": "residential", "name": "", "oneway": false, "lanes": "", "maxspeed": "", "surface": null, "bridge": "", "tunnel": null, "access": "", "length_m": 40.49 }, "geometry": { "type": "LineString", "coordinates": [ [ 377452.970795349334367, 2045893.205049721058458 ], [ 377493.444665800954681, 2045892.225536871235818 ] ] } },
{ "type": "Feature", "properties": { "road_id": "RN_ROAD_00052", "osm_id": "210718040", "road_class": "residential", "name": "", "oneway": false, "lanes": "", "maxspeed": "", "surface": null, "bridge": "", "tunnel": null, "access": "", "length_m": 35.96 }, "geometry": { "type": "LineString", "coordinates": [ [ 377494.034725261677522, 2045928.176708469167352 ], [ 377493.444665800954681, 2045892.225536871235818 ] ] } },
{ "type": "Feature", "properties": { "road_id": "RN_ROAD_00053", "osm_id": "209172230", "road_class": "residential", "name": "", "oneway": false, "lanes": "", "maxspeed": "", "surface": null, "bridge": "", "tunnel": null, "access": "", "length_m": 34.97 }, "geometry": { "type": "LineString", "coordinates": [ [ 377410.643907849211246, 2045942.601325186900795 ], [ 377413.386503070069011, 2045907.735357645666227 ] ] } },
{ "type": "Feature", "properties": { "road_id": "RN_ROAD_00054", "osm_id": "68338295", "road_class": "tertiary", "name": "Dattawadi Road", "oneway": false, "lanes": "", "maxspeed": "", "surface": null, "bridge": "", "tunnel": null, "access": "", "length_m": 74.65 }, "geometry": { "type": "LineString", "coordinates": [ [ 377452.970795349334367, 2045893.205049721058458 ], [ 377455.868225796613842, 2045967.796578764216974 ] ] } },
{ "type": "Feature", "properties": { "road_id": "RN_ROAD_00055", "osm_id": "210718040", "road_class": "residential", "name": "", "oneway": false, "lanes": "", "maxspeed": "", "surface": null, "bridge": "", "tunnel": null, "access": "", "length_m": 39.21 }, "geometry": { "type": "LineString", "coordinates": [ [ 377494.84629629610572, 2045967.380000018747523 ], [ 377494.034725261677522, 2045928.176708469167352 ] ] } },
{ "type": "Feature", "properties": { "road_id": "RN_ROAD_00056", "osm_id": "209172230", "road_class": "residential", "name": "", "oneway": false, "lanes": "", "maxspeed": "", "surface": null, "bridge": "", "tunnel": null, "access": "", "length_m": 25.12 }, "geometry": { "type": "LineString", "coordinates": [ [ 377410.805482146912254, 2045967.72118320222944 ], [ 377410.643907849211246, 2045942.601325186900795 ] ] } },
{ "type": "Feature", "properties": { "road_id": "RN_ROAD_00057", "osm_id": "209172129", "road_class": "residential", "name": "", "oneway": false, "lanes": "", "maxspeed": "", "surface": null, "bridge": "", "tunnel": null, "access": "", "length_m": 28.86 }, "geometry": { "type": "LineString", "coordinates": [ [ 377523.699857604806311, 2045967.083893315400928 ], [ 377494.84629629610572, 2045967.380000018747523 ] ] } },
{ "type": "Feature", "properties": { "road_id": "RN_ROAD_00058", "osm_id": "209172129", "road_class": "residential", "name": "", "oneway": false, "lanes": "", "maxspeed": "", "surface": null, "bridge": "", "tunnel": null, "access": "", "length_m": 45.06 }, "geometry": { "type": "LineString", "coordinates": [ [ 377455.868225796613842, 2045967.796578764216974 ], [ 377410.805482146912254, 2045967.72118320222944 ] ] } },
{ "type": "Feature", "properties": { "road_id": "RN_ROAD_00059", "osm_id": "209172129", "road_class": "residential", "name": "", "oneway": false, "lanes": "", "maxspeed": "", "surface": null, "bridge": "", "tunnel": null, "access": "", "length_m": 38.98 }, "geometry": { "type": "LineString", "coordinates": [ [ 377494.84629629610572, 2045967.380000018747523 ], [ 377455.868225796613842, 2045967.796578764216974 ] ] } },
{ "type": "Feature", "properties": { "road_id": "RN_ROAD_00060", "osm_id": "68338295", "road_class": "tertiary", "name": "Dattawadi Road", "oneway": false, "lanes": "", "maxspeed": "", "surface": null, "bridge": "", "tunnel": null, "access": "", "length_m": 36.98 }, "geometry": { "type": "LineString", "coordinates": [ [ 377455.868225796613842, 2045967.796578764216974 ], [ 377457.277782527497038, 2046004.749536049552262 ] ] } },
{ "type": "Feature", "properties": { "road_id": "RN_ROAD_00061", "osm_id": "68338501", "road_class": "tertiary", "name": "", "oneway": false, "lanes": "", "maxspeed": "", "surface": null, "bridge": "", "tunnel": null, "access": "", "length_m": 36.25 }, "geometry": { "type": "LineString", "coordinates": [ [ 377598.452642892429139, 2045927.78249198035337 ], [ 377597.533642030844931, 2045891.54571413458325 ] ] } },
{ "type": "Feature", "properties": { "road_id": "RN_ROAD_00062", "osm_id": "858528690", "road_class": "residential", "name": "", "oneway": false, "lanes": "", "maxspeed": "", "surface": null, "bridge": "", "tunnel": null, "access": "", "length_m": 34.04 }, "geometry": { "type": "LineString", "coordinates": [ [ 377668.614044985501096, 2045918.268596427049488 ], [ 377634.57592612633016, 2045918.498166355071589 ] ] } },
{ "type": "Feature", "properties": { "road_id": "RN_ROAD_00063", "osm_id": "210717988", "road_class": "residential", "name": "", "oneway": false, "lanes": "", "maxspeed": "", "surface": null, "bridge": "", "tunnel": null, "access": "", "length_m": 104.42 }, "geometry": { "type": "LineString", "coordinates": [ [ 377598.452642892429139, 2045927.78249198035337 ], [ 377494.034725261677522, 2045928.176708469167352 ] ] } },
{ "type": "Feature", "properties": { "road_id": "RN_ROAD_00064", "osm_id": "217318313", "road_class": "residential", "name": "", "oneway": false, "lanes": "", "maxspeed": "", "surface": null, "bridge": "", "tunnel": null, "access": "", "length_m": 21.49 }, "geometry": { "type": "LineString", "coordinates": [ [ 377634.57592612633016, 2045918.498166355071589 ], [ 377634.998958596843295, 2045939.986527263419703 ] ] } },
{ "type": "Feature", "properties": { "road_id": "RN_ROAD_00065", "osm_id": "68338501", "road_class": "tertiary", "name": "", "oneway": false, "lanes": "", "maxspeed": "", "surface": null, "bridge": "", "tunnel": null, "access": "", "length_m": 38.55 }, "geometry": { "type": "LineString", "coordinates": [ [ 377599.565908809425309, 2045966.319848579820246 ], [ 377599.429345530050341, 2045961.495745729887858 ], [ 377598.452642892429139, 2045927.78249198035337 ] ] } },
{ "type": "Feature", "properties": { "road_id": "RN_ROAD_00066", "osm_id": "209172129", "road_class": "residential", "name": "", "oneway": false, "lanes": "", "maxspeed": "", "surface": null, "bridge": "", "tunnel": null, "access": "", "length_m": 75.87 }, "geometry": { "type": "LineString", "coordinates": [ [ 377523.699857604806311, 2045967.083893315400928 ], [ 377599.565908809425309, 2045966.319848579820246 ] ] } },
{ "type": "Feature", "properties": { "road_id": "RN_ROAD_00067", "osm_id": "68338501", "road_class": "tertiary", "name": "", "oneway": false, "lanes": "", "maxspeed": "", "surface": null, "bridge": "", "tunnel": null, "access": "", "length_m": 40.75 }, "geometry": { "type": "LineString", "coordinates": [ [ 377599.565908809425309, 2045966.319848579820246 ], [ 377600.746036046184599, 2046007.047937673749402 ] ] } },
{ "type": "Feature", "properties": { "road_id": "RN_ROAD_00068", "osm_id": "68338411", "road_class": "tertiary", "name": "", "oneway": false, "lanes": "", "maxspeed": "", "surface": null, "bridge": "", "tunnel": null, "access": "", "length_m": 130.87 }, "geometry": { "type": "LineString", "coordinates": [ [ 377758.22448026726488, 2046004.355105885770172 ], [ 377710.126861451310106, 2046005.172725470969453 ], [ 377669.936460750410333, 2046005.862245605094358 ], [ 377627.370716440724209, 2046006.589235354680568 ] ] } },
{ "type": "Feature", "properties": { "road_id": "RN_ROAD_00069", "osm_id": "68338411", "road_class": "tertiary", "name": "", "oneway": false, "lanes": "", "maxspeed": "", "surface": null, "bridge": "", "tunnel": null, "access": "", "length_m": 26.63 }, "geometry": { "type": "LineString", "coordinates": [ [ 377627.370716440724209, 2046006.589235354680568 ], [ 377600.746036046184599, 2046007.047937673749402 ] ] } },
{ "type": "Feature", "properties": { "road_id": "RN_ROAD_00070", "osm_id": "68338411", "road_class": "tertiary", "name": "", "oneway": false, "lanes": "", "maxspeed": "", "surface": null, "bridge": "", "tunnel": null, "access": "", "length_m": 24.94 }, "geometry": { "type": "LineString", "coordinates": [ [ 377575.809805308294017, 2046007.374100000131875 ], [ 377600.746036046184599, 2046007.047937673749402 ] ] } },
{ "type": "Feature", "properties": { "road_id": "RN_ROAD_00071", "osm_id": "1118555573", "road_class": "residential", "name": "", "oneway": false, "lanes": "", "maxspeed": "", "surface": null, "bridge": "", "tunnel": null, "access": "", "length_m": 40.64 }, "geometry": { "type": "LineString", "coordinates": [ [ 377523.699857604806311, 2045967.083893315400928 ], [ 377524.151025560102426, 2046007.717074423329905 ] ] } },
{ "type": "Feature", "properties": { "road_id": "RN_ROAD_00072", "osm_id": "68338411", "road_class": "tertiary", "name": "", "oneway": false, "lanes": "", "maxspeed": "", "surface": null, "bridge": "", "tunnel": null, "access": "", "length_m": 38.41 }, "geometry": { "type": "LineString", "coordinates": [ [ 377457.277782527497038, 2046004.749536049552262 ], [ 377418.867836665245704, 2046004.841614658012986 ] ] } },
{ "type": "Feature", "properties": { "road_id": "RN_ROAD_00073", "osm_id": "68338411", "road_class": "tertiary", "name": "", "oneway": false, "lanes": "", "maxspeed": "", "surface": null, "bridge": "", "tunnel": null, "access": "", "length_m": 40.1 }, "geometry": { "type": "LineString", "coordinates": [ [ 377497.24999023770215, 2046007.889969181967899 ], [ 377457.277782527497038, 2046004.749536049552262 ] ] } },
{ "type": "Feature", "properties": { "road_id": "RN_ROAD_00074", "osm_id": "68338411", "road_class": "tertiary", "name": "", "oneway": false, "lanes": "", "maxspeed": "", "surface": null, "bridge": "", "tunnel": null, "access": "", "length_m": 26.9 }, "geometry": { "type": "LineString", "coordinates": [ [ 377524.151025560102426, 2046007.717074423329905 ], [ 377497.24999023770215, 2046007.889969181967899 ] ] } },
{ "type": "Feature", "properties": { "road_id": "RN_ROAD_00075", "osm_id": "68338353", "road_class": "residential", "name": "", "oneway": false, "lanes": "", "maxspeed": "", "surface": null, "bridge": "", "tunnel": null, "access": "", "length_m": 37.32 }, "geometry": { "type": "LineString", "coordinates": [ [ 377419.688514614128508, 2046042.152489804662764 ], [ 377418.867836665245704, 2046004.841614658012986 ] ] } },
{ "type": "Feature", "properties": { "road_id": "RN_ROAD_00076", "osm_id": "68338532", "road_class": "residential", "name": "", "oneway": false, "lanes": "", "maxspeed": "", "surface": null, "bridge": "", "tunnel": null, "access": "", "length_m": 40.45 }, "geometry": { "type": "LineString", "coordinates": [ [ 377498.280683189979754, 2046048.331299688667059 ], [ 377497.24999023770215, 2046007.889969181967899 ] ] } },
{ "type": "Feature", "properties": { "road_id": "RN_ROAD_00077", "osm_id": "210717989", "road_class": "residential", "name": "", "oneway": false, "lanes": "", "maxspeed": "", "surface": null, "bridge": "", "tunnel": null, "access": "", "length_m": 77.8 }, "geometry": { "type": "LineString", "coordinates": [ [ 377498.280683189979754, 2046048.331299688667059 ], [ 377576.079680594441015, 2046047.742846080102026 ] ] } },
{ "type": "Feature", "properties": { "road_id": "RN_ROAD_00078", "osm_id": "68338353", "road_class": "residential", "name": "", "oneway": false, "lanes": "", "maxspeed": "", "surface": null, "bridge": "", "tunnel": null, "access": "", "length_m": 36.19 }, "geometry": { "type": "LineString", "coordinates": [ [ 377420.491376789403148, 2046078.334700223524123 ], [ 377419.688514614128508, 2046042.152489804662764 ] ] } },
{ "type": "Feature", "properties": { "road_id": "RN_ROAD_00079", "osm_id": "68338532", "road_class": "residential", "name": "", "oneway": false, "lanes": "", "maxspeed": "", "surface": null, "bridge": "", "tunnel": null, "access": "", "length_m": 37.93 }, "geometry": { "type": "LineString", "coordinates": [ [ 377499.252929175214376, 2046086.249851483153179 ], [ 377498.280683189979754, 2046048.331299688667059 ] ] } },
{ "type": "Feature", "properties": { "road_id": "RN_ROAD_00080", "osm_id": "68338295", "road_class": "tertiary", "name": "Dattawadi Road", "oneway": false, "lanes": "", "maxspeed": "", "surface": null, "bridge": "", "tunnel": null, "access": "", "length_m": 126.01 }, "geometry": { "type": "LineString", "coordinates": [ [ 377460.452793962787837, 2046130.720927228452638 ], [ 377457.277782527497038, 2046004.749536049552262 ] ] } },
{ "type": "Feature", "properties": { "road_id": "RN_ROAD_00081", "osm_id": "68338431", "road_class": "tertiary", "name": "", "oneway": false, "lanes": "", "maxspeed": "", "surface": null, "bridge": "", "tunnel": null, "access": "", "length_m": 66.43 }, "geometry": { "type": "LineString", "coordinates": [ [ 377769.907419535098597, 2045937.737541884183884 ], [ 377769.624236688716337, 2045975.896516410401091 ], [ 377769.404303894378245, 2046004.161669903667644 ] ] } },
{ "type": "Feature", "properties": { "road_id": "RN_ROAD_00082", "osm_id": "68338411", "road_class": "tertiary", "name": "", "oneway": false, "lanes": "", "maxspeed": "", "surface": null, "bridge": "", "tunnel": null, "access": "", "length_m": 11.18 }, "geometry": { "type": "LineString", "coordinates": [ [ 377758.22448026726488, 2046004.355105885770172 ], [ 377769.404303894378245, 2046004.161669903667644 ] ] } },
{ "type": "Feature", "properties": { "road_id": "RN_ROAD_00083", "osm_id": "476933840", "road_class": "residential", "name": "", "oneway": false, "lanes": "", "maxspeed": "", "surface": null, "bridge": "", "tunnel": null, "access": "", "length_m": 70.29 }, "geometry": { "type": "LineString", "coordinates": [ [ 377740.585290496121161, 2046072.372071338584647 ], [ 377746.085257445927709, 2046047.558977411128581 ], [ 377758.22448026726488, 2046004.355105885770172 ] ] } },
{ "type": "Feature", "properties": { "road_id": "RN_ROAD_00084", "osm_id": "68338431", "road_class": "tertiary", "name": "", "oneway": false, "lanes": "", "maxspeed": "", "surface": null, "bridge": "", "tunnel": null, "access": "", "length_m": 90.14 }, "geometry": { "type": "LineString", "coordinates": [ [ 377828.029095190519001, 2046072.630218382924795 ], [ 377769.404303894378245, 2046004.161669903667644 ] ] } },
{ "type": "Feature", "properties": { "road_id": "RN_ROAD_00085", "osm_id": "476933839", "road_class": "residential", "name": "", "oneway": false, "lanes": "", "maxspeed": "", "surface": null, "bridge": "", "tunnel": null, "access": "", "length_m": 105.34 }, "geometry": { "type": "LineString", "coordinates": [ [ 377723.691873638657853, 2046087.110319680999964 ], [ 377828.029095190519001, 2046072.630218382924795 ] ] } },
{ "type": "Feature", "properties": { "road_id": "RN_ROAD_00086", "osm_id": "68338431", "road_class": "tertiary", "name": "", "oneway": false, "lanes": "", "maxspeed": "", "surface": null, "bridge": "", "tunnel": null, "access": "", "length_m": 98.17 }, "geometry": { "type": "LineString", "coordinates": [ [ 377828.029095190519001, 2046072.630218382924795 ], [ 377874.696714222547598, 2046127.132210768992081 ], [ 377891.120366858609486, 2046147.820844844449311 ] ] } },
{ "type": "Feature", "properties": { "road_id": "RN_ROAD_00087", "osm_id": "750337386", "road_class": "residential", "name": "", "oneway": false, "lanes": "", "maxspeed": "", "surface": null, "bridge": "", "tunnel": null, "access": "", "length_m": 45.06 }, "geometry": { "type": "LineString", "coordinates": [ [ 377783.580806862039026, 2046181.4882764571812 ], [ 377785.213591824052855, 2046136.459434024523944 ] ] } },
{ "type": "Feature", "properties": { "road_id": "RN_ROAD_00088", "osm_id": "206225454", "road_class": "residential", "name": "", "oneway": false, "lanes": "", "maxspeed": "", "surface": null, "bridge": "", "tunnel": null, "access": "", "length_m": 33.69 }, "geometry": { "type": "LineString", "coordinates": [ [ 377817.25729684100952, 2046182.567103623179719 ], [ 377783.580806862039026, 2046181.4882764571812 ] ] } },
{ "type": "Feature", "properties": { "road_id": "RN_ROAD_00089", "osm_id": "206225454", "road_class": "residential", "name": "", "oneway": false, "lanes": "", "maxspeed": "", "surface": null, "bridge": "", "tunnel": null, "access": "", "length_m": 121.68 }, "geometry": { "type": "LineString", "coordinates": [ [ 377719.584775676892605, 2046241.779458759818226 ], [ 377722.144673679838888, 2046184.947796991560608 ], [ 377723.365405846794602, 2046181.033501826226711 ], [ 377727.091223977680784, 2046179.2057616696693 ], [ 377783.580806862039026, 2046181.4882764571812 ] ] } },
{ "type": "Feature", "properties": { "road_id": "RN_ROAD_00090", "osm_id": "750337386", "road_class": "residential", "name": "", "oneway": false, "lanes": "", "maxspeed": "", "surface": null, "bridge": "", "tunnel": null, "access": "", "length_m": 63.21 }, "geometry": { "type": "LineString", "coordinates": [ [ 377781.293659441638738, 2046244.659252530196682 ], [ 377783.580806862039026, 2046181.4882764571812 ] ] } },
{ "type": "Feature", "properties": { "road_id": "RN_ROAD_00091", "osm_id": "331532119", "road_class": "residential", "name": "", "oneway": false, "lanes": "", "maxspeed": "", "surface": null, "bridge": "", "tunnel": null, "access": "", "length_m": 38.42 }, "geometry": { "type": "LineString", "coordinates": [ [ 377420.491376789403148, 2046078.334700223524123 ], [ 377382.088124967296608, 2046079.444935258245096 ] ] } },
{ "type": "Feature", "properties": { "road_id": "RN_ROAD_00092", "osm_id": "210718006", "road_class": "residential", "name": "", "oneway": false, "lanes": "", "maxspeed": "", "surface": null, "bridge": "", "tunnel": null, "access": "", "length_m": 76.78 }, "geometry": { "type": "LineString", "coordinates": [ [ 377499.252929175214376, 2046086.249851483153179 ], [ 377576.026043417979963, 2046085.413453249260783 ] ] } },
{ "type": "Feature", "properties": { "road_id": "RN_ROAD_00093", "osm_id": "68338353", "road_class": "residential", "name": "", "oneway": false, "lanes": "", "maxspeed": "", "surface": null, "bridge": "", "tunnel": null, "access": "", "length_m": 53.33 }, "geometry": { "type": "LineString", "coordinates": [ [ 377421.636763905407861, 2046131.65667989384383 ], [ 377420.491376789403148, 2046078.334700223524123 ] ] } },
{ "type": "Feature", "properties": { "road_id": "RN_ROAD_00094", "osm_id": "68338532", "road_class": "residential", "name": "", "oneway": false, "lanes": "", "maxspeed": "", "surface": null, "bridge": "", "tunnel": null, "access": "", "length_m": 43.56 }, "geometry": { "type": "LineString", "coordinates": [ [ 377500.366959473409224, 2046129.800327895209193 ], [ 377499.252929175214376, 2046086.249851483153179 ] ] } },
{ "type": "Feature", "properties": { "road_id": "RN_ROAD_00095", "osm_id": "210718035", "road_class": "residential", "name": "", "oneway": false, "lanes": "", "maxspeed": "", "surface": null, "bridge": "", "tunnel": null, "access": "", "length_m": 75.62 }, "geometry": { "type": "LineString", "coordinates": [ [ 377500.366959473409224, 2046129.800327895209193 ], [ 377575.961744458239991, 2046127.997643106849864 ] ] } },
{ "type": "Feature", "properties": { "road_id": "RN_ROAD_00096", "osm_id": "210718035", "road_class": "residential", "name": "", "oneway": false, "lanes": "", "maxspeed": "", "surface": null, "bridge": "", "tunnel": null, "access": "", "length_m": 39.92 }, "geometry": { "type": "LineString", "coordinates": [ [ 377460.452793962787837, 2046130.720927228452638 ], [ 377500.366959473409224, 2046129.800327895209193 ] ] } },
{ "type": "Feature", "properties": { "road_id": "RN_ROAD_00097", "osm_id": "210718035", "road_class": "residential", "name": "", "oneway": false, "lanes": "", "maxspeed": "", "surface": null, "bridge": "", "tunnel": null, "access": "", "length_m": 38.83 }, "geometry": { "type": "LineString", "coordinates": [ [ 377421.636763905407861, 2046131.65667989384383 ], [ 377460.452793962787837, 2046130.720927228452638 ] ] } },
{ "type": "Feature", "properties": { "road_id": "RN_ROAD_00098", "osm_id": "68338532", "road_class": "residential", "name": "", "oneway": false, "lanes": "", "maxspeed": "", "surface": null, "bridge": "", "tunnel": null, "access": "", "length_m": 36.27 }, "geometry": { "type": "LineString", "coordinates": [ [ 377501.296865743526723, 2046166.059183417120948 ], [ 377500.366959473409224, 2046129.800327895209193 ] ] } },
{ "type": "Feature", "properties": { "road_id": "RN_ROAD_00099", "osm_id": "68338353", "road_class": "residential", "name": "", "oneway": false, "lanes": "", "maxspeed": "", "surface": null, "bridge": "", "tunnel": null, "access": "", "length_m": 45.51 }, "geometry": { "type": "LineString", "coordinates": [ [ 377422.615697452623863, 2046177.155733735766262 ], [ 377421.636763905407861, 2046131.65667989384383 ] ] } },
{ "type": "Feature", "properties": { "road_id": "RN_ROAD_00100", "osm_id": "217318311", "road_class": "residential", "name": "", "oneway": false, "lanes": "", "maxspeed": "", "surface": null, "bridge": "", "tunnel": null, "access": "", "length_m": 37.98 }, "geometry": { "type": "LineString", "coordinates": [ [ 377539.268138573097531, 2046165.117950633168221 ], [ 377501.296865743526723, 2046166.059183417120948 ] ] } },
{ "type": "Feature", "properties": { "road_id": "RN_ROAD_00101", "osm_id": "436658415", "road_class": "residential", "name": "", "oneway": false, "lanes": "", "maxspeed": "", "surface": null, "bridge": "", "tunnel": null, "access": "", "length_m": 47.77 }, "geometry": { "type": "LineString", "coordinates": [ [ 377902.038873033015989, 2045526.281268520979211 ], [ 377891.895492356037721, 2045540.378135591512546 ], [ 377879.868859875074122, 2045568.298371305922046 ] ] } },
{ "type": "Feature", "properties": { "road_id": "RN_ROAD_00102", "osm_id": "436369812", "road_class": "residential", "name": "Janata Vasahat Road", "oneway": false, "lanes": "", "maxspeed": "", "surface": null, "bridge": "", "tunnel": null, "access": "", "length_m": 400.64 }, "geometry": { "type": "LineString", "coordinates": [ [ 377905.396573652978987, 2045526.497248154133558 ], [ 377910.335900311649311, 2045529.691563277738169 ], [ 377924.205168112704996, 2045545.483099797274917 ], [ 377945.408059595269151, 2045586.968252407154068 ], [ 377957.640708892489783, 2045604.408123455941677 ], [ 377980.371283816930372, 2045627.258692369796336 ], [ 377995.912037954316474, 2045645.230731840245426 ], [ 378016.432529530720785, 2045665.915393864735961 ], [ 378035.295320774777792, 2045686.599615769693628 ], [ 378048.625843838672154, 2045704.032512791221961 ], [ 378064.701464297366329, 2045719.810022889869288 ], [ 378084.655241358443163, 2045737.75389636401087 ], [ 378113.452703181421384, 2045761.661381552461535 ], [ 378133.399369864608161, 2045780.158668796997517 ], [ 378155.562977045134176, 2045800.268570215674117 ], [ 378173.324010121403262, 2045820.417700584745035 ] ] } },
{ "type": "Feature", "properties": { "road_id": "RN_ROAD_00103", "osm_id": "436369810", "road_class": "residential", "name": "", "oneway": false, "lanes": "", "maxspeed": "", "surface": null, "bridge": "", "tunnel": null, "access": "", "length_m": 393.37 }, "geometry": { "type": "LineString", "coordinates": [ [ 377879.868859875074122, 2045568.298371305922046 ], [ 377917.507099342707079, 2045609.147024916717783 ], [ 377939.724067561211996, 2045629.278490539640188 ], [ 377957.404356264858507, 2045648.299180232221261 ], [ 377991.03809602727415, 2045682.146405094768852 ], [ 378016.986404336756095, 2045709.568991433829069 ], [ 378040.072709170053713, 2045731.941487478325143 ], [ 378069.99266500963131, 2045761.308554151793942 ], [ 378087.364284976269118, 2045776.679397507803515 ], [ 378096.736248555767816, 2045782.694935861509293 ], [ 378101.619181776186451, 2045785.131525042466819 ], [ 378107.543714183673728, 2045788.645966120762751 ], [ 378133.430509228492156, 2045806.496611209586263 ], [ 378157.30904666724382, 2045820.708199406741187 ], [ 378166.663441587879788, 2045822.33050318993628 ], [ 378173.324010121403262, 2045820.417700584745035 ] ] } },
{ "type": "Feature", "properties": { "road_id": "RN_ROAD_00104", "osm_id": [ 1157871403, 199637813 ], "road_class": "primary", "name": "Sinhagad Road", "oneway": true, "lanes": [ "2", "3" ], "maxspeed": "", "surface": null, "bridge": "", "tunnel": null, "access": "", "length_m": 310.87 }, "geometry": { "type": "LineString", "coordinates": [ [ 377770.881369449663907, 2045771.856125194579363 ], [ 377880.364784242585301, 2045833.580238858703524 ], [ 377909.091863334702794, 2045849.774556674296036 ], [ 377921.998589495138731, 2045858.73317855107598 ], [ 378028.161373912822455, 2045944.526751243043691 ] ] } },
{ "type": "Feature", "properties": { "road_id": "RN_ROAD_00105", "osm_id": [ 1207739908, 1207739909, 1207740006, 1207739110, 199637812, 199637816 ], "road_class": "primary", "name": "Sinhagad Road", "oneway": true, "lanes": [ "2", "3" ], "maxspeed": "", "surface": null, "bridge": "", "tunnel": null, "access": "", "length_m": 260.06 }, "geometry": { "type": "LineString", "coordinates": [ [ 378036.173373339581303, 2045936.020709740230814 ], [ 378016.112743083387613, 2045919.505150001496077 ], [ 377944.507838366262149, 2045860.248988362727687 ], [ 377929.448183608707041, 2045848.139134558849037 ], [ 377923.849151935894042, 2045844.346001540310681 ], [ 377916.043041187222116, 2045838.840639875503257 ], [ 377893.766564361052588, 2045825.869589464506134 ], [ 377885.447358691482805, 2045821.031513781752437 ], [ 377824.254479626135435, 2045786.852047975175083 ] ] } },
{ "type": "Feature", "properties": { "road_id": "RN_ROAD_00106", "osm_id": "690345739", "road_class": "primary_link", "name": "", "oneway": false, "lanes": "", "maxspeed": "", "surface": null, "bridge": "", "tunnel": null, "access": "", "length_m": 11.69 }, "geometry": { "type": "LineString", "coordinates": [ [ 378028.161373912822455, 2045944.526751243043691 ], [ 378036.173373339581303, 2045936.020709740230814 ] ] } },
{ "type": "Feature", "properties": { "road_id": "RN_ROAD_00107", "osm_id": "199637813", "road_class": "primary", "name": "Sinhagad Road", "oneway": true, "lanes": "2", "maxspeed": "", "surface": null, "bridge": "", "tunnel": null, "access": "", "length_m": 11.53 }, "geometry": { "type": "LineString", "coordinates": [ [ 378028.161373912822455, 2045944.526751243043691 ], [ 378037.129388509318233, 2045951.77321848180145 ] ] } },
{ "type": "Feature", "properties": { "road_id": "RN_ROAD_00108", "osm_id": "449408102", "road_class": "residential", "name": "", "oneway": false, "lanes": "", "maxspeed": "", "surface": null, "bridge": "", "tunnel": null, "access": "", "length_m": 14.32 }, "geometry": { "type": "LineString", "coordinates": [ [ 378037.129388509318233, 2045951.77321848180145 ], [ 378028.842034108180087, 2045963.446027489611879 ] ] } },
{ "type": "Feature", "properties": { "road_id": "RN_ROAD_00109", "osm_id": "436819471", "road_class": "residential", "name": "", "oneway": false, "lanes": "", "maxspeed": "", "surface": null, "bridge": "", "tunnel": null, "access": "", "length_m": 13.97 }, "geometry": { "type": "LineString", "coordinates": [ [ 378015.469509068061598, 2045967.471269831992686 ], [ 378028.842034108180087, 2045963.446027489611879 ] ] } },
{ "type": "Feature", "properties": { "road_id": "RN_ROAD_00110", "osm_id": "436369812", "road_class": "residential", "name": "Janata Vasahat Road", "oneway": false, "lanes": "", "maxspeed": "", "surface": null, "bridge": "", "tunnel": null, "access": "", "length_m": 160.44 }, "geometry": { "type": "LineString", "coordinates": [ [ 378355.401598811382428, 2045863.6090735392645 ], [ 378389.017357061966322, 2045866.681290102656931 ], [ 378425.913295609236229, 2045864.254756190348417 ], [ 378457.277131612761877, 2045858.576840128516778 ], [ 378502.873693634057418, 2045838.034557047532871 ], [ 378509.388630374742206, 2045833.697469162056223 ] ] } },
{ "type": "Feature", "properties": { "road_id": "RN_ROAD_00111", "osm_id": "436369812", "road_class": "residential", "name": "Janata Vasahat Road", "oneway": false, "lanes": "", "maxspeed": "", "surface": null, "bridge": "", "tunnel": null, "access": "", "length_m": 116.54 }, "geometry": { "type": "LineString", "coordinates": [ [ 378283.959865158074535, 2045851.250229324679822 ], [ 378262.764839999203105, 2045850.511343210237101 ], [ 378210.356506389915012, 2045839.348116947337985 ], [ 378205.424066110164858, 2045837.420874338131398 ], [ 378193.791577661177143, 2045832.880502863321453 ], [ 378173.324010121403262, 2045820.417700584745035 ] ] } },
{ "type": "Feature", "properties": { "road_id": "RN_ROAD_00112", "osm_id": "436369812", "road_class": "residential", "name": "Janata Vasahat Road", "oneway": false, "lanes": "", "maxspeed": "", "surface": null, "bridge": "", "tunnel": null, "access": "", "length_m": 75.96 }, "geometry": { "type": "LineString", "coordinates": [ [ 378283.959865158074535, 2045851.250229324679822 ], [ 378289.208489226410165, 2045851.43804125697352 ], [ 378310.273991177848075, 2045851.735125977778807 ], [ 378343.207903426955454, 2045852.188870871439576 ], [ 378355.401598811382428, 2045863.6090735392645 ] ] } },
{ "type": "Feature", "properties": { "road_id": "RN_ROAD_00113", "osm_id": "1550982344", "road_class": "residential", "name": "", "oneway": false, "lanes": "1", "maxspeed": "40", "surface": null, "bridge": "", "tunnel": null, "access": "", "length_m": 80.27 }, "geometry": { "type": "LineString", "coordinates": [ [ 378283.959865158074535, 2045851.250229324679822 ], [ 378290.789237943128683, 2045864.198619912611321 ], [ 378302.157696158741601, 2045867.080767765408382 ], [ 378346.734246741922107, 2045867.061789668165147 ], [ 378355.401598811382428, 2045863.6090735392645 ] ] } },
{ "type": "Feature", "properties": { "road_id": "RN_ROAD_00114", "osm_id": "22841354", "road_class": "primary", "name": "Tanaji Malusare Path", "oneway": true, "lanes": "3", "maxspeed": "", "surface": null, "bridge": "", "tunnel": null, "access": "", "length_m": 45.48 }, "geometry": { "type": "LineString", "coordinates": [ [ 378548.217307804967277, 2045925.247845253907144 ], [ 378563.717602368211374, 2045913.79491931386292 ], [ 378584.794022357382346, 2045898.217723624547943 ] ] } },
{ "type": "Feature", "properties": { "road_id": "RN_ROAD_00115", "osm_id": "212751760", "road_class": "primary", "name": "Tanaji Malusare Path", "oneway": true, "lanes": "3", "maxspeed": "", "surface": null, "bridge": "", "tunnel": null, "access": "", "length_m": 136.05 }, "geometry": { "type": "LineString", "coordinates": [ [ 378584.651925425510854, 2045885.307983956532553 ], [ 378561.564895743795205, 2045902.377011761534959 ], [ 378542.092319104936905, 2045916.765724039170891 ], [ 378535.690381029911805, 2045921.155630456516519 ], [ 378519.270387812692206, 2045932.426313395146281 ], [ 378473.553084101877175, 2045963.803382368991151 ] ] } },
{ "type": "Feature", "properties": { "road_id": "RN_ROAD_00116", "osm_id": "210718023", "road_class": "residential", "name": "", "oneway": false, "lanes": "", "maxspeed": "", "surface": null, "bridge": "", "tunnel": null, "access": "", "length_m": 59.09 }, "geometry": { "type": "LineString", "coordinates": [ [ 378186.822422218043357, 2045941.796727965120226 ], [ 378208.177933463826776, 2045886.704285143874586 ] ] } },
{ "type": "Feature", "properties": { "road_id": "RN_ROAD_00117", "osm_id": "22841354", "road_class": "primary", "name": "Tanaji Malusare Path", "oneway": true, "lanes": "3", "maxspeed": "", "surface": null, "bridge": "", "tunnel": null, "access": "", "length_m": 30.05 }, "geometry": { "type": "LineString", "coordinates": [ [ 378523.472137919685338, 2045942.303989965468645 ], [ 378548.217307804967277, 2045925.247845253907144 ] ] } },
{ "type": "Feature", "properties": { "road_id": "RN_ROAD_00118", "osm_id": "22841354", "road_class": "primary", "name": "Tanaji Malusare Path", "oneway": true, "lanes": "3", "maxspeed": "", "surface": null, "bridge": "", "tunnel": null, "access": "", "length_m": 53.85 }, "geometry": { "type": "LineString", "coordinates": [ [ 378479.036823435861152, 2045972.721162601839751 ], [ 378523.472137919685338, 2045942.303989965468645 ] ] } },
{ "type": "Feature", "properties": { "road_id": "RN_ROAD_00119", "osm_id": [ 859211091, 859211092, 859211093 ], "road_class": "residential", "name": "", "oneway": false, "lanes": "", "maxspeed": "", "surface": null, "bridge": "yes", "tunnel": null, "access": "", "length_m": 54.96 }, "geometry": { "type": "LineString", "coordinates": [ [ 378585.498781368252821, 2045962.245675005251542 ], [ 378565.954374583438039, 2045953.32102774688974 ], [ 378561.110659450758249, 2045948.737188124330714 ], [ 378557.82482902117772, 2045943.413038307102397 ], [ 378548.217307804967277, 2045925.247845253907144 ] ] } },
{ "type": "Feature", "properties": { "road_id": "RN_ROAD_00120", "osm_id": [ 436819475, 215776092 ], "road_class": "residential", "name": "", "oneway": false, "lanes": "", "maxspeed": "", "surface": null, "bridge": "", "tunnel": null, "access": "", "length_m": 242.89 }, "geometry": { "type": "LineString", "coordinates": [ [ 378370.492622513789684, 2045998.147058086236939 ], [ 378366.323658822453581, 2045935.515485411742702 ], [ 378289.478183925850317, 2045944.925615782849491 ], [ 378260.997307327459566, 2045944.056203976739198 ], [ 378186.822422218043357, 2045941.796727965120226 ] ] } },
{ "type": "Feature", "properties": { "road_id": "RN_ROAD_00121", "osm_id": "210718044", "road_class": "residential", "name": "", "oneway": false, "lanes": "", "maxspeed": "", "surface": null, "bridge": "", "tunnel": null, "access": "", "length_m": 10.47 }, "geometry": { "type": "LineString", "coordinates": [ [ 378479.036823435861152, 2045972.721162601839751 ], [ 378473.553084101877175, 2045963.803382368991151 ] ] } },
{ "type": "Feature", "properties": { "road_id": "RN_ROAD_00122", "osm_id": "217318312", "road_class": "residential", "name": "", "oneway": false, "lanes": "", "maxspeed": "", "surface": null, "bridge": "", "tunnel": null, "access": "", "length_m": 72.65 }, "geometry": { "type": "LineString", "coordinates": [ [ 378523.472137919685338, 2045942.303989965468645 ], [ 378559.875985269842204, 2046005.172793225618079 ] ] } },
{ "type": "Feature", "properties": { "road_id": "RN_ROAD_00123", "osm_id": "212751760", "road_class": "primary", "name": "Tanaji Malusare Path", "oneway": true, "lanes": "3", "maxspeed": "", "surface": null, "bridge": "", "tunnel": null, "access": "", "length_m": 108.91 }, "geometry": { "type": "LineString", "coordinates": [ [ 378473.553084101877175, 2045963.803382368991151 ], [ 378461.115588700864464, 2045970.422956555616111 ], [ 378445.032521341054235, 2045976.567800736287609 ], [ 378370.492622513789684, 2045998.147058086236939 ] ] } },
{ "type": "Feature", "properties": { "road_id": "RN_ROAD_00124", "osm_id": "22841354", "road_class": "primary", "name": "Tanaji Malusare Path", "oneway": true, "lanes": "3", "maxspeed": "", "surface": null, "bridge": "", "tunnel": null, "access": "", "length_m": 56.46 }, "geometry": { "type": "LineString", "coordinates": [ [ 378426.479854275705293, 2045992.79887037887238 ], [ 378448.379200669412967, 2045986.461983095854521 ], [ 378465.494514813297428, 2045979.93429984874092 ], [ 378479.036823435861152, 2045972.721162601839751 ] ] } },
{ "type": "Feature", "properties": { "road_id": "RN_ROAD_00125", "osm_id": "210718042", "road_class": "residential", "name": "", "oneway": false, "lanes": "", "maxspeed": "", "surface": null, "bridge": "", "tunnel": null, "access": "", "length_m": 13.58 }, "geometry": { "type": "LineString", "coordinates": [ [ 378559.875985269842204, 2046005.172793225618079 ], [ 378567.808828968205489, 2045994.155412326566875 ] ] } },
{ "type": "Feature", "properties": { "road_id": "RN_ROAD_00126", "osm_id": "210718044", "road_class": "residential", "name": "", "oneway": false, "lanes": "", "maxspeed": "", "surface": null, "bridge": "", "tunnel": null, "access": "", "length_m": 61.68 }, "geometry": { "type": "LineString", "coordinates": [ [ 378494.626354666484986, 2046031.583732994040474 ], [ 378490.607234358089045, 2045997.35874049901031 ], [ 378479.036823435861152, 2045972.721162601839751 ] ] } },
{ "type": "Feature", "properties": { "road_id": "RN_ROAD_00127", "osm_id": "22841354", "road_class": "primary", "name": "Tanaji Malusare Path", "oneway": true, "lanes": "3", "maxspeed": "", "surface": null, "bridge": "", "tunnel": null, "access": "", "length_m": 106.52 }, "geometry": { "type": "LineString", "coordinates": [ [ 378324.170792219578288, 2046022.423715462442487 ], [ 378329.629210594459437, 2046020.751033981796354 ], [ 378345.614613964338787, 2046015.857218677410856 ], [ 378351.663135455106385, 2046014.003713917918503 ], [ 378373.106974372756667, 2046007.437249195529148 ], [ 378426.479854275705293, 2045992.79887037887238 ] ] } },
{ "type": "Feature", "properties": { "road_id": "RN_ROAD_00128", "osm_id": "212751760", "road_class": "primary", "name": "Tanaji Malusare Path", "oneway": true, "lanes": "3", "maxspeed": "", "surface": null, "bridge": "", "tunnel": null, "access": "", "length_m": 142.27 }, "geometry": { "type": "LineString", "coordinates": [ [ 378370.492622513789684, 2045998.147058086236939 ], [ 378300.674163426505402, 2046018.35742833185941 ], [ 378291.96518400660716, 2046020.239005949581042 ], [ 378285.501951615791768, 2046021.630388083867729 ], [ 378275.089019361534156, 2046022.86993578216061 ], [ 378262.432984062237665, 2046023.360232745530084 ], [ 378249.069726126152091, 2046023.877189036924392 ], [ 378231.539674392086454, 2046023.314132730476558 ] ] } },
{ "type": "Feature", "properties": { "road_id": "RN_ROAD_00129", "osm_id": "199637812", "road_class": "primary", "name": "Sinhagad Road", "oneway": true, "lanes": "2", "maxspeed": "", "surface": null, "bridge": "", "tunnel": null, "access": "", "length_m": 124.97 }, "geometry": { "type": "LineString", "coordinates": [ [ 378132.644437884155195, 2046015.458295245654881 ], [ 378126.25481689843582, 2046010.198325635865331 ], [ 378122.81586909404723, 2046007.365173504920676 ], [ 378036.173373339581303, 2045936.020709740230814 ] ] } },
{ "type": "Feature", "properties": { "road_id": "RN_ROAD_00130", "osm_id": "199637813", "road_class": "primary", "name": "Sinhagad Road", "oneway": true, "lanes": "2", "maxspeed": "", "surface": null, "bridge": "", "tunnel": null, "access": "", "length_m": 81.93 }, "geometry": { "type": "LineString", "coordinates": [ [ 378037.129388509318233, 2045951.77321848180145 ], [ 378100.849886657088064, 2046003.267207483993843 ] ] } },
{ "type": "Feature", "properties": { "road_id": "RN_ROAD_00131", "osm_id": "210718023", "road_class": "residential", "name": "", "oneway": false, "lanes": "", "maxspeed": "", "surface": null, "bridge": "", "tunnel": null, "access": "", "length_m": 84.18 }, "geometry": { "type": "LineString", "coordinates": [ [ 378159.510487970197573, 2046021.384132673498243 ], [ 378160.979312001145445, 2046018.276137142907828 ], [ 378162.933594545233063, 2046013.482938291504979 ], [ 378165.90875386481639, 2046004.876355733256787 ], [ 378186.822422218043357, 2045941.796727965120226 ] ] } },
{ "type": "Feature", "properties": { "road_id": "RN_ROAD_00132", "osm_id": "199637813", "road_class": "primary", "name": "Sinhagad Road", "oneway": true, "lanes": "2", "maxspeed": "", "surface": null, "bridge": "", "tunnel": null, "access": "", "length_m": 37.84 }, "geometry": { "type": "LineString", "coordinates": [ [ 378100.849886657088064, 2046003.267207483993843 ], [ 378121.598231644020416, 2046020.032977737719193 ], [ 378130.279631157347467, 2046027.048922292189673 ] ] } },
{ "type": "Feature", "properties": { "road_id": "RN_ROAD_00133", "osm_id": [ 212751760, 199637812 ], "road_class": "primary", "name": [ "Tanaji Malusare Path", "Sinhagad Road" ], "oneway": true, "lanes": [ "2", "3" ], "maxspeed": "", "surface": null, "bridge": "", "tunnel": null, "access": "", "length_m": 11.79 }, "geometry": { "type": "LineString", "coordinates": [ [ 378143.423078025050927, 2046020.225412438856438 ], [ 378142.237009420467075, 2046019.668607246130705 ], [ 378137.440724213607609, 2046017.563450670568272 ], [ 378132.644437884155195, 2046015.458295245654881 ] ] } },
{ "type": "Feature", "properties": { "road_id": "RN_ROAD_00134", "osm_id": "212751760", "road_class": "primary", "name": "Tanaji Malusare Path", "oneway": true, "lanes": "3", "maxspeed": "", "surface": null, "bridge": "", "tunnel": null, "access": "", "length_m": 16.13 }, "geometry": { "type": "LineString", "coordinates": [ [ 378159.510487970197573, 2046021.384132673498243 ], [ 378143.423078025050927, 2046020.225412438856438 ] ] } },
{ "type": "Feature", "properties": { "road_id": "RN_ROAD_00135", "osm_id": "199637801", "road_class": "primary", "name": "Lalbahadur Shashtri Marg", "oneway": true, "lanes": "2", "maxspeed": "", "surface": null, "bridge": "", "tunnel": null, "access": "", "length_m": 11.83 }, "geometry": { "type": "LineString", "coordinates": [ [ 378132.644437884155195, 2046015.458295245654881 ], [ 378130.279631157347467, 2046027.048922292189673 ] ] } },
{ "type": "Feature", "properties": { "road_id": "RN_ROAD_00136", "osm_id": "199637802", "road_class": "primary", "name": "Lalbahadur Shashtri Marg", "oneway": true, "lanes": "2", "maxspeed": "", "surface": null, "bridge": "", "tunnel": null, "access": "", "length_m": 10.83 }, "geometry": { "type": "LineString", "coordinates": [ [ 378139.941077569150366, 2046030.473074585665017 ], [ 378141.176850523450412, 2046027.244836481986567 ], [ 378141.80869864608394, 2046025.337367325322703 ], [ 378142.263118310540449, 2046023.751959673129022 ], [ 378143.423078025050927, 2046020.225412438856438 ] ] } },
{ "type": "Feature", "properties": { "road_id": "RN_ROAD_00137", "osm_id": "199637813", "road_class": "primary", "name": "Sinhagad Road", "oneway": true, "lanes": "2", "maxspeed": "", "surface": null, "bridge": "", "tunnel": null, "access": "", "length_m": 10.25 }, "geometry": { "type": "LineString", "coordinates": [ [ 378130.279631157347467, 2046027.048922292189673 ], [ 378135.115669048100244, 2046028.766497093485668 ], [ 378139.941077569150366, 2046030.473074585665017 ] ] } },
{ "type": "Feature", "properties": { "road_id": "RN_ROAD_00138", "osm_id": "22841354", "road_class": "primary", "name": "Tanaji Malusare Path", "oneway": true, "lanes": "3", "maxspeed": "", "surface": null, "bridge": "", "tunnel": null, "access": "", "length_m": 91.34 }, "geometry": { "type": "LineString", "coordinates": [ [ 378139.941077569150366, 2046030.473074585665017 ], [ 378163.220110300462693, 2046030.224641512380913 ], [ 378167.233723791432567, 2046030.464577991049737 ], [ 378173.085220985347405, 2046030.825564102968201 ], [ 378200.293523739092052, 2046032.488687310600653 ], [ 378209.514330133213662, 2046033.049480560002849 ], [ 378231.184041684493423, 2046033.752062551677227 ] ] } },
{ "type": "Feature", "properties": { "road_id": "RN_ROAD_00139", "osm_id": "1118594754", "road_class": "residential", "name": "", "oneway": false, "lanes": "", "maxspeed": "", "surface": null, "bridge": "", "tunnel": null, "access": "", "length_m": 53.59 }, "geometry": { "type": "LineString", "coordinates": [ [ 377963.169715790776536, 2045966.644106273772195 ], [ 377975.269421358243562, 2045969.952968206489459 ], [ 377984.306259680888616, 2045966.50877661514096 ], [ 377989.778558103134856, 2045965.35603151191026 ], [ 378015.469509068061598, 2045967.471269831992686 ] ] } },
{ "type": "Feature", "properties": { "road_id": "RN_ROAD_00140", "osm_id": "436819471", "road_class": "residential", "name": "", "oneway": false, "lanes": "", "maxspeed": "", "surface": null, "bridge": "", "tunnel": null, "access": "", "length_m": 43.15 }, "geometry": { "type": "LineString", "coordinates": [ [ 378015.469509068061598, 2045967.471269831992686 ], [ 377995.716062379244249, 2045990.693398722913116 ], [ 377992.680104318016674, 2046002.98553069261834 ] ] } },
{ "type": "Feature", "properties": { "road_id": "RN_ROAD_00141", "osm_id": "436819474", "road_class": "residential", "name": "", "oneway": false, "lanes": "", "maxspeed": "", "surface": null, "bridge": "", "tunnel": null, "access": "", "length_m": 45.33 }, "geometry": { "type": "LineString", "coordinates": [ [ 377992.680104318016674, 2046002.98553069261834 ], [ 377978.158245158789214, 2046002.292783554643393 ], [ 377959.933327126316726, 2046005.3420882942155 ], [ 377948.130679637251887, 2046008.848271226510406 ] ] } },
{ "type": "Feature", "properties": { "road_id": "RN_ROAD_00142", "osm_id": "449408102", "road_class": "residential", "name": "", "oneway": false, "lanes": "", "maxspeed": "", "surface": null, "bridge": "", "tunnel": null, "access": "", "length_m": 113.13 }, "geometry": { "type": "LineString", "coordinates": [ [ 378007.370247385115363, 2046074.502512939507142 ], [ 378020.752164931385778, 2046001.024141727015376 ], [ 378028.842034108180087, 2045963.446027489611879 ] ] } },
{ "type": "Feature", "properties": { "road_id": "RN_ROAD_00143", "osm_id": "436819471", "road_class": "residential", "name": "", "oneway": false, "lanes": "", "maxspeed": "", "surface": null, "bridge": "", "tunnel": null, "access": "", "length_m": 63.75 }, "geometry": { "type": "LineString", "coordinates": [ [ 377992.680104318016674, 2046002.98553069261834 ], [ 377988.491090435360093, 2046019.877623729640618 ], [ 377977.400545988930389, 2046057.098716638982296 ], [ 377973.270231128728483, 2046063.36664298013784 ] ] } },
{ "type": "Feature", "properties": { "road_id": "RN_ROAD_00144", "osm_id": "436819472", "road_class": "residential", "name": "", "oneway": false, "lanes": "", "maxspeed": "", "surface": null, "bridge": "", "tunnel": null, "access": "", "length_m": 18.0 }, "geometry": { "type": "LineString", "coordinates": [ [ 377990.378453472512774, 2046068.956330855144188 ], [ 377973.270231128728483, 2046063.36664298013784 ] ] } },
{ "type": "Feature", "properties": { "road_id": "RN_ROAD_00145", "osm_id": "436819472", "road_class": "residential", "name": "", "oneway": false, "lanes": "", "maxspeed": "", "surface": null, "bridge": "", "tunnel": null, "access": "", "length_m": 17.87 }, "geometry": { "type": "LineString", "coordinates": [ [ 377990.378453472512774, 2046068.956330855144188 ], [ 378007.370247385115363, 2046074.502512939507142 ] ] } },
{ "type": "Feature", "properties": { "road_id": "RN_ROAD_00146", "osm_id": "436819472", "road_class": "residential", "name": "", "oneway": false, "lanes": "", "maxspeed": "", "surface": null, "bridge": "", "tunnel": null, "access": "", "length_m": 69.01 }, "geometry": { "type": "LineString", "coordinates": [ [ 378075.930605958041269, 2046082.153341045603156 ], [ 378034.253992434591055, 2046076.599065501941368 ], [ 378007.370247385115363, 2046074.502512939507142 ] ] } },
{ "type": "Feature", "properties": { "road_id": "RN_ROAD_00147", "osm_id": "436819471", "road_class": "residential", "name": "", "oneway": false, "lanes": "", "maxspeed": "", "surface": null, "bridge": "", "tunnel": null, "access": "", "length_m": 47.11 }, "geometry": { "type": "LineString", "coordinates": [ [ 377942.920977853820659, 2046098.807655960088596 ], [ 377958.923589221260045, 2046085.082363810855895 ], [ 377973.270231128728483, 2046063.36664298013784 ] ] } },
{ "type": "Feature", "properties": { "road_id": "RN_ROAD_00148", "osm_id": "1118552267", "road_class": "residential", "name": "", "oneway": false, "lanes": "", "maxspeed": "", "surface": null, "bridge": "", "tunnel": null, "access": "", "length_m": 49.69 }, "geometry": { "type": "LineString", "coordinates": [ [ 377983.51368298928719, 2046116.464305702131242 ], [ 377985.504901832377072, 2046104.25632346351631 ], [ 377983.38877237169072, 2046096.954945388250053 ], [ 377984.029043187503703, 2046079.875306378351524 ], [ 377990.378453472512774, 2046068.956330855144188 ] ] } },
{ "type": "Feature", "properties": { "road_id": "RN_ROAD_00149", "osm_id": "210718042", "road_class": "residential", "name": "", "oneway": false, "lanes": "", "maxspeed": "", "surface": null, "bridge": "", "tunnel": null, "access": "", "length_m": 105.59 }, "geometry": { "type": "LineString", "coordinates": [ [ 378426.479854275705293, 2045992.79887037887238 ], [ 378425.963287137798034, 2046026.023611027514562 ], [ 378426.777136486431118, 2046029.471147968433797 ], [ 378428.892017978709191, 2046031.637745297048241 ], [ 378432.718198061338626, 2046032.288391241570935 ], [ 378494.626354666484986, 2046031.583732994040474 ] ] } },
{ "type": "Feature", "properties": { "road_id": "RN_ROAD_00150", "osm_id": "210718042", "road_class": "residential", "name": "", "oneway": false, "lanes": "", "maxspeed": "", "surface": null, "bridge": "", "tunnel": null, "access": "", "length_m": 73.06 }, "geometry": { "type": "LineString", "coordinates": [ [ 378494.626354666484986, 2046031.583732994040474 ], [ 378531.113213285570964, 2046026.315917386673391 ], [ 378539.738993575389031, 2046022.974211314925924 ], [ 378546.098242863779888, 2046018.518177155638114 ], [ 378559.875985269842204, 2046005.172793225618079 ] ] } },
{ "type": "Feature", "properties": { "road_id": "RN_ROAD_00151", "osm_id": "212751760", "road_class": "primary", "name": "Tanaji Malusare Path", "oneway": true, "lanes": "3", "maxspeed": "", "surface": null, "bridge": "", "tunnel": null, "access": "", "length_m": 72.06 }, "geometry": { "type": "LineString", "coordinates": [ [ 378231.539674392086454, 2046023.314132730476558 ], [ 378210.017829217656981, 2046022.621671101776883 ], [ 378168.349032827536575, 2046021.604290400631726 ], [ 378159.510487970197573, 2046021.384132673498243 ] ] } },
{ "type": "Feature", "properties": { "road_id": "RN_ROAD_00152", "osm_id": "690347842", "road_class": "primary_link", "name": "", "oneway": false, "lanes": "", "maxspeed": "", "surface": null, "bridge": "", "tunnel": null, "access": "", "length_m": 10.44 }, "geometry": { "type": "LineString", "coordinates": [ [ 378231.184041684493423, 2046033.752062551677227 ], [ 378231.539674392086454, 2046023.314132730476558 ] ] } },
{ "type": "Feature", "properties": { "road_id": "RN_ROAD_00153", "osm_id": "22841354", "road_class": "primary", "name": "Tanaji Malusare Path", "oneway": true, "lanes": "3", "maxspeed": "", "surface": null, "bridge": "", "tunnel": null, "access": "", "length_m": 94.32 }, "geometry": { "type": "LineString", "coordinates": [ [ 378231.184041684493423, 2046033.752062551677227 ], [ 378249.104788281489164, 2046034.323688444215804 ], [ 378275.915750936488621, 2046033.289245014544576 ], [ 378287.246487873431761, 2046031.933171466691419 ], [ 378303.262174518895335, 2046028.477763411821797 ], [ 378324.170792219578288, 2046022.423715462442487 ] ] } },
{ "type": "Feature", "properties": { "road_id": "RN_ROAD_00154", "osm_id": [ 855228571, 210718044 ], "road_class": "residential", "name": "", "oneway": false, "lanes": "", "maxspeed": "", "surface": null, "bridge": "", "tunnel": null, "access": "", "length_m": 137.26 }, "geometry": { "type": "LineString", "coordinates": [ [ 378567.847539894166403, 2046081.425053198356181 ], [ 378503.106877235812135, 2046096.544974280754104 ], [ 378498.910772984381765, 2046095.830274986103177 ], [ 378494.955633951234631, 2046093.16634754720144 ], [ 378493.681304475467186, 2046087.043666866607964 ], [ 378494.271225126693025, 2046075.243085131747648 ], [ 378495.128011249704286, 2046047.339138546958566 ], [ 378494.626354666484986, 2046031.583732994040474 ] ] } },
{ "type": "Feature", "properties": { "road_id": "RN_ROAD_00155", "osm_id": [ 1118593489, 217318305 ], "road_class": "residential", "name": "", "oneway": false, "lanes": "", "maxspeed": "", "surface": null, "bridge": "", "tunnel": null, "access": "", "length_m": 127.46 }, "geometry": { "type": "LineString", "coordinates": [ [ 378347.955112550000194, 2046129.450363002251834 ], [ 378346.12013755767839, 2046093.396543639712036 ], [ 378328.610081540537067, 2046095.95401132828556 ], [ 378324.170792219578288, 2046022.423715462442487 ] ] } },
{ "type": "Feature", "properties": { "road_id": "RN_ROAD_00156", "osm_id": "1118555574", "road_class": "residential", "name": "", "oneway": false, "lanes": "", "maxspeed": "", "surface": null, "bridge": "", "tunnel": null, "access": "", "length_m": 24.28 }, "geometry": { "type": "LineString", "coordinates": [ [ 378563.174790731340181, 2046140.117992188083008 ], [ 378587.453212385706138, 2046139.802488649496809 ] ] } },
{ "type": "Feature", "properties": { "road_id": "RN_ROAD_00157", "osm_id": "1133453042", "road_class": "residential", "name": "", "oneway": false, "lanes": "", "maxspeed": "", "surface": null, "bridge": "", "tunnel": null, "access": "", "length_m": 75.27 }, "geometry": { "type": "LineString", "coordinates": [ [ 378437.594299381948076, 2046185.947981703095138 ], [ 378461.952283568680286, 2046143.009767899056897 ], [ 378470.973021082696505, 2046137.042761708376929 ], [ 378484.722160784993321, 2046130.824280749773607 ] ] } },
{ "type": "Feature", "properties": { "road_id": "RN_ROAD_00158", "osm_id": "436819473", "road_class": "residential", "name": "", "oneway": false, "lanes": "", "maxspeed": "", "surface": null, "bridge": "", "tunnel": null, "access": "", "length_m": 82.73 }, "geometry": { "type": "LineString", "coordinates": [ [ 378100.849886657088064, 2046003.267207483993843 ], [ 378096.710404027020559, 2046016.363161555258557 ], [ 378075.930605958041269, 2046082.153341045603156 ] ] } },
{ "type": "Feature", "properties": { "road_id": "RN_ROAD_00159", "osm_id": "199637801", "road_class": "primary", "name": "Lalbahadur Shashtri Marg", "oneway": true, "lanes": "2", "maxspeed": "", "surface": null, "bridge": "", "tunnel": null, "access": "", "length_m": 70.5 }, "geometry": { "type": "LineString", "coordinates": [ [ 378130.279631157347467, 2046027.048922292189673 ], [ 378127.953040800872259, 2046044.615187962306663 ], [ 378121.04479943565093, 2046096.937273373128846 ] ] } },
{ "type": "Feature", "properties": { "road_id": "RN_ROAD_00160", "osm_id": "436819472", "road_class": "residential", "name": "", "oneway": false, "lanes": "", "maxspeed": "", "surface": null, "bridge": "", "tunnel": null, "access": "", "length_m": 47.75 }, "geometry": { "type": "LineString", "coordinates": [ [ 378121.04479943565093, 2046096.937273373128846 ], [ 378117.073795527103357, 2046095.103506159968674 ], [ 378101.337861983338371, 2046087.811763738980517 ], [ 378075.930605958041269, 2046082.153341045603156 ] ] } },
{ "type": "Feature", "properties": { "road_id": "RN_ROAD_00161", "osm_id": [ 199637794, 199637802, 199637805 ], "road_class": "primary", "name": [ "Lalbahadur Shashtri Marg", "Dandekar Bridge" ], "oneway": true, "lanes": "2", "maxspeed": "", "surface": null, "bridge": "yes", "tunnel": null, "access": "", "length_m": 188.45 }, "geometry": { "type": "LineString", "coordinates": [ [ 378119.142611001851037, 2046217.175356466788799 ], [ 378117.384946264850441, 2046208.134241285966709 ], [ 378117.052883863681927, 2046202.437142833834514 ], [ 378116.898648814298213, 2046199.782181063434109 ], [ 378117.710497598687652, 2046193.004320592153817 ], [ 378127.381704432773404, 2046125.326456896262243 ], [ 378137.816009036148898, 2046046.533012994332239 ], [ 378139.941077569150366, 2046030.473074585665017 ] ] } },
{ "type": "Feature", "properties": { "road_id": "RN_ROAD_00162", "osm_id": [ 199637801, 199637795, 199637807 ], "road_class": "primary", "name": [ "Lalbahadur Shashtri Marg", "Dandekar Bridge" ], "oneway": true, "lanes": "2", "maxspeed": "", "surface": null, "bridge": "yes", "tunnel": null, "access": "", "length_m": 120.72 }, "geometry": { "type": "LineString", "coordinates": [ [ 378121.04479943565093, 2046096.937273373128846 ], [ 378117.459675714373589, 2046124.07300438452512 ], [ 378111.881360678118654, 2046163.117920346790925 ], [ 378109.728782022953965, 2046178.170995323685929 ], [ 378107.808697836182546, 2046191.606881976826116 ], [ 378106.594580817036331, 2046201.519121906952932 ], [ 378106.343453109962866, 2046203.523755944333971 ], [ 378104.082276696804911, 2046216.452768648741767 ] ] } },
{ "type": "Feature", "properties": { "road_id": "RN_ROAD_00163", "osm_id": "199637821", "road_class": "primary", "name": "Barrister Nath Pai Chowk", "oneway": true, "lanes": "2", "maxspeed": "", "surface": null, "bridge": "", "tunnel": null, "access": "", "length_m": 16.51 }, "geometry": { "type": "LineString", "coordinates": [ [ 378119.142611001851037, 2046217.175356466788799 ], [ 378117.708845674525946, 2046215.856552531244233 ], [ 378115.31398717185948, 2046214.488563605118543 ], [ 378112.650081480562221, 2046213.974412583047524 ], [ 378109.505340432049707, 2046214.215856203110889 ], [ 378106.111464722314849, 2046215.122881036717445 ], [ 378104.082276696804911, 2046216.452768648741767 ] ] } },
{ "type": "Feature", "properties": { "road_id": "RN_ROAD_00164", "osm_id": "199637821", "road_class": "primary", "name": "Barrister Nath Pai Chowk", "oneway": true, "lanes": "2", "maxspeed": "", "surface": null, "bridge": "", "tunnel": null, "access": "", "length_m": 5.29 }, "geometry": { "type": "LineString", "coordinates": [ [ 378121.516683485766407, 2046221.896613450255245 ], [ 378120.273957723751664, 2046219.082616612082347 ], [ 378119.142611001851037, 2046217.175356466788799 ] ] } },
{ "type": "Feature", "properties": { "road_id": "RN_ROAD_00165", "osm_id": "199637821", "road_class": "primary", "name": "Barrister Nath Pai Chowk", "oneway": true, "lanes": "2", "maxspeed": "", "surface": null, "bridge": "", "tunnel": null, "access": "", "length_m": 8.98 }, "geometry": { "type": "LineString", "coordinates": [ [ 378104.082276696804911, 2046216.452768648741767 ], [ 378102.372778686112724, 2046219.894303807755932 ], [ 378101.528850009955931, 2046224.957070701057091 ] ] } },
{ "type": "Feature", "properties": { "road_id": "RN_ROAD_00166", "osm_id": "1464087878", "road_class": "primary", "name": "Barrister Nath Pai Chowk", "oneway": true, "lanes": "2", "maxspeed": "", "surface": null, "bridge": "", "tunnel": null, "access": "", "length_m": 29.57 }, "geometry": { "type": "LineString", "coordinates": [ [ 378120.279677532147616, 2046251.341285467846319 ], [ 378121.367707200755831, 2046246.476154410978779 ], [ 378121.516683485766407, 2046221.896613450255245 ] ] } },
{ "type": "Feature", "properties": { "road_id": "RN_ROAD_00167", "osm_id": "314806610", "road_class": "tertiary", "name": "Madhavrao Peshve Marg", "oneway": true, "lanes": "", "maxspeed": "", "surface": null, "bridge": "", "tunnel": null, "access": "", "length_m": 45.55 }, "geometry": { "type": "LineString", "coordinates": [ [ 378154.353267841914203, 2046253.458405453013256 ], [ 378148.733580678177532, 2046248.060712128411978 ], [ 378137.791577624273486, 2046237.540089516667649 ], [ 378121.516683485766407, 2046221.896613450255245 ] ] } },
{ "type": "Feature", "properties": { "road_id": "RN_ROAD_00168", "osm_id": "436819471", "road_class": "residential", "name": "", "oneway": false, "lanes": "", "maxspeed": "", "surface": null, "bridge": "", "tunnel": null, "access": "", "length_m": 24.56 }, "geometry": { "type": "LineString", "coordinates": [ [ 377942.920977853820659, 2046098.807655960088596 ], [ 377924.282812824007124, 2046114.796336449449882 ] ] } },
{ "type": "Feature", "properties": { "road_id": "RN_ROAD_00169", "osm_id": "1118582869", "road_class": "residential", "name": "", "oneway": false, "lanes": "", "maxspeed": "", "surface": null, "bridge": "", "tunnel": null, "access": "", "length_m": 47.77 }, "geometry": { "type": "LineString", "coordinates": [ [ 377942.920977853820659, 2046098.807655960088596 ], [ 377949.688007285585627, 2046103.644623529864475 ], [ 377970.801940904173534, 2046116.490366230485961 ], [ 377979.376649672864005, 2046120.032059711171314 ], [ 377983.51368298928719, 2046116.464305702131242 ] ] } },
{ "type": "Feature", "properties": { "road_id": "RN_ROAD_00170", "osm_id": "1118552683", "road_class": "residential", "name": "", "oneway": false, "lanes": "", "maxspeed": "", "surface": null, "bridge": "", "tunnel": null, "access": "", "length_m": 52.09 }, "geometry": { "type": "LineString", "coordinates": [ [ 377969.89576299599139, 2046139.857456713914871 ], [ 377942.821611367748119, 2046126.153506412869319 ], [ 377924.282812824007124, 2046114.796336449449882 ] ] } },
{ "type": "Feature", "properties": { "road_id": "RN_ROAD_00171", "osm_id": "1118552267", "road_class": "residential", "name": "", "oneway": false, "lanes": "", "maxspeed": "", "surface": null, "bridge": "", "tunnel": null, "access": "", "length_m": 45.39 }, "geometry": { "type": "LineString", "coordinates": [ [ 378023.298109224997461, 2046138.165466444101185 ], [ 377998.274305248633027, 2046123.131408355897292 ], [ 377983.51368298928719, 2046116.464305702131242 ] ] } },
{ "type": "Feature", "properties": { "road_id": "RN_ROAD_00172", "osm_id": "436819471", "road_class": "residential", "name": "", "oneway": false, "lanes": "", "maxspeed": "", "surface": null, "bridge": "", "tunnel": null, "access": "", "length_m": 46.83 }, "geometry": { "type": "LineString", "coordinates": [ [ 377924.282812824007124, 2046114.796336449449882 ], [ 377918.780598832294345, 2046119.512694447068498 ], [ 377891.120366858609486, 2046147.820844844449311 ] ] } },
{ "type": "Feature", "properties": { "road_id": "RN_ROAD_00173", "osm_id": [ 68338440, 68338437, 68338431 ], "road_class": "tertiary", "name": "", "oneway": false, "lanes": "", "maxspeed": "", "surface": null, "bridge": "yes", "tunnel": null, "access": "", "length_m": 234.03 }, "geometry": { "type": "LineString", "coordinates": [ [ 377891.120366858609486, 2046147.820844844449311 ], [ 377903.64989783463534, 2046160.555523820919916 ], [ 377922.359943010262214, 2046177.223474977072328 ], [ 377952.376644475967623, 2046198.688266698969528 ], [ 377959.296046539617237, 2046200.945775404572487 ], [ 378023.644159001298249, 2046203.776258166180924 ], [ 378062.737662316358183, 2046206.635741254547611 ], [ 378071.637551358959172, 2046208.205563503783196 ], [ 378079.529920825210866, 2046212.371385690523311 ], [ 378094.124616840272211, 2046221.175443118438125 ], [ 378096.296068329480477, 2046222.279263735981658 ], [ 378101.528850009955931, 2046224.957070701057091 ] ] } },
{ "type": "Feature", "properties": { "road_id": "RN_ROAD_00174", "osm_id": "855214426", "road_class": "residential", "name": "", "oneway": false, "lanes": "", "maxspeed": "", "surface": null, "bridge": "", "tunnel": null, "access": "", "length_m": 39.25 }, "geometry": { "type": "LineString", "coordinates": [ [ 377920.085041629266925, 2046247.321929469704628 ], [ 377921.32241752918344, 2046208.094473283039406 ] ] } },
{ "type": "Feature", "properties": { "road_id": "RN_ROAD_00175", "osm_id": "215776173", "road_class": "residential", "name": "", "oneway": true, "lanes": "", "maxspeed": "", "surface": null, "bridge": "", "tunnel": null, "access": "", "length_m": 40.59 }, "geometry": { "type": "LineString", "coordinates": [ [ 377920.085041629266925, 2046247.321929469704628 ], [ 377879.523025204602163, 2046245.955059296451509 ] ] } },
{ "type": "Feature", "properties": { "road_id": "RN_ROAD_00176", "osm_id": "215776173", "road_class": "residential", "name": "", "oneway": true, "lanes": "", "maxspeed": "", "surface": null, "bridge": "", "tunnel": null, "access": "", "length_m": 101.25 }, "geometry": { "type": "LineString", "coordinates": [ [ 378021.265135304653086, 2046251.067381111904979 ], [ 377981.272547361906618, 2046249.585985940182582 ], [ 377920.085041629266925, 2046247.321929469704628 ] ] } },
{ "type": "Feature", "properties": { "road_id": "RN_ROAD_00177", "osm_id": "206225439", "road_class": "residential", "name": "", "oneway": false, "lanes": "", "maxspeed": "", "surface": null, "bridge": "", "tunnel": null, "access": "", "length_m": 72.96 }, "geometry": { "type": "LineString", "coordinates": [ [ 378015.596539491205476, 2046323.799214720958844 ], [ 378018.877576773404144, 2046287.126109447795898 ], [ 378019.88821322680451, 2046276.772504163440317 ], [ 378021.265135304653086, 2046251.067381111904979 ] ] } },
{ "type": "Feature", "properties": { "road_id": "RN_ROAD_00178", "osm_id": [ 210718034, 210717990, 210717999 ], "road_class": "residential", "name": "", "oneway": false, "lanes": "", "maxspeed": "", "surface": null, "bridge": "yes", "tunnel": null, "access": "", "length_m": 93.88 }, "geometry": { "type": "LineString", "coordinates": [ [ 378587.934422564692795, 2046183.518530738539994 ], [ 378508.612343223241623, 2046183.403530675452203 ], [ 378502.380827429355122, 2046178.07603777712211 ], [ 378497.414338838018011, 2046174.101652757031843 ] ] } },
{ "type": "Feature", "properties": { "road_id": "RN_ROAD_00179", "osm_id": [ 1118594755, 210718038 ], "road_class": "residential", "name": "", "oneway": false, "lanes": "", "maxspeed": "", "surface": null, "bridge": "", "tunnel": null, "access": "", "length_m": 66.5 }, "geometry": { "type": "LineString", "coordinates": [ [ 378563.95111710409401, 2046227.15055116196163 ], [ 378586.028718442132231, 2046227.286534228362143 ], [ 378584.379422073834576, 2046271.673444070154801 ] ] } },
{ "type": "Feature", "properties": { "road_id": "RN_ROAD_00180", "osm_id": "210718036", "road_class": "residential", "name": "", "oneway": false, "lanes": "", "maxspeed": "", "surface": null, "bridge": "", "tunnel": null, "access": "", "length_m": 24.84 }, "geometry": { "type": "LineString", "coordinates": [ [ 378471.864013448124751, 2046270.133128783199936 ], [ 378468.708433922904078, 2046245.497228546300903 ] ] } },
{ "type": "Feature", "properties": { "road_id": "RN_ROAD_00181", "osm_id": "210718014", "road_class": "residential", "name": "", "oneway": false, "lanes": "", "maxspeed": "", "surface": null, "bridge": "", "tunnel": null, "access": "", "length_m": 112.53 }, "geometry": { "type": "LineString", "coordinates": [ [ 378584.379422073834576, 2046271.673444070154801 ], [ 378471.864013448124751, 2046270.133128783199936 ] ] } },
{ "type": "Feature", "properties": { "road_id": "RN_ROAD_00182", "osm_id": "53744580", "road_class": "tertiary", "name": "Madhavrao Peshve Marg", "oneway": false, "lanes": "", "maxspeed": "", "surface": null, "bridge": "", "tunnel": null, "access": "", "length_m": 49.45 }, "geometry": { "type": "LineString", "coordinates": [ [ 378169.368380764964968, 2046266.929870213149115 ], [ 378182.462052199814934, 2046275.466925908112898 ], [ 378198.500943242688663, 2046287.238700089044869 ], [ 378209.723924894991796, 2046295.477869840571657 ] ] } },
{ "type": "Feature", "properties": { "road_id": "RN_ROAD_00183", "osm_id": "210718036", "road_class": "residential", "name": "", "oneway": false, "lanes": "", "maxspeed": "", "surface": null, "bridge": "", "tunnel": null, "access": "", "length_m": 38.62 }, "geometry": { "type": "LineString", "coordinates": [ [ 378471.339548819465563, 2046308.747278825379908 ], [ 378471.864013448124751, 2046270.133128783199936 ] ] } },
{ "type": "Feature", "properties": { "road_id": "RN_ROAD_00184", "osm_id": "210718038", "road_class": "residential", "name": "", "oneway": false, "lanes": "", "maxspeed": "", "surface": null, "bridge": "", "tunnel": null, "access": "", "length_m": 60.51 }, "geometry": { "type": "LineString", "coordinates": [ [ 378584.363782294094563, 2046332.184809457045048 ], [ 378584.379422073834576, 2046271.673444070154801 ] ] } },
{ "type": "Feature", "properties": { "road_id": "RN_ROAD_00185", "osm_id": "1118597089", "road_class": "residential", "name": "", "oneway": false, "lanes": "", "maxspeed": "", "surface": null, "bridge": "", "tunnel": null, "access": "", "length_m": 51.89 }, "geometry": { "type": "LineString", "coordinates": [ [ 378423.285629944643006, 2046298.075902632204816 ], [ 378436.785900935414247, 2046299.207081887871027 ], [ 378443.890840790932998, 2046307.395188921829686 ], [ 378455.099205924372654, 2046308.39713741838932 ], [ 378471.339548819465563, 2046308.747278825379908 ] ] } },
{ "type": "Feature", "properties": { "road_id": "RN_ROAD_00186", "osm_id": "206492447", "road_class": "residential", "name": "", "oneway": false, "lanes": "", "maxspeed": "", "surface": null, "bridge": "", "tunnel": null, "access": "", "length_m": 42.45 }, "geometry": { "type": "LineString", "coordinates": [ [ 378198.011994576780125, 2046336.277261891635135 ], [ 378208.567297699628398, 2046299.524516062345356 ], [ 378209.723924894991796, 2046295.477869840571657 ] ] } },
{ "type": "Feature", "properties": { "road_id": "RN_ROAD_00187", "osm_id": "53744580", "road_class": "tertiary", "name": "Madhavrao Peshve Marg", "oneway": false, "lanes": "", "maxspeed": "", "surface": null, "bridge": "", "tunnel": null, "access": "", "length_m": 120.55 }, "geometry": { "type": "LineString", "coordinates": [ [ 378209.723924894991796, 2046295.477869840571657 ], [ 378258.198680915287696, 2046320.764803644735366 ], [ 378263.919035786413588, 2046323.749397717416286 ], [ 378305.150544907490257, 2046337.407618601806462 ], [ 378320.838223127415404, 2046340.494571942137554 ] ] } },
{ "type": "Feature", "properties": { "road_id": "RN_ROAD_00188", "osm_id": "199637821", "road_class": "primary", "name": "Barrister Nath Pai Chowk", "oneway": true, "lanes": "2", "maxspeed": "", "surface": null, "bridge": "", "tunnel": null, "access": "", "length_m": 27.47 }, "geometry": { "type": "LineString", "coordinates": [ [ 378101.528850009955931, 2046224.957070701057091 ], [ 378097.758951954892837, 2046247.955140945967287 ], [ 378098.207729538611602, 2046252.091123225865886 ] ] } },
{ "type": "Feature", "properties": { "road_id": "RN_ROAD_00189", "osm_id": "1118593964", "road_class": "residential", "name": "", "oneway": false, "lanes": "", "maxspeed": "", "surface": null, "bridge": "", "tunnel": null, "access": "", "length_m": 40.04 }, "geometry": { "type": "LineString", "coordinates": [ [ 378192.121373685193248, 2046233.983461052877828 ], [ 378173.720275521045551, 2046260.638436910463497 ], [ 378169.368380764964968, 2046266.929870213149115 ] ] } },
{ "type": "Feature", "properties": { "road_id": "RN_ROAD_00190", "osm_id": "314806609", "road_class": "tertiary", "name": "Madhavrao Peshve Marg", "oneway": true, "lanes": "", "maxspeed": "", "surface": null, "bridge": "", "tunnel": null, "access": "", "length_m": 34.14 }, "geometry": { "type": "LineString", "coordinates": [ [ 378120.279677532147616, 2046251.341285467846319 ], [ 378146.019681535661221, 2046252.936237843474373 ], [ 378154.353267841914203, 2046253.458405453013256 ] ] } },
{ "type": "Feature", "properties": { "road_id": "RN_ROAD_00191", "osm_id": "215776173", "road_class": "residential", "name": "", "oneway": true, "lanes": "", "maxspeed": "", "surface": null, "bridge": "", "tunnel": null, "access": "", "length_m": 77.28 }, "geometry": { "type": "LineString", "coordinates": [ [ 378098.207729538611602, 2046252.091123225865886 ], [ 378092.976280767994467, 2046252.921374446013942 ], [ 378080.910264944133814, 2046254.846666352357715 ], [ 378021.265135304653086, 2046251.067381111904979 ] ] } },
{ "type": "Feature", "properties": { "road_id": "RN_ROAD_00192", "osm_id": "199637821", "road_class": "primary", "name": "Barrister Nath Pai Chowk", "oneway": true, "lanes": "2", "maxspeed": "", "surface": null, "bridge": "", "tunnel": null, "access": "", "length_m": 3.45 }, "geometry": { "type": "LineString", "coordinates": [ [ 378098.207729538611602, 2046252.091123225865886 ], [ 378100.052945106232073, 2046255.011929185362533 ] ] } },
{ "type": "Feature", "properties": { "road_id": "RN_ROAD_00193", "osm_id": "1464087878", "road_class": "primary", "name": "Barrister Nath Pai Chowk", "oneway": true, "lanes": "2", "maxspeed": "", "surface": null, "bridge": "", "tunnel": null, "access": "", "length_m": 7.57 }, "geometry": { "type": "LineString", "coordinates": [ [ 378115.22583214082988, 2046256.829370723105967 ], [ 378118.062780857144389, 2046254.686466571874917 ], [ 378120.279677532147616, 2046251.341285467846319 ] ] } },
{ "type": "Feature", "properties": { "road_id": "RN_ROAD_00194", "osm_id": "1464087878", "road_class": "primary", "name": "Barrister Nath Pai Chowk", "oneway": true, "lanes": "2", "maxspeed": "", "surface": null, "bridge": "", "tunnel": null, "access": "", "length_m": 16.28 }, "geometry": { "type": "LineString", "coordinates": [ [ 378100.052945106232073, 2046255.011929185362533 ], [ 378103.6152888557408, 2046257.335229125339538 ], [ 378107.253597901435569, 2046258.330069521442056 ], [ 378111.750830333447084, 2046258.25703719095327 ], [ 378115.22583214082988, 2046256.829370723105967 ] ] } },
{ "type": "Feature", "properties": { "road_id": "RN_ROAD_00195", "osm_id": "53744580", "road_class": "tertiary", "name": "Madhavrao Peshve Marg", "oneway": false, "lanes": "", "maxspeed": "", "surface": null, "bridge": "", "tunnel": null, "access": "", "length_m": 20.17 }, "geometry": { "type": "LineString", "coordinates": [ [ 378169.368380764964968, 2046266.929870213149115 ], [ 378154.353267841914203, 2046253.458405453013256 ] ] } },
{ "type": "Feature", "properties": { "road_id": "RN_ROAD_00196", "osm_id": "1160401290", "road_class": "primary", "name": "Lalbahadur Shashtri Marg", "oneway": true, "lanes": "2", "maxspeed": "", "surface": null, "bridge": "", "tunnel": null, "access": "", "length_m": 53.99 }, "geometry": { "type": "LineString", "coordinates": [ [ 378104.211929777869955, 2046309.343738724011928 ], [ 378106.889324971765745, 2046292.162543990416452 ], [ 378110.514731858274899, 2046271.334423529682681 ], [ 378112.032241250271909, 2046262.637552111875266 ], [ 378115.22583214082988, 2046256.829370723105967 ] ] } },
{ "type": "Feature", "properties": { "road_id": "RN_ROAD_00197", "osm_id": "206492443", "road_class": "residential", "name": "", "oneway": false, "lanes": "", "maxspeed": "", "surface": null, "bridge": "", "tunnel": null, "access": "", "length_m": 53.22 }, "geometry": { "type": "LineString", "coordinates": [ [ 378155.306062563962769, 2046318.257447408977896 ], [ 378168.388337245967705, 2046270.521665781736374 ], [ 378169.368380764964968, 2046266.929870213149115 ] ] } },
{ "type": "Feature", "properties": { "road_id": "RN_ROAD_00198", "osm_id": "68338295", "road_class": "tertiary", "name": "Dattawadi Road", "oneway": false, "lanes": "", "maxspeed": "", "surface": null, "bridge": "", "tunnel": null, "access": "", "length_m": 23.71 }, "geometry": { "type": "LineString", "coordinates": [ [ 377370.553782144328579, 2045515.792946955421939 ], [ 377370.264920695160981, 2045492.083114886423573 ] ] } },
{ "type": "Feature", "properties": { "road_id": "RN_ROAD_00199", "osm_id": "209172219", "road_class": "residential", "name": "", "oneway": false, "lanes": "", "maxspeed": "", "surface": null, "bridge": "", "tunnel": null, "access": "", "length_m": 61.17 }, "geometry": { "type": "LineString", "coordinates": [ [ 377309.387035878840834, 2045515.511461248388514 ], [ 377370.553782144328579, 2045515.792946955421939 ] ] } },
{ "type": "Feature", "properties": { "road_id": "RN_ROAD_00200", "osm_id": "210718027", "road_class": "residential", "name": "", "oneway": false, "lanes": "", "maxspeed": "", "surface": null, "bridge": "", "tunnel": null, "access": "", "length_m": 42.28 }, "geometry": { "type": "LineString", "coordinates": [ [ 377309.152318788052071, 2045557.786901948042214 ], [ 377309.387035878840834, 2045515.511461248388514 ] ] } },
{ "type": "Feature", "properties": { "road_id": "RN_ROAD_00201", "osm_id": "68338295", "road_class": "tertiary", "name": "Dattawadi Road", "oneway": false, "lanes": "", "maxspeed": "", "surface": null, "bridge": "", "tunnel": null, "access": "", "length_m": 68.61 }, "geometry": { "type": "LineString", "coordinates": [ [ 377371.41745419986546, 2045584.399515508674085 ], [ 377370.553782144328579, 2045515.792946955421939 ] ] } },
{ "type": "Feature", "properties": { "road_id": "RN_ROAD_00202", "osm_id": "210718027", "road_class": "residential", "name": "", "oneway": false, "lanes": "", "maxspeed": "", "surface": null, "bridge": "", "tunnel": null, "access": "", "length_m": 29.09 }, "geometry": { "type": "LineString", "coordinates": [ [ 377308.832710697315633, 2045586.871653280919418 ], [ 377309.152318788052071, 2045557.786901948042214 ] ] } },
{ "type": "Feature", "properties": { "road_id": "RN_ROAD_00203", "osm_id": "858498117", "road_class": "residential", "name": "", "oneway": false, "lanes": "", "maxspeed": "", "surface": null, "bridge": "", "tunnel": null, "access": "", "length_m": 62.63 }, "geometry": { "type": "LineString", "coordinates": [ [ 377308.832710697315633, 2045586.871653280919418 ], [ 377371.41745419986546, 2045584.399515508674085 ] ] } },
{ "type": "Feature", "properties": { "road_id": "RN_ROAD_00204", "osm_id": "68338295", "road_class": "tertiary", "name": "Dattawadi Road", "oneway": false, "lanes": "", "maxspeed": "", "surface": null, "bridge": "", "tunnel": null, "access": "", "length_m": 23.65 }, "geometry": { "type": "LineString", "coordinates": [ [ 377371.41745419986546, 2045584.399515508674085 ], [ 377371.685719084809534, 2045608.046840769704431 ] ] } },
{ "type": "Feature", "properties": { "road_id": "RN_ROAD_00205", "osm_id": "210718027", "road_class": "residential", "name": "", "oneway": false, "lanes": "", "maxspeed": "", "surface": null, "bridge": "", "tunnel": null, "access": "", "length_m": 20.05 }, "geometry": { "type": "LineString", "coordinates": [ [ 377308.832710697315633, 2045586.871653280919418 ], [ 377308.887862754170783, 2045606.923750102519989 ] ] } },
{ "type": "Feature", "properties": { "road_id": "RN_ROAD_00206", "osm_id": "210718021", "road_class": "residential", "name": "", "oneway": false, "lanes": "", "maxspeed": "", "surface": null, "bridge": "", "tunnel": null, "access": "", "length_m": 62.81 }, "geometry": { "type": "LineString", "coordinates": [ [ 377308.887862754170783, 2045606.923750102519989 ], [ 377371.685719084809534, 2045608.046840769704431 ] ] } },
{ "type": "Feature", "properties": { "road_id": "RN_ROAD_00207", "osm_id": "209172219", "road_class": "residential", "name": "", "oneway": false, "lanes": "", "maxspeed": "", "surface": null, "bridge": "", "tunnel": null, "access": "", "length_m": 148.48 }, "geometry": { "type": "LineString", "coordinates": [ [ 377309.387035878840834, 2045515.511461248388514 ], [ 377203.081739690271206, 2045515.033954987069592 ], [ 377160.910134331905283, 2045514.840859640389681 ] ] } },
{ "type": "Feature", "properties": { "road_id": "RN_ROAD_00208", "osm_id": "209172219", "road_class": "residential", "name": "", "oneway": false, "lanes": "", "maxspeed": "", "surface": null, "bridge": "", "tunnel": null, "access": "", "length_m": 43.94 }, "geometry": { "type": "LineString", "coordinates": [ [ 377116.972697798686568, 2045514.64379457035102 ], [ 377160.910134331905283, 2045514.840859640389681 ] ] } },
{ "type": "Feature", "properties": { "road_id": "RN_ROAD_00209", "osm_id": "210717987", "road_class": "residential", "name": "", "oneway": false, "lanes": "", "maxspeed": "", "surface": null, "bridge": "", "tunnel": null, "access": "", "length_m": 38.92 }, "geometry": { "type": "LineString", "coordinates": [ [ 377160.37956124386983, 2045553.754019954474643 ], [ 377160.910134331905283, 2045514.840859640389681 ] ] } },
{ "type": "Feature", "properties": { "road_id": "RN_ROAD_00210", "osm_id": "210718028", "road_class": "residential", "name": "", "oneway": false, "lanes": "", "maxspeed": "", "surface": null, "bridge": "", "tunnel": null, "access": "", "length_m": 35.51 }, "geometry": { "type": "LineString", "coordinates": [ [ 377160.37956124386983, 2045553.754019954474643 ], [ 377124.871112834836822, 2045553.673004852142185 ] ] } },
{ "type": "Feature", "properties": { "road_id": "RN_ROAD_00211", "osm_id": "210718028", "road_class": "residential", "name": "", "oneway": false, "lanes": "", "maxspeed": "", "surface": null, "bridge": "", "tunnel": null, "access": "", "length_m": 23.86 }, "geometry": { "type": "LineString", "coordinates": [ [ 377184.241853547864594, 2045553.799465016694739 ], [ 377160.37956124386983, 2045553.754019954474643 ] ] } },
{ "type": "Feature", "properties": { "road_id": "RN_ROAD_00212", "osm_id": "210718002", "road_class": "residential", "name": "", "oneway": false, "lanes": "", "maxspeed": "", "surface": null, "bridge": "", "tunnel": null, "access": "", "length_m": 100.79 }, "geometry": { "type": "LineString", "coordinates": [ [ 377309.152318788052071, 2045557.786901948042214 ], [ 377208.366864367388189, 2045556.93079495197162 ] ] } },
{ "type": "Feature", "properties": { "road_id": "RN_ROAD_00213", "osm_id": "210718021", "road_class": "residential", "name": "", "oneway": false, "lanes": "", "maxspeed": "", "surface": null, "bridge": "", "tunnel": null, "access": "", "length_m": 180.56 }, "geometry": { "type": "LineString", "coordinates": [ [ 377308.887862754170783, 2045606.923750102519989 ], [ 377128.36097803467419, 2045603.68207103619352 ] ] } },
{ "type": "Feature", "properties": { "road_id": "RN_ROAD_00214", "osm_id": "1119541128", "road_class": "residential", "name": "", "oneway": false, "lanes": "", "maxspeed": "", "surface": null, "bridge": "", "tunnel": null, "access": "", "length_m": 25.96 }, "geometry": { "type": "LineString", "coordinates": [ [ 377172.830820437753573, 2045624.665255119558424 ], [ 377172.343438326613978, 2045650.61929123615846 ] ] } },
{ "type": "Feature", "properties": { "road_id": "RN_ROAD_00215", "osm_id": "1119541129", "road_class": "residential", "name": "", "oneway": false, "lanes": "", "maxspeed": "", "surface": null, "bridge": "", "tunnel": null, "access": "", "length_m": 25.48 }, "geometry": { "type": "LineString", "coordinates": [ [ 377198.912255326402374, 2045625.01734181214124 ], [ 377198.031058220891282, 2045650.486986962845549 ] ] } },
{ "type": "Feature", "properties": { "road_id": "RN_ROAD_00216", "osm_id": "1119541127", "road_class": "residential", "name": "", "oneway": false, "lanes": "", "maxspeed": "", "surface": null, "bridge": "", "tunnel": null, "access": "", "length_m": 51.62 }, "geometry": { "type": "LineString", "coordinates": [ [ 377172.343438326613978, 2045650.61929123615846 ], [ 377145.473330011242069, 2045650.759251251118258 ], [ 377145.049909544584807, 2045626.017328573390841 ] ] } },
{ "type": "Feature", "properties": { "road_id": "RN_ROAD_00217", "osm_id": "68338295", "road_class": "tertiary", "name": "Dattawadi Road", "oneway": false, "lanes": "", "maxspeed": "", "surface": null, "bridge": "", "tunnel": null, "access": "", "length_m": 33.76 }, "geometry": { "type": "LineString", "coordinates": [ [ 377373.845214924716856, 2045641.741423707455397 ], [ 377371.685719084809534, 2045608.046840769704431 ] ] } },
{ "type": "Feature", "properties": { "road_id": "RN_ROAD_00218", "osm_id": "1119541123", "road_class": "residential", "name": "", "oneway": false, "lanes": "", "maxspeed": "", "surface": null, "bridge": "", "tunnel": null, "access": "", "length_m": 34.6 }, "geometry": { "type": "LineString", "coordinates": [ [ 377408.441787318210118, 2045641.253299615578726 ], [ 377373.845214924716856, 2045641.741423707455397 ] ] } },
{ "type": "Feature", "properties": { "road_id": "RN_ROAD_00219", "osm_id": "68338295", "road_class": "tertiary", "name": "Dattawadi Road", "oneway": false, "lanes": "", "maxspeed": "", "surface": null, "bridge": "", "tunnel": null, "access": "", "length_m": 21.24 }, "geometry": { "type": "LineString", "coordinates": [ [ 377373.845214924716856, 2045641.741423707455397 ], [ 377375.206328034983017, 2045662.936029253760353 ] ] } },
{ "type": "Feature", "properties": { "road_id": "RN_ROAD_00220", "osm_id": "68338295", "road_class": "tertiary", "name": "Dattawadi Road", "oneway": false, "lanes": "", "maxspeed": "", "surface": null, "bridge": "", "tunnel": null, "access": "", "length_m": 7.05 }, "geometry": { "type": "LineString", "coordinates": [ [ 377375.206328034983017, 2045662.936029253760353 ], [ 377375.631687873799819, 2045669.971569591667503 ] ] } },
{ "type": "Feature", "properties": { "road_id": "RN_ROAD_00221", "osm_id": "209172135", "road_class": "residential", "name": "", "oneway": false, "lanes": "", "maxspeed": "", "surface": null, "bridge": "", "tunnel": null, "access": "", "length_m": 110.37 }, "geometry": { "type": "LineString", "coordinates": [ [ 377265.263340896635782, 2045669.652707922505215 ], [ 377375.631687873799819, 2045669.971569591667503 ] ] } },
{ "type": "Feature", "properties": { "road_id": "RN_ROAD_00222", "osm_id": "68338295", "road_class": "tertiary", "name": "Dattawadi Road", "oneway": false, "lanes": "", "maxspeed": "", "surface": null, "bridge": "", "tunnel": null, "access": "", "length_m": 32.89 }, "geometry": { "type": "LineString", "coordinates": [ [ 377384.946381086949259, 2045701.506429664092138 ], [ 377381.62913476547692, 2045691.357680013636127 ], [ 377375.631687873799819, 2045669.971569591667503 ] ] } },
{ "type": "Feature", "properties": { "road_id": "RN_ROAD_00223", "osm_id": "1118552682", "road_class": "residential", "name": "", "oneway": false, "lanes": "", "maxspeed": "", "surface": null, "bridge": "", "tunnel": null, "access": "", "length_m": 32.89 }, "geometry": { "type": "LineString", "coordinates": [ [ 377276.816688878112473, 2045801.236200826009735 ], [ 377277.535220712248702, 2045834.121147236321121 ] ] } },
{ "type": "Feature", "properties": { "road_id": "RN_ROAD_00224", "osm_id": "209172129", "road_class": "residential", "name": "", "oneway": false, "lanes": "", "maxspeed": "", "surface": null, "bridge": "", "tunnel": null, "access": "", "length_m": 55.61 }, "geometry": { "type": "LineString", "coordinates": [ [ 377277.535220712248702, 2045834.121147236321121 ], [ 377293.357487152097747, 2045830.134945136494935 ], [ 377332.645879413350485, 2045830.313644674373791 ] ] } },
{ "type": "Feature", "properties": { "road_id": "RN_ROAD_00225", "osm_id": "209172129", "road_class": "residential", "name": "", "oneway": false, "lanes": "", "maxspeed": "", "surface": null, "bridge": "", "tunnel": null, "access": "", "length_m": 34.54 }, "geometry": { "type": "LineString", "coordinates": [ [ 377280.869936132454313, 2045868.295094162458554 ], [ 377278.857509794353973, 2045862.387485577957705 ], [ 377277.535220712248702, 2045834.121147236321121 ] ] } },
{ "type": "Feature", "properties": { "road_id": "RN_ROAD_00226", "osm_id": "209172216", "road_class": "residential", "name": "", "oneway": false, "lanes": "", "maxspeed": "", "surface": null, "bridge": "", "tunnel": null, "access": "", "length_m": 135.16 }, "geometry": { "type": "LineString", "coordinates": [ [ 377280.869936132454313, 2045868.295094162458554 ], [ 377292.168438204796985, 2045865.201201875228435 ], [ 377415.604950656299479, 2045866.88580128015019 ] ] } },
{ "type": "Feature", "properties": { "road_id": "RN_ROAD_00227", "osm_id": "1119541130", "road_class": "residential", "name": "", "oneway": false, "lanes": "", "maxspeed": "", "surface": null, "bridge": "", "tunnel": null, "access": "", "length_m": 23.14 }, "geometry": { "type": "LineString", "coordinates": [ [ 377224.488108726160135, 2045627.198689306620508 ], [ 377224.373195597028825, 2045650.339435147354379 ] ] } },
{ "type": "Feature", "properties": { "road_id": "RN_ROAD_00228", "osm_id": "1119541131", "road_class": "residential", "name": "", "oneway": false, "lanes": "", "maxspeed": "", "surface": null, "bridge": "", "tunnel": null, "access": "", "length_m": 22.28 }, "geometry": { "type": "LineString", "coordinates": [ [ 377252.799750868638512, 2045627.923811908112839 ], [ 377252.024583459598944, 2045650.194555341266096 ] ] } },
{ "type": "Feature", "properties": { "road_id": "RN_ROAD_00229", "osm_id": "1119541127", "road_class": "residential", "name": "", "oneway": false, "lanes": "", "maxspeed": "", "surface": null, "bridge": "", "tunnel": null, "access": "", "length_m": 25.69 }, "geometry": { "type": "LineString", "coordinates": [ [ 377198.031058220891282, 2045650.486986962845549 ], [ 377172.343438326613978, 2045650.61929123615846 ] ] } },
{ "type": "Feature", "properties": { "road_id": "RN_ROAD_00230", "osm_id": "1119541127", "road_class": "residential", "name": "", "oneway": false, "lanes": "", "maxspeed": "", "surface": null, "bridge": "", "tunnel": null, "access": "", "length_m": 26.34 }, "geometry": { "type": "LineString", "coordinates": [ [ 377224.373195597028825, 2045650.339435147354379 ], [ 377198.031058220891282, 2045650.486986962845549 ] ] } },
{ "type": "Feature", "properties": { "road_id": "RN_ROAD_00231", "osm_id": "1119541127", "road_class": "residential", "name": "", "oneway": false, "lanes": "", "maxspeed": "", "surface": null, "bridge": "", "tunnel": null, "access": "", "length_m": 27.65 }, "geometry": { "type": "LineString", "coordinates": [ [ 377252.024583459598944, 2045650.194555341266096 ], [ 377224.373195597028825, 2045650.339435147354379 ] ] } },
{ "type": "Feature", "properties": { "road_id": "RN_ROAD_00232", "osm_id": "1119541127", "road_class": "residential", "name": "", "oneway": false, "lanes": "", "maxspeed": "", "surface": null, "bridge": "", "tunnel": null, "access": "", "length_m": 33.85 }, "geometry": { "type": "LineString", "coordinates": [ [ 377252.024583459598944, 2045650.194555341266096 ], [ 377266.309510135441087, 2045650.113640384050086 ], [ 377265.263340896635782, 2045669.652707922505215 ] ] } },
{ "type": "Feature", "properties": { "road_id": "RN_ROAD_00233", "osm_id": "209172135", "road_class": "residential", "name": "", "oneway": false, "lanes": "", "maxspeed": "", "surface": null, "bridge": "", "tunnel": null, "access": "", "length_m": 83.0 }, "geometry": { "type": "LineString", "coordinates": [ [ 377182.95234203065047, 2045676.49076345609501 ], [ 377236.59588882670505, 2045675.968142333207652 ], [ 377265.263340896635782, 2045669.652707922505215 ] ] } },
{ "type": "Feature", "properties": { "road_id": "RN_ROAD_00234", "osm_id": [ 858511878, 1183352639 ], "road_class": "secondary", "name": "Raja Mantri Path", "oneway": true, "lanes": "", "maxspeed": "", "surface": null, "bridge": "", "tunnel": null, "access": "", "length_m": 542.17 }, "geometry": { "type": "LineString", "coordinates": [ [ 377034.149927088117693, 2046217.583271459676325 ], [ 377033.020833956019487, 2046150.594020014395937 ], [ 377031.827207752503455, 2046143.961827590595931 ], [ 377026.919863291434012, 2046116.482197533594444 ], [ 377026.098261796520092, 2046111.872772600036114 ], [ 377011.454528606962413, 2046046.486845847219229 ], [ 376998.03788736689603, 2045997.836608384968713 ], [ 376984.354874687909614, 2045965.179176311008632 ], [ 376980.335675768787041, 2045959.17388136102818 ], [ 376949.386813345074188, 2045912.949740728130564 ], [ 376907.852053148439154, 2045855.926710342057049 ], [ 376884.534693019872066, 2045811.058819188503549 ], [ 376881.104270010138862, 2045801.408862814307213 ], [ 376874.595268172968645, 2045772.832957874983549 ], [ 376869.933557631215081, 2045752.367927000159398 ], [ 376858.434481308213435, 2045715.67756344913505 ] ] } },
{ "type": "Feature", "properties": { "road_id": "RN_ROAD_00235", "osm_id": "218697385", "road_class": "secondary", "name": "Raja Mantri Path", "oneway": true, "lanes": "4", "maxspeed": "", "surface": null, "bridge": "", "tunnel": null, "access": "", "length_m": 535.08 }, "geometry": { "type": "LineString", "coordinates": [ [ 376849.466796523891389, 2045722.650786967249587 ], [ 376850.239969308720902, 2045725.858105115359649 ], [ 376862.72768044291297, 2045784.263843848137185 ], [ 376869.037126536830328, 2045809.731350496876985 ], [ 376875.030170669662766, 2045823.81348117813468 ], [ 376903.236835833115038, 2045865.540099280886352 ], [ 376925.591279799526092, 2045898.650545378448442 ], [ 376941.634861682076007, 2045922.41737479204312 ], [ 376965.564924689067993, 2045955.9271478690207 ], [ 376973.908734098775312, 2045969.451870718272403 ], [ 376986.543605911603663, 2046000.024494852172211 ], [ 377004.852160174283199, 2046072.115181425819173 ], [ 377008.50746506213909, 2046090.450899547198787 ], [ 377015.414498151221778, 2046125.121907079825178 ], [ 377019.233506844844669, 2046144.286557275569066 ], [ 377022.05449880019296, 2046159.318780760746449 ], [ 377024.377899459912442, 2046170.868270851438865 ], [ 377025.474582487135194, 2046198.472089916933328 ], [ 377025.278539312246721, 2046217.175725936889648 ] ] } },
{ "type": "Feature", "properties": { "road_id": "RN_ROAD_00236", "osm_id": "209172129", "road_class": "residential", "name": "", "oneway": false, "lanes": "", "maxspeed": "", "surface": null, "bridge": "", "tunnel": null, "access": "", "length_m": 43.04 }, "geometry": { "type": "LineString", "coordinates": [ [ 377294.615406831493601, 2045909.08616720023565 ], [ 377280.869936132454313, 2045868.295094162458554 ] ] } },
{ "type": "Feature", "properties": { "road_id": "RN_ROAD_00237", "osm_id": "209172230", "road_class": "residential", "name": "", "oneway": false, "lanes": "", "maxspeed": "", "surface": null, "bridge": "", "tunnel": null, "access": "", "length_m": 74.85 }, "geometry": { "type": "LineString", "coordinates": [ [ 377413.386503070069011, 2045907.735357645666227 ], [ 377338.594328130013309, 2045904.785947543336079 ] ] } },
{ "type": "Feature", "properties": { "road_id": "RN_ROAD_00238", "osm_id": "209172230", "road_class": "residential", "name": "", "oneway": false, "lanes": "", "maxspeed": "", "surface": null, "bridge": "", "tunnel": null, "access": "", "length_m": 44.72 }, "geometry": { "type": "LineString", "coordinates": [ [ 377294.615406831493601, 2045909.08616720023565 ], [ 377308.596429055498447, 2045904.469972094520926 ], [ 377338.594328130013309, 2045904.785947543336079 ] ] } },
{ "type": "Feature", "properties": { "road_id": "RN_ROAD_00239", "osm_id": "209172214", "road_class": "residential", "name": "", "oneway": false, "lanes": "", "maxspeed": "", "surface": null, "bridge": "", "tunnel": null, "access": "", "length_m": 39.2 }, "geometry": { "type": "LineString", "coordinates": [ [ 377348.960568591253832, 2045942.223524815868586 ], [ 377338.404289698053617, 2045911.349591301521286 ], [ 377338.594328130013309, 2045904.785947543336079 ] ] } },
{ "type": "Feature", "properties": { "road_id": "RN_ROAD_00240", "osm_id": "209172129", "road_class": "residential", "name": "", "oneway": false, "lanes": "", "maxspeed": "", "surface": null, "bridge": "", "tunnel": null, "access": "", "length_m": 102.03 }, "geometry": { "type": "LineString", "coordinates": [ [ 377357.644593907985836, 2045967.642671233508736 ], [ 377324.417696176911704, 2045967.590918510919437 ], [ 377318.553950840316247, 2045966.975740392459556 ], [ 377315.928168216021731, 2045964.192823771154508 ], [ 377294.615406831493601, 2045909.08616720023565 ] ] } },
{ "type": "Feature", "properties": { "road_id": "RN_ROAD_00241", "osm_id": "209172188", "road_class": "residential", "name": "", "oneway": false, "lanes": "", "maxspeed": "", "surface": null, "bridge": "", "tunnel": null, "access": "", "length_m": 61.68 }, "geometry": { "type": "LineString", "coordinates": [ [ 377410.643907849211246, 2045942.601325186900795 ], [ 377348.960568591253832, 2045942.223524815868586 ] ] } },
{ "type": "Feature", "properties": { "road_id": "RN_ROAD_00242", "osm_id": "209172214", "road_class": "residential", "name": "", "oneway": false, "lanes": "", "maxspeed": "", "surface": null, "bridge": "", "tunnel": null, "access": "", "length_m": 26.86 }, "geometry": { "type": "LineString", "coordinates": [ [ 377357.644593907985836, 2045967.642671233508736 ], [ 377348.960568591253832, 2045942.223524815868586 ] ] } },
{ "type": "Feature", "properties": { "road_id": "RN_ROAD_00243", "osm_id": "209172129", "road_class": "residential", "name": "", "oneway": false, "lanes": "", "maxspeed": "", "surface": null, "bridge": "", "tunnel": null, "access": "", "length_m": 20.05 }, "geometry": { "type": "LineString", "coordinates": [ [ 377377.694725709618069, 2045967.668590635992587 ], [ 377357.644593907985836, 2045967.642671233508736 ] ] } },
{ "type": "Feature", "properties": { "road_id": "RN_ROAD_00244", "osm_id": "209172129", "road_class": "residential", "name": "", "oneway": false, "lanes": "", "maxspeed": "", "surface": null, "bridge": "", "tunnel": null, "access": "", "length_m": 33.11 }, "geometry": { "type": "LineString", "coordinates": [ [ 377377.694725709618069, 2045967.668590635992587 ], [ 377410.805482146912254, 2045967.72118320222944 ] ] } },
{ "type": "Feature", "properties": { "road_id": "RN_ROAD_00245", "osm_id": "1118593492", "road_class": "residential", "name": "", "oneway": false, "lanes": "", "maxspeed": "", "surface": null, "bridge": "", "tunnel": null, "access": "", "length_m": 37.25 }, "geometry": { "type": "LineString", "coordinates": [ [ 377377.694725709618069, 2045967.668590635992587 ], [ 377377.174152983992826, 2046004.910632234998047 ] ] } },
{ "type": "Feature", "properties": { "road_id": "RN_ROAD_00246", "osm_id": "209172190", "road_class": "residential", "name": "", "oneway": false, "lanes": "", "maxspeed": "", "surface": null, "bridge": "", "tunnel": null, "access": "", "length_m": 17.22 }, "geometry": { "type": "LineString", "coordinates": [ [ 376691.462959654687438, 2045862.814402200747281 ], [ 376691.358483834133949, 2045845.596550587797537 ] ] } },
{ "type": "Feature", "properties": { "road_id": "RN_ROAD_00247", "osm_id": "209172209", "road_class": "residential", "name": "", "oneway": false, "lanes": "", "maxspeed": "", "surface": null, "bridge": "", "tunnel": null, "access": "", "length_m": 22.17 }, "geometry": { "type": "LineString", "coordinates": [ [ 376691.462959654687438, 2045862.814402200747281 ], [ 376669.289135895785876, 2045862.758017984917387 ] ] } },
{ "type": "Feature", "properties": { "road_id": "RN_ROAD_00248", "osm_id": "209172209", "road_class": "residential", "name": "", "oneway": false, "lanes": "", "maxspeed": "", "surface": null, "bridge": "", "tunnel": null, "access": "", "length_m": 17.27 }, "geometry": { "type": "LineString", "coordinates": [ [ 376708.736614700581413, 2045862.868654736550525 ], [ 376691.462959654687438, 2045862.814402200747281 ] ] } },
{ "type": "Feature", "properties": { "road_id": "RN_ROAD_00249", "osm_id": "251878757", "road_class": "tertiary", "name": "Maai Mangeshkar Path", "oneway": false, "lanes": "2", "maxspeed": "", "surface": null, "bridge": "", "tunnel": null, "access": "", "length_m": 7.74 }, "geometry": { "type": "LineString", "coordinates": [ [ 376616.28188596497057, 2045912.40301435184665 ], [ 376615.322134834539611, 2045904.723842245293781 ] ] } },
{ "type": "Feature", "properties": { "road_id": "RN_ROAD_00250", "osm_id": "209172152", "road_class": "residential", "name": "", "oneway": false, "lanes": "", "maxspeed": "", "surface": null, "bridge": "", "tunnel": null, "access": "", "length_m": 89.55 }, "geometry": { "type": "LineString", "coordinates": [ [ 376705.834462377650198, 2045912.044821626972407 ], [ 376616.28188596497057, 2045912.40301435184665 ] ] } },
{ "type": "Feature", "properties": { "road_id": "RN_ROAD_00251", "osm_id": "251878757", "road_class": "tertiary", "name": "Maai Mangeshkar Path", "oneway": false, "lanes": "2", "maxspeed": "", "surface": null, "bridge": "", "tunnel": null, "access": "", "length_m": 116.1 }, "geometry": { "type": "LineString", "coordinates": [ [ 376645.255842925223988, 2046023.666223383741453 ], [ 376639.273032223340124, 2045996.503481430467218 ], [ 376636.678834646765608, 2045988.829052982386202 ], [ 376630.949325963156298, 2045977.965633672429249 ], [ 376625.102243056171574, 2045966.881646798923612 ], [ 376621.287429324234836, 2045954.954517497681081 ], [ 376616.28188596497057, 2045912.40301435184665 ] ] } },
{ "type": "Feature", "properties": { "road_id": "RN_ROAD_00252", "osm_id": "1118563693", "road_class": "residential", "name": "", "oneway": false, "lanes": "", "maxspeed": "", "surface": null, "bridge": "", "tunnel": null, "access": "", "length_m": 40.72 }, "geometry": { "type": "LineString", "coordinates": [ [ 376645.255842925223988, 2046023.666223383741453 ], [ 376605.09393778006779, 2046030.400120116304606 ] ] } },
{ "type": "Feature", "properties": { "road_id": "RN_ROAD_00253", "osm_id": "251878757", "road_class": "tertiary", "name": "Maai Mangeshkar Path", "oneway": false, "lanes": "2", "maxspeed": "", "surface": null, "bridge": "", "tunnel": null, "access": "", "length_m": 79.61 }, "geometry": { "type": "LineString", "coordinates": [ [ 376645.255842925223988, 2046023.666223383741453 ], [ 376646.920380803814624, 2046031.258137859636918 ], [ 376652.958693465043325, 2046070.261681829113513 ], [ 376654.005579148884863, 2046077.038673141971231 ], [ 376655.834289977210574, 2046088.790531265316531 ], [ 376657.674243532237597, 2046102.279757958604023 ] ] } },
{ "type": "Feature", "properties": { "road_id": "RN_ROAD_00254", "osm_id": "1118577349", "road_class": "residential", "name": "", "oneway": false, "lanes": "", "maxspeed": "", "surface": null, "bridge": "", "tunnel": null, "access": "", "length_m": 31.29 }, "geometry": { "type": "LineString", "coordinates": [ [ 376626.726446260465309, 2046106.873484078794718 ], [ 376657.674243532237597, 2046102.279757958604023 ] ] } },
{ "type": "Feature", "properties": { "road_id": "RN_ROAD_00255", "osm_id": "68338411", "road_class": "tertiary", "name": "", "oneway": false, "lanes": "", "maxspeed": "", "surface": null, "bridge": "", "tunnel": null, "access": "", "length_m": 80.73 }, "geometry": { "type": "LineString", "coordinates": [ [ 377377.174152983992826, 2046004.910632234998047 ], [ 377296.447455518820789, 2046005.053943494334817 ] ] } },
{ "type": "Feature", "properties": { "road_id": "RN_ROAD_00256", "osm_id": "68338411", "road_class": "tertiary", "name": "", "oneway": false, "lanes": "", "maxspeed": "", "surface": null, "bridge": "", "tunnel": null, "access": "", "length_m": 41.69 }, "geometry": { "type": "LineString", "coordinates": [ [ 377377.174152983992826, 2046004.910632234998047 ], [ 377418.867836665245704, 2046004.841614658012986 ] ] } },
{ "type": "Feature", "properties": { "road_id": "RN_ROAD_00257", "osm_id": "210718004", "road_class": "residential", "name": "", "oneway": false, "lanes": "", "maxspeed": "", "surface": null, "bridge": "", "tunnel": null, "access": "", "length_m": 105.89 }, "geometry": { "type": "LineString", "coordinates": [ [ 377419.688514614128508, 2046042.152489804662764 ], [ 377313.804214940988459, 2046042.645697118248791 ] ] } },
{ "type": "Feature", "properties": { "road_id": "RN_ROAD_00258", "osm_id": "331532119", "road_class": "residential", "name": "", "oneway": false, "lanes": "", "maxspeed": "", "surface": null, "bridge": "", "tunnel": null, "access": "", "length_m": 37.12 }, "geometry": { "type": "LineString", "coordinates": [ [ 377382.088124967296608, 2046079.444935258245096 ], [ 377345.044587418669835, 2046081.841274715028703 ] ] } },
{ "type": "Feature", "properties": { "road_id": "RN_ROAD_00259", "osm_id": "1118552875", "road_class": "residential", "name": "", "oneway": false, "lanes": "", "maxspeed": "", "surface": null, "bridge": "", "tunnel": null, "access": "", "length_m": 34.2 }, "geometry": { "type": "LineString", "coordinates": [ [ 377310.890436668065377, 2046083.687894174596295 ], [ 377345.044587418669835, 2046081.841274715028703 ] ] } },
{ "type": "Feature", "properties": { "road_id": "RN_ROAD_00260", "osm_id": "210718020", "road_class": "residential", "name": "", "oneway": false, "lanes": "", "maxspeed": "", "surface": null, "bridge": "", "tunnel": null, "access": "", "length_m": 99.2 }, "geometry": { "type": "LineString", "coordinates": [ [ 377383.117002902901731, 2046178.638219543034211 ], [ 377382.088124967296608, 2046079.444935258245096 ] ] } },
{ "type": "Feature", "properties": { "road_id": "RN_ROAD_00261", "osm_id": "210718037", "road_class": "residential", "name": "", "oneway": false, "lanes": "", "maxspeed": "", "surface": null, "bridge": "", "tunnel": null, "access": "", "length_m": 98.24 }, "geometry": { "type": "LineString", "coordinates": [ [ 377344.483820088556968, 2046180.082017352571711 ], [ 377345.044587418669835, 2046081.841274715028703 ] ] } },
{ "type": "Feature", "properties": { "road_id": "RN_ROAD_00262", "osm_id": "210718047", "road_class": "residential", "name": "", "oneway": false, "lanes": "", "maxspeed": "", "surface": null, "bridge": "", "tunnel": null, "access": "", "length_m": 38.66 }, "geometry": { "type": "LineString", "coordinates": [ [ 377344.483820088556968, 2046180.082017352571711 ], [ 377383.117002902901731, 2046178.638219543034211 ] ] } },
{ "type": "Feature", "properties": { "road_id": "RN_ROAD_00263", "osm_id": [ 210718032, 210718047 ], "road_class": "residential", "name": "", "oneway": false, "lanes": "", "maxspeed": "", "surface": null, "bridge": "", "tunnel": null, "access": "", "length_m": 64.18 }, "geometry": { "type": "LineString", "coordinates": [ [ 377314.178859885199927, 2046218.921246281126514 ], [ 377316.181715853861533, 2046187.269283302361146 ], [ 377316.80120934091974, 2046185.096264899009839 ], [ 377317.706684726814274, 2046183.065269685583189 ], [ 377319.246757135202643, 2046181.207252865191549 ], [ 377321.635072370117996, 2046179.908166053239256 ], [ 377344.483820088556968, 2046180.082017352571711 ] ] } },
{ "type": "Feature", "properties": { "road_id": "RN_ROAD_00264", "osm_id": "210718013", "road_class": "residential", "name": "", "oneway": false, "lanes": "", "maxspeed": "", "surface": null, "bridge": "", "tunnel": null, "access": "", "length_m": 109.35 }, "geometry": { "type": "LineString", "coordinates": [ [ 377423.530835930083413, 2046219.302057180088013 ], [ 377314.178859885199927, 2046218.921246281126514 ] ] } },
{ "type": "Feature", "properties": { "road_id": "RN_ROAD_00265", "osm_id": "251878757", "road_class": "tertiary", "name": "Maai Mangeshkar Path", "oneway": false, "lanes": "2", "maxspeed": "", "surface": null, "bridge": "", "tunnel": null, "access": "", "length_m": 33.64 }, "geometry": { "type": "LineString", "coordinates": [ [ 376661.459245213598479, 2046135.709303830750287 ], [ 376657.674243532237597, 2046102.279757958604023 ] ] } },
{ "type": "Feature", "properties": { "road_id": "RN_ROAD_00266", "osm_id": "1118577350", "road_class": "residential", "name": "", "oneway": false, "lanes": "", "maxspeed": "", "surface": null, "bridge": "", "tunnel": null, "access": "", "length_m": 32.29 }, "geometry": { "type": "LineString", "coordinates": [ [ 376629.420552884286735, 2046139.767830765107647 ], [ 376661.459245213598479, 2046135.709303830750287 ] ] } },
{ "type": "Feature", "properties": { "road_id": "RN_ROAD_00267", "osm_id": "251878757", "road_class": "tertiary", "name": "Maai Mangeshkar Path", "oneway": false, "lanes": "2", "maxspeed": "", "surface": null, "bridge": "", "tunnel": null, "access": "", "length_m": 35.87 }, "geometry": { "type": "LineString", "coordinates": [ [ 376665.480272054264788, 2046171.350624085636809 ], [ 376664.998290326737333, 2046167.026740111177787 ], [ 376661.459245213598479, 2046135.709303830750287 ] ] } },
{ "type": "Feature", "properties": { "road_id": "RN_ROAD_00268", "osm_id": "1118573833", "road_class": "living_street", "name": "", "oneway": false, "lanes": "", "maxspeed": "", "surface": null, "bridge": "", "tunnel": null, "access": "", "length_m": 38.09 }, "geometry": { "type": "LineString", "coordinates": [ [ 376665.480272054264788, 2046171.350624085636809 ], [ 376627.614036534912884, 2046175.480074123712257 ] ] } },
{ "type": "Feature", "properties": { "road_id": "RN_ROAD_00269", "osm_id": "251878757", "road_class": "tertiary", "name": "Maai Mangeshkar Path", "oneway": false, "lanes": "2", "maxspeed": "", "surface": null, "bridge": "", "tunnel": null, "access": "", "length_m": 35.92 }, "geometry": { "type": "LineString", "coordinates": [ [ 376671.073371704667807, 2046206.826840203488246 ], [ 376666.174236179736909, 2046177.432710394263268 ], [ 376665.816338419390377, 2046174.336405358277261 ], [ 376665.480272054264788, 2046171.350624085636809 ] ] } },
{ "type": "Feature", "properties": { "road_id": "RN_ROAD_00270", "osm_id": "1181746119", "road_class": "living_street", "name": "", "oneway": false, "lanes": "", "maxspeed": "", "surface": null, "bridge": "", "tunnel": null, "access": "", "length_m": 28.32 }, "geometry": { "type": "LineString", "coordinates": [ [ 376642.786821083340328, 2046208.227241371991113 ], [ 376671.073371704667807, 2046206.826840203488246 ] ] } },
{ "type": "Feature", "properties": { "road_id": "RN_ROAD_00271", "osm_id": "251878757", "road_class": "tertiary", "name": "Maai Mangeshkar Path", "oneway": false, "lanes": "2", "maxspeed": "", "surface": null, "bridge": "", "tunnel": null, "access": "", "length_m": 45.21 }, "geometry": { "type": "LineString", "coordinates": [ [ 376671.073371704667807, 2046206.826840203488246 ], [ 376675.577382179384585, 2046233.899562189588323 ], [ 376680.786847121838946, 2046250.886133679654449 ] ] } },
{ "type": "Feature", "properties": { "road_id": "RN_ROAD_00272", "osm_id": "1118576358", "road_class": "residential", "name": "", "oneway": false, "lanes": "", "maxspeed": "", "surface": null, "bridge": "", "tunnel": null, "access": "", "length_m": 43.73 }, "geometry": { "type": "LineString", "coordinates": [ [ 376566.04653770045843, 2046236.91055532800965 ], [ 376522.323904217453673, 2046237.439988568658009 ] ] } },
{ "type": "Feature", "properties": { "road_id": "RN_ROAD_00273", "osm_id": "1145004356", "road_class": "tertiary", "name": "Imambhai Shekh Path", "oneway": true, "lanes": "2", "maxspeed": "", "surface": null, "bridge": "", "tunnel": null, "access": "", "length_m": 97.53 }, "geometry": { "type": "LineString", "coordinates": [ [ 376614.097378275182564, 2046321.877880713669583 ], [ 376620.492755465442315, 2046316.55774634052068 ], [ 376634.957999578560703, 2046302.000166974961758 ], [ 376646.381195832975209, 2046290.494515068363398 ], [ 376674.485345273744315, 2046257.666416143998504 ], [ 376680.786847121838946, 2046250.886133679654449 ] ] } },
{ "type": "Feature", "properties": { "road_id": "RN_ROAD_00274", "osm_id": "210718032", "road_class": "residential", "name": "", "oneway": false, "lanes": "", "maxspeed": "", "surface": null, "bridge": "", "tunnel": null, "access": "", "length_m": 35.43 }, "geometry": { "type": "LineString", "coordinates": [ [ 377313.688998760655522, 2046254.348206456750631 ], [ 377314.178859885199927, 2046218.921246281126514 ] ] } },
{ "type": "Feature", "properties": { "road_id": "RN_ROAD_00275", "osm_id": "210718043", "road_class": "residential", "name": "", "oneway": false, "lanes": "", "maxspeed": "", "surface": null, "bridge": "", "tunnel": null, "access": "", "length_m": 36.58 }, "geometry": { "type": "LineString", "coordinates": [ [ 377313.688998760655522, 2046254.348206456750631 ], [ 377350.258286689699162, 2046255.418644596356899 ] ] } },
{ "type": "Feature", "properties": { "road_id": "RN_ROAD_00276", "osm_id": "210718043", "road_class": "residential", "name": "", "oneway": false, "lanes": "", "maxspeed": "", "surface": null, "bridge": "", "tunnel": null, "access": "", "length_m": 36.16 }, "geometry": { "type": "LineString", "coordinates": [ [ 377386.413755784975365, 2046256.17088740481995 ], [ 377350.258286689699162, 2046255.418644596356899 ] ] } },
{ "type": "Feature", "properties": { "road_id": "RN_ROAD_00277", "osm_id": "210718043", "road_class": "residential", "name": "", "oneway": false, "lanes": "", "maxspeed": "", "surface": null, "bridge": "", "tunnel": null, "access": "", "length_m": 35.01 }, "geometry": { "type": "LineString", "coordinates": [ [ 377313.34424251364544, 2046289.353707437869161 ], [ 377313.688998760655522, 2046254.348206456750631 ] ] } },
{ "type": "Feature", "properties": { "road_id": "RN_ROAD_00278", "osm_id": "206225458", "road_class": "residential", "name": "", "oneway": false, "lanes": "", "maxspeed": "", "surface": null, "bridge": "", "tunnel": null, "access": "", "length_m": 80.44 }, "geometry": { "type": "LineString", "coordinates": [ [ 377349.234556408599019, 2046335.856414227979258 ], [ 377350.258286689699162, 2046255.418644596356899 ] ] } },
{ "type": "Feature", "properties": { "road_id": "RN_ROAD_00279", "osm_id": "210718051", "road_class": "residential", "name": "", "oneway": false, "lanes": "", "maxspeed": "", "surface": null, "bridge": "", "tunnel": null, "access": "", "length_m": 148.96 }, "geometry": { "type": "LineString", "coordinates": [ [ 377348.84933788550552, 2046374.425580707844347 ], [ 377358.954883757047355, 2046373.032558356178924 ], [ 377379.959483006619848, 2046372.144858252024278 ], [ 377383.160154060693458, 2046369.114179129246622 ], [ 377385.388860403443687, 2046362.703412178438157 ], [ 377386.413755784975365, 2046256.17088740481995 ] ] } },
{ "type": "Feature", "properties": { "road_id": "RN_ROAD_00280", "osm_id": "210718008", "road_class": "residential", "name": "", "oneway": false, "lanes": "", "maxspeed": "", "surface": null, "bridge": "", "tunnel": null, "access": "", "length_m": 60.58 }, "geometry": { "type": "LineString", "coordinates": [ [ 377349.234556408599019, 2046335.856414227979258 ], [ 377288.654092786484398, 2046336.036182182608172 ] ] } },
{ "type": "Feature", "properties": { "road_id": "RN_ROAD_00281", "osm_id": "206225458", "road_class": "residential", "name": "", "oneway": false, "lanes": "", "maxspeed": "", "surface": null, "bridge": "", "tunnel": null, "access": "", "length_m": 38.57 }, "geometry": { "type": "LineString", "coordinates": [ [ 377348.84933788550552, 2046374.425580707844347 ], [ 377349.234556408599019, 2046335.856414227979258 ] ] } },
{ "type": "Feature", "properties": { "road_id": "RN_ROAD_00282", "osm_id": "210718051", "road_class": "residential", "name": "", "oneway": false, "lanes": "", "maxspeed": "", "surface": null, "bridge": "", "tunnel": null, "access": "", "length_m": 72.85 }, "geometry": { "type": "LineString", "coordinates": [ [ 377348.84933788550552, 2046374.425580707844347 ], [ 377276.012663215515204, 2046373.190316006308421 ] ] } },
{ "type": "Feature", "properties": { "road_id": "RN_ROAD_00283", "osm_id": "206225458", "road_class": "residential", "name": "", "oneway": false, "lanes": "", "maxspeed": "", "surface": null, "bridge": "", "tunnel": null, "access": "", "length_m": 34.61 }, "geometry": { "type": "LineString", "coordinates": [ [ 377348.84933788550552, 2046374.425580707844347 ], [ 377348.501970575482119, 2046409.032704613171518 ] ] } },
{ "type": "Feature", "properties": { "road_id": "RN_ROAD_00284", "osm_id": "1292065135", "road_class": "secondary_link", "name": "", "oneway": false, "lanes": "", "maxspeed": "", "surface": null, "bridge": "", "tunnel": null, "access": "", "length_m": 8.88 }, "geometry": { "type": "LineString", "coordinates": [ [ 377034.149927088117693, 2046217.583271459676325 ], [ 377025.278539312246721, 2046217.175725936889648 ] ] } },
{ "type": "Feature", "properties": { "road_id": "RN_ROAD_00285", "osm_id": [ 218697385, 1207655375 ], "road_class": "secondary", "name": "Raja Mantri Path", "oneway": true, "lanes": "4", "maxspeed": "", "surface": null, "bridge": "", "tunnel": null, "access": "", "length_m": 181.77 }, "geometry": { "type": "LineString", "coordinates": [ [ 377025.278539312246721, 2046217.175725936889648 ], [ 377024.694764454849064, 2046272.323823264800012 ], [ 377022.97796548565384, 2046398.93558408645913 ] ] } },
{ "type": "Feature", "properties": { "road_id": "RN_ROAD_00286", "osm_id": "1183352639", "road_class": "secondary", "name": "Raja Mantri Path", "oneway": true, "lanes": "", "maxspeed": "", "surface": null, "bridge": "", "tunnel": null, "access": "", "length_m": 181.64 }, "geometry": { "type": "LineString", "coordinates": [ [ 377037.232882237818558, 2046399.197716345312074 ], [ 377035.40926240303088, 2046291.665307866642252 ], [ 377034.149927088117693, 2046217.583271459676325 ] ] } },
{ "type": "Feature", "properties": { "road_id": "RN_ROAD_00287", "osm_id": "51874385", "road_class": "secondary", "name": "Raveendra Mhatre Bridge", "oneway": true, "lanes": "2", "maxspeed": "40", "surface": null, "bridge": "", "tunnel": null, "access": "", "length_m": 14.26 }, "geometry": { "type": "LineString", "coordinates": [ [ 377037.232882237818558, 2046399.197716345312074 ], [ 377022.97796548565384, 2046398.93558408645913 ] ] } },
{ "type": "Feature", "properties": { "road_id": "RN_ROAD_00288", "osm_id": [ 51874385, 1528680001, 245590244, 61717182 ], "road_class": "secondary", "name": [ "Anant Kanhere Path", "Raveendra Mhatre Bridge" ], "oneway": true, "lanes": "2", "maxspeed": "40", "surface": null, "bridge": "yes", "tunnel": null, "access": "", "length_m": 311.46 }, "geometry": { "type": "LineString", "coordinates": [ [ 377348.501970575482119, 2046409.032704613171518 ], [ 377340.044638156541623, 2046408.965414429083467 ], [ 377267.602996487345081, 2046408.391636360203847 ], [ 377078.924901220365427, 2046400.632953639607877 ], [ 377049.597719094657805, 2046399.427789061563089 ], [ 377037.232882237818558, 2046399.197716345312074 ] ] } },
{ "type": "Feature", "properties": { "road_id": "RN_ROAD_00289", "osm_id": [ 1528680000, 232745954, 206492421, 206412007, 211087117, 207872435, 211087157 ], "road_class": "secondary", "name": [ "Anant Kanhere Path", "Amrutrao Khilare Path", "Raveendra Mhatre Bridge" ], "oneway": true, "lanes": [ "2", "3" ], "maxspeed": "40", "surface": null, "bridge": "yes", "tunnel": null, "access": "", "length_m": 443.91 }, "geometry": { "type": "LineString", "coordinates": [ [ 376910.725287396868225, 2046426.629446663195267 ], [ 376918.854805938259233, 2046418.443056053714827 ], [ 376925.167554198647849, 2046413.400222944095731 ], [ 376939.693062139500398, 2046409.787259912816808 ], [ 376958.761034894443583, 2046408.203343719709665 ], [ 376983.304225622909144, 2046407.580082148080692 ], [ 377010.961450176662765, 2046406.870353111531585 ], [ 377022.965971476456616, 2046406.892470582388341 ], [ 377049.1422276031808, 2046407.376470055431128 ], [ 377078.585458698275033, 2046408.569818024057895 ], [ 377267.274104749085382, 2046416.339490933809429 ], [ 377339.3710380702978, 2046415.853102561784908 ], [ 377348.746085126709659, 2046415.792753656860441 ] ] } },
{ "type": "Feature", "properties": { "road_id": "RN_ROAD_00290", "osm_id": [ 51874385, 211087139, 207872429, 211087161 ], "road_class": "secondary", "name": [ "Amrutrao Khilare Path", "Raveendra Mhatre Bridge" ], "oneway": true, "lanes": [ "2", "3" ], "maxspeed": "40", "surface": null, "bridge": "yes", "tunnel": null, "access": "", "length_m": 198.12 }, "geometry": { "type": "LineString", "coordinates": [ [ 377022.97796548565384, 2046398.93558408645913 ], [ 377010.867864120518789, 2046398.914147764444351 ], [ 376983.115610442822799, 2046399.624489702749997 ], [ 376958.329658252187073, 2046400.260384949157014 ], [ 376938.533566931728274, 2046401.90433601429686 ], [ 376922.3067937438027, 2046405.295891948277131 ], [ 376910.662790638220031, 2046410.417430491186678 ], [ 376902.596187766990624, 2046418.537019085604697 ], [ 376850.632680382113904, 2046469.590565646765754 ] ] } },
{ "type": "Feature", "properties": { "road_id": "RN_ROAD_00291", "osm_id": "208588895", "road_class": "residential", "name": "Gangaram Dhanvat Path", "oneway": false, "lanes": "", "maxspeed": "", "surface": null, "bridge": "", "tunnel": null, "access": "", "length_m": 42.18 }, "geometry": { "type": "LineString", "coordinates": [ [ 376915.460531118733343, 2046468.308490089140832 ], [ 376914.02979525225237, 2046438.050859158160165 ], [ 376910.725287396868225, 2046426.629446663195267 ] ] } },
{ "type": "Feature", "properties": { "road_id": "RN_ROAD_00292", "osm_id": "1118595060", "road_class": "residential", "name": "", "oneway": false, "lanes": "", "maxspeed": "", "surface": null, "bridge": "", "tunnel": null, "access": "", "length_m": 31.52 }, "geometry": { "type": "LineString", "coordinates": [ [ 377009.847017484076787, 2046451.76324864057824 ], [ 376996.411396831274033, 2046480.279805205529556 ] ] } },
{ "type": "Feature", "properties": { "road_id": "RN_ROAD_00293", "osm_id": "476933835", "road_class": "residential", "name": "", "oneway": false, "lanes": "", "maxspeed": "", "surface": null, "bridge": "", "tunnel": null, "access": "", "length_m": 82.84 }, "geometry": { "type": "LineString", "coordinates": [ [ 376996.411396831274033, 2046480.279805205529556 ], [ 376971.199002335895784, 2046470.449537691427395 ], [ 376915.460531118733343, 2046468.308490089140832 ] ] } },
{ "type": "Feature", "properties": { "road_id": "RN_ROAD_00294", "osm_id": "68338411", "road_class": "tertiary", "name": "", "oneway": false, "lanes": "", "maxspeed": "", "surface": null, "bridge": "", "tunnel": null, "access": "", "length_m": 51.66 }, "geometry": { "type": "LineString", "coordinates": [ [ 377524.151025560102426, 2046007.717074423329905 ], [ 377575.809805308294017, 2046007.374100000131875 ] ] } },
{ "type": "Feature", "properties": { "road_id": "RN_ROAD_00295", "osm_id": "210718046", "road_class": "residential", "name": "", "oneway": false, "lanes": "", "maxspeed": "", "surface": null, "bridge": "", "tunnel": null, "access": "", "length_m": 40.37 }, "geometry": { "type": "LineString", "coordinates": [ [ 377576.079680594441015, 2046047.742846080102026 ], [ 377575.809805308294017, 2046007.374100000131875 ] ] } },
{ "type": "Feature", "properties": { "road_id": "RN_ROAD_00296", "osm_id": "217318308", "road_class": "residential", "name": "", "oneway": false, "lanes": "", "maxspeed": "", "surface": null, "bridge": "", "tunnel": null, "access": "", "length_m": 72.78 }, "geometry": { "type": "LineString", "coordinates": [ [ 377626.697749451675918, 2046079.366646670969203 ], [ 377627.370716440724209, 2046006.589235354680568 ] ] } },
{ "type": "Feature", "properties": { "road_id": "RN_ROAD_00297", "osm_id": "210718046", "road_class": "residential", "name": "", "oneway": false, "lanes": "", "maxspeed": "", "surface": null, "bridge": "", "tunnel": null, "access": "", "length_m": 37.67 }, "geometry": { "type": "LineString", "coordinates": [ [ 377576.026043417979963, 2046085.413453249260783 ], [ 377576.079680594441015, 2046047.742846080102026 ] ] } },
{ "type": "Feature", "properties": { "road_id": "RN_ROAD_00298", "osm_id": "1118597093", "road_class": "residential", "name": "", "oneway": false, "lanes": "", "maxspeed": "", "surface": null, "bridge": "", "tunnel": null, "access": "", "length_m": 83.58 }, "geometry": { "type": "LineString", "coordinates": [ [ 377660.289022705866955, 2046129.636201255489141 ], [ 377660.720575674262363, 2046080.088858560891822 ], [ 377626.697749451675918, 2046079.366646670969203 ] ] } },
{ "type": "Feature", "properties": { "road_id": "RN_ROAD_00299", "osm_id": "210718046", "road_class": "residential", "name": "", "oneway": false, "lanes": "", "maxspeed": "", "surface": null, "bridge": "", "tunnel": null, "access": "", "length_m": 42.58 }, "geometry": { "type": "LineString", "coordinates": [ [ 377575.961744458239991, 2046127.997643106849864 ], [ 377576.026043417979963, 2046085.413453249260783 ] ] } },
{ "type": "Feature", "properties": { "road_id": "RN_ROAD_00300", "osm_id": "217318308", "road_class": "residential", "name": "", "oneway": false, "lanes": "", "maxspeed": "", "surface": null, "bridge": "", "tunnel": null, "access": "", "length_m": 64.6 }, "geometry": { "type": "LineString", "coordinates": [ [ 377626.697749451675918, 2046079.366646670969203 ], [ 377626.098985196789727, 2046143.965466681635007 ] ] } },
{ "type": "Feature", "properties": { "road_id": "RN_ROAD_00301", "osm_id": [ 210718046, 217318311 ], "road_class": "residential", "name": "", "oneway": false, "lanes": "", "maxspeed": "", "surface": null, "bridge": "", "tunnel": null, "access": "", "length_m": 70.53 }, "geometry": { "type": "LineString", "coordinates": [ [ 377539.268138573097531, 2046165.117950633168221 ], [ 377570.789416940591764, 2046164.328894927399233 ], [ 377573.94888216390973, 2046163.09128560568206 ], [ 377575.611974715546239, 2046160.657044443069026 ], [ 377575.961744458239991, 2046127.997643106849864 ] ] } },
{ "type": "Feature", "properties": { "road_id": "RN_ROAD_00302", "osm_id": "1118554658", "road_class": "residential", "name": "", "oneway": false, "lanes": "", "maxspeed": "", "surface": null, "bridge": "", "tunnel": null, "access": "", "length_m": 60.61 }, "geometry": { "type": "LineString", "coordinates": [ [ 377595.038319391896948, 2046236.193713827989995 ], [ 377633.002185964433011, 2046283.447181626223028 ] ] } },
{ "type": "Feature", "properties": { "road_id": "RN_ROAD_00303", "osm_id": "1183303726", "road_class": "residential", "name": "", "oneway": false, "lanes": "", "maxspeed": "", "surface": null, "bridge": "", "tunnel": null, "access": "", "length_m": 75.55 }, "geometry": { "type": "LineString", "coordinates": [ [ 377686.474950821022503, 2046291.138132809894159 ], [ 377690.40605123504065, 2046250.565363044850528 ], [ 377691.020231728150975, 2046245.913504691328853 ], [ 377693.165640642866492, 2046242.956054426729679 ], [ 377719.584775676892605, 2046241.779458759818226 ] ] } },
{ "type": "Feature", "properties": { "road_id": "RN_ROAD_00304", "osm_id": "68338295", "road_class": "tertiary", "name": "Dattawadi Road", "oneway": false, "lanes": "", "maxspeed": "", "surface": null, "bridge": "", "tunnel": null, "access": "", "length_m": 89.96 }, "geometry": { "type": "LineString", "coordinates": [ [ 377460.452793962787837, 2046130.720927228452638 ], [ 377461.643571821681689, 2046220.672646183753386 ] ] } },
{ "type": "Feature", "properties": { "road_id": "RN_ROAD_00305", "osm_id": "210718047", "road_class": "residential", "name": "", "oneway": false, "lanes": "", "maxspeed": "", "surface": null, "bridge": "", "tunnel": null, "access": "", "length_m": 39.53 }, "geometry": { "type": "LineString", "coordinates": [ [ 377383.117002902901731, 2046178.638219543034211 ], [ 377422.615697452623863, 2046177.155733735766262 ] ] } },
{ "type": "Feature", "properties": { "road_id": "RN_ROAD_00306", "osm_id": "1118554659", "road_class": "residential", "name": "", "oneway": false, "lanes": "", "maxspeed": "", "surface": null, "bridge": "", "tunnel": null, "access": "", "length_m": 43.67 }, "geometry": { "type": "LineString", "coordinates": [ [ 377540.319450995884836, 2046208.779494343325496 ], [ 377539.268138573097531, 2046165.117950633168221 ] ] } },
{ "type": "Feature", "properties": { "road_id": "RN_ROAD_00307", "osm_id": [ 210717992, 68338532 ], "road_class": "residential", "name": "", "oneway": false, "lanes": "", "maxspeed": "", "surface": null, "bridge": "", "tunnel": null, "access": "", "length_m": 92.56 }, "geometry": { "type": "LineString", "coordinates": [ [ 377501.296865743526723, 2046166.059183417120948 ], [ 377502.535580986295827, 2046214.223580871941522 ], [ 377501.041892369044945, 2046218.372043933020905 ], [ 377496.706748642376624, 2046220.668539172504097 ], [ 377461.643571821681689, 2046220.672646183753386 ] ] } },
{ "type": "Feature", "properties": { "road_id": "RN_ROAD_00308", "osm_id": "68338353", "road_class": "residential", "name": "", "oneway": false, "lanes": "", "maxspeed": "", "surface": null, "bridge": "", "tunnel": null, "access": "", "length_m": 42.16 }, "geometry": { "type": "LineString", "coordinates": [ [ 377423.530835930083413, 2046219.302057180088013 ], [ 377422.615697452623863, 2046177.155733735766262 ] ] } },
{ "type": "Feature", "properties": { "road_id": "RN_ROAD_00309", "osm_id": "1118597094", "road_class": "residential", "name": "", "oneway": false, "lanes": "", "maxspeed": "", "surface": null, "bridge": "", "tunnel": null, "access": "", "length_m": 38.14 }, "geometry": { "type": "LineString", "coordinates": [ [ 377423.530835930083413, 2046219.302057180088013 ], [ 377461.643571821681689, 2046220.672646183753386 ] ] } },
{ "type": "Feature", "properties": { "road_id": "RN_ROAD_00310", "osm_id": "68338353", "road_class": "residential", "name": "", "oneway": false, "lanes": "", "maxspeed": "", "surface": null, "bridge": "", "tunnel": null, "access": "", "length_m": 37.9 }, "geometry": { "type": "LineString", "coordinates": [ [ 377424.355226648738608, 2046257.188372092787176 ], [ 377423.530835930083413, 2046219.302057180088013 ] ] } },
{ "type": "Feature", "properties": { "road_id": "RN_ROAD_00311", "osm_id": "68338295", "road_class": "tertiary", "name": "Dattawadi Road", "oneway": false, "lanes": "", "maxspeed": "", "surface": null, "bridge": "", "tunnel": null, "access": "", "length_m": 59.03 }, "geometry": { "type": "LineString", "coordinates": [ [ 377433.650659959064797, 2046272.643782917177305 ], [ 377461.643571821681689, 2046220.672646183753386 ] ] } },
{ "type": "Feature", "properties": { "road_id": "RN_ROAD_00312", "osm_id": "210718043", "road_class": "residential", "name": "", "oneway": false, "lanes": "", "maxspeed": "", "surface": null, "bridge": "", "tunnel": null, "access": "", "length_m": 37.96 }, "geometry": { "type": "LineString", "coordinates": [ [ 377424.355226648738608, 2046257.188372092787176 ], [ 377386.413755784975365, 2046256.17088740481995 ] ] } },
{ "type": "Feature", "properties": { "road_id": "RN_ROAD_00313", "osm_id": "68338353", "road_class": "residential", "name": "", "oneway": false, "lanes": "", "maxspeed": "", "surface": null, "bridge": "", "tunnel": null, "access": "", "length_m": 18.04 }, "geometry": { "type": "LineString", "coordinates": [ [ 377424.355226648738608, 2046257.188372092787176 ], [ 377433.650659959064797, 2046272.643782917177305 ] ] } },
{ "type": "Feature", "properties": { "road_id": "RN_ROAD_00314", "osm_id": "1118554052", "road_class": "residential", "name": "", "oneway": false, "lanes": "", "maxspeed": "", "surface": null, "bridge": "", "tunnel": null, "access": "", "length_m": 37.97 }, "geometry": { "type": "LineString", "coordinates": [ [ 377882.45839574362617, 2046208.100021454738453 ], [ 377879.523025204602163, 2046245.955059296451509 ] ] } },
{ "type": "Feature", "properties": { "road_id": "RN_ROAD_00315", "osm_id": "1118597088", "road_class": "residential", "name": "", "oneway": false, "lanes": "", "maxspeed": "", "surface": null, "bridge": "", "tunnel": null, "access": "", "length_m": 31.58 }, "geometry": { "type": "LineString", "coordinates": [ [ 377834.645122258516494, 2046213.663049526745453 ], [ 377834.847591003694106, 2046245.245433459756896 ] ] } },
{ "type": "Feature", "properties": { "road_id": "RN_ROAD_00316", "osm_id": "750334787", "road_class": "residential", "name": "", "oneway": false, "lanes": "", "maxspeed": "", "surface": null, "bridge": "", "tunnel": null, "access": "", "length_m": 61.78 }, "geometry": { "type": "LineString", "coordinates": [ [ 377781.293659441638738, 2046244.659252530196682 ], [ 377719.584775676892605, 2046241.779458759818226 ] ] } },
{ "type": "Feature", "properties": { "road_id": "RN_ROAD_00317", "osm_id": "215776173", "road_class": "residential", "name": "", "oneway": true, "lanes": "", "maxspeed": "", "surface": null, "bridge": "", "tunnel": null, "access": "", "length_m": 50.07 }, "geometry": { "type": "LineString", "coordinates": [ [ 377831.363098169211298, 2046245.190307140583172 ], [ 377781.293659441638738, 2046244.659252530196682 ] ] } },
{ "type": "Feature", "properties": { "road_id": "RN_ROAD_00318", "osm_id": "215776173", "road_class": "residential", "name": "", "oneway": true, "lanes": "", "maxspeed": "", "surface": null, "bridge": "", "tunnel": null, "access": "", "length_m": 3.48 }, "geometry": { "type": "LineString", "coordinates": [ [ 377834.847591003694106, 2046245.245433459756896 ], [ 377831.363098169211298, 2046245.190307140583172 ] ] } },
{ "type": "Feature", "properties": { "road_id": "RN_ROAD_00319", "osm_id": "215776173", "road_class": "residential", "name": "", "oneway": true, "lanes": "", "maxspeed": "", "surface": null, "bridge": "", "tunnel": null, "access": "", "length_m": 44.68 }, "geometry": { "type": "LineString", "coordinates": [ [ 377879.523025204602163, 2046245.955059296451509 ], [ 377834.847591003694106, 2046245.245433459756896 ] ] } },
{ "type": "Feature", "properties": { "road_id": "RN_ROAD_00320", "osm_id": "206225455", "road_class": "residential", "name": "", "oneway": true, "lanes": "", "maxspeed": "", "surface": null, "bridge": "", "tunnel": null, "access": "", "length_m": 42.21 }, "geometry": { "type": "LineString", "coordinates": [ [ 377781.293659441638738, 2046244.659252530196682 ], [ 377779.072349863126874, 2046286.814595218282193 ] ] } },
{ "type": "Feature", "properties": { "road_id": "RN_ROAD_00321", "osm_id": "210718031", "road_class": "residential", "name": "", "oneway": false, "lanes": "", "maxspeed": "", "surface": null, "bridge": "", "tunnel": null, "access": "", "length_m": 43.1 }, "geometry": { "type": "LineString", "coordinates": [ [ 377831.301589088223409, 2046288.294572178740054 ], [ 377831.363098169211298, 2046245.190307140583172 ] ] } },
{ "type": "Feature", "properties": { "road_id": "RN_ROAD_00322", "osm_id": "215776150", "road_class": "residential", "name": "", "oneway": false, "lanes": "", "maxspeed": "", "surface": null, "bridge": "", "tunnel": null, "access": "", "length_m": 68.88 }, "geometry": { "type": "LineString", "coordinates": [ [ 377879.352081558783539, 2046314.833806041860953 ], [ 377879.523025204602163, 2046245.955059296451509 ] ] } },
{ "type": "Feature", "properties": { "road_id": "RN_ROAD_00323", "osm_id": "1118594751", "road_class": "residential", "name": "", "oneway": false, "lanes": "", "maxspeed": "", "surface": null, "bridge": "", "tunnel": null, "access": "", "length_m": 52.25 }, "geometry": { "type": "LineString", "coordinates": [ [ 377831.301589088223409, 2046288.294572178740054 ], [ 377779.072349863126874, 2046286.814595218282193 ] ] } },
{ "type": "Feature", "properties": { "road_id": "RN_ROAD_00324", "osm_id": "206225454", "road_class": "residential", "name": "", "oneway": false, "lanes": "", "maxspeed": "", "surface": null, "bridge": "", "tunnel": null, "access": "", "length_m": 53.98 }, "geometry": { "type": "LineString", "coordinates": [ [ 377718.009123752592131, 2046295.683261651312932 ], [ 377717.78922336990945, 2046263.060729076620191 ], [ 377719.584775676892605, 2046241.779458759818226 ] ] } },
{ "type": "Feature", "properties": { "road_id": "RN_ROAD_00325", "osm_id": "476933838", "road_class": "residential", "name": "", "oneway": false, "lanes": "", "maxspeed": "", "surface": null, "bridge": "", "tunnel": null, "access": "", "length_m": 54.02 }, "geometry": { "type": "LineString", "coordinates": [ [ 377686.474950821022503, 2046291.138132809894159 ], [ 377633.002185964433011, 2046283.447181626223028 ] ] } },
{ "type": "Feature", "properties": { "road_id": "RN_ROAD_00326", "osm_id": "476933838", "road_class": "residential", "name": "", "oneway": false, "lanes": "", "maxspeed": "", "surface": null, "bridge": "", "tunnel": null, "access": "", "length_m": 31.86 }, "geometry": { "type": "LineString", "coordinates": [ [ 377686.474950821022503, 2046291.138132809894159 ], [ 377718.009123752592131, 2046295.683261651312932 ] ] } },
{ "type": "Feature", "properties": { "road_id": "RN_ROAD_00327", "osm_id": [ 1088774585, 476933838 ], "road_class": "residential", "name": "", "oneway": false, "lanes": "", "maxspeed": "", "surface": null, "bridge": "", "tunnel": null, "access": "", "length_m": 78.48 }, "geometry": { "type": "LineString", "coordinates": [ [ 377633.002185964433011, 2046283.447181626223028 ], [ 377595.264709045703057, 2046278.012453430099413 ], [ 377582.302189693495166, 2046316.230785215040669 ] ] } },
{ "type": "Feature", "properties": { "road_id": "RN_ROAD_00328", "osm_id": "206225454", "road_class": "residential", "name": "", "oneway": false, "lanes": "", "maxspeed": "", "surface": null, "bridge": "", "tunnel": null, "access": "", "length_m": 17.34 }, "geometry": { "type": "LineString", "coordinates": [ [ 377718.806569041509647, 2046313.008231485495344 ], [ 377718.009123752592131, 2046295.683261651312932 ] ] } },
{ "type": "Feature", "properties": { "road_id": "RN_ROAD_00329", "osm_id": "1118583005", "road_class": "residential", "name": "", "oneway": false, "lanes": "", "maxspeed": "", "surface": null, "bridge": "", "tunnel": null, "access": "", "length_m": 53.8 }, "geometry": { "type": "LineString", "coordinates": [ [ 377610.076685174019076, 2046332.12088851374574 ], [ 377633.002185964433011, 2046283.447181626223028 ] ] } },
{ "type": "Feature", "properties": { "road_id": "RN_ROAD_00330", "osm_id": "206225454", "road_class": "residential", "name": "", "oneway": false, "lanes": "", "maxspeed": "", "surface": null, "bridge": "", "tunnel": null, "access": "", "length_m": 37.88 }, "geometry": { "type": "LineString", "coordinates": [ [ 377718.405568060523365, 2046350.880255555501208 ], [ 377718.378372140054125, 2046321.963751147966832 ], [ 377718.806569041509647, 2046313.008231485495344 ] ] } },
{ "type": "Feature", "properties": { "road_id": "RN_ROAD_00331", "osm_id": "220562881", "road_class": "residential", "name": "Krushnaji Gopal Ghanekar Path", "oneway": false, "lanes": "", "maxspeed": "", "surface": null, "bridge": "", "tunnel": null, "access": "", "length_m": 54.09 }, "geometry": { "type": "LineString", "coordinates": [ [ 377664.338028931117151, 2046352.477812258061022 ], [ 377718.405568060523365, 2046350.880255555501208 ] ] } },
{ "type": "Feature", "properties": { "road_id": "RN_ROAD_00332", "osm_id": "206225454", "road_class": "residential", "name": "", "oneway": false, "lanes": "", "maxspeed": "", "surface": null, "bridge": "", "tunnel": null, "access": "", "length_m": 40.3 }, "geometry": { "type": "LineString", "coordinates": [ [ 377718.463611934741493, 2046391.183958153706044 ], [ 377718.405568060523365, 2046350.880255555501208 ] ] } },
{ "type": "Feature", "properties": { "road_id": "RN_ROAD_00333", "osm_id": "206225459", "road_class": "residential", "name": "", "oneway": false, "lanes": "", "maxspeed": "", "surface": null, "bridge": "", "tunnel": null, "access": "", "length_m": 40.39 }, "geometry": { "type": "LineString", "coordinates": [ [ 377665.336301125469618, 2046392.852950831176713 ], [ 377664.338028931117151, 2046352.477812258061022 ] ] } },
{ "type": "Feature", "properties": { "road_id": "RN_ROAD_00334", "osm_id": "206225455", "road_class": "residential", "name": "", "oneway": true, "lanes": "", "maxspeed": "", "surface": null, "bridge": "", "tunnel": null, "access": "", "length_m": 28.06 }, "geometry": { "type": "LineString", "coordinates": [ [ 377779.072349863126874, 2046286.814595218282193 ], [ 377777.594460922759026, 2046314.833296428900212 ] ] } },
{ "type": "Feature", "properties": { "road_id": "RN_ROAD_00335", "osm_id": "210718031", "road_class": "residential", "name": "", "oneway": false, "lanes": "", "maxspeed": "", "surface": null, "bridge": "", "tunnel": null, "access": "", "length_m": 26.54 }, "geometry": { "type": "LineString", "coordinates": [ [ 377831.301589088223409, 2046288.294572178740054 ], [ 377831.260568835481536, 2046314.832212694687769 ] ] } },
{ "type": "Feature", "properties": { "road_id": "RN_ROAD_00336", "osm_id": "855214427", "road_class": "residential", "name": "", "oneway": false, "lanes": "", "maxspeed": "", "surface": null, "bridge": "", "tunnel": null, "access": "", "length_m": 58.82 }, "geometry": { "type": "LineString", "coordinates": [ [ 377777.594460922759026, 2046314.833296428900212 ], [ 377718.806569041509647, 2046313.008231485495344 ] ] } },
{ "type": "Feature", "properties": { "road_id": "RN_ROAD_00337", "osm_id": "210718048", "road_class": "residential", "name": "", "oneway": false, "lanes": "", "maxspeed": "", "surface": null, "bridge": "", "tunnel": null, "access": "", "length_m": 53.67 }, "geometry": { "type": "LineString", "coordinates": [ [ 377831.260568835481536, 2046314.832212694687769 ], [ 377777.594460922759026, 2046314.833296428900212 ] ] } },
{ "type": "Feature", "properties": { "road_id": "RN_ROAD_00338", "osm_id": "210718048", "road_class": "residential", "name": "", "oneway": false, "lanes": "", "maxspeed": "", "surface": null, "bridge": "", "tunnel": null, "access": "", "length_m": 48.09 }, "geometry": { "type": "LineString", "coordinates": [ [ 377879.352081558783539, 2046314.833806041860953 ], [ 377831.260568835481536, 2046314.832212694687769 ] ] } },
{ "type": "Feature", "properties": { "road_id": "RN_ROAD_00339", "osm_id": "215776150", "road_class": "residential", "name": "", "oneway": false, "lanes": "", "maxspeed": "", "surface": null, "bridge": "", "tunnel": null, "access": "", "length_m": 47.93 }, "geometry": { "type": "LineString", "coordinates": [ [ 377882.435362273419742, 2046362.665424481034279 ], [ 377879.352081558783539, 2046314.833806041860953 ] ] } },
{ "type": "Feature", "properties": { "road_id": "RN_ROAD_00340", "osm_id": "210718031", "road_class": "residential", "name": "", "oneway": false, "lanes": "", "maxspeed": "", "surface": null, "bridge": "", "tunnel": null, "access": "", "length_m": 74.51 }, "geometry": { "type": "LineString", "coordinates": [ [ 377830.809206769336015, 2046389.34560357267037 ], [ 377831.260568835481536, 2046314.832212694687769 ] ] } },
{ "type": "Feature", "properties": { "road_id": "RN_ROAD_00341", "osm_id": "206225455", "road_class": "residential", "name": "", "oneway": true, "lanes": "", "maxspeed": "", "surface": null, "bridge": "", "tunnel": null, "access": "", "length_m": 75.74 }, "geometry": { "type": "LineString", "coordinates": [ [ 377777.594460922759026, 2046314.833296428900212 ], [ 377773.613578027463518, 2046390.464922081911936 ] ] } },
{ "type": "Feature", "properties": { "road_id": "RN_ROAD_00342", "osm_id": "215776150", "road_class": "residential", "name": "", "oneway": false, "lanes": "", "maxspeed": "", "surface": null, "bridge": "", "tunnel": null, "access": "", "length_m": 27.23 }, "geometry": { "type": "LineString", "coordinates": [ [ 377883.76044877723325, 2046389.858294852776453 ], [ 377882.435362273419742, 2046362.665424481034279 ] ] } },
{ "type": "Feature", "properties": { "road_id": "RN_ROAD_00343", "osm_id": "1296619254", "road_class": "residential", "name": "Kushaba Ganapati Ovhal Path", "oneway": false, "lanes": "", "maxspeed": "", "surface": null, "bridge": "", "tunnel": null, "access": "", "length_m": 57.21 }, "geometry": { "type": "LineString", "coordinates": [ [ 377830.809206769336015, 2046389.34560357267037 ], [ 377773.613578027463518, 2046390.464922081911936 ] ] } },
{ "type": "Feature", "properties": { "road_id": "RN_ROAD_00344", "osm_id": "68338295", "road_class": "tertiary", "name": "Dattawadi Road", "oneway": false, "lanes": "", "maxspeed": "", "surface": null, "bridge": "", "tunnel": null, "access": "", "length_m": 131.9 }, "geometry": { "type": "LineString", "coordinates": [ [ 377423.505633804597892, 2046404.134533955249935 ], [ 377423.79553699248936, 2046393.398184508318081 ], [ 377433.650659959064797, 2046272.643782917177305 ] ] } },
{ "type": "Feature", "properties": { "road_id": "RN_ROAD_00345", "osm_id": "68338295", "road_class": "tertiary", "name": "Dattawadi Road", "oneway": false, "lanes": "", "maxspeed": "", "surface": null, "bridge": "", "tunnel": null, "access": "", "length_m": 14.59 }, "geometry": { "type": "LineString", "coordinates": [ [ 377423.198274900438264, 2046418.722130557755008 ], [ 377423.505633804597892, 2046404.134533955249935 ] ] } },
{ "type": "Feature", "properties": { "road_id": "RN_ROAD_00346", "osm_id": "616969427", "road_class": "residential", "name": "Oval Path", "oneway": true, "lanes": "", "maxspeed": "", "surface": null, "bridge": "", "tunnel": null, "access": "", "length_m": 50.88 }, "geometry": { "type": "LineString", "coordinates": [ [ 377522.539574492548127, 2046396.016771117690951 ], [ 377512.418330448737834, 2046445.880971844308078 ] ] } },
{ "type": "Feature", "properties": { "road_id": "RN_ROAD_00347", "osm_id": [ 206412009, 207872434, 207872431 ], "road_class": "secondary", "name": "Anant Kanhere Path", "oneway": true, "lanes": "2", "maxspeed": "", "surface": null, "bridge": "yes", "tunnel": null, "access": "", "length_m": 77.65 }, "geometry": { "type": "LineString", "coordinates": [ [ 377490.139104293601122, 2046440.634831558447331 ], [ 377480.499673320562579, 2046434.056925402954221 ], [ 377440.001248756074347, 2046406.418784518027678 ], [ 377433.682483953656629, 2046403.980537408497185 ], [ 377423.505633804597892, 2046404.134533955249935 ] ] } },
{ "type": "Feature", "properties": { "road_id": "RN_ROAD_00348", "osm_id": [ 207872432, 207872433, 245590247 ], "road_class": "secondary", "name": "Anant Kanhere Path", "oneway": true, "lanes": "2", "maxspeed": "", "surface": null, "bridge": "yes", "tunnel": null, "access": "", "length_m": 70.49 }, "geometry": { "type": "LineString", "coordinates": [ [ 377423.198274900438264, 2046418.722130557755008 ], [ 377439.838694688805845, 2046425.46523952181451 ], [ 377479.867453075537924, 2046437.535864481702447 ], [ 377490.139104293601122, 2046440.634831558447331 ] ] } },
{ "type": "Feature", "properties": { "road_id": "RN_ROAD_00349", "osm_id": "207872428", "road_class": "secondary", "name": "Anant Kanhere Path", "oneway": false, "lanes": "2", "maxspeed": "", "surface": null, "bridge": "", "tunnel": null, "access": "", "length_m": 22.89 }, "geometry": { "type": "LineString", "coordinates": [ [ 377512.418330448737834, 2046445.880971844308078 ], [ 377490.139104293601122, 2046440.634831558447331 ] ] } },
{ "type": "Feature", "properties": { "road_id": "RN_ROAD_00350", "osm_id": "206225445", "road_class": "residential", "name": "Oval Path", "oneway": false, "lanes": "", "maxspeed": "", "surface": null, "bridge": "", "tunnel": null, "access": "", "length_m": 51.53 }, "geometry": { "type": "LineString", "coordinates": [ [ 377499.467684217495844, 2046495.752308146562427 ], [ 377512.418330448737834, 2046445.880971844308078 ] ] } },
{ "type": "Feature", "properties": { "road_id": "RN_ROAD_00351", "osm_id": "206225445", "road_class": "residential", "name": "Oval Path", "oneway": false, "lanes": "", "maxspeed": "", "surface": null, "bridge": "", "tunnel": null, "access": "", "length_m": 9.61 }, "geometry": { "type": "LineString", "coordinates": [ [ 377499.413307997165248, 2046505.358359924051911 ], [ 377499.467684217495844, 2046495.752308146562427 ] ] } },
{ "type": "Feature", "properties": { "road_id": "RN_ROAD_00352", "osm_id": "215776039", "road_class": "residential", "name": "", "oneway": false, "lanes": "", "maxspeed": "", "surface": null, "bridge": "", "tunnel": null, "access": "", "length_m": 31.32 }, "geometry": { "type": "LineString", "coordinates": [ [ 377468.104023244755808, 2046506.190472781891003 ], [ 377499.413307997165248, 2046505.358359924051911 ] ] } },
{ "type": "Feature", "properties": { "road_id": "RN_ROAD_00353", "osm_id": "206225445", "road_class": "residential", "name": "Oval Path", "oneway": false, "lanes": "", "maxspeed": "", "surface": null, "bridge": "", "tunnel": null, "access": "", "length_m": 36.63 }, "geometry": { "type": "LineString", "coordinates": [ [ 377499.413307997165248, 2046505.358359924051911 ], [ 377500.197792419814505, 2046541.983356359181926 ] ] } },
{ "type": "Feature", "properties": { "road_id": "RN_ROAD_00354", "osm_id": "220562881", "road_class": "residential", "name": "Krushnaji Gopal Ghanekar Path", "oneway": false, "lanes": "", "maxspeed": "", "surface": null, "bridge": "", "tunnel": null, "access": "", "length_m": 155.53 }, "geometry": { "type": "LineString", "coordinates": [ [ 377522.539574492548127, 2046396.016771117690951 ], [ 377523.173552202351857, 2046394.452323082368821 ], [ 377528.162055935652461, 2046382.114338991697878 ], [ 377552.477095930313226, 2046372.274907127721235 ], [ 377583.644266110030003, 2046362.435751575278118 ], [ 377626.31548930273857, 2046353.596212433418259 ], [ 377664.338028931117151, 2046352.477812258061022 ] ] } },
{ "type": "Feature", "properties": { "road_id": "RN_ROAD_00355", "osm_id": "229849147", "road_class": "residential", "name": "Kushaba Ganapati Ovhal Path", "oneway": true, "lanes": "", "maxspeed": "", "surface": null, "bridge": "", "tunnel": null, "access": "", "length_m": 53.15 }, "geometry": { "type": "LineString", "coordinates": [ [ 377718.463611934741493, 2046391.183958153706044 ], [ 377665.336301125469618, 2046392.852950831176713 ] ] } },
{ "type": "Feature", "properties": { "road_id": "RN_ROAD_00356", "osm_id": "229849147", "road_class": "residential", "name": "Kushaba Ganapati Ovhal Path", "oneway": true, "lanes": "", "maxspeed": "", "surface": null, "bridge": "", "tunnel": null, "access": "", "length_m": 142.83 }, "geometry": { "type": "LineString", "coordinates": [ [ 377665.336301125469618, 2046392.852950831176713 ], [ 377522.539574492548127, 2046396.016771117690951 ] ] } },
{ "type": "Feature", "properties": { "road_id": "RN_ROAD_00357", "osm_id": "206225459", "road_class": "residential", "name": "", "oneway": false, "lanes": "", "maxspeed": "", "surface": null, "bridge": "", "tunnel": null, "access": "", "length_m": 51.19 }, "geometry": { "type": "LineString", "coordinates": [ [ 377665.401030058972538, 2046444.046025964664295 ], [ 377665.336301125469618, 2046392.852950831176713 ] ] } },
{ "type": "Feature", "properties": { "road_id": "RN_ROAD_00358", "osm_id": "207872428", "road_class": "secondary", "name": "Anant Kanhere Path", "oneway": false, "lanes": "2", "maxspeed": "", "surface": null, "bridge": "", "tunnel": null, "access": "", "length_m": 22.11 }, "geometry": { "type": "LineString", "coordinates": [ [ 377744.445174189284444, 2046440.318351428024471 ], [ 377722.353311797778588, 2046441.223697651177645 ] ] } },
{ "type": "Feature", "properties": { "road_id": "RN_ROAD_00359", "osm_id": "207872428", "road_class": "secondary", "name": "Anant Kanhere Path", "oneway": false, "lanes": "2", "maxspeed": "", "surface": null, "bridge": "", "tunnel": null, "access": "", "length_m": 26.19 }, "geometry": { "type": "LineString", "coordinates": [ [ 377696.199171961401589, 2046442.520337586523965 ], [ 377722.353311797778588, 2046441.223697651177645 ] ] } },
{ "type": "Feature", "properties": { "road_id": "RN_ROAD_00360", "osm_id": "207872428", "road_class": "secondary", "name": "Anant Kanhere Path", "oneway": false, "lanes": "2", "maxspeed": "", "surface": null, "bridge": "", "tunnel": null, "access": "", "length_m": 30.84 }, "geometry": { "type": "LineString", "coordinates": [ [ 377696.199171961401589, 2046442.520337586523965 ], [ 377665.401030058972538, 2046444.046025964664295 ] ] } },
{ "type": "Feature", "properties": { "road_id": "RN_ROAD_00361", "osm_id": "207872428", "road_class": "secondary", "name": "Anant Kanhere Path", "oneway": false, "lanes": "2", "maxspeed": "", "surface": null, "bridge": "", "tunnel": null, "access": "", "length_m": 153.03 }, "geometry": { "type": "LineString", "coordinates": [ [ 377665.401030058972538, 2046444.046025964664295 ], [ 377646.876099003711715, 2046444.696163395419717 ], [ 377561.51799834909616, 2046446.727380068041384 ], [ 377512.418330448737834, 2046445.880971844308078 ] ] } },
{ "type": "Feature", "properties": { "road_id": "RN_ROAD_00362", "osm_id": "229849152", "road_class": "residential", "name": "Sant Tukaram Maharaj Road", "oneway": false, "lanes": "", "maxspeed": "", "surface": null, "bridge": "", "tunnel": null, "access": "", "length_m": 46.13 }, "geometry": { "type": "LineString", "coordinates": [ [ 377666.087788253440522, 2046490.166666184552014 ], [ 377665.401030058972538, 2046444.046025964664295 ] ] } },
{ "type": "Feature", "properties": { "road_id": "RN_ROAD_00363", "osm_id": "1118593960", "road_class": "residential", "name": "", "oneway": false, "lanes": "", "maxspeed": "", "surface": null, "bridge": "", "tunnel": null, "access": "", "length_m": 76.74 }, "geometry": { "type": "LineString", "coordinates": [ [ 377744.314626139530446, 2046517.054076962638646 ], [ 377744.445174189284444, 2046440.318351428024471 ] ] } },
{ "type": "Feature", "properties": { "road_id": "RN_ROAD_00364", "osm_id": "1296619254", "road_class": "residential", "name": "Kushaba Ganapati Ovhal Path", "oneway": false, "lanes": "", "maxspeed": "", "surface": null, "bridge": "", "tunnel": null, "access": "", "length_m": 52.95 }, "geometry": { "type": "LineString", "coordinates": [ [ 377830.809206769336015, 2046389.34560357267037 ], [ 377883.76044877723325, 2046389.858294852776453 ] ] } },
{ "type": "Feature", "properties": { "road_id": "RN_ROAD_00365", "osm_id": "229849147", "road_class": "residential", "name": "Kushaba Ganapati Ovhal Path", "oneway": true, "lanes": "", "maxspeed": "", "surface": null, "bridge": "", "tunnel": null, "access": "", "length_m": 55.15 }, "geometry": { "type": "LineString", "coordinates": [ [ 377773.613578027463518, 2046390.464922081911936 ], [ 377718.463611934741493, 2046391.183958153706044 ] ] } },
{ "type": "Feature", "properties": { "road_id": "RN_ROAD_00366", "osm_id": "215776150", "road_class": "residential", "name": "", "oneway": false, "lanes": "", "maxspeed": "", "surface": null, "bridge": "", "tunnel": null, "access": "", "length_m": 45.59 }, "geometry": { "type": "LineString", "coordinates": [ [ 377885.931584388192277, 2046435.393937660148367 ], [ 377883.76044877723325, 2046389.858294852776453 ] ] } },
{ "type": "Feature", "properties": { "road_id": "RN_ROAD_00367", "osm_id": "1296619253", "road_class": "residential", "name": "", "oneway": true, "lanes": "", "maxspeed": "", "surface": null, "bridge": "", "tunnel": null, "access": "", "length_m": 48.69 }, "geometry": { "type": "LineString", "coordinates": [ [ 377773.613578027463518, 2046390.464922081911936 ], [ 377773.421720417856704, 2046416.516613573767245 ], [ 377773.408129853603896, 2046417.689746156800538 ], [ 377773.25016109587159, 2046439.148637454258278 ] ] } },
{ "type": "Feature", "properties": { "road_id": "RN_ROAD_00368", "osm_id": "207872428", "road_class": "secondary", "name": "Anant Kanhere Path", "oneway": false, "lanes": "2", "maxspeed": "", "surface": null, "bridge": "", "tunnel": null, "access": "", "length_m": 31.22 }, "geometry": { "type": "LineString", "coordinates": [ [ 377854.7300529073691, 2046436.578843392431736 ], [ 377858.994698269409128, 2046436.462973827961832 ], [ 377885.931584388192277, 2046435.393937660148367 ] ] } },
{ "type": "Feature", "properties": { "road_id": "RN_ROAD_00369", "osm_id": "207872428", "road_class": "secondary", "name": "Anant Kanhere Path", "oneway": false, "lanes": "2", "maxspeed": "", "surface": null, "bridge": "", "tunnel": null, "access": "", "length_m": 37.55 }, "geometry": { "type": "LineString", "coordinates": [ [ 377854.7300529073691, 2046436.578843392431736 ], [ 377817.192698985687457, 2046437.594164589419961 ] ] } },
{ "type": "Feature", "properties": { "road_id": "RN_ROAD_00370", "osm_id": "207872428", "road_class": "secondary", "name": "Anant Kanhere Path", "oneway": false, "lanes": "2", "maxspeed": "", "surface": null, "bridge": "", "tunnel": null, "access": "", "length_m": 43.97 }, "geometry": { "type": "LineString", "coordinates": [ [ 377817.192698985687457, 2046437.594164589419961 ], [ 377773.25016109587159, 2046439.148637454258278 ] ] } },
{ "type": "Feature", "properties": { "road_id": "RN_ROAD_00371", "osm_id": "207872428", "road_class": "secondary", "name": "Anant Kanhere Path", "oneway": false, "lanes": "2", "maxspeed": "", "surface": null, "bridge": "", "tunnel": null, "access": "", "length_m": 5.85 }, "geometry": { "type": "LineString", "coordinates": [ [ 377767.402606690418907, 2046439.385345310671255 ], [ 377773.25016109587159, 2046439.148637454258278 ] ] } },
{ "type": "Feature", "properties": { "road_id": "RN_ROAD_00372", "osm_id": "207872428", "road_class": "secondary", "name": "Anant Kanhere Path", "oneway": false, "lanes": "2", "maxspeed": "", "surface": null, "bridge": "", "tunnel": null, "access": "", "length_m": 22.98 }, "geometry": { "type": "LineString", "coordinates": [ [ 377744.445174189284444, 2046440.318351428024471 ], [ 377767.402606690418907, 2046439.385345310671255 ] ] } },
{ "type": "Feature", "properties": { "road_id": "RN_ROAD_00373", "osm_id": "1118547898", "road_class": "residential", "name": "", "oneway": false, "lanes": "", "maxspeed": "", "surface": null, "bridge": "", "tunnel": null, "access": "", "length_m": 57.62 }, "geometry": { "type": "LineString", "coordinates": [ [ 377856.229006744979415, 2046494.181243605678901 ], [ 377854.7300529073691, 2046436.578843392431736 ] ] } },
{ "type": "Feature", "properties": { "road_id": "RN_ROAD_00374", "osm_id": "1187542548", "road_class": "residential", "name": "Bala Raut Path", "oneway": false, "lanes": "", "maxspeed": "", "surface": null, "bridge": "", "tunnel": null, "access": "", "length_m": 100.86 }, "geometry": { "type": "LineString", "coordinates": [ [ 377767.402606690418907, 2046439.385345310671255 ], [ 377767.913060384453274, 2046469.582458324031904 ], [ 377767.057149208034389, 2046540.236276139505208 ] ] } },
{ "type": "Feature", "properties": { "road_id": "RN_ROAD_00375", "osm_id": "229849143", "road_class": "residential", "name": "Dattatrey Malvadkar Path", "oneway": false, "lanes": "", "maxspeed": "", "surface": null, "bridge": "", "tunnel": null, "access": "", "length_m": 103.95 }, "geometry": { "type": "LineString", "coordinates": [ [ 377821.458961782744154, 2046541.458782117580995 ], [ 377817.192698985687457, 2046437.594164589419961 ] ] } },
{ "type": "Feature", "properties": { "road_id": "RN_ROAD_00376", "osm_id": "215776150", "road_class": "residential", "name": "", "oneway": false, "lanes": "", "maxspeed": "", "surface": null, "bridge": "", "tunnel": null, "access": "", "length_m": 33.3 }, "geometry": { "type": "LineString", "coordinates": [ [ 377883.474936501297634, 2046513.339711777633056 ], [ 377885.058305493264925, 2046496.818401068914682 ], [ 377886.271246116317343, 2046480.155600974336267 ] ] } },
{ "type": "Feature", "properties": { "road_id": "RN_ROAD_00377", "osm_id": "210718009", "road_class": "residential", "name": "", "oneway": false, "lanes": "", "maxspeed": "", "surface": null, "bridge": "", "tunnel": null, "access": "", "length_m": 54.42 }, "geometry": { "type": "LineString", "coordinates": [ [ 377821.458961782744154, 2046541.458782117580995 ], [ 377767.057149208034389, 2046540.236276139505208 ] ] } },
{ "type": "Feature", "properties": { "road_id": "RN_ROAD_00378", "osm_id": "1187542548", "road_class": "residential", "name": "Bala Raut Path", "oneway": false, "lanes": "", "maxspeed": "", "surface": null, "bridge": "", "tunnel": null, "access": "", "length_m": 17.26 }, "geometry": { "type": "LineString", "coordinates": [ [ 377766.386509613541421, 2046557.48213535384275 ], [ 377767.057149208034389, 2046540.236276139505208 ] ] } },
{ "type": "Feature", "properties": { "road_id": "RN_ROAD_00379", "osm_id": "229849143", "road_class": "residential", "name": "Dattatrey Malvadkar Path", "oneway": false, "lanes": "", "maxspeed": "", "surface": null, "bridge": "", "tunnel": null, "access": "", "length_m": 64.53 }, "geometry": { "type": "LineString", "coordinates": [ [ 377825.672685861587524, 2046605.849659443367273 ], [ 377821.458961782744154, 2046541.458782117580995 ] ] } },
{ "type": "Feature", "properties": { "road_id": "RN_ROAD_00380", "osm_id": "1187542548", "road_class": "residential", "name": "Bala Raut Path", "oneway": false, "lanes": "", "maxspeed": "", "surface": null, "bridge": "", "tunnel": null, "access": "", "length_m": 50.22 }, "geometry": { "type": "LineString", "coordinates": [ [ 377764.343479387520347, 2046607.659542893292382 ], [ 377766.386509613541421, 2046557.48213535384275 ] ] } },
{ "type": "Feature", "properties": { "road_id": "RN_ROAD_00381", "osm_id": "282102086", "road_class": "residential", "name": "", "oneway": false, "lanes": "", "maxspeed": "", "surface": null, "bridge": "", "tunnel": null, "access": "", "length_m": 61.36 }, "geometry": { "type": "LineString", "coordinates": [ [ 377764.343479387520347, 2046607.659542893292382 ], [ 377825.672685861587524, 2046605.849659443367273 ] ] } },
{ "type": "Feature", "properties": { "road_id": "RN_ROAD_00382", "osm_id": "1187542550", "road_class": "residential", "name": "Dattatrey Malvadkar Path", "oneway": false, "lanes": "", "maxspeed": "", "surface": null, "bridge": "", "tunnel": null, "access": "", "length_m": 12.59 }, "geometry": { "type": "LineString", "coordinates": [ [ 377825.672685861587524, 2046605.849659443367273 ], [ 377825.098742044647224, 2046618.42484557791613 ] ] } },
{ "type": "Feature", "properties": { "road_id": "RN_ROAD_00383", "osm_id": "1187542550", "road_class": "residential", "name": "Dattatrey Malvadkar Path", "oneway": false, "lanes": "", "maxspeed": "", "surface": null, "bridge": "", "tunnel": null, "access": "", "length_m": 34.97 }, "geometry": { "type": "LineString", "coordinates": [ [ 377825.65026187361218, 2046653.391343050869182 ], [ 377825.499530243338086, 2046636.471682206960395 ], [ 377825.098742044647224, 2046618.42484557791613 ] ] } },
{ "type": "Feature", "properties": { "road_id": "RN_ROAD_00384", "osm_id": "206225421", "road_class": "residential", "name": "Navi Peth", "oneway": false, "lanes": "", "maxspeed": "", "surface": null, "bridge": "", "tunnel": null, "access": "", "length_m": 166.71 }, "geometry": { "type": "LineString", "coordinates": [ [ 377499.467684217495844, 2046495.752308146562427 ], [ 377666.087788253440522, 2046490.166666184552014 ] ] } },
{ "type": "Feature", "properties": { "road_id": "RN_ROAD_00385", "osm_id": "210717997", "road_class": "residential", "name": "Bapu Eliya Ranbhise Path", "oneway": false, "lanes": "", "maxspeed": "", "surface": null, "bridge": "", "tunnel": null, "access": "", "length_m": 114.75 }, "geometry": { "type": "LineString", "coordinates": [ [ 377722.22398253006395, 2046555.972743227845058 ], [ 377722.353311797778588, 2046441.223697651177645 ] ] } },
{ "type": "Feature", "properties": { "road_id": "RN_ROAD_00386", "osm_id": "1118583288", "road_class": "residential", "name": "", "oneway": false, "lanes": "", "maxspeed": "", "surface": null, "bridge": "", "tunnel": null, "access": "", "length_m": 113.75 }, "geometry": { "type": "LineString", "coordinates": [ [ 377696.199171961401589, 2046442.520337586523965 ], [ 377696.053050170768984, 2046556.27351900935173 ] ] } },
{ "type": "Feature", "properties": { "road_id": "RN_ROAD_00387", "osm_id": "229849152", "road_class": "residential", "name": "Sant Tukaram Maharaj Road", "oneway": false, "lanes": "", "maxspeed": "", "surface": null, "bridge": "", "tunnel": null, "access": "", "length_m": 46.59 }, "geometry": { "type": "LineString", "coordinates": [ [ 377666.207435113028623, 2046536.755741323111579 ], [ 377666.087788253440522, 2046490.166666184552014 ] ] } },
{ "type": "Feature", "properties": { "road_id": "RN_ROAD_00388", "osm_id": "206225424", "road_class": "residential", "name": "Oval Path", "oneway": false, "lanes": "", "maxspeed": "", "surface": null, "bridge": "", "tunnel": null, "access": "", "length_m": 166.09 }, "geometry": { "type": "LineString", "coordinates": [ [ 377500.197792419814505, 2046541.983356359181926 ], [ 377666.207435113028623, 2046536.755741323111579 ] ] } },
{ "type": "Feature", "properties": { "road_id": "RN_ROAD_00389", "osm_id": "229849152", "road_class": "residential", "name": "Sant Tukaram Maharaj Road", "oneway": false, "lanes": "", "maxspeed": "", "surface": null, "bridge": "", "tunnel": null, "access": "", "length_m": 19.88 }, "geometry": { "type": "LineString", "coordinates": [ [ 377666.38783106819028, 2046556.629965787986293 ], [ 377666.207435113028623, 2046536.755741323111579 ] ] } },
{ "type": "Feature", "properties": { "road_id": "RN_ROAD_00390", "osm_id": "1118583287", "road_class": "residential", "name": "", "oneway": false, "lanes": "", "maxspeed": "", "surface": null, "bridge": "", "tunnel": null, "access": "", "length_m": 26.17 }, "geometry": { "type": "LineString", "coordinates": [ [ 377696.053050170768984, 2046556.27351900935173 ], [ 377722.22398253006395, 2046555.972743227845058 ] ] } },
{ "type": "Feature", "properties": { "road_id": "RN_ROAD_00391", "osm_id": "1118583287", "road_class": "residential", "name": "", "oneway": false, "lanes": "", "maxspeed": "", "surface": null, "bridge": "", "tunnel": null, "access": "", "length_m": 29.67 }, "geometry": { "type": "LineString", "coordinates": [ [ 377696.053050170768984, 2046556.27351900935173 ], [ 377666.38783106819028, 2046556.629965787986293 ] ] } },
{ "type": "Feature", "properties": { "road_id": "RN_ROAD_00392", "osm_id": "229849160", "road_class": "residential", "name": "", "oneway": false, "lanes": "", "maxspeed": "", "surface": null, "bridge": "", "tunnel": null, "access": "", "length_m": 44.19 }, "geometry": { "type": "LineString", "coordinates": [ [ 377766.386509613541421, 2046557.48213535384275 ], [ 377722.22398253006395, 2046555.972743227845058 ] ] } },
{ "type": "Feature", "properties": { "road_id": "RN_ROAD_00393", "osm_id": [ 855214429, 210718005 ], "road_class": "residential", "name": "", "oneway": false, "lanes": "", "maxspeed": "", "surface": null, "bridge": "", "tunnel": null, "access": "", "length_m": 220.03 }, "geometry": { "type": "LineString", "coordinates": [ [ 377714.829951788298786, 2046775.833510478725657 ], [ 377716.959501556179021, 2046665.144060162128881 ], [ 377718.806955706328154, 2046609.191194155951962 ], [ 377721.234748984628823, 2046577.857502438127995 ], [ 377722.22398253006395, 2046555.972743227845058 ] ] } },
{ "type": "Feature", "properties": { "road_id": "RN_ROAD_00394", "osm_id": "1464087877", "road_class": "primary", "name": "Lalbahadur Shashtri Marg", "oneway": true, "lanes": "2", "maxspeed": "", "surface": null, "bridge": "", "tunnel": null, "access": "", "length_m": 83.34 }, "geometry": { "type": "LineString", "coordinates": [ [ 378100.052945106232073, 2046255.011929185362533 ], [ 378099.236646994890179, 2046261.092633351916447 ], [ 378098.341613452939782, 2046269.719125362345949 ], [ 378096.164229245390743, 2046290.792513852473348 ], [ 378093.96717973559862, 2046307.140653691021726 ], [ 378089.865740125300363, 2046337.721370631596074 ] ] } },
{ "type": "Feature", "properties": { "road_id": "RN_ROAD_00395", "osm_id": "1118592969", "road_class": "residential", "name": "", "oneway": false, "lanes": "", "maxspeed": "", "surface": null, "bridge": "", "tunnel": null, "access": "", "length_m": 51.87 }, "geometry": { "type": "LineString", "coordinates": [ [ 378155.306062563962769, 2046318.257447408977896 ], [ 378111.441626056097448, 2046310.603333523264155 ], [ 378104.211929777869955, 2046309.343738724011928 ] ] } },
{ "type": "Feature", "properties": { "road_id": "RN_ROAD_00396", "osm_id": "855214428", "road_class": "residential", "name": "", "oneway": false, "lanes": "", "maxspeed": "", "surface": null, "bridge": "", "tunnel": null, "access": "", "length_m": 75.56 }, "geometry": { "type": "LineString", "coordinates": [ [ 378089.865740125300363, 2046337.721370631596074 ], [ 378015.596539491205476, 2046323.799214720958844 ] ] } },
{ "type": "Feature", "properties": { "road_id": "RN_ROAD_00397", "osm_id": "1160401290", "road_class": "primary", "name": "Lalbahadur Shashtri Marg", "oneway": true, "lanes": "2", "maxspeed": "", "surface": null, "bridge": "", "tunnel": null, "access": "", "length_m": 77.31 }, "geometry": { "type": "LineString", "coordinates": [ [ 378090.032644342456479, 2046385.261788110947236 ], [ 378096.098151421814691, 2046361.330508888699114 ], [ 378098.801670082728378, 2046344.934862272348255 ], [ 378104.211929777869955, 2046309.343738724011928 ] ] } },
{ "type": "Feature", "properties": { "road_id": "RN_ROAD_00398", "osm_id": "206492443", "road_class": "residential", "name": "", "oneway": false, "lanes": "", "maxspeed": "", "surface": null, "bridge": "", "tunnel": null, "access": "", "length_m": 76.58 }, "geometry": { "type": "LineString", "coordinates": [ [ 378155.306062563962769, 2046318.257447408977896 ], [ 378135.074264147784561, 2046392.111529493471608 ] ] } },
{ "type": "Feature", "properties": { "road_id": "RN_ROAD_00399", "osm_id": "1464087877", "road_class": "primary", "name": "Lalbahadur Shashtri Marg", "oneway": true, "lanes": "2", "maxspeed": "", "surface": null, "bridge": "", "tunnel": null, "access": "", "length_m": 37.05 }, "geometry": { "type": "LineString", "coordinates": [ [ 378089.865740125300363, 2046337.721370631596074 ], [ 378085.504747201339342, 2046359.085394726833329 ], [ 378081.756201076321304, 2046373.860961961327121 ] ] } },
{ "type": "Feature", "properties": { "road_id": "RN_ROAD_00400", "osm_id": "1118593962", "road_class": "residential", "name": "", "oneway": false, "lanes": "", "maxspeed": "", "surface": null, "bridge": "", "tunnel": null, "access": "", "length_m": 29.53 }, "geometry": { "type": "LineString", "coordinates": [ [ 378053.780595909338444, 2046364.412163862492889 ], [ 378081.756201076321304, 2046373.860961961327121 ] ] } },
{ "type": "Feature", "properties": { "road_id": "RN_ROAD_00401", "osm_id": "1464087877", "road_class": "primary", "name": "Lalbahadur Shashtri Marg", "oneway": true, "lanes": "2", "maxspeed": "", "surface": null, "bridge": "", "tunnel": null, "access": "", "length_m": 21.93 }, "geometry": { "type": "LineString", "coordinates": [ [ 378081.756201076321304, 2046373.860961961327121 ], [ 378078.121173923311289, 2046388.226345339557156 ], [ 378075.93673912785016, 2046394.990860039368272 ] ] } },
{ "type": "Feature", "properties": { "road_id": "RN_ROAD_00402", "osm_id": "206492452", "road_class": "residential", "name": "Pradeep Deshpande Path", "oneway": false, "lanes": "", "maxspeed": "", "surface": null, "bridge": "", "tunnel": null, "access": "", "length_m": 45.67 }, "geometry": { "type": "LineString", "coordinates": [ [ 378135.074264147784561, 2046392.111529493471608 ], [ 378123.997067953518126, 2046391.806118645472452 ], [ 378114.504351988376584, 2046389.974474651739001 ], [ 378094.789527390967123, 2046386.172003022627905 ], [ 378090.032644342456479, 2046385.261788110947236 ] ] } },
{ "type": "Feature", "properties": { "road_id": "RN_ROAD_00403", "osm_id": "1118593961", "road_class": "residential", "name": "", "oneway": false, "lanes": "", "maxspeed": "", "surface": null, "bridge": "", "tunnel": null, "access": "", "length_m": 32.52 }, "geometry": { "type": "LineString", "coordinates": [ [ 378045.063382720923983, 2046384.774899987736717 ], [ 378075.93673912785016, 2046394.990860039368272 ] ] } },
{ "type": "Feature", "properties": { "road_id": "RN_ROAD_00404", "osm_id": "210718036", "road_class": "residential", "name": "", "oneway": false, "lanes": "", "maxspeed": "", "surface": null, "bridge": "", "tunnel": null, "access": "", "length_m": 22.85 }, "geometry": { "type": "LineString", "coordinates": [ [ 378471.339548819465563, 2046308.747278825379908 ], [ 378471.031244747515302, 2046331.590375646250322 ] ] } },
{ "type": "Feature", "properties": { "road_id": "RN_ROAD_00405", "osm_id": "210717998", "road_class": "residential", "name": "", "oneway": false, "lanes": "", "maxspeed": "", "surface": null, "bridge": "", "tunnel": null, "access": "", "length_m": 113.33 }, "geometry": { "type": "LineString", "coordinates": [ [ 378584.363782294094563, 2046332.184809457045048 ], [ 378471.031244747515302, 2046331.590375646250322 ] ] } },
{ "type": "Feature", "properties": { "road_id": "RN_ROAD_00406", "osm_id": "210718036", "road_class": "residential", "name": "", "oneway": false, "lanes": "", "maxspeed": "", "surface": null, "bridge": "", "tunnel": null, "access": "", "length_m": 29.86 }, "geometry": { "type": "LineString", "coordinates": [ [ 378471.031244747515302, 2046331.590375646250322 ], [ 378470.630442233348731, 2046361.450185705209151 ] ] } },
{ "type": "Feature", "properties": { "road_id": "RN_ROAD_00407", "osm_id": "53744580", "road_class": "tertiary", "name": "Madhavrao Peshve Marg", "oneway": false, "lanes": "", "maxspeed": "", "surface": null, "bridge": "", "tunnel": null, "access": "", "length_m": 151.43 }, "geometry": { "type": "LineString", "coordinates": [ [ 378470.630442233348731, 2046361.450185705209151 ], [ 378405.832337529631332, 2046350.86352788284421 ], [ 378360.967199233011343, 2046343.536163504468277 ], [ 378348.728340298868716, 2046341.533803781261668 ], [ 378320.838223127415404, 2046340.494571942137554 ] ] } },
{ "type": "Feature", "properties": { "road_id": "RN_ROAD_00408", "osm_id": "210718038", "road_class": "residential", "name": "", "oneway": false, "lanes": "", "maxspeed": "", "surface": null, "bridge": "", "tunnel": null, "access": "", "length_m": 38.98 }, "geometry": { "type": "LineString", "coordinates": [ [ 378584.168708984041587, 2046371.162037872942165 ], [ 378584.363782294094563, 2046332.184809457045048 ] ] } },
{ "type": "Feature", "properties": { "road_id": "RN_ROAD_00409", "osm_id": "206492444", "road_class": "residential", "name": "", "oneway": false, "lanes": "", "maxspeed": "", "surface": null, "bridge": "", "tunnel": null, "access": "", "length_m": 125.91 }, "geometry": { "type": "LineString", "coordinates": [ [ 378198.011994576780125, 2046336.277261891635135 ], [ 378233.17525372991804, 2046360.243782856035978 ], [ 378241.829712561098859, 2046364.725723563693464 ], [ 378313.097230970510282, 2046383.16088665695861 ] ] } },
{ "type": "Feature", "properties": { "road_id": "RN_ROAD_00410", "osm_id": "220562865", "road_class": "tertiary", "name": "Baburao Phule Path", "oneway": false, "lanes": "", "maxspeed": "", "surface": null, "bridge": "", "tunnel": null, "access": "", "length_m": 43.36 }, "geometry": { "type": "LineString", "coordinates": [ [ 378320.838223127415404, 2046340.494571942137554 ], [ 378313.097230970510282, 2046383.16088665695861 ] ] } },
{ "type": "Feature", "properties": { "road_id": "RN_ROAD_00411", "osm_id": "53744580", "road_class": "tertiary", "name": "Madhavrao Peshve Marg", "oneway": false, "lanes": "", "maxspeed": "", "surface": null, "bridge": "", "tunnel": null, "access": "", "length_m": 81.29 }, "geometry": { "type": "LineString", "coordinates": [ [ 378551.423995895078406, 2046370.430067144101486 ], [ 378518.112721051322296, 2046366.946221493184566 ], [ 378470.630442233348731, 2046361.450185705209151 ] ] } },
{ "type": "Feature", "properties": { "road_id": "RN_ROAD_00412", "osm_id": "206492447", "road_class": "residential", "name": "", "oneway": false, "lanes": "", "maxspeed": "", "surface": null, "bridge": "", "tunnel": null, "access": "", "length_m": 68.16 }, "geometry": { "type": "LineString", "coordinates": [ [ 378179.204828609246761, 2046401.78914486640133 ], [ 378198.011994576780125, 2046336.277261891635135 ] ] } },
{ "type": "Feature", "properties": { "road_id": "RN_ROAD_00413", "osm_id": "53744580", "road_class": "tertiary", "name": "Madhavrao Peshve Marg", "oneway": false, "lanes": "", "maxspeed": "", "surface": null, "bridge": "", "tunnel": null, "access": "", "length_m": 32.75 }, "geometry": { "type": "LineString", "coordinates": [ [ 378584.168708984041587, 2046371.162037872942165 ], [ 378551.423995895078406, 2046370.430067144101486 ] ] } },
{ "type": "Feature", "properties": { "road_id": "RN_ROAD_00414", "osm_id": "210718048", "road_class": "residential", "name": "", "oneway": false, "lanes": "", "maxspeed": "", "surface": null, "bridge": "", "tunnel": null, "access": "", "length_m": 61.74 }, "geometry": { "type": "LineString", "coordinates": [ [ 377941.028220077278093, 2046317.592579114949331 ], [ 377879.352081558783539, 2046314.833806041860953 ] ] } },
{ "type": "Feature", "properties": { "road_id": "RN_ROAD_00415", "osm_id": "210718048", "road_class": "residential", "name": "", "oneway": false, "lanes": "", "maxspeed": "", "surface": null, "bridge": "", "tunnel": null, "access": "", "length_m": 74.84 }, "geometry": { "type": "LineString", "coordinates": [ [ 377941.028220077278093, 2046317.592579114949331 ], [ 377991.528380861622281, 2046321.120292644947767 ], [ 378015.596539491205476, 2046323.799214720958844 ] ] } },
{ "type": "Feature", "properties": { "road_id": "RN_ROAD_00416", "osm_id": "215776042", "road_class": "residential", "name": "", "oneway": false, "lanes": "", "maxspeed": "", "surface": null, "bridge": "", "tunnel": null, "access": "", "length_m": 46.72 }, "geometry": { "type": "LineString", "coordinates": [ [ 377939.342401564470492, 2046364.281702264212072 ], [ 377941.028220077278093, 2046317.592579114949331 ] ] } },
{ "type": "Feature", "properties": { "road_id": "RN_ROAD_00417", "osm_id": "206225439", "road_class": "residential", "name": "", "oneway": false, "lanes": "", "maxspeed": "", "surface": null, "bridge": "", "tunnel": null, "access": "", "length_m": 36.65 }, "geometry": { "type": "LineString", "coordinates": [ [ 378005.432955316849984, 2046359.011347409104928 ], [ 378015.596539491205476, 2046323.799214720958844 ] ] } },
{ "type": "Feature", "properties": { "road_id": "RN_ROAD_00418", "osm_id": "210718022", "road_class": "residential", "name": "", "oneway": false, "lanes": "", "maxspeed": "", "surface": null, "bridge": "", "tunnel": null, "access": "", "length_m": 56.93 }, "geometry": { "type": "LineString", "coordinates": [ [ 377939.342401564470492, 2046364.281702264212072 ], [ 377882.435362273419742, 2046362.665424481034279 ] ] } },
{ "type": "Feature", "properties": { "road_id": "RN_ROAD_00419", "osm_id": "206225439", "road_class": "residential", "name": "", "oneway": false, "lanes": "", "maxspeed": "", "surface": null, "bridge": "", "tunnel": null, "access": "", "length_m": 9.46 }, "geometry": { "type": "LineString", "coordinates": [ [ 378005.432955316849984, 2046359.011347409104928 ], [ 378002.809447964944411, 2046368.102638789685443 ] ] } },
{ "type": "Feature", "properties": { "road_id": "RN_ROAD_00420", "osm_id": "1118594753", "road_class": "residential", "name": "", "oneway": false, "lanes": "", "maxspeed": "", "surface": null, "bridge": "", "tunnel": null, "access": "", "length_m": 37.36 }, "geometry": { "type": "LineString", "coordinates": [ [ 378041.508103534579277, 2046368.707028570352122 ], [ 378005.432955316849984, 2046359.011347409104928 ] ] } },
{ "type": "Feature", "properties": { "road_id": "RN_ROAD_00421", "osm_id": "210718022", "road_class": "residential", "name": "", "oneway": false, "lanes": "", "maxspeed": "", "surface": null, "bridge": "", "tunnel": null, "access": "", "length_m": 63.6 }, "geometry": { "type": "LineString", "coordinates": [ [ 377939.342401564470492, 2046364.281702264212072 ], [ 377981.54297506948933, 2046366.014450384536758 ], [ 378002.809447964944411, 2046368.102638789685443 ] ] } },
{ "type": "Feature", "properties": { "road_id": "RN_ROAD_00422", "osm_id": "206225439", "road_class": "residential", "name": "", "oneway": false, "lanes": "", "maxspeed": "", "surface": null, "bridge": "", "tunnel": null, "access": "", "length_m": 41.86 }, "geometry": { "type": "LineString", "coordinates": [ [ 377992.891998212668113, 2046408.768970511620864 ], [ 377995.607960524968803, 2046397.629790099104866 ], [ 378002.809447964944411, 2046368.102638789685443 ] ] } },
{ "type": "Feature", "properties": { "road_id": "RN_ROAD_00423", "osm_id": "1118594748", "road_class": "residential", "name": "", "oneway": false, "lanes": "", "maxspeed": "", "surface": null, "bridge": "", "tunnel": null, "access": "", "length_m": 39.76 }, "geometry": { "type": "LineString", "coordinates": [ [ 377953.945405810372904, 2046400.762811305001378 ], [ 377992.891998212668113, 2046408.768970511620864 ] ] } },
{ "type": "Feature", "properties": { "road_id": "RN_ROAD_00424", "osm_id": "206225439", "road_class": "residential", "name": "", "oneway": false, "lanes": "", "maxspeed": "", "surface": null, "bridge": "", "tunnel": null, "access": "", "length_m": 36.69 }, "geometry": { "type": "LineString", "coordinates": [ [ 377992.891998212668113, 2046408.768970511620864 ], [ 377990.649495104677044, 2046418.001689156983048 ], [ 377985.927343831572216, 2046437.353963150875643 ], [ 377984.209389017196372, 2046444.414298365823925 ] ] } },
{ "type": "Feature", "properties": { "road_id": "RN_ROAD_00425", "osm_id": "207872428", "road_class": "secondary", "name": "Anant Kanhere Path", "oneway": false, "lanes": "2", "maxspeed": "", "surface": null, "bridge": "", "tunnel": null, "access": "", "length_m": 46.78 }, "geometry": { "type": "LineString", "coordinates": [ [ 377932.590449471841566, 2046437.595986650325358 ], [ 377912.590013879351318, 2046435.355904811294749 ], [ 377885.931584388192277, 2046435.393937660148367 ] ] } },
{ "type": "Feature", "properties": { "road_id": "RN_ROAD_00426", "osm_id": "207872428", "road_class": "secondary", "name": "Anant Kanhere Path", "oneway": false, "lanes": "2", "maxspeed": "", "surface": null, "bridge": "", "tunnel": null, "access": "", "length_m": 52.09 }, "geometry": { "type": "LineString", "coordinates": [ [ 377932.590449471841566, 2046437.595986650325358 ], [ 377969.073049186030403, 2046441.689285766566172 ], [ 377984.209389017196372, 2046444.414298365823925 ] ] } },
{ "type": "Feature", "properties": { "road_id": "RN_ROAD_00427", "osm_id": "207872428", "road_class": "secondary", "name": "Anant Kanhere Path", "oneway": false, "lanes": "2", "maxspeed": "", "surface": null, "bridge": "", "tunnel": null, "access": "", "length_m": 29.14 }, "geometry": { "type": "LineString", "coordinates": [ [ 378012.403935884358361, 2046451.792160541983321 ], [ 377984.209389017196372, 2046444.414298365823925 ] ] } },
{ "type": "Feature", "properties": { "road_id": "RN_ROAD_00428", "osm_id": "215776150", "road_class": "residential", "name": "", "oneway": false, "lanes": "", "maxspeed": "", "surface": null, "bridge": "", "tunnel": null, "access": "", "length_m": 44.76 }, "geometry": { "type": "LineString", "coordinates": [ [ 377886.271246116317343, 2046480.155600974336267 ], [ 377885.931584388192277, 2046435.393937660148367 ] ] } },
{ "type": "Feature", "properties": { "road_id": "RN_ROAD_00429", "osm_id": "207872428", "road_class": "secondary", "name": "Anant Kanhere Path", "oneway": false, "lanes": "2", "maxspeed": "", "surface": null, "bridge": "", "tunnel": null, "access": "", "length_m": 43.02 }, "geometry": { "type": "LineString", "coordinates": [ [ 378012.403935884358361, 2046451.792160541983321 ], [ 378048.487835861276835, 2046461.233259833185002 ], [ 378054.018866106111091, 2046462.680765090277418 ] ] } },
{ "type": "Feature", "properties": { "road_id": "RN_ROAD_00430", "osm_id": "215776040", "road_class": "residential", "name": "", "oneway": false, "lanes": "", "maxspeed": "", "surface": null, "bridge": "", "tunnel": null, "access": "", "length_m": 42.27 }, "geometry": { "type": "LineString", "coordinates": [ [ 377930.854997095710132, 2046479.825652230996639 ], [ 377932.590449471841566, 2046437.595986650325358 ] ] } },
{ "type": "Feature", "properties": { "road_id": "RN_ROAD_00431", "osm_id": [ 1207425561, 1118552270 ], "road_class": "residential", "name": "", "oneway": false, "lanes": "", "maxspeed": "", "surface": null, "bridge": "", "tunnel": null, "access": "", "length_m": 67.48 }, "geometry": { "type": "LineString", "coordinates": [ [ 378012.403935884358361, 2046451.792160541983321 ], [ 378011.556786454399116, 2046456.345898307859898 ], [ 378004.880718721018638, 2046492.077969073317945 ], [ 377978.937228339142166, 2046486.688734331168234 ] ] } },
{ "type": "Feature", "properties": { "road_id": "RN_ROAD_00432", "osm_id": "215776099", "road_class": "residential", "name": "", "oneway": false, "lanes": "", "maxspeed": "", "surface": null, "bridge": "", "tunnel": null, "access": "", "length_m": 44.58 }, "geometry": { "type": "LineString", "coordinates": [ [ 377930.854997095710132, 2046479.825652230996639 ], [ 377886.271246116317343, 2046480.155600974336267 ] ] } },
{ "type": "Feature", "properties": { "road_id": "RN_ROAD_00433", "osm_id": "215776099", "road_class": "residential", "name": "", "oneway": false, "lanes": "", "maxspeed": "", "surface": null, "bridge": "", "tunnel": null, "access": "", "length_m": 48.57 }, "geometry": { "type": "LineString", "coordinates": [ [ 377978.937228339142166, 2046486.688734331168234 ], [ 377930.854997095710132, 2046479.825652230996639 ] ] } },
{ "type": "Feature", "properties": { "road_id": "RN_ROAD_00434", "osm_id": "206492452", "road_class": "residential", "name": "Pradeep Deshpande Path", "oneway": false, "lanes": "", "maxspeed": "", "surface": null, "bridge": "", "tunnel": null, "access": "", "length_m": 45.18 }, "geometry": { "type": "LineString", "coordinates": [ [ 378179.204828609246761, 2046401.78914486640133 ], [ 378135.074264147784561, 2046392.111529493471608 ] ] } },
{ "type": "Feature", "properties": { "road_id": "RN_ROAD_00435", "osm_id": "1464087877", "road_class": "primary", "name": "Lalbahadur Shashtri Marg", "oneway": true, "lanes": "2", "maxspeed": "", "surface": null, "bridge": "", "tunnel": null, "access": "", "length_m": 42.87 }, "geometry": { "type": "LineString", "coordinates": [ [ 378075.93673912785016, 2046394.990860039368272 ], [ 378069.362330037751235, 2046415.28454155405052 ], [ 378062.725866327935364, 2046435.777819951763377 ] ] } },
{ "type": "Feature", "properties": { "road_id": "RN_ROAD_00436", "osm_id": "1160401290", "road_class": "primary", "name": "Lalbahadur Shashtri Marg", "oneway": true, "lanes": "2", "maxspeed": "", "surface": null, "bridge": "", "tunnel": null, "access": "", "length_m": 84.37 }, "geometry": { "type": "LineString", "coordinates": [ [ 378064.437345172511414, 2046465.64629761967808 ], [ 378068.971991990925744, 2046451.629278596723452 ], [ 378088.539617477916181, 2046391.180826953146607 ], [ 378090.032644342456479, 2046385.261788110947236 ] ] } },
{ "type": "Feature", "properties": { "road_id": "RN_ROAD_00437", "osm_id": "1118592654", "road_class": "residential", "name": "", "oneway": false, "lanes": "", "maxspeed": "", "surface": null, "bridge": "", "tunnel": null, "access": "", "length_m": 30.24 }, "geometry": { "type": "LineString", "coordinates": [ [ 378034.073315535497386, 2046426.123124850681052 ], [ 378057.446083488990553, 2046433.996710140490904 ], [ 378062.725866327935364, 2046435.777819951763377 ] ] } },
{ "type": "Feature", "properties": { "road_id": "RN_ROAD_00438", "osm_id": "1464087877", "road_class": "primary", "name": "Lalbahadur Shashtri Marg", "oneway": true, "lanes": "2", "maxspeed": "", "surface": null, "bridge": "", "tunnel": null, "access": "", "length_m": 28.28 }, "geometry": { "type": "LineString", "coordinates": [ [ 378062.725866327935364, 2046435.777819951763377 ], [ 378058.615576183772646, 2046448.464149787789211 ], [ 378054.018866106111091, 2046462.680765090277418 ] ] } },
{ "type": "Feature", "properties": { "road_id": "RN_ROAD_00439", "osm_id": "206492443", "road_class": "residential", "name": "", "oneway": false, "lanes": "", "maxspeed": "", "surface": null, "bridge": "", "tunnel": null, "access": "", "length_m": 127.13 }, "geometry": { "type": "LineString", "coordinates": [ [ 378101.492687736521475, 2046514.721318193944171 ], [ 378135.074264147784561, 2046392.111529493471608 ] ] } },
{ "type": "Feature", "properties": { "road_id": "RN_ROAD_00440", "osm_id": "206492447", "road_class": "residential", "name": "", "oneway": false, "lanes": "", "maxspeed": "", "surface": null, "bridge": "", "tunnel": null, "access": "", "length_m": 116.74 }, "geometry": { "type": "LineString", "coordinates": [ [ 378146.992346625076607, 2046513.9986843240913 ], [ 378179.204828609246761, 2046401.78914486640133 ] ] } },
{ "type": "Feature", "properties": { "road_id": "RN_ROAD_00441", "osm_id": "1464087876", "road_class": "secondary", "name": "Anant Kanhere Path", "oneway": false, "lanes": "2", "maxspeed": "", "surface": null, "bridge": "", "tunnel": null, "access": "", "length_m": 10.83 }, "geometry": { "type": "LineString", "coordinates": [ [ 378054.018866106111091, 2046462.680765090277418 ], [ 378064.437345172511414, 2046465.64629761967808 ] ] } },
{ "type": "Feature", "properties": { "road_id": "RN_ROAD_00442", "osm_id": "199637809", "road_class": "primary", "name": "Lalbahadur Shashtri Marg", "oneway": true, "lanes": "2", "maxspeed": "", "surface": null, "bridge": "", "tunnel": null, "access": "", "length_m": 36.96 }, "geometry": { "type": "LineString", "coordinates": [ [ 378054.018866106111091, 2046462.680765090277418 ], [ 378052.093919410428498, 2046470.39533859398216 ], [ 378045.052471534581855, 2046498.538140354678035 ] ] } },
{ "type": "Feature", "properties": { "road_id": "RN_ROAD_00443", "osm_id": "1160401290", "road_class": "primary", "name": "Lalbahadur Shashtri Marg", "oneway": true, "lanes": "2", "maxspeed": "", "surface": null, "bridge": "", "tunnel": null, "access": "", "length_m": 37.66 }, "geometry": { "type": "LineString", "coordinates": [ [ 378055.454421833041124, 2046502.223092389525846 ], [ 378062.595366958645172, 2046473.127943298080936 ], [ 378064.437345172511414, 2046465.64629761967808 ] ] } },
{ "type": "Feature", "properties": { "road_id": "RN_ROAD_00444", "osm_id": "53744580", "road_class": "tertiary", "name": "Madhavrao Peshve Marg", "oneway": false, "lanes": "", "maxspeed": "", "surface": null, "bridge": "", "tunnel": null, "access": "", "length_m": 5.84 }, "geometry": { "type": "LineString", "coordinates": [ [ 378584.168708984041587, 2046371.162037872942165 ], [ 378590.002198035712354, 2046371.362793625565246 ] ] } },
{ "type": "Feature", "properties": { "road_id": "RN_ROAD_00445", "osm_id": "220562865", "road_class": "tertiary", "name": "Baburao Phule Path", "oneway": false, "lanes": "", "maxspeed": "", "surface": null, "bridge": "", "tunnel": null, "access": "", "length_m": 36.95 }, "geometry": { "type": "LineString", "coordinates": [ [ 378313.713268407271244, 2046420.107815400697291 ], [ 378313.097230970510282, 2046383.16088665695861 ] ] } },
{ "type": "Feature", "properties": { "road_id": "RN_ROAD_00446", "osm_id": "770359829", "road_class": "residential", "name": "Pradeep Deshpande Path", "oneway": true, "lanes": "", "maxspeed": "", "surface": null, "bridge": "", "tunnel": null, "access": "", "length_m": 59.2 }, "geometry": { "type": "LineString", "coordinates": [ [ 378179.204828609246761, 2046401.78914486640133 ], [ 378237.873055603122339, 2046409.736120031680912 ] ] } },
{ "type": "Feature", "properties": { "road_id": "RN_ROAD_00447", "osm_id": "770359828", "road_class": "residential", "name": "Pradeep Deshpande Path", "oneway": false, "lanes": "", "maxspeed": "", "surface": null, "bridge": "", "tunnel": null, "access": "", "length_m": 76.55 }, "geometry": { "type": "LineString", "coordinates": [ [ 378313.713268407271244, 2046420.107815400697291 ], [ 378237.873055603122339, 2046409.736120031680912 ] ] } },
{ "type": "Feature", "properties": { "road_id": "RN_ROAD_00448", "osm_id": "220562865", "road_class": "tertiary", "name": "Baburao Phule Path", "oneway": false, "lanes": "", "maxspeed": "", "surface": null, "bridge": "", "tunnel": null, "access": "", "length_m": 46.55 }, "geometry": { "type": "LineString", "coordinates": [ [ 378301.604927814449184, 2046464.982123647583649 ], [ 378309.297852507850621, 2046441.250793882878497 ], [ 378313.713268407271244, 2046420.107815400697291 ] ] } },
{ "type": "Feature", "properties": { "road_id": "RN_ROAD_00449", "osm_id": "1118597087", "road_class": "residential", "name": "", "oneway": false, "lanes": "", "maxspeed": "", "surface": null, "bridge": "", "tunnel": null, "access": "", "length_m": 28.66 }, "geometry": { "type": "LineString", "coordinates": [ [ 378274.682922536390834, 2046455.150027428520843 ], [ 378301.604927814449184, 2046464.982123647583649 ] ] } },
{ "type": "Feature", "properties": { "road_id": "RN_ROAD_00450", "osm_id": "206492450", "road_class": "residential", "name": "Dake Road", "oneway": false, "lanes": "", "maxspeed": "", "surface": null, "bridge": "", "tunnel": null, "access": "", "length_m": 119.32 }, "geometry": { "type": "LineString", "coordinates": [ [ 378547.180882243614178, 2046489.669139082776383 ], [ 378549.114052286720835, 2046455.257965923054144 ], [ 378551.423995895078406, 2046370.430067144101486 ] ] } },
{ "type": "Feature", "properties": { "road_id": "RN_ROAD_00451", "osm_id": "206492453", "road_class": "residential", "name": "R. D. Khaniwale Path", "oneway": false, "lanes": "", "maxspeed": "", "surface": null, "bridge": "", "tunnel": null, "access": "", "length_m": 121.63 }, "geometry": { "type": "LineString", "coordinates": [ [ 378230.630208485410549, 2046527.009306802647188 ], [ 378231.631884912902024, 2046515.239268479403108 ], [ 378232.586110990960151, 2046507.608385982224718 ], [ 378246.849329291027971, 2046434.843865488655865 ], [ 378247.289972928410862, 2046424.493920330889523 ], [ 378243.17217856424395, 2046416.198263311758637 ], [ 378237.873055603122339, 2046409.736120031680912 ] ] } },
{ "type": "Feature", "properties": { "road_id": "RN_ROAD_00452", "osm_id": "220562865", "road_class": "tertiary", "name": "Baburao Phule Path", "oneway": false, "lanes": "", "maxspeed": "", "surface": null, "bridge": "", "tunnel": null, "access": "", "length_m": 74.59 }, "geometry": { "type": "LineString", "coordinates": [ [ 378301.604927814449184, 2046464.982123647583649 ], [ 378293.270117140375078, 2046490.698452523211017 ], [ 378280.111372871790081, 2046536.398410399444401 ] ] } },
{ "type": "Feature", "properties": { "road_id": "RN_ROAD_00453", "osm_id": "206492451", "road_class": "residential", "name": "Madanlal Dangi Path", "oneway": false, "lanes": "", "maxspeed": "", "surface": null, "bridge": "", "tunnel": null, "access": "", "length_m": 85.04 }, "geometry": { "type": "LineString", "coordinates": [ [ 378230.630208485410549, 2046527.009306802647188 ], [ 378164.408810097142123, 2046513.378250492503867 ], [ 378159.489979184640106, 2046513.553568321047351 ], [ 378146.992346625076607, 2046513.9986843240913 ] ] } },
{ "type": "Feature", "properties": { "road_id": "RN_ROAD_00454", "osm_id": "1207425562", "road_class": "residential", "name": "", "oneway": false, "lanes": "", "maxspeed": "", "surface": null, "bridge": "", "tunnel": null, "access": "", "length_m": 11.04 }, "geometry": { "type": "LineString", "coordinates": [ [ 378045.052471534581855, 2046498.538140354678035 ], [ 378055.454421833041124, 2046502.223092389525846 ] ] } },
{ "type": "Feature", "properties": { "road_id": "RN_ROAD_00455", "osm_id": "206492451", "road_class": "residential", "name": "Madanlal Dangi Path", "oneway": false, "lanes": "", "maxspeed": "", "surface": null, "bridge": "", "tunnel": null, "access": "", "length_m": 47.7 }, "geometry": { "type": "LineString", "coordinates": [ [ 378101.492687736521475, 2046514.721318193944171 ], [ 378060.182013971032575, 2046503.50974399712868 ], [ 378055.454421833041124, 2046502.223092389525846 ] ] } },
{ "type": "Feature", "properties": { "road_id": "RN_ROAD_00456", "osm_id": "206492451", "road_class": "residential", "name": "Madanlal Dangi Path", "oneway": false, "lanes": "", "maxspeed": "", "surface": null, "bridge": "", "tunnel": null, "access": "", "length_m": 45.51 }, "geometry": { "type": "LineString", "coordinates": [ [ 378101.492687736521475, 2046514.721318193944171 ], [ 378146.992346625076607, 2046513.9986843240913 ] ] } },
{ "type": "Feature", "properties": { "road_id": "RN_ROAD_00457", "osm_id": "1160401290", "road_class": "primary", "name": "Lalbahadur Shashtri Marg", "oneway": true, "lanes": "2", "maxspeed": "", "surface": null, "bridge": "", "tunnel": null, "access": "", "length_m": 87.68 }, "geometry": { "type": "LineString", "coordinates": [ [ 378034.556559562508482, 2046587.380448378622532 ], [ 378055.454421833041124, 2046502.223092389525846 ] ] } },
{ "type": "Feature", "properties": { "road_id": "RN_ROAD_00458", "osm_id": "206492443", "road_class": "residential", "name": "", "oneway": false, "lanes": "", "maxspeed": "", "surface": null, "bridge": "", "tunnel": null, "access": "", "length_m": 82.28 }, "geometry": { "type": "LineString", "coordinates": [ [ 378079.755104208248667, 2046594.074096290627494 ], [ 378101.492687736521475, 2046514.721318193944171 ] ] } },
{ "type": "Feature", "properties": { "road_id": "RN_ROAD_00459", "osm_id": "206492447", "road_class": "residential", "name": "", "oneway": false, "lanes": "", "maxspeed": "", "surface": null, "bridge": "", "tunnel": null, "access": "", "length_m": 86.17 }, "geometry": { "type": "LineString", "coordinates": [ [ 378123.218047010654118, 2046596.828227344667539 ], [ 378146.992346625076607, 2046513.9986843240913 ] ] } },
{ "type": "Feature", "properties": { "road_id": "RN_ROAD_00460", "osm_id": "206492445", "road_class": "residential", "name": "Vishwasrao Himmatbahaddar Chavan Path", "oneway": false, "lanes": "", "maxspeed": "", "surface": null, "bridge": "", "tunnel": null, "access": "", "length_m": 45.69 }, "geometry": { "type": "LineString", "coordinates": [ [ 378079.755104208248667, 2046594.074096290627494 ], [ 378034.556559562508482, 2046587.380448378622532 ] ] } },
{ "type": "Feature", "properties": { "road_id": "RN_ROAD_00461", "osm_id": "206492445", "road_class": "residential", "name": "Vishwasrao Himmatbahaddar Chavan Path", "oneway": false, "lanes": "", "maxspeed": "", "surface": null, "bridge": "", "tunnel": null, "access": "", "length_m": 19.96 }, "geometry": { "type": "LineString", "coordinates": [ [ 378099.675211612076964, 2046595.341007789829746 ], [ 378079.755104208248667, 2046594.074096290627494 ] ] } },
{ "type": "Feature", "properties": { "road_id": "RN_ROAD_00462", "osm_id": "206492445", "road_class": "residential", "name": "Vishwasrao Himmatbahaddar Chavan Path", "oneway": false, "lanes": "", "maxspeed": "", "surface": null, "bridge": "", "tunnel": null, "access": "", "length_m": 23.59 }, "geometry": { "type": "LineString", "coordinates": [ [ 378099.675211612076964, 2046595.341007789829746 ], [ 378123.218047010654118, 2046596.828227344667539 ] ] } },
{ "type": "Feature", "properties": { "road_id": "RN_ROAD_00463", "osm_id": "206492445", "road_class": "residential", "name": "Vishwasrao Himmatbahaddar Chavan Path", "oneway": false, "lanes": "", "maxspeed": "", "surface": null, "bridge": "", "tunnel": null, "access": "", "length_m": 71.26 }, "geometry": { "type": "LineString", "coordinates": [ [ 378194.389701305364724, 2046600.379137493669987 ], [ 378123.218047010654118, 2046596.828227344667539 ] ] } },
{ "type": "Feature", "properties": { "road_id": "RN_ROAD_00464", "osm_id": "1207425562", "road_class": "residential", "name": "", "oneway": false, "lanes": "", "maxspeed": "", "surface": null, "bridge": "", "tunnel": null, "access": "", "length_m": 5.9 }, "geometry": { "type": "LineString", "coordinates": [ [ 378039.372655136219691, 2046496.93666024482809 ], [ 378041.868809905834496, 2046497.64000229164958 ], [ 378045.052471534581855, 2046498.538140354678035 ] ] } },
{ "type": "Feature", "properties": { "road_id": "RN_ROAD_00465", "osm_id": "1185873949", "road_class": "residential", "name": "", "oneway": false, "lanes": "", "maxspeed": "", "surface": null, "bridge": "", "tunnel": null, "access": "", "length_m": 28.48 }, "geometry": { "type": "LineString", "coordinates": [ [ 377978.937228339142166, 2046486.688734331168234 ], [ 377975.908986113907304, 2046515.005064652767032 ] ] } },
{ "type": "Feature", "properties": { "road_id": "RN_ROAD_00466", "osm_id": "199637809", "road_class": "primary", "name": "Lalbahadur Shashtri Marg", "oneway": true, "lanes": "2", "maxspeed": "", "surface": null, "bridge": "", "tunnel": null, "access": "", "length_m": 55.29 }, "geometry": { "type": "LineString", "coordinates": [ [ 378045.052471534581855, 2046498.538140354678035 ], [ 378032.11480754573131, 2046552.293274263851345 ] ] } },
{ "type": "Feature", "properties": { "road_id": "RN_ROAD_00467", "osm_id": "210718000", "road_class": "living_street", "name": "", "oneway": true, "lanes": "", "maxspeed": "", "surface": null, "bridge": "", "tunnel": null, "access": "", "length_m": 164.34 }, "geometry": { "type": "LineString", "coordinates": [ [ 377868.854688790510409, 2046533.47478735097684 ], [ 378027.856850656098686, 2046551.800408690935001 ], [ 378032.11480754573131, 2046552.293274263851345 ] ] } },
{ "type": "Feature", "properties": { "road_id": "RN_ROAD_00468", "osm_id": "199637809", "road_class": "primary", "name": "Lalbahadur Shashtri Marg", "oneway": true, "lanes": "2", "maxspeed": "", "surface": null, "bridge": "", "tunnel": null, "access": "", "length_m": 81.26 }, "geometry": { "type": "LineString", "coordinates": [ [ 378032.11480754573131, 2046552.293274263851345 ], [ 378027.125037675024942, 2046572.720699675614014 ], [ 378012.813757536117919, 2046631.232162139844149 ] ] } },
{ "type": "Feature", "properties": { "road_id": "RN_ROAD_00469", "osm_id": "210718050", "road_class": "residential", "name": "M. K. Hardikar Path", "oneway": false, "lanes": "", "maxspeed": "", "surface": null, "bridge": "", "tunnel": null, "access": "", "length_m": 188.15 }, "geometry": { "type": "LineString", "coordinates": [ [ 378012.813757536117919, 2046631.232162139844149 ], [ 377825.098742044647224, 2046618.42484557791613 ] ] } },
{ "type": "Feature", "properties": { "road_id": "RN_ROAD_00470", "osm_id": "199637809", "road_class": "primary", "name": "Lalbahadur Shashtri Marg", "oneway": true, "lanes": "2", "maxspeed": "", "surface": null, "bridge": "", "tunnel": null, "access": "", "length_m": 30.03 }, "geometry": { "type": "LineString", "coordinates": [ [ 378012.813757536117919, 2046631.232162139844149 ], [ 378005.673459456302226, 2046660.404804064892232 ] ] } },
{ "type": "Feature", "properties": { "road_id": "RN_ROAD_00471", "osm_id": "1160401290", "road_class": "primary", "name": "Lalbahadur Shashtri Marg", "oneway": true, "lanes": "2", "maxspeed": "", "surface": null, "bridge": "", "tunnel": null, "access": "", "length_m": 135.25 }, "geometry": { "type": "LineString", "coordinates": [ [ 378002.3200942161493, 2046718.735457492759451 ], [ 378004.182424598722719, 2046711.14300624281168 ], [ 378006.991511285305023, 2046699.715497545199469 ], [ 378011.919998848694377, 2046679.620447030523792 ], [ 378017.548116800258867, 2046656.665772750740871 ], [ 378034.556559562508482, 2046587.380448378622532 ] ] } },
{ "type": "Feature", "properties": { "road_id": "RN_ROAD_00472", "osm_id": "210718011", "road_class": "residential", "name": "Nanasaheb Shendkar Path", "oneway": false, "lanes": "", "maxspeed": "", "surface": null, "bridge": "", "tunnel": null, "access": "", "length_m": 180.16 }, "geometry": { "type": "LineString", "coordinates": [ [ 378005.673459456302226, 2046660.404804064892232 ], [ 378000.308777449768968, 2046660.195694309426472 ], [ 377825.65026187361218, 2046653.391343050869182 ] ] } },
{ "type": "Feature", "properties": { "road_id": "RN_ROAD_00473", "osm_id": "199637809", "road_class": "primary", "name": "Lalbahadur Shashtri Marg", "oneway": true, "lanes": "2", "maxspeed": "", "surface": null, "bridge": "", "tunnel": null, "access": "", "length_m": 64.97 }, "geometry": { "type": "LineString", "coordinates": [ [ 378005.673459456302226, 2046660.404804064892232 ], [ 377993.663453271845356, 2046708.952809725422412 ], [ 377990.071794494637288, 2046723.472875618375838 ] ] } },
{ "type": "Feature", "properties": { "road_id": "RN_ROAD_00474", "osm_id": "206492451", "road_class": "residential", "name": "Madanlal Dangi Path", "oneway": false, "lanes": "", "maxspeed": "", "surface": null, "bridge": "", "tunnel": null, "access": "", "length_m": 50.36 }, "geometry": { "type": "LineString", "coordinates": [ [ 378280.111372871790081, 2046536.398410399444401 ], [ 378230.630208485410549, 2046527.009306802647188 ] ] } },
{ "type": "Feature", "properties": { "road_id": "RN_ROAD_00475", "osm_id": "220562865", "road_class": "tertiary", "name": "Baburao Phule Path", "oneway": false, "lanes": "", "maxspeed": "", "surface": null, "bridge": "", "tunnel": null, "access": "", "length_m": 68.19 }, "geometry": { "type": "LineString", "coordinates": [ [ 378276.069694824633189, 2046604.460760182933882 ], [ 378277.845233915490098, 2046565.086056657601148 ], [ 378280.111372871790081, 2046536.398410399444401 ] ] } },
{ "type": "Feature", "properties": { "road_id": "RN_ROAD_00476", "osm_id": "206492445", "road_class": "residential", "name": "Vishwasrao Himmatbahaddar Chavan Path", "oneway": false, "lanes": "", "maxspeed": "", "surface": null, "bridge": "", "tunnel": null, "access": "", "length_m": 81.78 }, "geometry": { "type": "LineString", "coordinates": [ [ 378194.389701305364724, 2046600.379137493669987 ], [ 378276.069694824633189, 2046604.460760182933882 ] ] } },
{ "type": "Feature", "properties": { "road_id": "RN_ROAD_00477", "osm_id": "1118553955", "road_class": "residential", "name": "", "oneway": false, "lanes": "", "maxspeed": "", "surface": null, "bridge": "", "tunnel": null, "access": "", "length_m": 22.93 }, "geometry": { "type": "LineString", "coordinates": [ [ 378194.389701305364724, 2046600.379137493669987 ], [ 378193.807762443495449, 2046623.301481300033629 ] ] } },
{ "type": "Feature", "properties": { "road_id": "RN_ROAD_00478", "osm_id": "220562865", "road_class": "tertiary", "name": "Baburao Phule Path", "oneway": false, "lanes": "", "maxspeed": "", "surface": null, "bridge": "", "tunnel": null, "access": "", "length_m": 82.41 }, "geometry": { "type": "LineString", "coordinates": [ [ 378263.085775124840438, 2046685.760397292906418 ], [ 378271.499728852126282, 2046644.362376742297783 ], [ 378276.069694824633189, 2046604.460760182933882 ] ] } },
{ "type": "Feature", "properties": { "road_id": "RN_ROAD_00479", "osm_id": "1118554053", "road_class": "residential", "name": "", "oneway": false, "lanes": "", "maxspeed": "", "surface": null, "bridge": "", "tunnel": null, "access": "", "length_m": 43.01 }, "geometry": { "type": "LineString", "coordinates": [ [ 378220.279131213319488, 2046681.585260288091376 ], [ 378263.085775124840438, 2046685.760397292906418 ] ] } },
{ "type": "Feature", "properties": { "road_id": "RN_ROAD_00480", "osm_id": "220562865", "road_class": "tertiary", "name": "Baburao Phule Path", "oneway": false, "lanes": "", "maxspeed": "", "surface": null, "bridge": "", "tunnel": null, "access": "", "length_m": 57.32 }, "geometry": { "type": "LineString", "coordinates": [ [ 378263.085775124840438, 2046685.760397292906418 ], [ 378260.670266083907336, 2046697.672267052810639 ], [ 378259.449282797577325, 2046704.862196011003107 ], [ 378253.121033371251542, 2046742.207643765490502 ] ] } },
{ "type": "Feature", "properties": { "road_id": "RN_ROAD_00481", "osm_id": "1118546574", "road_class": "residential", "name": "", "oneway": false, "lanes": "", "maxspeed": "", "surface": null, "bridge": "", "tunnel": null, "access": "", "length_m": 34.54 }, "geometry": { "type": "LineString", "coordinates": [ [ 378233.575381627073511, 2046706.997379447799176 ], [ 378231.779332641046494, 2046741.491924691945314 ] ] } },
{ "type": "Feature", "properties": { "road_id": "RN_ROAD_00482", "osm_id": "1112436733", "road_class": "residential", "name": "Vishwanath Mahadev Phule Path", "oneway": false, "lanes": "", "maxspeed": "", "surface": null, "bridge": "", "tunnel": null, "access": "", "length_m": 41.43 }, "geometry": { "type": "LineString", "coordinates": [ [ 378231.779332641046494, 2046741.491924691945314 ], [ 378215.685939821240027, 2046740.95294128684327 ], [ 378190.373706307436805, 2046740.10772022488527 ] ] } },
{ "type": "Feature", "properties": { "road_id": "RN_ROAD_00483", "osm_id": "1112436733", "road_class": "residential", "name": "Vishwanath Mahadev Phule Path", "oneway": false, "lanes": "", "maxspeed": "", "surface": null, "bridge": "", "tunnel": null, "access": "", "length_m": 21.35 }, "geometry": { "type": "LineString", "coordinates": [ [ 378231.779332641046494, 2046741.491924691945314 ], [ 378253.121033371251542, 2046742.207643765490502 ] ] } },
{ "type": "Feature", "properties": { "road_id": "RN_ROAD_00484", "osm_id": [ 206492448, 210718045 ], "road_class": "residential", "name": "Vishwanath Mahadev Phule Path", "oneway": false, "lanes": "", "maxspeed": "", "surface": null, "bridge": "", "tunnel": null, "access": "", "length_m": 133.91 }, "geometry": { "type": "LineString", "coordinates": [ [ 378090.584568168502301, 2046728.92704298067838 ], [ 378091.151359020033851, 2046721.80768380057998 ], [ 378096.001875341287814, 2046661.46445477870293 ], [ 378097.860757963440847, 2046626.925216403324157 ], [ 378099.675211612076964, 2046595.341007789829746 ] ] } },
{ "type": "Feature", "properties": { "road_id": "RN_ROAD_00485", "osm_id": "1118587033", "road_class": "residential", "name": "", "oneway": false, "lanes": "", "maxspeed": "", "surface": null, "bridge": "", "tunnel": null, "access": "", "length_m": 36.2 }, "geometry": { "type": "LineString", "coordinates": [ [ 378149.964538655010983, 2046701.390077891759574 ], [ 378147.080803368706256, 2046737.474100536666811 ] ] } },
{ "type": "Feature", "properties": { "road_id": "RN_ROAD_00486", "osm_id": "1112436734", "road_class": "residential", "name": "Vishwanath Mahadev Phule Path", "oneway": false, "lanes": "", "maxspeed": "", "surface": null, "bridge": "", "tunnel": null, "access": "", "length_m": 89.0 }, "geometry": { "type": "LineString", "coordinates": [ [ 378090.584568168502301, 2046728.92704298067838 ], [ 378071.538733542023692, 2046725.673658210784197 ], [ 378056.356786217424087, 2046724.033395471749827 ], [ 378051.527570389444008, 2046723.3560537584126 ], [ 378023.311045711336192, 2046719.076907889684662 ], [ 378009.500118670170195, 2046718.855477307224646 ], [ 378002.3200942161493, 2046718.735457492759451 ] ] } },
{ "type": "Feature", "properties": { "road_id": "RN_ROAD_00487", "osm_id": "206492448", "road_class": "residential", "name": "Vishwanath Mahadev Phule Path", "oneway": false, "lanes": "", "maxspeed": "", "surface": null, "bridge": "", "tunnel": null, "access": "", "length_m": 51.35 }, "geometry": { "type": "LineString", "coordinates": [ [ 378141.155620192235801, 2046737.113607273902744 ], [ 378122.312225551810116, 2046735.795507833594456 ], [ 378117.353779995639343, 2046734.720584070775658 ], [ 378090.584568168502301, 2046728.92704298067838 ] ] } },
{ "type": "Feature", "properties": { "road_id": "RN_ROAD_00488", "osm_id": "206492448", "road_class": "residential", "name": "Vishwanath Mahadev Phule Path", "oneway": false, "lanes": "", "maxspeed": "", "surface": null, "bridge": "", "tunnel": null, "access": "", "length_m": 5.94 }, "geometry": { "type": "LineString", "coordinates": [ [ 378147.080803368706256, 2046737.474100536666811 ], [ 378141.155620192235801, 2046737.113607273902744 ] ] } },
{ "type": "Feature", "properties": { "road_id": "RN_ROAD_00489", "osm_id": "206492448", "road_class": "residential", "name": "Vishwanath Mahadev Phule Path", "oneway": false, "lanes": "", "maxspeed": "", "surface": null, "bridge": "", "tunnel": null, "access": "", "length_m": 43.37 }, "geometry": { "type": "LineString", "coordinates": [ [ 378147.080803368706256, 2046737.474100536666811 ], [ 378190.373706307436805, 2046740.10772022488527 ] ] } },
{ "type": "Feature", "properties": { "road_id": "RN_ROAD_00490", "osm_id": "1111812901", "road_class": "residential", "name": "", "oneway": false, "lanes": "1", "maxspeed": "20", "surface": null, "bridge": "", "tunnel": null, "access": "permissive", "length_m": 46.14 }, "geometry": { "type": "LineString", "coordinates": [ [ 378089.61284459073795, 2046775.0582579751499 ], [ 378090.028880692785606, 2046760.879462782293558 ], [ 378090.584568168502301, 2046728.92704298067838 ] ] } },
{ "type": "Feature", "properties": { "road_id": "RN_ROAD_00491", "osm_id": "1112436732", "road_class": "residential", "name": "Vishwanath Mahadev Phule Path", "oneway": false, "lanes": "", "maxspeed": "", "surface": null, "bridge": "", "tunnel": null, "access": "", "length_m": 47.16 }, "geometry": { "type": "LineString", "coordinates": [ [ 378187.601689757197164, 2046787.069344215793535 ], [ 378189.984576092043426, 2046771.716001771856099 ], [ 378190.659934102906846, 2046758.454071203712374 ], [ 378190.373706307436805, 2046740.10772022488527 ] ] } },
{ "type": "Feature", "properties": { "road_id": "RN_ROAD_00492", "osm_id": "1118510812", "road_class": "residential", "name": "", "oneway": false, "lanes": "", "maxspeed": "", "surface": null, "bridge": "", "tunnel": null, "access": "", "length_m": 58.18 }, "geometry": { "type": "LineString", "coordinates": [ [ 378138.074873779900372, 2046795.210076180286705 ], [ 378141.155620192235801, 2046737.113607273902744 ] ] } },
{ "type": "Feature", "properties": { "road_id": "RN_ROAD_00493", "osm_id": "1118546576", "road_class": "residential", "name": "", "oneway": false, "lanes": "", "maxspeed": "", "surface": null, "bridge": "", "tunnel": null, "access": "", "length_m": 30.92 }, "geometry": { "type": "LineString", "coordinates": [ [ 378179.617032270296477, 2046809.707036083796993 ], [ 378174.196977527579293, 2046840.147236433811486 ] ] } },
{ "type": "Feature", "properties": { "road_id": "RN_ROAD_00494", "osm_id": "251878755", "road_class": "tertiary", "name": "Gulwani Maharaj Path", "oneway": true, "lanes": "", "maxspeed": "", "surface": null, "bridge": "", "tunnel": null, "access": "", "length_m": 42.83 }, "geometry": { "type": "LineString", "coordinates": [ [ 376546.739878573687747, 2046332.052680310793221 ], [ 376513.737807796220295, 2046304.755339502822608 ] ] } },
{ "type": "Feature", "properties": { "road_id": "RN_ROAD_00495", "osm_id": "251878754", "road_class": "tertiary", "name": "Gulwani Maharaj Path", "oneway": true, "lanes": "", "maxspeed": "", "surface": null, "bridge": "", "tunnel": null, "access": "", "length_m": 38.27 }, "geometry": { "type": "LineString", "coordinates": [ [ 376512.692663932102732, 2046312.949352795723826 ], [ 376542.181468692841008, 2046337.349872869672254 ] ] } },
{ "type": "Feature", "properties": { "road_id": "RN_ROAD_00496", "osm_id": "208958224", "road_class": "residential", "name": "Shramasafalya Society Road", "oneway": false, "lanes": "", "maxspeed": "", "surface": null, "bridge": "", "tunnel": null, "access": "", "length_m": 6.99 }, "geometry": { "type": "LineString", "coordinates": [ [ 376546.739878573687747, 2046332.052680310793221 ], [ 376542.181468692841008, 2046337.349872869672254 ] ] } },
{ "type": "Feature", "properties": { "road_id": "RN_ROAD_00497", "osm_id": "1118577346", "road_class": "residential", "name": "", "oneway": false, "lanes": "", "maxspeed": "", "surface": null, "bridge": "", "tunnel": null, "access": "", "length_m": 42.05 }, "geometry": { "type": "LineString", "coordinates": [ [ 376644.334607955359388, 2046351.096890041837469 ], [ 376614.097378275182564, 2046321.877880713669583 ] ] } },
{ "type": "Feature", "properties": { "road_id": "RN_ROAD_00498", "osm_id": "1145004356", "road_class": "tertiary", "name": "Imambhai Shekh Path", "oneway": true, "lanes": "2", "maxspeed": "", "surface": null, "bridge": "", "tunnel": null, "access": "", "length_m": 54.42 }, "geometry": { "type": "LineString", "coordinates": [ [ 376577.327107437478844, 2046361.501718419836834 ], [ 376581.148305489274208, 2046354.859195104800165 ], [ 376591.215412573656067, 2046342.642965701641515 ], [ 376601.779216327588074, 2046332.127768417121843 ], [ 376614.097378275182564, 2046321.877880713669583 ] ] } },
{ "type": "Feature", "properties": { "road_id": "RN_ROAD_00499", "osm_id": "281844150", "road_class": "residential", "name": "", "oneway": false, "lanes": "", "maxspeed": "", "surface": null, "bridge": "", "tunnel": null, "access": "", "length_m": 22.3 }, "geometry": { "type": "LineString", "coordinates": [ [ 376644.334607955359388, 2046351.096890041837469 ], [ 376660.090540721314028, 2046335.313657603226602 ] ] } },
{ "type": "Feature", "properties": { "road_id": "RN_ROAD_00500", "osm_id": "251878755", "road_class": "tertiary", "name": "Gulwani Maharaj Path", "oneway": true, "lanes": "", "maxspeed": "", "surface": null, "bridge": "", "tunnel": null, "access": "", "length_m": 42.46 }, "geometry": { "type": "LineString", "coordinates": [ [ 376577.327107437478844, 2046361.501718419836834 ], [ 376546.739878573687747, 2046332.052680310793221 ] ] } },
{ "type": "Feature", "properties": { "road_id": "RN_ROAD_00501", "osm_id": "251878754", "road_class": "tertiary", "name": "Gulwani Maharaj Path", "oneway": true, "lanes": "", "maxspeed": "", "surface": null, "bridge": "", "tunnel": null, "access": "", "length_m": 43.8 }, "geometry": { "type": "LineString", "coordinates": [ [ 376542.181468692841008, 2046337.349872869672254 ], [ 376573.73552582168486, 2046367.733294507022947 ] ] } },
{ "type": "Feature", "properties": { "road_id": "RN_ROAD_00502", "osm_id": "206225415", "road_class": "tertiary", "name": "", "oneway": false, "lanes": "", "maxspeed": "", "surface": null, "bridge": "", "tunnel": null, "access": "", "length_m": 338.97 }, "geometry": { "type": "LineString", "coordinates": [ [ 376850.632680382113904, 2046469.590565646765754 ], [ 376838.12521889351774, 2046437.490022851154208 ], [ 376832.838338578410912, 2046405.232146539958194 ], [ 376832.926214931590948, 2046392.693232968449593 ], [ 376741.089281721855514, 2046392.10296535002999 ], [ 376734.419899606495164, 2046390.973059541778639 ], [ 376728.700188058661297, 2046386.494927790947258 ], [ 376709.605758840509225, 2046269.767242469126359 ], [ 376708.158432503929362, 2046266.368123408174142 ], [ 376680.786847121838946, 2046250.886133679654449 ] ] } },
{ "type": "Feature", "properties": { "road_id": "RN_ROAD_00503", "osm_id": "1183361447", "road_class": "residential", "name": "", "oneway": false, "lanes": "", "maxspeed": "", "surface": null, "bridge": "", "tunnel": null, "access": "", "length_m": 32.28 }, "geometry": { "type": "LineString", "coordinates": [ [ 376505.435160635621287, 2046422.999334499239922 ], [ 376503.608969816181343, 2046418.164037607144564 ], [ 376502.729362987913191, 2046391.062906142789871 ] ] } },
{ "type": "Feature", "properties": { "road_id": "RN_ROAD_00504", "osm_id": "60980803", "road_class": "tertiary", "name": "Imambhai Shekh Path", "oneway": false, "lanes": "2", "maxspeed": "", "surface": null, "bridge": "", "tunnel": null, "access": "", "length_m": 7.19 }, "geometry": { "type": "LineString", "coordinates": [ [ 376577.327107437478844, 2046361.501718419836834 ], [ 376573.73552582168486, 2046367.733294507022947 ] ] } },
{ "type": "Feature", "properties": { "road_id": "RN_ROAD_00505", "osm_id": "281844150", "road_class": "residential", "name": "", "oneway": false, "lanes": "", "maxspeed": "", "surface": null, "bridge": "", "tunnel": null, "access": "", "length_m": 54.02 }, "geometry": { "type": "LineString", "coordinates": [ [ 376644.334607955359388, 2046351.096890041837469 ], [ 376606.172273842559662, 2046389.33530467026867 ] ] } },
{ "type": "Feature", "properties": { "road_id": "RN_ROAD_00506", "osm_id": "251878755", "road_class": "tertiary", "name": "Gulwani Maharaj Path", "oneway": true, "lanes": "", "maxspeed": "", "surface": null, "bridge": "", "tunnel": null, "access": "", "length_m": 32.84 }, "geometry": { "type": "LineString", "coordinates": [ [ 376600.976750651141629, 2046384.289422754198313 ], [ 376577.327107437478844, 2046361.501718419836834 ] ] } },
{ "type": "Feature", "properties": { "road_id": "RN_ROAD_00507", "osm_id": "251878754", "road_class": "tertiary", "name": "Gulwani Maharaj Path", "oneway": true, "lanes": "", "maxspeed": "", "surface": null, "bridge": "", "tunnel": null, "access": "", "length_m": 31.0 }, "geometry": { "type": "LineString", "coordinates": [ [ 376573.73552582168486, 2046367.733294507022947 ], [ 376596.057162555109244, 2046389.245879761176184 ] ] } },
{ "type": "Feature", "properties": { "road_id": "RN_ROAD_00508", "osm_id": "208958224", "road_class": "residential", "name": "Shramasafalya Society Road", "oneway": false, "lanes": "", "maxspeed": "", "surface": null, "bridge": "", "tunnel": null, "access": "", "length_m": 86.55 }, "geometry": { "type": "LineString", "coordinates": [ [ 376540.650328931224067, 2046423.678584139095619 ], [ 376542.188909776043147, 2046418.345622882945463 ], [ 376542.181468692841008, 2046337.349872869672254 ] ] } },
{ "type": "Feature", "properties": { "road_id": "RN_ROAD_00509", "osm_id": [ 281844153, 1118577347 ], "road_class": "residential", "name": "", "oneway": false, "lanes": "", "maxspeed": "", "surface": null, "bridge": "", "tunnel": null, "access": "", "length_m": 110.59 }, "geometry": { "type": "LineString", "coordinates": [ [ 376644.334607955359388, 2046351.096890041837469 ], [ 376662.645017010625452, 2046369.481562633998692 ], [ 376670.945399254211225, 2046381.18046803586185 ], [ 376677.497318689245731, 2046396.786102993646637 ], [ 376666.002719069365412, 2046403.777067569550127 ], [ 376660.516807143692859, 2046401.167681860504672 ], [ 376654.89161280891858, 2046399.876113657606766 ], [ 376644.256200562929735, 2046402.589858144754544 ], [ 376631.257357651309576, 2046413.69625776167959 ] ] } },
{ "type": "Feature", "properties": { "road_id": "RN_ROAD_00510", "osm_id": "217278868", "road_class": "residential", "name": "", "oneway": false, "lanes": "", "maxspeed": "", "surface": null, "bridge": "", "tunnel": null, "access": "", "length_m": 6.98 }, "geometry": { "type": "LineString", "coordinates": [ [ 376600.976750651141629, 2046384.289422754198313 ], [ 376596.057162555109244, 2046389.245879761176184 ] ] } },
{ "type": "Feature", "properties": { "road_id": "RN_ROAD_00511", "osm_id": "251878755", "road_class": "tertiary", "name": "Gulwani Maharaj Path", "oneway": true, "lanes": "", "maxspeed": "", "surface": null, "bridge": "", "tunnel": null, "access": "", "length_m": 7.24 }, "geometry": { "type": "LineString", "coordinates": [ [ 376606.172273842559662, 2046389.33530467026867 ], [ 376600.976750651141629, 2046384.289422754198313 ] ] } },
{ "type": "Feature", "properties": { "road_id": "RN_ROAD_00512", "osm_id": "251878754", "road_class": "tertiary", "name": "Gulwani Maharaj Path", "oneway": true, "lanes": "", "maxspeed": "", "surface": null, "bridge": "", "tunnel": null, "access": "", "length_m": 7.23 }, "geometry": { "type": "LineString", "coordinates": [ [ 376596.057162555109244, 2046389.245879761176184 ], [ 376601.242056693765335, 2046394.280762682668865 ] ] } },
{ "type": "Feature", "properties": { "road_id": "RN_ROAD_00513", "osm_id": "281844150", "road_class": "residential", "name": "", "oneway": false, "lanes": "", "maxspeed": "", "surface": null, "bridge": "", "tunnel": null, "access": "", "length_m": 6.98 }, "geometry": { "type": "LineString", "coordinates": [ [ 376601.242056693765335, 2046394.280762682668865 ], [ 376606.172273842559662, 2046389.33530467026867 ] ] } },
{ "type": "Feature", "properties": { "road_id": "RN_ROAD_00514", "osm_id": "251878755", "road_class": "tertiary", "name": "Gulwani Maharaj Path", "oneway": true, "lanes": "", "maxspeed": "", "surface": null, "bridge": "", "tunnel": null, "access": "", "length_m": 34.97 }, "geometry": { "type": "LineString", "coordinates": [ [ 376631.257357651309576, 2046413.69625776167959 ], [ 376606.172273842559662, 2046389.33530467026867 ] ] } },
{ "type": "Feature", "properties": { "road_id": "RN_ROAD_00515", "osm_id": "251878754", "road_class": "tertiary", "name": "Gulwani Maharaj Path", "oneway": true, "lanes": "", "maxspeed": "", "surface": null, "bridge": "", "tunnel": null, "access": "", "length_m": 34.4 }, "geometry": { "type": "LineString", "coordinates": [ [ 376601.242056693765335, 2046394.280762682668865 ], [ 376625.923376456543338, 2046418.245929390192032 ] ] } },
{ "type": "Feature", "properties": { "road_id": "RN_ROAD_00516", "osm_id": "281844153", "road_class": "residential", "name": "", "oneway": false, "lanes": "", "maxspeed": "", "surface": null, "bridge": "", "tunnel": null, "access": "", "length_m": 7.01 }, "geometry": { "type": "LineString", "coordinates": [ [ 376625.923376456543338, 2046418.245929390192032 ], [ 376631.257357651309576, 2046413.69625776167959 ] ] } },
{ "type": "Feature", "properties": { "road_id": "RN_ROAD_00517", "osm_id": "217278868", "road_class": "residential", "name": "", "oneway": false, "lanes": "", "maxspeed": "", "surface": null, "bridge": "", "tunnel": null, "access": "", "length_m": 64.14 }, "geometry": { "type": "LineString", "coordinates": [ [ 376592.525651298055891, 2046452.026930428808555 ], [ 376591.509648436971474, 2046396.225099764531478 ], [ 376596.057162555109244, 2046389.245879761176184 ] ] } },
{ "type": "Feature", "properties": { "road_id": "RN_ROAD_00518", "osm_id": "251878755", "road_class": "tertiary", "name": "Gulwani Maharaj Path", "oneway": true, "lanes": "", "maxspeed": "", "surface": null, "bridge": "", "tunnel": null, "access": "", "length_m": 137.54 }, "geometry": { "type": "LineString", "coordinates": [ [ 376735.745941321772989, 2046502.924313129391521 ], [ 376702.014284884440713, 2046476.948144861496985 ], [ 376680.287255156843457, 2046459.183145631104708 ], [ 376655.534850084979553, 2046437.265679558739066 ], [ 376631.257357651309576, 2046413.69625776167959 ] ] } },
{ "type": "Feature", "properties": { "road_id": "RN_ROAD_00519", "osm_id": "251878754", "road_class": "tertiary", "name": "Gulwani Maharaj Path", "oneway": true, "lanes": "", "maxspeed": "", "surface": null, "bridge": "", "tunnel": null, "access": "", "length_m": 139.24 }, "geometry": { "type": "LineString", "coordinates": [ [ 376625.923376456543338, 2046418.245929390192032 ], [ 376650.753370428457856, 2046442.354026743443683 ], [ 376662.465904787473846, 2046452.724990868940949 ], [ 376675.728771522466559, 2046464.469240458449349 ], [ 376697.646837177220732, 2046482.387929310789332 ], [ 376731.686232177133206, 2046508.605561924632639 ] ] } },
{ "type": "Feature", "properties": { "road_id": "RN_ROAD_00520", "osm_id": "206225446", "road_class": "residential", "name": "", "oneway": false, "lanes": "", "maxspeed": "", "surface": null, "bridge": "", "tunnel": null, "access": "", "length_m": 41.31 }, "geometry": { "type": "LineString", "coordinates": [ [ 376528.972986757347826, 2046505.104186583310366 ], [ 376520.896471706219018, 2046503.518682127818465 ], [ 376489.840333385393023, 2046492.11578105809167 ] ] } },
{ "type": "Feature", "properties": { "road_id": "RN_ROAD_00521", "osm_id": "206225446", "road_class": "residential", "name": "", "oneway": false, "lanes": "", "maxspeed": "", "surface": null, "bridge": "", "tunnel": null, "access": "", "length_m": 6.98 }, "geometry": { "type": "LineString", "coordinates": [ [ 376735.745941321772989, 2046502.924313129391521 ], [ 376731.686232177133206, 2046508.605561924632639 ] ] } },
{ "type": "Feature", "properties": { "road_id": "RN_ROAD_00522", "osm_id": "206225446", "road_class": "residential", "name": "", "oneway": false, "lanes": "", "maxspeed": "", "surface": null, "bridge": "", "tunnel": null, "access": "", "length_m": 202.99 }, "geometry": { "type": "LineString", "coordinates": [ [ 376528.972986757347826, 2046505.104186583310366 ], [ 376543.265533063269686, 2046507.922065518330783 ], [ 376649.227136738889385, 2046508.309231964871287 ], [ 376731.686232177133206, 2046508.605561924632639 ] ] } },
{ "type": "Feature", "properties": { "road_id": "RN_ROAD_00523", "osm_id": "436818584", "road_class": "residential", "name": "", "oneway": false, "lanes": "", "maxspeed": "", "surface": null, "bridge": "", "tunnel": null, "access": "", "length_m": 12.44 }, "geometry": { "type": "LineString", "coordinates": [ [ 376525.830840975278988, 2046517.142782543553039 ], [ 376528.972986757347826, 2046505.104186583310366 ] ] } },
{ "type": "Feature", "properties": { "road_id": "RN_ROAD_00524", "osm_id": [ 1545694892, 245590246 ], "road_class": "secondary", "name": "Anant Kanhere Path", "oneway": true, "lanes": "2", "maxspeed": "", "surface": null, "bridge": "", "tunnel": null, "access": "", "length_m": 75.42 }, "geometry": { "type": "LineString", "coordinates": [ [ 377423.505633804597892, 2046404.134533955249935 ], [ 377399.589086932886858, 2046408.615397172514349 ], [ 377356.842315599846188, 2046408.967953755287454 ], [ 377348.501970575482119, 2046409.032704613171518 ] ] } },
{ "type": "Feature", "properties": { "road_id": "RN_ROAD_00525", "osm_id": "245590250", "road_class": "residential", "name": "", "oneway": false, "lanes": "", "maxspeed": "", "surface": null, "bridge": "", "tunnel": null, "access": "", "length_m": 6.76 }, "geometry": { "type": "LineString", "coordinates": [ [ 377348.746085126709659, 2046415.792753656860441 ], [ 377348.501970575482119, 2046409.032704613171518 ] ] } },
{ "type": "Feature", "properties": { "road_id": "RN_ROAD_00526", "osm_id": [ 245590248, 1545694893 ], "road_class": "secondary", "name": "Anant Kanhere Path", "oneway": true, "lanes": "2", "maxspeed": "", "surface": null, "bridge": "", "tunnel": null, "access": "", "length_m": 23.53 }, "geometry": { "type": "LineString", "coordinates": [ [ 377348.746085126709659, 2046415.792753656860441 ], [ 377356.684815393353347, 2046415.664188824826851 ], [ 377372.277294739615172, 2046415.419969629030675 ] ] } },
{ "type": "Feature", "properties": { "road_id": "RN_ROAD_00527", "osm_id": "1528680002", "road_class": "secondary", "name": "Anant Kanhere Path", "oneway": true, "lanes": "2", "maxspeed": "", "surface": null, "bridge": "", "tunnel": null, "access": "", "length_m": 51.5 }, "geometry": { "type": "LineString", "coordinates": [ [ 377372.277294739615172, 2046415.419969629030675 ], [ 377402.744343261641916, 2046414.936188661959022 ], [ 377415.567180021316744, 2046415.794340282911435 ], [ 377423.198274900438264, 2046418.722130557755008 ] ] } },
{ "type": "Feature", "properties": { "road_id": "RN_ROAD_00528", "osm_id": "1118592651", "road_class": "residential", "name": "", "oneway": false, "lanes": "", "maxspeed": "", "surface": null, "bridge": "", "tunnel": null, "access": "", "length_m": 26.97 }, "geometry": { "type": "LineString", "coordinates": [ [ 377372.450853201095015, 2046442.387867128709331 ], [ 377372.277294739615172, 2046415.419969629030675 ] ] } },
{ "type": "Feature", "properties": { "road_id": "RN_ROAD_00529", "osm_id": "245590256", "road_class": "residential", "name": "", "oneway": false, "lanes": "", "maxspeed": "", "surface": null, "bridge": "", "tunnel": null, "access": "", "length_m": 45.87 }, "geometry": { "type": "LineString", "coordinates": [ [ 377348.746085126709659, 2046415.792753656860441 ], [ 377350.392554491758347, 2046461.630590594606474 ] ] } },
{ "type": "Feature", "properties": { "road_id": "RN_ROAD_00530", "osm_id": "206225429", "road_class": "residential", "name": "", "oneway": false, "lanes": "", "maxspeed": "", "surface": null, "bridge": "", "tunnel": null, "access": "", "length_m": 49.24 }, "geometry": { "type": "LineString", "coordinates": [ [ 377350.392554491758347, 2046461.630590594606474 ], [ 377399.630336596397683, 2046460.970649416092783 ] ] } },
{ "type": "Feature", "properties": { "road_id": "RN_ROAD_00531", "osm_id": "206225429", "road_class": "residential", "name": "", "oneway": false, "lanes": "", "maxspeed": "", "surface": null, "bridge": "", "tunnel": null, "access": "", "length_m": 71.74 }, "geometry": { "type": "LineString", "coordinates": [ [ 377278.656959998013917, 2046462.457682132488117 ], [ 377350.392554491758347, 2046461.630590594606474 ] ] } },
{ "type": "Feature", "properties": { "road_id": "RN_ROAD_00532", "osm_id": "245590256", "road_class": "residential", "name": "", "oneway": false, "lanes": "", "maxspeed": "", "surface": null, "bridge": "", "tunnel": null, "access": "", "length_m": 44.16 }, "geometry": { "type": "LineString", "coordinates": [ [ 377351.236317465896718, 2046505.780424454482272 ], [ 377350.392554491758347, 2046461.630590594606474 ] ] } },
{ "type": "Feature", "properties": { "road_id": "RN_ROAD_00533", "osm_id": "206225430", "road_class": "residential", "name": "", "oneway": false, "lanes": "", "maxspeed": "", "surface": null, "bridge": "", "tunnel": null, "access": "", "length_m": 46.17 }, "geometry": { "type": "LineString", "coordinates": [ [ 377397.404121764178853, 2046505.505426085786894 ], [ 377351.236317465896718, 2046505.780424454482272 ] ] } },
{ "type": "Feature", "properties": { "road_id": "RN_ROAD_00534", "osm_id": "1118595061", "road_class": "residential", "name": "", "oneway": false, "lanes": "", "maxspeed": "", "surface": null, "bridge": "", "tunnel": null, "access": "", "length_m": 27.76 }, "geometry": { "type": "LineString", "coordinates": [ [ 377032.019814353843685, 2046465.0327305321116 ], [ 377020.368140680133365, 2046490.228873884072527 ] ] } },
{ "type": "Feature", "properties": { "road_id": "RN_ROAD_00535", "osm_id": "232745954", "road_class": "secondary", "name": "Amrutrao Khilare Path", "oneway": true, "lanes": "3", "maxspeed": "40", "surface": null, "bridge": "", "tunnel": null, "access": "", "length_m": 152.13 }, "geometry": { "type": "LineString", "coordinates": [ [ 376802.998048249457497, 2046533.685824154177681 ], [ 376809.39759641548153, 2046524.11618667235598 ], [ 376858.625394424016122, 2046477.816650941735134 ], [ 376910.725287396868225, 2046426.629446663195267 ] ] } },
{ "type": "Feature", "properties": { "road_id": "RN_ROAD_00536", "osm_id": "208588895", "road_class": "residential", "name": "Gangaram Dhanvat Path", "oneway": false, "lanes": "", "maxspeed": "", "surface": null, "bridge": "", "tunnel": null, "access": "", "length_m": 35.06 }, "geometry": { "type": "LineString", "coordinates": [ [ 376915.460531118733343, 2046468.308490089140832 ], [ 376917.112110132700764, 2046503.334356124745682 ] ] } },
{ "type": "Feature", "properties": { "road_id": "RN_ROAD_00537", "osm_id": "476933835", "road_class": "residential", "name": "", "oneway": false, "lanes": "", "maxspeed": "", "surface": null, "bridge": "", "tunnel": null, "access": "", "length_m": 25.94 }, "geometry": { "type": "LineString", "coordinates": [ [ 377020.368140680133365, 2046490.228873884072527 ], [ 377002.740974053856917, 2046482.751039238413796 ], [ 376996.411396831274033, 2046480.279805205529556 ] ] } },
{ "type": "Feature", "properties": { "road_id": "RN_ROAD_00538", "osm_id": "476933835", "road_class": "residential", "name": "", "oneway": false, "lanes": "", "maxspeed": "", "surface": null, "bridge": "", "tunnel": null, "access": "", "length_m": 25.9 }, "geometry": { "type": "LineString", "coordinates": [ [ 377020.368140680133365, 2046490.228873884072527 ], [ 377044.209868598962203, 2046500.355777280172333 ] ] } },
{ "type": "Feature", "properties": { "road_id": "RN_ROAD_00539", "osm_id": "207872429", "road_class": "secondary", "name": "Amrutrao Khilare Path", "oneway": true, "lanes": "3", "maxspeed": "40", "surface": null, "bridge": "", "tunnel": null, "access": "", "length_m": 86.28 }, "geometry": { "type": "LineString", "coordinates": [ [ 376850.632680382113904, 2046469.590565646765754 ], [ 376800.922168894496281, 2046516.346969392616302 ], [ 376790.034950629458763, 2046530.726359001128003 ] ] } },
{ "type": "Feature", "properties": { "road_id": "RN_ROAD_00540", "osm_id": "208588893", "road_class": "residential", "name": "", "oneway": false, "lanes": "", "maxspeed": "", "surface": null, "bridge": "", "tunnel": null, "access": "", "length_m": 73.59 }, "geometry": { "type": "LineString", "coordinates": [ [ 376988.083544351160526, 2046514.982768226414919 ], [ 376974.622932667494752, 2046506.913669176865369 ], [ 376948.495264421508182, 2046502.489793646149337 ], [ 376917.112110132700764, 2046503.334356124745682 ] ] } },
{ "type": "Feature", "properties": { "road_id": "RN_ROAD_00541", "osm_id": "208588895", "road_class": "residential", "name": "Gangaram Dhanvat Path", "oneway": false, "lanes": "", "maxspeed": "", "surface": null, "bridge": "", "tunnel": null, "access": "", "length_m": 31.67 }, "geometry": { "type": "LineString", "coordinates": [ [ 376918.615052369248588, 2046534.963768035173416 ], [ 376917.112110132700764, 2046503.334356124745682 ] ] } },
{ "type": "Feature", "properties": { "road_id": "RN_ROAD_00542", "osm_id": "251878755", "road_class": "tertiary", "name": "Gulwani Maharaj Path", "oneway": true, "lanes": "", "maxspeed": "", "surface": null, "bridge": "", "tunnel": null, "access": "", "length_m": 13.3 }, "geometry": { "type": "LineString", "coordinates": [ [ 376802.998048249457497, 2046533.685824154177681 ], [ 376790.034950629458763, 2046530.726359001128003 ] ] } },
{ "type": "Feature", "properties": { "road_id": "RN_ROAD_00543", "osm_id": "207872429", "road_class": "secondary", "name": "Amrutrao Khilare Path", "oneway": true, "lanes": "3", "maxspeed": "40", "surface": null, "bridge": "", "tunnel": null, "access": "", "length_m": 5.44 }, "geometry": { "type": "LineString", "coordinates": [ [ 376790.034950629458763, 2046530.726359001128003 ], [ 376787.330987545661628, 2046535.447108986089006 ] ] } },
{ "type": "Feature", "properties": { "road_id": "RN_ROAD_00544", "osm_id": "206225430", "road_class": "residential", "name": "", "oneway": false, "lanes": "", "maxspeed": "", "surface": null, "bridge": "", "tunnel": null, "access": "", "length_m": 70.15 }, "geometry": { "type": "LineString", "coordinates": [ [ 377281.099766536906827, 2046507.327612367225811 ], [ 377351.236317465896718, 2046505.780424454482272 ] ] } },
{ "type": "Feature", "properties": { "road_id": "RN_ROAD_00545", "osm_id": "245590256", "road_class": "residential", "name": "", "oneway": false, "lanes": "", "maxspeed": "", "surface": null, "bridge": "", "tunnel": null, "access": "", "length_m": 41.15 }, "geometry": { "type": "LineString", "coordinates": [ [ 377352.092380267684348, 2046546.920097405556589 ], [ 377351.236317465896718, 2046505.780424454482272 ] ] } },
{ "type": "Feature", "properties": { "road_id": "RN_ROAD_00546", "osm_id": "206225441", "road_class": "residential", "name": "", "oneway": false, "lanes": "", "maxspeed": "", "surface": null, "bridge": "", "tunnel": null, "access": "", "length_m": 58.21 }, "geometry": { "type": "LineString", "coordinates": [ [ 377293.934787478414364, 2046549.430390173802152 ], [ 377352.092380267684348, 2046546.920097405556589 ] ] } },
{ "type": "Feature", "properties": { "road_id": "RN_ROAD_00547", "osm_id": "206225441", "road_class": "residential", "name": "", "oneway": false, "lanes": "", "maxspeed": "", "surface": null, "bridge": "", "tunnel": null, "access": "", "length_m": 59.52 }, "geometry": { "type": "LineString", "coordinates": [ [ 377407.781399684550706, 2046556.200602245982736 ], [ 377395.869338823249564, 2046545.919025167590007 ], [ 377352.092380267684348, 2046546.920097405556589 ] ] } },
{ "type": "Feature", "properties": { "road_id": "RN_ROAD_00548", "osm_id": "245590256", "road_class": "residential", "name": "", "oneway": false, "lanes": "", "maxspeed": "", "surface": null, "bridge": "", "tunnel": null, "access": "", "length_m": 43.53 }, "geometry": { "type": "LineString", "coordinates": [ [ 377352.963761257822625, 2046590.438967168098316 ], [ 377352.092380267684348, 2046546.920097405556589 ] ] } },
{ "type": "Feature", "properties": { "road_id": "RN_ROAD_00549", "osm_id": "206225436", "road_class": "residential", "name": "", "oneway": false, "lanes": "", "maxspeed": "", "surface": null, "bridge": "", "tunnel": null, "access": "", "length_m": 64.37 }, "geometry": { "type": "LineString", "coordinates": [ [ 377352.963761257822625, 2046590.438967168098316 ], [ 377417.327595912152901, 2046589.316491435514763 ] ] } },
{ "type": "Feature", "properties": { "road_id": "RN_ROAD_00550", "osm_id": "206225436", "road_class": "residential", "name": "", "oneway": false, "lanes": "", "maxspeed": "", "surface": null, "bridge": "", "tunnel": null, "access": "", "length_m": 40.82 }, "geometry": { "type": "LineString", "coordinates": [ [ 377312.151247116271406, 2046591.066927522420883 ], [ 377352.963761257822625, 2046590.438967168098316 ] ] } },
{ "type": "Feature", "properties": { "road_id": "RN_ROAD_00551", "osm_id": "245590256", "road_class": "residential", "name": "", "oneway": false, "lanes": "", "maxspeed": "", "surface": null, "bridge": "", "tunnel": null, "access": "", "length_m": 41.39 }, "geometry": { "type": "LineString", "coordinates": [ [ 377353.789724568719976, 2046631.822299521882087 ], [ 377352.963761257822625, 2046590.438967168098316 ] ] } },
{ "type": "Feature", "properties": { "road_id": "RN_ROAD_00552", "osm_id": "206225435", "road_class": "residential", "name": "", "oneway": false, "lanes": "", "maxspeed": "", "surface": null, "bridge": "", "tunnel": null, "access": "", "length_m": 29.89 }, "geometry": { "type": "LineString", "coordinates": [ [ 377323.901893138187006, 2046632.025789432926103 ], [ 377353.789724568719976, 2046631.822299521882087 ] ] } },
{ "type": "Feature", "properties": { "road_id": "RN_ROAD_00553", "osm_id": "206225435", "road_class": "residential", "name": "", "oneway": false, "lanes": "", "maxspeed": "", "surface": null, "bridge": "", "tunnel": null, "access": "", "length_m": 67.04 }, "geometry": { "type": "LineString", "coordinates": [ [ 377420.829060071788263, 2046631.401924833189696 ], [ 377353.789724568719976, 2046631.822299521882087 ] ] } },
{ "type": "Feature", "properties": { "road_id": "RN_ROAD_00554", "osm_id": "251878755", "road_class": "tertiary", "name": "Gulwani Maharaj Path", "oneway": true, "lanes": "", "maxspeed": "", "surface": null, "bridge": "", "tunnel": null, "access": "", "length_m": 61.83 }, "geometry": { "type": "LineString", "coordinates": [ [ 376790.034950629458763, 2046530.726359001128003 ], [ 376777.938489028369077, 2046527.90516218286939 ], [ 376765.005587822699454, 2046523.086345464922488 ], [ 376757.229008740163408, 2046518.898173978086561 ], [ 376748.977590313530527, 2046513.119500303408131 ], [ 376735.745941321772989, 2046502.924313129391521 ] ] } },
{ "type": "Feature", "properties": { "road_id": "RN_ROAD_00555", "osm_id": "251878754", "road_class": "tertiary", "name": "Gulwani Maharaj Path", "oneway": true, "lanes": "", "maxspeed": "", "surface": null, "bridge": "", "tunnel": null, "access": "", "length_m": 63.01 }, "geometry": { "type": "LineString", "coordinates": [ [ 376731.686232177133206, 2046508.605561924632639 ], [ 376744.822361664031632, 2046518.723898597992957 ], [ 376753.529825113364495, 2046524.820549133699387 ], [ 376761.889137773774564, 2046529.325878481613472 ], [ 376773.645937533292454, 2046533.499375537736341 ], [ 376787.330987545661628, 2046535.447108986089006 ] ] } },
{ "type": "Feature", "properties": { "road_id": "RN_ROAD_00556", "osm_id": "994827635", "road_class": "residential", "name": "", "oneway": false, "lanes": "", "maxspeed": "", "surface": null, "bridge": "", "tunnel": null, "access": "", "length_m": 43.99 }, "geometry": { "type": "LineString", "coordinates": [ [ 376525.830840975278988, 2046517.142782543553039 ], [ 376505.467447583912872, 2046525.718508136924356 ], [ 376484.678738509770483, 2046532.584229966625571 ] ] } },
{ "type": "Feature", "properties": { "road_id": "RN_ROAD_00557", "osm_id": [ 436818584, 218697354 ], "road_class": "residential", "name": "", "oneway": false, "lanes": "", "maxspeed": "", "surface": null, "bridge": "", "tunnel": null, "access": "", "length_m": 83.46 }, "geometry": { "type": "LineString", "coordinates": [ [ 376525.830840975278988, 2046517.142782543553039 ], [ 376523.98673843202414, 2046524.204102555522695 ], [ 376549.269333331263624, 2046596.047790125012398 ] ] } },
{ "type": "Feature", "properties": { "road_id": "RN_ROAD_00558", "osm_id": "232745954", "road_class": "secondary", "name": "Amrutrao Khilare Path", "oneway": true, "lanes": "3", "maxspeed": "40", "surface": null, "bridge": "", "tunnel": null, "access": "", "length_m": 139.94 }, "geometry": { "type": "LineString", "coordinates": [ [ 376744.759004746563733, 2046660.707583985524252 ], [ 376763.90451149083674, 2046625.447575567988679 ], [ 376765.375566580507439, 2046622.72676640865393 ], [ 376772.686758880794514, 2046605.570659712189808 ], [ 376779.781592624261975, 2046587.60810136469081 ], [ 376787.4996523433947, 2046568.05900634243153 ], [ 376793.856889033981133, 2046551.949331797659397 ], [ 376802.998048249457497, 2046533.685824154177681 ] ] } },
{ "type": "Feature", "properties": { "road_id": "RN_ROAD_00559", "osm_id": "206225442", "road_class": "residential", "name": "Theerthankar Vasupujya Swami Marg", "oneway": false, "lanes": "", "maxspeed": "", "surface": null, "bridge": "", "tunnel": null, "access": "", "length_m": 207.24 }, "geometry": { "type": "LineString", "coordinates": [ [ 376553.900129722664133, 2046599.681361328577623 ], [ 376567.88425003667362, 2046598.828895543701947 ], [ 376761.10611379169859, 2046600.875900593353435 ] ] } },
{ "type": "Feature", "properties": { "road_id": "RN_ROAD_00560", "osm_id": "207872429", "road_class": "secondary", "name": "Amrutrao Khilare Path", "oneway": true, "lanes": "3", "maxspeed": "40", "surface": null, "bridge": "", "tunnel": null, "access": "", "length_m": 61.49 }, "geometry": { "type": "LineString", "coordinates": [ [ 376761.10611379169859, 2046600.875900593353435 ], [ 376754.107069902704097, 2046617.321736574172974 ], [ 376733.811325350485276, 2046655.931282432517037 ] ] } },
{ "type": "Feature", "properties": { "road_id": "RN_ROAD_00561", "osm_id": "206412020", "road_class": "residential", "name": "Shankarrao Joshi Path", "oneway": false, "lanes": "", "maxspeed": "", "surface": null, "bridge": "", "tunnel": null, "access": "", "length_m": 60.01 }, "geometry": { "type": "LineString", "coordinates": [ [ 376627.277801168733276, 2046656.764718654099852 ], [ 376687.248885887151118, 2046658.811095730867237 ] ] } },
{ "type": "Feature", "properties": { "road_id": "RN_ROAD_00562", "osm_id": "1464087875", "road_class": "secondary", "name": "Keshavrao Sadoba Padale Chowk", "oneway": true, "lanes": "", "maxspeed": "", "surface": null, "bridge": "", "tunnel": null, "access": "", "length_m": 5.41 }, "geometry": { "type": "LineString", "coordinates": [ [ 376733.811325350485276, 2046655.931282432517037 ], [ 376731.625630605150945, 2046657.527934610610828 ], [ 376730.119832306052558, 2046659.773111919639632 ] ] } },
{ "type": "Feature", "properties": { "road_id": "RN_ROAD_00563", "osm_id": "206412021", "road_class": "secondary", "name": "Keshavrao Sadoba Padale Chowk", "oneway": true, "lanes": "", "maxspeed": "", "surface": null, "bridge": "", "tunnel": null, "access": "", "length_m": 13.52 }, "geometry": { "type": "LineString", "coordinates": [ [ 376744.759004746563733, 2046660.707583985524252 ], [ 376743.550415005360264, 2046658.302904402138665 ], [ 376741.595688047411386, 2046656.434244422940537 ], [ 376739.118175279407296, 2046655.354688912397251 ], [ 376736.414270880573895, 2046655.184052028227597 ], [ 376733.811325350485276, 2046655.931282432517037 ] ] } },
{ "type": "Feature", "properties": { "road_id": "RN_ROAD_00564", "osm_id": "251878754", "road_class": "tertiary", "name": "Gulwani Maharaj Path", "oneway": true, "lanes": "", "maxspeed": "", "surface": null, "bridge": "", "tunnel": null, "access": "", "length_m": 15.77 }, "geometry": { "type": "LineString", "coordinates": [ [ 376787.330987545661628, 2046535.447108986089006 ], [ 376802.998048249457497, 2046533.685824154177681 ] ] } },
{ "type": "Feature", "properties": { "road_id": "RN_ROAD_00565", "osm_id": "60980800", "road_class": "residential", "name": "", "oneway": false, "lanes": "", "maxspeed": "", "surface": null, "bridge": "", "tunnel": null, "access": "", "length_m": 35.97 }, "geometry": { "type": "LineString", "coordinates": [ [ 376836.799334664246999, 2046545.972443560604006 ], [ 376802.998048249457497, 2046533.685824154177681 ] ] } },
{ "type": "Feature", "properties": { "road_id": "RN_ROAD_00566", "osm_id": "1118566999", "road_class": "residential", "name": "", "oneway": false, "lanes": "", "maxspeed": "", "surface": null, "bridge": "", "tunnel": null, "access": "", "length_m": 88.39 }, "geometry": { "type": "LineString", "coordinates": [ [ 376918.615052369248588, 2046534.963768035173416 ], [ 376840.958572424133308, 2046536.085304285632446 ], [ 376836.799334664246999, 2046545.972443560604006 ] ] } },
{ "type": "Feature", "properties": { "road_id": "RN_ROAD_00567", "osm_id": "208588897", "road_class": "residential", "name": "", "oneway": false, "lanes": "", "maxspeed": "", "surface": null, "bridge": "", "tunnel": null, "access": "", "length_m": 101.71 }, "geometry": { "type": "LineString", "coordinates": [ [ 377005.516687198658474, 2046610.163823483744636 ], [ 377002.469330410764087, 2046528.988611980108544 ], [ 376996.341868282295763, 2046520.208171286387369 ], [ 376988.083544351160526, 2046514.982768226414919 ] ] } },
{ "type": "Feature", "properties": { "road_id": "RN_ROAD_00568", "osm_id": "207872429", "road_class": "secondary", "name": "Amrutrao Khilare Path", "oneway": true, "lanes": "3", "maxspeed": "40", "surface": null, "bridge": "", "tunnel": null, "access": "", "length_m": 70.53 }, "geometry": { "type": "LineString", "coordinates": [ [ 376787.330987545661628, 2046535.447108986089006 ], [ 376781.944071548234206, 2046546.50418419833295 ], [ 376761.10611379169859, 2046600.875900593353435 ] ] } },
{ "type": "Feature", "properties": { "road_id": "RN_ROAD_00569", "osm_id": "208588894", "road_class": "residential", "name": "", "oneway": false, "lanes": "", "maxspeed": "", "surface": null, "bridge": "", "tunnel": null, "access": "", "length_m": 113.0 }, "geometry": { "type": "LineString", "coordinates": [ [ 376975.515733153093606, 2046623.925047870725393 ], [ 376974.957888422068208, 2046537.532503450289369 ], [ 376979.540318571496755, 2046524.49978160741739 ], [ 376988.083544351160526, 2046514.982768226414919 ] ] } },
{ "type": "Feature", "properties": { "road_id": "RN_ROAD_00570", "osm_id": "208588895", "road_class": "residential", "name": "Gangaram Dhanvat Path", "oneway": false, "lanes": "", "maxspeed": "", "surface": null, "bridge": "", "tunnel": null, "access": "", "length_m": 85.39 }, "geometry": { "type": "LineString", "coordinates": [ [ 376918.615052369248588, 2046534.963768035173416 ], [ 376922.650154747418128, 2046620.260413163574412 ] ] } },
{ "type": "Feature", "properties": { "road_id": "RN_ROAD_00571", "osm_id": "60980800", "road_class": "residential", "name": "", "oneway": false, "lanes": "", "maxspeed": "", "surface": null, "bridge": "", "tunnel": null, "access": "", "length_m": 114.22 }, "geometry": { "type": "LineString", "coordinates": [ [ 376836.799334664246999, 2046545.972443560604006 ], [ 376843.475192997779232, 2046549.747233614791185 ], [ 376894.390322049264796, 2046588.11774331680499 ], [ 376903.101183257007506, 2046598.02131164399907 ], [ 376922.650154747418128, 2046620.260413163574412 ] ] } },
{ "type": "Feature", "properties": { "road_id": "RN_ROAD_00572", "osm_id": "1118552268", "road_class": "residential", "name": "", "oneway": false, "lanes": "", "maxspeed": "", "surface": null, "bridge": "", "tunnel": null, "access": "", "length_m": 30.23 }, "geometry": { "type": "LineString", "coordinates": [ [ 377035.586531288921833, 2046607.070306359324604 ], [ 377005.516687198658474, 2046610.163823483744636 ] ] } },
{ "type": "Feature", "properties": { "road_id": "RN_ROAD_00573", "osm_id": "208588897", "road_class": "residential", "name": "", "oneway": false, "lanes": "", "maxspeed": "", "surface": null, "bridge": "", "tunnel": null, "access": "", "length_m": 48.66 }, "geometry": { "type": "LineString", "coordinates": [ [ 377005.516687198658474, 2046610.163823483744636 ], [ 377007.340363277297001, 2046658.789304712088779 ] ] } },
{ "type": "Feature", "properties": { "road_id": "RN_ROAD_00574", "osm_id": "206412020", "road_class": "residential", "name": "Shankarrao Joshi Path", "oneway": false, "lanes": "", "maxspeed": "", "surface": null, "bridge": "", "tunnel": null, "access": "", "length_m": 42.88 }, "geometry": { "type": "LineString", "coordinates": [ [ 376730.119832306052558, 2046659.773111919639632 ], [ 376687.248885887151118, 2046658.811095730867237 ] ] } },
{ "type": "Feature", "properties": { "road_id": "RN_ROAD_00575", "osm_id": "1464087875", "road_class": "secondary", "name": "Keshavrao Sadoba Padale Chowk", "oneway": true, "lanes": "", "maxspeed": "", "surface": null, "bridge": "", "tunnel": null, "access": "", "length_m": 5.38 }, "geometry": { "type": "LineString", "coordinates": [ [ 376730.119832306052558, 2046659.773111919639632 ], [ 376729.482173016062006, 2046662.38893352705054 ], [ 376729.773991830123123, 2046665.065140231745318 ] ] } },
{ "type": "Feature", "properties": { "road_id": "RN_ROAD_00576", "osm_id": "206412021", "road_class": "secondary", "name": "Keshavrao Sadoba Padale Chowk", "oneway": true, "lanes": "", "maxspeed": "", "surface": null, "bridge": "", "tunnel": null, "access": "", "length_m": 5.4 }, "geometry": { "type": "LineString", "coordinates": [ [ 376744.40267448418308, 2046666.010746145388111 ], [ 376745.050893000559881, 2046663.394856840604916 ], [ 376744.759004746563733, 2046660.707583985524252 ] ] } },
{ "type": "Feature", "properties": { "road_id": "RN_ROAD_00577", "osm_id": "206412020", "road_class": "residential", "name": "Shankarrao Joshi Path", "oneway": false, "lanes": "", "maxspeed": "", "surface": null, "bridge": "", "tunnel": null, "access": "", "length_m": 0.58 }, "geometry": { "type": "LineString", "coordinates": [ [ 376627.277801168733276, 2046656.764718654099852 ], [ 376626.699535613472108, 2046656.804000090807676 ] ] } },
{ "type": "Feature", "properties": { "road_id": "RN_ROAD_00578", "osm_id": "206412021", "road_class": "secondary", "name": "Keshavrao Sadoba Padale Chowk", "oneway": true, "lanes": "", "maxspeed": "", "surface": null, "bridge": "", "tunnel": null, "access": "", "length_m": 13.52 }, "geometry": { "type": "LineString", "coordinates": [ [ 376729.773991830123123, 2046665.065140231745318 ], [ 376730.972025632450823, 2046667.469887340907007 ], [ 376732.937310011824593, 2046669.338477936806157 ], [ 376735.414821420330554, 2046670.418032573536038 ], [ 376738.118723685620353, 2046670.588669194141403 ], [ 376740.721667303820141, 2046669.841439260402694 ] ] } },
{ "type": "Feature", "properties": { "road_id": "RN_ROAD_00579", "osm_id": "206412021", "road_class": "secondary", "name": "Keshavrao Sadoba Padale Chowk", "oneway": true, "lanes": "", "maxspeed": "", "surface": null, "bridge": "", "tunnel": null, "access": "", "length_m": 5.4 }, "geometry": { "type": "LineString", "coordinates": [ [ 376740.721667303820141, 2046669.841439260402694 ], [ 376742.907361258286983, 2046668.24478806881234 ], [ 376744.40267448418308, 2046666.010746145388111 ] ] } },
{ "type": "Feature", "properties": { "road_id": "RN_ROAD_00580", "osm_id": "206225419", "road_class": "residential", "name": "", "oneway": false, "lanes": "", "maxspeed": "", "surface": null, "bridge": "", "tunnel": null, "access": "", "length_m": 0.4 }, "geometry": { "type": "LineString", "coordinates": [ [ 376627.10411161230877, 2046657.121455582557246 ], [ 376627.277801168733276, 2046656.764718654099852 ] ] } },
{ "type": "Feature", "properties": { "road_id": "RN_ROAD_00581", "osm_id": "206225423", "road_class": "residential", "name": "", "oneway": false, "lanes": "", "maxspeed": "", "surface": null, "bridge": "", "tunnel": null, "access": "", "length_m": 36.77 }, "geometry": { "type": "LineString", "coordinates": [ [ 376671.742277599987574, 2046692.147451386088505 ], [ 376687.248885887151118, 2046658.811095730867237 ] ] } },
{ "type": "Feature", "properties": { "road_id": "RN_ROAD_00582", "osm_id": "1464087873", "road_class": "secondary", "name": "Amrutrao Khilare Path", "oneway": true, "lanes": "3", "maxspeed": "40", "surface": null, "bridge": "", "tunnel": null, "access": "", "length_m": 58.77 }, "geometry": { "type": "LineString", "coordinates": [ [ 376729.773991830123123, 2046665.065140231745318 ], [ 376705.358161066076718, 2046718.52480013971217 ] ] } },
{ "type": "Feature", "properties": { "road_id": "RN_ROAD_00583", "osm_id": "206412016", "road_class": "secondary", "name": "Amrutrao Khilare Path", "oneway": true, "lanes": "3", "maxspeed": "40", "surface": null, "bridge": "", "tunnel": null, "access": "", "length_m": 61.85 }, "geometry": { "type": "LineString", "coordinates": [ [ 376714.983404903730843, 2046726.077456298284233 ], [ 376740.721667303820141, 2046669.841439260402694 ] ] } },
{ "type": "Feature", "properties": { "road_id": "RN_ROAD_00584", "osm_id": [ 243921288, 1433567149 ], "road_class": "residential", "name": "Gangaram Dhanvat Path", "oneway": false, "lanes": "", "maxspeed": "", "surface": null, "bridge": "", "tunnel": null, "access": "", "length_m": 150.95 }, "geometry": { "type": "LineString", "coordinates": [ [ 376922.650154747418128, 2046620.260413163574412 ], [ 376925.309088033041917, 2046623.275457640876994 ], [ 376974.358046608744189, 2046680.083936054958031 ], [ 377023.652205509890337, 2046732.397944262484089 ] ] } },
{ "type": "Feature", "properties": { "road_id": "RN_ROAD_00585", "osm_id": "669073284", "road_class": "residential", "name": "Patil Regency Internal Road", "oneway": false, "lanes": "", "maxspeed": "", "surface": null, "bridge": "", "tunnel": null, "access": "", "length_m": 84.39 }, "geometry": { "type": "LineString", "coordinates": [ [ 377089.903590656991582, 2046691.710494731552899 ], [ 377043.468892305798363, 2046735.634251545183361 ], [ 377038.722956042620353, 2046736.417404369916767 ], [ 377033.767288505972829, 2046735.785400498425588 ], [ 377023.652205509890337, 2046732.397944262484089 ] ] } },
{ "type": "Feature", "properties": { "road_id": "RN_ROAD_00586", "osm_id": "51874380", "road_class": "tertiary", "name": "Kashibai Amrutrao Khilare Path", "oneway": false, "lanes": "", "maxspeed": "", "surface": null, "bridge": "", "tunnel": null, "access": "", "length_m": 269.46 }, "geometry": { "type": "LineString", "coordinates": [ [ 376744.40267448418308, 2046666.010746145388111 ], [ 376857.41928936552722, 2046707.753159924410284 ], [ 376867.464623673353344, 2046713.409614536445588 ], [ 376870.304431633325294, 2046715.006969934795052 ], [ 376889.007062542252243, 2046725.554211211390793 ], [ 376895.068164351687301, 2046728.967793348245323 ], [ 376937.760890467790887, 2046753.038270783144981 ], [ 376953.411647177883424, 2046761.856778145767748 ], [ 376975.854630053858273, 2046774.504708975320682 ], [ 376987.203297627915163, 2046780.905327937798575 ] ] } },
{ "type": "Feature", "properties": { "road_id": "RN_ROAD_00587", "osm_id": "243921288", "road_class": "residential", "name": "Gangaram Dhanvat Path", "oneway": false, "lanes": "", "maxspeed": "", "surface": null, "bridge": "", "tunnel": null, "access": "", "length_m": 60.68 }, "geometry": { "type": "LineString", "coordinates": [ [ 376987.203297627915163, 2046780.905327937798575 ], [ 377023.652205509890337, 2046732.397944262484089 ] ] } },
{ "type": "Feature", "properties": { "road_id": "RN_ROAD_00588", "osm_id": "669073283", "road_class": "residential", "name": "", "oneway": false, "lanes": "", "maxspeed": "", "surface": null, "bridge": "", "tunnel": null, "access": "", "length_m": 81.15 }, "geometry": { "type": "LineString", "coordinates": [ [ 377058.492445117153693, 2046832.136744145536795 ], [ 377114.927252694731578, 2046773.817388543160632 ] ] } },
{ "type": "Feature", "properties": { "road_id": "RN_ROAD_00589", "osm_id": "51874380", "road_class": "tertiary", "name": "Kashibai Amrutrao Khilare Path", "oneway": false, "lanes": "", "maxspeed": "", "surface": null, "bridge": "", "tunnel": null, "access": "", "length_m": 87.79 }, "geometry": { "type": "LineString", "coordinates": [ [ 377058.492445117153693, 2046832.136744145536795 ], [ 377031.126627606339753, 2046812.471140074543655 ], [ 377027.870328851917293, 2046810.134995485888794 ], [ 376987.203297627915163, 2046780.905327937798575 ] ] } },
{ "type": "Feature", "properties": { "road_id": "RN_ROAD_00590", "osm_id": "51874380", "road_class": "tertiary", "name": "Kashibai Amrutrao Khilare Path", "oneway": false, "lanes": "", "maxspeed": "", "surface": null, "bridge": "", "tunnel": null, "access": "", "length_m": 11.81 }, "geometry": { "type": "LineString", "coordinates": [ [ 377058.492445117153693, 2046832.136744145536795 ], [ 377068.08105703786714, 2046839.024625760735944 ] ] } },
{ "type": "Feature", "properties": { "road_id": "RN_ROAD_00591", "osm_id": "263825732", "road_class": "residential", "name": "", "oneway": false, "lanes": "", "maxspeed": "", "surface": null, "bridge": "", "tunnel": null, "access": "", "length_m": 15.25 }, "geometry": { "type": "LineString", "coordinates": [ [ 377155.386163430288434, 2046839.568087123567238 ], [ 377168.960786337964237, 2046832.619330094428733 ] ] } },
{ "type": "Feature", "properties": { "road_id": "RN_ROAD_00592", "osm_id": "263825722", "road_class": "residential", "name": "", "oneway": false, "lanes": "", "maxspeed": "", "surface": null, "bridge": "", "tunnel": null, "access": "", "length_m": 64.25 }, "geometry": { "type": "LineString", "coordinates": [ [ 377087.684405307867564, 2046853.395243654027581 ], [ 377143.444852773915045, 2046821.473911461886019 ] ] } },
{ "type": "Feature", "properties": { "road_id": "RN_ROAD_00593", "osm_id": "207872430", "road_class": "residential", "name": "", "oneway": false, "lanes": "", "maxspeed": "", "surface": null, "bridge": "", "tunnel": null, "access": "", "length_m": 124.95 }, "geometry": { "type": "LineString", "coordinates": [ [ 376987.203297627915163, 2046780.905327937798575 ], [ 376938.63477445411263, 2046845.825239157071337 ], [ 376912.358174169959966, 2046880.954170207958668 ] ] } },
{ "type": "Feature", "properties": { "road_id": "RN_ROAD_00594", "osm_id": "220562865", "road_class": "tertiary", "name": "Baburao Phule Path", "oneway": false, "lanes": "", "maxspeed": "", "surface": null, "bridge": "", "tunnel": null, "access": "", "length_m": 28.69 }, "geometry": { "type": "LineString", "coordinates": [ [ 378248.320309522096068, 2046770.494819557992741 ], [ 378253.121033371251542, 2046742.207643765490502 ] ] } },
{ "type": "Feature", "properties": { "road_id": "RN_ROAD_00595", "osm_id": "1118587036", "road_class": "residential", "name": "", "oneway": false, "lanes": "", "maxspeed": "", "surface": null, "bridge": "", "tunnel": null, "access": "", "length_m": 16.15 }, "geometry": { "type": "LineString", "coordinates": [ [ 378218.843638646183535, 2046780.738788325106725 ], [ 378234.808005676197354, 2046783.192036412190646 ] ] } },
{ "type": "Feature", "properties": { "road_id": "RN_ROAD_00596", "osm_id": "210718029", "road_class": "residential", "name": "", "oneway": false, "lanes": "", "maxspeed": "", "surface": null, "bridge": "", "tunnel": null, "access": "", "length_m": 134.57 }, "geometry": { "type": "LineString", "coordinates": [ [ 377990.071794494637288, 2046723.472875618375838 ], [ 377985.804592264757957, 2046723.179277241928503 ], [ 377855.775609365606215, 2046714.949061414925382 ] ] } },
{ "type": "Feature", "properties": { "road_id": "RN_ROAD_00597", "osm_id": "1112436734", "road_class": "residential", "name": "Vishwanath Mahadev Phule Path", "oneway": false, "lanes": "", "maxspeed": "", "surface": null, "bridge": "", "tunnel": null, "access": "", "length_m": 13.13 }, "geometry": { "type": "LineString", "coordinates": [ [ 377990.071794494637288, 2046723.472875618375838 ], [ 378002.3200942161493, 2046718.735457492759451 ] ] } },
{ "type": "Feature", "properties": { "road_id": "RN_ROAD_00598", "osm_id": "1160401290", "road_class": "primary", "name": "Lalbahadur Shashtri Marg", "oneway": true, "lanes": "2", "maxspeed": "", "surface": null, "bridge": "", "tunnel": null, "access": "", "length_m": 95.89 }, "geometry": { "type": "LineString", "coordinates": [ [ 377979.774512360745575, 2046811.937725662253797 ], [ 377981.543508008937351, 2046804.611463279696181 ], [ 377988.846308712789323, 2046774.452846538973972 ], [ 377999.501944767660461, 2046730.395421167602763 ], [ 378002.3200942161493, 2046718.735457492759451 ] ] } },
{ "type": "Feature", "properties": { "road_id": "RN_ROAD_00599", "osm_id": "199637809", "road_class": "primary", "name": "Lalbahadur Shashtri Marg", "oneway": true, "lanes": "2", "maxspeed": "", "surface": null, "bridge": "", "tunnel": null, "access": "", "length_m": 87.97 }, "geometry": { "type": "LineString", "coordinates": [ [ 377990.071794494637288, 2046723.472875618375838 ], [ 377988.909365651372354, 2046728.249965093564242 ], [ 377971.094515357981436, 2046801.801112002460286 ], [ 377969.356202673108783, 2046808.972248546546325 ] ] } },
{ "type": "Feature", "properties": { "road_id": "RN_ROAD_00600", "osm_id": "279548176", "road_class": "residential", "name": "", "oneway": false, "lanes": "", "maxspeed": "", "surface": null, "bridge": "", "tunnel": null, "access": "", "length_m": 117.67 }, "geometry": { "type": "LineString", "coordinates": [ [ 377969.356202673108783, 2046808.972248546546325 ], [ 377962.211421834712382, 2046807.756440351018682 ], [ 377915.558962284238078, 2046799.82190622901544 ], [ 377880.436912387725897, 2046793.761264995671809 ], [ 377853.389383287110832, 2046789.021155819296837 ] ] } },
{ "type": "Feature", "properties": { "road_id": "RN_ROAD_00601", "osm_id": "210718041", "road_class": "residential", "name": "Sharad Pandit Path", "oneway": false, "lanes": "", "maxspeed": "", "surface": null, "bridge": "", "tunnel": null, "access": "", "length_m": 10.83 }, "geometry": { "type": "LineString", "coordinates": [ [ 377969.356202673108783, 2046808.972248546546325 ], [ 377979.774512360745575, 2046811.937725662253797 ] ] } },
{ "type": "Feature", "properties": { "road_id": "RN_ROAD_00602", "osm_id": "1160401290", "road_class": "primary", "name": "Lalbahadur Shashtri Marg", "oneway": true, "lanes": "2", "maxspeed": "", "surface": null, "bridge": "", "tunnel": null, "access": "", "length_m": 67.62 }, "geometry": { "type": "LineString", "coordinates": [ [ 377955.706491286808159, 2046875.10434592072852 ], [ 377975.624768738343846, 2046825.033798579592258 ], [ 377977.404747825639788, 2046819.422766928095371 ], [ 377979.774512360745575, 2046811.937725662253797 ] ] } },
{ "type": "Feature", "properties": { "road_id": "RN_ROAD_00603", "osm_id": "199637809", "road_class": "primary", "name": "Lalbahadur Shashtri Marg", "oneway": true, "lanes": "2", "maxspeed": "", "surface": null, "bridge": "", "tunnel": null, "access": "", "length_m": 113.09 }, "geometry": { "type": "LineString", "coordinates": [ [ 377969.356202673108783, 2046808.972248546546325 ], [ 377967.006776426103897, 2046816.335429943865165 ], [ 377965.423276039771736, 2046821.303349220426753 ], [ 377945.692072104662657, 2046870.907918379409239 ], [ 377940.784162665833719, 2046884.307654226664454 ], [ 377930.857643724884838, 2046915.246699063805863 ] ] } },
{ "type": "Feature", "properties": { "road_id": "RN_ROAD_00604", "osm_id": "279548153", "road_class": "residential", "name": "Ashok Balkavade Path", "oneway": false, "lanes": "", "maxspeed": "", "surface": null, "bridge": "", "tunnel": null, "access": "", "length_m": 58.25 }, "geometry": { "type": "LineString", "coordinates": [ [ 377930.857643724884838, 2046915.246699063805863 ], [ 377924.982669291552156, 2046914.476495218696073 ], [ 377873.10124255286064, 2046907.693302877945825 ] ] } },
{ "type": "Feature", "properties": { "road_id": "RN_ROAD_00605", "osm_id": "1160401290", "road_class": "primary", "name": "Lalbahadur Shashtri Marg", "oneway": true, "lanes": "2", "maxspeed": "", "surface": null, "bridge": "", "tunnel": null, "access": "", "length_m": 62.3 }, "geometry": { "type": "LineString", "coordinates": [ [ 377936.487642014282756, 2046934.366643416462466 ], [ 377937.265372284688056, 2046931.606140786549076 ], [ 377955.706491286808159, 2046875.10434592072852 ] ] } },
{ "type": "Feature", "properties": { "road_id": "RN_ROAD_00606", "osm_id": "210718041", "road_class": "residential", "name": "Sharad Pandit Path", "oneway": false, "lanes": "", "maxspeed": "", "surface": null, "bridge": "", "tunnel": null, "access": "", "length_m": 196.61 }, "geometry": { "type": "LineString", "coordinates": [ [ 378174.018853814224713, 2046840.314617218915373 ], [ 378166.156542324344628, 2046839.506550295511261 ], [ 378106.469799879472703, 2046827.283672563964501 ], [ 378089.58709548425395, 2046823.828305316157639 ], [ 378052.531697738042567, 2046820.845135053619742 ], [ 378014.557307820534334, 2046817.790455468231812 ], [ 377987.468762958480511, 2046813.227486282819882 ], [ 377979.774512360745575, 2046811.937725662253797 ] ] } },
{ "type": "Feature", "properties": { "road_id": "RN_ROAD_00607", "osm_id": "106359879", "road_class": "residential", "name": "Tukaram Buaa Navle Path", "oneway": false, "lanes": "", "maxspeed": "", "surface": null, "bridge": "", "tunnel": null, "access": "", "length_m": 162.44 }, "geometry": { "type": "LineString", "coordinates": [ [ 378116.922284810512792, 2046893.967847832245752 ], [ 378107.208387444319669, 2046893.212906389730051 ], [ 378060.699972657777835, 2046889.593031484866515 ], [ 377979.375841977482196, 2046879.910495407413691 ], [ 377961.520755660778377, 2046876.284407999133691 ], [ 377955.706491286808159, 2046875.10434592072852 ] ] } },
{ "type": "Feature", "properties": { "road_id": "RN_ROAD_00608", "osm_id": [ 199637809, 1160401289 ], "road_class": "primary", "name": "Lalbahadur Shashtri Marg", "oneway": true, "lanes": "2", "maxspeed": "", "surface": null, "bridge": "", "tunnel": null, "access": "", "length_m": 19.76 }, "geometry": { "type": "LineString", "coordinates": [ [ 377930.857643724884838, 2046915.246699063805863 ], [ 377926.953337760118302, 2046930.388510880293325 ], [ 377926.141402155859396, 2046934.43294327496551 ] ] } },
{ "type": "Feature", "properties": { "road_id": "RN_ROAD_00609", "osm_id": "245590256", "road_class": "residential", "name": "", "oneway": false, "lanes": "", "maxspeed": "", "surface": null, "bridge": "", "tunnel": null, "access": "", "length_m": 102.89 }, "geometry": { "type": "LineString", "coordinates": [ [ 377414.307482969015837, 2046677.834577514091507 ], [ 377361.092069997452199, 2046678.818916183663532 ], [ 377357.836149819660932, 2046676.538046653615311 ], [ 377354.584104052046314, 2046671.57906346488744 ], [ 377353.789724568719976, 2046631.822299521882087 ] ] } },
{ "type": "Feature", "properties": { "road_id": "RN_ROAD_00610", "osm_id": "51874380", "road_class": "tertiary", "name": "Kashibai Amrutrao Khilare Path", "oneway": false, "lanes": "", "maxspeed": "", "surface": null, "bridge": "", "tunnel": null, "access": "", "length_m": 3.26 }, "geometry": { "type": "LineString", "coordinates": [ [ 377173.395976209256332, 2046921.189079370116815 ], [ 377175.856803123722784, 2046923.332439037039876 ] ] } },
{ "type": "Feature", "properties": { "road_id": "RN_ROAD_00611", "osm_id": "51874380", "road_class": "tertiary", "name": "Kashibai Amrutrao Khilare Path", "oneway": false, "lanes": "", "maxspeed": "", "surface": null, "bridge": "", "tunnel": null, "access": "", "length_m": 24.31 }, "geometry": { "type": "LineString", "coordinates": [ [ 377087.684405307867564, 2046853.395243654027581 ], [ 377068.08105703786714, 2046839.024625760735944 ] ] } },
{ "type": "Feature", "properties": { "road_id": "RN_ROAD_00612", "osm_id": "263825732", "road_class": "residential", "name": "", "oneway": false, "lanes": "", "maxspeed": "", "surface": null, "bridge": "", "tunnel": null, "access": "", "length_m": 58.09 }, "geometry": { "type": "LineString", "coordinates": [ [ 377103.687052683671936, 2046866.051669103559107 ], [ 377155.386163430288434, 2046839.568087123567238 ] ] } },
{ "type": "Feature", "properties": { "road_id": "RN_ROAD_00613", "osm_id": "51874380", "road_class": "tertiary", "name": "Kashibai Amrutrao Khilare Path", "oneway": false, "lanes": "", "maxspeed": "", "surface": null, "bridge": "", "tunnel": null, "access": "", "length_m": 20.4 }, "geometry": { "type": "LineString", "coordinates": [ [ 377103.687052683671936, 2046866.051669103559107 ], [ 377087.684405307867564, 2046853.395243654027581 ] ] } },
{ "type": "Feature", "properties": { "road_id": "RN_ROAD_00614", "osm_id": "172743112", "road_class": "residential", "name": "Major K. G. Pawar Path", "oneway": false, "lanes": "", "maxspeed": "", "surface": null, "bridge": "", "tunnel": null, "access": "", "length_m": 80.84 }, "geometry": { "type": "LineString", "coordinates": [ [ 377014.150457016774453, 2046899.242482173489407 ], [ 377031.162900848081335, 2046880.242141783237457 ], [ 377045.209033644525334, 2046864.569847448030487 ], [ 377068.08105703786714, 2046839.024625760735944 ] ] } },
{ "type": "Feature", "properties": { "road_id": "RN_ROAD_00615", "osm_id": "263825733", "road_class": "residential", "name": "", "oneway": false, "lanes": "", "maxspeed": "", "surface": null, "bridge": "", "tunnel": null, "access": "", "length_m": 69.05 }, "geometry": { "type": "LineString", "coordinates": [ [ 377176.660340522939805, 2046905.1326822580304 ], [ 377166.286795802880079, 2046866.555373654235154 ], [ 377155.386163430288434, 2046839.568087123567238 ] ] } },
{ "type": "Feature", "properties": { "road_id": "RN_ROAD_00616", "osm_id": "51874380", "road_class": "tertiary", "name": "Kashibai Amrutrao Khilare Path", "oneway": false, "lanes": "", "maxspeed": "", "surface": null, "bridge": "", "tunnel": null, "access": "", "length_m": 26.67 }, "geometry": { "type": "LineString", "coordinates": [ [ 377124.602946942322887, 2046882.593953724019229 ], [ 377103.687052683671936, 2046866.051669103559107 ] ] } },
{ "type": "Feature", "properties": { "road_id": "RN_ROAD_00617", "osm_id": "1118558654", "road_class": "residential", "name": "", "oneway": false, "lanes": "", "maxspeed": "", "surface": null, "bridge": "", "tunnel": null, "access": "", "length_m": 32.12 }, "geometry": { "type": "LineString", "coordinates": [ [ 377014.150457016774453, 2046899.242482173489407 ], [ 376988.696113170590252, 2046879.653132486157119 ] ] } },
{ "type": "Feature", "properties": { "road_id": "RN_ROAD_00618", "osm_id": "51874380", "road_class": "tertiary", "name": "Kashibai Amrutrao Khilare Path", "oneway": false, "lanes": "", "maxspeed": "", "surface": null, "bridge": "", "tunnel": null, "access": "", "length_m": 62.21 }, "geometry": { "type": "LineString", "coordinates": [ [ 377124.602946942322887, 2046882.593953724019229 ], [ 377173.395976209256332, 2046921.189079370116815 ] ] } },
{ "type": "Feature", "properties": { "road_id": "RN_ROAD_00619", "osm_id": "172743112", "road_class": "residential", "name": "Major K. G. Pawar Path", "oneway": false, "lanes": "", "maxspeed": "", "surface": null, "bridge": "", "tunnel": null, "access": "", "length_m": 3.63 }, "geometry": { "type": "LineString", "coordinates": [ [ 377014.150457016774453, 2046899.242482173489407 ], [ 377011.726877888431773, 2046901.948812622809783 ] ] } },
{ "type": "Feature", "properties": { "road_id": "RN_ROAD_00620", "osm_id": "436818579", "road_class": "residential", "name": "", "oneway": false, "lanes": "", "maxspeed": "", "surface": null, "bridge": "", "tunnel": null, "access": "", "length_m": 40.54 }, "geometry": { "type": "LineString", "coordinates": [ [ 377124.602946942322887, 2046882.593953724019229 ], [ 377097.997495768591762, 2046913.188377483049408 ] ] } },
{ "type": "Feature", "properties": { "road_id": "RN_ROAD_00621", "osm_id": "198439341", "road_class": "residential", "name": "Dhondumama Sathe Path", "oneway": false, "lanes": "", "maxspeed": "", "surface": null, "bridge": "", "tunnel": null, "access": "", "length_m": 2.16 }, "geometry": { "type": "LineString", "coordinates": [ [ 377171.993376293743495, 2046922.829076741356403 ], [ 377173.395976209256332, 2046921.189079370116815 ] ] } },
{ "type": "Feature", "properties": { "road_id": "RN_ROAD_00622", "osm_id": [ 229849152, 210718049 ], "road_class": "residential", "name": "Sant Tukaram Maharaj Road", "oneway": false, "lanes": "", "maxspeed": "", "surface": null, "bridge": "", "tunnel": null, "access": "", "length_m": 265.58 }, "geometry": { "type": "LineString", "coordinates": [ [ 377666.38783106819028, 2046556.629965787986293 ], [ 377666.626959310553502, 2046584.006881391163915 ], [ 377666.983097638585605, 2046624.673879488371313 ], [ 377668.492367666854989, 2046775.865409656660631 ], [ 377714.829951788298786, 2046775.833510478725657 ] ] } },
{ "type": "Feature", "properties": { "road_id": "RN_ROAD_00623", "osm_id": "210718049", "road_class": "residential", "name": "", "oneway": false, "lanes": "", "maxspeed": "", "surface": null, "bridge": "", "tunnel": null, "access": "", "length_m": 46.43 }, "geometry": { "type": "LineString", "coordinates": [ [ 377714.829951788298786, 2046775.833510478725657 ], [ 377761.248885298264213, 2046776.963181359693408 ] ] } },
{ "type": "Feature", "properties": { "road_id": "RN_ROAD_00624", "osm_id": "1187542550", "road_class": "residential", "name": "Dattatrey Malvadkar Path", "oneway": false, "lanes": "", "maxspeed": "", "surface": null, "bridge": "", "tunnel": null, "access": "", "length_m": 15.36 }, "geometry": { "type": "LineString", "coordinates": [ [ 377825.56928449193947, 2046668.752118225442246 ], [ 377825.65026187361218, 2046653.391343050869182 ] ] } },
{ "type": "Feature", "properties": { "road_id": "RN_ROAD_00625", "osm_id": [ 1187542549, 229849142 ], "road_class": "residential", "name": "Bala Raut Path", "oneway": false, "lanes": "", "maxspeed": "", "surface": null, "bridge": "", "tunnel": null, "access": "", "length_m": 169.33 }, "geometry": { "type": "LineString", "coordinates": [ [ 377764.343479387520347, 2046607.659542893292382 ], [ 377762.172181432426441, 2046713.535317244939506 ], [ 377761.248885298264213, 2046776.963181359693408 ] ] } },
{ "type": "Feature", "properties": { "road_id": "RN_ROAD_00626", "osm_id": "210718029", "road_class": "residential", "name": "", "oneway": false, "lanes": "", "maxspeed": "", "surface": null, "bridge": "", "tunnel": null, "access": "", "length_m": 29.77 }, "geometry": { "type": "LineString", "coordinates": [ [ 377826.035881165298633, 2046713.524051886517555 ], [ 377855.775609365606215, 2046714.949061414925382 ] ] } },
{ "type": "Feature", "properties": { "road_id": "RN_ROAD_00627", "osm_id": "210718019", "road_class": "residential", "name": "", "oneway": false, "lanes": "", "maxspeed": "", "surface": null, "bridge": "", "tunnel": null, "access": "", "length_m": 74.11 }, "geometry": { "type": "LineString", "coordinates": [ [ 377855.775609365606215, 2046714.949061414925382 ], [ 377853.511784163187258, 2046785.058575798058882 ], [ 377853.389383287110832, 2046789.021155819296837 ] ] } },
{ "type": "Feature", "properties": { "road_id": "RN_ROAD_00628", "osm_id": "279548176", "road_class": "residential", "name": "", "oneway": false, "lanes": "", "maxspeed": "", "surface": null, "bridge": "", "tunnel": null, "access": "", "length_m": 92.94 }, "geometry": { "type": "LineString", "coordinates": [ [ 377853.389383287110832, 2046789.021155819296837 ], [ 377839.649401768343523, 2046786.685701185138896 ], [ 377761.248885298264213, 2046776.963181359693408 ] ] } },
{ "type": "Feature", "properties": { "road_id": "RN_ROAD_00629", "osm_id": "229849149", "road_class": "residential", "name": "Nanasaheb Kale Path", "oneway": false, "lanes": "", "maxspeed": "", "surface": null, "bridge": "", "tunnel": null, "access": "", "length_m": 158.77 }, "geometry": { "type": "LineString", "coordinates": [ [ 377767.985606937843841, 2046935.447122857207432 ], [ 377767.94330798718147, 2046854.429787704721093 ], [ 377761.248885298264213, 2046776.963181359693408 ] ] } },
{ "type": "Feature", "properties": { "road_id": "RN_ROAD_00630", "osm_id": "279548165", "road_class": "residential", "name": "", "oneway": false, "lanes": "", "maxspeed": "", "surface": null, "bridge": "", "tunnel": null, "access": "", "length_m": 36.18 }, "geometry": { "type": "LineString", "coordinates": [ [ 377873.10124255286064, 2046907.693302877945825 ], [ 377876.639457221142948, 2046871.682467608014122 ] ] } },
{ "type": "Feature", "properties": { "road_id": "RN_ROAD_00631", "osm_id": "279548153", "road_class": "residential", "name": "Ashok Balkavade Path", "oneway": false, "lanes": "", "maxspeed": "", "surface": null, "bridge": "", "tunnel": null, "access": "", "length_m": 44.39 }, "geometry": { "type": "LineString", "coordinates": [ [ 377829.062368502956815, 2046902.287525194697082 ], [ 377833.846199571387842, 2046902.478174697840586 ], [ 377873.10124255286064, 2046907.693302877945825 ] ] } },
{ "type": "Feature", "properties": { "road_id": "RN_ROAD_00632", "osm_id": "279548153", "road_class": "residential", "name": "Ashok Balkavade Path", "oneway": false, "lanes": "", "maxspeed": "", "surface": null, "bridge": "", "tunnel": null, "access": "", "length_m": 56.4 }, "geometry": { "type": "LineString", "coordinates": [ [ 377829.062368502956815, 2046902.287525194697082 ], [ 377808.691424053395167, 2046901.466466075740755 ], [ 377805.798273373453412, 2046903.056462983367965 ], [ 377803.784939610166475, 2046906.843044152716175 ], [ 377802.370764874562155, 2046935.226515099406242 ] ] } },
{ "type": "Feature", "properties": { "road_id": "RN_ROAD_00633", "osm_id": "1118592268", "road_class": "residential", "name": "", "oneway": false, "lanes": "", "maxspeed": "", "surface": null, "bridge": "", "tunnel": null, "access": "", "length_m": 32.94 }, "geometry": { "type": "LineString", "coordinates": [ [ 377829.062368502956815, 2046902.287525194697082 ], [ 377825.877910289273132, 2046935.075734050944448 ] ] } },
{ "type": "Feature", "properties": { "road_id": "RN_ROAD_00634", "osm_id": "206225422", "road_class": "residential", "name": "", "oneway": false, "lanes": "", "maxspeed": "", "surface": null, "bridge": "", "tunnel": null, "access": "", "length_m": 37.78 }, "geometry": { "type": "LineString", "coordinates": [ [ 377462.42664950247854, 2046542.735298249637708 ], [ 377500.197792419814505, 2046541.983356359181926 ] ] } },
{ "type": "Feature", "properties": { "road_id": "RN_ROAD_00635", "osm_id": [ 817794776, 858058557, 858058558 ], "road_class": "tertiary", "name": "Riverside Road", "oneway": false, "lanes": "", "maxspeed": "", "surface": null, "bridge": "yes", "tunnel": null, "access": "", "length_m": 408.79 }, "geometry": { "type": "LineString", "coordinates": [ [ 377388.26685083261691, 2046937.887444509658962 ], [ 377228.291744843998458, 2046774.768584319390357 ], [ 377213.208816521335393, 2046757.380736482096836 ], [ 377206.240789991861675, 2046747.565404797671363 ], [ 377136.624334931140766, 2046620.07452573440969 ] ] } }
]
}
